S00B00003030302E7372656389
S31500000000384E0020015D0000395B0000FD5C0000F9
S31500000010FD5C0000FD5C0000FD5C0000FD5C000076
S31500000020000000000000000000000000FD5C000071
S31500000030FD5C000000000000FD5C0000FD5C0000AF
S31500000040294E0000FD570000A55800005559000034
S31500000050294E0000E54200005542000075430000AD
S31500000060C1430000253A0000B53A0000913B00006C
S31500000070613C00000348044B834202D0034B03B1AA
S3150000008018477047C8020020C80200200000000080
S31500000090064B0749C91A891048BF0131491003D0D8
S315000000A0044B0BB101481847704700BFC802002037
S315000000B0C80200200000000010B5064C237843B9A2
S315000000C0FFF7D8FF044B13B10448AFF300800123B8
S315000000D0237010BDE802002000000000A0A300006D
S315000000E008B5054B1BB105490548AFF30080BDE8CF
S315000000F00840FFF7CDBF00BF00000000EC02002063
S31500000100A0A30000082010B503F0A8F84FF00332B2
S3150000011040F20110044B054C0549C3E90022DC609E
S315000001209A60A1F86F0010BD0403002003030301C9
S315000001301403002070B52DED028B6D4CA5686E1C66
S315000001401CBF0135A560A57B002D6DD140F20110C5
S31500000150E0814FF0000C0020C2F800C0187094ED4A
S31500000160007A9FED646ADFED646A27EE067A60EE38
S31500000170A66A37EE267A614D37EE608AD5ED047AA7
S31500000180012684ED007A68EE277A9FED5D7A84ED8C
S31500000190017A77EE877A9FED5B7AF4EEC77A0023D1
S315000001A0F1EE10FA0B6028DC9FED577AF4EEC77A71
S315000001B0F1EE10FA65D581ED017A544BD3E90001D1
S315000001C005F0A8FE95ED057A07EE900A67EE877AA8
S315000001D067EE880AF5EEC00A0023F1EE10FA6373A3
S315000001E001DCDFED470AD4ED017A77EEA07AC4EDA3
S315000001F0017A2673BDEC028B70BD81ED017A434B0B
S31500000200D3E9000105F086FE95ED057A07EE900A22
S3150000021067EE877A67EE880AF5EEC00A0023F1EEEC
S3150000022010FA6373DDDCDEE7E57B012D3CD00028A8
S315000002304CD0207C02284FD0012082ED000A187095
S3150000024094ED007AD2ED006ADFED2A5A9FED2A6A14
S3150000025027EE257A66EE866A37EE267A274D37EE42
S31500000260608AD5ED047A637B84ED007A68EE277A9E
S315000002700BB10023636094F90C605EBB94ED017AC8
S3150000028087E7C1ED017A98DB204BD3E9000105F041
S3150000029041FE95ED057A07EE900A002367EE877A10
S315000002A0637367EE880A9EE700283FF452AFF0EECC
S315000002B0007AF4EEE71AF1EE10FAFFF64AAF40F2D2
S315000002C002300025A4F80F00A560B5E70120A4F8C8
S315000002D00F003EE7002658E740F2E630A568854263
S315000002E002D901202074A7E79FED090AA4E700BF01
S315000002F08C030020A4707D3F0AD7233C8800002091
S31500000300000000000D98463E0D9846BE8000002075
S315000003109A99193E0122014B5A7370478C030020AB
S3150000032070B41B4E3378072B24D890F9001051B3C4
S315000003300122184D184C03E00132B2F5807F20D01F
S315000003402B7804EB0323134403F8011C10F9011F57
S315000003500029F1D100212B7804EB03242B78A1543A
S31500000360013303F007032B7033780133DBB23370AC
S3150000037070BC7047094A138801339BB2138070BC66
S315000003807047FF22E6E70A46024D034CE2E700BF4C
S31500000390C4050020C6050020C8050020C2050020AF
S315000003A030B54FF0000C0725164C85B00223164ACF
S315000003B000951649164884F800C003F0ABF9154BB2
S315000003C0C2B21A7090B9144B039303E0039B013B2E
S315000003D0039313B12378002BF8D0039B43B10A4B48
S315000003E00E4918785A780E4B08701A7005B030BD51
S315000003F001210C4B0C4A197013780B44DBB21370B5
S31500000400EDE700BF4A050020F404002004050020A3
S315000004101C3C00203F050020009F240042050020D0
S3150000042041050020400500203E050020002208B5B9
S31500000430044B60F07F0018705A70FFF7B1FF024B53
S31500000440587808BD04050020F4040020B5EEC00A63
S31500000450F1EE10FAF8B504462DED028B1546B0EE16
S31500000460408A3FD400274E1EFCEEC88A224A18EE68
S31500000470903A06F0B1FC3844B0422DDA2E2300F152
S31500000480010C6645235404EB00011FDDF8EE688A73
S31500000490B2EE047A38EE680A6A1C024420EE070AB5
S315000004A0FDEEC07A17EE903A092BA8BF092307EE96
S315000004B0903AF8EEE77A0CF1010C3033944530EEC1
S315000004C0670A01F8013F08D06645E7DC624600236B
S315000004D0A354BDEC028BF8BD0B220023A354BDEC44
S315000004E0028BF8BD2D234E1EB1EE408A3146012700
S315000004F000F8013BB8E700BF149300002DE9F04F68
S31500000500A84BDDB01B78042B04D1A74A138801330E
S315000005109BB21380A54B1A781AB11A78013AD2B257
S315000005201A70A34D2B889BB2002B5BD1A14C23786C
S31500000530002B40F09480A04CA04FA14DB5F900309F
S31500000540002B04DB9F4A1278072A40F26981B7F92B
S315000005500030002B07DB9C490A780132D2B2042A0C
S315000005600A7000F2FC80994B1B7843B1984A1388B5
S3150000057001339BB2B3F5FA6F138080F07C81237848
S315000005806BB3904B1B78072B29D89249924A0B885C
S31500000590128801339BB292B293420B801FD3002282
S315000005A08E4B8F481B7890ED000A03F0FF050A80FA
S315000005B0002B00F06883F6EE007A30EE270ABDEED7
S315000005C0C00A10EE101A874EDFF84C823278531CA0
S315000005D0DBB2042B337028F8121000F2E2815DB012
S315000005E0BDE8F08F804E734C338801339BB2338065
S315000005F033889BB2C72B9AD92378032B23D82B8811
S315000006009BB23E2B00F293812A8892B29146DFF884
S315000006100C82764F98F80000754907EB801006F0BB
S315000006205BFC002398F8002007EB821707F80930D7
S3150000063098F80030013303F0030388F8003023787C
S315000006400133DBB2237000236A4A2B803380138880
S3150000065001339BB213802378002B3FF46CAF664DB9
S31500000660624B2A780DF1300E03EB821CBCE80F00BA
S31500000670AEE80F00BCE80F00AEE80F00BCE80F00C4
S31500000680AEE80F009CE80F008EE80F002B780CA850
S31500000690013303F003032B702378013BDBB2237095
S315000006A006F027FC00283FF446AF0CAB0025534C60
S315000006B01A1805E0CB070BD5013815703FF43BAF90
S315000006C012F8013D093BDBB2172B24FA03F1F1D9ED
S315000006D04B4C042223884B4901339BB20CA8238040
S315000006E006F0D6FB0446002840F0D980464A254647
S315000006F01388464E01339BB20DAF138003E00135DC
S315000007002B2D00F0B58256F82400394606F0DAFBA8
S3150000071003340028F3D105EB450506EB85052B7A56
S31500000720012B00F00383022B00F0EB81002B40F03D
S31500000730FB826B6808AC93ED000A04221021204668
S315000007401CADFFF783FE4FF480713B462846304AC6
S31500000750009406F041FB2846FFF7E2FDEBE6194A56
S315000007601278072A3FF6FFAE00222A2B0A7000F302
S315000007707882264A03EB430102EB81025168127A22
S31500000780002A00F0FC800A781CAD00922021284641
S31500000790204A06F021FB2846FFF7C2FD3B880133BD
S315000007A03B80E0E6BE050020B80500205A05002083
S315000007B0CC0E0020C90D002054050020AC000020FE
S315000007C0AE000020C4050020A2040020620500201F
S315000007D0A004002052050020B4000020B000002034
S315000007E0AC3A0020E4040020C0050020CC0D002017
S315000007F0D00E00205C050020CA0D002013008000EA
S3150000080060050020809400005E050020A49600008C
S315000008102C93000028940000E8040020CB0D002053
S315000008202A2B38DCBD4E03EB430206EB8202107A1C
S315000008305A00002879D0BA49DFF868C3012808BFF2
S315000008406146134406EB8302507A0091B54AB649D5
S3150000085056F82330002818BF0A464FF480710192DB
S315000008601CA8B24A06F0B8FA1CA8FFF759FD2B8857
S3150000087001332B806BE6AE4B1B78072B3FF67FAE22
S315000008800023AC481380FFF74BFDAB4A13880133B6
S315000008909BB2138073E64FF6FF732B8057E6042254
S315000008A0A6490CA806F0F4FA0546002843D10DAF78
S315000008B02021384606F0CCFA8046002800F0AB81AD
S315000008C02C46964E057003E001352B2D00F0D081A5
S315000008D056F82400394606F0F5FA03340028F3D119
S315000008E005EB450506EB85056B7A002B00F03E828D
S315000008F02B7A08F10108012B00F07C82022B00F014
S315000009008982002B40F01082404605F053FB51ECE3
S31500000910100B05F0FFFA00EE100A6B6808AC042213
S315000009201021204683ED000A0AE7854989E74FF042
S315000009303F094A466BE683490CA806F0C3FA00282D
S3150000094000F03681092280490CA806F0A1FA002899
S3150000095040F0F8819DF93930202B00F06D82642239
S315000009600023012079497A4D0A807A4C7A497B4ADC
S315000009702B7020700B807A4F7A4D1370DEE50CAE2B
S3150000098091ED000A304604220C21FFF75FFD1CADF5
S31500000990009620212846744AB7F9003006F01CFA62
S315000009A0F9E6DFF804A203229AED000A0C211CA83E
S315000009B0FFF74CFD05234FF480716C4A6C4806F036
S315000009C00BFA02256A4FDFF8E49108F10A0B38F9B1
S315000009D0023BC5F5807178194A4606F0FDF9C34514
S315000009E00544F4D1634BF2EE043AD3ED004A624B70
S315000009F09AED003AD3ED007A604BDFED612A93ED74
S31500000A00004A93ED017AD3ED026A5E4B9FED5E2AB2
S31500000A1093ED006AF6EE001AD3ED015A67EEA37A5B
S31500000A2093ED025A23EE023A64EE824A24EE224AFB
S31500000A3027EE227A66EEA26A26EE236A65EEA35AAE
S31500000A4025EE235A77EEA17AFDEEE44AFDEEC33A8F
S31500000A50BDEEC44ABDEEC55AFDEEE55ABDEEC66A08
S31500000A60FDEEE66ABDEEC77AFDEEE77AC5F5807162
S31500000A7013EE903A8DED014ACDED074A8DED065AFB
S31500000A80CDED055A8DED046ACDED036A8DED027A42
S31500000A90CDED007A3D4A781906F09EF941190029F4
S31500000AA040F334820023324A7D1812F9010B434089
S31500000AB09542DBB2F9D1364A7818C1F5807106F055
S31500000AC08BF92B48FFF72CFC0021324A3170138832
S31500000AD005339BB21380304B1A78002A3FF47FAD62
S31500000AE01E4A187813780133DBB283421370FFF481
S31500000AF076AD2A4821700388117001339BB20380BA
S31500000B006DE56B681CAD1C684FF480713B4628464A
S31500000B10234A009406F060F91DE600BFA496000083
S31500000B201893000028930000249300000C94000002
S31500000B30C40500203C9400006E050020649300006C
S31500000B401C93000098930000C0930000B40000209E
S31500000B50E404002054050020520500205005002022
S31500000B60AC000020AE0000201C940000449400005D
S31500000B70A0030020703A00206C0F002024050020FE
S31500000B8000007A44180500200000C842489400007E
S31500000B90649400004E050020510500204C050020FD
S31500000BA04493000020930000743A002060940000F3
S31500000BB00426A94BA94C1CADDFF8FCA2DFF8FC9279
S31500000BC0DFF8FC8293E8030004F5017728608DF8CE
S31500000BD07410637A73B1D72E00F3CE80237A012B7B
S31500000BE03AD0022B33D0EBB10C34A74205D0637A4E
S31500000BF0002BF3D10C34A742EBD1042E00F3BC80BA
S31500000C00284606F076F9024695492846C2F1FF02C3
S31500000C1006F02BF99FE59348FFF782FB924C934F22
S31500000C20934D8BE463680DF1200B042293ED000ACB
S31500000C3010215846FFF70AFC4246CDF800B0C6F52B
S31500000C408071A819236806F0C7F80644D2E76368DE
S31500000C504A461B680093F2E7636852461B78009386
S31500000C60EDE74FF6FF7383483B80FFF759FB7AE4C5
S31500000C703B464FF48071804A1CA806F0ADF81CA8CC
S31500000C80FFF74EFB57E401220C2108A8FFF7DEFB15
S31500000C907A4B0CAE93ED000A0C2103223046FFF787
S31500000CA0D5FB774BB6EE006AD3ED007A754B77EE3F
S31500000CB0867A93ED007A744B37EE067AD3ED006AA6
S31500000CC076EE866ABCEEC77AFCEEE66AFCEEE77A5A
S31500000CD04FF480716D4A08ABCDED036A8DED027A53
S31500000CE0CDED017A00961CA806F076F81CA8FFF751
S31500000CF017FB674A6749138801339BB213800B7849
S31500000D00002B3FF46CAC644A097813780133DBB2EC
S31500000D108B421370FFF463AC604925700B88157025
S31500000D2001339BB20B805AE41CAD14E56B681CAD15
S31500000D301C784FF480713B462846594A009406F0C9
S31500000D404BF808E59DF83030522B1CD19DF8313018
S31500000D50CBB901225049444C0B7052485249434F7B
S31500000D60434D03800B702270FFF7E8BB3B464FF400
S31500000D7080714E4A1CA880E7013EAB572C2B04BF5E
S31500000D800023AB553CE79DF93030572B00F0C0806F
S31500000D90472B40F097809DF83130303B092B00F20D
S31500000DA09E800DF1310005F008F983B22A2B3FF63B
S31500000DB0C2AB0C21294B84B201FB04331A7A5B685F
S31500000DC0002A40F0508293ED000A042208AE304615
S31500000DD01CADFFF73BFB202123462846344A0096EC
S31500000DE005F0FAFF2846FFF79BFA1F4C1F4F204DD0
S31500000DF0FFF7A4BB404605F0E0F86B68C0B21CAD37
S31500000E0018704FF4807100903B462846244A05F03E
S31500000E10E3FFA0E401460A22404605F0D3FF04465C
S31500000E206E681CAD34604FF480713B462846214AFB
S31500000E30009405F0D1FF8EE40DF13A0005F0BDF8FF
S31500000E4083B2642B28BF6423012B4FF47A7238BF18
S31500000E500123B2FBF3F283E5A0930000A496000001
S31500000E60389400006C93000054050020AC0000206C
S31500000E70AE0000203494000050930000743A002025
S31500000E806C0F0020C4000020C00000206C940000FD
S31500000E904E05002051050020500500204C0500207D
S31500000EA03893000052050020E404002084930000DB
S31500000EB0CC93000044930000B0930000B893000068
S31500000EC0A8930000502B44D03F2B40F0C4809DF9DE
S31500000ED031304D2B00F0A780542B00F0AF809DF8E9
S31500000EE03030412B04D19DF83130002B3FF460AEF9
S31500000EF09DF83030442B6FD19DF83130002B6BD1EB
S31500000F00B54FB64CB64D3B80FFF718BB0023D2E574
S31500000F109DF83130303B092BE1D80DF1310005F059
S31500000F204CF807EE900AF8EEE77AAE4B9FEDAE7AF4
S31500000F30C3ED007AD3ED007AF4EEC77AF1EE10FA3B
S31500000F407FF7F9AA83ED007AA44CA34FA44DFFF7CF
S31500000F50F5BA9DF931302F2BC1DD392BBFDC3D2190
S31500000F600CA805F075FF054600283FF4E4AA0DF12C
S31500000F70310005F022F883B22A2B3FF6DCAA0C23B7
S31500000F809A4E84B203FB0466737A002B3FF4D3AA0D
S31500000F90337A681C002B40F09B8105F00BF851EC6E
S31500000FA0100B04F0B7FF924A736800EE100A9342E2
S31500000FB000F084818F4A934200F06F818E4A9342FB
S31500000FC000F05B810832934200F0578183ED000AFE
S31500000FD004220C2108AEFAE688490CA805F072FF37
S31500000FE0B0B187490CA805F06DFF88B185490CA8FA
S31500000FF005F068FF60B184490CA805F063FF00287E
S315000010007FF499AA764D754C734F2880FFF796BAF0
S315000010100023724C7D497E4A23700B706E4F704DD3
S315000010201370FFF78BBA7B4B1021D3ED007AFDEEE0
S31500001030E77A794A17EE903A1CA81EE66D4B032212
S3150000104093ED000A0C2108A8FFF700FA1021734A55
S3150000105008AB1CA811E6462B31D04D2B4BD19DF980
S3150000106031302D2B04D0303BDBB2092B3FF637AFA6
S315000010700DF1310004F0A1FF07EE900AF8EEE77AD1
S31500001080644B9FED677AC3ED007AD3ED007AF4EEF8
S31500001090C77AF1EE10FAC8BF83ED007ADFED617A08
S315000010A093ED007AB4EEE77AF1EE10FA7FF543AAF3
S315000010B0C3ED007A494C484F494DFFF73FBA9DF8BA
S315000010C03130303B092B3FF60AAF0DF1310004F009
S315000010D074FF83B2642B28BF6423012B4FF47A720A
S315000010E038BF0123B2FBF3F24F493C4C3A4F3C4D1B
S315000010F00A80FFF723BA542B3AD19DF931302D2BB4
S3150000110004D0303BDBB2092B3FF6E9AE0DF13100DE
S3150000111004F053FF07EE900A9FED447AF8EEE77A63
S3150000112067EE877A334B324AC3ED007A93ED007A45
S31500001130D2ED007AB4EEE77AF1EE10FAC4BF116888
S315000011401960D2ED007A93ED007AF1EE677AF4EE4B
S31500001150C77AF1EE10FA7FF7EEA9D2ED007AF1EE3A
S31500001160677A1E4CC3ED007A1B4F1D4DFFF7E6B99B
S31500001170452B67D19DF93120A2F13003DBB2012B5B
S315000011803FF6ADAE312A19D000222948294B02700C
S3150000119093ED007ADFED287AB4EEE77A2749F1EE8F
S315000011A010FA0A704FF00502C8BFC3ED007A244B4F
S315000011B00A4C094F0A4D1A70FFF7C0B91C4B1B7831
S315000011C0002B7FF4B8A901221C4B044C024F044D9E
S315000011D01A70FFF7B3B900BFAC0000205405002019
S315000011E0AE000020CC00002000A08C45A496000094
S315000011F0D00000202C3700208C000020F493000043
S31500001200F8930000009400000494000050050020AC
S31500001210E4040020600F0020E4930000EC9300003B
S3150000122000007A4400007AC4B40000206F12833AAA
S31500001230C8360020540F002009AC5C3FB43A0020A9
S31500001240C9360020432B7FF44AAE9DF83130303B3F
S31500001250DBB2012B3FF643AE244A254C254F264DE3
S315000012601370FFF76BB91E781CAD23462021284664
S31500001270224A009605F0B0FDB4E5DFED217AB4EE22
S31500001280E70AF1EE10FA20DCB5EEC00AF1EE10FA2C
S315000012907FF59CAE9FED1B0A98E6DFED1B7AB4EE58
S315000012A0E70AF1EE10FA10DCDFED187AB4EE670A01
S315000012B0F1EE10FA48BFB0EE670A87E6DFED127A64
S315000012C0B4EEE70AF1EE10FADEDDB0EE670A7DE66F
S315000012D004F073FE7368C0B21CAD18702021009034
S315000012E023462846054A05F077FD7BE53037002082
S315000012F054050020AC000020AE000020D89300006A
S3150000130000004842000000009A99993E9A9999BEB9
S315000013102DE9F04F2DED028BA54989B0A54802F0C5
S3150000132039F9FEF7EFFEFEF7F5FFA349A34803F0F0
S3150000133087FF0346A249A148059304F07BF80346BC
S3150000134000219E48069304F0EFF99C4C0790204636
S3150000135004A903F01FFF9DF81030022BF7D099491E
S3150000136099488DF8123003F05BF9974803F030F98D
S31500001370964B1B78002B40F06482002240F6055104
S31500001380934803F071F80120924904F0A9FB012269
S3150000139040F605518E4803F067F84FF47A710A203B
S315000013A004F09EFB4FF0082300258B4F0121834854
S315000013B03B6003F0D5FE0421804803F0D1FE4FF4D4
S315000013C0FA742E46DFF880824FF47A71012004F019
S315000013D087FBB8F80020B8F80230013C16441D44DB
S315000013E0F2D17E4B7E48A3FB0612A3FB05135209DE
S315000013F05B0902217B803A8003F00AFD02217948CD
S3150000140003F006FD0221784803F002FD774978488B
S3150000141003F0DEFA764803F03DF9754803F02EF93D
S31500001420152240F606616A4803F08AF8012240F662
S315000014300661674803F018F8012240F60261644825
S3150000144003F012F84FF47A714FF4FA6004F048FB97
S31500001450052240F606615E4803F072F8012240F666
S3150000146006615B4803F000F84FF47A714FF4FA60B6
S3150000147004F036FB5F4D40F605610DF1130254484A
S3150000148002F0E0FF5C4B9DF8132028465B491A707A
S3150000149002F018FD002800F00E826323584A5949CD
S315000014A00392009113705849584802F05BF9584B63
S315000014B0C2B204461A70002800F0DA81554B564D28
S315000014C00193DFED568A9FED568ADFF880B1DFF88B
S315000014D080A1DFF88081534EDFF87C913C4C40F6CA
S315000014E003610DF11302204602F0ACFF9DF81330A4
S315000014F00DF11302A3F10103B3FA83F340F604617D
S315000015005B0920468BF8003002F09CFF9DF81330F3
S31500001510454AA3F10103B3FA83F35B091370DAF8C2
S315000015200030012B00F0468198F80030002B40F087
S31500001530958099F80030002BD1D0009F3B78002B86
S31500001540CDD13A4A1378002BC9D1394839490078A8
S3150000155001EB002005F0CDFC0246D8B1012334484A
S315000015603B700178334B234803EB0121029202F0D2
S31500001570E7FB314B029AC0B21870304B304992B239
S315000015801A800B88294A01339BB20B802D4B1B789E
S31500001590DBB21370264A1378013303F00703137086
S315000015A099F80030013BDBB289F8003097E700BFBD
S315000015B0A8980000E83A0020989A0000A43B002072
S315000015C0EC9B0000E0980000283B00207D0F0020E7
S315000015D0E03A002040420F00DC000020D34D6210AC
S315000015E0443B0020643B0020843B00200C9D00000F
S315000015F0CC3B0020EC3B0020B8000020689D00009A
S31500001600BE050020C80D00209C9D00001C3C00204B
S31500001610B200002048050020040500200000003A22
S3150000162033338341F4040020850F00205A0500203F
S31500001630C5050020C8050020B6000020580500207A
S3150000164056050020B7000020A43A0020860F00208F
S315000016506805002014050020C4050020002388F832
S315000016600030019B1B78002B3FF463AF9F232B8038
S31500001670FEF796FEA02372782B800292FEF790FE6C
S31500001680A123029A2B80737843EA0223B94A1BB23C
S3150000169017461380FEF784FEA22372782B800292EF
S315000016A0FEF77EFEA323029A2B80737843EA022379
S315000016B01BB27B80FEF774FEA42372782B80029205
S315000016C0FEF76EFEA523029A2B80737843EA022367
S315000016D01BB2BB80FEF764FEA62372782B800292B3
S315000016E0FEF75EFEA723029A2B807378A24943EA8F
S315000016F002231BB20F460B80FEF752FEA823727818
S315000017002B800292FEF74CFEA923029A2B80737857
S3150000171043EA02231BB27B80FEF742FEAA237278BD
S315000017202B800292FEF73CFE029A7378934843EAB6
S3150000173002231BB28F4ABB8013881BB207EE903A76
S31500001740F8EEE77A67EEA87AC0ED007A53881BB206
S3150000175007EE903AF8EEE77A67EEA87AC0ED017ADE
S315000017609388874A1BB207EE903AF8EEE77A67EE5F
S31500001770A87AC0ED027A3B881BB207EE903AF8EEE3
S31500001780E77A87EE887A82ED007A7B881BB207EECD
S31500001790903AF8EEE77A87EE887A82ED017ABB888E
S315000017A01BB207EE903AF8EEE77A87EE887A82ED7A
S315000017B0027ABEE6734802F005FB102240F6056188
S315000017C0204602F0BDFE00226F4F704BD7F8FCC0DA
S315000017D04FF47A714CF0807CC7F8FCC05A60D3F89D
S315000017E000C04FF4FA704CF0010CC3F800C004F0CE
S315000017F077F902230022CAF80030654B1A60654B60
S31500001800B3F8C43013F02003F9D1604A5360614B3A
S31500001810B3F8C4309B06FAD503235C4A5C49526888
S3150000182020460A605C4A40F60561CAF8003002F0BC
S3150000183087FE5A49534802F045FB0423039A137066
S3150000184072E6012240F60161554802F00DFE4FF4A2
S315000018507A710A2004F044F9002240F601615048EA
S3150000186002F002FE4FF47A713C2004F039F984E567
S315000018704FF47A710A2004F033F9012740F211136C
S31500001880484E494D37702B80FEF78AFD4FF47A712A
S315000018900A2004F025F9022375203370FEF7C6FDF1
S315000018A00322424B187032701B78422B2BD0404BD0
S315000018B001931C7005E602233E4F3F4A40F606613F
S315000018C037483B70039702F03BFE4FF47A714FF4B2
S315000018D0FA7004F005F9394B2146402238481C704D
S315000018E005F0AEFA0423374E374A3480364E2D6A59
S315000018F00092364A34702C6951783548354A04606E
S3150000190011703B70CFE576232B80FEF749FD4FF42F
S3150000191005632B80FEF744FD4FF47A71384604F0D8
S31500001920DFF840F64F032B80FEF73AFD4FF47A714D
S31500001930384604F0D5F840F64E732B80FEF730FD9E
S315000019404FF47A71C82004F0CBF84E20FEF76EFDF6
S315000019500346214A50201370FEF768FD03461F4ACE
S315000019602D201370FEF762FD11491D4A019110707A
S315000019700F70A6E53805002030050020240500205C
S3150000198018050020EC3B002000ED00E0001000E010
S315000019906405002000F1014000000105689D00007B
S315000019A0E03A0020440500200405002049050020F7
S315000019B048050020BE050020100001057405002022
S315000019C078050020BC050020C80D0020E00000209E
S315000019D0700500206C050020470500204605002004
S315000019E045050020022800D070470249024802F04F
S315000019F09DBD00BF009E0000E03A00202DE9F04F9B
S31500001A002DED028B048B8BB0012C04D00BB0BDECFA
S31500001A10028BBDE8F08F4B4D0DF10F022B684FF492
S31500001A203061013348482B6002F00CFD9DF80F3001
S31500001A30464AB3FA83F35B0913701378002B36D149
S31500001A40434B1B78002B37D1424B434E434D0193FA
S31500001A50434C01212246434803F096FE2178002993
S31500001A6000F0A08600234A1EDFF81091DFF81081EF
S31500001A703D4FDFF810A1D2B204EB830C9CF80700AF
S31500001A80032BBCF804E0C0F3C01BC0F3060C25D83A
S31500001A9036489A422AF813E000F803C029F813E002
S31500001AA008F803C007F803B024D00133E4E7284B55
S31500001AB01C701B78002BC7D000224FF07C53264E9B
S31500001AC00021326072600122244D22482B606B6037
S31500001AD0AB60274B019001701A70B9E79A4229F85A
S31500001AE013E008F803C007F803B003F1010301D0BF
S31500001AF0082BC1D100231F481F4FDFF88CC0DFF829
S31500001B008C80DFF88C90DFF88CE0017004EB8300AA
S31500001B10C179808801F07F01102942D8DFE811F0F1
S31500001B2040004100410041008C034100410041005A
S31500001B3041004100410041008903860383034100BF
S31500001B40800300BF28370020E03A0020910F0020D4
S31500001B50900F0020B43A0020843A0020983A0020E2
S31500001B60C0040020A43B0020F8360020EC360020FC
S31500001B70C936002018370020A43A00200837002074
S31500001B8000370020F0360020680F0020660F002086
S31500001B906A0F0020740F002000F07F453333534056
S31500001BA038809A4203F1010301D0082BAED1B9F86F
S31500001BB000305FED076A9BB207EE903AB8EE677A9F
S31500001BC01FED0A6AC7EE267AB2EE0A5A67EE867AE1
S31500001BD067EE857ADB4CF2EE065AC4ED007ABEF863
S31500001BE00030D94A9BB207EE903AB8EE677AC7EE54
S31500001BF0267A67EE867A67EEA57AC2ED007ABCF899
S31500001C0000309BB20A2B07D940F6F472BCF80030BC
S31500001C109BB2934240F26D85B8F800309BB20A2B16
S31500001C2007D940F6F472B8F800309BB2934240F2FE
S31500001C302D85DFF8B48398ED0D7AB5EEC07AF1EE16
S31500001C4010FA40F35D84C14BD3ED007AC7EE876A84
S31500001C50F5EEC06AF1EE10FA00F15284F7EE007A62
S31500001C60F4EE676AF1EE10FA77FEA66ADFF87C9367
S31500001C70D9ED007AF4EEE67AF1EE10FA40F17384CB
S31500001C809FEDB36A77EE867AF4EEE67AF1EE10FA15
S31500001C9040F37584C9ED006AF0EE667A27EE277A7E
S31500001CA0DFF84CA3DFF84CB3AA4B524683ED007A1B
S31500001CB05946A94BA94801F003FBA94B9BED004AE5
S31500001CC0D3ED007A9FEDA77A74EE677AF4EEC77AC1
S31500001CD0DAED006AF1EE10FAA34AC2ED006A40F3AB
S31500001CE035849FEDA27A77EEC77AA148A14990ED97
S31500001CF0007A77EE877A83ED004A9F4A0B88DFF8F1
S31500001D00F8C202EB830201339BB2C72B92ED006A45
S31500001D10C0ED007ACCED007AC2ED007A0B8040F27D
S31500001D20F383002301220B80944B1A7077EEC67A58
S31500001D309FED937A98ED006AC7EE875AF6EE006A31
S31500001D4085EE867AB4EEE67AF1EE10FA01D59FEDCD
S31500001D508D7AD8ED0D7A9FED836A77EEA77ADFED5F
S31500001D608A6A67EE867A87EEA66AB5EEC06AF1EEF3
S31500001D7010FA864B83ED007A40F30584844BF7EE28
S31500001D80007A93ED005AC7EE065A27EE267AD3ED6F
S31500001D90006A804BDFED753A93ED006A77EEC57AFF
S31500001DA0C7EE234A67EE867A26EEA57A77EE877A1D
S31500001DB099ED005AB4EEE55A75EE651AF1EE10FA91
S31500001DC04FF00102C3ED007AD4BF75EEC57AF0EE8E
S31500001DD0617A714B7149C3ED005A714BC1ED004AEE
S31500001DE01A70704B704AC3ED007A704B9FED703AD3
S31500001DF0D3ED007A77EE847A6E4B9FED6F2AC3EDB2
S31500001E00057AD3ED053AC3ED057A93ED044A7B884E
S31500001E1007EE903A3B88F8EE677A06EE103A53885A
S31500001E20B8EE466A06EE903A1388F8EE666A07EE52
S31500001E30103A77EEE67AB8EE477A67EE837A36EEB0
S31500001E40476A77EEA77A26EE036A77EE867A67EE1A
S31500001E50827A66EE232A67EE846A76EEE26A27EED7
S31500001E60A33AF5EEC06A26EE047AF1EE10FA37EEE2
S31500001E70037ADFED522AD4BFB1EE663AB0EE663A87
S31500001E80B5EEC07AF1EE10FAB4EEE23AD4BFB1EE96
S31500001E90472AB0EE472AF1EE10FA04DCB4EEE22A45
S31500001EA0F1EE10FA0EDD00230127072244483360C5
S31500001EB07360444B077083ED003A434B83ED002A71
S31500001EC0424B1A70424B9FED432A93ED003A76EE51
S31500001ED0C36A414A66EE826AD2ED002ADFF81CC167
S31500001EE076EE836A8CED006ADFF814C1F5EEC06AFF
S31500001EF0CCED007A77EE627A67EE827AF1EE10FA2E
S31500001F0077EEA27AD4BFB1EE663AB0EE663AF5EE57
S31500001F10C07A9FED327AF1EE10FAB4EEC73AD4BF2A
S31500001F20F1EE672AF0EE672AF1EE10FA2C482D4FF3
S31500001F30DFF8D0C0C2ED007ACCED001AC7ED007A0A
S31500001F4062E000BF6C0F0020780F0020600F0020B9
S31500001F50ACC5A737B03A00208C3A0020E83A0020FA
S31500001F6044370020DB0F494034370020DB0FC940DF
S31500001F70403700204A3700204C37002048370020E1
S31500001F800AD7A33C00000000000070423C37002046
S31500001F90D40000207C3A0020803A0020AC3A002091
S31500001FA0DC360020D8360020DC0000208C0F002014
S31500001FB00000003A001002403ACD133F6666E63E46
S31500001FC0C8360020C4360020C0360020C93600209E
S31500001FD0B8040020CDCCCC3DBC0400209A99993E93
S31500001FE0743A0020703A0020380000206C3A002035
S31500001FF0903A0020943A002038370020E43600203A
S31500002000E0360020E8360020C3ED006AC0ED006A25
S3150000201000F33881F4EEC72AF1EE10FA00F33281AC
S3150000202096ED007AB5EE407AF1EE10FA00F0C7832D
S31500002030019B824A1F780023814813800278D2B21E
S31500002040002F40F0BE823B460327012A077000F0AE
S315000020501583B6EE007A0022F0EE477A85ED007A17
S3150000206085ED017A85ED027AB0EE476A754B1A70F6
S315000020704FF08041744B754A1B781160002B3ED09F
S31500002080734A138801339BB2138013889BB2632B68
S3150000209035D900206F4B10801A886F4992B202EB37
S315000020A0820201EB820282ED005A1A88776892B2A8
S315000020B002EB820201EB8202C2ED015A1A88012666
S315000020C092B202EB820201EB8202C2ED026A1A8828
S315000020D092B202EB820201EB8202D7601A8892B2B8
S315000020E002EB820201EB82010E741A88324492B22C
S315000020F01A801A8892B2B2F5FA7F28BF1880574B19
S315000021001B78002B4AD0D4ED005AF2EE046AF4EEA6
S31500002110E65AF1EE10FA41DDD4ED006AB3EE023A6A
S31500002120F7EE083A83EE265AB4EE635AF6EE005AF4
S31500002130F1EE10FA76EE656A37EE657A77EEE57AB5
S3150000214033FE855A66EE856A27EE057A67EE857A4E
S3150000215076EEA56A37EE257A77EEA57AC5ED006AA2
S3150000216085ED017AC5ED027A3D4DDFED3E4A9FEDE4
S315000021703E4A2B4605F10C02F3EC017AF4EEE47AC2
S31500002180F1EE10FA40F1078243ED014A9342F3D192
S3150000219095ED006A95ED017AD5ED027AD4ED005AF7
S315000021A0F2EE046AF4EEE65AF1EE10FA02DD226867
S315000021B02E4B1A60DFED2E6A2E4B41F2707683EDC0
S315000021C0006A26EE266A83ED017A27EE267AC3EDAB
S315000021D0027A67EEA67AFCEEC66ABCEEC77AFCEE19
S315000021E0E77A16EE904A17EE102A17EE903AB442A6
S315000021F028BF3446B24228BF3246B34228BF3346D0
S315000022001D4D04A91D482C60CDE905236A60049480
S31500002210AB6002F0E3F90BB0BDEC028BBDE8F08FCA
S31500002220AEF80000BDE4A9F80000BAE4A8F8000082
S31500002230B7E4ACF80000B4E47880B2E4B604002059
S31500002240D5360020B4040020C8000020D8000020A5
S31500002250AC0F0020AE0F0020B00F0020C9000020F8
S31500002260983A00200AD7A33C48E17A3F7000002044
S315000022700080BB45940F0020A00F0020283B0020C3
S31500002280000000001FED027A01200622B0EE476A28
S3150000229086ED007A86ED017A019B1F78D04B187087
S315000022A0D04B83ED003AD04BC3ED002ACF4B1A70CA
S315000022B042F20F70CE4A1388834240F27481CD48B1
S315000022C00278D2B2002F3FF4BFAE4FF0020C012AC3
S315000022D080F800C07FF4BDAE0278012A3FF4B9AEA3
S315000022E0D1ED004AF5EEC04AF1EE10FAC8BFBCEED9
S315000022F0E43A0278C049D2B20A70C04AC048C2ED78
S31500002300006AC04A82ED006ACABF13EE102A002294
S3150000231092B20280BC4A1278022A84BF03220A7053
S31500002320002F3FF496AE41F2873293423FF691AECC
S31500002330B64B1A78002A00F08F81B548B549B64ADF
S3150000234090ED001AD1ED001A92ED002AD8ED0D8A13
S31500002350C4EEA82AB14B37EE673A72EEC14A9FED3A
S31500002360B08A36EE666A93ED007AD3ED027A23EEF2
S31500002370077A66EE277A64EE884A9FEDB60A74EE0F
S31500002380814A37EE217A77EE827A37EE007A77EE57
S31500002390A47A67EE072AC0ED004A67EEA74ADFED8A
S315000023A0A10A72EEA44AF4EEE04AF1EE10FA00F346
S315000023B0E081F0EE674AB0EE471AD3ED012AF5EE5A
S315000023C0C02AF1EE10FA0DDDDFED970A62EEA02AC3
S315000023D031EE477A62EE832A32EE877A71EE871AF9
S315000023E0C1ED001A93ED037AB5EEC07AF1EE10FA5C
S315000023F00DDD9FED8D3A27EE037A74EEE77A27EE30
S31500002400067A77EE277A32EE272A82ED002ADFED6A
S31500002410877AF4EEE71AF1EE10FA06DCDFED847A3D
S31500002420F4EEE71AF1EE10FA01D5C1ED007ADFED10
S315000024307F7AB4EEE72AF1EE10FA06DCDFED7C7A5D
S31500002440B4EEE72AF1EE10FA01D5C2ED007A21EEDC
S31500002450046A24EEA33A21EE231A64EE844ADFEDE1
S31500002460757A36EE436AB6EE007A74EE814A26EE47
S31500002470077A64EEA74AF1EE477A34EEC77AB4EEED
S31500002480C76AF1EE10FA77EEE47A40F16381B4EEB2
S31500002490E77AF1EE10FA00F17781B0EE474AF0EEF6
S315000024A0464AF4EE674AF1EE10FA77FEA44A74EE55
S315000024B0844ABEEE003A64EE834ADFED5F3A37EEB9
S315000024C0247A77EEA47A36EE246AB6EE004A27EE30
S315000024D0237A67EEA37A26EE236A27EE047A67EE5E
S315000024E0847A26EE046A37EE047A77EE847A36EE3C
S315000024F0046A85ED017AC5ED027A85ED006AB7E5D5
S31500002500DFED546AFFF7B2BB4C4B1B78002B7FF410
S315000025100DACF0EEE67A9FED4A7AF4EE477AF1EEEC
S3150000252010FA3FF614ACD8ED007AF5EEC07AF1EE6B
S3150000253010FA7FF70CAC86EEA77AF6EE007AB4EEC8
S31500002540E77AF1EE10FA3FF502AC02E49FED3D7A30
S31500002550F4EEC77AF1EE10FA44BF9FED3B7A77EEC0
S31500002560877AFFF7C2BB7FF799AB9FED386A77EEA4
S31500002570C67AF4EEE67AF1EE10FA3FF58BABC9EDCA
S31500002580007AFFF78BBBDFED337A314BF0EE674A0B
S31500002590F0EE675A0CE4F4EEC47AF1EE10FAC8BF16
S315000025A003ED014AF2E5134801339BB2138002782A
S315000025B0D2B2002F3FF448AD41F2873C63453FF667
S315000025C084AE4FF0010C624596ED016A80F800C0BA
S315000025D07FF4AEAE027862457FF482AEA8E600BF15
S315000025E0C8360020C4360020C0360020C936002078
S315000025F0B6040020D5360020D4360020D036002080
S31500002600CA360020CC360020640F0020B404002017
S31500002610A8040020B0040020AC040020880000209C
S315000026200AD7233C3D0A673F17B7D138CDCC4C3D7E
S31500002630CDCC4CBDD0B35D3F3ACD933F483700205B
S31500002640FFFF7F7FDB0F49C0DB0FC940ACC5A73753
S315000026507C3A0020000000001FED023A01205D498F
S315000026605D4A1870B0EE432A81ED003A82ED003AD9
S31500002670F0EE431AB0EE431A584867E60278012A8C
S315000026803FF4E7AC96ED016A002729E6B8F800208A
S315000026909FED537A92B207EE902AF8EE676AB8F881
S315000026A0003037EE667A9BB207EE903ADFED4D5A70
S315000026B0F8EE677A27EE257A9FED4B6A87EE270AB2
S315000026C080EE060A06F0C6FCDFED487A9FED487AF2
S315000026D060EE277AB7EE006A77EE877ADFED456A15
S315000026E086EE277A77EE667A434BC3ED007AFFF7DC
S315000026F0A0BABCF80020BCF8003092B207EE902ACF
S31500002700B8EE677A9BB207EE903A76EEC76ADFEDCF
S31500002710355AF8EE677A66EEA56A9FED336A86EE5D
S31500002720A70A80EE060A06F095FCDFED307A9FEDEB
S31500002730307A60EE277AB7EE006A77EE877ADFEDB9
S315000027402D6A86EE277A77EE667A2C4BC3ED007AF1
S31500002750FFF762BAB4EEE76AF1EE10FAB4EEC76AB2
S3150000276017D4F1EE10FAB0EE464A0FDDF0EE474A06
S3150000277097E69FED231AF1EEE42AC1EE224A27EEF0
S31500002780241A67EEA44A18E6B0EE674AF0EE464A07
S3150000279087E6F1EE10FAB0EE674AD8BFF0EE464A89
S315000027A0E4DC84E6174B184FDFF860C0DFF8608082
S315000027B0DFF86090DFF860E01970FFF7F8B996ED82
S315000027C0016AB5EE406AF1EE10FA019B1F787FF4BC
S315000027D02FAC6DE5B0040020AC040020A804002056
S315000027E000F07F4500401C4600E0AB46467967395D
S315000027F00FCF5B3B33938843C0000020C40000200A
S315000028003333733F18370020A43A0020680F0020A6
S31500002810660F00206A0F0020740F0020704700BF6B
S315000028202DE9F047C24C82B0236801332360236848
S31500002830B3F57A7F00F02F832368B3F5FA6F00F0C3
S31500002840FF82BC4BBC4D1B782878002B00F06883B8
S31500002850BA4BBB4AD2ED007A93ED007AB4EEE77A32
S31500002860F1EE10FA48BFD3ED007A93ED007AB1EE9F
S31500002870477AB4EEE77AF1EE10FAC8BFD3ED007AE4
S31500002880B04BC8BFF1EE677A93ED007AB5EEC07A29
S31500002890F1EE10FA2DDDAC4A92ED0D7AAB4AD2ED8F
S315000028A0006A27EE267AB5EEC07AF1EE10FAD3ED7D
S315000028B0006AD8BFB1EE477A93ED006AB4EEC76AF4
S315000028C0F1EE10FA00F177839FEDA16A66EE866A53
S315000028D0B4EEE67AF1EE10FA0BDDD3ED005A93ED85
S315000028E0006A75EEC75A36EE667AC5EE876A67EEF7
S315000028F0A67A9FEDB87A974FDFF8CC82D7ED006ABB
S31500002900954E98F8003086ED007A002B00F057823D
S31500002910002286ED017A914BDFF8B0921A60904B57
S31500002920187040F60E610DF106028E4801F08AFD20
S315000029309DF80620DFF898A2A2F10100B0FA80F017
S3150000294089499AF8003040090870002B3AD1012ACB
S3150000295000F03483854A1360854A1360854B1B78E3
S31500002960002B31D0844BF1EE047A93ED007AB4EE6D
S31500002970E77AF1EE10FA40F16783804A1388013353
S315000029809BB20E2B13801FD9002000234FF07C51E1
S315000029904FF0020C01222870032033607360784BDD
S315000029A08AF80020196059609960764B40F6075105
S315000029B083F800C0744B1A70744B1870694801F0A4
S315000029C053FD01E06B4B1B78714BF2EE087A93EDE9
S315000029D0007AB4EEE77AF1EE10FA20D593ED007A9C
S315000029E0F7EE007AB4EEE77AF1EE10FA17DD6949F0
S315000029F00A88013292B2B2F5FA7F0A80C0F01183DA
S31500002A0093ED007AF2EE0C7AB4EEE77AF1EE10FA74
S31500002A1040F121839FED6F7A03221B680FE093ED4F
S31500002A20007AF2EE0C7AB4EEE77A0021F1EE10FAB3
S31500002A30584A118000F1B581B7EE007A0022564B54
S31500002A4099ED006AD3ED006A544BDFED553A93EDEC
S31500002A50003A66EE067A26EEA64AC3EE234A77EEDB
S31500002A60847A9FED505A77EEE47AD3ED005A67EEFA
S31500002A70857A77EEA57AC3ED007AD3ED007AF5EE86
S31500002A80C07A0021F1EE10FA48BF1960D3ED004A72
S31500002A909FED455AC4EE855A444BF7EE007AC3EDD6
S31500002AA0005AD3ED005AF4EEE75AF1EE10FAC0F2EE
S31500002AB0CF81B5EEC06AF1EE10FAF5EEC06AD8BF66
S31500002AC0B1EE466AF1EE10FA4FF00103D8BFF1EE0F
S31500002AD0666A08219FED3F7A032288F80030344B5E
S31500002AE083ED006A334BC3ED006A284B1970324BF5
S31500002AF0DFED327AD3ED006AF4EEE76AF1EE10FA12
S31500002B006ADAD3ED006ADFED2E7AF4EEE76AF1EECB
S31500002B1010FAC0F27F81DFED2B7AB4EE677A022AD3
S31500002B2038BF0222F1EE10FA37FE877A57E000BF6F
S31500002B302437002030370020B43A0020D00000208F
S31500002B402C370020CC000020380000207C3A0020E2
S31500002B506666663FBC000020843A0020A83A002042
S31500002B60783A0020E03A0020840F0020880F0020E9
S31500002B70800F00207D0F0020780F0020720F0020AC
S31500002B80983A00207C0F00207E0F0020C9360020D6
S31500002B906C0F0020A6040020703A0020540F00207D
S31500002BA066662C426F12833A09ACDC3F500F002058
S31500002BB0C4360020C0360020C40000200000B44205
S31500002BC00000A0429A99993EC8360020743A002027
S31500002BD0870F0020000000001FED027A0322B44B8D
S31500002BE0DFEDB47AD3ED006AF4EEE76AF1EE10FA9F
S31500002BF015DAD3ED006ADFEDB07AF4EEE76AF1EEAE
S31500002C0010FAC0F2DF80DFEDAD7AB4EE677A022A01
S31500002C1038BF0222F1EE10FA37FE877A02E09FED06
S31500002C20A87A0322A74E327087ED007A3378022BFA
S31500002C3004D900230421A44A2B70117040F6052103
S31500002C400DF10702A14801F0FDFB9DF80720A04900
S31500002C50A2F10100B0FA80F00B784009834200F03F
S31500002C6023819C4F3B8801339BB21D2B3B8011D99E
S31500002C700023012A08703B800CD09748974A0378B6
S31500002C800133A2FB031202F4FF7101EB52029B1AFD
S31500002C90DBB2037040F60A510DF107028B4801F0D2
S31500002CA0D1FB9DF807208E49A2F10100B0FA80F011
S31500002CB00B784009834200F0F3808A4F3B8801334A
S31500002CC09BB21D2B3B800AD90023012A08703B804A
S31500002CD005D0854A1378B3FA83F35B091370834BE7
S31500002CE01B7803F0FF076BB9814B1B78002B7FD055
S31500002CF002242B78002B00F03A8144F004047D4B2B
S31500002D001C7006E07B4B1C7884F00407C7F3800731
S31500002D10E4B2E24340F60F5102F001026B4801F0C3
S31500002D20A3FB84F0020240F60641C2F34002674864
S31500002D3001F09AFB3A4640F60741644801F094FBDD
S31500002D4084F0080240F60151C2F3C0025F4801F068
S31500002D508BFB84F0100240F60251C2F300125B486E
S31500002D6001F082FB84F02002C2F3401240F60351C8
S31500002D70564801F079FB604A138801339BB2092B50
S31500002D8005D81380FDF7BAFB02B0BDE8F087002036
S31500002D9001215A4B10801970FDF7B0FB02B0BDE857
S31500002DA0F08793ED007AF7EE007AB4EEE77AF1EE6B
S31500002DB010FA7FF741AEB6EE007A01223FE627EE23
S31500002DC0A67AA5E5D3ED006ADFED4D7AF4EEE76A63
S31500002DD0F1EE10FAFFF626AFDFED4A7AB4EE677A27
S31500002DE0012A38BF0122F1EE10FA37FE877A19E779
S31500002DF03378022B3FF67CAF3378002B00F02F811F
S31500002E002368414AA2FB032313F0100F14BF0324C7
S31500002E1001246EE7D3ED006ADFED397AF4EEE76A56
S31500002E20F1EE10FAFFF6DBAEDFED367AB4EE677A36
S31500002E30012A38BF0122F1EE10FA37FE877ACEE674
S31500002E40324A334B11681B68324A5B1A1360F8E446
S31500002E5093ED006ADFED306AB4EEE66AF1EE10FA41
S31500002E60C0F2878093ED006A9FED2C5A76EE666A73
S31500002E7086EE856AF6EE005A77EEC67A67EEA57A92
S31500002E80B4EE677A022A34BF02220322F1EE10FA68
S31500002E9037FE877A2BE61E4A1C4B12681A60D0E46E
S31500002EA00022104B1A801AE700220A4B1A80F1E61C
S31500002EB0C00000200000B4420000A0429A99993E4A
S31500002EC000000000640F0020C9360020E03A002010
S31500002ED0BA0000205A0F00205D0F0020ABAAAAAA54
S31500002EE0B9000020580F00205C0F0020710F002051
S31500002EF0900F0020700F0020A4040020140500206D
S31500002F0000008C423333333FD34D6210203700200C
S31500002F10283700201C3700209A99593F9899193E66
S31500002F20504B514ED3ED001A504BDFF87891D3ED4C
S31500002F30000A4F4B4F4F93ED000A99ED001A4E4B86
S31500002F4031464E4AFDF7F6F897ED007AD6ED017A4E
S31500002F5067EE877ADFF85081C6ED017A98F800307F
S31500002F60002B3FF4DEAC002333607360D9E4012705
S31500002F70C5E6D3ED006A9FED426AF4EEC66AF1EE4D
S31500002F8010FAFFF6B4ADD3ED006AB6EE005A76EE4F
S31500002F90C66ADFED3C5A66EE856A86EEA56A77EE6E
S31500002FA0C67AB4EE677A012A38BF0122F1EE10FA2A
S31500002FB037FE877A9BE5DFED347A9AE440F6B73C34
S31500002FC03248DFF8E8E00168013161450160CEF87A
S31500002FD000107FF6C3AC4FF07C5100204FF0020E7C
S31500002FE0DFF8CCC02B702A4B8CF80020DFF8C4C069
S31500002FF01960596099603060706040F60751254845
S315000030008AF800208CF800E001F02EFA224B1B789B
S31500003010002B3FF4D9AC9AF80030002B3FF4A2AC59
S31500003020D2E4D3ED006AB2EE0C7AF4EEC76AF1EEA2
S3150000303010FA7FF501AD93ED007AB4EEE77AF1EE82
S3150000304010FA3FF7B8AEF7E400210122134B1980BE
S31500003050134B1A70B8E49FED0C7A0322EFE40124B7
S3150000306047E600BFD8000020843A00207C3A0020C2
S315000030706C3A0020BC000020783A0020A83A0020D4
S315000030803333333F9C99193E00000000880F00201F
S31500003090983A0020E03A00207D0F0020720F0020B1
S315000030A07C0F0020743A0020C8360020800F0020D4
S315000030B07E0F0020C9360020064A074913780133DF
S315000030C0DBB213700379012B08BF044A0B7008BFEB
S315000030D01370704743050020B10000204A05002008
S315000030E00379023B1E2B11D8DFE803F03F101710BF
S315000030F010101110101010101010111010101010C8
S315000031001010101010101010101011007047304AD7
S31500003110138801339BB2138070472DE9F0412D4C83
S315000031202D492388027A01339BB223800B783F2BEB
S3150000313006D80B78294C581CC0B2DBB20870E25492
S315000031400D2A16D00A2A14D025490B889BB27E2B4D
S3150000315009D800240B889BB2581C80B208802148ED
S315000031602149C2540C80BDE8F08100221F4B1A7021
S3150000317070471B4C23889BB20BB31D4D2B78032B3A
S315000031801DD823889BB23E2B1DD8228892B290462A
S31500003190184E194F3078134907EB801003F09CFE48
S315000031A00023327807EB821707F8083033780133AB
S315000031B003F0030333702B780133DBB22B7000234B
S315000031C02380BDE8F0814FF03F084246E0E700BFAC
S315000031D0BA050020BC0500207405002078050020F3
S315000031E0CC0E0020D00E0020C0050020C80D002007
S315000031F0C90D0020CB0D0020CC0D0020FFFFFFFFE6
S315000032009FED010B704700BF000000000000F07F3B
S315000032109FED010A704700BF0000807FFFFFFFFFA0
S315000032209FED010B704700BF000000000000F0FF9B
S315000032309FED010A704700BF000080FFFFFFFFFF00
S315000032409FED010B704700BF000000000000F8FF73
S315000032509FED010A704700BF0000C0FF08B5FFF7E9
S31500003260EFFF0E4B83ED000BFFF7F2FF0C4B83EDE8
S31500003270000AFFF7C5FF0B4B83ED000BFFF7C8FFF6
S31500003280094B83ED000AFFF7CBFF084B83ED000BDC
S31500003290FFF7CEFF064B83ED000A08BDC83A0020B3
S315000032A0B83A0020D83A0020C03A0020D03A002090
S315000032B0BC3A002008B5FEF72BF8002008BD00BF79
S315000032C02DE9F043C36B06795C6846712388A94FE4
S315000032D01D0A2D0155FA83F357F82330C3F3400333
S315000032E09B00037165884FEA152C4FEA0C1C5CFAAB
S315000032F085F557F8255005F002052B430371A5887F
S315000033004FEA152C4FEA0C1C5CFA85F557F8255048
S31500003310C5F3400E4EEA030E80F804E0002E00F0DE
S31500003320C480038EA58C9D4284BF01330386038926
S3150000333001339BB20381B4F82880984528BF98468C
S315000033407645A0F8088000F0B380A31D9C4690F84F
S31500003350069004F10C0580F807901CF8017F77456C
S3150000336005D11CF8017CB74204BF0127877165456A
S31500003370F3D113F801CBE64504D11F78B74204BF59
S31500003380002787719D42F4D1857D6B1CDBB2062B2D
S3150000339028BF002300EB4505A5F80A8086798375CA
S315000033A0B14500F0AD8000273D46BC46E38C63F393
S315000033B00F0763F31F47C0F80A70E78C984667F358
S315000033C00F0567F31F45C0F80E50E58CB94665F347
S315000033D00F0C65F31F4CC0F812C0AC4643443B4487
S315000033E04B442B44634407EE903A9FED637AF8EE24
S315000033F0E77A87EE276A012E1ABFB1EE466A9FED7D
S315000034005F7A9FED5F7A002380ED076A80ED067A8A
S315000034100381D4ED046ADFED5B7A66EEA76A66EE99
S31500003420866AC0ED086AD4ED057A6FF00407DFED11
S31500003430564A9FED515ADFED555A37EE277A631DEE
S3150000344004F10B063F1B9C4613F8015F75450DD131
S3150000345007EB0C0507EE905AF8EEE77A67EEA47ACA
S3150000346067EE857A87EEA56A37EE067AB342EAD129
S31500003470DFED417AB4EEE77AF1EE10FA31DD37EEA0
S31500003480677AF0EEE67A94ED0B6AB4EEE76AF1EE4F
S3150000349010FA03DD90F83830012B3BD0002380F87A
S315000034A03830C2ED006A81ED007A0020BDE8F08375
S315000034B090ED067AD0ED076ADFED307A37EE267AA0
S315000034C0B4EEE77AF1EE10FA80ED067A11DCDFED64
S315000034D02C7AB4EEE77AF1EE10FA0AD4D0ED086A47
S315000034E0A1E7B5EEC07AF1EE10FA48BF37EE277ABB
S315000034F0C7E7C0ED067AD0ED086AB0EE677A92E7C4
S315000035004389B0F80C80C789B0F81090458AB0F8A6
S3150000351014C063E7A58C038E9D421AD890ED0D6A00
S31500003520B5EEC06AF1EE10FAD0ED0A6AD0ED0B7A6C
S3150000353012DB76EEA76AC0ED0A6AD4ED077AF4EEDE
S31500003540E76AF1EE10FAACDDC0ED0A7AF0EE676AD2
S31500003550A7E7DFED0F6AA4E776EEE76AC0ED0A6A31
S31500003560D4ED077AF1EE677AF4EEE76AF1EE10FA37
S3150000357097D5E9E700F80140DB0FC940920A063FFC
S31500003580920A06BF00007A44000070420000B4436D
S315000035900000000070B5C16303464868F7EE006A94
S315000035A090ED047AC6EE877AC3ED0B7A90ED077A32
S315000035B067EE877AC3ED0B7AD0ED086A87EEA67AB6
S315000035C04FF0000E0024012583ED0B7A0F4E48685C
S315000035D003F1080203F1140C5E6083F83850C3F857
S315000035E018E0C3F81CE0C3F820E0C3F828E0C3F8ED
S315000035F034E01C819C751C86C18C22F8021F624532
S31500003600FAD1034A00201A6070BD00BF0000010114
S315000036104853544D2DE9F0411D4683689DF818C066
S315000036201E6E002E5FD1BCF10F0F04460F46C0E997
S315000036300312C0E90566C56180F820C04CD8BCF10C
S31500003640070F94BF4FF000084FF0010863685969EF
S31500003650C9B14FF0020CA5615B69A8B25968096847
S31500003660C881C8788A6068F30510C87088786CF3DA
S3150000367083008870002A3AD09A6818685368984779
S3150000368000282CD163681A699AB1022065611A690B
S31500003690ADB253681968CB78CD8168F3051360F332
S315000036A083034F60CB704FB3936810685B6898478D
S315000036B0A8B90121A26894F82000536923F4F813ED
S315000036C043EA00435361A3683046D966A26893680B
S315000036D00B439360BDE8F0814FF00208B6E706465B
S315000036E03046BDE8F08108263046BDE8F081C0B21C
S315000036F062F38300054A88708A60BDE7DBB267F330
S315000037008303CB70024B4B60CEE700BF603C0020CA
S315000037105C3C002010B49DF8044001945DF8044B15
S31500003720FFF778BF30B5836A85B004468C4601AD95
S31500003730ABB193E8070085E807006268184612787F
S3150000374083F804C01A60E26A9A60636A9847A36ABB
S315000037501BB195E8070083E8070005B030BD2B468E
S31500003760EBE700BF2DE9F0470B78D1F8108003F5A1
S31500003770800303F58D530D4604461F02B8F1000F72
S3150000378013D04FF00062D8F804301B681A60D8F8DE
S3150000379004301B689F60D8F80830D8E900011B6820
S315000037A098470646002840F01A816B6983B14FF4AA
S315000037B000215A68126811605A68126857609A6840
S315000037C0D3E90001126890470646002840F00A81B6
S315000037D000236560A9698C4A6162E969C4E90A3116
S315000037E02B7803F5800303F58D531B02A3606E7AD5
S315000037F0697B002E18BF4FF44412EF7A2B6AA87A21
S31500003800090341EA47010143D87942EAC0721878B0
S31500003810002840F0F380B6FA86F0400941EAC0116C
S31500003820587808B942F400329D7842EA0070DA7896
S315000038301F7A954045EA072A1F7912062FB1022FF3
S315000038400CBF4FF440174FF4001793F805C0BCF1B6
S31500003850000F06D0BCF1010F14BF40F4807040F495
S31500003860407093F809C00CF0030C42EA8C020A433C
S3150000387093F806C0002E40F0C4801E7BD97A360429
S315000038809B7A46EA012642F460421E43EFF3108813
S31500003890012181F310886368DFF884E11B78DEF884
S315000038A00490C3F1130301FA03F329EA0303CEF8E4
S315000038B00430DEF8043088F31088544BA568AB66F4
S315000038C0A368534DC3F810A0A3685E60A368DF60C9
S315000038D0A3685A61A36820F08042C3F840C0A36879
S315000038E09A60A3689A68986063684A489E7993F9D3
S315000038F002303601484AEF18F6B287F8006340F8FE
S31500003900234003F1C00652F8267027F4803742F8A8
S31500003910267052F82660BFF35F8F5E09B60003F08B
S315000039201F0306F1604601FA03F306F56146C6F881
S315000039308031336063685E7993F901303601EF18A0
S31500003940F6B287F8006340F8234003F1C00652F848
S31500003950267027F4803742F8267052F82660BFF3A7
S315000039605F8F5E09B60003F01F0306F1604601FA99
S3150000397003F306F56146C6F8803133606668337A2C
S3150000398096F904601B01AF19DBB287F8003340F8E3
S31500003990264006F1C00352F8237027F4803742F818
S315000039A0237052F82330BFF35F8F73099B0006F034
S315000039B01F0603F16043B14003F56143C3F880116C
S315000039C019600026636893F90320DB7915441B010F
S315000039D0DBB285F80033114B40F8224023603046B5
S315000039E0BDE8F087B8F1000FF9D0D8F80830D8F85C
S315000039F000001B6A98473046BDE8F08742F08072A7
S31500003A000EE7002642E700BF00103140000080FDAF
S31500003A1000E100E0AC3C00200060004049505352F9
S31500003A2000400840EFF30383103B1F4A5BB203F1EB
S31500003A30C00152F8210020F4803042F8210052F8EB
S31500003A4021201A4A52F82330D3E906218A421CD093
S31500003A501869996828B393F820C00968BCF10F0F5C
S31500003A600FD8BCF1070F8CBF20F81210815499684B
S31500003A704FF000408866D969013291429A6104D0BC
S31500003A80704740F822109968F2E75B6893F90330B3
S31500003A90012203F01F0006495B09824041F82320FA
S31500003AA070470868E4E700BF00600040AC3C0020B7
S31500003AB000E100E030B4EFF30383103B31495BB221
S31500003AC003F1C00251F8220020F4803041F82200B0
S31500003AD051F822202C4A52F823305D68DC692A6AA4
S31500003AE050785A6901281CD0A2420FD0D3E90201AE
S31500003AF0A9B193F820400F2C0AD951F82210016081
S31500003B004FF000509968013288665A6130BC7047A0
S31500003B10072C03D931F812100160F1E7895C0160C6
S31500003B20EEE704F1FF3C62450ED029690029DBD09F
S31500003B3095F90320154902F01F04A040520941F8E7
S31500003B4022005A69DC69CFE795F9034004F1C00207
S31500003B5051F8225025F4803541F8225051F82220A0
S31500003B60BFF35F8F6209920004F01F0402F1604206
S31500003B7000FA04F402F56142C2F8804114605A6901
S31500003B80DC69B1E700600040AC3C002000E100E0E9
S31500003B9030B4EFF30382103A2E4953B203F1C0005A
S31500003BA051F8204002F0FF0224F4803441F820400E
S31500003BB051F82010284951F823008168096D8901C0
S31500003BC005D54168497A012901D030BC70470121E9
S31500003BD0224C5B0902F01F02203301FA02F244F87C
S31500003BE02320BFF34F8FBFF36F8F436893F90230E3
S31500003BF05A0903F01F0301FA03F3203244F8223076
S31500003C00BFF34F8FBFF36F8F8468124BA26822F009
S31500003C100102A260426892F9022002F1C00453F840
S31500003C20245025F4803543F8245053F82430BFF34C
S31500003C305F8F53099B0002F01F0203F1604301FAF4
S31500003C4002F203F56143C3F880211A6030BCFFF726
S31500003C5069BD00BF00600040AC3C002000E100E010
S31500003C6070B5EFF30383324A103B5CB252F824601E
S31500003C70012273682F4893F90230590903F01F0394
S31500003C80203102FA03F340F82130BFF34F8FBFF320
S31500003C906F8FB1688B6823F001038B6073682649C8
S31500003CA093F9023003F1C00051F8205025F4803515
S31500003CB041F8205051F82010BFF35F8F03F01F0129
S31500003CC05B099B0003F160438A4003F56143C3F837
S31500003CD080211A60B368194A1D6D9A662A0112D4AA
S31500003CE0EB0116D405F0A055B5F1A05F1AD0124A23
S31500003CF004F1C00352F8231021F4803142F8231056
S31500003D0052F8233070BD05213046FFF70BFDEB015D
S31500003D10E8D50421304605F0A055FFF703FDB5F1BF
S31500003D20A05FE4D108213046FFF7FCFCDFE700BFC7
S31500003D30AC3C002000E100E000600040000080FD97
S31500003D40844610B4006A836823F440138360DCF869
S31500003D502040A36C5800FCD5A36823F01003A36091
S31500003D60DCF82040237FC3F30010DB06FAD4CCE94D
S31500003D700312A36843F01013A3605DF8044B704769
S31500003D80F0B5846A85B005460F4694466E46B4B1D2
S31500003D9094E80F0086E80F00EB6920461B78A760C1
S31500003DA0236084F804C0EB6AE3606B6A9847AC6AE8
S31500003DB01CB196E80F0084E80F0005B0F0BD34464C
S31500003DC0EAE700BF3C4B4168994272D170B4016A80
S31500003DD002468B6823F440138B60016A8B6823F0DC
S31500003DE010038B60006A037FC3F30011DB06FAD46D
S31500003DF00120D369314C93F907304FEA531C03F085
S31500003E001F030CF1200C00FA03F344F82C30BFF327
S31500003E104F8FBFF36F8FD36993F909304FEA531C65
S31500003E2003F01F0300FA03F30CF1200C44F82C30C6
S31500003E30BFF34F8FBFF36F8F156AAB6823F48033E0
S31500003E40AB60D36993F905304FEA531C03F01F03A7
S31500003E5000FA03F30CF1200C44F82C30BFF34F8F1B
S31500003E60BFF36F8FD36993F90B304FEA531C03F0FE
S31500003E701F0300FA03F30CF1200C44F82C30BFF3B7
S31500003E804F8FBFF36F8FEFF3108480F310884FF0DE
S31500003E900043D6690A4896F800C0456823FA0CF331
S31500003EA02B434360436884F310885160084670BC16
S31500003EB070470720704700BF4249435300E100E0C6
S31500003EC0004008402DE9F04300264FF0010C0A7827
S31500003ED0067002F5800202F58C521202C0E9071242
S31500003EE04A69034642628A69D04DC0E90A6282780D
S31500003EF0CC696CF3010282704A78B24214BF604604
S31500003F0002209A7860F301029A7091F90B0091F8F9
S31500003F100AE0420900F01F0720320CFA07F745F8BD
S31500003F202270BFF34F8FBFF36F8FC14A00F1C007F6
S31500003F3052F8278066F3104842F8278052F8277017
S31500003F40BC4F4FEA0E1E05EB00085FFA8EFE88F89E
S31500003F5000E347F8203091F9050091F804E04FEAB4
S31500003F60501800F01F0908F120080CFA09F945F865
S31500003F702890BFF34F8FBFF36F8F00F1C00852F840
S31500003F80289066F3104942F8289052F828804FEAA4
S31500003F900E1E05EB00085FFA8EFE88F800E347F870
S31500003FA0203091F9070091F806E04FEA501800F02A
S31500003FB01F0908F120080CFA09F945F82890BFF303
S31500003FC04F8FBFF36F8F00F1C00852F8289066F349
S31500003FD0104942F8289052F828804FEA0E1E05EB49
S31500003FE000085FFA8EFE88F800E347F8203091F962
S31500003FF0090091F808E04FEA501800F01F0908F18F
S3150000400020080CFA09F945F82890BFF34F8FBFF343
S315000040106F8F00F1C00852F8289066F3104942F8F5
S31500004020289052F828204FEA0E12D2B2054485F89D
S31500004030002347F82030EFF310868CF310884FF0FA
S31500004040004508787C4AC540506820EA0500506063
S31500004050526886F310884FF480601A6A90604A7836
S31500004060CD78C8691202AD0305F4804502F44072AA
S315000040702A43057846682D0605F040752A4345789B
S31500004080ED03ADB22A43457B6D0505F400152A43C1
S315000040901D6A42F480526A610578AA1E624540F2A2
S315000040A0BE8032681D6A2A61057B8A7805F00305A1
S315000040B045F0300532B1022A14BF4FF440724FF476
S315000040C0807215434FF0000C012640F21F278278BC
S315000040D0120702F080522A431D6AEA601A6AC2F881
S315000040E018C00A7806FA02F23A4202D01A6A53490E
S315000040F05162827BC57B017C02F0010205F01F0044
S3150000410042EA002200201D6A01F01F0142EA014234
S315000041102A63C3E90300C3E90500196A6489484DA7
S315000041201C818D66D969424A91F9051001F1C004D6
S3150000413052F8245060F3104542F8245052F82440B7
S31500004140BFF35F8F012501F01F044909890001F1C2
S31500004150604101F5614105FA04F4C1F880410C6043
S31500004160D96991F90B4004F1C00152F8216060F35E
S31500004170104642F8216052F82110BFF35F8F6109A3
S31500004180890004F01F0401F1604105FA04F401F509
S315000041906141C1F880410C60D96991F9074004F189
S315000041A0C00152F8216060F3104642F8216052F8CF
S315000041B02110BFF35F8F6109890004F01F0401F12C
S315000041C0604105FA04F401F56141C1F880410C60D3
S315000041D0D96991F9091001F1C00452F8246060F31D
S315000041E0104642F8246052F82420BFF35F8F4A0934
S315000041F0920001F01F0102F160428D4002F561421A
S31500004200C2F8805115600F491A6A9160196A0A7FCF
S31500004210D207FCD50C4A00205A60BDE8F0830B4A51
S315000042200B4E022D18BF32463CE700BF00E100E00E
S3150000423000600040AC3C00200040084000001F1F0A
S315000042401000079D110401004249435324FF00FF5B
S3150000425004FF00FFEFF30383103B204A5BB203F138
S31500004260C00152F8210020F4803042F8210052F8B3
S3150000427021201B4A52F82300C3691B6983B10369D5
S3150000428003B17047026A0021936823F4801343F454
S3150000429000139360436AC160C3B18022FFF770BD0B
S315000042A00369026A002BEED08378C16803F003032A
S315000042B0022B0CD00B7813718278D0E9031302F02D
S315000042C003029B1A1144C0E90313D9E770470B8810
S315000042D023F4DC439BB25360EEE700BF006000406E
S315000042E0AC3C002010B582B0EFF30383103B1F4AAD
S315000042F05BB203F1C00152F8210020F4803042F88D
S31500004300210052F821201A4A52F82340A27802F0DE
S315000043100303022B236A0CBF19681978A3690CBF23
S31500004320C1F30801C9B2019143B9636AB3B104226A
S31500004330204602B0BDE81040FFF722BD02F003029E
S3150000434001A9606902F0C8FDD4E90521A37803F04C
S3150000435003031A44C91AC4E9052109B102B010BD04
S31500004360636A002BFAD00122E2E700BF006000403A
S31500004370AC3C002010B5EFF303830F4A103B5CB250
S3150000438052F82400026A936823F4401323F01003C2
S315000043909360436A1BB102220021FFF7F1FC074A32
S315000043A004F1C00352F8231021F4803142F823109F
S315000043B052F8233010BD00BFAC3C00200060004026
S315000043C038B5EFF303831D4A103B5CB252F8240064
S315000043D08378056A03F00303022B0CBF296829784A
S315000043E0AA6C08BFC1F30801C2F30073C2F3006CE4
S315000043F04FEA031343EA4C13C2F3C06243EAC20C0A
S3150000440018BFC9B2DB06624604D5AB6C1B0458BFA5
S315000044104CF04002AB6E43F0C853AB66436A0BB137
S31500004420FFF7AEFC064A04F1C00352F8231021F44C
S31500004430803142F8231052F8233038BDAC3C0020BE
S315000044400060004010B40B0A064C1B0153FA81F1C0
S3150000445054F821300020C3F340035DF8044B137079
S31500004460704700BF00F801400120CBB2984080B2EF
S3150000447002B900040B0A5B0103F1804303F5F8332C
S3150000448098600020704700BFF0B5EFF3108201235B
S3150000449083F31088224E33681BB922490B734023DD
S315000044A00B7333680133336082F31088038823B3B8
S315000044B000211D4D08E01B01134445F823400288E6
S315000044C001318BB29A4218D9436853F8314003EB55
S315000044D0C1029288E7034FEA1223D2B2EBD502EB70
S315000044E0031C55F82CE024F480372EF4803E45F862
S315000044F02CE01B0145F82C70DEE7EFF31082012358
S3150000450083F31088336813B13368013B3360336833
S315000045101BB9802003490B73087382F31088F0BD22
S31500004520A83C002000FD014000F8014008B5034BFF
S3150000453003600846FFF7A8FF002008BD54524F50FD
S3150000454030B4EFF31084012383F310881D4B1868F1
S3150000455028B94FF0400C1C4D287385F80CC018681C
S315000045600130186084F31088D4034FEA1120C9B2D1
S3150000457019D40001154C084444F82020EFF31082AA
S31500004580012181F31088196811B119680139196080
S315000045901B681BB980200C490B73087382F31088C3
S315000045A0002030BC7047094C01EB001C54F82C501D
S315000045B0000125F4803544F82C5022F4803544F867
S315000045C02C50D7E7A83C002000FD014000F8014030
S315000045D003465A681B69002053607047034610B4AF
S315000045E0043900F10C0C53F8044F51F8042F62659E
S315000045F01C68A265027D022A0BD082695268526845
S315000046001278062A05D06345EDD100205DF8044BEB
S3150000461070471C68CA68E2651C682266F3E700BF3B
S315000046202DE9F04106460D4607460C4601F10C08F9
S3150000463054F8043FD3E9000100F0CAF923681B6867
S315000046409B6847F8043F2A78022A03D11A6C42F481
S3150000465020221A644445EBD16A69044B32612A78F8
S31500004660B561327533600020BDE8F08133545047A0
S3150000467003460020D3E902239360704703460020D7
S31500004680D3E902235360704703460020D3E902238F
S31500004690D3607047034670B45A689E68D26900209A
S315000046A0D2E9011444F00045D46875619D6844F070
S315000046B00044AC619C6841F000412161146999682D
S315000046C04C629B6852699A6270BC704703464FF011
S315000046D00041002210B49C68104621619C6861610B
S315000046E09C68A16199684A629B689A625DF8044B6E
S315000046F0704700BF43681B78032B88BF0A46836850
S3150000470098BF01F1FF329A6643681B782BB983681C
S31500004710490801395965836899658368D96AC90763
S3150000472007D44FF4AA015A6683681964D0E90232A5
S31500004730DA600020704700BF03469B6812320139D9
S3150000474003EB820300205960704700BF03469A6856
S315000047500020D26AC2F300020A719B689B6C0B6050
S31500004760704700BF84460020CCE90632CCF814100E
S31500004770704700BF70B5836984B004468C46164600
S3150000478001AD9BB193E8070085E8070083F804C0F4
S315000047909E60E26918461A6063699847A3691BB16F
S315000047A095E8070083E8070004B070BD2B46EDE7E7
S315000047B0D0E9012312785B6E032A98BF01338B6020
S315000047C080680B4A0B4BC06A126A1B68C2F3026C04
S315000047D003FA0CF34FF0010C02F00702C0F3C350CA
S315000047E0D340C3404B60002081F800C0704700BF33
S315000047F000E00140EC3C002010B490F800C0886E48
S31500004800BCF1030F1ED80130AAB9019C496BE4071D
S3150000481054BF01F01F01C1F3044101F00C01A1F1E5
S315000048200401B1FA81F14909E2B921BB02225DF81E
S31500004830044B5A6070479042E7D9013A5DF8044B41
S315000048401A6070470AB19042F8D8019C496BE40798
S3150000485054BF01F01F01C1F30441090981F00101B0
S31500004860002AE2D0824201D30029DFD103225DF87B
S31500004870044B5A6070470028D8D0F7E7FFFFFFFFC8
S315000048809FED397B2DE9F04385B00092866802AB37
S31500004890074688461446406802F003090A46314630
S315000048A08DED027BFFF7A8FF039B356B93B914F0E0
S315000048B0080F14BF04220222A107029820D502F194
S315000048C0120106EB81014860B968133201EB8201DF
S315000048D04860BE6862061BD5326CB9F1010F42F41E
S315000048E08002326427D025F44035BE6845EA034588
S315000048F0B9F1000F16D10020356305B0BDE8F0838D
S315000049004A44123206EB820250606206BE68E3D465
S31500004910B9F1010F23D025F44035022C45EA0345B1
S31500004920E6D173B925F0407545EA03650020356385
S3150000493005B0BDE8F08325F04075BE6845EA03651D
S31500004940F4E70121786802AB009142463146FFF751
S3150000495053FF039B25F0407545EA0365E6E7022C05
S31500004960E0D1DEE7AFF30080FFFFFFFF00000000AD
S31500004970002800DA704710B400F160430901124CB8
S31500004980C9B203F5614383F80013104B44F82020A5
S3150000499000F1C00253F8221021F4803143F82210AE
S315000049A053F82230BFF35F8F012243099B0000F0CA
S315000049B01F0003F1604303F561438240C3F8802181
S315000049C01A605DF8044B7047AC3C00200060004064
S315000049D02DE9F04301270B7C002607FA03F3C36099
S315000049E0C3F30903B3FA83F35B09416003740B7CD9
S315000049F0A94ADFF8B4C21A44120282604B690D4616
S31500004A0043618B690446C0E9066385B0CE69CCF87C
S31500004A10007BEFF3108187F31088A04B1A6922F010
S31500004A2000421A611B6981F31088C3681B070CD00A
S31500004A30EFF3108187F31088994AC06853889BB2B8
S31500004A4023EA0003538081F310884FF425410023A5
S31500004A50A2681160A268D362A268D363A268936455
S31500004A6029782B7A6A6803294FEAC35302F1FF308B
S31500004A7000F04A8184BF104643EA01434FF00042EA
S31500004A800021A7689FED827BFB62A3688DED027B08
S31500004A901A61A3685A61A3689A61A3685962A368F8
S31500004AA09962A368B269DA61A368F2691A62A368B7
S31500004AB09866A36858662B78D6F83880002B40F0A5
S31500004AC00F8101234FF0030C6A68A7685208013A68
S31500004AD002927A65A1688A652978032903D9A168B3
S31500004AE0CA65A1680A66B26BBAB932788AB12F78FC
S31500004AF07278022F4FEA82104FEA021100F00C8101
S31500004B0040F21381032248EA020202430A4342F4B6
S31500004B108078B278002A40F0C9806268D26992F83B
S31500004B203010C80705D5916AA0680139C16492F8AA
S31500004B303010890703D5D26AA168013A0A650121B6
S31500004B402A7C01FA02F2C2F30902002A42D00020AE
S31500004B50A2685064776BD4F808E0002F00F0B580A7
S31500004B60287CBA7897F8039001FA00F01206C0F391
S31500004B70090042EA0972002836D0B868002800F019
S31500004B80C680CEF888104FF0010EA168B868C1F84B
S31500004B908C00297C0EFA01F1C1F30901B9B1A168B3
S31500004BA0F868C1F89000787E397E000240EA8110EC
S31500004BB0B97E40EA0130A1684864A168386997F86F
S31500004BC004E00867A168786942EA0E42C867D4F82B
S31500004BD008E009E0776BD4F808E0002F75D0FA7882
S31500004BE0B978120742EA0162CEF83820B26B7AB978
S31500004BF03A7FF97E520642EA412248EA020896F8CE
S31500004C00212096F82010520742EA413248EA02086B
S31500004C1096F83020002A14BF4FF4A0014FF4AA01E1
S31500004C20A26811642A78012A04D10021A268D164FD
S31500004C30A2681165A268C2F83480A268C2F830C0C2
S31500004C40A2681363D4E90232DA60697C224695F9D8
S31500004C501200FFF78DFE224696F8221096F92400E0
S31500004C60FFF786FE224696F8231096F92500FFF7F1
S31500004C707FFE2FB12246397897F90100FFF778FEBB
S31500004C800020084B236005B0BDE8F083AFF3008039
S31500004C90FFFFFFFF000000009016400000400840A4
S31500004CA000A016405450470000901640F17828782E
S31500004CB00A01022842EA811230D03BD903210A4375
S31500004CC048EA024242F0807827E70027CEF838709B
S31500004CD0A268C2F88870B26B002A99D117468EE78F
S31500004CE0012BA7681CD00091EA68394602AB6068C0
S31500004CF0FFF782FDDDE902210B0643EA014343F09B
S31500004D00030C43F00103E4E643F48033B6E6F968A6
S31500004D10003918BF012134E70922F4E60921CEE75C
S31500004D204FF0030C4FF0FF32D3E6002A0CBF0622E9
S31500004D300922E8E600290CBF06210921BFE700BFCA
S31500004D4030B44268034692F91210D269002910DB8A
S31500004D50012401F01F05AC4048092B4D203045F8D1
S31500004D602040BFF34F8FBFF36F8F0024274840F8D2
S31500004D70214092F92410002910DB012401F01F05BF
S31500004D80AC404809204D203045F82040BFF34F8FF6
S31500004D90BFF36F8F00241D4840F8214092F925107B
S31500004DA0002910DB012401F01F05AC404809164D0F
S31500004DB0203045F82040BFF34F8FBFF36F8F00249C
S31500004DC0124840F82140526BA2B192F90120002A04
S31500004DD010DB01200C4C510902F01F052031A840C0
S31500004DE044F82100BFF34F8FBFF36F8F00200749B0
S31500004DF041F822000020D3E90221186091609B68E7
S31500004E00586330BC704700BF00E100E0AC3C0020B6
S31500004E1082680129536B02D043F4807309B143F0D1
S31500004E208073002053637047F0B5EFF30382103AA6
S31500004E30214C51B201F1C00C54F82C3023F48033CC
S31500004E4044F82C308B0003F1804303F5C043D3F8BC
S31500004E5000031A4850F82100456895F800E0BEF1B5
S31500004E60010F08D043692BB1BDE8F040002211467E
S31500004E70FFF780BCF0BD0025D0E90267B760866801
S31500004E8002F0FF02B5648668F5648668356554F8F5
S31500004E902C6065F3104644F82C60D3F80033BFF35A
S31500004EA05F8F074C4B0902F01F020EFA02F26033C5
S31500004EB044F82320D6E700BF00600040AC3C002049
S31500004EC000E100E0844630B482B0019100921D49B1
S31500004ED090F904201C4D51F82200C03255F82210DA
S31500004EE01A4C21F0807145F822109CF9041041F407
S31500004EF00041E28992B29142FBD008222274019AC3
S31500004F000AB1019A4260009A0AB1009A8260C27898
S31500004F1002F0C001802913D03F2A98BFC38118220E
S31500004F2000200A4B08491A749CF90430C03351F822
S31500004F30232042F0807241F8232002B030BC704733
S31500004F408381ECE700000020006000400054004030
S31500004F500620704706207047034693F9043005493A
S31500004F60C03351F82320002042F0807241F82320FC
S31500004F70704700BF00600040034693F904300549BE
S31500004F80C03351F82320002022F0807241F82320FC
S31500004F90704700BF00600040002290F90400124BE9
S31500004FA053F82030C1E90022DA783F2A0CD94FF4B1
S31500004FB080728A60DA89D2B2CA60DA7802F0C002F8
S31500004FC0802A09D0002070474FF480328A60DB893E
S31500004FD000209BB2CB6070474FF480320A609B89F9
S31500004FE000209BB24B6070470000002006207047EF
S31500004FF0062070470346002230B593F904C0074CDB
S315000050000CF1C00E54F82E10054D21F0807144F8B5
S315000050102E1045F82C201A60104630BD0060004066
S315000050200000002030B5864690F904301C4DC03390
S3150000503055F823201B4C22F0807245F8232090F966
S31500005040042042F40042E3899BB29A42FBD00B460D
S31500005050DA789C463F2A05D9DA89D2B202EB0222D7
S3150000506092B2DA819CF8022010333F2AF0D84FF032
S31500005070080C18220B4B0C4D83F810C09EF904C087
S31500005080074C45F82C101A749EF904300020C033E2
S3150000509054F8232042F0807244F8232030BD00BF2C
S315000050A0006000400054004000000020F8B5274A88
S315000050B0044613780D4643B36B6893F90030002B12
S315000050C03FDB234850F82320002A3CD123712D686A
S315000050D0BDB12B46DA7819463F2A05D9DA89D2B20C
S315000050E002EB022292B2DA818A7810333F2AF1D893
S315000050F008211822174B197494F9041040F821500E
S315000051001A74154B00202360F8BD01261670EFF3C4
S31500005110108086F31088114A116821F4800111600D
S31500005120126880F310880A4F19463422384601F077
S3150000513087FE084B5F611E736B6893F90030002B86
S31500005140BFDA0B20F8BD0820F8BD00BF643C002084
S315000051500000002000540040004354440040084032
S31500005160844610B40A4ADCF80430D2F8084C0B40E6
S315000051702343C2F8083CDCF80840D2F8103C214032
S315000051801943C2F8101C00205DF8044B704700BF9D
S3150000519000001740084BD3F8802C0378013B032B03
S315000051A005D9131E18BF012300200B707047022378
S315000051B000200B70704700BF0000174003461A78A6
S315000051C0052A17D8DFE802F02A2E1D1803034FF030
S315000051D0050C1A691949506990F8902002F00702E7
S315000051E0C1F8802290F89020C2F30212C1F88C22F6
S315000051F083F800C00020704702224FF440701A70F6
S31500005200704704210D4A1970D2F88C124907D6D07E
S3150000521007234FF48060C2F88C32704701220320C6
S315000052201A7070470321054A1970D2F88012480790
S31500005230C5D007230420C2F880327047000017400B
S315000052400023F0B50161CA68044642610A69037029
S31500005250C0E906324969EFF31080012383F3108811
S315000052606C4BDA6822F48032DA60DA6880F31088F0
S315000052700A7F02F00302012A0AD1EFF3108082F3BB
S3150000528010881A6922F000421A611B6980F310889F
S3150000529000230A6A6048C26003604368002BFCD1A1
S315000052A00125CA6982605C4A056050680128FCD104
S315000052B00025486A584E10645564D1F89C50081F62
S315000052C0C2F8605291F8905005F00705C2F8805276
S315000052D091F89050C5F30215C2F88C52D1F894504B
S315000052E0C2F88852D1F89850C2F894524D69C2F863
S315000052F040538D69C2F8445350F8042F03F1B005AA
S31500005300013342F48032042B46F82520F4D10B7C7D
S31500005310424D1804002B18BF40F00100C6F80003E8
S31500005320486E3F4BC6F86402886E01F19C02C6F8CF
S31500005330B00252F8040F043343F8040C106AAB426F
S31500005340D861506C1864F4D1002240F2FF174FF078
S31500005350010ED1F8E000304B324EC3F8A003C3F87B
S315000053600024C3F80424C3F80824C3F80C240A8FC5
S315000053702D4DC3F8C0244A8F2C48C3F8C424CA6BE9
S31500005380C3F8C8240A6CC3F8CC244A6CC3F8D024EA
S315000053908A6CC3F8D424CA6CC3F8D824C3F8F07C4A
S315000053A023695B69DB6E03F11C0103F1380C11F90B
S315000053B0013B002B21DB11F81D2CF7181201D2B28C
S315000053C087F8002303F1C00245F8234050F8227005
S315000053D027F4803740F8227050F82220BFF35F8F01
S315000053E05A09920003F01F0302F160420EFA03F31A
S315000053F002F56142C2F8803113606145D7D10322BC
S315000054004FF44035044B0A499D621A625A62616242
S315000054100020F0BD00400840000017408003174000
S315000054206003174000E100E0AC3C00200060004053
S315000054304843444100222DE9F04F82468B460169DC
S315000054408D4B8E4C496985B0027043F8102BA342F0
S31500005450FBD1CA6A8A4B8B48DA640A6B01F18C0469
S315000054601A654A6B401A5A650A6DC3F8C0214A6D1F
S31500005470C3F8C4218A6DC3F8C821CA6DC3F8CC210C
S315000054800A6EC3F8D02101F16C03C21853F8041F49
S31500005490A3421160F9D10027CAE901779BF80020E1
S315000054A0002A00F0E58051465B46BA46BB461A46DE
S315000054B00846754E0121536853F8275095F800C0E9
S315000054C06B682C7923F07F4301FA0CF104FA0CF493
S315000054D089B223F0FF034BEA040B4AEA010A002BC8
S315000054E040F0C080AB68002B40F0BC8083680B4363
S315000054F083602B786979654C1B0119512B78A97942
S315000055001B01043419512978AB68090104340B5185
S315000055102B69297804F59C7444F82130EB78002B2C
S3150000552051D00024DFF86C91DFF85481009009E037
S31500005530622902D10121C8F82013E8780134E1B2CA
S3150000554088423FD9A96951F8243019785868090169
S3150000555001F1804101F5B811C1F800069868C1F85B
S315000055600406D868C1F808061869C1F80C06596817
S31500005570C1F306216129DBD13178C909DDD1019258
S31500005580EFF3108C012181F31088D9F80C0020F478
S315000055908000C9F80C00D9F80C008CF3108896F836
S315000055A000C01E204CF0800C86F800C000F098FA6F
S315000055B03178013441F010013170E878E1B2884267
S315000055C0019ABFD8009813780137F9B28B423FF69B
S315000055D071AF044611465A468B46216950464F69BB
S315000055E0A24697F82210B7F820C0CC4381F00201FA
S315000055F0C1F340018DF80D1004F00101CCF30A0C43
S315000056008DF80C1093B34FEA830EDAF804300FFAD4
S315000056108CFC4FEA4C0C4E3743B300231E46DBF896
S31500005620048058F8031037F8025F49780CEB05043C
S315000056301031694411F8041C01B92C1DA64203F16E
S31500005640040338BF26467345EBD101360C4BCAF826
S315000056500C60986400200E49DA65CAF8201005B07F
S31500005660BDE8F08F43680B43436042E70126EDE750
S3150000567001261046EAE700BF00061740500817400B
S3150000568000001740D401174000300F40C0001740FB
S3150000569048434441004008402DE9F04190B09DF850
S315000056A05870EFF303841F4D103C64B255F8245034
S315000056B06E698EB30593FF23ADF81810D5F81880E0
S315000056C0E9698DF80200ADF80070049201918DF839
S315000056D00830B8F1000F23D0C4464746BCE80F0097
S315000056E0EE4608AE0FC69CE80F0086E80F00BEE83F
S315000056F00F000FC79EE80F008CE80F006B6940464D
S315000057009847AB6943B19C4608AD0FCDACE80F0096
S3150000571095E80F008CE80F00204610B0BDE8F08138
S31500005720E846EBE7AC3C0020002310B515490370B2
S31500005730C1F8083CC3681BB1D1F8802C013BFBD1F2
S31500005740104AD2F8803C3BB140F20113C2F8603CEB
S31500005750D2F8803C002BFBD103236FF0604140F26E
S31500005760E712084CC4F88C3CC4F8B43CC4F8B81C26
S31500005770C4F8C42CFFF722FD0346C4F8003C002001
S3150000578010BD00BF0000174030B491FAA1F030B34D
S31500005790B0FA80F3144C154D580804EB83041B0132
S315000057A005EB800503F010002B6803F00F13C340D0
S315000057B0C3F10803DBB21370A3B1043202EB830317
S315000057C0206842F8040B9342FAD10020084BD3F824
S315000057D0F82C61F31842C3F8F82C30BC7047054C1E
S315000057E0054DE1E70D20F1E700121740D00C1740F8
S315000057F00000174080121740100D17402DE9F043A6
S31500005800254B83B0D3F8881CD3F8A05C11F0010FA8
S3150000581014BF0727032715F001053BD0D3F8A45C76
S31500005820D3F8B03C07279946EFF303831B4A103B96
S315000058305CB252F824804046FFF7C0FC032F0646B0
S3150000584023D00623002688F80030FF212A4600913F
S315000058504B4638460021FFF71FFF01200E4A10492C
S31500005860C2F89C0C04F1C00351F8234024F48034A0
S3150000587041F8234051F82330D2F8803C002BFBD16D
S31500005880C2F8006C03B0BDE8F08398F80030042B32
S31500005890E3D9DAE7A946C7E700001740AC3C002089
S315000058A0006000402DE9F043274B83B0D3F8881CF5
S315000058B0D3F8A02C11F0020F14BF4FF007084FF0D9
S315000058C00308C2F3400592073BD5D3F8A45CD3F88E
S315000058D0B03C4FF007089946EFF303831B4A103B91
S315000058E05CB252F824703846FFF768FCB8F1030F33
S315000058F0064622D0062300263B70FF212A46009149
S315000059004B4640460021FFF7C7FE02200E4A1049CB
S31500005910C2F89C0C04F1C00351F8234024F48034EF
S3150000592041F8234051F82330D2F8803C002BFBD1BC
S31500005930C2F8006C03B0BDE8F0833B78042BE4D9D1
S31500005940DBE7A946C8E700BF00001740AC3C0020D3
S315000059500060004010B5FF2482B000220023012120
S3150000596000940020FFF798FE0121074A074BC0303C
S31500005970C2F8541D53F8202022F4803243F8202028
S3150000598053F8203002B010BD000017400060004000
S31500005990064B074993F826001A6A51F82030C2F3DD
S315000059A002620449D3400B60704700BF00E001402B
S315000059B0C8020020EC3C00204AF203500123394A79
S315000059C03949F0B5A2F8FE03A1F80431B1F8043163
S315000059D09BB2002BFAD101244FF400454FF0090C7D
S315000059E03248DFF8E0E0324EC0F804E0314FDFF82D
S315000059F0D8E02C4AC0F80CE0A1F80041B46034604D
S31500005A00076092F826102C4985600561146A416189
S31500005A1082F8133482F8A2C082F8323092F83C3011
S31500005A201907FBD54FF4985400231E49148582F8B4
S31500005A302A3091F83C309B06FBD505234FF0010C2C
S31500005A40194E1E4D86F81CC10D6281F8263091F85C
S31500005A5026301B4C50F82330086A124AC0F3026005
S31500005A60C340236091F8753043F0400381F87530E8
S31500005A7092F87530DB09FBD0C52082F86D3082F8CC
S31500005A80750092F87530074903F0BF0382F8753048
S31500005A9091F87530DB09FBD14FF42543A1F8FE33AD
S31500005AA0F0BD00BF00E0014000C00140C802002078
S31500005AB000700040002D3101001C4E0E2112022004
S31500005AC0EC3C002000127A0000366E01704700BFE1
S31500005AD000BEFEE7A0F101000028FBD1704700BF21
S31500005AE04FF47A7310B400FB01F1114C114A24688B
S31500005AF0B2FBF4F2A1FB03043CB9B0FBF2F0800860
S31500005B0060B15DF8044BFFF7E5BF9200B1FBF2F11F
S31500005B10A1FB03132BB908460028F2D15DF8044B0C
S31500005B2070474FF0FF3C5DF8044B6046FFF7D2BF6D
S31500005B30EC3C002000CA9A3B70B500240B4B0C4E7F
S31500005B40B3F82021B3F84051ADB2154025FA04F35D
S31500005B50DB0704D556F82430E0B203B19847013488
S31500005B60102CF3D1014BA3F8305170BD00600040FA
S31500005B70683C002030B5032085B000F075F800259C
S31500005B806FF0FF014FF0FF301B4B1C4C996422460F
S31500005B902B464FF0010ECDE90100039032F8021BAF
S31500005BA00EFA03FC013311B1012520EA0C000D2B7E
S31500005BB0F4D1F5B10190124B0F4A1067C3F8800279
S31500005BC0029903205167C3F8841203999167C3F8B9
S31500005BD0881200F019F800230A4834F8022B03F162
S31500005BE0C00101330AB140F821200D2BF5D105B0D3
S31500005BF030BD4FF0FF30DEE7008000409C9F000084
S31500005C0000E100E000600040EFF31081012383F320
S31500005C101088124B33F8102092B22AB133F81020B4
S31500005C20013A92B223F8102033F810309BB293B9A0
S31500005C3010B40B4A0B4CB2F8FE3334F810009BB28A
S31500005C4043F4254323EA0003A2F8FE3381F31088C8
S31500005C505DF8044B704781F310887047E03C0020E4
S31500005C6000E0014018A0000030B4EFF310810123DA
S31500005C7083F310880E4A32F810309BB26BB90D4C84
S31500005C800D4DB4F8FE3335F810C09BB243EA0C0351
S31500005C9043F425439BB2A4F8FE3332F810300133A7
S31500005CA09BB222F8103081F3108830BC704700BFD9
S31500005CB0E03C002000E0014018A0000008B50C4AB6
S31500005CC00346106840B103330A4923F00303034433
S31500005CD08B4205D8136008BD074908461160F2E7F4
S31500005CE001F0E8F80C2203461A604FF0FF3008BDB9
S31500005CF0E83C0020383E0020383E002000BE7047B9
S31500005D0008B500F003F8FDF7D5FAFEE74FF4700288
S31500005D1070B5304B304CC3F888209C60EFF310818F
S31500005D20012585F310882D4B9A6822F480129A601B
S31500005D309B6881F310880020FBF754FEFFF73CFEBA
S31500005D402846FBF74FFE2368A3F5805383F30A88A2
S31500005D502348244A0021121A01F072F82248234AE5
S31500005D602349121A01F0B8F8224D234B5B1B002B76
S31500005D7007DD00249E1055F8043B01349847A642DF
S31500005D80F9DCFFF705FE0320FFF76EFF00234FF651
S31500005D90FF701A4903F10C0201330F2B21F8220080
S31500005DA0F8D100240320FFF72FFF0320FFF75CFF45
S31500005DB0134B03205C609C60DC601C61FFF724FFD2
S31500005DC00220FBF70FFEFFF7D5FE2046BDE8704028
S31500005DD0FFF77CBE00ED00E0000000000040084038
S31500005DE0E8020020383E002038000020C8020020CB
S31500005DF0CCA30000C0020020C402002000FD014028
S31500005E0000000E404FF0FF3C06E000BF4FF0010CD3
S31500005E1002E000BF4FF0010C4DF804CD4FEA410CF3
S31500005E207FEA6C5C4FEA430C18BF7FEA6C5C1BD0C0
S31500005E3001B050EA410C0CBF52EA430C91EA030F41
S31500005E4002BF90EA020F0020704710F1000F91EA9E
S31500005E50030F58BF994208BF90422CBFD8176FEA6C
S31500005E60E37040F0010070474FEA410C7FEA6C5C3A
S31500005E7002D150EA013C07D14FEA430C7FEA6C5C41
S31500005E80D6D152EA033CD3D05DF8040B704700BF6D
S31500005E908446104662468C461946634600E000BFBB
S31500005EA001B5FFF7B7FF002848BF10F1000F01BD8D
S31500005EB04DF808EDFFF7F4FF0CBF012000205DF858
S31500005EC008FB00BF4DF808EDFFF7EAFF34BF0120DD
S31500005ED000205DF808FB00BF4DF808EDFFF7E0FF76
S31500005EE094BF012000205DF808FB00BF4DF808EDC7
S31500005EF0FFF7CEFF94BF012000205DF808FB00BF2E
S31500005F004DF808EDFFF7C4FF34BF012000205DF80F
S31500005F1008FB00BF4FEA4102B2F1E04324BFB3F5EC
S31500005F20001CDCF1FE5C0DD901F0004C4FEAC0020A
S31500005F304CEA5070B2F1004F40EB830008BF20F0EE
S31500005F400100704711F0804F21D113F13872BCBFA8
S31500005F5001F00040704741F480114FEA5252C2F1FD
S31500005F601802C2F1200C10FA0CF320FA02F018BF46
S31500005F7040F001004FEAC1234FEAD32303FA0CFC99
S31500005F8040EA0C0023FA02F34FEA4303CCE77FEA28
S31500005F90625307D150EA01331EBF4FF0FE4040F472
S31500005FA04000704701F0004040F0FE4040F4000021
S31500005FB0704700BF002100F007BE0A22002100F052
S31500005FC089BE70B504460D46164645EC104B01F0E9
S31500005FD05DFF51EC100B7EB1C5F30A53C3F16B03A1
S31500005FE0002B09DD1B05002403F17F55224605F52C
S31500005FF040152B4602F0C6FD41EC100B70BDFFFFAD
S315000060002DE9F04F9FB00C464FF0000A4FF0000B01
S315000060101792002205901A920A46199211782B2996
S315000060204AD038D80D2932D8082932D800293BD091
S3150000603000220E92199D2A78302A40F0B2806A78A2
S3150000604002F0DF02582A6ED1029319A90E9B904ADC
S3150000605001931AAB059800931BAB01F013F810F0EF
S315000060600F06044605D0062E28D1013500231995C2
S315000060700E93179B002B40F08E850E9BCBB152469C
S315000060800BF1004343EC102B1FB0BDE8F08F202925
S31500006090CED10132C1E72D29CAD101210E91511C61
S315000060A019915278002AC5D1179B1994002B40F0FC
S315000060B0708552465B46E5E70021EFE71A9A3AB14A
S315000060C035211CA801F0E0FF1A99059801F0AAFBFA
S315000060D0013E1B9A042E06D8DFE806F014031D20A5
S315000060E01400DDE91CABE10548BF4BF0004B2BF07B
S315000060F000431B0D1B05002BBBD100F0DBFE22234A
S315000061000360B6E7DDE91CA302F2334223F48013F1
S3150000611043EA025BE7E7DFF880B1E4E76FF0004BA4
S315000061204FF0FF3ADFE7199B5A1C19925B78302B28
S31500006130F9D0002B9DD00123002708930A22199B32
S31500006140B9460B970C9319980578A5F13003D9B287
S31500006150092928D901224F4900F09AFE002832D099
S3150000616000202A464D4603460A90652A01D0452A54
S3150000617014D11DB9089A024396D00025199C621CB9
S31500006180199262782B2A79D02D2A7DD04FF0000CF7
S31500006190A2F13001092940F2858019944FF00008D8
S315000061A0A5E00023C8E7B9F1080F00F1010009F1E5
S315000061B00109D4BF0B9902FB07371990DCBF02FB1C
S315000061C001330B93BFE7199B5A1C19925A78B9F100
S315000061D0000F3AD04D460A90A2F13003092B12D98E
S315000061E00123C2E7199B01305A1C19925A78302AAA
S315000061F0F8D0A2F13103082B00F2D2840A900020D5
S31500006200199B05460C93303A00F1010317D00A9901
S315000062102E464FF00A0E19440A91711CA1EB050C8B
S31500006220634514DC20EAE0702B180135082B054481
S315000062301ADC0B990A2303FB01230B930023199AFB
S315000062401846511C19915278C6E74846CFE7082EE2
S3150000625005DC0B9E0EFB06F60B960E46DDE71029B7
S31500006260D8BF0EFB07F7F8E70F2BDCBF0A2303FBAB
S315000062700727E3E700230A9301237BE74FF0000C8F
S31500006280A21C1992A27883E74FF0010CF8E700BF31
S3150000629060A1000020A000000000F07F199A511CA8
S315000062A019915278302AF9D0A2F1310108293FF626
S315000062B075AF303A4FF00A080992199A0F92199A57
S315000062C0561C19965278A2F1300EBEF1090F39D933
S315000062D00F9944F61F68761A082E03DC099988453B
S315000062E0A8BF8846BCF1000F01D0C8F10008002DF8
S315000062F04ED1089901437FF4BCAE002B7FF4D4AE97
S31500006300692A28D025DC492A25D04E2A7FF4CCAE2E
S315000063109A4919A801F0D6F800283FF4C5AE199B92
S315000063201B78282B2ED11CAA954919A801F0DEF856
S31500006330052827D11D9BDDF870A043F0FF4B4BF4D9
S31500006340E00B96E6099908FB0121A1F130020992BA
S31500006350B5E76E2ADAE78B4919A801F0B3F80028E9
S315000063603FF4A2AE199B19A88749013B199301F086
S31500006370A9F810B9199B01331993DFF81CB24FF035
S31500006380000A76E6814800F0BFFD5BEC10AB70E6D4
S315000063900A9BB9F1000F08BFA946102D0B98A8EB70
S315000063A003032C46A8BF1024099302F071FB092DA4
S315000063B082468B4613DC099B002B3FF45AAE099BA1
S315000063C078DD162B5FDC7249524601EBC3015B4652
S315000063D0D1E9000102F0D6FB82468B4649E66C4BBA
S315000063E003EBC40353E9122302F0CCFB82468B462F
S315000063F0384602F04DFB02460B465046594602F01F
S315000064000BFA0F2D82468B46D5DD2C1B099B1C44AF
S31500006410002C40F3938014F00F030AD05C495246D7
S3150000642001EBC3015B46D1E9000102F0ABFB8246FA
S315000064308B4634F00F0473D0B4F59A7F49DD0024FF
S31500006440A046A1460B942223059ADFF84CB14FF0E3
S31500006450000A13600B9B002B3FF40BAE1A990598AC
S3150000646001F0E0F94946059801F0DCF94146059846
S3150000647001F0D8F90B99059801F0D4F92146059851
S3150000648001F0D0F9F5E5C5F12503099A9342BCDB85
S31500006490C5F10F053E4C52465B4604EBC501D1E9FA
S315000064A0000102F06FFB099B5D1B04EBC504D4E9F8
S315000064B000238FE71633A8DB0A9B50465946A3EB09
S315000064C00808334B03EBC808D8E9002302F084FC24
S315000064D082E700232411504659462E4F1E46012CB2
S315000064E021DC0BB182468B462A49ABF1547B5246DE
S315000064F001EBC6015B46D1E9000102F043FB264BE6
S315000065000A4682460B4025498B4298D8A1F5801150
S315000065108B4286BFDFF888B04FF0FF3A02F1547B1A
S315000065200023089376E0E20704D5D7E9002302F0BA
S3150000653029FB0123013664100837D0E7F0D0644206
S3150000654014F00F020AD0124B5046594603EBC20311
S31500006550D3E9002302F040FC82468B462411DFD0AB
S315000065601F2C1FDD0024A046A1460B942223059A6A
S315000065704FF0000A4FF0000B13606BE72BA00000F2
S315000065804CA1000022A0000025A000001EA10000D2
S31500006590D8A20000B0A200000000F07F0000A07C9E
S315000065A0FFFFEF7F14F0100350465946A94E18BF5F
S315000065B06A2308930023E70704D5D6E9002302F0EF
S315000065C0E1FA0123641006F10806F4D10BB1824604
S315000065D08B46089BB3B1CBF30A525946C2F16B0303
S315000065E0002B0FDD1F2B56DD342B4FF0000ADBBFCF
S315000065F04FF0FF33C2F14B024FF05C7B9340D8BFA4
S3150000660003EA010B0022002350465946FFF750FCCF
S315000066100028A7D10B9B4A460C9900932B46059858
S3150000662001F06AF90B9000283FF409AF099A00249B
S315000066300A9B002AA3EB0803A046A8BF00231293D7
S3150000664022EAE27316930B9B0598596801F0AAF8A3
S31500006650814600283FF4F7AE0B9B0C301A6903F114
S315000066600C010232920000F037FC1CAA1BA9059807
S315000066704BEC10ABCDE90CAB01F07CFC1A9000287A
S315000066803FF4E1AE0121059801F0CCF9804648B906
S315000066904FF00008D7E64FF0FF3202FA03F303EAA1
S315000066A00A0AAFE71B9D1C9A002DA9BF129B169BD9
S315000066B0EF18169EB8BF5E1B089BB8BF129FED1A57
S315000066C0654B1544C2F13602013D9D424FDA5B1B14
S315000066D001211F2BA2EB03023DDC01FA03F3139306
S315000066E000231093BD18089B1644AF421E443B4638
S315000066F0A8BF2B46B342A8BF3346002BC2BFED1A34
S31500006700F61AFF1A129B002B16DD41461A4605980B
S3150000671001F042FA80460028BAD001461A9A059836
S3150000672001F096F90A9000283FF48DAE1A99059863
S3150000673001F078F80A9B1A93002D1DDC099B002BAB
S3150000674023DD4946169A059801F026FA8146E0B9F6
S315000067504FF0000977E6C5F17F45139105F57F05F2
S3150000676005F57B45E23501FA05F31093BAE70023F8
S31500006770109301231393B5E72A461A99059801F059
S3150000678065FA1A900028D9D15DE6002E07DD494644
S315000067903246059801F05AFA81460028D8D0002FD3
S315000067A008DD41463A46059801F050FA8046002831
S315000067B03FF449AE4A461A99059801F0CFFA0446C5
S315000067C000283FF440AEC36841460F930023C360E0
S315000067D001F0A8FA002845DA0F9B53EA0A036BD1A9
S315000067E0CBF31303002B67D12BF000431B0D1B05C6
S315000067F0B3F1D66F60D9636913B92369012B5BDDE9
S3150000680021460122059801F021FA4146044601F08D
S3150000681089FA002850DD2BF00043089A1B0D1B0552
S31500006820002A6AD0B3F1D66F67D8B3F15C7F7FF6E2
S315000068309DAE0A4B50465946002202F0A3F9084B7A
S3150000684082468B460B40002B7FF408AE2223059A26
S31500006850136003E678A1000002FCFFFF0000503938
S315000068600000F07FCDF828B065D10F9ACBF3130363
S315000068705AB39F4A93422BD1089B514603B35A46BB
S315000068809C4B13404FF0FF32B3F1D46F1BD81B0D56
S31500006890C3F16B0302FA03F3994219D1964B0A9A94
S315000068A09A4202D101313FF4CEAD924B4FF0000A2D
S315000068B00A9A1A4002F5801B089B002BB9D1CDE538
S315000068C04FF0FF33E8E71346E6E753EA0A03A2D0A0
S315000068D0109BDBB10A9A1342EED00F9B5046089AE2
S315000068E05946BBB1FFF76DFBDDE90C0153EC102BEC
S315000068F001F092FF82468B46DEE7A3F580134FF048
S31500006900FF3A6FEA135B6FEA0B5BD5E7139B13EA5B
S315000069100A0FE1E7FFF755FBDDE90C0153EC102BFD
S3150000692001F078FF0022002382468B46FFF7C0FA6B
S315000069300028C1D01AE64146204601F073FB00222A
S315000069404FF0804357EC106B30463946FFF7C4FAD8
S3150000695000286FD00F9B002B7AD1BAF1000F58D1C7
S315000069600A9BC3F31303002B5AD10022634B304614
S315000069703946FFF7A7FA002859D130463946002292
S315000069805F4B02F0FFF806460F4607F100430696F6
S315000069900793584DDDE90623CDE910230A9B1D40D8
S315000069A0584B9D4240F0B2800A9BA3F1547B4BECBE
S315000069B010AB01F06BFADDE9062351EC100B02F087
S315000069C0E1F852465B4601F027FF0B4649498246ED
S315000069D04D4A1940914242D90D9A474B9A4203D1EA
S315000069E00C9B01333FF42FADDFF80CB14FF0FF3AAB
S315000069F01A99059800F016FF4946059800F012FF0F
S31500006A004146059800F00EFF2146059800F00AFF62
S31500006A1019E6BAF1010F03D10A9B002B3FF4A6AD8C
S31500006A200026364F9FED2A7B8DED067BB1E70026CB
S31500006A30334FAAE7324B30463946002202F0A2F81D
S31500006A400F9B06460F46002B9FD0CDE90667A0E7B1
S31500006A509FED217B57EC176B8DED067B99E703F1D4
S31500006A60547B089BCDF828B0002BC1D12BF00043F6
S31500006A701B0D1B059D42BBD13046394602F0B4FAC8
S31500006A8002F052F802460B4630463946CBF313065F
S31500006A9001F0C0FE0B46024646EA0A06CDE90C2383
S31500006AA00F9B1E436FD00EA3D3E90023FFF70AFA0C
S31500006AB000287FF4D3AC0CA3D3E90023DDE90C0155
S31500006AC0FFF71EFA002893D0C8E400BFAFF300809A
S31500006AD0000000000000F0BF000000000000F03FD2
S31500006AE09535A094FFFFDF3F35E5AF350000E03F69
S31500006AF0FFFF0F000000F07FFFFFEF7F0000F03F79
S31500006B000000E03F0000E07FFFFF9F7C089B23B36F
S31500006B10B5F1D46F21D83046394627A3D3E90023EF
S31500006B20FFF7DAF9A0B13946304602F03DFA0128FE
S31500006B3038BF012001F0ACFF0F9B06460F46FBB99C
S31500006B4001F1004314901593DDE91423CDE91023D8
S31500006B50119B03F1D6635B1B1193DDE910AB9DED31
S31500006B600C0B01F093F95046594653EC102B02F0EA
S31500006B7009F8DDE90C2301F04FFE82468B4670E7EB
S31500006B80CDE91467E0E70EA3D3E90023FFF79AF9EE
S31500006B9098E700230E93199B179A1360FFF76DBAB7
S31500006BA0652A3FF467AB452A3FF464AB0123FFF740
S31500006BB0A0BB00BFAFF300800000C0FFFFFFDF41B6
S31500006BC09535A094FFFFCF3F0A4601460248034B86
S31500006BD00068FFF715BA00BF70020020040100200C
S31500006BE0242B2DE9F0478646904601D8012B06D185
S31500006BF000F060F9162303600020BDE8F0870D461B
S31500006C0033482A4615F8014B065D16F00806F8D1FA
S31500006C102D2C10D12C780126951C33F0100215D19D
S31500006C20302C0DD12A7802F0DF02582A08D16C7870
S31500006C30023510230AE02B2C04BF2C78951CECE7B8
S31500006C40002BF6D1302C14BF0A23082306F1004C82
S31500006C5000220CF1FF3C1046BCFBF3F903FB19CAFA
S31500006C60A4F13007092F0FD83C46A3421BDD571C61
S31500006C7007D0814514D301D1A24511DB00FB0340A7
S31500006C80012215F8014BEBE7A4F14107192F01D8B2
S31500006C90373CEAE7A4F16107192F04D8573CE4E72B
S31500006CA04FF0FF32EDE7531C08D122236046CEF8A1
S31500006CB00030B8F1000FA0D0691E06E006B14042D0
S31500006CC0B8F1000F99D0002AF6D1C8F8001094E761
S31500006CD0A1A1000013460A46014602480068FFF7D4
S31500006CE07FBF00BF700200202DE9F04386460D46A7
S31500006CF0334E284615F8014B375D17F00807F8D1D3
S31500006D002D2C10D12C780127851C33F0100015D1BD
S31500006D10302C0DD1287800F0DF00582808D16C7887
S31500006D20023510230AE02B2C04BF2C78851CECE7D7
S31500006D30002BF6D1302C14BF0A2308234FF0FF385E
S31500006D400026B8FBF3F803FB08F930466FEA090999
S31500006D50A4F1300CBCF1090F10D86446A3421EDD25
S31500006D60B6F1FF3F07D0804516D301D1A14513DB0D
S31500006D7000FB0340012615F8014BE9E7A4F1410C9D
S31500006D80BCF1190F01D8373CE8E7A4F1610CBCF15E
S31500006D90190F04D8573CE1E74FF0FF36EBE7731CB9
S31500006DA006D122233046CEF8003032B9BDE8F08352
S31500006DB007B14042002AF9D006B1691E1160F5E715
S31500006DC0A1A1000013460A46014602480068FFF7E3
S31500006DD08BBF00BF700200200CB4184B30B50C1EE0
S31500006DE09DB01D6808DA8B234FF0FF302B601DB075
S31500006DF0BDE8304002B070474FF40273029006902F
S31500006E0002A9ADF8143014BF04F1FF332346209ACB
S31500006E102846049307934FF6FF73ADF8163021AB5F
S31500006E20019301F0DDF9431CBCBF8B232B60002CC2
S31500006E30DDD0029B00221A70D9E700BF7002002045
S31500006E4002440346934200D1704703F8011BF9E759
S31500006E50C9B20346184613F8012B12B18A42F9D17A
S31500006E607047002918BF0020704730B504462578C2
S31500006E7023460134002DFAD1013A04D311F8014B0F
S31500006E8003F8014B04B930BD002AF5D11A70F3E7B7
S31500006E9010B56AB10139841810F8012B11F8013FB9
S31500006EA09A4203D1A04201D0002AF5D1D01A10BDD2
S31500006EB01046FCE7014B1868704700BF70020020BF
S31500006EC07047704710F8012B11F8013B012A28BFC3
S31500006ED09A42F7D0D01A70470A44431E914200D115
S31500006EE0704710B511F8014B914203F8014FF9D1E3
S31500006EF010BD034613F8012B002AFBD1181A0138DE
S31500006F007047FFFFFFFFFFFF9FED010B704700BFBC
S31500006F10000000000000F87F9FED010A704700BFE7
S31500006F200000C07F38B50546002941D051F8043C21
S31500006F300C1F002BB8BFE41800F028FC1D4A13688C
S31500006F4033B9636014602846BDE8384000F024BCBD
S31500006F50A34208D9206821188B4201BF19685B68D3
S31500006F6009182160EDE71A465B680BB1A342FAD90E
S31500006F7011685018A0420BD12068014450181160C6
S31500006F808342E0D118685B68084453601060DAE712
S31500006F9002D90C232B60D6E7206821188B4202BF4A
S31500006FA019685B680918636008BF21605460CAE706
S31500006FB038BD00BF343E002003694A11B3EB611FA0
S31500006FC02DE9F04300F1140445DD11F01F0104EB37
S31500006FD0830604EB82050CD100F110072946B14265
S31500006FE034D39B1AEA1E9B00964238BF00232344E3
S31500006FF015E054F82270C1F1200805F1040EA146EF
S31500007000CF407645F44615D89A1A01359200043ACF
S31500007010AE4238BF0022A318A75007B104331A1B8B
S31500007020A3424FEAA20208BF0023026108BF4361E0
S31500007030BDE8F083DCF800C00CFA08FC4CEA070750
S3150000704049F8047B5EF8047BCF40DAE751F804CBBD
S3150000705047F804CFC3E72346E1E7A0F13003092B45
S3150000706002D82038C0B27047A0F16103052B01D8C1
S315000070704738F7E7A0F14103052B01D82738F1E798
S31500007080002070472DE9F04F85B08A46904602935E
S315000070900B6801909C1CA14614F8010B3028FAD00D
S315000070A0A9EB0303A3F1020BFFF7D7FF0546002860
S315000070B066D101229E494846FFF7EAFE07460028A8
S315000070C065D199F801002646FFF7C7FF002860D072
S315000070D023461878994601333028FAD0FFF7BDFFCA
S315000070E0B0FA80F54FF0010B6D094A46164601329B
S315000070F03078FFF7B2FF0028F8D101228C493046DC
S31500007100FFF7C6FE00283ED144B9741C2246164637
S3150000711001323078FFF7A1FF0028F8D1A41BA700A1
S31500007120337803F0DF03502B3DD173782B2B32D00D
S315000071302D2B33D0711C00240878FFF78EFF431ED9
S31500007140DBB2182B2FD8A0F1100211F8010FFFF7B0
S3150000715084FF00F1FF3C0A235FFA8CFCBCF1180F98
S315000071601ED904B152421744CAF80010EDB1BBF162
S31500007170000F0CBF06250025284605B0BDE8F08F98
S3150000718000252C46B1E7002CC8D12746C8E74E4655
S315000071902F460125C4E70024B11CCDE70124FBE7F7
S315000071A003FB0200CFE73146DEE7A6EB09032946DB
S315000071B0013B072B0ADC019800F0F4FA044640B9BB
S315000071C05C4B0246E4215C48FEF782FC01315B1011
S315000071D0EFE700F1140A002355469B46B14537D325
S315000071E045F804BBA5EB0A055846AD1025616D01AF
S315000071F000F0CCFBD8F800602D1AB54254DDAD1B6B
S315000072002046294600F063FF814678B16B1E4FF099
S315000072100109591103F01F025AF8211009FA02F266
S315000072200A4203D04B4536DC4FF002092F4429466B
S315000072302046FFF7C1FED8F80830BB4242DA2146A5
S31500007240019800F0EFFA00230E9AA325136093E746
S3150000725016F8012D2E2A12D0202B04D145F804BB96
S315000072604FF0000B5B4630780393FFF7F6FE039B67
S3150000727000F00F00984004334BEA000BAEE7B1452F
S31500007280EAD801222A4930460393FFF701FE039B01
S315000072900028E1D1A2E7A91E204600F018FF002829
S315000072A0C2D04FF00309C1E709DA751B21460198E0
S315000072B02A467F1B00F0CAFC044600F1140A4FF070
S315000072C00009B8E7D8F80450BD426FDDED1BAE42A9
S315000072D034DCD8F80C30022B22D0032B24D0012B1F
S315000072E015D1AE4213D1012E0BD1D8F80430622548
S315000072F0029A136001232361CAF800300E9B1C60BA
S315000073003AE7711E204600F0E2FE0028EDD1214644
S31500007310019800F087FA00230E9A502513602BE798
S315000073200F9B002BF3D1E0E70F9B002BDDD1EEE79F
S3150000733020A0000036A0000047A000006F1EB9F193
S31500007340000F30D127B13946204600F0C0FE8146F5
S315000073507A11012307F01F0729465AF822202046F2
S31500007360BB40761B0225134218BF49F00209FFF7FE
S3150000737023FED8F80470B9F1000F47D0D8F80C30C6
S31500007380022B15D0032B17D0012B09D119F0020FB0
S3150000739006D0DAF8003049EA030919F0010F0ED1D8
S315000073A045F0100532E04FF00109D1E70125E2E78B
S315000073B00F9BC3F101030F930F9B002BF0D0D4F862
S315000073C010B004F114034FF0000C4FEA8B0A03EBE4
S315000073D08B01184653F8042BB2F1FF3F1BD0013244
S315000073E00260022D04F114033CD1D8F80020013AC2
S315000073F0B24209D17111012206F01F0653F821305D
S3150000740002FA06F61E423AD145F020050E9B1C6094
S31500007410029B1F60B0E6994243F804CCD9D8A36812
S315000074209B4517DB61680198013100F0BBF9814685
S3150000743018B91A4B02468421C5E6226904F10C01EB
S315000074400C3002329200FFF747FD21464C46019868
S3150000745000F0E8F923695A1C04EB83032261012238
S315000074605A61BEE722695A450BDD01212046FFF726
S31500007470A3FD0137D8F80830BB42FFF6E0AE012580
S31500007480C2E716F01F06FAD05344C6F1200653F899
S31500007490040C00F07BFAB042E7DBF0E736A0000010
S315000074A0C2F10802920070B5C2F120064368046872
S315000074B003FA06F5D3402C43046040F8043F8842A3
S315000074C0F4D370BD0368013330B511F8014B14B91C
S315000074D00360012030BD13F8012BA2F14105192DDF
S315000074E098BF2032A242F0D00020F3E70B68016873
S315000074F02DE9F04F5E1113F01F034FF0000587B022
S3150000750002EB860682469046AB4618BF04360193C8
S315000075100295371F46F8045CB9463C464B1C4A7830
S31500007520039342B3104605910492FFF796FD002897
S3150000753051D1049A0599202A18D8029B9B4513DD40
S315000075404C4506D2072D04DC2A4649462046FFF75D
S31500007550A7FF444551D90023A4F10409CDF808B08A
S3150000756044F8043C1D464C460399D7E7292A56D1D0
S315000075700231CAF80010BBF1000F50D04C4506D2BC
S31500007580072D04DC2A4649462046FFF789FF444575
S3150000759035D9A8F10402234653F8041B9F4242F84A
S315000075A0041FF9D23B1B033E0134002223F00303E0
S315000075B00433B44288BF0423434443F8042B9F4258
S315000075C0FBD23B681BB9474527D101233B60052009
S315000075D007B0BDE8F08F01350BF1010B082D05DD75
S315000075E04445C1D90023043C01252360226800F0EC
S315000075F00F0040EA02102060B6E70825B4E7019BB9
S31500007600002BDED0C3F120034FF0FF32DA4056F8EC
S31500007610043C134046F8043CD3E7043FD1E704207A
S31500007620D6E7FFFF70B50F4E0C460546316811B917
S3150000763001F07CF830602146284601F077F8431CBB
S3150000764003D14FF0FF34204670BDC41C24F0030460
S31500007650A042F8D0211A284601F068F80130F2D18C
S31500007660EFE700BF303E00202DE9F843CD1C06466B
S3150000767025F0030508350C2D38BF0C25002D01DB40
S31500007680A94204D90C2333600020BDE8F883DFF853
S31500007690D48000F07BF8D8F800301C4644BB29465D
S315000076A03046FFF7BFFF431C044658D1D8F80040C8
S315000076B02746002F43D1002C4BD02368394630464D
S315000076C004EB030901F032F8814542D121683046C6
S315000076D06D1A2946FFF7A6FF01303AD023682B44DE
S315000076E02360D8F800305A6862BBC8F800700FE013
S315000076F02268521B20D40B2A17D96119A342256090
S3150000770018BF5960636808BFC8F8001062514B6023
S31500007710304600F041F804F10B00231D20F007006D
S31500007720C21A1CBF1B1AA350AFE76268A3420CBF64
S31500007730C8F800205A60EBE723466468AEE73C468B
S315000077407F68B6E71A465B68A342FBD10023536005
S31500007750DEE70C233046336000F01EF894E7056040
S31500007760D6E700BF343E002082B001B901A942B17C
S315000077704BB113780B601278101E18BF012002B0AF
S3150000778070471046FBE76FF00100F8E70148FFF786
S3150000779097BB00BF2C3E00200148FFF792BB00BFFD
S315000077A02C3E002070B5C66904460D4676B91020F9
S315000077B000F0EEFF0246E06120B9184B6B21184835
S315000077C0FEF786F9C0E901660660C660E669F368F9
S315000077D083B1E369DB6853F82500B8B90121204677
S315000077E001FA05F6721D920000F0BEFF60B1C0E915
S315000077F001560EE021220421204600F0B5FFE36980
S31500007800F060DB68002BE4D1002070BD026843F80D
S3150000781025200023C0E90333F7E700BFA8A0000036
S31500007820BFA0000070B5C66905460C4676B91020A3
S3150000783000F0AEFF0246E86120B9094B8F210948E6
S31500007840FEF746F9C0E901660660C6603CB1EB6921
S315000078506268DB6853F82210216043F8224070BD4D
S31500007860A8A00000BFA000002DE9F04101F1140C12
S3150000787007460C461E460D690020DCF80030013034
S3150000788099B2854202FB01614FEA13464FEA114362
S3150000789089B202FB063301EB03414FEA13464CF86B
S315000078A0041BEADC0EB3A368AB4219DC61683846F8
S315000078B00131FFF777FF804628B902460C4BBA2103
S315000078C00C48FEF705F9226904F10C010C3002326E
S315000078D09200FFF701FB214644463846FFF7A2FF18
S315000078E004EB850301355E6125612046BDE8F08124
S315000078F036A00000BFA000002DE9F84315461F463C
S31500007900092208330C460646002193FBF2F30122B6
S315000079109A4209DB3046FFF745FF40B90246194B4C
S31500007920D3211948FEF7D4F852000131F0E7089B3D
S31500007930092D43614FF00103036116DD04F10909C6
S315000079402C44C84618F8013B01460A223046303B13
S31500007950FFF78AFFA045F5D1A5F108044C442D1B7D
S315000079606319BB4204DBBDE8F8830A340925F6E750
S3150000797014F8013B01460A223046303BFFF774FFFC
S31500007980EEE700BF36A00000BFA00000B0F5803FC4
S31500007990034636BF030400201020B3F1807F3CBFAE
S315000079A01B020830B3F1805F3CBF1B010430B3F10A
S315000079B0804F3CBF9B000230002B05DB13F0804F4D
S315000079C000F1010008BF202070470368024613F04B
S315000079D007000BD0D90721D4980747BF5B080120C1
S315000079E09B0802204CBF13601360704799B209B917
S315000079F01B0C1020D9B209B908301B0A190704BF9D
S31500007A001B090430990704BF9B080230D90703D429
S31500007A105B0800F1010003D0136070470020704737
S31500007A202020704710B50C460121FFF7BBFE024629
S31500007A3028B9054B40F245110448FEF749F80123E1
S31500007A404461036110BD00BF36A00000BFA0000066
S31500007A502DE9F04F17460A69894685B03B699A4277
S31500007A60A2BF3B460F4699463D69BB68D9F810A0B0
S31500007A70796805EB0A06B342B8BF0131FFF792FEFB
S31500007A8030B90246424B4FF4B1714248FEF720F836
S31500007A9000F11404002204EB860E2346734520D31E
S31500007AA007F1140809F1140108EB850501EB8A03B7
S31500007AB00293EB1B1537153B23F003030433BD423A
S31500007AC038BF04230193029B03918B420CD8002EEE
S31500007AD003DD5EF8043D002B57D0066105B0BDE816
S31500007AE0F08F43F8042BD9E7B1F800A0BAF1000FE4
S31500007AF021D0C446A14600275CF8042BD9F80030F3
S31500007B001FFA82FB65459BB24FEA12420AFB0B3312
S31500007B103B44D9F800704FEA17470AFB027202EBA2
S31500007B2013429BB24FEA124743EA024349F8043B29
S31500007B30E2D8019BE750039B0431B3F80290B9F1F8
S31500007B40000F20D023684746A4464FF0000AB7F836
S31500007B5000B09BB2BCF8022009FB0B22524443EA58
S31500007B6002434CF8043B57F8043B4FEA134ABCF86F
S31500007B700030BD4209FB0A3303EB12434FEA134AB6
S31500007B80E5D8019AA35004349DE7013E9FE700BF64
S31500007B9036A00000BFA000002DE9F843154612F0FC
S31500007BA0030207460E4607D0013A254C002354F837
S31500007BB02220FFF759FE0646AD103DD0FC697CB980
S31500007BC0102000F0E5FD0246F86128B91D4B40F291
S31500007BD0B3111D48FDF77CFFC0E901440460C46091
S31500007BE0D7F81C80D8F808404CB940F271213846C5
S31500007BF0FFF718FF00230446C8F8080003604FF09B
S31500007C000009EB070AD5314622463846FFF720FF22
S31500007C108046314638464646FFF704FE6D100BD0C7
S31500007C20206838B9224621463846FFF711FF206002
S31500007C30C0F800900446E4E73046BDE8F88300BF8C
S31500007C40A4A20000A8A00000BFA000002DE9F047F4
S31500007C500C46074691464FEA621A2369496803EBC8
S31500007C606218A36808F10106B3420BDB3846FFF73A
S31500007C7099FD054648B90246284B4FF4EF7128484E
S31500007C80FDF726FF01315B00EEE7002300F114014A
S31500007C9000F110021846534533DB2AEAEA7A04F16A
S31500007CA01403206919F01F0901EB8A0103EB800C0C
S31500007CB02BD0C9F1200E8A460022186800FA09F076
S31500007CC010434AF8040B53F8042B9C4522FA0EF293
S31500007CD0F3D8ACEB040304F11500153B23F00303C2
S31500007CE00433604588BF0423CA500AB108F102066E
S31500007CF0013E384621462E61FFF794FD2846BDE831
S31500007D00F087013342F8040FC5E7043953F8042B12
S31500007D109C4541F8042FF9D8EAE700BF36A00000D9
S31500007D20BFA0000003460A690069801A30B50ED16B
S31500007D301433143103EB820401EB820154F8045D21
S31500007D4051F8042D954203D005D24FF0FF3030BDD7
S31500007D50A342F3D3FBE70120F9E7FFFF2DE9F74F35
S31500007D6089460646114614464846FFF7DBFF051EC0
S31500007D7012D129463046FFF715FD024628B9414B78
S31500007D8040F237214048FDF7A3FE0123C0E9043540
S31500007D90104603B0BDE8F08FBCBF4B46A146304647
S31500007DA0B8BF0125D9F80410B4BF1C460025FFF75B
S31500007DB0F9FC024618B9334B40F24521E2E7D9F8FF
S31500007DC0107004F1140E266900F1140BC56009F158
S31500007DD0140509F110030EEB860605EB8708D94654
S31500007DE04FF0000C0193019B5EF8040B53F804AFAF
S31500007DF0764501931FFA8AF3194683B24FEA10407B
S31500007E00A1EB0303C0EB1A40634400EB23409BB293
S31500007E104FEA204C43EA004349F8043BE3D8331BBE
S31500007E201534153B23F003030433A64238BF04235D
S31500007E301D445B442C461E4644450ED308F10301FF
S31500007E40491B033D21F00301A84538BF00210B441F
S31500007E5053F8041D99B117619AE754F8041BE646D6
S31500007E601FFA81FC080C7144F44489B200EB2C40E3
S31500007E7041EA00414FEA204C46F8041BDCE7013F8B
S31500007E80E6E700BF36A00000BFA0000082B0114B9D
S31500007E908DED000B019A1340A3F15073002B08DC03
S31500007EA05B42B3F1A07F4FEA235204DA4FF400237A
S31500007EB01341002208E0A2F114031E2BD6BF4FF097
S31500007EC000420122DA4000231946104641EC100B0D
S31500007ED002B070470000F07F2DE9F041066900F11D
S31500007EE0140808EB860656F8042C371F1046FFF7D1
S31500007EF04DFDC0F120030A280B601D4916DCC0F1B8
S31500007F000B0CB84500F1150022FA0CF302FA00F04A
S31500007F1043EA010534BF56F8083C002323FA0CF364
S31500007F2003431C4645EC104BBDE8F081B8453ABF0B
S31500007F30A6F1080756F8083C00230B3814D0C0F108
S31500007F4020018240474523FA01F403FA00F342EA8E
S31500007F50040242F07F558CBF57F8042C002245F4EA
S31500007F604015CA401343DCE742EA0105D9E700BFE2
S31500007F700000F03F2DE9F7430F460121164659EC64
S31500007F80108BFFF70FFC044630B90246234B40F234
S31500007F900F312348FDF79CFDC9F30A55C9F31303B6
S31500007FA00DB143F480130193B8F1000323D0684662
S31500007FB00093FFF70AFDDDE90012D0B1C0F12003FE
S31500007FC002FA03F3C2400B4301926361019B002B4B
S31500007FD0A3610CBF012202222261A5B1A5F233459D
S31500007FE00544C0F135003D603060204603B0BDE871
S31500007FF0F0836161EAE701A8FFF7E7FC019B203007
S3150000800001226361E8E7A0F2324004EB82033860A4
S315000080101869FFF7BBFCC0EB4210E5E736A000008D
S31500008020BFA000002DE9F04F85B0CDE9001002A9F0
S31500008030FFF752FF03A9009855EC104BFFF74CFFD2
S31500008040019B2F4620461969009B1B69C91ADDE969
S3150000805002325BEC10AB9B1AD94603EB4113002BA3
S31500008060CDBF2A46C3EB03335A4602EB0357D8BFAC
S3150000807002EB0359524639464B4600F0ADFE41EC41
S31500008080100B05B0BDE8F08F013902F11403491158
S3150000809070B501311469051F00EB810103EB8404FF
S315000080A0A3420CD3A31A1132113B23F00303A242BD
S315000080B088BF002318440023884205D370BD53F8B7
S315000080C0046B45F8046FEBE740F8043BF4E700F176
S315000080D014024B110069984210B511DB0ADD11F04C
S315000080E01F0107D052F8234024FA01F000FA01F1EB
S315000080F08C420BD102EB8303934203D8002010BDC0
S315000081000346F7E753F8041D0029F5D00120F6E7EA
S315000081100346084641B1FF2A04D98A224FF0FF30B0
S315000081201A60704701200A7070472DE9F0471F4614
S315000081308E6882460C46BE4290460B682DD8B1F931
S315000081400C2012F4906F26D06569096905EB450588
S31500008150A3EB01097B1C05EBD5754B446D109D42C5
S3150000816038BF1D46530527D52946FFF77DFA064633
S3150000817060B34A462169FEF7AFFEA38923F49063F4
S3150000818043F08003A38126614E446561A5EB090592
S3150000819026603E46A560BE4200D93E46324641466E
S315000081A0206800F0A9FAA36800209B1BA36023683F
S315000081B033442360BDE8F0872A4600F0F1FA06460C
S315000081C00028E0D121695046FEF7ACFE0C234FF0A3
S315000081D0FF30CAF80030A38943F04003A381E9E7E2
S315000081E02DE9F04F98468B899DB007461B060D4634
S315000081F0144610D50B6973B94021FFF735FA28608C
S31500008200286130B90C233B604FF0FF301DB0BDE84C
S31500008210F08F40236B610023CDF80C804FF00109ED
S31500008220DFF8A081099320238DF8293030238DF8BB
S315000082302A3023469A4613F8012B0AB1252AF9D18A
S31500008240BAEB040B0BD05B46224629463846FFF7AD
S315000082506CFF013000F0A780099A5A4409929AF8F7
S315000082600030002B00F09F8000234FF0FF320AF110
S31500008270010A049307938DF853301A93CDE9052329
S31500008280544605224F4814F8011B00F05FFA049A81
S31500008290D8B9D00644BF20238DF85330110744BF08
S315000082A02B238DF853309AF800302A2B15D0079AD5
S315000082B0544600204FF00A0C214611F8013B303B92
S315000082C0092B4BD9B0B1079214E0A0EB0803A246E4
S315000082D009FA03F313430493D2E7039B191D1B68A2
S315000082E0002B0391BBBF5B4242F002020793079348
S315000082F0B8BF049223782E2B0AD163782A2B32D169
S31500008300039B02341A1D1B6843EAE3730392059329
S31500008310DFF8C0A003222178504600F017FA38B1E2
S31500008320A0EB0A004022049B0134824013430493CD
S3150000833014F8011B062224488DF8281000F006FACE
S31500008340002836D0214B1BBB039B073323F00703C2
S3150000835008330393099B334409936AE70CFB023203
S315000083600C460120A8E7002301344FF00A0C1946F9
S315000083700593204610F8012B303A092A03D9002B21
S31500008380C6D00591C4E70CFB012104460123F0E7A2
S3150000839003AB2A4604A9384600930D4BAFF3008081
S315000083A0421C0646D6D1AB895B063FF52DAF099830
S315000083B02CE703AB2A4604A938460093044B00F089
S315000083C07DF8EDE719A1000023A1000000000000E0
S315000083D02B8100001FA100002DE9F04716469846A4
S315000083E08A6807460B690C46DDF820909342B8BFB1
S315000083F01346336091F843200AB101333360236892
S31500008400990642BF336802333360256815F00605C6
S3150000841006D104F1190AE36832689B1AAB422BDCD9
S3150000842094F843302268003B18BF0123920630D4EB
S3150000843004F1430241463846C847013023D0236839
S315000084401A3454F80A2C03F00603042B0ABF54F816
S315000084500E5C002533684FF0000608BFED1A54F88D
S31500008460123C08BF25EAE5759342C4BF9B1AED1876
S31500008470B5421AD1002008E001235246414638464B
S31500008480C847013003D14FF0FF30BDE8F087013512
S31500008490C1E7E1185A1C30200233224481F8430018
S315000084A094F8451082F84310C2E70123224641465C
S315000084B03846C8470130E6D00136D9E72DE9FF47EF
S315000084C00F7E914680460C46782F9A460C9E01F107
S315000084D0430207D8622F0AD8002F00F0D180582F08
S315000084E000F0B88004F1420684F842703AE0A7F141
S315000084F06303152BF6D801A151F823F0558500002A
S3150000850069850000E5840000E5840000E58400003C
S31500008510E584000069850000E5840000E58400002C
S31500008520E5840000E584000067860000938500006E
S3150000853021860000E5840000E584000089860000AD
S31500008540E584000093850000E5840000E5840000D2
S315000085502986000033681A1D1B68326004F1420642
S3150000856084F8423001239CE033682068191D31608D
S31500008570060601D51D6803E04506FBD5B3F9005094
S31500008580002D03DA2D236D4284F8433058480A2320
S3150000859011E021683368080653F8045B02D44906E3
S315000085A048BFADB26F2F3360514814BF0A2308236A
S315000085B0002184F843106668002EA66005DB21685A
S315000085C02E4321F0040121604BD01646B5FBF3F192
S315000085D003FB1157C75D06F8017D2F460D46BB42CA
S315000085E0F4D9082B0BD12368DF0708D52369616806
S315000085F09942DEBF302306F8013C06F1FF36921B96
S3150000860022614B4603AA21464046CDF800A0FFF75B
S31500008610E3FE01304AD14FF0FF3004B0BDE8F087E9
S31500008620236843F02003236078273248236884F8C0
S3150000863045701F06316851F8045B02D45F0648BFD7
S31500008640ADB23160D90744BF43F0200323601DB1AA
S315000086501023ADE72648E9E7236823F020032360CB
S31500008660F6E71646BDE733682568181D6169306070
S315000086702E061B6801D5196002E06806FBD5198035
S31500008680002316462361BCE7336800211A1D3260B9
S315000086901E686268304600F059F808B1801B6060B9
S315000086A063682361002384F84330AAE723693246CE
S315000086B049464046D0470130ADD023689B0713D4C6
S315000086C0E068039B9842B8BF1846A6E701233246E6
S315000086D049464046D04701309DD00135E3680399AD
S315000086E05B1AAB42F2DCEBE7002504F11906F5E76D
S315000086F02AA100003BA10000884210B501EB02044C
S3150000870002D98442234607D8431EA14208D011F855
S31500008710012B03F8012FF8E7024401468A4200D1F3
S3150000872010BD13F8014D02F8014DF7E738B50023E7
S31500008730054D044608462B60FDF7C0FA431C02D1DE
S315000087402B6803B1236038BD283E0020C9B203461A
S31500008750024410B59342184601D1002003E0047884
S3150000876001338C42F6D110BD70B5A1FB025434B969
S315000087702946FEF779FF064628B9304670BD0C2219
S3150000878000260260F9E72A462146FEF759FBF4E780
S31500008790024B01461868FEF767BF00BF7002002053
S315000087A02DE9F041074614460D4621B91146BDE8AC
S315000087B0F041FEF759BF2AB92546FEF7B3FB284616
S315000087C0BDE8F08100F01AF88442064602D8B4EB00
S315000087D0500FF4D821463846FEF746FF804608B9C2
S315000087E04546ECE7B4422246294628BF3246FEF704
S315000087F073FB29463846FEF795FBF1E751F8043C32
S31500008800181F002BBCBF0B58C018704781F00041E1
S3150000881002E000BF83F0004330B54FEA41044FEA5F
S31500008820430594EA050F08BF90EA020F1FBF54EAFA
S31500008830000C55EA020C7FEA645C7FEA655C00F096
S31500008840E2804FEA5454D4EB5555B8BF6D420CDD67
S315000088502C4480EA020281EA030382EA000083EAEA
S31500008860010180EA020281EA0303362D88BF30BD8A
S3150000887011F0004F4FEA01314FF4801C4CEA1131E0
S3150000888002D0404261EB410113F0004F4FEA03333F
S315000088904CEA133302D0524263EB430394EA050FCA
S315000088A000F0A780A4F10104D5F1200E0DDB02FA39
S315000088B00EFC22FA05F2801841F1000103FA0EF2CD
S315000088C0801843FA05F359410EE0A5F120050EF193
S315000088D0200E012A03FA0EFC28BF4CF0020C43FAC4
S315000088E005F3C01851EBE37101F0004507D54FF0D1
S315000088F0000EDCF1000C7EEB00006EEB0101B1F521
S31500008900801F1BD3B1F5001F0CD349085FEA300066
S315000089104FEA3C0C04F101044FEA445212F5800F71
S3150000892080F09A80BCF1004F08BF5FEA500C50F10E
S31500008930000041EB045141EA050130BD5FEA4C0CF1
S31500008940404141EB0101013C28BFB1F5801FE9D24E
S3150000895091F0000F04BF01460020B1FA81F308BF71
S315000089602033A3F10B03B3F120020CDA0C3208DD3D
S3150000897002F1140CC2F10C0201FA0CF021FA02F118
S315000089800CE002F11402D8BFC2F1200C01FA02F188
S3150000899020FA0CFCDCBF41EA0C019040E41AA2BFAD
S315000089A001EB0451294330BD6FEA04041F3C1CDA75
S315000089B00C340EDC04F11404C4F1200220FA04F095
S315000089C001FA02F340EA030021FA04F345EA03013F
S315000089D030BDC4F10C04C4F1200220FA02F001FA01
S315000089E004F340EA0300294630BD21FA04F0294683
S315000089F030BD94F0000F83F4801306BF81F480111C
S31500008A000134013D4EE77FEA645C18BF7FEA655C8E
S31500008A1029D094EA050F08BF90EA020F05D054EA60
S31500008A20000C04BF1946104630BD91EA030F1EBF65
S31500008A300021002030BD5FEA545C05D14000494169
S31500008A4028BF41F0004130BD14F580043CBF01F55C
S31500008A50801130BD01F0004545F0FE4141F4700142
S31500008A604FF0000030BD7FEA645C1ABF194610461D
S31500008A707FEA655C1CBF0B46024650EA013406BF1E
S31500008A8052EA033591EA030F41F4002130BD00BFDD
S31500008A9090F0000F04BF0021704730B54FF480649A
S31500008AA004F132044FF000054FF0000150E700BF1B
S31500008AB090F0000F04BF0021704730B54FF480647A
S31500008AC004F1320410F0004548BF40424FF0000167
S31500008AD03EE700BF42004FEAE2014FEA31014FEAAA
S31500008AE002701FBF12F07F4393F07F4F81F06051F9
S31500008AF0704732F07F4208BF704793F07F4F04BF44
S31500008B0041F40021704730B54FF4607401F0004520
S31500008B1021F000411CE700BF50EA010208BF704780
S31500008B2030B54FF000050AE050EA010208BF704771
S31500008B3030B511F0004502D5404261EB41014FF4DA
S31500008B40806404F132045FEA915C3FF4D8AE4FF0E2
S31500008B5003025FEADC0C18BF03325FEADC0C18BFC5
S31500008B60033202EBDC02C2F1200300FA03FC20FA16
S31500008B7002F001FA03FE40EA0E0021FA02F1144463
S31500008B80BDE600BF70B54FF0FF0C4CF4E06C1CEA7C
S31500008B9011541DBF1CEA135594EA0C0F95EA0C0FED
S31500008BA000F0DEF82C4481EA030621EA4C5123EA60
S31500008BB04C5350EA013518BF52EA033541F480118F
S31500008BC043F4801338D0A0FB02CE4FF00005E1FB42
S31500008BD002E506F00042E0FB03E54FF00006E1FB8C
S31500008BE003569CF0000F18BF4EF0010EA4F1FF04CF
S31500008BF0B6F5007F64F5407404D25FEA4E0E6D410F
S31500008C0046EB060642EAC62141EA55514FEAC5201F
S31500008C1040EA5E504FEACE2EB4F1FD0C88BFBCF59B
S31500008C20E06F1ED8BEF1004F08BF5FEA500E50F14C
S31500008C30000041EB045170BD06F0004646EA010112
S31500008C4040EA020081EA0301B4EB5C04C2BFD4EB44
S31500008C500C0541EA045170BD41F480114FF0000E3D
S31500008C60013C00F3AB8014F1360FDEBF002001F0AB
S31500008C70004170BDC4F10004203C35DA0C341BDC25
S31500008C8004F11404C4F1200500FA05F320FA04F0F7
S31500008C9001FA05F240EA020001F0004221F000412B
S31500008CA010EBD37021FA04F642EB06015EEA430E9E
S31500008CB008BF20EAD37070BDC4F10C04C4F12005CE
S31500008CC000FA04F320FA05F001FA04F240EA020081
S31500008CD001F0004110EBD37041F100015EEA430E52
S31500008CE008BF20EAD37070BDC4F1200500FA05F272
S31500008CF04EEA020E20FA04F301FA05F243EA0203F1
S31500008D0021FA04F001F0004121FA04F220EA0200FF
S31500008D1000EBD3705EEA430E08BF20EAD37070BD45
S31500008D2094F0000F0FD101F00046400041EB010125
S31500008D3011F4801F08BF013CF7D041EA060195F007
S31500008D40000F18BF704703F00046520043EB0303C1
S31500008D5013F4801F08BF013DF7D043EA06037047AE
S31500008D6094EA0C0F0CEA135518BF95EA0C0F0CD0B9
S31500008D7050EA410618BF52EA4306D1D181EA0301FF
S31500008D8001F000414FF0000070BD50EA410606BFF9
S31500008D901046194652EA430619D094EA0C0F02D13E
S31500008DA050EA013613D195EA0C0F05D152EA033683
S31500008DB01CBF104619460AD181EA030101F00041A1
S31500008DC041F0FE4141F470014FF0000070BD41F0EA
S31500008DD0FE4141F4780170BD70B54FF0FF0C4CF4C4
S31500008DE0E06C1CEA11541DBF1CEA135594EA0C0FE3
S31500008DF095EA0C0F00F0A7F8A4EB050481EA030E30
S31500008E0052EA03354FEA013100F088804FEA033316
S31500008E104FF0805545EA131343EA12634FEA0222E4
S31500008E2045EA111545EA10654FEA00260EF00041A5
S31500008E309D4208BF964244F1FD0404F5407402D2F7
S31500008E405B084FEA3202B61A65EB03055B084FEA88
S31500008E5032024FF480104FF4002CB6EB020E75EB85
S31500008E60030E22BFB61A754640EA0C005B084FEAAD
S31500008E703202B6EB020E75EB030E22BFB61A75462A
S31500008E8040EA5C005B084FEA3202B6EB020E75EB75
S31500008E90030E22BFB61A754640EA9C005B084FEAED
S31500008EA03202B6EB020E75EB030E22BFB61A7546FA
S31500008EB040EADC0055EA060E18D04FEA051545EAE9
S31500008EC016754FEA06164FEAC30343EA52734FEA92
S31500008ED0C2025FEA1C1CC0D111F4801F0BD141EA0B
S31500008EE000014FF000004FF0004CB6E711F4801F70
S31500008EF004BF01430020B4F1FD0C88BFBCF5E06F50
S31500008F003FF6AFAEB5EB030C04BFB6EB020C5FEA5F
S31500008F10500C50F1000041EB045170BD0EF0004EB4
S31500008F204EEA113114EB5C04C2BFD4EB0C0541EAE6
S31500008F30045170BD41F480114FF0000E013C90E6E3
S31500008F4045EA060E8DE60CEA135594EA0C0F08BFA7
S31500008F5095EA0C0F3FF43BAF94EA0C0F0AD150EAA6
S31500008F6001347FF434AF95EA0C0F7FF425AF104639
S31500008F7019462CE795EA0C0F06D152EA03353FF461
S31500008F80FDAE1046194622E750EA410618BF52EADE
S31500008F9043067FF4C5AE50EA41047FF40DAF52EAB2
S31500008FA043057FF4EBAE12E74A0011D212F5001228
S31500008FB011D20DD56FF47873B3EB62520ED44FEA2B
S31500008FC0C12343F0004343EA505323FA02F07047AB
S31500008FD04FF00000704750EA013002D14FF0FF30E9
S31500008FE070474FF00000704738B500220023044652
S31500008FF00D46FCF767FF28B920462946BDE83840EC
S3150000900000F00AB8204605F1004100F005F840429C
S3150000901061EB410138BD00BFD0B500220B4B0646BF
S315000090200F46FFF7AFFDFFF7BFFF0446FFF730FD22
S315000090300022074BFFF7A6FD02460B46304639468F
S31500009040FFF7E8FBFFF7B0FF2146D0BD0000F03D7B
S315000090500000F04108B52DED028BB0EE408A00F01D
S3150000906029F8B4EE488AF1EE10FA0FD6B5EEC08AAA
S31500009070F1EE10FA0ADCB5EE408AF1EE10FA08D1EC
S31500009080FDF718FF22239FED090A0360BDEC028B52
S3150000909008BDFDF70FFF212203460548BDEC028BF4
S315000090A01A60BDE80840FDF737BF00BF000080FF2B
S315000090B02494000010EE102A32F0004330D0002A2B
S315000090C0134634DBB2F1FF4F41DAB2F5000F00B5BB
S315000090D034DB4FF0000EC3F316016348DB15F7EEE1
S315000090E0007A084401F10F0C7F3B00F40002734440
S315000090F082F07E5203EBD0535C480A430CEA000030
S3150000910000EE102A30EE670A20BBB5EE400AF1EEFB
S3150000911010FA61D1002B40F08F809FED550A59E07F
S315000091209FED547ADFED527A87EE270A704770EE8C
S31500009130407A9FED4F7A87EE870A7047DFED4E7AC9
S315000091406FF0180E60EE277A17EE903AC3E730EE0E
S31500009150000A7047B0EE007A06EE103ADFED472AB5
S31500009160B8EEC63ADFED464A30EE077ADFED455AED
S31500009170DFED453A9FED455A80EE074ADFED447A2A
S31500009180DFED446A4448454A0844521A0243002A1D
S3150000919024EE046A26EE067AE7EE224AA7EE235A62
S315000091A0E4EE875AE5EE076AE5EE877A67EE867A99
S315000091B0E6EE877A2BDDB6EE007A20EE077A27EE0A
S315000091C0007A77EE877A67EE847A43BB37EE677A62
S315000091D030EE470A5DF804FBF6EE007ADFED306A02
S315000091E020EE007AE0EE667A27EE277A002BEFD0A3
S315000091F007EE903A9FED2B6ADFED2B6AF8EEE77AE1
S31500009200A7EEC67A37EE400A97EEA60AE2E770EEB8
S31500009210677A67EE847AE3B930EE670ADAE79FED9C
S31500009220216ADFED216AE3EE067A37EE677A37EEDA
S31500009230400A93EE260ACDE707EE903A9FED190A0B
S315000092409FED197AF8EEE77A27EE800AA7EE870AED
S31500009250C0E7DFED146A9FED147AE3EE667A37EE27
S31500009260C00A93EE070AB5E720FB4A00F0FF7F002D
S3150000927000000000000000CC0000004C9788173E5C
S3150000928025333A3E2549923E4FD01C3E298E633EF9
S31500009290ABAA2A3FCDCCCC3E305CCFFF88C235008E
S315000092A0ABAAAA3ED1F717378071313F4275696C78
S315000092B07420776974682052656E65736173204106
S315000092C06476616E63656420466C657869626C6578
S315000092D020536F667477617265205061636B6167B6
S315000092E0652076657273696F6E20352E392E3000D3
S315000092F0352E392E3000000000000905F8B500BFF4
S31500009300F8BC08BC9E467047F8B500BFF8BC08BC60
S315000093109E467047256C7500753332006600000066
S315000093207538000072770000726F00004F4B2025E1
S31500009330733D25730D0A00004F4B2025733D25759F
S315000093400D0A00004F4B2025733D256C750D0A0054
S3150000935045525220756E6B6E6F776E3A2025730DEF
S315000093600A000000534554200000000045525220D8
S31500009370534554203C7661723E203C76616C75659F
S315000093803E0D0A0045525220257320726561642DF8
S315000093906F6E6C790D0A0000474554414C4C000035
S315000093A0414C4C200000000025733D25732C000025
S315000093B025733D25752C000025733D256C752C0005
S315000093C04C4F472053544152540000002325753D0D
S315000093D025730D0A000000002325753D25750D0A2D
S315000093E0000000003D25640D0A0000003D25730DB8
S315000093F00A0000004C4F472053544F500000000015
S31500009400530000004C4953540000000056415220BE
S3150000941025732025732025730D0A00005625643D0B
S3150000942025730D0A000000005625643D25750D0ABA
S315000094300000000056454E440D0A000050494E47B4
S315000094400D0A0000422575002C25642C25752C2557
S31500009450642C25642C25642C25642C25642C256419
S315000094602C2564002A253032580D0A004C25732C11
S3150000947025732C25752C25752C25750D0A000000E5
S315000094804745542000000000537065656446625FDE
S3150000949052504D00497146620000000062617474CA
S315000094A06572795F766F6C746167650074656D705F
S315000094B05F696E76657274657200000074656D7022
S315000094C05F726567656E000070726F7465637469BC
S315000094D06F6E5F737461746500000000537065659C
S315000094E06446625F48616C6C5F5055004964715216
S315000094F065663100696D755F61780000696D755F3D
S3150000950061790000696D755F617A0000696D755F4C
S3150000951067780000696D755F67790000696D755F32
S31500009520677A0000656E61626C650000636F6E7439
S31500009530726F6C5F6D6F6465000000007370656527
S31500009540645F7265665F72706D000000746F7271A1
S3150000955075655F7265665F6971000000746F727190
S3150000956075655F7265665F69715F6D6178000000A1
S31500009570746F727175655F6D61785F737065656430
S315000095800000000073706565645F66696C746572DF
S315000095905F616C70686100007664635F636F6D7015
S315000095A0656E736174696F6E5F656E006C65645F8E
S315000095B06D6F6465000000006C65645F73746174B0
S315000095C0650000004B705F69640000004B695F69CD
S315000095D0640000004B705F69710000004B695F69B1
S315000095E0710000004B705F737065656400000000D9
S315000095F04B695F737065656400000000666F635FAA
S31500009600737461746500000073746F705F726561D6
S31500009610736F6E0073746F705F69710073746F702F
S315000096205F6964717265660073746F705F72706DE6
S3150000963000000000656E61626C655F6F66665F7351
S31500009640726300006F635F6661756C7400000000F2
S315000096506F635F7065616B5F697100006F635F7058
S3150000966065616B5F696400006D616B6974615F625F
S3150000967061745F656E00000061735F766F6C746184
S31500009680676500006D616B6974615F6261745F7329
S3150000969074617465000000006932745F72617469F8
S315000096A06F00FFFF88940000AC3A00200000000025
S315000096B094940000743A0020000000009C9400007E
S315000096C06C0F002000000000AC940000C4000020D5
S315000096D000000000BC940000C00000200000000054
S315000096E0C8940000640F002001000000DC94000014
S315000096F07C3A002000000000EC940000883A00202C
S3150000970000000000F4940000240500200000000082
S31500009710FC940000280500200000000004950000CD
S315000097202C050020000000000C9500001805002004
S3150000973000000000149500001C0500200000000039
S315000097401C95000020050020000000002495000064
S31500009750B43A0020010100002C95000030370020AB
S31500009760010100003C950000600F00200001000090
S315000097704C9500002C370020000100005C9500008D
S31500009780D00000200001000070950000CC000020F1
S315000097900001000084950000D400002000010000B4
S315000097A098950000C900002001010000AC9500005A
S315000097B0710F002001010000B8950000700F002015
S315000097C001010000C495000088000020000100008F
S315000097D0CC9500008C00002000010000D49500000C
S315000097E09000002000010000DC950000940000209D
S315000097F000010000E4950000980000200001000030
S31500009800F09500009C00002000010000FC9500007F
S31500009810D53600200100000008960000D43600204E
S315000098200100000014960000D03600200000000061
S315000098301C960000CC360020000000002896000090
S31500009840CA3600200100000034960000C936002008
S315000098500100000044960000C83600200100000008
S3150000986050960000C4360020000000005C96000000
S31500009870C036002000000000689600007D0F002022
S315000098800101000078960000780F0020000000001B
S31500009890849600007C0F00200100000098960000CE
S315000098A0500F00200000000000000000B0980000EB
S315000098B0040C050C010B010504060203010000005F
S315000098C00000204100000000000000000000000031
S315000098D00000000090012C01D007000000000000ED
S315000098E0010000000099000088990000109A00000D
S315000098F000000000700000000000000000000000F2
S31500009900443B00200C990000B89F000004000000B2
S315000099107017000000000000B80B000006000000F1
S315000099201D280000000000002C9900000100010025
S315000099300000000000000000000000000000000021
S315000099400000000000000000000000000000FFFF13
S31500009950DFDF000000000000000000000000000043
S315000099606899000003011301FFDF00000A000000F0
S315000099703C0000003C000000000000000000000069
S315000099800000000000000000643B002094990000E5
S31500009990B89F0000040000007017000000000000DF
S315000099A0B80B000005FFDF0000000000000000000B
S315000099B0B499000001000100000000000000000052
S315000099C00000000000000000000000000000000091
S315000099D0000000000000FFFFDFDF000000000000C5
S315000099E00000000000000000F099000003011301D0
S315000099F0FFDF0000000000003C0000003C0000000B
S31500009A000000000000000000000000000000000050
S31500009A10843B00201C9A0000B89F00000400000050
S31500009A207017000000000000B80B000004FFDF0004
S31500009A3000000000000000003C9A00000100010048
S31500009A400000000000000000000000000000000010
S31500009A500000000000000000000000000000FFFF02
S31500009A60DFDF000000000000000000000000000032
S31500009A70789A000003011301FFDF000000000000D8
S31500009A803C0000003C000000000000000000000058
S31500009A900000000000000000FCFF00000000DFDF07
S31500009AA000FFFF00FD19000000000000B09A000052
S31500009AB0000001000000010000000100000001009C
S31500009AC00000000001010101010101010000000088
S31500009AD06400030000000000000000000001010017
S31500009AE0000000000000000005000100000000006A
S31500009AF00000000000000000000000000000000060
S31500009B00000000000000000000000000000000004F
S31500009B10000000000A00060019000300B49B0000C4
S31500009B205F005F005F005F005F005F005F005F0037
S31500009B305F005F005F005F005F005F005F005F0027
S31500009B40000000005F0005005F000500050500003D
S31500009B5000000000000000000000000000000000FF
S31500009B6000000000000000000000000000000000EF
S31500009B7000000000000000000000000000000000DF
S31500009B8000000000000000000000000000000000CF
S31500009B9000000000000000000000000000000000BF
S31500009BA000000000000000000000000000000000AF
S31500009BB0000000000C0CFFFFFFFFFFFFFFFFFFFF91
S31500009BC0FFFFFFFFFFFF05FFFFFFFFFFFFFFFFFF99
S31500009BD00102DFDFDFDFDFDFDFDFDFDFDFDFDFDF4A
S31500009BE0DFDF03DFDFDFDFDFDFDFDFDF02000000D5
S31500009BF0F49B0000189C0000FC9B0000020101027F
S31500009C00000000004000000000000000000000000E
S31500009C1000000000349C0000000001070100000065
S31500009C2040004000000000000000000000000000AE
S31500009C303C9C00006C9C0000589C0000F89C0000B6
S31500009C40E49C0000D09C0000BC9C0000A89C000086
S31500009C50949C0000809C0000080000000312000095
S31500009C6000000000000000000000120007000000D5
S31500009C7003060000000000000000000000001200C3
S31500009C8006000000011000000000000000000000B7
S31500009C900000120005000000010E00000000000098
S31500009CA0000000000000120004000000010D00008A
S31500009CB00000000000000000000012000300000089
S31500009CC0010C00000000000000000000000012006F
S31500009CD00200000001040000000000000000000077
S31500009CE00000120001000000010200000000000058
S31500009CF0000000000000120000000000010000004B
S31500009D00000000000000000000001200000000003B
S31500009D10C0D401000000000060EA0000000F04004B
S31500009D2021280000000000002C9D0000000000001B
S31500009D30000000000000000000000000000000001D
S31500009D400000000000000000000000000000FFFF0F
S31500009D50DFDF00000000000000000000000000003F
S31500009D600000000000000000030200000C050C06C5
S31500009D700C070C080000000000000000E1300000A5
S31500009D8000000000889D000000010000E0000020A7
S31500009D900F00FFFF010000010100000001090A0B8E
S31500009DA00C0C0C0C0C00010101000000D09D000001
S31500009DB0E89D0000B930000000000000C09D0000D2
S31500009DC000000000000000013B00000000FFFFFF54
S31500009DD04C3C0020DC9D0000EC9F0000E4000020CD
S31500009DE0E49D00000AFFFFFF543C0020F49D0000A4
S31500009DF0EC9F0000F4000020FC9D000009FFFFFF1F
S31500009E00320000000C9E00000000000000800000F0
S31500009E10000000000080000002000000008000003A
S31500009E20000A000000000000010A00000080000097
S31500009E30020A000000800000040A00000000000082
S31500009E40050A000000800000060A0000000001006C
S31500009E500D0A0000000001000E0A000000000000CC
S31500009E60000B000000000000010B00000080000055
S31500009E70020B000000000100030B000000000103BC
S31500009E80040B000000000103050B000000000103A5
S31500009E90060B000000000103070B00000000010391
S31500009EA0080B000000000103090B0000000001047C
S31500009EB00A0B000000800000000C0000008000007B
S31500009EC0010C000000800000020C000000400000B1
S31500009ED0040C000000400000050C00000500000016
S31500009EE0060C000005000000070C0000000001063B
S31500009EF00A0C0000000401060B0C00000004010619
S31500009F000C0C0000000000000D0C0000000401060F
S31500009F10000D000005000000010D00000500000016
S31500009F20020D000005000000030D0000050C0000F6
S31500009F30050D000004000000070D000000000000F1
S31500009F400A0D0000050000000F0D000004000000CF
S31500009F50010E0000050C0000020E000004000000C7
S31500009F60040E000000000105050E000000000105BA
S31500009F70060E000004000000080E000005000000A8
S31500009F80090E0000050000000A0E00000000000097
S31500009F900E0E0000000001040F0E00000E0163010A
S31500009FA071015901C600A301A401A501A601C901B9
S31500009FB0CA01CD01CC01FFFFD14900007D4600005A
S31500009FC0714600008946000095460000CD46000017
S31500009FD0F54600008148000039470000B1470000FF
S31500009FE04D47000065470000414D0000AD500000A0
S31500009FF025500000C54E0000594F0000794F000063
S3150000A000514F0000554F0000994F0000F54F0000DA
S3150000A010ED4F0000F14F00000100020008001000A3
S3150000A0202E006E6600696E69747900616E004300E9
S3150000A030504F5349580042616C6C6F6320737563CF
S3150000A040636565646564002F646174612F6A656E7B
S3150000A0506B696E732F776F726B73706163652F47D1
S3150000A0604E552D746F6F6C636861696E2F61726DEA
S3150000A0702D31332F7372632F6E65776C69622D6392
S3150000A080796777696E2F6E65776C69622F6C696286
S3150000A090632F7374646C69622F6764746F612D67D4
S3150000A0A065746865782E63005245454E54206D618F
S3150000A0B06C6C6F6320737563636565646564002FFC
S3150000A0C0646174612F6A656E6B696E732F776F7248
S3150000A0D06B73706163652F474E552D746F6F6C639C
S3150000A0E06861696E2F61726D2D31332F7372632F24
S3150000A0F06E65776C69622D63796777696E2F6E6519
S3150000A100776C69622F6C6962632F7374646C696221
S3150000A1102F6D707265632E6300232D302B2000682F
S3150000A1206C4C00656667454647003031323334353E
S3150000A13036373839414243444546003031323334AC
S3150000A140353637383961626364656600340000006D
S3150000A150CEFBFFFFCB030000010000000000000063
S3150000A16035000000CEFBFFFFCB030000010000001E
S3150000A17000000000FFFFFFFFBC89D897B2D29C3CCD
S3150000A18033A7A8D523F649393DA7F444FD0FA532D8
S3150000A1909D978CCF08BA5B25436FAC64280668117F
S3150000A1A000202020202020202020282828282820A1
S3150000A1B02020202020202020202020202020202099
S3150000A1C02088101010101010101010101010101001
S3150000A1D010040404040404040404041010101010F1
S3150000A1E010104141414141410101010101010101BB
S3150000A1F0010101010101010101010101101010100D
S3150000A200101042424242424202020202020202028C
S3150000A21002020202020202020202020210101010E0
S3150000A2202000000000000000000000000000000008
S3150000A2300000000000000000000000000000000018
S3150000A2400000000000000000000000000000000008
S3150000A25000000000000000000000000000000000F8
S3150000A26000000000000000000000000000000000E8
S3150000A27000000000000000000000000000000000D8
S3150000A28000000000000000000000000000000000C8
S3150000A29000000000000000000000000000000000B8
S3150000A2A000FFFFFF05000000190000007D00000010
S3150000A2B00080E03779C34143176E05B5B5B89346BC
S3150000A2C0F5F93FE9034F384D321D30F94877825A88
S3150000A2D03CBF737FDD4F1575000000000000F03FA6
S3150000A2E0000000000000244000000000000059406B
S3150000A2F00000000000408F40000000000088C340BE
S3150000A30000000000006AF8400000000080842E4132
S3150000A31000000000D01263410000000084D797417E
S3150000A3200000000065CDCD41000000205FA0024284
S3150000A330000000E876483742000000A2941A6D42F9
S3150000A340000040E59C30A2420000901EC4BCD642EC
S3150000A35000003426F56B0C430080E03779C3414397
S3150000A36000A0D8855734764300C84E676DC1AB430D
S3150000A370003D9160E458E143408CB5781DAF15442B
S3150000A38050EFE2D6E41A4B4492D54D06CFF0804406
S3150000A390F64AE1C7022DB544B49DD9794378EA441B
S3150000A3A01000000000000000017A5200027C0E013D
S3150000A3B01B0C0D00100000001800000036CBFFFF3C
S3110000A3C01000000000000000000000007B
S3150000A3CC0000004121B0923E89CF1D3989CF1D393D
S3150000A3DC0000C04074D597376F12833A9D7E873B39
S3150000A3EC5C8F524000007A44007094454C37093E0D
S3150000A3FCCDCC4C3D00E0C2440000904100008441AD
S3150000A40CD044583B00000000FCA9F1D24D62503FED
S3150000A41C9A99993E000000000000003F00000000E1
S3150000A42C0000803FCDCCCC3D0200000014000000A3
S3150000A43C02000000FFFFFFFF01FFFF006400FF1E8C
S3150000A44C630101000000803F0000C8410000C841C4
S3150000A45C010100000000FA43CDCC4C3E0AD7A33CC8
S3150000A46C000000400008000810070000000010184B
S3150000A47C00000000000000000000000000000810B2
S3150000A48C0000000000000000000000004300000077
S3150000A49C00000000000000000000000000000000AA
S3150000A4AC0000000000000000000000004300000057
S3150000A4BC000000000000000000000000000000008A
S3150000A4CC0000000000000000000000004300000037
S3150000A4DC000000000000000000000000000000006A
S3150000A4EC0000000000000000000000004300000017
S3150000A4FC000000000000000000000000000000004A
S3150000A50C00000000000000000000000043000000F6
S3150000A51C0000000000000000000000000000000029
S3150000A52C00000000000000000000000043000000D6
S3150000A53C0000000000000000000000000000000009
S3150000A54C00000000000000000000000043000000B6
S3150000A55C00000000000000000000000000000000E9
S3150000A56C0000000000000000000000001181000047
S3150000A57C6977000000000000A0A1000020A00000E8
S3150000A58C1EA100001EA100001EA100001EA10000BD
S3150000A59C1EA100001EA100001EA100001EA10000AD
S3150000A5AC1EA10000FFFFFFFFFFFFFFFFFFFFFFFFE6
S3150000A5BCFFFF000001004153434949000000000021
S3150000A5CC0000000000000000000000000000000079
S3150000A5DC0000000000004153434949000000000000
S3150000A5EC0000000000000000000000000000000059
S3150000A5FC00000000000000007402002000000000B3
S3150000A60CF03C0020583D0020C03D0020000000001A
S3150000A61C0000000000000000000000000000000028
S3150000A62C0000000000000000000000000000000018
S3150000A63C0000000000000000000000000000000008
S3150000A64C0000000000000000E1000000B90000005E
S3150100A100FFFFFFFFFFFFFFFFFFFFFFFFFFFFFFFF58
S3090100A134FFFFFFFF24
S3150100A200FFFDF0FFFFFFFFFFFFFFFFFFFFFFFFFF68
S3150100A210FFFFFFFFFFFFFFFFFFFFFFFFFFFFFFFF47
S3150100A220FFFFFFFFFFFFFFFFFFFFFFFFFFFFFFFF37
S3150100A230FFFFFFFFFFFFFFFFFFFFFFFFFFFFFFFF27
S3150100A240FFFFFFFFFFFFFFFFFFFFFFFFFFFFFFFF17
S3150100A250FFFFFFFFFFFFFFFFFFFFFFFFFFFFFFFF07
S3150100A260FFFFFFFFFFFFFFFFFFFFFFFFFFFFFFFFF7
S3150100A270FFFFFFFFFFFFFFFFFFFFFFFFFFFFFFFFE7
S3150100A280F8F8F0FFFFFFFFFFFFFFFFFFFFFFFFFFF4
S3150100A290FFFFFFFFFFFFFFFFFFFFFFFFFFFFFFFFC7
S3150100A2A0FFFFFFFFFFFFFFFFFFFFFFFFFFFFFFFFB7
S3150100A2B0FFFFFFFFFFFFFFFFFFFFFFFFFFFFFFFFA7
S3150100A2C0FFFFFFFFFFFFFFFFFFFFFFFFFFFFFFFF97
S70500005D019C
