Time_s,RPM,Iq_A,Vbat_V,Tinv_C,Treg_C,AccX_g,AccY_g,AccZ_g,GyrX_dps,GyrY_dps,GyrZ_dps,Id_A
3.9081769,0,0,18.8,0,0,0.027,-0.012,-1,0.1,-0.7,0,0
3.9181769,0,0,18.8,0,0,0.027,-0.012,-1,0.1,-0.7,0,0
3.9281769,0,0,18.8,0,0,0.027,-0.012,-1,0.1,-0.7,0,0
3.9381769,0,0,18.8,0,0,0.027,-0.012,-1,0.1,-0.7,0,0
3.9481769,0,0,18.8,0,0,0.027,-0.012,-1,0.1,-0.7,0,0
3.9581769,0,0,18.8,0,0,0.028,-0.012,-1,0.1,-0.7,0,0
3.9681769,0,0,18.8,0,0,0.028,-0.012,-1,0.1,-0.7,0,0
3.9781769,0,0,18.8,0,0,0.028,-0.012,-1,0.1,-0.7,0,0
3.9881769,0,0,18.8,0,0,0.028,-0.012,-1,0.1,-0.7,0,0
3.9981769,0,0,18.8,0,0,0.028,-0.012,-1,0.1,-0.7,0,0
4.0081769,0,0,18.8,0,0,0.028,-0.012,-1,0.1,-0.7,0,0
4.0181769,0,0,18.8,0,0,0.028,-0.012,-1,0.1,-0.7,0,0
4.0281769,0,0,18.8,0,0,0.028,-0.012,-1,0.1,-0.7,0,0
4.0381769,0,0,18.8,0,0,0.028,-0.012,-1,0.1,-0.7,0,0
4.0481769,0,0,18.8,0,0,0.028,-0.012,-1,0.1,-0.7,0,0
4.0581769,0,0,18.9,0,0,0.029,-0.013,-1,0.1,-0.7,0,0
4.0681769,0,0,18.9,0,0,0.029,-0.013,-1,0.1,-0.7,0,0
4.0781769,0,0,18.9,0,0,0.029,-0.013,-1,0.1,-0.7,0,0
4.0881769,0,0,18.9,0,0,0.029,-0.013,-1,0.1,-0.7,0,0
4.0981769,0,0,18.9,0,0,0.029,-0.013,-1,0.1,-0.7,0,0
4.1081769,0,0,18.9,0,0,0.028,-0.012,-1,0.1,-0.7,0,0
4.1181769,0,0,18.9,0,0,0.028,-0.012,-1,0.1,-0.7,0,0
4.1281769,0,0,18.9,0,0,0.028,-0.012,-1,0.1,-0.7,0,0
4.1381769,0,0,18.9,0,0,0.028,-0.012,-1,0.1,-0.7,0,0
4.1481769,0,0,18.9,0,0,0.028,-0.012,-1,0.1,-0.7,0,0
4.1581769,0,0,18.9,0,0,0.028,-0.013,-1,0.1,-0.7,0,0
4.1681769,0,0,18.9,0,0,0.028,-0.013,-1,0.1,-0.7,0,0
4.1781769,0,0,18.9,0,0,0.028,-0.013,-1,0.1,-0.7,0,0
4.1881769,0,0,18.9,0,0,0.028,-0.013,-1,0.1,-0.7,0,0
4.1981769,0,0,18.9,0,0,0.028,-0.013,-1,0.1,-0.7,0,0
4.2081769,0,0,18.8,0,0,0.028,-0.014,-1,0.1,-0.7,0,0
4.2181769,0,0,18.8,0,0,0.028,-0.014,-1,0.1,-0.7,0,0
4.2281769,0,0,18.8,0,0,0.028,-0.014,-1,0.1,-0.7,0,0
4.2381769,0,0,18.8,0,0,0.028,-0.014,-1,0.1,-0.7,0,0
4.2481769,0,0,18.8,0,0,0.028,-0.014,-1,0.1,-0.7,0,0
4.2581769,0,0,18.9,0,0,0.027,-0.013,-1,0.1,-0.6,0,0
4.2681769,0,0,18.9,0,0,0.027,-0.013,-1,0.1,-0.6,0,0
4.2781769,0,0,18.9,0,0,0.027,-0.013,-1,0.1,-0.6,0,0
4.2881769,0,0,18.9,0,0,0.027,-0.013,-1,0.1,-0.6,0,0
4.2981769,0,0,18.9,0,0,0.027,-0.013,-1,0.1,-0.6,0,0
4.3081769,0,0,18.8,0,0,0.028,-0.012,-1,0.1,-0.7,0,0
4.3181769,0,0,18.8,0,0,0.028,-0.012,-1,0.1,-0.7,0,0
4.3281769,0,0,18.8,0,0,0.028,-0.012,-1,0.1,-0.7,0,0
4.3381769,0,0,18.8,0,0,0.028,-0.012,-1,0.1,-0.7,0,0
4.3481769,0,0,18.8,0,0,0.028,-0.012,-1,0.1,-0.7,0,0
4.3581769,0,0,18.9,0,0,0.027,-0.012,-1.002,0.1,-0.7,0,0
4.3681769,0,0,18.9,0,0,0.027,-0.012,-1.002,0.1,-0.7,0,0
4.3781769,0,0,18.9,0,0,0.027,-0.012,-1.002,0.1,-0.7,0,0
4.3881769,0,0,18.9,0,0,0.027,-0.012,-1.002,0.1,-0.7,0,0
4.3981769,0,0,18.9,0,0,0.027,-0.012,-1.002,0.1,-0.7,0,0
4.4081769,0,0,18.8,0,0,0.028,-0.013,-1,0.1,-0.7,0,0
4.4181769,0,0,18.8,0,0,0.028,-0.013,-1,0.1,-0.7,0,0
4.4281769,0,0,18.8,0,0,0.028,-0.013,-1,0.1,-0.7,0,0
4.4381769,0,0,18.8,0,0,0.028,-0.013,-1,0.1,-0.7,0,0
4.4481769,0,0,18.8,0,0,0.028,-0.013,-1,0.1,-0.7,0,0
4.4581769,0,0,18.9,0,0,0.027,-0.011,-1,0,-0.7,0,0
4.4681769,0,0,18.9,0,0,0.027,-0.011,-1,0,-0.7,0,0
4.4781769,0,0,18.9,0,0,0.027,-0.011,-1,0,-0.7,0,0
4.4881769,0,0,18.9,0,0,0.027,-0.011,-1,0,-0.7,0,0
4.4981769,0,0,18.9,0,0,0.027,-0.011,-1,0,-0.7,0,0
4.5081769,0,0,18.8,0,0,0.028,-0.013,-1,0.1,-0.7,0,0
4.5181769,0,0,18.8,0,0,0.028,-0.013,-1,0.1,-0.7,0,0
4.5281769,0,0,18.8,0,0,0.028,-0.013,-1,0.1,-0.7,0,0
4.5381769,0,0,18.8,0,0,0.028,-0.013,-1,0.1,-0.7,0,0
4.5481769,0,0,18.8,0,0,0.028,-0.013,-1,0.1,-0.7,0,0
4.5581769,0,0,18.9,0,0,0.027,-0.012,-0.999,0.1,-0.7,0,0
4.5681769,0,0,18.9,0,0,0.027,-0.012,-0.999,0.1,-0.7,0,0
4.5781769,0,0,18.9,0,0,0.027,-0.012,-0.999,0.1,-0.7,0,0
4.5881769,0,0,18.9,0,0,0.027,-0.012,-0.999,0.1,-0.7,0,0
4.5981769,0,0,18.9,0,0,0.027,-0.012,-0.999,0.1,-0.7,0,0
4.6081769,0,0,18.9,0,0,0.028,-0.014,-1,0.1,-0.6,0,0
4.6181769,0,0,18.9,0,0,0.028,-0.014,-1,0.1,-0.6,0,0
4.6281769,0,0,18.9,0,0,0.028,-0.014,-1,0.1,-0.6,0,0
4.6381769,0,0,18.9,0,0,0.028,-0.014,-1,0.1,-0.6,0,0
4.6481769,0,0,18.9,0,0,0.028,-0.014,-1,0.1,-0.6,0,0
4.6581769,0,0,18.9,0,0,0.027,-0.011,-1,0.1,-0.7,0,0
4.6681769,0,0,18.9,0,0,0.027,-0.011,-1,0.1,-0.7,0,0
4.6781769,0,0,18.9,0,0,0.027,-0.011,-1,0.1,-0.7,0,0
4.6881769,0,0,18.9,0,0,0.027,-0.011,-1,0.1,-0.7,0,0
4.6981769,0,0,18.9,0,0,0.027,-0.011,-1,0.1,-0.7,0,0
4.7081769,0,0,18.9,0,0,0.027,-0.011,-1,0.1,-0.7,0,0
4.7181769,0,0,18.9,0,0,0.027,-0.011,-1,0.1,-0.7,0,0
4.7281769,0,0,18.9,0,0,0.027,-0.011,-1,0.1,-0.7,0,0
4.7381769,0,0,18.9,0,0,0.027,-0.011,-1,0.1,-0.7,0,0
4.7481769,0,0,18.9,0,0,0.027,-0.011,-1,0.1,-0.7,0,0
4.7581769,0,0,18.8,0,0,0.027,-0.012,-1,0.1,-0.7,0,0
4.7681769,0,0,18.8,0,0,0.027,-0.012,-1,0.1,-0.7,0,0
4.7781769,0,0,18.8,0,0,0.027,-0.012,-1,0.1,-0.7,0,0
4.7881769,0,0,18.8,0,0,0.027,-0.012,-1,0.1,-0.7,0,0
4.7981769,0,0,18.8,0,0,0.027,-0.012,-1,0.1,-0.7,0,0
4.8081769,0,0,18.9,0,0,0.027,-0.012,-1,0.1,-0.7,0,0
4.8181769,0,0,18.9,0,0,0.027,-0.012,-1,0.1,-0.7,0,0
4.8281769,0,0,18.9,0,0,0.027,-0.012,-1,0.1,-0.7,0,0
4.8381769,0,0,18.9,0,0,0.027,-0.012,-1,0.1,-0.7,0,0
4.8481769,0,0,18.9,0,0,0.027,-0.012,-1,0.1,-0.7,0,0
4.8581769,0,0,18.9,0,0,0.028,-0.013,-1,0.1,-0.7,0,0
4.8681769,0,0,18.9,0,0,0.028,-0.013,-1,0.1,-0.7,0,0
4.8781769,0,0,18.9,0,0,0.028,-0.013,-1,0.1,-0.7,0,0
4.8881769,0,0,18.9,0,0,0.028,-0.013,-1,0.1,-0.7,0,0
4.8981769,0,0,18.9,0,0,0.028,-0.013,-1,0.1,-0.7,0,0
4.9083708,0,0,18.8,0,0,0.027,-0.013,-0.999,0.1,-0.6,0,0
4.9183708,0,0,18.8,0,0,0.027,-0.013,-0.999,0.1,-0.6,0,0
4.9283708,0,0,18.8,0,0,0.027,-0.013,-0.999,0.1,-0.6,0,0
4.9383708,0,0,18.8,0,0,0.027,-0.013,-0.999,0.1,-0.6,0,0
4.9483708,0,0,18.8,0,0,0.027,-0.013,-0.999,0.1,-0.6,0,0
4.9583708,0,0,18.9,0,0,0.027,-0.011,-0.999,0.1,-0.7,0,0
4.9683708,0,0,18.9,0,0,0.027,-0.011,-0.999,0.1,-0.7,0,0
4.9783708,0,0,18.9,0,0,0.027,-0.011,-0.999,0.1,-0.7,0,0
4.9883708,0,0,18.9,0,0,0.027,-0.011,-0.999,0.1,-0.7,0,0
4.9983708,0,0,18.9,0,0,0.027,-0.011,-0.999,0.1,-0.7,0,0
5.0083708,0,0,18.8,0,0,0.029,-0.016,-1.001,0.1,-0.7,0,0
5.0183708,0,0,18.8,0,0,0.029,-0.016,-1.001,0.1,-0.7,0,0
5.0283708,0,0,18.8,0,0,0.029,-0.016,-1.001,0.1,-0.7,0,0
5.0383708,0,0,18.8,0,0,0.029,-0.016,-1.001,0.1,-0.7,0,0
5.0483708,0,0,18.8,0,0,0.029,-0.016,-1.001,0.1,-0.7,0,0
5.0583708,0,0,18.9,0,0,0.026,-0.011,-1,0.1,-0.6,0,0
5.0683708,0,0,18.9,0,0,0.026,-0.011,-1,0.1,-0.6,0,0
5.0783708,0,0,18.9,0,0,0.026,-0.011,-1,0.1,-0.6,0,0
5.0883708,0,0,18.9,0,0,0.026,-0.011,-1,0.1,-0.6,0,0
5.0983708,0,0,18.9,0,0,0.026,-0.011,-1,0.1,-0.6,0,0
5.1093808,0,0,18.9,0,0,0.027,-0.015,-1,0,-0.8,0,0
5.1193808,0,0,18.9,0,0,0.027,-0.015,-1,0,-0.8,0,0
5.1293808,0,0,18.9,0,0,0.027,-0.015,-1,0,-0.8,0,0
5.1393808,0,0,18.9,0,0,0.027,-0.015,-1,0,-0.8,0,0
5.1493808,0,0,18.9,0,0,0.027,-0.015,-1,0,-0.8,0,0
5.1593808,0,0,18.9,0,0,0.028,-0.011,-1,0.1,-0.7,0,0
5.1693808,0,0,18.9,0,0,0.028,-0.011,-1,0.1,-0.7,0,0
5.1793808,0,0,18.9,0,0,0.028,-0.011,-1,0.1,-0.7,0,0
5.1893808,0,0,18.9,0,0,0.028,-0.011,-1,0.1,-0.7,0,0
5.1993808,0,0,18.9,0,0,0.028,-0.011,-1,0.1,-0.7,0,0
5.2093808,0,0,18.8,0,0,0.027,-0.014,-1,0.1,-0.7,0,0
5.2193808,0,0,18.8,0,0,0.027,-0.014,-1,0.1,-0.7,0,0
5.2293808,0,0,18.8,0,0,0.027,-0.014,-1,0.1,-0.7,0,0
5.2393808,0,0,18.8,0,0,0.027,-0.014,-1,0.1,-0.7,0,0
5.2493808,0,0,18.8,0,0,0.027,-0.014,-1,0.1,-0.7,0,0
5.2608277,0,0,18.9,0,0,0.028,-0.012,-1,0,-0.7,0,0
5.2708277,0,0,18.9,0,0,0.028,-0.012,-1,0,-0.7,0,0
5.2808277,0,0,18.9,0,0,0.028,-0.012,-1,0,-0.7,0,0
5.2908277,0,0,18.9,0,0,0.028,-0.012,-1,0,-0.7,0,0
5.3008277,0,0,18.9,0,0,0.028,-0.012,-1,0,-0.7,0,0
5.3108277,0,0,18.9,0,0,0.028,-0.013,-1,0.1,-0.7,0,0
5.3208277,0,0,18.9,0,0,0.028,-0.013,-1,0.1,-0.7,0,0
5.3308277,0,0,18.9,0,0,0.028,-0.013,-1,0.1,-0.7,0,0
5.3408277,0,0,18.9,0,0,0.028,-0.013,-1,0.1,-0.7,0,0
5.3508277,0,0,18.9,0,0,0.028,-0.013,-1,0.1,-0.7,0,0
5.3792231,0,0,18.8,0,0,0.027,-0.012,-1,0.1,-0.7,0,0
5.3892231,0,0,18.8,0,0,0.027,-0.012,-1,0.1,-0.7,0,0
5.3992231,0,0,18.8,0,0,0.027,-0.012,-1,0.1,-0.7,0,0
5.4092231,0,0,18.8,0,0,0.027,-0.012,-1,0.1,-0.7,0,0
5.4192231,0,0,18.8,0,0,0.027,-0.012,-1,0.1,-0.7,0,0
5.4292231,0,0,18.9,0,0,0.027,-0.013,-1,0.1,-0.7,0,0
5.4392231,0,0,18.9,0,0,0.027,-0.013,-1,0.1,-0.7,0,0
5.4492231,0,0,18.9,0,0,0.027,-0.013,-1,0.1,-0.7,0,0
5.4592231,0,0,18.9,0,0,0.027,-0.013,-1,0.1,-0.7,0,0
5.4692231,0,0,18.9,0,0,0.027,-0.013,-1,0.1,-0.7,0,0
5.4792231,0,0,18.9,0,0,0.028,-0.012,-1,0.1,-0.7,0,0
5.4892231,0,0,18.9,0,0,0.028,-0.012,-1,0.1,-0.7,0,0
5.4992231,0,0,18.9,0,0,0.028,-0.012,-1,0.1,-0.7,0,0
5.5092231,0,0,18.9,0,0,0.028,-0.012,-1,0.1,-0.7,0,0
5.5192231,0,0,18.9,0,0,0.028,-0.012,-1,0.1,-0.7,0,0
5.5292231,0,0,18.9,0,0,0.028,-0.013,-1,0,-0.7,0,0
5.5392231,0,0,18.9,0,0,0.028,-0.013,-1,0,-0.7,0,0
5.5492231,0,0,18.9,0,0,0.028,-0.013,-1,0,-0.7,0,0
5.5592231,0,0,18.9,0,0,0.028,-0.013,-1,0,-0.7,0,0
5.5692231,0,0,18.9,0,0,0.028,-0.013,-1,0,-0.7,0,0
5.5792231,0,0,18.9,0,0,0.029,-0.013,-1,0.1,-0.6,0,0
5.5892231,0,0,18.9,0,0,0.029,-0.013,-1,0.1,-0.6,0,0
5.5992231,0,0,18.9,0,0,0.029,-0.013,-1,0.1,-0.6,0,0
5.6092231,0,0,18.9,0,0,0.029,-0.013,-1,0.1,-0.6,0,0
5.6192231,0,0,18.9,0,0,0.029,-0.013,-1,0.1,-0.6,0,0
5.6292231,0,0,18.8,0,0,0.027,-0.011,-1,0.1,-0.7,-0.1,0
5.6392231,0,0,18.8,0,0,0.027,-0.011,-1,0.1,-0.7,-0.1,0
5.6492231,0,0,18.8,0,0,0.027,-0.011,-1,0.1,-0.7,-0.1,0
5.6592231,0,0,18.8,0,0,0.027,-0.011,-1,0.1,-0.7,-0.1,0
5.6692231,0,0,18.8,0,0,0.027,-0.011,-1,0.1,-0.7,-0.1,0
5.6792231,0,0,18.8,0,0,0.027,-0.013,-1,0,-0.6,0,0
5.6892231,0,0,18.8,0,0,0.027,-0.013,-1,0,-0.6,0,0
5.6992231,0,0,18.8,0,0,0.027,-0.013,-1,0,-0.6,0,0
5.7092231,0,0,18.8,0,0,0.027,-0.013,-1,0,-0.6,0,0
5.7192231,0,0,18.8,0,0,0.027,-0.013,-1,0,-0.6,0,0
5.7292231,0,0,18.9,0,0,0.028,-0.012,-1,0.1,-0.7,0,0
5.7392231,0,0,18.9,0,0,0.028,-0.012,-1,0.1,-0.7,0,0
5.7492231,0,0,18.9,0,0,0.028,-0.012,-1,0.1,-0.7,0,0
5.7592231,0,0,18.9,0,0,0.028,-0.012,-1,0.1,-0.7,0,0
5.7692231,0,0,18.9,0,0,0.028,-0.012,-1,0.1,-0.7,0,0
5.7792231,0,0,18.9,0,0,0.025,-0.012,-1.001,0.1,-0.7,0,0
5.7892231,0,0,18.9,0,0,0.025,-0.012,-1.001,0.1,-0.7,0,0
5.7992231,0,0,18.9,0,0,0.025,-0.012,-1.001,0.1,-0.7,0,0
5.8092231,0,0,18.9,0,0,0.025,-0.012,-1.001,0.1,-0.7,0,0
5.8192231,0,0,18.9,0,0,0.025,-0.012,-1.001,0.1,-0.7,0,0
5.8292231,0,0,18.8,0,0,0.028,-0.013,-1,0.1,-0.7,0,0
5.8392231,0,0,18.8,0,0,0.028,-0.013,-1,0.1,-0.7,0,0
5.8492231,0,0,18.8,0,0,0.028,-0.013,-1,0.1,-0.7,0,0
5.8592231,0,0,18.8,0,0,0.028,-0.013,-1,0.1,-0.7,0,0
5.8692231,0,0,18.8,0,0,0.028,-0.013,-1,0.1,-0.7,0,0
5.8792231,0,0,18.9,0,0,0.026,-0.012,-1,0.1,-0.7,0,0
5.8892231,0,0,18.9,0,0,0.026,-0.012,-1,0.1,-0.7,0,0
5.8992231,0,0,18.9,0,0,0.026,-0.012,-1,0.1,-0.7,0,0
5.9092231,0,0,18.9,0,0,0.026,-0.012,-1,0.1,-0.7,0,0
5.9192231,0,0,18.9,0,0,0.026,-0.012,-1,0.1,-0.7,0,0
5.9292231,0,0,18.9,0,0,0.028,-0.013,-1,0.1,-0.7,0,0
5.9392231,0,0,18.9,0,0,0.028,-0.013,-1,0.1,-0.7,0,0
5.9492231,0,0,18.9,0,0,0.028,-0.013,-1,0.1,-0.7,0,0
5.9592231,0,0,18.9,0,0,0.028,-0.013,-1,0.1,-0.7,0,0
5.9692231,0,0,18.9,0,0,0.028,-0.013,-1,0.1,-0.7,0,0
5.9792231,0,0,18.8,0,0,0.028,-0.013,-1,0.1,-0.6,0,0
5.9892231,0,0,18.8,0,0,0.028,-0.013,-1,0.1,-0.6,0,0
5.9992231,0,0,18.8,0,0,0.028,-0.013,-1,0.1,-0.6,0,0
6.0092231,0,0,18.8,0,0,0.028,-0.013,-1,0.1,-0.6,0,0
6.0192231,0,0,18.8,0,0,0.028,-0.013,-1,0.1,-0.6,0,0
6.0292231,0,0,18.9,0,0,0.028,-0.013,-1,0,-0.7,0,0
6.0392231,0,0,18.9,0,0,0.028,-0.013,-1,0,-0.7,0,0
6.0492231,0,0,18.9,0,0,0.028,-0.013,-1,0,-0.7,0,0
6.0592231,0,0,18.9,0,0,0.028,-0.013,-1,0,-0.7,0,0
6.0692231,0,0,18.9,0,0,0.028,-0.013,-1,0,-0.7,0,0
6.0792231,0,0,18.9,0,0,0.028,-0.014,-1,0.1,-0.6,0,0
6.0892231,0,0,18.9,0,0,0.028,-0.014,-1,0.1,-0.6,0,0
6.0992231,0,0,18.9,0,0,0.028,-0.014,-1,0.1,-0.6,0,0
6.1092231,0,0,18.9,0,0,0.028,-0.014,-1,0.1,-0.6,0,0
6.1192231,0,0,18.9,0,0,0.028,-0.014,-1,0.1,-0.6,0,0
6.1292231,0,0,18.8,0,0,0.027,-0.012,-1,0.1,-0.7,0,0
6.1392231,0,0,18.8,0,0,0.027,-0.012,-1,0.1,-0.7,0,0
6.1492231,0,0,18.8,0,0,0.027,-0.012,-1,0.1,-0.7,0,0
6.1592231,0,0,18.8,0,0,0.027,-0.012,-1,0.1,-0.7,0,0
6.1692231,0,0,18.8,0,0,0.027,-0.012,-1,0.1,-0.7,0,0
6.1792231,0,0,18.9,0,0,0.027,-0.015,-1,0.1,-0.7,0,0
6.1892231,0,0,18.9,0,0,0.027,-0.015,-1,0.1,-0.7,0,0
6.1992231,0,0,18.9,0,0,0.027,-0.015,-1,0.1,-0.7,0,0
6.2092231,0,0,18.9,0,0,0.027,-0.015,-1,0.1,-0.7,0,0
6.2192231,0,0,18.9,0,0,0.027,-0.015,-1,0.1,-0.7,0,0
6.2292231,0,0,18.9,0,0,0.028,-0.012,-1,0.1,-0.7,0,0
6.2392231,0,0,18.9,0,0,0.028,-0.012,-1,0.1,-0.7,0,0
6.2492231,0,0,18.9,0,0,0.028,-0.012,-1,0.1,-0.7,0,0
6.2592231,0,0,18.9,0,0,0.028,-0.012,-1,0.1,-0.7,0,0
6.2692231,0,0,18.9,0,0,0.028,-0.012,-1,0.1,-0.7,0,0
6.2792231,0,0,18.9,0,0,0.029,-0.014,-0.999,0.1,-0.7,0,0
6.2892231,0,0,18.9,0,0,0.029,-0.014,-0.999,0.1,-0.7,0,0
6.2992231,0,0,18.9,0,0,0.029,-0.014,-0.999,0.1,-0.7,0,0
6.3092231,0,0,18.9,0,0,0.029,-0.014,-0.999,0.1,-0.7,0,0
6.3192231,0,0,18.9,0,0,0.029,-0.014,-0.999,0.1,-0.7,0,0
6.3292231,0,0,18.9,0,0,0.028,-0.012,-1,0.1,-0.7,0,0
6.3392231,0,0,18.9,0,0,0.028,-0.012,-1,0.1,-0.7,0,0
6.3492231,0,0,18.9,0,0,0.028,-0.012,-1,0.1,-0.7,0,0
6.3592231,0,0,18.9,0,0,0.028,-0.012,-1,0.1,-0.7,0,0
6.3692231,0,0,18.9,0,0,0.028,-0.012,-1,0.1,-0.7,0,0
6.3792231,0,0,18.9,0,0,0.028,-0.013,-0.999,0.1,-0.7,0,0
6.3892231,0,0,18.9,0,0,0.028,-0.013,-0.999,0.1,-0.7,0,0
6.3992231,0,0,18.9,0,0,0.028,-0.013,-0.999,0.1,-0.7,0,0
6.4092231,0,0,18.9,0,0,0.028,-0.013,-0.999,0.1,-0.7,0,0
6.4192231,0,0,18.9,0,0,0.028,-0.013,-0.999,0.1,-0.7,0,0
6.4292231,0,0,18.8,0,0,0.027,-0.012,-1,0.1,-0.6,0,0
6.4392231,0,0,18.8,0,0,0.027,-0.012,-1,0.1,-0.6,0,0
6.4492231,0,0,18.8,0,0,0.027,-0.012,-1,0.1,-0.6,0,0
6.4592231,0,0,18.8,0,0,0.027,-0.012,-1,0.1,-0.6,0,0
6.4692231,0,0,18.8,0,0,0.027,-0.012,-1,0.1,-0.6,0,0
6.4792231,0,0,18.8,0,0,0.025,-0.013,-1,0.1,-0.7,0,0
6.4892231,0,0,18.8,0,0,0.025,-0.013,-1,0.1,-0.7,0,0
6.4992231,0,0,18.8,0,0,0.025,-0.013,-1,0.1,-0.7,0,0
6.5092231,0,0,18.8,0,0,0.025,-0.013,-1,0.1,-0.7,0,0
6.5192231,0,0,18.8,0,0,0.025,-0.013,-1,0.1,-0.7,0,0
6.5292231,0,0,18.8,0,0,0.029,-0.012,-1,0,-0.7,0,0
6.5392231,0,0,18.8,0,0,0.029,-0.012,-1,0,-0.7,0,0
6.5492231,0,0,18.8,0,0,0.029,-0.012,-1,0,-0.7,0,0
6.5592231,0,0,18.8,0,0,0.029,-0.012,-1,0,-0.7,0,0
6.5692231,0,0,18.8,0,0,0.029,-0.012,-1,0,-0.7,0,0
6.5824775,0,0,18.9,0,0,0.029,-0.012,-0.991,0.1,-0.7,0,0
6.5924775,0,0,18.9,0,0,0.029,-0.012,-0.991,0.1,-0.7,0,0
6.6024775,0,0,18.9,0,0,0.029,-0.012,-0.991,0.1,-0.7,0,0
6.6124775,0,0,18.9,0,0,0.029,-0.012,-0.991,0.1,-0.7,0,0
6.6224775,0,0,18.9,0,0,0.029,-0.012,-0.991,0.1,-0.7,0,0
6.6324775,0,0,18.8,0,0,0.029,-0.012,-1.004,0,-0.6,0,0
6.6424775,0,0,18.8,0,0,0.029,-0.012,-1.004,0,-0.6,0,0
6.6524775,0,0,18.8,0,0,0.029,-0.012,-1.004,0,-0.6,0,0
6.6624775,0,0,18.8,0,0,0.029,-0.012,-1.004,0,-0.6,0,0
6.6724775,0,0,18.8,0,0,0.029,-0.012,-1.004,0,-0.6,0,0
6.6824775,0,0,18.9,0,0,0.025,-0.014,-1,0,-0.7,0,0
6.6924775,0,0,18.9,0,0,0.025,-0.014,-1,0,-0.7,0,0
6.7024775,0,0,18.9,0,0,0.025,-0.014,-1,0,-0.7,0,0
6.7124775,0,0,18.9,0,0,0.025,-0.014,-1,0,-0.7,0,0
6.7224775,0,0,18.9,0,0,0.025,-0.014,-1,0,-0.7,0,0
6.7324775,0,0,18.8,0,0,0.029,-0.011,-1,0,-0.7,0,0
6.7424775,0,0,18.8,0,0,0.029,-0.011,-1,0,-0.7,0,0
6.7524775,0,0,18.8,0,0,0.029,-0.011,-1,0,-0.7,0,0
6.7624775,0,0,18.8,0,0,0.029,-0.011,-1,0,-0.7,0,0
6.7724775,0,0,18.8,0,0,0.029,-0.011,-1,0,-0.7,0,0
6.7824775,0,0,18.9,0,0,0.028,-0.013,-1,0.1,-0.7,0,0
6.7924775,0,0,18.9,0,0,0.028,-0.013,-1,0.1,-0.7,0,0
6.8024775,0,0,18.9,0,0,0.028,-0.013,-1,0.1,-0.7,0,0
6.8124775,0,0,18.9,0,0,0.028,-0.013,-1,0.1,-0.7,0,0
6.8224775,0,0,18.9,0,0,0.028,-0.013,-1,0.1,-0.7,0,0
6.8324775,0,0,18.8,0,0,0.025,-0.013,-1,0.1,-0.7,0,0
6.8424775,0,0,18.8,0,0,0.025,-0.013,-1,0.1,-0.7,0,0
6.8524775,0,0,18.8,0,0,0.025,-0.013,-1,0.1,-0.7,0,0
6.8624775,0,0,18.8,0,0,0.025,-0.013,-1,0.1,-0.7,0,0
6.8724775,0,0,18.8,0,0,0.025,-0.013,-1,0.1,-0.7,0,0
6.8824775,0,0,18.8,0,0,0.028,-0.012,-0.999,0.1,-0.7,0,0
6.8924775,0,0,18.8,0,0,0.028,-0.012,-0.999,0.1,-0.7,0,0
6.9024775,0,0,18.8,0,0,0.028,-0.012,-0.999,0.1,-0.7,0,0
6.9124775,0,0,18.8,0,0,0.028,-0.012,-0.999,0.1,-0.7,0,0
6.9224775,0,0,18.8,0,0,0.028,-0.012,-0.999,0.1,-0.7,0,0
6.9324775,0,0,18.8,0,0,0.028,-0.015,-0.999,0.1,-0.6,0,0
6.9424775,0,0,18.8,0,0,0.028,-0.015,-0.999,0.1,-0.6,0,0
6.9524775,0,0,18.8,0,0,0.028,-0.015,-0.999,0.1,-0.6,0,0
6.9624775,0,0,18.8,0,0,0.028,-0.015,-0.999,0.1,-0.6,0,0
6.9724775,0,0,18.8,0,0,0.028,-0.015,-0.999,0.1,-0.6,0,0
6.9824775,0,0,18.9,0,0,0.029,-0.012,-1,0.1,-0.7,0,0
6.9924775,0,0,18.9,0,0,0.029,-0.012,-1,0.1,-0.7,0,0
7.0024775,0,0,18.9,0,0,0.029,-0.012,-1,0.1,-0.7,0,0
7.0124775,0,0,18.9,0,0,0.029,-0.012,-1,0.1,-0.7,0,0
7.0224775,0,0,18.9,0,0,0.029,-0.012,-1,0.1,-0.7,0,0
7.0324775,0,0,18.9,0,0,0.026,-0.012,-1,0.1,-0.7,-0.1,0
7.0424775,0,0,18.9,0,0,0.026,-0.012,-1,0.1,-0.7,-0.1,0
7.0524775,0,0,18.9,0,0,0.026,-0.012,-1,0.1,-0.7,-0.1,0
7.0624775,0,0,18.9,0,0,0.026,-0.012,-1,0.1,-0.7,-0.1,0
7.0724775,0,0,18.9,0,0,0.026,-0.012,-1,0.1,-0.7,-0.1,0
7.0824775,0,0,18.9,0,0,0.031,-0.016,-0.997,0.1,-0.6,0,0
7.0924775,0,0,18.9,0,0,0.031,-0.016,-0.997,0.1,-0.6,0,0
7.1024775,0,0,18.9,0,0,0.031,-0.016,-0.997,0.1,-0.6,0,0
7.1124775,0,0,18.9,0,0,0.031,-0.016,-0.997,0.1,-0.6,0,0
7.1224775,0,0,18.9,0,0,0.031,-0.016,-0.997,0.1,-0.6,0,0
7.1324775,0,0,18.8,0,0,0.023,-0.011,-1.002,0.1,-0.7,0,0
7.1424775,0,0,18.8,0,0,0.023,-0.011,-1.002,0.1,-0.7,0,0
7.1524775,0,0,18.8,0,0,0.023,-0.011,-1.002,0.1,-0.7,0,0
7.1624775,0,0,18.8,0,0,0.023,-0.011,-1.002,0.1,-0.7,0,0
7.1724775,0,0,18.8,0,0,0.023,-0.011,-1.002,0.1,-0.7,0,0
7.1824775,0,0,18.9,0,0,0.03,-0.014,-1,0,-0.6,-0.2,0
7.1924775,0,0,18.9,0,0,0.03,-0.014,-1,0,-0.6,-0.2,0
7.2024775,0,0,18.9,0,0,0.03,-0.014,-1,0,-0.6,-0.2,0
7.2124775,0,0,18.9,0,0,0.03,-0.014,-1,0,-0.6,-0.2,0
7.2224775,0,0,18.9,0,0,0.03,-0.014,-1,0,-0.6,-0.2,0
7.2324775,0,0,18.9,0,0,0.028,-0.009,-1.005,0.2,-0.7,0,0
7.2424775,0,0,18.9,0,0,0.028,-0.009,-1.005,0.2,-0.7,0,0
7.2524775,0,0,18.9,0,0,0.028,-0.009,-1.005,0.2,-0.7,0,0
7.2624775,0,0,18.9,0,0,0.028,-0.009,-1.005,0.2,-0.7,0,0
7.2724775,0,0,18.9,0,0,0.028,-0.009,-1.005,0.2,-0.7,0,0
7.2824775,0,0,18.9,0,0,0.027,-0.013,-0.999,0.1,-0.7,-0.1,0
7.2924775,0,0,18.9,0,0,0.027,-0.013,-0.999,0.1,-0.7,-0.1,0
7.3024775,0,0,18.9,0,0,0.027,-0.013,-0.999,0.1,-0.7,-0.1,0
7.3124775,0,0,18.9,0,0,0.027,-0.013,-0.999,0.1,-0.7,-0.1,0
7.3224775,0,0,18.9,0,0,0.027,-0.013,-0.999,0.1,-0.7,-0.1,0
7.3324775,0,0,18.8,0,0,0.028,-0.014,-1,0.1,-0.6,0,0
7.3424775,0,0,18.8,0,0,0.028,-0.014,-1,0.1,-0.6,0,0
7.3524775,0,0,18.8,0,0,0.028,-0.014,-1,0.1,-0.6,0,0
7.3624775,0,0,18.8,0,0,0.028,-0.014,-1,0.1,-0.6,0,0
7.3724775,0,0,18.8,0,0,0.028,-0.014,-1,0.1,-0.6,0,0
7.3824775,0,0,18.9,0,0,0.026,-0.01,-0.999,0.1,-0.7,0,0
7.3924775,0,0,18.9,0,0,0.026,-0.01,-0.999,0.1,-0.7,0,0
7.4024775,0,0,18.9,0,0,0.026,-0.01,-0.999,0.1,-0.7,0,0
7.4124775,0,0,18.9,0,0,0.026,-0.01,-0.999,0.1,-0.7,0,0
7.4224775,0,0,18.9,0,0,0.026,-0.01,-0.999,0.1,-0.7,0,0
7.4324775,0,0,18.9,0,0,0.028,-0.013,-0.875,0.1,-0.6,0,0
7.4424775,0,0,18.9,0,0,0.028,-0.013,-0.875,0.1,-0.6,0,0
7.4524775,0,0,18.9,0,0,0.028,-0.013,-0.875,0.1,-0.6,0,0
7.4624775,0,0,18.9,0,0,0.028,-0.013,-0.875,0.1,-0.6,0,0
7.4724775,0,0,18.9,0,0,0.028,-0.013,-0.875,0.1,-0.6,0,0
7.4824775,0,0,18.8,0,0,0.024,-0.013,-0.998,0.1,-0.7,0,0
7.4924775,0,0,18.8,0,0,0.024,-0.013,-0.998,0.1,-0.7,0,0
7.5024775,0,0,18.8,0,0,0.024,-0.013,-0.998,0.1,-0.7,0,0
7.5124775,0,0,18.8,0,0,0.024,-0.013,-0.998,0.1,-0.7,0,0
7.5224775,0,0,18.8,0,0,0.024,-0.013,-0.998,0.1,-0.7,0,0
7.5324775,0,0,18.8,0,0,0.028,-0.011,-1.004,0.1,-0.7,-0.1,0
7.5424775,0,0,18.8,0,0,0.028,-0.011,-1.004,0.1,-0.7,-0.1,0
7.5524775,0,0,18.8,0,0,0.028,-0.011,-1.004,0.1,-0.7,-0.1,0
7.5624775,0,0,18.8,0,0,0.028,-0.011,-1.004,0.1,-0.7,-0.1,0
7.5724775,0,0,18.8,0,0,0.028,-0.011,-1.004,0.1,-0.7,-0.1,0
7.5824775,0,0,18.8,0,0,0.028,-0.014,-0.998,0.1,-0.6,0,0
7.5924775,0,0,18.8,0,0,0.028,-0.014,-0.998,0.1,-0.6,0,0
7.6024775,0,0,18.8,0,0,0.028,-0.014,-0.998,0.1,-0.6,0,0
7.6124775,0,0,18.8,0,0,0.028,-0.014,-0.998,0.1,-0.6,0,0
7.6224775,0,0,18.8,0,0,0.028,-0.014,-0.998,0.1,-0.6,0,0
7.6324775,0,0,18.8,0,0,0.03,-0.01,-1,0.1,-0.7,0,0
7.6424775,0,0,18.8,0,0,0.03,-0.01,-1,0.1,-0.7,0,0
7.6524775,0,0,18.8,0,0,0.03,-0.01,-1,0.1,-0.7,0,0
7.6624775,0,0,18.8,0,0,0.03,-0.01,-1,0.1,-0.7,0,0
7.6724775,0,0,18.8,0,0,0.03,-0.01,-1,0.1,-0.7,0,0
7.6824775,0,0,18.9,0,0,0.027,-0.014,-1.001,0.1,-0.6,0,0
7.6924775,0,0,18.9,0,0,0.027,-0.014,-1.001,0.1,-0.6,0,0
7.7024775,0,0,18.9,0,0,0.027,-0.014,-1.001,0.1,-0.6,0,0
7.7124775,0,0,18.9,0,0,0.027,-0.014,-1.001,0.1,-0.6,0,0
7.7224775,0,0,18.9,0,0,0.027,-0.014,-1.001,0.1,-0.6,0,0
7.7324775,0,0,18.8,0,0,0.028,-0.011,-1,0,-0.7,0,0
7.7424775,0,0,18.8,0,0,0.028,-0.011,-1,0,-0.7,0,0
7.7524775,0,0,18.8,0,0,0.028,-0.011,-1,0,-0.7,0,0
7.7624775,0,0,18.8,0,0,0.028,-0.011,-1,0,-0.7,0,0
7.7724775,0,0,18.8,0,0,0.028,-0.011,-1,0,-0.7,0,0
7.7824775,0,0,18.9,0,0,0.027,-0.014,-1,0.1,-0.7,0,0
7.7924775,0,0,18.9,0,0,0.027,-0.014,-1,0.1,-0.7,0,0
7.80247749999999,0,0,18.9,0,0,0.027,-0.014,-1,0.1,-0.7,0,0
7.8124775,0,0,18.9,0,0,0.027,-0.014,-1,0.1,-0.7,0,0
7.8224775,0,0,18.9,0,0,0.027,-0.014,-1,0.1,-0.7,0,0
7.8324775,0,0,18.9,0,0,0.028,-0.012,-1,0.1,-0.6,0,0
7.84247749999999,0,0,18.9,0,0,0.028,-0.012,-1,0.1,-0.6,0,0
7.85247749999999,0,0,18.9,0,0,0.028,-0.012,-1,0.1,-0.6,0,0
7.8624775,0,0,18.9,0,0,0.028,-0.012,-1,0.1,-0.6,0,0
7.8724775,0,0,18.9,0,0,0.028,-0.012,-1,0.1,-0.6,0,0
7.88247749999999,0,0,18.8,0,0,0.026,-0.012,-0.999,0.1,-0.7,0,0
7.89247749999999,0,0,18.8,0,0,0.026,-0.012,-0.999,0.1,-0.7,0,0
7.90247749999999,0,0,18.8,0,0,0.026,-0.012,-0.999,0.1,-0.7,0,0
7.9124775,0,0,18.8,0,0,0.026,-0.012,-0.999,0.1,-0.7,0,0
7.92247749999999,0,0,18.8,0,0,0.026,-0.012,-0.999,0.1,-0.7,0,0
7.93247749999999,0,0,18.9,0,0,0.029,-0.014,-0.998,0.1,-0.6,0,0
7.94247749999999,0,0,18.9,0,0,0.029,-0.014,-0.998,0.1,-0.6,0,0
7.95247749999999,0,0,18.9,0,0,0.029,-0.014,-0.998,0.1,-0.6,0,0
7.96247749999999,0,0,18.9,0,0,0.029,-0.014,-0.998,0.1,-0.6,0,0
7.97247749999999,0,0,18.9,0,0,0.029,-0.014,-0.998,0.1,-0.6,0,0
7.98247749999999,0,0,18.8,0,0,0.026,-0.01,-1.006,0.1,-0.7,0,0
7.99247749999999,0,0,18.8,0,0,0.026,-0.01,-1.006,0.1,-0.7,0,0
8.00247749999999,0,0,18.8,0,0,0.026,-0.01,-1.006,0.1,-0.7,0,0
8.01247749999999,0,0,18.8,0,0,0.026,-0.01,-1.006,0.1,-0.7,0,0
8.02247749999999,0,0,18.8,0,0,0.026,-0.01,-1.006,0.1,-0.7,0,0
8.03247749999999,0,0,18.8,0,0,0.028,-0.014,-0.997,0.1,-0.8,0,0
8.04247749999999,0,0,18.8,0,0,0.028,-0.014,-0.997,0.1,-0.8,0,0
8.05247749999999,0,0,18.8,0,0,0.028,-0.014,-0.997,0.1,-0.8,0,0
8.06247749999999,0,0,18.8,0,0,0.028,-0.014,-0.997,0.1,-0.8,0,0
8.07247749999999,0,0,18.8,0,0,0.028,-0.014,-0.997,0.1,-0.8,0,0
8.08247749999999,0,0,18.9,0,0,0.028,-0.012,-0.999,0.1,-0.7,0,0
8.09247749999999,0,0,18.9,0,0,0.028,-0.012,-0.999,0.1,-0.7,0,0
8.10247749999999,0,0,18.9,0,0,0.028,-0.012,-0.999,0.1,-0.7,0,0
8.11247749999999,0,0,18.9,0,0,0.028,-0.012,-0.999,0.1,-0.7,0,0
8.12247749999999,0,0,18.9,0,0,0.028,-0.012,-0.999,0.1,-0.7,0,0
8.13247749999999,0,0,18.9,0,0,0.031,-0.012,-0.999,0.1,-0.6,0,0
8.14247749999999,0,0,18.9,0,0,0.031,-0.012,-0.999,0.1,-0.6,0,0
8.15247749999999,0,0,18.9,0,0,0.031,-0.012,-0.999,0.1,-0.6,0,0
8.16247749999999,0,0,18.9,0,0,0.031,-0.012,-0.999,0.1,-0.6,0,0
8.17247749999999,0,0,18.9,0,0,0.031,-0.012,-0.999,0.1,-0.6,0,0
8.18247749999999,0,0,18.9,0,0,0.026,-0.014,-1,0.1,-0.7,0,0
8.19247749999999,0,0,18.9,0,0,0.026,-0.014,-1,0.1,-0.7,0,0
8.20247749999999,0,0,18.9,0,0,0.026,-0.014,-1,0.1,-0.7,0,0
8.21247749999999,0,0,18.9,0,0,0.026,-0.014,-1,0.1,-0.7,0,0
8.22247749999999,0,0,18.9,0,0,0.026,-0.014,-1,0.1,-0.7,0,0
8.23247749999999,0,0,18.9,0,0,0.028,-0.012,-1,0.1,-0.7,0,0
8.24247749999999,0,0,18.9,0,0,0.028,-0.012,-1,0.1,-0.7,0,0
8.25247749999999,0,0,18.9,0,0,0.028,-0.012,-1,0.1,-0.7,0,0
8.26247749999999,0,0,18.9,0,0,0.028,-0.012,-1,0.1,-0.7,0,0
8.27247749999999,0,0,18.9,0,0,0.028,-0.012,-1,0.1,-0.7,0,0
8.28247749999999,0,0,18.9,0,0,0.028,-0.013,-1,0,-0.7,0,0
8.29247749999999,0,0,18.9,0,0,0.028,-0.013,-1,0,-0.7,0,0
8.30247749999999,0,0,18.9,0,0,0.028,-0.013,-1,0,-0.7,0,0
8.31247749999999,0,0,18.9,0,0,0.028,-0.013,-1,0,-0.7,0,0
8.32247749999999,0,0,18.9,0,0,0.028,-0.013,-1,0,-0.7,0,0
8.33247749999999,0,0,18.8,0,0,0.028,-0.011,-1,0.1,-0.7,0,0
8.34247749999999,0,0,18.8,0,0,0.028,-0.011,-1,0.1,-0.7,0,0
8.35247749999999,0,0,18.8,0,0,0.028,-0.011,-1,0.1,-0.7,0,0
8.36247749999999,0,0,18.8,0,0,0.028,-0.011,-1,0.1,-0.7,0,0
8.37247749999999,0,0,18.8,0,0,0.028,-0.011,-1,0.1,-0.7,0,0
8.38247749999999,0,0,18.9,0,0,0.027,-0.013,-1,0.1,-0.7,-0.1,0
8.39247749999999,0,0,18.9,0,0,0.027,-0.013,-1,0.1,-0.7,-0.1,0
8.40247749999999,0,0,18.9,0,0,0.027,-0.013,-1,0.1,-0.7,-0.1,0
8.41247749999999,0,0,18.9,0,0,0.027,-0.013,-1,0.1,-0.7,-0.1,0
8.42247749999999,0,0,18.9,0,0,0.027,-0.013,-1,0.1,-0.7,-0.1,0
8.43247749999998,0,0,18.8,0,0,0.027,-0.012,-1,0.1,-0.6,0,0
8.44247749999998,0,0,18.8,0,0,0.027,-0.012,-1,0.1,-0.6,0,0
8.45247749999998,0,0,18.8,0,0,0.027,-0.012,-1,0.1,-0.6,0,0
8.46247749999998,0,0,18.8,0,0,0.027,-0.012,-1,0.1,-0.6,0,0
8.47247749999998,0,0,18.8,0,0,0.027,-0.012,-1,0.1,-0.6,0,0
8.48247749999998,0,0,18.9,0,0,0.028,-0.014,-1.001,0.1,-0.7,-0.1,0
8.49247749999998,0,0,18.9,0,0,0.028,-0.014,-1.001,0.1,-0.7,-0.1,0
8.50247749999998,0,0,18.9,0,0,0.028,-0.014,-1.001,0.1,-0.7,-0.1,0
8.51247749999998,0,0,18.9,0,0,0.028,-0.014,-1.001,0.1,-0.7,-0.1,0
8.52247749999998,0,0,18.9,0,0,0.028,-0.014,-1.001,0.1,-0.7,-0.1,0
8.53247749999998,0,0,18.9,0,0,0.028,-0.013,-1,0.1,-0.6,0,0
8.54247749999998,0,0,18.9,0,0,0.028,-0.013,-1,0.1,-0.6,0,0
8.55247749999998,0,0,18.9,0,0,0.028,-0.013,-1,0.1,-0.6,0,0
8.56247749999998,0,0,18.9,0,0,0.028,-0.013,-1,0.1,-0.6,0,0
8.57247749999998,0,0,18.9,0,0,0.028,-0.013,-1,0.1,-0.6,0,0
8.58247749999998,0,0,18.9,0,0,0.028,-0.013,-1,0,-0.6,0,0
8.59247749999998,0,0,18.9,0,0,0.028,-0.013,-1,0,-0.6,0,0
8.60247749999998,0,0,18.9,0,0,0.028,-0.013,-1,0,-0.6,0,0
8.61247749999998,0,0,18.9,0,0,0.028,-0.013,-1,0,-0.6,0,0
8.62247749999998,0,0,18.9,0,0,0.028,-0.013,-1,0,-0.6,0,0
8.63247749999998,0,0,18.8,0,0,0.026,-0.011,-1,0.1,-0.7,-0.1,0
8.64247749999998,0,0,18.8,0,0,0.026,-0.011,-1,0.1,-0.7,-0.1,0
8.65247749999998,0,0,18.8,0,0,0.026,-0.011,-1,0.1,-0.7,-0.1,0
8.66247749999998,0,0,18.8,0,0,0.026,-0.011,-1,0.1,-0.7,-0.1,0
8.67247749999998,0,0,18.8,0,0,0.026,-0.011,-1,0.1,-0.7,-0.1,0
8.68247749999998,0,0,18.9,0,0,0.028,-0.015,-1,0.1,-0.7,0,0
8.69247749999998,0,0,18.9,0,0,0.028,-0.015,-1,0.1,-0.7,0,0
8.70247749999998,0,0,18.9,0,0,0.028,-0.015,-1,0.1,-0.7,0,0
8.71247749999998,0,0,18.9,0,0,0.028,-0.015,-1,0.1,-0.7,0,0
8.72247749999998,0,0,18.9,0,0,0.028,-0.015,-1,0.1,-0.7,0,0
8.73247749999998,0,0,18.9,0,0,0.028,-0.012,-1.001,0,-0.7,0,0
8.74247749999998,0,0,18.9,0,0,0.028,-0.012,-1.001,0,-0.7,0,0
8.75247749999998,0,0,18.9,0,0,0.028,-0.012,-1.001,0,-0.7,0,0
8.76247749999998,0,0,18.9,0,0,0.028,-0.012,-1.001,0,-0.7,0,0
8.77247749999998,0,0,18.9,0,0,0.028,-0.012,-1.001,0,-0.7,0,0
8.78247749999998,0,0,18.9,0,0,0.028,-0.012,-0.999,0.1,-0.7,0,0
8.79247749999998,0,0,18.9,0,0,0.028,-0.012,-0.999,0.1,-0.7,0,0
8.80247749999998,0,0,18.9,0,0,0.028,-0.012,-0.999,0.1,-0.7,0,0
8.81247749999998,0,0,18.9,0,0,0.028,-0.012,-0.999,0.1,-0.7,0,0
8.82247749999998,0,0,18.9,0,0,0.028,-0.012,-0.999,0.1,-0.7,0,0
8.83247749999998,0,0,18.8,0,0,0.026,-0.012,-1,0.1,-0.7,0,0
8.84247749999998,0,0,18.8,0,0,0.026,-0.012,-1,0.1,-0.7,0,0
8.85247749999998,0,0,18.8,0,0,0.026,-0.012,-1,0.1,-0.7,0,0
8.86247749999998,0,0,18.8,0,0,0.026,-0.012,-1,0.1,-0.7,0,0
8.87247749999998,0,0,18.8,0,0,0.026,-0.012,-1,0.1,-0.7,0,0
8.88247749999998,0,0,18.8,0,0,0.028,-0.012,-1,0,-0.8,0,0
8.89247749999998,0,0,18.8,0,0,0.028,-0.012,-1,0,-0.8,0,0
8.90247749999997,0,0,18.8,0,0,0.028,-0.012,-1,0,-0.8,0,0
8.91247749999997,0,0,18.8,0,0,0.028,-0.012,-1,0,-0.8,0,0
8.92247749999997,0,0,18.8,0,0,0.028,-0.012,-1,0,-0.8,0,0
8.93247749999997,0,0,18.8,0,0,0.028,-0.013,-1,0.1,-0.7,0,0
8.94247749999997,0,0,18.8,0,0,0.028,-0.013,-1,0.1,-0.7,0,0
8.95247749999997,0,0,18.8,0,0,0.028,-0.013,-1,0.1,-0.7,0,0
8.96247749999997,0,0,18.8,0,0,0.028,-0.013,-1,0.1,-0.7,0,0
8.97247749999997,0,0,18.8,0,0,0.028,-0.013,-1,0.1,-0.7,0,0
8.98247749999997,0,0,18.8,0,0,0.028,-0.013,-1,0,-0.7,0,0
8.99247749999997,0,0,18.8,0,0,0.028,-0.013,-1,0,-0.7,0,0
9.00247749999997,0,0,18.8,0,0,0.028,-0.013,-1,0,-0.7,0,0
9.01247749999997,0,0,18.8,0,0,0.028,-0.013,-1,0,-0.7,0,0
9.02247749999997,0,0,18.8,0,0,0.028,-0.013,-1,0,-0.7,0,0
9.03247749999997,0,0,18.9,0,0,0.029,-0.014,-1,0.1,-0.7,0,0
9.04247749999997,0,0,18.9,0,0,0.029,-0.014,-1,0.1,-0.7,0,0
9.05247749999997,0,0,18.9,0,0,0.029,-0.014,-1,0.1,-0.7,0,0
9.06247749999997,0,0,18.9,0,0,0.029,-0.014,-1,0.1,-0.7,0,0
9.07247749999997,0,0,18.9,0,0,0.029,-0.014,-1,0.1,-0.7,0,0
9.08247749999997,0,0,18.9,0,0,0.027,-0.01,-1,0.1,-0.7,0,0
9.09247749999997,0,0,18.9,0,0,0.027,-0.01,-1,0.1,-0.7,0,0
9.10247749999997,0,0,18.9,0,0,0.027,-0.01,-1,0.1,-0.7,0,0
9.11247749999997,0,0,18.9,0,0,0.027,-0.01,-1,0.1,-0.7,0,0
9.12247749999997,0,0,18.9,0,0,0.027,-0.01,-1,0.1,-0.7,0,0
9.13247749999997,0,0,18.9,0,0,0.028,-0.015,-1,0.1,-0.7,0,0
9.14247749999997,0,0,18.9,0,0,0.028,-0.015,-1,0.1,-0.7,0,0
9.15247749999997,0,0,18.9,0,0,0.028,-0.015,-1,0.1,-0.7,0,0
9.16247749999997,0,0,18.9,0,0,0.028,-0.015,-1,0.1,-0.7,0,0
9.17247749999997,0,0,18.9,0,0,0.028,-0.015,-1,0.1,-0.7,0,0
9.18247749999997,0,0,18.8,0,0,0.027,-0.011,-1,0.1,-0.7,0,0
9.19247749999997,0,0,18.8,0,0,0.027,-0.011,-1,0.1,-0.7,0,0
9.20247749999997,0,0,18.8,0,0,0.027,-0.011,-1,0.1,-0.7,0,0
9.21247749999997,0,0,18.8,0,0,0.027,-0.011,-1,0.1,-0.7,0,0
9.22247749999997,0,0,18.8,0,0,0.027,-0.011,-1,0.1,-0.7,0,0
9.23247749999997,0,0,18.8,0,0,0.028,-0.012,-1,0.1,-0.7,0,0
9.24247749999997,0,0,18.8,0,0,0.028,-0.012,-1,0.1,-0.7,0,0
9.25247749999997,0,0,18.8,0,0,0.028,-0.012,-1,0.1,-0.7,0,0
9.26247749999997,0,0,18.8,0,0,0.028,-0.012,-1,0.1,-0.7,0,0
9.27247749999997,0,0,18.8,0,0,0.028,-0.012,-1,0.1,-0.7,0,0
9.28247749999997,0,0,18.9,0,0,0.027,-0.012,-1,0.1,-0.7,0,0
9.29247749999997,0,0,18.9,0,0,0.027,-0.012,-1,0.1,-0.7,0,0
9.30247749999997,0,0,18.9,0,0,0.027,-0.012,-1,0.1,-0.7,0,0
9.31247749999997,0,0,18.9,0,0,0.027,-0.012,-1,0.1,-0.7,0,0
9.32247749999997,0,0,18.9,0,0,0.027,-0.012,-1,0.1,-0.7,0,0
9.33247749999997,0,0,18.8,0,0,0.028,-0.013,-1,0.1,-0.7,0,0
9.34247749999997,0,0,18.8,0,0,0.028,-0.013,-1,0.1,-0.7,0,0
9.35247749999997,0,0,18.8,0,0,0.028,-0.013,-1,0.1,-0.7,0,0
9.36247749999997,0,0,18.8,0,0,0.028,-0.013,-1,0.1,-0.7,0,0
9.37247749999996,0,0,18.8,0,0,0.028,-0.013,-1,0.1,-0.7,0,0
9.38247749999996,0,0,18.8,0,0,0.028,-0.012,-1,0.1,-0.6,0,0
9.39247749999996,0,0,18.8,0,0,0.028,-0.012,-1,0.1,-0.6,0,0
9.40247749999996,0,0,18.8,0,0,0.028,-0.012,-1,0.1,-0.6,0,0
9.41247749999996,0,0,18.8,0,0,0.028,-0.012,-1,0.1,-0.6,0,0
9.42247749999996,0,0,18.8,0,0,0.028,-0.012,-1,0.1,-0.6,0,0
9.43247749999996,0,0,18.8,0,0,0.027,-0.013,-1,0.1,-0.7,0,0
9.44247749999996,0,0,18.8,0,0,0.027,-0.013,-1,0.1,-0.7,0,0
9.45247749999996,0,0,18.8,0,0,0.027,-0.013,-1,0.1,-0.7,0,0
9.46247749999996,0,0,18.8,0,0,0.027,-0.013,-1,0.1,-0.7,0,0
9.47247749999996,0,0,18.8,0,0,0.027,-0.013,-1,0.1,-0.7,0,0
9.48247749999996,0,0,18.9,0,0,0.027,-0.011,-1,0.1,-0.7,0,0
9.49247749999996,0,0,18.9,0,0,0.027,-0.011,-1,0.1,-0.7,0,0
9.50247749999996,0,0,18.9,0,0,0.027,-0.011,-1,0.1,-0.7,0,0
9.51247749999996,0,0,18.9,0,0,0.027,-0.011,-1,0.1,-0.7,0,0
9.52247749999996,0,0,18.9,0,0,0.027,-0.011,-1,0.1,-0.7,0,0
9.53247749999996,0,0,18.9,0,0,0.028,-0.013,-1.001,0.1,-0.6,0,0
9.54247749999996,0,0,18.9,0,0,0.028,-0.013,-1.001,0.1,-0.6,0,0
9.55247749999996,0,0,18.9,0,0,0.028,-0.013,-1.001,0.1,-0.6,0,0
9.56247749999996,0,0,18.9,0,0,0.028,-0.013,-1.001,0.1,-0.6,0,0
9.57247749999996,0,0,18.9,0,0,0.028,-0.013,-1.001,0.1,-0.6,0,0
9.58247749999996,0,0,18.8,0,0,0.027,-0.013,-1,0,-0.7,0,0
9.59247749999996,0,0,18.8,0,0,0.027,-0.013,-1,0,-0.7,0,0
9.60247749999996,0,0,18.8,0,0,0.027,-0.013,-1,0,-0.7,0,0
9.61247749999996,0,0,18.8,0,0,0.027,-0.013,-1,0,-0.7,0,0
9.62247749999996,0,0,18.8,0,0,0.027,-0.013,-1,0,-0.7,0,0
9.63247749999996,0,0,18.9,0,0,0.027,-0.01,-1,0.1,-0.7,0,0
9.64247749999996,0,0,18.9,0,0,0.027,-0.01,-1,0.1,-0.7,0,0
9.65247749999996,0,0,18.9,0,0,0.027,-0.01,-1,0.1,-0.7,0,0
9.66247749999996,0,0,18.9,0,0,0.027,-0.01,-1,0.1,-0.7,0,0
9.67247749999996,0,0,18.9,0,0,0.027,-0.01,-1,0.1,-0.7,0,0
9.68247749999996,0,0,18.9,0,0,0.028,-0.014,-1.001,0.1,-0.6,0,0
9.69247749999996,0,0,18.9,0,0,0.028,-0.014,-1.001,0.1,-0.6,0,0
9.70247749999996,0,0,18.9,0,0,0.028,-0.014,-1.001,0.1,-0.6,0,0
9.71247749999996,0,0,18.9,0,0,0.028,-0.014,-1.001,0.1,-0.6,0,0
9.72247749999996,0,0,18.9,0,0,0.028,-0.014,-1.001,0.1,-0.6,0,0
9.73247749999996,0,0,18.9,0,0,0.027,-0.011,-1,0,-0.6,0,0
9.74247749999996,0,0,18.9,0,0,0.027,-0.011,-1,0,-0.6,0,0
9.75247749999996,0,0,18.9,0,0,0.027,-0.011,-1,0,-0.6,0,0
9.76247749999996,0,0,18.9,0,0,0.027,-0.011,-1,0,-0.6,0,0
9.77247749999996,0,0,18.9,0,0,0.027,-0.011,-1,0,-0.6,0,0
9.78247749999996,0,0,18.8,0,0,0.029,-0.015,-1,0.1,-0.7,0,0
9.79247749999996,0,0,18.8,0,0,0.029,-0.015,-1,0.1,-0.7,0,0
9.80247749999996,0,0,18.8,0,0,0.029,-0.015,-1,0.1,-0.7,0,0
9.81247749999996,0,0,18.8,0,0,0.029,-0.015,-1,0.1,-0.7,0,0
9.82247749999996,0,0,18.8,0,0,0.029,-0.015,-1,0.1,-0.7,0,0
9.83247749999996,0,0,18.9,0,0,0.027,-0.011,-1.001,0.1,-0.7,0,0
9.84247749999995,0,0,18.9,0,0,0.027,-0.011,-1.001,0.1,-0.7,0,0
9.85247749999995,0,0,18.9,0,0,0.027,-0.011,-1.001,0.1,-0.7,0,0
9.86247749999995,0,0,18.9,0,0,0.027,-0.011,-1.001,0.1,-0.7,0,0
9.87247749999995,0,0,18.9,0,0,0.027,-0.011,-1.001,0.1,-0.7,0,0
9.88247749999995,0,0,18.9,0,0,0.028,-0.016,-1,0.1,-0.7,0,0
9.89247749999995,0,0,18.9,0,0,0.028,-0.016,-1,0.1,-0.7,0,0
9.90247749999995,0,0,18.9,0,0,0.028,-0.016,-1,0.1,-0.7,0,0
9.91247749999995,0,0,18.9,0,0,0.028,-0.016,-1,0.1,-0.7,0,0
9.92247749999995,0,0,18.9,0,0,0.028,-0.016,-1,0.1,-0.7,0,0
9.93247749999995,0,0,18.8,0,0,0.028,-0.01,-1,0.1,-0.6,0,0
9.94247749999995,0,0,18.8,0,0,0.028,-0.01,-1,0.1,-0.6,0,0
9.95247749999995,0,0,18.8,0,0,0.028,-0.01,-1,0.1,-0.6,0,0
9.96247749999995,0,0,18.8,0,0,0.028,-0.01,-1,0.1,-0.6,0,0
9.97247749999995,0,0,18.8,0,0,0.028,-0.01,-1,0.1,-0.6,0,0
9.98247749999995,0,0,18.9,0,0,0.028,-0.014,-1,0.1,-0.6,0,0
9.99247749999995,0,0,18.9,0,0,0.028,-0.014,-1,0.1,-0.6,0,0
10.0024775,0,0,18.9,0,0,0.028,-0.014,-1,0.1,-0.6,0,0
10.0124775,0,0,18.9,0,0,0.028,-0.014,-1,0.1,-0.6,0,0
10.0224775,0,0,18.9,0,0,0.028,-0.014,-1,0.1,-0.6,0,0
10.0324775,0,0,18.8,0,0,0.027,-0.011,-1,0.1,-0.7,0,0
10.0424775,0,0,18.8,0,0,0.027,-0.011,-1,0.1,-0.7,0,0
10.0524775,0,0,18.8,0,0,0.027,-0.011,-1,0.1,-0.7,0,0
10.0624775,0,0,18.8,0,0,0.027,-0.011,-1,0.1,-0.7,0,0
10.0724775,0,0,18.8,0,0,0.027,-0.011,-1,0.1,-0.7,0,0
10.0824774999999,0,0,18.9,0,0,0.027,-0.013,-1.001,0.1,-0.7,0,0
10.0924774999999,0,0,18.9,0,0,0.027,-0.013,-1.001,0.1,-0.7,0,0
10.1024774999999,0,0,18.9,0,0,0.027,-0.013,-1.001,0.1,-0.7,0,0
10.1124774999999,0,0,18.9,0,0,0.027,-0.013,-1.001,0.1,-0.7,0,0
10.1224774999999,0,0,18.9,0,0,0.027,-0.013,-1.001,0.1,-0.7,0,0
10.1324774999999,0,0,18.9,0,0,0.028,-0.013,-1.001,0.1,-0.7,0,0
10.1424774999999,0,0,18.9,0,0,0.028,-0.013,-1.001,0.1,-0.7,0,0
10.1524774999999,0,0,18.9,0,0,0.028,-0.013,-1.001,0.1,-0.7,0,0
10.1624774999999,0,0,18.9,0,0,0.028,-0.013,-1.001,0.1,-0.7,0,0
10.1724774999999,0,0,18.9,0,0,0.028,-0.013,-1.001,0.1,-0.7,0,0
10.1824774999999,0,0,18.8,0,0,0.026,-0.012,-1,0,-0.7,0,0
10.1924774999999,0,0,18.8,0,0,0.026,-0.012,-1,0,-0.7,0,0
10.2024774999999,0,0,18.8,0,0,0.026,-0.012,-1,0,-0.7,0,0
10.2124774999999,0,0,18.8,0,0,0.026,-0.012,-1,0,-0.7,0,0
10.2224774999999,0,0,18.8,0,0,0.026,-0.012,-1,0,-0.7,0,0
10.2324774999999,0,0,18.8,0,0,0.03,-0.015,-1,0.1,-0.7,0,0
10.2424774999999,0,0,18.8,0,0,0.03,-0.015,-1,0.1,-0.7,0,0
10.2524774999999,0,0,18.8,0,0,0.03,-0.015,-1,0.1,-0.7,0,0
10.2624774999999,0,0,18.8,0,0,0.03,-0.015,-1,0.1,-0.7,0,0
10.2724774999999,0,0,18.8,0,0,0.03,-0.015,-1,0.1,-0.7,0,0
10.2824774999999,0,0,18.8,0,0,0.027,-0.012,-1,0.1,-0.7,0,0
10.2924774999999,0,0,18.8,0,0,0.027,-0.012,-1,0.1,-0.7,0,0
10.3024774999999,0,0,18.8,0,0,0.027,-0.012,-1,0.1,-0.7,0,0
10.3124774999999,0,0,18.8,0,0,0.027,-0.012,-1,0.1,-0.7,0,0
10.3224774999999,0,0,18.8,0,0,0.027,-0.012,-1,0.1,-0.7,0,0
10.3324774999999,0,0,18.9,0,0,0.028,-0.014,-1,0.1,-0.7,0,0
10.3424774999999,0,0,18.9,0,0,0.028,-0.014,-1,0.1,-0.7,0,0
10.3524774999999,0,0,18.9,0,0,0.028,-0.014,-1,0.1,-0.7,0,0
10.3624774999999,0,0,18.9,0,0,0.028,-0.014,-1,0.1,-0.7,0,0
10.3724774999999,0,0,18.9,0,0,0.028,-0.014,-1,0.1,-0.7,0,0
10.3824774999999,0,0,18.9,0,0,0.027,-0.012,-1,0,-0.7,0,0
10.3924774999999,0,0,18.9,0,0,0.027,-0.012,-1,0,-0.7,0,0
10.4024774999999,0,0,18.9,0,0,0.027,-0.012,-1,0,-0.7,0,0
10.4124774999999,0,0,18.9,0,0,0.027,-0.012,-1,0,-0.7,0,0
10.4224774999999,0,0,18.9,0,0,0.027,-0.012,-1,0,-0.7,0,0
10.4324774999999,0,0,18.9,0,0,0.029,-0.013,-1,0.1,-0.8,0,0
10.4424774999999,0,0,18.9,0,0,0.029,-0.013,-1,0.1,-0.8,0,0
10.4524774999999,0,0,18.9,0,0,0.029,-0.013,-1,0.1,-0.8,0,0
10.4624774999999,0,0,18.9,0,0,0.029,-0.013,-1,0.1,-0.8,0,0
10.4724774999999,0,0,18.9,0,0,0.029,-0.013,-1,0.1,-0.8,0,0
10.4824774999999,0,0,18.9,0,0,0.028,-0.012,-1,0.1,-0.6,0,0
10.4924774999999,0,0,18.9,0,0,0.028,-0.012,-1,0.1,-0.6,0,0
10.5024774999999,0,0,18.9,0,0,0.028,-0.012,-1,0.1,-0.6,0,0
10.5124774999999,0,0,18.9,0,0,0.028,-0.012,-1,0.1,-0.6,0,0
10.5224774999999,0,0,18.9,0,0,0.028,-0.012,-1,0.1,-0.6,0,0
10.5324774999999,0,0,18.9,0,0,0.028,-0.013,-1,0.1,-0.7,0,0
10.5424774999999,0,0,18.9,0,0,0.028,-0.013,-1,0.1,-0.7,0,0
10.5524774999999,0,0,18.9,0,0,0.028,-0.013,-1,0.1,-0.7,0,0
10.5624774999999,0,0,18.9,0,0,0.028,-0.013,-1,0.1,-0.7,0,0
10.5724774999999,0,0,18.9,0,0,0.028,-0.013,-1,0.1,-0.7,0,0
10.5824774999999,0,0,18.9,0,0,0.028,-0.011,-1,0.1,-0.7,0,0
10.5924774999999,0,0,18.9,0,0,0.028,-0.011,-1,0.1,-0.7,0,0
10.6024774999999,0,0,18.9,0,0,0.028,-0.011,-1,0.1,-0.7,0,0
10.6124774999999,0,0,18.9,0,0,0.028,-0.011,-1,0.1,-0.7,0,0
10.6224774999999,0,0,18.9,0,0,0.028,-0.011,-1,0.1,-0.7,0,0
10.6324774999999,0,0,18.8,0,0,0.028,-0.013,-0.999,0.1,-0.8,0,0
10.6424774999999,0,0,18.8,0,0,0.028,-0.013,-0.999,0.1,-0.8,0,0
10.6524774999999,0,0,18.8,0,0,0.028,-0.013,-0.999,0.1,-0.8,0,0
10.6624774999999,0,0,18.8,0,0,0.028,-0.013,-0.999,0.1,-0.8,0,0
10.6724774999999,0,0,18.8,0,0,0.028,-0.013,-0.999,0.1,-0.8,0,0
10.6824774999999,0,0,18.8,0,0,0.028,-0.012,-0.999,0,-0.7,0,0
10.6924774999999,0,0,18.8,0,0,0.028,-0.012,-0.999,0,-0.7,0,0
10.7024774999999,0,0,18.8,0,0,0.028,-0.012,-0.999,0,-0.7,0,0
10.7124774999999,0,0,18.8,0,0,0.028,-0.012,-0.999,0,-0.7,0,0
10.7224774999999,0,0,18.8,0,0,0.028,-0.012,-0.999,0,-0.7,0,0
10.7324774999999,0,0,18.8,0,0,0.028,-0.013,-1,0.1,-0.7,0,0
10.7424774999999,0,0,18.8,0,0,0.028,-0.013,-1,0.1,-0.7,0,0
10.7524774999999,0,0,18.8,0,0,0.028,-0.013,-1,0.1,-0.7,0,0
10.7624774999999,0,0,18.8,0,0,0.028,-0.013,-1,0.1,-0.7,0,0
10.7724774999999,0,0,18.8,0,0,0.028,-0.013,-1,0.1,-0.7,0,0
10.7824774999999,0,0,18.9,0,0,0.027,-0.013,-1,0.1,-0.7,0,0
10.7924774999999,0,0,18.9,0,0,0.027,-0.013,-1,0.1,-0.7,0,0
10.8024774999999,0,0,18.9,0,0,0.027,-0.013,-1,0.1,-0.7,0,0
10.8124774999999,0,0,18.9,0,0,0.027,-0.013,-1,0.1,-0.7,0,0
10.8224774999999,0,0,18.9,0,0,0.027,-0.013,-1,0.1,-0.7,0,0
10.8324774999999,0,0,18.8,0,0,0.028,-0.012,-1,0.1,-0.7,0,0
10.8424774999999,0,0,18.8,0,0,0.028,-0.012,-1,0.1,-0.7,0,0
10.8524774999999,0,0,18.8,0,0,0.028,-0.012,-1,0.1,-0.7,0,0
10.8624774999999,0,0,18.8,0,0,0.028,-0.012,-1,0.1,-0.7,0,0
10.8724774999999,0,0,18.8,0,0,0.028,-0.012,-1,0.1,-0.7,0,0
10.8824774999999,0,0,18.8,0,0,0.028,-0.013,-1,0.1,-0.7,0,0
10.8924774999999,0,0,18.8,0,0,0.028,-0.013,-1,0.1,-0.7,0,0
10.9024774999999,0,0,18.8,0,0,0.028,-0.013,-1,0.1,-0.7,0,0
10.9124774999999,0,0,18.8,0,0,0.028,-0.013,-1,0.1,-0.7,0,0
10.9224774999999,0,0,18.8,0,0,0.028,-0.013,-1,0.1,-0.7,0,0
10.9324774999999,0,0,18.9,0,0,0.028,-0.014,-1,0.1,-0.7,0,0
10.9424774999999,0,0,18.9,0,0,0.028,-0.014,-1,0.1,-0.7,0,0
10.9524774999999,0,0,18.9,0,0,0.028,-0.014,-1,0.1,-0.7,0,0
10.9624774999999,0,0,18.9,0,0,0.028,-0.014,-1,0.1,-0.7,0,0
10.9724774999999,0,0,18.9,0,0,0.028,-0.014,-1,0.1,-0.7,0,0
10.9824774999999,0,0,18.9,0,0,0.027,-0.011,-1,0.1,-0.7,0,0
10.9924774999999,0,0,18.9,0,0,0.027,-0.011,-1,0.1,-0.7,0,0
11.0024774999999,0,0,18.9,0,0,0.027,-0.011,-1,0.1,-0.7,0,0
11.0124774999999,0,0,18.9,0,0,0.027,-0.011,-1,0.1,-0.7,0,0
11.0224774999999,0,0,18.9,0,0,0.027,-0.011,-1,0.1,-0.7,0,0
11.0324774999999,0,0,18.9,0,0,0.029,-0.013,-1,0.1,-0.7,0,0
11.0424774999999,0,0,18.9,0,0,0.029,-0.013,-1,0.1,-0.7,0,0
11.0524774999999,0,0,18.9,0,0,0.029,-0.013,-1,0.1,-0.7,0,0
11.0624774999999,0,0,18.9,0,0,0.029,-0.013,-1,0.1,-0.7,0,0
11.0724774999999,0,0,18.9,0,0,0.029,-0.013,-1,0.1,-0.7,0,0
11.0824774999999,0,0,18.8,0,0,0.027,-0.013,-1,0.1,-0.6,0,0
11.0924774999999,0,0,18.8,0,0,0.027,-0.013,-1,0.1,-0.6,0,0
11.1024774999999,0,0,18.8,0,0,0.027,-0.013,-1,0.1,-0.6,0,0
11.1124774999999,0,0,18.8,0,0,0.027,-0.013,-1,0.1,-0.6,0,0
11.1224774999999,0,0,18.8,0,0,0.027,-0.013,-1,0.1,-0.6,0,0
11.1324774999999,0,0,18.8,0,0,0.029,-0.013,-1,0.1,-0.7,0,0
11.1424774999999,0,0,18.8,0,0,0.029,-0.013,-1,0.1,-0.7,0,0
11.1524774999999,0,0,18.8,0,0,0.029,-0.013,-1,0.1,-0.7,0,0
11.1624774999999,0,0,18.8,0,0,0.029,-0.013,-1,0.1,-0.7,0,0
11.1724774999999,0,0,18.8,0,0,0.029,-0.013,-1,0.1,-0.7,0,0
11.1824774999999,0,0,18.9,0,0,0.027,-0.012,-1.004,0,-0.7,0,0
11.1924774999999,0,0,18.9,0,0,0.027,-0.012,-1.004,0,-0.7,0,0
11.2024774999999,0,0,18.9,0,0,0.027,-0.012,-1.004,0,-0.7,0,0
11.2124774999999,0,0,18.9,0,0,0.027,-0.012,-1.004,0,-0.7,0,0
11.2224774999999,0,0,18.9,0,0,0.027,-0.012,-1.004,0,-0.7,0,0
11.2324774999999,0,0,18.8,0,0,0.027,-0.011,-1.001,0.1,-0.7,0,0
11.2424774999999,0,0,18.8,0,0,0.027,-0.011,-1.001,0.1,-0.7,0,0
11.2524774999999,0,0,18.8,0,0,0.027,-0.011,-1.001,0.1,-0.7,0,0
11.2624774999999,0,0,18.8,0,0,0.027,-0.011,-1.001,0.1,-0.7,0,0
11.2724774999999,0,0,18.8,0,0,0.027,-0.011,-1.001,0.1,-0.7,0,0
11.2824774999999,0,0,18.8,0,0,0.028,-0.015,-0.998,0,-0.6,0,0
11.2924774999999,0,0,18.8,0,0,0.028,-0.015,-0.998,0,-0.6,0,0
11.3024774999999,0,0,18.8,0,0,0.028,-0.015,-0.998,0,-0.6,0,0
11.3124774999999,0,0,18.8,0,0,0.028,-0.015,-0.998,0,-0.6,0,0
11.3224774999999,0,0,18.8,0,0,0.028,-0.015,-0.998,0,-0.6,0,0
11.3324774999999,0,0,18.9,0,0,0.027,-0.011,-1,0.1,-0.7,0,0
11.3424774999999,0,0,18.9,0,0,0.027,-0.011,-1,0.1,-0.7,0,0
11.3524774999999,0,0,18.9,0,0,0.027,-0.011,-1,0.1,-0.7,0,0
11.3624774999999,0,0,18.9,0,0,0.027,-0.011,-1,0.1,-0.7,0,0
11.3724774999999,0,0,18.9,0,0,0.027,-0.011,-1,0.1,-0.7,0,0
11.3824774999999,0,0,18.8,0,0,0.028,-0.014,-1,0.1,-0.7,0,0
11.3924774999999,0,0,18.8,0,0,0.028,-0.014,-1,0.1,-0.7,0,0
11.4024774999999,0,0,18.8,0,0,0.028,-0.014,-1,0.1,-0.7,0,0
11.4124774999999,0,0,18.8,0,0,0.028,-0.014,-1,0.1,-0.7,0,0
11.4224774999999,0,0,18.8,0,0,0.028,-0.014,-1,0.1,-0.7,0,0
11.4324774999999,0,0,18.8,0,0,0.027,-0.012,-1,0.1,-0.6,0,0
11.4424774999999,0,0,18.8,0,0,0.027,-0.012,-1,0.1,-0.6,0,0
11.4524774999999,0,0,18.8,0,0,0.027,-0.012,-1,0.1,-0.6,0,0
11.4624774999999,0,0,18.8,0,0,0.027,-0.012,-1,0.1,-0.6,0,0
11.4724774999999,0,0,18.8,0,0,0.027,-0.012,-1,0.1,-0.6,0,0
11.4824774999999,0,0,18.8,0,0,0.029,-0.013,-1,0.1,-0.7,0,0
11.4924774999999,0,0,18.8,0,0,0.029,-0.013,-1,0.1,-0.7,0,0
11.5024774999999,0,0,18.8,0,0,0.029,-0.013,-1,0.1,-0.7,0,0
11.5124774999999,0,0,18.8,0,0,0.029,-0.013,-1,0.1,-0.7,0,0
11.5224774999999,0,0,18.8,0,0,0.029,-0.013,-1,0.1,-0.7,0,0
11.5324774999999,0,0,18.9,0,0,0.027,-0.013,-1.003,0.1,-0.7,0,0
11.5424774999999,0,0,18.9,0,0,0.027,-0.013,-1.003,0.1,-0.7,0,0
11.5524774999999,0,0,18.9,0,0,0.027,-0.013,-1.003,0.1,-0.7,0,0
11.5624774999999,0,0,18.9,0,0,0.027,-0.013,-1.003,0.1,-0.7,0,0
11.5724774999999,0,0,18.9,0,0,0.027,-0.013,-1.003,0.1,-0.7,0,0
11.5824774999999,0,0,18.8,0,0,0.03,-0.012,-0.982,0.2,-0.6,0,0
11.5924774999999,0,0,18.8,0,0,0.03,-0.012,-0.982,0.2,-0.6,0,0
11.6024774999999,0,0,18.8,0,0,0.03,-0.012,-0.982,0.2,-0.6,0,0
11.6124774999999,0,0,18.8,0,0,0.03,-0.012,-0.982,0.2,-0.6,0,0
11.6224774999999,0,0,18.8,0,0,0.03,-0.012,-0.982,0.2,-0.6,0,0
11.6324774999999,0,0,18.9,0,0,0.027,-0.012,-1.001,0.1,-0.7,0,0
11.6424774999999,0,0,18.9,0,0,0.027,-0.012,-1.001,0.1,-0.7,0,0
11.6524774999999,0,0,18.9,0,0,0.027,-0.012,-1.001,0.1,-0.7,0,0
11.6624774999999,0,0,18.9,0,0,0.027,-0.012,-1.001,0.1,-0.7,0,0
11.6724774999999,0,0,18.9,0,0,0.027,-0.012,-1.001,0.1,-0.7,0,0
11.6824774999999,0,0,18.9,0,0,0.028,-0.014,-1.004,0.1,-0.7,0,0
11.6924774999999,0,0,18.9,0,0,0.028,-0.014,-1.004,0.1,-0.7,0,0
11.7024774999999,0,0,18.9,0,0,0.028,-0.014,-1.004,0.1,-0.7,0,0
11.7124774999999,0,0,18.9,0,0,0.028,-0.014,-1.004,0.1,-0.7,0,0
11.7224774999999,0,0,18.9,0,0,0.028,-0.014,-1.004,0.1,-0.7,0,0
11.7324774999999,0,0,18.9,0,0,0.028,-0.011,-0.998,0,-0.7,0,0
11.7424774999999,0,0,18.9,0,0,0.028,-0.011,-0.998,0,-0.7,0,0
11.7524774999999,0,0,18.9,0,0,0.028,-0.011,-0.998,0,-0.7,0,0
11.7624774999999,0,0,18.9,0,0,0.028,-0.011,-0.998,0,-0.7,0,0
11.7724774999999,0,0,18.9,0,0,0.028,-0.011,-0.998,0,-0.7,0,0
11.7824774999999,0,0,18.9,0,0,0.028,-0.014,-1.001,0.1,-0.7,0,0
11.7924774999999,0,0,18.9,0,0,0.028,-0.014,-1.001,0.1,-0.7,0,0
11.8024774999999,0,0,18.9,0,0,0.028,-0.014,-1.001,0.1,-0.7,0,0
11.8124774999999,0,0,18.9,0,0,0.028,-0.014,-1.001,0.1,-0.7,0,0
11.8224774999999,0,0,18.9,0,0,0.028,-0.014,-1.001,0.1,-0.7,0,0
11.8324774999999,0,0,18.9,0,0,0.028,-0.01,-1,0,-0.8,0,0
11.8424774999999,0,0,18.9,0,0,0.028,-0.01,-1,0,-0.8,0,0
11.8524774999999,0,0,18.9,0,0,0.028,-0.01,-1,0,-0.8,0,0
11.8624774999999,0,0,18.9,0,0,0.028,-0.01,-1,0,-0.8,0,0
11.8724774999999,0,0,18.9,0,0,0.028,-0.01,-1,0,-0.8,0,0
11.8824774999999,0,0,18.9,0,0,0.027,-0.014,-1.003,0.1,-0.7,0,0
11.8924774999999,0,0,18.9,0,0,0.027,-0.014,-1.003,0.1,-0.7,0,0
11.9024774999999,0,0,18.9,0,0,0.027,-0.014,-1.003,0.1,-0.7,0,0
11.9124774999999,0,0,18.9,0,0,0.027,-0.014,-1.003,0.1,-0.7,0,0
11.9224774999999,0,0,18.9,0,0,0.027,-0.014,-1.003,0.1,-0.7,0,0
11.9324774999999,0,0,18.8,0,0,0.029,-0.012,-1.006,0.1,-0.8,0,0
11.9424774999999,0,0,18.8,0,0,0.029,-0.012,-1.006,0.1,-0.8,0,0
11.9524774999999,0,0,18.8,0,0,0.029,-0.012,-1.006,0.1,-0.8,0,0
11.9624774999999,0,0,18.8,0,0,0.029,-0.012,-1.006,0.1,-0.8,0,0
11.9724774999999,0,0,18.8,0,0,0.029,-0.012,-1.006,0.1,-0.8,0,0
11.9824774999999,0,0,18.9,0,0,0.026,-0.01,-0.995,0,-0.7,0,0
11.9924774999999,0,0,18.9,0,0,0.026,-0.01,-0.995,0,-0.7,0,0
12.0024774999999,0,0,18.9,0,0,0.026,-0.01,-0.995,0,-0.7,0,0
12.0124774999999,0,0,18.9,0,0,0.026,-0.01,-0.995,0,-0.7,0,0
12.0224774999999,0,0,18.9,0,0,0.026,-0.01,-0.995,0,-0.7,0,0
12.0324774999999,0,0,18.9,0,0,0.03,-0.012,-1,0.1,-0.7,0,0
12.0424774999999,0,0,18.9,0,0,0.03,-0.012,-1,0.1,-0.7,0,0
12.0524774999999,0,0,18.9,0,0,0.03,-0.012,-1,0.1,-0.7,0,0
12.0624774999999,0,0,18.9,0,0,0.03,-0.012,-1,0.1,-0.7,0,0
12.0724774999999,0,0,18.9,0,0,0.03,-0.012,-1,0.1,-0.7,0,0
12.0824774999999,0,0,18.8,0,0,0.024,-0.015,-0.996,0.2,-0.6,0,0
12.0924774999999,0,0,18.8,0,0,0.024,-0.015,-0.996,0.2,-0.6,0,0
12.1024774999999,0,0,18.8,0,0,0.024,-0.015,-0.996,0.2,-0.6,0,0
12.1124774999999,0,0,18.8,0,0,0.024,-0.015,-0.996,0.2,-0.6,0,0
12.1224774999999,0,0,18.8,0,0,0.024,-0.015,-0.996,0.2,-0.6,0,0
12.1324774999999,0,0,18.9,0,0,0.027,-0.013,-1,0.1,-0.7,-0.1,0
12.1424774999999,0,0,18.9,0,0,0.027,-0.013,-1,0.1,-0.7,-0.1,0
12.1524774999999,0,0,18.9,0,0,0.027,-0.013,-1,0.1,-0.7,-0.1,0
12.1624774999999,0,0,18.9,0,0,0.027,-0.013,-1,0.1,-0.7,-0.1,0
12.1724774999999,0,0,18.9,0,0,0.027,-0.013,-1,0.1,-0.7,-0.1,0
12.1824774999999,0,0,18.9,0,0,0.028,-0.012,-0.999,0.1,-0.7,0,0
12.1924774999999,0,0,18.9,0,0,0.028,-0.012,-0.999,0.1,-0.7,0,0
12.2024774999999,0,0,18.9,0,0,0.028,-0.012,-0.999,0.1,-0.7,0,0
12.2124774999999,0,0,18.9,0,0,0.028,-0.012,-0.999,0.1,-0.7,0,0
12.2224774999999,0,0,18.9,0,0,0.028,-0.012,-0.999,0.1,-0.7,0,0
12.2324774999999,0,0,18.8,0,0,0.028,-0.014,-1,0.1,-0.7,0,0
12.2424774999999,0,0,18.8,0,0,0.028,-0.014,-1,0.1,-0.7,0,0
12.2524774999999,0,0,18.8,0,0,0.028,-0.014,-1,0.1,-0.7,0,0
12.2624774999999,0,0,18.8,0,0,0.028,-0.014,-1,0.1,-0.7,0,0
12.2724774999999,0,0,18.8,0,0,0.028,-0.014,-1,0.1,-0.7,0,0
12.2824774999999,0,0,18.9,0,0,0.027,-0.012,-1,0.1,-0.8,0,0
12.2924774999999,0,0,18.9,0,0,0.027,-0.012,-1,0.1,-0.8,0,0
12.3024774999999,0,0,18.9,0,0,0.027,-0.012,-1,0.1,-0.8,0,0
12.3124774999999,0,0,18.9,0,0,0.027,-0.012,-1,0.1,-0.8,0,0
12.3224774999999,0,0,18.9,0,0,0.027,-0.012,-1,0.1,-0.8,0,0
12.3324774999999,0,0,18.8,0,0,0.03,-0.015,-1,0.1,-0.7,0,0
12.3424774999999,0,0,18.8,0,0,0.03,-0.015,-1,0.1,-0.7,0,0
12.3524774999999,0,0,18.8,0,0,0.03,-0.015,-1,0.1,-0.7,0,0
12.3624774999999,0,0,18.8,0,0,0.03,-0.015,-1,0.1,-0.7,0,0
12.3724774999999,0,0,18.8,0,0,0.03,-0.015,-1,0.1,-0.7,0,0
12.3824774999999,0,0,18.9,0,0,0.024,-0.012,-1,0.1,-0.6,0,0
12.3924774999999,0,0,18.9,0,0,0.024,-0.012,-1,0.1,-0.6,0,0
12.4024774999999,0,0,18.9,0,0,0.024,-0.012,-1,0.1,-0.6,0,0
12.4124774999999,0,0,18.9,0,0,0.024,-0.012,-1,0.1,-0.6,0,0
12.4224774999999,0,0,18.9,0,0,0.024,-0.012,-1,0.1,-0.6,0,0
12.4324774999999,0,0,18.9,0,0,0.028,-0.014,-1,0.1,-0.7,0,0
12.4424774999999,0,0,18.9,0,0,0.028,-0.014,-1,0.1,-0.7,0,0
12.4524774999999,0,0,18.9,0,0,0.028,-0.014,-1,0.1,-0.7,0,0
12.4624774999999,0,0,18.9,0,0,0.028,-0.014,-1,0.1,-0.7,0,0
12.4724774999999,0,0,18.9,0,0,0.028,-0.014,-1,0.1,-0.7,0,0
12.4824774999999,0,0,18.8,0,0,0.028,-0.01,-0.999,0.1,-0.7,-0.1,0
12.4924774999999,0,0,18.8,0,0,0.028,-0.01,-0.999,0.1,-0.7,-0.1,0
12.5024774999999,0,0,18.8,0,0,0.028,-0.01,-0.999,0.1,-0.7,-0.1,0
12.5124774999999,0,0,18.8,0,0,0.028,-0.01,-0.999,0.1,-0.7,-0.1,0
12.5224774999999,0,0,18.8,0,0,0.028,-0.01,-0.999,0.1,-0.7,-0.1,0
12.5324774999999,0,0,18.8,0,0,0.028,-0.015,-1,0.1,-0.7,0,0
12.5424774999999,0,0,18.8,0,0,0.028,-0.015,-1,0.1,-0.7,0,0
12.5524774999999,0,0,18.8,0,0,0.028,-0.015,-1,0.1,-0.7,0,0
12.5624774999999,0,0,18.8,0,0,0.028,-0.015,-1,0.1,-0.7,0,0
12.5724774999999,0,0,18.8,0,0,0.028,-0.015,-1,0.1,-0.7,0,0
12.5824774999999,0,0,18.8,0,0,0.026,-0.011,-0.999,0.1,-0.6,0,0
12.5924774999999,0,0,18.8,0,0,0.026,-0.011,-0.999,0.1,-0.6,0,0
12.6024774999999,0,0,18.8,0,0,0.026,-0.011,-0.999,0.1,-0.6,0,0
12.6124774999999,0,0,18.8,0,0,0.026,-0.011,-0.999,0.1,-0.6,0,0
12.6224774999999,0,0,18.8,0,0,0.026,-0.011,-0.999,0.1,-0.6,0,0
12.6324774999999,0,0,18.8,0,0,0.029,-0.013,-1,0.1,-0.7,0,0
12.6424774999999,0,0,18.8,0,0,0.029,-0.013,-1,0.1,-0.7,0,0
12.6524774999999,0,0,18.8,0,0,0.029,-0.013,-1,0.1,-0.7,0,0
12.6624774999999,0,0,18.8,0,0,0.029,-0.013,-1,0.1,-0.7,0,0
12.6724774999999,0,0,18.8,0,0,0.029,-0.013,-1,0.1,-0.7,0,0
12.6824774999999,0,0,18.8,0,0,0.028,-0.012,-0.999,0.1,-0.7,0,0
12.6924774999999,0,0,18.8,0,0,0.028,-0.012,-0.999,0.1,-0.7,0,0
12.7024774999999,0,0,18.8,0,0,0.028,-0.012,-0.999,0.1,-0.7,0,0
12.7124774999999,0,0,18.8,0,0,0.028,-0.012,-0.999,0.1,-0.7,0,0
12.7224774999999,0,0,18.8,0,0,0.028,-0.012,-0.999,0.1,-0.7,0,0
12.7324774999999,0,0,18.8,0,0,0.027,-0.013,-0.999,0.1,-0.7,0,0
12.7424774999999,0,0,18.8,0,0,0.027,-0.013,-0.999,0.1,-0.7,0,0
12.7524774999999,0,0,18.8,0,0,0.027,-0.013,-0.999,0.1,-0.7,0,0
12.7624774999999,0,0,18.8,0,0,0.027,-0.013,-0.999,0.1,-0.7,0,0
12.7724774999999,0,0,18.8,0,0,0.027,-0.013,-0.999,0.1,-0.7,0,0
12.7824774999999,0,0,18.8,0,0,0.029,-0.013,-0.999,0.1,-0.7,0,0
12.7924774999999,0,0,18.8,0,0,0.029,-0.013,-0.999,0.1,-0.7,0,0
12.8024774999999,0,0,18.8,0,0,0.029,-0.013,-0.999,0.1,-0.7,0,0
12.8124774999999,0,0,18.8,0,0,0.029,-0.013,-0.999,0.1,-0.7,0,0
12.8224774999999,0,0,18.8,0,0,0.029,-0.013,-0.999,0.1,-0.7,0,0
12.8324774999999,0,0,18.8,0,0,0.027,-0.012,-1,0.1,-0.7,0,0
12.8424774999999,0,0,18.8,0,0,0.027,-0.012,-1,0.1,-0.7,0,0
12.8524774999999,0,0,18.8,0,0,0.027,-0.012,-1,0.1,-0.7,0,0
12.8624774999999,0,0,18.8,0,0,0.027,-0.012,-1,0.1,-0.7,0,0
12.8724774999999,0,0,18.8,0,0,0.027,-0.012,-1,0.1,-0.7,0,0
12.8824774999999,0,0,18.8,0,0,0.027,-0.015,-1,0,-0.7,0,0
12.8924774999999,0,0,18.8,0,0,0.027,-0.015,-1,0,-0.7,0,0
12.9024774999999,0,0,18.8,0,0,0.027,-0.015,-1,0,-0.7,0,0
12.9124774999999,0,0,18.8,0,0,0.027,-0.015,-1,0,-0.7,0,0
12.9224774999999,0,0,18.8,0,0,0.027,-0.015,-1,0,-0.7,0,0
12.9324774999999,0,0,18.8,0,0,0.028,-0.011,-0.999,0.1,-0.7,0,0
12.9424774999999,0,0,18.8,0,0,0.028,-0.011,-0.999,0.1,-0.7,0,0
12.9524774999999,0,0,18.8,0,0,0.028,-0.011,-0.999,0.1,-0.7,0,0
12.9624774999999,0,0,18.8,0,0,0.028,-0.011,-0.999,0.1,-0.7,0,0
12.9724774999999,0,0,18.8,0,0,0.028,-0.011,-0.999,0.1,-0.7,0,0
12.9824774999999,0,0,18.8,0,0,0.027,-0.013,-1,0.1,-0.7,0,0
12.9924774999999,0,0,18.8,0,0,0.027,-0.013,-1,0.1,-0.7,0,0
13.0024774999999,0,0,18.8,0,0,0.027,-0.013,-1,0.1,-0.7,0,0
13.0124774999999,0,0,18.8,0,0,0.027,-0.013,-1,0.1,-0.7,0,0
13.0224774999999,0,0,18.8,0,0,0.027,-0.013,-1,0.1,-0.7,0,0
13.0324774999999,0,0,18.9,0,0,0.027,-0.014,-1,0.1,-0.7,0,0
13.0424774999999,0,0,18.9,0,0,0.027,-0.014,-1,0.1,-0.7,0,0
13.0524774999999,0,0,18.9,0,0,0.027,-0.014,-1,0.1,-0.7,0,0
13.0624774999999,0,0,18.9,0,0,0.027,-0.014,-1,0.1,-0.7,0,0
13.0724774999999,0,0,18.9,0,0,0.027,-0.014,-1,0.1,-0.7,0,0
13.0824774999999,0,0,18.9,0,0,0.028,-0.013,-1,0.1,-0.7,0,0
13.0924774999999,0,0,18.9,0,0,0.028,-0.013,-1,0.1,-0.7,0,0
13.1024774999999,0,0,18.9,0,0,0.028,-0.013,-1,0.1,-0.7,0,0
13.1124774999999,0,0,18.9,0,0,0.028,-0.013,-1,0.1,-0.7,0,0
13.1224774999999,0,0,18.9,0,0,0.028,-0.013,-1,0.1,-0.7,0,0
13.1324774999999,0,0,18.9,0,0,0.027,-0.012,-1,0.1,-0.6,0,0
13.1424774999999,0,0,18.9,0,0,0.027,-0.012,-1,0.1,-0.6,0,0
13.1524774999999,0,0,18.9,0,0,0.027,-0.012,-1,0.1,-0.6,0,0
13.1624774999999,0,0,18.9,0,0,0.027,-0.012,-1,0.1,-0.6,0,0
13.1724774999999,0,0,18.9,0,0,0.027,-0.012,-1,0.1,-0.6,0,0
13.1824774999999,0,0,18.9,0,0,0.028,-0.012,-0.999,0.1,-0.7,0,0
13.1924774999999,0,0,18.9,0,0,0.028,-0.012,-0.999,0.1,-0.7,0,0
13.2024774999999,0,0,18.9,0,0,0.028,-0.012,-0.999,0.1,-0.7,0,0
13.2124774999999,0,0,18.9,0,0,0.028,-0.012,-0.999,0.1,-0.7,0,0
13.2224774999999,0,0,18.9,0,0,0.028,-0.012,-0.999,0.1,-0.7,0,0
13.2324774999999,0,0,18.9,0,0,0.027,-0.012,-0.999,0.1,-0.6,0,0
13.2424774999999,0,0,18.9,0,0,0.027,-0.012,-0.999,0.1,-0.6,0,0
13.2524774999999,0,0,18.9,0,0,0.027,-0.012,-0.999,0.1,-0.6,0,0
13.2624774999999,0,0,18.9,0,0,0.027,-0.012,-0.999,0.1,-0.6,0,0
13.2724774999999,0,0,18.9,0,0,0.027,-0.012,-0.999,0.1,-0.6,0,0
13.2824774999999,0,0,18.9,0,0,0.028,-0.012,-1,0.1,-0.7,0,0
13.2924774999999,0,0,18.9,0,0,0.028,-0.012,-1,0.1,-0.7,0,0
13.3024774999999,0,0,18.9,0,0,0.028,-0.012,-1,0.1,-0.7,0,0
13.3124774999999,0,0,18.9,0,0,0.028,-0.012,-1,0.1,-0.7,0,0
13.3224774999999,0,0,18.9,0,0,0.028,-0.012,-1,0.1,-0.7,0,0
13.3324774999999,0,0,18.8,0,0,0.026,-0.013,-1,0.1,-0.7,0,0
13.3424774999999,0,0,18.8,0,0,0.026,-0.013,-1,0.1,-0.7,0,0
13.3524774999999,0,0,18.8,0,0,0.026,-0.013,-1,0.1,-0.7,0,0
13.3624774999999,0,0,18.8,0,0,0.026,-0.013,-1,0.1,-0.7,0,0
13.3724774999999,0,0,18.8,0,0,0.026,-0.013,-1,0.1,-0.7,0,0
13.3824774999999,0,0,18.8,0,0,0.029,-0.012,-1,0.1,-0.7,0,0
13.3924774999999,0,0,18.8,0,0,0.029,-0.012,-1,0.1,-0.7,0,0
13.4024774999999,0,0,18.8,0,0,0.029,-0.012,-1,0.1,-0.7,0,0
13.4124774999999,0,0,18.8,0,0,0.029,-0.012,-1,0.1,-0.7,0,0
13.4224774999999,0,0,18.8,0,0,0.029,-0.012,-1,0.1,-0.7,0,0
13.4324774999999,0,0.02,18.8,0,0,0.013,-0.018,-0.933,-2.4,-0.4,0,-0.02
13.4424774999999,0,0.02,18.8,0,0,0.013,-0.018,-0.933,-2.4,-0.4,0,-0.02
13.4524774999999,0,0.02,18.8,0,0,0.013,-0.018,-0.933,-2.4,-0.4,0,-0.02
13.4624774999999,33,0.02,18.8,0,0,0.013,-0.018,-0.933,-2.4,-0.4,0,-0.02
13.4724774999999,100,0.02,18.8,0,0,0.013,-0.018,-0.933,-2.4,-0.4,0,-0.02
13.4824774999999,79,-0.14,12.4,0,0,0.035,-0.513,-1.304,-10,-0.2,-0.6,-0.33
13.4924774999999,65,-0.14,12.4,0,0,0.035,-0.513,-1.304,-10,-0.2,-0.6,-0.33
13.5024774999999,179,-0.14,12.4,0,0,0.035,-0.513,-1.304,-10,-0.2,-0.6,-0.33
13.5124774999999,139,-0.14,12.4,0,0,0.035,-0.513,-1.304,-10,-0.2,-0.6,-0.33
13.5224774999999,127,-0.14,12.4,0,0,0.035,-0.513,-1.304,-10,-0.2,-0.6,-0.33
13.5324774999999,249,0.01,18.9,0,0,0.004,-0.17,-0.875,5.1,-0.4,0.8,-0.01
13.5424774999999,176,0.01,18.9,0,0,0.004,-0.17,-0.875,5.1,-0.4,0.8,-0.01
13.5524774999999,40,0.01,18.9,0,0,0.004,-0.17,-0.875,5.1,-0.4,0.8,-0.01
13.5624774999999,0,0.01,18.9,0,0,0.004,-0.17,-0.875,5.1,-0.4,0.8,-0.01
13.5724774999999,28,0.01,18.9,0,0,0.004,-0.17,-0.875,5.1,-0.4,0.8,-0.01
13.5824774999999,62,0,18.8,0,0,0.015,-0.048,-1.236,-0.9,-13.9,0,-0.01
13.5924774999999,36,0,18.8,0,0,0.015,-0.048,-1.236,-0.9,-13.9,0,-0.01
13.6024774999999,41,0,18.8,0,0,0.015,-0.048,-1.236,-0.9,-13.9,0,-0.01
13.6124774999999,190,0,18.8,0,0,0.015,-0.048,-1.236,-0.9,-13.9,0,-0.01
13.6224774999999,235,0,18.8,0,0,0.015,-0.048,-1.236,-0.9,-13.9,0,-0.01
13.6324774999999,120,0,18.8,0,0,0.025,-0.104,-1.238,-8.1,-3.7,0.1,-0.01
13.6424774999999,108,0,18.8,0,0,0.025,-0.104,-1.238,-8.1,-3.7,0.1,-0.01
13.6524774999999,125,0,18.8,0,0,0.025,-0.104,-1.238,-8.1,-3.7,0.1,-0.01
13.6624774999999,204,0,18.8,0,0,0.025,-0.104,-1.238,-8.1,-3.7,0.1,-0.01
13.6724774999999,250,0,18.8,0,0,0.025,-0.104,-1.238,-8.1,-3.7,0.1,-0.01
13.6824774999999,154,0.03,18.8,0,0,0.031,-0.018,-1.124,2.2,-1,0.1,0.01
13.6924774999999,62,0.03,18.8,0,0,0.031,-0.018,-1.124,2.2,-1,0.1,0.01
13.7024774999999,45,0.03,18.8,0,0,0.031,-0.018,-1.124,2.2,-1,0.1,0.01
13.7124774999999,135,0.03,18.8,0,0,0.031,-0.018,-1.124,2.2,-1,0.1,0.01
13.7224774999999,242,0.03,18.8,0,0,0.031,-0.018,-1.124,2.2,-1,0.1,0.01
13.7324774999999,196,0.03,18.8,0,0,0.049,-0.046,-1.02,1.7,-1.7,0.7,0.01
13.7424774999999,95,0.03,18.8,0,0,0.049,-0.046,-1.02,1.7,-1.7,0.7,0.01
13.7524774999999,77,0.03,18.8,0,0,0.049,-0.046,-1.02,1.7,-1.7,0.7,0.01
13.7624774999999,128,0.03,18.8,0,0,0.049,-0.046,-1.02,1.7,-1.7,0.7,0.01
13.7724774999999,240,0.03,18.8,0,0,0.049,-0.046,-1.02,1.7,-1.7,0.7,0.01
13.7824774999999,212,0,18.9,0,0,0.039,-0.042,-1.201,-7,-3.3,0.4,0
13.7924774999999,102,0,18.9,0,0,0.039,-0.042,-1.201,-7,-3.3,0.4,0
13.8024774999999,97,0,18.9,0,0,0.039,-0.042,-1.201,-7,-3.3,0.4,0
13.8124774999999,200,0,18.9,0,0,0.039,-0.042,-1.201,-7,-3.3,0.4,0
13.8224774999999,244,0,18.9,0,0,0.039,-0.042,-1.201,-7,-3.3,0.4,0
13.8324774999999,175,0.01,18.9,0,0,-0.021,0.188,-0.444,23,2.6,0.1,-0.01
13.8424774999999,105,0.01,18.9,0,0,-0.021,0.188,-0.444,23,2.6,0.1,-0.01
13.8524774999999,130,0.01,18.9,0,0,-0.021,0.188,-0.444,23,2.6,0.1,-0.01
13.8624774999999,243,0.01,18.9,0,0,-0.021,0.188,-0.444,23,2.6,0.1,-0.01
13.8724774999999,219,0.01,18.9,0,0,-0.021,0.188,-0.444,23,2.6,0.1,-0.01
13.8824774999999,98,0,18.7,0,0,0.022,-0.196,-1.106,-7.9,-0.5,-0.1,0.06
13.8924774999999,94,0,18.7,0,0,0.022,-0.196,-1.106,-7.9,-0.5,-0.1,0.06
13.9024774999999,247,0,18.7,0,0,0.022,-0.196,-1.106,-7.9,-0.5,-0.1,0.06
13.9124774999999,258,0,18.7,0,0,0.022,-0.196,-1.106,-7.9,-0.5,-0.1,0.06
13.9224774999999,125,0,18.7,0,0,0.022,-0.196,-1.106,-7.9,-0.5,-0.1,0.06
13.939448,112,-0.33,18.2,0,0,0.086,-0.396,-1.133,-0.7,1.8,-0.8,0.06
13.949448,212,-0.33,18.2,0,0,0.086,-0.396,-1.133,-0.7,1.8,-0.8,0.06
13.959448,256,-0.33,18.2,0,0,0.086,-0.396,-1.133,-0.7,1.8,-0.8,0.06
13.969448,163,-0.33,18.2,0,0,0.086,-0.396,-1.133,-0.7,1.8,-0.8,0.06
13.979448,120,-0.33,18.2,0,0,0.086,-0.396,-1.133,-0.7,1.8,-0.8,0.06
13.989448,204,0.05,18,0,0,0.056,-0.041,-1.215,-7.7,-3.4,2.5,-0.08
13.999448,250,0.05,18,0,0,0.056,-0.041,-1.215,-7.7,-3.4,2.5,-0.08
14.009448,171,0.05,18,0,0,0.056,-0.041,-1.215,-7.7,-3.4,2.5,-0.08
14.019448,125,0.05,18,0,0,0.056,-0.041,-1.215,-7.7,-3.4,2.5,-0.08
14.029448,203,0.05,18,0,0,0.056,-0.041,-1.215,-7.7,-3.4,2.5,-0.08
14.039448,250,0,18.9,0,0,0.013,0.117,-1.007,-8.4,-1.3,-1.2,0
14.049448,172,0,18.9,0,0,0.013,0.117,-1.007,-8.4,-1.3,-1.2,0
14.059448,125,0,18.9,0,0,0.013,0.117,-1.007,-8.4,-1.3,-1.2,0
14.069448,200,0,18.9,0,0,0.013,0.117,-1.007,-8.4,-1.3,-1.2,0
14.079448,250,0,18.9,0,0,0.013,0.117,-1.007,-8.4,-1.3,-1.2,0
14.089448,175,0,18.8,0,0,0.11,0.178,-1.502,16.7,-4.4,1.5,0.04
14.099448,125,0,18.8,0,0,0.11,0.178,-1.502,16.7,-4.4,1.5,0.04
14.109448,200,0,18.8,0,0,0.11,0.178,-1.502,16.7,-4.4,1.5,0.04
14.119448,250,0,18.8,0,0,0.11,0.178,-1.502,16.7,-4.4,1.5,0.04
14.129448,175,0,18.8,0,0,0.11,0.178,-1.502,16.7,-4.4,1.5,0.04
14.139448,118,-0.31,18.1,0,0,0.065,-0.302,-1.356,6.2,3.1,0.4,0.06
14.149448,195,-0.31,18.1,0,0,0.065,-0.302,-1.356,6.2,3.1,0.4,0.06
14.159448,254,-0.31,18.1,0,0,0.065,-0.302,-1.356,6.2,3.1,0.4,0.06
14.169448,180,-0.31,18.1,0,0,0.065,-0.302,-1.356,6.2,3.1,0.4,0.06
14.179448,128,-0.31,18.1,0,0,0.065,-0.302,-1.356,6.2,3.1,0.4,0.06
14.189448,205,0.08,18.7,0,0,0.072,-0.099,-1.219,-9.5,-3.5,1.9,-0.04
14.199448,250,0.08,18.7,0,0,0.072,-0.099,-1.219,-9.5,-3.5,1.9,-0.04
14.209448,170,0.08,18.7,0,0,0.072,-0.099,-1.219,-9.5,-3.5,1.9,-0.04
14.219448,125,0.08,18.7,0,0,0.072,-0.099,-1.219,-9.5,-3.5,1.9,-0.04
14.229448,221,0.08,18.7,0,0,0.072,-0.099,-1.219,-9.5,-3.5,1.9,-0.04
14.239448,265,0.01,18.8,0,0,-0.021,0.026,-0.178,12,4.2,-0.7,0
14.249448,160,0.01,18.8,0,0,-0.021,0.026,-0.178,12,4.2,-0.7,0
14.259448,132,0.01,18.8,0,0,-0.021,0.026,-0.178,12,4.2,-0.7,0
14.269448,262,0.01,18.8,0,0,-0.021,0.026,-0.178,12,4.2,-0.7,0
14.279448,276,0.01,18.8,0,0,-0.021,0.026,-0.178,12,4.2,-0.7,0
14.289448,145,-0.34,18.1,0,0,0.029,0.024,-1.383,16.7,0.1,1.3,0.06
14.299448,158,-0.34,18.1,0,0,0.029,0.024,-1.383,16.7,0.1,1.3,0.06
14.309448,265,-0.34,18.1,0,0,0.029,0.024,-1.383,16.7,0.1,1.3,0.06
14.319448,232,-0.34,18.1,0,0,0.029,0.024,-1.383,16.7,0.1,1.3,0.06
14.329448,135,-0.34,18.1,0,0,0.029,0.024,-1.383,16.7,0.1,1.3,0.06
14.339448,212,0.06,18.8,0,0,0.096,-0.162,-1.197,-8.7,-3.4,0.9,0.01
14.349448,262,0.06,18.8,0,0,0.096,-0.162,-1.197,-8.7,-3.4,0.9,0.01
14.359448,164,0.06,18.8,0,0,0.096,-0.162,-1.197,-8.7,-3.4,0.9,0.01
14.369448,133,0.06,18.8,0,0,0.096,-0.162,-1.197,-8.7,-3.4,0.9,0.01
14.379448,264,0.06,18.8,0,0,0.096,-0.162,-1.197,-8.7,-3.4,0.9,0.01
14.389448,273,0,18.8,0,0,0.012,0.418,-0.95,32.9,-3.5,1.8,0.03
14.399448,145,0,18.8,0,0,0.012,0.418,-0.95,32.9,-3.5,1.8,0.03
14.409448,161,0,18.8,0,0,0.012,0.418,-0.95,32.9,-3.5,1.8,0.03
14.419448,264,0,18.8,0,0,0.012,0.418,-0.95,32.9,-3.5,1.8,0.03
14.429448,233,0,18.8,0,0,0.012,0.418,-0.95,32.9,-3.5,1.8,0.03
14.439448,138,-0.57,8.1,0,0,0.097,-0.58,-1.031,-3.1,2.4,0,-0.13
14.449448,209,-0.57,8.1,0,0,0.097,-0.58,-1.031,-3.1,2.4,0,-0.13
14.459448,254,-0.57,8.1,0,0,0.097,-0.58,-1.031,-3.1,2.4,0,-0.13
14.469448,173,-0.57,8.1,0,0,0.097,-0.58,-1.031,-3.1,2.4,0,-0.13
14.479448,147,-0.57,8.1,0,0,0.097,-0.58,-1.031,-3.1,2.4,0,-0.13
14.489448,265,0,18.9,0,0,0.026,-0.112,-1.293,-21.8,-1.4,-1,0
14.499448,272,0,18.9,0,0,0.026,-0.112,-1.293,-21.8,-1.4,-1,0
14.509448,150,0,18.9,0,0,0.026,-0.112,-1.293,-21.8,-1.4,-1,0
14.519448,206,0,18.9,0,0,0.026,-0.112,-1.293,-21.8,-1.4,-1,0
14.529448,266,0,18.9,0,0,0.026,-0.112,-1.293,-21.8,-1.4,-1,0
14.539448,183,-0.29,18.2,0,0,0.026,0.196,-0.835,11.3,-0.6,-0.4,0.07
14.549448,149,-0.29,18.2,0,0,0.026,0.196,-0.835,11.3,-0.6,-0.4,0.07
14.559448,273,-0.29,18.2,0,0,0.026,0.196,-0.835,11.3,-0.6,-0.4,0.07
14.569448,288,-0.29,18.2,0,0,0.026,0.196,-0.835,11.3,-0.6,-0.4,0.07
14.579448,165,-0.29,18.2,0,0,0.026,0.196,-0.835,11.3,-0.6,-0.4,0.07
14.589448,211,0.01,18.8,0,0,0.093,-0.229,-1.333,-13.3,-4,0.7,0
14.599448,269,0.01,18.8,0,0,0.093,-0.229,-1.333,-13.3,-4,0.7,0
14.609448,186,0.01,18.8,0,0,0.093,-0.229,-1.333,-13.3,-4,0.7,0
14.619448,179,0.01,18.8,0,0,0.093,-0.229,-1.333,-13.3,-4,0.7,0
14.629448,275,0.01,18.8,0,0,0.093,-0.229,-1.333,-13.3,-4,0.7,0
14.639448,240,-0.1,18.5,0,0,0.038,0.083,-0.693,-4.2,0.3,0.3,0.11
14.649448,143,-0.1,18.5,0,0,0.038,0.083,-0.693,-4.2,0.3,0.3,0.11
14.659448,251,-0.1,18.5,0,0,0.038,0.083,-0.693,-4.2,0.3,0.3,0.11
14.669448,284,-0.1,18.5,0,0,0.038,0.083,-0.693,-4.2,0.3,0.3,0.11
14.679448,165,-0.1,18.5,0,0,0.038,0.083,-0.693,-4.2,0.3,0.3,0.11
14.689448,179,0.06,18.8,0,0,0.111,-0.003,-1.119,-7.5,-3.4,1.5,0.01
14.699448,272,0.06,18.8,0,0,0.111,-0.003,-1.119,-7.5,-3.4,1.5,0.01
14.709448,221,0.06,18.8,0,0,0.111,-0.003,-1.119,-7.5,-3.4,1.5,0.01
14.719448,141,0.06,18.8,0,0,0.111,-0.003,-1.119,-7.5,-3.4,1.5,0.01
14.729448,263,0.06,18.8,0,0,0.111,-0.003,-1.119,-7.5,-3.4,1.5,0.01
14.739448,279,-0.01,18.6,0,0,0.024,0.124,-1.226,-6,-1,2.3,0.09
14.749448,172,-0.01,18.6,0,0,0.024,0.124,-1.226,-6,-1,2.3,0.09
14.759448,222,-0.01,18.6,0,0,0.024,0.124,-1.226,-6,-1,2.3,0.09
14.769448,257,-0.01,18.6,0,0,0.024,0.124,-1.226,-6,-1,2.3,0.09
14.779448,185,-0.01,18.6,0,0,0.024,0.124,-1.226,-6,-1,2.3,0.09
14.789448,187,0.07,18.7,0,0,0.052,0.235,-0.899,-5.6,-3,0.4,0.01
14.799448,277,0.07,18.7,0,0,0.052,0.235,-0.899,-5.6,-3,0.4,0.01
14.809448,246,0.07,18.7,0,0,0.052,0.235,-0.899,-5.6,-3,0.4,0.01
14.819448,158,0.07,18.7,0,0,0.052,0.235,-0.899,-5.6,-3,0.4,0.01
14.829448,261,0.07,18.7,0,0,0.052,0.235,-0.899,-5.6,-3,0.4,0.01
14.839448,293,-0.11,18.5,0,0,0.045,0.076,-0.816,-8.7,0.6,1.2,0.11
14.849448,176,-0.11,18.5,0,0,0.045,0.076,-0.816,-8.7,0.6,1.2,0.11
14.859448,225,-0.11,18.5,0,0,0.045,0.076,-0.816,-8.7,0.6,1.2,0.11
14.869448,280,-0.11,18.5,0,0,0.045,0.076,-0.816,-8.7,0.6,1.2,0.11
14.879448,199,-0.11,18.5,0,0,0.045,0.076,-0.816,-8.7,0.6,1.2,0.11
14.889448,223,0.01,18.9,0,0,0.123,-0.134,-1.18,-15,-3.4,1.7,0
14.899448,272,0.01,18.9,0,0,0.123,-0.134,-1.18,-15,-3.4,1.7,0
14.909448,196,0.01,18.9,0,0,0.123,-0.134,-1.18,-15,-3.4,1.7,0
14.919448,191,0.01,18.9,0,0,0.123,-0.134,-1.18,-15,-3.4,1.7,0
14.929448,282,0.01,18.9,0,0,0.123,-0.134,-1.18,-15,-3.4,1.7,0
14.939448,245,-0.35,18,0,0,0.024,0.189,-0.652,11.9,-0.9,-0.5,0.06
14.949448,161,-0.35,18,0,0,0.024,0.189,-0.652,11.9,-0.9,-0.5,0.06
14.959448,266,-0.35,18,0,0,0.024,0.189,-0.652,11.9,-0.9,-0.5,0.06
14.969448,289,-0.35,18,0,0,0.024,0.189,-0.652,11.9,-0.9,-0.5,0.06
14.979448,171,-0.35,18,0,0,0.024,0.189,-0.652,11.9,-0.9,-0.5,0.06
14.989448,227,0,18.8,0,0,0.016,-0.413,-1.128,-28.2,-1.8,-0.1,-0.02
14.999448,276,0,18.8,0,0,0.016,-0.413,-1.128,-28.2,-1.8,-0.1,-0.02
15.009448,203,0,18.8,0,0,0.016,-0.413,-1.128,-28.2,-1.8,-0.1,-0.02
15.019448,235,0,18.8,0,0,0.016,-0.413,-1.128,-28.2,-1.8,-0.1,-0.02
15.029448,269,0,18.8,0,0,0.016,-0.413,-1.128,-28.2,-1.8,-0.1,-0.02
15.039448,203,-0.28,8.5,0,0,0.054,-0.395,-1.514,6.6,-0.4,1.4,-0.18
15.049448,202,-0.28,8.5,0,0,0.054,-0.395,-1.514,6.6,-0.4,1.4,-0.18
15.059448,285,-0.28,8.5,0,0,0.054,-0.395,-1.514,6.6,-0.4,1.4,-0.18
15.069448,239,-0.28,8.5,0,0,0.054,-0.395,-1.514,6.6,-0.4,1.4,-0.18
15.079448,192,-0.28,8.5,0,0,0.054,-0.395,-1.514,6.6,-0.4,1.4,-0.18
15.089448,290,0,18.7,0,0,-0.016,0.385,-1.091,32.1,-2,-0.1,0.07
15.099448,245,0,18.7,0,0,-0.016,0.385,-1.091,32.1,-2,-0.1,0.07
15.109448,176,0,18.7,0,0,-0.016,0.385,-1.091,32.1,-2,-0.1,0.07
15.119448,290,0,18.7,0,0,-0.016,0.385,-1.091,32.1,-2,-0.1,0.07
15.129448,275,0,18.7,0,0,-0.016,0.385,-1.091,32.1,-2,-0.1,0.07
15.139448,177,0.06,18.7,0,0,0.012,0.345,-1.022,-4.9,-2.8,-0.4,0.01
15.149448,281,0.06,18.7,0,0,0.012,0.345,-1.022,-4.9,-2.8,-0.4,0.01
15.159448,283,0.06,18.7,0,0,0.012,0.345,-1.022,-4.9,-2.8,-0.4,0.01
15.169448,174,0.06,18.7,0,0,0.012,0.345,-1.022,-4.9,-2.8,-0.4,0.01
15.179448,267,0.06,18.7,0,0,0.012,0.345,-1.022,-4.9,-2.8,-0.4,0.01
15.189448,296,-0.33,18,0,0,0.038,0.156,-0.475,8.4,-0.2,-0.7,0.07
15.199448,173,-0.33,18,0,0,0.038,0.156,-0.475,8.4,-0.2,-0.7,0.07
15.209448,252,-0.33,18,0,0,0.038,0.156,-0.475,8.4,-0.2,-0.7,0.07
15.219448,294,-0.33,18,0,0,0.038,0.156,-0.475,8.4,-0.2,-0.7,0.07
15.229448,185,-0.33,18,0,0,0.038,0.156,-0.475,8.4,-0.2,-0.7,0.07
15.239448,238,0.01,18.8,0,0,0,-0.481,-0.436,-14.8,2.7,-0.5,-0.03
15.249448,281,0.01,18.8,0,0,0,-0.481,-0.436,-14.8,2.7,-0.5,-0.03
15.259448,215,0.01,18.8,0,0,0,-0.481,-0.436,-14.8,2.7,-0.5,-0.03
15.269448,247,0.01,18.8,0,0,0,-0.481,-0.436,-14.8,2.7,-0.5,-0.03
15.279448,277,0.01,18.8,0,0,0,-0.481,-0.436,-14.8,2.7,-0.5,-0.03
15.289448,214,0.08,17.7,0,0,-0.027,-0.239,-1.023,-6,-1.5,-3,-0.09
15.299448,245,0.08,17.7,0,0,-0.027,-0.239,-1.023,-6,-1.5,-3,-0.09
15.309448,282,0.08,17.7,0,0,-0.027,-0.239,-1.023,-6,-1.5,-3,-0.09
15.319448,219,0.08,17.7,0,0,-0.027,-0.239,-1.023,-6,-1.5,-3,-0.09
15.329448,248,0.08,17.7,0,0,-0.027,-0.239,-1.023,-6,-1.5,-3,-0.09
15.339448,290,-0.27,18.2,0,0,0.05,0.199,-0.656,-3.5,0.7,-0.1,0.09
15.349448,225,-0.27,18.2,0,0,0.05,0.199,-0.656,-3.5,0.7,-0.1,0.09
15.359448,248,-0.27,18.2,0,0,0.05,0.199,-0.656,-3.5,0.7,-0.1,0.09
15.369448,289,-0.27,18.2,0,0,0.05,0.199,-0.656,-3.5,0.7,-0.1,0.09
15.379448,221,-0.27,18.2,0,0,0.05,0.199,-0.656,-3.5,0.7,-0.1,0.09
15.389448,246,0.02,18.8,0,0,0.013,-0.517,-0.173,-5.1,4.2,-0.6,-0.02
15.399448,289,0.02,18.8,0,0,0.013,-0.517,-0.173,-5.1,4.2,-0.6,-0.02
15.409448,218,0.02,18.8,0,0,0.013,-0.517,-0.173,-5.1,4.2,-0.6,-0.02
15.419448,246,0.02,18.8,0,0,0.013,-0.517,-0.173,-5.1,4.2,-0.6,-0.02
15.429448,289,0.02,18.8,0,0,0.013,-0.517,-0.173,-5.1,4.2,-0.6,-0.02
15.439448,216,0.1,18.2,0,0,-0.057,0.102,-0.91,-6.8,-2.1,-2.8,-0.05
15.449448,245,0.1,18.2,0,0,-0.057,0.102,-0.91,-6.8,-2.1,-2.8,-0.05
15.459448,285,0.1,18.2,0,0,-0.057,0.102,-0.91,-6.8,-2.1,-2.8,-0.05
15.469448,216,0.1,18.2,0,0,-0.057,0.102,-0.91,-6.8,-2.1,-2.8,-0.05
15.479448,249,0.1,18.2,0,0,-0.057,0.102,-0.91,-6.8,-2.1,-2.8,-0.05
15.489448,285,-0.5,17.2,0,0,0.047,0.178,-0.61,10.9,-0.1,0,0.07
15.499448,216,-0.5,17.2,0,0,0.047,0.178,-0.61,10.9,-0.1,0,0.07
15.509448,259,-0.5,17.2,0,0,0.047,0.178,-0.61,10.9,-0.1,0,0.07
15.519448,298,-0.5,17.2,0,0,0.047,0.178,-0.61,10.9,-0.1,0,0.07
15.529448,210,-0.5,17.2,0,0,0.047,0.178,-0.61,10.9,-0.1,0,0.07
15.539448,274,0.01,18.7,0,0,0,0.171,-0.923,26.9,-1.8,-1.7,0.07
15.549448,309,0.01,18.7,0,0,0,0.171,-0.923,26.9,-1.8,-1.7,0.07
15.559448,201,0.01,18.7,0,0,0,0.171,-0.923,26.9,-1.8,-1.7,0.07
15.569448,278,0.01,18.7,0,0,0,0.171,-0.923,26.9,-1.8,-1.7,0.07
15.579448,290,0.01,18.7,0,0,0,0.171,-0.923,26.9,-1.8,-1.7,0.07
15.589448,201,0,18.8,0,0,0.071,0.022,-1.409,-19.9,-3.7,2.3,-0.01
15.599448,296,0,18.8,0,0,0.071,0.022,-1.409,-19.9,-3.7,2.3,-0.01
15.609448,280,0,18.8,0,0,0.071,0.022,-1.409,-19.9,-3.7,2.3,-0.01
15.619448,217,0,18.8,0,0,0.071,0.022,-1.409,-19.9,-3.7,2.3,-0.01
15.629448,305,0,18.8,0,0,0.071,0.022,-1.409,-19.9,-3.7,2.3,-0.01
15.639448,262,0.06,16,0,0,0.003,-0.431,-1.025,-4.7,0,-2,-0.13
15.649448,216,0.06,16,0,0,0.003,-0.431,-1.025,-4.7,0,-2,-0.13
15.659448,292,0.06,16,0,0,0.003,-0.431,-1.025,-4.7,0,-2,-0.13
15.669448,260,0.06,16,0,0,0.003,-0.431,-1.025,-4.7,0,-2,-0.13
15.679448,256,0.06,16,0,0,0.003,-0.431,-1.025,-4.7,0,-2,-0.13
15.689448,290,-0.4,17.8,0,0,0.039,0.215,-0.602,3.1,-0.4,0,0.07
15.699448,233,-0.4,17.8,0,0,0.039,0.215,-0.602,3.1,-0.4,0,0.07
15.709448,261,-0.4,17.8,0,0,0.039,0.215,-0.602,3.1,-0.4,0,0.07
15.719448,287,-0.4,17.8,0,0,0.039,0.215,-0.602,3.1,-0.4,0,0.07
15.729448,223,-0.4,17.8,0,0,0.039,0.215,-0.602,3.1,-0.4,0,0.07
15.739448,281,0.01,18.8,0,0,0.011,0.201,-1.187,21.8,-2.4,-1.3,0.07
15.749448,307,0.01,18.8,0,0,0.011,0.201,-1.187,21.8,-2.4,-1.3,0.07
15.759448,208,0.01,18.8,0,0,0.011,0.201,-1.187,21.8,-2.4,-1.3,0.07
15.769448,282,0.01,18.8,0,0,0.011,0.201,-1.187,21.8,-2.4,-1.3,0.07
15.779448,293,0.01,18.8,0,0,0.011,0.201,-1.187,21.8,-2.4,-1.3,0.07
15.789448,229,0.01,18.8,0,0,0.064,-0.375,-0.792,-15.2,1.8,2.2,-0.03
15.799448,310,0.01,18.8,0,0,0.064,-0.375,-0.792,-15.2,1.8,2.2,-0.03
15.809448,276,0.01,18.8,0,0,0.064,-0.375,-0.792,-15.2,1.8,2.2,-0.03
15.819448,258,0.01,18.8,0,0,0.064,-0.375,-0.792,-15.2,1.8,2.2,-0.03
15.829448,303,0.01,18.8,0,0,0.064,-0.375,-0.792,-15.2,1.8,2.2,-0.03
15.839448,245,0.07,18.8,0,0,-0.038,0.312,-0.961,-9,-4,-1.7,0.02
15.849448,266,0.07,18.8,0,0,-0.038,0.312,-0.961,-9,-4,-1.7,0.02
15.859448,301,0.07,18.8,0,0,-0.038,0.312,-0.961,-9,-4,-1.7,0.02
15.869448,224,0.07,18.8,0,0,-0.038,0.312,-0.961,-9,-4,-1.7,0.02
15.879448,279,0.07,18.8,0,0,-0.038,0.312,-0.961,-9,-4,-1.7,0.02
15.889448,300,-0.1,11.5,0,0,0.069,-0.454,-1.312,5.7,1.8,0.6,-0.16
15.899448,210,-0.1,11.5,0,0,0.069,-0.454,-1.312,5.7,1.8,0.6,-0.16
15.909448,296,-0.1,11.5,0,0,0.069,-0.454,-1.312,5.7,1.8,0.6,-0.16
15.919448,288,-0.1,11.5,0,0,0.069,-0.454,-1.312,5.7,1.8,0.6,-0.16
15.929448,226,-0.1,11.5,0,0,0.069,-0.454,-1.312,5.7,1.8,0.6,-0.16
15.939448,296,-0.51,17.2,0,0,0.026,0.282,-0.636,8,-0.9,0,0.07
15.949448,282,-0.51,17.2,0,0,0.026,0.282,-0.636,8,-0.9,0,0.07
15.959448,276,-0.51,17.2,0,0,0.026,0.282,-0.636,8,-0.9,0,0.07
15.969448,296,-0.51,17.2,0,0,0.026,0.282,-0.636,8,-0.9,0,0.07
15.979448,229,-0.51,17.2,0,0,0.026,0.282,-0.636,8,-0.9,0,0.07
15.989448,289,-0.08,18.6,0,0,0.014,0.181,-1.428,-7.8,-1.7,-0.2,0.13
15.999448,307,-0.08,18.6,0,0,0.014,0.181,-1.428,-7.8,-1.7,-0.2,0.13
16.009448,239,-0.08,18.6,0,0,0.014,0.181,-1.428,-7.8,-1.7,-0.2,0.13
16.019448,310,-0.08,18.6,0,0,0.014,0.181,-1.428,-7.8,-1.7,-0.2,0.13
16.029448,285,-0.08,18.6,0,0,0.014,0.181,-1.428,-7.8,-1.7,-0.2,0.13
16.039448,266,0.02,18.7,0,0,0.04,0.094,-0.965,23.2,0,0.3,0.04
16.049448,308,0.02,18.7,0,0,0.04,0.094,-0.965,23.2,0,0.3,0.04
16.059448,239,0.02,18.7,0,0,0.04,0.094,-0.965,23.2,0,0.3,0.04
16.069448,289,0.02,18.7,0,0,0.04,0.094,-0.965,23.2,0,0.3,0.04
16.079448,310,0.02,18.7,0,0,0.04,0.094,-0.965,23.2,0,0.3,0.04
16.089448,222,0.01,18.8,0,0,0.047,-0.41,-0.627,-6.7,2.8,2,-0.06
16.099448,300,0.01,18.8,0,0,0.047,-0.41,-0.627,-6.7,2.8,2,-0.06
16.109448,295,0.01,18.8,0,0,0.047,-0.41,-0.627,-6.7,2.8,2,-0.06
16.119448,264,0.01,18.8,0,0,0.047,-0.41,-0.627,-6.7,2.8,2,-0.06
16.129448,303,0.01,18.8,0,0,0.047,-0.41,-0.627,-6.7,2.8,2,-0.06
16.139448,249,0,18.8,0,0,0.006,0.289,-1.154,-16,-5.3,-0.2,0
16.149448,277,0,18.8,0,0,0.006,0.289,-1.154,-16,-5.3,-0.2,0
16.159448,304,0,18.8,0,0,0.006,0.289,-1.154,-16,-5.3,-0.2,0
16.169448,239,0,18.8,0,0,0.006,0.289,-1.154,-16,-5.3,-0.2,0
16.179448,298,0,18.8,0,0,0.006,0.289,-1.154,-16,-5.3,-0.2,0
16.189448,301,0.11,18.5,0,0,-0.029,-0.038,-0.867,-14.2,-2,-3.3,0
16.199448,242,0.11,18.5,0,0,-0.029,-0.038,-0.867,-14.2,-2,-3.3,0
16.209448,309,0.11,18.5,0,0,-0.029,-0.038,-0.867,-14.2,-2,-3.3,0
16.219448,281,0.11,18.5,0,0,-0.029,-0.038,-0.867,-14.2,-2,-3.3,0
16.229448,301,0.11,18.5,0,0,-0.029,-0.038,-0.867,-14.2,-2,-3.3,0
16.239448,313,0.1,17.2,0,0,0.035,-0.455,-1.149,-7.5,-0.1,-1.8,-0.11
16.249448,246,0.1,17.2,0,0,0.035,-0.455,-1.149,-7.5,-0.1,-1.8,-0.11
16.259448,312,0.1,17.2,0,0,0.035,-0.455,-1.149,-7.5,-0.1,-1.8,-0.11
16.269448,291,0.1,17.2,0,0,0.035,-0.455,-1.149,-7.5,-0.1,-1.8,-0.11
16.279448,272,0.1,17.2,0,0,0.035,-0.455,-1.149,-7.5,-0.1,-1.8,-0.11
16.289448,312,-0.14,11,0,0,0.112,-0.37,-1.448,9.4,0.4,1.5,-0.24
16.299448,247,-0.14,11,0,0,0.112,-0.37,-1.448,9.4,0.4,1.5,-0.24
16.309448,294,-0.14,11,0,0,0.112,-0.37,-1.448,9.4,0.4,1.5,-0.24
16.319448,299,-0.14,11,0,0,0.112,-0.37,-1.448,9.4,0.4,1.5,-0.24
16.329448,244,-0.14,11,0,0,0.112,-0.37,-1.448,9.4,0.4,1.5,-0.24
16.339448,307,-0.56,15.2,0,0,0.059,0.169,-0.928,18.6,-0.3,1.2,-0.2
16.349448,287,-0.56,15.2,0,0,0.059,0.169,-0.928,18.6,-0.3,1.2,-0.2
16.359448,282,-0.56,15.2,0,0,0.059,0.169,-0.928,18.6,-0.3,1.2,-0.2
16.369448,304,-0.56,15.2,0,0,0.059,0.169,-0.928,18.6,-0.3,1.2,-0.2
16.379448,249,-0.56,15.2,0,0,0.059,0.169,-0.928,18.6,-0.3,1.2,-0.2
16.389448,306,-0.47,17.5,0,0,-0.015,0.244,-0.54,4.2,-0.1,-1.2,0.04
16.399448,302,-0.47,17.5,0,0,-0.015,0.244,-0.54,4.2,-0.1,-1.2,0.04
16.409448,273,-0.47,17.5,0,0,-0.015,0.244,-0.54,4.2,-0.1,-1.2,0.04
16.419448,314,-0.47,17.5,0,0,-0.015,0.244,-0.54,4.2,-0.1,-1.2,0.04
16.429448,259,-0.47,17.5,0,0,-0.015,0.244,-0.54,4.2,-0.1,-1.2,0.04
16.439448,310,-0.29,18.1,0,0,-0.02,0.117,-0.626,-6.5,0.2,-1.7,0.07
16.449448,304,-0.29,18.1,0,0,-0.02,0.117,-0.626,-6.5,0.2,-1.7,0.07
16.459448,247,-0.29,18.1,0,0,-0.02,0.117,-0.626,-6.5,0.2,-1.7,0.07
16.469448,318,-0.29,18.1,0,0,-0.02,0.117,-0.626,-6.5,0.2,-1.7,0.07
16.479448,295,-0.29,18.1,0,0,-0.02,0.117,-0.626,-6.5,0.2,-1.7,0.07
16.489448,295,0,18.7,0,0,0.022,0.135,-1.503,-7.3,-2.3,0,0.06
16.499448,308,0,18.7,0,0,0.022,0.135,-1.503,-7.3,-2.3,0,0.06
16.509448,221,0,18.7,0,0,0.022,0.135,-1.503,-7.3,-2.3,0,0.06
16.519448,282,0,18.7,0,0,0.022,0.135,-1.503,-7.3,-2.3,0,0.06
16.529448,316,0,18.7,0,0,0.022,0.135,-1.503,-7.3,-2.3,0,0.06
16.539448,287,0.04,18.8,0,0,0.038,0.066,-0.8,22.9,0.1,-0.4,-0.09
16.549448,286,0.04,18.8,0,0,0.038,0.066,-0.8,22.9,0.1,-0.4,-0.09
16.559448,232,0.04,18.8,0,0,0.038,0.066,-0.8,22.9,0.1,-0.4,-0.09
16.569448,275,0.04,18.8,0,0,0.038,0.066,-0.8,22.9,0.1,-0.4,-0.09
16.579448,309,0.04,18.8,0,0,0.038,0.066,-0.8,22.9,0.1,-0.4,-0.09
16.589448,267,-0.09,18.7,0,0,0.049,-0.454,-0.641,-5.4,2.4,1.8,-0.13
16.599448,314,-0.09,18.7,0,0,0.049,-0.454,-0.641,-5.4,2.4,1.8,-0.13
16.609448,270,-0.09,18.7,0,0,0.049,-0.454,-0.641,-5.4,2.4,1.8,-0.13
16.619448,210,-0.09,18.7,0,0,0.049,-0.454,-0.641,-5.4,2.4,1.8,-0.13
16.629448,309,-0.09,18.7,0,0,0.049,-0.454,-0.641,-5.4,2.4,1.8,-0.13
16.639448,314,0,18.8,0,0,0.119,-0.205,-1.331,14.9,0.4,0.9,-0.06
16.649448,312,0,18.8,0,0,0.119,-0.205,-1.331,14.9,0.4,0.9,-0.06
16.659448,305,0,18.8,0,0,0.119,-0.205,-1.331,14.9,0.4,0.9,-0.06
16.669448,263,0,18.8,0,0,0.119,-0.205,-1.331,14.9,0.4,0.9,-0.06
16.679448,313,0,18.8,0,0,0.119,-0.205,-1.331,14.9,0.4,0.9,-0.06
16.689448,278,0.02,18.7,0,0,0.04,0.171,-0.934,19.2,0.3,0.9,0
16.699448,267,0.02,18.7,0,0,0.04,0.171,-0.934,19.2,0.3,0.9,0
16.709448,318,0.02,18.7,0,0,0.04,0.171,-0.934,19.2,0.3,0.9,0
16.719448,270,0.02,18.7,0,0,0.04,0.171,-0.934,19.2,0.3,0.9,0
16.729448,309,0.02,18.7,0,0,0.04,0.171,-0.934,19.2,0.3,0.9,0
16.739448,276,0.18,18.6,0,0,0.017,0.115,-0.52,-2.1,-0.6,-1.1,-0.05
16.749448,221,0.18,18.6,0,0,0.017,0.115,-0.52,-2.1,-0.6,-1.1,-0.05
16.759448,310,0.18,18.6,0,0,0.017,0.115,-0.52,-2.1,-0.6,-1.1,-0.05
16.769448,303,0.18,18.6,0,0,0.017,0.115,-0.52,-2.1,-0.6,-1.1,-0.05
16.779448,297,0.18,18.6,0,0,0.017,0.115,-0.52,-2.1,-0.6,-1.1,-0.05
16.789448,297,0.19,17.7,0,0,-0.016,0.028,-1.009,-14.7,-1.4,-1.2,-0.15
16.799448,237,0.19,17.7,0,0,-0.016,0.028,-1.009,-14.7,-1.4,-1.2,-0.15
16.809448,307,0.19,17.7,0,0,-0.016,0.028,-1.009,-14.7,-1.4,-1.2,-0.15
16.819448,331,0.19,17.7,0,0,-0.016,0.028,-1.009,-14.7,-1.4,-1.2,-0.15
16.829448,302,0.19,17.7,0,0,-0.016,0.028,-1.009,-14.7,-1.4,-1.2,-0.15
16.839448,301,0.16,17.5,0,0,0.034,-0.038,-1.345,-12.5,-2,0,-0.2
16.849448,237,0.16,17.5,0,0,0.034,-0.038,-1.345,-12.5,-2,0,-0.2
16.859448,301,0.16,17.5,0,0,0.034,-0.038,-1.345,-12.5,-2,0,-0.2
16.869448,330,0.16,17.5,0,0,0.034,-0.038,-1.345,-12.5,-2,0,-0.2
16.879448,303,0.16,17.5,0,0,0.034,-0.038,-1.345,-12.5,-2,0,-0.2
16.889448,312,0.07,12.8,0,0,0.043,-0.069,-1.391,-13.4,-2.5,0,-0.28
16.899448,250,0.07,12.8,0,0,0.043,-0.069,-1.391,-13.4,-2.5,0,-0.28
16.909448,303,0.07,12.8,0,0,0.043,-0.069,-1.391,-13.4,-2.5,0,-0.28
16.919448,321,0.07,12.8,0,0,0.043,-0.069,-1.391,-13.4,-2.5,0,-0.28
16.929448,294,0.07,12.8,0,0,0.043,-0.069,-1.391,-13.4,-2.5,0,-0.28
16.939448,304,-0.14,11.4,0,0,0.065,0.057,-1.611,-4.5,-3.4,0.6,-0.45
16.949448,244,-0.14,11.4,0,0,0.065,0.057,-1.611,-4.5,-3.4,0.6,-0.45
16.959448,298,-0.14,11.4,0,0,0.065,0.057,-1.611,-4.5,-3.4,0.6,-0.45
16.969448,317,-0.14,11.4,0,0,0.065,0.057,-1.611,-4.5,-3.4,0.6,-0.45
16.979448,265,-0.14,11.4,0,0,0.065,0.057,-1.611,-4.5,-3.4,0.6,-0.45
16.989448,308,-0.39,16.9,0,0,0.06,0.107,-1.183,20.5,-0.7,0.4,-0.35
16.999448,272,-0.39,16.9,0,0,0.06,0.107,-1.183,20.5,-0.7,0.4,-0.35
17.009448,266,-0.39,16.9,0,0,0.06,0.107,-1.183,20.5,-0.7,0.4,-0.35
17.019448,314,-0.39,16.9,0,0,0.06,0.107,-1.183,20.5,-0.7,0.4,-0.35
17.029448,284,-0.39,16.9,0,0,0.06,0.107,-1.183,20.5,-0.7,0.4,-0.35
17.039448,324,-0.58,14.9,0,0,0.077,0.102,-1.335,24.7,-1,3.9,-0.17
17.049448,306,-0.58,14.9,0,0,0.077,0.102,-1.335,24.7,-1,3.9,-0.17
17.059448,287,-0.58,14.9,0,0,0.077,0.102,-1.335,24.7,-1,3.9,-0.17
17.069448,315,-0.58,14.9,0,0,0.077,0.102,-1.335,24.7,-1,3.9,-0.17
17.079448,252,-0.58,14.9,0,0,0.077,0.102,-1.335,24.7,-1,3.9,-0.17
17.089448,306,-0.55,16.2,0,0,0.097,0.01,-1.373,22.6,-0.3,4.3,-0.06
17.099448,330,-0.55,16.2,0,0,0.097,0.01,-1.373,22.6,-0.3,4.3,-0.06
17.109448,301,-0.55,16.2,0,0,0.097,0.01,-1.373,22.6,-0.3,4.3,-0.06
17.119448,305,-0.55,16.2,0,0,0.097,0.01,-1.373,22.6,-0.3,4.3,-0.06
17.129448,243,-0.55,16.2,0,0,0.097,0.01,-1.373,22.6,-0.3,4.3,-0.06
17.139448,303,-0.19,18.3,0,0,0.057,0.005,-0.947,28.6,2.4,3.7,0.1
17.149448,321,-0.19,18.3,0,0,0.057,0.005,-0.947,28.6,2.4,3.7,0.1
17.159448,291,-0.19,18.3,0,0,0.057,0.005,-0.947,28.6,2.4,3.7,0.1
17.169448,282,-0.19,18.3,0,0,0.057,0.005,-0.947,28.6,2.4,3.7,0.1
17.179448,240,-0.19,18.3,0,0,0.057,0.005,-0.947,28.6,2.4,3.7,0.1
17.189448,285,-0.1,18.5,0,0,0.017,-0.007,-0.558,10,2.7,1.8,0.09
17.199448,309,-0.1,18.5,0,0,0.017,-0.007,-0.558,10,2.7,1.8,0.09
17.209448,282,-0.1,18.5,0,0,0.017,-0.007,-0.558,10,2.7,1.8,0.09
17.219448,317,-0.1,18.5,0,0,0.017,-0.007,-0.558,10,2.7,1.8,0.09
17.229448,300,-0.1,18.5,0,0,0.017,-0.007,-0.558,10,2.7,1.8,0.09
17.239448,286,0,18.6,0,0,0.021,-0.063,-0.761,-7.5,-0.7,1.7,0.07
17.249448,297,0,18.6,0,0,0.021,-0.063,-0.761,-7.5,-0.7,1.7,0.07
17.259448,240,0,18.6,0,0,0.021,-0.063,-0.761,-7.5,-0.7,1.7,0.07
17.269448,304,0,18.6,0,0,0.021,-0.063,-0.761,-7.5,-0.7,1.7,0.07
17.279448,327,0,18.6,0,0,0.021,-0.063,-0.761,-7.5,-0.7,1.7,0.07
17.289448,298,0.05,18.8,0,0,0,0.118,-0.804,-11.5,-2,0,0.01
17.299448,304,0.05,18.8,0,0,0,0.118,-0.804,-11.5,-2,0,0.01
17.309448,247,0.05,18.8,0,0,0,0.118,-0.804,-11.5,-2,0,0.01
17.319448,303,0.05,18.8,0,0,0,0.118,-0.804,-11.5,-2,0,0.01
17.329448,316,0.05,18.8,0,0,0,0.118,-0.804,-11.5,-2,0,0.01
17.339448,263,0.04,18.8,0,0,0.016,0.427,-1.041,-13.5,-5.2,0,-0.17
17.349448,295,0.04,18.8,0,0,0.016,0.427,-1.041,-13.5,-5.2,0,-0.17
17.359448,265,0.04,18.8,0,0,0.016,0.427,-1.041,-13.5,-5.2,0,-0.17
17.369448,271,0.04,18.8,0,0,0.016,0.427,-1.041,-13.5,-5.2,0,-0.17
17.379448,305,0.04,18.8,0,0,0.016,0.427,-1.041,-13.5,-5.2,0,-0.17
17.389448,266,-0.06,18.7,0,0,-0.071,-0.008,-0.925,-11.2,-0.3,-3.3,-0.14
17.399448,303,-0.06,18.7,0,0,-0.071,-0.008,-0.925,-11.2,-0.3,-3.3,-0.14
17.409448,282,-0.06,18.7,0,0,-0.071,-0.008,-0.925,-11.2,-0.3,-3.3,-0.14
17.419448,230,-0.06,18.7,0,0,-0.071,-0.008,-0.925,-11.2,-0.3,-3.3,-0.14
17.429448,306,-0.06,18.7,0,0,-0.071,-0.008,-0.925,-11.2,-0.3,-3.3,-0.14
17.439448,302,-0.03,18.7,0,0,0.091,-0.52,-1.333,-0.5,1.4,-0.1,-0.05
17.449448,301,-0.03,18.7,0,0,0.091,-0.52,-1.333,-0.5,1.4,-0.1,-0.05
17.459448,308,-0.03,18.7,0,0,0.091,-0.52,-1.333,-0.5,1.4,-0.1,-0.05
17.469448,248,-0.03,18.7,0,0,0.091,-0.52,-1.333,-0.5,1.4,-0.1,-0.05
17.479448,307,-0.03,18.7,0,0,0.091,-0.52,-1.333,-0.5,1.4,-0.1,-0.05
17.489448,308,0.04,18.7,0,0,0.141,-0.349,-1.427,12.8,1,1.7,0.03
17.499448,281,0.04,18.7,0,0,0.141,-0.349,-1.427,12.8,1,1.7,0.03
17.509448,307,0.04,18.7,0,0,0.141,-0.349,-1.427,12.8,1,1.7,0.03
17.519448,251,0.04,18.7,0,0,0.141,-0.349,-1.427,12.8,1,1.7,0.03
17.529448,302,0.04,18.7,0,0,0.141,-0.349,-1.427,12.8,1,1.7,0.03
17.539448,304,0.17,17.7,0,0,0.102,0.033,-0.979,18.8,0.3,1.8,-0.09
17.549448,247,0.17,17.7,0,0,0.102,0.033,-0.979,18.8,0.3,1.8,-0.09
17.559448,298,0.17,17.7,0,0,0.102,0.033,-0.979,18.8,0.3,1.8,-0.09
17.569448,288,0.17,17.7,0,0,0.102,0.033,-0.979,18.8,0.3,1.8,-0.09
17.579448,284,0.17,17.7,0,0,0.102,0.033,-0.979,18.8,0.3,1.8,-0.09
17.589448,294,-0.05,11.1,0,0,-0.022,0.243,-0.508,-4.2,-1.4,-1.4,-0.39
17.599448,251,-0.05,11.1,0,0,-0.022,0.243,-0.508,-4.2,-1.4,-1.4,-0.39
17.609448,300,-0.05,11.1,0,0,-0.022,0.243,-0.508,-4.2,-1.4,-1.4,-0.39
17.619448,305,-0.05,11.1,0,0,-0.022,0.243,-0.508,-4.2,-1.4,-1.4,-0.39
17.629448,250,-0.05,11.1,0,0,-0.022,0.243,-0.508,-4.2,-1.4,-1.4,-0.39
17.639448,285,-0.37,15.7,0,0,0.002,0.116,-1.475,-11.3,-2.9,-0.4,-0.41
17.649448,280,-0.37,15.7,0,0,0.002,0.116,-1.475,-11.3,-2.9,-0.4,-0.41
17.659448,286,-0.37,15.7,0,0,0.002,0.116,-1.475,-11.3,-2.9,-0.4,-0.41
17.669448,308,-0.37,15.7,0,0,0.002,0.116,-1.475,-11.3,-2.9,-0.4,-0.41
17.679448,270,-0.37,15.7,0,0,0.002,0.116,-1.475,-11.3,-2.9,-0.4,-0.41
17.689448,311,-0.47,17.4,0,0,0.077,0.094,-1.621,7.1,-3.1,1.7,-0.06
17.699448,292,-0.47,17.4,0,0,0.077,0.094,-1.621,7.1,-3.1,1.7,-0.06
17.709448,269,-0.47,17.4,0,0,0.077,0.094,-1.621,7.1,-3.1,1.7,-0.06
17.719448,309,-0.47,17.4,0,0,0.077,0.094,-1.621,7.1,-3.1,1.7,-0.06
17.729448,262,-0.47,17.4,0,0,0.077,0.094,-1.621,7.1,-3.1,1.7,-0.06
17.739448,299,0.03,18.8,0,0,0.046,-0.291,-0.403,18.2,3.6,0,0.03
17.749448,287,0.03,18.8,0,0,0.046,-0.291,-0.403,18.2,3.6,0,0.03
17.759448,209,0.03,18.8,0,0,0.046,-0.291,-0.403,18.2,3.6,0,0.03
17.769448,290,0.03,18.8,0,0,0.046,-0.291,-0.403,18.2,3.6,0,0.03
17.779448,312,0.03,18.8,0,0,0.046,-0.291,-0.403,18.2,3.6,0,0.03
17.789448,281,0,18.7,0,0,0.091,0.038,-1.26,-13.4,-4.7,3.2,-0.25
17.799448,272,0,18.7,0,0,0.091,0.038,-1.26,-13.4,-4.7,3.2,-0.25
17.809448,237,0,18.7,0,0,0.091,0.038,-1.26,-13.4,-4.7,3.2,-0.25
17.819448,272,0,18.7,0,0,0.091,0.038,-1.26,-13.4,-4.7,3.2,-0.25
17.829448,285,0,18.7,0,0,0.091,0.038,-1.26,-13.4,-4.7,3.2,-0.25
17.839448,255,-0.03,18.7,0,0,-0.063,0.199,-0.938,-9.5,-1.4,-3.2,-0.03
17.849448,299,-0.03,18.7,0,0,-0.063,0.199,-0.938,-9.5,-1.4,-3.2,-0.03
17.859448,283,-0.03,18.7,0,0,-0.063,0.199,-0.938,-9.5,-1.4,-3.2,-0.03
17.869448,223,-0.03,18.7,0,0,-0.063,0.199,-0.938,-9.5,-1.4,-3.2,-0.03
17.879448,301,-0.03,18.7,0,0,-0.063,0.199,-0.938,-9.5,-1.4,-3.2,-0.03
17.889448,283,0.23,17.1,0,0,0.11,-0.271,-1.212,19,2.1,2.1,-0.11
17.899448,227,0.23,17.1,0,0,0.11,-0.271,-1.212,19,2.1,2.1,-0.11
17.909448,291,0.23,17.1,0,0,0.11,-0.271,-1.212,19,2.1,2.1,-0.11
17.919448,288,0.23,17.1,0,0,0.11,-0.271,-1.212,19,2.1,2.1,-0.11
17.929448,288,0.23,17.1,0,0,0.11,-0.271,-1.212,19,2.1,2.1,-0.11
17.939448,286,-0.2,13.4,0,0,0.003,0.232,-0.564,-4.6,-1.4,-0.9,-0.47
17.949448,230,-0.2,13.4,0,0,0.003,0.232,-0.564,-4.6,-1.4,-0.9,-0.47
17.959448,292,-0.2,13.4,0,0,0.003,0.232,-0.564,-4.6,-1.4,-0.9,-0.47
17.969448,305,-0.2,13.4,0,0,0.003,0.232,-0.564,-4.6,-1.4,-0.9,-0.47
17.979448,248,-0.2,13.4,0,0,0.003,0.232,-0.564,-4.6,-1.4,-0.9,-0.47
17.989448,297,-0.04,18.6,0,0,0.007,0.291,-1.657,13.9,-2.6,-1.9,0.06
17.999448,266,-0.04,18.6,0,0,0.007,0.291,-1.657,13.9,-2.6,-1.9,0.06
18.009448,219,-0.04,18.6,0,0,0.007,0.291,-1.657,13.9,-2.6,-1.9,0.06
18.019448,283,-0.04,18.6,0,0,0.007,0.291,-1.657,13.9,-2.6,-1.9,0.06
18.029448,283,-0.04,18.6,0,0,0.007,0.291,-1.657,13.9,-2.6,-1.9,0.06
18.039448,272,0,18.6,0,0,0.07,-0.507,-0.647,-6.7,1.8,3,-0.27
18.049448,267,0,18.6,0,0,0.07,-0.507,-0.647,-6.7,1.8,3,-0.27
18.059448,234,0,18.6,0,0,0.07,-0.507,-0.647,-6.7,1.8,3,-0.27
18.069448,286,0,18.6,0,0,0.07,-0.507,-0.647,-6.7,1.8,3,-0.27
18.079448,276,0,18.6,0,0,0.07,-0.507,-0.647,-6.7,1.8,3,-0.27
18.089448,223,-0.03,18.7,0,0,-0.055,0.316,-1.007,-12.6,-2.8,-2.3,-0.02
18.099448,297,-0.03,18.7,0,0,-0.055,0.316,-1.007,-12.6,-2.8,-2.3,-0.02
18.109448,290,-0.03,18.7,0,0,-0.055,0.316,-1.007,-12.6,-2.8,-2.3,-0.02
18.119448,226,-0.03,18.7,0,0,-0.055,0.316,-1.007,-12.6,-2.8,-2.3,-0.02
18.129448,294,-0.03,18.7,0,0,-0.055,0.316,-1.007,-12.6,-2.8,-2.3,-0.02
18.139448,273,0.11,12.3,0,0,0.127,-0.333,-1.045,19.2,1.4,2.2,-0.29
18.149448,219,0.11,12.3,0,0,0.127,-0.333,-1.045,19.2,1.4,2.2,-0.29
18.159448,296,0.11,12.3,0,0,0.127,-0.333,-1.045,19.2,1.4,2.2,-0.29
18.169448,280,0.11,12.3,0,0,0.127,-0.333,-1.045,19.2,1.4,2.2,-0.29
18.179448,260,0.11,12.3,0,0,0.127,-0.333,-1.045,19.2,1.4,2.2,-0.29
18.189448,269,-0.19,18.3,0,0,-0.083,0.531,-1.532,-17.8,-1.8,-1.2,0.07
18.199448,240,-0.19,18.3,0,0,-0.083,0.531,-1.532,-17.8,-1.8,-1.2,0.07
18.209448,272,-0.19,18.3,0,0,-0.083,0.531,-1.532,-17.8,-1.8,-1.2,0.07
18.219448,261,-0.19,18.3,0,0,-0.083,0.531,-1.532,-17.8,-1.8,-1.2,0.07
18.229448,228,-0.19,18.3,0,0,-0.083,0.531,-1.532,-17.8,-1.8,-1.2,0.07
18.239448,276,0.01,18.7,0,0,0.073,-0.76,-0.312,1.8,4.4,0.7,-0.32
18.249448,275,0.01,18.7,0,0,0.073,-0.76,-0.312,1.8,4.4,0.7,-0.32
18.259448,228,0.01,18.7,0,0,0.073,-0.76,-0.312,1.8,4.4,0.7,-0.32
18.269448,279,0.01,18.7,0,0,0.073,-0.76,-0.312,1.8,4.4,0.7,-0.32
18.279448,272,0.01,18.7,0,0,0.073,-0.76,-0.312,1.8,4.4,0.7,-0.32
18.289448,225,0.09,18.7,0,0,-0.021,0.556,-1.085,-7.4,-2.3,-1,0.04
18.299448,288,0.09,18.7,0,0,-0.021,0.556,-1.085,-7.4,-2.3,-1,0.04
18.309448,268,0.09,18.7,0,0,-0.021,0.556,-1.085,-7.4,-2.3,-1,0.04
18.319448,216,0.09,18.7,0,0,-0.021,0.556,-1.085,-7.4,-2.3,-1,0.04
18.329448,285,0.09,18.7,0,0,-0.021,0.556,-1.085,-7.4,-2.3,-1,0.04
18.339448,258,-0.39,17.3,0,0,0.15,-0.069,-0.41,0.1,-2.5,1.5,-0.32
18.349448,210,-0.39,17.3,0,0,0.15,-0.069,-0.41,0.1,-2.5,1.5,-0.32
18.359448,282,-0.39,17.3,0,0,0.15,-0.069,-0.41,0.1,-2.5,1.5,-0.32
18.369448,259,-0.39,17.3,0,0,0.15,-0.069,-0.41,0.1,-2.5,1.5,-0.32
18.379448,218,-0.39,17.3,0,0,0.15,-0.069,-0.41,0.1,-2.5,1.5,-0.32
18.389448,281,0.17,18.7,0,0,-0.018,0.009,-1.114,23.5,-1.2,-4.6,-0.13
18.399448,275,0.17,18.7,0,0,-0.018,0.009,-1.114,23.5,-1.2,-4.6,-0.13
18.409448,229,0.17,18.7,0,0,-0.018,0.009,-1.114,23.5,-1.2,-4.6,-0.13
18.419448,270,0.17,18.7,0,0,-0.018,0.009,-1.114,23.5,-1.2,-4.6,-0.13
18.429448,272,0.17,18.7,0,0,-0.018,0.009,-1.114,23.5,-1.2,-4.6,-0.13
18.439448,227,-0.11,18.6,0,0,0.108,0.335,-1.087,-11.7,-5,3.5,0
18.449448,265,-0.11,18.6,0,0,0.108,0.335,-1.087,-11.7,-5,3.5,0
18.459448,270,-0.11,18.6,0,0,0.108,0.335,-1.087,-11.7,-5,3.5,0
18.469448,222,-0.11,18.6,0,0,0.108,0.335,-1.087,-11.7,-5,3.5,0
18.479448,249,-0.11,18.6,0,0,0.108,0.335,-1.087,-11.7,-5,3.5,0
18.489448,260,-0.26,18,0,0,0.107,-0.583,-0.677,-11.7,-3.6,2.6,-0.32
18.499448,218,-0.26,18,0,0,0.107,-0.583,-0.677,-11.7,-3.6,2.6,-0.32
18.509448,233,-0.26,18,0,0,0.107,-0.583,-0.677,-11.7,-3.6,2.6,-0.32
18.519448,265,-0.26,18,0,0,0.107,-0.583,-0.677,-11.7,-3.6,2.6,-0.32
18.529448,242,-0.26,18,0,0,0.107,-0.583,-0.677,-11.7,-3.6,2.6,-0.32
18.539448,227,-0.12,13,0,0,-0.097,-0.73,-1.125,6.8,2.4,0,-0.59
18.549448,227,-0.12,13,0,0,-0.097,-0.73,-1.125,6.8,2.4,0,-0.59
18.559448,254,-0.12,13,0,0,-0.097,-0.73,-1.125,6.8,2.4,0,-0.59
18.569448,259,-0.12,13,0,0,-0.097,-0.73,-1.125,6.8,2.4,0,-0.59
18.579448,224,-0.12,13,0,0,-0.097,-0.73,-1.125,6.8,2.4,0,-0.59
18.589448,210,0.05,18.7,0,0,-0.166,0.172,-0.449,21.7,1.8,-4.4,-0.24
18.599448,179,0.05,18.7,0,0,-0.166,0.172,-0.449,21.7,1.8,-4.4,-0.24
18.609448,199,0.05,18.7,0,0,-0.166,0.172,-0.449,21.7,1.8,-4.4,-0.24
18.619448,272,0.05,18.7,0,0,-0.166,0.172,-0.449,21.7,1.8,-4.4,-0.24
18.629448,281,0.05,18.7,0,0,-0.166,0.172,-0.449,21.7,1.8,-4.4,-0.24
18.639448,237,-0.09,18.6,0,0,0.077,0.354,-1.088,-16.5,-6.5,1.6,-0.1
18.649448,293,-0.09,18.6,0,0,0.077,0.354,-1.088,-16.5,-6.5,1.6,-0.1
18.659448,300,-0.09,18.6,0,0,0.077,0.354,-1.088,-16.5,-6.5,1.6,-0.1
18.669448,233,-0.09,18.6,0,0,0.077,0.354,-1.088,-16.5,-6.5,1.6,-0.1
18.679448,292,-0.09,18.6,0,0,0.077,0.354,-1.088,-16.5,-6.5,1.6,-0.1
18.689448,290,0.19,17.4,0,0,-0.053,-0.299,-1.242,-2.1,0.2,-2.3,-0.08
18.699448,230,0.19,17.4,0,0,-0.053,-0.299,-1.242,-2.1,0.2,-2.3,-0.08
18.709448,272,0.19,17.4,0,0,-0.053,-0.299,-1.242,-2.1,0.2,-2.3,-0.08
18.719448,276,0.19,17.4,0,0,-0.053,-0.299,-1.242,-2.1,0.2,-2.3,-0.08
18.729448,277,0.19,17.4,0,0,-0.053,-0.299,-1.242,-2.1,0.2,-2.3,-0.08
18.739448,282,-0.51,8.7,0,0,0.116,-0.012,-0.75,15.7,-0.1,2.1,-0.53
18.749448,231,-0.51,8.7,0,0,0.116,-0.012,-0.75,15.7,-0.1,2.1,-0.53
18.759448,291,-0.51,8.7,0,0,0.116,-0.012,-0.75,15.7,-0.1,2.1,-0.53
18.769448,311,-0.51,8.7,0,0,0.116,-0.012,-0.75,15.7,-0.1,2.1,-0.53
18.779448,240,-0.51,8.7,0,0,0.116,-0.012,-0.75,15.7,-0.1,2.1,-0.53
18.789448,294,-0.28,18.1,0,0,-0.06,0.278,-1.077,-17.5,-1.8,-1.6,0.09
18.799448,293,-0.28,18.1,0,0,-0.06,0.278,-1.077,-17.5,-1.8,-1.6,0.09
18.809448,256,-0.28,18.1,0,0,-0.06,0.278,-1.077,-17.5,-1.8,-1.6,0.09
18.819448,282,-0.28,18.1,0,0,-0.06,0.278,-1.077,-17.5,-1.8,-1.6,0.09
18.829448,253,-0.28,18.1,0,0,-0.06,0.278,-1.077,-17.5,-1.8,-1.6,0.09
18.839448,300,0.13,18.9,0,0,0.044,0.107,-1.408,17.8,-1.8,-0.2,-0.05
18.849448,303,0.13,18.9,0,0,0.044,0.107,-1.408,17.8,-1.8,-0.2,-0.05
18.859448,220,0.13,18.9,0,0,0.044,0.107,-1.408,17.8,-1.8,-0.2,-0.05
18.869448,289,0.13,18.9,0,0,0.044,0.107,-1.408,17.8,-1.8,-0.2,-0.05
18.879448,306,0.13,18.9,0,0,0.044,0.107,-1.408,17.8,-1.8,-0.2,-0.05
18.889448,235,-0.12,18.3,0,0,0.064,-0.462,-0.737,-9.1,1.7,3.2,-0.26
18.899448,285,-0.12,18.3,0,0,0.064,-0.462,-0.737,-9.1,1.7,3.2,-0.26
18.909448,284,-0.12,18.3,0,0,0.064,-0.462,-0.737,-9.1,1.7,3.2,-0.26
18.919448,250,-0.12,18.3,0,0,0.064,-0.462,-0.737,-9.1,1.7,3.2,-0.26
18.929448,261,-0.12,18.3,0,0,0.064,-0.462,-0.737,-9.1,1.7,3.2,-0.26
18.939448,250,0.17,17.5,0,0,-0.053,0.312,-1.147,-8.5,-1.9,-2.1,-0.07
18.949448,271,0.17,17.5,0,0,-0.053,0.312,-1.147,-8.5,-1.9,-2.1,-0.07
18.959448,262,0.17,17.5,0,0,-0.053,0.312,-1.147,-8.5,-1.9,-2.1,-0.07
18.969448,229,0.17,17.5,0,0,-0.053,0.312,-1.147,-8.5,-1.9,-2.1,-0.07
18.979448,270,0.17,17.5,0,0,-0.053,0.312,-1.147,-8.5,-1.9,-2.1,-0.07
18.989448,279,-0.64,14.4,0,0,0.15,-0.206,-0.673,16.7,0.2,2.3,-0.23
18.999448,238,-0.64,14.4,0,0,0.15,-0.206,-0.673,16.7,0.2,2.3,-0.23
19.009448,295,-0.64,14.4,0,0,0.15,-0.206,-0.673,16.7,0.2,2.3,-0.23
19.019448,283,-0.64,14.4,0,0,0.15,-0.206,-0.673,16.7,0.2,2.3,-0.23
19.029448,212,-0.64,14.4,0,0,0.15,-0.206,-0.673,16.7,0.2,2.3,-0.23
19.039448,293,0.04,18.7,0,0,-0.113,0.428,-1.467,-16,-2.2,-2.1,0.04
19.049448,306,0.04,18.7,0,0,-0.113,0.428,-1.467,-16,-2.2,-2.1,0.04
19.059448,235,0.04,18.7,0,0,-0.113,0.428,-1.467,-16,-2.2,-2.1,0.04
19.069448,284,0.04,18.7,0,0,-0.113,0.428,-1.467,-16,-2.2,-2.1,0.04
19.079448,287,0.04,18.7,0,0,-0.113,0.428,-1.467,-16,-2.2,-2.1,0.04
19.089448,255,0.01,18.6,0,0,0.09,-0.52,-0.33,16.5,4.6,0,-0.3
19.099448,266,0.01,18.6,0,0,0.09,-0.52,-0.33,16.5,4.6,0,-0.3
19.109448,245,0.01,18.6,0,0,0.09,-0.52,-0.33,16.5,4.6,0,-0.3
19.119448,273,0.01,18.6,0,0,0.09,-0.52,-0.33,16.5,4.6,0,-0.3
19.129448,283,0.01,18.6,0,0,0.09,-0.52,-0.33,16.5,4.6,0,-0.3
19.139448,230,0.04,18.7,0,0,0.061,0.388,-1.138,-12,-5.6,1.7,0.05
19.149448,281,0.04,18.7,0,0,0.061,0.388,-1.138,-12,-5.6,1.7,0.05
19.159448,292,0.04,18.7,0,0,0.061,0.388,-1.138,-12,-5.6,1.7,0.05
19.169448,218,0.04,18.7,0,0,0.061,0.388,-1.138,-12,-5.6,1.7,0.05
19.179448,278,0.04,18.7,0,0,0.061,0.388,-1.138,-12,-5.6,1.7,0.05
19.189448,291,-0.29,7.6,0,0,0.012,-0.462,-1.121,15.9,2,-0.4,-0.39
19.199448,210,-0.29,7.6,0,0,0.012,-0.462,-1.121,15.9,2,-0.4,-0.39
19.209448,269,-0.29,7.6,0,0,0.012,-0.462,-1.121,15.9,2,-0.4,-0.39
19.219448,302,-0.29,7.6,0,0,0.012,-0.462,-1.121,15.9,2,-0.4,-0.39
19.229448,231,-0.29,7.6,0,0,0.012,-0.462,-1.121,15.9,2,-0.4,-0.39
19.239448,279,-0.02,18.6,0,0,-0.01,0.496,-0.887,-16.1,-1.4,0.1,0.06
19.249448,288,-0.02,18.6,0,0,-0.01,0.496,-0.887,-16.1,-1.4,0.1,0.06
19.259448,223,-0.02,18.6,0,0,-0.01,0.496,-0.887,-16.1,-1.4,0.1,0.06
19.269448,264,-0.02,18.6,0,0,-0.01,0.496,-0.887,-16.1,-1.4,0.1,0.06
19.279448,281,-0.02,18.6,0,0,-0.01,0.496,-0.887,-16.1,-1.4,0.1,0.06
19.289448,267,0.01,18.5,0,0,0.071,-0.424,-0.479,24,2.3,-2.6,-0.31
19.299448,265,0.01,18.5,0,0,0.071,-0.424,-0.479,24,2.3,-2.6,-0.31
19.309448,233,0.01,18.5,0,0,0.071,-0.424,-0.479,24,2.3,-2.6,-0.31
19.319448,269,0.01,18.5,0,0,0.071,-0.424,-0.479,24,2.3,-2.6,-0.31
19.329448,285,0.01,18.5,0,0,0.071,-0.424,-0.479,24,2.3,-2.6,-0.31
19.339448,232,0.06,18.7,0,0,0.089,0.329,-1.218,-11.8,-5.8,3.2,0.06
19.349448,282,0.06,18.7,0,0,0.089,0.329,-1.218,-11.8,-5.8,3.2,0.06
19.359448,285,0.06,18.7,0,0,0.089,0.329,-1.218,-11.8,-5.8,3.2,0.06
19.369448,208,0.06,18.7,0,0,0.089,0.329,-1.218,-11.8,-5.8,3.2,0.06
19.379448,276,0.06,18.7,0,0,0.089,0.329,-1.218,-11.8,-5.8,3.2,0.06
19.389448,296,-0.65,8.3,0,0,-0.009,-0.483,-1.04,15.8,1.7,-0.9,-0.36
19.399448,212,-0.65,8.3,0,0,-0.009,-0.483,-1.04,15.8,1.7,-0.9,-0.36
19.409448,261,-0.65,8.3,0,0,-0.009,-0.483,-1.04,15.8,1.7,-0.9,-0.36
19.419448,291,-0.65,8.3,0,0,-0.009,-0.483,-1.04,15.8,1.7,-0.9,-0.36
19.429448,212,-0.65,8.3,0,0,-0.009,-0.483,-1.04,15.8,1.7,-0.9,-0.36
19.439448,263,0.17,18.8,0,0,-0.051,0.713,-1.46,-17.9,-1.3,-0.7,-0.04
19.449448,298,0.17,18.8,0,0,-0.051,0.713,-1.46,-17.9,-1.3,-0.7,-0.04
19.459448,224,0.17,18.8,0,0,-0.051,0.713,-1.46,-17.9,-1.3,-0.7,-0.04
19.469448,269,0.17,18.8,0,0,-0.051,0.713,-1.46,-17.9,-1.3,-0.7,-0.04
19.479448,281,0.17,18.8,0,0,-0.051,0.713,-1.46,-17.9,-1.3,-0.7,-0.04
19.489448,217,-0.11,18.4,0,0,0.073,-0.829,-0.328,-0.4,4.7,1.1,-0.25
19.499448,274,-0.11,18.4,0,0,0.073,-0.829,-0.328,-0.4,4.7,1.1,-0.25
19.509448,288,-0.11,18.4,0,0,0.073,-0.829,-0.328,-0.4,4.7,1.1,-0.25
19.519448,223,-0.11,18.4,0,0,0.073,-0.829,-0.328,-0.4,4.7,1.1,-0.25
19.529448,259,-0.11,18.4,0,0,0.073,-0.829,-0.328,-0.4,4.7,1.1,-0.25
19.539448,278,0.12,14.2,0,0,-0.035,0.473,-1.156,-9.6,-1.9,-1,-0.16
19.549448,254,0.12,14.2,0,0,-0.035,0.473,-1.156,-9.6,-1.9,-1,-0.16
19.559448,250,0.12,14.2,0,0,-0.035,0.473,-1.156,-9.6,-1.9,-1,-0.16
19.569448,246,0.12,14.2,0,0,-0.035,0.473,-1.156,-9.6,-1.9,-1,-0.16
19.579448,260,0.12,14.2,0,0,-0.035,0.473,-1.156,-9.6,-1.9,-1,-0.16
19.589448,251,-0.03,18.6,0,0,0.143,-0.122,-0.491,-0.1,-1.4,2.2,0.07
19.599448,240,-0.03,18.6,0,0,0.143,-0.122,-0.491,-0.1,-1.4,2.2,0.07
19.609448,260,-0.03,18.6,0,0,0.143,-0.122,-0.491,-0.1,-1.4,2.2,0.07
19.619448,250,-0.03,18.6,0,0,0.143,-0.122,-0.491,-0.1,-1.4,2.2,0.07
19.629448,239,-0.03,18.6,0,0,0.143,-0.122,-0.491,-0.1,-1.4,2.2,0.07
19.639448,260,-0.17,18.1,0,0,0.09,-0.532,-0.489,23.4,1.9,-3.8,-0.34
19.649448,250,-0.17,18.1,0,0,0.09,-0.532,-0.489,23.4,1.9,-3.8,-0.34
19.659448,240,-0.17,18.1,0,0,0.09,-0.532,-0.489,23.4,1.9,-3.8,-0.34
19.669448,259,-0.17,18.1,0,0,0.09,-0.532,-0.489,23.4,1.9,-3.8,-0.34
19.679448,250,-0.17,18.1,0,0,0.09,-0.532,-0.489,23.4,1.9,-3.8,-0.34
19.689448,241,0.13,14.4,0,0,0.15,-0.148,-0.392,9.5,-2.1,0.4,-0.15
19.699448,264,0.13,14.4,0,0,0.15,-0.148,-0.392,9.5,-2.1,0.4,-0.15
19.709448,250,0.13,14.4,0,0,0.15,-0.148,-0.392,9.5,-2.1,0.4,-0.15
19.719448,236,0.13,14.4,0,0,0.15,-0.148,-0.392,9.5,-2.1,0.4,-0.15
19.729448,262,0.13,14.4,0,0,0.15,-0.148,-0.392,9.5,-2.1,0.4,-0.15
19.739448,254,-0.09,18.5,0,0,-0.012,-0.36,-0.639,28.7,0.2,-4.6,0.08
19.749448,238,-0.09,18.5,0,0,-0.012,-0.36,-0.639,28.7,0.2,-4.6,0.08
19.759448,265,-0.09,18.5,0,0,-0.012,-0.36,-0.639,28.7,0.2,-4.6,0.08
19.769448,257,-0.09,18.5,0,0,-0.012,-0.36,-0.639,28.7,0.2,-4.6,0.08
19.779448,231,-0.09,18.5,0,0,-0.012,-0.36,-0.639,28.7,0.2,-4.6,0.08
19.789448,260,-0.17,18.2,0,0,0.073,0.626,-1.082,-8.9,-2.8,1.6,-0.34
19.799448,251,-0.17,18.2,0,0,0.073,0.626,-1.082,-8.9,-2.8,1.6,-0.34
19.809448,233,-0.17,18.2,0,0,0.073,0.626,-1.082,-8.9,-2.8,1.6,-0.34
19.819448,259,-0.17,18.2,0,0,0.073,0.626,-1.082,-8.9,-2.8,1.6,-0.34
19.829448,250,-0.17,18.2,0,0,0.073,0.626,-1.082,-8.9,-2.8,1.6,-0.34
19.839448,240,-0.14,9.9,0,0,0.154,-0.073,-0.631,-8.9,-3.4,1.8,-0.15
19.849448,219,-0.14,9.9,0,0,0.154,-0.073,-0.631,-8.9,-3.4,1.8,-0.15
19.859448,242,-0.14,9.9,0,0,0.154,-0.073,-0.631,-8.9,-3.4,1.8,-0.15
19.869448,275,-0.14,9.9,0,0,0.154,-0.073,-0.631,-8.9,-3.4,1.8,-0.15
19.879448,214,-0.14,9.9,0,0,0.154,-0.073,-0.631,-8.9,-3.4,1.8,-0.15
19.889448,233,0.26,18.7,0,0,-0.011,-0.939,-0.521,-2.6,2.5,0.6,-0.2
19.899448,272,0.26,18.7,0,0,-0.011,-0.939,-0.521,-2.6,2.5,0.6,-0.2
19.909448,212,0.26,18.7,0,0,-0.011,-0.939,-0.521,-2.6,2.5,0.6,-0.2
19.919448,233,0.26,18.7,0,0,-0.011,-0.939,-0.521,-2.6,2.5,0.6,-0.2
19.929448,274,0.26,18.7,0,0,-0.011,-0.939,-0.521,-2.6,2.5,0.6,-0.2
19.939448,213,0.09,18.7,0,0,-0.117,-0.13,-1.357,13.4,1.6,-2.8,0.07
19.949448,245,0.09,18.7,0,0,-0.117,-0.13,-1.357,13.4,1.6,-2.8,0.07
19.959448,277,0.09,18.7,0,0,-0.117,-0.13,-1.357,13.4,1.6,-2.8,0.07
19.969448,207,0.09,18.7,0,0,-0.117,-0.13,-1.357,13.4,1.6,-2.8,0.07
19.979448,252,0.09,18.7,0,0,-0.117,-0.13,-1.357,13.4,1.6,-2.8,0.07
19.989448,279,-0.44,17.6,0,0,0.015,0.763,-1.737,-8.1,0.4,-0.5,0.05
19.999448,202,-0.44,17.6,0,0,0.015,0.763,-1.737,-8.1,0.4,-0.5,0.05
20.009448,250,-0.44,17.6,0,0,0.015,0.763,-1.737,-8.1,0.4,-0.5,0.05
20.019448,259,-0.44,17.6,0,0,0.015,0.763,-1.737,-8.1,0.4,-0.5,0.05
20.029448,199,-0.44,17.6,0,0,0.015,0.763,-1.737,-8.1,0.4,-0.5,0.05
20.039448,255,-0.22,18,0,0,0.159,0.11,-0.856,-18.3,-5.2,4.1,-0.41
20.049448,258,-0.22,18,0,0,0.159,0.11,-0.856,-18.3,-5.2,4.1,-0.41
20.059448,208,-0.22,18,0,0,0.159,0.11,-0.856,-18.3,-5.2,4.1,-0.41
20.069448,252,-0.22,18,0,0,0.159,0.11,-0.856,-18.3,-5.2,4.1,-0.41
20.079448,250,-0.22,18,0,0,0.159,0.11,-0.856,-18.3,-5.2,4.1,-0.41
20.089448,225,-0.24,8.3,0,0,0.105,-0.498,-1.018,-19,-4.8,1.8,-0.2
20.099448,221,-0.24,8.3,0,0,0.105,-0.498,-1.018,-19,-4.8,1.8,-0.2
20.109448,225,-0.24,8.3,0,0,0.105,-0.498,-1.018,-19,-4.8,1.8,-0.2
20.119448,263,-0.24,8.3,0,0,0.105,-0.498,-1.018,-19,-4.8,1.8,-0.2
20.129448,212,-0.24,8.3,0,0,0.105,-0.498,-1.018,-19,-4.8,1.8,-0.2
20.139448,203,-0.16,17.9,0,0,-0.017,-0.487,-1.194,-20.9,-4,1.8,-0.45
20.149448,250,-0.16,17.9,0,0,-0.017,-0.487,-1.194,-20.9,-4,1.8,-0.45
20.159448,220,-0.16,17.9,0,0,-0.017,-0.487,-1.194,-20.9,-4,1.8,-0.45
20.169448,240,-0.16,17.9,0,0,-0.017,-0.487,-1.194,-20.9,-4,1.8,-0.45
20.179448,233,-0.16,17.9,0,0,-0.017,-0.487,-1.194,-20.9,-4,1.8,-0.45
20.189448,197,-0.02,12.6,0,0,-0.069,-0.859,-0.745,-5.7,1,1,-0.27
20.199448,253,-0.02,12.6,0,0,-0.069,-0.859,-0.745,-5.7,1,1,-0.27
20.209448,250,-0.02,12.6,0,0,-0.069,-0.859,-0.745,-5.7,1,1,-0.27
20.219448,231,-0.02,12.6,0,0,-0.069,-0.859,-0.745,-5.7,1,1,-0.27
20.229448,222,-0.02,12.6,0,0,-0.069,-0.859,-0.745,-5.7,1,1,-0.27
20.239448,245,0.28,18.6,0,0,-0.136,-0.703,-0.432,19.2,2.6,-2,-0.2
20.249448,264,0.28,18.6,0,0,-0.136,-0.703,-0.432,19.2,2.6,-2,-0.2
20.259448,200,0.28,18.6,0,0,-0.136,-0.703,-0.432,19.2,2.6,-2,-0.2
20.269448,234,0.28,18.6,0,0,-0.136,-0.703,-0.432,19.2,2.6,-2,-0.2
20.279448,268,0.28,18.6,0,0,-0.136,-0.703,-0.432,19.2,2.6,-2,-0.2
20.289448,193,0.15,16.5,0,0,-0.126,-0.012,-1.103,31,1.1,-3.3,-0.28
20.299448,222,0.15,16.5,0,0,-0.126,-0.012,-1.103,31,1.1,-3.3,-0.28
20.309448,244,0.15,16.5,0,0,-0.126,-0.012,-1.103,31,1.1,-3.3,-0.28
20.319448,190,0.15,16.5,0,0,-0.126,-0.012,-1.103,31,1.1,-3.3,-0.28
20.329448,224,0.15,16.5,0,0,-0.126,-0.012,-1.103,31,1.1,-3.3,-0.28
20.339448,204,0.16,12.2,0,0,0.007,-0.416,-0.34,26.6,3.7,-2.9,-0.25
20.349448,219,0.16,12.2,0,0,0.007,-0.416,-0.34,26.6,3.7,-2.9,-0.25
20.359448,243,0.16,12.2,0,0,0.007,-0.416,-0.34,26.6,3.7,-2.9,-0.25
20.369448,226,0.16,12.2,0,0,0.007,-0.416,-0.34,26.6,3.7,-2.9,-0.25
20.379448,250,0.16,12.2,0,0,0.007,-0.416,-0.34,26.6,3.7,-2.9,-0.25
20.389448,195,0.07,12.7,0,0,-0.123,-0.349,-0.623,15,2.5,-3.9,-0.24
20.399448,210,0.07,12.7,0,0,-0.123,-0.349,-0.623,15,2.5,-3.9,-0.24
20.409448,209,0.07,12.7,0,0,-0.123,-0.349,-0.623,15,2.5,-3.9,-0.24
20.419448,217,0.07,12.7,0,0,-0.123,-0.349,-0.623,15,2.5,-3.9,-0.24
20.429448,274,0.07,12.7,0,0,-0.123,-0.349,-0.623,15,2.5,-3.9,-0.24
20.439448,249,0.27,16.7,0,0,-0.148,-0.29,-0.923,24.8,2,-2.7,-0.26
20.449448,233,0.27,16.7,0,0,-0.148,-0.29,-0.923,24.8,2,-2.7,-0.26
20.459448,193,0.27,16.7,0,0,-0.148,-0.29,-0.923,24.8,2,-2.7,-0.26
20.469448,220,0.27,16.7,0,0,-0.148,-0.29,-0.923,24.8,2,-2.7,-0.26
20.479448,264,0.27,16.7,0,0,-0.148,-0.29,-0.923,24.8,2,-2.7,-0.26
20.489448,203,0.23,17,0,0,-0.102,-0.093,-1.171,27,1.8,-3.5,-0.15
20.499448,220,0.23,17,0,0,-0.102,-0.093,-1.171,27,1.8,-3.5,-0.15
20.509448,238,0.23,17,0,0,-0.102,-0.093,-1.171,27,1.8,-3.5,-0.15
20.519448,206,0.23,17,0,0,-0.102,-0.093,-1.171,27,1.8,-3.5,-0.15
20.529448,252,0.23,17,0,0,-0.102,-0.093,-1.171,27,1.8,-3.5,-0.15
20.539448,241,0.31,18.1,0,0,-0.077,0.367,-1.644,23.8,-0.4,-3.5,-0.08
20.549448,224,0.31,18.1,0,0,-0.077,0.367,-1.644,23.8,-0.4,-3.5,-0.08
20.559448,219,0.31,18.1,0,0,-0.077,0.367,-1.644,23.8,-0.4,-3.5,-0.08
20.569448,231,0.31,18.1,0,0,-0.077,0.367,-1.644,23.8,-0.4,-3.5,-0.08
20.579448,263,0.31,18.1,0,0,-0.077,0.367,-1.644,23.8,-0.4,-3.5,-0.08
20.589448,200,0.3,17.7,0,0,-0.059,0.617,-1.806,25.5,1.2,-1.2,-0.12
20.599448,207,0.3,17.7,0,0,-0.059,0.617,-1.806,25.5,1.2,-1.2,-0.12
20.609448,265,0.3,17.7,0,0,-0.059,0.617,-1.806,25.5,1.2,-1.2,-0.12
20.619448,216,0.3,17.7,0,0,-0.059,0.617,-1.806,25.5,1.2,-1.2,-0.12
20.629448,218,0.3,17.7,0,0,-0.059,0.617,-1.806,25.5,1.2,-1.2,-0.12
20.639448,201,0.3,18.4,0,0,-0.064,0.578,-1.725,27.3,-0.2,-1,-0.09
20.649448,209,0.3,18.4,0,0,-0.064,0.578,-1.725,27.3,-0.2,-1,-0.09
20.659448,238,0.3,18.4,0,0,-0.064,0.578,-1.725,27.3,-0.2,-1,-0.09
20.669448,239,0.3,18.4,0,0,-0.064,0.578,-1.725,27.3,-0.2,-1,-0.09
20.679448,261,0.3,18.4,0,0,-0.064,0.578,-1.725,27.3,-0.2,-1,-0.09
20.689448,185,0.32,17.2,0,0,-0.029,0.612,-1.833,18.6,1,0,-0.05
20.699448,208,0.32,17.2,0,0,-0.029,0.612,-1.833,18.6,1,0,-0.05
20.709448,275,0.32,17.2,0,0,-0.029,0.612,-1.833,18.6,1,0,-0.05
20.719448,237,0.32,17.2,0,0,-0.029,0.612,-1.833,18.6,1,0,-0.05
20.729448,230,0.32,17.2,0,0,-0.029,0.612,-1.833,18.6,1,0,-0.05
20.739448,200,0.29,17,0,0,0.014,0.493,-1.382,12.3,2.7,-0.5,-0.08
20.749448,200,0.29,17,0,0,0.014,0.493,-1.382,12.3,2.7,-0.5,-0.08
20.759448,218,0.29,17,0,0,0.014,0.493,-1.382,12.3,2.7,-0.5,-0.08
20.769448,221,0.29,17,0,0,0.014,0.493,-1.382,12.3,2.7,-0.5,-0.08
20.779448,262,0.29,17,0,0,0.014,0.493,-1.382,12.3,2.7,-0.5,-0.08
20.789448,221,0.28,17.2,0,0,-0.053,0.53,-1.345,21.2,3.2,-0.4,-0.14
20.799448,207,0.28,17.2,0,0,-0.053,0.53,-1.345,21.2,3.2,-0.4,-0.14
20.809448,210,0.28,17.2,0,0,-0.053,0.53,-1.345,21.2,3.2,-0.4,-0.14
20.819448,209,0.28,17.2,0,0,-0.053,0.53,-1.345,21.2,3.2,-0.4,-0.14
20.829448,255,0.28,17.2,0,0,-0.053,0.53,-1.345,21.2,3.2,-0.4,-0.14
20.839448,229,-0.02,13.6,0,0,0.004,0.318,-1.16,10.6,4.3,-1.1,-0.21
20.849448,218,-0.02,13.6,0,0,0.004,0.318,-1.16,10.6,4.3,-1.1,-0.21
20.859448,195,-0.02,13.6,0,0,0.004,0.318,-1.16,10.6,4.3,-1.1,-0.21
20.869448,187,-0.02,13.6,0,0,0.004,0.318,-1.16,10.6,4.3,-1.1,-0.21
20.879448,208,-0.02,13.6,0,0,0.004,0.318,-1.16,10.6,4.3,-1.1,-0.21
20.889448,209,-0.09,12.5,0,0,-0.052,-0.29,-0.889,24.3,4.4,-2.9,-0.2
20.899448,262,-0.09,12.5,0,0,-0.052,-0.29,-0.889,24.3,4.4,-2.9,-0.2
20.909448,229,-0.09,12.5,0,0,-0.052,-0.29,-0.889,24.3,4.4,-2.9,-0.2
20.919448,210,-0.09,12.5,0,0,-0.052,-0.29,-0.889,24.3,4.4,-2.9,-0.2
20.929448,203,-0.09,12.5,0,0,-0.052,-0.29,-0.889,24.3,4.4,-2.9,-0.2
20.939448,187,-0.14,18,0,0,-0.003,-0.582,-0.322,7.2,5.5,-2,-0.45
20.949448,237,-0.14,18,0,0,-0.003,-0.582,-0.322,7.2,5.5,-2,-0.45
20.959448,218,-0.14,18,0,0,-0.003,-0.582,-0.322,7.2,5.5,-2,-0.45
20.969448,238,-0.14,18,0,0,-0.003,-0.582,-0.322,7.2,5.5,-2,-0.45
20.979448,237,-0.14,18,0,0,-0.003,-0.582,-0.322,7.2,5.5,-2,-0.45
20.989448,196,0.01,12.6,0,0,-0.096,-0.352,-1.062,18.7,2.6,-2.8,-0.29
20.999448,255,0.01,12.6,0,0,-0.096,-0.352,-1.062,18.7,2.6,-2.8,-0.29
21.009448,249,0.01,12.6,0,0,-0.096,-0.352,-1.062,18.7,2.6,-2.8,-0.29
21.019448,227,0.01,12.6,0,0,-0.096,-0.352,-1.062,18.7,2.6,-2.8,-0.29
21.029448,251,0.01,12.6,0,0,-0.096,-0.352,-1.062,18.7,2.6,-2.8,-0.29
21.039448,247,0.27,18.7,0,0,-0.115,0.27,-1.554,30.2,-0.7,-3.5,-0.19
21.049448,233,0.27,18.7,0,0,-0.115,0.27,-1.554,30.2,-0.7,-3.5,-0.19
21.059448,200,0.27,18.7,0,0,-0.115,0.27,-1.554,30.2,-0.7,-3.5,-0.19
21.069448,237,0.27,18.7,0,0,-0.115,0.27,-1.554,30.2,-0.7,-3.5,-0.19
21.079448,264,0.27,18.7,0,0,-0.115,0.27,-1.554,30.2,-0.7,-3.5,-0.19
21.089448,195,0.23,18.2,0,0,0.035,0.683,-1.574,5.8,0.7,-1.2,-0.04
21.099448,232,0.23,18.2,0,0,0.035,0.683,-1.574,5.8,0.7,-1.2,-0.04
21.109448,271,0.23,18.2,0,0,0.035,0.683,-1.574,5.8,0.7,-1.2,-0.04
21.119448,199,0.23,18.2,0,0,0.035,0.683,-1.574,5.8,0.7,-1.2,-0.04
21.129448,227,0.23,18.2,0,0,0.035,0.683,-1.574,5.8,0.7,-1.2,-0.04
21.139448,245,0.25,17.5,0,0,0.098,0.723,-1.111,-5.2,1.5,0.1,0.02
21.149448,209,0.25,17.5,0,0,0.098,0.723,-1.111,-5.2,1.5,0.1,0.02
21.159448,246,0.25,17.5,0,0,0.098,0.723,-1.111,-5.2,1.5,0.1,0.02
21.169448,241,0.25,17.5,0,0,0.098,0.723,-1.111,-5.2,1.5,0.1,0.02
21.179448,237,0.25,17.5,0,0,0.098,0.723,-1.111,-5.2,1.5,0.1,0.02
21.189448,202,0.24,18.2,0,0,0.182,0.396,-0.992,-4.3,1.8,2.7,-0.01
21.199448,191,0.24,18.2,0,0,0.182,0.396,-0.992,-4.3,1.8,2.7,-0.01
21.209448,214,0.24,18.2,0,0,0.182,0.396,-0.992,-4.3,1.8,2.7,-0.01
21.219448,216,0.24,18.2,0,0,0.182,0.396,-0.992,-4.3,1.8,2.7,-0.01
21.229448,268,0.24,18.2,0,0,0.182,0.396,-0.992,-4.3,1.8,2.7,-0.01
21.239448,236,0.05,18.8,0,0,0.175,0.567,-0.776,-11,0.4,1.2,0.06
21.249448,200,0.05,18.8,0,0,0.175,0.567,-0.776,-11,0.4,1.2,0.06
21.259448,256,0.05,18.8,0,0,0.175,0.567,-0.776,-11,0.4,1.2,0.06
21.269448,250,0.05,18.8,0,0,0.175,0.567,-0.776,-11,0.4,1.2,0.06
21.279448,231,0.05,18.8,0,0,0.175,0.567,-0.776,-11,0.4,1.2,0.06
21.289448,252,-0.17,18.3,0,0,0.188,0.079,-0.896,-18.9,-5,3.5,-0.06
21.299448,250,-0.17,18.3,0,0,0.188,0.079,-0.896,-18.9,-5,3.5,-0.06
21.309448,235,-0.17,18.3,0,0,0.188,0.079,-0.896,-18.9,-5,3.5,-0.06
21.319448,201,-0.17,18.3,0,0,0.188,0.079,-0.896,-18.9,-5,3.5,-0.06
21.329448,238,-0.17,18.3,0,0,0.188,0.079,-0.896,-18.9,-5,3.5,-0.06
21.339448,263,-0.47,17.3,0,0,0.105,-0.404,-0.737,-14,-4.8,1.8,0
21.349448,197,-0.47,17.3,0,0,0.105,-0.404,-0.737,-14,-4.8,1.8,0
21.359448,233,-0.47,17.3,0,0,0.105,-0.404,-0.737,-14,-4.8,1.8,0
21.369448,266,-0.47,17.3,0,0,0.105,-0.404,-0.737,-14,-4.8,1.8,0
21.379448,198,-0.47,17.3,0,0,0.105,-0.404,-0.737,-14,-4.8,1.8,0
21.389448,228,-0.37,17,0,0,-0.033,-0.849,-0.723,-12.5,-0.1,1.4,-0.32
21.399448,242,-0.37,17,0,0,-0.033,-0.849,-0.723,-12.5,-0.1,1.4,-0.32
21.409448,208,-0.37,17,0,0,-0.033,-0.849,-0.723,-12.5,-0.1,1.4,-0.32
21.419448,245,-0.37,17,0,0,-0.033,-0.849,-0.723,-12.5,-0.1,1.4,-0.32
21.429448,236,-0.37,17,0,0,-0.033,-0.849,-0.723,-12.5,-0.1,1.4,-0.32
21.439448,235,-0.53,16.3,0,0,-0.079,-0.895,-0.805,-15.5,-0.6,0.8,-0.18
21.449448,213,-0.53,16.3,0,0,-0.079,-0.895,-0.805,-15.5,-0.6,0.8,-0.18
21.459448,194,-0.53,16.3,0,0,-0.079,-0.895,-0.805,-15.5,-0.6,0.8,-0.18
21.469448,244,-0.53,16.3,0,0,-0.079,-0.895,-0.805,-15.5,-0.6,0.8,-0.18
21.479448,222,-0.53,16.3,0,0,-0.079,-0.895,-0.805,-15.5,-0.6,0.8,-0.18
21.489448,240,-0.21,17.9,0,0,-0.091,-0.865,-0.575,1.5,0.9,-0.7,-0.38
21.499448,235,-0.21,17.9,0,0,-0.091,-0.865,-0.575,1.5,0.9,-0.7,-0.38
21.509448,197,-0.21,17.9,0,0,-0.091,-0.865,-0.575,1.5,0.9,-0.7,-0.38
21.519448,256,-0.21,17.9,0,0,-0.091,-0.865,-0.575,1.5,0.9,-0.7,-0.38
21.529448,245,-0.21,17.9,0,0,-0.091,-0.865,-0.575,1.5,0.9,-0.7,-0.38
21.539448,223,-0.13,10.4,0,0,-0.107,-0.433,-1.196,14.5,2.5,-2.2,-0.2
21.549448,259,-0.13,10.4,0,0,-0.107,-0.433,-1.196,14.5,2.5,-2.2,-0.2
21.559448,250,-0.13,10.4,0,0,-0.107,-0.433,-1.196,14.5,2.5,-2.2,-0.2
21.569448,234,-0.13,10.4,0,0,-0.107,-0.433,-1.196,14.5,2.5,-2.2,-0.2
21.579448,208,-0.13,10.4,0,0,-0.107,-0.433,-1.196,14.5,2.5,-2.2,-0.2
21.589448,241,0.22,18.6,0,0,-0.065,0.5,-1.791,21.3,-1,-2.9,-0.28
21.599448,265,0.22,18.6,0,0,-0.065,0.5,-1.791,21.3,-1,-2.9,-0.28
21.609448,202,0.22,18.6,0,0,-0.065,0.5,-1.791,21.3,-1,-2.9,-0.28
21.619448,235,0.22,18.6,0,0,-0.065,0.5,-1.791,21.3,-1,-2.9,-0.28
21.629448,262,0.22,18.6,0,0,-0.065,0.5,-1.791,21.3,-1,-2.9,-0.28
21.639448,197,0.22,17.3,0,0,0.062,0.72,-1.418,0.1,0.1,-0.4,-0.15
21.649448,229,0.22,17.3,0,0,0.062,0.72,-1.418,0.1,0.1,-0.4,-0.15
21.659448,244,0.22,17.3,0,0,0.062,0.72,-1.418,0.1,0.1,-0.4,-0.15
21.669448,198,0.22,17.3,0,0,0.062,0.72,-1.418,0.1,0.1,-0.4,-0.15
21.679448,249,0.22,17.3,0,0,0.062,0.72,-1.418,0.1,0.1,-0.4,-0.15
21.689448,249,0.27,16.8,0,0,0.108,0.722,-1.019,-4.2,1.2,0.5,-0.11
21.699448,226,0.27,16.8,0,0,0.108,0.722,-1.019,-4.2,1.2,0.5,-0.11
21.709448,214,0.27,16.8,0,0,0.108,0.722,-1.019,-4.2,1.2,0.5,-0.11
21.719448,213,0.27,16.8,0,0,0.108,0.722,-1.019,-4.2,1.2,0.5,-0.11
21.729448,260,0.27,16.8,0,0,0.108,0.722,-1.019,-4.2,1.2,0.5,-0.11
21.739448,224,0.3,17.3,0,0,0.205,0.674,-0.929,-8.5,0.1,2.3,-0.06
21.749448,212,0.3,17.3,0,0,0.205,0.674,-0.929,-8.5,0.1,2.3,-0.06
21.759448,251,0.3,17.3,0,0,0.205,0.674,-0.929,-8.5,0.1,2.3,-0.06
21.769448,228,0.3,17.3,0,0,0.205,0.674,-0.929,-8.5,0.1,2.3,-0.06
21.779448,233,0.3,17.3,0,0,0.205,0.674,-0.929,-8.5,0.1,2.3,-0.06
21.789448,211,0.16,18.9,0,0,0.249,0.538,-0.57,-15.2,-1.5,1.4,0.03
21.799448,203,0.16,18.9,0,0,0.249,0.538,-0.57,-15.2,-1.5,1.4,0.03
21.809448,260,0.16,18.9,0,0,0.249,0.538,-0.57,-15.2,-1.5,1.4,0.03
21.819448,250,0.16,18.9,0,0,0.249,0.538,-0.57,-15.2,-1.5,1.4,0.03
21.829448,233,0.16,18.9,0,0,0.249,0.538,-0.57,-15.2,-1.5,1.4,0.03
21.839448,212,-0.08,18.6,0,0,0.162,-0.224,-0.895,-19.9,-4.3,3.5,0.02
21.849448,245,-0.08,18.6,0,0,0.162,-0.224,-0.895,-19.9,-4.3,3.5,0.02
21.859448,266,-0.08,18.6,0,0,0.162,-0.224,-0.895,-19.9,-4.3,3.5,0.02
21.869448,202,-0.08,18.6,0,0,0.162,-0.224,-0.895,-19.9,-4.3,3.5,0.02
21.879448,236,-0.08,18.6,0,0,0.162,-0.224,-0.895,-19.9,-4.3,3.5,0.02
21.889448,260,-0.29,18,0,0,0.03,-0.615,-0.764,-11.7,-3.2,2,0.11
21.899448,198,-0.29,18,0,0,0.03,-0.615,-0.764,-11.7,-3.2,2,0.11
21.909448,232,-0.29,18,0,0,0.03,-0.615,-0.764,-11.7,-3.2,2,0.11
21.919448,239,-0.29,18,0,0,0.03,-0.615,-0.764,-11.7,-3.2,2,0.11
21.929448,195,-0.29,18,0,0,0.03,-0.615,-0.764,-11.7,-3.2,2,0.11
21.939448,250,-0.03,18.6,0,0,-0.069,-0.806,-0.875,-14.5,-1.8,0.6,0.08
21.949448,245,-0.03,18.6,0,0,-0.069,-0.806,-0.875,-14.5,-1.8,0.6,0.08
21.959448,223,-0.03,18.6,0,0,-0.069,-0.806,-0.875,-14.5,-1.8,0.6,0.08
21.969448,195,-0.03,18.6,0,0,-0.069,-0.806,-0.875,-14.5,-1.8,0.6,0.08
21.979448,188,-0.03,18.6,0,0,-0.069,-0.806,-0.875,-14.5,-1.8,0.6,0.08
21.989448,211,-0.05,18.6,0,0,0.009,-0.244,-0.925,-13.9,-6.5,1,0.08
21.999448,219,-0.05,18.6,0,0,0.009,-0.244,-0.925,-13.9,-6.5,1,0.08
22.009448,270,-0.05,18.6,0,0,0.009,-0.244,-0.925,-13.9,-6.5,1,0.08
22.019448,221,-0.05,18.6,0,0,0.009,-0.244,-0.925,-13.9,-6.5,1,0.08
22.029448,199,-0.05,18.6,0,0,0.009,-0.244,-0.925,-13.9,-6.5,1,0.08
22.039448,259,-0.19,18.2,0,0,0.019,-0.789,-0.764,-13.4,-1.4,1.4,-0.21
22.049448,250,-0.19,18.2,0,0,0.019,-0.789,-0.764,-13.4,-1.4,1.4,-0.21
22.059448,236,-0.19,18.2,0,0,0.019,-0.789,-0.764,-13.4,-1.4,1.4,-0.21
22.069448,212,-0.19,18.2,0,0,0.019,-0.789,-0.764,-13.4,-1.4,1.4,-0.21
22.079448,242,-0.19,18.2,0,0,0.019,-0.789,-0.764,-13.4,-1.4,1.4,-0.21
22.089448,263,-0.59,14.4,0,0,-0.101,-0.791,-0.971,7.6,1.5,-0.1,-0.28
22.099448,200,-0.59,14.4,0,0,-0.101,-0.791,-0.971,7.6,1.5,-0.1,-0.28
22.109448,243,-0.59,14.4,0,0,-0.101,-0.791,-0.971,7.6,1.5,-0.1,-0.28
22.119448,262,-0.59,14.4,0,0,-0.101,-0.791,-0.971,7.6,1.5,-0.1,-0.28
22.129448,196,-0.59,14.4,0,0,-0.101,-0.791,-0.971,7.6,1.5,-0.1,-0.28
22.139448,242,-0.2,17.9,0,0,-0.125,0.001,-1.101,31,-0.1,-3.2,-0.41
22.149448,246,-0.2,17.9,0,0,-0.125,0.001,-1.101,31,-0.1,-3.2,-0.41
22.159448,194,-0.2,17.9,0,0,-0.125,0.001,-1.101,31,-0.1,-3.2,-0.41
22.169448,252,-0.2,17.9,0,0,-0.125,0.001,-1.101,31,-0.1,-3.2,-0.41
22.179448,244,-0.2,17.9,0,0,-0.125,0.001,-1.101,31,-0.1,-3.2,-0.41
22.189448,212,-0.13,10.4,0,0,0,0.47,-1.601,15.9,1,-2.4,-0.16
22.199448,251,-0.13,10.4,0,0,0,0.47,-1.601,15.9,1,-2.4,-0.16
22.209448,249,-0.13,10.4,0,0,0,0.47,-1.601,15.9,1,-2.4,-0.16
22.219448,237,-0.13,10.4,0,0,0,0.47,-1.601,15.9,1,-2.4,-0.16
22.229448,206,-0.13,10.4,0,0,0,0.47,-1.601,15.9,1,-2.4,-0.16
22.239448,218,0.04,13.5,0,0,0.003,0.715,-1.606,4.8,1,-1.3,-0.44
22.249448,264,0.04,13.5,0,0,0.003,0.715,-1.606,4.8,1,-1.3,-0.44
22.259448,210,0.04,13.5,0,0,0.003,0.715,-1.606,4.8,1,-1.3,-0.44
22.269448,217,0.04,13.5,0,0,0.003,0.715,-1.606,4.8,1,-1.3,-0.44
22.279448,263,0.04,13.5,0,0,0.003,0.715,-1.606,4.8,1,-1.3,-0.44
22.289448,207,0.18,12.8,0,0,0.103,0.709,-1.375,-0.9,1,1.1,-0.23
22.299448,221,0.18,12.8,0,0,0.103,0.709,-1.375,-0.9,1,1.1,-0.23
22.309448,232,0.18,12.8,0,0,0.103,0.709,-1.375,-0.9,1,1.1,-0.23
22.319448,216,0.18,12.8,0,0,0.103,0.709,-1.375,-0.9,1,1.1,-0.23
22.329448,262,0.18,12.8,0,0,0.103,0.709,-1.375,-0.9,1,1.1,-0.23
22.339448,249,0.25,18.7,0,0,0.184,0.622,-0.936,-13.1,0.9,1.3,-0.15
22.349448,224,0.25,18.7,0,0,0.184,0.622,-0.936,-13.1,0.9,1.3,-0.15
22.359448,204,0.25,18.7,0,0,0.184,0.622,-0.936,-13.1,0.9,1.3,-0.15
22.369448,242,0.25,18.7,0,0,0.184,0.622,-0.936,-13.1,0.9,1.3,-0.15
22.379448,261,0.25,18.7,0,0,0.184,0.622,-0.936,-13.1,0.9,1.3,-0.15
22.389448,199,0.22,18.4,0,0,0.182,0.135,-0.881,-15.9,-4.6,3.4,0
22.399448,241,0.22,18.4,0,0,0.182,0.135,-0.881,-15.9,-4.6,3.4,0
22.409448,263,0.22,18.4,0,0,0.182,0.135,-0.881,-15.9,-4.6,3.4,0
22.419448,197,0.22,18.4,0,0,0.182,0.135,-0.881,-15.9,-4.6,3.4,0
22.429448,233,0.22,18.4,0,0,0.182,0.135,-0.881,-15.9,-4.6,3.4,0
22.439448,245,0.05,18.7,0,0,0.114,-0.333,-0.772,-13.2,-4.4,1.9,0.06
22.4494480000001,201,0.05,18.7,0,0,0.114,-0.333,-0.772,-13.2,-4.4,1.9,0.06
22.459448,250,0.05,18.7,0,0,0.114,-0.333,-0.772,-13.2,-4.4,1.9,0.06
22.469448,250,0.05,18.7,0,0,0.114,-0.333,-0.772,-13.2,-4.4,1.9,0.06
22.479448,228,0.05,18.7,0,0,0.114,-0.333,-0.772,-13.2,-4.4,1.9,0.06
22.489448,220,-0.09,18.5,0,0,-0.012,-0.785,-0.783,-13.4,-0.7,1.7,0.04
22.4994480000001,231,-0.09,18.5,0,0,-0.012,-0.785,-0.783,-13.4,-0.7,1.7,0.04
22.509448,262,-0.09,18.5,0,0,-0.012,-0.785,-0.783,-13.4,-0.7,1.7,0.04
22.5194480000001,211,-0.09,18.5,0,0,-0.012,-0.785,-0.783,-13.4,-0.7,1.7,0.04
22.529448,225,-0.09,18.5,0,0,-0.012,-0.785,-0.783,-13.4,-0.7,1.7,0.04
22.539448,261,-0.24,18.2,0,0,-0.114,-0.915,-0.931,-1.9,-0.1,0.6,0.06
22.5494480000001,215,-0.24,18.2,0,0,-0.114,-0.915,-0.931,-1.9,-0.1,0.6,0.06
22.559448,236,-0.24,18.2,0,0,-0.114,-0.915,-0.931,-1.9,-0.1,0.6,0.06
22.5694480000001,223,-0.24,18.2,0,0,-0.114,-0.915,-0.931,-1.9,-0.1,0.6,0.06
22.579448,199,-0.24,18.2,0,0,-0.114,-0.915,-0.931,-1.9,-0.1,0.6,0.06
22.5894480000001,262,-0.16,18.2,0,0,-0.15,-0.543,-0.467,22,1.5,-2.7,-0.32
22.5994480000001,236,-0.16,18.2,0,0,-0.15,-0.543,-0.467,22,1.5,-2.7,-0.32
22.6094480000001,217,-0.16,18.2,0,0,-0.15,-0.543,-0.467,22,1.5,-2.7,-0.32
22.6194480000001,256,-0.16,18.2,0,0,-0.15,-0.543,-0.467,22,1.5,-2.7,-0.32
22.629448,250,-0.16,18.2,0,0,-0.15,-0.543,-0.467,22,1.5,-2.7,-0.32
22.6394480000001,229,-0.61,11.7,0,0,-0.063,-0.145,-1.273,15.6,2.7,-3.4,-0.39
22.6494480000001,203,-0.61,11.7,0,0,-0.063,-0.145,-1.273,15.6,2.7,-3.4,-0.39
22.6594480000001,240,-0.61,11.7,0,0,-0.063,-0.145,-1.273,15.6,2.7,-3.4,-0.39
22.6694480000001,258,-0.61,11.7,0,0,-0.063,-0.145,-1.273,15.6,2.7,-3.4,-0.39
22.6794480000001,195,-0.61,11.7,0,0,-0.063,-0.145,-1.273,15.6,2.7,-3.4,-0.39
22.6894480000001,238,-0.13,18.1,0,0,-0.032,0.607,-1.829,14.2,-0.4,-2.4,-0.43
22.6994480000001,266,-0.13,18.1,0,0,-0.032,0.607,-1.829,14.2,-0.4,-2.4,-0.43
22.7094480000001,193,-0.13,18.1,0,0,-0.032,0.607,-1.829,14.2,-0.4,-2.4,-0.43
22.7194480000001,231,-0.13,18.1,0,0,-0.032,0.607,-1.829,14.2,-0.4,-2.4,-0.43
22.7294480000001,250,-0.13,18.1,0,0,-0.032,0.607,-1.829,14.2,-0.4,-2.4,-0.43
22.7394480000001,207,-0.04,12,0,0,0.073,-0.524,-0.811,-6,-0.1,0.6,-0.26
22.7494480000001,251,-0.04,12,0,0,0.073,-0.524,-0.811,-6,-0.1,0.6,-0.26
22.7594480000001,250,-0.04,12,0,0,0.073,-0.524,-0.811,-6,-0.1,0.6,-0.26
22.7694480000001,231,-0.04,12,0,0,0.073,-0.524,-0.811,-6,-0.1,0.6,-0.26
22.7794480000001,218,-0.04,12,0,0,0.073,-0.524,-0.811,-6,-0.1,0.6,-0.26
22.7894480000001,237,0.23,18.6,0,0,-0.049,-0.897,-0.568,-7.5,1.5,0.6,-0.21
22.7994480000001,262,0.23,18.6,0,0,-0.049,-0.897,-0.568,-7.5,1.5,0.6,-0.21
22.8094480000001,207,0.23,18.6,0,0,-0.049,-0.897,-0.568,-7.5,1.5,0.6,-0.21
22.8194480000001,240,0.23,18.6,0,0,-0.049,-0.897,-0.568,-7.5,1.5,0.6,-0.21
22.8294480000001,260,0.23,18.6,0,0,-0.049,-0.897,-0.568,-7.5,1.5,0.6,-0.21
22.8394480000001,198,0.27,18,0,0,-0.115,-0.708,-1.105,9.5,2.1,-1.1,-0.06
22.8494480000001,245,0.27,18,0,0,-0.115,-0.708,-1.105,9.5,2.1,-1.1,-0.06
22.8594480000001,242,0.27,18,0,0,-0.115,-0.708,-1.105,9.5,2.1,-1.1,-0.06
22.8694480000001,195,0.27,18,0,0,-0.115,-0.708,-1.105,9.5,2.1,-1.1,-0.06
22.8794480000001,257,0.27,18,0,0,-0.115,-0.708,-1.105,9.5,2.1,-1.1,-0.06
22.8894480000001,242,0.09,18.8,0,0,-0.11,0.199,-1.353,32.8,-0.7,-3.1,0.06
22.8994480000001,207,0.09,18.8,0,0,-0.11,0.199,-1.353,32.8,-0.7,-3.1,0.06
22.9094480000001,257,0.09,18.8,0,0,-0.11,0.199,-1.353,32.8,-0.7,-3.1,0.06
22.9194480000001,250,0.09,18.8,0,0,-0.11,0.199,-1.353,32.8,-0.7,-3.1,0.06
22.9294480000001,230,0.09,18.8,0,0,-0.11,0.199,-1.353,32.8,-0.7,-3.1,0.06
22.9394480000001,219,-0.07,18.5,0,0,0.03,0.618,-1.425,5.6,0.6,-2,0.05
22.9494480000001,241,-0.07,18.5,0,0,0.03,0.618,-1.425,5.6,0.6,-2,0.05
22.9594480000001,259,-0.07,18.5,0,0,0.03,0.618,-1.425,5.6,0.6,-2,0.05
22.9694480000001,200,-0.07,18.5,0,0,0.03,0.618,-1.425,5.6,0.6,-2,0.05
22.9794480000001,227,-0.07,18.5,0,0,0.03,0.618,-1.425,5.6,0.6,-2,0.05
22.9894480000001,260,-0.16,18.3,0,0,0.063,0.71,-1.395,-3.9,1.5,-0.1,0.1
22.9994480000001,203,-0.16,18.3,0,0,0.063,0.71,-1.395,-3.9,1.5,-0.1,0.1
23.0094480000001,228,-0.16,18.3,0,0,0.063,0.71,-1.395,-3.9,1.5,-0.1,0.1
23.0194480000001,232,-0.16,18.3,0,0,0.063,0.71,-1.395,-3.9,1.5,-0.1,0.1
23.0294480000001,196,-0.16,18.3,0,0,0.063,0.71,-1.395,-3.9,1.5,-0.1,0.1
23.0394480000001,243,-0.2,18.2,0,0,0.155,0.542,-1.284,-6.2,1.2,2.4,0.1
23.0494480000001,228,-0.2,18.2,0,0,0.155,0.542,-1.284,-6.2,1.2,2.4,0.1
23.0594480000001,235,-0.2,18.2,0,0,0.155,0.542,-1.284,-6.2,1.2,2.4,0.1
23.0694480000001,235,-0.2,18.2,0,0,0.155,0.542,-1.284,-6.2,1.2,2.4,0.1
23.0794480000001,194,-0.2,18.2,0,0,0.155,0.542,-1.284,-6.2,1.2,2.4,0.1
23.0894480000001,230,-0.21,18.3,0,0,0.186,0.433,-1.305,-9.3,1.6,3.2,0.09
23.0994480000001,224,-0.21,18.3,0,0,0.186,0.433,-1.305,-9.3,1.6,3.2,0.09
23.1094480000001,248,-0.21,18.3,0,0,0.186,0.433,-1.305,-9.3,1.6,3.2,0.09
23.1194480000001,233,-0.21,18.3,0,0,0.186,0.433,-1.305,-9.3,1.6,3.2,0.09
23.1294480000001,193,-0.21,18.3,0,0,0.186,0.433,-1.305,-9.3,1.6,3.2,0.09
23.1394480000001,259,-0.17,18.2,0,0,0.16,0.502,-0.921,-10.8,-3.6,2.2,-0.32
23.1494480000001,242,-0.17,18.2,0,0,0.16,0.502,-0.921,-10.8,-3.6,2.2,-0.32
23.1594480000001,221,-0.17,18.2,0,0,0.16,0.502,-0.921,-10.8,-3.6,2.2,-0.32
23.1694480000001,256,-0.17,18.2,0,0,0.16,0.502,-0.921,-10.8,-3.6,2.2,-0.32
23.1794480000001,250,-0.17,18.2,0,0,0.16,0.502,-0.921,-10.8,-3.6,2.2,-0.32
23.1894480000001,232,-0.63,9,0,0,0.181,0.1,-0.522,-14.6,-5.3,1.5,-0.35
23.1994480000001,204,-0.63,9,0,0,0.181,0.1,-0.522,-14.6,-5.3,1.5,-0.35
23.2094480000001,238,-0.63,9,0,0,0.181,0.1,-0.522,-14.6,-5.3,1.5,-0.35
23.2194480000001,259,-0.63,9,0,0,0.181,0.1,-0.522,-14.6,-5.3,1.5,-0.35
23.2294480000001,193,-0.63,9,0,0,0.181,0.1,-0.522,-14.6,-5.3,1.5,-0.35
23.2394480000001,231,-0.21,17.4,0,0,0.078,-0.555,-0.84,-18.4,-3.7,2.5,-0.42
23.2494480000001,268,-0.21,17.4,0,0,0.078,-0.555,-0.84,-18.4,-3.7,2.5,-0.42
23.2594480000001,200,-0.21,17.4,0,0,0.078,-0.555,-0.84,-18.4,-3.7,2.5,-0.42
23.2694480000001,229,-0.21,17.4,0,0,0.078,-0.555,-0.84,-18.4,-3.7,2.5,-0.42
23.2794480000001,238,-0.21,17.4,0,0,0.078,-0.555,-0.84,-18.4,-3.7,2.5,-0.42
23.2894480000001,208,-0.05,11.4,0,0,-0.057,-0.776,-0.8,-4.8,-1.5,1.4,-0.33
23.2994480000001,258,-0.05,11.4,0,0,-0.057,-0.776,-0.8,-4.8,-1.5,1.4,-0.33
23.3094480000001,250,-0.05,11.4,0,0,-0.057,-0.776,-0.8,-4.8,-1.5,1.4,-0.33
23.3194480000001,234,-0.05,11.4,0,0,-0.057,-0.776,-0.8,-4.8,-1.5,1.4,-0.33
23.3294480000001,219,-0.05,11.4,0,0,-0.057,-0.776,-0.8,-4.8,-1.5,1.4,-0.33
23.3394480000001,249,0.23,18.7,0,0,-0.119,-0.618,-0.352,19.8,2.4,-2.3,-0.17
23.3494480000001,260,0.23,18.7,0,0,-0.119,-0.618,-0.352,19.8,2.4,-2.3,-0.17
23.3594480000001,199,0.23,18.7,0,0,-0.119,-0.618,-0.352,19.8,2.4,-2.3,-0.17
23.3694480000001,249,0.23,18.7,0,0,-0.119,-0.618,-0.352,19.8,2.4,-2.3,-0.17
23.3794480000001,262,0.23,18.7,0,0,-0.119,-0.618,-0.352,19.8,2.4,-2.3,-0.17
23.3894480000001,197,0.21,18.5,0,0,-0.039,0.068,-1.329,9.6,2.6,-3.2,0.01
23.3994480000001,247,0.21,18.5,0,0,-0.039,0.068,-1.329,9.6,2.6,-3.2,0.01
23.4094480000001,264,0.21,18.5,0,0,-0.039,0.068,-1.329,9.6,2.6,-3.2,0.01
23.4194480000001,196,0.21,18.5,0,0,-0.039,0.068,-1.329,9.6,2.6,-3.2,0.01
23.4294480000001,238,0.21,18.5,0,0,-0.039,0.068,-1.329,9.6,2.6,-3.2,0.01
23.4394480000001,249,-0.08,18.6,0,0,0.027,0.687,-1.788,0.4,0.9,-0.6,0.08
23.4494480000001,204,-0.08,18.6,0,0,0.027,0.687,-1.788,0.4,0.9,-0.6,0.08
23.4594480000001,255,-0.08,18.6,0,0,0.027,0.687,-1.788,0.4,0.9,-0.6,0.08
23.4694480000001,250,-0.08,18.6,0,0,0.027,0.687,-1.788,0.4,0.9,-0.6,0.08
23.4794480000001,218,-0.08,18.6,0,0,0.027,0.687,-1.788,0.4,0.9,-0.6,0.08
23.4894480000001,253,-0.25,18.1,0,0,0.107,0.444,-0.879,-11.6,-3.4,2.4,-0.12
23.4994480000001,250,-0.25,18.1,0,0,0.107,0.444,-0.879,-11.6,-3.4,2.4,-0.12
23.5094480000001,237,-0.25,18.1,0,0,0.107,0.444,-0.879,-11.6,-3.4,2.4,-0.12
23.5194480000001,211,-0.25,18.1,0,0,0.107,0.444,-0.879,-11.6,-3.4,2.4,-0.12
23.5294480000001,231,-0.25,18.1,0,0,0.107,0.444,-0.879,-11.6,-3.4,2.4,-0.12
23.5394480000001,263,-0.52,15.7,0,0,0.178,0.078,-0.589,-14.2,-5,1.7,-0.32
23.5494480000001,203,-0.52,15.7,0,0,0.178,0.078,-0.589,-14.2,-5,1.7,-0.32
23.5594480000001,236,-0.52,15.7,0,0,0.178,0.078,-0.589,-14.2,-5,1.7,-0.32
23.5694480000001,272,-0.52,15.7,0,0,0.178,0.078,-0.589,-14.2,-5,1.7,-0.32
23.5794480000001,210,-0.52,15.7,0,0,0.178,0.078,-0.589,-14.2,-5,1.7,-0.32
23.5894480000001,245,-0.11,18.2,0,0,0.081,-0.763,-0.728,-17.8,-1,2.1,-0.39
23.5994480000001,240,-0.11,18.2,0,0,0.081,-0.763,-0.728,-17.8,-1,2.1,-0.39
23.6094480000001,200,-0.11,18.2,0,0,0.081,-0.763,-0.728,-17.8,-1,2.1,-0.39
23.6194480000001,262,-0.11,18.2,0,0,0.081,-0.763,-0.728,-17.8,-1,2.1,-0.39
23.6294480000001,245,-0.11,18.2,0,0,0.081,-0.763,-0.728,-17.8,-1,2.1,-0.39
23.6394480000001,208,0.15,14.1,0,0,-0.088,-0.715,-1.112,9.6,1.7,-0.1,-0.22
23.6494480000001,261,0.15,14.1,0,0,-0.088,-0.715,-1.112,9.6,1.7,-0.1,-0.22
23.6594480000001,250,0.15,14.1,0,0,-0.088,-0.715,-1.112,9.6,1.7,-0.1,-0.22
23.6694480000001,221,0.15,14.1,0,0,-0.088,-0.715,-1.112,9.6,1.7,-0.1,-0.22
23.6794480000001,256,0.15,14.1,0,0,-0.088,-0.715,-1.112,9.6,1.7,-0.1,-0.22
23.6894480000001,250,0.24,18.7,0,0,-0.092,0.248,-1.357,31.2,-0.9,-3.1,-0.08
23.6994480000001,236,0.24,18.7,0,0,-0.092,0.248,-1.357,31.2,-0.9,-3.1,-0.08
23.7094480000001,212,0.24,18.7,0,0,-0.092,0.248,-1.357,31.2,-0.9,-3.1,-0.08
23.7194480000001,241,0.24,18.7,0,0,-0.092,0.248,-1.357,31.2,-0.9,-3.1,-0.08
23.7294480000001,262,0.24,18.7,0,0,-0.092,0.248,-1.357,31.2,-0.9,-3.1,-0.08
23.7394480000001,203,0.17,18.6,0,0,0.056,0.608,-1.427,5.8,0.6,-1.4,0.03
23.7494480000001,233,0.17,18.6,0,0,0.056,0.608,-1.427,5.8,0.6,-1.4,0.03
23.7594480000001,258,0.17,18.6,0,0,0.056,0.608,-1.427,5.8,0.6,-1.4,0.03
23.7694480000001,199,0.17,18.6,0,0,0.056,0.608,-1.427,5.8,0.6,-1.4,0.03
23.7794480000001,232,0.17,18.6,0,0,0.056,0.608,-1.427,5.8,0.6,-1.4,0.03
23.7894480000001,246,-0.12,18.4,0,0,0.074,0.654,-1.197,-10.6,0.4,0.1,0.1
23.7994480000001,204,-0.12,18.4,0,0,0.074,0.654,-1.197,-10.6,0.4,0.1,0.1
23.8094480000001,259,-0.12,18.4,0,0,0.074,0.654,-1.197,-10.6,0.4,0.1,0.1
23.8194480000001,251,-0.12,18.4,0,0,0.074,0.654,-1.197,-10.6,0.4,0.1,0.1
23.8294480000001,215,-0.12,18.4,0,0,0.074,0.654,-1.197,-10.6,0.4,0.1,0.1
23.8394480000001,264,-0.14,18.2,0,0,0.152,-0.021,-1.055,-15.3,-4.6,4,-0.3
23.8494480000001,250,-0.14,18.2,0,0,0.152,-0.021,-1.055,-15.3,-4.6,4,-0.3
23.8594480000001,227,-0.14,18.2,0,0,0.152,-0.021,-1.055,-15.3,-4.6,4,-0.3
23.8694480000001,254,-0.14,18.2,0,0,0.152,-0.021,-1.055,-15.3,-4.6,4,-0.3
23.8794480000001,250,-0.14,18.2,0,0,0.152,-0.021,-1.055,-15.3,-4.6,4,-0.3
23.8894480000001,235,-0.46,8.6,0,0,0.07,-0.546,-0.719,-3.6,-2.8,1.4,-0.46
23.8994480000001,210,-0.46,8.6,0,0,0.07,-0.546,-0.719,-3.6,-2.8,1.4,-0.46
23.9094480000001,250,-0.46,8.6,0,0,0.07,-0.546,-0.719,-3.6,-2.8,1.4,-0.46
23.9194480000001,258,-0.46,8.6,0,0,0.07,-0.546,-0.719,-3.6,-2.8,1.4,-0.46
23.9294480000001,198,-0.46,8.6,0,0,0.07,-0.546,-0.719,-3.6,-2.8,1.4,-0.46
23.9394480000001,245,-0.01,18.4,0,0,-0.105,-0.693,-0.407,8.2,2.6,-1.4,-0.4
23.9494480000001,258,-0.01,18.4,0,0,-0.105,-0.693,-0.407,8.2,2.6,-1.4,-0.4
23.9594480000001,196,-0.01,18.4,0,0,-0.105,-0.693,-0.407,8.2,2.6,-1.4,-0.4
23.9694480000001,244,-0.01,18.4,0,0,-0.105,-0.693,-0.407,8.2,2.6,-1.4,-0.4
23.9794480000001,247,-0.01,18.4,0,0,-0.105,-0.693,-0.407,8.2,2.6,-1.4,-0.4
23.9894480000001,194,0.15,14.6,0,0,-0.07,-0.158,-1.254,16,2,-2.4,-0.2
23.9994480000001,253,0.15,14.6,0,0,-0.07,-0.158,-1.254,16,2,-2.4,-0.2
24.0094480000001,248,0.15,14.6,0,0,-0.07,-0.158,-1.254,16,2,-2.4,-0.2
24.0194480000001,215,0.15,14.6,0,0,-0.07,-0.158,-1.254,16,2,-2.4,-0.2
24.0294480000001,253,0.15,14.6,0,0,-0.07,-0.158,-1.254,16,2,-2.4,-0.2
24.0394480000001,249,0.23,18.7,0,0,-0.015,0.51,-1.701,19.3,-0.6,-2.6,-0.06
24.0494480000001,236,0.23,18.7,0,0,-0.015,0.51,-1.701,19.3,-0.6,-2.6,-0.06
24.0594480000001,211,0.23,18.7,0,0,-0.015,0.51,-1.701,19.3,-0.6,-2.6,-0.06
24.0694480000001,238,0.23,18.7,0,0,-0.015,0.51,-1.701,19.3,-0.6,-2.6,-0.06
24.0794480000001,266,0.23,18.7,0,0,-0.015,0.51,-1.701,19.3,-0.6,-2.6,-0.06
24.0894480000001,208,0.09,18.7,0,0,0.056,0.767,-1.158,-1,-1.7,0.1,0.07
24.0994480000001,245,0.09,18.7,0,0,0.056,0.767,-1.158,-1,-1.7,0.1,0.07
24.1094480000001,261,0.09,18.7,0,0,0.056,0.767,-1.158,-1,-1.7,0.1,0.07
24.1194480000001,201,0.09,18.7,0,0,0.056,0.767,-1.158,-1,-1.7,0.1,0.07
24.1294480000001,251,0.09,18.7,0,0,0.056,0.767,-1.158,-1,-1.7,0.1,0.07
24.1394480000001,244,-0.24,18.1,0,0,0.15,0.352,-0.546,-19.3,-3.1,1,0.1
24.1494480000001,196,-0.24,18.1,0,0,0.15,0.352,-0.546,-19.3,-3.1,1,0.1
24.1594480000001,258,-0.24,18.1,0,0,0.15,0.352,-0.546,-19.3,-3.1,1,0.1
24.1694480000001,245,-0.24,18.1,0,0,0.15,0.352,-0.546,-19.3,-3.1,1,0.1
24.1794480000001,203,-0.24,18.1,0,0,0.15,0.352,-0.546,-19.3,-3.1,1,0.1
24.1894480000001,257,-0.16,18.1,0,0,0.134,-0.544,-0.907,-18.4,-2.9,2.6,-0.32
24.1994480000001,248,-0.16,18.1,0,0,0.134,-0.544,-0.907,-18.4,-2.9,2.6,-0.32
24.2094480000001,221,-0.16,18.1,0,0,0.134,-0.544,-0.907,-18.4,-2.9,2.6,-0.32
24.2194480000001,256,-0.16,18.1,0,0,0.134,-0.544,-0.907,-18.4,-2.9,2.6,-0.32
24.2294480000001,250,-0.16,18.1,0,0,0.134,-0.544,-0.907,-18.4,-2.9,2.6,-0.32
24.2394480000001,230,-0.58,9.3,0,0,-0.044,-0.734,-0.84,-4.5,-0.4,1,-0.41
24.2494480000001,205,-0.58,9.3,0,0,-0.044,-0.734,-0.84,-4.5,-0.4,1,-0.41
24.2594480000001,235,-0.58,9.3,0,0,-0.044,-0.734,-0.84,-4.5,-0.4,1,-0.41
24.2694480000001,260,-0.58,9.3,0,0,-0.044,-0.734,-0.84,-4.5,-0.4,1,-0.41
24.2794480000001,201,-0.58,9.3,0,0,-0.044,-0.734,-0.84,-4.5,-0.4,1,-0.41
24.2894480000001,234,-0.05,18.4,0,0,-0.113,-0.635,-0.477,13.7,3.2,-1.4,-0.41
24.2994480000001,267,-0.05,18.4,0,0,-0.113,-0.635,-0.477,13.7,3.2,-1.4,-0.41
24.3094480000001,201,-0.05,18.4,0,0,-0.113,-0.635,-0.477,13.7,3.2,-1.4,-0.41
24.3194480000001,235,-0.05,18.4,0,0,-0.113,-0.635,-0.477,13.7,3.2,-1.4,-0.41
24.3294480000001,252,-0.05,18.4,0,0,-0.113,-0.635,-0.477,13.7,3.2,-1.4,-0.41
24.3394480000001,214,0.25,16.2,0,0,-0.027,0.203,-1.372,4.1,2.2,-2.9,-0.16
24.3494480000001,265,0.25,16.2,0,0,-0.027,0.203,-1.372,4.1,2.2,-2.9,-0.16
24.3594480000001,251,0.25,16.2,0,0,-0.027,0.203,-1.372,4.1,2.2,-2.9,-0.16
24.3694480000001,210,0.25,16.2,0,0,-0.027,0.203,-1.372,4.1,2.2,-2.9,-0.16
24.3794480000001,260,0.25,16.2,0,0,-0.027,0.203,-1.372,4.1,2.2,-2.9,-0.16
24.3894480000001,251,0.14,18.8,0,0,0.074,0.703,-1.582,-11.8,0.9,0.6,0.03
24.3994480000001,222,0.14,18.8,0,0,0.074,0.703,-1.582,-11.8,0.9,0.6,0.03
24.4094480000001,262,0.14,18.8,0,0,0.074,0.703,-1.582,-11.8,0.9,0.6,0.03
24.4194480000001,250,0.14,18.8,0,0,0.074,0.703,-1.582,-11.8,0.9,0.6,0.03
24.4294480000001,228,0.14,18.8,0,0,0.074,0.703,-1.582,-11.8,0.9,0.6,0.03
24.4394480000001,212,-0.13,18.5,0,0,0.113,0.135,-0.948,-12.6,-5.1,3.4,-0.01
24.4494480000001,248,-0.13,18.5,0,0,0.113,0.135,-0.948,-12.6,-5.1,3.4,-0.01
24.4594480000001,265,-0.13,18.5,0,0,0.113,0.135,-0.948,-12.6,-5.1,3.4,-0.01
24.4694480000001,204,-0.13,18.5,0,0,0.113,0.135,-0.948,-12.6,-5.1,3.4,-0.01
24.4794480000001,244,-0.13,18.5,0,0,0.113,0.135,-0.948,-12.6,-5.1,3.4,-0.01
24.4894480000001,261,-0.44,17.6,0,0,0.083,-0.374,-0.697,-10.3,-4.4,1.5,0
24.4994480000001,193,-0.44,17.6,0,0,0.083,-0.374,-0.697,-10.3,-4.4,1.5,0
24.5094480000001,237,-0.44,17.6,0,0,0.083,-0.374,-0.697,-10.3,-4.4,1.5,0
24.5194480000001,248,-0.44,17.6,0,0,0.083,-0.374,-0.697,-10.3,-4.4,1.5,0
24.5294480000001,201,-0.44,17.6,0,0,0.083,-0.374,-0.697,-10.3,-4.4,1.5,0
24.5394480000001,255,-0.18,18,0,0,-0.027,-0.808,-0.709,-8.1,0.7,0.1,-0.35
24.5494480000001,238,-0.18,18,0,0,-0.027,-0.808,-0.709,-8.1,0.7,0.1,-0.35
24.5594480000001,207,-0.18,18,0,0,-0.027,-0.808,-0.709,-8.1,0.7,0.1,-0.35
24.5694480000001,260,-0.18,18,0,0,-0.027,-0.808,-0.709,-8.1,0.7,0.1,-0.35
24.5794480000001,250,-0.18,18,0,0,-0.027,-0.808,-0.709,-8.1,0.7,0.1,-0.35
24.5894480000001,233,-0.23,8.9,0,0,-0.108,-0.629,-1.165,9.8,2.2,-1.2,-0.35
24.5994480000001,219,-0.23,8.9,0,0,-0.108,-0.629,-1.165,9.8,2.2,-1.2,-0.35
24.6094480000001,250,-0.23,8.9,0,0,-0.108,-0.629,-1.165,9.8,2.2,-1.2,-0.35
24.6194480000001,261,-0.23,8.9,0,0,-0.108,-0.629,-1.165,9.8,2.2,-1.2,-0.35
24.6294480000001,200,-0.23,8.9,0,0,-0.108,-0.629,-1.165,9.8,2.2,-1.2,-0.35
24.6394480000001,252,0.15,18.7,0,0,-0.075,0.343,-1.533,32.3,-1,-3,-0.28
24.6494480000001,262,0.15,18.7,0,0,-0.075,0.343,-1.533,32.3,-1,-3,-0.28
24.6594480000001,198,0.15,18.7,0,0,-0.075,0.343,-1.533,32.3,-1,-3,-0.28
24.6694480000001,251,0.15,18.7,0,0,-0.075,0.343,-1.533,32.3,-1,-3,-0.28
24.6794480000001,263,0.15,18.7,0,0,-0.075,0.343,-1.533,32.3,-1,-3,-0.28
24.6894480000001,195,0.25,17.5,0,0,0.059,0.727,-1.169,0.1,-1,-1,-0.09
24.6994480000001,248,0.25,17.5,0,0,0.059,0.727,-1.169,0.1,-1,-1,-0.09
24.7094480000001,245,0.25,17.5,0,0,0.059,0.727,-1.169,0.1,-1,-1,-0.09
24.7194480000001,193,0.25,17.5,0,0,0.059,0.727,-1.169,0.1,-1,-1,-0.09
24.7294480000001,255,0.25,17.5,0,0,0.059,0.727,-1.169,0.1,-1,-1,-0.09
24.7394480000001,248,0.12,18.8,0,0,0.132,0.473,-0.766,-15,-1.4,1,0.04
24.7494480000001,214,0.12,18.8,0,0,0.132,0.473,-0.766,-15,-1.4,1,0.04
24.7594480000001,252,0.12,18.8,0,0,0.132,0.473,-0.766,-15,-1.4,1,0.04
24.7694480000001,249,0.12,18.8,0,0,0.132,0.473,-0.766,-15,-1.4,1,0.04
24.7794480000001,235,0.12,18.8,0,0,0.132,0.473,-0.766,-15,-1.4,1,0.04
24.7894480000001,212,-0.12,18.5,0,0,0.159,-0.167,-0.903,-15.9,-4.8,3.4,0
24.7994480000001,235,-0.12,18.5,0,0,0.159,-0.167,-0.903,-15.9,-4.8,3.4,0
24.8094480000001,264,-0.12,18.5,0,0,0.159,-0.167,-0.903,-15.9,-4.8,3.4,0
24.8194480000001,208,-0.12,18.5,0,0,0.159,-0.167,-0.903,-15.9,-4.8,3.4,0
24.8294480000001,242,-0.12,18.5,0,0,0.159,-0.167,-0.903,-15.9,-4.8,3.4,0
24.8394480000001,267,-0.5,16.8,0,0,0.025,-0.618,-0.773,4.3,-1.4,1.4,-0.21
24.8494480000001,207,-0.5,16.8,0,0,0.025,-0.618,-0.773,4.3,-1.4,1.4,-0.21
24.8594480000001,250,-0.5,16.8,0,0,0.025,-0.618,-0.773,4.3,-1.4,1.4,-0.21
24.8694480000001,269,-0.5,16.8,0,0,0.025,-0.618,-0.773,4.3,-1.4,1.4,-0.21
24.8794480000001,203,-0.5,16.8,0,0,0.025,-0.618,-0.773,4.3,-1.4,1.4,-0.21
24.8894480000001,253,-0.18,18.2,0,0,-0.145,-0.327,-0.448,27.1,1.7,-3.2,-0.36
24.8994480000001,243,-0.18,18.2,0,0,-0.145,-0.327,-0.448,27.1,1.7,-3.2,-0.36
24.9094480000001,194,-0.18,18.2,0,0,-0.145,-0.327,-0.448,27.1,1.7,-3.2,-0.36
24.9194480000001,260,-0.18,18.2,0,0,-0.145,-0.327,-0.448,27.1,1.7,-3.2,-0.36
24.9294480000001,237,-0.18,18.2,0,0,-0.145,-0.327,-0.448,27.1,1.7,-3.2,-0.36
24.9394480000001,208,-0.06,11.5,0,0,0,0.11,-1.317,8.6,2.9,-2.9,-0.28
24.9494480000001,258,-0.06,11.5,0,0,0,0.11,-1.317,8.6,2.9,-2.9,-0.28
24.9594480000001,251,-0.06,11.5,0,0,0,0.11,-1.317,8.6,2.9,-2.9,-0.28
24.9694480000001,235,-0.06,11.5,0,0,0,0.11,-1.317,8.6,2.9,-2.9,-0.28
24.9794480000001,218,-0.06,11.5,0,0,0,0.11,-1.317,8.6,2.9,-2.9,-0.28
24.9894480000001,244,0.23,18.7,0,0,0.044,0.663,-1.804,3.7,0.6,-0.1,-0.21
24.9994480000001,258,0.23,18.7,0,0,0.044,0.663,-1.804,3.7,0.6,-0.1,-0.21
25.0094480000001,199,0.23,18.7,0,0,0.044,0.663,-1.804,3.7,0.6,-0.1,-0.21
25.0194480000001,239,0.23,18.7,0,0,0.044,0.663,-1.804,3.7,0.6,-0.1,-0.21
25.0294480000001,260,0.23,18.7,0,0,0.044,0.663,-1.804,3.7,0.6,-0.1,-0.21
25.0394480000001,197,0.25,17.8,0,0,0.092,0.542,-0.979,-9.3,-2.6,1.5,-0.07
25.0494480000001,233,0.25,17.8,0,0,0.092,0.542,-0.979,-9.3,-2.6,1.5,-0.07
25.0594480000001,242,0.25,17.8,0,0,0.092,0.542,-0.979,-9.3,-2.6,1.5,-0.07
25.0694480000001,203,0.25,17.8,0,0,0.092,0.542,-0.979,-9.3,-2.6,1.5,-0.07
25.0794480000001,260,0.25,17.8,0,0,0.092,0.542,-0.979,-9.3,-2.6,1.5,-0.07
25.0894480000001,244,0.07,18.7,0,0,0.176,0.197,-0.463,-18.2,-4.2,1.4,0.06
25.0994480000001,211,0.07,18.7,0,0,0.176,0.197,-0.463,-18.2,-4.2,1.4,0.06
25.1094480000001,263,0.07,18.7,0,0,0.176,0.197,-0.463,-18.2,-4.2,1.4,0.06
25.1194480000001,249,0.07,18.7,0,0,0.176,0.197,-0.463,-18.2,-4.2,1.4,0.06
25.1294480000001,228,0.07,18.7,0,0,0.176,0.197,-0.463,-18.2,-4.2,1.4,0.06
25.1394480000001,250,-0.14,18.4,0,0,0.123,-0.646,-0.822,-18.7,-2.1,2.3,-0.08
25.1494480000001,250,-0.14,18.4,0,0,0.123,-0.646,-0.822,-18.7,-2.1,2.3,-0.08
25.1594480000001,231,-0.14,18.4,0,0,0.123,-0.646,-0.822,-18.7,-2.1,2.3,-0.08
25.1694480000001,201,-0.14,18.4,0,0,0.123,-0.646,-0.822,-18.7,-2.1,2.3,-0.08
25.1794480000001,251,-0.14,18.4,0,0,0.123,-0.646,-0.822,-18.7,-2.1,2.3,-0.08
25.1894480000001,257,-0.49,17.3,0,0,-0.068,-0.758,-0.972,4.5,0.6,0.8,-0.1
25.1994480000001,192,-0.49,17.3,0,0,-0.068,-0.758,-0.972,4.5,0.6,0.8,-0.1
25.2094480000001,249,-0.49,17.3,0,0,-0.068,-0.758,-0.972,4.5,0.6,0.8,-0.1
25.2194480000001,266,-0.49,17.3,0,0,-0.068,-0.758,-0.972,4.5,0.6,0.8,-0.1
25.2294480000001,197,-0.49,17.3,0,0,-0.068,-0.758,-0.972,4.5,0.6,0.8,-0.1
25.2394480000001,239,-0.19,18.1,0,0,-0.125,-0.212,-0.677,28.9,1.7,-2.8,-0.36
25.2494480000001,242,-0.19,18.1,0,0,-0.125,-0.212,-0.677,28.9,1.7,-2.8,-0.36
25.2594480000001,198,-0.19,18.1,0,0,-0.125,-0.212,-0.677,28.9,1.7,-2.8,-0.36
25.2694480000001,254,-0.19,18.1,0,0,-0.125,-0.212,-0.677,28.9,1.7,-2.8,-0.36
25.2794480000001,248,-0.19,18.1,0,0,-0.125,-0.212,-0.677,28.9,1.7,-2.8,-0.36
25.2894480000001,224,-0.22,8.9,0,0,-0.014,0.204,-1.381,16.3,2,-3.1,-0.29
25.2994480000001,222,-0.22,8.9,0,0,-0.014,0.204,-1.381,16.3,2,-3.1,-0.29
25.3094480000001,239,-0.22,8.9,0,0,-0.014,0.204,-1.381,16.3,2,-3.1,-0.29
25.3194480000001,262,-0.22,8.9,0,0,-0.014,0.204,-1.381,16.3,2,-3.1,-0.29
25.3294480000001,211,-0.22,8.9,0,0,-0.014,0.204,-1.381,16.3,2,-3.1,-0.29
25.3394480000001,243,0.19,18.7,0,0,0.003,0.751,-1.885,0.9,0.1,-1.2,-0.24
25.3494480000001,265,0.19,18.7,0,0,0.003,0.751,-1.885,0.9,0.1,-1.2,-0.24
25.3594480000001,205,0.19,18.7,0,0,0.003,0.751,-1.885,0.9,0.1,-1.2,-0.24
25.3694480000001,249,0.19,18.7,0,0,0.003,0.751,-1.885,0.9,0.1,-1.2,-0.24
25.3794480000001,265,0.19,18.7,0,0,0.003,0.751,-1.885,0.9,0.1,-1.2,-0.24
25.3894480000001,200,0.28,17.9,0,0,0.112,0.38,-1.07,-8.9,-4.9,3.2,-0.02
25.3994480000001,254,0.28,17.9,0,0,0.112,0.38,-1.07,-8.9,-4.9,3.2,-0.02
25.4094480000001,249,0.28,17.9,0,0,0.112,0.38,-1.07,-8.9,-4.9,3.2,-0.02
25.4194480000001,199,0.28,17.9,0,0,0.112,0.38,-1.07,-8.9,-4.9,3.2,-0.02
25.4294480000001,261,0.28,17.9,0,0,0.112,0.38,-1.07,-8.9,-4.9,3.2,-0.02
25.4394480000001,241,0,18.7,0,0,0.113,-0.187,-0.534,-11.9,-5.3,1.2,0.07
25.4494480000001,199,0,18.7,0,0,0.113,-0.187,-0.534,-11.9,-5.3,1.2,0.07
25.4594480000001,257,0,18.7,0,0,0.113,-0.187,-0.534,-11.9,-5.3,1.2,0.07
25.4694480000001,250,0,18.7,0,0,0.113,-0.187,-0.534,-11.9,-5.3,1.2,0.07
25.4794480000001,226,0,18.7,0,0,0.113,-0.187,-0.534,-11.9,-5.3,1.2,0.07
25.4894480000001,258,-0.2,18.3,0,0,-0.005,-0.819,-0.562,-7.8,1.4,-0.1,-0.09
25.4994480000001,250,-0.2,18.3,0,0,-0.005,-0.819,-0.562,-7.8,1.4,-0.1,-0.09
25.5094480000001,231,-0.2,18.3,0,0,-0.005,-0.819,-0.562,-7.8,1.4,-0.1,-0.09
25.5194480000001,205,-0.2,18.3,0,0,-0.005,-0.819,-0.562,-7.8,1.4,-0.1,-0.09
25.5294480000001,239,-0.2,18.3,0,0,-0.005,-0.819,-0.562,-7.8,1.4,-0.1,-0.09
25.5394480000001,261,-0.54,16.6,0,0,-0.103,-0.511,-1.071,12.6,2.2,-1.4,-0.13
25.5494480000001,199,-0.54,16.6,0,0,-0.103,-0.511,-1.071,12.6,2.2,-1.4,-0.13
25.5594480000001,238,-0.54,16.6,0,0,-0.103,-0.511,-1.071,12.6,2.2,-1.4,-0.13
25.5694480000001,269,-0.54,16.6,0,0,-0.103,-0.511,-1.071,12.6,2.2,-1.4,-0.13
25.5794480000001,200,-0.54,16.6,0,0,-0.103,-0.511,-1.071,12.6,2.2,-1.4,-0.13
25.5894480000001,237,-0.16,18.2,0,0,-0.061,0.314,-1.433,32,-0.6,-3,-0.36
25.5994480000001,245,-0.16,18.2,0,0,-0.061,0.314,-1.433,32,-0.6,-3,-0.36
25.6094480000001,211,-0.16,18.2,0,0,-0.061,0.314,-1.433,32,-0.6,-3,-0.36
25.6194480000001,266,-0.16,18.2,0,0,-0.061,0.314,-1.433,32,-0.6,-3,-0.36
25.6294480000001,240,-0.16,18.2,0,0,-0.061,0.314,-1.433,32,-0.6,-3,-0.36
25.6394480000001,208,0.13,12.7,0,0,0.055,0.728,-1.079,-1.6,-1.7,-0.9,-0.25
25.6494480000001,263,0.13,12.7,0,0,0.055,0.728,-1.079,-1.6,-1.7,-0.9,-0.25
25.6594480000001,250,0.13,12.7,0,0,0.055,0.728,-1.079,-1.6,-1.7,-0.9,-0.25
25.6694480000001,227,0.13,12.7,0,0,0.055,0.728,-1.079,-1.6,-1.7,-0.9,-0.25
25.6794480000001,258,0.13,12.7,0,0,0.055,0.728,-1.079,-1.6,-1.7,-0.9,-0.25
25.6894480000001,249,0.22,18.8,0,0,0.141,0.344,-0.584,-20.3,-2.8,1,-0.08
25.6994480000001,232,0.22,18.8,0,0,0.141,0.344,-0.584,-20.3,-2.8,1,-0.08
25.7094480000001,211,0.22,18.8,0,0,0.141,0.344,-0.584,-20.3,-2.8,1,-0.08
25.7194480000001,249,0.22,18.8,0,0,0.141,0.344,-0.584,-20.3,-2.8,1,-0.08
25.7294480000001,259,0.22,18.8,0,0,0.141,0.344,-0.584,-20.3,-2.8,1,-0.08
25.7394480000001,199,0.15,18.7,0,0,0.137,-0.488,-0.952,-17.2,-3.4,2.5,0.05
25.7494480000001,246,0.15,18.7,0,0,0.137,-0.488,-0.952,-17.2,-3.4,2.5,0.05
25.7594480000001,259,0.15,18.7,0,0,0.137,-0.488,-0.952,-17.2,-3.4,2.5,0.05
25.7694480000001,192,0.15,18.7,0,0,0.137,-0.488,-0.952,-17.2,-3.4,2.5,0.05
25.7794480000001,238,0.15,18.7,0,0,0.137,-0.488,-0.952,-17.2,-3.4,2.5,0.05
25.7894480000001,247,-0.08,18.5,0,0,-0.018,0.5,-1.681,-2.3,-0.7,1,0.09
25.7994480000001,202,-0.08,18.5,0,0,-0.018,0.5,-1.681,-2.3,-0.7,1,0.09
25.8094480000001,256,-0.08,18.5,0,0,-0.018,0.5,-1.681,-2.3,-0.7,1,0.09
25.8194480000001,241,-0.08,18.5,0,0,-0.018,0.5,-1.681,-2.3,-0.7,1,0.09
25.8294480000001,212,-0.08,18.5,0,0,-0.018,0.5,-1.681,-2.3,-0.7,1,0.09
25.8394480000001,259,-0.14,18.3,0,0,0.055,0.638,-1.085,-4.2,-1.5,0,-0.28
25.8494480000001,250,-0.14,18.3,0,0,0.055,0.638,-1.085,-4.2,-1.5,0,-0.28
25.8594480000001,235,-0.14,18.3,0,0,0.055,0.638,-1.085,-4.2,-1.5,0,-0.28
25.8694480000001,254,-0.14,18.3,0,0,0.055,0.638,-1.085,-4.2,-1.5,0,-0.28
25.8794480000001,250,-0.14,18.3,0,0,0.055,0.638,-1.085,-4.2,-1.5,0,-0.28
25.8894480000001,234,-0.39,10.1,0,0,0.137,0.28,-0.473,-20.9,-3.2,1,-0.52
25.8994480000001,208,-0.39,10.1,0,0,0.137,0.28,-0.473,-20.9,-3.2,1,-0.52
25.9094480000001,254,-0.39,10.1,0,0,0.137,0.28,-0.473,-20.9,-3.2,1,-0.52
25.9194480000001,262,-0.39,10.1,0,0,0.137,0.28,-0.473,-20.9,-3.2,1,-0.52
25.9294480000001,200,-0.39,10.1,0,0,0.137,0.28,-0.473,-20.9,-3.2,1,-0.52
25.9394480000001,254,0.02,18.5,0,0,0.134,-0.645,-0.877,-18.4,-2.3,2,-0.37
25.9494480000001,257,0.02,18.5,0,0,0.134,-0.645,-0.877,-18.4,-2.3,2,-0.37
25.9594480000001,190,0.02,18.5,0,0,0.134,-0.645,-0.877,-18.4,-2.3,2,-0.37
25.9694480000001,248,0.02,18.5,0,0,0.134,-0.645,-0.877,-18.4,-2.3,2,-0.37
25.9794480000001,248,0.02,18.5,0,0,0.134,-0.645,-0.877,-18.4,-2.3,2,-0.37
25.9894480000001,197,0.2,15.5,0,0,-0.053,-0.731,-0.969,5.1,0.8,0.3,-0.17
25.9994480000001,256,0.2,15.5,0,0,-0.053,-0.731,-0.969,5.1,0.8,0.3,-0.17
26.0094480000001,244,0.2,15.5,0,0,-0.053,-0.731,-0.969,5.1,0.8,0.3,-0.17
26.0194480000001,206,0.2,15.5,0,0,-0.053,-0.731,-0.969,5.1,0.8,0.3,-0.17
26.0294480000001,256,0.2,15.5,0,0,-0.053,-0.731,-0.969,5.1,0.8,0.3,-0.17
26.0394480000001,250,0.22,18.8,0,0,-0.129,-0.217,-0.662,25.4,2.1,-2.6,-0.04
26.0494480000001,232,0.22,18.8,0,0,-0.129,-0.217,-0.662,25.4,2.1,-2.6,-0.04
26.0594480000001,218,0.22,18.8,0,0,-0.129,-0.217,-0.662,25.4,2.1,-2.6,-0.04
26.0694480000001,239,0.22,18.8,0,0,-0.129,-0.217,-0.662,25.4,2.1,-2.6,-0.04
26.0794480000001,260,0.22,18.8,0,0,-0.129,-0.217,-0.662,25.4,2.1,-2.6,-0.04
26.0894480000001,207,0.05,18.6,0,0,0.004,0.224,-1.318,9.1,2.7,-3,0.07
26.0994480000001,244,0.05,18.6,0,0,0.004,0.224,-1.318,9.1,2.7,-3,0.07
26.1094480000001,262,0.05,18.6,0,0,0.004,0.224,-1.318,9.1,2.7,-3,0.07
26.1194480000001,205,0.05,18.6,0,0,0.004,0.224,-1.318,9.1,2.7,-3,0.07
26.1294480000001,250,0.05,18.6,0,0,0.004,0.224,-1.318,9.1,2.7,-3,0.07
26.1394480000001,262,-0.32,18,0,0,0.041,0.715,-1.822,-4.2,0.5,0,0.03
26.1494480000001,198,-0.32,18,0,0,0.041,0.715,-1.822,-4.2,0.5,0,0.03
26.1594480000001,254,-0.32,18,0,0,0.041,0.715,-1.822,-4.2,0.5,0,0.03
26.1694480000001,249,-0.32,18,0,0,0.041,0.715,-1.822,-4.2,0.5,0,0.03
26.1794480000001,199,-0.32,18,0,0,0.041,0.715,-1.822,-4.2,0.5,0,0.03
26.1894480000001,261,-0.16,18.2,0,0,0.108,0.285,-1.082,-10.3,-4.6,3.1,-0.33
26.1994480000001,241,-0.16,18.2,0,0,0.108,0.285,-1.082,-10.3,-4.6,3.1,-0.33
26.2094480000001,207,-0.16,18.2,0,0,0.108,0.285,-1.082,-10.3,-4.6,3.1,-0.33
26.2194480000001,258,-0.16,18.2,0,0,0.108,0.285,-1.082,-10.3,-4.6,3.1,-0.33
26.2294480000001,249,-0.16,18.2,0,0,0.108,0.285,-1.082,-10.3,-4.6,3.1,-0.33
26.2394480000001,231,-0.32,8.2,0,0,0.12,-0.205,-0.561,-13.1,-5.3,1.6,-0.35
26.2494480000001,219,-0.32,8.2,0,0,0.12,-0.205,-0.561,-13.1,-5.3,1.6,-0.35
26.2594480000001,245,-0.32,8.2,0,0,0.12,-0.205,-0.561,-13.1,-5.3,1.6,-0.35
26.2694480000001,257,-0.32,8.2,0,0,0.12,-0.205,-0.561,-13.1,-5.3,1.6,-0.35
26.2794480000001,199,-0.32,8.2,0,0,0.12,-0.205,-0.561,-13.1,-5.3,1.6,-0.35
26.2894480000001,239,-0.02,18.3,0,0,0.009,-0.764,-0.736,-11.9,-0.4,0.7,-0.41
26.2994480000001,257,-0.02,18.3,0,0,0.009,-0.764,-0.736,-11.9,-0.4,0.7,-0.41
26.3094480000001,198,-0.02,18.3,0,0,0.009,-0.764,-0.736,-11.9,-0.4,0.7,-0.41
26.3194480000001,237,-0.02,18.3,0,0,0.009,-0.764,-0.736,-11.9,-0.4,0.7,-0.41
26.3294480000001,243,-0.02,18.3,0,0,0.009,-0.764,-0.736,-11.9,-0.4,0.7,-0.41
26.3394480000001,202,0.26,15.3,0,0,-0.094,-0.634,-1.06,10.2,1.7,-0.6,-0.17
26.3494480000001,261,0.26,15.3,0,0,-0.094,-0.634,-1.06,10.2,1.7,-0.6,-0.17
26.3594480000001,250,0.26,15.3,0,0,-0.094,-0.634,-1.06,10.2,1.7,-0.6,-0.17
26.3694480000001,214,0.26,15.3,0,0,-0.094,-0.634,-1.06,10.2,1.7,-0.6,-0.17
26.3794480000001,265,0.26,15.3,0,0,-0.094,-0.634,-1.06,10.2,1.7,-0.6,-0.17
26.3894480000001,246,0.17,18.8,0,0,-0.098,0.266,-1.296,36.4,-0.4,-2.9,0
26.3994480000001,222,0.17,18.8,0,0,-0.098,0.266,-1.296,36.4,-0.4,-2.9,0
26.4094480000001,256,0.17,18.8,0,0,-0.098,0.266,-1.296,36.4,-0.4,-2.9,0
26.4194480000001,250,0.17,18.8,0,0,-0.098,0.266,-1.296,36.4,-0.4,-2.9,0
26.4294480000001,229,0.17,18.8,0,0,-0.098,0.266,-1.296,36.4,-0.4,-2.9,0
26.4394480000001,207,-0.03,18.7,0,0,0.048,0.661,-1.109,0.3,-0.3,-2.1,0.03
26.4494480000001,254,-0.03,18.7,0,0,0.048,0.661,-1.109,0.3,-0.3,-2.1,0.03
26.4594480000001,261,-0.03,18.7,0,0,0.048,0.661,-1.109,0.3,-0.3,-2.1,0.03
26.4694480000001,200,-0.03,18.7,0,0,0.048,0.661,-1.109,0.3,-0.3,-2.1,0.03
26.4794480000001,248,-0.03,18.7,0,0,0.048,0.661,-1.109,0.3,-0.3,-2.1,0.03
26.4894480000001,257,-0.32,17.9,0,0,0.119,0.528,-1.01,-17.1,-0.1,1.3,0.09
26.4994480000001,195,-0.32,17.9,0,0,0.119,0.528,-1.01,-17.1,-0.1,1.3,0.09
26.5094480000001,248,-0.32,17.9,0,0,0.119,0.528,-1.01,-17.1,-0.1,1.3,0.09
26.5194480000001,245,-0.32,17.9,0,0,0.119,0.528,-1.01,-17.1,-0.1,1.3,0.09
26.5294480000001,192,-0.32,17.9,0,0,0.119,0.528,-1.01,-17.1,-0.1,1.3,0.09
26.5394480000001,254,-0.17,18.1,0,0,0.148,-0.077,-0.934,-14.1,-4.6,3.2,-0.34
26.5494480000001,249,-0.17,18.1,0,0,0.148,-0.077,-0.934,-14.1,-4.6,3.2,-0.34
26.5594480000001,215,-0.17,18.1,0,0,0.148,-0.077,-0.934,-14.1,-4.6,3.2,-0.34
26.5694480000001,257,-0.17,18.1,0,0,0.148,-0.077,-0.934,-14.1,-4.6,3.2,-0.34
26.5794480000001,250,-0.17,18.1,0,0,0.148,-0.077,-0.934,-14.1,-4.6,3.2,-0.34
26.5894480000001,234,-0.23,9.5,0,0,0.053,-0.511,-0.687,-4.6,-2.8,1.4,-0.44
26.5994480000001,217,-0.23,9.5,0,0,0.053,-0.511,-0.687,-4.6,-2.8,1.4,-0.44
26.6094480000001,243,-0.23,9.5,0,0,0.053,-0.511,-0.687,-4.6,-2.8,1.4,-0.44
26.6194480000001,265,-0.23,9.5,0,0,0.053,-0.511,-0.687,-4.6,-2.8,1.4,-0.44
26.6294480000001,208,-0.23,9.5,0,0,0.053,-0.511,-0.687,-4.6,-2.8,1.4,-0.44
26.6394480000001,252,0.19,18.7,0,0,-0.096,-0.635,-0.287,13.4,2.9,-2,-0.21
26.6494480000001,262,0.19,18.7,0,0,-0.096,-0.635,-0.287,13.4,2.9,-2,-0.21
26.6594480000001,196,0.19,18.7,0,0,-0.096,-0.635,-0.287,13.4,2.9,-2,-0.21
26.6694480000001,254,0.19,18.7,0,0,-0.096,-0.635,-0.287,13.4,2.9,-2,-0.21
26.6794480000001,267,0.19,18.7,0,0,-0.096,-0.635,-0.287,13.4,2.9,-2,-0.21
26.6894480000001,201,0.27,18,0,0,-0.034,0.103,-1.256,4,3.1,-2.4,-0.03
26.6994480000001,255,0.27,18,0,0,-0.034,0.103,-1.256,4,3.1,-2.4,-0.03
26.7094480000001,245,0.27,18,0,0,-0.034,0.103,-1.256,4,3.1,-2.4,-0.03
26.7194480000001,194,0.27,18,0,0,-0.034,0.103,-1.256,4,3.1,-2.4,-0.03
26.7294480000001,259,0.27,18,0,0,-0.034,0.103,-1.256,4,3.1,-2.4,-0.03
26.7394480000001,243,0.09,18.8,0,0,0.064,0.653,-1.811,4.5,1,0.6,0.05
26.7494480000001,202,0.09,18.8,0,0,0.064,0.653,-1.811,4.5,1,0.6,0.05
26.7594480000001,257,0.09,18.8,0,0,0.064,0.653,-1.811,4.5,1,0.6,0.05
26.7694480000001,249,0.09,18.8,0,0,0.064,0.653,-1.811,4.5,1,0.6,0.05
26.7794480000001,225,0.09,18.8,0,0,0.064,0.653,-1.811,4.5,1,0.6,0.05
26.7894480000001,218,-0.09,18.5,0,0,0.08,0.605,-1.003,-6.7,-3,1,0.03
26.7994480000001,239,-0.09,18.5,0,0,0.08,0.605,-1.003,-6.7,-3,1,0.03
26.8094480000001,257,-0.09,18.5,0,0,0.08,0.605,-1.003,-6.7,-3,1,0.03
26.8194480000001,204,-0.09,18.5,0,0,0.08,0.605,-1.003,-6.7,-3,1,0.03
26.8294480000001,238,-0.09,18.5,0,0,0.08,0.605,-1.003,-6.7,-3,1,0.03
26.8394480000001,261,-0.42,17.7,0,0,0.162,0.233,-0.525,-17.1,-3.5,1.5,-0.08
26.8494480000001,202,-0.42,17.7,0,0,0.162,0.233,-0.525,-17.1,-3.5,1.5,-0.08
26.8594480000001,244,-0.42,17.7,0,0,0.162,0.233,-0.525,-17.1,-3.5,1.5,-0.08
26.8694480000001,249,-0.42,17.7,0,0,0.162,0.233,-0.525,-17.1,-3.5,1.5,-0.08
26.8794480000001,207,-0.42,17.7,0,0,0.162,0.233,-0.525,-17.1,-3.5,1.5,-0.08
26.8894480000001,266,-0.17,18.2,0,0,0.119,-0.689,-0.833,-18.5,-1.4,2,-0.34
26.8994480000001,241,-0.17,18.2,0,0,0.119,-0.689,-0.833,-18.5,-1.4,2,-0.34
26.9094480000001,204,-0.17,18.2,0,0,0.119,-0.689,-0.833,-18.5,-1.4,2,-0.34
26.9194480000001,262,-0.17,18.2,0,0,0.119,-0.689,-0.833,-18.5,-1.4,2,-0.34
26.9294480000001,247,-0.17,18.2,0,0,0.119,-0.689,-0.833,-18.5,-1.4,2,-0.34
26.9394480000001,217,-0.07,11.4,0,0,-0.076,-0.733,-1.155,7.3,1.4,0.2,-0.31
26.9494480000001,261,-0.07,11.4,0,0,-0.076,-0.733,-1.155,7.3,1.4,0.2,-0.31
26.9594480000001,250,-0.07,11.4,0,0,-0.076,-0.733,-1.155,7.3,1.4,0.2,-0.31
26.9694480000001,228,-0.07,11.4,0,0,-0.076,-0.733,-1.155,7.3,1.4,0.2,-0.31
26.9794480000001,218,-0.07,11.4,0,0,-0.076,-0.733,-1.155,7.3,1.4,0.2,-0.31
26.9894480000001,251,0.22,18.7,0,0,-0.108,0.135,-1.071,33.9,0.3,-2.9,-0.19
26.9994480000001,259,0.22,18.7,0,0,-0.108,0.135,-1.071,33.9,0.3,-2.9,-0.19
27.0094480000001,200,0.22,18.7,0,0,-0.108,0.135,-1.071,33.9,0.3,-2.9,-0.19
27.0194480000001,245,0.22,18.7,0,0,-0.108,0.135,-1.071,33.9,0.3,-2.9,-0.19
27.0294480000001,256,0.22,18.7,0,0,-0.108,0.135,-1.071,33.9,0.3,-2.9,-0.19
27.0394480000001,193,0.25,18.1,0,0,0.047,0.5,-1.299,5.3,1.2,-2.1,-0.05
27.0494480000001,242,0.25,18.1,0,0,0.047,0.5,-1.299,5.3,1.2,-2.1,-0.05
27.0594480000001,246,0.25,18.1,0,0,0.047,0.5,-1.299,5.3,1.2,-2.1,-0.05
27.0694480000001,197,0.25,18.1,0,0,0.047,0.5,-1.299,5.3,1.2,-2.1,-0.05
27.0794480000001,255,0.25,18.1,0,0,0.047,0.5,-1.299,5.3,1.2,-2.1,-0.05
27.0894480000001,242,0.02,18.7,0,0,0.068,0.645,-1.467,-8.5,0.5,0.5,0.06
27.0994480000001,207,0.02,18.7,0,0,0.068,0.645,-1.467,-8.5,0.5,0.5,0.06
27.1094480000001,263,0.02,18.7,0,0,0.068,0.645,-1.467,-8.5,0.5,0.5,0.06
27.1194480000001,250,0.02,18.7,0,0,0.068,0.645,-1.467,-8.5,0.5,0.5,0.06
27.1294480000001,226,0.02,18.7,0,0,0.068,0.645,-1.467,-8.5,0.5,0.5,0.06
27.1394480000001,255,-0.15,18.4,0,0,0.121,0.198,-1.076,-10.9,-4.8,3.5,-0.17
27.1494480000001,250,-0.15,18.4,0,0,0.121,0.198,-1.076,-10.9,-4.8,3.5,-0.17
27.1594480000001,232,-0.15,18.4,0,0,0.121,0.198,-1.076,-10.9,-4.8,3.5,-0.17
27.1694480000001,209,-0.15,18.4,0,0,0.121,0.198,-1.076,-10.9,-4.8,3.5,-0.17
27.1794480000001,255,-0.15,18.4,0,0,0.121,0.198,-1.076,-10.9,-4.8,3.5,-0.17
27.1894480000001,262,-0.52,16.1,0,0,0.101,-0.374,-0.562,-6,-4,1.4,-0.26
27.1994480000001,200,-0.52,16.1,0,0,0.101,-0.374,-0.562,-6,-4,1.4,-0.26
27.2094480000001,254,-0.52,16.1,0,0,0.101,-0.374,-0.562,-6,-4,1.4,-0.26
27.2194480000001,256,-0.52,16.1,0,0,0.101,-0.374,-0.562,-6,-4,1.4,-0.26
27.2294480000001,190,-0.52,16.1,0,0,0.101,-0.374,-0.562,-6,-4,1.4,-0.26
27.2394480000001,251,-0.14,18.3,0,0,-0.063,-0.724,-0.403,4.3,2.5,-1.3,-0.37
27.2494480000001,248,-0.14,18.3,0,0,-0.063,-0.724,-0.403,4.3,2.5,-1.3,-0.37
27.2594480000001,197,-0.14,18.3,0,0,-0.063,-0.724,-0.403,4.3,2.5,-1.3,-0.37
27.2694480000001,258,-0.14,18.3,0,0,-0.063,-0.724,-0.403,4.3,2.5,-1.3,-0.37
27.2794480000001,241,-0.14,18.3,0,0,-0.063,-0.724,-0.403,4.3,2.5,-1.3,-0.37
27.2894480000001,202,-0.08,11.4,0,0,-0.087,-0.451,-1.123,12.7,3.1,-1.9,-0.29
27.2994480000001,254,-0.08,11.4,0,0,-0.087,-0.451,-1.123,12.7,3.1,-1.9,-0.29
27.3094480000001,249,-0.08,11.4,0,0,-0.087,-0.451,-1.123,12.7,3.1,-1.9,-0.29
27.3194480000001,229,-0.08,11.4,0,0,-0.087,-0.451,-1.123,12.7,3.1,-1.9,-0.29
27.3294480000001,215,-0.08,11.4,0,0,-0.087,-0.451,-1.123,12.7,3.1,-1.9,-0.29
27.3394480000001,238,0.22,18.6,0,0,-0.049,0.348,-1.459,29,-0.3,-2.9,-0.15
27.3494480000001,260,0.22,18.6,0,0,-0.049,0.348,-1.459,29,-0.3,-2.9,-0.15
27.3594480000001,205,0.22,18.6,0,0,-0.049,0.348,-1.459,29,-0.3,-2.9,-0.15
27.3694480000001,247,0.22,18.6,0,0,-0.049,0.348,-1.459,29,-0.3,-2.9,-0.15
27.3794480000001,268,0.22,18.6,0,0,-0.049,0.348,-1.459,29,-0.3,-2.9,-0.15
27.3894480000001,206,0.14,18.6,0,0,0.049,0.688,-1.048,-2.9,-2.5,0.1,0.07
27.3994480000001,253,0.14,18.6,0,0,0.049,0.688,-1.048,-2.9,-2.5,0.1,0.07
27.4094480000001,268,0.14,18.6,0,0,0.049,0.688,-1.048,-2.9,-2.5,0.1,0.07
27.4194480000001,202,0.14,18.6,0,0,0.049,0.688,-1.048,-2.9,-2.5,0.1,0.07
27.4294480000001,256,0.14,18.6,0,0,0.049,0.688,-1.048,-2.9,-2.5,0.1,0.07
27.4394480000001,246,-0.17,18.4,0,0,0.142,0.222,-0.411,-21.2,-3.5,1.1,0.1
27.4494480000001,196,-0.17,18.4,0,0,0.142,0.222,-0.411,-21.2,-3.5,1.1,0.1
27.4594480000001,262,-0.17,18.4,0,0,0.142,0.222,-0.411,-21.2,-3.5,1.1,0.1
27.4694480000001,245,-0.17,18.4,0,0,0.142,0.222,-0.411,-21.2,-3.5,1.1,0.1
27.4794480000001,203,-0.17,18.4,0,0,0.142,0.222,-0.411,-21.2,-3.5,1.1,0.1
27.4894480000001,258,-0.16,18.2,0,0,0.122,-0.598,-0.884,-17.1,-2.6,1.6,-0.27
27.4994480000001,249,-0.16,18.2,0,0,0.122,-0.598,-0.884,-17.1,-2.6,1.6,-0.27
27.5094480000001,224,-0.16,18.2,0,0,0.122,-0.598,-0.884,-17.1,-2.6,1.6,-0.27
27.5194480000001,252,-0.16,18.2,0,0,0.122,-0.598,-0.884,-17.1,-2.6,1.6,-0.27
27.5294480000001,250,-0.16,18.2,0,0,0.122,-0.598,-0.884,-17.1,-2.6,1.6,-0.27
27.5394480000001,225,-0.54,15.8,0,0,-0.042,-0.668,-0.907,-3.9,-0.4,0.9,-0.24
27.5494480000001,195,-0.54,15.8,0,0,-0.042,-0.668,-0.907,-3.9,-0.4,0.9,-0.24
27.5594480000001,239,-0.54,15.8,0,0,-0.042,-0.668,-0.907,-3.9,-0.4,0.9,-0.24
27.5694480000001,257,-0.54,15.8,0,0,-0.042,-0.668,-0.907,-3.9,-0.4,0.9,-0.24
27.5794480000001,198,-0.54,15.8,0,0,-0.042,-0.668,-0.907,-3.9,-0.4,0.9,-0.24
27.5894480000001,238,-0.18,18.2,0,0,-0.097,-0.605,-0.451,9.8,3.1,-1.7,-0.36
27.5994480000001,242,-0.18,18.2,0,0,-0.097,-0.605,-0.451,9.8,3.1,-1.7,-0.36
27.6094480000001,198,-0.18,18.2,0,0,-0.097,-0.605,-0.451,9.8,3.1,-1.7,-0.36
27.6194480000001,260,-0.18,18.2,0,0,-0.097,-0.605,-0.451,9.8,3.1,-1.7,-0.36
27.6294480000001,244,-0.18,18.2,0,0,-0.097,-0.605,-0.451,9.8,3.1,-1.7,-0.36
27.6394480000001,210,0,11.2,0,0,-0.039,-0.181,-1.32,6.9,3.6,-2.6,-0.36
27.6494480000001,263,0,11.2,0,0,-0.039,-0.181,-1.32,6.9,3.6,-2.6,-0.36
27.6594480000001,249,0,11.2,0,0,-0.039,-0.181,-1.32,6.9,3.6,-2.6,-0.36
27.6694480000001,229,0,11.2,0,0,-0.039,-0.181,-1.32,6.9,3.6,-2.6,-0.36
27.6794480000001,251,0,11.2,0,0,-0.039,-0.181,-1.32,6.9,3.6,-2.6,-0.36
27.6894480000001,250,0.21,18.7,0,0,-0.013,0.657,-1.936,18.2,-0.1,-0.7,-0.16
27.6994480000001,229,0.21,18.7,0,0,-0.013,0.657,-1.936,18.2,-0.1,-0.7,-0.16
27.7094480000001,201,0.21,18.7,0,0,-0.013,0.657,-1.936,18.2,-0.1,-0.7,-0.16
27.7194480000001,253,0.21,18.7,0,0,-0.013,0.657,-1.936,18.2,-0.1,-0.7,-0.16
27.7294480000001,258,0.21,18.7,0,0,-0.013,0.657,-1.936,18.2,-0.1,-0.7,-0.16
27.7394480000001,191,0.27,17.6,0,0,0.066,0.733,-1.122,-0.4,-2.8,0.3,-0.08
27.7494480000001,247,0.27,17.6,0,0,0.066,0.733,-1.122,-0.4,-2.8,0.3,-0.08
27.7594480000001,238,0.27,17.6,0,0,0.066,0.733,-1.122,-0.4,-2.8,0.3,-0.08
27.7694480000001,188,0.27,17.6,0,0,0.066,0.733,-1.122,-0.4,-2.8,0.3,-0.08
27.7794480000001,254,0.27,17.6,0,0,0.066,0.733,-1.122,-0.4,-2.8,0.3,-0.08
27.7894480000001,240,0.14,18.8,0,0,0.173,0.393,-0.804,-15.4,-1,1.5,0.03
27.7994480000001,209,0.14,18.8,0,0,0.173,0.393,-0.804,-15.4,-1,1.5,0.03
27.8094480000001,251,0.14,18.8,0,0,0.173,0.393,-0.804,-15.4,-1,1.5,0.03
27.8194480000001,250,0.14,18.8,0,0,0.173,0.393,-0.804,-15.4,-1,1.5,0.03
27.8294480000001,230,0.14,18.8,0,0,0.173,0.393,-0.804,-15.4,-1,1.5,0.03
27.8394480000001,205,0.09,18.7,0,0,0.149,0.07,-0.842,-12.1,-4.5,2.8,0.06
27.8494480000001,233,0.09,18.7,0,0,0.149,0.07,-0.842,-12.1,-4.5,2.8,0.06
27.8594480000001,255,0.09,18.7,0,0,0.149,0.07,-0.842,-12.1,-4.5,2.8,0.06
27.8694480000001,194,0.09,18.7,0,0,0.149,0.07,-0.842,-12.1,-4.5,2.8,0.06
27.8794480000001,237,0.09,18.7,0,0,0.149,0.07,-0.842,-12.1,-4.5,2.8,0.06
27.8894480000001,239,-0.07,18.6,0,0,0.127,-0.069,-0.419,-15.6,-5.9,1.6,0.08
27.8994480000001,201,-0.07,18.6,0,0,0.127,-0.069,-0.419,-15.6,-5.9,1.6,0.08
27.9094480000001,262,-0.07,18.6,0,0,0.127,-0.069,-0.419,-15.6,-5.9,1.6,0.08
27.9194480000001,233,-0.07,18.6,0,0,0.127,-0.069,-0.419,-15.6,-5.9,1.6,0.08
27.9294480000001,206,-0.07,18.6,0,0,0.127,-0.069,-0.419,-15.6,-5.9,1.6,0.08
27.9394480000001,259,-0.16,18.3,0,0,0.077,-0.669,-0.834,-18.5,-2.3,1,-0.16
27.9494480000001,250,-0.16,18.3,0,0,0.077,-0.669,-0.834,-18.5,-2.3,1,-0.16
27.9594480000001,226,-0.16,18.3,0,0,0.077,-0.669,-0.834,-18.5,-2.3,1,-0.16
27.9694480000001,211,-0.16,18.3,0,0,0.077,-0.669,-0.834,-18.5,-2.3,1,-0.16
27.9794480000001,249,-0.16,18.3,0,0,0.077,-0.669,-0.834,-18.5,-2.3,1,-0.16
27.9894480000001,253,-0.43,17.7,0,0,-0.057,-0.678,-1.002,-1.4,-0.9,1,-0.03
27.9994480000001,187,-0.43,17.7,0,0,-0.057,-0.678,-1.002,-1.4,-0.9,1,-0.03
28.0094480000001,246,-0.43,17.7,0,0,-0.057,-0.678,-1.002,-1.4,-0.9,1,-0.03
28.0194480000001,260,-0.43,17.7,0,0,-0.057,-0.678,-1.002,-1.4,-0.9,1,-0.03
28.0294480000001,189,-0.43,17.7,0,0,-0.057,-0.678,-1.002,-1.4,-0.9,1,-0.03
28.0394480000001,236,-0.16,18.1,0,0,-0.087,-0.614,-0.497,4.5,2.6,-2,-0.32
28.0494480000001,238,-0.16,18.1,0,0,-0.087,-0.614,-0.497,4.5,2.6,-2,-0.32
28.0594480000001,201,-0.16,18.1,0,0,-0.087,-0.614,-0.497,4.5,2.6,-2,-0.32
28.0694480000001,250,-0.16,18.1,0,0,-0.087,-0.614,-0.497,4.5,2.6,-2,-0.32
28.0794480000001,250,-0.16,18.1,0,0,-0.087,-0.614,-0.497,4.5,2.6,-2,-0.32
28.0894480000001,226,-0.55,15.3,0,0,-0.072,-0.588,-1.041,9.1,2.8,-1.5,-0.25
28.0994480000001,201,-0.55,15.3,0,0,-0.072,-0.588,-1.041,9.1,2.8,-1.5,-0.25
28.1094480000001,232,-0.55,15.3,0,0,-0.072,-0.588,-1.041,9.1,2.8,-1.5,-0.25
28.1194480000001,255,-0.55,15.3,0,0,-0.072,-0.588,-1.041,9.1,2.8,-1.5,-0.25
28.1294480000001,192,-0.55,15.3,0,0,-0.072,-0.588,-1.041,9.1,2.8,-1.5,-0.25
28.1394480000001,239,-0.17,18.2,0,0,-0.104,-0.017,-0.773,30.5,2,-3.5,-0.33
28.1494480000001,243,-0.17,18.2,0,0,-0.104,-0.017,-0.773,30.5,2,-3.5,-0.33
28.1594480000001,193,-0.17,18.2,0,0,-0.104,-0.017,-0.773,30.5,2,-3.5,-0.33
28.1694480000001,257,-0.17,18.2,0,0,-0.104,-0.017,-0.773,30.5,2,-3.5,-0.33
28.1794480000001,240,-0.17,18.2,0,0,-0.104,-0.017,-0.773,30.5,2,-3.5,-0.33
28.1894480000001,210,-0.18,10.2,0,0,-0.015,0.168,-1.155,7.6,4.1,-3.1,-0.38
28.1994480000001,257,-0.18,10.2,0,0,-0.015,0.168,-1.155,7.6,4.1,-3.1,-0.38
28.2094480000001,250,-0.18,10.2,0,0,-0.015,0.168,-1.155,7.6,4.1,-3.1,-0.38
28.2194480000001,225,-0.18,10.2,0,0,-0.015,0.168,-1.155,7.6,4.1,-3.1,-0.38
28.2294480000001,205,-0.18,10.2,0,0,-0.015,0.168,-1.155,7.6,4.1,-3.1,-0.38
28.2394480000001,247,-0.03,18.5,0,0,-0.023,0.626,-1.754,24.4,0.1,0,-0.37
28.2494480000001,250,-0.03,18.5,0,0,-0.023,0.626,-1.754,24.4,0.1,0,-0.37
28.2594480000001,181,-0.03,18.5,0,0,-0.023,0.626,-1.754,24.4,0.1,0,-0.37
28.2694480000001,243,-0.03,18.5,0,0,-0.023,0.626,-1.754,24.4,0.1,0,-0.37
28.2794480000001,237,-0.03,18.5,0,0,-0.023,0.626,-1.754,24.4,0.1,0,-0.37
28.2894480000001,184,-0.12,10.9,0,0,0.038,0.587,-1.138,8.9,1,-1.5,-0.28
28.2994480000001,251,-0.12,10.9,0,0,0.038,0.587,-1.138,8.9,1,-1.5,-0.28
28.3094480000001,242,-0.12,10.9,0,0,0.038,0.587,-1.138,8.9,1,-1.5,-0.28
28.3194480000001,217,-0.12,10.9,0,0,0.038,0.587,-1.138,8.9,1,-1.5,-0.28
28.3294480000001,210,-0.12,10.9,0,0,0.038,0.587,-1.138,8.9,1,-1.5,-0.28
28.3394480000001,231,-0.11,18.3,0,0,0.016,0.589,-1.601,19,0.6,0.6,-0.39
28.3494480000001,247,-0.11,18.3,0,0,0.016,0.589,-1.601,19,0.6,0.6,-0.39
28.3594480000001,185,-0.11,18.3,0,0,0.016,0.589,-1.601,19,0.6,0.6,-0.39
28.3694480000001,226,-0.11,18.3,0,0,0.016,0.589,-1.601,19,0.6,0.6,-0.39
28.3794480000001,232,-0.11,18.3,0,0,0.016,0.589,-1.601,19,0.6,0.6,-0.39
28.3894480000001,192,-0.15,10.4,0,0,0.052,0.526,-1.105,6.9,1.3,-1.4,-0.36
28.3994480000001,254,-0.15,10.4,0,0,0.052,0.526,-1.105,6.9,1.3,-1.4,-0.36
28.4094480000001,250,-0.15,10.4,0,0,0.052,0.526,-1.105,6.9,1.3,-1.4,-0.36
28.4194480000001,223,-0.15,10.4,0,0,0.052,0.526,-1.105,6.9,1.3,-1.4,-0.36
28.4294480000001,210,-0.15,10.4,0,0,0.052,0.526,-1.105,6.9,1.3,-1.4,-0.36
28.4394480000001,244,0.03,18.5,0,0,0.056,0.638,-1.764,7.8,0.8,1.2,-0.35
28.4494480000001,254,0.03,18.5,0,0,0.056,0.638,-1.764,7.8,0.8,1.2,-0.35
28.4594480000001,185,0.03,18.5,0,0,0.056,0.638,-1.764,7.8,0.8,1.2,-0.35
28.4694480000001,248,0.03,18.5,0,0,0.056,0.638,-1.764,7.8,0.8,1.2,-0.35
28.4794480000001,239,0.03,18.5,0,0,0.056,0.638,-1.764,7.8,0.8,1.2,-0.35
28.4894480000001,184,0.08,12,0,0,0.087,0.673,-1.027,1.5,-2.6,0.3,-0.29
28.4994480000001,254,0.08,12,0,0,0.087,0.673,-1.027,1.5,-2.6,0.3,-0.29
28.5094480000001,233,0.08,12,0,0,0.087,0.673,-1.027,1.5,-2.6,0.3,-0.29
28.5194480000001,208,0.08,12,0,0,0.087,0.673,-1.027,1.5,-2.6,0.3,-0.29
28.5294480000001,251,0.08,12,0,0,0.087,0.673,-1.027,1.5,-2.6,0.3,-0.29
28.5394480000001,250,0.03,18.4,0,0,0.152,0.451,-1.356,-3.6,1,2.5,-0.36
28.5494480000001,218,0.03,18.4,0,0,0.152,0.451,-1.356,-3.6,1,2.5,-0.36
28.5594480000001,180,0.03,18.4,0,0,0.152,0.451,-1.356,-3.6,1,2.5,-0.36
28.5694480000001,237,0.03,18.4,0,0,0.152,0.451,-1.356,-3.6,1,2.5,-0.36
28.5794480000001,234,0.03,18.4,0,0,0.152,0.451,-1.356,-3.6,1,2.5,-0.36
28.5894480000001,179,-0.08,11.4,0,0,0.11,0.561,-1.037,-0.3,-1.6,0.5,-0.3
28.5994480000001,246,-0.08,11.4,0,0,0.11,0.561,-1.037,-0.3,-1.6,0.5,-0.3
28.6094480000001,237,-0.08,11.4,0,0,0.11,0.561,-1.037,-0.3,-1.6,0.5,-0.3
28.6194480000001,215,-0.08,11.4,0,0,0.11,0.561,-1.037,-0.3,-1.6,0.5,-0.3
28.6294480000001,214,-0.08,11.4,0,0,0.11,0.561,-1.037,-0.3,-1.6,0.5,-0.3
28.6394480000001,229,-0.05,18.4,0,0,0.109,0.52,-1.474,3.7,0.6,1.8,-0.38
28.6494480000001,248,-0.05,18.4,0,0,0.109,0.52,-1.474,3.7,0.6,1.8,-0.38
28.6594480000001,186,-0.05,18.4,0,0,0.109,0.52,-1.474,3.7,0.6,1.8,-0.38
28.6694480000001,233,-0.05,18.4,0,0,0.109,0.52,-1.474,3.7,0.6,1.8,-0.38
28.6794480000001,235,-0.05,18.4,0,0,0.109,0.52,-1.474,3.7,0.6,1.8,-0.38
28.6894480000001,188,-0.09,10.9,0,0,0.084,0.617,-0.946,1.3,-2,0.1,-0.35
28.6994480000001,254,-0.09,10.9,0,0,0.084,0.617,-0.946,1.3,-2,0.1,-0.35
28.7094480000001,243,-0.09,10.9,0,0,0.084,0.617,-0.946,1.3,-2,0.1,-0.35
28.7194480000001,221,-0.09,10.9,0,0,0.084,0.617,-0.946,1.3,-2,0.1,-0.35
28.7294480000001,215,-0.09,10.9,0,0,0.084,0.617,-0.946,1.3,-2,0.1,-0.35
28.7394480000001,245,-0.01,18.5,0,0,0.141,0.501,-1.467,-2.3,0.7,2.3,-0.36
28.7494480000001,249,-0.01,18.5,0,0,0.141,0.501,-1.467,-2.3,0.7,2.3,-0.36
28.7594480000001,181,-0.01,18.5,0,0,0.141,0.501,-1.467,-2.3,0.7,2.3,-0.36
28.7694480000001,243,-0.01,18.5,0,0,0.141,0.501,-1.467,-2.3,0.7,2.3,-0.36
28.7794480000001,231,-0.01,18.5,0,0,0.141,0.501,-1.467,-2.3,0.7,2.3,-0.36
28.7894480000001,176,-0.15,10.6,0,0,0.099,0.618,-0.993,1.5,-2.3,0.3,-0.32
28.7994480000001,247,-0.15,10.6,0,0,0.099,0.618,-0.993,1.5,-2.3,0.3,-0.32
28.8094480000001,242,-0.15,10.6,0,0,0.099,0.618,-0.993,1.5,-2.3,0.3,-0.32
28.8194480000001,218,-0.15,10.6,0,0,0.099,0.618,-0.993,1.5,-2.3,0.3,-0.32
28.8294480000001,208,-0.15,10.6,0,0,0.099,0.618,-0.993,1.5,-2.3,0.3,-0.32
28.8394480000001,233,-0.18,18.2,0,0,0.043,-0.52,-1.091,6.7,1,2.2,-0.36
28.8494480000001,244,-0.18,18.2,0,0,0.043,-0.52,-1.091,6.7,1,2.2,-0.36
28.8594480000001,174,-0.18,18.2,0,0,0.043,-0.52,-1.091,6.7,1,2.2,-0.36
28.8694480000001,224,-0.18,18.2,0,0,0.043,-0.52,-1.091,6.7,1,2.2,-0.36
28.8794480000001,229,-0.18,18.2,0,0,0.043,-0.52,-1.091,6.7,1,2.2,-0.36
28.8894480000001,199,-0.55,11.9,0,0,0.039,-0.088,-0.854,-15.4,-7,14.5,-0.37
28.8994480000001,245,-0.55,11.9,0,0,0.039,-0.088,-0.854,-15.4,-7,14.5,-0.37
28.9094480000001,240,-0.55,11.9,0,0,0.039,-0.088,-0.854,-15.4,-7,14.5,-0.37
28.9194480000001,217,-0.55,11.9,0,0,0.039,-0.088,-0.854,-15.4,-7,14.5,-0.37
28.9294480000001,182,-0.55,11.9,0,0,0.039,-0.088,-0.854,-15.4,-7,14.5,-0.37
28.9394480000001,232,-0.17,18.2,0,0,0.092,-0.196,-0.988,-13.2,-4.5,2,-0.31
28.9494480000001,237,-0.17,18.2,0,0,0.092,-0.196,-0.988,-13.2,-4.5,2,-0.31
28.9594480000001,185,-0.17,18.2,0,0,0.092,-0.196,-0.988,-13.2,-4.5,2,-0.31
28.9694480000001,252,-0.17,18.2,0,0,0.092,-0.196,-0.988,-13.2,-4.5,2,-0.31
28.9794480000001,236,-0.17,18.2,0,0,0.092,-0.196,-0.988,-13.2,-4.5,2,-0.31
28.9894480000001,213,-0.46,14,0,0,0.096,-0.042,-0.49,-15.1,-6.1,0.6,-0.42
28.9994480000001,250,-0.46,14,0,0,0.096,-0.042,-0.49,-15.1,-6.1,0.6,-0.42
29.0094480000001,251,-0.46,14,0,0,0.096,-0.042,-0.49,-15.1,-6.1,0.6,-0.42
29.0194480000001,221,-0.46,14,0,0,0.096,-0.042,-0.49,-15.1,-6.1,0.6,-0.42
29.0294480000001,180,-0.46,14,0,0,0.096,-0.042,-0.49,-15.1,-6.1,0.6,-0.42
29.0394480000001,242,-0.17,18.2,0,0,0.098,-0.318,-1.01,-14.7,-4.1,1.9,-0.31
29.0494480000001,234,-0.17,18.2,0,0,0.098,-0.318,-1.01,-14.7,-4.1,1.9,-0.31
29.0594480000001,173,-0.17,18.2,0,0,0.098,-0.318,-1.01,-14.7,-4.1,1.9,-0.31
29.0694480000001,245,-0.17,18.2,0,0,0.098,-0.318,-1.01,-14.7,-4.1,1.9,-0.31
29.0794480000001,240,-0.17,18.2,0,0,0.098,-0.318,-1.01,-14.7,-4.1,1.9,-0.31
29.0894480000001,217,-0.56,15.4,0,0,0.083,-0.02,-0.62,-14.8,-6.1,0.6,-0.15
29.0994480000001,214,-0.56,15.4,0,0,0.083,-0.02,-0.62,-14.8,-6.1,0.6,-0.15
29.1094480000001,236,-0.56,15.4,0,0,0.083,-0.02,-0.62,-14.8,-6.1,0.6,-0.15
29.1194480000001,245,-0.56,15.4,0,0,0.083,-0.02,-0.62,-14.8,-6.1,0.6,-0.15
29.1294480000001,171,-0.56,15.4,0,0,0.083,-0.02,-0.62,-14.8,-6.1,0.6,-0.15
29.1394480000001,222,-0.2,18.2,0,0,0.101,-0.059,-0.861,-10.4,-4.3,1.8,-0.27
29.1494480000001,236,-0.2,18.2,0,0,0.101,-0.059,-0.861,-10.4,-4.3,1.8,-0.27
29.1594480000001,194,-0.2,18.2,0,0,0.101,-0.059,-0.861,-10.4,-4.3,1.8,-0.27
29.1694480000001,240,-0.2,18.2,0,0,0.101,-0.059,-0.861,-10.4,-4.3,1.8,-0.27
29.1794480000001,246,-0.2,18.2,0,0,0.101,-0.059,-0.861,-10.4,-4.3,1.8,-0.27
29.1894480000001,219,-0.33,17.9,0,0,0.168,0.18,-0.67,-13.7,-2.7,1.5,0.05
29.1994480000001,178,-0.33,17.9,0,0,0.168,0.18,-0.67,-13.7,-2.7,1.5,0.05
29.2094480000001,229,-0.33,17.9,0,0,0.168,0.18,-0.67,-13.7,-2.7,1.5,0.05
29.2194480000001,238,-0.33,17.9,0,0,0.168,0.18,-0.67,-13.7,-2.7,1.5,0.05
29.2294480000001,183,-0.33,17.9,0,0,0.168,0.18,-0.67,-13.7,-2.7,1.5,0.05
29.2394480000001,250,-0.14,18.3,0,0,0.107,0.22,-0.948,-6,-4.4,2.5,-0.2
29.2494480000001,236,-0.14,18.3,0,0,0.107,0.22,-0.948,-6,-4.4,2.5,-0.2
29.2594480000001,213,-0.14,18.3,0,0,0.107,0.22,-0.948,-6,-4.4,2.5,-0.2
29.2694480000001,217,-0.14,18.3,0,0,0.107,0.22,-0.948,-6,-4.4,2.5,-0.2
29.2794480000001,247,-0.14,18.3,0,0,0.107,0.22,-0.948,-6,-4.4,2.5,-0.2
29.2894480000001,246,-0.21,18.3,0,0,0.182,0.254,-0.876,-15.2,-1,2,0.1
29.2994480000001,172,-0.21,18.3,0,0,0.182,0.254,-0.876,-15.2,-1,2,0.1
29.3094480000001,240,-0.21,18.3,0,0,0.182,0.254,-0.876,-15.2,-1,2,0.1
29.3194480000001,235,-0.21,18.3,0,0,0.182,0.254,-0.876,-15.2,-1,2,0.1
29.3294480000001,173,-0.21,18.3,0,0,0.182,0.254,-0.876,-15.2,-1,2,0.1
29.3394480000001,244,-0.07,18.6,0,0,0.109,0.437,-0.943,-2,-3.8,1.7,0.01
29.3494480000001,249,-0.07,18.6,0,0,0.109,0.437,-0.943,-2,-3.8,1.7,0.01
29.3594480000001,213,-0.07,18.6,0,0,0.109,0.437,-0.943,-2,-3.8,1.7,0.01
29.3694480000001,196,-0.07,18.6,0,0,0.109,0.437,-0.943,-2,-3.8,1.7,0.01
29.3794480000001,232,-0.07,18.6,0,0,0.109,0.437,-0.943,-2,-3.8,1.7,0.01
29.3894480000001,243,0.12,18.9,0,0,0.128,0.378,-1.36,3.5,0.3,2.5,0.04
29.3994480000001,167,0.12,18.9,0,0,0.128,0.378,-1.36,3.5,0.3,2.5,0.04
29.4094480000001,220,0.12,18.9,0,0,0.128,0.378,-1.36,3.5,0.3,2.5,0.04
29.4194480000001,239,0.12,18.9,0,0,0.128,0.378,-1.36,3.5,0.3,2.5,0.04
29.4294480000001,212,0.12,18.9,0,0,0.128,0.378,-1.36,3.5,0.3,2.5,0.04
29.4394480000001,202,0.25,18,0,0,0.044,0.437,-1.057,9,1,-0.9,-0.06
29.4494480000001,222,0.25,18,0,0,0.044,0.437,-1.057,9,1,-0.9,-0.06
29.4594480000001,244,0.25,18,0,0,0.044,0.437,-1.057,9,1,-0.9,-0.06
29.4694480000001,174,0.25,18,0,0,0.044,0.437,-1.057,9,1,-0.9,-0.06
29.4794480000001,220,0.25,18,0,0,0.044,0.437,-1.057,9,1,-0.9,-0.06
29.4894480000001,233,0.21,18.7,0,0,-0.071,0.389,-0.926,31.8,2,-1.5,-0.14
29.4994480000002,209,0.21,18.7,0,0,-0.071,0.389,-0.926,31.8,2,-1.5,-0.14
29.5094480000001,216,0.21,18.7,0,0,-0.071,0.389,-0.926,31.8,2,-1.5,-0.14
29.5194480000001,243,0.21,18.7,0,0,-0.071,0.389,-0.926,31.8,2,-1.5,-0.14
29.5294480000001,246,0.21,18.7,0,0,-0.071,0.389,-0.926,31.8,2,-1.5,-0.14
29.5394480000001,171,0.21,13.7,0,0,-0.025,-0.118,-1.129,8.4,4.8,-2.4,-0.21
29.5494480000002,237,0.21,13.7,0,0,-0.025,-0.118,-1.129,8.4,4.8,-2.4,-0.21
29.5594480000001,235,0.21,13.7,0,0,-0.025,-0.118,-1.129,8.4,4.8,-2.4,-0.21
29.5694480000002,176,0.21,13.7,0,0,-0.025,-0.118,-1.129,8.4,4.8,-2.4,-0.21
29.5794480000001,243,0.21,13.7,0,0,-0.025,-0.118,-1.129,8.4,4.8,-2.4,-0.21
29.5894480000002,250,0,18.5,0,0,-0.105,-0.057,-0.599,18.2,4,-2.9,-0.35
29.5994480000002,213,0,18.5,0,0,-0.105,-0.057,-0.599,18.2,4,-2.9,-0.35
29.6094480000001,189,0,18.5,0,0,-0.105,-0.057,-0.599,18.2,4,-2.9,-0.35
29.6194480000002,232,0,18.5,0,0,-0.105,-0.057,-0.599,18.2,4,-2.9,-0.35
29.6294480000001,219,0,18.5,0,0,-0.105,-0.057,-0.599,18.2,4,-2.9,-0.35
29.6394480000002,168,-0.44,7.6,0,0,-0.052,-0.616,-1.18,-0.9,1.5,-0.4,-0.31
29.6494480000002,241,-0.44,7.6,0,0,-0.052,-0.616,-1.18,-0.9,1.5,-0.4,-0.31
29.6594480000002,245,-0.44,7.6,0,0,-0.052,-0.616,-1.18,-0.9,1.5,-0.4,-0.31
29.6694480000002,209,-0.44,7.6,0,0,-0.052,-0.616,-1.18,-0.9,1.5,-0.4,-0.31
29.6794480000001,189,-0.44,7.6,0,0,-0.052,-0.616,-1.18,-0.9,1.5,-0.4,-0.31
29.6894480000002,222,-0.17,18.2,0,0,0.011,-0.497,-1.269,-13.9,-3.2,-0.3,-0.32
29.6994480000002,220,-0.17,18.2,0,0,0.011,-0.497,-1.269,-13.9,-3.2,-0.3,-0.32
29.7094480000002,171,-0.17,18.2,0,0,0.011,-0.497,-1.269,-13.9,-3.2,-0.3,-0.32
29.7194480000002,239,-0.17,18.2,0,0,0.011,-0.497,-1.269,-13.9,-3.2,-0.3,-0.32
29.7294480000002,250,-0.17,18.2,0,0,0.011,-0.497,-1.269,-13.9,-3.2,-0.3,-0.32
29.7394480000002,213,-0.3,18.1,0,0,0.049,-0.077,-0.837,-13.2,-5.9,0.8,0.08
29.7494480000002,190,-0.3,18.1,0,0,0.049,-0.077,-0.837,-13.2,-5.9,0.8,0.08
29.7594480000002,227,-0.3,18.1,0,0,0.049,-0.077,-0.837,-13.2,-5.9,0.8,0.08
29.7694480000002,222,-0.3,18.1,0,0,0.049,-0.077,-0.837,-13.2,-5.9,0.8,0.08
29.7794480000002,174,-0.3,18.1,0,0,0.049,-0.077,-0.837,-13.2,-5.9,0.8,0.08
29.7894480000002,244,-0.12,18.5,0,0,0.113,-0.041,-1.005,-8.5,-4,2.3,-0.07
29.7994480000002,239,-0.12,18.5,0,0,0.113,-0.041,-1.005,-8.5,-4,2.3,-0.07
29.8094480000002,215,-0.12,18.5,0,0,0.113,-0.041,-1.005,-8.5,-4,2.3,-0.07
29.8194480000002,204,-0.12,18.5,0,0,0.113,-0.041,-1.005,-8.5,-4,2.3,-0.07
29.8294480000002,236,-0.12,18.5,0,0,0.113,-0.041,-1.005,-8.5,-4,2.3,-0.07
29.8394480000002,243,0,18.7,0,0,0.163,0.201,-0.922,-15,-1.5,1.9,0.06
29.8494480000002,169,0,18.7,0,0,0.163,0.201,-0.922,-15,-1.5,1.9,0.06
29.8594480000002,224,0,18.7,0,0,0.163,0.201,-0.922,-15,-1.5,1.9,0.06
29.8694480000002,231,0,18.7,0,0,0.163,0.201,-0.922,-15,-1.5,1.9,0.06
29.8794480000002,204,0,18.7,0,0,0.163,0.201,-0.922,-15,-1.5,1.9,0.06
29.8894480000002,210,0.26,18.3,0,0,0.098,0.465,-0.937,1.2,-2.8,1,-0.03
29.8994480000002,238,0.26,18.3,0,0,0.098,0.465,-0.937,1.2,-2.8,1,-0.03
29.9094480000002,240,0.26,18.3,0,0,0.098,0.465,-0.937,1.2,-2.8,1,-0.03
29.9194480000002,166,0.26,18.3,0,0,0.098,0.465,-0.937,1.2,-2.8,1,-0.03
29.9294480000002,219,0.26,18.3,0,0,0.098,0.465,-0.937,1.2,-2.8,1,-0.03
29.9394480000002,227,0.19,18.7,0,0,0.022,0.476,-1.229,23,0,1.1,-0.22
29.9494480000002,201,0.19,18.7,0,0,0.022,0.476,-1.229,23,0,1.1,-0.22
29.9594480000002,207,0.19,18.7,0,0,0.022,0.476,-1.229,23,0,1.1,-0.22
29.9694480000002,226,0.19,18.7,0,0,0.022,0.476,-1.229,23,0,1.1,-0.22
29.9794480000002,239,0.19,18.7,0,0,0.022,0.476,-1.229,23,0,1.1,-0.22
29.9894480000002,168,-0.17,10.5,0,0,-0.034,-0.089,-0.911,12.3,3.4,-2.2,-0.24
29.9994480000002,215,-0.17,10.5,0,0,-0.034,-0.089,-0.911,12.3,3.4,-2.2,-0.24
30.0094480000002,230,-0.17,10.5,0,0,-0.034,-0.089,-0.911,12.3,3.4,-2.2,-0.24
30.0194480000002,208,-0.17,10.5,0,0,-0.034,-0.089,-0.911,12.3,3.4,-2.2,-0.24
30.0294480000002,202,-0.17,10.5,0,0,-0.034,-0.089,-0.911,12.3,3.4,-2.2,-0.24
30.0394480000002,221,-0.17,18.2,0,0,-0.037,-0.468,-0.958,-8.4,1.4,-2.5,-0.3
30.0494480000002,241,-0.17,18.2,0,0,-0.037,-0.468,-0.958,-8.4,1.4,-2.5,-0.3
30.0594480000002,174,-0.17,18.2,0,0,-0.037,-0.468,-0.958,-8.4,1.4,-2.5,-0.3
30.0694480000002,219,-0.17,18.2,0,0,-0.037,-0.468,-0.958,-8.4,1.4,-2.5,-0.3
30.0794480000002,232,-0.17,18.2,0,0,-0.037,-0.468,-0.958,-8.4,1.4,-2.5,-0.3
30.0894480000002,211,-0.39,17.9,0,0,-0.03,-0.37,-1.08,-7.8,-3.7,0.5,0
30.0994480000002,204,-0.39,17.9,0,0,-0.03,-0.37,-1.08,-7.8,-3.7,0.5,0
30.1094480000002,235,-0.39,17.9,0,0,-0.03,-0.37,-1.08,-7.8,-3.7,0.5,0
30.1194480000002,241,-0.39,17.9,0,0,-0.03,-0.37,-1.08,-7.8,-3.7,0.5,0
30.1294480000002,166,-0.39,17.9,0,0,-0.03,-0.37,-1.08,-7.8,-3.7,0.5,0
30.1394480000002,221,-0.13,18.5,0,0,0.08,-0.338,-1.102,-12.3,-3.7,1,-0.06
30.1494480000002,228,-0.13,18.5,0,0,0.08,-0.338,-1.102,-12.3,-3.7,1,-0.06
30.1594480000002,209,-0.13,18.5,0,0,0.08,-0.338,-1.102,-12.3,-3.7,1,-0.06
30.1694480000002,208,-0.13,18.5,0,0,0.08,-0.338,-1.102,-12.3,-3.7,1,-0.06
30.1794480000002,230,-0.13,18.5,0,0,0.08,-0.338,-1.102,-12.3,-3.7,1,-0.06
30.1894480000002,237,0.14,18.9,0,0,0.136,0.123,-0.797,-12.7,-2.8,1.3,0.03
30.1994480000002,161,0.14,18.9,0,0,0.136,0.123,-0.797,-12.7,-2.8,1.3,0.03
30.2094480000002,216,0.14,18.9,0,0,0.136,0.123,-0.797,-12.7,-2.8,1.3,0.03
30.2194480000002,234,0.14,18.9,0,0,0.136,0.123,-0.797,-12.7,-2.8,1.3,0.03
30.2294480000002,205,0.14,18.9,0,0,0.136,0.123,-0.797,-12.7,-2.8,1.3,0.03
30.2394480000002,194,0.21,15.1,0,0,0.076,0.446,-1.01,3.7,-1.6,0.6,-0.2
30.2494480000002,217,0.21,15.1,0,0,0.076,0.446,-1.01,3.7,-1.6,0.6,-0.2
30.2594480000002,213,0.21,15.1,0,0,0.076,0.446,-1.01,3.7,-1.6,0.6,-0.2
30.2694480000002,167,0.21,15.1,0,0,0.076,0.446,-1.01,3.7,-1.6,0.6,-0.2
30.2794480000002,234,0.21,15.1,0,0,0.076,0.446,-1.01,3.7,-1.6,0.6,-0.2
30.2894480000002,246,-0.15,18.2,0,0,-0.086,0.254,-0.513,23.6,3.5,-1.8,-0.34
30.2994480000002,205,-0.15,18.2,0,0,-0.086,0.254,-0.513,23.6,3.5,-1.8,-0.34
30.3094480000002,168,-0.15,18.2,0,0,-0.086,0.254,-0.513,23.6,3.5,-1.8,-0.34
30.3194480000002,218,-0.15,18.2,0,0,-0.086,0.254,-0.513,23.6,3.5,-1.8,-0.34
30.3294480000002,223,-0.15,18.2,0,0,-0.086,0.254,-0.513,23.6,3.5,-1.8,-0.34
30.3394480000002,184,-0.49,16.7,0,0,-0.026,-0.561,-1.112,0.9,2,-0.6,-0.18
30.3494480000002,241,-0.49,16.7,0,0,-0.026,-0.561,-1.112,0.9,2,-0.6,-0.18
30.3594480000002,246,-0.49,16.7,0,0,-0.026,-0.561,-1.112,0.9,2,-0.6,-0.18
30.3694480000002,209,-0.49,16.7,0,0,-0.026,-0.561,-1.112,0.9,2,-0.6,-0.18
30.3794480000002,165,-0.49,16.7,0,0,-0.026,-0.561,-1.112,0.9,2,-0.6,-0.18
30.3894480000002,233,-0.14,18.4,0,0,0.023,-0.507,-1.164,-15,-2.5,-0.8,-0.21
30.3994480000002,227,-0.14,18.4,0,0,0.023,-0.507,-1.164,-15,-2.5,-0.8,-0.21
30.4094480000002,180,-0.14,18.4,0,0,0.023,-0.507,-1.164,-15,-2.5,-0.8,-0.21
30.4194480000002,240,-0.14,18.4,0,0,0.023,-0.507,-1.164,-15,-2.5,-0.8,-0.21
30.4294480000002,250,-0.14,18.4,0,0,0.023,-0.507,-1.164,-15,-2.5,-0.8,-0.21
30.4394480000002,209,0.02,18.8,0,0,0.049,-0.015,-0.85,-13.1,-5.5,0,0.06
30.4494480000002,156,0.02,18.8,0,0,0.049,-0.015,-0.85,-13.1,-5.5,0,0.06
30.4594480000002,228,0.02,18.8,0,0,0.049,-0.015,-0.85,-13.1,-5.5,0,0.06
30.4694480000002,227,0.02,18.8,0,0,0.049,-0.015,-0.85,-13.1,-5.5,0,0.06
30.4794480000002,187,0.02,18.8,0,0,0.049,-0.015,-0.85,-13.1,-5.5,0,0.06
30.4894480000002,203,0.25,17.6,0,0,0.101,0.258,-1.019,-2.5,-3.3,1.7,-0.13
30.4994480000002,230,0.25,17.6,0,0,0.101,0.258,-1.019,-2.5,-3.3,1.7,-0.13
30.5094480000002,235,0.25,17.6,0,0,0.101,0.258,-1.019,-2.5,-3.3,1.7,-0.13
30.5194480000002,153,0.25,17.6,0,0,0.101,0.258,-1.019,-2.5,-3.3,1.7,-0.13
30.5294480000002,210,0.25,17.6,0,0,0.101,0.258,-1.019,-2.5,-3.3,1.7,-0.13
30.5394480000002,242,-0.11,18.3,0,0,-0.002,0.467,-1.042,24.2,-0.4,1.2,-0.36
30.5494480000002,204,-0.11,18.3,0,0,-0.002,0.467,-1.042,24.2,-0.4,1.2,-0.36
30.5594480000002,173,-0.11,18.3,0,0,-0.002,0.467,-1.042,24.2,-0.4,1.2,-0.36
30.5694480000002,210,-0.11,18.3,0,0,-0.002,0.467,-1.042,24.2,-0.4,1.2,-0.36
30.5794480000002,221,-0.11,18.3,0,0,-0.002,0.467,-1.042,24.2,-0.4,1.2,-0.36
30.5894480000002,181,-0.49,16.7,0,0,-0.018,-0.398,-0.934,5.1,3.1,-1.8,-0.16
30.5994480000002,237,-0.49,16.7,0,0,-0.018,-0.398,-0.934,5.1,3.1,-1.8,-0.16
30.6094480000002,243,-0.49,16.7,0,0,-0.018,-0.398,-0.934,5.1,3.1,-1.8,-0.16
30.6194480000002,206,-0.49,16.7,0,0,-0.018,-0.398,-0.934,5.1,3.1,-1.8,-0.16
30.6294480000002,166,-0.49,16.7,0,0,-0.018,-0.398,-0.934,5.1,3.1,-1.8,-0.16
30.6394480000002,226,-0.14,18.4,0,0,0.01,-0.497,-1.205,-14.9,-2.1,-1.2,-0.15
30.6494480000002,223,-0.14,18.4,0,0,0.01,-0.497,-1.205,-14.9,-2.1,-1.2,-0.15
30.6594480000002,186,-0.14,18.4,0,0,0.01,-0.497,-1.205,-14.9,-2.1,-1.2,-0.15
30.6694480000002,206,-0.14,18.4,0,0,0.01,-0.497,-1.205,-14.9,-2.1,-1.2,-0.15
30.6794480000002,242,-0.14,18.4,0,0,0.01,-0.497,-1.205,-14.9,-2.1,-1.2,-0.15
30.6894480000002,240,0.08,18.8,0,0,0.045,-0.038,-0.806,-12.9,-5.4,0,0.05
30.6994480000002,158,0.08,18.8,0,0,0.045,-0.038,-0.806,-12.9,-5.4,0,0.05
30.7094480000002,217,0.08,18.8,0,0,0.045,-0.038,-0.806,-12.9,-5.4,0,0.05
30.7194480000002,226,0.08,18.8,0,0,0.045,-0.038,-0.806,-12.9,-5.4,0,0.05
30.7294480000002,204,0.08,18.8,0,0,0.045,-0.038,-0.806,-12.9,-5.4,0,0.05
30.7394480000002,203,0.24,15.4,0,0,0.1,0.269,-1.055,-1.5,-3.5,1.7,-0.18
30.7494480000002,224,0.24,15.4,0,0,0.1,0.269,-1.055,-1.5,-3.5,1.7,-0.18
30.7594480000002,212,0.24,15.4,0,0,0.1,0.269,-1.055,-1.5,-3.5,1.7,-0.18
30.7694480000002,155,0.24,15.4,0,0,0.1,0.269,-1.055,-1.5,-3.5,1.7,-0.18
30.7794480000002,231,0.24,15.4,0,0,0.1,0.269,-1.055,-1.5,-3.5,1.7,-0.18
30.7894480000002,245,-0.19,18.1,0,0,-0.013,0.426,-0.907,26.2,0.5,1.1,-0.32
30.7994480000002,199,-0.19,18.1,0,0,-0.013,0.426,-0.907,26.2,0.5,1.1,-0.32
30.8094480000002,160,-0.19,18.1,0,0,-0.013,0.426,-0.907,26.2,0.5,1.1,-0.32
30.8194480000002,208,-0.19,18.1,0,0,-0.013,0.426,-0.907,26.2,0.5,1.1,-0.32
30.8294480000002,219,-0.19,18.1,0,0,-0.013,0.426,-0.907,26.2,0.5,1.1,-0.32
30.8394480000002,195,-0.25,18.2,0,0,0.009,-0.554,-0.841,-5,2.3,-1.2,0.11
30.8494480000002,201,-0.25,18.2,0,0,0.009,-0.554,-0.841,-5,2.3,-1.2,0.11
30.8594480000002,211,-0.25,18.2,0,0,0.009,-0.554,-0.841,-5,2.3,-1.2,0.11
30.8694480000002,206,-0.25,18.2,0,0,0.009,-0.554,-0.841,-5,2.3,-1.2,0.11
30.8794480000002,164,-0.25,18.2,0,0,0.009,-0.554,-0.841,-5,2.3,-1.2,0.11
30.8894480000002,235,0.18,18.6,0,0,0.048,-0.285,-1.119,-7.6,-3.5,0.3,0.06
30.8994480000002,251,0.18,18.6,0,0,0.048,-0.285,-1.119,-7.6,-3.5,0.3,0.06
30.9094480000002,204,0.18,18.6,0,0,0.048,-0.285,-1.119,-7.6,-3.5,0.3,0.06
30.9194480000002,167,0.18,18.6,0,0,0.048,-0.285,-1.119,-7.6,-3.5,0.3,0.06
30.9294480000002,224,0.18,18.6,0,0,0.048,-0.285,-1.119,-7.6,-3.5,0.3,0.06
30.9394480000002,222,0.19,18.7,0,0,0.163,0.164,-1.192,-7.9,-1.3,2.6,-0.18
30.9494480000002,178,0.19,18.7,0,0,0.163,0.164,-1.192,-7.9,-1.3,2.6,-0.18
30.9594480000002,204,0.19,18.7,0,0,0.163,0.164,-1.192,-7.9,-1.3,2.6,-0.18
30.9694480000002,243,0.19,18.7,0,0,0.163,0.164,-1.192,-7.9,-1.3,2.6,-0.18
30.9794480000002,237,0.19,18.7,0,0,0.163,0.164,-1.192,-7.9,-1.3,2.6,-0.18
30.9894480000002,154,-0.23,9.8,0,0,0.035,0.473,-0.854,6.7,-0.3,-0.8,-0.31
30.9994480000002,214,-0.23,9.8,0,0,0.035,0.473,-0.854,6.7,-0.3,-0.8,-0.31
31.0094480000002,227,-0.23,9.8,0,0,0.035,0.473,-0.854,6.7,-0.3,-0.8,-0.31
31.0194480000002,205,-0.23,9.8,0,0,0.035,0.473,-0.854,6.7,-0.3,-0.8,-0.31
31.0294480000002,199,-0.23,9.8,0,0,0.035,0.473,-0.854,6.7,-0.3,-0.8,-0.31
31.0394480000002,222,-0.17,18.3,0,0,-0.079,-0.075,-0.582,4.2,4,-2.7,-0.26
31.0494480000002,209,-0.17,18.3,0,0,-0.079,-0.075,-0.582,4.2,4,-2.7,-0.26
31.0594480000002,156,-0.17,18.3,0,0,-0.079,-0.075,-0.582,4.2,4,-2.7,-0.26
31.0694480000002,231,-0.17,18.3,0,0,-0.079,-0.075,-0.582,4.2,4,-2.7,-0.26
31.0794480000002,248,-0.17,18.3,0,0,-0.079,-0.075,-0.582,4.2,4,-2.7,-0.26
31.0894480000002,198,0.16,18.8,0,0,-0.008,-0.195,-1.255,-13.3,-3.7,0.4,0.02
31.0994480000002,148,0.16,18.8,0,0,-0.008,-0.195,-1.255,-13.3,-3.7,0.4,0.02
31.1094480000002,205,0.16,18.8,0,0,-0.008,-0.195,-1.255,-13.3,-3.7,0.4,0.02
31.1194480000002,229,0.16,18.8,0,0,-0.008,-0.195,-1.255,-13.3,-3.7,0.4,0.02
31.1294480000002,198,0.16,18.8,0,0,-0.008,-0.195,-1.255,-13.3,-3.7,0.4,0.02
31.1394480000002,189,0,12.2,0,0,0.105,0.26,-1.008,-1.4,-2.1,1.3,-0.32
31.1494480000002,206,0,12.2,0,0,0.105,0.26,-1.008,-1.4,-2.1,1.3,-0.32
31.1594480000002,204,0,12.2,0,0,0.105,0.26,-1.008,-1.4,-2.1,1.3,-0.32
31.1694480000002,179,0,12.2,0,0,0.105,0.26,-1.008,-1.4,-2.1,1.3,-0.32
31.1794480000002,233,0,12.2,0,0,0.105,0.26,-1.008,-1.4,-2.1,1.3,-0.32
31.1894480000002,233,-0.16,18.3,0,0,-0.062,0.349,-0.542,25,2.3,-0.6,-0.29
31.1994480000002,199,-0.16,18.3,0,0,-0.062,0.349,-0.542,25,2.3,-0.6,-0.29
31.2094480000002,158,-0.16,18.3,0,0,-0.062,0.349,-0.542,25,2.3,-0.6,-0.29
31.2194480000002,209,-0.16,18.3,0,0,-0.062,0.349,-0.542,25,2.3,-0.6,-0.29
31.2294480000002,234,-0.16,18.3,0,0,-0.062,0.349,-0.542,25,2.3,-0.6,-0.29
31.2394480000002,202,-0.09,18.6,0,0,-0.003,-0.579,-1.127,-3.4,1.1,-0.3,0.08
31.2494480000002,178,-0.09,18.6,0,0,-0.003,-0.579,-1.127,-3.4,1.1,-0.3,0.08
31.2594480000002,226,-0.09,18.6,0,0,-0.003,-0.579,-1.127,-3.4,1.1,-0.3,0.08
31.2694480000002,220,-0.09,18.6,0,0,-0.003,-0.579,-1.127,-3.4,1.1,-0.3,0.08
31.2794480000002,164,-0.09,18.6,0,0,-0.003,-0.579,-1.127,-3.4,1.1,-0.3,0.08
31.2894480000002,233,0.28,17.7,0,0,0.069,-0.295,-1.065,-7.9,-3,0.5,-0.11
31.2994480000002,248,0.28,17.7,0,0,0.069,-0.295,-1.065,-7.9,-3,0.5,-0.11
31.3094480000002,200,0.28,17.7,0,0,0.069,-0.295,-1.065,-7.9,-3,0.5,-0.11
31.3194480000002,146,0.28,17.7,0,0,0.069,-0.295,-1.065,-7.9,-3,0.5,-0.11
31.3294480000002,208,0.28,17.7,0,0,0.069,-0.295,-1.065,-7.9,-3,0.5,-0.11
31.3394480000002,232,-0.15,18.3,0,0,0.116,0.283,-1.432,8.7,-1.3,3.5,-0.33
31.3494480000002,196,-0.15,18.3,0,0,0.116,0.283,-1.432,8.7,-1.3,3.5,-0.33
31.3594480000002,172,-0.15,18.3,0,0,0.116,0.283,-1.432,8.7,-1.3,3.5,-0.33
31.3694480000002,213,-0.15,18.3,0,0,0.116,0.283,-1.432,8.7,-1.3,3.5,-0.33
31.3794480000002,214,-0.15,18.3,0,0,0.116,0.283,-1.432,8.7,-1.3,3.5,-0.33
31.3894480000002,178,-0.19,18.4,0,0,-0.015,-0.297,-0.702,4.8,2.5,-2.6,0.1
31.3994480000002,196,-0.19,18.4,0,0,-0.015,-0.297,-0.702,4.8,2.5,-2.6,0.1
31.4094480000002,212,-0.19,18.4,0,0,-0.015,-0.297,-0.702,4.8,2.5,-2.6,0.1
31.4194480000002,199,-0.19,18.4,0,0,-0.015,-0.297,-0.702,4.8,2.5,-2.6,0.1
31.4294480000002,162,-0.19,18.4,0,0,-0.015,-0.297,-0.702,4.8,2.5,-2.6,0.1
31.4394480000002,228,0.26,17.8,0,0,0.022,-0.261,-1.215,-6.5,-3.9,0,-0.1
31.4494480000002,231,0.26,17.8,0,0,0.022,-0.261,-1.215,-6.5,-3.9,0,-0.1
31.4594480000002,197,0.26,17.8,0,0,0.022,-0.261,-1.215,-6.5,-3.9,0,-0.1
31.4694480000002,160,0.26,17.8,0,0,0.022,-0.261,-1.215,-6.5,-3.9,0,-0.1
31.4794480000002,203,0.26,17.8,0,0,0.022,-0.261,-1.215,-6.5,-3.9,0,-0.1
31.4894480000002,233,-0.13,18.3,0,0,0.128,0.266,-1.462,5.6,-1.4,3.5,-0.33
31.4994480000002,198,-0.13,18.3,0,0,0.128,0.266,-1.462,5.6,-1.4,3.5,-0.33
31.5094480000002,175,-0.13,18.3,0,0,0.128,0.266,-1.462,5.6,-1.4,3.5,-0.33
31.5194480000002,219,-0.13,18.3,0,0,0.128,0.266,-1.462,5.6,-1.4,3.5,-0.33
31.5294480000002,214,-0.13,18.3,0,0,0.128,0.266,-1.462,5.6,-1.4,3.5,-0.33
31.5394480000002,172,-0.3,18.1,0,0,-0.019,-0.084,-0.857,6.2,3.3,-2.4,0.08
31.5494480000002,200,-0.3,18.1,0,0,-0.019,-0.084,-0.857,6.2,3.3,-2.4,0.08
31.5594480000002,236,-0.3,18.1,0,0,-0.019,-0.084,-0.857,6.2,3.3,-2.4,0.08
31.5694480000002,231,-0.3,18.1,0,0,-0.019,-0.084,-0.857,6.2,3.3,-2.4,0.08
31.5794480000002,149,-0.3,18.1,0,0,-0.019,-0.084,-0.857,6.2,3.3,-2.4,0.08
31.6032779,208,0.23,18.5,0,0,0.008,-0.405,-1.253,-13.8,-2.5,-1.8,0.01
31.6132779,240,0.23,18.5,0,0,0.008,-0.405,-1.253,-13.8,-2.5,-1.8,0.01
31.6232779,198,0.23,18.5,0,0,0.008,-0.405,-1.253,-13.8,-2.5,-1.8,0.01
31.6332779,163,0.23,18.5,0,0,0.008,-0.405,-1.253,-13.8,-2.5,-1.8,0.01
31.6432779,215,0.23,18.5,0,0,0.008,-0.405,-1.253,-13.8,-2.5,-1.8,0.01
31.6532779,212,-0.09,18.4,0,0,0.114,0.087,-1.079,-6.2,-1.5,1.8,-0.35
31.6632779,184,-0.09,18.4,0,0,0.114,0.087,-1.079,-6.2,-1.5,1.8,-0.35
31.6732779,197,-0.09,18.4,0,0,0.114,0.087,-1.079,-6.2,-1.5,1.8,-0.35
31.6832779,209,-0.09,18.4,0,0,0.114,0.087,-1.079,-6.2,-1.5,1.8,-0.35
31.6932779,198,-0.09,18.4,0,0,0.114,0.087,-1.079,-6.2,-1.5,1.8,-0.35
31.7032779,166,-0.24,18.2,0,0,-0.036,0.089,-0.81,10.6,1.4,-1.7,0.1
31.7132779,194,-0.24,18.2,0,0,-0.036,0.089,-0.81,10.6,1.4,-1.7,0.1
31.7232779,219,-0.24,18.2,0,0,-0.036,0.089,-0.81,10.6,1.4,-1.7,0.1
31.7332779,225,-0.24,18.2,0,0,-0.036,0.089,-0.81,10.6,1.4,-1.7,0.1
31.7432779,156,-0.24,18.2,0,0,-0.036,0.089,-0.81,10.6,1.4,-1.7,0.1
31.7532779,200,0.27,17.4,0,0,-0.005,-0.286,-1.37,-10.7,-3.8,0,-0.13
31.7632779,224,0.27,17.4,0,0,-0.005,-0.286,-1.37,-10.7,-3.8,0,-0.13
31.7732779,195,0.27,17.4,0,0,-0.005,-0.286,-1.37,-10.7,-3.8,0,-0.13
31.7832779,170,0.27,17.4,0,0,-0.005,-0.286,-1.37,-10.7,-3.8,0,-0.13
31.7932779,200,0.27,17.4,0,0,-0.005,-0.286,-1.37,-10.7,-3.8,0,-0.13
31.8032779,232,-0.18,18.3,0,0,0.109,0.253,-1.443,6.1,-1.5,3.4,-0.29
31.8132779,191,-0.18,18.3,0,0,0.109,0.253,-1.443,6.1,-1.5,3.4,-0.29
31.8232779,163,-0.18,18.3,0,0,0.109,0.253,-1.443,6.1,-1.5,3.4,-0.29
31.8332779,215,-0.18,18.3,0,0,0.109,0.253,-1.443,6.1,-1.5,3.4,-0.29
31.8432779,213,-0.18,18.3,0,0,0.109,0.253,-1.443,6.1,-1.5,3.4,-0.29
31.8532779,185,-0.12,18.6,0,0,-0.011,-0.237,-0.899,4.5,2.9,-2.2,0.09
31.8632779,196,-0.12,18.6,0,0,-0.011,-0.237,-0.899,4.5,2.9,-2.2,0.09
31.8732779,221,-0.12,18.6,0,0,-0.011,-0.237,-0.899,4.5,2.9,-2.2,0.09
31.8832779,208,-0.12,18.6,0,0,-0.011,-0.237,-0.899,4.5,2.9,-2.2,0.09
31.8932779,155,-0.12,18.6,0,0,-0.011,-0.237,-0.899,4.5,2.9,-2.2,0.09
31.9032779,227,0.28,16.8,0,0,0.005,0.356,-1.205,-10.7,-3.1,-1,-0.15
31.9132779,247,0.28,16.8,0,0,0.005,0.356,-1.205,-10.7,-3.1,-1,-0.15
31.9232779,196,0.28,16.8,0,0,0.005,0.356,-1.205,-10.7,-3.1,-1,-0.15
31.9332779,141,0.28,16.8,0,0,0.005,0.356,-1.205,-10.7,-3.1,-1,-0.15
31.9432779,203,0.28,16.8,0,0,0.005,0.356,-1.205,-10.7,-3.1,-1,-0.15
31.9532779,237,-0.17,18.2,0,0,-0.002,-0.326,-1.214,-14.3,-1.2,-12.1,-0.3
31.9632779,191,-0.17,18.2,0,0,-0.002,-0.326,-1.214,-14.3,-1.2,-12.1,-0.3
31.9732779,157,-0.17,18.2,0,0,-0.002,-0.326,-1.214,-14.3,-1.2,-12.1,-0.3
31.9832779,201,-0.17,18.2,0,0,-0.002,-0.326,-1.214,-14.3,-1.2,-12.1,-0.3
31.9932779,219,-0.17,18.2,0,0,-0.002,-0.326,-1.214,-14.3,-1.2,-12.1,-0.3
32.0032779,190,0.1,18.8,0,0,0.099,0.077,-1.103,-2.5,-1.3,2,0.05
32.0132779,166,0.1,18.8,0,0,0.099,0.077,-1.103,-2.5,-1.3,2,0.05
32.0232779,199,0.1,18.8,0,0,0.099,0.077,-1.103,-2.5,-1.3,2,0.05
32.0332779,209,0.1,18.8,0,0,0.099,0.077,-1.103,-2.5,-1.3,2,0.05
32.0432779,189,0.1,18.8,0,0,0.099,0.077,-1.103,-2.5,-1.3,2,0.05
32.0532779,194,-0.09,18.2,0,0,-0.018,-0.263,-0.396,3.1,3.1,-3.8,-0.45
32.0632779,187,-0.09,18.2,0,0,-0.018,-0.263,-0.396,3.1,3.1,-3.8,-0.45
32.0732779,191,-0.09,18.2,0,0,-0.018,-0.263,-0.396,3.1,3.1,-3.8,-0.45
32.0832779,191,-0.09,18.2,0,0,-0.018,-0.263,-0.396,3.1,3.1,-3.8,-0.45
32.0932779,204,-0.09,18.2,0,0,-0.018,-0.263,-0.396,3.1,3.1,-3.8,-0.45
32.1032779,183,-0.23,18.2,0,0,-0.008,-0.057,-1.369,-2,-4.2,0.2,0.1
32.1132779,182,-0.23,18.2,0,0,-0.008,-0.057,-1.369,-2,-4.2,0.2,0.1
32.1232779,206,-0.23,18.2,0,0,-0.008,-0.057,-1.369,-2,-4.2,0.2,0.1
32.1332779,237,-0.23,18.2,0,0,-0.008,-0.057,-1.369,-2,-4.2,0.2,0.1
32.1432779,169,-0.23,18.2,0,0,-0.008,-0.057,-1.369,-2,-4.2,0.2,0.1
32.1532779,190,0.21,17.8,0,0,0.04,0.347,-1.183,8.5,-0.3,1.2,-0.13
32.1632779,235,0.21,17.8,0,0,0.04,0.347,-1.183,8.5,-0.3,1.2,-0.13
32.1732779,201,0.21,17.8,0,0,0.04,0.347,-1.183,8.5,-0.3,1.2,-0.13
32.1832779,147,0.21,17.8,0,0,0.04,0.347,-1.183,8.5,-0.3,1.2,-0.13
32.1932779,190,0.21,17.8,0,0,0.04,0.347,-1.183,8.5,-0.3,1.2,-0.13
32.2032779,243,-0.21,18.2,0,0,0.014,-0.402,-1.109,-16.5,0.4,-2.9,-0.34
32.2132779,200,-0.21,18.2,0,0,0.014,-0.402,-1.109,-16.5,0.4,-2.9,-0.34
32.2232779,148,-0.21,18.2,0,0,0.014,-0.402,-1.109,-16.5,0.4,-2.9,-0.34
32.2332779,190,-0.21,18.2,0,0,0.014,-0.402,-1.109,-16.5,0.4,-2.9,-0.34
32.2432779,227,-0.21,18.2,0,0,0.014,-0.402,-1.109,-16.5,0.4,-2.9,-0.34
32.2532779,200,0.14,18.8,0,0,0.094,0.104,-0.979,1.7,-1.6,1.8,0.05
32.2632779,158,0.14,18.8,0,0,0.094,0.104,-0.979,1.7,-1.6,1.8,0.05
32.2732779,187,0.14,18.8,0,0,0.094,0.104,-0.979,1.7,-1.6,1.8,0.05
32.2832779,220,0.14,18.8,0,0,0.094,0.104,-0.979,1.7,-1.6,1.8,0.05
32.2932779,197,0.14,18.8,0,0,0.094,0.104,-0.979,1.7,-1.6,1.8,0.05
32.3032779,162,-0.23,10,0,0,-0.026,-0.107,-0.438,5.7,2.1,-3.2,-0.02
32.3132779,183,-0.23,10,0,0,-0.026,-0.107,-0.438,5.7,2.1,-3.2,-0.02
32.3232779,216,-0.23,10,0,0,-0.026,-0.107,-0.438,5.7,2.1,-3.2,-0.02
32.3332779,192,-0.23,10,0,0,-0.026,-0.107,-0.438,5.7,2.1,-3.2,-0.02
32.3432779,155,-0.23,10,0,0,-0.026,-0.107,-0.438,5.7,2.1,-3.2,-0.02
32.3532779,176,0.12,18.8,0,0,0.02,0.148,-0.974,-2.7,-3.1,0.4,0.05
32.3632779,194,0.12,18.8,0,0,0.02,0.148,-0.974,-2.7,-3.1,0.4,0.05
32.3732779,195,0.12,18.8,0,0,0.02,0.148,-0.974,-2.7,-3.1,0.4,0.05
32.3832779,200,0.12,18.8,0,0,0.02,0.148,-0.974,-2.7,-3.1,0.4,0.05
32.3932779,191,0.12,18.8,0,0,0.02,0.148,-0.974,-2.7,-3.1,0.4,0.05
32.4032779,202,-0.41,12,0,0,-0.043,0.069,-0.551,7.1,2.3,-3.1,-0.43
32.4132779,187,-0.41,12,0,0,-0.043,0.069,-0.551,7.1,2.3,-3.1,-0.43
32.4232779,152,-0.41,12,0,0,-0.043,0.069,-0.551,7.1,2.3,-3.1,-0.43
32.4332779,179,-0.41,12,0,0,-0.043,0.069,-0.551,7.1,2.3,-3.1,-0.43
32.4432779,217,-0.41,12,0,0,-0.043,0.069,-0.551,7.1,2.3,-3.1,-0.43
32.4532779,214,-0.02,18.7,0,0,0.059,-0.279,-1.116,-2.7,-3.1,0.2,0.03
32.4632779,192,-0.02,18.7,0,0,0.059,-0.279,-1.116,-2.7,-3.1,0.2,0.03
32.4732779,170,-0.02,18.7,0,0,0.059,-0.279,-1.116,-2.7,-3.1,0.2,0.03
32.4832779,194,-0.02,18.7,0,0,0.059,-0.279,-1.116,-2.7,-3.1,0.2,0.03
32.4932779,219,-0.02,18.7,0,0,0.059,-0.279,-1.116,-2.7,-3.1,0.2,0.03
32.5032779,201,0.01,18.5,0,0,0.009,0.357,-0.689,27.1,0.4,1.7,-0.33
32.5132779,156,0.01,18.5,0,0,0.009,0.357,-0.689,27.1,0.4,1.7,-0.33
32.5232779,192,0.01,18.5,0,0,0.009,0.357,-0.689,27.1,0.4,1.7,-0.33
32.5332779,235,0.01,18.5,0,0,0.009,0.357,-0.689,27.1,0.4,1.7,-0.33
32.5432779,197,0.01,18.5,0,0,0.009,0.357,-0.689,27.1,0.4,1.7,-0.33
32.5532779,140,-0.26,18.2,0,0,0.046,-0.373,-1.181,-12.9,-0.9,0.2,0.1
32.5632779,222,-0.26,18.2,0,0,0.046,-0.373,-1.181,-12.9,-0.9,0.2,0.1
32.5732779,240,-0.26,18.2,0,0,0.046,-0.373,-1.181,-12.9,-0.9,0.2,0.1
32.5832779,185,-0.26,18.2,0,0,0.046,-0.373,-1.181,-12.9,-0.9,0.2,0.1
32.5932779,135,-0.26,18.2,0,0,0.046,-0.373,-1.181,-12.9,-0.9,0.2,0.1
32.6032779,195,0.21,15.5,0,0,0.068,0.403,-1.018,8.8,-0.9,2,-0.2
32.6132779,235,0.21,15.5,0,0,0.068,0.403,-1.018,8.8,-0.9,2,-0.2
32.6232779,184,0.21,15.5,0,0,0.068,0.403,-1.018,8.8,-0.9,2,-0.2
32.6332779,139,0.21,15.5,0,0,0.068,0.403,-1.018,8.8,-0.9,2,-0.2
32.6432779,194,0.21,15.5,0,0,0.068,0.403,-1.018,8.8,-0.9,2,-0.2
32.6532779,198,-0.35,17.9,0,0,0.051,-0.495,-1.154,-19.1,0.9,-0.6,0.11
32.6632779,185,-0.35,17.9,0,0,0.051,-0.495,-1.154,-19.1,0.9,-0.6,0.11
32.6732779,196,-0.35,17.9,0,0,0.051,-0.495,-1.154,-19.1,0.9,-0.6,0.11
32.6832779,194,-0.35,17.9,0,0,0.051,-0.495,-1.154,-19.1,0.9,-0.6,0.11
32.6932779,172,-0.35,17.9,0,0,0.051,-0.495,-1.154,-19.1,0.9,-0.6,0.11
32.7032779,180,0.2,18.7,0,0,0.09,0.253,-1.349,6.3,-0.6,3.1,-0.18
32.7132779,197,0.2,18.7,0,0,0.09,0.253,-1.349,6.3,-0.6,3.1,-0.18
32.7232779,197,0.2,18.7,0,0,0.09,0.253,-1.349,6.3,-0.6,3.1,-0.18
32.7332779,234,0.2,18.7,0,0,0.09,0.253,-1.349,6.3,-0.6,3.1,-0.18
32.7432779,181,0.2,18.7,0,0,0.09,0.253,-1.349,6.3,-0.6,3.1,-0.18
32.7532779,137,-0.39,17.9,0,0,0.054,-0.53,-0.878,-6.9,1.2,-1.4,0.02
32.7632779,196,-0.39,17.9,0,0,0.054,-0.53,-0.878,-6.9,1.2,-1.4,0.02
32.7732779,241,-0.39,17.9,0,0,0.054,-0.53,-0.878,-6.9,1.2,-1.4,0.02
32.7832779,185,-0.39,17.9,0,0,0.054,-0.53,-0.878,-6.9,1.2,-1.4,0.02
32.7932779,142,-0.39,17.9,0,0,0.054,-0.53,-0.878,-6.9,1.2,-1.4,0.02
32.8032779,196,0.29,17.8,0,0,0.094,0.116,-1.124,2.8,-2.1,2.1,-0.09
32.8132779,232,0.29,17.8,0,0,0.094,0.116,-1.124,2.8,-2.1,2.1,-0.09
32.8232779,188,0.29,17.8,0,0,0.094,0.116,-1.124,2.8,-2.1,2.1,-0.09
32.8332779,150,0.29,17.8,0,0,0.094,0.116,-1.124,2.8,-2.1,2.1,-0.09
32.8432779,197,0.29,17.8,0,0,0.094,0.116,-1.124,2.8,-2.1,2.1,-0.09
32.8532779,225,-0.17,18.3,0,0,-0.034,0.019,-0.543,0.2,3.2,-1.8,-0.3
32.8632779,186,-0.17,18.3,0,0,-0.034,0.019,-0.543,0.2,3.2,-1.8,-0.3
32.8732779,157,-0.17,18.3,0,0,-0.034,0.019,-0.543,0.2,3.2,-1.8,-0.3
32.8832779,194,-0.17,18.3,0,0,-0.034,0.019,-0.543,0.2,3.2,-1.8,-0.3
32.8932779,218,-0.17,18.3,0,0,-0.034,0.019,-0.543,0.2,3.2,-1.8,-0.3
32.9032779,181,0.22,18.7,0,0,0.014,0.085,-0.989,-2.9,-2.8,0.5,-0.05
32.9132779,154,0.22,18.7,0,0,0.014,0.085,-0.989,-2.9,-2.8,0.5,-0.05
32.9232779,192,0.22,18.7,0,0,0.014,0.085,-0.989,-2.9,-2.8,0.5,-0.05
32.9332779,221,0.22,18.7,0,0,0.014,0.085,-0.989,-2.9,-2.8,0.5,-0.05
32.9432779,182,0.22,18.7,0,0,0.014,0.085,-0.989,-2.9,-2.8,0.5,-0.05
32.9532779,151,-0.46,17.5,0,0,-0.018,-0.269,-0.52,-4.2,2.1,-3.8,-0.14
32.9632779,190,-0.46,17.5,0,0,-0.018,-0.269,-0.52,-4.2,2.1,-3.8,-0.14
32.9732779,184,-0.46,17.5,0,0,-0.018,-0.269,-0.52,-4.2,2.1,-3.8,-0.14
32.9832779,178,-0.46,17.5,0,0,-0.018,-0.269,-0.52,-4.2,2.1,-3.8,-0.14
32.9932779,197,-0.46,17.5,0,0,-0.018,-0.269,-0.52,-4.2,2.1,-3.8,-0.14
33.0032779,193,0.28,17.3,0,0,0.079,0.148,-1.003,4.6,-3,1.5,-0.11
33.0132778999999,173,0.28,17.3,0,0,0.079,0.148,-1.003,4.6,-3,1.5,-0.11
33.0232779,178,0.28,17.3,0,0,0.079,0.148,-1.003,4.6,-3,1.5,-0.11
33.0332779,196,0.28,17.3,0,0,0.079,0.148,-1.003,4.6,-3,1.5,-0.11
33.0432778999999,194,0.28,17.3,0,0,0.079,0.148,-1.003,4.6,-3,1.5,-0.11
33.0532778999999,189,-0.48,17.3,0,0,0.032,-0.282,-0.502,1,1.7,-3.2,0.06
33.0632778999999,184,-0.48,17.3,0,0,0.032,-0.282,-0.502,1,1.7,-3.2,0.06
33.0732779,218,-0.48,17.3,0,0,0.032,-0.282,-0.502,1,1.7,-3.2,0.06
33.0832778999999,191,-0.48,17.3,0,0,0.032,-0.282,-0.502,1,1.7,-3.2,0.06
33.0932778999999,142,-0.48,17.3,0,0,0.032,-0.282,-0.502,1,1.7,-3.2,0.06
33.1032778999999,182,0.22,18.2,0,0,0.051,0.04,-1.055,-1,-3.7,0.4,-0.11
33.1132778999999,236,0.22,18.2,0,0,0.051,0.04,-1.055,-1,-3.7,0.4,-0.11
33.1232778999999,193,0.22,18.2,0,0,0.051,0.04,-1.055,-1,-3.7,0.4,-0.11
33.1332778999999,138,0.22,18.2,0,0,0.051,0.04,-1.055,-1,-3.7,0.4,-0.11
33.1432778999999,182,0.22,18.2,0,0,0.051,0.04,-1.055,-1,-3.7,0.4,-0.11
33.1532778999999,237,-0.23,18,0,0,-0.028,-0.039,-0.609,-5.2,2.1,-2.5,-0.31
33.1632778999999,193,-0.23,18,0,0,-0.028,-0.039,-0.609,-5.2,2.1,-2.5,-0.31
33.1732778999999,140,-0.23,18,0,0,-0.028,-0.039,-0.609,-5.2,2.1,-2.5,-0.31
33.1832778999999,183,-0.23,18,0,0,-0.028,-0.039,-0.609,-5.2,2.1,-2.5,-0.31
33.1932778999999,235,-0.23,18,0,0,-0.028,-0.039,-0.609,-5.2,2.1,-2.5,-0.31
33.2032778999999,191,0.3,18.4,0,0,0.033,0.07,-1.053,4.6,-2.9,1,-0.18
33.2132778999999,133,0.3,18.4,0,0,0.033,0.07,-1.053,4.6,-2.9,1,-0.18
33.2232778999999,178,0.3,18.4,0,0,0.033,0.07,-1.053,4.6,-2.9,1,-0.18
33.2332778999999,220,0.3,18.4,0,0,0.033,0.07,-1.053,4.6,-2.9,1,-0.18
33.2432778999999,193,0.3,18.4,0,0,0.033,0.07,-1.053,4.6,-2.9,1,-0.18
33.2532778999999,149,-0.27,18.1,0,0,0.068,-0.246,-0.816,-13.7,-0.7,-3.8,0.1
33.2632778999999,168,-0.27,18.1,0,0,0.068,-0.246,-0.816,-13.7,-0.7,-3.8,0.1
33.2732778999999,195,-0.27,18.1,0,0,0.068,-0.246,-0.816,-13.7,-0.7,-3.8,0.1
33.2832778999999,191,-0.27,18.1,0,0,0.068,-0.246,-0.816,-13.7,-0.7,-3.8,0.1
33.2932778999999,180,-0.27,18.1,0,0,0.068,-0.246,-0.816,-13.7,-0.7,-3.8,0.1
33.3032778999999,171,-0.08,12.9,0,0,0.069,0.232,-1.308,7.8,-1.2,2.8,-0.24
33.3132778999999,187,-0.08,12.9,0,0,0.069,0.232,-1.308,7.8,-1.2,2.8,-0.24
33.3232778999999,188,-0.08,12.9,0,0,0.069,0.232,-1.308,7.8,-1.2,2.8,-0.24
33.3332778999999,188,-0.08,12.9,0,0,0.069,0.232,-1.308,7.8,-1.2,2.8,-0.24
33.3432778999999,143,-0.08,12.9,0,0,0.069,0.232,-1.308,7.8,-1.2,2.8,-0.24
33.3532778999999,187,0.01,18.8,0,0,0.084,-0.433,-1.288,-17,-0.3,-0.1,0.06
33.3632778999999,188,0.01,18.8,0,0,0.084,-0.433,-1.288,-17,-0.3,-0.1,0.06
33.3732778999999,187,0.01,18.8,0,0,0.084,-0.433,-1.288,-17,-0.3,-0.1,0.06
33.3832778999999,181,0.01,18.8,0,0,0.084,-0.433,-1.288,-17,-0.3,-0.1,0.06
33.3932778999999,188,0.01,18.8,0,0,0.084,-0.433,-1.288,-17,-0.3,-0.1,0.06
33.4032778999999,194,-0.17,18.3,0,0,0.042,0.37,-1.04,15,-1.2,3.1,-0.38
33.4132778999999,187,-0.17,18.3,0,0,0.042,0.37,-1.04,15,-1.2,3.1,-0.38
33.4232778999999,174,-0.17,18.3,0,0,0.042,0.37,-1.04,15,-1.2,3.1,-0.38
33.4332778999999,188,-0.17,18.3,0,0,0.042,0.37,-1.04,15,-1.2,3.1,-0.38
33.4432778999999,197,-0.17,18.3,0,0,0.042,0.37,-1.04,15,-1.2,3.1,-0.38
33.4532778999999,187,0.1,18.8,0,0,0.026,-0.266,-1.311,-10.9,-0.2,-0.4,0.05
33.4632778999999,172,0.1,18.8,0,0,0.026,-0.266,-1.311,-10.9,-0.2,-0.4,0.05
33.4732778999999,187,0.1,18.8,0,0,0.026,-0.266,-1.311,-10.9,-0.2,-0.4,0.05
33.4832778999999,196,0.1,18.8,0,0,0.026,-0.266,-1.311,-10.9,-0.2,-0.4,0.05
33.4932778999999,187,0.1,18.8,0,0,0.026,-0.266,-1.311,-10.9,-0.2,-0.4,0.05
33.5032778999999,155,-0.47,8.6,0,0,0.004,0.31,-1.023,12.5,0.8,1.4,-0.11
33.5132778999999,185,-0.47,8.6,0,0,0.004,0.31,-1.023,12.5,0.8,1.4,-0.11
33.5232778999999,215,-0.47,8.6,0,0,0.004,0.31,-1.023,12.5,0.8,1.4,-0.11
33.5332778999999,189,-0.47,8.6,0,0,0.004,0.31,-1.023,12.5,0.8,1.4,-0.11
33.5432778999999,150,-0.47,8.6,0,0,0.004,0.31,-1.023,12.5,0.8,1.4,-0.11
33.5532778999999,176,0.21,18.5,0,0,0.002,-0.116,-1.21,-7.7,-3.8,0.1,-0.11
33.5632778999999,217,0.21,18.5,0,0,0.002,-0.116,-1.21,-7.7,-3.8,0.1,-0.11
33.5732778999999,190,0.21,18.5,0,0,0.002,-0.116,-1.21,-7.7,-3.8,0.1,-0.11
33.5832778999999,140,0.21,18.5,0,0,0.002,-0.116,-1.21,-7.7,-3.8,0.1,-0.11
33.5932778999999,164,0.21,18.5,0,0,0.002,-0.116,-1.21,-7.7,-3.8,0.1,-0.11
33.6032778999999,194,-0.24,18.3,0,0,-0.049,-0.11,-0.59,-2.7,2.2,-3,0.1
33.6132778999999,188,-0.24,18.3,0,0,-0.049,-0.11,-0.59,-2.7,2.2,-3,0.1
33.6232778999999,170,-0.24,18.3,0,0,-0.049,-0.11,-0.59,-2.7,2.2,-3,0.1
33.6332778999999,170,-0.24,18.3,0,0,-0.049,-0.11,-0.59,-2.7,2.2,-3,0.1
33.6432778999999,187,-0.24,18.3,0,0,-0.049,-0.11,-0.59,-2.7,2.2,-3,0.1
33.6532778999999,186,-0.1,10.9,0,0,0.097,0.183,-0.999,5.9,-1.6,2.8,-0.35
33.6632778999999,188,-0.1,10.9,0,0,0.097,0.183,-0.999,5.9,-1.6,2.8,-0.35
33.6732778999999,140,-0.1,10.9,0,0,0.097,0.183,-0.999,5.9,-1.6,2.8,-0.35
33.6832778999999,188,-0.1,10.9,0,0,0.097,0.183,-0.999,5.9,-1.6,2.8,-0.35
33.6932778999999,187,-0.1,10.9,0,0,0.097,0.183,-0.999,5.9,-1.6,2.8,-0.35
33.7032778999999,187,0.05,18.8,0,0,0.096,-0.433,-0.992,-16.9,0.6,-1.5,0.06
33.7132778999999,176,0.05,18.8,0,0,0.096,-0.433,-0.992,-16.9,0.6,-1.5,0.06
33.7232778999999,187,0.05,18.8,0,0,0.096,-0.433,-0.992,-16.9,0.6,-1.5,0.06
33.7332778999999,190,0.05,18.8,0,0,0.096,-0.433,-0.992,-16.9,0.6,-1.5,0.06
33.7432778999999,187,0.05,18.8,0,0,0.096,-0.433,-0.992,-16.9,0.6,-1.5,0.06
33.7532778999999,147,-0.53,8.7,0,0,0.009,0.287,-1.03,21.3,0.6,2.2,-0.03
33.7632778999999,182,-0.53,8.7,0,0,0.009,0.287,-1.03,21.3,0.6,2.2,-0.03
33.7732778999999,212,-0.53,8.7,0,0,0.009,0.287,-1.03,21.3,0.6,2.2,-0.03
33.7832778999999,191,-0.53,8.7,0,0,0.009,0.287,-1.03,21.3,0.6,2.2,-0.03
33.7932778999999,146,-0.53,8.7,0,0,0.009,0.287,-1.03,21.3,0.6,2.2,-0.03
33.8032778999999,165,0.18,18,0,0,0.017,-0.04,-1.124,-6,-4.5,0.1,-0.16
33.8132778999999,210,0.18,18,0,0,0.017,-0.04,-1.124,-6,-4.5,0.1,-0.16
33.8232778999999,190,0.18,18,0,0,0.017,-0.04,-1.124,-6,-4.5,0.1,-0.16
33.8332778999999,144,0.18,18,0,0,0.017,-0.04,-1.124,-6,-4.5,0.1,-0.16
33.8432778999999,164,0.18,18,0,0,0.017,-0.04,-1.124,-6,-4.5,0.1,-0.16
33.8532778999999,204,-0.07,18.7,0,0,-0.015,-0.33,-0.626,-8.9,2.1,-3.7,0.07
33.8632778999999,189,-0.07,18.7,0,0,-0.015,-0.33,-0.626,-8.9,2.1,-3.7,0.07
33.8732778999999,172,-0.07,18.7,0,0,-0.015,-0.33,-0.626,-8.9,2.1,-3.7,0.07
33.8832778999999,134,-0.07,18.7,0,0,-0.015,-0.33,-0.626,-8.9,2.1,-3.7,0.07
33.8932778999999,188,-0.07,18.7,0,0,-0.015,-0.33,-0.626,-8.9,2.1,-3.7,0.07
33.9032778999999,183,-0.47,9.5,0,0,0.093,0.27,-1.067,9.5,-0.7,4,-0.38
33.9132778999999,187,-0.47,9.5,0,0,0.093,0.27,-1.067,9.5,-0.7,4,-0.38
33.9232778999999,170,-0.47,9.5,0,0,0.093,0.27,-1.067,9.5,-0.7,4,-0.38
33.9332778999999,188,-0.47,9.5,0,0,0.093,0.27,-1.067,9.5,-0.7,4,-0.38
33.9432778999999,185,-0.47,9.5,0,0,0.093,0.27,-1.067,9.5,-0.7,4,-0.38
33.9532778999999,186,0.28,17.8,0,0,0.017,-0.27,-1.241,-7,0,-0.6,-0.14
33.9632778999999,148,0.28,17.8,0,0,0.017,-0.27,-1.241,-7,0,-0.6,-0.14
33.9732778999999,166,0.28,17.8,0,0,0.017,-0.27,-1.241,-7,0,-0.6,-0.14
33.9832778999999,184,0.28,17.8,0,0,0.017,-0.27,-1.241,-7,0,-0.6,-0.14
33.9932778999999,183,0.28,17.8,0,0,0.017,-0.27,-1.241,-7,0,-0.6,-0.14
34.0032778999999,167,-0.22,18.3,0,0,-0.04,-0.06,-0.58,-1.4,2.9,-2,0.1
34.0132778999999,170,-0.22,18.3,0,0,-0.04,-0.06,-0.58,-1.4,2.9,-2,0.1
34.0232778999999,189,-0.22,18.3,0,0,-0.04,-0.06,-0.58,-1.4,2.9,-2,0.1
34.0332778999999,186,-0.22,18.3,0,0,-0.04,-0.06,-0.58,-1.4,2.9,-2,0.1
34.0432778999999,186,-0.22,18.3,0,0,-0.04,-0.06,-0.58,-1.4,2.9,-2,0.1
34.0532778999999,137,-0.22,10.9,0,0,0.071,0.225,-1.222,1.6,-1.6,2.1,-0.03
34.0632778999999,187,-0.22,10.9,0,0,0.071,0.225,-1.222,1.6,-1.6,2.1,-0.03
34.0732778999999,186,-0.22,10.9,0,0,0.071,0.225,-1.222,1.6,-1.6,2.1,-0.03
34.0832778999999,187,-0.22,10.9,0,0,0.071,0.225,-1.222,1.6,-1.6,2.1,-0.03
34.0932778999999,136,-0.22,10.9,0,0,0.071,0.225,-1.222,1.6,-1.6,2.1,-0.03
34.1032778999999,180,0.21,18.7,0,0,0.063,-0.371,-1.084,-10,-0.4,0.1,-0.05
34.1132778999999,196,0.21,18.7,0,0,0.063,-0.371,-1.084,-10,-0.4,0.1,-0.05
34.1232778999999,202,0.21,18.7,0,0,0.063,-0.371,-1.084,-10,-0.4,0.1,-0.05
34.1332778999999,204,0.21,18.7,0,0,0.063,-0.371,-1.084,-10,-0.4,0.1,-0.05
34.1432778999999,156,0.21,18.7,0,0,0.063,-0.371,-1.084,-10,-0.4,0.1,-0.05
34.1532778999999,146,-0.31,18.1,0,0,-0.027,0.285,-0.746,5.8,1.5,0.1,0.11
34.1632778999999,185,-0.31,18.1,0,0,-0.027,0.285,-0.746,5.8,1.5,0.1,0.11
34.1732778999999,230,-0.31,18.1,0,0,-0.027,0.285,-0.746,5.8,1.5,0.1,0.11
34.1832778999999,173,-0.31,18.1,0,0,-0.027,0.285,-0.746,5.8,1.5,0.1,0.11
34.1932778999999,126,-0.31,18.1,0,0,-0.027,0.285,-0.746,5.8,1.5,0.1,0.11
34.2032778999999,184,-0.13,10.5,0,0,0.04,0.081,-1.201,7,-4,0.6,-0.37
34.2132778999999,185,-0.13,10.5,0,0,0.04,0.081,-1.201,7,-4,0.6,-0.37
34.2232778999999,135,-0.13,10.5,0,0,0.04,0.081,-1.201,7,-4,0.6,-0.37
34.2332778999999,188,-0.13,10.5,0,0,0.04,0.081,-1.201,7,-4,0.6,-0.37
34.2432778999999,182,-0.13,10.5,0,0,0.04,0.081,-1.201,7,-4,0.6,-0.37
34.2532778999999,187,0.24,18.6,0,0,0.111,-0.326,-0.986,-15.6,-1.1,-2.4,0
34.2632778999999,168,0.24,18.6,0,0,0.111,-0.326,-0.986,-15.6,-1.1,-2.4,0
34.2732778999999,185,0.24,18.6,0,0,0.111,-0.326,-0.986,-15.6,-1.1,-2.4,0
34.2832778999999,163,0.24,18.6,0,0,0.111,-0.326,-0.986,-15.6,-1.1,-2.4,0
34.2932778999999,182,0.24,18.6,0,0,0.111,-0.326,-0.986,-15.6,-1.1,-2.4,0
34.3032778999999,162,-0.31,18,0,0,-0.041,0.226,-0.56,19.2,2.1,1,0.11
34.3132778999999,165,-0.31,18,0,0,-0.041,0.226,-0.56,19.2,2.1,1,0.11
34.3232778999999,184,-0.31,18,0,0,-0.041,0.226,-0.56,19.2,2.1,1,0.11
34.3332778999999,180,-0.31,18,0,0,-0.041,0.226,-0.56,19.2,2.1,1,0.11
34.3432778999999,175,-0.31,18,0,0,-0.041,0.226,-0.56,19.2,2.1,1,0.11
34.3532778999999,165,-0.18,11.1,0,0,0.038,0.117,-1.111,-0.2,-2.9,0.9,-0.15
34.3632778999999,187,-0.18,11.1,0,0,0.038,0.117,-1.111,-0.2,-2.9,0.9,-0.15
34.3732778999999,145,-0.18,11.1,0,0,0.038,0.117,-1.111,-0.2,-2.9,0.9,-0.15
34.3832778999999,188,-0.18,11.1,0,0,0.038,0.117,-1.111,-0.2,-2.9,0.9,-0.15
34.3932778999999,170,-0.18,11.1,0,0,0.038,0.117,-1.111,-0.2,-2.9,0.9,-0.15
34.4032778999999,187,0.22,18.5,0,0,0.116,-0.53,-1.129,-19,0,-1.3,-0.04
34.4132778999999,183,0.22,18.5,0,0,0.116,-0.53,-1.129,-19,0,-1.3,-0.04
34.4232778999999,188,0.22,18.5,0,0,0.116,-0.53,-1.129,-19,0,-1.3,-0.04
34.4332778999999,153,0.22,18.5,0,0,0.116,-0.53,-1.129,-19,0,-1.3,-0.04
34.4432778999999,167,0.22,18.5,0,0,0.116,-0.53,-1.129,-19,0,-1.3,-0.04
34.4532778999999,197,-0.11,18.6,0,0,-0.045,0.391,-0.817,9.8,-0.2,0.6,0.08
34.4632778999999,183,-0.11,18.6,0,0,-0.045,0.391,-0.817,9.8,-0.2,0.6,0.08
34.4732778999999,149,-0.11,18.6,0,0,-0.045,0.391,-0.817,9.8,-0.2,0.6,0.08
34.4832778999999,151,-0.11,18.6,0,0,-0.045,0.391,-0.817,9.8,-0.2,0.6,0.08
34.4932778999999,187,-0.11,18.6,0,0,-0.045,0.391,-0.817,9.8,-0.2,0.6,0.08
34.5032778999999,145,0,18.8,0,0,0.018,-0.025,-0.939,-6,-0.4,-0.6,0
34.5132778999999,187,0,18.8,0,0,0.018,-0.025,-0.939,-6,-0.4,-0.6,0
34.5232778999999,165,0,18.8,0,0,0.018,-0.025,-0.939,-6,-0.4,-0.6,0
34.5332778999999,62,0,18.8,0,0,0.018,-0.025,-0.939,-6,-0.4,-0.6,0
34.5432778999999,0,0,18.8,0,0,0.018,-0.025,-0.939,-6,-0.4,-0.6,0
34.5532778999999,0,0,18.8,0,0,0.041,-0.036,-0.999,1.8,-0.3,0.1,0
34.5632778999999,0,0,18.8,0,0,0.041,-0.036,-0.999,1.8,-0.3,0.1,0
34.5732778999999,0,0,18.8,0,0,0.041,-0.036,-0.999,1.8,-0.3,0.1,0
34.5832778999999,0,0,18.8,0,0,0.041,-0.036,-0.999,1.8,-0.3,0.1,0
34.5932778999999,0,0,18.8,0,0,0.041,-0.036,-0.999,1.8,-0.3,0.1,0
34.6032778999999,0,0,18.9,0,0,0.03,-0.003,-0.992,0.5,-0.3,0,0
34.6132778999999,0,0,18.9,0,0,0.03,-0.003,-0.992,0.5,-0.3,0,0
34.6232778999999,0,0,18.9,0,0,0.03,-0.003,-0.992,0.5,-0.3,0,0
34.6332778999999,0,0,18.9,0,0,0.03,-0.003,-0.992,0.5,-0.3,0,0
34.6432778999999,0,0,18.9,0,0,0.03,-0.003,-0.992,0.5,-0.3,0,0
34.6532778999999,0,0,18.9,0,0,0.021,-0.006,-1.004,-0.4,-0.9,0.1,0
34.6632778999999,0,0,18.9,0,0,0.021,-0.006,-1.004,-0.4,-0.9,0.1,0
34.6732778999999,0,0,18.9,0,0,0.021,-0.006,-1.004,-0.4,-0.9,0.1,0
34.6832778999999,0,0,18.9,0,0,0.021,-0.006,-1.004,-0.4,-0.9,0.1,0
34.6932778999999,0,0,18.9,0,0,0.021,-0.006,-1.004,-0.4,-0.9,0.1,0
34.7032778999999,0,0,18.8,0,0,0.03,-0.01,-0.995,-0.1,-1,0,0
34.7132778999999,0,0,18.8,0,0,0.03,-0.01,-0.995,-0.1,-1,0,0
34.7232778999999,0,0,18.8,0,0,0.03,-0.01,-0.995,-0.1,-1,0,0
34.7332778999999,0,0,18.8,0,0,0.03,-0.01,-0.995,-0.1,-1,0,0
34.7432778999999,0,0,18.8,0,0,0.03,-0.01,-0.995,-0.1,-1,0,0
34.7532778999999,0,0,18.9,0,0,0.028,-0.014,-1,-0.1,-0.7,0,0
34.7632778999998,0,0,18.9,0,0,0.028,-0.014,-1,-0.1,-0.7,0,0
34.7732778999999,0,0,18.9,0,0,0.028,-0.014,-1,-0.1,-0.7,0,0
34.7832778999999,0,0,18.9,0,0,0.028,-0.014,-1,-0.1,-0.7,0,0
34.7932778999999,0,0,18.9,0,0,0.028,-0.014,-1,-0.1,-0.7,0,0
34.8032778999998,0,0,18.8,0,0,0.026,-0.013,-1.004,0.1,-0.5,0,0
34.8132778999998,0,0,18.8,0,0,0.026,-0.013,-1.004,0.1,-0.5,0,0
34.8232778999999,0,0,18.8,0,0,0.026,-0.013,-1.004,0.1,-0.5,0,0
34.8332778999998,0,0,18.8,0,0,0.026,-0.013,-1.004,0.1,-0.5,0,0
34.8432778999998,0,0,18.8,0,0,0.026,-0.013,-1.004,0.1,-0.5,0,0
34.8532778999998,0,0,18.9,0,0,0.029,-0.013,-0.999,0.1,-0.7,0,0
34.8632778999998,0,0,18.9,0,0,0.029,-0.013,-0.999,0.1,-0.7,0,0
34.8732778999998,0,0,18.9,0,0,0.029,-0.013,-0.999,0.1,-0.7,0,0
34.8832778999998,0,0,18.9,0,0,0.029,-0.013,-0.999,0.1,-0.7,0,0
34.8932778999998,0,0,18.9,0,0,0.029,-0.013,-0.999,0.1,-0.7,0,0
34.9032778999998,0,0,18.8,0,0,0.027,-0.01,-1,0.1,-0.7,0,0
34.9132778999998,0,0,18.8,0,0,0.027,-0.01,-1,0.1,-0.7,0,0
34.9232778999998,0,0,18.8,0,0,0.027,-0.01,-1,0.1,-0.7,0,0
34.9332778999998,0,0,18.8,0,0,0.027,-0.01,-1,0.1,-0.7,0,0
34.9432778999998,0,0,18.8,0,0,0.027,-0.01,-1,0.1,-0.7,0,0
34.9532778999998,0,0,18.9,0,0,0.027,-0.014,-1.001,0.1,-0.7,0,0
34.9632778999998,0,0,18.9,0,0,0.027,-0.014,-1.001,0.1,-0.7,0,0
34.9732778999998,0,0,18.9,0,0,0.027,-0.014,-1.001,0.1,-0.7,0,0
34.9832778999998,0,0,18.9,0,0,0.027,-0.014,-1.001,0.1,-0.7,0,0
34.9932778999998,0,0,18.9,0,0,0.027,-0.014,-1.001,0.1,-0.7,0,0
35.0032778999998,0,0,18.8,0,0,0.028,-0.013,-1.001,0.1,-0.7,-15.6,0
35.0132778999998,0,0,18.8,0,0,0.028,-0.013,-1.001,0.1,-0.7,-15.6,0
35.0232778999998,0,0,18.8,0,0,0.028,-0.013,-1.001,0.1,-0.7,-15.6,0
35.0332778999998,0,0,18.8,0,0,0.028,-0.013,-1.001,0.1,-0.7,-15.6,0
35.0432778999998,0,0,18.8,0,0,0.028,-0.013,-1.001,0.1,-0.7,-15.6,0
35.0532778999998,0,0,18.9,0,0,0.029,-0.014,-1,0.1,-0.8,0,0
35.0632778999998,0,0,18.9,0,0,0.029,-0.014,-1,0.1,-0.8,0,0
35.0732778999998,0,0,18.9,0,0,0.029,-0.014,-1,0.1,-0.8,0,0
35.0832778999998,0,0,18.9,0,0,0.029,-0.014,-1,0.1,-0.8,0,0
35.0932778999998,0,0,18.9,0,0,0.029,-0.014,-1,0.1,-0.8,0,0
35.1032778999998,0,0,18.9,0,0,0.027,-0.012,-0.999,0.1,-0.7,0,0
35.1132778999998,0,0,18.9,0,0,0.027,-0.012,-0.999,0.1,-0.7,0,0
35.1232778999998,0,0,18.9,0,0,0.027,-0.012,-0.999,0.1,-0.7,0,0
35.1332778999998,0,0,18.9,0,0,0.027,-0.012,-0.999,0.1,-0.7,0,0
35.1432778999998,0,0,18.9,0,0,0.027,-0.012,-0.999,0.1,-0.7,0,0
35.1532778999998,0,0,18.9,0,0,0.027,-0.013,-0.999,0.1,-0.7,0,0
35.1632778999998,0,0,18.9,0,0,0.027,-0.013,-0.999,0.1,-0.7,0,0
35.1732778999998,0,0,18.9,0,0,0.027,-0.013,-0.999,0.1,-0.7,0,0
35.1832778999998,0,0,18.9,0,0,0.027,-0.013,-0.999,0.1,-0.7,0,0
35.1932778999998,0,0,18.9,0,0,0.027,-0.013,-0.999,0.1,-0.7,0,0
35.2032778999998,0,0,18.8,0,0,0.028,-0.013,-1,0.1,-0.6,0,0
35.2132778999998,0,0,18.8,0,0,0.028,-0.013,-1,0.1,-0.6,0,0
35.2232778999998,0,0,18.8,0,0,0.028,-0.013,-1,0.1,-0.6,0,0
35.2332778999998,0,0,18.8,0,0,0.028,-0.013,-1,0.1,-0.6,0,0
35.2432778999998,0,0,18.8,0,0,0.028,-0.013,-1,0.1,-0.6,0,0
35.2532778999998,0,0,18.9,0,0,0.028,-0.012,-1,0.1,-0.7,0,0
35.2632778999998,0,0,18.9,0,0,0.028,-0.012,-1,0.1,-0.7,0,0
35.2732778999998,0,0,18.9,0,0,0.028,-0.012,-1,0.1,-0.7,0,0
35.2832778999998,0,0,18.9,0,0,0.028,-0.012,-1,0.1,-0.7,0,0
35.2932778999998,0,0,18.9,0,0,0.028,-0.012,-1,0.1,-0.7,0,0
35.3032778999998,0,0,18.9,0,0,0.027,-0.012,-1,0.1,-0.7,0,0
35.3132778999998,0,0,18.9,0,0,0.027,-0.012,-1,0.1,-0.7,0,0
35.3232778999998,0,0,18.9,0,0,0.027,-0.012,-1,0.1,-0.7,0,0
35.3332778999998,0,0,18.9,0,0,0.027,-0.012,-1,0.1,-0.7,0,0
35.3432778999998,0,0,18.9,0,0,0.027,-0.012,-1,0.1,-0.7,0,0
35.3532778999998,0,0,18.9,0,0,0.028,-0.012,-1,0.1,-0.7,0,0
35.3632778999998,0,0,18.9,0,0,0.028,-0.012,-1,0.1,-0.7,0,0
35.3732778999998,0,0,18.9,0,0,0.028,-0.012,-1,0.1,-0.7,0,0
35.3832778999998,0,0,18.9,0,0,0.028,-0.012,-1,0.1,-0.7,0,0
35.3932778999998,0,0,18.9,0,0,0.028,-0.012,-1,0.1,-0.7,0,0
35.4032778999998,0,0,18.9,0,0,0.028,-0.013,-1,0.1,-0.7,0,0
35.4132778999998,0,0,18.9,0,0,0.028,-0.013,-1,0.1,-0.7,0,0
35.4232778999998,0,0,18.9,0,0,0.028,-0.013,-1,0.1,-0.7,0,0
35.4332778999998,0,0,18.9,0,0,0.028,-0.013,-1,0.1,-0.7,0,0
35.4432778999998,0,0,18.9,0,0,0.028,-0.013,-1,0.1,-0.7,0,0
35.4532778999998,0,0,18.8,0,0,0.028,-0.012,-1,0.1,-0.7,0,0
35.4632778999998,0,0,18.8,0,0,0.028,-0.012,-1,0.1,-0.7,0,0
35.4732778999998,0,0,18.8,0,0,0.028,-0.012,-1,0.1,-0.7,0,0
35.4832778999998,0,0,18.8,0,0,0.028,-0.012,-1,0.1,-0.7,0,0
35.4932778999998,0,0,18.8,0,0,0.028,-0.012,-1,0.1,-0.7,0,0
35.5032778999998,0,0,18.9,0,0,0.027,-0.013,-1,0.1,-0.7,0,0
35.5132778999998,0,0,18.9,0,0,0.027,-0.013,-1,0.1,-0.7,0,0
35.5232778999998,0,0,18.9,0,0,0.027,-0.013,-1,0.1,-0.7,0,0
35.5332778999998,0,0,18.9,0,0,0.027,-0.013,-1,0.1,-0.7,0,0
35.5432778999998,0,0,18.9,0,0,0.027,-0.013,-1,0.1,-0.7,0,0
35.5532778999998,0,0,18.8,0,0,0.028,-0.011,-1,0.1,-0.7,0,0
35.5632778999998,0,0,18.8,0,0,0.028,-0.011,-1,0.1,-0.7,0,0
35.5732778999998,0,0,18.8,0,0,0.028,-0.011,-1,0.1,-0.7,0,0
35.5832778999998,0,0,18.8,0,0,0.028,-0.011,-1,0.1,-0.7,0,0
35.5932778999998,0,0,18.8,0,0,0.028,-0.011,-1,0.1,-0.7,0,0
35.6032778999998,0,0,18.9,0,0,0.028,-0.013,-1,0.1,-0.7,0,0
35.6132778999998,0,0,18.9,0,0,0.028,-0.013,-1,0.1,-0.7,0,0
35.6232778999998,0,0,18.9,0,0,0.028,-0.013,-1,0.1,-0.7,0,0
35.6332778999998,0,0,18.9,0,0,0.028,-0.013,-1,0.1,-0.7,0,0
35.6432778999998,0,0,18.9,0,0,0.028,-0.013,-1,0.1,-0.7,0,0
35.6532778999998,0,0,18.9,0,0,0.028,-0.013,-1,0.1,-0.7,0,0
35.6632778999998,0,0,18.9,0,0,0.028,-0.013,-1,0.1,-0.7,0,0
35.6732778999998,0,0,18.9,0,0,0.028,-0.013,-1,0.1,-0.7,0,0
35.6832778999998,0,0,18.9,0,0,0.028,-0.013,-1,0.1,-0.7,0,0
35.6932778999998,0,0,18.9,0,0,0.028,-0.013,-1,0.1,-0.7,0,0
35.7032778999998,0,0,18.8,0,0,0.028,-0.013,-1,0.1,-0.7,0,0
35.7132778999998,0,0,18.8,0,0,0.028,-0.013,-1,0.1,-0.7,0,0
35.7232778999998,0,0,18.8,0,0,0.028,-0.013,-1,0.1,-0.7,0,0
35.7332778999998,0,0,18.8,0,0,0.028,-0.013,-1,0.1,-0.7,0,0
35.7432778999998,0,0,18.8,0,0,0.028,-0.013,-1,0.1,-0.7,0,0
35.7532778999998,0,0,18.9,0,0,0.027,-0.012,-1,0.1,-0.7,0,0
35.7632778999998,0,0,18.9,0,0,0.027,-0.012,-1,0.1,-0.7,0,0
35.7732778999998,0,0,18.9,0,0,0.027,-0.012,-1,0.1,-0.7,0,0
35.7832778999998,0,0,18.9,0,0,0.027,-0.012,-1,0.1,-0.7,0,0
35.7932778999998,0,0,18.9,0,0,0.027,-0.012,-1,0.1,-0.7,0,0
35.8032778999998,0,0,18.9,0,0,0.027,-0.013,-1,0,-0.7,0,0
35.8132778999998,0,0,18.9,0,0,0.027,-0.013,-1,0,-0.7,0,0
35.8232778999998,0,0,18.9,0,0,0.027,-0.013,-1,0,-0.7,0,0
35.8332778999998,0,0,18.9,0,0,0.027,-0.013,-1,0,-0.7,0,0
35.8432778999998,0,0,18.9,0,0,0.027,-0.013,-1,0,-0.7,0,0
35.8532778999998,0,0,18.9,0,0,0.028,-0.011,-0.999,0.1,-0.7,0,0
35.8632778999998,0,0,18.9,0,0,0.028,-0.011,-0.999,0.1,-0.7,0,0
35.8732778999998,0,0,18.9,0,0,0.028,-0.011,-0.999,0.1,-0.7,0,0
35.8832778999998,0,0,18.9,0,0,0.028,-0.011,-0.999,0.1,-0.7,0,0
35.8932778999998,0,0,18.9,0,0,0.028,-0.011,-0.999,0.1,-0.7,0,0
35.9032778999998,0,0,18.9,0,0,0.027,-0.014,-1,0.1,-0.7,0,0
35.9132778999998,0,0,18.9,0,0,0.027,-0.014,-1,0.1,-0.7,0,0
35.9232778999998,0,0,18.9,0,0,0.027,-0.014,-1,0.1,-0.7,0,0
35.9332778999998,0,0,18.9,0,0,0.027,-0.014,-1,0.1,-0.7,0,0
35.9432778999998,0,0,18.9,0,0,0.027,-0.014,-1,0.1,-0.7,0,0
35.9532778999998,0,0,18.8,0,0,0.028,-0.014,-1,0.1,-0.6,0,0
35.9632778999998,0,0,18.8,0,0,0.028,-0.014,-1,0.1,-0.6,0,0
35.9732778999998,0,0,18.8,0,0,0.028,-0.014,-1,0.1,-0.6,0,0
35.9832778999998,0,0,18.8,0,0,0.028,-0.014,-1,0.1,-0.6,0,0
35.9932778999998,0,0,18.8,0,0,0.028,-0.014,-1,0.1,-0.6,0,0
36.0032778999998,0,0,18.9,0,0,0.028,-0.013,-1,0,-0.7,0,0
36.0132778999998,0,0,18.9,0,0,0.028,-0.013,-1,0,-0.7,0,0
36.0232778999998,0,0,18.9,0,0,0.028,-0.013,-1,0,-0.7,0,0
36.0332778999998,0,0,18.9,0,0,0.028,-0.013,-1,0,-0.7,0,0
36.0432778999998,0,0,18.9,0,0,0.028,-0.013,-1,0,-0.7,0,0
36.0532778999998,0,0,18.9,0,0,0.028,-0.012,-1.001,0.1,-0.7,0,0
36.0632778999998,0,0,18.9,0,0,0.028,-0.012,-1.001,0.1,-0.7,0,0
36.0732778999998,0,0,18.9,0,0,0.028,-0.012,-1.001,0.1,-0.7,0,0
36.0832778999998,0,0,18.9,0,0,0.028,-0.012,-1.001,0.1,-0.7,0,0
36.0932778999998,0,0,18.9,0,0,0.028,-0.012,-1.001,0.1,-0.7,0,0
36.1032778999998,0,0,18.8,0,0,0.028,-0.014,-0.999,0.1,-0.7,0,0
36.1132778999998,0,0,18.8,0,0,0.028,-0.014,-0.999,0.1,-0.7,0,0
36.1232778999998,0,0,18.8,0,0,0.028,-0.014,-0.999,0.1,-0.7,0,0
36.1332778999998,0,0,18.8,0,0,0.028,-0.014,-0.999,0.1,-0.7,0,0
36.1432778999998,0,0,18.8,0,0,0.028,-0.014,-0.999,0.1,-0.7,0,0
36.1532778999998,0,0,18.9,0,0,0.028,-0.012,-0.999,0.1,-0.7,0,0
36.1632778999998,0,0,18.9,0,0,0.028,-0.012,-0.999,0.1,-0.7,0,0
36.1732778999998,0,0,18.9,0,0,0.028,-0.012,-0.999,0.1,-0.7,0,0
36.1832778999998,0,0,18.9,0,0,0.028,-0.012,-0.999,0.1,-0.7,0,0
36.1932778999998,0,0,18.9,0,0,0.028,-0.012,-0.999,0.1,-0.7,0,0
36.2032778999998,0,0,18.8,0,0,0.028,-0.014,-1,0.1,-0.7,0,0
36.2132778999998,0,0,18.8,0,0,0.028,-0.014,-1,0.1,-0.7,0,0
36.2232778999998,0,0,18.8,0,0,0.028,-0.014,-1,0.1,-0.7,0,0
36.2332778999998,0,0,18.8,0,0,0.028,-0.014,-1,0.1,-0.7,0,0
36.2432778999998,0,0,18.8,0,0,0.028,-0.014,-1,0.1,-0.7,0,0
36.2532778999998,0,0,18.9,0,0,0.027,-0.013,-1,0.1,-0.7,0,0
36.2632778999998,0,0,18.9,0,0,0.027,-0.013,-1,0.1,-0.7,0,0
36.2732778999998,0,0,18.9,0,0,0.027,-0.013,-1,0.1,-0.7,0,0
36.2832778999998,0,0,18.9,0,0,0.027,-0.013,-1,0.1,-0.7,0,0
36.2932778999998,0,0,18.9,0,0,0.027,-0.013,-1,0.1,-0.7,0,0
36.3032778999998,0,0,18.9,0,0,0.028,-0.012,-1,0.1,-0.7,0,0
36.3132778999998,0,0,18.9,0,0,0.028,-0.012,-1,0.1,-0.7,0,0
36.3232778999998,0,0,18.9,0,0,0.028,-0.012,-1,0.1,-0.7,0,0
36.3332778999998,0,0,18.9,0,0,0.028,-0.012,-1,0.1,-0.7,0,0
36.3432778999998,0,0,18.9,0,0,0.028,-0.012,-1,0.1,-0.7,0,0
36.3532778999998,0,0,18.9,0,0,0.028,-0.012,-1,0.1,-0.6,0,0
36.3632778999998,0,0,18.9,0,0,0.028,-0.012,-1,0.1,-0.6,0,0
36.3732778999998,0,0,18.9,0,0,0.028,-0.012,-1,0.1,-0.6,0,0
36.3832778999998,0,0,18.9,0,0,0.028,-0.012,-1,0.1,-0.6,0,0
36.3932778999998,0,0,18.9,0,0,0.028,-0.012,-1,0.1,-0.6,0,0
36.4032778999998,0,0,18.9,0,0,0.028,-0.012,-0.999,0.1,-0.6,0,0
36.4132778999998,0,0,18.9,0,0,0.028,-0.012,-0.999,0.1,-0.6,0,0
36.4232778999998,0,0,18.9,0,0,0.028,-0.012,-0.999,0.1,-0.6,0,0
36.4332778999998,0,0,18.9,0,0,0.028,-0.012,-0.999,0.1,-0.6,0,0
36.4432778999998,0,0,18.9,0,0,0.028,-0.012,-0.999,0.1,-0.6,0,0
36.4532778999998,0,0,18.9,0,0,0.028,-0.013,-1,0.1,-0.6,0,0
36.4632778999998,0,0,18.9,0,0,0.028,-0.013,-1,0.1,-0.6,0,0
36.4732778999998,0,0,18.9,0,0,0.028,-0.013,-1,0.1,-0.6,0,0
36.4832778999998,0,0,18.9,0,0,0.028,-0.013,-1,0.1,-0.6,0,0
36.4932778999998,0,0,18.9,0,0,0.028,-0.013,-1,0.1,-0.6,0,0
36.5032778999998,0,0,18.9,0,0,0.027,-0.013,-1,0,-0.7,0,0
36.5132778999997,0,0,18.9,0,0,0.027,-0.013,-1,0,-0.7,0,0
36.5232778999998,0,0,18.9,0,0,0.027,-0.013,-1,0,-0.7,0,0
36.5332778999998,0,0,18.9,0,0,0.027,-0.013,-1,0,-0.7,0,0
36.5432778999998,0,0,18.9,0,0,0.027,-0.013,-1,0,-0.7,0,0
36.5532778999997,0,0,18.9,0,0,0.028,-0.013,-1,0.1,-0.7,0,0
36.5632778999997,0,0,18.9,0,0,0.028,-0.013,-1,0.1,-0.7,0,0
36.5732778999998,0,0,18.9,0,0,0.028,-0.013,-1,0.1,-0.7,0,0
36.5832778999998,0,0,18.9,0,0,0.028,-0.013,-1,0.1,-0.7,0,0
36.5932778999997,0,0,18.9,0,0,0.028,-0.013,-1,0.1,-0.7,0,0
36.6032778999997,0,0,18.9,0,0,0.029,-0.012,-1,0.1,-0.6,0,0
36.6132778999997,0,0,18.9,0,0,0.029,-0.012,-1,0.1,-0.6,0,0
36.6232778999997,0,0,18.9,0,0,0.029,-0.012,-1,0.1,-0.6,0,0
36.6332778999997,0,0,18.9,0,0,0.029,-0.012,-1,0.1,-0.6,0,0
36.6432778999997,0,0,18.9,0,0,0.029,-0.012,-1,0.1,-0.6,0,0
36.6532778999997,0,0,18.8,0,0,0.028,-0.014,-1,0.1,-0.7,0,0
36.6632778999997,0,0,18.8,0,0,0.028,-0.014,-1,0.1,-0.7,0,0
36.6732778999997,0,0,18.8,0,0,0.028,-0.014,-1,0.1,-0.7,0,0
36.6832778999997,0,0,18.8,0,0,0.028,-0.014,-1,0.1,-0.7,0,0
36.6932778999997,0,0,18.8,0,0,0.028,-0.014,-1,0.1,-0.7,0,0
36.7032778999997,0,0,18.9,0,0,0.027,-0.012,-1,0.1,-0.6,0,0
36.7132778999997,0,0,18.9,0,0,0.027,-0.012,-1,0.1,-0.6,0,0
36.7232778999997,0,0,18.9,0,0,0.027,-0.012,-1,0.1,-0.6,0,0
36.7332778999997,0,0,18.9,0,0,0.027,-0.012,-1,0.1,-0.6,0,0
36.7432778999997,0,0,18.9,0,0,0.027,-0.012,-1,0.1,-0.6,0,0
36.7532778999997,0,0,18.9,0,0,0.027,-0.013,-1,0.1,-0.7,0,0
36.7632778999997,0,0,18.9,0,0,0.027,-0.013,-1,0.1,-0.7,0,0
36.7732778999997,0,0,18.9,0,0,0.027,-0.013,-1,0.1,-0.7,0,0
36.7832778999997,0,0,18.9,0,0,0.027,-0.013,-1,0.1,-0.7,0,0
36.7932778999997,0,0,18.9,0,0,0.027,-0.013,-1,0.1,-0.7,0,0
36.8032778999997,0,0,18.8,0,0,0.028,-0.013,-0.999,0.1,-0.7,0,0
36.8132778999997,0,0,18.8,0,0,0.028,-0.013,-0.999,0.1,-0.7,0,0
36.8232778999997,0,0,18.8,0,0,0.028,-0.013,-0.999,0.1,-0.7,0,0
36.8332778999997,0,0,18.8,0,0,0.028,-0.013,-0.999,0.1,-0.7,0,0
36.8432778999997,0,0,18.8,0,0,0.028,-0.013,-0.999,0.1,-0.7,0,0
36.8532778999997,0,0,18.9,0,0,0.026,-0.013,-1,0.1,-0.7,0,0
36.8632778999997,0,0,18.9,0,0,0.026,-0.013,-1,0.1,-0.7,0,0
36.8732778999997,0,0,18.9,0,0,0.026,-0.013,-1,0.1,-0.7,0,0
36.8832778999997,0,0,18.9,0,0,0.026,-0.013,-1,0.1,-0.7,0,0
36.8932778999997,0,0,18.9,0,0,0.026,-0.013,-1,0.1,-0.7,0,0
36.9032778999997,0,0,18.9,0,0,0.028,-0.014,-1,0.1,-0.6,0,0
36.9132778999997,0,0,18.9,0,0,0.028,-0.014,-1,0.1,-0.6,0,0
36.9232778999997,0,0,18.9,0,0,0.028,-0.014,-1,0.1,-0.6,0,0
36.9332778999997,0,0,18.9,0,0,0.028,-0.014,-1,0.1,-0.6,0,0
36.9432778999997,0,0,18.9,0,0,0.028,-0.014,-1,0.1,-0.6,0,0
36.9532778999997,0,0,18.9,0,0,0.026,-0.011,-1,0.1,-0.7,0,0
36.9632778999997,0,0,18.9,0,0,0.026,-0.011,-1,0.1,-0.7,0,0
36.9732778999997,0,0,18.9,0,0,0.026,-0.011,-1,0.1,-0.7,0,0
36.9832778999997,0,0,18.9,0,0,0.026,-0.011,-1,0.1,-0.7,0,0
36.9932778999997,0,0,18.9,0,0,0.026,-0.011,-1,0.1,-0.7,0,0
37.0032778999997,0,0,18.8,0,0,0.028,-0.014,-1.001,0.1,-0.7,0,0
37.0132778999997,0,0,18.8,0,0,0.028,-0.014,-1.001,0.1,-0.7,0,0
37.0232778999997,0,0,18.8,0,0,0.028,-0.014,-1.001,0.1,-0.7,0,0
37.0332778999997,0,0,18.8,0,0,0.028,-0.014,-1.001,0.1,-0.7,0,0
37.0432778999997,0,0,18.8,0,0,0.028,-0.014,-1.001,0.1,-0.7,0,0
37.0532778999997,0,0,18.9,0,0,0.028,-0.012,-1,0.1,-0.7,0,0
37.0632778999997,0,0,18.9,0,0,0.028,-0.012,-1,0.1,-0.7,0,0
37.0732778999997,0,0,18.9,0,0,0.028,-0.012,-1,0.1,-0.7,0,0
37.0832778999997,0,0,18.9,0,0,0.028,-0.012,-1,0.1,-0.7,0,0
37.0932778999997,0,0,18.9,0,0,0.028,-0.012,-1,0.1,-0.7,0,0
37.1032778999997,0,0,18.9,0,0,0.027,-0.012,-1,0.1,-0.7,0,0
37.1132778999997,0,0,18.9,0,0,0.027,-0.012,-1,0.1,-0.7,0,0
37.1232778999997,0,0,18.9,0,0,0.027,-0.012,-1,0.1,-0.7,0,0
37.1332778999997,0,0,18.9,0,0,0.027,-0.012,-1,0.1,-0.7,0,0
37.1432778999997,0,0,18.9,0,0,0.027,-0.012,-1,0.1,-0.7,0,0
37.1532778999997,0,0,18.9,0,0,0.027,-0.012,-1,0.1,-0.6,0,0
37.1632778999997,0,0,18.9,0,0,0.027,-0.012,-1,0.1,-0.6,0,0
37.1732778999997,0,0,18.9,0,0,0.027,-0.012,-1,0.1,-0.6,0,0
37.1832778999997,0,0,18.9,0,0,0.027,-0.012,-1,0.1,-0.6,0,0
37.1932778999997,0,0,18.9,0,0,0.027,-0.012,-1,0.1,-0.6,0,0
37.2032778999997,0,0,18.9,0,0,0.028,-0.013,-1,0.1,-0.7,0,0
37.2132778999997,0,0,18.9,0,0,0.028,-0.013,-1,0.1,-0.7,0,0
37.2232778999997,0,0,18.9,0,0,0.028,-0.013,-1,0.1,-0.7,0,0
37.2332778999997,0,0,18.9,0,0,0.028,-0.013,-1,0.1,-0.7,0,0
37.2432778999997,0,0,18.9,0,0,0.028,-0.013,-1,0.1,-0.7,0,0
37.2532778999997,0,0,18.9,0,0,0.027,-0.012,-1,0.1,-0.8,0,0
37.2632778999997,0,0,18.9,0,0,0.027,-0.012,-1,0.1,-0.8,0,0
37.2732778999997,0,0,18.9,0,0,0.027,-0.012,-1,0.1,-0.8,0,0
37.2832778999997,0,0,18.9,0,0,0.027,-0.012,-1,0.1,-0.8,0,0
37.2932778999997,0,0,18.9,0,0,0.027,-0.012,-1,0.1,-0.8,0,0
37.3032778999997,0,0,18.9,0,0,0.029,-0.014,-1,0,-0.7,0,0
37.3132778999997,0,0,18.9,0,0,0.029,-0.014,-1,0,-0.7,0,0
37.3232778999997,0,0,18.9,0,0,0.029,-0.014,-1,0,-0.7,0,0
37.3332778999997,0,0,18.9,0,0,0.029,-0.014,-1,0,-0.7,0,0
37.3432778999997,0,0,18.9,0,0,0.029,-0.014,-1,0,-0.7,0,0
37.3532778999997,0,0,18.9,0,0,0.027,-0.012,-0.999,0.1,-0.7,0,0
37.3632778999997,0,0,18.9,0,0,0.027,-0.012,-0.999,0.1,-0.7,0,0
37.3732778999997,0,0,18.9,0,0,0.027,-0.012,-0.999,0.1,-0.7,0,0
37.3832778999997,0,0,18.9,0,0,0.027,-0.012,-0.999,0.1,-0.7,0,0
37.3932778999997,0,0,18.9,0,0,0.027,-0.012,-0.999,0.1,-0.7,0,0
37.4032778999997,0,0,18.9,0,0,0.028,-0.013,-1,0.1,-0.7,0,0
37.4132778999997,0,0,18.9,0,0,0.028,-0.013,-1,0.1,-0.7,0,0
37.4232778999997,0,0,18.9,0,0,0.028,-0.013,-1,0.1,-0.7,0,0
37.4332778999997,0,0,18.9,0,0,0.028,-0.013,-1,0.1,-0.7,0,0
37.4432778999997,0,0,18.9,0,0,0.028,-0.013,-1,0.1,-0.7,0,0
37.4532778999997,0,0,18.9,0,0,0.028,-0.012,-1,0.1,-0.7,0,0
37.4632778999997,0,0,18.9,0,0,0.028,-0.012,-1,0.1,-0.7,0,0
37.4732778999997,0,0,18.9,0,0,0.028,-0.012,-1,0.1,-0.7,0,0
37.4832778999997,0,0,18.9,0,0,0.028,-0.012,-1,0.1,-0.7,0,0
37.4932778999997,0,0,18.9,0,0,0.028,-0.012,-1,0.1,-0.7,0,0
37.5032778999997,0,0,18.9,0,0,0.027,-0.013,-1,0.1,-0.7,0,0
37.5132778999997,0,0,18.9,0,0,0.027,-0.013,-1,0.1,-0.7,0,0
37.5232778999997,0,0,18.9,0,0,0.027,-0.013,-1,0.1,-0.7,0,0
37.5332778999997,0,0,18.9,0,0,0.027,-0.013,-1,0.1,-0.7,0,0
37.5432778999997,0,0,18.9,0,0,0.027,-0.013,-1,0.1,-0.7,0,0
37.5532778999997,0,0,18.9,0,0,0.028,-0.013,-1,0.1,-0.7,0,0
37.5632778999997,0,0,18.9,0,0,0.028,-0.013,-1,0.1,-0.7,0,0
37.5732778999997,0,0,18.9,0,0,0.028,-0.013,-1,0.1,-0.7,0,0
37.5832778999997,0,0,18.9,0,0,0.028,-0.013,-1,0.1,-0.7,0,0
37.5932778999997,0,0,18.9,0,0,0.028,-0.013,-1,0.1,-0.7,0,0
37.6032778999997,0,0,18.9,0,0,0.026,-0.012,-1,0.1,-0.7,0,0
37.6132778999997,0,0,18.9,0,0,0.026,-0.012,-1,0.1,-0.7,0,0
37.6232778999997,0,0,18.9,0,0,0.026,-0.012,-1,0.1,-0.7,0,0
37.6332778999997,0,0,18.9,0,0,0.026,-0.012,-1,0.1,-0.7,0,0
37.6432778999997,0,0,18.9,0,0,0.026,-0.012,-1,0.1,-0.7,0,0
37.6532778999997,0,0,18.9,0,0,0.028,-0.013,-1,0.1,-0.7,0,0
37.6632778999997,0,0,18.9,0,0,0.028,-0.013,-1,0.1,-0.7,0,0
37.6732778999997,0,0,18.9,0,0,0.028,-0.013,-1,0.1,-0.7,0,0
37.6832778999997,0,0,18.9,0,0,0.028,-0.013,-1,0.1,-0.7,0,0
37.6932778999997,0,0,18.9,0,0,0.028,-0.013,-1,0.1,-0.7,0,0
37.7032778999997,0,0,18.9,0,0,0.026,-0.013,-1,0.2,-0.7,0,0
37.7132778999997,0,0,18.9,0,0,0.026,-0.013,-1,0.2,-0.7,0,0
37.7232778999997,0,0,18.9,0,0,0.026,-0.013,-1,0.2,-0.7,0,0
37.7332778999997,0,0,18.9,0,0,0.026,-0.013,-1,0.2,-0.7,0,0
37.7432778999997,0,0,18.9,0,0,0.026,-0.013,-1,0.2,-0.7,0,0
37.7532778999997,0,0,18.8,0,0,0.028,-0.013,-1,0.1,-0.7,0,0
37.7632778999997,0,0,18.8,0,0,0.028,-0.013,-1,0.1,-0.7,0,0
37.7732778999997,0,0,18.8,0,0,0.028,-0.013,-1,0.1,-0.7,0,0
37.7832778999997,0,0,18.8,0,0,0.028,-0.013,-1,0.1,-0.7,0,0
37.7932778999997,0,0,18.8,0,0,0.028,-0.013,-1,0.1,-0.7,0,0
37.8032778999997,0,0,18.8,0,0,0.028,-0.012,-1,0.1,-0.7,0,0
37.8132778999997,0,0,18.8,0,0,0.028,-0.012,-1,0.1,-0.7,0,0
37.8232778999997,0,0,18.8,0,0,0.028,-0.012,-1,0.1,-0.7,0,0
37.8332778999997,0,0,18.8,0,0,0.028,-0.012,-1,0.1,-0.7,0,0
37.8432778999997,0,0,18.8,0,0,0.028,-0.012,-1,0.1,-0.7,0,0
37.8532778999997,0,0,18.8,0,0,0.028,-0.014,-1,0,-0.6,0,0
37.8632778999997,0,0,18.8,0,0,0.028,-0.014,-1,0,-0.6,0,0
37.8732778999997,0,0,18.8,0,0,0.028,-0.014,-1,0,-0.6,0,0
37.8832778999997,0,0,18.8,0,0,0.028,-0.014,-1,0,-0.6,0,0
37.8932778999997,0,0,18.8,0,0,0.028,-0.014,-1,0,-0.6,0,0
37.9032778999997,0,0,18.8,0,0,0.027,-0.012,-1,0.1,-0.7,0,0
37.9132778999997,0,0,18.8,0,0,0.027,-0.012,-1,0.1,-0.7,0,0
37.9232778999997,0,0,18.8,0,0,0.027,-0.012,-1,0.1,-0.7,0,0
37.9332778999997,0,0,18.8,0,0,0.027,-0.012,-1,0.1,-0.7,0,0
37.9432778999997,0,0,18.8,0,0,0.027,-0.012,-1,0.1,-0.7,0,0
37.9532778999997,0,0,18.8,0,0,0.027,-0.012,-1,0.1,-0.7,0,0
37.9632778999997,0,0,18.8,0,0,0.027,-0.012,-1,0.1,-0.7,0,0
37.9732778999997,0,0,18.8,0,0,0.027,-0.012,-1,0.1,-0.7,0,0
37.9832778999997,0,0,18.8,0,0,0.027,-0.012,-1,0.1,-0.7,0,0
37.9932778999997,0,0,18.8,0,0,0.027,-0.012,-1,0.1,-0.7,0,0
38.0032778999997,0,0,18.9,0,0,0.029,-0.014,-0.999,0.1,-0.7,0,0
38.0132778999997,0,0,18.9,0,0,0.029,-0.014,-0.999,0.1,-0.7,0,0
38.0232778999997,0,0,18.9,0,0,0.029,-0.014,-0.999,0.1,-0.7,0,0
38.0332778999997,0,0,18.9,0,0,0.029,-0.014,-0.999,0.1,-0.7,0,0
38.0432778999997,0,0,18.9,0,0,0.029,-0.014,-0.999,0.1,-0.7,0,0
38.0604186,0,0,18.9,0,0,0.027,-0.012,-1.001,0.1,-0.7,0,0
38.0704186,0,0,18.9,0,0,0.027,-0.012,-1.001,0.1,-0.7,0,0
38.0804186,0,0,18.9,0,0,0.027,-0.012,-1.001,0.1,-0.7,0,0
38.0904186,0,0,18.9,0,0,0.027,-0.012,-1.001,0.1,-0.7,0,0
38.1004186,0,0,18.9,0,0,0.027,-0.012,-1.001,0.1,-0.7,0,0
38.1104186,0,0,18.9,0,0,0.028,-0.013,-0.999,0.1,-0.6,0,0
38.1204186,0,0,18.9,0,0,0.028,-0.013,-0.999,0.1,-0.6,0,0
38.1304186,0,0,18.9,0,0,0.028,-0.013,-0.999,0.1,-0.6,0,0
38.1404186,0,0,18.9,0,0,0.028,-0.013,-0.999,0.1,-0.6,0,0
38.1504186,0,0,18.9,0,0,0.028,-0.013,-0.999,0.1,-0.6,0,0
38.1604186,0,0,18.9,0,0,0.027,-0.013,-1,0.1,-0.6,0,0
38.1704186,0,0,18.9,0,0,0.027,-0.013,-1,0.1,-0.6,0,0
38.1804186,0,0,18.9,0,0,0.027,-0.013,-1,0.1,-0.6,0,0
38.1904186,0,0,18.9,0,0,0.027,-0.013,-1,0.1,-0.6,0,0
38.2004186,0,0,18.9,0,0,0.027,-0.013,-1,0.1,-0.6,0,0
38.2104186,0,0,18.9,0,0,0.028,-0.013,-1,0.1,-0.7,0,0
38.2204186,0,0,18.9,0,0,0.028,-0.013,-1,0.1,-0.7,0,0
38.2304186,0,0,18.9,0,0,0.028,-0.013,-1,0.1,-0.7,0,0
38.2404186,0,0,18.9,0,0,0.028,-0.013,-1,0.1,-0.7,0,0
38.2504186,0,0,18.9,0,0,0.028,-0.013,-1,0.1,-0.7,0,0
38.2604186,0,0,18.8,0,0,0.028,-0.013,-0.999,0.1,-0.7,0,0
38.2704186,0,0,18.8,0,0,0.028,-0.013,-0.999,0.1,-0.7,0,0
38.2804186,0,0,18.8,0,0,0.028,-0.013,-0.999,0.1,-0.7,0,0
38.2904186,0,0,18.8,0,0,0.028,-0.013,-0.999,0.1,-0.7,0,0
38.3004186,0,0,18.8,0,0,0.028,-0.013,-0.999,0.1,-0.7,0,0
38.3104186,0,0,18.9,0,0,0.028,-0.012,-1,0.1,-0.7,-0.1,0
38.3204186,0,0,18.9,0,0,0.028,-0.012,-1,0.1,-0.7,-0.1,0
38.3304186,0,0,18.9,0,0,0.028,-0.012,-1,0.1,-0.7,-0.1,0
38.3404186,0,0,18.9,0,0,0.028,-0.012,-1,0.1,-0.7,-0.1,0
38.3504186,0,0,18.9,0,0,0.028,-0.012,-1,0.1,-0.7,-0.1,0
38.3604186,0,0,18.9,0,0,0.026,-0.012,-1,0.1,-0.7,0,0
38.3704186,0,0,18.9,0,0,0.026,-0.012,-1,0.1,-0.7,0,0
38.3804186,0,0,18.9,0,0,0.026,-0.012,-1,0.1,-0.7,0,0
38.3904186,0,0,18.9,0,0,0.026,-0.012,-1,0.1,-0.7,0,0
38.4004186,0,0,18.9,0,0,0.026,-0.012,-1,0.1,-0.7,0,0
38.4104186,0,0,18.9,0,0,0.028,-0.013,-1,0.1,-0.7,0,0
38.4204186,0,0,18.9,0,0,0.028,-0.013,-1,0.1,-0.7,0,0
38.4304186,0,0,18.9,0,0,0.028,-0.013,-1,0.1,-0.7,0,0
38.4404186,0,0,18.9,0,0,0.028,-0.013,-1,0.1,-0.7,0,0
38.4504186,0,0,18.9,0,0,0.028,-0.013,-1,0.1,-0.7,0,0
38.4604186,0,0,18.9,0,0,0.027,-0.013,-1,0.1,-0.7,0,0
38.4704186,0,0,18.9,0,0,0.027,-0.013,-1,0.1,-0.7,0,0
38.4804186,0,0,18.9,0,0,0.027,-0.013,-1,0.1,-0.7,0,0
38.4904186,0,0,18.9,0,0,0.027,-0.013,-1,0.1,-0.7,0,0
38.5004186,0,0,18.9,0,0,0.027,-0.013,-1,0.1,-0.7,0,0
38.5104186,0,0,18.9,0,0,0.028,-0.013,-0.999,0.1,-0.6,0,0
38.5204186,0,0,18.9,0,0,0.028,-0.013,-0.999,0.1,-0.6,0,0
38.5304186,0,0,18.9,0,0,0.028,-0.013,-0.999,0.1,-0.6,0,0
38.5404186,0,0,18.9,0,0,0.028,-0.013,-0.999,0.1,-0.6,0,0
38.5504186,0,0,18.9,0,0,0.028,-0.013,-0.999,0.1,-0.6,0,0
38.5604186,0,0,18.9,0,0,0.026,-0.013,-1,0.1,-0.7,0,0
38.5704186,0,0,18.9,0,0,0.026,-0.013,-1,0.1,-0.7,0,0
38.5804186,0,0,18.9,0,0,0.026,-0.013,-1,0.1,-0.7,0,0
38.5904186,0,0,18.9,0,0,0.026,-0.013,-1,0.1,-0.7,0,0
38.6004186,0,0,18.9,0,0,0.026,-0.013,-1,0.1,-0.7,0,0
38.6104186,0,0,18.9,0,0,0.028,-0.013,-1,0.1,-0.7,0,0
38.6204186,0,0,18.9,0,0,0.028,-0.013,-1,0.1,-0.7,0,0
38.6304186,0,0,18.9,0,0,0.028,-0.013,-1,0.1,-0.7,0,0
38.6404186,0,0,18.9,0,0,0.028,-0.013,-1,0.1,-0.7,0,0
38.6504186,0,0,18.9,0,0,0.028,-0.013,-1,0.1,-0.7,0,0
38.6604186,0,0,18.8,0,0,0.026,-0.013,-1.001,0.1,-0.6,0,0
38.6704186,0,0,18.8,0,0,0.026,-0.013,-1.001,0.1,-0.6,0,0
38.6804186,0,0,18.8,0,0,0.026,-0.013,-1.001,0.1,-0.6,0,0
38.6904186,0,0,18.8,0,0,0.026,-0.013,-1.001,0.1,-0.6,0,0
38.7004186,0,0,18.8,0,0,0.026,-0.013,-1.001,0.1,-0.6,0,0
38.7104186,0,0,18.8,0,0,0.028,-0.013,-0.999,0.1,-0.7,0,0
38.7204186,0,0,18.8,0,0,0.028,-0.013,-0.999,0.1,-0.7,0,0
38.7304186,0,0,18.8,0,0,0.028,-0.013,-0.999,0.1,-0.7,0,0
38.7404186,0,0,18.8,0,0,0.028,-0.013,-0.999,0.1,-0.7,0,0
38.7504186,0,0,18.8,0,0,0.028,-0.013,-0.999,0.1,-0.7,0,0
38.7604186,0,0,18.9,0,0,0.027,-0.012,-1,0.1,-0.7,0,0
38.7704186,0,0,18.9,0,0,0.027,-0.012,-1,0.1,-0.7,0,0
38.7804186,0,0,18.9,0,0,0.027,-0.012,-1,0.1,-0.7,0,0
38.7904186,0,0,18.9,0,0,0.027,-0.012,-1,0.1,-0.7,0,0
38.8004186,0,0,18.9,0,0,0.027,-0.012,-1,0.1,-0.7,0,0
38.8104186,0,0,18.9,0,0,0.027,-0.012,-0.999,0.1,-0.7,0,0
38.8204186,0,0,18.9,0,0,0.027,-0.012,-0.999,0.1,-0.7,0,0
38.8304186,0,0,18.9,0,0,0.027,-0.012,-0.999,0.1,-0.7,0,0
38.8404186,0,0,18.9,0,0,0.027,-0.012,-0.999,0.1,-0.7,0,0
38.8504186,0,0,18.9,0,0,0.027,-0.012,-0.999,0.1,-0.7,0,0
38.8604186,0,0,18.9,0,0,0.027,-0.013,-1,0.1,-0.6,0,0
38.8704186,0,0,18.9,0,0,0.027,-0.013,-1,0.1,-0.6,0,0
38.8804186,0,0,18.9,0,0,0.027,-0.013,-1,0.1,-0.6,0,0
38.8904186,0,0,18.9,0,0,0.027,-0.013,-1,0.1,-0.6,0,0
38.9004186,0,0,18.9,0,0,0.027,-0.013,-1,0.1,-0.6,0,0
38.9104186,0,0,18.8,0,0,0.027,-0.013,-1,0.1,-0.7,0,0
38.9204185999999,0,0,18.8,0,0,0.027,-0.013,-1,0.1,-0.7,0,0
38.9304186,0,0,18.8,0,0,0.027,-0.013,-1,0.1,-0.7,0,0
38.9404186,0,0,18.8,0,0,0.027,-0.013,-1,0.1,-0.7,0,0
38.9504185999999,0,0,18.8,0,0,0.027,-0.013,-1,0.1,-0.7,0,0
38.9661349,0,0,18.9,0,0,0.028,-0.013,-0.999,0.1,-0.7,0,0
38.9761349,0,0,18.9,0,0,0.028,-0.013,-0.999,0.1,-0.7,0,0
38.9861349,0,0,18.9,0,0,0.028,-0.013,-0.999,0.1,-0.7,0,0
38.9961349,0,0,18.9,0,0,0.028,-0.013,-0.999,0.1,-0.7,0,0
39.0061349,0,0,18.9,0,0,0.028,-0.013,-0.999,0.1,-0.7,0,0
39.0161349,0,0,18.8,0,0,0.027,-0.012,-0.999,0.1,-0.7,0,0
39.0261349,0,0,18.8,0,0,0.027,-0.012,-0.999,0.1,-0.7,0,0
39.0361349,0,0,18.8,0,0,0.027,-0.012,-0.999,0.1,-0.7,0,0
39.0461349,0,0,18.8,0,0,0.027,-0.012,-0.999,0.1,-0.7,0,0
39.0561349,0,0,18.8,0,0,0.027,-0.012,-0.999,0.1,-0.7,0,0
39.0661349,0,0,18.9,0,0,0.027,-0.013,-1,0.1,-0.7,0,0
39.0761349,0,0,18.9,0,0,0.027,-0.013,-1,0.1,-0.7,0,0
39.0861349,0,0,18.9,0,0,0.027,-0.013,-1,0.1,-0.7,0,0
39.0961349,0,0,18.9,0,0,0.027,-0.013,-1,0.1,-0.7,0,0
39.1061349,0,0,18.9,0,0,0.027,-0.013,-1,0.1,-0.7,0,0
39.1161349,0,0,18.9,0,0,0.028,-0.012,-1,0,-0.7,0,0
39.1261349,0,0,18.9,0,0,0.028,-0.012,-1,0,-0.7,0,0
39.1361349,0,0,18.9,0,0,0.028,-0.012,-1,0,-0.7,0,0
39.1461349,0,0,18.9,0,0,0.028,-0.012,-1,0,-0.7,0,0
39.1561349,0,0,18.9,0,0,0.028,-0.012,-1,0,-0.7,0,0
39.1661349,0,0,18.9,0,0,0.027,-0.011,-1,0.1,-0.7,0,0
39.1761349,0,0,18.9,0,0,0.027,-0.011,-1,0.1,-0.7,0,0
39.1861349,0,0,18.9,0,0,0.027,-0.011,-1,0.1,-0.7,0,0
39.1961349,0,0,18.9,0,0,0.027,-0.011,-1,0.1,-0.7,0,0
39.2061349,0,0,18.9,0,0,0.027,-0.011,-1,0.1,-0.7,0,0
39.2161349,0,0,18.9,0,0,0.028,-0.012,-1,0.1,-0.7,0,0
39.2261349,0,0,18.9,0,0,0.028,-0.012,-1,0.1,-0.7,0,0
39.2361349,0,0,18.9,0,0,0.028,-0.012,-1,0.1,-0.7,0,0
39.2461349,0,0,18.9,0,0,0.028,-0.012,-1,0.1,-0.7,0,0
39.2561349,0,0,18.9,0,0,0.028,-0.012,-1,0.1,-0.7,0,0
39.2661349,0,0,18.9,0,0,0.027,-0.013,-1,0.1,-0.7,0,0
39.2761349,0,0,18.9,0,0,0.027,-0.013,-1,0.1,-0.7,0,0
39.2861349,0,0,18.9,0,0,0.027,-0.013,-1,0.1,-0.7,0,0
39.2961349,0,0,18.9,0,0,0.027,-0.013,-1,0.1,-0.7,0,0
39.3061349,0,0,18.9,0,0,0.027,-0.013,-1,0.1,-0.7,0,0
39.3161349,0,0,18.9,0,0,0.028,-0.013,-0.999,0.1,-0.7,0,0
39.3261349,0,0,18.9,0,0,0.028,-0.013,-0.999,0.1,-0.7,0,0
39.3361349,0,0,18.9,0,0,0.028,-0.013,-0.999,0.1,-0.7,0,0
39.3461349,0,0,18.9,0,0,0.028,-0.013,-0.999,0.1,-0.7,0,0
39.3561349,0,0,18.9,0,0,0.028,-0.013,-0.999,0.1,-0.7,0,0
39.3661349,0,0,18.9,0,0,0.026,-0.012,-1,0.1,-0.7,0,0
39.3761349,0,0,18.9,0,0,0.026,-0.012,-1,0.1,-0.7,0,0
39.3861349,0,0,18.9,0,0,0.026,-0.012,-1,0.1,-0.7,0,0
39.3961349,0,0,18.9,0,0,0.026,-0.012,-1,0.1,-0.7,0,0
39.4061349,0,0,18.9,0,0,0.026,-0.012,-1,0.1,-0.7,0,0
39.4161349,0,0,18.9,0,0,0.029,-0.014,-1,0.1,-0.7,0,0
39.4261349,0,0,18.9,0,0,0.029,-0.014,-1,0.1,-0.7,0,0
39.4361349,0,0,18.9,0,0,0.029,-0.014,-1,0.1,-0.7,0,0
39.4461349,0,0,18.9,0,0,0.029,-0.014,-1,0.1,-0.7,0,0
39.4561349,0,0,18.9,0,0,0.029,-0.014,-1,0.1,-0.7,0,0
39.4661349,0,0,18.9,0,0,0.027,-0.011,-1,0.1,-0.7,0,0
39.4761349,0,0,18.9,0,0,0.027,-0.011,-1,0.1,-0.7,0,0
39.4861349,0,0,18.9,0,0,0.027,-0.011,-1,0.1,-0.7,0,0
39.4961349,0,0,18.9,0,0,0.027,-0.011,-1,0.1,-0.7,0,0
39.5061349,0,0,18.9,0,0,0.027,-0.011,-1,0.1,-0.7,0,0
39.5161349,0,0,18.9,0,0,0.028,-0.014,-0.999,0.1,-0.7,0,0
39.5261349,0,0,18.9,0,0,0.028,-0.014,-0.999,0.1,-0.7,0,0
39.5361349,0,0,18.9,0,0,0.028,-0.014,-0.999,0.1,-0.7,0,0
39.5461349,0,0,18.9,0,0,0.028,-0.014,-0.999,0.1,-0.7,0,0
39.5561349,0,0,18.9,0,0,0.028,-0.014,-0.999,0.1,-0.7,0,0
39.5661349,0,0,18.8,0,0,0.027,-0.011,-1,0.1,-0.6,0,0
39.5761349,0,0,18.8,0,0,0.027,-0.011,-1,0.1,-0.6,0,0
39.5861349,0,0,18.8,0,0,0.027,-0.011,-1,0.1,-0.6,0,0
39.5961349,0,0,18.8,0,0,0.027,-0.011,-1,0.1,-0.6,0,0
39.6061349,0,0,18.8,0,0,0.027,-0.011,-1,0.1,-0.6,0,0
39.6161349,0,0,18.9,0,0,0.027,-0.014,-1,0.1,-0.7,0,0
39.6261349,0,0,18.9,0,0,0.027,-0.014,-1,0.1,-0.7,0,0
39.6361349,0,0,18.9,0,0,0.027,-0.014,-1,0.1,-0.7,0,0
39.6461349,0,0,18.9,0,0,0.027,-0.014,-1,0.1,-0.7,0,0
39.6561349,0,0,18.9,0,0,0.027,-0.014,-1,0.1,-0.7,0,0
39.6661349,0,0,18.9,0,0,0.028,-0.011,-1,0.1,-0.7,0,0
39.6761349,0,0,18.9,0,0,0.028,-0.011,-1,0.1,-0.7,0,0
39.6861349,0,0,18.9,0,0,0.028,-0.011,-1,0.1,-0.7,0,0
39.6961349,0,0,18.9,0,0,0.028,-0.011,-1,0.1,-0.7,0,0
39.7061349,0,0,18.9,0,0,0.028,-0.011,-1,0.1,-0.7,0,0
39.7161349,0,0,18.9,0,0,0.027,-0.012,-1,0.1,-0.7,0,0
39.7261349,0,0,18.9,0,0,0.027,-0.012,-1,0.1,-0.7,0,0
39.7361349,0,0,18.9,0,0,0.027,-0.012,-1,0.1,-0.7,0,0
39.7461349,0,0,18.9,0,0,0.027,-0.012,-1,0.1,-0.7,0,0
39.7561349,0,0,18.9,0,0,0.027,-0.012,-1,0.1,-0.7,0,0
39.7661349,0,0,18.8,0,0,0.027,-0.013,-1,0.1,-0.7,0,0
39.7761349,0,0,18.8,0,0,0.027,-0.013,-1,0.1,-0.7,0,0
39.7861349,0,0,18.8,0,0,0.027,-0.013,-1,0.1,-0.7,0,0
39.7961349,0,0,18.8,0,0,0.027,-0.013,-1,0.1,-0.7,0,0
39.8061349,0,0,18.8,0,0,0.027,-0.013,-1,0.1,-0.7,0,0
39.8161349,0,0,18.9,0,0,0.027,-0.013,-1.001,0.1,-0.7,0,0
39.8261348999999,0,0,18.9,0,0,0.027,-0.013,-1.001,0.1,-0.7,0,0
39.8361349,0,0,18.9,0,0,0.027,-0.013,-1.001,0.1,-0.7,0,0
39.8461349,0,0,18.9,0,0,0.027,-0.013,-1.001,0.1,-0.7,0,0
39.8561349,0,0,18.9,0,0,0.027,-0.013,-1.001,0.1,-0.7,0,0
39.8661348999999,0,0,18.9,0,0,0.028,-0.013,-1,0.1,-0.7,0,0
39.8761348999999,0,0,18.9,0,0,0.028,-0.013,-1,0.1,-0.7,0,0
39.8861349,0,0,18.9,0,0,0.028,-0.013,-1,0.1,-0.7,0,0
39.8961349,0,0,18.9,0,0,0.028,-0.013,-1,0.1,-0.7,0,0
39.9061348999999,0,0,18.9,0,0,0.028,-0.013,-1,0.1,-0.7,0,0
39.9161348999999,0,0,18.9,0,0,0.027,-0.012,-1,0,-0.7,0,0
39.9261348999999,0,0,18.9,0,0,0.027,-0.012,-1,0,-0.7,0,0
39.9361348999999,0,0,18.9,0,0,0.027,-0.012,-1,0,-0.7,0,0
39.9461348999999,0,0,18.9,0,0,0.027,-0.012,-1,0,-0.7,0,0
39.9561348999999,0,0,18.9,0,0,0.027,-0.012,-1,0,-0.7,0,0
39.9661348999999,0,0,18.9,0,0,0.027,-0.012,-0.999,0.1,-0.7,0,0
39.9761348999999,0,0,18.9,0,0,0.027,-0.012,-0.999,0.1,-0.7,0,0
39.9861348999999,0,0,18.9,0,0,0.027,-0.012,-0.999,0.1,-0.7,0,0
39.9961348999999,0,0,18.9,0,0,0.027,-0.012,-0.999,0.1,-0.7,0,0
40.0061348999999,0,0,18.9,0,0,0.027,-0.012,-0.999,0.1,-0.7,0,0
40.0161348999999,0,0,18.9,0,0,0.027,-0.012,-1,0,-0.7,0,0
40.0261348999999,0,0,18.9,0,0,0.027,-0.012,-1,0,-0.7,0,0
40.0361348999999,0,0,18.9,0,0,0.027,-0.012,-1,0,-0.7,0,0
40.0461348999999,0,0,18.9,0,0,0.027,-0.012,-1,0,-0.7,0,0
40.0561348999999,0,0,18.9,0,0,0.027,-0.012,-1,0,-0.7,0,0
40.0661348999999,0,0,18.9,0,0,0.028,-0.013,-1.001,0.1,-0.7,0,0
40.0761348999999,0,0,18.9,0,0,0.028,-0.013,-1.001,0.1,-0.7,0,0
40.0861348999999,0,0,18.9,0,0,0.028,-0.013,-1.001,0.1,-0.7,0,0
40.0961348999999,0,0,18.9,0,0,0.028,-0.013,-1.001,0.1,-0.7,0,0
40.1061348999999,0,0,18.9,0,0,0.028,-0.013,-1.001,0.1,-0.7,0,0
40.1161348999999,0,0,18.9,0,0,0.029,-0.012,-0.999,0.1,-0.7,0,0
40.1261348999999,0,0,18.9,0,0,0.029,-0.012,-0.999,0.1,-0.7,0,0
40.1361348999999,0,0,18.9,0,0,0.029,-0.012,-0.999,0.1,-0.7,0,0
40.1461348999999,0,0,18.9,0,0,0.029,-0.012,-0.999,0.1,-0.7,0,0
40.1561348999999,0,0,18.9,0,0,0.029,-0.012,-0.999,0.1,-0.7,0,0
40.1661348999999,0,0,18.9,0,0,0.028,-0.013,-1,0.1,-0.6,0,0
40.1761348999999,0,0,18.9,0,0,0.028,-0.013,-1,0.1,-0.6,0,0
40.1861348999999,0,0,18.9,0,0,0.028,-0.013,-1,0.1,-0.6,0,0
40.1961348999999,0,0,18.9,0,0,0.028,-0.013,-1,0.1,-0.6,0,0
40.2061348999999,0,0,18.9,0,0,0.028,-0.013,-1,0.1,-0.6,0,0
40.2161348999999,0,0,18.9,0,0,0.028,-0.014,-0.999,0.1,-0.7,0,0
40.2261348999999,0,0,18.9,0,0,0.028,-0.014,-0.999,0.1,-0.7,0,0
40.2361348999999,0,0,18.9,0,0,0.028,-0.014,-0.999,0.1,-0.7,0,0
40.2461348999999,0,0,18.9,0,0,0.028,-0.014,-0.999,0.1,-0.7,0,0
40.2561348999999,0,0,18.9,0,0,0.028,-0.014,-0.999,0.1,-0.7,0,0
40.2661348999999,0,0,18.8,0,0,0.03,-0.014,-1,0.1,-0.7,0,0
40.2761348999999,0,0,18.8,0,0,0.03,-0.014,-1,0.1,-0.7,0,0
40.2861348999999,0,0,18.8,0,0,0.03,-0.014,-1,0.1,-0.7,0,0
40.2961348999999,0,0,18.8,0,0,0.03,-0.014,-1,0.1,-0.7,0,0
40.3061348999999,0,0,18.8,0,0,0.03,-0.014,-1,0.1,-0.7,0,0
40.3161348999999,0,0,18.9,0,0,0.027,-0.017,-1.001,0.1,-0.6,0.1,0
40.3261348999999,0,0,18.9,0,0,0.027,-0.017,-1.001,0.1,-0.6,0.1,0
40.3361348999999,0,0,18.9,0,0,0.027,-0.017,-1.001,0.1,-0.6,0.1,0
40.3461348999999,0,0,18.9,0,0,0.027,-0.017,-1.001,0.1,-0.6,0.1,0
40.3561348999999,0,0,18.9,0,0,0.027,-0.017,-1.001,0.1,-0.6,0.1,0
40.3661348999999,0,0,18.9,0,0,0.025,-0.005,-1,0.1,-0.7,0,0
40.3761348999999,0,0,18.9,0,0,0.025,-0.005,-1,0.1,-0.7,0,0
40.3861348999999,0,0,18.9,0,0,0.025,-0.005,-1,0.1,-0.7,0,0
40.3961348999999,0,0,18.9,0,0,0.025,-0.005,-1,0.1,-0.7,0,0
40.4061348999999,0,0,18.9,0,0,0.025,-0.005,-1,0.1,-0.7,0,0
40.4161348999999,0,0,18.9,0,0,0.029,-0.017,-0.999,0.1,-0.7,0,0
40.4261348999999,0,0,18.9,0,0,0.029,-0.017,-0.999,0.1,-0.7,0,0
40.4361348999999,0,0,18.9,0,0,0.029,-0.017,-0.999,0.1,-0.7,0,0
40.4461348999999,0,0,18.9,0,0,0.029,-0.017,-0.999,0.1,-0.7,0,0
40.4561348999999,0,0,18.9,0,0,0.029,-0.017,-0.999,0.1,-0.7,0,0
40.4661348999999,0,0,18.9,0,0,0.028,-0.011,-1,0.1,-0.6,0,0
40.4761348999999,0,0,18.9,0,0,0.028,-0.011,-1,0.1,-0.6,0,0
40.4861348999999,0,0,18.9,0,0,0.028,-0.011,-1,0.1,-0.6,0,0
40.4961348999999,0,0,18.9,0,0,0.028,-0.011,-1,0.1,-0.6,0,0
40.5061348999999,0,0,18.9,0,0,0.028,-0.011,-1,0.1,-0.6,0,0
40.5161348999999,0,0,18.9,0,0,0.028,-0.012,-1,0.1,-0.7,0,0
40.5261348999999,0,0,18.9,0,0,0.028,-0.012,-1,0.1,-0.7,0,0
40.5361348999999,0,0,18.9,0,0,0.028,-0.012,-1,0.1,-0.7,0,0
40.5461348999999,0,0,18.9,0,0,0.028,-0.012,-1,0.1,-0.7,0,0
40.5561348999999,0,0,18.9,0,0,0.028,-0.012,-1,0.1,-0.7,0,0
40.5661348999999,0,0,18.9,0,0,0.029,-0.012,-1,0.2,-0.7,0,0
40.5761348999999,0,0,18.9,0,0,0.029,-0.012,-1,0.2,-0.7,0,0
40.5861348999999,0,0,18.9,0,0,0.029,-0.012,-1,0.2,-0.7,0,0
40.5961348999999,0,0,18.9,0,0,0.029,-0.012,-1,0.2,-0.7,0,0
40.6061348999999,0,0,18.9,0,0,0.029,-0.012,-1,0.2,-0.7,0,0
40.6161348999999,0,0,18.9,0,0,0.025,-0.013,-1.001,0,-0.7,0,0
40.6261348999999,0,0,18.9,0,0,0.025,-0.013,-1.001,0,-0.7,0,0
40.6361348999999,0,0,18.9,0,0,0.025,-0.013,-1.001,0,-0.7,0,0
40.6461348999999,0,0,18.9,0,0,0.025,-0.013,-1.001,0,-0.7,0,0
40.6561348999999,0,0,18.9,0,0,0.025,-0.013,-1.001,0,-0.7,0,0
40.6661348999999,0,0,18.8,0,0,0.029,-0.013,-1,0.1,-0.7,0,0
40.6761348999999,0,0,18.8,0,0,0.029,-0.013,-1,0.1,-0.7,0,0
40.6861348999999,0,0,18.8,0,0,0.029,-0.013,-1,0.1,-0.7,0,0
40.6961348999999,0,0,18.8,0,0,0.029,-0.013,-1,0.1,-0.7,0,0
40.7061348999999,0,0,18.8,0,0,0.029,-0.013,-1,0.1,-0.7,0,0
40.7161348999999,0,0,18.9,0,0,0.026,-0.012,-1,0.1,-0.7,0,0
40.7261348999999,0,0,18.9,0,0,0.026,-0.012,-1,0.1,-0.7,0,0
40.7361348999999,0,0,18.9,0,0,0.026,-0.012,-1,0.1,-0.7,0,0
40.7461348999999,0,0,18.9,0,0,0.026,-0.012,-1,0.1,-0.7,0,0
40.7561348999999,0,0,18.9,0,0,0.026,-0.012,-1,0.1,-0.7,0,0
40.7661348999999,0,0,18.9,0,0,0.028,-0.013,-1.001,0.1,-0.7,0,0
40.7761348999999,0,0,18.9,0,0,0.028,-0.013,-1.001,0.1,-0.7,0,0
40.7861348999999,0,0,18.9,0,0,0.028,-0.013,-1.001,0.1,-0.7,0,0
40.7961348999999,0,0,18.9,0,0,0.028,-0.013,-1.001,0.1,-0.7,0,0
40.8061348999999,0,0,18.9,0,0,0.028,-0.013,-1.001,0.1,-0.7,0,0
40.8161348999999,0,0,18.8,0,0,0.028,-0.012,-1,0.1,-0.7,0,0
40.8261348999999,0,0,18.8,0,0,0.028,-0.012,-1,0.1,-0.7,0,0
40.8361348999999,0,0,18.8,0,0,0.028,-0.012,-1,0.1,-0.7,0,0
40.8461348999999,0,0,18.8,0,0,0.028,-0.012,-1,0.1,-0.7,0,0
40.8561348999999,0,0,18.8,0,0,0.028,-0.012,-1,0.1,-0.7,0,0
40.8661348999999,0,0,18.9,0,0,0.028,-0.013,-1,0.1,-0.7,0,0
40.8761348999999,0,0,18.9,0,0,0.028,-0.013,-1,0.1,-0.7,0,0
40.8861348999999,0,0,18.9,0,0,0.028,-0.013,-1,0.1,-0.7,0,0
40.8961348999999,0,0,18.9,0,0,0.028,-0.013,-1,0.1,-0.7,0,0
40.9061348999999,0,0,18.9,0,0,0.028,-0.013,-1,0.1,-0.7,0,0
40.9161348999999,0,0,18.9,0,0,0.027,-0.012,-1,0,-0.7,0,0
40.9261348999999,0,0,18.9,0,0,0.027,-0.012,-1,0,-0.7,0,0
40.9361348999999,0,0,18.9,0,0,0.027,-0.012,-1,0,-0.7,0,0
40.9461348999999,0,0,18.9,0,0,0.027,-0.012,-1,0,-0.7,0,0
40.9561348999999,0,0,18.9,0,0,0.027,-0.012,-1,0,-0.7,0,0
40.9661348999999,0,0,18.9,0,0,0.028,-0.013,-1,0.1,-0.6,0,0
40.9761348999999,0,0,18.9,0,0,0.028,-0.013,-1,0.1,-0.6,0,0
40.9861348999999,0,0,18.9,0,0,0.028,-0.013,-1,0.1,-0.6,0,0
40.9961348999999,0,0,18.9,0,0,0.028,-0.013,-1,0.1,-0.6,0,0
41.0061348999999,0,0,18.9,0,0,0.028,-0.013,-1,0.1,-0.6,0,0
41.0161348999999,0,0,18.9,0,0,0.028,-0.013,-1,0.1,-0.6,0,0
41.0261348999999,0,0,18.9,0,0,0.028,-0.013,-1,0.1,-0.6,0,0
41.0361348999999,0,0,18.9,0,0,0.028,-0.013,-1,0.1,-0.6,0,0
41.0461348999999,0,0,18.9,0,0,0.028,-0.013,-1,0.1,-0.6,0,0
41.0561348999999,0,0,18.9,0,0,0.028,-0.013,-1,0.1,-0.6,0,0
41.0661348999999,0,0,18.8,0,0,0.027,-0.013,-1,0.1,-0.7,0,0
41.0761348999999,0,0,18.8,0,0,0.027,-0.013,-1,0.1,-0.7,0,0
41.0861348999999,0,0,18.8,0,0,0.027,-0.013,-1,0.1,-0.7,0,0
41.0961348999999,0,0,18.8,0,0,0.027,-0.013,-1,0.1,-0.7,0,0
41.1061348999999,0,0,18.8,0,0,0.027,-0.013,-1,0.1,-0.7,0,0
41.1161348999999,0,0,18.9,0,0,0.027,-0.013,-1,0,-0.7,0,0
41.1261348999999,0,0,18.9,0,0,0.027,-0.013,-1,0,-0.7,0,0
41.1361348999999,0,0,18.9,0,0,0.027,-0.013,-1,0,-0.7,0,0
41.1461348999999,0,0,18.9,0,0,0.027,-0.013,-1,0,-0.7,0,0
41.1561348999999,0,0,18.9,0,0,0.027,-0.013,-1,0,-0.7,0,0
41.1661348999999,0,0,18.9,0,0,0.028,-0.011,-1,0.1,-0.7,0,0
41.1761348999999,0,0,18.9,0,0,0.028,-0.011,-1,0.1,-0.7,0,0
41.1861348999999,0,0,18.9,0,0,0.028,-0.011,-1,0.1,-0.7,0,0
41.1961348999999,0,0,18.9,0,0,0.028,-0.011,-1,0.1,-0.7,0,0
41.2061348999999,0,0,18.9,0,0,0.028,-0.011,-1,0.1,-0.7,0,0
41.2161348999999,0,0,18.9,0,0,0.027,-0.013,-1,0.1,-0.6,0,0
41.2261348999999,0,0,18.9,0,0,0.027,-0.013,-1,0.1,-0.6,0,0
41.2361348999999,0,0,18.9,0,0,0.027,-0.013,-1,0.1,-0.6,0,0
41.2461348999999,0,0,18.9,0,0,0.027,-0.013,-1,0.1,-0.6,0,0
41.2561348999999,0,0,18.9,0,0,0.027,-0.013,-1,0.1,-0.6,0,0
41.2661348999999,0,0,18.9,0,0,0.027,-0.012,-1,0.1,-0.6,0,0
41.2761348999999,0,0,18.9,0,0,0.027,-0.012,-1,0.1,-0.6,0,0
41.2861348999999,0,0,18.9,0,0,0.027,-0.012,-1,0.1,-0.6,0,0
41.2961348999999,0,0,18.9,0,0,0.027,-0.012,-1,0.1,-0.6,0,0
41.3061348999999,0,0,18.9,0,0,0.027,-0.012,-1,0.1,-0.6,0,0
41.3161348999999,0,0,18.8,0,0,0.028,-0.013,-1,0.1,-0.7,0,0
41.3261348999999,0,0,18.8,0,0,0.028,-0.013,-1,0.1,-0.7,0,0
41.3361348999999,0,0,18.8,0,0,0.028,-0.013,-1,0.1,-0.7,0,0
41.3461348999999,0,0,18.8,0,0,0.028,-0.013,-1,0.1,-0.7,0,0
41.3561348999999,0,0,18.8,0,0,0.028,-0.013,-1,0.1,-0.7,0,0
41.3661348999999,0,0,18.9,0,0,0.026,-0.013,-1,0.1,-0.7,0,0
41.3761348999999,0,0,18.9,0,0,0.026,-0.013,-1,0.1,-0.7,0,0
41.3861348999999,0,0,18.9,0,0,0.026,-0.013,-1,0.1,-0.7,0,0
41.3961348999999,0,0,18.9,0,0,0.026,-0.013,-1,0.1,-0.7,0,0
41.4061348999999,0,0,18.9,0,0,0.026,-0.013,-1,0.1,-0.7,0,0
41.4161348999999,0,0,18.8,0,0,0.027,-0.013,-1,0.1,-0.7,0,0
41.4261348999999,0,0,18.8,0,0,0.027,-0.013,-1,0.1,-0.7,0,0
41.4361348999999,0,0,18.8,0,0,0.027,-0.013,-1,0.1,-0.7,0,0
41.4461348999999,0,0,18.8,0,0,0.027,-0.013,-1,0.1,-0.7,0,0
41.4561348999999,0,0,18.8,0,0,0.027,-0.013,-1,0.1,-0.7,0,0
41.4661348999999,0,0,18.8,0,0,0.027,-0.012,-1,0.1,-0.7,0,0
41.4761348999999,0,0,18.8,0,0,0.027,-0.012,-1,0.1,-0.7,0,0
41.4861348999999,0,0,18.8,0,0,0.027,-0.012,-1,0.1,-0.7,0,0
41.4961348999999,0,0,18.8,0,0,0.027,-0.012,-1,0.1,-0.7,0,0
41.5061348999999,0,0,18.8,0,0,0.027,-0.012,-1,0.1,-0.7,0,0
41.5161348999999,0,0,18.9,0,0,0.027,-0.014,-1,0.1,-0.7,0,0
41.5261348999999,0,0,18.9,0,0,0.027,-0.014,-1,0.1,-0.7,0,0
41.5361348999999,0,0,18.9,0,0,0.027,-0.014,-1,0.1,-0.7,0,0
41.5461348999999,0,0,18.9,0,0,0.027,-0.014,-1,0.1,-0.7,0,0
41.5561348999999,0,0,18.9,0,0,0.027,-0.014,-1,0.1,-0.7,0,0
41.5661348999999,0,0,18.9,0,0,0.027,-0.013,-1,0.1,-0.7,0,0
41.5761348999999,0,0,18.9,0,0,0.027,-0.013,-1,0.1,-0.7,0,0
41.5861348999999,0,0,18.9,0,0,0.027,-0.013,-1,0.1,-0.7,0,0
41.5961348999999,0,0,18.9,0,0,0.027,-0.013,-1,0.1,-0.7,0,0
41.6061348999999,0,0,18.9,0,0,0.027,-0.013,-1,0.1,-0.7,0,0
41.6161348999998,0,0,18.9,0,0,0.027,-0.012,-1,0.1,-0.8,0,0
41.6261348999998,0,0,18.9,0,0,0.027,-0.012,-1,0.1,-0.8,0,0
41.6361348999999,0,0,18.9,0,0,0.027,-0.012,-1,0.1,-0.8,0,0
41.6461348999999,0,0,18.9,0,0,0.027,-0.012,-1,0.1,-0.8,0,0
41.6561348999998,0,0,18.9,0,0,0.027,-0.012,-1,0.1,-0.8,0,0
41.6661348999998,0,0,18.8,0,0,0.028,-0.014,-1,0.1,-0.6,0,0
41.6761348999998,0,0,18.8,0,0,0.028,-0.014,-1,0.1,-0.6,0,0
41.6861348999998,0,0,18.8,0,0,0.028,-0.014,-1,0.1,-0.6,0,0
41.6961348999998,0,0,18.8,0,0,0.028,-0.014,-1,0.1,-0.6,0,0
41.7061348999998,0,0,18.8,0,0,0.028,-0.014,-1,0.1,-0.6,0,0
41.7161348999998,0,0,18.8,0,0,0.026,-0.012,-1,0.1,-0.7,0,0
41.7261348999998,0,0,18.8,0,0,0.026,-0.012,-1,0.1,-0.7,0,0
41.7361348999998,0,0,18.8,0,0,0.026,-0.012,-1,0.1,-0.7,0,0
41.7461348999998,0,0,18.8,0,0,0.026,-0.012,-1,0.1,-0.7,0,0
41.7561348999998,0,0,18.8,0,0,0.026,-0.012,-1,0.1,-0.7,0,0
41.7661348999998,0,0,18.9,0,0,0.028,-0.013,-1,0.1,-0.7,0,0
41.7761348999998,0,0,18.9,0,0,0.028,-0.013,-1,0.1,-0.7,0,0
41.7861348999998,0,0,18.9,0,0,0.028,-0.013,-1,0.1,-0.7,0,0
41.7961348999998,0,0,18.9,0,0,0.028,-0.013,-1,0.1,-0.7,0,0
41.8061348999998,0,0,18.9,0,0,0.028,-0.013,-1,0.1,-0.7,0,0
41.8161348999998,0,0,18.9,0,0,0.028,-0.012,-1,0.1,-0.7,0,0
41.8261348999998,0,0,18.9,0,0,0.028,-0.012,-1,0.1,-0.7,0,0
41.8361348999998,0,0,18.9,0,0,0.028,-0.012,-1,0.1,-0.7,0,0
41.8461348999998,0,0,18.9,0,0,0.028,-0.012,-1,0.1,-0.7,0,0
41.8561348999998,0,0,18.9,0,0,0.028,-0.012,-1,0.1,-0.7,0,0
41.8661348999998,0,0,18.8,0,0,0.026,-0.012,-1,0.1,-0.7,0,0
41.8761348999998,0,0,18.8,0,0,0.026,-0.012,-1,0.1,-0.7,0,0
41.8861348999998,0,0,18.8,0,0,0.026,-0.012,-1,0.1,-0.7,0,0
41.8961348999998,0,0,18.8,0,0,0.026,-0.012,-1,0.1,-0.7,0,0
41.9061348999998,0,0,18.8,0,0,0.026,-0.012,-1,0.1,-0.7,0,0
41.9161348999998,0,0,18.8,0,0,0.028,-0.012,-1,0.1,-0.7,0,0
41.9261348999998,0,0,18.8,0,0,0.028,-0.012,-1,0.1,-0.7,0,0
41.9361348999998,0,0,18.8,0,0,0.028,-0.012,-1,0.1,-0.7,0,0
41.9461348999998,0,0,18.8,0,0,0.028,-0.012,-1,0.1,-0.7,0,0
41.9561348999998,0,0,18.8,0,0,0.028,-0.012,-1,0.1,-0.7,0,0
41.9661348999998,0,0,18.9,0,0,0.028,-0.014,-1.001,0.1,-0.6,0,0
41.9761348999998,0,0,18.9,0,0,0.028,-0.014,-1.001,0.1,-0.6,0,0
41.9861348999998,0,0,18.9,0,0,0.028,-0.014,-1.001,0.1,-0.6,0,0
41.9961348999998,0,0,18.9,0,0,0.028,-0.014,-1.001,0.1,-0.6,0,0
42.0061348999998,0,0,18.9,0,0,0.028,-0.014,-1.001,0.1,-0.6,0,0
42.0161348999998,0,0,18.8,0,0,0.028,-0.013,-1.001,0,-0.7,0,0
42.0261348999998,0,0,18.8,0,0,0.028,-0.013,-1.001,0,-0.7,0,0
42.0361348999998,0,0,18.8,0,0,0.028,-0.013,-1.001,0,-0.7,0,0
42.0461348999998,0,0,18.8,0,0,0.028,-0.013,-1.001,0,-0.7,0,0
42.0561348999998,0,0,18.8,0,0,0.028,-0.013,-1.001,0,-0.7,0,0
42.0661348999998,0,0,18.8,0,0,0.028,-0.012,-1,0.1,-0.7,0,0
42.0761348999998,0,0,18.8,0,0,0.028,-0.012,-1,0.1,-0.7,0,0
42.0861348999998,0,0,18.8,0,0,0.028,-0.012,-1,0.1,-0.7,0,0
42.0961348999998,0,0,18.8,0,0,0.028,-0.012,-1,0.1,-0.7,0,0
42.1061348999998,0,0,18.8,0,0,0.028,-0.012,-1,0.1,-0.7,0,0
42.1161348999998,0,0,18.9,0,0,0.028,-0.013,-1,0.1,-0.7,0,0
42.1261348999998,0,0,18.9,0,0,0.028,-0.013,-1,0.1,-0.7,0,0
42.1361348999998,0,0,18.9,0,0,0.028,-0.013,-1,0.1,-0.7,0,0
42.1461348999998,0,0,18.9,0,0,0.028,-0.013,-1,0.1,-0.7,0,0
42.1561348999998,0,0,18.9,0,0,0.028,-0.013,-1,0.1,-0.7,0,0
42.1661348999998,0,0,18.8,0,0,0.027,-0.012,-1,0.1,-0.7,0,0
42.1761348999998,0,0,18.8,0,0,0.027,-0.012,-1,0.1,-0.7,0,0
42.1861348999998,0,0,18.8,0,0,0.027,-0.012,-1,0.1,-0.7,0,0
42.1961348999998,0,0,18.8,0,0,0.027,-0.012,-1,0.1,-0.7,0,0
42.2061348999998,0,0,18.8,0,0,0.027,-0.012,-1,0.1,-0.7,0,0
42.2161348999998,0,0,18.9,0,0,0.028,-0.013,-1,0.1,-0.7,0,0
42.2261348999998,0,0,18.9,0,0,0.028,-0.013,-1,0.1,-0.7,0,0
42.2361348999998,0,0,18.9,0,0,0.028,-0.013,-1,0.1,-0.7,0,0
42.2461348999998,0,0,18.9,0,0,0.028,-0.013,-1,0.1,-0.7,0,0
42.2561348999998,0,0,18.9,0,0,0.028,-0.013,-1,0.1,-0.7,0,0
42.2661348999998,0,0,18.9,0,0,0.028,-0.013,-1,0.1,-0.6,0,0
42.2761348999998,0,0,18.9,0,0,0.028,-0.013,-1,0.1,-0.6,0,0
42.2861348999998,0,0,18.9,0,0,0.028,-0.013,-1,0.1,-0.6,0,0
42.2961348999998,0,0,18.9,0,0,0.028,-0.013,-1,0.1,-0.6,0,0
42.3061348999998,0,0,18.9,0,0,0.028,-0.013,-1,0.1,-0.6,0,0
42.3161348999998,0,0,18.9,0,0,0.027,-0.012,-1,0.1,-0.7,0,0
42.3261348999998,0,0,18.9,0,0,0.027,-0.012,-1,0.1,-0.7,0,0
42.3361348999998,0,0,18.9,0,0,0.027,-0.012,-1,0.1,-0.7,0,0
42.3461348999998,0,0,18.9,0,0,0.027,-0.012,-1,0.1,-0.7,0,0
42.3561348999998,0,0,18.9,0,0,0.027,-0.012,-1,0.1,-0.7,0,0
42.3661348999998,0,0,18.8,0,0,0.028,-0.013,-0.999,0.1,-0.7,0,0
42.3761348999998,0,0,18.8,0,0,0.028,-0.013,-0.999,0.1,-0.7,0,0
42.3861348999998,0,0,18.8,0,0,0.028,-0.013,-0.999,0.1,-0.7,0,0
42.3961348999998,0,0,18.8,0,0,0.028,-0.013,-0.999,0.1,-0.7,0,0
42.4061348999998,0,0,18.8,0,0,0.028,-0.013,-0.999,0.1,-0.7,0,0
42.4161348999998,0,0,18.8,0,0,0.027,-0.012,-1,0,-0.7,0,0
42.4261348999998,0,0,18.8,0,0,0.027,-0.012,-1,0,-0.7,0,0
42.4361348999998,0,0,18.8,0,0,0.027,-0.012,-1,0,-0.7,0,0
42.4461348999998,0,0,18.8,0,0,0.027,-0.012,-1,0,-0.7,0,0
42.4561348999998,0,0,18.8,0,0,0.027,-0.012,-1,0,-0.7,0,0
42.4661348999998,0,0,18.9,0,0,0.027,-0.014,-0.999,0.1,-0.7,0,0
42.4761348999998,0,0,18.9,0,0,0.027,-0.014,-0.999,0.1,-0.7,0,0
42.4861348999998,0,0,18.9,0,0,0.027,-0.014,-0.999,0.1,-0.7,0,0
42.4961348999998,0,0,18.9,0,0,0.027,-0.014,-0.999,0.1,-0.7,0,0
42.5061348999998,0,0,18.9,0,0,0.027,-0.014,-0.999,0.1,-0.7,0,0
42.5161348999998,0,0,18.8,0,0,0.028,-0.013,-1,0.1,-0.7,0,0
42.5261348999998,0,0,18.8,0,0,0.028,-0.013,-1,0.1,-0.7,0,0
42.5361348999998,0,0,18.8,0,0,0.028,-0.013,-1,0.1,-0.7,0,0
42.5461348999998,0,0,18.8,0,0,0.028,-0.013,-1,0.1,-0.7,0,0
42.5561348999998,0,0,18.8,0,0,0.028,-0.013,-1,0.1,-0.7,0,0
42.5661348999998,0,0,18.8,0,0,0.028,-0.014,-1,0.1,-0.7,0,0
42.5761348999998,0,0,18.8,0,0,0.028,-0.014,-1,0.1,-0.7,0,0
42.5861348999998,0,0,18.8,0,0,0.028,-0.014,-1,0.1,-0.7,0,0
42.5961348999998,0,0,18.8,0,0,0.028,-0.014,-1,0.1,-0.7,0,0
42.6061348999998,0,0,18.8,0,0,0.028,-0.014,-1,0.1,-0.7,0,0
42.6161348999998,0,0,18.9,0,0,0.027,-0.013,-1,0.1,-0.6,0,0
42.6261348999998,0,0,18.9,0,0,0.027,-0.013,-1,0.1,-0.6,0,0
42.6361348999998,0,0,18.9,0,0,0.027,-0.013,-1,0.1,-0.6,0,0
42.6461348999998,0,0,18.9,0,0,0.027,-0.013,-1,0.1,-0.6,0,0
42.6561348999998,0,0,18.9,0,0,0.027,-0.013,-1,0.1,-0.6,0,0
42.6661348999998,0,0,18.9,0,0,0.027,-0.013,-1,0.1,-0.7,-0.1,0
42.6761348999998,0,0,18.9,0,0,0.027,-0.013,-1,0.1,-0.7,-0.1,0
42.6861348999998,0,0,18.9,0,0,0.027,-0.013,-1,0.1,-0.7,-0.1,0
42.6961348999998,0,0,18.9,0,0,0.027,-0.013,-1,0.1,-0.7,-0.1,0
42.7061348999998,0,0,18.9,0,0,0.027,-0.013,-1,0.1,-0.7,-0.1,0
42.7161348999998,0,0,18.9,0,0,0.028,-0.013,-1,0.1,-0.7,0,0
42.7261348999998,0,0,18.9,0,0,0.028,-0.013,-1,0.1,-0.7,0,0
42.7361348999998,0,0,18.9,0,0,0.028,-0.013,-1,0.1,-0.7,0,0
42.7461348999998,0,0,18.9,0,0,0.028,-0.013,-1,0.1,-0.7,0,0
42.7561348999998,0,0,18.9,0,0,0.028,-0.013,-1,0.1,-0.7,0,0
42.7661348999998,0,0,18.9,0,0,0.025,-0.013,-1,0.1,-0.7,0,0
42.7761348999998,0,0,18.9,0,0,0.025,-0.013,-1,0.1,-0.7,0,0
42.7861348999998,0,0,18.9,0,0,0.025,-0.013,-1,0.1,-0.7,0,0
42.7961348999998,0,0,18.9,0,0,0.025,-0.013,-1,0.1,-0.7,0,0
42.8061348999998,0,0,18.9,0,0,0.025,-0.013,-1,0.1,-0.7,0,0
42.8161348999998,0,0,18.8,0,0,0.029,-0.012,-1,0.1,-0.7,0,0
42.8261348999998,0,0,18.8,0,0,0.029,-0.012,-1,0.1,-0.7,0,0
42.8361348999998,0,0,18.8,0,0,0.029,-0.012,-1,0.1,-0.7,0,0
42.8461348999998,0,0,18.8,0,0,0.029,-0.012,-1,0.1,-0.7,0,0
42.8561348999998,0,0,18.8,0,0,0.029,-0.012,-1,0.1,-0.7,0,0
42.8661348999998,0,0,18.9,0,0,0.027,-0.012,-1,0.1,-0.7,0,0
42.8761348999998,0,0,18.9,0,0,0.027,-0.012,-1,0.1,-0.7,0,0
42.8861348999998,0,0,18.9,0,0,0.027,-0.012,-1,0.1,-0.7,0,0
42.8961348999998,0,0,18.9,0,0,0.027,-0.012,-1,0.1,-0.7,0,0
42.9061348999998,0,0,18.9,0,0,0.027,-0.012,-1,0.1,-0.7,0,0
42.9161348999998,0,0,18.9,0,0,0.027,-0.012,-1,0,-0.7,0,0
42.9261348999998,0,0,18.9,0,0,0.027,-0.012,-1,0,-0.7,0,0
42.9361348999998,0,0,18.9,0,0,0.027,-0.012,-1,0,-0.7,0,0
42.9461348999998,0,0,18.9,0,0,0.027,-0.012,-1,0,-0.7,0,0
42.9561348999998,0,0,18.9,0,0,0.027,-0.012,-1,0,-0.7,0,0
42.9661348999998,0,0,18.8,0,0,0.027,-0.011,-1,0.1,-0.7,0,0
42.9761348999998,0,0,18.8,0,0,0.027,-0.011,-1,0.1,-0.7,0,0
42.9861348999998,0,0,18.8,0,0,0.027,-0.011,-1,0.1,-0.7,0,0
42.9961348999998,0,0,18.8,0,0,0.027,-0.011,-1,0.1,-0.7,0,0
43.0061348999998,0,0,18.8,0,0,0.027,-0.011,-1,0.1,-0.7,0,0
43.0161348999998,0,0,18.9,0,0,0.027,-0.013,-1,0.1,-0.7,0,0
43.0261348999998,0,0,18.9,0,0,0.027,-0.013,-1,0.1,-0.7,0,0
43.0361348999998,0,0,18.9,0,0,0.027,-0.013,-1,0.1,-0.7,0,0
43.0461348999998,0,0,18.9,0,0,0.027,-0.013,-1,0.1,-0.7,0,0
43.0561348999998,0,0,18.9,0,0,0.027,-0.013,-1,0.1,-0.7,0,0
43.0661348999998,0,0,18.8,0,0,0.027,-0.014,-1,0,-0.7,0,0
43.0761348999998,0,0,18.8,0,0,0.027,-0.014,-1,0,-0.7,0,0
43.0861348999998,0,0,18.8,0,0,0.027,-0.014,-1,0,-0.7,0,0
43.0961348999998,0,0,18.8,0,0,0.027,-0.014,-1,0,-0.7,0,0
43.1061348999998,0,0,18.8,0,0,0.027,-0.014,-1,0,-0.7,0,0
43.1509985,0,0,18.8,0,0,0.026,-0.011,-0.999,0.1,-0.7,0,0
43.1609985,0,0,18.8,0,0,0.026,-0.011,-0.999,0.1,-0.7,0,0
43.1709985,0,0,18.8,0,0,0.026,-0.011,-0.999,0.1,-0.7,0,0
43.1809985,0,0,18.8,0,0,0.026,-0.011,-0.999,0.1,-0.7,0,0
43.1909985,0,0,18.8,0,0,0.026,-0.011,-0.999,0.1,-0.7,0,0
43.2009985,0,0,18.9,0,0,0.028,-0.013,-1.001,0.1,-0.7,0,0
43.2109985,0,0,18.9,0,0,0.028,-0.013,-1.001,0.1,-0.7,0,0
43.2209985,0,0,18.9,0,0,0.028,-0.013,-1.001,0.1,-0.7,0,0
43.2309985,0,0,18.9,0,0,0.028,-0.013,-1.001,0.1,-0.7,0,0
43.2409985,0,0,18.9,0,0,0.028,-0.013,-1.001,0.1,-0.7,0,0
