Time_s,RPM,Iq_A,Vbat_V,Tinv_C,Treg_C,AccX_g,AccY_g,AccZ_g,GyrX_dps,GyrY_dps,GyrZ_dps
1.6211617,0,0,18.9,0,0,0.028,-0.013,-1,0.3,-0.5,0
1.6311617,0,0,18.9,0,0,0.028,-0.013,-1,0.3,-0.5,0
1.6411617,0,0,18.9,0,0,0.028,-0.013,-1,0.3,-0.5,0
1.6511617,0,0,18.9,0,0,0.028,-0.013,-1,0.3,-0.5,0
1.6611617,0,0,18.9,0,0,0.028,-0.013,-1,0.3,-0.5,0
1.6711617,0,0,18.9,0,0,0.029,-0.014,-1.002,0.3,-0.6,0
1.6811617,0,0,18.9,0,0,0.029,-0.014,-1.002,0.3,-0.6,0
1.6911617,0,0,18.9,0,0,0.029,-0.014,-1.002,0.3,-0.6,0
1.7011617,0,0,18.9,0,0,0.029,-0.014,-1.002,0.3,-0.6,0
1.7111617,0,0,18.9,0,0,0.029,-0.014,-1.002,0.3,-0.6,0
1.7564663,0,0,18.9,0,0,0.028,-0.013,-1.002,0.3,-0.6,0
1.7664663,0,0,18.9,0,0,0.028,-0.013,-1.002,0.3,-0.6,0
1.7764663,0,0,18.9,0,0,0.028,-0.013,-1.002,0.3,-0.6,0
1.7864663,0,0,18.9,0,0,0.028,-0.013,-1.002,0.3,-0.6,0
1.7964663,0,0,18.9,0,0,0.028,-0.013,-1.002,0.3,-0.6,0
1.8064663,0,0,18.8,0,0,0.028,-0.014,-1.001,0.3,-0.6,0
1.8164663,0,0,18.8,0,0,0.028,-0.014,-1.001,0.3,-0.6,0
1.8264663,0,0,18.8,0,0,0.028,-0.014,-1.001,0.3,-0.6,0
1.8364663,0,0,18.8,0,0,0.028,-0.014,-1.001,0.3,-0.6,0
1.8464663,0,0,18.8,0,0,0.028,-0.014,-1.001,0.3,-0.6,0
1.8831301,0,0,18.9,0,0,0.027,-0.013,-1,0.2,-0.5,0
1.8931301,0,0,18.9,0,0,0.027,-0.013,-1,0.2,-0.5,0
1.9031301,0,0,18.9,0,0,0.027,-0.013,-1,0.2,-0.5,0
1.9131301,0,0,18.9,0,0,0.027,-0.013,-1,0.2,-0.5,0
1.9231301,0,0,18.9,0,0,0.027,-0.013,-1,0.2,-0.5,0
1.9331301,0,0,18.8,0,0,0.029,-0.013,-1.001,0.3,-0.6,0
1.9431301,0,0,18.8,0,0,0.029,-0.013,-1.001,0.3,-0.6,0
1.9531301,0,0,18.8,0,0,0.029,-0.013,-1.001,0.3,-0.6,0
1.9631301,0,0,18.8,0,0,0.029,-0.013,-1.001,0.3,-0.6,0
1.9731301,0,0,18.8,0,0,0.029,-0.013,-1.001,0.3,-0.6,0
2.012415,0,0,18.8,0,0,0.029,-0.014,-1.001,0.3,-0.5,0
2.022415,0,0,18.8,0,0,0.029,-0.014,-1.001,0.3,-0.5,0
2.032415,0,0,18.8,0,0,0.029,-0.014,-1.001,0.3,-0.5,0
2.042415,0,0,18.8,0,0,0.029,-0.014,-1.001,0.3,-0.5,0
2.052415,0,0,18.8,0,0,0.029,-0.014,-1.001,0.3,-0.5,0
2.062415,0,0,18.9,0,0,0.028,-0.012,-1,0.3,-0.6,0
2.072415,0,0,18.9,0,0,0.028,-0.012,-1,0.3,-0.6,0
2.082415,0,0,18.9,0,0,0.028,-0.012,-1,0.3,-0.6,0
2.092415,0,0,18.9,0,0,0.028,-0.012,-1,0.3,-0.6,0
2.102415,0,0,18.9,0,0,0.028,-0.012,-1,0.3,-0.6,0
2.1563304,0,0,18.8,0,0,0.028,-0.014,-1,0.2,-0.6,0
2.1663304,0,0,18.8,0,0,0.028,-0.014,-1,0.2,-0.6,0
2.1763304,0,0,18.8,0,0,0.028,-0.014,-1,0.2,-0.6,0
2.1863304,0,0,18.8,0,0,0.028,-0.014,-1,0.2,-0.6,0
2.1963304,0,0,18.8,0,0,0.028,-0.014,-1,0.2,-0.6,0
2.2063304,0,0,18.9,0,0,0.029,-0.013,-1,0.2,-0.6,0
2.2163304,0,0,18.9,0,0,0.029,-0.013,-1,0.2,-0.6,0
2.2263304,0,0,18.9,0,0,0.029,-0.013,-1,0.2,-0.6,0
2.2363304,0,0,18.9,0,0,0.029,-0.013,-1,0.2,-0.6,0
2.2463304,0,0,18.9,0,0,0.029,-0.013,-1,0.2,-0.6,0
2.3066669,0,0,18.9,0,0,0.029,-0.013,-1.001,0.3,-0.6,0
2.3166669,0,0,18.9,0,0,0.029,-0.013,-1.001,0.3,-0.6,0
2.3266669,0,0,18.9,0,0,0.029,-0.013,-1.001,0.3,-0.6,0
2.3366669,0,0,18.9,0,0,0.029,-0.013,-1.001,0.3,-0.6,0
2.3466669,0,0,18.9,0,0,0.029,-0.013,-1.001,0.3,-0.6,0
2.3566669,0,0,18.9,0,0,0.029,-0.013,-1,0.2,-0.6,0
2.3666669,0,0,18.9,0,0,0.029,-0.013,-1,0.2,-0.6,0
2.3766669,0,0,18.9,0,0,0.029,-0.013,-1,0.2,-0.6,0
2.3866669,0,0,18.9,0,0,0.029,-0.013,-1,0.2,-0.6,0
2.3966669,0,0,18.9,0,0,0.029,-0.013,-1,0.2,-0.6,0
2.4066669,0,0,18.8,0,0,0.027,-0.014,-1.003,0.3,-0.6,0
2.4166669,0,0,18.8,0,0,0.027,-0.014,-1.003,0.3,-0.6,0
2.4266669,0,0,18.8,0,0,0.027,-0.014,-1.003,0.3,-0.6,0
2.4366669,0,0,18.8,0,0,0.027,-0.014,-1.003,0.3,-0.6,0
2.4466669,0,0,18.8,0,0,0.027,-0.014,-1.003,0.3,-0.6,0
2.4566669,0,0,18.9,0,0,0.027,-0.013,-1.001,0.3,-0.6,0
2.4666669,0,0,18.9,0,0,0.027,-0.013,-1.001,0.3,-0.6,0
2.4766669,0,0,18.9,0,0,0.027,-0.013,-1.001,0.3,-0.6,0
2.4866669,0,0,18.9,0,0,0.027,-0.013,-1.001,0.3,-0.6,0
2.4966669,0,0,18.9,0,0,0.027,-0.013,-1.001,0.3,-0.6,0
2.5066669,0,0,18.8,0,0,0.03,-0.014,-1,0.3,-0.6,0
2.5166669,0,0,18.8,0,0,0.03,-0.014,-1,0.3,-0.6,0
2.5266669,0,0,18.8,0,0,0.03,-0.014,-1,0.3,-0.6,0
2.5366669,0,0,18.8,0,0,0.03,-0.014,-1,0.3,-0.6,0
2.5466669,0,0,18.8,0,0,0.03,-0.014,-1,0.3,-0.6,0
2.5566669,0,0,18.9,0,0,0.029,-0.012,-1,0.3,-0.6,0
2.5666669,0,0,18.9,0,0,0.029,-0.012,-1,0.3,-0.6,0
2.5766669,0,0,18.9,0,0,0.029,-0.012,-1,0.3,-0.6,0
2.5866669,0,0,18.9,0,0,0.029,-0.012,-1,0.3,-0.6,0
2.5966669,0,0,18.9,0,0,0.029,-0.012,-1,0.3,-0.6,0
2.6066669,0,0,18.8,0,0,0.029,-0.015,-1,0.2,-0.6,0
2.6166669,0,0,18.8,0,0,0.029,-0.015,-1,0.2,-0.6,0
2.6266669,0,0,18.8,0,0,0.029,-0.015,-1,0.2,-0.6,0
2.6366669,0,0,18.8,0,0,0.029,-0.015,-1,0.2,-0.6,0
2.6466669,0,0,18.8,0,0,0.029,-0.015,-1,0.2,-0.6,0
2.6566669,0,0,18.9,0,0,0.029,-0.013,-1.001,0.3,-0.6,0
2.6666669,0,0,18.9,0,0,0.029,-0.013,-1.001,0.3,-0.6,0
2.6766669,0,0,18.9,0,0,0.029,-0.013,-1.001,0.3,-0.6,0
2.6866669,0,0,18.9,0,0,0.029,-0.013,-1.001,0.3,-0.6,0
2.6966669,0,0,18.9,0,0,0.029,-0.013,-1.001,0.3,-0.6,0
2.7066669,0,0,18.8,0,0,0.029,-0.015,-1,0.3,-0.6,0
2.7166669,0,0,18.8,0,0,0.029,-0.015,-1,0.3,-0.6,0
2.7266669,0,0,18.8,0,0,0.029,-0.015,-1,0.3,-0.6,0
2.7366669,0,0,18.8,0,0,0.029,-0.015,-1,0.3,-0.6,0
2.7466669,0,0,18.8,0,0,0.029,-0.015,-1,0.3,-0.6,0
2.7566669,0,0,18.9,0,0,0.029,-0.013,-1,0.2,-0.6,0
2.7666669,0,0,18.9,0,0,0.029,-0.013,-1,0.2,-0.6,0
2.7766669,0,0,18.9,0,0,0.029,-0.013,-1,0.2,-0.6,0
2.7866669,0,0,18.9,0,0,0.029,-0.013,-1,0.2,-0.6,0
2.7966669,0,0,18.9,0,0,0.029,-0.013,-1,0.2,-0.6,0
2.8066669,0,0,18.9,0,0,0.029,-0.013,-1,0.2,-0.6,0
2.8166669,0,0,18.9,0,0,0.029,-0.013,-1,0.2,-0.6,0
2.8266669,0,0,18.9,0,0,0.029,-0.013,-1,0.2,-0.6,0
2.8366669,0,0,18.9,0,0,0.029,-0.013,-1,0.2,-0.6,0
2.8466669,0,0,18.9,0,0,0.029,-0.013,-1,0.2,-0.6,0
2.8566669,0,0,18.9,0,0,0.028,-0.015,-1.001,0.3,-0.6,0
2.8666669,0,0,18.9,0,0,0.028,-0.015,-1.001,0.3,-0.6,0
2.8766669,0,0,18.9,0,0,0.028,-0.015,-1.001,0.3,-0.6,0
2.8866669,0,0,18.9,0,0,0.028,-0.015,-1.001,0.3,-0.6,0
2.8966669,0,0,18.9,0,0,0.028,-0.015,-1.001,0.3,-0.6,0
2.9066669,0,0,18.8,0,0,0.03,-0.013,-1,0.3,-0.6,0
2.9166669,0,0,18.8,0,0,0.03,-0.013,-1,0.3,-0.6,0
2.9266669,0,0,18.8,0,0,0.03,-0.013,-1,0.3,-0.6,0
2.9366669,0,0,18.8,0,0,0.03,-0.013,-1,0.3,-0.6,0
2.9466669,0,0,18.8,0,0,0.03,-0.013,-1,0.3,-0.6,0
2.9566669,0,0,18.8,0,0,0.028,-0.013,-1,0.3,-0.6,0
2.9666669,0,0,18.8,0,0,0.028,-0.013,-1,0.3,-0.6,0
2.9766669,0,0,18.8,0,0,0.028,-0.013,-1,0.3,-0.6,0
2.9866669,0,0,18.8,0,0,0.028,-0.013,-1,0.3,-0.6,0
2.9966669,0,0,18.8,0,0,0.028,-0.013,-1,0.3,-0.6,0
3.0066669,0,0,18.8,0,0,0.029,-0.014,-1,0.3,-0.6,0
3.0166669,0,0,18.8,0,0,0.029,-0.014,-1,0.3,-0.6,0
3.0266669,0,0,18.8,0,0,0.029,-0.014,-1,0.3,-0.6,0
3.0366669,0,0,18.8,0,0,0.029,-0.014,-1,0.3,-0.6,0
3.0466669,0,0,18.8,0,0,0.029,-0.014,-1,0.3,-0.6,0
3.0566669,0,0,18.8,0,0,0.029,-0.013,-1,0.3,-0.5,0
3.0666669,0,0,18.8,0,0,0.029,-0.013,-1,0.3,-0.5,0
3.0766669,0,0,18.8,0,0,0.029,-0.013,-1,0.3,-0.5,0
3.0866669,0,0,18.8,0,0,0.029,-0.013,-1,0.3,-0.5,0
3.0966669,0,0,18.8,0,0,0.029,-0.013,-1,0.3,-0.5,0
3.1066669,0,0,18.9,0,0,0.029,-0.014,-1,0.3,-0.6,0
3.1166669,0,0,18.9,0,0,0.029,-0.014,-1,0.3,-0.6,0
3.1266669,0,0,18.9,0,0,0.029,-0.014,-1,0.3,-0.6,0
3.1366669,0,0,18.9,0,0,0.029,-0.014,-1,0.3,-0.6,0
3.1466669,0,0,18.9,0,0,0.029,-0.014,-1,0.3,-0.6,0
3.1566669,0,0,18.8,0,0,0.028,-0.014,-1.002,0.3,-0.6,0
3.1666669,0,0,18.8,0,0,0.028,-0.014,-1.002,0.3,-0.6,0
3.1766669,0,0,18.8,0,0,0.028,-0.014,-1.002,0.3,-0.6,0
3.1866669,0,0,18.8,0,0,0.028,-0.014,-1.002,0.3,-0.6,0
3.1966669,0,0,18.8,0,0,0.028,-0.014,-1.002,0.3,-0.6,0
3.2066669,0,0,18.8,0,0,0.028,-0.013,-1,0.2,-0.6,0
3.2166669,0,0,18.8,0,0,0.028,-0.013,-1,0.2,-0.6,0
3.2266669,0,0,18.8,0,0,0.028,-0.013,-1,0.2,-0.6,0
3.2366669,0,0,18.8,0,0,0.028,-0.013,-1,0.2,-0.6,0
3.2466669,0,0,18.8,0,0,0.028,-0.013,-1,0.2,-0.6,0
3.2566669,0,0,18.9,0,0,0.029,-0.013,-1,0.2,-0.6,0
3.2666669,0,0,18.9,0,0,0.029,-0.013,-1,0.2,-0.6,0
3.2766669,0,0,18.9,0,0,0.029,-0.013,-1,0.2,-0.6,0
3.2866669,0,0,18.9,0,0,0.029,-0.013,-1,0.2,-0.6,0
3.2966669,0,0,18.9,0,0,0.029,-0.013,-1,0.2,-0.6,0
3.3066669,0,0,18.8,0,0,0.028,-0.013,-0.998,0.3,-0.6,0
3.3166669,0,0,18.8,0,0,0.028,-0.013,-0.998,0.3,-0.6,0
3.3266669,0,0,18.8,0,0,0.028,-0.013,-0.998,0.3,-0.6,0
3.3366669,0,0,18.8,0,0,0.028,-0.013,-0.998,0.3,-0.6,0
3.3466669,0,0,18.8,0,0,0.028,-0.013,-0.998,0.3,-0.6,0
3.3566669,0,0,18.9,0,0,0.028,-0.014,-1,0.2,-0.6,0
3.3666669,0,0,18.9,0,0,0.028,-0.014,-1,0.2,-0.6,0
3.3766669,0,0,18.9,0,0,0.028,-0.014,-1,0.2,-0.6,0
3.3866669,0,0,18.9,0,0,0.028,-0.014,-1,0.2,-0.6,0
3.3966669,0,0,18.9,0,0,0.028,-0.014,-1,0.2,-0.6,0
3.4066669,0,0,18.9,0,0,0.028,-0.013,-1,0.2,-0.6,0
3.4166669,0,0,18.9,0,0,0.028,-0.013,-1,0.2,-0.6,0
3.4266669,0,0,18.9,0,0,0.028,-0.013,-1,0.2,-0.6,0
3.4366669,0,0,18.9,0,0,0.028,-0.013,-1,0.2,-0.6,0
3.4466669,0,0,18.9,0,0,0.028,-0.013,-1,0.2,-0.6,0
3.4566669,0,0,18.9,0,0,0.028,-0.014,-1,0.3,-0.6,0
3.4666669,0,0,18.9,0,0,0.028,-0.014,-1,0.3,-0.6,0
3.4766669,0,0,18.9,0,0,0.028,-0.014,-1,0.3,-0.6,0
3.4866669,0,0,18.9,0,0,0.028,-0.014,-1,0.3,-0.6,0
3.4966669,0,0,18.9,0,0,0.028,-0.014,-1,0.3,-0.6,0
3.5066669,0,0,18.9,0,0,0.03,-0.012,-0.999,0.3,-0.5,0
3.5166669,0,0,18.9,0,0,0.03,-0.012,-0.999,0.3,-0.5,0
3.5266669,0,0,18.9,0,0,0.03,-0.012,-0.999,0.3,-0.5,0
3.5366669,0,0,18.9,0,0,0.03,-0.012,-0.999,0.3,-0.5,0
3.5466669,0,0,18.9,0,0,0.03,-0.012,-0.999,0.3,-0.5,0
3.5566669,0,0,18.9,0,0,0.027,-0.014,-1.001,0.2,-0.6,0
3.5666669,0,0,18.9,0,0,0.027,-0.014,-1.001,0.2,-0.6,0
3.5766669,0,0,18.9,0,0,0.027,-0.014,-1.001,0.2,-0.6,0
3.5866669,0,0,18.9,0,0,0.027,-0.014,-1.001,0.2,-0.6,0
3.5966669,0,0,18.9,0,0,0.027,-0.014,-1.001,0.2,-0.6,0
3.6066669,0,0,18.8,0,0,0.029,-0.015,-1,0.3,-0.6,0
3.61666689999999,0,0,18.8,0,0,0.029,-0.015,-1,0.3,-0.6,0
3.6266669,0,0,18.8,0,0,0.029,-0.015,-1,0.3,-0.6,0
3.63666689999999,0,0,18.8,0,0,0.029,-0.015,-1,0.3,-0.6,0
3.6466669,0,0,18.8,0,0,0.029,-0.015,-1,0.3,-0.6,0
3.65666689999999,0,0,18.9,0,0,0.029,-0.012,-1,0.2,-0.6,0
3.66666689999999,0,0,18.9,0,0,0.029,-0.012,-1,0.2,-0.6,0
3.67666689999999,0,0,18.9,0,0,0.029,-0.012,-1,0.2,-0.6,0
3.68666689999999,0,0,18.9,0,0,0.029,-0.012,-1,0.2,-0.6,0
3.69666689999999,0,0,18.9,0,0,0.029,-0.012,-1,0.2,-0.6,0
3.70666689999999,0,0,18.9,0,0,0.029,-0.014,-1.001,0.2,-0.5,0
3.71666689999999,0,0,18.9,0,0,0.029,-0.014,-1.001,0.2,-0.5,0
3.72666689999999,0,0,18.9,0,0,0.029,-0.014,-1.001,0.2,-0.5,0
3.73666689999999,0,0,18.9,0,0,0.029,-0.014,-1.001,0.2,-0.5,0
3.74666689999999,0,0,18.9,0,0,0.029,-0.014,-1.001,0.2,-0.5,0
3.7586467,0,0,18.9,0,0,0.029,-0.015,-1.001,0.3,-0.6,0
3.7686467,0,0,18.9,0,0,0.029,-0.015,-1.001,0.3,-0.6,0
3.7786467,0,0,18.9,0,0,0.029,-0.015,-1.001,0.3,-0.6,0
3.7886467,0,0,18.9,0,0,0.029,-0.015,-1.001,0.3,-0.6,0
3.7986467,0,0,18.9,0,0,0.029,-0.015,-1.001,0.3,-0.6,0
3.8086467,0,0,18.9,0,0,0.029,-0.015,-1,0.3,-0.6,0
3.8186467,0,0,18.9,0,0,0.029,-0.015,-1,0.3,-0.6,0
3.8286467,0,0,18.9,0,0,0.029,-0.015,-1,0.3,-0.6,0
3.8386467,0,0,18.9,0,0,0.029,-0.015,-1,0.3,-0.6,0
3.8486467,0,0,18.9,0,0,0.029,-0.015,-1,0.3,-0.6,0
3.8827062,0,0,18.9,0,0,0.029,-0.012,-0.999,0.2,-0.6,0
3.8927062,0,0,18.9,0,0,0.029,-0.012,-0.999,0.2,-0.6,0
3.9027062,0,0,18.9,0,0,0.029,-0.012,-0.999,0.2,-0.6,0
3.9127062,0,0,18.9,0,0,0.029,-0.012,-0.999,0.2,-0.6,0
3.9227062,0,0,18.9,0,0,0.029,-0.012,-0.999,0.2,-0.6,0
3.9327062,0,0,18.8,0,0,0.029,-0.012,-1,0.2,-0.5,0
3.9427062,0,0,18.8,0,0,0.029,-0.012,-1,0.2,-0.5,0
3.9527062,0,0,18.8,0,0,0.029,-0.012,-1,0.2,-0.5,0
3.9627062,0,0,18.8,0,0,0.029,-0.012,-1,0.2,-0.5,0
3.9727062,0,0,18.8,0,0,0.029,-0.012,-1,0.2,-0.5,0
3.9827062,0,0,18.9,0,0,0.028,-0.013,-1,0.2,-0.6,0
3.9927062,0,0,18.9,0,0,0.028,-0.013,-1,0.2,-0.6,0
4.0027062,0,0,18.9,0,0,0.028,-0.013,-1,0.2,-0.6,0
4.0127062,0,0,18.9,0,0,0.028,-0.013,-1,0.2,-0.6,0
4.0227062,0,0,18.9,0,0,0.028,-0.013,-1,0.2,-0.6,0
4.0327062,0,0,18.9,0,0,0.028,-0.013,-1,0.3,-0.6,0
4.0427062,0,0,18.9,0,0,0.028,-0.013,-1,0.3,-0.6,0
4.0527062,0,0,18.9,0,0,0.028,-0.013,-1,0.3,-0.6,0
4.0627062,0,0,18.9,0,0,0.028,-0.013,-1,0.3,-0.6,0
4.0727062,0,0,18.9,0,0,0.028,-0.013,-1,0.3,-0.6,0
4.0827062,0,0,18.8,0,0,0.028,-0.012,-1,0.3,-0.6,0
4.0927062,0,0,18.8,0,0,0.028,-0.012,-1,0.3,-0.6,0
4.1027062,0,0,18.8,0,0,0.028,-0.012,-1,0.3,-0.6,0
4.1127062,0,0,18.8,0,0,0.028,-0.012,-1,0.3,-0.6,0
4.1227062,0,0,18.8,0,0,0.028,-0.012,-1,0.3,-0.6,0
4.1327062,0,0,18.9,0,0,0.03,-0.014,-1.001,0.3,-0.6,0
4.1427062,0,0,18.9,0,0,0.03,-0.014,-1.001,0.3,-0.6,0
4.1527062,0,0,18.9,0,0,0.03,-0.014,-1.001,0.3,-0.6,0
4.1627062,0,0,18.9,0,0,0.03,-0.014,-1.001,0.3,-0.6,0
4.1727062,0,0,18.9,0,0,0.03,-0.014,-1.001,0.3,-0.6,0
4.193618,0,0,18.9,0,0,0.028,-0.013,-1,0.2,-0.6,0
4.203618,0,0,18.9,0,0,0.028,-0.013,-1,0.2,-0.6,0
4.213618,0,0,18.9,0,0,0.028,-0.013,-1,0.2,-0.6,0
4.223618,0,0,18.9,0,0,0.028,-0.013,-1,0.2,-0.6,0
4.233618,0,0,18.9,0,0,0.028,-0.013,-1,0.2,-0.6,0
4.243618,0,0,18.9,0,0,0.029,-0.012,-1,0.3,-0.5,0
4.253618,0,0,18.9,0,0,0.029,-0.012,-1,0.3,-0.5,0
4.263618,0,0,18.9,0,0,0.029,-0.012,-1,0.3,-0.5,0
4.273618,0,0,18.9,0,0,0.029,-0.012,-1,0.3,-0.5,0
4.283618,0,0,18.9,0,0,0.029,-0.012,-1,0.3,-0.5,0
4.293618,0,0,18.8,0,0,0.028,-0.012,-1,0.3,-0.6,0
4.303618,0,0,18.8,0,0,0.028,-0.012,-1,0.3,-0.6,0
4.313618,0,0,18.8,0,0,0.028,-0.012,-1,0.3,-0.6,0
4.323618,0,0,18.8,0,0,0.028,-0.012,-1,0.3,-0.6,0
4.333618,0,0,18.8,0,0,0.028,-0.012,-1,0.3,-0.6,0
4.343618,0,0,18.9,0,0,0.028,-0.014,-1,0.3,-0.5,0
4.353618,0,0,18.9,0,0,0.028,-0.014,-1,0.3,-0.5,0
4.363618,0,0,18.9,0,0,0.028,-0.014,-1,0.3,-0.5,0
4.373618,0,0,18.9,0,0,0.028,-0.014,-1,0.3,-0.5,0
4.383618,0,0,18.9,0,0,0.028,-0.014,-1,0.3,-0.5,0
4.4287191,0,0,18.9,0,0,0.029,-0.013,-1,0.3,-0.6,0
4.4387191,0,0,18.9,0,0,0.029,-0.013,-1,0.3,-0.6,0
4.4487191,0,0,18.9,0,0,0.029,-0.013,-1,0.3,-0.6,0
4.4587191,0,0,18.9,0,0,0.029,-0.013,-1,0.3,-0.6,0
4.4687191,0,0,18.9,0,0,0.029,-0.013,-1,0.3,-0.6,0
4.4787191,0,0,18.9,0,0,0.028,-0.015,-1,0.3,-0.5,0
4.4887191,0,0,18.9,0,0,0.028,-0.015,-1,0.3,-0.5,0
4.4987191,0,0,18.9,0,0,0.028,-0.015,-1,0.3,-0.5,0
4.5087191,0,0,18.9,0,0,0.028,-0.015,-1,0.3,-0.5,0
4.5187191,0,0,18.9,0,0,0.028,-0.015,-1,0.3,-0.5,0
4.5287191,0,0,18.9,0,0,0.028,-0.012,-1.002,0.3,-0.6,0
4.5387191,0,0,18.9,0,0,0.028,-0.012,-1.002,0.3,-0.6,0
4.5487191,0,0,18.9,0,0,0.028,-0.012,-1.002,0.3,-0.6,0
4.5587191,0,0,18.9,0,0,0.028,-0.012,-1.002,0.3,-0.6,0
4.5687191,0,0,18.9,0,0,0.028,-0.012,-1.002,0.3,-0.6,0
4.5787191,0,0,18.9,0,0,0.029,-0.014,-1.001,0.2,-0.6,0
4.5887191,0,0,18.9,0,0,0.029,-0.014,-1.001,0.2,-0.6,0
4.5987191,0,0,18.9,0,0,0.029,-0.014,-1.001,0.2,-0.6,0
4.6087191,0,0,18.9,0,0,0.029,-0.014,-1.001,0.2,-0.6,0
4.6187191,0,0,18.9,0,0,0.029,-0.014,-1.001,0.2,-0.6,0
4.6287191,0,0,18.9,0,0,0.029,-0.015,-1,0.2,-0.6,0
4.6387191,0,0,18.9,0,0,0.029,-0.015,-1,0.2,-0.6,0
4.6487191,0,0,18.9,0,0,0.029,-0.015,-1,0.2,-0.6,0
4.6587191,0,0,18.9,0,0,0.029,-0.015,-1,0.2,-0.6,0
4.6687191,0,0,18.9,0,0,0.029,-0.015,-1,0.2,-0.6,0
4.6787191,0,0,18.9,0,0,0.028,-0.013,-1,0.3,-0.5,0
4.6887191,0,0,18.9,0,0,0.028,-0.013,-1,0.3,-0.5,0
4.6987191,0,0,18.9,0,0,0.028,-0.013,-1,0.3,-0.5,0
4.7087191,0,0,18.9,0,0,0.028,-0.013,-1,0.3,-0.5,0
4.7187191,0,0,18.9,0,0,0.028,-0.013,-1,0.3,-0.5,0
4.7287191,0,0,18.9,0,0,0.028,-0.013,-1.001,0.3,-0.6,0
4.7387191,0,0,18.9,0,0,0.028,-0.013,-1.001,0.3,-0.6,0
4.7487191,0,0,18.9,0,0,0.028,-0.013,-1.001,0.3,-0.6,0
4.7587191,0,0,18.9,0,0,0.028,-0.013,-1.001,0.3,-0.6,0
4.7687191,0,0,18.9,0,0,0.028,-0.013,-1.001,0.3,-0.6,0
4.7787191,0,0,18.9,0,0,0.027,-0.013,-1,0.2,-0.5,0
4.7887191,0,0,18.9,0,0,0.027,-0.013,-1,0.2,-0.5,0
4.7987191,0,0,18.9,0,0,0.027,-0.013,-1,0.2,-0.5,0
4.8087191,0,0,18.9,0,0,0.027,-0.013,-1,0.2,-0.5,0
4.8187191,0,0,18.9,0,0,0.027,-0.013,-1,0.2,-0.5,0
4.8287191,0,0,18.9,0,0,0.029,-0.014,-1.001,0.2,-0.6,0
4.8387191,0,0,18.9,0,0,0.029,-0.014,-1.001,0.2,-0.6,0
4.8487191,0,0,18.9,0,0,0.029,-0.014,-1.001,0.2,-0.6,0
4.8587191,0,0,18.9,0,0,0.029,-0.014,-1.001,0.2,-0.6,0
4.8687191,0,0,18.9,0,0,0.029,-0.014,-1.001,0.2,-0.6,0
4.8787191,0,0,18.8,0,0,0.029,-0.012,-1.001,0.2,-0.6,0
4.8887191,0,0,18.8,0,0,0.029,-0.012,-1.001,0.2,-0.6,0
4.8987191,0,0,18.8,0,0,0.029,-0.012,-1.001,0.2,-0.6,0
4.9087191,0,0,18.8,0,0,0.029,-0.012,-1.001,0.2,-0.6,0
4.9187191,0,0,18.8,0,0,0.029,-0.012,-1.001,0.2,-0.6,0
6.9808816,0,0,18.8,0,0,0.028,-0.012,-1,0.2,-0.6,0
6.9908816,0,0,18.8,0,0,0.028,-0.012,-1,0.2,-0.6,0
7.0008816,0,0,18.8,0,0,0.028,-0.012,-1,0.2,-0.6,0
7.0108816,0,0,18.8,0,0,0.028,-0.012,-1,0.2,-0.6,0
7.0208816,0,0,18.8,0,0,0.028,-0.012,-1,0.2,-0.6,0
7.0308816,0,0,18.8,0,0,0.028,-0.014,-1,0.2,-0.6,0
7.0408816,0,0,18.8,0,0,0.028,-0.014,-1,0.2,-0.6,0
7.0508816,0,0,18.8,0,0,0.028,-0.014,-1,0.2,-0.6,0
7.0608816,0,0,18.8,0,0,0.028,-0.014,-1,0.2,-0.6,0
7.0708816,0,0,18.8,0,0,0.028,-0.014,-1,0.2,-0.6,0
7.0808816,0,0,18.8,0,0,0.029,-0.013,-1.001,0.2,-0.6,0
7.0908816,0,0,18.8,0,0,0.029,-0.013,-1.001,0.2,-0.6,0
7.1008816,0,0,18.8,0,0,0.029,-0.013,-1.001,0.2,-0.6,0
7.1108816,0,0,18.8,0,0,0.029,-0.013,-1.001,0.2,-0.6,0
7.1208816,0,0,18.8,0,0,0.029,-0.013,-1.001,0.2,-0.6,0
7.1308816,0,0,18.8,0,0,0.028,-0.014,-0.999,0.3,-0.5,0
7.1408816,0,0,18.8,0,0,0.028,-0.014,-0.999,0.3,-0.5,0
7.1508816,0,0,18.8,0,0,0.028,-0.014,-0.999,0.3,-0.5,0
7.1608816,0,0,18.8,0,0,0.028,-0.014,-0.999,0.3,-0.5,0
7.1708816,0,0,18.8,0,0,0.028,-0.014,-0.999,0.3,-0.5,0
7.1808816,0,0,18.8,0,0,0.028,-0.013,-1.001,0.3,-0.6,0
7.1908816,0,0,18.8,0,0,0.028,-0.013,-1.001,0.3,-0.6,0
7.2008816,0,0,18.8,0,0,0.028,-0.013,-1.001,0.3,-0.6,0
7.2108816,0,0,18.8,0,0,0.028,-0.013,-1.001,0.3,-0.6,0
7.2208816,0,0,18.8,0,0,0.028,-0.013,-1.001,0.3,-0.6,0
7.2308816,0,0,18.9,0,0,0.03,-0.014,-1,0.3,-0.6,0
7.2408816,0,0,18.9,0,0,0.03,-0.014,-1,0.3,-0.6,0
7.2508816,0,0,18.9,0,0,0.03,-0.014,-1,0.3,-0.6,0
7.2608816,0,0,18.9,0,0,0.03,-0.014,-1,0.3,-0.6,0
7.2708816,0,0,18.9,0,0,0.03,-0.014,-1,0.3,-0.6,0
7.2808816,0,0,18.8,0,0,0.028,-0.012,-1.001,0.3,-0.6,0
7.2908816,0,0,18.8,0,0,0.028,-0.012,-1.001,0.3,-0.6,0
7.3008816,0,0,18.8,0,0,0.028,-0.012,-1.001,0.3,-0.6,0
7.3108816,0,0,18.8,0,0,0.028,-0.012,-1.001,0.3,-0.6,0
7.3208816,0,0,18.8,0,0,0.028,-0.012,-1.001,0.3,-0.6,0
7.3308816,0,0,18.9,0,0,0.028,-0.014,-1.002,0.3,-0.6,0
7.3408816,0,0,18.9,0,0,0.028,-0.014,-1.002,0.3,-0.6,0
7.3508816,0,0,18.9,0,0,0.028,-0.014,-1.002,0.3,-0.6,0
7.3608816,0,0,18.9,0,0,0.028,-0.014,-1.002,0.3,-0.6,0
7.3708816,0,0,18.9,0,0,0.028,-0.014,-1.002,0.3,-0.6,0
7.4097715,0,0,18.8,0,0,0.029,-0.013,-1.002,0.3,-0.6,0
7.4197715,0,0,18.8,0,0,0.029,-0.013,-1.002,0.3,-0.6,0
7.4297715,0,0,18.8,0,0,0.029,-0.013,-1.002,0.3,-0.6,0
7.4397715,0,0,18.8,0,0,0.029,-0.013,-1.002,0.3,-0.6,0
7.4497715,0,0,18.8,0,0,0.029,-0.013,-1.002,0.3,-0.6,0
7.4896504,0,0.01,18.8,0,0,0.028,-0.013,-1.001,0.3,-0.6,0.1
7.4996504,0,0.01,18.8,0,0,0.028,-0.013,-1.001,0.3,-0.6,0.1
7.5096504,0,0.01,18.8,0,0,0.028,-0.013,-1.001,0.3,-0.6,0.1
7.5196504,0,0.01,18.8,0,0,0.028,-0.013,-1.001,0.3,-0.6,0.1
7.5296504,0,0.01,18.8,0,0,0.028,-0.013,-1.001,0.3,-0.6,0.1
7.5489809,0,0,18.8,0,0,0.029,-0.013,-1.001,0.2,-0.6,0
7.5589809,0,0,18.8,0,0,0.029,-0.013,-1.001,0.2,-0.6,0
7.5689809,0,0,18.8,0,0,0.029,-0.013,-1.001,0.2,-0.6,0
7.5789809,0,0,18.8,0,0,0.029,-0.013,-1.001,0.2,-0.6,0
7.5889809,0,0,18.8,0,0,0.029,-0.013,-1.001,0.2,-0.6,0
7.6318352,0,0,18.9,0,0,0.029,-0.014,-1.001,0.3,-0.5,0
7.6418352,0,0,18.9,0,0,0.029,-0.014,-1.001,0.3,-0.5,0
7.6518352,0,0,18.9,0,0,0.029,-0.014,-1.001,0.3,-0.5,0
7.6618352,0,0,18.9,0,0,0.029,-0.014,-1.001,0.3,-0.5,0
7.6718352,0,0,18.9,0,0,0.029,-0.014,-1.001,0.3,-0.5,0
7.7126832,0,0,18.8,0,0,0.029,-0.013,-1.001,0.3,-0.6,0
7.7226832,0,0,18.8,0,0,0.029,-0.013,-1.001,0.3,-0.6,0
7.7326832,0,0,18.8,0,0,0.029,-0.013,-1.001,0.3,-0.6,0
7.7426832,0,0,18.8,0,0,0.029,-0.013,-1.001,0.3,-0.6,0
7.7526832,0,0,18.8,0,0,0.029,-0.013,-1.001,0.3,-0.6,0
7.7725986,0,0,18.9,0,0,0.029,-0.014,-1.003,0.2,-0.5,0
7.7825986,0,0,18.9,0,0,0.029,-0.014,-1.003,0.2,-0.5,0
7.7925986,0,0,18.9,0,0,0.029,-0.014,-1.003,0.2,-0.5,0
7.8025986,0,0,18.9,0,0,0.029,-0.014,-1.003,0.2,-0.5,0
7.8125986,0,0,18.9,0,0,0.029,-0.014,-1.003,0.2,-0.5,0
7.8539125,0,0,18.9,0,0,0.029,-0.014,-1.002,0.4,-0.5,0
7.8639125,0,0,18.9,0,0,0.029,-0.014,-1.002,0.4,-0.5,0
7.8739125,0,0,18.9,0,0,0.029,-0.014,-1.002,0.4,-0.5,0
7.8839125,0,0,18.9,0,0,0.029,-0.014,-1.002,0.4,-0.5,0
7.8939125,0,0,18.9,0,0,0.029,-0.014,-1.002,0.4,-0.5,0
7.9355455,0,0,18.9,0,0,0.028,-0.014,-1.001,0.3,-0.6,0
7.9455455,0,0,18.9,0,0,0.028,-0.014,-1.001,0.3,-0.6,0
7.9555455,0,0,18.9,0,0,0.028,-0.014,-1.001,0.3,-0.6,0
7.9655455,0,0,18.9,0,0,0.028,-0.014,-1.001,0.3,-0.6,0
7.9755455,0,0,18.9,0,0,0.028,-0.014,-1.001,0.3,-0.6,0
8.0143663,0,0,18.9,0,0,0.029,-0.014,-1.001,0.3,-0.5,0
8.0243663,0,0,18.9,0,0,0.029,-0.014,-1.001,0.3,-0.5,0
8.0343663,0,0,18.9,0,0,0.029,-0.014,-1.001,0.3,-0.5,0
8.0443663,0,0,18.9,0,0,0.029,-0.014,-1.001,0.3,-0.5,0
8.0543663,0,0,18.9,0,0,0.029,-0.014,-1.001,0.3,-0.5,0
8.0745912,0,0,18.9,0,0,0.027,-0.011,-1.001,0.3,-0.5,0
8.0845912,0,0,18.9,0,0,0.027,-0.011,-1.001,0.3,-0.5,0
8.0945912,0,0,18.9,0,0,0.027,-0.011,-1.001,0.3,-0.5,0
8.1045912,0,0,18.9,0,0,0.027,-0.011,-1.001,0.3,-0.5,0
8.1145912,0,0,18.9,0,0,0.027,-0.011,-1.001,0.3,-0.5,0
8.1586373,0,0,18.9,0,0,0.029,-0.015,-1.002,0.1,-0.6,0
8.1686373,0,0,18.9,0,0,0.029,-0.015,-1.002,0.1,-0.6,0
8.1786373,0,0,18.9,0,0,0.029,-0.015,-1.002,0.1,-0.6,0
8.1886373,0,0,18.9,0,0,0.029,-0.015,-1.002,0.1,-0.6,0
8.1986373,0,0,18.9,0,0,0.029,-0.015,-1.002,0.1,-0.6,0
8.2350108,0,0,18.8,0,0,0.028,-0.012,-1.001,0.3,-0.6,0
8.2450108,0,0,18.8,0,0,0.028,-0.012,-1.001,0.3,-0.6,0
8.2550108,0,0,18.8,0,0,0.028,-0.012,-1.001,0.3,-0.6,0
8.2650108,0,0,18.8,0,0,0.028,-0.012,-1.001,0.3,-0.6,0
8.2750108,0,0,18.8,0,0,0.028,-0.012,-1.001,0.3,-0.6,0
8.3070007,0,0,18.8,0,0,0.028,-0.014,-1.001,0.3,-0.5,0
8.3170007,0,0,18.8,0,0,0.028,-0.014,-1.001,0.3,-0.5,0
8.3270007,0,0,18.8,0,0,0.028,-0.014,-1.001,0.3,-0.5,0
8.3370007,0,0,18.8,0,0,0.028,-0.014,-1.001,0.3,-0.5,0
8.3470007,0,0,18.8,0,0,0.028,-0.014,-1.001,0.3,-0.5,0
8.3920471,0,0,18.8,0,0,0.029,-0.014,-1,0.3,-0.6,0
8.4020471,0,0,18.8,0,0,0.029,-0.014,-1,0.3,-0.6,0
8.4120471,0,0,18.8,0,0,0.029,-0.014,-1,0.3,-0.6,0
8.4220471,0,0,18.8,0,0,0.029,-0.014,-1,0.3,-0.6,0
8.4320471,0,0,18.8,0,0,0.029,-0.014,-1,0.3,-0.6,0
8.455677,0,0.01,18.8,0,0,0.029,-0.013,-1.001,0.3,-0.6,0
8.465677,0,0.01,18.8,0,0,0.029,-0.013,-1.001,0.3,-0.6,0
8.475677,0,0.01,18.8,0,0,0.029,-0.013,-1.001,0.3,-0.6,0
8.485677,0,0.01,18.8,0,0,0.029,-0.013,-1.001,0.3,-0.6,0
8.495677,0,0.01,18.8,0,0,0.029,-0.013,-1.001,0.3,-0.6,0
8.5360149,0,0,18.9,0,0,0.029,-0.014,-1.002,0.3,-0.6,0
8.5460149,0,0,18.9,0,0,0.029,-0.014,-1.002,0.3,-0.6,0
8.5560149,0,0,18.9,0,0,0.029,-0.014,-1.002,0.3,-0.6,0
8.5660149,0,0,18.9,0,0,0.029,-0.014,-1.002,0.3,-0.6,0
8.5760149,0,0,18.9,0,0,0.029,-0.014,-1.002,0.3,-0.6,0
8.6152519,0,0,18.9,0,0,0.029,-0.014,-1.002,0.2,-0.6,0
8.6252519,0,0,18.9,0,0,0.029,-0.014,-1.002,0.2,-0.6,0
8.6352519,0,0,18.9,0,0,0.029,-0.014,-1.002,0.2,-0.6,0
8.6452519,0,0,18.9,0,0,0.029,-0.014,-1.002,0.2,-0.6,0
8.6552519,0,0,18.9,0,0,0.029,-0.014,-1.002,0.2,-0.6,0
8.6795993,0,0,18.9,0,0,0.028,-0.013,-1,0.3,-0.6,0
8.6895993,0,0,18.9,0,0,0.028,-0.013,-1,0.3,-0.6,0
8.6995993,0,0,18.9,0,0,0.028,-0.013,-1,0.3,-0.6,0
8.7095993,0,0,18.9,0,0,0.028,-0.013,-1,0.3,-0.6,0
8.7195993,0,0,18.9,0,0,0.028,-0.013,-1,0.3,-0.6,0
8.7611689,0,0,18.9,0,0,0.029,-0.014,-1.001,0.3,-0.6,0
8.7711689,0,0,18.9,0,0,0.029,-0.014,-1.001,0.3,-0.6,0
8.7811689,0,0,18.9,0,0,0.029,-0.014,-1.001,0.3,-0.6,0
8.7911689,0,0,18.9,0,0,0.029,-0.014,-1.001,0.3,-0.6,0
8.8011689,0,0,18.9,0,0,0.029,-0.014,-1.001,0.3,-0.6,0
8.8418846,0,0.01,18.8,0,0,0.028,-0.013,-1.001,0.3,-0.6,0
8.8518846,0,0.01,18.8,0,0,0.028,-0.013,-1.001,0.3,-0.6,0
8.8618846,0,0.01,18.8,0,0,0.028,-0.013,-1.001,0.3,-0.6,0
8.8718846,0,0.01,18.8,0,0,0.028,-0.013,-1.001,0.3,-0.6,0
8.8818846,0,0.01,18.8,0,0,0.028,-0.013,-1.001,0.3,-0.6,0
8.9046938,0,0.01,18.8,0,0,0.027,-0.012,-1.001,0.2,-0.6,0
8.9146938,0,0.01,18.8,0,0,0.027,-0.012,-1.001,0.2,-0.6,0
8.9246938,0,0.01,18.8,0,0,0.027,-0.012,-1.001,0.2,-0.6,0
8.9346938,0,0.01,18.8,0,0,0.027,-0.012,-1.001,0.2,-0.6,0
8.9446938,0,0.01,18.8,0,0,0.027,-0.012,-1.001,0.2,-0.6,0
8.9835147,0,0,18.9,0,0,0.029,-0.012,-1,0.3,-0.6,0
8.9935147,0,0,18.9,0,0,0.029,-0.012,-1,0.3,-0.6,0
9.0035147,0,0,18.9,0,0,0.029,-0.012,-1,0.3,-0.6,0
9.0135147,0,0,18.9,0,0,0.029,-0.012,-1,0.3,-0.6,0
9.0235147,0,0,18.9,0,0,0.029,-0.012,-1,0.3,-0.6,0
9.0335147,0,0,18.8,0,0,0.028,-0.012,-1.002,0.3,-0.5,0
9.0435147,0,0,18.8,0,0,0.028,-0.012,-1.002,0.3,-0.5,0
9.0535147,0,0,18.8,0,0,0.028,-0.012,-1.002,0.3,-0.5,0
9.0635147,0,0,18.8,0,0,0.028,-0.012,-1.002,0.3,-0.5,0
9.0735147,0,0,18.8,0,0,0.028,-0.012,-1.002,0.3,-0.5,0
9.0835147,0,0.01,18.8,0,0,0.03,-0.012,-1.001,0.2,-0.6,0
9.0935147,0,0.01,18.8,0,0,0.03,-0.012,-1.001,0.2,-0.6,0
9.1035147,0,0.01,18.8,0,0,0.03,-0.012,-1.001,0.2,-0.6,0
9.1135147,0,0.01,18.8,0,0,0.03,-0.012,-1.001,0.2,-0.6,0
9.1235147,0,0.01,18.8,0,0,0.03,-0.012,-1.001,0.2,-0.6,0
9.1335147,0,0,18.9,0,0,0.029,-0.013,-1,0.3,-0.6,0
9.1435147,0,0,18.9,0,0,0.029,-0.013,-1,0.3,-0.6,0
9.1535147,0,0,18.9,0,0,0.029,-0.013,-1,0.3,-0.6,0
9.1635147,0,0,18.9,0,0,0.029,-0.013,-1,0.3,-0.6,0
9.1735147,0,0,18.9,0,0,0.029,-0.013,-1,0.3,-0.6,0
9.1835147,0,0,18.8,0,0,0.028,-0.014,-1,0.3,-0.6,0
9.1935147,0,0,18.8,0,0,0.028,-0.014,-1,0.3,-0.6,0
9.2035147,0,0,18.8,0,0,0.028,-0.014,-1,0.3,-0.6,0
9.2135147,0,0,18.8,0,0,0.028,-0.014,-1,0.3,-0.6,0
9.2235147,0,0,18.8,0,0,0.028,-0.014,-1,0.3,-0.6,0
9.2335147,0,0,18.9,0,0,0.028,-0.013,-1.001,0.3,-0.6,0
9.2435147,0,0,18.9,0,0,0.028,-0.013,-1.001,0.3,-0.6,0
9.25351469999999,0,0,18.9,0,0,0.028,-0.013,-1.001,0.3,-0.6,0
9.26351469999999,0,0,18.9,0,0,0.028,-0.013,-1.001,0.3,-0.6,0
9.27351469999999,0,0,18.9,0,0,0.028,-0.013,-1.001,0.3,-0.6,0
9.28351469999999,0,0.01,18.8,0,0,0.029,-0.012,-0.999,0.2,-0.5,0
9.29351469999999,0,0.01,18.8,0,0,0.029,-0.012,-0.999,0.2,-0.5,0
9.30351469999999,0,0.01,18.8,0,0,0.029,-0.012,-0.999,0.2,-0.5,0
9.31351469999999,0,0.01,18.8,0,0,0.029,-0.012,-0.999,0.2,-0.5,0
9.32351469999999,0,0.01,18.8,0,0,0.029,-0.012,-0.999,0.2,-0.5,0
9.33351469999999,0,0,18.9,0,0,0.028,-0.014,-1.002,0.3,-0.6,0
9.34351469999999,0,0,18.9,0,0,0.028,-0.014,-1.002,0.3,-0.6,0
9.35351469999999,0,0,18.9,0,0,0.028,-0.014,-1.002,0.3,-0.6,0
9.36351469999999,0,0,18.9,0,0,0.028,-0.014,-1.002,0.3,-0.6,0
9.37351469999999,0,0,18.9,0,0,0.028,-0.014,-1.002,0.3,-0.6,0
9.38351469999999,0,0,18.9,0,0,0.028,-0.013,-1,0.3,-0.6,0
9.39351469999999,0,0,18.9,0,0,0.028,-0.013,-1,0.3,-0.6,0
9.40351469999999,0,0,18.9,0,0,0.028,-0.013,-1,0.3,-0.6,0
9.41351469999999,0,0,18.9,0,0,0.028,-0.013,-1,0.3,-0.6,0
9.42351469999999,0,0,18.9,0,0,0.028,-0.013,-1,0.3,-0.6,0
9.438405,0,0,18.8,0,0,0.029,-0.013,-1,0.2,-0.5,0
9.448405,0,0,18.8,0,0,0.029,-0.013,-1,0.2,-0.5,0
9.458405,0,0,18.8,0,0,0.029,-0.013,-1,0.2,-0.5,0
9.468405,0,0,18.8,0,0,0.029,-0.013,-1,0.2,-0.5,0
9.478405,0,0,18.8,0,0,0.029,-0.013,-1,0.2,-0.5,0
9.488405,0,0,18.9,0,0,0.028,-0.013,-1.002,0.3,-0.6,0
9.498405,0,0,18.9,0,0,0.028,-0.013,-1.002,0.3,-0.6,0
9.508405,0,0,18.9,0,0,0.028,-0.013,-1.002,0.3,-0.6,0
9.518405,0,0,18.9,0,0,0.028,-0.013,-1.002,0.3,-0.6,0
9.528405,0,0,18.9,0,0,0.028,-0.013,-1.002,0.3,-0.6,0
9.538405,0,0,18.9,0,0,0.029,-0.014,-1.002,0.3,-0.6,0
9.548405,0,0,18.9,0,0,0.029,-0.014,-1.002,0.3,-0.6,0
9.558405,0,0,18.9,0,0,0.029,-0.014,-1.002,0.3,-0.6,0
9.568405,0,0,18.9,0,0,0.029,-0.014,-1.002,0.3,-0.6,0
9.578405,0,0,18.9,0,0,0.029,-0.014,-1.002,0.3,-0.6,0
9.588405,0,0,18.8,0,0,0.028,-0.013,-1.001,0.3,-0.6,0
9.598405,0,0,18.8,0,0,0.028,-0.013,-1.001,0.3,-0.6,0
9.608405,0,0,18.8,0,0,0.028,-0.013,-1.001,0.3,-0.6,0
9.618405,0,0,18.8,0,0,0.028,-0.013,-1.001,0.3,-0.6,0
9.628405,0,0,18.8,0,0,0.028,-0.013,-1.001,0.3,-0.6,0
9.638405,0,0,18.8,0,0,0.028,-0.012,-1.002,0.3,-0.5,0
9.648405,0,0,18.8,0,0,0.028,-0.012,-1.002,0.3,-0.5,0
9.658405,0,0,18.8,0,0,0.028,-0.012,-1.002,0.3,-0.5,0
9.668405,0,0,18.8,0,0,0.028,-0.012,-1.002,0.3,-0.5,0
9.678405,0,0,18.8,0,0,0.028,-0.012,-1.002,0.3,-0.5,0
9.688405,0,0,18.8,0,0,0.028,-0.013,-1,0.3,-0.5,0
9.698405,0,0,18.8,0,0,0.028,-0.013,-1,0.3,-0.5,0
9.708405,0,0,18.8,0,0,0.028,-0.013,-1,0.3,-0.5,0
9.718405,0,0,18.8,0,0,0.028,-0.013,-1,0.3,-0.5,0
9.728405,0,0,18.8,0,0,0.028,-0.013,-1,0.3,-0.5,0
9.73840499999999,0,0,18.9,0,0,0.03,-0.014,-1.002,0.2,-0.6,0
9.74840499999999,0,0,18.9,0,0,0.03,-0.014,-1.002,0.2,-0.6,0
9.75840499999999,0,0,18.9,0,0,0.03,-0.014,-1.002,0.2,-0.6,0
9.76840499999999,0,0,18.9,0,0,0.03,-0.014,-1.002,0.2,-0.6,0
9.77840499999999,0,0,18.9,0,0,0.03,-0.014,-1.002,0.2,-0.6,0
9.78840499999999,0,0,18.9,0,0,0.028,-0.013,-1.001,0.3,-0.5,0
9.79840499999999,0,0,18.9,0,0,0.028,-0.013,-1.001,0.3,-0.5,0
9.80840499999999,0,0,18.9,0,0,0.028,-0.013,-1.001,0.3,-0.5,0
9.81840499999999,0,0,18.9,0,0,0.028,-0.013,-1.001,0.3,-0.5,0
9.82840499999999,0,0,18.9,0,0,0.028,-0.013,-1.001,0.3,-0.5,0
9.83840499999999,0,0,18.8,0,0,0.029,-0.014,-1.001,0.2,-0.5,0
9.84840499999999,0,0,18.8,0,0,0.029,-0.014,-1.001,0.2,-0.5,0
9.85840499999999,0,0,18.8,0,0,0.029,-0.014,-1.001,0.2,-0.5,0
9.86840499999999,0,0,18.8,0,0,0.029,-0.014,-1.001,0.2,-0.5,0
9.87840499999999,0,0,18.8,0,0,0.029,-0.014,-1.001,0.2,-0.5,0
9.8891293,0,0,18.9,0,0,0.029,-0.013,-1.001,0.3,-0.6,0
9.8991293,0,0,18.9,0,0,0.029,-0.013,-1.001,0.3,-0.6,0
9.9091293,0,0,18.9,0,0,0.029,-0.013,-1.001,0.3,-0.6,0
9.9191293,0,0,18.9,0,0,0.029,-0.013,-1.001,0.3,-0.6,0
9.9291293,0,0,18.9,0,0,0.029,-0.013,-1.001,0.3,-0.6,0
9.9391293,0,0,18.9,0,0,0.029,-0.013,-1,0.2,-0.6,0
9.9491293,0,0,18.9,0,0,0.029,-0.013,-1,0.2,-0.6,0
9.9591293,0,0,18.9,0,0,0.029,-0.013,-1,0.2,-0.6,0
9.9691293,0,0,18.9,0,0,0.029,-0.013,-1,0.2,-0.6,0
9.9791293,0,0,18.9,0,0,0.029,-0.013,-1,0.2,-0.6,0
9.9891293,0,0,18.8,0,0,0.029,-0.013,-1,0.2,-0.5,0
9.9991293,0,0,18.8,0,0,0.029,-0.013,-1,0.2,-0.5,0
10.0091293,0,0,18.8,0,0,0.029,-0.013,-1,0.2,-0.5,0
10.0191293,0,0,18.8,0,0,0.029,-0.013,-1,0.2,-0.5,0
10.0291293,0,0,18.8,0,0,0.029,-0.013,-1,0.2,-0.5,0
10.0391293,0,0,18.9,0,0,0.029,-0.013,-1.002,0.2,-0.6,0
10.0491293,0,0,18.9,0,0,0.029,-0.013,-1.002,0.2,-0.6,0
10.0591293,0,0,18.9,0,0,0.029,-0.013,-1.002,0.2,-0.6,0
10.0691293,0,0,18.9,0,0,0.029,-0.013,-1.002,0.2,-0.6,0
10.0791293,0,0,18.9,0,0,0.029,-0.013,-1.002,0.2,-0.6,0
10.0891293,0,0,18.9,0,0,0.029,-0.012,-1.002,0.2,-0.6,0
10.0991293,0,0,18.9,0,0,0.029,-0.012,-1.002,0.2,-0.6,0
10.1091293,0,0,18.9,0,0,0.029,-0.012,-1.002,0.2,-0.6,0
10.1191293,0,0,18.9,0,0,0.029,-0.012,-1.002,0.2,-0.6,0
10.1291293,0,0,18.9,0,0,0.029,-0.012,-1.002,0.2,-0.6,0
10.1391293,0,0,18.9,0,0,0.027,-0.014,-1.004,0.3,-0.6,0
10.1491293,0,0,18.9,0,0,0.027,-0.014,-1.004,0.3,-0.6,0
10.1591293,0,0,18.9,0,0,0.027,-0.014,-1.004,0.3,-0.6,0
10.1691293,0,0,18.9,0,0,0.027,-0.014,-1.004,0.3,-0.6,0
10.1791293,0,0,18.9,0,0,0.027,-0.014,-1.004,0.3,-0.6,0
10.1891293,0,0,18.9,0,0,0.028,-0.013,-1.001,0.3,-0.6,0
10.1991293,0,0,18.9,0,0,0.028,-0.013,-1.001,0.3,-0.6,0
10.2091293,0,0,18.9,0,0,0.028,-0.013,-1.001,0.3,-0.6,0
10.2191293,0,0,18.9,0,0,0.028,-0.013,-1.001,0.3,-0.6,0
10.2291293,0,0,18.9,0,0,0.028,-0.013,-1.001,0.3,-0.6,0
10.2391293,0,0,18.8,0,0,0.028,-0.013,-1.002,0.4,-0.5,0
10.2491293,0,0,18.8,0,0,0.028,-0.013,-1.002,0.4,-0.5,0
10.2591293,0,0,18.8,0,0,0.028,-0.013,-1.002,0.4,-0.5,0
10.2691293,0,0,18.8,0,0,0.028,-0.013,-1.002,0.4,-0.5,0
10.2791293,0,0,18.8,0,0,0.028,-0.013,-1.002,0.4,-0.5,0
10.2891293,0,0,18.9,0,0,0.028,-0.014,-1,0.4,-0.6,0
10.2991293,0,0,18.9,0,0,0.028,-0.014,-1,0.4,-0.6,0
10.3091293,0,0,18.9,0,0,0.028,-0.014,-1,0.4,-0.6,0
10.3191293,0,0,18.9,0,0,0.028,-0.014,-1,0.4,-0.6,0
10.3291293,0,0,18.9,0,0,0.028,-0.014,-1,0.4,-0.6,0
10.3391293,0,0.01,18.8,0,0,0.029,-0.016,-1.002,0.2,-0.6,0
10.3491293,0,0.01,18.8,0,0,0.029,-0.016,-1.002,0.2,-0.6,0
10.3591293,0,0.01,18.8,0,0,0.029,-0.016,-1.002,0.2,-0.6,0
10.3691293,0,0.01,18.8,0,0,0.029,-0.016,-1.002,0.2,-0.6,0
10.3791293,0,0.01,18.8,0,0,0.029,-0.016,-1.002,0.2,-0.6,0
10.3891293,0,0.01,18.9,0,0,0.027,-0.012,-1.003,0.3,-0.6,0
10.3991293,0,0.01,18.9,0,0,0.027,-0.012,-1.003,0.3,-0.6,0
10.4091293,0,0.01,18.9,0,0,0.027,-0.012,-1.003,0.3,-0.6,0
10.4191293,0,0.01,18.9,0,0,0.027,-0.012,-1.003,0.3,-0.6,0
10.4291293,0,0.01,18.9,0,0,0.027,-0.012,-1.003,0.3,-0.6,0
10.4391293,0,0,18.8,0,0,0.028,-0.015,-1.002,0.4,-0.6,0.1
10.4491293,0,0,18.8,0,0,0.028,-0.015,-1.002,0.4,-0.6,0.1
10.4591293,0,0,18.8,0,0,0.028,-0.015,-1.002,0.4,-0.6,0.1
10.4691293,0,0,18.8,0,0,0.028,-0.015,-1.002,0.4,-0.6,0.1
10.4791293,0,0,18.8,0,0,0.028,-0.015,-1.002,0.4,-0.6,0.1
10.4892327,0,0,18.8,0,0,0.029,-0.013,-1.001,0.3,-0.6,0
10.4992327,0,0,18.8,0,0,0.029,-0.013,-1.001,0.3,-0.6,0
10.5092327,0,0,18.8,0,0,0.029,-0.013,-1.001,0.3,-0.6,0
10.5192327,0,0,18.8,0,0,0.029,-0.013,-1.001,0.3,-0.6,0
10.5292327,0,0,18.8,0,0,0.029,-0.013,-1.001,0.3,-0.6,0
10.5392327,0,0,18.8,0,0,0.029,-0.015,-1,0.3,-0.6,0
10.5492327,0,0,18.8,0,0,0.029,-0.015,-1,0.3,-0.6,0
10.5592327,0,0,18.8,0,0,0.029,-0.015,-1,0.3,-0.6,0
10.5692327,0,0,18.8,0,0,0.029,-0.015,-1,0.3,-0.6,0
10.5792327,0,0,18.8,0,0,0.029,-0.015,-1,0.3,-0.6,0
10.5892327,0,0,18.8,0,0,0.028,-0.012,-1,0.3,-0.6,0
10.5992327,0,0,18.8,0,0,0.028,-0.012,-1,0.3,-0.6,0
10.6092327,0,0,18.8,0,0,0.028,-0.012,-1,0.3,-0.6,0
10.6192327,0,0,18.8,0,0,0.028,-0.012,-1,0.3,-0.6,0
10.6292327,0,0,18.8,0,0,0.028,-0.012,-1,0.3,-0.6,0
10.6661074,0,0,18.9,0,0,0.029,-0.012,-1,0.3,-0.6,0
10.6761074,0,0,18.9,0,0,0.029,-0.012,-1,0.3,-0.6,0
10.6861074,0,0,18.9,0,0,0.029,-0.012,-1,0.3,-0.6,0
10.6961074,0,0,18.9,0,0,0.029,-0.012,-1,0.3,-0.6,0
10.7061074,0,0,18.9,0,0,0.029,-0.012,-1,0.3,-0.6,0
10.7161074,0,0,18.8,0,0,0.028,-0.012,-1.001,0.2,-0.6,0
10.7261074,0,0,18.8,0,0,0.028,-0.012,-1.001,0.2,-0.6,0
10.7361074,0,0,18.8,0,0,0.028,-0.012,-1.001,0.2,-0.6,0
10.7461074,0,0,18.8,0,0,0.028,-0.012,-1.001,0.2,-0.6,0
10.7561074,0,0,18.8,0,0,0.028,-0.012,-1.001,0.2,-0.6,0
10.7735693,0,0,18.9,0,0,0.028,-0.013,-1.001,0.3,-0.6,0
10.7835693,0,0,18.9,0,0,0.028,-0.013,-1.001,0.3,-0.6,0
10.7935693,0,0,18.9,0,0,0.028,-0.013,-1.001,0.3,-0.6,0
10.8035693,0,0,18.9,0,0,0.028,-0.013,-1.001,0.3,-0.6,0
10.8135693,0,0,18.9,0,0,0.028,-0.013,-1.001,0.3,-0.6,0
10.8578538,0,0,18.8,0,0,0.029,-0.014,-1.002,0.3,-0.6,0
10.8678538,0,0,18.8,0,0,0.029,-0.014,-1.002,0.3,-0.6,0
10.8778538,0,0,18.8,0,0,0.029,-0.014,-1.002,0.3,-0.6,0
10.8878538,0,0,18.8,0,0,0.029,-0.014,-1.002,0.3,-0.6,0
10.8978538,0,0,18.8,0,0,0.029,-0.014,-1.002,0.3,-0.6,0
10.9386728,0,0,18.9,0,0,0.028,-0.014,-1.002,0.3,-0.6,0
10.9486728,0,0,18.9,0,0,0.028,-0.014,-1.002,0.3,-0.6,0
10.9586728,0,0,18.9,0,0,0.028,-0.014,-1.002,0.3,-0.6,0
10.9686728,0,0,18.9,0,0,0.028,-0.014,-1.002,0.3,-0.6,0
10.9786728,0,0,18.9,0,0,0.028,-0.014,-1.002,0.3,-0.6,0
11.001709,0,0.01,18.8,0,0,0.028,-0.014,-1.001,0.3,-0.6,0
11.011709,0,0.01,18.8,0,0,0.028,-0.014,-1.001,0.3,-0.6,0
11.021709,0,0.01,18.8,0,0,0.028,-0.014,-1.001,0.3,-0.6,0
11.031709,0,0.01,18.8,0,0,0.028,-0.014,-1.001,0.3,-0.6,0
11.041709,0,0.01,18.8,0,0,0.028,-0.014,-1.001,0.3,-0.6,0
11.0816769,0,0,18.8,0,0,0.029,-0.014,-1,0.3,-0.6,0
11.0916769,0,0,18.8,0,0,0.029,-0.014,-1,0.3,-0.6,0
11.1016769,0,0,18.8,0,0,0.029,-0.014,-1,0.3,-0.6,0
11.1116769,0,0,18.8,0,0,0.029,-0.014,-1,0.3,-0.6,0
11.1216769,0,0,18.8,0,0,0.029,-0.014,-1,0.3,-0.6,0
11.1620604,0,0,18.9,0,0,0.029,-0.012,-0.999,0.2,-0.6,0
11.1720604,0,0,18.9,0,0,0.029,-0.012,-0.999,0.2,-0.6,0
11.1820604,0,0,18.9,0,0,0.029,-0.012,-0.999,0.2,-0.6,0
11.1920604,0,0,18.9,0,0,0.029,-0.012,-0.999,0.2,-0.6,0
11.2020604,0,0,18.9,0,0,0.029,-0.012,-0.999,0.2,-0.6,0
11.2120604,0,0,18.9,0,0,0.03,-0.012,-1.001,0.2,-0.6,0
11.2220604,0,0,18.9,0,0,0.03,-0.012,-1.001,0.2,-0.6,0
11.2320604,0,0,18.9,0,0,0.03,-0.012,-1.001,0.2,-0.6,0
11.2420604,0,0,18.9,0,0,0.03,-0.012,-1.001,0.2,-0.6,0
11.2520604,0,0,18.9,0,0,0.03,-0.012,-1.001,0.2,-0.6,0
11.2620604,0,0,18.9,0,0,0.028,-0.014,-1.001,0.3,-0.5,0
11.2720604,0,0,18.9,0,0,0.028,-0.014,-1.001,0.3,-0.5,0
11.2820604,0,0,18.9,0,0,0.028,-0.014,-1.001,0.3,-0.5,0
11.2920604,0,0,18.9,0,0,0.028,-0.014,-1.001,0.3,-0.5,0
11.3020604,0,0,18.9,0,0,0.028,-0.014,-1.001,0.3,-0.5,0
11.3120604,0,0,18.9,0,0,0.028,-0.015,-1.001,0.3,-0.6,0
11.3220604,0,0,18.9,0,0,0.028,-0.015,-1.001,0.3,-0.6,0
11.3320604,0,0,18.9,0,0,0.028,-0.015,-1.001,0.3,-0.6,0
11.3420604,0,0,18.9,0,0,0.028,-0.015,-1.001,0.3,-0.6,0
11.3520604,0,0,18.9,0,0,0.028,-0.015,-1.001,0.3,-0.6,0
11.3918183,0,0,18.8,0,0,0.028,-0.012,-1.001,0.2,-0.6,0
11.4018183,0,0,18.8,0,0,0.028,-0.012,-1.001,0.2,-0.6,0
11.4118183,0,0,18.8,0,0,0.028,-0.012,-1.001,0.2,-0.6,0
11.4218183,0,0,18.8,0,0,0.028,-0.012,-1.001,0.2,-0.6,0
11.4318183,0,0,18.8,0,0,0.028,-0.012,-1.001,0.2,-0.6,0
11.45534,0,0,18.9,0,0,0.029,-0.015,-1.002,0.2,-0.6,0
11.46534,0,0,18.9,0,0,0.029,-0.015,-1.002,0.2,-0.6,0
11.47534,0,0,18.9,0,0,0.029,-0.015,-1.002,0.2,-0.6,0
11.48534,0,0,18.9,0,0,0.029,-0.015,-1.002,0.2,-0.6,0
11.49534,0,0,18.9,0,0,0.029,-0.015,-1.002,0.2,-0.6,0
11.5361187,0,0,18.9,0,0,0.029,-0.013,-1.002,0.3,-0.6,0
11.5461187,0,0,18.9,0,0,0.029,-0.013,-1.002,0.3,-0.6,0
11.5561187,0,0,18.9,0,0,0.029,-0.013,-1.002,0.3,-0.6,0
11.5661187,0,0,18.9,0,0,0.029,-0.013,-1.002,0.3,-0.6,0
11.5761187,0,0,18.9,0,0,0.029,-0.013,-1.002,0.3,-0.6,0
11.6160465,0,0,18.8,0,0,0.028,-0.014,-1,0.3,-0.6,0
11.6260465,0,0,18.8,0,0,0.028,-0.014,-1,0.3,-0.6,0
11.6360465,0,0,18.8,0,0,0.028,-0.014,-1,0.3,-0.6,0
11.6460465,0,0,18.8,0,0,0.028,-0.014,-1,0.3,-0.6,0
11.6560465,0,0,18.8,0,0,0.028,-0.014,-1,0.3,-0.6,0
11.6781871,0,0.01,18.9,0,0,0.028,-0.012,-1,0.3,-0.6,0
11.6881871,0,0.01,18.9,0,0,0.028,-0.012,-1,0.3,-0.6,0
11.6981871,0,0.01,18.9,0,0,0.028,-0.012,-1,0.3,-0.6,0
11.7081871,0,0.01,18.9,0,0,0.028,-0.012,-1,0.3,-0.6,0
11.7181871,0,0.01,18.9,0,0,0.028,-0.012,-1,0.3,-0.6,0
11.7281871,0,0,18.9,0,0,0.027,-0.014,-1,0.3,-0.6,0
11.7381871,0,0,18.9,0,0,0.027,-0.014,-1,0.3,-0.6,0
11.7481871,0,0,18.9,0,0,0.027,-0.014,-1,0.3,-0.6,0
11.7581871,0,0,18.9,0,0,0.027,-0.014,-1,0.3,-0.6,0
11.7681871,0,0,18.9,0,0,0.027,-0.014,-1,0.3,-0.6,0
11.7781871,0,0,18.9,0,0,0.027,-0.014,-1.002,0.2,-0.6,0
11.7881871,0,0,18.9,0,0,0.027,-0.014,-1.002,0.2,-0.6,0
11.7981871,0,0,18.9,0,0,0.027,-0.014,-1.002,0.2,-0.6,0
11.8081871,0,0,18.9,0,0,0.027,-0.014,-1.002,0.2,-0.6,0
11.8181871,0,0,18.9,0,0,0.027,-0.014,-1.002,0.2,-0.6,0
11.8281871,0,0,18.9,0,0,0.029,-0.013,-1.003,0.1,-0.6,0
11.8381871,0,0,18.9,0,0,0.029,-0.013,-1.003,0.1,-0.6,0
11.8481871,0,0,18.9,0,0,0.029,-0.013,-1.003,0.1,-0.6,0
11.8581871,0,0,18.9,0,0,0.029,-0.013,-1.003,0.1,-0.6,0
11.8681871,0,0,18.9,0,0,0.029,-0.013,-1.003,0.1,-0.6,0
11.8781871,0,0,18.8,0,0,0.028,-0.013,-1.002,0.3,-0.6,0
11.8881871,0,0,18.8,0,0,0.028,-0.013,-1.002,0.3,-0.6,0
11.8981871,0,0,18.8,0,0,0.028,-0.013,-1.002,0.3,-0.6,0
11.9081871,0,0,18.8,0,0,0.028,-0.013,-1.002,0.3,-0.6,0
11.9181871,0,0,18.8,0,0,0.028,-0.013,-1.002,0.3,-0.6,0
11.9281871,0,0.01,18.8,0,0,0.028,-0.013,-1,0.2,-0.5,0
11.9381871,0,0.01,18.8,0,0,0.028,-0.013,-1,0.2,-0.5,0
11.9481871,0,0.01,18.8,0,0,0.028,-0.013,-1,0.2,-0.5,0
11.9581871,0,0.01,18.8,0,0,0.028,-0.013,-1,0.2,-0.5,0
11.9681871,0,0.01,18.8,0,0,0.028,-0.013,-1,0.2,-0.5,0
11.9781871,0,0.01,18.8,0,0,0.03,-0.013,-1,0.3,-0.5,0
11.9881871,0,0.01,18.8,0,0,0.03,-0.013,-1,0.3,-0.5,0
11.9981871,0,0.01,18.8,0,0,0.03,-0.013,-1,0.3,-0.5,0
12.0081871,0,0.01,18.8,0,0,0.03,-0.013,-1,0.3,-0.5,0
12.0181871,0,0.01,18.8,0,0,0.03,-0.013,-1,0.3,-0.5,0
12.0281871,0,0,18.8,0,0,0.028,-0.014,-1.002,0.3,-0.6,0
12.0381871,0,0,18.8,0,0,0.028,-0.014,-1.002,0.3,-0.6,0
12.0481871,0,0,18.8,0,0,0.028,-0.014,-1.002,0.3,-0.6,0
12.0581871,0,0,18.8,0,0,0.028,-0.014,-1.002,0.3,-0.6,0
12.0681871,0,0,18.8,0,0,0.028,-0.014,-1.002,0.3,-0.6,0
12.0781871,0,0,18.9,0,0,0.029,-0.012,-1,0.3,-0.6,0
12.0881871,0,0,18.9,0,0,0.029,-0.012,-1,0.3,-0.6,0
12.0981871,0,0,18.9,0,0,0.029,-0.012,-1,0.3,-0.6,0
12.1081871,0,0,18.9,0,0,0.029,-0.012,-1,0.3,-0.6,0
12.1181871,0,0,18.9,0,0,0.029,-0.012,-1,0.3,-0.6,0
12.1281871,0,0,18.8,0,0,0.028,-0.013,-1.002,0.2,-0.6,0
12.1381871,0,0,18.8,0,0,0.028,-0.013,-1.002,0.2,-0.6,0
12.1481871,0,0,18.8,0,0,0.028,-0.013,-1.002,0.2,-0.6,0
12.1581871,0,0,18.8,0,0,0.028,-0.013,-1.002,0.2,-0.6,0
12.1681871,0,0,18.8,0,0,0.028,-0.013,-1.002,0.2,-0.6,0
13.7142865,0,0,18.8,0,0,0.03,-0.014,-1,0.3,-0.6,0
13.7242865,0,0,18.8,0,0,0.03,-0.014,-1,0.3,-0.6,0
13.7342865,0,0,18.8,0,0,0.03,-0.014,-1,0.3,-0.6,0
13.7442865,0,0,18.8,0,0,0.03,-0.014,-1,0.3,-0.6,0
13.7542865,0,0,18.8,0,0,0.03,-0.014,-1,0.3,-0.6,0
13.7642865,0,0,18.8,0,0,0.029,-0.014,-1,0.3,-0.6,0
13.7742865,0,0,18.8,0,0,0.029,-0.014,-1,0.3,-0.6,0
13.7842865,0,0,18.8,0,0,0.029,-0.014,-1,0.3,-0.6,0
13.7942865,0,0,18.8,0,0,0.029,-0.014,-1,0.3,-0.6,0
13.8042865,0,0,18.8,0,0,0.029,-0.014,-1,0.3,-0.6,0
13.8142865,0,0,18.8,0,0,0.029,-0.012,-1,0.3,-0.6,0
13.8242865,0,0,18.8,0,0,0.029,-0.012,-1,0.3,-0.6,0
13.8342865,0,0,18.8,0,0,0.029,-0.012,-1,0.3,-0.6,0
13.8442865,0,0,18.8,0,0,0.029,-0.012,-1,0.3,-0.6,0
13.8542865,0,0,18.8,0,0,0.029,-0.012,-1,0.3,-0.6,0
13.8642865,0,0,18.9,0,0,0.028,-0.013,-1.002,0.2,-0.6,0
13.8742865,0,0,18.9,0,0,0.028,-0.013,-1.002,0.2,-0.6,0
13.8842865,0,0,18.9,0,0,0.028,-0.013,-1.002,0.2,-0.6,0
13.8942865,0,0,18.9,0,0,0.028,-0.013,-1.002,0.2,-0.6,0
13.9042865,0,0,18.9,0,0,0.028,-0.013,-1.002,0.2,-0.6,0
13.9142865,0,0,18.9,0,0,0.029,-0.015,-1.002,0.3,-0.6,0
13.9242865,0,0,18.9,0,0,0.029,-0.015,-1.002,0.3,-0.6,0
13.9342865,0,0,18.9,0,0,0.029,-0.015,-1.002,0.3,-0.6,0
13.9442865,0,0,18.9,0,0,0.029,-0.015,-1.002,0.3,-0.6,0
13.9542865,0,0,18.9,0,0,0.029,-0.015,-1.002,0.3,-0.6,0
13.9642865,0,0,18.8,0,0,0.028,-0.013,-1.002,0.2,-0.6,0
13.9742865,0,0,18.8,0,0,0.028,-0.013,-1.002,0.2,-0.6,0
13.9842865,0,0,18.8,0,0,0.028,-0.013,-1.002,0.2,-0.6,0
13.9942865,0,0,18.8,0,0,0.028,-0.013,-1.002,0.2,-0.6,0
14.0042865,0,0,18.8,0,0,0.028,-0.013,-1.002,0.2,-0.6,0
14.0142865,0,0,18.8,0,0,0.029,-0.013,-1.001,0.3,-0.6,0
14.0242865,0,0,18.8,0,0,0.029,-0.013,-1.001,0.3,-0.6,0
14.0342865,0,0,18.8,0,0,0.029,-0.013,-1.001,0.3,-0.6,0
14.0442865,0,0,18.8,0,0,0.029,-0.013,-1.001,0.3,-0.6,0
14.0542865,0,0,18.8,0,0,0.029,-0.013,-1.001,0.3,-0.6,0
14.0642865,0,0,18.8,0,0,0.028,-0.014,-1,0.3,-0.6,0
14.0742865,0,0,18.8,0,0,0.028,-0.014,-1,0.3,-0.6,0
14.0842865,0,0,18.8,0,0,0.028,-0.014,-1,0.3,-0.6,0
14.0942865,0,0,18.8,0,0,0.028,-0.014,-1,0.3,-0.6,0
14.1042865,0,0,18.8,0,0,0.028,-0.014,-1,0.3,-0.6,0
14.1142865,0,0,18.9,0,0,0.03,-0.013,-1,0.3,-0.6,0
14.1242865,0,0,18.9,0,0,0.03,-0.013,-1,0.3,-0.6,0
14.1342865,0,0,18.9,0,0,0.03,-0.013,-1,0.3,-0.6,0
14.1442865,0,0,18.9,0,0,0.03,-0.013,-1,0.3,-0.6,0
14.1542865,0,0,18.9,0,0,0.03,-0.013,-1,0.3,-0.6,0
14.1642865,0,0,18.9,0,0,0.028,-0.014,-1.001,0.3,-0.6,0
14.1742865,0,0,18.9,0,0,0.028,-0.014,-1.001,0.3,-0.6,0
14.1842865,0,0,18.9,0,0,0.028,-0.014,-1.001,0.3,-0.6,0
14.1942865,0,0,18.9,0,0,0.028,-0.014,-1.001,0.3,-0.6,0
14.2042865,0,0,18.9,0,0,0.028,-0.014,-1.001,0.3,-0.6,0
14.2142865,0,0,18.9,0,0,0.029,-0.013,-1,0.3,-0.6,0
14.2242865,0,0,18.9,0,0,0.029,-0.013,-1,0.3,-0.6,0
14.2342865,0,0,18.9,0,0,0.029,-0.013,-1,0.3,-0.6,0
14.2442865,0,0,18.9,0,0,0.029,-0.013,-1,0.3,-0.6,0
14.2542865,0,0,18.9,0,0,0.029,-0.013,-1,0.3,-0.6,0
14.3189132,0,0,18.9,0,0,0.028,-0.013,-1,0.2,-0.6,0
14.3289132,0,0,18.9,0,0,0.028,-0.013,-1,0.2,-0.6,0
14.3389132,0,0,18.9,0,0,0.028,-0.013,-1,0.2,-0.6,0
14.3489132,0,0,18.9,0,0,0.028,-0.013,-1,0.2,-0.6,0
14.3589132,0,0,18.9,0,0,0.028,-0.013,-1,0.2,-0.6,0
14.3689132,0,0,18.9,0,0,0.029,-0.014,-1,0.2,-0.6,0
14.3789132,0,0,18.9,0,0,0.029,-0.014,-1,0.2,-0.6,0
14.3889132,0,0,18.9,0,0,0.029,-0.014,-1,0.2,-0.6,0
14.3989132,0,0,18.9,0,0,0.029,-0.014,-1,0.2,-0.6,0
14.4089132,0,0,18.9,0,0,0.029,-0.014,-1,0.2,-0.6,0
14.4189132,0,0,18.9,0,0,0.027,-0.014,-1.001,0.3,-0.6,0
14.4289132,0,0,18.9,0,0,0.027,-0.014,-1.001,0.3,-0.6,0
14.4389132,0,0,18.9,0,0,0.027,-0.014,-1.001,0.3,-0.6,0
14.4489132,0,0,18.9,0,0,0.027,-0.014,-1.001,0.3,-0.6,0
14.4589132,0,0,18.9,0,0,0.027,-0.014,-1.001,0.3,-0.6,0
14.4689132,0,0,18.8,0,0,0.028,-0.012,-1.002,0.3,-0.6,0
14.4789132,0,0,18.8,0,0,0.028,-0.012,-1.002,0.3,-0.6,0
14.4889132,0,0,18.8,0,0,0.028,-0.012,-1.002,0.3,-0.6,0
14.4989132,0,0,18.8,0,0,0.028,-0.012,-1.002,0.3,-0.6,0
14.5089132,0,0,18.8,0,0,0.028,-0.012,-1.002,0.3,-0.6,0
14.5189132,0,0,18.9,0,0,0.029,-0.015,-1.002,0.3,-0.6,0
14.5289132,0,0,18.9,0,0,0.029,-0.015,-1.002,0.3,-0.6,0
14.5389132,0,0,18.9,0,0,0.029,-0.015,-1.002,0.3,-0.6,0
14.5489132,0,0,18.9,0,0,0.029,-0.015,-1.002,0.3,-0.6,0
14.5589132,0,0,18.9,0,0,0.029,-0.015,-1.002,0.3,-0.6,0
14.5689132,0,0,18.9,0,0,0.029,-0.013,-1.001,0.3,-0.6,0
14.5789132,0,0,18.9,0,0,0.029,-0.013,-1.001,0.3,-0.6,0
14.5889132,0,0,18.9,0,0,0.029,-0.013,-1.001,0.3,-0.6,0
14.5989132,0,0,18.9,0,0,0.029,-0.013,-1.001,0.3,-0.6,0
14.6089132,0,0,18.9,0,0,0.029,-0.013,-1.001,0.3,-0.6,0
14.6189132,0,0,18.8,0,0,0.028,-0.013,-1.002,0.3,-0.6,0
14.6289132,0,0,18.8,0,0,0.028,-0.013,-1.002,0.3,-0.6,0
14.6389132,0,0,18.8,0,0,0.028,-0.013,-1.002,0.3,-0.6,0
14.6489132,0,0,18.8,0,0,0.028,-0.013,-1.002,0.3,-0.6,0
14.6589132,0,0,18.8,0,0,0.028,-0.013,-1.002,0.3,-0.6,0
14.6771647,0,0,18.9,0,0,0.029,-0.013,-1,0.3,-0.6,0
14.6871647,0,0,18.9,0,0,0.029,-0.013,-1,0.3,-0.6,0
14.6971647,0,0,18.9,0,0,0.029,-0.013,-1,0.3,-0.6,0
14.7071647,0,0,18.9,0,0,0.029,-0.013,-1,0.3,-0.6,0
14.7171647,0,0,18.9,0,0,0.029,-0.013,-1,0.3,-0.6,0
14.7564569,0,0,18.8,0,0,0.028,-0.014,-1.002,0.2,-0.6,0
14.7664569,0,0,18.8,0,0,0.028,-0.014,-1.002,0.2,-0.6,0
14.7764569,0,0,18.8,0,0,0.028,-0.014,-1.002,0.2,-0.6,0
14.7864569,0,0,18.8,0,0,0.028,-0.014,-1.002,0.2,-0.6,0
14.7964569,0,0,18.8,0,0,0.028,-0.014,-1.002,0.2,-0.6,0
14.8416709,0,0,18.9,0,0,0.028,-0.013,-1.002,0.2,-0.5,0
14.8516709,0,0,18.9,0,0,0.028,-0.013,-1.002,0.2,-0.5,0
14.8616709,0,0,18.9,0,0,0.028,-0.013,-1.002,0.2,-0.5,0
14.8716709,0,0,18.9,0,0,0.028,-0.013,-1.002,0.2,-0.5,0
14.8816709,0,0,18.9,0,0,0.028,-0.013,-1.002,0.2,-0.5,0
14.9065911,0,0,18.9,0,0,0.028,-0.015,-1.001,0.3,-0.6,0
14.9165911,0,0,18.9,0,0,0.028,-0.015,-1.001,0.3,-0.6,0
14.9265911,0,0,18.9,0,0,0.028,-0.015,-1.001,0.3,-0.6,0
14.9365911,0,0,18.9,0,0,0.028,-0.015,-1.001,0.3,-0.6,0
14.9465911,0,0,18.9,0,0,0.028,-0.015,-1.001,0.3,-0.6,0
15.0046108,0,0,18.9,0,0,0.029,-0.013,-1.001,0.3,-0.5,0
15.0146108,0,0,18.9,0,0,0.029,-0.013,-1.001,0.3,-0.5,0
15.0246108,0,0,18.9,0,0,0.029,-0.013,-1.001,0.3,-0.5,0
15.0346108,0,0,18.9,0,0,0.029,-0.013,-1.001,0.3,-0.5,0
15.0446108,0,0,18.9,0,0,0.029,-0.013,-1.001,0.3,-0.5,0
15.0643411,0,0,18.9,0,0,0.028,-0.013,-1.002,0.3,-0.5,0
15.0743411,0,0,18.9,0,0,0.028,-0.013,-1.002,0.3,-0.5,0
15.0843411,0,0,18.9,0,0,0.028,-0.013,-1.002,0.3,-0.5,0
15.0943411,0,0,18.9,0,0,0.028,-0.013,-1.002,0.3,-0.5,0
15.1043411,0,0,18.9,0,0,0.028,-0.013,-1.002,0.3,-0.5,0
15.1271833,0,0.01,18.8,0,0,0.029,-0.013,-1,0.3,-0.6,0
15.1371833,0,0.01,18.8,0,0,0.029,-0.013,-1,0.3,-0.6,0
15.1471833,0,0.01,18.8,0,0,0.029,-0.013,-1,0.3,-0.6,0
15.1571833,0,0.01,18.8,0,0,0.029,-0.013,-1,0.3,-0.6,0
15.1671833,0,0.01,18.8,0,0,0.029,-0.013,-1,0.3,-0.6,0
15.1771833,0,0,18.9,0,0,0.029,-0.014,-1,0.3,-0.6,0
15.1871833,0,0,18.9,0,0,0.029,-0.014,-1,0.3,-0.6,0
15.1971833,0,0,18.9,0,0,0.029,-0.014,-1,0.3,-0.6,0
15.2071833,0,0,18.9,0,0,0.029,-0.014,-1,0.3,-0.6,0
15.2171833,0,0,18.9,0,0,0.029,-0.014,-1,0.3,-0.6,0
15.2382588,0,0,18.9,0,0,0.029,-0.014,-1.001,0.3,-0.6,0
15.2482588,0,0,18.9,0,0,0.029,-0.014,-1.001,0.3,-0.6,0
15.2582588,0,0,18.9,0,0,0.029,-0.014,-1.001,0.3,-0.6,0
15.2682588,0,0,18.9,0,0,0.029,-0.014,-1.001,0.3,-0.6,0
15.2782588,0,0,18.9,0,0,0.029,-0.014,-1.001,0.3,-0.6,0
15.2882588,0,0,18.9,0,0,0.03,-0.012,-1,0.3,-0.5,0
15.2982588,0,0,18.9,0,0,0.03,-0.012,-1,0.3,-0.5,0
15.3082588,0,0,18.9,0,0,0.03,-0.012,-1,0.3,-0.5,0
15.3182588,0,0,18.9,0,0,0.03,-0.012,-1,0.3,-0.5,0
15.3282588,0,0,18.9,0,0,0.03,-0.012,-1,0.3,-0.5,0
15.362465,0,0,18.9,0,0,0.028,-0.014,-1.002,0.3,-0.6,0
15.372465,0,0,18.9,0,0,0.028,-0.014,-1.002,0.3,-0.6,0
15.382465,0,0,18.9,0,0,0.028,-0.014,-1.002,0.3,-0.6,0
15.392465,0,0,18.9,0,0,0.028,-0.014,-1.002,0.3,-0.6,0
15.402465,0,0,18.9,0,0,0.028,-0.014,-1.002,0.3,-0.6,0
15.4269689,0,0,18.9,0,0,0.027,-0.013,-1.001,0.3,-0.6,0
15.4369689,0,0,18.9,0,0,0.027,-0.013,-1.001,0.3,-0.6,0
15.4469689,0,0,18.9,0,0,0.027,-0.013,-1.001,0.3,-0.6,0
15.4569689,0,0,18.9,0,0,0.027,-0.013,-1.001,0.3,-0.6,0
15.4669689,0,0,18.9,0,0,0.027,-0.013,-1.001,0.3,-0.6,0
15.4769689,0,0,18.9,0,0,0.028,-0.013,-1.002,0.2,-0.6,0
15.4869689,0,0,18.9,0,0,0.028,-0.013,-1.002,0.2,-0.6,0
15.4969689,0,0,18.9,0,0,0.028,-0.013,-1.002,0.2,-0.6,0
15.5069689,0,0,18.9,0,0,0.028,-0.013,-1.002,0.2,-0.6,0
15.5169689,0,0,18.9,0,0,0.028,-0.013,-1.002,0.2,-0.6,0
15.5269689,0,0.01,18.9,0,0,0.029,-0.014,-1.002,0.3,-0.6,0
15.5369689,0,0.01,18.9,0,0,0.029,-0.014,-1.002,0.3,-0.6,0
15.5469689,0,0.01,18.9,0,0,0.029,-0.014,-1.002,0.3,-0.6,0
15.5569689,0,0.01,18.9,0,0,0.029,-0.014,-1.002,0.3,-0.6,0
15.5669689,0,0.01,18.9,0,0,0.029,-0.014,-1.002,0.3,-0.6,0
15.5829877,0,0,18.9,0,0,0.028,-0.014,-1.001,0.3,-0.6,0
15.5929877,0,0,18.9,0,0,0.028,-0.014,-1.001,0.3,-0.6,0
15.6029877,0,0,18.9,0,0,0.028,-0.014,-1.001,0.3,-0.6,0
15.6129877,0,0,18.9,0,0,0.028,-0.014,-1.001,0.3,-0.6,0
15.6229877,0,0,18.9,0,0,0.028,-0.014,-1.001,0.3,-0.6,0
15.6329877,0,0,18.9,0,0,0.027,-0.013,-1,0.2,-0.6,0
15.6429877,0,0,18.9,0,0,0.027,-0.013,-1,0.2,-0.6,0
15.6529877,0,0,18.9,0,0,0.027,-0.013,-1,0.2,-0.6,0
15.6629877,0,0,18.9,0,0,0.027,-0.013,-1,0.2,-0.6,0
15.6729877,0,0,18.9,0,0,0.027,-0.013,-1,0.2,-0.6,0
15.6829877,0,0,18.9,0,0,0.029,-0.013,-1.001,0.3,-0.6,0
15.6929877,0,0,18.9,0,0,0.029,-0.013,-1.001,0.3,-0.6,0
15.7029877,0,0,18.9,0,0,0.029,-0.013,-1.001,0.3,-0.6,0
15.7129877,0,0,18.9,0,0,0.029,-0.013,-1.001,0.3,-0.6,0
15.7229877,0,0,18.9,0,0,0.029,-0.013,-1.001,0.3,-0.6,0
15.7329877,0,0.01,18.9,0,0,0.029,-0.013,-1,0.3,-0.6,0
15.7429877,0,0.01,18.9,0,0,0.029,-0.013,-1,0.3,-0.6,0
15.7529877,0,0.01,18.9,0,0,0.029,-0.013,-1,0.3,-0.6,0
15.7629877,0,0.01,18.9,0,0,0.029,-0.013,-1,0.3,-0.6,0
15.7729877,0,0.01,18.9,0,0,0.029,-0.013,-1,0.3,-0.6,0
15.7829877,0,0,18.8,0,0,0.029,-0.014,-1,0.3,-0.5,0
15.7929877,0,0,18.8,0,0,0.029,-0.014,-1,0.3,-0.5,0
15.8029877,0,0,18.8,0,0,0.029,-0.014,-1,0.3,-0.5,0
15.8129877,0,0,18.8,0,0,0.029,-0.014,-1,0.3,-0.5,0
15.8229877,0,0,18.8,0,0,0.029,-0.014,-1,0.3,-0.5,0
15.8329877,0,0,18.9,0,0,0.029,-0.013,-1,0.3,-0.6,0
15.8429877,0,0,18.9,0,0,0.029,-0.013,-1,0.3,-0.6,0
15.8529877,0,0,18.9,0,0,0.029,-0.013,-1,0.3,-0.6,0
15.8629877,0,0,18.9,0,0,0.029,-0.013,-1,0.3,-0.6,0
15.8729877,0,0,18.9,0,0,0.029,-0.013,-1,0.3,-0.6,0
15.8909702,0,0,18.9,0,0,0.029,-0.013,-1.002,0.2,-0.6,0
15.9009702,0,0,18.9,0,0,0.029,-0.013,-1.002,0.2,-0.6,0
15.9109702,0,0,18.9,0,0,0.029,-0.013,-1.002,0.2,-0.6,0
15.9209702,0,0,18.9,0,0,0.029,-0.013,-1.002,0.2,-0.6,0
15.9309702,0,0,18.9,0,0,0.029,-0.013,-1.002,0.2,-0.6,0
15.9409702,0,0,18.9,0,0,0.028,-0.015,-1.003,0.3,-0.6,0
15.9509702,0,0,18.9,0,0,0.028,-0.015,-1.003,0.3,-0.6,0
15.9609702,0,0,18.9,0,0,0.028,-0.015,-1.003,0.3,-0.6,0
15.9709702,0,0,18.9,0,0,0.028,-0.015,-1.003,0.3,-0.6,0
15.9809702,0,0,18.9,0,0,0.028,-0.015,-1.003,0.3,-0.6,0
15.9909702,0,0,18.8,0,0,0.028,-0.014,-1,0.3,-0.6,0
16.0009702,0,0,18.8,0,0,0.028,-0.014,-1,0.3,-0.6,0
16.0109702,0,0,18.8,0,0,0.028,-0.014,-1,0.3,-0.6,0
16.0209702,0,0,18.8,0,0,0.028,-0.014,-1,0.3,-0.6,0
16.0309702,0,0,18.8,0,0,0.028,-0.014,-1,0.3,-0.6,0
16.0409702,0,0,18.8,0,0,0.028,-0.013,-1.002,0.3,-0.6,0
16.0509702,0,0,18.8,0,0,0.028,-0.013,-1.002,0.3,-0.6,0
16.0609702,0,0,18.8,0,0,0.028,-0.013,-1.002,0.3,-0.6,0
16.0709702,0,0,18.8,0,0,0.028,-0.013,-1.002,0.3,-0.6,0
16.0809702,0,0,18.8,0,0,0.028,-0.013,-1.002,0.3,-0.6,0
16.0909702,0,0,18.9,0,0,0.029,-0.014,-1,0.3,-0.6,0.1
16.1009702,0,0,18.9,0,0,0.029,-0.014,-1,0.3,-0.6,0.1
16.1109702,0,0,18.9,0,0,0.029,-0.014,-1,0.3,-0.6,0.1
16.1209702,0,0,18.9,0,0,0.029,-0.014,-1,0.3,-0.6,0.1
16.1309702,0,0,18.9,0,0,0.029,-0.014,-1,0.3,-0.6,0.1
16.1409702,0,0,18.8,0,0,0.028,-0.013,-1.001,0.3,-0.5,0
16.1509702,0,0,18.8,0,0,0.028,-0.013,-1.001,0.3,-0.5,0
16.1609702,0,0,18.8,0,0,0.028,-0.013,-1.001,0.3,-0.5,0
16.1709702,0,0,18.8,0,0,0.028,-0.013,-1.001,0.3,-0.5,0
16.1809702,0,0,18.8,0,0,0.028,-0.013,-1.001,0.3,-0.5,0
16.1909702,0,0,18.9,0,0,0.03,-0.014,-1.001,0.3,-0.6,0
16.2009702,0,0,18.9,0,0,0.03,-0.014,-1.001,0.3,-0.6,0
16.2109702,0,0,18.9,0,0,0.03,-0.014,-1.001,0.3,-0.6,0
16.2209702,0,0,18.9,0,0,0.03,-0.014,-1.001,0.3,-0.6,0
16.2309702,0,0,18.9,0,0,0.03,-0.014,-1.001,0.3,-0.6,0
16.2409702,0,0,18.9,0,0,0.028,-0.013,-1.001,0.3,-0.6,0
16.2509702,0,0,18.9,0,0,0.028,-0.013,-1.001,0.3,-0.6,0
16.2609702,0,0,18.9,0,0,0.028,-0.013,-1.001,0.3,-0.6,0
16.2709702,0,0,18.9,0,0,0.028,-0.013,-1.001,0.3,-0.6,0
16.2809702,0,0,18.9,0,0,0.028,-0.013,-1.001,0.3,-0.6,0
16.2909702,0,0,18.9,0,0,0.029,-0.015,-1.001,0.2,-0.6,0
16.3009702,0,0,18.9,0,0,0.029,-0.015,-1.001,0.2,-0.6,0
16.3109702,0,0,18.9,0,0,0.029,-0.015,-1.001,0.2,-0.6,0
16.3209702,0,0,18.9,0,0,0.029,-0.015,-1.001,0.2,-0.6,0
16.3309702,0,0,18.9,0,0,0.029,-0.015,-1.001,0.2,-0.6,0
16.3409702,0,0,18.9,0,0,0.029,-0.013,-1.001,0.2,-0.6,0
16.3509702,0,0,18.9,0,0,0.029,-0.013,-1.001,0.2,-0.6,0
16.3609702,0,0,18.9,0,0,0.029,-0.013,-1.001,0.2,-0.6,0
16.3709702,0,0,18.9,0,0,0.029,-0.013,-1.001,0.2,-0.6,0
16.3809702,0,0,18.9,0,0,0.029,-0.013,-1.001,0.2,-0.6,0
16.3909702,0,0,18.9,0,0,0.028,-0.013,-1.001,0.2,-0.6,0
16.4009702,0,0,18.9,0,0,0.028,-0.013,-1.001,0.2,-0.6,0
16.4109702,0,0,18.9,0,0,0.028,-0.013,-1.001,0.2,-0.6,0
16.4209702,0,0,18.9,0,0,0.028,-0.013,-1.001,0.2,-0.6,0
16.4309702,0,0,18.9,0,0,0.028,-0.013,-1.001,0.2,-0.6,0
16.4409702,0,0,18.8,0,0,0.028,-0.013,-1.001,0.3,-0.6,0
16.4509702,0,0,18.8,0,0,0.028,-0.013,-1.001,0.3,-0.6,0
16.4609702,0,0,18.8,0,0,0.028,-0.013,-1.001,0.3,-0.6,0
16.4709702,0,0,18.8,0,0,0.028,-0.013,-1.001,0.3,-0.6,0
16.4809702,0,0,18.8,0,0,0.028,-0.013,-1.001,0.3,-0.6,0
16.4909702,0,0,18.8,0,0,0.03,-0.014,-1.001,0.3,-0.6,0.1
16.5009702,0,0,18.8,0,0,0.03,-0.014,-1.001,0.3,-0.6,0.1
16.5109702,0,0,18.8,0,0,0.03,-0.014,-1.001,0.3,-0.6,0.1
16.5209702,0,0,18.8,0,0,0.03,-0.014,-1.001,0.3,-0.6,0.1
16.5309702,0,0,18.8,0,0,0.03,-0.014,-1.001,0.3,-0.6,0.1
16.5409702,0,0,18.9,0,0,0.029,-0.013,-1.001,0.3,-0.5,0
16.5509702,0,0,18.9,0,0,0.029,-0.013,-1.001,0.3,-0.5,0
16.5609702,0,0,18.9,0,0,0.029,-0.013,-1.001,0.3,-0.5,0
16.5709702,0,0,18.9,0,0,0.029,-0.013,-1.001,0.3,-0.5,0
16.5809702,0,0,18.9,0,0,0.029,-0.013,-1.001,0.3,-0.5,0
16.5909702,0,0,18.9,0,0,0.028,-0.013,-1,0.3,-0.6,0
16.6009702,0,0,18.9,0,0,0.028,-0.013,-1,0.3,-0.6,0
16.6109702,0,0,18.9,0,0,0.028,-0.013,-1,0.3,-0.6,0
16.6209702,0,0,18.9,0,0,0.028,-0.013,-1,0.3,-0.6,0
16.6309702,0,0,18.9,0,0,0.028,-0.013,-1,0.3,-0.6,0
16.6409702,0,0,18.9,0,0,0.028,-0.013,-1,0.2,-0.6,0
16.6509702,0,0,18.9,0,0,0.028,-0.013,-1,0.2,-0.6,0
16.6609702,0,0,18.9,0,0,0.028,-0.013,-1,0.2,-0.6,0
16.6709702,0,0,18.9,0,0,0.028,-0.013,-1,0.2,-0.6,0
16.6809702,0,0,18.9,0,0,0.028,-0.013,-1,0.2,-0.6,0
16.6909702,0,0,18.8,0,0,0.029,-0.012,-1.001,0.3,-0.5,0
16.7009702,0,0,18.8,0,0,0.029,-0.012,-1.001,0.3,-0.5,0
16.7109702,0,0,18.8,0,0,0.029,-0.012,-1.001,0.3,-0.5,0
16.7209702,0,0,18.8,0,0,0.029,-0.012,-1.001,0.3,-0.5,0
16.7309702,0,0,18.8,0,0,0.029,-0.012,-1.001,0.3,-0.5,0
16.7409702,0,0,18.9,0,0,0.028,-0.014,-1,0.2,-0.6,0
16.7509702,0,0,18.9,0,0,0.028,-0.014,-1,0.2,-0.6,0
16.7609702,0,0,18.9,0,0,0.028,-0.014,-1,0.2,-0.6,0
16.7709702,0,0,18.9,0,0,0.028,-0.014,-1,0.2,-0.6,0
16.7809702,0,0,18.9,0,0,0.028,-0.014,-1,0.2,-0.6,0
16.7909702,0,0,18.9,0,0,0.029,-0.013,-1.001,0.3,-0.6,0
16.8009702,0,0,18.9,0,0,0.029,-0.013,-1.001,0.3,-0.6,0
16.8109702,0,0,18.9,0,0,0.029,-0.013,-1.001,0.3,-0.6,0
16.8209702,0,0,18.9,0,0,0.029,-0.013,-1.001,0.3,-0.6,0
16.8309702,0,0,18.9,0,0,0.029,-0.013,-1.001,0.3,-0.6,0
16.8409702,0,0.01,18.8,0,0,0.029,-0.013,-1.002,0.3,-0.6,0
16.8509702,0,0.01,18.8,0,0,0.029,-0.013,-1.002,0.3,-0.6,0
16.8609702,0,0.01,18.8,0,0,0.029,-0.013,-1.002,0.3,-0.6,0
16.8709702,0,0.01,18.8,0,0,0.029,-0.013,-1.002,0.3,-0.6,0
16.8809702,0,0.01,18.8,0,0,0.029,-0.013,-1.002,0.3,-0.6,0
16.8909702,0,0,18.9,0,0,0.03,-0.014,-1.003,0.3,-0.6,0
16.9009702,0,0,18.9,0,0,0.03,-0.014,-1.003,0.3,-0.6,0
16.9109702,0,0,18.9,0,0,0.03,-0.014,-1.003,0.3,-0.6,0
16.9209702,0,0,18.9,0,0,0.03,-0.014,-1.003,0.3,-0.6,0
16.9309702,0,0,18.9,0,0,0.03,-0.014,-1.003,0.3,-0.6,0
16.9413378,0,0,18.9,0,0,0.029,-0.014,-1.001,0.3,-0.6,0
16.9513378,0,0,18.9,0,0,0.029,-0.014,-1.001,0.3,-0.6,0
16.9613378,0,0,18.9,0,0,0.029,-0.014,-1.001,0.3,-0.6,0
16.9713378,0,0,18.9,0,0,0.029,-0.014,-1.001,0.3,-0.6,0
16.9813378,0,0,18.9,0,0,0.029,-0.014,-1.001,0.3,-0.6,0
16.9913378,0,0,18.8,0,0,0.028,-0.013,-1.001,0.3,-0.6,0
17.0013378,0,0,18.8,0,0,0.028,-0.013,-1.001,0.3,-0.6,0
17.0113378,0,0,18.8,0,0,0.028,-0.013,-1.001,0.3,-0.6,0
17.0213378,0,0,18.8,0,0,0.028,-0.013,-1.001,0.3,-0.6,0
17.0313378,0,0,18.8,0,0,0.028,-0.013,-1.001,0.3,-0.6,0
17.0413378,0,0,18.9,0,0,0.028,-0.013,-1,0.3,-0.6,0
17.0513378,0,0,18.9,0,0,0.028,-0.013,-1,0.3,-0.6,0
17.0613378,0,0,18.9,0,0,0.028,-0.013,-1,0.3,-0.6,0
17.0713378,0,0,18.9,0,0,0.028,-0.013,-1,0.3,-0.6,0
17.0813378,0,0,18.9,0,0,0.028,-0.013,-1,0.3,-0.6,0
17.1001755,0,0,18.8,0,0,0.029,-0.014,-1,0.2,-0.6,0
17.1101755,0,0,18.8,0,0,0.029,-0.014,-1,0.2,-0.6,0
17.1201755,0,0,18.8,0,0,0.029,-0.014,-1,0.2,-0.6,0
17.1301755,0,0,18.8,0,0,0.029,-0.014,-1,0.2,-0.6,0
17.1401755,0,0,18.8,0,0,0.029,-0.014,-1,0.2,-0.6,0
17.1607293,0,0,18.8,0,0,0.028,-0.013,-1.002,0.3,-0.6,0
17.1707293,0,0,18.8,0,0,0.028,-0.013,-1.002,0.3,-0.6,0
17.1807293,0,0,18.8,0,0,0.028,-0.013,-1.002,0.3,-0.6,0
17.1907293,0,0,18.8,0,0,0.028,-0.013,-1.002,0.3,-0.6,0
17.2007293,0,0,18.8,0,0,0.028,-0.013,-1.002,0.3,-0.6,0
17.2261091,0,0.01,18.8,0,0,0.027,-0.012,-1.001,0.3,-0.5,0
17.2361091,0,0.01,18.8,0,0,0.027,-0.012,-1.001,0.3,-0.5,0
17.2461091,0,0.01,18.8,0,0,0.027,-0.012,-1.001,0.3,-0.5,0
17.2561091,0,0.01,18.8,0,0,0.027,-0.012,-1.001,0.3,-0.5,0
17.2661091,0,0.01,18.8,0,0,0.027,-0.012,-1.001,0.3,-0.5,0
17.2761091,0,0,18.9,0,0,0.03,-0.015,-1.001,0.3,-0.6,0
17.2861091,0,0,18.9,0,0,0.03,-0.015,-1.001,0.3,-0.6,0
17.2961091,0,0,18.9,0,0,0.03,-0.015,-1.001,0.3,-0.6,0
17.3061091,0,0,18.9,0,0,0.03,-0.015,-1.001,0.3,-0.6,0
17.3161091,0,0,18.9,0,0,0.03,-0.015,-1.001,0.3,-0.6,0
17.3261091,0,0,18.8,0,0,0.029,-0.012,-1.001,0.3,-0.5,0
17.3361091,0,0,18.8,0,0,0.029,-0.012,-1.001,0.3,-0.5,0
17.3461091,0,0,18.8,0,0,0.029,-0.012,-1.001,0.3,-0.5,0
17.3561091,0,0,18.8,0,0,0.029,-0.012,-1.001,0.3,-0.5,0
17.3661091,0,0,18.8,0,0,0.029,-0.012,-1.001,0.3,-0.5,0
17.3780149,0,0,18.9,0,0,0.027,-0.013,-1.005,0.3,-0.6,0
17.3880149,0,0,18.9,0,0,0.027,-0.013,-1.005,0.3,-0.6,0
17.3980149,0,0,18.9,0,0,0.027,-0.013,-1.005,0.3,-0.6,0
17.4080149,0,0,18.9,0,0,0.027,-0.013,-1.005,0.3,-0.6,0
17.4180149,0,0,18.9,0,0,0.027,-0.013,-1.005,0.3,-0.6,0
17.4280149,0,0,18.9,0,0,0.029,-0.013,-1,0.3,-0.6,0
17.4380149,0,0,18.9,0,0,0.029,-0.013,-1,0.3,-0.6,0
17.4480149,0,0,18.9,0,0,0.029,-0.013,-1,0.3,-0.6,0
17.4580149,0,0,18.9,0,0,0.029,-0.013,-1,0.3,-0.6,0
17.4680149,0,0,18.9,0,0,0.029,-0.013,-1,0.3,-0.6,0
17.49217,0,0,18.8,0,0,0.028,-0.013,-1.001,0.4,-0.6,0
17.50217,0,0,18.8,0,0,0.028,-0.013,-1.001,0.4,-0.6,0
17.51217,0,0,18.8,0,0,0.028,-0.013,-1.001,0.4,-0.6,0
17.52217,0,0,18.8,0,0,0.028,-0.013,-1.001,0.4,-0.6,0
17.53217,0,0,18.8,0,0,0.028,-0.013,-1.001,0.4,-0.6,0
17.54217,0,0,18.9,0,0,0.029,-0.015,-1,0.3,-0.5,0
17.55217,0,0,18.9,0,0,0.029,-0.015,-1,0.3,-0.5,0
17.56217,0,0,18.9,0,0,0.029,-0.015,-1,0.3,-0.5,0
17.57217,0,0,18.9,0,0,0.029,-0.015,-1,0.3,-0.5,0
17.58217,0,0,18.9,0,0,0.029,-0.015,-1,0.3,-0.5,0
17.59217,0,0,18.9,0,0,0.027,-0.013,-1,0.3,-0.6,0
17.60217,0,0,18.9,0,0,0.027,-0.013,-1,0.3,-0.6,0
17.61217,0,0,18.9,0,0,0.027,-0.013,-1,0.3,-0.6,0
17.62217,0,0,18.9,0,0,0.027,-0.013,-1,0.3,-0.6,0
17.63217,0,0,18.9,0,0,0.027,-0.013,-1,0.3,-0.6,0
17.64217,0,0,18.8,0,0,0.029,-0.014,-1,0.3,-0.6,0
17.65217,0,0,18.8,0,0,0.029,-0.014,-1,0.3,-0.6,0
17.66217,0,0,18.8,0,0,0.029,-0.014,-1,0.3,-0.6,0
17.67217,0,0,18.8,0,0,0.029,-0.014,-1,0.3,-0.6,0
17.68217,0,0,18.8,0,0,0.029,-0.014,-1,0.3,-0.6,0
17.7019017,0,0,18.8,0,0,0.028,-0.015,-1.001,0.3,-0.5,0
17.7119017,0,0,18.8,0,0,0.028,-0.015,-1.001,0.3,-0.5,0
17.7219017,0,0,18.8,0,0,0.028,-0.015,-1.001,0.3,-0.5,0
17.7319017,0,0,18.8,0,0,0.028,-0.015,-1.001,0.3,-0.5,0
17.7419017,0,0,18.8,0,0,0.028,-0.015,-1.001,0.3,-0.5,0
17.7519017,0,0,18.9,0,0,0.03,-0.012,-1,0.3,-0.6,0
17.7619017,0,0,18.9,0,0,0.03,-0.012,-1,0.3,-0.6,0
17.7719017,0,0,18.9,0,0,0.03,-0.012,-1,0.3,-0.6,0
17.7819017,0,0,18.9,0,0,0.03,-0.012,-1,0.3,-0.6,0
17.7919017,0,0,18.9,0,0,0.03,-0.012,-1,0.3,-0.6,0
17.8019017,0,0,18.8,0,0,0.029,-0.014,-1.001,0.3,-0.5,0
17.8119017,0,0,18.8,0,0,0.029,-0.014,-1.001,0.3,-0.5,0
17.8219017,0,0,18.8,0,0,0.029,-0.014,-1.001,0.3,-0.5,0
17.8319017,0,0,18.8,0,0,0.029,-0.014,-1.001,0.3,-0.5,0
17.8419017,0,0,18.8,0,0,0.029,-0.014,-1.001,0.3,-0.5,0
17.8519017,0,0,18.8,0,0,0.028,-0.013,-1.001,0.3,-0.6,0
17.8619017,0,0,18.8,0,0,0.028,-0.013,-1.001,0.3,-0.6,0
17.8719017,0,0,18.8,0,0,0.028,-0.013,-1.001,0.3,-0.6,0
17.8819017,0,0,18.8,0,0,0.028,-0.013,-1.001,0.3,-0.6,0
17.8919017,0,0,18.8,0,0,0.028,-0.013,-1.001,0.3,-0.6,0
17.9019017,0,0,18.9,0,0,0.028,-0.015,-1,0.3,-0.6,0
17.9119017,0,0,18.9,0,0,0.028,-0.015,-1,0.3,-0.6,0
17.9219017,0,0,18.9,0,0,0.028,-0.015,-1,0.3,-0.6,0
17.9319017,0,0,18.9,0,0,0.028,-0.015,-1,0.3,-0.6,0
17.9419017,0,0,18.9,0,0,0.028,-0.015,-1,0.3,-0.6,0
17.9519017,0,0,18.8,0,0,0.028,-0.012,-1.001,0.2,-0.6,0
17.9619017,0,0,18.8,0,0,0.028,-0.012,-1.001,0.2,-0.6,0
17.9719017,0,0,18.8,0,0,0.028,-0.012,-1.001,0.2,-0.6,0
17.9819017,0,0,18.8,0,0,0.028,-0.012,-1.001,0.2,-0.6,0
17.9919017,0,0,18.8,0,0,0.028,-0.012,-1.001,0.2,-0.6,0
20.0811759,0,0,18.8,0,0,0.029,-0.013,-1.001,0.3,-0.6,0
20.0911759,0,0,18.8,0,0,0.029,-0.013,-1.001,0.3,-0.6,0
20.1011759,0,0,18.8,0,0,0.029,-0.013,-1.001,0.3,-0.6,0
20.1111759,0,0,18.8,0,0,0.029,-0.013,-1.001,0.3,-0.6,0
20.1211759,0,0,18.8,0,0,0.029,-0.013,-1.001,0.3,-0.6,0
20.1311759,0,0,18.8,0,0,0.029,-0.013,-1.001,0.3,-0.6,0
20.1411759,0,0,18.8,0,0,0.029,-0.013,-1.001,0.3,-0.6,0
20.1511759,0,0,18.8,0,0,0.029,-0.013,-1.001,0.3,-0.6,0
20.1611759,0,0,18.8,0,0,0.029,-0.013,-1.001,0.3,-0.6,0
20.1711759,0,0,18.8,0,0,0.029,-0.013,-1.001,0.3,-0.6,0
20.1811759,0,0,18.9,0,0,0.029,-0.013,-1,0.3,-0.6,0
20.1911759,0,0,18.9,0,0,0.029,-0.013,-1,0.3,-0.6,0
20.2011759,0,0,18.9,0,0,0.029,-0.013,-1,0.3,-0.6,0
20.2111759,0,0,18.9,0,0,0.029,-0.013,-1,0.3,-0.6,0
20.2211759,0,0,18.9,0,0,0.029,-0.013,-1,0.3,-0.6,0
20.2311759,0,0,18.9,0,0,0.028,-0.013,-1.001,0.3,-0.6,0
20.2411759,0,0,18.9,0,0,0.028,-0.013,-1.001,0.3,-0.6,0
20.2511759,0,0,18.9,0,0,0.028,-0.013,-1.001,0.3,-0.6,0
20.2611759,0,0,18.9,0,0,0.028,-0.013,-1.001,0.3,-0.6,0
20.2711759,0,0,18.9,0,0,0.028,-0.013,-1.001,0.3,-0.6,0
20.2811759,0,0,18.9,0,0,0.029,-0.012,-1.001,0.2,-0.5,0
20.2911759,0,0,18.9,0,0,0.029,-0.012,-1.001,0.2,-0.5,0
20.3011759,0,0,18.9,0,0,0.029,-0.012,-1.001,0.2,-0.5,0
20.3111759,0,0,18.9,0,0,0.029,-0.012,-1.001,0.2,-0.5,0
20.3211759,0,0,18.9,0,0,0.029,-0.012,-1.001,0.2,-0.5,0
20.3311759,0,0.01,18.8,0,0,0.028,-0.013,-1.001,0.3,-0.6,0
20.3411759,0,0.01,18.8,0,0,0.028,-0.013,-1.001,0.3,-0.6,0
20.3511759,0,0.01,18.8,0,0,0.028,-0.013,-1.001,0.3,-0.6,0
20.3611759,0,0.01,18.8,0,0,0.028,-0.013,-1.001,0.3,-0.6,0
20.3711759,0,0.01,18.8,0,0,0.028,-0.013,-1.001,0.3,-0.6,0
20.3811759,0,0,18.8,0,0,0.03,-0.015,-1.002,0.3,-0.6,0
20.3911759,0,0,18.8,0,0,0.03,-0.015,-1.002,0.3,-0.6,0
20.4011759,0,0,18.8,0,0,0.03,-0.015,-1.002,0.3,-0.6,0
20.4111759,0,0,18.8,0,0,0.03,-0.015,-1.002,0.3,-0.6,0
20.4211759,0,0,18.8,0,0,0.03,-0.015,-1.002,0.3,-0.6,0
20.4311759,0,0,18.8,0,0,0.029,-0.013,-1,0.3,-0.7,0
20.4411759,0,0,18.8,0,0,0.029,-0.013,-1,0.3,-0.7,0
20.4511759,0,0,18.8,0,0,0.029,-0.013,-1,0.3,-0.7,0
20.4611759,0,0,18.8,0,0,0.029,-0.013,-1,0.3,-0.7,0
20.4711759,0,0,18.8,0,0,0.029,-0.013,-1,0.3,-0.7,0
20.4811759,0,0,18.9,0,0,0.028,-0.013,-1.002,0.3,-0.6,0
20.4911759,0,0,18.9,0,0,0.028,-0.013,-1.002,0.3,-0.6,0
20.5011759,0,0,18.9,0,0,0.028,-0.013,-1.002,0.3,-0.6,0
20.5111759,0,0,18.9,0,0,0.028,-0.013,-1.002,0.3,-0.6,0
20.5211759,0,0,18.9,0,0,0.028,-0.013,-1.002,0.3,-0.6,0
20.5408985,0,0.01,18.8,0,0,0.03,-0.014,-1.001,0.3,-0.6,0.1
20.5508985,0,0.01,18.8,0,0,0.03,-0.014,-1.001,0.3,-0.6,0.1
20.5608985,0,0.01,18.8,0,0,0.03,-0.014,-1.001,0.3,-0.6,0.1
20.5708985,0,0.01,18.8,0,0,0.03,-0.014,-1.001,0.3,-0.6,0.1
20.5808985,0,0.01,18.8,0,0,0.03,-0.014,-1.001,0.3,-0.6,0.1
20.5908985,0,0,18.9,0,0,0.029,-0.013,-1,0.3,-0.6,0
20.6008985,0,0,18.9,0,0,0.029,-0.013,-1,0.3,-0.6,0
20.6108985,0,0,18.9,0,0,0.029,-0.013,-1,0.3,-0.6,0
20.6208985,0,0,18.9,0,0,0.029,-0.013,-1,0.3,-0.6,0
20.6308985,0,0,18.9,0,0,0.029,-0.013,-1,0.3,-0.6,0
20.6408985,0,0,18.9,0,0,0.028,-0.014,-1.001,0.3,-0.6,0
20.6508985,0,0,18.9,0,0,0.028,-0.014,-1.001,0.3,-0.6,0
20.6608985,0,0,18.9,0,0,0.028,-0.014,-1.001,0.3,-0.6,0
20.6708985,0,0,18.9,0,0,0.028,-0.014,-1.001,0.3,-0.6,0
20.6808985,0,0,18.9,0,0,0.028,-0.014,-1.001,0.3,-0.6,0
20.6908985,0,0,18.8,0,0,0.028,-0.013,-1,0.3,-0.6,0
20.7008985,0,0,18.8,0,0,0.028,-0.013,-1,0.3,-0.6,0
20.7108985,0,0,18.8,0,0,0.028,-0.013,-1,0.3,-0.6,0
20.7208985,0,0,18.8,0,0,0.028,-0.013,-1,0.3,-0.6,0
20.7308985,0,0,18.8,0,0,0.028,-0.013,-1,0.3,-0.6,0
20.7408985,0,0,18.9,0,0,0.028,-0.014,-0.999,0.3,-0.5,0
20.7508985,0,0,18.9,0,0,0.028,-0.014,-0.999,0.3,-0.5,0
20.7608985,0,0,18.9,0,0,0.028,-0.014,-0.999,0.3,-0.5,0
20.7708985,0,0,18.9,0,0,0.028,-0.014,-0.999,0.3,-0.5,0
20.7808985,0,0,18.9,0,0,0.028,-0.014,-0.999,0.3,-0.5,0
20.7908985,0,0,18.9,0,0,0.028,-0.014,-1.001,0.3,-0.6,0
20.8008985,0,0,18.9,0,0,0.028,-0.014,-1.001,0.3,-0.6,0
20.8108985,0,0,18.9,0,0,0.028,-0.014,-1.001,0.3,-0.6,0
20.8208985,0,0,18.9,0,0,0.028,-0.014,-1.001,0.3,-0.6,0
20.8308985,0,0,18.9,0,0,0.028,-0.014,-1.001,0.3,-0.6,0
20.8408985,0,0,18.9,0,0,0.028,-0.014,-1.002,0.3,-0.5,0
20.8508985,0,0,18.9,0,0,0.028,-0.014,-1.002,0.3,-0.5,0
20.8608985,0,0,18.9,0,0,0.028,-0.014,-1.002,0.3,-0.5,0
20.8708985,0,0,18.9,0,0,0.028,-0.014,-1.002,0.3,-0.5,0
20.8808985,0,0,18.9,0,0,0.028,-0.014,-1.002,0.3,-0.5,0
20.8908985,0,0,18.8,0,0,0.029,-0.013,-1.001,0.3,-0.6,0
20.9008985,0,0,18.8,0,0,0.029,-0.013,-1.001,0.3,-0.6,0
20.9108985,0,0,18.8,0,0,0.029,-0.013,-1.001,0.3,-0.6,0
20.9208985,0,0,18.8,0,0,0.029,-0.013,-1.001,0.3,-0.6,0
20.9308985,0,0,18.8,0,0,0.029,-0.013,-1.001,0.3,-0.6,0
20.9408985,0,0,18.9,0,0,0.029,-0.014,-1.001,0.4,-0.6,0
20.9508985,0,0,18.9,0,0,0.029,-0.014,-1.001,0.4,-0.6,0
20.9608985,0,0,18.9,0,0,0.029,-0.014,-1.001,0.4,-0.6,0
20.9708985,0,0,18.9,0,0,0.029,-0.014,-1.001,0.4,-0.6,0
20.9808985,0,0,18.9,0,0,0.029,-0.014,-1.001,0.4,-0.6,0
20.9908985,0,0,18.8,0,0,0.029,-0.014,-1,0.3,-0.6,0
21.0008985,0,0,18.8,0,0,0.029,-0.014,-1,0.3,-0.6,0
21.0108985,0,0,18.8,0,0,0.029,-0.014,-1,0.3,-0.6,0
21.0208985,0,0,18.8,0,0,0.029,-0.014,-1,0.3,-0.6,0
21.0308985,0,0,18.8,0,0,0.029,-0.014,-1,0.3,-0.6,0
21.0408985,0,0,18.9,0,0,0.028,-0.013,-1,0.3,-0.6,0
21.0508985,0,0,18.9,0,0,0.028,-0.013,-1,0.3,-0.6,0
21.0608985,0,0,18.9,0,0,0.028,-0.013,-1,0.3,-0.6,0
21.0708985,0,0,18.9,0,0,0.028,-0.013,-1,0.3,-0.6,0
21.0808985,0,0,18.9,0,0,0.028,-0.013,-1,0.3,-0.6,0
21.0908985,0,0,18.9,0,0,0.027,-0.012,-0.999,0.3,-0.6,0
21.1008985,0,0,18.9,0,0,0.027,-0.012,-0.999,0.3,-0.6,0
21.1108985,0,0,18.9,0,0,0.027,-0.012,-0.999,0.3,-0.6,0
21.1208985,0,0,18.9,0,0,0.027,-0.012,-0.999,0.3,-0.6,0
21.1308985,0,0,18.9,0,0,0.027,-0.012,-0.999,0.3,-0.6,0
21.1408985,0,0,18.9,0,0,0.028,-0.016,-1,0.2,-0.6,0
21.1508985,0,0,18.9,0,0,0.028,-0.016,-1,0.2,-0.6,0
21.1608985,0,0,18.9,0,0,0.028,-0.016,-1,0.2,-0.6,0
21.1708985,0,0,18.9,0,0,0.028,-0.016,-1,0.2,-0.6,0
21.1808985,0,0,18.9,0,0,0.028,-0.016,-1,0.2,-0.6,0
21.1908985,0,0,18.8,0,0,0.029,-0.013,-1.001,0.3,-0.6,0
21.2008985,0,0,18.8,0,0,0.029,-0.013,-1.001,0.3,-0.6,0
21.2108985,0,0,18.8,0,0,0.029,-0.013,-1.001,0.3,-0.6,0
21.2208985,0,0,18.8,0,0,0.029,-0.013,-1.001,0.3,-0.6,0
21.2308985,0,0,18.8,0,0,0.029,-0.013,-1.001,0.3,-0.6,0
21.2408985,0,0,18.8,0,0,0.028,-0.015,-1,0.3,-0.6,0
21.2508985,0,0,18.8,0,0,0.028,-0.015,-1,0.3,-0.6,0
21.2608985,0,0,18.8,0,0,0.028,-0.015,-1,0.3,-0.6,0
21.2708985,0,0,18.8,0,0,0.028,-0.015,-1,0.3,-0.6,0
21.2808985,0,0,18.8,0,0,0.028,-0.015,-1,0.3,-0.6,0
21.3055443,0,0,18.8,0,0,0.028,-0.012,-1.001,0.3,-0.6,0
21.3155443,0,0,18.8,0,0,0.028,-0.012,-1.001,0.3,-0.6,0
21.3255443,0,0,18.8,0,0,0.028,-0.012,-1.001,0.3,-0.6,0
21.3355443,0,0,18.8,0,0,0.028,-0.012,-1.001,0.3,-0.6,0
21.3455443,0,0,18.8,0,0,0.028,-0.012,-1.001,0.3,-0.6,0
21.3566401,0,0,18.9,0,0,0.029,-0.014,-0.999,0.2,-0.6,0.1
21.3666401,0,0,18.9,0,0,0.029,-0.014,-0.999,0.2,-0.6,0.1
21.3766401,0,0,18.9,0,0,0.029,-0.014,-0.999,0.2,-0.6,0.1
21.3866401,0,0,18.9,0,0,0.029,-0.014,-0.999,0.2,-0.6,0.1
21.3966401,0,0,18.9,0,0,0.029,-0.014,-0.999,0.2,-0.6,0.1
21.4552715,0,0,18.8,0,0,0.027,-0.014,-1,0.3,-0.6,0
21.4652715,0,0,18.8,0,0,0.027,-0.014,-1,0.3,-0.6,0
21.4752715,0,0,18.8,0,0,0.027,-0.014,-1,0.3,-0.6,0
21.4852715,0,0,18.8,0,0,0.027,-0.014,-1,0.3,-0.6,0
21.4952715,0,0,18.8,0,0,0.027,-0.014,-1,0.3,-0.6,0
21.5052715,0,0,18.9,0,0,0.029,-0.012,-0.998,0.2,-0.6,0
21.5152715,0,0,18.9,0,0,0.029,-0.012,-0.998,0.2,-0.6,0
21.5252715,0,0,18.9,0,0,0.029,-0.012,-0.998,0.2,-0.6,0
21.5352715,0,0,18.9,0,0,0.029,-0.012,-0.998,0.2,-0.6,0
21.5452715,0,0,18.9,0,0,0.029,-0.012,-0.998,0.2,-0.6,0
21.5552715,0,0.01,18.8,0,0,0.029,-0.014,-1,0.2,-0.6,0
21.5652715,0,0.01,18.8,0,0,0.029,-0.014,-1,0.2,-0.6,0
21.5752715,0,0.01,18.8,0,0,0.029,-0.014,-1,0.2,-0.6,0
21.5852715,0,0.01,18.8,0,0,0.029,-0.014,-1,0.2,-0.6,0
21.5952715,0,0.01,18.8,0,0,0.029,-0.014,-1,0.2,-0.6,0
21.6052715,0,0,18.9,0,0,0.028,-0.014,-1.001,0.3,-0.6,0
21.6152715,0,0,18.9,0,0,0.028,-0.014,-1.001,0.3,-0.6,0
21.6252715,0,0,18.9,0,0,0.028,-0.014,-1.001,0.3,-0.6,0
21.6352715,0,0,18.9,0,0,0.028,-0.014,-1.001,0.3,-0.6,0
21.6452715,0,0,18.9,0,0,0.028,-0.014,-1.001,0.3,-0.6,0
21.6552715,0,0,18.8,0,0,0.029,-0.013,-1.001,0.2,-0.5,0
21.6652715,0,0,18.8,0,0,0.029,-0.013,-1.001,0.2,-0.5,0
21.6752715,0,0,18.8,0,0,0.029,-0.013,-1.001,0.2,-0.5,0
21.6852715,0,0,18.8,0,0,0.029,-0.013,-1.001,0.2,-0.5,0
21.6952715,0,0,18.8,0,0,0.029,-0.013,-1.001,0.2,-0.5,0
21.7052715,0,0,18.9,0,0,0.028,-0.014,-1.001,0.3,-0.6,0
21.7152715,0,0,18.9,0,0,0.028,-0.014,-1.001,0.3,-0.6,0
21.7252715,0,0,18.9,0,0,0.028,-0.014,-1.001,0.3,-0.6,0
21.7352715,0,0,18.9,0,0,0.028,-0.014,-1.001,0.3,-0.6,0
21.7452715,0,0,18.9,0,0,0.028,-0.014,-1.001,0.3,-0.6,0
21.7552715,0,0,18.9,0,0,0.029,-0.015,-1,0.3,-0.6,0
21.7652715,0,0,18.9,0,0,0.029,-0.015,-1,0.3,-0.6,0
21.7752715,0,0,18.9,0,0,0.029,-0.015,-1,0.3,-0.6,0
21.7852715,0,0,18.9,0,0,0.029,-0.015,-1,0.3,-0.6,0
21.7952715,0,0,18.9,0,0,0.029,-0.015,-1,0.3,-0.6,0
21.8142268,0,0,18.8,0,0,0.028,-0.013,-1,0.3,-0.6,0
21.8242268,0,0,18.8,0,0,0.028,-0.013,-1,0.3,-0.6,0
21.8342268,0,0,18.8,0,0,0.028,-0.013,-1,0.3,-0.6,0
21.8442268,0,0,18.8,0,0,0.028,-0.013,-1,0.3,-0.6,0
21.8542268,0,0,18.8,0,0,0.028,-0.013,-1,0.3,-0.6,0
21.8782085,0,0,18.8,0,0,0.028,-0.012,-1.001,0.3,-0.6,0
21.8882085,0,0,18.8,0,0,0.028,-0.012,-1.001,0.3,-0.6,0
21.8982085,0,0,18.8,0,0,0.028,-0.012,-1.001,0.3,-0.6,0
21.9082085,0,0,18.8,0,0,0.028,-0.012,-1.001,0.3,-0.6,0
21.9182085,0,0,18.8,0,0,0.028,-0.012,-1.001,0.3,-0.6,0
21.9595672,0,0,18.9,0,0,0.028,-0.014,-1.001,0.3,-0.6,0
21.9695672,0,0,18.9,0,0,0.028,-0.014,-1.001,0.3,-0.6,0
21.9795672,0,0,18.9,0,0,0.028,-0.014,-1.001,0.3,-0.6,0
21.9895672,0,0,18.9,0,0,0.028,-0.014,-1.001,0.3,-0.6,0
21.9995672,0,0,18.9,0,0,0.028,-0.014,-1.001,0.3,-0.6,0
22.0388274,0,0.01,18.8,0,0,0.028,-0.013,-1,0.3,-0.6,0
22.0488274,0,0.01,18.8,0,0,0.028,-0.013,-1,0.3,-0.6,0
22.0588274,0,0.01,18.8,0,0,0.028,-0.013,-1,0.3,-0.6,0
22.0688274,0,0.01,18.8,0,0,0.028,-0.013,-1,0.3,-0.6,0
22.0788274,0,0.01,18.8,0,0,0.028,-0.013,-1,0.3,-0.6,0
22.1017616,0,0.01,18.8,0,0,0.029,-0.014,-1,0.3,-0.5,0
22.1117616,0,0.01,18.8,0,0,0.029,-0.014,-1,0.3,-0.5,0
22.1217616,0,0.01,18.8,0,0,0.029,-0.014,-1,0.3,-0.5,0
22.1317616,0,0.01,18.8,0,0,0.029,-0.014,-1,0.3,-0.5,0
22.1417616,0,0.01,18.8,0,0,0.029,-0.014,-1,0.3,-0.5,0
22.1792577,0,0,18.9,0,0,0.029,-0.012,-1,0.3,-0.6,0
22.1892577,0,0,18.9,0,0,0.029,-0.012,-1,0.3,-0.6,0
22.1992577,0,0,18.9,0,0,0.029,-0.012,-1,0.3,-0.6,0
22.2092577,0,0,18.9,0,0,0.029,-0.012,-1,0.3,-0.6,0
22.2192577,0,0,18.9,0,0,0.029,-0.012,-1,0.3,-0.6,0
22.2579591,0,0,18.8,0,0,0.028,-0.015,-1,0.3,-0.6,0
22.2679591,0,0,18.8,0,0,0.028,-0.015,-1,0.3,-0.6,0
22.2779591,0,0,18.8,0,0,0.028,-0.015,-1,0.3,-0.6,0
22.2879591,0,0,18.8,0,0,0.028,-0.015,-1,0.3,-0.6,0
22.2979591,0,0,18.8,0,0,0.028,-0.015,-1,0.3,-0.6,0
22.3079591,0,0,18.8,0,0,0.028,-0.015,-1.002,0.3,-0.6,0
22.3179591,0,0,18.8,0,0,0.028,-0.015,-1.002,0.3,-0.6,0
22.3279591,0,0,18.8,0,0,0.028,-0.015,-1.002,0.3,-0.6,0
22.3379591,0,0,18.8,0,0,0.028,-0.015,-1.002,0.3,-0.6,0
22.3479591,0,0,18.8,0,0,0.028,-0.015,-1.002,0.3,-0.6,0
22.3579591,0,0,18.9,0,0,0.029,-0.012,-1.001,0.3,-0.6,0
22.3679591,0,0,18.9,0,0,0.029,-0.012,-1.001,0.3,-0.6,0
22.3779591,0,0,18.9,0,0,0.029,-0.012,-1.001,0.3,-0.6,0
22.3879591,0,0,18.9,0,0,0.029,-0.012,-1.001,0.3,-0.6,0
22.3979591,0,0,18.9,0,0,0.029,-0.012,-1.001,0.3,-0.6,0
22.4355078,0,0,18.9,0,0,0.029,-0.014,-1,0.3,-0.5,0
22.4455078,0,0,18.9,0,0,0.029,-0.014,-1,0.3,-0.5,0
22.4555078,0,0,18.9,0,0,0.029,-0.014,-1,0.3,-0.5,0
22.4655078,0,0,18.9,0,0,0.029,-0.014,-1,0.3,-0.5,0
22.4755078,0,0,18.9,0,0,0.029,-0.014,-1,0.3,-0.5,0
22.4916453,0,0,18.9,0,0,0.028,-0.013,-1.002,0.3,-0.6,0
22.5016453,0,0,18.9,0,0,0.028,-0.013,-1.002,0.3,-0.6,0
22.5116453,0,0,18.9,0,0,0.028,-0.013,-1.002,0.3,-0.6,0
22.5216453,0,0,18.9,0,0,0.028,-0.013,-1.002,0.3,-0.6,0
22.5316453,0,0,18.9,0,0,0.028,-0.013,-1.002,0.3,-0.6,0
22.5575969,0,0,18.8,0,0,0.029,-0.013,-1.002,0.2,-0.6,0
22.5675969,0,0,18.8,0,0,0.029,-0.013,-1.002,0.2,-0.6,0
22.5775969,0,0,18.8,0,0,0.029,-0.013,-1.002,0.2,-0.6,0
22.5875969,0,0,18.8,0,0,0.029,-0.013,-1.002,0.2,-0.6,0
22.5975969,0,0,18.8,0,0,0.029,-0.013,-1.002,0.2,-0.6,0
22.6075969,0,0,18.9,0,0,0.029,-0.014,-1.001,0.3,-0.6,0.1
22.6175969,0,0,18.9,0,0,0.029,-0.014,-1.001,0.3,-0.6,0.1
22.6275969,0,0,18.9,0,0,0.029,-0.014,-1.001,0.3,-0.6,0.1
22.6375969,0,0,18.9,0,0,0.029,-0.014,-1.001,0.3,-0.6,0.1
22.6475969,0,0,18.9,0,0,0.029,-0.014,-1.001,0.3,-0.6,0.1
22.6575969,0,0,18.8,0,0,0.03,-0.013,-1.001,0.3,-0.6,0
22.6675969,0,0,18.8,0,0,0.03,-0.013,-1.001,0.3,-0.6,0
22.6775969,0,0,18.8,0,0,0.03,-0.013,-1.001,0.3,-0.6,0
22.6875969,0,0,18.8,0,0,0.03,-0.013,-1.001,0.3,-0.6,0
22.6975969,0,0,18.8,0,0,0.03,-0.013,-1.001,0.3,-0.6,0
22.7139415,0,0,18.8,0,0,0.028,-0.014,-1,0.3,-0.6,0
22.7239415,0,0,18.8,0,0,0.028,-0.014,-1,0.3,-0.6,0
22.7339415,0,0,18.8,0,0,0.028,-0.014,-1,0.3,-0.6,0
22.7439415,0,0,18.8,0,0,0.028,-0.014,-1,0.3,-0.6,0
22.7539415,0,0,18.8,0,0,0.028,-0.014,-1,0.3,-0.6,0
22.7639415,0,0,18.9,0,0,0.028,-0.013,-1,0.3,-0.6,0
22.7739415,0,0,18.9,0,0,0.028,-0.013,-1,0.3,-0.6,0
22.7839415,0,0,18.9,0,0,0.028,-0.013,-1,0.3,-0.6,0
22.7939415,0,0,18.9,0,0,0.028,-0.013,-1,0.3,-0.6,0
22.8039415,0,0,18.9,0,0,0.028,-0.013,-1,0.3,-0.6,0
22.8139415,0,0,18.8,0,0,0.028,-0.013,-1.001,0.3,-0.6,0
22.8239415,0,0,18.8,0,0,0.028,-0.013,-1.001,0.3,-0.6,0
22.8339415,0,0,18.8,0,0,0.028,-0.013,-1.001,0.3,-0.6,0
22.8439415,0,0,18.8,0,0,0.028,-0.013,-1.001,0.3,-0.6,0
22.8539415,0,0,18.8,0,0,0.028,-0.013,-1.001,0.3,-0.6,0
22.8909257,0,0,18.9,0,0,0.029,-0.014,-0.999,0.3,-0.6,0
22.9009257,0,0,18.9,0,0,0.029,-0.014,-0.999,0.3,-0.6,0
22.9109257,0,0,18.9,0,0,0.029,-0.014,-0.999,0.3,-0.6,0
22.9209257,0,0,18.9,0,0,0.029,-0.014,-0.999,0.3,-0.6,0
22.9309257,0,0,18.9,0,0,0.029,-0.014,-0.999,0.3,-0.6,0
22.9409257,0,0,18.9,0,0,0.029,-0.013,-1,0.2,-0.5,0
22.9509257,0,0,18.9,0,0,0.029,-0.013,-1,0.2,-0.5,0
22.9609257,0,0,18.9,0,0,0.029,-0.013,-1,0.2,-0.5,0
22.9709257,0,0,18.9,0,0,0.029,-0.013,-1,0.2,-0.5,0
22.9809257,0,0,18.9,0,0,0.029,-0.013,-1,0.2,-0.5,0
23.0036997,0,0,18.9,0,0,0.029,-0.014,-1.001,0.3,-0.6,0
23.0136997,0,0,18.9,0,0,0.029,-0.014,-1.001,0.3,-0.6,0
23.0236997,0,0,18.9,0,0,0.029,-0.014,-1.001,0.3,-0.6,0
23.0336997,0,0,18.9,0,0,0.029,-0.014,-1.001,0.3,-0.6,0
23.0436997,0,0,18.9,0,0,0.029,-0.014,-1.001,0.3,-0.6,0
23.0856184,0,0.01,18.8,0,0,0.029,-0.014,-1.002,0.3,-0.6,-0.1
23.0956184,0,0.01,18.8,0,0,0.029,-0.014,-1.002,0.3,-0.6,-0.1
23.1056184,0,0.01,18.8,0,0,0.029,-0.014,-1.002,0.3,-0.6,-0.1
23.1156184,0,0.01,18.8,0,0,0.029,-0.014,-1.002,0.3,-0.6,-0.1
23.1256184,0,0.01,18.8,0,0,0.029,-0.014,-1.002,0.3,-0.6,-0.1
23.1356184,0,0,18.8,0,0,0.029,-0.013,-1,0.2,-0.6,0
23.1456184,0,0,18.8,0,0,0.029,-0.013,-1,0.2,-0.6,0
23.1556184,0,0,18.8,0,0,0.029,-0.013,-1,0.2,-0.6,0
23.1656184,0,0,18.8,0,0,0.029,-0.013,-1,0.2,-0.6,0
23.1756184,0,0,18.8,0,0,0.029,-0.013,-1,0.2,-0.6,0
23.1856184,0,0,18.8,0,0,0.029,-0.013,-1.001,0.3,-0.6,0
23.1956184,0,0,18.8,0,0,0.029,-0.013,-1.001,0.3,-0.6,0
23.2056184,0,0,18.8,0,0,0.029,-0.013,-1.001,0.3,-0.6,0
23.2156184,0,0,18.8,0,0,0.029,-0.013,-1.001,0.3,-0.6,0
23.2256184,0,0,18.8,0,0,0.029,-0.013,-1.001,0.3,-0.6,0
23.2356184,0,0,18.9,0,0,0.029,-0.014,-1.001,0.3,-0.6,0
23.2456184,0,0,18.9,0,0,0.029,-0.014,-1.001,0.3,-0.6,0
23.2556184,0,0,18.9,0,0,0.029,-0.014,-1.001,0.3,-0.6,0
23.2656184,0,0,18.9,0,0,0.029,-0.014,-1.001,0.3,-0.6,0
23.2756184,0,0,18.9,0,0,0.029,-0.014,-1.001,0.3,-0.6,0
23.2856184,0,0.01,18.8,0,0,0.029,-0.014,-1.001,0.3,-0.6,0
23.2956184,0,0.01,18.8,0,0,0.029,-0.014,-1.001,0.3,-0.6,0
23.3056184,0,0.01,18.8,0,0,0.029,-0.014,-1.001,0.3,-0.6,0
23.3156184,0,0.01,18.8,0,0,0.029,-0.014,-1.001,0.3,-0.6,0
23.3256184,0,0.01,18.8,0,0,0.029,-0.014,-1.001,0.3,-0.6,0
23.3356184,0,0,18.9,0,0,0.029,-0.012,-1,0.2,-0.5,0
23.3456184,0,0,18.9,0,0,0.029,-0.012,-1,0.2,-0.5,0
23.3556184,0,0,18.9,0,0,0.029,-0.012,-1,0.2,-0.5,0
23.3656184,0,0,18.9,0,0,0.029,-0.012,-1,0.2,-0.5,0
23.3756184,0,0,18.9,0,0,0.029,-0.012,-1,0.2,-0.5,0
23.3876083,0,0,18.9,0,0,0.029,-0.014,-1,0.3,-0.6,0
23.3976083,0,0,18.9,0,0,0.029,-0.014,-1,0.3,-0.6,0
23.4076083,0,0,18.9,0,0,0.029,-0.014,-1,0.3,-0.6,0
23.4176083,0,0,18.9,0,0,0.029,-0.014,-1,0.3,-0.6,0
23.4276083,0,0,18.9,0,0,0.029,-0.014,-1,0.3,-0.6,0
23.4376083,0,0,18.9,0,0,0.03,-0.013,-0.999,0.2,-0.6,0
23.4476083,0,0,18.9,0,0,0.03,-0.013,-0.999,0.2,-0.6,0
23.4576083,0,0,18.9,0,0,0.03,-0.013,-0.999,0.2,-0.6,0
23.4676083,0,0,18.9,0,0,0.03,-0.013,-0.999,0.2,-0.6,0
23.4776083,0,0,18.9,0,0,0.03,-0.013,-0.999,0.2,-0.6,0
23.4876083,0,0,18.9,0,0,0.029,-0.013,-1,0.3,-0.5,0
23.4976083,0,0,18.9,0,0,0.029,-0.013,-1,0.3,-0.5,0
23.5076083,0,0,18.9,0,0,0.029,-0.013,-1,0.3,-0.5,0
23.5176083,0,0,18.9,0,0,0.029,-0.013,-1,0.3,-0.5,0
23.5276083,0,0,18.9,0,0,0.029,-0.013,-1,0.3,-0.5,0
23.5376083,0,0,18.9,0,0,0.028,-0.012,-1.001,0.3,-0.5,0
23.5476083,0,0,18.9,0,0,0.028,-0.012,-1.001,0.3,-0.5,0
23.5576083,0,0,18.9,0,0,0.028,-0.012,-1.001,0.3,-0.5,0
23.5676083,0,0,18.9,0,0,0.028,-0.012,-1.001,0.3,-0.5,0
23.5776083,0,0,18.9,0,0,0.028,-0.012,-1.001,0.3,-0.5,0
23.5876083,0,0.01,18.8,0,0,0.028,-0.013,-1,0.3,-0.6,0
23.5976083,0,0.01,18.8,0,0,0.028,-0.013,-1,0.3,-0.6,0
23.6076083,0,0.01,18.8,0,0,0.028,-0.013,-1,0.3,-0.6,0
23.6176083,0,0.01,18.8,0,0,0.028,-0.013,-1,0.3,-0.6,0
23.6276083,0,0.01,18.8,0,0,0.028,-0.013,-1,0.3,-0.6,0
23.6376083,0,0.01,18.9,0,0,0.03,-0.012,-1.001,0.2,-0.6,0.1
23.6476083,0,0.01,18.9,0,0,0.03,-0.012,-1.001,0.2,-0.6,0.1
23.6576083,0,0.01,18.9,0,0,0.03,-0.012,-1.001,0.2,-0.6,0.1
23.6676083,0,0.01,18.9,0,0,0.03,-0.012,-1.001,0.2,-0.6,0.1
23.6776083,0,0.01,18.9,0,0,0.03,-0.012,-1.001,0.2,-0.6,0.1
23.6876083,0,0,18.9,0,0,0.029,-0.014,-1.002,0.3,-0.6,0
23.6976083,0,0,18.9,0,0,0.029,-0.014,-1.002,0.3,-0.6,0
23.7076083,0,0,18.9,0,0,0.029,-0.014,-1.002,0.3,-0.6,0
23.7176083,0,0,18.9,0,0,0.029,-0.014,-1.002,0.3,-0.6,0
23.7276083,0,0,18.9,0,0,0.029,-0.014,-1.002,0.3,-0.6,0
23.7376083,0,0,18.8,0,0,0.029,-0.012,-1.001,0.3,-0.6,0
23.7476083,0,0,18.8,0,0,0.029,-0.012,-1.001,0.3,-0.6,0
23.7576083,0,0,18.8,0,0,0.029,-0.012,-1.001,0.3,-0.6,0
23.7676083,0,0,18.8,0,0,0.029,-0.012,-1.001,0.3,-0.6,0
23.7776083,0,0,18.8,0,0,0.029,-0.012,-1.001,0.3,-0.6,0
23.7876083,0,0,18.8,0,0,0.028,-0.014,-1.002,0.3,-0.5,0
23.7976083,0,0,18.8,0,0,0.028,-0.014,-1.002,0.3,-0.5,0
23.8076083,0,0,18.8,0,0,0.028,-0.014,-1.002,0.3,-0.5,0
23.8176083,0,0,18.8,0,0,0.028,-0.014,-1.002,0.3,-0.5,0
23.8276083,0,0,18.8,0,0,0.028,-0.014,-1.002,0.3,-0.5,0
23.8376083,0,0.01,18.8,0,0,0.029,-0.014,-1.001,0.3,-0.6,0
23.8476083,0,0.01,18.8,0,0,0.029,-0.014,-1.001,0.3,-0.6,0
23.8576083,0,0.01,18.8,0,0,0.029,-0.014,-1.001,0.3,-0.6,0
23.8676083,0,0.01,18.8,0,0,0.029,-0.014,-1.001,0.3,-0.6,0
23.8776083,0,0.01,18.8,0,0,0.029,-0.014,-1.001,0.3,-0.6,0
23.8876083,0,0,18.9,0,0,0.029,-0.013,-1.001,0.3,-0.6,0
23.8976083,0,0,18.9,0,0,0.029,-0.013,-1.001,0.3,-0.6,0
23.9076083,0,0,18.9,0,0,0.029,-0.013,-1.001,0.3,-0.6,0
23.9176083,0,0,18.9,0,0,0.029,-0.013,-1.001,0.3,-0.6,0
23.9276083,0,0,18.9,0,0,0.029,-0.013,-1.001,0.3,-0.6,0
23.9376083,0,0,18.8,0,0,0.028,-0.014,-1.001,0.3,-0.6,0
23.9476083,0,0,18.8,0,0,0.028,-0.014,-1.001,0.3,-0.6,0
23.9576083,0,0,18.8,0,0,0.028,-0.014,-1.001,0.3,-0.6,0
23.9676083,0,0,18.8,0,0,0.028,-0.014,-1.001,0.3,-0.6,0
23.9776083,0,0,18.8,0,0,0.028,-0.014,-1.001,0.3,-0.6,0
23.9876083,0,0,18.9,0,0,0.028,-0.012,-1.001,0.3,-0.6,0
23.9976083,0,0,18.9,0,0,0.028,-0.012,-1.001,0.3,-0.6,0
24.0076083,0,0,18.9,0,0,0.028,-0.012,-1.001,0.3,-0.6,0
24.0176083,0,0,18.9,0,0,0.028,-0.012,-1.001,0.3,-0.6,0
24.0276083,0,0,18.9,0,0,0.028,-0.012,-1.001,0.3,-0.6,0
24.0376083,0,0,18.9,0,0,0.031,-0.014,-1,0.3,-0.6,0
24.0476083,0,0,18.9,0,0,0.031,-0.014,-1,0.3,-0.6,0
24.0576083,0,0,18.9,0,0,0.031,-0.014,-1,0.3,-0.6,0
24.0676083,0,0,18.9,0,0,0.031,-0.014,-1,0.3,-0.6,0
24.0776083,0,0,18.9,0,0,0.031,-0.014,-1,0.3,-0.6,0
24.0876083,0,0.01,18.9,0,0,0.028,-0.013,-1,0.3,-0.6,0
24.0976083,0,0.01,18.9,0,0,0.028,-0.013,-1,0.3,-0.6,0
24.1076083,0,0.01,18.9,0,0,0.028,-0.013,-1,0.3,-0.6,0
24.1176083,0,0.01,18.9,0,0,0.028,-0.013,-1,0.3,-0.6,0
24.1276083,0,0.01,18.9,0,0,0.028,-0.013,-1,0.3,-0.6,0
24.1376083,0,0.01,18.8,0,0,0.028,-0.012,-1.001,0.3,-0.6,0
24.1476083,0,0.01,18.8,0,0,0.028,-0.012,-1.001,0.3,-0.6,0
24.1576083,0,0.01,18.8,0,0,0.028,-0.012,-1.001,0.3,-0.6,0
24.1676083,0,0.01,18.8,0,0,0.028,-0.012,-1.001,0.3,-0.6,0
24.1776083,0,0.01,18.8,0,0,0.028,-0.012,-1.001,0.3,-0.6,0
24.1876083,0,0,18.8,0,0,0.029,-0.014,-1,0.3,-0.6,0
24.1976083,0,0,18.8,0,0,0.029,-0.014,-1,0.3,-0.6,0
24.2076083,0,0,18.8,0,0,0.029,-0.014,-1,0.3,-0.6,0
24.2176083,0,0,18.8,0,0,0.029,-0.014,-1,0.3,-0.6,0
24.2276083,0,0,18.8,0,0,0.029,-0.014,-1,0.3,-0.6,0
24.2376083,0,0,18.8,0,0,0.029,-0.014,-1.001,0.3,-0.6,0
24.2476083,0,0,18.8,0,0,0.029,-0.014,-1.001,0.3,-0.6,0
24.2576083,0,0,18.8,0,0,0.029,-0.014,-1.001,0.3,-0.6,0
24.2676083,0,0,18.8,0,0,0.029,-0.014,-1.001,0.3,-0.6,0
24.2776083,0,0,18.8,0,0,0.029,-0.014,-1.001,0.3,-0.6,0
24.2876083,0,0,18.8,0,0,0.028,-0.013,-1.001,0.3,-0.4,0
24.2976083,0,0,18.8,0,0,0.028,-0.013,-1.001,0.3,-0.4,0
24.3076083,0,0,18.8,0,0,0.028,-0.013,-1.001,0.3,-0.4,0
24.3176083,0,0,18.8,0,0,0.028,-0.013,-1.001,0.3,-0.4,0
24.3276083,0,0,18.8,0,0,0.028,-0.013,-1.001,0.3,-0.4,0
24.3376083,0,0.01,18.8,0,0,0.029,-0.014,-1,0.4,-0.6,0
24.3476083,0,0.01,18.8,0,0,0.029,-0.014,-1,0.4,-0.6,0
24.3576083,0,0.01,18.8,0,0,0.029,-0.014,-1,0.4,-0.6,0
24.3676083,0,0.01,18.8,0,0,0.029,-0.014,-1,0.4,-0.6,0
24.3776083,0,0.01,18.8,0,0,0.029,-0.014,-1,0.4,-0.6,0
24.3876083,0,0,18.9,0,0,0.028,-0.014,-1,0.3,-0.6,0
24.3976083,0,0,18.9,0,0,0.028,-0.014,-1,0.3,-0.6,0
24.4076083,0,0,18.9,0,0,0.028,-0.014,-1,0.3,-0.6,0
24.4176083,0,0,18.9,0,0,0.028,-0.014,-1,0.3,-0.6,0
24.4276083,0,0,18.9,0,0,0.028,-0.014,-1,0.3,-0.6,0
24.4376083,0,0,18.9,0,0,0.028,-0.013,-0.999,0.3,-0.6,0
24.4476083,0,0,18.9,0,0,0.028,-0.013,-0.999,0.3,-0.6,0
24.4576083,0,0,18.9,0,0,0.028,-0.013,-0.999,0.3,-0.6,0
24.4676083,0,0,18.9,0,0,0.028,-0.013,-0.999,0.3,-0.6,0
24.4776083,0,0,18.9,0,0,0.028,-0.013,-0.999,0.3,-0.6,0
24.4876083,0,0,18.9,0,0,0.029,-0.014,-1,0.3,-0.6,0
24.4976083,0,0,18.9,0,0,0.029,-0.014,-1,0.3,-0.6,0
24.5076083,0,0,18.9,0,0,0.029,-0.014,-1,0.3,-0.6,0
24.5176083,0,0,18.9,0,0,0.029,-0.014,-1,0.3,-0.6,0
24.5276083,0,0,18.9,0,0,0.029,-0.014,-1,0.3,-0.6,0
24.5376083,0,0,18.8,0,0,0.029,-0.014,-1,0.3,-0.5,0
24.5476083,0,0,18.8,0,0,0.029,-0.014,-1,0.3,-0.5,0
24.5576083,0,0,18.8,0,0,0.029,-0.014,-1,0.3,-0.5,0
24.5676083,0,0,18.8,0,0,0.029,-0.014,-1,0.3,-0.5,0
24.5776083,0,0,18.8,0,0,0.029,-0.014,-1,0.3,-0.5,0
24.5876083,0,0.01,18.8,0,0,0.029,-0.013,-1.001,0.3,-0.6,0
24.5976083,0,0.01,18.8,0,0,0.029,-0.013,-1.001,0.3,-0.6,0
24.6076083,0,0.01,18.8,0,0,0.029,-0.013,-1.001,0.3,-0.6,0
24.6176083,0,0.01,18.8,0,0,0.029,-0.013,-1.001,0.3,-0.6,0
24.6276083,0,0.01,18.8,0,0,0.029,-0.013,-1.001,0.3,-0.6,0
24.6798581,0,0,18.9,0,0,0.028,-0.014,-1,0.3,-0.6,0
24.6898581,0,0,18.9,0,0,0.028,-0.014,-1,0.3,-0.6,0
24.6998581,0,0,18.9,0,0,0.028,-0.014,-1,0.3,-0.6,0
24.7098581,0,0,18.9,0,0,0.028,-0.014,-1,0.3,-0.6,0
24.7198581,0,0,18.9,0,0,0.028,-0.014,-1,0.3,-0.6,0
24.7298581,0,0,18.8,0,0,0.03,-0.012,-1,0.3,-0.6,0
24.7398581,0,0,18.8,0,0,0.03,-0.012,-1,0.3,-0.6,0
24.7498581,0,0,18.8,0,0,0.03,-0.012,-1,0.3,-0.6,0
24.7598581,0,0,18.8,0,0,0.03,-0.012,-1,0.3,-0.6,0
24.7698581,0,0,18.8,0,0,0.03,-0.012,-1,0.3,-0.6,0
24.7798581,0,0,18.8,0,0,0.028,-0.012,-1,0.2,-0.5,0
24.7898581,0,0,18.8,0,0,0.028,-0.012,-1,0.2,-0.5,0
24.7998581,0,0,18.8,0,0,0.028,-0.012,-1,0.2,-0.5,0
24.8098581,0,0,18.8,0,0,0.028,-0.012,-1,0.2,-0.5,0
24.8198581,0,0,18.8,0,0,0.028,-0.012,-1,0.2,-0.5,0
24.8298581,0,0,18.8,0,0,0.029,-0.014,-1.001,0.3,-0.5,0
24.8398581,0,0,18.8,0,0,0.029,-0.014,-1.001,0.3,-0.5,0
24.8498581,0,0,18.8,0,0,0.029,-0.014,-1.001,0.3,-0.5,0
24.8598581,0,0,18.8,0,0,0.029,-0.014,-1.001,0.3,-0.5,0
24.8698581,0,0,18.8,0,0,0.029,-0.014,-1.001,0.3,-0.5,0
24.8798581,0,0,18.9,0,0,0.028,-0.013,-1,0.3,-0.6,0
24.8898581,0,0,18.9,0,0,0.028,-0.013,-1,0.3,-0.6,0
24.8998581,0,0,18.9,0,0,0.028,-0.013,-1,0.3,-0.6,0
24.9098581,0,0,18.9,0,0,0.028,-0.013,-1,0.3,-0.6,0
24.9198581,0,0,18.9,0,0,0.028,-0.013,-1,0.3,-0.6,0
24.9298581,0,0,18.8,0,0,0.03,-0.013,-1,0.3,-0.7,0
24.9398581,0,0,18.8,0,0,0.03,-0.013,-1,0.3,-0.7,0
24.9498581,0,0,18.8,0,0,0.03,-0.013,-1,0.3,-0.7,0
24.9598581,0,0,18.8,0,0,0.03,-0.013,-1,0.3,-0.7,0
24.9698581,0,0,18.8,0,0,0.03,-0.013,-1,0.3,-0.7,0
24.9798581,0,0,18.9,0,0,0.027,-0.013,-0.999,0.3,-0.5,0
24.9898581,0,0,18.9,0,0,0.027,-0.013,-0.999,0.3,-0.5,0
24.9998581,0,0,18.9,0,0,0.027,-0.013,-0.999,0.3,-0.5,0
25.0098581,0,0,18.9,0,0,0.027,-0.013,-0.999,0.3,-0.5,0
25.0198581,0,0,18.9,0,0,0.027,-0.013,-0.999,0.3,-0.5,0
25.0298581,0,0.01,18.8,0,0,0.029,-0.015,-1.002,0.3,-0.6,0
25.0398581,0,0.01,18.8,0,0,0.029,-0.015,-1.002,0.3,-0.6,0
25.0498581,0,0.01,18.8,0,0,0.029,-0.015,-1.002,0.3,-0.6,0
25.0598581,0,0.01,18.8,0,0,0.029,-0.015,-1.002,0.3,-0.6,0
25.0698581,0,0.01,18.8,0,0,0.029,-0.015,-1.002,0.3,-0.6,0
25.0798581,0,0,18.9,0,0,0.029,-0.012,-1.001,0.3,-0.6,0
25.0898581,0,0,18.9,0,0,0.029,-0.012,-1.001,0.3,-0.6,0
25.0998581,0,0,18.9,0,0,0.029,-0.012,-1.001,0.3,-0.6,0
25.1098581,0,0,18.9,0,0,0.029,-0.012,-1.001,0.3,-0.6,0
25.1198581,0,0,18.9,0,0,0.029,-0.012,-1.001,0.3,-0.6,0
25.1298581,0,0,18.8,0,0,0.027,-0.015,-1.002,0.3,-0.6,0
25.1398581,0,0,18.8,0,0,0.027,-0.015,-1.002,0.3,-0.6,0
25.1498581,0,0,18.8,0,0,0.027,-0.015,-1.002,0.3,-0.6,0
25.1598581,0,0,18.8,0,0,0.027,-0.015,-1.002,0.3,-0.6,0
25.1698581,0,0,18.8,0,0,0.027,-0.015,-1.002,0.3,-0.6,0
25.1798581,0,0,18.8,0,0,0.028,-0.014,-1.001,0.3,-0.6,0
25.1898581,0,0,18.8,0,0,0.028,-0.014,-1.001,0.3,-0.6,0
25.1998581,0,0,18.8,0,0,0.028,-0.014,-1.001,0.3,-0.6,0
25.2098581,0,0,18.8,0,0,0.028,-0.014,-1.001,0.3,-0.6,0
25.2198581,0,0,18.8,0,0,0.028,-0.014,-1.001,0.3,-0.6,0
25.2298581,0,0,18.9,0,0,0.028,-0.014,-1.003,0.3,-0.6,0
25.2398581,0,0,18.9,0,0,0.028,-0.014,-1.003,0.3,-0.6,0
25.2498581,0,0,18.9,0,0,0.028,-0.014,-1.003,0.3,-0.6,0
25.2598581,0,0,18.9,0,0,0.028,-0.014,-1.003,0.3,-0.6,0
25.2698581,0,0,18.9,0,0,0.028,-0.014,-1.003,0.3,-0.6,0
25.2798581,0,0,18.9,0,0,0.029,-0.014,-1,0.3,-0.6,0
25.2898581,0,0,18.9,0,0,0.029,-0.014,-1,0.3,-0.6,0
25.2998581,0,0,18.9,0,0,0.029,-0.014,-1,0.3,-0.6,0
25.3098581,0,0,18.9,0,0,0.029,-0.014,-1,0.3,-0.6,0
25.3198581,0,0,18.9,0,0,0.029,-0.014,-1,0.3,-0.6,0
25.3298581,0,0,18.9,0,0,0.028,-0.013,-1.001,0.3,-0.6,0
25.3398581,0,0,18.9,0,0,0.028,-0.013,-1.001,0.3,-0.6,0
25.3498581,0,0,18.9,0,0,0.028,-0.013,-1.001,0.3,-0.6,0
25.3598581,0,0,18.9,0,0,0.028,-0.013,-1.001,0.3,-0.6,0
25.3698581,0,0,18.9,0,0,0.028,-0.013,-1.001,0.3,-0.6,0
25.3798581,0,0,18.9,0,0,0.029,-0.012,-0.999,0.2,-0.5,0
25.3898581,0,0,18.9,0,0,0.029,-0.012,-0.999,0.2,-0.5,0
25.3998581,0,0,18.9,0,0,0.029,-0.012,-0.999,0.2,-0.5,0
25.4098581,0,0,18.9,0,0,0.029,-0.012,-0.999,0.2,-0.5,0
25.4198581,0,0,18.9,0,0,0.029,-0.012,-0.999,0.2,-0.5,0
25.4298581,0,0,18.8,0,0,0.028,-0.015,-1,0.3,-0.6,0
25.4398581,0,0,18.8,0,0,0.028,-0.015,-1,0.3,-0.6,0
25.4498581,0,0,18.8,0,0,0.028,-0.015,-1,0.3,-0.6,0
25.4598581,0,0,18.8,0,0,0.028,-0.015,-1,0.3,-0.6,0
25.4698581,0,0,18.8,0,0,0.028,-0.015,-1,0.3,-0.6,0
25.4798581,0,0,18.9,0,0,0.029,-0.014,-0.999,0.3,-0.5,0
25.4898581,0,0,18.9,0,0,0.029,-0.014,-0.999,0.3,-0.5,0
25.4998581,0,0,18.9,0,0,0.029,-0.014,-0.999,0.3,-0.5,0
25.5098581,0,0,18.9,0,0,0.029,-0.014,-0.999,0.3,-0.5,0
25.5198581,0,0,18.9,0,0,0.029,-0.014,-0.999,0.3,-0.5,0
25.5298581,0,0,18.8,0,0,0.028,-0.012,-1,0.2,-0.6,0
25.5398581,0,0,18.8,0,0,0.028,-0.012,-1,0.2,-0.6,0
25.5498581,0,0,18.8,0,0,0.028,-0.012,-1,0.2,-0.6,0
25.5598581,0,0,18.8,0,0,0.028,-0.012,-1,0.2,-0.6,0
25.5698581,0,0,18.8,0,0,0.028,-0.012,-1,0.2,-0.6,0
25.5798581,0,0,18.9,0,0,0.028,-0.013,-1,0.3,-0.6,0
25.5898581,0,0,18.9,0,0,0.028,-0.013,-1,0.3,-0.6,0
25.5998581,0,0,18.9,0,0,0.028,-0.013,-1,0.3,-0.6,0
25.6098581,0,0,18.9,0,0,0.028,-0.013,-1,0.3,-0.6,0
25.6198581,0,0,18.9,0,0,0.028,-0.013,-1,0.3,-0.6,0
25.6298581,0,0,18.8,0,0,0.028,-0.013,-1.001,0.3,-0.6,0.1
25.6398581,0,0,18.8,0,0,0.028,-0.013,-1.001,0.3,-0.6,0.1
25.6498581,0,0,18.8,0,0,0.028,-0.013,-1.001,0.3,-0.6,0.1
25.6598581,0,0,18.8,0,0,0.028,-0.013,-1.001,0.3,-0.6,0.1
25.6698581,0,0,18.8,0,0,0.028,-0.013,-1.001,0.3,-0.6,0.1
25.6798581,0,0,18.9,0,0,0.028,-0.013,-0.999,0.3,-0.5,0
25.6898581,0,0,18.9,0,0,0.028,-0.013,-0.999,0.3,-0.5,0
25.6998581,0,0,18.9,0,0,0.028,-0.013,-0.999,0.3,-0.5,0
25.7098581,0,0,18.9,0,0,0.028,-0.013,-0.999,0.3,-0.5,0
25.7198581,0,0,18.9,0,0,0.028,-0.013,-0.999,0.3,-0.5,0
25.7298581,0,0,18.9,0,0,0.028,-0.013,-1.001,0.2,-0.6,0
25.7398581,0,0,18.9,0,0,0.028,-0.013,-1.001,0.2,-0.6,0
25.7498581,0,0,18.9,0,0,0.028,-0.013,-1.001,0.2,-0.6,0
25.7598581,0,0,18.9,0,0,0.028,-0.013,-1.001,0.2,-0.6,0
25.7698581,0,0,18.9,0,0,0.028,-0.013,-1.001,0.2,-0.6,0
25.7798581,0,0.01,18.8,0,0,0.029,-0.013,-1,0.3,-0.6,0
25.7898581,0,0.01,18.8,0,0,0.029,-0.013,-1,0.3,-0.6,0
25.7998581,0,0.01,18.8,0,0,0.029,-0.013,-1,0.3,-0.6,0
25.8098581,0,0.01,18.8,0,0,0.029,-0.013,-1,0.3,-0.6,0
25.8198581,0,0.01,18.8,0,0,0.029,-0.013,-1,0.3,-0.6,0
25.8298581,0,0.01,18.8,0,0,0.026,-0.013,-1.001,0.2,-0.6,0
25.8398581,0,0.01,18.8,0,0,0.026,-0.013,-1.001,0.2,-0.6,0
25.8498581,0,0.01,18.8,0,0,0.026,-0.013,-1.001,0.2,-0.6,0
25.8598581,0,0.01,18.8,0,0,0.026,-0.013,-1.001,0.2,-0.6,0
25.8698581,0,0.01,18.8,0,0,0.026,-0.013,-1.001,0.2,-0.6,0
25.8798581,0,0,18.9,0,0,0.029,-0.014,-1,0.2,-0.6,0
25.8898581,0,0,18.9,0,0,0.029,-0.014,-1,0.2,-0.6,0
25.8998581,0,0,18.9,0,0,0.029,-0.014,-1,0.2,-0.6,0
25.9098581,0,0,18.9,0,0,0.029,-0.014,-1,0.2,-0.6,0
25.9198581,0,0,18.9,0,0,0.029,-0.014,-1,0.2,-0.6,0
27.8156332,0,0,18.9,0,0,0.028,-0.012,-1.001,0.3,-0.6,0
27.8256332,0,0,18.9,0,0,0.028,-0.012,-1.001,0.3,-0.6,0
27.8356332,0,0,18.9,0,0,0.028,-0.012,-1.001,0.3,-0.6,0
27.8456332,0,0,18.9,0,0,0.028,-0.012,-1.001,0.3,-0.6,0
27.8556332,0,0,18.9,0,0,0.028,-0.012,-1.001,0.3,-0.6,0
27.9919783,0,0,18.9,0,0,0.029,-0.014,-1.001,0.2,-0.6,0
28.0019783,0,0,18.9,0,0,0.029,-0.014,-1.001,0.2,-0.6,0
28.0119783,0,0,18.9,0,0,0.029,-0.014,-1.001,0.2,-0.6,0
28.0219783,0,0,18.9,0,0,0.029,-0.014,-1.001,0.2,-0.6,0
28.0319783,0,0,18.9,0,0,0.029,-0.014,-1.001,0.2,-0.6,0
28.0419783,0,0,18.9,0,0,0.029,-0.012,-1,0.3,-0.6,0
28.0519783,0,0,18.9,0,0,0.029,-0.012,-1,0.3,-0.6,0
28.0619783,0,0,18.9,0,0,0.029,-0.012,-1,0.3,-0.6,0
28.0719783,0,0,18.9,0,0,0.029,-0.012,-1,0.3,-0.6,0
28.0819783,0,0,18.9,0,0,0.029,-0.012,-1,0.3,-0.6,0
28.0919783,0,0,18.8,0,0,0.03,-0.016,-1.001,0.3,-0.6,0
28.1019783,0,0,18.8,0,0,0.03,-0.016,-1.001,0.3,-0.6,0
28.1119783,0,0,18.8,0,0,0.03,-0.016,-1.001,0.3,-0.6,0
28.1219783,0,0,18.8,0,0,0.03,-0.016,-1.001,0.3,-0.6,0
28.1319783,0,0,18.8,0,0,0.03,-0.016,-1.001,0.3,-0.6,0
28.1419783,0,0,18.8,0,0,0.029,-0.013,-1.001,0.2,-0.6,0
28.1519783,0,0,18.8,0,0,0.029,-0.013,-1.001,0.2,-0.6,0
28.1619783,0,0,18.8,0,0,0.029,-0.013,-1.001,0.2,-0.6,0
28.1719783,0,0,18.8,0,0,0.029,-0.013,-1.001,0.2,-0.6,0
28.1819783,0,0,18.8,0,0,0.029,-0.013,-1.001,0.2,-0.6,0
28.2124673,0,0,18.9,0,0,0.029,-0.013,-1.001,0.3,-0.6,0
28.2224673,0,0,18.9,0,0,0.029,-0.013,-1.001,0.3,-0.6,0
28.2324673,0,0,18.9,0,0,0.029,-0.013,-1.001,0.3,-0.6,0
28.2424673,0,0,18.9,0,0,0.029,-0.013,-1.001,0.3,-0.6,0
28.2524673,0,0,18.9,0,0,0.029,-0.013,-1.001,0.3,-0.6,0
28.2624673,0,0,18.9,0,0,0.028,-0.013,-1.004,0.2,-0.6,0
28.2724673,0,0,18.9,0,0,0.028,-0.013,-1.004,0.2,-0.6,0
28.2824673,0,0,18.9,0,0,0.028,-0.013,-1.004,0.2,-0.6,0
28.2924673,0,0,18.9,0,0,0.028,-0.013,-1.004,0.2,-0.6,0
28.3024673,0,0,18.9,0,0,0.028,-0.013,-1.004,0.2,-0.6,0
28.3124673,0,0,18.9,0,0,0.031,-0.013,-1,0.4,-0.6,0
28.3224673,0,0,18.9,0,0,0.031,-0.013,-1,0.4,-0.6,0
28.3324673,0,0,18.9,0,0,0.031,-0.013,-1,0.4,-0.6,0
28.3424673,0,0,18.9,0,0,0.031,-0.013,-1,0.4,-0.6,0
28.3524673,0,0,18.9,0,0,0.031,-0.013,-1,0.4,-0.6,0
28.3624673,0,0.01,18.8,0,0,0.028,-0.013,-1,0.3,-0.5,0
28.3724673,0,0.01,18.8,0,0,0.028,-0.013,-1,0.3,-0.5,0
28.3824673,0,0.01,18.8,0,0,0.028,-0.013,-1,0.3,-0.5,0
28.3924673,0,0.01,18.8,0,0,0.028,-0.013,-1,0.3,-0.5,0
28.4024673,0,0.01,18.8,0,0,0.028,-0.013,-1,0.3,-0.5,0
28.4124673,0,0,18.9,0,0,0.029,-0.013,-1.002,0.3,-0.6,0
28.4224673,0,0,18.9,0,0,0.029,-0.013,-1.002,0.3,-0.6,0
28.4324673,0,0,18.9,0,0,0.029,-0.013,-1.002,0.3,-0.6,0
28.4424673,0,0,18.9,0,0,0.029,-0.013,-1.002,0.3,-0.6,0
28.4524673,0,0,18.9,0,0,0.029,-0.013,-1.002,0.3,-0.6,0
28.4624673,0,0.01,18.8,0,0,0.029,-0.013,-1,0.3,-0.6,0
28.4724673,0,0.01,18.8,0,0,0.029,-0.013,-1,0.3,-0.6,0
28.4824673,0,0.01,18.8,0,0,0.029,-0.013,-1,0.3,-0.6,0
28.4924673,0,0.01,18.8,0,0,0.029,-0.013,-1,0.3,-0.6,0
28.5024673,0,0.01,18.8,0,0,0.029,-0.013,-1,0.3,-0.6,0
28.5124673,0,0,18.9,0,0,0.029,-0.013,-1,0.3,-0.6,0
28.5224673,0,0,18.9,0,0,0.029,-0.013,-1,0.3,-0.6,0
28.5324673,0,0,18.9,0,0,0.029,-0.013,-1,0.3,-0.6,0
28.5424673,0,0,18.9,0,0,0.029,-0.013,-1,0.3,-0.6,0
28.5524673,0,0,18.9,0,0,0.029,-0.013,-1,0.3,-0.6,0
28.5624673,0,0,18.8,0,0,0.028,-0.014,-1.002,0.2,-0.6,0
28.5724673,0,0,18.8,0,0,0.028,-0.014,-1.002,0.2,-0.6,0
28.5824673,0,0,18.8,0,0,0.028,-0.014,-1.002,0.2,-0.6,0
28.5924673,0,0,18.8,0,0,0.028,-0.014,-1.002,0.2,-0.6,0
28.6024673,0,0,18.8,0,0,0.028,-0.014,-1.002,0.2,-0.6,0
28.6124673,0,0.01,18.8,0,0,0.029,-0.013,-1.001,0.3,-0.6,0
28.6224673,0,0.01,18.8,0,0,0.029,-0.013,-1.001,0.3,-0.6,0
28.6324673,0,0.01,18.8,0,0,0.029,-0.013,-1.001,0.3,-0.6,0
28.6424673,0,0.01,18.8,0,0,0.029,-0.013,-1.001,0.3,-0.6,0
28.6524673,0,0.01,18.8,0,0,0.029,-0.013,-1.001,0.3,-0.6,0
28.6624673,0,0,18.9,0,0,0.029,-0.012,-1,0.3,-0.6,0
28.6724673,0,0,18.9,0,0,0.029,-0.012,-1,0.3,-0.6,0
28.6824673,0,0,18.9,0,0,0.029,-0.012,-1,0.3,-0.6,0
28.6924673,0,0,18.9,0,0,0.029,-0.012,-1,0.3,-0.6,0
28.7024673,0,0,18.9,0,0,0.029,-0.012,-1,0.3,-0.6,0
28.7124673,0,0,18.8,0,0,0.029,-0.014,-1,0.3,-0.6,0
28.7224673,0,0,18.8,0,0,0.029,-0.014,-1,0.3,-0.6,0
28.7324673,0,0,18.8,0,0,0.029,-0.014,-1,0.3,-0.6,0
28.7424673,0,0,18.8,0,0,0.029,-0.014,-1,0.3,-0.6,0
28.7524673,0,0,18.8,0,0,0.029,-0.014,-1,0.3,-0.6,0
28.7624673,0,0,18.9,0,0,0.029,-0.014,-1.002,0.3,-0.7,0
28.7724673,0,0,18.9,0,0,0.029,-0.014,-1.002,0.3,-0.7,0
28.7824673,0,0,18.9,0,0,0.029,-0.014,-1.002,0.3,-0.7,0
28.7924673,0,0,18.9,0,0,0.029,-0.014,-1.002,0.3,-0.7,0
28.8024673,0,0,18.9,0,0,0.029,-0.014,-1.002,0.3,-0.7,0
28.8124673,0,0.01,18.8,0,0,0.029,-0.013,-1,0.3,-0.6,0
28.8224673,0,0.01,18.8,0,0,0.029,-0.013,-1,0.3,-0.6,0
28.8324673,0,0.01,18.8,0,0,0.029,-0.013,-1,0.3,-0.6,0
28.8424673,0,0.01,18.8,0,0,0.029,-0.013,-1,0.3,-0.6,0
28.8524673,0,0.01,18.8,0,0,0.029,-0.013,-1,0.3,-0.6,0
28.8637866,0,0,18.9,0,0,0.029,-0.016,-0.999,0.2,-0.6,0
28.8737866,0,0,18.9,0,0,0.029,-0.016,-0.999,0.2,-0.6,0
28.8837866,0,0,18.9,0,0,0.029,-0.016,-0.999,0.2,-0.6,0
28.8937866,0,0,18.9,0,0,0.029,-0.016,-0.999,0.2,-0.6,0
28.9037866,0,0,18.9,0,0,0.029,-0.016,-0.999,0.2,-0.6,0
28.9226119,0,0,18.9,0,0,0.029,-0.012,-1.002,0.3,-0.6,0
28.9326119,0,0,18.9,0,0,0.029,-0.012,-1.002,0.3,-0.6,0
28.9426119,0,0,18.9,0,0,0.029,-0.012,-1.002,0.3,-0.6,0
28.9526119,0,0,18.9,0,0,0.029,-0.012,-1.002,0.3,-0.6,0
28.9626119,0,0,18.9,0,0,0.029,-0.012,-1.002,0.3,-0.6,0
29.0022314,0,0,18.9,0,0,0.028,-0.013,-1.003,0.3,-0.5,0
29.0122314,0,0,18.9,0,0,0.028,-0.013,-1.003,0.3,-0.5,0
29.0222314,0,0,18.9,0,0,0.028,-0.013,-1.003,0.3,-0.5,0
29.0322314,0,0,18.9,0,0,0.028,-0.013,-1.003,0.3,-0.5,0
29.0422314,0,0,18.9,0,0,0.028,-0.013,-1.003,0.3,-0.5,0
29.0875236,0,0,18.9,0,0,0.028,-0.014,-1.001,0.3,-0.6,0
29.0975236,0,0,18.9,0,0,0.028,-0.014,-1.001,0.3,-0.6,0
29.1075236,0,0,18.9,0,0,0.028,-0.014,-1.001,0.3,-0.6,0
29.1175236,0,0,18.9,0,0,0.028,-0.014,-1.001,0.3,-0.6,0
29.1275236,0,0,18.9,0,0,0.028,-0.014,-1.001,0.3,-0.6,0
29.1643005,0,0,18.9,0,0,0.028,-0.013,-1,0.2,-0.6,0
29.1743005,0,0,18.9,0,0,0.028,-0.013,-1,0.2,-0.6,0
29.1843005,0,0,18.9,0,0,0.028,-0.013,-1,0.2,-0.6,0
29.1943005,0,0,18.9,0,0,0.028,-0.013,-1,0.2,-0.6,0
29.2043005,0,0,18.9,0,0,0.028,-0.013,-1,0.2,-0.6,0
29.2308023,0,0.01,18.9,0,0,0.028,-0.013,-0.999,0.3,-0.6,0
29.2408023,0,0.01,18.9,0,0,0.028,-0.013,-0.999,0.3,-0.6,0
29.2508023,0,0.01,18.9,0,0,0.028,-0.013,-0.999,0.3,-0.6,0
29.2608023,0,0.01,18.9,0,0,0.028,-0.013,-0.999,0.3,-0.6,0
29.2708023,0,0.01,18.9,0,0,0.028,-0.013,-0.999,0.3,-0.6,0
29.2808023,0,0,18.8,0,0,0.028,-0.015,-1,0.2,-0.6,0
29.2908023,0,0,18.8,0,0,0.028,-0.015,-1,0.2,-0.6,0
29.3008023,0,0,18.8,0,0,0.028,-0.015,-1,0.2,-0.6,0
29.3108023,0,0,18.8,0,0,0.028,-0.015,-1,0.2,-0.6,0
29.3208023,0,0,18.8,0,0,0.028,-0.015,-1,0.2,-0.6,0
29.3308023,0,0.01,18.8,0,0,0.028,-0.013,-1,0.3,-0.6,0
29.3408023,0,0.01,18.8,0,0,0.028,-0.013,-1,0.3,-0.6,0
29.3508023,0,0.01,18.8,0,0,0.028,-0.013,-1,0.3,-0.6,0
29.3608023,0,0.01,18.8,0,0,0.028,-0.013,-1,0.3,-0.6,0
29.3708023,0,0.01,18.8,0,0,0.028,-0.013,-1,0.3,-0.6,0
29.3890857,0,0.01,18.8,0,0,0.03,-0.013,-1.002,0.3,-0.6,0
29.3990857,0,0.01,18.8,0,0,0.03,-0.013,-1.002,0.3,-0.6,0
29.4090857,0,0.01,18.8,0,0,0.03,-0.013,-1.002,0.3,-0.6,0
29.4190857,0,0.01,18.8,0,0,0.03,-0.013,-1.002,0.3,-0.6,0
29.4290857,0,0.01,18.8,0,0,0.03,-0.013,-1.002,0.3,-0.6,0
29.4529745,0,0,18.9,0,0,0.028,-0.014,-1.001,0.3,-0.6,0
29.4629745,0,0,18.9,0,0,0.028,-0.014,-1.001,0.3,-0.6,0
29.4729745,0,0,18.9,0,0,0.028,-0.014,-1.001,0.3,-0.6,0
29.4829745,0,0,18.9,0,0,0.028,-0.014,-1.001,0.3,-0.6,0
29.4929745,0,0,18.9,0,0,0.028,-0.014,-1.001,0.3,-0.6,0
29.5530291,0,0,18.8,0,0,0.029,-0.014,-0.999,0.3,-0.6,0
29.5630291,0,0,18.8,0,0,0.029,-0.014,-0.999,0.3,-0.6,0
29.5730291,0,0,18.8,0,0,0.029,-0.014,-0.999,0.3,-0.6,0
29.5830291,0,0,18.8,0,0,0.029,-0.014,-0.999,0.3,-0.6,0
29.5930291,0,0,18.8,0,0,0.029,-0.014,-0.999,0.3,-0.6,0
29.6030291,0,0,18.9,0,0,0.028,-0.01,-1,0.3,-0.6,0
29.6130291,0,0,18.9,0,0,0.028,-0.01,-1,0.3,-0.6,0
29.6230291,0,0,18.9,0,0,0.028,-0.01,-1,0.3,-0.6,0
29.6330291,0,0,18.9,0,0,0.028,-0.01,-1,0.3,-0.6,0
29.6430291,0,0,18.9,0,0,0.028,-0.01,-1,0.3,-0.6,0
29.6530291,0,0,18.8,0,0,0.029,-0.016,-1.002,0.3,-0.5,0
29.6630291,0,0,18.8,0,0,0.029,-0.016,-1.002,0.3,-0.5,0
29.6730291,0,0,18.8,0,0,0.029,-0.016,-1.002,0.3,-0.5,0
29.6830291,0,0,18.8,0,0,0.029,-0.016,-1.002,0.3,-0.5,0
29.6930291,0,0,18.8,0,0,0.029,-0.016,-1.002,0.3,-0.5,0
29.7030291,0,0.01,18.8,0,0,0.029,-0.013,-1,0.4,-0.6,0
29.7130291,0,0.01,18.8,0,0,0.029,-0.013,-1,0.4,-0.6,0
29.7230291,0,0.01,18.8,0,0,0.029,-0.013,-1,0.4,-0.6,0
29.7330291,0,0.01,18.8,0,0,0.029,-0.013,-1,0.4,-0.6,0
29.7430291,0,0.01,18.8,0,0,0.029,-0.013,-1,0.4,-0.6,0
29.7530291,0,0,18.9,0,0,0.028,-0.013,-1,0.3,-0.6,0
29.7630291,0,0,18.9,0,0,0.028,-0.013,-1,0.3,-0.6,0
29.7730291,0,0,18.9,0,0,0.028,-0.013,-1,0.3,-0.6,0
29.7830291,0,0,18.9,0,0,0.028,-0.013,-1,0.3,-0.6,0
29.7930291,0,0,18.9,0,0,0.028,-0.013,-1,0.3,-0.6,0
29.8030291,0,0,18.8,0,0,0.029,-0.013,-1,0.3,-0.6,0
29.8130291,0,0,18.8,0,0,0.029,-0.013,-1,0.3,-0.6,0
29.8230291,0,0,18.8,0,0,0.029,-0.013,-1,0.3,-0.6,0
29.8330291,0,0,18.8,0,0,0.029,-0.013,-1,0.3,-0.6,0
29.8430291,0,0,18.8,0,0,0.029,-0.013,-1,0.3,-0.6,0
29.8530291,0,0,18.9,0,0,0.029,-0.013,-1,0.3,-0.6,0
29.8630291,0,0,18.9,0,0,0.029,-0.013,-1,0.3,-0.6,0
29.8730291,0,0,18.9,0,0,0.029,-0.013,-1,0.3,-0.6,0
29.8830291,0,0,18.9,0,0,0.029,-0.013,-1,0.3,-0.6,0
29.8930291,0,0,18.9,0,0,0.029,-0.013,-1,0.3,-0.6,0
29.9030291,0,0,18.9,0,0,0.028,-0.014,-1.001,0.3,-0.6,0
29.9130291,0,0,18.9,0,0,0.028,-0.014,-1.001,0.3,-0.6,0
29.9230291,0,0,18.9,0,0,0.028,-0.014,-1.001,0.3,-0.6,0
29.9330291,0,0,18.9,0,0,0.028,-0.014,-1.001,0.3,-0.6,0
29.9430291,0,0,18.9,0,0,0.028,-0.014,-1.001,0.3,-0.6,0
29.9530291,0,0.01,18.8,0,0,0.028,-0.013,-1.001,0.2,-0.7,0
29.9630291,0,0.01,18.8,0,0,0.028,-0.013,-1.001,0.2,-0.7,0
29.9730291,0,0.01,18.8,0,0,0.028,-0.013,-1.001,0.2,-0.7,0
29.9830291,0,0.01,18.8,0,0,0.028,-0.013,-1.001,0.2,-0.7,0
29.9930291,0,0.01,18.8,0,0,0.028,-0.013,-1.001,0.2,-0.7,0
30.0030291,0,0,18.9,0,0,0.029,-0.014,-1.001,0.3,-0.6,0
30.0130291,0,0,18.9,0,0,0.029,-0.014,-1.001,0.3,-0.6,0
30.0230291,0,0,18.9,0,0,0.029,-0.014,-1.001,0.3,-0.6,0
30.0330291,0,0,18.9,0,0,0.029,-0.014,-1.001,0.3,-0.6,0
30.0430291,0,0,18.9,0,0,0.029,-0.014,-1.001,0.3,-0.6,0
30.0530291,0,0,18.8,0,0,0.027,-0.012,-1,0.3,-0.5,0
30.0630291,0,0,18.8,0,0,0.027,-0.012,-1,0.3,-0.5,0
30.0730291,0,0,18.8,0,0,0.027,-0.012,-1,0.3,-0.5,0
30.0830291,0,0,18.8,0,0,0.027,-0.012,-1,0.3,-0.5,0
30.0930291,0,0,18.8,0,0,0.027,-0.012,-1,0.3,-0.5,0
30.1030291,0,0,18.9,0,0,0.029,-0.014,-1.001,0.2,-0.6,0
30.1130291,0,0,18.9,0,0,0.029,-0.014,-1.001,0.2,-0.6,0
30.1230291,0,0,18.9,0,0,0.029,-0.014,-1.001,0.2,-0.6,0
30.1330291,0,0,18.9,0,0,0.029,-0.014,-1.001,0.2,-0.6,0
30.1430291,0,0,18.9,0,0,0.029,-0.014,-1.001,0.2,-0.6,0
30.1530291,0,0,18.9,0,0,0.029,-0.013,-1,0.3,-0.6,0
30.1630291,0,0,18.9,0,0,0.029,-0.013,-1,0.3,-0.6,0
30.1730291,0,0,18.9,0,0,0.029,-0.013,-1,0.3,-0.6,0
30.1830291,0,0,18.9,0,0,0.029,-0.013,-1,0.3,-0.6,0
30.1930291,0,0,18.9,0,0,0.029,-0.013,-1,0.3,-0.6,0
30.2030291,0,0,18.9,0,0,0.028,-0.012,-1.003,0.3,-0.5,0
30.2130291,0,0,18.9,0,0,0.028,-0.012,-1.003,0.3,-0.5,0
30.2230291,0,0,18.9,0,0,0.028,-0.012,-1.003,0.3,-0.5,0
30.2330291,0,0,18.9,0,0,0.028,-0.012,-1.003,0.3,-0.5,0
30.2430291,0,0,18.9,0,0,0.028,-0.012,-1.003,0.3,-0.5,0
30.2530291,0,0,18.9,0,0,0.029,-0.014,-1,0.2,-0.6,0
30.2630291,0,0,18.9,0,0,0.029,-0.014,-1,0.2,-0.6,0
30.2730291,0,0,18.9,0,0,0.029,-0.014,-1,0.2,-0.6,0
30.2830291,0,0,18.9,0,0,0.029,-0.014,-1,0.2,-0.6,0
30.2930291,0,0,18.9,0,0,0.029,-0.014,-1,0.2,-0.6,0
30.3030291,0,0,18.8,0,0,0.029,-0.015,-1.002,0.3,-0.6,0
30.3130291,0,0,18.8,0,0,0.029,-0.015,-1.002,0.3,-0.6,0
30.3230291,0,0,18.8,0,0,0.029,-0.015,-1.002,0.3,-0.6,0
30.3330291,0,0,18.8,0,0,0.029,-0.015,-1.002,0.3,-0.6,0
30.3430291,0,0,18.8,0,0,0.029,-0.015,-1.002,0.3,-0.6,0
30.3530291,0,0,18.8,0,0,0.027,-0.011,-1.002,0.3,-0.6,0
30.3630291,0,0,18.8,0,0,0.027,-0.011,-1.002,0.3,-0.6,0
30.3730291,0,0,18.8,0,0,0.027,-0.011,-1.002,0.3,-0.6,0
30.3830291,0,0,18.8,0,0,0.027,-0.011,-1.002,0.3,-0.6,0
30.3930291,0,0,18.8,0,0,0.027,-0.011,-1.002,0.3,-0.6,0
30.4030291,0,0,18.9,0,0,0.027,-0.014,-1.001,0.3,-0.6,0
30.4130291,0,0,18.9,0,0,0.027,-0.014,-1.001,0.3,-0.6,0
30.4230291,0,0,18.9,0,0,0.027,-0.014,-1.001,0.3,-0.6,0
30.4330291,0,0,18.9,0,0,0.027,-0.014,-1.001,0.3,-0.6,0
30.4430291,0,0,18.9,0,0,0.027,-0.014,-1.001,0.3,-0.6,0
30.4530291,0,0,18.9,0,0,0.03,-0.012,-1.002,0.3,-0.6,0
30.4630291,0,0,18.9,0,0,0.03,-0.012,-1.002,0.3,-0.6,0
30.4730291,0,0,18.9,0,0,0.03,-0.012,-1.002,0.3,-0.6,0
30.4830291,0,0,18.9,0,0,0.03,-0.012,-1.002,0.3,-0.6,0
30.4930291,0,0,18.9,0,0,0.03,-0.012,-1.002,0.3,-0.6,0
30.5030291,0,0,18.8,0,0,0.028,-0.015,-1.001,0.3,-0.6,0
30.5130291,0,0,18.8,0,0,0.028,-0.015,-1.001,0.3,-0.6,0
30.5230291,0,0,18.8,0,0,0.028,-0.015,-1.001,0.3,-0.6,0
30.5330291,0,0,18.8,0,0,0.028,-0.015,-1.001,0.3,-0.6,0
30.5430291,0,0,18.8,0,0,0.028,-0.015,-1.001,0.3,-0.6,0
30.5530291,0,0,18.8,0,0,0.027,-0.012,-1.001,0.2,-0.6,0
30.5630291,0,0,18.8,0,0,0.027,-0.012,-1.001,0.2,-0.6,0
30.5730291,0,0,18.8,0,0,0.027,-0.012,-1.001,0.2,-0.6,0
30.5830291,0,0,18.8,0,0,0.027,-0.012,-1.001,0.2,-0.6,0
30.5930291,0,0,18.8,0,0,0.027,-0.012,-1.001,0.2,-0.6,0
30.6030291,0,0,18.9,0,0,0.029,-0.016,-1.002,0.3,-0.6,0
30.6130291,0,0,18.9,0,0,0.029,-0.016,-1.002,0.3,-0.6,0
30.6230291,0,0,18.9,0,0,0.029,-0.016,-1.002,0.3,-0.6,0
30.6330291,0,0,18.9,0,0,0.029,-0.016,-1.002,0.3,-0.6,0
30.6430291,0,0,18.9,0,0,0.029,-0.016,-1.002,0.3,-0.6,0
30.6530291,0,0,18.9,0,0,0.028,-0.012,-1.002,0.3,-0.6,0
30.6630291,0,0,18.9,0,0,0.028,-0.012,-1.002,0.3,-0.6,0
30.6730291,0,0,18.9,0,0,0.028,-0.012,-1.002,0.3,-0.6,0
30.6830291,0,0,18.9,0,0,0.028,-0.012,-1.002,0.3,-0.6,0
30.6930291,0,0,18.9,0,0,0.028,-0.012,-1.002,0.3,-0.6,0
30.7030291,0,0,18.9,0,0,0.028,-0.014,-1,0.3,-0.6,0
30.7130291,0,0,18.9,0,0,0.028,-0.014,-1,0.3,-0.6,0
30.7230291,0,0,18.9,0,0,0.028,-0.014,-1,0.3,-0.6,0
30.7330291,0,0,18.9,0,0,0.028,-0.014,-1,0.3,-0.6,0
30.7430291,0,0,18.9,0,0,0.028,-0.014,-1,0.3,-0.6,0
30.7530291,0,0.01,18.8,0,0,0.029,-0.013,-1,0.3,-0.6,0
30.7630291,0,0.01,18.8,0,0,0.029,-0.013,-1,0.3,-0.6,0
30.7730291,0,0.01,18.8,0,0,0.029,-0.013,-1,0.3,-0.6,0
30.7830291,0,0.01,18.8,0,0,0.029,-0.013,-1,0.3,-0.6,0
30.7930291,0,0.01,18.8,0,0,0.029,-0.013,-1,0.3,-0.6,0
30.8030291,0,0,18.9,0,0,0.028,-0.013,-1.001,0.3,-0.6,0
30.8130291,0,0,18.9,0,0,0.028,-0.013,-1.001,0.3,-0.6,0
30.8230291,0,0,18.9,0,0,0.028,-0.013,-1.001,0.3,-0.6,0
30.8330291,0,0,18.9,0,0,0.028,-0.013,-1.001,0.3,-0.6,0
30.8430291,0,0,18.9,0,0,0.028,-0.013,-1.001,0.3,-0.6,0
30.8530291,0,0,18.9,0,0,0.03,-0.014,-1,0.3,-0.5,0
30.8630291,0,0,18.9,0,0,0.03,-0.014,-1,0.3,-0.5,0
30.8730291,0,0,18.9,0,0,0.03,-0.014,-1,0.3,-0.5,0
30.8830291,0,0,18.9,0,0,0.03,-0.014,-1,0.3,-0.5,0
30.8930291,0,0,18.9,0,0,0.03,-0.014,-1,0.3,-0.5,0
30.9030291,0,0,18.9,0,0,0.029,-0.013,-0.999,0.3,-0.6,0
30.9130291,0,0,18.9,0,0,0.029,-0.013,-0.999,0.3,-0.6,0
30.9230291,0,0,18.9,0,0,0.029,-0.013,-0.999,0.3,-0.6,0
30.9330291,0,0,18.9,0,0,0.029,-0.013,-0.999,0.3,-0.6,0
30.9430291,0,0,18.9,0,0,0.029,-0.013,-0.999,0.3,-0.6,0
30.9530291,0,0.01,18.8,0,0,0.029,-0.013,-1.001,0.2,-0.6,0
30.9630291,0,0.01,18.8,0,0,0.029,-0.013,-1.001,0.2,-0.6,0
30.9730291,0,0.01,18.8,0,0,0.029,-0.013,-1.001,0.2,-0.6,0
30.9830291,0,0.01,18.8,0,0,0.029,-0.013,-1.001,0.2,-0.6,0
30.9930291,0,0.01,18.8,0,0,0.029,-0.013,-1.001,0.2,-0.6,0
31.0030291,0,0,18.9,0,0,0.027,-0.013,-1.003,0.3,-0.6,0.1
31.0130291,0,0,18.9,0,0,0.027,-0.013,-1.003,0.3,-0.6,0.1
31.0230291,0,0,18.9,0,0,0.027,-0.013,-1.003,0.3,-0.6,0.1
31.0330291,0,0,18.9,0,0,0.027,-0.013,-1.003,0.3,-0.6,0.1
31.0430291,0,0,18.9,0,0,0.027,-0.013,-1.003,0.3,-0.6,0.1
31.0530291,0,0,18.9,0,0,0.03,-0.016,-1,0.2,-0.6,0
31.0630291,0,0,18.9,0,0,0.03,-0.016,-1,0.2,-0.6,0
31.0730291,0,0,18.9,0,0,0.03,-0.016,-1,0.2,-0.6,0
31.0830291,0,0,18.9,0,0,0.03,-0.016,-1,0.2,-0.6,0
31.0930291,0,0,18.9,0,0,0.03,-0.016,-1,0.2,-0.6,0
31.1030291,0,0,18.9,0,0,0.028,-0.012,-1.004,0.3,-0.6,0
31.1130291,0,0,18.9,0,0,0.028,-0.012,-1.004,0.3,-0.6,0
31.1230291,0,0,18.9,0,0,0.028,-0.012,-1.004,0.3,-0.6,0
31.1330291,0,0,18.9,0,0,0.028,-0.012,-1.004,0.3,-0.6,0
31.1430291,0,0,18.9,0,0,0.028,-0.012,-1.004,0.3,-0.6,0
31.1530291,0,0,18.9,0,0,0.028,-0.013,-1.003,0.4,-0.6,0
31.1630291,0,0,18.9,0,0,0.028,-0.013,-1.003,0.4,-0.6,0
31.1730291,0,0,18.9,0,0,0.028,-0.013,-1.003,0.4,-0.6,0
31.1830291,0,0,18.9,0,0,0.028,-0.013,-1.003,0.4,-0.6,0
31.1930291,0,0,18.9,0,0,0.028,-0.013,-1.003,0.4,-0.6,0
31.2030291,0,0,18.8,0,0,0.029,-0.014,-1,0.4,-0.5,0
31.2130291,0,0,18.8,0,0,0.029,-0.014,-1,0.4,-0.5,0
31.2230291,0,0,18.8,0,0,0.029,-0.014,-1,0.4,-0.5,0
31.2330291,0,0,18.8,0,0,0.029,-0.014,-1,0.4,-0.5,0
31.2430291,0,0,18.8,0,0,0.029,-0.014,-1,0.4,-0.5,0
31.2530291,0,0.01,18.8,0,0,0.03,-0.014,-1.001,0.3,-0.6,0
31.2630291,0,0.01,18.8,0,0,0.03,-0.014,-1.001,0.3,-0.6,0
31.2730291,0,0.01,18.8,0,0,0.03,-0.014,-1.001,0.3,-0.6,0
31.2830291,0,0.01,18.8,0,0,0.03,-0.014,-1.001,0.3,-0.6,0
31.2930291,0,0.01,18.8,0,0,0.03,-0.014,-1.001,0.3,-0.6,0
31.3030291,0,0,18.9,0,0,0.027,-0.012,-0.997,0.3,-0.6,0
31.3130291,0,0,18.9,0,0,0.027,-0.012,-0.997,0.3,-0.6,0
31.3230291,0,0,18.9,0,0,0.027,-0.012,-0.997,0.3,-0.6,0
31.3330291,0,0,18.9,0,0,0.027,-0.012,-0.997,0.3,-0.6,0
31.3430291,0,0,18.9,0,0,0.027,-0.012,-0.997,0.3,-0.6,0
31.3530291,0,0,18.9,0,0,0.03,-0.013,-0.999,0.2,-0.6,0
31.3630291,0,0,18.9,0,0,0.03,-0.013,-0.999,0.2,-0.6,0
31.3730291,0,0,18.9,0,0,0.03,-0.013,-0.999,0.2,-0.6,0
31.3830291,0,0,18.9,0,0,0.03,-0.013,-0.999,0.2,-0.6,0
31.3930291,0,0,18.9,0,0,0.03,-0.013,-0.999,0.2,-0.6,0
31.4030291,0,0,18.9,0,0,0.029,-0.014,-1,0.3,-0.5,0
31.4130291,0,0,18.9,0,0,0.029,-0.014,-1,0.3,-0.5,0
31.4230291,0,0,18.9,0,0,0.029,-0.014,-1,0.3,-0.5,0
31.4330291,0,0,18.9,0,0,0.029,-0.014,-1,0.3,-0.5,0
31.4430291,0,0,18.9,0,0,0.029,-0.014,-1,0.3,-0.5,0
31.4530291,0,0,18.8,0,0,0.029,-0.014,-1.002,0.3,-0.6,0
31.4630291,0,0,18.8,0,0,0.029,-0.014,-1.002,0.3,-0.6,0
31.4730291,0,0,18.8,0,0,0.029,-0.014,-1.002,0.3,-0.6,0
31.4830291,0,0,18.8,0,0,0.029,-0.014,-1.002,0.3,-0.6,0
31.4930291,0,0,18.8,0,0,0.029,-0.014,-1.002,0.3,-0.6,0
31.5030291,0,0,18.9,0,0,0.027,-0.013,-1.001,0.3,-0.6,0
31.5130291,0,0,18.9,0,0,0.027,-0.013,-1.001,0.3,-0.6,0
31.5230291,0,0,18.9,0,0,0.027,-0.013,-1.001,0.3,-0.6,0
31.5330291,0,0,18.9,0,0,0.027,-0.013,-1.001,0.3,-0.6,0
31.5430291,0,0,18.9,0,0,0.027,-0.013,-1.001,0.3,-0.6,0
31.5530291,0,0,18.9,0,0,0.029,-0.014,-1.002,0.2,-0.6,0
31.5630291,0,0,18.9,0,0,0.029,-0.014,-1.002,0.2,-0.6,0
31.5730291,0,0,18.9,0,0,0.029,-0.014,-1.002,0.2,-0.6,0
31.5830291,0,0,18.9,0,0,0.029,-0.014,-1.002,0.2,-0.6,0
31.5930291,0,0,18.9,0,0,0.029,-0.014,-1.002,0.2,-0.6,0
31.6030291,0,0,18.9,0,0,0.028,-0.013,-0.999,0.2,-0.6,0
31.6130291,0,0,18.9,0,0,0.028,-0.013,-0.999,0.2,-0.6,0
31.6230291,0,0,18.9,0,0,0.028,-0.013,-0.999,0.2,-0.6,0
31.6330291,0,0,18.9,0,0,0.028,-0.013,-0.999,0.2,-0.6,0
31.6430291,0,0,18.9,0,0,0.028,-0.013,-0.999,0.2,-0.6,0
31.6530291,0,0,18.8,0,0,0.029,-0.015,-1,0.3,-0.6,0
31.6630291,0,0,18.8,0,0,0.029,-0.015,-1,0.3,-0.6,0
31.6730291,0,0,18.8,0,0,0.029,-0.015,-1,0.3,-0.6,0
31.6830291,0,0,18.8,0,0,0.029,-0.015,-1,0.3,-0.6,0
31.6930291,0,0,18.8,0,0,0.029,-0.015,-1,0.3,-0.6,0
31.7030291,0,0.01,18.8,0,0,0.027,-0.013,-1,0.3,-0.6,0
31.7130291,0,0.01,18.8,0,0,0.027,-0.013,-1,0.3,-0.6,0
31.7230291,0,0.01,18.8,0,0,0.027,-0.013,-1,0.3,-0.6,0
31.7330291,0,0.01,18.8,0,0,0.027,-0.013,-1,0.3,-0.6,0
31.7430291,0,0.01,18.8,0,0,0.027,-0.013,-1,0.3,-0.6,0
31.7530291,0,0,18.9,0,0,0.028,-0.014,-1.002,0.3,-0.5,0
31.7630291,0,0,18.9,0,0,0.028,-0.014,-1.002,0.3,-0.5,0
31.7730291,0,0,18.9,0,0,0.028,-0.014,-1.002,0.3,-0.5,0
31.7830291,0,0,18.9,0,0,0.028,-0.014,-1.002,0.3,-0.5,0
31.7930291,0,0,18.9,0,0,0.028,-0.014,-1.002,0.3,-0.5,0
31.8030291,0,0,18.8,0,0,0.029,-0.014,-1.001,0.3,-0.6,0
31.8130291,0,0,18.8,0,0,0.029,-0.014,-1.001,0.3,-0.6,0
31.8230291,0,0,18.8,0,0,0.029,-0.014,-1.001,0.3,-0.6,0
31.8330291,0,0,18.8,0,0,0.029,-0.014,-1.001,0.3,-0.6,0
31.8430291,0,0,18.8,0,0,0.029,-0.014,-1.001,0.3,-0.6,0
31.8624865,0,0,18.9,0,0,0.028,-0.013,-1.001,0.3,-0.6,0
31.8724865,0,0,18.9,0,0,0.028,-0.013,-1.001,0.3,-0.6,0
31.8824865,0,0,18.9,0,0,0.028,-0.013,-1.001,0.3,-0.6,0
31.8924865,0,0,18.9,0,0,0.028,-0.013,-1.001,0.3,-0.6,0
31.9024865,0,0,18.9,0,0,0.028,-0.013,-1.001,0.3,-0.6,0
31.9124865,0,0,18.8,0,0,0.028,-0.012,-1,0.3,-0.6,0
31.9224865,0,0,18.8,0,0,0.028,-0.012,-1,0.3,-0.6,0
31.9324865,0,0,18.8,0,0,0.028,-0.012,-1,0.3,-0.6,0
31.9424865,0,0,18.8,0,0,0.028,-0.012,-1,0.3,-0.6,0
31.9524865,0,0,18.8,0,0,0.028,-0.012,-1,0.3,-0.6,0
31.9624865,0,0,18.9,0,0,0.029,-0.015,-1,0.3,-0.6,0
31.9724865,0,0,18.9,0,0,0.029,-0.015,-1,0.3,-0.6,0
31.9824865,0,0,18.9,0,0,0.029,-0.015,-1,0.3,-0.6,0
31.9924865,0,0,18.9,0,0,0.029,-0.015,-1,0.3,-0.6,0
32.0024865,0,0,18.9,0,0,0.029,-0.015,-1,0.3,-0.6,0
32.0124865,0,0,18.8,0,0,0.029,-0.013,-1.001,0.3,-0.5,0
32.0224865,0,0,18.8,0,0,0.029,-0.013,-1.001,0.3,-0.5,0
32.0324865,0,0,18.8,0,0,0.029,-0.013,-1.001,0.3,-0.5,0
32.0424865,0,0,18.8,0,0,0.029,-0.013,-1.001,0.3,-0.5,0
32.0524865,0,0,18.8,0,0,0.029,-0.013,-1.001,0.3,-0.5,0
32.0624865,0,0,18.9,0,0,0.028,-0.015,-1.002,0.3,-0.5,0.1
32.0724865,0,0,18.9,0,0,0.028,-0.015,-1.002,0.3,-0.5,0.1
32.0824865,0,0,18.9,0,0,0.028,-0.015,-1.002,0.3,-0.5,0.1
32.0924865,0,0,18.9,0,0,0.028,-0.015,-1.002,0.3,-0.5,0.1
32.1024865,0,0,18.9,0,0,0.028,-0.015,-1.002,0.3,-0.5,0.1
32.1124865,0,0,18.8,0,0,0.028,-0.012,-1,0.3,-0.6,0
32.1224865,0,0,18.8,0,0,0.028,-0.012,-1,0.3,-0.6,0
32.1324865,0,0,18.8,0,0,0.028,-0.012,-1,0.3,-0.6,0
32.1424865,0,0,18.8,0,0,0.028,-0.012,-1,0.3,-0.6,0
32.1524865,0,0,18.8,0,0,0.028,-0.012,-1,0.3,-0.6,0
32.1667913,0,0,18.8,0,0,0.028,-0.015,-1.001,0.3,-0.6,0
32.1767913,0,0,18.8,0,0,0.028,-0.015,-1.001,0.3,-0.6,0
32.1867913,0,0,18.8,0,0,0.028,-0.015,-1.001,0.3,-0.6,0
32.1967913,0,0,18.8,0,0,0.028,-0.015,-1.001,0.3,-0.6,0
32.2067913,0,0,18.8,0,0,0.028,-0.015,-1.001,0.3,-0.6,0
32.2167913,0,0.01,18.9,0,0,0.028,-0.013,-1.001,0.3,-0.6,0
32.2267913,0,0.01,18.9,0,0,0.028,-0.013,-1.001,0.3,-0.6,0
32.2367913,0,0.01,18.9,0,0,0.028,-0.013,-1.001,0.3,-0.6,0
32.2467913,0,0.01,18.9,0,0,0.028,-0.013,-1.001,0.3,-0.6,0
32.2567913,0,0.01,18.9,0,0,0.028,-0.013,-1.001,0.3,-0.6,0
32.2667913,0,0,18.9,0,0,0.027,-0.012,-1,0.3,-0.6,0
32.2767913,0,0,18.9,0,0,0.027,-0.012,-1,0.3,-0.6,0
32.2867913,0,0,18.9,0,0,0.027,-0.012,-1,0.3,-0.6,0
32.2967913,0,0,18.9,0,0,0.027,-0.012,-1,0.3,-0.6,0
32.3067913,0,0,18.9,0,0,0.027,-0.012,-1,0.3,-0.6,0
32.3167913,0,0.01,18.8,0,0,0.029,-0.012,-1,0.2,-0.6,0
32.3267913,0,0.01,18.8,0,0,0.029,-0.012,-1,0.2,-0.6,0
32.3367913,0,0.01,18.8,0,0,0.029,-0.012,-1,0.2,-0.6,0
32.3467913,0,0.01,18.8,0,0,0.029,-0.012,-1,0.2,-0.6,0
32.3567913,0,0.01,18.8,0,0,0.029,-0.012,-1,0.2,-0.6,0
32.3667913,0,0,18.9,0,0,0.029,-0.014,-1,0.2,-0.6,0
32.3767913,0,0,18.9,0,0,0.029,-0.014,-1,0.2,-0.6,0
32.3867913,0,0,18.9,0,0,0.029,-0.014,-1,0.2,-0.6,0
32.3967913,0,0,18.9,0,0,0.029,-0.014,-1,0.2,-0.6,0
32.4067913,0,0,18.9,0,0,0.029,-0.014,-1,0.2,-0.6,0
32.4167913,0,0,18.9,0,0,0.028,-0.013,-1,0.3,-0.6,0
32.4267913,0,0,18.9,0,0,0.028,-0.013,-1,0.3,-0.6,0
32.4367913,0,0,18.9,0,0,0.028,-0.013,-1,0.3,-0.6,0
32.4467913,0,0,18.9,0,0,0.028,-0.013,-1,0.3,-0.6,0
32.4567913,0,0,18.9,0,0,0.028,-0.013,-1,0.3,-0.6,0
32.4667913,0,0,18.9,0,0,0.029,-0.013,-1.002,0.3,-0.6,0
32.4767913,0,0,18.9,0,0,0.029,-0.013,-1.002,0.3,-0.6,0
32.4867913,0,0,18.9,0,0,0.029,-0.013,-1.002,0.3,-0.6,0
32.4967913,0,0,18.9,0,0,0.029,-0.013,-1.002,0.3,-0.6,0
32.5067913,0,0,18.9,0,0,0.029,-0.013,-1.002,0.3,-0.6,0
32.5167913,0,0.01,18.8,0,0,0.028,-0.013,-1,0.3,-0.6,0
32.5267913,0,0.01,18.8,0,0,0.028,-0.013,-1,0.3,-0.6,0
32.5367913,0,0.01,18.8,0,0,0.028,-0.013,-1,0.3,-0.6,0
32.5467913,0,0.01,18.8,0,0,0.028,-0.013,-1,0.3,-0.6,0
32.5567913,0,0.01,18.8,0,0,0.028,-0.013,-1,0.3,-0.6,0
32.5667913,0,0,18.9,0,0,0.028,-0.014,-1,0.3,-0.6,0
32.5767913,0,0,18.9,0,0,0.028,-0.014,-1,0.3,-0.6,0
32.5867913,0,0,18.9,0,0,0.028,-0.014,-1,0.3,-0.6,0
32.5967913,0,0,18.9,0,0,0.028,-0.014,-1,0.3,-0.6,0
32.6067913,0,0,18.9,0,0,0.028,-0.014,-1,0.3,-0.6,0
32.6167913,0,0,18.8,0,0,0.03,-0.014,-1,0.3,-0.6,0
32.6267913,0,0,18.8,0,0,0.03,-0.014,-1,0.3,-0.6,0
32.6367913,0,0,18.8,0,0,0.03,-0.014,-1,0.3,-0.6,0
32.6467913,0,0,18.8,0,0,0.03,-0.014,-1,0.3,-0.6,0
32.6567913,0,0,18.8,0,0,0.03,-0.014,-1,0.3,-0.6,0
32.6667913,0,0,18.9,0,0,0.027,-0.013,-1.001,0.3,-0.6,0
32.6767913,0,0,18.9,0,0,0.027,-0.013,-1.001,0.3,-0.6,0
32.6867913,0,0,18.9,0,0,0.027,-0.013,-1.001,0.3,-0.6,0
32.6967913,0,0,18.9,0,0,0.027,-0.013,-1.001,0.3,-0.6,0
32.7067913,0,0,18.9,0,0,0.027,-0.013,-1.001,0.3,-0.6,0
32.7167913,0,0,18.8,0,0,0.029,-0.014,-1,0.3,-0.6,0.1
32.7267913,0,0,18.8,0,0,0.029,-0.014,-1,0.3,-0.6,0.1
32.7367913,0,0,18.8,0,0,0.029,-0.014,-1,0.3,-0.6,0.1
32.7467913,0,0,18.8,0,0,0.029,-0.014,-1,0.3,-0.6,0.1
32.7567913,0,0,18.8,0,0,0.029,-0.014,-1,0.3,-0.6,0.1
32.7794196,0,0,18.8,0,0,0.03,-0.013,-1.001,0.2,-0.5,0
32.7894196,0,0,18.8,0,0,0.03,-0.013,-1.001,0.2,-0.5,0
32.7994196,0,0,18.8,0,0,0.03,-0.013,-1.001,0.2,-0.5,0
32.8094196,0,0,18.8,0,0,0.03,-0.013,-1.001,0.2,-0.5,0
32.8194196,0,0,18.8,0,0,0.03,-0.013,-1.001,0.2,-0.5,0
32.8294196,0,0.01,18.8,0,0,0.028,-0.014,-1.001,0.2,-0.6,0
32.8394196,0,0.01,18.8,0,0,0.028,-0.014,-1.001,0.2,-0.6,0
32.8494196,0,0.01,18.8,0,0,0.028,-0.014,-1.001,0.2,-0.6,0
32.8594196,0,0.01,18.8,0,0,0.028,-0.014,-1.001,0.2,-0.6,0
32.8694196,0,0.01,18.8,0,0,0.028,-0.014,-1.001,0.2,-0.6,0
32.8794196,0,0,18.9,0,0,0.029,-0.013,-1.003,0.3,-0.6,0
32.8894196,0,0,18.9,0,0,0.029,-0.013,-1.003,0.3,-0.6,0
32.8994196,0,0,18.9,0,0,0.029,-0.013,-1.003,0.3,-0.6,0
32.9094196,0,0,18.9,0,0,0.029,-0.013,-1.003,0.3,-0.6,0
32.9194196,0,0,18.9,0,0,0.029,-0.013,-1.003,0.3,-0.6,0
32.9294196,0,0,18.8,0,0,0.029,-0.014,-1.003,0.3,-0.6,0
32.9394196,0,0,18.8,0,0,0.029,-0.014,-1.003,0.3,-0.6,0
32.9494196,0,0,18.8,0,0,0.029,-0.014,-1.003,0.3,-0.6,0
32.9594196,0,0,18.8,0,0,0.029,-0.014,-1.003,0.3,-0.6,0
32.9694196,0,0,18.8,0,0,0.029,-0.014,-1.003,0.3,-0.6,0
32.9794196,0,0,18.8,0,0,0.028,-0.014,-1,0.3,-0.6,0
32.9894196,0,0,18.8,0,0,0.028,-0.014,-1,0.3,-0.6,0
32.9994196,0,0,18.8,0,0,0.028,-0.014,-1,0.3,-0.6,0
33.0094196,0,0,18.8,0,0,0.028,-0.014,-1,0.3,-0.6,0
33.0194196,0,0,18.8,0,0,0.028,-0.014,-1,0.3,-0.6,0
33.0294196,0,0,18.8,0,0,0.028,-0.012,-1.001,0.3,-0.5,0
33.0394196,0,0,18.8,0,0,0.028,-0.012,-1.001,0.3,-0.5,0
33.0494196,0,0,18.8,0,0,0.028,-0.012,-1.001,0.3,-0.5,0
33.0594196,0,0,18.8,0,0,0.028,-0.012,-1.001,0.3,-0.5,0
33.0694196,0,0,18.8,0,0,0.028,-0.012,-1.001,0.3,-0.5,0
33.0853645,0,0,18.8,0,0,0.029,-0.012,-1.001,0.3,-0.5,0
33.0953645,0,0,18.8,0,0,0.029,-0.012,-1.001,0.3,-0.5,0
33.1053645,0,0,18.8,0,0,0.029,-0.012,-1.001,0.3,-0.5,0
33.1153645,0,0,18.8,0,0,0.029,-0.012,-1.001,0.3,-0.5,0
33.1253645,0,0,18.8,0,0,0.029,-0.012,-1.001,0.3,-0.5,0
35.3743106,0,0,18.8,0,0,0.028,-0.012,-1.002,0.3,-0.6,0
35.3843106,0,0,18.8,0,0,0.028,-0.012,-1.002,0.3,-0.6,0
35.3943106,0,0,18.8,0,0,0.028,-0.012,-1.002,0.3,-0.6,0
35.4043106,0,0,18.8,0,0,0.028,-0.012,-1.002,0.3,-0.6,0
35.4143106,0,0,18.8,0,0,0.028,-0.012,-1.002,0.3,-0.6,0
35.4530978,0,0,18.9,0,0,0.028,-0.014,-1.001,0.3,-0.6,0
35.4630978,0,0,18.9,0,0,0.028,-0.014,-1.001,0.3,-0.6,0
35.4730978,0,0,18.9,0,0,0.028,-0.014,-1.001,0.3,-0.6,0
35.4830978,0,0,18.9,0,0,0.028,-0.014,-1.001,0.3,-0.6,0
35.4930978,0,0,18.9,0,0,0.028,-0.014,-1.001,0.3,-0.6,0
35.5030978,0,0,18.9,0,0,0.028,-0.014,-1,0.3,-0.6,0
35.5130978,0,0,18.9,0,0,0.028,-0.014,-1,0.3,-0.6,0
35.5230978,0,0,18.9,0,0,0.028,-0.014,-1,0.3,-0.6,0
35.5330978,0,0,18.9,0,0,0.028,-0.014,-1,0.3,-0.6,0
35.5430978,0,0,18.9,0,0,0.028,-0.014,-1,0.3,-0.6,0
35.5530978,0,0,18.8,0,0,0.028,-0.013,-1.001,0.2,-0.6,0
35.5630978,0,0,18.8,0,0,0.028,-0.013,-1.001,0.2,-0.6,0
35.5730978,0,0,18.8,0,0,0.028,-0.013,-1.001,0.2,-0.6,0
35.5830978,0,0,18.8,0,0,0.028,-0.013,-1.001,0.2,-0.6,0
35.5930978,0,0,18.8,0,0,0.028,-0.013,-1.001,0.2,-0.6,0
35.6030978,0,0.01,18.8,0,0,0.029,-0.013,-1,0.2,-0.6,0
35.6130978,0,0.01,18.8,0,0,0.029,-0.013,-1,0.2,-0.6,0
35.6230978,0,0.01,18.8,0,0,0.029,-0.013,-1,0.2,-0.6,0
35.6330978,0,0.01,18.8,0,0,0.029,-0.013,-1,0.2,-0.6,0
35.6430978,0,0.01,18.8,0,0,0.029,-0.013,-1,0.2,-0.6,0
35.6530978,0,0.01,18.8,0,0,0.028,-0.013,-1.001,0.2,-0.7,0
35.6630978,0,0.01,18.8,0,0,0.028,-0.013,-1.001,0.2,-0.7,0
35.6730978,0,0.01,18.8,0,0,0.028,-0.013,-1.001,0.2,-0.7,0
35.6830978,0,0.01,18.8,0,0,0.028,-0.013,-1.001,0.2,-0.7,0
35.6930978,0,0.01,18.8,0,0,0.028,-0.013,-1.001,0.2,-0.7,0
35.7030978,0,0,18.9,0,0,0.03,-0.015,-1.002,0.3,-0.6,0
35.7130978,0,0,18.9,0,0,0.03,-0.015,-1.002,0.3,-0.6,0
35.7230978,0,0,18.9,0,0,0.03,-0.015,-1.002,0.3,-0.6,0
35.7330978,0,0,18.9,0,0,0.03,-0.015,-1.002,0.3,-0.6,0
35.7430978,0,0,18.9,0,0,0.03,-0.015,-1.002,0.3,-0.6,0
35.7530978,0,0,18.9,0,0,0.03,-0.013,-1.001,0.3,-0.6,0
35.7630978,0,0,18.9,0,0,0.03,-0.013,-1.001,0.3,-0.6,0
35.7730978,0,0,18.9,0,0,0.03,-0.013,-1.001,0.3,-0.6,0
35.7830978,0,0,18.9,0,0,0.03,-0.013,-1.001,0.3,-0.6,0
35.7930978,0,0,18.9,0,0,0.03,-0.013,-1.001,0.3,-0.6,0
35.8030978,0,0.01,18.8,0,0,0.027,-0.013,-1,0.2,-0.6,0
35.8130978,0,0.01,18.8,0,0,0.027,-0.013,-1,0.2,-0.6,0
35.8230978,0,0.01,18.8,0,0,0.027,-0.013,-1,0.2,-0.6,0
35.8330978,0,0.01,18.8,0,0,0.027,-0.013,-1,0.2,-0.6,0
35.8430978,0,0.01,18.8,0,0,0.027,-0.013,-1,0.2,-0.6,0
35.8530978,0,0,18.9,0,0,0.029,-0.015,-1.002,0.3,-0.5,0
35.8630978,0,0,18.9,0,0,0.029,-0.015,-1.002,0.3,-0.5,0
35.8730978,0,0,18.9,0,0,0.029,-0.015,-1.002,0.3,-0.5,0
35.8830978,0,0,18.9,0,0,0.029,-0.015,-1.002,0.3,-0.5,0
35.8930978,0,0,18.9,0,0,0.029,-0.015,-1.002,0.3,-0.5,0
35.9297803,0,0,18.9,0,0,0.029,-0.011,-1.001,0.2,-0.6,0
35.9397803,0,0,18.9,0,0,0.029,-0.011,-1.001,0.2,-0.6,0
35.9497803,0,0,18.9,0,0,0.029,-0.011,-1.001,0.2,-0.6,0
35.9597803,0,0,18.9,0,0,0.029,-0.011,-1.001,0.2,-0.6,0
35.9697803,0,0,18.9,0,0,0.029,-0.011,-1.001,0.2,-0.6,0
35.9797803,0,0,18.9,0,0,0.028,-0.014,-1,0.3,-0.6,0.1
35.9897803,0,0,18.9,0,0,0.028,-0.014,-1,0.3,-0.6,0.1
35.9997803,0,0,18.9,0,0,0.028,-0.014,-1,0.3,-0.6,0.1
36.0097803,0,0,18.9,0,0,0.028,-0.014,-1,0.3,-0.6,0.1
36.0197803,0,0,18.9,0,0,0.028,-0.014,-1,0.3,-0.6,0.1
36.0297803,0,0.01,18.8,0,0,0.028,-0.013,-0.999,0.3,-0.6,0
36.0397803,0,0.01,18.8,0,0,0.028,-0.013,-0.999,0.3,-0.6,0
36.0497803,0,0.01,18.8,0,0,0.028,-0.013,-0.999,0.3,-0.6,0
36.0597803,0,0.01,18.8,0,0,0.028,-0.013,-0.999,0.3,-0.6,0
36.0697803,0,0.01,18.8,0,0,0.028,-0.013,-0.999,0.3,-0.6,0
36.0797803,0,0,18.9,0,0,0.028,-0.013,-0.999,0.3,-0.6,0
36.0897803,0,0,18.9,0,0,0.028,-0.013,-0.999,0.3,-0.6,0
36.0997803,0,0,18.9,0,0,0.028,-0.013,-0.999,0.3,-0.6,0
36.1097803,0,0,18.9,0,0,0.028,-0.013,-0.999,0.3,-0.6,0
36.1197803,0,0,18.9,0,0,0.028,-0.013,-0.999,0.3,-0.6,0
36.1297803,0,0,18.9,0,0,0.029,-0.015,-1.001,0.3,-0.6,0
36.1397803,0,0,18.9,0,0,0.029,-0.015,-1.001,0.3,-0.6,0
36.1497803,0,0,18.9,0,0,0.029,-0.015,-1.001,0.3,-0.6,0
36.1597803,0,0,18.9,0,0,0.029,-0.015,-1.001,0.3,-0.6,0
36.1697803,0,0,18.9,0,0,0.029,-0.015,-1.001,0.3,-0.6,0
36.1797803,0,0,18.9,0,0,0.029,-0.013,-1.001,0.2,-0.6,0
36.1897803,0,0,18.9,0,0,0.029,-0.013,-1.001,0.2,-0.6,0
36.1997803,0,0,18.9,0,0,0.029,-0.013,-1.001,0.2,-0.6,0
36.2097803,0,0,18.9,0,0,0.029,-0.013,-1.001,0.2,-0.6,0
36.2197803,0,0,18.9,0,0,0.029,-0.013,-1.001,0.2,-0.6,0
36.2297803,0,0,18.9,0,0,0.029,-0.013,-1.001,0.3,-0.6,0
36.2397803,0,0,18.9,0,0,0.029,-0.013,-1.001,0.3,-0.6,0
36.2497803,0,0,18.9,0,0,0.029,-0.013,-1.001,0.3,-0.6,0
36.2597803,0,0,18.9,0,0,0.029,-0.013,-1.001,0.3,-0.6,0
36.2697803,0,0,18.9,0,0,0.029,-0.013,-1.001,0.3,-0.6,0
36.2797803,0,0,18.8,0,0,0.028,-0.014,-1.001,0.3,-0.5,0
36.2897803,0,0,18.8,0,0,0.028,-0.014,-1.001,0.3,-0.5,0
36.2997803,0,0,18.8,0,0,0.028,-0.014,-1.001,0.3,-0.5,0
36.3097803,0,0,18.8,0,0,0.028,-0.014,-1.001,0.3,-0.5,0
36.3197803,0,0,18.8,0,0,0.028,-0.014,-1.001,0.3,-0.5,0
36.3297803,0,0,18.9,0,0,0.029,-0.014,-1.002,0.2,-0.6,0
36.3397803,0,0,18.9,0,0,0.029,-0.014,-1.002,0.2,-0.6,0
36.3497803,0,0,18.9,0,0,0.029,-0.014,-1.002,0.2,-0.6,0
36.3597803,0,0,18.9,0,0,0.029,-0.014,-1.002,0.2,-0.6,0
36.3697803,0,0,18.9,0,0,0.029,-0.014,-1.002,0.2,-0.6,0
36.3797803,0,0.01,18.8,0,0,0.028,-0.011,-1.001,0.2,-0.6,0
36.3897803,0,0.01,18.8,0,0,0.028,-0.011,-1.001,0.2,-0.6,0
36.3997803,0,0.01,18.8,0,0,0.028,-0.011,-1.001,0.2,-0.6,0
36.4097803,0,0.01,18.8,0,0,0.028,-0.011,-1.001,0.2,-0.6,0
36.4197803,0,0.01,18.8,0,0,0.028,-0.011,-1.001,0.2,-0.6,0
36.4297803,0,0,18.9,0,0,0.029,-0.015,-1.003,0.3,-0.6,0
36.4397803,0,0,18.9,0,0,0.029,-0.015,-1.003,0.3,-0.6,0
36.4497803,0,0,18.9,0,0,0.029,-0.015,-1.003,0.3,-0.6,0
36.4597803,0,0,18.9,0,0,0.029,-0.015,-1.003,0.3,-0.6,0
36.4697803,0,0,18.9,0,0,0.029,-0.015,-1.003,0.3,-0.6,0
36.4797803,0,0,18.9,0,0,0.028,-0.015,-1.001,0.3,-0.6,0
36.4897803,0,0,18.9,0,0,0.028,-0.015,-1.001,0.3,-0.6,0
36.4997803,0,0,18.9,0,0,0.028,-0.015,-1.001,0.3,-0.6,0
36.5097803,0,0,18.9,0,0,0.028,-0.015,-1.001,0.3,-0.6,0
36.5197803,0,0,18.9,0,0,0.028,-0.015,-1.001,0.3,-0.6,0
36.5297803,0,0.01,18.8,0,0,0.03,-0.013,-1.001,0.3,-0.6,0
36.5397803,0,0.01,18.8,0,0,0.03,-0.013,-1.001,0.3,-0.6,0
36.5497803,0,0.01,18.8,0,0,0.03,-0.013,-1.001,0.3,-0.6,0
36.5597803,0,0.01,18.8,0,0,0.03,-0.013,-1.001,0.3,-0.6,0
36.5697803,0,0.01,18.8,0,0,0.03,-0.013,-1.001,0.3,-0.6,0
36.5797803,0,0,18.9,0,0,0.026,-0.012,-1.003,0.4,-0.6,0
36.5897803,0,0,18.9,0,0,0.026,-0.012,-1.003,0.4,-0.6,0
36.5997803,0,0,18.9,0,0,0.026,-0.012,-1.003,0.4,-0.6,0
36.6097803,0,0,18.9,0,0,0.026,-0.012,-1.003,0.4,-0.6,0
36.6197803,0,0,18.9,0,0,0.026,-0.012,-1.003,0.4,-0.6,0
36.6297803,0,0,18.9,0,0,0.029,-0.016,-1.002,0.4,-0.6,0
36.6397803,0,0,18.9,0,0,0.029,-0.016,-1.002,0.4,-0.6,0
36.6497803,0,0,18.9,0,0,0.029,-0.016,-1.002,0.4,-0.6,0
36.6597803,0,0,18.9,0,0,0.029,-0.016,-1.002,0.4,-0.6,0
36.6697803,0,0,18.9,0,0,0.029,-0.016,-1.002,0.4,-0.6,0
36.6797803,0,0,18.9,0,0,0.029,-0.013,-1.001,0.3,-0.6,0
36.6897803,0,0,18.9,0,0,0.029,-0.013,-1.001,0.3,-0.6,0
36.6997803,0,0,18.9,0,0,0.029,-0.013,-1.001,0.3,-0.6,0
36.7097803,0,0,18.9,0,0,0.029,-0.013,-1.001,0.3,-0.6,0
36.7197803,0,0,18.9,0,0,0.029,-0.013,-1.001,0.3,-0.6,0
36.7357286,0,0.01,18.8,0,0,0.028,-0.014,-1.001,0.3,-0.6,0
36.7457286,0,0.01,18.8,0,0,0.028,-0.014,-1.001,0.3,-0.6,0
36.7557286,0,0.01,18.8,0,0,0.028,-0.014,-1.001,0.3,-0.6,0
36.7657286,0,0.01,18.8,0,0,0.028,-0.014,-1.001,0.3,-0.6,0
36.7757286,0,0.01,18.8,0,0,0.028,-0.014,-1.001,0.3,-0.6,0
36.8153393,0,0,18.9,0,0,0.029,-0.012,-1.001,0.3,-0.6,0
36.8253393,0,0,18.9,0,0,0.029,-0.012,-1.001,0.3,-0.6,0
36.8353393,0,0,18.9,0,0,0.029,-0.012,-1.001,0.3,-0.6,0
36.8453393,0,0,18.9,0,0,0.029,-0.012,-1.001,0.3,-0.6,0
36.8553393,0,0,18.9,0,0,0.029,-0.012,-1.001,0.3,-0.6,0
36.8653393,0,0,18.8,0,0,0.029,-0.013,-1.001,0.3,-0.6,0
36.8753393,0,0,18.8,0,0,0.029,-0.013,-1.001,0.3,-0.6,0
36.8853393,0,0,18.8,0,0,0.029,-0.013,-1.001,0.3,-0.6,0
36.8953393,0,0,18.8,0,0,0.029,-0.013,-1.001,0.3,-0.6,0
36.9053393,0,0,18.8,0,0,0.029,-0.013,-1.001,0.3,-0.6,0
36.9153393,0,0,18.9,0,0,0.029,-0.013,-1,0.3,-0.6,0
36.9253393,0,0,18.9,0,0,0.029,-0.013,-1,0.3,-0.6,0
36.9353393,0,0,18.9,0,0,0.029,-0.013,-1,0.3,-0.6,0
36.9453393,0,0,18.9,0,0,0.029,-0.013,-1,0.3,-0.6,0
36.9553393,0,0,18.9,0,0,0.029,-0.013,-1,0.3,-0.6,0
36.9653393,0,0,18.9,0,0,0.028,-0.013,-1,0.3,-0.6,0
36.9753393,0,0,18.9,0,0,0.028,-0.013,-1,0.3,-0.6,0
36.9853393,0,0,18.9,0,0,0.028,-0.013,-1,0.3,-0.6,0
36.9953393,0,0,18.9,0,0,0.028,-0.013,-1,0.3,-0.6,0
37.0053393,0,0,18.9,0,0,0.028,-0.013,-1,0.3,-0.6,0
37.0153393,0,0,18.8,0,0,0.029,-0.012,-1.002,0.3,-0.6,0
37.0253393,0,0,18.8,0,0,0.029,-0.012,-1.002,0.3,-0.6,0
37.0353393,0,0,18.8,0,0,0.029,-0.012,-1.002,0.3,-0.6,0
37.0453393,0,0,18.8,0,0,0.029,-0.012,-1.002,0.3,-0.6,0
37.0553393,0,0,18.8,0,0,0.029,-0.012,-1.002,0.3,-0.6,0
37.0653393,0,0,18.9,0,0,0.028,-0.014,-1.003,0.3,-0.6,0.1
37.0753393,0,0,18.9,0,0,0.028,-0.014,-1.003,0.3,-0.6,0.1
37.0853393,0,0,18.9,0,0,0.028,-0.014,-1.003,0.3,-0.6,0.1
37.0953393,0,0,18.9,0,0,0.028,-0.014,-1.003,0.3,-0.6,0.1
37.1053393,0,0,18.9,0,0,0.028,-0.014,-1.003,0.3,-0.6,0.1
37.1153393,0,0,18.9,0,0,0.028,-0.013,-1.001,0.3,-0.5,0
37.1253393,0,0,18.9,0,0,0.028,-0.013,-1.001,0.3,-0.5,0
37.1353393,0,0,18.9,0,0,0.028,-0.013,-1.001,0.3,-0.5,0
37.1453393,0,0,18.9,0,0,0.028,-0.013,-1.001,0.3,-0.5,0
37.1553393,0,0,18.9,0,0,0.028,-0.013,-1.001,0.3,-0.5,0
37.1653393,0,0,18.9,0,0,0.028,-0.013,-0.999,0.3,-0.6,0
37.1753393,0,0,18.9,0,0,0.028,-0.013,-0.999,0.3,-0.6,0
37.1853393,0,0,18.9,0,0,0.028,-0.013,-0.999,0.3,-0.6,0
37.1953393,0,0,18.9,0,0,0.028,-0.013,-0.999,0.3,-0.6,0
37.2053393,0,0,18.9,0,0,0.028,-0.013,-0.999,0.3,-0.6,0
37.2153393,0,0,18.8,0,0,0.028,-0.014,-1.001,0.3,-0.6,0
37.2253393,0,0,18.8,0,0,0.028,-0.014,-1.001,0.3,-0.6,0
37.2353393,0,0,18.8,0,0,0.028,-0.014,-1.001,0.3,-0.6,0
37.2453393,0,0,18.8,0,0,0.028,-0.014,-1.001,0.3,-0.6,0
37.2553393,0,0,18.8,0,0,0.028,-0.014,-1.001,0.3,-0.6,0
37.2653393,0,0.01,18.9,0,0,0.029,-0.015,-1.001,0.3,-0.5,0
37.2753393,0,0.01,18.9,0,0,0.029,-0.015,-1.001,0.3,-0.5,0
37.2853393,0,0.01,18.9,0,0,0.029,-0.015,-1.001,0.3,-0.5,0
37.2953393,0,0.01,18.9,0,0,0.029,-0.015,-1.001,0.3,-0.5,0
37.3053393,0,0.01,18.9,0,0,0.029,-0.015,-1.001,0.3,-0.5,0
37.3153393,0,0,18.8,0,0,0.029,-0.014,-1,0.2,-0.5,0
37.3253393,0,0,18.8,0,0,0.029,-0.014,-1,0.2,-0.5,0
37.3353393,0,0,18.8,0,0,0.029,-0.014,-1,0.2,-0.5,0
37.3453393,0,0,18.8,0,0,0.029,-0.014,-1,0.2,-0.5,0
37.3553393,0,0,18.8,0,0,0.029,-0.014,-1,0.2,-0.5,0
37.3653393,0,0,18.9,0,0,0.028,-0.011,-1,0.2,-0.6,0
37.3753393,0,0,18.9,0,0,0.028,-0.011,-1,0.2,-0.6,0
37.3853393,0,0,18.9,0,0,0.028,-0.011,-1,0.2,-0.6,0
37.3953393,0,0,18.9,0,0,0.028,-0.011,-1,0.2,-0.6,0
37.4053393,0,0,18.9,0,0,0.028,-0.011,-1,0.2,-0.6,0
37.4153393,0,0,18.9,0,0,0.029,-0.014,-1.002,0.3,-0.6,0
37.4253393,0,0,18.9,0,0,0.029,-0.014,-1.002,0.3,-0.6,0
37.4353393,0,0,18.9,0,0,0.029,-0.014,-1.002,0.3,-0.6,0
37.4453393,0,0,18.9,0,0,0.029,-0.014,-1.002,0.3,-0.6,0
37.4553393,0,0,18.9,0,0,0.029,-0.014,-1.002,0.3,-0.6,0
37.4653393,0,0,18.9,0,0,0.03,-0.014,-1,0.4,-0.6,0
37.4753393,0,0,18.9,0,0,0.03,-0.014,-1,0.4,-0.6,0
37.4853393,0,0,18.9,0,0,0.03,-0.014,-1,0.4,-0.6,0
37.4953393,0,0,18.9,0,0,0.03,-0.014,-1,0.4,-0.6,0
37.5053393,0,0,18.9,0,0,0.03,-0.014,-1,0.4,-0.6,0
37.5153393,0,0,18.9,0,0,0.028,-0.012,-1,0.2,-0.6,0
37.5253393,0,0,18.9,0,0,0.028,-0.012,-1,0.2,-0.6,0
37.5353393,0,0,18.9,0,0,0.028,-0.012,-1,0.2,-0.6,0
37.5453393,0,0,18.9,0,0,0.028,-0.012,-1,0.2,-0.6,0
37.5553393,0,0,18.9,0,0,0.028,-0.012,-1,0.2,-0.6,0
37.5653393,0,0,18.9,0,0,0.029,-0.014,-1.001,0.2,-0.6,0
37.5753393,0,0,18.9,0,0,0.029,-0.014,-1.001,0.2,-0.6,0
37.5853393,0,0,18.9,0,0,0.029,-0.014,-1.001,0.2,-0.6,0
37.5953393,0,0,18.9,0,0,0.029,-0.014,-1.001,0.2,-0.6,0
37.6053393,0,0,18.9,0,0,0.029,-0.014,-1.001,0.2,-0.6,0
37.6310684,0,0,18.9,0,0,0.029,-0.013,-1.003,0.3,-0.5,0
37.6410684,0,0,18.9,0,0,0.029,-0.013,-1.003,0.3,-0.5,0
37.6510684,0,0,18.9,0,0,0.029,-0.013,-1.003,0.3,-0.5,0
37.6610684,0,0,18.9,0,0,0.029,-0.013,-1.003,0.3,-0.5,0
37.6710684,0,0,18.9,0,0,0.029,-0.013,-1.003,0.3,-0.5,0
37.7035466,0,0,18.8,0,0,0.028,-0.013,-1.004,0.3,-0.6,0
37.7135466,0,0,18.8,0,0,0.028,-0.013,-1.004,0.3,-0.6,0
37.7235466,0,0,18.8,0,0,0.028,-0.013,-1.004,0.3,-0.6,0
37.7335466,0,0,18.8,0,0,0.028,-0.013,-1.004,0.3,-0.6,0
37.7435466,0,0,18.8,0,0,0.028,-0.013,-1.004,0.3,-0.6,0
37.7823385,0,0,18.9,0,0,0.028,-0.014,-0.998,0.3,-0.6,0
37.7923385,0,0,18.9,0,0,0.028,-0.014,-0.998,0.3,-0.6,0
37.8023385,0,0,18.9,0,0,0.028,-0.014,-0.998,0.3,-0.6,0
37.8123385,0,0,18.9,0,0,0.028,-0.014,-0.998,0.3,-0.6,0
37.8223385,0,0,18.9,0,0,0.028,-0.014,-0.998,0.3,-0.6,0
37.8323385,0,0,18.9,0,0,0.029,-0.014,-0.999,0.3,-0.6,0
37.8423385,0,0,18.9,0,0,0.029,-0.014,-0.999,0.3,-0.6,0
37.8523385,0,0,18.9,0,0,0.029,-0.014,-0.999,0.3,-0.6,0
37.8623385,0,0,18.9,0,0,0.029,-0.014,-0.999,0.3,-0.6,0
37.8723385,0,0,18.9,0,0,0.029,-0.014,-0.999,0.3,-0.6,0
37.8836697,0,0,18.8,0,0,0.028,-0.012,-1,0.2,-0.5,0
37.8936697,0,0,18.8,0,0,0.028,-0.012,-1,0.2,-0.5,0
37.9036697,0,0,18.8,0,0,0.028,-0.012,-1,0.2,-0.5,0
37.9136697,0,0,18.8,0,0,0.028,-0.012,-1,0.2,-0.5,0
37.9236697,0,0,18.8,0,0,0.028,-0.012,-1,0.2,-0.5,0
37.9336697,0,0,18.9,0,0,0.028,-0.014,-1,0.3,-0.6,0
37.9436697,0,0,18.9,0,0,0.028,-0.014,-1,0.3,-0.6,0
37.9536697,0,0,18.9,0,0,0.028,-0.014,-1,0.3,-0.6,0
37.9636697,0,0,18.9,0,0,0.028,-0.014,-1,0.3,-0.6,0
37.9736697,0,0,18.9,0,0,0.028,-0.014,-1,0.3,-0.6,0
40.4021887,0,0,18.9,0,0,0.029,-0.014,-1.001,0.3,-0.6,0
40.4121887,0,0,18.9,0,0,0.029,-0.014,-1.001,0.3,-0.6,0
40.4221887,0,0,18.9,0,0,0.029,-0.014,-1.001,0.3,-0.6,0
40.4321887,0,0,18.9,0,0,0.029,-0.014,-1.001,0.3,-0.6,0
40.4421887,0,0,18.9,0,0,0.029,-0.014,-1.001,0.3,-0.6,0
40.4521887,0,0,18.9,0,0,0.029,-0.013,-1,0.2,-0.5,0
40.4621887,0,0,18.9,0,0,0.029,-0.013,-1,0.2,-0.5,0
40.4721887,0,0,18.9,0,0,0.029,-0.013,-1,0.2,-0.5,0
40.4821887,0,0,18.9,0,0,0.029,-0.013,-1,0.2,-0.5,0
40.4921887,0,0,18.9,0,0,0.029,-0.013,-1,0.2,-0.5,0
40.5021887,0,0,18.9,0,0,0.03,-0.013,-1.004,0.3,-0.5,0
40.5121887,0,0,18.9,0,0,0.03,-0.013,-1.004,0.3,-0.5,0
40.5221887,0,0,18.9,0,0,0.03,-0.013,-1.004,0.3,-0.5,0
40.5321887,0,0,18.9,0,0,0.03,-0.013,-1.004,0.3,-0.5,0
40.5421887,0,0,18.9,0,0,0.03,-0.013,-1.004,0.3,-0.5,0
40.5521887,0,0.01,18.8,0,0,0.029,-0.014,-1,0.4,-0.6,0
40.5621887,0,0.01,18.8,0,0,0.029,-0.014,-1,0.4,-0.6,0
40.5721887,0,0.01,18.8,0,0,0.029,-0.014,-1,0.4,-0.6,0
40.5821887,0,0.01,18.8,0,0,0.029,-0.014,-1,0.4,-0.6,0
40.5921887,0,0.01,18.8,0,0,0.029,-0.014,-1,0.4,-0.6,0
40.6021887,0,0,18.8,0,0,0.028,-0.012,-1,0.3,-0.6,0
40.6121887,0,0,18.8,0,0,0.028,-0.012,-1,0.3,-0.6,0
40.6221887,0,0,18.8,0,0,0.028,-0.012,-1,0.3,-0.6,0
40.6321887,0,0,18.8,0,0,0.028,-0.012,-1,0.3,-0.6,0
40.6421887,0,0,18.8,0,0,0.028,-0.012,-1,0.3,-0.6,0
40.6521887,0,0,18.9,0,0,0.029,-0.013,-1,0.3,-0.5,0
40.6621887,0,0,18.9,0,0,0.029,-0.013,-1,0.3,-0.5,0
40.6721887,0,0,18.9,0,0,0.029,-0.013,-1,0.3,-0.5,0
40.6821887,0,0,18.9,0,0,0.029,-0.013,-1,0.3,-0.5,0
40.6921887,0,0,18.9,0,0,0.029,-0.013,-1,0.3,-0.5,0
40.7021887,0,0,18.9,0,0,0.029,-0.013,-1.001,0.3,-0.6,0
40.7121887,0,0,18.9,0,0,0.029,-0.013,-1.001,0.3,-0.6,0
40.7221887,0,0,18.9,0,0,0.029,-0.013,-1.001,0.3,-0.6,0
40.7321887,0,0,18.9,0,0,0.029,-0.013,-1.001,0.3,-0.6,0
40.7421887,0,0,18.9,0,0,0.029,-0.013,-1.001,0.3,-0.6,0
40.7776254,0,0.01,18.8,0,0,0.026,-0.012,-1.001,0.2,-0.6,0
40.7876254,0,0.01,18.8,0,0,0.026,-0.012,-1.001,0.2,-0.6,0
40.7976254,0,0.01,18.8,0,0,0.026,-0.012,-1.001,0.2,-0.6,0
40.8076254,0,0.01,18.8,0,0,0.026,-0.012,-1.001,0.2,-0.6,0
40.8176254,0,0.01,18.8,0,0,0.026,-0.012,-1.001,0.2,-0.6,0
40.8568981,0,0,18.9,0,0,0.027,-0.013,-1.001,0.3,-0.5,0
40.8668981,0,0,18.9,0,0,0.027,-0.013,-1.001,0.3,-0.5,0
40.8768981,0,0,18.9,0,0,0.027,-0.013,-1.001,0.3,-0.5,0
40.8868981,0,0,18.9,0,0,0.027,-0.013,-1.001,0.3,-0.5,0
40.8968981,0,0,18.9,0,0,0.027,-0.013,-1.001,0.3,-0.5,0
40.9204806,11,0,18.9,0,0,0.03,-0.014,-1,0.4,-0.5,0
40.9304806,14,0,18.9,0,0,0.03,-0.014,-1,0.4,-0.5,0
40.9404806,14,0,18.9,0,0,0.03,-0.014,-1,0.4,-0.5,0
40.9504806,14,0,18.9,0,0,0.03,-0.014,-1,0.4,-0.5,0
40.9604806,14,0,18.9,0,0,0.03,-0.014,-1,0.4,-0.5,0
41.0371268,34,0,18.8,0,0,0.03,-0.008,-0.978,1,-0.7,0
41.0471268,34,0,18.8,0,0,0.03,-0.008,-0.978,1,-0.7,0
41.0571268,14,0,18.8,0,0,0.03,-0.008,-0.978,1,-0.7,0
41.0671268,58,0,18.8,0,0,0.03,-0.008,-0.978,1,-0.7,0
41.0771268,58,0,18.8,0,0,0.03,-0.008,-0.978,1,-0.7,0
41.0871268,47,0,18.9,0,0,0.028,-0.016,-1.003,-0.4,-0.2,0
41.0971268,47,0,18.9,0,0,0.028,-0.016,-1.003,-0.4,-0.2,0
41.1071268,13,0,18.9,0,0,0.028,-0.016,-1.003,-0.4,-0.2,0
41.1171268,54,0,18.9,0,0,0.028,-0.016,-1.003,-0.4,-0.2,0
41.1271268,57,0,18.9,0,0,0.028,-0.016,-1.003,-0.4,-0.2,0
41.1983949,19,0,18.8,0,0,0.029,-0.016,-1.006,-0.6,-0.8,0
41.2083949,57,0,18.8,0,0,0.029,-0.016,-1.006,-0.6,-0.8,0
41.2183949,65,0,18.8,0,0,0.029,-0.016,-1.006,-0.6,-0.8,0
41.2283949,34,0,18.8,0,0,0.029,-0.016,-1.006,-0.6,-0.8,0
41.2383949,39,0,18.8,0,0,0.029,-0.016,-1.006,-0.6,-0.8,0
41.2483949,38,0,18.8,0,0,0.022,-0.015,-1.016,-0.1,-0.3,0
41.2583949,23,0,18.8,0,0,0.022,-0.015,-1.016,-0.1,-0.3,0
41.2683949,22,0,18.8,0,0,0.022,-0.015,-1.016,-0.1,-0.3,0
41.2783949,37,0,18.8,0,0,0.022,-0.015,-1.016,-0.1,-0.3,0
41.2883949,48,0,18.8,0,0,0.022,-0.015,-1.016,-0.1,-0.3,0
41.3027838,49,0,18.9,0,0,0.03,-0.023,-1.054,1.7,-0.6,0.1
41.3127838,39,0,18.9,0,0,0.03,-0.023,-1.054,1.7,-0.6,0.1
41.3227838,50,0,18.9,0,0,0.03,-0.023,-1.054,1.7,-0.6,0.1
41.3327838,50,0,18.9,0,0,0.03,-0.023,-1.054,1.7,-0.6,0.1
41.3427838,41,0,18.9,0,0,0.03,-0.023,-1.054,1.7,-0.6,0.1
41.3865988,40,0,18.9,0,0,0.031,-0.006,-0.964,-0.6,-0.3,0
41.3965988,52,0,18.9,0,0,0.031,-0.006,-0.964,-0.6,-0.3,0
41.4065988,53,0,18.9,0,0,0.031,-0.006,-0.964,-0.6,-0.3,0
41.4165988,49,0,18.9,0,0,0.031,-0.006,-0.964,-0.6,-0.3,0
41.4265988,50,0,18.9,0,0,0.031,-0.006,-0.964,-0.6,-0.3,0
41.4510859,69,0,18.9,0,0,0.259,0.083,-0.911,-1,-5.9,3.7
41.4610859,296,0,18.9,0,0,0.259,0.083,-0.911,-1,-5.9,3.7
41.4710859,452,0,18.9,0,0,0.259,0.083,-0.911,-1,-5.9,3.7
41.4810859,439,0,18.9,0,0,0.259,0.083,-0.911,-1,-5.9,3.7
41.4910859,464,0,18.9,0,0,0.259,0.083,-0.911,-1,-5.9,3.7
41.5010859,467,0,18.8,0,0,0.039,0.063,-0.822,5.1,-3.5,-0.2
41.5110859,442,0,18.8,0,0,0.039,0.063,-0.822,5.1,-3.5,-0.2
41.5210859,434,0,18.8,0,0,0.039,0.063,-0.822,5.1,-3.5,-0.2
41.5310859,466,0,18.8,0,0,0.039,0.063,-0.822,5.1,-3.5,-0.2
41.5410859,444,0,18.8,0,0,0.039,0.063,-0.822,5.1,-3.5,-0.2
41.6095785,435,0.06,18.9,0,0,0.023,-0.021,-1.356,-7.5,-4,0.1
41.6195785,466,0.06,18.9,0,0,0.023,-0.021,-1.356,-7.5,-4,0.1
41.6295785,435,0.06,18.9,0,0,0.023,-0.021,-1.356,-7.5,-4,0.1
41.6395785,396,0.06,18.9,0,0,0.023,-0.021,-1.356,-7.5,-4,0.1
41.6495785,442,0.06,18.9,0,0,0.023,-0.021,-1.356,-7.5,-4,0.1
41.6595785,412,-0.07,18.8,0,0,0.027,-0.107,-1.008,-2.4,1.5,-0.7
41.6695785,442,-0.07,18.8,0,0,0.027,-0.107,-1.008,-2.4,1.5,-0.7
41.6795785,473,-0.07,18.8,0,0,0.027,-0.107,-1.008,-2.4,1.5,-0.7
41.6895785,414,-0.07,18.8,0,0,0.027,-0.107,-1.008,-2.4,1.5,-0.7
41.6995785,406,-0.07,18.8,0,0,0.027,-0.107,-1.008,-2.4,1.5,-0.7
41.7507671,467,0.18,18.8,0,0,0.045,-0.098,-0.66,-5.5,-0.9,-0.2
41.7607671,432,0.18,18.8,0,0,0.045,-0.098,-0.66,-5.5,-0.9,-0.2
41.7707671,378,0.18,18.8,0,0,0.045,-0.098,-0.66,-5.5,-0.9,-0.2
41.7807671,430,0.18,18.8,0,0,0.045,-0.098,-0.66,-5.5,-0.9,-0.2
41.7907671,475,0.18,18.8,0,0,0.045,-0.098,-0.66,-5.5,-0.9,-0.2
41.8007671,391,-0.01,18.8,0,0,0.079,-0.055,-0.842,7.4,-0.4,1
41.8107671,383,-0.01,18.8,0,0,0.079,-0.055,-0.842,7.4,-0.4,1
41.8207671,454,-0.01,18.8,0,0,0.079,-0.055,-0.842,7.4,-0.4,1
41.8307671,442,-0.01,18.8,0,0,0.079,-0.055,-0.842,7.4,-0.4,1
41.8407671,414,-0.01,18.8,0,0,0.079,-0.055,-0.842,7.4,-0.4,1
41.8507671,440,-0.02,18.8,0,0,0.055,-0.063,-0.754,-9,5.8,0.2
41.8607671,471,-0.02,18.8,0,0,0.055,-0.063,-0.754,-9,5.8,0.2
41.8707671,418,-0.02,18.8,0,0,0.055,-0.063,-0.754,-9,5.8,0.2
41.8807671,411,-0.02,18.8,0,0,0.055,-0.063,-0.754,-9,5.8,0.2
41.8907671,464,-0.02,18.8,0,0,0.055,-0.063,-0.754,-9,5.8,0.2
41.9110369,434,-0.05,18.8,0,0,-0.045,0.085,-1.492,11,0.7,0.7
41.9210369,380,-0.05,18.8,0,0,-0.045,0.085,-1.492,11,0.7,0.7
41.9310369,430,-0.05,18.8,0,0,-0.045,0.085,-1.492,11,0.7,0.7
41.9410369,477,-0.05,18.8,0,0,-0.045,0.085,-1.492,11,0.7,0.7
41.9510369,397,-0.05,18.8,0,0,-0.045,0.085,-1.492,11,0.7,0.7
41.9864641,474,0.04,18.8,0,0,0.032,0.115,-0.912,9.5,-8.6,-0.3
41.9964641,415,0.04,18.8,0,0,0.032,0.115,-0.912,9.5,-8.6,-0.3
42.0064641,408,0.04,18.8,0,0,0.032,0.115,-0.912,9.5,-8.6,-0.3
42.0164641,468,0.04,18.8,0,0,0.032,0.115,-0.912,9.5,-8.6,-0.3
42.0264641,423,0.04,18.8,0,0,0.032,0.115,-0.912,9.5,-8.6,-0.3
42.0530911,454,0.13,18.8,0,0,0.018,-0.041,-0.899,1.7,-1.3,-0.3
42.0630911,438,0.13,18.8,0,0,0.018,-0.041,-0.899,1.7,-1.3,-0.3
42.0730911,407,0.13,18.8,0,0,0.018,-0.041,-0.899,1.7,-1.3,-0.3
42.0830911,438,0.13,18.8,0,0,0.018,-0.041,-0.899,1.7,-1.3,-0.3
42.0930911,471,0.13,18.8,0,0,0.018,-0.041,-0.899,1.7,-1.3,-0.3
42.1341274,419,-0.02,18.8,0,0,0.028,-0.215,-1.253,6.2,-2,0.5
42.1441274,411,-0.02,18.8,0,0,0.028,-0.215,-1.253,6.2,-2,0.5
42.1541274,464,-0.02,18.8,0,0,0.028,-0.215,-1.253,6.2,-2,0.5
42.1641274,434,-0.02,18.8,0,0,0.028,-0.215,-1.253,6.2,-2,0.5
42.1741274,382,-0.02,18.8,0,0,0.028,-0.215,-1.253,6.2,-2,0.5
42.1841274,432,-0.05,18.8,0,0,0.071,-0.063,-0.518,-17.1,4.6,0.4
42.1941274,477,-0.05,18.8,0,0,0.071,-0.063,-0.518,-17.1,4.6,0.4
42.2041274,397,-0.05,18.8,0,0,0.071,-0.063,-0.518,-17.1,4.6,0.4
42.2141274,388,-0.05,18.8,0,0,0.071,-0.063,-0.518,-17.1,4.6,0.4
42.2241274,455,-0.05,18.8,0,0,0.071,-0.063,-0.518,-17.1,4.6,0.4
42.2341274,441,-0.1,18.8,0,0,0.02,0.013,-1.027,2.7,2.6,0.5
42.2441274,413,-0.1,18.8,0,0,0.02,0.013,-1.027,2.7,2.6,0.5
42.2541274,445,-0.1,18.8,0,0,0.02,0.013,-1.027,2.7,2.6,0.5
42.2641274,471,-0.1,18.8,0,0,0.02,0.013,-1.027,2.7,2.6,0.5
42.2741274,412,-0.1,18.8,0,0,0.02,0.013,-1.027,2.7,2.6,0.5
42.2841274,408,0.06,18.9,0,0,-0.018,-0.118,-1.705,-18.6,4.5,0.8
42.2941274,468,0.06,18.9,0,0,-0.018,-0.118,-1.705,-18.6,4.5,0.8
42.3041274,428,0.06,18.9,0,0,-0.018,-0.118,-1.705,-18.6,4.5,0.8
42.3141274,367,0.06,18.9,0,0,-0.018,-0.118,-1.705,-18.6,4.5,0.8
42.3241274,426,0.06,18.9,0,0,-0.018,-0.118,-1.705,-18.6,4.5,0.8
42.3341274,473,0.05,18.8,0,0,0.005,0.08,-1.338,16.2,-10,-0.1
42.3441274,413,0.05,18.8,0,0,0.005,0.08,-1.338,16.2,-10,-0.1
42.3541274,408,0.05,18.8,0,0,0.005,0.08,-1.338,16.2,-10,-0.1
42.3641274,460,0.05,18.8,0,0,0.005,0.08,-1.338,16.2,-10,-0.1
42.3741274,441,0.05,18.8,0,0,0.005,0.08,-1.338,16.2,-10,-0.1
42.3841274,404,-0.07,18.7,0,0,0.057,0.15,-0.8,1.4,-3.9,-0.4
42.3941274,438,-0.07,18.7,0,0,0.057,0.15,-0.8,1.4,-3.9,-0.4
42.4041274,468,-0.07,18.7,0,0,0.057,0.15,-0.8,1.4,-3.9,-0.4
42.4141274,408,-0.07,18.7,0,0,0.057,0.15,-0.8,1.4,-3.9,-0.4
42.4241274,414,-0.07,18.7,0,0,0.057,0.15,-0.8,1.4,-3.9,-0.4
42.437551,478,0.13,18.8,0,0,0.05,0,-0.32,5.9,-1.5,-1.5
42.447551,430,0.13,18.8,0,0,0.05,0,-0.32,5.9,-1.5,-1.5
42.457551,368,0.13,18.8,0,0,0.05,0,-0.32,5.9,-1.5,-1.5
42.467551,429,0.13,18.8,0,0,0.05,0,-0.32,5.9,-1.5,-1.5
42.477551,473,0.13,18.8,0,0,0.05,0,-0.32,5.9,-1.5,-1.5
42.487551,391,0.04,18.8,0,0,0.009,-0.298,-1.454,-2.9,-1.5,0.4
42.497551,388,0.04,18.8,0,0,0.009,-0.298,-1.454,-2.9,-1.5,0.4
42.507551,459,0.04,18.8,0,0,0.009,-0.298,-1.454,-2.9,-1.5,0.4
42.517551,445,0.04,18.8,0,0,0.009,-0.298,-1.454,-2.9,-1.5,0.4
42.527551,409,0.04,18.8,0,0,0.009,-0.298,-1.454,-2.9,-1.5,0.4
42.537551,443,0,18.8,0,0,0.047,-0.064,-0.753,-6.4,0.5,-0.1
42.547551,470,0,18.8,0,0,0.047,-0.064,-0.753,-6.4,0.5,-0.1
42.557551,406,0,18.8,0,0,0.047,-0.064,-0.753,-6.4,0.5,-0.1
42.567551,407,0,18.8,0,0,0.047,-0.064,-0.753,-6.4,0.5,-0.1
42.577551,469,0,18.8,0,0,0.047,-0.064,-0.753,-6.4,0.5,-0.1
42.587551,433,0.01,18.9,0,0,0.082,0.033,-0.837,14.2,3.3,0.7
42.597551,379,0.01,18.9,0,0,0.082,0.033,-0.837,14.2,3.3,0.7
42.607551,433,0.01,18.9,0,0,0.082,0.033,-0.837,14.2,3.3,0.7
42.617551,403,0.01,18.9,0,0,0.082,0.033,-0.837,14.2,3.3,0.7
42.627551,218,0.01,18.9,0,0,0.082,0.033,-0.837,14.2,3.3,0.7
42.637551,101,0,18.9,0,0,0.037,0,-0.823,8.2,1.7,0.2
42.647551,62,0,18.9,0,0,0.037,0,-0.823,8.2,1.7,0.2
42.657551,24,0,18.9,0,0,0.037,0,-0.823,8.2,1.7,0.2
42.667551,40,0,18.9,0,0,0.037,0,-0.823,8.2,1.7,0.2
42.677551,62,0,18.9,0,0,0.037,0,-0.823,8.2,1.7,0.2
42.687551,22,0,18.9,0,0,0.033,0.007,-0.866,-1.7,-0.6,0
42.697551,31,0,18.9,0,0,0.033,0.007,-0.866,-1.7,-0.6,0
42.707551,63,0,18.9,0,0,0.033,0.007,-0.866,-1.7,-0.6,0
42.717551,32,0,18.9,0,0,0.033,0.007,-0.866,-1.7,-0.6,0
42.727551,32,0,18.9,0,0,0.033,0.007,-0.866,-1.7,-0.6,0
42.7378763,63,-0.01,18.9,0,0,0.03,0.002,-0.971,-2.7,-0.9,0
42.7478763,36,-0.01,18.9,0,0,0.03,0.002,-0.971,-2.7,-0.9,0
42.7578763,34,-0.01,18.9,0,0,0.03,0.002,-0.971,-2.7,-0.9,0
42.7678763,57,-0.01,18.9,0,0,0.03,0.002,-0.971,-2.7,-0.9,0
42.7778763,28,-0.01,18.9,0,0,0.03,0.002,-0.971,-2.7,-0.9,0
42.7878763,0,0,18.8,0,0,0.03,-0.019,-0.997,-2.7,0,0
42.7978763,17,0,18.8,0,0,0.03,-0.019,-0.997,-2.7,0,0
42.8078763,40,0,18.8,0,0,0.03,-0.019,-0.997,-2.7,0,0
42.8178763,48,0,18.8,0,0,0.03,-0.019,-0.997,-2.7,0,0
42.8278763,46,0,18.8,0,0,0.03,-0.019,-0.997,-2.7,0,0
42.8378763,41,0,18.9,0,0,0.027,-0.044,-1.104,-1.5,-0.5,0
42.8478763,49,0,18.9,0,0,0.027,-0.044,-1.104,-1.5,-0.5,0
42.8578763,49,0,18.9,0,0,0.027,-0.044,-1.104,-1.5,-0.5,0
42.8678763,41,0,18.9,0,0,0.027,-0.044,-1.104,-1.5,-0.5,0
42.8778763,43,0,18.9,0,0,0.027,-0.044,-1.104,-1.5,-0.5,0
42.8878763,43,0,18.9,0,0,0.026,-0.02,-1.059,3.9,-1.3,0.1
42.8978763,41,0,18.9,0,0,0.026,-0.02,-1.059,3.9,-1.3,0.1
42.9078763,31,0,18.9,0,0,0.026,-0.02,-1.059,3.9,-1.3,0.1
42.9178763,29,0,18.9,0,0,0.026,-0.02,-1.059,3.9,-1.3,0.1
42.9278763,39,0,18.9,0,0,0.026,-0.02,-1.059,3.9,-1.3,0.1
42.9378763,54,0,18.9,0,0,0.032,0.003,-0.909,4.2,-0.6,0
42.9478763,54,0,18.9,0,0,0.032,0.003,-0.909,4.2,-0.6,0
42.9578763,40,0,18.9,0,0,0.032,0.003,-0.909,4.2,-0.6,0
42.9678763,44,0,18.9,0,0,0.032,0.003,-0.909,4.2,-0.6,0
42.9778763,46,0,18.9,0,0,0.032,0.003,-0.909,4.2,-0.6,0
42.9878763,44,0,18.9,0,0,0.03,-0.002,-0.93,-0.7,0,0
42.9978763,42,0,18.9,0,0,0.03,-0.002,-0.93,-0.7,0,0
43.0078763,42,0,18.9,0,0,0.03,-0.002,-0.93,-0.7,0,0
43.0178763,43,0,18.9,0,0,0.03,-0.002,-0.93,-0.7,0,0
43.0278763,41,0,18.9,0,0,0.03,-0.002,-0.93,-0.7,0,0
43.0388047,40,0,18.9,0,0,0.027,-0.025,-1.023,-2.3,-0.7,0
43.0488047,42,0,18.9,0,0,0.027,-0.025,-1.023,-2.3,-0.7,0
43.0588047,48,0,18.9,0,0,0.027,-0.025,-1.023,-2.3,-0.7,0
43.0688047,49,0,18.9,0,0,0.027,-0.025,-1.023,-2.3,-0.7,0
43.0788047,42,0,18.9,0,0,0.027,-0.025,-1.023,-2.3,-0.7,0
43.1063075,42,0,18.9,0,0,0.026,-0.02,-1.044,0.3,-1.3,0
43.1163075,43,0,18.9,0,0,0.026,-0.02,-1.044,0.3,-1.3,0
43.1263075,47,0,18.9,0,0,0.026,-0.02,-1.044,0.3,-1.3,0
43.1363075,46,0,18.9,0,0,0.026,-0.02,-1.044,0.3,-1.3,0
43.1463075,43,0,18.9,0,0,0.026,-0.02,-1.044,0.3,-1.3,0
43.1563075,48,0,18.9,0,0,0.028,-0.028,-1.049,-1.5,0.4,0
43.1663075,42,0,18.9,0,0,0.028,-0.028,-1.049,-1.5,0.4,0
43.1763075,49,0,18.9,0,0,0.028,-0.028,-1.049,-1.5,0.4,0
43.1863075,49,0,18.9,0,0,0.028,-0.028,-1.049,-1.5,0.4,0
43.1963075,46,0,18.9,0,0,0.028,-0.028,-1.049,-1.5,0.4,0
43.2063075,46,0,18.9,0,0,0.027,-0.029,-1.072,2.4,-1,0
43.2163075,42,0,18.9,0,0,0.027,-0.029,-1.072,2.4,-1,0
43.2263075,37,0,18.9,0,0,0.027,-0.029,-1.072,2.4,-1,0
43.2363075,27,0,18.9,0,0,0.027,-0.029,-1.072,2.4,-1,0
43.2463075,31,0,18.9,0,0,0.027,-0.029,-1.072,2.4,-1,0
43.2624971,52,0,18.9,0,0,0.032,0.003,-0.919,2.5,-1.2,0
43.2724971,53,0,18.9,0,0,0.032,0.003,-0.919,2.5,-1.2,0
43.2824971,41,0,18.9,0,0,0.032,0.003,-0.919,2.5,-1.2,0
43.2924971,48,0,18.9,0,0,0.032,0.003,-0.919,2.5,-1.2,0
43.3024971,49,0,18.9,0,0,0.032,0.003,-0.919,2.5,-1.2,0
43.3244186,44,0,18.9,0,0,0.032,0,-0.934,-1.9,0,0
43.3344186,42,0,18.9,0,0,0.032,0,-0.934,-1.9,0,0
43.3444186,42,0,18.9,0,0,0.032,0,-0.934,-1.9,0,0
43.3544186,43,0,18.9,0,0,0.032,0,-0.934,-1.9,0,0
43.3644186,37,0,18.9,0,0,0.032,0,-0.934,-1.9,0,0
43.3744186,37,0,18.9,0,0,0.027,-0.025,-1.048,-1.7,-0.1,0
43.3844186,42,0,18.9,0,0,0.027,-0.025,-1.048,-1.7,-0.1,0
43.3944186,52,0,18.9,0,0,0.027,-0.025,-1.048,-1.7,-0.1,0
43.4044186,53,0,18.9,0,0,0.027,-0.025,-1.048,-1.7,-0.1,0
43.4144186,43,0,18.9,0,0,0.027,-0.025,-1.048,-1.7,-0.1,0
43.4244186,42,0.01,18.8,0,0,0.028,-0.024,-1.058,1.5,-1.2,0
43.4344186,43,0.01,18.8,0,0,0.028,-0.024,-1.058,1.5,-1.2,0
43.4444186,45,0.01,18.8,0,0,0.028,-0.024,-1.058,1.5,-1.2,0
43.4544186,45,0.01,18.8,0,0,0.028,-0.024,-1.058,1.5,-1.2,0
43.4644186,45,0.01,18.8,0,0,0.028,-0.024,-1.058,1.5,-1.2,0
43.488412,42,0,18.9,0,0,0.028,-0.012,-0.977,0,-0.5,0
43.498412,22,0,18.9,0,0,0.028,-0.012,-0.977,0,-0.5,0
43.508412,23,0,18.9,0,0,0.028,-0.012,-0.977,0,-0.5,0
43.518412,41,0,18.9,0,0,0.028,-0.012,-0.977,0,-0.5,0
43.528412,49,0,18.9,0,0,0.028,-0.012,-0.977,0,-0.5,0
43.538412,49,0.01,18.8,0,0,0.027,-0.02,-1.054,-0.5,0,0
43.548412,42,0.01,18.8,0,0,0.027,-0.02,-1.054,-0.5,0,0
43.558412,47,0.01,18.8,0,0,0.027,-0.02,-1.054,-0.5,0,0
43.568412,48,0.01,18.8,0,0,0.027,-0.02,-1.054,-0.5,0,0
43.578412,48,0.01,18.8,0,0,0.027,-0.02,-1.054,-0.5,0,0
43.588412,47,-0.01,18.8,0,0,0.028,-0.016,-1.032,2.7,-0.9,0
43.598412,42,-0.01,18.8,0,0,0.028,-0.016,-1.032,2.7,-0.9,0
43.608412,41,-0.01,18.8,0,0,0.028,-0.016,-1.032,2.7,-0.9,0
43.618412,30,-0.01,18.8,0,0,0.028,-0.016,-1.032,2.7,-0.9,0
43.628412,30,-0.01,18.8,0,0,0.028,-0.016,-1.032,2.7,-0.9,0
43.6757784,41,0,18.8,0,0,0.031,0,-0.928,1.4,-0.7,0
43.6857784,53,0,18.8,0,0,0.031,0,-0.928,1.4,-0.7,0
43.6957784,53,0,18.8,0,0,0.031,0,-0.928,1.4,-0.7,0
43.7057784,44,0,18.8,0,0,0.031,0,-0.928,1.4,-0.7,0
43.7157784,45,0,18.8,0,0,0.031,0,-0.928,1.4,-0.7,0
43.7257784,44,0,18.9,0,0,0.03,-0.009,-0.973,-2.1,-0.3,0
43.7357784,46,0,18.9,0,0,0.03,-0.009,-0.973,-2.1,-0.3,0
43.7457784,46,0,18.9,0,0,0.03,-0.009,-0.973,-2.1,-0.3,0
43.7557784,44,0,18.9,0,0,0.03,-0.009,-0.973,-2.1,-0.3,0
43.7657784,37,0,18.9,0,0,0.03,-0.009,-0.973,-2.1,-0.3,0
43.7757784,36,0,18.9,0,0,0.026,-0.021,-1.053,-0.9,-0.6,0
43.7857784,43,0,18.9,0,0,0.026,-0.021,-1.053,-0.9,-0.6,0
43.7957784,48,0,18.9,0,0,0.026,-0.021,-1.053,-0.9,-0.6,0
43.8057784,48,0,18.9,0,0,0.026,-0.021,-1.053,-0.9,-0.6,0
43.8157784,43,0,18.9,0,0,0.026,-0.021,-1.053,-0.9,-0.6,0
43.8257784,43,0,18.8,0,0,0.028,-0.016,-1.025,2,-1,0.1
43.8357784,44,0,18.8,0,0,0.028,-0.016,-1.025,2,-1,0.1
43.8457784,44,0,18.8,0,0,0.028,-0.016,-1.025,2,-1,0.1
43.8557784,48,0,18.8,0,0,0.028,-0.016,-1.025,2,-1,0.1
43.8657784,48,0,18.8,0,0,0.028,-0.016,-1.025,2,-1,0.1
43.8757784,43,0,18.9,0,0,0.03,-0.015,-0.991,-0.3,-0.1,0
43.8857784,21,0,18.9,0,0,0.03,-0.015,-0.991,-0.3,-0.1,0
43.8957784,16,0,18.9,0,0,0.03,-0.015,-0.991,-0.3,-0.1,0
43.9057784,37,0,18.9,0,0,0.03,-0.015,-0.991,-0.3,-0.1,0
43.9157784,50,0,18.9,0,0,0.03,-0.015,-0.991,-0.3,-0.1,0
43.9257784,50,0,18.9,0,0,0.03,-0.005,-1.078,0.2,-0.3,0
43.9357784,41,0,18.9,0,0,0.03,-0.005,-1.078,0.2,-0.3,0
43.9457784,48,0,18.9,0,0,0.03,-0.005,-1.078,0.2,-0.3,0
43.9557784,49,0,18.9,0,0,0.03,-0.005,-1.078,0.2,-0.3,0
43.9657784,42,0,18.9,0,0,0.03,-0.005,-1.078,0.2,-0.3,0
43.9757784,43,0,18.9,0,0,0.03,-0.004,-0.936,-1,-0.4,0
43.9857784,43,0,18.9,0,0,0.03,-0.004,-0.936,-1,-0.4,0
43.9957784,42,0,18.9,0,0,0.03,-0.004,-0.936,-1,-0.4,0
44.0057784,31,0,18.9,0,0,0.03,-0.004,-0.936,-1,-0.4,0
44.0157784,30,0,18.9,0,0,0.03,-0.004,-0.936,-1,-0.4,0
44.0257784,40,0,18.9,0,0,0.027,-0.027,-1.049,-2.1,-0.2,0
44.0357784,54,0,18.9,0,0,0.027,-0.027,-1.049,-2.1,-0.2,0
44.0457784,54,0,18.9,0,0,0.027,-0.027,-1.049,-2.1,-0.2,0
44.0557784,41,0,18.9,0,0,0.027,-0.027,-1.049,-2.1,-0.2,0
44.0657784,42,0,18.9,0,0,0.027,-0.027,-1.049,-2.1,-0.2,0
44.0757784,44,0.01,18.8,0,0,0.027,-0.025,-1.071,1.8,-1,0.1
44.0857784,44,0.01,18.8,0,0,0.027,-0.025,-1.071,1.8,-1,0.1
44.0957784,46,0.01,18.8,0,0,0.027,-0.025,-1.071,1.8,-1,0.1
44.1057784,45,0.01,18.8,0,0,0.027,-0.025,-1.071,1.8,-1,0.1
44.1157784,43,0.01,18.8,0,0,0.027,-0.025,-1.071,1.8,-1,0.1
44.1257784,39,0,18.9,0,0,0.03,-0.001,-0.948,2.3,-0.8,0
44.1357784,39,0,18.9,0,0,0.03,-0.001,-0.948,2.3,-0.8,0
44.1457784,47,0,18.9,0,0,0.03,-0.001,-0.948,2.3,-0.8,0
44.1557784,47,0,18.9,0,0,0.03,-0.001,-0.948,2.3,-0.8,0
44.1657784,43,0,18.9,0,0,0.03,-0.001,-0.948,2.3,-0.8,0
44.1757784,42,0.01,18.8,0,0,0.03,-0.008,-0.959,-0.9,0.1,0
44.1857784,43,0.01,18.8,0,0,0.03,-0.008,-0.959,-0.9,0.1,0
44.1957784,44,0.01,18.8,0,0,0.03,-0.008,-0.959,-0.9,0.1,0
44.2057784,48,0.01,18.8,0,0,0.03,-0.008,-0.959,-0.9,0.1,0
44.2157784,47,0.01,18.8,0,0,0.03,-0.008,-0.959,-0.9,0.1,0
44.2257784,44,0,18.8,0,0,0.027,-0.019,-1.034,0.2,-0.7,0
44.2357784,31,0,18.8,0,0,0.027,-0.019,-1.034,0.2,-0.7,0
44.2457784,19,0,18.8,0,0,0.027,-0.019,-1.034,0.2,-0.7,0
44.2557784,30,0,18.8,0,0,0.027,-0.019,-1.034,0.2,-0.7,0
44.2657784,41,0,18.8,0,0,0.027,-0.019,-1.034,0.2,-0.7,0
44.2757784,49,0,18.9,0,0,0.029,-0.004,-0.95,1.7,-1.2,0
44.2857784,49,0,18.9,0,0,0.029,-0.004,-0.95,1.7,-1.2,0
44.2957784,48,0,18.9,0,0,0.029,-0.004,-0.95,1.7,-1.2,0
44.3057784,49,0,18.9,0,0,0.029,-0.004,-0.95,1.7,-1.2,0
44.3157784,43,0,18.9,0,0,0.029,-0.004,-0.95,1.7,-1.2,0
44.3257784,43,0,18.8,0,0,0.03,-0.003,-0.945,-1.7,-0.1,0
44.3357784,42,0,18.8,0,0,0.03,-0.003,-0.945,-1.7,-0.1,0
44.3457784,42,0,18.8,0,0,0.03,-0.003,-0.945,-1.7,-0.1,0
44.3557784,37,0,18.8,0,0,0.03,-0.003,-0.945,-1.7,-0.1,0
44.3657784,30,0,18.8,0,0,0.03,-0.003,-0.945,-1.7,-0.1,0
44.3757784,34,0,18.8,0,0,0.026,-0.029,-1.07,-1.2,-0.1,0
44.3857784,54,0,18.8,0,0,0.026,-0.029,-1.07,-1.2,-0.1,0
44.3957784,54,0,18.8,0,0,0.026,-0.029,-1.07,-1.2,-0.1,0
44.4057784,41,0,18.8,0,0,0.026,-0.029,-1.07,-1.2,-0.1,0
44.4157784,43,0,18.8,0,0,0.026,-0.029,-1.07,-1.2,-0.1,0
44.4257784,45,0,18.9,0,0,0.026,-0.022,-1.053,2.8,-1.1,0.1
44.4357784,44,0,18.9,0,0,0.026,-0.022,-1.053,2.8,-1.1,0.1
44.4457784,43,0,18.9,0,0,0.026,-0.022,-1.053,2.8,-1.1,0.1
44.4557784,43,0,18.9,0,0,0.026,-0.022,-1.053,2.8,-1.1,0.1
44.4657784,43,0,18.9,0,0,0.026,-0.022,-1.053,2.8,-1.1,0.1
44.4757784,41,0,18.8,0,0,0.032,-0.002,-0.93,1.5,-0.7,0
44.4857784,40,0,18.8,0,0,0.032,-0.002,-0.93,1.5,-0.7,0
44.4957784,42,0,18.8,0,0,0.032,-0.002,-0.93,1.5,-0.7,0
44.5057784,48,0,18.8,0,0,0.032,-0.002,-0.93,1.5,-0.7,0
44.5157784,49,0,18.8,0,0,0.032,-0.002,-0.93,1.5,-0.7,0
44.5257784,43,0,18.8,0,0,0.029,-0.006,-0.978,-1.6,0,0
44.5357783999999,41,0,18.8,0,0,0.029,-0.006,-0.978,-1.6,0,0
44.5457784,42,0,18.8,0,0,0.029,-0.006,-0.978,-1.6,0,0
44.5557784,44,0,18.8,0,0,0.029,-0.006,-0.978,-1.6,0,0
44.5657783999999,47,0,18.8,0,0,0.029,-0.006,-0.978,-1.6,0,0
44.5757783999999,46,0,18.8,0,0,0.028,-0.021,-1.031,0.4,-0.9,0
44.5857783999999,42,0,18.8,0,0,0.028,-0.021,-1.031,0.4,-0.9,0
44.5957784,22,0,18.8,0,0,0.028,-0.021,-1.031,0.4,-0.9,0
44.6057783999999,22,0,18.8,0,0,0.028,-0.021,-1.031,0.4,-0.9,0
44.6157783999999,42,0,18.8,0,0,0.028,-0.021,-1.031,0.4,-0.9,0
44.6257783999999,48,0.01,18.8,0,0,0.03,-0.005,-0.947,0.7,-1,0
44.6357783999999,48,0.01,18.8,0,0,0.03,-0.005,-0.947,0.7,-1,0
44.6457783999999,42,0.01,18.8,0,0,0.03,-0.005,-0.947,0.7,-1,0
44.6557783999999,49,0.01,18.8,0,0,0.03,-0.005,-0.947,0.7,-1,0
44.6657783999999,49,0.01,18.8,0,0,0.03,-0.005,-0.947,0.7,-1,0
44.6757783999999,42,0,18.8,0,0,0.03,-0.011,-0.976,-2.3,-0.2,0
44.6857783999999,46,0,18.8,0,0,0.03,-0.011,-0.976,-2.3,-0.2,0
44.6957783999999,46,0,18.8,0,0,0.03,-0.011,-0.976,-2.3,-0.2,0
44.7057783999999,42,0,18.8,0,0,0.03,-0.011,-0.976,-2.3,-0.2,0
44.7157783999999,27,0,18.8,0,0,0.03,-0.011,-0.976,-2.3,-0.2,0
44.7257783999999,26,0,18.9,0,0,0.025,-0.026,-1.074,0,-0.4,0
44.7357783999999,41,0,18.9,0,0,0.025,-0.026,-1.074,0,-0.4,0
44.7457783999999,53,0,18.9,0,0,0.025,-0.026,-1.074,0,-0.4,0
44.7557783999999,53,0,18.9,0,0,0.025,-0.026,-1.074,0,-0.4,0
44.7657783999999,48,0,18.9,0,0,0.025,-0.026,-1.074,0,-0.4,0
44.7757783999999,49,0,18.8,0,0,0.028,-0.011,-1.002,3.2,-1.1,0
44.7857783999999,44,0,18.8,0,0,0.028,-0.011,-1.002,3.2,-1.1,0
44.7957783999999,42,0,18.8,0,0,0.028,-0.011,-1.002,3.2,-1.1,0
44.8057783999999,42,0,18.8,0,0,0.028,-0.011,-1.002,3.2,-1.1,0
44.8157783999999,44,0,18.8,0,0,0.028,-0.011,-1.002,3.2,-1.1,0
44.8257783999999,39,0,18.8,0,0,0.031,-0.002,-0.931,0.3,-0.3,0
44.8357783999999,37,0,18.8,0,0,0.031,-0.002,-0.931,0.3,-0.3,0
44.8457783999999,41,0,18.8,0,0,0.031,-0.002,-0.931,0.3,-0.3,0
44.8557783999999,52,0,18.8,0,0,0.031,-0.002,-0.931,0.3,-0.3,0
44.8657783999999,53,0,18.8,0,0,0.031,-0.002,-0.931,0.3,-0.3,0
44.8757783999999,43,0.01,18.8,0,0,0.028,-0.017,-1.014,-1.7,-0.1,0
44.8857783999999,42,0.01,18.8,0,0,0.028,-0.017,-1.014,-1.7,-0.1,0
44.8957783999999,42,0.01,18.8,0,0,0.028,-0.017,-1.014,-1.7,-0.1,0
44.9057783999999,44,0.01,18.8,0,0,0.028,-0.017,-1.014,-1.7,-0.1,0
44.9157783999999,45,0.01,18.8,0,0,0.028,-0.017,-1.014,-1.7,-0.1,0
44.9257783999999,49,0,18.9,0,0,0.032,-0.005,-0.945,0,-0.7,0.1
44.9357783999999,49,0,18.9,0,0,0.032,-0.005,-0.945,0,-0.7,0.1
44.9457783999999,42,0,18.9,0,0,0.032,-0.005,-0.945,0,-0.7,0.1
44.9557783999999,48,0,18.9,0,0,0.032,-0.005,-0.945,0,-0.7,0.1
44.9657783999999,48,0,18.9,0,0,0.032,-0.005,-0.945,0,-0.7,0.1
44.9757783999999,43,0,18.9,0,0,0.028,-0.017,-1.009,-2.5,0,0
44.9857783999999,48,0,18.9,0,0,0.028,-0.017,-1.009,-2.5,0,0
44.9957783999999,47,0,18.9,0,0,0.028,-0.017,-1.009,-2.5,0,0
45.0057783999999,42,0,18.9,0,0,0.028,-0.017,-1.009,-2.5,0,0
45.0157783999999,29,0,18.9,0,0,0.028,-0.017,-1.009,-2.5,0,0
45.0578171,46,0,18.8,0,0,0.031,-0.006,-0.975,3.3,-1.2,0.1
45.0678171,47,0,18.8,0,0,0.031,-0.006,-0.975,3.3,-1.2,0.1
45.0778171,46,0,18.8,0,0,0.031,-0.006,-0.975,3.3,-1.2,0.1
45.0878171,46,0,18.8,0,0,0.031,-0.006,-0.975,3.3,-1.2,0.1
45.0978171,44,0,18.8,0,0,0.031,-0.006,-0.975,3.3,-1.2,0.1
45.1371571,38,0,18.8,0,0,0.032,-0.002,-0.933,-0.2,-0.1,0
45.1471571,37,0,18.8,0,0,0.032,-0.002,-0.933,-0.2,-0.1,0
45.1571571,42,0,18.8,0,0,0.032,-0.002,-0.933,-0.2,-0.1,0
45.1671571,48,0,18.8,0,0,0.032,-0.002,-0.933,-0.2,-0.1,0
45.1771571,48,0,18.8,0,0,0.032,-0.002,-0.933,-0.2,-0.1,0
45.1871571,43,0,18.8,0,0,0.026,-0.019,-1.025,-1.7,-0.1,0
45.1971571,43,0,18.8,0,0,0.026,-0.019,-1.025,-1.7,-0.1,0
45.2071571,44,0,18.8,0,0,0.026,-0.019,-1.025,-1.7,-0.1,0
45.2171571,44,0,18.8,0,0,0.026,-0.019,-1.025,-1.7,-0.1,0
45.2271571,48,0,18.8,0,0,0.026,-0.019,-1.025,-1.7,-0.1,0
45.2371571,47,0,18.9,0,0,0.028,-0.019,-1.023,0.9,-1.2,0
45.2471571,44,0,18.9,0,0,0.028,-0.019,-1.023,0.9,-1.2,0
45.2571571,25,0,18.9,0,0,0.028,-0.019,-1.023,0.9,-1.2,0
45.2671571,15,0,18.9,0,0,0.028,-0.019,-1.023,0.9,-1.2,0
45.2771571,33,0,18.9,0,0,0.028,-0.019,-1.023,0.9,-1.2,0
45.2871571,50,0,18.8,0,0,0.029,-0.006,-0.953,-0.5,-0.6,0
45.2971571,50,0,18.8,0,0,0.029,-0.006,-0.953,-0.5,-0.6,0
45.3071571,42,0,18.8,0,0,0.029,-0.006,-0.953,-0.5,-0.6,0
45.3171571,48,0,18.8,0,0,0.029,-0.006,-0.953,-0.5,-0.6,0
45.3271571,48,0,18.8,0,0,0.029,-0.006,-0.953,-0.5,-0.6,0
45.3628256,42,0,18.8,0,0,0.028,-0.02,-1.024,-2.3,0,0
45.3728256,43,0,18.8,0,0,0.028,-0.02,-1.024,-2.3,0,0
45.3828256,43,0,18.8,0,0,0.028,-0.02,-1.024,-2.3,0,0
45.3928256,42,0,18.8,0,0,0.028,-0.02,-1.024,-2.3,0,0
45.4028256,34,0,18.8,0,0,0.028,-0.02,-1.024,-2.3,0,0
45.4128256,42,0,18.9,0,0,0.031,-0.002,-0.948,2.9,-1,0
45.4228256,43,0,18.9,0,0,0.031,-0.002,-0.948,2.9,-1,0
45.4328256,44,0,18.9,0,0,0.031,-0.002,-0.948,2.9,-1,0
45.4428256,45,0,18.9,0,0,0.031,-0.002,-0.948,2.9,-1,0
45.4528256,45,0,18.9,0,0,0.031,-0.002,-0.948,2.9,-1,0
45.4638569,43,0,18.9,0,0,0.031,-0.005,-0.947,-1,-0.1,0
45.4738569,39,0,18.9,0,0,0.031,-0.005,-0.947,-1,-0.1,0
45.4838569,39,0,18.9,0,0,0.031,-0.005,-0.947,-1,-0.1,0
45.4938569,42,0,18.9,0,0,0.031,-0.005,-0.947,-1,-0.1,0
45.5038569,47,0,18.9,0,0,0.031,-0.005,-0.947,-1,-0.1,0
45.5138569,47,0,18.8,0,0,0.028,-0.024,-1.044,-1.4,-0.4,0
45.5238569,43,0,18.8,0,0,0.028,-0.024,-1.044,-1.4,-0.4,0
45.5338569,43,0,18.8,0,0,0.028,-0.024,-1.044,-1.4,-0.4,0
45.5438569,44,0,18.8,0,0,0.028,-0.024,-1.044,-1.4,-0.4,0
45.5538569,48,0,18.8,0,0,0.028,-0.024,-1.044,-1.4,-0.4,0
45.5638569,48,0,18.9,0,0,0.027,-0.015,-1.011,1.3,-1.2,0
45.5738569,44,0,18.9,0,0,0.027,-0.015,-1.011,1.3,-1.2,0
45.5838569,35,0,18.9,0,0,0.027,-0.015,-1.011,1.3,-1.2,0
45.5938569,19,0,18.9,0,0,0.027,-0.015,-1.011,1.3,-1.2,0
45.6038569,27,0,18.9,0,0,0.027,-0.015,-1.011,1.3,-1.2,0
45.6182747,42,0.01,18.8,0,0,0.03,-0.007,-0.964,-1,-0.3,0
45.6282747,49,0.01,18.8,0,0,0.03,-0.007,-0.964,-1,-0.3,0
45.6382747,49,0.01,18.8,0,0,0.03,-0.007,-0.964,-1,-0.3,0
45.6482747,42,0.01,18.8,0,0,0.03,-0.007,-0.964,-1,-0.3,0
45.6582747,48,0.01,18.8,0,0,0.03,-0.007,-0.964,-1,-0.3,0
45.6682747,49,0,18.9,0,0,0.027,-0.024,-1.043,-1.8,-0.1,0
45.6782747,42,0,18.9,0,0,0.027,-0.024,-1.043,-1.8,-0.1,0
45.6882747,42,0,18.9,0,0,0.027,-0.024,-1.043,-1.8,-0.1,0
45.6982747,42,0,18.9,0,0,0.027,-0.024,-1.043,-1.8,-0.1,0
45.7082747,41,0,18.9,0,0,0.027,-0.024,-1.043,-1.8,-0.1,0
45.7182747,30,0,18.8,0,0,0.026,-0.02,-1.051,2.5,-1,0.1
45.7282747,31,0,18.8,0,0,0.026,-0.02,-1.051,2.5,-1,0.1
45.7382747,54,0,18.8,0,0,0.026,-0.02,-1.051,2.5,-1,0.1
45.7482747,54,0,18.8,0,0,0.026,-0.02,-1.051,2.5,-1,0.1
45.7582747,42,0,18.8,0,0,0.026,-0.02,-1.051,2.5,-1,0.1
45.7682747,43,-0.01,18.9,0,0,0.031,0,-0.923,2,-0.9,0
45.7782747,44,-0.01,18.9,0,0,0.031,0,-0.923,2,-0.9,0
45.7882747,44,-0.01,18.9,0,0,0.031,0,-0.923,2,-0.9,0
45.7982747,43,-0.01,18.9,0,0,0.031,0,-0.923,2,-0.9,0
45.8082747,42,-0.01,18.9,0,0,0.031,0,-0.923,2,-0.9,0
45.8182747,43,0,18.8,0,0,0.029,-0.007,-0.968,-1.7,0.1,0
45.8282747,41,0,18.8,0,0,0.029,-0.007,-0.968,-1.7,0.1,0
45.8382747,40,0,18.8,0,0,0.029,-0.007,-0.968,-1.7,0.1,0
45.8482747,42,0,18.8,0,0,0.029,-0.007,-0.968,-1.7,0.1,0
45.8582747,48,0,18.8,0,0,0.029,-0.007,-0.968,-1.7,0.1,0
45.8758173,49,0,18.9,0,0,0.027,-0.027,-1.065,-0.6,-0.6,0
45.8858173,43,0,18.9,0,0,0.027,-0.027,-1.065,-0.6,-0.6,0
45.8958173,42,0,18.9,0,0,0.027,-0.027,-1.065,-0.6,-0.6,0
45.9058173,43,0,18.9,0,0,0.027,-0.027,-1.065,-0.6,-0.6,0
45.9158173,44,0,18.9,0,0,0.027,-0.027,-1.065,-0.6,-0.6,0
45.9258173,47,0,18.8,0,0,0.028,-0.013,-1,1.7,-1.2,0
45.9358173,47,0,18.8,0,0,0.028,-0.013,-1,1.7,-1.2,0
45.9458173,44,0,18.8,0,0,0.028,-0.013,-1,1.7,-1.2,0
45.9558173,23,0,18.8,0,0,0.028,-0.013,-1,1.7,-1.2,0
45.9658173,21,0,18.8,0,0,0.028,-0.013,-1,1.7,-1.2,0
45.9758173,40,0,18.9,0,0,0.03,-0.01,-0.978,-1.2,-0.2,0
45.9858173,47,0,18.9,0,0,0.03,-0.01,-0.978,-1.2,-0.2,0
45.9958173,47,0,18.9,0,0,0.03,-0.01,-0.978,-1.2,-0.2,0
46.0058173,42,0,18.9,0,0,0.03,-0.01,-0.978,-1.2,-0.2,0
46.0158173,48,0,18.9,0,0,0.03,-0.01,-0.978,-1.2,-0.2,0
46.0336286,49,0,18.9,0,0,0.026,-0.027,-1.061,-1.1,-0.1,0
46.0436286,42,0,18.9,0,0,0.026,-0.027,-1.061,-1.1,-0.1,0
46.0536286,46,0,18.9,0,0,0.026,-0.027,-1.061,-1.1,-0.1,0
46.0636286,46,0,18.9,0,0,0.026,-0.027,-1.061,-1.1,-0.1,0
46.0736286,42,0,18.9,0,0,0.026,-0.027,-1.061,-1.1,-0.1,0
46.0978644,42,0,18.8,0,0,0.031,0.001,-0.914,0.8,-0.6,0
46.1078644,48,0,18.8,0,0,0.031,0.001,-0.914,0.8,-0.6,0
46.1178644,50,0,18.8,0,0,0.031,0.001,-0.914,0.8,-0.6,0
46.1278644,42,0,18.8,0,0,0.031,0.001,-0.914,0.8,-0.6,0
46.1378644,42,0,18.8,0,0,0.031,0.001,-0.914,0.8,-0.6,0
46.1771043,43,0,18.8,0,0,0.029,-0.013,-0.998,-2.1,0,0
46.1871043,41,0,18.8,0,0,0.029,-0.013,-0.998,-2.1,0,0
46.1971043,37,0,18.8,0,0,0.029,-0.013,-0.998,-2.1,0,0
46.2071043,39,0,18.8,0,0,0.029,-0.013,-0.998,-2.1,0,0
46.2171043,52,0,18.8,0,0,0.029,-0.013,-0.998,-2.1,0,0
46.2570218,45,0,18.9,0,0,0.029,-0.011,-0.987,1.7,-0.9,0
46.2670218,44,0,18.9,0,0,0.029,-0.011,-0.987,1.7,-0.9,0
46.2770218,44,0,18.9,0,0,0.029,-0.011,-0.987,1.7,-0.9,0
46.2870218,28,0,18.9,0,0,0.029,-0.011,-0.987,1.7,-0.9,0
46.2970218,21,0,18.9,0,0,0.029,-0.011,-0.987,1.7,-0.9,0
46.356308,36,0,18.8,0,0,0.03,-0.015,-1.002,-1.3,0,0
46.366308,49,0,18.8,0,0,0.03,-0.015,-1.002,-1.3,0,0
46.376308,49,0,18.8,0,0,0.03,-0.015,-1.002,-1.3,0,0
46.386308,42,0,18.8,0,0,0.03,-0.015,-1.002,-1.3,0,0
46.396308,47,0,18.8,0,0,0.03,-0.015,-1.002,-1.3,0,0
46.406308,30,0,18.8,0,0,0.029,-0.008,-0.992,3.2,-1.2,0.1
46.416308,29,0,18.8,0,0,0.029,-0.008,-0.992,3.2,-1.2,0.1
46.426308,41,0,18.8,0,0,0.029,-0.008,-0.992,3.2,-1.2,0.1
46.436308,52,0,18.8,0,0,0.029,-0.008,-0.992,3.2,-1.2,0.1
46.446308,53,0,18.8,0,0,0.029,-0.008,-0.992,3.2,-1.2,0.1
46.4834322,42,0,18.8,0,0,0.033,0.002,-0.911,0,-0.4,0
46.4934322,45,0,18.8,0,0,0.033,0.002,-0.911,0,-0.4,0
46.5034322,46,0,18.8,0,0,0.033,0.002,-0.911,0,-0.4,0
46.5134322,46,0,18.8,0,0,0.033,0.002,-0.911,0,-0.4,0
46.5234322,46,0,18.8,0,0,0.033,0.002,-0.911,0,-0.4,0
46.5334322,44,0,18.9,0,0,0.029,-0.016,-1.013,-2.1,-0.1,0
46.5434322,40,0,18.9,0,0,0.029,-0.016,-1.013,-2.1,-0.1,0
46.5534322,36,0,18.9,0,0,0.029,-0.016,-1.013,-2.1,-0.1,0
46.5634322,39,0,18.9,0,0,0.029,-0.016,-1.013,-2.1,-0.1,0
46.5734322,48,0,18.9,0,0,0.029,-0.016,-1.013,-2.1,-0.1,0
46.5834322,48,0,18.8,0,0,0.025,-0.024,-1.071,0.7,-1,0
46.5934322,43,0,18.8,0,0,0.025,-0.024,-1.071,0.7,-1,0
46.6034322,43,0,18.8,0,0,0.025,-0.024,-1.071,0.7,-1,0
46.6134322,44,0,18.8,0,0,0.025,-0.024,-1.071,0.7,-1,0
46.6234322,44,0,18.8,0,0,0.025,-0.024,-1.071,0.7,-1,0
46.6334322,48,0,18.9,0,0,0.03,-0.011,-0.979,1.5,-0.9,0.1
46.6434322,48,0,18.9,0,0,0.03,-0.011,-0.979,1.5,-0.9,0.1
46.6534322,44,0,18.9,0,0,0.03,-0.011,-0.979,1.5,-0.9,0.1
46.6634322,27,0,18.9,0,0,0.03,-0.011,-0.979,1.5,-0.9,0.1
46.6734322,15,0,18.9,0,0,0.03,-0.011,-0.979,1.5,-0.9,0.1
46.6834322,30,0,18.9,0,0,0.03,-0.018,-1.015,-1.1,0,0
46.6934322,41,0,18.9,0,0,0.03,-0.018,-1.015,-1.1,0,0
46.7034322,50,0,18.9,0,0,0.03,-0.018,-1.015,-1.1,0,0
46.7134322,50,0,18.9,0,0,0.03,-0.018,-1.015,-1.1,0,0
46.7234322,48,0,18.9,0,0,0.03,-0.018,-1.015,-1.1,0,0
46.7334322,48,-0.01,18.8,0,0,0.027,-0.028,-1.078,0.8,-0.5,0
46.7434322,42,-0.01,18.8,0,0,0.027,-0.028,-1.078,0.8,-0.5,0
46.7534322,44,-0.01,18.8,0,0,0.027,-0.028,-1.078,0.8,-0.5,0
46.7634322,44,-0.01,18.8,0,0,0.027,-0.028,-1.078,0.8,-0.5,0
46.7734322,42,-0.01,18.8,0,0,0.027,-0.028,-1.078,0.8,-0.5,0
46.7849714,37,0,18.9,0,0,0.029,-0.003,-0.963,3.1,-1.2,0
46.7949714,31,0,18.9,0,0,0.029,-0.003,-0.963,3.1,-1.2,0
46.8049714,36,0,18.9,0,0,0.029,-0.003,-0.963,3.1,-1.2,0
46.8149714,54,0,18.9,0,0,0.029,-0.003,-0.963,3.1,-1.2,0
46.8249714,54,0,18.9,0,0,0.029,-0.003,-0.963,3.1,-1.2,0
46.8492228,44,0,18.9,0,0,0.026,-0.02,-1.037,-1.9,-0.3,0
46.8592228,43,0,18.9,0,0,0.026,-0.02,-1.037,-1.9,-0.3,0
46.8692228,39,0,18.9,0,0,0.026,-0.02,-1.037,-1.9,-0.3,0
46.8792228,39,0,18.9,0,0,0.026,-0.02,-1.037,-1.9,-0.3,0
46.8892228,42,0,18.9,0,0,0.026,-0.02,-1.037,-1.9,-0.3,0
46.8992228,47,0,18.9,0,0,0.031,-0.023,-1.06,1.5,-1.2,0
46.9092228,47,0,18.9,0,0,0.031,-0.023,-1.06,1.5,-1.2,0
46.9192228,43,0,18.9,0,0,0.031,-0.023,-1.06,1.5,-1.2,0
46.9292228,43,0,18.9,0,0,0.031,-0.023,-1.06,1.5,-1.2,0
46.9392228,44,0,18.9,0,0,0.031,-0.023,-1.06,1.5,-1.2,0
46.963975,48,0,18.9,0,0,0.03,-0.011,-0.987,-1.5,0,0
46.973975,48,0,18.9,0,0,0.03,-0.011,-0.987,-1.5,0,0
46.983975,44,0,18.9,0,0,0.03,-0.011,-0.987,-1.5,0,0
46.993975,37,0,18.9,0,0,0.03,-0.011,-0.987,-1.5,0,0
47.003975,20,0,18.9,0,0,0.03,-0.011,-0.987,-1.5,0,0
47.013975,25,0,18.9,0,0,0.028,-0.016,-1.026,1.5,-1,0
47.023975,42,0,18.9,0,0,0.028,-0.016,-1.026,1.5,-1,0
47.033975,49,0,18.9,0,0,0.028,-0.016,-1.026,1.5,-1,0
47.043975,49,0,18.9,0,0,0.028,-0.016,-1.026,1.5,-1,0
47.053975,42,0,18.9,0,0,0.028,-0.016,-1.026,1.5,-1,0
47.1081687,48,-0.01,18.9,0,0,0.031,-0.002,-0.931,1.1,-1,0
47.1181687,49,-0.01,18.9,0,0,0.031,-0.002,-0.931,1.1,-1,0
47.1281687,42,-0.01,18.9,0,0,0.031,-0.002,-0.931,1.1,-1,0
47.1381687,42,-0.01,18.9,0,0,0.031,-0.002,-0.931,1.1,-1,0
47.1481687,42,-0.01,18.9,0,0,0.031,-0.002,-0.931,1.1,-1,0
47.1581687,42,0,18.9,0,0,0.03,-0.011,-0.987,-2.2,0,0
47.1681687,30,0,18.9,0,0,0.03,-0.011,-0.987,-2.2,0,0
47.1781687,30,0,18.9,0,0,0.03,-0.011,-0.987,-2.2,0,0
47.1881687,41,0,18.9,0,0,0.03,-0.011,-0.987,-2.2,0,0
47.1981687,54,0,18.9,0,0,0.03,-0.011,-0.987,-2.2,0,0
47.2081687,54,-0.01,18.8,0,0,0.025,-0.03,-1.089,0,-0.5,0
47.2181687,43,-0.01,18.8,0,0,0.025,-0.03,-1.089,0,-0.5,0
47.2281687,44,-0.01,18.8,0,0,0.025,-0.03,-1.089,0,-0.5,0
47.2381687,44,-0.01,18.8,0,0,0.025,-0.03,-1.089,0,-0.5,0
47.2481687,43,-0.01,18.8,0,0,0.025,-0.03,-1.089,0,-0.5,0
47.2581687,42,0,18.9,0,0,0.029,-0.014,-1.004,3.1,-1.2,0
47.2681687,43,0,18.9,0,0,0.029,-0.014,-1.004,3.1,-1.2,0
47.2781687,41,0,18.9,0,0,0.029,-0.014,-1.004,3.1,-1.2,0
47.2881687,40,0,18.9,0,0,0.029,-0.014,-1.004,3.1,-1.2,0
47.2981687,42,0,18.9,0,0,0.029,-0.014,-1.004,3.1,-1.2,0
47.3081687,48,0,18.9,0,0,0.031,-0.001,-0.932,0.4,-0.3,0
47.3181687,49,0,18.9,0,0,0.031,-0.001,-0.932,0.4,-0.3,0
47.3281687,43,0,18.9,0,0,0.031,-0.001,-0.932,0.4,-0.3,0
47.3381687,42,0,18.9,0,0,0.031,-0.001,-0.932,0.4,-0.3,0
47.3481687,42,0,18.9,0,0,0.031,-0.001,-0.932,0.4,-0.3,0
47.3581687,44,0,18.8,0,0,0.028,-0.014,-1.005,-1.7,-0.1,0
47.3681687,47,0,18.8,0,0,0.028,-0.014,-1.005,-1.7,-0.1,0
47.3781687,47,0,18.8,0,0,0.028,-0.014,-1.005,-1.7,-0.1,0
47.3881687,44,0,18.8,0,0,0.028,-0.014,-1.005,-1.7,-0.1,0
47.3981687,26,0,18.8,0,0,0.028,-0.014,-1.005,-1.7,-0.1,0
47.4081687,21,0,18.8,0,0,0.026,-0.014,-1.01,1.6,-1.1,0
47.4181687,38,0,18.8,0,0,0.026,-0.014,-1.01,1.6,-1.1,0
47.4281687,48,0,18.8,0,0,0.026,-0.014,-1.01,1.6,-1.1,0
47.4381687,48,0,18.8,0,0,0.026,-0.014,-1.01,1.6,-1.1,0
47.4481687,42,0,18.8,0,0,0.026,-0.014,-1.01,1.6,-1.1,0
47.4581687,49,-0.01,18.9,0,0,0.032,0,-0.928,0.2,-0.8,0
47.4681687,49,-0.01,18.9,0,0,0.032,0,-0.928,0.2,-0.8,0
47.4781687,42,-0.01,18.9,0,0,0.032,0,-0.928,0.2,-0.8,0
47.4881687,46,-0.01,18.9,0,0,0.032,0,-0.928,0.2,-0.8,0
47.4981687,46,-0.01,18.9,0,0,0.032,0,-0.928,0.2,-0.8,0
47.5081687,42,0,18.9,0,0,0.028,-0.018,-1.019,-2.1,0,0
47.5181687,28,0,18.9,0,0,0.028,-0.018,-1.019,-2.1,0,0
47.5281687,27,0,18.9,0,0,0.028,-0.018,-1.019,-2.1,0,0
47.5381687,41,0,18.9,0,0,0.028,-0.018,-1.019,-2.1,0,0
47.5481687,52,0,18.9,0,0,0.028,-0.018,-1.019,-2.1,0,0
47.5581687,53,-0.01,18.9,0,0,0.024,-0.03,-1.088,1,-0.7,0
47.5681687,42,-0.01,18.9,0,0,0.024,-0.03,-1.088,1,-0.7,0
47.5781687,48,-0.01,18.9,0,0,0.024,-0.03,-1.088,1,-0.7,0
47.5881687,49,-0.01,18.9,0,0,0.024,-0.03,-1.088,1,-0.7,0
47.5981687,44,-0.01,18.9,0,0,0.024,-0.03,-1.088,1,-0.7,0
47.6081687,42,0,18.8,0,0,0.029,-0.007,-0.968,3,-1,0.1
47.6181687,42,0,18.8,0,0,0.029,-0.007,-0.968,3,-1,0.1
47.6281687,44,0,18.8,0,0,0.029,-0.007,-0.968,3,-1,0.1
47.6381687,37,0,18.8,0,0,0.029,-0.007,-0.968,3,-1,0.1
47.6481687,37,0,18.8,0,0,0.029,-0.007,-0.968,3,-1,0.1
47.6581687,52,-0.01,18.8,0,0,0.03,-0.002,-0.94,-0.5,-0.1,0
47.6681687,53,-0.01,18.8,0,0,0.03,-0.002,-0.94,-0.5,-0.1,0
47.6781687,43,-0.01,18.8,0,0,0.03,-0.002,-0.94,-0.5,-0.1,0
47.6881687,42,-0.01,18.8,0,0,0.03,-0.002,-0.94,-0.5,-0.1,0
47.6981687,42,-0.01,18.8,0,0,0.03,-0.002,-0.94,-0.5,-0.1,0
47.7081687,44,0,18.9,0,0,0.028,-0.022,-1.026,-1.6,-0.3,0
47.7181687,45,0,18.9,0,0,0.028,-0.022,-1.026,-1.6,-0.3,0
47.7281687,45,0,18.9,0,0,0.028,-0.022,-1.026,-1.6,-0.3,0
47.7381687,44,0,18.9,0,0,0.028,-0.022,-1.026,-1.6,-0.3,0
47.7481687,29,0,18.9,0,0,0.028,-0.022,-1.026,-1.6,-0.3,0
47.7581687,21,0,18.9,0,0,0.027,-0.009,-0.993,1.4,-1.3,0
47.7681687,34,0,18.9,0,0,0.027,-0.009,-0.993,1.4,-1.3,0
47.7781687,42,0,18.9,0,0,0.027,-0.009,-0.993,1.4,-1.3,0
47.7881687,49,0,18.9,0,0,0.027,-0.009,-0.993,1.4,-1.3,0
47.7981687,50,0,18.9,0,0,0.027,-0.009,-0.993,1.4,-1.3,0
47.8081687,47,-0.01,18.9,0,0,0.032,-0.002,-0.933,-0.7,-0.6,0
47.8181687,48,-0.01,18.9,0,0,0.032,-0.002,-0.933,-0.7,-0.6,0
47.8281687,43,-0.01,18.9,0,0,0.032,-0.002,-0.933,-0.7,-0.6,0
47.8381687,48,-0.01,18.9,0,0,0.032,-0.002,-0.933,-0.7,-0.6,0
47.8481687,47,-0.01,18.9,0,0,0.032,-0.002,-0.933,-0.7,-0.6,0
47.8581687,42,0,18.9,0,0,0.027,-0.023,-1.045,-2,0,0
47.8681687,30,0,18.9,0,0,0.027,-0.023,-1.045,-2,0,0
47.8781687,30,0,18.9,0,0,0.027,-0.023,-1.045,-2,0,0
47.8881687,42,0,18.9,0,0,0.027,-0.023,-1.045,-2,0,0
47.8981687,52,0,18.9,0,0,0.027,-0.023,-1.045,-2,0,0
47.9081687,52,-0.01,18.8,0,0,0.025,-0.028,-1.083,1.8,-0.9,0
47.9181687,42,-0.01,18.8,0,0,0.025,-0.028,-1.083,1.8,-0.9,0
47.9281687,45,-0.01,18.8,0,0,0.025,-0.028,-1.083,1.8,-0.9,0
47.9381687,47,-0.01,18.8,0,0,0.025,-0.028,-1.083,1.8,-0.9,0
47.9481687,44,-0.01,18.8,0,0,0.025,-0.028,-1.083,1.8,-0.9,0
47.9581687,46,0,18.9,0,0,0.031,-0.004,-0.957,2.9,-0.9,0
47.9681686999999,46,0,18.9,0,0,0.031,-0.004,-0.957,2.9,-0.9,0
47.9781687,41,0,18.9,0,0,0.031,-0.004,-0.957,2.9,-0.9,0
47.9881687,36,0,18.9,0,0,0.031,-0.004,-0.957,2.9,-0.9,0
47.9981687,38,0,18.9,0,0,0.031,-0.004,-0.957,2.9,-0.9,0
48.0081686999999,48,0,18.9,0,0,0.029,-0.002,-0.943,-0.8,0,0
48.0181686999999,48,0,18.9,0,0,0.029,-0.002,-0.943,-0.8,0,0
48.0281687,43,0,18.9,0,0,0.029,-0.002,-0.943,-0.8,0,0
48.0381687,43,0,18.9,0,0,0.029,-0.002,-0.943,-0.8,0,0
48.0481686999999,44,0,18.9,0,0,0.029,-0.002,-0.943,-0.8,0,0
48.0581686999999,44,0,18.9,0,0,0.028,-0.02,-1.029,-1.5,-0.3,0
48.0681686999999,48,0,18.9,0,0,0.028,-0.02,-1.029,-1.5,-0.3,0
48.0781686999999,48,0,18.9,0,0,0.028,-0.02,-1.029,-1.5,-0.3,0
48.0881686999999,44,0,18.9,0,0,0.028,-0.02,-1.029,-1.5,-0.3,0
48.0981686999999,28,0,18.9,0,0,0.028,-0.02,-1.029,-1.5,-0.3,0
48.1081686999999,15,0,18.8,0,0,0.028,-0.01,-0.983,1.2,-1.2,0
48.1181686999999,30,0,18.8,0,0,0.028,-0.01,-0.983,1.2,-1.2,0
48.1281686999999,41,0,18.8,0,0,0.028,-0.01,-0.983,1.2,-1.2,0
48.1381686999999,50,0,18.8,0,0,0.028,-0.01,-0.983,1.2,-1.2,0
48.1481686999999,50,0,18.8,0,0,0.028,-0.01,-0.983,1.2,-1.2,0
48.1581686999999,48,-0.01,18.9,0,0,0.03,-0.003,-0.943,-1.3,-0.5,0
48.1681686999999,48,-0.01,18.9,0,0,0.03,-0.003,-0.943,-1.3,-0.5,0
48.1781686999999,42,-0.01,18.9,0,0,0.03,-0.003,-0.943,-1.3,-0.5,0
48.1881686999999,44,-0.01,18.9,0,0,0.03,-0.003,-0.943,-1.3,-0.5,0
48.1981686999999,44,-0.01,18.9,0,0,0.03,-0.003,-0.943,-1.3,-0.5,0
48.2081686999999,42,0,18.9,0,0,0.025,-0.024,-1.059,-1.8,-0.1,0
48.2181686999999,37,0,18.9,0,0,0.025,-0.024,-1.059,-1.8,-0.1,0
48.2281686999999,31,0,18.9,0,0,0.025,-0.024,-1.059,-1.8,-0.1,0
48.2381686999999,36,0,18.9,0,0,0.025,-0.024,-1.059,-1.8,-0.1,0
48.2481686999999,53,0,18.9,0,0,0.025,-0.024,-1.059,-1.8,-0.1,0
48.2581686999999,53,0,18.8,0,0,0.027,-0.025,-1.07,2.6,-1,0.1
48.2681686999999,41,0,18.8,0,0,0.027,-0.025,-1.07,2.6,-1,0.1
48.2781686999999,42,0,18.8,0,0,0.027,-0.025,-1.07,2.6,-1,0.1
48.2881686999999,43,0,18.8,0,0,0.027,-0.025,-1.07,2.6,-1,0.1
48.2981686999999,44,0,18.8,0,0,0.027,-0.025,-1.07,2.6,-1,0.1
48.3081686999999,45,0,18.9,0,0,0.03,-0.002,-0.937,2.5,-0.8,0
48.3181686999999,45,0,18.9,0,0,0.03,-0.002,-0.937,2.5,-0.8,0
48.3281686999999,43,0,18.9,0,0,0.03,-0.002,-0.937,2.5,-0.8,0
48.3381686999999,39,0,18.9,0,0,0.03,-0.002,-0.937,2.5,-0.8,0
48.3481686999999,39,0,18.9,0,0,0.03,-0.002,-0.937,2.5,-0.8,0
48.3648348,44,0,18.8,0,0,0.029,-0.022,-1.044,-1.1,-0.5,0
48.3748348,48,0,18.8,0,0,0.029,-0.022,-1.044,-1.1,-0.5,0
48.3848348,48,0,18.8,0,0,0.029,-0.022,-1.044,-1.1,-0.5,0
48.3948348,44,0,18.8,0,0,0.029,-0.022,-1.044,-1.1,-0.5,0
48.4048348,38,0,18.8,0,0,0.029,-0.022,-1.044,-1.1,-0.5,0
48.427588,20,0,18.8,0,0,0.028,-0.01,-0.979,1.2,-1.3,0
48.437588,25,0,18.8,0,0,0.028,-0.01,-0.979,1.2,-1.3,0
48.447588,42,0,18.8,0,0,0.028,-0.01,-0.979,1.2,-1.3,0
48.457588,49,0,18.8,0,0,0.028,-0.01,-0.979,1.2,-1.3,0
48.467588,49,0,18.8,0,0,0.028,-0.01,-0.979,1.2,-1.3,0
48.477588,42,0,18.8,0,0,0.031,-0.007,-0.954,-1.5,-0.3,0
48.487588,48,0,18.8,0,0,0.031,-0.007,-0.954,-1.5,-0.3,0
48.497588,49,0,18.8,0,0,0.031,-0.007,-0.954,-1.5,-0.3,0
48.507588,42,0,18.8,0,0,0.031,-0.007,-0.954,-1.5,-0.3,0
48.517588,43,0,18.8,0,0,0.031,-0.007,-0.954,-1.5,-0.3,0
48.527588,43,0,18.9,0,0,0.025,-0.026,-1.068,-1.1,-0.1,0
48.537588,42,0,18.9,0,0,0.025,-0.026,-1.068,-1.1,-0.1,0
48.547588,30,0,18.9,0,0,0.025,-0.026,-1.068,-1.1,-0.1,0
48.557588,30,0,18.9,0,0,0.025,-0.026,-1.068,-1.1,-0.1,0
48.567588,54,0,18.9,0,0,0.025,-0.026,-1.068,-1.1,-0.1,0
48.577588,54,0,18.8,0,0,0.027,-0.019,-1.044,3.1,-1.2,0
48.587588,42,0,18.8,0,0,0.027,-0.019,-1.044,3.1,-1.2,0
48.597588,43,0,18.8,0,0,0.027,-0.019,-1.044,3.1,-1.2,0
48.607588,44,0,18.8,0,0,0.027,-0.019,-1.044,3.1,-1.2,0
48.617588,44,0,18.8,0,0,0.027,-0.019,-1.044,3.1,-1.2,0
48.627588,42,0,18.9,0,0,0.031,-0.001,-0.928,1.6,-0.6,0
48.637588,42,0,18.9,0,0,0.031,-0.001,-0.928,1.6,-0.6,0
48.647588,43,0,18.9,0,0,0.031,-0.001,-0.928,1.6,-0.6,0
48.657588,41,0,18.9,0,0,0.031,-0.001,-0.928,1.6,-0.6,0
48.667588,40,0,18.9,0,0,0.031,-0.001,-0.928,1.6,-0.6,0
48.677588,42,0,18.9,0,0,0.03,-0.01,-0.975,-1.8,0,0
48.687588,49,0,18.9,0,0,0.03,-0.01,-0.975,-1.8,0,0
48.697588,49,0,18.9,0,0,0.03,-0.01,-0.975,-1.8,0,0
48.707588,43,0,18.9,0,0,0.03,-0.01,-0.975,-1.8,0,0
48.717588,42,0,18.9,0,0,0.03,-0.01,-0.975,-1.8,0,0
48.7306179,43,0,18.9,0,0,0.026,-0.023,-1.057,-0.7,-0.6,0
48.7406179,44,0,18.9,0,0,0.026,-0.023,-1.057,-0.7,-0.6,0
48.7506179,47,0,18.9,0,0,0.026,-0.023,-1.057,-0.7,-0.6,0
48.7606179,47,0,18.9,0,0,0.026,-0.023,-1.057,-0.7,-0.6,0
48.7706179,44,0,18.9,0,0,0.026,-0.023,-1.057,-0.7,-0.6,0
48.7806179,24,0,18.8,0,0,0.028,-0.008,-0.974,1,-1.2,0
48.7906179,21,0,18.8,0,0,0.028,-0.008,-0.974,1,-1.2,0
48.8006179,39,0,18.8,0,0,0.028,-0.008,-0.974,1,-1.2,0
48.8106179,47,0,18.8,0,0,0.028,-0.008,-0.974,1,-1.2,0
48.8206179,47,0,18.8,0,0,0.028,-0.008,-0.974,1,-1.2,0
48.8306179,42,0,18.9,0,0,0.031,-0.01,-0.973,-1.8,-0.1,0
48.8406179,48,0,18.9,0,0,0.031,-0.01,-0.973,-1.8,-0.1,0
48.8506179,48,0,18.9,0,0,0.031,-0.01,-0.973,-1.8,-0.1,0
48.8606179,42,0,18.9,0,0,0.031,-0.01,-0.973,-1.8,-0.1,0
48.8706179,46,0,18.9,0,0,0.031,-0.01,-0.973,-1.8,-0.1,0
48.8831983,46,-0.01,18.8,0,0,0.026,-0.028,-1.078,-0.3,-0.4,0
48.8931983,42,-0.01,18.8,0,0,0.026,-0.028,-1.078,-0.3,-0.4,0
48.9031983,28,-0.01,18.8,0,0,0.026,-0.028,-1.078,-0.3,-0.4,0
48.9131983,27,-0.01,18.8,0,0,0.026,-0.028,-1.078,-0.3,-0.4,0
48.9231983,41,-0.01,18.8,0,0,0.026,-0.028,-1.078,-0.3,-0.4,0
48.961998,43,0,18.9,0,0,0.031,0,-0.919,0.7,-0.4,0
48.971998,42,0,18.9,0,0,0.031,0,-0.919,0.7,-0.4,0
48.981998,42,0,18.9,0,0,0.031,0,-0.919,0.7,-0.4,0
48.991998,42,0,18.9,0,0,0.031,0,-0.919,0.7,-0.4,0
49.001998,37,0,18.9,0,0,0.031,0,-0.919,0.7,-0.4,0
49.0590423,38,0,18.9,0,0,0.03,-0.013,-0.994,-2.1,-0.1,0
49.0690423,52,0,18.9,0,0,0.03,-0.013,-0.994,-2.1,-0.1,0
49.0790423,52,0,18.9,0,0,0.03,-0.013,-0.994,-2.1,-0.1,0
49.0890423,43,0,18.9,0,0,0.03,-0.013,-0.994,-2.1,-0.1,0
49.0990423,42,0,18.9,0,0,0.03,-0.013,-0.994,-2.1,-0.1,0
49.1090423,28,0,18.8,0,0,0.03,-0.008,-0.967,0.6,-1,0
49.1190423,21,0,18.8,0,0,0.03,-0.008,-0.967,0.6,-1,0
49.1290423,35,0,18.8,0,0,0.03,-0.008,-0.967,0.6,-1,0
49.1390423,49,0,18.8,0,0,0.03,-0.008,-0.967,0.6,-1,0
49.1490423,49,0,18.8,0,0,0.03,-0.008,-0.967,0.6,-1,0
49.1856672,42,0,18.8,0,0,0.029,-0.016,-0.999,-2,0,0
49.1956672,47,0,18.8,0,0,0.029,-0.016,-0.999,-2,0,0
49.2056672,48,0,18.8,0,0,0.029,-0.016,-0.999,-2,0,0
49.2156672,43,0,18.8,0,0,0.029,-0.016,-0.999,-2,0,0
49.2256672,48,0,18.8,0,0,0.029,-0.016,-0.999,-2,0,0
49.2356672,47,-0.01,18.8,0,0,0.026,-0.03,-1.084,0.5,-0.5,0
49.2456672,42,-0.01,18.8,0,0,0.026,-0.03,-1.084,0.5,-0.5,0
49.2556672,30,-0.01,18.8,0,0,0.026,-0.03,-1.084,0.5,-0.5,0
49.2656672,29,-0.01,18.8,0,0,0.026,-0.03,-1.084,0.5,-0.5,0
49.2756672,41,-0.01,18.8,0,0,0.026,-0.03,-1.084,0.5,-0.5,0
49.2856672,52,0,18.9,0,0,0.029,-0.009,-0.993,3.5,-1.2,0
49.2956672,52,0,18.9,0,0,0.029,-0.009,-0.993,3.5,-1.2,0
49.3056672,42,0,18.9,0,0,0.029,-0.009,-0.993,3.5,-1.2,0
49.3156672,45,0,18.9,0,0,0.029,-0.009,-0.993,3.5,-1.2,0
49.3256672,47,0,18.9,0,0,0.029,-0.009,-0.993,3.5,-1.2,0
49.3356672,44,0,18.8,0,0,0.032,0.002,-0.919,0.3,-0.3,0
49.3456672,46,0,18.8,0,0,0.032,0.002,-0.919,0.3,-0.3,0
49.3556672,46,0,18.8,0,0,0.032,0.002,-0.919,0.3,-0.3,0
49.3656672,41,0,18.8,0,0,0.032,0.002,-0.919,0.3,-0.3,0
49.3756672,36,0,18.8,0,0,0.032,0.002,-0.919,0.3,-0.3,0
49.3856672,39,0,18.9,0,0,0.029,-0.016,-1.006,-2.3,-0.1,0
49.3956672,48,0,18.9,0,0,0.029,-0.016,-1.006,-2.3,-0.1,0
49.4056672,48,0,18.9,0,0,0.029,-0.016,-1.006,-2.3,-0.1,0
49.4156672,43,0,18.9,0,0,0.029,-0.016,-1.006,-2.3,-0.1,0
49.4256672,43,0,18.9,0,0,0.029,-0.016,-1.006,-2.3,-0.1,0
49.4356672,44,0,18.9,0,0,0.027,-0.025,-1.062,0.1,-1,0
49.4456672,44,0,18.9,0,0,0.027,-0.025,-1.062,0.1,-1,0
49.4556672,48,0,18.9,0,0,0.027,-0.025,-1.062,0.1,-1,0
49.4656672,48,0,18.9,0,0,0.027,-0.025,-1.062,0.1,-1,0
49.4756672,44,0,18.9,0,0,0.027,-0.025,-1.062,0.1,-1,0
49.4903491,28,0,18.8,0,0,0.031,-0.009,-0.968,0.3,-0.9,0
49.5003491,16,0,18.8,0,0,0.031,-0.009,-0.968,0.3,-0.9,0
49.5103491,30,0,18.8,0,0,0.031,-0.009,-0.968,0.3,-0.9,0
49.5203491,41,0,18.8,0,0,0.031,-0.009,-0.968,0.3,-0.9,0
49.5303491,50,0,18.8,0,0,0.031,-0.009,-0.968,0.3,-0.9,0
49.5403491,50,0,18.9,0,0,0.028,-0.018,-1.015,-2.1,0,0.1
49.5503491,48,0,18.9,0,0,0.028,-0.018,-1.015,-2.1,0,0.1
49.5603491,48,0,18.9,0,0,0.028,-0.018,-1.015,-2.1,0,0.1
49.5703491,42,0,18.9,0,0,0.028,-0.018,-1.015,-2.1,0,0.1
49.5803491,44,0,18.9,0,0,0.028,-0.018,-1.015,-2.1,0,0.1
49.5903491,44,0,18.9,0,0,0.025,-0.027,-1.084,1.2,-0.7,0
49.6003491,42,0,18.9,0,0,0.025,-0.027,-1.084,1.2,-0.7,0
49.6103491,36,0,18.9,0,0,0.025,-0.027,-1.084,1.2,-0.7,0
49.6203491,31,0,18.9,0,0,0.025,-0.027,-1.084,1.2,-0.7,0
49.6303491,37,0,18.9,0,0,0.025,-0.027,-1.084,1.2,-0.7,0
49.6403491,54,0,18.8,0,0,0.031,-0.005,-0.963,3.5,-1,0
49.6503491,54,0,18.8,0,0,0.031,-0.005,-0.963,3.5,-1,0
49.6603491,42,0,18.8,0,0,0.031,-0.005,-0.963,3.5,-1,0
49.6703491,42,0,18.8,0,0,0.031,-0.005,-0.963,3.5,-1,0
49.6803491,43,0,18.8,0,0,0.031,-0.005,-0.963,3.5,-1,0
49.6903491,44,0,18.9,0,0,0.032,0.001,-0.926,-0.4,-0.1,0
49.7003491,45,0,18.9,0,0,0.032,0.001,-0.926,-0.4,-0.1,0
49.7103491,44,0,18.9,0,0,0.032,0.001,-0.926,-0.4,-0.1,0
49.7203491,43,0,18.9,0,0,0.032,0.001,-0.926,-0.4,-0.1,0
49.7303491,39,0,18.9,0,0,0.032,0.001,-0.926,-0.4,-0.1,0
49.7403491,39,0,18.8,0,0,0.028,-0.017,-1.02,-2.1,-0.1,0
49.7503491,42,0,18.8,0,0,0.028,-0.017,-1.02,-2.1,-0.1,0
49.7603491,47,0,18.8,0,0,0.028,-0.017,-1.02,-2.1,-0.1,0
49.7703491,47,0,18.8,0,0,0.028,-0.017,-1.02,-2.1,-0.1,0
49.7803491,43,0,18.8,0,0,0.028,-0.017,-1.02,-2.1,-0.1,0
49.7903491,44,0,18.9,0,0,0.027,-0.026,-1.059,0.7,-1,0
49.8003491,44,0,18.9,0,0,0.027,-0.026,-1.059,0.7,-1,0
49.8103491,48,0,18.9,0,0,0.027,-0.026,-1.059,0.7,-1,0
49.8203491,48,0,18.9,0,0,0.027,-0.026,-1.059,0.7,-1,0
49.8303491,44,0,18.9,0,0,0.027,-0.026,-1.059,0.7,-1,0
49.8403491,36,0,18.8,0,0,0.03,-0.007,-0.962,0.1,-0.7,0
49.8503491,19,0,18.8,0,0,0.03,-0.007,-0.962,0.1,-0.7,0
49.8603491,26,0,18.8,0,0,0.03,-0.007,-0.962,0.1,-0.7,0
49.8703491,42,0,18.8,0,0,0.03,-0.007,-0.962,0.1,-0.7,0
49.8803491,49,0,18.8,0,0,0.03,-0.007,-0.962,0.1,-0.7,0
49.8903491,49,0,18.9,0,0,0.029,-0.02,-1.029,-1.8,0,0
49.9003491,42,0,18.9,0,0,0.029,-0.02,-1.029,-1.8,0,0
49.9103491,48,0,18.9,0,0,0.029,-0.02,-1.029,-1.8,0,0
49.9203491,49,0,18.9,0,0,0.029,-0.02,-1.029,-1.8,0,0
49.9303491,42,0,18.9,0,0,0.029,-0.02,-1.029,-1.8,0,0
49.9403491,43,0,18.8,0,0,0.025,-0.025,-1.073,1.7,-0.9,0
49.9503491,43,0,18.8,0,0,0.025,-0.025,-1.073,1.7,-0.9,0
49.9603491,42,0,18.8,0,0,0.025,-0.025,-1.073,1.7,-0.9,0
49.9703491,30,0,18.8,0,0,0.025,-0.025,-1.073,1.7,-0.9,0
49.9803491,30,0,18.8,0,0,0.025,-0.025,-1.073,1.7,-0.9,0
49.9903491,54,0,18.9,0,0,0.03,-0.002,-0.945,3,-1,0
50.0003491,54,0,18.9,0,0,0.03,-0.002,-0.945,3,-1,0
50.0103491,42,0,18.9,0,0,0.03,-0.002,-0.945,3,-1,0
50.0203491,43,0,18.9,0,0,0.03,-0.002,-0.945,3,-1,0
50.0303491,44,0,18.9,0,0,0.03,-0.002,-0.945,3,-1,0
50.0403491,44,0,18.9,0,0,0.026,-0.029,-1.078,-1,-0.4,0
50.0503491,43,0,18.9,0,0,0.026,-0.029,-1.078,-1,-0.4,0
50.0603491,42,0,18.9,0,0,0.026,-0.029,-1.078,-1,-0.4,0
50.0703491,43,0,18.9,0,0,0.026,-0.029,-1.078,-1,-0.4,0
50.0803491,41,0,18.9,0,0,0.026,-0.029,-1.078,-1,-0.4,0
50.0903491,40,0,18.8,0,0,0.026,-0.016,-1.031,2.7,-1.3,0
50.1003491,42,0,18.8,0,0,0.026,-0.016,-1.031,2.7,-1.3,0
50.1103491,48,0,18.8,0,0,0.026,-0.016,-1.031,2.7,-1.3,0
50.1203491,49,0,18.8,0,0,0.026,-0.016,-1.031,2.7,-1.3,0
50.1303491,43,0,18.8,0,0,0.026,-0.016,-1.031,2.7,-1.3,0
50.1403491,42,0.01,18.8,0,0,0.032,-0.002,-0.931,1,-0.4,0
50.1503491,42,0.01,18.8,0,0,0.032,-0.002,-0.931,1,-0.4,0
50.1603491,44,0.01,18.8,0,0,0.032,-0.002,-0.931,1,-0.4,0
50.1703491,47,0.01,18.8,0,0,0.032,-0.002,-0.931,1,-0.4,0
50.1803491,47,0.01,18.8,0,0,0.032,-0.002,-0.931,1,-0.4,0
50.1903491,44,-0.01,18.9,0,0,0.028,-0.018,-1.025,-0.6,0,0
50.2003491,23,-0.01,18.9,0,0,0.028,-0.018,-1.025,-0.6,0,0
50.2103491,21,-0.01,18.9,0,0,0.028,-0.018,-1.025,-0.6,0,0
50.2203491,40,-0.01,18.9,0,0,0.028,-0.018,-1.025,-0.6,0,0
50.2303491,47,-0.01,18.9,0,0,0.028,-0.018,-1.025,-0.6,0,0
51.8869051,56,0,18.9,0,0,0.027,-0.013,-0.998,0,-0.8,0
51.8969051,56,0,18.9,0,0,0.027,-0.013,-0.998,0,-0.8,0
51.9069051,54,0,18.9,0,0,0.027,-0.013,-0.998,0,-0.8,0
51.9169051,59,0,18.9,0,0,0.027,-0.013,-0.998,0,-0.8,0
51.9269051,59,0,18.9,0,0,0.027,-0.013,-0.998,0,-0.8,0
51.9671352,56,0,18.9,0,0,0.029,-0.014,-1.006,0.2,-0.3,0
51.9771352,56,0,18.9,0,0,0.029,-0.014,-1.006,0.2,-0.3,0
51.9871352,57,0,18.9,0,0,0.029,-0.014,-1.006,0.2,-0.3,0
51.9971352,57,0,18.9,0,0,0.029,-0.014,-1.006,0.2,-0.3,0
52.0071352,48,0,18.9,0,0,0.029,-0.014,-1.006,0.2,-0.3,0
52.0298983,47,0,18.9,0,0,0.028,-0.02,-1.023,0.1,-0.4,0
52.0398983,54,0,18.9,0,0,0.028,-0.02,-1.023,0.1,-0.4,0
52.0498983,58,0,18.9,0,0,0.028,-0.02,-1.023,0.1,-0.4,0
52.0598983,58,0,18.9,0,0,0.028,-0.02,-1.023,0.1,-0.4,0
52.0698983,53,0,18.9,0,0,0.028,-0.02,-1.023,0.1,-0.4,0
52.109514,41,0,18.9,0,0,0.03,-0.015,-0.993,-0.7,-0.5,0
52.119514,58,0,18.9,0,0,0.03,-0.015,-0.993,-0.7,-0.5,0
52.129514,58,0,18.9,0,0,0.03,-0.015,-0.993,-0.7,-0.5,0
52.139514,56,0,18.9,0,0,0.03,-0.015,-0.993,-0.7,-0.5,0
52.149514,57,0,18.9,0,0,0.03,-0.015,-0.993,-0.7,-0.5,0
52.1885973,54,0,18.8,0,0,0.028,-0.011,-0.986,0.1,-0.7,0
52.1985973,56,0,18.8,0,0,0.028,-0.011,-0.986,0.1,-0.7,0
52.2085973,56,0,18.8,0,0,0.028,-0.011,-0.986,0.1,-0.7,0
52.2185973,45,0,18.8,0,0,0.028,-0.011,-0.986,0.1,-0.7,0
52.2285973,44,0,18.8,0,0,0.028,-0.011,-0.986,0.1,-0.7,0
52.2504093,56,0.01,18.8,0,0,0.028,-0.013,-1.004,1,-0.5,0
52.2604093,56,0.01,18.8,0,0,0.028,-0.013,-1.004,1,-0.5,0
52.2704093,51,0.01,18.8,0,0,0.028,-0.013,-1.004,1,-0.5,0
52.2804093,50,0.01,18.8,0,0,0.028,-0.013,-1.004,1,-0.5,0
52.2904093,53,0.01,18.8,0,0,0.028,-0.013,-1.004,1,-0.5,0
52.3424704,57,0,18.9,0,0,0.028,-0.019,-1.017,0.6,-0.4,0
52.3524704,57,0,18.9,0,0,0.028,-0.019,-1.017,0.6,-0.4,0
52.3624704,53,0,18.9,0,0,0.028,-0.019,-1.017,0.6,-0.4,0
52.3724704,53,0,18.9,0,0,0.028,-0.019,-1.017,0.6,-0.4,0
52.3824704,58,0,18.9,0,0,0.028,-0.019,-1.017,0.6,-0.4,0
52.4497213,57,0,18.9,0,0,0.029,-0.016,-1.015,0.1,-0.7,0
52.4597213,57,0,18.9,0,0,0.029,-0.016,-1.015,0.1,-0.7,0
52.4697213,57,0,18.9,0,0,0.029,-0.016,-1.015,0.1,-0.7,0
52.4797213,53,0,18.9,0,0,0.029,-0.016,-1.015,0.1,-0.7,0
52.4897213,55,0,18.9,0,0,0.029,-0.016,-1.015,0.1,-0.7,0
52.4997213,55,0,18.8,0,0,0.029,-0.012,-0.994,-0.4,-0.6,0
52.5097213,44,0,18.8,0,0,0.029,-0.012,-0.994,-0.4,-0.6,0
52.5197213,43,0,18.8,0,0,0.029,-0.012,-0.994,-0.4,-0.6,0
52.5297213,62,0,18.8,0,0,0.029,-0.012,-0.994,-0.4,-0.6,0
52.5397213,62,0,18.8,0,0,0.029,-0.012,-0.994,-0.4,-0.6,0
52.5530525,51,0,18.9,0,0,0.029,-0.012,-1.001,0.5,-0.6,0
52.5630525,51,0,18.9,0,0,0.029,-0.012,-1.001,0.5,-0.6,0
52.5730525,53,0,18.9,0,0,0.029,-0.012,-1.001,0.5,-0.6,0
52.5830525,58,0,18.9,0,0,0.029,-0.012,-1.001,0.5,-0.6,0
52.5930525,59,0,18.9,0,0,0.029,-0.012,-1.001,0.5,-0.6,0
52.636789,52,0,18.9,0,0,0.027,-0.014,-1.012,0.6,-0.6,0
52.646789,52,0,18.9,0,0,0.027,-0.014,-1.012,0.6,-0.6,0
52.656789,57,0,18.9,0,0,0.027,-0.014,-1.012,0.6,-0.6,0
52.666789,57,0,18.9,0,0,0.027,-0.014,-1.012,0.6,-0.6,0
52.676789,54,0,18.9,0,0,0.027,-0.014,-1.012,0.6,-0.6,0
52.716538,57,0,18.8,0,0,0.029,-0.015,-1.008,0.1,-0.4,0
52.726538,53,0,18.8,0,0,0.029,-0.015,-1.008,0.1,-0.4,0
52.736538,58,0,18.8,0,0,0.029,-0.015,-1.008,0.1,-0.4,0
52.746538,58,0,18.8,0,0,0.029,-0.015,-1.008,0.1,-0.4,0
52.756538,42,0,18.8,0,0,0.029,-0.015,-1.008,0.1,-0.4,0
52.766538,41,0,18.8,0,0,0.029,-0.014,-1.007,-0.1,-0.4,0
52.776538,61,0,18.8,0,0,0.029,-0.014,-1.007,-0.1,-0.4,0
52.786538,61,0,18.8,0,0,0.029,-0.014,-1.007,-0.1,-0.4,0
52.796538,52,0,18.8,0,0,0.029,-0.014,-1.007,-0.1,-0.4,0
52.806538,58,0,18.8,0,0,0.029,-0.014,-1.007,-0.1,-0.4,0
52.816538,59,0,18.9,0,0,0.028,-0.011,-0.988,0.2,-0.7,0
52.826538,53,0,18.9,0,0,0.028,-0.011,-0.988,0.2,-0.7,0
52.836538,53,0,18.9,0,0,0.028,-0.011,-0.988,0.2,-0.7,0
52.846538,50,0,18.9,0,0,0.028,-0.011,-0.988,0.2,-0.7,0
52.856538,47,0,18.9,0,0,0.028,-0.011,-0.988,0.2,-0.7,0
52.866538,52,0,18.9,0,0,0.031,-0.008,-0.978,0.8,-0.7,0
52.876538,62,0,18.9,0,0,0.031,-0.008,-0.978,0.8,-0.7,0
52.886538,63,0,18.9,0,0,0.031,-0.008,-0.978,0.8,-0.7,0
52.896538,52,0,18.9,0,0,0.031,-0.008,-0.978,0.8,-0.7,0
52.906538,53,0,18.9,0,0,0.031,-0.008,-0.978,0.8,-0.7,0
52.9318456,56,0,18.9,0,0,0.029,-0.01,-0.985,1.2,-0.6,0
52.9418456,56,0,18.9,0,0,0.029,-0.01,-0.985,1.2,-0.6,0
52.9518456,54,0,18.9,0,0,0.029,-0.01,-0.985,1.2,-0.6,0
52.9618456,42,0,18.9,0,0,0.029,-0.01,-0.985,1.2,-0.6,0
52.9718456,41,0,18.9,0,0,0.029,-0.01,-0.985,1.2,-0.6,0
53.0080495,59,0,18.8,0,0,0.028,-0.016,-1.018,0.6,-0.4,0
53.0180495,59,0,18.8,0,0,0.028,-0.016,-1.018,0.6,-0.4,0
53.0280495,44,0,18.8,0,0,0.028,-0.016,-1.018,0.6,-0.4,0
53.0380495,43,0,18.8,0,0,0.028,-0.016,-1.018,0.6,-0.4,0
53.0480495,60,0,18.8,0,0,0.028,-0.016,-1.018,0.6,-0.4,0
53.0580495,61,0,18.8,0,0,0.029,-0.013,-1,0,-0.6,0
53.0680495,53,0,18.8,0,0,0.029,-0.013,-1,0,-0.6,0
53.0780495,55,0,18.8,0,0,0.029,-0.013,-1,0,-0.6,0
53.0880495,56,0,18.8,0,0,0.029,-0.013,-1,0,-0.6,0
53.0980495,56,0,18.8,0,0,0.029,-0.013,-1,0,-0.6,0
53.1080495,56,0,18.8,0,0,0.028,-0.016,-1.016,0.7,-0.4,0
53.1180495,48,0,18.8,0,0,0.028,-0.016,-1.016,0.7,-0.4,0
53.1280495,48,0,18.8,0,0,0.028,-0.016,-1.016,0.7,-0.4,0
53.1380495,58,0,18.8,0,0,0.028,-0.016,-1.016,0.7,-0.4,0
53.1480495,58,0,18.8,0,0,0.028,-0.016,-1.016,0.7,-0.4,0
53.1580495,54,0,18.8,0,0,0.029,-0.017,-1.014,0.3,-0.4,0
53.1680495,53,0,18.8,0,0,0.029,-0.017,-1.014,0.3,-0.4,0
53.1780495,54,0,18.8,0,0,0.029,-0.017,-1.014,0.3,-0.4,0
53.1880495,59,0,18.8,0,0,0.029,-0.017,-1.014,0.3,-0.4,0
53.1980495,59,0,18.8,0,0,0.029,-0.017,-1.014,0.3,-0.4,0
53.2080495,48,0,18.9,0,0,0.028,-0.017,-1.017,-0.5,-0.4,0
53.2180495,37,0,18.9,0,0,0.028,-0.017,-1.017,-0.5,-0.4,0
53.2280495,42,0,18.9,0,0,0.028,-0.017,-1.017,-0.5,-0.4,0
53.2380495,58,0,18.9,0,0,0.028,-0.017,-1.017,-0.5,-0.4,0
53.2480495,58,0,18.9,0,0,0.028,-0.017,-1.017,-0.5,-0.4,0
53.2580495,57,0,18.9,0,0,0.027,-0.017,-1.008,-0.4,-0.7,0
53.2680495,57,0,18.9,0,0,0.027,-0.017,-1.008,-0.4,-0.7,0
53.2780495,54,0,18.9,0,0,0.027,-0.017,-1.008,-0.4,-0.7,0
53.2880495,55,0,18.9,0,0,0.027,-0.017,-1.008,-0.4,-0.7,0
53.2980495,55,0,18.9,0,0,0.027,-0.017,-1.008,-0.4,-0.7,0
53.3120921,45,0,18.9,0,0,0.029,-0.011,-0.982,-0.1,-0.6,0
53.3220921,44,0,18.9,0,0,0.029,-0.011,-0.982,-0.1,-0.6,0
53.3320921,62,0,18.9,0,0,0.029,-0.011,-0.982,-0.1,-0.6,0
53.3420921,62,0,18.9,0,0,0.029,-0.011,-0.982,-0.1,-0.6,0
53.3520921,52,0,18.9,0,0,0.029,-0.011,-0.982,-0.1,-0.6,0
53.3620921,52,0,18.9,0,0,0.028,-0.01,-0.997,0.3,-0.4,0
53.3720921,53,0,18.9,0,0,0.028,-0.01,-0.997,0.3,-0.4,0
53.3820921,56,0,18.9,0,0,0.028,-0.01,-0.997,0.3,-0.4,0
53.3920921,56,0,18.9,0,0,0.028,-0.01,-0.997,0.3,-0.4,0
53.4020921,50,0,18.9,0,0,0.028,-0.01,-0.997,0.3,-0.4,0
53.4120921,50,-0.01,18.8,0,0,0.027,-0.014,-1.008,0.6,-0.5,0.1
53.4220921,53,-0.01,18.8,0,0,0.027,-0.014,-1.008,0.6,-0.5,0.1
53.4320921,56,-0.01,18.8,0,0,0.027,-0.014,-1.008,0.6,-0.5,0.1
53.4420921,56,-0.01,18.8,0,0,0.027,-0.014,-1.008,0.6,-0.5,0.1
53.4520921,53,-0.01,18.8,0,0,0.027,-0.014,-1.008,0.6,-0.5,0.1
53.4620921,53,0,18.9,0,0,0.029,-0.016,-1.016,0.1,-0.4,0
53.4720921,58,0,18.9,0,0,0.029,-0.016,-1.016,0.1,-0.4,0
53.4820921,58,0,18.9,0,0,0.029,-0.016,-1.016,0.1,-0.4,0
53.4920921,51,0,18.9,0,0,0.029,-0.016,-1.016,0.1,-0.4,0
53.5020921,38,0,18.9,0,0,0.029,-0.016,-1.016,0.1,-0.4,0
53.5120921,41,0,18.9,0,0,0.028,-0.018,-1.032,0.1,-0.6,0.1
53.5220921,57,0,18.9,0,0,0.028,-0.018,-1.032,0.1,-0.6,0.1
53.5320921,57,0,18.9,0,0,0.028,-0.018,-1.032,0.1,-0.6,0.1
53.5420921,57,0,18.9,0,0,0.028,-0.018,-1.032,0.1,-0.6,0.1
53.5520921,57,0,18.9,0,0,0.028,-0.018,-1.032,0.1,-0.6,0.1
53.5620921,53,0,18.9,0,0,0.029,-0.016,-1.003,-0.1,-0.6,0
53.5720921,55,0,18.9,0,0,0.029,-0.016,-1.003,-0.1,-0.6,0
53.5820921,55,0,18.9,0,0,0.029,-0.016,-1.003,-0.1,-0.6,0
53.5920921,44,0,18.9,0,0,0.029,-0.016,-1.003,-0.1,-0.6,0
53.6020921,43,0,18.9,0,0,0.029,-0.016,-1.003,-0.1,-0.6,0
53.6179908,61,0,18.9,0,0,0.03,-0.012,-0.986,0,-0.6,0
53.6279908,62,0,18.9,0,0,0.03,-0.012,-0.986,0,-0.6,0
53.6379908,52,0,18.9,0,0,0.03,-0.012,-0.986,0,-0.6,0
53.6479908,54,0,18.9,0,0,0.03,-0.012,-0.986,0,-0.6,0
53.6579908,55,0,18.9,0,0,0.03,-0.012,-0.986,0,-0.6,0
53.6679908,54,0,18.9,0,0,0.029,-0.009,-0.986,0.6,-0.7,0
53.6779908,53,0,18.9,0,0,0.029,-0.009,-0.986,0.6,-0.7,0
53.6879908,51,0,18.9,0,0,0.029,-0.009,-0.986,0.6,-0.7,0
53.6979908,51,0,18.9,0,0,0.029,-0.009,-0.986,0.6,-0.7,0
53.7079908,53,0,18.9,0,0,0.029,-0.009,-0.986,0.6,-0.7,0
53.7179908,59,0,18.8,0,0,0.027,-0.011,-1.002,1.2,-0.7,0
53.7279908,59,0,18.8,0,0,0.027,-0.011,-1.002,1.2,-0.7,0
53.7379908,52,0,18.8,0,0,0.027,-0.011,-1.002,1.2,-0.7,0
53.7479908,52,0,18.8,0,0,0.027,-0.011,-1.002,1.2,-0.7,0
53.7579908,57,0,18.8,0,0,0.027,-0.011,-1.002,1.2,-0.7,0
53.7679908,57,0,18.8,0,0,0.028,-0.011,-1.01,1.3,-0.6,0
53.7779908,54,0,18.8,0,0,0.028,-0.011,-1.01,1.3,-0.6,0
53.7879908,40,0,18.8,0,0,0.028,-0.011,-1.01,1.3,-0.6,0
53.7979908,39,0,18.8,0,0,0.028,-0.011,-1.01,1.3,-0.6,0
53.8079908,56,0,18.8,0,0,0.028,-0.011,-1.01,1.3,-0.6,0
53.8179908,56,0,18.9,0,0,0.029,-0.017,-1.02,1,-0.4,0
53.8279908,57,0,18.9,0,0,0.029,-0.017,-1.02,1,-0.4,0
53.8379908,57,0,18.9,0,0,0.029,-0.017,-1.02,1,-0.4,0
53.8479908,53,0,18.9,0,0,0.029,-0.017,-1.02,1,-0.4,0
53.8579908,58,0,18.9,0,0,0.029,-0.017,-1.02,1,-0.4,0
53.8679908,58,0,18.8,0,0,0.028,-0.018,-1.02,0.1,-0.4,0
53.8779908,41,0,18.8,0,0,0.028,-0.018,-1.02,0.1,-0.4,0
53.8879908,41,0,18.8,0,0,0.028,-0.018,-1.02,0.1,-0.4,0
53.8979908,61,0,18.8,0,0,0.028,-0.018,-1.02,0.1,-0.4,0
53.9079908,61,0,18.8,0,0,0.028,-0.018,-1.02,0.1,-0.4,0
53.9179908,52,0,18.9,0,0,0.029,-0.012,-1.003,-0.1,-0.8,0
53.9279908,58,0,18.9,0,0,0.029,-0.012,-1.003,-0.1,-0.8,0
53.9379908,59,0,18.9,0,0,0.029,-0.012,-1.003,-0.1,-0.8,0
53.9479908,53,0,18.9,0,0,0.029,-0.012,-1.003,-0.1,-0.8,0
53.9579908,53,0,18.9,0,0,0.029,-0.012,-1.003,-0.1,-0.8,0
53.9679908,49,0,18.9,0,0,0.029,-0.009,-0.985,0,-0.6,0
53.9779908,48,0,18.9,0,0,0.029,-0.009,-0.985,0,-0.6,0
53.9879908,53,0,18.9,0,0,0.029,-0.009,-0.985,0,-0.6,0
53.9979908,62,0,18.9,0,0,0.029,-0.009,-0.985,0,-0.6,0
54.0079908,62,0,18.9,0,0,0.029,-0.009,-0.985,0,-0.6,0
54.0179908,52,0,18.9,0,0,0.028,-0.011,-0.989,0.4,-0.5,0
54.0279908,53,0,18.9,0,0,0.028,-0.011,-0.989,0.4,-0.5,0
54.0379908,56,0,18.9,0,0,0.028,-0.011,-0.989,0.4,-0.5,0
54.0479908,56,0,18.9,0,0,0.028,-0.011,-0.989,0.4,-0.5,0
54.0579908,53,0,18.9,0,0,0.028,-0.011,-0.989,0.4,-0.5,0
54.0958257,42,0,18.9,0,0,0.029,-0.01,-0.985,1,-0.6,0
54.1058257,42,0,18.9,0,0,0.029,-0.01,-0.985,1,-0.6,0
54.1158257,56,0,18.9,0,0,0.029,-0.01,-0.985,1,-0.6,0
54.1258257,57,0,18.9,0,0,0.029,-0.01,-0.985,1,-0.6,0
54.1358257,56,0,18.9,0,0,0.029,-0.01,-0.985,1,-0.6,0
54.1458257,56,0,18.9,0,0,0.029,-0.012,-0.999,0.4,-0.4,0
54.1558257,59,0,18.9,0,0,0.029,-0.012,-0.999,0.4,-0.4,0
54.1658257,59,0,18.9,0,0,0.029,-0.012,-0.999,0.4,-0.4,0
54.1758257,54,0,18.9,0,0,0.029,-0.012,-0.999,0.4,-0.4,0
54.1858257,44,0,18.9,0,0,0.029,-0.012,-0.999,0.4,-0.4,0
54.1958257,43,0,18.9,0,0,0.027,-0.018,-1.021,0.3,-0.5,0
54.2058257,60,0,18.9,0,0,0.027,-0.018,-1.021,0.3,-0.5,0
54.2158257,60,0,18.9,0,0,0.027,-0.018,-1.021,0.3,-0.5,0
54.2258257,53,0,18.9,0,0,0.027,-0.018,-1.021,0.3,-0.5,0
54.2358257,55,0,18.9,0,0,0.027,-0.018,-1.021,0.3,-0.5,0
54.2458257,56,0,18.9,0,0,0.029,-0.016,-0.998,-0.1,-0.6,0
54.2558257,57,0,18.9,0,0,0.029,-0.016,-0.998,-0.1,-0.6,0
54.2658257,57,0,18.9,0,0,0.029,-0.016,-0.998,-0.1,-0.6,0
54.2758257,48,0,18.9,0,0,0.029,-0.016,-0.998,-0.1,-0.6,0
54.2858257,48,0,18.9,0,0,0.029,-0.016,-0.998,-0.1,-0.6,0
54.2958257,58,-0.01,18.8,0,0,0.029,-0.009,-0.979,0,-0.6,0
54.3058257,58,-0.01,18.8,0,0,0.029,-0.009,-0.979,0,-0.6,0
54.3158257,54,-0.01,18.8,0,0,0.029,-0.009,-0.979,0,-0.6,0
54.3258257,53,-0.01,18.8,0,0,0.029,-0.009,-0.979,0,-0.6,0
54.3358257,54,-0.01,18.8,0,0,0.029,-0.009,-0.979,0,-0.6,0
54.3458257,58,0,18.9,0,0,0.028,-0.009,-0.973,0.4,-0.4,0
54.3558257,58,0,18.9,0,0,0.028,-0.009,-0.973,0.4,-0.4,0
54.3658257,48,0,18.9,0,0,0.028,-0.009,-0.973,0.4,-0.4,0
54.3758257,37,0,18.9,0,0,0.028,-0.009,-0.973,0.4,-0.4,0
54.3858257,43,0,18.9,0,0,0.028,-0.009,-0.973,0.4,-0.4,0
54.3958257,58,0,18.9,0,0,0.029,-0.008,-0.978,0.9,-0.7,0
54.4058257,58,0,18.9,0,0,0.029,-0.008,-0.978,0.9,-0.7,0
54.4158257,57,0,18.9,0,0,0.029,-0.008,-0.978,0.9,-0.7,0
54.4258257,57,0,18.9,0,0,0.029,-0.008,-0.978,0.9,-0.7,0
54.4358257,54,0,18.9,0,0,0.029,-0.008,-0.978,0.9,-0.7,0
54.4458257,62,-0.01,18.9,0,0,0.027,-0.016,-1.011,0.6,-0.4,0.1
54.4558257,52,-0.01,18.9,0,0,0.027,-0.016,-1.011,0.6,-0.4,0.1
54.4658257,53,-0.01,18.9,0,0,0.027,-0.016,-1.011,0.6,-0.4,0.1
54.4758257,54,-0.01,18.9,0,0,0.027,-0.016,-1.011,0.6,-0.4,0.1
54.4858257,56,-0.01,18.9,0,0,0.027,-0.016,-1.011,0.6,-0.4,0.1
54.5080787,56,0,18.9,0,0,0.029,-0.018,-1.012,0,-0.5,0
54.5180787,50,0,18.9,0,0,0.029,-0.018,-1.012,0,-0.5,0
54.5280787,50,0,18.9,0,0,0.029,-0.018,-1.012,0,-0.5,0
54.5380787,53,0,18.9,0,0,0.029,-0.018,-1.012,0,-0.5,0
54.5480787,57,0,18.9,0,0,0.029,-0.018,-1.012,0,-0.5,0
54.5580787,57,0,18.8,0,0,0.029,-0.014,-1,-0.2,-0.6,0
54.5680787,53,0,18.8,0,0,0.029,-0.014,-1,-0.2,-0.6,0
54.5780787,53,0,18.8,0,0,0.029,-0.014,-1,-0.2,-0.6,0
54.5880787,58,0,18.8,0,0,0.029,-0.014,-1,-0.2,-0.6,0
54.5980787,58,0,18.8,0,0,0.029,-0.014,-1,-0.2,-0.6,0
54.6080787,50,0,18.8,0,0,0.029,-0.012,-0.979,-0.5,-0.6,0
54.6180787,38,0,18.8,0,0,0.029,-0.012,-0.979,-0.5,-0.6,0
54.6280787,41,0,18.8,0,0,0.029,-0.012,-0.979,-0.5,-0.6,0
54.6380787,57,0,18.8,0,0,0.029,-0.012,-0.979,-0.5,-0.6,0
54.6480787,57,0,18.8,0,0,0.029,-0.012,-0.979,-0.5,-0.6,0
54.6580787,57,0,18.8,0,0,0.028,-0.011,-0.994,-0.4,-0.7,0
54.6680787,57,0,18.8,0,0,0.028,-0.011,-0.994,-0.4,-0.7,0
54.6780787,53,0,18.8,0,0,0.028,-0.011,-0.994,-0.4,-0.7,0
54.6880787,54,0,18.8,0,0,0.028,-0.011,-0.994,-0.4,-0.7,0
54.6980787,54,0,18.8,0,0,0.028,-0.011,-0.994,-0.4,-0.7,0
54.7080787,44,0,18.9,0,0,0.029,-0.009,-0.981,0.7,-0.7,0
54.7180787,43,0,18.9,0,0,0.029,-0.009,-0.981,0.7,-0.7,0
54.7280787,62,0,18.9,0,0,0.029,-0.009,-0.981,0.7,-0.7,0
54.7380787,62,0,18.9,0,0,0.029,-0.009,-0.981,0.7,-0.7,0
54.7480787,52,0,18.9,0,0,0.029,-0.009,-0.981,0.7,-0.7,0
54.7580787,54,0,18.8,0,0,0.028,-0.016,-1.005,0.4,-0.4,0
54.7680787,55,0,18.8,0,0,0.028,-0.016,-1.005,0.4,-0.4,0
54.7780787,54,0,18.8,0,0,0.028,-0.016,-1.005,0.4,-0.4,0
54.7880787,53,0,18.8,0,0,0.028,-0.016,-1.005,0.4,-0.4,0
54.7980787,51,0,18.8,0,0,0.028,-0.016,-1.005,0.4,-0.4,0
54.8109659,51,0,18.9,0,0,0.028,-0.018,-1.018,0,-0.4,0
54.8209659,53,0,18.9,0,0,0.028,-0.018,-1.018,0,-0.4,0
54.8309659,58,0,18.9,0,0,0.028,-0.018,-1.018,0,-0.4,0
54.8409659,59,0,18.9,0,0,0.028,-0.018,-1.018,0,-0.4,0
54.8509659,52,0,18.9,0,0,0.028,-0.018,-1.018,0,-0.4,0
54.8609659,52,0,18.9,0,0,0.029,-0.015,-1.009,-0.4,-0.5,0
54.8709659,57,0,18.9,0,0,0.029,-0.015,-1.009,-0.4,-0.5,0
54.8809659,57,0,18.9,0,0,0.029,-0.015,-1.009,-0.4,-0.5,0
54.8909659,54,0,18.9,0,0,0.029,-0.015,-1.009,-0.4,-0.5,0
54.9009659,40,0,18.9,0,0,0.029,-0.015,-1.009,-0.4,-0.5,0
54.9109659,39,0.01,18.8,0,0,0.028,-0.016,-1.01,-0.6,-0.6,0
54.9209659,56,0.01,18.8,0,0,0.028,-0.016,-1.01,-0.6,-0.6,0
54.9309659,56,0.01,18.8,0,0,0.028,-0.016,-1.01,-0.6,-0.6,0
54.9409659,57,0.01,18.8,0,0,0.028,-0.016,-1.01,-0.6,-0.6,0
54.9509659,57,0.01,18.8,0,0,0.028,-0.016,-1.01,-0.6,-0.6,0
54.9645973,53,0,18.9,0,0,0.028,-0.012,-0.984,0.1,-0.6,0
54.9745973,58,0,18.9,0,0,0.028,-0.012,-0.984,0.1,-0.6,0
54.9845973,58,0,18.9,0,0,0.028,-0.012,-0.984,0.1,-0.6,0
54.9945973,41,0,18.9,0,0,0.028,-0.012,-0.984,0.1,-0.6,0
55.0045973,41,0,18.9,0,0,0.028,-0.012,-0.984,0.1,-0.6,0
55.0259924,53,0.01,18.8,0,0,0.028,-0.011,-1.001,1,-0.5,0
55.0359924,53,0.01,18.8,0,0,0.028,-0.011,-1.001,1,-0.5,0
55.0459924,50,0.01,18.8,0,0,0.028,-0.011,-1.001,1,-0.5,0
55.0559924,48,0.01,18.8,0,0,0.028,-0.011,-1.001,1,-0.5,0
55.0659924,52,0.01,18.8,0,0,0.028,-0.011,-1.001,1,-0.5,0
55.1071449,62,0,18.9,0,0,0.027,-0.016,-1.02,0.9,-0.5,0
55.1171449,62,0,18.9,0,0,0.027,-0.016,-1.02,0.9,-0.5,0
55.1271449,52,0,18.9,0,0,0.027,-0.016,-1.02,0.9,-0.5,0
55.1371449,53,0,18.9,0,0,0.027,-0.016,-1.02,0.9,-0.5,0
55.1471449,56,0,18.9,0,0,0.027,-0.016,-1.02,0.9,-0.5,0
55.1840625,57,0,18.9,0,0,0.029,-0.017,-1.014,0.2,-0.5,0
55.1940625,56,0,18.9,0,0,0.029,-0.017,-1.014,0.2,-0.5,0
55.2040625,56,0,18.9,0,0,0.029,-0.017,-1.014,0.2,-0.5,0
55.2140625,54,0,18.9,0,0,0.029,-0.017,-1.014,0.2,-0.5,0
55.2240625,59,0,18.9,0,0,0.029,-0.017,-1.014,0.2,-0.5,0
55.2459817,59,0.01,18.8,0,0,0.028,-0.013,-1.002,-0.4,-0.5,0
55.2559817,44,0.01,18.8,0,0,0.028,-0.013,-1.002,-0.4,-0.5,0
55.2659817,43,0.01,18.8,0,0,0.028,-0.013,-1.002,-0.4,-0.5,0
55.2759817,60,0.01,18.8,0,0,0.028,-0.013,-1.002,-0.4,-0.5,0
55.2859817,61,0.01,18.8,0,0,0.028,-0.013,-1.002,-0.4,-0.5,0
55.2959817,53,0,18.8,0,0,0.028,-0.012,-0.994,0.1,-0.6,0
55.3059817,55,0,18.8,0,0,0.028,-0.012,-0.994,0.1,-0.6,0
55.3159817,56,0,18.8,0,0,0.028,-0.012,-0.994,0.1,-0.6,0
55.3259817,56,0,18.8,0,0,0.028,-0.012,-0.994,0.1,-0.6,0
55.3359817,56,0,18.8,0,0,0.028,-0.012,-0.994,0.1,-0.6,0
55.3459817,48,0,18.8,0,0,0.028,-0.011,-0.994,0.7,-0.6,0
55.3559817,48,0,18.8,0,0,0.028,-0.011,-0.994,0.7,-0.6,0
55.3659817,54,0,18.8,0,0,0.028,-0.011,-0.994,0.7,-0.6,0
55.3759817,58,0,18.8,0,0,0.028,-0.011,-0.994,0.7,-0.6,0
55.3859817,58,0,18.8,0,0,0.028,-0.011,-0.994,0.7,-0.6,0
55.4089912,53,0,18.8,0,0,0.029,-0.014,-1.007,0.6,-0.6,0
55.4189912,54,0,18.8,0,0,0.029,-0.014,-1.007,0.6,-0.6,0
55.4289912,58,0,18.8,0,0,0.029,-0.014,-1.007,0.6,-0.6,0
55.4389912,58,0,18.8,0,0,0.029,-0.014,-1.007,0.6,-0.6,0
55.4489912,49,0,18.8,0,0,0.029,-0.014,-1.007,0.6,-0.6,0
55.4589912,37,0,18.9,0,0,0.028,-0.015,-1.02,1,-0.5,0.1
55.4689912,42,0,18.9,0,0,0.028,-0.015,-1.02,1,-0.5,0.1
55.4789912,58,0,18.9,0,0,0.028,-0.015,-1.02,1,-0.5,0.1
55.4889912,58,0,18.9,0,0,0.028,-0.015,-1.02,1,-0.5,0.1
55.4989912,56,0,18.9,0,0,0.028,-0.015,-1.02,1,-0.5,0.1
55.5089912,57,0,18.9,0,0,0.03,-0.014,-1.007,0.1,-0.4,0
55.5189912,54,0,18.9,0,0,0.03,-0.014,-1.007,0.1,-0.4,0
55.5289912,56,0,18.9,0,0,0.03,-0.014,-1.007,0.1,-0.4,0
55.5389912,55,0,18.9,0,0,0.03,-0.014,-1.007,0.1,-0.4,0
55.5489912,45,0,18.9,0,0,0.03,-0.014,-1.007,0.1,-0.4,0
55.5589912,44,0,18.8,0,0,0.029,-0.015,-1.001,-0.3,-0.4,0
55.5689912,62,0,18.8,0,0,0.029,-0.015,-1.001,-0.3,-0.4,0
55.5789912,62,0,18.8,0,0,0.029,-0.015,-1.001,-0.3,-0.4,0
55.5889912,52,0,18.8,0,0,0.029,-0.015,-1.001,-0.3,-0.4,0
55.5989912,52,0,18.8,0,0,0.029,-0.015,-1.001,-0.3,-0.4,0
55.6089912,53,0.01,18.8,0,0,0.029,-0.01,-0.986,0,-0.7,0
55.6189912,56,0.01,18.8,0,0,0.029,-0.01,-0.986,0,-0.7,0
55.6289912,55,0.01,18.8,0,0,0.029,-0.01,-0.986,0,-0.7,0
55.6389912,50,0.01,18.8,0,0,0.029,-0.01,-0.986,0,-0.7,0
55.6489912,50,0.01,18.8,0,0,0.029,-0.01,-0.986,0,-0.7,0
55.6589912,53,0,18.8,0,0,0.029,-0.008,-0.983,0.7,-0.7,0
55.6689912,56,0,18.8,0,0,0.029,-0.008,-0.983,0.7,-0.7,0
55.6789912,56,0,18.8,0,0,0.029,-0.008,-0.983,0.7,-0.7,0
55.6889912,53,0,18.8,0,0,0.029,-0.008,-0.983,0.7,-0.7,0
55.6989912,54,0,18.8,0,0,0.029,-0.008,-0.983,0.7,-0.7,0
55.7250929,58,0,18.8,0,0,0.029,-0.01,-0.987,1.3,-0.6,0
55.7350929,58,0,18.8,0,0,0.029,-0.01,-0.987,1.3,-0.6,0
55.7450929,50,0,18.8,0,0,0.029,-0.01,-0.987,1.3,-0.6,0
55.7550929,38,0,18.8,0,0,0.029,-0.01,-0.987,1.3,-0.6,0
55.7650929,41,0,18.8,0,0,0.029,-0.01,-0.987,1.3,-0.6,0
55.7756713,55,-0.01,18.8,0,0,0.028,-0.017,-1.021,0.7,-0.5,0
55.7856713,55,-0.01,18.8,0,0,0.028,-0.017,-1.021,0.7,-0.5,0
55.7956713,44,-0.01,18.8,0,0,0.028,-0.017,-1.021,0.7,-0.5,0
55.8056713,43,-0.01,18.8,0,0,0.028,-0.017,-1.021,0.7,-0.5,0
55.8156713,62,-0.01,18.8,0,0,0.028,-0.017,-1.021,0.7,-0.5,0
55.8256713,62,-0.01,18.9,0,0,0.028,-0.016,-1.007,0,-0.6,0
55.8356713,52,-0.01,18.9,0,0,0.028,-0.016,-1.007,0,-0.6,0
55.8456713,54,-0.01,18.9,0,0,0.028,-0.016,-1.007,0,-0.6,0
55.8556713,55,-0.01,18.9,0,0,0.028,-0.016,-1.007,0,-0.6,0
55.8656713,54,-0.01,18.9,0,0,0.028,-0.016,-1.007,0,-0.6,0
55.8854663,53,0,18.8,0,0,0.028,-0.012,-0.997,-0.2,-0.7,0
55.8954663,51,0,18.8,0,0,0.028,-0.012,-0.997,-0.2,-0.7,0
55.9054663,51,0,18.8,0,0,0.028,-0.012,-0.997,-0.2,-0.7,0
55.9154663,53,0,18.8,0,0,0.028,-0.012,-0.997,-0.2,-0.7,0
55.9254663,59,0,18.8,0,0,0.028,-0.012,-0.997,-0.2,-0.7,0
55.9354663,59,0,18.8,0,0,0.029,-0.012,-0.989,0,-0.6,0
55.9454663,52,0,18.8,0,0,0.029,-0.012,-0.989,0,-0.6,0
55.9554663,52,0,18.8,0,0,0.029,-0.012,-0.989,0,-0.6,0
55.9654663,57,0,18.8,0,0,0.029,-0.012,-0.989,0,-0.6,0
55.9754663,57,0,18.8,0,0,0.029,-0.012,-0.989,0,-0.6,0
56.0105322,54,0,18.9,0,0,0.029,-0.008,-0.968,0.4,-0.7,0
56.0205322,40,0,18.9,0,0,0.029,-0.008,-0.968,0.4,-0.7,0
56.0305322,40,0,18.9,0,0,0.029,-0.008,-0.968,0.4,-0.7,0
56.0405322,55,0,18.9,0,0,0.029,-0.008,-0.968,0.4,-0.7,0
56.0505322,55,0,18.9,0,0,0.029,-0.008,-0.968,0.4,-0.7,0
56.0605322,57,0,18.9,0,0,0.029,-0.012,-0.99,0.2,-0.4,0.1
56.0705322,57,0,18.9,0,0,0.029,-0.012,-0.99,0.2,-0.4,0.1
56.0805322,53,0,18.9,0,0,0.029,-0.012,-0.99,0.2,-0.4,0.1
56.0905322,58,0,18.9,0,0,0.029,-0.012,-0.99,0.2,-0.4,0.1
56.1005322,58,0,18.9,0,0,0.029,-0.012,-0.99,0.2,-0.4,0.1
56.1105322,41,0,18.9,0,0,0.028,-0.01,-0.985,-14.6,-0.7,0.1
56.1205322,41,0,18.9,0,0,0.028,-0.01,-0.985,-14.6,-0.7,0.1
56.1305322,61,0,18.9,0,0,0.028,-0.01,-0.985,-14.6,-0.7,0.1
56.1405322,61,0,18.9,0,0,0.028,-0.01,-0.985,-14.6,-0.7,0.1
56.1505322,52,0,18.9,0,0,0.028,-0.01,-0.985,-14.6,-0.7,0.1
56.1605322,58,0,18.9,0,0,0.029,-0.012,-0.996,0.3,-0.5,0
56.1705322,59,0,18.9,0,0,0.029,-0.012,-0.996,0.3,-0.5,0
56.1805322,53,0,18.9,0,0,0.029,-0.012,-0.996,0.3,-0.5,0
56.1905322,53,0,18.9,0,0,0.029,-0.012,-0.996,0.3,-0.5,0
56.2005322,48,0,18.9,0,0,0.029,-0.012,-0.996,0.3,-0.5,0
56.2108061,48,0,18.9,0,0,0.028,-0.011,-1.004,0.6,-0.4,0
56.2208061,53,0,18.9,0,0,0.028,-0.011,-1.004,0.6,-0.4,0
56.2308061,62,0,18.9,0,0,0.028,-0.011,-1.004,0.6,-0.4,0
56.2408061,63,0,18.9,0,0,0.028,-0.011,-1.004,0.6,-0.4,0
56.2508061,52,0,18.9,0,0,0.028,-0.011,-1.004,0.6,-0.4,0
56.2608061,53,0,18.9,0,0,0.028,-0.016,-1.016,0.3,-0.6,0
56.2708061,56,0,18.9,0,0,0.028,-0.016,-1.016,0.3,-0.6,0
56.2808061,55,0,18.9,0,0,0.028,-0.016,-1.016,0.3,-0.6,0
56.2908061,53,0,18.9,0,0,0.028,-0.016,-1.016,0.3,-0.6,0
56.3008061,41,0,18.9,0,0,0.028,-0.016,-1.016,0.3,-0.6,0
56.3108061,42,0,18.9,0,0,0.028,-0.019,-1.032,0.4,-0.5,0
56.3208061,57,0,18.9,0,0,0.028,-0.019,-1.032,0.4,-0.5,0
56.3308061,57,0,18.9,0,0,0.028,-0.019,-1.032,0.4,-0.5,0
56.3408061,56,0,18.9,0,0,0.028,-0.019,-1.032,0.4,-0.5,0
56.3508061,56,0,18.9,0,0,0.028,-0.019,-1.032,0.4,-0.5,0
56.3608061,59,0,18.8,0,0,0.029,-0.015,-1.004,0,-0.6,0
56.3708061,59,0,18.8,0,0,0.029,-0.015,-1.004,0,-0.6,0
56.3808061,54,0,18.8,0,0,0.029,-0.015,-1.004,0,-0.6,0
56.3908061,44,0,18.8,0,0,0.029,-0.015,-1.004,0,-0.6,0
56.4008061,43,0,18.8,0,0,0.029,-0.015,-1.004,0,-0.6,0
56.4108061,60,0,18.9,0,0,0.029,-0.011,-0.987,0,-0.6,0
56.4208061,61,0,18.9,0,0,0.029,-0.011,-0.987,0,-0.6,0
56.4308061,53,0,18.9,0,0,0.029,-0.011,-0.987,0,-0.6,0
56.4408061,55,0,18.9,0,0,0.029,-0.011,-0.987,0,-0.6,0
56.4508061,56,0,18.9,0,0,0.029,-0.011,-0.987,0,-0.6,0
56.4608061,56,0,18.8,0,0,0.028,-0.01,-0.987,0.6,-0.7,0
56.4708061,56,0,18.8,0,0,0.028,-0.01,-0.987,0.6,-0.7,0
56.4808061,48,0,18.8,0,0,0.028,-0.01,-0.987,0.6,-0.7,0
56.4908061,47,0,18.8,0,0,0.028,-0.01,-0.987,0.6,-0.7,0
56.5008061,58,0,18.8,0,0,0.028,-0.01,-0.987,0.6,-0.7,0
56.5108061,58,0,18.8,0,0,0.029,-0.01,-0.996,1.1,-0.7,0
56.5208061,54,0,18.8,0,0,0.029,-0.01,-0.996,1.1,-0.7,0
56.5308061,54,0,18.8,0,0,0.029,-0.01,-0.996,1.1,-0.7,0
56.5408061,54,0,18.8,0,0,0.029,-0.01,-0.996,1.1,-0.7,0
56.5508061,58,0,18.8,0,0,0.029,-0.01,-0.996,1.1,-0.7,0
56.5608061,58,0,18.9,0,0,0.029,-0.014,-1.013,1.3,-0.7,0
56.5708061,48,0,18.9,0,0,0.029,-0.014,-1.013,1.3,-0.7,0
56.5808061,37,0,18.9,0,0,0.029,-0.014,-1.013,1.3,-0.7,0
56.5908061,43,0,18.9,0,0,0.029,-0.014,-1.013,1.3,-0.7,0
56.6008061,58,0,18.9,0,0,0.029,-0.014,-1.013,1.3,-0.7,0
56.6108061,58,0,18.9,0,0,0.028,-0.016,-1.018,1,-0.4,0
56.6208061,56,0,18.9,0,0,0.028,-0.016,-1.018,1,-0.4,0
56.6308061,57,0,18.9,0,0,0.028,-0.016,-1.018,1,-0.4,0
56.6408061,54,0,18.9,0,0,0.028,-0.016,-1.018,1,-0.4,0
56.6508061,55,0,18.9,0,0,0.028,-0.016,-1.018,1,-0.4,0
56.6608061,55,0,18.9,0,0,0.029,-0.018,-1.022,0.2,-0.4,0
56.6708061,45,0,18.9,0,0,0.029,-0.018,-1.022,0.2,-0.4,0
56.6808061,44,0,18.9,0,0,0.029,-0.018,-1.022,0.2,-0.4,0
56.6908061,61,0,18.9,0,0,0.029,-0.018,-1.022,0.2,-0.4,0
56.7008061,61,0,18.9,0,0,0.029,-0.018,-1.022,0.2,-0.4,0
56.7108061,52,0,18.8,0,0,0.028,-0.014,-1.001,0,-0.7,0
56.7208061,53,0,18.8,0,0,0.028,-0.014,-1.001,0,-0.7,0
56.7308061,54,0,18.8,0,0,0.028,-0.014,-1.001,0,-0.7,0
56.7408061,56,0,18.8,0,0,0.028,-0.014,-1.001,0,-0.7,0
56.7508061,56,0,18.8,0,0,0.028,-0.014,-1.001,0,-0.7,0
56.7650489,51,0,18.8,0,0,0.029,-0.01,-0.987,0,-0.7,0
56.7750489,50,0,18.8,0,0,0.029,-0.01,-0.987,0,-0.7,0
56.7850489,53,0,18.8,0,0,0.029,-0.01,-0.987,0,-0.7,0
56.7950489,56,0,18.8,0,0,0.029,-0.01,-0.987,0,-0.7,0
56.8050489,56,0,18.8,0,0,0.029,-0.01,-0.987,0,-0.7,0
56.8150489,52,0,18.9,0,0,0.028,-0.009,-0.99,0.4,-0.6,0
56.8250489,53,0,18.9,0,0,0.028,-0.009,-0.99,0.4,-0.6,0
56.8350489,59,0,18.9,0,0,0.028,-0.009,-0.99,0.4,-0.6,0
56.8450489,58,0,18.9,0,0,0.028,-0.009,-0.99,0.4,-0.6,0
56.8550489,51,0,18.9,0,0,0.028,-0.009,-0.99,0.4,-0.6,0
56.8650489,38,0,18.8,0,0,0.029,-0.01,-0.983,1,-0.7,0
56.8750489,41,0,18.8,0,0,0.029,-0.01,-0.983,1,-0.7,0
56.8850489,57,0,18.8,0,0,0.029,-0.01,-0.983,1,-0.7,0
56.8950489,57,0,18.8,0,0,0.029,-0.01,-0.983,1,-0.7,0
56.9050489,57,0,18.8,0,0,0.029,-0.01,-0.983,1,-0.7,0
56.9150489,57,0,18.9,0,0,0.029,-0.013,-0.996,0.4,-0.4,0
56.9250489,53,0,18.9,0,0,0.029,-0.013,-0.996,0.4,-0.4,0
56.9350489,55,0,18.9,0,0,0.029,-0.013,-0.996,0.4,-0.4,0
56.9450489,55,0,18.9,0,0,0.029,-0.013,-0.996,0.4,-0.4,0
56.9550489,44,0,18.9,0,0,0.029,-0.013,-0.996,0.4,-0.4,0
56.9650489,43,0,18.8,0,0,0.029,-0.018,-1.021,0.6,-0.6,0
56.9750489,62,0,18.8,0,0,0.029,-0.018,-1.021,0.6,-0.6,0
56.9850489,62,0,18.8,0,0,0.029,-0.018,-1.021,0.6,-0.6,0
56.9950489,52,0,18.8,0,0,0.029,-0.018,-1.021,0.6,-0.6,0
57.0050489,54,0,18.8,0,0,0.029,-0.018,-1.021,0.6,-0.6,0
57.0150489,55,0,18.9,0,0,0.029,-0.016,-1.003,0,-0.7,0
57.0250489,54,0,18.9,0,0,0.029,-0.016,-1.003,0,-0.7,0
57.0350489,53,0,18.9,0,0,0.029,-0.016,-1.003,0,-0.7,0
57.0450489,52,0,18.9,0,0,0.029,-0.016,-1.003,0,-0.7,0
57.0550489,51,0,18.9,0,0,0.029,-0.016,-1.003,0,-0.7,0
57.0650489,53,-0.01,18.8,0,0,0.028,-0.011,-0.982,-0.1,-0.6,0
57.0750489,59,-0.01,18.8,0,0,0.028,-0.011,-0.982,-0.1,-0.6,0
57.0850489,59,-0.01,18.8,0,0,0.028,-0.011,-0.982,-0.1,-0.6,0
57.0950489,52,-0.01,18.8,0,0,0.028,-0.011,-0.982,-0.1,-0.6,0
57.1050489,52,-0.01,18.8,0,0,0.028,-0.011,-0.982,-0.1,-0.6,0
57.1150489,57,0,18.8,0,0,0.03,-0.01,-0.978,0.1,-0.6,0
57.1250489,57,0,18.8,0,0,0.03,-0.01,-0.978,0.1,-0.6,0
57.1350489,54,0,18.8,0,0,0.03,-0.01,-0.978,0.1,-0.6,0
57.1450489,40,0,18.8,0,0,0.03,-0.01,-0.978,0.1,-0.6,0
57.1550489,39,0,18.8,0,0,0.03,-0.01,-0.978,0.1,-0.6,0
57.1650489,56,0,18.9,0,0,0.03,-0.008,-0.967,0.6,-0.7,0
57.1750489,56,0,18.9,0,0,0.03,-0.008,-0.967,0.6,-0.7,0
57.1850489,57,0,18.9,0,0,0.03,-0.008,-0.967,0.6,-0.7,0
57.1950489,57,0,18.9,0,0,0.03,-0.008,-0.967,0.6,-0.7,0
57.2050489,53,0,18.9,0,0,0.03,-0.008,-0.967,0.6,-0.7,0
57.2150489,58,0,18.9,0,0,0.027,-0.012,-0.995,1,-0.7,0
57.2250489,58,0,18.9,0,0,0.027,-0.012,-0.995,1,-0.7,0
57.2350489,41,0,18.9,0,0,0.027,-0.012,-0.995,1,-0.7,0
57.2450489,41,0,18.9,0,0,0.027,-0.012,-0.995,1,-0.7,0
57.2550489,52,0,18.9,0,0,0.027,-0.012,-0.995,1,-0.7,0
57.2650489,60,-0.01,18.9,0,0,0.029,-0.013,-1.003,0.7,-0.4,0
57.2750489,61,-0.01,18.9,0,0,0.029,-0.013,-1.003,0.7,-0.4,0
57.2850489,58,-0.01,18.9,0,0,0.029,-0.013,-1.003,0.7,-0.4,0
57.2950489,60,-0.01,18.9,0,0,0.029,-0.013,-1.003,0.7,-0.4,0
57.3050489,53,-0.01,18.9,0,0,0.029,-0.013,-1.003,0.7,-0.4,0
57.3150489,53,0,18.8,0,0,0.029,-0.018,-1.018,0.3,-0.5,0
57.3250489,49,0,18.8,0,0,0.029,-0.018,-1.018,0.3,-0.5,0
57.3350489,48,0,18.8,0,0,0.029,-0.018,-1.018,0.3,-0.5,0
57.3450489,52,0,18.8,0,0,0.029,-0.018,-1.018,0.3,-0.5,0
57.3550489,63,0,18.8,0,0,0.029,-0.018,-1.018,0.3,-0.5,0
57.3650489,63,0,18.9,0,0,0.029,-0.017,-1.007,-0.1,-0.6,0
57.3750489,52,0,18.9,0,0,0.029,-0.017,-1.007,-0.1,-0.6,0
57.3850489,53,0,18.9,0,0,0.029,-0.017,-1.007,-0.1,-0.6,0
57.3950489,56,0,18.9,0,0,0.029,-0.017,-1.007,-0.1,-0.6,0
57.4050489,56,0,18.9,0,0,0.029,-0.017,-1.007,-0.1,-0.6,0
57.4150489,55,0,18.9,0,0,0.029,-0.014,-0.997,-0.7,-0.6,0
57.4250489,43,0,18.9,0,0,0.029,-0.014,-0.997,-0.7,-0.6,0
57.4350489,41,0,18.9,0,0,0.029,-0.014,-0.997,-0.7,-0.6,0
57.4450489,57,0,18.9,0,0,0.029,-0.014,-0.997,-0.7,-0.6,0
57.4550489,57,0,18.9,0,0,0.029,-0.014,-0.997,-0.7,-0.6,0
57.4650489,55,0,18.9,0,0,0.028,-0.011,-0.998,-0.4,-0.7,0
57.4750489,56,0,18.9,0,0,0.028,-0.011,-0.998,-0.4,-0.7,0
57.4850489,54,0,18.9,0,0,0.028,-0.011,-0.998,-0.4,-0.7,0
57.4950489,59,0,18.9,0,0,0.028,-0.011,-0.998,-0.4,-0.7,0
57.5050489,59,0,18.9,0,0,0.028,-0.011,-0.998,-0.4,-0.7,0
57.5150489,44,0,18.9,0,0,0.029,-0.01,-0.979,0.5,-0.6,0
57.5250489,43,0,18.9,0,0,0.029,-0.01,-0.979,0.5,-0.6,0
57.5350489,60,0,18.9,0,0,0.029,-0.01,-0.979,0.5,-0.6,0
57.5450489,61,0,18.9,0,0,0.029,-0.01,-0.979,0.5,-0.6,0
57.5550489,54,0,18.9,0,0,0.029,-0.01,-0.979,0.5,-0.6,0
57.5650489,56,0,18.9,0,0,0.029,-0.013,-1.004,0.5,-0.4,0
57.5750489,57,0,18.9,0,0,0.029,-0.013,-1.004,0.5,-0.4,0
57.5850489,57,0,18.9,0,0,0.029,-0.013,-1.004,0.5,-0.4,0
57.5950489,57,0,18.9,0,0,0.029,-0.013,-1.004,0.5,-0.4,0
57.6050489,49,0,18.9,0,0,0.029,-0.013,-1.004,0.5,-0.4,0
57.6150489,48,0,18.8,0,0,0.028,-0.017,-1.018,0.3,-0.5,0
57.6250489,54,0,18.8,0,0,0.028,-0.017,-1.018,0.3,-0.5,0
57.6350489,58,0,18.8,0,0,0.028,-0.017,-1.018,0.3,-0.5,0
57.6450489,58,0,18.8,0,0,0.028,-0.017,-1.018,0.3,-0.5,0
57.6550489,54,0,18.8,0,0,0.028,-0.017,-1.018,0.3,-0.5,0
57.6650489,54,0,18.9,0,0,0.028,-0.017,-1.011,-0.1,-0.6,0
57.6750489,59,0,18.9,0,0,0.028,-0.017,-1.011,-0.1,-0.6,0
57.6850489,59,0,18.9,0,0,0.028,-0.017,-1.011,-0.1,-0.6,0
57.6950489,50,0,18.9,0,0,0.028,-0.017,-1.011,-0.1,-0.6,0
57.7050489,38,0,18.9,0,0,0.028,-0.017,-1.011,-0.1,-0.6,0
57.7297229,54,0,18.9,0,0,0.029,-0.011,-0.985,0,-0.6,0
57.7397229,56,0,18.9,0,0,0.029,-0.011,-0.985,0,-0.6,0
57.7497229,56,0,18.9,0,0,0.029,-0.011,-0.985,0,-0.6,0
57.7597229,45,0,18.9,0,0,0.029,-0.011,-0.985,0,-0.6,0
57.7697229,45,0,18.9,0,0,0.029,-0.011,-0.985,0,-0.6,0
57.810261,62,0,18.9,0,0,0.027,-0.009,-0.986,0.3,-0.6,0
57.820261,62,0,18.9,0,0,0.027,-0.009,-0.986,0.3,-0.6,0
57.830261,52,0,18.9,0,0,0.027,-0.009,-0.986,0.3,-0.6,0
57.840261,52,0,18.9,0,0,0.027,-0.009,-0.986,0.3,-0.6,0
57.850261,53,0,18.9,0,0,0.027,-0.009,-0.986,0.3,-0.6,0
57.860261,56,0,18.9,0,0,0.028,-0.012,-1.003,0.9,-0.5,0
57.870261,56,0,18.9,0,0,0.028,-0.012,-1.003,0.9,-0.5,0
57.880261,50,0,18.9,0,0,0.028,-0.012,-1.003,0.9,-0.5,0
57.890261,50,0,18.9,0,0,0.028,-0.012,-1.003,0.9,-0.5,0
57.900261,54,0,18.9,0,0,0.028,-0.012,-1.003,0.9,-0.5,0
57.910261,57,0,18.9,0,0,0.028,-0.016,-1.019,0.9,-0.5,0
57.920261,57,0,18.9,0,0,0.028,-0.016,-1.019,0.9,-0.5,0
57.930261,53,0,18.9,0,0,0.028,-0.016,-1.019,0.9,-0.5,0
57.940261,54,0,18.9,0,0,0.028,-0.016,-1.019,0.9,-0.5,0
57.950261,59,0,18.9,0,0,0.028,-0.016,-1.019,0.9,-0.5,0
57.960261,58,0,18.9,0,0,0.027,-0.02,-1.035,0.4,-0.5,0
57.970261,51,0,18.9,0,0,0.027,-0.02,-1.035,0.4,-0.5,0
57.980261,38,0,18.9,0,0,0.027,-0.02,-1.035,0.4,-0.5,0
57.990261,41,0,18.9,0,0,0.027,-0.02,-1.035,0.4,-0.5,0
58.000261,57,0,18.9,0,0,0.027,-0.02,-1.035,0.4,-0.5,0
58.010261,57,0,18.8,0,0,0.03,-0.019,-1.016,0.3,-0.5,0
58.020261,57,0,18.8,0,0,0.03,-0.019,-1.016,0.3,-0.5,0
58.030261,57,0,18.8,0,0,0.03,-0.019,-1.016,0.3,-0.5,0
58.040261,54,0,18.8,0,0,0.03,-0.019,-1.016,0.3,-0.5,0
58.050261,55,0,18.8,0,0,0.03,-0.019,-1.016,0.3,-0.5,0
58.060261,55,0,18.9,0,0,0.028,-0.012,-1.005,-0.3,-0.5,0
58.070261,44,0,18.9,0,0,0.028,-0.012,-1.005,-0.3,-0.5,0
58.080261,44,0,18.9,0,0,0.028,-0.012,-1.005,-0.3,-0.5,0
58.090261,62,0,18.9,0,0,0.028,-0.012,-1.005,-0.3,-0.5,0
58.100261,62,0,18.9,0,0,0.028,-0.012,-1.005,-0.3,-0.5,0
58.110261,52,0,18.8,0,0,0.029,-0.012,-0.993,0,-0.7,0
58.120261,54,0,18.8,0,0,0.029,-0.012,-0.993,0,-0.7,0
58.130261,54,0,18.8,0,0,0.029,-0.012,-0.993,0,-0.7,0
58.140261,53,0,18.8,0,0,0.029,-0.012,-0.993,0,-0.7,0
58.150261,53,0,18.8,0,0,0.029,-0.012,-0.993,0,-0.7,0
58.160261,52,0,18.9,0,0,0.029,-0.011,-0.995,0.4,-0.6,0
58.170261,52,0,18.9,0,0,0.029,-0.011,-0.995,0.4,-0.6,0
58.180261,54,0,18.9,0,0,0.029,-0.011,-0.995,0.4,-0.6,0
58.190261,59,0,18.9,0,0,0.029,-0.011,-0.995,0.4,-0.6,0
58.200261,59,0,18.9,0,0,0.029,-0.011,-0.995,0.4,-0.6,0
58.210261,52,0,18.9,0,0,0.028,-0.012,-1.005,0.8,-0.5,0
58.220261,53,0,18.9,0,0,0.028,-0.012,-1.005,0.8,-0.5,0
58.230261,58,0,18.9,0,0,0.028,-0.012,-1.005,0.8,-0.5,0
58.240261,57,0,18.9,0,0,0.028,-0.012,-1.005,0.8,-0.5,0
58.250261,54,0,18.9,0,0,0.028,-0.012,-1.005,0.8,-0.5,0
58.260261,40,0,18.8,0,0,0.028,-0.013,-1.013,1.2,-0.5,0
58.270261,40,0,18.8,0,0,0.028,-0.013,-1.013,1.2,-0.5,0
58.280261,56,0,18.8,0,0,0.028,-0.013,-1.013,1.2,-0.5,0
58.290261,56,0,18.8,0,0,0.028,-0.013,-1.013,1.2,-0.5,0
58.300261,57,0,18.8,0,0,0.028,-0.013,-1.013,1.2,-0.5,0
58.310261,58,0,18.8,0,0,0.029,-0.015,-1.007,0.3,-0.4,0
58.320261,54,0,18.8,0,0,0.029,-0.015,-1.007,0.3,-0.4,0
58.330261,59,0,18.8,0,0,0.029,-0.015,-1.007,0.3,-0.4,0
58.340261,59,0,18.8,0,0,0.029,-0.015,-1.007,0.3,-0.4,0
58.350261,42,0,18.8,0,0,0.029,-0.015,-1.007,0.3,-0.4,0
58.360261,41,0,18.9,0,0,0.03,-0.017,-1.013,-0.1,-0.4,0
58.370261,61,0,18.9,0,0,0.03,-0.017,-1.013,-0.1,-0.4,0
58.380261,61,0,18.9,0,0,0.03,-0.017,-1.013,-0.1,-0.4,0
58.390261,52,0,18.9,0,0,0.03,-0.017,-1.013,-0.1,-0.4,0
58.400261,59,0,18.9,0,0,0.03,-0.017,-1.013,-0.1,-0.4,0
58.4121494,60,0.01,18.8,0,0,0.028,-0.011,-0.989,0,-0.7,0
58.4221494,53,0.01,18.8,0,0,0.028,-0.011,-0.989,0,-0.7,0
58.4321494,53,0.01,18.8,0,0,0.028,-0.011,-0.989,0,-0.7,0
58.4421494,48,0.01,18.8,0,0,0.028,-0.011,-0.989,0,-0.7,0
58.4521494,48,0.01,18.8,0,0,0.028,-0.011,-0.989,0,-0.7,0
58.4621494,54,0,18.8,0,0,0.029,-0.009,-0.974,0.6,-0.7,0
58.4721494,62,0,18.8,0,0,0.029,-0.009,-0.974,0.6,-0.7,0
58.4821494,62,0,18.8,0,0,0.029,-0.009,-0.974,0.6,-0.7,0
58.4921494,52,0,18.8,0,0,0.029,-0.009,-0.974,0.6,-0.7,0
58.5021494,53,0,18.8,0,0,0.029,-0.009,-0.974,0.6,-0.7,0
58.5121494,56,0,18.9,0,0,0.03,-0.008,-0.979,1,-0.6,0
58.5221494,56,0,18.9,0,0,0.03,-0.008,-0.979,1,-0.6,0
58.5321494,54,0,18.9,0,0,0.03,-0.008,-0.979,1,-0.6,0
58.5421494,42,0,18.9,0,0,0.03,-0.008,-0.979,1,-0.6,0
58.5521494,42,0,18.9,0,0,0.03,-0.008,-0.979,1,-0.6,0
58.5621494,56,0,18.9,0,0,0.028,-0.013,-1.004,1.4,-0.6,0
58.5721494,56,0,18.9,0,0,0.028,-0.013,-1.004,1.4,-0.6,0
58.5821494,55,0,18.9,0,0,0.028,-0.013,-1.004,1.4,-0.6,0
58.5921494,56,0,18.9,0,0,0.028,-0.013,-1.004,1.4,-0.6,0
58.6021494,59,0,18.9,0,0,0.028,-0.013,-1.004,1.4,-0.6,0
58.6121494,59,0,18.9,0,0,0.029,-0.015,-1.018,0.7,-0.4,0
58.6221494,54,0,18.9,0,0,0.029,-0.015,-1.018,0.7,-0.4,0
58.6321494,44,0,18.9,0,0,0.029,-0.015,-1.018,0.7,-0.4,0
58.6421494,43,0,18.9,0,0,0.029,-0.015,-1.018,0.7,-0.4,0
58.6521494,60,0,18.9,0,0,0.029,-0.015,-1.018,0.7,-0.4,0
58.6621494,61,0,18.8,0,0,0.03,-0.016,-1.008,0.1,-0.6,0
58.6721494,54,0,18.8,0,0,0.03,-0.016,-1.008,0.1,-0.6,0
58.6821494,56,0,18.8,0,0,0.03,-0.016,-1.008,0.1,-0.6,0
58.6921494,57,0,18.8,0,0,0.03,-0.016,-1.008,0.1,-0.6,0
58.7021494,57,0,18.8,0,0,0.03,-0.016,-1.008,0.1,-0.6,0
58.7121494,57,0,18.9,0,0,0.029,-0.014,-0.997,-0.3,-0.6,0
58.7221494,49,0,18.9,0,0,0.029,-0.014,-0.997,-0.3,-0.6,0
58.7321494,48,0,18.9,0,0,0.029,-0.014,-0.997,-0.3,-0.6,0
58.7421494,58,0,18.9,0,0,0.029,-0.014,-0.997,-0.3,-0.6,0
58.7521494,58,0,18.9,0,0,0.029,-0.014,-0.997,-0.3,-0.6,0
58.7621494,54,0,18.9,0,0,0.028,-0.011,-0.991,0,-0.7,0
58.7721494,54,0,18.9,0,0,0.028,-0.011,-0.991,0,-0.7,0
58.7821494,54,0,18.9,0,0,0.028,-0.011,-0.991,0,-0.7,0
58.7921494,59,0,18.9,0,0,0.028,-0.011,-0.991,0,-0.7,0
58.8021494,59,0,18.9,0,0,0.028,-0.011,-0.991,0,-0.7,0
58.8121494,48,0,18.8,0,0,0.03,-0.007,-0.971,0.3,-0.7,0
58.8221494,37,0,18.8,0,0,0.03,-0.007,-0.971,0.3,-0.7,0
58.8321494,43,0,18.8,0,0,0.03,-0.007,-0.971,0.3,-0.7,0
58.8421494,58,0,18.8,0,0,0.03,-0.007,-0.971,0.3,-0.7,0
58.8521494,58,0,18.8,0,0,0.03,-0.007,-0.971,0.3,-0.7,0
58.8626373,56,0,18.9,0,0,0.028,-0.012,-0.991,0.2,-0.4,0
58.8726373,57,0,18.9,0,0,0.028,-0.012,-0.991,0.2,-0.4,0
58.8826373,56,0,18.9,0,0,0.028,-0.012,-0.991,0.2,-0.4,0
58.8926373,56,0,18.9,0,0,0.028,-0.012,-0.991,0.2,-0.4,0
58.9026373,54,0,18.9,0,0,0.028,-0.012,-0.991,0.2,-0.4,0
58.9126373,45,0,18.8,0,0,0.028,-0.015,-1.011,0.8,-0.6,0.1
58.9226373,44,0,18.8,0,0,0.028,-0.015,-1.011,0.8,-0.6,0.1
58.9326373,62,0,18.8,0,0,0.028,-0.015,-1.011,0.8,-0.6,0.1
58.9426373,62,0,18.8,0,0,0.028,-0.015,-1.011,0.8,-0.6,0.1
58.9526373,52,0,18.8,0,0,0.028,-0.015,-1.011,0.8,-0.6,0.1
58.9626373,52,0,18.8,0,0,0.029,-0.017,-1.006,0.1,-0.5,0
58.9726373,53,0,18.8,0,0,0.029,-0.017,-1.006,0.1,-0.5,0
58.9826373,56,0,18.8,0,0,0.029,-0.017,-1.006,0.1,-0.5,0
58.9926373,56,0,18.8,0,0,0.029,-0.017,-1.006,0.1,-0.5,0
59.0026373,51,0,18.8,0,0,0.029,-0.017,-1.006,0.1,-0.5,0
59.0132956,51,0,18.9,0,0,0.027,-0.015,-1.001,-0.4,-0.5,0
59.0232956,57,0,18.9,0,0,0.027,-0.015,-1.001,-0.4,-0.5,0
59.0332956,57,0,18.9,0,0,0.027,-0.015,-1.001,-0.4,-0.5,0
59.0432956,54,0,18.9,0,0,0.027,-0.015,-1.001,-0.4,-0.5,0
59.0532956,53,0,18.9,0,0,0.027,-0.015,-1.001,-0.4,-0.5,0
59.0632956,54,0,18.9,0,0,0.028,-0.011,-0.987,-0.2,-0.6,0.1
59.0732956,58,0,18.9,0,0,0.028,-0.011,-0.987,-0.2,-0.6,0.1
59.0832956,58,0,18.9,0,0,0.028,-0.011,-0.987,-0.2,-0.6,0.1
59.0932956,49,0,18.9,0,0,0.028,-0.011,-0.987,-0.2,-0.6,0.1
59.1032956,38,0,18.9,0,0,0.028,-0.011,-0.987,-0.2,-0.6,0.1
59.1132956,42,0,18.9,0,0,0.029,-0.01,-0.97,-0.1,-0.7,0
59.1232956,58,0,18.9,0,0,0.029,-0.01,-0.97,-0.1,-0.7,0
59.1332956,58,0,18.9,0,0,0.029,-0.01,-0.97,-0.1,-0.7,0
59.1432956,57,0,18.9,0,0,0.029,-0.01,-0.97,-0.1,-0.7,0
59.1532956,58,0,18.9,0,0,0.029,-0.01,-0.97,-0.1,-0.7,0
59.1632956,54,0,18.9,0,0,0.03,-0.014,-1.003,-14.6,-0.7,0
59.1732956,56,0,18.9,0,0,0.03,-0.014,-1.003,-14.6,-0.7,0
59.1832956,56,0,18.9,0,0,0.03,-0.014,-1.003,-14.6,-0.7,0
59.1932956,44,0,18.9,0,0,0.03,-0.014,-1.003,-14.6,-0.7,0
59.2032956,43,0,18.9,0,0,0.03,-0.014,-1.003,-14.6,-0.7,0
59.2132956,62,0,18.9,0,0,0.029,-0.011,-0.989,-0.2,-0.6,0
59.2232956,62,0,18.9,0,0,0.029,-0.011,-0.989,-0.2,-0.6,0
59.2332956,52,0,18.9,0,0,0.029,-0.011,-0.989,-0.2,-0.6,0
59.2432956,53,0,18.9,0,0,0.029,-0.011,-0.989,-0.2,-0.6,0
59.2532956,54,0,18.9,0,0,0.029,-0.011,-0.989,-0.2,-0.6,0
59.2632956,53,0,18.8,0,0,0.029,-0.01,-0.987,0.4,-0.7,0
59.2732956,53,0,18.8,0,0,0.029,-0.01,-0.987,0.4,-0.7,0
59.2832956,52,0,18.8,0,0,0.029,-0.01,-0.987,0.4,-0.7,0
59.2932956,52,0,18.8,0,0,0.029,-0.01,-0.987,0.4,-0.7,0
59.3032956,54,0,18.8,0,0,0.029,-0.01,-0.987,0.4,-0.7,0
59.3132956,59,0,18.8,0,0,0.029,-0.011,-1,1.1,-0.7,0
59.3232956,59,0,18.8,0,0,0.029,-0.011,-1,1.1,-0.7,0
59.3332956,52,0,18.8,0,0,0.029,-0.011,-1,1.1,-0.7,0
59.3432956,53,0,18.8,0,0,0.029,-0.011,-1,1.1,-0.7,0
59.3532956,58,0,18.8,0,0,0.029,-0.011,-1,1.1,-0.7,0
59.3632956,57,-0.01,18.9,0,0,0.028,-0.013,-1.005,1.4,-0.6,0
59.3732956,52,-0.01,18.9,0,0,0.028,-0.013,-1.005,1.4,-0.6,0
59.3832956,40,-0.01,18.9,0,0,0.028,-0.013,-1.005,1.4,-0.6,0
59.3932956,41,-0.01,18.9,0,0,0.028,-0.013,-1.005,1.4,-0.6,0
59.4032956,56,-0.01,18.9,0,0,0.028,-0.013,-1.005,1.4,-0.6,0
59.4132956,56,0,18.9,0,0,0.029,-0.016,-1.019,1.2,-0.4,0.1
59.4232956,57,0,18.9,0,0,0.029,-0.016,-1.019,1.2,-0.4,0.1
59.4332956,57,0,18.9,0,0,0.029,-0.016,-1.019,1.2,-0.4,0.1
59.4432956,54,0,18.9,0,0,0.029,-0.016,-1.019,1.2,-0.4,0.1
59.4532956,59,0,18.9,0,0,0.029,-0.016,-1.019,1.2,-0.4,0.1
59.4632956,59,0,18.9,0,0,0.029,-0.018,-1.023,0.4,-0.4,0.1
59.4732956,42,0,18.9,0,0,0.029,-0.018,-1.023,0.4,-0.4,0.1
59.4832956,41,0,18.9,0,0,0.029,-0.018,-1.023,0.4,-0.4,0.1
59.4932956,61,0,18.9,0,0,0.029,-0.018,-1.023,0.4,-0.4,0.1
59.5032956,61,0,18.9,0,0,0.029,-0.018,-1.023,0.4,-0.4,0.1
59.5423515,48,0,18.8,0,0,0.028,-0.01,-0.988,0,-0.7,0
59.5523515,48,0,18.8,0,0,0.028,-0.01,-0.988,0,-0.7,0
59.5623515,62,0,18.8,0,0,0.028,-0.01,-0.988,0,-0.7,0
59.5723515,62,0,18.8,0,0,0.028,-0.01,-0.988,0,-0.7,0
59.5823515,54,0,18.8,0,0,0.028,-0.01,-0.988,0,-0.7,0
59.6039508,52,0,18.9,0,0,0.03,-0.009,-0.988,0.3,-0.6,0
59.6139508,53,0,18.9,0,0,0.03,-0.009,-0.988,0.3,-0.6,0
59.6239508,56,0,18.9,0,0,0.03,-0.009,-0.988,0.3,-0.6,0
59.6339508,56,0,18.9,0,0,0.03,-0.009,-0.988,0.3,-0.6,0
59.6439508,52,0,18.9,0,0,0.03,-0.009,-0.988,0.3,-0.6,0
59.6836408,56,0,18.9,0,0,0.029,-0.013,-0.993,0.3,-0.4,0
59.6936408,59,0,18.9,0,0,0.029,-0.013,-0.993,0.3,-0.4,0
59.7036408,59,0,18.9,0,0,0.029,-0.013,-0.993,0.3,-0.4,0
59.7136408,54,0,18.9,0,0,0.029,-0.013,-0.993,0.3,-0.4,0
59.7236408,44,0,18.9,0,0,0.029,-0.013,-0.993,0.3,-0.4,0
59.7635338,43,0,18.8,0,0,0.028,-0.017,-1.021,0.4,-0.6,0
59.7735338,60,0,18.8,0,0,0.028,-0.017,-1.021,0.4,-0.6,0
59.7835338,60,0,18.8,0,0,0.028,-0.017,-1.021,0.4,-0.6,0
59.7935338,52,0,18.8,0,0,0.028,-0.017,-1.021,0.4,-0.6,0
59.8035338,55,0,18.8,0,0,0.028,-0.017,-1.021,0.4,-0.6,0
59.8135338,57,0,18.9,0,0,0.028,-0.015,-1.001,-0.1,-0.6,0
59.8235338,58,0,18.9,0,0,0.028,-0.015,-1.001,-0.1,-0.6,0
59.8335338,58,0,18.9,0,0,0.028,-0.015,-1.001,-0.1,-0.6,0
59.8435338,49,0,18.9,0,0,0.028,-0.015,-1.001,-0.1,-0.6,0
59.8535338,48,0,18.9,0,0,0.028,-0.015,-1.001,-0.1,-0.6,0
59.8635338,58,0,18.9,0,0,0.028,-0.013,-0.985,-0.2,-0.5,0
59.8735338,58,0,18.9,0,0,0.028,-0.013,-0.985,-0.2,-0.5,0
59.8835338,54,0,18.9,0,0,0.028,-0.013,-0.985,-0.2,-0.5,0
59.8935338,53,0,18.9,0,0,0.028,-0.013,-0.985,-0.2,-0.5,0
59.9035338,54,0,18.9,0,0,0.028,-0.013,-0.985,-0.2,-0.5,0
59.9135338,59,0,18.8,0,0,0.03,-0.01,-0.978,0.1,-0.6,0
59.9235338,59,0,18.8,0,0,0.03,-0.01,-0.978,0.1,-0.6,0
59.9335338,47,0,18.8,0,0,0.03,-0.01,-0.978,0.1,-0.6,0
59.9435338,38,0,18.8,0,0,0.03,-0.01,-0.978,0.1,-0.6,0
59.9535338,44,0,18.8,0,0,0.03,-0.01,-0.978,0.1,-0.6,0
59.9635338,58,0,18.9,0,0,0.029,-0.009,-0.974,0.7,-0.7,0
59.9735338,58,0,18.9,0,0,0.029,-0.009,-0.974,0.7,-0.7,0
59.9835338,56,0,18.9,0,0,0.029,-0.009,-0.974,0.7,-0.7,0
59.9935338,57,0,18.9,0,0,0.029,-0.009,-0.974,0.7,-0.7,0
60.0035338,56,0,18.9,0,0,0.029,-0.009,-0.974,0.7,-0.7,0
60.0135338,56,0,18.9,0,0,0.027,-0.012,-0.999,1.1,-0.6,0
60.0235338,54,0,18.9,0,0,0.027,-0.012,-0.999,1.1,-0.6,0
60.0335338,45,0,18.9,0,0,0.027,-0.012,-0.999,1.1,-0.6,0
60.0435338,44,0,18.9,0,0,0.027,-0.012,-0.999,1.1,-0.6,0
60.0535338,61,0,18.9,0,0,0.027,-0.012,-0.999,1.1,-0.6,0
60.0635338,61,-0.01,18.9,0,0,0.029,-0.016,-1.011,0.7,-0.6,0
60.0735338,52,-0.01,18.9,0,0,0.029,-0.016,-1.011,0.7,-0.6,0
60.0835338,52,-0.01,18.9,0,0,0.029,-0.016,-1.011,0.7,-0.6,0
60.0935338,53,-0.01,18.9,0,0,0.029,-0.016,-1.011,0.7,-0.6,0
60.1035338,55,-0.01,18.9,0,0,0.029,-0.016,-1.011,0.7,-0.6,0
60.1135338,55,0,18.8,0,0,0.029,-0.018,-1.013,0.1,-0.5,0
60.1235338,51,0,18.8,0,0,0.029,-0.018,-1.013,0.1,-0.5,0
60.1335338,51,0,18.8,0,0,0.029,-0.018,-1.013,0.1,-0.5,0
60.1435338,57,0,18.8,0,0,0.029,-0.018,-1.013,0.1,-0.5,0
60.1535338,57,0,18.8,0,0,0.029,-0.018,-1.013,0.1,-0.5,0
60.1635338,54,0,18.8,0,0,0.028,-0.015,-1.003,-0.1,-0.7,0
60.1735338,53,0,18.8,0,0,0.028,-0.015,-1.003,-0.1,-0.7,0
60.1835338,54,0,18.8,0,0,0.028,-0.015,-1.003,-0.1,-0.7,0
60.1935338,58,0,18.8,0,0,0.028,-0.015,-1.003,-0.1,-0.7,0
60.2035338,58,0,18.8,0,0,0.028,-0.015,-1.003,-0.1,-0.7,0
60.2135338,49,0,18.8,0,0,0.029,-0.012,-0.987,-0.6,-0.6,0
60.2235338,38,0,18.8,0,0,0.029,-0.012,-0.987,-0.6,-0.6,0
60.2335338,43,0,18.8,0,0,0.029,-0.012,-0.987,-0.6,-0.6,0
60.2435338,58,0,18.8,0,0,0.029,-0.012,-0.987,-0.6,-0.6,0
60.2535338,58,0,18.8,0,0,0.029,-0.012,-0.987,-0.6,-0.6,0
60.2803259,44,0,18.8,0,0,0.029,-0.011,-0.978,0.5,-0.7,0
60.2903259,43,0,18.8,0,0,0.029,-0.011,-0.978,0.5,-0.7,0
60.3003259,62,0,18.8,0,0,0.029,-0.011,-0.978,0.5,-0.7,0
60.3103259,62,0,18.8,0,0,0.029,-0.011,-0.978,0.5,-0.7,0
60.3203259,52,0,18.8,0,0,0.029,-0.011,-0.978,0.5,-0.7,0
60.3624712,53,0,18.8,0,0,0.029,-0.014,-1,0.5,-0.4,0
60.3724712,54,0,18.8,0,0,0.029,-0.014,-1,0.5,-0.4,0
60.3824712,53,0,18.8,0,0,0.029,-0.014,-1,0.5,-0.4,0
60.3924712,53,0,18.8,0,0,0.029,-0.014,-1,0.5,-0.4,0
60.4024712,52,0,18.8,0,0,0.029,-0.014,-1,0.5,-0.4,0
60.426747,53,0,18.9,0,0,0.028,-0.018,-1.014,-0.3,-0.4,0
60.436747,58,0,18.9,0,0,0.028,-0.018,-1.014,-0.3,-0.4,0
60.446747,57,0,18.9,0,0,0.028,-0.018,-1.014,-0.3,-0.4,0
60.456747,53,0,18.9,0,0,0.028,-0.018,-1.014,-0.3,-0.4,0
60.466747,40,0,18.9,0,0,0.028,-0.018,-1.014,-0.3,-0.4,0
60.476747,41,0.01,18.8,0,0,0.028,-0.018,-1.017,-0.5,-0.5,0
60.486747,56,0.01,18.8,0,0,0.028,-0.018,-1.017,-0.5,-0.5,0
60.496747,56,0.01,18.8,0,0,0.028,-0.018,-1.017,-0.5,-0.5,0
60.506747,57,0.01,18.8,0,0,0.028,-0.018,-1.017,-0.5,-0.5,0
60.516747,57,0.01,18.8,0,0,0.028,-0.018,-1.017,-0.5,-0.5,0
60.5350574,54,0,18.9,0,0,0.028,-0.01,-0.99,0,-0.7,0
60.5450574,59,0,18.9,0,0,0.028,-0.01,-0.99,0,-0.7,0
60.5550574,59,0,18.9,0,0,0.028,-0.01,-0.99,0,-0.7,0
60.5650574,42,0,18.9,0,0,0.028,-0.01,-0.99,0,-0.7,0
60.5750574,41,0,18.9,0,0,0.028,-0.01,-0.99,0,-0.7,0
60.5861232,61,0,18.8,0,0,0.028,-0.012,-0.985,0.2,-0.7,0
60.5961232,61,0,18.8,0,0,0.028,-0.012,-0.985,0.2,-0.7,0
60.6061232,52,0,18.8,0,0,0.028,-0.012,-0.985,0.2,-0.7,0
60.6161232,59,0,18.8,0,0,0.028,-0.012,-0.985,0.2,-0.7,0
60.6261232,60,0,18.8,0,0,0.028,-0.012,-0.985,0.2,-0.7,0
60.6489667,53,0,18.9,0,0,0.029,-0.011,-1.002,1,-0.6,0
60.6589667,52,0,18.9,0,0,0.029,-0.011,-1.002,1,-0.6,0
60.6689667,48,0,18.9,0,0,0.029,-0.011,-1.002,1,-0.6,0
60.6789667,48,0,18.9,0,0,0.029,-0.011,-1.002,1,-0.6,0
60.6889667,62,0,18.9,0,0,0.029,-0.011,-1.002,1,-0.6,0
60.7308107,56,0,18.8,0,0,0.028,-0.018,-1.032,0.6,-0.6,0
60.7408107,52,0,18.8,0,0,0.028,-0.018,-1.032,0.6,-0.6,0
60.7508107,42,0,18.8,0,0,0.028,-0.018,-1.032,0.6,-0.6,0
60.7608107,43,0,18.8,0,0,0.028,-0.018,-1.032,0.6,-0.6,0
60.7708107,57,0,18.8,0,0,0.028,-0.018,-1.032,0.6,-0.6,0
60.7808107,58,0,18.9,0,0,0.029,-0.017,-1.015,0.3,-0.5,0
60.7908107,57,0,18.9,0,0,0.029,-0.017,-1.015,0.3,-0.5,0
60.8008107,57,0,18.9,0,0,0.029,-0.017,-1.015,0.3,-0.5,0
60.8108107,59,0,18.9,0,0,0.029,-0.017,-1.015,0.3,-0.5,0
60.8208107,59,0,18.9,0,0,0.029,-0.017,-1.015,0.3,-0.5,0
60.8308107,54,0,18.9,0,0,0.029,-0.014,-1.004,-0.3,-0.5,0
60.8408107,44,0,18.9,0,0,0.029,-0.014,-1.004,-0.3,-0.5,0
60.8508107,43,0,18.9,0,0,0.029,-0.014,-1.004,-0.3,-0.5,0
60.8608107,60,0,18.9,0,0,0.029,-0.014,-1.004,-0.3,-0.5,0
60.8708107,61,0,18.9,0,0,0.029,-0.014,-1.004,-0.3,-0.5,0
60.8910318,55,0,18.8,0,0,0.029,-0.011,-0.993,0,-0.7,0
60.9010318,56,0,18.8,0,0,0.029,-0.011,-0.993,0,-0.7,0
60.9110318,55,0,18.8,0,0,0.029,-0.011,-0.993,0,-0.7,0
60.9210318,57,0,18.8,0,0,0.029,-0.011,-0.993,0,-0.7,0
60.9310318,57,0,18.8,0,0,0.029,-0.011,-0.993,0,-0.7,0
60.9410318,49,0,18.9,0,0,0.029,-0.01,-0.993,0.5,-0.6,0
60.9510318,48,0,18.9,0,0,0.029,-0.01,-0.993,0.5,-0.6,0
60.9610318,58,0,18.9,0,0,0.029,-0.01,-0.993,0.5,-0.6,0
60.9710318,58,0,18.9,0,0,0.029,-0.01,-0.993,0.5,-0.6,0
60.9810318,54,0,18.9,0,0,0.029,-0.01,-0.993,0.5,-0.6,0
60.9910318,54,0,18.9,0,0,0.029,-0.014,-1.008,0.5,-0.4,0
61.0010318,54,0,18.9,0,0,0.029,-0.014,-1.008,0.5,-0.4,0
61.0110318,59,0,18.9,0,0,0.029,-0.014,-1.008,0.5,-0.4,0
61.0210318,59,0,18.9,0,0,0.029,-0.014,-1.008,0.5,-0.4,0
61.0310318,46,0,18.9,0,0,0.029,-0.014,-1.008,0.5,-0.4,0
61.0410318,37,0,18.8,0,0,0.028,-0.016,-1.021,1.2,-0.6,0
61.0510318,46,0,18.8,0,0,0.028,-0.016,-1.021,1.2,-0.6,0
61.0610318,58,0,18.8,0,0,0.028,-0.016,-1.021,1.2,-0.6,0
61.0710318,58,0,18.8,0,0,0.028,-0.016,-1.021,1.2,-0.6,0
61.0810318,56,0,18.8,0,0,0.028,-0.016,-1.021,1.2,-0.6,0
61.107269,57,0,18.9,0,0,0.028,-0.015,-1.009,0.3,-0.4,0
61.117269,56,0,18.9,0,0,0.028,-0.015,-1.009,0.3,-0.4,0
61.127269,56,0,18.9,0,0,0.028,-0.015,-1.009,0.3,-0.4,0
61.137269,54,0,18.9,0,0,0.028,-0.015,-1.009,0.3,-0.4,0
61.147269,45,0,18.9,0,0,0.028,-0.015,-1.009,0.3,-0.4,0
61.157269,44,0,18.9,0,0,0.03,-0.014,-1.002,-0.1,-0.5,0
61.167269,62,0,18.9,0,0,0.03,-0.014,-1.002,-0.1,-0.5,0
61.177269,62,0,18.9,0,0,0.03,-0.014,-1.002,-0.1,-0.5,0
61.187269,52,0,18.9,0,0,0.03,-0.014,-1.002,-0.1,-0.5,0
61.197269,52,0,18.9,0,0,0.03,-0.014,-1.002,-0.1,-0.5,0
61.207269,53,0,18.9,0,0,0.028,-0.01,-0.985,0.1,-0.7,0
61.217269,56,0,18.9,0,0,0.028,-0.01,-0.985,0.1,-0.7,0
61.227269,56,0,18.9,0,0,0.028,-0.01,-0.985,0.1,-0.7,0
61.237269,51,0,18.9,0,0,0.028,-0.01,-0.985,0.1,-0.7,0
61.247269,51,0,18.9,0,0,0.028,-0.01,-0.985,0.1,-0.7,0
63.3630487,61,0,18.9,0,0,0.027,-0.016,-1.034,-0.2,-0.3,0
63.3730487,61,0,18.9,0,0,0.027,-0.016,-1.034,-0.2,-0.3,0
63.3830487,67,0,18.9,0,0,0.027,-0.016,-1.034,-0.2,-0.3,0
63.3930487,67,0,18.9,0,0,0.027,-0.016,-1.034,-0.2,-0.3,0
63.4030487,63,0,18.9,0,0,0.027,-0.016,-1.034,-0.2,-0.3,0
63.4130487,64,0,18.9,0,0,0.03,-0.012,-0.974,0.6,-1,0
63.4230487,68,0,18.9,0,0,0.03,-0.012,-0.974,0.6,-1,0
63.4330487,67,0,18.9,0,0,0.03,-0.012,-0.974,0.6,-1,0
63.4430487,53,0,18.9,0,0,0.03,-0.012,-0.974,0.6,-1,0
63.4530487,53,0,18.9,0,0,0.03,-0.012,-0.974,0.6,-1,0
63.4630487,66,0,18.8,0,0,0.027,-0.012,-0.994,0,-1.1,0
63.4730487,56,0,18.8,0,0,0.027,-0.012,-0.994,0,-1.1,0
63.4830487,55,0,18.8,0,0,0.027,-0.012,-0.994,0,-1.1,0
63.4930487,70,0,18.8,0,0,0.027,-0.012,-0.994,0,-1.1,0
63.5030487,70,0,18.8,0,0,0.027,-0.012,-0.994,0,-1.1,0
63.5130487,64,0,18.9,0,0,0.029,-0.017,-0.997,-0.1,-0.1,0
63.5230487,66,0,18.9,0,0,0.029,-0.017,-0.997,-0.1,-0.1,0
63.5330487,65,0,18.9,0,0,0.029,-0.017,-0.997,-0.1,-0.1,0
63.5430487,62,0,18.9,0,0,0.029,-0.017,-0.997,-0.1,-0.1,0
63.5530487,62,0,18.9,0,0,0.029,-0.017,-0.997,-0.1,-0.1,0
63.5630487,68,0,18.9,0,0,0.026,-0.015,-1.026,1.3,-1,0
63.5730487,68,0,18.9,0,0,0.026,-0.015,-1.026,1.3,-1,0
63.5830487,62,0,18.9,0,0,0.026,-0.015,-1.026,1.3,-1,0
63.5930487,63,0,18.9,0,0,0.026,-0.015,-1.026,1.3,-1,0
63.6030487,68,0,18.9,0,0,0.026,-0.015,-1.026,1.3,-1,0
63.6130487,67,0,18.9,0,0,0.031,-0.012,-0.967,-0.1,-0.4,0
63.6230487,55,0,18.9,0,0,0.031,-0.012,-0.967,-0.1,-0.4,0
63.6330487,54,0,18.9,0,0,0.031,-0.012,-0.967,-0.1,-0.4,0
63.6430487,65,0,18.9,0,0,0.031,-0.012,-0.967,-0.1,-0.4,0
63.6530487,66,0,18.9,0,0,0.031,-0.012,-0.967,-0.1,-0.4,0
63.6630487,67,0,18.9,0,0,0.026,-0.017,-1.03,-0.4,0,0
63.6730487,67,0,18.9,0,0,0.026,-0.017,-1.03,-0.4,0,0
63.6830487,70,0,18.9,0,0,0.026,-0.017,-1.03,-0.4,0,0
63.6930487,70,0,18.9,0,0,0.026,-0.017,-1.03,-0.4,0,0
63.7030487,53,0,18.9,0,0,0.026,-0.017,-1.03,-0.4,0,0
63.727155,64,0,18.9,0,0,0.029,-0.015,-1.002,0.5,-0.1,0.1
63.737155,64,0,18.9,0,0,0.029,-0.015,-1.002,0.5,-0.1,0.1
63.747155,59,0,18.9,0,0,0.029,-0.015,-1.002,0.5,-0.1,0.1
63.757155,59,0,18.9,0,0,0.029,-0.015,-1.002,0.5,-0.1,0.1
63.767155,72,0,18.9,0,0,0.029,-0.015,-1.002,0.5,-0.1,0.1
63.8081203,72,0,18.9,0,0,0.028,-0.011,-1.008,0.1,-0.9,0
63.8181203,62,0,18.9,0,0,0.028,-0.011,-1.008,0.1,-0.9,0
63.8281203,63,0,18.9,0,0,0.028,-0.011,-1.008,0.1,-0.9,0
63.8381203,66,0,18.9,0,0,0.028,-0.011,-1.008,0.1,-0.9,0
63.8481203,62,0,18.9,0,0,0.028,-0.011,-1.008,0.1,-0.9,0
63.8915667,71,0,18.9,0,0,0.026,-0.015,-1.044,1.4,-1,0
63.9015667,70,0,18.9,0,0,0.026,-0.015,-1.044,1.4,-1,0
63.9115667,56,0,18.9,0,0,0.026,-0.015,-1.044,1.4,-1,0
63.9215667,56,0,18.9,0,0,0.026,-0.015,-1.044,1.4,-1,0
63.9315667,70,0,18.9,0,0,0.026,-0.015,-1.044,1.4,-1,0
63.9537007,70,0,18.8,0,0,0.031,-0.008,-0.958,0.3,-0.8,0
63.9637007,65,0,18.8,0,0,0.031,-0.008,-0.958,0.3,-0.8,0
63.9737007,66,0,18.8,0,0,0.031,-0.008,-0.958,0.3,-0.8,0
63.9837007,67,0,18.8,0,0,0.031,-0.008,-0.958,0.3,-0.8,0
63.9937007,67,0,18.8,0,0,0.031,-0.008,-0.958,0.3,-0.8,0
64.0299087,64,0,18.8,0,0,0.028,-0.011,-0.989,0.9,-1.2,0
64.0399087,69,0,18.8,0,0,0.028,-0.011,-0.989,0.9,-1.2,0
64.0499087,69,0,18.8,0,0,0.028,-0.011,-0.989,0.9,-1.2,0
64.0599087,53,0,18.8,0,0,0.028,-0.011,-0.989,0.9,-1.2,0
64.0699087,51,0,18.8,0,0,0.028,-0.011,-0.989,0.9,-1.2,0
64.110506,67,0,18.9,0,0,0.029,-0.012,-0.99,0.3,-0.2,0
64.120506,68,0,18.9,0,0,0.029,-0.012,-0.99,0.3,-0.2,0
64.130506,66,0,18.9,0,0,0.029,-0.012,-0.99,0.3,-0.2,0
64.140506,66,0,18.9,0,0,0.029,-0.012,-0.99,0.3,-0.2,0
64.150506,66,0,18.9,0,0,0.029,-0.012,-0.99,0.3,-0.2,0
64.19147,64,0,18.8,0,0,0.03,-0.013,-0.974,-0.1,-0.5,0
64.20147,68,0,18.8,0,0,0.03,-0.013,-0.974,-0.1,-0.5,0
64.21147,67,0,18.8,0,0,0.03,-0.013,-0.974,-0.1,-0.5,0
64.22147,61,0,18.8,0,0,0.03,-0.013,-0.974,-0.1,-0.5,0
64.23147,61,0,18.8,0,0,0.03,-0.013,-0.974,-0.1,-0.5,0
64.2494994,67,0,18.9,0,0,0.025,-0.017,-1.041,0.7,-0.4,0
64.2594994,67,0,18.9,0,0,0.025,-0.017,-1.041,0.7,-0.4,0
64.2694994,62,0,18.9,0,0,0.025,-0.017,-1.041,0.7,-0.4,0
64.2794994,63,0,18.9,0,0,0.025,-0.017,-1.041,0.7,-0.4,0
64.2894994,69,0,18.9,0,0,0.025,-0.017,-1.041,0.7,-0.4,0
64.3350468,67,-0.01,18.8,0,0,0.028,-0.016,-1.004,-0.7,0,0
64.3450468,67,-0.01,18.8,0,0,0.028,-0.016,-1.004,-0.7,0,0
64.3550468,66,-0.01,18.8,0,0,0.028,-0.016,-1.004,-0.7,0,0
64.3650468,66,-0.01,18.8,0,0,0.028,-0.016,-1.004,-0.7,0,0
64.3750468,56,-0.01,18.8,0,0,0.028,-0.016,-1.004,-0.7,0,0
64.414156,55,0,18.9,0,0,0.027,-0.017,-1.025,0.6,-1.1,0
64.424156,70,0,18.9,0,0,0.027,-0.017,-1.025,0.6,-1.1,0
64.434156,70,0,18.9,0,0,0.027,-0.017,-1.025,0.6,-1.1,0
64.444156,64,0,18.9,0,0,0.027,-0.017,-1.025,0.6,-1.1,0
64.454156,65,0,18.9,0,0,0.027,-0.017,-1.025,0.6,-1.1,0
64.4775435,68,0,18.9,0,0,0.026,-0.013,-1.021,0.1,-0.4,0
64.4875435,62,0,18.9,0,0,0.026,-0.013,-1.021,0.1,-0.4,0
64.4975435,65,0,18.9,0,0,0.026,-0.013,-1.021,0.1,-0.4,0
64.5075435,67,0,18.9,0,0,0.026,-0.013,-1.021,0.1,-0.4,0
64.5175435,60,0,18.9,0,0,0.026,-0.013,-1.021,0.1,-0.4,0
64.5590448,54,0,18.9,0,0,0.03,-0.012,-0.978,0.3,-0.7,0
64.5690448,57,0,18.9,0,0,0.03,-0.012,-0.978,0.3,-0.7,0
64.5790448,65,0,18.9,0,0,0.03,-0.012,-0.978,0.3,-0.7,0
64.5890448,69,0,18.9,0,0,0.03,-0.012,-0.978,0.3,-0.7,0
64.5990448,67,0,18.9,0,0,0.03,-0.012,-0.978,0.3,-0.7,0
64.6090448,69,0,18.9,0,0,0.03,-0.008,-0.975,0.7,-1,0
64.6190448,68,0,18.9,0,0,0.03,-0.008,-0.975,0.7,-1,0
64.6290448,70,0,18.9,0,0,0.03,-0.008,-0.975,0.7,-1,0
64.6390448,64,0,18.9,0,0,0.03,-0.008,-0.975,0.7,-1,0
64.6490448,64,0,18.9,0,0,0.03,-0.008,-0.975,0.7,-1,0
64.7014916,59,0,18.9,0,0,0.029,-0.012,-0.983,-0.4,0,0
64.7114916,58,0,18.9,0,0,0.029,-0.012,-0.983,-0.4,0,0
64.7214916,72,0,18.9,0,0,0.029,-0.012,-0.983,-0.4,0,0
64.7314916,72,0,18.9,0,0,0.029,-0.012,-0.983,-0.4,0,0
64.7414916,62,0,18.9,0,0,0.029,-0.012,-0.983,-0.4,0,0
64.7876839,67,0,18.8,0,0,0.031,-0.013,-0.979,0.4,-0.4,0
64.7976839,67,0,18.8,0,0,0.031,-0.013,-0.979,0.4,-0.4,0
64.8076839,66,0,18.8,0,0,0.031,-0.013,-0.979,0.4,-0.4,0
64.8176839,72,0,18.8,0,0,0.031,-0.013,-0.979,0.4,-0.4,0
64.8276839,70,0,18.8,0,0,0.031,-0.013,-0.979,0.4,-0.4,0
64.8619626,61,0,18.9,0,0,0.027,-0.013,-1.01,0.1,-0.4,0
64.8719626,56,0,18.9,0,0,0.027,-0.013,-1.01,0.1,-0.4,0
64.8819626,65,0,18.9,0,0,0.027,-0.013,-1.01,0.1,-0.4,0
64.8919626,70,0,18.9,0,0,0.027,-0.013,-1.01,0.1,-0.4,0
64.9019626,65,0,18.9,0,0,0.027,-0.013,-1.01,0.1,-0.4,0
64.9417796,67,0,18.8,0,0,0.029,-0.019,-1.027,0.3,-0.1,0
64.9517796,67,0,18.8,0,0,0.029,-0.019,-1.027,0.3,-0.1,0
64.9617796,63,0,18.8,0,0,0.029,-0.019,-1.027,0.3,-0.1,0
64.9717796,64,0,18.8,0,0,0.029,-0.019,-1.027,0.3,-0.1,0
64.9817796,69,0,18.8,0,0,0.029,-0.019,-1.027,0.3,-0.1,0
64.9917796,69,0,18.8,0,0,0.027,-0.012,-1,0.4,-1.2,0
65.0017796,54,0,18.8,0,0,0.027,-0.012,-1,0.4,-1.2,0
65.0117796,53,0,18.8,0,0,0.027,-0.012,-1,0.4,-1.2,0
65.0217796,68,0,18.8,0,0,0.027,-0.012,-1,0.4,-1.2,0
65.0317796,68,0,18.8,0,0,0.027,-0.012,-1,0.4,-1.2,0
65.0417796,66,0,18.9,0,0,0.031,-0.011,-0.97,-0.6,-0.1,0
65.0517796,66,0,18.9,0,0,0.031,-0.011,-0.97,-0.6,-0.1,0
65.0617796,67,0,18.9,0,0,0.031,-0.011,-0.97,-0.6,-0.1,0
65.0717796,67,0,18.9,0,0,0.031,-0.011,-0.97,-0.6,-0.1,0
65.0817796,56,0,18.9,0,0,0.031,-0.011,-0.97,-0.6,-0.1,0
65.0917796,56,0,18.9,0,0,0.026,-0.017,-1.037,0.1,-0.7,0
65.1017796,70,0,18.9,0,0,0.026,-0.017,-1.037,0.1,-0.7,0
65.1117796,71,0,18.9,0,0,0.026,-0.017,-1.037,0.1,-0.7,0
65.1217796,63,0,18.9,0,0,0.026,-0.017,-1.037,0.1,-0.7,0
65.1317796,64,0,18.9,0,0,0.026,-0.017,-1.037,0.1,-0.7,0
65.1417796,67,0,18.8,0,0,0.03,-0.014,-0.976,0.5,-0.8,0
65.1517796,66,0,18.8,0,0,0.03,-0.014,-0.976,0.5,-0.8,0
65.1617796,61,0,18.8,0,0,0.03,-0.014,-0.976,0.5,-0.8,0
65.1717796,64,0,18.8,0,0,0.03,-0.014,-0.976,0.5,-0.8,0
65.1817796,67,0,18.8,0,0,0.03,-0.014,-0.976,0.5,-0.8,0
65.1917796,62,0,18.8,0,0,0.029,-0.014,-1.012,0,-0.1,0
65.2017796000001,63,0,18.8,0,0,0.029,-0.014,-1.012,0,-0.1,0
65.2117796,69,0,18.8,0,0,0.029,-0.014,-1.012,0,-0.1,0
65.2217796,68,0,18.8,0,0,0.029,-0.014,-1.012,0,-0.1,0
65.2317796000001,56,0,18.8,0,0,0.029,-0.014,-1.012,0,-0.1,0
65.2417796000001,52,0,18.8,0,0,0.028,-0.015,-0.987,0.5,-1,0
65.2517796000001,63,0,18.8,0,0,0.028,-0.015,-0.987,0.5,-1,0
65.2617796000001,67,0,18.8,0,0,0.028,-0.015,-0.987,0.5,-1,0
65.2717796000001,67,0,18.8,0,0,0.028,-0.015,-0.987,0.5,-1,0
65.2817796000001,67,0,18.8,0,0,0.028,-0.015,-0.987,0.5,-1,0
65.2917796000001,66,0,18.9,0,0,0.029,-0.007,-0.969,1.4,-1.2,0
65.3017796000001,66,0,18.9,0,0,0.029,-0.007,-0.969,1.4,-1.2,0
65.3117796000001,56,0,18.9,0,0,0.029,-0.007,-0.969,1.4,-1.2,0
65.3217796000001,55,0,18.9,0,0,0.029,-0.007,-0.969,1.4,-1.2,0
65.3317796000001,70,0,18.9,0,0,0.029,-0.007,-0.969,1.4,-1.2,0
65.3417796000001,70,0,18.9,0,0,0.031,-0.013,-0.985,-0.4,0,0
65.3517796000001,63,0,18.9,0,0,0.031,-0.013,-0.985,-0.4,0,0
65.3617796000001,64,0,18.9,0,0,0.031,-0.013,-0.985,-0.4,0,0
65.3717796000001,65,0,18.9,0,0,0.031,-0.013,-0.985,-0.4,0,0
65.3817796000001,65,0,18.9,0,0,0.031,-0.013,-0.985,-0.4,0,0
65.3917796000001,61,-0.01,18.9,0,0,0.027,-0.017,-1.04,0,-0.6,0
65.4017796000001,61,-0.01,18.9,0,0,0.027,-0.017,-1.04,0,-0.6,0
65.4117796000001,68,-0.01,18.9,0,0,0.027,-0.017,-1.04,0,-0.6,0
65.4217796000001,68,-0.01,18.9,0,0,0.027,-0.017,-1.04,0,-0.6,0
65.4317796000001,62,-0.01,18.9,0,0,0.027,-0.017,-1.04,0,-0.6,0
65.4417796000001,63,0,18.9,0,0,0.03,-0.012,-0.972,0.3,-0.7,0
65.4517796000001,68,0,18.9,0,0,0.03,-0.012,-0.972,0.3,-0.7,0
65.4617796000001,67,0,18.9,0,0,0.03,-0.012,-0.972,0.3,-0.7,0
65.4717796000001,54,0,18.9,0,0,0.03,-0.012,-0.972,0.3,-0.7,0
65.4817796000001,54,0,18.9,0,0,0.03,-0.012,-0.972,0.3,-0.7,0
65.4917796000001,65,0,18.9,0,0,0.026,-0.015,-1.023,0.4,-0.4,0
65.5017796000001,65,0,18.9,0,0,0.026,-0.015,-1.023,0.4,-0.4,0
65.5117796000001,66,0,18.9,0,0,0.026,-0.015,-1.023,0.4,-0.4,0
65.5217796000001,67,0,18.9,0,0,0.026,-0.015,-1.023,0.4,-0.4,0
65.5317796000001,69,0,18.9,0,0,0.026,-0.015,-1.023,0.4,-0.4,0
65.5417796000001,69,0,18.9,0,0,0.031,-0.011,-0.977,-0.2,-0.9,0
65.5517796000001,53,0,18.9,0,0,0.031,-0.011,-0.977,-0.2,-0.9,0
65.5617796000001,52,0,18.9,0,0,0.031,-0.011,-0.977,-0.2,-0.9,0
65.5717796000001,69,0,18.9,0,0,0.031,-0.011,-0.977,-0.2,-0.9,0
65.5817796000001,74,0,18.9,0,0,0.031,-0.011,-0.977,-0.2,-0.9,0
65.5917796000001,69,0.01,18.8,0,0,0.027,-0.02,-1.027,0,-0.1,0
65.6017796000001,64,0.01,18.8,0,0,0.027,-0.02,-1.027,0,-0.1,0
65.6117796000001,64,0.01,18.8,0,0,0.027,-0.02,-1.027,0,-0.1,0
65.6217796000001,60,0.01,18.8,0,0,0.027,-0.02,-1.027,0,-0.1,0
65.6317796000001,59,0.01,18.8,0,0,0.027,-0.02,-1.027,0,-0.1,0
65.6417796000001,72,0,18.8,0,0,0.028,-0.011,-0.997,1.5,-1.2,0
65.6517796000002,72,0,18.8,0,0,0.028,-0.011,-0.997,1.5,-1.2,0
65.6617796000001,62,0,18.8,0,0,0.028,-0.011,-0.997,1.5,-1.2,0
65.6717796000001,62,0,18.8,0,0,0.028,-0.011,-0.997,1.5,-1.2,0
65.6817796000002,66,0,18.8,0,0,0.028,-0.011,-0.997,1.5,-1.2,0
65.6917796000002,66,0,18.9,0,0,0.031,-0.014,-0.987,-0.1,0,0
65.7017796000002,57,0,18.9,0,0,0.031,-0.014,-0.987,-0.1,0,0
65.7117796000002,56,0,18.9,0,0,0.031,-0.014,-0.987,-0.1,0,0
65.7217796000002,66,0,18.9,0,0,0.031,-0.014,-0.987,-0.1,0,0
65.7317796000002,66,0,18.9,0,0,0.031,-0.014,-0.987,-0.1,0,0
65.7417796000002,66,-0.01,18.8,0,0,0.026,-0.017,-1.036,-0.1,-0.6,0
65.7517796000002,67,-0.01,18.8,0,0,0.026,-0.017,-1.036,-0.1,-0.6,0
65.7617796000002,70,-0.01,18.8,0,0,0.026,-0.017,-1.036,-0.1,-0.6,0
65.7717796000002,70,-0.01,18.8,0,0,0.026,-0.017,-1.036,-0.1,-0.6,0
65.7817796000002,56,-0.01,18.8,0,0,0.026,-0.017,-1.036,-0.1,-0.6,0
65.7917796000002,56,0,18.9,0,0,0.029,-0.011,-0.981,0.9,-0.9,0
65.8017796000002,69,0,18.9,0,0,0.029,-0.011,-0.981,0.9,-0.9,0
65.8117796000002,69,0,18.9,0,0,0.029,-0.011,-0.981,0.9,-0.9,0
65.8217796000002,66,0,18.9,0,0,0.029,-0.011,-0.981,0.9,-0.9,0
65.8317796000002,67,0,18.9,0,0,0.029,-0.011,-0.981,0.9,-0.9,0
65.8417796000002,68,0,18.8,0,0,0.028,-0.013,-1.019,0.3,-0.2,0
65.8517796000002,66,0,18.8,0,0,0.028,-0.013,-1.019,0.3,-0.2,0
65.8617796000002,59,0,18.8,0,0,0.028,-0.013,-1.019,0.3,-0.2,0
65.8717796000002,63,0,18.8,0,0,0.028,-0.013,-1.019,0.3,-0.2,0
65.8817796000002,67,0,18.8,0,0,0.028,-0.013,-1.019,0.3,-0.2,0
65.8917796000002,63,0,18.9,0,0,0.028,-0.011,-0.993,0,-1,0
65.9017796000002,63,0,18.9,0,0,0.028,-0.011,-0.993,0,-1,0
65.9117796000002,69,0,18.9,0,0,0.028,-0.011,-0.993,0,-1,0
65.9217796000002,69,0,18.9,0,0,0.028,-0.011,-0.993,0,-1,0
65.9317796000002,55,0,18.9,0,0,0.028,-0.011,-0.993,0,-1,0
65.9417796000002,52,0.01,18.8,0,0,0.03,-0.016,-1,0.3,0,0
65.9517796000002,66,0.01,18.8,0,0,0.03,-0.016,-1,0.3,0,0
65.9617796000002,68,0.01,18.8,0,0,0.03,-0.016,-1,0.3,0,0
65.9717796000002,66,0.01,18.8,0,0,0.03,-0.016,-1,0.3,0,0
65.9817796000002,66,0.01,18.8,0,0,0.03,-0.016,-1,0.3,0,0
65.9917796000002,66,0,18.8,0,0,0.028,-0.012,-1.009,1.6,-1.2,0
66.0017796000002,66,0,18.8,0,0,0.028,-0.012,-1.009,1.6,-1.2,0
66.0117796000002,57,0,18.8,0,0,0.028,-0.012,-1.009,1.6,-1.2,0
66.0217796000002,56,0,18.8,0,0,0.028,-0.012,-1.009,1.6,-1.2,0
66.0317796000002,70,0,18.8,0,0,0.028,-0.012,-1.009,1.6,-1.2,0
66.0417796000002,71,0,18.8,0,0,0.031,-0.008,-0.962,0,-0.3,0
66.0517796000002,63,0,18.8,0,0,0.031,-0.008,-0.962,0,-0.3,0
66.0617796000002,64,0,18.8,0,0,0.031,-0.008,-0.962,0,-0.3,0
66.0717796000002,67,0,18.8,0,0,0.031,-0.008,-0.962,0,-0.3,0
66.0817796000002,66,0,18.8,0,0,0.031,-0.008,-0.962,0,-0.3,0
66.0917796000003,61,0,18.9,0,0,0.027,-0.016,-1.032,-0.3,-0.3,0
66.1017796000003,61,0,18.9,0,0,0.027,-0.016,-1.032,-0.3,-0.3,0
66.1117796000002,67,0,18.9,0,0,0.027,-0.016,-1.032,-0.3,-0.3,0
66.1217796000003,67,0,18.9,0,0,0.027,-0.016,-1.032,-0.3,-0.3,0
66.1317796000003,63,0,18.9,0,0,0.027,-0.016,-1.032,-0.3,-0.3,0
66.1566482,64,0,18.9,0,0,0.03,-0.013,-0.975,0.6,-1,0
66.1666482,69,0,18.9,0,0,0.03,-0.013,-0.975,0.6,-1,0
66.1766482,68,0,18.9,0,0,0.03,-0.013,-0.975,0.6,-1,0
66.1866482,52,0,18.9,0,0,0.03,-0.013,-0.975,0.6,-1,0
66.1966482,52,0,18.9,0,0,0.03,-0.013,-0.975,0.6,-1,0
66.2066482,66,0,18.8,0,0,0.027,-0.011,-0.996,0,-1,0
66.2166482,56,0,18.8,0,0,0.027,-0.011,-0.996,0,-1,0
66.2266482,63,0,18.8,0,0,0.027,-0.011,-0.996,0,-1,0
66.2366482,71,0,18.8,0,0,0.027,-0.011,-0.996,0,-1,0
66.2466482,62,0,18.8,0,0,0.027,-0.011,-0.996,0,-1,0
66.2817774,64,0,18.8,0,0,0.028,-0.017,-0.998,-0.1,-0.2,0
66.2917774,66,0,18.8,0,0,0.028,-0.017,-0.998,-0.1,-0.2,0
66.3017774,65,0,18.8,0,0,0.028,-0.017,-0.998,-0.1,-0.2,0
66.3117774,62,0,18.8,0,0,0.028,-0.017,-0.998,-0.1,-0.2,0
66.3217774,62,0,18.8,0,0,0.028,-0.017,-0.998,-0.1,-0.2,0
66.3317774,68,0,18.8,0,0,0.026,-0.015,-1.027,1.2,-0.9,0
66.3417774,68,0,18.8,0,0,0.026,-0.015,-1.027,1.2,-0.9,0
66.3517774,62,0,18.8,0,0,0.026,-0.015,-1.027,1.2,-0.9,0
66.3617774,63,0,18.8,0,0,0.026,-0.015,-1.027,1.2,-0.9,0
66.3717774,68,0,18.8,0,0,0.026,-0.015,-1.027,1.2,-0.9,0
66.3817774,67,0,18.9,0,0,0.03,-0.013,-0.967,0,-0.4,0
66.3917774,55,0,18.9,0,0,0.03,-0.013,-0.967,0,-0.4,0
66.4017774,55,0,18.9,0,0,0.03,-0.013,-0.967,0,-0.4,0
66.4117774,66,0,18.9,0,0,0.03,-0.013,-0.967,0,-0.4,0
66.4217774,66,0,18.9,0,0,0.03,-0.013,-0.967,0,-0.4,0
66.4317774,67,0,18.8,0,0,0.026,-0.016,-1.027,-0.5,0,0
66.4417774,67,0,18.8,0,0,0.026,-0.016,-1.027,-0.5,0,0
66.4517774,70,0,18.8,0,0,0.026,-0.016,-1.027,-0.5,0,0
66.4617774,70,0,18.8,0,0,0.026,-0.016,-1.027,-0.5,0,0
66.4717774,53,0,18.8,0,0,0.026,-0.016,-1.027,-0.5,0,0
66.4817774,52,0,18.9,0,0,0.03,-0.015,-1.002,0.8,-1.1,0
66.4917774,69,0,18.9,0,0,0.03,-0.015,-1.002,0.8,-1.1,0
66.5017774,69,0,18.9,0,0,0.03,-0.015,-1.002,0.8,-1.1,0
66.5117774,69,0,18.9,0,0,0.03,-0.015,-1.002,0.8,-1.1,0
66.5217774,70,0,18.9,0,0,0.03,-0.015,-1.002,0.8,-1.1,0
66.5317774000001,65,0,18.8,0,0,0.029,-0.015,-1.003,0.5,-0.1,0.1
66.5417774000001,65,0,18.8,0,0,0.029,-0.015,-1.003,0.5,-0.1,0.1
66.5517774,59,0,18.8,0,0,0.029,-0.015,-1.003,0.5,-0.1,0.1
66.5617774000001,66,0,18.8,0,0,0.029,-0.015,-1.003,0.5,-0.1,0.1
66.5717774000001,72,0,18.8,0,0,0.029,-0.015,-1.003,0.5,-0.1,0.1
66.587213,62,0,18.8,0,0,0.028,-0.011,-1.008,0.2,-0.9,0
66.597213,62,0,18.8,0,0,0.028,-0.011,-1.008,0.2,-0.9,0
66.607213,66,0,18.8,0,0,0.028,-0.011,-1.008,0.2,-0.9,0
66.617213,66,0,18.8,0,0,0.028,-0.011,-1.008,0.2,-0.9,0
66.627213,59,0,18.8,0,0,0.028,-0.011,-1.008,0.2,-0.9,0
66.6524785,57,0,18.9,0,0,0.03,-0.013,-0.986,0.1,-0.2,0
66.6624785,65,0,18.9,0,0,0.03,-0.013,-0.986,0.1,-0.2,0
66.6724785,67,0,18.9,0,0,0.03,-0.013,-0.986,0.1,-0.2,0
66.6824785,66,0,18.9,0,0,0.03,-0.013,-0.986,0.1,-0.2,0
66.6924785,66,0,18.9,0,0,0.03,-0.013,-0.986,0.1,-0.2,0
66.7024785,70,0,18.9,0,0,0.032,-0.009,-0.958,0.4,-0.7,0
66.7124785,66,0,18.9,0,0,0.032,-0.009,-0.958,0.4,-0.7,0
66.7224785,66,0,18.9,0,0,0.032,-0.009,-0.958,0.4,-0.7,0
66.7324785,67,0,18.9,0,0,0.032,-0.009,-0.958,0.4,-0.7,0
66.7424785,67,0,18.9,0,0,0.032,-0.009,-0.958,0.4,-0.7,0
66.7641311,59,0,18.9,0,0,0.029,-0.015,-1.011,-0.4,0,0
66.7741311,59,0,18.9,0,0,0.029,-0.015,-1.011,-0.4,0,0
66.7841311,67,0,18.9,0,0,0.029,-0.015,-1.011,-0.4,0,0
66.7941311,67,0,18.9,0,0,0.029,-0.015,-1.011,-0.4,0,0
66.8041311,63,0,18.9,0,0,0.029,-0.015,-1.011,-0.4,0,0
66.8141311,64,0,18.8,0,0,0.03,-0.011,-0.99,0.9,-1.2,0
66.8241311,69,0,18.8,0,0,0.03,-0.011,-0.99,0.9,-1.2,0
66.8341311,68,0,18.8,0,0,0.03,-0.011,-0.99,0.9,-1.2,0
66.8441311,53,0,18.8,0,0,0.03,-0.011,-0.99,0.9,-1.2,0
66.8541311,52,0,18.8,0,0,0.03,-0.011,-0.99,0.9,-1.2,0
66.905347,67,0,18.8,0,0,0.029,-0.012,-0.991,0.3,-0.3,0
66.915347,68,0,18.8,0,0,0.029,-0.012,-0.991,0.3,-0.3,0
66.925347,66,0,18.8,0,0,0.029,-0.012,-0.991,0.3,-0.3,0
66.935347,69,0,18.8,0,0,0.029,-0.012,-0.991,0.3,-0.3,0
66.945347,66,0,18.8,0,0,0.029,-0.012,-0.991,0.3,-0.3,0
66.955347,61,0,18.9,0,0,0.028,-0.013,-1.01,0.1,-0.7,0
66.965347,56,0,18.9,0,0,0.028,-0.013,-1.01,0.1,-0.7,0
66.975347,66,0,18.9,0,0,0.028,-0.013,-1.01,0.1,-0.7,0
66.985347,71,0,18.9,0,0,0.028,-0.013,-1.01,0.1,-0.7,0
66.995347,63,0,18.9,0,0,0.028,-0.013,-1.01,0.1,-0.7,0
67.005347,64,0,18.9,0,0,0.03,-0.012,-0.973,0,-0.4,0
67.015347,67,0,18.9,0,0,0.03,-0.012,-0.973,0,-0.4,0
67.025347,66,0,18.9,0,0,0.03,-0.012,-0.973,0,-0.4,0
67.035347,61,0,18.9,0,0,0.03,-0.012,-0.973,0,-0.4,0
67.045347,61,0,18.9,0,0,0.03,-0.012,-0.973,0,-0.4,0
67.055347,67,0,18.9,0,0,0.026,-0.019,-1.04,0.7,-0.4,0
67.065347,67,0,18.9,0,0,0.026,-0.019,-1.04,0.7,-0.4,0
67.075347,63,0,18.9,0,0,0.026,-0.019,-1.04,0.7,-0.4,0
67.085347,63,0,18.9,0,0,0.026,-0.019,-1.04,0.7,-0.4,0
67.095347,69,0,18.9,0,0,0.026,-0.019,-1.04,0.7,-0.4,0
67.105347,68,0,18.8,0,0,0.031,-0.012,-0.971,0.3,-1,0
67.115347,53,0,18.8,0,0,0.031,-0.012,-0.971,0.3,-1,0
67.125347,52,0,18.8,0,0,0.031,-0.012,-0.971,0.3,-1,0
67.135347,67,0,18.8,0,0,0.031,-0.012,-0.971,0.3,-1,0
67.145347,67,0,18.8,0,0,0.031,-0.012,-0.971,0.3,-1,0
67.155347,67,0,18.9,0,0,0.03,-0.016,-1.004,-0.7,0,0
67.1653470000001,67,0,18.9,0,0,0.03,-0.016,-1.004,-0.7,0,0
67.175347,66,0,18.9,0,0,0.03,-0.016,-1.004,-0.7,0,0
67.185347,66,0,18.9,0,0,0.03,-0.016,-1.004,-0.7,0,0
67.1953470000001,56,0,18.9,0,0,0.03,-0.016,-1.004,-0.7,0,0
67.2053470000001,55,-0.01,18.9,0,0,0.026,-0.015,-1.021,0.6,-1,0
67.2153470000001,70,-0.01,18.9,0,0,0.026,-0.015,-1.021,0.6,-1,0
67.2253470000001,70,-0.01,18.9,0,0,0.026,-0.015,-1.021,0.6,-1,0
67.2353470000001,64,-0.01,18.9,0,0,0.026,-0.015,-1.021,0.6,-1,0
67.2453470000001,65,-0.01,18.9,0,0,0.026,-0.015,-1.021,0.6,-1,0
67.2553470000001,65,0,18.8,0,0,0.03,-0.013,-0.977,0.4,-0.3,0
67.2653470000001,64,0,18.8,0,0,0.03,-0.013,-0.977,0.4,-0.3,0
67.2753470000001,62,0,18.8,0,0,0.03,-0.013,-0.977,0.4,-0.3,0
67.2853470000001,62,0,18.8,0,0,0.03,-0.013,-0.977,0.4,-0.3,0
67.2953470000001,68,0,18.8,0,0,0.03,-0.013,-0.977,0.4,-0.3,0
67.3053470000001,68,0,18.8,0,0,0.026,-0.013,-1.02,0.2,-0.4,0
67.3153470000001,62,0,18.8,0,0,0.026,-0.013,-1.02,0.2,-0.4,0
67.3253470000001,66,0,18.8,0,0,0.026,-0.013,-1.02,0.2,-0.4,0
67.3353470000001,67,0,18.8,0,0,0.026,-0.013,-1.02,0.2,-0.4,0
67.3453470000001,59,0,18.8,0,0,0.026,-0.013,-1.02,0.2,-0.4,0
67.3553470000001,54,0,18.9,0,0,0.03,-0.013,-0.978,0.3,-0.6,0
67.3653470000001,59,0,18.9,0,0,0.03,-0.013,-0.978,0.3,-0.6,0
67.3753470000001,64,0,18.9,0,0,0.03,-0.013,-0.978,0.3,-0.6,0
67.3853470000001,68,0,18.9,0,0,0.03,-0.013,-0.978,0.3,-0.6,0
67.3953470000001,67,0,18.9,0,0,0.03,-0.013,-0.978,0.3,-0.6,0
67.4053470000001,70,0,18.9,0,0,0.025,-0.019,-1.057,0.9,-0.4,0
67.4153470000001,70,0,18.9,0,0,0.025,-0.019,-1.057,0.9,-0.4,0
67.4253470000001,53,0,18.9,0,0,0.025,-0.019,-1.057,0.9,-0.4,0
67.4353470000001,53,0,18.9,0,0,0.025,-0.019,-1.057,0.9,-0.4,0
67.4453470000001,69,0,18.9,0,0,0.025,-0.019,-1.057,0.9,-0.4,0
67.4553470000001,69,0,18.8,0,0,0.031,-0.008,-0.973,0.8,-1.1,0
67.4653470000001,68,0,18.8,0,0,0.031,-0.008,-0.973,0.8,-1.1,0
67.4753470000001,69,0,18.8,0,0,0.031,-0.008,-0.973,0.8,-1.1,0
67.4853470000001,65,0,18.8,0,0,0.031,-0.008,-0.973,0.8,-1.1,0
67.4953470000001,65,0,18.8,0,0,0.031,-0.008,-0.973,0.8,-1.1,0
67.5053470000001,59,0,18.9,0,0,0.03,-0.012,-0.984,-0.4,0,0
67.5153470000001,59,0,18.9,0,0,0.03,-0.012,-0.984,-0.4,0,0
67.5253470000001,72,0,18.9,0,0,0.03,-0.012,-0.984,-0.4,0,0
67.5353470000001,72,0,18.9,0,0,0.03,-0.012,-0.984,-0.4,0,0
67.5453470000001,62,0,18.9,0,0,0.03,-0.012,-0.984,-0.4,0,0
67.5553470000001,63,0,18.9,0,0,0.028,-0.012,-1.008,0.8,-1.1,0
67.5653470000001,66,0,18.9,0,0,0.028,-0.012,-1.008,0.8,-1.1,0
67.5753470000001,66,0,18.9,0,0,0.028,-0.012,-1.008,0.8,-1.1,0
67.5853470000001,57,0,18.9,0,0,0.028,-0.012,-1.008,0.8,-1.1,0
67.5953470000001,56,0,18.9,0,0,0.028,-0.012,-1.008,0.8,-1.1,0
67.6053470000002,67,0,18.9,0,0,0.03,-0.012,-0.98,0.3,-0.4,0
67.6153470000002,67,0,18.9,0,0,0.03,-0.012,-0.98,0.3,-0.4,0
67.6253470000001,66,0,18.9,0,0,0.03,-0.012,-0.98,0.3,-0.4,0
67.6353470000002,72,0,18.9,0,0,0.03,-0.012,-0.98,0.3,-0.4,0
67.6453470000002,70,0,18.9,0,0,0.03,-0.012,-0.98,0.3,-0.4,0
67.6553470000002,59,0,18.8,0,0,0.027,-0.011,-1.01,0.2,-0.4,0
67.6653470000002,55,0,18.8,0,0,0.027,-0.011,-1.01,0.2,-0.4,0
67.6753470000002,66,0,18.8,0,0,0.027,-0.011,-1.01,0.2,-0.4,0
67.6853470000002,70,0,18.8,0,0,0.027,-0.011,-1.01,0.2,-0.4,0
67.6953470000002,65,0,18.8,0,0,0.027,-0.011,-1.01,0.2,-0.4,0
67.7053470000002,67,0,18.8,0,0,0.029,-0.017,-1.033,0.3,-0.1,0
67.7153470000002,67,0,18.8,0,0,0.029,-0.017,-1.033,0.3,-0.1,0
67.7253470000002,63,0,18.8,0,0,0.029,-0.017,-1.033,0.3,-0.1,0
67.7353470000002,64,0,18.8,0,0,0.029,-0.017,-1.033,0.3,-0.1,0
67.7453470000002,69,0,18.8,0,0,0.029,-0.017,-1.033,0.3,-0.1,0
67.7553470000002,69,0,18.9,0,0,0.027,-0.01,-0.998,0.5,-1.3,0
67.7653470000002,53,0,18.9,0,0,0.027,-0.01,-0.998,0.5,-1.3,0
67.7753470000002,52,0,18.9,0,0,0.027,-0.01,-0.998,0.5,-1.3,0
67.7853470000002,68,0,18.9,0,0,0.027,-0.01,-0.998,0.5,-1.3,0
67.7953470000002,68,0,18.9,0,0,0.027,-0.01,-0.998,0.5,-1.3,0
67.8159384,66,-0.01,18.8,0,0,0.031,-0.013,-0.973,-0.6,-0.1,0
67.8259384,66,-0.01,18.8,0,0,0.031,-0.013,-0.973,-0.6,-0.1,0
67.8359384,67,-0.01,18.8,0,0,0.031,-0.013,-0.973,-0.6,-0.1,0
67.8459384,67,-0.01,18.8,0,0,0.031,-0.013,-0.973,-0.6,-0.1,0
67.8559384,56,-0.01,18.8,0,0,0.031,-0.013,-0.973,-0.6,-0.1,0
67.8659384,56,-0.01,18.8,0,0,0.027,-0.018,-1.037,0.2,-0.8,0
67.8759384,71,-0.01,18.8,0,0,0.027,-0.018,-1.037,0.2,-0.8,0
67.8859384,71,-0.01,18.8,0,0,0.027,-0.018,-1.037,0.2,-0.8,0
67.8959384,63,-0.01,18.8,0,0,0.027,-0.018,-1.037,0.2,-0.8,0
67.9059384,64,-0.01,18.8,0,0,0.027,-0.018,-1.037,0.2,-0.8,0
67.9256924,67,0,18.8,0,0,0.03,-0.013,-0.974,0.5,-0.9,0
67.9356924,66,0,18.8,0,0,0.03,-0.013,-0.974,0.5,-0.9,0
67.9456924,61,0,18.8,0,0,0.03,-0.013,-0.974,0.5,-0.9,0
67.9556924,64,0,18.8,0,0,0.03,-0.013,-0.974,0.5,-0.9,0
67.9656924,67,0,18.8,0,0,0.03,-0.013,-0.974,0.5,-0.9,0
67.9756924,63,0,18.8,0,0,0.027,-0.014,-1.016,0,-0.1,0
67.9856924,63,0,18.8,0,0,0.027,-0.014,-1.016,0,-0.1,0
67.9956924,69,0,18.8,0,0,0.027,-0.014,-1.016,0,-0.1,0
68.0056924,68,0,18.8,0,0,0.027,-0.014,-1.016,0,-0.1,0
68.0156924,55,0,18.8,0,0,0.027,-0.014,-1.016,0,-0.1,0
68.0256924,53,0,18.8,0,0,0.03,-0.01,-0.984,0.4,-0.9,0
68.0356924,65,0,18.8,0,0,0.03,-0.01,-0.984,0.4,-0.9,0
68.0456924,66,0,18.8,0,0,0.03,-0.01,-0.984,0.4,-0.9,0
68.0556924,66,0,18.8,0,0,0.03,-0.01,-0.984,0.4,-0.9,0
68.0656924,66,0,18.8,0,0,0.03,-0.01,-0.984,0.4,-0.9,0
68.0894953,67,0,18.8,0,0,0.028,-0.02,-1.036,0.1,0,0
68.0994953,67,0,18.8,0,0,0.028,-0.02,-1.036,0.1,0,0
68.1094953,56,0,18.8,0,0,0.028,-0.02,-1.036,0.1,0,0
68.1194953,55,0,18.8,0,0,0.028,-0.02,-1.036,0.1,0,0
68.1294953,71,0,18.8,0,0,0.028,-0.02,-1.036,0.1,0,0
68.1394953,71,0,18.9,0,0,0.027,-0.013,-1.006,0.8,-1.1,0
68.1494953,64,0,18.9,0,0,0.027,-0.013,-1.006,0.8,-1.1,0
68.1594953,65,0,18.9,0,0,0.027,-0.013,-1.006,0.8,-1.1,0
68.1694953,65,0,18.9,0,0,0.027,-0.013,-1.006,0.8,-1.1,0
68.1794953,64,0,18.9,0,0,0.027,-0.013,-1.006,0.8,-1.1,0
68.1894953,62,0,18.9,0,0,0.031,-0.009,-0.961,-0.1,-0.3,0
68.1994953,62,0,18.9,0,0,0.031,-0.009,-0.961,-0.1,-0.3,0
68.2094953,68,0,18.9,0,0,0.031,-0.009,-0.961,-0.1,-0.3,0
68.2194953,68,0,18.9,0,0,0.031,-0.009,-0.961,-0.1,-0.3,0
68.2294953,62,0,18.9,0,0,0.031,-0.009,-0.961,-0.1,-0.3,0
68.2394953,63,0,18.8,0,0,0.026,-0.015,-1.034,0.5,-0.6,0
68.2494953,67,0,18.8,0,0,0.026,-0.015,-1.034,0.5,-0.6,0
68.2594953,67,0,18.8,0,0,0.026,-0.015,-1.034,0.5,-0.6,0
68.2694953,55,0,18.8,0,0,0.026,-0.015,-1.034,0.5,-0.6,0
68.2794953,54,0,18.8,0,0,0.026,-0.015,-1.034,0.5,-0.6,0
68.2894953,65,0,18.9,0,0,0.028,-0.015,-0.983,0.6,-0.9,0
68.2994953,66,0,18.9,0,0,0.028,-0.015,-0.983,0.6,-0.9,0
68.3094953,67,0,18.9,0,0,0.028,-0.015,-0.983,0.6,-0.9,0
68.3194953,73,0,18.9,0,0,0.028,-0.015,-0.983,0.6,-0.9,0
68.3294953,70,0,18.9,0,0,0.028,-0.015,-0.983,0.6,-0.9,0
68.3394953000001,62,0,18.8,0,0,0.029,-0.012,-0.974,-0.2,-0.9,0
68.3494953000001,53,0,18.8,0,0,0.029,-0.012,-0.974,-0.2,-0.9,0
68.3594953,54,0,18.8,0,0,0.029,-0.012,-0.974,-0.2,-0.9,0
68.3694953000001,70,0,18.8,0,0,0.029,-0.012,-0.974,-0.2,-0.9,0
68.3794953000001,75,0,18.8,0,0,0.029,-0.012,-0.974,-0.2,-0.9,0
68.3894953000001,69,0,18.9,0,0,0.027,-0.017,-1.027,0,-0.1,0
68.3994953000001,64,0,18.9,0,0,0.027,-0.017,-1.027,0,-0.1,0
68.4094953000001,64,0,18.9,0,0,0.027,-0.017,-1.027,0,-0.1,0
68.4194953000001,60,0,18.9,0,0,0.027,-0.017,-1.027,0,-0.1,0
68.4294953000001,59,0,18.9,0,0,0.027,-0.017,-1.027,0,-0.1,0
68.4637139,66,0,18.8,0,0,0.031,-0.015,-0.987,-0.2,0,0
68.4737139,57,0,18.8,0,0,0.031,-0.015,-0.987,-0.2,0,0
68.4837139,56,0,18.8,0,0,0.031,-0.015,-0.987,-0.2,0,0
68.4937139,67,0,18.8,0,0,0.031,-0.015,-0.987,-0.2,0,0
68.5037139,67,0,18.8,0,0,0.031,-0.015,-0.987,-0.2,0,0
68.5137139,66,0,18.9,0,0,0.028,-0.016,-1.037,-0.1,-0.6,0
68.5237139,66,0,18.9,0,0,0.028,-0.016,-1.037,-0.1,-0.6,0
68.5337139,70,0,18.9,0,0,0.028,-0.016,-1.037,-0.1,-0.6,0
68.5437139,70,0,18.9,0,0,0.028,-0.016,-1.037,-0.1,-0.6,0
68.5537139,56,0,18.9,0,0,0.028,-0.016,-1.037,-0.1,-0.6,0
68.5637139,56,-0.01,18.9,0,0,0.029,-0.012,-0.982,0.9,-0.8,0
68.5737139,69,-0.01,18.9,0,0,0.029,-0.012,-0.982,0.9,-0.8,0
68.5837139,69,-0.01,18.9,0,0,0.029,-0.012,-0.982,0.9,-0.8,0
68.5937139,66,-0.01,18.9,0,0,0.029,-0.012,-0.982,0.9,-0.8,0
68.6037139,69,-0.01,18.9,0,0,0.029,-0.012,-0.982,0.9,-0.8,0
68.6137139,68,0,18.8,0,0,0.027,-0.015,-1.019,0.3,-0.3,0
68.6237139,61,0,18.8,0,0,0.027,-0.015,-1.019,0.3,-0.3,0
68.6337139,59,0,18.8,0,0,0.027,-0.015,-1.019,0.3,-0.3,0
68.6437139,66,0,18.8,0,0,0.027,-0.015,-1.019,0.3,-0.3,0
68.6537139,67,0,18.8,0,0,0.027,-0.015,-1.019,0.3,-0.3,0
68.6886739,63,0,18.9,0,0,0.029,-0.01,-0.994,0.1,-0.9,0
68.6986739,63,0,18.9,0,0,0.029,-0.01,-0.994,0.1,-0.9,0
68.7086739,69,0,18.9,0,0,0.029,-0.01,-0.994,0.1,-0.9,0
68.7186739,69,0,18.9,0,0,0.029,-0.01,-0.994,0.1,-0.9,0
68.7286739,53,0,18.9,0,0,0.029,-0.01,-0.994,0.1,-0.9,0
68.7386739,53,0,18.8,0,0,0.029,-0.016,-1,0.2,-0.1,0
68.7486739,68,0,18.8,0,0,0.029,-0.016,-1,0.2,-0.1,0
68.7586739,68,0,18.8,0,0,0.029,-0.016,-1,0.2,-0.1,0
68.7686739,67,0,18.8,0,0,0.029,-0.016,-1,0.2,-0.1,0
68.7786739,67,0,18.8,0,0,0.029,-0.016,-1,0.2,-0.1,0
68.7886739,66,0,18.9,0,0,0.027,-0.01,-1.011,1.7,-1.3,0
68.7986739,66,0,18.9,0,0,0.027,-0.01,-1.011,1.7,-1.3,0
68.8086739,56,0,18.9,0,0,0.027,-0.01,-1.011,1.7,-1.3,0
68.8186739,56,0,18.9,0,0,0.027,-0.01,-1.011,1.7,-1.3,0
68.8286739,70,0,18.9,0,0,0.027,-0.01,-1.011,1.7,-1.3,0
68.8386739,71,0,18.9,0,0,0.033,-0.009,-0.961,0,-0.3,0
68.8486739,63,0,18.9,0,0,0.033,-0.009,-0.961,0,-0.3,0
68.8586739,64,0,18.9,0,0,0.033,-0.009,-0.961,0,-0.3,0
68.8686739,68,0,18.9,0,0,0.033,-0.009,-0.961,0,-0.3,0
68.8786739,68,0,18.9,0,0,0.033,-0.009,-0.961,0,-0.3,0
68.9105665,64,0,18.8,0,0,0.03,-0.011,-0.975,0.7,-1.2,0
68.9205665,68,0,18.8,0,0,0.03,-0.011,-0.975,0.7,-1.2,0
68.9305665,67,0,18.8,0,0,0.03,-0.011,-0.975,0.7,-1.2,0
68.9405665,53,0,18.8,0,0,0.03,-0.011,-0.975,0.7,-1.2,0
68.9505665,54,0,18.8,0,0,0.03,-0.011,-0.975,0.7,-1.2,0
68.9605665,68,0,18.9,0,0,0.029,-0.014,-1.009,0.3,-0.1,0
68.9705665,68,0,18.9,0,0,0.029,-0.014,-1.009,0.3,-0.1,0
68.9805665,67,0,18.9,0,0,0.029,-0.014,-1.009,0.3,-0.1,0
68.9905665,69,0,18.9,0,0,0.029,-0.014,-1.009,0.3,-0.1,0
69.0005665,66,0,18.9,0,0,0.029,-0.014,-1.009,0.3,-0.1,0
69.0105665,61,0,18.9,0,0,0.027,-0.011,-0.996,0,-1.1,0
69.0205665,56,0,18.9,0,0,0.027,-0.011,-0.996,0,-1.1,0
69.0305665,66,0,18.9,0,0,0.027,-0.011,-0.996,0,-1.1,0
69.0405665,70,0,18.9,0,0,0.027,-0.011,-0.996,0,-1.1,0
69.0505665,63,0,18.9,0,0,0.027,-0.011,-0.996,0,-1.1,0
69.0758844,64,0.01,18.9,0,0,0.03,-0.016,-0.993,-0.2,-0.2,0
69.0858844,66,0.01,18.9,0,0,0.03,-0.016,-0.993,-0.2,-0.2,0
69.0958844,65,0.01,18.9,0,0,0.03,-0.016,-0.993,-0.2,-0.2,0
69.1058844,62,0.01,18.9,0,0,0.03,-0.016,-0.993,-0.2,-0.2,0
69.1158844,62,0.01,18.9,0,0,0.03,-0.016,-0.993,-0.2,-0.2,0
69.127533,68,0.01,18.9,0,0,0.026,-0.017,-1.031,1.2,-0.9,0
69.137533,68,0.01,18.9,0,0,0.026,-0.017,-1.031,1.2,-0.9,0
69.147533,62,0.01,18.9,0,0,0.026,-0.017,-1.031,1.2,-0.9,0
69.157533,63,0.01,18.9,0,0,0.026,-0.017,-1.031,1.2,-0.9,0
69.167533,67,0.01,18.9,0,0,0.026,-0.017,-1.031,1.2,-0.9,0
69.2069642,66,0,18.9,0,0,0.027,-0.017,-1.028,-0.5,0,0
69.2169642,67,0,18.9,0,0,0.027,-0.017,-1.028,-0.5,0,0
69.2269642,70,0,18.9,0,0,0.027,-0.017,-1.028,-0.5,0,0
69.2369642,70,0,18.9,0,0,0.027,-0.017,-1.028,-0.5,0,0
69.2469642,52,0,18.9,0,0,0.027,-0.017,-1.028,-0.5,0,0
69.2569642,52,0,18.8,0,0,0.03,-0.014,-1.002,0.7,-1,0
69.2669642,69,0,18.8,0,0,0.03,-0.014,-1.002,0.7,-1,0
69.2769642,69,0,18.8,0,0,0.03,-0.014,-1.002,0.7,-1,0
69.2869642,69,0,18.8,0,0,0.03,-0.014,-1.002,0.7,-1,0
69.2969642,70,0,18.8,0,0,0.03,-0.014,-1.002,0.7,-1,0
69.3069642,64,0,18.8,0,0,0.028,-0.016,-1.006,0.5,-0.1,0
69.3169642,64,0,18.8,0,0,0.028,-0.016,-1.006,0.5,-0.1,0
69.3269642,59,0,18.8,0,0,0.028,-0.016,-1.006,0.5,-0.1,0
69.3369642,66,0,18.8,0,0,0.028,-0.016,-1.006,0.5,-0.1,0
69.3469642,72,0,18.8,0,0,0.028,-0.016,-1.006,0.5,-0.1,0
69.3569642,61,0,18.9,0,0,0.026,-0.011,-1.004,0.3,-0.9,0
69.3669642,62,0,18.9,0,0,0.026,-0.011,-1.004,0.3,-0.9,0
69.3769642,66,0,18.9,0,0,0.026,-0.011,-1.004,0.3,-0.9,0
69.3869642,66,0,18.9,0,0,0.026,-0.011,-1.004,0.3,-0.9,0
69.3969642,60,0,18.9,0,0,0.026,-0.011,-1.004,0.3,-0.9,0
69.4296197,55,0.01,18.8,0,0,0.031,-0.015,-0.989,0.1,-0.1,0
69.4396197,62,0.01,18.8,0,0,0.031,-0.015,-0.989,0.1,-0.1,0
69.4496197,66,0.01,18.8,0,0,0.031,-0.015,-0.989,0.1,-0.1,0
69.4596197,66,0.01,18.8,0,0,0.031,-0.015,-0.989,0.1,-0.1,0
69.4696197,66,0.01,18.8,0,0,0.031,-0.015,-0.989,0.1,-0.1,0
69.5100059,69,0,18.8,0,0,0.031,-0.008,-0.956,0,-0.4,0
69.5200059,66,0,18.8,0,0,0.031,-0.008,-0.956,0,-0.4,0
69.5300059,67,0,18.8,0,0,0.031,-0.008,-0.956,0,-0.4,0
69.5400059,68,0,18.8,0,0,0.031,-0.008,-0.956,0,-0.4,0
69.5500059,68,0,18.8,0,0,0.031,-0.008,-0.956,0,-0.4,0
69.5600059,59,0,18.8,0,0,0.027,-0.015,-1.023,-0.5,-0.1,0
69.5700059,59,0,18.8,0,0,0.027,-0.015,-1.023,-0.5,-0.1,0
69.5800059,68,0,18.8,0,0,0.027,-0.015,-1.023,-0.5,-0.1,0
69.5900059,68,0,18.8,0,0,0.027,-0.015,-1.023,-0.5,-0.1,0
69.6000059,63,0,18.8,0,0,0.027,-0.015,-1.023,-0.5,-0.1,0
69.6100059,64,0,18.8,0,0,0.03,-0.011,-0.98,0.5,-1,0
69.6200059,69,0,18.8,0,0,0.03,-0.011,-0.98,0.5,-1,0
69.6300059,69,0,18.8,0,0,0.03,-0.011,-0.98,0.5,-1,0
69.6400059,53,0,18.8,0,0,0.03,-0.011,-0.98,0.5,-1,0
69.6500059,51,0,18.8,0,0,0.03,-0.011,-0.98,0.5,-1,0
69.6600059,67,0,18.8,0,0,0.028,-0.017,-1.012,0.3,-0.1,0
69.6700059,67,0,18.8,0,0,0.028,-0.017,-1.012,0.3,-0.1,0
69.6800059,66,0,18.8,0,0,0.028,-0.017,-1.012,0.3,-0.1,0
69.6900059,66,0,18.8,0,0,0.028,-0.017,-1.012,0.3,-0.1,0
69.7000059,66,0,18.8,0,0,0.028,-0.017,-1.012,0.3,-0.1,0
69.7100059,66,0,18.9,0,0,0.028,-0.01,-0.999,0.1,-1,0
69.7200059,56,0,18.9,0,0,0.028,-0.01,-0.999,0.1,-1,0
69.7300059,63,0,18.9,0,0,0.028,-0.01,-0.999,0.1,-1,0
69.7400059,71,0,18.9,0,0,0.028,-0.01,-0.999,0.1,-1,0
69.7500059,63,0,18.9,0,0,0.028,-0.01,-0.999,0.1,-1,0
69.7600059000001,63,0,18.9,0,0,0.03,-0.014,-0.986,-0.1,-0.2,0
69.7700059000001,66,0,18.9,0,0,0.03,-0.014,-0.986,-0.1,-0.2,0
69.7800059,66,0,18.9,0,0,0.03,-0.014,-0.986,-0.1,-0.2,0
69.7900059000001,61,0,18.9,0,0,0.03,-0.014,-0.986,-0.1,-0.2,0
69.8000059000001,61,0,18.9,0,0,0.03,-0.014,-0.986,-0.1,-0.2,0
69.8122183,67,0,18.8,0,0,0.026,-0.017,-1.036,1,-0.8,0
69.8222183,67,0,18.8,0,0,0.026,-0.017,-1.036,1,-0.8,0
69.8322183,63,0,18.8,0,0,0.026,-0.017,-1.036,1,-0.8,0
69.8422183,63,0,18.8,0,0,0.026,-0.017,-1.036,1,-0.8,0
69.8522183,69,0,18.8,0,0,0.026,-0.017,-1.036,1,-0.8,0
69.8622183,68,0,18.9,0,0,0.031,-0.013,-0.965,0,-0.6,0
69.8722183,53,0,18.9,0,0,0.031,-0.013,-0.965,0,-0.6,0
69.8822183,52,0,18.9,0,0,0.031,-0.013,-0.965,0,-0.6,0
69.8922183,67,0,18.9,0,0,0.031,-0.013,-0.965,0,-0.6,0
69.9022183,67,0,18.9,0,0,0.031,-0.013,-0.965,0,-0.6,0
69.9122183,66,0,18.9,0,0,0.027,-0.018,-1.026,-0.6,0,0
69.9222183,66,0,18.9,0,0,0.027,-0.018,-1.026,-0.6,0,0
69.9322183,66,0,18.9,0,0,0.027,-0.018,-1.026,-0.6,0,0
69.9422183,66,0,18.9,0,0,0.027,-0.018,-1.026,-0.6,0,0
69.9522183,56,0,18.9,0,0,0.027,-0.018,-1.026,-0.6,0,0
69.9622183,56,-0.01,18.8,0,0,0.029,-0.014,-1.005,0.7,-1.2,0
69.9722183,70,-0.01,18.8,0,0,0.029,-0.014,-1.005,0.7,-1.2,0
69.9822183,70,-0.01,18.8,0,0,0.029,-0.014,-1.005,0.7,-1.2,0
69.9922183,63,-0.01,18.8,0,0,0.029,-0.014,-1.005,0.7,-1.2,0
70.0022183,65,-0.01,18.8,0,0,0.029,-0.014,-1.005,0.7,-1.2,0
70.0383529,65,0,18.9,0,0,0.029,-0.016,-0.998,0.3,-0.1,0
70.0483529,64,0,18.9,0,0,0.029,-0.016,-0.998,0.3,-0.1,0
70.0583529,62,0,18.9,0,0,0.029,-0.016,-0.998,0.3,-0.1,0
70.0683529,62,0,18.9,0,0,0.029,-0.016,-0.998,0.3,-0.1,0
70.0783529,68,0,18.9,0,0,0.029,-0.016,-0.998,0.3,-0.1,0
71.9805217,72,0,18.9,0,0,0.029,-0.014,-1.017,-0.3,-0.6,0
71.9905217,65,0,18.9,0,0,0.029,-0.014,-1.017,-0.3,-0.6,0
72.0005217,79,0,18.9,0,0,0.029,-0.014,-1.017,-0.3,-0.6,0
72.0105217,79,0,18.9,0,0,0.029,-0.014,-1.017,-0.3,-0.6,0
72.0205217,80,0,18.9,0,0,0.029,-0.014,-1.017,-0.3,-0.6,0
72.0305217,80,0,18.8,0,0,0.027,-0.016,-1.014,-0.2,-0.6,0
72.0405217,74,0,18.8,0,0,0.027,-0.016,-1.014,-0.2,-0.6,0
72.0505217,77,0,18.8,0,0,0.027,-0.016,-1.014,-0.2,-0.6,0
72.0605217,76,0,18.8,0,0,0.027,-0.016,-1.014,-0.2,-0.6,0
72.0705217,69,0,18.8,0,0,0.027,-0.016,-1.014,-0.2,-0.6,0
72.0805217,71,0,18.9,0,0,0.029,-0.014,-1.015,0.6,-0.7,0
72.0905217,76,0,18.9,0,0,0.029,-0.014,-1.015,0.6,-0.7,0
72.1005217,75,0,18.9,0,0,0.029,-0.014,-1.015,0.6,-0.7,0
72.1105217,82,0,18.9,0,0,0.029,-0.014,-1.015,0.6,-0.7,0
72.1205217,82,0,18.9,0,0,0.029,-0.014,-1.015,0.6,-0.7,0
72.1371108,68,0,18.9,0,0,0.027,-0.013,-1.018,-0.4,-0.6,0
72.1471108,67,0,18.9,0,0,0.027,-0.013,-1.018,-0.4,-0.6,0
72.1571108,78,0,18.9,0,0,0.027,-0.013,-1.018,-0.4,-0.6,0
72.1671108,78,0,18.9,0,0,0.027,-0.013,-1.018,-0.4,-0.6,0
72.1771108,76,0,18.9,0,0,0.027,-0.013,-1.018,-0.4,-0.6,0
72.1871108,79,0,18.9,0,0,0.027,-0.018,-1.019,0.6,-0.6,0.1
72.1971108,78,0,18.9,0,0,0.027,-0.018,-1.019,0.6,-0.6,0.1
72.2071108,70,0,18.9,0,0,0.027,-0.018,-1.019,0.6,-0.6,0.1
72.2171108,74,0,18.9,0,0,0.027,-0.018,-1.019,0.6,-0.6,0.1
72.2271108,78,0,18.9,0,0,0.027,-0.018,-1.019,0.6,-0.6,0.1
72.2371108,72,0,18.8,0,0,0.028,-0.015,-1.018,-0.1,-0.5,0
72.2471108,73,0,18.8,0,0,0.028,-0.015,-1.018,-0.1,-0.5,0
72.2571108,79,0,18.8,0,0,0.028,-0.015,-1.018,-0.1,-0.5,0
72.2671108,75,0,18.8,0,0,0.028,-0.015,-1.018,-0.1,-0.5,0
72.2771108,66,0,18.8,0,0,0.028,-0.015,-1.018,-0.1,-0.5,0
72.2871108,72,0,18.9,0,0,0.027,-0.015,-1.02,0.6,-0.7,0
72.2971108,77,0,18.9,0,0,0.027,-0.015,-1.02,0.6,-0.7,0
72.3071108,76,0,18.9,0,0,0.027,-0.015,-1.02,0.6,-0.7,0
72.3171108,80,0,18.9,0,0,0.027,-0.015,-1.02,0.6,-0.7,0
72.3271108,77,0,18.9,0,0,0.027,-0.015,-1.02,0.6,-0.7,0
72.3664521,68,0,18.8,0,0,0.027,-0.014,-1.014,-0.4,-0.6,0
72.3764521,68,0,18.8,0,0,0.027,-0.014,-1.014,-0.4,-0.6,0
72.3864521,80,0,18.8,0,0,0.027,-0.014,-1.014,-0.4,-0.6,0
72.3964521,80,0,18.8,0,0,0.027,-0.014,-1.014,-0.4,-0.6,0
72.4064521,74,0,18.8,0,0,0.027,-0.014,-1.014,-0.4,-0.6,0
72.4303987,75,0,18.9,0,0,0.028,-0.016,-1.013,-0.1,-0.4,0
72.4403987,73,0,18.9,0,0,0.028,-0.016,-1.013,-0.1,-0.4,0
72.4503987,79,0,18.9,0,0,0.028,-0.016,-1.013,-0.1,-0.4,0
72.4603987,77,0,18.9,0,0,0.028,-0.016,-1.013,-0.1,-0.4,0
72.4703987,66,0,18.9,0,0,0.028,-0.016,-1.013,-0.1,-0.4,0
72.4803987,70,0,18.9,0,0,0.026,-0.015,-1.021,0.5,-0.7,0
72.4903987,77,0,18.9,0,0,0.026,-0.015,-1.021,0.5,-0.7,0
72.5003987,76,0,18.9,0,0,0.026,-0.015,-1.021,0.5,-0.7,0
72.5103987,76,0,18.9,0,0,0.026,-0.015,-1.021,0.5,-0.7,0
72.5203987,77,0,18.9,0,0,0.026,-0.015,-1.021,0.5,-0.7,0
72.5303987,70,0,18.9,0,0,0.027,-0.015,-1.014,-0.4,-0.5,0
72.5403987,67,0,18.9,0,0,0.027,-0.015,-1.014,-0.4,-0.5,0
72.5503987,80,0,18.9,0,0,0.027,-0.015,-1.014,-0.4,-0.5,0
72.5603987,80,0,18.9,0,0,0.027,-0.015,-1.014,-0.4,-0.5,0
72.5703987,75,0,18.9,0,0,0.027,-0.015,-1.014,-0.4,-0.5,0
72.640394,75,0,18.8,0,0,0.03,-0.019,-1.023,0.4,-0.7,0
72.650394,76,0,18.8,0,0,0.03,-0.019,-1.023,0.4,-0.7,0
72.660394,73,0,18.8,0,0,0.03,-0.019,-1.023,0.4,-0.7,0
72.670394,73,0,18.8,0,0,0.03,-0.019,-1.023,0.4,-0.7,0
72.680394,78,0,18.8,0,0,0.03,-0.019,-1.023,0.4,-0.7,0
72.690394,76,0,18.9,0,0,0.028,-0.015,-1.011,-0.1,-0.5,0
72.700394,73,0,18.9,0,0,0.028,-0.015,-1.011,-0.1,-0.5,0
72.710394,78,0,18.9,0,0,0.028,-0.015,-1.011,-0.1,-0.5,0
72.720394,78,0,18.9,0,0,0.028,-0.015,-1.011,-0.1,-0.5,0
72.730394,68,0,18.9,0,0,0.028,-0.015,-1.011,-0.1,-0.5,0
72.740394,72,0,18.8,0,0,0.028,-0.014,-1.011,-0.4,-0.5,0
72.750394,65,0,18.8,0,0,0.028,-0.014,-1.011,-0.4,-0.5,0
72.760394,79,0,18.8,0,0,0.028,-0.014,-1.011,-0.4,-0.5,0
72.770394,79,0,18.8,0,0,0.028,-0.014,-1.011,-0.4,-0.5,0
72.780394,80,0,18.8,0,0,0.028,-0.014,-1.011,-0.4,-0.5,0
72.8151266,80,0,18.8,0,0,0.028,-0.017,-1.019,0.4,-0.6,0
72.8251266,75,0,18.8,0,0,0.028,-0.017,-1.019,0.4,-0.6,0
72.8351266,70,0,18.8,0,0,0.028,-0.017,-1.019,0.4,-0.6,0
72.8451266,69,0,18.8,0,0,0.028,-0.017,-1.019,0.4,-0.6,0
72.8551266,83,0,18.8,0,0,0.028,-0.017,-1.019,0.4,-0.6,0
72.8651266,71,0,18.9,0,0,0.028,-0.016,-1.019,0.4,-0.6,0
72.8751266,76,0,18.9,0,0,0.028,-0.016,-1.019,0.4,-0.6,0
72.8851266,75,0,18.9,0,0,0.028,-0.016,-1.019,0.4,-0.6,0
72.8951266,81,0,18.9,0,0,0.028,-0.016,-1.019,0.4,-0.6,0
72.9051266,81,0,18.9,0,0,0.028,-0.016,-1.019,0.4,-0.6,0
72.99073,68,0,18.8,0,0,0.028,-0.014,-1.003,-0.5,-0.4,0
73.00073,67,0,18.8,0,0,0.028,-0.014,-1.003,-0.5,-0.4,0
73.01073,78,0,18.8,0,0,0.028,-0.014,-1.003,-0.5,-0.4,0
73.02073,78,0,18.8,0,0,0.028,-0.014,-1.003,-0.5,-0.4,0
73.03073,76,0,18.8,0,0,0.028,-0.014,-1.003,-0.5,-0.4,0
73.04073,73,0,18.9,0,0,0.03,-0.015,-1.004,-0.2,-0.3,0
73.05073,73,0,18.9,0,0,0.03,-0.015,-1.004,-0.2,-0.3,0
73.06073,79,0,18.9,0,0,0.03,-0.015,-1.004,-0.2,-0.3,0
73.07073,74,0,18.9,0,0,0.03,-0.015,-1.004,-0.2,-0.3,0
73.08073,66,0,18.9,0,0,0.03,-0.015,-1.004,-0.2,-0.3,0
73.09073,73,0,18.9,0,0,0.027,-0.017,-1.019,0.3,-0.6,0
73.10073,77,0,18.9,0,0,0.027,-0.017,-1.019,0.3,-0.6,0
73.11073,76,0,18.9,0,0,0.027,-0.017,-1.019,0.3,-0.6,0
73.12073,79,0,18.9,0,0,0.027,-0.017,-1.019,0.3,-0.6,0
73.13073,77,0,18.9,0,0,0.027,-0.017,-1.019,0.3,-0.6,0
73.14073,68,0,18.8,0,0,0.029,-0.015,-0.999,-0.3,-0.3,0
73.15073,68,0,18.8,0,0,0.029,-0.015,-0.999,-0.3,-0.3,0
73.16073,80,0,18.8,0,0,0.029,-0.015,-0.999,-0.3,-0.3,0
73.17073,80,0,18.8,0,0,0.029,-0.015,-0.999,-0.3,-0.3,0
73.18073,74,0,18.8,0,0,0.029,-0.015,-0.999,-0.3,-0.3,0
73.1911362,77,0,18.8,0,0,0.028,-0.019,-1.024,0.1,-0.6,0
73.2011362,78,0,18.8,0,0,0.028,-0.019,-1.024,0.1,-0.6,0
73.2111362,73,0,18.8,0,0,0.028,-0.019,-1.024,0.1,-0.6,0
73.2211362,74,0,18.8,0,0,0.028,-0.019,-1.024,0.1,-0.6,0
73.2311362,77,0,18.8,0,0,0.028,-0.019,-1.024,0.1,-0.6,0
73.2411362,72,0,18.8,0,0,0.029,-0.015,-1,-0.1,-0.5,0
73.2511362,73,0,18.8,0,0,0.029,-0.015,-1,-0.1,-0.5,0
73.2611362,79,0,18.8,0,0,0.029,-0.015,-1,-0.1,-0.5,0
73.2711362,77,0,18.8,0,0,0.029,-0.015,-1,-0.1,-0.5,0
73.2811362,66,0,18.8,0,0,0.029,-0.015,-1,-0.1,-0.5,0
73.2911362,71,0,18.8,0,0,0.028,-0.016,-1.016,0.1,-0.6,0
73.3011362,78,0,18.8,0,0,0.028,-0.016,-1.016,0.1,-0.6,0
73.3111362,76,0,18.8,0,0,0.028,-0.016,-1.016,0.1,-0.6,0
73.3211362,76,0,18.8,0,0,0.028,-0.016,-1.016,0.1,-0.6,0
73.3311362,77,0,18.8,0,0,0.028,-0.016,-1.016,0.1,-0.6,0
73.3411362,70,0,18.8,0,0,0.028,-0.013,-0.997,-0.3,-0.3,0
73.3511362,67,0,18.8,0,0,0.028,-0.013,-0.997,-0.3,-0.3,0
73.3611362,80,0,18.8,0,0,0.028,-0.013,-0.997,-0.3,-0.3,0
73.3711362,80,0,18.8,0,0,0.028,-0.013,-0.997,-0.3,-0.3,0
73.3811362,74,0,18.8,0,0,0.028,-0.013,-0.997,-0.3,-0.3,0
73.3911362,76,0,18.9,0,0,0.028,-0.02,-1.023,0.1,-0.6,0
73.4011362,76,0,18.9,0,0,0.028,-0.02,-1.023,0.1,-0.6,0
73.4111362,73,0,18.9,0,0,0.028,-0.02,-1.023,0.1,-0.6,0
73.4211362,72,0,18.9,0,0,0.028,-0.02,-1.023,0.1,-0.6,0
73.4311362,78,0,18.9,0,0,0.028,-0.02,-1.023,0.1,-0.6,0
73.4411362,76,0,18.9,0,0,0.029,-0.014,-0.999,-0.2,-0.4,0
73.4511362000001,72,0,18.9,0,0,0.029,-0.014,-0.999,-0.2,-0.4,0
73.4611362,79,0,18.9,0,0,0.029,-0.014,-0.999,-0.2,-0.4,0
73.4711362,79,0,18.9,0,0,0.029,-0.014,-0.999,-0.2,-0.4,0
73.4811362000001,68,0,18.9,0,0,0.029,-0.014,-0.999,-0.2,-0.4,0
73.4911362000001,69,0,18.8,0,0,0.028,-0.016,-1.014,0.2,-0.6,0.1
73.5011362000001,76,0,18.8,0,0,0.028,-0.016,-1.014,0.2,-0.6,0.1
73.5111362000001,76,0,18.8,0,0,0.028,-0.016,-1.014,0.2,-0.6,0.1
73.5211362000001,76,0,18.8,0,0,0.028,-0.016,-1.014,0.2,-0.6,0.1
73.5311362000001,81,0,18.8,0,0,0.028,-0.016,-1.014,0.2,-0.6,0.1
73.5411362000001,72,0,18.8,0,0,0.029,-0.014,-0.993,-0.2,-0.3,0
73.5511362000001,65,0,18.8,0,0,0.029,-0.014,-0.993,-0.2,-0.3,0
73.5611362000001,80,0,18.8,0,0,0.029,-0.014,-0.993,-0.2,-0.3,0
73.5711362000001,80,0,18.8,0,0,0.029,-0.014,-0.993,-0.2,-0.3,0
73.5811362000001,80,0,18.8,0,0,0.029,-0.014,-0.993,-0.2,-0.3,0
73.5911362000001,80,0,18.8,0,0,0.027,-0.018,-1.019,0,-0.6,0
73.6011362000001,75,0,18.8,0,0,0.027,-0.018,-1.019,0,-0.6,0
73.6111362000001,70,0,18.8,0,0,0.027,-0.018,-1.019,0,-0.6,0
73.6211362000001,76,0,18.8,0,0,0.027,-0.018,-1.019,0,-0.6,0
73.6311362000001,82,0,18.8,0,0,0.027,-0.018,-1.019,0,-0.6,0
73.6411362000001,73,0,18.9,0,0,0.029,-0.015,-0.992,-0.1,-0.4,0
73.6511362000001,74,0,18.9,0,0,0.029,-0.015,-0.992,-0.1,-0.4,0
73.6611362000001,77,0,18.9,0,0,0.029,-0.015,-0.992,-0.1,-0.4,0
73.6711362000001,76,0,18.9,0,0,0.029,-0.015,-0.992,-0.1,-0.4,0
73.6811362000001,70,0,18.9,0,0,0.029,-0.015,-0.992,-0.1,-0.4,0
73.6911362000001,71,0,18.9,0,0,0.029,-0.016,-1.006,0.3,-0.4,0
73.7011362000001,76,0,18.9,0,0,0.029,-0.016,-1.006,0.3,-0.4,0
73.7111362000001,75,0,18.9,0,0,0.029,-0.016,-1.006,0.3,-0.4,0
73.7211362000001,82,0,18.9,0,0,0.029,-0.016,-1.006,0.3,-0.4,0
73.7311362000001,82,0,18.9,0,0,0.029,-0.016,-1.006,0.3,-0.4,0
73.7411362000001,68,0,18.9,0,0,0.03,-0.013,-0.979,0,-0.2,0
73.7511362000001,67,0,18.9,0,0,0.03,-0.013,-0.979,0,-0.2,0
73.7611362000001,78,0,18.9,0,0,0.03,-0.013,-0.979,0,-0.2,0
73.7711362000001,79,0,18.9,0,0,0.03,-0.013,-0.979,0,-0.2,0
73.7811362000001,76,0,18.9,0,0,0.03,-0.013,-0.979,0,-0.2,0
73.7954255,78,0,18.9,0,0,0.028,-0.017,-1.018,-0.1,-0.4,0
73.8054255,78,0,18.9,0,0,0.028,-0.017,-1.018,-0.1,-0.4,0
73.8154255,70,0,18.9,0,0,0.028,-0.017,-1.018,-0.1,-0.4,0
73.8254255,73,0,18.9,0,0,0.028,-0.017,-1.018,-0.1,-0.4,0
73.8354255,78,0,18.9,0,0,0.028,-0.017,-1.018,-0.1,-0.4,0
73.8454255,73,0,18.9,0,0,0.03,-0.013,-0.989,-0.1,-0.4,0
73.8554255,73,0,18.9,0,0,0.03,-0.013,-0.989,-0.1,-0.4,0
73.8654255,79,0,18.9,0,0,0.03,-0.013,-0.989,-0.1,-0.4,0
73.8754255,73,0,18.9,0,0,0.03,-0.013,-0.989,-0.1,-0.4,0
73.8854255,66,0,18.9,0,0,0.03,-0.013,-0.989,-0.1,-0.4,0
73.8954255,74,-0.01,18.9,0,0,0.028,-0.016,-1.002,0.1,-0.4,0
73.9054255,78,-0.01,18.9,0,0,0.028,-0.016,-1.002,0.1,-0.4,0
73.9154255,76,-0.01,18.9,0,0,0.028,-0.016,-1.002,0.1,-0.4,0
73.9254255,79,-0.01,18.9,0,0,0.028,-0.016,-1.002,0.1,-0.4,0
73.9354255,77,-0.01,18.9,0,0,0.028,-0.016,-1.002,0.1,-0.4,0
73.9454255,68,0,18.9,0,0,0.03,-0.012,-0.976,0,-0.3,0
73.9554255,68,0,18.9,0,0,0.03,-0.012,-0.976,0,-0.3,0
73.9654255,80,0,18.9,0,0,0.03,-0.012,-0.976,0,-0.3,0
73.9754255,80,0,18.9,0,0,0.03,-0.012,-0.976,0,-0.3,0
73.9854255,74,0,18.9,0,0,0.03,-0.012,-0.976,0,-0.3,0
73.9954255,77,0,18.9,0,0,0.028,-0.015,-1.011,0,-0.5,0
74.0054255,78,0,18.9,0,0,0.028,-0.015,-1.011,0,-0.5,0
74.0154255,73,0,18.9,0,0,0.028,-0.015,-1.011,0,-0.5,0
74.0254255,74,0,18.9,0,0,0.028,-0.015,-1.011,0,-0.5,0
74.0354255,76,0,18.9,0,0,0.028,-0.015,-1.011,0,-0.5,0
74.0454255000001,73,0,18.9,0,0,0.03,-0.013,-0.988,0,-0.3,0
74.0554255000001,73,0,18.9,0,0,0.03,-0.013,-0.988,0,-0.3,0
74.0654255,79,0,18.9,0,0,0.03,-0.013,-0.988,0,-0.3,0
74.0754255000001,75,0,18.9,0,0,0.03,-0.013,-0.988,0,-0.3,0
74.0854255000001,66,0,18.9,0,0,0.03,-0.013,-0.988,0,-0.3,0
74.0954255000001,73,0,18.9,0,0,0.03,-0.012,-0.998,0.2,-0.5,0
74.1054255000001,77,0,18.9,0,0,0.03,-0.012,-0.998,0.2,-0.5,0
74.1154255000001,76,0,18.9,0,0,0.03,-0.012,-0.998,0.2,-0.5,0
74.1254255000001,78,0,18.9,0,0,0.03,-0.012,-0.998,0.2,-0.5,0
74.1354255000001,77,0,18.9,0,0,0.03,-0.012,-0.998,0.2,-0.5,0
74.1454255000001,67,0,18.9,0,0,0.031,-0.01,-0.971,0.1,-0.3,0
74.1554255000001,67,0,18.9,0,0,0.031,-0.01,-0.971,0.1,-0.3,0
74.1654255000001,81,0,18.9,0,0,0.031,-0.01,-0.971,0.1,-0.3,0
74.1754255000001,81,0,18.9,0,0,0.031,-0.01,-0.971,0.1,-0.3,0
74.1854255000001,75,0,18.9,0,0,0.031,-0.01,-0.971,0.1,-0.3,0
74.1954255000001,76,0,18.8,0,0,0.027,-0.015,-1.008,-0.1,-0.4,0
74.2054255000001,76,0,18.8,0,0,0.027,-0.015,-1.008,-0.1,-0.4,0
74.2154255000001,73,0,18.8,0,0,0.027,-0.015,-1.008,-0.1,-0.4,0
74.2254255000001,76,0,18.8,0,0,0.027,-0.015,-1.008,-0.1,-0.4,0
74.2354255000001,78,0,18.8,0,0,0.027,-0.015,-1.008,-0.1,-0.4,0
74.2454255000001,72,0,18.9,0,0,0.029,-0.013,-0.988,0,-0.5,0
74.2554255000001,73,0,18.9,0,0,0.029,-0.013,-0.988,0,-0.5,0
74.2654255000001,78,0,18.9,0,0,0.029,-0.013,-0.988,0,-0.5,0
74.2754255000001,78,0,18.9,0,0,0.029,-0.013,-0.988,0,-0.5,0
74.2854255000001,68,0,18.9,0,0,0.029,-0.013,-0.988,0,-0.5,0
74.2954255000001,69,0,18.9,0,0,0.029,-0.014,-0.996,0.2,-0.6,0
74.3054255000001,76,0,18.9,0,0,0.029,-0.014,-0.996,0.2,-0.6,0
74.3154255000001,76,0,18.9,0,0,0.029,-0.014,-0.996,0.2,-0.6,0
74.3254255000001,82,0,18.9,0,0,0.029,-0.014,-0.996,0.2,-0.6,0
74.3354255000001,81,0,18.9,0,0,0.029,-0.014,-0.996,0.2,-0.6,0
74.3454255000001,66,0,18.9,0,0,0.029,-0.01,-0.967,0.3,-0.3,0
74.3554255000001,65,0,18.9,0,0,0.029,-0.01,-0.967,0.3,-0.3,0
74.3654255000001,79,0,18.9,0,0,0.029,-0.01,-0.967,0.3,-0.3,0
74.3754255000001,79,0,18.9,0,0,0.029,-0.01,-0.967,0.3,-0.3,0
74.3854255000001,80,0,18.9,0,0,0.029,-0.01,-0.967,0.3,-0.3,0
74.3954255000001,80,0,18.9,0,0,0.029,-0.014,-1.002,0,-0.3,0
74.4054255000001,75,0,18.9,0,0,0.029,-0.014,-1.002,0,-0.3,0
74.4154255000001,70,0,18.9,0,0,0.029,-0.014,-1.002,0,-0.3,0
74.4254255000001,77,0,18.9,0,0,0.029,-0.014,-1.002,0,-0.3,0
74.4354255000001,83,0,18.9,0,0,0.029,-0.014,-1.002,0,-0.3,0
74.4454255000001,73,0,18.8,0,0,0.028,-0.014,-1.015,-0.1,-0.7,0
74.4554255000001,74,0,18.8,0,0,0.028,-0.014,-1.015,-0.1,-0.7,0
74.4654255000001,77,0,18.8,0,0,0.028,-0.014,-1.015,-0.1,-0.7,0
74.4754255000001,73,0,18.8,0,0,0.028,-0.014,-1.015,-0.1,-0.7,0
74.4854255000001,69,0,18.8,0,0,0.028,-0.014,-1.015,-0.1,-0.7,0
74.4954255000002,73,0,18.9,0,0,0.028,-0.014,-1.008,0.7,-0.7,0
74.5054255000002,76,0,18.9,0,0,0.028,-0.014,-1.008,0.7,-0.7,0
74.5154255000001,75,0,18.9,0,0,0.028,-0.014,-1.008,0.7,-0.7,0
74.5254255000002,81,0,18.9,0,0,0.028,-0.014,-1.008,0.7,-0.7,0
74.5354255000002,81,0,18.9,0,0,0.028,-0.014,-1.008,0.7,-0.7,0
74.5454255000002,68,0,18.8,0,0,0.028,-0.014,-1.018,-0.3,-0.6,0
74.5554255000002,67,0,18.8,0,0,0.028,-0.014,-1.018,-0.3,-0.6,0
74.5654255000002,78,0,18.8,0,0,0.028,-0.014,-1.018,-0.3,-0.6,0
74.5754255000002,80,0,18.8,0,0,0.028,-0.014,-1.018,-0.3,-0.6,0
74.5854255000002,76,0,18.8,0,0,0.028,-0.014,-1.018,-0.3,-0.6,0
74.5954255000002,78,0,18.8,0,0,0.028,-0.014,-1.011,0.7,-0.7,0
74.6054255000002,78,0,18.8,0,0,0.028,-0.014,-1.011,0.7,-0.7,0
74.6154255000002,70,0,18.8,0,0,0.028,-0.014,-1.011,0.7,-0.7,0
74.6254255000002,73,0,18.8,0,0,0.028,-0.014,-1.011,0.7,-0.7,0
74.6354255000002,78,0,18.8,0,0,0.028,-0.014,-1.011,0.7,-0.7,0
74.6454255000002,73,0,18.9,0,0,0.027,-0.015,-1.019,-0.1,-0.6,0
74.6554255000002,73,0,18.9,0,0,0.027,-0.015,-1.019,-0.1,-0.6,0
74.6654255000002,79,0,18.9,0,0,0.027,-0.015,-1.019,-0.1,-0.6,0
74.6754255000002,72,0,18.9,0,0,0.027,-0.015,-1.019,-0.1,-0.6,0
74.6854255000002,66,0,18.9,0,0,0.027,-0.015,-1.019,-0.1,-0.6,0
74.6954255000002,76,0,18.8,0,0,0.028,-0.014,-1.014,0.7,-0.7,0
74.7054255000002,78,0,18.8,0,0,0.028,-0.014,-1.014,0.7,-0.7,0
74.7154255000002,75,0,18.8,0,0,0.028,-0.014,-1.014,0.7,-0.7,0
74.7254255000002,78,0,18.8,0,0,0.028,-0.014,-1.014,0.7,-0.7,0
74.7354255000002,77,0,18.8,0,0,0.028,-0.014,-1.014,0.7,-0.7,0
74.7454255000002,68,0,18.8,0,0,0.027,-0.015,-1.017,-0.3,-0.6,0
74.7554255000002,68,0,18.8,0,0,0.027,-0.015,-1.017,-0.3,-0.6,0
74.7654255000002,80,0,18.8,0,0,0.027,-0.015,-1.017,-0.3,-0.6,0
74.7754255000002,79,0,18.8,0,0,0.027,-0.015,-1.017,-0.3,-0.6,0
74.7854255000002,73,0,18.8,0,0,0.027,-0.015,-1.017,-0.3,-0.6,0
74.7954255000002,78,0,18.9,0,0,0.028,-0.016,-1.018,0.7,-0.7,0
74.8054255000002,78,0,18.9,0,0,0.028,-0.016,-1.018,0.7,-0.7,0
74.8154255000002,73,0,18.9,0,0,0.028,-0.016,-1.018,0.7,-0.7,0
74.8254255000002,74,0,18.9,0,0,0.028,-0.016,-1.018,0.7,-0.7,0
74.8354255000002,76,0,18.9,0,0,0.028,-0.016,-1.018,0.7,-0.7,0
74.8454255000002,73,0,18.9,0,0,0.028,-0.014,-1.015,-0.1,-0.5,0
74.8554255000002,73,0,18.9,0,0,0.028,-0.014,-1.015,-0.1,-0.5,0
74.8654255000002,79,0,18.9,0,0,0.028,-0.014,-1.015,-0.1,-0.5,0
74.8754255000002,74,0,18.9,0,0,0.028,-0.014,-1.015,-0.1,-0.5,0
74.8854255000002,66,0,18.9,0,0,0.028,-0.014,-1.015,-0.1,-0.5,0
74.8954255000002,73,0,18.9,0,0,0.029,-0.015,-1.019,0.7,-0.7,0
74.9054255000002,77,0,18.9,0,0,0.029,-0.015,-1.019,0.7,-0.7,0
74.9154255000002,76,0,18.9,0,0,0.029,-0.015,-1.019,0.7,-0.7,0
74.9254255000002,78,0,18.9,0,0,0.029,-0.015,-1.019,0.7,-0.7,0
74.9354255000002,77,0,18.9,0,0,0.029,-0.015,-1.019,0.7,-0.7,0
74.9454255000003,67,0,18.8,0,0,0.027,-0.015,-1.018,-0.3,-0.6,0
74.9554255000003,67,0,18.8,0,0,0.027,-0.015,-1.018,-0.3,-0.6,0
74.9654255000003,81,0,18.8,0,0,0.027,-0.015,-1.018,-0.3,-0.6,0
74.9754255000003,81,0,18.8,0,0,0.027,-0.015,-1.018,-0.3,-0.6,0
74.9854255000003,75,0,18.8,0,0,0.027,-0.015,-1.018,-0.3,-0.6,0
74.9954255000003,76,0,18.9,0,0,0.028,-0.017,-1.02,0.7,-0.8,0
75.0054255000003,76,0,18.9,0,0,0.028,-0.017,-1.02,0.7,-0.8,0
75.0154255000003,73,0,18.9,0,0,0.028,-0.017,-1.02,0.7,-0.8,0
75.0254255000003,76,0,18.9,0,0,0.028,-0.017,-1.02,0.7,-0.8,0
75.0354255000003,78,0,18.9,0,0,0.028,-0.017,-1.02,0.7,-0.8,0
75.0454255000003,72,0,18.9,0,0,0.028,-0.015,-1.014,-0.1,-0.6,0
75.0554255000003,73,0,18.9,0,0,0.028,-0.015,-1.014,-0.1,-0.6,0
75.0654255000003,78,0,18.9,0,0,0.028,-0.015,-1.014,-0.1,-0.6,0
75.0754255000003,77,0,18.9,0,0,0.028,-0.015,-1.014,-0.1,-0.6,0
75.0854255000003,68,0,18.9,0,0,0.028,-0.015,-1.014,-0.1,-0.6,0
75.0954255000003,70,0,18.8,0,0,0.027,-0.016,-1.019,0.7,-0.8,0
75.1054255000003,76,0,18.8,0,0,0.027,-0.016,-1.019,0.7,-0.8,0
75.1154255000003,76,0,18.8,0,0,0.027,-0.016,-1.019,0.7,-0.8,0
75.1254255000003,82,0,18.8,0,0,0.027,-0.016,-1.019,0.7,-0.8,0
75.1354255000003,81,0,18.8,0,0,0.027,-0.016,-1.019,0.7,-0.8,0
75.1454255000003,66,0,18.9,0,0,0.028,-0.015,-1.015,-0.4,-0.5,0
75.1554255000003,65,0,18.9,0,0,0.028,-0.015,-1.015,-0.4,-0.5,0
75.1654255000003,80,0,18.9,0,0,0.028,-0.015,-1.015,-0.4,-0.5,0
75.1754255000003,84,0,18.9,0,0,0.028,-0.015,-1.015,-0.4,-0.5,0
75.1854255000003,79,0,18.9,0,0,0.028,-0.015,-1.015,-0.4,-0.5,0
75.1954255000003,75,0,18.9,0,0,0.029,-0.015,-1.017,0.4,-0.7,0
75.2054255000003,75,0,18.9,0,0,0.029,-0.015,-1.017,0.4,-0.7,0
75.2154255000003,69,0,18.9,0,0,0.029,-0.015,-1.017,0.4,-0.7,0
75.2254255000003,76,0,18.9,0,0,0.029,-0.015,-1.017,0.4,-0.7,0
75.2354255000003,83,0,18.9,0,0,0.029,-0.015,-1.017,0.4,-0.7,0
75.2454255000003,73,0,18.9,0,0,0.027,-0.015,-1.01,-0.3,-0.5,0
75.2554255000003,73,0,18.9,0,0,0.027,-0.015,-1.01,-0.3,-0.5,0
75.2654255000003,77,0,18.9,0,0,0.027,-0.015,-1.01,-0.3,-0.5,0
75.2754255000003,74,0,18.9,0,0,0.027,-0.015,-1.01,-0.3,-0.5,0
75.2854255000003,70,0,18.9,0,0,0.027,-0.015,-1.01,-0.3,-0.5,0
75.2954255000003,74,0,18.9,0,0,0.027,-0.016,-1.02,0.4,-0.7,0
75.3054255000003,76,0,18.9,0,0,0.027,-0.016,-1.02,0.4,-0.7,0
75.3154255000003,75,0,18.9,0,0,0.027,-0.016,-1.02,0.4,-0.7,0
75.3254255000003,81,0,18.9,0,0,0.027,-0.016,-1.02,0.4,-0.7,0
75.3354255000003,81,0,18.9,0,0,0.027,-0.016,-1.02,0.4,-0.7,0
75.3454255000003,68,0,18.9,0,0,0.029,-0.015,-1.012,-0.5,-0.4,0
75.3554255000004,67,0,18.9,0,0,0.029,-0.015,-1.012,-0.5,-0.4,0
75.3654255000003,78,0,18.9,0,0,0.029,-0.015,-1.012,-0.5,-0.4,0
75.3754255000003,79,0,18.9,0,0,0.029,-0.015,-1.012,-0.5,-0.4,0
75.3854255000004,76,0,18.9,0,0,0.029,-0.015,-1.012,-0.5,-0.4,0
75.3954255000004,78,0,18.8,0,0,0.029,-0.018,-1.023,0.4,-0.7,0
75.4054255000004,78,0,18.8,0,0,0.029,-0.018,-1.023,0.4,-0.7,0
75.4154255000004,70,0,18.8,0,0,0.029,-0.018,-1.023,0.4,-0.7,0
75.4254255000004,73,0,18.8,0,0,0.029,-0.018,-1.023,0.4,-0.7,0
75.4354255000004,78,0,18.8,0,0,0.029,-0.018,-1.023,0.4,-0.7,0
75.4454255000004,73,0,18.8,0,0,0.029,-0.016,-1.011,-0.1,-0.4,0
75.4554255000004,73,0,18.8,0,0,0.029,-0.016,-1.011,-0.1,-0.4,0
75.4654255000004,79,0,18.8,0,0,0.029,-0.016,-1.011,-0.1,-0.4,0
75.4754255000004,72,0,18.8,0,0,0.029,-0.016,-1.011,-0.1,-0.4,0
75.4854255000004,66,0,18.8,0,0,0.029,-0.016,-1.011,-0.1,-0.4,0
75.4954255000004,75,0,18.9,0,0,0.03,-0.017,-1.021,0.4,-0.7,0
75.5054255000004,78,0,18.9,0,0,0.03,-0.017,-1.021,0.4,-0.7,0
75.5154255000004,75,0,18.9,0,0,0.03,-0.017,-1.021,0.4,-0.7,0
75.5254255000004,78,0,18.9,0,0,0.03,-0.017,-1.021,0.4,-0.7,0
75.5354255000004,76,0,18.9,0,0,0.03,-0.017,-1.021,0.4,-0.7,0
75.5454255000004,68,0,18.9,0,0,0.027,-0.014,-1.012,-0.4,-0.4,0
75.5554255000004,68,0,18.9,0,0,0.027,-0.014,-1.012,-0.4,-0.4,0
75.5654255000004,80,0,18.9,0,0,0.027,-0.014,-1.012,-0.4,-0.4,0
75.5754255000004,80,0,18.9,0,0,0.027,-0.014,-1.012,-0.4,-0.4,0
75.5854255000004,74,0,18.9,0,0,0.027,-0.014,-1.012,-0.4,-0.4,0
75.5954255000004,77,0,18.8,0,0,0.027,-0.018,-1.024,0.4,-0.7,0
75.6054255000004,78,0,18.8,0,0,0.027,-0.018,-1.024,0.4,-0.7,0
75.6154255000004,73,0,18.8,0,0,0.027,-0.018,-1.024,0.4,-0.7,0
75.6254255000004,74,0,18.8,0,0,0.027,-0.018,-1.024,0.4,-0.7,0
75.6354255000004,77,0,18.8,0,0,0.027,-0.018,-1.024,0.4,-0.7,0
75.6454255000004,72,0,18.9,0,0,0.029,-0.016,-1.01,-0.1,-0.5,0
75.6554255000004,73,0,18.9,0,0,0.029,-0.016,-1.01,-0.1,-0.5,0
75.6654255000004,79,0,18.9,0,0,0.029,-0.016,-1.01,-0.1,-0.5,0
75.6754255000004,77,0,18.9,0,0,0.029,-0.016,-1.01,-0.1,-0.5,0
75.6854255000004,66,0,18.9,0,0,0.029,-0.016,-1.01,-0.1,-0.5,0
75.6954255000004,70,0,18.8,0,0,0.027,-0.016,-1.021,0.6,-0.7,0
75.7054255000004,77,0,18.8,0,0,0.027,-0.016,-1.021,0.6,-0.7,0
75.7154255000004,76,0,18.8,0,0,0.027,-0.016,-1.021,0.6,-0.7,0
75.7254255000004,76,0,18.8,0,0,0.027,-0.016,-1.021,0.6,-0.7,0
75.7354255000004,76,0,18.8,0,0,0.027,-0.016,-1.021,0.6,-0.7,0
75.7454255000004,70,0,18.9,0,0,0.028,-0.015,-1.014,-0.5,-0.5,0
75.7554255000004,67,0,18.9,0,0,0.028,-0.015,-1.014,-0.5,-0.5,0
75.7654255000004,80,0,18.9,0,0,0.028,-0.015,-1.014,-0.5,-0.5,0
75.7754255000004,81,0,18.9,0,0,0.028,-0.015,-1.014,-0.5,-0.5,0
75.7854255000004,75,0,18.9,0,0,0.028,-0.015,-1.014,-0.5,-0.5,0
75.7954255000004,76,0,18.8,0,0,0.029,-0.019,-1.025,0.4,-0.7,0
75.8054255000005,76,0,18.8,0,0,0.029,-0.019,-1.025,0.4,-0.7,0
75.8154255000004,73,0,18.8,0,0,0.029,-0.019,-1.025,0.4,-0.7,0
75.8254255000004,73,0,18.8,0,0,0.029,-0.019,-1.025,0.4,-0.7,0
75.8354255000005,78,0,18.8,0,0,0.029,-0.019,-1.025,0.4,-0.7,0
75.8454255000005,75,0,18.8,0,0,0.028,-0.016,-1.009,-0.1,-0.5,0
75.8554255000005,72,0,18.8,0,0,0.028,-0.016,-1.009,-0.1,-0.5,0
75.8654255000005,78,0,18.8,0,0,0.028,-0.016,-1.009,-0.1,-0.5,0
75.8754255000005,78,0,18.8,0,0,0.028,-0.016,-1.009,-0.1,-0.5,0
75.8854255000005,68,0,18.8,0,0,0.028,-0.016,-1.009,-0.1,-0.5,0
75.8954255000005,69,0,18.9,0,0,0.027,-0.018,-1.021,0.5,-0.6,0
75.9054255000005,76,0,18.9,0,0,0.027,-0.018,-1.021,0.5,-0.6,0
75.9154255000005,76,0,18.9,0,0,0.027,-0.018,-1.021,0.5,-0.6,0
75.9254255000005,76,0,18.9,0,0,0.027,-0.018,-1.021,0.5,-0.6,0
75.9354255000005,81,0,18.9,0,0,0.027,-0.018,-1.021,0.5,-0.6,0
75.9487605,79,0,18.9,0,0,0.028,-0.018,-1.022,0.3,-0.6,0
75.9587605,75,0,18.9,0,0,0.028,-0.018,-1.022,0.3,-0.6,0
75.9687605,70,0,18.9,0,0,0.028,-0.018,-1.022,0.3,-0.6,0
75.9787605,69,0,18.9,0,0,0.028,-0.018,-1.022,0.3,-0.6,0
75.9887605,83,0,18.9,0,0,0.028,-0.018,-1.022,0.3,-0.6,0
75.9987605,81,0,18.9,0,0,0.029,-0.016,-1.003,-0.1,-0.4,0
76.0087605,74,0,18.9,0,0,0.029,-0.016,-1.003,-0.1,-0.4,0
76.0187605,77,0,18.9,0,0,0.029,-0.016,-1.003,-0.1,-0.4,0
76.0287605,76,0,18.9,0,0,0.029,-0.016,-1.003,-0.1,-0.4,0
76.0387605,69,0,18.9,0,0,0.029,-0.016,-1.003,-0.1,-0.4,0
76.0643885,71,0,18.9,0,0,0.027,-0.016,-1.016,0.3,-0.6,0
76.0743885,76,0,18.9,0,0,0.027,-0.016,-1.016,0.3,-0.6,0
76.0843885,75,0,18.9,0,0,0.027,-0.016,-1.016,0.3,-0.6,0
76.0943885,81,0,18.9,0,0,0.027,-0.016,-1.016,0.3,-0.6,0
76.1043885,81,0,18.9,0,0,0.027,-0.016,-1.016,0.3,-0.6,0
76.1143885,68,0,18.8,0,0,0.028,-0.014,-1.001,-0.5,-0.3,0
76.1243885,67,0,18.8,0,0,0.028,-0.014,-1.001,-0.5,-0.3,0
76.1343885,78,0,18.8,0,0,0.028,-0.014,-1.001,-0.5,-0.3,0
76.1443885,78,0,18.8,0,0,0.028,-0.014,-1.001,-0.5,-0.3,0
76.1543885,76,0,18.8,0,0,0.028,-0.014,-1.001,-0.5,-0.3,0
76.1917692,79,0,18.8,0,0,0.026,-0.018,-1.025,0.1,-0.6,0
76.2017692,78,0,18.8,0,0,0.026,-0.018,-1.025,0.1,-0.6,0
76.2117692,70,0,18.8,0,0,0.026,-0.018,-1.025,0.1,-0.6,0
76.2217692,74,0,18.8,0,0,0.026,-0.018,-1.025,0.1,-0.6,0
76.2317692,78,0,18.8,0,0,0.026,-0.018,-1.025,0.1,-0.6,0
76.2529476,72,0,18.9,0,0,0.028,-0.016,-1.016,0.3,-0.6,0
76.2629476,76,0,18.9,0,0,0.028,-0.016,-1.016,0.3,-0.6,0
76.2729476,75,0,18.9,0,0,0.028,-0.016,-1.016,0.3,-0.6,0
76.2829476,79,0,18.9,0,0,0.028,-0.016,-1.016,0.3,-0.6,0
76.2929476,78,0,18.9,0,0,0.028,-0.016,-1.016,0.3,-0.6,0
76.3029476,69,0,18.9,0,0,0.028,-0.013,-0.996,-0.3,-0.3,0
76.3129476,68,0,18.9,0,0,0.028,-0.013,-0.996,-0.3,-0.3,0
76.3229476,78,0,18.9,0,0,0.028,-0.013,-0.996,-0.3,-0.3,0
76.3329476,78,0,18.9,0,0,0.028,-0.013,-0.996,-0.3,-0.3,0
76.3429476,73,0,18.9,0,0,0.028,-0.013,-0.996,-0.3,-0.3,0
76.3529476,77,0,18.8,0,0,0.028,-0.019,-1.024,0,-0.6,0
76.3629476,78,0,18.8,0,0,0.028,-0.019,-1.024,0,-0.6,0
76.3729476,73,0,18.8,0,0,0.028,-0.019,-1.024,0,-0.6,0
76.3829476,73,0,18.8,0,0,0.028,-0.019,-1.024,0,-0.6,0
76.3929476,78,0,18.8,0,0,0.028,-0.019,-1.024,0,-0.6,0
76.4156254,76,0,18.8,0,0,0.03,-0.014,-0.999,-0.1,-0.3,0
76.4256254,74,0,18.8,0,0,0.03,-0.014,-0.999,-0.1,-0.3,0
76.4356254,79,0,18.8,0,0,0.03,-0.014,-0.999,-0.1,-0.3,0
76.4456254,77,0,18.8,0,0,0.03,-0.014,-0.999,-0.1,-0.3,0
76.4556254,66,0,18.8,0,0,0.03,-0.014,-0.999,-0.1,-0.3,0
76.4656254,69,0,18.8,0,0,0.028,-0.016,-1.014,0.2,-0.6,0
76.4756254,76,0,18.8,0,0,0.028,-0.016,-1.014,0.2,-0.6,0
76.4856254,75,0,18.8,0,0,0.028,-0.016,-1.014,0.2,-0.6,0
76.4956254,77,0,18.8,0,0,0.028,-0.016,-1.014,0.2,-0.6,0
76.5056254,79,0,18.8,0,0,0.028,-0.016,-1.014,0.2,-0.6,0
76.5156254,71,0,18.9,0,0,0.028,-0.013,-0.993,-0.3,-0.3,0
76.5256254,67,0,18.9,0,0,0.028,-0.013,-0.993,-0.3,-0.3,0
76.5356254,79,0,18.9,0,0,0.028,-0.013,-0.993,-0.3,-0.3,0
76.5456254,79,0,18.9,0,0,0.028,-0.013,-0.993,-0.3,-0.3,0
76.5556254,74,0,18.9,0,0,0.028,-0.013,-0.993,-0.3,-0.3,0
76.5898966,76,0,18.8,0,0,0.028,-0.018,-1.023,0,-0.5,0
76.5998966,76,0,18.8,0,0,0.028,-0.018,-1.023,0,-0.5,0
76.6098966,74,0,18.8,0,0,0.028,-0.018,-1.023,0,-0.5,0
76.6198966,74,0,18.8,0,0,0.028,-0.018,-1.023,0,-0.5,0
76.6298966,80,0,18.8,0,0,0.028,-0.018,-1.023,0,-0.5,0
76.6398966,67,0,18.8,0,0,0.028,-0.016,-1.012,0.2,-0.5,0
76.6498966,74,0,18.8,0,0,0.028,-0.016,-1.012,0.2,-0.5,0
76.6598966,76,0,18.8,0,0,0.028,-0.016,-1.012,0.2,-0.5,0
76.6698966,78,0,18.8,0,0,0.028,-0.016,-1.012,0.2,-0.5,0
76.6798966,81,0,18.8,0,0,0.028,-0.016,-1.012,0.2,-0.5,0
76.7016842,72,0,18.9,0,0,0.03,-0.013,-0.987,-0.1,-0.3,0
76.7116842,65,0,18.9,0,0,0.03,-0.013,-0.987,-0.1,-0.3,0
76.7216842,78,0,18.9,0,0,0.03,-0.013,-0.987,-0.1,-0.3,0
76.7316842,78,0,18.9,0,0,0.03,-0.013,-0.987,-0.1,-0.3,0
76.7416842,79,0,18.9,0,0,0.03,-0.013,-0.987,-0.1,-0.3,0
76.7516842,80,0,18.9,0,0,0.028,-0.017,-1.019,0,-0.4,0
76.7616842,75,0,18.9,0,0,0.028,-0.017,-1.019,0,-0.4,0
76.7716842,70,0,18.9,0,0,0.028,-0.017,-1.019,0,-0.4,0
76.7816842,78,0,18.9,0,0,0.028,-0.017,-1.019,0,-0.4,0
76.7916842,83,0,18.9,0,0,0.028,-0.017,-1.019,0,-0.4,0
76.8153837,73,0,18.8,0,0,0.029,-0.014,-0.99,-0.1,-0.4,0
76.8253837,73,0,18.8,0,0,0.029,-0.014,-0.99,-0.1,-0.4,0
76.8353837,76,0,18.8,0,0,0.029,-0.014,-0.99,-0.1,-0.4,0
76.8453837,76,0,18.8,0,0,0.029,-0.014,-0.99,-0.1,-0.4,0
76.8553837,70,0,18.8,0,0,0.029,-0.014,-0.99,-0.1,-0.4,0
76.8653837,73,0,18.9,0,0,0.03,-0.014,-1.003,0.2,-0.5,0
76.8753837,78,0,18.9,0,0,0.03,-0.014,-1.003,0.2,-0.5,0
76.8853837,76,0,18.9,0,0,0.03,-0.014,-1.003,0.2,-0.5,0
76.8953837,82,0,18.9,0,0,0.03,-0.014,-1.003,0.2,-0.5,0
76.9053837,81,0,18.9,0,0,0.03,-0.014,-1.003,0.2,-0.5,0
76.9236639,68,0,18.9,0,0,0.03,-0.011,-0.974,0,-0.3,0
76.9336639,68,0,18.9,0,0,0.03,-0.011,-0.974,0,-0.3,0
76.9436639,80,0,18.9,0,0,0.03,-0.011,-0.974,0,-0.3,0
76.9536639,81,0,18.9,0,0,0.03,-0.011,-0.974,0,-0.3,0
76.9636639,76,0,18.9,0,0,0.03,-0.011,-0.974,0,-0.3,0
77.018565,74,0,18.8,0,0,0.029,-0.014,-0.99,0,-0.4,0
77.028565,74,0,18.8,0,0,0.029,-0.014,-0.99,0,-0.4,0
77.038565,79,0,18.8,0,0,0.029,-0.014,-0.99,0,-0.4,0
77.048565,73,0,18.8,0,0,0.029,-0.014,-0.99,0,-0.4,0
77.058565,65,0,18.8,0,0,0.029,-0.014,-0.99,0,-0.4,0
77.068565,73,0,18.8,0,0,0.028,-0.015,-1.002,0.3,-0.5,0
77.078565,76,0,18.8,0,0,0.028,-0.015,-1.002,0.3,-0.5,0
77.088565,75,0,18.8,0,0,0.028,-0.015,-1.002,0.3,-0.5,0
77.098565,79,0,18.8,0,0,0.028,-0.015,-1.002,0.3,-0.5,0
77.108565,78,0,18.8,0,0,0.028,-0.015,-1.002,0.3,-0.5,0
77.118565,69,0,18.8,0,0,0.029,-0.01,-0.972,0.1,-0.3,0
77.128565,68,0,18.8,0,0,0.029,-0.01,-0.972,0.1,-0.3,0
77.138565,78,0,18.8,0,0,0.029,-0.01,-0.972,0.1,-0.3,0
77.148565,78,0,18.8,0,0,0.029,-0.01,-0.972,0.1,-0.3,0
77.158565,73,0,18.8,0,0,0.029,-0.01,-0.972,0.1,-0.3,0
77.168565,77,0,18.9,0,0,0.028,-0.016,-1.009,-0.1,-0.4,0
77.178565,78,0,18.9,0,0,0.028,-0.016,-1.009,-0.1,-0.4,0
77.188565,73,0,18.9,0,0,0.028,-0.016,-1.009,-0.1,-0.4,0
77.198565,76,0,18.9,0,0,0.028,-0.016,-1.009,-0.1,-0.4,0
77.208565,78,0,18.9,0,0,0.028,-0.016,-1.009,-0.1,-0.4,0
77.237875,73,0,18.8,0,0,0.029,-0.013,-0.988,0,-0.5,0
77.247875,73,0,18.8,0,0,0.029,-0.013,-0.988,0,-0.5,0
77.257875,79,0,18.8,0,0,0.029,-0.013,-0.988,0,-0.5,0
77.267875,76,0,18.8,0,0,0.029,-0.013,-0.988,0,-0.5,0
77.277875,66,0,18.8,0,0,0.029,-0.013,-0.988,0,-0.5,0
77.3020475,68,0,18.9,0,0,0.031,-0.009,-0.968,0.3,-0.3,0
77.3120475,67,0,18.9,0,0,0.031,-0.009,-0.968,0.3,-0.3,0
77.3220475,79,0,18.9,0,0,0.031,-0.009,-0.968,0.3,-0.3,0
77.3320475,79,0,18.9,0,0,0.031,-0.009,-0.968,0.3,-0.3,0
77.3420475,74,0,18.9,0,0,0.031,-0.009,-0.968,0.3,-0.3,0
77.3520475,76,0,18.9,0,0,0.029,-0.015,-1.005,-0.1,-0.4,0
77.3620475,76,0,18.9,0,0,0.029,-0.015,-1.005,-0.1,-0.4,0
77.3720475,73,0,18.9,0,0,0.029,-0.015,-1.005,-0.1,-0.4,0
77.3820475,73,0,18.9,0,0,0.029,-0.015,-1.005,-0.1,-0.4,0
77.3920475,79,0,18.9,0,0,0.029,-0.015,-1.005,-0.1,-0.4,0
77.4158596,77,0,18.9,0,0,0.029,-0.014,-1.112,0,-0.4,0
77.4258596,73,0,18.9,0,0,0.029,-0.014,-1.112,0,-0.4,0
77.4358596,78,0,18.9,0,0,0.029,-0.014,-1.112,0,-0.4,0
77.4458596,78,0,18.9,0,0,0.029,-0.014,-1.112,0,-0.4,0
77.4558596,67,0,18.9,0,0,0.029,-0.014,-1.112,0,-0.4,0
77.4658596,67,0,18.8,0,0,0.029,-0.011,-1.001,0.9,-0.9,0
77.4758596,74,0,18.8,0,0,0.029,-0.011,-1.001,0.9,-0.9,0
77.4858596,76,0,18.8,0,0,0.029,-0.011,-1.001,0.9,-0.9,0
77.4958596,77,0,18.8,0,0,0.029,-0.011,-1.001,0.9,-0.9,0
77.5058596,81,0,18.8,0,0,0.029,-0.011,-1.001,0.9,-0.9,0
77.5264833,72,0,18.9,0,0,0.028,-0.014,-1.012,-0.1,-0.7,0
77.5364833,65,0,18.9,0,0,0.028,-0.014,-1.012,-0.1,-0.7,0
77.5464833,78,0,18.9,0,0,0.028,-0.014,-1.012,-0.1,-0.7,0
77.5564833,78,0,18.9,0,0,0.028,-0.014,-1.012,-0.1,-0.7,0
77.5664833,79,0,18.9,0,0,0.028,-0.014,-1.012,-0.1,-0.7,0
77.6065214,80,0,18.9,0,0,0.028,-0.013,-1.013,0,-0.7,0
77.6165214,72,0,18.9,0,0,0.028,-0.013,-1.013,0,-0.7,0
77.6265214,76,0,18.9,0,0,0.028,-0.013,-1.013,0,-0.7,0
77.6365214,76,0,18.9,0,0,0.028,-0.013,-1.013,0,-0.7,0
77.6465214,69,0,18.9,0,0,0.028,-0.013,-1.013,0,-0.7,0
77.6565214,69,0,18.9,0,0,0.028,-0.013,-1.005,0.9,-0.7,0
77.6665214,77,0,18.9,0,0,0.028,-0.013,-1.005,0.9,-0.7,0
77.6765214,76,0,18.9,0,0,0.028,-0.013,-1.005,0.9,-0.7,0
77.6865214,81,0,18.9,0,0,0.028,-0.013,-1.005,0.9,-0.7,0
77.6965214,81,0,18.9,0,0,0.028,-0.013,-1.005,0.9,-0.7,0
77.7065214,68,0,18.9,0,0,0.029,-0.013,-1.014,-0.3,-0.6,0
77.7165214,66,0,18.9,0,0,0.029,-0.013,-1.014,-0.3,-0.6,0
77.7265214,78,0,18.9,0,0,0.029,-0.013,-1.014,-0.3,-0.6,0
77.7365214,79,0,18.9,0,0,0.029,-0.013,-1.014,-0.3,-0.6,0
77.7465214,77,0,18.9,0,0,0.029,-0.013,-1.014,-0.3,-0.6,0
77.7565214,79,0,18.9,0,0,0.028,-0.016,-1.012,0.9,-0.7,0
77.7665214,78,0,18.9,0,0,0.028,-0.016,-1.012,0.9,-0.7,0
77.7765214,71,0,18.9,0,0,0.028,-0.016,-1.012,0.9,-0.7,0
77.7865214,71,0,18.9,0,0,0.028,-0.016,-1.012,0.9,-0.7,0
77.7965214,79,0,18.9,0,0,0.028,-0.016,-1.012,0.9,-0.7,0
77.8065214,77,0,18.8,0,0,0.027,-0.013,-1.017,0,-0.7,0
77.8165214,74,0,18.8,0,0,0.027,-0.013,-1.017,0,-0.7,0
77.8265214,79,0,18.8,0,0,0.027,-0.013,-1.017,0,-0.7,0
77.8365214,78,0,18.8,0,0,0.027,-0.013,-1.017,0,-0.7,0
77.8465214,65,0,18.8,0,0,0.027,-0.013,-1.017,0,-0.7,0
77.8565214,68,0,18.9,0,0,0.029,-0.013,-1.007,0.9,-0.8,0
77.8665214000001,76,0,18.9,0,0,0.029,-0.013,-1.007,0.9,-0.8,0
77.8765214,75,0,18.9,0,0,0.029,-0.013,-1.007,0.9,-0.8,0
77.8865214,77,0,18.9,0,0,0.029,-0.013,-1.007,0.9,-0.8,0
77.8965214000001,79,0,18.9,0,0,0.029,-0.013,-1.007,0.9,-0.8,0
77.9274028,72,0,18.8,0,0,0.029,-0.013,-1.015,-0.3,-0.7,0
77.9374028,68,0,18.8,0,0,0.029,-0.013,-1.015,-0.3,-0.7,0
77.9474028,78,0,18.8,0,0,0.029,-0.013,-1.015,-0.3,-0.7,0
77.9574028,78,0,18.8,0,0,0.029,-0.013,-1.015,-0.3,-0.7,0
77.9674028,73,0,18.8,0,0,0.029,-0.013,-1.015,-0.3,-0.7,0
77.9774028,76,0,18.9,0,0,0.029,-0.012,-1.017,0,-0.6,0
77.9874028,73,0,18.9,0,0,0.029,-0.012,-1.017,0,-0.6,0
77.9974028,79,0,18.9,0,0,0.029,-0.012,-1.017,0,-0.6,0
78.0074028,79,0,18.9,0,0,0.029,-0.012,-1.017,0,-0.6,0
78.0174028,66,0,18.9,0,0,0.029,-0.012,-1.017,0,-0.6,0
78.0561537,68,0,18.8,0,0,0.028,-0.014,-1.013,0.8,-0.9,0
78.0661537,76,0,18.8,0,0,0.028,-0.014,-1.013,0.8,-0.9,0
78.0761537,75,0,18.8,0,0,0.028,-0.014,-1.013,0.8,-0.9,0
78.0861537,77,0,18.8,0,0,0.028,-0.014,-1.013,0.8,-0.9,0
78.0961537,78,0,18.8,0,0,0.028,-0.014,-1.013,0.8,-0.9,0
78.1371382,71,0,18.9,0,0,0.027,-0.015,-1.016,-0.3,-0.7,0
78.1471382,68,0,18.9,0,0,0.027,-0.015,-1.016,-0.3,-0.7,0
78.1571382,79,0,18.9,0,0,0.027,-0.015,-1.016,-0.3,-0.7,0
78.1671382,79,0,18.9,0,0,0.027,-0.015,-1.016,-0.3,-0.7,0
78.1771382,73,0,18.9,0,0,0.027,-0.015,-1.016,-0.3,-0.7,0
78.2172172,77,0,18.9,0,0,0.029,-0.014,-1.017,0,-0.6,0
78.2272172,73,0,18.9,0,0,0.029,-0.014,-1.017,0,-0.6,0
78.2372172,78,0,18.9,0,0,0.029,-0.014,-1.017,0,-0.6,0
78.2472172,78,0,18.9,0,0,0.029,-0.014,-1.017,0,-0.6,0
78.2572172,68,0,18.9,0,0,0.029,-0.014,-1.017,0,-0.6,0
78.2672172,68,0,18.9,0,0,0.028,-0.014,-1.012,0.7,-0.8,0
78.2772172,74,0,18.9,0,0,0.028,-0.014,-1.012,0.7,-0.8,0
78.2872172,75,0,18.9,0,0,0.028,-0.014,-1.012,0.7,-0.8,0
78.2972172,77,0,18.9,0,0,0.028,-0.014,-1.012,0.7,-0.8,0
78.3072172,82,0,18.9,0,0,0.028,-0.014,-1.012,0.7,-0.8,0
78.3172172,73,0,18.8,0,0,0.028,-0.014,-1.016,-0.4,-0.6,0
78.3272172,65,0,18.8,0,0,0.028,-0.014,-1.016,-0.4,-0.6,0
78.3372172,77,0,18.8,0,0,0.028,-0.014,-1.016,-0.4,-0.6,0
78.3472172,78,0,18.8,0,0,0.028,-0.014,-1.016,-0.4,-0.6,0
78.3572172,78,0,18.8,0,0,0.028,-0.014,-1.016,-0.4,-0.6,0
78.3672172,79,0,18.8,0,0,0.029,-0.017,-1.015,0.6,-0.7,0
78.3772172,75,0,18.8,0,0,0.029,-0.017,-1.015,0.6,-0.7,0
78.3872172,70,0,18.8,0,0,0.029,-0.017,-1.015,0.6,-0.7,0
78.3972172,70,0,18.8,0,0,0.029,-0.017,-1.015,0.6,-0.7,0
78.4072172,83,0,18.8,0,0,0.029,-0.017,-1.015,0.6,-0.7,0
78.4347793,80,0,18.9,0,0,0.027,-0.016,-1.014,-0.2,-0.6,0
78.4447793,73,0,18.9,0,0,0.027,-0.016,-1.014,-0.2,-0.6,0
78.4547793,76,0,18.9,0,0,0.027,-0.016,-1.014,-0.2,-0.6,0
78.4647793,76,0,18.9,0,0,0.027,-0.016,-1.014,-0.2,-0.6,0
78.4747793,71,0,18.9,0,0,0.027,-0.016,-1.014,-0.2,-0.6,0
78.5164613,68,0,18.9,0,0,0.028,-0.013,-1.016,-0.5,-0.5,0
78.5264613,68,0,18.9,0,0,0.028,-0.013,-1.016,-0.5,-0.5,0
78.5364613,80,0,18.9,0,0,0.028,-0.013,-1.016,-0.5,-0.5,0
78.5464613,80,0,18.9,0,0,0.028,-0.013,-1.016,-0.5,-0.5,0
78.5564613,77,0,18.9,0,0,0.028,-0.013,-1.016,-0.5,-0.5,0
78.5664613,79,0,18.9,0,0,0.028,-0.018,-1.02,0.4,-0.7,0.1
78.5764613,78,0,18.9,0,0,0.028,-0.018,-1.02,0.4,-0.7,0.1
78.5864613,70,0,18.9,0,0,0.028,-0.018,-1.02,0.4,-0.7,0.1
78.5964613,70,0,18.9,0,0,0.028,-0.018,-1.02,0.4,-0.7,0.1
78.6064613,79,0,18.9,0,0,0.028,-0.018,-1.02,0.4,-0.7,0.1
78.6263574,77,0,18.8,0,0,0.029,-0.015,-1.014,-0.2,-0.5,0
78.6363574,74,0,18.8,0,0,0.029,-0.015,-1.014,-0.2,-0.5,0
78.6463574,79,0,18.8,0,0,0.029,-0.015,-1.014,-0.2,-0.5,0
78.6563574,76,0,18.8,0,0,0.029,-0.015,-1.014,-0.2,-0.5,0
78.6663574,65,0,18.8,0,0,0.029,-0.015,-1.014,-0.2,-0.5,0
78.6763574,69,0,18.9,0,0,0.027,-0.016,-1.022,0.5,-0.7,0
78.6863574,76,0,18.9,0,0,0.027,-0.016,-1.022,0.5,-0.7,0
78.6963574,75,0,18.9,0,0,0.027,-0.016,-1.022,0.5,-0.7,0
78.7063574,77,0,18.9,0,0,0.027,-0.016,-1.022,0.5,-0.7,0
78.7163574,79,0,18.9,0,0,0.027,-0.016,-1.022,0.5,-0.7,0
78.7403218,72,0,18.8,0,0,0.027,-0.014,-1.014,-0.5,-0.4,0
78.7503218,68,0,18.8,0,0,0.027,-0.014,-1.014,-0.5,-0.4,0
78.7603218,78,0,18.8,0,0,0.027,-0.014,-1.014,-0.5,-0.4,0
78.7703218,78,0,18.8,0,0,0.027,-0.014,-1.014,-0.5,-0.4,0
78.7803218,73,0,18.8,0,0,0.027,-0.014,-1.014,-0.5,-0.4,0
78.8027563,76,0,18.8,0,0,0.029,-0.014,-1.009,-0.1,-0.4,0
78.8127563,74,0,18.8,0,0,0.029,-0.014,-1.009,-0.1,-0.4,0
78.8227563,79,0,18.8,0,0,0.029,-0.014,-1.009,-0.1,-0.4,0
78.8327563,78,0,18.8,0,0,0.029,-0.014,-1.009,-0.1,-0.4,0
78.8427563,66,0,18.8,0,0,0.029,-0.014,-1.009,-0.1,-0.4,0
78.8527563,68,0,18.9,0,0,0.026,-0.016,-1.022,0.4,-0.6,0
78.8627563,76,0,18.9,0,0,0.026,-0.016,-1.022,0.4,-0.6,0
78.8727563,75,0,18.9,0,0,0.026,-0.016,-1.022,0.4,-0.6,0
78.8827563,76,0,18.9,0,0,0.026,-0.016,-1.022,0.4,-0.6,0
78.8927563,78,0,18.9,0,0,0.026,-0.016,-1.022,0.4,-0.6,0
78.915958,71,0,18.8,0,0,0.028,-0.015,-1.014,-0.4,-0.4,0
78.925958,67,0,18.8,0,0,0.028,-0.015,-1.014,-0.4,-0.4,0
78.935958,79,0,18.8,0,0,0.028,-0.015,-1.014,-0.4,-0.4,0
78.945958,79,0,18.8,0,0,0.028,-0.015,-1.014,-0.4,-0.4,0
78.955958,74,0,18.8,0,0,0.028,-0.015,-1.014,-0.4,-0.4,0
78.965958,76,0,18.9,0,0,0.028,-0.018,-1.027,0.4,-0.7,0
78.975958,77,0,18.9,0,0,0.028,-0.018,-1.027,0.4,-0.7,0
78.985958,73,0,18.9,0,0,0.028,-0.018,-1.027,0.4,-0.7,0
78.995958,73,0,18.9,0,0,0.028,-0.018,-1.027,0.4,-0.7,0
79.005958,79,0,18.9,0,0,0.028,-0.018,-1.027,0.4,-0.7,0
79.0283747,77,0,18.8,0,0,0.028,-0.016,-1.008,-0.2,-0.5,0
79.0383747,73,0,18.8,0,0,0.028,-0.016,-1.008,-0.2,-0.5,0
79.0483747,78,0,18.8,0,0,0.028,-0.016,-1.008,-0.2,-0.5,0
79.0583747,78,0,18.8,0,0,0.028,-0.016,-1.008,-0.2,-0.5,0
79.0683747,68,0,18.8,0,0,0.028,-0.016,-1.008,-0.2,-0.5,0
79.1087876,72,0,18.9,0,0,0.028,-0.014,-1.009,-0.4,-0.4,0
79.1187876,65,0,18.9,0,0,0.028,-0.014,-1.009,-0.4,-0.4,0
79.1287876,78,0,18.9,0,0,0.028,-0.014,-1.009,-0.4,-0.4,0
79.1387876,78,0,18.9,0,0,0.028,-0.014,-1.009,-0.4,-0.4,0
79.1487876,78,0,18.9,0,0,0.028,-0.014,-1.009,-0.4,-0.4,0
79.1587876,79,0,18.8,0,0,0.028,-0.019,-1.021,0.3,-0.6,0
79.1687876,75,0,18.8,0,0,0.028,-0.019,-1.021,0.3,-0.6,0
79.1787876,70,0,18.8,0,0,0.028,-0.019,-1.021,0.3,-0.6,0
79.1887876,70,0,18.8,0,0,0.028,-0.019,-1.021,0.3,-0.6,0
79.1987876,83,0,18.8,0,0,0.028,-0.019,-1.021,0.3,-0.6,0
79.2087876,80,0,18.9,0,0,0.029,-0.015,-1.006,-0.3,-0.4,0
79.2187876,72,0,18.9,0,0,0.029,-0.015,-1.006,-0.3,-0.4,0
79.2287876,76,0,18.9,0,0,0.029,-0.015,-1.006,-0.3,-0.4,0
79.2387876,76,0,18.9,0,0,0.029,-0.015,-1.006,-0.3,-0.4,0
79.2487876,69,0,18.9,0,0,0.029,-0.015,-1.006,-0.3,-0.4,0
79.2587876,70,0,18.8,0,0,0.028,-0.016,-1.018,0.3,-0.6,0
79.2687876,76,0,18.8,0,0,0.028,-0.016,-1.018,0.3,-0.6,0
79.2787876,77,0,18.8,0,0,0.028,-0.016,-1.018,0.3,-0.6,0
79.2887876,77,0,18.8,0,0,0.028,-0.016,-1.018,0.3,-0.6,0
79.2987876,81,0,18.8,0,0,0.028,-0.016,-1.018,0.3,-0.6,0
79.3337129,73,0,18.8,0,0,0.028,-0.013,-1.005,-0.5,-0.4,0
79.3437129,66,0,18.8,0,0,0.028,-0.013,-1.005,-0.5,-0.4,0
79.3537129,78,0,18.8,0,0,0.028,-0.013,-1.005,-0.5,-0.4,0
79.3637129,79,0,18.8,0,0,0.028,-0.013,-1.005,-0.5,-0.4,0
79.3737129,77,0,18.8,0,0,0.028,-0.013,-1.005,-0.5,-0.4,0
79.3837129,79,0,18.9,0,0,0.028,-0.02,-1.024,0.1,-0.6,0
79.3937129,78,0,18.9,0,0,0.028,-0.02,-1.024,0.1,-0.6,0
79.4037129,71,0,18.9,0,0,0.028,-0.02,-1.024,0.1,-0.6,0
79.4137129,71,0,18.9,0,0,0.028,-0.02,-1.024,0.1,-0.6,0
79.4237129,79,0,18.9,0,0,0.028,-0.02,-1.024,0.1,-0.6,0
79.4337129,77,0,18.9,0,0,0.028,-0.014,-1.006,-0.2,-0.4,0
79.4437129,74,0,18.9,0,0,0.028,-0.014,-1.006,-0.2,-0.4,0
79.4537129,79,0,18.9,0,0,0.028,-0.014,-1.006,-0.2,-0.4,0
79.4637129,79,0,18.9,0,0,0.028,-0.014,-1.006,-0.2,-0.4,0
79.4737129,66,0,18.9,0,0,0.028,-0.014,-1.006,-0.2,-0.4,0
79.4837129,67,0,18.9,0,0,0.026,-0.016,-1.019,0.3,-0.6,0
79.4937129,76,0,18.9,0,0,0.026,-0.016,-1.019,0.3,-0.6,0
79.5037129,75,0,18.9,0,0,0.026,-0.016,-1.019,0.3,-0.6,0
79.5137129,76,0,18.9,0,0,0.026,-0.016,-1.019,0.3,-0.6,0
79.5237129,78,0,18.9,0,0,0.026,-0.016,-1.019,0.3,-0.6,0
79.5621019,76,0,18.9,0,0,0.028,-0.019,-1.025,0.2,-0.6,0.1
79.5721019,78,0,18.9,0,0,0.028,-0.019,-1.025,0.2,-0.6,0.1
79.5821019,74,0,18.9,0,0,0.028,-0.019,-1.025,0.2,-0.6,0.1
79.5921019,74,0,18.9,0,0,0.028,-0.019,-1.025,0.2,-0.6,0.1
79.6021019,78,0,18.9,0,0,0.028,-0.019,-1.025,0.2,-0.6,0.1
79.6121019,76,0,18.9,0,0,0.029,-0.016,-1.004,-0.1,-0.4,0
79.6221019,74,0,18.9,0,0,0.029,-0.016,-1.004,-0.1,-0.4,0
79.6321019,79,0,18.9,0,0,0.029,-0.016,-1.004,-0.1,-0.4,0
79.6421019,79,0,18.9,0,0,0.029,-0.016,-1.004,-0.1,-0.4,0
79.6521019,66,0,18.9,0,0,0.029,-0.016,-1.004,-0.1,-0.4,0
79.6621019,68,0,18.8,0,0,0.027,-0.016,-1.017,0.3,-0.6,0
79.6721019,76,0,18.8,0,0,0.027,-0.016,-1.017,0.3,-0.6,0
79.6821019,75,0,18.8,0,0,0.027,-0.016,-1.017,0.3,-0.6,0
79.6921019,77,0,18.8,0,0,0.027,-0.016,-1.017,0.3,-0.6,0
79.7021019,78,0,18.8,0,0,0.027,-0.016,-1.017,0.3,-0.6,0
79.7188651,73,0,18.8,0,0,0.028,-0.014,-1.001,-0.3,-0.3,0
79.7288651,67,0,18.8,0,0,0.028,-0.014,-1.001,-0.3,-0.3,0
79.7388651,77,0,18.8,0,0,0.028,-0.014,-1.001,-0.3,-0.3,0
79.7488651,79,0,18.8,0,0,0.028,-0.014,-1.001,-0.3,-0.3,0
79.7588651,73,0,18.8,0,0,0.028,-0.014,-1.001,-0.3,-0.3,0
79.7836119,76,0,18.8,0,0,0.028,-0.019,-1.026,0.1,-0.6,0
79.7936119,76,0,18.8,0,0,0.028,-0.019,-1.026,0.1,-0.6,0
79.8036119,74,0,18.8,0,0,0.028,-0.019,-1.026,0.1,-0.6,0
79.8136119,74,0,18.8,0,0,0.028,-0.019,-1.026,0.1,-0.6,0
79.8236119,79,0,18.8,0,0,0.028,-0.019,-1.026,0.1,-0.6,0
79.8336119,77,0,18.9,0,0,0.028,-0.015,-1.001,-0.1,-0.5,0
79.8436119,73,0,18.9,0,0,0.028,-0.015,-1.001,-0.1,-0.5,0
79.8536119,78,0,18.9,0,0,0.028,-0.015,-1.001,-0.1,-0.5,0
79.8636119,78,0,18.9,0,0,0.028,-0.015,-1.001,-0.1,-0.5,0
79.8736119,68,0,18.9,0,0,0.028,-0.015,-1.001,-0.1,-0.5,0
79.8836119,66,0,18.9,0,0,0.029,-0.018,-1.019,0.3,-0.6,0
79.8936119,75,0,18.9,0,0,0.029,-0.018,-1.019,0.3,-0.6,0
79.9036119,77,0,18.9,0,0,0.029,-0.018,-1.019,0.3,-0.6,0
79.9136119,76,0,18.9,0,0,0.029,-0.018,-1.019,0.3,-0.6,0
79.9236119,81,0,18.9,0,0,0.029,-0.018,-1.019,0.3,-0.6,0
79.9336119,77,0,18.9,0,0,0.028,-0.014,-0.999,-0.3,-0.3,0
79.9436119,65,0,18.9,0,0,0.028,-0.014,-0.999,-0.3,-0.3,0
79.9536119,73,0,18.9,0,0,0.028,-0.014,-0.999,-0.3,-0.3,0
79.9636119,78,0,18.9,0,0,0.028,-0.014,-0.999,-0.3,-0.3,0
79.9736119,79,0,18.9,0,0,0.028,-0.014,-0.999,-0.3,-0.3,0
79.9836119,79,0,18.9,0,0,0.028,-0.019,-1.021,0.2,-0.6,0
79.9936119,75,0,18.9,0,0,0.028,-0.019,-1.021,0.2,-0.6,0
80.0036119,70,0,18.9,0,0,0.028,-0.019,-1.021,0.2,-0.6,0
80.0136119,70,0,18.9,0,0,0.028,-0.019,-1.021,0.2,-0.6,0
80.0236119,83,0,18.9,0,0,0.028,-0.019,-1.021,0.2,-0.6,0
80.0336119000001,80,0,18.9,0,0,0.028,-0.015,-0.999,-0.2,-0.4,0
80.0436119000001,73,0,18.9,0,0,0.028,-0.015,-0.999,-0.2,-0.4,0
80.0536119,76,0,18.9,0,0,0.028,-0.015,-0.999,-0.2,-0.4,0
80.0636119000001,76,0,18.9,0,0,0.028,-0.015,-0.999,-0.2,-0.4,0
80.0736119000001,71,0,18.9,0,0,0.028,-0.015,-0.999,-0.2,-0.4,0
80.0836119000001,72,0,18.9,0,0,0.028,-0.015,-1.01,0.2,-0.4,0
80.0936119000001,78,0,18.9,0,0,0.028,-0.015,-1.01,0.2,-0.4,0
80.1036119000001,76,0,18.9,0,0,0.028,-0.015,-1.01,0.2,-0.4,0
80.1136119000001,76,0,18.9,0,0,0.028,-0.015,-1.01,0.2,-0.4,0
80.1236119000001,82,0,18.9,0,0,0.028,-0.015,-1.01,0.2,-0.4,0
80.1336119000001,73,0,18.9,0,0,0.029,-0.013,-0.988,-0.3,-0.3,0
80.1436119000001,68,0,18.9,0,0,0.029,-0.013,-0.988,-0.3,-0.3,0
80.1536119000001,80,0,18.9,0,0,0.029,-0.013,-0.988,-0.3,-0.3,0
80.1636119000001,80,0,18.9,0,0,0.029,-0.013,-0.988,-0.3,-0.3,0
80.1736119000001,77,0,18.9,0,0,0.029,-0.013,-0.988,-0.3,-0.3,0
80.1836119000001,79,0,18.9,0,0,0.029,-0.02,-1.021,0,-0.5,0
80.1936119000001,78,0,18.9,0,0,0.029,-0.02,-1.021,0,-0.5,0
80.2036119000001,70,0,18.9,0,0,0.029,-0.02,-1.021,0,-0.5,0
80.2136119000001,70,0,18.9,0,0,0.029,-0.02,-1.021,0,-0.5,0
80.2236119000001,79,0,18.9,0,0,0.029,-0.02,-1.021,0,-0.5,0
80.2336119000001,77,0,18.9,0,0,0.028,-0.014,-0.995,-0.1,-0.4,0
80.2436119000001,74,0,18.9,0,0,0.028,-0.014,-0.995,-0.1,-0.4,0
80.2536119000001,79,0,18.9,0,0,0.028,-0.014,-0.995,-0.1,-0.4,0
80.2636119000001,79,0,18.9,0,0,0.028,-0.014,-0.995,-0.1,-0.4,0
80.2736119000001,65,0,18.9,0,0,0.028,-0.014,-0.995,-0.1,-0.4,0
80.2836119000001,67,0,18.8,0,0,0.029,-0.017,-1.008,0.1,-0.5,0
80.2936119000001,76,0,18.8,0,0,0.029,-0.017,-1.008,0.1,-0.5,0
80.3036119000001,75,0,18.8,0,0,0.029,-0.017,-1.008,0.1,-0.5,0
80.3136119000001,76,0,18.8,0,0,0.029,-0.017,-1.008,0.1,-0.5,0
80.3236119000001,78,0,18.8,0,0,0.029,-0.017,-1.008,0.1,-0.5,0
80.3336119000001,72,0,18.9,0,0,0.028,-0.012,-0.983,-0.1,-0.2,0
80.3436119000001,68,0,18.9,0,0,0.028,-0.012,-0.983,-0.1,-0.2,0
80.3536119000001,79,0,18.9,0,0,0.028,-0.012,-0.983,-0.1,-0.2,0
80.3636119000001,79,0,18.9,0,0,0.028,-0.012,-0.983,-0.1,-0.2,0
80.3736119000001,72,0,18.9,0,0,0.028,-0.012,-0.983,-0.1,-0.2,0
80.3836119000001,76,0,18.8,0,0,0.029,-0.018,-1.02,0,-0.4,0
80.3936119000001,78,0,18.8,0,0,0.029,-0.018,-1.02,0,-0.4,0
80.4036119000001,73,0,18.8,0,0,0.029,-0.018,-1.02,0,-0.4,0
80.4136119000001,73,0,18.8,0,0,0.029,-0.018,-1.02,0,-0.4,0
80.4236119000001,78,0,18.8,0,0,0.029,-0.018,-1.02,0,-0.4,0
80.4632861,68,0,18.9,0,0,0.028,-0.01,-0.989,0.1,-0.6,0
80.4732861,76,0,18.9,0,0,0.028,-0.01,-0.989,0.1,-0.6,0
80.4832861,75,0,18.9,0,0,0.028,-0.01,-0.989,0.1,-0.6,0
80.4932861,76,0,18.9,0,0,0.028,-0.01,-0.989,0.1,-0.6,0
80.5032861,78,0,18.9,0,0,0.028,-0.01,-0.989,0.1,-0.6,0
80.5586265,74,0,18.8,0,0,0.029,-0.014,-1.009,0,-0.6,0
80.5686265,67,0,18.8,0,0,0.029,-0.014,-1.009,0,-0.6,0
80.5786265,76,0,18.8,0,0,0.029,-0.014,-1.009,0,-0.6,0
80.5886265,79,0,18.8,0,0,0.029,-0.014,-1.009,0,-0.6,0
80.5986265,74,0,18.8,0,0,0.029,-0.014,-1.009,0,-0.6,0
80.6086265,77,0,18.9,0,0,0.029,-0.014,-1.011,0.2,-0.7,0
80.6186265,73,0,18.9,0,0,0.029,-0.014,-1.011,0.2,-0.7,0
80.6286265,78,0,18.9,0,0,0.029,-0.014,-1.011,0.2,-0.7,0
80.6386265,78,0,18.9,0,0,0.029,-0.014,-1.011,0.2,-0.7,0
80.6486265,68,0,18.9,0,0,0.029,-0.014,-1.011,0.2,-0.7,0
80.6839371,67,0,18.9,0,0,0.029,-0.011,-0.992,0.9,-0.7,0
80.6939371,74,0,18.9,0,0,0.029,-0.011,-0.992,0.9,-0.7,0
80.7039371,77,0,18.9,0,0,0.029,-0.011,-0.992,0.9,-0.7,0
80.7139371,77,0,18.9,0,0,0.029,-0.011,-0.992,0.9,-0.7,0
80.7239371,81,0,18.9,0,0,0.029,-0.011,-0.992,0.9,-0.7,0
80.7806333,79,0,18.8,0,0,0.03,-0.011,-1.002,0.8,-0.7,0
80.7906333,75,0,18.8,0,0,0.03,-0.011,-1.002,0.8,-0.7,0
80.8006333,70,0,18.8,0,0,0.03,-0.011,-1.002,0.8,-0.7,0
80.8106333,70,0,18.8,0,0,0.03,-0.011,-1.002,0.8,-0.7,0
80.8206333,83,0,18.8,0,0,0.03,-0.011,-1.002,0.8,-0.7,0
80.8306333,80,0,18.9,0,0,0.027,-0.014,-1.013,0,-0.7,0
80.8406333,73,0,18.9,0,0,0.027,-0.014,-1.013,0,-0.7,0
80.8506333,76,0,18.9,0,0,0.027,-0.014,-1.013,0,-0.7,0
80.8606333,76,0,18.9,0,0,0.027,-0.014,-1.013,0,-0.7,0
80.8706333,71,0,18.9,0,0,0.027,-0.014,-1.013,0,-0.7,0
80.8806333,72,0,18.8,0,0,0.028,-0.012,-1,0.7,-0.7,0
80.8906333,78,0,18.8,0,0,0.028,-0.012,-1,0.7,-0.7,0
80.9006333,76,0,18.8,0,0,0.028,-0.012,-1,0.7,-0.7,0
80.9106333,76,0,18.8,0,0,0.028,-0.012,-1,0.7,-0.7,0
80.9206333,82,0,18.8,0,0,0.028,-0.012,-1,0.7,-0.7,0
80.9306333,74,0,18.9,0,0,0.029,-0.015,-1.016,-0.2,-0.7,0
80.9406333,68,0,18.9,0,0,0.029,-0.015,-1.016,-0.2,-0.7,0
80.9506333,80,0,18.9,0,0,0.029,-0.015,-1.016,-0.2,-0.7,0
80.9606333,80,0,18.9,0,0,0.029,-0.015,-1.016,-0.2,-0.7,0
80.9706333,76,0,18.9,0,0,0.029,-0.015,-1.016,-0.2,-0.7,0
80.9806333,79,0,18.8,0,0,0.028,-0.014,-1.011,0.9,-0.7,0
80.9906333,78,0,18.8,0,0,0.028,-0.014,-1.011,0.9,-0.7,0
81.0006333,70,0,18.8,0,0,0.028,-0.014,-1.011,0.9,-0.7,0
81.0106333,70,0,18.8,0,0,0.028,-0.014,-1.011,0.9,-0.7,0
81.0206333,79,0,18.8,0,0,0.028,-0.014,-1.011,0.9,-0.7,0
81.0306333,77,0,18.8,0,0,0.028,-0.015,-1.017,0,-0.7,0
81.0406333000001,74,0,18.8,0,0,0.028,-0.015,-1.017,0,-0.7,0
81.0506333,79,0,18.8,0,0,0.028,-0.015,-1.017,0,-0.7,0
81.0606333,79,0,18.8,0,0,0.028,-0.015,-1.017,0,-0.7,0
81.0706333000001,65,0,18.8,0,0,0.028,-0.015,-1.017,0,-0.7,0
81.0806333000001,68,0,18.9,0,0,0.029,-0.011,-1.005,0.9,-0.7,0
81.0906333000001,76,0,18.9,0,0,0.029,-0.011,-1.005,0.9,-0.7,0
81.1006333000001,75,0,18.9,0,0,0.029,-0.011,-1.005,0.9,-0.7,0
81.1106333000001,76,0,18.9,0,0,0.029,-0.011,-1.005,0.9,-0.7,0
81.1206333000001,79,0,18.9,0,0,0.029,-0.011,-1.005,0.9,-0.7,0
81.1333099,72,0,18.8,0,0,0.028,-0.015,-1.014,-0.2,-0.7,0
81.1433099,68,0,18.8,0,0,0.028,-0.015,-1.014,-0.2,-0.7,0
81.1533099,78,0,18.8,0,0,0.028,-0.015,-1.014,-0.2,-0.7,0
81.1633099,78,0,18.8,0,0,0.028,-0.015,-1.014,-0.2,-0.7,0
81.1733099,73,0,18.8,0,0,0.028,-0.015,-1.014,-0.2,-0.7,0
81.2166238,76,0,18.8,0,0,0.028,-0.015,-1.017,0,-0.6,0
81.2266238,74,0,18.8,0,0,0.028,-0.015,-1.017,0,-0.6,0
81.2366238,79,0,18.8,0,0,0.028,-0.015,-1.017,0,-0.6,0
81.2466238,79,0,18.8,0,0,0.028,-0.015,-1.017,0,-0.6,0
81.2566238,66,0,18.8,0,0,0.028,-0.015,-1.017,0,-0.6,0
81.2666238,68,0,18.9,0,0,0.028,-0.014,-1.01,0.7,-0.7,0
81.2766238,76,0,18.9,0,0,0.028,-0.014,-1.01,0.7,-0.7,0
81.2866238,75,0,18.9,0,0,0.028,-0.014,-1.01,0.7,-0.7,0
81.2966238,77,0,18.9,0,0,0.028,-0.014,-1.01,0.7,-0.7,0
81.3066238,78,0,18.9,0,0,0.028,-0.014,-1.01,0.7,-0.7,0
81.3489892,73,0,18.8,0,0,0.028,-0.016,-1.016,-0.3,-0.6,0
81.3589892,67,0,18.8,0,0,0.028,-0.016,-1.016,-0.3,-0.6,0
81.3689892,77,0,18.8,0,0,0.028,-0.016,-1.016,-0.3,-0.6,0
81.3789892,79,0,18.8,0,0,0.028,-0.016,-1.016,-0.3,-0.6,0
81.3889892,74,0,18.8,0,0,0.028,-0.016,-1.016,-0.3,-0.6,0
81.3989892,77,0,18.8,0,0,0.026,-0.014,-1.017,0,-0.7,0
81.4089892,73,0,18.8,0,0,0.026,-0.014,-1.017,0,-0.7,0
81.4189892,78,0,18.8,0,0,0.026,-0.014,-1.017,0,-0.7,0
81.4289892,78,0,18.8,0,0,0.026,-0.014,-1.017,0,-0.7,0
81.4389892,68,0,18.8,0,0,0.026,-0.014,-1.017,0,-0.7,0
81.4489892,67,0,18.9,0,0,0.028,-0.014,-1.011,0.8,-0.8,0
81.4589892,74,0,18.9,0,0,0.028,-0.014,-1.011,0.8,-0.8,0
81.4689892,76,0,18.9,0,0,0.028,-0.014,-1.011,0.8,-0.8,0
81.4789892,77,0,18.9,0,0,0.028,-0.014,-1.011,0.8,-0.8,0
81.4889892,82,0,18.9,0,0,0.028,-0.014,-1.011,0.8,-0.8,0
81.5088461,76,0,18.9,0,0,0.028,-0.014,-1.009,-0.3,-0.7,0
81.5188461,64,0,18.9,0,0,0.028,-0.014,-1.009,-0.3,-0.7,0
81.5288461,74,0,18.9,0,0,0.028,-0.014,-1.009,-0.3,-0.7,0
81.5388461,78,0,18.9,0,0,0.028,-0.014,-1.009,-0.3,-0.7,0
81.5488461,78,0,18.9,0,0,0.028,-0.014,-1.009,-0.3,-0.7,0
81.5588461,79,0,18.8,0,0,0.029,-0.016,-1.014,0.7,-0.7,0
81.5688461,75,0,18.8,0,0,0.029,-0.016,-1.014,0.7,-0.7,0
81.5788461,70,0,18.8,0,0,0.029,-0.016,-1.014,0.7,-0.7,0
81.5888461,70,0,18.8,0,0,0.029,-0.016,-1.014,0.7,-0.7,0
81.5988461,84,0,18.8,0,0,0.029,-0.016,-1.014,0.7,-0.7,0
81.6088461,81,0,18.8,0,0,0.028,-0.014,-1.012,-0.2,-0.6,0
81.6188461,73,0,18.8,0,0,0.028,-0.014,-1.012,-0.2,-0.6,0
81.6288461,76,0,18.8,0,0,0.028,-0.014,-1.012,-0.2,-0.6,0
81.6388461,76,0,18.8,0,0,0.028,-0.014,-1.012,-0.2,-0.6,0
81.6488461,71,0,18.8,0,0,0.028,-0.014,-1.012,-0.2,-0.6,0
81.6588461,72,0,18.8,0,0,0.028,-0.015,-1.016,0.5,-0.7,0.1
81.6688461,78,0,18.8,0,0,0.028,-0.015,-1.016,0.5,-0.7,0.1
81.6788461,76,0,18.8,0,0,0.028,-0.015,-1.016,0.5,-0.7,0.1
81.6888461,76,0,18.8,0,0,0.028,-0.015,-1.016,0.5,-0.7,0.1
81.6988461,81,0,18.8,0,0,0.028,-0.015,-1.016,0.5,-0.7,0.1
81.7356594,74,0,18.9,0,0,0.027,-0.015,-1.017,-0.5,-0.6,0
81.7456594,68,0,18.9,0,0,0.027,-0.015,-1.017,-0.5,-0.6,0
81.7556594,80,0,18.9,0,0,0.027,-0.015,-1.017,-0.5,-0.6,0
81.7656594,80,0,18.9,0,0,0.027,-0.015,-1.017,-0.5,-0.6,0
81.7756594,76,0,18.9,0,0,0.027,-0.015,-1.017,-0.5,-0.6,0
81.8164264,77,0,18.9,0,0,0.029,-0.016,-1.018,-0.2,-0.5,0
81.8264264,73,0,18.9,0,0,0.029,-0.016,-1.018,-0.2,-0.5,0
81.8364264,79,0,18.9,0,0,0.029,-0.016,-1.018,-0.2,-0.5,0
81.8464264,79,0,18.9,0,0,0.029,-0.016,-1.018,-0.2,-0.5,0
81.8564264,66,0,18.9,0,0,0.029,-0.016,-1.018,-0.2,-0.5,0
81.8664264,67,0,18.8,0,0,0.026,-0.015,-1.021,0.6,-0.7,0
81.8764264,76,0,18.8,0,0,0.026,-0.015,-1.021,0.6,-0.7,0
81.8864264,75,0,18.8,0,0,0.026,-0.015,-1.021,0.6,-0.7,0
81.8964264,76,0,18.8,0,0,0.026,-0.015,-1.021,0.6,-0.7,0
81.9064264,79,0,18.8,0,0,0.026,-0.015,-1.021,0.6,-0.7,0
81.9164264,72,0,18.9,0,0,0.029,-0.015,-1.014,-0.3,-0.6,0
81.9264264,68,0,18.9,0,0,0.029,-0.015,-1.014,-0.3,-0.6,0
81.9364264,78,0,18.9,0,0,0.029,-0.015,-1.014,-0.3,-0.6,0
81.9464264,78,0,18.9,0,0,0.029,-0.015,-1.014,-0.3,-0.6,0
81.9564264,73,0,18.9,0,0,0.029,-0.015,-1.014,-0.3,-0.6,0
81.9664264,76,0,18.9,0,0,0.028,-0.018,-1.021,0.6,-0.7,0
81.9764264,78,0,18.9,0,0,0.028,-0.018,-1.021,0.6,-0.7,0
81.9864264,73,0,18.9,0,0,0.028,-0.018,-1.021,0.6,-0.7,0
81.9964264,73,0,18.9,0,0,0.028,-0.018,-1.021,0.6,-0.7,0
82.0064264,78,0,18.9,0,0,0.028,-0.018,-1.021,0.6,-0.7,0
82.0385509,76,0,18.9,0,0,0.026,-0.015,-1.008,-0.1,-0.5,0
82.0485509,73,0,18.9,0,0,0.026,-0.015,-1.008,-0.1,-0.5,0
82.0585509,79,0,18.9,0,0,0.026,-0.015,-1.008,-0.1,-0.5,0
82.0685509,79,0,18.9,0,0,0.026,-0.015,-1.008,-0.1,-0.5,0
82.0785509,66,0,18.9,0,0,0.026,-0.015,-1.008,-0.1,-0.5,0
83.705152,87,-0.01,18.8,0,0,0.029,-0.022,-1.024,1,-1.4,0
83.715152,82,-0.01,18.8,0,0,0.029,-0.022,-1.024,1,-1.4,0
83.725152,85,-0.01,18.8,0,0,0.029,-0.022,-1.024,1,-1.4,0
83.735152,88,-0.01,18.8,0,0,0.029,-0.022,-1.024,1,-1.4,0
83.745152,83,-0.01,18.8,0,0,0.029,-0.022,-1.024,1,-1.4,0
83.755152,86,0,18.9,0,0,0.025,-0.014,-1.047,1.1,-0.8,0
83.765152,87,0,18.9,0,0,0.025,-0.014,-1.047,1.1,-0.8,0
83.775152,79,0,18.9,0,0,0.025,-0.014,-1.047,1.1,-0.8,0
83.785152,81,0,18.9,0,0,0.025,-0.014,-1.047,1.1,-0.8,0
83.795152,86,0,18.9,0,0,0.025,-0.014,-1.047,1.1,-0.8,0
83.805152,86,-0.01,18.8,0,0,0.036,0,-0.862,-0.6,-0.3,0
83.815152,91,-0.01,18.8,0,0,0.036,0,-0.862,-0.6,-0.3,0
83.825152,90,-0.01,18.8,0,0,0.036,0,-0.862,-0.6,-0.3,0
83.835152,76,-0.01,18.8,0,0,0.036,0,-0.862,-0.6,-0.3,0
83.845152,80,-0.01,18.8,0,0,0.036,0,-0.862,-0.6,-0.3,0
83.855152,88,0.01,18.8,0,0,0.021,-0.025,-1.125,-1.7,-0.4,0
83.865152,91,0.01,18.8,0,0,0.021,-0.025,-1.125,-1.7,-0.4,0
83.875152,92,0.01,18.8,0,0,0.021,-0.025,-1.125,-1.7,-0.4,0
83.885152,84,0.01,18.8,0,0,0.021,-0.025,-1.125,-1.7,-0.4,0
83.895152,81,0.01,18.8,0,0,0.021,-0.025,-1.125,-1.7,-0.4,0
83.9161212,91,0,18.9,0,0,0.032,-0.015,-0.969,1.8,-0.6,0
83.9261212,91,0,18.9,0,0,0.032,-0.015,-0.969,1.8,-0.6,0
83.9361212,84,0,18.9,0,0,0.032,-0.015,-0.969,1.8,-0.6,0
83.9461212,87,0,18.9,0,0,0.032,-0.015,-0.969,1.8,-0.6,0
83.9561212,83,0,18.9,0,0,0.032,-0.015,-0.969,1.8,-0.6,0
83.9661212,82,0,18.8,0,0,0.028,-0.007,-0.995,2.2,-1.5,0
83.9761212,86,0,18.8,0,0,0.028,-0.007,-0.995,2.2,-1.5,0
83.9861212,86,0,18.8,0,0,0.028,-0.007,-0.995,2.2,-1.5,0
83.9961212,86,0,18.8,0,0,0.028,-0.007,-0.995,2.2,-1.5,0
84.0061212,93,0,18.8,0,0,0.028,-0.007,-0.995,2.2,-1.5,0
84.0161212,85,-0.01,18.9,0,0,0.029,-0.011,-0.96,-2.8,0.9,0
84.0261212,79,-0.01,18.9,0,0,0.029,-0.011,-0.96,-2.8,0.9,0
84.0361212,87,-0.01,18.9,0,0,0.029,-0.011,-0.96,-2.8,0.9,0
84.0461212,89,-0.01,18.9,0,0,0.029,-0.011,-0.96,-2.8,0.9,0
84.0561212,90,-0.01,18.9,0,0,0.029,-0.011,-0.96,-2.8,0.9,0
84.0661212,90,0,18.9,0,0,0.028,-0.023,-1.061,0.6,-1.5,0
84.0761212,82,0,18.9,0,0,0.028,-0.023,-1.061,0.6,-1.5,0
84.0861212,85,0,18.9,0,0,0.028,-0.023,-1.061,0.6,-1.5,0
84.0961212,89,0,18.9,0,0,0.028,-0.023,-1.061,0.6,-1.5,0
84.1061212,83,0,18.9,0,0,0.028,-0.023,-1.061,0.6,-1.5,0
84.1161212,88,0,18.9,0,0,0.025,-0.016,-1.032,1.2,-0.6,0
84.1261212,90,0,18.9,0,0,0.025,-0.016,-1.032,1.2,-0.6,0
84.1361212,79,0,18.9,0,0,0.025,-0.016,-1.032,1.2,-0.6,0
84.1461212,80,0,18.9,0,0,0.025,-0.016,-1.032,1.2,-0.6,0
84.1561212,87,0,18.9,0,0,0.025,-0.016,-1.032,1.2,-0.6,0
84.1661212,85,0,18.8,0,0,0.036,0.001,-0.866,0.4,-0.8,0
84.1761212000001,88,0,18.8,0,0,0.036,0.001,-0.866,0.4,-0.8,0
84.1861212,87,0,18.8,0,0,0.036,0.001,-0.866,0.4,-0.8,0
84.1961212000001,79,0,18.8,0,0,0.036,0.001,-0.866,0.4,-0.8,0
84.2061212000001,84,0,18.8,0,0,0.036,0.001,-0.866,0.4,-0.8,0
84.2161212000001,89,0,18.8,0,0,0.023,-0.022,-1.098,-2.5,0.1,0
84.2261212000001,85,0,18.8,0,0,0.023,-0.022,-1.098,-2.5,0.1,0
84.2361212000001,89,0,18.8,0,0,0.023,-0.022,-1.098,-2.5,0.1,0
84.2461212000001,88,0,18.8,0,0,0.023,-0.022,-1.098,-2.5,0.1,0
84.2561212000001,84,0,18.8,0,0,0.023,-0.022,-1.098,-2.5,0.1,0
84.2661212000001,87,0,18.9,0,0,0.032,-0.015,-0.97,2,-0.9,0
84.2761212000001,85,0,18.9,0,0,0.032,-0.015,-0.97,2,-0.9,0
84.2861212000001,84,0,18.9,0,0,0.032,-0.015,-0.97,2,-0.9,0
84.2961212000001,90,0,18.9,0,0,0.032,-0.015,-0.97,2,-0.9,0
84.3061212000001,83,0,18.9,0,0,0.032,-0.015,-0.97,2,-0.9,0
84.3161212000001,79,0,18.9,0,0,0.025,-0.012,-1.033,2.1,-1.3,0
84.3261212000001,87,0,18.9,0,0,0.025,-0.012,-1.033,2.1,-1.3,0
84.3361212000001,88,0,18.9,0,0,0.025,-0.012,-1.033,2.1,-1.3,0
84.3461212000001,85,0,18.9,0,0,0.025,-0.012,-1.033,2.1,-1.3,0
84.3561212000001,87,0,18.9,0,0,0.025,-0.012,-1.033,2.1,-1.3,0
84.3661212000001,81,-0.01,18.9,0,0,0.034,-0.003,-0.904,-2,0.6,0
84.3761212000001,79,-0.01,18.9,0,0,0.034,-0.003,-0.904,-2,0.6,0
84.3861212000001,90,-0.01,18.9,0,0,0.034,-0.003,-0.904,-2,0.6,0
84.3961212000001,89,-0.01,18.9,0,0,0.034,-0.003,-0.904,-2,0.6,0
84.4061212000001,86,-0.01,18.9,0,0,0.034,-0.003,-0.904,-2,0.6,0
84.4161212000001,87,-0.01,18.8,0,0,0.024,-0.026,-1.106,-0.3,-1.2,0
84.4261212000001,84,-0.01,18.8,0,0,0.024,-0.026,-1.106,-0.3,-1.2,0
84.4361212000001,86,-0.01,18.8,0,0,0.024,-0.026,-1.106,-0.3,-1.2,0
84.4461212000001,88,-0.01,18.8,0,0,0.024,-0.026,-1.106,-0.3,-1.2,0
84.4561212000001,82,-0.01,18.8,0,0,0.024,-0.026,-1.106,-0.3,-1.2,0
84.4661212000001,86,-0.01,18.9,0,0,0.027,-0.016,-1.007,1,-0.5,0.1
84.4761212000001,88,-0.01,18.9,0,0,0.027,-0.016,-1.007,1,-0.5,0.1
84.4861212000001,79,-0.01,18.9,0,0,0.027,-0.016,-1.007,1,-0.5,0.1
84.4961212000001,80,-0.01,18.9,0,0,0.027,-0.016,-1.007,1,-0.5,0.1
84.5061212000001,85,-0.01,18.9,0,0,0.027,-0.016,-1.007,1,-0.5,0.1
84.5197288,86,0,18.9,0,0,0.035,0,-0.891,1.1,-1.2,0
84.5297288,93,0,18.9,0,0,0.035,0,-0.891,1.1,-1.2,0
84.5397288,93,0,18.9,0,0,0.035,0,-0.891,1.1,-1.2,0
84.5497288,77,0,18.9,0,0,0.035,0,-0.891,1.1,-1.2,0
84.5597288,80,0,18.9,0,0,0.035,0,-0.891,1.1,-1.2,0
84.5697288,89,0,18.9,0,0,0.025,-0.017,-1.056,-2.6,0.6,0
84.5797288,91,0,18.9,0,0,0.025,-0.017,-1.056,-2.6,0.6,0
84.5897288,92,0,18.9,0,0,0.025,-0.017,-1.056,-2.6,0.6,0
84.5997288,83,0,18.9,0,0,0.025,-0.017,-1.056,-2.6,0.6,0
84.6097288,81,0,18.9,0,0,0.025,-0.017,-1.056,-2.6,0.6,0
84.6197288,92,0,18.9,0,0,0.031,-0.02,-0.995,1.8,-1.2,0
84.6297288,91,0,18.9,0,0,0.031,-0.02,-0.995,1.8,-1.2,0
84.6397288,84,0,18.9,0,0,0.031,-0.02,-0.995,1.8,-1.2,0
84.6497288,87,0,18.9,0,0,0.031,-0.02,-0.995,1.8,-1.2,0
84.6597288,83,0,18.9,0,0,0.031,-0.02,-0.995,1.8,-1.2,0
84.689162,82,0,18.8,0,0,0.025,-0.012,-1.046,1.8,-1,0
84.699162,86,0,18.8,0,0,0.025,-0.012,-1.046,1.8,-1,0
84.709162,86,0,18.8,0,0,0.025,-0.012,-1.046,1.8,-1,0
84.719162,86,0,18.8,0,0,0.025,-0.012,-1.046,1.8,-1,0
84.729162,92,0,18.8,0,0,0.025,-0.012,-1.046,1.8,-1,0
84.739162,85,-0.01,18.8,0,0,0.037,0,-0.869,-1.2,0.2,0
84.749162,79,-0.01,18.8,0,0,0.037,0,-0.869,-1.2,0.2,0
84.759162,87,-0.01,18.8,0,0,0.037,0,-0.869,-1.2,0.2,0
84.769162,89,-0.01,18.8,0,0,0.037,0,-0.869,-1.2,0.2,0
84.779162,91,-0.01,18.8,0,0,0.037,0,-0.869,-1.2,0.2,0
84.789162,91,0,18.9,0,0,0.021,-0.026,-1.124,-1,-0.8,0
84.799162,82,0,18.9,0,0,0.021,-0.026,-1.124,-1,-0.8,0
84.809162,85,0,18.9,0,0,0.021,-0.026,-1.124,-1,-0.8,0
84.819162,88,0,18.9,0,0,0.021,-0.026,-1.124,-1,-0.8,0
84.829162,83,0,18.9,0,0,0.021,-0.026,-1.124,-1,-0.8,0
84.839162,87,0,18.9,0,0,0.032,-0.015,-0.976,1.3,-0.5,0
84.849162,90,0,18.9,0,0,0.032,-0.015,-0.976,1.3,-0.5,0
84.859162,79,0,18.9,0,0,0.032,-0.015,-0.976,1.3,-0.5,0
84.869162,81,0,18.9,0,0,0.032,-0.015,-0.976,1.3,-0.5,0
84.879162,87,0,18.9,0,0,0.032,-0.015,-0.976,1.3,-0.5,0
84.889162,85,0,18.9,0,0,0.03,0,-0.945,1.7,-1.5,0
84.899162,88,0,18.9,0,0,0.03,0,-0.945,1.7,-1.5,0
84.909162,88,0,18.9,0,0,0.03,0,-0.945,1.7,-1.5,0
84.919162,79,0,18.9,0,0,0.03,0,-0.945,1.7,-1.5,0
84.929162,83,0,18.9,0,0,0.03,0,-0.945,1.7,-1.5,0
84.9391620000001,88,0.01,18.8,0,0,0.028,-0.011,-0.984,-2.7,1,0
84.9491620000001,85,0.01,18.8,0,0,0.028,-0.011,-0.984,-2.7,1,0
84.959162,90,0.01,18.8,0,0,0.028,-0.011,-0.984,-2.7,1,0
84.9691620000001,87,0.01,18.8,0,0,0.028,-0.011,-0.984,-2.7,1,0
84.9791620000001,84,0.01,18.8,0,0,0.028,-0.011,-0.984,-2.7,1,0
84.9891620000001,87,0,18.8,0,0,0.028,-0.023,-1.041,1.5,-1.4,0
84.9991620000001,84,0,18.8,0,0,0.028,-0.023,-1.041,1.5,-1.4,0
85.0091620000001,84,0,18.8,0,0,0.028,-0.023,-1.041,1.5,-1.4,0
85.0191620000001,90,0,18.8,0,0,0.028,-0.023,-1.041,1.5,-1.4,0
85.0291620000001,83,0,18.8,0,0,0.028,-0.023,-1.041,1.5,-1.4,0
85.0391620000001,79,0,18.8,0,0,0.026,-0.013,-1.041,1.5,-0.7,0.1
85.0491620000001,87,0,18.8,0,0,0.026,-0.013,-1.041,1.5,-0.7,0.1
85.0591620000001,88,0,18.8,0,0,0.026,-0.013,-1.041,1.5,-0.7,0.1
85.0691620000001,85,0,18.8,0,0,0.026,-0.013,-1.041,1.5,-0.7,0.1
85.0791620000001,87,0,18.8,0,0,0.026,-0.013,-1.041,1.5,-0.7,0.1
85.0891620000001,80,-0.01,18.9,0,0,0.035,0.001,-0.865,0,-0.4,0
85.0991620000001,78,-0.01,18.9,0,0,0.035,0.001,-0.865,0,-0.4,0
85.1091620000001,89,-0.01,18.9,0,0,0.035,0.001,-0.865,0,-0.4,0
85.1191620000001,89,-0.01,18.9,0,0,0.035,0.001,-0.865,0,-0.4,0
85.1291620000001,87,-0.01,18.9,0,0,0.035,0.001,-0.865,0,-0.4,0
85.1391620000001,87,0,18.8,0,0,0.022,-0.025,-1.122,-2.1,-0.1,0
85.1491620000001,82,0,18.8,0,0,0.022,-0.025,-1.122,-2.1,-0.1,0
85.1591620000001,86,0,18.8,0,0,0.022,-0.025,-1.122,-2.1,-0.1,0
85.1691620000001,88,0,18.8,0,0,0.022,-0.025,-1.122,-2.1,-0.1,0
85.1791620000001,83,0,18.8,0,0,0.022,-0.025,-1.122,-2.1,-0.1,0
85.1891620000001,86,-0.01,18.8,0,0,0.032,-0.015,-0.968,1.5,-0.8,0
85.1991620000001,88,-0.01,18.8,0,0,0.032,-0.015,-0.968,1.5,-0.8,0
85.2091620000001,79,-0.01,18.8,0,0,0.032,-0.015,-0.968,1.5,-0.8,0
85.2191620000001,81,-0.01,18.8,0,0,0.032,-0.015,-0.968,1.5,-0.8,0
85.2291620000001,86,-0.01,18.8,0,0,0.032,-0.015,-0.968,1.5,-0.8,0
85.2391620000001,86,0,18.8,0,0,0.026,-0.003,-0.98,2,-1.7,0
85.2491620000001,91,0,18.8,0,0,0.026,-0.003,-0.98,2,-1.7,0
85.2591620000001,90,0,18.8,0,0,0.026,-0.003,-0.98,2,-1.7,0
85.2691620000001,76,0,18.8,0,0,0.026,-0.003,-0.98,2,-1.7,0
85.2791620000001,80,0,18.8,0,0,0.026,-0.003,-0.98,2,-1.7,0
85.2891620000001,93,0.01,18.8,0,0,0.033,-0.009,-0.936,-2.3,0.9,0
85.2991620000001,90,0.01,18.8,0,0,0.033,-0.009,-0.936,-2.3,0.9,0
85.3091620000001,87,0.01,18.8,0,0,0.033,-0.009,-0.936,-2.3,0.9,0
85.3191620000001,82,0.01,18.8,0,0,0.033,-0.009,-0.936,-2.3,0.9,0
85.3291620000001,81,0.01,18.8,0,0,0.033,-0.009,-0.936,-2.3,0.9,0
85.3391620000001,92,0,18.9,0,0,0.026,-0.025,-1.079,0.9,-1.3,0
85.3491620000001,91,0,18.9,0,0,0.026,-0.025,-1.079,0.9,-1.3,0
85.3591620000001,84,0,18.9,0,0,0.026,-0.025,-1.079,0.9,-1.3,0
85.3691620000001,87,0,18.9,0,0,0.026,-0.025,-1.079,0.9,-1.3,0
85.3791620000002,83,0,18.9,0,0,0.026,-0.025,-1.079,0.9,-1.3,0
85.3891620000002,82,0,18.8,0,0,0.028,-0.015,-1.025,1.5,-0.6,0
85.3991620000002,86,0,18.8,0,0,0.028,-0.015,-1.025,1.5,-0.6,0
85.4091620000002,86,0,18.8,0,0,0.028,-0.015,-1.025,1.5,-0.6,0
85.4191620000002,92,0,18.8,0,0,0.028,-0.015,-1.025,1.5,-0.6,0
85.4291620000002,93,0,18.8,0,0,0.028,-0.015,-1.025,1.5,-0.6,0
85.4391620000002,80,0,18.8,0,0,0.035,0.001,-0.879,0.7,-0.9,0
85.4491620000002,78,0,18.8,0,0,0.035,0.001,-0.879,0.7,-0.9,0
85.4591620000002,87,0,18.8,0,0,0.035,0.001,-0.879,0.7,-0.9,0
85.4691620000002,89,0,18.8,0,0,0.035,0.001,-0.879,0.7,-0.9,0
85.4791620000002,90,0,18.8,0,0,0.035,0.001,-0.879,0.7,-0.9,0
85.4891620000002,90,-0.01,18.8,0,0,0.024,-0.024,-1.09,-2.6,0.3,0
85.4991620000002,83,-0.01,18.8,0,0,0.024,-0.024,-1.09,-2.6,0.3,0
85.5091620000002,85,-0.01,18.8,0,0,0.024,-0.024,-1.09,-2.6,0.3,0
85.5191620000002,88,-0.01,18.8,0,0,0.024,-0.024,-1.09,-2.6,0.3,0
85.5291620000002,84,-0.01,18.8,0,0,0.024,-0.024,-1.09,-2.6,0.3,0
85.5391620000002,88,0,18.8,0,0,0.03,-0.018,-0.972,1.7,-1,0
85.5491620000002,90,0,18.8,0,0,0.03,-0.018,-0.972,1.7,-1,0
85.5591620000002,79,0,18.8,0,0,0.03,-0.018,-0.972,1.7,-1,0
85.5691620000002,80,0,18.8,0,0,0.03,-0.018,-0.972,1.7,-1,0
85.5791620000002,87,0,18.8,0,0,0.03,-0.018,-0.972,1.7,-1,0
85.5891620000002,85,0,18.8,0,0,0.024,-0.009,-1.027,2,-1.4,0
85.5991620000002,88,0,18.8,0,0,0.024,-0.009,-1.027,2,-1.4,0
85.6091620000002,86,0,18.8,0,0,0.024,-0.009,-1.027,2,-1.4,0
85.6191620000002,79,0,18.8,0,0,0.024,-0.009,-1.027,2,-1.4,0
85.6291620000002,84,0,18.8,0,0,0.024,-0.009,-1.027,2,-1.4,0
85.6391620000002,87,0,18.8,0,0,0.036,-0.001,-0.887,-1.4,0.5,0
85.6491620000002,83,0,18.8,0,0,0.036,-0.001,-0.887,-1.4,0.5,0
85.6591620000002,88,0,18.8,0,0,0.036,-0.001,-0.887,-1.4,0.5,0
85.6691620000002,87,0,18.8,0,0,0.036,-0.001,-0.887,-1.4,0.5,0
85.6791620000002,83,0,18.8,0,0,0.036,-0.001,-0.887,-1.4,0.5,0
85.6891620000002,86,0,18.8,0,0,0.022,-0.027,-1.114,0.1,-1,0
85.6991620000002,85,0,18.8,0,0,0.022,-0.027,-1.114,0.1,-1,0
85.7091620000002,84,0,18.8,0,0,0.022,-0.027,-1.114,0.1,-1,0
85.7191620000002,91,0,18.8,0,0,0.022,-0.027,-1.114,0.1,-1,0
85.7291620000002,83,0,18.8,0,0,0.022,-0.027,-1.114,0.1,-1,0
85.7391620000002,78,0,18.9,0,0,0.03,-0.014,-0.993,1.4,-0.4,0
85.7491620000002,87,0,18.9,0,0,0.03,-0.014,-0.993,1.4,-0.4,0
85.7591620000002,88,0,18.9,0,0,0.03,-0.014,-0.993,1.4,-0.4,0
85.7691620000002,86,0,18.9,0,0,0.03,-0.014,-0.993,1.4,-0.4,0
85.7791620000002,87,0,18.9,0,0,0.03,-0.014,-0.993,1.4,-0.4,0
85.7891620000002,81,-0.01,18.9,0,0,0.034,-0.001,-0.919,1.4,-1.3,0
85.7991620000003,79,-0.01,18.9,0,0,0.034,-0.001,-0.919,1.4,-1.3,0
85.8091620000002,90,-0.01,18.9,0,0,0.034,-0.001,-0.919,1.4,-1.3,0
85.8191620000002,90,-0.01,18.9,0,0,0.034,-0.001,-0.919,1.4,-1.3,0
85.8291620000003,87,-0.01,18.9,0,0,0.034,-0.001,-0.919,1.4,-1.3,0
85.8391620000003,87,0,18.9,0,0,0.025,-0.018,-1.044,-3.1,0.6,0
85.8491620000003,83,0,18.9,0,0,0.025,-0.018,-1.044,-3.1,0.6,0
85.8591620000003,86,0,18.9,0,0,0.025,-0.018,-1.044,-3.1,0.6,0
85.8691620000003,88,0,18.9,0,0,0.025,-0.018,-1.044,-3.1,0.6,0
85.8791620000003,82,0,18.9,0,0,0.025,-0.018,-1.044,-3.1,0.6,0
85.8891620000003,86,0,18.9,0,0,0.029,-0.02,-0.995,1.4,-1.2,0
85.8991620000003,88,0,18.9,0,0,0.029,-0.02,-0.995,1.4,-1.2,0
85.9091620000003,79,0,18.9,0,0,0.029,-0.02,-0.995,1.4,-1.2,0
85.9191620000003,81,0,18.9,0,0,0.029,-0.02,-0.995,1.4,-1.2,0
85.9291620000003,86,0,18.9,0,0,0.029,-0.02,-0.995,1.4,-1.2,0
85.9391620000003,85,0,18.8,0,0,0.025,-0.009,-1.038,2,-1.1,0
85.9491620000003,91,0,18.8,0,0,0.025,-0.009,-1.038,2,-1.1,0
85.9591620000003,90,0,18.8,0,0,0.025,-0.009,-1.038,2,-1.1,0
85.9691620000003,76,0,18.8,0,0,0.025,-0.009,-1.038,2,-1.1,0
85.9791620000003,80,0,18.8,0,0,0.025,-0.009,-1.038,2,-1.1,0
85.9891620000003,93,0,18.9,0,0,0.036,-0.001,-0.867,-0.5,0.1,0
85.9991620000003,90,0,18.9,0,0,0.036,-0.001,-0.867,-0.5,0.1,0
86.0091620000003,87,0,18.9,0,0,0.036,-0.001,-0.867,-0.5,0.1,0
86.0191620000003,82,0,18.9,0,0,0.036,-0.001,-0.867,-0.5,0.1,0
86.0291620000003,81,0,18.9,0,0,0.036,-0.001,-0.867,-0.5,0.1,0
86.0391620000003,93,0,18.9,0,0,0.021,-0.026,-1.131,-0.7,-0.6,0
86.0491620000003,91,0,18.9,0,0,0.021,-0.026,-1.131,-0.7,-0.6,0
86.0591620000003,84,0,18.9,0,0,0.021,-0.026,-1.131,-0.7,-0.6,0
86.0691620000003,87,0,18.9,0,0,0.021,-0.026,-1.131,-0.7,-0.6,0
86.0791620000003,84,0,18.9,0,0,0.021,-0.026,-1.131,-0.7,-0.6,0
86.0891620000003,82,0,18.9,0,0,0.032,-0.014,-0.975,1.7,-0.6,0
86.0991620000003,86,0,18.9,0,0,0.032,-0.014,-0.975,1.7,-0.6,0
86.1091620000003,86,0,18.9,0,0,0.032,-0.014,-0.975,1.7,-0.6,0
86.1191620000003,92,0,18.9,0,0,0.032,-0.014,-0.975,1.7,-0.6,0
86.1291620000003,93,0,18.9,0,0,0.032,-0.014,-0.975,1.7,-0.6,0
86.1391620000003,80,-0.01,18.9,0,0,0.029,-0.003,-0.962,1.7,-1.5,0
86.1491620000003,82,-0.01,18.9,0,0,0.029,-0.003,-0.962,1.7,-1.5,0
86.1591620000003,88,-0.01,18.9,0,0,0.029,-0.003,-0.962,1.7,-1.5,0
86.1691620000003,86,-0.01,18.9,0,0,0.029,-0.003,-0.962,1.7,-1.5,0
86.1791620000003,90,-0.01,18.9,0,0,0.029,-0.003,-0.962,1.7,-1.5,0
86.1891620000003,90,-0.01,18.8,0,0,0.028,-0.014,-0.986,-2.8,0.7,0
86.1991620000003,83,-0.01,18.8,0,0,0.028,-0.014,-0.986,-2.8,0.7,0
86.2091620000003,85,-0.01,18.8,0,0,0.028,-0.014,-0.986,-2.8,0.7,0
86.2191620000003,88,-0.01,18.8,0,0,0.028,-0.014,-0.986,-2.8,0.7,0
86.2291620000003,83,-0.01,18.8,0,0,0.028,-0.014,-0.986,-2.8,0.7,0
86.2391620000003,87,0,18.8,0,0,0.028,-0.02,-1.031,1.3,-1.5,0
86.2491620000004,90,0,18.8,0,0,0.028,-0.02,-1.031,1.3,-1.5,0
86.2591620000003,79,0,18.8,0,0,0.028,-0.02,-1.031,1.3,-1.5,0
86.2691620000003,81,0,18.8,0,0,0.028,-0.02,-1.031,1.3,-1.5,0
86.2791620000004,87,0,18.8,0,0,0.028,-0.02,-1.031,1.3,-1.5,0
86.2891620000004,86,0,18.8,0,0,0.025,-0.013,-1.037,1.8,-0.8,0
86.2991620000004,88,0,18.8,0,0,0.025,-0.013,-1.037,1.8,-0.8,0
86.3091620000004,86,0,18.8,0,0,0.025,-0.013,-1.037,1.8,-0.8,0
86.3191620000004,80,0,18.8,0,0,0.025,-0.013,-1.037,1.8,-0.8,0
86.3291620000004,85,0,18.8,0,0,0.025,-0.013,-1.037,1.8,-0.8,0
86.3391620000004,87,0,18.8,0,0,0.036,0.001,-0.868,0.5,-0.4,0
86.3491620000004,83,0,18.8,0,0,0.036,0.001,-0.868,0.5,-0.4,0
86.3591620000004,88,0,18.8,0,0,0.036,0.001,-0.868,0.5,-0.4,0
86.3691620000004,87,0,18.8,0,0,0.036,0.001,-0.868,0.5,-0.4,0
86.3791620000004,83,0,18.8,0,0,0.036,0.001,-0.868,0.5,-0.4,0
86.3891620000004,87,0,18.8,0,0,0.022,-0.025,-1.124,-1.8,0,0
86.3991620000004,85,0,18.8,0,0,0.022,-0.025,-1.124,-1.8,0,0
86.4091620000004,84,0,18.8,0,0,0.022,-0.025,-1.124,-1.8,0,0
86.4191620000004,91,0,18.8,0,0,0.022,-0.025,-1.124,-1.8,0,0
86.4291620000004,83,0,18.8,0,0,0.022,-0.025,-1.124,-1.8,0,0
86.4391620000004,79,0,18.9,0,0,0.032,-0.016,-0.966,1.7,-0.9,0
86.4491620000004,87,0,18.9,0,0,0.032,-0.016,-0.966,1.7,-0.9,0
86.4591620000004,88,0,18.9,0,0,0.032,-0.016,-0.966,1.7,-0.9,0
86.4691620000004,86,0,18.9,0,0,0.032,-0.016,-0.966,1.7,-0.9,0
86.4791620000004,87,0,18.9,0,0,0.032,-0.016,-0.966,1.7,-0.9,0
86.4891620000004,81,-0.01,18.9,0,0,0.025,-0.008,-1.014,1.8,-1.5,0
86.4991620000004,79,-0.01,18.9,0,0,0.025,-0.008,-1.014,1.8,-1.5,0
86.5091620000004,89,-0.01,18.9,0,0,0.025,-0.008,-1.014,1.8,-1.5,0
86.5191620000004,90,-0.01,18.9,0,0,0.025,-0.008,-1.014,1.8,-1.5,0
86.5291620000004,87,-0.01,18.9,0,0,0.025,-0.008,-1.014,1.8,-1.5,0
86.5391620000004,87,0,18.9,0,0,0.033,-0.007,-0.926,-2.3,0.7,0
86.5491620000004,83,0,18.9,0,0,0.033,-0.007,-0.926,-2.3,0.7,0
86.5591620000004,86,0,18.9,0,0,0.033,-0.007,-0.926,-2.3,0.7,0
86.5691620000004,88,0,18.9,0,0,0.033,-0.007,-0.926,-2.3,0.7,0
86.5791620000004,83,0,18.9,0,0,0.033,-0.007,-0.926,-2.3,0.7,0
86.5891620000004,86,0,18.9,0,0,0.026,-0.013,-1.071,0.7,-1.4,0
86.5991620000004,87,0,18.9,0,0,0.026,-0.013,-1.071,0.7,-1.4,0
86.6091620000004,79,0,18.9,0,0,0.026,-0.013,-1.071,0.7,-1.4,0
86.6191620000004,80,0,18.9,0,0,0.026,-0.013,-1.071,0.7,-1.4,0
86.6291620000004,85,0,18.9,0,0,0.026,-0.013,-1.071,0.7,-1.4,0
86.6391620000004,86,0,18.8,0,0,0.036,0.002,-0.861,-1,-0.1,0
86.6491620000004,92,0,18.8,0,0,0.036,0.002,-0.861,-1,-0.1,0
86.6591620000004,90,0,18.8,0,0,0.036,0.002,-0.861,-1,-0.1,0
86.6691620000004,76,0,18.8,0,0,0.036,0.002,-0.861,-1,-0.1,0
86.6791620000004,80,0,18.8,0,0,0.036,0.002,-0.861,-1,-0.1,0
86.6891620000005,93,0,18.9,0,0,0.02,-0.026,-1.128,-1.5,-0.4,0
86.6991620000005,91,0,18.9,0,0,0.02,-0.026,-1.128,-1.5,-0.4,0
86.7091620000004,87,0,18.9,0,0,0.02,-0.026,-1.128,-1.5,-0.4,0
86.7191620000005,82,0,18.9,0,0,0.02,-0.026,-1.128,-1.5,-0.4,0
86.7291620000005,81,0,18.9,0,0,0.02,-0.026,-1.128,-1.5,-0.4,0
86.7391620000005,92,0,18.9,0,0,0.032,-0.014,-0.968,1.8,-0.6,0
86.7491620000005,91,0,18.9,0,0,0.032,-0.014,-0.968,1.8,-0.6,0
86.7591620000005,85,0,18.9,0,0,0.032,-0.014,-0.968,1.8,-0.6,0
86.7691620000005,87,0,18.9,0,0,0.032,-0.014,-0.968,1.8,-0.6,0
86.7791620000005,83,0,18.9,0,0,0.032,-0.014,-0.968,1.8,-0.6,0
86.7891620000005,82,0,18.8,0,0,0.029,-0.007,-0.982,2,-1.4,0
86.7991620000005,86,0,18.8,0,0,0.029,-0.007,-0.982,2,-1.4,0
86.8091620000005,86,0,18.8,0,0,0.029,-0.007,-0.982,2,-1.4,0
86.8191620000005,91,0,18.8,0,0,0.029,-0.007,-0.982,2,-1.4,0
86.8291620000005,92,0,18.8,0,0,0.029,-0.007,-0.982,2,-1.4,0
86.8391620000005,80,-0.01,18.9,0,0,0.029,-0.011,-0.976,-2.9,0.9,0
86.8491620000005,82,-0.01,18.9,0,0,0.029,-0.011,-0.976,-2.9,0.9,0
86.8591620000005,87,-0.01,18.9,0,0,0.029,-0.011,-0.976,-2.9,0.9,0
86.8691620000005,86,-0.01,18.9,0,0,0.029,-0.011,-0.976,-2.9,0.9,0
86.8791620000005,90,-0.01,18.9,0,0,0.029,-0.011,-0.976,-2.9,0.9,0
86.8891620000005,90,0,18.9,0,0,0.027,-0.024,-1.053,0.7,-1.5,0
86.8991620000005,83,0,18.9,0,0,0.027,-0.024,-1.053,0.7,-1.5,0
86.9091620000005,85,0,18.9,0,0,0.027,-0.024,-1.053,0.7,-1.5,0
86.9191620000005,88,0,18.9,0,0,0.027,-0.024,-1.053,0.7,-1.5,0
86.9291620000005,83,0,18.9,0,0,0.027,-0.024,-1.053,0.7,-1.5,0
86.9391620000005,88,0,18.8,0,0,0.026,-0.014,-1.032,1.1,-0.7,0.1
86.9491620000005,90,0,18.8,0,0,0.026,-0.014,-1.032,1.1,-0.7,0.1
86.9591620000005,79,0,18.8,0,0,0.026,-0.014,-1.032,1.1,-0.7,0.1
86.9691620000005,80,0,18.8,0,0,0.026,-0.014,-1.032,1.1,-0.7,0.1
86.9791620000005,87,0,18.8,0,0,0.026,-0.014,-1.032,1.1,-0.7,0.1
86.9891620000005,86,0,18.8,0,0,0.035,0.002,-0.865,0.1,-0.6,0
86.9991620000005,88,0,18.8,0,0,0.035,0.002,-0.865,0.1,-0.6,0
87.0091620000005,86,0,18.8,0,0,0.035,0.002,-0.865,0.1,-0.6,0
87.0191620000005,79,0,18.8,0,0,0.035,0.002,-0.865,0.1,-0.6,0
87.0291620000005,85,0,18.8,0,0,0.035,0.002,-0.865,0.1,-0.6,0
87.0391620000005,88,0,18.9,0,0,0.022,-0.022,-1.106,-2.4,0.1,0
87.0491620000005,85,0,18.9,0,0,0.022,-0.022,-1.106,-2.4,0.1,0
87.0591620000005,90,0,18.9,0,0,0.022,-0.022,-1.106,-2.4,0.1,0
87.0691620000005,87,0,18.9,0,0,0.022,-0.022,-1.106,-2.4,0.1,0
87.0791620000005,84,0,18.9,0,0,0.022,-0.022,-1.106,-2.4,0.1,0
87.0891620000005,87,0,18.9,0,0,0.032,-0.018,-0.966,2,-0.9,0
87.0991620000005,85,0,18.9,0,0,0.032,-0.018,-0.966,2,-0.9,0
87.1091620000005,84,0,18.9,0,0,0.032,-0.018,-0.966,2,-0.9,0
87.1191620000005,90,0,18.9,0,0,0.032,-0.018,-0.966,2,-0.9,0
87.1291620000005,82,0,18.9,0,0,0.032,-0.018,-0.966,2,-0.9,0
87.14068,81,-0.01,18.8,0,0,0.033,-0.007,-0.918,-2.1,0.7,0
87.15068,79,-0.01,18.8,0,0,0.033,-0.007,-0.918,-2.1,0.7,0
87.16068,90,-0.01,18.8,0,0,0.033,-0.007,-0.918,-2.1,0.7,0
87.17068,90,-0.01,18.8,0,0,0.033,-0.007,-0.918,-2.1,0.7,0
87.18068,87,-0.01,18.8,0,0,0.033,-0.007,-0.918,-2.1,0.7,0
87.19068,87,-0.01,18.8,0,0,0.025,-0.025,-1.098,0,-1.4,0
87.20068,83,-0.01,18.8,0,0,0.025,-0.025,-1.098,0,-1.4,0
87.21068,86,-0.01,18.8,0,0,0.025,-0.025,-1.098,0,-1.4,0
87.22068,88,-0.01,18.8,0,0,0.025,-0.025,-1.098,0,-1.4,0
87.23068,83,-0.01,18.8,0,0,0.025,-0.025,-1.098,0,-1.4,0
87.24068,86,-0.01,18.8,0,0,0.028,-0.015,-1.008,1.1,-0.4,0
87.25068,88,-0.01,18.8,0,0,0.028,-0.015,-1.008,1.1,-0.4,0
87.26068,79,-0.01,18.8,0,0,0.028,-0.015,-1.008,1.1,-0.4,0
87.27068,81,-0.01,18.8,0,0,0.028,-0.015,-1.008,1.1,-0.4,0
87.28068,86,-0.01,18.8,0,0,0.028,-0.015,-1.008,1.1,-0.4,0
87.29068,85,0,18.8,0,0,0.035,0.001,-0.883,0.9,-1.2,0
87.30068,92,0,18.8,0,0,0.035,0.001,-0.883,0.9,-1.2,0
87.31068,92,0,18.8,0,0,0.035,0.001,-0.883,0.9,-1.2,0
87.32068,77,0,18.8,0,0,0.035,0.001,-0.883,0.9,-1.2,0
87.33068,80,0,18.8,0,0,0.035,0.001,-0.883,0.9,-1.2,0
87.3649733,93,0,18.8,0,0,0.025,-0.02,-1.072,-2.7,0.5,0
87.3749733,90,0,18.8,0,0,0.025,-0.02,-1.072,-2.7,0.5,0
87.3849733,87,0,18.8,0,0,0.025,-0.02,-1.072,-2.7,0.5,0
87.3949733,82,0,18.8,0,0,0.025,-0.02,-1.072,-2.7,0.5,0
87.4049733,81,0,18.8,0,0,0.025,-0.02,-1.072,-2.7,0.5,0
87.4365846,82,0,18.8,0,0,0.025,-0.01,-1.043,1.8,-1,0.1
87.4465846,86,0,18.8,0,0,0.025,-0.01,-1.043,1.8,-1,0.1
87.4565846,86,0,18.8,0,0,0.025,-0.01,-1.043,1.8,-1,0.1
87.4665846,91,0,18.8,0,0,0.025,-0.01,-1.043,1.8,-1,0.1
87.4765846,93,0,18.8,0,0,0.025,-0.01,-1.043,1.8,-1,0.1
87.5165748,80,-0.01,18.8,0,0,0.036,-0.002,-0.877,-1.4,0.3,0
87.5265748,82,-0.01,18.8,0,0,0.036,-0.002,-0.877,-1.4,0.3,0
87.5365748,88,-0.01,18.8,0,0,0.036,-0.002,-0.877,-1.4,0.3,0
87.5465748,86,-0.01,18.8,0,0,0.036,-0.002,-0.877,-1.4,0.3,0
87.5565748,90,-0.01,18.8,0,0,0.036,-0.002,-0.877,-1.4,0.3,0
87.5665748,90,-0.01,18.8,0,0,0.023,-0.026,-1.122,-0.7,-1,0
87.5765748,83,-0.01,18.8,0,0,0.023,-0.026,-1.122,-0.7,-1,0
87.5865748,85,-0.01,18.8,0,0,0.023,-0.026,-1.122,-0.7,-1,0
87.5965748,88,-0.01,18.8,0,0,0.023,-0.026,-1.122,-0.7,-1,0
87.6065748,84,-0.01,18.8,0,0,0.023,-0.026,-1.122,-0.7,-1,0
87.6165748,88,0,18.9,0,0,0.03,-0.013,-0.98,1.3,-0.6,0
87.6265748,90,0,18.9,0,0,0.03,-0.013,-0.98,1.3,-0.6,0
87.6365748,79,0,18.9,0,0,0.03,-0.013,-0.98,1.3,-0.6,0
87.6465748,80,0,18.9,0,0,0.03,-0.013,-0.98,1.3,-0.6,0
87.6565748,87,0,18.9,0,0,0.03,-0.013,-0.98,1.3,-0.6,0
87.6665748,85,0,18.9,0,0,0.031,-0.001,-0.935,1.7,-1.5,0
87.6765748,88,0,18.9,0,0,0.031,-0.001,-0.935,1.7,-1.5,0
87.6865748,85,0,18.9,0,0,0.031,-0.001,-0.935,1.7,-1.5,0
87.6965748,79,0,18.9,0,0,0.031,-0.001,-0.935,1.7,-1.5,0
87.7065748,86,0,18.9,0,0,0.031,-0.001,-0.935,1.7,-1.5,0
87.7165748,87,0,18.9,0,0,0.028,-0.015,-1.003,-2.8,0.9,0
87.7265748000001,83,0,18.9,0,0,0.028,-0.015,-1.003,-2.8,0.9,0
87.7365748,88,0,18.9,0,0,0.028,-0.015,-1.003,-2.8,0.9,0
87.7465748,87,0,18.9,0,0,0.028,-0.015,-1.003,-2.8,0.9,0
87.7565748000001,83,0,18.9,0,0,0.028,-0.015,-1.003,-2.8,0.9,0
87.7665748000001,87,0,18.8,0,0,0.029,-0.022,-1.023,1.7,-1.4,0
87.7765748000001,85,0,18.8,0,0,0.029,-0.022,-1.023,1.7,-1.4,0
87.7865748000001,84,0,18.8,0,0,0.029,-0.022,-1.023,1.7,-1.4,0
87.7965748000001,91,0,18.8,0,0,0.029,-0.022,-1.023,1.7,-1.4,0
87.8065748000001,83,0,18.8,0,0,0.029,-0.022,-1.023,1.7,-1.4,0
87.8165748000001,79,0,18.9,0,0,0.024,-0.014,-1.043,1.5,-0.8,0.1
87.8265748000001,87,0,18.9,0,0,0.024,-0.014,-1.043,1.5,-0.8,0.1
87.8365748000001,88,0,18.9,0,0,0.024,-0.014,-1.043,1.5,-0.8,0.1
87.8465748000001,86,0,18.9,0,0,0.024,-0.014,-1.043,1.5,-0.8,0.1
87.8565748000001,87,0,18.9,0,0,0.024,-0.014,-1.043,1.5,-0.8,0.1
87.8665748000001,81,-0.01,18.9,0,0,0.037,0,-0.864,-0.3,-0.2,0
87.8765748000001,78,-0.01,18.9,0,0,0.037,0,-0.864,-0.3,-0.2,0
87.8865748000001,90,-0.01,18.9,0,0,0.037,0,-0.864,-0.3,-0.2,0
87.8965748000001,89,-0.01,18.9,0,0,0.037,0,-0.864,-0.3,-0.2,0
87.9065748000001,85,-0.01,18.9,0,0,0.037,0,-0.864,-0.3,-0.2,0
87.9165748000001,86,-0.01,18.9,0,0,0.021,-0.026,-1.128,-1.8,-0.4,0
87.9265748000001,83,-0.01,18.9,0,0,0.021,-0.026,-1.128,-1.8,-0.4,0
87.9365748000001,86,-0.01,18.9,0,0,0.021,-0.026,-1.128,-1.8,-0.4,0
87.9465748000001,88,-0.01,18.9,0,0,0.021,-0.026,-1.128,-1.8,-0.4,0
87.9565748000001,83,-0.01,18.9,0,0,0.021,-0.026,-1.128,-1.8,-0.4,0
87.9665748000001,86,0,18.9,0,0,0.032,-0.016,-0.97,1.4,-0.6,0.1
87.9765748000001,88,0,18.9,0,0,0.032,-0.016,-0.97,1.4,-0.6,0.1
87.9865748000001,79,0,18.9,0,0,0.032,-0.016,-0.97,1.4,-0.6,0.1
87.9965748000001,80,0,18.9,0,0,0.032,-0.016,-0.97,1.4,-0.6,0.1
88.0065748000001,85,0,18.9,0,0,0.032,-0.016,-0.97,1.4,-0.6,0.1
88.0256263,93,0,18.9,0,0,0.031,-0.01,-0.959,-2.5,1,0
88.0356263,91,0,18.9,0,0,0.031,-0.01,-0.959,-2.5,1,0
88.0456263,86,0,18.9,0,0,0.031,-0.01,-0.959,-2.5,1,0
88.0556263,81,0,18.9,0,0,0.031,-0.01,-0.959,-2.5,1,0
88.0656263,81,0,18.9,0,0,0.031,-0.01,-0.959,-2.5,1,0
88.1058437,93,0,18.9,0,0,0.027,-0.025,-1.062,1.2,-1.4,0
88.1158437,91,0,18.9,0,0,0.027,-0.025,-1.062,1.2,-1.4,0
88.1258437,84,0,18.9,0,0,0.027,-0.025,-1.062,1.2,-1.4,0
88.1358437,87,0,18.9,0,0,0.027,-0.025,-1.062,1.2,-1.4,0
88.1458437,83,0,18.9,0,0,0.027,-0.025,-1.062,1.2,-1.4,0
88.1558437,82,0,18.8,0,0,0.026,-0.014,-1.031,1.5,-0.6,0
88.1658437,86,0,18.8,0,0,0.026,-0.014,-1.031,1.5,-0.6,0
88.1758437,86,0,18.8,0,0,0.026,-0.014,-1.031,1.5,-0.6,0
88.1858437,91,0,18.8,0,0,0.026,-0.014,-1.031,1.5,-0.6,0
88.1958437,92,0,18.8,0,0,0.026,-0.014,-1.031,1.5,-0.6,0
88.2058437,80,-0.01,18.8,0,0,0.036,0.002,-0.87,0.4,-0.7,0
88.2158437,82,-0.01,18.8,0,0,0.036,0.002,-0.87,0.4,-0.7,0
88.2258437,87,-0.01,18.8,0,0,0.036,0.002,-0.87,0.4,-0.7,0
88.2358437,86,-0.01,18.8,0,0,0.036,0.002,-0.87,0.4,-0.7,0
88.2458437,90,-0.01,18.8,0,0,0.036,0.002,-0.87,0.4,-0.7,0
88.2638674,90,-0.01,18.8,0,0,0.021,-0.025,-1.104,-2.3,0,0
88.2738674,82,-0.01,18.8,0,0,0.021,-0.025,-1.104,-2.3,0,0
88.2838674,85,-0.01,18.8,0,0,0.021,-0.025,-1.104,-2.3,0,0
88.2938674,89,-0.01,18.8,0,0,0.021,-0.025,-1.104,-2.3,0,0
88.3038674,83,-0.01,18.8,0,0,0.021,-0.025,-1.104,-2.3,0,0
88.3138674,88,0,18.9,0,0,0.034,-0.016,-0.961,1.7,-1,0
88.3238674,91,0,18.9,0,0,0.034,-0.016,-0.961,1.7,-1,0
88.3338674,79,0,18.9,0,0,0.034,-0.016,-0.961,1.7,-1,0
88.3438674,80,0,18.9,0,0,0.034,-0.016,-0.961,1.7,-1,0
88.3538674,87,0,18.9,0,0,0.034,-0.016,-0.961,1.7,-1,0
88.3638674,86,0,18.8,0,0,0.026,-0.006,-1.014,2,-1.5,0
88.3738674,88,0,18.8,0,0,0.026,-0.006,-1.014,2,-1.5,0
88.3838674,84,0,18.8,0,0,0.026,-0.006,-1.014,2,-1.5,0
88.3938674,79,0,18.8,0,0,0.026,-0.006,-1.014,2,-1.5,0
88.4038674,86,0,18.8,0,0,0.026,-0.006,-1.014,2,-1.5,0
88.4138674,88,0,18.9,0,0,0.033,-0.003,-0.898,-1.7,0.7,0
88.4238674,85,0,18.9,0,0,0.033,-0.003,-0.898,-1.7,0.7,0
88.4338674,90,0,18.9,0,0,0.033,-0.003,-0.898,-1.7,0.7,0
88.4438674,87,0,18.9,0,0,0.033,-0.003,-0.898,-1.7,0.7,0
88.4538674,84,0,18.9,0,0,0.033,-0.003,-0.898,-1.7,0.7,0
88.4638674,87,0,18.9,0,0,0.024,-0.027,-1.107,0.3,-1.2,0
88.4738674,85,0,18.9,0,0,0.024,-0.027,-1.107,0.3,-1.2,0
88.4838674,84,0,18.9,0,0,0.024,-0.027,-1.107,0.3,-1.2,0
88.4938674,90,0,18.9,0,0,0.024,-0.027,-1.107,0.3,-1.2,0
88.5038674,83,0,18.9,0,0,0.024,-0.027,-1.107,0.3,-1.2,0
88.5138674000001,78,0,18.9,0,0,0.03,-0.013,-0.999,1.5,-0.4,0.1
88.5238674000001,87,0,18.9,0,0,0.03,-0.013,-0.999,1.5,-0.4,0.1
88.5338674,88,0,18.9,0,0,0.03,-0.013,-0.999,1.5,-0.4,0.1
88.5438674000001,86,0,18.9,0,0,0.03,-0.013,-0.999,1.5,-0.4,0.1
88.5538674000001,87,0,18.9,0,0,0.03,-0.013,-0.999,1.5,-0.4,0.1
88.5638674000001,81,-0.01,18.8,0,0,0.033,0,-0.91,1.1,-1.2,0
88.5738674000001,84,-0.01,18.8,0,0,0.033,0,-0.91,1.1,-1.2,0
88.5838674000001,90,-0.01,18.8,0,0,0.033,0,-0.91,1.1,-1.2,0
88.5938674000001,85,-0.01,18.8,0,0,0.033,0,-0.91,1.1,-1.2,0
88.6038674000001,87,-0.01,18.8,0,0,0.033,0,-0.91,1.1,-1.2,0
88.6138674000001,86,0,18.8,0,0,0.024,-0.02,-1.06,-2.9,0.6,0
88.6238674000001,83,0,18.8,0,0,0.024,-0.02,-1.06,-2.9,0.6,0
88.6338674000001,86,0,18.8,0,0,0.024,-0.02,-1.06,-2.9,0.6,0
88.6438674000001,88,0,18.8,0,0,0.024,-0.02,-1.06,-2.9,0.6,0
88.6538674000001,83,0,18.8,0,0,0.024,-0.02,-1.06,-2.9,0.6,0
88.6638674000001,86,-0.01,18.9,0,0,0.033,-0.02,-0.986,1.7,-1.2,0
88.6738674000001,89,-0.01,18.9,0,0,0.033,-0.02,-0.986,1.7,-1.2,0
88.6838674000001,81,-0.01,18.9,0,0,0.033,-0.02,-0.986,1.7,-1.2,0
88.6938674000001,81,-0.01,18.9,0,0,0.033,-0.02,-0.986,1.7,-1.2,0
88.7038674000001,85,-0.01,18.9,0,0,0.033,-0.02,-0.986,1.7,-1.2,0
88.7138674000001,85,0,18.8,0,0,0.023,-0.01,-1.031,2,-1.2,0
88.7238674000001,92,0,18.8,0,0,0.023,-0.01,-1.031,2,-1.2,0
88.7338674000001,91,0,18.8,0,0,0.023,-0.01,-1.031,2,-1.2,0
88.7438674000001,77,0,18.8,0,0,0.023,-0.01,-1.031,2,-1.2,0
88.7538674000001,81,0,18.8,0,0,0.023,-0.01,-1.031,2,-1.2,0
88.7638674000001,94,0.01,18.8,0,0,0.036,0,-0.873,-0.7,0.3,0
88.7738674000001,91,0.01,18.8,0,0,0.036,0,-0.873,-0.7,0.3,0
88.7838674000001,86,0.01,18.8,0,0,0.036,0,-0.873,-0.7,0.3,0
88.7938674000001,82,0.01,18.8,0,0,0.036,0,-0.873,-0.7,0.3,0
88.8038674000001,81,0.01,18.8,0,0,0.036,0,-0.873,-0.7,0.3,0
88.8138674000001,93,0,18.8,0,0,0.022,-0.027,-1.134,-0.6,-0.7,0
88.8238674000001,91,0,18.8,0,0,0.022,-0.027,-1.134,-0.6,-0.7,0
88.8338674000001,84,0,18.8,0,0,0.022,-0.027,-1.134,-0.6,-0.7,0
88.8438674000001,87,0,18.8,0,0,0.022,-0.027,-1.134,-0.6,-0.7,0
88.8538674000001,83,0,18.8,0,0,0.022,-0.027,-1.134,-0.6,-0.7,0
88.8689038,82,0,18.8,0,0,0.03,-0.013,-0.974,1.7,-0.4,0
88.8789038,86,0,18.8,0,0,0.03,-0.013,-0.974,1.7,-0.4,0
88.8889038,86,0,18.8,0,0,0.03,-0.013,-0.974,1.7,-0.4,0
88.8989038,92,0,18.8,0,0,0.03,-0.013,-0.974,1.7,-0.4,0
88.9089038,93,0,18.8,0,0,0.03,-0.013,-0.974,1.7,-0.4,0
88.967308,90,0,18.9,0,0,0.03,-0.015,-0.994,-2.8,0.7,0
88.977308,82,0,18.9,0,0,0.03,-0.015,-0.994,-2.8,0.7,0
88.987308,85,0,18.9,0,0,0.03,-0.015,-0.994,-2.8,0.7,0
88.997308,89,0,18.9,0,0,0.03,-0.015,-0.994,-2.8,0.7,0
89.007308,84,0,18.9,0,0,0.03,-0.015,-0.994,-2.8,0.7,0
89.017308,88,0,18.8,0,0,0.027,-0.02,-1.029,1.4,-1.4,0.1
89.027308,90,0,18.8,0,0,0.027,-0.02,-1.029,1.4,-1.4,0.1
89.037308,79,0,18.8,0,0,0.027,-0.02,-1.029,1.4,-1.4,0.1
89.047308,80,0,18.8,0,0,0.027,-0.02,-1.029,1.4,-1.4,0.1
89.057308,87,0,18.8,0,0,0.027,-0.02,-1.029,1.4,-1.4,0.1
89.067308,85,0,18.8,0,0,0.024,-0.013,-1.037,1.8,-0.8,0
89.077308,87,0,18.8,0,0,0.024,-0.013,-1.037,1.8,-0.8,0
89.087308,83,0,18.8,0,0,0.024,-0.013,-1.037,1.8,-0.8,0
89.097308,79,0,18.8,0,0,0.024,-0.013,-1.037,1.8,-0.8,0
89.107308,88,0,18.8,0,0,0.024,-0.013,-1.037,1.8,-0.8,0
89.117308,88,0,18.9,0,0,0.037,0,-0.868,0.4,-0.4,0
89.127308,85,0,18.9,0,0,0.037,0,-0.868,0.4,-0.4,0
89.137308,90,0,18.9,0,0,0.037,0,-0.868,0.4,-0.4,0
89.147308,87,0,18.9,0,0,0.037,0,-0.868,0.4,-0.4,0
89.157308,84,0,18.9,0,0,0.037,0,-0.868,0.4,-0.4,0
89.167308,86,0,18.9,0,0,0.021,-0.025,-1.127,-1.6,0,0
89.177308,85,0,18.9,0,0,0.021,-0.025,-1.127,-1.6,0,0
89.187308,84,0,18.9,0,0,0.021,-0.025,-1.127,-1.6,0,0
89.197308,90,0,18.9,0,0,0.021,-0.025,-1.127,-1.6,0,0
89.207308,82,0,18.9,0,0,0.021,-0.025,-1.127,-1.6,0,0
89.217308,78,0,18.8,0,0,0.033,-0.017,-0.965,1.8,-0.7,0
89.2273080000001,87,0,18.8,0,0,0.033,-0.017,-0.965,1.8,-0.7,0
89.237308,89,0,18.8,0,0,0.033,-0.017,-0.965,1.8,-0.7,0
89.247308,88,0,18.8,0,0,0.033,-0.017,-0.965,1.8,-0.7,0
89.2573080000001,87,0,18.8,0,0,0.033,-0.017,-0.965,1.8,-0.7,0
89.2673080000001,79,-0.01,18.8,0,0,0.028,-0.007,-1.008,1.7,-1.5,0
89.2773080000001,84,-0.01,18.8,0,0,0.028,-0.007,-1.008,1.7,-1.5,0
89.2873080000001,90,-0.01,18.8,0,0,0.028,-0.007,-1.008,1.7,-1.5,0
89.2973080000001,85,-0.01,18.8,0,0,0.028,-0.007,-1.008,1.7,-1.5,0
89.3073080000001,87,-0.01,18.8,0,0,0.028,-0.007,-1.008,1.7,-1.5,0
89.3173080000001,87,-0.01,18.8,0,0,0.031,-0.008,-0.934,-2.5,0.8,0
89.3273080000001,83,-0.01,18.8,0,0,0.031,-0.008,-0.934,-2.5,0.8,0
89.3373080000001,86,-0.01,18.8,0,0,0.031,-0.008,-0.934,-2.5,0.8,0
89.3473080000001,88,-0.01,18.8,0,0,0.031,-0.008,-0.934,-2.5,0.8,0
89.3573080000001,83,-0.01,18.8,0,0,0.031,-0.008,-0.934,-2.5,0.8,0
89.3673080000001,86,0,18.8,0,0,0.024,-0.023,-1.067,0.9,-1.4,0
89.3773080000001,88,0,18.8,0,0,0.024,-0.023,-1.067,0.9,-1.4,0
89.3873080000001,79,0,18.8,0,0,0.024,-0.023,-1.067,0.9,-1.4,0
89.3973080000001,80,0,18.8,0,0,0.024,-0.023,-1.067,0.9,-1.4,0
89.4073080000001,85,0,18.8,0,0,0.024,-0.023,-1.067,0.9,-1.4,0
89.4173080000001,86,0,18.9,0,0,0.027,-0.013,-1.024,1.9,-0.6,0.1
89.4273080000001,92,0,18.9,0,0,0.027,-0.013,-1.024,1.9,-0.6,0.1
89.4373080000001,90,0,18.9,0,0,0.027,-0.013,-1.024,1.9,-0.6,0.1
89.4473080000001,77,0,18.9,0,0,0.027,-0.013,-1.024,1.9,-0.6,0.1
89.4573080000001,82,0,18.9,0,0,0.027,-0.013,-1.024,1.9,-0.6,0.1
89.4673080000001,93,0,18.9,0,0,0.036,0,-0.884,1.2,-0.9,0
89.4773080000001,91,0,18.9,0,0,0.036,0,-0.884,1.2,-0.9,0
89.4873080000001,87,0,18.9,0,0,0.036,0,-0.884,1.2,-0.9,0
89.4973080000001,81,0,18.9,0,0,0.036,0,-0.884,1.2,-0.9,0
89.5073080000001,81,0,18.9,0,0,0.036,0,-0.884,1.2,-0.9,0
89.5173080000001,93,0,18.9,0,0,0.022,-0.026,-1.101,-2.3,0.3,0
89.5273080000001,91,0,18.9,0,0,0.022,-0.026,-1.101,-2.3,0.3,0
89.5373080000001,84,0,18.9,0,0,0.022,-0.026,-1.101,-2.3,0.3,0
89.5473080000001,87,0,18.9,0,0,0.022,-0.026,-1.101,-2.3,0.3,0
89.5573080000001,83,0,18.9,0,0,0.022,-0.026,-1.101,-2.3,0.3,0
89.5673080000001,82,0,18.8,0,0,0.033,-0.018,-0.974,1.8,-1.1,0
89.5773080000001,86,0,18.8,0,0,0.033,-0.018,-0.974,1.8,-1.1,0
89.5873080000001,86,0,18.8,0,0,0.033,-0.018,-0.974,1.8,-1.1,0
89.5973080000001,92,0,18.8,0,0,0.033,-0.018,-0.974,1.8,-1.1,0
89.6073080000001,93,0,18.8,0,0,0.033,-0.018,-0.974,1.8,-1.1,0
89.6173080000001,80,-0.01,18.9,0,0,0.029,-0.012,-1.039,1.7,-1.3,0
89.6273080000001,81,-0.01,18.9,0,0,0.029,-0.012,-1.039,1.7,-1.3,0
89.6373080000001,88,-0.01,18.9,0,0,0.029,-0.012,-1.039,1.7,-1.3,0
89.6473080000001,86,-0.01,18.9,0,0,0.029,-0.012,-1.039,1.7,-1.3,0
89.6573080000001,90,-0.01,18.9,0,0,0.029,-0.012,-1.039,1.7,-1.3,0
89.6673080000001,90,0,18.9,0,0,0.026,-0.023,-1.057,0.8,-1.4,0
89.6773080000002,82,0,18.9,0,0,0.026,-0.023,-1.057,0.8,-1.4,0
89.6873080000001,85,0,18.9,0,0,0.026,-0.023,-1.057,0.8,-1.4,0
89.6973080000001,88,0,18.9,0,0,0.026,-0.023,-1.057,0.8,-1.4,0
89.7073080000002,84,0,18.9,0,0,0.026,-0.023,-1.057,0.8,-1.4,0
89.7173080000002,88,0,18.8,0,0,0.027,-0.014,-1.025,1.1,-0.6,0
89.7273080000002,89,0,18.8,0,0,0.027,-0.014,-1.025,1.1,-0.6,0
89.7373080000002,79,0,18.8,0,0,0.027,-0.014,-1.025,1.1,-0.6,0
89.7473080000002,81,0,18.8,0,0,0.027,-0.014,-1.025,1.1,-0.6,0
89.7573080000002,87,0,18.8,0,0,0.027,-0.014,-1.025,1.1,-0.6,0
89.7673080000002,86,0,18.9,0,0,0.036,0.003,-0.869,0.1,-0.7,0
89.7773080000002,88,0,18.9,0,0,0.036,0.003,-0.869,0.1,-0.7,0
89.7873080000002,81,0,18.9,0,0,0.036,0.003,-0.869,0.1,-0.7,0
89.7973080000002,79,0,18.9,0,0,0.036,0.003,-0.869,0.1,-0.7,0
89.8073080000002,89,0,18.9,0,0,0.036,0.003,-0.869,0.1,-0.7,0
89.8173080000002,88,0,18.8,0,0,0.021,-0.022,-1.103,-2.3,0.1,0
89.8273080000002,84,0,18.8,0,0,0.021,-0.022,-1.103,-2.3,0.1,0
89.8373080000002,90,0,18.8,0,0,0.021,-0.022,-1.103,-2.3,0.1,0
89.8473080000002,87,0,18.8,0,0,0.021,-0.022,-1.103,-2.3,0.1,0
89.8573080000002,84,0,18.8,0,0,0.021,-0.022,-1.103,-2.3,0.1,0
89.8673080000002,87,0,18.8,0,0,0.033,-0.017,-0.968,2,-0.9,0.1
89.8773080000002,85,0,18.8,0,0,0.033,-0.017,-0.968,2,-0.9,0.1
89.8873080000002,84,0,18.8,0,0,0.033,-0.017,-0.968,2,-0.9,0.1
89.8973080000002,90,0,18.8,0,0,0.033,-0.017,-0.968,2,-0.9,0.1
89.9073080000002,82,0,18.8,0,0,0.033,-0.017,-0.968,2,-0.9,0.1
89.9173080000002,78,0,18.9,0,0,0.026,-0.01,-1.029,1.9,-1.2,0
89.9273080000002,88,0,18.9,0,0,0.026,-0.01,-1.029,1.9,-1.2,0
89.9373080000002,88,0,18.9,0,0,0.026,-0.01,-1.029,1.9,-1.2,0
89.9473080000002,87,0,18.9,0,0,0.026,-0.01,-1.029,1.9,-1.2,0
89.9573080000002,87,0,18.9,0,0,0.026,-0.01,-1.029,1.9,-1.2,0
89.9673080000002,78,-0.01,18.9,0,0,0.032,-0.005,-0.913,-2.1,0.7,0
89.9773080000002,84,-0.01,18.9,0,0,0.032,-0.005,-0.913,-2.1,0.7,0
89.9873080000002,90,-0.01,18.9,0,0,0.032,-0.005,-0.913,-2.1,0.7,0
89.9973080000002,85,-0.01,18.9,0,0,0.032,-0.005,-0.913,-2.1,0.7,0
90.0073080000002,87,-0.01,18.9,0,0,0.032,-0.005,-0.913,-2.1,0.7,0
90.0173080000002,87,0,18.9,0,0,0.023,-0.025,-1.102,0,-1.2,0
90.0273080000002,82,0,18.9,0,0,0.023,-0.025,-1.102,0,-1.2,0
90.0373080000002,86,0,18.9,0,0,0.023,-0.025,-1.102,0,-1.2,0
90.0473080000002,88,0,18.9,0,0,0.023,-0.025,-1.102,0,-1.2,0
90.0573080000002,83,0,18.9,0,0,0.023,-0.025,-1.102,0,-1.2,0
90.0673080000002,86,0,18.8,0,0,0.029,-0.014,-1.005,1.1,-0.5,0.1
90.0773080000002,88,0,18.8,0,0,0.029,-0.014,-1.005,1.1,-0.5,0.1
90.0873080000002,79,0,18.8,0,0,0.029,-0.014,-1.005,1.1,-0.5,0.1
90.0973080000002,80,0,18.8,0,0,0.029,-0.014,-1.005,1.1,-0.5,0.1
90.1073080000002,85,0,18.8,0,0,0.029,-0.014,-1.005,1.1,-0.5,0.1
90.1173080000002,86,0,18.9,0,0,0.033,0.001,-0.885,0.8,-1.2,0
90.1273080000003,91,0,18.9,0,0,0.033,0.001,-0.885,0.8,-1.2,0
90.1373080000002,88,0,18.9,0,0,0.033,0.001,-0.885,0.8,-1.2,0
90.1473080000003,76,0,18.9,0,0,0.033,0.001,-0.885,0.8,-1.2,0
90.1573080000003,83,0,18.9,0,0,0.033,0.001,-0.885,0.8,-1.2,0
90.1673080000003,93,0,18.8,0,0,0.023,-0.02,-1.073,-2.7,0.6,0
90.1773080000003,91,0,18.8,0,0,0.023,-0.02,-1.073,-2.7,0.6,0
90.1873080000003,86,0,18.8,0,0,0.023,-0.02,-1.073,-2.7,0.6,0
90.1973080000003,81,0,18.8,0,0,0.023,-0.02,-1.073,-2.7,0.6,0
90.2073080000003,81,0,18.8,0,0,0.023,-0.02,-1.073,-2.7,0.6,0
90.2173080000003,93,0,18.8,0,0,0.032,-0.02,-0.985,2,-1.1,0
90.2273080000003,91,0,18.8,0,0,0.032,-0.02,-0.985,2,-1.1,0
90.2373080000003,84,0,18.8,0,0,0.032,-0.02,-0.985,2,-1.1,0
90.2473080000003,87,0,18.8,0,0,0.032,-0.02,-0.985,2,-1.1,0
90.2573080000003,83,0,18.8,0,0,0.032,-0.02,-0.985,2,-1.1,0
90.2673080000003,82,-0.01,18.8,0,0,0.024,-0.012,-1.041,1.8,-1.1,0.1
90.2773080000003,86,-0.01,18.8,0,0,0.024,-0.012,-1.041,1.8,-1.1,0.1
90.2873080000003,86,-0.01,18.8,0,0,0.024,-0.012,-1.041,1.8,-1.1,0.1
90.2973080000003,92,-0.01,18.8,0,0,0.024,-0.012,-1.041,1.8,-1.1,0.1
90.3073080000003,93,-0.01,18.8,0,0,0.024,-0.012,-1.041,1.8,-1.1,0.1
90.3173080000003,80,0,18.8,0,0,0.034,-0.001,-0.878,-1.6,0.4,0
90.3273080000003,81,0,18.8,0,0,0.034,-0.001,-0.878,-1.6,0.4,0
90.3373080000003,87,0,18.8,0,0,0.034,-0.001,-0.878,-1.6,0.4,0
90.3473080000003,86,0,18.8,0,0,0.034,-0.001,-0.878,-1.6,0.4,0
90.3573080000003,90,0,18.8,0,0,0.034,-0.001,-0.878,-1.6,0.4,0
90.3673080000003,90,0,18.9,0,0,0.023,-0.026,-1.119,-0.7,-1,0
90.3773080000003,82,0,18.9,0,0,0.023,-0.026,-1.119,-0.7,-1,0
90.3873080000003,85,0,18.9,0,0,0.023,-0.026,-1.119,-0.7,-1,0
90.3973080000003,88,0,18.9,0,0,0.023,-0.026,-1.119,-0.7,-1,0
90.4073080000003,84,0,18.9,0,0,0.023,-0.026,-1.119,-0.7,-1,0
90.4173080000003,88,0,18.8,0,0,0.029,-0.013,-0.983,1.2,-0.5,0
90.4273080000003,90,0,18.8,0,0,0.029,-0.013,-0.983,1.2,-0.5,0
90.4373080000003,79,0,18.8,0,0,0.029,-0.013,-0.983,1.2,-0.5,0
90.4473080000003,81,0,18.8,0,0,0.029,-0.013,-0.983,1.2,-0.5,0
90.4573080000003,88,0,18.8,0,0,0.029,-0.013,-0.983,1.2,-0.5,0
90.4673080000003,85,0,18.8,0,0,0.032,-0.001,-0.929,1.5,-1.4,0
90.4773080000003,88,0,18.8,0,0,0.032,-0.001,-0.929,1.5,-1.4,0
90.4873080000003,82,0,18.8,0,0,0.032,-0.001,-0.929,1.5,-1.4,0
90.4973080000003,79,0,18.8,0,0,0.032,-0.001,-0.929,1.5,-1.4,0
90.5073080000003,88,0,18.8,0,0,0.032,-0.001,-0.929,1.5,-1.4,0
90.5173668,88,0,18.9,0,0,0.029,-0.015,-1.013,-2.7,0.9,0
90.5273668,85,0,18.9,0,0,0.029,-0.015,-1.013,-2.7,0.9,0
90.5373668,90,0,18.9,0,0,0.029,-0.015,-1.013,-2.7,0.9,0
90.5473668,87,0,18.9,0,0,0.029,-0.015,-1.013,-2.7,0.9,0
90.5573668,84,0,18.9,0,0,0.029,-0.015,-1.013,-2.7,0.9,0
90.5673668,87,0,18.9,0,0,0.028,-0.022,-1.018,1.8,-1.4,0
90.5773668,85,0,18.9,0,0,0.028,-0.022,-1.018,1.8,-1.4,0
90.5873668,84,0,18.9,0,0,0.028,-0.022,-1.018,1.8,-1.4,0
90.5973668,90,0,18.9,0,0,0.028,-0.022,-1.018,1.8,-1.4,0
90.6073668,83,0,18.9,0,0,0.028,-0.022,-1.018,1.8,-1.4,0
90.6173668,79,0,18.9,0,0,0.024,-0.012,-1.045,1.6,-0.8,0
90.6273668,87,0,18.9,0,0,0.024,-0.012,-1.045,1.6,-0.8,0
90.6373668,88,0,18.9,0,0,0.024,-0.012,-1.045,1.6,-0.8,0
90.6473668,88,0,18.9,0,0,0.024,-0.012,-1.045,1.6,-0.8,0
90.6573668,87,0,18.9,0,0,0.024,-0.012,-1.045,1.6,-0.8,0
90.6673668,78,-0.01,18.8,0,0,0.036,0,-0.863,-0.5,-0.2,0
90.6773668,84,-0.01,18.8,0,0,0.036,0,-0.863,-0.5,-0.2,0
90.6873668,90,-0.01,18.8,0,0,0.036,0,-0.863,-0.5,-0.2,0
90.6973668,85,-0.01,18.8,0,0,0.036,0,-0.863,-0.5,-0.2,0
90.7073668,88,-0.01,18.8,0,0,0.036,0,-0.863,-0.5,-0.2,0
90.7173668,89,0,18.9,0,0,0.022,-0.027,-1.128,-1.7,-0.4,0
90.7273668,84,0,18.9,0,0,0.022,-0.027,-1.128,-1.7,-0.4,0
90.7373668,86,0,18.9,0,0,0.022,-0.027,-1.128,-1.7,-0.4,0
90.7473668,88,0,18.9,0,0,0.022,-0.027,-1.128,-1.7,-0.4,0
90.7573668,83,0,18.9,0,0,0.022,-0.027,-1.128,-1.7,-0.4,0
90.7673668,86,0,18.9,0,0,0.031,-0.015,-0.97,1.4,-0.6,0
90.7773668000001,87,0,18.9,0,0,0.031,-0.015,-0.97,1.4,-0.6,0
90.7873668,80,0,18.9,0,0,0.031,-0.015,-0.97,1.4,-0.6,0
90.7973668,81,0,18.9,0,0,0.031,-0.015,-0.97,1.4,-0.6,0
90.8073668000001,85,0,18.9,0,0,0.031,-0.015,-0.97,1.4,-0.6,0
90.8173668000001,86,0,18.9,0,0,0.028,-0.001,-0.963,1.8,-1.6,0
90.8273668000001,91,0,18.9,0,0,0.028,-0.001,-0.963,1.8,-1.6,0
90.8373668000001,88,0,18.9,0,0,0.028,-0.001,-0.963,1.8,-1.6,0
90.8473668000001,76,0,18.9,0,0,0.028,-0.001,-0.963,1.8,-1.6,0
90.8573668000001,83,0,18.9,0,0,0.028,-0.001,-0.963,1.8,-1.6,0
90.8673668000001,93,0,18.9,0,0,0.031,-0.011,-0.965,-2.5,0.9,0
90.8773668000001,91,0,18.9,0,0,0.031,-0.011,-0.965,-2.5,0.9,0
90.8873668000001,87,0,18.9,0,0,0.031,-0.011,-0.965,-2.5,0.9,0
90.8973668000001,82,0,18.9,0,0,0.031,-0.011,-0.965,-2.5,0.9,0
90.9073668000001,80,0,18.9,0,0,0.031,-0.011,-0.965,-2.5,0.9,0
90.9173668000001,93,0,18.8,0,0,0.027,-0.024,-1.061,1.2,-1.4,0
90.9273668000001,91,0,18.8,0,0,0.027,-0.024,-1.061,1.2,-1.4,0
90.9373668000001,84,0,18.8,0,0,0.027,-0.024,-1.061,1.2,-1.4,0
90.9473668000001,87,0,18.8,0,0,0.027,-0.024,-1.061,1.2,-1.4,0
90.9573668000001,83,0,18.8,0,0,0.027,-0.024,-1.061,1.2,-1.4,0
90.9673668000001,82,0,18.9,0,0,0.025,-0.013,-1.033,1.5,-0.6,0
90.9773668000001,86,0,18.9,0,0,0.025,-0.013,-1.033,1.5,-0.6,0
90.9873668000001,86,0,18.9,0,0,0.025,-0.013,-1.033,1.5,-0.6,0
90.9973668000001,92,0,18.9,0,0,0.025,-0.013,-1.033,1.5,-0.6,0
91.0073668000001,93,0,18.9,0,0,0.025,-0.013,-1.033,1.5,-0.6,0
91.0173668000001,80,-0.01,18.9,0,0,0.035,0.002,-0.87,0.3,-0.7,0
91.0273668000001,81,-0.01,18.9,0,0,0.035,0.002,-0.87,0.3,-0.7,0
91.0373668000001,88,-0.01,18.9,0,0,0.035,0.002,-0.87,0.3,-0.7,0
91.0473668000001,86,-0.01,18.9,0,0,0.035,0.002,-0.87,0.3,-0.7,0
91.0573668000001,90,-0.01,18.9,0,0,0.035,0.002,-0.87,0.3,-0.7,0
91.0673668000001,90,0,18.9,0,0,0.022,-0.026,-1.106,-2.3,0,0
91.0773668000001,83,0,18.9,0,0,0.022,-0.026,-1.106,-2.3,0,0
91.0873668000001,85,0,18.9,0,0,0.022,-0.026,-1.106,-2.3,0,0
91.0973668000001,88,0,18.9,0,0,0.022,-0.026,-1.106,-2.3,0,0
91.1073668000001,84,0,18.9,0,0,0.022,-0.026,-1.106,-2.3,0,0
91.1173668000001,88,0,18.8,0,0,0.031,-0.017,-0.962,1.7,-1,0
91.1273668000001,89,0,18.8,0,0,0.031,-0.017,-0.962,1.7,-1,0
91.1373668000001,79,0,18.8,0,0,0.031,-0.017,-0.962,1.7,-1,0
91.1473668000001,81,0,18.8,0,0,0.031,-0.017,-0.962,1.7,-1,0
91.1573668000001,87,0,18.8,0,0,0.031,-0.017,-0.962,1.7,-1,0
91.1673668000001,86,0,18.9,0,0,0.027,-0.007,-1.013,2,-1.5,0
91.1773668000001,88,0,18.9,0,0,0.027,-0.007,-1.013,2,-1.5,0
91.1873668000001,82,0,18.9,0,0,0.027,-0.007,-1.013,2,-1.5,0
91.1973668000001,79,0,18.9,0,0,0.027,-0.007,-1.013,2,-1.5,0
91.2073668000001,88,0,18.9,0,0,0.027,-0.007,-1.013,2,-1.5,0
91.2173668000001,87,0,18.9,0,0,0.033,-0.003,-0.902,-1.7,0.7,0
91.2273668000002,85,0,18.9,0,0,0.033,-0.003,-0.902,-1.7,0.7,0
91.2373668000001,90,0,18.9,0,0,0.033,-0.003,-0.902,-1.7,0.7,0
91.2473668000002,87,0,18.9,0,0,0.033,-0.003,-0.902,-1.7,0.7,0
91.2573668000002,84,0,18.9,0,0,0.033,-0.003,-0.902,-1.7,0.7,0
91.2673668000002,86,0,18.8,0,0,0.023,-0.026,-1.106,0.4,-1.2,0
91.2773668000002,85,0,18.8,0,0,0.023,-0.026,-1.106,0.4,-1.2,0
91.2873668000002,84,0,18.8,0,0,0.023,-0.026,-1.106,0.4,-1.2,0
91.2973668000002,91,0,18.8,0,0,0.023,-0.026,-1.106,0.4,-1.2,0
91.3073668000002,83,0,18.8,0,0,0.023,-0.026,-1.106,0.4,-1.2,0
91.3357555,79,-0.01,18.9,0,0,0.034,0.001,-0.905,1.2,-1.1,0
91.3457555,84,-0.01,18.9,0,0,0.034,0.001,-0.905,1.2,-1.1,0
91.3557555,90,-0.01,18.9,0,0,0.034,0.001,-0.905,1.2,-1.1,0
91.3657555,85,-0.01,18.9,0,0,0.034,0.001,-0.905,1.2,-1.1,0
91.3757555,87,-0.01,18.9,0,0,0.034,0.001,-0.905,1.2,-1.1,0
91.4146493,87,0,18.9,0,0,0.024,-0.021,-1.064,-2.8,0.5,0
91.4246493,83,0,18.9,0,0,0.024,-0.021,-1.064,-2.8,0.5,0
91.4346493,86,0,18.9,0,0,0.024,-0.021,-1.064,-2.8,0.5,0
91.4446493,88,0,18.9,0,0,0.024,-0.021,-1.064,-2.8,0.5,0
91.4546493,83,0,18.9,0,0,0.024,-0.021,-1.064,-2.8,0.5,0
91.4853612,86,0,18.8,0,0,0.026,-0.009,-1.03,2,-1.3,0.1
91.4953612,92,0,18.8,0,0,0.026,-0.009,-1.03,2,-1.3,0.1
91.5053612,87,0,18.8,0,0,0.026,-0.009,-1.03,2,-1.3,0.1
91.5153612,76,0,18.8,0,0,0.026,-0.009,-1.03,2,-1.3,0.1
91.5253612,84,0,18.8,0,0,0.026,-0.009,-1.03,2,-1.3,0.1
91.5599392,94,0,18.9,0,0,0.034,0,-0.874,-0.9,0.3,0
91.5699392,91,0,18.9,0,0,0.034,0,-0.874,-0.9,0.3,0
91.5799392,87,0,18.9,0,0,0.034,0,-0.874,-0.9,0.3,0
91.5899392,81,0,18.9,0,0,0.034,0,-0.874,-0.9,0.3,0
91.5999392,80,0,18.9,0,0,0.034,0,-0.874,-0.9,0.3,0
91.6099392,93,0,18.8,0,0,0.022,-0.029,-1.129,-0.4,-0.8,0
91.6199392,91,0,18.8,0,0,0.022,-0.029,-1.129,-0.4,-0.8,0
91.6299392,84,0,18.8,0,0,0.022,-0.029,-1.129,-0.4,-0.8,0
91.6399392,87,0,18.8,0,0,0.022,-0.029,-1.129,-0.4,-0.8,0
91.6499392,83,0,18.8,0,0,0.022,-0.029,-1.129,-0.4,-0.8,0
91.6599392,81,0,18.8,0,0,0.031,-0.013,-0.981,1.5,-0.5,0
91.6699392,86,0,18.8,0,0,0.031,-0.013,-0.981,1.5,-0.5,0
91.6799392,87,0,18.8,0,0,0.031,-0.013,-0.981,1.5,-0.5,0
91.6899392,92,0,18.8,0,0,0.031,-0.013,-0.981,1.5,-0.5,0
91.6999392,92,0,18.8,0,0,0.031,-0.013,-0.981,1.5,-0.5,0
91.7099392,80,0,18.8,0,0,0.031,-0.003,-0.948,1.7,-1.5,0
91.7199392,81,0,18.8,0,0,0.031,-0.003,-0.948,1.7,-1.5,0
91.7299392,87,0,18.8,0,0,0.031,-0.003,-0.948,1.7,-1.5,0
91.7399392,87,0,18.8,0,0,0.031,-0.003,-0.948,1.7,-1.5,0
91.7499392,91,0,18.8,0,0,0.031,-0.003,-0.948,1.7,-1.5,0
91.7599392,90,0,18.9,0,0,0.028,-0.014,-1.006,-2.8,0.7,0
91.7699392,83,0,18.9,0,0,0.028,-0.014,-1.006,-2.8,0.7,0
91.7799392,85,0,18.9,0,0,0.028,-0.014,-1.006,-2.8,0.7,0
91.7899392,88,0,18.9,0,0,0.028,-0.014,-1.006,-2.8,0.7,0
91.7999392,84,0,18.9,0,0,0.028,-0.014,-1.006,-2.8,0.7,0
91.8099392,88,0,18.9,0,0,0.031,-0.021,-1.021,1.5,-1.4,0
91.8199392000001,88,0,18.9,0,0,0.031,-0.021,-1.021,1.5,-1.4,0
91.8299392,79,0,18.9,0,0,0.031,-0.021,-1.021,1.5,-1.4,0
91.8399392,82,0,18.9,0,0,0.031,-0.021,-1.021,1.5,-1.4,0
91.8499392000001,88,0,18.9,0,0,0.031,-0.021,-1.021,1.5,-1.4,0
91.8599392000001,86,0,18.8,0,0,0.024,-0.012,-1.039,1.8,-0.8,0
91.8699392000001,87,0,18.8,0,0,0.024,-0.012,-1.039,1.8,-0.8,0
91.8799392000001,82,0,18.8,0,0,0.024,-0.012,-1.039,1.8,-0.8,0
91.8899392000001,79,0,18.8,0,0,0.024,-0.012,-1.039,1.8,-0.8,0
91.8999392000001,89,0,18.8,0,0,0.024,-0.012,-1.039,1.8,-0.8,0
91.9099392000001,88,0,18.9,0,0,0.036,0,-0.864,0.1,-0.3,0
91.9199392000001,84,0,18.9,0,0,0.036,0,-0.864,0.1,-0.3,0
91.9299392000001,90,0,18.9,0,0,0.036,0,-0.864,0.1,-0.3,0
91.9399392000001,87,0,18.9,0,0,0.036,0,-0.864,0.1,-0.3,0
91.9499392000001,83,0,18.9,0,0,0.036,0,-0.864,0.1,-0.3,0
91.9599392000001,87,0,18.9,0,0,0.021,-0.025,-1.129,-1.5,-0.2,0
91.9699392000001,85,0,18.9,0,0,0.021,-0.025,-1.129,-1.5,-0.2,0
91.9799392000001,84,0,18.9,0,0,0.021,-0.025,-1.129,-1.5,-0.2,0
91.9899392000001,90,0,18.9,0,0,0.021,-0.025,-1.129,-1.5,-0.2,0
91.9999392000001,83,0,18.9,0,0,0.021,-0.025,-1.129,-1.5,-0.2,0
92.014997,78,0,18.9,0,0,0.031,-0.015,-0.962,1.8,-0.8,0.1
92.024997,87,0,18.9,0,0,0.031,-0.015,-0.962,1.8,-0.8,0.1
92.034997,88,0,18.9,0,0,0.031,-0.015,-0.962,1.8,-0.8,0.1
92.044997,88,0,18.9,0,0,0.031,-0.015,-0.962,1.8,-0.8,0.1
92.054997,87,0,18.9,0,0,0.031,-0.015,-0.962,1.8,-0.8,0.1
92.064997,79,-0.01,18.9,0,0,0.027,-0.008,-1.003,1.7,-1.5,0
92.074997,84,-0.01,18.9,0,0,0.027,-0.008,-1.003,1.7,-1.5,0
92.084997,90,-0.01,18.9,0,0,0.027,-0.008,-1.003,1.7,-1.5,0
92.094997,85,-0.01,18.9,0,0,0.027,-0.008,-1.003,1.7,-1.5,0
92.104997,87,-0.01,18.9,0,0,0.027,-0.008,-1.003,1.7,-1.5,0
92.114997,87,0,18.8,0,0,0.032,-0.007,-0.94,-2.5,0.9,0
92.124997,83,0,18.8,0,0,0.032,-0.007,-0.94,-2.5,0.9,0
92.134997,86,0,18.8,0,0,0.032,-0.007,-0.94,-2.5,0.9,0
92.144997,88,0,18.8,0,0,0.032,-0.007,-0.94,-2.5,0.9,0
92.154997,83,0,18.8,0,0,0.032,-0.007,-0.94,-2.5,0.9,0
92.164997,86,0,18.9,0,0,0.026,-0.022,-1.063,0.9,-1.4,0
92.174997,87,0,18.9,0,0,0.026,-0.022,-1.063,0.9,-1.4,0
92.184997,80,0,18.9,0,0,0.026,-0.022,-1.063,0.9,-1.4,0
92.194997,80,0,18.9,0,0,0.026,-0.022,-1.063,0.9,-1.4,0
92.204997,85,0,18.9,0,0,0.026,-0.022,-1.063,0.9,-1.4,0
92.2358531,93,0.01,18.8,0,0,0.036,0,-0.884,1,-0.8,0
92.2458531,91,0.01,18.8,0,0,0.036,0,-0.884,1,-0.8,0
92.2558531,87,0.01,18.8,0,0,0.036,0,-0.884,1,-0.8,0
92.2658531,82,0.01,18.8,0,0,0.036,0,-0.884,1,-0.8,0
92.2758531,80,0.01,18.8,0,0,0.036,0,-0.884,1,-0.8,0
92.2858531,93,0,18.9,0,0,0.021,-0.025,-1.103,-2.3,0.3,0
92.2958531,92,0,18.9,0,0,0.021,-0.025,-1.103,-2.3,0.3,0
92.3058531,84,0,18.9,0,0,0.021,-0.025,-1.103,-2.3,0.3,0
92.3158531,87,0,18.9,0,0,0.021,-0.025,-1.103,-2.3,0.3,0
92.3258531,83,0,18.9,0,0,0.021,-0.025,-1.103,-2.3,0.3,0
92.3358531,82,0,18.9,0,0,0.033,-0.016,-0.971,1.9,-1.1,0
92.3458531,86,0,18.9,0,0,0.033,-0.016,-0.971,1.9,-1.1,0
92.3558531,86,0,18.9,0,0,0.033,-0.016,-0.971,1.9,-1.1,0
92.3658531,92,0,18.9,0,0,0.033,-0.016,-0.971,1.9,-1.1,0
92.3758531,93,0,18.9,0,0,0.033,-0.016,-0.971,1.9,-1.1,0
92.3858531,80,-0.01,18.8,0,0,0.026,-0.01,-1.036,1.6,-1.4,0
92.3958531,81,-0.01,18.8,0,0,0.026,-0.01,-1.036,1.6,-1.4,0
92.4058531,87,-0.01,18.8,0,0,0.026,-0.01,-1.036,1.6,-1.4,0
92.4158531,86,-0.01,18.8,0,0,0.026,-0.01,-1.036,1.6,-1.4,0
92.4258531,91,-0.01,18.8,0,0,0.026,-0.01,-1.036,1.6,-1.4,0
92.4358531,90,-0.01,18.8,0,0,0.035,-0.003,-0.893,-1.5,0.4,0
92.4458531000001,82,-0.01,18.8,0,0,0.035,-0.003,-0.893,-1.5,0.4,0
92.4558531,85,-0.01,18.8,0,0,0.035,-0.003,-0.893,-1.5,0.4,0
92.4658531,88,-0.01,18.8,0,0,0.035,-0.003,-0.893,-1.5,0.4,0
92.4758531000001,84,-0.01,18.8,0,0,0.035,-0.003,-0.893,-1.5,0.4,0
92.4858531000001,88,0,18.8,0,0,0.023,-0.024,-1.103,0.2,-1.2,0
92.4958531000001,87,0,18.8,0,0,0.023,-0.024,-1.103,0.2,-1.2,0
92.5058531000001,79,0,18.8,0,0,0.023,-0.024,-1.103,0.2,-1.2,0
92.5158531000001,83,0,18.8,0,0,0.023,-0.024,-1.103,0.2,-1.2,0
92.5258531000001,88,0,18.8,0,0,0.023,-0.024,-1.103,0.2,-1.2,0
92.5358531000001,85,0,18.9,0,0,0.029,-0.012,-0.996,1.9,-0.3,0
92.5458531000001,87,0,18.9,0,0,0.029,-0.012,-0.996,1.9,-0.3,0
92.5558531000001,82,0,18.9,0,0,0.029,-0.012,-0.996,1.9,-0.3,0
92.5658531000001,79,0,18.9,0,0,0.029,-0.012,-0.996,1.9,-0.3,0
92.5758531000001,89,0,18.9,0,0,0.029,-0.012,-0.996,1.9,-0.3,0
92.5858531000001,87,0,18.8,0,0,0.031,-0.002,-0.929,1.8,-1.3,0
92.5958531000001,83,0,18.8,0,0,0.031,-0.002,-0.929,1.8,-1.3,0
92.6058531000001,88,0,18.8,0,0,0.031,-0.002,-0.929,1.8,-1.3,0
92.6158531000001,87,0,18.8,0,0,0.031,-0.002,-0.929,1.8,-1.3,0
92.6258531000001,83,0,18.8,0,0,0.031,-0.002,-0.929,1.8,-1.3,0
92.6358531000001,86,0,18.9,0,0,0.032,-0.017,-0.924,-2.7,0.7,0
92.6458531000001,85,0,18.9,0,0,0.032,-0.017,-0.924,-2.7,0.7,0
92.6558531000001,85,0,18.9,0,0,0.032,-0.017,-0.924,-2.7,0.7,0
92.6658531000001,89,0,18.9,0,0,0.032,-0.017,-0.924,-2.7,0.7,0
92.6758531000001,81,0,18.9,0,0,0.032,-0.017,-0.924,-2.7,0.7,0
92.6858531000001,78,0,18.8,0,0,0.028,-0.009,-1.022,1.9,-1.3,0
92.6958531000001,87,0,18.8,0,0,0.028,-0.009,-1.022,1.9,-1.3,0
92.7058531000001,88,0,18.8,0,0,0.028,-0.009,-1.022,1.9,-1.3,0
92.7158531000001,88,0,18.8,0,0,0.028,-0.009,-1.022,1.9,-1.3,0
92.7258531000001,87,0,18.8,0,0,0.028,-0.009,-1.022,1.9,-1.3,0
92.7573104,78,-0.01,18.9,0,0,0.032,-0.007,-0.925,-2.3,0.7,0
92.7673104,84,-0.01,18.9,0,0,0.032,-0.007,-0.925,-2.3,0.7,0
92.7773104,90,-0.01,18.9,0,0,0.032,-0.007,-0.925,-2.3,0.7,0
92.7873104,85,-0.01,18.9,0,0,0.032,-0.007,-0.925,-2.3,0.7,0
92.7973104,87,-0.01,18.9,0,0,0.032,-0.007,-0.925,-2.3,0.7,0
92.8073104,87,0,18.9,0,0,0.025,-0.026,-1.093,0.1,-1.4,0
92.8173104,83,0,18.9,0,0,0.025,-0.026,-1.093,0.1,-1.4,0
92.8273104,86,0,18.9,0,0,0.025,-0.026,-1.093,0.1,-1.4,0
92.8373104,88,0,18.9,0,0,0.025,-0.026,-1.093,0.1,-1.4,0
92.8473104,83,0,18.9,0,0,0.025,-0.026,-1.093,0.1,-1.4,0
92.8573104,86,0,18.9,0,0,0.029,-0.013,-1.012,1,-0.5,0
92.8673104,87,0,18.9,0,0,0.029,-0.013,-1.012,1,-0.5,0
92.8773104,79,0,18.9,0,0,0.029,-0.013,-1.012,1,-0.5,0
92.8873104,81,0,18.9,0,0,0.029,-0.013,-1.012,1,-0.5,0
92.8973104,86,0,18.9,0,0,0.029,-0.013,-1.012,1,-0.5,0
92.9073104,86,0,18.8,0,0,0.035,0.003,-0.88,0.6,-1,0
92.9173104,91,0,18.8,0,0,0.035,0.003,-0.88,0.6,-1,0
92.9273104,85,0,18.8,0,0,0.035,0.003,-0.88,0.6,-1,0
92.9373104,76,0,18.8,0,0,0.035,0.003,-0.88,0.6,-1,0
92.9473104,85,0,18.8,0,0,0.035,0.003,-0.88,0.6,-1,0
92.9573104,93,0,18.9,0,0,0.022,-0.021,-1.081,-2.6,0.4,0
92.9673104,91,0,18.9,0,0,0.022,-0.021,-1.081,-2.6,0.4,0
92.9773104,87,0,18.9,0,0,0.022,-0.021,-1.081,-2.6,0.4,0
92.9873104,81,0,18.9,0,0,0.022,-0.021,-1.081,-2.6,0.4,0
92.9973104,80,0,18.9,0,0,0.022,-0.021,-1.081,-2.6,0.4,0
93.0073104000001,93,0,18.9,0,0,0.033,-0.019,-0.979,2,-1.1,0
93.0173104000001,91,0,18.9,0,0,0.033,-0.019,-0.979,2,-1.1,0
93.0273104,84,0,18.9,0,0,0.033,-0.019,-0.979,2,-1.1,0
93.0373104000001,87,0,18.9,0,0,0.033,-0.019,-0.979,2,-1.1,0
93.0473104000001,83,0,18.9,0,0,0.033,-0.019,-0.979,2,-1.1,0
93.0623808,82,0,18.8,0,0,0.026,-0.012,-1.042,1.8,-1.2,0
93.0723808,86,0,18.8,0,0,0.026,-0.012,-1.042,1.8,-1.2,0
93.0823808,86,0,18.8,0,0,0.026,-0.012,-1.042,1.8,-1.2,0
93.0923808,92,0,18.8,0,0,0.026,-0.012,-1.042,1.8,-1.2,0
93.1023808,93,0,18.8,0,0,0.026,-0.012,-1.042,1.8,-1.2,0
93.1123808,80,-0.01,18.9,0,0,0.034,-0.001,-0.883,-1.6,0.4,0
93.1223808,81,-0.01,18.9,0,0,0.034,-0.001,-0.883,-1.6,0.4,0
93.1323808,87,-0.01,18.9,0,0,0.034,-0.001,-0.883,-1.6,0.4,0
93.1423808,86,-0.01,18.9,0,0,0.034,-0.001,-0.883,-1.6,0.4,0
93.1523808,91,-0.01,18.9,0,0,0.034,-0.001,-0.883,-1.6,0.4,0
93.1623808,90,0,18.8,0,0,0.022,-0.025,-1.118,-0.6,-1,0
93.1723808,83,0,18.8,0,0,0.022,-0.025,-1.118,-0.6,-1,0
93.1823808,85,0,18.8,0,0,0.022,-0.025,-1.118,-0.6,-1,0
93.1923808,88,0,18.8,0,0,0.022,-0.025,-1.118,-0.6,-1,0
93.2023808,84,0,18.8,0,0,0.022,-0.025,-1.118,-0.6,-1,0
93.2123808,88,0,18.9,0,0,0.032,-0.014,-0.983,1.2,-0.4,0
93.2223808,87,0,18.9,0,0,0.032,-0.014,-0.983,1.2,-0.4,0
93.2323808,79,0,18.9,0,0,0.032,-0.014,-0.983,1.2,-0.4,0
93.2423808,83,0,18.9,0,0,0.032,-0.014,-0.983,1.2,-0.4,0
93.2523808,88,0,18.9,0,0,0.032,-0.014,-0.983,1.2,-0.4,0
93.2820794,85,0,18.9,0,0,0.032,0,-0.926,1.4,-1.5,0
93.2920794,87,0,18.9,0,0,0.032,0,-0.926,1.4,-1.5,0
93.3020794,82,0,18.9,0,0,0.032,0,-0.926,1.4,-1.5,0
93.3120794,80,0,18.9,0,0,0.032,0,-0.926,1.4,-1.5,0
93.3220794,89,0,18.9,0,0,0.032,0,-0.926,1.4,-1.5,0
93.3320794,87,0,18.9,0,0,0.03,-0.021,-1.016,1.8,-1.4,0
93.3420794,85,0,18.9,0,0,0.03,-0.021,-1.016,1.8,-1.4,0
93.3520794,84,0,18.9,0,0,0.03,-0.021,-1.016,1.8,-1.4,0
93.3620794,91,0,18.9,0,0,0.03,-0.021,-1.016,1.8,-1.4,0
93.3720794,83,0,18.9,0,0,0.03,-0.021,-1.016,1.8,-1.4,0
93.3820794,79,0,18.9,0,0,0.025,-0.013,-1.045,1.5,-0.9,0
93.3920794,87,0,18.9,0,0,0.025,-0.013,-1.045,1.5,-0.9,0
93.4020794,88,0,18.9,0,0,0.025,-0.013,-1.045,1.5,-0.9,0
93.4120794,88,0,18.9,0,0,0.025,-0.013,-1.045,1.5,-0.9,0
93.4220794,87,0,18.9,0,0,0.025,-0.013,-1.045,1.5,-0.9,0
93.4352564,79,-0.01,18.8,0,0,0.036,0.001,-0.864,-0.6,-0.1,0
93.4452564,84,-0.01,18.8,0,0,0.036,0.001,-0.864,-0.6,-0.1,0
93.4552564,89,-0.01,18.8,0,0,0.036,0.001,-0.864,-0.6,-0.1,0
93.4652564,85,-0.01,18.8,0,0,0.036,0.001,-0.864,-0.6,-0.1,0
93.4752564,87,-0.01,18.8,0,0,0.036,0.001,-0.864,-0.6,-0.1,0
93.5162855,87,0,18.8,0,0,0.022,-0.026,-1.13,-1.6,-0.6,0
93.5262855,83,0,18.8,0,0,0.022,-0.026,-1.13,-1.6,-0.6,0
93.5362855,86,0,18.8,0,0,0.022,-0.026,-1.13,-1.6,-0.6,0
93.5462855,88,0,18.8,0,0,0.022,-0.026,-1.13,-1.6,-0.6,0
93.5562855,83,0,18.8,0,0,0.022,-0.026,-1.13,-1.6,-0.6,0
95.1893744,100,0,18.8,0,0,0.028,-0.017,-0.988,-0.5,0,0
95.1993744,96,0,18.8,0,0,0.028,-0.017,-0.988,-0.5,0,0
95.2093744,95,0,18.8,0,0,0.028,-0.017,-0.988,-0.5,0,0
95.2193744,97,0,18.8,0,0,0.028,-0.017,-0.988,-0.5,0,0
95.2293744,94,0,18.8,0,0,0.028,-0.017,-0.988,-0.5,0,0
95.2712036,99,0,18.8,0,0,0.026,-0.023,-1.054,-1,-0.4,0
95.2812036,94,0,18.8,0,0,0.026,-0.023,-1.054,-1,-0.4,0
95.2912036,91,0,18.8,0,0,0.026,-0.023,-1.054,-1,-0.4,0
95.3012036,100,0,18.8,0,0,0.026,-0.023,-1.054,-1,-0.4,0
95.3112036,98,0,18.8,0,0,0.026,-0.023,-1.054,-1,-0.4,0
95.3212036,97,-0.01,18.8,0,0,0.024,-0.026,-1.071,-0.8,-0.7,0
95.3312036,96,-0.01,18.8,0,0,0.024,-0.026,-1.071,-0.8,-0.7,0
95.3412036,94,-0.01,18.8,0,0,0.024,-0.026,-1.071,-0.8,-0.7,0
95.3512036,98,-0.01,18.8,0,0,0.024,-0.026,-1.071,-0.8,-0.7,0
95.3612036,95,-0.01,18.8,0,0,0.024,-0.026,-1.071,-0.8,-0.7,0
95.3810892,97,0,18.8,0,0,0.027,-0.022,-1.045,0.7,-1.2,0
95.3910892,99,0,18.8,0,0,0.027,-0.022,-1.045,0.7,-1.2,0
95.4010892,91,0,18.8,0,0,0.027,-0.022,-1.045,0.7,-1.2,0
95.4110892,93,0,18.8,0,0,0.027,-0.022,-1.045,0.7,-1.2,0
95.4210892,99,0,18.8,0,0,0.027,-0.022,-1.045,0.7,-1.2,0
95.4310892,96,0,18.8,0,0,0.031,-0.016,-1.021,1.6,-0.9,0
95.4410892,99,0,18.8,0,0,0.031,-0.016,-1.021,1.6,-0.9,0
95.4510892,93,0,18.8,0,0,0.031,-0.016,-1.021,1.6,-0.9,0
95.4610892,95,0,18.8,0,0,0.031,-0.016,-1.021,1.6,-0.9,0
95.4710892,100,0,18.8,0,0,0.031,-0.016,-1.021,1.6,-0.9,0
95.4810892,96,0,18.9,0,0,0.031,-0.011,-0.995,1.4,-0.6,0.1
95.4910892,97,0,18.9,0,0,0.031,-0.011,-0.995,1.4,-0.6,0.1
95.5010892,96,0,18.9,0,0,0.031,-0.011,-0.995,1.4,-0.6,0.1
95.5110892,97,0,18.9,0,0,0.031,-0.011,-0.995,1.4,-0.6,0.1
95.5210892,99,0,18.9,0,0,0.031,-0.011,-0.995,1.4,-0.6,0.1
95.5412384,94,0,18.8,0,0,0.033,-0.006,-0.965,1.5,0,0
95.5512384,96,0,18.8,0,0,0.033,-0.006,-0.965,1.5,0,0
95.5612384,94,0,18.8,0,0,0.033,-0.006,-0.965,1.5,0,0
95.5712384,92,0,18.8,0,0,0.033,-0.006,-0.965,1.5,0,0
95.5812384,97,0,18.8,0,0,0.033,-0.006,-0.965,1.5,0,0
95.5912384,98,0,18.9,0,0,0.031,-0.003,-0.991,1.8,-0.2,0
95.6012384,103,0,18.9,0,0,0.031,-0.003,-0.991,1.8,-0.2,0
95.6112384,95,0,18.9,0,0,0.031,-0.003,-0.991,1.8,-0.2,0
95.6212384,88,0,18.9,0,0,0.031,-0.003,-0.991,1.8,-0.2,0
95.6312384,98,0,18.9,0,0,0.031,-0.003,-0.991,1.8,-0.2,0
95.6412384,105,0,18.9,0,0,0.029,-0.006,-0.997,0.8,-0.4,0
95.6512384,103,0,18.9,0,0,0.029,-0.006,-0.997,0.8,-0.4,0
95.6612384,99,0,18.9,0,0,0.029,-0.006,-0.997,0.8,-0.4,0
95.6712384,92,0,18.9,0,0,0.029,-0.006,-0.997,0.8,-0.4,0
95.6812384,98,0,18.9,0,0,0.029,-0.006,-0.997,0.8,-0.4,0
95.6912384,100,-0.01,18.9,0,0,0.026,-0.009,-1.023,0.3,-0.6,0
95.7012384,94,-0.01,18.9,0,0,0.026,-0.009,-1.023,0.3,-0.6,0
95.7112384,99,-0.01,18.9,0,0,0.026,-0.009,-1.023,0.3,-0.6,0
95.7212384,95,-0.01,18.9,0,0,0.026,-0.009,-1.023,0.3,-0.6,0
95.7312384,95,-0.01,18.9,0,0,0.026,-0.009,-1.023,0.3,-0.6,0
95.7412384,97,0,18.9,0,0,0.025,-0.023,-1.048,-1.4,-1.2,0
95.7512384,96,0,18.9,0,0,0.025,-0.023,-1.048,-1.4,-1.2,0
95.7612384,101,0,18.9,0,0,0.025,-0.023,-1.048,-1.4,-1.2,0
95.7712384,96,0,18.9,0,0,0.025,-0.023,-1.048,-1.4,-1.2,0
95.7812384,93,0,18.9,0,0,0.025,-0.023,-1.048,-1.4,-1.2,0
95.7912384000001,99,0,18.9,0,0,0.023,-0.024,-1.059,-0.4,-0.6,0
95.8012384000001,96,0,18.9,0,0,0.023,-0.024,-1.059,-0.4,-0.6,0
95.8112384000001,101,0,18.9,0,0,0.023,-0.024,-1.059,-0.4,-0.6,0
95.8212384000001,96,0,18.9,0,0,0.023,-0.024,-1.059,-0.4,-0.6,0
95.8312384000001,95,0,18.9,0,0,0.023,-0.024,-1.059,-0.4,-0.6,0
95.8412384000001,99,0,18.8,0,0,0.024,-0.027,-1.076,0,-0.7,0
95.8512384000001,94,0,18.8,0,0,0.024,-0.027,-1.076,0,-0.7,0
95.8612384000001,96,0,18.8,0,0,0.024,-0.027,-1.076,0,-0.7,0
95.8712384000001,93,0,18.8,0,0,0.024,-0.027,-1.076,0,-0.7,0
95.8812384000001,90,0,18.8,0,0,0.024,-0.027,-1.076,0,-0.7,0
95.8912384000001,99,0,18.9,0,0,0.028,-0.022,-1.043,0.5,-0.9,0
95.9012384000001,99,0,18.9,0,0,0.028,-0.022,-1.043,0.5,-0.9,0
95.9112384000001,99,0,18.9,0,0,0.028,-0.022,-1.043,0.5,-0.9,0
95.9212384000001,94,0,18.9,0,0,0.028,-0.022,-1.043,0.5,-0.9,0
95.9312384000001,92,0,18.9,0,0,0.028,-0.022,-1.043,0.5,-0.9,0
95.9412384000001,100,0.01,18.8,0,0,0.03,-0.016,-1.003,1.2,-0.7,0
95.9512384000001,98,0.01,18.8,0,0,0.03,-0.016,-1.003,1.2,-0.7,0
95.9612384000001,98,0.01,18.8,0,0,0.03,-0.016,-1.003,1.2,-0.7,0
95.9712384000001,99,0.01,18.8,0,0,0.03,-0.016,-1.003,1.2,-0.7,0
95.9812384000001,93,0.01,18.8,0,0,0.03,-0.016,-1.003,1.2,-0.7,0
95.9912384000001,96,0,18.9,0,0,0.031,-0.009,-0.982,1.7,-0.6,0
96.0012384000001,96,0,18.9,0,0,0.031,-0.009,-0.982,1.7,-0.6,0
96.0112384000001,97,0,18.9,0,0,0.031,-0.009,-0.982,1.7,-0.6,0
96.0212384000001,99,0,18.9,0,0,0.031,-0.009,-0.982,1.7,-0.6,0
96.0312384000001,90,0,18.9,0,0,0.031,-0.009,-0.982,1.7,-0.6,0
96.062259,95,0,18.9,0,0,0.029,-0.005,-0.995,0.8,0,0
96.072259,100,0,18.9,0,0,0.029,-0.005,-0.995,0.8,0,0
96.082259,95,0,18.9,0,0,0.029,-0.005,-0.995,0.8,0,0
96.092259,97,0,18.9,0,0,0.029,-0.005,-0.995,0.8,0,0
96.102259,96,0,18.9,0,0,0.029,-0.005,-0.995,0.8,0,0
96.1408091,97,0.01,18.8,0,0,0.028,-0.005,-1.002,1.2,-0.5,0
96.1508091,99,0.01,18.8,0,0,0.028,-0.005,-1.002,1.2,-0.5,0
96.1608091,94,0.01,18.8,0,0,0.028,-0.005,-1.002,1.2,-0.5,0
96.1708091,96,0.01,18.8,0,0,0.028,-0.005,-1.002,1.2,-0.5,0
96.1808091,94,0.01,18.8,0,0,0.028,-0.005,-1.002,1.2,-0.5,0
96.1908091,92,0,18.8,0,0,0.027,-0.01,-1.023,0.7,-0.8,0
96.2008091,97,0,18.8,0,0,0.027,-0.01,-1.023,0.7,-0.8,0
96.2108091,98,0,18.8,0,0,0.027,-0.01,-1.023,0.7,-0.8,0
96.2208091,103,0,18.8,0,0,0.027,-0.01,-1.023,0.7,-0.8,0
96.2308091,102,0,18.8,0,0,0.027,-0.01,-1.023,0.7,-0.8,0
96.2408091,88,0,18.8,0,0,0.027,-0.011,-1.008,0,-1,0
96.2508091,91,0,18.8,0,0,0.027,-0.011,-1.008,0,-1,0
96.2608091,104,0,18.8,0,0,0.027,-0.011,-1.008,0,-1,0
96.2708091,102,0,18.8,0,0,0.027,-0.011,-1.008,0,-1,0
96.2808091,99,0,18.8,0,0,0.027,-0.011,-1.008,0,-1,0
96.2908091,93,0,18.9,0,0,0.03,-0.01,-0.975,0.4,-1.2,0
96.3008091,99,0,18.9,0,0,0.03,-0.01,-0.975,0.4,-1.2,0
96.3108091,100,0,18.9,0,0,0.03,-0.01,-0.975,0.4,-1.2,0
96.3208091,94,0,18.9,0,0,0.03,-0.01,-0.975,0.4,-1.2,0
96.3308091,99,0,18.9,0,0,0.03,-0.01,-0.975,0.4,-1.2,0
96.3408091,96,0,18.9,0,0,0.032,-0.009,-0.941,0.1,-0.9,0
96.3508091,95,0,18.9,0,0,0.032,-0.009,-0.941,0.1,-0.9,0
96.3608091,97,0,18.9,0,0,0.032,-0.009,-0.941,0.1,-0.9,0
96.3708091,96,0,18.9,0,0,0.032,-0.009,-0.941,0.1,-0.9,0
96.3808091000001,101,0,18.9,0,0,0.032,-0.009,-0.941,0.1,-0.9,0
96.3908091000001,95,0,18.8,0,0,0.032,-0.01,-0.948,-0.6,-0.4,0
96.4008091000001,92,0,18.8,0,0,0.032,-0.01,-0.948,-0.6,-0.4,0
96.4108091000001,99,0,18.8,0,0,0.032,-0.01,-0.948,-0.6,-0.4,0
96.4208091000001,96,0,18.8,0,0,0.032,-0.01,-0.948,-0.6,-0.4,0
96.4308091000001,101,0,18.8,0,0,0.032,-0.01,-0.948,-0.6,-0.4,0
96.4408091000001,96,0,18.9,0,0,0.029,-0.013,-0.96,-0.6,-0.1,0
96.4508091000001,95,0,18.9,0,0,0.029,-0.013,-0.96,-0.6,-0.1,0
96.4608091000001,99,0,18.9,0,0,0.029,-0.013,-0.96,-0.6,-0.1,0
96.4708091000001,94,0,18.9,0,0,0.029,-0.013,-0.96,-0.6,-0.1,0
96.4808091000001,96,0,18.9,0,0,0.029,-0.013,-0.96,-0.6,-0.1,0
96.4908091000001,92,0.01,18.8,0,0,0.025,-0.02,-1.02,-0.7,-0.1,0
96.5008091000001,90,0.01,18.8,0,0,0.025,-0.02,-1.02,-0.7,-0.1,0
96.5108091000001,99,0.01,18.8,0,0,0.025,-0.02,-1.02,-0.7,-0.1,0
96.5208091000001,99,0.01,18.8,0,0,0.025,-0.02,-1.02,-0.7,-0.1,0
96.5308091000001,99,0.01,18.8,0,0,0.025,-0.02,-1.02,-0.7,-0.1,0
96.5408091000001,98,-0.01,18.9,0,0,0.024,-0.026,-1.057,-0.9,-0.3,0
96.5508091000001,91,-0.01,18.9,0,0,0.024,-0.026,-1.057,-0.9,-0.3,0
96.5608091000001,95,-0.01,18.9,0,0,0.024,-0.026,-1.057,-0.9,-0.3,0
96.5708091000001,98,-0.01,18.9,0,0,0.024,-0.026,-1.057,-0.9,-0.3,0
96.5808091000001,94,-0.01,18.9,0,0,0.024,-0.026,-1.057,-0.9,-0.3,0
96.5908091000001,99,0,18.9,0,0,0.024,-0.028,-1.071,-0.4,-0.7,0
96.6008091000001,96,0,18.9,0,0,0.024,-0.028,-1.071,-0.4,-0.7,0
96.6108091000001,96,0,18.9,0,0,0.024,-0.028,-1.071,-0.4,-0.7,0
96.6208091000001,96,0,18.9,0,0,0.024,-0.028,-1.071,-0.4,-0.7,0
96.6308091000001,94,0,18.9,0,0,0.024,-0.028,-1.071,-0.4,-0.7,0
96.6650537,99,0,18.9,0,0,0.03,-0.017,-1.018,1.6,-0.8,0
96.6750537,94,0,18.9,0,0,0.03,-0.017,-1.018,1.6,-0.8,0
96.6850537,91,0,18.9,0,0,0.03,-0.017,-1.018,1.6,-0.8,0
96.6950537,101,0,18.9,0,0,0.03,-0.017,-1.018,1.6,-0.8,0
96.7050537,100,0,18.9,0,0,0.03,-0.017,-1.018,1.6,-0.8,0
96.7286598,97,-0.01,18.9,0,0,0.031,-0.01,-0.99,1.5,-0.5,0
96.7386598,96,-0.01,18.9,0,0,0.031,-0.01,-0.99,1.5,-0.5,0
96.7486598,94,-0.01,18.9,0,0,0.031,-0.01,-0.99,1.5,-0.5,0
96.7586598,99,-0.01,18.9,0,0,0.031,-0.01,-0.99,1.5,-0.5,0
96.7686598,96,-0.01,18.9,0,0,0.031,-0.01,-0.99,1.5,-0.5,0
96.7786598,95,0,18.8,0,0,0.032,-0.004,-0.958,1.4,0,0
96.7886598,98,0,18.8,0,0,0.032,-0.004,-0.958,1.4,0,0
96.7986598,93,0,18.8,0,0,0.032,-0.004,-0.958,1.4,0,0
96.8086598,93,0,18.8,0,0,0.032,-0.004,-0.958,1.4,0,0
96.8186598,98,0,18.8,0,0,0.032,-0.004,-0.958,1.4,0,0
96.8286598,103,0,18.8,0,0,0.032,-0.005,-0.988,1.7,-0.1,0
96.8386598,102,0,18.8,0,0,0.032,-0.005,-0.988,1.7,-0.1,0
96.8486598,88,0,18.8,0,0,0.032,-0.005,-0.988,1.7,-0.1,0
96.8586598,91,0,18.8,0,0,0.032,-0.005,-0.988,1.7,-0.1,0
96.8686598,104,0,18.8,0,0,0.032,-0.005,-0.988,1.7,-0.1,0
96.888719,102,0,18.9,0,0,0.029,-0.006,-1.003,0.6,-0.3,0
96.898719,99,0,18.9,0,0,0.029,-0.006,-1.003,0.6,-0.3,0
96.908719,93,0,18.9,0,0,0.029,-0.006,-1.003,0.6,-0.3,0
96.918719,99,0,18.9,0,0,0.029,-0.006,-1.003,0.6,-0.3,0
96.928719,103,0,18.9,0,0,0.029,-0.006,-1.003,0.6,-0.3,0
96.938719,94,0,18.8,0,0,0.026,-0.008,-1.026,0.2,-0.6,0
96.948719,96,0,18.8,0,0,0.026,-0.008,-1.026,0.2,-0.6,0
96.958719,96,0,18.8,0,0,0.026,-0.008,-1.026,0.2,-0.6,0
96.968719,95,0,18.8,0,0,0.026,-0.008,-1.026,0.2,-0.6,0
96.978719,97,0,18.8,0,0,0.026,-0.008,-1.026,0.2,-0.6,0
96.988719,95,0,18.8,0,0,0.028,-0.01,-1,0.6,-1.2,0
96.998719,101,0,18.8,0,0,0.028,-0.01,-1,0.6,-1.2,0
97.008719,96,0,18.8,0,0,0.028,-0.01,-1,0.6,-1.2,0
97.018719,90,0,18.8,0,0,0.028,-0.01,-1,0.6,-1.2,0
97.028719,98,0,18.8,0,0,0.028,-0.01,-1,0.6,-1.2,0
97.038719,99,0,18.8,0,0,0.029,-0.013,-0.993,0.3,-1,0
97.048719,100,0,18.8,0,0,0.029,-0.013,-0.993,0.3,-1,0
97.058719,96,0,18.8,0,0,0.029,-0.013,-0.993,0.3,-1,0
97.068719,93,0,18.8,0,0,0.029,-0.013,-0.993,0.3,-1,0
97.078719,99,0,18.8,0,0,0.029,-0.013,-0.993,0.3,-1,0
97.088719,96,-0.01,18.9,0,0,0.03,-0.01,-0.959,0,-1.2,0
97.098719,96,-0.01,18.9,0,0,0.03,-0.01,-0.959,0,-1.2,0
97.108719,99,-0.01,18.9,0,0,0.03,-0.01,-0.959,0,-1.2,0
97.118719,90,-0.01,18.9,0,0,0.03,-0.01,-0.959,0,-1.2,0
97.128719,93,-0.01,18.9,0,0,0.03,-0.01,-0.959,0,-1.2,0
97.1387190000001,99,0,18.8,0,0,0.033,-0.007,-0.922,-0.3,-0.5,0
97.1487190000001,96,0,18.8,0,0,0.033,-0.007,-0.922,-0.3,-0.5,0
97.158719,98,0,18.8,0,0,0.033,-0.007,-0.922,-0.3,-0.5,0
97.1687190000001,94,0,18.8,0,0,0.033,-0.007,-0.922,-0.3,-0.5,0
97.1787190000001,95,0,18.8,0,0,0.033,-0.007,-0.922,-0.3,-0.5,0
97.1887190000001,98,0,18.9,0,0,0.031,-0.013,-0.958,-0.5,-0.2,0
97.1987190000001,95,0,18.9,0,0,0.031,-0.013,-0.958,-0.5,-0.2,0
97.2087190000001,99,0,18.9,0,0,0.031,-0.013,-0.958,-0.5,-0.2,0
97.2187190000001,97,0,18.9,0,0,0.031,-0.013,-0.958,-0.5,-0.2,0
97.2287190000001,96,0,18.9,0,0,0.031,-0.013,-0.958,-0.5,-0.2,0
97.2542077,99,-0.01,18.8,0,0,0.024,-0.022,-1.039,-1.5,-0.1,0
97.2642077,98,-0.01,18.8,0,0,0.024,-0.022,-1.039,-1.5,-0.1,0
97.2742077,98,-0.01,18.8,0,0,0.024,-0.022,-1.039,-1.5,-0.1,0
97.2842077,95,-0.01,18.8,0,0,0.024,-0.022,-1.039,-1.5,-0.1,0
97.2942077,91,-0.01,18.8,0,0,0.024,-0.022,-1.039,-1.5,-0.1,0
97.3337971,99,0,18.9,0,0,0.024,-0.024,-1.055,-0.6,-0.7,0
97.3437971,100,0,18.9,0,0,0.024,-0.024,-1.055,-0.6,-0.7,0
97.3537971,97,0,18.9,0,0,0.024,-0.024,-1.055,-0.6,-0.7,0
97.3637971,97,0,18.9,0,0,0.024,-0.024,-1.055,-0.6,-0.7,0
97.3737971,94,0,18.9,0,0,0.024,-0.024,-1.055,-0.6,-0.7,0
97.3837971,98,0,18.8,0,0,0.023,-0.029,-1.085,0,-0.8,0
97.3937971,97,0,18.8,0,0,0.023,-0.029,-1.085,0,-0.8,0
97.4037971,93,0,18.8,0,0,0.023,-0.029,-1.085,0,-0.8,0
97.4137971,98,0,18.8,0,0,0.023,-0.029,-1.085,0,-0.8,0
97.4237971,95,0,18.8,0,0,0.023,-0.029,-1.085,0,-0.8,0
97.4337971,93,0,18.9,0,0,0.028,-0.023,-1.045,0.5,-0.8,0
97.4437971,98,0,18.9,0,0,0.028,-0.023,-1.045,0.5,-0.8,0
97.4537971,97,0,18.9,0,0,0.028,-0.023,-1.045,0.5,-0.8,0
97.4637971,101,0,18.9,0,0,0.028,-0.023,-1.045,0.5,-0.8,0
97.4737971,94,0,18.9,0,0,0.028,-0.023,-1.045,0.5,-0.8,0
97.4837971,91,0,18.9,0,0,0.032,-0.014,-0.995,1.4,-0.7,0.1
97.4937971,99,0,18.9,0,0,0.032,-0.014,-0.995,1.4,-0.7,0.1
97.5037971,100,0,18.9,0,0,0.032,-0.014,-0.995,1.4,-0.7,0.1
97.5137971,101,0,18.9,0,0,0.032,-0.014,-0.995,1.4,-0.7,0.1
97.5237971,93,0,18.9,0,0,0.032,-0.014,-0.995,1.4,-0.7,0.1
97.5337971,99,0,18.9,0,0,0.032,-0.009,-0.984,1.8,-0.4,0
97.5437971,103,0,18.9,0,0,0.032,-0.009,-0.984,1.8,-0.4,0
97.5537971,94,0,18.9,0,0,0.032,-0.009,-0.984,1.8,-0.4,0
97.5637971,95,0,18.9,0,0,0.032,-0.009,-0.984,1.8,-0.4,0
97.5737971,96,0,18.9,0,0,0.032,-0.009,-0.984,1.8,-0.4,0
97.5837971000001,95,0,18.9,0,0,0.032,-0.005,-0.978,1.2,-0.1,0
97.5937971000001,97,0,18.9,0,0,0.032,-0.005,-0.978,1.2,-0.1,0
97.6037971000001,97,0,18.9,0,0,0.032,-0.005,-0.978,1.2,-0.1,0
97.6137971000001,101,0,18.9,0,0,0.032,-0.005,-0.978,1.2,-0.1,0
97.6237971000001,98,0,18.9,0,0,0.032,-0.005,-0.978,1.2,-0.1,0
97.6337971000001,90,0,18.8,0,0,0.031,-0.004,-0.983,0.8,0,0
97.6437971000001,96,0,18.8,0,0,0.031,-0.004,-0.983,0.8,0,0
97.6537971000001,99,0,18.8,0,0,0.031,-0.004,-0.983,0.8,0,0
97.6637971000001,100,0,18.8,0,0,0.031,-0.004,-0.983,0.8,0,0
97.6737971000001,101,0,18.8,0,0,0.031,-0.004,-0.983,0.8,0,0
97.7095267,90,0,18.9,0,0,0.026,-0.009,-1.026,0.6,-0.8,0
97.7195267,93,0,18.9,0,0,0.026,-0.009,-1.026,0.6,-0.8,0
97.7295267,99,0,18.9,0,0,0.026,-0.009,-1.026,0.6,-0.8,0
97.7395267,96,0,18.9,0,0,0.026,-0.009,-1.026,0.6,-0.8,0
97.7495267,99,0,18.9,0,0,0.026,-0.009,-1.026,0.6,-0.8,0
97.791077,94,-0.01,18.9,0,0,0.027,-0.01,-1.006,0.2,-1,0
97.801077,95,-0.01,18.9,0,0,0.027,-0.01,-1.006,0.2,-1,0
97.811077,100,-0.01,18.9,0,0,0.027,-0.01,-1.006,0.2,-1,0
97.821077,95,-0.01,18.9,0,0,0.027,-0.01,-1.006,0.2,-1,0
97.831077,97,-0.01,18.9,0,0,0.027,-0.01,-1.006,0.2,-1,0
97.841077,97,0,18.9,0,0,0.029,-0.011,-0.976,0.3,-1.2,0
97.851077,94,0,18.9,0,0,0.029,-0.011,-0.976,0.3,-1.2,0
97.861077,98,0,18.9,0,0,0.029,-0.011,-0.976,0.3,-1.2,0
97.871077,96,0,18.9,0,0,0.029,-0.011,-0.976,0.3,-1.2,0
97.881077,97,0,18.9,0,0,0.029,-0.011,-0.976,0.3,-1.2,0
97.891077,94,0,18.9,0,0,0.032,-0.009,-0.947,0.3,-0.9,0
97.901077,91,0,18.9,0,0,0.032,-0.009,-0.947,0.3,-0.9,0
97.911077,99,0,18.9,0,0,0.032,-0.009,-0.947,0.3,-0.9,0
97.921077,99,0,18.9,0,0,0.032,-0.009,-0.947,0.3,-0.9,0
97.931077,98,0,18.9,0,0,0.032,-0.009,-0.947,0.3,-0.9,0
97.941077,99,-0.01,18.8,0,0,0.031,-0.009,-0.941,-0.4,-0.4,0
97.951077,91,-0.01,18.8,0,0,0.031,-0.009,-0.941,-0.4,-0.4,0
97.961077,95,-0.01,18.8,0,0,0.031,-0.009,-0.941,-0.4,-0.4,0
97.971077,100,-0.01,18.8,0,0,0.031,-0.009,-0.941,-0.4,-0.4,0
97.981077,96,-0.01,18.8,0,0,0.031,-0.009,-0.941,-0.4,-0.4,0
97.991077,98,0,18.8,0,0,0.031,-0.012,-0.958,-1,0,0
98.001077,96,0,18.8,0,0,0.031,-0.012,-0.958,-1,0,0
98.011077,97,0,18.8,0,0,0.031,-0.012,-0.958,-1,0,0
98.021077,96,0,18.8,0,0,0.031,-0.012,-0.958,-1,0,0
98.031077,93,0,18.8,0,0,0.031,-0.012,-0.958,-1,0,0
98.041077,99,0,18.9,0,0,0.025,-0.02,-1.02,-0.8,-0.1,0
98.051077,94,0,18.9,0,0,0.025,-0.02,-1.02,-0.8,-0.1,0
98.061077,93,0,18.9,0,0,0.025,-0.02,-1.02,-0.8,-0.1,0
98.071077,97,0,18.9,0,0,0.025,-0.02,-1.02,-0.8,-0.1,0
98.0810770000001,97,0,18.9,0,0,0.025,-0.02,-1.02,-0.8,-0.1,0
98.0910770000001,103,0,18.9,0,0,0.024,-0.026,-1.062,-0.9,-0.4,0
98.1010770000001,94,0,18.9,0,0,0.024,-0.026,-1.062,-0.9,-0.4,0
98.1110770000001,88,0,18.9,0,0,0.024,-0.026,-1.062,-0.9,-0.4,0
98.1210770000001,99,0,18.9,0,0,0.024,-0.026,-1.062,-0.9,-0.4,0
98.1310770000001,105,0,18.9,0,0,0.024,-0.026,-1.062,-0.9,-0.4,0
98.1410770000001,103,-0.01,18.8,0,0,0.024,-0.026,-1.068,-0.6,-0.6,0
98.1510770000001,93,-0.01,18.8,0,0,0.024,-0.026,-1.068,-0.6,-0.6,0
98.1610770000001,92,-0.01,18.8,0,0,0.024,-0.026,-1.068,-0.6,-0.6,0
98.1710770000001,103,-0.01,18.8,0,0,0.024,-0.026,-1.068,-0.6,-0.6,0
98.1810770000001,101,-0.01,18.8,0,0,0.024,-0.026,-1.068,-0.6,-0.6,0
98.1910770000001,95,0,18.9,0,0,0.027,-0.024,-1.057,0.7,-1.1,0
98.2010770000001,99,0,18.9,0,0,0.027,-0.024,-1.057,0.7,-1.1,0
98.2110770000001,95,0,18.9,0,0,0.027,-0.024,-1.057,0.7,-1.1,0
98.2210770000001,95,0,18.9,0,0,0.027,-0.024,-1.057,0.7,-1.1,0
98.2310770000001,96,0,18.9,0,0,0.027,-0.024,-1.057,0.7,-1.1,0
98.2410770000001,101,0,18.9,0,0,0.028,-0.02,-1.034,1.3,-0.9,0
98.2510770000001,102,0,18.9,0,0,0.028,-0.02,-1.034,1.3,-0.9,0
98.2610770000001,90,0,18.9,0,0,0.028,-0.02,-1.034,1.3,-0.9,0
98.2710770000001,92,0,18.9,0,0,0.028,-0.02,-1.034,1.3,-0.9,0
98.2810770000001,99,0,18.9,0,0,0.028,-0.02,-1.034,1.3,-0.9,0
98.2910770000001,100,0,18.9,0,0,0.032,-0.012,-0.998,1.4,-0.8,0
98.3010770000001,101,0,18.9,0,0,0.032,-0.012,-0.998,1.4,-0.8,0
98.3110770000001,93,0,18.9,0,0,0.032,-0.012,-0.998,1.4,-0.8,0
98.3210770000001,94,0,18.9,0,0,0.032,-0.012,-0.998,1.4,-0.8,0
98.3310770000001,96,0,18.9,0,0,0.032,-0.012,-0.998,1.4,-0.8,0
98.3410770000001,94,0,18.9,0,0,0.034,-0.005,-0.956,1.5,-0.1,0
98.3510770000001,99,0,18.9,0,0,0.034,-0.005,-0.956,1.5,-0.1,0
98.3610770000001,92,0,18.9,0,0,0.034,-0.005,-0.956,1.5,-0.1,0
98.3710770000001,92,0,18.9,0,0,0.034,-0.005,-0.956,1.5,-0.1,0
98.3810770000001,99,0,18.9,0,0,0.034,-0.005,-0.956,1.5,-0.1,0
98.3910770000001,96,0,18.8,0,0,0.032,-0.005,-0.984,1.7,-0.1,0
98.4010770000001,99,0,18.8,0,0,0.032,-0.005,-0.984,1.7,-0.1,0
98.4110770000001,94,0,18.8,0,0,0.032,-0.005,-0.984,1.7,-0.1,0
98.4210770000001,91,0,18.8,0,0,0.032,-0.005,-0.984,1.7,-0.1,0
98.4310770000001,100,0,18.8,0,0,0.032,-0.005,-0.984,1.7,-0.1,0
98.4410770000001,98,0,18.9,0,0,0.029,-0.006,-0.998,0.9,-0.1,0
98.4510770000001,98,0,18.9,0,0,0.029,-0.006,-0.998,0.9,-0.1,0
98.4610770000001,97,0,18.9,0,0,0.029,-0.006,-0.998,0.9,-0.1,0
98.4710770000001,93,0,18.9,0,0,0.029,-0.006,-0.998,0.9,-0.1,0
98.4810770000001,98,0,18.9,0,0,0.029,-0.006,-0.998,0.9,-0.1,0
98.4910770000001,96,-0.01,18.9,0,0,0.026,-0.008,-1.025,0.3,-0.5,0
98.5010770000002,97,-0.01,18.9,0,0,0.026,-0.008,-1.025,0.3,-0.5,0
98.5110770000001,99,-0.01,18.9,0,0,0.026,-0.008,-1.025,0.3,-0.5,0
98.5210770000001,91,-0.01,18.9,0,0,0.026,-0.008,-1.025,0.3,-0.5,0
98.5310770000002,93,-0.01,18.9,0,0,0.026,-0.008,-1.025,0.3,-0.5,0
98.5410770000002,99,0,18.8,0,0,0.027,-0.009,-1.009,0.9,-1.2,0
98.5510770000002,98,0,18.8,0,0,0.027,-0.009,-1.009,0.9,-1.2,0
98.5610770000002,98,0,18.8,0,0,0.027,-0.009,-1.009,0.9,-1.2,0
98.5710770000002,91,0,18.8,0,0,0.027,-0.009,-1.009,0.9,-1.2,0
98.5810770000002,95,0,18.8,0,0,0.027,-0.009,-1.009,0.9,-1.2,0
98.5910770000002,99,0,18.9,0,0,0.028,-0.011,-0.996,0.6,-1.1,0
98.6010770000002,96,0,18.9,0,0,0.028,-0.011,-0.996,0.6,-1.1,0
98.6110770000002,97,0,18.9,0,0,0.028,-0.011,-0.996,0.6,-1.1,0
98.6210770000002,96,0,18.9,0,0,0.028,-0.011,-0.996,0.6,-1.1,0
98.6310770000002,98,0,18.9,0,0,0.028,-0.011,-0.996,0.6,-1.1,0
98.6410770000002,99,0,18.8,0,0,0.03,-0.008,-0.959,0,-1.2,0
98.6510770000002,94,0,18.8,0,0,0.03,-0.008,-0.959,0,-1.2,0
98.6610770000002,96,0,18.8,0,0,0.03,-0.008,-0.959,0,-1.2,0
98.6710770000002,94,0,18.8,0,0,0.03,-0.008,-0.959,0,-1.2,0
98.6810770000002,92,0,18.8,0,0,0.03,-0.008,-0.959,0,-1.2,0
98.6910770000002,97,0,18.8,0,0,0.032,-0.005,-0.918,-0.4,-0.6,0
98.7010770000002,98,0,18.8,0,0,0.032,-0.005,-0.918,-0.4,-0.6,0
98.7110770000002,102,0,18.8,0,0,0.032,-0.005,-0.918,-0.4,-0.6,0
98.7210770000002,93,0,18.8,0,0,0.032,-0.005,-0.918,-0.4,-0.6,0
98.7310770000002,88,0,18.8,0,0,0.032,-0.005,-0.918,-0.4,-0.6,0
98.7410770000002,100,0,18.8,0,0,0.03,-0.013,-0.962,-0.4,-0.3,0
98.7510770000002,104,0,18.8,0,0,0.03,-0.013,-0.962,-0.4,-0.3,0
98.7610770000002,100,0,18.8,0,0,0.03,-0.013,-0.962,-0.4,-0.3,0
98.7710770000002,96,0,18.8,0,0,0.03,-0.013,-0.962,-0.4,-0.3,0
98.7810770000002,91,0,18.8,0,0,0.03,-0.013,-0.962,-0.4,-0.3,0
98.7910770000002,98,0,18.8,0,0,0.033,-0.01,-0.989,1.8,-0.6,0
98.8010770000002,100,0,18.8,0,0,0.033,-0.01,-0.989,1.8,-0.6,0
98.8110770000002,95,0,18.8,0,0,0.033,-0.01,-0.989,1.8,-0.6,0
98.8210770000002,99,0,18.8,0,0,0.033,-0.01,-0.989,1.8,-0.6,0
98.8310770000002,95,0,18.8,0,0,0.033,-0.01,-0.989,1.8,-0.6,0
98.8410770000002,95,0,18.9,0,0,0.032,-0.006,-0.977,1.3,-0.2,0.1
98.8510770000002,96,0,18.9,0,0,0.032,-0.006,-0.977,1.3,-0.2,0.1
98.8610770000002,95,0,18.9,0,0,0.032,-0.006,-0.977,1.3,-0.2,0.1
98.8710770000002,102,0,18.9,0,0,0.032,-0.006,-0.977,1.3,-0.2,0.1
98.8810770000002,95,0,18.9,0,0,0.032,-0.006,-0.977,1.3,-0.2,0.1
98.8910770000002,92,0,18.8,0,0,0.03,-0.004,-0.979,0.9,0,0
98.9010770000002,99,0,18.8,0,0,0.03,-0.004,-0.979,0.9,0,0
98.9110770000002,96,0,18.8,0,0,0.03,-0.004,-0.979,0.9,0,0
98.9210770000002,101,0,18.8,0,0,0.03,-0.004,-0.979,0.9,0,0
98.9310770000002,97,0,18.8,0,0,0.03,-0.004,-0.979,0.9,0,0
98.9410770000002,95,0,18.8,0,0,0.028,-0.006,-1.001,0.9,-0.4,0
98.9510770000003,99,0,18.8,0,0,0.028,-0.006,-1.001,0.9,-0.4,0
98.9610770000002,94,0,18.8,0,0,0.028,-0.006,-1.001,0.9,-0.4,0
98.9710770000002,96,0,18.8,0,0,0.028,-0.006,-1.001,0.9,-0.4,0
98.9810770000003,93,0,18.8,0,0,0.028,-0.006,-1.001,0.9,-0.4,0
98.9910770000003,90,0,18.9,0,0,0.026,-0.01,-1.026,0.5,-0.7,0
99.0010770000003,99,0,18.9,0,0,0.026,-0.01,-1.026,0.5,-0.7,0
99.0110770000003,98,0,18.9,0,0,0.026,-0.01,-1.026,0.5,-0.7,0
99.0210770000003,99,0,18.9,0,0,0.026,-0.01,-1.026,0.5,-0.7,0
99.0310770000003,94,0,18.9,0,0,0.026,-0.01,-1.026,0.5,-0.7,0
99.0410770000003,91,0,18.8,0,0,0.027,-0.011,-1.013,0.3,-1,0
99.0510770000003,100,0,18.8,0,0,0.027,-0.011,-1.013,0.3,-1,0
99.0610770000003,98,0,18.8,0,0,0.027,-0.011,-1.013,0.3,-1,0
99.0710770000003,98,0,18.8,0,0,0.027,-0.011,-1.013,0.3,-1,0
99.0810770000003,99,0,18.8,0,0,0.027,-0.011,-1.013,0.3,-1,0
99.0910770000003,93,0.01,18.9,0,0,0.03,-0.01,-0.982,0.4,-1.2,0
99.1010770000003,95,0.01,18.9,0,0,0.03,-0.01,-0.982,0.4,-1.2,0
99.1110770000003,96,0.01,18.9,0,0,0.03,-0.01,-0.982,0.4,-1.2,0
99.1210770000003,97,0.01,18.9,0,0,0.03,-0.01,-0.982,0.4,-1.2,0
99.1310770000003,99,0.01,18.9,0,0,0.03,-0.01,-0.982,0.4,-1.2,0
99.1410770000003,90,0,18.9,0,0,0.032,-0.01,-0.95,0.4,-1,0
99.1510770000003,93,0,18.9,0,0,0.032,-0.01,-0.95,0.4,-1,0
99.1610770000003,99,0,18.9,0,0,0.032,-0.01,-0.95,0.4,-1,0
99.1710770000003,96,0,18.9,0,0,0.032,-0.01,-0.95,0.4,-1,0
99.1810770000003,99,0,18.9,0,0,0.032,-0.01,-0.95,0.4,-1,0
99.1910770000003,93,0,18.9,0,0,0.032,-0.011,-0.94,-0.5,-0.6,0
99.2010770000003,95,0,18.9,0,0,0.032,-0.011,-0.94,-0.5,-0.6,0
99.2110770000003,100,0,18.9,0,0,0.032,-0.011,-0.94,-0.5,-0.6,0
99.2210770000003,95,0,18.9,0,0,0.032,-0.011,-0.94,-0.5,-0.6,0
99.2310770000003,96,0,18.9,0,0,0.032,-0.011,-0.94,-0.5,-0.6,0
99.2410770000003,96,0,18.8,0,0,0.031,-0.011,-0.951,-0.9,-0.1,0
99.2510770000003,98,0,18.8,0,0,0.031,-0.011,-0.951,-0.9,-0.1,0
99.2610770000003,99,0,18.8,0,0,0.031,-0.011,-0.951,-0.9,-0.1,0
99.2710770000003,93,0,18.8,0,0,0.031,-0.011,-0.951,-0.9,-0.1,0
99.2810770000003,95,0,18.8,0,0,0.031,-0.011,-0.951,-0.9,-0.1,0
99.2910770000003,95,0,18.8,0,0,0.025,-0.017,-1.013,-0.9,-0.1,0
99.3010770000003,93,0,18.8,0,0,0.025,-0.017,-1.013,-0.9,-0.1,0
99.3110770000003,97,0,18.8,0,0,0.025,-0.017,-1.013,-0.9,-0.1,0
99.3210770000003,97,0,18.8,0,0,0.025,-0.017,-1.013,-0.9,-0.1,0
99.3310770000003,103,0,18.8,0,0,0.025,-0.017,-1.013,-0.9,-0.1,0
99.3410770000003,102,-0.01,18.9,0,0,0.023,-0.026,-1.057,-1,-0.3,0.1
99.3510770000003,88,-0.01,18.9,0,0,0.023,-0.026,-1.057,-1,-0.3,0.1
99.3610770000003,91,-0.01,18.9,0,0,0.023,-0.026,-1.057,-1,-0.3,0.1
99.3710770000003,104,-0.01,18.9,0,0,0.023,-0.026,-1.057,-1,-0.3,0.1
99.3810770000003,102,-0.01,18.9,0,0,0.023,-0.026,-1.057,-1,-0.3,0.1
99.3910770000004,99,0,18.8,0,0,0.024,-0.026,-1.067,-0.7,-0.5,0
99.4010770000004,93,0,18.8,0,0,0.024,-0.026,-1.067,-0.7,-0.5,0
99.4110770000003,98,0,18.8,0,0,0.024,-0.026,-1.067,-0.7,-0.5,0
99.4210770000004,100,0,18.8,0,0,0.024,-0.026,-1.067,-0.7,-0.5,0
99.4310770000004,95,0,18.8,0,0,0.024,-0.026,-1.067,-0.7,-0.5,0
99.4410770000004,99,0,18.9,0,0,0.024,-0.024,-1.062,0.6,-1.2,0
99.4510770000004,95,0,18.9,0,0,0.024,-0.024,-1.062,0.6,-1.2,0
99.4610770000004,96,0,18.9,0,0,0.024,-0.024,-1.062,0.6,-1.2,0
99.4710770000004,97,0,18.9,0,0,0.024,-0.024,-1.062,0.6,-1.2,0
99.4810770000004,95,0,18.9,0,0,0.024,-0.024,-1.062,0.6,-1.2,0
99.4910770000004,101,0,18.9,0,0,0.029,-0.022,-1.041,1.2,-0.9,0
99.5010770000004,95,0,18.9,0,0,0.029,-0.022,-1.041,1.2,-0.9,0
99.5110770000004,92,0,18.9,0,0,0.029,-0.022,-1.041,1.2,-0.9,0
99.5210770000004,99,0,18.9,0,0,0.029,-0.022,-1.041,1.2,-0.9,0
99.5310770000004,96,0,18.9,0,0,0.029,-0.022,-1.041,1.2,-0.9,0
99.5410770000004,100,0,18.9,0,0,0.033,-0.013,-1.002,1.2,-0.7,0
99.5510770000004,96,0,18.9,0,0,0.033,-0.013,-1.002,1.2,-0.7,0
99.5610770000004,95,0,18.9,0,0,0.033,-0.013,-1.002,1.2,-0.7,0
99.5710770000004,99,0,18.9,0,0,0.033,-0.013,-1.002,1.2,-0.7,0
99.5810770000004,94,0,18.9,0,0,0.033,-0.013,-1.002,1.2,-0.7,0
99.6147235,96,0,18.8,0,0,0.033,-0.007,-0.957,1.7,-0.3,0
99.6247235,93,0,18.8,0,0,0.033,-0.007,-0.957,1.7,-0.3,0
99.6347235,90,0,18.8,0,0,0.033,-0.007,-0.957,1.7,-0.3,0
99.6447235,99,0,18.8,0,0,0.033,-0.007,-0.957,1.7,-0.3,0
99.6547235,99,0,18.8,0,0,0.033,-0.007,-0.957,1.7,-0.3,0
99.6647235,97,0,18.9,0,0,0.029,-0.005,-0.99,1,-0.2,0
99.6747235,99,0,18.9,0,0,0.029,-0.005,-0.99,1,-0.2,0
99.6847235,94,0,18.9,0,0,0.029,-0.005,-0.99,1,-0.2,0
99.6947235,96,0,18.9,0,0,0.029,-0.005,-0.99,1,-0.2,0
99.7047235,96,0,18.9,0,0,0.029,-0.005,-0.99,1,-0.2,0
99.7147235,94,0,18.8,0,0,0.027,-0.008,-1.02,0.4,-0.3,0
99.7247235,99,0,18.8,0,0,0.027,-0.008,-1.02,0.4,-0.3,0
99.7347235,93,0,18.8,0,0,0.027,-0.008,-1.02,0.4,-0.3,0
99.7447235,93,0,18.8,0,0,0.027,-0.008,-1.02,0.4,-0.3,0
99.7547235,99,0,18.8,0,0,0.027,-0.008,-1.02,0.4,-0.3,0
99.7647235,97,0,18.9,0,0,0.027,-0.01,-1.011,0.9,-1,0
99.7747235,99,0,18.9,0,0,0.027,-0.01,-1.011,0.9,-1,0
99.7847235,93,0,18.9,0,0,0.027,-0.01,-1.011,0.9,-1,0
99.7947235,95,0,18.9,0,0,0.027,-0.01,-1.011,0.9,-1,0
99.8047235,101,0,18.9,0,0,0.027,-0.01,-1.011,0.9,-1,0
99.8147235,96,0,18.8,0,0,0.029,-0.011,-1.003,0.6,-1,0
99.8247235,97,0,18.8,0,0,0.029,-0.011,-1.003,0.6,-1,0
99.8347235,96,0,18.8,0,0,0.029,-0.011,-1.003,0.6,-1,0
99.8447235,94,0,18.8,0,0,0.029,-0.011,-1.003,0.6,-1,0
99.8547235,99,0,18.8,0,0,0.029,-0.011,-1.003,0.6,-1,0
99.8889108,97,0,18.9,0,0,0.029,-0.009,-0.969,0.1,-1.3,0
99.8989108,95,0,18.9,0,0,0.029,-0.009,-0.969,0.1,-1.3,0
99.9089108,98,0,18.9,0,0,0.029,-0.009,-0.969,0.1,-1.3,0
99.9189108,93,0,18.9,0,0,0.029,-0.009,-0.969,0.1,-1.3,0
99.9289108,93,0,18.9,0,0,0.029,-0.009,-0.969,0.1,-1.3,0
99.9389108,98,0,18.8,0,0,0.033,-0.007,-0.918,-0.2,-0.7,0
99.9489108,103,0,18.8,0,0,0.033,-0.007,-0.918,-0.2,-0.7,0
99.9589108,102,0,18.8,0,0,0.033,-0.007,-0.918,-0.2,-0.7,0
99.9689108,88,0,18.8,0,0,0.033,-0.007,-0.918,-0.2,-0.7,0
99.9789108,91,0,18.8,0,0,0.033,-0.007,-0.918,-0.2,-0.7,0
99.9889108,104,0,18.9,0,0,0.031,-0.011,-0.953,-0.3,-0.4,0
99.9989108,102,0,18.9,0,0,0.031,-0.011,-0.953,-0.3,-0.4,0
100.0089108,99,0,18.9,0,0,0.031,-0.011,-0.953,-0.3,-0.4,0
100.0189108,93,0,18.9,0,0,0.031,-0.011,-0.953,-0.3,-0.4,0
100.0289108,99,0,18.9,0,0,0.031,-0.011,-0.953,-0.3,-0.4,0
100.0389108,100,0,18.8,0,0,0.029,-0.013,-0.963,-1.2,0,0
100.0489108,94,0,18.8,0,0,0.029,-0.013,-0.963,-1.2,0,0
100.0589108,99,0,18.8,0,0,0.029,-0.013,-0.963,-1.2,0,0
100.0689108,95,0,18.8,0,0,0.029,-0.013,-0.963,-1.2,0,0
100.0789108,95,0,18.8,0,0,0.029,-0.013,-0.963,-1.2,0,0
100.0889108,98,0,18.9,0,0,0.024,-0.02,-1.017,-1.6,0,0
100.0989108,95,0,18.9,0,0,0.024,-0.02,-1.017,-1.6,0,0
100.1089108,101,0,18.9,0,0,0.024,-0.02,-1.017,-1.6,0,0
100.1189108,96,0,18.9,0,0,0.024,-0.02,-1.017,-1.6,0,0
100.1289108,90,0,18.9,0,0,0.024,-0.02,-1.017,-1.6,0,0
100.1389108,99,0,18.9,0,0,0.025,-0.024,-1.051,-0.7,-0.4,0
100.1489108,99,0,18.9,0,0,0.025,-0.024,-1.051,-0.7,-0.4,0
100.1589108,100,0,18.9,0,0,0.025,-0.024,-1.051,-0.7,-0.4,0
100.1689108,96,0,18.9,0,0,0.025,-0.024,-1.051,-0.7,-0.4,0
100.1789108,93,0,18.9,0,0,0.025,-0.024,-1.051,-0.7,-0.4,0
100.1889108,99,0,18.8,0,0,0.024,-0.029,-1.076,-0.6,-0.6,0
100.1989108,96,0,18.8,0,0,0.024,-0.029,-1.076,-0.6,-0.6,0
100.2089108,96,0,18.8,0,0,0.024,-0.029,-1.076,-0.6,-0.6,0
100.2189108,99,0,18.8,0,0,0.024,-0.029,-1.076,-0.6,-0.6,0
100.2289108,90,0,18.8,0,0,0.024,-0.029,-1.076,-0.6,-0.6,0
100.2389108,93,0,18.8,0,0,0.025,-0.025,-1.062,0,-0.9,0
100.2489108,99,0,18.8,0,0,0.025,-0.025,-1.062,0,-0.9,0
100.2589108,99,0,18.8,0,0,0.025,-0.025,-1.062,0,-0.9,0
100.2689108,99,0,18.8,0,0,0.025,-0.025,-1.062,0,-0.9,0
100.2789108,92,0,18.8,0,0,0.025,-0.025,-1.062,0,-0.9,0
100.2889108,95,0.01,18.9,0,0,0.028,-0.019,-1.021,0.9,-0.9,0
100.2989108,98,0.01,18.9,0,0,0.028,-0.019,-1.021,0.9,-0.9,0
100.3089108,95,0.01,18.9,0,0,0.028,-0.019,-1.021,0.9,-0.9,0
100.3189108,99,0.01,18.9,0,0,0.028,-0.019,-1.021,0.9,-0.9,0
100.3289108,97,0.01,18.9,0,0,0.028,-0.019,-1.021,0.9,-0.9,0
100.3515578,96,0,18.9,0,0,0.031,-0.012,-1.004,1.7,-0.7,0
100.3615578,99,0,18.9,0,0,0.031,-0.012,-1.004,1.7,-0.7,0
100.3715578,94,0,18.9,0,0,0.031,-0.012,-1.004,1.7,-0.7,0
100.3815578,97,0,18.9,0,0,0.031,-0.012,-1.004,1.7,-0.7,0
100.3915578,93,0,18.9,0,0,0.031,-0.012,-1.004,1.7,-0.7,0
100.4163223,90,0,18.9,0,0,0.03,-0.005,-0.981,1,0,0
100.4263223,101,0,18.9,0,0,0.03,-0.005,-0.981,1,0,0
100.4363223,100,0,18.9,0,0,0.03,-0.005,-0.981,1,0,0
100.4463223,97,0,18.9,0,0,0.03,-0.005,-0.981,1,0,0
100.4563223,98,0,18.9,0,0,0.03,-0.005,-0.981,1,0,0
100.4806309,94,0,18.8,0,0,0.029,-0.005,-0.992,1.4,-0.3,0
100.4906309,97,0,18.8,0,0,0.029,-0.005,-0.992,1.4,-0.3,0
100.5006309,97,0,18.8,0,0,0.029,-0.005,-0.992,1.4,-0.3,0
100.5106309,96,0,18.8,0,0,0.029,-0.005,-0.992,1.4,-0.3,0
100.5206309,98,0,18.8,0,0,0.029,-0.005,-0.992,1.4,-0.3,0
100.5306309,92,0,18.8,0,0,0.026,-0.008,-1.024,0.8,-0.6,0
100.5406309,93,0,18.8,0,0,0.026,-0.008,-1.024,0.8,-0.6,0
100.5506309,98,0,18.8,0,0,0.026,-0.008,-1.024,0.8,-0.6,0
100.5606309,97,0,18.8,0,0,0.026,-0.008,-1.024,0.8,-0.6,0
100.5706309,102,0,18.8,0,0,0.026,-0.008,-1.024,0.8,-0.6,0
100.5806309,94,-0.01,18.9,0,0,0.027,-0.009,-1.012,0.1,-0.9,0
100.5906309,91,-0.01,18.9,0,0,0.027,-0.009,-1.012,0.1,-0.9,0
100.6006309,104,-0.01,18.9,0,0,0.027,-0.009,-1.012,0.1,-0.9,0
100.6106309,102,-0.01,18.9,0,0,0.027,-0.009,-1.012,0.1,-0.9,0
100.6206309,99,-0.01,18.9,0,0,0.027,-0.009,-1.012,0.1,-0.9,0
100.6306309,93,0,18.9,0,0,0.028,-0.011,-0.994,0.5,-1.4,0
100.6406309,99,0,18.9,0,0,0.028,-0.011,-0.994,0.5,-1.4,0
100.6506309,104,0,18.9,0,0,0.028,-0.011,-0.994,0.5,-1.4,0
100.6606309,94,0,18.9,0,0,0.028,-0.011,-0.994,0.5,-1.4,0
100.6706309,95,0,18.9,0,0,0.028,-0.011,-0.994,0.5,-1.4,0
100.7095896,95,-0.01,18.8,0,0,0.032,-0.011,-0.947,-0.4,-0.7,0
100.7195896,90,-0.01,18.8,0,0,0.032,-0.011,-0.947,-0.4,-0.7,0
100.7295896,99,-0.01,18.8,0,0,0.032,-0.011,-0.947,-0.4,-0.7,0
100.7395896,99,-0.01,18.8,0,0,0.032,-0.011,-0.947,-0.4,-0.7,0
100.7495896,100,-0.01,18.8,0,0,0.032,-0.011,-0.947,-0.4,-0.7,0
100.7929288,101,0,18.8,0,0,0.032,-0.011,-0.943,-0.4,-0.3,0
100.8029288,93,0,18.8,0,0,0.032,-0.011,-0.943,-0.4,-0.3,0
100.8129288,95,0,18.8,0,0,0.032,-0.011,-0.943,-0.4,-0.3,0
100.8229288,97,0,18.8,0,0,0.032,-0.011,-0.943,-0.4,-0.3,0
100.8329288,96,0,18.8,0,0,0.032,-0.011,-0.943,-0.4,-0.3,0
100.8429288,98,0.01,18.8,0,0,0.028,-0.015,-0.986,-0.7,-0.1,0
100.8529288,90,0.01,18.8,0,0,0.028,-0.015,-0.986,-0.7,-0.1,0
100.8629288,93,0.01,18.8,0,0,0.028,-0.015,-0.986,-0.7,-0.1,0
100.8729288,99,0.01,18.8,0,0,0.028,-0.015,-0.986,-0.7,-0.1,0
100.8829288,96,0.01,18.8,0,0,0.028,-0.015,-0.986,-0.7,-0.1,0
100.8929288,98,0,18.9,0,0,0.025,-0.02,-1.027,-1.2,-0.1,0
100.9029288,94,0,18.9,0,0,0.025,-0.02,-1.027,-1.2,-0.1,0
100.9129288,95,0,18.9,0,0,0.025,-0.02,-1.027,-1.2,-0.1,0
100.9229288,100,0,18.9,0,0,0.025,-0.02,-1.027,-1.2,-0.1,0
100.9329288,94,0,18.9,0,0,0.025,-0.02,-1.027,-1.2,-0.1,0
100.9429288,97,0,18.9,0,0,0.024,-0.026,-1.058,-1,-0.3,0
100.9529288,97,0,18.9,0,0,0.024,-0.026,-1.058,-1,-0.3,0
100.9629288,95,0,18.9,0,0,0.024,-0.026,-1.058,-1,-0.3,0
100.9729288,98,0,18.9,0,0,0.024,-0.026,-1.058,-1,-0.3,0
100.9829288,94,0,18.9,0,0,0.024,-0.026,-1.058,-1,-0.3,0
100.9929288,96,0,18.9,0,0,0.025,-0.026,-1.065,0.1,-1,0
101.0029288,93,0,18.9,0,0,0.025,-0.026,-1.065,0.1,-1,0
101.0129288,91,0,18.9,0,0,0.025,-0.026,-1.065,0.1,-1,0
101.0229288,99,0,18.9,0,0,0.025,-0.026,-1.065,0.1,-1,0
101.0329288,99,0,18.9,0,0,0.025,-0.026,-1.065,0.1,-1,0
101.0429288,99,0,18.9,0,0,0.026,-0.023,-1.054,0.9,-0.9,0.1
101.0529288,99,0,18.9,0,0,0.026,-0.023,-1.054,0.9,-0.9,0.1
101.0629288,91,0,18.9,0,0,0.026,-0.023,-1.054,0.9,-0.9,0.1
101.0729288,95,0,18.9,0,0,0.026,-0.023,-1.054,0.9,-0.9,0.1
101.0829288,99,0,18.9,0,0,0.026,-0.023,-1.054,0.9,-0.9,0.1
101.0929288,96,0,18.8,0,0,0.029,-0.018,-1.022,1,-0.9,0
101.1029288,97,0,18.8,0,0,0.029,-0.018,-1.022,1,-0.9,0
101.1129288,95,0,18.8,0,0,0.029,-0.018,-1.022,1,-0.9,0
101.1229288,98,0,18.8,0,0,0.029,-0.018,-1.022,1,-0.9,0
101.1329288,97,0,18.8,0,0,0.029,-0.018,-1.022,1,-0.9,0
101.1429288,94,0,18.8,0,0,0.034,-0.008,-0.964,1.7,-0.3,0
101.1529288,98,0,18.8,0,0,0.034,-0.008,-0.964,1.7,-0.3,0
101.1629288,94,0,18.8,0,0,0.034,-0.008,-0.964,1.7,-0.3,0
101.1729288,93,0,18.8,0,0,0.034,-0.008,-0.964,1.7,-0.3,0
101.1829288,97,0,18.8,0,0,0.034,-0.008,-0.964,1.7,-0.3,0
101.1929288,96,0,18.9,0,0,0.032,-0.004,-0.976,2,-0.1,0
101.2029288,102,0,18.9,0,0,0.032,-0.004,-0.976,2,-0.1,0
101.2129288,94,0,18.9,0,0,0.032,-0.004,-0.976,2,-0.1,0
101.2229288,91,0,18.9,0,0,0.032,-0.004,-0.976,2,-0.1,0
101.2329288,100,0,18.9,0,0,0.032,-0.004,-0.976,2,-0.1,0
101.2429288,102,0,18.9,0,0,0.031,-0.003,-0.984,1.1,-0.1,0.1
101.2529288,102,0,18.9,0,0,0.031,-0.003,-0.984,1.1,-0.1,0.1
101.2629288,92,0,18.9,0,0,0.031,-0.003,-0.984,1.1,-0.1,0.1
101.2729288,91,0,18.9,0,0,0.031,-0.003,-0.984,1.1,-0.1,0.1
101.2829288,103,0,18.9,0,0,0.031,-0.003,-0.984,1.1,-0.1,0.1
101.3028876,101,0,18.9,0,0,0.027,-0.006,-1.011,0.5,-0.2,0
101.3128876,95,0,18.9,0,0,0.027,-0.006,-1.011,0.5,-0.2,0
101.3228876,97,0,18.9,0,0,0.027,-0.006,-1.011,0.5,-0.2,0
101.3328876,95,0,18.9,0,0,0.027,-0.006,-1.011,0.5,-0.2,0
101.3428876,97,0,18.9,0,0,0.027,-0.006,-1.011,0.5,-0.2,0
101.3528876,99,0,18.8,0,0,0.027,-0.011,-1.007,0.3,-0.9,0
101.3628876,99,0,18.8,0,0,0.027,-0.011,-1.007,0.3,-0.9,0
101.3728876,100,0,18.8,0,0,0.027,-0.011,-1.007,0.3,-0.9,0
101.3828876,93,0,18.8,0,0,0.027,-0.011,-1.007,0.3,-0.9,0
101.3928876,95,0,18.8,0,0,0.027,-0.011,-1.007,0.3,-0.9,0
101.41558,97,0,18.8,0,0,0.029,-0.012,-0.985,0.2,-1.3,0
101.42558,94,0,18.8,0,0,0.029,-0.012,-0.985,0.2,-1.3,0
101.43558,98,0,18.8,0,0,0.029,-0.012,-0.985,0.2,-1.3,0
101.44558,92,0,18.8,0,0,0.029,-0.012,-0.985,0.2,-1.3,0
101.45558,93,0,18.8,0,0,0.029,-0.012,-0.985,0.2,-1.3,0
101.46558,99,0,18.9,0,0,0.033,-0.007,-0.929,0.1,-1,0
101.47558,96,0,18.9,0,0,0.033,-0.007,-0.929,0.1,-1,0
101.48558,99,0,18.9,0,0,0.033,-0.007,-0.929,0.1,-1,0
101.49558,94,0,18.9,0,0,0.033,-0.007,-0.929,0.1,-1,0
101.50558,95,0,18.9,0,0,0.033,-0.007,-0.929,0.1,-1,0
101.5271444,100,0.01,18.9,0,0,0.031,-0.009,-0.947,-0.2,-0.5,0
101.5371444,94,0.01,18.9,0,0,0.031,-0.009,-0.947,-0.2,-0.5,0
101.5471444,97,0.01,18.9,0,0,0.031,-0.009,-0.947,-0.2,-0.5,0
101.5571444,97,0.01,18.9,0,0,0.031,-0.009,-0.947,-0.2,-0.5,0
101.5671444,94,0.01,18.9,0,0,0.031,-0.009,-0.947,-0.2,-0.5,0
101.6136326,93,0,18.9,0,0,0.027,-0.017,-1.002,-1.6,0,0
101.6236326,99,0,18.9,0,0,0.027,-0.017,-1.002,-1.6,0,0
101.6336326,98,0,18.9,0,0,0.027,-0.017,-1.002,-1.6,0,0
101.6436326,99,0,18.9,0,0,0.027,-0.017,-1.002,-1.6,0,0
101.6536326,91,0,18.9,0,0,0.027,-0.017,-1.002,-1.6,0,0
101.6798421,95,0.01,18.8,0,0,0.023,-0.021,-1.038,-0.8,-0.4,0
101.6898421,100,0.01,18.8,0,0,0.023,-0.021,-1.038,-0.8,-0.4,0
101.6998421,96,0.01,18.8,0,0,0.023,-0.021,-1.038,-0.8,-0.4,0
101.7098421,98,0.01,18.8,0,0,0.023,-0.021,-1.038,-0.8,-0.4,0
101.7198421,96,0.01,18.8,0,0,0.023,-0.021,-1.038,-0.8,-0.4,0
101.7298421,97,0,18.8,0,0,0.025,-0.029,-1.082,-0.7,-0.5,0
101.7398421,99,0,18.8,0,0,0.025,-0.029,-1.082,-0.7,-0.5,0
101.7498421,93,0,18.8,0,0,0.025,-0.029,-1.082,-0.7,-0.5,0
101.7598421,96,0,18.8,0,0,0.025,-0.029,-1.082,-0.7,-0.5,0
101.7698421,94,0,18.8,0,0,0.025,-0.029,-1.082,-0.7,-0.5,0
101.7798421,93,0,18.9,0,0,0.028,-0.027,-1.07,-0.1,-0.8,0
101.7898421,97,0,18.9,0,0,0.028,-0.027,-1.07,-0.1,-0.8,0
101.7998421,97,0,18.9,0,0,0.028,-0.027,-1.07,-0.1,-0.8,0
101.8098421,102,0,18.9,0,0,0.028,-0.027,-1.07,-0.1,-0.8,0
101.8198421,93,0,18.9,0,0,0.028,-0.027,-1.07,-0.1,-0.8,0
101.8298421,88,0,18.9,0,0,0.026,-0.009,-1.017,0.1,-0.9,0.1
101.8398421,100,0,18.9,0,0,0.026,-0.009,-1.017,0.1,-0.9,0.1
101.8498421,105,0,18.9,0,0,0.026,-0.009,-1.017,0.1,-0.9,0.1
101.8598421,103,0,18.9,0,0,0.026,-0.009,-1.017,0.1,-0.9,0.1
101.8698421,96,0,18.9,0,0,0.026,-0.009,-1.017,0.1,-0.9,0.1
101.8798421,92,0,18.8,0,0,0.03,-0.012,-0.996,0.5,-1.2,0
101.8898421,101,0,18.8,0,0,0.03,-0.012,-0.996,0.5,-1.2,0
101.8998421,100,0,18.8,0,0,0.03,-0.012,-0.996,0.5,-1.2,0
101.9098421,95,0,18.8,0,0,0.03,-0.012,-0.996,0.5,-1.2,0
101.9198421,99,0,18.8,0,0,0.03,-0.012,-0.996,0.5,-1.2,0
101.9298421,95,0,18.9,0,0,0.031,-0.01,-0.96,0.4,-1.1,0
101.9398421,95,0,18.9,0,0,0.031,-0.01,-0.96,0.4,-1.1,0
101.9498421,96,0,18.9,0,0,0.031,-0.01,-0.96,0.4,-1.1,0
101.9598421,101,0,18.9,0,0,0.031,-0.01,-0.96,0.4,-1.1,0
101.9698421,102,0,18.9,0,0,0.031,-0.01,-0.96,0.4,-1.1,0
101.9823214,90,0,18.9,0,0,0.032,-0.01,-0.947,-0.3,-0.8,0
101.9923214,92,0,18.9,0,0,0.032,-0.01,-0.947,-0.3,-0.8,0
102.0023214,99,0,18.9,0,0,0.032,-0.01,-0.947,-0.3,-0.8,0
102.0123214,96,0,18.9,0,0,0.032,-0.01,-0.947,-0.3,-0.8,0
102.0223214,101,0,18.9,0,0,0.032,-0.01,-0.947,-0.3,-0.8,0
102.0323214,96,0,18.9,0,0,0.029,-0.011,-0.941,-0.3,-0.3,0
102.0423214,95,0,18.9,0,0,0.029,-0.011,-0.941,-0.3,-0.3,0
102.0523214,99,0,18.9,0,0,0.029,-0.011,-0.941,-0.3,-0.3,0
102.0623214,94,0,18.9,0,0,0.029,-0.011,-0.941,-0.3,-0.3,0
102.0723214,96,0,18.9,0,0,0.029,-0.011,-0.941,-0.3,-0.3,0
102.0823214,92,0,18.9,0,0,0.029,-0.015,-0.98,-0.7,-0.1,0
102.0923214,93,0,18.9,0,0,0.029,-0.015,-0.98,-0.7,-0.1,0
102.1023214,99,0,18.9,0,0,0.029,-0.015,-0.98,-0.7,-0.1,0
102.1123214,96,0,18.9,0,0,0.029,-0.015,-0.98,-0.7,-0.1,0
102.1223214,99,0,18.9,0,0,0.029,-0.015,-0.98,-0.7,-0.1,0
102.1323214,94,-0.01,18.8,0,0,0.025,-0.02,-1.022,-1.2,-0.1,0
102.1423214,91,-0.01,18.8,0,0,0.025,-0.02,-1.022,-1.2,-0.1,0
102.1523214,100,-0.01,18.8,0,0,0.025,-0.02,-1.022,-1.2,-0.1,0
102.1623214,98,-0.01,18.8,0,0,0.025,-0.02,-1.022,-1.2,-0.1,0
102.1723214,97,-0.01,18.8,0,0,0.025,-0.02,-1.022,-1.2,-0.1,0
102.1823214,99,0,18.8,0,0,0.024,-0.024,-1.055,-1,-0.3,0
102.1923214,94,0,18.8,0,0,0.024,-0.024,-1.055,-1,-0.3,0
102.2023214,96,0,18.8,0,0,0.024,-0.024,-1.055,-1,-0.3,0
102.2123214,96,0,18.8,0,0,0.024,-0.024,-1.055,-1,-0.3,0
102.2223214,97,0,18.8,0,0,0.024,-0.024,-1.055,-1,-0.3,0
102.2323214,99,0,18.8,0,0,0.024,-0.025,-1.067,0,-0.9,0
102.2423214,90,0,18.8,0,0,0.024,-0.025,-1.067,0,-0.9,0
102.2523214,93,0,18.8,0,0,0.024,-0.025,-1.067,0,-0.9,0
102.2623214,99,0,18.8,0,0,0.024,-0.025,-1.067,0,-0.9,0
102.2723214,96,0,18.8,0,0,0.024,-0.025,-1.067,0,-0.9,0
102.2830892,99,0,18.9,0,0,0.026,-0.025,-1.062,0.7,-1,0.1
102.2930892,93,0,18.9,0,0,0.026,-0.025,-1.062,0.7,-1,0.1
102.3030892,95,0,18.9,0,0,0.026,-0.025,-1.062,0.7,-1,0.1
102.3130892,100,0,18.9,0,0,0.026,-0.025,-1.062,0.7,-1,0.1
102.3230892,95,0,18.9,0,0,0.026,-0.025,-1.062,0.7,-1,0.1
102.3330892,97,-0.01,18.9,0,0,0.029,-0.02,-1.032,0.9,-0.9,0
102.3430892,96,-0.01,18.9,0,0,0.029,-0.02,-1.032,0.9,-0.9,0
102.3530892,97,-0.01,18.9,0,0,0.029,-0.02,-1.032,0.9,-0.9,0
102.3630892,99,-0.01,18.9,0,0,0.029,-0.02,-1.032,0.9,-0.9,0
102.3730892,94,-0.01,18.9,0,0,0.029,-0.02,-1.032,0.9,-0.9,0
102.3830892,96,0,18.9,0,0,0.034,-0.008,-0.967,1.7,-0.5,0
102.3930892,94,0,18.9,0,0,0.034,-0.008,-0.967,1.7,-0.5,0
102.4030892,92,0,18.9,0,0,0.034,-0.008,-0.967,1.7,-0.5,0
102.4130892,97,0,18.9,0,0,0.034,-0.008,-0.967,1.7,-0.5,0
102.4230892,98,0,18.9,0,0,0.034,-0.008,-0.967,1.7,-0.5,0
102.4330892,102,0,18.8,0,0,0.031,-0.004,-0.978,2,-0.2,0
102.4430892,99,0,18.8,0,0,0.031,-0.004,-0.978,2,-0.2,0
102.4530892,88,0,18.8,0,0,0.031,-0.004,-0.978,2,-0.2,0
102.4630892,95,0,18.8,0,0,0.031,-0.004,-0.978,2,-0.2,0
102.4730892,105,0,18.8,0,0,0.031,-0.004,-0.978,2,-0.2,0
102.5099846,95,0,18.9,0,0,0.029,-0.006,-1.003,0.6,-0.2,0
102.5199846,99,0,18.9,0,0,0.029,-0.006,-1.003,0.6,-0.2,0
102.5299846,95,0,18.9,0,0,0.029,-0.006,-1.003,0.6,-0.2,0
102.5399846,95,0,18.9,0,0,0.029,-0.006,-1.003,0.6,-0.2,0
102.5499846,97,0,18.9,0,0,0.029,-0.006,-1.003,0.6,-0.2,0
102.5830478,96,0,18.9,0,0,0.027,-0.007,-1.013,1,-0.8,0
102.5930478,101,0,18.9,0,0,0.027,-0.007,-1.013,1,-0.8,0
102.6030478,96,0,18.9,0,0,0.027,-0.007,-1.013,1,-0.8,0
102.6130478,93,0,18.9,0,0,0.027,-0.007,-1.013,1,-0.8,0
102.6230478,99,0,18.9,0,0,0.027,-0.007,-1.013,1,-0.8,0
102.6642784,94,0,18.8,0,0,0.028,-0.012,-0.997,0.3,-1.3,0
102.6742784,97,0,18.8,0,0,0.028,-0.012,-0.997,0.3,-1.3,0
102.6842784,93,0,18.8,0,0,0.028,-0.012,-0.997,0.3,-1.3,0
102.6942784,90,0,18.8,0,0,0.028,-0.012,-0.997,0.3,-1.3,0
102.7042784,99,0,18.8,0,0,0.028,-0.012,-0.997,0.3,-1.3,0
102.7258748,99,0,18.9,0,0,0.032,-0.008,-0.937,0.3,-1,0
102.7358748,99,0,18.9,0,0,0.032,-0.008,-0.937,0.3,-1,0
102.7458748,97,0,18.9,0,0,0.032,-0.008,-0.937,0.3,-1,0
102.7558748,92,0,18.9,0,0,0.032,-0.008,-0.937,0.3,-1,0
102.7658748,97,0,18.9,0,0,0.032,-0.008,-0.937,0.3,-1,0
102.7758748,98,0,18.9,0,0,0.03,-0.009,-0.946,0,-0.7,0
102.7858748,97,0,18.9,0,0,0.03,-0.009,-0.946,0,-0.7,0
102.7958748,99,0,18.9,0,0,0.03,-0.009,-0.946,0,-0.7,0
102.8058748,94,0,18.9,0,0,0.03,-0.009,-0.946,0,-0.7,0
102.8158748,96,0,18.9,0,0,0.03,-0.009,-0.946,0,-0.7,0
102.8258748,95,-0.01,18.9,0,0,0.032,-0.01,-0.942,-0.7,-0.3,0
102.8358748,94,-0.01,18.9,0,0,0.032,-0.01,-0.942,-0.7,-0.3,0
102.8458748,99,-0.01,18.9,0,0,0.032,-0.01,-0.942,-0.7,-0.3,0
102.8558748,93,-0.01,18.9,0,0,0.032,-0.01,-0.942,-0.7,-0.3,0
102.8658748,93,-0.01,18.9,0,0,0.032,-0.01,-0.942,-0.7,-0.3,0
102.8886743,99,0,18.9,0,0,0.028,-0.015,-0.98,-1.5,0,0
102.8986743,96,0,18.9,0,0,0.028,-0.015,-0.98,-1.5,0,0
102.9086743,98,0,18.9,0,0,0.028,-0.015,-0.98,-1.5,0,0
102.9186743,93,0,18.9,0,0,0.028,-0.015,-0.98,-1.5,0,0
102.9286743,95,0,18.9,0,0,0.028,-0.015,-0.98,-1.5,0,0
102.9386743,101,0,18.9,0,0,0.024,-0.02,-1.026,-0.9,-0.3,0
102.9486743,95,0,18.9,0,0,0.024,-0.02,-1.026,-0.9,-0.3,0
102.9586743,97,0,18.9,0,0,0.024,-0.02,-1.026,-0.9,-0.3,0
102.9686743,96,0,18.9,0,0,0.024,-0.02,-1.026,-0.9,-0.3,0
102.9786743,94,0,18.9,0,0,0.024,-0.02,-1.026,-0.9,-0.3,0
102.9886743,99,0,18.8,0,0,0.023,-0.027,-1.073,-1,-0.4,0
102.9986743,96,0,18.8,0,0,0.023,-0.027,-1.073,-1,-0.4,0
103.0086743,95,0,18.8,0,0,0.023,-0.027,-1.073,-1,-0.4,0
103.0186743,97,0,18.8,0,0,0.023,-0.027,-1.073,-1,-0.4,0
103.0286743,92,0,18.8,0,0,0.023,-0.027,-1.073,-1,-0.4,0
103.0386743,94,0,18.9,0,0,0.024,-0.027,-1.074,-0.4,-0.8,0
103.0486743,98,0,18.9,0,0,0.024,-0.027,-1.074,-0.4,-0.8,0
103.0586743,102,0,18.9,0,0,0.024,-0.027,-1.074,-0.4,-0.8,0
103.0686743,102,0,18.9,0,0,0.024,-0.027,-1.074,-0.4,-0.8,0
103.0786743,88,0,18.9,0,0,0.024,-0.027,-1.074,-0.4,-0.8,0
106.1133657,104,0,18.8,0,0,0.029,-0.014,-0.991,-0.6,-0.2,0
106.1233657,103,0,18.8,0,0,0.029,-0.014,-0.991,-0.6,-0.2,0
106.1333657,110,0,18.8,0,0,0.029,-0.014,-0.991,-0.6,-0.2,0
106.1433657,105,0,18.8,0,0,0.029,-0.014,-0.991,-0.6,-0.2,0
106.1533657,101,0,18.8,0,0,0.029,-0.014,-0.991,-0.6,-0.2,0
106.2085247,104,0,18.8,0,0,0.028,-0.008,-0.993,0.7,-0.4,0
106.2185247,107,0,18.8,0,0,0.028,-0.008,-0.993,0.7,-0.4,0
106.2285247,103,0,18.8,0,0,0.028,-0.008,-0.993,0.7,-0.4,0
106.2385247,104,0,18.8,0,0,0.028,-0.008,-0.993,0.7,-0.4,0
106.2485247,106,0,18.8,0,0,0.028,-0.008,-0.993,0.7,-0.4,0
106.2585247,106,0,18.9,0,0,0.03,-0.009,-0.975,0.8,-0.4,0
106.2685247,106,0,18.9,0,0,0.03,-0.009,-0.975,0.8,-0.4,0
106.2785247,103,0,18.9,0,0,0.03,-0.009,-0.975,0.8,-0.4,0
106.2885247,108,0,18.9,0,0,0.03,-0.009,-0.975,0.8,-0.4,0
106.2985247,105,0,18.9,0,0,0.03,-0.009,-0.975,0.8,-0.4,0
106.3334129,105,0,18.9,0,0,0.03,-0.016,-1.005,0.9,-0.7,0
106.3434129,103,0,18.9,0,0,0.03,-0.016,-1.005,0.9,-0.7,0
106.3534129,103,0,18.9,0,0,0.03,-0.016,-1.005,0.9,-0.7,0
106.3634129,107,0,18.9,0,0,0.03,-0.016,-1.005,0.9,-0.7,0
106.3734129,104,0,18.9,0,0,0.03,-0.016,-1.005,0.9,-0.7,0
106.4113686,108,-0.01,18.9,0,0,0.026,-0.022,-1.054,-0.1,-0.5,0
106.4213686,103,-0.01,18.9,0,0,0.026,-0.022,-1.054,-0.1,-0.5,0
106.4313686,104,-0.01,18.9,0,0,0.026,-0.022,-1.054,-0.1,-0.5,0
106.4413686,107,-0.01,18.9,0,0,0.026,-0.022,-1.054,-0.1,-0.5,0
106.4513686,106,-0.01,18.9,0,0,0.026,-0.022,-1.054,-0.1,-0.5,0
106.4613686,104,0,18.9,0,0,0.028,-0.015,-1.005,0.6,-0.8,0
106.4713686,103,0,18.9,0,0,0.028,-0.015,-1.005,0.6,-0.8,0
106.4813686,106,0,18.9,0,0,0.028,-0.015,-1.005,0.6,-0.8,0
106.4913686,105,0,18.9,0,0,0.028,-0.015,-1.005,0.6,-0.8,0
106.5013686,114,0,18.9,0,0,0.028,-0.015,-1.005,0.6,-0.8,0
106.7230083,107,0,18.9,0,0,0.027,-0.013,-1.009,-0.3,-0.7,0
106.7330083,100,0,18.9,0,0,0.027,-0.013,-1.009,-0.3,-0.7,0
106.7430083,113,0,18.9,0,0,0.027,-0.013,-1.009,-0.3,-0.7,0
106.7530083,113,0,18.9,0,0,0.027,-0.013,-1.009,-0.3,-0.7,0
106.7630083,105,0,18.9,0,0,0.027,-0.013,-1.009,-0.3,-0.7,0
106.7730083,102,0,18.8,0,0,0.029,-0.008,-0.978,1.1,-0.4,0
106.7830083,112,0,18.8,0,0,0.029,-0.008,-0.978,1.1,-0.4,0
106.7930083,111,0,18.8,0,0,0.029,-0.008,-0.978,1.1,-0.4,0
106.8030083,106,0,18.8,0,0,0.029,-0.008,-0.978,1.1,-0.4,0
106.8130083,107,0,18.8,0,0,0.029,-0.008,-0.978,1.1,-0.4,0
106.8230083,106,0,18.8,0,0,0.028,-0.013,-1.006,0.7,-0.5,0
106.8330083,105,0,18.8,0,0,0.028,-0.013,-1.006,0.7,-0.5,0
106.8430083,112,0,18.8,0,0,0.028,-0.013,-1.006,0.7,-0.5,0
106.8530083,113,0,18.8,0,0,0.028,-0.013,-1.006,0.7,-0.5,0
106.8630083,100,0,18.8,0,0,0.028,-0.013,-1.006,0.7,-0.5,0
106.8730083,101,0,18.9,0,0,0.028,-0.016,-1.018,0.5,-0.7,0
106.8830083,108,0,18.9,0,0,0.028,-0.016,-1.018,0.5,-0.7,0
106.8930083,113,0,18.9,0,0,0.028,-0.016,-1.018,0.5,-0.7,0
106.9030083,109,0,18.9,0,0,0.028,-0.016,-1.018,0.5,-0.7,0
106.9130083,109,0,18.9,0,0,0.028,-0.016,-1.018,0.5,-0.7,0
106.9230083,110,-0.01,18.9,0,0,0.028,-0.014,-1.015,-0.6,-0.1,0
106.9330083,105,-0.01,18.9,0,0,0.028,-0.014,-1.015,-0.6,-0.1,0
106.9430083,111,-0.01,18.9,0,0,0.028,-0.014,-1.015,-0.6,-0.1,0
106.9530083,107,-0.01,18.9,0,0,0.028,-0.014,-1.015,-0.6,-0.1,0
106.9630083,104,-0.01,18.9,0,0,0.028,-0.014,-1.015,-0.6,-0.1,0
106.9730083,107,0.01,18.9,0,0,0.032,-0.009,-0.958,0,-0.6,0
106.9830083,106,0.01,18.9,0,0,0.032,-0.009,-0.958,0,-0.6,0
106.9930083,107,0.01,18.9,0,0,0.032,-0.009,-0.958,0,-0.6,0
107.0030083,101,0.01,18.9,0,0,0.032,-0.009,-0.958,0,-0.6,0
107.0130083,104,0.01,18.9,0,0,0.032,-0.009,-0.958,0,-0.6,0
107.0230083,106,0,18.9,0,0,0.028,-0.017,-1.018,0,-0.7,0
107.0330083,106,0,18.9,0,0,0.028,-0.017,-1.018,0,-0.7,0
107.0430083,106,0,18.9,0,0,0.028,-0.017,-1.018,0,-0.7,0
107.0530083,105,0,18.9,0,0,0.028,-0.017,-1.018,0,-0.7,0
107.0630083,106,0,18.9,0,0,0.028,-0.017,-1.018,0,-0.7,0
107.0730083,103,0,18.8,0,0,0.026,-0.011,-1.001,-0.1,-0.5,0
107.0830083,106,0,18.8,0,0,0.026,-0.011,-1.001,-0.1,-0.5,0
107.0930083,103,0,18.8,0,0,0.026,-0.011,-1.001,-0.1,-0.5,0
107.1030083,103,0,18.8,0,0,0.026,-0.011,-1.001,-0.1,-0.5,0
107.1130083,107,0,18.8,0,0,0.026,-0.011,-1.001,-0.1,-0.5,0
107.1230083,105,0,18.9,0,0,0.031,-0.009,-0.968,1.7,-0.4,0
107.1330083,107,0,18.9,0,0,0.031,-0.009,-0.968,1.7,-0.4,0
107.1430083,102,0,18.9,0,0,0.031,-0.009,-0.968,1.7,-0.4,0
107.1530083,104,0,18.9,0,0,0.031,-0.009,-0.968,1.7,-0.4,0
107.1630083,108,0,18.9,0,0,0.031,-0.009,-0.968,1.7,-0.4,0
107.1730083,106,0,18.9,0,0,0.027,-0.02,-1.039,0.4,-0.7,0
107.1830083,104,0,18.9,0,0,0.027,-0.02,-1.039,0.4,-0.7,0
107.1930083,103,0,18.9,0,0,0.027,-0.02,-1.039,0.4,-0.7,0
107.2030083,108,0,18.9,0,0,0.027,-0.02,-1.039,0.4,-0.7,0
107.2130083,105,0,18.9,0,0,0.027,-0.02,-1.039,0.4,-0.7,0
107.2230083,104,0.01,18.9,0,0,0.027,-0.016,-1.022,0.6,-0.6,0
107.2330083,104,0.01,18.9,0,0,0.027,-0.016,-1.022,0.6,-0.6,0
107.2430083,103,0.01,18.9,0,0,0.027,-0.016,-1.022,0.6,-0.6,0
107.2530083,106,0.01,18.9,0,0,0.027,-0.016,-1.022,0.6,-0.6,0
107.2630083,111,0.01,18.9,0,0,0.027,-0.016,-1.022,0.6,-0.6,0
107.2730083,111,-0.01,18.8,0,0,0.028,-0.011,-0.997,-0.3,-0.3,0
107.2830083,98,-0.01,18.8,0,0,0.028,-0.011,-0.997,-0.3,-0.3,0
107.2930083,100,-0.01,18.8,0,0,0.028,-0.011,-0.997,-0.3,-0.3,0
107.3030083,113,-0.01,18.8,0,0,0.028,-0.011,-0.997,-0.3,-0.3,0
107.3130083,113,-0.01,18.8,0,0,0.028,-0.011,-0.997,-0.3,-0.3,0
107.3230083,105,0,18.9,0,0,0.03,-0.012,-0.976,0.4,-0.9,0
107.3330083,109,0,18.9,0,0,0.03,-0.012,-0.976,0.4,-0.9,0
107.3430083,112,0,18.9,0,0,0.03,-0.012,-0.976,0.4,-0.9,0
107.3530083,104,0,18.9,0,0,0.03,-0.012,-0.976,0.4,-0.9,0
107.3630083,107,0,18.9,0,0,0.03,-0.012,-0.976,0.4,-0.9,0
107.3730083,107,0,18.9,0,0,0.028,-0.014,-1.011,0,-0.7,0
107.3830083,105,0,18.9,0,0,0.028,-0.014,-1.011,0,-0.7,0
107.3930083,105,0,18.9,0,0,0.028,-0.014,-1.011,0,-0.7,0
107.4030083,111,0,18.9,0,0,0.028,-0.014,-1.011,0,-0.7,0
107.4130083,113,0,18.9,0,0,0.028,-0.014,-1.011,0,-0.7,0
107.4230083,100,0,18.9,0,0,0.028,-0.009,-0.986,0.1,-0.3,0
107.4330083,101,0,18.9,0,0,0.028,-0.009,-0.986,0.1,-0.3,0
107.4430083,107,0,18.9,0,0,0.028,-0.009,-0.986,0.1,-0.3,0
107.4530083,110,0,18.9,0,0,0.028,-0.009,-0.986,0.1,-0.3,0
107.4630083,108,0,18.9,0,0,0.028,-0.009,-0.986,0.1,-0.3,0
107.4730083,108,0,18.8,0,0,0.031,-0.013,-0.994,1.2,-0.7,0
107.4830083,110,0,18.8,0,0,0.031,-0.013,-0.994,1.2,-0.7,0
107.4930083,103,0,18.8,0,0,0.031,-0.013,-0.994,1.2,-0.7,0
107.5030083,108,0,18.8,0,0,0.031,-0.013,-0.994,1.2,-0.7,0
107.5130083,106,0,18.8,0,0,0.031,-0.013,-0.994,1.2,-0.7,0
107.5230083,104,-0.01,18.9,0,0,0.027,-0.021,-1.045,-0.2,-0.5,0.1
107.5330083,107,-0.01,18.9,0,0,0.027,-0.021,-1.045,-0.2,-0.5,0.1
107.5430083,107,-0.01,18.9,0,0,0.027,-0.021,-1.045,-0.2,-0.5,0.1
107.5530083,107,-0.01,18.9,0,0,0.027,-0.021,-1.045,-0.2,-0.5,0.1
107.5630083,101,-0.01,18.9,0,0,0.027,-0.021,-1.045,-0.2,-0.5,0.1
107.5730083,104,0.01,18.8,0,0,0.029,-0.014,-1.006,0.2,-0.6,0
107.5830083,106,0.01,18.8,0,0,0.029,-0.014,-1.006,0.2,-0.6,0
107.5930083,106,0.01,18.8,0,0,0.029,-0.014,-1.006,0.2,-0.6,0
107.6030083,105,0.01,18.8,0,0,0.029,-0.014,-1.006,0.2,-0.6,0
107.6130083,104,0.01,18.8,0,0,0.029,-0.014,-1.006,0.2,-0.6,0
107.6230083,107,-0.01,18.9,0,0,0.032,-0.011,-0.976,-0.3,-0.3,0
107.6330083,102,-0.01,18.9,0,0,0.032,-0.011,-0.976,-0.3,-0.3,0
107.6430083,105,-0.01,18.9,0,0,0.032,-0.011,-0.976,-0.3,-0.3,0
107.6530083,103,-0.01,18.9,0,0,0.032,-0.011,-0.976,-0.3,-0.3,0
107.6630083,103,-0.01,18.9,0,0,0.032,-0.011,-0.976,-0.3,-0.3,0
107.6730083,107,0,18.9,0,0,0.028,-0.014,-0.996,0.4,-1,0
107.6830083,107,0,18.9,0,0,0.028,-0.014,-0.996,0.4,-1,0
107.6930083,108,0,18.9,0,0,0.028,-0.014,-0.996,0.4,-1,0
107.7030083,100,0,18.9,0,0,0.028,-0.014,-0.996,0.4,-1,0
107.7130083,104,0,18.9,0,0,0.028,-0.014,-0.996,0.4,-1,0
107.7230083,108,0,18.9,0,0,0.028,-0.012,-0.997,0.3,-0.4,0
107.7330083,105,0,18.9,0,0,0.028,-0.012,-0.997,0.3,-0.4,0
107.7430083,105,0,18.9,0,0,0.028,-0.012,-0.997,0.3,-0.4,0
107.7530083,106,0,18.9,0,0,0.028,-0.012,-0.997,0.3,-0.4,0
107.7630083,108,0,18.9,0,0,0.028,-0.012,-0.997,0.3,-0.4,0
107.7730083,102,0,18.9,0,0,0.03,-0.007,-0.965,0.7,-0.4,0
107.7830083,104,0,18.9,0,0,0.03,-0.007,-0.965,0.7,-0.4,0
107.7930083,104,0,18.9,0,0,0.03,-0.007,-0.965,0.7,-0.4,0
107.8030083,103,0,18.9,0,0,0.03,-0.007,-0.965,0.7,-0.4,0
107.8130083,106,0,18.9,0,0,0.03,-0.007,-0.965,0.7,-0.4,0
107.8230083,110,0,18.9,0,0,0.029,-0.018,-1.019,1.4,-0.8,0
107.8330083,111,0,18.9,0,0,0.029,-0.018,-1.019,1.4,-0.8,0
107.8430083,98,0,18.9,0,0,0.029,-0.018,-1.019,1.4,-0.8,0
107.8530083,100,0,18.9,0,0,0.029,-0.018,-1.019,1.4,-0.8,0
107.8630083,113,0,18.9,0,0,0.029,-0.018,-1.019,1.4,-0.8,0
107.8730083,114,-0.01,18.8,0,0,0.026,-0.018,-1.032,-0.4,-0.3,0
107.8830083,105,-0.01,18.8,0,0,0.026,-0.018,-1.032,-0.4,-0.3,0
107.8930083,109,-0.01,18.8,0,0,0.026,-0.018,-1.032,-0.4,-0.3,0
107.9030083,115,-0.01,18.8,0,0,0.026,-0.018,-1.032,-0.4,-0.3,0
107.9130083,107,-0.01,18.8,0,0,0.026,-0.018,-1.032,-0.4,-0.3,0
107.9230083,107,0,18.9,0,0,0.029,-0.013,-1,0.2,-0.5,0
107.9330083,107,0,18.9,0,0,0.029,-0.013,-1,0.2,-0.5,0
107.9430083,106,0,18.9,0,0,0.029,-0.013,-1,0.2,-0.5,0
107.9530083,106,0,18.9,0,0,0.029,-0.013,-1,0.2,-0.5,0
107.9630083,112,0,18.9,0,0,0.029,-0.013,-1,0.2,-0.5,0
107.9730083,113,0,18.8,0,0,0.03,-0.014,-0.988,-0.1,-0.7,0
107.9830083,102,0,18.8,0,0,0.03,-0.014,-0.988,-0.1,-0.7,0
107.9930083,103,0,18.8,0,0,0.03,-0.014,-0.988,-0.1,-0.7,0
108.0030083,109,0,18.8,0,0,0.03,-0.014,-0.988,-0.1,-0.7,0
108.0130083,113,0,18.8,0,0,0.03,-0.014,-0.988,-0.1,-0.7,0
108.0230083,110,0.01,18.8,0,0,0.026,-0.015,-1.017,0.3,-0.8,0
108.0330083,108,0.01,18.8,0,0,0.026,-0.015,-1.017,0.3,-0.8,0
108.0430083,108,0.01,18.8,0,0,0.026,-0.015,-1.017,0.3,-0.8,0
108.0530083,106,0.01,18.8,0,0,0.026,-0.015,-1.017,0.3,-0.8,0
108.0630083,112,0.01,18.8,0,0,0.026,-0.015,-1.017,0.3,-0.8,0
108.0730083,106,0,18.8,0,0,0.03,-0.01,-0.987,0.4,-0.4,0
108.0830083,103,0,18.8,0,0,0.03,-0.01,-0.987,0.4,-0.4,0
108.0930083,107,0,18.8,0,0,0.03,-0.01,-0.987,0.4,-0.4,0
108.1030083,107,0,18.8,0,0,0.03,-0.01,-0.987,0.4,-0.4,0
108.1130083,106,0,18.8,0,0,0.03,-0.01,-0.987,0.4,-0.4,0
108.1230083,101,0,18.8,0,0,0.029,-0.014,-0.989,-0.2,-0.7,0
108.1330083,106,0,18.8,0,0,0.029,-0.014,-0.989,-0.2,-0.7,0
108.1430083,106,0,18.8,0,0,0.029,-0.014,-0.989,-0.2,-0.7,0
108.1530083,106,0,18.8,0,0,0.029,-0.014,-0.989,-0.2,-0.7,0
108.1630083,106,0,18.8,0,0,0.029,-0.014,-0.989,-0.2,-0.7,0
108.1730083,104,0,18.8,0,0,0.027,-0.012,-1.011,0.1,-0.6,0
108.1830083,106,0,18.8,0,0,0.027,-0.012,-1.011,0.1,-0.6,0
108.1930083,102,0,18.8,0,0,0.027,-0.012,-1.011,0.1,-0.6,0
108.2030083,106,0,18.8,0,0,0.027,-0.012,-1.011,0.1,-0.6,0
108.2130083,103,0,18.8,0,0,0.027,-0.012,-1.011,0.1,-0.6,0
108.2230083,103,-0.01,18.8,0,0,0.029,-0.009,-0.99,0.6,-0.4,0
108.2330083,107,-0.01,18.8,0,0,0.029,-0.009,-0.99,0.6,-0.4,0
108.2430083,107,-0.01,18.8,0,0,0.029,-0.009,-0.99,0.6,-0.4,0
108.2530083,107,-0.01,18.8,0,0,0.029,-0.009,-0.99,0.6,-0.4,0
108.2630083,100,-0.01,18.8,0,0,0.029,-0.009,-0.99,0.6,-0.4,0
108.2730083,104,0.01,18.9,0,0,0.03,-0.013,-0.991,0.7,-0.4,0
108.2830083,108,0.01,18.9,0,0,0.03,-0.013,-0.991,0.7,-0.4,0
108.2930083,106,0.01,18.9,0,0,0.03,-0.013,-0.991,0.7,-0.4,0
108.3030083,105,0.01,18.9,0,0,0.03,-0.013,-0.991,0.7,-0.4,0
108.3130083,106,0.01,18.9,0,0,0.03,-0.013,-0.991,0.7,-0.4,0
108.3230083,108,-0.01,18.9,0,0,0.026,-0.023,-1.065,0.3,-0.7,0
108.3330083,102,-0.01,18.9,0,0,0.026,-0.023,-1.065,0.3,-0.7,0
108.3430083,104,-0.01,18.9,0,0,0.026,-0.023,-1.065,0.3,-0.7,0
108.3530083,103,-0.01,18.9,0,0,0.026,-0.023,-1.065,0.3,-0.7,0
108.3630083,103,-0.01,18.9,0,0,0.026,-0.023,-1.065,0.3,-0.7,0
108.3730083,106,0.01,18.8,0,0,0.028,-0.011,-0.981,-0.7,-0.1,0
108.3830083,111,0.01,18.8,0,0,0.028,-0.011,-0.981,-0.7,-0.1,0
108.3930083,108,0.01,18.8,0,0,0.028,-0.011,-0.981,-0.7,-0.1,0
108.4030083,98,0.01,18.8,0,0,0.028,-0.011,-0.981,-0.7,-0.1,0
108.4130083,103,0.01,18.8,0,0,0.028,-0.011,-0.981,-0.7,-0.1,0
108.4230083,114,0,18.8,0,0,0.029,-0.013,-0.998,0.5,-0.7,0
108.4330083,114,0,18.8,0,0,0.029,-0.013,-0.998,0.5,-0.7,0
108.4430083,104,0,18.8,0,0,0.029,-0.013,-0.998,0.5,-0.7,0
108.4530083,108,0,18.8,0,0,0.029,-0.013,-0.998,0.5,-0.7,0
108.4630083,108,0,18.8,0,0,0.029,-0.013,-0.998,0.5,-0.7,0
108.4730083,104,0,18.9,0,0,0.028,-0.014,-0.998,-0.3,-0.9,0
108.4830083,111,0,18.9,0,0,0.028,-0.014,-0.998,-0.3,-0.9,0
108.4930083,107,0,18.9,0,0,0.028,-0.014,-0.998,-0.3,-0.9,0
108.5030083,106,0,18.9,0,0,0.028,-0.014,-0.998,-0.3,-0.9,0
108.5130083,106,0,18.9,0,0,0.028,-0.014,-0.998,-0.3,-0.9,0
108.5230083,111,0,18.9,0,0,0.028,-0.009,-0.993,0.5,-0.4,0
108.5330083,107,0,18.9,0,0,0.028,-0.009,-0.993,0.5,-0.4,0
108.5430083,100,0,18.9,0,0,0.028,-0.009,-0.993,0.5,-0.4,0
108.5530083,106,0,18.9,0,0,0.028,-0.009,-0.993,0.5,-0.4,0
108.5630083,106,0,18.9,0,0,0.028,-0.009,-0.993,0.5,-0.4,0
108.5730083,110,0,18.8,0,0,0.03,-0.011,-0.979,0.8,-0.6,0
108.5830083,109,0,18.8,0,0,0.03,-0.011,-0.979,0.8,-0.6,0
108.5930083,108,0,18.8,0,0,0.03,-0.011,-0.979,0.8,-0.6,0
108.6030083,107,0,18.8,0,0,0.03,-0.011,-0.979,0.8,-0.6,0
108.6130083,102,0,18.8,0,0,0.03,-0.011,-0.979,0.8,-0.6,0
108.6230083,111,0,18.8,0,0,0.029,-0.016,-1.014,0.9,-0.7,0
108.6330083,106,0,18.8,0,0,0.029,-0.016,-1.014,0.9,-0.7,0
108.6430083,103,0,18.8,0,0,0.029,-0.016,-1.014,0.9,-0.7,0
108.6530083,107,0,18.8,0,0,0.029,-0.016,-1.014,0.9,-0.7,0
108.6630083,107,0,18.8,0,0,0.029,-0.016,-1.014,0.9,-0.7,0
108.6730083,103,0,18.8,0,0,0.025,-0.021,-1.051,-0.1,-0.4,0
108.6830083,101,0,18.8,0,0,0.025,-0.021,-1.051,-0.1,-0.4,0
108.6930083,108,0,18.8,0,0,0.025,-0.021,-1.051,-0.1,-0.4,0
108.7030083,106,0,18.8,0,0,0.025,-0.021,-1.051,-0.1,-0.4,0
108.7130083,106,0,18.8,0,0,0.025,-0.021,-1.051,-0.1,-0.4,0
108.7230083,105,0,18.9,0,0,0.031,-0.01,-0.966,0,-0.3,0
108.7330083,105,0,18.9,0,0,0.031,-0.01,-0.966,0,-0.3,0
108.7430083,105,0,18.9,0,0,0.031,-0.01,-0.966,0,-0.3,0
108.7530083,103,0,18.9,0,0,0.031,-0.01,-0.966,0,-0.3,0
108.7630083,107,0,18.9,0,0,0.031,-0.01,-0.966,0,-0.3,0
108.7730083,102,0,18.8,0,0,0.029,-0.015,-1.005,0.6,-0.9,0
108.7830083,103,0,18.8,0,0,0.029,-0.015,-1.005,0.6,-0.9,0
108.7930083,108,0,18.8,0,0,0.029,-0.015,-1.005,0.6,-0.9,0
108.8030083,107,0,18.8,0,0,0.029,-0.015,-1.005,0.6,-0.9,0
108.8130083,103,0,18.8,0,0,0.029,-0.015,-1.005,0.6,-0.9,0
108.8230083,100,0.01,18.8,0,0,0.027,-0.012,-1.009,-0.3,-0.6,0
108.8330083,109,0.01,18.8,0,0,0.027,-0.012,-1.009,-0.3,-0.6,0
108.8430083,108,0.01,18.8,0,0,0.027,-0.012,-1.009,-0.3,-0.6,0
108.8530083,106,0.01,18.8,0,0,0.027,-0.012,-1.009,-0.3,-0.6,0
108.8630083,104,0.01,18.8,0,0,0.027,-0.012,-1.009,-0.3,-0.6,0
108.8730083,106,0,18.8,0,0,0.03,-0.007,-0.968,1.1,-0.4,0
108.8830083,105,0,18.8,0,0,0.03,-0.007,-0.968,1.1,-0.4,0
108.8930083,102,0,18.8,0,0,0.03,-0.007,-0.968,1.1,-0.4,0
108.9030083,107,0,18.8,0,0,0.03,-0.007,-0.968,1.1,-0.4,0
108.9130083,103,0,18.8,0,0,0.03,-0.007,-0.968,1.1,-0.4,0
108.9230083,103,-0.01,18.9,0,0,0.029,-0.016,-1.013,0.5,-0.5,0
108.9330083,106,-0.01,18.9,0,0,0.029,-0.016,-1.013,0.5,-0.5,0
108.9430083,111,-0.01,18.9,0,0,0.029,-0.016,-1.013,0.5,-0.5,0
108.9530083,105,-0.01,18.9,0,0,0.029,-0.016,-1.013,0.5,-0.5,0
108.9630083,98,-0.01,18.9,0,0,0.029,-0.016,-1.013,0.5,-0.5,0
108.973008300001,112,0,18.8,0,0,0.028,-0.015,-1.02,-0.7,-0.1,0
108.983008300001,107,0,18.8,0,0,0.028,-0.015,-1.02,-0.7,-0.1,0
108.9930083,111,0,18.8,0,0,0.028,-0.015,-1.02,-0.7,-0.1,0
109.003008300001,107,0,18.8,0,0,0.028,-0.015,-1.02,-0.7,-0.1,0
109.013008300001,105,0,18.8,0,0,0.028,-0.015,-1.02,-0.7,-0.1,0
109.023008300001,106,0,18.9,0,0,0.031,-0.008,-0.96,0,-0.7,0
109.033008300001,111,0,18.9,0,0,0.031,-0.008,-0.96,0,-0.7,0
109.043008300001,107,0,18.9,0,0,0.031,-0.008,-0.96,0,-0.7,0
109.053008300001,100,0,18.9,0,0,0.031,-0.008,-0.96,0,-0.7,0
109.063008300001,106,0,18.9,0,0,0.031,-0.008,-0.96,0,-0.7,0
109.073008300001,107,0,18.8,0,0,0.028,-0.016,-1.021,0,-0.7,0
109.083008300001,111,0,18.8,0,0,0.028,-0.016,-1.021,0,-0.7,0
109.093008300001,107,0,18.8,0,0,0.028,-0.016,-1.021,0,-0.7,0
109.103008300001,104,0,18.8,0,0,0.028,-0.016,-1.021,0,-0.7,0
109.113008300001,105,0,18.8,0,0,0.028,-0.016,-1.021,0,-0.7,0
109.123008300001,106,0,18.9,0,0,0.031,-0.008,-0.972,1.7,-0.4,0
109.133008300001,103,0,18.9,0,0,0.031,-0.008,-0.972,1.7,-0.4,0
109.143008300001,104,0,18.9,0,0,0.031,-0.008,-0.972,1.7,-0.4,0
109.153008300001,108,0,18.9,0,0,0.031,-0.008,-0.972,1.7,-0.4,0
109.163008300001,103,0,18.9,0,0,0.031,-0.008,-0.972,1.7,-0.4,0
109.173008300001,106,-0.01,18.9,0,0,0.027,-0.018,-1.033,0.5,-0.7,0
109.183008300001,106,-0.01,18.9,0,0,0.027,-0.018,-1.033,0.5,-0.7,0
109.193008300001,105,-0.01,18.9,0,0,0.027,-0.018,-1.033,0.5,-0.7,0
109.203008300001,104,-0.01,18.9,0,0,0.027,-0.018,-1.033,0.5,-0.7,0
109.213008300001,105,-0.01,18.9,0,0,0.027,-0.018,-1.033,0.5,-0.7,0
109.223008300001,108,0,18.8,0,0,0.027,-0.016,-1.019,0.3,-0.6,0.1
109.233008300001,100,0,18.8,0,0,0.027,-0.016,-1.019,0.3,-0.6,0.1
109.243008300001,103,0,18.8,0,0,0.027,-0.016,-1.019,0.3,-0.6,0.1
109.253008300001,107,0,18.8,0,0,0.027,-0.016,-1.019,0.3,-0.6,0.1
109.263008300001,107,0,18.8,0,0,0.027,-0.016,-1.019,0.3,-0.6,0.1
109.273008300001,103,0,18.9,0,0,0.03,-0.012,-0.992,-0.4,-0.3,0
109.283008300001,101,0,18.9,0,0,0.03,-0.012,-0.992,-0.4,-0.3,0
109.293008300001,108,0,18.9,0,0,0.03,-0.012,-0.992,-0.4,-0.3,0
109.303008300001,108,0,18.9,0,0,0.03,-0.012,-0.992,-0.4,-0.3,0
109.313008300001,105,0,18.9,0,0,0.03,-0.012,-0.992,-0.4,-0.3,0
109.323008300001,104,0.01,18.9,0,0,0.03,-0.013,-0.981,0.1,-0.8,0
109.333008300001,106,0.01,18.9,0,0,0.03,-0.013,-0.981,0.1,-0.8,0
109.343008300001,105,0.01,18.9,0,0,0.03,-0.013,-0.981,0.1,-0.8,0
109.353008300001,102,0.01,18.9,0,0,0.03,-0.013,-0.981,0.1,-0.8,0
109.363008300001,107,0.01,18.9,0,0,0.03,-0.013,-0.981,0.1,-0.8,0
109.373008300001,104,-0.01,18.8,0,0,0.026,-0.016,-1.02,0.1,-0.7,0
109.383008300001,103,-0.01,18.8,0,0,0.026,-0.016,-1.02,0.1,-0.7,0
109.393008300001,106,-0.01,18.8,0,0,0.026,-0.016,-1.02,0.1,-0.7,0
109.403008300001,111,-0.01,18.8,0,0,0.026,-0.016,-1.02,0.1,-0.7,0
109.413008300001,103,-0.01,18.8,0,0,0.026,-0.016,-1.02,0.1,-0.7,0
109.423008300001,98,0,18.8,0,0,0.028,-0.008,-0.981,0.2,-0.3,0
109.433008300001,108,0,18.8,0,0,0.028,-0.008,-0.981,0.2,-0.3,0
109.443008300001,114,0,18.8,0,0,0.028,-0.008,-0.981,0.2,-0.3,0
109.453008300001,114,0,18.8,0,0,0.028,-0.008,-0.981,0.2,-0.3,0
109.463008300001,104,0,18.8,0,0,0.028,-0.008,-0.981,0.2,-0.3,0
109.473008300001,109,0,18.9,0,0,0.032,-0.014,-0.998,1.3,-0.7,0
109.483008300001,113,0,18.9,0,0,0.032,-0.014,-0.998,1.3,-0.7,0
109.493008300001,107,0,18.9,0,0,0.032,-0.014,-0.998,1.3,-0.7,0
109.503008300001,110,0,18.9,0,0,0.032,-0.014,-0.998,1.3,-0.7,0
109.513008300001,106,0,18.9,0,0,0.032,-0.014,-0.998,1.3,-0.7,0
109.523008300001,104,0,18.9,0,0,0.025,-0.02,-1.043,-0.1,-0.4,0
109.533008300001,106,0,18.9,0,0,0.025,-0.02,-1.043,-0.1,-0.4,0
109.543008300001,113,0,18.9,0,0,0.025,-0.02,-1.043,-0.1,-0.4,0
109.553008300001,110,0,18.9,0,0,0.025,-0.02,-1.043,-0.1,-0.4,0
109.563008300001,103,0,18.9,0,0,0.025,-0.02,-1.043,-0.1,-0.4,0
109.573008300001,106,0,18.8,0,0,0.028,-0.013,-1.002,0.3,-0.6,0
109.583008300001,108,0,18.8,0,0,0.028,-0.013,-1.002,0.3,-0.6,0
109.593008300001,114,0,18.8,0,0,0.028,-0.013,-1.002,0.3,-0.6,0
109.603008300001,107,0,18.8,0,0,0.028,-0.013,-1.002,0.3,-0.6,0
109.613008300001,105,0,18.8,0,0,0.028,-0.013,-1.002,0.3,-0.6,0
109.623008300001,107,0,18.8,0,0,0.031,-0.008,-0.964,-0.3,-0.4,0
109.633008300001,109,0,18.8,0,0,0.031,-0.008,-0.964,-0.3,-0.4,0
109.643008300001,113,0,18.8,0,0,0.031,-0.008,-0.964,-0.3,-0.4,0
109.653008300001,102,0,18.8,0,0,0.031,-0.008,-0.964,-0.3,-0.4,0
109.663008300001,102,0,18.8,0,0,0.031,-0.008,-0.964,-0.3,-0.4,0
109.673008300001,107,0,18.8,0,0,0.028,-0.014,-1.003,0.3,-1,0
109.683008300001,107,0,18.8,0,0,0.028,-0.014,-1.003,0.3,-1,0
109.693008300001,104,0,18.8,0,0,0.028,-0.014,-1.003,0.3,-1,0
109.703008300001,104,0,18.8,0,0,0.028,-0.014,-1.003,0.3,-1,0
109.713008300001,108,0,18.8,0,0,0.028,-0.014,-1.003,0.3,-1,0
109.723008300001,103,0,18.9,0,0,0.027,-0.01,-0.99,0.1,-0.4,0
109.733008300001,106,0,18.9,0,0,0.027,-0.01,-0.99,0.1,-0.4,0
109.743008300001,106,0,18.9,0,0,0.027,-0.01,-0.99,0.1,-0.4,0
109.753008300001,104,0,18.9,0,0,0.027,-0.01,-0.99,0.1,-0.4,0
109.763008300001,104,0,18.9,0,0,0.027,-0.01,-0.99,0.1,-0.4,0
109.773008300001,106,0,18.8,0,0,0.03,-0.009,-0.972,0.7,-0.3,0
109.783008300001,108,0,18.8,0,0,0.03,-0.009,-0.972,0.7,-0.3,0
109.793008300001,100,0,18.8,0,0,0.03,-0.009,-0.972,0.7,-0.3,0
109.803008300001,103,0,18.8,0,0,0.03,-0.009,-0.972,0.7,-0.3,0
109.813008300001,107,0,18.8,0,0,0.03,-0.009,-0.972,0.7,-0.3,0
109.823008300001,107,0,18.9,0,0,0.027,-0.019,-1.034,1.4,-0.8,0
109.833008300001,103,0,18.9,0,0,0.027,-0.019,-1.034,1.4,-0.8,0
109.843008300001,104,0,18.9,0,0,0.027,-0.019,-1.034,1.4,-0.8,0
109.853008300001,109,0,18.9,0,0,0.027,-0.019,-1.034,1.4,-0.8,0
109.863008300001,104,0,18.9,0,0,0.027,-0.019,-1.034,1.4,-0.8,0
109.873008300001,105,0,18.9,0,0,0.028,-0.019,-1.032,-0.6,-0.3,0
109.883008300001,105,0,18.9,0,0,0.028,-0.019,-1.032,-0.6,-0.3,0
109.893008300001,106,0,18.9,0,0,0.028,-0.019,-1.032,-0.6,-0.3,0
109.903008300001,105,0,18.9,0,0,0.028,-0.019,-1.032,-0.6,-0.3,0
109.913008300001,104,0,18.9,0,0,0.028,-0.019,-1.032,-0.6,-0.3,0
109.923008300001,107,0,18.9,0,0,0.029,-0.012,-0.993,0.6,-0.5,0
109.933008300001,102,0,18.9,0,0,0.029,-0.012,-0.993,0.6,-0.5,0
109.943008300001,103,0,18.9,0,0,0.029,-0.012,-0.993,0.6,-0.5,0
109.953008300001,105,0,18.9,0,0,0.029,-0.012,-0.993,0.6,-0.5,0
109.963008300001,110,0,18.9,0,0,0.029,-0.012,-0.993,0.6,-0.5,0
109.973008300001,103,0,18.9,0,0,0.028,-0.014,-0.991,-0.2,-0.7,0
109.983008300001,100,0,18.9,0,0,0.028,-0.014,-0.991,-0.2,-0.7,0
109.993008300001,108,0,18.9,0,0,0.028,-0.014,-0.991,-0.2,-0.7,0
110.003008300001,112,0,18.9,0,0,0.028,-0.014,-0.991,-0.2,-0.7,0
110.013008300001,115,0,18.9,0,0,0.028,-0.014,-0.991,-0.2,-0.7,0
110.023008300001,104,0,18.9,0,0,0.026,-0.014,-1.015,0.4,-0.8,0
110.033008300001,109,0,18.9,0,0,0.026,-0.014,-1.015,0.4,-0.8,0
110.043008300001,113,0,18.9,0,0,0.026,-0.014,-1.015,0.4,-0.8,0
110.053008300001,106,0,18.9,0,0,0.026,-0.014,-1.015,0.4,-0.8,0
110.063008300001,110,0,18.9,0,0,0.026,-0.014,-1.015,0.4,-0.8,0
110.073008300001,106,0,18.9,0,0,0.03,-0.008,-0.98,0.4,-0.3,0
110.083008300001,104,0,18.9,0,0,0.03,-0.008,-0.98,0.4,-0.3,0
110.093008300001,106,0,18.9,0,0,0.03,-0.008,-0.98,0.4,-0.3,0
110.103008300001,112,0,18.9,0,0,0.03,-0.008,-0.98,0.4,-0.3,0
110.113008300001,106,0,18.9,0,0,0.03,-0.008,-0.98,0.4,-0.3,0
110.123008300001,101,0,18.9,0,0,0.03,-0.012,-0.985,0.7,-0.4,0
110.133008300001,107,0,18.9,0,0,0.03,-0.012,-0.985,0.7,-0.4,0
110.143008300001,105,0,18.9,0,0,0.03,-0.012,-0.985,0.7,-0.4,0
110.153008300001,111,0,18.9,0,0,0.03,-0.012,-0.985,0.7,-0.4,0
110.163008300001,107,0,18.9,0,0,0.03,-0.012,-0.985,0.7,-0.4,0
110.173008300001,104,0,18.8,0,0,0.026,-0.022,-1.059,0,-0.8,0
110.183008300001,105,0,18.8,0,0,0.026,-0.022,-1.059,0,-0.8,0
110.193008300001,106,0,18.8,0,0,0.026,-0.022,-1.059,0,-0.8,0
110.203008300001,107,0,18.8,0,0,0.026,-0.022,-1.059,0,-0.8,0
110.213008300001,103,0,18.8,0,0,0.026,-0.022,-1.059,0,-0.8,0
110.223008300001,107,0,18.9,0,0,0.03,-0.013,-0.996,0.3,-0.7,0
110.233008300001,103,0,18.9,0,0,0.03,-0.013,-0.996,0.3,-0.7,0
110.243008300001,107,0,18.9,0,0,0.03,-0.013,-0.996,0.3,-0.7,0
110.253008300001,106,0,18.9,0,0,0.03,-0.013,-0.996,0.3,-0.7,0
110.263008300001,105,0,18.9,0,0,0.03,-0.013,-0.996,0.3,-0.7,0
110.273008300001,104,0,18.8,0,0,0.028,-0.016,-1,-0.2,-0.9,0
110.283008300001,106,0,18.8,0,0,0.028,-0.016,-1,-0.2,-0.9,0
110.293008300001,105,0,18.8,0,0,0.028,-0.016,-1,-0.2,-0.9,0
110.303008300001,100,0,18.8,0,0,0.028,-0.016,-1,-0.2,-0.9,0
110.313008300001,105,0,18.8,0,0,0.028,-0.016,-1,-0.2,-0.9,0
110.323008300001,104,-0.01,18.8,0,0,0.029,-0.01,-0.979,0.9,-0.4,0
110.333008300001,106,-0.01,18.8,0,0,0.029,-0.01,-0.979,0.9,-0.4,0
110.343008300001,104,-0.01,18.8,0,0,0.029,-0.01,-0.979,0.9,-0.4,0
110.353008300001,105,-0.01,18.8,0,0,0.029,-0.01,-0.979,0.9,-0.4,0
110.363008300001,105,-0.01,18.8,0,0,0.029,-0.01,-0.979,0.9,-0.4,0
110.373008300001,104,0,18.9,0,0,0.03,-0.016,-0.996,1.1,-0.7,0
110.383008300001,107,0,18.9,0,0,0.03,-0.016,-0.996,1.1,-0.7,0
110.393008300001,102,0,18.9,0,0,0.03,-0.016,-0.996,1.1,-0.7,0
110.403008300001,103,0,18.9,0,0,0.03,-0.016,-0.996,1.1,-0.7,0
110.413008300001,106,0,18.9,0,0,0.03,-0.016,-0.996,1.1,-0.7,0
110.423008300001,111,0,18.8,0,0,0.026,-0.021,-1.058,0.1,-0.6,0
110.433008300001,103,0,18.8,0,0,0.026,-0.021,-1.058,0.1,-0.6,0
110.443008300001,100,0,18.8,0,0,0.026,-0.021,-1.058,0.1,-0.6,0
110.453008300001,112,0,18.8,0,0,0.026,-0.021,-1.058,0.1,-0.6,0
110.463008300001,112,0,18.8,0,0,0.026,-0.021,-1.058,0.1,-0.6,0
110.473008300001,111,0,18.8,0,0,0.03,-0.008,-0.962,-0.1,-0.3,0
110.483008300001,103,0,18.8,0,0,0.03,-0.008,-0.962,-0.1,-0.3,0
110.493008300001,109,0,18.8,0,0,0.03,-0.008,-0.962,-0.1,-0.3,0
110.503008300001,113,0,18.8,0,0,0.03,-0.008,-0.962,-0.1,-0.3,0
110.513008300001,107,0,18.8,0,0,0.03,-0.008,-0.962,-0.1,-0.3,0
110.523008300001,109,0,18.9,0,0,0.029,-0.015,-0.997,0.1,-0.7,0
110.533008300001,106,0,18.9,0,0,0.029,-0.015,-0.997,0.1,-0.7,0
110.543008300001,106,0,18.9,0,0,0.029,-0.015,-0.997,0.1,-0.7,0
110.553008300001,107,0,18.9,0,0,0.029,-0.015,-0.997,0.1,-0.7,0
110.563008300001,114,0,18.9,0,0,0.029,-0.015,-0.997,0.1,-0.7,0
110.573008300001,108,0,18.8,0,0,0.027,-0.015,-1.014,-0.3,-0.7,0
110.583008300001,102,0,18.8,0,0,0.027,-0.015,-1.014,-0.3,-0.7,0
110.593008300001,107,0,18.8,0,0,0.027,-0.015,-1.014,-0.3,-0.7,0
110.603008300001,108,0,18.8,0,0,0.027,-0.015,-1.014,-0.3,-0.7,0
110.613008300001,114,0,18.8,0,0,0.027,-0.015,-1.014,-0.3,-0.7,0
110.623008300001,110,0.01,18.9,0,0,0.029,-0.009,-0.979,0.7,-0.4,0
110.633008300001,107,0.01,18.9,0,0,0.029,-0.009,-0.979,0.7,-0.4,0
110.643008300001,108,0.01,18.9,0,0,0.029,-0.009,-0.979,0.7,-0.4,0
110.653008300001,109,0.01,18.9,0,0,0.029,-0.009,-0.979,0.7,-0.4,0
110.663008300001,107,0.01,18.9,0,0,0.029,-0.009,-0.979,0.7,-0.4,0
110.6900653,102,0,18.9,0,0,0.028,-0.015,-1.01,0.6,-0.5,0
110.7000653,108,0,18.9,0,0,0.028,-0.015,-1.01,0.6,-0.5,0
110.7100653,107,0,18.9,0,0,0.028,-0.015,-1.01,0.6,-0.5,0
110.7200653,107,0,18.9,0,0,0.028,-0.015,-1.01,0.6,-0.5,0
110.7300653,103,0,18.9,0,0,0.028,-0.015,-1.01,0.6,-0.5,0
110.7620538,104,0,18.9,0,0,0.027,-0.016,-1.025,-0.4,-0.1,0
110.7720538,104,0,18.9,0,0,0.027,-0.016,-1.025,-0.4,-0.1,0
110.7820538,105,0,18.9,0,0,0.027,-0.016,-1.025,-0.4,-0.1,0
110.7920538,103,0,18.9,0,0,0.027,-0.016,-1.025,-0.4,-0.1,0
110.8020538,100,0,18.9,0,0,0.027,-0.016,-1.025,-0.4,-0.1,0
110.8120538,107,-0.01,18.9,0,0,0.031,-0.007,-0.95,0,-0.6,0
110.8220538,107,-0.01,18.9,0,0,0.031,-0.007,-0.95,0,-0.6,0
110.8320538,107,-0.01,18.9,0,0,0.031,-0.007,-0.95,0,-0.6,0
110.8420538,103,-0.01,18.9,0,0,0.031,-0.007,-0.95,0,-0.6,0
110.8520538,104,-0.01,18.9,0,0,0.031,-0.007,-0.95,0,-0.6,0
110.8620538,108,0,18.8,0,0,0.028,-0.016,-1.017,0.2,-0.8,0
110.8720538,104,0,18.8,0,0,0.028,-0.016,-1.017,0.2,-0.8,0
110.8820538,107,0,18.8,0,0,0.028,-0.016,-1.017,0.2,-0.8,0
110.8920538,105,0,18.8,0,0,0.028,-0.016,-1.017,0.2,-0.8,0
110.9020538,106,0,18.8,0,0,0.028,-0.016,-1.017,0.2,-0.8,0
110.9120538,105,-0.01,18.9,0,0,0.027,-0.016,-1.121,-0.3,-0.5,0
110.9220538,104,-0.01,18.9,0,0,0.027,-0.016,-1.121,-0.3,-0.5,0
110.9320538,103,-0.01,18.9,0,0,0.027,-0.016,-1.121,-0.3,-0.5,0
110.9420538,102,-0.01,18.9,0,0,0.027,-0.016,-1.121,-0.3,-0.5,0
110.9520538,106,-0.01,18.9,0,0,0.027,-0.016,-1.121,-0.3,-0.5,0
110.9620538,106,0.01,18.9,0,0,0.032,-0.008,-0.953,0.3,-0.7,0
110.9720538,110,0.01,18.9,0,0,0.032,-0.008,-0.953,0.3,-0.7,0
110.9820538,103,0.01,18.9,0,0,0.032,-0.008,-0.953,0.3,-0.7,0
110.9920538,101,0.01,18.9,0,0,0.032,-0.008,-0.953,0.3,-0.7,0
111.0020538,112,0.01,18.9,0,0,0.032,-0.008,-0.953,0.3,-0.7,0
111.015499,112,-0.01,18.9,0,0,0.027,-0.016,-1.021,0.1,-0.7,0
111.025499,111,-0.01,18.9,0,0,0.027,-0.016,-1.021,0.1,-0.7,0
111.035499,103,-0.01,18.9,0,0,0.027,-0.016,-1.021,0.1,-0.7,0
111.045499,109,-0.01,18.9,0,0,0.027,-0.016,-1.021,0.1,-0.7,0
111.055499,114,-0.01,18.9,0,0,0.027,-0.016,-1.021,0.1,-0.7,0
111.065499,107,0.01,18.8,0,0,0.028,-0.009,-0.988,0.2,-0.4,0
111.075499,108,0.01,18.8,0,0,0.028,-0.009,-0.988,0.2,-0.4,0
111.085499,107,0.01,18.8,0,0,0.028,-0.009,-0.988,0.2,-0.4,0
111.095499,106,0.01,18.8,0,0,0.028,-0.009,-0.988,0.2,-0.4,0
111.105499,105,0.01,18.8,0,0,0.028,-0.009,-0.988,0.2,-0.4,0
111.1277715,111,-0.01,18.8,0,0,0.03,-0.01,-0.973,1.5,-0.5,0
111.1377715,106,-0.01,18.8,0,0,0.03,-0.01,-0.973,1.5,-0.5,0
111.1477715,102,-0.01,18.8,0,0,0.03,-0.01,-0.973,1.5,-0.5,0
111.1577715,108,-0.01,18.8,0,0,0.03,-0.01,-0.973,1.5,-0.5,0
111.1677715,112,-0.01,18.8,0,0,0.03,-0.01,-0.973,1.5,-0.5,0
111.1777715,114,0,18.9,0,0,0.028,-0.02,-1.038,0.2,-0.7,0
111.1877715,106,0,18.9,0,0,0.028,-0.02,-1.038,0.2,-0.7,0
111.1977715,106,0,18.9,0,0,0.028,-0.02,-1.038,0.2,-0.7,0
111.2077715,108,0,18.9,0,0,0.028,-0.02,-1.038,0.2,-0.7,0
111.2177715,110,0,18.9,0,0,0.028,-0.02,-1.038,0.2,-0.7,0
111.2277715,108,0,18.8,0,0,0.028,-0.017,-1.022,0.2,-0.6,0
111.2377715,104,0,18.8,0,0,0.028,-0.017,-1.022,0.2,-0.6,0
111.2477715,107,0,18.8,0,0,0.028,-0.017,-1.022,0.2,-0.6,0
111.2577715,105,0,18.8,0,0,0.028,-0.017,-1.022,0.2,-0.6,0
111.2677715,107,0,18.8,0,0,0.028,-0.017,-1.022,0.2,-0.6,0
111.2850463,103,0,18.8,0,0,0.03,-0.009,-0.981,-0.4,-0.4,0
111.2950463,104,0,18.8,0,0,0.03,-0.009,-0.981,-0.4,-0.4,0
111.3050463,107,0,18.8,0,0,0.03,-0.009,-0.981,-0.4,-0.4,0
111.3150463,106,0,18.8,0,0,0.03,-0.009,-0.981,-0.4,-0.4,0
111.3250463,108,0,18.8,0,0,0.03,-0.009,-0.981,-0.4,-0.4,0
111.3506073,103,0,18.9,0,0,0.027,-0.015,-1.015,0.1,-0.7,0
111.3606073,108,0,18.9,0,0,0.027,-0.015,-1.015,0.1,-0.7,0
111.3706073,105,0,18.9,0,0,0.027,-0.015,-1.015,0.1,-0.7,0
111.3806073,107,0,18.9,0,0,0.027,-0.015,-1.015,0.1,-0.7,0
111.3906073,102,0,18.9,0,0,0.027,-0.015,-1.015,0.1,-0.7,0
111.4333268,104,0,18.8,0,0,0.029,-0.01,-0.983,0.3,-0.3,0
111.4433268,108,0,18.8,0,0,0.029,-0.01,-0.983,0.3,-0.3,0
111.4533268,105,0,18.8,0,0,0.029,-0.01,-0.983,0.3,-0.3,0
111.4633268,107,0,18.8,0,0,0.029,-0.01,-0.983,0.3,-0.3,0
111.4733268,103,0,18.8,0,0,0.029,-0.01,-0.983,0.3,-0.3,0
111.5095955,106,0,18.8,0,0,0.03,-0.014,-1.003,1.6,-0.9,0
111.5195955,105,0,18.8,0,0,0.03,-0.014,-1.003,1.6,-0.9,0
111.5295955,104,0,18.8,0,0,0.03,-0.014,-1.003,1.6,-0.9,0
111.5395955,104,0,18.8,0,0,0.03,-0.014,-1.003,1.6,-0.9,0
111.5495955,102,0,18.8,0,0,0.03,-0.014,-1.003,1.6,-0.9,0
111.5595955,113,0,18.9,0,0,0.029,-0.012,-0.997,0.4,-0.6,0
111.5695955,113,0,18.9,0,0,0.029,-0.012,-0.997,0.4,-0.6,0
111.5795955,111,0,18.9,0,0,0.029,-0.012,-0.997,0.4,-0.6,0
111.5895955,103,0,18.9,0,0,0.029,-0.012,-0.997,0.4,-0.6,0
111.5995955,106,0,18.9,0,0,0.029,-0.012,-0.997,0.4,-0.6,0
111.6095955,110,0,18.8,0,0,0.032,-0.009,-0.966,-0.4,-0.4,0
111.6195955,106,0,18.8,0,0,0.032,-0.009,-0.966,-0.4,-0.4,0
111.6295955,108,0,18.8,0,0,0.032,-0.009,-0.966,-0.4,-0.4,0
111.6395955,106,0,18.8,0,0,0.032,-0.009,-0.966,-0.4,-0.4,0
111.6495955,106,0,18.8,0,0,0.032,-0.009,-0.966,-0.4,-0.4,0
111.6595955,106,0,18.9,0,0,0.027,-0.014,-1.011,0.2,-1,0
111.6695955,114,0,18.9,0,0,0.027,-0.014,-1.011,0.2,-1,0
111.6795955,109,0,18.9,0,0,0.027,-0.014,-1.011,0.2,-1,0
111.6895955,102,0,18.9,0,0,0.027,-0.014,-1.011,0.2,-1,0
111.6995955,108,0,18.9,0,0,0.027,-0.014,-1.011,0.2,-1,0
111.7095955,112,-0.01,18.9,0,0,0.029,-0.01,-0.986,0.1,-0.4,0
111.7195955,112,-0.01,18.9,0,0,0.029,-0.01,-0.986,0.1,-0.4,0
111.7295955,106,-0.01,18.9,0,0,0.029,-0.01,-0.986,0.1,-0.4,0
111.7395955,109,-0.01,18.9,0,0,0.029,-0.01,-0.986,0.1,-0.4,0
111.7495955,107,-0.01,18.9,0,0,0.029,-0.01,-0.986,0.1,-0.4,0
111.7595955,110,0,18.9,0,0,0.031,-0.01,-0.974,1,-0.4,0
111.7695955,107,0,18.9,0,0,0.031,-0.01,-0.974,1,-0.4,0
111.7795955,104,0,18.9,0,0,0.031,-0.01,-0.974,1,-0.4,0
111.7895955,108,0,18.9,0,0,0.031,-0.01,-0.974,1,-0.4,0
111.7995955,104,0,18.9,0,0,0.031,-0.01,-0.974,1,-0.4,0
111.8095955,106,-0.01,18.8,0,0,0.028,-0.021,-1.046,1,-0.7,0
111.8195955,103,-0.01,18.8,0,0,0.028,-0.021,-1.046,1,-0.7,0
111.8295955,104,-0.01,18.8,0,0,0.028,-0.021,-1.046,1,-0.7,0
111.8395955,106,-0.01,18.8,0,0,0.028,-0.021,-1.046,1,-0.7,0
111.8495955,106,-0.01,18.8,0,0,0.028,-0.021,-1.046,1,-0.7,0
111.8595955,107,0,18.9,0,0,0.027,-0.016,-1.02,-0.3,-0.3,0
111.8695955,103,0,18.9,0,0,0.027,-0.016,-1.02,-0.3,-0.3,0
111.8795955,105,0,18.9,0,0,0.027,-0.016,-1.02,-0.3,-0.3,0
111.8895955,104,0,18.9,0,0,0.027,-0.016,-1.02,-0.3,-0.3,0
111.8995955,105,0,18.9,0,0,0.027,-0.016,-1.02,-0.3,-0.3,0
111.9095955,102,0,18.8,0,0,0.03,-0.01,-0.984,0.5,-0.4,0
111.9195955,103,0,18.8,0,0,0.03,-0.01,-0.984,0.5,-0.4,0
111.9295955,108,0,18.8,0,0,0.03,-0.01,-0.984,0.5,-0.4,0
111.9395955,105,0,18.8,0,0,0.03,-0.01,-0.984,0.5,-0.4,0
111.9495955,107,0,18.8,0,0,0.03,-0.01,-0.984,0.5,-0.4,0
111.9595955,102,0,18.9,0,0,0.029,-0.015,-0.993,-0.3,-0.8,0
111.9695955,104,0,18.9,0,0,0.029,-0.015,-0.993,-0.3,-0.8,0
111.9795955,108,0,18.9,0,0,0.029,-0.015,-0.993,-0.3,-0.8,0
111.9895955,106,0,18.9,0,0,0.029,-0.015,-0.993,-0.3,-0.8,0
111.9995955,107,0,18.9,0,0,0.029,-0.015,-0.993,-0.3,-0.8,0
112.0095955,103,0,18.8,0,0,0.027,-0.012,-1.008,0.3,-0.8,0
112.0195955,106,0,18.8,0,0,0.027,-0.012,-1.008,0.3,-0.8,0
112.0295955,105,0,18.8,0,0,0.027,-0.012,-1.008,0.3,-0.8,0
112.0395955,104,0,18.8,0,0,0.027,-0.012,-1.008,0.3,-0.8,0
112.0495955,103,0,18.8,0,0,0.027,-0.012,-1.008,0.3,-0.8,0
112.0648686,103,-0.01,18.8,0,0,0.029,-0.008,-0.985,0.4,-0.4,0
112.0748686,106,-0.01,18.8,0,0,0.029,-0.008,-0.985,0.4,-0.4,0
112.0848686,105,-0.01,18.8,0,0,0.029,-0.008,-0.985,0.4,-0.4,0
112.0948686,111,-0.01,18.8,0,0,0.029,-0.008,-0.985,0.4,-0.4,0
112.1048686,103,-0.01,18.8,0,0,0.029,-0.008,-0.985,0.4,-0.4,0
112.1148686,100,0,18.9,0,0,0.03,-0.012,-0.989,0.7,-0.5,0
112.1248686,113,0,18.9,0,0,0.03,-0.012,-0.989,0.7,-0.5,0
112.1348686,113,0,18.9,0,0,0.03,-0.012,-0.989,0.7,-0.5,0
112.1448686,109,0,18.9,0,0,0.03,-0.012,-0.989,0.7,-0.5,0
112.1548686,102,0,18.9,0,0,0.03,-0.012,-0.989,0.7,-0.5,0
112.1756945,108,0,18.8,0,0,0.025,-0.022,-1.061,0,-0.6,0
112.1856945,110,0,18.8,0,0,0.025,-0.022,-1.061,0,-0.6,0
112.1956945,106,0,18.8,0,0,0.025,-0.022,-1.061,0,-0.6,0
112.2056945,107,0,18.8,0,0,0.025,-0.022,-1.061,0,-0.6,0
112.2156945,106,0,18.8,0,0,0.025,-0.022,-1.061,0,-0.6,0
112.2691526,108,0,18.8,0,0,0.03,-0.013,-0.999,0.3,-0.7,0
112.2791526,112,0,18.8,0,0,0.03,-0.013,-0.999,0.3,-0.7,0
112.2891526,109,0,18.8,0,0,0.03,-0.013,-0.999,0.3,-0.7,0
112.2991526,106,0,18.8,0,0,0.03,-0.013,-0.999,0.3,-0.7,0
112.3091526,111,0,18.8,0,0,0.03,-0.013,-0.999,0.3,-0.7,0
112.337756,108,0,18.9,0,0,0.028,-0.015,-1.002,-0.1,-0.9,0
112.347756,110,0,18.9,0,0,0.028,-0.015,-1.002,-0.1,-0.9,0
112.357756,107,0,18.9,0,0,0.028,-0.015,-1.002,-0.1,-0.9,0
112.367756,104,0,18.9,0,0,0.028,-0.015,-1.002,-0.1,-0.9,0
112.377756,107,0,18.9,0,0,0.028,-0.015,-1.002,-0.1,-0.9,0
112.387756,104,0,18.9,0,0,0.028,-0.01,-0.989,0.8,-0.4,0
112.397756,107,0,18.9,0,0,0.028,-0.01,-0.989,0.8,-0.4,0
112.407756,103,0,18.9,0,0,0.028,-0.01,-0.989,0.8,-0.4,0
112.417756,104,0,18.9,0,0,0.028,-0.01,-0.989,0.8,-0.4,0
112.427756,106,0,18.9,0,0,0.028,-0.01,-0.989,0.8,-0.4,0
112.437756,106,0,18.9,0,0,0.031,-0.01,-0.98,0.9,-0.6,0
112.447756,106,0,18.9,0,0,0.031,-0.01,-0.98,0.9,-0.6,0
112.457756,103,0,18.9,0,0,0.031,-0.01,-0.98,0.9,-0.6,0
112.467756,107,0,18.9,0,0,0.031,-0.01,-0.98,0.9,-0.6,0
112.477756,105,0,18.9,0,0,0.031,-0.01,-0.98,0.9,-0.6,0
112.5136132,105,0.01,18.8,0,0,0.03,-0.016,-1.009,0.9,-0.7,0
112.5236132,103,0.01,18.8,0,0,0.03,-0.016,-1.009,0.9,-0.7,0
112.5336132,103,0.01,18.8,0,0,0.03,-0.016,-1.009,0.9,-0.7,0
112.5436132,107,0.01,18.8,0,0,0.03,-0.016,-1.009,0.9,-0.7,0
112.5536132,105,0.01,18.8,0,0,0.03,-0.016,-1.009,0.9,-0.7,0
112.5636132,105,0.01,18.8,0,0,0.033,-0.009,-0.963,-0.2,-0.4,0
112.5736132,103,0.01,18.8,0,0,0.033,-0.009,-0.963,-0.2,-0.4,0
112.5836132,108,0.01,18.8,0,0,0.033,-0.009,-0.963,-0.2,-0.4,0
112.5936132,105,0.01,18.8,0,0,0.033,-0.009,-0.963,-0.2,-0.4,0
112.6036132,104,0.01,18.8,0,0,0.033,-0.009,-0.963,-0.2,-0.4,0
112.6438566,103,0,18.9,0,0,0.029,-0.016,-1.005,0.4,-0.9,0
112.6538566,103,0,18.9,0,0,0.029,-0.016,-1.005,0.4,-0.9,0
112.6638566,106,0,18.9,0,0,0.029,-0.016,-1.005,0.4,-0.9,0
112.6738566,105,0,18.9,0,0,0.029,-0.016,-1.005,0.4,-0.9,0
112.6838566,111,0,18.9,0,0,0.029,-0.016,-1.005,0.4,-0.9,0
112.6938566,103,0,18.9,0,0,0.027,-0.015,-1.009,-0.4,-0.6,0
112.7038566,100,0,18.9,0,0,0.027,-0.015,-1.009,-0.4,-0.6,0
112.7138566,113,0,18.9,0,0,0.027,-0.015,-1.009,-0.4,-0.6,0
112.7238566,113,0,18.9,0,0,0.027,-0.015,-1.009,-0.4,-0.6,0
112.7338566,106,0,18.9,0,0,0.027,-0.015,-1.009,-0.4,-0.6,0
112.7438566,102,0,18.8,0,0,0.029,-0.007,-0.979,1,-0.4,0
112.7538566,112,0,18.8,0,0,0.029,-0.007,-0.979,1,-0.4,0
112.7638566,111,0,18.8,0,0,0.029,-0.007,-0.979,1,-0.4,0
112.7738566,107,0,18.8,0,0,0.029,-0.007,-0.979,1,-0.4,0
112.7838566,107,0,18.8,0,0,0.029,-0.007,-0.979,1,-0.4,0
112.7938566,105,0,18.8,0,0,0.029,-0.014,-1.005,0.7,-0.5,0
112.8038566,105,0,18.8,0,0,0.029,-0.014,-1.005,0.7,-0.5,0
112.8138566,107,0,18.8,0,0,0.029,-0.014,-1.005,0.7,-0.5,0
112.8238566,113,0,18.8,0,0,0.029,-0.014,-1.005,0.7,-0.5,0
112.8338566,104,0,18.8,0,0,0.029,-0.014,-1.005,0.7,-0.5,0
112.8602642,108,-0.01,18.9,0,0,0.028,-0.015,-1.022,-0.6,-0.2,0
112.8702642,108,-0.01,18.9,0,0,0.028,-0.015,-1.022,-0.6,-0.2,0
112.8802642,110,-0.01,18.9,0,0,0.028,-0.015,-1.022,-0.6,-0.2,0
112.8902642,106,-0.01,18.9,0,0,0.028,-0.015,-1.022,-0.6,-0.2,0
112.9002642,104,-0.01,18.9,0,0,0.028,-0.015,-1.022,-0.6,-0.2,0
112.9102642,107,0,18.8,0,0,0.03,-0.006,-0.956,0,-0.7,0
112.9202642,105,0,18.8,0,0,0.03,-0.006,-0.956,0,-0.7,0
112.9302642,107,0,18.8,0,0,0.03,-0.006,-0.956,0,-0.7,0
112.9402642,103,0,18.8,0,0,0.03,-0.006,-0.956,0,-0.7,0
112.9502642,104,0,18.8,0,0,0.03,-0.006,-0.956,0,-0.7,0
112.9602642,106,0,18.9,0,0,0.028,-0.018,-1.018,0,-0.7,0
112.9702642,106,0,18.9,0,0,0.028,-0.018,-1.018,0,-0.7,0
112.9802642,106,0,18.9,0,0,0.028,-0.018,-1.018,0,-0.7,0
112.9902642,103,0,18.9,0,0,0.028,-0.018,-1.018,0,-0.7,0
113.0002642,106,0,18.9,0,0,0.028,-0.018,-1.018,0,-0.7,0
113.0102642,104,0,18.8,0,0,0.027,-0.011,-1.004,-0.2,-0.6,0
113.0202642,105,0,18.8,0,0,0.027,-0.011,-1.004,-0.2,-0.6,0
113.0302642,102,0,18.8,0,0,0.027,-0.011,-1.004,-0.2,-0.6,0
113.0402642,103,0,18.8,0,0,0.027,-0.011,-1.004,-0.2,-0.6,0
113.0502642,108,0,18.8,0,0,0.027,-0.011,-1.004,-0.2,-0.6,0
113.0602642,105,0,18.8,0,0,0.03,-0.009,-0.968,1.5,-0.4,0
113.0702642,108,0,18.8,0,0,0.03,-0.009,-0.968,1.5,-0.4,0
113.0802642,103,0,18.8,0,0,0.03,-0.009,-0.968,1.5,-0.4,0
113.0902642,104,0,18.8,0,0,0.03,-0.009,-0.968,1.5,-0.4,0
113.1002642,108,0,18.8,0,0,0.03,-0.009,-0.968,1.5,-0.4,0
113.1114959,105,0,18.8,0,0,0.028,-0.019,-1.038,0.5,-0.7,0
113.1214959,105,0,18.8,0,0,0.028,-0.019,-1.038,0.5,-0.7,0
113.1314959,103,0,18.8,0,0,0.028,-0.019,-1.038,0.5,-0.7,0
113.1414959,108,0,18.8,0,0,0.028,-0.019,-1.038,0.5,-0.7,0
113.1514959,105,0,18.8,0,0,0.028,-0.019,-1.038,0.5,-0.7,0
113.1614959,104,0,18.8,0,0,0.029,-0.018,-1.024,0.6,-0.6,0
113.1714959,104,0,18.8,0,0,0.029,-0.018,-1.024,0.6,-0.6,0
113.1814959,103,0,18.8,0,0,0.029,-0.018,-1.024,0.6,-0.6,0
113.1914959,106,0,18.8,0,0,0.029,-0.018,-1.024,0.6,-0.6,0
113.2014959,105,0,18.8,0,0,0.029,-0.018,-1.024,0.6,-0.6,0
113.2405092,111,-0.01,18.9,0,0,0.029,-0.012,-1,-0.3,-0.3,0
113.2505092,103,-0.01,18.9,0,0,0.029,-0.012,-1,-0.3,-0.3,0
113.2605092,100,-0.01,18.9,0,0,0.029,-0.012,-1,-0.3,-0.3,0
113.2705092,113,-0.01,18.9,0,0,0.029,-0.012,-1,-0.3,-0.3,0
113.2805092,113,-0.01,18.9,0,0,0.029,-0.012,-1,-0.3,-0.3,0
113.2905092,105,0,18.9,0,0,0.03,-0.012,-0.974,0.5,-0.9,0
113.3005092,109,0,18.9,0,0,0.03,-0.012,-0.974,0.5,-0.9,0
113.3105092,115,0,18.9,0,0,0.03,-0.012,-0.974,0.5,-0.9,0
113.3205092,107,0,18.9,0,0,0.03,-0.012,-0.974,0.5,-0.9,0
113.3305092,106,0,18.9,0,0,0.03,-0.012,-0.974,0.5,-0.9,0
113.3405092,107,0,18.9,0,0,0.027,-0.014,-1.011,0,-0.7,0
113.3505092,106,0,18.9,0,0,0.027,-0.014,-1.011,0,-0.7,0
113.3605092,105,0,18.9,0,0,0.027,-0.014,-1.011,0,-0.7,0
113.3705092,112,0,18.9,0,0,0.027,-0.014,-1.011,0,-0.7,0
113.3805092,113,0,18.9,0,0,0.027,-0.014,-1.011,0,-0.7,0
113.3905092,100,0,18.9,0,0,0.028,-0.007,-0.984,0.1,-0.3,0.1
113.4005092,102,0,18.9,0,0,0.028,-0.007,-0.984,0.1,-0.3,0.1
113.4105092,109,0,18.9,0,0,0.028,-0.007,-0.984,0.1,-0.3,0.1
113.4205092,113,0,18.9,0,0,0.028,-0.007,-0.984,0.1,-0.3,0.1
113.4305092,109,0,18.9,0,0,0.028,-0.007,-0.984,0.1,-0.3,0.1
113.4405092,108,0,18.8,0,0,0.03,-0.015,-0.995,1.2,-0.7,0
113.4505092,110,0,18.8,0,0,0.03,-0.015,-0.995,1.2,-0.7,0
113.4605092,105,0,18.8,0,0,0.03,-0.015,-0.995,1.2,-0.7,0
113.4705092,111,0,18.8,0,0,0.03,-0.015,-0.995,1.2,-0.7,0
113.4805092,107,0,18.8,0,0,0.03,-0.015,-0.995,1.2,-0.7,0
113.4905092,104,0,18.9,0,0,0.028,-0.02,-1.046,-0.2,-0.5,0
113.5005092,107,0,18.9,0,0,0.028,-0.02,-1.046,-0.2,-0.5,0
113.5105092,106,0,18.9,0,0,0.028,-0.02,-1.046,-0.2,-0.5,0
113.5205092,107,0,18.9,0,0,0.028,-0.02,-1.046,-0.2,-0.5,0
113.5305092,101,0,18.9,0,0,0.028,-0.02,-1.046,-0.2,-0.5,0
113.5405092,104,0,18.8,0,0,0.028,-0.014,-1.006,0.3,-0.6,0
113.5505092,106,0,18.8,0,0,0.028,-0.014,-1.006,0.3,-0.6,0
113.5605092,107,0,18.8,0,0,0.028,-0.014,-1.006,0.3,-0.6,0
113.5705092,106,0,18.8,0,0,0.028,-0.014,-1.006,0.3,-0.6,0
113.5805092,104,0,18.8,0,0,0.028,-0.014,-1.006,0.3,-0.6,0
113.5905092,107,-0.01,18.9,0,0,0.031,-0.012,-0.974,-0.2,-0.3,0
113.6005092,102,-0.01,18.9,0,0,0.031,-0.012,-0.974,-0.2,-0.3,0
113.6105092,105,-0.01,18.9,0,0,0.031,-0.012,-0.974,-0.2,-0.3,0
113.6205092,103,-0.01,18.9,0,0,0.031,-0.012,-0.974,-0.2,-0.3,0
113.6305092,103,-0.01,18.9,0,0,0.031,-0.012,-0.974,-0.2,-0.3,0
113.6405092,107,0,18.9,0,0,0.029,-0.013,-0.994,0.4,-1,0
113.6505092,107,0,18.9,0,0,0.029,-0.013,-0.994,0.4,-1,0
113.6605092,107,0,18.9,0,0,0.029,-0.013,-0.994,0.4,-1,0
113.6705092,101,0,18.9,0,0,0.029,-0.013,-0.994,0.4,-1,0
113.6805092,104,0,18.9,0,0,0.029,-0.013,-0.994,0.4,-1,0
113.6905092,107,0,18.8,0,0,0.028,-0.011,-0.998,0.3,-0.4,0
113.7005092,105,0,18.8,0,0,0.028,-0.011,-0.998,0.3,-0.4,0
113.7105092,105,0,18.8,0,0,0.028,-0.011,-0.998,0.3,-0.4,0
113.7205092,106,0,18.8,0,0,0.028,-0.011,-0.998,0.3,-0.4,0
113.7305092,108,0,18.8,0,0,0.028,-0.011,-0.998,0.3,-0.4,0
113.7405092,102,0,18.8,0,0,0.03,-0.006,-0.967,0.6,-0.4,0
113.7505092,104,0,18.8,0,0,0.03,-0.006,-0.967,0.6,-0.4,0
113.7605092,103,0,18.8,0,0,0.03,-0.006,-0.967,0.6,-0.4,0
113.7705092,103,0,18.8,0,0,0.03,-0.006,-0.967,0.6,-0.4,0
113.7805092,106,0,18.8,0,0,0.03,-0.006,-0.967,0.6,-0.4,0
113.7905092,110,0,18.9,0,0,0.031,-0.016,-1.016,1.5,-0.7,0
113.8005092,110,0,18.9,0,0,0.031,-0.016,-1.016,1.5,-0.7,0
113.8105092,98,0,18.9,0,0,0.031,-0.016,-1.016,1.5,-0.7,0
113.8205092,101,0,18.9,0,0,0.031,-0.016,-1.016,1.5,-0.7,0
113.8305092,113,0,18.9,0,0,0.031,-0.016,-1.016,1.5,-0.7,0
113.8405092,113,0,18.8,0,0,0.028,-0.019,-1.036,-0.4,-0.4,0
113.8505092,105,0,18.8,0,0,0.028,-0.019,-1.036,-0.4,-0.4,0
113.8605092,110,0,18.8,0,0,0.028,-0.019,-1.036,-0.4,-0.4,0
113.8705092,115,0,18.8,0,0,0.028,-0.019,-1.036,-0.4,-0.4,0
113.8805092,107,0,18.8,0,0,0.028,-0.019,-1.036,-0.4,-0.4,0
113.8905092,107,0,18.9,0,0,0.028,-0.013,-1.003,0.2,-0.4,0
113.9005092,107,0,18.9,0,0,0.028,-0.013,-1.003,0.2,-0.4,0
113.9105092,105,0,18.9,0,0,0.028,-0.013,-1.003,0.2,-0.4,0
113.9205092,105,0,18.9,0,0,0.028,-0.013,-1.003,0.2,-0.4,0
113.9305092,112,0,18.9,0,0,0.028,-0.013,-1.003,0.2,-0.4,0
113.9405092,113,-0.01,18.9,0,0,0.03,-0.014,-0.986,-0.1,-0.7,0
113.9505092,100,-0.01,18.9,0,0,0.03,-0.014,-0.986,-0.1,-0.7,0
113.9605092,102,-0.01,18.9,0,0,0.03,-0.014,-0.986,-0.1,-0.7,0
113.9705092,109,-0.01,18.9,0,0,0.03,-0.014,-0.986,-0.1,-0.7,0
113.9805092,113,-0.01,18.9,0,0,0.03,-0.014,-0.986,-0.1,-0.7,0
113.9905092,109,0.01,18.9,0,0,0.027,-0.015,-1.023,0.3,-0.9,0
114.0005092,108,0.01,18.9,0,0,0.027,-0.015,-1.023,0.3,-0.9,0
114.0105092,110,0.01,18.9,0,0,0.027,-0.015,-1.023,0.3,-0.9,0
114.0205092,105,0.01,18.9,0,0,0.027,-0.015,-1.023,0.3,-0.9,0
114.0305092,110,0.01,18.9,0,0,0.027,-0.015,-1.023,0.3,-0.9,0
114.0405092,106,0,18.9,0,0,0.028,-0.011,-0.989,0.3,-0.4,0
114.0505092,104,0,18.9,0,0,0.028,-0.011,-0.989,0.3,-0.4,0
114.0605092,107,0,18.9,0,0,0.028,-0.011,-0.989,0.3,-0.4,0
114.0705092,107,0,18.9,0,0,0.028,-0.011,-0.989,0.3,-0.4,0
114.0805092,107,0,18.9,0,0,0.028,-0.011,-0.989,0.3,-0.4,0
114.0905092,101,0,18.9,0,0,0.03,-0.014,-0.988,-0.2,-0.8,0
114.1005092,104,0,18.9,0,0,0.03,-0.014,-0.988,-0.2,-0.8,0
114.1105092,106,0,18.9,0,0,0.03,-0.014,-0.988,-0.2,-0.8,0
114.1205092,106,0,18.9,0,0,0.03,-0.014,-0.988,-0.2,-0.8,0
114.1305092,106,0,18.9,0,0,0.03,-0.014,-0.988,-0.2,-0.8,0
114.1405092,104,0,18.9,0,0,0.027,-0.012,-1.012,0.1,-0.7,0
114.1505092,107,0,18.9,0,0,0.027,-0.012,-1.012,0.1,-0.7,0
114.1605092,102,0,18.9,0,0,0.027,-0.012,-1.012,0.1,-0.7,0
114.1705092,105,0,18.9,0,0,0.027,-0.012,-1.012,0.1,-0.7,0
114.1805092,103,0,18.9,0,0,0.027,-0.012,-1.012,0.1,-0.7,0
114.1905092,103,0,18.9,0,0,0.029,-0.01,-0.989,0.4,-0.4,0
114.2005092,107,0,18.9,0,0,0.029,-0.01,-0.989,0.4,-0.4,0
114.2105092,107,0,18.9,0,0,0.029,-0.01,-0.989,0.4,-0.4,0
114.2205092,108,0,18.9,0,0,0.029,-0.01,-0.989,0.4,-0.4,0
114.2305092,100,0,18.9,0,0,0.029,-0.01,-0.989,0.4,-0.4,0
114.2405092,104,0,18.9,0,0,0.03,-0.014,-0.992,0.7,-0.4,0
114.2505092,108,0,18.9,0,0,0.03,-0.014,-0.992,0.7,-0.4,0
114.2605092,105,0,18.9,0,0,0.03,-0.014,-0.992,0.7,-0.4,0
114.2705092,104,0,18.9,0,0,0.03,-0.014,-0.992,0.7,-0.4,0
114.2805092,106,0,18.9,0,0,0.03,-0.014,-0.992,0.7,-0.4,0
114.2905092,108,-0.01,18.9,0,0,0.027,-0.023,-1.065,0.5,-0.7,0
114.3005092,102,-0.01,18.9,0,0,0.027,-0.023,-1.065,0.5,-0.7,0
114.3105092,104,-0.01,18.9,0,0,0.027,-0.023,-1.065,0.5,-0.7,0
114.3205092,103,-0.01,18.9,0,0,0.027,-0.023,-1.065,0.5,-0.7,0
114.3305092,103,-0.01,18.9,0,0,0.027,-0.023,-1.065,0.5,-0.7,0
114.3405092,106,0,18.8,0,0,0.029,-0.014,-0.99,-0.7,-0.1,0
114.3505092,111,0,18.8,0,0,0.029,-0.014,-0.99,-0.7,-0.1,0
114.3605092,111,0,18.8,0,0,0.029,-0.014,-0.99,-0.7,-0.1,0
114.3705092,98,0,18.8,0,0,0.029,-0.014,-0.99,-0.7,-0.1,0
114.3805092,101,0,18.8,0,0,0.029,-0.014,-0.99,-0.7,-0.1,0
114.3905092,114,0,18.9,0,0,0.029,-0.013,-0.996,0.5,-0.7,0
114.4005092,114,0,18.9,0,0,0.029,-0.013,-0.996,0.5,-0.7,0
114.4105092,105,0,18.9,0,0,0.029,-0.013,-0.996,0.5,-0.7,0
114.4205092,109,0,18.9,0,0,0.029,-0.013,-0.996,0.5,-0.7,0
114.4305092,113,0,18.9,0,0,0.029,-0.013,-0.996,0.5,-0.7,0
114.4460857,107,0.01,18.8,0,0,0.029,-0.014,-0.994,-0.3,-0.9,0
114.4560857,109,0.01,18.8,0,0,0.029,-0.014,-0.994,-0.3,-0.9,0
114.4660857,106,0.01,18.8,0,0,0.029,-0.014,-0.994,-0.3,-0.9,0
114.4760857,105,0.01,18.8,0,0,0.029,-0.014,-0.994,-0.3,-0.9,0
114.4860857,105,0.01,18.8,0,0,0.029,-0.014,-0.994,-0.3,-0.9,0
114.4960857,112,0,18.9,0,0,0.028,-0.008,-0.994,0.6,-0.5,0
114.5060857,108,0,18.9,0,0,0.028,-0.008,-0.994,0.6,-0.5,0
114.5160857,99,0,18.9,0,0,0.028,-0.008,-0.994,0.6,-0.5,0
114.5260857,105,0,18.9,0,0,0.028,-0.008,-0.994,0.6,-0.5,0
114.5360857,109,0,18.9,0,0,0.028,-0.008,-0.994,0.6,-0.5,0
114.5460857,114,-0.01,18.8,0,0,0.03,-0.009,-0.976,0.7,-0.5,0
114.5560857,110,-0.01,18.8,0,0,0.03,-0.009,-0.976,0.7,-0.5,0
114.5660857,108,-0.01,18.8,0,0,0.03,-0.009,-0.976,0.7,-0.5,0
114.5760857,107,-0.01,18.8,0,0,0.03,-0.009,-0.976,0.7,-0.5,0
114.5860857,105,-0.01,18.8,0,0,0.03,-0.009,-0.976,0.7,-0.5,0
114.5960857,113,0,18.8,0,0,0.029,-0.018,-1.012,0.9,-0.7,0
114.6060857,106,0,18.8,0,0,0.029,-0.018,-1.012,0.9,-0.7,0
114.6160857,103,0,18.8,0,0,0.029,-0.018,-1.012,0.9,-0.7,0
114.6260857,107,0,18.8,0,0,0.029,-0.018,-1.012,0.9,-0.7,0
114.6360857,107,0,18.8,0,0,0.029,-0.018,-1.012,0.9,-0.7,0
114.6460857,103,0,18.8,0,0,0.025,-0.021,-1.052,-0.1,-0.4,0
114.6560857,101,0,18.8,0,0,0.025,-0.021,-1.052,-0.1,-0.4,0
114.6660857,108,0,18.8,0,0,0.025,-0.021,-1.052,-0.1,-0.4,0
114.6760857,106,0,18.8,0,0,0.025,-0.021,-1.052,-0.1,-0.4,0
114.6860857,106,0,18.8,0,0,0.025,-0.021,-1.052,-0.1,-0.4,0
114.6960857,106,0,18.9,0,0,0.03,-0.009,-0.969,0,-0.3,0
114.7060857,105,0,18.9,0,0,0.03,-0.009,-0.969,0,-0.3,0
114.7160857,105,0,18.9,0,0,0.03,-0.009,-0.969,0,-0.3,0
114.7260857,103,0,18.9,0,0,0.03,-0.009,-0.969,0,-0.3,0
114.7360857,107,0,18.9,0,0,0.03,-0.009,-0.969,0,-0.3,0
114.7460857,102,0,18.9,0,0,0.028,-0.015,-1.002,0.6,-0.8,0
114.7560857,103,0,18.9,0,0,0.028,-0.015,-1.002,0.6,-0.8,0
114.7660857,107,0,18.9,0,0,0.028,-0.015,-1.002,0.6,-0.8,0
114.7760857,107,0,18.9,0,0,0.028,-0.015,-1.002,0.6,-0.8,0
114.7860857,104,0,18.9,0,0,0.028,-0.015,-1.002,0.6,-0.8,0
114.7960857,100,0.01,18.8,0,0,0.027,-0.012,-1.008,-0.3,-0.6,0
114.8060857,107,0.01,18.8,0,0,0.027,-0.012,-1.008,-0.3,-0.6,0
114.8160857,108,0.01,18.8,0,0,0.027,-0.012,-1.008,-0.3,-0.6,0
114.8260857,105,0.01,18.8,0,0,0.027,-0.012,-1.008,-0.3,-0.6,0
114.8360857,105,0.01,18.8,0,0,0.027,-0.012,-1.008,-0.3,-0.6,0
114.8460857,106,0,18.9,0,0,0.029,-0.007,-0.965,1.1,-0.4,0
114.8560857,105,0,18.9,0,0,0.029,-0.007,-0.965,1.1,-0.4,0
114.8660857,102,0,18.9,0,0,0.029,-0.007,-0.965,1.1,-0.4,0
114.8760857,107,0,18.9,0,0,0.029,-0.007,-0.965,1.1,-0.4,0
114.8860857,104,0,18.9,0,0,0.029,-0.007,-0.965,1.1,-0.4,0
114.8960857,103,0,18.9,0,0,0.03,-0.015,-1.014,0.4,-0.4,0
114.9060857,106,0,18.9,0,0,0.03,-0.015,-1.014,0.4,-0.4,0
114.9160857,112,0,18.9,0,0,0.03,-0.015,-1.014,0.4,-0.4,0
114.9260857,108,0,18.9,0,0,0.03,-0.015,-1.014,0.4,-0.4,0
114.9360857,99,0,18.9,0,0,0.03,-0.015,-1.014,0.4,-0.4,0
114.9460857,106,0,18.8,0,0,0.028,-0.017,-1.015,0.4,-0.8,0
114.9560857,114,0,18.8,0,0,0.028,-0.017,-1.015,0.4,-0.8,0
114.9660857,114,0,18.8,0,0,0.028,-0.017,-1.015,0.4,-0.8,0
114.9760857,105,0,18.8,0,0,0.028,-0.017,-1.015,0.4,-0.8,0
114.9860857,108,0,18.8,0,0,0.028,-0.017,-1.015,0.4,-0.8,0
114.9960857,109,-0.01,18.9,0,0,0.027,-0.014,-1.013,-0.7,-0.1,0
115.0060857,105,-0.01,18.9,0,0,0.027,-0.014,-1.013,-0.7,-0.1,0
115.0160857,110,-0.01,18.9,0,0,0.027,-0.014,-1.013,-0.7,-0.1,0
115.0260857,106,-0.01,18.9,0,0,0.027,-0.014,-1.013,-0.7,-0.1,0
115.0360857,104,-0.01,18.9,0,0,0.027,-0.014,-1.013,-0.7,-0.1,0
115.0460857,106,0,18.9,0,0,0.032,-0.009,-0.961,0,-0.7,0
115.0560857,114,0,18.9,0,0,0.032,-0.009,-0.961,0,-0.7,0
115.0660857,110,0,18.9,0,0,0.032,-0.009,-0.961,0,-0.7,0
115.0760857,101,0,18.9,0,0,0.032,-0.009,-0.961,0,-0.7,0
115.0860857,107,0,18.9,0,0,0.032,-0.009,-0.961,0,-0.7,0
115.0960857,109,0,18.9,0,0,0.027,-0.017,-1.019,0,-0.7,0
115.1060857,114,0,18.9,0,0,0.027,-0.017,-1.019,0,-0.7,0
115.1160857,109,0,18.9,0,0,0.027,-0.017,-1.019,0,-0.7,0
115.1260857,107,0,18.9,0,0,0.027,-0.017,-1.019,0,-0.7,0
115.1360857,107,0,18.9,0,0,0.027,-0.017,-1.019,0,-0.7,0
115.1460857,108,0,18.9,0,0,0.025,-0.011,-0.999,0.1,-0.6,0
115.1560857,113,0,18.9,0,0,0.025,-0.011,-0.999,0.1,-0.6,0
115.1660857,103,0,18.9,0,0,0.025,-0.011,-0.999,0.1,-0.6,0
115.1760857,102,0,18.9,0,0,0.025,-0.011,-0.999,0.1,-0.6,0
115.1860857,108,0,18.9,0,0,0.025,-0.011,-0.999,0.1,-0.6,0
115.1960857,107,0,18.8,0,0,0.031,-0.009,-0.97,1.7,-0.4,0
115.2060857,103,0,18.8,0,0,0.031,-0.009,-0.97,1.7,-0.4,0
115.2160857,104,0,18.8,0,0,0.031,-0.009,-0.97,1.7,-0.4,0
115.2260857,108,0,18.8,0,0,0.031,-0.009,-0.97,1.7,-0.4,0
115.2360857,103,0,18.8,0,0,0.031,-0.009,-0.97,1.7,-0.4,0
115.2460857,106,0,18.9,0,0,0.028,-0.018,-1.036,0.5,-0.7,0
115.2560857,106,0,18.9,0,0,0.028,-0.018,-1.036,0.5,-0.7,0
115.2660857,105,0,18.9,0,0,0.028,-0.018,-1.036,0.5,-0.7,0
115.2760857,104,0,18.9,0,0,0.028,-0.018,-1.036,0.5,-0.7,0
115.2860857,105,0,18.9,0,0,0.028,-0.018,-1.036,0.5,-0.7,0
115.2960857,108,0,18.9,0,0,0.028,-0.016,-1.018,0.4,-0.6,0
115.3060857,100,0,18.9,0,0,0.028,-0.016,-1.018,0.4,-0.6,0
115.3160857,103,0,18.9,0,0,0.028,-0.016,-1.018,0.4,-0.6,0
115.3260857,107,0,18.9,0,0,0.028,-0.016,-1.018,0.4,-0.6,0
115.3360857,107,0,18.9,0,0,0.028,-0.016,-1.018,0.4,-0.6,0
115.3460857,102,-0.01,18.9,0,0,0.029,-0.009,-0.991,-0.3,-0.3,0
115.3560857,100,-0.01,18.9,0,0,0.029,-0.009,-0.991,-0.3,-0.3,0
115.3660857,109,-0.01,18.9,0,0,0.029,-0.009,-0.991,-0.3,-0.3,0
115.3760857,108,-0.01,18.9,0,0,0.029,-0.009,-0.991,-0.3,-0.3,0
115.3860857,106,-0.01,18.9,0,0,0.029,-0.009,-0.991,-0.3,-0.3,0
115.3960857,105,0,18.8,0,0,0.031,-0.013,-0.982,0.1,-0.9,0
115.4060857,106,0,18.8,0,0,0.031,-0.013,-0.982,0.1,-0.9,0
115.4160857,105,0,18.8,0,0,0.031,-0.013,-0.982,0.1,-0.9,0
115.4260857,102,0,18.8,0,0,0.031,-0.013,-0.982,0.1,-0.9,0
115.4360857,107,0,18.8,0,0,0.031,-0.013,-0.982,0.1,-0.9,0
115.4460857,103,0,18.9,0,0,0.027,-0.015,-1.017,0,-0.7,0
115.4560857,103,0,18.9,0,0,0.027,-0.015,-1.017,0,-0.7,0
115.4660857,106,0,18.9,0,0,0.027,-0.015,-1.017,0,-0.7,0
115.4760857,111,0,18.9,0,0,0.027,-0.015,-1.017,0,-0.7,0
115.4860857,103,0,18.9,0,0,0.027,-0.015,-1.017,0,-0.7,0
115.4960857,97,0.01,18.8,0,0,0.028,-0.008,-0.981,0.1,-0.3,0
115.5060857,108,0.01,18.8,0,0,0.028,-0.008,-0.981,0.1,-0.3,0
115.5160857,115,0.01,18.8,0,0,0.028,-0.008,-0.981,0.1,-0.3,0
115.5260857,114,0.01,18.8,0,0,0.028,-0.008,-0.981,0.1,-0.3,0
115.5360857,104,0.01,18.8,0,0,0.028,-0.008,-0.981,0.1,-0.3,0
117.5789664,119,0,18.9,0,0,0.031,-0.009,-0.964,0.4,-1,0
117.5889664,119,0,18.9,0,0,0.031,-0.009,-0.964,0.4,-1,0
117.5989664,114,0,18.9,0,0,0.031,-0.009,-0.964,0.4,-1,0
117.6089664,116,0,18.9,0,0,0.031,-0.009,-0.964,0.4,-1,0
117.6189664,119,0,18.9,0,0,0.031,-0.009,-0.964,0.4,-1,0
117.6289664,117,0,18.8,0,0,0.029,-0.013,-1.007,0.1,-0.4,0
117.6389664,117,0,18.8,0,0,0.029,-0.013,-1.007,0.1,-0.4,0
117.6489664,117,0,18.8,0,0,0.029,-0.013,-1.007,0.1,-0.4,0
117.6589664,119,0,18.8,0,0,0.029,-0.013,-1.007,0.1,-0.4,0
117.6689664,114,0,18.8,0,0,0.029,-0.013,-1.007,0.1,-0.4,0
117.6789664,116,0,18.9,0,0,0.03,-0.012,-0.988,0.9,-0.7,0
117.6889664,115,0,18.9,0,0,0.03,-0.012,-0.988,0.9,-0.7,0
117.6989664,115,0,18.9,0,0,0.03,-0.012,-0.988,0.9,-0.7,0
117.7089664,118,0,18.9,0,0,0.03,-0.012,-0.988,0.9,-0.7,0
117.7189664,122,0,18.9,0,0,0.03,-0.012,-0.988,0.9,-0.7,0
117.7289664,115,0,18.8,0,0,0.029,-0.016,-1.005,-0.9,-0.4,0
117.7389664,112,0,18.8,0,0,0.029,-0.016,-1.005,-0.9,-0.4,0
117.7489664,122,0,18.8,0,0,0.029,-0.016,-1.005,-0.9,-0.4,0
117.7589664,121,0,18.8,0,0,0.029,-0.016,-1.005,-0.9,-0.4,0
117.7689664,112,0,18.8,0,0,0.029,-0.016,-1.005,-0.9,-0.4,0
117.7789664,118,0,18.9,0,0,0.027,-0.017,-1.042,1.3,-0.6,0
117.7889664,120,0,18.9,0,0,0.027,-0.017,-1.042,1.3,-0.6,0
117.7989664,116,0,18.9,0,0,0.027,-0.017,-1.042,1.3,-0.6,0
117.8089664,118,0,18.9,0,0,0.027,-0.017,-1.042,1.3,-0.6,0
117.8189664,117,0,18.9,0,0,0.027,-0.017,-1.042,1.3,-0.6,0
117.8289664,116,0,18.9,0,0,0.031,-0.006,-0.941,0.1,-0.4,0
117.8389664,120,0,18.9,0,0,0.031,-0.006,-0.941,0.1,-0.4,0
117.8489664,121,0,18.9,0,0,0.031,-0.006,-0.941,0.1,-0.4,0
117.8589664,111,0,18.9,0,0,0.031,-0.006,-0.941,0.1,-0.4,0
117.8689664,113,0,18.9,0,0,0.031,-0.006,-0.941,0.1,-0.4,0
117.8789664,117,0,18.9,0,0,0.028,-0.013,-1.008,0,-0.3,0
117.8889664,120,0,18.9,0,0,0.028,-0.013,-1.008,0,-0.3,0
117.8989664,116,0,18.9,0,0,0.028,-0.013,-1.008,0,-0.3,0
117.9089664,115,0,18.9,0,0,0.028,-0.013,-1.008,0,-0.3,0
117.9189664,116,0,18.9,0,0,0.028,-0.013,-1.008,0,-0.3,0
117.9289664,116,0,18.9,0,0,0.028,-0.017,-1.013,0.7,-0.4,0
117.9389664,115,0,18.9,0,0,0.028,-0.017,-1.013,0.7,-0.4,0
117.9489664,114,0,18.9,0,0,0.028,-0.017,-1.013,0.7,-0.4,0
117.9589664,118,0,18.9,0,0,0.028,-0.017,-1.013,0.7,-0.4,0
117.9689664,119,0,18.9,0,0,0.028,-0.017,-1.013,0.7,-0.4,0
117.9789664,115,0,18.8,0,0,0.028,-0.014,-1.004,-0.3,-0.6,0
117.9889664,116,0,18.8,0,0,0.028,-0.014,-1.004,-0.3,-0.6,0
117.9989664,118,0,18.8,0,0,0.028,-0.014,-1.004,-0.3,-0.6,0
118.0089664,118,0,18.8,0,0,0.028,-0.014,-1.004,-0.3,-0.6,0
118.0189664,117,0,18.8,0,0,0.028,-0.014,-1.004,-0.3,-0.6,0
118.0289664,114,0,18.8,0,0,0.029,-0.007,-0.986,1.3,-0.6,0.1
118.0389664,118,0,18.8,0,0,0.029,-0.007,-0.986,1.3,-0.6,0.1
118.0489664,115,0,18.8,0,0,0.029,-0.007,-0.986,1.3,-0.6,0.1
118.0589664,117,0,18.8,0,0,0.029,-0.007,-0.986,1.3,-0.6,0.1
118.0689664,115,0,18.8,0,0,0.029,-0.007,-0.986,1.3,-0.6,0.1
118.0789664,115,0,18.9,0,0,0.03,-0.014,-0.993,-1.3,0,0
118.0889664,118,0,18.9,0,0,0.03,-0.014,-0.993,-1.3,0,0
118.0989664,118,0,18.9,0,0,0.03,-0.014,-0.993,-1.3,0,0
118.1089664,115,0,18.9,0,0,0.03,-0.014,-0.993,-1.3,0,0
118.1189664,116,0,18.9,0,0,0.03,-0.014,-0.993,-1.3,0,0
118.1289664,119,-0.01,18.9,0,0,0.025,-0.02,-1.046,0.9,-0.9,0
118.1389664,117,-0.01,18.9,0,0,0.025,-0.02,-1.046,0.9,-0.9,0
118.1489664,117,-0.01,18.9,0,0,0.025,-0.02,-1.046,0.9,-0.9,0
118.1589664,117,-0.01,18.9,0,0,0.025,-0.02,-1.046,0.9,-0.9,0
118.1689664,117,-0.01,18.9,0,0,0.025,-0.02,-1.046,0.9,-0.9,0
118.1789664,116,0,18.9,0,0,0.03,-0.009,-0.972,0.7,-0.5,0
118.1889664,115,0,18.9,0,0,0.03,-0.009,-0.972,0.7,-0.5,0
118.1989664,114,0,18.9,0,0,0.03,-0.009,-0.972,0.7,-0.5,0
118.2089664,118,0,18.9,0,0,0.03,-0.009,-0.972,0.7,-0.5,0
118.2189664,118,0,18.9,0,0,0.03,-0.009,-0.972,0.7,-0.5,0
118.2289664,122,0,18.8,0,0,0.028,-0.014,-1.013,-0.3,-0.6,0
118.2389664,115,0,18.8,0,0,0.028,-0.014,-1.013,-0.3,-0.6,0
118.2489664,112,0,18.8,0,0,0.028,-0.014,-1.013,-0.3,-0.6,0
118.2589664,122,0,18.8,0,0,0.028,-0.014,-1.013,-0.3,-0.6,0
118.2689664,121,0,18.8,0,0,0.028,-0.014,-1.013,-0.3,-0.6,0
118.2789664,112,0,18.8,0,0,0.028,-0.011,-0.996,1.2,-0.9,0.1
118.2889664,119,0,18.8,0,0,0.028,-0.011,-0.996,1.2,-0.9,0.1
118.2989664,122,0,18.8,0,0,0.028,-0.011,-0.996,1.2,-0.9,0.1
118.3089664,117,0,18.8,0,0,0.028,-0.011,-0.996,1.2,-0.9,0.1
118.3189664,119,0,18.8,0,0,0.028,-0.011,-0.996,1.2,-0.9,0.1
118.3289664,118,0,18.9,0,0,0.027,-0.019,-1.029,-0.6,-0.2,0
118.3389664,116,0,18.9,0,0,0.027,-0.019,-1.029,-0.6,-0.2,0
118.3489664,120,0,18.9,0,0,0.027,-0.019,-1.029,-0.6,-0.2,0
118.3589664,117,0,18.9,0,0,0.027,-0.019,-1.029,-0.6,-0.2,0
118.3689664,113,0,18.9,0,0,0.027,-0.019,-1.029,-0.6,-0.2,0
118.3789664,117,0,18.8,0,0,0.029,-0.015,-1.006,0.9,-0.9,0
118.3889664,120,0,18.8,0,0,0.029,-0.015,-1.006,0.9,-0.9,0
118.3989664,120,0,18.8,0,0,0.029,-0.015,-1.006,0.9,-0.9,0
118.4089664,112,0,18.8,0,0,0.029,-0.015,-1.006,0.9,-0.9,0
118.4189664,116,0,18.8,0,0,0.029,-0.015,-1.006,0.9,-0.9,0
118.4289664,117,0,18.9,0,0,0.028,-0.007,-0.973,0.3,-0.4,0
118.4389664,116,0,18.9,0,0,0.028,-0.007,-0.973,0.3,-0.4,0
118.4489664,114,0,18.9,0,0,0.028,-0.007,-0.973,0.3,-0.4,0
118.4589664,115,0,18.9,0,0,0.028,-0.007,-0.973,0.3,-0.4,0
118.4689664,118,0,18.9,0,0,0.028,-0.007,-0.973,0.3,-0.4,0
118.4789664,118,-0.01,18.9,0,0,0.028,-0.02,-1.033,0.1,-0.5,0
118.4889664,115,-0.01,18.9,0,0,0.028,-0.02,-1.033,0.1,-0.5,0
118.4989664,116,-0.01,18.9,0,0,0.028,-0.02,-1.033,0.1,-0.5,0
118.5089664,117,-0.01,18.9,0,0,0.028,-0.02,-1.033,0.1,-0.5,0
118.5189664,118,-0.01,18.9,0,0,0.028,-0.02,-1.033,0.1,-0.5,0
118.5289664,118,0,18.8,0,0,0.029,-0.014,-0.993,0.6,-0.9,0
118.5389664,116,0,18.8,0,0,0.029,-0.014,-0.993,0.6,-0.9,0
118.5489664,115,0,18.8,0,0,0.029,-0.014,-0.993,0.6,-0.9,0
118.5589664,117,0,18.8,0,0,0.029,-0.014,-0.993,0.6,-0.9,0
118.5689664,118,0,18.8,0,0,0.029,-0.014,-0.993,0.6,-0.9,0
118.5789664,112,-0.01,18.8,0,0,0.028,-0.016,-1.03,0.1,-0.4,0
118.5889664,116,-0.01,18.8,0,0,0.028,-0.016,-1.03,0.1,-0.4,0
118.5989664,119,-0.01,18.8,0,0,0.028,-0.016,-1.03,0.1,-0.4,0
118.6089664,118,-0.01,18.8,0,0,0.028,-0.016,-1.03,0.1,-0.4,0
118.6189664,114,-0.01,18.8,0,0,0.028,-0.016,-1.03,0.1,-0.4,0
118.6289664,116,0,18.8,0,0,0.03,-0.009,-0.963,1.1,-0.7,0
118.6389664,118,0,18.8,0,0,0.03,-0.009,-0.963,1.1,-0.7,0
118.6489664,117,0,18.8,0,0,0.03,-0.009,-0.963,1.1,-0.7,0
118.6589664,117,0,18.8,0,0,0.03,-0.009,-0.963,1.1,-0.7,0
118.6689664,117,0,18.8,0,0,0.03,-0.009,-0.963,1.1,-0.7,0
118.6789664,117,0,18.9,0,0,0.028,-0.013,-0.997,-0.8,-0.5,0
118.6889664,116,0,18.9,0,0,0.028,-0.013,-0.997,-0.8,-0.5,0
118.6989664,115,0,18.9,0,0,0.028,-0.013,-0.997,-0.8,-0.5,0
118.7089664,115,0,18.9,0,0,0.028,-0.013,-0.997,-0.8,-0.5,0
118.7189664,118,0,18.9,0,0,0.028,-0.013,-0.997,-0.8,-0.5,0
118.7289664,122,0,18.9,0,0,0.027,-0.02,-1.036,1.4,-0.7,0
118.7389664,116,0,18.9,0,0,0.027,-0.02,-1.036,1.4,-0.7,0
118.7489664,110,0,18.9,0,0,0.027,-0.02,-1.036,1.4,-0.7,0
118.7589664,117,0,18.9,0,0,0.027,-0.02,-1.036,1.4,-0.7,0
118.7689664,122,0,18.9,0,0,0.027,-0.02,-1.036,1.4,-0.7,0
118.7789664,121,0,18.9,0,0,0.03,-0.007,-0.952,0.4,-0.7,0
118.7889664,112,0,18.9,0,0,0.03,-0.007,-0.952,0.4,-0.7,0
118.7989664,118,0,18.9,0,0,0.03,-0.007,-0.952,0.4,-0.7,0
118.8089664,122,0,18.9,0,0,0.03,-0.007,-0.952,0.4,-0.7,0
118.8189664,116,0,18.9,0,0,0.03,-0.007,-0.952,0.4,-0.7,0
118.8289664,116,-0.01,18.8,0,0,0.028,-0.011,-1.001,0,-0.4,0
118.8389664,116,-0.01,18.8,0,0,0.028,-0.011,-1.001,0,-0.4,0
118.8489664,116,-0.01,18.8,0,0,0.028,-0.011,-1.001,0,-0.4,0
118.8589664,120,-0.01,18.8,0,0,0.028,-0.011,-1.001,0,-0.4,0
118.8689664,116,-0.01,18.8,0,0,0.028,-0.011,-1.001,0,-0.4,0
118.8789664,113,0,18.9,0,0,0.03,-0.016,-0.997,0.4,-0.4,0
118.8889664,118,0,18.9,0,0,0.03,-0.016,-0.997,0.4,-0.4,0
118.8989664,120,0,18.9,0,0,0.03,-0.016,-0.997,0.4,-0.4,0
118.9089664,116,0,18.9,0,0,0.03,-0.016,-0.997,0.4,-0.4,0
118.9189664,115,0,18.9,0,0,0.03,-0.016,-0.997,0.4,-0.4,0
118.9289664,117,0,18.8,0,0,0.03,-0.014,-0.997,-0.2,-0.7,0
118.9389664,116,0,18.8,0,0,0.03,-0.014,-0.997,-0.2,-0.7,0
118.9489664,118,0,18.8,0,0,0.03,-0.014,-0.997,-0.2,-0.7,0
118.9589664,112,0,18.8,0,0,0.03,-0.014,-0.997,-0.2,-0.7,0
118.9689664,115,0,18.8,0,0,0.03,-0.014,-0.997,-0.2,-0.7,0
118.9789664,119,0,18.8,0,0,0.028,-0.01,-0.993,1.3,-0.6,0
118.9889664,118,0,18.8,0,0,0.028,-0.01,-0.993,1.3,-0.6,0
118.9989664,115,0,18.8,0,0,0.028,-0.01,-0.993,1.3,-0.6,0
119.0089664,115,0,18.8,0,0,0.028,-0.01,-0.993,1.3,-0.6,0
119.0189664,117,0,18.8,0,0,0.028,-0.01,-0.993,1.3,-0.6,0
119.0289664,118,0,18.9,0,0,0.029,-0.011,-0.977,-0.5,-0.3,0
119.0389664,118,0,18.9,0,0,0.029,-0.011,-0.977,-0.5,-0.3,0
119.0489664,117,0,18.9,0,0,0.029,-0.011,-0.977,-0.5,-0.3,0
119.0589664,116,0,18.9,0,0,0.029,-0.011,-0.977,-0.5,-0.3,0
119.0689664,117,0,18.9,0,0,0.029,-0.011,-0.977,-0.5,-0.3,0
119.0789664,114,0,18.8,0,0,0.026,-0.018,-1.029,0.6,-0.7,0
119.0889664,115,0,18.8,0,0,0.026,-0.018,-1.029,0.6,-0.7,0
119.0989664,119,0,18.8,0,0,0.026,-0.018,-1.029,0.6,-0.7,0
119.1089664,118,0,18.8,0,0,0.026,-0.018,-1.029,0.6,-0.7,0
119.1189664,118,0,18.8,0,0,0.026,-0.018,-1.029,0.6,-0.7,0
119.1289664,113,0.01,18.9,0,0,0.029,-0.014,-0.994,0.4,-0.3,0
119.1389664,116,0.01,18.9,0,0,0.029,-0.014,-0.994,0.4,-0.3,0
119.1489664,118,0.01,18.9,0,0,0.029,-0.014,-0.994,0.4,-0.3,0
119.1589664,117,0.01,18.9,0,0,0.029,-0.014,-0.994,0.4,-0.3,0
119.1689664,117,0.01,18.9,0,0,0.029,-0.014,-0.994,0.4,-0.3,0
119.1789664,117,0,18.8,0,0,0.029,-0.013,-0.998,-0.4,-0.4,0
119.1889664,117,0,18.8,0,0,0.029,-0.013,-0.998,-0.4,-0.4,0
119.1989664,116,0,18.8,0,0,0.029,-0.013,-0.998,-0.4,-0.4,0
119.2089664,115,0,18.8,0,0,0.029,-0.013,-0.998,-0.4,-0.4,0
119.2189664,115,0,18.8,0,0,0.029,-0.013,-0.998,-0.4,-0.4,0
119.2289664,118,0.01,18.9,0,0,0.027,-0.008,-0.992,1.2,-0.8,0
119.2389664,122,0.01,18.9,0,0,0.027,-0.008,-0.992,1.2,-0.8,0
119.2489664,115,0.01,18.9,0,0,0.027,-0.008,-0.992,1.2,-0.8,0
119.2589664,112,0.01,18.9,0,0,0.027,-0.008,-0.992,1.2,-0.8,0
119.2689664,122,0.01,18.9,0,0,0.027,-0.008,-0.992,1.2,-0.8,0
119.2789664,121,0,18.8,0,0,0.028,-0.017,-1.016,-0.9,-0.3,0
119.2889664,112,0,18.8,0,0,0.028,-0.017,-1.016,-0.9,-0.3,0
119.2989664,119,0,18.8,0,0,0.028,-0.017,-1.016,-0.9,-0.3,0
119.3089664,122,0,18.8,0,0,0.028,-0.017,-1.016,-0.9,-0.3,0
119.3189664,115,0,18.8,0,0,0.028,-0.017,-1.016,-0.9,-0.3,0
119.3289664,120,0,18.9,0,0,0.028,-0.017,-1.02,0.6,-0.9,0
119.3389664,119,0,18.9,0,0,0.028,-0.017,-1.02,0.6,-0.9,0
119.3489664,117,0,18.9,0,0,0.028,-0.017,-1.02,0.6,-0.9,0
119.3589664,116,0,18.9,0,0,0.028,-0.017,-1.02,0.6,-0.9,0
119.3689664,119,0,18.9,0,0,0.028,-0.017,-1.02,0.6,-0.9,0
119.3789664,116,0,18.9,0,0,0.028,-0.008,-0.985,0.3,-0.5,0
119.3889664,113,0,18.9,0,0,0.028,-0.008,-0.985,0.3,-0.5,0
119.3989664,118,0,18.9,0,0,0.028,-0.008,-0.985,0.3,-0.5,0
119.4089664,120,0,18.9,0,0,0.028,-0.008,-0.985,0.3,-0.5,0
119.4189664,116,0,18.9,0,0,0.028,-0.008,-0.985,0.3,-0.5,0
119.4289664,115,-0.01,18.9,0,0,0.03,-0.016,-1.01,-0.5,-0.3,0
119.4389664,117,-0.01,18.9,0,0,0.03,-0.016,-1.01,-0.5,-0.3,0
119.4489664,117,-0.01,18.9,0,0,0.03,-0.016,-1.01,-0.5,-0.3,0
119.4589664,114,-0.01,18.9,0,0,0.03,-0.016,-1.01,-0.5,-0.3,0
119.4689664,114,-0.01,18.9,0,0,0.03,-0.016,-1.01,-0.5,-0.3,0
119.4789664,118,0.01,18.9,0,0,0.026,-0.016,-1.007,0.7,-1,0
119.4889664,118,0.01,18.9,0,0,0.026,-0.016,-1.007,0.7,-1,0
119.4989664,119,0.01,18.9,0,0,0.026,-0.016,-1.007,0.7,-1,0
119.5089664,113,0.01,18.9,0,0,0.026,-0.016,-1.007,0.7,-1,0
119.5189664,116,0.01,18.9,0,0,0.026,-0.016,-1.007,0.7,-1,0
119.5289664,117,0,18.9,0,0,0.028,-0.018,-1.02,0.1,-0.5,0
119.5389664,118,0,18.9,0,0,0.028,-0.018,-1.02,0.1,-0.5,0
119.5489664,118,0,18.9,0,0,0.028,-0.018,-1.02,0.1,-0.5,0
119.5589664,116,0,18.9,0,0,0.028,-0.018,-1.02,0.1,-0.5,0
119.5689664,115,0,18.9,0,0,0.028,-0.018,-1.02,0.1,-0.5,0
119.5789664,117,0.01,18.8,0,0,0.028,-0.009,-0.981,1,-0.7,0
119.5889664,115,0.01,18.8,0,0,0.028,-0.009,-0.981,1,-0.7,0
119.5989664,115,0.01,18.8,0,0,0.028,-0.009,-0.981,1,-0.7,0
119.6089664,119,0.01,18.8,0,0,0.028,-0.009,-0.981,1,-0.7,0
119.6189664,118,0.01,18.8,0,0,0.028,-0.009,-0.981,1,-0.7,0
119.6289664,115,0,18.9,0,0,0.027,-0.024,-1.055,0.5,-0.4,0
119.6389664,118,0,18.9,0,0,0.027,-0.024,-1.055,0.5,-0.4,0
119.6489664,117,0,18.9,0,0,0.027,-0.024,-1.055,0.5,-0.4,0
119.6589664,116,0,18.9,0,0,0.027,-0.024,-1.055,0.5,-0.4,0
119.6689664,116,0,18.9,0,0,0.027,-0.024,-1.055,0.5,-0.4,0
119.6789664,115,0,18.9,0,0,0.032,-0.007,-0.951,0.5,-0.9,0
119.6889664,117,0,18.9,0,0,0.032,-0.007,-0.951,0.5,-0.9,0
119.6989664,121,0,18.9,0,0,0.032,-0.007,-0.951,0.5,-0.9,0
119.7089664,115,0,18.9,0,0,0.032,-0.007,-0.951,0.5,-0.9,0
119.7189664,112,0,18.9,0,0,0.032,-0.007,-0.951,0.5,-0.9,0
119.7289664,122,-0.01,18.8,0,0,0.029,-0.011,-1.006,0,-0.3,0
119.7389664,121,-0.01,18.8,0,0,0.029,-0.011,-1.006,0,-0.3,0
119.7489664,112,-0.01,18.8,0,0,0.029,-0.011,-1.006,0,-0.3,0
119.7589664,119,-0.01,18.8,0,0,0.029,-0.011,-1.006,0,-0.3,0
119.7689664,120,-0.01,18.8,0,0,0.029,-0.011,-1.006,0,-0.3,0
119.7789664,115,0,18.8,0,0,0.029,-0.015,-1.005,0.9,-0.7,0
119.788966400001,118,0,18.8,0,0,0.029,-0.015,-1.005,0.9,-0.7,0
119.7989664,117,0,18.8,0,0,0.029,-0.015,-1.005,0.9,-0.7,0
119.808966400001,118,0,18.8,0,0,0.029,-0.015,-1.005,0.9,-0.7,0
119.818966400001,115,0,18.8,0,0,0.029,-0.015,-1.005,0.9,-0.7,0
119.828966400001,120,0,18.8,0,0,0.028,-0.015,-1.005,-0.4,-0.6,0
119.838966400001,116,0,18.8,0,0,0.028,-0.015,-1.005,-0.4,-0.6,0
119.848966400001,113,0,18.8,0,0,0.028,-0.015,-1.005,-0.4,-0.6,0
119.858966400001,118,0,18.8,0,0,0.028,-0.015,-1.005,-0.4,-0.6,0
119.868966400001,120,0,18.8,0,0,0.028,-0.015,-1.005,-0.4,-0.6,0
119.878966400001,114,0,18.9,0,0,0.032,-0.006,-0.948,-0.1,-0.4,0
119.888966400001,118,0,18.9,0,0,0.032,-0.006,-0.948,-0.1,-0.4,0
119.898966400001,118,0,18.9,0,0,0.032,-0.006,-0.948,-0.1,-0.4,0
119.908966400001,115,0,18.9,0,0,0.032,-0.006,-0.948,-0.1,-0.4,0
119.918966400001,115,0,18.9,0,0,0.032,-0.006,-0.948,-0.1,-0.4,0
119.928966400001,117,0,18.8,0,0,0.028,-0.014,-1.019,0.1,-0.4,0
119.938966400001,118,0,18.8,0,0,0.028,-0.014,-1.019,0.1,-0.4,0
119.948966400001,120,0,18.8,0,0,0.028,-0.014,-1.019,0.1,-0.4,0
119.958966400001,115,0,18.8,0,0,0.028,-0.014,-1.019,0.1,-0.4,0
119.968966400001,116,0,18.8,0,0,0.028,-0.014,-1.019,0.1,-0.4,0
119.9872978,119,-0.01,18.8,0,0,0.028,-0.014,-1.009,-0.4,-0.6,0
119.9972978,115,-0.01,18.8,0,0,0.028,-0.014,-1.009,-0.4,-0.6,0
120.0072978,116,-0.01,18.8,0,0,0.028,-0.014,-1.009,-0.4,-0.6,0
120.0172978,119,-0.01,18.8,0,0,0.028,-0.014,-1.009,-0.4,-0.6,0
120.0272978,117,-0.01,18.8,0,0,0.028,-0.014,-1.009,-0.4,-0.6,0
120.0372978,117,0,18.9,0,0,0.032,-0.008,-0.983,1.4,-0.7,0
120.0472978,117,0,18.9,0,0,0.032,-0.008,-0.983,1.4,-0.7,0
120.0572978,117,0,18.9,0,0,0.032,-0.008,-0.983,1.4,-0.7,0
120.0672978,114,0,18.9,0,0,0.032,-0.008,-0.983,1.4,-0.7,0
120.0772978,118,0,18.9,0,0,0.032,-0.008,-0.983,1.4,-0.7,0
120.0872978,115,0,18.9,0,0,0.025,-0.016,-1.027,0.4,-0.7,0
120.0972978,116,0,18.9,0,0,0.025,-0.016,-1.027,0.4,-0.7,0
120.1072978,117,0,18.9,0,0,0.025,-0.016,-1.027,0.4,-0.7,0
120.1172978,122,0,18.9,0,0,0.025,-0.016,-1.027,0.4,-0.7,0
120.1272978,115,0,18.9,0,0,0.025,-0.016,-1.027,0.4,-0.7,0
120.1372978,112,0,18.9,0,0,0.028,-0.015,-0.999,0.5,-0.4,0
120.1472978,123,0,18.9,0,0,0.028,-0.015,-0.999,0.5,-0.4,0
120.1572978,121,0,18.9,0,0,0.028,-0.015,-0.999,0.5,-0.4,0
120.1672978,112,0,18.9,0,0,0.028,-0.015,-0.999,0.5,-0.4,0
120.1772978,118,0,18.9,0,0,0.028,-0.015,-0.999,0.5,-0.4,0
120.2246558,121,0,18.8,0,0,0.031,-0.01,-0.985,-0.6,-0.5,0
120.2346558,116,0,18.8,0,0,0.031,-0.01,-0.985,-0.6,-0.5,0
120.2446558,117,0,18.8,0,0,0.031,-0.01,-0.985,-0.6,-0.5,0
120.2546558,117,0,18.8,0,0,0.031,-0.01,-0.985,-0.6,-0.5,0
120.2646558,116,0,18.8,0,0,0.031,-0.01,-0.985,-0.6,-0.5,0
120.2869599,120,0,18.9,0,0,0.027,-0.016,-1.005,-0.4,-0.4,0
120.2969599,115,0,18.9,0,0,0.027,-0.016,-1.005,-0.4,-0.4,0
120.3069599,115,0,18.9,0,0,0.027,-0.016,-1.005,-0.4,-0.4,0
120.3169599,117,0,18.9,0,0,0.027,-0.016,-1.005,-0.4,-0.4,0
120.3269599,116,0,18.9,0,0,0.027,-0.016,-1.005,-0.4,-0.4,0
120.3369599,114,0,18.9,0,0,0.028,-0.018,-1.02,0.4,-0.9,0
120.3469599,115,0,18.9,0,0,0.028,-0.018,-1.02,0.4,-0.9,0
120.3569599,119,0,18.9,0,0,0.028,-0.018,-1.02,0.4,-0.9,0
120.3669599,118,0,18.9,0,0,0.028,-0.018,-1.02,0.4,-0.9,0
120.3769599,115,0,18.9,0,0,0.028,-0.018,-1.02,0.4,-0.9,0
120.3871275,116,0,18.9,0,0,0.028,-0.01,-0.995,0.4,-0.4,0.1
120.3971275,118,0,18.9,0,0,0.028,-0.01,-0.995,0.4,-0.4,0.1
120.4071275,118,0,18.9,0,0,0.028,-0.01,-0.995,0.4,-0.4,0.1
120.4171275,118,0,18.9,0,0,0.028,-0.01,-0.995,0.4,-0.4,0.1
120.4271275,116,0,18.9,0,0,0.028,-0.01,-0.995,0.4,-0.4,0.1
120.4371275,117,-0.01,18.9,0,0,0.029,-0.014,-1.001,-0.3,-0.4,0
120.4471275,114,-0.01,18.9,0,0,0.029,-0.014,-1.001,-0.3,-0.4,0
120.4571275,118,-0.01,18.9,0,0,0.029,-0.014,-1.001,-0.3,-0.4,0
120.4671275,115,-0.01,18.9,0,0,0.029,-0.014,-1.001,-0.3,-0.4,0
120.4771275,116,-0.01,18.9,0,0,0.029,-0.014,-1.001,-0.3,-0.4,0
120.4871275,119,0,18.8,0,0,0.027,-0.011,-0.999,0.7,-0.9,0
120.4971275,118,0,18.8,0,0,0.027,-0.011,-0.999,0.7,-0.9,0
120.5071275,114,0,18.8,0,0,0.027,-0.011,-0.999,0.7,-0.9,0
120.5171275,115,0,18.8,0,0,0.027,-0.011,-0.999,0.7,-0.9,0
120.5271275,119,0,18.8,0,0,0.027,-0.011,-0.999,0.7,-0.9,0
120.5371275,117,0,18.8,0,0,0.028,-0.021,-1.036,-0.5,-0.4,0
120.5471275,116,0,18.8,0,0,0.028,-0.021,-1.036,-0.5,-0.4,0
120.5571275,118,0,18.8,0,0,0.028,-0.021,-1.036,-0.5,-0.4,0
120.5671275,117,0,18.8,0,0,0.028,-0.021,-1.036,-0.5,-0.4,0
120.5771275,116,0,18.8,0,0,0.028,-0.021,-1.036,-0.5,-0.4,0
120.5871275,116,0,18.9,0,0,0.028,-0.012,-0.993,1.4,-0.9,0
120.5971275,115,0,18.9,0,0,0.028,-0.012,-0.993,1.4,-0.9,0
120.6071275,117,0,18.9,0,0,0.028,-0.012,-0.993,1.4,-0.9,0
120.6171275,121,0,18.9,0,0,0.028,-0.012,-0.993,1.4,-0.9,0
120.6271275,122,0,18.9,0,0,0.028,-0.012,-0.993,1.4,-0.9,0
120.6601747,110,0.01,18.8,0,0,0.029,-0.006,-0.973,-0.4,-0.4,0
120.6701747,112,0.01,18.8,0,0,0.029,-0.006,-0.973,-0.4,-0.4,0
120.6801747,122,0.01,18.8,0,0,0.029,-0.006,-0.973,-0.4,-0.4,0
120.6901747,121,0.01,18.8,0,0,0.029,-0.006,-0.973,-0.4,-0.4,0
120.7001747,112,0.01,18.8,0,0,0.029,-0.006,-0.973,-0.4,-0.4,0
120.7101747,119,0,18.8,0,0,0.027,-0.023,-1.048,-0.3,-0.3,0
120.7201747,122,0,18.8,0,0,0.027,-0.023,-1.048,-0.3,-0.3,0
120.7301747,117,0,18.8,0,0,0.027,-0.023,-1.048,-0.3,-0.3,0
120.7401747,119,0,18.8,0,0,0.027,-0.023,-1.048,-0.3,-0.3,0
120.7501747,117,0,18.8,0,0,0.027,-0.023,-1.048,-0.3,-0.3,0
120.7601747,116,0,18.9,0,0,0.029,-0.014,-0.985,0.9,-1.1,0
120.7701747,120,0,18.9,0,0,0.029,-0.014,-0.985,0.9,-1.1,0
120.7801747,116,0,18.9,0,0,0.029,-0.014,-0.985,0.9,-1.1,0
120.7901747,113,0,18.9,0,0,0.029,-0.014,-0.985,0.9,-1.1,0
120.8001747,117,0,18.9,0,0,0.029,-0.014,-0.985,0.9,-1.1,0
120.8101747,120,-0.01,18.8,0,0,0.03,-0.012,-0.996,0.2,-0.5,0
120.8201747,116,-0.01,18.8,0,0,0.03,-0.012,-0.996,0.2,-0.5,0
120.8301747,115,-0.01,18.8,0,0,0.03,-0.012,-0.996,0.2,-0.5,0
120.8401747,119,-0.01,18.8,0,0,0.03,-0.012,-0.996,0.2,-0.5,0
120.8501747,114,-0.01,18.8,0,0,0.03,-0.012,-0.996,0.2,-0.5,0
120.8601747,116,0,18.8,0,0,0.028,-0.012,-0.997,0.6,-0.6,0
120.8701747,114,0,18.8,0,0,0.028,-0.012,-0.997,0.6,-0.6,0
120.8801747,115,0,18.8,0,0,0.028,-0.012,-0.997,0.6,-0.6,0
120.8901747,118,0,18.8,0,0,0.028,-0.012,-0.997,0.6,-0.6,0
120.9001747,117,0,18.8,0,0,0.028,-0.012,-0.997,0.6,-0.6,0
120.9101747,116,0,18.8,0,0,0.027,-0.015,-1.006,-0.4,-0.6,0
120.9201747,115,0,18.8,0,0,0.027,-0.015,-1.006,-0.4,-0.6,0
120.9301747,117,0,18.8,0,0,0.027,-0.015,-1.006,-0.4,-0.6,0
120.9401747,118,0,18.8,0,0,0.027,-0.015,-1.006,-0.4,-0.6,0
120.9501747,118,0,18.8,0,0,0.027,-0.015,-1.006,-0.4,-0.6,0
120.9601747,117,-0.01,18.9,0,0,0.027,-0.019,-1.035,1,-0.6,0
120.9701747,115,-0.01,18.9,0,0,0.027,-0.019,-1.035,1,-0.6,0
120.9801747,117,-0.01,18.9,0,0,0.027,-0.019,-1.035,1,-0.6,0
120.9901747,115,-0.01,18.9,0,0,0.027,-0.019,-1.035,1,-0.6,0
121.0001747,115,-0.01,18.9,0,0,0.027,-0.019,-1.035,1,-0.6,0
121.0101747,119,0.01,18.9,0,0,0.032,-0.005,-0.938,-0.1,-0.5,0
121.0201747,116,0.01,18.9,0,0,0.032,-0.005,-0.938,-0.1,-0.5,0
121.0301747,118,0.01,18.9,0,0,0.032,-0.005,-0.938,-0.1,-0.5,0
121.0401747,114,0.01,18.9,0,0,0.032,-0.005,-0.938,-0.1,-0.5,0
121.0501747,115,0.01,18.9,0,0,0.032,-0.005,-0.938,-0.1,-0.5,0
121.0601747,118,0,18.9,0,0,0.027,-0.012,-1.015,0.1,-0.5,0
121.0701747,118,0,18.9,0,0,0.027,-0.012,-1.015,0.1,-0.5,0
121.0801747,117,0,18.9,0,0,0.027,-0.012,-1.015,0.1,-0.5,0
121.0901747,117,0,18.9,0,0,0.027,-0.012,-1.015,0.1,-0.5,0
121.1001747,117,0,18.9,0,0,0.027,-0.012,-1.015,0.1,-0.5,0
121.1101747,115,0,18.8,0,0,0.03,-0.016,-1,0.8,-0.6,0
121.1201747,115,0,18.8,0,0,0.03,-0.016,-1,0.8,-0.6,0
121.1301747,114,0,18.8,0,0,0.03,-0.016,-1,0.8,-0.6,0
121.1401747,117,0,18.8,0,0,0.03,-0.016,-1,0.8,-0.6,0
121.1501747,122,0,18.8,0,0,0.03,-0.016,-1,0.8,-0.6,0
121.1601747,115,0,18.9,0,0,0.029,-0.017,-1.015,-0.6,-0.5,0
121.1701747,112,0,18.9,0,0,0.029,-0.017,-1.015,-0.6,-0.5,0
121.1801747,123,0,18.9,0,0,0.029,-0.017,-1.015,-0.6,-0.5,0
121.1901747,121,0,18.9,0,0,0.029,-0.017,-1.015,-0.6,-0.5,0
121.2001747,117,0,18.9,0,0,0.029,-0.017,-1.015,-0.6,-0.5,0
121.2101747,111,0,18.9,0,0,0.028,-0.009,-0.998,1.5,-0.6,0
121.2201747,118,0,18.9,0,0,0.028,-0.009,-0.998,1.5,-0.6,0
121.2301747,122,0,18.9,0,0,0.028,-0.009,-0.998,1.5,-0.6,0
121.2401747,116,0,18.9,0,0,0.028,-0.009,-0.998,1.5,-0.6,0
121.2501747,116,0,18.9,0,0,0.028,-0.009,-0.998,1.5,-0.6,0
121.2601747,117,0,18.9,0,0,0.03,-0.011,-0.983,-0.6,-0.1,0
121.2701747,116,0,18.9,0,0,0.03,-0.011,-0.983,-0.6,-0.1,0
121.2801747,120,0,18.9,0,0,0.03,-0.011,-0.983,-0.6,-0.1,0
121.2901747,116,0,18.9,0,0,0.03,-0.011,-0.983,-0.6,-0.1,0
121.3001747,113,0,18.9,0,0,0.03,-0.011,-0.983,-0.6,-0.1,0
121.3101747,118,-0.01,18.8,0,0,0.026,-0.019,-1.035,0.3,-0.7,0
121.3201747,120,-0.01,18.8,0,0,0.026,-0.019,-1.035,0.3,-0.7,0
121.3301747,115,-0.01,18.8,0,0,0.026,-0.019,-1.035,0.3,-0.7,0
121.3401747,115,-0.01,18.8,0,0,0.026,-0.019,-1.035,0.3,-0.7,0
121.3501747,117,-0.01,18.8,0,0,0.026,-0.019,-1.035,0.3,-0.7,0
121.3601747,116,0,18.8,0,0,0.03,-0.012,-0.988,0.9,-0.5,0.1
121.3701747,114,0,18.8,0,0,0.03,-0.012,-0.988,0.9,-0.5,0.1
121.3801747,112,0,18.8,0,0,0.03,-0.012,-0.988,0.9,-0.5,0.1
121.3901747,119,0,18.8,0,0,0.03,-0.012,-0.988,0.9,-0.5,0.1
121.4001747,118,0,18.8,0,0,0.03,-0.012,-0.988,0.9,-0.5,0.1
121.4153803,118,0,18.8,0,0,0.03,-0.013,-1,-0.2,-0.6,0
121.4253803,115,0,18.8,0,0,0.03,-0.013,-1,-0.2,-0.6,0
121.4353803,116,0,18.8,0,0,0.03,-0.013,-1,-0.2,-0.6,0
121.4453803,117,0,18.8,0,0,0.03,-0.013,-1,-0.2,-0.6,0
121.4553803,118,0,18.8,0,0,0.03,-0.013,-1,-0.2,-0.6,0
121.4653803,118,0,18.9,0,0,0.026,-0.009,-0.991,0.7,-0.7,0
121.4753803,116,0,18.9,0,0,0.026,-0.009,-0.991,0.7,-0.7,0
121.4853803,115,0,18.9,0,0,0.026,-0.009,-0.991,0.7,-0.7,0
121.4953803,117,0,18.9,0,0,0.026,-0.009,-0.991,0.7,-0.7,0
121.5053803,115,0,18.9,0,0,0.026,-0.009,-0.991,0.7,-0.7,0
121.5153803,115,-0.01,18.8,0,0,0.027,-0.022,-1.047,-0.9,-0.1,0
121.5253803,119,-0.01,18.8,0,0,0.027,-0.022,-1.047,-0.9,-0.1,0
121.5353803,118,-0.01,18.8,0,0,0.027,-0.022,-1.047,-0.9,-0.1,0
121.5453803,114,-0.01,18.8,0,0,0.027,-0.022,-1.047,-0.9,-0.1,0
121.5553803,116,-0.01,18.8,0,0,0.027,-0.022,-1.047,-0.9,-0.1,0
121.5653803,120,0,18.9,0,0,0.029,-0.013,-1.002,1.4,-1,0
121.5753803,115,0,18.9,0,0,0.029,-0.013,-1.002,1.4,-1,0
121.5853803,117,0,18.9,0,0,0.029,-0.013,-1.002,1.4,-1,0
121.5953803,117,0,18.9,0,0,0.029,-0.013,-1.002,1.4,-1,0
121.6053803,117,0,18.9,0,0,0.029,-0.013,-1.002,1.4,-1,0
121.6153803,117,0,18.9,0,0,0.03,-0.007,-0.968,0,-0.4,0
121.6253803,116,0,18.9,0,0,0.03,-0.007,-0.968,0,-0.4,0
121.6353803,115,0,18.9,0,0,0.03,-0.007,-0.968,0,-0.4,0
121.6453803,115,0,18.9,0,0,0.03,-0.007,-0.968,0,-0.4,0
121.6553803,118,0,18.9,0,0,0.03,-0.007,-0.968,0,-0.4,0
121.6653803,122,-0.01,18.8,0,0,0.027,-0.02,-1.04,0.1,-0.6,0
121.6753803,115,-0.01,18.8,0,0,0.027,-0.02,-1.04,0.1,-0.6,0
121.6853803,112,-0.01,18.8,0,0,0.027,-0.02,-1.04,0.1,-0.6,0
121.6953803,122,-0.01,18.8,0,0,0.027,-0.02,-1.04,0.1,-0.6,0
121.7053803,121,-0.01,18.8,0,0,0.027,-0.02,-1.04,0.1,-0.6,0
121.7153803,112,0.01,18.9,0,0,0.027,-0.011,-0.987,0.9,-1,0
121.7253803,119,0.01,18.9,0,0,0.027,-0.011,-0.987,0.9,-1,0
121.7353803,120,0.01,18.9,0,0,0.027,-0.011,-0.987,0.9,-1,0
121.7453803,116,0.01,18.9,0,0,0.027,-0.011,-0.987,0.9,-1,0
121.7553803,118,0.01,18.9,0,0,0.027,-0.011,-0.987,0.9,-1,0
121.7653803,115,-0.01,18.8,0,0,0.028,-0.016,-1.017,-0.1,-0.3,0
121.7753803,117,-0.01,18.8,0,0,0.028,-0.016,-1.017,-0.1,-0.3,0
121.7853803,116,-0.01,18.8,0,0,0.028,-0.016,-1.017,-0.1,-0.3,0
121.7953803,120,-0.01,18.8,0,0,0.028,-0.016,-1.017,-0.1,-0.3,0
121.8053803,116,-0.01,18.8,0,0,0.028,-0.016,-1.017,-0.1,-0.3,0
121.8153803,113,0,18.9,0,0,0.03,-0.01,-0.979,0.6,-0.8,0
121.8253803,118,0,18.9,0,0,0.03,-0.01,-0.979,0.6,-0.8,0
121.8353803,120,0,18.9,0,0,0.03,-0.01,-0.979,0.6,-0.8,0
121.8453803,116,0,18.9,0,0,0.03,-0.01,-0.979,0.6,-0.8,0
121.8553803,115,0,18.9,0,0,0.03,-0.01,-0.979,0.6,-0.8,0
121.8653803,117,0,18.9,0,0,0.028,-0.011,-0.999,-0.2,-0.7,0
121.8753803,116,0,18.9,0,0,0.028,-0.011,-0.999,-0.2,-0.7,0
121.8853803,114,0,18.9,0,0,0.028,-0.011,-0.999,-0.2,-0.7,0
121.8953803,115,0,18.9,0,0,0.028,-0.011,-0.999,-0.2,-0.7,0
121.9053803,118,0,18.9,0,0,0.028,-0.011,-0.999,-0.2,-0.7,0
121.9153803,118,0,18.8,0,0,0.028,-0.02,-1.03,1,-0.6,0.1
121.9253803,116,0,18.8,0,0,0.028,-0.02,-1.03,1,-0.6,0.1
121.9353803,112,0,18.8,0,0,0.028,-0.02,-1.03,1,-0.6,0.1
121.9453803,119,0,18.8,0,0,0.028,-0.02,-1.03,1,-0.6,0.1
121.9553803,117,0,18.8,0,0,0.028,-0.02,-1.03,1,-0.6,0.1
121.9653803,118,0.01,18.9,0,0,0.031,-0.009,-0.964,0.4,-0.6,0
121.9753803,118,0.01,18.9,0,0,0.031,-0.009,-0.964,0.4,-0.6,0
121.9853803,116,0.01,18.9,0,0,0.031,-0.009,-0.964,0.4,-0.6,0
121.9953803,116,0.01,18.9,0,0,0.031,-0.009,-0.964,0.4,-0.6,0
122.0053803,117,0.01,18.9,0,0,0.031,-0.009,-0.964,0.4,-0.6,0
122.0153803,115,-0.01,18.9,0,0,0.029,-0.012,-1.011,0.4,-0.6,0
122.0253803,115,-0.01,18.9,0,0,0.029,-0.012,-1.011,0.4,-0.6,0
122.0353803,119,-0.01,18.9,0,0,0.029,-0.012,-1.011,0.4,-0.6,0
122.0453803,118,-0.01,18.9,0,0,0.029,-0.012,-1.011,0.4,-0.6,0
122.0553803,114,-0.01,18.9,0,0,0.029,-0.012,-1.011,0.4,-0.6,0
122.0653803,116,0.01,18.8,0,0,0.029,-0.012,-0.981,0.6,-0.5,0
122.0753803,118,0.01,18.8,0,0,0.029,-0.012,-0.981,0.6,-0.5,0
122.0853803,117,0.01,18.8,0,0,0.029,-0.012,-0.981,0.6,-0.5,0
122.0953803,117,0.01,18.8,0,0,0.029,-0.012,-0.981,0.6,-0.5,0
122.1053803,117,0.01,18.8,0,0,0.029,-0.012,-0.981,0.6,-0.5,0
122.1153803,119,0,18.9,0,0,0.029,-0.015,-1.008,-0.6,-0.6,0
122.1253803,114,0,18.9,0,0,0.029,-0.015,-1.008,-0.6,-0.6,0
122.1353803,116,0,18.9,0,0,0.029,-0.015,-1.008,-0.6,-0.6,0
122.1453803,115,0,18.9,0,0,0.029,-0.015,-1.008,-0.6,-0.6,0
122.1553803,115,0,18.9,0,0,0.029,-0.015,-1.008,-0.6,-0.6,0
122.1653803,117,0,18.9,0,0,0.029,-0.01,-0.988,1.8,-0.6,0
122.1753803,121,0,18.9,0,0,0.029,-0.01,-0.988,1.8,-0.6,0
122.1853803,115,0,18.9,0,0,0.029,-0.01,-0.988,1.8,-0.6,0
122.1953803,112,0,18.9,0,0,0.029,-0.01,-0.988,1.8,-0.6,0
122.2053803,123,0,18.9,0,0,0.029,-0.01,-0.988,1.8,-0.6,0
122.2153803,121,-0.01,18.8,0,0,0.03,-0.009,-0.968,-0.6,-0.3,0
122.2253803,112,-0.01,18.8,0,0,0.03,-0.009,-0.968,-0.6,-0.3,0
122.2353803,118,-0.01,18.8,0,0,0.03,-0.009,-0.968,-0.6,-0.3,0
122.2453803,120,-0.01,18.8,0,0,0.03,-0.009,-0.968,-0.6,-0.3,0
122.2553803,115,-0.01,18.8,0,0,0.03,-0.009,-0.968,-0.6,-0.3,0
122.3126146,117,0,18.8,0,0,0.027,-0.019,-1.026,0,-0.6,0
122.3226146,117,0,18.8,0,0,0.027,-0.019,-1.026,0,-0.6,0
122.3326146,117,0,18.8,0,0,0.027,-0.019,-1.026,0,-0.6,0
122.3426146,120,0,18.8,0,0,0.027,-0.019,-1.026,0,-0.6,0
122.3526146,121,0,18.8,0,0,0.027,-0.019,-1.026,0,-0.6,0
122.3626146,111,0,18.9,0,0,0.028,-0.013,-1.003,0.6,-0.4,0
122.3726146,112,0,18.9,0,0,0.028,-0.013,-1.003,0.6,-0.4,0
122.3826146,118,0,18.9,0,0,0.028,-0.013,-1.003,0.6,-0.4,0
122.3926146,120,0,18.9,0,0,0.028,-0.013,-1.003,0.6,-0.4,0
122.4026146,115,0,18.9,0,0,0.028,-0.013,-1.003,0.6,-0.4,0
122.4126146,115,0,18.8,0,0,0.03,-0.01,-0.984,-0.4,-0.4,0
122.4226146,117,0,18.8,0,0,0.03,-0.01,-0.984,-0.4,-0.4,0
122.4326146,116,0,18.8,0,0,0.03,-0.01,-0.984,-0.4,-0.4,0
122.4426146,114,0,18.8,0,0,0.03,-0.01,-0.984,-0.4,-0.4,0
122.4526146,114,0,18.8,0,0,0.03,-0.01,-0.984,-0.4,-0.4,0
122.4626146,118,0.01,18.8,0,0,0.027,-0.013,-1.006,0.6,-0.8,0
122.4726146,118,0.01,18.8,0,0,0.027,-0.013,-1.006,0.6,-0.8,0
122.4826146,114,0.01,18.8,0,0,0.027,-0.013,-1.006,0.6,-0.8,0
122.4926146,115,0.01,18.8,0,0,0.027,-0.013,-1.006,0.6,-0.8,0
122.5026146,119,0.01,18.8,0,0,0.027,-0.013,-1.006,0.6,-0.8,0
122.5126146,115,0,18.9,0,0,0.029,-0.02,-1.031,-0.1,-0.5,0
122.5226146,118,0,18.9,0,0,0.029,-0.02,-1.031,-0.1,-0.5,0
122.5326146,118,0,18.9,0,0,0.029,-0.02,-1.031,-0.1,-0.5,0
122.5426146,116,0,18.9,0,0,0.029,-0.02,-1.031,-0.1,-0.5,0
122.5526146,116,0,18.9,0,0,0.029,-0.02,-1.031,-0.1,-0.5,0
122.5626146,117,0,18.8,0,0,0.029,-0.011,-0.992,1.2,-0.9,0
122.5726146,115,0,18.8,0,0,0.029,-0.011,-0.992,1.2,-0.9,0
122.5826146,116,0,18.8,0,0,0.029,-0.011,-0.992,1.2,-0.9,0
122.5926146,120,0,18.8,0,0,0.029,-0.011,-0.992,1.2,-0.9,0
122.6026146,118,0,18.8,0,0,0.029,-0.011,-0.992,1.2,-0.9,0
122.6126146,114,0,18.9,0,0,0.029,-0.007,-0.98,-0.4,-0.4,0
122.6226146,116,0,18.9,0,0,0.029,-0.007,-0.98,-0.4,-0.4,0
122.6326146,119,0,18.9,0,0,0.029,-0.007,-0.98,-0.4,-0.4,0
122.6426146,117,0,18.9,0,0,0.029,-0.007,-0.98,-0.4,-0.4,0
122.6526146,117,0,18.9,0,0,0.029,-0.007,-0.98,-0.4,-0.4,0
122.6626146,117,0,18.8,0,0,0.028,-0.024,-1.046,0.2,-0.4,0
122.6726146,119,0,18.8,0,0,0.028,-0.024,-1.046,0.2,-0.4,0
122.6826146,114,0,18.8,0,0,0.028,-0.024,-1.046,0.2,-0.4,0
122.6926146,116,0,18.8,0,0,0.028,-0.024,-1.046,0.2,-0.4,0
122.7026146,115,0,18.8,0,0,0.028,-0.024,-1.046,0.2,-0.4,0
122.7126146,122,-0.01,18.8,0,0,0.028,-0.012,-1.01,0,-0.3,0
122.7226146,121,-0.01,18.8,0,0,0.028,-0.012,-1.01,0,-0.3,0
122.7326146,112,-0.01,18.8,0,0,0.028,-0.012,-1.01,0,-0.3,0
122.7426146,118,-0.01,18.8,0,0,0.028,-0.012,-1.01,0,-0.3,0
122.7526146,120,-0.01,18.8,0,0,0.028,-0.012,-1.01,0,-0.3,0
122.7626146,116,0.01,18.8,0,0,0.029,-0.013,-0.999,0.9,-0.6,0
122.7726146,118,0.01,18.8,0,0,0.029,-0.013,-0.999,0.9,-0.6,0
122.7826146,117,0.01,18.8,0,0,0.029,-0.013,-0.999,0.9,-0.6,0
122.7926146,116,0.01,18.8,0,0,0.029,-0.013,-0.999,0.9,-0.6,0
122.8026146,120,0.01,18.8,0,0,0.029,-0.013,-0.999,0.9,-0.6,0
122.8126146,120,0,18.9,0,0,0.029,-0.015,-0.999,-0.3,-0.6,0
122.8226146,111,0,18.9,0,0,0.029,-0.015,-0.999,-0.3,-0.6,0
122.8326146,115,0,18.9,0,0,0.029,-0.015,-0.999,-0.3,-0.6,0
122.8426146,118,0,18.9,0,0,0.029,-0.015,-0.999,-0.3,-0.6,0
122.8526146,120,0,18.9,0,0,0.029,-0.015,-0.999,-0.3,-0.6,0
122.8626146,116,0,18.8,0,0,0.028,-0.019,-1.037,0.7,-0.4,0
122.8726146,115,0,18.8,0,0,0.028,-0.019,-1.037,0.7,-0.4,0
122.8826146,117,0,18.8,0,0,0.028,-0.019,-1.037,0.7,-0.4,0
122.8926146,116,0,18.8,0,0,0.028,-0.019,-1.037,0.7,-0.4,0
122.9026146,114,0,18.8,0,0,0.028,-0.019,-1.037,0.7,-0.4,0
122.9126146,115,0,18.8,0,0,0.032,-0.007,-0.948,0.1,-0.6,0
122.9226146,118,0,18.8,0,0,0.032,-0.007,-0.948,0.1,-0.6,0
122.9326146,118,0,18.8,0,0,0.032,-0.007,-0.948,0.1,-0.6,0
122.9426146,115,0,18.8,0,0,0.032,-0.007,-0.948,0.1,-0.6,0
122.9526146,116,0,18.8,0,0,0.032,-0.007,-0.948,0.1,-0.6,0
122.9693979,117,0,18.9,0,0,0.03,-0.012,-1.004,0.2,-0.4,0
122.9793979,118,0,18.9,0,0,0.03,-0.012,-1.004,0.2,-0.4,0
122.9893979,118,0,18.9,0,0,0.03,-0.012,-1.004,0.2,-0.4,0
122.9993979,116,0,18.9,0,0,0.03,-0.012,-1.004,0.2,-0.4,0
123.0093979,118,0,18.9,0,0,0.03,-0.012,-1.004,0.2,-0.4,0
123.0193979,114,0,18.9,0,0,0.029,-0.015,-0.999,0.6,-0.6,0
123.0293979,117,0,18.9,0,0,0.029,-0.015,-0.999,0.6,-0.6,0
123.0393979,115,0,18.9,0,0,0.029,-0.015,-0.999,0.6,-0.6,0
123.0493979,115,0,18.9,0,0,0.029,-0.015,-0.999,0.6,-0.6,0
123.0593979,119,0,18.9,0,0,0.029,-0.015,-0.999,0.6,-0.6,0
123.0693979,117,-0.01,18.8,0,0,0.028,-0.018,-1.017,-0.5,-0.7,0
123.0793979,114,-0.01,18.8,0,0,0.028,-0.018,-1.017,-0.5,-0.7,0
123.0893979,116,-0.01,18.8,0,0,0.028,-0.018,-1.017,-0.5,-0.7,0
123.0993979,118,-0.01,18.8,0,0,0.028,-0.018,-1.017,-0.5,-0.7,0
123.1093979,117,-0.01,18.8,0,0,0.028,-0.018,-1.017,-0.5,-0.7,0
123.1193979,117,0.01,18.8,0,0,0.031,-0.006,-0.995,1.7,-0.6,0
123.1293979,117,0.01,18.8,0,0,0.031,-0.006,-0.995,1.7,-0.6,0
123.1393979,117,0.01,18.8,0,0,0.031,-0.006,-0.995,1.7,-0.6,0
123.1493979,116,0.01,18.8,0,0,0.031,-0.006,-0.995,1.7,-0.6,0
123.1593979,116,0.01,18.8,0,0,0.031,-0.006,-0.995,1.7,-0.6,0
123.1693979,115,-0.01,18.8,0,0,0.028,-0.013,-1.018,0.2,-0.5,0
123.1793979,118,-0.01,18.8,0,0,0.028,-0.013,-1.018,0.2,-0.5,0
123.1893979,116,-0.01,18.8,0,0,0.028,-0.013,-1.018,0.2,-0.5,0
123.1993979,122,-0.01,18.8,0,0,0.028,-0.013,-1.018,0.2,-0.5,0
123.2093979,115,-0.01,18.8,0,0,0.028,-0.013,-1.018,0.2,-0.5,0
123.2193979,112,0,18.9,0,0,0.028,-0.014,-0.991,0.6,-0.4,0
123.2293979,123,0,18.9,0,0,0.028,-0.014,-0.991,0.6,-0.4,0
123.2393979,121,0,18.9,0,0,0.028,-0.014,-0.991,0.6,-0.4,0
123.2493979,112,0,18.9,0,0,0.028,-0.014,-0.991,0.6,-0.4,0
123.2593979,119,0,18.9,0,0,0.028,-0.014,-0.991,0.6,-0.4,0
123.2693979,122,0,18.9,0,0,0.03,-0.015,-0.997,-0.6,-0.6,0
123.2793979,117,0,18.9,0,0,0.03,-0.015,-0.997,-0.6,-0.6,0
123.2893979,119,0,18.9,0,0,0.03,-0.015,-0.997,-0.6,-0.6,0
123.2993979,118,0,18.9,0,0,0.03,-0.015,-0.997,-0.6,-0.6,0
123.3093979,116,0,18.9,0,0,0.03,-0.015,-0.997,-0.6,-0.6,0
123.3193979,120,-0.01,18.9,0,0,0.028,-0.008,-0.998,1.4,-0.4,0
123.3293979,116,-0.01,18.9,0,0,0.028,-0.008,-0.998,1.4,-0.4,0
123.3393979,113,-0.01,18.9,0,0,0.028,-0.008,-0.998,1.4,-0.4,0
123.3493979,118,-0.01,18.9,0,0,0.028,-0.008,-0.998,1.4,-0.4,0
123.3593979,120,-0.01,18.9,0,0,0.028,-0.008,-0.998,1.4,-0.4,0
123.3693979,116,0,18.9,0,0,0.03,-0.013,-0.977,-0.3,-0.3,0
123.3793979,112,0,18.9,0,0,0.03,-0.013,-0.977,-0.3,-0.3,0
123.3893979,119,0,18.9,0,0,0.03,-0.013,-0.977,-0.3,-0.3,0
123.3993979,117,0,18.9,0,0,0.03,-0.013,-0.977,-0.3,-0.3,0
123.4093979,116,0,18.9,0,0,0.03,-0.013,-0.977,-0.3,-0.3,0
123.4193979,114,0,18.9,0,0,0.028,-0.016,-1.021,0.2,-0.7,0
123.4293979,114,0,18.9,0,0,0.028,-0.016,-1.021,0.2,-0.7,0
123.4393979,118,0,18.9,0,0,0.028,-0.016,-1.021,0.2,-0.7,0
123.4493979,118,0,18.9,0,0,0.028,-0.016,-1.021,0.2,-0.7,0
123.4593979,115,0,18.9,0,0,0.028,-0.016,-1.021,0.2,-0.7,0
123.4693979,115,0,18.8,0,0,0.03,-0.015,-1.002,0.5,-0.3,0
123.4793979,117,0,18.8,0,0,0.03,-0.015,-1.002,0.5,-0.3,0
123.4893979,118,0,18.8,0,0,0.03,-0.015,-1.002,0.5,-0.3,0
123.4993979,118,0,18.8,0,0,0.03,-0.015,-1.002,0.5,-0.3,0
123.5093979,117,0,18.8,0,0,0.03,-0.015,-1.002,0.5,-0.3,0
123.5193979,116,0,18.8,0,0,0.029,-0.012,-0.991,-0.2,-0.4,0
123.5293979,117,0,18.8,0,0,0.029,-0.012,-0.991,-0.2,-0.4,0
123.5393979,116,0,18.8,0,0,0.029,-0.012,-0.991,-0.2,-0.4,0
123.5493979,112,0,18.8,0,0,0.029,-0.012,-0.991,-0.2,-0.4,0
123.5593979,119,0,18.8,0,0,0.029,-0.012,-0.991,-0.2,-0.4,0
123.5693979,119,0,18.8,0,0,0.028,-0.009,-0.992,1,-0.7,0
123.5793979,117,0,18.8,0,0,0.028,-0.009,-0.992,1,-0.7,0
123.5893979,114,0,18.8,0,0,0.028,-0.009,-0.992,1,-0.7,0
123.5993979,116,0,18.8,0,0,0.028,-0.009,-0.992,1,-0.7,0
123.6093979,119,0,18.8,0,0,0.028,-0.009,-0.992,1,-0.7,0
123.6193979,117,0,18.8,0,0,0.028,-0.019,-1.031,-0.7,-0.3,0
123.6293979,117,0,18.8,0,0,0.028,-0.019,-1.031,-0.7,-0.3,0
123.6393979,117,0,18.8,0,0,0.028,-0.019,-1.031,-0.7,-0.3,0
123.6493979,116,0,18.8,0,0,0.028,-0.019,-1.031,-0.7,-0.3,0
123.6593979,116,0,18.8,0,0,0.028,-0.019,-1.031,-0.7,-0.3,0
123.6693979,116,-0.01,18.8,0,0,0.029,-0.015,-1.011,1.2,-1,0
123.6793979,115,-0.01,18.8,0,0,0.029,-0.015,-1.011,1.2,-1,0
123.6893979,118,-0.01,18.8,0,0,0.029,-0.015,-1.011,1.2,-1,0
123.6993979,122,-0.01,18.8,0,0,0.029,-0.015,-1.011,1.2,-1,0
123.7093979,115,-0.01,18.8,0,0,0.029,-0.015,-1.011,1.2,-1,0
123.7193979,109,0,18.9,0,0,0.029,-0.006,-0.972,0,-0.4,0
123.7293979,119,0,18.9,0,0,0.029,-0.006,-0.972,0,-0.4,0
123.7393979,126,0,18.9,0,0,0.029,-0.006,-0.972,0,-0.4,0
123.7493979,126,0,18.9,0,0,0.029,-0.006,-0.972,0,-0.4,0
123.7593979,115,0,18.9,0,0,0.029,-0.006,-0.972,0,-0.4,0
123.7693979,119,0,18.9,0,0,0.03,-0.021,-1.025,-0.6,-0.3,0
123.7793979,122,0,18.9,0,0,0.03,-0.021,-1.025,-0.6,-0.3,0
123.7893979,118,0,18.9,0,0,0.03,-0.021,-1.025,-0.6,-0.3,0
123.7993979,118,0,18.9,0,0,0.03,-0.021,-1.025,-0.6,-0.3,0
123.8093979,117,0,18.9,0,0,0.03,-0.021,-1.025,-0.6,-0.3,0
123.8193979,116,0,18.8,0,0,0.027,-0.017,-1.01,0.9,-1.2,0
123.8293979,120,0,18.8,0,0,0.027,-0.017,-1.01,0.9,-1.2,0
123.8393979,117,0,18.8,0,0,0.027,-0.017,-1.01,0.9,-1.2,0
123.8493979,113,0,18.8,0,0,0.027,-0.017,-1.01,0.9,-1.2,0
123.8593979,117,0,18.8,0,0,0.027,-0.017,-1.01,0.9,-1.2,0
123.8693979,120,0,18.8,0,0,0.029,-0.015,-1.011,0.1,-0.4,0
123.8793979,116,0,18.8,0,0,0.029,-0.015,-1.011,0.1,-0.4,0
123.8893979,115,0,18.8,0,0,0.029,-0.015,-1.011,0.1,-0.4,0
123.8993979,117,0,18.8,0,0,0.029,-0.015,-1.011,0.1,-0.4,0
123.9093979,116,0,18.8,0,0,0.029,-0.015,-1.011,0.1,-0.4,0
123.9193979,117,0,18.8,0,0,0.029,-0.011,-0.992,0.6,-0.7,0
123.9293979,112,0,18.8,0,0,0.029,-0.011,-0.992,0.6,-0.7,0
123.9393979,117,0,18.8,0,0,0.029,-0.011,-0.992,0.6,-0.7,0
123.9493979,119,0,18.8,0,0,0.029,-0.011,-0.992,0.6,-0.7,0
123.9593979,118,0,18.8,0,0,0.029,-0.011,-0.992,0.6,-0.7,0
123.9693979,115,0.01,18.8,0,0,0.028,-0.012,-0.994,-0.3,-0.5,0
123.9793979,115,0.01,18.8,0,0,0.028,-0.012,-0.994,-0.3,-0.5,0
123.9893979,118,0.01,18.8,0,0,0.028,-0.012,-0.994,-0.3,-0.5,0
123.9993979,118,0.01,18.8,0,0,0.028,-0.012,-0.994,-0.3,-0.5,0
124.0093979,118,0.01,18.8,0,0,0.028,-0.012,-0.994,-0.3,-0.5,0
124.0527189,119,0.01,18.9,0,0,0.032,-0.006,-0.948,0.3,-0.8,0
124.0627189,117,0.01,18.9,0,0,0.032,-0.006,-0.948,0.3,-0.8,0
124.0727189,116,0.01,18.9,0,0,0.032,-0.006,-0.948,0.3,-0.8,0
124.0827189,113,0.01,18.9,0,0,0.032,-0.006,-0.948,0.3,-0.8,0
124.0927189,118,0.01,18.9,0,0,0.032,-0.006,-0.948,0.3,-0.8,0
124.1156645,119,0,18.9,0,0,0.028,-0.012,-1.005,0.3,-0.3,0
124.1256645,117,0,18.9,0,0,0.028,-0.012,-1.005,0.3,-0.3,0
124.1356645,117,0,18.9,0,0,0.028,-0.012,-1.005,0.3,-0.3,0
124.1456645,117,0,18.9,0,0,0.028,-0.012,-1.005,0.3,-0.3,0
124.1556645,116,0,18.9,0,0,0.028,-0.012,-1.005,0.3,-0.3,0
124.1656645,116,0,18.9,0,0,0.03,-0.012,-0.992,0.9,-0.6,0
124.1756645,116,0,18.9,0,0,0.03,-0.012,-0.992,0.9,-0.6,0
124.1856645,115,0,18.9,0,0,0.03,-0.012,-0.992,0.9,-0.6,0
124.1956645,118,0,18.9,0,0,0.03,-0.012,-0.992,0.9,-0.6,0
124.2056645,122,0,18.9,0,0,0.03,-0.012,-0.992,0.9,-0.6,0
124.2156645,115,0,18.8,0,0,0.028,-0.017,-1.014,-0.8,-0.5,0
124.2256645,112,0,18.8,0,0,0.028,-0.017,-1.014,-0.8,-0.5,0
124.2356645,122,0,18.8,0,0,0.028,-0.017,-1.014,-0.8,-0.5,0
124.2456645,121,0,18.8,0,0,0.028,-0.017,-1.014,-0.8,-0.5,0
124.2556645,112,0,18.8,0,0,0.028,-0.017,-1.014,-0.8,-0.5,0
124.2656645,119,0,18.9,0,0,0.027,-0.016,-1.024,1.4,-0.7,0
124.2756645,120,0,18.9,0,0,0.027,-0.016,-1.024,1.4,-0.7,0
124.2856645,115,0,18.9,0,0,0.027,-0.016,-1.024,1.4,-0.7,0
124.2956645,122,0,18.9,0,0,0.027,-0.016,-1.024,1.4,-0.7,0
124.3056645,118,0,18.9,0,0,0.027,-0.016,-1.024,1.4,-0.7,0
124.3156645,116,0,18.8,0,0,0.031,-0.006,-0.947,-0.2,-0.3,0
124.3256645,116,0,18.8,0,0,0.031,-0.006,-0.947,-0.2,-0.3,0
124.3356645,120,0,18.8,0,0,0.031,-0.006,-0.947,-0.2,-0.3,0
124.3456645,117,0,18.8,0,0,0.031,-0.006,-0.947,-0.2,-0.3,0
124.3556645,113,0,18.8,0,0,0.031,-0.006,-0.947,-0.2,-0.3,0
124.3656645,118,0,18.9,0,0,0.027,-0.015,-1.023,0,-0.5,0
124.3756645,120,0,18.9,0,0,0.027,-0.015,-1.023,0,-0.5,0
124.3856645,115,0,18.9,0,0,0.027,-0.015,-1.023,0,-0.5,0
124.3956645,115,0,18.9,0,0,0.027,-0.015,-1.023,0,-0.5,0
124.4056645,117,0,18.9,0,0,0.027,-0.015,-1.023,0,-0.5,0
124.4156645,116,0,18.9,0,0,0.027,-0.017,-1.011,0.9,-0.6,0
124.4256645,114,0,18.9,0,0,0.027,-0.017,-1.011,0.9,-0.6,0
124.4356645,114,0,18.9,0,0,0.027,-0.017,-1.011,0.9,-0.6,0
124.4456645,118,0,18.9,0,0,0.027,-0.017,-1.011,0.9,-0.6,0
124.4556645,118,0,18.9,0,0,0.027,-0.017,-1.011,0.9,-0.6,0
124.4656645,118,0,18.9,0,0,0.029,-0.012,-0.999,-0.1,-0.6,0
124.4756645,113,0,18.9,0,0,0.029,-0.012,-0.999,-0.1,-0.6,0
124.4856645,116,0,18.9,0,0,0.029,-0.012,-0.999,-0.1,-0.6,0
124.4956645,117,0,18.9,0,0,0.029,-0.012,-0.999,-0.1,-0.6,0
124.5056645,118,0,18.9,0,0,0.029,-0.012,-0.999,-0.1,-0.6,0
124.5156645,118,0,18.8,0,0,0.029,-0.006,-0.986,1.1,-0.6,0
124.5256645,116,0,18.8,0,0,0.029,-0.006,-0.986,1.1,-0.6,0
124.5356645,115,0,18.8,0,0,0.029,-0.006,-0.986,1.1,-0.6,0
124.5456645,117,0,18.8,0,0,0.029,-0.006,-0.986,1.1,-0.6,0
124.5556645,115,0,18.8,0,0,0.029,-0.006,-0.986,1.1,-0.6,0
124.5771999,115,0,18.8,0,0,0.028,-0.018,-1.015,-1.2,0,0
124.5871999,119,0,18.8,0,0,0.028,-0.018,-1.015,-1.2,0,0
124.5971999,117,0,18.8,0,0,0.028,-0.018,-1.015,-1.2,0,0
124.6071999,114,0,18.8,0,0,0.028,-0.018,-1.015,-1.2,0,0
124.6171999,116,0,18.8,0,0,0.028,-0.018,-1.015,-1.2,0,0
124.6271999,118,0,18.9,0,0,0.026,-0.019,-1.036,1,-1,0
124.6371999,117,0,18.9,0,0,0.026,-0.019,-1.036,1,-1,0
124.6471999,117,0,18.9,0,0,0.026,-0.019,-1.036,1,-1,0
124.6571999,115,0,18.9,0,0,0.026,-0.019,-1.036,1,-1,0
124.6671999,119,0,18.9,0,0,0.026,-0.019,-1.036,1,-1,0
124.6771999,117,0,18.9,0,0,0.032,-0.008,-0.969,0.5,-0.4,0
124.6871999,116,0,18.9,0,0,0.032,-0.008,-0.969,0.5,-0.4,0
124.6971999,115,0,18.9,0,0,0.032,-0.008,-0.969,0.5,-0.4,0
124.7071999,115,0,18.9,0,0,0.032,-0.008,-0.969,0.5,-0.4,0
124.7171999,117,0,18.9,0,0,0.032,-0.008,-0.969,0.5,-0.4,0
124.7271999,121,-0.01,18.9,0,0,0.027,-0.015,-1.018,-0.1,-0.5,0
124.7371999,115,-0.01,18.9,0,0,0.027,-0.015,-1.018,-0.1,-0.5,0
124.7471999,112,-0.01,18.9,0,0,0.027,-0.015,-1.018,-0.1,-0.5,0
124.7571999,122,-0.01,18.9,0,0,0.027,-0.015,-1.018,-0.1,-0.5,0
124.7671999,121,-0.01,18.9,0,0,0.027,-0.015,-1.018,-0.1,-0.5,0
124.7771999,112,0,18.9,0,0,0.028,-0.012,-0.998,1,-0.9,0.1
124.7871999,118,0,18.9,0,0,0.028,-0.012,-0.998,1,-0.9,0.1
124.7971999,120,0,18.9,0,0,0.028,-0.012,-0.998,1,-0.9,0.1
124.8071999,116,0,18.9,0,0,0.028,-0.012,-0.998,1,-0.9,0.1
124.8171999,118,0,18.9,0,0,0.028,-0.012,-0.998,1,-0.9,0.1
124.8271999,117,-0.01,18.8,0,0,0.029,-0.019,-1.033,-0.4,-0.3,0
124.8371999,116,-0.01,18.8,0,0,0.029,-0.019,-1.033,-0.4,-0.3,0
124.8471999,120,-0.01,18.8,0,0,0.029,-0.019,-1.033,-0.4,-0.3,0
124.8571999,121,-0.01,18.8,0,0,0.029,-0.019,-1.033,-0.4,-0.3,0
124.8671999,111,-0.01,18.8,0,0,0.029,-0.019,-1.033,-0.4,-0.3,0
124.8771999,112,0,18.9,0,0,0.028,-0.011,-0.991,0.9,-0.9,0
124.8871999,117,0,18.9,0,0,0.028,-0.011,-0.991,0.9,-0.9,0
124.8971999,120,0,18.9,0,0,0.028,-0.011,-0.991,0.9,-0.9,0
124.9071999,116,0,18.9,0,0,0.028,-0.011,-0.991,0.9,-0.9,0
124.9171999,115,0,18.9,0,0,0.028,-0.011,-0.991,0.9,-0.9,0
124.9271999,117,0,18.9,0,0,0.028,-0.007,-0.98,0,-0.6,0
124.9371999,116,0,18.9,0,0,0.028,-0.007,-0.98,0,-0.6,0
124.9471999,114,0,18.9,0,0,0.028,-0.007,-0.98,0,-0.6,0
124.9571999,115,0,18.9,0,0,0.028,-0.007,-0.98,0,-0.6,0
124.9671999,119,0,18.9,0,0,0.028,-0.007,-0.98,0,-0.6,0
124.9771999,117,-0.01,18.9,0,0,0.028,-0.02,-1.037,0.4,-0.6,0
124.9871999,115,-0.01,18.9,0,0,0.028,-0.02,-1.037,0.4,-0.6,0
124.9971999,116,-0.01,18.9,0,0,0.028,-0.02,-1.037,0.4,-0.6,0
125.0071999,117,-0.01,18.9,0,0,0.028,-0.02,-1.037,0.4,-0.6,0
125.0171999,118,-0.01,18.9,0,0,0.028,-0.02,-1.037,0.4,-0.6,0
125.0271999,120,0.01,18.9,0,0,0.029,-0.013,-0.984,0.5,-0.8,0
125.0371999,115,0.01,18.9,0,0,0.029,-0.013,-0.984,0.5,-0.8,0
125.0471999,116,0.01,18.9,0,0,0.029,-0.013,-0.984,0.5,-0.8,0
125.0571999,116,0.01,18.9,0,0,0.029,-0.013,-0.984,0.5,-0.8,0
125.0671999,117,0.01,18.9,0,0,0.029,-0.013,-0.984,0.5,-0.8,0
125.0771999,115,-0.01,18.8,0,0,0.029,-0.013,-1.02,0.2,-0.4,0
125.0871999,116,-0.01,18.8,0,0,0.029,-0.013,-1.02,0.2,-0.4,0
125.0971999,119,-0.01,18.8,0,0,0.029,-0.013,-1.02,0.2,-0.4,0
125.1071999,118,-0.01,18.8,0,0,0.029,-0.013,-1.02,0.2,-0.4,0
125.1171999,115,-0.01,18.8,0,0,0.029,-0.013,-1.02,0.2,-0.4,0
125.1271999,116,0,18.9,0,0,0.03,-0.01,-0.966,0.9,-0.6,0
125.1371999,118,0,18.9,0,0,0.03,-0.01,-0.966,0.9,-0.6,0
125.1471999,117,0,18.9,0,0,0.03,-0.01,-0.966,0.9,-0.6,0
125.1571999,117,0,18.9,0,0,0.03,-0.01,-0.966,0.9,-0.6,0
125.1671999,117,0,18.9,0,0,0.03,-0.01,-0.966,0.9,-0.6,0
125.1771999,117,-0.01,18.9,0,0,0.028,-0.015,-1.008,-0.9,-0.6,0
125.1871999,116,-0.01,18.9,0,0,0.028,-0.015,-1.008,-0.9,-0.6,0
125.1971999,117,-0.01,18.9,0,0,0.028,-0.015,-1.008,-0.9,-0.6,0
125.2071999,114,-0.01,18.9,0,0,0.028,-0.015,-1.008,-0.9,-0.6,0
125.2171999,116,-0.01,18.9,0,0,0.028,-0.015,-1.008,-0.9,-0.6,0
125.2271999,118,0,18.8,0,0,0.027,-0.018,-1.022,1.7,-0.6,0
125.2371999,122,0,18.8,0,0,0.027,-0.018,-1.022,1.7,-0.6,0
125.2471999,115,0,18.8,0,0,0.027,-0.018,-1.022,1.7,-0.6,0
125.2571999,112,0,18.8,0,0,0.027,-0.018,-1.022,1.7,-0.6,0
125.2671999,122,0,18.8,0,0,0.027,-0.018,-1.022,1.7,-0.6,0
125.2771999,117,0,18.9,0,0,0.028,-0.013,-1.011,0,-0.5,0
125.2871999,117,0,18.9,0,0,0.028,-0.013,-1.011,0,-0.5,0
125.2971999,116,0,18.9,0,0,0.028,-0.013,-1.011,0,-0.5,0
125.3071999,120,0,18.9,0,0,0.028,-0.013,-1.011,0,-0.5,0
125.3171999,116,0,18.9,0,0,0.028,-0.013,-1.011,0,-0.5,0
125.3271999,113,0,18.9,0,0,0.028,-0.016,-1.007,0.5,-0.4,0
125.3371999,118,0,18.9,0,0,0.028,-0.016,-1.007,0.5,-0.4,0
125.3471999,120,0,18.9,0,0,0.028,-0.016,-1.007,0.5,-0.4,0
125.3571999,120,0,18.9,0,0,0.028,-0.016,-1.007,0.5,-0.4,0
125.3671999,112,0,18.9,0,0,0.028,-0.016,-1.007,0.5,-0.4,0
125.3867432,115,0,18.9,0,0,0.031,-0.013,-0.992,-0.3,-0.7,0
125.3967432,117,0,18.9,0,0,0.031,-0.013,-0.992,-0.3,-0.7,0
125.4067432,117,0,18.9,0,0,0.031,-0.013,-0.992,-0.3,-0.7,0
125.4167432,114,0,18.9,0,0,0.031,-0.013,-0.992,-0.3,-0.7,0
125.4267432,114,0,18.9,0,0,0.031,-0.013,-0.992,-0.3,-0.7,0
125.4658228,119,0,18.8,0,0,0.028,-0.008,-0.988,1.2,-0.6,0
125.4758228,118,0,18.8,0,0,0.028,-0.008,-0.988,1.2,-0.6,0
125.4858228,115,0,18.8,0,0,0.028,-0.008,-0.988,1.2,-0.6,0
125.4958228,116,0,18.8,0,0,0.028,-0.008,-0.988,1.2,-0.6,0
125.5058228,117,0,18.8,0,0,0.028,-0.008,-0.988,1.2,-0.6,0
125.5158228,117,0,18.9,0,0,0.029,-0.014,-0.994,-0.6,-0.3,0
125.5258228,118,0,18.9,0,0,0.029,-0.014,-0.994,-0.6,-0.3,0
125.5358228,116,0,18.9,0,0,0.029,-0.014,-0.994,-0.6,-0.3,0
125.5458228,116,0,18.9,0,0,0.029,-0.014,-0.994,-0.6,-0.3,0
125.5558228,117,0,18.9,0,0,0.029,-0.014,-0.994,-0.6,-0.3,0
125.5658228,119,0,18.9,0,0,0.028,-0.019,-1.028,0.7,-0.7,0
125.5758228,112,0,18.9,0,0,0.028,-0.019,-1.028,0.7,-0.7,0
125.5858228,115,0,18.9,0,0,0.028,-0.019,-1.028,0.7,-0.7,0
125.5958228,119,0,18.9,0,0,0.028,-0.019,-1.028,0.7,-0.7,0
125.6058228,117,0,18.9,0,0,0.028,-0.019,-1.028,0.7,-0.7,0
125.6158228,114,0,18.9,0,0,0.029,-0.01,-0.989,0.3,-0.3,0
125.6258228,116,0,18.9,0,0,0.029,-0.01,-0.989,0.3,-0.3,0
125.6358228,118,0,18.9,0,0,0.029,-0.01,-0.989,0.3,-0.3,0
125.6458228,117,0,18.9,0,0,0.029,-0.01,-0.989,0.3,-0.3,0
125.6558228,117,0,18.9,0,0,0.029,-0.01,-0.989,0.3,-0.3,0
125.6658228,117,-0.01,18.8,0,0,0.028,-0.013,-0.998,-0.5,-0.3,0
125.6758228,117,-0.01,18.8,0,0,0.028,-0.013,-0.998,-0.5,-0.3,0
125.6858228,116,-0.01,18.8,0,0,0.028,-0.013,-0.998,-0.5,-0.3,0
125.6958228,116,-0.01,18.8,0,0,0.028,-0.013,-0.998,-0.5,-0.3,0
125.7058228,115,-0.01,18.8,0,0,0.028,-0.013,-0.998,-0.5,-0.3,0
125.7158228,117,0,18.8,0,0,0.027,-0.012,-1.001,1,-0.8,0
125.7258228,122,0,18.8,0,0,0.027,-0.012,-1.001,1,-0.8,0
125.7358228,118,0,18.8,0,0,0.027,-0.012,-1.001,1,-0.8,0
125.7458228,110,0,18.8,0,0,0.027,-0.012,-1.001,1,-0.8,0
125.7558228,116,0,18.8,0,0,0.027,-0.012,-1.001,1,-0.8,0
125.7658228,122,-0.01,18.8,0,0,0.029,-0.02,-1.021,-0.7,-0.3,0
125.7758228,121,-0.01,18.8,0,0,0.029,-0.02,-1.021,-0.7,-0.3,0
125.7858228,112,-0.01,18.8,0,0,0.029,-0.02,-1.021,-0.7,-0.3,0
125.7958228,118,-0.01,18.8,0,0,0.029,-0.02,-1.021,-0.7,-0.3,0
125.8058228,122,-0.01,18.8,0,0,0.029,-0.02,-1.021,-0.7,-0.3,0
125.8158228,116,0,18.8,0,0,0.027,-0.014,-1.012,0.7,-0.9,0
125.8258228,116,0,18.8,0,0,0.027,-0.014,-1.012,0.7,-0.9,0
125.8358228,117,0,18.8,0,0,0.027,-0.014,-1.012,0.7,-0.9,0
125.8458228,116,0,18.8,0,0,0.027,-0.014,-1.012,0.7,-0.9,0
125.8558228,119,0,18.8,0,0,0.027,-0.014,-1.012,0.7,-0.9,0
125.8658228,116,0,18.9,0,0,0.029,-0.008,-0.979,0.3,-0.5,0
125.8758228,113,0,18.9,0,0,0.029,-0.008,-0.979,0.3,-0.5,0
125.8858228,118,0,18.9,0,0,0.029,-0.008,-0.979,0.3,-0.5,0
125.8958228,120,0,18.9,0,0,0.029,-0.008,-0.979,0.3,-0.5,0
125.9058228,116,0,18.9,0,0,0.029,-0.008,-0.979,0.3,-0.5,0
125.9158228,115,0,18.8,0,0,0.029,-0.02,-1.02,-0.4,-0.3,0
125.9258228,117,0,18.8,0,0,0.029,-0.02,-1.02,-0.4,-0.3,0
125.9358228,116,0,18.8,0,0,0.029,-0.02,-1.02,-0.4,-0.3,0
125.9458228,118,0,18.8,0,0,0.029,-0.02,-1.02,-0.4,-0.3,0
125.9558228,112,0,18.8,0,0,0.029,-0.02,-1.02,-0.4,-0.3,0
125.9849314,117,-0.01,18.9,0,0,0.028,-0.014,-1.011,0.2,-0.4,0
125.9949314,118,-0.01,18.9,0,0,0.028,-0.014,-1.011,0.2,-0.4,0
126.0049314,118,-0.01,18.9,0,0,0.028,-0.014,-1.011,0.2,-0.4,0
126.0149314,117,-0.01,18.9,0,0,0.028,-0.014,-1.011,0.2,-0.4,0
126.0249314,116,-0.01,18.9,0,0,0.028,-0.014,-1.011,0.2,-0.4,0
126.0508979,117,0,18.9,0,0,0.029,-0.01,-0.98,0.9,-0.8,0
126.0608979,114,0,18.9,0,0,0.029,-0.01,-0.98,0.9,-0.8,0
126.0708979,115,0,18.9,0,0,0.029,-0.01,-0.98,0.9,-0.8,0
126.0808979,119,0,18.9,0,0,0.029,-0.01,-0.98,0.9,-0.8,0
126.0908979,118,0,18.9,0,0,0.029,-0.01,-0.98,0.9,-0.8,0
126.1008979,119,-0.01,18.9,0,0,0.029,-0.013,-0.997,-0.7,-0.5,0
126.1108979,112,-0.01,18.9,0,0,0.029,-0.013,-0.997,-0.7,-0.5,0
126.1208979,115,-0.01,18.9,0,0,0.029,-0.013,-0.997,-0.7,-0.5,0
126.1308979,119,-0.01,18.9,0,0,0.029,-0.013,-0.997,-0.7,-0.5,0
126.1408979,117,-0.01,18.9,0,0,0.029,-0.013,-0.997,-0.7,-0.5,0
128.1168436,127,-0.01,18.8,0,0,0.032,0,-0.9,0,0,0
128.1268436,128,-0.01,18.8,0,0,0.032,0,-0.9,0,0,0
128.1368436,128,-0.01,18.8,0,0,0.032,0,-0.9,0,0,0
128.1468436,134,-0.01,18.8,0,0,0.032,0,-0.9,0,0,0
128.1568436,126,-0.01,18.8,0,0,0.032,0,-0.9,0,0,0
128.1886609,123,0,18.9,0,0,0.028,-0.015,-1.022,-2.7,0.1,0
128.1986609,133,0,18.9,0,0,0.028,-0.015,-1.022,-2.7,0.1,0
128.2086609,132,0,18.9,0,0,0.028,-0.015,-1.022,-2.7,0.1,0
128.2186609,124,0,18.9,0,0,0.028,-0.015,-1.022,-2.7,0.1,0
128.2286609,130,0,18.9,0,0,0.028,-0.015,-1.022,-2.7,0.1,0
128.2386609,131,0,18.9,0,0,0.029,-0.023,-1.04,0.9,-1.1,0
128.2486609,124,0,18.9,0,0,0.029,-0.023,-1.04,0.9,-1.1,0
128.2586609,127,0,18.9,0,0,0.029,-0.023,-1.04,0.9,-1.1,0
128.2686609,129,0,18.9,0,0,0.029,-0.023,-1.04,0.9,-1.1,0
128.2786609,128,0,18.9,0,0,0.029,-0.023,-1.04,0.9,-1.1,0
128.2886609,131,0,18.9,0,0,0.028,-0.01,-0.987,2.5,-1.2,0
128.2986609,128,0,18.9,0,0,0.028,-0.01,-0.987,2.5,-1.2,0
128.3086609,124,0,18.9,0,0,0.028,-0.01,-0.987,2.5,-1.2,0
128.3186609,128,0,18.9,0,0,0.028,-0.01,-0.987,2.5,-1.2,0
128.3286609,131,0,18.9,0,0,0.028,-0.01,-0.987,2.5,-1.2,0
128.3386609,128,0,18.9,0,0,0.031,-0.008,-0.95,-1,-0.1,0
128.3486609,127,0,18.9,0,0,0.031,-0.008,-0.95,-1,-0.1,0
128.3586609,128,0,18.9,0,0,0.031,-0.008,-0.95,-1,-0.1,0
128.3686609,128,0,18.9,0,0,0.031,-0.008,-0.95,-1,-0.1,0
128.3786609,126,0,18.9,0,0,0.031,-0.008,-0.95,-1,-0.1,0
128.3886609,127,0.01,18.9,0,0,0.024,-0.03,-1.1,-1.6,0.3,0
128.3986609,130,0.01,18.9,0,0,0.024,-0.03,-1.1,-1.6,0.3,0
128.4086609,129,0.01,18.9,0,0,0.024,-0.03,-1.1,-1.6,0.3,0
128.4186609,127,0.01,18.9,0,0,0.024,-0.03,-1.1,-1.6,0.3,0
128.4286609,127,0.01,18.9,0,0,0.024,-0.03,-1.1,-1.6,0.3,0
128.4386609,128,0,18.8,0,0,0.028,-0.013,-1.015,2.9,-1.6,0
128.4486609,129,0,18.8,0,0,0.028,-0.013,-1.015,2.9,-1.6,0
128.4586609,132,0,18.8,0,0,0.028,-0.013,-1.015,2.9,-1.6,0
128.4686609,126,0,18.8,0,0,0.028,-0.013,-1.015,2.9,-1.6,0
128.4786609,128,0,18.8,0,0,0.028,-0.013,-1.015,2.9,-1.6,0
128.4886609,126,-0.01,18.9,0,0,0.033,0.002,-0.899,1.2,-0.6,0
128.4986609,127,-0.01,18.9,0,0,0.033,0.002,-0.899,1.2,-0.6,0
128.5086609,130,-0.01,18.9,0,0,0.033,0.002,-0.899,1.2,-0.6,0
128.5186609,129,-0.01,18.9,0,0,0.033,0.002,-0.899,1.2,-0.6,0
128.5286609,127,-0.01,18.9,0,0,0.033,0.002,-0.899,1.2,-0.6,0
128.5386609,128,0,18.8,0,0,0.03,-0.012,-1.003,-2.8,0.2,0
128.5486609,129,0,18.8,0,0,0.03,-0.012,-1.003,-2.8,0.2,0
128.5586609,129,0,18.8,0,0,0.03,-0.012,-1.003,-2.8,0.2,0
128.5686609,130,0,18.8,0,0,0.03,-0.012,-1.003,-2.8,0.2,0
128.5786609,129,0,18.8,0,0,0.03,-0.012,-1.003,-2.8,0.2,0
128.5886609,128,0,18.8,0,0,0.025,-0.032,-1.081,0.1,-1,0
128.5986609,128,0,18.8,0,0,0.025,-0.032,-1.081,0.1,-1,0
128.6086609,127,0,18.8,0,0,0.025,-0.032,-1.081,0.1,-1,0
128.6186609,127,0,18.8,0,0,0.025,-0.032,-1.081,0.1,-1,0
128.6286609,129,0,18.8,0,0,0.025,-0.032,-1.081,0.1,-1,0
128.6386609,133,-0.01,18.8,0,0,0.027,-0.016,-1.03,3.4,-1.2,0.1
128.6486609,127,-0.01,18.8,0,0,0.027,-0.016,-1.03,3.4,-1.2,0.1
128.6586609,124,-0.01,18.8,0,0,0.027,-0.016,-1.03,3.4,-1.2,0.1
128.6686609,134,-0.01,18.8,0,0,0.027,-0.016,-1.03,3.4,-1.2,0.1
128.6786609,132,-0.01,18.8,0,0,0.027,-0.016,-1.03,3.4,-1.2,0.1
128.6886609,124,0,18.9,0,0,0.032,0,-0.923,0,-0.4,0
128.6986609,130,0,18.9,0,0,0.032,0,-0.923,0,-0.4,0
128.7086609,131,0,18.9,0,0,0.032,0,-0.923,0,-0.4,0
128.7186609,124,0,18.9,0,0,0.032,0,-0.923,0,-0.4,0
128.7286609,127,0,18.9,0,0,0.032,0,-0.923,0,-0.4,0
128.7386609,129,0,18.8,0,0,0.029,-0.014,-1.004,-2.4,0.6,0
128.7486609,132,0,18.8,0,0,0.029,-0.014,-1.004,-2.4,0.6,0
128.7586609,128,0,18.8,0,0,0.029,-0.014,-1.004,-2.4,0.6,0
128.7686609,124,0,18.8,0,0,0.029,-0.014,-1.004,-2.4,0.6,0
128.7786609,127,0,18.8,0,0,0.029,-0.014,-1.004,-2.4,0.6,0
128.7886609,132,0,18.9,0,0,0.025,-0.017,-1.052,2,-1.5,0
128.7986609,128,0,18.9,0,0,0.025,-0.017,-1.052,2,-1.5,0
128.8086609,127,0,18.9,0,0,0.025,-0.017,-1.052,2,-1.5,0
128.8186609,128,0,18.9,0,0,0.025,-0.017,-1.052,2,-1.5,0
128.8286609,128,0,18.9,0,0,0.025,-0.017,-1.052,2,-1.5,0
128.8386609,126,-0.01,18.9,0,0,0.033,-0.004,-0.942,1.7,-1.2,0
128.8486609,127,-0.01,18.9,0,0,0.033,-0.004,-0.942,1.7,-1.2,0
128.8586609,130,-0.01,18.9,0,0,0.033,-0.004,-0.942,1.7,-1.2,0
128.8686609,130,-0.01,18.9,0,0,0.033,-0.004,-0.942,1.7,-1.2,0
128.8786609,127,-0.01,18.9,0,0,0.033,-0.004,-0.942,1.7,-1.2,0
128.8886609,127,0,18.9,0,0,0.028,-0.011,-0.986,-1.8,0.4,0
128.8986609,128,0,18.9,0,0,0.028,-0.011,-0.986,-1.8,0.4,0
128.9086609,129,0,18.9,0,0,0.028,-0.011,-0.986,-1.8,0.4,0
128.9186609,130,0,18.9,0,0,0.028,-0.011,-0.986,-1.8,0.4,0
128.9286609,128,0,18.9,0,0,0.028,-0.011,-0.986,-1.8,0.4,0
128.9386609,127,0.01,18.9,0,0,0.024,-0.029,-1.084,-0.8,-0.6,0
128.9486609,128,0.01,18.9,0,0,0.024,-0.029,-1.084,-0.8,-0.6,0
128.9586609,127,0.01,18.9,0,0,0.024,-0.029,-1.084,-0.8,-0.6,0
128.9686609,127,0.01,18.9,0,0,0.024,-0.029,-1.084,-0.8,-0.6,0
128.9786609,130,0.01,18.9,0,0,0.024,-0.029,-1.084,-0.8,-0.6,0
128.9886609,130,-0.01,18.9,0,0,0.027,-0.015,-1.026,2.8,-0.9,0
128.9986609,126,-0.01,18.9,0,0,0.027,-0.015,-1.026,2.8,-0.9,0
129.0086609,127,-0.01,18.9,0,0,0.027,-0.015,-1.026,2.8,-0.9,0
129.0186609,130,-0.01,18.9,0,0,0.027,-0.015,-1.026,2.8,-0.9,0
129.0286609,129,-0.01,18.9,0,0,0.027,-0.015,-1.026,2.8,-0.9,0
129.0510876,129,0,18.9,0,0,0.033,0.004,-0.908,1.5,-0.9,0
129.0610876,129,0,18.9,0,0,0.033,0.004,-0.908,1.5,-0.9,0
129.0710876,129,0,18.9,0,0,0.033,0.004,-0.908,1.5,-0.9,0
129.0810876,127,0,18.9,0,0,0.033,0.004,-0.908,1.5,-0.9,0
129.0910876,127,0,18.9,0,0,0.033,0.004,-0.908,1.5,-0.9,0
129.1010876,132,0,18.8,0,0,0.022,-0.035,-1.125,0.3,-0.9,0.1
129.1110876,124,0,18.8,0,0,0.022,-0.035,-1.125,0.3,-0.9,0.1
129.1210876,130,0,18.8,0,0,0.022,-0.035,-1.125,0.3,-0.9,0.1
129.1310876,131,0,18.8,0,0,0.022,-0.035,-1.125,0.3,-0.9,0.1
129.1410876,124,0,18.8,0,0,0.022,-0.035,-1.125,0.3,-0.9,0.1
129.3727305,127,0,18.8,0,0,0.029,-0.013,-0.988,2.5,-1.6,0
129.3827305,129,0,18.8,0,0,0.029,-0.013,-0.988,2.5,-1.6,0
129.3927305,127,0,18.8,0,0,0.029,-0.013,-0.988,2.5,-1.6,0
129.4027305,131,0,18.8,0,0,0.029,-0.013,-0.988,2.5,-1.6,0
129.4127305,128,0,18.8,0,0,0.029,-0.013,-0.988,2.5,-1.6,0
129.4227305,124,0,18.9,0,0,0.025,-0.026,-1.064,-1,-15.3,0
129.4327305,129,0,18.9,0,0,0.025,-0.026,-1.064,-1,-15.3,0
129.4427305,132,0,18.9,0,0,0.025,-0.026,-1.064,-1,-15.3,0
129.4527305,128,0,18.9,0,0,0.025,-0.026,-1.064,-1,-15.3,0
129.4627305,127,0,18.9,0,0,0.025,-0.026,-1.064,-1,-15.3,0
129.4727305,128,0,18.9,0,0,0.029,-0.014,-1.007,1.5,-0.8,0
129.4827305,128,0,18.9,0,0,0.029,-0.014,-1.007,1.5,-0.8,0
129.4927305,126,0,18.9,0,0,0.029,-0.014,-1.007,1.5,-0.8,0
129.5027305,127,0,18.9,0,0,0.029,-0.014,-1.007,1.5,-0.8,0
129.5127305,130,0,18.9,0,0,0.029,-0.014,-1.007,1.5,-0.8,0
129.5227305,129,0,18.8,0,0,0.031,0.002,-0.933,1.2,-0.9,0
129.5327305,127,0,18.8,0,0,0.031,0.002,-0.933,1.2,-0.9,0
129.5427305,127,0,18.8,0,0,0.031,0.002,-0.933,1.2,-0.9,0
129.5527305,128,0,18.8,0,0,0.031,0.002,-0.933,1.2,-0.9,0
129.5627305,129,0,18.8,0,0,0.031,0.002,-0.933,1.2,-0.9,0
129.5727305,130,0,18.8,0,0,0.024,-0.037,-1.132,0.2,-0.7,0
129.5827305,129,0,18.8,0,0,0.024,-0.037,-1.132,0.2,-0.7,0
129.5927305,127,0,18.8,0,0,0.024,-0.037,-1.132,0.2,-0.7,0
129.6027305,127,0,18.8,0,0,0.024,-0.037,-1.132,0.2,-0.7,0
129.6127305,130,0,18.8,0,0,0.024,-0.037,-1.132,0.2,-0.7,0
129.6746972,129,0,18.8,0,0,0.029,-0.011,-0.99,3.4,-1.7,0
129.6846972,128,0,18.8,0,0,0.029,-0.011,-0.99,3.4,-1.7,0
129.6946972,129,0,18.8,0,0,0.029,-0.011,-0.99,3.4,-1.7,0
129.7046972,129,0,18.8,0,0,0.029,-0.011,-0.99,3.4,-1.7,0
129.7146972,127,0,18.8,0,0,0.029,-0.011,-0.99,3.4,-1.7,0
129.7246972,128,-0.01,18.8,0,0,0.031,0,-0.919,-0.3,0.1,0.1
129.7346972,127,-0.01,18.8,0,0,0.031,0,-0.919,-0.3,0.1,0.1
129.7446972,129,-0.01,18.8,0,0,0.031,0,-0.919,-0.3,0.1,0.1
129.7546972,133,-0.01,18.8,0,0,0.031,0,-0.919,-0.3,0.1,0.1
129.7646972,127,-0.01,18.8,0,0,0.031,0,-0.919,-0.3,0.1,0.1
129.7746972,124,0,18.9,0,0,0.028,-0.015,-1.03,-2.5,-0.1,0
129.7846972,134,0,18.9,0,0,0.028,-0.015,-1.03,-2.5,-0.1,0
129.7946972,132,0,18.9,0,0,0.028,-0.015,-1.03,-2.5,-0.1,0
129.8046972,124,0,18.9,0,0,0.028,-0.015,-1.03,-2.5,-0.1,0
129.8146972,130,0,18.9,0,0,0.028,-0.015,-1.03,-2.5,-0.1,0
129.8246972,132,0,18.9,0,0,0.029,-0.021,-1.03,1.2,-1,0
129.8346972,124,0,18.9,0,0,0.029,-0.021,-1.03,1.2,-1,0
129.8446972,127,0,18.9,0,0,0.029,-0.021,-1.03,1.2,-1,0
129.8546972,129,0,18.9,0,0,0.029,-0.021,-1.03,1.2,-1,0
129.8646972,133,0,18.9,0,0,0.029,-0.021,-1.03,1.2,-1,0
129.8746972,130,0,18.8,0,0,0.024,-0.035,-1.104,-1.3,0.1,0
129.8846972,129,0,18.8,0,0,0.024,-0.035,-1.104,-1.3,0.1,0
129.8946972,126,0,18.8,0,0,0.024,-0.035,-1.104,-1.3,0.1,0
129.9046972,127,0,18.8,0,0,0.024,-0.035,-1.104,-1.3,0.1,0
129.9146972,129,0,18.8,0,0,0.024,-0.035,-1.104,-1.3,0.1,0
129.9246972,129,0.01,18.9,0,0,0.029,-0.011,-1.005,2.8,-1.5,0
129.9346972,130,0.01,18.9,0,0,0.029,-0.011,-1.005,2.8,-1.5,0
129.9446972,128,0.01,18.9,0,0,0.029,-0.011,-1.005,2.8,-1.5,0
129.9546972,128,0.01,18.9,0,0,0.029,-0.011,-1.005,2.8,-1.5,0
129.9646972,128,0.01,18.9,0,0,0.029,-0.011,-1.005,2.8,-1.5,0
129.9746972,126,-0.01,18.8,0,0,0.034,0.002,-0.902,0.8,-0.4,0
129.9846972,127,-0.01,18.8,0,0,0.034,0.002,-0.902,0.8,-0.4,0
129.9946972,131,-0.01,18.8,0,0,0.034,0.002,-0.902,0.8,-0.4,0
130.0046972,129,-0.01,18.8,0,0,0.034,0.002,-0.902,0.8,-0.4,0
130.0146972,126,-0.01,18.8,0,0,0.034,0.002,-0.902,0.8,-0.4,0
130.0246972,128,0,18.8,0,0,0.027,-0.012,-1.009,-2.8,0.1,0
130.0346972,130,0,18.8,0,0,0.027,-0.012,-1.009,-2.8,0.1,0
130.0446972,129,0,18.8,0,0,0.027,-0.012,-1.009,-2.8,0.1,0
130.0546972,129,0,18.8,0,0,0.027,-0.012,-1.009,-2.8,0.1,0
130.0646972,129,0,18.8,0,0,0.027,-0.012,-1.009,-2.8,0.1,0
130.0746972,128,0,18.9,0,0,0.027,-0.032,-1.071,0.4,-1,0
130.0846972,128,0,18.9,0,0,0.027,-0.032,-1.071,0.4,-1,0
130.0946972,127,0,18.9,0,0,0.027,-0.032,-1.071,0.4,-1,0
130.1046972,127,0,18.9,0,0,0.027,-0.032,-1.071,0.4,-1,0
130.1146972,135,0,18.9,0,0,0.027,-0.032,-1.071,0.4,-1,0
130.1246972,126,0,18.9,0,0,0.027,-0.014,-1.02,3.3,-1.1,0
130.1346972,124,0,18.9,0,0,0.027,-0.014,-1.02,3.3,-1.1,0
130.1446972,134,0,18.9,0,0,0.027,-0.014,-1.02,3.3,-1.1,0
130.1546972,132,0,18.9,0,0,0.027,-0.014,-1.02,3.3,-1.1,0
130.1646972,124,0,18.9,0,0,0.027,-0.014,-1.02,3.3,-1.1,0
130.1746972,130,-0.01,18.8,0,0,0.03,-0.001,-0.931,-0.1,-0.4,0
130.1846972,132,-0.01,18.8,0,0,0.03,-0.001,-0.931,-0.1,-0.4,0
130.1946972,124,-0.01,18.8,0,0,0.03,-0.001,-0.931,-0.1,-0.4,0
130.2046972,127,-0.01,18.8,0,0,0.03,-0.001,-0.931,-0.1,-0.4,0
130.2146972,128,-0.01,18.8,0,0,0.03,-0.001,-0.931,-0.1,-0.4,0
130.2246972,127,0,18.9,0,0,0.029,-0.017,-1.017,-2.3,0.6,0
130.2346972,131,0,18.9,0,0,0.029,-0.017,-1.017,-2.3,0.6,0
130.2446972,128,0,18.9,0,0,0.029,-0.017,-1.017,-2.3,0.6,0
130.2546972,124,0,18.9,0,0,0.029,-0.017,-1.017,-2.3,0.6,0
130.2646972,129,0,18.9,0,0,0.029,-0.017,-1.017,-2.3,0.6,0
130.2746972,132,0,18.8,0,0,0.027,-0.016,-1.04,2,-1.5,0
130.2846972,128,0,18.8,0,0,0.027,-0.016,-1.04,2,-1.5,0
130.2946972,127,0,18.8,0,0,0.027,-0.016,-1.04,2,-1.5,0
130.3046972,128,0,18.8,0,0,0.027,-0.016,-1.04,2,-1.5,0
130.3146972,128,0,18.8,0,0,0.027,-0.016,-1.04,2,-1.5,0
130.3246972,126,0,18.8,0,0,0.031,-0.004,-0.939,1.5,-1,0
130.3346972,126,0,18.8,0,0,0.031,-0.004,-0.939,1.5,-1,0
130.3446972,130,0,18.8,0,0,0.031,-0.004,-0.939,1.5,-1,0
130.3546972,129,0,18.8,0,0,0.031,-0.004,-0.939,1.5,-1,0
130.3646972,126,0,18.8,0,0,0.031,-0.004,-0.939,1.5,-1,0
130.3746972,127,0,18.9,0,0,0.028,-0.013,-0.993,-1.8,0.3,0
130.3846972,129,0,18.9,0,0,0.028,-0.013,-0.993,-1.8,0.3,0
130.3946972,129,0,18.9,0,0,0.028,-0.013,-0.993,-1.8,0.3,0
130.4046972,132,0,18.9,0,0,0.028,-0.013,-0.993,-1.8,0.3,0
130.4146972,126,0,18.9,0,0,0.028,-0.013,-0.993,-1.8,0.3,0
130.4246972,128,0,18.9,0,0,0.025,-0.03,-1.082,-0.6,-0.7,0
130.4346972,126,0,18.9,0,0,0.025,-0.03,-1.082,-0.6,-0.7,0
130.4446972,127,0,18.9,0,0,0.025,-0.03,-1.082,-0.6,-0.7,0
130.4546972,130,0,18.9,0,0,0.025,-0.03,-1.082,-0.6,-0.7,0
130.4646972,129,0,18.9,0,0,0.025,-0.03,-1.082,-0.6,-0.7,0
130.4746972,127,0,18.9,0,0,0.027,-0.018,-1.027,2.8,-0.9,0.1
130.4846972,128,0,18.9,0,0,0.027,-0.018,-1.027,2.8,-0.9,0.1
130.4946972,130,0,18.9,0,0,0.027,-0.018,-1.027,2.8,-0.9,0.1
130.5046972,129,0,18.9,0,0,0.027,-0.018,-1.027,2.8,-0.9,0.1
130.5146972,129,0,18.9,0,0,0.027,-0.018,-1.027,2.8,-0.9,0.1
130.5246972,128,-0.01,18.9,0,0,0.032,0.006,-0.908,1.2,-0.7,0
130.5346972,128,-0.01,18.9,0,0,0.032,0.006,-0.908,1.2,-0.7,0
130.5446972,128,-0.01,18.9,0,0,0.032,0.006,-0.908,1.2,-0.7,0
130.5546972,127,-0.01,18.9,0,0,0.032,0.006,-0.908,1.2,-0.7,0
130.5646972,127,-0.01,18.9,0,0,0.032,0.006,-0.908,1.2,-0.7,0
130.5746972,129,0,18.9,0,0,0.031,-0.008,-0.952,-2.9,0.5,0
130.5846972,133,0,18.9,0,0,0.031,-0.008,-0.952,-2.9,0.5,0
130.5946972,127,0,18.9,0,0,0.031,-0.008,-0.952,-2.9,0.5,0
130.6046972,124,0,18.9,0,0,0.031,-0.008,-0.952,-2.9,0.5,0
130.6146972,134,0,18.9,0,0,0.031,-0.008,-0.952,-2.9,0.5,0
130.6246972,132,0,18.8,0,0,0.023,-0.033,-1.116,0.6,-1.1,0.1
130.6346972,124,0,18.8,0,0,0.023,-0.033,-1.116,0.6,-1.1,0.1
130.6446972,130,0,18.8,0,0,0.023,-0.033,-1.116,0.6,-1.1,0.1
130.6546972,131,0,18.8,0,0,0.023,-0.033,-1.116,0.6,-1.1,0.1
130.6646972,124,0,18.8,0,0,0.023,-0.033,-1.116,0.6,-1.1,0.1
130.6746972,127,0,18.8,0,0,0.031,-0.005,-0.959,-0.8,0.3,0
130.6846972,132,0,18.8,0,0,0.031,-0.005,-0.959,-0.8,0.3,0
130.6946972,128,0,18.8,0,0,0.031,-0.005,-0.959,-0.8,0.3,0
130.7046972,126,0,18.8,0,0,0.031,-0.005,-0.959,-0.8,0.3,0
130.7146972,128,0,18.8,0,0,0.031,-0.005,-0.959,-0.8,0.3,0
130.7246972,128,0,18.9,0,0,0.025,-0.018,-1.042,-1.2,-0.3,0
130.7346972,126,0,18.9,0,0,0.025,-0.018,-1.042,-1.2,-0.3,0
130.7446972,127,0,18.9,0,0,0.025,-0.018,-1.042,-1.2,-0.3,0
130.7546972,130,0,18.9,0,0,0.025,-0.018,-1.042,-1.2,-0.3,0
130.7646972,130,0,18.9,0,0,0.025,-0.018,-1.042,-1.2,-0.3,0
130.7746972,127,0,18.9,0,0,0.03,-0.016,-1.013,1.8,-1,0
130.7846972,127,0,18.9,0,0,0.03,-0.016,-1.013,1.8,-1,0
130.7946972,128,0,18.9,0,0,0.03,-0.016,-1.013,1.8,-1,0
130.8046972,129,0,18.9,0,0,0.03,-0.016,-1.013,1.8,-1,0
130.8146972,130,0,18.9,0,0,0.03,-0.016,-1.013,1.8,-1,0
130.8246972,129,0,18.8,0,0,0.03,-0.004,-0.958,1.9,-1.1,0
130.8346972,127,0,18.8,0,0,0.03,-0.004,-0.958,1.9,-1.1,0
130.8446972,128,0,18.8,0,0,0.03,-0.004,-0.958,1.9,-1.1,0
130.8546972,127,0,18.8,0,0,0.03,-0.004,-0.958,1.9,-1.1,0
130.8646972,127,0,18.8,0,0,0.03,-0.004,-0.958,1.9,-1.1,0
130.8746972,129,0,18.8,0,0,0.023,-0.039,-1.128,-1,-0.2,0
130.8846972,129,0,18.8,0,0,0.023,-0.039,-1.128,-1,-0.2,0
130.8946972,129,0,18.8,0,0,0.023,-0.039,-1.128,-1,-0.2,0
130.9046972,128,0,18.8,0,0,0.023,-0.039,-1.128,-1,-0.2,0
130.9146972,127,0,18.8,0,0,0.023,-0.039,-1.128,-1,-0.2,0
130.9246972,127,0,18.8,0,0,0.028,-0.012,-1.018,3.1,-1.7,0
130.9346972,127,0,18.8,0,0,0.028,-0.012,-1.018,3.1,-1.7,0
130.9446972,135,0,18.8,0,0,0.028,-0.012,-1.018,3.1,-1.7,0
130.9546972,126,0,18.8,0,0,0.028,-0.012,-1.018,3.1,-1.7,0
130.9646972,123,0,18.8,0,0,0.028,-0.012,-1.018,3.1,-1.7,0
130.9746972,134,0,18.9,0,0,0.034,0.002,-0.895,0.6,0,0
130.9846972,133,0,18.9,0,0,0.034,0.002,-0.895,0.6,0,0
130.9946972,124,0,18.9,0,0,0.034,0.002,-0.895,0.6,0,0
131.0046972,129,0,18.9,0,0,0.034,0.002,-0.895,0.6,0,0
131.0146972,131,0,18.9,0,0,0.034,0.002,-0.895,0.6,0,0
131.0246972,124,0,18.8,0,0,0.029,-0.01,-0.998,-1.5,0,0
131.0346972,127,0,18.8,0,0,0.029,-0.01,-0.998,-1.5,0,0
131.0446972,129,0,18.8,0,0,0.029,-0.01,-0.998,-1.5,0,0
131.0546972,128,0,18.8,0,0,0.029,-0.01,-0.998,-1.5,0,0
131.0646972,131,0,18.8,0,0,0.029,-0.01,-0.998,-1.5,0,0
131.0831723,128,0,18.9,0,0,0.027,-0.025,-1.052,0.6,-1.2,0
131.0931723,124,0,18.9,0,0,0.027,-0.025,-1.052,0.6,-1.2,0
131.1031723,128,0,18.9,0,0,0.027,-0.025,-1.052,0.6,-1.2,0
131.1131723,132,0,18.9,0,0,0.027,-0.025,-1.052,0.6,-1.2,0
131.1231723,128,0,18.9,0,0,0.027,-0.025,-1.052,0.6,-1.2,0
131.1331723,127,0,18.9,0,0,0.027,-0.013,-1.016,1.7,-1,0.1
131.1431723,128,0,18.9,0,0,0.027,-0.013,-1.016,1.7,-1,0.1
131.1531723,128,0,18.9,0,0,0.027,-0.013,-1.016,1.7,-1,0.1
131.1631723,126,0,18.9,0,0,0.027,-0.013,-1.016,1.7,-1,0.1
131.1731723,127,0,18.9,0,0,0.027,-0.013,-1.016,1.7,-1,0.1
131.1831723,130,-0.01,18.9,0,0,0.029,-0.006,-0.946,-0.5,-0.6,0
131.1931723,130,-0.01,18.9,0,0,0.029,-0.006,-0.946,-0.5,-0.6,0
131.2031723,127,-0.01,18.9,0,0,0.029,-0.006,-0.946,-0.5,-0.6,0
131.2131723,127,-0.01,18.9,0,0,0.029,-0.006,-0.946,-0.5,-0.6,0
131.2231723,132,-0.01,18.9,0,0,0.029,-0.006,-0.946,-0.5,-0.6,0
131.2331723,128,0,18.9,0,0,0.028,-0.024,-1.057,-1.9,0.4,0
131.2431723,127,0,18.9,0,0,0.028,-0.024,-1.057,-1.9,0.4,0
131.2531723,127,0,18.9,0,0,0.028,-0.024,-1.057,-1.9,0.4,0
131.2631723,128,0,18.9,0,0,0.028,-0.024,-1.057,-1.9,0.4,0
131.2731723,127,0,18.9,0,0,0.028,-0.024,-1.057,-1.9,0.4,0
131.2831723,127,0,18.9,0,0,0.027,-0.014,-1.04,2.5,-1.5,0
131.2931723,130,0,18.9,0,0,0.027,-0.014,-1.04,2.5,-1.5,0
131.3031723,129,0,18.9,0,0,0.027,-0.014,-1.04,2.5,-1.5,0
131.3131723,127,0,18.9,0,0,0.027,-0.014,-1.04,2.5,-1.5,0
131.3231723,127,0,18.9,0,0,0.027,-0.014,-1.04,2.5,-1.5,0
131.3331723,130,-0.01,18.9,0,0,0.033,0,-0.907,2.1,-1,0
131.3431723,129,-0.01,18.9,0,0,0.033,0,-0.907,2.1,-1,0
131.3531723,129,-0.01,18.9,0,0,0.033,0,-0.907,2.1,-1,0
131.3631723,128,-0.01,18.9,0,0,0.033,0,-0.907,2.1,-1,0
131.3731723,128,-0.01,18.9,0,0,0.033,0,-0.907,2.1,-1,0
131.3863868,128,0,18.9,0,0,0.029,-0.008,-0.977,-2,0.3,0
131.3963868,127,0,18.9,0,0,0.029,-0.008,-0.977,-2,0.3,0
131.4063868,127,0,18.9,0,0,0.029,-0.008,-0.977,-2,0.3,0
131.4163868,129,0,18.9,0,0,0.029,-0.008,-0.977,-2,0.3,0
131.4263868,133,0,18.9,0,0,0.029,-0.008,-0.977,-2,0.3,0
131.4363868,127,0,18.9,0,0,0.025,-0.033,-1.09,-1,-0.7,0
131.4463868,124,0,18.9,0,0,0.025,-0.033,-1.09,-1,-0.7,0
131.4563868,134,0,18.9,0,0,0.025,-0.033,-1.09,-1,-0.7,0
131.4663868,132,0,18.9,0,0,0.025,-0.033,-1.09,-1,-0.7,0
131.4763868,124,0,18.9,0,0,0.025,-0.033,-1.09,-1,-0.7,0
131.4863868,130,0,18.9,0,0,0.027,-0.017,-1.031,1.9,-0.8,0
131.4963868,131,0,18.9,0,0,0.027,-0.017,-1.031,1.9,-0.8,0
131.5063868,124,0,18.9,0,0,0.027,-0.017,-1.031,1.9,-0.8,0
131.5163868,127,0,18.9,0,0,0.027,-0.017,-1.031,1.9,-0.8,0
131.5263868,129,0,18.9,0,0,0.027,-0.017,-1.031,1.9,-0.8,0
131.5363868,132,-0.01,18.8,0,0,0.031,0,-0.937,0.9,-0.6,0
131.5463868,126,-0.01,18.8,0,0,0.031,0,-0.937,0.9,-0.6,0
131.5563868,124,-0.01,18.8,0,0,0.031,0,-0.937,0.9,-0.6,0
131.5663868,128,-0.01,18.8,0,0,0.031,0,-0.937,0.9,-0.6,0
131.5763868,132,-0.01,18.8,0,0,0.031,0,-0.937,0.9,-0.6,0
131.5863868,128,0,18.9,0,0,0.032,-0.011,-0.979,-1.5,0.4,0
131.5963868,126,0,18.9,0,0,0.032,-0.011,-0.979,-1.5,0.4,0
131.6063868,128,0,18.9,0,0,0.032,-0.011,-0.979,-1.5,0.4,0
131.6163868,128,0,18.9,0,0,0.032,-0.011,-0.979,-1.5,0.4,0
131.6263868,126,0,18.9,0,0,0.032,-0.011,-0.979,-1.5,0.4,0
131.6363868,127,0,18.8,0,0,0.024,-0.027,-1.089,1.2,-1.1,0.1
131.6463868,130,0,18.8,0,0,0.024,-0.027,-1.089,1.2,-1.1,0.1
131.6563868,129,0,18.8,0,0,0.024,-0.027,-1.089,1.2,-1.1,0.1
131.6663868,127,0,18.8,0,0,0.024,-0.027,-1.089,1.2,-1.1,0.1
131.6763868,127,0,18.8,0,0,0.024,-0.027,-1.089,1.2,-1.1,0.1
131.6863868,128,0,18.9,0,0,0.03,-0.008,-0.964,2.2,-1.5,0
131.6963868,129,0,18.9,0,0,0.03,-0.008,-0.964,2.2,-1.5,0
131.7063868,130,0,18.9,0,0,0.03,-0.008,-0.964,2.2,-1.5,0
131.7163868,128,0,18.9,0,0,0.03,-0.008,-0.964,2.2,-1.5,0
131.7263868,127,0,18.9,0,0,0.03,-0.008,-0.964,2.2,-1.5,0
131.7363868,128,0,18.8,0,0,0.029,-0.005,-0.952,-1,0.2,0
131.7463868,126,0,18.8,0,0,0.029,-0.005,-0.952,-1,0.2,0
131.7563868,127,0,18.8,0,0,0.029,-0.005,-0.952,-1,0.2,0
131.7663868,131,0,18.8,0,0,0.029,-0.005,-0.952,-1,0.2,0
131.7763868,129,0,18.8,0,0,0.029,-0.005,-0.952,-1,0.2,0
131.7863868,126,0,18.9,0,0,0.025,-0.024,-1.067,-2,-0.3,0
131.7963868,127,0,18.9,0,0,0.025,-0.024,-1.067,-2,-0.3,0
131.8063868,130,0,18.9,0,0,0.025,-0.024,-1.067,-2,-0.3,0
131.8163868,129,0,18.9,0,0,0.025,-0.024,-1.067,-2,-0.3,0
131.8263868,129,0,18.9,0,0,0.025,-0.024,-1.067,-2,-0.3,0
131.8363868,129,0,18.9,0,0,0.03,-0.018,-1.025,1.9,-0.9,0
131.8463868,128,0,18.9,0,0,0.03,-0.018,-1.025,1.9,-0.9,0
131.8563868,127,0,18.9,0,0,0.03,-0.018,-1.025,1.9,-0.9,0
131.8663868,129,0,18.9,0,0,0.03,-0.018,-1.025,1.9,-0.9,0
131.8763868,127,0,18.9,0,0,0.03,-0.018,-1.025,1.9,-0.9,0
131.8863868,133,-0.01,18.9,0,0,0.031,0.001,-0.937,2.7,-1,0
131.8963868,127,-0.01,18.9,0,0,0.031,0.001,-0.937,2.7,-1,0
131.9063868,123,-0.01,18.9,0,0,0.031,0.001,-0.937,2.7,-1,0
131.9163868,133,-0.01,18.9,0,0,0.031,0.001,-0.937,2.7,-1,0
131.9263868,133,-0.01,18.9,0,0,0.031,0.001,-0.937,2.7,-1,0
131.9363868,124,0,18.9,0,0,0.031,-0.008,-0.946,-1.5,0,0
131.9463868,129,0,18.9,0,0,0.031,-0.008,-0.946,-1.5,0,0
131.9563868,131,0,18.9,0,0,0.031,-0.008,-0.946,-1.5,0,0
131.9663868,124,0,18.9,0,0,0.031,-0.008,-0.946,-1.5,0,0
131.9763868,127,0,18.9,0,0,0.031,-0.008,-0.946,-1.5,0,0
131.9880586,129,0,18.9,0,0,0.023,-0.033,-1.112,-0.9,-0.3,0
131.9980586,127,0,18.9,0,0,0.023,-0.033,-1.112,-0.9,-0.3,0
132.0080586,131,0,18.9,0,0,0.023,-0.033,-1.112,-0.9,-0.3,0
132.0180586,128,0,18.9,0,0,0.023,-0.033,-1.112,-0.9,-0.3,0
132.0280586,125,0,18.9,0,0,0.023,-0.033,-1.112,-0.9,-0.3,0
132.0380586,129,-0.01,18.8,0,0,0.029,-0.011,-0.993,2.1,-1.6,0
132.0480586,132,-0.01,18.8,0,0,0.029,-0.011,-0.993,2.1,-1.6,0
132.0580586,128,-0.01,18.8,0,0,0.029,-0.011,-0.993,2.1,-1.6,0
132.0680586,127,-0.01,18.8,0,0,0.029,-0.011,-0.993,2.1,-1.6,0
132.0780586,128,-0.01,18.8,0,0,0.029,-0.011,-0.993,2.1,-1.6,0
132.0880586,128,0,18.8,0,0,0.03,-0.002,-0.933,0.1,-0.1,0
132.0980586,126,0,18.8,0,0,0.03,-0.002,-0.933,0.1,-0.1,0
132.1080586,127,0,18.8,0,0,0.03,-0.002,-0.933,0.1,-0.1,0
132.1180586,130,0,18.8,0,0,0.03,-0.002,-0.933,0.1,-0.1,0
132.1280586,129,0,18.8,0,0,0.03,-0.002,-0.933,0.1,-0.1,0
132.1380586,127,0,18.8,0,0,0.027,-0.016,-1.023,-1.9,0,0
132.1480586,127,0,18.8,0,0,0.027,-0.016,-1.023,-1.9,0,0
132.1580586,131,0,18.8,0,0,0.027,-0.016,-1.023,-1.9,0,0
132.1680586,128,0,18.8,0,0,0.027,-0.016,-1.023,-1.9,0,0
132.1780586,128,0,18.8,0,0,0.027,-0.016,-1.023,-1.9,0,0
132.1880586,127,0,18.9,0,0,0.029,-0.023,-1.039,1.2,-1.1,0
132.1980586,128,0,18.9,0,0,0.029,-0.023,-1.039,1.2,-1.1,0
132.2080586,127,0,18.9,0,0,0.029,-0.023,-1.039,1.2,-1.1,0
132.2180586,127,0,18.9,0,0,0.029,-0.023,-1.039,1.2,-1.1,0
132.2280586,130,0,18.9,0,0,0.029,-0.023,-1.039,1.2,-1.1,0
132.2380586,129,-0.01,18.8,0,0,0.031,-0.011,-1,3.1,-1,0
132.2480586,127,-0.01,18.8,0,0,0.031,-0.011,-1,3.1,-1,0
132.2580586,127,-0.01,18.8,0,0,0.031,-0.011,-1,3.1,-1,0
132.2680586,130,-0.01,18.8,0,0,0.031,-0.011,-1,3.1,-1,0
132.2780586,129,-0.01,18.8,0,0,0.031,-0.011,-1,3.1,-1,0
132.3057526,129,0,18.8,0,0,0.024,-0.038,-1.128,-1,-0.3,0
132.3157526,130,0,18.8,0,0,0.024,-0.038,-1.128,-1,-0.3,0
132.3257526,128,0,18.8,0,0,0.024,-0.038,-1.128,-1,-0.3,0
132.3357526,127,0,18.8,0,0,0.024,-0.038,-1.128,-1,-0.3,0
132.3457526,127,0,18.8,0,0,0.024,-0.038,-1.128,-1,-0.3,0
132.3557526,127,0,18.8,0,0,0.028,-0.013,-1.017,3,-1.7,0
132.3657526,129,0,18.8,0,0,0.028,-0.013,-1.017,3,-1.7,0
132.3757526,133,0,18.8,0,0,0.028,-0.013,-1.017,3,-1.7,0
132.3857526,127,0,18.8,0,0,0.028,-0.013,-1.017,3,-1.7,0
132.3957526,123,0,18.8,0,0,0.028,-0.013,-1.017,3,-1.7,0
132.4057526,133,0,18.8,0,0,0.034,0.002,-0.898,0.5,0,0
132.4157526,132,0,18.8,0,0,0.034,0.002,-0.898,0.5,0,0
132.4257526,124,0,18.8,0,0,0.034,0.002,-0.898,0.5,0,0
132.4357526,130,0,18.8,0,0,0.034,0.002,-0.898,0.5,0,0
132.4457526,131,0,18.8,0,0,0.034,0.002,-0.898,0.5,0,0
132.4557526,124,0,18.9,0,0,0.029,-0.01,-0.998,-1.5,0,0
132.4657526,127,0,18.9,0,0,0.029,-0.01,-0.998,-1.5,0,0
132.4757526,129,0,18.9,0,0,0.029,-0.01,-0.998,-1.5,0,0
132.4857526,132,0,18.9,0,0,0.029,-0.01,-0.998,-1.5,0,0
132.4957526,126,0,18.9,0,0,0.029,-0.01,-0.998,-1.5,0,0
132.5057526,125,0,18.8,0,0,0.028,-0.024,-1.051,0.7,-1.2,0
132.5157526,129,0,18.8,0,0,0.028,-0.024,-1.051,0.7,-1.2,0
132.5257526,132,0,18.8,0,0,0.028,-0.024,-1.051,0.7,-1.2,0
132.5357526,128,0,18.8,0,0,0.028,-0.024,-1.051,0.7,-1.2,0
132.5457526,127,0,18.8,0,0,0.028,-0.024,-1.051,0.7,-1.2,0
132.5557526,128,0.01,18.8,0,0,0.027,-0.014,-1.012,1.7,-1,0.1
132.5657526,128,0.01,18.8,0,0,0.027,-0.014,-1.012,1.7,-1,0.1
132.5757526,126,0.01,18.8,0,0,0.027,-0.014,-1.012,1.7,-1,0.1
132.5857526,127,0.01,18.8,0,0,0.027,-0.014,-1.012,1.7,-1,0.1
132.5957526,130,0.01,18.8,0,0,0.027,-0.014,-1.012,1.7,-1,0.1
132.6057526,130,0,18.8,0,0,0.031,-0.006,-0.948,-0.6,-0.4,0
132.6157526,127,0,18.8,0,0,0.031,-0.006,-0.948,-0.6,-0.4,0
132.6257526,127,0,18.8,0,0,0.031,-0.006,-0.948,-0.6,-0.4,0
132.6357526,128,0,18.8,0,0,0.031,-0.006,-0.948,-0.6,-0.4,0
132.6457526,129,0,18.8,0,0,0.031,-0.006,-0.948,-0.6,-0.4,0
132.6557526,130,0,18.8,0,0,0.027,-0.025,-1.061,-1.8,0.3,0
132.6657526,127,0,18.8,0,0,0.027,-0.025,-1.061,-1.8,0.3,0
132.6757526,127,0,18.8,0,0,0.027,-0.025,-1.061,-1.8,0.3,0
132.6857526,128,0,18.8,0,0,0.027,-0.025,-1.061,-1.8,0.3,0
132.6957526,127,0,18.8,0,0,0.027,-0.025,-1.061,-1.8,0.3,0
132.7057526,127,0.01,18.8,0,0,0.027,-0.014,-1.039,2.5,-1.5,0
132.7157526,131,0.01,18.8,0,0,0.027,-0.014,-1.039,2.5,-1.5,0
132.7257526,129,0.01,18.8,0,0,0.027,-0.014,-1.039,2.5,-1.5,0
132.7357526,126,0.01,18.8,0,0,0.027,-0.014,-1.039,2.5,-1.5,0
132.7457526,127,0.01,18.8,0,0,0.027,-0.014,-1.039,2.5,-1.5,0
132.7557526,130,-0.01,18.8,0,0,0.033,0.001,-0.905,2.1,-0.9,0
132.7657526,129,-0.01,18.8,0,0,0.033,0.001,-0.905,2.1,-0.9,0
132.7757526,129,-0.01,18.8,0,0,0.033,0.001,-0.905,2.1,-0.9,0
132.7857526,129,-0.01,18.8,0,0,0.033,0.001,-0.905,2.1,-0.9,0
132.7957526,128,-0.01,18.8,0,0,0.033,0.001,-0.905,2.1,-0.9,0
132.8057526,127,-0.01,18.8,0,0,0.03,-0.01,-0.978,-1.9,0.2,0
132.8157526,129,-0.01,18.8,0,0,0.03,-0.01,-0.978,-1.9,0.2,0
132.8257526,127,-0.01,18.8,0,0,0.03,-0.01,-0.978,-1.9,0.2,0
132.8357526,134,-0.01,18.8,0,0,0.03,-0.01,-0.978,-1.9,0.2,0
132.8457526,127,-0.01,18.8,0,0,0.03,-0.01,-0.978,-1.9,0.2,0
132.8557526,131,0.01,18.8,0,0,0.026,-0.017,-1.031,1.8,-0.8,0
132.8657526,124,0.01,18.8,0,0,0.026,-0.017,-1.031,1.8,-0.8,0
132.8757526,127,0.01,18.8,0,0,0.026,-0.017,-1.031,1.8,-0.8,0
132.8857526,129,0.01,18.8,0,0,0.026,-0.017,-1.031,1.8,-0.8,0
132.8957526,128,0.01,18.8,0,0,0.026,-0.017,-1.031,1.8,-0.8,0
132.9158648,131,0,18.8,0,0,0.031,0,-0.939,0.9,-0.7,0
132.9258648,128,0,18.8,0,0,0.031,0,-0.939,0.9,-0.7,0
132.9358648,124,0,18.8,0,0,0.031,0,-0.939,0.9,-0.7,0
132.9458648,129,0,18.8,0,0,0.031,0,-0.939,0.9,-0.7,0
132.9558648,132,0,18.8,0,0,0.031,0,-0.939,0.9,-0.7,0
132.9658648,128,0,18.9,0,0,0.031,-0.012,-0.982,-1.5,0.3,0
132.9758648,127,0,18.9,0,0,0.031,-0.012,-0.982,-1.5,0.3,0
132.9858648,128,0,18.9,0,0,0.031,-0.012,-0.982,-1.5,0.3,0
132.9958648,128,0,18.9,0,0,0.031,-0.012,-0.982,-1.5,0.3,0
133.0058648,126,0,18.9,0,0,0.031,-0.012,-0.982,-1.5,0.3,0
133.0373696,127,0.01,18.9,0,0,0.023,-0.025,-1.087,1.2,-1.2,0
133.0473696,130,0.01,18.9,0,0,0.023,-0.025,-1.087,1.2,-1.2,0
133.0573696,130,0.01,18.9,0,0,0.023,-0.025,-1.087,1.2,-1.2,0
133.0673696,127,0.01,18.9,0,0,0.023,-0.025,-1.087,1.2,-1.2,0
133.0773696,127,0.01,18.9,0,0,0.023,-0.025,-1.087,1.2,-1.2,0
133.0873696,132,0,18.9,0,0,0.03,-0.007,-0.96,2.2,-1.4,0
133.0973696,127,0,18.9,0,0,0.03,-0.007,-0.96,2.2,-1.4,0
133.1073696,128,0,18.9,0,0,0.03,-0.007,-0.96,2.2,-1.4,0
133.1173696,127,0,18.9,0,0,0.03,-0.007,-0.96,2.2,-1.4,0
133.1273696,128,0,18.9,0,0,0.03,-0.007,-0.96,2.2,-1.4,0
133.1373696,127,-0.01,18.9,0,0,0.031,-0.006,-0.954,-1,0.2,0
133.1473696,128,-0.01,18.9,0,0,0.031,-0.006,-0.954,-1,0.2,0
133.1573696,131,-0.01,18.9,0,0,0.031,-0.006,-0.954,-1,0.2,0
133.1673696,129,-0.01,18.9,0,0,0.031,-0.006,-0.954,-1,0.2,0
133.1773696,126,-0.01,18.9,0,0,0.031,-0.006,-0.954,-1,0.2,0
133.1973155,127,0,18.9,0,0,0.026,-0.024,-1.069,-2,-0.3,0
133.2073155,130,0,18.9,0,0,0.026,-0.024,-1.069,-2,-0.3,0
133.2173155,129,0,18.9,0,0,0.026,-0.024,-1.069,-2,-0.3,0
133.2273155,129,0,18.9,0,0,0.026,-0.024,-1.069,-2,-0.3,0
133.2373155,129,0,18.9,0,0,0.026,-0.024,-1.069,-2,-0.3,0
133.2473155,128,0,18.8,0,0,0.029,-0.018,-1.026,1.9,-0.9,0
133.2573155,127,0,18.8,0,0,0.029,-0.018,-1.026,1.9,-0.9,0
133.2673155,128,0,18.8,0,0,0.029,-0.018,-1.026,1.9,-0.9,0
133.2773155,128,0,18.8,0,0,0.029,-0.018,-1.026,1.9,-0.9,0
133.2873155,128,0,18.8,0,0,0.029,-0.018,-1.026,1.9,-0.9,0
133.2973155,133,0,18.9,0,0,0.032,0,-0.934,2.6,-1,0
133.3073155,127,0,18.9,0,0,0.032,0,-0.934,2.6,-1,0
133.3173155,123,0,18.9,0,0,0.032,0,-0.934,2.6,-1,0
133.3273155,133,0,18.9,0,0,0.032,0,-0.934,2.6,-1,0
133.3373155,132,0,18.9,0,0,0.032,0,-0.934,2.6,-1,0
133.3473155,124,0,18.9,0,0,0.031,-0.007,-0.947,-1.5,0,0
133.3573155,130,0,18.9,0,0,0.031,-0.007,-0.947,-1.5,0,0
133.3673155,131,0,18.9,0,0,0.031,-0.007,-0.947,-1.5,0,0
133.3773155,124,0,18.9,0,0,0.031,-0.007,-0.947,-1.5,0,0
133.3873155,127,0,18.9,0,0,0.031,-0.007,-0.947,-1.5,0,0
133.3973155,129,0,18.8,0,0,0.024,-0.034,-1.115,-0.8,-0.3,0
133.4073155,132,0,18.8,0,0,0.024,-0.034,-1.115,-0.8,-0.3,0
133.4173155,126,0,18.8,0,0,0.024,-0.034,-1.115,-0.8,-0.3,0
133.4273155,124,0,18.8,0,0,0.024,-0.034,-1.115,-0.8,-0.3,0
133.4373155,128,0,18.8,0,0,0.024,-0.034,-1.115,-0.8,-0.3,0
133.4473155,132,0,18.8,0,0,0.028,-0.012,-0.991,2.1,-1.6,0
133.4573155,128,0,18.8,0,0,0.028,-0.012,-0.991,2.1,-1.6,0
133.4673155,127,0,18.8,0,0,0.028,-0.012,-0.991,2.1,-1.6,0
133.4773155,128,0,18.8,0,0,0.028,-0.012,-0.991,2.1,-1.6,0
133.4873155,128,0,18.8,0,0,0.028,-0.012,-0.991,2.1,-1.6,0
133.4973155,126,-0.01,18.8,0,0,0.032,-0.002,-0.936,0,0,0
133.5073155,127,-0.01,18.8,0,0,0.032,-0.002,-0.936,0,0,0
133.5173155,130,-0.01,18.8,0,0,0.032,-0.002,-0.936,0,0,0
133.5273155,130,-0.01,18.8,0,0,0.032,-0.002,-0.936,0,0,0
133.5373155,127,-0.01,18.8,0,0,0.032,-0.002,-0.936,0,0,0
133.5473155,127,0,18.8,0,0,0.027,-0.018,-1.027,-1.8,0,0
133.5573155,128,0,18.8,0,0,0.027,-0.018,-1.027,-1.8,0,0
133.5673155,129,0,18.8,0,0,0.027,-0.018,-1.027,-1.8,0,0
133.5773155,130,0,18.8,0,0,0.027,-0.018,-1.027,-1.8,0,0
133.5873155,127,0,18.8,0,0,0.027,-0.018,-1.027,-1.8,0,0
133.5973155,127,0,18.9,0,0,0.031,-0.022,-1.032,1.3,-1.1,0
133.6073155,128,0,18.9,0,0,0.031,-0.022,-1.032,1.3,-1.1,0
133.6173155,126,0,18.9,0,0,0.031,-0.022,-1.032,1.3,-1.1,0
133.6273155,127,0,18.9,0,0,0.031,-0.022,-1.032,1.3,-1.1,0
133.6373155,131,0,18.9,0,0,0.031,-0.022,-1.032,1.3,-1.1,0
133.6473155,129,0,18.9,0,0,0.027,-0.008,-0.992,3,-1,0
133.6573155,126,0,18.9,0,0,0.027,-0.008,-0.992,3,-1,0
133.6673155,127,0,18.9,0,0,0.027,-0.008,-0.992,3,-1,0
133.6773155,130,0,18.9,0,0,0.027,-0.008,-0.992,3,-1,0
133.6873155,129,0,18.9,0,0,0.027,-0.008,-0.992,3,-1,0
133.6973155,129,-0.01,18.8,0,0,0.031,-0.004,-0.924,-1.2,-0.2,0
133.7073155,129,-0.01,18.8,0,0,0.031,-0.004,-0.924,-1.2,-0.2,0
133.7173155,129,-0.01,18.8,0,0,0.031,-0.004,-0.924,-1.2,-0.2,0
133.7273155,127,-0.01,18.8,0,0,0.031,-0.004,-0.924,-1.2,-0.2,0
133.7373155,129,-0.01,18.8,0,0,0.031,-0.004,-0.924,-1.2,-0.2,0
133.7473155,127,0.01,18.9,0,0,0.026,-0.028,-1.081,-2.7,0.4,0
133.7573155,132,0.01,18.9,0,0,0.026,-0.028,-1.081,-2.7,0.4,0
133.7673155,127,0.01,18.9,0,0,0.026,-0.028,-1.081,-2.7,0.4,0
133.7773155,124,0.01,18.9,0,0,0.026,-0.028,-1.081,-2.7,0.4,0
133.7873155,134,0.01,18.9,0,0,0.026,-0.028,-1.081,-2.7,0.4,0
133.802374,132,0,18.9,0,0,0.027,-0.014,-1.033,2.6,-1.8,0
133.812374,124,0,18.9,0,0,0.027,-0.014,-1.033,2.6,-1.8,0
133.822374,130,0,18.9,0,0,0.027,-0.014,-1.033,2.6,-1.8,0
133.832374,131,0,18.9,0,0,0.027,-0.014,-1.033,2.6,-1.8,0
133.842374,124,0,18.9,0,0,0.027,-0.014,-1.033,2.6,-1.8,0
133.852374,124,0,18.9,0,0,0.027,-0.013,-1.006,-1.5,0.1,0
133.862374,129,0,18.9,0,0,0.027,-0.013,-1.006,-1.5,0.1,0
133.872374,132,0,18.9,0,0,0.027,-0.013,-1.006,-1.5,0.1,0
133.882374,128,0,18.9,0,0,0.027,-0.013,-1.006,-1.5,0.1,0
133.892374,127,0,18.9,0,0,0.027,-0.013,-1.006,-1.5,0.1,0
133.902374,128,0,18.9,0,0,0.027,-0.027,-1.061,0.1,-1,0
133.912374,128,0,18.9,0,0,0.027,-0.027,-1.061,0.1,-1,0
133.922374,126,0,18.9,0,0,0.027,-0.027,-1.061,0.1,-1,0
133.932374,127,0,18.9,0,0,0.027,-0.027,-1.061,0.1,-1,0
133.942374,130,0,18.9,0,0,0.027,-0.027,-1.061,0.1,-1,0
133.952374,130,0,18.9,0,0,0.027,-0.015,-1.017,2.2,-0.9,0
133.962374,127,0,18.9,0,0,0.027,-0.015,-1.017,2.2,-0.9,0
133.972374,127,0,18.9,0,0,0.027,-0.015,-1.017,2.2,-0.9,0
133.982374,132,0,18.9,0,0,0.027,-0.015,-1.017,2.2,-0.9,0
133.992374,128,0,18.9,0,0,0.027,-0.015,-1.017,2.2,-0.9,0
134.002374,128,-0.01,18.9,0,0,0.031,0.001,-0.926,0,-0.7,0
134.012374,127,-0.01,18.9,0,0,0.031,0.001,-0.926,0,-0.7,0
134.022374,128,-0.01,18.9,0,0,0.031,0.001,-0.926,0,-0.7,0
134.032374,126,-0.01,18.9,0,0,0.031,0.001,-0.926,0,-0.7,0
134.042374,127,-0.01,18.9,0,0,0.031,0.001,-0.926,0,-0.7,0
134.0811053,131,0,18.9,0,0,0.03,-0.014,-0.993,-2.8,0.6,0
134.0911053,129,0,18.9,0,0,0.03,-0.014,-0.993,-2.8,0.6,0
134.1011053,126,0,18.9,0,0,0.03,-0.014,-0.993,-2.8,0.6,0
134.1111053,127,0,18.9,0,0,0.03,-0.014,-0.993,-2.8,0.6,0
134.1211053,130,0,18.9,0,0,0.03,-0.014,-0.993,-2.8,0.6,0
134.1311053,129,0,18.9,0,0,0.026,-0.026,-1.084,1.8,-1.4,0
134.1411053,129,0,18.9,0,0,0.026,-0.026,-1.084,1.8,-1.4,0
134.1511053,129,0,18.9,0,0,0.026,-0.026,-1.084,1.8,-1.4,0
134.1611053,128,0,18.9,0,0,0.026,-0.026,-1.084,1.8,-1.4,0
134.1711053,127,0,18.9,0,0,0.026,-0.026,-1.084,1.8,-1.4,0
134.1811053,127,0,18.9,0,0,0.031,-0.006,-0.957,2.9,-1.3,0
134.1911053,127,0,18.9,0,0,0.031,-0.006,-0.957,2.9,-1.3,0
134.2011053,129,0,18.9,0,0,0.031,-0.006,-0.957,2.9,-1.3,0
134.2111053,133,0,18.9,0,0,0.031,-0.006,-0.957,2.9,-1.3,0
134.2211053,127,0,18.9,0,0,0.031,-0.006,-0.957,2.9,-1.3,0
134.2311053,124,0,18.8,0,0,0.029,-0.005,-0.963,-1.5,0.4,0
134.2411053,134,0,18.8,0,0,0.029,-0.005,-0.963,-1.5,0.4,0
134.2511053,132,0,18.8,0,0,0.029,-0.005,-0.963,-1.5,0.4,0
134.2611053,124,0,18.8,0,0,0.029,-0.005,-0.963,-1.5,0.4,0
134.2711053,130,0,18.8,0,0,0.029,-0.005,-0.963,-1.5,0.4,0
134.2811053,131,0,18.8,0,0,0.026,-0.024,-1.052,-1.4,-0.6,0
134.2911053,124,0,18.8,0,0,0.026,-0.024,-1.052,-1.4,-0.6,0
134.3011053,127,0,18.8,0,0,0.026,-0.024,-1.052,-1.4,-0.6,0
134.3111053,128,0,18.8,0,0,0.026,-0.024,-1.052,-1.4,-0.6,0
134.3211053,132,0,18.8,0,0,0.026,-0.024,-1.052,-1.4,-0.6,0
134.3311053,127,0,18.9,0,0,0.031,-0.015,-1.012,1.7,-1,0
134.3411053,124,0,18.9,0,0,0.031,-0.015,-1.012,1.7,-1,0
134.3511053,128,0,18.9,0,0,0.031,-0.015,-1.012,1.7,-1,0
134.3611053,132,0,18.9,0,0,0.031,-0.015,-1.012,1.7,-1,0
134.3711053,128,0,18.9,0,0,0.031,-0.015,-1.012,1.7,-1,0
134.3864172,127,-0.01,18.8,0,0,0.03,-0.001,-0.951,1.2,-0.9,0
134.3964172,128,-0.01,18.8,0,0,0.03,-0.001,-0.951,1.2,-0.9,0
134.4064172,128,-0.01,18.8,0,0,0.03,-0.001,-0.951,1.2,-0.9,0
134.4164172,126,-0.01,18.8,0,0,0.03,-0.001,-0.951,1.2,-0.9,0
134.4264172,127,-0.01,18.8,0,0,0.03,-0.001,-0.951,1.2,-0.9,0
134.466347,130,0.01,18.9,0,0,0.024,-0.034,-1.119,0.4,-0.6,0.1
134.476347,130,0.01,18.9,0,0,0.024,-0.034,-1.119,0.4,-0.6,0.1
134.486347,127,0.01,18.9,0,0,0.024,-0.034,-1.119,0.4,-0.6,0.1
134.496347,127,0.01,18.9,0,0,0.024,-0.034,-1.119,0.4,-0.6,0.1
134.506347,128,0.01,18.9,0,0,0.024,-0.034,-1.119,0.4,-0.6,0.1
134.5303221,127,0,18.9,0,0,0.03,-0.011,-0.994,2.9,-1.5,0
134.5403221,127,0,18.9,0,0,0.03,-0.011,-0.994,2.9,-1.5,0
134.5503221,131,0,18.9,0,0,0.03,-0.011,-0.994,2.9,-1.5,0
134.5603221,130,0,18.9,0,0,0.03,-0.011,-0.994,2.9,-1.5,0
134.5703221,126,0,18.9,0,0,0.03,-0.011,-0.994,2.9,-1.5,0
134.5803221,127,0,18.9,0,0,0.033,0.002,-0.903,-0.4,0.1,0
134.5903221,130,0,18.9,0,0,0.033,0.002,-0.903,-0.4,0.1,0
134.6003221,130,0,18.9,0,0,0.033,0.002,-0.903,-0.4,0.1,0
134.6103221,129,0,18.9,0,0,0.033,0.002,-0.903,-0.4,0.1,0
134.6203221,129,0,18.9,0,0,0.033,0.002,-0.903,-0.4,0.1,0
134.6303221,129,0.01,18.9,0,0,0.027,-0.015,-1.025,-2.3,-0.1,0
134.6403221,125,0.01,18.9,0,0,0.027,-0.015,-1.025,-2.3,-0.1,0
134.6503221,127,0.01,18.9,0,0,0.027,-0.015,-1.025,-2.3,-0.1,0
134.6603221,129,0.01,18.9,0,0,0.027,-0.015,-1.025,-2.3,-0.1,0
134.6703221,134,0.01,18.9,0,0,0.027,-0.015,-1.025,-2.3,-0.1,0
134.6803221,127,0.01,18.8,0,0,0.027,-0.026,-1.056,1.2,-1.2,0
134.6903221,123,0.01,18.8,0,0,0.027,-0.026,-1.056,1.2,-1.2,0
134.7003221,134,0.01,18.8,0,0,0.027,-0.026,-1.056,1.2,-1.2,0
134.7103221,132,0.01,18.8,0,0,0.027,-0.026,-1.056,1.2,-1.2,0
134.7203221,123,0.01,18.8,0,0,0.027,-0.026,-1.056,1.2,-1.2,0
134.7303221,130,-0.01,18.9,0,0,0.029,-0.011,-1.002,2.3,-1,0
134.7403221,131,-0.01,18.9,0,0,0.029,-0.011,-1.002,2.3,-1,0
134.7503221,124,-0.01,18.9,0,0,0.029,-0.011,-1.002,2.3,-1,0
134.7603221,127,-0.01,18.9,0,0,0.029,-0.011,-1.002,2.3,-1,0
134.7703221,128,-0.01,18.9,0,0,0.029,-0.011,-1.002,2.3,-1,0
134.7803221,127,0,18.8,0,0,0.03,-0.006,-0.955,-0.5,-0.4,0
134.7903221,131,0,18.8,0,0,0.03,-0.006,-0.955,-0.5,-0.4,0
134.8003221,128,0,18.8,0,0,0.03,-0.006,-0.955,-0.5,-0.4,0
134.8103221,125,0,18.8,0,0,0.03,-0.006,-0.955,-0.5,-0.4,0
134.8203221,129,0,18.8,0,0,0.03,-0.006,-0.955,-0.5,-0.4,0
134.830577,132,0,18.8,0,0,0.026,-0.026,-1.072,-1,0.1,0
134.840577,128,0,18.8,0,0,0.026,-0.026,-1.072,-1,0.1,0
134.850577,126,0,18.8,0,0,0.026,-0.026,-1.072,-1,0.1,0
134.860577,128,0,18.8,0,0,0.026,-0.026,-1.072,-1,0.1,0
134.870577,128,0,18.8,0,0,0.026,-0.026,-1.072,-1,0.1,0
134.880577,126,0,18.9,0,0,0.028,-0.01,-1.003,2.2,-1.5,0
134.890577,127,0,18.9,0,0,0.028,-0.01,-1.003,2.2,-1.5,0
134.900577,130,0,18.9,0,0,0.028,-0.01,-1.003,2.2,-1.5,0
134.910577,128,0,18.9,0,0,0.028,-0.01,-1.003,2.2,-1.5,0
134.920577,129,0,18.9,0,0,0.028,-0.01,-1.003,2.2,-1.5,0
134.930577,125,-0.01,18.9,0,0,0.034,0,-0.907,0.7,-0.6,0
134.940577,129,-0.01,18.9,0,0,0.034,0,-0.907,0.7,-0.6,0
134.950577,130,-0.01,18.9,0,0,0.034,0,-0.907,0.7,-0.6,0
134.960577,128,-0.01,18.9,0,0,0.034,0,-0.907,0.7,-0.6,0
134.970577,127,-0.01,18.9,0,0,0.034,0,-0.907,0.7,-0.6,0
134.9893533,128,0,18.9,0,0,0.028,-0.011,-0.999,-1.9,0.1,0
134.9993533,126,0,18.9,0,0,0.028,-0.011,-0.999,-1.9,0.1,0
135.0093533,127,0,18.9,0,0,0.028,-0.011,-0.999,-1.9,0.1,0
135.0193533,131,0,18.9,0,0,0.028,-0.011,-0.999,-1.9,0.1,0
135.0293533,129,0,18.9,0,0,0.028,-0.011,-0.999,-1.9,0.1,0
135.0393533,126,0,18.9,0,0,0.025,-0.033,-1.089,0,-1,0
135.0493533,127,0,18.9,0,0,0.025,-0.033,-1.089,0,-1,0
135.0593533,130,0,18.9,0,0,0.025,-0.033,-1.089,0,-1,0
135.0693533,129,0,18.9,0,0,0.025,-0.033,-1.089,0,-1,0
135.0793533,130,0,18.9,0,0,0.025,-0.033,-1.089,0,-1,0
135.0893533,129,-0.01,18.9,0,0,0.027,-0.015,-1.034,2.7,-0.9,0.1
135.0993533,128,-0.01,18.9,0,0,0.027,-0.015,-1.034,2.7,-0.9,0.1
135.1093533,127,-0.01,18.9,0,0,0.027,-0.015,-1.034,2.7,-0.9,0.1
135.1193533,127,-0.01,18.9,0,0,0.027,-0.015,-1.034,2.7,-0.9,0.1
135.1293533,127,-0.01,18.9,0,0,0.027,-0.015,-1.034,2.7,-0.9,0.1
137.2313198,138,0.01,18.9,0,0,0.024,-0.037,-1.114,1.8,-0.6,0
137.2413198,139,0.01,18.9,0,0,0.024,-0.037,-1.114,1.8,-0.6,0
137.2513198,140,0.01,18.9,0,0,0.024,-0.037,-1.114,1.8,-0.6,0
137.2613198,141,0.01,18.9,0,0,0.024,-0.037,-1.114,1.8,-0.6,0
137.2713198,142,0.01,18.9,0,0,0.024,-0.037,-1.114,1.8,-0.6,0
137.2813198,140,0,18.8,0,0,0.029,-0.015,-1.008,4.2,-0.4,0.1
137.2913198,141,0,18.8,0,0,0.029,-0.015,-1.008,4.2,-0.4,0.1
137.3013198,136,0,18.8,0,0,0.029,-0.015,-1.008,4.2,-0.4,0.1
137.3113198,140,0,18.8,0,0,0.029,-0.015,-1.008,4.2,-0.4,0.1
137.3213198,141,0,18.8,0,0,0.029,-0.015,-1.008,4.2,-0.4,0.1
137.3313198,143,-0.01,18.9,0,0,0.032,0.006,-0.908,1.4,-0.8,0
137.3413198,139,-0.01,18.9,0,0,0.032,0.006,-0.908,1.4,-0.8,0
137.3513198,139,-0.01,18.9,0,0,0.032,0.006,-0.908,1.4,-0.8,0
137.3613198,140,-0.01,18.9,0,0,0.032,0.006,-0.908,1.4,-0.8,0
137.3713198,139,-0.01,18.9,0,0,0.032,0.006,-0.908,1.4,-0.8,0
137.3915635,141,-0.01,18.8,0,0,0.033,0.011,-0.878,-1.7,-0.7,0
137.4015635,145,-0.01,18.8,0,0,0.033,0.011,-0.878,-1.7,-0.7,0
137.4115635,138,-0.01,18.8,0,0,0.033,0.011,-0.878,-1.7,-0.7,0
137.4215635,138,-0.01,18.8,0,0,0.033,0.011,-0.878,-1.7,-0.7,0
137.4315635,145,-0.01,18.8,0,0,0.033,0.011,-0.878,-1.7,-0.7,0
137.4415635,139,0,18.9,0,0,0.028,-0.021,-1.019,-3.3,-0.6,0
137.4515635,144,0,18.9,0,0,0.028,-0.021,-1.019,-3.3,-0.6,0
137.4615635,139,0,18.9,0,0,0.028,-0.021,-1.019,-3.3,-0.6,0
137.4715635,136,0,18.9,0,0,0.028,-0.021,-1.019,-3.3,-0.6,0
137.4815635,141,0,18.9,0,0,0.028,-0.021,-1.019,-3.3,-0.6,0
137.5348515,143,0,18.9,0,0,0.025,-0.039,-1.1,-1,-0.2,0
137.5448515,139,0,18.9,0,0,0.025,-0.039,-1.1,-1,-0.2,0
137.5548515,138,0,18.9,0,0,0.025,-0.039,-1.1,-1,-0.2,0
137.5648515,142,0,18.9,0,0,0.025,-0.039,-1.1,-1,-0.2,0
137.5748515,136,0,18.9,0,0,0.025,-0.039,-1.1,-1,-0.2,0
137.5848515,139,0,18.9,0,0,0.03,-0.011,-1.009,4.7,-0.8,0.1
137.5948515,141,0,18.9,0,0,0.03,-0.011,-1.009,4.7,-0.8,0.1
137.6048515,144,0,18.9,0,0,0.03,-0.011,-1.009,4.7,-0.8,0.1
137.6148515,137,0,18.9,0,0,0.03,-0.011,-1.009,4.7,-0.8,0.1
137.6248515,139,0,18.9,0,0,0.03,-0.011,-1.009,4.7,-0.8,0.1
137.6768839,139,-0.01,18.8,0,0,0.029,0.001,-0.948,3.8,-0.7,0
137.6868839,140,-0.01,18.8,0,0,0.029,0.001,-0.948,3.8,-0.7,0
137.6968839,141,-0.01,18.8,0,0,0.029,0.001,-0.948,3.8,-0.7,0
137.7068839,141,-0.01,18.8,0,0,0.029,0.001,-0.948,3.8,-0.7,0
137.7168839,138,-0.01,18.8,0,0,0.029,0.001,-0.948,3.8,-0.7,0
137.7576055,139,-0.01,18.8,0,0,0.035,0.008,-0.883,-2,-0.4,0
137.7676055,139,-0.01,18.8,0,0,0.035,0.008,-0.883,-2,-0.4,0
137.7776055,139,-0.01,18.8,0,0,0.035,0.008,-0.883,-2,-0.4,0
137.7876055,140,-0.01,18.8,0,0,0.035,0.008,-0.883,-2,-0.4,0
137.7976055,138,-0.01,18.8,0,0,0.035,0.008,-0.883,-2,-0.4,0
137.8378344,141,0,18.8,0,0,0.027,-0.017,-0.996,-4.5,-0.6,0
137.8478344,145,0,18.8,0,0,0.027,-0.017,-0.996,-4.5,-0.6,0
137.8578344,144,0,18.8,0,0,0.027,-0.017,-0.996,-4.5,-0.6,0
137.8678344,135,0,18.8,0,0,0.027,-0.017,-0.996,-4.5,-0.6,0
137.8778344,142,0,18.8,0,0,0.027,-0.017,-0.996,-4.5,-0.6,0
137.8878344,140,0,18.8,0,0,0.025,-0.035,-1.099,-0.9,-0.4,0
137.8978344,136,0,18.8,0,0,0.025,-0.035,-1.099,-0.9,-0.4,0
137.9078344,140,0,18.8,0,0,0.025,-0.035,-1.099,-0.9,-0.4,0
137.9178344,143,0,18.8,0,0,0.025,-0.035,-1.099,-0.9,-0.4,0
137.9278344,139,0,18.8,0,0,0.025,-0.035,-1.099,-0.9,-0.4,0
137.9810295,135,0,18.9,0,0,0.026,-0.032,-1.079,2.2,-0.6,0
137.9910295,142,0,18.9,0,0,0.026,-0.032,-1.079,2.2,-0.6,0
138.0010295,139,0,18.9,0,0,0.026,-0.032,-1.079,2.2,-0.6,0
138.0110295,140,0,18.9,0,0,0.026,-0.032,-1.079,2.2,-0.6,0
138.0210295,142,0,18.9,0,0,0.026,-0.032,-1.079,2.2,-0.6,0
138.0310295,140,0,18.8,0,0,0.03,-0.002,-0.969,3.1,-0.4,0
138.0410295,138,0,18.8,0,0,0.03,-0.002,-0.969,3.1,-0.4,0
138.0510295,140,0,18.8,0,0,0.03,-0.002,-0.969,3.1,-0.4,0
138.0610295,139,0,18.8,0,0,0.03,-0.002,-0.969,3.1,-0.4,0
138.0710295,139,0,18.8,0,0,0.03,-0.002,-0.969,3.1,-0.4,0
138.1334248,141,-0.01,18.8,0,0,0.031,0.005,-0.899,1.4,-0.9,0
138.1434248,141,-0.01,18.8,0,0,0.031,0.005,-0.899,1.4,-0.9,0
138.1534248,141,-0.01,18.8,0,0,0.031,0.005,-0.899,1.4,-0.9,0
138.1634248,138,-0.01,18.8,0,0,0.031,0.005,-0.899,1.4,-0.9,0
138.1734248,141,-0.01,18.8,0,0,0.031,0.005,-0.899,1.4,-0.9,0
138.2147739,139,0,18.9,0,0,0.029,-0.014,-0.989,-4.2,-0.7,0
138.2247739,146,0,18.9,0,0,0.029,-0.014,-0.989,-4.2,-0.7,0
138.2347739,138,0,18.9,0,0,0.029,-0.014,-0.989,-4.2,-0.7,0
138.2447739,135,0,18.9,0,0,0.029,-0.014,-0.989,-4.2,-0.7,0
138.2547739,146,0,18.9,0,0,0.029,-0.014,-0.989,-4.2,-0.7,0
138.2742295,144,0,18.9,0,0,0.026,-0.027,-1.049,-3.2,-0.5,0
138.2842295,135,0,18.9,0,0,0.026,-0.027,-1.049,-3.2,-0.5,0
138.2942295,142,0,18.9,0,0,0.026,-0.027,-1.049,-3.2,-0.5,0
138.3042295,143,0,18.9,0,0,0.026,-0.027,-1.049,-3.2,-0.5,0
138.3142295,136,0,18.9,0,0,0.026,-0.027,-1.049,-3.2,-0.5,0
138.3242295,141,0,18.9,0,0,0.033,0.006,-0.9,1.1,-0.7,0
138.3342295,140,0,18.9,0,0,0.033,0.006,-0.9,1.1,-0.7,0
138.3442295,142,0,18.9,0,0,0.033,0.006,-0.9,1.1,-0.7,0
138.3542295,139,0,18.9,0,0,0.033,0.006,-0.9,1.1,-0.7,0
138.3642295,140,0,18.9,0,0,0.033,0.006,-0.9,1.1,-0.7,0
138.4674231,138,-0.01,18.8,0,0,0.033,0.006,-0.9,-1.6,-0.5,0
138.4774231,139,-0.01,18.8,0,0,0.033,0.006,-0.9,-1.6,-0.5,0
138.4874231,142,-0.01,18.8,0,0,0.033,0.006,-0.9,-1.6,-0.5,0
138.4974231,141,-0.01,18.8,0,0,0.033,0.006,-0.9,-1.6,-0.5,0
138.5074231,138,-0.01,18.8,0,0,0.033,0.006,-0.9,-1.6,-0.5,0
138.5174231,139,-0.01,18.9,0,0,0.026,-0.028,-1.07,-2.6,-0.8,0
138.5274231,139,-0.01,18.9,0,0,0.026,-0.028,-1.07,-2.6,-0.8,0
138.5374231,140,-0.01,18.9,0,0,0.026,-0.028,-1.07,-2.6,-0.8,0
138.5474231,144,-0.01,18.9,0,0,0.026,-0.028,-1.07,-2.6,-0.8,0
138.5574231,137,-0.01,18.9,0,0,0.026,-0.028,-1.07,-2.6,-0.8,0
138.5799838,139,0,18.8,0,0,0.024,-0.04,-1.119,-0.1,-0.6,0
138.5899838,140,0,18.8,0,0,0.024,-0.04,-1.119,-0.1,-0.6,0
138.5999838,140,0,18.8,0,0,0.024,-0.04,-1.119,-0.1,-0.6,0
138.6099838,141,0,18.8,0,0,0.024,-0.04,-1.119,-0.1,-0.6,0
138.6199838,142,0,18.8,0,0,0.024,-0.04,-1.119,-0.1,-0.6,0
138.6299838,139,0.01,18.8,0,0,0.031,-0.005,-0.994,5,-0.4,0.1
138.6399838,135,0.01,18.8,0,0,0.031,-0.005,-0.994,5,-0.4,0.1
138.6499838,145,0.01,18.8,0,0,0.031,-0.005,-0.994,5,-0.4,0.1
138.6599838,143,0.01,18.8,0,0,0.031,-0.005,-0.994,5,-0.4,0.1
138.6699838,143,0.01,18.8,0,0,0.031,-0.005,-0.994,5,-0.4,0.1
138.7411194,139,0,18.8,0,0,0.029,-0.001,-0.958,3,-0.2,0
138.7511194,135,0,18.8,0,0,0.029,-0.001,-0.958,3,-0.2,0
138.7611194,139,0,18.8,0,0,0.029,-0.001,-0.958,3,-0.2,0
138.7711194,140,0,18.8,0,0,0.029,-0.001,-0.958,3,-0.2,0
138.7811194,138,0,18.8,0,0,0.029,-0.001,-0.958,3,-0.2,0
139.0485681,142,-0.01,18.8,0,0,0.028,-0.011,-0.978,-3.4,-0.6,-0.1
139.0585681,139,-0.01,18.8,0,0,0.028,-0.011,-0.978,-3.4,-0.6,-0.1
139.0685681,140,-0.01,18.8,0,0,0.028,-0.011,-0.978,-3.4,-0.6,-0.1
139.0785681,138,-0.01,18.8,0,0,0.028,-0.011,-0.978,-3.4,-0.6,-0.1
139.0885681,142,-0.01,18.8,0,0,0.028,-0.011,-0.978,-3.4,-0.6,-0.1
139.0985681,142,0,18.9,0,0,0.025,-0.028,-1.059,-2.8,-0.3,0
139.1085681,139,0,18.9,0,0,0.025,-0.028,-1.059,-2.8,-0.3,0
139.1185681,139,0,18.9,0,0,0.025,-0.028,-1.059,-2.8,-0.3,0
139.1285681,140,0,18.9,0,0,0.025,-0.028,-1.059,-2.8,-0.3,0
139.1385681,138,0,18.9,0,0,0.025,-0.028,-1.059,-2.8,-0.3,0
139.1485681,138,0,18.9,0,0,0.024,-0.043,-1.126,-0.4,-0.2,0
139.1585681,144,0,18.9,0,0,0.024,-0.043,-1.126,-0.4,-0.2,0
139.1685681,138,0,18.9,0,0,0.024,-0.043,-1.126,-0.4,-0.2,0
139.1785681,139,0,18.9,0,0,0.024,-0.043,-1.126,-0.4,-0.2,0
139.1885681,141,0,18.9,0,0,0.024,-0.043,-1.126,-0.4,-0.2,0
139.1985681,141,0,18.9,0,0,0.024,-0.031,-1.104,3.9,-0.8,0.1
139.2085681,141,0,18.9,0,0,0.024,-0.031,-1.104,3.9,-0.8,0.1
139.2185681,141,0,18.9,0,0,0.024,-0.031,-1.104,3.9,-0.8,0.1
139.2285681,141,0,18.9,0,0,0.024,-0.031,-1.104,3.9,-0.8,0.1
139.2385681,137,0,18.9,0,0,0.024,-0.031,-1.104,3.9,-0.8,0.1
139.2485681,139,0,18.9,0,0,0.033,0.006,-0.892,0.6,-0.7,0
139.2585681,141,0,18.9,0,0,0.033,0.006,-0.892,0.6,-0.7,0
139.2685681,139,0,18.9,0,0,0.033,0.006,-0.892,0.6,-0.7,0
139.2785681,142,0,18.9,0,0,0.033,0.006,-0.892,0.6,-0.7,0
139.2885681,139,0,18.9,0,0,0.033,0.006,-0.892,0.6,-0.7,0
139.2985681,135,0,18.8,0,0,0.032,0.003,-0.907,-2.5,-0.4,0
139.3085681,144,0,18.8,0,0,0.032,0.003,-0.907,-2.5,-0.4,0
139.3185681,140,0,18.8,0,0,0.032,0.003,-0.907,-2.5,-0.4,0
139.3285681,139,0,18.8,0,0,0.032,0.003,-0.907,-2.5,-0.4,0
139.3385681,140,0,18.8,0,0,0.032,0.003,-0.907,-2.5,-0.4,0
139.3485681,139,-0.01,18.9,0,0,0.027,-0.02,-1.017,-3.4,-0.6,0
139.3585681,138,-0.01,18.9,0,0,0.027,-0.02,-1.017,-3.4,-0.6,0
139.3685681,139,-0.01,18.9,0,0,0.027,-0.02,-1.017,-3.4,-0.6,0
139.3785681,144,-0.01,18.9,0,0,0.027,-0.02,-1.017,-3.4,-0.6,0
139.3885681,137,-0.01,18.9,0,0,0.027,-0.02,-1.017,-3.4,-0.6,0
139.3985681,138,0,18.8,0,0,0.026,-0.029,-1.07,-2.7,-0.6,0
139.4085681,139,0,18.8,0,0,0.026,-0.029,-1.07,-2.7,-0.6,0
139.4185681,141,0,18.8,0,0,0.026,-0.029,-1.07,-2.7,-0.6,0
139.4285681,142,0,18.8,0,0,0.026,-0.029,-1.07,-2.7,-0.6,0
139.4385681,140,0,18.8,0,0,0.026,-0.029,-1.07,-2.7,-0.6,0
139.4485681,139,0,18.8,0,0,0.023,-0.039,-1.104,0.5,-0.6,0
139.4585681,139,0,18.8,0,0,0.023,-0.039,-1.104,0.5,-0.6,0
139.4685681,142,0,18.8,0,0,0.023,-0.039,-1.104,0.5,-0.6,0
139.4785681,139,0,18.8,0,0,0.023,-0.039,-1.104,0.5,-0.6,0
139.4885681,141,0,18.8,0,0,0.023,-0.039,-1.104,0.5,-0.6,0
139.4985681,138,0.01,18.8,0,0,0.026,-0.026,-1.071,3.6,-0.7,0.1
139.5085681,139,0.01,18.8,0,0,0.026,-0.026,-1.071,3.6,-0.7,0.1
139.5185681,141,0.01,18.8,0,0,0.026,-0.026,-1.071,3.6,-0.7,0.1
139.5285681,140,0.01,18.8,0,0,0.026,-0.026,-1.071,3.6,-0.7,0.1
139.5385681,140,0.01,18.8,0,0,0.026,-0.026,-1.071,3.6,-0.7,0.1
139.5485681,138,0.01,18.8,0,0,0.03,0,-0.971,4.4,-0.2,0
139.5585681,142,0.01,18.8,0,0,0.03,0,-0.971,4.4,-0.2,0
139.5685681,140,0.01,18.8,0,0,0.03,0,-0.971,4.4,-0.2,0
139.5785681,139,0.01,18.8,0,0,0.03,0,-0.971,4.4,-0.2,0
139.5885681,140,0.01,18.8,0,0,0.03,0,-0.971,4.4,-0.2,0
139.5985681,144,0,18.8,0,0,0.03,-0.001,-0.939,3.4,-0.5,0
139.6085681,139,0,18.8,0,0,0.03,-0.001,-0.939,3.4,-0.5,0
139.6185681,135,0,18.8,0,0,0.03,-0.001,-0.939,3.4,-0.5,0
139.6285681,146,0,18.8,0,0,0.03,-0.001,-0.939,3.4,-0.5,0
139.6385681,139,0,18.8,0,0,0.03,-0.001,-0.939,3.4,-0.5,0
139.6485681,141,0,18.9,0,0,0.033,0.008,-0.901,0.2,-0.9,0
139.6585681,143,0,18.9,0,0,0.033,0.008,-0.901,0.2,-0.9,0
139.6685681,136,0,18.9,0,0,0.033,0.008,-0.901,0.2,-0.9,0
139.6785681,139,0,18.9,0,0,0.033,0.008,-0.901,0.2,-0.9,0
139.6885681,141,0,18.9,0,0,0.033,0.008,-0.901,0.2,-0.9,0
139.6985681,139,-0.01,18.9,0,0,0.032,0.002,-0.915,-2.2,-0.9,0
139.7085681,137,-0.01,18.9,0,0,0.032,0.002,-0.915,-2.2,-0.9,0
139.7185681,140,-0.01,18.9,0,0,0.032,0.002,-0.915,-2.2,-0.9,0
139.7285681,140,-0.01,18.9,0,0,0.032,0.002,-0.915,-2.2,-0.9,0
139.7385681,143,-0.01,18.9,0,0,0.032,0.002,-0.915,-2.2,-0.9,0
139.7485681,140,-0.01,18.8,0,0,0.028,-0.017,-1.002,-3.5,-0.7,0
139.7585681,139,-0.01,18.8,0,0,0.028,-0.017,-1.002,-3.5,-0.7,0
139.7685681,140,-0.01,18.8,0,0,0.028,-0.017,-1.002,-3.5,-0.7,0
139.7785681,139,-0.01,18.8,0,0,0.028,-0.017,-1.002,-3.5,-0.7,0
139.7885681,140,-0.01,18.8,0,0,0.028,-0.017,-1.002,-3.5,-0.7,0
139.7985681,138,0,18.8,0,0,0.027,-0.027,-1.045,-2.6,-0.3,0
139.8085681,141,0,18.8,0,0,0.027,-0.027,-1.045,-2.6,-0.3,0
139.8185681,138,0,18.8,0,0,0.027,-0.027,-1.045,-2.6,-0.3,0
139.8285681,140,0,18.8,0,0,0.027,-0.027,-1.045,-2.6,-0.3,0
139.8385681,140,0,18.8,0,0,0.027,-0.027,-1.045,-2.6,-0.3,0
139.8485681,141,0.01,18.9,0,0,0.023,-0.044,-1.134,0.5,-0.4,0
139.8585681,142,0.01,18.9,0,0,0.023,-0.044,-1.134,0.5,-0.4,0
139.8685681,140,0.01,18.9,0,0,0.023,-0.044,-1.134,0.5,-0.4,0
139.8785681,141,0.01,18.9,0,0,0.023,-0.044,-1.134,0.5,-0.4,0
139.8885681,137,0.01,18.9,0,0,0.023,-0.044,-1.134,0.5,-0.4,0
139.8985681,139,0.01,18.9,0,0,0.025,-0.028,-1.087,3.5,-0.7,0
139.9085681,141,0.01,18.9,0,0,0.025,-0.028,-1.087,3.5,-0.7,0
139.9185681,141,0.01,18.9,0,0,0.025,-0.028,-1.087,3.5,-0.7,0
139.9285681,138,0.01,18.9,0,0,0.025,-0.028,-1.087,3.5,-0.7,0
139.9385681,139,0.01,18.9,0,0,0.025,-0.028,-1.087,3.5,-0.7,0
139.9485681,141,0,18.8,0,0,0.029,0.002,-0.956,5,-0.6,0.1
139.9585681,140,0,18.8,0,0,0.029,0.002,-0.956,5,-0.6,0.1
139.9685681,143,0,18.8,0,0,0.029,0.002,-0.956,5,-0.6,0.1
139.9785681,138,0,18.8,0,0,0.029,0.002,-0.956,5,-0.6,0.1
139.9885681,139,0,18.8,0,0,0.029,0.002,-0.956,5,-0.6,0.1
139.9985681,140,0,18.9,0,0,0.031,0.003,-0.913,2.9,-0.6,0
140.0085681,139,0,18.9,0,0,0.031,0.003,-0.913,2.9,-0.6,0
140.0185681,140,0,18.9,0,0,0.031,0.003,-0.913,2.9,-0.6,0
140.0285681,145,0,18.9,0,0,0.031,0.003,-0.913,2.9,-0.6,0
140.0385681,139,0,18.9,0,0,0.031,0.003,-0.913,2.9,-0.6,0
140.0485681,138,0,18.8,0,0,0.034,0.011,-0.869,-0.4,-0.5,0
140.0585681,146,0,18.8,0,0,0.034,0.011,-0.869,-0.4,-0.5,0
140.0685681,135,0,18.8,0,0,0.034,0.011,-0.869,-0.4,-0.5,0
140.0785681,142,0,18.8,0,0,0.034,0.011,-0.869,-0.4,-0.5,0
140.0885681,143,0,18.8,0,0,0.034,0.011,-0.869,-0.4,-0.5,0
140.0985681,136,-0.01,18.8,0,0,0.031,-0.004,-0.939,-2.7,-0.6,0
140.1085681,139,-0.01,18.8,0,0,0.031,-0.004,-0.939,-2.7,-0.6,0
140.1185681,141,-0.01,18.8,0,0,0.031,-0.004,-0.939,-2.7,-0.6,0
140.1285681,144,-0.01,18.8,0,0,0.031,-0.004,-0.939,-2.7,-0.6,0
140.1385681,137,-0.01,18.8,0,0,0.031,-0.004,-0.939,-2.7,-0.6,0
140.1485681,136,0,18.8,0,0,0.027,-0.022,-1.028,-3.9,-0.6,0
140.1585681,140,0,18.8,0,0,0.027,-0.022,-1.028,-3.9,-0.6,0
140.1685681,143,0,18.8,0,0,0.027,-0.022,-1.028,-3.9,-0.6,0
140.1785681,140,0,18.8,0,0,0.027,-0.022,-1.028,-3.9,-0.6,0
140.1885681,139,0,18.8,0,0,0.027,-0.022,-1.028,-3.9,-0.6,0
140.1985681,140,0,18.9,0,0,0.025,-0.028,-1.068,-1.8,-0.7,0
140.2085681,135,0,18.9,0,0,0.025,-0.028,-1.068,-1.8,-0.7,0
140.2185681,141,0,18.9,0,0,0.025,-0.028,-1.068,-1.8,-0.7,0
140.2285681,141,0,18.9,0,0,0.025,-0.028,-1.068,-1.8,-0.7,0
140.2385681,141,0,18.9,0,0,0.025,-0.028,-1.068,-1.8,-0.7,0
140.2485681,139,0,18.9,0,0,0.024,-0.039,-1.115,0.6,-0.5,0.1
140.2585681,139,0,18.9,0,0,0.024,-0.039,-1.115,0.6,-0.5,0.1
140.2685681,140,0,18.9,0,0,0.024,-0.039,-1.115,0.6,-0.5,0.1
140.2785681,141,0,18.9,0,0,0.024,-0.039,-1.115,0.6,-0.5,0.1
140.2885681,143,0,18.9,0,0,0.024,-0.039,-1.115,0.6,-0.5,0.1
140.2985681,138,0,18.8,0,0,0.029,-0.021,-1.036,3.5,-0.6,0.1
140.3085681,140,0,18.8,0,0,0.029,-0.021,-1.036,3.5,-0.6,0.1
140.3185681,138,0,18.8,0,0,0.029,-0.021,-1.036,3.5,-0.6,0.1
140.3285681,139,0,18.8,0,0,0.029,-0.021,-1.036,3.5,-0.6,0.1
140.3385681,142,0,18.8,0,0,0.029,-0.021,-1.036,3.5,-0.6,0.1
140.3485681,140,0,18.9,0,0,0.029,-0.001,-0.974,4.5,-0.3,0
140.3585681,138,0,18.9,0,0,0.029,-0.001,-0.974,4.5,-0.3,0
140.3685681,139,0,18.9,0,0,0.029,-0.001,-0.974,4.5,-0.3,0
140.3785681,144,0,18.9,0,0,0.029,-0.001,-0.974,4.5,-0.3,0
140.3885681,140,0,18.9,0,0,0.029,-0.001,-0.974,4.5,-0.3,0
140.3985681,141,-0.01,18.9,0,0,0.03,0,-0.939,2.3,-0.6,0
140.4085681,139,-0.01,18.9,0,0,0.03,0,-0.939,2.3,-0.6,0
140.4185681,139,-0.01,18.9,0,0,0.03,0,-0.939,2.3,-0.6,0
140.4285681,140,-0.01,18.9,0,0,0.03,0,-0.939,2.3,-0.6,0
140.4385681,139,-0.01,18.9,0,0,0.03,0,-0.939,2.3,-0.6,0
140.4485681,141,-0.01,18.9,0,0,0.034,0.012,-0.871,-0.3,-0.9,0
140.4585681,140,-0.01,18.9,0,0,0.034,0.012,-0.871,-0.3,-0.9,0
140.4685681,140,-0.01,18.9,0,0,0.034,0.012,-0.871,-0.3,-0.9,0
140.4785681,143,-0.01,18.9,0,0,0.034,0.012,-0.871,-0.3,-0.9,0
140.4885681,144,-0.01,18.9,0,0,0.034,0.012,-0.871,-0.3,-0.9,0
140.4985681,135,-0.01,18.8,0,0,0.032,-0.003,-0.939,-3.2,-0.7,-0.1
140.5085681,142,-0.01,18.8,0,0,0.032,-0.003,-0.939,-3.2,-0.7,-0.1
140.5185681,143,-0.01,18.8,0,0,0.032,-0.003,-0.939,-3.2,-0.7,-0.1
140.5285681,136,-0.01,18.8,0,0,0.032,-0.003,-0.939,-3.2,-0.7,-0.1
140.5385681,140,-0.01,18.8,0,0,0.032,-0.003,-0.939,-3.2,-0.7,-0.1
140.548568099999,139,0,18.8,0,0,0.027,-0.018,-1.002,-3.5,-0.8,0
140.558568099999,142,0,18.8,0,0,0.027,-0.018,-1.002,-3.5,-0.8,0
140.5685681,139,0,18.8,0,0,0.027,-0.018,-1.002,-3.5,-0.8,0
140.5785681,136,0,18.8,0,0,0.027,-0.018,-1.002,-3.5,-0.8,0
140.588568099999,140,0,18.8,0,0,0.027,-0.018,-1.002,-3.5,-0.8,0
140.598568099999,143,0,18.9,0,0,0.026,-0.033,-1.075,-1.9,-0.3,0
140.608568099999,140,0,18.9,0,0,0.026,-0.033,-1.075,-1.9,-0.3,0
140.618568099999,137,0,18.9,0,0,0.026,-0.033,-1.075,-1.9,-0.3,0
140.628568099999,142,0,18.9,0,0,0.026,-0.033,-1.075,-1.9,-0.3,0
140.638568099999,137,0,18.9,0,0,0.026,-0.033,-1.075,-1.9,-0.3,0
140.648568099999,139,0.01,18.9,0,0,0.023,-0.044,-1.132,0.6,-0.2,0
140.658568099999,141,0.01,18.9,0,0,0.023,-0.044,-1.132,0.6,-0.2,0
140.668568099999,141,0.01,18.9,0,0,0.023,-0.044,-1.132,0.6,-0.2,0
140.678568099999,139,0.01,18.9,0,0,0.023,-0.044,-1.132,0.6,-0.2,0
140.688568099999,138,0.01,18.9,0,0,0.023,-0.044,-1.132,0.6,-0.2,0
140.698568099999,139,0,18.8,0,0,0.026,-0.02,-1.047,4.3,-0.8,0.1
140.708568099999,139,0,18.8,0,0,0.026,-0.02,-1.047,4.3,-0.8,0.1
140.718568099999,144,0,18.8,0,0,0.026,-0.02,-1.047,4.3,-0.8,0.1
140.728568099999,139,0,18.8,0,0,0.026,-0.02,-1.047,4.3,-0.8,0.1
140.738568099999,140,0,18.8,0,0,0.026,-0.02,-1.047,4.3,-0.8,0.1
140.748568099999,139,0,18.9,0,0,0.029,0,-0.96,4.3,-0.6,0
140.758568099999,139,0,18.9,0,0,0.029,0,-0.96,4.3,-0.6,0
140.768568099999,141,0,18.9,0,0,0.029,0,-0.96,4.3,-0.6,0
140.778568099999,140,0,18.9,0,0,0.029,0,-0.96,4.3,-0.6,0
140.788568099999,139,0,18.9,0,0,0.029,0,-0.96,4.3,-0.6,0
140.798568099999,137,-0.01,18.9,0,0,0.032,0.005,-0.899,2.2,-0.7,0
140.808568099999,143,-0.01,18.9,0,0,0.032,0.005,-0.899,2.2,-0.7,0
140.818568099999,141,-0.01,18.9,0,0,0.032,0.005,-0.899,2.2,-0.7,0
140.828568099999,141,-0.01,18.9,0,0,0.032,0.005,-0.899,2.2,-0.7,0
140.838568099999,140,-0.01,18.9,0,0,0.032,0.005,-0.899,2.2,-0.7,0
140.848568099999,139,-0.01,18.9,0,0,0.034,0.011,-0.868,-1.2,-0.6,0
140.858568099999,140,-0.01,18.9,0,0,0.034,0.011,-0.868,-1.2,-0.6,0
140.868568099999,139,-0.01,18.9,0,0,0.034,0.011,-0.868,-1.2,-0.6,0
140.878568099999,146,-0.01,18.9,0,0,0.034,0.011,-0.868,-1.2,-0.6,0
140.888568099999,138,-0.01,18.9,0,0,0.034,0.011,-0.868,-1.2,-0.6,0
140.898568099999,135,0,18.8,0,0,0.029,-0.008,-0.966,-4.2,-0.4,0
140.908568099999,145,0,18.8,0,0,0.029,-0.008,-0.966,-4.2,-0.4,0
140.918568099999,143,0,18.8,0,0,0.029,-0.008,-0.966,-4.2,-0.4,0
140.928568099999,135,0,18.8,0,0,0.029,-0.008,-0.966,-4.2,-0.4,0
140.938568099999,142,0,18.8,0,0,0.029,-0.008,-0.966,-4.2,-0.4,0
140.948568099999,143,0,18.9,0,0,0.027,-0.025,-1.043,-3.2,-0.8,0
140.958568099999,136,0,18.9,0,0,0.027,-0.025,-1.043,-3.2,-0.8,0
140.968568099999,140,0,18.9,0,0,0.027,-0.025,-1.043,-3.2,-0.8,0
140.978568099999,138,0,18.9,0,0,0.027,-0.025,-1.043,-3.2,-0.8,0
140.988568099999,143,0,18.9,0,0,0.027,-0.025,-1.043,-3.2,-0.8,0
140.998568099999,140,0,18.8,0,0,0.025,-0.032,-1.081,-1.7,-0.5,0
141.008568099999,135,0,18.8,0,0,0.025,-0.032,-1.081,-1.7,-0.5,0
141.018568099999,141,0,18.8,0,0,0.025,-0.032,-1.081,-1.7,-0.5,0
141.028568099999,143,0,18.8,0,0,0.025,-0.032,-1.081,-1.7,-0.5,0
141.038568099999,141,0,18.8,0,0,0.025,-0.032,-1.081,-1.7,-0.5,0
141.048568099999,135,0,18.9,0,0,0.025,-0.036,-1.095,1.4,-0.6,0.1
141.058568099999,140,0,18.9,0,0,0.025,-0.036,-1.095,1.4,-0.6,0.1
141.068568099999,138,0,18.9,0,0,0.025,-0.036,-1.095,1.4,-0.6,0.1
141.078568099999,139,0,18.9,0,0,0.025,-0.036,-1.095,1.4,-0.6,0.1
141.088568099999,142,0,18.9,0,0,0.025,-0.036,-1.095,1.4,-0.6,0.1
141.098568099999,141,0,18.8,0,0,0.029,-0.016,-1.032,3.8,-0.4,0
141.108568099999,139,0,18.8,0,0,0.029,-0.016,-1.032,3.8,-0.4,0
141.118568099999,138,0,18.8,0,0,0.029,-0.016,-1.032,3.8,-0.4,0
141.128568099999,143,0,18.8,0,0,0.029,-0.016,-1.032,3.8,-0.4,0
141.138568099999,140,0,18.8,0,0,0.029,-0.016,-1.032,3.8,-0.4,0
141.148568099999,140,0,18.9,0,0,0.03,-0.003,-0.97,3.4,-0.3,0.1
141.158568099999,138,0,18.9,0,0,0.03,-0.003,-0.97,3.4,-0.3,0.1
141.168568099999,140,0,18.9,0,0,0.03,-0.003,-0.97,3.4,-0.3,0.1
141.178568099999,139,0,18.9,0,0,0.03,-0.003,-0.97,3.4,-0.3,0.1
141.188568099999,139,0,18.9,0,0,0.03,-0.003,-0.97,3.4,-0.3,0.1
141.198568099999,141,-0.01,18.8,0,0,0.035,0.012,-0.878,-1.3,-0.8,0
141.208568099999,141,-0.01,18.8,0,0,0.035,0.012,-0.878,-1.3,-0.8,0
141.218568099999,139,-0.01,18.8,0,0,0.035,0.012,-0.878,-1.3,-0.8,0
141.228568099999,138,-0.01,18.8,0,0,0.035,0.012,-0.878,-1.3,-0.8,0
141.238568099999,140,-0.01,18.8,0,0,0.035,0.012,-0.878,-1.3,-0.8,0
141.248568099999,138,0,18.8,0,0,0.029,-0.008,-0.962,-3.8,-0.7,0
141.258568099999,145,0,18.8,0,0,0.029,-0.008,-0.962,-3.8,-0.7,0
141.268568099999,138,0,18.8,0,0,0.029,-0.008,-0.962,-3.8,-0.7,0
141.278568099999,135,0,18.8,0,0,0.029,-0.008,-0.962,-3.8,-0.7,0
141.288568099999,145,0,18.8,0,0,0.029,-0.008,-0.962,-3.8,-0.7,0
141.298568099999,144,0,18.9,0,0,0.027,-0.023,-1.035,-3.5,-0.7,0
141.308568099999,136,0,18.9,0,0,0.027,-0.023,-1.035,-3.5,-0.7,0
141.318568099999,141,0,18.9,0,0,0.027,-0.023,-1.035,-3.5,-0.7,0
141.328568099999,142,0,18.9,0,0,0.027,-0.023,-1.035,-3.5,-0.7,0
141.338568099999,136,0,18.9,0,0,0.027,-0.023,-1.035,-3.5,-0.7,0
141.348568099999,141,0.01,18.9,0,0,0.025,-0.037,-1.093,-1.8,-0.1,0
141.358568099999,138,0.01,18.9,0,0,0.025,-0.037,-1.093,-1.8,-0.1,0
141.368568099999,142,0.01,18.9,0,0,0.025,-0.037,-1.093,-1.8,-0.1,0
141.378568099999,140,0.01,18.9,0,0,0.025,-0.037,-1.093,-1.8,-0.1,0
141.388568099999,136,0.01,18.9,0,0,0.025,-0.037,-1.093,-1.8,-0.1,0
141.398568099999,140,0,18.8,0,0,0.032,0.084,-1.129,2.1,-0.7,0.1
141.408568099999,140,0,18.8,0,0,0.032,0.084,-1.129,2.1,-0.7,0.1
141.418568099999,143,0,18.8,0,0,0.032,0.084,-1.129,2.1,-0.7,0.1
141.428568099999,140,0,18.8,0,0,0.032,0.084,-1.129,2.1,-0.7,0.1
141.438568099999,140,0,18.8,0,0,0.032,0.084,-1.129,2.1,-0.7,0.1
141.448568099999,138,0,18.8,0,0,0.033,0.007,-0.892,-1.2,-0.5,0.1
141.458568099999,139,0,18.8,0,0,0.033,0.007,-0.892,-1.2,-0.5,0.1
141.468568099999,141,0,18.8,0,0,0.033,0.007,-0.892,-1.2,-0.5,0.1
141.478568099999,141,0,18.8,0,0,0.033,0.007,-0.892,-1.2,-0.5,0.1
141.488568099999,138,0,18.8,0,0,0.033,0.007,-0.892,-1.2,-0.5,0.1
141.498568099999,136,0,18.9,0,0,0.03,-0.013,-0.989,-4,-0.4,0
141.508568099999,143,0,18.9,0,0,0.03,-0.013,-0.989,-4,-0.4,0
141.518568099999,142,0,18.9,0,0,0.03,-0.013,-0.989,-4,-0.4,0
141.528568099999,140,0,18.9,0,0,0.03,-0.013,-0.989,-4,-0.4,0
141.538568099999,139,0,18.9,0,0,0.03,-0.013,-0.989,-4,-0.4,0
141.548568099999,140,-0.01,18.8,0,0,0.025,-0.028,-1.067,-3.1,-0.8,0
141.558568099999,138,-0.01,18.8,0,0,0.025,-0.028,-1.067,-3.1,-0.8,0
141.568568099999,139,-0.01,18.8,0,0,0.025,-0.028,-1.067,-3.1,-0.8,0
141.578568099999,143,-0.01,18.8,0,0,0.025,-0.028,-1.067,-3.1,-0.8,0
141.588568099999,136,-0.01,18.8,0,0,0.025,-0.028,-1.067,-3.1,-0.8,0
141.598568099999,139,0,18.9,0,0,0.024,-0.04,-1.118,-0.6,-0.6,0
141.608568099999,142,0,18.9,0,0,0.024,-0.04,-1.118,-0.6,-0.6,0
141.618568099999,142,0,18.9,0,0,0.024,-0.04,-1.118,-0.6,-0.6,0
141.628568099999,140,0,18.9,0,0,0.024,-0.04,-1.118,-0.6,-0.6,0
141.638568099999,141,0,18.9,0,0,0.024,-0.04,-1.118,-0.6,-0.6,0
141.648568099999,139,0,18.8,0,0,0.025,-0.03,-1.092,3,-0.7,0.1
141.658568099999,138,0,18.8,0,0,0.025,-0.03,-1.092,3,-0.7,0.1
141.668568099999,141,0,18.8,0,0,0.025,-0.03,-1.092,3,-0.7,0.1
141.678568099999,139,0,18.8,0,0,0.025,-0.03,-1.092,3,-0.7,0.1
141.688568099999,144,0,18.8,0,0,0.025,-0.03,-1.092,3,-0.7,0.1
141.698568099999,138,0,18.8,0,0,0.031,-0.007,-1.003,5,-0.4,0.1
141.708568099999,135,0,18.8,0,0,0.031,-0.007,-1.003,5,-0.4,0.1
141.718568099999,146,0,18.8,0,0,0.031,-0.007,-1.003,5,-0.4,0.1
141.728568099999,144,0,18.8,0,0,0.031,-0.007,-1.003,5,-0.4,0.1
141.738568099999,142,0,18.8,0,0,0.031,-0.007,-1.003,5,-0.4,0.1
141.748568099999,138,0,18.9,0,0,0.03,-0.003,-0.958,3.2,-0.2,0
141.758568099999,136,0,18.9,0,0,0.03,-0.003,-0.958,3.2,-0.2,0
141.768568099999,139,0,18.9,0,0,0.03,-0.003,-0.958,3.2,-0.2,0
141.778568099999,140,0,18.9,0,0,0.03,-0.003,-0.958,3.2,-0.2,0
141.788568099999,139,0,18.9,0,0,0.03,-0.003,-0.958,3.2,-0.2,0
141.798568099999,142,0,18.9,0,0,0.033,0.004,-0.916,1.5,-0.9,0
141.808568099999,139,0,18.9,0,0,0.033,0.004,-0.916,1.5,-0.9,0
141.818568099999,136,0,18.9,0,0,0.033,0.004,-0.916,1.5,-0.9,0
141.828568099999,144,0,18.9,0,0,0.033,0.004,-0.916,1.5,-0.9,0
141.838568099999,140,0,18.9,0,0,0.033,0.004,-0.916,1.5,-0.9,0
141.848568099999,138,0,18.9,0,0,0.033,0.008,-0.9,-1.6,-0.9,0
141.858568099999,139,0,18.9,0,0,0.033,0.008,-0.9,-1.6,-0.9,0
141.868568099999,140,0,18.9,0,0,0.033,0.008,-0.9,-1.6,-0.9,0
141.878568099999,138,0,18.9,0,0,0.033,0.008,-0.9,-1.6,-0.9,0
141.888568099999,139,0,18.9,0,0,0.033,0.008,-0.9,-1.6,-0.9,0
141.898568099999,142,-0.01,18.9,0,0,0.029,-0.012,-0.975,-3.4,-0.7,0
141.908568099999,137,-0.01,18.9,0,0,0.029,-0.012,-0.975,-3.4,-0.7,0
141.918568099999,141,-0.01,18.9,0,0,0.029,-0.012,-0.975,-3.4,-0.7,0
141.928568099999,140,-0.01,18.9,0,0,0.029,-0.012,-0.975,-3.4,-0.7,0
141.938568099999,141,-0.01,18.9,0,0,0.029,-0.012,-0.975,-3.4,-0.7,0
141.948568099999,142,-0.01,18.8,0,0,0.027,-0.027,-1.057,-2.9,-0.4,0
141.958568099999,140,-0.01,18.8,0,0,0.027,-0.027,-1.057,-2.9,-0.4,0
141.968568099999,138,-0.01,18.8,0,0,0.027,-0.027,-1.057,-2.9,-0.4,0
141.978568099999,140,-0.01,18.8,0,0,0.027,-0.027,-1.057,-2.9,-0.4,0
141.988568099999,138,-0.01,18.8,0,0,0.027,-0.027,-1.057,-2.9,-0.4,0
141.998568099999,138,0,18.8,0,0,0.023,-0.042,-1.123,-0.5,-0.2,0
142.008568099999,144,0,18.8,0,0,0.023,-0.042,-1.123,-0.5,-0.2,0
142.018568099999,138,0,18.8,0,0,0.023,-0.042,-1.123,-0.5,-0.2,0
142.028568099999,139,0,18.8,0,0,0.023,-0.042,-1.123,-0.5,-0.2,0
142.038568099999,141,0,18.8,0,0,0.023,-0.042,-1.123,-0.5,-0.2,0
142.048568099999,139,0.01,18.8,0,0,0.03,-0.002,-0.992,5,-0.6,0.1
142.058568099999,141,0.01,18.8,0,0,0.03,-0.002,-0.992,5,-0.6,0.1
142.068568099999,144,0.01,18.8,0,0,0.03,-0.002,-0.992,5,-0.6,0.1
142.078568099999,139,0.01,18.8,0,0,0.03,-0.002,-0.992,5,-0.6,0.1
142.088568099999,135,0.01,18.8,0,0,0.03,-0.002,-0.992,5,-0.6,0.1
142.1024128,145,0,18.9,0,0,0.033,0.003,-0.917,3.5,-0.4,0
142.1124128,140,0,18.9,0,0,0.033,0.003,-0.917,3.5,-0.4,0
142.1224128,143,0,18.9,0,0,0.033,0.003,-0.917,3.5,-0.4,0
142.1324128,141,0,18.9,0,0,0.033,0.003,-0.917,3.5,-0.4,0
142.1424128,135,0,18.9,0,0,0.033,0.003,-0.917,3.5,-0.4,0
142.1524128,140,0,18.8,0,0,0.032,0.008,-0.897,0.9,-0.7,0
142.1624128,141,0,18.8,0,0,0.032,0.008,-0.897,0.9,-0.7,0
142.1724128,139,0,18.8,0,0,0.032,0.008,-0.897,0.9,-0.7,0
142.1824128,143,0,18.8,0,0,0.032,0.008,-0.897,0.9,-0.7,0
142.1924128,140,0,18.8,0,0,0.032,0.008,-0.897,0.9,-0.7,0
142.2024128,136,-0.01,18.8,0,0,0.034,0.004,-0.907,-2.2,-0.5,0
142.2124128,143,-0.01,18.8,0,0,0.034,0.004,-0.907,-2.2,-0.5,0
142.2224128,140,-0.01,18.8,0,0,0.034,0.004,-0.907,-2.2,-0.5,0
142.2324128,139,-0.01,18.8,0,0,0.034,0.004,-0.907,-2.2,-0.5,0
142.2424128,139,-0.01,18.8,0,0,0.034,0.004,-0.907,-2.2,-0.5,0
142.2586868,140,-0.01,18.9,0,0,0.028,-0.018,-1.01,-3.3,-0.6,0
142.2686868,138,-0.01,18.9,0,0,0.028,-0.018,-1.01,-3.3,-0.6,0
142.2786868,139,-0.01,18.9,0,0,0.028,-0.018,-1.01,-3.3,-0.6,0
142.2886868,143,-0.01,18.9,0,0,0.028,-0.018,-1.01,-3.3,-0.6,0
142.2986868,137,-0.01,18.9,0,0,0.028,-0.018,-1.01,-3.3,-0.6,0
142.3086868,139,0,18.9,0,0,0.026,-0.031,-1.07,-2.8,-0.6,0
142.3186868,139,0,18.9,0,0,0.026,-0.031,-1.07,-2.8,-0.6,0
142.3286868,141,0,18.9,0,0,0.026,-0.031,-1.07,-2.8,-0.6,0
142.3386868,142,0,18.9,0,0,0.026,-0.031,-1.07,-2.8,-0.6,0
142.3486868,140,0,18.9,0,0,0.026,-0.031,-1.07,-2.8,-0.6,0
142.3586868,139,0,18.9,0,0,0.024,-0.036,-1.104,0.3,-0.6,0
142.3686868,138,0,18.9,0,0,0.024,-0.036,-1.104,0.3,-0.6,0
142.3786868,142,0,18.9,0,0,0.024,-0.036,-1.104,0.3,-0.6,0
142.3886868,140,0,18.9,0,0,0.024,-0.036,-1.104,0.3,-0.6,0
142.3986868,141,0,18.9,0,0,0.024,-0.036,-1.104,0.3,-0.6,0
142.4086868,139,0.01,18.9,0,0,0.027,-0.026,-1.075,3.5,-0.7,0.1
142.4186868,139,0.01,18.9,0,0,0.027,-0.026,-1.075,3.5,-0.7,0.1
142.4286868,140,0.01,18.9,0,0,0.027,-0.026,-1.075,3.5,-0.7,0.1
142.4386868,140,0.01,18.9,0,0,0.027,-0.026,-1.075,3.5,-0.7,0.1
142.4486868,141,0.01,18.9,0,0,0.027,-0.026,-1.075,3.5,-0.7,0.1
142.4586868,138,0,18.9,0,0,0.03,-0.004,-0.974,4.3,-0.1,0
142.4686868,142,0,18.9,0,0,0.03,-0.004,-0.974,4.3,-0.1,0
142.4786868,140,0,18.9,0,0,0.03,-0.004,-0.974,4.3,-0.1,0
142.4886868,139,0,18.9,0,0,0.03,-0.004,-0.974,4.3,-0.1,0
142.4986868,140,0,18.9,0,0,0.03,-0.004,-0.974,4.3,-0.1,0
142.5086868,144,0,18.8,0,0,0.031,-0.001,-0.939,3.6,-0.5,0
142.5186868,139,0,18.8,0,0,0.031,-0.001,-0.939,3.6,-0.5,0
142.5286868,135,0,18.8,0,0,0.031,-0.001,-0.939,3.6,-0.5,0
142.5386868,145,0,18.8,0,0,0.031,-0.001,-0.939,3.6,-0.5,0
142.5486868,139,0,18.8,0,0,0.031,-0.001,-0.939,3.6,-0.5,0
142.582922,142,-0.01,18.9,0,0,0.032,0.009,-0.901,0.1,-0.9,0
142.592922,143,-0.01,18.9,0,0,0.032,0.009,-0.901,0.1,-0.9,0
142.602922,136,-0.01,18.9,0,0,0.032,0.009,-0.901,0.1,-0.9,0
142.612922,140,-0.01,18.9,0,0,0.032,0.009,-0.901,0.1,-0.9,0
142.622922,140,-0.01,18.9,0,0,0.032,0.009,-0.901,0.1,-0.9,0
142.632922,139,-0.01,18.9,0,0,0.028,-0.018,-1.001,-3.5,-0.7,0
142.642922,138,-0.01,18.9,0,0,0.028,-0.018,-1.001,-3.5,-0.7,0
142.652922,139,-0.01,18.9,0,0,0.028,-0.018,-1.001,-3.5,-0.7,0
142.662922,140,-0.01,18.9,0,0,0.028,-0.018,-1.001,-3.5,-0.7,0
142.672922,141,-0.01,18.9,0,0,0.028,-0.018,-1.001,-3.5,-0.7,0
142.7118813,138,0,18.8,0,0,0.027,-0.027,-1.043,-2.6,-0.3,0
142.7218813,141,0,18.8,0,0,0.027,-0.027,-1.043,-2.6,-0.3,0
142.7318813,138,0,18.8,0,0,0.027,-0.027,-1.043,-2.6,-0.3,0
142.7418813,138,0,18.8,0,0,0.027,-0.027,-1.043,-2.6,-0.3,0
142.7518813,140,0,18.8,0,0,0.027,-0.027,-1.043,-2.6,-0.3,0
142.7618813,141,0,18.8,0,0,0.023,-0.043,-1.132,0.5,-0.4,0
142.7718813,142,0,18.8,0,0,0.023,-0.043,-1.132,0.5,-0.4,0
142.7818813,140,0,18.8,0,0,0.023,-0.043,-1.132,0.5,-0.4,0
142.7918813,141,0,18.8,0,0,0.023,-0.043,-1.132,0.5,-0.4,0
142.8018813,136,0,18.8,0,0,0.023,-0.043,-1.132,0.5,-0.4,0
142.8118813,139,0,18.8,0,0,0.025,-0.029,-1.09,3.4,-0.7,0.1
142.8218813,142,0,18.8,0,0,0.025,-0.029,-1.09,3.4,-0.7,0.1
142.8318813,141,0,18.8,0,0,0.025,-0.029,-1.09,3.4,-0.7,0.1
142.8418813,138,0,18.8,0,0,0.025,-0.029,-1.09,3.4,-0.7,0.1
142.8518813,139,0,18.8,0,0,0.025,-0.029,-1.09,3.4,-0.7,0.1
142.8618813,141,0,18.9,0,0,0.032,0,-0.958,5,-0.7,0
142.8718813,139,0,18.9,0,0,0.032,0,-0.958,5,-0.7,0
142.8818813,143,0,18.9,0,0,0.032,0,-0.958,5,-0.7,0
142.8918813,140,0,18.9,0,0,0.032,0,-0.958,5,-0.7,0
142.9018813,139,0,18.9,0,0,0.032,0,-0.958,5,-0.7,0
142.9118813,140,0,18.9,0,0,0.03,0.004,-0.918,2.9,-0.6,0
142.9218813,139,0,18.9,0,0,0.03,0.004,-0.918,2.9,-0.6,0
142.9318813,140,0,18.9,0,0,0.03,0.004,-0.918,2.9,-0.6,0
142.9418813,145,0,18.9,0,0,0.03,0.004,-0.918,2.9,-0.6,0
142.9518813,139,0,18.9,0,0,0.03,0.004,-0.918,2.9,-0.6,0
142.9618813,138,-0.01,18.8,0,0,0.033,0.01,-0.874,-0.2,-0.6,0
142.9718813,146,-0.01,18.8,0,0,0.033,0.01,-0.874,-0.2,-0.6,0
142.9818813,135,-0.01,18.8,0,0,0.033,0.01,-0.874,-0.2,-0.6,0
142.9918813,142,-0.01,18.8,0,0,0.033,0.01,-0.874,-0.2,-0.6,0
143.0018813,142,-0.01,18.8,0,0,0.033,0.01,-0.874,-0.2,-0.6,0
143.0118813,135,-0.01,18.8,0,0,0.032,0,-0.931,-2.7,-0.5,0
143.0218813,139,-0.01,18.8,0,0,0.032,0,-0.931,-2.7,-0.5,0
143.0318813,139,-0.01,18.8,0,0,0.032,0,-0.931,-2.7,-0.5,0
143.0418813,144,-0.01,18.8,0,0,0.032,0,-0.931,-2.7,-0.5,0
143.0518813,140,-0.01,18.8,0,0,0.032,0,-0.931,-2.7,-0.5,0
143.0618813,135,0,18.9,0,0,0.027,-0.022,-1.022,-3.9,-0.7,0
143.0718813,140,0,18.9,0,0,0.027,-0.022,-1.022,-3.9,-0.7,0
143.0818813,143,0,18.9,0,0,0.027,-0.022,-1.022,-3.9,-0.7,0
143.0918813,139,0,18.9,0,0,0.027,-0.022,-1.022,-3.9,-0.7,0
143.1018813,138,0,18.9,0,0,0.027,-0.022,-1.022,-3.9,-0.7,0
143.1118813,142,0,18.9,0,0,0.025,-0.027,-1.064,-2,-0.6,0
143.1218813,135,0,18.9,0,0,0.025,-0.027,-1.064,-2,-0.6,0
143.1318813,140,0,18.9,0,0,0.025,-0.027,-1.064,-2,-0.6,0
143.1418813,142,0,18.9,0,0,0.025,-0.027,-1.064,-2,-0.6,0
143.1518813,140,0,18.9,0,0,0.025,-0.027,-1.064,-2,-0.6,0
143.1618813,138,0.01,18.8,0,0,0.024,-0.037,-1.11,0.3,-0.6,0.1
143.1718813,139,0.01,18.8,0,0,0.024,-0.037,-1.11,0.3,-0.6,0.1
143.1818813,139,0.01,18.8,0,0,0.024,-0.037,-1.11,0.3,-0.6,0.1
143.1918813,141,0.01,18.8,0,0,0.024,-0.037,-1.11,0.3,-0.6,0.1
143.2018813,144,0.01,18.8,0,0,0.024,-0.037,-1.11,0.3,-0.6,0.1
143.2118813,137,0.01,18.8,0,0,0.029,-0.022,-1.043,3.4,-0.6,0.1
143.2218813,140,0.01,18.8,0,0,0.029,-0.022,-1.043,3.4,-0.6,0.1
143.2318813,138,0.01,18.8,0,0,0.029,-0.022,-1.043,3.4,-0.6,0.1
143.2418813,139,0.01,18.8,0,0,0.029,-0.022,-1.043,3.4,-0.6,0.1
143.2518813,141,0.01,18.8,0,0,0.029,-0.022,-1.043,3.4,-0.6,0.1
143.2618813,141,0,18.9,0,0,0.029,-0.003,-0.978,4.5,-0.3,0
143.2718813,139,0,18.9,0,0,0.029,-0.003,-0.978,4.5,-0.3,0
143.2818813,139,0,18.9,0,0,0.029,-0.003,-0.978,4.5,-0.3,0
143.2918813,143,0,18.9,0,0,0.029,-0.003,-0.978,4.5,-0.3,0
143.3018813,139,0,18.9,0,0,0.029,-0.003,-0.978,4.5,-0.3,0
143.3118813,141,0,18.8,0,0,0.03,-0.001,-0.946,2.6,-0.4,0
143.3218813,140,0,18.8,0,0,0.03,-0.001,-0.946,2.6,-0.4,0
143.3318813,139,0,18.8,0,0,0.03,-0.001,-0.946,2.6,-0.4,0
143.3418813,140,0,18.8,0,0,0.03,-0.001,-0.946,2.6,-0.4,0
143.3518813,139,0,18.8,0,0,0.03,-0.001,-0.946,2.6,-0.4,0
143.3618813,146,0,18.8,0,0,0.034,0.011,-0.876,0.1,-0.9,0
143.3718813,138,0,18.8,0,0,0.034,0.011,-0.876,0.1,-0.9,0
143.3818813,135,0,18.8,0,0,0.034,0.011,-0.876,0.1,-0.9,0
143.3918813,146,0,18.8,0,0,0.034,0.011,-0.876,0.1,-0.9,0
143.4018813,143,0,18.8,0,0,0.034,0.011,-0.876,0.1,-0.9,0
143.4118813,135,0,18.8,0,0,0.031,0,-0.926,-3,-0.7,0
143.4218813,142,0,18.8,0,0,0.031,0,-0.926,-3,-0.7,0
143.4318813,143,0,18.8,0,0,0.031,0,-0.926,-3,-0.7,0
143.4418813,136,0,18.8,0,0,0.031,0,-0.926,-3,-0.7,0
143.4518813,139,0,18.8,0,0,0.031,0,-0.926,-3,-0.7,0
143.4618813,137,0,18.9,0,0,0.028,-0.018,-0.994,-3.5,-0.7,-0.1
143.4718813,143,0,18.9,0,0,0.028,-0.018,-0.994,-3.5,-0.7,-0.1
143.4818813,140,0,18.9,0,0,0.028,-0.018,-0.994,-3.5,-0.7,-0.1
143.4918813,136,0,18.9,0,0,0.028,-0.018,-0.994,-3.5,-0.7,-0.1
143.5018813,140,0,18.9,0,0,0.028,-0.018,-0.994,-3.5,-0.7,-0.1
143.5341692,138,0,18.9,0,0,0.021,-0.042,-1.125,0,-0.2,0
143.5441692,141,0,18.9,0,0,0.021,-0.042,-1.125,0,-0.2,0
143.5541692,140,0,18.9,0,0,0.021,-0.042,-1.125,0,-0.2,0
143.5641692,138,0,18.9,0,0,0.021,-0.042,-1.125,0,-0.2,0
143.5741692,138,0,18.9,0,0,0.021,-0.042,-1.125,0,-0.2,0
143.613983,143,0,18.9,0,0,0.027,-0.025,-1.068,4,-0.8,0.1
143.623983,140,0,18.9,0,0,0.027,-0.025,-1.068,4,-0.8,0.1
143.633983,139,0,18.9,0,0,0.027,-0.025,-1.068,4,-0.8,0.1
143.643983,139,0,18.9,0,0,0.027,-0.025,-1.068,4,-0.8,0.1
143.653983,140,0,18.9,0,0,0.027,-0.025,-1.068,4,-0.8,0.1
143.663983,138,0,18.9,0,0,0.03,0,-0.97,4.4,-0.6,0
143.673983,139,0,18.9,0,0,0.03,0,-0.97,4.4,-0.6,0
143.683983,142,0,18.9,0,0,0.03,0,-0.97,4.4,-0.6,0
143.693983,141,0,18.9,0,0,0.03,0,-0.97,4.4,-0.6,0
143.703983,141,0,18.9,0,0,0.03,0,-0.97,4.4,-0.6,0
143.713983,137,-0.02,18.8,0,0,0.031,0.004,-0.909,2.7,-0.7,0
143.723983,141,-0.02,18.8,0,0,0.031,0.004,-0.909,2.7,-0.7,0
143.733983,141,-0.02,18.8,0,0,0.031,0.004,-0.909,2.7,-0.7,0
143.743983,141,-0.02,18.8,0,0,0.031,0.004,-0.909,2.7,-0.7,0
143.753983,140,-0.02,18.8,0,0,0.031,0.004,-0.909,2.7,-0.7,0
143.763983,139,-0.01,18.9,0,0,0.035,0.011,-0.871,-0.5,-0.6,0
143.773983,139,-0.01,18.9,0,0,0.035,0.011,-0.871,-0.5,-0.6,0
143.783983,138,-0.01,18.9,0,0,0.035,0.011,-0.871,-0.5,-0.6,0
143.793983,145,-0.01,18.9,0,0,0.035,0.011,-0.871,-0.5,-0.6,0
143.803983,138,-0.01,18.9,0,0,0.035,0.011,-0.871,-0.5,-0.6,0
143.8543416,143,0,18.8,0,0,0.026,-0.025,-1.035,-3.4,-0.9,-0.1
143.8643416,135,0,18.8,0,0,0.026,-0.025,-1.035,-3.4,-0.9,-0.1
143.8743416,141,0,18.8,0,0,0.026,-0.025,-1.035,-3.4,-0.9,-0.1
143.8843416,139,0,18.8,0,0,0.026,-0.025,-1.035,-3.4,-0.9,-0.1
143.8943416,142,0,18.8,0,0,0.026,-0.025,-1.035,-3.4,-0.9,-0.1
143.9043416,139,0,18.9,0,0,0.025,-0.031,-1.073,-2.1,-0.6,0
143.9143416,136,0,18.9,0,0,0.025,-0.031,-1.073,-2.1,-0.6,0
143.9243416,140,0,18.9,0,0,0.025,-0.031,-1.073,-2.1,-0.6,0
143.9343416,139,0,18.9,0,0,0.025,-0.031,-1.073,-2.1,-0.6,0
143.9443416,143,0,18.9,0,0,0.025,-0.031,-1.073,-2.1,-0.6,0
143.9543416,140,0,18.9,0,0,0.025,-0.037,-1.097,0.9,-0.6,0
143.9643416,140,0,18.9,0,0,0.025,-0.037,-1.097,0.9,-0.6,0
143.9743416,138,0,18.9,0,0,0.025,-0.037,-1.097,0.9,-0.6,0
143.9843416,139,0,18.9,0,0,0.025,-0.037,-1.097,0.9,-0.6,0
143.9943416,141,0,18.9,0,0,0.025,-0.037,-1.097,0.9,-0.6,0
144.0043416,140,0,18.9,0,0,0.028,-0.022,-1.048,3.5,-0.5,0.1
144.0143416,138,0,18.9,0,0,0.028,-0.022,-1.048,3.5,-0.5,0.1
144.0243416,137,0,18.9,0,0,0.028,-0.022,-1.048,3.5,-0.5,0.1
144.0343416,143,0,18.9,0,0,0.028,-0.022,-1.048,3.5,-0.5,0.1
144.0443416,142,0,18.9,0,0,0.028,-0.022,-1.048,3.5,-0.5,0.1
144.0543416,140,0,18.8,0,0,0.029,-0.002,-0.974,3.7,-0.2,0
144.0643416,138,0,18.8,0,0,0.029,-0.002,-0.974,3.7,-0.2,0
144.0743416,140,0,18.8,0,0,0.029,-0.002,-0.974,3.7,-0.2,0
144.0843416,139,0,18.8,0,0,0.029,-0.002,-0.974,3.7,-0.2,0
144.0943416,139,0,18.8,0,0,0.029,-0.002,-0.974,3.7,-0.2,0
144.1043416,144,-0.01,18.8,0,0,0.03,0,-0.937,2.7,-0.7,0
144.1143416,137,-0.01,18.8,0,0,0.03,0,-0.937,2.7,-0.7,0
144.1243416,139,-0.01,18.8,0,0,0.03,0,-0.937,2.7,-0.7,0
144.1343416,141,-0.01,18.8,0,0,0.03,0,-0.937,2.7,-0.7,0
144.1443416,141,-0.01,18.8,0,0,0.03,0,-0.937,2.7,-0.7,0
144.1543416,140,-0.01,18.8,0,0,0.034,0.012,-0.882,-0.6,-0.7,0
144.1643416,141,-0.01,18.8,0,0,0.034,0.012,-0.882,-0.6,-0.7,0
144.1743416,140,-0.01,18.8,0,0,0.034,0.012,-0.882,-0.6,-0.7,0
144.1843416,139,-0.01,18.8,0,0,0.034,0.012,-0.882,-0.6,-0.7,0
144.1943416,140,-0.01,18.8,0,0,0.034,0.012,-0.882,-0.6,-0.7,0
144.2043416,138,0,18.8,0,0,0.03,-0.005,-0.937,-3.5,-0.7,0
144.2143416,144,0,18.8,0,0,0.03,-0.005,-0.937,-3.5,-0.7,0
144.2243416,139,0,18.8,0,0,0.03,-0.005,-0.937,-3.5,-0.7,0
144.2343416,135,0,18.8,0,0,0.03,-0.005,-0.937,-3.5,-0.7,0
144.2443416,145,0,18.8,0,0,0.03,-0.005,-0.937,-3.5,-0.7,0
144.2543416,144,0,18.9,0,0,0.028,-0.022,-1.025,-3.7,-0.7,0
144.2643416,143,0,18.9,0,0,0.028,-0.022,-1.025,-3.7,-0.7,0
144.2743416,138,0,18.9,0,0,0.028,-0.022,-1.025,-3.7,-0.7,0
144.2843416,135,0,18.9,0,0,0.028,-0.022,-1.025,-3.7,-0.7,0
144.2943416,139,0,18.9,0,0,0.028,-0.022,-1.025,-3.7,-0.7,0
144.3043416,140,0.01,18.9,0,0,0.027,-0.029,-1.061,-2.3,-0.1,0
144.3143416,139,0.01,18.9,0,0,0.027,-0.029,-1.061,-2.3,-0.1,0
144.3243416,143,0.01,18.9,0,0,0.027,-0.029,-1.061,-2.3,-0.1,0
144.3343416,140,0.01,18.9,0,0,0.027,-0.029,-1.061,-2.3,-0.1,0
144.3443416,136,0.01,18.9,0,0,0.027,-0.029,-1.061,-2.3,-0.1,0
144.3712391,145,0.01,18.8,0,0,0.022,-0.045,-1.133,1,-0.4,0
144.3812391,140,0.01,18.8,0,0,0.022,-0.045,-1.133,1,-0.4,0
144.3912391,138,0.01,18.8,0,0,0.022,-0.045,-1.133,1,-0.4,0
144.4012391,139,0.01,18.8,0,0,0.022,-0.045,-1.133,1,-0.4,0
144.4112391,140,0.01,18.8,0,0,0.022,-0.045,-1.133,1,-0.4,0
144.4212391,138,0,18.9,0,0,0.035,0.007,-1.061,3.4,-0.6,0.1
144.4312391,138,0,18.9,0,0,0.035,0.007,-1.061,3.4,-0.6,0.1
144.4412391,141,0,18.9,0,0,0.035,0.007,-1.061,3.4,-0.6,0.1
144.4512391,139,0,18.9,0,0,0.035,0.007,-1.061,3.4,-0.6,0.1
144.4612391,141,0,18.9,0,0,0.035,0.007,-1.061,3.4,-0.6,0.1
144.4712391,138,0,18.9,0,0,0.03,-0.005,-0.954,-3.4,-0.3,-15.5
144.4812391,141,0,18.9,0,0,0.03,-0.005,-0.954,-3.4,-0.3,-15.5
144.4912391,142,0,18.9,0,0,0.03,-0.005,-0.954,-3.4,-0.3,-15.5
144.5012391,140,0,18.9,0,0,0.03,-0.005,-0.954,-3.4,-0.3,-15.5
144.5112391,139,0,18.9,0,0,0.03,-0.005,-0.954,-3.4,-0.3,-15.5
144.5212391,140,-0.01,18.9,0,0,0.025,-0.023,-1.057,-3.4,-0.7,0
144.5312391,138,-0.01,18.9,0,0,0.025,-0.023,-1.057,-3.4,-0.7,0
144.5412391,138,-0.01,18.9,0,0,0.025,-0.023,-1.057,-3.4,-0.7,0
144.5512391,144,-0.01,18.9,0,0,0.025,-0.023,-1.057,-3.4,-0.7,0
144.5612391,138,-0.01,18.9,0,0,0.025,-0.023,-1.057,-3.4,-0.7,0
144.5712391,139,0,18.9,0,0,0.027,-0.037,-1.103,-1.5,-0.7,0
144.5812391,141,0,18.9,0,0,0.027,-0.037,-1.103,-1.5,-0.7,0
144.5912391,141,0,18.9,0,0,0.027,-0.037,-1.103,-1.5,-0.7,0
144.6012391,140,0,18.9,0,0,0.027,-0.037,-1.103,-1.5,-0.7,0
144.6112391,141,0,18.9,0,0,0.027,-0.037,-1.103,-1.5,-0.7,0
144.6212391,142,0,18.9,0,0,0.025,-0.037,-1.106,2,-0.7,0.1
144.6312391,137,0,18.9,0,0,0.025,-0.037,-1.106,2,-0.7,0.1
144.6412391,139,0,18.9,0,0,0.025,-0.037,-1.106,2,-0.7,0.1
144.6512391,141,0,18.9,0,0,0.025,-0.037,-1.106,2,-0.7,0.1
144.6612391,145,0,18.9,0,0,0.025,-0.037,-1.106,2,-0.7,0.1
144.6712391,138,0,18.9,0,0,0.027,-0.015,-1.04,4.5,-0.5,0
144.6812391,135,0,18.9,0,0,0.027,-0.015,-1.04,4.5,-0.5,0
144.6912391,146,0,18.9,0,0,0.027,-0.015,-1.04,4.5,-0.5,0
144.7012391,143,0,18.9,0,0,0.027,-0.015,-1.04,4.5,-0.5,0
144.7112391,143,0,18.9,0,0,0.027,-0.015,-1.04,4.5,-0.5,0
144.7212391,140,0.01,18.8,0,0,0.03,-0.001,-0.962,3.7,0,0
144.7312391,135,0.01,18.8,0,0,0.03,-0.001,-0.962,3.7,0,0
144.7412391,138,0.01,18.8,0,0,0.03,-0.001,-0.962,3.7,0,0
144.7512391,140,0.01,18.8,0,0,0.03,-0.001,-0.962,3.7,0,0
144.7612391,138,0.01,18.8,0,0,0.03,-0.001,-0.962,3.7,0,0
144.7712391,142,0.01,18.8,0,0,0.032,0,-0.943,2.4,-0.8,0
144.7812391,140,0.01,18.8,0,0,0.032,0,-0.943,2.4,-0.8,0
144.7912391,136,0.01,18.8,0,0,0.032,0,-0.943,2.4,-0.8,0
144.8012391,144,0.01,18.8,0,0,0.032,0,-0.943,2.4,-0.8,0
144.8112391,140,0.01,18.8,0,0,0.032,0,-0.943,2.4,-0.8,0
144.8212391,139,0,18.8,0,0,0.032,0.009,-0.895,-0.6,-1,0
144.8312391,140,0,18.8,0,0,0.032,0.009,-0.895,-0.6,-1,0
144.8412391,139,0,18.8,0,0,0.032,0.009,-0.895,-0.6,-1,0
144.8512391,138,0,18.8,0,0,0.032,0.009,-0.895,-0.6,-1,0
144.8612391,139,0,18.8,0,0,0.032,0.009,-0.895,-0.6,-1,0
144.8712391,144,-0.01,18.9,0,0,0.03,-0.005,-0.945,-3,-0.8,0
144.8812391,137,-0.01,18.9,0,0,0.03,-0.005,-0.945,-3,-0.8,0
144.8912391,139,-0.01,18.9,0,0,0.03,-0.005,-0.945,-3,-0.8,0
144.9012391,139,-0.01,18.9,0,0,0.03,-0.005,-0.945,-3,-0.8,0
144.9112391,141,-0.01,18.9,0,0,0.03,-0.005,-0.945,-3,-0.8,0
144.9212391,142,-0.01,18.9,0,0,0.028,-0.021,-1.038,-3.4,-0.5,0
144.9312391,140,-0.01,18.9,0,0,0.028,-0.021,-1.038,-3.4,-0.5,0
144.9412391,139,-0.01,18.9,0,0,0.028,-0.021,-1.038,-3.4,-0.5,0
144.9512391,138,-0.01,18.9,0,0,0.028,-0.021,-1.038,-3.4,-0.5,0
144.9612391,142,-0.01,18.9,0,0,0.028,-0.021,-1.038,-3.4,-0.5,0
144.9712391,140,0,18.9,0,0,0.025,-0.038,-1.091,-1.6,-0.1,0
144.9812391,141,0,18.9,0,0,0.025,-0.038,-1.091,-1.6,-0.1,0
144.9912391,138,0,18.9,0,0,0.025,-0.038,-1.091,-1.6,-0.1,0
145.0012391,139,0,18.9,0,0,0.025,-0.038,-1.091,-1.6,-0.1,0
145.0112391,141,0,18.9,0,0,0.025,-0.038,-1.091,-1.6,-0.1,0
145.0265168,141,0,18.9,0,0,0.023,-0.041,-1.14,2.5,-0.7,0
145.0365168,140,0,18.9,0,0,0.023,-0.041,-1.14,2.5,-0.7,0
145.0465168,138,0,18.9,0,0,0.023,-0.041,-1.14,2.5,-0.7,0
145.0565168,142,0,18.9,0,0,0.023,-0.041,-1.14,2.5,-0.7,0
145.0665168,139,0,18.9,0,0,0.023,-0.041,-1.14,2.5,-0.7,0
147.3095,147,0,18.9,0,0,0.028,-0.012,-0.98,0.6,-0.7,0
147.3195,151,0,18.9,0,0,0.028,-0.012,-0.98,0.6,-0.7,0
147.3295,153,0,18.9,0,0,0.028,-0.012,-0.98,0.6,-0.7,0
147.3395,152,0,18.9,0,0,0.028,-0.012,-0.98,0.6,-0.7,0
147.3495,152,0,18.9,0,0,0.028,-0.012,-0.98,0.6,-0.7,0
147.3595,148,0,18.9,0,0,0.027,-0.008,-0.968,1,-0.7,0
147.3695,152,0,18.9,0,0,0.027,-0.008,-0.968,1,-0.7,0
147.3795,154,0,18.9,0,0,0.027,-0.008,-0.968,1,-0.7,0
147.3895,152,0,18.9,0,0,0.027,-0.008,-0.968,1,-0.7,0
147.3995,153,0,18.9,0,0,0.027,-0.008,-0.968,1,-0.7,0
147.4095,148,0,18.9,0,0,0.029,-0.004,-0.954,1.1,-0.7,0
147.4195,151,0,18.9,0,0,0.029,-0.004,-0.954,1.1,-0.7,0
147.4295,153,0,18.9,0,0,0.029,-0.004,-0.954,1.1,-0.7,0
147.4395,152,0,18.9,0,0,0.029,-0.004,-0.954,1.1,-0.7,0
147.4495,152,0,18.9,0,0,0.029,-0.004,-0.954,1.1,-0.7,0
147.4595,149,0,18.9,0,0,0.026,-0.021,-1.063,1.4,-0.7,0
147.4695,153,0,18.9,0,0,0.026,-0.021,-1.063,1.4,-0.7,0
147.4795,152,0,18.9,0,0,0.026,-0.021,-1.063,1.4,-0.7,0
147.4895,152,0,18.9,0,0,0.026,-0.021,-1.063,1.4,-0.7,0
147.4995,153,0,18.9,0,0,0.026,-0.021,-1.063,1.4,-0.7,0
147.5095,148,-0.01,18.8,0,0,0.026,-0.022,-1.041,-1.6,-0.2,0
147.5195,151,-0.01,18.8,0,0,0.026,-0.022,-1.041,-1.6,-0.2,0
147.5295,152,-0.01,18.8,0,0,0.026,-0.022,-1.041,-1.6,-0.2,0
147.5395,155,-0.01,18.8,0,0,0.026,-0.022,-1.041,-1.6,-0.2,0
147.5495,152,-0.01,18.8,0,0,0.026,-0.022,-1.041,-1.6,-0.2,0
147.5595,151,0,18.9,0,0,0.03,-0.016,-1.003,-2,-0.2,0
147.5695,155,0,18.9,0,0,0.03,-0.016,-1.003,-2,-0.2,0
147.5795,148,0,18.9,0,0,0.03,-0.016,-1.003,-2,-0.2,0
147.5895,150,0,18.9,0,0,0.03,-0.016,-1.003,-2,-0.2,0
147.5995,153,0,18.9,0,0,0.03,-0.016,-1.003,-2,-0.2,0
147.6095,151,0,18.8,0,0,0.028,-0.015,-1.004,-0.9,-0.3,0
147.6195,153,0,18.8,0,0,0.028,-0.015,-1.004,-0.9,-0.3,0
147.6295,151,0,18.8,0,0,0.028,-0.015,-1.004,-0.9,-0.3,0
147.6395,149,0,18.8,0,0,0.028,-0.015,-1.004,-0.9,-0.3,0
147.6495,152,0,18.8,0,0,0.028,-0.015,-1.004,-0.9,-0.3,0
147.6609892,152,0,18.8,0,0,0.032,-0.009,-0.961,-1.1,-0.3,0
147.6709892,155,0,18.8,0,0,0.032,-0.009,-0.961,-1.1,-0.3,0
147.6809892,151,0,18.8,0,0,0.032,-0.009,-0.961,-1.1,-0.3,0
147.6909892,147,0,18.8,0,0,0.032,-0.009,-0.961,-1.1,-0.3,0
147.7009892,153,0,18.8,0,0,0.032,-0.009,-0.961,-1.1,-0.3,0
147.7284951,150,0,18.9,0,0,0.031,-0.008,-0.967,-0.6,-0.3,0
147.7384951,152,0,18.9,0,0,0.031,-0.008,-0.967,-0.6,-0.3,0
147.7484951,155,0,18.9,0,0,0.031,-0.008,-0.967,-0.6,-0.3,0
147.7584951,149,0,18.9,0,0,0.031,-0.008,-0.967,-0.6,-0.3,0
147.7684951,150,0,18.9,0,0,0.031,-0.008,-0.967,-0.6,-0.3,0
147.8073098,151,0,18.8,0,0,0.032,-0.005,-0.947,-1,-0.5,0
147.8173098,151,0,18.8,0,0,0.032,-0.005,-0.947,-1,-0.5,0
147.8273098,156,0,18.8,0,0,0.032,-0.005,-0.947,-1,-0.5,0
147.8373098,149,0,18.8,0,0,0.032,-0.005,-0.947,-1,-0.5,0
147.8473098,151,0,18.8,0,0,0.032,-0.005,-0.947,-1,-0.5,0
147.8872584,152,0,18.9,0,0,0.033,-0.004,-0.925,-1.4,-0.7,0
147.8972584,152,0,18.9,0,0,0.033,-0.004,-0.925,-1.4,-0.7,0
147.9072584,155,0,18.9,0,0,0.033,-0.004,-0.925,-1.4,-0.7,0
147.9172584,150,0,18.9,0,0,0.033,-0.004,-0.925,-1.4,-0.7,0
147.9272584,150,0,18.9,0,0,0.033,-0.004,-0.925,-1.4,-0.7,0
147.9372584,156,0.01,18.8,0,0,0.029,-0.01,-0.953,-0.9,-0.8,0
147.9472584,154,0.01,18.8,0,0,0.029,-0.01,-0.953,-0.9,-0.8,0
147.9572584,153,0.01,18.8,0,0,0.029,-0.01,-0.953,-0.9,-0.8,0
147.9672584,151,0.01,18.8,0,0,0.029,-0.01,-0.953,-0.9,-0.8,0
147.9772584,148,0.01,18.8,0,0,0.029,-0.01,-0.953,-0.9,-0.8,0
148.0308563,151,0,18.8,0,0,0.029,-0.011,-0.973,-0.4,-0.8,0
148.0408563,150,0,18.8,0,0,0.029,-0.011,-0.973,-0.4,-0.8,0
148.0508563,155,0,18.8,0,0,0.029,-0.011,-0.973,-0.4,-0.8,0
148.0608563,152,0,18.8,0,0,0.029,-0.011,-0.973,-0.4,-0.8,0
148.0708563,147,0,18.8,0,0,0.029,-0.011,-0.973,-0.4,-0.8,0
148.0808563,151,0,18.8,0,0,0.027,-0.013,-0.977,0.3,-0.8,0
148.0908563,149,0,18.8,0,0,0.027,-0.013,-0.977,0.3,-0.8,0
148.1008563,154,0,18.8,0,0,0.027,-0.013,-0.977,0.3,-0.8,0
148.1108563,151,0,18.8,0,0,0.027,-0.013,-0.977,0.3,-0.8,0
148.1208563,151,0,18.8,0,0,0.027,-0.013,-0.977,0.3,-0.8,0
148.1969109,155,0.01,18.8,0,0,0.028,-0.01,-0.971,0.6,-0.8,0
148.2069109,151,0.01,18.8,0,0,0.028,-0.01,-0.971,0.6,-0.8,0
148.2169109,151,0.01,18.8,0,0,0.028,-0.01,-0.971,0.6,-0.8,0
148.2269109,151,0.01,18.8,0,0,0.028,-0.01,-0.971,0.6,-0.8,0
148.2369109,151,0.01,18.8,0,0,0.028,-0.01,-0.971,0.6,-0.8,0
148.2469109,155,0,18.8,0,0,0.028,-0.004,-0.95,0.7,-0.7,0
148.2569109,151,0,18.8,0,0,0.028,-0.004,-0.95,0.7,-0.7,0
148.2669109,152,0,18.8,0,0,0.028,-0.004,-0.95,0.7,-0.7,0
148.2769109,151,0,18.8,0,0,0.028,-0.004,-0.95,0.7,-0.7,0
148.2869109,150,0,18.8,0,0,0.028,-0.004,-0.95,0.7,-0.7,0
148.3267214,152,0.01,18.9,0,0,0.03,-0.002,-0.947,0.7,-0.7,0
148.3367214,150,0.01,18.9,0,0,0.03,-0.002,-0.947,0.7,-0.7,0
148.3467214,156,0.01,18.9,0,0,0.03,-0.002,-0.947,0.7,-0.7,0
148.3567214,151,0.01,18.9,0,0,0.03,-0.002,-0.947,0.7,-0.7,0
148.3667214,146,0.01,18.9,0,0,0.03,-0.002,-0.947,0.7,-0.7,0
148.3767214,152,0,18.8,0,0,0.029,-0.005,-0.96,0.9,-0.7,0
148.3867214,150,0,18.8,0,0,0.029,-0.005,-0.96,0.9,-0.7,0
148.3967214,154,0,18.8,0,0,0.029,-0.005,-0.96,0.9,-0.7,0
148.4067214,152,0,18.8,0,0,0.029,-0.005,-0.96,0.9,-0.7,0
148.4167214,146,0,18.8,0,0,0.029,-0.005,-0.96,0.9,-0.7,0
148.4507804,155,0,18.9,0,0,0.03,-0.004,-0.957,1.4,-0.6,0
148.4607804,151,0,18.9,0,0,0.03,-0.004,-0.957,1.4,-0.6,0
148.4707804,150,0,18.9,0,0,0.03,-0.004,-0.957,1.4,-0.6,0
148.4807804,151,0,18.9,0,0,0.03,-0.004,-0.957,1.4,-0.6,0
148.4907804,147,0,18.9,0,0,0.03,-0.004,-0.957,1.4,-0.6,0
148.5007804,153,0,18.9,0,0,0.03,-0.007,-0.977,1.5,-0.7,0
148.5107804,153,0,18.9,0,0,0.03,-0.007,-0.977,1.5,-0.7,0
148.5207804,152,0,18.9,0,0,0.03,-0.007,-0.977,1.5,-0.7,0
148.5307804,151,0,18.9,0,0,0.03,-0.007,-0.977,1.5,-0.7,0
148.5407804,148,0,18.9,0,0,0.03,-0.007,-0.977,1.5,-0.7,0
148.5507804,155,0,18.8,0,0,0.03,-0.004,-0.965,2.2,-0.6,0
148.5607804,153,0,18.8,0,0,0.03,-0.004,-0.965,2.2,-0.6,0
148.5707804,151,0,18.8,0,0,0.03,-0.004,-0.965,2.2,-0.6,0
148.5807804,151,0,18.8,0,0,0.03,-0.004,-0.965,2.2,-0.6,0
148.5907804,149,0,18.8,0,0,0.03,-0.004,-0.965,2.2,-0.6,0
148.6007804,154,0,18.8,0,0,0.029,-0.008,-0.988,2.1,-0.7,0.1
148.6107804,153,0,18.8,0,0,0.029,-0.008,-0.988,2.1,-0.7,0.1
148.6207804,152,0,18.8,0,0,0.029,-0.008,-0.988,2.1,-0.7,0.1
148.6307804,150,0,18.8,0,0,0.029,-0.008,-0.988,2.1,-0.7,0.1
148.6407804,149,0,18.8,0,0,0.029,-0.008,-0.988,2.1,-0.7,0.1
148.6507804,155,0.01,18.8,0,0,0.031,-0.007,-0.976,2.9,-0.8,0
148.6607804,153,0.01,18.8,0,0,0.031,-0.007,-0.976,2.9,-0.8,0
148.6707804,153,0.01,18.8,0,0,0.031,-0.007,-0.976,2.9,-0.8,0
148.6807804,152,0.01,18.8,0,0,0.031,-0.007,-0.976,2.9,-0.8,0
148.6907804,149,0.01,18.8,0,0,0.031,-0.007,-0.976,2.9,-0.8,0
148.7259116,151,0,18.9,0,0,0.027,-0.012,-1.009,2.1,-0.8,0
148.7359116,152,0,18.9,0,0,0.027,-0.012,-1.009,2.1,-0.8,0
148.7459116,156,0,18.9,0,0,0.027,-0.012,-1.009,2.1,-0.8,0
148.7559116,151,0,18.9,0,0,0.027,-0.012,-1.009,2.1,-0.8,0
148.7659116,150,0,18.9,0,0,0.027,-0.012,-1.009,2.1,-0.8,0
148.7883249,156,0,18.9,0,0,0.029,-0.014,-1.015,2.5,-0.8,0
148.7983249,148,0,18.9,0,0,0.029,-0.014,-1.015,2.5,-0.8,0
148.8083249,152,0,18.9,0,0,0.029,-0.014,-1.015,2.5,-0.8,0
148.8183249,154,0,18.9,0,0,0.029,-0.014,-1.015,2.5,-0.8,0
148.8283249,149,0,18.9,0,0,0.029,-0.014,-1.015,2.5,-0.8,0
148.8383249,155,0,18.8,0,0,0.027,-0.021,-1.037,1.7,-0.7,0
148.8483249,151,0,18.8,0,0,0.027,-0.021,-1.037,1.7,-0.7,0
148.8583249,147,0,18.8,0,0,0.027,-0.021,-1.037,1.7,-0.7,0
148.8683249,154,0,18.8,0,0,0.027,-0.021,-1.037,1.7,-0.7,0
148.8783249,151,0,18.8,0,0,0.027,-0.021,-1.037,1.7,-0.7,0
148.8883249,151,0,18.8,0,0,0.027,-0.023,-1.06,0.8,-0.4,0
148.8983249,152,0,18.8,0,0,0.027,-0.023,-1.06,0.8,-0.4,0
148.9083249,148,0,18.8,0,0,0.027,-0.023,-1.06,0.8,-0.4,0
148.9183249,153,0,18.8,0,0,0.027,-0.023,-1.06,0.8,-0.4,0
148.9283249,151,0,18.8,0,0,0.027,-0.023,-1.06,0.8,-0.4,0
148.9383249,153,0,18.9,0,0,0.027,-0.021,-1.054,1.8,-0.5,0
148.9483249,154,0,18.9,0,0,0.027,-0.021,-1.054,1.8,-0.5,0
148.9583249,149,0,18.9,0,0,0.027,-0.021,-1.054,1.8,-0.5,0
148.9683249,153,0,18.9,0,0,0.027,-0.021,-1.054,1.8,-0.5,0
148.9783249,150,0,18.9,0,0,0.027,-0.021,-1.054,1.8,-0.5,0
148.9883249,151,0,18.8,0,0,0.025,-0.022,-1.066,1,-0.1,0.1
148.9983249,153,0,18.8,0,0,0.025,-0.022,-1.066,1,-0.1,0.1
149.0083249,149,0,18.8,0,0,0.025,-0.022,-1.066,1,-0.1,0.1
149.0183249,153,0,18.8,0,0,0.025,-0.022,-1.066,1,-0.1,0.1
149.0283249,153,0,18.8,0,0,0.025,-0.022,-1.066,1,-0.1,0.1
149.0383249,152,0,18.8,0,0,0.028,-0.021,-1.057,2.1,-0.4,0
149.0483249,155,0,18.8,0,0,0.028,-0.021,-1.057,2.1,-0.4,0
149.0583249,150,0,18.8,0,0,0.028,-0.021,-1.057,2.1,-0.4,0
149.0683249,150,0,18.8,0,0,0.028,-0.021,-1.057,2.1,-0.4,0
149.0783249,151,0,18.8,0,0,0.028,-0.021,-1.057,2.1,-0.4,0
149.0883249,151,0,18.9,0,0,0.03,-0.017,-1.044,1,-0.1,0
149.0983249,157,0,18.9,0,0,0.03,-0.017,-1.044,1,-0.1,0
149.1083249,150,0,18.9,0,0,0.03,-0.017,-1.044,1,-0.1,0
149.1183249,146,0,18.9,0,0,0.03,-0.017,-1.044,1,-0.1,0
149.1283249,156,0,18.9,0,0,0.03,-0.017,-1.044,1,-0.1,0
149.1569763,156,0,18.9,0,0,0.028,-0.016,-1.039,1.5,-0.3,0
149.1669763,153,0,18.9,0,0,0.028,-0.016,-1.039,1.5,-0.3,0
149.1769763,149,0,18.9,0,0,0.028,-0.016,-1.039,1.5,-0.3,0
149.1869763,148,0,18.9,0,0,0.028,-0.016,-1.039,1.5,-0.3,0
149.1969763,151,0,18.9,0,0,0.028,-0.016,-1.039,1.5,-0.3,0
149.2069763,152,0,18.9,0,0,0.031,-0.013,-1.012,0.3,-0.3,0
149.2169763,155,0,18.9,0,0,0.031,-0.013,-1.012,0.3,-0.3,0
149.2269763,149,0,18.9,0,0,0.031,-0.013,-1.012,0.3,-0.3,0
149.2369763,147,0,18.9,0,0,0.031,-0.013,-1.012,0.3,-0.3,0
149.2469763,152,0,18.9,0,0,0.031,-0.013,-1.012,0.3,-0.3,0
149.2569763,151,0,18.9,0,0,0.031,-0.016,-1.034,0.5,-0.5,0
149.2669763,153,0,18.9,0,0,0.031,-0.016,-1.034,0.5,-0.5,0
149.2769763,151,0,18.9,0,0,0.031,-0.016,-1.034,0.5,-0.5,0
149.2869763,151,0,18.9,0,0,0.031,-0.016,-1.034,0.5,-0.5,0
149.2969763,150,0,18.9,0,0,0.031,-0.016,-1.034,0.5,-0.5,0
149.3082528,149,0,18.8,0,0,0.03,-0.014,-1.007,-0.2,-0.3,0
149.3182528,155,0,18.8,0,0,0.03,-0.014,-1.007,-0.2,-0.3,0
149.3282528,151,0,18.8,0,0,0.03,-0.014,-1.007,-0.2,-0.3,0
149.3382528,150,0,18.8,0,0,0.03,-0.014,-1.007,-0.2,-0.3,0
149.3482528,151,0,18.8,0,0,0.03,-0.014,-1.007,-0.2,-0.3,0
149.3582528,151,0,18.9,0,0,0.028,-0.021,-1.051,-0.1,-0.6,0
149.3682528,155,0,18.9,0,0,0.028,-0.021,-1.051,-0.1,-0.6,0
149.3782528,151,0,18.9,0,0,0.028,-0.021,-1.051,-0.1,-0.6,0
149.3882528,151,0,18.9,0,0,0.028,-0.021,-1.051,-0.1,-0.6,0
149.3982528,151,0,18.9,0,0,0.028,-0.021,-1.051,-0.1,-0.6,0
149.4082528,150,-0.01,18.9,0,0,0.031,-0.02,-1.029,-0.6,-0.4,0
149.4182528,155,-0.01,18.9,0,0,0.031,-0.02,-1.029,-0.6,-0.4,0
149.4282528,151,-0.01,18.9,0,0,0.031,-0.02,-1.029,-0.6,-0.4,0
149.4382528,150,-0.01,18.9,0,0,0.031,-0.02,-1.029,-0.6,-0.4,0
149.4482528,152,-0.01,18.9,0,0,0.031,-0.02,-1.029,-0.6,-0.4,0
149.4582528,152,-0.01,18.8,0,0,0.028,-0.028,-1.074,-0.4,-0.6,0
149.4682528,155,-0.01,18.8,0,0,0.028,-0.028,-1.074,-0.4,-0.6,0
149.4782528,151,-0.01,18.8,0,0,0.028,-0.028,-1.074,-0.4,-0.6,0
149.4882528,150,-0.01,18.8,0,0,0.028,-0.028,-1.074,-0.4,-0.6,0
149.4982528,152,-0.01,18.8,0,0,0.028,-0.028,-1.074,-0.4,-0.6,0
149.5082528,149,-0.01,18.9,0,0,0.028,-0.024,-1.041,-0.6,-0.6,0
149.5182528,156,-0.01,18.9,0,0,0.028,-0.024,-1.041,-0.6,-0.6,0
149.5282528,151,-0.01,18.9,0,0,0.028,-0.024,-1.041,-0.6,-0.6,0
149.5382528,146,-0.01,18.9,0,0,0.028,-0.024,-1.041,-0.6,-0.6,0
149.5482528,158,-0.01,18.9,0,0,0.028,-0.024,-1.041,-0.6,-0.6,0
149.5582528,151,-0.01,18.9,0,0,0.028,-0.024,-1.06,-0.6,-0.6,0
149.5682528,153,-0.01,18.9,0,0,0.028,-0.024,-1.06,-0.6,-0.6,0
149.5782528,154,-0.01,18.9,0,0,0.028,-0.024,-1.06,-0.6,-0.6,0
149.5882528,148,-0.01,18.9,0,0,0.028,-0.024,-1.06,-0.6,-0.6,0
149.5982528,152,-0.01,18.9,0,0,0.028,-0.024,-1.06,-0.6,-0.6,0
149.6139257,150,-0.01,18.9,0,0,0.027,-0.018,-1.023,-0.4,-0.6,0
149.6239257,153,-0.01,18.9,0,0,0.027,-0.018,-1.023,-0.4,-0.6,0
149.6339257,152,-0.01,18.9,0,0,0.027,-0.018,-1.023,-0.4,-0.6,0
149.6439257,147,-0.01,18.9,0,0,0.027,-0.018,-1.023,-0.4,-0.6,0
149.6539257,155,-0.01,18.9,0,0,0.027,-0.018,-1.023,-0.4,-0.6,0
149.6639257,151,0,18.8,0,0,0.028,-0.02,-1.035,-0.9,-0.4,0
149.6739257,150,0,18.8,0,0,0.028,-0.02,-1.035,-0.9,-0.4,0
149.6839257,151,0,18.8,0,0,0.028,-0.02,-1.035,-0.9,-0.4,0
149.6939257,148,0,18.8,0,0,0.028,-0.02,-1.035,-0.9,-0.4,0
149.7039257,153,0,18.8,0,0,0.028,-0.02,-1.035,-0.9,-0.4,0
149.7139257,153,-0.01,18.9,0,0,0.028,-0.015,-1.005,-0.9,-0.5,0
149.7239257,152,-0.01,18.9,0,0,0.028,-0.015,-1.005,-0.9,-0.5,0
149.7339257,151,-0.01,18.9,0,0,0.028,-0.015,-1.005,-0.9,-0.5,0
149.7439257,148,-0.01,18.9,0,0,0.028,-0.015,-1.005,-0.9,-0.5,0
149.7539257,154,-0.01,18.9,0,0,0.028,-0.015,-1.005,-0.9,-0.5,0
149.8174377,154,-0.02,18.9,0,0,0.027,-0.01,-0.992,-1.5,-0.6,0
149.8274377,151,-0.02,18.9,0,0,0.027,-0.01,-0.992,-1.5,-0.6,0
149.8374377,150,-0.02,18.9,0,0,0.027,-0.01,-0.992,-1.5,-0.6,0
149.8474377,149,-0.02,18.9,0,0,0.027,-0.01,-0.992,-1.5,-0.6,0
149.8574377,154,-0.02,18.9,0,0,0.027,-0.01,-0.992,-1.5,-0.6,0
159.8258872,153,-0.01,18.9,0,0,0.029,-0.013,-0.996,-2.3,-0.3,0
159.8358872,153,-0.01,18.9,0,0,0.029,-0.013,-0.996,-2.3,-0.3,0
159.8458872,151,-0.01,18.9,0,0,0.029,-0.013,-0.996,-2.3,-0.3,0
159.8558872,149,-0.01,18.9,0,0,0.029,-0.013,-0.996,-2.3,-0.3,0
159.8658872,152,-0.01,18.9,0,0,0.029,-0.013,-0.996,-2.3,-0.3,0
159.8758872,152,-0.01,18.9,0,0,0.029,-0.009,-0.982,-1.5,-0.6,0
159.8858872,156,-0.01,18.9,0,0,0.029,-0.009,-0.982,-1.5,-0.6,0
159.8958872,152,-0.01,18.9,0,0,0.029,-0.009,-0.982,-1.5,-0.6,0
159.9058872,150,-0.01,18.9,0,0,0.029,-0.009,-0.982,-1.5,-0.6,0
159.9158872,155,-0.01,18.9,0,0,0.029,-0.009,-0.982,-1.5,-0.6,0
159.9258872,148,-0.01,18.9,0,0,0.03,-0.009,-0.979,-1.5,-0.6,0
159.9358872,153,-0.01,18.9,0,0,0.03,-0.009,-0.979,-1.5,-0.6,0
159.9458872,153,-0.01,18.9,0,0,0.03,-0.009,-0.979,-1.5,-0.6,0
159.9558872,148,-0.01,18.9,0,0,0.03,-0.009,-0.979,-1.5,-0.6,0
159.9658872,153,-0.01,18.9,0,0,0.03,-0.009,-0.979,-1.5,-0.6,0
159.9758872,150,0,18.9,0,0,0.03,-0.008,-0.968,-0.3,-0.7,0
159.9858872,151,0,18.9,0,0,0.03,-0.008,-0.968,-0.3,-0.7,0
159.9958872,152,0,18.9,0,0,0.03,-0.008,-0.968,-0.3,-0.7,0
160.0058872,149,0,18.9,0,0,0.03,-0.008,-0.968,-0.3,-0.7,0
160.0158872,155,0,18.9,0,0,0.03,-0.008,-0.968,-0.3,-0.7,0
160.0258872,151,-0.01,18.9,0,0,0.031,-0.007,-0.959,-0.6,-0.7,0
160.0358872,148,-0.01,18.9,0,0,0.031,-0.007,-0.959,-0.6,-0.7,0
160.0458872,154,-0.01,18.9,0,0,0.031,-0.007,-0.959,-0.6,-0.7,0
160.0558872,150,-0.01,18.9,0,0,0.031,-0.007,-0.959,-0.6,-0.7,0
160.0658872,151,-0.01,18.9,0,0,0.031,-0.007,-0.959,-0.6,-0.7,0
160.0758872,152,0,18.8,0,0,0.03,-0.006,-0.962,0,-0.8,0
160.0858872,148,0,18.8,0,0,0.03,-0.006,-0.962,0,-0.8,0
160.0958872,153,0,18.8,0,0,0.03,-0.006,-0.962,0,-0.8,0
160.1058872,151,0,18.8,0,0,0.03,-0.006,-0.962,0,-0.8,0
160.1158872,153,0,18.8,0,0,0.03,-0.006,-0.962,0,-0.8,0
160.1258872,154,-0.01,18.8,0,0,0.031,-0.007,-0.948,-0.6,-0.7,0
160.1358872,148,-0.01,18.8,0,0,0.031,-0.007,-0.948,-0.6,-0.7,0
160.1458872,153,-0.01,18.8,0,0,0.031,-0.007,-0.948,-0.6,-0.7,0
160.1558872,151,-0.01,18.8,0,0,0.031,-0.007,-0.948,-0.6,-0.7,0
160.1658872,151,-0.01,18.8,0,0,0.031,-0.007,-0.948,-0.6,-0.7,0
160.1758872,153,-0.01,18.9,0,0,0.029,-0.008,-0.959,-0.3,-1,0
160.1858872,148,-0.01,18.9,0,0,0.029,-0.008,-0.959,-0.3,-1,0
160.1958872,152,-0.01,18.9,0,0,0.029,-0.008,-0.959,-0.3,-1,0
160.2058872,152,-0.01,18.9,0,0,0.029,-0.008,-0.959,-0.3,-1,0
160.2158872,153,-0.01,18.9,0,0,0.029,-0.008,-0.959,-0.3,-1,0
160.2258872,152,0,18.8,0,0,0.028,-0.01,-0.958,-0.9,-0.8,0
160.2358872,149,0,18.8,0,0,0.028,-0.01,-0.958,-0.9,-0.8,0
160.2458872,153,0,18.8,0,0,0.028,-0.01,-0.958,-0.9,-0.8,0
160.2558872,152,0,18.8,0,0,0.028,-0.01,-0.958,-0.9,-0.8,0
160.2658872,152,0,18.8,0,0,0.028,-0.01,-0.958,-0.9,-0.8,0
160.2758872,156,0,18.9,0,0,0.027,-0.012,-0.97,-0.2,-0.8,0
160.2858872,149,0,18.9,0,0,0.027,-0.012,-0.97,-0.2,-0.8,0
160.2958872,147,0,18.9,0,0,0.027,-0.012,-0.97,-0.2,-0.8,0
160.3058872,156,0,18.9,0,0,0.027,-0.012,-0.97,-0.2,-0.8,0
160.3158872,155,0,18.9,0,0,0.027,-0.012,-0.97,-0.2,-0.8,0
160.3258872,154,0,18.8,0,0,0.027,-0.013,-0.982,-0.6,-0.5,0
160.3358872,150,0,18.8,0,0,0.027,-0.013,-0.982,-0.6,-0.5,0
160.3458872,147,0,18.8,0,0,0.027,-0.013,-0.982,-0.6,-0.5,0
160.3558872,151,0,18.8,0,0,0.027,-0.013,-0.982,-0.6,-0.5,0
160.3658872,153,0,18.8,0,0,0.027,-0.013,-0.982,-0.6,-0.5,0
160.3758872,154,0,18.9,0,0,0.026,-0.014,-0.988,0.2,-0.4,0
160.3858872,150,0,18.9,0,0,0.026,-0.014,-0.988,0.2,-0.4,0
160.3958872,150,0,18.9,0,0,0.026,-0.014,-0.988,0.2,-0.4,0
160.4058872,150,0,18.9,0,0,0.026,-0.014,-0.988,0.2,-0.4,0
160.4158872,149,0,18.9,0,0,0.026,-0.014,-0.988,0.2,-0.4,0
160.4258872,154,0,18.9,0,0,0.029,-0.018,-1.015,1.2,-0.5,0
160.4358872,151,0,18.9,0,0,0.029,-0.018,-1.015,1.2,-0.5,0
160.4458872,150,0,18.9,0,0,0.029,-0.018,-1.015,1.2,-0.5,0
160.4558872,151,0,18.9,0,0,0.029,-0.018,-1.015,1.2,-0.5,0
160.4658872,152,0,18.9,0,0,0.029,-0.018,-1.015,1.2,-0.5,0
160.4758872,155,0,18.9,0,0,0.026,-0.02,-1.044,-1.6,-0.4,0
160.4858872,151,0,18.9,0,0,0.026,-0.02,-1.044,-1.6,-0.4,0
160.4958872,151,0,18.9,0,0,0.026,-0.02,-1.044,-1.6,-0.4,0
160.5058872,150,0,18.9,0,0,0.026,-0.02,-1.044,-1.6,-0.4,0
160.5158872,150,0,18.9,0,0,0.026,-0.02,-1.044,-1.6,-0.4,0
160.5258872,155,0,18.8,0,0,0.028,-0.017,-1.015,-1.5,-0.6,0
160.5358872,150,0,18.8,0,0,0.028,-0.017,-1.015,-1.5,-0.6,0
160.5458872,150,0,18.8,0,0,0.028,-0.017,-1.015,-1.5,-0.6,0
160.5558872,153,0,18.8,0,0,0.028,-0.017,-1.015,-1.5,-0.6,0
160.5658872,151,0,18.8,0,0,0.028,-0.017,-1.015,-1.5,-0.6,0
160.5758872,155,0,18.9,0,0,0.026,-0.017,-1.027,-2.2,-0.3,0
160.5858872,151,0,18.9,0,0,0.026,-0.017,-1.027,-2.2,-0.3,0
160.5958872,150,0,18.9,0,0,0.026,-0.017,-1.027,-2.2,-0.3,0
160.6058872,152,0,18.9,0,0,0.026,-0.017,-1.027,-2.2,-0.3,0
160.6158872,150,0,18.9,0,0,0.026,-0.017,-1.027,-2.2,-0.3,0
160.6258872,157,0,18.9,0,0,0.029,-0.015,-1.003,-1.5,-0.6,0
160.6358872,151,0,18.9,0,0,0.029,-0.015,-1.003,-1.5,-0.6,0
160.6458872,146,0,18.9,0,0,0.029,-0.015,-1.003,-1.5,-0.6,0
160.6558872,156,0,18.9,0,0,0.029,-0.015,-1.003,-1.5,-0.6,0
160.6658872,151,0,18.9,0,0,0.029,-0.015,-1.003,-1.5,-0.6,0
160.6758872,153,0,18.8,0,0,0.028,-0.012,-0.997,-1.5,-0.4,0
160.6858872,154,0,18.8,0,0,0.028,-0.012,-0.997,-1.5,-0.4,0
160.6958872,147,0,18.8,0,0,0.028,-0.012,-0.997,-1.5,-0.4,0
160.7058872,152,0,18.8,0,0,0.028,-0.012,-0.997,-1.5,-0.4,0
160.7158872,151,0,18.8,0,0,0.028,-0.012,-0.997,-1.5,-0.4,0
160.7258872,154,0,18.9,0,0,0.03,-0.009,-0.972,-0.6,-0.7,0
160.7358872,152,0,18.9,0,0,0.03,-0.009,-0.972,-0.6,-0.7,0
160.7458872,148,0,18.9,0,0,0.03,-0.009,-0.972,-0.6,-0.7,0
160.7558872,155,0,18.9,0,0,0.03,-0.009,-0.972,-0.6,-0.7,0
160.7658872,151,0,18.9,0,0,0.03,-0.009,-0.972,-0.6,-0.7,0
160.7758872,150,0,18.9,0,0,0.032,-0.007,-0.963,-0.8,-0.5,0
160.7858872,151,0,18.9,0,0,0.032,-0.007,-0.963,-0.8,-0.5,0
160.7958872,148,0,18.9,0,0,0.032,-0.007,-0.963,-0.8,-0.5,0
160.8058872,153,0,18.9,0,0,0.032,-0.007,-0.963,-0.8,-0.5,0
160.8158872,152,0,18.9,0,0,0.032,-0.007,-0.963,-0.8,-0.5,0
160.8258872,153,0,18.8,0,0,0.031,-0.004,-0.959,-0.2,-0.8,0
160.8358872,151,0,18.8,0,0,0.031,-0.004,-0.959,-0.2,-0.8,0
160.8458872,148,0,18.8,0,0,0.031,-0.004,-0.959,-0.2,-0.8,0
160.8558872,154,0,18.8,0,0,0.031,-0.004,-0.959,-0.2,-0.8,0
160.8658872,153,0,18.8,0,0,0.031,-0.004,-0.959,-0.2,-0.8,0
160.8758872,152,0,18.9,0,0,0.03,-0.005,-0.944,-0.9,-0.7,0
160.8858872,151,0,18.9,0,0,0.03,-0.005,-0.944,-0.9,-0.7,0
160.8958872,148,0,18.9,0,0,0.03,-0.005,-0.944,-0.9,-0.7,0
160.9058872,154,0,18.9,0,0,0.03,-0.005,-0.944,-0.9,-0.7,0
160.9158872,153,0,18.9,0,0,0.03,-0.005,-0.944,-0.9,-0.7,0
160.9258872,151,0.01,18.8,0,0,0.03,-0.006,-0.952,-0.6,-0.9,0
160.9358872,150,0.01,18.8,0,0,0.03,-0.006,-0.952,-0.6,-0.9,0
160.9458872,149,0.01,18.8,0,0,0.03,-0.006,-0.952,-0.6,-0.9,0
160.9558872,155,0.01,18.8,0,0,0.03,-0.006,-0.952,-0.6,-0.9,0
160.9658872,152,0.01,18.8,0,0,0.03,-0.006,-0.952,-0.6,-0.9,0
160.9758872,153,0,18.9,0,0,0.031,-0.009,-0.952,-1.2,-0.9,0
160.9858872,151,0,18.9,0,0,0.031,-0.009,-0.952,-1.2,-0.9,0
160.9958872,149,0,18.9,0,0,0.031,-0.009,-0.952,-1.2,-0.9,0
161.0058872,153,0,18.9,0,0,0.031,-0.009,-0.952,-1.2,-0.9,0
161.0158872,152,0,18.9,0,0,0.031,-0.009,-0.952,-1.2,-0.9,0
161.0258872,156,0,18.9,0,0,0.028,-0.011,-0.967,-0.4,-0.9,0
161.0358872,150,0,18.9,0,0,0.028,-0.011,-0.967,-0.4,-0.9,0
161.0458872,150,0,18.9,0,0,0.028,-0.011,-0.967,-0.4,-0.9,0
161.0558872,157,0,18.9,0,0,0.028,-0.011,-0.967,-0.4,-0.9,0
161.0658872,148,0,18.9,0,0,0.028,-0.011,-0.967,-0.4,-0.9,0
161.0758872,153,0,18.9,0,0,0.026,-0.016,-0.985,-0.9,-0.7,0
161.0858872,153,0,18.9,0,0,0.026,-0.016,-0.985,-0.9,-0.7,0
161.0958872,147,0,18.9,0,0,0.026,-0.016,-0.985,-0.9,-0.7,0
161.1058872,153,0,18.9,0,0,0.026,-0.016,-0.985,-0.9,-0.7,0
161.1158872,151,0,18.9,0,0,0.026,-0.016,-0.985,-0.9,-0.7,0
161.1258872,153,0,18.9,0,0,0.026,-0.016,-0.992,0.2,-0.8,0
161.1358872,151,0,18.9,0,0,0.026,-0.016,-0.992,0.2,-0.8,0
161.1458872,148,0,18.9,0,0,0.026,-0.016,-0.992,0.2,-0.8,0
161.1558872,155,0,18.9,0,0,0.026,-0.016,-0.992,0.2,-0.8,0
161.1658872,151,0,18.9,0,0,0.026,-0.016,-0.992,0.2,-0.8,0
161.1758872,147,0,18.9,0,0,0.026,-0.016,-0.996,0,-0.6,0
161.1858872,153,0,18.9,0,0,0.026,-0.016,-0.996,0,-0.6,0
161.1958872,150,0,18.9,0,0,0.026,-0.016,-0.996,0,-0.6,0
161.2058872,151,0,18.9,0,0,0.026,-0.016,-0.996,0,-0.6,0
161.2158872,153,0,18.9,0,0,0.026,-0.016,-0.996,0,-0.6,0
161.2258872,149,0,18.8,0,0,0.026,-0.015,-0.984,1,-0.6,0
161.2358872,152,0,18.8,0,0,0.026,-0.015,-0.984,1,-0.6,0
161.2458872,151,0,18.8,0,0,0.026,-0.015,-0.984,1,-0.6,0
161.2558872,153,0,18.8,0,0,0.026,-0.015,-0.984,1,-0.6,0
161.2658872,154,0,18.8,0,0,0.026,-0.015,-0.984,1,-0.6,0
161.2758872,148,0,18.9,0,0,0.028,-0.009,-0.969,0.6,-0.5,0
161.2858872,152,0,18.9,0,0,0.028,-0.009,-0.969,0.6,-0.5,0
161.2958872,151,0,18.9,0,0,0.028,-0.009,-0.969,0.6,-0.5,0
161.3058872,151,0,18.9,0,0,0.028,-0.009,-0.969,0.6,-0.5,0
161.3158872,153,0,18.9,0,0,0.028,-0.009,-0.969,0.6,-0.5,0
161.325887199999,149,0,18.8,0,0,0.028,-0.005,-0.953,1.4,-0.4,0
161.335887199999,153,0,18.8,0,0,0.028,-0.005,-0.953,1.4,-0.4,0
161.3458872,153,0,18.8,0,0,0.028,-0.005,-0.953,1.4,-0.4,0
161.3558872,152,0,18.8,0,0,0.028,-0.005,-0.953,1.4,-0.4,0
161.365887199999,153,0,18.8,0,0,0.028,-0.005,-0.953,1.4,-0.4,0
161.375887199999,150,0,18.8,0,0,0.031,-0.002,-0.941,1.7,-0.5,0
161.385887199999,146,0,18.8,0,0,0.031,-0.002,-0.941,1.7,-0.5,0
161.395887199999,156,0,18.8,0,0,0.031,-0.002,-0.941,1.7,-0.5,0
161.405887199999,156,0,18.8,0,0,0.031,-0.002,-0.941,1.7,-0.5,0
161.415887199999,154,0,18.8,0,0,0.031,-0.002,-0.941,1.7,-0.5,0
161.425887199999,150,0,18.9,0,0,0.029,-0.003,-0.94,1,-0.3,0
161.435887199999,147,0,18.9,0,0,0.029,-0.003,-0.94,1,-0.3,0
161.445887199999,150,0,18.9,0,0,0.029,-0.003,-0.94,1,-0.3,0
161.455887199999,153,0,18.9,0,0,0.029,-0.003,-0.94,1,-0.3,0
161.465887199999,155,0,18.9,0,0,0.029,-0.003,-0.94,1,-0.3,0
161.475887199999,148,0,18.8,0,0,0.03,-0.008,-0.96,1.7,-0.6,0
161.485887199999,147,0,18.8,0,0,0.03,-0.008,-0.96,1.7,-0.6,0
161.495887199999,152,0,18.8,0,0,0.03,-0.008,-0.96,1.7,-0.6,0
161.505887199999,153,0,18.8,0,0,0.03,-0.008,-0.96,1.7,-0.6,0
161.515887199999,154,0,18.8,0,0,0.03,-0.008,-0.96,1.7,-0.6,0
161.525887199999,149,0,18.9,0,0,0.031,-0.008,-0.965,1.4,-0.4,0
161.535887199999,151,0,18.9,0,0,0.031,-0.008,-0.965,1.4,-0.4,0
161.545887199999,151,0,18.9,0,0,0.031,-0.008,-0.965,1.4,-0.4,0
161.555887199999,149,0,18.9,0,0,0.031,-0.008,-0.965,1.4,-0.4,0
161.565887199999,154,0,18.9,0,0,0.031,-0.008,-0.965,1.4,-0.4,0
161.575887199999,151,0.01,18.8,0,0,0.031,-0.011,-0.98,2.3,-0.7,0
161.585887199999,151,0.01,18.8,0,0,0.031,-0.011,-0.98,2.3,-0.7,0
161.595887199999,151,0.01,18.8,0,0,0.031,-0.011,-0.98,2.3,-0.7,0
161.605887199999,151,0.01,18.8,0,0,0.031,-0.011,-0.98,2.3,-0.7,0
161.615887199999,155,0.01,18.8,0,0,0.031,-0.011,-0.98,2.3,-0.7,0
161.625887199999,150,0,18.8,0,0,0.03,-0.011,-0.997,2.9,-0.7,0
161.635887199999,151,0,18.8,0,0,0.03,-0.011,-0.997,2.9,-0.7,0
161.645887199999,152,0,18.8,0,0,0.03,-0.011,-0.997,2.9,-0.7,0
161.655887199999,151,0,18.8,0,0,0.03,-0.011,-0.997,2.9,-0.7,0
161.665887199999,155,0,18.8,0,0,0.03,-0.011,-0.997,2.9,-0.7,0
161.675887199999,151,0,18.8,0,0,0.029,-0.012,-1,2.6,-0.6,0
161.685887199999,150,0,18.8,0,0,0.029,-0.012,-1,2.6,-0.6,0
161.695887199999,151,0,18.8,0,0,0.029,-0.012,-1,2.6,-0.6,0
161.705887199999,150,0,18.8,0,0,0.029,-0.012,-1,2.6,-0.6,0
161.715887199999,157,0,18.8,0,0,0.029,-0.012,-1,2.6,-0.6,0
161.725887199999,154,0,18.9,0,0,0.028,-0.013,-1.019,1.8,-0.7,0
161.735887199999,147,0,18.9,0,0,0.028,-0.013,-1.019,1.8,-0.7,0
161.745887199999,152,0,18.9,0,0,0.028,-0.013,-1.019,1.8,-0.7,0
161.755887199999,150,0,18.9,0,0,0.028,-0.013,-1.019,1.8,-0.7,0
161.765887199999,154,0,18.9,0,0,0.028,-0.013,-1.019,1.8,-0.7,0
161.775887199999,151,0,18.9,0,0,0.025,-0.018,-1.052,1.4,-0.7,0
161.785887199999,147,0,18.9,0,0,0.025,-0.018,-1.052,1.4,-0.7,0
161.795887199999,156,0,18.9,0,0,0.025,-0.018,-1.052,1.4,-0.7,0
161.805887199999,151,0,18.9,0,0,0.025,-0.018,-1.052,1.4,-0.7,0
161.815887199999,150,0,18.9,0,0,0.025,-0.018,-1.052,1.4,-0.7,0
161.825887199999,151,0,18.8,0,0,0.027,-0.017,-1.031,1.2,-0.6,0
161.835887199999,151,0,18.8,0,0,0.027,-0.017,-1.031,1.2,-0.6,0
161.845887199999,153,0,18.8,0,0,0.027,-0.017,-1.031,1.2,-0.6,0
161.855887199999,149,0,18.8,0,0,0.027,-0.017,-1.031,1.2,-0.6,0
161.865887199999,153,0,18.8,0,0,0.027,-0.017,-1.031,1.2,-0.6,0
161.875887199999,151,0,18.9,0,0,0.028,-0.02,-1.067,1,-0.6,0
161.885887199999,150,0,18.9,0,0,0.028,-0.02,-1.067,1,-0.6,0
161.895887199999,155,0,18.9,0,0,0.028,-0.02,-1.067,1,-0.6,0
161.905887199999,151,0,18.9,0,0,0.028,-0.02,-1.067,1,-0.6,0
161.915887199999,151,0,18.9,0,0,0.028,-0.02,-1.067,1,-0.6,0
161.925887199999,150,0,18.9,0,0,0.027,-0.015,-1.044,1.4,-0.5,0
161.935887199999,149,0,18.9,0,0,0.027,-0.015,-1.044,1.4,-0.5,0
161.945887199999,154,0,18.9,0,0,0.027,-0.015,-1.044,1.4,-0.5,0
161.955887199999,152,0,18.9,0,0,0.027,-0.015,-1.044,1.4,-0.5,0
161.965887199999,152,0,18.9,0,0,0.027,-0.015,-1.044,1.4,-0.5,0
161.975887199999,150,0,18.9,0,0,0.026,-0.02,-1.077,1.1,-0.5,0.1
161.985887199999,149,0,18.9,0,0,0.026,-0.02,-1.077,1.1,-0.5,0.1
161.995887199999,154,0,18.9,0,0,0.026,-0.02,-1.077,1.1,-0.5,0.1
162.005887199999,153,0,18.9,0,0,0.026,-0.02,-1.077,1.1,-0.5,0.1
162.015887199999,152,0,18.9,0,0,0.026,-0.02,-1.077,1.1,-0.5,0.1
162.025887199999,151,0,18.9,0,0,0.03,-0.016,-1.043,1.5,-0.5,0
162.035887199999,149,0,18.9,0,0,0.03,-0.016,-1.043,1.5,-0.5,0
162.045887199999,153,0,18.9,0,0,0.03,-0.016,-1.043,1.5,-0.5,0
162.055887199999,152,0,18.9,0,0,0.03,-0.016,-1.043,1.5,-0.5,0
162.065887199999,156,0,18.9,0,0,0.03,-0.016,-1.043,1.5,-0.5,0
162.075887199999,151,0,18.8,0,0,0.029,-0.019,-1.061,0.7,-0.4,0
162.085887199999,150,0,18.8,0,0,0.029,-0.019,-1.061,0.7,-0.4,0
162.095887199999,156,0,18.8,0,0,0.029,-0.019,-1.061,0.7,-0.4,0
162.105887199999,148,0,18.8,0,0,0.029,-0.019,-1.061,0.7,-0.4,0
162.115887199999,153,0,18.8,0,0,0.029,-0.019,-1.061,0.7,-0.4,0
162.125887199999,153,0,18.8,0,0,0.03,-0.015,-1.028,0.9,-0.6,0
162.135887199999,148,0,18.8,0,0,0.03,-0.015,-1.028,0.9,-0.6,0
162.145887199999,153,0,18.8,0,0,0.03,-0.015,-1.028,0.9,-0.6,0
162.155887199999,150,0,18.8,0,0,0.03,-0.015,-1.028,0.9,-0.6,0
162.165887199999,153,0,18.8,0,0,0.03,-0.015,-1.028,0.9,-0.6,0
162.175887199999,152,0,18.8,0,0,0.03,-0.019,-1.047,-0.3,-0.4,0
162.185887199999,147,0,18.8,0,0,0.03,-0.019,-1.047,-0.3,-0.4,0
162.195887199999,155,0,18.8,0,0,0.03,-0.019,-1.047,-0.3,-0.4,0
162.205887199999,151,0,18.8,0,0,0.03,-0.019,-1.047,-0.3,-0.4,0
162.215887199999,150,0,18.8,0,0,0.03,-0.019,-1.047,-0.3,-0.4,0
162.225887199999,153,0,18.8,0,0,0.029,-0.019,-1.037,0.1,-0.7,0
162.235887199999,148,0,18.8,0,0,0.029,-0.019,-1.037,0.1,-0.7,0
162.245887199999,151,0,18.8,0,0,0.029,-0.019,-1.037,0.1,-0.7,0
162.255887199999,152,0,18.8,0,0,0.029,-0.019,-1.037,0.1,-0.7,0
162.265887199999,153,0,18.8,0,0,0.029,-0.019,-1.037,0.1,-0.7,0
162.275887199999,153,0,18.8,0,0,0.027,-0.023,-1.057,-1.2,-0.4,0
162.285887199999,148,0,18.8,0,0,0.027,-0.023,-1.057,-1.2,-0.4,0
162.295887199999,153,0,18.8,0,0,0.027,-0.023,-1.057,-1.2,-0.4,0
162.305887199999,154,0,18.8,0,0,0.027,-0.023,-1.057,-1.2,-0.4,0
162.315887199999,150,0,18.8,0,0,0.027,-0.023,-1.057,-1.2,-0.4,0
162.325887199999,152,-0.01,18.8,0,0,0.028,-0.026,-1.061,-0.6,-0.6,0
162.335887199999,149,-0.01,18.8,0,0,0.028,-0.026,-1.061,-0.6,-0.6,0
162.345887199999,152,-0.01,18.8,0,0,0.028,-0.026,-1.061,-0.6,-0.6,0
162.355887199999,153,-0.01,18.8,0,0,0.028,-0.026,-1.061,-0.6,-0.6,0
162.365887199999,149,-0.01,18.8,0,0,0.028,-0.026,-1.061,-0.6,-0.6,0
162.375887199999,153,-0.01,18.9,0,0,0.028,-0.03,-1.075,-1.7,-0.3,0
162.385887199999,152,-0.01,18.9,0,0,0.028,-0.03,-1.075,-1.7,-0.3,0
162.395887199999,152,-0.01,18.9,0,0,0.028,-0.03,-1.075,-1.7,-0.3,0
162.405887199999,152,-0.01,18.9,0,0,0.028,-0.03,-1.075,-1.7,-0.3,0
162.415887199999,150,-0.01,18.9,0,0,0.028,-0.03,-1.075,-1.7,-0.3,0
162.425887199999,153,-0.01,18.8,0,0,0.025,-0.031,-1.074,-0.9,-0.6,0
162.435887199999,151,-0.01,18.8,0,0,0.025,-0.031,-1.074,-0.9,-0.6,0
162.445887199999,151,-0.01,18.8,0,0,0.025,-0.031,-1.074,-0.9,-0.6,0
162.455887199999,152,-0.01,18.8,0,0,0.025,-0.031,-1.074,-0.9,-0.6,0
162.465887199999,149,-0.01,18.8,0,0,0.025,-0.031,-1.074,-0.9,-0.6,0
162.475887199999,152,-0.01,18.8,0,0,0.028,-0.026,-1.057,-1.7,-0.3,0
162.485887199999,157,-0.01,18.8,0,0,0.028,-0.026,-1.057,-1.7,-0.3,0
162.495887199999,155,-0.01,18.8,0,0,0.028,-0.026,-1.057,-1.7,-0.3,0
162.505887199999,154,-0.01,18.8,0,0,0.028,-0.026,-1.057,-1.7,-0.3,0
162.515887199999,150,-0.01,18.8,0,0,0.028,-0.026,-1.057,-1.7,-0.3,0
162.525887199999,147,-0.01,18.9,0,0,0.026,-0.024,-1.044,-0.7,-0.4,0
162.535887199999,150,-0.01,18.9,0,0,0.026,-0.024,-1.044,-0.7,-0.4,0
162.545887199999,153,-0.01,18.9,0,0,0.026,-0.024,-1.044,-0.7,-0.4,0
162.555887199999,155,-0.01,18.9,0,0,0.026,-0.024,-1.044,-0.7,-0.4,0
162.565887199999,149,-0.01,18.9,0,0,0.026,-0.024,-1.044,-0.7,-0.4,0
162.575887199999,148,-0.01,18.8,0,0,0.028,-0.017,-1.007,-1.5,-0.1,0
162.585887199999,152,-0.01,18.8,0,0,0.028,-0.017,-1.007,-1.5,-0.1,0
162.595887199999,155,-0.01,18.8,0,0,0.028,-0.017,-1.007,-1.5,-0.1,0
162.605887199999,154,-0.01,18.8,0,0,0.028,-0.017,-1.007,-1.5,-0.1,0
162.615887199999,147,-0.01,18.8,0,0,0.028,-0.017,-1.007,-1.5,-0.1,0
162.625887199999,150,-0.01,18.8,0,0,0.028,-0.015,-1.01,-0.9,-0.3,0
162.635887199999,151,-0.01,18.8,0,0,0.028,-0.015,-1.01,-0.9,-0.3,0
162.645887199999,152,-0.01,18.8,0,0,0.028,-0.015,-1.01,-0.9,-0.3,0
162.655887199999,154,-0.01,18.8,0,0,0.028,-0.015,-1.01,-0.9,-0.3,0
162.665887199999,148,-0.01,18.8,0,0,0.028,-0.015,-1.01,-0.9,-0.3,0
162.675887199999,151,-0.01,18.8,0,0,0.03,-0.008,-0.969,-1.8,-0.1,0
162.685887199999,151,-0.01,18.8,0,0,0.03,-0.008,-0.969,-1.8,-0.1,0
162.695887199999,152,-0.01,18.8,0,0,0.03,-0.008,-0.969,-1.8,-0.1,0
162.705887199999,155,-0.01,18.8,0,0,0.03,-0.008,-0.969,-1.8,-0.1,0
162.715887199999,149,-0.01,18.8,0,0,0.03,-0.008,-0.969,-1.8,-0.1,0
162.725887199999,151,-0.01,18.8,0,0,0.028,-0.01,-0.983,-1.5,-0.3,0
162.735887199999,151,-0.01,18.8,0,0,0.028,-0.01,-0.983,-1.5,-0.3,0
162.745887199999,151,-0.01,18.8,0,0,0.028,-0.01,-0.983,-1.5,-0.3,0
162.755887199999,154,-0.01,18.8,0,0,0.028,-0.01,-0.983,-1.5,-0.3,0
162.765887199999,149,-0.01,18.8,0,0,0.028,-0.01,-0.983,-1.5,-0.3,0
162.775887199999,151,-0.01,18.8,0,0,0.031,-0.007,-0.948,-2.1,-0.3,0
162.785887199999,152,-0.01,18.8,0,0,0.031,-0.007,-0.948,-2.1,-0.3,0
162.795887199999,151,-0.01,18.8,0,0,0.031,-0.007,-0.948,-2.1,-0.3,0
162.805887199999,155,-0.01,18.8,0,0,0.031,-0.007,-0.948,-2.1,-0.3,0
162.815887199999,151,-0.01,18.8,0,0,0.031,-0.007,-0.948,-2.1,-0.3,0
162.825887199999,151,-0.01,18.9,0,0,0.031,-0.01,-0.969,-1.7,-0.4,0
162.835887199999,152,-0.01,18.9,0,0,0.031,-0.01,-0.969,-1.7,-0.4,0
162.845887199999,150,-0.01,18.9,0,0,0.031,-0.01,-0.969,-1.7,-0.4,0
162.855887199999,157,-0.01,18.9,0,0,0.031,-0.01,-0.969,-1.7,-0.4,0
162.865887199999,151,-0.01,18.9,0,0,0.031,-0.01,-0.969,-1.7,-0.4,0
162.875887199999,147,-0.01,18.9,0,0,0.031,-0.006,-0.95,-1.5,-0.6,0
162.885887199999,156,-0.01,18.9,0,0,0.031,-0.006,-0.95,-1.5,-0.6,0
162.895887199999,150,-0.01,18.9,0,0,0.031,-0.006,-0.95,-1.5,-0.6,0
162.905887199999,154,-0.01,18.9,0,0,0.031,-0.006,-0.95,-1.5,-0.6,0
162.915887199999,154,-0.01,18.9,0,0,0.031,-0.006,-0.95,-1.5,-0.6,0
162.925887199999,147,-0.01,18.8,0,0,0.031,-0.01,-0.967,-0.7,-0.6,0
162.935887199999,152,-0.01,18.8,0,0,0.031,-0.01,-0.967,-0.7,-0.6,0
162.945887199999,151,-0.01,18.8,0,0,0.031,-0.01,-0.967,-0.7,-0.6,0
162.955887199999,154,-0.01,18.8,0,0,0.031,-0.01,-0.967,-0.7,-0.6,0
162.965887199999,151,-0.01,18.8,0,0,0.031,-0.01,-0.967,-0.7,-0.6,0
162.975887199999,147,0,18.9,0,0,0.03,-0.007,-0.954,-0.4,-0.7,0
162.985887199999,156,0,18.9,0,0,0.03,-0.007,-0.954,-0.4,-0.7,0
162.995887199999,151,0,18.9,0,0,0.03,-0.007,-0.954,-0.4,-0.7,0
163.005887199999,150,0,18.9,0,0,0.03,-0.007,-0.954,-0.4,-0.7,0
163.015887199999,151,0,18.9,0,0,0.03,-0.007,-0.954,-0.4,-0.7,0
163.025887199999,150,0,18.9,0,0,0.03,-0.01,-0.963,-0.1,-0.8,0
163.035887199999,153,0,18.9,0,0,0.03,-0.01,-0.963,-0.1,-0.8,0
163.045887199999,149,0,18.9,0,0,0.03,-0.01,-0.963,-0.1,-0.8,0
163.055887199999,152,0,18.9,0,0,0.03,-0.01,-0.963,-0.1,-0.8,0
163.065887199999,151,0,18.9,0,0,0.03,-0.01,-0.963,-0.1,-0.8,0
163.075887199999,150,-0.01,18.8,0,0,0.029,-0.008,-0.954,0,-0.9,0
163.085887199999,154,-0.01,18.8,0,0,0.029,-0.008,-0.954,0,-0.9,0
163.095887199999,151,-0.01,18.8,0,0,0.029,-0.008,-0.954,0,-0.9,0
163.105887199999,152,-0.01,18.8,0,0,0.029,-0.008,-0.954,0,-0.9,0
163.115887199999,151,-0.01,18.8,0,0,0.029,-0.008,-0.954,0,-0.9,0
163.125887199999,151,0,18.9,0,0,0.029,-0.009,-0.955,0,-0.9,0
163.135887199999,154,0,18.9,0,0,0.029,-0.009,-0.955,0,-0.9,0
163.145887199999,151,0,18.9,0,0,0.029,-0.009,-0.955,0,-0.9,0
163.155887199999,152,0,18.9,0,0,0.029,-0.009,-0.955,0,-0.9,0
163.165887199999,150,0,18.9,0,0,0.029,-0.009,-0.955,0,-0.9,0
163.175887199999,149,-0.01,18.8,0,0,0.027,-0.008,-0.957,-0.1,-0.9,0
163.185887199999,152,-0.01,18.8,0,0,0.027,-0.008,-0.957,-0.1,-0.9,0
163.195887199999,152,-0.01,18.8,0,0,0.027,-0.008,-0.957,-0.1,-0.9,0
163.205887199999,156,-0.01,18.8,0,0,0.027,-0.008,-0.957,-0.1,-0.9,0
163.215887199999,150,-0.01,18.8,0,0,0.027,-0.008,-0.957,-0.1,-0.9,0
163.225887199999,150,0,18.8,0,0,0.028,-0.005,-0.953,0.1,-0.7,0
163.235887199999,157,0,18.8,0,0,0.028,-0.005,-0.953,0.1,-0.7,0
163.245887199999,148,0,18.8,0,0,0.028,-0.005,-0.953,0.1,-0.7,0
163.255887199999,153,0,18.8,0,0,0.028,-0.005,-0.953,0.1,-0.7,0
163.265887199999,154,0,18.8,0,0,0.028,-0.005,-0.953,0.1,-0.7,0
163.275887199999,146,-0.01,18.8,0,0,0.027,-0.02,-1.026,-1.4,-0.1,0
163.285887199999,155,-0.01,18.8,0,0,0.027,-0.02,-1.026,-1.4,-0.1,0
163.295887199999,151,-0.01,18.8,0,0,0.027,-0.02,-1.026,-1.4,-0.1,0
163.305887199999,150,-0.01,18.8,0,0,0.027,-0.02,-1.026,-1.4,-0.1,0
163.315887199999,154,-0.01,18.8,0,0,0.027,-0.02,-1.026,-1.4,-0.1,0
163.325887199999,147,-0.01,18.8,0,0,0.028,-0.019,-1.029,-0.8,-0.3,0
163.335887199999,151,-0.01,18.8,0,0,0.028,-0.019,-1.029,-0.8,-0.3,0
163.345887199999,153,-0.01,18.8,0,0,0.028,-0.019,-1.029,-0.8,-0.3,0
163.355887199999,151,-0.01,18.8,0,0,0.028,-0.019,-1.029,-0.8,-0.3,0
163.365887199999,152,-0.01,18.8,0,0,0.028,-0.019,-1.029,-0.8,-0.3,0
163.375887199999,148,0,18.9,0,0,0.028,-0.014,-0.997,-1.8,-0.1,0
163.385887199999,153,0,18.9,0,0,0.028,-0.014,-0.997,-1.8,-0.1,0
163.395887199999,154,0,18.9,0,0,0.028,-0.014,-0.997,-1.8,-0.1,0
163.405887199999,152,0,18.9,0,0,0.028,-0.014,-0.997,-1.8,-0.1,0
163.415887199999,153,0,18.9,0,0,0.028,-0.014,-0.997,-1.8,-0.1,0
163.425887199999,148,0,18.8,0,0,0.028,-0.016,-1.01,-1.5,-0.3,0
163.435887199999,151,0,18.8,0,0,0.028,-0.016,-1.01,-1.5,-0.3,0
163.445887199999,153,0,18.8,0,0,0.028,-0.016,-1.01,-1.5,-0.3,0
163.455887199999,152,0,18.8,0,0,0.028,-0.016,-1.01,-1.5,-0.3,0
163.465887199999,152,0,18.8,0,0,0.028,-0.016,-1.01,-1.5,-0.3,0
163.475887199999,149,0,18.8,0,0,0.031,-0.01,-0.973,-2.3,-0.1,0
163.485887199999,153,0,18.8,0,0,0.031,-0.01,-0.973,-2.3,-0.1,0
163.495887199999,152,0,18.8,0,0,0.031,-0.01,-0.973,-2.3,-0.1,0
163.505887199999,150,0,18.8,0,0,0.031,-0.01,-0.973,-2.3,-0.1,0
163.515887199999,153,0,18.8,0,0,0.031,-0.01,-0.973,-2.3,-0.1,0
163.525887199999,151,0,18.9,0,0,0.03,-0.013,-0.989,-1.7,-0.3,0
163.535887199999,151,0,18.9,0,0,0.03,-0.013,-0.989,-1.7,-0.3,0
163.545887199999,152,0,18.9,0,0,0.03,-0.013,-0.989,-1.7,-0.3,0
163.555887199999,149,0,18.9,0,0,0.03,-0.013,-0.989,-1.7,-0.3,0
163.565887199999,152,0,18.9,0,0,0.03,-0.013,-0.989,-1.7,-0.3,0
163.575887199999,157,0,18.8,0,0,0.03,-0.008,-0.958,-1.8,-0.3,0
163.585887199999,155,0,18.8,0,0,0.03,-0.008,-0.958,-1.8,-0.3,0
163.595887199999,154,0,18.8,0,0,0.03,-0.008,-0.958,-1.8,-0.3,0
163.605887199999,150,0,18.8,0,0,0.03,-0.008,-0.958,-1.8,-0.3,0
163.615887199999,148,0,18.8,0,0,0.03,-0.008,-0.958,-1.8,-0.3,0
163.625887199999,151,0,18.8,0,0,0.031,-0.012,-0.973,-0.7,-0.5,0
163.635887199999,152,0,18.8,0,0,0.031,-0.012,-0.973,-0.7,-0.5,0
163.645887199999,155,0,18.8,0,0,0.031,-0.012,-0.973,-0.7,-0.5,0
163.655887199999,150,0,18.8,0,0,0.031,-0.012,-0.973,-0.7,-0.5,0
163.665887199999,147,0,18.8,0,0,0.031,-0.012,-0.973,-0.7,-0.5,0
163.675887199999,151,0,18.8,0,0,0.031,-0.007,-0.95,-0.5,-0.7,0
163.685887199999,154,0,18.8,0,0,0.031,-0.007,-0.95,-0.5,-0.7,0
163.695887199999,154,0,18.8,0,0,0.031,-0.007,-0.95,-0.5,-0.7,0
163.705887199999,147,0,18.8,0,0,0.031,-0.007,-0.95,-0.5,-0.7,0
163.715887199999,150,0,18.8,0,0,0.031,-0.007,-0.95,-0.5,-0.7,0
163.725887199999,151,0,18.9,0,0,0.031,-0.009,-0.958,-0.2,-0.7,0
163.735887199999,152,0,18.9,0,0,0.031,-0.009,-0.958,-0.2,-0.7,0
163.745887199999,155,0,18.9,0,0,0.031,-0.009,-0.958,-0.2,-0.7,0
163.755887199999,149,0,18.9,0,0,0.031,-0.009,-0.958,-0.2,-0.7,0
163.765887199999,150,0,18.9,0,0,0.031,-0.009,-0.958,-0.2,-0.7,0
163.775887199999,151,0,18.9,0,0,0.031,-0.006,-0.944,-0.3,-0.8,0
163.785887199999,153,0,18.9,0,0,0.031,-0.006,-0.944,-0.3,-0.8,0
163.795887199999,155,0,18.9,0,0,0.031,-0.006,-0.944,-0.3,-0.8,0
163.805887199999,148,0,18.9,0,0,0.031,-0.006,-0.944,-0.3,-0.8,0
163.815887199999,152,0,18.9,0,0,0.031,-0.006,-0.944,-0.3,-0.8,0
163.825887199999,152,0.01,18.9,0,0,0.029,-0.008,-0.945,-0.3,-1,0
163.835887199999,151,0.01,18.9,0,0,0.029,-0.008,-0.945,-0.3,-1,0
163.845887199999,155,0.01,18.9,0,0,0.029,-0.008,-0.945,-0.3,-1,0
163.855887199999,151,0.01,18.9,0,0,0.029,-0.008,-0.945,-0.3,-1,0
163.865887199999,150,0.01,18.9,0,0,0.029,-0.008,-0.945,-0.3,-1,0
163.875887199999,151,0.01,18.9,0,0,0.028,-0.008,-0.957,-0.3,-0.8,0
163.885887199999,150,0.01,18.9,0,0,0.028,-0.008,-0.957,-0.3,-0.8,0
163.895887199999,157,0.01,18.9,0,0,0.028,-0.008,-0.957,-0.3,-0.8,0
163.905887199999,150,0.01,18.9,0,0,0.028,-0.008,-0.957,-0.3,-0.8,0
163.915887199999,146,0.01,18.9,0,0,0.028,-0.008,-0.957,-0.3,-0.8,0
163.925887199999,157,0.01,18.9,0,0,0.027,-0.007,-0.958,-0.1,-0.7,0
163.935887199999,151,0.01,18.9,0,0,0.027,-0.007,-0.958,-0.1,-0.7,0
163.945887199999,154,0.01,18.9,0,0,0.027,-0.007,-0.958,-0.1,-0.7,0
163.955887199999,154,0.01,18.9,0,0,0.027,-0.007,-0.958,-0.1,-0.7,0
163.965887199999,147,0.01,18.9,0,0,0.027,-0.007,-0.958,-0.1,-0.7,0
163.975887199999,151,0,18.8,0,0,0.027,-0.012,-0.976,0.1,-0.7,0
163.985887199999,150,0,18.8,0,0,0.027,-0.012,-0.976,0.1,-0.7,0
163.995887199999,154,0,18.8,0,0,0.027,-0.012,-0.976,0.1,-0.7,0
164.005887199999,152,0,18.8,0,0,0.027,-0.012,-0.976,0.1,-0.7,0
164.015887199999,147,0,18.8,0,0,0.027,-0.012,-0.976,0.1,-0.7,0
164.025887199999,156,0,18.8,0,0,0.027,-0.01,-0.972,0.6,-0.6,0
164.035887199999,151,0,18.8,0,0,0.027,-0.01,-0.972,0.6,-0.6,0
164.045887199999,149,0,18.8,0,0,0.027,-0.01,-0.972,0.6,-0.6,0
164.055887199999,151,0,18.8,0,0,0.027,-0.01,-0.972,0.6,-0.6,0
164.065887199999,151,0,18.8,0,0,0.027,-0.01,-0.972,0.6,-0.6,0
164.075887199999,153,0.01,18.9,0,0,0.028,-0.008,-0.973,0.9,-0.6,0
164.085887199999,150,0.01,18.9,0,0,0.028,-0.008,-0.973,0.9,-0.6,0
164.095887199999,152,0.01,18.9,0,0,0.028,-0.008,-0.973,0.9,-0.6,0
164.105887199999,151,0.01,18.9,0,0,0.028,-0.008,-0.973,0.9,-0.6,0
164.115887199999,150,0.01,18.9,0,0,0.028,-0.008,-0.973,0.9,-0.6,0
164.125887199999,154,0,18.9,0,0,0.028,-0.004,-0.963,1.4,-0.7,0
164.135887199999,151,0,18.9,0,0,0.028,-0.004,-0.963,1.4,-0.7,0
164.145887199999,152,0,18.9,0,0,0.028,-0.004,-0.963,1.4,-0.7,0
164.155887199999,150,0,18.9,0,0,0.028,-0.004,-0.963,1.4,-0.7,0
164.165887199999,151,0,18.9,0,0,0.028,-0.004,-0.963,1.4,-0.7,0
164.175887199999,154,0,18.8,0,0,0.028,-0.002,-0.952,1.7,-0.7,0
164.185887199999,150,0,18.8,0,0,0.028,-0.002,-0.952,1.7,-0.7,0
164.195887199999,153,0,18.8,0,0,0.028,-0.002,-0.952,1.7,-0.7,0
164.205887199999,150,0,18.8,0,0,0.028,-0.002,-0.952,1.7,-0.7,0
164.215887199999,151,0,18.8,0,0,0.028,-0.002,-0.952,1.7,-0.7,0
164.225887199999,155,0.01,18.9,0,0,0.031,0,-0.936,2,-0.7,0
164.235887199999,151,0.01,18.9,0,0,0.031,0,-0.936,2,-0.7,0
164.245887199999,152,0.01,18.9,0,0,0.031,0,-0.936,2,-0.7,0
164.255887199999,151,0.01,18.9,0,0,0.031,0,-0.936,2,-0.7,0
164.265887199999,149,0.01,18.9,0,0,0.031,0,-0.936,2,-0.7,0
164.275887199998,152,0.01,18.9,0,0,0.032,-0.001,-0.948,1.7,-0.7,0
164.285887199998,151,0.01,18.9,0,0,0.032,-0.001,-0.948,1.7,-0.7,0
164.295887199999,156,0.01,18.9,0,0,0.032,-0.001,-0.948,1.7,-0.7,0
164.305887199998,151,0.01,18.9,0,0,0.032,-0.001,-0.948,1.7,-0.7,0
164.315887199998,149,0.01,18.9,0,0,0.032,-0.001,-0.948,1.7,-0.7,0
164.325887199998,157,0,18.8,0,0,0.031,-0.002,-0.948,2,-0.7,0
164.335887199998,148,0,18.8,0,0,0.031,-0.002,-0.948,2,-0.7,0
164.345887199998,153,0,18.8,0,0,0.031,-0.002,-0.948,2,-0.7,0
164.355887199998,154,0,18.8,0,0,0.031,-0.002,-0.948,2,-0.7,0
164.365887199998,148,0,18.8,0,0,0.031,-0.002,-0.948,2,-0.7,0
164.375887199998,152,0,18.8,0,0,0.03,-0.008,-0.982,1.4,-0.7,0
164.385887199998,150,0,18.8,0,0,0.03,-0.008,-0.982,1.4,-0.7,0
164.395887199998,154,0,18.8,0,0,0.03,-0.008,-0.982,1.4,-0.7,0
164.405887199998,152,0,18.8,0,0,0.03,-0.008,-0.982,1.4,-0.7,0
164.415887199998,146,0,18.8,0,0,0.03,-0.008,-0.982,1.4,-0.7,0
164.425887199998,155,0,18.9,0,0,0.03,-0.01,-0.981,2,-0.7,0
164.435887199998,151,0,18.9,0,0,0.03,-0.01,-0.981,2,-0.7,0
164.445887199998,149,0,18.9,0,0,0.03,-0.01,-0.981,2,-0.7,0
164.455887199998,153,0,18.9,0,0,0.03,-0.01,-0.981,2,-0.7,0
164.465887199998,147,0,18.9,0,0,0.03,-0.01,-0.981,2,-0.7,0
164.475887199998,151,0.01,18.9,0,0,0.027,-0.016,-1.021,1.5,-0.7,0
164.485887199998,153,0.01,18.9,0,0,0.027,-0.016,-1.021,1.5,-0.7,0
164.495887199998,152,0.01,18.9,0,0,0.027,-0.016,-1.021,1.5,-0.7,0
164.505887199998,153,0.01,18.9,0,0,0.027,-0.016,-1.021,1.5,-0.7,0
164.515887199998,148,0.01,18.9,0,0,0.027,-0.016,-1.021,1.5,-0.7,0
164.525887199998,152,0,18.8,0,0,0.029,-0.016,-1.011,2.5,-0.7,0
164.535887199998,154,0,18.8,0,0,0.029,-0.016,-1.011,2.5,-0.7,0
164.545887199998,151,0,18.8,0,0,0.029,-0.016,-1.011,2.5,-0.7,0
164.555887199998,153,0,18.8,0,0,0.029,-0.016,-1.011,2.5,-0.7,0
164.565887199998,148,0,18.8,0,0,0.029,-0.016,-1.011,2.5,-0.7,0
164.575887199998,151,0,18.9,0,0,0.027,-0.019,-1.045,1.8,-0.6,0
164.585887199998,153,0,18.9,0,0,0.027,-0.019,-1.045,1.8,-0.6,0
164.595887199998,152,0,18.9,0,0,0.027,-0.019,-1.045,1.8,-0.6,0
164.605887199998,152,0,18.9,0,0,0.027,-0.019,-1.045,1.8,-0.6,0
164.615887199998,149,0,18.9,0,0,0.027,-0.019,-1.045,1.8,-0.6,0
164.625887199998,152,0,18.8,0,0,0.027,-0.018,-1.039,2.8,-0.6,0
164.635887199998,152,0,18.8,0,0,0.027,-0.018,-1.039,2.8,-0.6,0
164.645887199998,153,0,18.8,0,0,0.027,-0.018,-1.039,2.8,-0.6,0
164.655887199998,153,0,18.8,0,0,0.027,-0.018,-1.039,2.8,-0.6,0
164.665887199998,149,0,18.8,0,0,0.027,-0.018,-1.039,2.8,-0.6,0
164.675887199998,156,0,18.8,0,0,0.027,-0.016,-1.048,2,-0.6,0
164.685887199998,147,0,18.8,0,0,0.027,-0.016,-1.048,2,-0.6,0
164.695887199998,149,0,18.8,0,0,0.027,-0.016,-1.048,2,-0.6,0
164.705887199998,154,0,18.8,0,0,0.027,-0.016,-1.048,2,-0.6,0
164.715887199998,151,0,18.8,0,0,0.027,-0.016,-1.048,2,-0.6,0
164.725887199998,153,0,18.8,0,0,0.028,-0.018,-1.045,0.7,-0.3,0
164.735887199998,155,0,18.8,0,0,0.028,-0.018,-1.045,0.7,-0.3,0
164.745887199998,149,0,18.8,0,0,0.028,-0.018,-1.045,0.7,-0.3,0
164.755887199998,147,0,18.8,0,0,0.028,-0.018,-1.045,0.7,-0.3,0
164.765887199998,151,0,18.8,0,0,0.028,-0.018,-1.045,0.7,-0.3,0
164.775887199998,150,0,18.9,0,0,0.029,-0.018,-1.036,0.1,-0.1,0
164.785887199998,155,0,18.9,0,0,0.029,-0.018,-1.036,0.1,-0.1,0
164.795887199998,150,0,18.9,0,0,0.029,-0.018,-1.036,0.1,-0.1,0
164.805887199998,150,0,18.9,0,0,0.029,-0.018,-1.036,0.1,-0.1,0
164.815887199998,150,0,18.9,0,0,0.029,-0.018,-1.036,0.1,-0.1,0
164.825887199998,153,0,18.9,0,0,0.027,-0.019,-1.048,0.9,-0.5,0
164.835887199998,156,0,18.9,0,0,0.027,-0.019,-1.048,0.9,-0.5,0
164.845887199998,149,0,18.9,0,0,0.027,-0.019,-1.048,0.9,-0.5,0
164.855887199998,151,0,18.9,0,0,0.027,-0.019,-1.048,0.9,-0.5,0
164.865887199998,151,0,18.9,0,0,0.027,-0.019,-1.048,0.9,-0.5,0
164.875887199998,151,0,18.8,0,0,0.029,-0.02,-1.035,0.2,-0.1,0
164.885887199998,155,0,18.8,0,0,0.029,-0.02,-1.035,0.2,-0.1,0
164.895887199998,149,0,18.8,0,0,0.029,-0.02,-1.035,0.2,-0.1,0
164.905887199998,150,0,18.8,0,0,0.029,-0.02,-1.035,0.2,-0.1,0
164.915887199998,153,0,18.8,0,0,0.029,-0.02,-1.035,0.2,-0.1,0
164.925887199998,153,0,18.8,0,0,0.031,-0.023,-1.057,0.9,-0.4,0
164.935887199998,155,0,18.8,0,0,0.031,-0.023,-1.057,0.9,-0.4,0
164.945887199998,149,0,18.8,0,0,0.031,-0.023,-1.057,0.9,-0.4,0
164.955887199998,150,0,18.8,0,0,0.031,-0.023,-1.057,0.9,-0.4,0
164.965887199998,152,0,18.8,0,0,0.031,-0.023,-1.057,0.9,-0.4,0
164.975887199998,151,0,18.9,0,0,0.031,-0.018,-1.025,0.3,-0.3,0
164.985887199998,157,0,18.9,0,0,0.031,-0.018,-1.025,0.3,-0.3,0
164.995887199998,149,0,18.9,0,0,0.031,-0.018,-1.025,0.3,-0.3,0
165.005887199998,146,0,18.9,0,0,0.031,-0.018,-1.025,0.3,-0.3,0
165.015887199998,157,0,18.9,0,0,0.031,-0.018,-1.025,0.3,-0.3,0
165.025887199998,151,0,18.9,0,0,0.029,-0.021,-1.045,0.6,-0.5,0
165.035887199998,154,0,18.9,0,0,0.029,-0.021,-1.045,0.6,-0.5,0
165.045887199998,154,0,18.9,0,0,0.029,-0.021,-1.045,0.6,-0.5,0
165.055887199998,147,0,18.9,0,0,0.029,-0.021,-1.045,0.6,-0.5,0
165.065887199998,150,0,18.9,0,0,0.029,-0.021,-1.045,0.6,-0.5,0
165.075887199998,150,-0.01,18.8,0,0,0.031,-0.015,-1.012,0,-0.4,0
165.085887199998,155,-0.01,18.8,0,0,0.031,-0.015,-1.012,0,-0.4,0
165.095887199998,152,-0.01,18.8,0,0,0.031,-0.015,-1.012,0,-0.4,0
165.105887199998,148,-0.01,18.8,0,0,0.031,-0.015,-1.012,0,-0.4,0
165.115887199998,155,-0.01,18.8,0,0,0.031,-0.015,-1.012,0,-0.4,0
165.125887199998,151,0,18.8,0,0,0.029,-0.019,-1.042,-0.1,-0.6,0
165.135887199998,150,0,18.8,0,0,0.029,-0.019,-1.042,-0.1,-0.6,0
165.145887199998,151,0,18.8,0,0,0.029,-0.019,-1.042,-0.1,-0.6,0
165.155887199998,150,0,18.8,0,0,0.029,-0.019,-1.042,-0.1,-0.6,0
165.165887199998,153,0,18.8,0,0,0.029,-0.019,-1.042,-0.1,-0.6,0
165.175887199998,150,-0.01,18.9,0,0,0.029,-0.016,-1.012,-0.7,-0.6,0
165.185887199998,152,-0.01,18.9,0,0,0.029,-0.016,-1.012,-0.7,-0.6,0
165.195887199998,151,-0.01,18.9,0,0,0.029,-0.016,-1.012,-0.7,-0.6,0
165.205887199998,150,-0.01,18.9,0,0,0.029,-0.016,-1.012,-0.7,-0.6,0
165.215887199998,154,-0.01,18.9,0,0,0.029,-0.016,-1.012,-0.7,-0.6,0
165.225887199998,151,-0.01,18.9,0,0,0.027,-0.022,-1.06,-1.3,-0.6,0
165.235887199998,152,-0.01,18.9,0,0,0.027,-0.022,-1.06,-1.3,-0.6,0
165.245887199998,151,-0.01,18.9,0,0,0.027,-0.022,-1.06,-1.3,-0.6,0
165.255887199998,152,-0.01,18.9,0,0,0.027,-0.022,-1.06,-1.3,-0.6,0
165.265887199998,153,-0.01,18.9,0,0,0.027,-0.022,-1.06,-1.3,-0.6,0
165.275887199998,150,-0.01,18.9,0,0,0.028,-0.021,-1.034,-1.3,-0.6,0
165.285887199998,152,-0.01,18.9,0,0,0.028,-0.021,-1.034,-1.3,-0.6,0
165.295887199998,150,-0.01,18.9,0,0,0.028,-0.021,-1.034,-1.3,-0.6,0
165.305887199998,151,-0.01,18.9,0,0,0.028,-0.021,-1.034,-1.3,-0.6,0
165.315887199998,155,-0.01,18.9,0,0,0.028,-0.021,-1.034,-1.3,-0.6,0
165.325887199998,151,-0.01,18.9,0,0,0.025,-0.026,-1.068,-1.7,-0.4,0
165.335887199998,152,-0.01,18.9,0,0,0.025,-0.026,-1.068,-1.7,-0.4,0
165.345887199998,151,-0.01,18.9,0,0,0.025,-0.026,-1.068,-1.7,-0.4,0
165.355887199998,151,-0.01,18.9,0,0,0.025,-0.026,-1.068,-1.7,-0.4,0
165.365887199998,153,-0.01,18.9,0,0,0.025,-0.026,-1.068,-1.7,-0.4,0
165.375887199998,150,-0.01,18.8,0,0,0.027,-0.02,-1.038,-1.4,-0.6,0
165.385887199998,157,-0.01,18.8,0,0,0.027,-0.02,-1.038,-1.4,-0.6,0
165.395887199998,151,-0.01,18.8,0,0,0.027,-0.02,-1.038,-1.4,-0.6,0
165.405887199998,150,-0.01,18.8,0,0,0.027,-0.02,-1.038,-1.4,-0.6,0
165.415887199998,157,-0.01,18.8,0,0,0.027,-0.02,-1.038,-1.4,-0.6,0
165.425887199998,147,-0.01,18.9,0,0,0.026,-0.018,-1.034,-1.2,-0.4,0
165.435887199998,152,-0.01,18.9,0,0,0.026,-0.018,-1.034,-1.2,-0.4,0
165.445887199998,154,-0.01,18.9,0,0,0.026,-0.018,-1.034,-1.2,-0.4,0
165.455887199998,148,-0.01,18.9,0,0,0.026,-0.018,-1.034,-1.2,-0.4,0
165.465887199998,152,-0.01,18.9,0,0,0.026,-0.018,-1.034,-1.2,-0.4,0
165.475887199998,150,-0.01,18.8,0,0,0.028,-0.014,-0.998,-0.7,-0.6,0
165.485887199998,154,-0.01,18.8,0,0,0.028,-0.014,-0.998,-0.7,-0.6,0
165.495887199998,152,-0.01,18.8,0,0,0.028,-0.014,-0.998,-0.7,-0.6,0
165.505887199998,146,-0.01,18.8,0,0,0.028,-0.014,-0.998,-0.7,-0.6,0
165.515887199998,156,-0.01,18.8,0,0,0.028,-0.014,-0.998,-0.7,-0.6,0
165.525887199998,151,-0.01,18.9,0,0,0.03,-0.011,-0.988,-1.2,-0.4,0
165.535887199998,149,-0.01,18.9,0,0,0.03,-0.011,-0.988,-1.2,-0.4,0
165.545887199998,154,-0.01,18.9,0,0,0.03,-0.011,-0.988,-1.2,-0.4,0
165.555887199998,148,-0.01,18.9,0,0,0.03,-0.011,-0.988,-1.2,-0.4,0
165.565887199998,151,-0.01,18.9,0,0,0.03,-0.011,-0.988,-1.2,-0.4,0
165.575887199998,152,-0.01,18.8,0,0,0.03,-0.004,-0.965,-0.7,-0.6,0
165.585887199998,152,-0.01,18.8,0,0,0.03,-0.004,-0.965,-0.7,-0.6,0
165.595887199998,153,-0.01,18.8,0,0,0.03,-0.004,-0.965,-0.7,-0.6,0
165.605887199998,148,-0.01,18.8,0,0,0.03,-0.004,-0.965,-0.7,-0.6,0
165.615887199998,153,-0.01,18.8,0,0,0.03,-0.004,-0.965,-0.7,-0.6,0
165.625887199998,154,-0.01,18.8,0,0,0.031,-0.006,-0.958,-1.5,-0.4,0
165.635887199998,151,-0.01,18.8,0,0,0.031,-0.006,-0.958,-1.5,-0.4,0
165.645887199998,153,-0.01,18.8,0,0,0.031,-0.006,-0.958,-1.5,-0.4,0
165.655887199998,148,-0.01,18.8,0,0,0.031,-0.006,-0.958,-1.5,-0.4,0
165.665887199998,151,-0.01,18.8,0,0,0.031,-0.006,-0.958,-1.5,-0.4,0
165.675887199998,154,-0.01,18.9,0,0,0.032,-0.004,-0.952,-1.2,-0.7,0
165.685887199998,152,-0.01,18.9,0,0,0.032,-0.004,-0.952,-1.2,-0.7,0
165.695887199998,152,-0.01,18.9,0,0,0.032,-0.004,-0.952,-1.2,-0.7,0
165.705887199998,149,-0.01,18.9,0,0,0.032,-0.004,-0.952,-1.2,-0.7,0
165.715887199998,152,-0.01,18.9,0,0,0.032,-0.004,-0.952,-1.2,-0.7,0
165.725887199998,153,-0.01,18.9,0,0,0.032,-0.007,-0.951,-1.8,-0.6,0
165.735887199998,152,-0.01,18.9,0,0,0.032,-0.007,-0.951,-1.8,-0.6,0
165.745887199998,153,-0.01,18.9,0,0,0.032,-0.007,-0.951,-1.8,-0.6,0
165.755887199998,149,-0.01,18.9,0,0,0.032,-0.007,-0.951,-1.8,-0.6,0
165.765887199998,151,-0.01,18.9,0,0,0.032,-0.007,-0.951,-1.8,-0.6,0
165.775887199998,152,-0.01,18.9,0,0,0.028,-0.007,-0.957,-1,-0.8,0
165.785887199998,155,-0.01,18.9,0,0,0.028,-0.007,-0.957,-1,-0.8,0
165.795887199998,151,-0.01,18.9,0,0,0.028,-0.007,-0.957,-1,-0.8,0
165.805887199998,152,-0.01,18.9,0,0,0.028,-0.007,-0.957,-1,-0.8,0
165.815887199998,156,-0.01,18.9,0,0,0.028,-0.007,-0.957,-1,-0.8,0
165.825887199998,148,0,18.9,0,0,0.03,-0.013,-0.974,-1.1,-0.7,0
165.835887199998,150,0,18.9,0,0,0.03,-0.013,-0.974,-1.1,-0.7,0
165.845887199998,154,0,18.9,0,0,0.03,-0.013,-0.974,-1.1,-0.7,0
165.855887199998,150,0,18.9,0,0,0.03,-0.013,-0.974,-1.1,-0.7,0
165.865887199998,152,0,18.9,0,0,0.03,-0.013,-0.974,-1.1,-0.7,0
165.875887199998,151,0,18.8,0,0,0.029,-0.012,-0.98,0,-0.9,0
165.885887199998,149,0,18.8,0,0,0.029,-0.012,-0.98,0,-0.9,0
165.895887199998,151,0,18.8,0,0,0.029,-0.012,-0.98,0,-0.9,0
165.905887199998,151,0,18.8,0,0,0.029,-0.012,-0.98,0,-0.9,0
165.915887199998,155,0,18.8,0,0,0.029,-0.012,-0.98,0,-0.9,0
165.925887199998,152,0,18.8,0,0,0.028,-0.014,-0.981,-0.2,-0.9,0
165.935887199998,148,0,18.8,0,0,0.028,-0.014,-0.981,-0.2,-0.9,0
165.945887199998,153,0,18.8,0,0,0.028,-0.014,-0.981,-0.2,-0.9,0
165.955887199998,151,0,18.8,0,0,0.028,-0.014,-0.981,-0.2,-0.9,0
165.965887199998,152,0,18.8,0,0,0.028,-0.014,-0.981,-0.2,-0.9,0
165.975887199998,155,0,18.8,0,0,0.028,-0.014,-0.983,0.4,-0.7,0
165.985887199998,149,0,18.8,0,0,0.028,-0.014,-0.983,0.4,-0.7,0
165.995887199998,150,0,18.8,0,0,0.028,-0.014,-0.983,0.4,-0.7,0
166.005887199998,151,0,18.8,0,0,0.028,-0.014,-0.983,0.4,-0.7,0
166.015887199998,152,0,18.8,0,0,0.028,-0.014,-0.983,0.4,-0.7,0
166.025887199998,155,-0.01,18.9,0,0,0.029,-0.012,-0.971,0,-0.7,0
166.035887199998,149,-0.01,18.9,0,0,0.029,-0.012,-0.971,0,-0.7,0
166.045887199998,151,-0.01,18.9,0,0,0.029,-0.012,-0.971,0,-0.7,0
166.055887199998,151,-0.01,18.9,0,0,0.029,-0.012,-0.971,0,-0.7,0
166.065887199998,152,-0.01,18.9,0,0,0.029,-0.012,-0.971,0,-0.7,0
166.075887199998,155,-0.01,18.9,0,0,0.027,-0.011,-0.972,0.5,-0.7,0
166.085887199998,148,-0.01,18.9,0,0,0.027,-0.011,-0.972,0.5,-0.7,0
166.095887199998,150,-0.01,18.9,0,0,0.027,-0.011,-0.972,0.5,-0.7,0
166.105887199998,152,-0.01,18.9,0,0,0.027,-0.011,-0.972,0.5,-0.7,0
166.115887199998,152,-0.01,18.9,0,0,0.027,-0.011,-0.972,0.5,-0.7,0
166.125887199998,155,0,18.8,0,0,0.026,-0.028,-1.077,-1.1,-0.6,0
166.135887199998,150,0,18.8,0,0,0.026,-0.028,-1.077,-1.1,-0.6,0
166.145887199998,150,0,18.8,0,0,0.026,-0.028,-1.077,-1.1,-0.6,0
166.155887199998,152,0,18.8,0,0,0.026,-0.028,-1.077,-1.1,-0.6,0
166.165887199998,151,0,18.8,0,0,0.026,-0.028,-1.077,-1.1,-0.6,0
166.175887199998,158,0,18.8,0,0,0.027,-0.022,-1.044,-1,-0.6,0
166.185887199998,150,0,18.8,0,0,0.027,-0.022,-1.044,-1,-0.6,0
166.195887199998,146,0,18.8,0,0,0.027,-0.022,-1.044,-1,-0.6,0
166.205887199998,156,0,18.8,0,0,0.027,-0.022,-1.044,-1,-0.6,0
166.215887199998,152,0,18.8,0,0,0.027,-0.022,-1.044,-1,-0.6,0
166.225887199998,154,0,18.9,0,0,0.026,-0.021,-1.049,-1.1,-0.5,0
166.235887199998,153,0,18.9,0,0,0.026,-0.021,-1.049,-1.1,-0.5,0
166.245887199998,147,0,18.9,0,0,0.026,-0.021,-1.049,-1.1,-0.5,0
166.255887199998,150,0,18.9,0,0,0.026,-0.021,-1.049,-1.1,-0.5,0
166.265887199998,151,0,18.9,0,0,0.026,-0.021,-1.049,-1.1,-0.5,0
166.275887199998,155,0,18.9,0,0,0.027,-0.016,-1.011,-0.7,-0.5,0
166.285887199998,152,0,18.9,0,0,0.027,-0.016,-1.011,-0.7,-0.5,0
166.295887199998,148,0,18.9,0,0,0.027,-0.016,-1.011,-0.7,-0.5,0
166.305887199998,155,0,18.9,0,0,0.027,-0.016,-1.011,-0.7,-0.5,0
166.315887199998,151,0,18.9,0,0,0.027,-0.016,-1.011,-0.7,-0.5,0
166.325887199998,151,0,18.9,0,0,0.029,-0.011,-0.98,-1.8,-0.3,0
166.335887199998,150,0,18.9,0,0,0.029,-0.011,-0.98,-1.8,-0.3,0
166.345887199998,152,0,18.9,0,0,0.029,-0.011,-0.98,-1.8,-0.3,0
166.355887199998,154,0,18.9,0,0,0.029,-0.011,-0.98,-1.8,-0.3,0
166.365887199998,150,0,18.9,0,0,0.029,-0.011,-0.98,-1.8,-0.3,0
166.375887199998,152,0,18.8,0,0,0.031,-0.006,-0.967,-1.4,-0.6,0
166.385887199998,150,0,18.8,0,0,0.031,-0.006,-0.967,-1.4,-0.6,0
166.395887199998,151,0,18.8,0,0,0.031,-0.006,-0.967,-1.4,-0.6,0
166.405887199998,155,0,18.8,0,0,0.031,-0.006,-0.967,-1.4,-0.6,0
166.415887199998,151,0,18.8,0,0,0.031,-0.006,-0.967,-1.4,-0.6,0
166.425887199998,152,0,18.9,0,0,0.03,-0.007,-0.96,-2,-0.4,0
166.435887199998,151,0,18.9,0,0,0.03,-0.007,-0.96,-2,-0.4,0
166.445887199998,150,0,18.9,0,0,0.03,-0.007,-0.96,-2,-0.4,0
166.455887199998,153,0,18.9,0,0,0.03,-0.007,-0.96,-2,-0.4,0
166.465887199998,150,0,18.9,0,0,0.03,-0.007,-0.96,-2,-0.4,0
166.475887199998,156,0,18.9,0,0,0.029,-0.008,-0.961,-1.2,-0.7,0
166.485887199998,151,0,18.9,0,0,0.029,-0.008,-0.961,-1.2,-0.7,0
166.495887199998,150,0,18.9,0,0,0.029,-0.008,-0.961,-1.2,-0.7,0
166.505887199998,156,0,18.9,0,0,0.029,-0.008,-0.961,-1.2,-0.7,0
166.515887199998,148,0,18.9,0,0,0.029,-0.008,-0.961,-1.2,-0.7,0
166.525887199998,153,0,18.9,0,0,0.031,-0.011,-0.969,-1.3,-0.7,0
166.535887199998,154,0,18.9,0,0,0.031,-0.011,-0.969,-1.3,-0.7,0
166.545887199998,148,0,18.9,0,0,0.031,-0.011,-0.969,-1.3,-0.7,0
166.555887199998,152,0,18.9,0,0,0.031,-0.011,-0.969,-1.3,-0.7,0
166.565887199998,150,0,18.9,0,0,0.031,-0.011,-0.969,-1.3,-0.7,0
166.575887199998,150,0,18.9,0,0,0.029,-0.011,-0.968,-0.5,-0.8,0
166.585887199998,151,0,18.9,0,0,0.029,-0.011,-0.968,-0.5,-0.8,0
166.595887199998,148,0,18.9,0,0,0.029,-0.011,-0.968,-0.5,-0.8,0
166.605887199998,153,0,18.9,0,0,0.029,-0.011,-0.968,-0.5,-0.8,0
166.615887199998,152,0,18.9,0,0,0.029,-0.011,-0.968,-0.5,-0.8,0
166.625887199998,152,0.01,18.8,0,0,0.029,-0.01,-0.973,0.3,-0.9,0
166.635887199998,151,0.01,18.8,0,0,0.029,-0.01,-0.973,0.3,-0.9,0
166.645887199998,148,0.01,18.8,0,0,0.029,-0.01,-0.973,0.3,-0.9,0
166.655887199998,154,0.01,18.8,0,0,0.029,-0.01,-0.973,0.3,-0.9,0
166.665887199998,153,0.01,18.8,0,0,0.029,-0.01,-0.973,0.3,-0.9,0
166.675887199998,152,0,18.8,0,0,0.027,-0.01,-0.967,0.1,-0.8,0
166.685887199998,152,0,18.8,0,0,0.027,-0.01,-0.967,0.1,-0.8,0
166.695887199998,149,0,18.8,0,0,0.027,-0.01,-0.967,0.1,-0.8,0
166.705887199998,152,0,18.8,0,0,0.027,-0.01,-0.967,0.1,-0.8,0
166.715887199998,152,0,18.8,0,0,0.027,-0.01,-0.967,0.1,-0.8,0
166.725887199998,153,0,18.9,0,0,0.028,-0.009,-0.958,-0.4,-0.7,0
166.735887199998,153,0,18.9,0,0,0.028,-0.009,-0.958,-0.4,-0.7,0
166.745887199998,149,0,18.9,0,0,0.028,-0.009,-0.958,-0.4,-0.7,0
166.755887199998,152,0,18.9,0,0,0.028,-0.009,-0.958,-0.4,-0.7,0
166.765887199998,151,0,18.9,0,0,0.028,-0.009,-0.958,-0.4,-0.7,0
166.775887199998,156,0,18.8,0,0,0.026,-0.01,-0.965,0.1,-0.6,0
166.785887199998,152,0,18.8,0,0,0.026,-0.01,-0.965,0.1,-0.6,0
166.795887199998,149,0,18.8,0,0,0.026,-0.01,-0.965,0.1,-0.6,0
166.805887199998,155,0,18.8,0,0,0.026,-0.01,-0.965,0.1,-0.6,0
166.815887199998,148,0,18.8,0,0,0.026,-0.01,-0.965,0.1,-0.6,0
166.825887199998,150,0,18.8,0,0,0.027,-0.012,-0.972,-0.2,-0.4,0
166.835887199998,154,0,18.8,0,0,0.027,-0.012,-0.972,-0.2,-0.4,0
166.845887199998,150,0,18.8,0,0,0.027,-0.012,-0.972,-0.2,-0.4,0
166.855887199998,152,0,18.8,0,0,0.027,-0.012,-0.972,-0.2,-0.4,0
166.865887199998,150,0,18.8,0,0,0.027,-0.012,-0.972,-0.2,-0.4,0
166.875887199998,149,0,18.8,0,0,0.028,-0.011,-0.975,0.7,-0.4,0
166.885887199998,152,0,18.8,0,0,0.028,-0.011,-0.975,0.7,-0.4,0
166.895887199998,152,0,18.8,0,0,0.028,-0.011,-0.975,0.7,-0.4,0
166.905887199998,155,0,18.8,0,0,0.028,-0.011,-0.975,0.7,-0.4,0
166.915887199998,151,0,18.8,0,0,0.028,-0.011,-0.975,0.7,-0.4,0
166.925887199998,147,0,18.8,0,0,0.029,-0.009,-0.974,0.6,-0.3,0
166.935887199998,153,0,18.8,0,0,0.029,-0.009,-0.974,0.6,-0.3,0
166.945887199998,150,0,18.8,0,0,0.029,-0.009,-0.974,0.6,-0.3,0
166.955887199998,151,0,18.8,0,0,0.029,-0.009,-0.974,0.6,-0.3,0
166.965887199998,152,0,18.8,0,0,0.029,-0.009,-0.974,0.6,-0.3,0
166.975887199998,149,0,18.9,0,0,0.029,-0.007,-0.966,1.7,-0.4,0
166.985887199998,153,0,18.9,0,0,0.029,-0.007,-0.966,1.7,-0.4,0
166.995887199998,151,0,18.9,0,0,0.029,-0.007,-0.966,1.7,-0.4,0
167.005887199998,153,0,18.9,0,0,0.029,-0.007,-0.966,1.7,-0.4,0
167.015887199998,155,0,18.9,0,0,0.029,-0.007,-0.966,1.7,-0.4,0
167.025887199998,149,0.01,18.8,0,0,0.03,-0.005,-0.952,1.5,-0.4,0
167.035887199998,151,0.01,18.8,0,0,0.03,-0.005,-0.952,1.5,-0.4,0
167.045887199998,151,0.01,18.8,0,0,0.03,-0.005,-0.952,1.5,-0.4,0
167.055887199998,151,0.01,18.8,0,0,0.03,-0.005,-0.952,1.5,-0.4,0
167.065887199998,155,0.01,18.8,0,0,0.03,-0.005,-0.952,1.5,-0.4,0
167.075887199998,148,0,18.9,0,0,0.033,-0.002,-0.943,2.3,-0.6,0
167.085887199998,150,0,18.9,0,0,0.033,-0.002,-0.943,2.3,-0.6,0
167.095887199998,153,0,18.9,0,0,0.033,-0.002,-0.943,2.3,-0.6,0
167.105887199998,152,0,18.9,0,0,0.033,-0.002,-0.943,2.3,-0.6,0
167.115887199998,155,0,18.9,0,0,0.033,-0.002,-0.943,2.3,-0.6,0
167.125887199998,150,0,18.9,0,0,0.031,0,-0.942,2,-0.6,0
167.135887199998,150,0,18.9,0,0,0.031,0,-0.942,2,-0.6,0
167.145887199998,152,0,18.9,0,0,0.031,0,-0.942,2,-0.6,0
167.155887199998,151,0,18.9,0,0,0.031,0,-0.942,2,-0.6,0
167.165887199998,157,0,18.9,0,0,0.031,0,-0.942,2,-0.6,0
167.175887199998,150,0,18.8,0,0,0.031,-0.006,-0.958,2.3,-0.7,0
167.185887199997,147,0,18.8,0,0,0.031,-0.006,-0.958,2.3,-0.7,0
167.195887199998,156,0,18.8,0,0,0.031,-0.006,-0.958,2.3,-0.7,0
167.205887199998,155,0,18.8,0,0,0.031,-0.006,-0.958,2.3,-0.7,0
167.215887199997,154,0,18.8,0,0,0.031,-0.006,-0.958,2.3,-0.7,0
167.225887199997,150,0,18.9,0,0,0.031,-0.007,-0.963,1.7,-0.7,0
167.235887199997,147,0,18.9,0,0,0.031,-0.007,-0.963,1.7,-0.7,0
167.245887199997,151,0,18.9,0,0,0.031,-0.007,-0.963,1.7,-0.7,0
167.255887199997,150,0,18.9,0,0,0.031,-0.007,-0.963,1.7,-0.7,0
167.265887199997,154,0,18.9,0,0,0.031,-0.007,-0.963,1.7,-0.7,0
167.275887199997,152,0,18.8,0,0,0.029,-0.013,-0.997,1.8,-0.9,0
167.285887199997,148,0,18.8,0,0,0.029,-0.013,-0.997,1.8,-0.9,0
167.295887199997,151,0,18.8,0,0,0.029,-0.013,-0.997,1.8,-0.9,0
167.305887199997,151,0,18.8,0,0,0.029,-0.013,-0.997,1.8,-0.9,0
167.315887199997,154,0,18.8,0,0,0.029,-0.013,-0.997,1.8,-0.9,0
167.325887199997,151,0,18.9,0,0,0.03,-0.014,-0.997,1.6,-0.6,0.1
167.335887199997,150,0,18.9,0,0,0.03,-0.014,-0.997,1.6,-0.6,0.1
167.345887199997,150,0,18.9,0,0,0.03,-0.014,-0.997,1.6,-0.6,0.1
167.355887199997,150,0,18.9,0,0,0.03,-0.014,-0.997,1.6,-0.6,0.1
167.365887199997,155,0,18.9,0,0,0.03,-0.014,-0.997,1.6,-0.6,0.1
167.375887199997,151,0,18.8,0,0,0.028,-0.017,-1.027,2,-0.6,0
167.385887199997,151,0,18.8,0,0,0.028,-0.017,-1.027,2,-0.6,0
167.395887199997,154,0,18.8,0,0,0.028,-0.017,-1.027,2,-0.6,0
167.405887199997,150,0,18.8,0,0,0.028,-0.017,-1.027,2,-0.6,0
167.415887199997,152,0,18.8,0,0,0.028,-0.017,-1.027,2,-0.6,0
167.425887199997,151,0,18.9,0,0,0.026,-0.019,-1.056,2.3,-0.7,0
167.435887199997,150,0,18.9,0,0,0.026,-0.019,-1.056,2.3,-0.7,0
167.445887199997,154,0,18.9,0,0,0.026,-0.019,-1.056,2.3,-0.7,0
167.455887199997,151,0,18.9,0,0,0.026,-0.019,-1.056,2.3,-0.7,0
167.465887199997,153,0,18.9,0,0,0.026,-0.019,-1.056,2.3,-0.7,0
167.475887199997,151,0,18.9,0,0,0.028,-0.014,-1.038,2.3,-0.6,0
167.485887199997,151,0,18.9,0,0,0.028,-0.014,-1.038,2.3,-0.6,0
167.495887199997,153,0,18.9,0,0,0.028,-0.014,-1.038,2.3,-0.6,0
167.505887199997,150,0,18.9,0,0,0.028,-0.014,-1.038,2.3,-0.6,0
167.515887199997,156,0,18.9,0,0,0.028,-0.014,-1.038,2.3,-0.6,0
167.525887199997,150,0,18.8,0,0,0.026,-0.014,-1.062,1.9,-0.4,0
167.535887199997,146,0,18.8,0,0,0.026,-0.014,-1.062,1.9,-0.4,0
167.545887199997,157,0,18.8,0,0,0.026,-0.014,-1.062,1.9,-0.4,0
167.555887199997,151,0,18.8,0,0,0.026,-0.014,-1.062,1.9,-0.4,0
167.565887199997,153,0,18.8,0,0,0.026,-0.014,-1.062,1.9,-0.4,0
167.575887199997,154,0,18.9,0,0,0.028,-0.012,-1.027,1.6,-0.6,0
167.585887199997,147,0,18.9,0,0,0.028,-0.012,-1.027,1.6,-0.6,0
167.595887199997,152,0,18.9,0,0,0.028,-0.012,-1.027,1.6,-0.6,0
167.605887199997,150,0,18.9,0,0,0.028,-0.012,-1.027,1.6,-0.6,0
167.615887199997,154,0,18.9,0,0,0.028,-0.012,-1.027,1.6,-0.6,0
167.625887199997,152,0,18.8,0,0,0.028,-0.016,-1.051,0.6,-0.5,0
167.635887199997,146,0,18.8,0,0,0.028,-0.016,-1.051,0.6,-0.5,0
167.645887199997,155,0,18.8,0,0,0.028,-0.016,-1.051,0.6,-0.5,0
167.655887199997,151,0,18.8,0,0,0.028,-0.016,-1.051,0.6,-0.5,0
167.665887199997,150,0,18.8,0,0,0.028,-0.016,-1.051,0.6,-0.5,0
167.675887199997,152,0,18.9,0,0,0.029,-0.011,-1.026,0.8,-0.7,0
167.685887199997,147,0,18.9,0,0,0.029,-0.011,-1.026,0.8,-0.7,0
167.695887199997,153,0,18.9,0,0,0.029,-0.011,-1.026,0.8,-0.7,0
167.705887199997,152,0,18.9,0,0,0.029,-0.011,-1.026,0.8,-0.7,0
167.715887199997,151,0,18.9,0,0,0.029,-0.011,-1.026,0.8,-0.7,0
167.725887199997,151,0,18.9,0,0,0.027,-0.02,-1.059,0,-0.5,0
167.735887199997,148,0,18.9,0,0,0.027,-0.02,-1.059,0,-0.5,0
167.745887199997,155,0,18.9,0,0,0.027,-0.02,-1.059,0,-0.5,0
167.755887199997,154,0,18.9,0,0,0.027,-0.02,-1.059,0,-0.5,0
167.765887199997,151,0,18.9,0,0,0.027,-0.02,-1.059,0,-0.5,0
167.775887199997,151,0,18.9,0,0,0.03,-0.019,-1.045,0.5,-0.6,0
167.785887199997,148,0,18.9,0,0,0.03,-0.019,-1.045,0.5,-0.6,0
167.795887199997,153,0,18.9,0,0,0.03,-0.019,-1.045,0.5,-0.6,0
167.805887199997,153,0,18.9,0,0,0.03,-0.019,-1.045,0.5,-0.6,0
167.815887199997,153,0,18.9,0,0,0.03,-0.019,-1.045,0.5,-0.6,0
167.825887199997,150,0,18.8,0,0,0.027,-0.025,-1.078,-0.1,-0.4,0
167.835887199997,149,0,18.8,0,0,0.027,-0.025,-1.078,-0.1,-0.4,0
167.845887199997,156,0,18.8,0,0,0.027,-0.025,-1.078,-0.1,-0.4,0
167.855887199997,152,0,18.8,0,0,0.027,-0.025,-1.078,-0.1,-0.4,0
167.865887199997,152,0,18.8,0,0,0.027,-0.025,-1.078,-0.1,-0.4,0
167.875887199997,153,0,18.9,0,0,0.029,-0.024,-1.059,0.5,-0.7,0
167.885887199997,149,0,18.9,0,0,0.029,-0.024,-1.059,0.5,-0.7,0
167.895887199997,151,0,18.9,0,0,0.029,-0.024,-1.059,0.5,-0.7,0
167.905887199997,152,0,18.9,0,0,0.029,-0.024,-1.059,0.5,-0.7,0
167.915887199997,156,0,18.9,0,0,0.029,-0.024,-1.059,0.5,-0.7,0
167.925887199997,152,0,18.8,0,0,0.029,-0.027,-1.067,-0.4,-0.4,0.1
167.935887199997,150,0,18.8,0,0,0.029,-0.027,-1.067,-0.4,-0.4,0.1
167.945887199997,155,0,18.8,0,0,0.029,-0.027,-1.067,-0.4,-0.4,0.1
167.955887199997,148,0,18.8,0,0,0.029,-0.027,-1.067,-0.4,-0.4,0.1
167.965887199997,153,0,18.8,0,0,0.029,-0.027,-1.067,-0.4,-0.4,0.1
167.975887199997,153,-0.01,18.9,0,0,0.029,-0.021,-1.047,0.2,-0.7,0
167.985887199997,148,-0.01,18.9,0,0,0.029,-0.021,-1.047,0.2,-0.7,0
167.995887199997,153,-0.01,18.9,0,0,0.029,-0.021,-1.047,0.2,-0.7,0
168.005887199997,150,-0.01,18.9,0,0,0.029,-0.021,-1.047,0.2,-0.7,0
168.015887199997,149,-0.01,18.9,0,0,0.029,-0.021,-1.047,0.2,-0.7,0
168.025887199997,152,0,18.8,0,0,0.026,-0.022,-1.044,-1,-0.3,0
168.035887199997,151,0,18.8,0,0,0.026,-0.022,-1.044,-1,-0.3,0
168.045887199997,155,0,18.8,0,0,0.026,-0.022,-1.044,-1,-0.3,0
168.055887199997,151,0,18.8,0,0,0.026,-0.022,-1.044,-1,-0.3,0
168.065887199997,147,0,18.8,0,0,0.026,-0.022,-1.044,-1,-0.3,0
168.075887199997,153,-0.01,18.9,0,0,0.027,-0.021,-1.045,-0.6,-0.5,0
168.085887199997,151,-0.01,18.9,0,0,0.027,-0.021,-1.045,-0.6,-0.5,0
168.095887199997,152,-0.01,18.9,0,0,0.027,-0.021,-1.045,-0.6,-0.5,0
168.105887199997,152,-0.01,18.9,0,0,0.027,-0.021,-1.045,-0.6,-0.5,0
168.115887199997,148,-0.01,18.9,0,0,0.027,-0.021,-1.045,-0.6,-0.5,0
168.125887199997,153,-0.01,18.9,0,0,0.027,-0.021,-1.036,-1.8,-0.3,0
168.135887199997,151,-0.01,18.9,0,0,0.027,-0.021,-1.036,-1.8,-0.3,0
168.145887199997,152,-0.01,18.9,0,0,0.027,-0.021,-1.036,-1.8,-0.3,0
168.155887199997,154,-0.01,18.9,0,0,0.027,-0.021,-1.036,-1.8,-0.3,0
168.165887199997,149,-0.01,18.9,0,0,0.027,-0.021,-1.036,-1.8,-0.3,0
168.175887199997,153,-0.01,18.8,0,0,0.026,-0.023,-1.045,-1.3,-0.4,0
168.185887199997,151,-0.01,18.8,0,0,0.026,-0.023,-1.045,-1.3,-0.4,0
168.195887199997,151,-0.01,18.8,0,0,0.026,-0.023,-1.045,-1.3,-0.4,0
168.205887199997,153,-0.01,18.8,0,0,0.026,-0.023,-1.045,-1.3,-0.4,0
168.215887199997,148,-0.01,18.8,0,0,0.026,-0.023,-1.045,-1.3,-0.4,0
168.225887199997,151,-0.01,18.9,0,0,0.026,-0.02,-1.033,-1.7,-0.3,0
168.235887199997,151,-0.01,18.9,0,0,0.026,-0.02,-1.033,-1.7,-0.3,0
168.245887199997,151,-0.01,18.9,0,0,0.026,-0.02,-1.033,-1.7,-0.3,0
168.255887199997,157,-0.01,18.9,0,0,0.026,-0.02,-1.033,-1.7,-0.3,0
168.265887199997,150,-0.01,18.9,0,0,0.026,-0.02,-1.033,-1.7,-0.3,0
168.275887199997,147,-0.01,18.8,0,0,0.029,-0.016,-0.998,-2,-0.3,0
168.285887199997,156,-0.01,18.8,0,0,0.029,-0.016,-0.998,-2,-0.3,0
168.295887199997,155,-0.01,18.8,0,0,0.029,-0.016,-0.998,-2,-0.3,0
168.305887199997,154,-0.01,18.8,0,0,0.029,-0.016,-0.998,-2,-0.3,0
168.315887199997,150,-0.01,18.8,0,0,0.029,-0.016,-0.998,-2,-0.3,0
168.325887199997,147,0,18.9,0,0,0.028,-0.016,-1,-0.9,-0.4,0
168.335887199997,151,0,18.9,0,0,0.028,-0.016,-1,-0.9,-0.4,0
168.345887199997,153,0,18.9,0,0,0.028,-0.016,-1,-0.9,-0.4,0
168.355887199997,154,0,18.9,0,0,0.028,-0.016,-1,-0.9,-0.4,0
168.365887199997,150,0,18.9,0,0,0.028,-0.016,-1,-0.9,-0.4,0
168.375887199997,148,0,18.8,0,0,0.032,-0.006,-0.956,-1,-0.3,0
168.385887199997,151,0,18.8,0,0,0.032,-0.006,-0.956,-1,-0.3,0
168.395887199997,151,0,18.8,0,0,0.032,-0.006,-0.956,-1,-0.3,0
168.405887199997,154,0,18.8,0,0,0.032,-0.006,-0.956,-1,-0.3,0
168.415887199997,151,0,18.8,0,0,0.032,-0.006,-0.956,-1,-0.3,0
168.425887199997,150,-0.01,18.9,0,0,0.028,-0.008,-0.964,-0.6,-0.4,0
168.435887199997,150,-0.01,18.9,0,0,0.028,-0.008,-0.964,-0.6,-0.4,0
168.445887199997,150,-0.01,18.9,0,0,0.028,-0.008,-0.964,-0.6,-0.4,0
168.455887199997,155,-0.01,18.9,0,0,0.028,-0.008,-0.964,-0.6,-0.4,0
168.465887199997,151,-0.01,18.9,0,0,0.028,-0.008,-0.964,-0.6,-0.4,0
168.475887199997,150,-0.01,18.9,0,0,0.034,-0.003,-0.931,-0.9,-0.6,0
168.485887199997,151,-0.01,18.9,0,0,0.034,-0.003,-0.931,-0.9,-0.6,0
168.495887199997,152,-0.01,18.9,0,0,0.034,-0.003,-0.931,-0.9,-0.6,0
168.505887199997,155,-0.01,18.9,0,0,0.034,-0.003,-0.931,-0.9,-0.6,0
168.515887199997,150,-0.01,18.9,0,0,0.034,-0.003,-0.931,-0.9,-0.6,0
168.525887199997,152,-0.01,18.8,0,0,0.033,-0.005,-0.944,-0.9,-0.6,0
168.535887199997,151,-0.01,18.8,0,0,0.033,-0.005,-0.944,-0.9,-0.6,0
168.545887199997,150,-0.01,18.8,0,0,0.033,-0.005,-0.944,-0.9,-0.6,0
168.555887199997,155,-0.01,18.8,0,0,0.033,-0.005,-0.944,-0.9,-0.6,0
168.565887199997,150,-0.01,18.8,0,0,0.033,-0.005,-0.944,-0.9,-0.6,0
168.575887199997,150,-0.01,18.8,0,0,0.032,-0.003,-0.922,-1.2,-0.8,0
168.585887199997,152,-0.01,18.8,0,0,0.032,-0.003,-0.922,-1.2,-0.8,0
168.595887199997,151,-0.01,18.8,0,0,0.032,-0.003,-0.922,-1.2,-0.8,0
168.605887199997,155,-0.01,18.8,0,0,0.032,-0.003,-0.922,-1.2,-0.8,0
168.615887199997,151,-0.01,18.8,0,0,0.032,-0.003,-0.922,-1.2,-0.8,0
168.625887199997,146,-0.01,18.8,0,0,0.028,-0.01,-0.956,-1,-0.8,0
168.635887199997,157,-0.01,18.8,0,0,0.028,-0.01,-0.956,-1,-0.8,0
168.645887199997,151,-0.01,18.8,0,0,0.028,-0.01,-0.956,-1,-0.8,0
168.655887199997,153,-0.01,18.8,0,0,0.028,-0.01,-0.956,-1,-0.8,0
168.665887199997,154,-0.01,18.8,0,0,0.028,-0.01,-0.956,-1,-0.8,0
168.675887199997,147,0,18.9,0,0,0.027,-0.013,-0.977,-0.3,-0.8,0
168.685887199997,152,0,18.9,0,0,0.027,-0.013,-0.977,-0.3,-0.8,0
168.695887199997,151,0,18.9,0,0,0.027,-0.013,-0.977,-0.3,-0.8,0
168.705887199997,154,0,18.9,0,0,0.027,-0.013,-0.977,-0.3,-0.8,0
168.715887199997,152,0,18.9,0,0,0.027,-0.013,-0.977,-0.3,-0.8,0
168.725887199997,147,-0.01,18.8,0,0,0.026,-0.013,-0.979,0,-0.9,0
168.735887199997,155,-0.01,18.8,0,0,0.026,-0.013,-0.979,0,-0.9,0
168.745887199997,151,-0.01,18.8,0,0,0.026,-0.013,-0.979,0,-0.9,0
168.755887199997,150,-0.01,18.8,0,0,0.026,-0.013,-0.979,0,-0.9,0
168.765887199997,151,-0.01,18.8,0,0,0.026,-0.013,-0.979,0,-0.9,0
168.775887199997,148,0,18.8,0,0,0.028,-0.012,-0.979,0.4,-0.8,0.1
168.785887199997,154,0,18.8,0,0,0.028,-0.012,-0.979,0.4,-0.8,0.1
168.795887199997,153,0,18.8,0,0,0.028,-0.012,-0.979,0.4,-0.8,0.1
168.805887199997,152,0,18.8,0,0,0.028,-0.012,-0.979,0.4,-0.8,0.1
168.815887199997,150,0,18.8,0,0,0.028,-0.012,-0.979,0.4,-0.8,0.1
168.825887199997,148,0,18.8,0,0,0.027,-0.023,-1.048,-1.7,-0.7,0
168.835887199997,154,0,18.8,0,0,0.027,-0.023,-1.048,-1.7,-0.7,0
168.845887199997,154,0,18.8,0,0,0.027,-0.023,-1.048,-1.7,-0.7,0
168.855887199997,152,0,18.8,0,0,0.027,-0.023,-1.048,-1.7,-0.7,0
168.865887199997,150,0,18.8,0,0,0.027,-0.023,-1.048,-1.7,-0.7,0
168.875887199997,148,0,18.9,0,0,0.026,-0.026,-1.058,-1.1,-0.6,0
168.885887199997,154,0,18.9,0,0,0.026,-0.026,-1.058,-1.1,-0.6,0
168.895887199997,153,0,18.9,0,0,0.026,-0.026,-1.058,-1.1,-0.6,0
168.905887199997,152,0,18.9,0,0,0.026,-0.026,-1.058,-1.1,-0.6,0
168.915887199997,150,0,18.9,0,0,0.026,-0.026,-1.058,-1.1,-0.6,0
168.925887199997,149,0,18.9,0,0,0.027,-0.025,-1.048,-2.3,-0.1,0
168.935887199997,155,0,18.9,0,0,0.027,-0.025,-1.048,-2.3,-0.1,0
168.945887199997,152,0,18.9,0,0,0.027,-0.025,-1.048,-2.3,-0.1,0
168.955887199997,152,0,18.9,0,0,0.027,-0.025,-1.048,-2.3,-0.1,0
168.965887199997,153,0,18.9,0,0,0.027,-0.025,-1.048,-2.3,-0.1,0
168.975887199997,149,0,18.8,0,0,0.025,-0.026,-1.055,-1.4,-0.4,0
168.985887199997,151,0,18.8,0,0,0.025,-0.026,-1.055,-1.4,-0.4,0
168.995887199997,151,0,18.8,0,0,0.025,-0.026,-1.055,-1.4,-0.4,0
169.005887199997,156,0,18.8,0,0,0.025,-0.026,-1.055,-1.4,-0.4,0
169.015887199997,152,0,18.8,0,0,0.025,-0.026,-1.055,-1.4,-0.4,0
169.025887199997,149,0,18.9,0,0,0.027,-0.019,-1.02,-2,-0.2,0
169.035887199997,155,0,18.9,0,0,0.027,-0.019,-1.02,-2,-0.2,0
169.045887199997,148,0,18.9,0,0,0.027,-0.019,-1.02,-2,-0.2,0
169.055887199997,154,0,18.9,0,0,0.027,-0.019,-1.02,-2,-0.2,0
169.065887199997,154,0,18.9,0,0,0.027,-0.019,-1.02,-2,-0.2,0
169.075887199997,147,0,18.9,0,0,0.028,-0.019,-1.018,-0.9,-0.3,0
169.085887199997,152,0,18.9,0,0,0.028,-0.019,-1.018,-0.9,-0.3,0
169.095887199997,150,0,18.9,0,0,0.028,-0.019,-1.018,-0.9,-0.3,0
169.105887199997,150,0,18.9,0,0,0.028,-0.019,-1.018,-0.9,-0.3,0
169.115887199997,151,0,18.9,0,0,0.028,-0.019,-1.018,-0.9,-0.3,0
169.125887199997,151,0,18.8,0,0,0.028,-0.009,-0.973,-1.2,-0.2,0
169.135887199997,155,0,18.8,0,0,0.028,-0.009,-0.973,-1.2,-0.2,0
169.145887199997,151,0,18.8,0,0,0.028,-0.009,-0.973,-1.2,-0.2,0
169.155887199997,147,0,18.8,0,0,0.028,-0.009,-0.973,-1.2,-0.2,0
169.165887199997,154,0,18.8,0,0,0.028,-0.009,-0.973,-1.2,-0.2,0
169.175887199997,150,0,18.9,0,0,0.031,-0.01,-0.977,-0.7,-0.3,0.1
169.185887199997,151,0,18.9,0,0,0.031,-0.01,-0.977,-0.7,-0.3,0.1
169.195887199997,153,0,18.9,0,0,0.031,-0.01,-0.977,-0.7,-0.3,0.1
169.205887199997,149,0,18.9,0,0,0.031,-0.01,-0.977,-0.7,-0.3,0.1
169.215887199997,152,0,18.9,0,0,0.031,-0.01,-0.977,-0.7,-0.3,0.1
169.225887199997,151,0,18.9,0,0,0.033,-0.005,-0.939,-1.2,-0.4,0
169.235887199997,153,0,18.9,0,0,0.033,-0.005,-0.939,-1.2,-0.4,0
169.245887199997,154,0,18.9,0,0,0.033,-0.005,-0.939,-1.2,-0.4,0
169.255887199997,148,0,18.9,0,0,0.033,-0.005,-0.939,-1.2,-0.4,0
169.265887199997,152,0,18.9,0,0,0.033,-0.005,-0.939,-1.2,-0.4,0
169.275887199997,153,0,18.8,0,0,0.032,-0.003,-0.924,-1.5,-0.6,0
169.285887199997,153,0,18.8,0,0,0.032,-0.003,-0.924,-1.5,-0.6,0
169.295887199997,155,0,18.8,0,0,0.032,-0.003,-0.924,-1.5,-0.6,0
169.305887199997,149,0,18.8,0,0,0.032,-0.003,-0.924,-1.5,-0.6,0
169.315887199997,150,0,18.8,0,0,0.032,-0.003,-0.924,-1.5,-0.6,0
169.325887199997,152,0,18.8,0,0,0.032,-0.008,-0.95,-1.3,-0.6,0
169.335887199997,152,0,18.8,0,0,0.032,-0.008,-0.95,-1.3,-0.6,0
169.345887199997,157,0,18.8,0,0,0.032,-0.008,-0.95,-1.3,-0.6,0
169.355887199997,149,0,18.8,0,0,0.032,-0.008,-0.95,-1.3,-0.6,0
169.365887199997,146,0,18.8,0,0,0.032,-0.008,-0.95,-1.3,-0.6,0
169.375887199997,157,0,18.9,0,0,0.03,-0.009,-0.947,-1,-0.8,0
169.385887199997,156,0,18.9,0,0,0.03,-0.009,-0.947,-1,-0.8,0
169.395887199997,154,0,18.9,0,0,0.03,-0.009,-0.947,-1,-0.8,0
169.405887199997,150,0,18.9,0,0,0.03,-0.009,-0.947,-1,-0.8,0
169.415887199997,147,0,18.9,0,0,0.03,-0.009,-0.947,-1,-0.8,0
169.425887199997,151,0,18.9,0,0,0.028,-0.013,-0.972,-0.5,-0.7,0
169.435887199997,153,0,18.9,0,0,0.028,-0.013,-0.972,-0.5,-0.7,0
169.445887199997,154,0,18.9,0,0,0.028,-0.013,-0.972,-0.5,-0.7,0
169.455887199997,149,0,18.9,0,0,0.028,-0.013,-0.972,-0.5,-0.7,0
169.465887199997,147,0,18.9,0,0,0.028,-0.013,-0.972,-0.5,-0.7,0
169.475887199997,166,0,18.8,0,0,0.027,-0.011,-1.017,-0.7,-0.5,0
169.485887199997,163,0,18.8,0,0,0.027,-0.011,-1.017,-0.7,-0.5,0
169.495887199997,160,0,18.8,0,0,0.027,-0.011,-1.017,-0.7,-0.5,0
169.505887199997,165,0,18.8,0,0,0.027,-0.011,-1.017,-0.7,-0.5,0
169.515887199997,162,0,18.8,0,0,0.027,-0.011,-1.017,-0.7,-0.5,0
169.525887199997,162,0,18.8,0,0,0.03,-0.002,-0.954,0.4,-0.4,0
169.535887199997,164,0,18.8,0,0,0.03,-0.002,-0.954,0.4,-0.4,0
169.545887199997,165,0,18.8,0,0,0.03,-0.002,-0.954,0.4,-0.4,0
169.555887199997,160,0,18.8,0,0,0.03,-0.002,-0.954,0.4,-0.4,0
169.565887199997,163,0,18.8,0,0,0.03,-0.002,-0.954,0.4,-0.4,0
169.575887199997,166,0,18.8,0,0,0.029,-0.018,-1.021,1.8,-0.8,0
169.585887199997,160,0,18.8,0,0,0.029,-0.018,-1.021,1.8,-0.8,0
169.595887199997,162,0,18.8,0,0,0.029,-0.018,-1.021,1.8,-0.8,0
169.605887199997,164,0,18.8,0,0,0.029,-0.018,-1.021,1.8,-0.8,0
169.615887199997,163,0,18.8,0,0,0.029,-0.018,-1.021,1.8,-0.8,0
169.625887199997,166,0,18.9,0,0,0.027,-0.01,-1.026,1.2,-0.4,0
169.635887199997,163,0,18.9,0,0,0.027,-0.01,-1.026,1.2,-0.4,0
169.645887199997,161,0,18.9,0,0,0.027,-0.01,-1.026,1.2,-0.4,0
169.655887199997,165,0,18.9,0,0,0.027,-0.01,-1.026,1.2,-0.4,0
169.665887199997,163,0,18.9,0,0,0.027,-0.01,-1.026,1.2,-0.4,0
169.675887199997,164,0,18.9,0,0,0.029,-0.027,-1.034,-1,-0.3,0
169.685887199997,163,0,18.9,0,0,0.029,-0.027,-1.034,-1,-0.3,0
169.695887199997,164,0,18.9,0,0,0.029,-0.027,-1.034,-1,-0.3,0
169.705887199997,168,0,18.9,0,0,0.029,-0.027,-1.034,-1,-0.3,0
169.715887199997,166,0,18.9,0,0,0.029,-0.027,-1.034,-1,-0.3,0
169.725887199997,165,0,18.9,0,0,0.028,-0.017,-1,0,-0.4,0
169.735887199997,162,0,18.9,0,0,0.028,-0.017,-1,0,-0.4,0
169.745887199997,161,0,18.9,0,0,0.028,-0.017,-1,0,-0.4,0
169.755887199997,167,0,18.9,0,0,0.028,-0.017,-1,0,-0.4,0
169.765887199997,163,0,18.9,0,0,0.028,-0.017,-1,0,-0.4,0
169.775887199997,161,0,18.8,0,0,0.034,-0.005,-0.939,-0.2,-0.7,0
169.785887199997,166,0,18.8,0,0,0.034,-0.005,-0.939,-0.2,-0.7,0
169.795887199997,163,0,18.8,0,0,0.034,-0.005,-0.939,-0.2,-0.7,0
169.805887199997,163,0,18.8,0,0,0.034,-0.005,-0.939,-0.2,-0.7,0
169.815887199997,164,0,18.8,0,0,0.034,-0.005,-0.939,-0.2,-0.7,0
169.825887199997,160,0,18.8,0,0,0.026,-0.011,-1.005,0.2,-0.7,0
169.835887199997,164,0,18.8,0,0,0.026,-0.011,-1.005,0.2,-0.7,0
169.845887199997,166,0,18.8,0,0,0.026,-0.011,-1.005,0.2,-0.7,0
169.855887199997,160,0,18.8,0,0,0.026,-0.011,-1.005,0.2,-0.7,0
169.865887199997,163,0,18.8,0,0,0.026,-0.011,-1.005,0.2,-0.7,0
169.875887199997,164,0,18.9,0,0,0.028,-0.009,-0.987,1.6,-0.6,0.1
169.885887199997,162,0,18.9,0,0,0.028,-0.009,-0.987,1.6,-0.6,0.1
169.895887199997,167,0,18.9,0,0,0.028,-0.009,-0.987,1.6,-0.6,0.1
169.905887199997,163,0,18.9,0,0,0.028,-0.009,-0.987,1.6,-0.6,0.1
169.915887199997,160,0,18.9,0,0,0.028,-0.009,-0.987,1.6,-0.6,0.1
169.925887199997,167,-0.01,18.8,0,0,0.029,-0.021,-1.026,0.9,-0.8,0
169.935887199997,166,-0.01,18.8,0,0,0.029,-0.021,-1.026,0.9,-0.8,0
169.945887199997,161,-0.01,18.8,0,0,0.029,-0.021,-1.026,0.9,-0.8,0
169.955887199997,159,-0.01,18.8,0,0,0.029,-0.021,-1.026,0.9,-0.8,0
169.965887199997,163,-0.01,18.8,0,0,0.029,-0.021,-1.026,0.9,-0.8,0
169.975887199997,161,-0.01,18.9,0,0,0.028,-0.012,-1.001,0,-0.7,0
169.985887199997,165,-0.01,18.9,0,0,0.028,-0.012,-1.001,0,-0.7,0
169.995887199997,164,-0.01,18.9,0,0,0.028,-0.012,-1.001,0,-0.7,0
170.005887199997,159,-0.01,18.9,0,0,0.028,-0.012,-1.001,0,-0.7,0
170.015887199997,166,-0.01,18.9,0,0,0.028,-0.012,-1.001,0,-0.7,0
170.025887199997,166,0,18.9,0,0,0.03,-0.013,-0.989,-0.7,-0.6,0
170.035887199997,159,0,18.9,0,0,0.03,-0.013,-0.989,-0.7,-0.6,0
170.045887199997,163,0,18.9,0,0,0.03,-0.013,-0.989,-0.7,-0.6,0
170.055887199997,162,0,18.9,0,0,0.03,-0.013,-0.989,-0.7,-0.6,0
170.065887199997,161,0,18.9,0,0,0.03,-0.013,-0.989,-0.7,-0.6,0
170.075887199997,166,0,18.9,0,0,0.029,-0.01,-0.983,1,-0.5,0
170.085887199997,163,0,18.9,0,0,0.029,-0.01,-0.983,1,-0.5,0
170.095887199997,160,0,18.9,0,0,0.029,-0.01,-0.983,1,-0.5,0
170.105887199997,165,0,18.9,0,0,0.029,-0.01,-0.983,1,-0.5,0
170.115887199997,165,0,18.9,0,0,0.029,-0.01,-0.983,1,-0.5,0
170.125887199996,164,0,18.8,0,0,0.029,-0.011,-0.974,1.4,-0.8,0
170.135887199996,165,0,18.8,0,0,0.029,-0.011,-0.974,1.4,-0.8,0
170.145887199997,160,0,18.8,0,0,0.029,-0.011,-0.974,1.4,-0.8,0
170.155887199996,163,0,18.8,0,0,0.029,-0.011,-0.974,1.4,-0.8,0
170.165887199996,166,0,18.8,0,0,0.029,-0.011,-0.974,1.4,-0.8,0
170.175887199996,160,0,18.9,0,0,0.026,-0.016,-1.062,0.7,-0.4,0
170.185887199996,162,0,18.9,0,0,0.026,-0.016,-1.062,0.7,-0.4,0
170.195887199996,163,0,18.9,0,0,0.026,-0.016,-1.062,0.7,-0.4,0
170.205887199996,162,0,18.9,0,0,0.026,-0.016,-1.062,0.7,-0.4,0
170.215887199996,167,0,18.9,0,0,0.026,-0.016,-1.062,0.7,-0.4,0
170.225887199996,163,-0.01,18.9,0,0,0.029,-0.024,-1.034,0.3,-0.5,0
170.235887199996,160,-0.01,18.9,0,0,0.029,-0.024,-1.034,0.3,-0.5,0
170.245887199996,165,-0.01,18.9,0,0,0.029,-0.024,-1.034,0.3,-0.5,0
170.255887199996,163,-0.01,18.9,0,0,0.029,-0.024,-1.034,0.3,-0.5,0
170.265887199996,162,-0.01,18.9,0,0,0.029,-0.024,-1.034,0.3,-0.5,0
170.275887199996,164,0,18.9,0,0,0.03,-0.01,-0.97,-0.9,-0.3,0
170.285887199996,167,0,18.9,0,0,0.03,-0.01,-0.97,-0.9,-0.3,0
170.295887199996,166,0,18.9,0,0,0.03,-0.01,-0.97,-0.9,-0.3,0
170.305887199996,165,0,18.9,0,0,0.03,-0.01,-0.97,-0.9,-0.3,0
170.315887199996,162,0,18.9,0,0,0.03,-0.01,-0.97,-0.9,-0.3,0
170.325887199996,159,0,18.9,0,0,0.029,-0.016,-1.003,0.3,-1,0
170.335887199996,164,0,18.9,0,0,0.029,-0.016,-1.003,0.3,-1,0
170.345887199996,162,0,18.9,0,0,0.029,-0.016,-1.003,0.3,-1,0
170.355887199996,165,0,18.9,0,0,0.029,-0.016,-1.003,0.3,-1,0
170.365887199996,163,0,18.9,0,0,0.029,-0.016,-1.003,0.3,-1,0
170.375887199996,159,0.01,18.8,0,0,0.028,-0.004,-0.986,0.8,-0.6,0
170.385887199996,167,0.01,18.8,0,0,0.028,-0.004,-0.986,0.8,-0.6,0
170.395887199996,166,0.01,18.8,0,0,0.028,-0.004,-0.986,0.8,-0.6,0
170.405887199996,159,0.01,18.8,0,0,0.028,-0.004,-0.986,0.8,-0.6,0
170.415887199996,162,0.01,18.8,0,0,0.028,-0.004,-0.986,0.8,-0.6,0
170.425887199996,162,0,18.8,0,0,0.028,-0.02,-1.025,0.3,-0.4,0
170.435887199996,162,0,18.8,0,0,0.028,-0.02,-1.025,0.3,-0.4,0
170.445887199996,166,0,18.8,0,0,0.028,-0.02,-1.025,0.3,-0.4,0
170.455887199996,163,0,18.8,0,0,0.028,-0.02,-1.025,0.3,-0.4,0
170.465887199996,159,0,18.8,0,0,0.028,-0.02,-1.025,0.3,-0.4,0
170.475887199996,165,0,18.8,0,0,0.029,-0.013,-1.011,1.3,-0.4,0
170.485887199996,165,0,18.8,0,0,0.029,-0.013,-1.011,1.3,-0.4,0
170.495887199996,164,0,18.8,0,0,0.029,-0.013,-1.011,1.3,-0.4,0
170.505887199996,165,0,18.8,0,0,0.029,-0.013,-1.011,1.3,-0.4,0
170.515887199996,160,0,18.8,0,0,0.029,-0.013,-1.011,1.3,-0.4,0
170.525887199996,163,-0.01,18.8,0,0,0.03,-0.019,-1.013,0,-0.7,0
170.535887199996,166,-0.01,18.8,0,0,0.03,-0.019,-1.013,0,-0.7,0
170.545887199996,160,-0.01,18.8,0,0,0.03,-0.019,-1.013,0,-0.7,0
170.555887199996,162,-0.01,18.8,0,0,0.03,-0.019,-1.013,0,-0.7,0
170.565887199996,166,-0.01,18.8,0,0,0.03,-0.019,-1.013,0,-0.7,0
170.575887199996,163,-0.01,18.9,0,0,0.028,-0.012,-1.02,-1.2,-0.5,0
170.585887199996,165,-0.01,18.9,0,0,0.028,-0.012,-1.02,-1.2,-0.5,0
170.595887199996,163,-0.01,18.9,0,0,0.028,-0.012,-1.02,-1.2,-0.5,0
170.605887199996,160,-0.01,18.9,0,0,0.028,-0.012,-1.02,-1.2,-0.5,0
170.615887199996,165,-0.01,18.9,0,0,0.028,-0.012,-1.02,-1.2,-0.5,0
170.625887199996,163,0,18.8,0,0,0.028,-0.014,-0.985,0,-0.9,0
170.635887199996,161,0,18.8,0,0,0.028,-0.014,-0.985,0,-0.9,0
170.645887199996,164,0,18.8,0,0,0.028,-0.014,-0.985,0,-0.9,0
170.655887199996,167,0,18.8,0,0,0.028,-0.014,-0.985,0,-0.9,0
170.665887199996,164,0,18.8,0,0,0.028,-0.014,-0.985,0,-0.9,0
170.675887199996,165,0,18.9,0,0,0.031,-0.003,-0.954,0.1,-0.3,0
170.685887199996,164,0,18.9,0,0,0.031,-0.003,-0.954,0.1,-0.3,0
170.695887199996,159,0,18.9,0,0,0.031,-0.003,-0.954,0.1,-0.3,0
170.705887199996,163,0,18.9,0,0,0.031,-0.003,-0.954,0.1,-0.3,0
170.715887199996,162,0,18.9,0,0,0.031,-0.003,-0.954,0.1,-0.3,0
170.725887199996,166,0.01,18.9,0,0,0.026,-0.02,-1.029,1.2,-0.8,0
170.735887199996,164,0.01,18.9,0,0,0.026,-0.02,-1.029,1.2,-0.8,0
170.745887199996,159,0.01,18.9,0,0,0.026,-0.02,-1.029,1.2,-0.8,0
170.755887199996,166,0.01,18.9,0,0,0.026,-0.02,-1.029,1.2,-0.8,0
170.765887199996,165,0.01,18.9,0,0,0.026,-0.02,-1.029,1.2,-0.8,0
170.775887199996,160,0,18.8,0,0,0.028,-0.013,-1.018,0.6,-0.5,0
170.785887199996,163,0,18.8,0,0,0.028,-0.013,-1.018,0.6,-0.5,0
170.795887199996,161,0,18.8,0,0,0.028,-0.013,-1.018,0.6,-0.5,0
170.805887199996,161,0,18.8,0,0,0.028,-0.013,-1.018,0.6,-0.5,0
170.815887199996,166,0,18.8,0,0,0.028,-0.013,-1.018,0.6,-0.5,0
170.825887199996,163,0,18.8,0,0,0.027,-0.025,-1.029,-1.3,-0.2,0
170.835887199996,160,0,18.8,0,0,0.027,-0.025,-1.029,-1.3,-0.2,0
170.845887199996,166,0,18.8,0,0,0.027,-0.025,-1.029,-1.3,-0.2,0
170.855887199996,165,0,18.8,0,0,0.027,-0.025,-1.029,-1.3,-0.2,0
170.865887199996,163,0,18.8,0,0,0.027,-0.025,-1.029,-1.3,-0.2,0
170.875887199996,164,-0.01,18.8,0,0,0.031,-0.008,-0.968,0,-0.7,0
170.885887199996,160,-0.01,18.8,0,0,0.031,-0.008,-0.968,0,-0.7,0
170.895887199996,164,-0.01,18.8,0,0,0.031,-0.008,-0.968,0,-0.7,0
170.905887199996,167,-0.01,18.8,0,0,0.031,-0.008,-0.968,0,-0.7,0
170.915887199996,160,-0.01,18.8,0,0,0.031,-0.008,-0.968,0,-0.7,0
170.925887199996,162,0,18.9,0,0,0.028,-0.011,-0.969,0,-1.1,0
170.935887199996,166,0,18.9,0,0,0.028,-0.011,-0.969,0,-1.1,0
170.945887199996,162,0,18.9,0,0,0.028,-0.011,-0.969,0,-1.1,0
170.955887199996,165,0,18.9,0,0,0.028,-0.011,-0.969,0,-1.1,0
170.965887199996,164,0,18.9,0,0,0.028,-0.011,-0.969,0,-1.1,0
170.975887199996,161,0,18.9,0,0,0.029,-0.006,-0.992,0.4,-0.6,0
170.985887199996,165,0,18.9,0,0,0.029,-0.006,-0.992,0.4,-0.6,0
170.995887199996,163,0,18.9,0,0,0.029,-0.006,-0.992,0.4,-0.6,0
171.005887199996,160,0,18.9,0,0,0.029,-0.006,-0.992,0.4,-0.6,0
171.015887199996,163,0,18.9,0,0,0.029,-0.006,-0.992,0.4,-0.6,0
171.025887199996,168,0.01,18.9,0,0,0.028,-0.018,-1.013,1.5,-0.5,0
171.035887199996,163,0.01,18.9,0,0,0.028,-0.018,-1.013,1.5,-0.5,0
171.045887199996,165,0.01,18.9,0,0,0.028,-0.018,-1.013,1.5,-0.5,0
171.055887199996,166,0.01,18.9,0,0,0.028,-0.018,-1.013,1.5,-0.5,0
171.065887199996,159,0.01,18.9,0,0,0.028,-0.018,-1.013,1.5,-0.5,0
171.075887199996,163,0,18.9,0,0,0.032,-0.01,-0.975,0.1,-0.3,0
171.085887199996,162,0,18.9,0,0,0.032,-0.01,-0.975,0.1,-0.3,0
171.095887199996,166,0,18.9,0,0,0.032,-0.01,-0.975,0.1,-0.3,0
171.105887199996,164,0,18.9,0,0,0.032,-0.01,-0.975,0.1,-0.3,0
171.115887199996,159,0,18.9,0,0,0.032,-0.01,-0.975,0.1,-0.3,0
171.125887199996,166,0,18.9,0,0,0.025,-0.024,-1.049,-0.1,-0.7,0
171.135887199996,166,0,18.9,0,0,0.025,-0.024,-1.049,-0.1,-0.7,0
171.145887199996,159,0,18.9,0,0,0.025,-0.024,-1.049,-0.1,-0.7,0
171.155887199996,162,0,18.9,0,0,0.025,-0.024,-1.049,-0.1,-0.7,0
171.165887199996,162,0,18.9,0,0,0.025,-0.024,-1.049,-0.1,-0.7,0
171.175887199996,162,-0.01,18.8,0,0,0.031,-0.007,-0.974,0,-0.7,0
171.185887199996,166,-0.01,18.8,0,0,0.031,-0.007,-0.974,0,-0.7,0
171.195887199996,162,-0.01,18.8,0,0,0.031,-0.007,-0.974,0,-0.7,0
171.205887199996,160,-0.01,18.8,0,0,0.031,-0.007,-0.974,0,-0.7,0
171.215887199996,166,-0.01,18.8,0,0,0.031,-0.007,-0.974,0,-0.7,0
171.225887199996,165,0,18.8,0,0,0.028,-0.016,-0.984,-0.5,-0.5,0
171.235887199996,160,0,18.8,0,0,0.028,-0.016,-0.984,-0.5,-0.5,0
171.245887199996,164,0,18.8,0,0,0.028,-0.016,-0.984,-0.5,-0.5,0
171.255887199996,163,0,18.8,0,0,0.028,-0.016,-0.984,-0.5,-0.5,0
171.265887199996,163,0,18.8,0,0,0.028,-0.016,-0.984,-0.5,-0.5,0
171.275887199996,166,0.01,18.9,0,0,0.03,-0.005,-0.964,1.8,-0.6,0
171.285887199996,161,0.01,18.9,0,0,0.03,-0.005,-0.964,1.8,-0.6,0
171.295887199996,162,0.01,18.9,0,0,0.03,-0.005,-0.964,1.8,-0.6,0
171.305887199996,166,0.01,18.9,0,0,0.03,-0.005,-0.964,1.8,-0.6,0
171.315887199996,163,0.01,18.9,0,0,0.03,-0.005,-0.964,1.8,-0.6,0
171.325887199996,163,0,18.9,0,0,0.027,-0.015,-1.022,1.5,-0.6,0
171.335887199996,163,0,18.9,0,0,0.027,-0.015,-1.022,1.5,-0.6,0
171.345887199996,161,0,18.9,0,0,0.027,-0.015,-1.022,1.5,-0.6,0
171.355887199996,165,0,18.9,0,0,0.027,-0.015,-1.022,1.5,-0.6,0
171.365887199996,163,0,18.9,0,0,0.027,-0.015,-1.022,1.5,-0.6,0
171.375887199996,161,0,18.8,0,0,0.029,-0.019,-1.043,-0.1,-0.3,0
171.385887199996,163,0,18.8,0,0,0.029,-0.019,-1.043,-0.1,-0.3,0
171.395887199996,168,0,18.8,0,0,0.029,-0.019,-1.043,-0.1,-0.3,0
171.405887199996,163,0,18.8,0,0,0.029,-0.019,-1.043,-0.1,-0.3,0
171.415887199996,166,0,18.8,0,0,0.029,-0.019,-1.043,-0.1,-0.3,0
171.425887199996,166,0,18.9,0,0,0.028,-0.02,-1.013,0.3,-0.6,0
171.435887199996,159,0,18.9,0,0,0.028,-0.02,-1.013,0.3,-0.6,0
171.445887199996,163,0,18.9,0,0,0.028,-0.02,-1.013,0.3,-0.6,0
171.455887199996,161,0,18.9,0,0,0.028,-0.02,-1.013,0.3,-0.6,0
171.465887199996,166,0,18.9,0,0,0.028,-0.02,-1.013,0.3,-0.6,0
171.475887199996,164,-0.01,18.9,0,0,0.033,-0.006,-0.948,0,-0.8,0
171.485887199996,159,-0.01,18.9,0,0,0.033,-0.006,-0.948,0,-0.8,0
171.495887199996,166,-0.01,18.9,0,0,0.033,-0.006,-0.948,0,-0.8,0
171.505887199996,165,-0.01,18.9,0,0,0.033,-0.006,-0.948,0,-0.8,0
171.515887199996,160,-0.01,18.9,0,0,0.033,-0.006,-0.948,0,-0.8,0
171.525887199996,163,0,18.8,0,0,0.026,-0.012,-1.014,0.3,-0.7,0
171.535887199996,165,0,18.8,0,0,0.026,-0.012,-1.014,0.3,-0.7,0
171.545887199996,161,0,18.8,0,0,0.026,-0.012,-1.014,0.3,-0.7,0
171.555887199996,164,0,18.8,0,0,0.026,-0.012,-1.014,0.3,-0.7,0
171.565887199996,163,0,18.8,0,0,0.026,-0.012,-1.014,0.3,-0.7,0
171.575887199996,159,0,18.8,0,0,0.03,-0.009,-0.988,1.5,-0.7,0.1
171.585887199996,167,0,18.8,0,0,0.03,-0.009,-0.988,1.5,-0.7,0.1
171.595887199996,165,0,18.8,0,0,0.03,-0.009,-0.988,1.5,-0.7,0.1
171.605887199996,160,0,18.8,0,0,0.03,-0.009,-0.988,1.5,-0.7,0.1
171.615887199996,165,0,18.8,0,0,0.03,-0.009,-0.988,1.5,-0.7,0.1
171.625887199996,163,0,18.8,0,0,0.029,-0.017,-1.019,0.3,-0.1,0
171.635887199996,163,0,18.8,0,0,0.029,-0.017,-1.019,0.3,-0.1,0
171.645887199996,166,0,18.8,0,0,0.029,-0.017,-1.019,0.3,-0.1,0
171.655887199996,160,0,18.8,0,0,0.029,-0.017,-1.019,0.3,-0.1,0
171.665887199996,162,0,18.8,0,0,0.029,-0.017,-1.019,0.3,-0.1,0
171.675887199996,166,0.01,18.9,0,0,0.03,-0.022,-1.031,0.7,-0.7,0
171.685887199996,163,0.01,18.9,0,0,0.03,-0.022,-1.031,0.7,-0.7,0
171.695887199996,164,0.01,18.9,0,0,0.03,-0.022,-1.031,0.7,-0.7,0
171.705887199996,163,0.01,18.9,0,0,0.03,-0.022,-1.031,0.7,-0.7,0
171.715887199996,161,0.01,18.9,0,0,0.03,-0.022,-1.031,0.7,-0.7,0
171.725887199996,164,0,18.9,0,0,0.027,-0.015,-1.019,-0.4,-0.7,0
171.735887199996,163,0,18.9,0,0,0.027,-0.015,-1.019,-0.4,-0.7,0
171.745887199996,161,0,18.9,0,0,0.027,-0.015,-1.019,-0.4,-0.7,0
171.755887199996,163,0,18.9,0,0,0.027,-0.015,-1.019,-0.4,-0.7,0
171.765887199996,168,0,18.9,0,0,0.027,-0.015,-1.019,-0.4,-0.7,0
171.775887199996,162,-0.01,18.9,0,0,0.028,-0.014,-1.002,-0.9,-0.6,0
171.785887199996,166,-0.01,18.9,0,0,0.028,-0.014,-1.002,-0.9,-0.6,0
171.795887199996,166,-0.01,18.9,0,0,0.028,-0.014,-1.002,-0.9,-0.6,0
171.805887199996,158,-0.01,18.9,0,0,0.028,-0.014,-1.002,-0.9,-0.6,0
171.815887199996,164,-0.01,18.9,0,0,0.028,-0.014,-1.002,-0.9,-0.6,0
171.825887199996,162,0,18.9,0,0,0.027,-0.01,-0.987,0.9,-0.5,0
171.835887199996,163,0,18.9,0,0,0.027,-0.01,-0.987,0.9,-0.5,0
171.845887199996,163,0,18.9,0,0,0.027,-0.01,-0.987,0.9,-0.5,0
171.855887199996,161,0,18.9,0,0,0.027,-0.01,-0.987,0.9,-0.5,0
171.865887199996,166,0,18.9,0,0,0.027,-0.01,-0.987,0.9,-0.5,0
171.875887199996,165,0,18.9,0,0,0.031,-0.009,-0.969,1,-0.6,0
171.885887199996,160,0,18.9,0,0,0.031,-0.009,-0.969,1,-0.6,0
171.895887199996,163,0,18.9,0,0,0.031,-0.009,-0.969,1,-0.6,0
171.905887199996,165,0,18.9,0,0,0.031,-0.009,-0.969,1,-0.6,0
171.915887199996,161,0,18.9,0,0,0.031,-0.009,-0.969,1,-0.6,0
171.925887199996,164,0.01,18.8,0,0,0.025,-0.018,-1.062,0.5,-0.5,0
171.935887199996,163,0.01,18.8,0,0,0.025,-0.018,-1.062,0.5,-0.5,0
171.945887199996,159,0.01,18.8,0,0,0.025,-0.018,-1.062,0.5,-0.5,0
171.955887199996,166,0.01,18.8,0,0,0.025,-0.018,-1.062,0.5,-0.5,0
171.965887199996,165,0.01,18.8,0,0,0.025,-0.018,-1.062,0.5,-0.5,0
171.975887199996,174,0,18.9,0,0,0.026,-0.012,-1.019,-0.1,-0.8,0
171.985887199996,172,0,18.9,0,0,0.026,-0.012,-1.019,-0.1,-0.8,0
171.995887199996,175,0,18.9,0,0,0.026,-0.012,-1.019,-0.1,-0.8,0
172.005887199996,174,0,18.9,0,0,0.026,-0.012,-1.019,-0.1,-0.8,0
172.015887199996,174,0,18.9,0,0,0.026,-0.012,-1.019,-0.1,-0.8,0
172.025887199996,177,0,18.9,0,0,0.034,-0.009,-0.94,-0.1,-0.1,0
172.035887199996,177,0,18.9,0,0,0.034,-0.009,-0.94,-0.1,-0.1,0
172.045887199996,171,0,18.9,0,0,0.034,-0.009,-0.94,-0.1,-0.1,0
172.055887199996,175,0,18.9,0,0,0.034,-0.009,-0.94,-0.1,-0.1,0
172.065887199996,178,0,18.9,0,0,0.034,-0.009,-0.94,-0.1,-0.1,0
172.075887199996,176,0,18.9,0,0,0.037,-0.003,-0.89,1.2,-1,0
172.085887199996,174,0,18.9,0,0,0.037,-0.003,-0.89,1.2,-1,0
172.095887199996,173,0,18.9,0,0,0.037,-0.003,-0.89,1.2,-1,0
172.105887199996,178,0,18.9,0,0,0.037,-0.003,-0.89,1.2,-1,0
172.115887199996,175,0,18.9,0,0,0.037,-0.003,-0.89,1.2,-1,0
172.125887199996,172,0,18.9,0,0,0.027,-0.004,-1.021,0.6,-0.7,0
172.135887199996,176,0,18.9,0,0,0.027,-0.004,-1.021,0.6,-0.7,0
172.145887199996,179,0,18.9,0,0,0.027,-0.004,-1.021,0.6,-0.7,0
172.155887199996,174,0,18.9,0,0,0.027,-0.004,-1.021,0.6,-0.7,0
172.165887199996,173,0,18.9,0,0,0.027,-0.004,-1.021,0.6,-0.7,0
172.175887199996,177,0,18.9,0,0,0.033,-0.013,-0.959,-0.7,0.6,0
172.185887199996,175,0,18.9,0,0,0.033,-0.013,-0.959,-0.7,0.6,0
172.195887199996,172,0,18.9,0,0,0.033,-0.013,-0.959,-0.7,0.6,0
172.205887199996,175,0,18.9,0,0,0.033,-0.013,-0.959,-0.7,0.6,0
172.215887199996,179,0,18.9,0,0,0.033,-0.013,-0.959,-0.7,0.6,0
172.225887199996,174,0,18.9,0,0,0.026,-0.015,-1.062,1,-1.6,0
172.235887199996,177,0,18.9,0,0,0.026,-0.015,-1.062,1,-1.6,0
172.245887199996,177,0,18.9,0,0,0.026,-0.015,-1.062,1,-1.6,0
172.255887199996,171,0,18.9,0,0,0.026,-0.015,-1.062,1,-1.6,0
172.265887199996,177,0,18.9,0,0,0.026,-0.015,-1.062,1,-1.6,0
172.275887199996,178,0,18.9,0,0,0.033,0,-0.916,1.4,-0.2,0
172.285887199996,172,0,18.9,0,0,0.033,0,-0.916,1.4,-0.2,0
172.295887199996,170,0,18.9,0,0,0.033,0,-0.916,1.4,-0.2,0
172.305887199996,178,0,18.9,0,0,0.033,0,-0.916,1.4,-0.2,0
172.315887199996,175,0,18.9,0,0,0.033,0,-0.916,1.4,-0.2,0
172.325887199996,170,0,18.9,0,0,0.027,-0.01,-1.023,0,-0.5,0
172.335887199996,176,0,18.9,0,0,0.027,-0.01,-1.023,0,-0.5,0
172.345887199996,174,0,18.9,0,0,0.027,-0.01,-1.023,0,-0.5,0
172.355887199996,174,0,18.9,0,0,0.027,-0.01,-1.023,0,-0.5,0
172.365887199996,178,0,18.9,0,0,0.027,-0.01,-1.023,0,-0.5,0
172.375887199996,175,-0.01,18.9,0,0,0.031,-0.008,-0.963,-1.7,0.2,0
172.385887199996,170,-0.01,18.9,0,0,0.031,-0.008,-0.963,-1.7,0.2,0
172.395887199996,175,-0.01,18.9,0,0,0.031,-0.008,-0.963,-1.7,0.2,0
172.405887199996,179,-0.01,18.9,0,0,0.031,-0.008,-0.963,-1.7,0.2,0
172.415887199996,172,-0.01,18.9,0,0,0.031,-0.008,-0.963,-1.7,0.2,0
172.425887199996,171,0,18.8,0,0,0.025,-0.009,-1.044,2,-1.7,0
172.435887199996,178,0,18.8,0,0,0.025,-0.009,-1.044,2,-1.7,0
172.445887199996,177,0,18.8,0,0,0.025,-0.009,-1.044,2,-1.7,0
172.455887199996,171,0,18.8,0,0,0.025,-0.009,-1.044,2,-1.7,0
172.465887199996,175,0,18.8,0,0,0.025,-0.009,-1.044,2,-1.7,0
172.475887199996,175,-0.01,18.9,0,0,0.029,-0.009,-0.989,-0.4,-0.9,0
172.485887199996,180,-0.01,18.9,0,0,0.029,-0.009,-0.989,-0.4,-0.9,0
172.495887199996,173,-0.01,18.9,0,0,0.029,-0.009,-0.989,-0.4,-0.9,0
172.505887199996,173,-0.01,18.9,0,0,0.029,-0.009,-0.989,-0.4,-0.9,0
172.515887199996,181,-0.01,18.9,0,0,0.029,-0.009,-0.989,-0.4,-0.9,0
172.525887199996,171,0,18.8,0,0,0.025,-0.015,-1.037,-1,0.1,0
172.535887199996,173,0,18.8,0,0,0.025,-0.015,-1.037,-1,0.1,0
172.545887199996,176,0,18.8,0,0,0.025,-0.015,-1.037,-1,0.1,0
172.555887199996,174,0,18.8,0,0,0.025,-0.015,-1.037,-1,0.1,0
172.565887199996,174,0,18.8,0,0,0.025,-0.015,-1.037,-1,0.1,0
172.575887199996,174,-0.01,18.9,0,0,0.029,-0.011,-0.973,-0.4,0,0
172.585887199996,171,-0.01,18.9,0,0,0.029,-0.011,-0.973,-0.4,0,0
172.595887199996,177,-0.01,18.9,0,0,0.029,-0.011,-0.973,-0.4,0,0
172.605887199996,175,-0.01,18.9,0,0,0.029,-0.011,-0.973,-0.4,0,0
172.615887199996,172,-0.01,18.9,0,0,0.029,-0.011,-0.973,-0.4,0,0
172.625887199996,176,0,18.9,0,0,0.029,-0.012,-0.973,0,-1.2,0
172.635887199996,178,0,18.9,0,0,0.029,-0.012,-0.973,0,-1.2,0
172.645887199996,175,0,18.9,0,0,0.029,-0.012,-0.973,0,-1.2,0
172.655887199996,174,0,18.9,0,0,0.029,-0.012,-0.973,0,-1.2,0
172.665887199996,175,0,18.9,0,0,0.029,-0.012,-0.973,0,-1.2,0
172.675887199996,171,0.01,18.9,0,0,0.022,-0.028,-1.103,-0.5,0.1,0
172.685887199996,175,0.01,18.9,0,0,0.022,-0.028,-1.103,-0.5,0.1,0
172.695887199996,178,0.01,18.9,0,0,0.022,-0.028,-1.103,-0.5,0.1,0
172.705887199996,172,0.01,18.9,0,0,0.022,-0.028,-1.103,-0.5,0.1,0
172.715887199996,172,0.01,18.9,0,0,0.022,-0.028,-1.103,-0.5,0.1,0
172.725887199996,178,-0.01,18.8,0,0,0.03,-0.021,-0.992,1.6,-1.5,0
172.735887199996,176,-0.01,18.8,0,0,0.03,-0.021,-0.992,1.6,-1.5,0
172.745887199996,174,-0.01,18.8,0,0,0.03,-0.021,-0.992,1.6,-1.5,0
172.755887199996,176,-0.01,18.8,0,0,0.03,-0.021,-0.992,1.6,-1.5,0
172.765887199996,176,-0.01,18.8,0,0,0.03,-0.021,-0.992,1.6,-1.5,0
172.775887199996,173,0,18.9,0,0,0.026,-0.012,-1.004,-0.3,-0.6,0
172.785887199996,179,0,18.9,0,0,0.026,-0.012,-1.004,-0.3,-0.6,0
172.795887199996,175,0,18.9,0,0,0.026,-0.012,-1.004,-0.3,-0.6,0
172.805887199996,173,0,18.9,0,0,0.026,-0.012,-1.004,-0.3,-0.6,0
172.815887199996,175,0,18.9,0,0,0.026,-0.012,-1.004,-0.3,-0.6,0
172.825887199996,177,0,18.9,0,0,0.031,-0.017,-0.973,0.1,-0.3,0
172.835887199996,178,0,18.9,0,0,0.031,-0.017,-0.973,0.1,-0.3,0
172.845887199996,171,0,18.9,0,0,0.031,-0.017,-0.973,0.1,-0.3,0
172.855887199996,174,0,18.9,0,0,0.031,-0.017,-0.973,0.1,-0.3,0
172.865887199996,178,0,18.9,0,0,0.031,-0.017,-0.973,0.1,-0.3,0
172.875887199996,173,0,18.9,0,0,0.023,-0.034,-1.099,-0.9,-0.3,0
172.885887199996,171,0,18.9,0,0,0.023,-0.034,-1.099,-0.9,-0.3,0
172.895887199996,178,0,18.9,0,0,0.023,-0.034,-1.099,-0.9,-0.3,0
172.905887199996,174,0,18.9,0,0,0.023,-0.034,-1.099,-0.9,-0.3,0
172.915887199996,172,0,18.9,0,0,0.023,-0.034,-1.099,-0.9,-0.3,0
172.925887199996,171,0,18.9,0,0,0.025,-0.015,-1.038,0.2,-0.3,0
172.935887199996,177,0,18.9,0,0,0.025,-0.015,-1.038,0.2,-0.3,0
172.945887199996,179,0,18.9,0,0,0.025,-0.015,-1.038,0.2,-0.3,0
172.955887199996,172,0,18.9,0,0,0.025,-0.015,-1.038,0.2,-0.3,0
172.965887199996,174,0,18.9,0,0,0.025,-0.015,-1.038,0.2,-0.3,0
172.975887199996,178,0,18.8,0,0,0.034,-0.02,-0.951,-0.7,-0.1,0
172.985887199996,174,0,18.8,0,0,0.034,-0.02,-0.951,-0.7,-0.1,0
172.995887199996,174,0,18.8,0,0,0.034,-0.02,-0.951,-0.7,-0.1,0
173.005887199996,176,0,18.8,0,0,0.034,-0.02,-0.951,-0.7,-0.1,0
173.015887199996,171,0,18.8,0,0,0.034,-0.02,-0.951,-0.7,-0.1,0
173.025887199996,174,-0.01,18.8,0,0,0.024,-0.021,-1.074,-0.1,-1.4,0
173.035887199995,178,-0.01,18.8,0,0,0.024,-0.021,-1.074,-0.1,-1.4,0
173.045887199996,175,-0.01,18.8,0,0,0.024,-0.021,-1.074,-0.1,-1.4,0
173.055887199996,173,-0.01,18.8,0,0,0.024,-0.021,-1.074,-0.1,-1.4,0
173.065887199996,177,-0.01,18.8,0,0,0.024,-0.021,-1.074,-0.1,-1.4,0
173.075887199995,180,0,18.9,0,0,0.034,-0.005,-0.924,2.2,-0.8,0
173.085887199995,172,0,18.9,0,0,0.034,-0.005,-0.924,2.2,-0.8,0
173.095887199996,169,0,18.9,0,0,0.034,-0.005,-0.924,2.2,-0.8,0
173.105887199995,180,0,18.9,0,0,0.034,-0.005,-0.924,2.2,-0.8,0
173.115887199995,175,0,18.9,0,0,0.034,-0.005,-0.924,2.2,-0.8,0
173.125887199995,174,0,18.9,0,0,0.027,-0.014,-1.029,-0.2,-0.3,0
173.135887199995,176,0,18.9,0,0,0.027,-0.014,-1.029,-0.2,-0.3,0
173.145887199995,173,0,18.9,0,0,0.027,-0.014,-1.029,-0.2,-0.3,0
173.155887199995,174,0,18.9,0,0,0.027,-0.014,-1.029,-0.2,-0.3,0
173.165887199995,177,0,18.9,0,0,0.027,-0.014,-1.029,-0.2,-0.3,0
173.175887199995,175,-0.01,18.8,0,0,0.034,-0.007,-0.931,-0.9,-0.3,0
173.185887199995,170,-0.01,18.8,0,0,0.034,-0.007,-0.931,-0.9,-0.3,0
173.195887199995,178,-0.01,18.8,0,0,0.034,-0.007,-0.931,-0.9,-0.3,0
173.205887199995,177,-0.01,18.8,0,0,0.034,-0.007,-0.931,-0.9,-0.3,0
173.215887199995,171,-0.01,18.8,0,0,0.034,-0.007,-0.931,-0.9,-0.3,0
173.225887199995,174,0,18.8,0,0,0.025,-0.016,-1.085,1.4,-1.4,0
173.235887199995,177,0,18.8,0,0,0.025,-0.016,-1.085,1.4,-1.4,0
173.245887199995,174,0,18.8,0,0,0.025,-0.016,-1.085,1.4,-1.4,0
173.255887199995,173,0,18.8,0,0,0.025,-0.016,-1.085,1.4,-1.4,0
173.265887199995,175,0,18.8,0,0,0.025,-0.016,-1.085,1.4,-1.4,0
173.275887199995,173,0,18.8,0,0,0.035,-0.005,-0.922,1.2,-0.1,0
173.285887199995,174,0,18.8,0,0,0.035,-0.005,-0.922,1.2,-0.1,0
173.295887199995,178,0,18.8,0,0,0.035,-0.005,-0.922,1.2,-0.1,0
173.305887199995,174,0,18.8,0,0,0.035,-0.005,-0.922,1.2,-0.1,0
173.315887199995,172,0,18.8,0,0,0.035,-0.005,-0.922,1.2,-0.1,0
173.325887199995,178,-0.01,18.9,0,0,0.028,-0.002,-0.992,-0.5,-0.9,0
173.335887199995,178,-0.01,18.9,0,0,0.028,-0.002,-0.992,-0.5,-0.9,0
173.345887199995,171,-0.01,18.9,0,0,0.028,-0.002,-0.992,-0.5,-0.9,0
173.355887199995,174,-0.01,18.9,0,0,0.028,-0.002,-0.992,-0.5,-0.9,0
173.365887199995,178,-0.01,18.9,0,0,0.028,-0.002,-0.992,-0.5,-0.9,0
173.375887199995,180,0,18.9,0,0,0.024,-0.015,-1.085,1.6,-1,0
173.385887199995,174,0,18.9,0,0,0.024,-0.015,-1.085,1.6,-1,0
173.395887199995,173,0,18.9,0,0,0.024,-0.015,-1.085,1.6,-1,0
173.405887199995,180,0,18.9,0,0,0.024,-0.015,-1.085,1.6,-1,0
173.415887199995,177,0,18.9,0,0,0.024,-0.015,-1.085,1.6,-1,0
173.425887199995,173,-0.01,18.8,0,0,0.033,-0.002,-0.922,0.3,-0.3,0
173.435887199995,170,-0.01,18.8,0,0,0.033,-0.002,-0.922,0.3,-0.3,0
173.445887199995,176,-0.01,18.8,0,0,0.033,-0.002,-0.922,0.3,-0.3,0
173.455887199995,174,-0.01,18.8,0,0,0.033,-0.002,-0.922,0.3,-0.3,0
173.465887199995,172,-0.01,18.8,0,0,0.033,-0.002,-0.922,0.3,-0.3,0
173.475887199995,175,0,18.9,0,0,0.024,-0.034,-1.092,0.2,-0.7,0
173.485887199995,175,0,18.9,0,0,0.024,-0.034,-1.092,0.2,-0.7,0
173.495887199995,174,0,18.9,0,0,0.024,-0.034,-1.092,0.2,-0.7,0
173.505887199995,177,0,18.9,0,0,0.024,-0.034,-1.092,0.2,-0.7,0
173.515887199995,176,0,18.9,0,0,0.024,-0.034,-1.092,0.2,-0.7,0
173.525887199995,171,0.01,18.8,0,0,0.032,-0.012,-0.94,2,-1.7,0
173.535887199995,175,0.01,18.8,0,0,0.032,-0.012,-0.94,2,-1.7,0
173.545887199995,178,0.01,18.8,0,0,0.032,-0.012,-0.94,2,-1.7,0
173.555887199995,173,0.01,18.8,0,0,0.032,-0.012,-0.94,2,-1.7,0
173.565887199995,174,0.01,18.8,0,0,0.032,-0.012,-0.94,2,-1.7,0
173.575887199995,177,0,18.9,0,0,0.025,-0.016,-1.038,0.1,-0.1,0
173.585887199995,174,0,18.9,0,0,0.025,-0.016,-1.038,0.1,-0.1,0
173.595887199995,172,0,18.9,0,0,0.025,-0.016,-1.038,0.1,-0.1,0
173.605887199995,177,0,18.9,0,0,0.025,-0.016,-1.038,0.1,-0.1,0
173.615887199995,175,0,18.9,0,0,0.025,-0.016,-1.038,0.1,-0.1,0
173.625887199995,173,0,18.9,0,0,0.033,-0.02,-0.952,-0.7,-0.2,0
173.635887199995,178,0,18.9,0,0,0.033,-0.02,-0.952,-0.7,-0.2,0
173.645887199995,175,0,18.9,0,0,0.033,-0.02,-0.952,-0.7,-0.2,0
173.655887199995,172,0,18.9,0,0,0.033,-0.02,-0.952,-0.7,-0.2,0
173.665887199995,176,0,18.9,0,0,0.033,-0.02,-0.952,-0.7,-0.2,0
173.675887199995,178,0.01,18.8,0,0,0.024,-0.025,-1.076,-0.1,-1.2,0
173.685887199995,173,0.01,18.8,0,0,0.024,-0.025,-1.076,-0.1,-1.2,0
173.695887199995,173,0.01,18.8,0,0,0.024,-0.025,-1.076,-0.1,-1.2,0
173.705887199995,177,0.01,18.8,0,0,0.024,-0.025,-1.076,-0.1,-1.2,0
173.715887199995,173,0.01,18.8,0,0,0.024,-0.025,-1.076,-0.1,-1.2,0
173.725887199995,172,0,18.9,0,0,0.033,-0.007,-0.929,2.5,-0.8,0.1
173.735887199995,175,0,18.9,0,0,0.033,-0.007,-0.929,2.5,-0.8,0.1
173.745887199995,179,0,18.9,0,0,0.033,-0.007,-0.929,2.5,-0.8,0.1
173.755887199995,174,0,18.9,0,0,0.033,-0.007,-0.929,2.5,-0.8,0.1
173.765887199995,178,0,18.9,0,0,0.033,-0.007,-0.929,2.5,-0.8,0.1
173.775887199995,177,0,18.9,0,0,0.027,-0.014,-1.027,-0.3,-0.3,0
173.785887199995,171,0,18.9,0,0,0.027,-0.014,-1.027,-0.3,-0.3,0
173.795887199995,176,0,18.9,0,0,0.027,-0.014,-1.027,-0.3,-0.3,0
173.805887199995,178,0,18.9,0,0,0.027,-0.014,-1.027,-0.3,-0.3,0
173.815887199995,173,0,18.9,0,0,0.027,-0.014,-1.027,-0.3,-0.3,0
173.825887199995,170,0.01,18.9,0,0,0.034,-0.01,-0.928,-0.7,-0.3,0
173.835887199995,177,0.01,18.9,0,0,0.034,-0.01,-0.928,-0.7,-0.3,0
173.845887199995,175,0.01,18.9,0,0,0.034,-0.01,-0.928,-0.7,-0.3,0
173.855887199995,171,0.01,18.9,0,0,0.034,-0.01,-0.928,-0.7,-0.3,0
173.865887199995,177,0.01,18.9,0,0,0.034,-0.01,-0.928,-0.7,-0.3,0
173.875887199995,176,0,18.8,0,0,0.025,-0.019,-1.092,1.2,-1.2,0
173.885887199995,173,0,18.8,0,0,0.025,-0.019,-1.092,1.2,-1.2,0
173.895887199995,175,0,18.8,0,0,0.025,-0.019,-1.092,1.2,-1.2,0
173.905887199995,176,0,18.8,0,0,0.025,-0.019,-1.092,1.2,-1.2,0
173.915887199995,171,0,18.8,0,0,0.025,-0.019,-1.092,1.2,-1.2,0
173.925887199995,176,0,18.8,0,0,0.028,-0.003,-0.993,-0.3,-1,0
173.935887199995,171,0,18.8,0,0,0.028,-0.003,-0.993,-0.3,-1,0
173.945887199995,176,0,18.8,0,0,0.028,-0.003,-0.993,-0.3,-1,0
173.955887199995,176,0,18.8,0,0,0.028,-0.003,-0.993,-0.3,-1,0
173.965887199995,174,0,18.8,0,0,0.028,-0.003,-0.993,-0.3,-1,0
173.975887199995,178,0,18.9,0,0,0.032,-0.005,-0.955,-0.4,0.1,0
173.985887199995,176,0,18.9,0,0,0.032,-0.005,-0.955,-0.4,0.1,0
173.995887199995,172,0,18.9,0,0,0.032,-0.005,-0.955,-0.4,0.1,0
174.005887199995,176,0,18.9,0,0,0.032,-0.005,-0.955,-0.4,0.1,0
174.015887199995,179,0,18.9,0,0,0.032,-0.005,-0.955,-0.4,0.1,0
174.025887199995,177,0,18.8,0,0,0.033,-0.001,-0.913,0.4,-0.4,0
174.035887199995,176,0,18.8,0,0,0.033,-0.001,-0.913,0.4,-0.4,0
174.045887199995,174,0,18.8,0,0,0.033,-0.001,-0.913,0.4,-0.4,0
174.055887199995,176,0,18.8,0,0,0.033,-0.001,-0.913,0.4,-0.4,0
174.065887199995,174,0,18.8,0,0,0.033,-0.001,-0.913,0.4,-0.4,0
174.075887199995,170,0.01,18.9,0,0,0.027,-0.002,-1.002,0.2,-0.8,0
174.085887199995,176,0.01,18.9,0,0,0.027,-0.002,-1.002,0.2,-0.8,0
174.095887199995,177,0.01,18.9,0,0,0.027,-0.002,-1.002,0.2,-0.8,0
174.105887199995,173,0.01,18.9,0,0,0.027,-0.002,-1.002,0.2,-0.8,0
174.115887199995,171,0.01,18.9,0,0,0.027,-0.002,-1.002,0.2,-0.8,0
174.125887199995,174,-0.01,18.9,0,0,0.026,-0.015,-1.031,1.4,-1.6,0
174.135887199995,175,-0.01,18.9,0,0,0.026,-0.015,-1.031,1.4,-1.6,0
174.145887199995,176,-0.01,18.9,0,0,0.026,-0.015,-1.031,1.4,-1.6,0
174.155887199995,171,-0.01,18.9,0,0,0.026,-0.015,-1.031,1.4,-1.6,0
174.165887199995,174,-0.01,18.9,0,0,0.026,-0.015,-1.031,1.4,-1.6,0
174.175887199995,178,0,18.8,0,0,0.029,-0.002,-0.956,0.5,-0.2,0
174.185887199995,172,0,18.8,0,0,0.029,-0.002,-0.956,0.5,-0.2,0
174.195887199995,172,0,18.8,0,0,0.029,-0.002,-0.956,0.5,-0.2,0
174.205887199995,178,0,18.8,0,0,0.029,-0.002,-0.956,0.5,-0.2,0
174.215887199995,175,0,18.8,0,0,0.029,-0.002,-0.956,0.5,-0.2,0
174.225887199995,175,-0.01,18.8,0,0,0.026,-0.024,-1.037,-1.5,0.1,0
174.235887199995,173,-0.01,18.8,0,0,0.026,-0.024,-1.037,-1.5,0.1,0
174.245887199995,175,-0.01,18.8,0,0,0.026,-0.024,-1.037,-1.5,0.1,0
174.255887199995,177,-0.01,18.8,0,0,0.026,-0.024,-1.037,-1.5,0.1,0
174.265887199995,177,-0.01,18.8,0,0,0.026,-0.024,-1.037,-1.5,0.1,0
174.275887199995,171,0.01,18.9,0,0,0.028,-0.012,-1.003,2.2,-1.8,0
174.285887199995,176,0.01,18.9,0,0,0.028,-0.012,-1.003,2.2,-1.8,0
174.295887199995,177,0.01,18.9,0,0,0.028,-0.012,-1.003,2.2,-1.8,0
174.305887199995,172,0.01,18.9,0,0,0.028,-0.012,-1.003,2.2,-1.8,0
174.315887199995,171,0.01,18.9,0,0,0.028,-0.012,-1.003,2.2,-1.8,0
174.325887199995,178,0.01,18.9,0,0,0.024,-0.026,-1.075,-0.7,-0.4,0
174.335887199995,172,0.01,18.9,0,0,0.024,-0.026,-1.075,-0.7,-0.4,0
174.345887199995,175,0.01,18.9,0,0,0.024,-0.026,-1.075,-0.7,-0.4,0
174.355887199995,177,0.01,18.9,0,0,0.024,-0.026,-1.075,-0.7,-0.4,0
174.365887199995,173,0.01,18.9,0,0,0.024,-0.026,-1.075,-0.7,-0.4,0
174.375887199995,170,0,18.9,0,0,0.031,-0.013,-0.945,-0.4,-1,0
174.385887199995,180,0,18.9,0,0,0.031,-0.013,-0.945,-0.4,-1,0
174.395887199995,174,0,18.9,0,0,0.031,-0.013,-0.945,-0.4,-1,0
174.405887199995,173,0,18.9,0,0,0.031,-0.013,-0.945,-0.4,-1,0
174.415887199995,176,0,18.9,0,0,0.031,-0.013,-0.945,-0.4,-1,0
174.425887199995,173,0,18.8,0,0,0.028,-0.011,-1.008,-0.3,-0.8,0
174.435887199995,172,0,18.8,0,0,0.028,-0.011,-1.008,-0.3,-0.8,0
174.445887199995,176,0,18.8,0,0,0.028,-0.011,-1.008,-0.3,-0.8,0
174.455887199995,174,0,18.8,0,0,0.028,-0.011,-1.008,-0.3,-0.8,0
174.465887199995,174,0,18.8,0,0,0.028,-0.011,-1.008,-0.3,-0.8,0
174.475887199995,179,0,18.9,0,0,0.034,-0.009,-0.945,0,-0.1,0
174.485887199995,174,0,18.9,0,0,0.034,-0.009,-0.945,0,-0.1,0
174.495887199995,171,0,18.9,0,0,0.034,-0.009,-0.945,0,-0.1,0
174.505887199995,178,0,18.9,0,0,0.034,-0.009,-0.945,0,-0.1,0
174.515887199995,178,0,18.9,0,0,0.034,-0.009,-0.945,0,-0.1,0
174.525887199995,171,-0.01,18.9,0,0,0.022,-0.031,-1.127,0.1,-0.7,0
174.535887199995,174,-0.01,18.9,0,0,0.022,-0.031,-1.127,0.1,-0.7,0
174.545887199995,177,-0.01,18.9,0,0,0.022,-0.031,-1.127,0.1,-0.7,0
174.555887199995,174,-0.01,18.9,0,0,0.022,-0.031,-1.127,0.1,-0.7,0
174.565887199995,174,-0.01,18.9,0,0,0.022,-0.031,-1.127,0.1,-0.7,0
174.575887199995,176,0,18.9,0,0,0.035,-0.004,-0.885,1,-1.1,0
174.585887199995,174,0,18.9,0,0,0.035,-0.004,-0.885,1,-1.1,0
174.595887199995,173,0,18.9,0,0,0.035,-0.004,-0.885,1,-1.1,0
174.605887199995,180,0,18.9,0,0,0.035,-0.004,-0.885,1,-1.1,0
174.615887199995,174,0,18.9,0,0,0.035,-0.004,-0.885,1,-1.1,0
174.625887199995,173,0,18.9,0,0,0.026,-0.007,-1.031,0.3,-0.6,0
174.635887199995,179,0,18.9,0,0,0.026,-0.007,-1.031,0.3,-0.6,0
174.645887199995,177,0,18.9,0,0,0.026,-0.007,-1.031,0.3,-0.6,0
174.655887199995,173,0,18.9,0,0,0.026,-0.007,-1.031,0.3,-0.6,0
174.665887199995,170,0,18.9,0,0,0.026,-0.007,-1.031,0.3,-0.6,0
174.675887199995,176,0,18.8,0,0,0.033,-0.012,-0.949,-0.9,0.3,0
174.685887199995,174,0,18.8,0,0,0.033,-0.012,-0.949,-0.9,0.3,0
174.695887199995,171,0,18.8,0,0,0.033,-0.012,-0.949,-0.9,0.3,0
174.705887199995,175,0,18.8,0,0,0.033,-0.012,-0.949,-0.9,0.3,0
174.715887199995,175,0,18.8,0,0,0.033,-0.012,-0.949,-0.9,0.3,0
174.725887199995,175,0,18.9,0,0,0.024,-0.013,-1.062,0.9,-1.5,0
174.735887199995,178,0,18.9,0,0,0.024,-0.013,-1.062,0.9,-1.5,0
174.745887199995,177,0,18.9,0,0,0.024,-0.013,-1.062,0.9,-1.5,0
174.755887199995,170,0,18.9,0,0,0.024,-0.013,-1.062,0.9,-1.5,0
174.765887199995,175,0,18.9,0,0,0.024,-0.013,-1.062,0.9,-1.5,0
174.775887199995,178,0.02,18.8,0,0,0.035,0.001,-0.914,1.5,-0.3,0
174.785887199995,171,0.02,18.8,0,0,0.035,0.001,-0.914,1.5,-0.3,0
174.795887199995,174,0.02,18.8,0,0,0.035,0.001,-0.914,1.5,-0.3,0
174.805887199995,178,0.02,18.8,0,0,0.035,0.001,-0.914,1.5,-0.3,0
174.815887199995,174,0.02,18.8,0,0,0.035,0.001,-0.914,1.5,-0.3,0
174.825887199995,172,0,18.8,0,0,0.026,-0.009,-1.034,0.1,-0.3,0
174.835887199995,176,0,18.8,0,0,0.026,-0.009,-1.034,0.1,-0.3,0
174.845887199995,175,0,18.8,0,0,0.026,-0.009,-1.034,0.1,-0.3,0
174.855887199995,174,0,18.8,0,0,0.026,-0.009,-1.034,0.1,-0.3,0
174.865887199995,178,0,18.8,0,0,0.026,-0.009,-1.034,0.1,-0.3,0
174.875887199995,176,-0.01,18.8,0,0,0.033,-0.008,-0.952,-1.8,0.2,0
174.885887199995,171,-0.01,18.8,0,0,0.033,-0.008,-0.952,-1.8,0.2,0
174.895887199995,175,-0.01,18.8,0,0,0.033,-0.008,-0.952,-1.8,0.2,0
174.905887199995,178,-0.01,18.8,0,0,0.033,-0.008,-0.952,-1.8,0.2,0
174.915887199995,173,-0.01,18.8,0,0,0.033,-0.008,-0.952,-1.8,0.2,0
174.925887199995,174,0,18.9,0,0,0.024,-0.008,-1.048,2.1,-1.8,0
174.935887199995,177,0,18.9,0,0,0.024,-0.008,-1.048,2.1,-1.8,0
174.945887199995,174,0,18.9,0,0,0.024,-0.008,-1.048,2.1,-1.8,0
174.955887199995,172,0,18.9,0,0,0.024,-0.008,-1.048,2.1,-1.8,0
174.965887199995,175,0,18.9,0,0,0.024,-0.008,-1.048,2.1,-1.8,0
174.975887199995,179,0,18.9,0,0,0.03,-0.004,-0.948,0.6,0.4,0
174.985887199995,174,0,18.9,0,0,0.03,-0.004,-0.948,0.6,0.4,0
174.995887199995,178,0,18.9,0,0,0.03,-0.004,-0.948,0.6,0.4,0
175.005887199995,177,0,18.9,0,0,0.03,-0.004,-0.948,0.6,0.4,0
175.015887199995,171,0,18.9,0,0,0.03,-0.004,-0.948,0.6,0.4,0
175.025887199995,176,-0.01,18.9,0,0,0.028,-0.007,-0.99,-0.3,-0.9,0
175.035887199995,177,-0.01,18.9,0,0,0.028,-0.007,-0.99,-0.3,-0.9,0
175.045887199995,173,-0.01,18.9,0,0,0.028,-0.007,-0.99,-0.3,-0.9,0
175.055887199995,170,-0.01,18.9,0,0,0.028,-0.007,-0.99,-0.3,-0.9,0
175.065887199995,177,-0.01,18.9,0,0,0.028,-0.007,-0.99,-0.3,-0.9,0
175.075887199995,175,0,18.9,0,0,0.027,-0.017,-1.03,-0.9,0.1,0
175.085887199995,170,0,18.9,0,0,0.027,-0.017,-1.03,-0.9,0.1,0
175.095887199995,176,0,18.9,0,0,0.027,-0.017,-1.03,-0.9,0.1,0
175.105887199995,178,0,18.9,0,0,0.027,-0.017,-1.03,-0.9,0.1,0
175.115887199995,173,0,18.9,0,0,0.027,-0.017,-1.03,-0.9,0.1,0
175.125887199995,174,0.01,18.9,0,0,0.026,-0.016,-1.046,2.5,-1.4,0
175.135887199995,175,0.01,18.9,0,0,0.026,-0.016,-1.046,2.5,-1.4,0
175.145887199995,170,0.01,18.9,0,0,0.026,-0.016,-1.046,2.5,-1.4,0
175.155887199995,175,0.01,18.9,0,0,0.026,-0.016,-1.046,2.5,-1.4,0
175.165887199995,179,0.01,18.9,0,0,0.026,-0.016,-1.046,2.5,-1.4,0
175.175887199995,172,-0.01,18.8,0,0,0.029,-0.011,-0.974,-0.5,0,0
175.185887199995,171,-0.01,18.8,0,0,0.029,-0.011,-0.974,-0.5,0,0
175.195887199995,177,-0.01,18.8,0,0,0.029,-0.011,-0.974,-0.5,0,0
175.205887199995,176,-0.01,18.8,0,0,0.029,-0.011,-0.974,-0.5,0,0
175.215887199995,172,-0.01,18.8,0,0,0.029,-0.011,-0.974,-0.5,0,0
175.225887199995,176,0,18.9,0,0,0.029,-0.009,-0.967,0,-1.1,0
175.235887199995,175,0,18.9,0,0,0.029,-0.009,-0.967,0,-1.1,0
175.245887199995,175,0,18.9,0,0,0.029,-0.009,-0.967,0,-1.1,0
175.255887199995,178,0,18.9,0,0,0.029,-0.009,-0.967,0,-1.1,0
175.265887199995,175,0,18.9,0,0,0.029,-0.009,-0.967,0,-1.1,0
175.275887199995,172,0.01,18.9,0,0,0.023,-0.026,-1.098,-0.6,0.3,0
175.285887199995,176,0.01,18.9,0,0,0.023,-0.026,-1.098,-0.6,0.3,0
175.295887199995,180,0.01,18.9,0,0,0.023,-0.026,-1.098,-0.6,0.3,0
175.305887199995,172,0.01,18.9,0,0,0.023,-0.026,-1.098,-0.6,0.3,0
175.315887199995,172,0.01,18.9,0,0,0.023,-0.026,-1.098,-0.6,0.3,0
175.325887199995,174,0,18.8,0,0,0.026,-0.014,-1.009,-0.1,-0.3,0.1
175.335887199995,177,0,18.8,0,0,0.026,-0.014,-1.009,-0.1,-0.3,0.1
175.345887199995,175,0,18.8,0,0,0.026,-0.014,-1.009,-0.1,-0.3,0.1
175.355887199995,169,0,18.8,0,0,0.026,-0.014,-1.009,-0.1,-0.3,0.1
175.365887199995,174,0,18.8,0,0,0.026,-0.014,-1.009,-0.1,-0.3,0.1
175.375887199995,177,0.02,18.9,0,0,0.031,-0.016,-0.975,0.3,-0.4,0
175.385887199995,175,0.02,18.9,0,0,0.031,-0.016,-0.975,0.3,-0.4,0
175.395887199995,171,0.02,18.9,0,0,0.031,-0.016,-0.975,0.3,-0.4,0
175.405887199995,176,0.02,18.9,0,0,0.031,-0.016,-0.975,0.3,-0.4,0
175.415887199995,176,0.02,18.9,0,0,0.031,-0.016,-0.975,0.3,-0.4,0
175.425887199995,173,0,18.8,0,0,0.024,-0.037,-1.107,-1.1,-0.2,0
175.435887199995,176,0,18.8,0,0,0.024,-0.037,-1.107,-1.1,-0.2,0
175.445887199995,177,0,18.8,0,0,0.024,-0.037,-1.107,-1.1,-0.2,0
175.455887199995,174,0,18.8,0,0,0.024,-0.037,-1.107,-1.1,-0.2,0
175.465887199995,175,0,18.8,0,0,0.024,-0.037,-1.107,-1.1,-0.2,0
175.475887199995,176,0,18.8,0,0,0.032,-0.012,-0.928,1.8,-1.7,0
175.485887199995,172,0,18.8,0,0,0.032,-0.012,-0.928,1.8,-1.7,0
175.495887199995,175,0,18.8,0,0,0.032,-0.012,-0.928,1.8,-1.7,0
175.505887199995,179,0,18.8,0,0,0.032,-0.012,-0.928,1.8,-1.7,0
175.515887199995,173,0,18.8,0,0,0.032,-0.012,-0.928,1.8,-1.7,0
175.525887199995,171,0,18.8,0,0,0.025,-0.015,-1.044,0.3,-0.2,0
175.535887199995,177,0,18.8,0,0,0.025,-0.015,-1.044,0.3,-0.2,0
175.545887199995,176,0,18.8,0,0,0.025,-0.015,-1.044,0.3,-0.2,0
175.555887199995,174,0,18.8,0,0,0.025,-0.015,-1.044,0.3,-0.2,0
175.565887199995,176,0,18.8,0,0,0.025,-0.015,-1.044,0.3,-0.2,0
175.575887199995,186,0,18.8,0,0,0.03,-0.005,-0.955,1.1,-1.6,0
175.585887199995,184,0,18.8,0,0,0.03,-0.005,-0.955,1.1,-1.6,0
175.595887199995,186,0,18.8,0,0,0.03,-0.005,-0.955,1.1,-1.6,0
175.605887199995,192,0,18.8,0,0,0.03,-0.005,-0.955,1.1,-1.6,0
175.615887199995,185,0,18.8,0,0,0.03,-0.005,-0.955,1.1,-1.6,0
175.625887199995,184,-0.01,18.8,0,0,0.031,-0.01,-0.962,-0.3,-0.2,0
175.635887199995,188,-0.01,18.8,0,0,0.031,-0.01,-0.962,-0.3,-0.2,0
175.645887199995,188,-0.01,18.8,0,0,0.031,-0.01,-0.962,-0.3,-0.2,0
175.655887199995,186,-0.01,18.8,0,0,0.031,-0.01,-0.962,-0.3,-0.2,0
175.665887199995,184,-0.01,18.8,0,0,0.031,-0.01,-0.962,-0.3,-0.2,0
175.675887199995,187,0,18.9,0,0,0.032,0,-0.946,-2.1,-0.6,0
175.685887199995,189,0,18.9,0,0,0.032,0,-0.946,-2.1,-0.6,0
175.695887199995,186,0,18.9,0,0,0.032,0,-0.946,-2.1,-0.6,0
175.705887199995,186,0,18.9,0,0,0.032,0,-0.946,-2.1,-0.6,0
175.715887199995,188,0,18.9,0,0,0.032,0,-0.946,-2.1,-0.6,0
175.725887199995,183,0,18.8,0,0,0.022,-0.038,-1.12,-1.2,-0.3,0
175.735887199995,185,0,18.8,0,0,0.022,-0.038,-1.12,-1.2,-0.3,0
175.745887199995,189,0,18.8,0,0,0.022,-0.038,-1.12,-1.2,-0.3,0
175.755887199995,187,0,18.8,0,0,0.022,-0.038,-1.12,-1.2,-0.3,0
175.765887199995,183,0,18.8,0,0,0.022,-0.038,-1.12,-1.2,-0.3,0
175.775887199995,187,0,18.8,0,0,0.03,-0.017,-1.021,0.9,-1.2,0
175.785887199995,190,0,18.8,0,0,0.03,-0.017,-1.021,0.9,-1.2,0
175.795887199995,187,0,18.8,0,0,0.03,-0.017,-1.021,0.9,-1.2,0
175.805887199995,183,0,18.8,0,0,0.03,-0.017,-1.021,0.9,-1.2,0
175.815887199995,185,0,18.8,0,0,0.03,-0.017,-1.021,0.9,-1.2,0
175.825887199995,190,0,18.9,0,0,0.029,-0.013,-0.996,2.9,-0.3,0.1
175.835887199995,187,0,18.9,0,0,0.029,-0.013,-0.996,2.9,-0.3,0.1
175.845887199995,183,0,18.9,0,0,0.029,-0.013,-0.996,2.9,-0.3,0.1
175.855887199995,185,0,18.9,0,0,0.029,-0.013,-0.996,2.9,-0.3,0.1
175.865887199995,190,0,18.9,0,0,0.029,-0.013,-0.996,2.9,-0.3,0.1
175.875887199995,187,-0.01,18.8,0,0,0.036,-0.01,-0.905,-1,-0.6,0
175.885887199995,189,-0.01,18.8,0,0,0.036,-0.01,-0.905,-1,-0.6,0
175.895887199995,185,-0.01,18.8,0,0,0.036,-0.01,-0.905,-1,-0.6,0
175.905887199995,181,-0.01,18.8,0,0,0.036,-0.01,-0.905,-1,-0.6,0
175.915887199995,189,-0.01,18.8,0,0,0.036,-0.01,-0.905,-1,-0.6,0
175.925887199995,187,0.01,18.9,0,0,0.028,-0.015,-1.028,2,-1.4,0
175.935887199995,189,0.01,18.9,0,0,0.028,-0.015,-1.028,2,-1.4,0
175.945887199995,185,0.01,18.9,0,0,0.028,-0.015,-1.028,2,-1.4,0
175.955887199995,184,0.01,18.9,0,0,0.028,-0.015,-1.028,2,-1.4,0
175.965887199995,187,0.01,18.9,0,0,0.028,-0.015,-1.028,2,-1.4,0
175.975887199995,186,-0.01,18.9,0,0,0.032,0,-0.959,0.1,-0.3,0
175.985887199994,189,-0.01,18.9,0,0,0.032,0,-0.959,0.1,-0.3,0
175.995887199995,187,-0.01,18.9,0,0,0.032,0,-0.959,0.1,-0.3,0
176.005887199995,185,-0.01,18.9,0,0,0.032,0,-0.959,0.1,-0.3,0
176.015887199994,184,-0.01,18.9,0,0,0.032,0,-0.959,0.1,-0.3,0
176.025887199994,187,0,18.9,0,0,0.032,-0.008,-0.928,-1.4,-1.1,0
176.035887199994,190,0,18.9,0,0,0.032,-0.008,-0.928,-1.4,-1.1,0
176.045887199994,186,0,18.9,0,0,0.032,-0.008,-0.928,-1.4,-1.1,0
176.055887199994,185,0,18.9,0,0,0.032,-0.008,-0.928,-1.4,-1.1,0
176.065887199994,186,0,18.9,0,0,0.032,-0.008,-0.928,-1.4,-1.1,0
176.075887199994,182,0,18.8,0,0,0.024,-0.021,-1.063,-2.2,0.3,0
176.085887199994,185,0,18.8,0,0,0.024,-0.021,-1.063,-2.2,0.3,0
176.095887199994,190,0,18.8,0,0,0.024,-0.021,-1.063,-2.2,0.3,0
176.105887199994,187,0,18.8,0,0,0.024,-0.021,-1.063,-2.2,0.3,0
176.115887199994,182,0,18.8,0,0,0.024,-0.021,-1.063,-2.2,0.3,0
176.125887199994,187,-0.01,18.9,0,0,0.028,-0.021,-1.051,-0.1,-1.5,0
176.135887199994,190,-0.01,18.9,0,0,0.028,-0.021,-1.051,-0.1,-1.5,0
176.145887199994,188,-0.01,18.9,0,0,0.028,-0.021,-1.051,-0.1,-1.5,0
176.155887199994,184,-0.01,18.9,0,0,0.028,-0.021,-1.051,-0.1,-1.5,0
176.165887199994,185,-0.01,18.9,0,0,0.028,-0.021,-1.051,-0.1,-1.5,0
176.175887199994,190,0,18.9,0,0,0.027,-0.025,-1.047,2.3,0.8,0
176.185887199994,187,0,18.9,0,0,0.027,-0.025,-1.047,2.3,0.8,0
176.195887199994,182,0,18.9,0,0,0.027,-0.025,-1.047,2.3,0.8,0
176.205887199994,186,0,18.9,0,0,0.027,-0.025,-1.047,2.3,0.8,0
176.215887199994,190,0,18.9,0,0,0.027,-0.025,-1.047,2.3,0.8,0
176.225887199994,185,0,18.8,0,0,0.032,-0.001,-0.941,1.8,-0.1,0
176.235887199994,185,0,18.8,0,0,0.032,-0.001,-0.941,1.8,-0.1,0
176.245887199994,189,0,18.8,0,0,0.032,-0.001,-0.941,1.8,-0.1,0
176.255887199994,192,0,18.8,0,0,0.032,-0.001,-0.941,1.8,-0.1,0
176.265887199994,185,0,18.8,0,0,0.032,-0.001,-0.941,1.8,-0.1,0
176.275887199994,184,0,18.8,0,0,0.025,-0.014,-1.038,1.6,-0.6,0
176.285887199994,191,0,18.8,0,0,0.025,-0.014,-1.038,1.6,-0.6,0
176.295887199994,189,0,18.8,0,0,0.025,-0.014,-1.038,1.6,-0.6,0
176.305887199994,185,0,18.8,0,0,0.025,-0.014,-1.038,1.6,-0.6,0
176.315887199994,182,0,18.8,0,0,0.025,-0.014,-1.038,1.6,-0.6,0
176.325887199994,187,-0.01,18.9,0,0,0.033,-0.001,-0.903,-0.1,-1,0
176.335887199994,189,-0.01,18.9,0,0,0.033,-0.001,-0.903,-0.1,-1,0
176.345887199994,184,-0.01,18.9,0,0,0.033,-0.001,-0.903,-0.1,-1,0
176.355887199994,182,-0.01,18.9,0,0,0.033,-0.001,-0.903,-0.1,-1,0
176.365887199994,189,-0.01,18.9,0,0,0.033,-0.001,-0.903,-0.1,-1,0
176.375887199994,189,0,18.9,0,0,0.03,-0.005,-0.97,-1.5,-0.3,0
176.385887199994,183,0,18.9,0,0,0.03,-0.005,-0.97,-1.5,-0.3,0
176.395887199994,183,0,18.9,0,0,0.03,-0.005,-0.97,-1.5,-0.3,0
176.405887199994,188,0,18.9,0,0,0.03,-0.005,-0.97,-1.5,-0.3,0
176.415887199994,190,0,18.9,0,0,0.03,-0.005,-0.97,-1.5,-0.3,0
176.425887199994,184,-0.02,18.8,0,0,0.026,-0.03,-1.058,-2.3,-0.3,0
176.435887199994,185,-0.02,18.8,0,0,0.026,-0.03,-1.058,-2.3,-0.3,0
176.445887199994,189,-0.02,18.8,0,0,0.026,-0.03,-1.058,-2.3,-0.3,0
176.455887199994,185,-0.02,18.8,0,0,0.026,-0.03,-1.058,-2.3,-0.3,0
176.465887199994,183,-0.02,18.8,0,0,0.026,-0.03,-1.058,-2.3,-0.3,0
176.475887199994,187,0,18.9,0,0,0.025,-0.015,-1.072,1.1,-1.4,0
176.485887199994,189,0,18.9,0,0,0.025,-0.015,-1.072,1.1,-1.4,0
176.495887199994,186,0,18.9,0,0,0.025,-0.015,-1.072,1.1,-1.4,0
176.505887199994,184,0,18.9,0,0,0.025,-0.015,-1.072,1.1,-1.4,0
176.515887199994,187,0,18.9,0,0,0.025,-0.015,-1.072,1.1,-1.4,0
176.525887199994,189,-0.01,18.8,0,0,0.031,-0.028,-0.99,1.7,0,0
176.535887199994,186,-0.01,18.8,0,0,0.031,-0.028,-0.99,1.7,0,0
176.545887199994,185,-0.01,18.8,0,0,0.031,-0.028,-0.99,1.7,0,0
176.555887199994,187,-0.01,18.8,0,0,0.031,-0.028,-0.99,1.7,0,0
176.565887199994,188,-0.01,18.8,0,0,0.031,-0.028,-0.99,1.7,0,0
176.575887199994,186,0,18.8,0,0,0.027,-0.003,-1.006,2.5,-0.6,0
176.585887199994,184,0,18.8,0,0,0.027,-0.003,-1.006,2.5,-0.6,0
176.595887199994,186,0,18.8,0,0,0.027,-0.003,-1.006,2.5,-0.6,0
176.605887199994,191,0,18.8,0,0,0.027,-0.003,-1.006,2.5,-0.6,0
176.615887199994,186,0,18.8,0,0,0.027,-0.003,-1.006,2.5,-0.6,0
176.625887199994,186,0,18.8,0,0,0.03,-0.01,-0.972,0.7,-0.4,0
176.635887199994,188,0,18.8,0,0,0.03,-0.01,-0.972,0.7,-0.4,0
176.645887199994,187,0,18.8,0,0,0.03,-0.01,-0.972,0.7,-0.4,0
176.655887199994,186,0,18.8,0,0,0.03,-0.01,-0.972,0.7,-0.4,0
176.665887199994,186,0,18.8,0,0,0.03,-0.01,-0.972,0.7,-0.4,0
176.675887199994,187,-0.01,18.8,0,0,0.03,-0.006,-0.933,-0.3,-1.3,0
176.685887199994,184,-0.01,18.8,0,0,0.03,-0.006,-0.933,-0.3,-1.3,0
176.695887199994,186,-0.01,18.8,0,0,0.03,-0.006,-0.933,-0.3,-1.3,0
176.705887199994,189,-0.01,18.8,0,0,0.03,-0.006,-0.933,-0.3,-1.3,0
176.715887199994,188,-0.01,18.8,0,0,0.03,-0.006,-0.933,-0.3,-1.3,0
176.725887199994,183,0,18.9,0,0,0.031,-0.007,-0.981,-2.3,0.3,0
176.735887199994,185,0,18.9,0,0,0.031,-0.007,-0.981,-2.3,0.3,0
176.745887199994,189,0,18.9,0,0,0.031,-0.007,-0.981,-2.3,0.3,0
176.755887199994,187,0,18.9,0,0,0.031,-0.007,-0.981,-2.3,0.3,0
176.765887199994,183,0,18.9,0,0,0.031,-0.007,-0.981,-2.3,0.3,0
176.775887199994,186,0,18.9,0,0,0.023,-0.03,-1.079,-1.1,-1.4,0
176.785887199994,190,0,18.9,0,0,0.023,-0.03,-1.079,-1.1,-1.4,0
176.795887199994,188,0,18.9,0,0,0.023,-0.03,-1.079,-1.1,-1.4,0
176.805887199994,183,0,18.9,0,0,0.023,-0.03,-1.079,-1.1,-1.4,0
176.815887199994,186,0,18.9,0,0,0.023,-0.03,-1.079,-1.1,-1.4,0
176.825887199994,190,0,18.9,0,0,0.026,-0.023,-1.084,1.2,-0.4,0
176.835887199994,187,0,18.9,0,0,0.026,-0.023,-1.084,1.2,-0.4,0
176.845887199994,184,0,18.9,0,0,0.026,-0.023,-1.084,1.2,-0.4,0
176.855887199994,187,0,18.9,0,0,0.026,-0.023,-1.084,1.2,-0.4,0
176.865887199994,190,0,18.9,0,0,0.026,-0.023,-1.084,1.2,-0.4,0
176.875887199994,185,-0.01,18.9,0,0,0.034,-0.013,-0.938,2.2,-0.9,0
176.885887199994,184,-0.01,18.9,0,0,0.034,-0.013,-0.938,2.2,-0.9,0
176.895887199994,188,-0.01,18.9,0,0,0.034,-0.013,-0.938,2.2,-0.9,0
176.905887199994,192,-0.01,18.9,0,0,0.034,-0.013,-0.938,2.2,-0.9,0
176.915887199994,185,-0.01,18.9,0,0,0.034,-0.013,-0.938,2.2,-0.9,0
176.925887199994,184,0,18.8,0,0,0.024,-0.012,-1.039,1.8,0.3,0
176.935887199994,191,0,18.8,0,0,0.024,-0.012,-1.039,1.8,0.3,0
176.945887199994,189,0,18.8,0,0,0.024,-0.012,-1.039,1.8,0.3,0
176.955887199994,185,0,18.8,0,0,0.024,-0.012,-1.039,1.8,0.3,0
176.965887199994,182,0,18.8,0,0,0.024,-0.012,-1.039,1.8,0.3,0
176.975887199994,188,-0.01,18.9,0,0,0.032,0,-0.933,0.9,-1.5,0
176.985887199994,189,-0.01,18.9,0,0,0.032,0,-0.933,0.9,-1.5,0
176.995887199994,183,-0.01,18.9,0,0,0.032,0,-0.933,0.9,-1.5,0
177.005887199994,181,-0.01,18.9,0,0,0.032,0,-0.933,0.9,-1.5,0
177.015887199994,190,-0.01,18.9,0,0,0.032,0,-0.933,0.9,-1.5,0
177.025887199994,190,0,18.9,0,0,0.028,-0.017,-1.039,0.5,-0.3,0
177.035887199994,183,0,18.9,0,0,0.028,-0.017,-1.039,0.5,-0.3,0
177.045887199994,182,0,18.9,0,0,0.028,-0.017,-1.039,0.5,-0.3,0
177.055887199994,188,0,18.9,0,0,0.028,-0.017,-1.039,0.5,-0.3,0
177.065887199994,190,0,18.9,0,0,0.028,-0.017,-1.039,0.5,-0.3,0
177.075887199994,185,-0.01,18.9,0,0,0.029,-0.02,-1.007,2.7,-0.1,0
177.085887199994,186,-0.01,18.9,0,0,0.029,-0.02,-1.007,2.7,-0.1,0
177.095887199994,189,-0.01,18.9,0,0,0.029,-0.02,-1.007,2.7,-0.1,0
177.105887199994,185,-0.01,18.9,0,0,0.029,-0.02,-1.007,2.7,-0.1,0
177.115887199994,183,-0.01,18.9,0,0,0.029,-0.02,-1.007,2.7,-0.1,0
177.125887199994,187,0,18.8,0,0,0.029,-0.005,-0.968,1.5,-0.1,0
177.135887199994,189,0,18.8,0,0,0.029,-0.005,-0.968,1.5,-0.1,0
177.145887199994,186,0,18.8,0,0,0.029,-0.005,-0.968,1.5,-0.1,0
177.155887199994,184,0,18.8,0,0,0.029,-0.005,-0.968,1.5,-0.1,0
177.165887199994,187,0,18.8,0,0,0.029,-0.005,-0.968,1.5,-0.1,0
177.175887199994,189,-0.01,18.9,0,0,0.029,-0.006,-1.002,1.5,-1.1,0
177.185887199994,186,-0.01,18.9,0,0,0.029,-0.006,-1.002,1.5,-1.1,0
177.195887199994,185,-0.01,18.9,0,0,0.029,-0.006,-1.002,1.5,-1.1,0
177.205887199994,187,-0.01,18.9,0,0,0.029,-0.006,-1.002,1.5,-1.1,0
177.215887199994,188,-0.01,18.9,0,0,0.029,-0.006,-1.002,1.5,-1.1,0
177.225887199994,185,0,18.8,0,0,0.035,-0.009,-0.903,-1,-0.5,0
177.235887199994,185,0,18.8,0,0,0.035,-0.009,-0.903,-1,-0.5,0
177.245887199994,187,0,18.8,0,0,0.035,-0.009,-0.903,-1,-0.5,0
177.255887199994,191,0,18.8,0,0,0.035,-0.009,-0.903,-1,-0.5,0
177.265887199994,185,0,18.8,0,0,0.035,-0.009,-0.903,-1,-0.5,0
177.275887199994,184,0,18.8,0,0,0.026,-0.004,-1.003,-1.8,-0.3,0.1
177.285887199994,188,0,18.8,0,0,0.026,-0.004,-1.003,-1.8,-0.3,0.1
177.295887199994,188,0,18.8,0,0,0.026,-0.004,-1.003,-1.8,-0.3,0.1
177.305887199994,186,0,18.8,0,0,0.026,-0.004,-1.003,-1.8,-0.3,0.1
177.315887199994,188,0,18.8,0,0,0.026,-0.004,-1.003,-1.8,-0.3,0.1
177.325887199994,187,0,18.9,0,0,0.026,-0.036,-1.071,-1.8,-0.5,0
177.335887199994,181,0,18.9,0,0,0.026,-0.036,-1.071,-1.8,-0.5,0
177.345887199994,186,0,18.9,0,0,0.026,-0.036,-1.071,-1.8,-0.5,0
177.355887199994,189,0,18.9,0,0,0.026,-0.036,-1.071,-1.8,-0.5,0
177.365887199994,188,0,18.9,0,0,0.026,-0.036,-1.071,-1.8,-0.5,0
177.375887199994,183,0,18.8,0,0,0.027,-0.015,-1.051,1.5,-1.2,0
177.385887199994,185,0,18.8,0,0,0.027,-0.015,-1.051,1.5,-1.2,0
177.395887199994,189,0,18.8,0,0,0.027,-0.015,-1.051,1.5,-1.2,0
177.405887199994,187,0,18.8,0,0,0.027,-0.015,-1.051,1.5,-1.2,0
177.415887199994,183,0,18.8,0,0,0.027,-0.015,-1.051,1.5,-1.2,0
177.425887199994,187,-0.01,18.9,0,0,0.032,-0.018,-0.983,2.1,0.1,0.1
177.435887199994,190,-0.01,18.9,0,0,0.032,-0.018,-0.983,2.1,0.1,0.1
177.445887199994,186,-0.01,18.9,0,0,0.032,-0.018,-0.983,2.1,0.1,0.1
177.455887199994,184,-0.01,18.9,0,0,0.032,-0.018,-0.983,2.1,0.1,0.1
177.465887199994,186,-0.01,18.9,0,0,0.032,-0.018,-0.983,2.1,0.1,0.1
177.475887199994,189,0,18.8,0,0,0.025,-0.009,-1.002,1.9,-0.9,0
177.485887199994,186,0,18.8,0,0,0.025,-0.009,-1.002,1.9,-0.9,0
177.495887199994,184,0,18.8,0,0,0.025,-0.009,-1.002,1.9,-0.9,0
177.505887199994,189,0,18.8,0,0,0.025,-0.009,-1.002,1.9,-0.9,0
177.515887199994,190,0,18.8,0,0,0.025,-0.009,-1.002,1.9,-0.9,0
177.525887199994,184,-0.01,18.9,0,0,0.031,-0.005,-0.98,0.4,-0.2,0
177.535887199994,184,-0.01,18.9,0,0,0.031,-0.005,-0.98,0.4,-0.2,0
177.545887199994,189,-0.01,18.9,0,0,0.031,-0.005,-0.98,0.4,-0.2,0
177.555887199994,191,-0.01,18.9,0,0,0.031,-0.005,-0.98,0.4,-0.2,0
177.565887199994,184,-0.01,18.9,0,0,0.031,-0.005,-0.98,0.4,-0.2,0
177.575887199994,184,0.01,18.9,0,0,0.032,-0.008,-0.915,-0.9,-1.4,0
177.585887199994,191,0.01,18.9,0,0,0.032,-0.008,-0.915,-0.9,-1.4,0
177.595887199994,189,0.01,18.9,0,0,0.032,-0.008,-0.915,-0.9,-1.4,0
177.605887199994,185,0.01,18.9,0,0,0.032,-0.008,-0.915,-0.9,-1.4,0
177.615887199994,182,0.01,18.9,0,0,0.032,-0.008,-0.915,-0.9,-1.4,0
177.625887199994,187,-0.01,18.8,0,0,0.027,-0.012,-1.026,-2.3,0.4,0
177.635887199994,189,-0.01,18.8,0,0,0.027,-0.012,-1.026,-2.3,0.4,0
177.645887199994,185,-0.01,18.8,0,0,0.027,-0.012,-1.026,-2.3,0.4,0
177.655887199994,181,-0.01,18.8,0,0,0.027,-0.012,-1.026,-2.3,0.4,0
177.665887199994,188,-0.01,18.8,0,0,0.027,-0.012,-1.026,-2.3,0.4,0
177.675887199994,189,0,18.9,0,0,0.026,-0.029,-1.074,-0.4,-1.5,0
177.685887199994,183,0,18.9,0,0,0.026,-0.029,-1.074,-0.4,-1.5,0
177.695887199994,183,0,18.9,0,0,0.026,-0.029,-1.074,-0.4,-1.5,0
177.705887199994,189,0,18.9,0,0,0.026,-0.029,-1.074,-0.4,-1.5,0
177.715887199994,190,0,18.9,0,0,0.026,-0.029,-1.074,-0.4,-1.5,0
177.725887199994,183,-0.01,18.9,0,0,0.027,-0.025,-1.052,1.8,-0.4,0
177.735887199994,185,-0.01,18.9,0,0,0.027,-0.025,-1.052,1.8,-0.4,0
177.745887199994,188,-0.01,18.9,0,0,0.027,-0.025,-1.052,1.8,-0.4,0
177.755887199994,186,-0.01,18.9,0,0,0.027,-0.025,-1.052,1.8,-0.4,0
177.765887199994,185,-0.01,18.9,0,0,0.027,-0.025,-1.052,1.8,-0.4,0
177.775887199994,187,0,18.8,0,0,0.033,-0.006,-0.95,2,-0.3,0
177.785887199994,189,0,18.8,0,0,0.033,-0.006,-0.95,2,-0.3,0
177.795887199994,185,0,18.8,0,0,0.033,-0.006,-0.95,2,-0.3,0
177.805887199994,183,0,18.8,0,0,0.033,-0.006,-0.95,2,-0.3,0
177.815887199994,188,0,18.8,0,0,0.033,-0.006,-0.95,2,-0.3,0
177.825887199994,190,-0.01,18.8,0,0,0.023,-0.014,-1.043,1.8,-0.3,0
177.835887199994,186,-0.01,18.8,0,0,0.023,-0.014,-1.043,1.8,-0.3,0
177.845887199994,184,-0.01,18.8,0,0,0.023,-0.014,-1.043,1.8,-0.3,0
177.855887199994,187,-0.01,18.8,0,0,0.023,-0.014,-1.043,1.8,-0.3,0
177.865887199994,188,-0.01,18.8,0,0,0.023,-0.014,-1.043,1.8,-0.3,0
177.875887199994,186,0,18.8,0,0,0.033,0.003,-0.901,0,-1.2,0
177.885887199994,185,0,18.8,0,0,0.033,0.003,-0.901,0,-1.2,0
177.895887199994,186,0,18.8,0,0,0.033,0.003,-0.901,0,-1.2,0
177.905887199994,191,0,18.8,0,0,0.033,0.003,-0.901,0,-1.2,0
177.915887199994,186,0,18.8,0,0,0.033,0.003,-0.901,0,-1.2,0
177.925887199994,187,0,18.9,0,0,0.03,-0.011,-0.969,-1.2,-0.3,0
177.935887199994,188,0,18.9,0,0,0.03,-0.011,-0.969,-1.2,-0.3,0
177.945887199994,184,0,18.9,0,0,0.03,-0.011,-0.969,-1.2,-0.3,0
177.955887199994,186,0,18.9,0,0,0.03,-0.011,-0.969,-1.2,-0.3,0
177.965887199994,189,0,18.9,0,0,0.03,-0.011,-0.969,-1.2,-0.3,0
177.975887199994,187,0,18.9,0,0,0.027,-0.02,-1.022,-2.3,-0.4,0
177.985887199994,181,0,18.9,0,0,0.027,-0.02,-1.022,-2.3,-0.4,0
177.995887199994,185,0,18.9,0,0,0.027,-0.02,-1.022,-2.3,-0.4,0
178.005887199994,189,0,18.9,0,0,0.027,-0.02,-1.022,-2.3,-0.4,0
178.015887199994,189,0,18.9,0,0,0.027,-0.02,-1.022,-2.3,-0.4,0
178.025887199994,183,0,18.9,0,0,0.025,-0.022,-1.091,0.4,-1.1,0
178.035887199994,185,0,18.9,0,0,0.025,-0.022,-1.091,0.4,-1.1,0
178.045887199994,190,0,18.9,0,0,0.025,-0.022,-1.091,0.4,-1.1,0
178.055887199994,187,0,18.9,0,0,0.025,-0.022,-1.091,0.4,-1.1,0
178.065887199994,182,0,18.9,0,0,0.025,-0.022,-1.091,0.4,-1.1,0
178.075887199994,186,0,18.8,0,0,0.031,-0.026,-0.998,1.5,-0.4,0
178.085887199994,190,0,18.8,0,0,0.031,-0.026,-0.998,1.5,-0.4,0
178.095887199994,187,0,18.8,0,0,0.031,-0.026,-0.998,1.5,-0.4,0
178.105887199994,183,0,18.8,0,0,0.031,-0.026,-0.998,1.5,-0.4,0
178.115887199994,185,0,18.8,0,0,0.031,-0.026,-0.998,1.5,-0.4,0
178.125887199994,189,0,18.9,0,0,0.027,-0.001,-0.996,2.6,-0.4,0
178.135887199994,185,0,18.9,0,0,0.027,-0.001,-0.996,2.6,-0.4,0
178.145887199994,184,0,18.9,0,0,0.027,-0.001,-0.996,2.6,-0.4,0
178.155887199994,190,0,18.9,0,0,0.027,-0.001,-0.996,2.6,-0.4,0
178.165887199994,190,0,18.9,0,0,0.027,-0.001,-0.996,2.6,-0.4,0
178.175887199994,185,-0.01,18.8,0,0,0.03,-0.016,-0.996,0.7,-0.3,0
178.185887199994,184,-0.01,18.8,0,0,0.03,-0.016,-0.996,0.7,-0.3,0
178.195887199994,189,-0.01,18.8,0,0,0.03,-0.016,-0.996,0.7,-0.3,0
178.205887199994,192,-0.01,18.8,0,0,0.03,-0.016,-0.996,0.7,-0.3,0
178.215887199994,184,-0.01,18.8,0,0,0.03,-0.016,-0.996,0.7,-0.3,0
178.225887199994,184,0,18.8,0,0,0.029,0,-0.935,0.2,-1.5,0
178.235887199994,192,0,18.8,0,0,0.029,0,-0.935,0.2,-1.5,0
178.245887199994,189,0,18.8,0,0,0.029,0,-0.935,0.2,-1.5,0
178.255887199994,185,0,18.8,0,0,0.029,0,-0.935,0.2,-1.5,0
178.265887199994,182,0,18.8,0,0,0.029,0,-0.935,0.2,-1.5,0
178.275887199994,186,0,18.8,0,0,0.034,-0.006,-0.947,-2.1,0.3,0
178.285887199994,190,0,18.8,0,0,0.034,-0.006,-0.947,-2.1,0.3,0
178.295887199994,185,0,18.8,0,0,0.034,-0.006,-0.947,-2.1,0.3,0
178.305887199994,182,0,18.8,0,0,0.034,-0.006,-0.947,-2.1,0.3,0
178.315887199994,189,0,18.8,0,0,0.034,-0.006,-0.947,-2.1,0.3,0
178.325887199994,189,0,18.9,0,0,0.023,-0.029,-1.087,-1.4,-1.1,0
178.335887199994,183,0,18.9,0,0,0.023,-0.029,-1.087,-1.4,-1.1,0
178.345887199994,184,0,18.9,0,0,0.023,-0.029,-1.087,-1.4,-1.1,0
178.355887199994,189,0,18.9,0,0,0.023,-0.029,-1.087,-1.4,-1.1,0
178.365887199994,186,0,18.9,0,0,0.023,-0.029,-1.087,-1.4,-1.1,0
178.375887199994,184,-0.01,18.9,0,0,0.027,-0.023,-1.08,0.6,-0.6,0
178.385887199994,187,-0.01,18.9,0,0,0.027,-0.023,-1.08,0.6,-0.6,0
178.395887199994,189,-0.01,18.9,0,0,0.027,-0.023,-1.08,0.6,-0.6,0
178.405887199994,186,-0.01,18.9,0,0,0.027,-0.023,-1.08,0.6,-0.6,0
178.415887199994,184,-0.01,18.9,0,0,0.027,-0.023,-1.08,0.6,-0.6,0
178.425887199994,187,0,18.9,0,0,0.032,-0.018,-0.966,2.3,-0.9,0
178.435887199994,189,0,18.9,0,0,0.032,-0.018,-0.966,2.3,-0.9,0
178.445887199994,186,0,18.9,0,0,0.032,-0.018,-0.966,2.3,-0.9,0
178.455887199994,184,0,18.9,0,0,0.032,-0.018,-0.966,2.3,-0.9,0
178.465887199994,187,0,18.9,0,0,0.032,-0.018,-0.966,2.3,-0.9,0
178.475887199994,189,-0.01,18.9,0,0,0.026,-0.008,-1.032,2,0.6,0
178.485887199994,186,-0.01,18.9,0,0,0.026,-0.008,-1.032,2,0.6,0
178.495887199994,184,-0.01,18.9,0,0,0.026,-0.008,-1.032,2,0.6,0
178.505887199994,187,-0.01,18.9,0,0,0.026,-0.008,-1.032,2,0.6,0
178.515887199994,189,-0.01,18.9,0,0,0.026,-0.008,-1.032,2,0.6,0
178.525887199994,186,0,18.8,0,0,0.032,-0.002,-0.94,0.9,-1.7,0
178.535887199994,185,0,18.8,0,0,0.032,-0.002,-0.94,0.9,-1.7,0
178.545887199994,186,0,18.8,0,0,0.032,-0.002,-0.94,0.9,-1.7,0
178.555887199994,191,0,18.8,0,0,0.032,-0.002,-0.94,0.9,-1.7,0
178.565887199994,186,0,18.8,0,0,0.032,-0.002,-0.94,0.9,-1.7,0
178.575887199994,186,0,18.9,0,0,0.029,-0.012,-0.964,-0.7,-0.3,0
178.585887199994,187,0,18.9,0,0,0.029,-0.012,-0.964,-0.7,-0.3,0
178.595887199994,184,0,18.9,0,0,0.029,-0.012,-0.964,-0.7,-0.3,0
178.605887199994,186,0,18.9,0,0,0.029,-0.012,-0.964,-0.7,-0.3,0
178.615887199994,190,0,18.9,0,0,0.029,-0.012,-0.964,-0.7,-0.3,0
178.625887199994,183,0,18.8,0,0,0.022,-0.037,-1.118,-0.9,-0.6,0
178.635887199994,185,0,18.8,0,0,0.022,-0.037,-1.118,-0.9,-0.6,0
178.645887199994,189,0,18.8,0,0,0.022,-0.037,-1.118,-0.9,-0.6,0
178.655887199994,187,0,18.8,0,0,0.022,-0.037,-1.118,-0.9,-0.6,0
178.665887199994,183,0,18.8,0,0,0.022,-0.037,-1.118,-0.9,-0.6,0
178.675887199994,186,0,18.8,0,0,0.03,-0.019,-1.017,0.9,-1,0
178.685887199994,190,0,18.8,0,0,0.03,-0.019,-1.017,0.9,-1,0
178.695887199994,188,0,18.8,0,0,0.03,-0.019,-1.017,0.9,-1,0
178.705887199994,184,0,18.8,0,0,0.03,-0.019,-1.017,0.9,-1,0
178.715887199994,187,0,18.8,0,0,0.03,-0.019,-1.017,0.9,-1,0
178.725887199994,189,0,18.9,0,0,0.03,-0.012,-0.999,2.9,-0.3,0
178.735887199994,184,0,18.9,0,0,0.03,-0.012,-0.999,2.9,-0.3,0
178.745887199994,184,0,18.9,0,0,0.03,-0.012,-0.999,2.9,-0.3,0
178.755887199994,189,0,18.9,0,0,0.03,-0.012,-0.999,2.9,-0.3,0
178.765887199994,190,0,18.9,0,0,0.03,-0.012,-0.999,2.9,-0.3,0
178.775887199994,184,0,18.8,0,0,0.028,0,-0.979,1.1,-1.3,0
178.785887199994,192,0,18.8,0,0,0.028,0,-0.979,1.1,-1.3,0
178.795887199994,189,0,18.8,0,0,0.028,0,-0.979,1.1,-1.3,0
178.805887199994,184,0,18.8,0,0,0.028,0,-0.979,1.1,-1.3,0
178.815887199994,182,0,18.8,0,0,0.028,0,-0.979,1.1,-1.3,0
178.825887199994,187,0,18.8,0,0,0.036,-0.012,-0.909,-1.4,-0.4,0
178.835887199994,189,0,18.8,0,0,0.036,-0.012,-0.909,-1.4,-0.4,0
178.845887199994,185,0,18.8,0,0,0.036,-0.012,-0.909,-1.4,-0.4,0
178.855887199994,181,0,18.8,0,0,0.036,-0.012,-0.909,-1.4,-0.4,0
178.865887199994,188,0,18.8,0,0,0.036,-0.012,-0.909,-1.4,-0.4,0
178.875887199994,184,-0.01,18.9,0,0,0.026,-0.036,-1.095,-1,-0.6,0
178.885887199994,187,-0.01,18.9,0,0,0.026,-0.036,-1.095,-1,-0.6,0
178.895887199994,189,-0.01,18.9,0,0,0.026,-0.036,-1.095,-1,-0.6,0
178.905887199994,186,-0.01,18.9,0,0,0.026,-0.036,-1.095,-1,-0.6,0
178.915887199994,184,-0.01,18.9,0,0,0.026,-0.036,-1.095,-1,-0.6,0
178.925887199993,188,0.01,18.8,0,0,0.027,-0.016,-1.016,2,-1.3,0
178.935887199993,189,0.01,18.8,0,0,0.027,-0.016,-1.016,2,-1.3,0
178.945887199994,186,0.01,18.8,0,0,0.027,-0.016,-1.016,2,-1.3,0
178.955887199993,184,0.01,18.8,0,0,0.027,-0.016,-1.016,2,-1.3,0
178.965887199993,187,0.01,18.8,0,0,0.027,-0.016,-1.016,2,-1.3,0
178.975887199993,189,-0.01,18.8,0,0,0.032,-0.012,-0.994,2.1,0.6,0
178.985887199993,185,-0.01,18.8,0,0,0.032,-0.012,-0.994,2.1,0.6,0
178.995887199993,185,-0.01,18.8,0,0,0.032,-0.012,-0.994,2.1,0.6,0
179.005887199993,188,-0.01,18.8,0,0,0.032,-0.012,-0.994,2.1,0.6,0
179.015887199993,188,-0.01,18.8,0,0,0.032,-0.012,-0.994,2.1,0.6,0
179.025887199993,185,0,18.9,0,0,0.026,-0.01,-0.99,1.8,-1.5,0
179.035887199993,187,0,18.9,0,0,0.026,-0.01,-0.99,1.8,-1.5,0
179.045887199993,186,0,18.9,0,0,0.026,-0.01,-0.99,1.8,-1.5,0
179.055887199993,187,0,18.9,0,0,0.026,-0.01,-0.99,1.8,-1.5,0
179.065887199993,186,0,18.9,0,0,0.026,-0.01,-0.99,1.8,-1.5,0
179.075887199993,189,0,18.8,0,0,0.032,-0.001,-0.957,0,-0.2,0
179.085887199993,188,0,18.8,0,0,0.032,-0.001,-0.957,0,-0.2,0
179.095887199993,182,0,18.8,0,0,0.032,-0.001,-0.957,0,-0.2,0
179.105887199993,187,0,18.8,0,0,0.032,-0.001,-0.957,0,-0.2,0
179.115887199993,189,0,18.8,0,0,0.032,-0.001,-0.957,0,-0.2,0
179.125887199993,187,0,18.9,0,0,0.032,-0.006,-0.926,-1.5,-1,0
179.135887199993,181,0,18.9,0,0,0.032,-0.006,-0.926,-1.5,-1,0
179.145887199993,185,0,18.9,0,0,0.032,-0.006,-0.926,-1.5,-1,0
179.155887199993,190,0,18.9,0,0,0.032,-0.006,-0.926,-1.5,-1,0
179.165887199993,188,0,18.9,0,0,0.032,-0.006,-0.926,-1.5,-1,0
179.175887199993,182,0,18.8,0,0,0.023,-0.027,-1.082,-2.1,0.1,0
179.185887199993,184,0,18.8,0,0,0.023,-0.027,-1.082,-2.1,0.1,0
179.195887199993,189,0,18.8,0,0,0.023,-0.027,-1.082,-2.1,0.1,0
179.205887199993,187,0,18.8,0,0,0.023,-0.027,-1.082,-2.1,0.1,0
179.215887199993,183,0,18.8,0,0,0.023,-0.027,-1.082,-2.1,0.1,0
179.225887199993,186,-0.01,18.9,0,0,0.028,-0.018,-1.041,0.1,-1.4,0
179.235887199993,190,-0.01,18.9,0,0,0.028,-0.018,-1.041,0.1,-1.4,0
179.245887199993,188,-0.01,18.9,0,0,0.028,-0.018,-1.041,0.1,-1.4,0
179.255887199993,184,-0.01,18.9,0,0,0.028,-0.018,-1.041,0.1,-1.4,0
179.265887199993,188,-0.01,18.9,0,0,0.028,-0.018,-1.041,0.1,-1.4,0
179.275887199993,189,0.01,18.8,0,0,0.028,-0.024,-1.039,2.5,-0.4,0.1
179.285887199993,182,0.01,18.8,0,0,0.028,-0.024,-1.039,2.5,-0.4,0.1
179.295887199993,184,0.01,18.8,0,0,0.028,-0.024,-1.039,2.5,-0.4,0.1
179.305887199993,189,0.01,18.8,0,0,0.028,-0.024,-1.039,2.5,-0.4,0.1
179.315887199993,191,0.01,18.8,0,0,0.028,-0.024,-1.039,2.5,-0.4,0.1
179.325887199993,185,-0.01,18.9,0,0,0.031,-0.001,-0.944,1.7,0,0
179.335887199993,184,-0.01,18.9,0,0,0.031,-0.001,-0.944,1.7,0,0
179.345887199993,188,-0.01,18.9,0,0,0.031,-0.001,-0.944,1.7,0,0
179.355887199993,191,-0.01,18.9,0,0,0.031,-0.001,-0.944,1.7,0,0
179.365887199993,184,-0.01,18.9,0,0,0.031,-0.001,-0.944,1.7,0,0
179.375887199993,184,0.01,18.9,0,0,0.026,-0.012,-1.03,1.6,-0.6,0
179.385887199993,191,0.01,18.9,0,0,0.026,-0.012,-1.03,1.6,-0.6,0
179.395887199993,189,0.01,18.9,0,0,0.026,-0.012,-1.03,1.6,-0.6,0
179.405887199993,185,0.01,18.9,0,0,0.026,-0.012,-1.03,1.6,-0.6,0
179.415887199993,182,0.01,18.9,0,0,0.026,-0.012,-1.03,1.6,-0.6,0
179.425887199993,189,0,18.9,0,0,0.03,-0.003,-0.976,-1.6,-0.1,0
179.435887199993,182,0,18.9,0,0,0.03,-0.003,-0.976,-1.6,-0.1,0
179.445887199993,185,0,18.9,0,0,0.03,-0.003,-0.976,-1.6,-0.1,0
179.455887199993,188,0,18.9,0,0,0.03,-0.003,-0.976,-1.6,-0.1,0
179.465887199993,185,0,18.9,0,0,0.03,-0.003,-0.976,-1.6,-0.1,0
179.475887199993,185,-0.01,18.9,0,0,0.025,-0.032,-1.067,-2.3,-0.4,0
179.485887199993,187,-0.01,18.9,0,0,0.025,-0.032,-1.067,-2.3,-0.4,0
179.495887199993,188,-0.01,18.9,0,0,0.025,-0.032,-1.067,-2.3,-0.4,0
179.505887199993,186,-0.01,18.9,0,0,0.025,-0.032,-1.067,-2.3,-0.4,0
179.515887199993,184,-0.01,18.9,0,0,0.025,-0.032,-1.067,-2.3,-0.4,0
179.525887199993,188,0.01,18.9,0,0,0.025,-0.014,-1.06,1.2,-1.4,0
179.535887199993,189,0.01,18.9,0,0,0.025,-0.014,-1.06,1.2,-1.4,0
179.545887199993,186,0.01,18.9,0,0,0.025,-0.014,-1.06,1.2,-1.4,0
179.555887199993,184,0.01,18.9,0,0,0.025,-0.014,-1.06,1.2,-1.4,0
179.565887199993,187,0.01,18.9,0,0,0.025,-0.014,-1.06,1.2,-1.4,0
179.575887199993,189,-0.01,18.8,0,0,0.032,-0.026,-0.987,1.8,0.1,0
179.585887199993,185,-0.01,18.8,0,0,0.032,-0.026,-0.987,1.8,0.1,0
179.595887199993,184,-0.01,18.8,0,0,0.032,-0.026,-0.987,1.8,0.1,0
179.605887199993,188,-0.01,18.8,0,0,0.032,-0.026,-0.987,1.8,0.1,0
179.615887199993,187,-0.01,18.8,0,0,0.032,-0.026,-0.987,1.8,0.1,0
179.625887199993,186,0,18.9,0,0,0.025,-0.005,-1.008,2.3,-0.8,0.1
179.635887199993,191,0,18.9,0,0,0.025,-0.005,-1.008,2.3,-0.8,0.1
179.645887199993,186,0,18.9,0,0,0.025,-0.005,-1.008,2.3,-0.8,0.1
179.655887199993,184,0,18.9,0,0,0.025,-0.005,-1.008,2.3,-0.8,0.1
179.665887199993,186,0,18.9,0,0,0.025,-0.005,-1.008,2.3,-0.8,0.1
179.675887199993,189,0,18.9,0,0,0.031,-0.007,-0.97,0.7,-0.3,0.1
179.685887199993,188,0,18.9,0,0,0.031,-0.007,-0.97,0.7,-0.3,0.1
179.695887199993,182,0,18.9,0,0,0.031,-0.007,-0.97,0.7,-0.3,0.1
179.705887199993,186,0,18.9,0,0,0.031,-0.007,-0.97,0.7,-0.3,0.1
179.715887199993,189,0,18.9,0,0,0.031,-0.007,-0.97,0.7,-0.3,0.1
179.725887199993,187,0,18.9,0,0,0.031,-0.008,-0.929,-0.6,-1.1,0
179.735887199993,181,0,18.9,0,0,0.031,-0.008,-0.929,-0.6,-1.1,0
179.745887199993,185,0,18.9,0,0,0.031,-0.008,-0.929,-0.6,-1.1,0
179.755887199993,189,0,18.9,0,0,0.031,-0.008,-0.929,-0.6,-1.1,0
179.765887199993,188,0,18.9,0,0,0.031,-0.008,-0.929,-0.6,-1.1,0
179.775887199993,183,0,18.8,0,0,0.03,-0.007,-1.003,-2.3,0.4,0
179.785887199993,185,0,18.8,0,0,0.03,-0.007,-1.003,-2.3,0.4,0
179.795887199993,189,0,18.8,0,0,0.03,-0.007,-1.003,-2.3,0.4,0
179.805887199993,187,0,18.8,0,0,0.03,-0.007,-1.003,-2.3,0.4,0
179.815887199993,183,0,18.8,0,0,0.03,-0.007,-1.003,-2.3,0.4,0
179.825887199993,186,0,18.8,0,0,0.029,-0.03,-1.07,-0.9,-1.5,0
179.835887199993,190,0,18.8,0,0,0.029,-0.03,-1.07,-0.9,-1.5,0
179.845887199993,186,0,18.8,0,0,0.029,-0.03,-1.07,-0.9,-1.5,0
179.855887199993,184,0,18.8,0,0,0.029,-0.03,-1.07,-0.9,-1.5,0
179.865887199993,190,0,18.8,0,0,0.029,-0.03,-1.07,-0.9,-1.5,0
179.875887199993,190,0.01,18.8,0,0,0.03,-0.007,-0.967,1.3,-0.4,0
179.885887199993,183,0.01,18.8,0,0,0.03,-0.007,-0.967,1.3,-0.4,0
179.895887199993,182,0.01,18.8,0,0,0.03,-0.007,-0.967,1.3,-0.4,0
179.905887199993,189,0.01,18.8,0,0,0.03,-0.007,-0.967,1.3,-0.4,0
179.915887199993,191,0.01,18.8,0,0,0.03,-0.007,-0.967,1.3,-0.4,0
179.925887199993,184,-0.02,18.8,0,0,0.03,-0.008,-0.97,0,-0.3,0
179.935887199993,183,-0.02,18.8,0,0,0.03,-0.008,-0.97,0,-0.3,0
179.945887199993,188,-0.02,18.8,0,0,0.03,-0.008,-0.97,0,-0.3,0
179.955887199993,192,-0.02,18.8,0,0,0.03,-0.008,-0.97,0,-0.3,0
179.965887199993,185,-0.02,18.8,0,0,0.03,-0.008,-0.97,0,-0.3,0
179.975887199993,185,0,18.9,0,0,0.034,0,-0.926,-2,-0.7,0
179.985887199993,192,0,18.9,0,0,0.034,0,-0.926,-2,-0.7,0
179.995887199993,189,0,18.9,0,0,0.034,0,-0.926,-2,-0.7,0
180.005887199993,184,0,18.9,0,0,0.034,0,-0.926,-2,-0.7,0
180.015887199993,182,0,18.9,0,0,0.034,0,-0.926,-2,-0.7,0
180.025887199993,187,-0.01,18.9,0,0,0.021,-0.036,-1.118,-1.6,-0.1,0
180.035887199993,190,-0.01,18.9,0,0,0.021,-0.036,-1.118,-1.6,-0.1,0
180.045887199993,184,-0.01,18.9,0,0,0.021,-0.036,-1.118,-1.6,-0.1,0
180.055887199993,182,-0.01,18.9,0,0,0.021,-0.036,-1.118,-1.6,-0.1,0
180.065887199993,190,-0.01,18.9,0,0,0.021,-0.036,-1.118,-1.6,-0.1,0
180.075887199993,189,0.02,18.9,0,0,0.029,-0.016,-1.026,0.9,-1.4,0
180.085887199993,182,0.02,18.9,0,0,0.029,-0.016,-1.026,0.9,-1.4,0
180.095887199993,185,0.02,18.9,0,0,0.029,-0.016,-1.026,0.9,-1.4,0
180.105887199993,188,0.02,18.9,0,0,0.029,-0.016,-1.026,0.9,-1.4,0
180.115887199993,185,0.02,18.9,0,0,0.029,-0.016,-1.026,0.9,-1.4,0
180.125887199993,184,-0.01,18.8,0,0,0.03,-0.018,-1.003,2.7,-0.3,0.1
180.135887199993,187,-0.01,18.8,0,0,0.03,-0.018,-1.003,2.7,-0.3,0.1
180.145887199993,188,-0.01,18.8,0,0,0.03,-0.018,-1.003,2.7,-0.3,0.1
180.155887199993,186,-0.01,18.8,0,0,0.03,-0.018,-1.003,2.7,-0.3,0.1
180.165887199993,184,-0.01,18.8,0,0,0.03,-0.018,-1.003,2.7,-0.3,0.1
180.175887199993,188,0.01,18.8,0,0,0.028,-0.008,-0.979,1.4,-0.1,0
180.185887199993,190,0.01,18.8,0,0,0.028,-0.008,-0.979,1.4,-0.1,0
180.195887199993,186,0.01,18.8,0,0,0.028,-0.008,-0.979,1.4,-0.1,0
180.205887199993,182,0.01,18.8,0,0,0.028,-0.008,-0.979,1.4,-0.1,0
180.215887199993,186,0.01,18.8,0,0,0.028,-0.008,-0.979,1.4,-0.1,0
180.225887199993,189,-0.01,18.9,0,0,0.028,-0.001,-0.988,1.6,-1.3,0
180.235887199993,187,-0.01,18.9,0,0,0.028,-0.001,-0.988,1.6,-1.3,0
180.245887199993,186,-0.01,18.9,0,0,0.028,-0.001,-0.988,1.6,-1.3,0
180.255887199993,187,-0.01,18.9,0,0,0.028,-0.001,-0.988,1.6,-1.3,0
180.265887199993,185,-0.01,18.9,0,0,0.028,-0.001,-0.988,1.6,-1.3,0
180.275887199993,189,0,18.8,0,0,0.026,-0.004,-1.015,-1.8,-0.4,0
180.285887199993,188,0,18.8,0,0,0.026,-0.004,-1.015,-1.8,-0.4,0
180.295887199993,182,0,18.8,0,0,0.026,-0.004,-1.015,-1.8,-0.4,0
180.305887199993,186,0,18.8,0,0,0.026,-0.004,-1.015,-1.8,-0.4,0
180.315887199993,189,0,18.8,0,0,0.026,-0.004,-1.015,-1.8,-0.4,0
180.325887199993,187,-0.01,18.8,0,0,0.027,-0.037,-1.078,-1.6,-0.5,0
180.335887199993,181,-0.01,18.8,0,0,0.027,-0.037,-1.078,-1.6,-0.5,0
180.345887199993,186,-0.01,18.8,0,0,0.027,-0.037,-1.078,-1.6,-0.5,0
180.355887199993,189,-0.01,18.8,0,0,0.027,-0.037,-1.078,-1.6,-0.5,0
180.365887199993,188,-0.01,18.8,0,0,0.027,-0.037,-1.078,-1.6,-0.5,0
180.375887199993,183,0,18.9,0,0,0.026,-0.015,-1.046,1.7,-1.2,0
180.385887199993,185,0,18.9,0,0,0.026,-0.015,-1.046,1.7,-1.2,0
180.395887199993,190,0,18.9,0,0,0.026,-0.015,-1.046,1.7,-1.2,0
180.405887199993,187,0,18.9,0,0,0.026,-0.015,-1.046,1.7,-1.2,0
180.415887199993,181,0,18.9,0,0,0.026,-0.015,-1.046,1.7,-1.2,0
180.425887199993,187,-0.01,18.9,0,0,0.031,-0.017,-0.985,2.1,0.2,0
180.435887199993,190,-0.01,18.9,0,0,0.031,-0.017,-0.985,2.1,0.2,0
180.445887199993,186,-0.01,18.9,0,0,0.031,-0.017,-0.985,2.1,0.2,0
180.455887199993,184,-0.01,18.9,0,0,0.031,-0.017,-0.985,2.1,0.2,0
180.465887199993,189,-0.01,18.9,0,0,0.031,-0.017,-0.985,2.1,0.2,0
180.475887199993,190,0,18.8,0,0,0.025,-0.01,-1.005,1.8,-0.9,0
180.485887199993,183,0,18.8,0,0,0.025,-0.01,-1.005,1.8,-0.9,0
180.495887199993,183,0,18.8,0,0,0.025,-0.01,-1.005,1.8,-0.9,0
180.505887199993,188,0,18.8,0,0,0.025,-0.01,-1.005,1.8,-0.9,0
180.515887199993,191,0,18.8,0,0,0.025,-0.01,-1.005,1.8,-0.9,0
180.525887199993,186,-0.01,18.8,0,0,0.032,-0.005,-0.979,0.5,-0.3,0
180.535887199993,184,-0.01,18.8,0,0,0.032,-0.005,-0.979,0.5,-0.3,0
180.545887199993,188,-0.01,18.8,0,0,0.032,-0.005,-0.979,0.5,-0.3,0
180.555887199993,191,-0.01,18.8,0,0,0.032,-0.005,-0.979,0.5,-0.3,0
180.565887199993,184,-0.01,18.8,0,0,0.032,-0.005,-0.979,0.5,-0.3,0
180.575887199993,184,0,18.8,0,0,0.032,-0.008,-0.915,-1,-1.5,0
180.585887199993,191,0,18.8,0,0,0.032,-0.008,-0.915,-1,-1.5,0
180.595887199993,190,0,18.8,0,0,0.032,-0.008,-0.915,-1,-1.5,0
180.605887199993,185,0,18.8,0,0,0.032,-0.008,-0.915,-1,-1.5,0
180.615887199993,182,0,18.8,0,0,0.032,-0.008,-0.915,-1,-1.5,0
180.625887199993,188,-0.01,18.9,0,0,0.027,-0.013,-1.039,-2.3,0.4,0
180.635887199993,189,-0.01,18.9,0,0,0.027,-0.013,-1.039,-2.3,0.4,0
180.645887199993,184,-0.01,18.9,0,0,0.027,-0.013,-1.039,-2.3,0.4,0
180.655887199993,182,-0.01,18.9,0,0,0.027,-0.013,-1.039,-2.3,0.4,0
180.665887199993,189,-0.01,18.9,0,0,0.027,-0.013,-1.039,-2.3,0.4,0
180.675887199993,194,-0.01,18.8,0,0,0.027,-0.016,-0.994,-0.8,0,0
180.685887199993,195,-0.01,18.8,0,0,0.027,-0.016,-0.994,-0.8,0,0
180.695887199993,201,-0.01,18.8,0,0,0.027,-0.016,-0.994,-0.8,0,0
180.705887199993,201,-0.01,18.8,0,0,0.027,-0.016,-0.994,-0.8,0,0
180.715887199993,195,-0.01,18.8,0,0,0.027,-0.016,-0.994,-0.8,0,0
180.725887199993,194,0,18.9,0,0,0.024,-0.016,-1.032,0.1,-1.6,0
180.735887199993,200,0,18.9,0,0,0.024,-0.016,-1.032,0.1,-1.6,0
180.745887199993,201,0,18.9,0,0,0.024,-0.016,-1.032,0.1,-1.6,0
180.755887199993,197,0,18.9,0,0,0.024,-0.016,-1.032,0.1,-1.6,0
180.765887199993,196,0,18.9,0,0,0.024,-0.016,-1.032,0.1,-1.6,0
180.775887199993,197,0,18.8,0,0,0.032,-0.007,-0.936,-0.6,-1.1,0
180.785887199993,201,0,18.8,0,0,0.032,-0.007,-0.936,-0.6,-1.1,0
180.795887199993,199,0,18.8,0,0,0.032,-0.007,-0.936,-0.6,-1.1,0
180.805887199993,195,0,18.8,0,0,0.032,-0.007,-0.936,-0.6,-1.1,0
180.815887199993,197,0,18.8,0,0,0.032,-0.007,-0.936,-0.6,-1.1,0
180.825887199993,199,-0.01,18.8,0,0,0.025,-0.019,-1.055,-0.9,-0.1,0
180.835887199993,200,-0.01,18.8,0,0,0.025,-0.019,-1.055,-0.9,-0.1,0
180.845887199993,201,-0.01,18.8,0,0,0.025,-0.019,-1.055,-0.9,-0.1,0
180.855887199993,196,-0.01,18.8,0,0,0.025,-0.019,-1.055,-0.9,-0.1,0
180.865887199993,195,-0.01,18.8,0,0,0.025,-0.019,-1.055,-0.9,-0.1,0
180.875887199993,198,0.01,18.9,0,0,0.027,-0.015,-0.981,0.4,-1.9,0
180.885887199993,202,0.01,18.9,0,0,0.027,-0.015,-0.981,0.4,-1.9,0
180.895887199993,203,0.01,18.9,0,0,0.027,-0.015,-0.981,0.4,-1.9,0
180.905887199993,197,0.01,18.9,0,0,0.027,-0.015,-0.981,0.4,-1.9,0
180.915887199993,194,0.01,18.9,0,0,0.027,-0.015,-0.981,0.4,-1.9,0
180.925887199993,199,0,18.8,0,0,0.033,-0.013,-0.945,-0.4,-0.1,0
180.935887199993,202,0,18.8,0,0,0.033,-0.013,-0.945,-0.4,-0.1,0
180.945887199993,195,0,18.8,0,0,0.033,-0.013,-0.945,-0.4,-0.1,0
180.955887199993,193,0,18.8,0,0,0.033,-0.013,-0.945,-0.4,-0.1,0
180.965887199993,197,0,18.8,0,0,0.033,-0.013,-0.945,-0.4,-0.1,0
180.975887199993,200,0,18.9,0,0,0.025,-0.021,-1.027,-0.1,-0.6,0
180.985887199993,200,0,18.9,0,0,0.025,-0.021,-1.027,-0.1,-0.6,0
180.995887199993,195,0,18.9,0,0,0.025,-0.021,-1.027,-0.1,-0.6,0
181.005887199993,197,0,18.9,0,0,0.025,-0.021,-1.027,-0.1,-0.6,0
181.015887199993,201,0,18.9,0,0,0.025,-0.021,-1.027,-0.1,-0.6,0
181.025887199993,199,0.01,18.9,0,0,0.033,-0.013,-0.929,-0.1,-0.8,0.1
181.035887199993,197,0.01,18.9,0,0,0.033,-0.013,-0.929,-0.1,-0.8,0.1
181.045887199993,197,0.01,18.9,0,0,0.033,-0.013,-0.929,-0.1,-0.8,0.1
181.055887199993,196,0.01,18.9,0,0,0.033,-0.013,-0.929,-0.1,-0.8,0.1
181.065887199993,200,0.01,18.9,0,0,0.033,-0.013,-0.929,-0.1,-0.8,0.1
181.075887199993,202,-0.01,18.8,0,0,0.031,-0.022,-1.003,-1.1,0.7,0
181.085887199993,197,-0.01,18.8,0,0,0.031,-0.022,-1.003,-1.1,0.7,0
181.095887199993,195,-0.01,18.8,0,0,0.031,-0.022,-1.003,-1.1,0.7,0
181.105887199993,198,-0.01,18.8,0,0,0.031,-0.022,-1.003,-1.1,0.7,0
181.115887199993,200,-0.01,18.8,0,0,0.031,-0.022,-1.003,-1.1,0.7,0
181.125887199993,200,0,18.9,0,0,0.027,-0.011,-1.021,0.2,-1,0
181.135887199993,195,0,18.9,0,0,0.027,-0.011,-1.021,0.2,-1,0
181.145887199993,196,0,18.9,0,0,0.027,-0.011,-1.021,0.2,-1,0
181.155887199993,201,0,18.9,0,0,0.027,-0.011,-1.021,0.2,-1,0
181.165887199993,204,0,18.9,0,0,0.027,-0.011,-1.021,0.2,-1,0
181.175887199993,196,0,18.8,0,0,0.033,-0.004,-0.945,-0.7,0.1,0
181.185887199993,196,0,18.8,0,0,0.033,-0.004,-0.945,-0.7,0.1,0
181.195887199993,198,0,18.8,0,0,0.033,-0.004,-0.945,-0.7,0.1,0
181.205887199993,200,0,18.8,0,0,0.033,-0.004,-0.945,-0.7,0.1,0
181.215887199993,200,0,18.8,0,0,0.033,-0.004,-0.945,-0.7,0.1,0
181.225887199993,194,-0.01,18.9,0,0,0.035,-0.014,-1.078,-0.7,0.3,0
181.235887199993,196,-0.01,18.9,0,0,0.035,-0.014,-1.078,-0.7,0.3,0
181.245887199993,201,-0.01,18.9,0,0,0.035,-0.014,-1.078,-0.7,0.3,0
181.255887199993,198,-0.01,18.9,0,0,0.035,-0.014,-1.078,-0.7,0.3,0
181.265887199993,197,-0.01,18.9,0,0,0.035,-0.014,-1.078,-0.7,0.3,0
181.275887199993,199,0,18.9,0,0,0.031,-0.009,-0.99,0.8,0.1,0
181.285887199993,194,0,18.9,0,0,0.031,-0.009,-0.99,0.8,0.1,0
181.295887199993,200,0,18.9,0,0,0.031,-0.009,-0.99,0.8,0.1,0
181.305887199993,199,0,18.9,0,0,0.031,-0.009,-0.99,0.8,0.1,0
181.315887199993,196,0,18.9,0,0,0.031,-0.009,-0.99,0.8,0.1,0
181.325887199993,196,-0.01,18.9,0,0,0.028,-0.001,-0.962,1.4,-0.9,0
181.335887199993,199,-0.01,18.9,0,0,0.028,-0.001,-0.962,1.4,-0.9,0
181.345887199993,200,-0.01,18.9,0,0,0.028,-0.001,-0.962,1.4,-0.9,0
181.355887199993,198,-0.01,18.9,0,0,0.028,-0.001,-0.962,1.4,-0.9,0
181.365887199993,195,-0.01,18.9,0,0,0.028,-0.001,-0.962,1.4,-0.9,0
181.375887199993,195,0,18.8,0,0,0.033,-0.003,-0.927,0,0.1,0
181.385887199993,200,0,18.8,0,0,0.033,-0.003,-0.927,0,0.1,0
181.395887199993,202,0,18.8,0,0,0.033,-0.003,-0.927,0,0.1,0
181.405887199993,195,0,18.8,0,0,0.033,-0.003,-0.927,0,0.1,0
181.415887199993,194,0,18.8,0,0,0.033,-0.003,-0.927,0,0.1,0
181.425887199993,200,0,18.8,0,0,0.021,-0.013,-1.06,0.1,-0.3,0
181.435887199993,202,0,18.8,0,0,0.021,-0.013,-1.06,0.1,-0.3,0
181.445887199993,198,0,18.8,0,0,0.021,-0.013,-1.06,0.1,-0.3,0
181.455887199993,195,0,18.8,0,0,0.021,-0.013,-1.06,0.1,-0.3,0
181.465887199993,197,0,18.8,0,0,0.021,-0.013,-1.06,0.1,-0.3,0
181.475887199993,204,-0.01,18.8,0,0,0.027,-0.011,-0.957,0.4,-1.6,0
181.485887199993,198,-0.01,18.8,0,0,0.027,-0.011,-0.957,0.4,-1.6,0
181.495887199993,197,-0.01,18.8,0,0,0.027,-0.011,-0.957,0.4,-1.6,0
181.505887199993,197,-0.01,18.8,0,0,0.027,-0.011,-0.957,0.4,-1.6,0
181.515887199993,196,-0.01,18.8,0,0,0.027,-0.011,-0.957,0.4,-1.6,0
181.525887199993,201,0,18.8,0,0,0.028,-0.02,-1.008,-1,0.1,0
181.535887199993,200,0,18.8,0,0,0.028,-0.02,-1.008,-1,0.1,0
181.545887199993,197,0,18.8,0,0,0.028,-0.02,-1.008,-1,0.1,0
181.555887199993,196,0,18.8,0,0,0.028,-0.02,-1.008,-1,0.1,0
181.565887199993,199,0,18.8,0,0,0.028,-0.02,-1.008,-1,0.1,0
181.575887199993,200,-0.01,18.9,0,0,0.026,-0.017,-1.034,0.3,-1.6,0
181.585887199993,200,-0.01,18.9,0,0,0.026,-0.017,-1.034,0.3,-1.6,0
181.595887199993,194,-0.01,18.9,0,0,0.026,-0.017,-1.034,0.3,-1.6,0
181.605887199993,194,-0.01,18.9,0,0,0.026,-0.017,-1.034,0.3,-1.6,0
181.615887199993,200,-0.01,18.9,0,0,0.026,-0.017,-1.034,0.3,-1.6,0
181.625887199993,201,0,18.9,0,0,0.029,-0.011,-0.949,-0.2,-1,0
181.635887199993,196,0,18.9,0,0,0.029,-0.011,-0.949,-0.2,-1,0
181.645887199993,195,0,18.9,0,0,0.029,-0.011,-0.949,-0.2,-1,0
181.655887199993,198,0,18.9,0,0,0.029,-0.011,-0.949,-0.2,-1,0
181.665887199993,202,0,18.9,0,0,0.029,-0.011,-0.949,-0.2,-1,0
181.675887199993,199,0,18.9,0,0,0.025,-0.019,-1.039,-0.7,-0.3,0
181.685887199993,194,0,18.9,0,0,0.025,-0.019,-1.039,-0.7,-0.3,0
181.695887199993,197,0,18.9,0,0,0.025,-0.019,-1.039,-0.7,-0.3,0
181.705887199993,201,0,18.9,0,0,0.025,-0.019,-1.039,-0.7,-0.3,0
181.715887199993,198,0,18.9,0,0,0.025,-0.019,-1.039,-0.7,-0.3,0
181.725887199993,196,-0.01,18.8,0,0,0.03,-0.008,-0.959,0.4,-1.8,0
181.735887199993,198,-0.01,18.8,0,0,0.03,-0.008,-0.959,0.4,-1.8,0
181.745887199993,200,-0.01,18.8,0,0,0.03,-0.008,-0.959,0.4,-1.8,0
181.755887199993,199,-0.01,18.8,0,0,0.03,-0.008,-0.959,0.4,-1.8,0
181.765887199993,200,-0.01,18.8,0,0,0.03,-0.008,-0.959,0.4,-1.8,0
181.775887199993,197,0,18.8,0,0,0.031,-0.016,-0.943,-1.1,0.2,0
181.785887199993,195,0,18.8,0,0,0.031,-0.016,-0.943,-1.1,0.2,0
181.795887199993,199,0,18.8,0,0,0.031,-0.016,-0.943,-1.1,0.2,0
181.805887199993,203,0,18.8,0,0,0.031,-0.016,-0.943,-1.1,0.2,0
181.815887199993,204,0,18.8,0,0,0.031,-0.016,-0.943,-1.1,0.2,0
181.825887199993,196,0,18.8,0,0,0.026,-0.025,-1.035,-0.3,-0.6,0
181.835887199992,194,0,18.8,0,0,0.026,-0.025,-1.035,-0.3,-0.6,0
181.845887199993,199,0,18.8,0,0,0.026,-0.025,-1.035,-0.3,-0.6,0
181.855887199993,201,0,18.8,0,0,0.026,-0.025,-1.035,-0.3,-0.6,0
181.865887199992,196,0,18.8,0,0,0.026,-0.025,-1.035,-0.3,-0.6,0
181.875887199992,193,0,18.9,0,0,0.033,-0.017,-0.945,-0.4,-0.7,0
181.885887199992,197,0,18.9,0,0,0.033,-0.017,-0.945,-0.4,-0.7,0
181.895887199993,200,0,18.9,0,0,0.033,-0.017,-0.945,-0.4,-0.7,0
181.905887199992,199,0,18.9,0,0,0.033,-0.017,-0.945,-0.4,-0.7,0
181.915887199992,195,0,18.9,0,0,0.033,-0.017,-0.945,-0.4,-0.7,0
181.925887199992,197,0,18.9,0,0,0.028,-0.018,-1.006,-1,0.5,0
181.935887199992,201,0,18.9,0,0,0.028,-0.018,-1.006,-1,0.5,0
181.945887199992,199,0,18.9,0,0,0.028,-0.018,-1.006,-1,0.5,0
181.955887199992,197,0,18.9,0,0,0.028,-0.018,-1.006,-1,0.5,0
181.965887199992,197,0,18.9,0,0,0.028,-0.018,-1.006,-1,0.5,0
181.975887199992,197,-0.01,18.9,0,0,0.026,-0.008,-1.017,0.1,-0.9,0
181.985887199992,199,-0.01,18.9,0,0,0.026,-0.008,-1.017,0.1,-0.9,0
181.995887199992,201,-0.01,18.9,0,0,0.026,-0.008,-1.017,0.1,-0.9,0
182.005887199992,196,-0.01,18.9,0,0,0.026,-0.008,-1.017,0.1,-0.9,0
182.015887199992,194,-0.01,18.9,0,0,0.026,-0.008,-1.017,0.1,-0.9,0
182.025887199992,199,0.01,18.8,0,0,0.034,-0.005,-0.951,-0.9,0.3,0
182.035887199992,201,0.01,18.8,0,0,0.034,-0.005,-0.951,-0.9,0.3,0
182.045887199992,200,0.01,18.8,0,0,0.034,-0.005,-0.951,-0.9,0.3,0
182.055887199992,197,0.01,18.8,0,0,0.034,-0.005,-0.951,-0.9,0.3,0
182.065887199992,196,0.01,18.8,0,0,0.034,-0.005,-0.951,-0.9,0.3,0
182.075887199992,200,0,18.9,0,0,0.027,-0.017,-1.023,0.2,-1.2,0
182.085887199992,199,0,18.9,0,0,0.027,-0.017,-1.023,0.2,-1.2,0
182.095887199992,194,0,18.9,0,0,0.027,-0.017,-1.023,0.2,-1.2,0
182.105887199992,197,0,18.9,0,0,0.027,-0.017,-1.023,0.2,-1.2,0
182.115887199992,201,0,18.9,0,0,0.027,-0.017,-1.023,0.2,-1.2,0
182.125887199992,198,0.01,18.8,0,0,0.028,-0.022,-1.05,-0.6,0.3,0
182.135887199992,197,0.01,18.8,0,0,0.028,-0.022,-1.05,-0.6,0.3,0
182.145887199992,199,0.01,18.8,0,0,0.028,-0.022,-1.05,-0.6,0.3,0
182.155887199992,194,0.01,18.8,0,0,0.028,-0.022,-1.05,-0.6,0.3,0
182.165887199992,199,0.01,18.8,0,0,0.028,-0.022,-1.05,-0.6,0.3,0
182.175887199992,201,-0.01,18.9,0,0,0.022,-0.026,-1.105,0.7,-1.2,0
182.185887199992,197,-0.01,18.9,0,0,0.022,-0.026,-1.105,0.7,-1.2,0
182.195887199992,196,-0.01,18.9,0,0,0.022,-0.026,-1.105,0.7,-1.2,0
182.205887199992,199,-0.01,18.9,0,0,0.022,-0.026,-1.105,0.7,-1.2,0
182.215887199992,200,-0.01,18.9,0,0,0.022,-0.026,-1.105,0.7,-1.2,0
182.225887199992,198,0,18.9,0,0,0.032,-0.016,-0.997,0.9,-1.1,0
182.235887199992,195,0,18.9,0,0,0.032,-0.016,-0.997,0.9,-1.1,0
182.245887199992,196,0,18.9,0,0,0.032,-0.016,-0.997,0.9,-1.1,0
182.255887199992,200,0,18.9,0,0,0.032,-0.016,-0.997,0.9,-1.1,0
182.265887199992,201,0,18.9,0,0,0.032,-0.016,-0.997,0.9,-1.1,0
182.275887199992,195,0,18.8,0,0,0.026,-0.02,-1.096,0.5,-0.1,0
182.285887199992,195,0,18.8,0,0,0.026,-0.02,-1.096,0.5,-0.1,0
182.295887199992,199,0,18.8,0,0,0.026,-0.02,-1.096,0.5,-0.1,0
182.305887199992,201,0,18.8,0,0,0.026,-0.02,-1.096,0.5,-0.1,0
182.315887199992,199,0,18.8,0,0,0.026,-0.02,-1.096,0.5,-0.1,0
182.325887199992,196,-0.01,18.9,0,0,0.03,-0.005,-1.012,2.3,-2.1,0
182.335887199992,197,-0.01,18.9,0,0,0.03,-0.005,-1.012,2.3,-2.1,0
182.345887199992,203,-0.01,18.9,0,0,0.03,-0.005,-1.012,2.3,-2.1,0
182.355887199992,199,-0.01,18.9,0,0,0.03,-0.005,-1.012,2.3,-2.1,0
182.365887199992,197,-0.01,18.9,0,0,0.03,-0.005,-1.012,2.3,-2.1,0
182.375887199992,198,0.01,18.9,0,0,0.032,-0.006,-0.965,1,-0.1,0
182.385887199992,198,0.01,18.9,0,0,0.032,-0.006,-0.965,1,-0.1,0
182.395887199992,199,0.01,18.9,0,0,0.032,-0.006,-0.965,1,-0.1,0
182.405887199992,198,0.01,18.9,0,0,0.032,-0.006,-0.965,1,-0.1,0
182.415887199992,198,0.01,18.9,0,0,0.032,-0.006,-0.965,1,-0.1,0
182.425887199992,195,0,18.8,0,0,0.028,-0.014,-1.044,1.7,-0.7,0
182.435887199992,197,0,18.8,0,0,0.028,-0.014,-1.044,1.7,-0.7,0
182.445887199992,201,0,18.8,0,0,0.028,-0.014,-1.044,1.7,-0.7,0
182.455887199992,200,0,18.8,0,0,0.028,-0.014,-1.044,1.7,-0.7,0
182.465887199992,194,0,18.8,0,0,0.028,-0.014,-1.044,1.7,-0.7,0
182.475887199992,195,0,18.8,0,0,0.033,-0.006,-0.936,2,-1.1,0
182.485887199992,200,0,18.8,0,0,0.033,-0.006,-0.936,2,-1.1,0
182.495887199992,200,0,18.8,0,0,0.033,-0.006,-0.936,2,-1.1,0
182.505887199992,196,0,18.8,0,0,0.033,-0.006,-0.936,2,-1.1,0
182.515887199992,195,0,18.8,0,0,0.033,-0.006,-0.936,2,-1.1,0
182.525887199992,199,0,18.8,0,0,0.031,-0.014,-0.981,0.9,0.4,0
182.535887199992,203,0,18.8,0,0,0.031,-0.014,-0.981,0.9,0.4,0
182.545887199992,199,0,18.8,0,0,0.031,-0.014,-0.981,0.9,0.4,0
182.555887199992,194,0,18.8,0,0,0.031,-0.014,-0.981,0.9,0.4,0
182.565887199992,197,0,18.8,0,0,0.031,-0.014,-0.981,0.9,0.4,0
182.575887199992,201,-0.01,18.8,0,0,0.031,-0.004,-0.982,2,-1,0
182.585887199992,198,-0.01,18.8,0,0,0.031,-0.004,-0.982,2,-1,0
182.595887199992,198,-0.01,18.8,0,0,0.031,-0.004,-0.982,2,-1,0
182.605887199992,197,-0.01,18.8,0,0,0.031,-0.004,-0.982,2,-1,0
182.615887199992,196,-0.01,18.8,0,0,0.031,-0.004,-0.982,2,-1,0
182.625887199992,199,0.01,18.9,0,0,0.034,0.002,-0.895,0.5,-0.1,0
182.635887199992,199,0.01,18.9,0,0,0.034,0.002,-0.895,0.5,-0.1,0
182.645887199992,197,0.01,18.9,0,0,0.034,0.002,-0.895,0.5,-0.1,0
182.655887199992,197,0.01,18.9,0,0,0.034,0.002,-0.895,0.5,-0.1,0
182.665887199992,199,0.01,18.9,0,0,0.034,0.002,-0.895,0.5,-0.1,0
182.675887199992,203,0,18.8,0,0,0.026,-0.009,-1.021,0.4,0.2,0
182.685887199992,203,0,18.8,0,0,0.026,-0.009,-1.021,0.4,0.2,0
182.695887199992,195,0,18.8,0,0,0.026,-0.009,-1.021,0.4,0.2,0
182.705887199992,194,0,18.8,0,0,0.026,-0.009,-1.021,0.4,0.2,0
182.715887199992,199,0,18.8,0,0,0.026,-0.009,-1.021,0.4,0.2,0
184.3227741,207,0,18.9,0,0,0.03,-0.005,-0.967,0,-0.2,0
184.3327741,211,0,18.9,0,0,0.03,-0.005,-0.967,0,-0.2,0
184.3427741,214,0,18.9,0,0,0.03,-0.005,-0.967,0,-0.2,0
184.3527741,210,0,18.9,0,0,0.03,-0.005,-0.967,0,-0.2,0
184.3627741,208,0,18.9,0,0,0.03,-0.005,-0.967,0,-0.2,0
184.4072661,209,0,18.9,0,0,0.029,-0.016,-1.022,-0.4,0.3,0
184.4172661,210,0,18.9,0,0,0.029,-0.016,-1.022,-0.4,0.3,0
184.4272661,210,0,18.9,0,0,0.029,-0.016,-1.022,-0.4,0.3,0
184.4372661,212,0,18.9,0,0,0.029,-0.016,-1.022,-0.4,0.3,0
184.4472661,211,0,18.9,0,0,0.029,-0.016,-1.022,-0.4,0.3,0
184.4867146,207,0,18.9,0,0,0.026,-0.026,-1.049,0.3,-0.7,0
184.4967146,207,0,18.9,0,0,0.026,-0.026,-1.049,0.3,-0.7,0
184.5067146,211,0,18.9,0,0,0.026,-0.026,-1.049,0.3,-0.7,0
184.5167146,214,0,18.9,0,0,0.026,-0.026,-1.049,0.3,-0.7,0
184.5267146,208,0,18.9,0,0,0.026,-0.026,-1.049,0.3,-0.7,0
184.5504052,214,0,18.9,0,0,0.03,-0.006,-0.967,0,-0.7,0
184.5604052,208,0,18.9,0,0,0.03,-0.006,-0.967,0,-0.7,0
184.5704052,204,0,18.9,0,0,0.03,-0.006,-0.967,0,-0.7,0
184.5804052,208,0,18.9,0,0,0.03,-0.006,-0.967,0,-0.7,0
184.5904052,212,0,18.9,0,0,0.03,-0.006,-0.967,0,-0.7,0
184.6004052,210,0,18.8,0,0,0.026,-0.014,-1.011,-0.9,0,0
184.6104052,209,0,18.8,0,0,0.026,-0.014,-1.011,-0.9,0,0
184.6204052,209,0,18.8,0,0,0.026,-0.014,-1.011,-0.9,0,0
184.6304052,208,0,18.8,0,0,0.026,-0.014,-1.011,-0.9,0,0
184.6404052,207,0,18.8,0,0,0.026,-0.014,-1.011,-0.9,0,0
184.6504052,212,0,18.9,0,0,0.025,-0.024,-1.055,-0.2,-0.4,0
184.6604052,214,0,18.9,0,0,0.025,-0.024,-1.055,-0.2,-0.4,0
184.6704052,209,0,18.9,0,0,0.025,-0.024,-1.055,-0.2,-0.4,0
184.6804052,207,0,18.9,0,0,0.025,-0.024,-1.055,-0.2,-0.4,0
184.6904052,209,0,18.9,0,0,0.025,-0.024,-1.055,-0.2,-0.4,0
184.7072207,211,-0.01,18.9,0,0,0.028,-0.007,-0.985,0.7,-1.3,0
184.7172207,210,-0.01,18.9,0,0,0.028,-0.007,-0.985,0.7,-1.3,0
184.7272207,211,-0.01,18.9,0,0,0.028,-0.007,-0.985,0.7,-1.3,0
184.7372207,211,-0.01,18.9,0,0,0.028,-0.007,-0.985,0.7,-1.3,0
184.7472207,209,-0.01,18.9,0,0,0.028,-0.007,-0.985,0.7,-1.3,0
184.7572207,207,-0.01,18.8,0,0,0.032,0.002,-0.907,0.8,-0.8,0
184.7672207,211,-0.01,18.8,0,0,0.032,0.002,-0.907,0.8,-0.8,0
184.7772207,215,-0.01,18.8,0,0,0.032,0.002,-0.907,0.8,-0.8,0
184.7872207,208,-0.01,18.8,0,0,0.032,0.002,-0.907,0.8,-0.8,0
184.7972207,209,-0.01,18.8,0,0,0.032,0.002,-0.907,0.8,-0.8,0
184.8072207,210,0.01,18.8,0,0,0.031,-0.008,-0.964,0.4,0,0
184.8172207,208,0.01,18.8,0,0,0.031,-0.008,-0.964,0.4,0,0
184.8272207,211,0.01,18.8,0,0,0.031,-0.008,-0.964,0.4,0,0
184.8372207,211,0.01,18.8,0,0,0.031,-0.008,-0.964,0.4,0,0
184.8472207,213,0.01,18.8,0,0,0.031,-0.008,-0.964,0.4,0,0
184.8732953,208,0.01,18.9,0,0,0.029,-0.021,-1.046,0.6,-0.3,0
184.8832953,205,0.01,18.9,0,0,0.029,-0.021,-1.046,0.6,-0.3,0
184.8932953,208,0.01,18.9,0,0,0.029,-0.021,-1.046,0.6,-0.3,0
184.9032953,212,0.01,18.9,0,0,0.029,-0.021,-1.046,0.6,-0.3,0
184.9132953,211,0.01,18.9,0,0,0.029,-0.021,-1.046,0.6,-0.3,0
184.9232953,210,0,18.8,0,0,0.026,-0.024,-1.06,1.2,-1.3,0
184.9332953,208,0,18.8,0,0,0.026,-0.024,-1.06,1.2,-1.3,0
184.9432953,207,0,18.8,0,0,0.026,-0.024,-1.06,1.2,-1.3,0
184.9532953,207,0,18.8,0,0,0.026,-0.024,-1.06,1.2,-1.3,0
184.9632953,211,0,18.8,0,0,0.026,-0.024,-1.06,1.2,-1.3,0
184.9732953,214,-0.01,18.9,0,0,0.029,-0.012,-0.997,0.9,-1.4,0
184.9832953,210,-0.01,18.9,0,0,0.029,-0.012,-0.997,0.9,-1.4,0
184.9932953,207,-0.01,18.9,0,0,0.029,-0.012,-0.997,0.9,-1.4,0
185.0032953,208,-0.01,18.9,0,0,0.029,-0.012,-0.997,0.9,-1.4,0
185.0132953,210,-0.01,18.9,0,0,0.029,-0.012,-0.997,0.9,-1.4,0
185.0232953,211,0.01,18.9,0,0,0.031,-0.004,-0.962,-0.4,0.2,0
185.0332953,213,0.01,18.9,0,0,0.031,-0.004,-0.962,-0.4,0.2,0
185.0432953,211,0.01,18.9,0,0,0.031,-0.004,-0.962,-0.4,0.2,0
185.0532953,209,0.01,18.9,0,0,0.031,-0.004,-0.962,-0.4,0.2,0
185.0632953,207,0.01,18.9,0,0,0.031,-0.004,-0.962,-0.4,0.2,0
185.0856801,210,0,18.8,0,0,0.028,-0.02,-1.041,-0.3,0.3,0
185.0956801,216,0,18.8,0,0,0.028,-0.02,-1.041,-0.3,0.3,0
185.1056801,209,0,18.8,0,0,0.028,-0.02,-1.041,-0.3,0.3,0
185.1156801,208,0,18.8,0,0,0.028,-0.02,-1.041,-0.3,0.3,0
185.1256801,210,0,18.8,0,0,0.028,-0.02,-1.041,-0.3,0.3,0
185.1650259,204,-0.01,18.9,0,0,0.03,-0.01,-0.985,0.6,-1.2,0
185.1750259,209,-0.01,18.9,0,0,0.03,-0.01,-0.985,0.6,-1.2,0
185.1850259,213,-0.01,18.9,0,0,0.03,-0.01,-0.985,0.6,-1.2,0
185.1950259,211,-0.01,18.9,0,0,0.03,-0.01,-0.985,0.6,-1.2,0
185.2050259,210,-0.01,18.9,0,0,0.03,-0.01,-0.985,0.6,-1.2,0
185.2150259,208,0,18.9,0,0,0.031,-0.001,-0.948,0,-0.7,0
185.2250259,206,0,18.9,0,0,0.031,-0.001,-0.948,0,-0.7,0
185.2350259,207,0,18.9,0,0,0.031,-0.001,-0.948,0,-0.7,0
185.2450259,213,0,18.9,0,0,0.031,-0.001,-0.948,0,-0.7,0
185.2550259,214,0,18.9,0,0,0.031,-0.001,-0.948,0,-0.7,0
185.2650259,208,0,18.9,0,0,0.029,-0.016,-1.022,-1.2,0.2,0
185.2750259,207,0,18.9,0,0,0.029,-0.016,-1.022,-1.2,0.2,0
185.2850259,209,0,18.9,0,0,0.029,-0.016,-1.022,-1.2,0.2,0
185.2950259,210,0,18.9,0,0,0.029,-0.016,-1.022,-1.2,0.2,0
185.3050259,211,0,18.9,0,0,0.029,-0.016,-1.022,-1.2,0.2,0
185.3150259,213,-0.01,18.9,0,0,0.024,-0.028,-1.074,-0.1,-0.7,0
185.3250259,211,-0.01,18.9,0,0,0.024,-0.028,-1.074,-0.1,-0.7,0
185.3350259,207,-0.01,18.9,0,0,0.024,-0.028,-1.074,-0.1,-0.7,0
185.3450259,207,-0.01,18.9,0,0,0.024,-0.028,-1.074,-0.1,-0.7,0
185.3550259,212,-0.01,18.9,0,0,0.024,-0.028,-1.074,-0.1,-0.7,0
185.3650259,216,-0.01,18.9,0,0,0.026,-0.008,-0.984,0.7,-1.5,0
185.3750259,207,-0.01,18.9,0,0,0.026,-0.008,-0.984,0.7,-1.5,0
185.3850259,208,-0.01,18.9,0,0,0.026,-0.008,-0.984,0.7,-1.5,0
185.3950259,209,-0.01,18.9,0,0,0.026,-0.008,-0.984,0.7,-1.5,0
185.4050259,209,-0.01,18.9,0,0,0.026,-0.008,-0.984,0.7,-1.5,0
187.3255564,222,0,18.8,0,0,0.032,-0.009,-0.962,0.2,-0.4,0
187.3355564,221,0,18.8,0,0,0.032,-0.009,-0.962,0.2,-0.4,0
187.3455564,223,0,18.8,0,0,0.032,-0.009,-0.962,0.2,-0.4,0
187.3555564,220,0,18.8,0,0,0.032,-0.009,-0.962,0.2,-0.4,0
187.3655564,220,0,18.8,0,0,0.032,-0.009,-0.962,0.2,-0.4,0
187.3755564,218,0.01,18.8,0,0,0.028,-0.011,-0.996,-0.4,-0.3,0
187.3855564,217,0.01,18.8,0,0,0.028,-0.011,-0.996,-0.4,-0.3,0
187.3955564,221,0.01,18.8,0,0,0.028,-0.011,-0.996,-0.4,-0.3,0
187.4055564,220,0.01,18.8,0,0,0.028,-0.011,-0.996,-0.4,-0.3,0
187.4155564,221,0.01,18.8,0,0,0.028,-0.011,-0.996,-0.4,-0.3,0
187.4255564,225,0,18.9,0,0,0.03,-0.012,-0.974,0.3,-0.1,0
187.4355564,224,0,18.9,0,0,0.03,-0.012,-0.974,0.3,-0.1,0
187.4455564,219,0,18.9,0,0,0.03,-0.012,-0.974,0.3,-0.1,0
187.4555564,221,0,18.9,0,0,0.03,-0.012,-0.974,0.3,-0.1,0
187.4655564,219,0,18.9,0,0,0.03,-0.012,-0.974,0.3,-0.1,0
187.4975902,219,0,18.8,0,0,0.026,-0.023,-1.051,0.1,-0.3,0
187.5075902,219,0,18.8,0,0,0.026,-0.023,-1.051,0.1,-0.3,0
187.5175902,222,0,18.8,0,0,0.026,-0.023,-1.051,0.1,-0.3,0
187.5275902,226,0,18.8,0,0,0.026,-0.023,-1.051,0.1,-0.3,0
187.5375902,222,0,18.8,0,0,0.026,-0.023,-1.051,0.1,-0.3,0
187.5475902,221,0,18.9,0,0,0.025,-0.016,-1.038,0.1,-0.3,0
187.5575902,222,0,18.9,0,0,0.025,-0.016,-1.038,0.1,-0.3,0
187.5675902,219,0,18.9,0,0,0.025,-0.016,-1.038,0.1,-0.3,0
187.5775902,218,0,18.9,0,0,0.025,-0.016,-1.038,0.1,-0.3,0
187.5875902,222,0,18.9,0,0,0.025,-0.016,-1.038,0.1,-0.3,0
187.5975902,225,-0.01,18.8,0,0,0.029,-0.019,-1.022,0.1,-0.6,0
187.6075902,222,-0.01,18.8,0,0,0.029,-0.019,-1.022,0.1,-0.6,0
187.6175902,222,-0.01,18.8,0,0,0.029,-0.019,-1.022,0.1,-0.6,0
187.6275902,226,-0.01,18.8,0,0,0.029,-0.019,-1.022,0.1,-0.6,0
187.6375902,219,-0.01,18.8,0,0,0.029,-0.019,-1.022,0.1,-0.6,0
187.6475902,219,0,18.8,0,0,0.026,-0.016,-1.029,0,-0.9,0
187.6575902,221,0,18.8,0,0,0.026,-0.016,-1.029,0,-0.9,0
187.6675902,222,0,18.8,0,0,0.026,-0.016,-1.029,0,-0.9,0
187.6775902,224,0,18.8,0,0,0.026,-0.016,-1.029,0,-0.9,0
187.6875902,222,0,18.8,0,0,0.026,-0.016,-1.029,0,-0.9,0
187.6975902,225,-0.01,18.8,0,0,0.028,-0.007,-0.991,0.6,-0.7,0
187.7075902,218,-0.01,18.8,0,0,0.028,-0.007,-0.991,0.6,-0.7,0
187.7175902,220,-0.01,18.8,0,0,0.028,-0.007,-0.991,0.6,-0.7,0
187.7275902,221,-0.01,18.8,0,0,0.028,-0.007,-0.991,0.6,-0.7,0
187.7375902,218,-0.01,18.8,0,0,0.028,-0.007,-0.991,0.6,-0.7,0
187.7475902,220,-0.01,18.9,0,0,0.029,-0.012,-0.999,1,-1,0.1
187.7575902,223,-0.01,18.9,0,0,0.029,-0.012,-0.999,1,-1,0.1
187.7675902,224,-0.01,18.9,0,0,0.029,-0.012,-0.999,1,-1,0.1
187.7775902,220,-0.01,18.9,0,0,0.029,-0.012,-0.999,1,-1,0.1
187.7875902,221,-0.01,18.9,0,0,0.029,-0.012,-0.999,1,-1,0.1
187.7975902,221,0,18.8,0,0,0.028,-0.012,-1.008,0.4,-0.9,0
187.8075902,219,0,18.8,0,0,0.028,-0.012,-1.008,0.4,-0.9,0
187.8175902,220,0,18.8,0,0,0.028,-0.012,-1.008,0.4,-0.9,0
187.8275902,222,0,18.8,0,0,0.028,-0.012,-1.008,0.4,-0.9,0
187.8375902,224,0,18.8,0,0,0.028,-0.012,-1.008,0.4,-0.9,0
188.0827834,222,0,18.9,0,0,0.031,-0.004,-0.955,0.4,-0.6,0
188.0927834,221,0,18.9,0,0,0.031,-0.004,-0.955,0.4,-0.6,0
188.1027834,222,0,18.9,0,0,0.031,-0.004,-0.955,0.4,-0.6,0
188.1127834,220,0,18.9,0,0,0.031,-0.004,-0.955,0.4,-0.6,0
188.1227834,220,0,18.9,0,0,0.031,-0.004,-0.955,0.4,-0.6,0
188.1327834,221,0,18.9,0,0,0.03,-0.008,-0.98,0,-0.7,0
188.1427834,221,0,18.9,0,0,0.03,-0.008,-0.98,0,-0.7,0
188.1527834,221,0,18.9,0,0,0.03,-0.008,-0.98,0,-0.7,0
188.1627834,227,0,18.9,0,0,0.03,-0.008,-0.98,0,-0.7,0
188.1727834,227,0,18.9,0,0,0.03,-0.008,-0.98,0,-0.7,0
188.1827834,217,0,18.9,0,0,0.029,-0.011,-0.985,-0.3,-0.3,0
188.1927834,217,0,18.9,0,0,0.029,-0.011,-0.985,-0.3,-0.3,0
188.2027834,222,0,18.9,0,0,0.029,-0.011,-0.985,-0.3,-0.3,0
188.2127834,221,0,18.9,0,0,0.029,-0.011,-0.985,-0.3,-0.3,0
188.2227834,221,0,18.9,0,0,0.029,-0.011,-0.985,-0.3,-0.3,0
188.2327834,224,0,18.9,0,0,0.03,-0.014,-0.976,0.7,-0.4,0
188.2427834,224,0,18.9,0,0,0.03,-0.014,-0.976,0.7,-0.4,0
188.2527834,219,0,18.9,0,0,0.03,-0.014,-0.976,0.7,-0.4,0
188.2627834,221,0,18.9,0,0,0.03,-0.014,-0.976,0.7,-0.4,0
188.2727834,219,0,18.9,0,0,0.03,-0.014,-0.976,0.7,-0.4,0
188.2827834,220,-0.01,18.9,0,0,0.026,-0.017,-1.029,-0.1,-0.7,0
188.2927834,221,-0.01,18.9,0,0,0.026,-0.017,-1.029,-0.1,-0.7,0
188.3027834,219,-0.01,18.9,0,0,0.026,-0.017,-1.029,-0.1,-0.7,0
188.3127834,224,-0.01,18.9,0,0,0.026,-0.017,-1.029,-0.1,-0.7,0
188.3227834,224,-0.01,18.9,0,0,0.026,-0.017,-1.029,-0.1,-0.7,0
188.3327834,225,-0.02,18.8,0,0,0.03,-0.011,-0.996,0.7,-0.7,0
188.3427834,218,-0.02,18.8,0,0,0.03,-0.011,-0.996,0.7,-0.7,0
188.3527834,216,-0.02,18.8,0,0,0.03,-0.011,-0.996,0.7,-0.7,0
188.3627834,221,-0.02,18.8,0,0,0.03,-0.011,-0.996,0.7,-0.7,0
188.3727834,222,-0.02,18.8,0,0,0.03,-0.011,-0.996,0.7,-0.7,0
188.3827834,221,-0.01,18.9,0,0,0.027,-0.014,-1.021,0.9,-0.9,0
188.3927834,224,-0.01,18.9,0,0,0.027,-0.014,-1.021,0.9,-0.9,0
188.4027834,224,-0.01,18.9,0,0,0.027,-0.014,-1.021,0.9,-0.9,0
188.4127834,220,-0.01,18.9,0,0,0.027,-0.014,-1.021,0.9,-0.9,0
188.4227834,221,-0.01,18.9,0,0,0.027,-0.014,-1.021,0.9,-0.9,0
188.4327834,221,0,18.8,0,0,0.028,-0.012,-1.014,0.4,-0.8,0
188.4427834,219,0,18.8,0,0,0.028,-0.012,-1.014,0.4,-0.8,0
188.4527834,220,0,18.8,0,0,0.028,-0.012,-1.014,0.4,-0.8,0
188.4627834,222,0,18.8,0,0,0.028,-0.012,-1.014,0.4,-0.8,0
188.4727834,225,0,18.8,0,0,0.028,-0.012,-1.014,0.4,-0.8,0
188.4827834,223,0,18.8,0,0,0.032,-0.01,-0.973,0.6,-1,0
188.4927834,220,0,18.8,0,0,0.032,-0.01,-0.973,0.6,-1,0
188.5027834,222,0,18.8,0,0,0.032,-0.01,-0.973,0.6,-1,0
188.5127834,221,0,18.8,0,0,0.032,-0.01,-0.973,0.6,-1,0
188.5227834,218,0,18.8,0,0,0.032,-0.01,-0.973,0.6,-1,0
188.5327834,221,0.01,18.9,0,0,0.029,-0.008,-0.986,0,-1,0
188.5427834,224,0.01,18.9,0,0,0.029,-0.008,-0.986,0,-1,0
188.5527834,221,0.01,18.9,0,0,0.029,-0.008,-0.986,0,-1,0
188.5627834,223,0.01,18.9,0,0,0.029,-0.008,-0.986,0,-1,0
188.5727834,228,0.01,18.9,0,0,0.029,-0.008,-0.986,0,-1,0
188.5827834,219,0,18.8,0,0,0.03,-0.004,-0.958,0.1,-0.3,0
188.5927834,217,0,18.8,0,0,0.03,-0.004,-0.958,0.1,-0.3,0
188.6027834,220,0,18.8,0,0,0.03,-0.004,-0.958,0.1,-0.3,0
188.6127834,220,0,18.8,0,0,0.03,-0.004,-0.958,0.1,-0.3,0
188.6227834,222,0,18.8,0,0,0.03,-0.004,-0.958,0.1,-0.3,0
188.6327834,225,0,18.9,0,0,0.03,-0.01,-0.979,0.8,-0.4,0
188.6427834,223,0,18.9,0,0,0.03,-0.01,-0.979,0.8,-0.4,0
188.6527834,220,0,18.9,0,0,0.03,-0.01,-0.979,0.8,-0.4,0
188.6627834,221,0,18.9,0,0,0.03,-0.01,-0.979,0.8,-0.4,0
188.6727834,219,0,18.9,0,0,0.03,-0.01,-0.979,0.8,-0.4,0
188.6827834,218,0,18.8,0,0,0.029,-0.019,-1.007,-0.2,0,0
188.6927834,219,0,18.8,0,0,0.029,-0.019,-1.007,-0.2,0,0
188.7027834,223,0,18.8,0,0,0.029,-0.019,-1.007,-0.2,0,0
188.7127834,226,0,18.8,0,0,0.029,-0.019,-1.007,-0.2,0,0
188.7227834,221,0,18.8,0,0,0.029,-0.019,-1.007,-0.2,0,0
188.7327834,221,0,18.8,0,0,0.03,-0.017,-0.991,0.1,0,0
188.7427834,221,0,18.8,0,0,0.03,-0.017,-0.991,0.1,0,0
188.7527834,219,0,18.8,0,0,0.03,-0.017,-0.991,0.1,0,0
188.7627834,219,0,18.8,0,0,0.03,-0.017,-0.991,0.1,0,0
188.7727834,222,0,18.8,0,0,0.03,-0.017,-0.991,0.1,0,0
188.7827834,225,-0.02,18.8,0,0,0.029,-0.021,-1.037,-0.4,-0.3,0
188.7927834,222,-0.02,18.8,0,0,0.029,-0.021,-1.037,-0.4,-0.3,0
188.8027834,221,-0.02,18.8,0,0,0.029,-0.021,-1.037,-0.4,-0.3,0
188.8127834,226,-0.02,18.8,0,0,0.029,-0.021,-1.037,-0.4,-0.3,0
188.8227834,219,-0.02,18.8,0,0,0.029,-0.021,-1.037,-0.4,-0.3,0
188.8327834,219,-0.01,18.9,0,0,0.027,-0.012,-1.004,0.1,-0.3,0
188.8427834,221,-0.01,18.9,0,0,0.027,-0.012,-1.004,0.1,-0.3,0
188.8527834,222,-0.01,18.9,0,0,0.027,-0.012,-1.004,0.1,-0.3,0
188.8627834,224,-0.01,18.9,0,0,0.027,-0.012,-1.004,0.1,-0.3,0
188.8727834,222,-0.01,18.9,0,0,0.027,-0.012,-1.004,0.1,-0.3,0
188.8827834,221,-0.01,18.8,0,0,0.026,-0.019,-1.045,0.5,-0.9,0
188.8927834,224,-0.01,18.8,0,0,0.026,-0.019,-1.045,0.5,-0.9,0
188.9027834,224,-0.01,18.8,0,0,0.026,-0.019,-1.045,0.5,-0.9,0
188.9127834,221,-0.01,18.8,0,0,0.026,-0.019,-1.045,0.5,-0.9,0
188.9227834,221,-0.01,18.8,0,0,0.026,-0.019,-1.045,0.5,-0.9,0
188.9327834,220,0,18.8,0,0,0.027,-0.009,-1.01,0.5,-0.8,0
188.9427834,219,0,18.8,0,0,0.027,-0.009,-1.01,0.5,-0.8,0
188.9527834,220,0,18.8,0,0,0.027,-0.009,-1.01,0.5,-0.8,0
188.9627834,223,0,18.8,0,0,0.027,-0.009,-1.01,0.5,-0.8,0
188.9727834,224,0,18.8,0,0,0.027,-0.009,-1.01,0.5,-0.8,0
188.9827834,222,0.01,18.9,0,0,0.03,-0.013,-0.994,0.4,-1.2,0
188.9927834,221,0.01,18.9,0,0,0.03,-0.013,-0.994,0.4,-1.2,0
189.0027834,221,0.01,18.9,0,0,0.03,-0.013,-0.994,0.4,-1.2,0
189.0127834,220,0.01,18.9,0,0,0.03,-0.013,-0.994,0.4,-1.2,0
189.0227834,221,0.01,18.9,0,0,0.03,-0.013,-0.994,0.4,-1.2,0
191.1860131,230,0,18.9,0,0,0.03,-0.005,-0.98,0.6,-0.7,0
191.1960131,231,0,18.9,0,0,0.03,-0.005,-0.98,0.6,-0.7,0
191.2060131,237,0,18.9,0,0,0.03,-0.005,-0.98,0.6,-0.7,0
191.2160131,231,0,18.9,0,0,0.03,-0.005,-0.98,0.6,-0.7,0
191.2260131,229,0,18.9,0,0,0.03,-0.005,-0.98,0.6,-0.7,0
191.2360131,232,-0.01,18.9,0,0,0.026,-0.015,-1.013,0.5,-0.8,0
191.2460131,233,-0.01,18.9,0,0,0.026,-0.015,-1.013,0.5,-0.8,0
191.2560131,232,-0.01,18.9,0,0,0.026,-0.015,-1.013,0.5,-0.8,0
191.2660131,233,-0.01,18.9,0,0,0.026,-0.015,-1.013,0.5,-0.8,0
191.2760131,233,-0.01,18.9,0,0,0.026,-0.015,-1.013,0.5,-0.8,0
191.2860131,233,-0.01,18.8,0,0,0.027,-0.011,-1.004,0.4,-0.9,0
191.2960131,236,-0.01,18.8,0,0,0.027,-0.011,-1.004,0.4,-0.9,0
191.3060131,234,-0.01,18.8,0,0,0.027,-0.011,-1.004,0.4,-0.9,0
191.3160131,232,-0.01,18.8,0,0,0.027,-0.011,-1.004,0.4,-0.9,0
191.3260131,234,-0.01,18.8,0,0,0.027,-0.011,-1.004,0.4,-0.9,0
191.3360131,234,-0.02,18.9,0,0,0.025,-0.01,-1.016,0.2,-1,0
191.3460131,230,-0.02,18.9,0,0,0.025,-0.01,-1.016,0.2,-1,0
191.3560131,230,-0.02,18.9,0,0,0.025,-0.01,-1.016,0.2,-1,0
191.3660131,234,-0.02,18.9,0,0,0.025,-0.01,-1.016,0.2,-1,0
191.3760131,234,-0.02,18.9,0,0,0.025,-0.01,-1.016,0.2,-1,0
191.3860131,233,-0.02,18.9,0,0,0.027,-0.018,-1.049,0.3,-0.9,0
191.3960131,235,-0.02,18.9,0,0,0.027,-0.018,-1.049,0.3,-0.9,0
191.4060131,237,-0.02,18.9,0,0,0.027,-0.018,-1.049,0.3,-0.9,0
191.4160131,231,-0.02,18.9,0,0,0.027,-0.018,-1.049,0.3,-0.9,0
191.4260131,233,-0.02,18.9,0,0,0.027,-0.018,-1.049,0.3,-0.9,0
191.4360131,239,-0.01,18.9,0,0,0.028,-0.015,-0.995,-0.1,-0.3,0
191.4460131,229,-0.01,18.9,0,0,0.028,-0.015,-0.995,-0.1,-0.3,0
191.4560131,230,-0.01,18.9,0,0,0.028,-0.015,-0.995,-0.1,-0.3,0
191.4660131,233,-0.01,18.9,0,0,0.028,-0.015,-0.995,-0.1,-0.3,0
191.4760131,231,-0.01,18.9,0,0,0.028,-0.015,-0.995,-0.1,-0.3,0
191.4860131,232,0,18.9,0,0,0.028,-0.017,-1.024,0,-0.7,0
191.4960131,233,0,18.9,0,0,0.028,-0.017,-1.024,0,-0.7,0
191.5060131,233,0,18.9,0,0,0.028,-0.017,-1.024,0,-0.7,0
191.5160131,232,0,18.9,0,0,0.028,-0.017,-1.024,0,-0.7,0
191.5260131,236,0,18.9,0,0,0.028,-0.017,-1.024,0,-0.7,0
191.6622283,235,-0.01,18.8,0,0,0.027,-0.02,-1.027,0.3,-0.4,0
191.6722283,231,-0.01,18.8,0,0,0.027,-0.02,-1.027,0.3,-0.4,0
191.6822283,233,-0.01,18.8,0,0,0.027,-0.02,-1.027,0.3,-0.4,0
191.6922283,233,-0.01,18.8,0,0,0.027,-0.02,-1.027,0.3,-0.4,0
191.7022283,227,-0.01,18.8,0,0,0.027,-0.02,-1.027,0.3,-0.4,0
191.7122283,227,-0.01,18.9,0,0,0.027,-0.014,-1.01,-0.1,0,0
191.7222283,234,-0.01,18.9,0,0,0.027,-0.014,-1.01,-0.1,0,0
191.7322283,234,-0.01,18.9,0,0,0.027,-0.014,-1.01,-0.1,0,0
191.7422283,232,-0.01,18.9,0,0,0.027,-0.014,-1.01,-0.1,0,0
191.7522283,234,-0.01,18.9,0,0,0.027,-0.014,-1.01,-0.1,0,0
191.7622283,237,0,18.9,0,0,0.03,-0.024,-1.016,-0.5,-0.2,0
191.7722283,233,0,18.9,0,0,0.03,-0.024,-1.016,-0.5,-0.2,0
191.7822283,231,0,18.9,0,0,0.03,-0.024,-1.016,-0.5,-0.2,0
191.7922283,238,0,18.9,0,0,0.03,-0.024,-1.016,-0.5,-0.2,0
191.8022283,233,0,18.9,0,0,0.03,-0.024,-1.016,-0.5,-0.2,0
194.2340201,244,0,18.9,0,0,0.03,-0.012,-0.983,2,-1.3,0
194.2440201,244,0,18.9,0,0,0.03,-0.012,-0.983,2,-1.3,0
194.2540201,246,0,18.9,0,0,0.03,-0.012,-0.983,2,-1.3,0
194.2640201,247,0,18.9,0,0,0.03,-0.012,-0.983,2,-1.3,0
194.2740201,248,0,18.9,0,0,0.03,-0.012,-0.983,2,-1.3,0
196.4425476,252,-0.01,18.8,0,0,0.044,0,-0.775,0.8,0.1,0
196.4525476,256,-0.01,18.8,0,0,0.044,0,-0.775,0.8,0.1,0
196.4625476,259,-0.01,18.8,0,0,0.044,0,-0.775,0.8,0.1,0
196.4725476,255,-0.01,18.8,0,0,0.044,0,-0.775,0.8,0.1,0
196.4825476,256,-0.01,18.8,0,0,0.044,0,-0.775,0.8,0.1,0
196.4925476,255,0,18.9,0,0,0.025,-0.014,-1.07,1.8,-2.2,0
196.5025476,255,0,18.9,0,0,0.025,-0.014,-1.07,1.8,-2.2,0
196.5125476,252,0,18.9,0,0,0.025,-0.014,-1.07,1.8,-2.2,0
196.5225476,250,0,18.9,0,0,0.025,-0.014,-1.07,1.8,-2.2,0
196.5325476,255,0,18.9,0,0,0.025,-0.014,-1.07,1.8,-2.2,0
196.5522254,258,0,18.8,0,0,0.022,-0.024,-1.103,-1.6,0.6,0
196.5622254,253,0,18.8,0,0,0.022,-0.024,-1.103,-1.6,0.6,0
196.5722254,251,0,18.8,0,0,0.022,-0.024,-1.103,-1.6,0.6,0
196.5822254,252,0,18.8,0,0,0.022,-0.024,-1.103,-1.6,0.6,0
196.5922254,247,0,18.8,0,0,0.022,-0.024,-1.103,-1.6,0.6,0
196.632871,252,0,18.8,0,0,0.018,-0.02,-1.155,2,-2.8,0
196.642871,249,0,18.8,0,0,0.018,-0.02,-1.155,2,-2.8,0
196.652871,249,0,18.8,0,0,0.018,-0.02,-1.155,2,-2.8,0
196.662871,255,0,18.8,0,0,0.018,-0.02,-1.155,2,-2.8,0
196.672871,256,0,18.8,0,0,0.018,-0.02,-1.155,2,-2.8,0
196.7145789,255,0,18.8,0,0,0.029,-0.019,-1.008,-2.8,1.7,0
196.7245789,259,0,18.8,0,0,0.029,-0.019,-1.008,-2.8,1.7,0
196.7345789,256,0,18.8,0,0,0.029,-0.019,-1.008,-2.8,1.7,0
196.7445789,255,0,18.8,0,0,0.029,-0.019,-1.008,-2.8,1.7,0
196.7545789,256,0,18.8,0,0,0.029,-0.019,-1.008,-2.8,1.7,0
196.7645789,251,0,18.9,0,0,0.018,-0.022,-1.153,0,-1.2,0
196.7745789,254,0,18.9,0,0,0.018,-0.022,-1.153,0,-1.2,0
196.7845789,253,0,18.9,0,0,0.018,-0.022,-1.153,0,-1.2,0
196.7945789,245,0,18.9,0,0,0.018,-0.022,-1.153,0,-1.2,0
196.8045789,247,0,18.9,0,0,0.018,-0.022,-1.153,0,-1.2,0
196.863828,250,0,18.9,0,0,0.029,-0.02,-0.976,-2.2,1.6,0
196.873828,247,0,18.9,0,0,0.029,-0.02,-0.976,-2.2,1.6,0
196.883828,245,0,18.9,0,0,0.029,-0.02,-0.976,-2.2,1.6,0
196.893828,246,0,18.9,0,0,0.029,-0.02,-0.976,-2.2,1.6,0
196.903828,247,0,18.9,0,0,0.029,-0.02,-0.976,-2.2,1.6,0
196.913828,259,0.02,18.8,0,0,0.014,-0.03,-1.207,-0.9,-0.1,0.1
196.923828,255,0.02,18.8,0,0,0.014,-0.03,-1.207,-0.9,-0.1,0.1
196.933828,256,0.02,18.8,0,0,0.014,-0.03,-1.207,-0.9,-0.1,0.1
196.943828,255,0.02,18.8,0,0,0.014,-0.03,-1.207,-0.9,-0.1,0.1
196.953828,254,0.02,18.8,0,0,0.014,-0.03,-1.207,-0.9,-0.1,0.1
197.0085922,257,0,18.9,0,0,0.038,-0.008,-0.856,-0.9,0.5,0
197.0185922,255,0,18.9,0,0,0.038,-0.008,-0.856,-0.9,0.5,0
197.0285922,252,0,18.9,0,0,0.038,-0.008,-0.856,-0.9,0.5,0
197.0385922,253,0,18.9,0,0,0.038,-0.008,-0.856,-0.9,0.5,0
197.0485922,249,0,18.9,0,0,0.038,-0.008,-0.856,-0.9,0.5,0
197.0895005,246,0.02,18.8,0,0,0.019,-0.025,-1.152,-1.8,0.1,0
197.0995005,249,0.02,18.8,0,0,0.019,-0.025,-1.152,-1.8,0.1,0
197.1095005,245,0.02,18.8,0,0,0.019,-0.025,-1.152,-1.8,0.1,0
197.1195005,248,0.02,18.8,0,0,0.019,-0.025,-1.152,-1.8,0.1,0
197.1295005,254,0.02,18.8,0,0,0.019,-0.025,-1.152,-1.8,0.1,0
197.1522323,250,-0.01,18.9,0,0,0.042,-0.003,-0.78,-0.1,0.7,0
197.1622323,256,-0.01,18.9,0,0,0.042,-0.003,-0.78,-0.1,0.7,0
197.1722323,262,-0.01,18.9,0,0,0.042,-0.003,-0.78,-0.1,0.7,0
197.1822323,251,-0.01,18.9,0,0,0.042,-0.003,-0.78,-0.1,0.7,0
197.1922323,254,-0.01,18.9,0,0,0.042,-0.003,-0.78,-0.1,0.7,0
197.259607,251,0.01,18.8,0,0,0.025,-0.019,-1.053,-1.8,1,0.1
197.269607,254,0.01,18.8,0,0,0.025,-0.019,-1.053,-1.8,1,0.1
197.279607,253,0.01,18.8,0,0,0.025,-0.019,-1.053,-1.8,1,0.1
197.289607,254,0.01,18.8,0,0,0.025,-0.019,-1.053,-1.8,1,0.1
197.299607,254,0.01,18.8,0,0,0.025,-0.019,-1.053,-1.8,1,0.1
197.3106523,251,-0.01,18.9,0,0,0.041,0,-0.803,0.8,-0.6,0
197.3206523,250,-0.01,18.9,0,0,0.041,0,-0.803,0.8,-0.6,0
197.3306523,249,-0.01,18.9,0,0,0.041,0,-0.803,0.8,-0.6,0
197.3406523,245,-0.01,18.9,0,0,0.041,0,-0.803,0.8,-0.6,0
197.3506523,250,-0.01,18.9,0,0,0.041,0,-0.803,0.8,-0.6,0
197.4537589,255,-0.01,18.9,0,0,0.039,-0.003,-0.864,2,-1.6,0
197.4637589,255,-0.01,18.9,0,0,0.039,-0.003,-0.864,2,-1.6,0
197.4737589,258,-0.01,18.9,0,0,0.039,-0.003,-0.864,2,-1.6,0
197.4837589,253,-0.01,18.9,0,0,0.039,-0.003,-0.864,2,-1.6,0
197.4937589,254,-0.01,18.9,0,0,0.039,-0.003,-0.864,2,-1.6,0
197.5037589,253,0,18.9,0,0,0.035,-0.005,-0.888,-1.2,1.4,0
197.5137589,254,0,18.9,0,0,0.035,-0.005,-0.888,-1.2,1.4,0
197.5237589,251,0,18.9,0,0,0.035,-0.005,-0.888,-1.2,1.4,0
197.5337589,249,0,18.9,0,0,0.035,-0.005,-0.888,-1.2,1.4,0
197.5437589,246,0,18.9,0,0,0.035,-0.005,-0.888,-1.2,1.4,0
197.616063,242,-0.02,18.9,0,0,0.036,0.005,-0.877,2.8,-2.6,0
197.626063,246,-0.02,18.9,0,0,0.036,0.005,-0.877,2.8,-2.6,0
197.636063,254,-0.02,18.9,0,0,0.036,0.005,-0.877,2.8,-2.6,0
197.646063,249,-0.02,18.9,0,0,0.036,0.005,-0.877,2.8,-2.6,0
197.656063,253,-0.02,18.9,0,0,0.036,0.005,-0.877,2.8,-2.6,0
197.666063,255,0,18.8,0,0,0.039,-0.003,-0.83,0.4,0.1,0
197.676063,257,0,18.8,0,0,0.039,-0.003,-0.83,0.4,0.1,0
197.686063,254,0,18.8,0,0,0.039,-0.003,-0.83,0.4,0.1,0
197.696063,256,0,18.8,0,0,0.039,-0.003,-0.83,0.4,0.1,0
197.706063,256,0,18.8,0,0,0.039,-0.003,-0.83,0.4,0.1,0
197.7576096,255,-0.01,18.8,0,0,0.027,-0.009,-1.022,2,-2.1,0
197.7676096,256,-0.01,18.8,0,0,0.027,-0.009,-1.022,2,-2.1,0
197.7776096,257,-0.01,18.8,0,0,0.027,-0.009,-1.022,2,-2.1,0
197.7876096,253,-0.01,18.8,0,0,0.027,-0.009,-1.022,2,-2.1,0
197.7976096,254,-0.01,18.8,0,0,0.027,-0.009,-1.022,2,-2.1,0
197.8076096,255,0,18.8,0,0,0.045,-0.002,-0.761,1.4,-0.1,0
197.8176096,259,0,18.8,0,0,0.045,-0.002,-0.761,1.4,-0.1,0
197.8276096,254,0,18.8,0,0,0.045,-0.002,-0.761,1.4,-0.1,0
197.8376096,255,0,18.8,0,0,0.045,-0.002,-0.761,1.4,-0.1,0
197.8476096,263,0,18.8,0,0,0.045,-0.002,-0.761,1.4,-0.1,0
197.895847,254,-0.01,18.9,0,0,0.018,-0.019,-1.152,1.8,-2.5,0
197.905847,254,-0.01,18.9,0,0,0.018,-0.019,-1.152,1.8,-2.5,0
197.915847,260,-0.01,18.9,0,0,0.018,-0.019,-1.152,1.8,-2.5,0
197.925847,254,-0.01,18.9,0,0,0.018,-0.019,-1.152,1.8,-2.5,0
197.935847,256,-0.01,18.9,0,0,0.018,-0.019,-1.152,1.8,-2.5,0
198.061635,255,-0.02,18.8,0,0,0.017,-0.024,-1.173,0.6,-2,0
198.071635,256,-0.02,18.8,0,0,0.017,-0.024,-1.173,0.6,-2,0
198.081635,257,-0.02,18.8,0,0,0.017,-0.024,-1.173,0.6,-2,0
198.091635,254,-0.02,18.8,0,0,0.017,-0.024,-1.173,0.6,-2,0
198.101635,255,-0.02,18.8,0,0,0.017,-0.024,-1.173,0.6,-2,0
198.2048619,253,-0.01,18.9,0,0,0.017,-0.028,-1.188,-0.4,-0.6,0
198.2148619,256,-0.01,18.9,0,0,0.017,-0.028,-1.188,-0.4,-0.6,0
198.2248619,258,-0.01,18.9,0,0,0.017,-0.028,-1.188,-0.4,-0.6,0
198.2348619,254,-0.01,18.9,0,0,0.017,-0.028,-1.188,-0.4,-0.6,0
198.2448619,255,-0.01,18.9,0,0,0.017,-0.028,-1.188,-0.4,-0.6,0
198.4256582,257,0,18.8,0,0,0.015,-0.024,-1.185,-1.5,0.2,0
198.4356582,254,0,18.8,0,0,0.015,-0.024,-1.185,-1.5,0.2,0
198.4456582,255,0,18.8,0,0,0.015,-0.024,-1.185,-1.5,0.2,0
198.4556582,260,0,18.8,0,0,0.015,-0.024,-1.185,-1.5,0.2,0
198.4656582,256,0,18.8,0,0,0.015,-0.024,-1.185,-1.5,0.2,0
198.4756582,256,0.01,18.8,0,0,0.041,-0.005,-0.827,-0.2,0.4,0
198.4856582,254,0.01,18.8,0,0,0.041,-0.005,-0.827,-0.2,0.4,0
198.4956582,254,0.01,18.8,0,0,0.041,-0.005,-0.827,-0.2,0.4,0
198.5056582,257,0.01,18.8,0,0,0.041,-0.005,-0.827,-0.2,0.4,0
198.5156582,255,0.01,18.8,0,0,0.041,-0.005,-0.827,-0.2,0.4,0
198.5256582,255,-0.01,18.8,0,0,0.024,-0.016,-1.076,1.9,-2.3,0
198.5356582,258,-0.01,18.8,0,0,0.024,-0.016,-1.076,1.9,-2.3,0
198.5456582,255,-0.01,18.8,0,0,0.024,-0.016,-1.076,1.9,-2.3,0
198.5556582,256,-0.01,18.8,0,0,0.024,-0.016,-1.076,1.9,-2.3,0
198.5656582,257,-0.01,18.8,0,0,0.024,-0.016,-1.076,1.9,-2.3,0
198.5756582,255,0,18.9,0,0,0.021,-0.021,-1.102,-2.1,1,0
198.5856582,258,0,18.9,0,0,0.021,-0.021,-1.102,-2.1,1,0
198.5956582,257,0,18.9,0,0,0.021,-0.021,-1.102,-2.1,1,0
198.6056582,254,0,18.9,0,0,0.021,-0.021,-1.102,-2.1,1,0
198.6156582,257,0,18.9,0,0,0.021,-0.021,-1.102,-2.1,1,0
198.6256582,257,0.02,18.8,0,0,0.044,0.003,-0.753,0.7,-0.2,0
198.6356582,256,0.02,18.8,0,0,0.044,0.003,-0.753,0.7,-0.2,0
198.6456582,256,0.02,18.8,0,0,0.044,0.003,-0.753,0.7,-0.2,0
198.6556582,257,0.02,18.8,0,0,0.044,0.003,-0.753,0.7,-0.2,0
198.6656582,259,0.02,18.8,0,0,0.044,0.003,-0.753,0.7,-0.2,0
198.6756582,255,-0.02,18.8,0,0,0.018,-0.024,-1.197,1.4,-2,0
198.6856582,256,-0.02,18.8,0,0,0.018,-0.024,-1.197,1.4,-2,0
198.6956582,259,-0.02,18.8,0,0,0.018,-0.024,-1.197,1.4,-2,0
198.7056582,255,-0.02,18.8,0,0,0.018,-0.024,-1.197,1.4,-2,0
198.7156582,256,-0.02,18.8,0,0,0.018,-0.024,-1.197,1.4,-2,0
198.7256582,255,0,18.9,0,0,0.029,-0.01,-0.962,-1.5,1,0
198.7356582,254,0,18.9,0,0,0.029,-0.01,-0.962,-1.5,1,0
198.7456582,257,0,18.9,0,0,0.029,-0.01,-0.962,-1.5,1,0
198.7556582,255,0,18.9,0,0,0.029,-0.01,-0.962,-1.5,1,0
198.7656582,255,0,18.9,0,0,0.029,-0.01,-0.962,-1.5,1,0
198.7756582,258,0.01,18.9,0,0,0.039,0,-0.852,1.5,-1.1,0
198.7856582,255,0.01,18.9,0,0,0.039,0,-0.852,1.5,-1.1,0
198.7956582,256,0.01,18.9,0,0,0.039,0,-0.852,1.5,-1.1,0
198.8056582,257,0.01,18.9,0,0,0.039,0,-0.852,1.5,-1.1,0
198.8156582,255,0.01,18.9,0,0,0.039,0,-0.852,1.5,-1.1,0
198.8256582,257,-0.02,18.9,0,0,0.017,-0.02,-1.175,0.6,-1.7,0
198.8356582,257,-0.02,18.9,0,0,0.017,-0.02,-1.175,0.6,-1.7,0
198.8456582,254,-0.02,18.9,0,0,0.017,-0.02,-1.175,0.6,-1.7,0
198.8556582,256,-0.02,18.9,0,0,0.017,-0.02,-1.175,0.6,-1.7,0
198.8656582,258,-0.02,18.9,0,0,0.017,-0.02,-1.175,0.6,-1.7,0
198.8756582,256,0,18.8,0,0,0.035,-0.008,-0.903,-1.7,1.8,0
198.8856582,257,0,18.8,0,0,0.035,-0.008,-0.903,-1.7,1.8,0
198.8956582,256,0,18.8,0,0,0.035,-0.008,-0.903,-1.7,1.8,0
198.9056582,259,0,18.8,0,0,0.035,-0.008,-0.903,-1.7,1.8,0
198.9156582,256,0,18.8,0,0,0.035,-0.008,-0.903,-1.7,1.8,0
198.9256582,255,0.01,18.9,0,0,0.035,0,-0.892,2.8,-2.5,0
198.9356582,259,0.01,18.9,0,0,0.035,0,-0.892,2.8,-2.5,0
198.9456582,254,0.01,18.9,0,0,0.035,0,-0.892,2.8,-2.5,0
198.9556582,255,0.01,18.9,0,0,0.035,0,-0.892,2.8,-2.5,0
198.9656582,256,0.01,18.9,0,0,0.035,0,-0.892,2.8,-2.5,0
198.9756582,256,-0.01,18.8,0,0,0.019,-0.023,-1.165,-0.9,-0.1,0.1
198.9856582,257,-0.01,18.8,0,0,0.019,-0.023,-1.165,-0.9,-0.1,0.1
198.9956582,256,-0.01,18.8,0,0,0.019,-0.023,-1.165,-0.9,-0.1,0.1
199.0056582,256,-0.01,18.8,0,0,0.019,-0.023,-1.165,-0.9,-0.1,0.1
199.0156582,256,-0.01,18.8,0,0,0.019,-0.023,-1.165,-0.9,-0.1,0.1
199.0256582,254,0,18.8,0,0,0.037,-0.003,-0.855,0,0.3,0
199.0356582,257,0,18.8,0,0,0.037,-0.003,-0.855,0,0.3,0
199.0456582,257,0,18.8,0,0,0.037,-0.003,-0.855,0,0.3,0
199.0556582,255,0,18.8,0,0,0.037,-0.003,-0.855,0,0.3,0
199.0656582,257,0,18.8,0,0,0.037,-0.003,-0.855,0,0.3,0
199.0756582,257,0,18.9,0,0,0.032,-0.005,-0.968,2.5,-2.5,0
199.0856582,255,0,18.9,0,0,0.032,-0.005,-0.968,2.5,-2.5,0
199.0956582,256,0,18.9,0,0,0.032,-0.005,-0.968,2.5,-2.5,0
199.1056582,257,0,18.9,0,0,0.032,-0.005,-0.968,2.5,-2.5,0
199.1156582,256,0,18.9,0,0,0.032,-0.005,-0.968,2.5,-2.5,0
199.1256582,256,-0.01,18.9,0,0,0.016,-0.027,-1.2,-2,0.3,0.1
199.1356582,256,-0.01,18.9,0,0,0.016,-0.027,-1.2,-2,0.3,0.1
199.1456582,259,-0.01,18.9,0,0,0.016,-0.027,-1.2,-2,0.3,0.1
199.1556582,256,-0.01,18.9,0,0,0.016,-0.027,-1.2,-2,0.3,0.1
199.1656582,255,-0.01,18.9,0,0,0.016,-0.027,-1.2,-2,0.3,0.1
199.1756582,258,0,18.8,0,0,0.043,-0.002,-0.79,1.2,-0.1,0
199.1856582,255,0,18.8,0,0,0.043,-0.002,-0.79,1.2,-0.1,0
199.1956582,257,0,18.8,0,0,0.043,-0.002,-0.79,1.2,-0.1,0
199.2056582,255,0,18.8,0,0,0.043,-0.002,-0.79,1.2,-0.1,0
199.2156582,254,0,18.8,0,0,0.043,-0.002,-0.79,1.2,-0.1,0
199.2256582,256,0,18.8,0,0,0.022,-0.014,-1.087,2.1,-2.3,0
199.2356582,254,0,18.8,0,0,0.022,-0.014,-1.087,2.1,-2.3,0
199.2456582,256,0,18.8,0,0,0.022,-0.014,-1.087,2.1,-2.3,0
199.2556582,257,0,18.8,0,0,0.022,-0.014,-1.087,2.1,-2.3,0
199.2656582,255,0,18.8,0,0,0.022,-0.014,-1.087,2.1,-2.3,0
199.2756582,257,-0.02,18.9,0,0,0.04,-0.003,-0.834,13.4,0.9,0.1
199.2856582,257,-0.02,18.9,0,0,0.04,-0.003,-0.834,13.4,0.9,0.1
199.2956582,254,-0.02,18.9,0,0,0.04,-0.003,-0.834,13.4,0.9,0.1
199.3056582,257,-0.02,18.9,0,0,0.04,-0.003,-0.834,13.4,0.9,0.1
199.3156582,257,-0.02,18.9,0,0,0.04,-0.003,-0.834,13.4,0.9,0.1
199.3256582,255,0.01,18.8,0,0,0.021,-0.016,-1.106,1.7,-2.5,0
199.3356582,257,0.01,18.8,0,0,0.021,-0.016,-1.106,1.7,-2.5,0
199.3456582,257,0.01,18.8,0,0,0.021,-0.016,-1.106,1.7,-2.5,0
199.3556582,256,0.01,18.8,0,0,0.021,-0.016,-1.106,1.7,-2.5,0
199.3656582,255,0.01,18.8,0,0,0.021,-0.016,-1.106,1.7,-2.5,0
199.3756582,257,0,18.9,0,0,0.023,-0.023,-1.08,-2.6,1.5,0
199.3856582,259,0,18.9,0,0,0.023,-0.023,-1.08,-2.6,1.5,0
199.3956582,255,0,18.9,0,0,0.023,-0.023,-1.08,-2.6,1.5,0
199.4056582,256,0,18.9,0,0,0.023,-0.023,-1.08,-2.6,1.5,0
199.4156582,259,0,18.9,0,0,0.023,-0.023,-1.08,-2.6,1.5,0
199.4256582,255,-0.01,18.8,0,0,0.04,-0.004,-0.841,2.5,-1.6,0
199.4356582,255,-0.01,18.8,0,0,0.04,-0.004,-0.841,2.5,-1.6,0
199.4456582,255,-0.01,18.8,0,0,0.04,-0.004,-0.841,2.5,-1.6,0
199.4556582,256,-0.01,18.8,0,0,0.04,-0.004,-0.841,2.5,-1.6,0
199.4656582,257,-0.01,18.8,0,0,0.04,-0.004,-0.841,2.5,-1.6,0
199.4756582,255,0,18.9,0,0,0.018,-0.023,-1.17,0.6,-1.4,0
199.4856582,256,0,18.9,0,0,0.018,-0.023,-1.17,0.6,-1.4,0
199.4956582,258,0,18.9,0,0,0.018,-0.023,-1.17,0.6,-1.4,0
199.5056582,253,0,18.9,0,0,0.018,-0.023,-1.17,0.6,-1.4,0
199.5156582,257,0,18.9,0,0,0.018,-0.023,-1.17,0.6,-1.4,0
199.5256582,258,-0.01,18.9,0,0,0.03,-0.02,-0.98,-2.3,1.2,0
199.5356582,253,-0.01,18.9,0,0,0.03,-0.02,-0.98,-2.3,1.2,0
199.5456582,257,-0.01,18.9,0,0,0.03,-0.02,-0.98,-2.3,1.2,0
199.5556582,257,-0.01,18.9,0,0,0.03,-0.02,-0.98,-2.3,1.2,0
199.5656582,255,-0.01,18.9,0,0,0.03,-0.02,-0.98,-2.3,1.2,0
199.5756582,259,-0.01,18.8,0,0,0.037,-0.003,-0.884,3.4,-2.1,-0.1
199.5856582,257,-0.01,18.8,0,0,0.037,-0.003,-0.884,3.4,-2.1,-0.1
199.5956582,256,-0.01,18.8,0,0,0.037,-0.003,-0.884,3.4,-2.1,-0.1
199.6056582,262,-0.01,18.8,0,0,0.037,-0.003,-0.884,3.4,-2.1,-0.1
199.6156582,255,-0.01,18.8,0,0,0.037,-0.003,-0.884,3.4,-2.1,-0.1
199.6256582,254,0,18.9,0,0,0.014,-0.031,-1.233,-0.7,-0.7,0
199.6356582,262,0,18.9,0,0,0.014,-0.031,-1.233,-0.7,-0.7,0
199.6456582,254,0,18.9,0,0,0.014,-0.031,-1.233,-0.7,-0.7,0
199.6556582,254,0,18.9,0,0,0.014,-0.031,-1.233,-0.7,-0.7,0
199.6656582,260,0,18.9,0,0,0.014,-0.031,-1.233,-0.7,-0.7,0
199.6756582,254,-0.01,18.8,0,0,0.036,-0.012,-0.881,-1.2,1.1,0
199.6856582,256,-0.01,18.8,0,0,0.036,-0.012,-0.881,-1.2,1.1,0
199.6956582,258,-0.01,18.8,0,0,0.036,-0.012,-0.881,-1.2,1.1,0
199.7056582,253,-0.01,18.8,0,0,0.036,-0.012,-0.881,-1.2,1.1,0
199.7156582,255,-0.01,18.8,0,0,0.036,-0.012,-0.881,-1.2,1.1,0
199.7256582,258,0,18.9,0,0,0.028,-0.013,-1.013,2.5,-2.4,-0.1
199.7356582,255,0,18.9,0,0,0.028,-0.013,-1.013,2.5,-2.4,-0.1
199.7456582,255,0,18.9,0,0,0.028,-0.013,-1.013,2.5,-2.4,-0.1
199.7556582,257,0,18.9,0,0,0.028,-0.013,-1.013,2.5,-2.4,-0.1
199.7656582,256,0,18.9,0,0,0.028,-0.013,-1.013,2.5,-2.4,-0.1
199.7756582,257,0.01,18.8,0,0,0.018,-0.027,-1.17,-1.5,0.1,0
199.7856582,257,0.01,18.8,0,0,0.018,-0.027,-1.17,-1.5,0.1,0
199.7956582,254,0.01,18.8,0,0,0.018,-0.027,-1.17,-1.5,0.1,0
199.8056582,255,0.01,18.8,0,0,0.018,-0.027,-1.17,-1.5,0.1,0
199.8156582,258,0.01,18.8,0,0,0.018,-0.027,-1.17,-1.5,0.1,0
199.8256582,255,-0.02,18.9,0,0,0.042,-0.005,-0.792,-0.7,0.7,0
199.8356582,255,-0.02,18.9,0,0,0.042,-0.005,-0.792,-0.7,0.7,0
199.8456582,261,-0.02,18.9,0,0,0.042,-0.005,-0.792,-0.7,0.7,0
199.8556582,256,-0.02,18.9,0,0,0.042,-0.005,-0.792,-0.7,0.7,0
199.8656582,256,-0.02,18.9,0,0,0.042,-0.005,-0.792,-0.7,0.7,0
199.8756582,261,0,18.8,0,0,0.021,-0.02,-1.118,2.4,-2.7,0
199.8856582,253,0,18.8,0,0,0.021,-0.02,-1.118,2.4,-2.7,0
199.8956582,255,0,18.8,0,0,0.021,-0.02,-1.118,2.4,-2.7,0
199.9056582,259,0,18.8,0,0,0.021,-0.02,-1.118,2.4,-2.7,0
199.9156582,253,0,18.8,0,0,0.021,-0.02,-1.118,2.4,-2.7,0
199.9256582,256,0.01,18.8,0,0,0.024,-0.018,-1.058,-1.8,0.7,0
199.935658199999,259,0.01,18.8,0,0,0.024,-0.018,-1.058,-1.8,0.7,0
199.9456582,255,0.01,18.8,0,0,0.024,-0.018,-1.058,-1.8,0.7,0
199.9556582,256,0.01,18.8,0,0,0.024,-0.018,-1.058,-1.8,0.7,0
199.965658199999,256,0.01,18.8,0,0,0.024,-0.018,-1.058,-1.8,0.7,0
199.975658199999,255,-0.02,18.8,0,0,0.04,-0.002,-0.833,0.6,-0.1,0
199.985658199999,257,-0.02,18.8,0,0,0.04,-0.002,-0.833,0.6,-0.1,0
199.995658199999,257,-0.02,18.8,0,0,0.04,-0.002,-0.833,0.6,-0.1,0
200.005658199999,254,-0.02,18.8,0,0,0.04,-0.002,-0.833,0.6,-0.1,0
200.015658199999,256,-0.02,18.8,0,0,0.04,-0.002,-0.833,0.6,-0.1,0
200.025658199999,257,-0.12,18.7,0,0,0.02,-0.019,-1.132,1.7,-2.4,0
200.035658199999,256,-0.12,18.7,0,0,0.02,-0.019,-1.132,1.7,-2.4,0
200.045658199999,256,-0.12,18.7,0,0,0.02,-0.019,-1.132,1.7,-2.4,0
200.055658199999,291,-0.12,18.7,0,0,0.02,-0.019,-1.132,1.7,-2.4,0
200.065658199999,377,-0.12,18.7,0,0,0.02,-0.019,-1.132,1.7,-2.4,0
200.075658199999,443,0,18.9,0,0,0.02,-0.021,-1.07,3.4,-0.7,0.1
200.085658199999,457,0,18.9,0,0,0.02,-0.021,-1.07,3.4,-0.7,0.1
200.095658199999,442,0,18.9,0,0,0.02,-0.021,-1.07,3.4,-0.7,0.1
200.105658199999,449,0,18.9,0,0,0.02,-0.021,-1.07,3.4,-0.7,0.1
200.115658199999,473,0,18.9,0,0,0.02,-0.021,-1.07,3.4,-0.7,0.1
200.125658199999,433,-0.06,18.8,0,0,0.028,-0.059,-0.987,12,-0.3,0.1
200.135658199999,428,-0.06,18.8,0,0,0.028,-0.059,-0.987,12,-0.3,0.1
200.145658199999,471,-0.06,18.8,0,0,0.028,-0.059,-0.987,12,-0.3,0.1
200.155658199999,430,-0.06,18.8,0,0,0.028,-0.059,-0.987,12,-0.3,0.1
200.165658199999,421,-0.06,18.8,0,0,0.028,-0.059,-0.987,12,-0.3,0.1
200.175658199999,463,0.1,18.9,0,0,0.049,-0.03,-0.671,-6,1,-0.1
200.185658199999,442,0.1,18.9,0,0,0.049,-0.03,-0.671,-6,1,-0.1
200.195658199999,412,0.1,18.9,0,0,0.049,-0.03,-0.671,-6,1,-0.1
200.205658199999,446,0.1,18.9,0,0,0.049,-0.03,-0.671,-6,1,-0.1
200.215658199999,468,0.1,18.9,0,0,0.049,-0.03,-0.671,-6,1,-0.1
200.225658199999,409,0,18.8,0,0,0.062,0.014,-0.816,8.5,-1.5,0.3
200.235658199999,408,0,18.8,0,0,0.062,0.014,-0.816,8.5,-1.5,0.3
200.245658199999,471,0,18.8,0,0,0.062,0.014,-0.816,8.5,-1.5,0.3
200.255658199999,429,0,18.8,0,0,0.062,0.014,-0.816,8.5,-1.5,0.3
200.265658199999,366,0,18.8,0,0,0.062,0.014,-0.816,8.5,-1.5,0.3
200.275658199999,424,0,18.8,0,0,0.013,-0.091,-1.151,-18.6,3.7,0.6
200.285658199999,470,0,18.8,0,0,0.013,-0.091,-1.151,-18.6,3.7,0.6
200.295658199999,416,0,18.8,0,0,0.013,-0.091,-1.151,-18.6,3.7,0.6
200.305658199999,409,0,18.8,0,0,0.013,-0.091,-1.151,-18.6,3.7,0.6
200.315658199999,458,0,18.8,0,0,0.013,-0.091,-1.151,-18.6,3.7,0.6
200.325658199999,444,-0.14,18.8,0,0,-0.027,-0.08,-1.546,3.4,0.9,0.5
200.335658199999,415,-0.14,18.8,0,0,-0.027,-0.08,-1.546,3.4,0.9,0.5
200.345658199999,441,-0.14,18.8,0,0,-0.027,-0.08,-1.546,3.4,0.9,0.5
200.355658199999,461,-0.14,18.8,0,0,-0.027,-0.08,-1.546,3.4,0.9,0.5
200.365658199999,413,-0.14,18.8,0,0,-0.027,-0.08,-1.546,3.4,0.9,0.5
200.375658199999,426,-0.07,18.8,0,0,-0.002,-0.066,-1.409,-10.1,2.1,0.3
200.385658199999,477,-0.07,18.8,0,0,-0.002,-0.066,-1.409,-10.1,2.1,0.3
200.395658199999,425,-0.07,18.8,0,0,-0.002,-0.066,-1.409,-10.1,2.1,0.3
200.405658199999,401,-0.07,18.8,0,0,-0.002,-0.066,-1.409,-10.1,2.1,0.3
200.415658199999,459,-0.07,18.8,0,0,-0.002,-0.066,-1.409,-10.1,2.1,0.3
200.425658199999,471,-0.01,18.8,0,0,0.002,0.067,-1.227,14.5,-7.9,0.1
200.435658199999,398,-0.01,18.8,0,0,0.002,0.067,-1.227,14.5,-7.9,0.1
200.445658199999,408,-0.01,18.8,0,0,0.002,0.067,-1.227,14.5,-7.9,0.1
200.455658199999,471,-0.01,18.8,0,0,0.002,0.067,-1.227,14.5,-7.9,0.1
200.465658199999,433,-0.01,18.8,0,0,0.002,0.067,-1.227,14.5,-7.9,0.1
200.475658199999,422,0.04,18.8,0,0,0.022,0.071,-1.127,-3.6,-3.1,0
200.485658199999,456,0.04,18.8,0,0,0.022,0.071,-1.127,-3.6,-3.1,0
200.495658199999,442,0.04,18.8,0,0,0.022,0.071,-1.127,-3.6,-3.1,0
200.505658199999,416,0.04,18.8,0,0,0.022,0.071,-1.127,-3.6,-3.1,0
200.515658199999,453,0.04,18.8,0,0,0.022,0.071,-1.127,-3.6,-3.1,0
200.525658199999,469,0.06,18.8,0,0,0.045,0.141,-0.477,11,-4.2,-0.6
200.535658199999,407,0.06,18.8,0,0,0.045,0.141,-0.477,11,-4.2,-0.6
200.545658199999,413,0.06,18.8,0,0,0.045,0.141,-0.477,11,-4.2,-0.6
200.555658199999,470,0.06,18.8,0,0,0.045,0.141,-0.477,11,-4.2,-0.6
200.565658199999,433,0.06,18.8,0,0,0.045,0.141,-0.477,11,-4.2,-0.6
200.575658199999,358,0,18.8,0,0,0,-0.048,-1.489,-13,-0.1,-0.3
200.585658199999,329,0,18.8,0,0,0,-0.048,-1.489,-13,-0.1,-0.3
200.595658199999,297,0,18.8,0,0,0,-0.048,-1.489,-13,-0.1,-0.3
200.605658199999,258,0,18.8,0,0,0,-0.048,-1.489,-13,-0.1,-0.3
200.615658199999,254,0,18.8,0,0,0,-0.048,-1.489,-13,-0.1,-0.3
200.625658199999,255,0.01,18.9,0,0,0.02,-0.055,-1.218,0.9,0.8,0.3
200.635658199999,249,0.01,18.9,0,0,0.02,-0.055,-1.218,0.9,0.8,0.3
200.645658199999,252,0.01,18.9,0,0,0.02,-0.055,-1.218,0.9,0.8,0.3
200.655658199999,255,0.01,18.9,0,0,0.02,-0.055,-1.218,0.9,0.8,0.3
200.665658199999,259,0.01,18.9,0,0,0.02,-0.055,-1.218,0.9,0.8,0.3
200.675658199999,255,-0.01,18.9,0,0,0.044,-0.002,-0.794,4.8,-1.5,0
200.685658199999,256,-0.01,18.9,0,0,0.044,-0.002,-0.794,4.8,-1.5,0
200.695658199999,259,-0.01,18.9,0,0,0.044,-0.002,-0.794,4.8,-1.5,0
200.705658199999,254,-0.01,18.9,0,0,0.044,-0.002,-0.794,4.8,-1.5,0
200.715658199999,255,-0.01,18.9,0,0,0.044,-0.002,-0.794,4.8,-1.5,0
200.725658199999,257,0,18.8,0,0,0.016,-0.025,-1.207,0.6,-0.7,0.1
200.735658199999,256,0,18.8,0,0,0.016,-0.025,-1.207,0.6,-0.7,0.1
200.745658199999,256,0,18.8,0,0,0.016,-0.025,-1.207,0.6,-0.7,0.1
200.755658199999,255,0,18.8,0,0,0.016,-0.025,-1.207,0.6,-0.7,0.1
200.765658199999,257,0,18.8,0,0,0.016,-0.025,-1.207,0.6,-0.7,0.1
200.775658199999,258,0,18.8,0,0,0.028,-0.012,-0.973,-0.6,0.3,0
200.785658199999,252,0,18.8,0,0,0.028,-0.012,-0.973,-0.6,0.3,0
200.795658199999,256,0,18.8,0,0,0.028,-0.012,-0.973,-0.6,0.3,0
200.805658199999,259,0,18.8,0,0,0.028,-0.012,-0.973,-0.6,0.3,0
200.815658199999,255,0,18.8,0,0,0.028,-0.012,-0.973,-0.6,0.3,0
200.825658199999,256,-0.02,18.8,0,0,0.041,0.011,-0.803,1.6,-2.6,0
200.835658199999,257,-0.02,18.8,0,0,0.041,0.011,-0.803,1.6,-2.6,0
200.845658199999,255,-0.02,18.8,0,0,0.041,0.011,-0.803,1.6,-2.6,0
200.855658199999,256,-0.02,18.8,0,0,0.041,0.011,-0.803,1.6,-2.6,0
200.865658199999,256,-0.02,18.8,0,0,0.041,0.011,-0.803,1.6,-2.6,0
200.875658199999,257,0,18.8,0,0,0.011,-0.036,-1.271,-3.9,0,0
200.885658199999,258,0,18.8,0,0,0.011,-0.036,-1.271,-3.9,0,0
200.895658199999,256,0,18.8,0,0,0.011,-0.036,-1.271,-3.9,0,0
200.905658199999,259,0,18.8,0,0,0.011,-0.036,-1.271,-3.9,0,0
200.915658199999,256,0,18.8,0,0,0.011,-0.036,-1.271,-3.9,0,0
200.925658199999,255,0.01,18.9,0,0,0.035,-0.026,-0.925,-1.7,1.3,0
200.935658199999,259,0.01,18.9,0,0,0.035,-0.026,-0.925,-1.7,1.3,0
200.945658199999,255,0.01,18.9,0,0,0.035,-0.026,-0.925,-1.7,1.3,0
200.955658199999,256,0.01,18.9,0,0,0.035,-0.026,-0.925,-1.7,1.3,0
200.965658199999,255,0.01,18.9,0,0,0.035,-0.026,-0.925,-1.7,1.3,0
200.975658199999,254,-0.01,18.8,0,0,0.03,-0.016,-1.04,4.6,-2.7,0
200.985658199999,257,-0.01,18.8,0,0,0.03,-0.016,-1.04,4.6,-2.7,0
200.995658199999,255,-0.01,18.8,0,0,0.03,-0.016,-1.04,4.6,-2.7,0
201.005658199999,255,-0.01,18.8,0,0,0.03,-0.016,-1.04,4.6,-2.7,0
201.015658199999,258,-0.01,18.8,0,0,0.03,-0.016,-1.04,4.6,-2.7,0
201.025658199999,257,0.01,18.8,0,0,0.041,-0.008,-0.826,-0.8,1,0
201.035658199999,254,0.01,18.8,0,0,0.041,-0.008,-0.826,-0.8,1,0
201.045658199999,257,0.01,18.8,0,0,0.041,-0.008,-0.826,-0.8,1,0
201.055658199999,257,0.01,18.8,0,0,0.041,-0.008,-0.826,-0.8,1,0
201.065658199999,256,0.01,18.8,0,0,0.041,-0.008,-0.826,-0.8,1,0
201.075658199999,256,-0.02,18.9,0,0,0.021,-0.015,-1.103,3.1,-3.7,0
201.085658199999,257,-0.02,18.9,0,0,0.021,-0.015,-1.103,3.1,-3.7,0
201.095658199999,259,-0.02,18.9,0,0,0.021,-0.015,-1.103,3.1,-3.7,0
201.105658199999,255,-0.02,18.9,0,0,0.021,-0.015,-1.103,3.1,-3.7,0
201.115658199999,256,-0.02,18.9,0,0,0.021,-0.015,-1.103,3.1,-3.7,0
201.125658199999,259,0,18.9,0,0,0.024,-0.016,-1.057,-2.2,1.1,0.1
201.135658199999,255,0,18.9,0,0,0.024,-0.016,-1.057,-2.2,1.1,0.1
201.145658199999,255,0,18.9,0,0,0.024,-0.016,-1.057,-2.2,1.1,0.1
201.155658199999,255,0,18.9,0,0,0.024,-0.016,-1.057,-2.2,1.1,0.1
201.165658199999,256,0,18.9,0,0,0.024,-0.016,-1.057,-2.2,1.1,0.1
201.175658199999,256,0,18.8,0,0,0.04,0.002,-0.814,0.2,-0.4,0
201.185658199999,255,0,18.8,0,0,0.04,0.002,-0.814,0.2,-0.4,0
201.195658199999,257,0,18.8,0,0,0.04,0.002,-0.814,0.2,-0.4,0
201.205658199999,258,0,18.8,0,0,0.04,0.002,-0.814,0.2,-0.4,0
201.215658199999,252,0,18.8,0,0,0.04,0.002,-0.814,0.2,-0.4,0
201.225658199999,257,-0.03,18.8,0,0,0.02,-0.023,-1.173,1.4,-1.5,0
201.235658199999,258,-0.03,18.8,0,0,0.02,-0.023,-1.173,1.4,-1.5,0
201.245658199999,253,-0.03,18.8,0,0,0.02,-0.023,-1.173,1.4,-1.5,0
201.255658199999,256,-0.03,18.8,0,0,0.02,-0.023,-1.173,1.4,-1.5,0
201.265658199999,257,-0.03,18.8,0,0,0.02,-0.023,-1.173,1.4,-1.5,0
201.275658199999,255,0,18.9,0,0,0.027,-0.014,-1.007,-1.2,1.4,0.1
201.285658199999,256,0,18.9,0,0,0.027,-0.014,-1.007,-1.2,1.4,0.1
201.295658199999,258,0,18.9,0,0,0.027,-0.014,-1.007,-1.2,1.4,0.1
201.305658199999,256,0,18.9,0,0,0.027,-0.014,-1.007,-1.2,1.4,0.1
201.315658199999,257,0,18.9,0,0,0.027,-0.014,-1.007,-1.2,1.4,0.1
201.325658199999,256,0,18.8,0,0,0.043,0.004,-0.782,2.2,-1.5,0
201.335658199999,259,0,18.8,0,0,0.043,0.004,-0.782,2.2,-1.5,0
201.345658199999,256,0,18.8,0,0,0.043,0.004,-0.782,2.2,-1.5,0
201.355658199999,255,0,18.8,0,0,0.043,0.004,-0.782,2.2,-1.5,0
201.365658199999,259,0,18.8,0,0,0.043,0.004,-0.782,2.2,-1.5,0
201.375658199999,255,0,18.8,0,0,0.017,-0.019,-1.18,0,-1.3,0
201.385658199999,256,0,18.8,0,0,0.017,-0.019,-1.18,0,-1.3,0
201.395658199999,255,0,18.8,0,0,0.017,-0.019,-1.18,0,-1.3,0
201.405658199999,255,0,18.8,0,0,0.017,-0.019,-1.18,0,-1.3,0
201.415658199999,257,0,18.8,0,0,0.017,-0.019,-1.18,0,-1.3,0
201.425658199999,254,0.01,18.8,0,0,0.035,-0.006,-0.894,-1,1,0
201.435658199999,257,0.01,18.8,0,0,0.035,-0.006,-0.894,-1,1,0
201.445658199999,258,0.01,18.8,0,0,0.035,-0.006,-0.894,-1,1,0
201.455658199999,253,0.01,18.8,0,0,0.035,-0.006,-0.894,-1,1,0
201.465658199999,257,0.01,18.8,0,0,0.035,-0.006,-0.894,-1,1,0
201.475658199999,258,0,18.9,0,0,0.034,0.002,-0.894,2.3,-2.2,0
201.485658199999,253,0,18.9,0,0,0.034,0.002,-0.894,2.3,-2.2,0
201.495658199999,256,0,18.9,0,0,0.034,0.002,-0.894,2.3,-2.2,0
201.505658199999,257,0,18.9,0,0,0.034,0.002,-0.894,2.3,-2.2,0
201.515658199999,255,0,18.9,0,0,0.034,0.002,-0.894,2.3,-2.2,0
201.525658199999,256,-0.02,18.9,0,0,0.013,-0.031,-1.229,-1,-0.3,0.1
201.535658199999,257,-0.02,18.9,0,0,0.013,-0.031,-1.229,-1,-0.3,0.1
201.545658199999,256,-0.02,18.9,0,0,0.013,-0.031,-1.229,-1,-0.3,0.1
201.555658199999,257,-0.02,18.9,0,0,0.013,-0.031,-1.229,-1,-0.3,0.1
201.565658199999,256,-0.02,18.9,0,0,0.013,-0.031,-1.229,-1,-0.3,0.1
201.575658199999,259,0.02,18.8,0,0,0.042,0,-0.805,0.3,0.8,0
201.585658199999,257,0.02,18.8,0,0,0.042,0,-0.805,0.3,0.8,0
201.595658199999,255,0.02,18.8,0,0,0.042,0,-0.805,0.3,0.8,0
201.605658199999,257,0.02,18.8,0,0,0.042,0,-0.805,0.3,0.8,0
201.615658199999,260,0.02,18.8,0,0,0.042,0,-0.805,0.3,0.8,0
201.625658199999,257,-0.01,18.8,0,0,0.028,-0.008,-1.013,2.2,-2.3,0
201.635658199999,255,-0.01,18.8,0,0,0.028,-0.008,-1.013,2.2,-2.3,0
201.645658199999,257,-0.01,18.8,0,0,0.028,-0.008,-1.013,2.2,-2.3,0
201.655658199999,253,-0.01,18.8,0,0,0.028,-0.008,-1.013,2.2,-2.3,0
201.665658199999,256,-0.01,18.8,0,0,0.028,-0.008,-1.013,2.2,-2.3,0
201.675658199999,255,0.01,18.9,0,0,0.044,-0.003,-0.793,1,0,0
201.685658199999,257,0.01,18.9,0,0,0.044,-0.003,-0.793,1,0,0
201.695658199999,256,0.01,18.9,0,0,0.044,-0.003,-0.793,1,0,0
201.705658199999,256,0.01,18.9,0,0,0.044,-0.003,-0.793,1,0,0
201.715658199999,257,0.01,18.9,0,0,0.044,-0.003,-0.793,1,0,0
201.7286489,256,-0.01,18.9,0,0,0.021,-0.012,-1.107,2.5,-3.2,0
201.7386489,256,-0.01,18.9,0,0,0.021,-0.012,-1.107,2.5,-3.2,0
201.7486489,260,-0.01,18.9,0,0,0.021,-0.012,-1.107,2.5,-3.2,0
201.7586489,254,-0.01,18.9,0,0,0.021,-0.012,-1.107,2.5,-3.2,0
201.7686489,255,-0.01,18.9,0,0,0.021,-0.012,-1.107,2.5,-3.2,0
201.7786489,263,0,18.9,0,0,0.024,-0.023,-1.07,-2.7,1.6,0.1
201.7886489,254,0,18.9,0,0,0.024,-0.023,-1.07,-2.7,1.6,0.1
201.7986489,254,0,18.9,0,0,0.024,-0.023,-1.07,-2.7,1.6,0.1
201.8086489,260,0,18.9,0,0,0.024,-0.023,-1.07,-2.7,1.6,0.1
201.8186489,254,0,18.9,0,0,0.024,-0.023,-1.07,-2.7,1.6,0.1
201.8286489,255,0,18.8,0,0,0.039,-0.006,-0.854,2.3,-1.2,0
201.8386489,258,0,18.8,0,0,0.039,-0.006,-0.854,2.3,-1.2,0
201.8486489,254,0,18.8,0,0,0.039,-0.006,-0.854,2.3,-1.2,0
201.8586489,256,0,18.8,0,0,0.039,-0.006,-0.854,2.3,-1.2,0
201.8686489,256,0,18.8,0,0,0.039,-0.006,-0.854,2.3,-1.2,0
201.8891898,255,-0.02,18.9,0,0,0.02,-0.023,-1.151,0.6,-1.6,0
201.8991898,255,-0.02,18.9,0,0,0.02,-0.023,-1.151,0.6,-1.6,0
201.9091898,257,-0.02,18.9,0,0,0.02,-0.023,-1.151,0.6,-1.6,0
201.9191898,256,-0.02,18.9,0,0,0.02,-0.023,-1.151,0.6,-1.6,0
201.9291898,257,-0.02,18.9,0,0,0.02,-0.023,-1.151,0.6,-1.6,0
201.9643605,256,0.01,18.8,0,0,0.041,-0.002,-0.837,3.4,-2.3,0
201.9743605,260,0.01,18.8,0,0,0.041,-0.002,-0.837,3.4,-2.3,0
201.9843605,254,0.01,18.8,0,0,0.041,-0.002,-0.837,3.4,-2.3,0
201.9943605,256,0.01,18.8,0,0,0.041,-0.002,-0.837,3.4,-2.3,0
202.0043605,262,0.01,18.8,0,0,0.041,-0.002,-0.837,3.4,-2.3,0
202.0255756,253,-0.01,18.8,0,0,0.014,-0.028,-1.217,-0.3,-0.7,0
202.0355756,254,-0.01,18.8,0,0,0.014,-0.028,-1.217,-0.3,-0.7,0
202.0455756,260,-0.01,18.8,0,0,0.014,-0.028,-1.217,-0.3,-0.7,0
202.0555756,253,-0.01,18.8,0,0,0.014,-0.028,-1.217,-0.3,-0.7,0
202.0655756,255,-0.01,18.8,0,0,0.014,-0.028,-1.217,-0.3,-0.7,0
202.0755756,260,0,18.9,0,0,0.035,-0.016,-0.907,-1.5,1,0.1
202.0855756,255,0,18.9,0,0,0.035,-0.016,-0.907,-1.5,1,0.1
202.0955756,255,0,18.9,0,0,0.035,-0.016,-0.907,-1.5,1,0.1
202.1055756,256,0,18.9,0,0,0.035,-0.016,-0.907,-1.5,1,0.1
202.1155756,254,0,18.9,0,0,0.035,-0.016,-0.907,-1.5,1,0.1
202.1383354,256,0,18.8,0,0,0.032,-0.01,-0.975,3,-2.2,0
202.1483354,257,0,18.8,0,0,0.032,-0.01,-0.975,3,-2.2,0
202.1583354,255,0,18.8,0,0,0.032,-0.01,-0.975,3,-2.2,0
202.1683354,257,0,18.8,0,0,0.032,-0.01,-0.975,3,-2.2,0
202.1783354,258,0,18.8,0,0,0.032,-0.01,-0.975,3,-2.2,0
202.1883354,254,-0.02,18.8,0,0,0.036,-0.028,-1.187,-1.2,-0.3,0.1
202.1983354,254,-0.02,18.8,0,0,0.036,-0.028,-1.187,-1.2,-0.3,0.1
202.2083354,257,-0.02,18.8,0,0,0.036,-0.028,-1.187,-1.2,-0.3,0.1
202.2183354,256,-0.02,18.8,0,0,0.036,-0.028,-1.187,-1.2,-0.3,0.1
202.2283354,256,-0.02,18.8,0,0,0.036,-0.028,-1.187,-1.2,-0.3,0.1
202.2383354,260,0,18.8,0,0,0.029,-0.007,-0.995,3.6,-14.2,0
202.2483354,254,0,18.8,0,0,0.029,-0.007,-0.995,3.6,-14.2,0
202.2583354,255,0,18.8,0,0,0.029,-0.007,-0.995,3.6,-14.2,0
202.2683354,263,0,18.8,0,0,0.029,-0.007,-0.995,3.6,-14.2,0
202.2783354,254,0,18.8,0,0,0.029,-0.007,-0.995,3.6,-14.2,0
202.2883354,254,0,18.8,0,0,0.018,-0.027,-1.155,-1.7,0.6,0.1
202.2983354,260,0,18.8,0,0,0.018,-0.027,-1.155,-1.7,0.6,0.1
202.3083354,252,0,18.8,0,0,0.018,-0.027,-1.155,-1.7,0.6,0.1
202.3183354,254,0,18.8,0,0,0.018,-0.027,-1.155,-1.7,0.6,0.1
202.3283354,259,0,18.8,0,0,0.018,-0.027,-1.155,-1.7,0.6,0.1
202.3383354,255,-0.01,18.8,0,0,0.041,-0.003,-0.824,-0.2,0,0
202.3483354,256,-0.01,18.8,0,0,0.041,-0.003,-0.824,-0.2,0,0
202.3583354,256,-0.01,18.8,0,0,0.041,-0.003,-0.824,-0.2,0,0
202.3683354,254,-0.01,18.8,0,0,0.041,-0.003,-0.824,-0.2,0,0
202.3783354,256,-0.01,18.8,0,0,0.041,-0.003,-0.824,-0.2,0,0
202.3883354,257,0.01,18.9,0,0,0.022,-0.016,-1.1,2,-2.3,0
202.3983354,256,0.01,18.9,0,0,0.022,-0.016,-1.1,2,-2.3,0
202.4083354,257,0.01,18.9,0,0,0.022,-0.016,-1.1,2,-2.3,0
202.4183354,257,0.01,18.9,0,0,0.022,-0.016,-1.1,2,-2.3,0
202.4283354,254,0.01,18.9,0,0,0.022,-0.016,-1.1,2,-2.3,0
202.4383354,255,0,18.9,0,0,0.02,-0.019,-1.09,-2,0.7,0.1
202.4483354,257,0,18.9,0,0,0.02,-0.019,-1.09,-2,0.7,0.1
202.4583354,256,0,18.9,0,0,0.02,-0.019,-1.09,-2,0.7,0.1
202.4683354,256,0,18.9,0,0,0.02,-0.019,-1.09,-2,0.7,0.1
202.4783354,261,0,18.9,0,0,0.02,-0.019,-1.09,-2,0.7,0.1
202.4886201,255,-0.01,18.9,0,0,0.045,0,-0.759,0.9,-0.1,0
202.4986201,256,-0.01,18.9,0,0,0.045,0,-0.759,0.9,-0.1,0
202.5086201,262,-0.01,18.9,0,0,0.045,0,-0.759,0.9,-0.1,0
202.5186201,252,-0.01,18.9,0,0,0.045,0,-0.759,0.9,-0.1,0
202.5286201,254,-0.01,18.9,0,0,0.045,0,-0.759,0.9,-0.1,0
202.5386201,260,0.01,18.8,0,0,0.019,-0.017,-1.163,1.2,-1.9,0
202.5486201,254,0.01,18.8,0,0,0.019,-0.017,-1.163,1.2,-1.9,0
202.5586201,256,0.01,18.8,0,0,0.019,-0.017,-1.163,1.2,-1.9,0
202.5686201,257,0.01,18.8,0,0,0.019,-0.017,-1.163,1.2,-1.9,0
202.5786201,253,0.01,18.8,0,0,0.019,-0.017,-1.163,1.2,-1.9,0
202.5886201,257,0,18.9,0,0,0.029,-0.012,-0.974,-1.6,1.2,0.1
202.5986201,258,0,18.9,0,0,0.029,-0.012,-0.974,-1.6,1.2,0.1
202.6086201,254,0,18.9,0,0,0.029,-0.012,-0.974,-1.6,1.2,0.1
202.6186201,256,0,18.9,0,0,0.029,-0.012,-0.974,-1.6,1.2,0.1
202.6286201,257,0,18.9,0,0,0.029,-0.012,-0.974,-1.6,1.2,0.1
202.6386201,256,-0.02,18.8,0,0,0.04,0.002,-0.83,1.7,-1.6,0
202.6486201,257,-0.02,18.8,0,0,0.04,0.002,-0.83,1.7,-1.6,0
202.6586201,257,-0.02,18.8,0,0,0.04,0.002,-0.83,1.7,-1.6,0
202.6686201,254,-0.02,18.8,0,0,0.04,0.002,-0.83,1.7,-1.6,0
202.6786201,255,-0.02,18.8,0,0,0.04,0.002,-0.83,1.7,-1.6,0
202.6886201,258,0.02,18.9,0,0,0.015,-0.024,-1.218,0.1,-1.5,0
202.6986201,256,0.02,18.9,0,0,0.015,-0.024,-1.218,0.1,-1.5,0
202.7086201,256,0.02,18.9,0,0,0.015,-0.024,-1.218,0.1,-1.5,0
202.7186201,260,0.02,18.9,0,0,0.015,-0.024,-1.218,0.1,-1.5,0
202.7286201,254,0.02,18.9,0,0,0.015,-0.024,-1.218,0.1,-1.5,0
202.7386201,255,-0.01,18.8,0,0,0.035,-0.003,-0.869,-1.2,1.4,0
202.7486201,263,-0.01,18.8,0,0,0.035,-0.003,-0.869,-1.2,1.4,0
202.7586201,254,-0.01,18.8,0,0,0.035,-0.003,-0.869,-1.2,1.4,0
202.7686201,254,-0.01,18.8,0,0,0.035,-0.003,-0.869,-1.2,1.4,0
202.7786201,260,-0.01,18.8,0,0,0.035,-0.003,-0.869,-1.2,1.4,0
202.7886201,254,0,18.8,0,0,0.035,-0.002,-0.916,2.1,-2,0
202.7986201,254,0,18.8,0,0,0.035,-0.002,-0.916,2.1,-2,0
202.8086201,257,0,18.8,0,0,0.035,-0.002,-0.916,2.1,-2,0
202.8186201,255,0,18.8,0,0,0.035,-0.002,-0.916,2.1,-2,0
202.8286201,255,0,18.8,0,0,0.035,-0.002,-0.916,2.1,-2,0
202.8386201,255,0.01,18.9,0,0,0.018,-0.02,-1.165,-0.4,-0.4,0.1
202.8486201,255,0.01,18.9,0,0,0.018,-0.02,-1.165,-0.4,-0.4,0.1
202.8586201,257,0.01,18.9,0,0,0.018,-0.02,-1.165,-0.4,-0.4,0.1
202.8686201,256,0.01,18.9,0,0,0.018,-0.02,-1.165,-0.4,-0.4,0.1
202.8786201,255,0.01,18.9,0,0,0.018,-0.02,-1.165,-0.4,-0.4,0.1
202.8886201,258,-0.01,18.9,0,0,0.04,-0.005,-0.827,-0.1,0.9,0.1
202.8986201,257,-0.01,18.9,0,0,0.04,-0.005,-0.827,-0.1,0.9,0.1
202.9086201,254,-0.01,18.9,0,0,0.04,-0.005,-0.827,-0.1,0.9,0.1
202.9186201,257,-0.01,18.9,0,0,0.04,-0.005,-0.827,-0.1,0.9,0.1
202.9286201,257,-0.01,18.9,0,0,0.04,-0.005,-0.827,-0.1,0.9,0.1
202.9386201,256,-0.01,18.9,0,0,0.03,-0.002,-0.983,3,-3.1,0
202.9486201,257,-0.01,18.9,0,0,0.03,-0.002,-0.983,3,-3.1,0
202.9586201,256,-0.01,18.9,0,0,0.03,-0.002,-0.983,3,-3.1,0
202.9686201,258,-0.01,18.9,0,0,0.03,-0.002,-0.983,3,-3.1,0
202.9786201,256,-0.01,18.9,0,0,0.03,-0.002,-0.983,3,-3.1,0
202.9886201,255,0.01,18.9,0,0,0.019,-0.028,-1.162,-2.3,0.8,0.1
202.9986201,258,0.01,18.9,0,0,0.019,-0.028,-1.162,-2.3,0.8,0.1
203.0086201,255,0.01,18.9,0,0,0.019,-0.028,-1.162,-2.3,0.8,0.1
203.0186201,257,0.01,18.9,0,0,0.019,-0.028,-1.162,-2.3,0.8,0.1
203.0286201,255,0.01,18.9,0,0,0.019,-0.028,-1.162,-2.3,0.8,0.1
203.0386201,254,-0.01,18.9,0,0,0.04,-0.004,-0.823,1.5,-0.6,0
203.0486201,257,-0.01,18.9,0,0,0.04,-0.004,-0.823,1.5,-0.6,0
203.0586201,255,-0.01,18.9,0,0,0.04,-0.004,-0.823,1.5,-0.6,0
203.0686201,255,-0.01,18.9,0,0,0.04,-0.004,-0.823,1.5,-0.6,0
203.0786201,258,-0.01,18.9,0,0,0.04,-0.004,-0.823,1.5,-0.6,0
203.0886201,255,0,18.9,0,0,0.025,-0.013,-1.078,1.5,-2.1,0
203.0986201,256,0,18.9,0,0,0.025,-0.013,-1.078,1.5,-2.1,0
203.1086201,257,0,18.9,0,0,0.025,-0.013,-1.078,1.5,-2.1,0
203.1186201,255,0,18.9,0,0,0.025,-0.013,-1.078,1.5,-2.1,0
203.1286201,257,0,18.9,0,0,0.025,-0.013,-1.078,1.5,-2.1,0
203.156788,256,-0.01,18.9,0,0,0.043,-0.001,-0.77,2.5,-0.9,0
203.166788,256,-0.01,18.9,0,0,0.043,-0.001,-0.77,2.5,-0.9,0
203.176788,259,-0.01,18.9,0,0,0.043,-0.001,-0.77,2.5,-0.9,0
203.186788,258,-0.01,18.9,0,0,0.043,-0.001,-0.77,2.5,-0.9,0
203.196788,257,-0.01,18.9,0,0,0.043,-0.001,-0.77,2.5,-0.9,0
203.2371509,259,0,18.9,0,0,0.017,-0.024,-1.189,1,-2,0
203.2471509,253,0,18.9,0,0,0.017,-0.024,-1.189,1,-2,0
203.2571509,255,0,18.9,0,0,0.017,-0.024,-1.189,1,-2,0
203.2671509,257,0,18.9,0,0,0.017,-0.024,-1.189,1,-2,0
203.2771509,256,0,18.9,0,0,0.017,-0.024,-1.189,1,-2,0
203.2871509,256,0.01,18.9,0,0,0.031,-0.02,-0.98,-2.1,1.1,0
203.2971509,255,0.01,18.9,0,0,0.031,-0.02,-0.98,-2.1,1.1,0
203.3071509,256,0.01,18.9,0,0,0.031,-0.02,-0.98,-2.1,1.1,0
203.3171509,257,0.01,18.9,0,0,0.031,-0.02,-0.98,-2.1,1.1,0
203.3271509,253,0.01,18.9,0,0,0.031,-0.02,-0.98,-2.1,1.1,0
203.3371509,257,-0.02,18.9,0,0,0.035,-0.008,-0.902,2.8,-1.8,0
203.3471509,259,-0.02,18.9,0,0,0.035,-0.008,-0.902,2.8,-1.8,0
203.3571509,253,-0.02,18.9,0,0,0.035,-0.008,-0.902,2.8,-1.8,0
203.3671509,257,-0.02,18.9,0,0,0.035,-0.008,-0.902,2.8,-1.8,0
203.3771509,257,-0.02,18.9,0,0,0.035,-0.008,-0.902,2.8,-1.8,0
203.3871509,255,0,18.9,0,0,0.017,-0.026,-1.195,0,-1.5,0
203.3971509,257,0,18.9,0,0,0.017,-0.026,-1.195,0,-1.5,0
203.4071509,257,0,18.9,0,0,0.017,-0.026,-1.195,0,-1.5,0
203.4171509,256,0,18.9,0,0,0.017,-0.026,-1.195,0,-1.5,0
203.4271509,255,0,18.9,0,0,0.017,-0.026,-1.195,0,-1.5,0
203.4371509,257,0,18.9,0,0,0.035,-0.016,-0.916,-2.1,1.8,0
203.4471509,259,0,18.9,0,0,0.035,-0.016,-0.916,-2.1,1.8,0
203.4571509,255,0,18.9,0,0,0.035,-0.016,-0.916,-2.1,1.8,0
203.4671509,256,0,18.9,0,0,0.035,-0.016,-0.916,-2.1,1.8,0
203.4771509,259,0,18.9,0,0,0.035,-0.016,-0.916,-2.1,1.8,0
203.4871509,255,-0.01,18.8,0,0,0.031,-0.01,-0.962,3,-2.6,0
203.4971509,255,-0.01,18.8,0,0,0.031,-0.01,-0.962,3,-2.6,0
203.5071509,255,-0.01,18.8,0,0,0.031,-0.01,-0.962,3,-2.6,0
203.5171509,256,-0.01,18.8,0,0,0.031,-0.01,-0.962,3,-2.6,0
203.5271509,256,-0.01,18.8,0,0,0.031,-0.01,-0.962,3,-2.6,0
203.5371509,255,0.01,18.8,0,0,0.018,-0.028,-1.164,-1.1,0,0
203.5471509,257,0.01,18.8,0,0,0.018,-0.028,-1.164,-1.1,0,0
203.5571509,257,0.01,18.8,0,0,0.018,-0.028,-1.164,-1.1,0,0
203.5671509,254,0.01,18.8,0,0,0.018,-0.028,-1.164,-1.1,0,0
203.5771509,257,0.01,18.8,0,0,0.018,-0.028,-1.164,-1.1,0,0
203.5871509,259,0,18.8,0,0,0.038,-0.008,-0.853,-1.1,0.8,0
203.5971509,254,0,18.8,0,0,0.038,-0.008,-0.853,-1.1,0.8,0
203.6071509,255,0,18.8,0,0,0.038,-0.008,-0.853,-1.1,0.8,0
203.6171509,257,0,18.8,0,0,0.038,-0.008,-0.853,-1.1,0.8,0
203.6271509,255,0,18.8,0,0,0.038,-0.008,-0.853,-1.1,0.8,0
203.6371509,256,-0.02,18.8,0,0,0.027,-0.013,-1.041,3.1,-2.8,0
203.6471509,257,-0.02,18.8,0,0,0.027,-0.013,-1.041,3.1,-2.8,0
203.6571509,256,-0.02,18.8,0,0,0.027,-0.013,-1.041,3.1,-2.8,0
203.6671509,256,-0.02,18.8,0,0,0.027,-0.013,-1.041,3.1,-2.8,0
203.6771509,256,-0.02,18.8,0,0,0.027,-0.013,-1.041,3.1,-2.8,0
203.6871509,259,0.02,18.8,0,0,0.019,-0.023,-1.142,-2.1,0.7,0
203.6971509,256,0.02,18.8,0,0,0.019,-0.023,-1.142,-2.1,0.7,0
203.7071509,257,0.02,18.8,0,0,0.019,-0.023,-1.142,-2.1,0.7,0
203.7171509,259,0.02,18.8,0,0,0.019,-0.023,-1.142,-2.1,0.7,0
203.7271509,254,0.02,18.8,0,0,0.019,-0.023,-1.142,-2.1,0.7,0
203.7371509,255,0,18.9,0,0,0.041,-0.003,-0.818,0.1,0.1,0
203.7471509,256,0,18.9,0,0,0.041,-0.003,-0.818,0.1,0.1,0
203.7571509,256,0,18.9,0,0,0.041,-0.003,-0.818,0.1,0.1,0
203.7671509,258,0,18.9,0,0,0.041,-0.003,-0.818,0.1,0.1,0
203.7771509,255,0,18.9,0,0,0.041,-0.003,-0.818,0.1,0.1,0
203.7871509,255,-0.03,18.8,0,0,0.021,-0.014,-1.102,1.7,-2.3,0
203.7971509,258,-0.03,18.8,0,0,0.021,-0.014,-1.102,1.7,-2.3,0
203.8071509,254,-0.03,18.8,0,0,0.021,-0.014,-1.102,1.7,-2.3,0
203.8171509,256,-0.03,18.8,0,0,0.021,-0.014,-1.102,1.7,-2.3,0
203.8271509,257,-0.03,18.8,0,0,0.021,-0.014,-1.102,1.7,-2.3,0
203.8371509,255,0,18.9,0,0,0.024,-0.018,-1.06,-2,1.2,0
203.8471509,258,0,18.9,0,0,0.024,-0.018,-1.06,-2,1.2,0
203.8571509,257,0,18.9,0,0,0.024,-0.018,-1.06,-2,1.2,0
203.8671509,253,0,18.9,0,0,0.024,-0.018,-1.06,-2,1.2,0
203.8771509,257,0,18.9,0,0,0.024,-0.018,-1.06,-2,1.2,0
203.8871509,257,0,18.8,0,0,0.045,0.004,-0.757,0.9,-0.6,-0.1
203.8971509,255,0,18.8,0,0,0.045,0.004,-0.757,0.9,-0.6,-0.1
203.9071509,256,0,18.8,0,0,0.045,0.004,-0.757,0.9,-0.6,-0.1
203.9171509,256,0,18.8,0,0,0.045,0.004,-0.757,0.9,-0.6,-0.1
203.9271509,260,0,18.8,0,0,0.045,0.004,-0.757,0.9,-0.6,-0.1
203.9371509,257,0,18.9,0,0,0.015,-0.022,-1.214,0.9,-1.8,0
203.9471509,256,0,18.9,0,0,0.015,-0.022,-1.214,0.9,-1.8,0
203.9571509,258,0,18.9,0,0,0.015,-0.022,-1.214,0.9,-1.8,0
203.9671509,254,0,18.9,0,0,0.015,-0.022,-1.214,0.9,-1.8,0
203.9771509,256,0,18.9,0,0,0.015,-0.022,-1.214,0.9,-1.8,0
203.9871509,256,0.01,18.9,0,0,0.031,-0.009,-0.942,-1.1,1,0
203.9971509,256,0.01,18.9,0,0,0.031,-0.009,-0.942,-1.1,1,0
204.0071509,257,0.01,18.9,0,0,0.031,-0.009,-0.942,-1.1,1,0
204.0171509,255,0.01,18.9,0,0,0.031,-0.009,-0.942,-1.1,1,0
204.0271509,256,0.01,18.9,0,0,0.031,-0.009,-0.942,-1.1,1,0
204.0371509,258,-0.01,18.8,0,0,0.04,0,-0.859,1.7,-1.3,0
204.0471509,254,-0.01,18.8,0,0,0.04,0,-0.859,1.7,-1.3,0
204.0571509,257,-0.01,18.8,0,0,0.04,0,-0.859,1.7,-1.3,0
204.0671509,257,-0.01,18.8,0,0,0.04,0,-0.859,1.7,-1.3,0
204.0771509,258,-0.01,18.8,0,0,0.04,0,-0.859,1.7,-1.3,0
204.0871509,259,-0.01,18.8,0,0,0.016,-0.02,-1.189,0.3,-1.4,0
204.0971509,255,-0.01,18.8,0,0,0.016,-0.02,-1.189,0.3,-1.4,0
204.1071509,255,-0.01,18.8,0,0,0.016,-0.02,-1.189,0.3,-1.4,0
204.1171509,257,-0.01,18.8,0,0,0.016,-0.02,-1.189,0.3,-1.4,0
204.1271509,256,-0.01,18.8,0,0,0.016,-0.02,-1.189,0.3,-1.4,0
204.1371509,256,0.01,18.8,0,0,0.037,-0.006,-0.866,-1.4,1.7,0
204.1471509,260,0.01,18.8,0,0,0.037,-0.006,-0.866,-1.4,1.7,0
204.1571509,254,0.01,18.8,0,0,0.037,-0.006,-0.866,-1.4,1.7,0
204.1671509,255,0.01,18.8,0,0,0.037,-0.006,-0.866,-1.4,1.7,0
204.1771509,262,0.01,18.8,0,0,0.037,-0.006,-0.866,-1.4,1.7,0
204.1871509,254,-0.01,18.9,0,0,0.034,0,-0.921,2.8,-2.8,0
204.1971509,253,-0.01,18.9,0,0,0.034,0,-0.921,2.8,-2.8,0
204.2071509,260,-0.01,18.9,0,0,0.034,0,-0.921,2.8,-2.8,0
204.2171509,254,-0.01,18.9,0,0,0.034,0,-0.921,2.8,-2.8,0
204.2271509,256,-0.01,18.9,0,0,0.034,0,-0.921,2.8,-2.8,0
204.2371509,258,0,18.9,0,0,0.019,-0.023,-1.156,-1.3,0.1,0.1
204.2471509,254,0,18.9,0,0,0.019,-0.023,-1.156,-1.3,0.1,0.1
204.2571509,256,0,18.9,0,0,0.019,-0.023,-1.156,-1.3,0.1,0.1
204.2671509,256,0,18.9,0,0,0.019,-0.023,-1.156,-1.3,0.1,0.1
204.2771509,255,0,18.9,0,0,0.019,-0.023,-1.156,-1.3,0.1,0.1
204.2871509,256,0.01,18.9,0,0,0.039,-0.004,-0.84,0.5,0.1,0
204.2971509,257,0.01,18.9,0,0,0.039,-0.004,-0.84,0.5,0.1,0
204.3071509,254,0.01,18.9,0,0,0.039,-0.004,-0.84,0.5,0.1,0
204.3171509,257,0.01,18.9,0,0,0.039,-0.004,-0.84,0.5,0.1,0
204.3271509,257,0.01,18.9,0,0,0.039,-0.004,-0.84,0.5,0.1,0
204.3371509,255,-0.02,18.8,0,0,0.029,-0.006,-1.01,2.4,-2.7,0
204.3471509,256,-0.02,18.8,0,0,0.029,-0.006,-1.01,2.4,-2.7,0
204.3571509,257,-0.02,18.8,0,0,0.029,-0.006,-1.01,2.4,-2.7,0
204.3671509,256,-0.02,18.8,0,0,0.029,-0.006,-1.01,2.4,-2.7,0
204.3771509,256,-0.02,18.8,0,0,0.029,-0.006,-1.01,2.4,-2.7,0
204.3871509,260,-0.01,18.8,0,0,0.017,-0.026,-1.172,-2.2,0.8,0.1
204.3971509,254,-0.01,18.8,0,0,0.017,-0.026,-1.172,-2.2,0.8,0.1
204.4071509,255,-0.01,18.8,0,0,0.017,-0.026,-1.172,-2.2,0.8,0.1
204.4171509,262,-0.01,18.8,0,0,0.017,-0.026,-1.172,-2.2,0.8,0.1
204.4271509,254,-0.01,18.8,0,0,0.017,-0.026,-1.172,-2.2,0.8,0.1
204.4371509,253,0,18.8,0,0,0.043,-0.006,-0.796,1.5,-0.5,0
204.4471509,260,0,18.8,0,0,0.043,-0.006,-0.796,1.5,-0.5,0
204.4571509,254,0,18.8,0,0,0.043,-0.006,-0.796,1.5,-0.5,0
204.4671509,256,0,18.8,0,0,0.043,-0.006,-0.796,1.5,-0.5,0
204.4771509,258,0,18.8,0,0,0.043,-0.006,-0.796,1.5,-0.5,0
204.4871509,254,-0.02,18.8,0,0,0.02,-0.018,-1.123,1.5,-2.1,0
204.4971509,256,-0.02,18.8,0,0,0.02,-0.018,-1.123,1.5,-2.1,0
204.5071509,256,-0.02,18.8,0,0,0.02,-0.018,-1.123,1.5,-2.1,0
204.5171509,255,-0.02,18.8,0,0,0.02,-0.018,-1.123,1.5,-2.1,0
204.5271509,257,-0.02,18.8,0,0,0.02,-0.018,-1.123,1.5,-2.1,0
204.5371509,257,0,18.8,0,0,0.024,-0.025,-1.059,-2.4,1.1,0
204.5471509,254,0,18.8,0,0,0.024,-0.025,-1.059,-2.4,1.1,0
204.5571509,256,0,18.8,0,0,0.024,-0.025,-1.059,-2.4,1.1,0
204.5671509,257,0,18.8,0,0,0.024,-0.025,-1.059,-2.4,1.1,0
204.5771509,256,0,18.8,0,0,0.024,-0.025,-1.059,-2.4,1.1,0
204.5890278,256,0,18.8,0,0,0.041,-0.004,-0.818,2.8,-1.4,0
204.5990278,257,0,18.8,0,0,0.041,-0.004,-0.818,2.8,-1.4,0
204.6090278,256,0,18.8,0,0,0.041,-0.004,-0.818,2.8,-1.4,0
204.6190278,256,0,18.8,0,0,0.041,-0.004,-0.818,2.8,-1.4,0
204.6290278,261,0,18.8,0,0,0.041,-0.004,-0.818,2.8,-1.4,0
204.6390278,254,-0.01,18.8,0,0,0.016,-0.026,-1.21,0.4,-1.8,0
204.6490278,254,-0.01,18.8,0,0,0.016,-0.026,-1.21,0.4,-1.8,0
204.6590278,262,-0.01,18.8,0,0,0.016,-0.026,-1.21,0.4,-1.8,0
204.6690278,253,-0.01,18.8,0,0,0.016,-0.026,-1.21,0.4,-1.8,0
204.6790278,254,-0.01,18.8,0,0,0.016,-0.026,-1.21,0.4,-1.8,0
204.6890278,262,0.01,18.9,0,0,0.03,-0.018,-0.958,-2.1,1.3,0
204.6990278,254,0.01,18.9,0,0,0.03,-0.018,-0.958,-2.1,1.3,0
204.7090278,254,0.01,18.9,0,0,0.03,-0.018,-0.958,-2.1,1.3,0
204.7190278,258,0.01,18.9,0,0,0.03,-0.018,-0.958,-2.1,1.3,0
204.7290278,255,0.01,18.9,0,0,0.03,-0.018,-0.958,-2.1,1.3,0
204.7390278,256,0,18.9,0,0,0.033,-0.008,-0.934,2.6,-2.1,0
204.7490278,256,0,18.9,0,0,0.033,-0.008,-0.934,2.6,-2.1,0
204.7590278,254,0,18.9,0,0,0.033,-0.008,-0.934,2.6,-2.1,0
204.7690278,256,0,18.9,0,0,0.033,-0.008,-0.934,2.6,-2.1,0
204.7790278,257,0,18.9,0,0,0.033,-0.008,-0.934,2.6,-2.1,0
204.7890278,256,-0.02,18.9,0,0,0.016,-0.031,-1.201,-0.6,-0.7,0
204.7990278,257,-0.02,18.9,0,0,0.016,-0.031,-1.201,-0.6,-0.7,0
204.8090278,257,-0.02,18.9,0,0,0.016,-0.031,-1.201,-0.6,-0.7,0
204.8190278,254,-0.02,18.9,0,0,0.016,-0.031,-1.201,-0.6,-0.7,0
204.8290278,256,-0.02,18.9,0,0,0.016,-0.031,-1.201,-0.6,-0.7,0
204.8390278,257,0.01,18.9,0,0,0.037,-0.015,-0.868,-2,1.5,0
204.8490278,254,0.01,18.9,0,0,0.037,-0.015,-0.868,-2,1.5,0
204.8590278,255,0.01,18.9,0,0,0.037,-0.015,-0.868,-2,1.5,0
204.8690278,262,0.01,18.9,0,0,0.037,-0.015,-0.868,-2,1.5,0
204.8790278,256,0.01,18.9,0,0,0.037,-0.015,-0.868,-2,1.5,0
204.892929,255,0,18.9,0,0,0.028,-0.013,-1.021,3.2,-2.8,0
204.902929,262,0,18.9,0,0,0.028,-0.013,-1.021,3.2,-2.8,0
204.912929,254,0,18.9,0,0,0.028,-0.013,-1.021,3.2,-2.8,0
204.922929,254,0,18.9,0,0,0.028,-0.013,-1.021,3.2,-2.8,0
204.932929,260,0,18.9,0,0,0.028,-0.013,-1.021,3.2,-2.8,0
204.942929,254,-0.01,18.9,0,0,0.02,-0.024,-1.125,-1.4,0.3,0.1
204.952929,255,-0.01,18.9,0,0,0.02,-0.024,-1.125,-1.4,0.3,0.1
204.962929,258,-0.01,18.9,0,0,0.02,-0.024,-1.125,-1.4,0.3,0.1
204.972929,253,-0.01,18.9,0,0,0.02,-0.024,-1.125,-1.4,0.3,0.1
204.982929,256,-0.01,18.9,0,0,0.02,-0.024,-1.125,-1.4,0.3,0.1
204.992929,258,0.01,18.8,0,0,0.039,-0.008,-0.85,-0.4,0.5,0
205.002929,254,0.01,18.8,0,0,0.039,-0.008,-0.85,-0.4,0.5,0
205.012929,256,0.01,18.8,0,0,0.039,-0.008,-0.85,-0.4,0.5,0
205.022929,257,0.01,18.8,0,0,0.039,-0.008,-0.85,-0.4,0.5,0
205.032929,256,0.01,18.8,0,0,0.039,-0.008,-0.85,-0.4,0.5,0
205.042929,257,0,18.9,0,0,0.023,-0.014,-1.075,2.5,-2.8,0
205.052929,257,0,18.9,0,0,0.023,-0.014,-1.075,2.5,-2.8,0
205.062929,255,0,18.9,0,0,0.023,-0.014,-1.075,2.5,-2.8,0
205.072929,255,0,18.9,0,0,0.023,-0.014,-1.075,2.5,-2.8,0
205.082929,256,0,18.9,0,0,0.023,-0.014,-1.075,2.5,-2.8,0
205.092929,255,-0.01,18.9,0,0,0.02,-0.02,-1.118,-2.3,1.4,0
205.102929,256,-0.01,18.9,0,0,0.02,-0.02,-1.118,-2.3,1.4,0
205.112929,261,-0.01,18.9,0,0,0.02,-0.02,-1.118,-2.3,1.4,0
205.122929,254,-0.01,18.9,0,0,0.02,-0.02,-1.118,-2.3,1.4,0
205.132929,255,-0.01,18.9,0,0,0.02,-0.02,-1.118,-2.3,1.4,0
205.142929,262,0.01,18.8,0,0,0.042,0.001,-0.776,0.9,-0.7,0
205.152929,253,0.01,18.8,0,0,0.042,0.001,-0.776,0.9,-0.7,0
205.162929,254,0.01,18.8,0,0,0.042,0.001,-0.776,0.9,-0.7,0
205.172929,260,0.01,18.8,0,0,0.042,0.001,-0.776,0.9,-0.7,0
205.182929,254,0.01,18.8,0,0,0.042,0.001,-0.776,0.9,-0.7,0
205.192929,254,-0.01,18.9,0,0,0.018,-0.018,-1.155,1.1,-1.7,0
205.202929,257,-0.01,18.9,0,0,0.018,-0.018,-1.155,1.1,-1.7,0
205.212929,255,-0.01,18.9,0,0,0.018,-0.018,-1.155,1.1,-1.7,0
205.222929,256,-0.01,18.9,0,0,0.018,-0.018,-1.155,1.1,-1.7,0
205.232929,256,-0.01,18.9,0,0,0.018,-0.018,-1.155,1.1,-1.7,0
205.242929,255,0,18.8,0,0,0.04,-0.013,-0.984,-1.5,0.9,0
205.252929,257,0,18.8,0,0,0.04,-0.013,-0.984,-1.5,0.9,0
205.262929,256,0,18.8,0,0,0.04,-0.013,-0.984,-1.5,0.9,0
205.272929,255,0,18.8,0,0,0.04,-0.013,-0.984,-1.5,0.9,0
205.282929,257,0,18.8,0,0,0.04,-0.013,-0.984,-1.5,0.9,0
205.292929,256,0.02,18.9,0,0,0.019,-0.019,-1.172,1.2,-2.1,0
205.302929,255,0.02,18.9,0,0,0.019,-0.019,-1.172,1.2,-2.1,0
205.312929,257,0.02,18.9,0,0,0.019,-0.019,-1.172,1.2,-2.1,0
205.322929,257,0.02,18.9,0,0,0.019,-0.019,-1.172,1.2,-2.1,0
205.332929,256,0.02,18.9,0,0,0.019,-0.019,-1.172,1.2,-2.1,0
205.342929,255,-0.01,18.9,0,0,0.031,-0.008,-0.945,-2,1.9,0.1
205.352929,257,-0.01,18.9,0,0,0.031,-0.008,-0.945,-2,1.9,0.1
205.362929,259,-0.01,18.9,0,0,0.031,-0.008,-0.945,-2,1.9,0.1
205.372929,255,-0.01,18.9,0,0,0.031,-0.008,-0.945,-2,1.9,0.1
205.382929,256,-0.01,18.9,0,0,0.031,-0.008,-0.945,-2,1.9,0.1
205.392929,259,0,18.8,0,0,0.037,0.002,-0.852,2.5,-2.3,0
205.402929,255,0,18.8,0,0,0.037,0.002,-0.852,2.5,-2.3,0
205.412929,256,0,18.8,0,0,0.037,0.002,-0.852,2.5,-2.3,0
205.422929,256,0,18.8,0,0,0.037,0.002,-0.852,2.5,-2.3,0
205.432929,255,0,18.8,0,0,0.037,0.002,-0.852,2.5,-2.3,0
205.442929,256,0.01,18.8,0,0,0.019,-0.022,-1.176,-0.5,-0.4,0
205.452929,255,0.01,18.8,0,0,0.019,-0.022,-1.176,-0.5,-0.4,0
205.462929,256,0.01,18.8,0,0,0.019,-0.022,-1.176,-0.5,-0.4,0
205.472929,257,0.01,18.8,0,0,0.019,-0.022,-1.176,-0.5,-0.4,0
205.482929,254,0.01,18.8,0,0,0.019,-0.022,-1.176,-0.5,-0.4,0
205.492929,257,-0.02,18.9,0,0,0.036,-0.003,-0.866,-0.2,0.6,0
205.502929,258,-0.02,18.9,0,0,0.036,-0.003,-0.866,-0.2,0.6,0
205.512929,254,-0.02,18.9,0,0,0.036,-0.003,-0.866,-0.2,0.6,0
205.522929,257,-0.02,18.9,0,0,0.036,-0.003,-0.866,-0.2,0.6,0
205.532929,257,-0.02,18.9,0,0,0.036,-0.003,-0.866,-0.2,0.6,0
205.542929,255,0,18.8,0,0,0.034,0,-0.923,2.5,-2.4,0
205.552929,257,0,18.8,0,0,0.034,0,-0.923,2.5,-2.4,0
205.562929,257,0,18.8,0,0,0.034,0,-0.923,2.5,-2.4,0
205.572929,256,0,18.8,0,0,0.034,0,-0.923,2.5,-2.4,0
205.582929,256,0,18.8,0,0,0.034,0,-0.923,2.5,-2.4,0
205.592929,255,0,18.8,0,0,0.015,-0.029,-1.223,-1.5,0,0.1
205.602929,259,0,18.8,0,0,0.015,-0.029,-1.223,-1.5,0,0.1
205.612929,256,0,18.8,0,0,0.015,-0.029,-1.223,-1.5,0,0.1
205.622929,256,0,18.8,0,0,0.015,-0.029,-1.223,-1.5,0,0.1
205.632929,259,0,18.8,0,0,0.015,-0.029,-1.223,-1.5,0,0.1
205.642929,254,-0.01,18.9,0,0,0.042,-0.003,-0.792,0.6,0.3,0
205.652929,256,-0.01,18.9,0,0,0.042,-0.003,-0.792,0.6,0.3,0
205.662929,257,-0.01,18.9,0,0,0.042,-0.003,-0.792,0.6,0.3,0
205.672929,256,-0.01,18.9,0,0,0.042,-0.003,-0.792,0.6,0.3,0
205.682929,256,-0.01,18.9,0,0,0.042,-0.003,-0.792,0.6,0.3,0
205.692929,255,0,18.8,0,0,0.024,-0.01,-1.058,2,-2.3,0
205.702929,256,0,18.8,0,0,0.024,-0.01,-1.058,2,-2.3,0
205.712929,257,0,18.8,0,0,0.024,-0.01,-1.058,2,-2.3,0
205.722929,254,0,18.8,0,0,0.024,-0.01,-1.058,2,-2.3,0
205.732929,257,0,18.8,0,0,0.024,-0.01,-1.058,2,-2.3,0
205.742929,257,0.01,18.9,0,0,0.021,-0.026,-1.117,-2,0.7,0.1
205.752929,255,0.01,18.9,0,0,0.021,-0.026,-1.117,-2,0.7,0.1
205.762929,257,0.01,18.9,0,0,0.021,-0.026,-1.117,-2,0.7,0.1
205.772929,257,0.01,18.9,0,0,0.021,-0.026,-1.117,-2,0.7,0.1
205.782929,255,0.01,18.9,0,0,0.021,-0.026,-1.117,-2,0.7,0.1
205.792929,256,-0.02,18.7,0,0,0.043,-0.003,-0.791,1.8,-0.4,0
205.802929,257,-0.02,18.7,0,0,0.043,-0.003,-0.791,1.8,-0.4,0
205.812929,256,-0.02,18.7,0,0,0.043,-0.003,-0.791,1.8,-0.4,0
205.822929,256,-0.02,18.7,0,0,0.043,-0.003,-0.791,1.8,-0.4,0
205.832929,257,-0.02,18.7,0,0,0.043,-0.003,-0.791,1.8,-0.4,0
205.8629796,259,0,18.8,0,0,0.019,-0.019,-1.15,1.7,-2.6,0
205.8729796,255,0,18.8,0,0,0.019,-0.019,-1.15,1.7,-2.6,0
205.8829796,256,0,18.8,0,0,0.019,-0.019,-1.15,1.7,-2.6,0
205.8929796,259,0,18.8,0,0,0.019,-0.019,-1.15,1.7,-2.6,0
205.9029796,255,0,18.8,0,0,0.019,-0.019,-1.15,1.7,-2.6,0
205.9129796,256,0,18.8,0,0,0.025,-0.021,-1.044,-2.2,1.2,0
205.9229796,255,0,18.8,0,0,0.025,-0.021,-1.044,-2.2,1.2,0
205.9329796,254,0,18.8,0,0,0.025,-0.021,-1.044,-2.2,1.2,0
205.9429796,256,0,18.8,0,0,0.025,-0.021,-1.044,-2.2,1.2,0
205.9529796,255,0,18.8,0,0,0.025,-0.021,-1.044,-2.2,1.2,0
205.9629796,258,-0.02,18.9,0,0,0.039,-0.007,-0.862,2.3,-1.5,0
205.9729796,258,-0.02,18.9,0,0,0.039,-0.007,-0.862,2.3,-1.5,0
205.9829796,252,-0.02,18.9,0,0,0.039,-0.007,-0.862,2.3,-1.5,0
205.9929796,257,-0.02,18.9,0,0,0.039,-0.007,-0.862,2.3,-1.5,0
206.0029796,258,-0.02,18.9,0,0,0.039,-0.007,-0.862,2.3,-1.5,0
206.0129796,253,0,18.9,0,0,0.017,-0.024,-1.18,0.5,-1.7,0
206.0229796,257,0,18.9,0,0,0.017,-0.024,-1.18,0.5,-1.7,0
206.0329796,257,0,18.9,0,0,0.017,-0.024,-1.18,0.5,-1.7,0
206.0429796,255,0,18.9,0,0,0.017,-0.024,-1.18,0.5,-1.7,0
206.0529796,257,0,18.9,0,0,0.017,-0.024,-1.18,0.5,-1.7,0
206.0629796,257,0,18.8,0,0,0.031,-0.021,-0.965,-2.9,1.8,0
206.0729796,256,0,18.8,0,0,0.031,-0.021,-0.965,-2.9,1.8,0
206.0829796,255,0,18.8,0,0,0.031,-0.021,-0.965,-2.9,1.8,0
206.0929796,255,0,18.8,0,0,0.031,-0.021,-0.965,-2.9,1.8,0
206.1029796,259,0,18.8,0,0,0.031,-0.021,-0.965,-2.9,1.8,0
206.1129796,258,-0.01,18.9,0,0,0.036,-0.008,-0.924,3.4,-2.6,0
206.1229796,257,-0.01,18.9,0,0,0.036,-0.008,-0.924,3.4,-2.6,0
206.1329796,259,-0.01,18.9,0,0,0.036,-0.008,-0.924,3.4,-2.6,0
206.1429796,253,-0.01,18.9,0,0,0.036,-0.008,-0.924,3.4,-2.6,0
206.1529796,255,-0.01,18.9,0,0,0.036,-0.008,-0.924,3.4,-2.6,0
206.1629796,257,0,18.8,0,0,0.018,-0.028,-1.171,-0.7,-0.6,0
206.1729796,256,0,18.8,0,0,0.018,-0.028,-1.171,-0.7,-0.6,0
206.1829796,256,0,18.8,0,0,0.018,-0.028,-1.171,-0.7,-0.6,0
206.1929796,254,0,18.8,0,0,0.018,-0.028,-1.171,-0.7,-0.6,0
206.2029796,257,0,18.8,0,0,0.018,-0.028,-1.171,-0.7,-0.6,0
206.2129796,258,0,18.8,0,0,0.036,-0.013,-0.902,-1.2,1,0
206.2229796,254,0,18.8,0,0,0.036,-0.013,-0.902,-1.2,1,0
206.2329796,256,0,18.8,0,0,0.036,-0.013,-0.902,-1.2,1,0
206.2429796,257,0,18.8,0,0,0.036,-0.013,-0.902,-1.2,1,0
206.2529796,254,0,18.8,0,0,0.036,-0.013,-0.902,-1.2,1,0
206.2629796,258,-0.01,18.9,0,0,0.03,-0.009,-0.994,3.1,-2.8,0
206.2729796,257,-0.01,18.9,0,0,0.03,-0.009,-0.994,3.1,-2.8,0
206.2829796,254,-0.01,18.9,0,0,0.03,-0.009,-0.994,3.1,-2.8,0
206.2929796,257,-0.01,18.9,0,0,0.03,-0.009,-0.994,3.1,-2.8,0
206.3029796,257,-0.01,18.9,0,0,0.03,-0.009,-0.994,3.1,-2.8,0
206.3129796,256,0.01,18.8,0,0,0.014,-0.027,-1.194,-1.8,0.5,0.1
206.3229796,257,0.01,18.8,0,0,0.014,-0.027,-1.194,-1.8,0.5,0.1
206.3329796,256,0.01,18.8,0,0,0.014,-0.027,-1.194,-1.8,0.5,0.1
206.3429796,258,0.01,18.8,0,0,0.014,-0.027,-1.194,-1.8,0.5,0.1
206.3529796,255,0.01,18.8,0,0,0.014,-0.027,-1.194,-1.8,0.5,0.1
206.3629796,256,-0.01,18.8,0,0,0.043,-0.002,-0.779,-0.1,0.2,0
206.3729796,260,-0.01,18.8,0,0,0.043,-0.002,-0.779,-0.1,0.2,0
206.3829796,259,-0.01,18.8,0,0,0.043,-0.002,-0.779,-0.1,0.2,0
206.3929796,256,-0.01,18.8,0,0,0.043,-0.002,-0.779,-0.1,0.2,0
206.4029796,256,-0.01,18.8,0,0,0.043,-0.002,-0.779,-0.1,0.2,0
206.4129796,257,0,18.8,0,0,0.022,-0.017,-1.119,1.8,-2.1,0
206.4229796,253,0,18.8,0,0,0.022,-0.017,-1.119,1.8,-2.1,0
206.4329796,256,0,18.8,0,0,0.022,-0.017,-1.119,1.8,-2.1,0
206.4429796,258,0,18.8,0,0,0.022,-0.017,-1.119,1.8,-2.1,0
206.4529796,254,0,18.8,0,0,0.022,-0.017,-1.119,1.8,-2.1,0
206.4629796,256,0.02,18.8,0,0,0.023,-0.018,-1.05,-1.7,0.6,0
206.4729796,257,0.02,18.8,0,0,0.023,-0.018,-1.05,-1.7,0.6,0
206.4829796,256,0.02,18.8,0,0,0.023,-0.018,-1.05,-1.7,0.6,0
206.4929796,257,0.02,18.8,0,0,0.023,-0.018,-1.05,-1.7,0.6,0
206.5029796,257,0.02,18.8,0,0,0.023,-0.018,-1.05,-1.7,0.6,0
206.5129796,254,-0.01,18.8,0,0,0.043,0,-0.791,0.6,-0.1,0
206.5229796,256,-0.01,18.8,0,0,0.043,0,-0.791,0.6,-0.1,0
206.5329796,257,-0.01,18.8,0,0,0.043,0,-0.791,0.6,-0.1,0
206.5429796,254,-0.01,18.8,0,0,0.043,0,-0.791,0.6,-0.1,0
206.5529796,255,-0.01,18.8,0,0,0.043,0,-0.791,0.6,-0.1,0
206.5629796,262,0,18.9,0,0,0.018,-0.02,-1.187,1.7,-2.7,0
206.5729796,256,0,18.9,0,0,0.018,-0.02,-1.187,1.7,-2.7,0
206.5829796,255,0,18.9,0,0,0.018,-0.02,-1.187,1.7,-2.7,0
206.5929796,262,0,18.9,0,0,0.018,-0.02,-1.187,1.7,-2.7,0
206.6029796,253,0,18.9,0,0,0.018,-0.02,-1.187,1.7,-2.7,0
206.6129796,253,0,18.9,0,0,0.031,-0.011,-0.973,-1.7,1.7,0
206.6229796,260,0,18.9,0,0,0.031,-0.011,-0.973,-1.7,1.7,0
206.6329796,254,0,18.9,0,0,0.031,-0.011,-0.973,-1.7,1.7,0
206.6429796,257,0,18.9,0,0,0.031,-0.011,-0.973,-1.7,1.7,0
206.6529796,258,0,18.9,0,0,0.031,-0.011,-0.973,-1.7,1.7,0
206.6629796,253,-0.02,18.8,0,0,0.038,0.002,-0.853,2,-1.6,0
206.6729796,256,-0.02,18.8,0,0,0.038,0.002,-0.853,2,-1.6,0
206.6829796,256,-0.02,18.8,0,0,0.038,0.002,-0.853,2,-1.6,0
206.6929796,255,-0.02,18.8,0,0,0.038,0.002,-0.853,2,-1.6,0
206.7029796,255,-0.02,18.8,0,0,0.038,0.002,-0.853,2,-1.6,0
206.7129796,256,0,18.9,0,0,0.019,-0.02,-1.177,0.1,-1,0
206.7229796,256,0,18.9,0,0,0.019,-0.02,-1.177,0.1,-1,0
206.7329796,257,0,18.9,0,0,0.019,-0.02,-1.177,0.1,-1,0
206.7429796,256,0,18.9,0,0,0.019,-0.02,-1.177,0.1,-1,0
206.7529796,255,0,18.9,0,0,0.019,-0.02,-1.177,0.1,-1,0
206.7629796,256,0.01,18.9,0,0,0.034,-0.007,-0.897,-1.2,1.3,0
206.7729796,258,0.01,18.9,0,0,0.034,-0.007,-0.897,-1.2,1.3,0
206.7829796,256,0.01,18.9,0,0,0.034,-0.007,-0.897,-1.2,1.3,0
206.7929796,256,0.01,18.9,0,0,0.034,-0.007,-0.897,-1.2,1.3,0
206.8029796,260,0.01,18.9,0,0,0.034,-0.007,-0.897,-1.2,1.3,0
206.8129796,254,-0.01,18.8,0,0,0.037,0,-0.881,2.6,-2.3,0
206.8229796,255,-0.01,18.8,0,0,0.037,0,-0.881,2.6,-2.3,0
206.8329796,261,-0.01,18.8,0,0,0.037,0,-0.881,2.6,-2.3,0
206.8429796,254,-0.01,18.8,0,0,0.037,0,-0.881,2.6,-2.3,0
206.8529796,255,-0.01,18.8,0,0,0.037,0,-0.881,2.6,-2.3,0
206.8629796,260,0,18.8,0,0,0.017,-0.023,-1.184,-0.8,-0.4,0
206.8729796,252,0,18.8,0,0,0.017,-0.023,-1.184,-0.8,-0.4,0
206.8829796,254,0,18.8,0,0,0.017,-0.023,-1.184,-0.8,-0.4,0
206.8929796,260,0,18.8,0,0,0.017,-0.023,-1.184,-0.8,-0.4,0
206.9029796,255,0,18.8,0,0,0.017,-0.023,-1.184,-0.8,-0.4,0
206.9129796,255,0,18.9,0,0,0.038,-0.004,-0.839,0.1,0.5,0
206.9229796,256,0,18.9,0,0,0.038,-0.004,-0.839,0.1,0.5,0
206.9329796,256,0,18.9,0,0,0.038,-0.004,-0.839,0.1,0.5,0
206.9429796,257,0,18.9,0,0,0.038,-0.004,-0.839,0.1,0.5,0
206.9529796,257,0,18.9,0,0,0.038,-0.004,-0.839,0.1,0.5,0
206.9629796,256,-0.02,18.9,0,0,0.029,-0.005,-0.994,2.6,-2.6,0
206.9729796,257,-0.02,18.9,0,0,0.029,-0.005,-0.994,2.6,-2.6,0
206.9829796,257,-0.02,18.9,0,0,0.029,-0.005,-0.994,2.6,-2.6,0
206.9929796,254,-0.02,18.9,0,0,0.029,-0.005,-0.994,2.6,-2.6,0
207.0029796,256,-0.02,18.9,0,0,0.029,-0.005,-0.994,2.6,-2.6,0
207.0129796,257,0,18.8,0,0,0.018,-0.029,-1.185,-2.1,0.6,0.1
207.0229796,255,0,18.8,0,0,0.018,-0.029,-1.185,-2.1,0.6,0.1
207.0329796,256,0,18.8,0,0,0.018,-0.029,-1.185,-2.1,0.6,0.1
207.0429796,260,0,18.8,0,0,0.018,-0.029,-1.185,-2.1,0.6,0.1
207.0529796,254,0,18.8,0,0,0.018,-0.029,-1.185,-2.1,0.6,0.1
207.0629796,256,0,18.9,0,0,0.043,0,-0.773,1.5,-0.3,0
207.0729796,261,0,18.9,0,0,0.043,0,-0.773,1.5,-0.3,0
207.0829796,253,0,18.9,0,0,0.043,0,-0.773,1.5,-0.3,0
207.0929796,254,0,18.9,0,0,0.043,0,-0.773,1.5,-0.3,0
207.1029796,261,0,18.9,0,0,0.043,0,-0.773,1.5,-0.3,0
207.1129796,254,-0.01,18.9,0,0,0.022,-0.014,-1.094,1.5,-2.2,0
207.1229796,256,-0.01,18.9,0,0,0.022,-0.014,-1.094,1.5,-2.2,0
207.1329796,259,-0.01,18.9,0,0,0.022,-0.014,-1.094,1.5,-2.2,0
207.1429796,253,-0.01,18.9,0,0,0.022,-0.014,-1.094,1.5,-2.2,0
207.1529796,256,-0.01,18.9,0,0,0.022,-0.014,-1.094,1.5,-2.2,0
207.1629796,257,0.01,18.9,0,0,0.024,-0.025,-1.082,-1.9,0.7,0.1
207.1729796,254,0.01,18.9,0,0,0.024,-0.025,-1.082,-1.9,0.7,0.1
207.1829796,255,0.01,18.9,0,0,0.024,-0.025,-1.082,-1.9,0.7,0.1
207.1929796,257,0.01,18.9,0,0,0.024,-0.025,-1.082,-1.9,0.7,0.1
207.2029796,256,0.01,18.9,0,0,0.024,-0.025,-1.082,-1.9,0.7,0.1
207.2129796,257,0,18.8,0,0,0.041,-0.004,-0.814,2,-1,0
207.2229796,257,0,18.8,0,0,0.041,-0.004,-0.814,2,-1,0
207.2329796,254,0,18.8,0,0,0.041,-0.004,-0.814,2,-1,0
207.2429796,256,0,18.8,0,0,0.041,-0.004,-0.814,2,-1,0
207.2529796,257,0,18.8,0,0,0.041,-0.004,-0.814,2,-1,0
207.2629796,255,-0.02,18.9,0,0,0.015,-0.024,-1.195,1.2,-2.3,0
207.2729796,256,-0.02,18.9,0,0,0.015,-0.024,-1.195,1.2,-2.3,0
207.2829796,260,-0.02,18.9,0,0,0.015,-0.024,-1.195,1.2,-2.3,0
207.2929796,254,-0.02,18.9,0,0,0.015,-0.024,-1.195,1.2,-2.3,0
207.3029796,255,-0.02,18.9,0,0,0.015,-0.024,-1.195,1.2,-2.3,0
207.3129796,263,0,18.8,0,0,0.031,-0.019,-0.976,-2.5,1.7,0.1
207.3229796,254,0,18.8,0,0,0.031,-0.019,-0.976,-2.5,1.7,0.1
207.3329796,254,0,18.8,0,0,0.031,-0.019,-0.976,-2.5,1.7,0.1
207.3429796,261,0,18.8,0,0,0.031,-0.019,-0.976,-2.5,1.7,0.1
207.3529796,253,0,18.8,0,0,0.031,-0.019,-0.976,-2.5,1.7,0.1
207.3629796,254,0,18.9,0,0,0.035,-0.01,-0.914,2.9,-2,0
207.372979599999,258,0,18.9,0,0,0.035,-0.01,-0.914,2.9,-2,0
207.3829796,255,0,18.9,0,0,0.035,-0.01,-0.914,2.9,-2,0
207.3929796,256,0,18.9,0,0,0.035,-0.01,-0.914,2.9,-2,0
207.402979599999,257,0,18.9,0,0,0.035,-0.01,-0.914,2.9,-2,0
207.412979599999,255,-0.01,18.8,0,0,0.019,-0.024,-1.163,-0.3,-1,0
207.422979599999,255,-0.01,18.8,0,0,0.019,-0.024,-1.163,-0.3,-1,0
207.432979599999,257,-0.01,18.8,0,0,0.019,-0.024,-1.163,-0.3,-1,0
207.442979599999,256,-0.01,18.8,0,0,0.019,-0.024,-1.163,-0.3,-1,0
207.452979599999,257,-0.01,18.8,0,0,0.019,-0.024,-1.163,-0.3,-1,0
207.462979599999,257,0.01,18.8,0,0,0.034,-0.017,-0.926,-2,1.6,0
207.472979599999,254,0.01,18.8,0,0,0.034,-0.017,-0.926,-2,1.6,0
207.482979599999,255,0.01,18.8,0,0,0.034,-0.017,-0.926,-2,1.6,0
207.492979599999,259,0.01,18.8,0,0,0.034,-0.017,-0.926,-2,1.6,0
207.502979599999,255,0.01,18.8,0,0,0.034,-0.017,-0.926,-2,1.6,0
207.512979599999,255,0,18.9,0,0,0.033,-0.006,-0.944,3.5,-3,0
207.522979599999,261,0,18.9,0,0,0.033,-0.006,-0.944,3.5,-3,0
207.532979599999,256,0,18.9,0,0,0.033,-0.006,-0.944,3.5,-3,0
207.542979599999,256,0,18.9,0,0,0.033,-0.006,-0.944,3.5,-3,0
207.552979599999,260,0,18.9,0,0,0.033,-0.006,-0.944,3.5,-3,0
207.562979599999,252,0,18.8,0,0,0.016,-0.028,-1.189,-1.4,0.2,0
207.572979599999,254,0,18.8,0,0,0.016,-0.028,-1.189,-1.4,0.2,0
207.582979599999,257,0,18.8,0,0,0.016,-0.028,-1.189,-1.4,0.2,0
207.592979599999,255,0,18.8,0,0,0.016,-0.028,-1.189,-1.4,0.2,0
207.602979599999,255,0,18.8,0,0,0.016,-0.028,-1.189,-1.4,0.2,0
207.612979599999,256,0.01,18.9,0,0,0.039,-0.005,-0.844,-0.5,0.3,0
207.622979599999,254,0.01,18.9,0,0,0.039,-0.005,-0.844,-0.5,0.3,0
207.632979599999,256,0.01,18.9,0,0,0.039,-0.005,-0.844,-0.5,0.3,0
207.642979599999,258,0.01,18.9,0,0,0.039,-0.005,-0.844,-0.5,0.3,0
207.652979599999,254,0.01,18.9,0,0,0.039,-0.005,-0.844,-0.5,0.3,0
207.662979599999,256,-0.01,18.8,0,0,0.023,-0.016,-1.074,2.4,-2.2,0
207.672979599999,257,-0.01,18.8,0,0,0.023,-0.016,-1.074,2.4,-2.2,0
207.682979599999,255,-0.01,18.8,0,0,0.023,-0.016,-1.074,2.4,-2.2,0
207.692979599999,257,-0.01,18.8,0,0,0.023,-0.016,-1.074,2.4,-2.2,0
207.702979599999,257,-0.01,18.8,0,0,0.023,-0.016,-1.074,2.4,-2.2,0
207.712979599999,255,-0.01,18.9,0,0,0.021,-0.023,-1.119,-1.9,0.6,0.1
207.722979599999,256,-0.01,18.9,0,0,0.021,-0.023,-1.119,-1.9,0.6,0.1
207.732979599999,257,-0.01,18.9,0,0,0.021,-0.023,-1.119,-1.9,0.6,0.1
207.742979599999,256,-0.01,18.9,0,0,0.021,-0.023,-1.119,-1.9,0.6,0.1
207.752979599999,256,-0.01,18.9,0,0,0.021,-0.023,-1.119,-1.9,0.6,0.1
207.762979599999,256,0.01,18.9,0,0,0.044,-0.001,-0.768,0.3,0.2,0
207.772979599999,259,0.01,18.9,0,0,0.044,-0.001,-0.768,0.3,0.2,0
207.782979599999,256,0.01,18.9,0,0,0.044,-0.001,-0.768,0.3,0.2,0
207.792979599999,256,0.01,18.9,0,0,0.044,-0.001,-0.768,0.3,0.2,0
207.802979599999,260,0.01,18.9,0,0,0.044,-0.001,-0.768,0.3,0.2,0
207.812979599999,255,-0.01,18.8,0,0,0.018,-0.017,-1.152,1.6,-2.4,0
207.822979599999,255,-0.01,18.8,0,0,0.018,-0.017,-1.152,1.6,-2.4,0
207.832979599999,256,-0.01,18.8,0,0,0.018,-0.017,-1.152,1.6,-2.4,0
207.842979599999,257,-0.01,18.8,0,0,0.018,-0.017,-1.152,1.6,-2.4,0
207.852979599999,257,-0.01,18.8,0,0,0.018,-0.017,-1.152,1.6,-2.4,0
207.862979599999,254,0,18.9,0,0,0.029,-0.013,-1.003,-1.7,1.2,0
207.872979599999,256,0,18.9,0,0,0.029,-0.013,-1.003,-1.7,1.2,0
207.882979599999,256,0,18.9,0,0,0.029,-0.013,-1.003,-1.7,1.2,0
207.892979599999,254,0,18.9,0,0,0.029,-0.013,-1.003,-1.7,1.2,0
207.902979599999,257,0,18.9,0,0,0.029,-0.013,-1.003,-1.7,1.2,0
207.912979599999,257,0.02,18.9,0,0,0.041,0.003,-0.813,1.6,-1.2,0
207.922979599999,255,0.02,18.9,0,0,0.041,0.003,-0.813,1.6,-1.2,0
207.932979599999,258,0.02,18.9,0,0,0.041,0.003,-0.813,1.6,-1.2,0
207.942979599999,257,0.02,18.9,0,0,0.041,0.003,-0.813,1.6,-1.2,0
207.952979599999,254,0.02,18.9,0,0,0.041,0.003,-0.813,1.6,-1.2,0
207.962979599999,257,-0.02,18.9,0,0,0.015,-0.025,-1.219,0.6,-1.7,0
207.972979599999,257,-0.02,18.9,0,0,0.015,-0.025,-1.219,0.6,-1.7,0
207.982979599999,256,-0.02,18.9,0,0,0.015,-0.025,-1.219,0.6,-1.7,0
207.992979599999,257,-0.02,18.9,0,0,0.015,-0.025,-1.219,0.6,-1.7,0
208.002979599999,256,-0.02,18.9,0,0,0.015,-0.025,-1.219,0.6,-1.7,0
208.012979599999,258,0,18.9,0,0,0.035,-0.002,-0.884,-1.4,1.5,0
208.022979599999,255,0,18.9,0,0,0.035,-0.002,-0.884,-1.4,1.5,0
208.032979599999,256,0,18.9,0,0,0.035,-0.002,-0.884,-1.4,1.5,0
208.042979599999,260,0,18.9,0,0,0.035,-0.002,-0.884,-1.4,1.5,0
208.052979599999,255,0,18.9,0,0,0.035,-0.002,-0.884,-1.4,1.5,0
208.062979599999,256,0.01,18.8,0,0,0.036,-0.003,-0.904,2.3,-2,0
208.072979599999,257,0.01,18.8,0,0,0.036,-0.003,-0.904,2.3,-2,0
208.082979599999,256,0.01,18.8,0,0,0.036,-0.003,-0.904,2.3,-2,0
208.092979599999,256,0.01,18.8,0,0,0.036,-0.003,-0.904,2.3,-2,0
208.102979599999,254,0.01,18.8,0,0,0.036,-0.003,-0.904,2.3,-2,0
208.112979599999,257,-0.02,18.9,0,0,0.018,-0.02,-1.16,-0.4,-0.7,0
208.122979599999,258,-0.02,18.9,0,0,0.018,-0.02,-1.16,-0.4,-0.7,0
208.132979599999,252,-0.02,18.9,0,0,0.018,-0.02,-1.16,-0.4,-0.7,0
208.142979599999,257,-0.02,18.9,0,0,0.018,-0.02,-1.16,-0.4,-0.7,0
208.152979599999,258,-0.02,18.9,0,0,0.018,-0.02,-1.16,-0.4,-0.7,0
208.162979599999,253,0,18.9,0,0,0.039,-0.005,-0.844,-0.4,1,0
208.172979599999,256,0,18.9,0,0,0.039,-0.005,-0.844,-0.4,1,0
208.182979599999,257,0,18.9,0,0,0.039,-0.005,-0.844,-0.4,1,0
208.192979599999,255,0,18.9,0,0,0.039,-0.005,-0.844,-0.4,1,0
208.202979599999,256,0,18.9,0,0,0.039,-0.005,-0.844,-0.4,1,0
208.212979599999,257,0,18.8,0,0,0.032,0.002,-0.949,3,-3,0
208.222979599999,256,0,18.8,0,0,0.032,0.002,-0.949,3,-3,0
208.232979599999,256,0,18.8,0,0,0.032,0.002,-0.949,3,-3,0
208.242979599999,257,0,18.8,0,0,0.032,0.002,-0.949,3,-3,0
208.252979599999,259,0,18.8,0,0,0.032,0.002,-0.949,3,-3,0
208.262979599999,255,-0.01,18.8,0,0,0.018,-0.026,-1.173,-1.9,0.6,0
208.272979599999,256,-0.01,18.8,0,0,0.018,-0.026,-1.173,-1.9,0.6,0
208.282979599999,259,-0.01,18.8,0,0,0.018,-0.026,-1.173,-1.9,0.6,0
208.292979599999,255,-0.01,18.8,0,0,0.018,-0.026,-1.173,-1.9,0.6,0
208.302979599999,256,-0.01,18.8,0,0,0.018,-0.026,-1.173,-1.9,0.6,0
208.312979599999,255,0,18.9,0,0,0.026,-0.01,-0.822,1.1,-0.2,0
208.322979599999,254,0,18.9,0,0,0.026,-0.01,-0.822,1.1,-0.2,0
208.332979599999,256,0,18.9,0,0,0.026,-0.01,-0.822,1.1,-0.2,0
208.342979599999,255,0,18.9,0,0,0.026,-0.01,-0.822,1.1,-0.2,0
208.352979599999,256,0,18.9,0,0,0.026,-0.01,-0.822,1.1,-0.2,0
208.36633,258,0,18.8,0,0,0.022,-0.024,-1.123,-1.5,0.5,15.5
208.37633,254,0,18.8,0,0,0.022,-0.024,-1.123,-1.5,0.5,15.5
208.38633,257,0,18.8,0,0,0.022,-0.024,-1.123,-1.5,0.5,15.5
208.39633,258,0,18.8,0,0,0.022,-0.024,-1.123,-1.5,0.5,15.5
208.40633,253,0,18.8,0,0,0.022,-0.024,-1.123,-1.5,0.5,15.5
208.41633,256,0,18.8,0,0,0.02,-0.016,-1.133,2.2,-2.9,0
208.42633,255,0,18.8,0,0,0.02,-0.016,-1.133,2.2,-2.9,0
208.43633,255,0,18.8,0,0,0.02,-0.016,-1.133,2.2,-2.9,0
208.44633,259,0,18.8,0,0,0.02,-0.016,-1.133,2.2,-2.9,0
208.45633,256,0,18.8,0,0,0.02,-0.016,-1.133,2.2,-2.9,0
208.46633,256,0,18.8,0,0,0.025,-0.023,-1.049,-2.8,1.6,0
208.47633,259,0,18.8,0,0,0.025,-0.023,-1.049,-2.8,1.6,0
208.48633,255,0,18.8,0,0,0.025,-0.023,-1.049,-2.8,1.6,0
208.49633,256,0,18.8,0,0,0.025,-0.023,-1.049,-2.8,1.6,0
208.50633,255,0,18.8,0,0,0.025,-0.023,-1.049,-2.8,1.6,0
208.51633,255,-0.01,18.8,0,0,0.037,-0.007,-0.868,2.6,-1.6,0
208.52633,257,-0.01,18.8,0,0,0.037,-0.007,-0.868,2.6,-1.6,0
208.53633,254,-0.01,18.8,0,0,0.037,-0.007,-0.868,2.6,-1.6,0
208.54633,257,-0.01,18.8,0,0,0.037,-0.007,-0.868,2.6,-1.6,0
208.55633,258,-0.01,18.8,0,0,0.037,-0.007,-0.868,2.6,-1.6,0
208.56633,254,0.01,18.9,0,0,0.02,-0.022,-1.15,0.4,-1.5,0
208.57633,257,0.01,18.9,0,0,0.02,-0.022,-1.15,0.4,-1.5,0
208.58633,257,0.01,18.9,0,0,0.02,-0.022,-1.15,0.4,-1.5,0
208.59633,254,0.01,18.9,0,0,0.02,-0.022,-1.15,0.4,-1.5,0
208.60633,258,0.01,18.9,0,0,0.02,-0.022,-1.15,0.4,-1.5,0
208.640096,257,0,18.8,0,0,0.028,-0.024,-1.008,-2.5,1.5,0
208.650096,254,0,18.8,0,0,0.028,-0.024,-1.008,-2.5,1.5,0
208.660096,257,0,18.8,0,0,0.028,-0.024,-1.008,-2.5,1.5,0
208.670096,257,0,18.8,0,0,0.028,-0.024,-1.008,-2.5,1.5,0
208.680096,256,0,18.8,0,0,0.028,-0.024,-1.008,-2.5,1.5,0
208.7004692,255,0,18.9,0,0,0.014,-0.03,-1.218,-0.6,-0.5,0.1
208.7104692,260,0,18.9,0,0,0.014,-0.03,-1.218,-0.6,-0.5,0.1
208.7204692,252,0,18.9,0,0,0.014,-0.03,-1.218,-0.6,-0.5,0.1
208.7304692,254,0,18.9,0,0,0.014,-0.03,-1.218,-0.6,-0.5,0.1
208.7404692,259,0,18.9,0,0,0.014,-0.03,-1.218,-0.6,-0.5,0.1
208.7504692,255,-0.01,18.8,0,0,0.036,-0.012,-0.884,-1.2,0.7,0
208.7604692,257,-0.01,18.8,0,0,0.036,-0.012,-0.884,-1.2,0.7,0
208.7704692,256,-0.01,18.8,0,0,0.036,-0.012,-0.884,-1.2,0.7,0
208.7804692,255,-0.01,18.8,0,0,0.036,-0.012,-0.884,-1.2,0.7,0
208.7904692,257,-0.01,18.8,0,0,0.036,-0.012,-0.884,-1.2,0.7,0
208.8116956,257,-0.01,18.8,0,0,0.028,-0.012,-1.006,2.8,-2.3,0
208.8216956,254,-0.01,18.8,0,0,0.028,-0.012,-1.006,2.8,-2.3,0
208.8316956,256,-0.01,18.8,0,0,0.028,-0.012,-1.006,2.8,-2.3,0
208.8416956,257,-0.01,18.8,0,0,0.028,-0.012,-1.006,2.8,-2.3,0
208.8516956,256,-0.01,18.8,0,0,0.028,-0.012,-1.006,2.8,-2.3,0
208.8616956,256,0.01,18.9,0,0,0.017,-0.028,-1.18,-1.6,0,0
208.8716956,257,0.01,18.9,0,0,0.017,-0.028,-1.18,-1.6,0,0
208.8816956,256,0.01,18.9,0,0,0.017,-0.028,-1.18,-1.6,0,0
208.8916956,256,0.01,18.9,0,0,0.017,-0.028,-1.18,-1.6,0,0
208.9016956,261,0.01,18.9,0,0,0.017,-0.028,-1.18,-1.6,0,0
208.9242953,254,-0.01,18.8,0,0,0.042,-0.006,-0.792,-0.7,1,0
208.9342953,254,-0.01,18.8,0,0,0.042,-0.006,-0.792,-0.7,1,0
208.9442953,262,-0.01,18.8,0,0,0.042,-0.006,-0.792,-0.7,1,0
208.9542953,254,-0.01,18.8,0,0,0.042,-0.006,-0.792,-0.7,1,0
208.9642953,255,-0.01,18.8,0,0,0.042,-0.006,-0.792,-0.7,1,0
208.9742953,260,0,18.8,0,0,0.022,-0.015,-1.095,2.2,-2.6,0
208.9842953,252,0,18.8,0,0,0.022,-0.015,-1.095,2.2,-2.6,0
208.9942953,254,0,18.8,0,0,0.022,-0.015,-1.095,2.2,-2.6,0
209.0042953,260,0,18.8,0,0,0.022,-0.015,-1.095,2.2,-2.6,0
209.0142953,255,0,18.8,0,0,0.022,-0.015,-1.095,2.2,-2.6,0
209.0242953,255,0.01,18.8,0,0,0.024,-0.02,-1.072,-1.7,0.9,0.1
209.0342953,256,0.01,18.8,0,0,0.024,-0.02,-1.072,-1.7,0.9,0.1
209.0442953,256,0.01,18.8,0,0,0.024,-0.02,-1.072,-1.7,0.9,0.1
209.0542953,257,0.01,18.8,0,0,0.024,-0.02,-1.072,-1.7,0.9,0.1
209.0642953,257,0.01,18.8,0,0,0.024,-0.02,-1.072,-1.7,0.9,0.1
209.0742953,254,-0.02,18.9,0,0,0.041,0.001,-0.799,0.7,-0.4,0
209.0842953,257,-0.02,18.9,0,0,0.041,0.001,-0.799,0.7,-0.4,0
209.0942953,257,-0.02,18.9,0,0,0.041,0.001,-0.799,0.7,-0.4,0
209.1042953,255,-0.02,18.9,0,0,0.041,0.001,-0.799,0.7,-0.4,0
209.1142953,256,-0.02,18.9,0,0,0.041,0.001,-0.799,0.7,-0.4,0
209.1242953,257,0,18.8,0,0,0.018,-0.02,-1.17,1.5,-2.3,0
209.1342953,256,0,18.8,0,0,0.018,-0.02,-1.17,1.5,-2.3,0
209.1442953,256,0,18.8,0,0,0.018,-0.02,-1.17,1.5,-2.3,0
209.1542953,260,0,18.8,0,0,0.018,-0.02,-1.17,1.5,-2.3,0
209.1642953,254,0,18.8,0,0,0.018,-0.02,-1.17,1.5,-2.3,0
209.1742953,255,0,18.8,0,0,0.029,-0.009,-0.979,-2.1,1.5,0.1
209.1842953,261,0,18.8,0,0,0.029,-0.009,-0.979,-2.1,1.5,0.1
209.1942953,254,0,18.8,0,0,0.029,-0.009,-0.979,-2.1,1.5,0.1
209.2042953,255,0,18.8,0,0,0.029,-0.009,-0.979,-2.1,1.5,0.1
209.2142953,260,0,18.8,0,0,0.029,-0.009,-0.979,-2.1,1.5,0.1
209.2530697,252,-0.01,18.9,0,0,0.039,-0.001,-0.845,1.6,-1.2,0
209.2630697,254,-0.01,18.9,0,0,0.039,-0.001,-0.845,1.6,-1.2,0
209.2730697,260,-0.01,18.9,0,0,0.039,-0.001,-0.845,1.6,-1.2,0
209.2830697,255,-0.01,18.9,0,0,0.039,-0.001,-0.845,1.6,-1.2,0
209.2930697,256,-0.01,18.9,0,0,0.039,-0.001,-0.845,1.6,-1.2,0
209.3030697,257,0,18.8,0,0,0.035,-0.008,-0.907,-1.2,1.5,0
209.3130697,257,0,18.8,0,0,0.035,-0.008,-0.907,-1.2,1.5,0
209.3230697,255,0,18.8,0,0,0.035,-0.008,-0.907,-1.2,1.5,0
209.3330697,255,0,18.8,0,0,0.035,-0.008,-0.907,-1.2,1.5,0
209.3430697,257,0,18.8,0,0,0.035,-0.008,-0.907,-1.2,1.5,0
209.3530697,256,-0.02,18.9,0,0,0.039,0.004,-0.863,2.9,-2.6,0
209.3630697,256,-0.02,18.9,0,0,0.039,0.004,-0.863,2.9,-2.6,0
209.3730697,261,-0.02,18.9,0,0,0.039,0.004,-0.863,2.9,-2.6,0
209.3830697,254,-0.02,18.9,0,0,0.039,0.004,-0.863,2.9,-2.6,0
209.3930697,254,-0.02,18.9,0,0,0.039,0.004,-0.863,2.9,-2.6,0
209.409494,262,0.01,18.9,0,0,0.014,-0.027,-1.209,-1.3,0,0.1
209.419494,254,0.01,18.9,0,0,0.014,-0.027,-1.209,-1.3,0,0.1
209.429494,255,0.01,18.9,0,0,0.014,-0.027,-1.209,-1.3,0,0.1
209.439494,260,0.01,18.9,0,0,0.014,-0.027,-1.209,-1.3,0,0.1
209.449494,252,0.01,18.9,0,0,0.014,-0.027,-1.209,-1.3,0,0.1
209.4601731,256,0,18.9,0,0,0.041,-0.001,-0.83,0.3,0.2,0
209.4701731,258,0,18.9,0,0,0.041,-0.001,-0.83,0.3,0.2,0
209.4801731,254,0,18.9,0,0,0.041,-0.001,-0.83,0.3,0.2,0
209.4901731,256,0,18.9,0,0,0.041,-0.001,-0.83,0.3,0.2,0
209.5001731,256,0,18.9,0,0,0.041,-0.001,-0.83,0.3,0.2,0
209.5388334,254,-0.01,18.9,0,0,0.029,-0.005,-1.006,1.8,-2.2,0
209.5488334,256,-0.01,18.9,0,0,0.029,-0.005,-1.006,1.8,-2.2,0
209.5588334,257,-0.01,18.9,0,0,0.029,-0.005,-1.006,1.8,-2.2,0
209.5688334,256,-0.01,18.9,0,0,0.029,-0.005,-1.006,1.8,-2.2,0
209.5788334,257,-0.01,18.9,0,0,0.029,-0.005,-1.006,1.8,-2.2,0
209.6019705,256,0,18.9,0,0,0.045,-0.003,-0.761,1,0.1,0
209.6119705,260,0,18.9,0,0,0.045,-0.003,-0.761,1,0.1,0
209.6219705,254,0,18.9,0,0,0.045,-0.003,-0.761,1,0.1,0
209.6319705,255,0,18.9,0,0,0.045,-0.003,-0.761,1,0.1,0
209.6419705,262,0,18.9,0,0,0.045,-0.003,-0.761,1,0.1,0
209.6519705,254,0,18.8,0,0,0.02,-0.015,-1.123,2.1,-2.6,0
209.6619705,253,0,18.8,0,0,0.02,-0.015,-1.123,2.1,-2.6,0
209.6719705,261,0,18.8,0,0,0.02,-0.015,-1.123,2.1,-2.6,0
209.6819705,253,0,18.8,0,0,0.02,-0.015,-1.123,2.1,-2.6,0
209.6919705,254,0,18.8,0,0,0.02,-0.015,-1.123,2.1,-2.6,0
209.7019705,259,0,18.8,0,0,0.025,-0.024,-1.054,-2.3,1,0
209.7119705,255,0,18.8,0,0,0.025,-0.024,-1.054,-2.3,1,0
209.7219705,255,0,18.8,0,0,0.025,-0.024,-1.054,-2.3,1,0
209.7319705,256,0,18.8,0,0,0.025,-0.024,-1.054,-2.3,1,0
209.7419705,256,0,18.8,0,0,0.025,-0.024,-1.054,-2.3,1,0
209.7950691,257,-0.01,18.9,0,0,0.04,-0.004,-0.853,2.1,-1.2,0
209.8050691,256,-0.01,18.9,0,0,0.04,-0.004,-0.853,2.1,-1.2,0
209.8150691,256,-0.01,18.9,0,0,0.04,-0.004,-0.853,2.1,-1.2,0
209.8250691,256,-0.01,18.9,0,0,0.04,-0.004,-0.853,2.1,-1.2,0
209.8350691,255,-0.01,18.9,0,0,0.04,-0.004,-0.853,2.1,-1.2,0
209.8450691,255,0,18.8,0,0,0.019,-0.024,-1.172,0.9,-2.1,0.1
209.8550691,256,0,18.8,0,0,0.019,-0.024,-1.172,0.9,-2.1,0.1
209.8650691,256,0,18.8,0,0,0.019,-0.024,-1.172,0.9,-2.1,0.1
209.8750691,256,0,18.8,0,0,0.019,-0.024,-1.172,0.9,-2.1,0.1
209.8850691,257,0,18.8,0,0,0.019,-0.024,-1.172,0.9,-2.1,0.1
209.8950691,256,0,18.8,0,0,0.03,-0.02,-0.997,-2.8,1.9,0
209.9050691,258,0,18.8,0,0,0.03,-0.02,-0.997,-2.8,1.9,0
209.9150691,256,0,18.8,0,0,0.03,-0.02,-0.997,-2.8,1.9,0
209.9250691,255,0,18.8,0,0,0.03,-0.02,-0.997,-2.8,1.9,0
209.9350691,258,0,18.8,0,0,0.03,-0.02,-0.997,-2.8,1.9,0
209.9450691,255,-0.01,18.8,0,0,0.037,-0.008,-0.901,3,-2.3,0
209.9550691,257,-0.01,18.8,0,0,0.037,-0.008,-0.901,3,-2.3,0
209.9650691,255,-0.01,18.8,0,0,0.037,-0.008,-0.901,3,-2.3,0
209.9750691,255,-0.01,18.8,0,0,0.037,-0.008,-0.901,3,-2.3,0
209.9850691,257,-0.01,18.8,0,0,0.037,-0.008,-0.901,3,-2.3,0
209.9950691,254,0,18.8,0,0,0.016,-0.028,-1.186,-0.1,-0.7,0.1
210.0050691,255,0,18.8,0,0,0.016,-0.028,-1.186,-0.1,-0.7,0.1
210.0150691,258,0,18.8,0,0,0.016,-0.028,-1.186,-0.1,-0.7,0.1
210.0250691,255,0,18.8,0,0,0.016,-0.028,-1.186,-0.1,-0.7,0.1
210.0350691,256,0,18.8,0,0,0.016,-0.028,-1.186,-0.1,-0.7,0.1
210.0450691,257,0.01,18.9,0,0,0.035,-0.015,-0.904,-1.7,1,0
210.0550691,255,0.01,18.9,0,0,0.035,-0.015,-0.904,-1.7,1,0
210.0650691,257,0.01,18.9,0,0,0.035,-0.015,-0.904,-1.7,1,0
210.0750691,257,0.01,18.9,0,0,0.035,-0.015,-0.904,-1.7,1,0
210.0850691,254,0.01,18.9,0,0,0.035,-0.015,-0.904,-1.7,1,0
210.0950691,255,-0.02,18.8,0,0,0.033,-0.006,-0.957,3.5,-2.6,-0.1
210.1050691,258,-0.02,18.8,0,0,0.033,-0.006,-0.957,3.5,-2.6,-0.1
210.1150691,257,-0.02,18.8,0,0,0.033,-0.006,-0.957,3.5,-2.6,-0.1
210.1250691,257,-0.02,18.8,0,0,0.033,-0.006,-0.957,3.5,-2.6,-0.1
210.1350691,256,-0.02,18.8,0,0,0.033,-0.006,-0.957,3.5,-2.6,-0.1
210.1450691,259,0,18.8,0,0,0.015,-0.03,-1.205,-1.5,-0.1,0
210.1550691,256,0,18.8,0,0,0.015,-0.03,-1.205,-1.5,-0.1,0
210.1650691,255,0,18.8,0,0,0.015,-0.03,-1.205,-1.5,-0.1,0
210.1750691,259,0,18.8,0,0,0.015,-0.03,-1.205,-1.5,-0.1,0
210.1850691,255,0,18.8,0,0,0.015,-0.03,-1.205,-1.5,-0.1,0
210.1950691,255,0.01,18.8,0,0,0.039,-0.008,-0.851,-0.7,0.7,0
210.2050691,255,0.01,18.8,0,0,0.039,-0.008,-0.851,-0.7,0.7,0
210.2150691,256,0.01,18.8,0,0,0.039,-0.008,-0.851,-0.7,0.7,0
210.2250691,256,0.01,18.8,0,0,0.039,-0.008,-0.851,-0.7,0.7,0
210.2350691,255,0.01,18.8,0,0,0.039,-0.008,-0.851,-0.7,0.7,0
210.2450691,257,-0.02,18.9,0,0,0.026,-0.013,-1.049,2.5,-2.5,0
210.2550691,258,-0.02,18.9,0,0,0.026,-0.013,-1.049,2.5,-2.5,0
210.2650691,254,-0.02,18.9,0,0,0.026,-0.013,-1.049,2.5,-2.5,0
210.2750691,256,-0.02,18.9,0,0,0.026,-0.013,-1.049,2.5,-2.5,0
210.2850691,257,-0.02,18.9,0,0,0.026,-0.013,-1.049,2.5,-2.5,0
210.2950691,254,0,18.8,0,0,0.02,-0.023,-1.131,-1.8,0.7,0.1
210.3050691,257,0,18.8,0,0,0.02,-0.023,-1.131,-1.8,0.7,0.1
210.3150691,257,0,18.8,0,0,0.02,-0.023,-1.131,-1.8,0.7,0.1
210.3250691,255,0,18.8,0,0,0.02,-0.023,-1.131,-1.8,0.7,0.1
210.3350691,256,0,18.8,0,0,0.02,-0.023,-1.131,-1.8,0.7,0.1
210.3450691,257,0,18.9,0,0,0.042,-0.001,-0.768,0,0.1,0
210.3550691,256,0,18.9,0,0,0.042,-0.001,-0.768,0,0.1,0
210.3650691,256,0,18.9,0,0,0.042,-0.001,-0.768,0,0.1,0
210.3750691,257,0,18.9,0,0,0.042,-0.001,-0.768,0,0.1,0
210.3850691,259,0,18.9,0,0,0.042,-0.001,-0.768,0,0.1,0
210.3950691,255,-0.01,18.9,0,0,0.018,-0.02,-1.166,1.9,-2.5,0
210.4050691,255,-0.01,18.9,0,0,0.018,-0.02,-1.166,1.9,-2.5,0
210.4150691,259,-0.01,18.9,0,0,0.018,-0.02,-1.166,1.9,-2.5,0
210.4250691,255,-0.01,18.9,0,0,0.018,-0.02,-1.166,1.9,-2.5,0
210.4350691,256,-0.01,18.9,0,0,0.018,-0.02,-1.166,1.9,-2.5,0
210.4450691,255,0,18.9,0,0,0.027,-0.016,-1.008,-1.7,0.9,0
210.4550691,254,0,18.9,0,0,0.027,-0.016,-1.008,-1.7,0.9,0
210.4650691,257,0,18.9,0,0,0.027,-0.016,-1.008,-1.7,0.9,0
210.4750691,255,0,18.9,0,0,0.027,-0.016,-1.008,-1.7,0.9,0
210.4850691,255,0,18.9,0,0,0.027,-0.016,-1.008,-1.7,0.9,0
210.4950691,257,0.01,18.9,0,0,0.04,-0.001,-0.837,1.1,-0.6,-0.1
210.5050691,255,0.01,18.9,0,0,0.04,-0.001,-0.837,1.1,-0.6,-0.1
210.5150691,257,0.01,18.9,0,0,0.04,-0.001,-0.837,1.1,-0.6,-0.1
210.5250691,257,0.01,18.9,0,0,0.04,-0.001,-0.837,1.1,-0.6,-0.1
210.5350691,254,0.01,18.9,0,0,0.04,-0.001,-0.837,1.1,-0.6,-0.1
210.5450691,257,-0.02,18.9,0,0,0.018,-0.019,-1.162,1.4,-2.1,0
210.5550691,257,-0.02,18.9,0,0,0.018,-0.019,-1.162,1.4,-2.1,0
210.5650691,255,-0.02,18.9,0,0,0.018,-0.019,-1.162,1.4,-2.1,0
210.5750691,256,-0.02,18.9,0,0,0.018,-0.019,-1.162,1.4,-2.1,0
210.5850691,257,-0.02,18.9,0,0,0.018,-0.019,-1.162,1.4,-2.1,0
210.5950691,256,0.01,18.8,0,0,0.03,-0.01,-0.95,-1.9,2,0
210.6050691,256,0.01,18.8,0,0,0.03,-0.01,-0.95,-1.9,2,0
210.6150691,257,0.01,18.8,0,0,0.03,-0.01,-0.95,-1.9,2,0
210.6250691,259,0.01,18.8,0,0,0.03,-0.01,-0.95,-1.9,2,0
210.6350691,255,0.01,18.8,0,0,0.03,-0.01,-0.95,-1.9,2,0
210.6450691,257,0,18.9,0,0,0.039,0.003,-0.849,2.5,-2.3,0
210.6550691,259,0,18.9,0,0,0.039,0.003,-0.849,2.5,-2.3,0
210.6650691,254,0,18.9,0,0,0.039,0.003,-0.849,2.5,-2.3,0
210.6750691,255,0,18.9,0,0,0.039,0.003,-0.849,2.5,-2.3,0
210.6850691,256,0,18.9,0,0,0.039,0.003,-0.849,2.5,-2.3,0
210.6950691,256,-0.01,18.9,0,0,0.019,-0.021,-1.173,-0.4,-0.4,0
210.7050691,257,-0.01,18.9,0,0,0.019,-0.021,-1.173,-0.4,-0.4,0
210.7150691,255,-0.01,18.9,0,0,0.019,-0.021,-1.173,-0.4,-0.4,0
210.7250691,255,-0.01,18.9,0,0,0.019,-0.021,-1.173,-0.4,-0.4,0
210.7350691,258,-0.01,18.9,0,0,0.019,-0.021,-1.173,-0.4,-0.4,0
210.7450691,255,0.01,18.9,0,0,0.035,-0.007,-0.885,-0.4,0.6,0
210.7550691,256,0.01,18.9,0,0,0.035,-0.007,-0.885,-0.4,0.6,0
210.7650691,257,0.01,18.9,0,0,0.035,-0.007,-0.885,-0.4,0.6,0
210.7750691,255,0.01,18.9,0,0,0.035,-0.007,-0.885,-0.4,0.6,0
210.7850691,258,0.01,18.9,0,0,0.035,-0.007,-0.885,-0.4,0.6,0
210.7950691,257,0,18.9,0,0,0.036,0,-0.907,2.6,-2.3,0
210.8050691,254,0,18.9,0,0,0.036,0,-0.907,2.6,-2.3,0
210.8150691,257,0,18.9,0,0,0.036,0,-0.907,2.6,-2.3,0
210.8250691,257,0,18.9,0,0,0.036,0,-0.907,2.6,-2.3,0
210.8350691,256,0,18.9,0,0,0.036,0,-0.907,2.6,-2.3,0
210.8450691,256,-0.01,18.8,0,0,0.013,-0.029,-1.229,-1.3,-0.1,0
210.8550691,256,-0.01,18.8,0,0,0.013,-0.029,-1.229,-1.3,-0.1,0
210.8650691,259,-0.01,18.8,0,0,0.013,-0.029,-1.229,-1.3,-0.1,0
210.8750691,255,-0.01,18.8,0,0,0.013,-0.029,-1.229,-1.3,-0.1,0
210.8850691,256,-0.01,18.8,0,0,0.013,-0.029,-1.229,-1.3,-0.1,0
210.8950691,260,0.01,18.8,0,0,0.042,-0.002,-0.799,0.6,0.3,0
210.9050691,256,0.01,18.8,0,0,0.042,-0.002,-0.799,0.6,0.3,0
210.9150691,256,0.01,18.8,0,0,0.042,-0.002,-0.799,0.6,0.3,0
210.9250691,255,0.01,18.8,0,0,0.042,-0.002,-0.799,0.6,0.3,0
210.9350691,256,0.01,18.8,0,0,0.042,-0.002,-0.799,0.6,0.3,0
210.9450691,256,0,18.8,0,0,0.026,-0.008,-1.042,2.2,-2.4,0
210.9550691,255,0,18.8,0,0,0.026,-0.008,-1.042,2.2,-2.4,0
210.9650691,257,0,18.8,0,0,0.026,-0.008,-1.042,2.2,-2.4,0
210.9750691,258,0,18.8,0,0,0.026,-0.008,-1.042,2.2,-2.4,0
210.9850691,254,0,18.8,0,0,0.026,-0.008,-1.042,2.2,-2.4,0
210.9950691,256,-0.01,18.9,0,0,0.02,-0.026,-1.12,-2,0.6,0.1
211.0050691,257,-0.01,18.9,0,0,0.02,-0.026,-1.12,-2,0.6,0.1
211.0150691,254,-0.01,18.9,0,0,0.02,-0.026,-1.12,-2,0.6,0.1
211.0250691,258,-0.01,18.9,0,0,0.02,-0.026,-1.12,-2,0.6,0.1
211.0350691,257,-0.01,18.9,0,0,0.02,-0.026,-1.12,-2,0.6,0.1
211.0450691,254,0.02,18.9,0,0,0.042,-0.002,-0.787,1.7,-0.3,0
211.0550691,259,0.02,18.9,0,0,0.042,-0.002,-0.787,1.7,-0.3,0
211.0650691,257,0.02,18.9,0,0,0.042,-0.002,-0.787,1.7,-0.3,0
211.0750691,256,0.02,18.9,0,0,0.042,-0.002,-0.787,1.7,-0.3,0
211.0850691,262,0.02,18.9,0,0,0.042,-0.002,-0.787,1.7,-0.3,0
211.0950691,254,-0.01,18.9,0,0,0.019,-0.02,-1.15,1.6,-2.6,0
211.1050691,254,-0.01,18.9,0,0,0.019,-0.02,-1.15,1.6,-2.6,0
211.1150691,262,-0.01,18.9,0,0,0.019,-0.02,-1.15,1.6,-2.6,0
211.1250691,253,-0.01,18.9,0,0,0.019,-0.02,-1.15,1.6,-2.6,0
211.1350691,254,-0.01,18.9,0,0,0.019,-0.02,-1.15,1.6,-2.6,0
211.1450691,261,0,18.9,0,0,0.027,-0.02,-1.035,-2.3,1.2,0
211.1550691,254,0,18.9,0,0,0.027,-0.02,-1.035,-2.3,1.2,0
211.1650691,256,0,18.9,0,0,0.027,-0.02,-1.035,-2.3,1.2,0
211.1750691,258,0,18.9,0,0,0.027,-0.02,-1.035,-2.3,1.2,0
211.1850691,253,0,18.9,0,0,0.027,-0.02,-1.035,-2.3,1.2,0
211.1950691,256,0.01,18.8,0,0,0.038,-0.008,-0.866,2.3,-1.5,0
211.2050691,258,0.01,18.8,0,0,0.038,-0.008,-0.866,2.3,-1.5,0
211.2150691,254,0.01,18.8,0,0,0.038,-0.008,-0.866,2.3,-1.5,0
211.2250691,255,0.01,18.8,0,0,0.038,-0.008,-0.866,2.3,-1.5,0
211.2350691,257,0.01,18.8,0,0,0.038,-0.008,-0.866,2.3,-1.5,0
211.2450691,256,-0.02,18.8,0,0,0.017,-0.026,-1.187,0.4,-1.6,0
211.2550691,257,-0.02,18.8,0,0,0.017,-0.026,-1.187,0.4,-1.6,0
211.2650691,257,-0.02,18.8,0,0,0.017,-0.026,-1.187,0.4,-1.6,0
211.2750691,254,-0.02,18.8,0,0,0.017,-0.026,-1.187,0.4,-1.6,0
211.2850691,256,-0.02,18.8,0,0,0.017,-0.026,-1.187,0.4,-1.6,0
211.295069099999,257,-0.01,18.8,0,0,0.031,-0.02,-0.958,-2.8,1.8,0
211.305069099999,255,-0.01,18.8,0,0,0.031,-0.02,-0.958,-2.8,1.8,0
211.3150691,256,-0.01,18.8,0,0,0.031,-0.02,-0.958,-2.8,1.8,0
211.325069099999,261,-0.01,18.8,0,0,0.031,-0.02,-0.958,-2.8,1.8,0
211.335069099999,256,-0.01,18.8,0,0,0.031,-0.02,-0.958,-2.8,1.8,0
211.345069099999,255,0,18.9,0,0,0.012,-0.032,-1.18,3.3,-2.6,0
211.355069099999,262,0,18.9,0,0,0.012,-0.032,-1.18,3.3,-2.6,0
211.365069099999,254,0,18.9,0,0,0.012,-0.032,-1.18,3.3,-2.6,0
211.375069099999,254,0,18.9,0,0,0.012,-0.032,-1.18,3.3,-2.6,0
211.385069099999,260,0,18.9,0,0,0.012,-0.032,-1.18,3.3,-2.6,0
211.395069099999,253,-0.01,18.9,0,0,0.036,-0.012,-0.901,-1.6,1.2,0
211.405069099999,255,-0.01,18.9,0,0,0.036,-0.012,-0.901,-1.6,1.2,0
211.415069099999,259,-0.01,18.9,0,0,0.036,-0.012,-0.901,-1.6,1.2,0
211.425069099999,254,-0.01,18.9,0,0,0.036,-0.012,-0.901,-1.6,1.2,0
211.435069099999,257,-0.01,18.9,0,0,0.036,-0.012,-0.901,-1.6,1.2,0
211.445069099999,258,0,18.8,0,0,0.031,-0.01,-0.983,2.7,-2.4,0
211.455069099999,254,0,18.8,0,0,0.031,-0.01,-0.983,2.7,-2.4,0
211.465069099999,256,0,18.8,0,0,0.031,-0.01,-0.983,2.7,-2.4,0
211.475069099999,257,0,18.8,0,0,0.031,-0.01,-0.983,2.7,-2.4,0
211.485069099999,256,0,18.8,0,0,0.031,-0.01,-0.983,2.7,-2.4,0
211.495069099999,257,0,18.8,0,0,0.015,-0.029,-1.185,-1.2,0,0.1
211.505069099999,257,0,18.8,0,0,0.015,-0.029,-1.185,-1.2,0,0.1
211.515069099999,254,0,18.8,0,0,0.015,-0.029,-1.185,-1.2,0,0.1
211.525069099999,256,0,18.8,0,0,0.015,-0.029,-1.185,-1.2,0,0.1
211.535069099999,257,0,18.8,0,0,0.015,-0.029,-1.185,-1.2,0,0.1
211.545069099999,254,-0.02,18.7,0,0,0.041,-0.009,-0.813,-1.3,1,0
211.555069099999,255,-0.02,18.7,0,0,0.041,-0.009,-0.813,-1.3,1,0
211.565069099999,262,-0.02,18.7,0,0,0.041,-0.009,-0.813,-1.3,1,0
211.575069099999,256,-0.02,18.7,0,0,0.041,-0.009,-0.813,-1.3,1,0
211.585069099999,255,-0.02,18.7,0,0,0.041,-0.009,-0.813,-1.3,1,0
211.595069099999,262,0,18.8,0,0,0.023,-0.018,-1.095,2.7,-2.9,0
211.605069099999,255,0,18.8,0,0,0.023,-0.018,-1.095,2.7,-2.9,0
211.615069099999,254,0,18.8,0,0,0.023,-0.018,-1.095,2.7,-2.9,0
211.625069099999,259,0,18.8,0,0,0.023,-0.018,-1.095,2.7,-2.9,0
211.635069099999,252,0,18.8,0,0,0.023,-0.018,-1.095,2.7,-2.9,0
211.645069099999,256,0,18.9,0,0,0.022,-0.02,-1.08,-1.7,0.5,0
211.655069099999,260,0,18.9,0,0,0.022,-0.02,-1.08,-1.7,0.5,0
211.665069099999,253,0,18.9,0,0,0.022,-0.02,-1.08,-1.7,0.5,0
211.675069099999,255,0,18.9,0,0,0.022,-0.02,-1.08,-1.7,0.5,0
211.685069099999,257,0,18.9,0,0,0.022,-0.02,-1.08,-1.7,0.5,0
211.695069099999,255,-0.02,18.8,0,0,0.041,-0.002,-0.825,0.2,0,0
211.705069099999,255,-0.02,18.8,0,0,0.041,-0.002,-0.825,0.2,0,0
211.715069099999,257,-0.02,18.8,0,0,0.041,-0.002,-0.825,0.2,0,0
211.725069099999,256,-0.02,18.8,0,0,0.041,-0.002,-0.825,0.2,0,0
211.735069099999,257,-0.02,18.8,0,0,0.041,-0.002,-0.825,0.2,0,0
211.745069099999,257,0.01,18.8,0,0,0.02,-0.015,-1.126,1.8,-2.5,0
211.755069099999,255,0.01,18.8,0,0,0.02,-0.015,-1.126,1.8,-2.5,0
211.765069099999,255,0.01,18.8,0,0,0.02,-0.015,-1.126,1.8,-2.5,0
211.775069099999,257,0.01,18.8,0,0,0.02,-0.015,-1.126,1.8,-2.5,0
211.785069099999,256,0.01,18.8,0,0,0.02,-0.015,-1.126,1.8,-2.5,0
211.795069099999,256,0,18.9,0,0,0.025,-0.016,-1.038,-2.5,1.8,0
211.805069099999,260,0,18.9,0,0,0.025,-0.016,-1.038,-2.5,1.8,0
211.815069099999,254,0,18.9,0,0,0.025,-0.016,-1.038,-2.5,1.8,0
211.825069099999,255,0,18.9,0,0,0.025,-0.016,-1.038,-2.5,1.8,0
211.835069099999,261,0,18.9,0,0,0.025,-0.016,-1.038,-2.5,1.8,0
211.845069099999,254,-0.01,18.9,0,0,0.041,0.002,-0.802,1.8,-1.4,0
211.855069099999,255,-0.01,18.9,0,0,0.041,0.002,-0.802,1.8,-1.4,0
211.865069099999,260,-0.01,18.9,0,0,0.041,0.002,-0.802,1.8,-1.4,0
211.875069099999,254,-0.01,18.9,0,0,0.041,0.002,-0.802,1.8,-1.4,0
211.885069099999,256,-0.01,18.9,0,0,0.041,0.002,-0.802,1.8,-1.4,0
211.895069099999,258,0,18.8,0,0,0.019,-0.021,-1.18,0.3,-1,0
211.905069099999,253,0,18.8,0,0,0.019,-0.021,-1.18,0.3,-1,0
211.915069099999,256,0,18.8,0,0,0.019,-0.021,-1.18,0.3,-1,0
211.925069099999,256,0,18.8,0,0,0.019,-0.021,-1.18,0.3,-1,0
211.935069099999,254,0,18.8,0,0,0.019,-0.021,-1.18,0.3,-1,0
211.945069099999,257,0,18.9,0,0,0.032,-0.008,-0.924,-0.9,0.8,0
211.955069099999,257,0,18.9,0,0,0.032,-0.008,-0.924,-0.9,0.8,0
211.965069099999,256,0,18.9,0,0,0.032,-0.008,-0.924,-0.9,0.8,0
211.975069099999,257,0,18.9,0,0,0.032,-0.008,-0.924,-0.9,0.8,0
211.985069099999,257,0,18.9,0,0,0.032,-0.008,-0.924,-0.9,0.8,0
211.995069099999,254,-0.02,18.9,0,0,0.04,0.002,-0.85,2.3,-1.8,0
212.005069099999,256,-0.02,18.9,0,0,0.04,0.002,-0.85,2.3,-1.8,0
212.015069099999,257,-0.02,18.9,0,0,0.04,0.002,-0.85,2.3,-1.8,0
212.025069099999,255,-0.02,18.9,0,0,0.04,0.002,-0.85,2.3,-1.8,0
212.035069099999,256,-0.02,18.9,0,0,0.04,0.002,-0.85,2.3,-1.8,0
212.045069099999,260,0.01,18.9,0,0,0.013,-0.026,-1.238,-0.6,-1,0
212.055069099999,254,0.01,18.9,0,0,0.013,-0.026,-1.238,-0.6,-1,0
212.065069099999,255,0.01,18.9,0,0,0.013,-0.026,-1.238,-0.6,-1,0
212.075069099999,261,0.01,18.9,0,0,0.013,-0.026,-1.238,-0.6,-1,0
212.085069099999,254,0.01,18.9,0,0,0.013,-0.026,-1.238,-0.6,-1,0
212.095069099999,255,0,18.8,0,0,0.038,-0.004,-0.826,-0.4,0.9,0.1
212.105069099999,260,0,18.8,0,0,0.038,-0.004,-0.826,-0.4,0.9,0.1
212.115069099999,252,0,18.8,0,0,0.038,-0.004,-0.826,-0.4,0.9,0.1
212.125069099999,254,0,18.8,0,0,0.038,-0.004,-0.826,-0.4,0.9,0.1
212.135069099999,260,0,18.8,0,0,0.038,-0.004,-0.826,-0.4,0.9,0.1
212.145069099999,255,-0.01,18.9,0,0,0.03,-0.003,-0.989,2.3,-2.3,0
212.155069099999,255,-0.01,18.9,0,0,0.03,-0.003,-0.989,2.3,-2.3,0
212.165069099999,256,-0.01,18.9,0,0,0.03,-0.003,-0.989,2.3,-2.3,0
212.175069099999,256,-0.01,18.9,0,0,0.03,-0.003,-0.989,2.3,-2.3,0
212.185069099999,256,-0.01,18.9,0,0,0.03,-0.003,-0.989,2.3,-2.3,0
212.195069099999,256,0.01,18.8,0,0,0.02,-0.026,-1.152,-1.4,0.1,0
212.205069099999,256,0.01,18.8,0,0,0.02,-0.026,-1.152,-1.4,0.1,0
212.215069099999,256,0.01,18.8,0,0,0.02,-0.026,-1.152,-1.4,0.1,0
212.225069099999,256,0.01,18.8,0,0,0.02,-0.026,-1.152,-1.4,0.1,0
212.235069099999,256,0.01,18.8,0,0,0.02,-0.026,-1.152,-1.4,0.1,0
212.245069099999,257,-0.01,18.9,0,0,0.041,0,-0.793,0.9,0.3,0
212.255069099999,256,-0.01,18.9,0,0,0.041,0,-0.793,0.9,0.3,0
212.265069099999,255,-0.01,18.9,0,0,0.041,0,-0.793,0.9,0.3,0
212.275069099999,257,-0.01,18.9,0,0,0.041,0,-0.793,0.9,0.3,0
212.285069099999,257,-0.01,18.9,0,0,0.041,0,-0.793,0.9,0.3,0
212.3000299,259,0,18.8,0,0,0.024,-0.011,-1.069,2.3,-2.9,0
212.3100299,256,0,18.8,0,0,0.024,-0.011,-1.069,2.3,-2.9,0
212.3200299,255,0,18.8,0,0,0.024,-0.011,-1.069,2.3,-2.9,0
212.3300299,259,0,18.8,0,0,0.024,-0.011,-1.069,2.3,-2.9,0
212.3400299,254,0,18.8,0,0,0.024,-0.011,-1.069,2.3,-2.9,0
212.3500299,255,-0.01,18.8,0,0,0.041,-0.006,-0.829,1.7,-0.8,0
212.3600299,258,-0.01,18.8,0,0,0.041,-0.006,-0.829,1.7,-0.8,0
212.3700299,255,-0.01,18.8,0,0,0.041,-0.006,-0.829,1.7,-0.8,0
212.3800299,256,-0.01,18.8,0,0,0.041,-0.006,-0.829,1.7,-0.8,0
212.3900299,257,-0.01,18.8,0,0,0.041,-0.006,-0.829,1.7,-0.8,0
212.4149433,255,-0.01,18.8,0,0,0.019,-0.019,-1.142,1.4,-2.3,0
212.4249433,258,-0.01,18.8,0,0,0.019,-0.019,-1.142,1.4,-2.3,0
212.4349433,257,-0.01,18.8,0,0,0.019,-0.019,-1.142,1.4,-2.3,0
212.4449433,254,-0.01,18.8,0,0,0.019,-0.019,-1.142,1.4,-2.3,0
212.4549433,257,-0.01,18.8,0,0,0.019,-0.019,-1.142,1.4,-2.3,0
212.4937125,257,0.01,18.9,0,0,0.025,-0.024,-1.055,-3,1.7,0.1
212.5037125,256,0.01,18.9,0,0,0.025,-0.024,-1.055,-3,1.7,0.1
212.5137125,257,0.01,18.9,0,0,0.025,-0.024,-1.055,-3,1.7,0.1
212.5237125,256,0.01,18.9,0,0,0.025,-0.024,-1.055,-3,1.7,0.1
212.5337125,259,0.01,18.9,0,0,0.025,-0.024,-1.055,-3,1.7,0.1
212.5437125,256,-0.01,18.8,0,0,0.04,-0.009,-0.854,3.3,-2,0
212.5537125,255,-0.01,18.8,0,0,0.04,-0.009,-0.854,3.3,-2,0
212.5637125,259,-0.01,18.8,0,0,0.04,-0.009,-0.854,3.3,-2,0
212.5737125,255,-0.01,18.8,0,0,0.04,-0.009,-0.854,3.3,-2,0
212.5837125,256,-0.01,18.8,0,0,0.04,-0.009,-0.854,3.3,-2,0
212.5937125,256,0,18.8,0,0,0.017,-0.024,-1.171,0.1,-1,0
212.6037125,255,0,18.8,0,0,0.017,-0.024,-1.171,0.1,-1,0
212.6137125,256,0,18.8,0,0,0.017,-0.024,-1.171,0.1,-1,0
212.6237125,255,0,18.8,0,0,0.017,-0.024,-1.171,0.1,-1,0
212.6337125,256,0,18.8,0,0,0.017,-0.024,-1.171,0.1,-1,0
212.6437125,258,0,18.8,0,0,0.033,-0.017,-0.953,-1.7,1.2,0
212.6537125,254,0,18.8,0,0,0.033,-0.017,-0.953,-1.7,1.2,0
212.6637125,256,0,18.8,0,0,0.033,-0.017,-0.953,-1.7,1.2,0
212.6737125,257,0,18.8,0,0,0.033,-0.017,-0.953,-1.7,1.2,0
212.6837125,255,0,18.8,0,0,0.033,-0.017,-0.953,-1.7,1.2,0
212.6937125,258,-0.02,18.8,0,0,0.034,-0.005,-0.925,3.1,-2.4,0
212.7037125,257,-0.02,18.8,0,0,0.034,-0.005,-0.925,3.1,-2.4,0
212.7137125,254,-0.02,18.8,0,0,0.034,-0.005,-0.925,3.1,-2.4,0
212.7237125,257,-0.02,18.8,0,0,0.034,-0.005,-0.925,3.1,-2.4,0
212.7337125,257,-0.02,18.8,0,0,0.034,-0.005,-0.925,3.1,-2.4,0
212.7488047,257,0,18.9,0,0,0.041,-0.006,-0.813,-1.2,0.9,0
212.7588047,259,0,18.9,0,0,0.041,-0.006,-0.813,-1.2,0.9,0
212.7688047,253,0,18.9,0,0,0.041,-0.006,-0.813,-1.2,0.9,0
212.7788047,255,0,18.9,0,0,0.041,-0.006,-0.813,-1.2,0.9,0
212.7888047,256,0,18.9,0,0,0.041,-0.006,-0.813,-1.2,0.9,0
212.7988047,256,-0.01,18.8,0,0,0.023,-0.018,-1.075,2.3,-2.3,0
212.8088047,257,-0.01,18.8,0,0,0.023,-0.018,-1.075,2.3,-2.3,0
212.8188047,255,-0.01,18.8,0,0,0.023,-0.018,-1.075,2.3,-2.3,0
212.8288047,255,-0.01,18.8,0,0,0.023,-0.018,-1.075,2.3,-2.3,0
212.8388047,258,-0.01,18.8,0,0,0.023,-0.018,-1.075,2.3,-2.3,0
212.8628736,254,0.01,18.8,0,0,0.021,-0.022,-1.104,-1.4,0.2,0.1
212.8728736,256,0.01,18.8,0,0,0.021,-0.022,-1.104,-1.4,0.2,0.1
212.8828736,257,0.01,18.8,0,0,0.021,-0.022,-1.104,-1.4,0.2,0.1
212.8928736,255,0.01,18.8,0,0,0.021,-0.022,-1.104,-1.4,0.2,0.1
212.9028736,258,0.01,18.8,0,0,0.021,-0.022,-1.104,-1.4,0.2,0.1
212.9128736,257,0,18.8,0,0,0.042,-0.005,-0.801,-0.1,0.6,0
212.9228736,254,0,18.8,0,0,0.042,-0.005,-0.801,-0.1,0.6,0
212.9328736,257,0,18.8,0,0,0.042,-0.005,-0.801,-0.1,0.6,0
212.9428736,257,0,18.8,0,0,0.042,-0.005,-0.801,-0.1,0.6,0
212.9528736,256,0,18.8,0,0,0.042,-0.005,-0.801,-0.1,0.6,0
213.0056022,255,-0.02,18.8,0,0,0.02,-0.016,-1.133,2.5,-3.1,0
213.0156022,255,-0.02,18.8,0,0,0.02,-0.016,-1.133,2.5,-3.1,0
213.0256022,259,-0.02,18.8,0,0,0.02,-0.016,-1.133,2.5,-3.1,0
213.0356022,257,-0.02,18.8,0,0,0.02,-0.016,-1.133,2.5,-3.1,0
213.0456022,255,-0.02,18.8,0,0,0.02,-0.016,-1.133,2.5,-3.1,0
213.0556022,257,0,18.8,0,0,0.04,0,-0.826,1.4,-1.2,0
213.0656022,255,0,18.8,0,0,0.04,0,-0.826,1.4,-1.2,0
213.0756022,255,0,18.8,0,0,0.04,0,-0.826,1.4,-1.2,0
213.0856022,258,0,18.8,0,0,0.04,0,-0.826,1.4,-1.2,0
213.0956022,254,0,18.8,0,0,0.04,0,-0.826,1.4,-1.2,0
213.1056022,256,-0.01,18.9,0,0,0.019,-0.02,-1.162,0.7,-1.4,0
213.1156022,257,-0.01,18.9,0,0,0.019,-0.02,-1.162,0.7,-1.4,0
213.1256022,255,-0.01,18.9,0,0,0.019,-0.02,-1.162,0.7,-1.4,0
213.1356022,258,-0.01,18.9,0,0,0.019,-0.02,-1.162,0.7,-1.4,0
213.1456022,257,-0.01,18.9,0,0,0.019,-0.02,-1.162,0.7,-1.4,0
213.1574128,254,0.01,18.9,0,0,0.03,-0.009,-0.951,-1.8,1.3,0
213.1674128,257,0.01,18.9,0,0,0.03,-0.009,-0.951,-1.8,1.3,0
213.1774128,257,0.01,18.9,0,0,0.03,-0.009,-0.951,-1.8,1.3,0
213.1874128,256,0.01,18.9,0,0,0.03,-0.009,-0.951,-1.8,1.3,0
213.1974128,257,0.01,18.9,0,0,0.03,-0.009,-0.951,-1.8,1.3,0
213.2074128,256,-0.01,18.9,0,0,0.04,0.001,-0.836,2.3,-1.9,0
213.2174128,258,-0.01,18.9,0,0,0.04,0.001,-0.836,2.3,-1.9,0
213.2274128,262,-0.01,18.9,0,0,0.04,0.001,-0.836,2.3,-1.9,0
213.2374128,255,-0.01,18.9,0,0,0.04,0.001,-0.836,2.3,-1.9,0
213.2474128,254,-0.01,18.9,0,0,0.04,0.001,-0.836,2.3,-1.9,0
213.2842529,260,0,18.9,0,0,0.016,-0.024,-1.188,-0.5,-0.8,0
213.2942529,254,0,18.9,0,0,0.016,-0.024,-1.188,-0.5,-0.8,0
213.3042529,255,0,18.9,0,0,0.016,-0.024,-1.188,-0.5,-0.8,0
213.3142529,258,0,18.9,0,0,0.016,-0.024,-1.188,-0.5,-0.8,0
213.3242529,253,0,18.9,0,0,0.016,-0.024,-1.188,-0.5,-0.8,0
213.367109,256,-0.01,18.8,0,0,0.028,0,-0.946,2.6,-2.4,0
213.377109,257,-0.01,18.8,0,0,0.028,0,-0.946,2.6,-2.4,0
213.387109,257,-0.01,18.8,0,0,0.028,0,-0.946,2.6,-2.4,0
213.397109,254,-0.01,18.8,0,0,0.028,0,-0.946,2.6,-2.4,0
213.407109,256,-0.01,18.8,0,0,0.028,0,-0.946,2.6,-2.4,0
213.417109,257,-0.02,18.8,0,0,0.02,-0.031,-1.202,-1.6,0.2,0.1
213.427109,255,-0.02,18.8,0,0,0.02,-0.031,-1.202,-1.6,0.2,0.1
213.437109,255,-0.02,18.8,0,0,0.02,-0.031,-1.202,-1.6,0.2,0.1
213.447109,260,-0.02,18.8,0,0,0.02,-0.031,-1.202,-1.6,0.2,0.1
213.457109,256,-0.02,18.8,0,0,0.02,-0.031,-1.202,-1.6,0.2,0.1
213.467109,255,0.01,18.8,0,0,0.041,-0.001,-0.784,0.7,0.2,0
213.477109,261,0.01,18.8,0,0,0.041,-0.001,-0.784,0.7,0.2,0
213.487109,253,0.01,18.8,0,0,0.041,-0.001,-0.784,0.7,0.2,0
213.497109,254,0.01,18.8,0,0,0.041,-0.001,-0.784,0.7,0.2,0
213.507109,261,0.01,18.8,0,0,0.041,-0.001,-0.784,0.7,0.2,0
213.5379298,254,-0.01,18.8,0,0,0.027,-0.011,-1.058,1.9,-2.2,0
213.5479298,256,-0.01,18.8,0,0,0.027,-0.011,-1.058,1.9,-2.2,0
213.5579298,258,-0.01,18.8,0,0,0.027,-0.011,-1.058,1.9,-2.2,0
213.5679298,253,-0.01,18.8,0,0,0.027,-0.011,-1.058,1.9,-2.2,0
213.5779298,256,-0.01,18.8,0,0,0.027,-0.011,-1.058,1.9,-2.2,0
213.5890128,258,0,18.9,0,0,0.021,-0.024,-1.113,-1.5,0.4,0
213.5990128,254,0,18.9,0,0,0.021,-0.024,-1.113,-1.5,0.4,0
213.6090128,256,0,18.9,0,0,0.021,-0.024,-1.113,-1.5,0.4,0
213.6190128,257,0,18.9,0,0,0.021,-0.024,-1.113,-1.5,0.4,0
213.6290128,256,0,18.9,0,0,0.021,-0.024,-1.113,-1.5,0.4,0
213.684894,255,-0.02,18.9,0,0,0.02,-0.018,-1.143,2,-2.8,0
213.694894,256,-0.02,18.9,0,0,0.02,-0.018,-1.143,2,-2.8,0
213.704894,260,-0.02,18.9,0,0,0.02,-0.018,-1.143,2,-2.8,0
213.714894,254,-0.02,18.9,0,0,0.02,-0.018,-1.143,2,-2.8,0
213.724894,256,-0.02,18.9,0,0,0.02,-0.018,-1.143,2,-2.8,0
213.734894,262,0,18.8,0,0,0.027,-0.022,-1.033,-2.6,1.6,0
213.744894,253,0,18.8,0,0,0.027,-0.022,-1.033,-2.6,1.6,0
213.754894,254,0,18.8,0,0,0.027,-0.022,-1.033,-2.6,1.6,0
213.764894,260,0,18.8,0,0,0.027,-0.022,-1.033,-2.6,1.6,0
213.774894,253,0,18.8,0,0,0.027,-0.022,-1.033,-2.6,1.6,0
213.812937,255,-0.02,18.9,0,0,0.018,-0.022,-1.157,0.3,-1.4,0
213.822937,256,-0.02,18.9,0,0,0.018,-0.022,-1.157,0.3,-1.4,0
213.832937,257,-0.02,18.9,0,0,0.018,-0.022,-1.157,0.3,-1.4,0
213.842937,256,-0.02,18.9,0,0,0.018,-0.022,-1.157,0.3,-1.4,0
213.852937,257,-0.02,18.9,0,0,0.018,-0.022,-1.157,0.3,-1.4,0
213.862937,257,0.01,18.8,0,0,0.03,-0.021,-0.997,-2.3,1.6,0
213.872937,254,0.01,18.8,0,0,0.03,-0.021,-0.997,-2.3,1.6,0
213.882937,256,0.01,18.8,0,0,0.03,-0.021,-0.997,-2.3,1.6,0
213.892937,259,0.01,18.8,0,0,0.03,-0.021,-0.997,-2.3,1.6,0
213.902937,256,0.01,18.8,0,0,0.03,-0.021,-0.997,-2.3,1.6,0
213.912937,255,0,18.9,0,0,0.038,-0.004,-0.874,3.5,-2.6,0
213.922937,259,0,18.9,0,0,0.038,-0.004,-0.874,3.5,-2.6,0
213.932937,254,0,18.9,0,0,0.038,-0.004,-0.874,3.5,-2.6,0
213.942937,256,0,18.9,0,0,0.038,-0.004,-0.874,3.5,-2.6,0
213.952937,261,0,18.9,0,0,0.038,-0.004,-0.874,3.5,-2.6,0
213.962937,252,-0.01,18.9,0,0,0.014,-0.032,-1.221,-0.6,-0.4,0.1
213.972937,254,-0.01,18.9,0,0,0.014,-0.032,-1.221,-0.6,-0.4,0.1
213.982937,261,-0.01,18.9,0,0,0.014,-0.032,-1.221,-0.6,-0.4,0.1
213.992937,255,-0.01,18.9,0,0,0.014,-0.032,-1.221,-0.6,-0.4,0.1
214.002937,256,-0.01,18.9,0,0,0.014,-0.032,-1.221,-0.6,-0.4,0.1
214.012937,258,0.01,18.9,0,0,0.038,-0.011,-0.879,-1.2,0.8,0
214.022937,254,0.01,18.9,0,0,0.038,-0.011,-0.879,-1.2,0.8,0
214.032937,256,0.01,18.9,0,0,0.038,-0.011,-0.879,-1.2,0.8,0
214.042937,256,0.01,18.9,0,0,0.038,-0.011,-0.879,-1.2,0.8,0
214.052937,255,0.01,18.9,0,0,0.038,-0.011,-0.879,-1.2,0.8,0
214.062937,256,0,18.8,0,0,0.029,-0.012,-1.014,2.8,-2.3,0
214.072937,257,0,18.8,0,0,0.029,-0.012,-1.014,2.8,-2.3,0
214.082937,256,0,18.8,0,0,0.029,-0.012,-1.014,2.8,-2.3,0
214.092937,257,0,18.8,0,0,0.029,-0.012,-1.014,2.8,-2.3,0
214.102937,257,0,18.8,0,0,0.029,-0.012,-1.014,2.8,-2.3,0
214.112937,254,-0.01,18.8,0,0,0.019,-0.026,-1.161,-1.7,0,0
214.122937,256,-0.01,18.8,0,0,0.019,-0.026,-1.161,-1.7,0,0
214.132937,257,-0.01,18.8,0,0,0.019,-0.026,-1.161,-1.7,0,0
214.142937,255,-0.01,18.8,0,0,0.019,-0.026,-1.161,-1.7,0,0
214.152937,256,-0.01,18.8,0,0,0.019,-0.026,-1.161,-1.7,0,0
214.162937,261,0,18.8,0,0,0.043,-0.004,-0.786,-0.4,0.8,0
214.172937,255,0,18.8,0,0,0.043,-0.004,-0.786,-0.4,0.8,0
214.182937,256,0,18.8,0,0,0.043,-0.004,-0.786,-0.4,0.8,0
214.192937,262,0,18.8,0,0,0.043,-0.004,-0.786,-0.4,0.8,0
214.202937,252,0,18.8,0,0,0.043,-0.004,-0.786,-0.4,0.8,0
214.212937,254,0,18.8,0,0,0.022,-0.016,-1.104,2.1,-2.6,0
214.222937,261,0,18.8,0,0,0.022,-0.016,-1.104,2.1,-2.6,0
214.232937,254,0,18.8,0,0,0.022,-0.016,-1.104,2.1,-2.6,0
214.242937,256,0,18.8,0,0,0.022,-0.016,-1.104,2.1,-2.6,0
214.252937,258,0,18.8,0,0,0.022,-0.016,-1.104,2.1,-2.6,0
214.262937,253,-0.01,18.8,0,0,0.024,-0.019,-1.068,-1.8,0.9,0
214.272937,255,-0.01,18.8,0,0,0.024,-0.019,-1.068,-1.8,0.9,0
214.282937,257,-0.01,18.8,0,0,0.024,-0.019,-1.068,-1.8,0.9,0
214.292937,256,-0.01,18.8,0,0,0.024,-0.019,-1.068,-1.8,0.9,0
214.302937,257,-0.01,18.8,0,0,0.024,-0.019,-1.068,-1.8,0.9,0
214.312937,257,0.01,18.8,0,0,0.042,0,-0.796,0.9,-0.5,0
214.322937,256,0.01,18.8,0,0,0.042,0,-0.796,0.9,-0.5,0
214.332937,257,0.01,18.8,0,0,0.042,0,-0.796,0.9,-0.5,0
214.342937,257,0.01,18.8,0,0,0.042,0,-0.796,0.9,-0.5,0
214.352937,254,0.01,18.8,0,0,0.042,0,-0.796,0.9,-0.5,0
214.3631357,256,-0.01,18.8,0,0,0.025,-0.014,-1.026,1.4,-2.1,0
214.3731357,259,-0.01,18.8,0,0,0.025,-0.014,-1.026,1.4,-2.1,0
214.3831357,256,-0.01,18.8,0,0,0.025,-0.014,-1.026,1.4,-2.1,0
214.3931357,255,-0.01,18.8,0,0,0.025,-0.014,-1.026,1.4,-2.1,0
214.4031357,259,-0.01,18.8,0,0,0.025,-0.014,-1.026,1.4,-2.1,0
214.4131357,254,-0.01,18.9,0,0,0.045,0.002,-0.779,1.7,-1,0
214.4231357,255,-0.01,18.9,0,0,0.045,0.002,-0.779,1.7,-1,0
214.4331357,258,-0.01,18.9,0,0,0.045,0.002,-0.779,1.7,-1,0
214.4431357,256,-0.01,18.9,0,0,0.045,0.002,-0.779,1.7,-1,0
214.4531357,255,-0.01,18.9,0,0,0.045,0.002,-0.779,1.7,-1,0
214.4747217,255,0,18.8,0,0,0.016,-0.02,-1.185,0.6,-1.5,0
214.4847217,255,0,18.8,0,0,0.016,-0.02,-1.185,0.6,-1.5,0
214.4947217,256,0,18.8,0,0,0.016,-0.02,-1.185,0.6,-1.5,0
214.5047217,257,0,18.8,0,0,0.016,-0.02,-1.185,0.6,-1.5,0
214.5147217,255,0,18.8,0,0,0.016,-0.02,-1.185,0.6,-1.5,0
214.575413,254,-0.01,18.8,0,0,0.037,0.002,-0.874,2.4,-2.1,0
214.585413,255,-0.01,18.8,0,0,0.037,0.002,-0.874,2.4,-2.1,0
214.595413,257,-0.01,18.8,0,0,0.037,0.002,-0.874,2.4,-2.1,0
214.605413,255,-0.01,18.8,0,0,0.037,0.002,-0.874,2.4,-2.1,0
214.615413,256,-0.01,18.8,0,0,0.037,0.002,-0.874,2.4,-2.1,0
214.625413,257,0.02,18.9,0,0,0.015,-0.028,-1.222,-0.6,-0.7,0
214.635413,256,0.02,18.9,0,0,0.015,-0.028,-1.222,-0.6,-0.7,0
214.645413,257,0.02,18.9,0,0,0.015,-0.028,-1.222,-0.6,-0.7,0
214.655413,256,0.02,18.9,0,0,0.015,-0.028,-1.222,-0.6,-0.7,0
214.665413,259,0.02,18.9,0,0,0.015,-0.028,-1.222,-0.6,-0.7,0
214.675413,256,-0.01,18.9,0,0,0.04,0,-0.812,-0.1,0.9,0
214.685413,255,-0.01,18.9,0,0,0.04,0,-0.812,-0.1,0.9,0
214.695413,259,-0.01,18.9,0,0,0.04,0,-0.812,-0.1,0.9,0
214.705413,254,-0.01,18.9,0,0,0.04,0,-0.812,-0.1,0.9,0
214.715413,255,-0.01,18.9,0,0,0.04,0,-0.812,-0.1,0.9,0
214.725413,256,0,18.9,0,0,0.03,-0.006,-0.993,2.3,-2.3,0
214.735413,255,0,18.9,0,0,0.03,-0.006,-0.993,2.3,-2.3,0
214.745413,256,0,18.9,0,0,0.03,-0.006,-0.993,2.3,-2.3,0
214.755413,255,0,18.9,0,0,0.03,-0.006,-0.993,2.3,-2.3,0
214.765413,256,0,18.9,0,0,0.03,-0.006,-0.993,2.3,-2.3,0
214.775546,258,0.01,18.9,0,0,0.02,-0.023,-1.142,-1.1,0,0
214.785546,254,0.01,18.9,0,0,0.02,-0.023,-1.142,-1.1,0,0
214.795546,256,0.01,18.9,0,0,0.02,-0.023,-1.142,-1.1,0,0
214.805546,257,0.01,18.9,0,0,0.02,-0.023,-1.142,-1.1,0,0
214.815546,255,0.01,18.9,0,0,0.02,-0.023,-1.142,-1.1,0,0
214.8575971,256,0.01,18.8,0,0,0.024,-0.01,-1.074,2.6,-3.1,0
214.8675971,257,0.01,18.8,0,0,0.024,-0.01,-1.074,2.6,-3.1,0
214.8775971,256,0.01,18.8,0,0,0.024,-0.01,-1.074,2.6,-3.1,0
214.8875971,259,0.01,18.8,0,0,0.024,-0.01,-1.074,2.6,-3.1,0
214.8975971,256,0.01,18.8,0,0,0.024,-0.01,-1.074,2.6,-3.1,0
214.9374727,255,0.01,18.9,0,0,0.023,-0.023,-1.094,-2.7,1.4,0.1
214.9474727,259,0.01,18.9,0,0,0.023,-0.023,-1.094,-2.7,1.4,0.1
214.9574727,255,0.01,18.9,0,0,0.023,-0.023,-1.094,-2.7,1.4,0.1
214.9674727,256,0.01,18.9,0,0,0.023,-0.023,-1.094,-2.7,1.4,0.1
214.9774727,255,0.01,18.9,0,0,0.023,-0.023,-1.094,-2.7,1.4,0.1
215.0000978,254,0,18.9,0,0,0.02,-0.019,-1.128,1,-1.7,0
215.0100978,257,0,18.9,0,0,0.02,-0.019,-1.128,1,-1.7,0
215.0200978,257,0,18.9,0,0,0.02,-0.019,-1.128,1,-1.7,0
215.0300978,254,0,18.9,0,0,0.02,-0.019,-1.128,1,-1.7,0
215.0400978,257,0,18.9,0,0,0.02,-0.019,-1.128,1,-1.7,0
215.0500978,257,0.01,18.9,0,0,0.025,-0.026,-1.056,-2.3,1.4,0
215.0600978,255,0.01,18.9,0,0,0.025,-0.026,-1.056,-2.3,1.4,0
215.0700978,257,0.01,18.9,0,0,0.025,-0.026,-1.056,-2.3,1.4,0
215.0800978,257,0.01,18.9,0,0,0.025,-0.026,-1.056,-2.3,1.4,0
215.0900978,255,0.01,18.9,0,0,0.025,-0.026,-1.056,-2.3,1.4,0
215.1058823,257,-0.03,18.9,0,0,0.041,-0.001,-0.82,3.1,-1.9,0
215.1158823,257,-0.03,18.9,0,0,0.041,-0.001,-0.82,3.1,-1.9,0
215.1258823,259,-0.03,18.9,0,0,0.041,-0.001,-0.82,3.1,-1.9,0
215.1358823,256,-0.03,18.9,0,0,0.041,-0.001,-0.82,3.1,-1.9,0
215.1458823,255,-0.03,18.9,0,0,0.041,-0.001,-0.82,3.1,-1.9,0
215.1558823,259,0,18.9,0,0,0.015,-0.029,-1.223,0,-1.1,0
215.1658823,255,0,18.9,0,0,0.015,-0.029,-1.223,0,-1.1,0
215.1758823,256,0,18.9,0,0,0.015,-0.029,-1.223,0,-1.1,0
215.1858823,255,0,18.9,0,0,0.015,-0.029,-1.223,0,-1.1,0
215.1958823,255,0,18.9,0,0,0.015,-0.029,-1.223,0,-1.1,0
215.2058823,257,0,18.9,0,0,0.035,-0.015,-0.912,-1.5,1,0
215.2158823,255,0,18.9,0,0,0.035,-0.015,-0.912,-1.5,1,0
215.2258823,256,0,18.9,0,0,0.035,-0.015,-0.912,-1.5,1,0
215.2358823,256,0,18.9,0,0,0.035,-0.015,-0.912,-1.5,1,0
215.2458823,254,0,18.9,0,0,0.035,-0.015,-0.912,-1.5,1,0
215.2558823,257,-0.01,18.8,0,0,0.032,-0.011,-0.972,2.9,-2.1,0
215.2658823,259,-0.01,18.8,0,0,0.032,-0.011,-0.972,2.9,-2.1,0
215.2758823,254,-0.01,18.8,0,0,0.032,-0.011,-0.972,2.9,-2.1,0
215.2858823,255,-0.01,18.8,0,0,0.032,-0.011,-0.972,2.9,-2.1,0
215.2958823,257,-0.01,18.8,0,0,0.032,-0.011,-0.972,2.9,-2.1,0
215.3058823,255,0.01,18.9,0,0,0.017,-0.029,-1.193,-1.1,-0.5,0.1
215.3158823,256,0.01,18.9,0,0,0.017,-0.029,-1.193,-1.1,-0.5,0.1
215.3258823,258,0.01,18.9,0,0,0.017,-0.029,-1.193,-1.1,-0.5,0.1
215.3358823,256,0.01,18.9,0,0,0.017,-0.029,-1.193,-1.1,-0.5,0.1
215.3458823,257,0.01,18.9,0,0,0.017,-0.029,-1.193,-1.1,-0.5,0.1
215.3558823,256,0,18.9,0,0,0.041,-0.01,-0.828,-1.2,1.3,0
215.3658823,259,0,18.9,0,0,0.041,-0.01,-0.828,-1.2,1.3,0
215.3758823,256,0,18.9,0,0,0.041,-0.01,-0.828,-1.2,1.3,0
215.3858823,255,0,18.9,0,0,0.041,-0.01,-0.828,-1.2,1.3,0
215.3958823,259,0,18.9,0,0,0.041,-0.01,-0.828,-1.2,1.3,0
215.4122581,254,-0.01,18.8,0,0,0.025,-0.014,-1.055,2.6,-2.6,0
215.4222581,255,-0.01,18.8,0,0,0.025,-0.014,-1.055,2.6,-2.6,0
215.4322581,257,-0.01,18.8,0,0,0.025,-0.014,-1.055,2.6,-2.6,0
215.4422581,256,-0.01,18.8,0,0,0.025,-0.014,-1.055,2.6,-2.6,0
215.4522581,256,-0.01,18.8,0,0,0.025,-0.014,-1.055,2.6,-2.6,0
215.4622581,255,0.01,18.8,0,0,0.021,-0.022,-1.112,-1.7,0.7,0
215.4722581,257,0.01,18.8,0,0,0.021,-0.022,-1.112,-1.7,0.7,0
215.4822581,258,0.01,18.8,0,0,0.021,-0.022,-1.112,-1.7,0.7,0
215.4922581,257,0.01,18.8,0,0,0.021,-0.022,-1.112,-1.7,0.7,0
215.5022581,257,0.01,18.8,0,0,0.021,-0.022,-1.112,-1.7,0.7,0
215.5122581,256,-0.01,18.8,0,0,0.04,-0.003,-0.806,0.2,-0.1,0
215.5222581,257,-0.01,18.8,0,0,0.04,-0.003,-0.806,0.2,-0.1,0
215.5322581,257,-0.01,18.8,0,0,0.04,-0.003,-0.806,0.2,-0.1,0
215.5422581,254,-0.01,18.8,0,0,0.04,-0.003,-0.806,0.2,-0.1,0
215.5522581,256,-0.01,18.8,0,0,0.04,-0.003,-0.806,0.2,-0.1,0
215.5622581,259,0,18.8,0,0,0.02,-0.019,-1.145,2.2,-2.5,0
215.5722581,256,0,18.8,0,0,0.02,-0.019,-1.145,2.2,-2.5,0
215.5822581,255,0,18.8,0,0,0.02,-0.019,-1.145,2.2,-2.5,0
215.5922581,259,0,18.8,0,0,0.02,-0.019,-1.145,2.2,-2.5,0
215.6022581,254,0,18.8,0,0,0.02,-0.019,-1.145,2.2,-2.5,0
215.6122581,255,0,18.8,0,0,0.027,-0.013,-1.026,-2.1,1.5,0
215.6222581,261,0,18.8,0,0,0.027,-0.013,-1.026,-2.1,1.5,0
215.6322581,254,0,18.8,0,0,0.027,-0.013,-1.026,-2.1,1.5,0
215.6422581,255,0,18.8,0,0,0.027,-0.013,-1.026,-2.1,1.5,0
215.6522581,260,0,18.8,0,0,0.027,-0.013,-1.026,-2.1,1.5,0
215.6622581,252,-0.01,18.9,0,0,0.04,-0.002,-0.831,1.3,-1,0
215.6722581,256,-0.01,18.9,0,0,0.04,-0.002,-0.831,1.3,-1,0
215.6822581,258,-0.01,18.9,0,0,0.04,-0.002,-0.831,1.3,-1,0
215.6922581,254,-0.01,18.9,0,0,0.04,-0.002,-0.831,1.3,-1,0
215.7022581,256,-0.01,18.9,0,0,0.04,-0.002,-0.831,1.3,-1,0
215.7122581,256,0,18.9,0,0,0.019,-0.02,-1.152,0.7,-1.7,0
215.7222581,254,0,18.9,0,0,0.019,-0.02,-1.152,0.7,-1.7,0
215.7322581,256,0,18.9,0,0,0.019,-0.02,-1.152,0.7,-1.7,0
215.7422581,257,0,18.9,0,0,0.019,-0.02,-1.152,0.7,-1.7,0
215.7522581,256,0,18.9,0,0,0.019,-0.02,-1.152,0.7,-1.7,0
215.7622581,257,0.01,18.9,0,0,0.031,-0.009,-0.946,-1.7,1.5,0
215.7722581,257,0.01,18.9,0,0,0.031,-0.009,-0.946,-1.7,1.5,0
215.7822581,254,0.01,18.9,0,0,0.031,-0.009,-0.946,-1.7,1.5,0
215.7922581,256,0.01,18.9,0,0,0.031,-0.009,-0.946,-1.7,1.5,0
215.8022581,257,0.01,18.9,0,0,0.031,-0.009,-0.946,-1.7,1.5,0
215.8122581,255,-0.01,18.8,0,0,0.04,0.007,-0.818,2.5,-2.1,-0.1
215.8222581,256,-0.01,18.8,0,0,0.04,0.007,-0.818,2.5,-2.1,-0.1
215.8322581,260,-0.01,18.8,0,0,0.04,0.007,-0.818,2.5,-2.1,-0.1
215.8422581,254,-0.01,18.8,0,0,0.04,0.007,-0.818,2.5,-2.1,-0.1
215.8522581,255,-0.01,18.8,0,0,0.04,0.007,-0.818,2.5,-2.1,-0.1
215.8622581,262,0,18.8,0,0,0.015,-0.028,-1.229,-0.7,-0.6,0
215.8722581,254,0,18.8,0,0,0.015,-0.028,-1.229,-0.7,-0.6,0
215.8822581,253,0,18.8,0,0,0.015,-0.028,-1.229,-0.7,-0.6,0
215.8922581,261,0,18.8,0,0,0.015,-0.028,-1.229,-0.7,-0.6,0
215.9022581,254,0,18.8,0,0,0.015,-0.028,-1.229,-0.7,-0.6,0
215.9357243,254,0,18.9,0,0,0.037,-0.003,-0.856,-0.2,0.6,0.1
215.9457243,259,0,18.9,0,0,0.037,-0.003,-0.856,-0.2,0.6,0.1
215.9557243,254,0,18.9,0,0,0.037,-0.003,-0.856,-0.2,0.6,0.1
215.9657243,255,0,18.9,0,0,0.037,-0.003,-0.856,-0.2,0.6,0.1
215.9757243,256,0,18.9,0,0,0.037,-0.003,-0.856,-0.2,0.6,0.1
215.9862319,256,-0.02,18.8,0,0,0.033,-0.006,-0.957,2,-2,0
215.9962319,257,-0.02,18.8,0,0,0.033,-0.006,-0.957,2,-2,0
216.0062319,257,-0.02,18.8,0,0,0.033,-0.006,-0.957,2,-2,0
216.0162319,254,-0.02,18.8,0,0,0.033,-0.006,-0.957,2,-2,0
216.0262319,256,-0.02,18.8,0,0,0.033,-0.006,-0.957,2,-2,0
216.0493646,256,0,18.9,0,0,0.043,-0.004,-0.776,0.4,0.6,0
216.0593646,261,0,18.9,0,0,0.043,-0.004,-0.776,0.4,0.6,0
216.0693646,254,0,18.9,0,0,0.043,-0.004,-0.776,0.4,0.6,0
216.0793646,254,0,18.9,0,0,0.043,-0.004,-0.776,0.4,0.6,0
216.0893646,262,0,18.9,0,0,0.043,-0.004,-0.776,0.4,0.6,0
216.0993646,254,-0.01,18.9,0,0,0.023,-0.01,-1.075,2.4,-2.8,0
216.1093646,255,-0.01,18.9,0,0,0.023,-0.01,-1.075,2.4,-2.8,0
216.1193646,260,-0.01,18.9,0,0,0.023,-0.01,-1.075,2.4,-2.8,0
216.1293646,252,-0.01,18.9,0,0,0.023,-0.01,-1.075,2.4,-2.8,0
216.1393646,256,-0.01,18.9,0,0,0.023,-0.01,-1.075,2.4,-2.8,0
216.1793771,258,0,18.8,0,0,0.024,-0.023,-1.091,-2,0.8,0.1
216.1893771,252,0,18.8,0,0,0.024,-0.023,-1.091,-2,0.8,0.1
216.1993771,257,0,18.8,0,0,0.024,-0.023,-1.091,-2,0.8,0.1
216.2093771,258,0,18.8,0,0,0.024,-0.023,-1.091,-2,0.8,0.1
216.2193771,254,0,18.8,0,0,0.024,-0.023,-1.091,-2,0.8,0.1
216.2293771,255,0,18.8,0,0,0.04,-0.003,-0.837,1.8,-0.7,0
216.2393771,257,0,18.8,0,0,0.04,-0.003,-0.837,1.8,-0.7,0
216.2493771,256,0,18.8,0,0,0.04,-0.003,-0.837,1.8,-0.7,0
216.2593771,257,0,18.8,0,0,0.04,-0.003,-0.837,1.8,-0.7,0
216.2693771,257,0,18.8,0,0,0.04,-0.003,-0.837,1.8,-0.7,0
216.287472,254,-0.03,18.9,0,0,0.02,-0.017,-1.129,1.5,-2.5,0
216.297472,256,-0.03,18.9,0,0,0.02,-0.017,-1.129,1.5,-2.5,0
216.307472,257,-0.03,18.9,0,0,0.02,-0.017,-1.129,1.5,-2.5,0
216.317472,255,-0.03,18.9,0,0,0.02,-0.017,-1.129,1.5,-2.5,0
216.327472,255,-0.03,18.9,0,0,0.02,-0.017,-1.129,1.5,-2.5,0
216.3518506,254,0,18.9,0,0,0.039,-0.008,-0.852,2.6,-1.8,0
216.3618506,260,0,18.9,0,0,0.039,-0.008,-0.852,2.6,-1.8,0
216.3718506,253,0,18.9,0,0,0.039,-0.008,-0.852,2.6,-1.8,0
216.3818506,254,0,18.9,0,0,0.039,-0.008,-0.852,2.6,-1.8,0
216.3918506,259,0,18.9,0,0,0.039,-0.008,-0.852,2.6,-1.8,0
216.4018506,255,-0.01,18.9,0,0,0.016,-0.026,-1.178,0.4,-1.3,0
216.4118506,257,-0.01,18.9,0,0,0.016,-0.026,-1.178,0.4,-1.3,0
216.4218506,256,-0.01,18.9,0,0,0.016,-0.026,-1.178,0.4,-1.3,0
216.4318506,255,-0.01,18.9,0,0,0.016,-0.026,-1.178,0.4,-1.3,0
216.4418506,256,-0.01,18.9,0,0,0.016,-0.026,-1.178,0.4,-1.3,0
216.5122307,257,0,18.8,0,0,0.031,-0.019,-0.961,-2,1.2,0
216.5222307,256,0,18.8,0,0,0.031,-0.019,-0.961,-2,1.2,0
216.5322307,257,0,18.8,0,0,0.031,-0.019,-0.961,-2,1.2,0
216.5422307,257,0,18.8,0,0,0.031,-0.019,-0.961,-2,1.2,0
216.5522307,255,0,18.8,0,0,0.031,-0.019,-0.961,-2,1.2,0
216.5622307,255,0,18.8,0,0,0.013,-0.03,-1.215,-1,-0.5,0
216.5722307,254,0,18.8,0,0,0.013,-0.03,-1.215,-1,-0.5,0
216.5822307,262,0,18.8,0,0,0.013,-0.03,-1.215,-1,-0.5,0
216.5922307,253,0,18.8,0,0,0.013,-0.03,-1.215,-1,-0.5,0
216.6022307,253,0,18.8,0,0,0.013,-0.03,-1.215,-1,-0.5,0
216.6122307,258,0.01,18.8,0,0,0.038,-0.009,-0.863,-1.1,1,0
216.6222307,254,0.01,18.8,0,0,0.038,-0.009,-0.863,-1.1,1,0
216.6322307,254,0.01,18.8,0,0,0.038,-0.009,-0.863,-1.1,1,0
216.6422307,255,0.01,18.8,0,0,0.038,-0.009,-0.863,-1.1,1,0
216.6522307,255,0.01,18.8,0,0,0.038,-0.009,-0.863,-1.1,1,0
216.6622307,256,-0.01,18.9,0,0,0.026,-0.011,-1.028,2.5,-2.5,0
216.6722307,258,-0.01,18.9,0,0,0.026,-0.011,-1.028,2.5,-2.5,0
216.6822307,254,-0.01,18.9,0,0,0.026,-0.011,-1.028,2.5,-2.5,0
216.6922307,256,-0.01,18.9,0,0,0.026,-0.011,-1.028,2.5,-2.5,0
216.7022307,257,-0.01,18.9,0,0,0.026,-0.011,-1.028,2.5,-2.5,0
216.7122307,255,-0.01,18.8,0,0,0.02,-0.026,-1.149,-1.7,0.4,0
216.7222307,258,-0.01,18.8,0,0,0.02,-0.026,-1.149,-1.7,0.4,0
216.7322307,257,-0.01,18.8,0,0,0.02,-0.026,-1.149,-1.7,0.4,0
216.7422307,254,-0.01,18.8,0,0,0.02,-0.026,-1.149,-1.7,0.4,0
216.7522307,257,-0.01,18.8,0,0,0.02,-0.026,-1.149,-1.7,0.4,0
216.7622307,257,0.02,18.8,0,0,0.043,-0.002,-0.771,-0.3,0.3,0
216.7722307,256,0.02,18.8,0,0,0.043,-0.002,-0.771,-0.3,0.3,0
216.7822307,255,0.02,18.8,0,0,0.043,-0.002,-0.771,-0.3,0.3,0
216.7922307,257,0.02,18.8,0,0,0.043,-0.002,-0.771,-0.3,0.3,0
216.8022307,259,0.02,18.8,0,0,0.043,-0.002,-0.771,-0.3,0.3,0
216.8122307,255,-0.01,18.9,0,0,0.019,-0.02,-1.147,2.3,-2.6,0
216.8222307,256,-0.01,18.9,0,0,0.019,-0.02,-1.147,2.3,-2.6,0
216.8322307,259,-0.01,18.9,0,0,0.019,-0.02,-1.147,2.3,-2.6,0
216.8422307,255,-0.01,18.9,0,0,0.019,-0.02,-1.147,2.3,-2.6,0
216.8522307,256,-0.01,18.9,0,0,0.019,-0.02,-1.147,2.3,-2.6,0
216.8622307,255,0,18.9,0,0,0.026,-0.016,-1.021,-1.6,0.9,0
216.8722307,255,0,18.9,0,0,0.026,-0.016,-1.021,-1.6,0.9,0
216.8822307,257,0,18.9,0,0,0.026,-0.016,-1.021,-1.6,0.9,0
216.8922307,254,0,18.9,0,0,0.026,-0.016,-1.021,-1.6,0.9,0
216.9022307,257,0,18.9,0,0,0.026,-0.016,-1.021,-1.6,0.9,0
216.9122307,258,0.01,18.8,0,0,0.041,-0.002,-0.832,0.9,-0.4,0
216.9222307,254,0.01,18.8,0,0,0.041,-0.002,-0.832,0.9,-0.4,0
216.9322307,257,0.01,18.8,0,0,0.041,-0.002,-0.832,0.9,-0.4,0
216.9422307,257,0.01,18.8,0,0,0.041,-0.002,-0.832,0.9,-0.4,0
216.9522307,254,0.01,18.8,0,0,0.041,-0.002,-0.832,0.9,-0.4,0
216.9622307,257,-0.02,18.8,0,0,0.018,-0.017,-1.152,1.3,-2.2,0
216.9722307,257,-0.02,18.8,0,0,0.018,-0.017,-1.152,1.3,-2.2,0
216.9822307,255,-0.02,18.8,0,0,0.018,-0.017,-1.152,1.3,-2.2,0
216.9922307,256,-0.02,18.8,0,0,0.018,-0.017,-1.152,1.3,-2.2,0
217.0022307,257,-0.02,18.8,0,0,0.018,-0.017,-1.152,1.3,-2.2,0
217.0122307,256,0,18.9,0,0,0.03,-0.011,-0.971,-2,2,0
217.0222307,257,0,18.9,0,0,0.03,-0.011,-0.971,-2,2,0
217.0322307,256,0,18.9,0,0,0.03,-0.011,-0.971,-2,2,0
217.0422307,259,0,18.9,0,0,0.03,-0.011,-0.971,-2,2,0
217.0522307,257,0,18.9,0,0,0.03,-0.011,-0.971,-2,2,0
217.0622307,256,0.01,18.8,0,0,0.04,0.004,-0.83,2.4,-2.1,0
217.0722307,259,0.01,18.8,0,0,0.04,0.004,-0.83,2.4,-2.1,0
217.0822307,253,0.01,18.8,0,0,0.04,0.004,-0.83,2.4,-2.1,0
217.0922307,255,0.01,18.8,0,0,0.04,0.004,-0.83,2.4,-2.1,0
217.1022307,257,0.01,18.8,0,0,0.04,0.004,-0.83,2.4,-2.1,0
217.1122307,256,-0.01,18.9,0,0,0.018,-0.023,-1.174,-0.3,-0.6,0
217.1222307,256,-0.01,18.9,0,0,0.018,-0.023,-1.174,-0.3,-0.6,0
217.1322307,255,-0.01,18.9,0,0,0.018,-0.023,-1.174,-0.3,-0.6,0
217.1422307,256,-0.01,18.9,0,0,0.018,-0.023,-1.174,-0.3,-0.6,0
217.1522307,257,-0.01,18.9,0,0,0.018,-0.023,-1.174,-0.3,-0.6,0
217.1622307,254,0,18.9,0,0,0.034,-0.005,-0.883,-0.6,0.7,0
217.1722307,257,0,18.9,0,0,0.034,-0.005,-0.883,-0.6,0.7,0
217.1822307,259,0,18.9,0,0,0.034,-0.005,-0.883,-0.6,0.7,0
217.1922307,254,0,18.9,0,0,0.034,-0.005,-0.883,-0.6,0.7,0
217.2022307,255,0,18.9,0,0,0.034,-0.005,-0.883,-0.6,0.7,0
217.2122307,257,0,18.8,0,0,0.036,0.001,-0.897,2.5,-2.2,0
217.2222307,255,0,18.8,0,0,0.036,0.001,-0.897,2.5,-2.2,0
217.2322307,256,0,18.8,0,0,0.036,0.001,-0.897,2.5,-2.2,0
217.2422307,258,0,18.8,0,0,0.036,0.001,-0.897,2.5,-2.2,0
217.2522307,256,0,18.8,0,0,0.036,0.001,-0.897,2.5,-2.2,0
217.2622307,257,-0.01,18.9,0,0,0.013,-0.031,-1.238,-1.4,-0.3,0.1
217.2722307,256,-0.01,18.9,0,0,0.013,-0.031,-1.238,-1.4,-0.3,0.1
217.2822307,259,-0.01,18.9,0,0,0.013,-0.031,-1.238,-1.4,-0.3,0.1
217.2922307,256,-0.01,18.9,0,0,0.013,-0.031,-1.238,-1.4,-0.3,0.1
217.3022307,255,-0.01,18.9,0,0,0.013,-0.031,-1.238,-1.4,-0.3,0.1
217.3122307,259,0.01,18.8,0,0,0.031,0.011,-0.843,-3,-0.8,0
217.3222307,219,0.01,18.8,0,0,0.031,0.011,-0.843,-3,-0.8,0
217.3322307,154,0.01,18.8,0,0,0.031,0.011,-0.843,-3,-0.8,0
217.3422307,63,0.01,18.8,0,0,0.031,0.011,-0.843,-3,-0.8,0
217.3522307,0,0.01,18.8,0,0,0.031,0.011,-0.843,-3,-0.8,0
217.3647871,0,0,18.8,0,0,0.028,-0.014,-0.993,-2.5,-0.4,0
217.3747871,0,0,18.8,0,0,0.028,-0.014,-0.993,-2.5,-0.4,0
217.3847871,0,0,18.8,0,0,0.028,-0.014,-0.993,-2.5,-0.4,0
217.3947871,0,0,18.8,0,0,0.028,-0.014,-0.993,-2.5,-0.4,0
217.4047871,0,0,18.8,0,0,0.028,-0.014,-0.993,-2.5,-0.4,0
217.4147871,0,0,18.9,0,0,0.03,-0.006,-0.971,1.6,-1.1,0
217.4247871,0,0,18.9,0,0,0.03,-0.006,-0.971,1.6,-1.1,0
217.4347871,0,0,18.9,0,0,0.03,-0.006,-0.971,1.6,-1.1,0
217.4447871,0,0,18.9,0,0,0.03,-0.006,-0.971,1.6,-1.1,0
217.4547871,0,0,18.9,0,0,0.03,-0.006,-0.971,1.6,-1.1,0
217.4647871,0,0,18.8,0,0,0.028,-0.01,-1.012,0.6,-0.4,0
217.4747871,0,0,18.8,0,0,0.028,-0.01,-1.012,0.6,-0.4,0
217.4847871,0,0,18.8,0,0,0.028,-0.01,-1.012,0.6,-0.4,0
217.4947871,0,0,18.8,0,0,0.028,-0.01,-1.012,0.6,-0.4,0
217.5047871,0,0,18.8,0,0,0.028,-0.01,-1.012,0.6,-0.4,0
217.5147871,0,0,18.9,0,0,0.029,-0.009,-0.995,0.8,-0.7,0
217.5247871,0,0,18.9,0,0,0.029,-0.009,-0.995,0.8,-0.7,0
217.5347871,0,0,18.9,0,0,0.029,-0.009,-0.995,0.8,-0.7,0
217.5447871,0,0,18.9,0,0,0.029,-0.009,-0.995,0.8,-0.7,0
217.5547871,0,0,18.9,0,0,0.029,-0.009,-0.995,0.8,-0.7,0
217.5647871,0,0,18.9,0,0,0.029,-0.008,-0.982,0.3,-0.7,0
217.5747871,0,0,18.9,0,0,0.029,-0.008,-0.982,0.3,-0.7,0
217.5847871,0,0,18.9,0,0,0.029,-0.008,-0.982,0.3,-0.7,0
217.5947871,0,0,18.9,0,0,0.029,-0.008,-0.982,0.3,-0.7,0
217.6047871,0,0,18.9,0,0,0.029,-0.008,-0.982,0.3,-0.7,0
217.6358271,0,0,18.9,0,0,0.028,-0.01,-0.993,-0.7,-0.5,0
217.6458271,0,0,18.9,0,0,0.028,-0.01,-0.993,-0.7,-0.5,0
217.6558271,0,0,18.9,0,0,0.028,-0.01,-0.993,-0.7,-0.5,0
217.6658271,0,0,18.9,0,0,0.028,-0.01,-0.993,-0.7,-0.5,0
217.6758271,0,0,18.9,0,0,0.028,-0.01,-0.993,-0.7,-0.5,0
217.6858271,0,0.01,18.8,0,0,0.029,-0.018,-1.027,-0.5,-0.4,0
217.6958271,0,0.01,18.8,0,0,0.029,-0.018,-1.027,-0.5,-0.4,0
217.7058271,0,0.01,18.8,0,0,0.029,-0.018,-1.027,-0.5,-0.4,0
217.7158271,0,0.01,18.8,0,0,0.029,-0.018,-1.027,-0.5,-0.4,0
217.7258271,0,0.01,18.8,0,0,0.029,-0.018,-1.027,-0.5,-0.4,0
217.8744713,0,0,18.8,0,0,0.028,-0.019,-1.033,0.7,-0.7,0
217.8844713,0,0,18.8,0,0,0.028,-0.019,-1.033,0.7,-0.7,0
217.8944713,0,0,18.8,0,0,0.028,-0.019,-1.033,0.7,-0.7,0
217.9044713,0,0,18.8,0,0,0.028,-0.019,-1.033,0.7,-0.7,0
217.9144713,0,0,18.8,0,0,0.028,-0.019,-1.033,0.7,-0.7,0
217.9244713,0,0,18.8,0,0,0.029,-0.015,-1.004,1.1,-0.6,0
217.9344713,0,0,18.8,0,0,0.029,-0.015,-1.004,1.1,-0.6,0
217.9444713,0,0,18.8,0,0,0.029,-0.015,-1.004,1.1,-0.6,0
217.9544713,0,0,18.8,0,0,0.029,-0.015,-1.004,1.1,-0.6,0
217.9644713,0,0,18.8,0,0,0.029,-0.015,-1.004,1.1,-0.6,0
