Time_s,RPM,Iq_A,Vbat_V,Tinv_C,Treg_C,AccX_g,AccY_g,AccZ_g,GyrX_dps,GyrY_dps,GyrZ_dps
0.9161458,0,0,19,0,0,0.03,-0.016,-1,0.3,-0.6,0
0.9261458,0,0,19,0,0,0.03,-0.016,-1,0.3,-0.6,0
0.9361458,0,0,19,0,0,0.03,-0.016,-1,0.3,-0.6,0
0.9461458,0,0,19,0,0,0.03,-0.016,-1,0.3,-0.6,0
0.9561458,0,0,19,0,0,0.03,-0.016,-1,0.3,-0.6,0
0.9661458,0,0,19,0,0,0.031,-0.014,-0.999,0.3,-0.6,0
0.9761458,0,0,19,0,0,0.031,-0.014,-0.999,0.3,-0.6,0
0.9861458,0,0,19,0,0,0.031,-0.014,-0.999,0.3,-0.6,0
0.9961458,0,0,19,0,0,0.031,-0.014,-0.999,0.3,-0.6,0
1.0061458,0,0,19,0,0,0.031,-0.014,-0.999,0.3,-0.6,0
1.0161458,0,0,19,0,0,0.029,-0.015,-1.001,0.3,-0.7,0
1.0261458,0,0,19,0,0,0.029,-0.015,-1.001,0.3,-0.7,0
1.0361458,0,0,19,0,0,0.029,-0.015,-1.001,0.3,-0.7,0
1.0461458,0,0,19,0,0,0.029,-0.015,-1.001,0.3,-0.7,0
1.0561458,0,0,19,0,0,0.029,-0.015,-1.001,0.3,-0.7,0
1.0661458,0,0,19,0,0,0.029,-0.013,-1,0.3,-0.6,0
1.0761458,0,0,19,0,0,0.029,-0.013,-1,0.3,-0.6,0
1.0861458,0,0,19,0,0,0.029,-0.013,-1,0.3,-0.6,0
1.0961458,0,0,19,0,0,0.029,-0.013,-1,0.3,-0.6,0
1.1061458,0,0,19,0,0,0.029,-0.013,-1,0.3,-0.6,0
1.1161458,0,0,19,0,0,0.03,-0.015,-1,0.3,-0.6,0
1.1261458,0,0,19,0,0,0.03,-0.015,-1,0.3,-0.6,0
1.1361458,0,0,19,0,0,0.03,-0.015,-1,0.3,-0.6,0
1.1461458,0,0,19,0,0,0.03,-0.015,-1,0.3,-0.6,0
1.1561458,0,0,19,0,0,0.03,-0.015,-1,0.3,-0.6,0
1.1661458,0,0,19,0,0,0.029,-0.014,-1,0.2,-0.6,0
1.1761458,0,0,19,0,0,0.029,-0.014,-1,0.2,-0.6,0
1.1861458,0,0,19,0,0,0.029,-0.014,-1,0.2,-0.6,0
1.1961458,0,0,19,0,0,0.029,-0.014,-1,0.2,-0.6,0
1.2061458,0,0,19,0,0,0.029,-0.014,-1,0.2,-0.6,0
1.2161458,0,0,19,0,0,0.03,-0.015,-1,0.2,-0.6,0
1.2261458,0,0,19,0,0,0.03,-0.015,-1,0.2,-0.6,0
1.2361458,0,0,19,0,0,0.03,-0.015,-1,0.2,-0.6,0
1.2461458,0,0,19,0,0,0.03,-0.015,-1,0.2,-0.6,0
1.2561458,0,0,19,0,0,0.03,-0.015,-1,0.2,-0.6,0
1.2661458,0,0,19,0,0,0.029,-0.015,-1,0.3,-0.6,0
1.2761458,0,0,19,0,0,0.029,-0.015,-1,0.3,-0.6,0
1.2861458,0,0,19,0,0,0.029,-0.015,-1,0.3,-0.6,0
1.2961458,0,0,19,0,0,0.029,-0.015,-1,0.3,-0.6,0
1.3061458,0,0,19,0,0,0.029,-0.015,-1,0.3,-0.6,0
1.3161458,0,0.01,19,0,0,0.03,-0.015,-0.999,0.3,-0.6,0
1.3261458,0,0.01,19,0,0,0.03,-0.015,-0.999,0.3,-0.6,0
1.3361458,0,0.01,19,0,0,0.03,-0.015,-0.999,0.3,-0.6,0
1.3461458,0,0.01,19,0,0,0.03,-0.015,-0.999,0.3,-0.6,0
1.3561458,0,0.01,19,0,0,0.03,-0.015,-0.999,0.3,-0.6,0
1.3661458,0,0,19,0,0,0.029,-0.016,-1,0.3,-0.6,0
1.3761458,0,0,19,0,0,0.029,-0.016,-1,0.3,-0.6,0
1.3861458,0,0,19,0,0,0.029,-0.016,-1,0.3,-0.6,0
1.3961458,0,0,19,0,0,0.029,-0.016,-1,0.3,-0.6,0
1.4061458,0,0,19,0,0,0.029,-0.016,-1,0.3,-0.6,0
1.4161458,0,0,19,0,0,0.03,-0.015,-1,0.2,-0.6,0
1.4261458,0,0,19,0,0,0.03,-0.015,-1,0.2,-0.6,0
1.4361458,0,0,19,0,0,0.03,-0.015,-1,0.2,-0.6,0
1.4461458,0,0,19,0,0,0.03,-0.015,-1,0.2,-0.6,0
1.4561458,0,0,19,0,0,0.03,-0.015,-1,0.2,-0.6,0
1.4661458,0,0,19,0,0,0.029,-0.016,-1,0.3,-0.6,0
1.4761458,0,0,19,0,0,0.029,-0.016,-1,0.3,-0.6,0
1.4861458,0,0,19,0,0,0.029,-0.016,-1,0.3,-0.6,0
1.4961458,0,0,19,0,0,0.029,-0.016,-1,0.3,-0.6,0
1.5061458,0,0,19,0,0,0.029,-0.016,-1,0.3,-0.6,0
1.5161458,0,0,19,0,0,0.03,-0.015,-1,0.3,-0.6,0
1.5261458,0,0,19,0,0,0.03,-0.015,-1,0.3,-0.6,0
1.5361458,0,0,19,0,0,0.03,-0.015,-1,0.3,-0.6,0
1.5461458,0,0,19,0,0,0.03,-0.015,-1,0.3,-0.6,0
1.5561458,0,0,19,0,0,0.03,-0.015,-1,0.3,-0.6,0
1.5661458,0,0,19,0,0,0.03,-0.015,-0.999,0.2,-0.6,0
1.5761458,0,0,19,0,0,0.03,-0.015,-0.999,0.2,-0.6,0
1.5861458,0,0,19,0,0,0.03,-0.015,-0.999,0.2,-0.6,0
1.5961458,0,0,19,0,0,0.03,-0.015,-0.999,0.2,-0.6,0
1.6061458,0,0,19,0,0,0.03,-0.015,-0.999,0.2,-0.6,0
1.6161458,0,0,19,0,0,0.03,-0.015,-1,0.3,-0.6,0
1.6261458,0,0,19,0,0,0.03,-0.015,-1,0.3,-0.6,0
1.6361458,0,0,19,0,0,0.03,-0.015,-1,0.3,-0.6,0
1.6461458,0,0,19,0,0,0.03,-0.015,-1,0.3,-0.6,0
1.6561458,0,0,19,0,0,0.03,-0.015,-1,0.3,-0.6,0
1.6661458,0,0,19,0,0,0.029,-0.013,-1,0.3,-0.6,0
1.6761458,0,0,19,0,0,0.029,-0.013,-1,0.3,-0.6,0
1.6861458,0,0,19,0,0,0.029,-0.013,-1,0.3,-0.6,0
1.6961458,0,0,19,0,0,0.029,-0.013,-1,0.3,-0.6,0
1.7061458,0,0,19,0,0,0.029,-0.013,-1,0.3,-0.6,0
1.7161458,0,0,19,0,0,0.03,-0.016,-0.999,0.2,-0.6,0
1.7261458,0,0,19,0,0,0.03,-0.016,-0.999,0.2,-0.6,0
1.7361458,0,0,19,0,0,0.03,-0.016,-0.999,0.2,-0.6,0
1.7461458,0,0,19,0,0,0.03,-0.016,-0.999,0.2,-0.6,0
1.7561458,0,0,19,0,0,0.03,-0.016,-0.999,0.2,-0.6,0
1.7661458,0,0,19,0,0,0.029,-0.015,-1,0.2,-0.6,0
1.7761458,0,0,19,0,0,0.029,-0.015,-1,0.2,-0.6,0
1.7861458,0,0,19,0,0,0.029,-0.015,-1,0.2,-0.6,0
1.7961458,0,0,19,0,0,0.029,-0.015,-1,0.2,-0.6,0
1.8061458,0,0,19,0,0,0.029,-0.015,-1,0.2,-0.6,0
1.8161458,0,0,19,0,0,0.031,-0.015,-1,0.2,-0.6,0
1.8261458,0,0,19,0,0,0.031,-0.015,-1,0.2,-0.6,0
1.8361458,0,0,19,0,0,0.031,-0.015,-1,0.2,-0.6,0
1.8461458,0,0,19,0,0,0.031,-0.015,-1,0.2,-0.6,0
1.8561458,0,0,19,0,0,0.031,-0.015,-1,0.2,-0.6,0
1.8661458,0,0,19,0,0,0.029,-0.013,-1,0.3,-0.6,0
1.8761458,0,0,19,0,0,0.029,-0.013,-1,0.3,-0.6,0
1.8861458,0,0,19,0,0,0.029,-0.013,-1,0.3,-0.6,0
1.8961458,0,0,19,0,0,0.029,-0.013,-1,0.3,-0.6,0
1.9061458,0,0,19,0,0,0.029,-0.013,-1,0.3,-0.6,0
1.9259569,0,0,19,0,0,0.03,-0.014,-1,0.3,-0.6,0
1.9359569,0,0,19,0,0,0.03,-0.014,-1,0.3,-0.6,0
1.9459569,0,0,19,0,0,0.03,-0.014,-1,0.3,-0.6,0
1.9559569,0,0,19,0,0,0.03,-0.014,-1,0.3,-0.6,0
1.9659569,0,0,19,0,0,0.03,-0.014,-1,0.3,-0.6,0
1.9759569,0,0,19,0,0,0.029,-0.015,-0.999,0.3,-0.6,0
1.9859569,0,0,19,0,0,0.029,-0.015,-0.999,0.3,-0.6,0
1.9959569,0,0,19,0,0,0.029,-0.015,-0.999,0.3,-0.6,0
2.0059569,0,0,19,0,0,0.029,-0.015,-0.999,0.3,-0.6,0
2.0159569,0,0,19,0,0,0.029,-0.015,-0.999,0.3,-0.6,0
2.0319037,0,0,19,0,0,0.031,-0.015,-1.001,0.2,-0.6,0
2.0419037,0,0,19,0,0,0.031,-0.015,-1.001,0.2,-0.6,0
2.0519037,0,0,19,0,0,0.031,-0.015,-1.001,0.2,-0.6,0
2.0619037,0,0,19,0,0,0.031,-0.015,-1.001,0.2,-0.6,0
2.0719037,0,0,19,0,0,0.031,-0.015,-1.001,0.2,-0.6,0
2.0819037,0,0,19,0,0,0.031,-0.015,-1,0.3,-0.6,0
2.0919037,0,0,19,0,0,0.031,-0.015,-1,0.3,-0.6,0
2.1019037,0,0,19,0,0,0.031,-0.015,-1,0.3,-0.6,0
2.1119037,0,0,19,0,0,0.031,-0.015,-1,0.3,-0.6,0
2.1219037,0,0,19,0,0,0.031,-0.015,-1,0.3,-0.6,0
2.1319037,0,0,19,0,0,0.029,-0.013,-1,0.2,-0.6,0
2.1419037,0,0,19,0,0,0.029,-0.013,-1,0.2,-0.6,0
2.1519037,0,0,19,0,0,0.029,-0.013,-1,0.2,-0.6,0
2.1619037,0,0,19,0,0,0.029,-0.013,-1,0.2,-0.6,0
2.1719037,0,0,19,0,0,0.029,-0.013,-1,0.2,-0.6,0
2.1819037,0,0,19,0,0,0.03,-0.015,-1,0.3,-0.6,0
2.1919037,0,0,19,0,0,0.03,-0.015,-1,0.3,-0.6,0
2.2019037,0,0,19,0,0,0.03,-0.015,-1,0.3,-0.6,0
2.2119037,0,0,19,0,0,0.03,-0.015,-1,0.3,-0.6,0
2.2219037,0,0,19,0,0,0.03,-0.015,-1,0.3,-0.6,0
2.2319037,0,0,19,0,0,0.029,-0.014,-1,0.3,-0.6,0
2.2419037,0,0,19,0,0,0.029,-0.014,-1,0.3,-0.6,0
2.2519037,0,0,19,0,0,0.029,-0.014,-1,0.3,-0.6,0
2.2619037,0,0,19,0,0,0.029,-0.014,-1,0.3,-0.6,0
2.2719037,0,0,19,0,0,0.029,-0.014,-1,0.3,-0.6,0
2.2819037,0,0,19,0,0,0.03,-0.014,-1,0.3,-0.6,0
2.2919037,0,0,19,0,0,0.03,-0.014,-1,0.3,-0.6,0
2.3019037,0,0,19,0,0,0.03,-0.014,-1,0.3,-0.6,0
2.3119037,0,0,19,0,0,0.03,-0.014,-1,0.3,-0.6,0
2.3219037,0,0,19,0,0,0.03,-0.014,-1,0.3,-0.6,0
2.3319037,0,0,19,0,0,0.03,-0.015,-0.999,0.2,-0.6,0
2.3419037,0,0,19,0,0,0.03,-0.015,-0.999,0.2,-0.6,0
2.3519037,0,0,19,0,0,0.03,-0.015,-0.999,0.2,-0.6,0
2.3619037,0,0,19,0,0,0.03,-0.015,-0.999,0.2,-0.6,0
2.3719037,0,0,19,0,0,0.03,-0.015,-0.999,0.2,-0.6,0
2.3819037,0,0,19,0,0,0.03,-0.014,-1,0.3,-0.6,0
2.3919037,0,0,19,0,0,0.03,-0.014,-1,0.3,-0.6,0
2.4019037,0,0,19,0,0,0.03,-0.014,-1,0.3,-0.6,0
2.4119037,0,0,19,0,0,0.03,-0.014,-1,0.3,-0.6,0
2.4219037,0,0,19,0,0,0.03,-0.014,-1,0.3,-0.6,0
2.4319037,0,0,19,0,0,0.029,-0.015,-1,0.3,-0.6,0
2.4419037,0,0,19,0,0,0.029,-0.015,-1,0.3,-0.6,0
2.4519037,0,0,19,0,0,0.029,-0.015,-1,0.3,-0.6,0
2.4619037,0,0,19,0,0,0.029,-0.015,-1,0.3,-0.6,0
2.4719037,0,0,19,0,0,0.029,-0.015,-1,0.3,-0.6,0
2.4819037,0,0,19,0,0,0.031,-0.016,-1,0.2,-0.6,0
2.4919037,0,0,19,0,0,0.031,-0.016,-1,0.2,-0.6,0
2.5019037,0,0,19,0,0,0.031,-0.016,-1,0.2,-0.6,0
2.5119037,0,0,19,0,0,0.031,-0.016,-1,0.2,-0.6,0
2.5219037,0,0,19,0,0,0.031,-0.016,-1,0.2,-0.6,0
2.5319037,0,0,19,0,0,0.03,-0.014,-0.999,0.2,-0.6,0
2.5419037,0,0,19,0,0,0.03,-0.014,-0.999,0.2,-0.6,0
2.5519037,0,0,19,0,0,0.03,-0.014,-0.999,0.2,-0.6,0
2.5619037,0,0,19,0,0,0.03,-0.014,-0.999,0.2,-0.6,0
2.5719037,0,0,19,0,0,0.03,-0.014,-0.999,0.2,-0.6,0
2.5819037,0,0,19,0,0,0.03,-0.015,-1,0.2,-0.6,0
2.5919037,0,0,19,0,0,0.03,-0.015,-1,0.2,-0.6,0
2.6019037,0,0,19,0,0,0.03,-0.015,-1,0.2,-0.6,0
2.6119037,0,0,19,0,0,0.03,-0.015,-1,0.2,-0.6,0
2.6219037,0,0,19,0,0,0.03,-0.015,-1,0.2,-0.6,0
2.6319037,0,0.19,29,0,0,-0.015,-1,0.003,-0.6,0,0
2.6419037,0,0.19,29,0,0,-0.015,-1,0.003,-0.6,0,0
2.6519037,0,0.19,29,0,0,-0.015,-1,0.003,-0.6,0,0
2.6619037,0,0.19,29,0,0,-0.015,-1,0.003,-0.6,0,0
2.6719037,0,0.19,29,0,0,-0.015,-1,0.003,-0.6,0,0
2.7286559,0,0,19,0,0,0.031,-0.015,-1,0.3,-0.6,0
2.7386559,0,0,19,0,0,0.031,-0.015,-1,0.3,-0.6,0
2.7486559,0,0,19,0,0,0.031,-0.015,-1,0.3,-0.6,0
2.7586559,29,0,19,0,0,0.031,-0.015,-1,0.3,-0.6,0
2.7686559,29,0,19,0,0,0.031,-0.015,-1,0.3,-0.6,0
2.7786559,29,0,19,0,0,0.03,-0.016,-0.999,0.3,-0.6,0
2.7886559,29,0,19,0,0,0.03,-0.016,-0.999,0.3,-0.6,0
2.7986559,8,0,19,0,0,0.03,-0.016,-0.999,0.3,-0.6,0
2.8086559,0,0,19,0,0,0.03,-0.016,-0.999,0.3,-0.6,0
2.8186559,0,0,19,0,0,0.03,-0.016,-0.999,0.3,-0.6,0
2.8286559,0,-0.01,19,0,0,0.029,-0.014,-1,0.3,-0.5,0
2.8386559,0,-0.01,19,0,0,0.029,-0.014,-1,0.3,-0.5,0
2.8486559,0,-0.01,19,0,0,0.029,-0.014,-1,0.3,-0.5,0
2.8586559,0,-0.01,19,0,0,0.029,-0.014,-1,0.3,-0.5,0
2.8686559,0,-0.01,19,0,0,0.029,-0.014,-1,0.3,-0.5,0
2.8786559,0,-0.01,19,0,0,0.03,-0.015,-1,0.3,-0.6,0
2.8886559,0,-0.01,19,0,0,0.03,-0.015,-1,0.3,-0.6,0
2.8986559,0,-0.01,19,0,0,0.03,-0.015,-1,0.3,-0.6,0
2.9086559,0,-0.01,19,0,0,0.03,-0.015,-1,0.3,-0.6,0
2.9186559,0,-0.01,19,0,0,0.03,-0.015,-1,0.3,-0.6,0
2.9286559,0,-0.01,19,0,0,0.03,-0.014,-1,0.3,-0.6,0
2.9386559,0,-0.01,19,0,0,0.03,-0.014,-1,0.3,-0.6,0
2.9486559,0,-0.01,19,0,0,0.03,-0.014,-1,0.3,-0.6,0
2.9586559,0,-0.01,19,0,0,0.03,-0.014,-1,0.3,-0.6,0
2.9686559,0,-0.01,19,0,0,0.03,-0.014,-1,0.3,-0.6,0
2.9786559,0,0,19,0,0,0.031,-0.015,-1,0.3,-0.6,0
2.9886559,0,0,19,0,0,0.031,-0.015,-1,0.3,-0.6,0
2.9986559,0,0,19,0,0,0.031,-0.015,-1,0.3,-0.6,0
3.0086559,0,0,19,0,0,0.031,-0.015,-1,0.3,-0.6,0
3.0186559,0,0,19,0,0,0.031,-0.015,-1,0.3,-0.6,0
3.0286559,0,0,19,0,0,0.029,-0.014,-1.001,0.3,-0.6,0
3.0386559,0,0,19,0,0,0.029,-0.014,-1.001,0.3,-0.6,0
3.0486559,0,0,19,0,0,0.029,-0.014,-1.001,0.3,-0.6,0
3.0586559,0,0,19,0,0,0.029,-0.014,-1.001,0.3,-0.6,0
3.0686559,0,0,19,0,0,0.029,-0.014,-1.001,0.3,-0.6,0
3.0786559,0,-0.01,19,0,0,0.03,-0.016,-1,0.3,-0.6,0
3.0886559,0,-0.01,19,0,0,0.03,-0.016,-1,0.3,-0.6,0
3.0986559,0,-0.01,19,0,0,0.03,-0.016,-1,0.3,-0.6,0
3.1086559,0,-0.01,19,0,0,0.03,-0.016,-1,0.3,-0.6,0
3.1186559,0,-0.01,19,0,0,0.03,-0.016,-1,0.3,-0.6,0
3.1286559,0,-0.01,19,0,0,0.029,-0.014,-1,0.3,-0.5,0
3.1386559,0,-0.01,19,0,0,0.029,-0.014,-1,0.3,-0.5,0
3.1486559,0,-0.01,19,0,0,0.029,-0.014,-1,0.3,-0.5,0
3.1586559,0,-0.01,19,0,0,0.029,-0.014,-1,0.3,-0.5,0
3.1686559,0,-0.01,19,0,0,0.029,-0.014,-1,0.3,-0.5,0
3.1786559,0,0,19,0,0,0.031,-0.014,-0.999,0.2,-0.6,0
3.1886559,0,0,19,0,0,0.031,-0.014,-0.999,0.2,-0.6,0
3.1986559,0,0,19,0,0,0.031,-0.014,-0.999,0.2,-0.6,0
3.2086559,0,0,19,0,0,0.031,-0.014,-0.999,0.2,-0.6,0
3.2186559,0,0,19,0,0,0.031,-0.014,-0.999,0.2,-0.6,0
3.2286559,0,0,19,0,0,0.029,-0.014,-1,0.2,-0.6,0
3.2386559,0,0,19,0,0,0.029,-0.014,-1,0.2,-0.6,0
3.2486559,0,0,19,0,0,0.029,-0.014,-1,0.2,-0.6,0
3.2586559,0,0,19,0,0,0.029,-0.014,-1,0.2,-0.6,0
3.2686559,0,0,19,0,0,0.029,-0.014,-1,0.2,-0.6,0
3.2786559,0,-0.01,19,0,0,0.03,-0.015,-1,0.2,-0.6,0
3.2886559,0,-0.01,19,0,0,0.03,-0.015,-1,0.2,-0.6,0
3.2986559,0,-0.01,19,0,0,0.03,-0.015,-1,0.2,-0.6,0
3.3086559,0,-0.01,19,0,0,0.03,-0.015,-1,0.2,-0.6,0
3.3186559,0,-0.01,19,0,0,0.03,-0.015,-1,0.2,-0.6,0
3.3286559,0,0,19,0,0,0.03,-0.015,-1,0.2,-0.6,0
3.3386559,0,0,19,0,0,0.03,-0.015,-1,0.2,-0.6,0
3.3486559,0,0,19,0,0,0.03,-0.015,-1,0.2,-0.6,0
3.3586559,0,0,19,0,0,0.03,-0.015,-1,0.2,-0.6,0
3.3686559,0,0,19,0,0,0.03,-0.015,-1,0.2,-0.6,0
3.3786559,0,0,19,0,0,0.03,-0.014,-1,0.3,-0.6,0
3.3886559,0,0,19,0,0,0.03,-0.014,-1,0.3,-0.6,0
3.3986559,0,0,19,0,0,0.03,-0.014,-1,0.3,-0.6,0
3.4086559,0,0,19,0,0,0.03,-0.014,-1,0.3,-0.6,0
3.4186559,0,0,19,0,0,0.03,-0.014,-1,0.3,-0.6,0
3.4286559,0,-0.01,19,0,0,0.03,-0.015,-1,0.3,-0.6,0
3.4386559,0,-0.01,19,0,0,0.03,-0.015,-1,0.3,-0.6,0
3.4486559,0,-0.01,19,0,0,0.03,-0.015,-1,0.3,-0.6,0
3.4586559,0,-0.01,19,0,0,0.03,-0.015,-1,0.3,-0.6,0
3.4686559,0,-0.01,19,0,0,0.03,-0.015,-1,0.3,-0.6,0
3.4786559,0,-0.01,19,0,0,0.031,-0.014,-1,0.3,-0.5,0
3.4886559,0,-0.01,19,0,0,0.031,-0.014,-1,0.3,-0.5,0
3.4986559,0,-0.01,19,0,0,0.031,-0.014,-1,0.3,-0.5,0
3.5086559,0,-0.01,19,0,0,0.031,-0.014,-1,0.3,-0.5,0
3.5186559,0,-0.01,19,0,0,0.031,-0.014,-1,0.3,-0.5,0
3.5286559,0,0,19,0,0,0.03,-0.014,-0.998,0.3,-0.6,0
3.5386559,0,0,19,0,0,0.03,-0.014,-0.998,0.3,-0.6,0
3.5486559,0,0,19,0,0,0.03,-0.014,-0.998,0.3,-0.6,0
3.5586559,0,0,19,0,0,0.03,-0.014,-0.998,0.3,-0.6,0
3.5686559,0,0,19,0,0,0.03,-0.014,-0.998,0.3,-0.6,0
3.5786559,0,0,19,0,0,0.03,-0.014,-0.999,0.3,-0.6,0.1
3.5886559,0,0,19,0,0,0.03,-0.014,-0.999,0.3,-0.6,0.1
3.5986559,0,0,19,0,0,0.03,-0.014,-0.999,0.3,-0.6,0.1
3.6086559,0,0,19,0,0,0.03,-0.014,-0.999,0.3,-0.6,0.1
3.6186559,0,0,19,0,0,0.03,-0.014,-0.999,0.3,-0.6,0.1
3.6286559,0,-0.01,19,0,0,0.03,-0.015,-1,0.2,-0.6,0
3.6386559,0,-0.01,19,0,0,0.03,-0.015,-1,0.2,-0.6,0
3.6486559,0,-0.01,19,0,0,0.03,-0.015,-1,0.2,-0.6,0
3.6586559,0,-0.01,19,0,0,0.03,-0.015,-1,0.2,-0.6,0
3.6686559,0,-0.01,19,0,0,0.03,-0.015,-1,0.2,-0.6,0
3.6786559,0,0,19,0,0,0.03,-0.015,-1,0.3,-0.6,0
3.6886559,0,0,19,0,0,0.03,-0.015,-1,0.3,-0.6,0
3.6986559,0,0,19,0,0,0.03,-0.015,-1,0.3,-0.6,0
3.7086559,0,0,19,0,0,0.03,-0.015,-1,0.3,-0.6,0
3.7186559,0,0,19,0,0,0.03,-0.015,-1,0.3,-0.6,0
3.7286559,0,0,19,0,0,0.029,-0.015,-1,0.3,-0.6,0
3.7386559,0,0,19,0,0,0.029,-0.015,-1,0.3,-0.6,0
3.7486559,0,0,19,0,0,0.029,-0.015,-1,0.3,-0.6,0
3.7586559,0,0,19,0,0,0.029,-0.015,-1,0.3,-0.6,0
3.7686559,0,0,19,0,0,0.029,-0.015,-1,0.3,-0.6,0
3.7786559,0,-0.01,19,0,0,0.03,-0.015,-1,0.1,-0.6,0
3.7886559,0,-0.01,19,0,0,0.03,-0.015,-1,0.1,-0.6,0
3.7986559,0,-0.01,19,0,0,0.03,-0.015,-1,0.1,-0.6,0
3.8086559,0,-0.01,19,0,0,0.03,-0.015,-1,0.1,-0.6,0
3.8186559,0,-0.01,19,0,0,0.03,-0.015,-1,0.1,-0.6,0
3.8286559,0,0,19,0,0,0.03,-0.014,-1,0.3,-0.6,0
3.8386559,0,0,19,0,0,0.03,-0.014,-1,0.3,-0.6,0
3.8486559,0,0,19,0,0,0.03,-0.014,-1,0.3,-0.6,0
3.8586559,0,0,19,0,0,0.03,-0.014,-1,0.3,-0.6,0
3.8686559,0,0,19,0,0,0.03,-0.014,-1,0.3,-0.6,0
3.8786559,0,0,19,0,0,0.03,-0.015,-1,0.2,-0.6,0
3.8886559,0,0,19,0,0,0.03,-0.015,-1,0.2,-0.6,0
3.8986559,0,0,19,0,0,0.03,-0.015,-1,0.2,-0.6,0
3.9086559,0,0,19,0,0,0.03,-0.015,-1,0.2,-0.6,0
3.9186559,0,0,19,0,0,0.03,-0.015,-1,0.2,-0.6,0
3.9286559,0,0,19,0,0,0.03,-0.015,-1,0.2,-0.6,0
3.9386559,0,0,19,0,0,0.03,-0.015,-1,0.2,-0.6,0
3.9486559,0,0,19,0,0,0.03,-0.015,-1,0.2,-0.6,0
3.9586559,0,0,19,0,0,0.03,-0.015,-1,0.2,-0.6,0
3.9686559,0,0,19,0,0,0.03,-0.015,-1,0.2,-0.6,0
3.9786559,0,0,19,0,0,0.03,-0.014,-0.999,0.2,-0.6,0
3.9886559,0,0,19,0,0,0.03,-0.014,-0.999,0.2,-0.6,0
3.9986559,0,0,19,0,0,0.03,-0.014,-0.999,0.2,-0.6,0
4.0086559,0,0,19,0,0,0.03,-0.014,-0.999,0.2,-0.6,0
4.0186559,0,0,19,0,0,0.03,-0.014,-0.999,0.2,-0.6,0
4.0286559,0,0,19,0,0,0.029,-0.016,-1,0.3,-0.6,0
4.03865589999999,0,0,19,0,0,0.029,-0.016,-1,0.3,-0.6,0
4.04865589999999,0,0,19,0,0,0.029,-0.016,-1,0.3,-0.6,0
4.0586559,0,0,19,0,0,0.029,-0.016,-1,0.3,-0.6,0
4.0686559,0,0,19,0,0,0.029,-0.016,-1,0.3,-0.6,0
4.07865589999999,0,0,19,0,0,0.03,-0.014,-1,0.3,-0.6,0
4.08865589999999,0,0,19,0,0,0.03,-0.014,-1,0.3,-0.6,0
4.09865589999999,0,0,19,0,0,0.03,-0.014,-1,0.3,-0.6,0
4.1086559,0,0,19,0,0,0.03,-0.014,-1,0.3,-0.6,0
4.11865589999999,0,0,19,0,0,0.03,-0.014,-1,0.3,-0.6,0
4.12865589999999,0,-0.01,19,0,0,0.031,-0.015,-0.999,0.2,-0.6,0
4.13865589999999,0,-0.01,19,0,0,0.031,-0.015,-0.999,0.2,-0.6,0
4.14865589999999,0,-0.01,19,0,0,0.031,-0.015,-0.999,0.2,-0.6,0
4.15865589999999,0,-0.01,19,0,0,0.031,-0.015,-0.999,0.2,-0.6,0
4.16865589999999,0,-0.01,19,0,0,0.031,-0.015,-0.999,0.2,-0.6,0
4.17865589999999,0,0,19,0,0,0.03,-0.014,-1,0.3,-0.6,0
4.18865589999999,0,0,19,0,0,0.03,-0.014,-1,0.3,-0.6,0
4.19865589999999,0,0,19,0,0,0.03,-0.014,-1,0.3,-0.6,0
4.20865589999999,0,0,19,0,0,0.03,-0.014,-1,0.3,-0.6,0
4.21865589999999,0,0,19,0,0,0.03,-0.014,-1,0.3,-0.6,0
4.22865589999999,0,0,19,0,0,0.03,-0.016,-0.999,0.2,-0.6,0
4.23865589999999,0,0,19,0,0,0.03,-0.016,-0.999,0.2,-0.6,0
4.24865589999999,0,0,19,0,0,0.03,-0.016,-0.999,0.2,-0.6,0
4.25865589999999,0,0,19,0,0,0.03,-0.016,-0.999,0.2,-0.6,0
4.26865589999999,0,0,19,0,0,0.03,-0.016,-0.999,0.2,-0.6,0
4.27865589999999,0,0,19,0,0,0.031,-0.014,-1,0.2,-0.6,0
4.28865589999999,0,0,19,0,0,0.031,-0.014,-1,0.2,-0.6,0
4.29865589999999,0,0,19,0,0,0.031,-0.014,-1,0.2,-0.6,0
4.30865589999999,0,0,19,0,0,0.031,-0.014,-1,0.2,-0.6,0
4.31865589999999,0,0,19,0,0,0.031,-0.014,-1,0.2,-0.6,0
4.32865589999999,0,0,19,0,0,0.03,-0.016,-1,0.2,-0.6,0
4.33865589999999,0,0,19,0,0,0.03,-0.016,-1,0.2,-0.6,0
4.34865589999999,0,0,19,0,0,0.03,-0.016,-1,0.2,-0.6,0
4.35865589999999,0,0,19,0,0,0.03,-0.016,-1,0.2,-0.6,0
4.36865589999999,0,0,19,0,0,0.03,-0.016,-1,0.2,-0.6,0
4.37865589999999,0,0,19,0,0,0.03,-0.013,-0.999,0.3,-0.6,0
4.38865589999999,0,0,19,0,0,0.03,-0.013,-0.999,0.3,-0.6,0
4.39865589999999,0,0,19,0,0,0.03,-0.013,-0.999,0.3,-0.6,0
4.40865589999999,0,0,19,0,0,0.03,-0.013,-0.999,0.3,-0.6,0
4.41865589999999,0,0,19,0,0,0.03,-0.013,-0.999,0.3,-0.6,0
4.42865589999999,0,-0.01,19,0,0,0.031,-0.016,-1,0.2,-0.5,0
4.43865589999999,0,-0.01,19,0,0,0.031,-0.016,-1,0.2,-0.5,0
4.44865589999999,0,-0.01,19,0,0,0.031,-0.016,-1,0.2,-0.5,0
4.45865589999999,0,-0.01,19,0,0,0.031,-0.016,-1,0.2,-0.5,0
4.46865589999999,0,-0.01,19,0,0,0.031,-0.016,-1,0.2,-0.5,0
4.47865589999999,0,-0.01,19,0,0,0.029,-0.015,-0.999,0.2,-0.6,0
4.48865589999999,0,-0.01,19,0,0,0.029,-0.015,-0.999,0.2,-0.6,0
4.49865589999999,0,-0.01,19,0,0,0.029,-0.015,-0.999,0.2,-0.6,0
4.50865589999999,0,-0.01,19,0,0,0.029,-0.015,-0.999,0.2,-0.6,0
4.51865589999999,0,-0.01,19,0,0,0.029,-0.015,-0.999,0.2,-0.6,0
4.52865589999999,0,0,19,0,0,0.029,-0.015,-1,0.3,-0.6,0
4.53865589999999,0,0,19,0,0,0.029,-0.015,-1,0.3,-0.6,0
4.54865589999999,0,0,19,0,0,0.029,-0.015,-1,0.3,-0.6,0
4.55865589999999,0,0,19,0,0,0.029,-0.015,-1,0.3,-0.6,0
4.56865589999999,0,0,19,0,0,0.029,-0.015,-1,0.3,-0.6,0
4.57865589999999,0,-0.01,19,0,0,0.03,-0.013,-0.999,0.3,-0.6,0
4.58865589999999,0,-0.01,19,0,0,0.03,-0.013,-0.999,0.3,-0.6,0
4.59865589999999,0,-0.01,19,0,0,0.03,-0.013,-0.999,0.3,-0.6,0
4.60865589999999,0,-0.01,19,0,0,0.03,-0.013,-0.999,0.3,-0.6,0
4.61865589999999,0,-0.01,19,0,0,0.03,-0.013,-0.999,0.3,-0.6,0
4.62865589999999,0,0,19,0,0,0.03,-0.014,-0.999,0.3,-0.6,0
4.63865589999999,0,0,19,0,0,0.03,-0.014,-0.999,0.3,-0.6,0
4.64865589999999,0,0,19,0,0,0.03,-0.014,-0.999,0.3,-0.6,0
4.65865589999999,0,0,19,0,0,0.03,-0.014,-0.999,0.3,-0.6,0
4.66865589999999,0,0,19,0,0,0.03,-0.014,-0.999,0.3,-0.6,0
4.67865589999999,0,0,19,0,0,0.031,-0.016,-1,0.3,-0.6,0
4.68865589999999,0,0,19,0,0,0.031,-0.016,-1,0.3,-0.6,0
4.69865589999999,0,0,19,0,0,0.031,-0.016,-1,0.3,-0.6,0
4.70865589999999,0,0,19,0,0,0.031,-0.016,-1,0.3,-0.6,0
4.71865589999999,0,0,19,0,0,0.031,-0.016,-1,0.3,-0.6,0
4.72865589999999,0,0,19,0,0,0.029,-0.014,-1,0.3,-0.6,0
4.73865589999999,0,0,19,0,0,0.029,-0.014,-1,0.3,-0.6,0
4.74865589999999,0,0,19,0,0,0.029,-0.014,-1,0.3,-0.6,0
4.75865589999999,0,0,19,0,0,0.029,-0.014,-1,0.3,-0.6,0
4.76865589999999,0,0,19,0,0,0.029,-0.014,-1,0.3,-0.6,0
4.77865589999999,0,0,19,0,0,0.03,-0.015,-0.999,0.3,-0.6,0
4.78865589999999,0,0,19,0,0,0.03,-0.015,-0.999,0.3,-0.6,0
4.79865589999999,0,0,19,0,0,0.03,-0.015,-0.999,0.3,-0.6,0
4.80865589999999,0,0,19,0,0,0.03,-0.015,-0.999,0.3,-0.6,0
4.81865589999999,0,0,19,0,0,0.03,-0.015,-0.999,0.3,-0.6,0
4.82865589999999,0,0,19,0,0,0.03,-0.014,-0.999,0.3,-0.6,0
4.83865589999999,0,0,19,0,0,0.03,-0.014,-0.999,0.3,-0.6,0
4.84865589999999,0,0,19,0,0,0.03,-0.014,-0.999,0.3,-0.6,0
4.85865589999999,0,0,19,0,0,0.03,-0.014,-0.999,0.3,-0.6,0
4.86865589999999,0,0,19,0,0,0.03,-0.014,-0.999,0.3,-0.6,0
4.87865589999999,0,-0.01,19,0,0,0.03,-0.015,-1,0.3,-0.6,0
4.88865589999999,0,-0.01,19,0,0,0.03,-0.015,-1,0.3,-0.6,0
4.89865589999999,0,-0.01,19,0,0,0.03,-0.015,-1,0.3,-0.6,0
4.90865589999999,0,-0.01,19,0,0,0.03,-0.015,-1,0.3,-0.6,0
4.91865589999999,0,-0.01,19,0,0,0.03,-0.015,-1,0.3,-0.6,0
4.92865589999999,0,-0.01,19,0,0,0.029,-0.015,-1,0.3,-0.6,0
4.93865589999999,0,-0.01,19,0,0,0.029,-0.015,-1,0.3,-0.6,0
4.94865589999999,0,-0.01,19,0,0,0.029,-0.015,-1,0.3,-0.6,0
4.95865589999999,0,-0.01,19,0,0,0.029,-0.015,-1,0.3,-0.6,0
4.96865589999999,0,-0.01,19,0,0,0.029,-0.015,-1,0.3,-0.6,0
4.97865589999999,0,0,19,0,0,0.03,-0.014,-1,0.3,-0.6,0
4.98865589999999,0,0,19,0,0,0.03,-0.014,-1,0.3,-0.6,0
4.99865589999999,0,0,19,0,0,0.03,-0.014,-1,0.3,-0.6,0
5.00865589999999,0,0,19,0,0,0.03,-0.014,-1,0.3,-0.6,0
5.01865589999999,0,0,19,0,0,0.03,-0.014,-1,0.3,-0.6,0
5.02865589999999,0,-0.01,19,0,0,0.03,-0.015,-1,0.3,-0.6,0
5.03865589999999,0,-0.01,19,0,0,0.03,-0.015,-1,0.3,-0.6,0
5.04865589999999,0,-0.01,19,0,0,0.03,-0.015,-1,0.3,-0.6,0
5.05865589999999,0,-0.01,19,0,0,0.03,-0.015,-1,0.3,-0.6,0
5.06865589999999,0,-0.01,19,0,0,0.03,-0.015,-1,0.3,-0.6,0
5.07865589999999,0,-0.01,19,0,0,0.03,-0.014,-0.999,0.2,-0.6,0
5.08865589999999,0,-0.01,19,0,0,0.03,-0.014,-0.999,0.2,-0.6,0
5.09865589999999,0,-0.01,19,0,0,0.03,-0.014,-0.999,0.2,-0.6,0
5.10865589999999,0,-0.01,19,0,0,0.03,-0.014,-0.999,0.2,-0.6,0
5.11865589999999,0,-0.01,19,0,0,0.03,-0.014,-0.999,0.2,-0.6,0
5.12865589999999,0,0,19,0,0,0.03,-0.016,-0.999,0.2,-0.6,0
5.13865589999999,0,0,19,0,0,0.03,-0.016,-0.999,0.2,-0.6,0
5.14865589999999,0,0,19,0,0,0.03,-0.016,-0.999,0.2,-0.6,0
5.15865589999999,0,0,19,0,0,0.03,-0.016,-0.999,0.2,-0.6,0
5.16865589999999,0,0,19,0,0,0.03,-0.016,-0.999,0.2,-0.6,0
5.17865589999999,0,0,19,0,0,0.029,-0.015,-1,0.3,-0.6,0
5.18865589999999,0,0,19,0,0,0.029,-0.015,-1,0.3,-0.6,0
5.19865589999999,0,0,19,0,0,0.029,-0.015,-1,0.3,-0.6,0
5.20865589999999,0,0,19,0,0,0.029,-0.015,-1,0.3,-0.6,0
5.21865589999999,0,0,19,0,0,0.029,-0.015,-1,0.3,-0.6,0
5.22865589999999,0,0,19,0,0,0.031,-0.014,-1,0.3,-0.6,0
5.23865589999999,0,0,19,0,0,0.031,-0.014,-1,0.3,-0.6,0
5.24865589999999,0,0,19,0,0,0.031,-0.014,-1,0.3,-0.6,0
5.25865589999999,0,0,19,0,0,0.031,-0.014,-1,0.3,-0.6,0
5.26865589999999,0,0,19,0,0,0.031,-0.014,-1,0.3,-0.6,0
5.27865589999999,0,-0.01,19,0,0,0.029,-0.014,-0.999,0.3,-0.5,0
5.28865589999999,0,-0.01,19,0,0,0.029,-0.014,-0.999,0.3,-0.5,0
5.29865589999999,0,-0.01,19,0,0,0.029,-0.014,-0.999,0.3,-0.5,0
5.30865589999999,0,-0.01,19,0,0,0.029,-0.014,-0.999,0.3,-0.5,0
5.31865589999999,0,-0.01,19,0,0,0.029,-0.014,-0.999,0.3,-0.5,0
5.32865589999999,0,0,19,0,0,0.031,-0.015,-1,0.3,-0.6,0
5.33865589999999,0,0,19,0,0,0.031,-0.015,-1,0.3,-0.6,0
5.34865589999999,0,0,19,0,0,0.031,-0.015,-1,0.3,-0.6,0
5.35865589999999,0,0,19,0,0,0.031,-0.015,-1,0.3,-0.6,0
5.36865589999999,0,0,19,0,0,0.031,-0.015,-1,0.3,-0.6,0
5.37865589999999,0,0,19,0,0,0.03,-0.015,-1,0.3,-0.6,0
5.38865589999999,0,0,19,0,0,0.03,-0.015,-1,0.3,-0.6,0
5.39865589999999,0,0,19,0,0,0.03,-0.015,-1,0.3,-0.6,0
5.40865589999999,0,0,19,0,0,0.03,-0.015,-1,0.3,-0.6,0
5.41865589999999,0,0,19,0,0,0.03,-0.015,-1,0.3,-0.6,0
5.42865589999999,0,0,19,0,0,0.029,-0.014,-1,0.3,-0.6,0
5.43865589999999,0,0,19,0,0,0.029,-0.014,-1,0.3,-0.6,0
5.44865589999999,0,0,19,0,0,0.029,-0.014,-1,0.3,-0.6,0
5.45865589999999,0,0,19,0,0,0.029,-0.014,-1,0.3,-0.6,0
5.46865589999999,0,0,19,0,0,0.029,-0.014,-1,0.3,-0.6,0
5.47865589999999,0,-0.01,19,0,0,0.03,-0.015,-0.999,0.2,-0.6,0
5.48865589999999,0,-0.01,19,0,0,0.03,-0.015,-0.999,0.2,-0.6,0
5.49865589999999,0,-0.01,19,0,0,0.03,-0.015,-0.999,0.2,-0.6,0
5.50865589999999,0,-0.01,19,0,0,0.03,-0.015,-0.999,0.2,-0.6,0
5.51865589999999,0,-0.01,19,0,0,0.03,-0.015,-0.999,0.2,-0.6,0
5.52865589999999,0,-0.01,19,0,0,0.029,-0.014,-1,0.3,-0.6,0
5.53865589999999,0,-0.01,19,0,0,0.029,-0.014,-1,0.3,-0.6,0
5.54865589999999,0,-0.01,19,0,0,0.029,-0.014,-1,0.3,-0.6,0
5.55865589999999,0,-0.01,19,0,0,0.029,-0.014,-1,0.3,-0.6,0
5.56865589999999,0,-0.01,19,0,0,0.029,-0.014,-1,0.3,-0.6,0
5.57865589999999,0,0,19,0,0,0.03,-0.015,-1,0.2,-0.6,0
5.58865589999999,0,0,19,0,0,0.03,-0.015,-1,0.2,-0.6,0
5.59865589999999,0,0,19,0,0,0.03,-0.015,-1,0.2,-0.6,0
5.60865589999999,0,0,19,0,0,0.03,-0.015,-1,0.2,-0.6,0
5.61865589999999,0,0,19,0,0,0.03,-0.015,-1,0.2,-0.6,0
5.62865589999999,0,-0.01,19,0,0,0.031,-0.016,-1,0.3,-0.6,0
5.63865589999999,0,-0.01,19,0,0,0.031,-0.016,-1,0.3,-0.6,0
5.64865589999999,0,-0.01,19,0,0,0.031,-0.016,-1,0.3,-0.6,0
5.65865589999999,0,-0.01,19,0,0,0.031,-0.016,-1,0.3,-0.6,0
5.66865589999999,0,-0.01,19,0,0,0.031,-0.016,-1,0.3,-0.6,0
5.67865589999999,0,-0.01,19,0,0,0.03,-0.01,-0.999,0.3,-0.6,0
5.68865589999999,0,-0.01,19,0,0,0.03,-0.01,-0.999,0.3,-0.6,0
5.69865589999999,0,-0.01,19,0,0,0.03,-0.01,-0.999,0.3,-0.6,0
5.70865589999999,0,-0.01,19,0,0,0.03,-0.01,-0.999,0.3,-0.6,0
5.71865589999999,0,-0.01,19,0,0,0.03,-0.01,-0.999,0.3,-0.6,0
5.72865589999999,0,-0.01,19,0,0,0.029,-0.018,-1,0.3,-0.7,0
5.73865589999999,0,-0.01,19,0,0,0.029,-0.018,-1,0.3,-0.7,0
5.74865589999999,0,-0.01,19,0,0,0.029,-0.018,-1,0.3,-0.7,0
5.75865589999999,0,-0.01,19,0,0,0.029,-0.018,-1,0.3,-0.7,0
5.76865589999999,0,-0.01,19,0,0,0.029,-0.018,-1,0.3,-0.7,0
5.77865589999999,0,0,19,0,0,0.031,-0.011,-0.998,0.3,-0.6,0
5.78865589999999,0,0,19,0,0,0.031,-0.011,-0.998,0.3,-0.6,0
5.79865589999999,0,0,19,0,0,0.031,-0.011,-0.998,0.3,-0.6,0
5.80865589999999,0,0,19,0,0,0.031,-0.011,-0.998,0.3,-0.6,0
5.81865589999999,0,0,19,0,0,0.031,-0.011,-0.998,0.3,-0.6,0
5.82865589999999,0,-0.01,19,0,0,0.029,-0.019,-1,0.3,-0.6,0
5.83865589999999,0,-0.01,19,0,0,0.029,-0.019,-1,0.3,-0.6,0
5.84865589999999,0,-0.01,19,0,0,0.029,-0.019,-1,0.3,-0.6,0
5.85865589999999,0,-0.01,19,0,0,0.029,-0.019,-1,0.3,-0.6,0
5.86865589999999,0,-0.01,19,0,0,0.029,-0.019,-1,0.3,-0.6,0
5.87865589999999,0,0,19,0,0,0.03,-0.013,-0.999,0.3,-0.6,0
5.88865589999999,0,0,19,0,0,0.03,-0.013,-0.999,0.3,-0.6,0
5.89865589999999,0,0,19,0,0,0.03,-0.013,-0.999,0.3,-0.6,0
5.90865589999999,0,0,19,0,0,0.03,-0.013,-0.999,0.3,-0.6,0
5.91865589999999,0,0,19,0,0,0.03,-0.013,-0.999,0.3,-0.6,0
5.92865589999999,0,0,19,0,0,0.028,-0.017,-0.999,0.3,-0.6,0
5.93865589999999,0,0,19,0,0,0.028,-0.017,-0.999,0.3,-0.6,0
5.94865589999999,0,0,19,0,0,0.028,-0.017,-0.999,0.3,-0.6,0
5.95865589999999,0,0,19,0,0,0.028,-0.017,-0.999,0.3,-0.6,0
5.96865589999999,0,0,19,0,0,0.028,-0.017,-0.999,0.3,-0.6,0
5.97865589999999,0,-0.01,19,0,0,0.031,-0.012,-1,0.2,-0.6,0
5.98865589999999,0,-0.01,19,0,0,0.031,-0.012,-1,0.2,-0.6,0
5.99865589999999,0,-0.01,19,0,0,0.031,-0.012,-1,0.2,-0.6,0
6.00865589999999,0,-0.01,19,0,0,0.031,-0.012,-1,0.2,-0.6,0
6.01865589999999,0,-0.01,19,0,0,0.031,-0.012,-1,0.2,-0.6,0
6.02865589999999,0,-0.01,19,0,0,0.028,-0.017,-1,0.3,-0.7,0
6.03865589999999,0,-0.01,19,0,0,0.028,-0.017,-1,0.3,-0.7,0
6.04865589999999,0,-0.01,19,0,0,0.028,-0.017,-1,0.3,-0.7,0
6.05865589999999,0,-0.01,19,0,0,0.028,-0.017,-1,0.3,-0.7,0
6.06865589999999,0,-0.01,19,0,0,0.028,-0.017,-1,0.3,-0.7,0
6.07865589999999,0,0,19,0,0,0.031,-0.013,-1,0.3,-0.6,0
6.08865589999999,0,0,19,0,0,0.031,-0.013,-1,0.3,-0.6,0
6.09865589999999,0,0,19,0,0,0.031,-0.013,-1,0.3,-0.6,0
6.10865589999999,0,0,19,0,0,0.031,-0.013,-1,0.3,-0.6,0
6.11865589999999,0,0,19,0,0,0.031,-0.013,-1,0.3,-0.6,0
6.12865589999999,0,-0.01,19,0,0,0.03,-0.015,-1,0.3,-0.6,0
6.13865589999999,0,-0.01,19,0,0,0.03,-0.015,-1,0.3,-0.6,0
6.14865589999999,0,-0.01,19,0,0,0.03,-0.015,-1,0.3,-0.6,0
6.15865589999999,0,-0.01,19,0,0,0.03,-0.015,-1,0.3,-0.6,0
6.16865589999999,0,-0.01,19,0,0,0.03,-0.015,-1,0.3,-0.6,0
6.17865589999999,0,0,19,0,0,0.03,-0.016,-1,0.3,-0.6,0
6.18865589999999,0,0,19,0,0,0.03,-0.016,-1,0.3,-0.6,0
6.19865589999999,0,0,19,0,0,0.03,-0.016,-1,0.3,-0.6,0
6.20865589999999,0,0,19,0,0,0.03,-0.016,-1,0.3,-0.6,0
6.21865589999999,0,0,19,0,0,0.03,-0.016,-1,0.3,-0.6,0
6.22865589999999,0,-0.01,19,0,0,0.029,-0.013,-1,0.3,-0.6,0
6.23865589999999,0,-0.01,19,0,0,0.029,-0.013,-1,0.3,-0.6,0
6.24865589999999,0,-0.01,19,0,0,0.029,-0.013,-1,0.3,-0.6,0
6.25865589999999,0,-0.01,19,0,0,0.029,-0.013,-1,0.3,-0.6,0
6.26865589999999,0,-0.01,19,0,0,0.029,-0.013,-1,0.3,-0.6,0
6.27865589999999,0,0,19,0,0,0.031,-0.017,-1,0.3,-0.6,0
6.28865589999999,0,0,19,0,0,0.031,-0.017,-1,0.3,-0.6,0
6.29865589999999,0,0,19,0,0,0.031,-0.017,-1,0.3,-0.6,0
6.30865589999999,0,0,19,0,0,0.031,-0.017,-1,0.3,-0.6,0
6.31865589999999,0,0,19,0,0,0.031,-0.017,-1,0.3,-0.6,0
6.32865589999999,0,0,19,0,0,0.029,-0.014,-1,0.2,-0.5,0
6.33865589999999,0,0,19,0,0,0.029,-0.014,-1,0.2,-0.5,0
6.34865589999999,0,0,19,0,0,0.029,-0.014,-1,0.2,-0.5,0
6.35865589999999,0,0,19,0,0,0.029,-0.014,-1,0.2,-0.5,0
6.36865589999999,0,0,19,0,0,0.029,-0.014,-1,0.2,-0.5,0
6.37865589999999,0,-0.01,19,0,0,0.029,-0.016,-1,0.3,-0.6,0
6.38865589999999,0,-0.01,19,0,0,0.029,-0.016,-1,0.3,-0.6,0
6.39865589999999,0,-0.01,19,0,0,0.029,-0.016,-1,0.3,-0.6,0
6.40865589999999,0,-0.01,19,0,0,0.029,-0.016,-1,0.3,-0.6,0
6.41865589999999,0,-0.01,19,0,0,0.029,-0.016,-1,0.3,-0.6,0
6.42865589999999,0,0,19,0,0,0.03,-0.013,-0.999,0.2,-0.6,0
6.43865589999999,0,0,19,0,0,0.03,-0.013,-0.999,0.2,-0.6,0
6.44865589999999,0,0,19,0,0,0.03,-0.013,-0.999,0.2,-0.6,0
6.45865589999999,0,0,19,0,0,0.03,-0.013,-0.999,0.2,-0.6,0
6.46865589999999,0,0,19,0,0,0.03,-0.013,-0.999,0.2,-0.6,0
6.47865589999999,0,0,19,0,0,0.03,-0.016,-1,0.3,-0.6,0
6.48865589999999,0,0,19,0,0,0.03,-0.016,-1,0.3,-0.6,0
6.49865589999999,0,0,19,0,0,0.03,-0.016,-1,0.3,-0.6,0
6.50865589999999,0,0,19,0,0,0.03,-0.016,-1,0.3,-0.6,0
6.51865589999999,0,0,19,0,0,0.03,-0.016,-1,0.3,-0.6,0
6.52865589999999,0,0,19,0,0,0.03,-0.013,-1,0.3,-0.6,0
6.53865589999999,0,0,19,0,0,0.03,-0.013,-1,0.3,-0.6,0
6.54865589999999,0,0,19,0,0,0.03,-0.013,-1,0.3,-0.6,0
6.55865589999999,0,0,19,0,0,0.03,-0.013,-1,0.3,-0.6,0
6.56865589999999,0,0,19,0,0,0.03,-0.013,-1,0.3,-0.6,0
6.57865589999999,0,-0.01,19,0,0,0.03,-0.016,-1,0.3,-0.6,0
6.58865589999999,0,-0.01,19,0,0,0.03,-0.016,-1,0.3,-0.6,0
6.59865589999999,0,-0.01,19,0,0,0.03,-0.016,-1,0.3,-0.6,0
6.60865589999999,0,-0.01,19,0,0,0.03,-0.016,-1,0.3,-0.6,0
6.61865589999999,0,-0.01,19,0,0,0.03,-0.016,-1,0.3,-0.6,0
6.62865589999999,0,0,19,0,0,0.029,-0.015,-1,0.3,-0.6,0
6.63865589999999,0,0,19,0,0,0.029,-0.015,-1,0.3,-0.6,0
6.64865589999999,0,0,19,0,0,0.029,-0.015,-1,0.3,-0.6,0
6.65865589999999,0,0,19,0,0,0.029,-0.015,-1,0.3,-0.6,0
6.66865589999999,0,0,19,0,0,0.029,-0.015,-1,0.3,-0.6,0
6.67865589999999,0,0,19,0,0,0.03,-0.015,-1,0.3,-0.6,0
6.68865589999999,0,0,19,0,0,0.03,-0.015,-1,0.3,-0.6,0
6.69865589999999,0,0,19,0,0,0.03,-0.015,-1,0.3,-0.6,0
6.70865589999999,0,0,19,0,0,0.03,-0.015,-1,0.3,-0.6,0
6.71865589999999,0,0,19,0,0,0.03,-0.015,-1,0.3,-0.6,0
6.72865589999999,0,-0.01,19,0,0,0.03,-0.014,-1,0.2,-0.5,0
6.73865589999999,0,-0.01,19,0,0,0.03,-0.014,-1,0.2,-0.5,0
6.74865589999999,0,-0.01,19,0,0,0.03,-0.014,-1,0.2,-0.5,0
6.75865589999999,0,-0.01,19,0,0,0.03,-0.014,-1,0.2,-0.5,0
6.76865589999999,0,-0.01,19,0,0,0.03,-0.014,-1,0.2,-0.5,0
6.77865589999999,0,-0.01,19,0,0,0.031,-0.015,-1.001,0.2,-0.6,0
6.78865589999999,0,-0.01,19,0,0,0.031,-0.015,-1.001,0.2,-0.6,0
6.79865589999998,0,-0.01,19,0,0,0.031,-0.015,-1.001,0.2,-0.6,0
6.80865589999999,0,-0.01,19,0,0,0.031,-0.015,-1.001,0.2,-0.6,0
6.81865589999999,0,-0.01,19,0,0,0.031,-0.015,-1.001,0.2,-0.6,0
6.82865589999999,0,0,19,0,0,0.029,-0.013,-1,0.3,-0.6,0
6.83865589999998,0,0,19,0,0,0.029,-0.013,-1,0.3,-0.6,0
6.84865589999998,0,0,19,0,0,0.029,-0.013,-1,0.3,-0.6,0
6.85865589999999,0,0,19,0,0,0.029,-0.013,-1,0.3,-0.6,0
6.86865589999999,0,0,19,0,0,0.029,-0.013,-1,0.3,-0.6,0
6.87865589999998,0,-0.01,19,0,0,0.03,-0.016,-1,0.3,-0.6,0
6.88865589999998,0,-0.01,19,0,0,0.03,-0.016,-1,0.3,-0.6,0
6.89865589999998,0,-0.01,19,0,0,0.03,-0.016,-1,0.3,-0.6,0
6.90865589999999,0,-0.01,19,0,0,0.03,-0.016,-1,0.3,-0.6,0
6.91865589999998,0,-0.01,19,0,0,0.03,-0.016,-1,0.3,-0.6,0
6.92865589999998,0,0,19,0,0,0.03,-0.016,-1,0.3,-0.5,0
6.93865589999998,0,0,19,0,0,0.03,-0.016,-1,0.3,-0.5,0
6.94865589999998,0,0,19,0,0,0.03,-0.016,-1,0.3,-0.5,0
6.95865589999999,0,0,19,0,0,0.03,-0.016,-1,0.3,-0.5,0
6.96865589999998,0,0,19,0,0,0.03,-0.016,-1,0.3,-0.5,0
6.97865589999998,0,-0.01,19,0,0,0.031,-0.016,-1,0.2,-0.6,0
6.98865589999998,0,-0.01,19,0,0,0.031,-0.016,-1,0.2,-0.6,0
6.99865589999998,0,-0.01,19,0,0,0.031,-0.016,-1,0.2,-0.6,0
7.00865589999998,0,-0.01,19,0,0,0.031,-0.016,-1,0.2,-0.6,0
7.01865589999998,0,-0.01,19,0,0,0.031,-0.016,-1,0.2,-0.6,0
7.02865589999998,0,-0.01,19,0,0,0.03,-0.014,-0.999,0.2,-0.6,0
7.03865589999998,0,-0.01,19,0,0,0.03,-0.014,-0.999,0.2,-0.6,0
7.04865589999998,0,-0.01,19,0,0,0.03,-0.014,-0.999,0.2,-0.6,0
7.05865589999998,0,-0.01,19,0,0,0.03,-0.014,-0.999,0.2,-0.6,0
7.06865589999998,0,-0.01,19,0,0,0.03,-0.014,-0.999,0.2,-0.6,0
7.07865589999998,0,-0.01,19,0,0,0.031,-0.014,-1,0.3,-0.6,0
7.08865589999998,0,-0.01,19,0,0,0.031,-0.014,-1,0.3,-0.6,0
7.09865589999998,0,-0.01,19,0,0,0.031,-0.014,-1,0.3,-0.6,0
7.10865589999998,0,-0.01,19,0,0,0.031,-0.014,-1,0.3,-0.6,0
7.11865589999998,0,-0.01,19,0,0,0.031,-0.014,-1,0.3,-0.6,0
7.12865589999998,0,0,19,0,0,0.03,-0.015,-0.999,0.3,-0.6,0
7.13865589999998,0,0,19,0,0,0.03,-0.015,-0.999,0.3,-0.6,0
7.14865589999998,0,0,19,0,0,0.03,-0.015,-0.999,0.3,-0.6,0
7.15865589999998,0,0,19,0,0,0.03,-0.015,-0.999,0.3,-0.6,0
7.16865589999998,0,0,19,0,0,0.03,-0.015,-0.999,0.3,-0.6,0
7.17865589999998,0,-0.01,19,0,0,0.03,-0.013,-0.999,0.3,-0.6,0
7.18865589999998,0,-0.01,19,0,0,0.03,-0.013,-0.999,0.3,-0.6,0
7.19865589999998,0,-0.01,19,0,0,0.03,-0.013,-0.999,0.3,-0.6,0
7.20865589999998,0,-0.01,19,0,0,0.03,-0.013,-0.999,0.3,-0.6,0
7.21865589999998,0,-0.01,19,0,0,0.03,-0.013,-0.999,0.3,-0.6,0
7.22865589999998,0,0,19,0,0,0.029,-0.016,-1,0.3,-0.6,0
7.23865589999998,0,0,19,0,0,0.029,-0.016,-1,0.3,-0.6,0
7.24865589999998,0,0,19,0,0,0.029,-0.016,-1,0.3,-0.6,0
7.25865589999998,0,0,19,0,0,0.029,-0.016,-1,0.3,-0.6,0
7.26865589999998,0,0,19,0,0,0.029,-0.016,-1,0.3,-0.6,0
7.27865589999998,0,-0.01,19,0,0,0.031,-0.015,-1,0.2,-0.6,0
7.28865589999998,0,-0.01,19,0,0,0.031,-0.015,-1,0.2,-0.6,0
7.29865589999998,0,-0.01,19,0,0,0.031,-0.015,-1,0.2,-0.6,0
7.30865589999998,0,-0.01,19,0,0,0.031,-0.015,-1,0.2,-0.6,0
7.31865589999998,0,-0.01,19,0,0,0.031,-0.015,-1,0.2,-0.6,0
7.32865589999998,0,0,19,0,0,0.029,-0.014,-1,0.3,-0.7,0
7.33865589999998,0,0,19,0,0,0.029,-0.014,-1,0.3,-0.7,0
7.34865589999998,0,0,19,0,0,0.029,-0.014,-1,0.3,-0.7,0
7.35865589999998,0,0,19,0,0,0.029,-0.014,-1,0.3,-0.7,0
7.36865589999998,0,0,19,0,0,0.029,-0.014,-1,0.3,-0.7,0
7.37865589999998,0,0,19,0,0,0.03,-0.016,-1,0.2,-0.6,0
7.38865589999998,0,0,19,0,0,0.03,-0.016,-1,0.2,-0.6,0
7.39865589999998,0,0,19,0,0,0.03,-0.016,-1,0.2,-0.6,0
7.40865589999998,0,0,19,0,0,0.03,-0.016,-1,0.2,-0.6,0
7.41865589999998,0,0,19,0,0,0.03,-0.016,-1,0.2,-0.6,0
7.42865589999998,0,-0.01,19,0,0,0.031,-0.014,-1,0.3,-0.6,0
7.43865589999998,0,-0.01,19,0,0,0.031,-0.014,-1,0.3,-0.6,0
7.44865589999998,0,-0.01,19,0,0,0.031,-0.014,-1,0.3,-0.6,0
7.45865589999998,0,-0.01,19,0,0,0.031,-0.014,-1,0.3,-0.6,0
7.46865589999998,0,-0.01,19,0,0,0.031,-0.014,-1,0.3,-0.6,0
7.47865589999998,0,0,19,0,0,0.031,-0.013,-0.986,0.3,-0.8,0
7.48865589999998,0,0,19,0,0,0.031,-0.013,-0.986,0.3,-0.8,0
7.49865589999998,0,0,19,0,0,0.031,-0.013,-0.986,0.3,-0.8,0
7.50865589999998,0,0,19,0,0,0.031,-0.013,-0.986,0.3,-0.8,0
7.51865589999998,0,0,19,0,0,0.031,-0.013,-0.986,0.3,-0.8,0
7.52865589999998,0,-0.01,19,0,0,0.029,-0.014,-0.997,0.3,-0.5,0
7.53865589999998,0,-0.01,19,0,0,0.029,-0.014,-0.997,0.3,-0.5,0
7.54865589999998,0,-0.01,19,0,0,0.029,-0.014,-0.997,0.3,-0.5,0
7.55865589999998,0,-0.01,19,0,0,0.029,-0.014,-0.997,0.3,-0.5,0
7.56865589999998,0,-0.01,19,0,0,0.029,-0.014,-0.997,0.3,-0.5,0
7.57865589999998,0,0,19,0,0,0.03,-0.014,-1.01,0.2,-0.7,0
7.58865589999998,0,0,19,0,0,0.03,-0.014,-1.01,0.2,-0.7,0
7.59865589999998,0,0,19,0,0,0.03,-0.014,-1.01,0.2,-0.7,0
7.60865589999998,0,0,19,0,0,0.03,-0.014,-1.01,0.2,-0.7,0
7.61865589999998,0,0,19,0,0,0.03,-0.014,-1.01,0.2,-0.7,0
7.62865589999998,0,-0.01,19,0,0,0.029,-0.016,-0.997,0.1,-0.7,0
7.63865589999998,0,-0.01,19,0,0,0.029,-0.016,-0.997,0.1,-0.7,0
7.64865589999998,0,-0.01,19,0,0,0.029,-0.016,-0.997,0.1,-0.7,0
7.65865589999998,0,-0.01,19,0,0,0.029,-0.016,-0.997,0.1,-0.7,0
7.66865589999998,0,-0.01,19,0,0,0.029,-0.016,-0.997,0.1,-0.7,0
7.67865589999998,0,-0.01,19,0,0,0.031,-0.017,-1,0.2,-0.5,0
7.68865589999998,0,-0.01,19,0,0,0.031,-0.017,-1,0.2,-0.5,0
7.69865589999998,0,-0.01,19,0,0,0.031,-0.017,-1,0.2,-0.5,0
7.70865589999998,0,-0.01,19,0,0,0.031,-0.017,-1,0.2,-0.5,0
7.71865589999998,0,-0.01,19,0,0,0.031,-0.017,-1,0.2,-0.5,0
7.72865589999998,0,0,19,0,0,0.03,-0.015,-0.998,0.2,-0.7,0
7.73865589999998,0,0,19,0,0,0.03,-0.015,-0.998,0.2,-0.7,0
7.74865589999998,0,0,19,0,0,0.03,-0.015,-0.998,0.2,-0.7,0
7.75865589999998,0,0,19,0,0,0.03,-0.015,-0.998,0.2,-0.7,0
7.76865589999998,0,0,19,0,0,0.03,-0.015,-0.998,0.2,-0.7,0
7.77865589999998,0,0,19,0,0,0.03,-0.015,-1.001,0.3,-0.6,0
7.78865589999998,0,0,19,0,0,0.03,-0.015,-1.001,0.3,-0.6,0
7.79865589999998,0,0,19,0,0,0.03,-0.015,-1.001,0.3,-0.6,0
7.80865589999998,0,0,19,0,0,0.03,-0.015,-1.001,0.3,-0.6,0
7.81865589999998,0,0,19,0,0,0.03,-0.015,-1.001,0.3,-0.6,0
7.82865589999998,0,-0.01,19,0,0,0.03,-0.014,-0.999,0.3,-0.6,0
7.83865589999998,0,-0.01,19,0,0,0.03,-0.014,-0.999,0.3,-0.6,0
7.84865589999998,0,-0.01,19,0,0,0.03,-0.014,-0.999,0.3,-0.6,0
7.85865589999998,0,-0.01,19,0,0,0.03,-0.014,-0.999,0.3,-0.6,0
7.86865589999998,0,-0.01,19,0,0,0.03,-0.014,-0.999,0.3,-0.6,0
7.87865589999998,0,0,19,0,0,0.031,-0.014,-0.999,0.2,-0.6,0
7.88865589999998,0,0,19,0,0,0.031,-0.014,-0.999,0.2,-0.6,0
7.89865589999998,0,0,19,0,0,0.031,-0.014,-0.999,0.2,-0.6,0
7.90865589999998,0,0,19,0,0,0.031,-0.014,-0.999,0.2,-0.6,0
7.91865589999998,0,0,19,0,0,0.031,-0.014,-0.999,0.2,-0.6,0
7.92865589999998,0,0,19,0,0,0.03,-0.016,-1,0.2,-0.7,0
7.93865589999998,0,0,19,0,0,0.03,-0.016,-1,0.2,-0.7,0
7.94865589999998,0,0,19,0,0,0.03,-0.016,-1,0.2,-0.7,0
7.95865589999998,0,0,19,0,0,0.03,-0.016,-1,0.2,-0.7,0
7.96865589999998,0,0,19,0,0,0.03,-0.016,-1,0.2,-0.7,0
7.97865589999998,0,-0.01,19,0,0,0.03,-0.015,-1,0.2,-0.5,0
7.98865589999998,0,-0.01,19,0,0,0.03,-0.015,-1,0.2,-0.5,0
7.99865589999998,0,-0.01,19,0,0,0.03,-0.015,-1,0.2,-0.5,0
8.00865589999998,0,-0.01,19,0,0,0.03,-0.015,-1,0.2,-0.5,0
8.01865589999998,0,-0.01,19,0,0,0.03,-0.015,-1,0.2,-0.5,0
8.02865589999998,0,0,19,0,0,0.03,-0.014,-0.999,0.2,-0.6,0
8.03865589999998,0,0,19,0,0,0.03,-0.014,-0.999,0.2,-0.6,0
8.04865589999998,0,0,19,0,0,0.03,-0.014,-0.999,0.2,-0.6,0
8.05865589999998,0,0,19,0,0,0.03,-0.014,-0.999,0.2,-0.6,0
8.06865589999998,0,0,19,0,0,0.03,-0.014,-0.999,0.2,-0.6,0
8.07865589999998,0,-0.01,19,0,0,0.03,-0.016,-1,0.2,-0.6,0
8.08865589999998,0,-0.01,19,0,0,0.03,-0.016,-1,0.2,-0.6,0
8.09865589999998,0,-0.01,19,0,0,0.03,-0.016,-1,0.2,-0.6,0
8.10865589999998,0,-0.01,19,0,0,0.03,-0.016,-1,0.2,-0.6,0
8.11865589999998,0,-0.01,19,0,0,0.03,-0.016,-1,0.2,-0.6,0
8.12865589999998,0,0,19,0,0,0.029,-0.015,-1,0.3,-0.5,0
8.13865589999998,0,0,19,0,0,0.029,-0.015,-1,0.3,-0.5,0
8.14865589999998,0,0,19,0,0,0.029,-0.015,-1,0.3,-0.5,0
8.15865589999998,0,0,19,0,0,0.029,-0.015,-1,0.3,-0.5,0
8.16865589999998,0,0,19,0,0,0.029,-0.015,-1,0.3,-0.5,0
8.17865589999998,0,-0.01,19,0,0,0.03,-0.015,-0.999,0.2,-0.6,0
8.18865589999998,0,-0.01,19,0,0,0.03,-0.015,-0.999,0.2,-0.6,0
8.19865589999998,0,-0.01,19,0,0,0.03,-0.015,-0.999,0.2,-0.6,0
8.20865589999998,0,-0.01,19,0,0,0.03,-0.015,-0.999,0.2,-0.6,0
8.21865589999998,0,-0.01,19,0,0,0.03,-0.015,-0.999,0.2,-0.6,0
8.22865589999998,0,0,19,0,0,0.03,-0.014,-1,0.3,-0.6,0
8.23865589999998,0,0,19,0,0,0.03,-0.014,-1,0.3,-0.6,0
8.24865589999998,0,0,19,0,0,0.03,-0.014,-1,0.3,-0.6,0
8.25865589999998,0,0,19,0,0,0.03,-0.014,-1,0.3,-0.6,0
8.26865589999998,0,0,19,0,0,0.03,-0.014,-1,0.3,-0.6,0
8.27865589999998,0,0,19,0,0,0.031,-0.016,-0.999,0.3,-0.7,0
8.28865589999998,0,0,19,0,0,0.031,-0.016,-0.999,0.3,-0.7,0
8.29865589999998,0,0,19,0,0,0.031,-0.016,-0.999,0.3,-0.7,0
8.30865589999997,0,0,19,0,0,0.031,-0.016,-0.999,0.3,-0.7,0
8.31865589999997,0,0,19,0,0,0.031,-0.016,-0.999,0.3,-0.7,0
8.32865589999997,0,0,19,0,0,0.03,-0.014,-1,0.3,-0.6,0
8.33865589999997,0,0,19,0,0,0.03,-0.014,-1,0.3,-0.6,0
8.34865589999997,0,0,19,0,0,0.03,-0.014,-1,0.3,-0.6,0
8.35865589999997,0,0,19,0,0,0.03,-0.014,-1,0.3,-0.6,0
8.36865589999997,0,0,19,0,0,0.03,-0.014,-1,0.3,-0.6,0
8.37865589999997,0,0,19,0,0,0.03,-0.015,-1,0.3,-0.6,0
8.38865589999997,0,0,19,0,0,0.03,-0.015,-1,0.3,-0.6,0
8.39865589999997,0,0,19,0,0,0.03,-0.015,-1,0.3,-0.6,0
8.40865589999997,0,0,19,0,0,0.03,-0.015,-1,0.3,-0.6,0
8.41865589999997,0,0,19,0,0,0.03,-0.015,-1,0.3,-0.6,0
8.42865589999997,0,-0.01,19,0,0,0.03,-0.014,-1,0.2,-0.6,0
8.43865589999997,0,-0.01,19,0,0,0.03,-0.014,-1,0.2,-0.6,0
8.44865589999997,0,-0.01,19,0,0,0.03,-0.014,-1,0.2,-0.6,0
8.45865589999997,0,-0.01,19,0,0,0.03,-0.014,-1,0.2,-0.6,0
8.46865589999997,0,-0.01,19,0,0,0.03,-0.014,-1,0.2,-0.6,0
8.47865589999997,0,-0.01,19,0,0,0.03,-0.015,-0.999,0.3,-0.6,0.1
8.48865589999997,0,-0.01,19,0,0,0.03,-0.015,-0.999,0.3,-0.6,0.1
8.49865589999997,0,-0.01,19,0,0,0.03,-0.015,-0.999,0.3,-0.6,0.1
8.50865589999997,0,-0.01,19,0,0,0.03,-0.015,-0.999,0.3,-0.6,0.1
8.51865589999997,0,-0.01,19,0,0,0.03,-0.015,-0.999,0.3,-0.6,0.1
8.52865589999997,0,0,19,0,0,0.03,-0.016,-0.999,0.3,-0.6,0
8.53865589999997,0,0,19,0,0,0.03,-0.016,-0.999,0.3,-0.6,0
8.54865589999997,0,0,19,0,0,0.03,-0.016,-0.999,0.3,-0.6,0
8.55865589999997,0,0,19,0,0,0.03,-0.016,-0.999,0.3,-0.6,0
8.56865589999997,0,0,19,0,0,0.03,-0.016,-0.999,0.3,-0.6,0
8.57865589999997,0,0,19,0,0,0.029,-0.015,-1,0.2,-0.6,0
8.58865589999997,0,0,19,0,0,0.029,-0.015,-1,0.2,-0.6,0
8.59865589999997,0,0,19,0,0,0.029,-0.015,-1,0.2,-0.6,0
8.60865589999997,0,0,19,0,0,0.029,-0.015,-1,0.2,-0.6,0
8.61865589999997,0,0,19,0,0,0.029,-0.015,-1,0.2,-0.6,0
8.62865589999997,0,-0.01,19,0,0,0.03,-0.016,-1,0.3,-0.6,0.1
8.63865589999997,0,-0.01,19,0,0,0.03,-0.016,-1,0.3,-0.6,0.1
8.64865589999997,0,-0.01,19,0,0,0.03,-0.016,-1,0.3,-0.6,0.1
8.65865589999997,0,-0.01,19,0,0,0.03,-0.016,-1,0.3,-0.6,0.1
8.66865589999997,0,-0.01,19,0,0,0.03,-0.016,-1,0.3,-0.6,0.1
8.67865589999997,0,0,19,0,0,0.031,-0.014,-1,0.2,-0.6,0
8.68865589999997,0,0,19,0,0,0.031,-0.014,-1,0.2,-0.6,0
8.69865589999997,0,0,19,0,0,0.031,-0.014,-1,0.2,-0.6,0
8.70865589999997,0,0,19,0,0,0.031,-0.014,-1,0.2,-0.6,0
8.71865589999997,0,0,19,0,0,0.031,-0.014,-1,0.2,-0.6,0
8.72865589999997,0,0,19,0,0,0.03,-0.016,-0.999,0.3,-0.6,0
8.73865589999997,0,0,19,0,0,0.03,-0.016,-0.999,0.3,-0.6,0
8.74865589999997,0,0,19,0,0,0.03,-0.016,-0.999,0.3,-0.6,0
8.75865589999997,0,0,19,0,0,0.03,-0.016,-0.999,0.3,-0.6,0
8.76865589999997,0,0,19,0,0,0.03,-0.016,-0.999,0.3,-0.6,0
8.77865589999996,0,0,19,0,0,0.03,-0.013,-1,0.3,-0.6,0
8.78865589999996,0,0,19,0,0,0.03,-0.013,-1,0.3,-0.6,0
8.79865589999996,0,0,19,0,0,0.03,-0.013,-1,0.3,-0.6,0
8.80865589999996,0,0,19,0,0,0.03,-0.013,-1,0.3,-0.6,0
8.81865589999996,0,0,19,0,0,0.03,-0.013,-1,0.3,-0.6,0
8.82865589999996,0,0,19,0,0,0.031,-0.014,-0.999,0.3,-0.6,0
8.83865589999996,0,0,19,0,0,0.031,-0.014,-0.999,0.3,-0.6,0
8.84865589999996,0,0,19,0,0,0.031,-0.014,-0.999,0.3,-0.6,0
8.85865589999996,0,0,19,0,0,0.031,-0.014,-0.999,0.3,-0.6,0
8.86865589999996,0,0,19,0,0,0.031,-0.014,-0.999,0.3,-0.6,0
8.87865589999996,0,0,19,0,0,0.029,-0.014,-1,0.3,-0.6,0
8.88865589999996,0,0,19,0,0,0.029,-0.014,-1,0.3,-0.6,0
8.89865589999996,0,0,19,0,0,0.029,-0.014,-1,0.3,-0.6,0
8.90865589999996,0,0,19,0,0,0.029,-0.014,-1,0.3,-0.6,0
8.91865589999996,0,0,19,0,0,0.029,-0.014,-1,0.3,-0.6,0
8.92865589999996,0,0,19,0,0,0.031,-0.016,-0.999,0.2,-0.6,0
8.93865589999996,0,0,19,0,0,0.031,-0.016,-0.999,0.2,-0.6,0
8.94865589999996,0,0,19,0,0,0.031,-0.016,-0.999,0.2,-0.6,0
8.95865589999996,0,0,19,0,0,0.031,-0.016,-0.999,0.2,-0.6,0
8.96865589999996,0,0,19,0,0,0.031,-0.016,-0.999,0.2,-0.6,0
8.97865589999996,0,-0.01,19,0,0,0.03,-0.014,-1,0.2,-0.6,0
8.98865589999996,0,-0.01,19,0,0,0.03,-0.014,-1,0.2,-0.6,0
8.99865589999996,0,-0.01,19,0,0,0.03,-0.014,-1,0.2,-0.6,0
9.00865589999996,0,-0.01,19,0,0,0.03,-0.014,-1,0.2,-0.6,0
9.01865589999996,0,-0.01,19,0,0,0.03,-0.014,-1,0.2,-0.6,0
9.02865589999996,0,0,19,0,0,0.03,-0.016,-1,0.3,-0.5,0
9.03865589999996,0,0,19,0,0,0.03,-0.016,-1,0.3,-0.5,0
9.04865589999996,0,0,19,0,0,0.03,-0.016,-1,0.3,-0.5,0
9.05865589999996,0,0,19,0,0,0.03,-0.016,-1,0.3,-0.5,0
9.06865589999996,0,0,19,0,0,0.03,-0.016,-1,0.3,-0.5,0
9.07865589999996,0,-0.01,19,0,0,0.03,-0.014,-1,0.3,-0.6,0
9.08865589999996,0,-0.01,19,0,0,0.03,-0.014,-1,0.3,-0.6,0
9.09865589999996,0,-0.01,19,0,0,0.03,-0.014,-1,0.3,-0.6,0
9.10865589999996,0,-0.01,19,0,0,0.03,-0.014,-1,0.3,-0.6,0
9.11865589999996,0,-0.01,19,0,0,0.03,-0.014,-1,0.3,-0.6,0
9.12865589999996,0,-0.01,19,0,0,0.031,-0.015,-0.999,0.1,-0.6,0
9.13865589999996,0,-0.01,19,0,0,0.031,-0.015,-0.999,0.1,-0.6,0
9.14865589999996,0,-0.01,19,0,0,0.031,-0.015,-0.999,0.1,-0.6,0
9.15865589999996,0,-0.01,19,0,0,0.031,-0.015,-0.999,0.1,-0.6,0
9.16865589999996,0,-0.01,19,0,0,0.031,-0.015,-0.999,0.1,-0.6,0
9.17865589999996,0,-0.01,19,0,0,0.031,-0.014,-0.998,0.3,-0.6,0
9.18865589999996,0,-0.01,19,0,0,0.031,-0.014,-0.998,0.3,-0.6,0
9.19865589999996,0,-0.01,19,0,0,0.031,-0.014,-0.998,0.3,-0.6,0
9.20865589999996,0,-0.01,19,0,0,0.031,-0.014,-0.998,0.3,-0.6,0
9.21865589999996,0,-0.01,19,0,0,0.031,-0.014,-0.998,0.3,-0.6,0
9.22865589999996,0,-0.01,19,0,0,0.03,-0.014,-0.999,0.2,-0.6,0
9.23865589999996,0,-0.01,19,0,0,0.03,-0.014,-0.999,0.2,-0.6,0
9.24865589999995,0,-0.01,19,0,0,0.03,-0.014,-0.999,0.2,-0.6,0
9.25865589999995,0,-0.01,19,0,0,0.03,-0.014,-0.999,0.2,-0.6,0
9.26865589999995,0,-0.01,19,0,0,0.03,-0.014,-0.999,0.2,-0.6,0
9.27865589999995,0,-0.01,19,0,0,0.03,-0.016,-0.999,0.3,-0.6,0
9.28865589999995,0,-0.01,19,0,0,0.03,-0.016,-0.999,0.3,-0.6,0
9.29865589999995,0,-0.01,19,0,0,0.03,-0.016,-0.999,0.3,-0.6,0
9.30865589999995,0,-0.01,19,0,0,0.03,-0.016,-0.999,0.3,-0.6,0
9.31865589999995,0,-0.01,19,0,0,0.03,-0.016,-0.999,0.3,-0.6,0
9.32865589999995,0,0,19,0,0,0.03,-0.015,-1,0.2,-0.6,0
9.33865589999995,0,0,19,0,0,0.03,-0.015,-1,0.2,-0.6,0
9.34865589999995,0,0,19,0,0,0.03,-0.015,-1,0.2,-0.6,0
9.35865589999995,0,0,19,0,0,0.03,-0.015,-1,0.2,-0.6,0
9.36865589999995,0,0,19,0,0,0.03,-0.015,-1,0.2,-0.6,0
9.37865589999995,0,0,19,0,0,0.03,-0.014,-1,0.3,-0.6,0
9.38865589999995,0,0,19,0,0,0.03,-0.014,-1,0.3,-0.6,0
9.39865589999995,0,0,19,0,0,0.03,-0.014,-1,0.3,-0.6,0
9.40865589999995,0,0,19,0,0,0.03,-0.014,-1,0.3,-0.6,0
9.41865589999995,0,0,19,0,0,0.03,-0.014,-1,0.3,-0.6,0
9.42865589999995,0,-0.01,19,0,0,0.03,-0.014,-0.998,0.3,-0.6,0
9.43865589999995,0,-0.01,19,0,0,0.03,-0.014,-0.998,0.3,-0.6,0
9.44865589999995,0,-0.01,19,0,0,0.03,-0.014,-0.998,0.3,-0.6,0
9.45865589999995,0,-0.01,19,0,0,0.03,-0.014,-0.998,0.3,-0.6,0
9.46865589999995,0,-0.01,19,0,0,0.03,-0.014,-0.998,0.3,-0.6,0
9.47865589999995,0,0,19,0,0,0.029,-0.015,-1.001,0.3,-0.6,0
9.48865589999995,0,0,19,0,0,0.029,-0.015,-1.001,0.3,-0.6,0
9.49865589999995,0,0,19,0,0,0.029,-0.015,-1.001,0.3,-0.6,0
9.50865589999995,0,0,19,0,0,0.029,-0.015,-1.001,0.3,-0.6,0
9.51865589999995,0,0,19,0,0,0.029,-0.015,-1.001,0.3,-0.6,0
9.52865589999995,0,0,19,0,0,0.03,-0.015,-0.997,0.2,-0.6,0
9.53865589999995,0,0,19,0,0,0.03,-0.015,-0.997,0.2,-0.6,0
9.54865589999995,0,0,19,0,0,0.03,-0.015,-0.997,0.2,-0.6,0
9.55865589999995,0,0,19,0,0,0.03,-0.015,-0.997,0.2,-0.6,0
9.56865589999995,0,0,19,0,0,0.03,-0.015,-0.997,0.2,-0.6,0
9.57865589999995,0,0,19,0,0,0.03,-0.014,-1.001,0.3,-0.6,0
9.58865589999995,0,0,19,0,0,0.03,-0.014,-1.001,0.3,-0.6,0
9.59865589999995,0,0,19,0,0,0.03,-0.014,-1.001,0.3,-0.6,0
9.60865589999995,0,0,19,0,0,0.03,-0.014,-1.001,0.3,-0.6,0
9.61865589999995,0,0,19,0,0,0.03,-0.014,-1.001,0.3,-0.6,0
9.62865589999995,0,-0.01,19,0,0,0.029,-0.014,-1,0.3,-0.6,0
9.63865589999995,0,-0.01,19,0,0,0.029,-0.014,-1,0.3,-0.6,0
9.64865589999995,0,-0.01,19,0,0,0.029,-0.014,-1,0.3,-0.6,0
9.65865589999995,0,-0.01,19,0,0,0.029,-0.014,-1,0.3,-0.6,0
9.66865589999995,0,-0.01,19,0,0,0.029,-0.014,-1,0.3,-0.6,0
9.67865589999995,0,0,19,0,0,0.031,-0.014,-1,0.3,-0.6,0
9.68865589999995,0,0,19,0,0,0.031,-0.014,-1,0.3,-0.6,0
9.69865589999995,0,0,19,0,0,0.031,-0.014,-1,0.3,-0.6,0
9.70865589999995,0,0,19,0,0,0.031,-0.014,-1,0.3,-0.6,0
9.71865589999994,0,0,19,0,0,0.031,-0.014,-1,0.3,-0.6,0
9.72865589999994,0,-0.01,19,0,0,0.03,-0.015,-1,0.2,-0.6,0
9.73865589999994,0,-0.01,19,0,0,0.03,-0.015,-1,0.2,-0.6,0
9.74865589999994,0,-0.01,19,0,0,0.03,-0.015,-1,0.2,-0.6,0
9.75865589999994,0,-0.01,19,0,0,0.03,-0.015,-1,0.2,-0.6,0
9.76865589999994,0,-0.01,19,0,0,0.03,-0.015,-1,0.2,-0.6,0
9.77865589999994,0,0,19,0,0,0.03,-0.014,-1,0.3,-0.6,0
9.78865589999994,0,0,19,0,0,0.03,-0.014,-1,0.3,-0.6,0
9.79865589999994,0,0,19,0,0,0.03,-0.014,-1,0.3,-0.6,0
9.80865589999994,0,0,19,0,0,0.03,-0.014,-1,0.3,-0.6,0
9.81865589999994,0,0,19,0,0,0.03,-0.014,-1,0.3,-0.6,0
9.82865589999994,0,0,19,0,0,0.029,-0.015,-1,0.3,-0.5,0.1
9.83865589999994,0,0,19,0,0,0.029,-0.015,-1,0.3,-0.5,0.1
9.84865589999994,0,0,19,0,0,0.029,-0.015,-1,0.3,-0.5,0.1
9.85865589999994,0,0,19,0,0,0.029,-0.015,-1,0.3,-0.5,0.1
9.86865589999994,0,0,19,0,0,0.029,-0.015,-1,0.3,-0.5,0.1
9.87865589999994,0,-0.01,19,0,0,0.031,-0.015,-1,0.3,-0.6,0
9.88865589999994,0,-0.01,19,0,0,0.031,-0.015,-1,0.3,-0.6,0
9.89865589999994,0,-0.01,19,0,0,0.031,-0.015,-1,0.3,-0.6,0
9.90865589999994,0,-0.01,19,0,0,0.031,-0.015,-1,0.3,-0.6,0
9.91865589999994,0,-0.01,19,0,0,0.031,-0.015,-1,0.3,-0.6,0
9.92865589999994,0,-0.01,19,0,0,0.029,-0.014,-1,0.2,-0.6,0
9.93865589999994,0,-0.01,19,0,0,0.029,-0.014,-1,0.2,-0.6,0
9.94865589999994,0,-0.01,19,0,0,0.029,-0.014,-1,0.2,-0.6,0
9.95865589999994,0,-0.01,19,0,0,0.029,-0.014,-1,0.2,-0.6,0
9.96865589999994,0,-0.01,19,0,0,0.029,-0.014,-1,0.2,-0.6,0
9.97865589999994,0,0,19,0,0,0.03,-0.015,-1,0.2,-0.6,0
9.98865589999994,0,0,19,0,0,0.03,-0.015,-1,0.2,-0.6,0
9.99865589999994,0,0,19,0,0,0.03,-0.015,-1,0.2,-0.6,0
10.0086558999999,0,0,19,0,0,0.03,-0.015,-1,0.2,-0.6,0
10.0186558999999,0,0,19,0,0,0.03,-0.015,-1,0.2,-0.6,0
10.0286558999999,0,-0.01,19,0,0,0.03,-0.014,-0.999,0.3,-0.6,0.1
10.0386558999999,0,-0.01,19,0,0,0.03,-0.014,-0.999,0.3,-0.6,0.1
10.0486558999999,0,-0.01,19,0,0,0.03,-0.014,-0.999,0.3,-0.6,0.1
10.0586558999999,0,-0.01,19,0,0,0.03,-0.014,-0.999,0.3,-0.6,0.1
10.0686558999999,0,-0.01,19,0,0,0.03,-0.014,-0.999,0.3,-0.6,0.1
10.0786558999999,0,0,19,0,0,0.029,-0.015,-1,0.3,-0.6,0
10.0886558999999,0,0,19,0,0,0.029,-0.015,-1,0.3,-0.6,0
10.0986558999999,0,0,19,0,0,0.029,-0.015,-1,0.3,-0.6,0
10.1086558999999,0,0,19,0,0,0.029,-0.015,-1,0.3,-0.6,0
10.1186558999999,0,0,19,0,0,0.029,-0.015,-1,0.3,-0.6,0
10.1286558999999,0,0,19,0,0,0.03,-0.015,-0.999,0.3,-0.6,0
10.1386558999999,0,0,19,0,0,0.03,-0.015,-0.999,0.3,-0.6,0
10.1486558999999,0,0,19,0,0,0.03,-0.015,-0.999,0.3,-0.6,0
10.1586558999999,0,0,19,0,0,0.03,-0.015,-0.999,0.3,-0.6,0
10.1686558999999,0,0,19,0,0,0.03,-0.015,-0.999,0.3,-0.6,0
10.1786558999999,0,-0.01,19,0,0,0.03,-0.015,-1,0.3,-0.5,0
10.1886558999999,0,-0.01,19,0,0,0.03,-0.015,-1,0.3,-0.5,0
10.1986558999999,0,-0.01,19,0,0,0.03,-0.015,-1,0.3,-0.5,0
10.2086558999999,0,-0.01,19,0,0,0.03,-0.015,-1,0.3,-0.5,0
10.2186558999999,0,-0.01,19,0,0,0.03,-0.015,-1,0.3,-0.5,0
10.2286558999999,0,0,19,0,0,0.03,-0.015,-1,0.2,-0.5,0
10.2386558999999,0,0,19,0,0,0.03,-0.015,-1,0.2,-0.5,0
10.2486558999999,0,0,19,0,0,0.03,-0.015,-1,0.2,-0.5,0
10.2586558999999,0,0,19,0,0,0.03,-0.015,-1,0.2,-0.5,0
10.2686558999999,0,0,19,0,0,0.03,-0.015,-1,0.2,-0.5,0
10.2786558999999,0,0,19,0,0,0.03,-0.015,-1,0.2,-0.5,0
10.2886558999999,0,0,19,0,0,0.03,-0.015,-1,0.2,-0.5,0
10.2986558999999,0,0,19,0,0,0.03,-0.015,-1,0.2,-0.5,0
10.3086558999999,0,0,19,0,0,0.03,-0.015,-1,0.2,-0.5,0
10.3186558999999,0,0,19,0,0,0.03,-0.015,-1,0.2,-0.5,0
10.3286558999999,0,-0.01,19,0,0,0.029,-0.014,-1,0.3,-0.6,0
10.3386558999999,0,-0.01,19,0,0,0.029,-0.014,-1,0.3,-0.6,0
10.3486558999999,0,-0.01,19,0,0,0.029,-0.014,-1,0.3,-0.6,0
10.3586558999999,0,-0.01,19,0,0,0.029,-0.014,-1,0.3,-0.6,0
10.3686558999999,0,-0.01,19,0,0,0.029,-0.014,-1,0.3,-0.6,0
10.3786558999999,0,0,19,0,0,0.03,-0.015,-1,0.3,-0.6,0
10.3886558999999,0,0,19,0,0,0.03,-0.015,-1,0.3,-0.6,0
10.3986558999999,0,0,19,0,0,0.03,-0.015,-1,0.3,-0.6,0
10.4086558999999,0,0,19,0,0,0.03,-0.015,-1,0.3,-0.6,0
10.4186558999999,0,0,19,0,0,0.03,-0.015,-1,0.3,-0.6,0
10.4286558999999,0,0,19,0,0,0.03,-0.016,-1,0.1,-0.6,0
10.4386558999999,0,0,19,0,0,0.03,-0.016,-1,0.1,-0.6,0
10.4486558999999,0,0,19,0,0,0.03,-0.016,-1,0.1,-0.6,0
10.4586558999999,0,0,19,0,0,0.03,-0.016,-1,0.1,-0.6,0
10.4686558999999,0,0,19,0,0,0.03,-0.016,-1,0.1,-0.6,0
10.4786558999999,0,0,19,0,0,0.029,-0.015,-1,0.3,-0.6,0
10.4886558999999,0,0,19,0,0,0.029,-0.015,-1,0.3,-0.6,0
10.4986558999999,0,0,19,0,0,0.029,-0.015,-1,0.3,-0.6,0
10.5086558999999,0,0,19,0,0,0.029,-0.015,-1,0.3,-0.6,0
10.5186558999999,0,0,19,0,0,0.029,-0.015,-1,0.3,-0.6,0
10.5286558999999,0,0,19,0,0,0.03,-0.014,-1,0.3,-0.6,0
10.5386558999999,0,0,19,0,0,0.03,-0.014,-1,0.3,-0.6,0
10.5486558999999,0,0,19,0,0,0.03,-0.014,-1,0.3,-0.6,0
10.5586558999999,0,0,19,0,0,0.03,-0.014,-1,0.3,-0.6,0
10.5686558999999,0,0,19,0,0,0.03,-0.014,-1,0.3,-0.6,0
10.5786558999999,0,0,19,0,0,0.031,-0.015,-1,0.3,-0.5,0
10.5886558999999,0,0,19,0,0,0.031,-0.015,-1,0.3,-0.5,0
10.5986558999999,0,0,19,0,0,0.031,-0.015,-1,0.3,-0.5,0
10.6086558999999,0,0,19,0,0,0.031,-0.015,-1,0.3,-0.5,0
10.6186558999999,0,0,19,0,0,0.031,-0.015,-1,0.3,-0.5,0
10.6286558999999,0,-0.01,19,0,0,0.03,-0.015,-1,0.2,-0.7,0
10.6386558999999,0,-0.01,19,0,0,0.03,-0.015,-1,0.2,-0.7,0
10.6486558999999,0,-0.01,19,0,0,0.03,-0.015,-1,0.2,-0.7,0
10.6586558999999,0,-0.01,19,0,0,0.03,-0.015,-1,0.2,-0.7,0
10.6686558999999,0,-0.01,19,0,0,0.03,-0.015,-1,0.2,-0.7,0
10.6786558999999,0,0,19,0,0,0.029,-0.015,-0.999,0.2,-0.6,0
10.6886558999999,0,0,19,0,0,0.029,-0.015,-0.999,0.2,-0.6,0
10.6986558999999,0,0,19,0,0,0.029,-0.015,-0.999,0.2,-0.6,0
10.7086558999999,0,0,19,0,0,0.029,-0.015,-0.999,0.2,-0.6,0
10.7186558999999,0,0,19,0,0,0.029,-0.015,-0.999,0.2,-0.6,0
10.7286558999999,0,0,19,0,0,0.03,-0.015,-1,0.2,-0.6,0
10.7386558999999,0,0,19,0,0,0.03,-0.015,-1,0.2,-0.6,0
10.7486558999999,0,0,19,0,0,0.03,-0.015,-1,0.2,-0.6,0
10.7586558999999,0,0,19,0,0,0.03,-0.015,-1,0.2,-0.6,0
10.7686558999999,0,0,19,0,0,0.03,-0.015,-1,0.2,-0.6,0
10.7786558999999,0,-0.01,19,0,0,0.029,-0.014,-1,0.3,-0.6,0
10.7886558999999,0,-0.01,19,0,0,0.029,-0.014,-1,0.3,-0.6,0
10.7986558999999,0,-0.01,19,0,0,0.029,-0.014,-1,0.3,-0.6,0
10.8086558999999,0,-0.01,19,0,0,0.029,-0.014,-1,0.3,-0.6,0
10.8186558999999,0,-0.01,19,0,0,0.029,-0.014,-1,0.3,-0.6,0
10.8286558999999,0,0,19,0,0,0.031,-0.015,-0.999,0.3,-0.5,0
10.8386558999999,0,0,19,0,0,0.031,-0.015,-0.999,0.3,-0.5,0
10.8486558999999,0,0,19,0,0,0.031,-0.015,-0.999,0.3,-0.5,0
10.8586558999999,0,0,19,0,0,0.031,-0.015,-0.999,0.3,-0.5,0
10.8686558999999,0,0,19,0,0,0.031,-0.015,-0.999,0.3,-0.5,0
10.8786558999999,0,0,19,0,0,0.03,-0.014,-0.999,0.3,-0.6,0
10.8886558999999,0,0,19,0,0,0.03,-0.014,-0.999,0.3,-0.6,0
10.8986558999999,0,0,19,0,0,0.03,-0.014,-0.999,0.3,-0.6,0
10.9086558999999,0,0,19,0,0,0.03,-0.014,-0.999,0.3,-0.6,0
10.9186558999999,0,0,19,0,0,0.03,-0.014,-0.999,0.3,-0.6,0
10.9286558999999,0,-0.01,19,0,0,0.029,-0.015,-1,0.3,-0.6,0
10.9386558999999,0,-0.01,19,0,0,0.029,-0.015,-1,0.3,-0.6,0
10.9486558999999,0,-0.01,19,0,0,0.029,-0.015,-1,0.3,-0.6,0
10.9586558999999,0,-0.01,19,0,0,0.029,-0.015,-1,0.3,-0.6,0
10.9686558999999,0,-0.01,19,0,0,0.029,-0.015,-1,0.3,-0.6,0
10.9786558999999,0,-0.01,19,0,0,0.029,-0.014,-1,0.3,-0.6,0
10.9886558999999,0,-0.01,19,0,0,0.029,-0.014,-1,0.3,-0.6,0
10.9986558999999,0,-0.01,19,0,0,0.029,-0.014,-1,0.3,-0.6,0
11.0086558999999,0,-0.01,19,0,0,0.029,-0.014,-1,0.3,-0.6,0
11.0186558999999,0,-0.01,19,0,0,0.029,-0.014,-1,0.3,-0.6,0
11.0286558999999,0,0,19,0,0,0.03,-0.015,-1,0.3,-0.5,0
11.0386558999999,0,0,19,0,0,0.03,-0.015,-1,0.3,-0.5,0
11.0486558999999,0,0,19,0,0,0.03,-0.015,-1,0.3,-0.5,0
11.0586558999999,0,0,19,0,0,0.03,-0.015,-1,0.3,-0.5,0
11.0686558999999,0,0,19,0,0,0.03,-0.015,-1,0.3,-0.5,0
11.0786558999999,0,0,19,0,0,0.03,-0.015,-1,0.2,-0.6,0
11.0886558999999,0,0,19,0,0,0.03,-0.015,-1,0.2,-0.6,0
11.0986558999999,0,0,19,0,0,0.03,-0.015,-1,0.2,-0.6,0
11.1086558999999,0,0,19,0,0,0.03,-0.015,-1,0.2,-0.6,0
11.1186558999999,0,0,19,0,0,0.03,-0.015,-1,0.2,-0.6,0
11.1286558999999,0,0,19,0,0,0.03,-0.014,-1,0.2,-0.6,0
11.1386558999999,0,0,19,0,0,0.03,-0.014,-1,0.2,-0.6,0
11.1486558999999,0,0,19,0,0,0.03,-0.014,-1,0.2,-0.6,0
11.1586558999999,0,0,19,0,0,0.03,-0.014,-1,0.2,-0.6,0
11.1686558999999,0,0,19,0,0,0.03,-0.014,-1,0.2,-0.6,0
11.1786558999999,0,0,19,0,0,0.031,-0.016,-1,0.3,-0.6,0
11.1886558999999,0,0,19,0,0,0.031,-0.016,-1,0.3,-0.6,0
11.1986558999999,0,0,19,0,0,0.031,-0.016,-1,0.3,-0.6,0
11.2086558999999,0,0,19,0,0,0.031,-0.016,-1,0.3,-0.6,0
11.2186558999999,0,0,19,0,0,0.031,-0.016,-1,0.3,-0.6,0
11.2286558999999,0,0,19,0,0,0.029,-0.016,-1,0.2,-0.6,0
11.2386558999999,0,0,19,0,0,0.029,-0.016,-1,0.2,-0.6,0
11.2486558999999,0,0,19,0,0,0.029,-0.016,-1,0.2,-0.6,0
11.2586558999999,0,0,19,0,0,0.029,-0.016,-1,0.2,-0.6,0
11.2686558999999,0,0,19,0,0,0.029,-0.016,-1,0.2,-0.6,0
11.2786558999999,0,0,19,0,0,0.03,-0.015,-0.999,0.3,-0.6,0
11.2886558999999,0,0,19,0,0,0.03,-0.015,-0.999,0.3,-0.6,0
11.2986558999999,0,0,19,0,0,0.03,-0.015,-0.999,0.3,-0.6,0
11.3086558999999,0,0,19,0,0,0.03,-0.015,-0.999,0.3,-0.6,0
11.3186558999999,0,0,19,0,0,0.03,-0.015,-0.999,0.3,-0.6,0
11.3286558999999,0,-0.01,19,0,0,0.03,-0.014,-1,0.3,-0.6,0
11.3386558999999,0,-0.01,19,0,0,0.03,-0.014,-1,0.3,-0.6,0
11.3486558999999,0,-0.01,19,0,0,0.03,-0.014,-1,0.3,-0.6,0
11.3586558999999,0,-0.01,19,0,0,0.03,-0.014,-1,0.3,-0.6,0
11.3686558999999,0,-0.01,19,0,0,0.03,-0.014,-1,0.3,-0.6,0
11.3786558999999,0,-0.01,19,0,0,0.03,-0.015,-1,0.2,-0.6,0
11.3886558999999,0,-0.01,19,0,0,0.03,-0.015,-1,0.2,-0.6,0
11.3986558999999,0,-0.01,19,0,0,0.03,-0.015,-1,0.2,-0.6,0
11.4086558999999,0,-0.01,19,0,0,0.03,-0.015,-1,0.2,-0.6,0
11.4186558999999,0,-0.01,19,0,0,0.03,-0.015,-1,0.2,-0.6,0
11.4286558999999,0,0,19,0,0,0.03,-0.015,-1,0.2,-0.7,0
11.4386558999999,0,0,19,0,0,0.03,-0.015,-1,0.2,-0.7,0
11.4486558999999,0,0,19,0,0,0.03,-0.015,-1,0.2,-0.7,0
11.4586558999999,0,0,19,0,0,0.03,-0.015,-1,0.2,-0.7,0
11.4686558999999,0,0,19,0,0,0.03,-0.015,-1,0.2,-0.7,0
11.4786558999999,0,0,19,0,0,0.03,-0.014,-1,0.2,-0.6,0
11.4886558999999,0,0,19,0,0,0.03,-0.014,-1,0.2,-0.6,0
11.4986558999999,0,0,19,0,0,0.03,-0.014,-1,0.2,-0.6,0
11.5086558999999,0,0,19,0,0,0.03,-0.014,-1,0.2,-0.6,0
11.5186558999999,0,0,19,0,0,0.03,-0.014,-1,0.2,-0.6,0
11.5286558999999,0,0,19,0,0,0.031,-0.015,-1,0.3,-0.6,0
11.5386558999999,0,0,19,0,0,0.031,-0.015,-1,0.3,-0.6,0
11.5486558999999,0,0,19,0,0,0.031,-0.015,-1,0.3,-0.6,0
11.5586558999999,0,0,19,0,0,0.031,-0.015,-1,0.3,-0.6,0
11.5686558999999,0,0,19,0,0,0.031,-0.015,-1,0.3,-0.6,0
11.5786558999999,0,-0.01,19,0,0,0.029,-0.015,-1,0.2,-0.6,0
11.5886558999999,0,-0.01,19,0,0,0.029,-0.015,-1,0.2,-0.6,0
11.5986558999999,0,-0.01,19,0,0,0.029,-0.015,-1,0.2,-0.6,0
11.6086558999999,0,-0.01,19,0,0,0.029,-0.015,-1,0.2,-0.6,0
11.6186558999999,0,-0.01,19,0,0,0.029,-0.015,-1,0.2,-0.6,0
11.6286558999999,0,0,19,0,0,0.03,-0.015,-0.999,0.3,-0.7,0
11.6386558999999,0,0,19,0,0,0.03,-0.015,-0.999,0.3,-0.7,0
11.6486558999999,0,0,19,0,0,0.03,-0.015,-0.999,0.3,-0.7,0
11.6586558999999,0,0,19,0,0,0.03,-0.015,-0.999,0.3,-0.7,0
11.6686558999999,0,0,19,0,0,0.03,-0.015,-0.999,0.3,-0.7,0
11.6786558999999,0,-0.01,19,0,0,0.031,-0.015,-1,0.3,-0.6,0
11.6886558999999,0,-0.01,19,0,0,0.031,-0.015,-1,0.3,-0.6,0
11.6986558999999,0,-0.01,19,0,0,0.031,-0.015,-1,0.3,-0.6,0
11.7086558999999,0,-0.01,19,0,0,0.031,-0.015,-1,0.3,-0.6,0
11.7186558999999,0,-0.01,19,0,0,0.031,-0.015,-1,0.3,-0.6,0
11.7286558999999,0,-0.01,19,0,0,0.03,-0.015,-1,0.1,-0.6,0
11.7386558999999,0,-0.01,19,0,0,0.03,-0.015,-1,0.1,-0.6,0
11.7486558999999,0,-0.01,19,0,0,0.03,-0.015,-1,0.1,-0.6,0
11.7586558999999,0,-0.01,19,0,0,0.03,-0.015,-1,0.1,-0.6,0
11.7686558999999,0,-0.01,19,0,0,0.03,-0.015,-1,0.1,-0.6,0
11.7786558999999,0,0,19,0,0,0.03,-0.015,-1,0.3,-0.6,0
11.7886558999999,0,0,19,0,0,0.03,-0.015,-1,0.3,-0.6,0
11.7986558999999,0,0,19,0,0,0.03,-0.015,-1,0.3,-0.6,0
11.8086558999999,0,0,19,0,0,0.03,-0.015,-1,0.3,-0.6,0
11.8186558999999,0,0,19,0,0,0.03,-0.015,-1,0.3,-0.6,0
11.8286558999999,0,0,19,0,0,0.03,-0.015,-1,0.2,-0.6,0
11.8386558999999,0,0,19,0,0,0.03,-0.015,-1,0.2,-0.6,0
11.8486558999999,0,0,19,0,0,0.03,-0.015,-1,0.2,-0.6,0
11.8586558999999,0,0,19,0,0,0.03,-0.015,-1,0.2,-0.6,0
11.8686558999999,0,0,19,0,0,0.03,-0.015,-1,0.2,-0.6,0
11.8786558999999,0,0,19,0,0,0.03,-0.014,-0.999,0.2,-0.6,0
11.8886558999999,0,0,19,0,0,0.03,-0.014,-0.999,0.2,-0.6,0
11.8986558999999,0,0,19,0,0,0.03,-0.014,-0.999,0.2,-0.6,0
11.9086558999999,0,0,19,0,0,0.03,-0.014,-0.999,0.2,-0.6,0
11.9186558999999,0,0,19,0,0,0.03,-0.014,-0.999,0.2,-0.6,0
11.9286558999999,0,0,19,0,0,0.03,-0.014,-1,0.3,-0.6,0
11.9386558999999,0,0,19,0,0,0.03,-0.014,-1,0.3,-0.6,0
11.9486558999999,0,0,19,0,0,0.03,-0.014,-1,0.3,-0.6,0
11.9586558999999,0,0,19,0,0,0.03,-0.014,-1,0.3,-0.6,0
11.9686558999999,0,0,19,0,0,0.03,-0.014,-1,0.3,-0.6,0
11.9786558999999,0,-0.01,19,0,0,0.03,-0.014,-1,0.3,-0.6,0
11.9886558999999,0,-0.01,19,0,0,0.03,-0.014,-1,0.3,-0.6,0
11.9986558999999,0,-0.01,19,0,0,0.03,-0.014,-1,0.3,-0.6,0
12.0086558999999,0,-0.01,19,0,0,0.03,-0.014,-1,0.3,-0.6,0
12.0186558999999,0,-0.01,19,0,0,0.03,-0.014,-1,0.3,-0.6,0
12.0286558999999,0,-0.01,19,0,0,0.03,-0.015,-1,0.2,-0.6,0
12.0386558999999,0,-0.01,19,0,0,0.03,-0.015,-1,0.2,-0.6,0
12.0486558999999,0,-0.01,19,0,0,0.03,-0.015,-1,0.2,-0.6,0
12.0586558999999,0,-0.01,19,0,0,0.03,-0.015,-1,0.2,-0.6,0
12.0686558999999,0,-0.01,19,0,0,0.03,-0.015,-1,0.2,-0.6,0
12.0786558999999,0,0,19,0,0,0.028,-0.014,-1,0.3,-0.6,0
12.0886558999999,0,0,19,0,0,0.028,-0.014,-1,0.3,-0.6,0
12.0986558999999,0,0,19,0,0,0.028,-0.014,-1,0.3,-0.6,0
12.1086558999999,0,0,19,0,0,0.028,-0.014,-1,0.3,-0.6,0
12.1186558999999,0,0,19,0,0,0.028,-0.014,-1,0.3,-0.6,0
12.1286558999999,0,-0.01,19,0,0,0.03,-0.015,-0.999,0.2,-0.6,0
12.1386558999999,0,-0.01,19,0,0,0.03,-0.015,-0.999,0.2,-0.6,0
12.1486558999999,0,-0.01,19,0,0,0.03,-0.015,-0.999,0.2,-0.6,0
12.1586558999999,0,-0.01,19,0,0,0.03,-0.015,-0.999,0.2,-0.6,0
12.1686558999999,0,-0.01,19,0,0,0.03,-0.015,-0.999,0.2,-0.6,0
12.1786558999999,0,0,19,0,0,0.03,-0.015,-1.001,0.3,-0.6,0
12.1886558999999,0,0,19,0,0,0.03,-0.015,-1.001,0.3,-0.6,0
12.1986558999999,0,0,19,0,0,0.03,-0.015,-1.001,0.3,-0.6,0
12.2086558999999,0,0,19,0,0,0.03,-0.015,-1.001,0.3,-0.6,0
12.2186558999999,0,0,19,0,0,0.03,-0.015,-1.001,0.3,-0.6,0
12.2286558999999,0,-0.01,19,0,0,0.031,-0.016,-1,0.3,-0.6,0
12.2386558999999,0,-0.01,19,0,0,0.031,-0.016,-1,0.3,-0.6,0
12.2486558999999,0,-0.01,19,0,0,0.031,-0.016,-1,0.3,-0.6,0
12.2586558999999,0,-0.01,19,0,0,0.031,-0.016,-1,0.3,-0.6,0
12.2686558999999,0,-0.01,19,0,0,0.031,-0.016,-1,0.3,-0.6,0
12.2786558999999,0,0,19,0,0,0.029,-0.015,-0.999,0.2,-0.5,0
12.2886558999999,0,0,19,0,0,0.029,-0.015,-0.999,0.2,-0.5,0
12.2986558999999,0,0,19,0,0,0.029,-0.015,-0.999,0.2,-0.5,0
12.3086558999999,0,0,19,0,0,0.029,-0.015,-0.999,0.2,-0.5,0
12.3186558999999,0,0,19,0,0,0.029,-0.015,-0.999,0.2,-0.5,0
12.3286558999999,0,0,19,0,0,0.03,-0.014,-0.999,0.3,-0.6,0
12.3386558999999,0,0,19,0,0,0.03,-0.014,-0.999,0.3,-0.6,0
12.3486558999999,0,0,19,0,0,0.03,-0.014,-0.999,0.3,-0.6,0
12.3586558999999,0,0,19,0,0,0.03,-0.014,-0.999,0.3,-0.6,0
12.3686558999999,0,0,19,0,0,0.03,-0.014,-0.999,0.3,-0.6,0
12.3786558999999,0,0,19,0,0,0.03,-0.014,-1,0.3,-0.6,0
12.3886558999999,0,0,19,0,0,0.03,-0.014,-1,0.3,-0.6,0
12.3986558999999,0,0,19,0,0,0.03,-0.014,-1,0.3,-0.6,0
12.4086558999999,0,0,19,0,0,0.03,-0.014,-1,0.3,-0.6,0
12.4186558999999,0,0,19,0,0,0.03,-0.014,-1,0.3,-0.6,0
12.4286558999999,0,-0.01,19,0,0,0.031,-0.015,-1,0.3,-0.6,0
12.4386558999999,0,-0.01,19,0,0,0.031,-0.015,-1,0.3,-0.6,0
12.4486558999999,0,-0.01,19,0,0,0.031,-0.015,-1,0.3,-0.6,0
12.4586558999999,0,-0.01,19,0,0,0.031,-0.015,-1,0.3,-0.6,0
12.4686558999999,0,-0.01,19,0,0,0.031,-0.015,-1,0.3,-0.6,0
12.4786558999999,0,-0.01,19,0,0,0.031,-0.015,-1,0.3,-0.6,0
12.4886558999999,0,-0.01,19,0,0,0.031,-0.015,-1,0.3,-0.6,0
12.4986558999999,0,-0.01,19,0,0,0.031,-0.015,-1,0.3,-0.6,0
12.5086558999999,0,-0.01,19,0,0,0.031,-0.015,-1,0.3,-0.6,0
12.5186558999999,0,-0.01,19,0,0,0.031,-0.015,-1,0.3,-0.6,0
12.5286558999999,0,-0.01,19,0,0,0.031,-0.015,-1,0.3,-0.6,0
12.5386558999999,0,-0.01,19,0,0,0.031,-0.015,-1,0.3,-0.6,0
12.5486558999999,0,-0.01,19,0,0,0.031,-0.015,-1,0.3,-0.6,0
12.5586558999999,0,-0.01,19,0,0,0.031,-0.015,-1,0.3,-0.6,0
12.5686558999999,0,-0.01,19,0,0,0.031,-0.015,-1,0.3,-0.6,0
12.5786558999999,0,0,19,0,0,0.031,-0.015,-0.999,0.3,-0.6,0
12.5886558999999,0,0,19,0,0,0.031,-0.015,-0.999,0.3,-0.6,0
12.5986558999999,0,0,19,0,0,0.031,-0.015,-0.999,0.3,-0.6,0
12.6086558999999,0,0,19,0,0,0.031,-0.015,-0.999,0.3,-0.6,0
12.6186558999999,0,0,19,0,0,0.031,-0.015,-0.999,0.3,-0.6,0
12.6286558999999,0,0,19,0,0,0.029,-0.015,-1.001,0.2,-0.6,0
12.6386558999999,0,0,19,0,0,0.029,-0.015,-1.001,0.2,-0.6,0
12.6486558999999,0,0,19,0,0,0.029,-0.015,-1.001,0.2,-0.6,0
12.6586558999999,0,0,19,0,0,0.029,-0.015,-1.001,0.2,-0.6,0
12.6686558999999,0,0,19,0,0,0.029,-0.015,-1.001,0.2,-0.6,0
12.6786558999999,0,0,19,0,0,0.031,-0.016,-1,0.2,-0.6,0
12.6886558999999,0,0,19,0,0,0.031,-0.016,-1,0.2,-0.6,0
12.6986558999999,0,0,19,0,0,0.031,-0.016,-1,0.2,-0.6,0
12.7086558999999,0,0,19,0,0,0.031,-0.016,-1,0.2,-0.6,0
12.7186558999999,0,0,19,0,0,0.031,-0.016,-1,0.2,-0.6,0
12.7286558999999,0,0,19,0,0,0.03,-0.014,-1,0.3,-0.7,0
12.7386558999999,0,0,19,0,0,0.03,-0.014,-1,0.3,-0.7,0
12.7486558999999,0,0,19,0,0,0.03,-0.014,-1,0.3,-0.7,0
12.7586558999999,0,0,19,0,0,0.03,-0.014,-1,0.3,-0.7,0
12.7686558999999,0,0,19,0,0,0.03,-0.014,-1,0.3,-0.7,0
12.7786558999999,0,0,19,0,0,0.03,-0.016,-0.999,0.3,-0.6,0
12.7886558999999,0,0,19,0,0,0.03,-0.016,-0.999,0.3,-0.6,0
12.7986558999999,0,0,19,0,0,0.03,-0.016,-0.999,0.3,-0.6,0
12.8086558999999,0,0,19,0,0,0.03,-0.016,-0.999,0.3,-0.6,0
12.8186558999999,0,0,19,0,0,0.03,-0.016,-0.999,0.3,-0.6,0
12.8286558999999,0,0,19,0,0,0.03,-0.014,-1,0.2,-0.5,0
12.8386558999999,0,0,19,0,0,0.03,-0.014,-1,0.2,-0.5,0
12.8486558999999,0,0,19,0,0,0.03,-0.014,-1,0.2,-0.5,0
12.8586558999999,0,0,19,0,0,0.03,-0.014,-1,0.2,-0.5,0
12.8686558999999,0,0,19,0,0,0.03,-0.014,-1,0.2,-0.5,0
12.8786558999999,0,0,19,0,0,0.03,-0.015,-1,0.2,-0.6,0
12.8886558999999,0,0,19,0,0,0.03,-0.015,-1,0.2,-0.6,0
12.8986558999999,0,0,19,0,0,0.03,-0.015,-1,0.2,-0.6,0
12.9086558999999,0,0,19,0,0,0.03,-0.015,-1,0.2,-0.6,0
12.9186558999999,0,0,19,0,0,0.03,-0.015,-1,0.2,-0.6,0
12.9286558999999,0,-0.01,19,0,0,0.03,-0.015,-1,0.3,-0.6,0
12.9386558999999,0,-0.01,19,0,0,0.03,-0.015,-1,0.3,-0.6,0
12.9486558999999,0,-0.01,19,0,0,0.03,-0.015,-1,0.3,-0.6,0
12.9586558999999,0,-0.01,19,0,0,0.03,-0.015,-1,0.3,-0.6,0
12.9686558999999,0,-0.01,19,0,0,0.03,-0.015,-1,0.3,-0.6,0
12.9786558999999,0,0,19,0,0,0.031,-0.015,-1,0.3,-0.6,0
12.9886558999999,0,0,19,0,0,0.031,-0.015,-1,0.3,-0.6,0
12.9986558999999,0,0,19,0,0,0.031,-0.015,-1,0.3,-0.6,0
13.0086558999999,0,0,19,0,0,0.031,-0.015,-1,0.3,-0.6,0
13.0186558999999,0,0,19,0,0,0.031,-0.015,-1,0.3,-0.6,0
13.0286558999999,0,0,19,0,0,0.031,-0.015,-1,0.2,-0.5,0
13.0386558999999,0,0,19,0,0,0.031,-0.015,-1,0.2,-0.5,0
13.0486558999999,0,0,19,0,0,0.031,-0.015,-1,0.2,-0.5,0
13.0586558999999,0,0,19,0,0,0.031,-0.015,-1,0.2,-0.5,0
13.0686558999999,0,0,19,0,0,0.031,-0.015,-1,0.2,-0.5,0
13.0786558999999,0,0,19,0,0,0.03,-0.014,-1,0.2,-0.6,0
13.0886558999999,0,0,19,0,0,0.03,-0.014,-1,0.2,-0.6,0
13.0986558999999,0,0,19,0,0,0.03,-0.014,-1,0.2,-0.6,0
13.1086558999999,0,0,19,0,0,0.03,-0.014,-1,0.2,-0.6,0
13.1186558999999,0,0,19,0,0,0.03,-0.014,-1,0.2,-0.6,0
13.1286558999999,0,0,19,0,0,0.031,-0.015,-1,0.3,-0.6,0
13.1386558999999,0,0,19,0,0,0.031,-0.015,-1,0.3,-0.6,0
13.1486558999999,0,0,19,0,0,0.031,-0.015,-1,0.3,-0.6,0
13.1586558999999,0,0,19,0,0,0.031,-0.015,-1,0.3,-0.6,0
13.1686558999999,0,0,19,0,0,0.031,-0.015,-1,0.3,-0.6,0
13.1786558999999,0,-0.01,19,0,0,0.031,-0.014,-1,0.4,-0.6,0
13.1886558999999,0,-0.01,19,0,0,0.031,-0.014,-1,0.4,-0.6,0
13.1986558999999,0,-0.01,19,0,0,0.031,-0.014,-1,0.4,-0.6,0
13.2086558999999,0,-0.01,19,0,0,0.031,-0.014,-1,0.4,-0.6,0
13.2186558999999,0,-0.01,19,0,0,0.031,-0.014,-1,0.4,-0.6,0
13.2286558999999,0,0,19,0,0,0.03,-0.015,-0.999,0.2,-0.6,0
13.2386558999999,0,0,19,0,0,0.03,-0.015,-0.999,0.2,-0.6,0
13.2486558999999,0,0,19,0,0,0.03,-0.015,-0.999,0.2,-0.6,0
13.2586558999999,0,0,19,0,0,0.03,-0.015,-0.999,0.2,-0.6,0
13.2686558999999,0,0,19,0,0,0.03,-0.015,-0.999,0.2,-0.6,0
13.2786558999999,0,-0.01,19,0,0,0.03,-0.015,-1,0.3,-0.7,0
13.2886558999999,0,-0.01,19,0,0,0.03,-0.015,-1,0.3,-0.7,0
13.2986558999999,0,-0.01,19,0,0,0.03,-0.015,-1,0.3,-0.7,0
13.3086558999999,0,-0.01,19,0,0,0.03,-0.015,-1,0.3,-0.7,0
13.3186558999999,0,-0.01,19,0,0,0.03,-0.015,-1,0.3,-0.7,0
13.3286558999999,0,0,19,0,0,0.03,-0.015,-1,0.2,-0.6,0
13.3386558999999,0,0,19,0,0,0.03,-0.015,-1,0.2,-0.6,0
13.3486558999999,0,0,19,0,0,0.03,-0.015,-1,0.2,-0.6,0
13.3586558999999,0,0,19,0,0,0.03,-0.015,-1,0.2,-0.6,0
13.3686558999999,0,0,19,0,0,0.03,-0.015,-1,0.2,-0.6,0
13.3786558999999,0,0,19,0,0,0.03,-0.014,-1,0.3,-0.6,0
13.3886558999999,0,0,19,0,0,0.03,-0.014,-1,0.3,-0.6,0
13.3986558999999,0,0,19,0,0,0.03,-0.014,-1,0.3,-0.6,0
13.4086558999999,0,0,19,0,0,0.03,-0.014,-1,0.3,-0.6,0
13.4186558999999,0,0,19,0,0,0.03,-0.014,-1,0.3,-0.6,0
13.4286558999999,0,0,19,0,0,0.03,-0.014,-1,0.3,-0.6,0
13.4386558999999,0,0,19,0,0,0.03,-0.014,-1,0.3,-0.6,0
13.4486558999999,0,0,19,0,0,0.03,-0.014,-1,0.3,-0.6,0
13.4586558999999,0,0,19,0,0,0.03,-0.014,-1,0.3,-0.6,0
13.4686558999999,0,0,19,0,0,0.03,-0.014,-1,0.3,-0.6,0
13.4786558999999,0,0,19,0,0,0.029,-0.015,-1,0.3,-0.6,0
13.4886558999999,0,0,19,0,0,0.029,-0.015,-1,0.3,-0.6,0
13.4986558999999,0,0,19,0,0,0.029,-0.015,-1,0.3,-0.6,0
13.5086558999999,0,0,19,0,0,0.029,-0.015,-1,0.3,-0.6,0
13.5186558999999,0,0,19,0,0,0.029,-0.015,-1,0.3,-0.6,0
13.5286558999999,0,0,19,0,0,0.03,-0.015,-1,0.2,-0.5,0
13.5386558999999,0,0,19,0,0,0.03,-0.015,-1,0.2,-0.5,0
13.5486558999999,0,0,19,0,0,0.03,-0.015,-1,0.2,-0.5,0
13.5586558999999,0,0,19,0,0,0.03,-0.015,-1,0.2,-0.5,0
13.5686558999999,0,0,19,0,0,0.03,-0.015,-1,0.2,-0.5,0
13.5786558999999,0,0,19,0,0,0.03,-0.014,-1,0.2,-0.6,0
13.5886558999999,0,0,19,0,0,0.03,-0.014,-1,0.2,-0.6,0
13.5986558999999,0,0,19,0,0,0.03,-0.014,-1,0.2,-0.6,0
13.6086558999999,0,0,19,0,0,0.03,-0.014,-1,0.2,-0.6,0
13.6186558999999,0,0,19,0,0,0.03,-0.014,-1,0.2,-0.6,0
13.6286558999999,0,0,19,0,0,0.03,-0.014,-1,0.3,-0.5,0
13.6386558999999,0,0,19,0,0,0.03,-0.014,-1,0.3,-0.5,0
13.6486558999999,0,0,19,0,0,0.03,-0.014,-1,0.3,-0.5,0
13.6586558999999,0,0,19,0,0,0.03,-0.014,-1,0.3,-0.5,0
13.6686558999999,0,0,19,0,0,0.03,-0.014,-1,0.3,-0.5,0
13.6786558999999,0,0,19,0,0,0.03,-0.014,-1.001,0.3,-0.6,0
13.6886558999999,0,0,19,0,0,0.03,-0.014,-1.001,0.3,-0.6,0
13.6986558999999,0,0,19,0,0,0.03,-0.014,-1.001,0.3,-0.6,0
13.7086558999999,0,0,19,0,0,0.03,-0.014,-1.001,0.3,-0.6,0
13.7186558999999,0,0,19,0,0,0.03,-0.014,-1.001,0.3,-0.6,0
13.7286558999999,0,0,19,0,0,0.029,-0.015,-1,0.3,-0.6,0
13.7386558999999,0,0,19,0,0,0.029,-0.015,-1,0.3,-0.6,0
13.7486558999999,0,0,19,0,0,0.029,-0.015,-1,0.3,-0.6,0
13.7586558999999,0,0,19,0,0,0.029,-0.015,-1,0.3,-0.6,0
13.7686558999999,0,0,19,0,0,0.029,-0.015,-1,0.3,-0.6,0
13.7786558999999,0,0,19,0,0,0.029,-0.014,-1,0.1,-0.6,0
13.7886558999999,0,0,19,0,0,0.029,-0.014,-1,0.1,-0.6,0
13.7986558999999,0,0,19,0,0,0.029,-0.014,-1,0.1,-0.6,0
13.8086558999999,0,0,19,0,0,0.029,-0.014,-1,0.1,-0.6,0
13.8186558999999,0,0,19,0,0,0.029,-0.014,-1,0.1,-0.6,0
13.8286558999999,0,0,19,0,0,0.031,-0.014,-0.999,0.2,-0.6,0
13.8386558999999,0,0,19,0,0,0.031,-0.014,-0.999,0.2,-0.6,0
13.8486558999999,0,0,19,0,0,0.031,-0.014,-0.999,0.2,-0.6,0
13.8586558999999,0,0,19,0,0,0.031,-0.014,-0.999,0.2,-0.6,0
13.8686558999999,0,0,19,0,0,0.031,-0.014,-0.999,0.2,-0.6,0
13.8786558999999,0,-0.01,19,0,0,0.029,-0.015,-1.001,0.3,-0.6,0
13.8886558999999,0,-0.01,19,0,0,0.029,-0.015,-1.001,0.3,-0.6,0
13.8986558999999,0,-0.01,19,0,0,0.029,-0.015,-1.001,0.3,-0.6,0
13.9086558999999,0,-0.01,19,0,0,0.029,-0.015,-1.001,0.3,-0.6,0
13.9186558999999,0,-0.01,19,0,0,0.029,-0.015,-1.001,0.3,-0.6,0
13.9286558999999,0,0,19,0,0,0.03,-0.015,-1,0.3,-0.5,0
13.9386558999999,0,0,19,0,0,0.03,-0.015,-1,0.3,-0.5,0
13.9486558999999,0,0,19,0,0,0.03,-0.015,-1,0.3,-0.5,0
13.9586558999999,0,0,19,0,0,0.03,-0.015,-1,0.3,-0.5,0
13.9686558999999,0,0,19,0,0,0.03,-0.015,-1,0.3,-0.5,0
13.9786558999999,0,0,19,0,0,0.029,-0.015,-1,0.3,-0.6,0
13.9886558999999,0,0,19,0,0,0.029,-0.015,-1,0.3,-0.6,0
13.9986558999999,0,0,19,0,0,0.029,-0.015,-1,0.3,-0.6,0
14.0086558999999,0,0,19,0,0,0.029,-0.015,-1,0.3,-0.6,0
14.0186558999999,0,0,19,0,0,0.029,-0.015,-1,0.3,-0.6,0
14.0286558999999,0,-0.01,19,0,0,0.031,-0.014,-1,0.3,-0.6,0
14.0386558999999,0,-0.01,19,0,0,0.031,-0.014,-1,0.3,-0.6,0
14.0486558999999,0,-0.01,19,0,0,0.031,-0.014,-1,0.3,-0.6,0
14.0586558999999,0,-0.01,19,0,0,0.031,-0.014,-1,0.3,-0.6,0
14.0686558999999,0,-0.01,19,0,0,0.031,-0.014,-1,0.3,-0.6,0
14.0786558999999,0,0,19,0,0,0.03,-0.015,-1,0.3,-0.6,0
14.0886558999999,0,0,19,0,0,0.03,-0.015,-1,0.3,-0.6,0
14.0986558999999,0,0,19,0,0,0.03,-0.015,-1,0.3,-0.6,0
14.1086558999999,0,0,19,0,0,0.03,-0.015,-1,0.3,-0.6,0
14.1186558999999,0,0,19,0,0,0.03,-0.015,-1,0.3,-0.6,0
14.1286558999999,0,0,19,0,0,0.03,-0.014,-1,0.2,-0.6,0
14.1386558999999,0,0,19,0,0,0.03,-0.014,-1,0.2,-0.6,0
14.1486558999999,0,0,19,0,0,0.03,-0.014,-1,0.2,-0.6,0
14.1586558999999,0,0,19,0,0,0.03,-0.014,-1,0.2,-0.6,0
14.1686558999998,0,0,19,0,0,0.03,-0.014,-1,0.2,-0.6,0
14.1786558999998,0,0,19,0,0,0.03,-0.015,-1,0.2,-0.6,0
14.1886558999998,0,0,19,0,0,0.03,-0.015,-1,0.2,-0.6,0
14.1986558999998,0,0,19,0,0,0.03,-0.015,-1,0.2,-0.6,0
14.2086558999998,0,0,19,0,0,0.03,-0.015,-1,0.2,-0.6,0
14.2186558999998,0,0,19,0,0,0.03,-0.015,-1,0.2,-0.6,0
14.2286558999998,0,-0.01,19,0,0,0.03,-0.015,-0.999,0.3,-0.6,0
14.2386558999998,0,-0.01,19,0,0,0.03,-0.015,-0.999,0.3,-0.6,0
14.2486558999998,0,-0.01,19,0,0,0.03,-0.015,-0.999,0.3,-0.6,0
14.2586558999998,0,-0.01,19,0,0,0.03,-0.015,-0.999,0.3,-0.6,0
14.2686558999998,0,-0.01,19,0,0,0.03,-0.015,-0.999,0.3,-0.6,0
14.2786558999998,0,-0.01,19,0,0,0.03,-0.015,-1.001,0.3,-0.6,0
14.2886558999998,0,-0.01,19,0,0,0.03,-0.015,-1.001,0.3,-0.6,0
14.2986558999998,0,-0.01,19,0,0,0.03,-0.015,-1.001,0.3,-0.6,0
14.3086558999998,0,-0.01,19,0,0,0.03,-0.015,-1.001,0.3,-0.6,0
14.3186558999998,0,-0.01,19,0,0,0.03,-0.015,-1.001,0.3,-0.6,0
14.3286558999998,0,-0.01,19,0,0,0.029,-0.015,-1,0.2,-0.5,0
14.3386558999998,0,-0.01,19,0,0,0.029,-0.015,-1,0.2,-0.5,0
14.3486558999998,0,-0.01,19,0,0,0.029,-0.015,-1,0.2,-0.5,0
14.3586558999998,0,-0.01,19,0,0,0.029,-0.015,-1,0.2,-0.5,0
14.3686558999998,0,-0.01,19,0,0,0.029,-0.015,-1,0.2,-0.5,0
14.3786558999998,0,-0.01,19,0,0,0.031,-0.015,-1,0.2,-0.6,0
14.3886558999998,0,-0.01,19,0,0,0.031,-0.015,-1,0.2,-0.6,0
14.3986558999998,0,-0.01,19,0,0,0.031,-0.015,-1,0.2,-0.6,0
14.4086558999998,0,-0.01,19,0,0,0.031,-0.015,-1,0.2,-0.6,0
14.4186558999998,0,-0.01,19,0,0,0.031,-0.015,-1,0.2,-0.6,0
14.4286558999998,0,0,19,0,0,0.03,-0.014,-1,0.2,-0.7,0
14.4386558999998,0,0,19,0,0,0.03,-0.014,-1,0.2,-0.7,0
14.4486558999998,0,0,19,0,0,0.03,-0.014,-1,0.2,-0.7,0
14.4586558999998,0,0,19,0,0,0.03,-0.014,-1,0.2,-0.7,0
14.4686558999998,0,0,19,0,0,0.03,-0.014,-1,0.2,-0.7,0
14.4786558999998,0,-0.01,19,0,0,0.029,-0.015,-0.999,0.3,-0.6,0
14.4886558999998,0,-0.01,19,0,0,0.029,-0.015,-0.999,0.3,-0.6,0
14.4986558999998,0,-0.01,19,0,0,0.029,-0.015,-0.999,0.3,-0.6,0
14.5086558999998,0,-0.01,19,0,0,0.029,-0.015,-0.999,0.3,-0.6,0
14.5186558999998,0,-0.01,19,0,0,0.029,-0.015,-0.999,0.3,-0.6,0
14.5286558999998,0,0,19,0,0,0.029,-0.014,-1,0.3,-0.6,0
14.5386558999998,0,0,19,0,0,0.029,-0.014,-1,0.3,-0.6,0
14.5486558999998,0,0,19,0,0,0.029,-0.014,-1,0.3,-0.6,0
14.5586558999998,0,0,19,0,0,0.029,-0.014,-1,0.3,-0.6,0
14.5686558999998,0,0,19,0,0,0.029,-0.014,-1,0.3,-0.6,0
14.5786558999998,0,-0.01,19,0,0,0.03,-0.015,-1,0.1,-0.6,0
14.5886558999998,0,-0.01,19,0,0,0.03,-0.015,-1,0.1,-0.6,0
14.5986558999998,0,-0.01,19,0,0,0.03,-0.015,-1,0.1,-0.6,0
14.6086558999998,0,-0.01,19,0,0,0.03,-0.015,-1,0.1,-0.6,0
14.6186558999998,0,-0.01,19,0,0,0.03,-0.015,-1,0.1,-0.6,0
14.6286558999998,0,0,19,0,0,0.03,-0.014,-0.999,0.3,-0.6,0
14.6386558999998,0,0,19,0,0,0.03,-0.014,-0.999,0.3,-0.6,0
14.6486558999998,0,0,19,0,0,0.03,-0.014,-0.999,0.3,-0.6,0
14.6586558999998,0,0,19,0,0,0.03,-0.014,-0.999,0.3,-0.6,0
14.6686558999998,0,0,19,0,0,0.03,-0.014,-0.999,0.3,-0.6,0
14.6786558999998,0,-0.01,19,0,0,0.03,-0.015,-1,0.3,-0.6,0
14.6886558999998,0,-0.01,19,0,0,0.03,-0.015,-1,0.3,-0.6,0
14.6986558999998,0,-0.01,19,0,0,0.03,-0.015,-1,0.3,-0.6,0
14.7086558999998,0,-0.01,19,0,0,0.03,-0.015,-1,0.3,-0.6,0
14.7186558999998,0,-0.01,19,0,0,0.03,-0.015,-1,0.3,-0.6,0
14.7286558999998,0,-0.01,19,0,0,0.031,-0.014,-1,0.2,-0.6,0
14.7386558999998,0,-0.01,19,0,0,0.031,-0.014,-1,0.2,-0.6,0
14.7486558999998,0,-0.01,19,0,0,0.031,-0.014,-1,0.2,-0.6,0
14.7586558999998,0,-0.01,19,0,0,0.031,-0.014,-1,0.2,-0.6,0
14.7686558999998,0,-0.01,19,0,0,0.031,-0.014,-1,0.2,-0.6,0
14.7786558999998,0,0,19,0,0,0.031,-0.015,-1,0.2,-0.6,0
14.7886558999998,0,0,19,0,0,0.031,-0.015,-1,0.2,-0.6,0
14.7986558999998,0,0,19,0,0,0.031,-0.015,-1,0.2,-0.6,0
14.8086558999998,0,0,19,0,0,0.031,-0.015,-1,0.2,-0.6,0
14.8186558999998,0,0,19,0,0,0.031,-0.015,-1,0.2,-0.6,0
14.8286558999998,0,0,19,0,0,0.03,-0.015,-1,0.3,-0.6,0
14.8386558999998,0,0,19,0,0,0.03,-0.015,-1,0.3,-0.6,0
14.8486558999998,0,0,19,0,0,0.03,-0.015,-1,0.3,-0.6,0
14.8586558999998,0,0,19,0,0,0.03,-0.015,-1,0.3,-0.6,0
14.8686558999998,0,0,19,0,0,0.03,-0.015,-1,0.3,-0.6,0
14.8786558999998,0,0,19,0,0,0.029,-0.016,-1,0.2,-0.6,0
14.8886558999998,0,0,19,0,0,0.029,-0.016,-1,0.2,-0.6,0
14.8986558999998,0,0,19,0,0,0.029,-0.016,-1,0.2,-0.6,0
14.9086558999998,0,0,19,0,0,0.029,-0.016,-1,0.2,-0.6,0
14.9186558999998,0,0,19,0,0,0.029,-0.016,-1,0.2,-0.6,0
14.9286558999998,0,0,19,0,0,0.031,-0.015,-0.999,0.3,-0.7,0
14.9386558999998,0,0,19,0,0,0.031,-0.015,-0.999,0.3,-0.7,0
14.9486558999998,0,0,19,0,0,0.031,-0.015,-0.999,0.3,-0.7,0
14.9586558999998,0,0,19,0,0,0.031,-0.015,-0.999,0.3,-0.7,0
14.9686558999998,0,0,19,0,0,0.031,-0.015,-0.999,0.3,-0.7,0
14.9786558999998,0,0,19,0,0,0.03,-0.014,-1,0.3,-0.6,0
14.9886558999998,0,0,19,0,0,0.03,-0.014,-1,0.3,-0.6,0
14.9986558999998,0,0,19,0,0,0.03,-0.014,-1,0.3,-0.6,0
15.0086558999998,0,0,19,0,0,0.03,-0.014,-1,0.3,-0.6,0
15.0186558999998,0,0,19,0,0,0.03,-0.014,-1,0.3,-0.6,0
15.0286558999998,0,0,19,0,0,0.03,-0.015,-0.999,0.3,-0.6,0
15.0386558999998,0,0,19,0,0,0.03,-0.015,-0.999,0.3,-0.6,0
15.0486558999998,0,0,19,0,0,0.03,-0.015,-0.999,0.3,-0.6,0
15.0586558999998,0,0,19,0,0,0.03,-0.015,-0.999,0.3,-0.6,0
15.0686558999998,0,0,19,0,0,0.03,-0.015,-0.999,0.3,-0.6,0
15.0786558999998,0,-0.01,19,0,0,0.03,-0.016,-1,0.3,-0.6,0
15.0886558999998,0,-0.01,19,0,0,0.03,-0.016,-1,0.3,-0.6,0
15.0986558999998,0,-0.01,19,0,0,0.03,-0.016,-1,0.3,-0.6,0
15.1086558999998,0,-0.01,19,0,0,0.03,-0.016,-1,0.3,-0.6,0
15.1186558999998,0,-0.01,19,0,0,0.03,-0.016,-1,0.3,-0.6,0
15.1286558999998,0,-0.01,19,0,0,0.031,-0.016,-0.999,0.3,-0.6,0
15.1386558999998,0,-0.01,19,0,0,0.031,-0.016,-0.999,0.3,-0.6,0
15.1486558999998,0,-0.01,19,0,0,0.031,-0.016,-0.999,0.3,-0.6,0
15.1586558999998,0,-0.01,19,0,0,0.031,-0.016,-0.999,0.3,-0.6,0
15.1686558999998,0,-0.01,19,0,0,0.031,-0.016,-0.999,0.3,-0.6,0
15.1786558999998,0,0,19,0,0,0.03,-0.014,-1,0.2,-0.6,0
15.1886558999998,0,0,19,0,0,0.03,-0.014,-1,0.2,-0.6,0
15.1986558999998,0,0,19,0,0,0.03,-0.014,-1,0.2,-0.6,0
15.2086558999998,0,0,19,0,0,0.03,-0.014,-1,0.2,-0.6,0
15.2186558999998,0,0,19,0,0,0.03,-0.014,-1,0.2,-0.6,0
15.2286558999998,0,-0.01,19,0,0,0.03,-0.015,-1,0.2,-0.6,0
15.2386558999998,0,-0.01,19,0,0,0.03,-0.015,-1,0.2,-0.6,0
15.2486558999998,0,-0.01,19,0,0,0.03,-0.015,-1,0.2,-0.6,0
15.2586558999998,0,-0.01,19,0,0,0.03,-0.015,-1,0.2,-0.6,0
15.2686558999998,0,-0.01,19,0,0,0.03,-0.015,-1,0.2,-0.6,0
15.2786558999998,0,0,19,0,0,0.029,-0.014,-1,0.3,-0.6,0
15.2886558999998,0,0,19,0,0,0.029,-0.014,-1,0.3,-0.6,0
15.2986558999998,0,0,19,0,0,0.029,-0.014,-1,0.3,-0.6,0
15.3086558999998,0,0,19,0,0,0.029,-0.014,-1,0.3,-0.6,0
15.3186558999998,0,0,19,0,0,0.029,-0.014,-1,0.3,-0.6,0
15.3286558999998,0,0,19,0,0,0.03,-0.016,-1.001,0.3,-0.6,0
15.3386558999998,0,0,19,0,0,0.03,-0.016,-1.001,0.3,-0.6,0
15.3486558999998,0,0,19,0,0,0.03,-0.016,-1.001,0.3,-0.6,0
15.3586558999998,0,0,19,0,0,0.03,-0.016,-1.001,0.3,-0.6,0
15.3686558999998,0,0,19,0,0,0.03,-0.016,-1.001,0.3,-0.6,0
15.3786558999998,0,0,19,0,0,0.03,-0.013,-1,0.2,-0.6,0
15.3886558999998,0,0,19,0,0,0.03,-0.013,-1,0.2,-0.6,0
15.3986558999998,0,0,19,0,0,0.03,-0.013,-1,0.2,-0.6,0
15.4086558999998,0,0,19,0,0,0.03,-0.013,-1,0.2,-0.6,0
15.4186558999998,0,0,19,0,0,0.03,-0.013,-1,0.2,-0.6,0
15.4286558999998,0,0,19,0,0,0.03,-0.016,-1.001,0.2,-0.6,0
15.4386558999998,0,0,19,0,0,0.03,-0.016,-1.001,0.2,-0.6,0
15.4486558999998,0,0,19,0,0,0.03,-0.016,-1.001,0.2,-0.6,0
15.4586558999998,0,0,19,0,0,0.03,-0.016,-1.001,0.2,-0.6,0
15.4686558999998,0,0,19,0,0,0.03,-0.016,-1.001,0.2,-0.6,0
15.4786558999998,0,-0.01,19,0,0,0.031,-0.013,-1,0.3,-0.6,0
15.4886558999998,0,-0.01,19,0,0,0.031,-0.013,-1,0.3,-0.6,0
15.4986558999998,0,-0.01,19,0,0,0.031,-0.013,-1,0.3,-0.6,0
15.5086558999998,0,-0.01,19,0,0,0.031,-0.013,-1,0.3,-0.6,0
15.5186558999998,0,-0.01,19,0,0,0.031,-0.013,-1,0.3,-0.6,0
15.5286558999998,0,-0.01,19,0,0,0.029,-0.015,-1,0.2,-0.6,0
15.5386558999998,0,-0.01,19,0,0,0.029,-0.015,-1,0.2,-0.6,0
15.5486558999998,0,-0.01,19,0,0,0.029,-0.015,-1,0.2,-0.6,0
15.5586558999998,0,-0.01,19,0,0,0.029,-0.015,-1,0.2,-0.6,0
15.5686558999998,0,-0.01,19,0,0,0.029,-0.015,-1,0.2,-0.6,0
15.5786558999998,0,0,19,0,0,0.031,-0.014,-1,0.3,-0.6,0
15.5886558999998,0,0,19,0,0,0.031,-0.014,-1,0.3,-0.6,0
15.5986558999998,0,0,19,0,0,0.031,-0.014,-1,0.3,-0.6,0
15.6086558999998,0,0,19,0,0,0.031,-0.014,-1,0.3,-0.6,0
15.6186558999998,0,0,19,0,0,0.031,-0.014,-1,0.3,-0.6,0
15.6286558999998,0,0,19,0,0,0.03,-0.015,-1,0.3,-0.7,0
15.6386558999998,0,0,19,0,0,0.03,-0.015,-1,0.3,-0.7,0
15.6486558999998,0,0,19,0,0,0.03,-0.015,-1,0.3,-0.7,0
15.6586558999998,0,0,19,0,0,0.03,-0.015,-1,0.3,-0.7,0
15.6686558999998,0,0,19,0,0,0.03,-0.015,-1,0.3,-0.7,0
15.6786558999998,0,0,19,0,0,0.031,-0.015,-1,0.3,-0.6,0
15.6886558999998,0,0,19,0,0,0.031,-0.015,-1,0.3,-0.6,0
15.6986558999998,0,0,19,0,0,0.031,-0.015,-1,0.3,-0.6,0
15.7086558999998,0,0,19,0,0,0.031,-0.015,-1,0.3,-0.6,0
15.7186558999998,0,0,19,0,0,0.031,-0.015,-1,0.3,-0.6,0
15.7286558999998,0,-0.01,19,0,0,0.029,-0.015,-1,0.2,-0.6,0
15.7386558999998,0,-0.01,19,0,0,0.029,-0.015,-1,0.2,-0.6,0
15.7486558999998,0,-0.01,19,0,0,0.029,-0.015,-1,0.2,-0.6,0
15.7586558999998,0,-0.01,19,0,0,0.029,-0.015,-1,0.2,-0.6,0
15.7686558999998,0,-0.01,19,0,0,0.029,-0.015,-1,0.2,-0.6,0
15.7786558999998,0,0,19,0,0,0.03,-0.015,-0.999,0.2,-0.6,0
15.7886558999998,0,0,19,0,0,0.03,-0.015,-0.999,0.2,-0.6,0
15.7986558999998,0,0,19,0,0,0.03,-0.015,-0.999,0.2,-0.6,0
15.8086558999998,0,0,19,0,0,0.03,-0.015,-0.999,0.2,-0.6,0
15.8186558999998,0,0,19,0,0,0.03,-0.015,-0.999,0.2,-0.6,0
15.8286558999998,0,-0.01,19,0,0,0.031,-0.014,-1,0.3,-0.6,0
15.8386558999998,0,-0.01,19,0,0,0.031,-0.014,-1,0.3,-0.6,0
15.8486558999998,0,-0.01,19,0,0,0.031,-0.014,-1,0.3,-0.6,0
15.8586558999998,0,-0.01,19,0,0,0.031,-0.014,-1,0.3,-0.6,0
15.8686558999998,0,-0.01,19,0,0,0.031,-0.014,-1,0.3,-0.6,0
15.8786558999998,0,0,19,0,0,0.029,-0.015,-0.999,0.3,-0.6,0
15.8886558999998,0,0,19,0,0,0.029,-0.015,-0.999,0.3,-0.6,0
15.8986558999998,0,0,19,0,0,0.029,-0.015,-0.999,0.3,-0.6,0
15.9086558999998,0,0,19,0,0,0.029,-0.015,-0.999,0.3,-0.6,0
15.9186558999998,0,0,19,0,0,0.029,-0.015,-0.999,0.3,-0.6,0
15.9286558999998,0,-0.01,19,0,0,0.03,-0.015,-0.999,0.3,-0.5,0
15.9386558999998,0,-0.01,19,0,0,0.03,-0.015,-0.999,0.3,-0.5,0
15.9486558999998,0,-0.01,19,0,0,0.03,-0.015,-0.999,0.3,-0.5,0
15.9586558999998,0,-0.01,19,0,0,0.03,-0.015,-0.999,0.3,-0.5,0
15.9686558999998,0,-0.01,19,0,0,0.03,-0.015,-0.999,0.3,-0.5,0
15.9786558999998,0,-0.01,19,0,0,0.03,-0.014,-1,0.3,-0.6,0
15.9886558999998,0,-0.01,19,0,0,0.03,-0.014,-1,0.3,-0.6,0
15.9986558999998,0,-0.01,19,0,0,0.03,-0.014,-1,0.3,-0.6,0
16.0086558999998,0,-0.01,19,0,0,0.03,-0.014,-1,0.3,-0.6,0
16.0186558999998,0,-0.01,19,0,0,0.03,-0.014,-1,0.3,-0.6,0
16.0286558999998,0,-0.01,19,0,0,0.03,-0.014,-1,0.2,-0.6,0
16.0386558999998,0,-0.01,19,0,0,0.03,-0.014,-1,0.2,-0.6,0
16.0486558999998,0,-0.01,19,0,0,0.03,-0.014,-1,0.2,-0.6,0
16.0586558999998,0,-0.01,19,0,0,0.03,-0.014,-1,0.2,-0.6,0
16.0686558999998,0,-0.01,19,0,0,0.03,-0.014,-1,0.2,-0.6,0
16.0786558999998,0,-0.01,19,0,0,0.03,-0.016,-1,0.3,-0.6,0
16.0886558999998,0,-0.01,19,0,0,0.03,-0.016,-1,0.3,-0.6,0
16.0986558999998,0,-0.01,19,0,0,0.03,-0.016,-1,0.3,-0.6,0
16.1086558999998,0,-0.01,19,0,0,0.03,-0.016,-1,0.3,-0.6,0
16.1186558999998,0,-0.01,19,0,0,0.03,-0.016,-1,0.3,-0.6,0
16.1286558999998,0,0,19,0,0,0.03,-0.014,-1,0.3,-0.6,0.1
16.1386558999998,0,0,19,0,0,0.03,-0.014,-1,0.3,-0.6,0.1
16.1486558999998,0,0,19,0,0,0.03,-0.014,-1,0.3,-0.6,0.1
16.1586558999998,0,0,19,0,0,0.03,-0.014,-1,0.3,-0.6,0.1
16.1686558999998,0,0,19,0,0,0.03,-0.014,-1,0.3,-0.6,0.1
16.1786558999998,0,0,19,0,0,0.03,-0.016,-1,0.3,-0.6,0
16.1886558999998,0,0,19,0,0,0.03,-0.016,-1,0.3,-0.6,0
16.1986558999998,0,0,19,0,0,0.03,-0.016,-1,0.3,-0.6,0
16.2086558999998,0,0,19,0,0,0.03,-0.016,-1,0.3,-0.6,0
16.2186558999998,0,0,19,0,0,0.03,-0.016,-1,0.3,-0.6,0
16.2286558999998,0,0,19,0,0,0.028,-0.015,-1,0.2,-0.6,0
16.2386558999998,0,0,19,0,0,0.028,-0.015,-1,0.2,-0.6,0
16.2486558999998,0,0,19,0,0,0.028,-0.015,-1,0.2,-0.6,0
16.2586558999998,0,0,19,0,0,0.028,-0.015,-1,0.2,-0.6,0
16.2686558999998,0,0,19,0,0,0.028,-0.015,-1,0.2,-0.6,0
16.2786558999998,0,-0.01,19,0,0,0.03,-0.013,-1,0.3,-0.5,0
16.2886558999998,0,-0.01,19,0,0,0.03,-0.013,-1,0.3,-0.5,0
16.2986558999998,0,-0.01,19,0,0,0.03,-0.013,-1,0.3,-0.5,0
16.3086558999998,0,-0.01,19,0,0,0.03,-0.013,-1,0.3,-0.5,0
16.3186558999998,0,-0.01,19,0,0,0.03,-0.013,-1,0.3,-0.5,0
16.3286558999998,0,0,19,0,0,0.03,-0.015,-0.999,0.2,-0.7,0
16.3386558999998,0,0,19,0,0,0.03,-0.015,-0.999,0.2,-0.7,0
16.3486558999998,0,0,19,0,0,0.03,-0.015,-0.999,0.2,-0.7,0
16.3586558999998,0,0,19,0,0,0.03,-0.015,-0.999,0.2,-0.7,0
16.3686558999998,0,0,19,0,0,0.03,-0.015,-0.999,0.2,-0.7,0
16.3786558999998,0,0,19,0,0,0.031,-0.016,-1,0.1,-0.6,0
16.3886558999998,0,0,19,0,0,0.031,-0.016,-1,0.1,-0.6,0
16.3986558999998,0,0,19,0,0,0.031,-0.016,-1,0.1,-0.6,0
16.4086558999998,0,0,19,0,0,0.031,-0.016,-1,0.1,-0.6,0
16.4186558999998,0,0,19,0,0,0.031,-0.016,-1,0.1,-0.6,0
16.4286558999998,0,-0.01,19,0,0,0.03,-0.015,-1,0.2,-0.6,0
16.4386558999998,0,-0.01,19,0,0,0.03,-0.015,-1,0.2,-0.6,0
16.4486558999998,0,-0.01,19,0,0,0.03,-0.015,-1,0.2,-0.6,0
16.4586558999998,0,-0.01,19,0,0,0.03,-0.015,-1,0.2,-0.6,0
16.4686558999998,0,-0.01,19,0,0,0.03,-0.015,-1,0.2,-0.6,0
16.4786558999998,0,-0.01,19,0,0,0.029,-0.014,-1,0.3,-0.6,0
16.4886558999998,0,-0.01,19,0,0,0.029,-0.014,-1,0.3,-0.6,0
16.4986558999998,0,-0.01,19,0,0,0.029,-0.014,-1,0.3,-0.6,0
16.5086558999998,0,-0.01,19,0,0,0.029,-0.014,-1,0.3,-0.6,0
16.5186558999998,0,-0.01,19,0,0,0.029,-0.014,-1,0.3,-0.6,0
16.5286558999998,0,-0.01,19,0,0,0.031,-0.015,-1,0.3,-0.6,0
16.5386558999998,0,-0.01,19,0,0,0.031,-0.015,-1,0.3,-0.6,0
16.5486558999998,0,-0.01,19,0,0,0.031,-0.015,-1,0.3,-0.6,0
16.5586558999998,0,-0.01,19,0,0,0.031,-0.015,-1,0.3,-0.6,0
16.5686558999998,0,-0.01,19,0,0,0.031,-0.015,-1,0.3,-0.6,0
16.5786558999998,0,-0.01,19,0,0,0.031,-0.014,-0.999,0.3,-0.6,0
16.5886558999998,0,-0.01,19,0,0,0.031,-0.014,-0.999,0.3,-0.6,0
16.5986558999998,0,-0.01,19,0,0,0.031,-0.014,-0.999,0.3,-0.6,0
16.6086558999998,0,-0.01,19,0,0,0.031,-0.014,-0.999,0.3,-0.6,0
16.6186558999998,0,-0.01,19,0,0,0.031,-0.014,-0.999,0.3,-0.6,0
16.6286558999998,0,0,19,0,0,0.031,-0.013,-1,0.3,-0.6,0
16.6386558999998,0,0,19,0,0,0.031,-0.013,-1,0.3,-0.6,0
16.6486558999998,0,0,19,0,0,0.031,-0.013,-1,0.3,-0.6,0
16.6586558999998,0,0,19,0,0,0.031,-0.013,-1,0.3,-0.6,0
16.6686558999998,0,0,19,0,0,0.031,-0.013,-1,0.3,-0.6,0
16.6786558999998,0,-0.01,19,0,0,0.03,-0.015,-1,0.2,-0.6,0
16.6886558999998,0,-0.01,19,0,0,0.03,-0.015,-1,0.2,-0.6,0
16.6986558999998,0,-0.01,19,0,0,0.03,-0.015,-1,0.2,-0.6,0
16.7086558999998,0,-0.01,19,0,0,0.03,-0.015,-1,0.2,-0.6,0
16.7186558999998,0,-0.01,19,0,0,0.03,-0.015,-1,0.2,-0.6,0
16.7286558999998,0,0,19,0,0,0.03,-0.014,-1,0.2,-0.6,0
16.7386558999998,0,0,19,0,0,0.03,-0.014,-1,0.2,-0.6,0
16.7486558999998,0,0,19,0,0,0.03,-0.014,-1,0.2,-0.6,0
16.7586558999998,0,0,19,0,0,0.03,-0.014,-1,0.2,-0.6,0
16.7686558999998,0,0,19,0,0,0.03,-0.014,-1,0.2,-0.6,0
16.7786558999998,0,0,19,0,0,0.031,-0.016,-0.999,0.2,-0.7,0
16.7886558999998,0,0,19,0,0,0.031,-0.016,-0.999,0.2,-0.7,0
16.7986558999998,0,0,19,0,0,0.031,-0.016,-0.999,0.2,-0.7,0
16.8086558999998,0,0,19,0,0,0.031,-0.016,-0.999,0.2,-0.7,0
16.8186558999998,0,0,19,0,0,0.031,-0.016,-0.999,0.2,-0.7,0
16.8286558999998,0,0,19,0,0,0.029,-0.014,-1,0.3,-0.5,0
16.8386558999998,0,0,19,0,0,0.029,-0.014,-1,0.3,-0.5,0
16.8486558999998,0,0,19,0,0,0.029,-0.014,-1,0.3,-0.5,0
16.8586558999998,0,0,19,0,0,0.029,-0.014,-1,0.3,-0.5,0
16.8686558999998,0,0,19,0,0,0.029,-0.014,-1,0.3,-0.5,0
16.8786558999998,0,0,19,0,0,0.029,-0.014,-1,0.2,-0.6,0
16.8886558999998,0,0,19,0,0,0.029,-0.014,-1,0.2,-0.6,0
16.8986558999998,0,0,19,0,0,0.029,-0.014,-1,0.2,-0.6,0
16.9086558999998,0,0,19,0,0,0.029,-0.014,-1,0.2,-0.6,0
16.9186558999998,0,0,19,0,0,0.029,-0.014,-1,0.2,-0.6,0
16.9286558999998,0,-0.01,19,0,0,0.03,-0.015,-0.999,0.3,-0.6,0.1
16.9386558999998,0,-0.01,19,0,0,0.03,-0.015,-0.999,0.3,-0.6,0.1
16.9486558999998,0,-0.01,19,0,0,0.03,-0.015,-0.999,0.3,-0.6,0.1
16.9586558999998,0,-0.01,19,0,0,0.03,-0.015,-0.999,0.3,-0.6,0.1
16.9686558999998,0,-0.01,19,0,0,0.03,-0.015,-0.999,0.3,-0.6,0.1
16.9786558999998,0,-0.01,19,0,0,0.03,-0.016,-1,0.2,-0.6,0
16.9886558999998,0,-0.01,19,0,0,0.03,-0.016,-1,0.2,-0.6,0
16.9986558999998,0,-0.01,19,0,0,0.03,-0.016,-1,0.2,-0.6,0
17.0086558999998,0,-0.01,19,0,0,0.03,-0.016,-1,0.2,-0.6,0
17.0186558999998,0,-0.01,19,0,0,0.03,-0.016,-1,0.2,-0.6,0
17.0286558999998,0,0,19,0,0,0.031,-0.015,-1,0.2,-0.7,0
17.0386558999998,0,0,19,0,0,0.031,-0.015,-1,0.2,-0.7,0
17.0486558999998,0,0,19,0,0,0.031,-0.015,-1,0.2,-0.7,0
17.0586558999998,0,0,19,0,0,0.031,-0.015,-1,0.2,-0.7,0
17.0686558999998,0,0,19,0,0,0.031,-0.015,-1,0.2,-0.7,0
17.0786558999998,0,0,19,0,0,0.03,-0.015,-1,0.3,-0.6,0
17.0886558999998,0,0,19,0,0,0.03,-0.015,-1,0.3,-0.6,0
17.0986558999998,0,0,19,0,0,0.03,-0.015,-1,0.3,-0.6,0
17.1086558999998,0,0,19,0,0,0.03,-0.015,-1,0.3,-0.6,0
17.1186558999998,0,0,19,0,0,0.03,-0.015,-1,0.3,-0.6,0
17.1286558999998,0,0,19,0,0,0.03,-0.015,-1,0.3,-0.6,0
17.1386558999998,0,0,19,0,0,0.03,-0.015,-1,0.3,-0.6,0
17.1486558999998,0,0,19,0,0,0.03,-0.015,-1,0.3,-0.6,0
17.1586558999998,0,0,19,0,0,0.03,-0.015,-1,0.3,-0.6,0
17.1686558999998,0,0,19,0,0,0.03,-0.015,-1,0.3,-0.6,0
17.1786558999998,0,0,19,0,0,0.03,-0.016,-1,0.2,-0.6,0
17.1886558999998,0,0,19,0,0,0.03,-0.016,-1,0.2,-0.6,0
17.1986558999998,0,0,19,0,0,0.03,-0.016,-1,0.2,-0.6,0
17.2086558999998,0,0,19,0,0,0.03,-0.016,-1,0.2,-0.6,0
17.2186558999998,0,0,19,0,0,0.03,-0.016,-1,0.2,-0.6,0
17.2286558999998,0,0,19,0,0,0.03,-0.014,-1,0.2,-0.7,0
17.2386558999998,0,0,19,0,0,0.03,-0.014,-1,0.2,-0.7,0
17.2486558999998,0,0,19,0,0,0.03,-0.014,-1,0.2,-0.7,0
17.2586558999998,0,0,19,0,0,0.03,-0.014,-1,0.2,-0.7,0
17.2686558999998,0,0,19,0,0,0.03,-0.014,-1,0.2,-0.7,0
17.2786558999998,0,-0.01,19,0,0,0.03,-0.015,-1.001,0.3,-0.6,0
17.2886558999998,0,-0.01,19,0,0,0.03,-0.015,-1.001,0.3,-0.6,0
17.2986558999998,0,-0.01,19,0,0,0.03,-0.015,-1.001,0.3,-0.6,0
17.3086558999998,0,-0.01,19,0,0,0.03,-0.015,-1.001,0.3,-0.6,0
17.3186558999998,0,-0.01,19,0,0,0.03,-0.015,-1.001,0.3,-0.6,0
17.3286558999998,0,0,19,0,0,0.03,-0.015,-0.998,0.2,-0.6,0
17.3386558999998,0,0,19,0,0,0.03,-0.015,-0.998,0.2,-0.6,0
17.3486558999998,0,0,19,0,0,0.03,-0.015,-0.998,0.2,-0.6,0
17.3586558999998,0,0,19,0,0,0.03,-0.015,-0.998,0.2,-0.6,0
17.3686558999998,0,0,19,0,0,0.03,-0.015,-0.998,0.2,-0.6,0
17.3786558999998,0,0,19,0,0,0.03,-0.015,-1,0.2,-0.7,0
17.3886558999998,0,0,19,0,0,0.03,-0.015,-1,0.2,-0.7,0
17.3986558999998,0,0,19,0,0,0.03,-0.015,-1,0.2,-0.7,0
17.4086558999998,0,0,19,0,0,0.03,-0.015,-1,0.2,-0.7,0
17.4186558999998,0,0,19,0,0,0.03,-0.015,-1,0.2,-0.7,0
17.4286558999998,0,0,19,0,0,0.03,-0.014,-1.001,0.3,-0.6,0
17.4386558999998,0,0,19,0,0,0.03,-0.014,-1.001,0.3,-0.6,0
17.4486558999998,0,0,19,0,0,0.03,-0.014,-1.001,0.3,-0.6,0
17.4586558999998,0,0,19,0,0,0.03,-0.014,-1.001,0.3,-0.6,0
17.4686558999998,0,0,19,0,0,0.03,-0.014,-1.001,0.3,-0.6,0
17.4786558999998,0,0,19,0,0,0.029,-0.015,-1,0.2,-0.6,0
17.4886558999998,0,0,19,0,0,0.029,-0.015,-1,0.2,-0.6,0
17.4986558999998,0,0,19,0,0,0.029,-0.015,-1,0.2,-0.6,0
17.5086558999998,0,0,19,0,0,0.029,-0.015,-1,0.2,-0.6,0
17.5186558999998,0,0,19,0,0,0.029,-0.015,-1,0.2,-0.6,0
17.5286558999998,0,0,19,0,0,0.031,-0.016,-1,0.3,-0.6,0
17.5386558999998,0,0,19,0,0,0.031,-0.016,-1,0.3,-0.6,0
17.5486558999998,0,0,19,0,0,0.031,-0.016,-1,0.3,-0.6,0
17.5586558999998,0,0,19,0,0,0.031,-0.016,-1,0.3,-0.6,0
17.5686558999998,0,0,19,0,0,0.031,-0.016,-1,0.3,-0.6,0
17.5786558999998,0,0,19,0,0,0.03,-0.016,-1,0.3,-0.6,0
17.5886558999998,0,0,19,0,0,0.03,-0.016,-1,0.3,-0.6,0
17.5986558999998,0,0,19,0,0,0.03,-0.016,-1,0.3,-0.6,0
17.6086558999998,0,0,19,0,0,0.03,-0.016,-1,0.3,-0.6,0
17.6186558999998,0,0,19,0,0,0.03,-0.016,-1,0.3,-0.6,0
17.6286558999998,0,-0.01,19,0,0,0.03,-0.015,-1,0.2,-0.6,0
17.6386558999998,0,-0.01,19,0,0,0.03,-0.015,-1,0.2,-0.6,0
17.6486558999998,0,-0.01,19,0,0,0.03,-0.015,-1,0.2,-0.6,0
17.6586558999998,0,-0.01,19,0,0,0.03,-0.015,-1,0.2,-0.6,0
17.6686558999998,0,-0.01,19,0,0,0.03,-0.015,-1,0.2,-0.6,0
17.6786558999998,0,-0.01,19,0,0,0.031,-0.015,-1,0.3,-0.6,0.1
17.6886558999998,0,-0.01,19,0,0,0.031,-0.015,-1,0.3,-0.6,0.1
17.6986558999998,0,-0.01,19,0,0,0.031,-0.015,-1,0.3,-0.6,0.1
17.7086558999998,0,-0.01,19,0,0,0.031,-0.015,-1,0.3,-0.6,0.1
17.7186558999998,0,-0.01,19,0,0,0.031,-0.015,-1,0.3,-0.6,0.1
17.7286558999998,0,0,19,0,0,0.03,-0.015,-1,0.2,-0.5,0
17.7386558999998,0,0,19,0,0,0.03,-0.015,-1,0.2,-0.5,0
17.7486558999998,0,0,19,0,0,0.03,-0.015,-1,0.2,-0.5,0
17.7586558999998,0,0,19,0,0,0.03,-0.015,-1,0.2,-0.5,0
17.7686558999998,0,0,19,0,0,0.03,-0.015,-1,0.2,-0.5,0
17.7786558999998,0,0,19,0,0,0.031,-0.015,-0.999,0.3,-0.6,0
17.7886558999998,0,0,19,0,0,0.031,-0.015,-0.999,0.3,-0.6,0
17.7986558999998,0,0,19,0,0,0.031,-0.015,-0.999,0.3,-0.6,0
17.8086558999998,0,0,19,0,0,0.031,-0.015,-0.999,0.3,-0.6,0
17.8186558999998,0,0,19,0,0,0.031,-0.015,-0.999,0.3,-0.6,0
17.8286558999998,0,0,19,0,0,0.029,-0.015,-1,0.2,-0.6,0
17.8386558999998,0,0,19,0,0,0.029,-0.015,-1,0.2,-0.6,0
17.8486558999998,0,0,19,0,0,0.029,-0.015,-1,0.2,-0.6,0
17.8586558999998,0,0,19,0,0,0.029,-0.015,-1,0.2,-0.6,0
17.8686558999998,0,0,19,0,0,0.029,-0.015,-1,0.2,-0.6,0
17.8786558999998,0,0,19,0,0,0.03,-0.015,-1,0.3,-0.6,0
17.8886558999998,0,0,19,0,0,0.03,-0.015,-1,0.3,-0.6,0
17.8986558999998,0,0,19,0,0,0.03,-0.015,-1,0.3,-0.6,0
17.9086558999998,0,0,19,0,0,0.03,-0.015,-1,0.3,-0.6,0
17.9186558999998,0,0,19,0,0,0.03,-0.015,-1,0.3,-0.6,0
17.9286558999998,0,0,19,0,0,0.03,-0.015,-0.999,0.2,-0.6,0
17.9386558999998,0,0,19,0,0,0.03,-0.015,-0.999,0.2,-0.6,0
17.9486558999998,0,0,19,0,0,0.03,-0.015,-0.999,0.2,-0.6,0
17.9586558999998,0,0,19,0,0,0.03,-0.015,-0.999,0.2,-0.6,0
17.9686558999998,0,0,19,0,0,0.03,-0.015,-0.999,0.2,-0.6,0
17.9786558999998,0,-0.01,19,0,0,0.03,-0.014,-1,0.2,-0.6,0
17.9886558999998,0,-0.01,19,0,0,0.03,-0.014,-1,0.2,-0.6,0
17.9986558999998,0,-0.01,19,0,0,0.03,-0.014,-1,0.2,-0.6,0
18.0086558999998,0,-0.01,19,0,0,0.03,-0.014,-1,0.2,-0.6,0
18.0186558999998,0,-0.01,19,0,0,0.03,-0.014,-1,0.2,-0.6,0
18.0286558999998,0,-0.01,19,0,0,0.03,-0.015,-1,0.2,-0.6,0
18.0386558999998,0,-0.01,19,0,0,0.03,-0.015,-1,0.2,-0.6,0
18.0486558999998,0,-0.01,19,0,0,0.03,-0.015,-1,0.2,-0.6,0
18.0586558999998,0,-0.01,19,0,0,0.03,-0.015,-1,0.2,-0.6,0
18.0686558999998,0,-0.01,19,0,0,0.03,-0.015,-1,0.2,-0.6,0
18.0786558999998,0,-0.01,19,0,0,0.029,-0.014,-1,0.3,-0.6,0
18.0886558999998,0,-0.01,19,0,0,0.029,-0.014,-1,0.3,-0.6,0
18.0986558999998,0,-0.01,19,0,0,0.029,-0.014,-1,0.3,-0.6,0
18.1086558999998,0,-0.01,19,0,0,0.029,-0.014,-1,0.3,-0.6,0
18.1186558999998,0,-0.01,19,0,0,0.029,-0.014,-1,0.3,-0.6,0
18.1286558999998,0,-0.01,19,0,0,0.03,-0.016,-0.999,0.3,-0.6,0
18.1386558999998,0,-0.01,19,0,0,0.03,-0.016,-0.999,0.3,-0.6,0
18.1486558999998,0,-0.01,19,0,0,0.03,-0.016,-0.999,0.3,-0.6,0
18.1586558999998,0,-0.01,19,0,0,0.03,-0.016,-0.999,0.3,-0.6,0
18.1686558999998,0,-0.01,19,0,0,0.03,-0.016,-0.999,0.3,-0.6,0
18.1786558999998,0,0,19,0,0,0.029,-0.015,-0.999,0.3,-0.6,0
18.1886558999998,0,0,19,0,0,0.029,-0.015,-0.999,0.3,-0.6,0
18.1986558999998,0,0,19,0,0,0.029,-0.015,-0.999,0.3,-0.6,0
18.2086558999998,0,0,19,0,0,0.029,-0.015,-0.999,0.3,-0.6,0
18.2186558999998,0,0,19,0,0,0.029,-0.015,-0.999,0.3,-0.6,0
18.2286558999998,0,-0.01,19,0,0,0.029,-0.013,-1.001,0.2,-0.6,0
18.2386558999998,0,-0.01,19,0,0,0.029,-0.013,-1.001,0.2,-0.6,0
18.2486558999998,0,-0.01,19,0,0,0.029,-0.013,-1.001,0.2,-0.6,0
18.2586558999998,0,-0.01,19,0,0,0.029,-0.013,-1.001,0.2,-0.6,0
18.2686558999998,0,-0.01,19,0,0,0.029,-0.013,-1.001,0.2,-0.6,0
18.2786558999998,0,0,19,0,0,0.03,-0.014,-1,0.3,-0.6,0
18.2886558999998,0,0,19,0,0,0.03,-0.014,-1,0.3,-0.6,0
18.2986558999998,0,0,19,0,0,0.03,-0.014,-1,0.3,-0.6,0
18.3086558999998,0,0,19,0,0,0.03,-0.014,-1,0.3,-0.6,0
18.3186558999998,0,0,19,0,0,0.03,-0.014,-1,0.3,-0.6,0
18.3286558999998,0,-0.01,19,0,0,0.031,-0.015,-1,0.2,-0.6,0
18.3386558999998,0,-0.01,19,0,0,0.031,-0.015,-1,0.2,-0.6,0
18.3486558999998,0,-0.01,19,0,0,0.031,-0.015,-1,0.2,-0.6,0
18.3586558999998,0,-0.01,19,0,0,0.031,-0.015,-1,0.2,-0.6,0
18.3686558999998,0,-0.01,19,0,0,0.031,-0.015,-1,0.2,-0.6,0
18.3786558999998,0,0,19,0,0,0.03,-0.015,-1.001,0.2,-0.6,0
18.3886558999998,0,0,19,0,0,0.03,-0.015,-1.001,0.2,-0.6,0
18.3986558999998,0,0,19,0,0,0.03,-0.015,-1.001,0.2,-0.6,0
18.4086558999998,0,0,19,0,0,0.03,-0.015,-1.001,0.2,-0.6,0
18.4186558999998,0,0,19,0,0,0.03,-0.015,-1.001,0.2,-0.6,0
18.4286558999998,0,0,19,0,0,0.03,-0.015,-0.999,0.3,-0.6,0
18.4386558999998,0,0,19,0,0,0.03,-0.015,-0.999,0.3,-0.6,0
18.4486558999998,0,0,19,0,0,0.03,-0.015,-0.999,0.3,-0.6,0
18.4586558999998,0,0,19,0,0,0.03,-0.015,-0.999,0.3,-0.6,0
18.4686558999998,0,0,19,0,0,0.03,-0.015,-0.999,0.3,-0.6,0
18.4786558999998,0,0,19,0,0,0.03,-0.014,-1,0.2,-0.6,0
18.4886558999998,0,0,19,0,0,0.03,-0.014,-1,0.2,-0.6,0
18.4986558999998,0,0,19,0,0,0.03,-0.014,-1,0.2,-0.6,0
18.5086558999998,0,0,19,0,0,0.03,-0.014,-1,0.2,-0.6,0
18.5186558999998,0,0,19,0,0,0.03,-0.014,-1,0.2,-0.6,0
18.5286558999998,0,0,19,0,0,0.03,-0.015,-1,0.3,-0.6,0
18.5386558999998,0,0,19,0,0,0.03,-0.015,-1,0.3,-0.6,0
18.5486558999998,0,0,19,0,0,0.03,-0.015,-1,0.3,-0.6,0
18.5586558999998,0,0,19,0,0,0.03,-0.015,-1,0.3,-0.6,0
18.5686558999998,0,0,19,0,0,0.03,-0.015,-1,0.3,-0.6,0
18.5786558999998,0,0,19,0,0,0.029,-0.015,-1,0.2,-0.6,0
18.5886558999998,0,0,19,0,0,0.029,-0.015,-1,0.2,-0.6,0
18.5986558999998,0,0,19,0,0,0.029,-0.015,-1,0.2,-0.6,0
18.6086558999998,0,0,19,0,0,0.029,-0.015,-1,0.2,-0.6,0
18.6186558999998,0,0,19,0,0,0.029,-0.015,-1,0.2,-0.6,0
18.6286558999998,0,0,19,0,0,0.029,-0.014,-1,0.1,-0.6,0
18.6386558999999,0,0,19,0,0,0.029,-0.014,-1,0.1,-0.6,0
18.6486558999998,0,0,19,0,0,0.029,-0.014,-1,0.1,-0.6,0
18.6586558999999,0,0,19,0,0,0.029,-0.014,-1,0.1,-0.6,0
18.6686558999998,0,0,19,0,0,0.029,-0.014,-1,0.1,-0.6,0
18.6786558999998,0,0,19,0,0,0.03,-0.015,-1,0.2,-0.6,0
18.6886558999999,0,0,19,0,0,0.03,-0.015,-1,0.2,-0.6,0
18.6986558999998,0,0,19,0,0,0.03,-0.015,-1,0.2,-0.6,0
18.7086558999999,0,0,19,0,0,0.03,-0.015,-1,0.2,-0.6,0
18.7186558999998,0,0,19,0,0,0.03,-0.015,-1,0.2,-0.6,0
18.7286558999999,0,0,19,0,0,0.03,-0.015,-0.999,0.3,-0.6,0
18.7386558999999,0,0,19,0,0,0.03,-0.015,-0.999,0.3,-0.6,0
18.7486558999999,0,0,19,0,0,0.03,-0.015,-0.999,0.3,-0.6,0
18.7586558999999,0,0,19,0,0,0.03,-0.015,-0.999,0.3,-0.6,0
18.7686558999998,0,0,19,0,0,0.03,-0.015,-0.999,0.3,-0.6,0
18.7786558999999,0,-0.01,19,0,0,0.03,-0.015,-0.999,0.2,-0.6,0
18.7886558999999,0,-0.01,19,0,0,0.03,-0.015,-0.999,0.2,-0.6,0
18.7986558999999,0,-0.01,19,0,0,0.03,-0.015,-0.999,0.2,-0.6,0
18.8086558999999,0,-0.01,19,0,0,0.03,-0.015,-0.999,0.2,-0.6,0
18.8186558999999,0,-0.01,19,0,0,0.03,-0.015,-0.999,0.2,-0.6,0
18.8286558999999,0,0,19,0,0,0.029,-0.014,-1,0.2,-0.6,0
18.8386558999999,0,0,19,0,0,0.029,-0.014,-1,0.2,-0.6,0
18.8486558999999,0,0,19,0,0,0.029,-0.014,-1,0.2,-0.6,0
18.8586558999999,0,0,19,0,0,0.029,-0.014,-1,0.2,-0.6,0
18.8686558999999,0,0,19,0,0,0.029,-0.014,-1,0.2,-0.6,0
18.8786558999999,0,0,19,0,0,0.03,-0.014,-0.999,0.3,-0.6,0
18.8886558999999,0,0,19,0,0,0.03,-0.014,-0.999,0.3,-0.6,0
18.8986558999999,0,0,19,0,0,0.03,-0.014,-0.999,0.3,-0.6,0
18.9086558999999,0,0,19,0,0,0.03,-0.014,-0.999,0.3,-0.6,0
18.9186558999999,0,0,19,0,0,0.03,-0.014,-0.999,0.3,-0.6,0
18.9286558999999,0,0,19,0,0,0.03,-0.015,-1,0.2,-0.6,0
18.9386558999999,0,0,19,0,0,0.03,-0.015,-1,0.2,-0.6,0
18.9486558999999,0,0,19,0,0,0.03,-0.015,-1,0.2,-0.6,0
18.9586558999999,0,0,19,0,0,0.03,-0.015,-1,0.2,-0.6,0
18.9686558999999,0,0,19,0,0,0.03,-0.015,-1,0.2,-0.6,0
18.9786558999999,0,0,19,0,0,0.03,-0.014,-0.998,0.3,-0.6,0
18.9886558999999,0,0,19,0,0,0.03,-0.014,-0.998,0.3,-0.6,0
18.9986558999999,0,0,19,0,0,0.03,-0.014,-0.998,0.3,-0.6,0
19.0086558999999,0,0,19,0,0,0.03,-0.014,-0.998,0.3,-0.6,0
19.0186558999999,0,0,19,0,0,0.03,-0.014,-0.998,0.3,-0.6,0
19.0286558999999,0,0,19,0,0,0.03,-0.015,-0.999,0.2,-0.6,0
19.0386558999999,0,0,19,0,0,0.03,-0.015,-0.999,0.2,-0.6,0
19.0486558999999,0,0,19,0,0,0.03,-0.015,-0.999,0.2,-0.6,0
19.0586558999999,0,0,19,0,0,0.03,-0.015,-0.999,0.2,-0.6,0
19.0686558999999,0,0,19,0,0,0.03,-0.015,-0.999,0.2,-0.6,0
19.0786558999999,0,0,19,0,0,0.029,-0.015,-1,0.3,-0.6,0
19.0886558999999,0,0,19,0,0,0.029,-0.015,-1,0.3,-0.6,0
19.0986558999999,0,0,19,0,0,0.029,-0.015,-1,0.3,-0.6,0
19.1086558999999,0,0,19,0,0,0.029,-0.015,-1,0.3,-0.6,0
19.1186558999999,0,0,19,0,0,0.029,-0.015,-1,0.3,-0.6,0
19.1286558999999,0,0,19,0,0,0.03,-0.015,-1,0.3,-0.6,0
19.1386558999999,0,0,19,0,0,0.03,-0.015,-1,0.3,-0.6,0
19.1486558999999,0,0,19,0,0,0.03,-0.015,-1,0.3,-0.6,0
19.1586558999999,0,0,19,0,0,0.03,-0.015,-1,0.3,-0.6,0
19.1686558999999,0,0,19,0,0,0.03,-0.015,-1,0.3,-0.6,0
19.1786558999999,0,0,19,0,0,0.031,-0.015,-0.999,0.2,-0.7,0
19.1886558999999,0,0,19,0,0,0.031,-0.015,-0.999,0.2,-0.7,0
19.1986558999999,0,0,19,0,0,0.031,-0.015,-0.999,0.2,-0.7,0
19.2086558999999,0,0,19,0,0,0.031,-0.015,-0.999,0.2,-0.7,0
19.2186558999999,0,0,19,0,0,0.031,-0.015,-0.999,0.2,-0.7,0
19.2286558999999,0,-0.01,19,0,0,0.03,-0.014,-1.001,0.3,-0.5,0
19.2386558999999,0,-0.01,19,0,0,0.03,-0.014,-1.001,0.3,-0.5,0
19.2486558999999,0,-0.01,19,0,0,0.03,-0.014,-1.001,0.3,-0.5,0
19.2586558999999,0,-0.01,19,0,0,0.03,-0.014,-1.001,0.3,-0.5,0
19.2686558999999,0,-0.01,19,0,0,0.03,-0.014,-1.001,0.3,-0.5,0
19.2786558999999,0,0,19,0,0,0.03,-0.015,-1.001,0.3,-0.7,0
19.2886558999999,0,0,19,0,0,0.03,-0.015,-1.001,0.3,-0.7,0
19.2986558999999,0,0,19,0,0,0.03,-0.015,-1.001,0.3,-0.7,0
19.3086558999999,0,0,19,0,0,0.03,-0.015,-1.001,0.3,-0.7,0
19.3186558999999,0,0,19,0,0,0.03,-0.015,-1.001,0.3,-0.7,0
19.3286558999999,0,0,19,0,0,0.029,-0.015,-0.999,0.3,-0.6,0
19.3386558999999,0,0,19,0,0,0.029,-0.015,-0.999,0.3,-0.6,0
19.3486558999999,0,0,19,0,0,0.029,-0.015,-0.999,0.3,-0.6,0
19.3586558999999,0,0,19,0,0,0.029,-0.015,-0.999,0.3,-0.6,0
19.3686558999999,0,0,19,0,0,0.029,-0.015,-0.999,0.3,-0.6,0
19.3786558999999,0,0,19,0,0,0.03,-0.015,-1,0.3,-0.6,0
19.3886558999999,0,0,19,0,0,0.03,-0.015,-1,0.3,-0.6,0
19.3986558999999,0,0,19,0,0,0.03,-0.015,-1,0.3,-0.6,0
19.4086558999999,0,0,19,0,0,0.03,-0.015,-1,0.3,-0.6,0
19.4186558999999,0,0,19,0,0,0.03,-0.015,-1,0.3,-0.6,0
19.4286558999999,0,0,19,0,0,0.029,-0.014,-0.999,0.2,-0.6,0
19.4386558999999,0,0,19,0,0,0.029,-0.014,-0.999,0.2,-0.6,0
19.4486558999999,0,0,19,0,0,0.029,-0.014,-0.999,0.2,-0.6,0
19.4586558999999,0,0,19,0,0,0.029,-0.014,-0.999,0.2,-0.6,0
19.4686558999999,0,0,19,0,0,0.029,-0.014,-0.999,0.2,-0.6,0
19.4786558999999,0,0,19,0,0,0.03,-0.015,-1,0.2,-0.6,0
19.4886558999999,0,0,19,0,0,0.03,-0.015,-1,0.2,-0.6,0
19.4986558999999,0,0,19,0,0,0.03,-0.015,-1,0.2,-0.6,0
19.5086558999999,0,0,19,0,0,0.03,-0.015,-1,0.2,-0.6,0
19.5186558999999,0,0,19,0,0,0.03,-0.015,-1,0.2,-0.6,0
19.5286558999999,0,0,19,0,0,0.03,-0.016,-1,0.3,-0.6,0
19.5386558999999,0,0,19,0,0,0.03,-0.016,-1,0.3,-0.6,0
19.5486558999999,0,0,19,0,0,0.03,-0.016,-1,0.3,-0.6,0
19.5586558999999,0,0,19,0,0,0.03,-0.016,-1,0.3,-0.6,0
19.5686558999999,0,0,19,0,0,0.03,-0.016,-1,0.3,-0.6,0
19.5786558999999,0,-0.01,19,0,0,0.029,-0.014,-0.999,0.3,-0.7,0
19.5886558999999,0,-0.01,19,0,0,0.029,-0.014,-0.999,0.3,-0.7,0
19.5986558999999,0,-0.01,19,0,0,0.029,-0.014,-0.999,0.3,-0.7,0
19.6086558999999,0,-0.01,19,0,0,0.029,-0.014,-0.999,0.3,-0.7,0
19.6186558999999,0,-0.01,19,0,0,0.029,-0.014,-0.999,0.3,-0.7,0
19.6286558999999,0,-0.01,19,0,0,0.03,-0.016,-1,0.3,-0.6,0.1
19.6386558999999,0,-0.01,19,0,0,0.03,-0.016,-1,0.3,-0.6,0.1
19.6486558999999,0,-0.01,19,0,0,0.03,-0.016,-1,0.3,-0.6,0.1
19.6586558999999,0,-0.01,19,0,0,0.03,-0.016,-1,0.3,-0.6,0.1
19.6686558999999,0,-0.01,19,0,0,0.03,-0.016,-1,0.3,-0.6,0.1
19.6786558999999,0,-0.01,19,0,0,0.03,-0.015,-0.999,0.3,-0.6,0
19.6886558999999,0,-0.01,19,0,0,0.03,-0.015,-0.999,0.3,-0.6,0
19.6986558999999,0,-0.01,19,0,0,0.03,-0.015,-0.999,0.3,-0.6,0
19.7086558999999,0,-0.01,19,0,0,0.03,-0.015,-0.999,0.3,-0.6,0
19.7186558999999,0,-0.01,19,0,0,0.03,-0.015,-0.999,0.3,-0.6,0
19.7286558999999,0,0,19,0,0,0.028,-0.015,-0.999,0.2,-0.6,0
19.7386558999999,0,0,19,0,0,0.028,-0.015,-0.999,0.2,-0.6,0
19.7486558999999,0,0,19,0,0,0.028,-0.015,-0.999,0.2,-0.6,0
19.7586558999999,0,0,19,0,0,0.028,-0.015,-0.999,0.2,-0.6,0
19.7686558999999,0,0,19,0,0,0.028,-0.015,-0.999,0.2,-0.6,0
19.7786558999999,0,0,19,0,0,0.03,-0.014,-1,0.3,-0.6,0
19.7886558999999,0,0,19,0,0,0.03,-0.014,-1,0.3,-0.6,0
19.7986558999999,0,0,19,0,0,0.03,-0.014,-1,0.3,-0.6,0
19.8086558999999,0,0,19,0,0,0.03,-0.014,-1,0.3,-0.6,0
19.8186558999999,0,0,19,0,0,0.03,-0.014,-1,0.3,-0.6,0
19.8286558999999,0,0,19,0,0,0.03,-0.015,-1,0.3,-0.6,0
19.8386558999999,0,0,19,0,0,0.03,-0.015,-1,0.3,-0.6,0
19.8486558999999,0,0,19,0,0,0.03,-0.015,-1,0.3,-0.6,0
19.8586558999999,0,0,19,0,0,0.03,-0.015,-1,0.3,-0.6,0
19.8686558999999,0,0,19,0,0,0.03,-0.015,-1,0.3,-0.6,0
19.8786558999999,0,0,19,0,0,0.031,-0.014,-1,0.2,-0.6,0
19.8886558999999,0,0,19,0,0,0.031,-0.014,-1,0.2,-0.6,0
19.8986558999999,0,0,19,0,0,0.031,-0.014,-1,0.2,-0.6,0
19.9086558999999,0,0,19,0,0,0.031,-0.014,-1,0.2,-0.6,0
19.9186558999999,0,0,19,0,0,0.031,-0.014,-1,0.2,-0.6,0
19.9286558999999,0,0,19,0,0,0.03,-0.015,-1,0.2,-0.6,0
19.9386558999999,0,0,19,0,0,0.03,-0.015,-1,0.2,-0.6,0
19.9486558999999,0,0,19,0,0,0.03,-0.015,-1,0.2,-0.6,0
19.9586558999999,0,0,19,0,0,0.03,-0.015,-1,0.2,-0.6,0
19.9686558999999,0,0,19,0,0,0.03,-0.015,-1,0.2,-0.6,0
19.9786558999999,0,0,19,0,0,0.03,-0.014,-0.999,0.2,-0.6,0
19.9886558999999,0,0,19,0,0,0.03,-0.014,-0.999,0.2,-0.6,0
19.9986558999999,0,0,19,0,0,0.03,-0.014,-0.999,0.2,-0.6,0
20.0086558999999,0,0,19,0,0,0.03,-0.014,-0.999,0.2,-0.6,0
20.0186558999999,0,0,19,0,0,0.03,-0.014,-0.999,0.2,-0.6,0
20.0286558999999,0,0,19,0,0,0.03,-0.014,-1,0.3,-0.7,0
20.0386558999999,0,0,19,0,0,0.03,-0.014,-1,0.3,-0.7,0
20.0486558999999,0,0,19,0,0,0.03,-0.014,-1,0.3,-0.7,0
20.0586558999999,0,0,19,0,0,0.03,-0.014,-1,0.3,-0.7,0
20.0686558999999,0,0,19,0,0,0.03,-0.014,-1,0.3,-0.7,0
20.0786558999999,0,0,19,0,0,0.031,-0.015,-0.999,0.3,-0.6,0
20.0886558999999,0,0,19,0,0,0.031,-0.015,-0.999,0.3,-0.6,0
20.0986558999999,0,0,19,0,0,0.031,-0.015,-0.999,0.3,-0.6,0
20.1086558999999,0,0,19,0,0,0.031,-0.015,-0.999,0.3,-0.6,0
20.1186558999999,0,0,19,0,0,0.031,-0.015,-0.999,0.3,-0.6,0
20.1286558999999,0,0,19,0,0,0.029,-0.014,-1,0.2,-0.6,0
20.1386558999999,0,0,19,0,0,0.029,-0.014,-1,0.2,-0.6,0
20.1486558999999,0,0,19,0,0,0.029,-0.014,-1,0.2,-0.6,0
20.1586558999999,0,0,19,0,0,0.029,-0.014,-1,0.2,-0.6,0
20.1686558999999,0,0,19,0,0,0.029,-0.014,-1,0.2,-0.6,0
20.1786558999999,0,0,19,0,0,0.03,-0.015,-1.001,0.2,-0.5,0
20.1886558999999,0,0,19,0,0,0.03,-0.015,-1.001,0.2,-0.5,0
20.1986558999999,0,0,19,0,0,0.03,-0.015,-1.001,0.2,-0.5,0
20.2086558999999,0,0,19,0,0,0.03,-0.015,-1.001,0.2,-0.5,0
20.2186558999999,0,0,19,0,0,0.03,-0.015,-1.001,0.2,-0.5,0
20.2286558999999,0,0,19,0,0,0.03,-0.015,-1,0.2,-0.6,0
20.2386558999999,0,0,19,0,0,0.03,-0.015,-1,0.2,-0.6,0
20.2486558999999,0,0,19,0,0,0.03,-0.015,-1,0.2,-0.6,0
20.2586558999999,0,0,19,0,0,0.03,-0.015,-1,0.2,-0.6,0
20.2686558999999,0,0,19,0,0,0.03,-0.015,-1,0.2,-0.6,0
20.2786558999999,0,0,19,0,0,0.03,-0.015,-1,0.1,-0.6,0.1
20.2886558999999,0,0,19,0,0,0.03,-0.015,-1,0.1,-0.6,0.1
20.2986558999999,0,0,19,0,0,0.03,-0.015,-1,0.1,-0.6,0.1
20.3086558999999,0,0,19,0,0,0.03,-0.015,-1,0.1,-0.6,0.1
20.3186558999999,0,0,19,0,0,0.03,-0.015,-1,0.1,-0.6,0.1
20.3286558999999,0,0,19,0,0,0.03,-0.014,-1,0.2,-0.6,0
20.3386558999999,0,0,19,0,0,0.03,-0.014,-1,0.2,-0.6,0
20.3486558999999,0,0,19,0,0,0.03,-0.014,-1,0.2,-0.6,0
20.3586558999999,0,0,19,0,0,0.03,-0.014,-1,0.2,-0.6,0
20.3686558999999,0,0,19,0,0,0.03,-0.014,-1,0.2,-0.6,0
20.3786558999999,0,0,19,0,0,0.029,-0.015,-1,0.3,-0.6,0
20.3886558999999,0,0,19,0,0,0.029,-0.015,-1,0.3,-0.6,0
20.3986558999999,0,0,19,0,0,0.029,-0.015,-1,0.3,-0.6,0
20.4086558999999,0,0,19,0,0,0.029,-0.015,-1,0.3,-0.6,0
20.4186558999999,0,0,19,0,0,0.029,-0.015,-1,0.3,-0.6,0
20.4286558999999,0,0,19,0,0,0.03,-0.015,-1,0.3,-0.6,0
20.4386558999999,0,0,19,0,0,0.03,-0.015,-1,0.3,-0.6,0
20.4486558999999,0,0,19,0,0,0.03,-0.015,-1,0.3,-0.6,0
20.4586558999999,0,0,19,0,0,0.03,-0.015,-1,0.3,-0.6,0
20.4686558999999,0,0,19,0,0,0.03,-0.015,-1,0.3,-0.6,0
20.4786558999999,0,0,19,0,0,0.03,-0.015,-0.999,0.2,-0.6,0
20.4886558999999,0,0,19,0,0,0.03,-0.015,-0.999,0.2,-0.6,0
20.4986558999999,0,0,19,0,0,0.03,-0.015,-0.999,0.2,-0.6,0
20.5086558999999,0,0,19,0,0,0.03,-0.015,-0.999,0.2,-0.6,0
20.5186558999999,0,0,19,0,0,0.03,-0.015,-0.999,0.2,-0.6,0
20.5286558999999,0,0,19,0,0,0.03,-0.014,-1,0.2,-0.5,0
20.5386558999999,0,0,19,0,0,0.03,-0.014,-1,0.2,-0.5,0
20.5486558999999,0,0,19,0,0,0.03,-0.014,-1,0.2,-0.5,0
20.5586558999999,0,0,19,0,0,0.03,-0.014,-1,0.2,-0.5,0
20.5686558999999,0,0,19,0,0,0.03,-0.014,-1,0.2,-0.5,0
20.5786558999999,0,-0.01,19,0,0,0.03,-0.015,-1,0.3,-0.6,0
20.5886558999999,0,-0.01,19,0,0,0.03,-0.015,-1,0.3,-0.6,0
20.5986558999999,0,-0.01,19,0,0,0.03,-0.015,-1,0.3,-0.6,0
20.6086558999999,0,-0.01,19,0,0,0.03,-0.015,-1,0.3,-0.6,0
20.6186558999999,0,-0.01,19,0,0,0.03,-0.015,-1,0.3,-0.6,0
20.6286558999999,0,0,19,0,0,0.03,-0.014,-1,0.2,-0.6,0
20.6386558999999,0,0,19,0,0,0.03,-0.014,-1,0.2,-0.6,0
20.6486558999999,0,0,19,0,0,0.03,-0.014,-1,0.2,-0.6,0
20.6586558999999,0,0,19,0,0,0.03,-0.014,-1,0.2,-0.6,0
20.6686558999999,0,0,19,0,0,0.03,-0.014,-1,0.2,-0.6,0
20.6786558999999,0,0,19,0,0,0.03,-0.015,-1,0.2,-0.6,0
20.6886558999999,0,0,19,0,0,0.03,-0.015,-1,0.2,-0.6,0
20.6986558999999,0,0,19,0,0,0.03,-0.015,-1,0.2,-0.6,0
20.7086558999999,0,0,19,0,0,0.03,-0.015,-1,0.2,-0.6,0
20.7186558999999,0,0,19,0,0,0.03,-0.015,-1,0.2,-0.6,0
20.7286558999999,0,-0.01,19,0,0,0.03,-0.015,-0.999,0.3,-0.6,0
20.7386558999999,0,-0.01,19,0,0,0.03,-0.015,-0.999,0.3,-0.6,0
20.7486558999999,0,-0.01,19,0,0,0.03,-0.015,-0.999,0.3,-0.6,0
20.7586558999999,0,-0.01,19,0,0,0.03,-0.015,-0.999,0.3,-0.6,0
20.7686558999999,0,-0.01,19,0,0,0.03,-0.015,-0.999,0.3,-0.6,0
20.7786558999999,0,-0.01,19,0,0,0.03,-0.014,-1,0.2,-0.6,0
20.7886558999999,0,-0.01,19,0,0,0.03,-0.014,-1,0.2,-0.6,0
20.7986558999999,0,-0.01,19,0,0,0.03,-0.014,-1,0.2,-0.6,0
20.8086558999999,0,-0.01,19,0,0,0.03,-0.014,-1,0.2,-0.6,0
20.8186558999999,0,-0.01,19,0,0,0.03,-0.014,-1,0.2,-0.6,0
20.8286558999999,0,-0.01,19,0,0,0.03,-0.015,-0.999,0.3,-0.6,0
20.8386558999999,0,-0.01,19,0,0,0.03,-0.015,-0.999,0.3,-0.6,0
20.8486558999999,0,-0.01,19,0,0,0.03,-0.015,-0.999,0.3,-0.6,0
20.8586558999999,0,-0.01,19,0,0,0.03,-0.015,-0.999,0.3,-0.6,0
20.8686558999999,0,-0.01,19,0,0,0.03,-0.015,-0.999,0.3,-0.6,0
20.8786558999999,0,0,19,0,0,0.03,-0.015,-1,0.2,-0.6,0
20.8886558999999,0,0,19,0,0,0.03,-0.015,-1,0.2,-0.6,0
20.8986558999999,0,0,19,0,0,0.03,-0.015,-1,0.2,-0.6,0
20.9086558999999,0,0,19,0,0,0.03,-0.015,-1,0.2,-0.6,0
20.9186558999999,0,0,19,0,0,0.03,-0.015,-1,0.2,-0.6,0
20.9286558999999,0,0,19,0,0,0.03,-0.015,-1,0.2,-0.6,0
20.9386558999999,0,0,19,0,0,0.03,-0.015,-1,0.2,-0.6,0
20.9486558999999,0,0,19,0,0,0.03,-0.015,-1,0.2,-0.6,0
20.9586558999999,0,0,19,0,0,0.03,-0.015,-1,0.2,-0.6,0
20.9686558999999,0,0,19,0,0,0.03,-0.015,-1,0.2,-0.6,0
20.9786558999999,0,0,19,0,0,0.03,-0.014,-1,0.3,-0.6,0
20.9886558999999,0,0,19,0,0,0.03,-0.014,-1,0.3,-0.6,0
20.9986558999999,0,0,19,0,0,0.03,-0.014,-1,0.3,-0.6,0
21.0086558999999,0,0,19,0,0,0.03,-0.014,-1,0.3,-0.6,0
21.0186558999999,0,0,19,0,0,0.03,-0.014,-1,0.3,-0.6,0
21.0286558999999,0,-0.01,19,0,0,0.03,-0.015,-1,0.3,-0.6,0
21.0386558999999,0,-0.01,19,0,0,0.03,-0.015,-1,0.3,-0.6,0
21.0486558999999,0,-0.01,19,0,0,0.03,-0.015,-1,0.3,-0.6,0
21.0586558999999,0,-0.01,19,0,0,0.03,-0.015,-1,0.3,-0.6,0
21.0686558999999,0,-0.01,19,0,0,0.03,-0.015,-1,0.3,-0.6,0
21.0786558999999,0,0,19,0,0,0.029,-0.014,-0.999,0.2,-0.6,0
21.0886558999999,0,0,19,0,0,0.029,-0.014,-0.999,0.2,-0.6,0
21.0986558999999,0,0,19,0,0,0.029,-0.014,-0.999,0.2,-0.6,0
21.1086558999999,0,0,19,0,0,0.029,-0.014,-0.999,0.2,-0.6,0
21.1186558999999,0,0,19,0,0,0.029,-0.014,-0.999,0.2,-0.6,0
21.1286558999999,0,0,19,0,0,0.03,-0.014,-1,0.3,-0.6,0
21.1386558999999,0,0,19,0,0,0.03,-0.014,-1,0.3,-0.6,0
21.1486558999999,0,0,19,0,0,0.03,-0.014,-1,0.3,-0.6,0
21.1586558999999,0,0,19,0,0,0.03,-0.014,-1,0.3,-0.6,0
21.1686558999999,0,0,19,0,0,0.03,-0.014,-1,0.3,-0.6,0
21.1786558999999,0,0,19,0,0,0.03,-0.014,-1,0.2,-0.6,0
21.1886558999999,0,0,19,0,0,0.03,-0.014,-1,0.2,-0.6,0
21.1986558999999,0,0,19,0,0,0.03,-0.014,-1,0.2,-0.6,0
21.2086558999999,0,0,19,0,0,0.03,-0.014,-1,0.2,-0.6,0
21.2186558999999,0,0,19,0,0,0.03,-0.014,-1,0.2,-0.6,0
21.2286558999999,0,0,19,0,0,0.029,-0.014,-1,0.3,-0.6,0
21.2386558999999,0,0,19,0,0,0.029,-0.014,-1,0.3,-0.6,0
21.2486558999999,0,0,19,0,0,0.029,-0.014,-1,0.3,-0.6,0
21.2586558999999,0,0,19,0,0,0.029,-0.014,-1,0.3,-0.6,0
21.2686558999999,0,0,19,0,0,0.029,-0.014,-1,0.3,-0.6,0
21.2786558999999,0,0,19,0,0,0.03,-0.015,-1,0.3,-0.6,0
21.2886558999999,0,0,19,0,0,0.03,-0.015,-1,0.3,-0.6,0
21.2986558999999,0,0,19,0,0,0.03,-0.015,-1,0.3,-0.6,0
21.3086558999999,0,0,19,0,0,0.03,-0.015,-1,0.3,-0.6,0
21.3186558999999,0,0,19,0,0,0.03,-0.015,-1,0.3,-0.6,0
21.3286558999999,0,0,19,0,0,0.031,-0.015,-1,0.3,-0.6,0
21.3386558999999,0,0,19,0,0,0.031,-0.015,-1,0.3,-0.6,0
21.3486558999999,0,0,19,0,0,0.031,-0.015,-1,0.3,-0.6,0
21.3586558999999,0,0,19,0,0,0.031,-0.015,-1,0.3,-0.6,0
21.3686558999999,0,0,19,0,0,0.031,-0.015,-1,0.3,-0.6,0
21.3786558999999,0,0,19,0,0,0.03,-0.016,-1,0.2,-0.6,0
21.3886558999999,0,0,19,0,0,0.03,-0.016,-1,0.2,-0.6,0
21.3986558999999,0,0,19,0,0,0.03,-0.016,-1,0.2,-0.6,0
21.4086558999999,0,0,19,0,0,0.03,-0.016,-1,0.2,-0.6,0
21.4186558999999,0,0,19,0,0,0.03,-0.016,-1,0.2,-0.6,0
21.4286558999999,0,0,19,0,0,0.03,-0.015,-0.999,0.2,-0.7,0
21.4386558999999,0,0,19,0,0,0.03,-0.015,-0.999,0.2,-0.7,0
21.4486558999999,0,0,19,0,0,0.03,-0.015,-0.999,0.2,-0.7,0
21.4586558999999,0,0,19,0,0,0.03,-0.015,-0.999,0.2,-0.7,0
21.4686558999999,0,0,19,0,0,0.03,-0.015,-0.999,0.2,-0.7,0
21.4786558999999,0,0,19,0,0,0.03,-0.015,-0.999,0.2,-0.6,0
21.4886558999999,0,0,19,0,0,0.03,-0.015,-0.999,0.2,-0.6,0
21.4986558999999,0,0,19,0,0,0.03,-0.015,-0.999,0.2,-0.6,0
21.5086558999999,0,0,19,0,0,0.03,-0.015,-0.999,0.2,-0.6,0
21.5186558999999,0,0,19,0,0,0.03,-0.015,-0.999,0.2,-0.6,0
21.5286558999999,0,0,19,0,0,0.029,-0.015,-0.999,0.3,-0.6,0
21.5386558999999,0,0,19,0,0,0.029,-0.015,-0.999,0.3,-0.6,0
21.5486558999999,0,0,19,0,0,0.029,-0.015,-0.999,0.3,-0.6,0
21.5586558999999,0,0,19,0,0,0.029,-0.015,-0.999,0.3,-0.6,0
21.5686558999999,0,0,19,0,0,0.029,-0.015,-0.999,0.3,-0.6,0
21.5786558999999,0,0,19,0,0,0.03,-0.016,-0.999,0.3,-0.6,0
21.5886558999999,0,0,19,0,0,0.03,-0.016,-0.999,0.3,-0.6,0
21.5986558999999,0,0,19,0,0,0.03,-0.016,-0.999,0.3,-0.6,0
21.6086558999999,0,0,19,0,0,0.03,-0.016,-0.999,0.3,-0.6,0
21.6186558999999,0,0,19,0,0,0.03,-0.016,-0.999,0.3,-0.6,0
21.6286558999999,0,0,19,0,0,0.03,-0.015,-0.999,0.3,-0.6,0
21.6386558999999,0,0,19,0,0,0.03,-0.015,-0.999,0.3,-0.6,0
21.6486558999999,0,0,19,0,0,0.03,-0.015,-0.999,0.3,-0.6,0
21.6586558999999,0,0,19,0,0,0.03,-0.015,-0.999,0.3,-0.6,0
21.6686558999999,0,0,19,0,0,0.03,-0.015,-0.999,0.3,-0.6,0
21.6786558999999,0,-0.01,19,0,0,0.03,-0.015,-1,0.3,-0.6,0
21.6886558999999,0,-0.01,19,0,0,0.03,-0.015,-1,0.3,-0.6,0
21.6986558999999,0,-0.01,19,0,0,0.03,-0.015,-1,0.3,-0.6,0
21.7086558999999,0,-0.01,19,0,0,0.03,-0.015,-1,0.3,-0.6,0
21.7186558999999,0,-0.01,19,0,0,0.03,-0.015,-1,0.3,-0.6,0
21.7286558999999,0,0,19,0,0,0.03,-0.014,-1,0.2,-0.6,0
21.7386558999999,0,0,19,0,0,0.03,-0.014,-1,0.2,-0.6,0
21.7486558999999,0,0,19,0,0,0.03,-0.014,-1,0.2,-0.6,0
21.7586558999999,0,0,19,0,0,0.03,-0.014,-1,0.2,-0.6,0
21.7686558999999,0,0,19,0,0,0.03,-0.014,-1,0.2,-0.6,0
21.7786558999999,0,0,19,0,0,0.029,-0.015,-1,0.2,-0.6,0
21.7886558999999,0,0,19,0,0,0.029,-0.015,-1,0.2,-0.6,0
21.7986558999999,0,0,19,0,0,0.029,-0.015,-1,0.2,-0.6,0
21.8086558999999,0,0,19,0,0,0.029,-0.015,-1,0.2,-0.6,0
21.8186558999999,0,0,19,0,0,0.029,-0.015,-1,0.2,-0.6,0
21.8286558999999,0,-0.01,19,0,0,0.03,-0.014,-1,0.3,-0.6,0
21.8386558999999,0,-0.01,19,0,0,0.03,-0.014,-1,0.3,-0.6,0
21.8486558999999,0,-0.01,19,0,0,0.03,-0.014,-1,0.3,-0.6,0
21.8586558999999,0,-0.01,19,0,0,0.03,-0.014,-1,0.3,-0.6,0
21.8686558999999,0,-0.01,19,0,0,0.03,-0.014,-1,0.3,-0.6,0
21.8786558999999,0,0,19,0,0,0.03,-0.015,-1,0.2,-0.5,0
21.8886558999999,0,0,19,0,0,0.03,-0.015,-1,0.2,-0.5,0
21.8986558999999,0,0,19,0,0,0.03,-0.015,-1,0.2,-0.5,0
21.9086558999999,0,0,19,0,0,0.03,-0.015,-1,0.2,-0.5,0
21.9186558999999,0,0,19,0,0,0.03,-0.015,-1,0.2,-0.5,0
21.9286558999999,0,0,19,0,0,0.03,-0.014,-0.999,0.3,-0.6,0
21.9386558999999,0,0,19,0,0,0.03,-0.014,-0.999,0.3,-0.6,0
21.9486558999999,0,0,19,0,0,0.03,-0.014,-0.999,0.3,-0.6,0
21.9586558999999,0,0,19,0,0,0.03,-0.014,-0.999,0.3,-0.6,0
21.9686558999999,0,0,19,0,0,0.03,-0.014,-0.999,0.3,-0.6,0
21.9786558999999,0,0,19,0,0,0.031,-0.016,-1,0.3,-0.6,0
21.9886558999999,0,0,19,0,0,0.031,-0.016,-1,0.3,-0.6,0
21.9986558999999,0,0,19,0,0,0.031,-0.016,-1,0.3,-0.6,0
22.0086558999999,0,0,19,0,0,0.031,-0.016,-1,0.3,-0.6,0
22.0186558999999,0,0,19,0,0,0.031,-0.016,-1,0.3,-0.6,0
22.0286558999999,0,0,19,0,0,0.03,-0.014,-1,0.3,-0.6,0
22.0386558999999,0,0,19,0,0,0.03,-0.014,-1,0.3,-0.6,0
22.0486558999999,0,0,19,0,0,0.03,-0.014,-1,0.3,-0.6,0
22.0586558999999,0,0,19,0,0,0.03,-0.014,-1,0.3,-0.6,0
22.0686558999999,0,0,19,0,0,0.03,-0.014,-1,0.3,-0.6,0
22.0786558999999,0,0,19,0,0,0.03,-0.015,-1,0.3,-0.6,0
22.0886558999999,0,0,19,0,0,0.03,-0.015,-1,0.3,-0.6,0
22.0986558999999,0,0,19,0,0,0.03,-0.015,-1,0.3,-0.6,0
22.1086558999999,0,0,19,0,0,0.03,-0.015,-1,0.3,-0.6,0
22.1186558999999,0,0,19,0,0,0.03,-0.015,-1,0.3,-0.6,0
22.1286558999999,0,0,19,0,0,0.03,-0.015,-1,0.2,-0.6,0
22.1386558999999,0,0,19,0,0,0.03,-0.015,-1,0.2,-0.6,0
22.1486558999999,0,0,19,0,0,0.03,-0.015,-1,0.2,-0.6,0
22.1586558999999,0,0,19,0,0,0.03,-0.015,-1,0.2,-0.6,0
22.1686558999999,0,0,19,0,0,0.03,-0.015,-1,0.2,-0.6,0
22.1786558999999,0,0,19,0,0,0.029,-0.015,-1,0.3,-0.6,0
22.1886558999999,0,0,19,0,0,0.029,-0.015,-1,0.3,-0.6,0
22.1986558999999,0,0,19,0,0,0.029,-0.015,-1,0.3,-0.6,0
22.2086558999999,0,0,19,0,0,0.029,-0.015,-1,0.3,-0.6,0
22.2186558999999,0,0,19,0,0,0.029,-0.015,-1,0.3,-0.6,0
22.2286558999999,0,0,19,0,0,0.03,-0.016,-1,0.3,-0.6,0
22.2386558999999,0,0,19,0,0,0.03,-0.016,-1,0.3,-0.6,0
22.2486558999999,0,0,19,0,0,0.03,-0.016,-1,0.3,-0.6,0
22.2586558999999,0,0,19,0,0,0.03,-0.016,-1,0.3,-0.6,0
22.2686558999999,0,0,19,0,0,0.03,-0.016,-1,0.3,-0.6,0
22.2786558999999,0,0,19,0,0,0.03,-0.013,-1,0.3,-0.6,0
22.2886558999999,0,0,19,0,0,0.03,-0.013,-1,0.3,-0.6,0
22.2986558999999,0,0,19,0,0,0.03,-0.013,-1,0.3,-0.6,0
22.3086558999999,0,0,19,0,0,0.03,-0.013,-1,0.3,-0.6,0
22.3186558999999,0,0,19,0,0,0.03,-0.013,-1,0.3,-0.6,0
22.3286558999999,0,-0.01,19,0,0,0.03,-0.015,-1.001,0.2,-0.6,0
22.3386558999999,0,-0.01,19,0,0,0.03,-0.015,-1.001,0.2,-0.6,0
22.3486558999999,0,-0.01,19,0,0,0.03,-0.015,-1.001,0.2,-0.6,0
22.3586558999999,0,-0.01,19,0,0,0.03,-0.015,-1.001,0.2,-0.6,0
22.3686558999999,0,-0.01,19,0,0,0.03,-0.015,-1.001,0.2,-0.6,0
22.3786558999999,0,0,19,0,0,0.029,-0.015,-0.999,0.2,-0.6,0
22.3886558999999,0,0,19,0,0,0.029,-0.015,-0.999,0.2,-0.6,0
22.3986558999999,0,0,19,0,0,0.029,-0.015,-0.999,0.2,-0.6,0
22.4086558999999,0,0,19,0,0,0.029,-0.015,-0.999,0.2,-0.6,0
22.4186558999999,0,0,19,0,0,0.029,-0.015,-0.999,0.2,-0.6,0
22.4286558999999,0,0,19,0,0,0.03,-0.015,-1,0.3,-0.6,0
22.4386558999999,0,0,19,0,0,0.03,-0.015,-1,0.3,-0.6,0
22.4486558999999,0,0,19,0,0,0.03,-0.015,-1,0.3,-0.6,0
22.4586558999999,0,0,19,0,0,0.03,-0.015,-1,0.3,-0.6,0
22.4686558999999,0,0,19,0,0,0.03,-0.015,-1,0.3,-0.6,0
22.4786558999999,0,0,19,0,0,0.03,-0.015,-0.999,0.3,-0.6,0
22.4886558999999,0,0,19,0,0,0.03,-0.015,-0.999,0.3,-0.6,0
22.4986558999999,0,0,19,0,0,0.03,-0.015,-0.999,0.3,-0.6,0
22.5086558999999,0,0,19,0,0,0.03,-0.015,-0.999,0.3,-0.6,0
22.5186558999999,0,0,19,0,0,0.03,-0.015,-0.999,0.3,-0.6,0
22.5286558999999,0,0,19,0,0,0.028,-0.015,-1,0.2,-0.6,0
22.5386558999999,0,0,19,0,0,0.028,-0.015,-1,0.2,-0.6,0
22.5486558999999,0,0,19,0,0,0.028,-0.015,-1,0.2,-0.6,0
22.5586558999999,0,0,19,0,0,0.028,-0.015,-1,0.2,-0.6,0
22.5686558999999,0,0,19,0,0,0.028,-0.015,-1,0.2,-0.6,0
22.5786558999999,0,0,19,0,0,0.03,-0.015,-1,0.3,-0.6,0
22.5886558999999,0,0,19,0,0,0.03,-0.015,-1,0.3,-0.6,0
22.5986558999999,0,0,19,0,0,0.03,-0.015,-1,0.3,-0.6,0
22.6086558999999,0,0,19,0,0,0.03,-0.015,-1,0.3,-0.6,0
22.6186558999999,0,0,19,0,0,0.03,-0.015,-1,0.3,-0.6,0
22.6286558999999,0,0,19,0,0,0.03,-0.015,-1,0.3,-0.6,0
22.6386558999999,0,0,19,0,0,0.03,-0.015,-1,0.3,-0.6,0
22.6486558999999,0,0,19,0,0,0.03,-0.015,-1,0.3,-0.6,0
22.6586558999999,0,0,19,0,0,0.03,-0.015,-1,0.3,-0.6,0
22.6686558999999,0,0,19,0,0,0.03,-0.015,-1,0.3,-0.6,0
22.6786558999999,0,0,19,0,0,0.03,-0.015,-1,0.3,-0.6,0
22.6886558999999,0,0,19,0,0,0.03,-0.015,-1,0.3,-0.6,0
22.6986558999999,0,0,19,0,0,0.03,-0.015,-1,0.3,-0.6,0
22.7086558999999,0,0,19,0,0,0.03,-0.015,-1,0.3,-0.6,0
22.7186558999999,0,0,19,0,0,0.03,-0.015,-1,0.3,-0.6,0
22.7286558999999,0,0,19,0,0,0.029,-0.015,-1,0.2,-0.6,0
22.7386558999999,0,0,19,0,0,0.029,-0.015,-1,0.2,-0.6,0
22.7486558999999,0,0,19,0,0,0.029,-0.015,-1,0.2,-0.6,0
22.7586558999999,0,0,19,0,0,0.029,-0.015,-1,0.2,-0.6,0
22.7686558999999,0,0,19,0,0,0.029,-0.015,-1,0.2,-0.6,0
22.7786558999999,0,0,19,0,0,0.031,-0.016,-1,0.2,-0.5,0
22.7886558999999,0,0,19,0,0,0.031,-0.016,-1,0.2,-0.5,0
22.7986558999999,0,0,19,0,0,0.031,-0.016,-1,0.2,-0.5,0
22.8086558999999,0,0,19,0,0,0.031,-0.016,-1,0.2,-0.5,0
22.8186558999999,0,0,19,0,0,0.031,-0.016,-1,0.2,-0.5,0
22.8286558999999,0,0,19,0,0,0.029,-0.014,-1,0.3,-0.6,0
22.8386558999999,0,0,19,0,0,0.029,-0.014,-1,0.3,-0.6,0
22.8486558999999,0,0,19,0,0,0.029,-0.014,-1,0.3,-0.6,0
22.8586558999999,0,0,19,0,0,0.029,-0.014,-1,0.3,-0.6,0
22.8686558999999,0,0,19,0,0,0.029,-0.014,-1,0.3,-0.6,0
22.8786558999999,0,-0.01,19,0,0,0.03,-0.015,-1,0.3,-0.6,0
22.8886558999999,0,-0.01,19,0,0,0.03,-0.015,-1,0.3,-0.6,0
22.8986558999999,0,-0.01,19,0,0,0.03,-0.015,-1,0.3,-0.6,0
22.9086558999999,0,-0.01,19,0,0,0.03,-0.015,-1,0.3,-0.6,0
22.9186558999999,0,-0.01,19,0,0,0.03,-0.015,-1,0.3,-0.6,0
22.9286558999999,0,-0.01,19,0,0,0.03,-0.016,-1,0.1,-0.6,0
22.9386558999999,0,-0.01,19,0,0,0.03,-0.016,-1,0.1,-0.6,0
22.9486558999999,0,-0.01,19,0,0,0.03,-0.016,-1,0.1,-0.6,0
22.9586558999999,0,-0.01,19,0,0,0.03,-0.016,-1,0.1,-0.6,0
22.9686558999999,0,-0.01,19,0,0,0.03,-0.016,-1,0.1,-0.6,0
22.9786558999999,0,0,19,0,0,0.03,-0.014,-1,0.3,-0.6,0
22.9886558999999,0,0,19,0,0,0.03,-0.014,-1,0.3,-0.6,0
22.9986558999999,0,0,19,0,0,0.03,-0.014,-1,0.3,-0.6,0
23.0086558999999,0,0,19,0,0,0.03,-0.014,-1,0.3,-0.6,0
23.0186558999999,0,0,19,0,0,0.03,-0.014,-1,0.3,-0.6,0
23.0286558999999,0,0,19,0,0,0.029,-0.015,-0.999,0.2,-0.6,0
23.0386558999999,0,0,19,0,0,0.029,-0.015,-0.999,0.2,-0.6,0
23.0486558999999,0,0,19,0,0,0.029,-0.015,-0.999,0.2,-0.6,0
23.0586558999999,0,0,19,0,0,0.029,-0.015,-0.999,0.2,-0.6,0
23.0686558999999,0,0,19,0,0,0.029,-0.015,-0.999,0.2,-0.6,0
23.0786558999999,0,0,19,0,0,0.03,-0.015,-0.999,0.2,-0.6,0
23.0886558999999,0,0,19,0,0,0.03,-0.015,-0.999,0.2,-0.6,0
23.0986558999999,0,0,19,0,0,0.03,-0.015,-0.999,0.2,-0.6,0
23.1086558999999,0,0,19,0,0,0.03,-0.015,-0.999,0.2,-0.6,0
23.1186558999999,0,0,19,0,0,0.03,-0.015,-0.999,0.2,-0.6,0
23.1286558999999,0,0,19,0,0,0.029,-0.015,-1,0.3,-0.6,0
23.1386558999999,0,0,19,0,0,0.029,-0.015,-1,0.3,-0.6,0
23.1486558999999,0,0,19,0,0,0.029,-0.015,-1,0.3,-0.6,0
23.1586558999999,0,0,19,0,0,0.029,-0.015,-1,0.3,-0.6,0
23.1686558999999,0,0,19,0,0,0.029,-0.015,-1,0.3,-0.6,0
23.1786558999999,0,0,19,0,0,0.031,-0.016,-1,0.3,-0.6,0
23.1886558999999,0,0,19,0,0,0.031,-0.016,-1,0.3,-0.6,0
23.1986558999999,0,0,19,0,0,0.031,-0.016,-1,0.3,-0.6,0
23.2086558999999,0,0,19,0,0,0.031,-0.016,-1,0.3,-0.6,0
23.2186558999999,0,0,19,0,0,0.031,-0.016,-1,0.3,-0.6,0
23.2286558999999,0,-0.01,19,0,0,0.03,-0.014,-0.999,0.1,-0.6,0
23.2386558999999,0,-0.01,19,0,0,0.03,-0.014,-0.999,0.1,-0.6,0
23.2486558999999,0,-0.01,19,0,0,0.03,-0.014,-0.999,0.1,-0.6,0
23.2586558999999,0,-0.01,19,0,0,0.03,-0.014,-0.999,0.1,-0.6,0
23.2686558999999,0,-0.01,19,0,0,0.03,-0.014,-0.999,0.1,-0.6,0
23.2786558999999,0,0,19,0,0,0.03,-0.014,-1,0.2,-0.5,0
23.2886558999999,0,0,19,0,0,0.03,-0.014,-1,0.2,-0.5,0
23.2986558999999,0,0,19,0,0,0.03,-0.014,-1,0.2,-0.5,0
23.3086558999999,0,0,19,0,0,0.03,-0.014,-1,0.2,-0.5,0
23.3186558999999,0,0,19,0,0,0.03,-0.014,-1,0.2,-0.5,0
23.3286558999999,0,0,19,0,0,0.03,-0.015,-1,0.3,-0.6,0
23.3386558999999,0,0,19,0,0,0.03,-0.015,-1,0.3,-0.6,0
23.3486558999999,0,0,19,0,0,0.03,-0.015,-1,0.3,-0.6,0
23.3586558999999,0,0,19,0,0,0.03,-0.015,-1,0.3,-0.6,0
23.3686558999999,0,0,19,0,0,0.03,-0.015,-1,0.3,-0.6,0
23.3786558999999,0,-0.01,19,0,0,0.03,-0.015,-1,0.3,-0.6,0
23.3886558999999,0,-0.01,19,0,0,0.03,-0.015,-1,0.3,-0.6,0
23.3986558999999,0,-0.01,19,0,0,0.03,-0.015,-1,0.3,-0.6,0
23.4086558999999,0,-0.01,19,0,0,0.03,-0.015,-1,0.3,-0.6,0
23.4186558999999,0,-0.01,19,0,0,0.03,-0.015,-1,0.3,-0.6,0
23.4286558999999,0,-0.01,19,0,0,0.029,-0.014,-1.001,0.2,-0.6,0
23.4386558999999,0,-0.01,19,0,0,0.029,-0.014,-1.001,0.2,-0.6,0
23.4486558999999,0,-0.01,19,0,0,0.029,-0.014,-1.001,0.2,-0.6,0
23.4586558999999,0,-0.01,19,0,0,0.029,-0.014,-1.001,0.2,-0.6,0
23.4686558999999,0,-0.01,19,0,0,0.029,-0.014,-1.001,0.2,-0.6,0
23.4786558999999,0,-0.01,19,0,0,0.031,-0.014,-1,0.2,-0.6,0
23.4886558999999,0,-0.01,19,0,0,0.031,-0.014,-1,0.2,-0.6,0
23.4986558999999,0,-0.01,19,0,0,0.031,-0.014,-1,0.2,-0.6,0
23.5086558999999,0,-0.01,19,0,0,0.031,-0.014,-1,0.2,-0.6,0
23.5186558999999,0,-0.01,19,0,0,0.031,-0.014,-1,0.2,-0.6,0
23.5286558999999,0,0,19,0,0,0.031,-0.015,-1,0.3,-0.5,0
23.5386558999999,0,0,19,0,0,0.031,-0.015,-1,0.3,-0.5,0
23.5486558999999,0,0,19,0,0,0.031,-0.015,-1,0.3,-0.5,0
23.5586558999999,0,0,19,0,0,0.031,-0.015,-1,0.3,-0.5,0
23.5686558999999,0,0,19,0,0,0.031,-0.015,-1,0.3,-0.5,0
23.5786558999999,0,0,19,0,0,0.03,-0.014,-1,0.3,-0.6,0
23.5886558999999,0,0,19,0,0,0.03,-0.014,-1,0.3,-0.6,0
23.5986558999999,0,0,19,0,0,0.03,-0.014,-1,0.3,-0.6,0
23.6086558999999,0,0,19,0,0,0.03,-0.014,-1,0.3,-0.6,0
23.6186558999999,0,0,19,0,0,0.03,-0.014,-1,0.3,-0.6,0
23.6286558999999,0,-0.01,19,0,0,0.031,-0.015,-0.999,0.2,-0.6,0
23.6386558999999,0,-0.01,19,0,0,0.031,-0.015,-0.999,0.2,-0.6,0
23.6486558999999,0,-0.01,19,0,0,0.031,-0.015,-0.999,0.2,-0.6,0
23.6586558999999,0,-0.01,19,0,0,0.031,-0.015,-0.999,0.2,-0.6,0
23.6686558999999,0,-0.01,19,0,0,0.031,-0.015,-0.999,0.2,-0.6,0
23.6786558999999,0,0,19,0,0,0.03,-0.014,-0.999,0.2,-0.6,0
23.6886558999999,0,0,19,0,0,0.03,-0.014,-0.999,0.2,-0.6,0
23.6986558999999,0,0,19,0,0,0.03,-0.014,-0.999,0.2,-0.6,0
23.7086558999999,0,0,19,0,0,0.03,-0.014,-0.999,0.2,-0.6,0
23.7186558999999,0,0,19,0,0,0.03,-0.014,-0.999,0.2,-0.6,0
23.7286558999999,0,0,19,0,0,0.03,-0.015,-1,0.3,-0.6,0
23.7386558999999,0,0,19,0,0,0.03,-0.015,-1,0.3,-0.6,0
23.7486558999999,0,0,19,0,0,0.03,-0.015,-1,0.3,-0.6,0
23.7586558999999,0,0,19,0,0,0.03,-0.015,-1,0.3,-0.6,0
23.7686558999999,0,0,19,0,0,0.03,-0.015,-1,0.3,-0.6,0
23.7786558999999,0,0,19,0,0,0.031,-0.015,-0.999,0.2,-0.6,0
23.7886558999999,0,0,19,0,0,0.031,-0.015,-0.999,0.2,-0.6,0
23.7986558999999,0,0,19,0,0,0.031,-0.015,-0.999,0.2,-0.6,0
23.8086558999999,0,0,19,0,0,0.031,-0.015,-0.999,0.2,-0.6,0
23.8186558999999,0,0,19,0,0,0.031,-0.015,-0.999,0.2,-0.6,0
23.8286558999999,0,-0.01,19,0,0,0.03,-0.014,-1,0.3,-0.6,0
23.8386558999999,0,-0.01,19,0,0,0.03,-0.014,-1,0.3,-0.6,0
23.8486558999999,0,-0.01,19,0,0,0.03,-0.014,-1,0.3,-0.6,0
23.8586558999999,0,-0.01,19,0,0,0.03,-0.014,-1,0.3,-0.6,0
23.8686558999999,0,-0.01,19,0,0,0.03,-0.014,-1,0.3,-0.6,0
23.8786558999999,0,-0.01,19,0,0,0.029,-0.013,-1,0.2,-0.6,0
23.8886558999999,0,-0.01,19,0,0,0.029,-0.013,-1,0.2,-0.6,0
23.8986558999999,0,-0.01,19,0,0,0.029,-0.013,-1,0.2,-0.6,0
23.9086558999999,0,-0.01,19,0,0,0.029,-0.013,-1,0.2,-0.6,0
23.9186558999999,0,-0.01,19,0,0,0.029,-0.013,-1,0.2,-0.6,0
23.9286558999999,0,0,19,0,0,0.03,-0.015,-1,0.3,-0.6,0
23.9386558999999,0,0,19,0,0,0.03,-0.015,-1,0.3,-0.6,0
23.9486558999999,0,0,19,0,0,0.03,-0.015,-1,0.3,-0.6,0
23.9586558999999,0,0,19,0,0,0.03,-0.015,-1,0.3,-0.6,0
23.9686558999999,0,0,19,0,0,0.03,-0.015,-1,0.3,-0.6,0
23.9786558999999,0,0,19,0,0,0.029,-0.015,-1,0.2,-0.6,0
23.9886558999999,0,0,19,0,0,0.029,-0.015,-1,0.2,-0.6,0
23.9986558999999,0,0,19,0,0,0.029,-0.015,-1,0.2,-0.6,0
24.0086558999999,0,0,19,0,0,0.029,-0.015,-1,0.2,-0.6,0
24.0186558999999,0,0,19,0,0,0.029,-0.015,-1,0.2,-0.6,0
24.0286558999999,0,0,19,0,0,0.029,-0.014,-0.999,0.3,-0.6,0
24.0386558999999,0,0,19,0,0,0.029,-0.014,-0.999,0.3,-0.6,0
24.0486558999999,0,0,19,0,0,0.029,-0.014,-0.999,0.3,-0.6,0
24.0586558999999,0,0,19,0,0,0.029,-0.014,-0.999,0.3,-0.6,0
24.0686558999999,0,0,19,0,0,0.029,-0.014,-0.999,0.3,-0.6,0
24.0786558999999,0,0,19,0,0,0.031,-0.015,-0.999,0.3,-0.6,0
24.0886558999999,0,0,19,0,0,0.031,-0.015,-0.999,0.3,-0.6,0
24.0986558999999,0,0,19,0,0,0.031,-0.015,-0.999,0.3,-0.6,0
24.1086558999999,0,0,19,0,0,0.031,-0.015,-0.999,0.3,-0.6,0
24.1186558999999,0,0,19,0,0,0.031,-0.015,-0.999,0.3,-0.6,0
24.1286558999999,0,0,19,0,0,0.03,-0.015,-1,0.2,-0.6,0
24.1386558999999,0,0,19,0,0,0.03,-0.015,-1,0.2,-0.6,0
24.1486558999999,0,0,19,0,0,0.03,-0.015,-1,0.2,-0.6,0
24.1586558999999,0,0,19,0,0,0.03,-0.015,-1,0.2,-0.6,0
24.1686558999999,0,0,19,0,0,0.03,-0.015,-1,0.2,-0.6,0
24.1786558999999,0,0,19,0,0,0.03,-0.016,-0.999,0.3,-0.5,0
24.1886558999999,0,0,19,0,0,0.03,-0.016,-0.999,0.3,-0.5,0
24.1986558999999,0,0,19,0,0,0.03,-0.016,-0.999,0.3,-0.5,0
24.2086558999999,0,0,19,0,0,0.03,-0.016,-0.999,0.3,-0.5,0
24.2186558999999,0,0,19,0,0,0.03,-0.016,-0.999,0.3,-0.5,0
24.2286558999999,0,-0.01,19,0,0,0.029,-0.015,-1,0.3,-0.6,0
24.2386558999999,0,-0.01,19,0,0,0.029,-0.015,-1,0.3,-0.6,0
24.2486558999999,0,-0.01,19,0,0,0.029,-0.015,-1,0.3,-0.6,0
24.2586558999999,0,-0.01,19,0,0,0.029,-0.015,-1,0.3,-0.6,0
24.2686558999999,0,-0.01,19,0,0,0.029,-0.015,-1,0.3,-0.6,0
24.2786558999999,0,0,19,0,0,0.03,-0.014,-1,0.3,-0.6,0
24.2886558999999,0,0,19,0,0,0.03,-0.014,-1,0.3,-0.6,0
24.2986558999999,0,0,19,0,0,0.03,-0.014,-1,0.3,-0.6,0
24.3086558999999,0,0,19,0,0,0.03,-0.014,-1,0.3,-0.6,0
24.3186558999999,0,0,19,0,0,0.03,-0.014,-1,0.3,-0.6,0
24.3286558999999,0,0,19,0,0,0.03,-0.015,-1.001,0.1,-0.6,0
24.3386558999999,0,0,19,0,0,0.03,-0.015,-1.001,0.1,-0.6,0
24.3486558999999,0,0,19,0,0,0.03,-0.015,-1.001,0.1,-0.6,0
24.3586558999999,0,0,19,0,0,0.03,-0.015,-1.001,0.1,-0.6,0
24.3686558999999,0,0,19,0,0,0.03,-0.015,-1.001,0.1,-0.6,0
24.3786558999999,0,-0.01,19,0,0,0.031,-0.016,-1,0.3,-0.6,0
24.3886558999999,0,-0.01,19,0,0,0.031,-0.016,-1,0.3,-0.6,0
24.3986558999999,0,-0.01,19,0,0,0.031,-0.016,-1,0.3,-0.6,0
24.4086558999999,0,-0.01,19,0,0,0.031,-0.016,-1,0.3,-0.6,0
24.4186558999999,0,-0.01,19,0,0,0.031,-0.016,-1,0.3,-0.6,0
24.4286558999999,0,0,19,0,0,0.03,-0.013,-1,0.2,-0.7,0
24.4386558999999,0,0,19,0,0,0.03,-0.013,-1,0.2,-0.7,0
24.4486558999999,0,0,19,0,0,0.03,-0.013,-1,0.2,-0.7,0
24.4586558999999,0,0,19,0,0,0.03,-0.013,-1,0.2,-0.7,0
24.4686558999999,0,0,19,0,0,0.03,-0.013,-1,0.2,-0.7,0
24.4786558999999,0,-0.01,19,0,0,0.03,-0.014,-0.999,0.2,-0.6,0
24.4886558999999,0,-0.01,19,0,0,0.03,-0.014,-0.999,0.2,-0.6,0
24.4986558999999,0,-0.01,19,0,0,0.03,-0.014,-0.999,0.2,-0.6,0
24.5086558999999,0,-0.01,19,0,0,0.03,-0.014,-0.999,0.2,-0.6,0
24.5186558999999,0,-0.01,19,0,0,0.03,-0.014,-0.999,0.2,-0.6,0
24.5286558999999,0,0,19,0,0,0.03,-0.015,-1,0.3,-0.6,0
24.5386558999999,0,0,19,0,0,0.03,-0.015,-1,0.3,-0.6,0
24.5486558999999,0,0,19,0,0,0.03,-0.015,-1,0.3,-0.6,0
24.5586558999999,0,0,19,0,0,0.03,-0.015,-1,0.3,-0.6,0
24.5686558999999,0,0,19,0,0,0.03,-0.015,-1,0.3,-0.6,0
24.5786558999999,0,0,19,0,0,0.03,-0.014,-0.999,0.3,-0.6,0
24.5886558999999,0,0,19,0,0,0.03,-0.014,-0.999,0.3,-0.6,0
24.5986558999999,0,0,19,0,0,0.03,-0.014,-0.999,0.3,-0.6,0
24.6086558999999,0,0,19,0,0,0.03,-0.014,-0.999,0.3,-0.6,0
24.6186558999999,0,0,19,0,0,0.03,-0.014,-0.999,0.3,-0.6,0
24.6286558999999,0,0,19,0,0,0.03,-0.014,-1,0.2,-0.6,0
24.6386558999999,0,0,19,0,0,0.03,-0.014,-1,0.2,-0.6,0
24.6486558999999,0,0,19,0,0,0.03,-0.014,-1,0.2,-0.6,0
24.6586558999999,0,0,19,0,0,0.03,-0.014,-1,0.2,-0.6,0
24.6686558999999,0,0,19,0,0,0.03,-0.014,-1,0.2,-0.6,0
24.6786558999999,0,0,19,0,0,0.029,-0.015,-1,0.3,-0.6,0
24.6886558999999,0,0,19,0,0,0.029,-0.015,-1,0.3,-0.6,0
24.6986558999999,0,0,19,0,0,0.029,-0.015,-1,0.3,-0.6,0
24.7086558999999,0,0,19,0,0,0.029,-0.015,-1,0.3,-0.6,0
24.7186558999999,0,0,19,0,0,0.029,-0.015,-1,0.3,-0.6,0
24.7286558999999,0,-0.01,19,0,0,0.03,-0.015,-1,0.2,-0.6,0
24.7386558999999,0,-0.01,19,0,0,0.03,-0.015,-1,0.2,-0.6,0
24.7486558999999,0,-0.01,19,0,0,0.03,-0.015,-1,0.2,-0.6,0
24.7586558999999,0,-0.01,19,0,0,0.03,-0.015,-1,0.2,-0.6,0
24.7686558999999,0,-0.01,19,0,0,0.03,-0.015,-1,0.2,-0.6,0
24.7786558999999,0,0,19,0,0,0.03,-0.014,-1,0.3,-0.6,0
24.7886558999999,0,0,19,0,0,0.03,-0.014,-1,0.3,-0.6,0
24.7986558999999,0,0,19,0,0,0.03,-0.014,-1,0.3,-0.6,0
24.8086558999999,0,0,19,0,0,0.03,-0.014,-1,0.3,-0.6,0
24.8186558999999,0,0,19,0,0,0.03,-0.014,-1,0.3,-0.6,0
24.8286558999999,0,0,19,0,0,0.03,-0.015,-0.999,0.3,-0.6,0
24.8386558999999,0,0,19,0,0,0.03,-0.015,-0.999,0.3,-0.6,0
24.8486558999999,0,0,19,0,0,0.03,-0.015,-0.999,0.3,-0.6,0
24.8586558999999,0,0,19,0,0,0.03,-0.015,-0.999,0.3,-0.6,0
24.8686558999999,0,0,19,0,0,0.03,-0.015,-0.999,0.3,-0.6,0
24.8786558999999,0,0,19,0,0,0.03,-0.014,-1,0.2,-0.5,0
24.8886558999999,0,0,19,0,0,0.03,-0.014,-1,0.2,-0.5,0
24.8986558999999,0,0,19,0,0,0.03,-0.014,-1,0.2,-0.5,0
24.9086558999999,0,0,19,0,0,0.03,-0.014,-1,0.2,-0.5,0
24.9186558999999,0,0,19,0,0,0.03,-0.014,-1,0.2,-0.5,0
24.9286558999999,0,0,19,0,0,0.03,-0.014,-0.999,0.3,-0.6,0
24.9386558999999,0,0,19,0,0,0.03,-0.014,-0.999,0.3,-0.6,0
24.9486558999999,0,0,19,0,0,0.03,-0.014,-0.999,0.3,-0.6,0
24.9586558999999,0,0,19,0,0,0.03,-0.014,-0.999,0.3,-0.6,0
24.9686558999999,0,0,19,0,0,0.03,-0.014,-0.999,0.3,-0.6,0
24.9786558999999,0,0,19,0,0,0.03,-0.016,-0.999,0.3,-0.6,0
24.9886558999999,0,0,19,0,0,0.03,-0.016,-0.999,0.3,-0.6,0
24.9986558999999,0,0,19,0,0,0.03,-0.016,-0.999,0.3,-0.6,0
25.0086558999999,0,0,19,0,0,0.03,-0.016,-0.999,0.3,-0.6,0
25.0186558999999,0,0,19,0,0,0.03,-0.016,-0.999,0.3,-0.6,0
25.0286558999999,0,-0.01,19,0,0,0.03,-0.014,-0.999,0.3,-0.6,0
25.0386558999999,0,-0.01,19,0,0,0.03,-0.014,-0.999,0.3,-0.6,0
25.0486558999999,0,-0.01,19,0,0,0.03,-0.014,-0.999,0.3,-0.6,0
25.0586558999999,0,-0.01,19,0,0,0.03,-0.014,-0.999,0.3,-0.6,0
25.0686558999999,0,-0.01,19,0,0,0.03,-0.014,-0.999,0.3,-0.6,0
25.0786558999999,0,0,19,0,0,0.03,-0.015,-0.999,0.3,-0.6,0
25.0886558999999,0,0,19,0,0,0.03,-0.015,-0.999,0.3,-0.6,0
25.0986558999999,0,0,19,0,0,0.03,-0.015,-0.999,0.3,-0.6,0
25.1086558999999,0,0,19,0,0,0.03,-0.015,-0.999,0.3,-0.6,0
25.1186558999999,0,0,19,0,0,0.03,-0.015,-0.999,0.3,-0.6,0
25.1286558999999,0,0,19,0,0,0.03,-0.014,-1,0.3,-0.6,0
25.1386558999999,0,0,19,0,0,0.03,-0.014,-1,0.3,-0.6,0
25.1486558999999,0,0,19,0,0,0.03,-0.014,-1,0.3,-0.6,0
25.1586558999999,0,0,19,0,0,0.03,-0.014,-1,0.3,-0.6,0
25.1686558999999,0,0,19,0,0,0.03,-0.014,-1,0.3,-0.6,0
25.1786558999999,0,-0.01,19,0,0,0.03,-0.015,-1,0.2,-0.6,0
25.1886558999999,0,-0.01,19,0,0,0.03,-0.015,-1,0.2,-0.6,0
25.1986558999999,0,-0.01,19,0,0,0.03,-0.015,-1,0.2,-0.6,0
25.2086558999999,0,-0.01,19,0,0,0.03,-0.015,-1,0.2,-0.6,0
25.2186558999999,0,-0.01,19,0,0,0.03,-0.015,-1,0.2,-0.6,0
25.2286558999999,0,0,19,0,0,0.029,-0.014,-0.999,0.3,-0.6,0
25.2386558999999,0,0,19,0,0,0.029,-0.014,-0.999,0.3,-0.6,0
25.2486558999999,0,0,19,0,0,0.029,-0.014,-0.999,0.3,-0.6,0
25.2586558999999,0,0,19,0,0,0.029,-0.014,-0.999,0.3,-0.6,0
25.2686558999999,0,0,19,0,0,0.029,-0.014,-0.999,0.3,-0.6,0
25.2786558999999,0,0,19,0,0,0.03,-0.015,-1,0.3,-0.6,0
25.2886558999999,0,0,19,0,0,0.03,-0.015,-1,0.3,-0.6,0
25.2986558999999,0,0,19,0,0,0.03,-0.015,-1,0.3,-0.6,0
25.3086558999999,0,0,19,0,0,0.03,-0.015,-1,0.3,-0.6,0
25.3186558999999,0,0,19,0,0,0.03,-0.015,-1,0.3,-0.6,0
25.3286558999999,0,0,19,0,0,0.031,-0.015,-1,0.2,-0.6,0
25.3386558999999,0,0,19,0,0,0.031,-0.015,-1,0.2,-0.6,0
25.3486558999999,0,0,19,0,0,0.031,-0.015,-1,0.2,-0.6,0
25.3586558999999,0,0,19,0,0,0.031,-0.015,-1,0.2,-0.6,0
25.3686558999999,0,0,19,0,0,0.031,-0.015,-1,0.2,-0.6,0
25.3786558999999,0,0,19,0,0,0.031,-0.014,-1,0.3,-0.6,0
25.3886558999999,0,0,19,0,0,0.031,-0.014,-1,0.3,-0.6,0
25.3986558999999,0,0,19,0,0,0.031,-0.014,-1,0.3,-0.6,0
25.4086558999999,0,0,19,0,0,0.031,-0.014,-1,0.3,-0.6,0
25.4186558999999,0,0,19,0,0,0.031,-0.014,-1,0.3,-0.6,0
25.4286558999999,0,0,19,0,0,0.031,-0.015,-1,0.3,-0.6,0
25.4386558999999,0,0,19,0,0,0.031,-0.015,-1,0.3,-0.6,0
25.4486558999999,0,0,19,0,0,0.031,-0.015,-1,0.3,-0.6,0
25.4586558999999,0,0,19,0,0,0.031,-0.015,-1,0.3,-0.6,0
25.4686558999999,0,0,19,0,0,0.031,-0.015,-1,0.3,-0.6,0
25.4786558999999,0,0,19,0,0,0.029,-0.015,-1,0.3,-0.6,0
25.4886558999999,0,0,19,0,0,0.029,-0.015,-1,0.3,-0.6,0
25.4986558999999,0,0,19,0,0,0.029,-0.015,-1,0.3,-0.6,0
25.5086558999999,0,0,19,0,0,0.029,-0.015,-1,0.3,-0.6,0
25.5186558999999,0,0,19,0,0,0.029,-0.015,-1,0.3,-0.6,0
25.5286558999999,0,-0.01,19,0,0,0.029,-0.015,-1,0.1,-0.6,0
25.5386558999999,0,-0.01,19,0,0,0.029,-0.015,-1,0.1,-0.6,0
25.5486558999999,0,-0.01,19,0,0,0.029,-0.015,-1,0.1,-0.6,0
25.5586558999999,0,-0.01,19,0,0,0.029,-0.015,-1,0.1,-0.6,0
25.5686558999999,0,-0.01,19,0,0,0.029,-0.015,-1,0.1,-0.6,0
25.5786558999999,0,0,19,0,0,0.03,-0.013,-1,0.3,-0.5,0
25.5886558999999,0,0,19,0,0,0.03,-0.013,-1,0.3,-0.5,0
25.5986558999999,0,0,19,0,0,0.03,-0.013,-1,0.3,-0.5,0
25.6086558999999,0,0,19,0,0,0.03,-0.013,-1,0.3,-0.5,0
25.6186558999999,0,0,19,0,0,0.03,-0.013,-1,0.3,-0.5,0
25.6286558999999,0,0,19,0,0,0.031,-0.015,-1,0.3,-0.7,0
25.6386559,0,0,19,0,0,0.031,-0.015,-1,0.3,-0.7,0
25.6486558999999,0,0,19,0,0,0.031,-0.015,-1,0.3,-0.7,0
25.6586558999999,0,0,19,0,0,0.031,-0.015,-1,0.3,-0.7,0
25.6686558999999,0,0,19,0,0,0.031,-0.015,-1,0.3,-0.7,0
25.6786558999999,0,0,19,0,0,0.03,-0.015,-0.999,0.3,-0.6,0
25.6886559,0,0,19,0,0,0.03,-0.015,-0.999,0.3,-0.6,0
25.6986558999999,0,0,19,0,0,0.03,-0.015,-0.999,0.3,-0.6,0
25.7086559,0,0,19,0,0,0.03,-0.015,-0.999,0.3,-0.6,0
25.7186558999999,0,0,19,0,0,0.03,-0.015,-0.999,0.3,-0.6,0
25.7286558999999,0,0,19,0,0,0.03,-0.014,-1,0.2,-0.6,0
25.7386559,0,0,19,0,0,0.03,-0.014,-1,0.2,-0.6,0
25.7486558999999,0,0,19,0,0,0.03,-0.014,-1,0.2,-0.6,0
25.7586559,0,0,19,0,0,0.03,-0.014,-1,0.2,-0.6,0
25.7686558999999,0,0,19,0,0,0.03,-0.014,-1,0.2,-0.6,0
25.7786559,0,0,19,0,0,0.03,-0.015,-1,0.3,-0.6,0
25.7886559,0,0,19,0,0,0.03,-0.015,-1,0.3,-0.6,0
25.7986559,0,0,19,0,0,0.03,-0.015,-1,0.3,-0.6,0
25.8086559,0,0,19,0,0,0.03,-0.015,-1,0.3,-0.6,0
25.8186558999999,0,0,19,0,0,0.03,-0.015,-1,0.3,-0.6,0
25.8286559,0,-0.01,19,0,0,0.03,-0.016,-1,0.2,-0.6,0
25.8386559,0,-0.01,19,0,0,0.03,-0.016,-1,0.2,-0.6,0
25.8486559,0,-0.01,19,0,0,0.03,-0.016,-1,0.2,-0.6,0
25.8586559,0,-0.01,19,0,0,0.03,-0.016,-1,0.2,-0.6,0
25.8686559,0,-0.01,19,0,0,0.03,-0.016,-1,0.2,-0.6,0
25.8786559,0,0,19,0,0,0.03,-0.016,-1,0.3,-0.6,0
25.8886559,0,0,19,0,0,0.03,-0.016,-1,0.3,-0.6,0
25.8986559,0,0,19,0,0,0.03,-0.016,-1,0.3,-0.6,0
25.9086559,0,0,19,0,0,0.03,-0.016,-1,0.3,-0.6,0
25.9186559,0,0,19,0,0,0.03,-0.016,-1,0.3,-0.6,0
25.9286559,0,-0.01,19,0,0,0.031,-0.014,-0.999,0.2,-0.6,0
25.9386559,0,-0.01,19,0,0,0.031,-0.014,-0.999,0.2,-0.6,0
25.9486559,0,-0.01,19,0,0,0.031,-0.014,-0.999,0.2,-0.6,0
25.9586559,0,-0.01,19,0,0,0.031,-0.014,-0.999,0.2,-0.6,0
25.9686559,0,-0.01,19,0,0,0.031,-0.014,-0.999,0.2,-0.6,0
25.9786559,0,0,19,0,0,0.03,-0.015,-0.999,0.3,-0.6,0.1
25.9886559,0,0,19,0,0,0.03,-0.015,-0.999,0.3,-0.6,0.1
25.9986559,0,0,19,0,0,0.03,-0.015,-0.999,0.3,-0.6,0.1
26.0086559,0,0,19,0,0,0.03,-0.015,-0.999,0.3,-0.6,0.1
26.0186559,0,0,19,0,0,0.03,-0.015,-0.999,0.3,-0.6,0.1
26.0286559,0,-0.01,19,0,0,0.029,-0.015,-0.999,0.3,-0.6,0
26.0386559,0,-0.01,19,0,0,0.029,-0.015,-0.999,0.3,-0.6,0
26.0486559,0,-0.01,19,0,0,0.029,-0.015,-0.999,0.3,-0.6,0
26.0586559,0,-0.01,19,0,0,0.029,-0.015,-0.999,0.3,-0.6,0
26.0686559,0,-0.01,19,0,0,0.029,-0.015,-0.999,0.3,-0.6,0
26.0786559,0,0,19,0,0,0.03,-0.014,-1.001,0.3,-0.6,0.1
26.0886559,0,0,19,0,0,0.03,-0.014,-1.001,0.3,-0.6,0.1
26.0986559,0,0,19,0,0,0.03,-0.014,-1.001,0.3,-0.6,0.1
26.1086559,0,0,19,0,0,0.03,-0.014,-1.001,0.3,-0.6,0.1
26.1186559,0,0,19,0,0,0.03,-0.014,-1.001,0.3,-0.6,0.1
26.1286559,0,0,19,0,0,0.031,-0.015,-0.999,0.3,-0.6,0
26.1386559,0,0,19,0,0,0.031,-0.015,-0.999,0.3,-0.6,0
26.1486559,0,0,19,0,0,0.031,-0.015,-0.999,0.3,-0.6,0
26.1586559,0,0,19,0,0,0.031,-0.015,-0.999,0.3,-0.6,0
26.1686559,0,0,19,0,0,0.031,-0.015,-0.999,0.3,-0.6,0
26.1786559,0,0,19,0,0,0.03,-0.014,-1,0.3,-0.6,0
26.1886559,0,0,19,0,0,0.03,-0.014,-1,0.3,-0.6,0
26.1986559,0,0,19,0,0,0.03,-0.014,-1,0.3,-0.6,0
26.2086559,0,0,19,0,0,0.03,-0.014,-1,0.3,-0.6,0
26.2186559,0,0,19,0,0,0.03,-0.014,-1,0.3,-0.6,0
26.2286559,0,-0.01,19,0,0,0.031,-0.015,-0.998,0.2,-0.6,0
26.2386559,0,-0.01,19,0,0,0.031,-0.015,-0.998,0.2,-0.6,0
26.2486559,0,-0.01,19,0,0,0.031,-0.015,-0.998,0.2,-0.6,0
26.2586559,0,-0.01,19,0,0,0.031,-0.015,-0.998,0.2,-0.6,0
26.2686559,0,-0.01,19,0,0,0.031,-0.015,-0.998,0.2,-0.6,0
26.2786559,0,-0.01,19,0,0,0.03,-0.014,-1,0.2,-0.6,0
26.2886559,0,-0.01,19,0,0,0.03,-0.014,-1,0.2,-0.6,0
26.2986559,0,-0.01,19,0,0,0.03,-0.014,-1,0.2,-0.6,0
26.3086559,0,-0.01,19,0,0,0.03,-0.014,-1,0.2,-0.6,0
26.3186559,0,-0.01,19,0,0,0.03,-0.014,-1,0.2,-0.6,0
26.3286559,0,0,19,0,0,0.03,-0.014,-1.001,0.3,-0.6,0
26.3386559,0,0,19,0,0,0.03,-0.014,-1.001,0.3,-0.6,0
26.3486559,0,0,19,0,0,0.03,-0.014,-1.001,0.3,-0.6,0
26.3586559,0,0,19,0,0,0.03,-0.014,-1.001,0.3,-0.6,0
26.3686559,0,0,19,0,0,0.03,-0.014,-1.001,0.3,-0.6,0
26.3786559,0,0,19,0,0,0.029,-0.015,-1,0.3,-0.6,0
26.3886559,0,0,19,0,0,0.029,-0.015,-1,0.3,-0.6,0
26.3986559,0,0,19,0,0,0.029,-0.015,-1,0.3,-0.6,0
26.4086559,0,0,19,0,0,0.029,-0.015,-1,0.3,-0.6,0
26.4186559,0,0,19,0,0,0.029,-0.015,-1,0.3,-0.6,0
26.4286559,0,0,19,0,0,0.031,-0.016,-1,0.1,-0.6,0
26.4386559,0,0,19,0,0,0.031,-0.016,-1,0.1,-0.6,0
26.4486559,0,0,19,0,0,0.031,-0.016,-1,0.1,-0.6,0
26.4586559,0,0,19,0,0,0.031,-0.016,-1,0.1,-0.6,0
26.4686559,0,0,19,0,0,0.031,-0.016,-1,0.1,-0.6,0
26.4786559,0,0,19,0,0,0.03,-0.015,-1,0.2,-0.6,0
26.4886559,0,0,19,0,0,0.03,-0.015,-1,0.2,-0.6,0
26.4986559,0,0,19,0,0,0.03,-0.015,-1,0.2,-0.6,0
26.5086559,0,0,19,0,0,0.03,-0.015,-1,0.2,-0.6,0
26.5186559,0,0,19,0,0,0.03,-0.015,-1,0.2,-0.6,0
26.5286559,0,0,19,0,0,0.029,-0.014,-0.999,0.2,-0.6,0
26.5386559,0,0,19,0,0,0.029,-0.014,-0.999,0.2,-0.6,0
26.5486559,0,0,19,0,0,0.029,-0.014,-0.999,0.2,-0.6,0
26.5586559,0,0,19,0,0,0.029,-0.014,-0.999,0.2,-0.6,0
26.5686559,0,0,19,0,0,0.029,-0.014,-0.999,0.2,-0.6,0
26.5786559,0,0,19,0,0,0.031,-0.014,-1,0.2,-0.6,0
26.5886559,0,0,19,0,0,0.031,-0.014,-1,0.2,-0.6,0
26.5986559,0,0,19,0,0,0.031,-0.014,-1,0.2,-0.6,0
26.6086559,0,0,19,0,0,0.031,-0.014,-1,0.2,-0.6,0
26.6186559,0,0,19,0,0,0.031,-0.014,-1,0.2,-0.6,0
26.6286559,0,-0.01,19,0,0,0.03,-0.014,-1,0.2,-0.6,0
26.6386559,0,-0.01,19,0,0,0.03,-0.014,-1,0.2,-0.6,0
26.6486559,0,-0.01,19,0,0,0.03,-0.014,-1,0.2,-0.6,0
26.6586559,0,-0.01,19,0,0,0.03,-0.014,-1,0.2,-0.6,0
26.6686559,0,-0.01,19,0,0,0.03,-0.014,-1,0.2,-0.6,0
26.6786559,0,0,19,0,0,0.03,-0.015,-1,0.2,-0.6,0
26.6886559,0,0,19,0,0,0.03,-0.015,-1,0.2,-0.6,0
26.6986559,0,0,19,0,0,0.03,-0.015,-1,0.2,-0.6,0
26.7086559,0,0,19,0,0,0.03,-0.015,-1,0.2,-0.6,0
26.7186559,0,0,19,0,0,0.03,-0.015,-1,0.2,-0.6,0
26.7286559,0,-0.01,19,0,0,0.029,-0.015,-1,0.3,-0.6,0
26.7386559,0,-0.01,19,0,0,0.029,-0.015,-1,0.3,-0.6,0
26.7486559,0,-0.01,19,0,0,0.029,-0.015,-1,0.3,-0.6,0
26.7586559,0,-0.01,19,0,0,0.029,-0.015,-1,0.3,-0.6,0
26.7686559,0,-0.01,19,0,0,0.029,-0.015,-1,0.3,-0.6,0
26.7786559,0,0,19,0,0,0.03,-0.015,-1,0.3,-0.6,0
26.7886559,0,0,19,0,0,0.03,-0.015,-1,0.3,-0.6,0
26.7986559,0,0,19,0,0,0.03,-0.015,-1,0.3,-0.6,0
26.8086559,0,0,19,0,0,0.03,-0.015,-1,0.3,-0.6,0
26.8186559,0,0,19,0,0,0.03,-0.015,-1,0.3,-0.6,0
26.8286559,0,0,19,0,0,0.03,-0.015,-1,0.2,-0.6,0
26.8386559,0,0,19,0,0,0.03,-0.015,-1,0.2,-0.6,0
26.8486559,0,0,19,0,0,0.03,-0.015,-1,0.2,-0.6,0
26.8586559,0,0,19,0,0,0.03,-0.015,-1,0.2,-0.6,0
26.8686559,0,0,19,0,0,0.03,-0.015,-1,0.2,-0.6,0
26.8786559,0,0,19,0,0,0.029,-0.014,-1,0.2,-0.5,0
26.8886559,0,0,19,0,0,0.029,-0.014,-1,0.2,-0.5,0
26.8986559,0,0,19,0,0,0.029,-0.014,-1,0.2,-0.5,0
26.9086559,0,0,19,0,0,0.029,-0.014,-1,0.2,-0.5,0
26.9186559,0,0,19,0,0,0.029,-0.014,-1,0.2,-0.5,0
26.9286559,0,0,19,0,0,0.031,-0.015,-1,0.2,-0.6,0
26.9386559,0,0,19,0,0,0.031,-0.015,-1,0.2,-0.6,0
26.9486559,0,0,19,0,0,0.031,-0.015,-1,0.2,-0.6,0
26.9586559,0,0,19,0,0,0.031,-0.015,-1,0.2,-0.6,0
26.9686559,0,0,19,0,0,0.031,-0.015,-1,0.2,-0.6,0
26.9786559,0,0,19,0,0,0.03,-0.014,-1,0.2,-0.6,0
26.9886559,0,0,19,0,0,0.03,-0.014,-1,0.2,-0.6,0
26.9986559,0,0,19,0,0,0.03,-0.014,-1,0.2,-0.6,0
27.0086559,0,0,19,0,0,0.03,-0.014,-1,0.2,-0.6,0
27.0186559,0,0,19,0,0,0.03,-0.014,-1,0.2,-0.6,0
27.0286559,0,-0.01,19,0,0,0.031,-0.015,-1,0.3,-0.6,0
27.0386559,0,-0.01,19,0,0,0.031,-0.015,-1,0.3,-0.6,0
27.0486559,0,-0.01,19,0,0,0.031,-0.015,-1,0.3,-0.6,0
27.0586559,0,-0.01,19,0,0,0.031,-0.015,-1,0.3,-0.6,0
27.0686559,0,-0.01,19,0,0,0.031,-0.015,-1,0.3,-0.6,0
27.0786559,0,-0.01,19,0,0,0.029,-0.014,-1,0.3,-0.6,0
27.0886559,0,-0.01,19,0,0,0.029,-0.014,-1,0.3,-0.6,0
27.0986559,0,-0.01,19,0,0,0.029,-0.014,-1,0.3,-0.6,0
27.1086559,0,-0.01,19,0,0,0.029,-0.014,-1,0.3,-0.6,0
27.1186559,0,-0.01,19,0,0,0.029,-0.014,-1,0.3,-0.6,0
27.1286559,0,0,19,0,0,0.03,-0.015,-1,0.3,-0.6,0
27.1386559,0,0,19,0,0,0.03,-0.015,-1,0.3,-0.6,0
27.1486559,0,0,19,0,0,0.03,-0.015,-1,0.3,-0.6,0
27.1586559,0,0,19,0,0,0.03,-0.015,-1,0.3,-0.6,0
27.1686559,0,0,19,0,0,0.03,-0.015,-1,0.3,-0.6,0
27.1786559,0,0,19,0,0,0.03,-0.014,-0.999,0.3,-0.6,0
27.1886559,0,0,19,0,0,0.03,-0.014,-0.999,0.3,-0.6,0
27.1986559,0,0,19,0,0,0.03,-0.014,-0.999,0.3,-0.6,0
27.2086559,0,0,19,0,0,0.03,-0.014,-0.999,0.3,-0.6,0
27.2186559,0,0,19,0,0,0.03,-0.014,-0.999,0.3,-0.6,0
27.2286559,0,-0.01,19,0,0,0.03,-0.014,-0.998,0.2,-0.6,0
27.2386559,0,-0.01,19,0,0,0.03,-0.014,-0.998,0.2,-0.6,0
27.2486559,0,-0.01,19,0,0,0.03,-0.014,-0.998,0.2,-0.6,0
27.2586559,0,-0.01,19,0,0,0.03,-0.014,-0.998,0.2,-0.6,0
27.2686559,0,-0.01,19,0,0,0.03,-0.014,-0.998,0.2,-0.6,0
27.2786559,0,0,19,0,0,0.03,-0.016,-0.999,0.2,-0.6,0
27.2886559,0,0,19,0,0,0.03,-0.016,-0.999,0.2,-0.6,0
27.2986559,0,0,19,0,0,0.03,-0.016,-0.999,0.2,-0.6,0
27.3086559,0,0,19,0,0,0.03,-0.016,-0.999,0.2,-0.6,0
27.3186559,0,0,19,0,0,0.03,-0.016,-0.999,0.2,-0.6,0
27.3286559,0,0,19,0,0,0.03,-0.015,-1,0.3,-0.6,0
27.3386559,0,0,19,0,0,0.03,-0.015,-1,0.3,-0.6,0
27.3486559,0,0,19,0,0,0.03,-0.015,-1,0.3,-0.6,0
27.3586559,0,0,19,0,0,0.03,-0.015,-1,0.3,-0.6,0
27.3686559,0,0,19,0,0,0.03,-0.015,-1,0.3,-0.6,0
27.3786559,0,0,19,0,0,0.031,-0.015,-1,0.3,-0.6,0
27.3886559,0,0,19,0,0,0.031,-0.015,-1,0.3,-0.6,0
27.3986559,0,0,19,0,0,0.031,-0.015,-1,0.3,-0.6,0
27.4086559,0,0,19,0,0,0.031,-0.015,-1,0.3,-0.6,0
27.4186559,0,0,19,0,0,0.031,-0.015,-1,0.3,-0.6,0
27.4286559,0,-0.01,19,0,0,0.03,-0.015,-1,0.2,-0.6,0
27.4386559,0,-0.01,19,0,0,0.03,-0.015,-1,0.2,-0.6,0
27.4486559,0,-0.01,19,0,0,0.03,-0.015,-1,0.2,-0.6,0
27.4586559,0,-0.01,19,0,0,0.03,-0.015,-1,0.2,-0.6,0
27.4686559,0,-0.01,19,0,0,0.03,-0.015,-1,0.2,-0.6,0
27.4786559,0,-0.01,19,0,0,0.03,-0.015,-1,0.3,-0.6,0
27.4886559,0,-0.01,19,0,0,0.03,-0.015,-1,0.3,-0.6,0
27.4986559,0,-0.01,19,0,0,0.03,-0.015,-1,0.3,-0.6,0
27.5086559,0,-0.01,19,0,0,0.03,-0.015,-1,0.3,-0.6,0
27.5186559,0,-0.01,19,0,0,0.03,-0.015,-1,0.3,-0.6,0
27.5286559,0,0,19,0,0,0.03,-0.015,-0.999,0.3,-0.6,0
27.5386559,0,0,19,0,0,0.03,-0.015,-0.999,0.3,-0.6,0
27.5486559,0,0,19,0,0,0.03,-0.015,-0.999,0.3,-0.6,0
27.5586559,0,0,19,0,0,0.03,-0.015,-0.999,0.3,-0.6,0
27.5686559,0,0,19,0,0,0.03,-0.015,-0.999,0.3,-0.6,0
27.5786559,0,0,19,0,0,0.03,-0.015,-0.999,0.3,-0.6,0
27.5886559,0,0,19,0,0,0.03,-0.015,-0.999,0.3,-0.6,0
27.5986559,0,0,19,0,0,0.03,-0.015,-0.999,0.3,-0.6,0
27.6086559,0,0,19,0,0,0.03,-0.015,-0.999,0.3,-0.6,0
27.6186559,0,0,19,0,0,0.03,-0.015,-0.999,0.3,-0.6,0
27.6286559,0,0,19,0,0,0.03,-0.014,-1,0.3,-0.6,0
27.6386559,0,0,19,0,0,0.03,-0.014,-1,0.3,-0.6,0
27.6486559,0,0,19,0,0,0.03,-0.014,-1,0.3,-0.6,0
27.6586559,0,0,19,0,0,0.03,-0.014,-1,0.3,-0.6,0
27.6686559,0,0,19,0,0,0.03,-0.014,-1,0.3,-0.6,0
27.6786559,0,-0.01,19,0,0,0.03,-0.016,-1,0.3,-0.6,0
27.6886559,0,-0.01,19,0,0,0.03,-0.016,-1,0.3,-0.6,0
27.6986559,0,-0.01,19,0,0,0.03,-0.016,-1,0.3,-0.6,0
27.7086559,0,-0.01,19,0,0,0.03,-0.016,-1,0.3,-0.6,0
27.7186559,0,-0.01,19,0,0,0.03,-0.016,-1,0.3,-0.6,0
27.7286559,0,0,19,0,0,0.03,-0.014,-1,0.3,-0.6,0
27.7386559,0,0,19,0,0,0.03,-0.014,-1,0.3,-0.6,0
27.7486559,0,0,19,0,0,0.03,-0.014,-1,0.3,-0.6,0
27.7586559,0,0,19,0,0,0.03,-0.014,-1,0.3,-0.6,0
27.7686559,0,0,19,0,0,0.03,-0.014,-1,0.3,-0.6,0
27.7786559,0,0,19,0,0,0.03,-0.015,-1,0.3,-0.5,0
27.7886559,0,0,19,0,0,0.03,-0.015,-1,0.3,-0.5,0
27.7986559,0,0,19,0,0,0.03,-0.015,-1,0.3,-0.5,0
27.8086559,0,0,19,0,0,0.03,-0.015,-1,0.3,-0.5,0
27.8186559,0,0,19,0,0,0.03,-0.015,-1,0.3,-0.5,0
27.8286559,0,0,19,0,0,0.03,-0.014,-0.999,0.3,-0.6,0
27.8386559,0,0,19,0,0,0.03,-0.014,-0.999,0.3,-0.6,0
27.8486559,0,0,19,0,0,0.03,-0.014,-0.999,0.3,-0.6,0
27.8586559,0,0,19,0,0,0.03,-0.014,-0.999,0.3,-0.6,0
27.8686559,0,0,19,0,0,0.03,-0.014,-0.999,0.3,-0.6,0
27.8786559,0,0,19,0,0,0.031,-0.015,-1,0.3,-0.6,0
27.8886559,0,0,19,0,0,0.031,-0.015,-1,0.3,-0.6,0
27.8986559,0,0,19,0,0,0.031,-0.015,-1,0.3,-0.6,0
27.9086559,0,0,19,0,0,0.031,-0.015,-1,0.3,-0.6,0
27.9186559,0,0,19,0,0,0.031,-0.015,-1,0.3,-0.6,0
27.9286559,0,0,19,0,0,0.03,-0.014,-0.999,0.3,-0.6,0
27.9386559,0,0,19,0,0,0.03,-0.014,-0.999,0.3,-0.6,0
27.9486559,0,0,19,0,0,0.03,-0.014,-0.999,0.3,-0.6,0
27.9586559,0,0,19,0,0,0.03,-0.014,-0.999,0.3,-0.6,0
27.9686559,0,0,19,0,0,0.03,-0.014,-0.999,0.3,-0.6,0
27.9786559,0,-0.01,19,0,0,0.031,-0.015,-1,0.3,-0.6,0
27.9886559,0,-0.01,19,0,0,0.031,-0.015,-1,0.3,-0.6,0
27.9986559,0,-0.01,19,0,0,0.031,-0.015,-1,0.3,-0.6,0
28.0086559,0,-0.01,19,0,0,0.031,-0.015,-1,0.3,-0.6,0
28.0186559,0,-0.01,19,0,0,0.031,-0.015,-1,0.3,-0.6,0
28.0286559,0,0,19,0,0,0.029,-0.014,-1,0.3,-0.6,0
28.0386559,0,0,19,0,0,0.029,-0.014,-1,0.3,-0.6,0
28.0486559,0,0,19,0,0,0.029,-0.014,-1,0.3,-0.6,0
28.0586559,0,0,19,0,0,0.029,-0.014,-1,0.3,-0.6,0
28.0686559,0,0,19,0,0,0.029,-0.014,-1,0.3,-0.6,0
28.0786559,0,0,19,0,0,0.03,-0.015,-1,0.3,-0.7,0
28.0886559,0,0,19,0,0,0.03,-0.015,-1,0.3,-0.7,0
28.0986559,0,0,19,0,0,0.03,-0.015,-1,0.3,-0.7,0
28.1086559,0,0,19,0,0,0.03,-0.015,-1,0.3,-0.7,0
28.1186559,0,0,19,0,0,0.03,-0.015,-1,0.3,-0.7,0
28.1286559,0,0,19,0,0,0.03,-0.014,-1,0.2,-0.6,0
28.1386559,0,0,19,0,0,0.03,-0.014,-1,0.2,-0.6,0
28.1486559,0,0,19,0,0,0.03,-0.014,-1,0.2,-0.6,0
28.1586559,0,0,19,0,0,0.03,-0.014,-1,0.2,-0.6,0
28.1686559,0,0,19,0,0,0.03,-0.014,-1,0.2,-0.6,0
28.1786559,0,0,19,0,0,0.03,-0.014,-0.999,0.3,-0.6,0
28.1886559,0,0,19,0,0,0.03,-0.014,-0.999,0.3,-0.6,0
28.1986559,0,0,19,0,0,0.03,-0.014,-0.999,0.3,-0.6,0
28.2086559,0,0,19,0,0,0.03,-0.014,-0.999,0.3,-0.6,0
28.2186559,0,0,19,0,0,0.03,-0.014,-0.999,0.3,-0.6,0
28.2286559,0,0,19,0,0,0.03,-0.016,-1,0.2,-0.6,0
28.2386559,0,0,19,0,0,0.03,-0.016,-1,0.2,-0.6,0
28.2486559,0,0,19,0,0,0.03,-0.016,-1,0.2,-0.6,0
28.2586559,0,0,19,0,0,0.03,-0.016,-1,0.2,-0.6,0
28.2686559,0,0,19,0,0,0.03,-0.016,-1,0.2,-0.6,0
28.2786559,0,-0.01,19,0,0,0.03,-0.015,-1,0.2,-0.6,0
28.2886559,0,-0.01,19,0,0,0.03,-0.015,-1,0.2,-0.6,0
28.2986559,0,-0.01,19,0,0,0.03,-0.015,-1,0.2,-0.6,0
28.3086559,0,-0.01,19,0,0,0.03,-0.015,-1,0.2,-0.6,0
28.3186559,0,-0.01,19,0,0,0.03,-0.015,-1,0.2,-0.6,0
28.3286559,0,0,19,0,0,0.031,-0.016,-1,0.3,-0.6,0
28.3386559,0,0,19,0,0,0.031,-0.016,-1,0.3,-0.6,0
28.3486559,0,0,19,0,0,0.031,-0.016,-1,0.3,-0.6,0
28.3586559,0,0,19,0,0,0.031,-0.016,-1,0.3,-0.6,0
28.3686559,0,0,19,0,0,0.031,-0.016,-1,0.3,-0.6,0
28.3786559,0,0,19,0,0,0.029,-0.014,-1,0.3,-0.5,0
28.3886559,0,0,19,0,0,0.029,-0.014,-1,0.3,-0.5,0
28.3986559,0,0,19,0,0,0.029,-0.014,-1,0.3,-0.5,0
28.4086559,0,0,19,0,0,0.029,-0.014,-1,0.3,-0.5,0
28.4186559,0,0,19,0,0,0.029,-0.014,-1,0.3,-0.5,0
28.4286559,0,0,19,0,0,0.031,-0.015,-1,0.3,-0.6,0
28.4386559,0,0,19,0,0,0.031,-0.015,-1,0.3,-0.6,0
28.4486559,0,0,19,0,0,0.031,-0.015,-1,0.3,-0.6,0
28.4586559,0,0,19,0,0,0.031,-0.015,-1,0.3,-0.6,0
28.4686559,0,0,19,0,0,0.031,-0.015,-1,0.3,-0.6,0
28.4786559,0,0,19,0,0,0.029,-0.014,-1,0.3,-0.6,0
28.4886559,0,0,19,0,0,0.029,-0.014,-1,0.3,-0.6,0
28.4986559,0,0,19,0,0,0.029,-0.014,-1,0.3,-0.6,0
28.5086559,0,0,19,0,0,0.029,-0.014,-1,0.3,-0.6,0
28.5186559,0,0,19,0,0,0.029,-0.014,-1,0.3,-0.6,0
28.5286559,0,0,19,0,0,0.03,-0.015,-1,0.3,-0.5,0
28.5386559,0,0,19,0,0,0.03,-0.015,-1,0.3,-0.5,0
28.5486559,0,0,19,0,0,0.03,-0.015,-1,0.3,-0.5,0
28.5586559,0,0,19,0,0,0.03,-0.015,-1,0.3,-0.5,0
28.5686559,0,0,19,0,0,0.03,-0.015,-1,0.3,-0.5,0
28.5786559,0,0,19,0,0,0.029,-0.014,-1,0.2,-0.6,0
28.5886559,0,0,19,0,0,0.029,-0.014,-1,0.2,-0.6,0
28.5986559,0,0,19,0,0,0.029,-0.014,-1,0.2,-0.6,0
28.6086559,0,0,19,0,0,0.029,-0.014,-1,0.2,-0.6,0
28.6186559,0,0,19,0,0,0.029,-0.014,-1,0.2,-0.6,0
28.6286559,0,0,19,0,0,0.029,-0.014,-1,0.3,-0.6,0
28.6386559,0,0,19,0,0,0.029,-0.014,-1,0.3,-0.6,0
28.6486559,0,0,19,0,0,0.029,-0.014,-1,0.3,-0.6,0
28.6586559,0,0,19,0,0,0.029,-0.014,-1,0.3,-0.6,0
28.6686559,0,0,19,0,0,0.029,-0.014,-1,0.3,-0.6,0
28.6786559,0,0,19,0,0,0.031,-0.015,-1,0.3,-0.6,0
28.6886559,0,0,19,0,0,0.031,-0.015,-1,0.3,-0.6,0
28.6986559,0,0,19,0,0,0.031,-0.015,-1,0.3,-0.6,0
28.7086559,0,0,19,0,0,0.031,-0.015,-1,0.3,-0.6,0
28.7186559,0,0,19,0,0,0.031,-0.015,-1,0.3,-0.6,0
28.7286559,0,0,19,0,0,0.031,-0.015,-1,0.3,-0.6,0
28.7386559,0,0,19,0,0,0.031,-0.015,-1,0.3,-0.6,0
28.7486559,0,0,19,0,0,0.031,-0.015,-1,0.3,-0.6,0
28.7586559,0,0,19,0,0,0.031,-0.015,-1,0.3,-0.6,0
28.7686559,0,0,19,0,0,0.031,-0.015,-1,0.3,-0.6,0
28.7786559,0,0,19,0,0,0.029,-0.014,-1,0.2,-0.6,0
28.7886559,0,0,19,0,0,0.029,-0.014,-1,0.2,-0.6,0
28.7986559,0,0,19,0,0,0.029,-0.014,-1,0.2,-0.6,0
28.8086559,0,0,19,0,0,0.029,-0.014,-1,0.2,-0.6,0
28.8186559,0,0,19,0,0,0.029,-0.014,-1,0.2,-0.6,0
28.8286559,0,-0.01,19,0,0,0.031,-0.013,-1,0.3,-0.5,0
28.8386559,0,-0.01,19,0,0,0.031,-0.013,-1,0.3,-0.5,0
28.8486559,0,-0.01,19,0,0,0.031,-0.013,-1,0.3,-0.5,0
28.8586559,0,-0.01,19,0,0,0.031,-0.013,-1,0.3,-0.5,0
28.8686559,0,-0.01,19,0,0,0.031,-0.013,-1,0.3,-0.5,0
28.8786559,0,0,19,0,0,0.03,-0.014,-1,0.2,-0.6,0
28.8886559,0,0,19,0,0,0.03,-0.014,-1,0.2,-0.6,0
28.8986559,0,0,19,0,0,0.03,-0.014,-1,0.2,-0.6,0
28.9086559,0,0,19,0,0,0.03,-0.014,-1,0.2,-0.6,0
28.9186559,0,0,19,0,0,0.03,-0.014,-1,0.2,-0.6,0
28.9286559,0,-0.01,19,0,0,0.031,-0.015,-1,0.3,-0.6,0
28.9386559,0,-0.01,19,0,0,0.031,-0.015,-1,0.3,-0.6,0
28.9486559,0,-0.01,19,0,0,0.031,-0.015,-1,0.3,-0.6,0
28.9586559,0,-0.01,19,0,0,0.031,-0.015,-1,0.3,-0.6,0
28.9686559,0,-0.01,19,0,0,0.031,-0.015,-1,0.3,-0.6,0
28.9786559,0,0,19,0,0,0.03,-0.014,-1,0.2,-0.6,0
28.9886559,0,0,19,0,0,0.03,-0.014,-1,0.2,-0.6,0
28.9986559,0,0,19,0,0,0.03,-0.014,-1,0.2,-0.6,0
29.0086559,0,0,19,0,0,0.03,-0.014,-1,0.2,-0.6,0
29.0186559,0,0,19,0,0,0.03,-0.014,-1,0.2,-0.6,0
29.0286559,0,0,19,0,0,0.03,-0.014,-1,0.3,-0.6,0
29.0386559,0,0,19,0,0,0.03,-0.014,-1,0.3,-0.6,0
29.0486559,0,0,19,0,0,0.03,-0.014,-1,0.3,-0.6,0
29.0586559,0,0,19,0,0,0.03,-0.014,-1,0.3,-0.6,0
29.0686559,17,0,19,0,0,0.03,-0.014,-1,0.3,-0.6,0
29.0786559,17,-0.02,19,0,0,0.031,-0.015,-0.999,0.3,-0.7,0
29.0886559,17,-0.02,19,0,0,0.031,-0.015,-0.999,0.3,-0.7,0
29.0986559,87,-0.02,19,0,0,0.031,-0.015,-0.999,0.3,-0.7,0
29.1086559,17,-0.02,19,0,0,0.031,-0.015,-0.999,0.3,-0.7,0
29.1186559,17,-0.02,19,0,0,0.031,-0.015,-0.999,0.3,-0.7,0
29.1286559,93,0.01,19,0,0,0.032,-0.01,-0.991,0.2,-0.2,0
29.1386559,17,0.01,19,0,0,0.032,-0.01,-0.991,0.2,-0.2,0
29.1486559,17,0.01,19,0,0,0.032,-0.01,-0.991,0.2,-0.2,0
29.1586559,17,0.01,19,0,0,0.032,-0.01,-0.991,0.2,-0.2,0
29.1686559,80,0.01,19,0,0,0.032,-0.01,-0.991,0.2,-0.2,0
29.1786559,12,0,19,0,0,0.028,-0.015,-1.007,0.2,-1,0
29.1886559,12,0,19,0,0,0.028,-0.015,-1.007,0.2,-1,0
29.1986559,12,0,19,0,0,0.028,-0.015,-1.007,0.2,-1,0
29.2086559,12,0,19,0,0,0.028,-0.015,-1.007,0.2,-1,0
29.2186559,54,0,19,0,0,0.028,-0.015,-1.007,0.2,-1,0
29.2286559,12,0,19,0,0,0.031,-0.018,-0.994,0.3,-0.3,0
29.2386559,12,0,19,0,0,0.031,-0.018,-0.994,0.3,-0.3,0
29.2486559,12,0,19,0,0,0.031,-0.018,-0.994,0.3,-0.3,0
29.2586559,12,0,19,0,0,0.031,-0.018,-0.994,0.3,-0.3,0
29.2686559,85,0,19,0,0,0.031,-0.018,-0.994,0.3,-0.3,0
29.2786559,17,-0.01,19,0,0,0.029,-0.016,-1.009,0.2,-1,0
29.2886559,92,-0.01,19,0,0,0.029,-0.016,-1.009,0.2,-1,0
29.2986559,35,-0.01,19,0,0,0.029,-0.016,-1.009,0.2,-1,0
29.3086559,35,-0.01,19,0,0,0.029,-0.016,-1.009,0.2,-1,0
29.3186559,35,-0.01,19,0,0,0.029,-0.016,-1.009,0.2,-1,0
29.3286559,29,0.01,19,0,0,0.032,-0.014,-0.983,0.3,-0.3,0
29.3386559,29,0.01,19,0,0,0.032,-0.014,-0.983,0.3,-0.3,0
29.3486559,29,0.01,19,0,0,0.032,-0.014,-0.983,0.3,-0.3,0
29.3586559,70,0.01,19,0,0,0.032,-0.014,-0.983,0.3,-0.3,0
29.3686559,35,0.01,19,0,0,0.032,-0.014,-0.983,0.3,-0.3,0
29.3786559,35,0.01,19,0,0,0.028,-0.013,-1.007,0.1,-0.9,0
29.3886559,35,0.01,19,0,0,0.028,-0.013,-1.007,0.1,-0.9,0
29.3986559,15,0.01,19,0,0,0.028,-0.013,-1.007,0.1,-0.9,0
29.4086559,0,0.01,19,0,0,0.028,-0.013,-1.007,0.1,-0.9,0
29.4186559,0,0.01,19,0,0,0.028,-0.013,-1.007,0.1,-0.9,0
29.4286559,0,0,19,0,0,0.032,-0.014,-0.987,0.2,-0.5,0
29.4386559,9,0,19,0,0,0.032,-0.014,-0.987,0.2,-0.5,0
29.4486559,29,0,19,0,0,0.032,-0.014,-0.987,0.2,-0.5,0
29.4586559,29,0,19,0,0,0.032,-0.014,-0.987,0.2,-0.5,0
29.4686559,70,0,19,0,0,0.032,-0.014,-0.987,0.2,-0.5,0
29.4786559,29,0,19,0,0,0.029,-0.016,-1.006,0.3,-0.7,0
29.4886559,29,0,19,0,0,0.029,-0.016,-1.006,0.3,-0.7,0
29.4986559,29,0,19,0,0,0.029,-0.016,-1.006,0.3,-0.7,0
29.5086559,28,0,19,0,0,0.029,-0.016,-1.006,0.3,-0.7,0
29.5186559,14,0,19,0,0,0.029,-0.016,-1.006,0.3,-0.7,0
29.5286559,29,-0.01,19,0,0,0.032,-0.013,-0.993,0.3,-0.6,0
29.5386559,29,-0.01,19,0,0,0.032,-0.013,-0.993,0.3,-0.6,0
29.5486559,62,-0.01,19,0,0,0.032,-0.013,-0.993,0.3,-0.6,0
29.5586559,29,-0.01,19,0,0,0.032,-0.013,-0.993,0.3,-0.6,0
29.5686559,29,-0.01,19,0,0,0.032,-0.013,-0.993,0.3,-0.6,0
29.5786559,29,0,19,0,0,0.028,-0.014,-1.006,0.3,-0.6,0
29.5886559,28,0,19,0,0,0.028,-0.014,-1.006,0.3,-0.6,0
29.5986559,22,0,19,0,0,0.028,-0.014,-1.006,0.3,-0.6,0
29.6086559,29,0,19,0,0,0.028,-0.014,-1.006,0.3,-0.6,0
29.6186559,89,0,19,0,0,0.028,-0.014,-1.006,0.3,-0.6,0
29.6286559,29,0,19,0,0,0.034,-0.013,-0.983,0.2,-0.9,0
29.6386559,29,0,19,0,0,0.034,-0.013,-0.983,0.2,-0.9,0
29.6486559,29,0,19,0,0,0.034,-0.013,-0.983,0.2,-0.9,0
29.6586559,39,0,19,0,0,0.034,-0.013,-0.983,0.2,-0.9,0
29.6686559,35,0,19,0,0,0.034,-0.013,-0.983,0.2,-0.9,0
29.6786559,35,0,19,0,0,0.028,-0.015,-1.007,0.3,-0.4,0
29.6886559,35,0,19,0,0,0.028,-0.015,-1.007,0.3,-0.4,0
29.6986559,9,0,19,0,0,0.028,-0.015,-1.007,0.3,-0.4,0
29.7086559,15,0,19,0,0,0.028,-0.015,-1.007,0.3,-0.4,0
29.7186559,29,0,19,0,0,0.028,-0.015,-1.007,0.3,-0.4,0
29.7286559,29,-0.01,19,0,0,0.031,-0.013,-0.994,0.2,-1,0
29.7386559,44,-0.01,19,0,0,0.031,-0.013,-0.994,0.2,-1,0
29.7486559,35,-0.01,19,0,0,0.031,-0.013,-0.994,0.2,-1,0
29.7586559,35,-0.01,19,0,0,0.031,-0.013,-0.994,0.2,-1,0
29.7686559,62,-0.01,19,0,0,0.031,-0.013,-0.994,0.2,-1,0
29.7786559,35,-0.01,19,0,0,0.029,-0.015,-1.001,0.3,-0.3,0
29.7886559,35,-0.01,19,0,0,0.029,-0.015,-1.001,0.3,-0.3,0
29.7986559,35,-0.01,19,0,0,0.029,-0.015,-1.001,0.3,-0.3,0
29.8086559,44,-0.01,19,0,0,0.029,-0.015,-1.001,0.3,-0.3,0
29.8186559,35,-0.01,19,0,0,0.029,-0.015,-1.001,0.3,-0.3,0
29.8286559,35,0,19,0,0,0.03,-0.016,-1.004,0.3,-0.7,0
29.8386559,48,0,19,0,0,0.03,-0.016,-1.004,0.3,-0.7,0
29.8486559,35,0,19,0,0,0.03,-0.016,-1.004,0.3,-0.7,0
29.8586559,35,0,19,0,0,0.03,-0.016,-1.004,0.3,-0.7,0
29.8686559,35,0,19,0,0,0.03,-0.016,-1.004,0.3,-0.7,0
29.882625,5,0,19,0,0,0.03,-0.015,-0.997,0.3,-0.6,0
29.892625,0,0,19,0,0,0.03,-0.015,-0.997,0.3,-0.6,0
29.902625,0,0,19,0,0,0.03,-0.015,-0.997,0.3,-0.6,0
29.912625,21,0,19,0,0,0.03,-0.015,-0.997,0.3,-0.6,0
29.922625,29,0,19,0,0,0.03,-0.015,-0.997,0.3,-0.6,0
29.932625,29,0,19,0,0,0.03,-0.013,-1.004,0.2,-0.6,0
29.942625,62,0,19,0,0,0.03,-0.013,-1.004,0.2,-0.6,0
29.952625,35,0,19,0,0,0.03,-0.013,-1.004,0.2,-0.6,0
29.962625,35,0,19,0,0,0.03,-0.013,-1.004,0.2,-0.6,0
29.972625,35,0,19,0,0,0.03,-0.013,-1.004,0.2,-0.6,0
29.986041,8,-0.01,19,0,0,0.03,-0.014,-0.996,0.3,-0.6,0
29.996041,27,-0.01,19,0,0,0.03,-0.014,-0.996,0.3,-0.6,0
30.006041,29,-0.01,19,0,0,0.03,-0.014,-0.996,0.3,-0.6,0
30.016041,29,-0.01,19,0,0,0.03,-0.014,-0.996,0.3,-0.6,0
30.026041,55,-0.01,19,0,0,0.03,-0.014,-0.996,0.3,-0.6,0
30.036041,29,-0.01,19,0,0,0.029,-0.016,-1.005,0.3,-0.5,0
30.046041,29,-0.01,19,0,0,0.029,-0.016,-1.005,0.3,-0.5,0
30.056041,29,-0.01,19,0,0,0.029,-0.016,-1.005,0.3,-0.5,0
30.066041,18,-0.01,19,0,0,0.029,-0.016,-1.005,0.3,-0.5,0
30.076041,29,-0.01,19,0,0,0.029,-0.016,-1.005,0.3,-0.5,0
30.086041,87,0.01,19,0,0,0.03,-0.019,-1.001,0.3,-0.5,0
30.096041,29,0.01,19,0,0,0.03,-0.019,-1.001,0.3,-0.5,0
30.106041,29,0.01,19,0,0,0.03,-0.019,-1.001,0.3,-0.5,0
30.116041,29,0.01,19,0,0,0.03,-0.019,-1.001,0.3,-0.5,0
30.126041,35,0.01,19,0,0,0.03,-0.019,-1.001,0.3,-0.5,0
30.136041,35,0,19,0,0,0.03,-0.016,-1,0.2,-0.7,0
30.146041,35,0,19,0,0,0.03,-0.016,-1,0.2,-0.7,0
30.156041,35,0,19,0,0,0.03,-0.016,-1,0.2,-0.7,0
30.166041,16,0,19,0,0,0.03,-0.016,-1,0.2,-0.7,0
30.176041,0,0,19,0,0,0.03,-0.016,-1,0.2,-0.7,0
30.186041,29,0,19,0,0,0.031,-0.014,-0.995,0.3,-0.4,0
30.196041,29,0,19,0,0,0.031,-0.014,-0.995,0.3,-0.4,0
30.206041,29,0,19,0,0,0.031,-0.014,-0.995,0.3,-0.4,0
30.216041,53,0,19,0,0,0.031,-0.014,-0.995,0.3,-0.4,0
30.226041,35,0,19,0,0,0.031,-0.014,-0.995,0.3,-0.4,0
30.236041,35,-0.01,19,0,0,0.029,-0.014,-1.003,0.3,-0.6,0
30.246041,62,-0.01,19,0,0,0.029,-0.014,-1.003,0.3,-0.6,0
30.256041,35,-0.01,19,0,0,0.029,-0.014,-1.003,0.3,-0.6,0
30.266041,35,-0.01,19,0,0,0.029,-0.014,-1.003,0.3,-0.6,0
30.276041,39,-0.01,19,0,0,0.029,-0.014,-1.003,0.3,-0.6,0
30.286041,35,0.01,19,0,0,0.031,-0.016,-0.997,0.2,-0.8,0
30.296041,35,0.01,19,0,0,0.031,-0.016,-0.997,0.2,-0.8,0
30.306041,47,0.01,19,0,0,0.031,-0.016,-0.997,0.2,-0.8,0
30.316041,35,0.01,19,0,0,0.031,-0.016,-0.997,0.2,-0.8,0
30.326041,35,0.01,19,0,0,0.031,-0.016,-0.997,0.2,-0.8,0
30.336041,35,0.01,19,0,0,0.03,-0.016,-1.001,0.3,-0.3,0
30.346041,15,0.01,19,0,0,0.03,-0.016,-1.001,0.3,-0.3,0
30.356041,0,0.01,19,0,0,0.03,-0.016,-1.001,0.3,-0.3,0
30.366041,0,0.01,19,0,0,0.03,-0.016,-1.001,0.3,-0.3,0
30.376041,29,0.01,19,0,0,0.03,-0.016,-1.001,0.3,-0.3,0
30.386041,29,0,19,0,0,0.029,-0.014,-1.002,0.2,-0.8,0
30.396041,29,0,19,0,0,0.029,-0.014,-1.002,0.2,-0.8,0
30.406041,56,0,19,0,0,0.029,-0.014,-1.002,0.2,-0.8,0
30.416041,35,0,19,0,0,0.029,-0.014,-1.002,0.2,-0.8,0
30.426041,35,0,19,0,0,0.029,-0.014,-1.002,0.2,-0.8,0
30.436041,35,-0.01,19,0,0,0.031,-0.015,-1,0.3,-0.3,0.1
30.446041,9,-0.01,19,0,0,0.031,-0.015,-1,0.3,-0.3,0.1
30.456041,29,-0.01,19,0,0,0.031,-0.015,-1,0.3,-0.3,0.1
30.466041,29,-0.01,19,0,0,0.031,-0.015,-1,0.3,-0.3,0.1
30.476041,56,-0.01,19,0,0,0.031,-0.015,-1,0.3,-0.3,0.1
30.486041,29,-0.01,19,0,0,0.031,-0.014,-1.001,0.3,-0.8,0
30.496041,29,-0.01,19,0,0,0.031,-0.014,-1.001,0.3,-0.8,0
30.506041,29,-0.01,19,0,0,0.031,-0.014,-1.001,0.3,-0.8,0
30.516041,21,-0.01,19,0,0,0.031,-0.014,-1.001,0.3,-0.8,0
30.526041,19,-0.01,19,0,0,0.031,-0.014,-1.001,0.3,-0.8,0
30.536041,29,0.01,19,0,0,0.029,-0.017,-1.007,0.3,-0.1,0
30.546041,86,0.01,19,0,0,0.029,-0.017,-1.007,0.3,-0.1,0
30.556041,29,0.01,19,0,0,0.029,-0.017,-1.007,0.3,-0.1,0
30.566041,29,0.01,19,0,0,0.029,-0.017,-1.007,0.3,-0.1,0
30.576041,29,0.01,19,0,0,0.029,-0.017,-1.007,0.3,-0.1,0
30.586041,48,0,19,0,0,0.033,-0.014,-0.992,0.2,-0.4,0
30.596041,35,0,19,0,0,0.033,-0.014,-0.992,0.2,-0.4,0
30.606041,35,0,19,0,0,0.033,-0.014,-0.992,0.2,-0.4,0
30.616041,22,0,19,0,0,0.033,-0.014,-0.992,0.2,-0.4,0
30.626041,0,0,19,0,0,0.033,-0.014,-0.992,0.2,-0.4,0
30.636041,28,0,19,0,0,0.029,-0.015,-1.006,0.2,-0.6,0
30.646041,35,0,19,0,0,0.029,-0.015,-1.006,0.2,-0.6,0
30.656041,35,0,19,0,0,0.029,-0.015,-1.006,0.2,-0.6,0
30.666041,42,0,19,0,0,0.029,-0.015,-1.006,0.2,-0.6,0
30.676041,35,0,19,0,0,0.029,-0.015,-1.006,0.2,-0.6,0
30.686041,35,-0.01,19,0,0,0.032,-0.015,-0.992,0.3,-0.7,0
30.696041,66,-0.01,19,0,0,0.032,-0.015,-0.992,0.3,-0.7,0
30.706041,35,-0.01,19,0,0,0.032,-0.015,-0.992,0.3,-0.7,0
30.716041,35,-0.01,19,0,0,0.032,-0.015,-0.992,0.3,-0.7,0
30.726041,35,-0.01,19,0,0,0.032,-0.015,-0.992,0.3,-0.7,0
30.736041,38,0.01,19,0,0,0.03,-0.014,-1.004,0.3,-0.3,0
30.746041,35,0.01,19,0,0,0.03,-0.014,-1.004,0.3,-0.3,0
30.756041,35,0.01,19,0,0,0.03,-0.014,-1.004,0.3,-0.3,0
30.766041,46,0.01,19,0,0,0.03,-0.014,-1.004,0.3,-0.3,0
30.776041,35,0.01,19,0,0,0.03,-0.014,-1.004,0.3,-0.3,0
30.786041,35,0.01,19,0,0,0.03,-0.015,-0.999,0.2,-1,0
30.796041,31,0.01,19,0,0,0.03,-0.015,-0.999,0.2,-1,0
30.806041,0,0.01,19,0,0,0.03,-0.015,-0.999,0.2,-1,0
30.816041,0,0.01,19,0,0,0.03,-0.015,-0.999,0.2,-1,0
30.826041,14,0.01,19,0,0,0.03,-0.015,-0.999,0.2,-1,0
30.836041,29,0,19,0,0,0.029,-0.015,-0.997,0.3,-0.3,0
30.846041,29,0,19,0,0,0.029,-0.015,-0.997,0.3,-0.3,0
30.856041,59,0,19,0,0,0.029,-0.015,-0.997,0.3,-0.3,0
30.866041,35,0,19,0,0,0.029,-0.015,-0.997,0.3,-0.3,0
30.876041,35,0,19,0,0,0.029,-0.015,-0.997,0.3,-0.3,0
30.886041,35,0,19,0,0,0.029,-0.015,-1.002,0.3,-0.7,0
30.896041,15,0,19,0,0,0.029,-0.015,-1.002,0.3,-0.7,0
30.906041,16,0,19,0,0,0.029,-0.015,-1.002,0.3,-0.7,0
30.916041,29,0,19,0,0,0.029,-0.015,-1.002,0.3,-0.7,0
30.926041,29,0,19,0,0,0.029,-0.015,-1.002,0.3,-0.7,0
30.936041,65,-0.01,19,0,0,0.03,-0.017,-0.998,0.2,-0.3,0
30.946041,29,-0.01,19,0,0,0.03,-0.017,-0.998,0.2,-0.3,0
30.956041,29,-0.01,19,0,0,0.03,-0.017,-0.998,0.2,-0.3,0
30.966041,29,-0.01,19,0,0,0.03,-0.017,-0.998,0.2,-0.3,0
30.976041,12,-0.01,19,0,0,0.03,-0.017,-0.998,0.2,-0.3,0
30.986041,29,0.01,19,0,0,0.03,-0.013,-1,0.3,-0.8,0
30.996041,29,0.01,19,0,0,0.03,-0.013,-1,0.3,-0.8,0
31.006041,86,0.01,19,0,0,0.03,-0.013,-1,0.3,-0.8,0
31.016041,29,0.01,19,0,0,0.03,-0.013,-1,0.3,-0.8,0
31.026041,29,0.01,19,0,0,0.03,-0.013,-1,0.3,-0.8,0
31.036041,40,0,19,0,0,0.031,-0.015,-0.997,0.3,-0.3,0
31.046041,35,0,19,0,0,0.031,-0.015,-0.997,0.3,-0.3,0
31.056041,35,0,19,0,0,0.031,-0.015,-0.997,0.3,-0.3,0
31.066041,35,0,19,0,0,0.031,-0.015,-0.997,0.3,-0.3,0
31.076041,8,0,19,0,0,0.031,-0.015,-0.997,0.3,-0.3,0
31.086041,19,0,19,0,0,0.029,-0.013,-1.003,0.2,-0.9,0
31.096041,35,0,19,0,0,0.029,-0.013,-1.003,0.2,-0.9,0
31.106041,35,0,19,0,0,0.029,-0.013,-1.003,0.2,-0.9,0
31.116041,35,0,19,0,0,0.029,-0.013,-1.003,0.2,-0.9,0
31.126041,32,0,19,0,0,0.029,-0.013,-1.003,0.2,-0.9,0
31.136041,35,-0.01,19,0,0,0.031,-0.015,-0.992,0.2,-0.3,0
31.146041,35,-0.01,19,0,0,0.031,-0.015,-0.992,0.2,-0.3,0
31.156041,60,-0.01,19,0,0,0.031,-0.015,-0.992,0.2,-0.3,0
31.166041,35,-0.01,19,0,0,0.031,-0.015,-0.992,0.2,-0.3,0
31.176041,35,-0.01,19,0,0,0.031,-0.015,-0.992,0.2,-0.3,0
31.186041,45,0,19,0,0,0.029,-0.014,-1.007,0.3,-0.5,0
31.196041,35,0,19,0,0,0.029,-0.014,-1.007,0.3,-0.5,0
31.206041,35,0,19,0,0,0.029,-0.014,-1.007,0.3,-0.5,0
31.216041,47,0,19,0,0,0.029,-0.014,-1.007,0.3,-0.5,0
31.226041,35,0,19,0,0,0.029,-0.014,-1.007,0.3,-0.5,0
31.236041,35,0.01,19,0,0,0.03,-0.015,-0.992,0.2,-0.7,0
31.246041,35,0.01,19,0,0,0.03,-0.015,-0.992,0.2,-0.7,0
31.256041,14,0.01,19,0,0,0.03,-0.015,-0.992,0.2,-0.7,0
31.266041,0,0.01,19,0,0,0.03,-0.015,-0.992,0.2,-0.7,0
31.276041,0,0.01,19,0,0,0.03,-0.015,-0.992,0.2,-0.7,0
31.286041,0,0,19,0,0,0.029,-0.013,-1.004,0.3,-0.4,0
31.296041,0,0,19,0,0,0.029,-0.013,-1.004,0.3,-0.4,0
31.306041,0,0,19,0,0,0.029,-0.013,-1.004,0.3,-0.4,0
31.316041,15,0,19,0,0,0.029,-0.013,-1.004,0.3,-0.4,0
31.326041,29,0,19,0,0,0.029,-0.013,-1.004,0.3,-0.4,0
31.336041,29,0,19,0,0,0.033,-0.017,-0.998,0.2,-0.9,0
31.346041,70,0,19,0,0,0.033,-0.017,-0.998,0.2,-0.9,0
31.356041,29,0,19,0,0,0.033,-0.017,-0.998,0.2,-0.9,0
31.366041,29,0,19,0,0,0.033,-0.017,-0.998,0.2,-0.9,0
31.376041,29,0,19,0,0,0.033,-0.017,-0.998,0.2,-0.9,0
31.386041,28,0,19,0,0,0.027,-0.012,-1,0.3,-0.3,0.1
31.396041,18,0,19,0,0,0.027,-0.012,-1,0.3,-0.3,0.1
31.406041,29,0,19,0,0,0.027,-0.012,-1,0.3,-0.3,0.1
31.416041,29,0,19,0,0,0.027,-0.012,-1,0.3,-0.3,0.1
31.426041,65,0,19,0,0,0.027,-0.012,-1,0.3,-0.3,0.1
31.436041,29,-0.01,19,0,0,0.033,-0.017,-1.001,0.3,-0.9,0
31.446041,29,-0.01,19,0,0,0.033,-0.017,-1.001,0.3,-0.9,0
31.456041,29,-0.01,19,0,0,0.033,-0.017,-1.001,0.3,-0.9,0
31.466041,29,-0.01,19,0,0,0.033,-0.017,-1.001,0.3,-0.9,0
31.476041,19,-0.01,19,0,0,0.033,-0.017,-1.001,0.3,-0.9,0
31.486041,23,0.01,19,0,0,0.028,-0.014,-1,0.3,-0.5,0
31.496041,91,0.01,19,0,0,0.028,-0.014,-1,0.3,-0.5,0
31.506041,29,0.01,19,0,0,0.028,-0.014,-1,0.3,-0.5,0
31.516041,29,0.01,19,0,0,0.028,-0.014,-1,0.3,-0.5,0
31.526041,29,0.01,19,0,0,0.028,-0.014,-1,0.3,-0.5,0
31.536041,49,0,19,0,0,0.031,-0.013,-0.997,0.3,-0.6,0
31.546041,35,0,19,0,0,0.031,-0.013,-0.997,0.3,-0.6,0
31.556041,35,0,19,0,0,0.031,-0.013,-0.997,0.3,-0.6,0
31.566041,35,0,19,0,0,0.031,-0.013,-0.997,0.3,-0.6,0
31.576041,13,0,19,0,0,0.031,-0.013,-0.997,0.3,-0.6,0
31.586041,6,0,19,0,0,0.029,-0.016,-1.001,0.3,-0.6,0
31.596041,29,0,19,0,0,0.029,-0.016,-1.001,0.3,-0.6,0
31.606041,29,0,19,0,0,0.029,-0.016,-1.001,0.3,-0.6,0
31.616041,29,0,19,0,0,0.029,-0.016,-1.001,0.3,-0.6,0
31.626041,55,0,19,0,0,0.029,-0.016,-1.001,0.3,-0.6,0
31.636041,35,-0.01,19,0,0,0.03,-0.011,-0.994,0.3,-0.8,0
31.646041,35,-0.01,19,0,0,0.03,-0.011,-0.994,0.3,-0.8,0
31.656041,61,-0.01,19,0,0,0.03,-0.011,-0.994,0.3,-0.8,0
31.666041,35,-0.01,19,0,0,0.03,-0.011,-0.994,0.3,-0.8,0
31.676041,35,-0.01,19,0,0,0.03,-0.011,-0.994,0.3,-0.8,0
31.686041,44,0.01,19,0,0,0.03,-0.017,-1,0.3,-0.2,0
31.696041,35,0.01,19,0,0,0.03,-0.017,-1,0.3,-0.2,0
31.706041,35,0.01,19,0,0,0.03,-0.017,-1,0.3,-0.2,0
31.716041,48,0.01,19,0,0,0.03,-0.017,-1,0.3,-0.2,0
31.726041,35,0.01,19,0,0,0.03,-0.017,-1,0.3,-0.2,0
31.736041,35,0,19,0,0,0.03,-0.014,-1,0.3,-1,0
31.746041,35,0,19,0,0,0.03,-0.014,-1,0.3,-1,0
31.756041,19,0,19,0,0,0.03,-0.014,-1,0.3,-1,0
31.766041,0,0,19,0,0,0.03,-0.014,-1,0.3,-1,0
31.776041,0,0,19,0,0,0.03,-0.014,-1,0.3,-1,0
31.786041,7,0,19,0,0,0.032,-0.017,-0.998,0.3,-0.1,0
31.796041,29,0,19,0,0,0.032,-0.017,-0.998,0.3,-0.1,0
31.806041,29,0,19,0,0,0.032,-0.017,-0.998,0.3,-0.1,0
31.816041,61,0,19,0,0,0.032,-0.017,-0.998,0.3,-0.1,0
31.826041,35,0,19,0,0,0.032,-0.017,-0.998,0.3,-0.1,0
31.836041,35,0.01,19,0,0,0.028,-0.016,-1.007,0.3,-1,0
31.846041,35,0.01,19,0,0,0.028,-0.016,-1.007,0.3,-1,0
31.856041,26,0.01,19,0,0,0.028,-0.016,-1.007,0.3,-1,0
31.866041,10,0.01,19,0,0,0.028,-0.016,-1.007,0.3,-1,0
31.876041,29,0.01,19,0,0,0.028,-0.016,-1.007,0.3,-1,0
31.886041,29,-0.01,19,0,0,0.032,-0.015,-0.997,0.3,-0.2,0
31.896041,58,-0.01,19,0,0,0.032,-0.015,-0.997,0.3,-0.2,0
31.906041,29,-0.01,19,0,0,0.032,-0.015,-0.997,0.3,-0.2,0
31.916041,29,-0.01,19,0,0,0.032,-0.015,-0.997,0.3,-0.2,0
31.926041,29,-0.01,19,0,0,0.032,-0.015,-0.997,0.3,-0.2,0
31.936041,27,0,19,0,0,0.03,-0.015,-1.001,0.2,-0.9,0
31.946041,20,0,19,0,0,0.03,-0.015,-1.001,0.2,-0.9,0
31.956041,29,0,19,0,0,0.03,-0.015,-1.001,0.2,-0.9,0
31.966041,88,0,19,0,0,0.03,-0.015,-1.001,0.2,-0.9,0
31.976041,29,0,19,0,0,0.03,-0.015,-1.001,0.2,-0.9,0
31.986041,29,0,19,0,0,0.03,-0.011,-0.997,0.3,-0.6,0
31.996041,29,0,19,0,0,0.03,-0.011,-0.997,0.3,-0.6,0
32.006041,37,0,19,0,0,0.03,-0.011,-0.997,0.3,-0.6,0
32.016041,35,0,19,0,0,0.03,-0.011,-0.997,0.3,-0.6,0
32.026041,35,0,19,0,0,0.03,-0.011,-0.997,0.3,-0.6,0
32.036041,35,0,19,0,0,0.031,-0.016,-0.998,0.2,-0.6,0
32.046041,6,0,19,0,0,0.031,-0.016,-0.998,0.2,-0.6,0
32.056041,12,0,19,0,0,0.031,-0.016,-0.998,0.2,-0.6,0
32.066041,29,0,19,0,0,0.031,-0.016,-0.998,0.2,-0.6,0
32.076041,29,0,19,0,0,0.031,-0.016,-0.998,0.2,-0.6,0
32.086041,48,-0.01,19,0,0,0.031,-0.013,-0.997,0.2,-0.5,0
32.096041,35,-0.01,19,0,0,0.031,-0.013,-0.997,0.2,-0.5,0
32.106041,35,-0.01,19,0,0,0.031,-0.013,-0.997,0.2,-0.5,0
32.116041,62,-0.01,19,0,0,0.031,-0.013,-0.997,0.2,-0.5,0
32.126041,35,-0.01,19,0,0,0.031,-0.013,-0.997,0.2,-0.5,0
32.136041,35,0,19,0,0,0.031,-0.016,-1,0.2,-0.8,0
32.146041,35,0,19,0,0,0.031,-0.016,-1,0.2,-0.8,0
32.156041,39,0,19,0,0,0.031,-0.016,-1,0.2,-0.8,0
32.166041,35,0,19,0,0,0.031,-0.016,-1,0.2,-0.8,0
32.176041,35,0,19,0,0,0.031,-0.016,-1,0.2,-0.8,0
32.186041,47,0,19,0,0,0.03,-0.016,-0.998,0.2,-0.3,0.1
32.196041,35,0,19,0,0,0.03,-0.016,-0.998,0.2,-0.3,0.1
32.206041,35,0,19,0,0,0.03,-0.016,-0.998,0.2,-0.3,0.1
32.216041,35,0,19,0,0,0.03,-0.016,-0.998,0.2,-0.3,0.1
32.226041,9,0,19,0,0,0.03,-0.016,-0.998,0.2,-0.3,0.1
32.236041,0,0,19,0,0,0.03,-0.014,-1.003,0.3,-0.8,0
32.246041,0,0,19,0,0,0.03,-0.014,-1.003,0.3,-0.8,0
32.256041,29,0,19,0,0,0.03,-0.014,-1.003,0.3,-0.8,0
32.266041,29,0,19,0,0,0.03,-0.014,-1.003,0.3,-0.8,0
32.276041,29,0,19,0,0,0.03,-0.014,-1.003,0.3,-0.8,0
32.286041,57,0,19,0,0,0.031,-0.013,-0.989,0.3,-0.3,0
32.296041,35,0,19,0,0,0.031,-0.013,-0.989,0.3,-0.3,0
32.306041,35,0,19,0,0,0.031,-0.013,-0.989,0.3,-0.3,0
32.316041,35,0,19,0,0,0.031,-0.013,-0.989,0.3,-0.3,0
32.326041,8,0,19,0,0,0.031,-0.013,-0.989,0.3,-0.3,0
32.336041,29,-0.01,19,0,0,0.029,-0.014,-1.006,0.2,-0.7,0
32.346041,29,-0.01,19,0,0,0.029,-0.014,-1.006,0.2,-0.7,0
32.356041,57,-0.01,19,0,0,0.029,-0.014,-1.006,0.2,-0.7,0
32.366041,29,-0.01,19,0,0,0.029,-0.014,-1.006,0.2,-0.7,0
32.376041,29,-0.01,19,0,0,0.029,-0.014,-1.006,0.2,-0.7,0
32.386041,29,0,19,0,0,0.031,-0.015,-0.993,0.2,-0.4,0
32.396041,24,0,19,0,0,0.031,-0.015,-0.993,0.2,-0.4,0
32.406041,16,0,19,0,0,0.031,-0.015,-0.993,0.2,-0.4,0
32.416041,29,0,19,0,0,0.031,-0.015,-0.993,0.2,-0.4,0
32.426041,87,0,19,0,0,0.031,-0.015,-0.993,0.2,-0.4,0
32.436041,29,0,19,0,0,0.03,-0.015,-1.002,0.2,-0.7,0
32.446041,29,0,19,0,0,0.03,-0.015,-1.002,0.2,-0.7,0
32.456041,29,0,19,0,0,0.03,-0.015,-1.002,0.2,-0.7,0
32.466041,48,0,19,0,0,0.03,-0.015,-1.002,0.2,-0.7,0
32.476041,35,0,19,0,0,0.03,-0.015,-1.002,0.2,-0.7,0
32.486041,35,0,19,0,0,0.03,-0.017,-0.999,0.3,-0.4,0
32.496041,28,0,19,0,0,0.03,-0.017,-0.999,0.3,-0.4,0
32.506041,0,0,19,0,0,0.03,-0.017,-0.999,0.3,-0.4,0
32.516041,21,0,19,0,0,0.03,-0.017,-0.999,0.3,-0.4,0
32.526041,35,0,19,0,0,0.03,-0.017,-0.999,0.3,-0.4,0
32.536041,35,0,19,0,0,0.03,-0.013,-1.004,0.2,-0.8,0
32.546041,35,0,19,0,0,0.03,-0.013,-1.004,0.2,-0.8,0
32.556041,43,0,19,0,0,0.03,-0.013,-1.004,0.2,-0.8,0
32.566041,35,0,19,0,0,0.03,-0.013,-1.004,0.2,-0.8,0
32.576041,66,0,19,0,0,0.03,-0.013,-1.004,0.2,-0.8,0
32.586041,35,-0.01,19,0,0,0.03,-0.014,-0.994,0.2,-0.4,0
32.596041,35,-0.01,19,0,0,0.03,-0.014,-0.994,0.2,-0.4,0
32.606041,35,-0.01,19,0,0,0.03,-0.014,-0.994,0.2,-0.4,0
32.616041,39,-0.01,19,0,0,0.03,-0.014,-0.994,0.2,-0.4,0
32.626041,35,-0.01,19,0,0,0.03,-0.014,-0.994,0.2,-0.4,0
32.636041,35,0.01,19,0,0,0.027,-0.016,-1.008,0.3,-0.6,0
32.646041,45,0.01,19,0,0,0.027,-0.016,-1.008,0.3,-0.6,0
32.656041,35,0.01,19,0,0,0.027,-0.016,-1.008,0.3,-0.6,0
32.666041,35,0.01,19,0,0,0.027,-0.016,-1.008,0.3,-0.6,0
32.676041,35,0.01,19,0,0,0.027,-0.016,-1.008,0.3,-0.6,0
32.686041,8,0,19,0,0,0.033,-0.014,-0.991,0.3,-0.7,0
32.696041,0,0,19,0,0,0.033,-0.014,-0.991,0.3,-0.7,0
32.706041,0,0,19,0,0,0.033,-0.014,-0.991,0.3,-0.7,0
32.716041,23,0,19,0,0,0.033,-0.014,-0.991,0.3,-0.7,0
32.726041,29,0,19,0,0,0.033,-0.014,-0.991,0.3,-0.7,0
32.736041,29,0,19,0,0,0.028,-0.016,-1.013,0.3,-0.4,0
32.746041,63,0,19,0,0,0.028,-0.016,-1.013,0.3,-0.4,0
32.756041,35,0,19,0,0,0.028,-0.016,-1.013,0.3,-0.4,0
32.766041,35,0,19,0,0,0.028,-0.016,-1.013,0.3,-0.4,0
32.776041,35,0,19,0,0,0.028,-0.016,-1.013,0.3,-0.4,0
32.786041,7,-0.01,19,0,0,0.031,-0.014,-0.992,0.2,-0.7,0
32.796041,21,-0.01,19,0,0,0.031,-0.014,-0.992,0.2,-0.7,0
32.806041,29,-0.01,19,0,0,0.031,-0.014,-0.992,0.2,-0.7,0
32.816041,29,-0.01,19,0,0,0.031,-0.014,-0.992,0.2,-0.7,0
32.826041,68,-0.01,19,0,0,0.031,-0.014,-0.992,0.2,-0.7,0
32.836041,29,-0.01,19,0,0,0.029,-0.016,-1.01,0.3,-0.4,0
32.846041,29,-0.01,19,0,0,0.029,-0.016,-1.01,0.3,-0.4,0
32.856041,29,-0.01,19,0,0,0.029,-0.016,-1.01,0.3,-0.4,0
32.866041,12,-0.01,19,0,0,0.029,-0.016,-1.01,0.3,-0.4,0
32.876041,29,-0.01,19,0,0,0.029,-0.016,-1.01,0.3,-0.4,0
32.886041,87,0.01,19,0,0,0.032,-0.016,-0.994,0.3,-0.6,0
32.896041,29,0.01,19,0,0,0.032,-0.016,-0.994,0.3,-0.6,0
32.906041,29,0.01,19,0,0,0.032,-0.016,-0.994,0.3,-0.6,0
32.916041,29,0.01,19,0,0,0.032,-0.016,-0.994,0.3,-0.6,0
32.926041,40,0.01,19,0,0,0.032,-0.016,-0.994,0.3,-0.6,0
32.936041,35,0,19,0,0,0.029,-0.013,-1,0.2,-0.5,0
32.946041,35,0,19,0,0,0.029,-0.013,-1,0.2,-0.5,0
32.956041,35,0,19,0,0,0.029,-0.013,-1,0.2,-0.5,0
32.966041,12,0,19,0,0,0.029,-0.013,-1,0.2,-0.5,0
32.976041,14,0,19,0,0,0.029,-0.013,-1,0.2,-0.5,0
32.986041,35,0,19,0,0,0.032,-0.014,-0.994,0.2,-0.6,0
32.996041,35,0,19,0,0,0.032,-0.014,-0.994,0.2,-0.6,0
33.006041,35,0,19,0,0,0.032,-0.014,-0.994,0.2,-0.6,0
33.016041,34,0,19,0,0,0.032,-0.014,-0.994,0.2,-0.6,0
33.026041,35,0,19,0,0,0.032,-0.014,-0.994,0.2,-0.6,0
33.036041,35,-0.01,19,0,0,0.028,-0.014,-1.007,0.3,-0.5,0
33.046041,60,-0.01,19,0,0,0.028,-0.014,-1.007,0.3,-0.5,0
33.056041,35,-0.01,19,0,0,0.028,-0.014,-1.007,0.3,-0.5,0
33.066041,35,-0.01,19,0,0,0.028,-0.014,-1.007,0.3,-0.5,0
33.076041,46,-0.01,19,0,0,0.028,-0.014,-1.007,0.3,-0.5,0
33.086041,35,0.01,19,0,0,0.031,-0.015,-0.99,0.2,-0.7,0
33.096041,35,0.01,19,0,0,0.031,-0.015,-0.99,0.2,-0.7,0
33.106041,35,0.01,19,0,0,0.031,-0.015,-0.99,0.2,-0.7,0
33.116041,47,0.01,19,0,0,0.031,-0.015,-0.99,0.2,-0.7,0
33.126041,35,0.01,19,0,0,0.031,-0.015,-0.99,0.2,-0.7,0
33.136041,35,0.01,19,0,0,0.029,-0.015,-1.008,0.2,-0.3,0
33.146041,25,0.01,19,0,0,0.029,-0.015,-1.008,0.2,-0.3,0
33.156041,0,0.01,19,0,0,0.029,-0.015,-1.008,0.2,-0.3,0
33.166041,0,0.01,19,0,0,0.029,-0.015,-1.008,0.2,-0.3,0
33.176041,0,0.01,19,0,0,0.029,-0.015,-1.008,0.2,-0.3,0
33.186041,0,0.01,19,0,0,0.029,-0.016,-0.993,0.3,-0.9,0
33.196041,0,0.01,19,0,0,0.029,-0.016,-0.993,0.3,-0.9,0
33.206041,0,0.01,19,0,0,0.029,-0.016,-0.993,0.3,-0.9,0
33.216041,5,0.01,19,0,0,0.029,-0.016,-0.993,0.3,-0.9,0
33.226041,23,0.01,19,0,0,0.029,-0.016,-0.993,0.3,-0.9,0
33.236041,23,0,19,0,0,0.029,-0.017,-1.009,0.3,-0.4,0
33.246041,71,0,19,0,0,0.029,-0.017,-1.009,0.3,-0.4,0
33.256041,29,0,19,0,0,0.029,-0.017,-1.009,0.3,-0.4,0
33.266041,29,0,19,0,0,0.029,-0.017,-1.009,0.3,-0.4,0
33.276041,29,0,19,0,0,0.029,-0.017,-1.009,0.3,-0.4,0
33.286041,29,0,19,0,0,0.032,-0.016,-0.997,0.2,-0.8,0
33.296041,23,0,19,0,0,0.032,-0.016,-0.997,0.2,-0.8,0
33.306041,29,0,19,0,0,0.032,-0.016,-0.997,0.2,-0.8,0
33.316041,29,0,19,0,0,0.032,-0.016,-0.997,0.2,-0.8,0
33.326041,65,0,19,0,0,0.032,-0.016,-0.997,0.2,-0.8,0
33.336041,29,-0.01,19,0,0,0.03,-0.014,-1.003,0.3,-0.3,0
33.3460409999999,29,-0.01,19,0,0,0.03,-0.014,-1.003,0.3,-0.3,0
33.356041,29,-0.01,19,0,0,0.03,-0.014,-1.003,0.3,-0.3,0
33.366041,29,-0.01,19,0,0,0.03,-0.014,-1.003,0.3,-0.3,0
33.376041,22,-0.01,19,0,0,0.03,-0.014,-1.003,0.3,-0.3,0
33.3860409999999,23,0.01,19,0,0,0.03,-0.01,-0.998,0.2,-0.9,0
33.3960409999999,23,0.01,19,0,0,0.03,-0.01,-0.998,0.2,-0.9,0
33.406041,91,0.01,19,0,0,0.03,-0.01,-0.998,0.2,-0.9,0
33.416041,23,0.01,19,0,0,0.03,-0.01,-0.998,0.2,-0.9,0
33.4260409999999,23,0.01,19,0,0,0.03,-0.01,-0.998,0.2,-0.9,0
33.4360409999999,23,0,19,0,0,0.03,-0.018,-1.002,0.3,-0.1,0.1
33.4460409999999,58,0,19,0,0,0.03,-0.018,-1.002,0.3,-0.1,0.1
33.4560409999999,35,0,19,0,0,0.03,-0.018,-1.002,0.3,-0.1,0.1
33.4660409999999,35,0,19,0,0,0.03,-0.018,-1.002,0.3,-0.1,0.1
33.4760409999999,27,0,19,0,0,0.03,-0.018,-1.002,0.3,-0.1,0.1
33.4860409999999,0,0,19,0,0,0.029,-0.015,-1.006,0.2,-0.9,0
33.4960409999999,24,0,19,0,0,0.029,-0.015,-1.006,0.2,-0.9,0
33.5060409999999,29,0,19,0,0,0.029,-0.015,-1.006,0.2,-0.9,0
33.5160409999999,29,0,19,0,0,0.029,-0.015,-1.006,0.2,-0.9,0
33.5260409999999,52,0,19,0,0,0.029,-0.015,-1.006,0.2,-0.9,0
33.5360409999999,35,-0.01,19,0,0,0.031,-0.015,-0.998,0.2,-0.4,0
33.5460409999999,35,-0.01,19,0,0,0.031,-0.015,-0.998,0.2,-0.4,0
33.5560409999999,62,-0.01,19,0,0,0.031,-0.015,-0.998,0.2,-0.4,0
33.5660409999999,35,-0.01,19,0,0,0.031,-0.015,-0.998,0.2,-0.4,0
33.5760409999999,35,-0.01,19,0,0,0.031,-0.015,-0.998,0.2,-0.4,0
33.5860409999999,35,0,19,0,0,0.029,-0.015,-1.002,0.3,-0.6,0
33.5960409999999,44,0,19,0,0,0.029,-0.015,-1.002,0.3,-0.6,0
33.6060409999999,35,0,19,0,0,0.029,-0.015,-1.002,0.3,-0.6,0
33.6160409999999,35,0,19,0,0,0.029,-0.015,-1.002,0.3,-0.6,0
33.6260409999999,48,0,19,0,0,0.029,-0.015,-1.002,0.3,-0.6,0
33.6360409999999,35,0.01,19,0,0,0.029,-0.015,-0.998,0.3,-0.7,0
33.6460409999999,35,0.01,19,0,0,0.029,-0.015,-0.998,0.3,-0.7,0
33.6560409999999,35,0.01,19,0,0,0.029,-0.015,-0.998,0.3,-0.7,0
33.6660409999999,0,0.01,19,0,0,0.029,-0.015,-0.998,0.3,-0.7,0
33.6760409999999,0,0.01,19,0,0,0.029,-0.015,-0.998,0.3,-0.7,0
33.6860409999999,0,0,19,0,0,0.03,-0.015,-1.002,0.2,-0.4,0
33.6960409999999,14,0,19,0,0,0.03,-0.015,-1.002,0.2,-0.4,0
33.7060409999999,29,0,19,0,0,0.03,-0.015,-1.002,0.2,-0.4,0
33.7160409999999,29,0,19,0,0,0.03,-0.015,-1.002,0.2,-0.4,0
33.7260409999999,61,0,19,0,0,0.03,-0.015,-1.002,0.2,-0.4,0
33.7360409999999,29,0,19,0,0,0.032,-0.011,-0.991,0.2,-0.4,0
33.7460409999999,29,0,19,0,0,0.032,-0.011,-0.991,0.2,-0.4,0
33.7560409999999,29,0,19,0,0,0.032,-0.011,-0.991,0.2,-0.4,0
33.7660409999999,17,0,19,0,0,0.032,-0.011,-0.991,0.2,-0.4,0
33.7760409999999,25,0,19,0,0,0.032,-0.011,-0.991,0.2,-0.4,0
33.7860409999999,29,-0.02,19,0,0,0.029,-0.014,-1.005,0.2,-0.7,0
33.7960409999999,29,-0.02,19,0,0,0.029,-0.014,-1.005,0.2,-0.7,0
33.8060409999999,56,-0.02,19,0,0,0.029,-0.014,-1.005,0.2,-0.7,0
33.8160409999999,29,-0.02,19,0,0,0.029,-0.014,-1.005,0.2,-0.7,0
33.8260409999999,29,-0.02,19,0,0,0.029,-0.014,-1.005,0.2,-0.7,0
33.8360409999999,29,0,19,0,0,0.031,-0.015,-0.997,0.2,-0.5,0
33.8460409999999,16,0,19,0,0,0.031,-0.015,-0.997,0.2,-0.5,0
33.8560409999999,29,0,19,0,0,0.031,-0.015,-0.997,0.2,-0.5,0
33.8660409999999,29,0,19,0,0,0.031,-0.015,-0.997,0.2,-0.5,0
33.8760409999999,88,0,19,0,0,0.031,-0.015,-0.997,0.2,-0.5,0
33.8860409999999,29,0,19,0,0,0.03,-0.016,-1.001,0.3,-0.7,0
33.8960409999999,29,0,19,0,0,0.03,-0.016,-1.001,0.3,-0.7,0
33.9060409999999,29,0,19,0,0,0.03,-0.016,-1.001,0.3,-0.7,0
33.9160409999999,39,0,19,0,0,0.03,-0.016,-1.001,0.3,-0.7,0
33.9260409999999,35,0,19,0,0,0.03,-0.016,-1.001,0.3,-0.7,0
33.9360409999999,35,0,19,0,0,0.03,-0.014,-1.003,0.2,-0.5,0
33.9460409999999,26,0,19,0,0,0.03,-0.014,-1.003,0.2,-0.5,0
33.9560409999999,0,0,19,0,0,0.03,-0.014,-1.003,0.2,-0.5,0
33.9660409999999,23,0,19,0,0,0.03,-0.014,-1.003,0.2,-0.5,0
33.9760409999999,29,0,19,0,0,0.03,-0.014,-1.003,0.2,-0.5,0
34.0137721,29,0,19,0,0,0.031,-0.015,-1.002,0.2,-0.9,0
34.0237721,50,0,19,0,0,0.031,-0.015,-1.002,0.2,-0.9,0
34.0337721,35,0,19,0,0,0.031,-0.015,-1.002,0.2,-0.9,0
34.0437721,35,0,19,0,0,0.031,-0.015,-1.002,0.2,-0.9,0
34.0537721,62,0,19,0,0,0.031,-0.015,-1.002,0.2,-0.9,0
34.0637721,35,0,19,0,0,0.031,-0.016,-0.999,0.3,-0.5,0
34.0737721,35,0,19,0,0,0.031,-0.016,-0.999,0.3,-0.5,0
34.0837721,35,0,19,0,0,0.031,-0.016,-0.999,0.3,-0.5,0
34.0937721,39,0,19,0,0,0.031,-0.016,-0.999,0.3,-0.5,0
34.1037721,35,0,19,0,0,0.031,-0.016,-0.999,0.3,-0.5,0
34.1137721,35,0.01,19,0,0,0.029,-0.015,-1.006,0.3,-0.7,0
34.1237721,48,0.01,19,0,0,0.029,-0.015,-1.006,0.3,-0.7,0
34.1337721,35,0.01,19,0,0,0.029,-0.015,-1.006,0.3,-0.7,0
34.1437721,35,0.01,19,0,0,0.029,-0.015,-1.006,0.3,-0.7,0
34.1537721,32,0.01,19,0,0,0.029,-0.015,-1.006,0.3,-0.7,0
34.1637721,0,0,19,0,0,0.032,-0.015,-0.993,0.3,-0.6,0
34.1737721,0,0,19,0,0,0.032,-0.015,-0.993,0.3,-0.6,0
34.1837721,8,0,19,0,0,0.032,-0.015,-0.993,0.3,-0.6,0
34.1937721,29,0,19,0,0,0.032,-0.015,-0.993,0.3,-0.6,0
34.2037721,29,0,19,0,0,0.032,-0.015,-0.993,0.3,-0.6,0
34.2137721,29,0,19,0,0,0.029,-0.016,-1.009,0.2,-0.6,0.1
34.2237721,59,0,19,0,0,0.029,-0.016,-1.009,0.2,-0.6,0.1
34.2337721,35,0,19,0,0,0.029,-0.016,-1.009,0.2,-0.6,0.1
34.2437721,35,0,19,0,0,0.029,-0.016,-1.009,0.2,-0.6,0.1
34.2537721,30,0,19,0,0,0.029,-0.016,-1.009,0.2,-0.6,0.1
34.2637721,12,-0.01,19,0,0,0.03,-0.015,-0.992,0.3,-0.7,0
34.2737721,29,-0.01,19,0,0,0.03,-0.015,-0.992,0.3,-0.7,0
34.2837721,29,-0.01,19,0,0,0.03,-0.015,-0.992,0.3,-0.7,0
34.2937721,58,-0.01,19,0,0,0.03,-0.015,-0.992,0.3,-0.7,0
34.3037721,29,-0.01,19,0,0,0.03,-0.015,-0.992,0.3,-0.7,0
34.3137721,29,-0.01,19,0,0,0.028,-0.016,-1.009,0.3,-0.6,0
34.3237721,29,-0.01,19,0,0,0.028,-0.016,-1.009,0.3,-0.6,0
34.3337721,20,-0.01,19,0,0,0.028,-0.016,-1.009,0.3,-0.6,0
34.3437721,20,-0.01,19,0,0,0.028,-0.016,-1.009,0.3,-0.6,0
34.3537721,29,-0.01,19,0,0,0.028,-0.016,-1.009,0.3,-0.6,0
34.3637721,87,0,19,0,0,0.031,-0.011,-0.99,0.3,-0.5,0
34.3737721,29,0,19,0,0,0.031,-0.011,-0.99,0.3,-0.5,0
34.3837721,29,0,19,0,0,0.031,-0.011,-0.99,0.3,-0.5,0
34.3937721,29,0,19,0,0,0.031,-0.011,-0.99,0.3,-0.5,0
34.4037721,48,0,19,0,0,0.031,-0.011,-0.99,0.3,-0.5,0
34.4137721,35,0,19,0,0,0.029,-0.013,-1.001,0.3,-0.6,0
34.4237721,35,0,19,0,0,0.029,-0.013,-1.001,0.3,-0.6,0
34.4337721,26,0,19,0,0,0.029,-0.013,-1.001,0.3,-0.6,0
34.4437721,0,0,19,0,0,0.029,-0.013,-1.001,0.3,-0.6,0
34.4537721,23,0,19,0,0,0.029,-0.013,-1.001,0.3,-0.6,0
34.4637721,35,0,19,0,0,0.031,-0.016,-0.995,0.3,-0.4,0
34.4737721,35,0,19,0,0,0.031,-0.016,-0.995,0.3,-0.4,0
34.4837721,42,0,19,0,0,0.031,-0.016,-0.995,0.3,-0.4,0
34.4937721,35,0,19,0,0,0.031,-0.016,-0.995,0.3,-0.4,0
34.5037721,35,0,19,0,0,0.031,-0.016,-0.995,0.3,-0.4,0
34.5137721,66,-0.01,19,0,0,0.029,-0.013,-1.006,0.3,-0.5,0
34.5237721,35,-0.01,19,0,0,0.029,-0.013,-1.006,0.3,-0.5,0
34.5337721,35,-0.01,19,0,0,0.029,-0.013,-1.006,0.3,-0.5,0
34.5437721,35,-0.01,19,0,0,0.029,-0.013,-1.006,0.3,-0.5,0
34.5537721,39,-0.01,19,0,0,0.029,-0.013,-1.006,0.3,-0.5,0
34.5637721,35,0.01,19,0,0,0.03,-0.015,-0.991,0.3,-0.8,0
34.5737721,35,0.01,19,0,0,0.03,-0.015,-0.991,0.3,-0.8,0
34.5837721,46,0.01,19,0,0,0.03,-0.015,-0.991,0.3,-0.8,0
34.5937721,35,0.01,19,0,0,0.03,-0.015,-0.991,0.3,-0.8,0
34.6037721,35,0.01,19,0,0,0.03,-0.015,-0.991,0.3,-0.8,0
34.6137721,35,0.01,19,0,0,0.029,-0.015,-1.008,0.3,-0.3,0
34.6237721,9,0.01,19,0,0,0.029,-0.015,-1.008,0.3,-0.3,0
34.6337721,0,0.01,19,0,0,0.029,-0.015,-1.008,0.3,-0.3,0
34.6437721,0,0.01,19,0,0,0.029,-0.015,-1.008,0.3,-0.3,0
34.6537721,18,0.01,19,0,0,0.029,-0.015,-1.008,0.3,-0.3,0
34.6637721,29,0,19,0,0,0.031,-0.015,-0.992,0.2,-0.9,0
34.6737721,29,0,19,0,0,0.031,-0.015,-0.992,0.2,-0.9,0
34.6837721,61,0,19,0,0,0.031,-0.015,-0.992,0.2,-0.9,0
34.6937721,35,0,19,0,0,0.031,-0.015,-0.992,0.2,-0.9,0
34.7037721,35,0,19,0,0,0.031,-0.015,-0.992,0.2,-0.9,0
34.7137721,35,0,19,0,0,0.029,-0.014,-1.005,0.3,-0.3,0
34.7237721,15,0,19,0,0,0.029,-0.014,-1.005,0.3,-0.3,0
34.7337721,15,0,19,0,0,0.029,-0.014,-1.005,0.3,-0.3,0
34.7437721,29,0,19,0,0,0.029,-0.014,-1.005,0.3,-0.3,0
34.7537721,29,0,19,0,0,0.029,-0.014,-1.005,0.3,-0.3,0
34.7637721,68,-0.01,19,0,0,0.03,-0.017,-0.998,0.2,-0.9,0
34.7737721,29,-0.01,19,0,0,0.03,-0.017,-0.998,0.2,-0.9,0
34.7837721,29,-0.01,19,0,0,0.03,-0.017,-0.998,0.2,-0.9,0
34.7937721,29,-0.01,19,0,0,0.03,-0.017,-0.998,0.2,-0.9,0
34.8037721,12,-0.01,19,0,0,0.03,-0.017,-0.998,0.2,-0.9,0
34.8137721,29,0.01,19,0,0,0.03,-0.014,-1,0.3,-0.3,0
34.8237721,29,0.01,19,0,0,0.03,-0.014,-1,0.3,-0.3,0
34.8337721,88,0.01,19,0,0,0.03,-0.014,-1,0.3,-0.3,0
34.8437721,29,0.01,19,0,0,0.03,-0.014,-1,0.3,-0.3,0
34.8537721,29,0.01,19,0,0,0.03,-0.014,-1,0.3,-0.3,0
34.8637721,29,0,19,0,0,0.031,-0.016,-1,0.2,-0.6,0
34.8737721,44,0,19,0,0,0.031,-0.016,-1,0.2,-0.6,0
34.8837721,35,0,19,0,0,0.031,-0.016,-1,0.2,-0.6,0
34.8937721,35,0,19,0,0,0.031,-0.016,-1,0.2,-0.6,0
34.9037721,24,0,19,0,0,0.031,-0.016,-1,0.2,-0.6,0
34.9137721,0,0,19,0,0,0.03,-0.015,-1,0.2,-0.5,0
34.9237721,35,0,19,0,0,0.03,-0.015,-1,0.2,-0.5,0
34.9337721,35,0,19,0,0,0.03,-0.015,-1,0.2,-0.5,0
34.9437721,35,0,19,0,0,0.03,-0.015,-1,0.2,-0.5,0
34.9537721,35,0,19,0,0,0.03,-0.015,-1,0.2,-0.5,0
34.9637721,35,-0.01,19,0,0,0.03,-0.014,-0.997,0.3,-0.6,0
34.9737720999999,35,-0.01,19,0,0,0.03,-0.014,-0.997,0.3,-0.6,0
34.9837721,60,-0.01,19,0,0,0.03,-0.014,-0.997,0.3,-0.6,0
34.9937721,35,-0.01,19,0,0,0.03,-0.014,-0.997,0.3,-0.6,0
35.0037720999999,35,-0.01,19,0,0,0.03,-0.014,-0.997,0.3,-0.6,0
35.0137720999999,35,0,19,0,0,0.029,-0.014,-1.006,0.3,-0.4,0
35.0237720999999,46,0,19,0,0,0.029,-0.014,-1.006,0.3,-0.4,0
35.0337721,35,0,19,0,0,0.029,-0.014,-1.006,0.3,-0.4,0
35.0437720999999,35,0,19,0,0,0.029,-0.014,-1.006,0.3,-0.4,0
35.0537720999999,47,0,19,0,0,0.029,-0.014,-1.006,0.3,-0.4,0
35.0637720999999,35,0.01,19,0,0,0.031,-0.015,-0.993,0.3,-0.7,0
35.0737720999999,35,0.01,19,0,0,0.031,-0.015,-0.993,0.3,-0.7,0
35.0837720999999,35,0.01,19,0,0,0.031,-0.015,-0.993,0.3,-0.7,0
35.0937720999999,5,0.01,19,0,0,0.031,-0.015,-0.993,0.3,-0.7,0
35.1037720999999,0,0.01,19,0,0,0.031,-0.015,-0.993,0.3,-0.7,0
35.1137720999999,0,0.01,19,0,0,0.029,-0.015,-1.005,0.3,-0.3,0
35.1237720999999,0,0.01,19,0,0,0.029,-0.015,-1.005,0.3,-0.3,0
35.1337720999999,0,0.01,19,0,0,0.029,-0.015,-1.005,0.3,-0.3,0
35.1437720999999,0,0.01,19,0,0,0.029,-0.015,-1.005,0.3,-0.3,0
35.1537720999999,0,0.01,19,0,0,0.029,-0.015,-1.005,0.3,-0.3,0
35.1637720999999,0,0,19,0,0,0.031,-0.015,-0.999,0.2,-0.9,0
35.1737720999999,0,0,19,0,0,0.031,-0.015,-0.999,0.2,-0.9,0
35.1837720999999,17,0,19,0,0,0.031,-0.015,-0.999,0.2,-0.9,0
35.1937720999999,23,0,19,0,0,0.031,-0.015,-0.999,0.2,-0.9,0
35.2037720999999,23,0,19,0,0,0.031,-0.015,-0.999,0.2,-0.9,0
35.2137720999999,74,0,19,0,0,0.03,-0.013,-0.999,0.2,-0.1,0
35.2237720999999,23,0,19,0,0,0.03,-0.013,-0.999,0.2,-0.1,0
35.2337720999999,23,0,19,0,0,0.03,-0.013,-0.999,0.2,-0.1,0
35.2437720999999,23,0,19,0,0,0.03,-0.013,-0.999,0.2,-0.1,0
35.2537720999999,33,0,19,0,0,0.03,-0.013,-0.999,0.2,-0.1,0
35.2637720999999,23,-0.01,19,0,0,0.029,-0.016,-1.001,0.3,-1,0
35.2737720999999,23,-0.01,19,0,0,0.029,-0.016,-1.001,0.3,-1,0
35.2837720999999,23,-0.01,19,0,0,0.029,-0.016,-1.001,0.3,-1,0
35.2937720999999,69,-0.01,19,0,0,0.029,-0.016,-1.001,0.3,-1,0
35.3037720999999,23,-0.01,19,0,0,0.029,-0.016,-1.001,0.3,-1,0
35.3137720999999,23,-0.01,19,0,0,0.032,-0.017,-1.001,0.1,-0.2,0
35.3237720999999,23,-0.01,19,0,0,0.032,-0.017,-1.001,0.1,-0.2,0
35.3337720999999,31,-0.01,19,0,0,0.032,-0.017,-1.001,0.1,-0.2,0
35.3437720999999,23,-0.01,19,0,0,0.032,-0.017,-1.001,0.1,-0.2,0
35.3537720999999,23,-0.01,19,0,0,0.032,-0.017,-1.001,0.1,-0.2,0
35.3637720999999,92,0,19,0,0,0.032,-0.012,-0.992,0.3,-0.8,0
35.3737720999999,23,0,19,0,0,0.032,-0.012,-0.992,0.3,-0.8,0
35.3837720999999,23,0,19,0,0,0.032,-0.012,-0.992,0.3,-0.8,0
35.3937720999999,23,0,19,0,0,0.032,-0.012,-0.992,0.3,-0.8,0
35.4037720999999,58,0,19,0,0,0.032,-0.012,-0.992,0.3,-0.8,0
35.4137720999999,35,0,19,0,0,0.03,-0.016,-1.001,0.3,-0.5,0
35.4237720999999,35,0,19,0,0,0.03,-0.016,-1.001,0.3,-0.5,0
35.4337720999999,30,0,19,0,0,0.03,-0.016,-1.001,0.3,-0.5,0
35.4437720999999,0,0,19,0,0,0.03,-0.016,-1.001,0.3,-0.5,0
35.4537720999999,18,0,19,0,0,0.03,-0.016,-1.001,0.3,-0.5,0
35.4637720999999,29,0,19,0,0,0.03,-0.016,-0.995,0.3,-0.7,0
35.4737720999999,29,0,19,0,0,0.03,-0.016,-0.995,0.3,-0.7,0
35.4837720999999,51,0,19,0,0,0.03,-0.016,-0.995,0.3,-0.7,0
35.4937720999999,35,0,19,0,0,0.03,-0.016,-0.995,0.3,-0.7,0
35.5037720999999,35,0,19,0,0,0.03,-0.016,-0.995,0.3,-0.7,0
35.5137720999999,61,-0.01,19,0,0,0.03,-0.016,-1.004,0.3,-0.3,0
35.5237720999999,35,-0.01,19,0,0,0.03,-0.016,-1.004,0.3,-0.3,0
35.5337720999999,35,-0.01,19,0,0,0.03,-0.016,-1.004,0.3,-0.3,0
35.5437720999999,35,-0.01,19,0,0,0.03,-0.016,-1.004,0.3,-0.3,0
35.5537720999999,44,-0.01,19,0,0,0.03,-0.016,-1.004,0.3,-0.3,0
35.5637720999999,35,0.01,19,0,0,0.03,-0.015,-1,0.3,-1,0
35.5737720999999,35,0.01,19,0,0,0.03,-0.015,-1,0.3,-1,0
35.5837720999999,48,0.01,19,0,0,0.03,-0.015,-1,0.3,-1,0
35.5937720999999,35,0.01,19,0,0,0.03,-0.015,-1,0.3,-1,0
35.6037720999999,35,0.01,19,0,0,0.03,-0.015,-1,0.3,-1,0
35.6137720999999,35,0,19,0,0,0.03,-0.015,-1,0.3,-0.3,0
35.6237720999999,6,0,19,0,0,0.03,-0.015,-1,0.3,-0.3,0
35.6337720999999,0,0,19,0,0,0.03,-0.015,-1,0.3,-0.3,0
35.6437720999999,0,0,19,0,0,0.03,-0.015,-1,0.3,-0.3,0
35.6537720999999,0,0,19,0,0,0.03,-0.015,-1,0.3,-0.3,0
35.6637720999999,26,0,19,0,0,0.03,-0.014,-0.999,0.2,-1,0
35.6737720999999,29,0,19,0,0,0.03,-0.014,-0.999,0.2,-1,0
35.6837720999999,29,0,19,0,0,0.03,-0.014,-0.999,0.2,-1,0
35.6937720999999,62,0,19,0,0,0.03,-0.014,-0.999,0.2,-1,0
35.7037720999999,29,0,19,0,0,0.03,-0.014,-0.999,0.2,-1,0
35.7137720999999,29,0,19,0,0,0.03,-0.018,-1.003,0.3,-0.3,0
35.7237720999999,29,0,19,0,0,0.03,-0.018,-1.003,0.3,-0.3,0
35.7337720999999,13,0,19,0,0,0.03,-0.018,-1.003,0.3,-0.3,0
35.7437720999999,29,0,19,0,0,0.03,-0.018,-1.003,0.3,-0.3,0
35.7537720999999,29,0,19,0,0,0.03,-0.018,-1.003,0.3,-0.3,0
35.7637720999999,29,-0.01,19,0,0,0.03,-0.013,-0.999,0.3,-0.8,0
35.7737720999999,58,-0.01,19,0,0,0.03,-0.013,-0.999,0.3,-0.8,0
35.7837720999999,29,-0.01,19,0,0,0.03,-0.013,-0.999,0.3,-0.8,0
35.7937720999999,29,-0.01,19,0,0,0.03,-0.013,-0.999,0.3,-0.8,0
35.8037720999999,29,-0.01,19,0,0,0.03,-0.013,-0.999,0.3,-0.8,0
35.8137720999999,18,0,19,0,0,0.03,-0.017,-0.999,0.3,-0.4,0
35.8237720999999,29,0,19,0,0,0.03,-0.017,-0.999,0.3,-0.4,0
35.8337720999999,90,0,19,0,0,0.03,-0.017,-0.999,0.3,-0.4,0
35.8437720999999,29,0,19,0,0,0.03,-0.017,-0.999,0.3,-0.4,0
35.8537720999999,29,0,19,0,0,0.03,-0.017,-0.999,0.3,-0.4,0
35.8637720999999,29,0,19,0,0,0.029,-0.014,-1.003,0.3,-0.7,0
35.8737720999999,35,0,19,0,0,0.029,-0.014,-1.003,0.3,-0.7,0
35.8837720999999,35,0,19,0,0,0.029,-0.014,-1.003,0.3,-0.7,0
35.8937720999999,35,0,19,0,0,0.029,-0.014,-1.003,0.3,-0.7,0
35.9037720999999,35,0,19,0,0,0.029,-0.014,-1.003,0.3,-0.7,0
35.9137720999999,22,0,19,0,0,0.031,-0.015,-0.995,0.3,-0.5,0
35.9237720999999,0,0,19,0,0,0.031,-0.015,-0.995,0.3,-0.5,0
35.9337720999999,26,0,19,0,0,0.031,-0.015,-0.995,0.3,-0.5,0
35.9437720999999,29,0,19,0,0,0.031,-0.015,-0.995,0.3,-0.5,0
35.9537720999999,29,0,19,0,0,0.031,-0.015,-0.995,0.3,-0.5,0
35.9637720999999,51,-0.01,19,0,0,0.03,-0.015,-1.001,0.3,-0.5,0
35.9737720999999,35,-0.01,19,0,0,0.03,-0.015,-1.001,0.3,-0.5,0
35.9837720999999,35,-0.01,19,0,0,0.03,-0.015,-1.001,0.3,-0.5,0
35.9937720999999,63,-0.01,19,0,0,0.03,-0.015,-1.001,0.3,-0.5,0
36.0037720999999,35,-0.01,19,0,0,0.03,-0.015,-1.001,0.3,-0.5,0
36.0137720999999,35,0,19,0,0,0.03,-0.015,-1.002,0.3,-0.6,0
36.0237720999999,35,0,19,0,0,0.03,-0.015,-1.002,0.3,-0.6,0
36.0337720999999,40,0,19,0,0,0.03,-0.015,-1.002,0.3,-0.6,0
36.0437720999999,35,0,19,0,0,0.03,-0.015,-1.002,0.3,-0.6,0
36.0537720999999,35,0,19,0,0,0.03,-0.015,-1.002,0.3,-0.6,0
36.0637720999999,47,0,19,0,0,0.03,-0.017,-0.999,0.3,-0.6,0
36.0737720999999,35,0,19,0,0,0.03,-0.017,-0.999,0.3,-0.6,0
36.0837720999999,35,0,19,0,0,0.03,-0.017,-0.999,0.3,-0.6,0
36.0937720999999,33,0,19,0,0,0.03,-0.017,-0.999,0.3,-0.6,0
36.1037720999999,0,0,19,0,0,0.03,-0.017,-0.999,0.3,-0.6,0
36.1137720999999,0,0,19,0,0,0.029,-0.014,-1.003,0.3,-0.6,0
36.1237720999999,0,0,19,0,0,0.029,-0.014,-1.003,0.3,-0.6,0
36.1337720999999,29,0,19,0,0,0.029,-0.014,-1.003,0.3,-0.6,0
36.1437720999999,29,0,19,0,0,0.029,-0.014,-1.003,0.3,-0.6,0
36.1537720999999,29,0,19,0,0,0.029,-0.014,-1.003,0.3,-0.6,0
36.1637720999999,59,0,19,0,0,0.031,-0.018,-0.997,0.2,-0.6,0
36.1737720999999,35,0,19,0,0,0.031,-0.018,-0.997,0.2,-0.6,0
36.1837720999999,35,0,19,0,0,0.031,-0.018,-0.997,0.2,-0.6,0
36.1937720999999,35,0,19,0,0,0.031,-0.018,-0.997,0.2,-0.6,0
36.2037720999999,8,0,19,0,0,0.031,-0.018,-0.997,0.2,-0.6,0
36.2137720999999,29,-0.02,19,0,0,0.029,-0.013,-1.006,0.2,-0.5,0
36.2237720999999,29,-0.02,19,0,0,0.029,-0.013,-1.006,0.2,-0.5,0
36.2337720999999,58,-0.02,19,0,0,0.029,-0.013,-1.006,0.2,-0.5,0
36.2437720999999,29,-0.02,19,0,0,0.029,-0.013,-1.006,0.2,-0.5,0
36.2537720999999,29,-0.02,19,0,0,0.029,-0.013,-1.006,0.2,-0.5,0
36.2637720999999,29,0,19,0,0,0.031,-0.015,-0.997,0.3,-0.7,0
36.2737720999999,27,0,19,0,0,0.031,-0.015,-0.997,0.3,-0.7,0
36.2837720999999,13,0,19,0,0,0.031,-0.015,-0.997,0.3,-0.7,0
36.2937720999999,29,0,19,0,0,0.031,-0.015,-0.997,0.3,-0.7,0
36.3037720999999,88,0,19,0,0,0.031,-0.015,-0.997,0.3,-0.7,0
36.3137720999999,29,0,19,0,0,0.03,-0.013,-0.998,0.1,-0.6,0
36.3237720999999,29,0,19,0,0,0.03,-0.013,-0.998,0.1,-0.6,0
36.3337720999999,29,0,19,0,0,0.03,-0.013,-0.998,0.1,-0.6,0
36.3437720999999,46,0,19,0,0,0.03,-0.013,-0.998,0.1,-0.6,0
36.3537720999999,35,0,19,0,0,0.03,-0.013,-0.998,0.1,-0.6,0
36.3637720999999,35,0,19,0,0,0.029,-0.016,-1.002,0.2,-0.5,0
36.3737720999999,35,0,19,0,0,0.029,-0.016,-1.002,0.2,-0.5,0
36.3837720999999,0,0,19,0,0,0.029,-0.016,-1.002,0.2,-0.5,0
36.3937720999999,9,0,19,0,0,0.029,-0.016,-1.002,0.2,-0.5,0
36.4037720999999,29,0,19,0,0,0.029,-0.016,-1.002,0.2,-0.5,0
36.4137720999999,29,-0.01,19,0,0,0.029,-0.014,-1.002,0.3,-0.7,0
36.4237720999999,29,-0.01,19,0,0,0.029,-0.014,-1.002,0.3,-0.7,0
36.4337720999999,49,-0.01,19,0,0,0.029,-0.014,-1.002,0.3,-0.7,0
36.4437720999999,35,-0.01,19,0,0,0.029,-0.014,-1.002,0.3,-0.7,0
36.4537720999999,70,-0.01,19,0,0,0.029,-0.014,-1.002,0.3,-0.7,0
36.4637720999999,35,-0.01,19,0,0,0.03,-0.012,-0.994,0.3,-0.5,0
36.4737720999999,35,-0.01,19,0,0,0.03,-0.012,-0.994,0.3,-0.5,0
36.4837720999999,35,-0.01,19,0,0,0.03,-0.012,-0.994,0.3,-0.5,0
36.4937720999999,36,-0.01,19,0,0,0.03,-0.012,-0.994,0.3,-0.5,0
36.5037720999999,35,-0.01,19,0,0,0.03,-0.012,-0.994,0.3,-0.5,0
36.5137720999999,35,0.01,19,0,0,0.029,-0.015,-1.006,0.2,-0.5,0
36.5237720999999,47,0.01,19,0,0,0.029,-0.015,-1.006,0.2,-0.5,0
36.5337720999999,35,0.01,19,0,0,0.029,-0.015,-1.006,0.2,-0.5,0
36.5437720999999,35,0.01,19,0,0,0.029,-0.015,-1.006,0.2,-0.5,0
36.5537720999999,35,0.01,19,0,0,0.029,-0.015,-1.006,0.2,-0.5,0
36.5637720999999,9,0,19,0,0,0.031,-0.014,-0.993,0.3,-0.7,0
36.5737720999999,0,0,19,0,0,0.031,-0.014,-0.993,0.3,-0.7,0
36.5837720999999,0,0,19,0,0,0.031,-0.014,-0.993,0.3,-0.7,0
36.5937720999999,15,0,19,0,0,0.031,-0.014,-0.993,0.3,-0.7,0
36.6037720999999,29,0,19,0,0,0.031,-0.014,-0.993,0.3,-0.7,0
36.6137720999999,29,0,19,0,0,0.028,-0.017,-1.009,0.3,-0.4,0
36.6237720999999,60,0,19,0,0,0.028,-0.017,-1.009,0.3,-0.4,0
36.6337720999999,35,0,19,0,0,0.028,-0.017,-1.009,0.3,-0.4,0
36.6437720999999,35,0,19,0,0,0.028,-0.017,-1.009,0.3,-0.4,0
36.6537720999999,35,0,19,0,0,0.028,-0.017,-1.009,0.3,-0.4,0
36.6637720999999,18,-0.01,19,0,0,0.031,-0.015,-0.994,0.3,-0.7,0
36.6737720999999,10,-0.01,19,0,0,0.031,-0.015,-0.994,0.3,-0.7,0
36.6837720999999,29,-0.01,19,0,0,0.031,-0.015,-0.994,0.3,-0.7,0
36.6937720999999,29,-0.01,19,0,0,0.031,-0.015,-0.994,0.3,-0.7,0
36.7037720999999,68,-0.01,19,0,0,0.031,-0.015,-0.994,0.3,-0.7,0
36.7137720999999,29,-0.01,19,0,0,0.029,-0.016,-1.009,0.3,-0.4,0
36.7237720999998,29,-0.01,19,0,0,0.029,-0.016,-1.009,0.3,-0.4,0
36.7337720999999,29,-0.01,19,0,0,0.029,-0.016,-1.009,0.3,-0.4,0
36.7437720999999,16,-0.01,19,0,0,0.029,-0.016,-1.009,0.3,-0.4,0
36.7537720999998,25,-0.01,19,0,0,0.029,-0.016,-1.009,0.3,-0.4,0
36.7637720999998,29,0.01,19,0,0,0.031,-0.01,-0.993,0.2,-0.6,0
36.7737720999998,88,0.01,19,0,0,0.031,-0.01,-0.993,0.2,-0.6,0
36.7837720999999,29,0.01,19,0,0,0.031,-0.01,-0.993,0.2,-0.6,0
36.7937720999998,29,0.01,19,0,0,0.031,-0.01,-0.993,0.2,-0.6,0
36.8037720999998,29,0.01,19,0,0,0.031,-0.01,-0.993,0.2,-0.6,0
36.8137720999998,44,0,19,0,0,0.031,-0.017,-1.001,0.2,-0.4,0
36.8237720999998,35,0,19,0,0,0.031,-0.017,-1.001,0.2,-0.4,0
36.8337720999998,35,0,19,0,0,0.031,-0.017,-1.001,0.2,-0.4,0
36.8437720999998,30,0,19,0,0,0.031,-0.017,-1.001,0.2,-0.4,0
36.8537720999998,0,0,19,0,0,0.031,-0.017,-1.001,0.2,-0.4,0
36.8637720999998,25,0,19,0,0,0.03,-0.014,-0.999,0.1,-0.5,0
36.8737720999998,29,0,19,0,0,0.03,-0.014,-0.999,0.1,-0.5,0
36.8837720999998,29,0,19,0,0,0.03,-0.014,-0.999,0.1,-0.5,0
36.8937720999998,39,0,19,0,0,0.03,-0.014,-0.999,0.1,-0.5,0
36.9037720999998,35,0,19,0,0,0.03,-0.014,-0.999,0.1,-0.5,0
36.9137720999998,35,-0.01,19,0,0,0.03,-0.015,-0.997,0.3,-0.7,0
36.9237720999998,63,-0.01,19,0,0,0.03,-0.015,-0.997,0.3,-0.7,0
36.9337720999998,35,-0.01,19,0,0,0.03,-0.015,-0.997,0.3,-0.7,0
36.9437720999998,35,-0.01,19,0,0,0.03,-0.015,-0.997,0.3,-0.7,0
36.9537720999998,35,-0.01,19,0,0,0.03,-0.015,-0.997,0.3,-0.7,0
36.9637720999998,43,0,19,0,0,0.03,-0.015,-0.998,0.2,-0.3,0
36.9737720999998,35,0,19,0,0,0.03,-0.015,-0.998,0.2,-0.3,0
36.9837720999998,35,0,19,0,0,0.03,-0.015,-0.998,0.2,-0.3,0
36.9937720999998,47,0,19,0,0,0.03,-0.015,-0.998,0.2,-0.3,0
37.0037720999998,35,0,19,0,0,0.03,-0.015,-0.998,0.2,-0.3,0
37.0137720999998,35,0.01,19,0,0,0.029,-0.014,-1.002,0.2,-0.9,0
37.0237720999998,31,0.01,19,0,0,0.029,-0.014,-1.002,0.2,-0.9,0
37.0337720999998,0,0.01,19,0,0,0.029,-0.014,-1.002,0.2,-0.9,0
37.0437720999998,0,0.01,19,0,0,0.029,-0.014,-1.002,0.2,-0.9,0
37.0537720999998,0,0.01,19,0,0,0.029,-0.014,-1.002,0.2,-0.9,0
37.0637720999998,0,0.01,19,0,0,0.032,-0.015,-0.997,0.2,-0.3,0
37.0737720999998,0,0.01,19,0,0,0.032,-0.015,-0.997,0.2,-0.3,0
37.0837720999998,0,0.01,19,0,0,0.032,-0.015,-0.997,0.2,-0.3,0
37.0937720999998,0,0.01,19,0,0,0.032,-0.015,-0.997,0.2,-0.3,0
37.1037720999998,0,0.01,19,0,0,0.032,-0.015,-0.997,0.2,-0.3,0
37.1137720999998,0,0,19,0,0,0.029,-0.014,-1.004,0.3,-0.8,0
37.1237720999998,22,0,19,0,0,0.029,-0.014,-1.004,0.3,-0.8,0
37.1337720999998,23,0,19,0,0,0.029,-0.014,-1.004,0.3,-0.8,0
37.1437720999998,23,0,19,0,0,0.029,-0.014,-1.004,0.3,-0.8,0
37.1537720999998,73,0,19,0,0,0.029,-0.014,-1.004,0.3,-0.8,0
37.1637720999998,23,0,19,0,0,0.033,-0.013,-0.988,0.2,-0.4,0
37.1737720999998,23,0,19,0,0,0.033,-0.013,-0.988,0.2,-0.4,0
37.1837720999998,23,0,19,0,0,0.033,-0.013,-0.988,0.2,-0.4,0
37.1937720999998,31,0,19,0,0,0.033,-0.013,-0.988,0.2,-0.4,0
37.2037720999998,23,0,19,0,0,0.033,-0.013,-0.988,0.2,-0.4,0
37.2137720999998,23,-0.01,19,0,0,0.029,-0.014,-1.006,0.3,-0.7,0
37.2237720999998,69,-0.01,19,0,0,0.029,-0.014,-1.006,0.3,-0.7,0
37.2337720999998,23,-0.01,19,0,0,0.029,-0.014,-1.006,0.3,-0.7,0
37.2437720999998,23,-0.01,19,0,0,0.029,-0.014,-1.006,0.3,-0.7,0
37.2537720999998,23,-0.01,19,0,0,0.029,-0.014,-1.006,0.3,-0.7,0
37.2637720999998,23,0,19,0,0,0.031,-0.016,-0.994,0.2,-0.6,0
37.2737720999998,31,0,19,0,0,0.031,-0.016,-0.994,0.2,-0.6,0
37.2837720999998,23,0,19,0,0,0.031,-0.016,-0.994,0.2,-0.6,0
37.2937720999998,92,0,19,0,0,0.031,-0.016,-0.994,0.2,-0.6,0
37.3037720999998,23,0,19,0,0,0.031,-0.016,-0.994,0.2,-0.6,0
37.3137720999998,23,0,19,0,0,0.03,-0.012,-0.999,0.3,-0.7,0
37.3237720999998,23,0,19,0,0,0.03,-0.012,-0.999,0.3,-0.7,0
37.3337720999998,23,0,19,0,0,0.03,-0.012,-0.999,0.3,-0.7,0
37.3437720999998,60,0,19,0,0,0.03,-0.012,-0.999,0.3,-0.7,0
37.3537720999998,35,0,19,0,0,0.03,-0.012,-0.999,0.3,-0.7,0
37.3637720999998,35,0,19,0,0,0.031,-0.016,-0.999,0.2,-0.5,0
37.3737720999998,24,0,19,0,0,0.031,-0.016,-0.999,0.2,-0.5,0
37.3837720999998,0,0,19,0,0,0.031,-0.016,-0.999,0.2,-0.5,0
37.3937720999998,24,0,19,0,0,0.031,-0.016,-0.999,0.2,-0.5,0
37.4037720999998,29,0,19,0,0,0.031,-0.016,-0.999,0.2,-0.5,0
37.4137720999998,29,0,19,0,0,0.031,-0.014,-1.001,0.3,-0.9,0
37.4237720999998,51,0,19,0,0,0.031,-0.014,-1.001,0.3,-0.9,0
37.4337720999998,35,0,19,0,0,0.031,-0.014,-1.001,0.3,-0.9,0
37.4437720999998,35,0,19,0,0,0.031,-0.014,-1.001,0.3,-0.9,0
37.4537720999998,61,0,19,0,0,0.031,-0.014,-1.001,0.3,-0.9,0
37.4637720999998,35,-0.01,19,0,0,0.03,-0.016,-0.995,0.3,-0.4,0
37.4737720999998,35,-0.01,19,0,0,0.03,-0.016,-0.995,0.3,-0.4,0
37.4837720999998,35,-0.01,19,0,0,0.03,-0.016,-0.995,0.3,-0.4,0
37.4937720999998,45,-0.01,19,0,0,0.03,-0.016,-0.995,0.3,-0.4,0
37.5037720999998,35,-0.01,19,0,0,0.03,-0.016,-0.995,0.3,-0.4,0
37.5137720999998,35,0.01,19,0,0,0.029,-0.014,-1.007,0.3,-0.7,0
37.5237720999998,48,0.01,19,0,0,0.029,-0.014,-1.007,0.3,-0.7,0
37.5337720999998,35,0.01,19,0,0,0.029,-0.014,-1.007,0.3,-0.7,0
37.5437720999998,35,0.01,19,0,0,0.029,-0.014,-1.007,0.3,-0.7,0
37.5537720999998,35,0.01,19,0,0,0.029,-0.014,-1.007,0.3,-0.7,0
37.5637720999998,0,0.01,19,0,0,0.032,-0.014,-0.99,0.2,-0.5,0
37.5737720999998,0,0.01,19,0,0,0.032,-0.014,-0.99,0.2,-0.5,0
37.5837720999998,0,0.01,19,0,0,0.032,-0.014,-0.99,0.2,-0.5,0
37.5937720999998,5,0.01,19,0,0,0.032,-0.014,-0.99,0.2,-0.5,0
37.6037720999998,29,0.01,19,0,0,0.032,-0.014,-0.99,0.2,-0.5,0
37.6137720999998,29,0,19,0,0,0.029,-0.014,-1.006,0.3,-0.7,0
37.6237720999998,29,0,19,0,0,0.029,-0.014,-1.006,0.3,-0.7,0
37.6337720999998,61,0,19,0,0,0.029,-0.014,-1.006,0.3,-0.7,0
37.6437720999998,29,0,19,0,0,0.029,-0.014,-1.006,0.3,-0.7,0
37.6537720999998,29,0,19,0,0,0.029,-0.014,-1.006,0.3,-0.7,0
37.6637720999998,29,0,19,0,0,0.03,-0.014,-0.992,0.2,-0.5,0
37.6737720999998,14,0,19,0,0,0.03,-0.014,-0.992,0.2,-0.5,0
37.6837720999998,29,0,19,0,0,0.03,-0.014,-0.992,0.2,-0.5,0
37.6937720999998,29,0,19,0,0,0.03,-0.014,-0.992,0.2,-0.5,0
37.7037720999998,57,0,19,0,0,0.03,-0.014,-0.992,0.2,-0.5,0
37.7137720999998,29,-0.01,19,0,0,0.029,-0.015,-1.004,0.3,-0.7,0
37.7237720999998,29,-0.01,19,0,0,0.029,-0.015,-1.004,0.3,-0.7,0
37.7337720999998,29,-0.01,19,0,0,0.029,-0.015,-1.004,0.3,-0.7,0
37.7437720999998,27,-0.01,19,0,0,0.029,-0.015,-1.004,0.3,-0.7,0
37.7537720999998,19,-0.01,19,0,0,0.029,-0.015,-1.004,0.3,-0.7,0
37.7637720999998,29,0.01,19,0,0,0.031,-0.014,-0.996,0.3,-0.7,0
37.7737720999998,89,0.01,19,0,0,0.031,-0.014,-0.996,0.3,-0.7,0
37.7837720999998,29,0.01,19,0,0,0.031,-0.014,-0.996,0.3,-0.7,0
37.7937720999998,29,0.01,19,0,0,0.031,-0.014,-0.996,0.3,-0.7,0
37.8037720999998,29,0.01,19,0,0,0.031,-0.014,-0.996,0.3,-0.7,0
37.8137720999998,36,0,19,0,0,0.031,-0.016,-1.003,0.2,-0.4,0
37.8237720999998,35,0,19,0,0,0.031,-0.016,-1.003,0.2,-0.4,0
37.8337720999998,35,0,19,0,0,0.031,-0.016,-1.003,0.2,-0.4,0
37.8437720999998,35,0,19,0,0,0.031,-0.016,-1.003,0.2,-0.4,0
37.8537720999998,12,0,19,0,0,0.031,-0.016,-1.003,0.2,-0.4,0
37.8637720999998,5,0,19,0,0,0.03,-0.015,-0.999,0.3,-0.7,0
37.8737720999998,29,0,19,0,0,0.03,-0.015,-0.999,0.3,-0.7,0
37.8837720999998,29,0,19,0,0,0.03,-0.015,-0.999,0.3,-0.7,0
37.8937720999998,29,0,19,0,0,0.03,-0.015,-0.999,0.3,-0.7,0
37.9037720999998,53,0,19,0,0,0.03,-0.015,-0.999,0.3,-0.7,0
37.9137720999998,35,-0.01,19,0,0,0.031,-0.014,-0.998,0.3,-0.6,0
37.9237720999998,35,-0.01,19,0,0,0.031,-0.014,-0.998,0.3,-0.6,0
37.9337720999998,62,-0.01,19,0,0,0.031,-0.014,-0.998,0.3,-0.6,0
37.9437720999998,35,-0.01,19,0,0,0.031,-0.014,-0.998,0.3,-0.6,0
37.9537720999998,35,-0.01,19,0,0,0.031,-0.014,-0.998,0.3,-0.6,0
37.9637720999998,39,0,19,0,0,0.03,-0.014,-0.999,0.2,-0.5,0
37.9737720999998,35,0,19,0,0,0.03,-0.014,-0.999,0.2,-0.5,0
37.9837720999998,35,0,19,0,0,0.03,-0.014,-0.999,0.2,-0.5,0
37.9937720999998,48,0,19,0,0,0.03,-0.014,-0.999,0.2,-0.5,0
38.0037720999998,35,0,19,0,0,0.03,-0.014,-0.999,0.2,-0.5,0
38.0137720999998,35,0.01,19,0,0,0.03,-0.016,-1.001,0.2,-0.7,0
38.0237720999998,35,0.01,19,0,0,0.03,-0.016,-1.001,0.2,-0.7,0
38.0337720999998,23,0.01,19,0,0,0.03,-0.016,-1.001,0.2,-0.7,0
38.0437720999998,0,0.01,19,0,0,0.03,-0.016,-1.001,0.2,-0.7,0
38.0537720999998,0,0.01,19,0,0,0.03,-0.016,-1.001,0.2,-0.7,0
38.0637720999998,10,0,19,0,0,0.03,-0.015,-0.997,0.2,-0.4,0
38.0737720999998,29,0,19,0,0,0.03,-0.015,-0.997,0.2,-0.4,0
38.0837720999998,29,0,19,0,0,0.03,-0.015,-0.997,0.2,-0.4,0
38.0937720999998,55,0,19,0,0,0.03,-0.015,-0.997,0.2,-0.4,0
38.1037720999998,35,0,19,0,0,0.03,-0.015,-0.997,0.2,-0.4,0
38.1137720999998,35,0,19,0,0,0.03,-0.016,-1.002,0.2,-0.9,0
38.1237720999998,35,0,19,0,0,0.03,-0.016,-1.002,0.2,-0.9,0
38.1337720999998,30,0,19,0,0,0.03,-0.016,-1.002,0.2,-0.9,0
38.1437720999998,10,0,19,0,0,0.03,-0.016,-1.002,0.2,-0.9,0
38.1537720999998,29,0,19,0,0,0.03,-0.016,-1.002,0.2,-0.9,0
38.1637720999998,29,-0.01,19,0,0,0.029,-0.014,-0.998,0.3,-0.3,0
38.1737720999998,60,-0.01,19,0,0,0.029,-0.014,-0.998,0.3,-0.3,0
38.1837720999998,29,-0.01,19,0,0,0.029,-0.014,-0.998,0.3,-0.3,0
38.1937720999998,29,-0.01,19,0,0,0.029,-0.014,-0.998,0.3,-0.3,0
38.2037720999998,29,-0.01,19,0,0,0.029,-0.014,-0.998,0.3,-0.3,0
38.2137720999998,23,0,19,0,0,0.03,-0.015,-1.001,0.2,-0.7,0
38.2237720999998,16,0,19,0,0,0.03,-0.015,-1.001,0.2,-0.7,0
38.2337720999998,29,0,19,0,0,0.03,-0.015,-1.001,0.2,-0.7,0
38.2437720999998,89,0,19,0,0,0.03,-0.015,-1.001,0.2,-0.7,0
38.2537720999998,29,0,19,0,0,0.03,-0.015,-1.001,0.2,-0.7,0
38.2637720999998,29,0,19,0,0,0.03,-0.014,-0.998,0.3,-0.6,0
38.2737720999998,29,0,19,0,0,0.03,-0.014,-0.998,0.3,-0.6,0
38.2837720999998,47,0,19,0,0,0.03,-0.014,-0.998,0.3,-0.6,0
38.2937720999998,35,0,19,0,0,0.03,-0.014,-0.998,0.3,-0.6,0
38.3037720999998,35,0,19,0,0,0.03,-0.014,-0.998,0.3,-0.6,0
38.3137720999998,34,0,19,0,0,0.031,-0.015,-0.998,0.3,-0.5,0
38.3237720999998,0,0,19,0,0,0.031,-0.015,-0.998,0.3,-0.5,0
38.3337720999998,12,0,19,0,0,0.031,-0.015,-0.998,0.3,-0.5,0
38.3437720999998,29,0,19,0,0,0.031,-0.015,-0.998,0.3,-0.5,0
38.3537720999998,29,0,19,0,0,0.031,-0.015,-0.998,0.3,-0.5,0
38.3637720999998,29,-0.01,19,0,0,0.029,-0.014,-1,0.2,-0.5,0.1
38.3737720999998,50,-0.01,19,0,0,0.029,-0.014,-1,0.2,-0.5,0.1
38.3837720999998,35,-0.01,19,0,0,0.029,-0.014,-1,0.2,-0.5,0.1
38.3937720999998,70,-0.01,19,0,0,0.029,-0.014,-1,0.2,-0.5,0.1
38.4037720999998,35,-0.01,19,0,0,0.029,-0.014,-1,0.2,-0.5,0.1
38.4137720999998,35,0,19,0,0,0.03,-0.015,-0.999,0.3,-0.7,0
38.4237720999998,35,0,19,0,0,0.03,-0.015,-0.999,0.3,-0.7,0
38.4337720999998,36,0,19,0,0,0.03,-0.015,-0.999,0.3,-0.7,0
38.4437720999998,35,0,19,0,0,0.03,-0.015,-0.999,0.3,-0.7,0
38.4537720999998,35,0,19,0,0,0.03,-0.015,-0.999,0.3,-0.7,0
38.4637720999998,46,0,19,0,0,0.03,-0.016,-1.001,0.3,-0.3,0
38.4737720999997,35,0,19,0,0,0.03,-0.016,-1.001,0.3,-0.3,0
38.4837720999998,35,0,19,0,0,0.03,-0.016,-1.001,0.3,-0.3,0
38.4937720999998,35,0,19,0,0,0.03,-0.016,-1.001,0.3,-0.3,0
38.5037720999998,7,0,19,0,0,0.03,-0.016,-1.001,0.3,-0.3,0
38.5137720999997,0,0,19,0,0,0.029,-0.015,-1.002,0.2,-0.9,0
38.5237720999997,0,0,19,0,0,0.029,-0.015,-1.002,0.2,-0.9,0
38.5337720999998,12,0,19,0,0,0.029,-0.015,-1.002,0.2,-0.9,0
38.5437720999997,29,0,19,0,0,0.029,-0.015,-1.002,0.2,-0.9,0
38.5537720999997,29,0,19,0,0,0.029,-0.015,-1.002,0.2,-0.9,0
38.5637720999997,60,0,19,0,0,0.03,-0.017,-0.999,0.3,-0.2,0
38.5737720999997,35,0,19,0,0,0.03,-0.017,-0.999,0.3,-0.2,0
38.5837720999997,35,0,19,0,0,0.03,-0.017,-0.999,0.3,-0.2,0
38.5937720999997,35,0,19,0,0,0.03,-0.017,-0.999,0.3,-0.2,0
38.6037720999997,23,0,19,0,0,0.03,-0.017,-0.999,0.3,-0.2,0
38.6137720999997,6,-0.01,19,0,0,0.029,-0.014,-1,0.2,-0.9,0
38.6237720999997,29,-0.01,19,0,0,0.029,-0.014,-1,0.2,-0.9,0
38.6337720999997,29,-0.01,19,0,0,0.029,-0.014,-1,0.2,-0.9,0
38.6437720999997,69,-0.01,19,0,0,0.029,-0.014,-1,0.2,-0.9,0
38.6537720999997,29,-0.01,19,0,0,0.029,-0.014,-1,0.2,-0.9,0
38.6637720999997,29,-0.01,19,0,0,0.031,-0.014,-0.995,0.3,-0.4,0
38.6737720999997,29,-0.01,19,0,0,0.031,-0.014,-0.995,0.3,-0.4,0
38.6837720999997,21,-0.01,19,0,0,0.031,-0.014,-0.995,0.3,-0.4,0
38.6937720999997,20,-0.01,19,0,0,0.031,-0.014,-0.995,0.3,-0.4,0
38.7037720999997,29,-0.01,19,0,0,0.031,-0.014,-0.995,0.3,-0.4,0
38.7137720999997,88,0.01,19,0,0,0.031,-0.019,-1.006,0.2,-0.6,0
38.7237720999997,29,0.01,19,0,0,0.031,-0.019,-1.006,0.2,-0.6,0
38.7337720999997,29,0.01,19,0,0,0.031,-0.019,-1.006,0.2,-0.6,0
38.7437720999997,29,0.01,19,0,0,0.031,-0.019,-1.006,0.2,-0.6,0
38.7537720999997,42,0.01,19,0,0,0.031,-0.019,-1.006,0.2,-0.6,0
38.7637720999997,35,0,19,0,0,0.031,-0.014,-0.994,0.3,-0.7,0
38.7737720999997,35,0,19,0,0,0.031,-0.014,-0.994,0.3,-0.7,0
38.7837720999997,35,0,19,0,0,0.031,-0.014,-0.994,0.3,-0.7,0
38.7937720999997,0,0,19,0,0,0.031,-0.014,-0.994,0.3,-0.7,0
38.8037720999997,18,0,19,0,0,0.031,-0.014,-0.994,0.3,-0.7,0
38.8137720999997,29,0,19,0,0,0.031,-0.015,-0.998,0.3,-0.5,0
38.8237720999997,29,0,19,0,0,0.031,-0.015,-0.998,0.3,-0.5,0
38.8337720999997,29,0,19,0,0,0.031,-0.015,-0.998,0.3,-0.5,0
38.8437720999997,43,0,19,0,0,0.031,-0.015,-0.998,0.3,-0.5,0
38.8537720999997,35,0,19,0,0,0.031,-0.015,-0.998,0.3,-0.5,0
38.8637720999997,63,-0.01,19,0,0,0.031,-0.014,-1,0.2,-0.4,0
38.8737720999997,35,-0.01,19,0,0,0.031,-0.014,-1,0.2,-0.4,0
38.8837720999997,35,-0.01,19,0,0,0.031,-0.014,-1,0.2,-0.4,0
38.8937720999997,35,-0.01,19,0,0,0.031,-0.014,-1,0.2,-0.4,0
38.9037720999997,43,-0.01,19,0,0,0.031,-0.014,-1,0.2,-0.4,0
38.9137720999997,35,0.01,19,0,0,0.03,-0.014,-0.998,0.3,-0.7,0
38.9237720999997,35,0.01,19,0,0,0.03,-0.014,-0.998,0.3,-0.7,0
38.9337720999997,47,0.01,19,0,0,0.03,-0.014,-0.998,0.3,-0.7,0
38.9437720999997,35,0.01,19,0,0,0.03,-0.014,-0.998,0.3,-0.7,0
38.9537720999997,35,0.01,19,0,0,0.03,-0.014,-0.998,0.3,-0.7,0
38.9637720999997,35,0.01,19,0,0,0.031,-0.015,-0.999,0.3,-0.3,0
38.9737720999997,8,0.01,19,0,0,0.031,-0.015,-0.999,0.3,-0.3,0
38.9837720999997,0,0.01,19,0,0,0.031,-0.015,-0.999,0.3,-0.3,0
38.9937720999997,0,0.01,19,0,0,0.031,-0.015,-0.999,0.3,-0.3,0
39.0037720999997,0,0.01,19,0,0,0.031,-0.015,-0.999,0.3,-0.3,0
39.0137720999997,0,0.01,19,0,0,0.03,-0.013,-1,0.3,-0.8,0
39.0237720999997,0,0.01,19,0,0,0.03,-0.013,-1,0.3,-0.8,0
39.0337720999997,0,0.01,19,0,0,0.03,-0.013,-1,0.3,-0.8,0
39.0437720999997,0,0.01,19,0,0,0.03,-0.013,-1,0.3,-0.8,0
39.0537720999997,0,0.01,19,0,0,0.03,-0.013,-1,0.3,-0.8,0
39.0637720999997,0,0,19,0,0,0.03,-0.014,-0.999,0.3,-0.4,0
39.0737720999997,0,0,19,0,0,0.03,-0.014,-0.999,0.3,-0.4,0
39.0837720999997,13,0,19,0,0,0.03,-0.014,-0.999,0.3,-0.4,0
39.0937720999997,23,0,19,0,0,0.03,-0.014,-0.999,0.3,-0.4,0
39.1037720999997,23,0,19,0,0,0.03,-0.014,-0.999,0.3,-0.4,0
39.1137720999997,78,0,19,0,0,0.03,-0.013,-1,0.1,-0.6,0
39.1237720999997,23,0,19,0,0,0.03,-0.013,-1,0.1,-0.6,0
39.1337720999997,23,0,19,0,0,0.03,-0.013,-1,0.1,-0.6,0
39.1437720999997,23,0,19,0,0,0.03,-0.013,-1,0.1,-0.6,0
39.1537720999997,23,0,19,0,0,0.03,-0.013,-1,0.1,-0.6,0
39.1637720999997,36,-0.01,19,0,0,0.03,-0.015,-0.999,0.2,-0.6,0
39.1737720999997,23,-0.01,19,0,0,0.03,-0.015,-0.999,0.2,-0.6,0
39.1837720999997,23,-0.01,19,0,0,0.03,-0.015,-0.999,0.2,-0.6,0
39.1937720999997,72,-0.01,19,0,0,0.03,-0.015,-0.999,0.2,-0.6,0
39.2037720999997,23,-0.01,19,0,0,0.03,-0.015,-0.999,0.2,-0.6,0
39.2137720999997,23,-0.01,19,0,0,0.03,-0.016,-1.003,0.3,-0.6,0
39.2237720999997,23,-0.01,19,0,0,0.03,-0.016,-1.003,0.3,-0.6,0
39.2337720999997,23,-0.01,19,0,0,0.03,-0.016,-1.003,0.3,-0.6,0
39.2437720999997,33,-0.01,19,0,0,0.03,-0.016,-1.003,0.3,-0.6,0
39.2537720999997,23,-0.01,19,0,0,0.03,-0.016,-1.003,0.3,-0.6,0
39.2637720999997,96,0.01,19,0,0,0.03,-0.02,-1.005,0.1,-0.5,0
39.2737720999997,23,0.01,19,0,0,0.03,-0.02,-1.005,0.1,-0.5,0
39.2837720999997,23,0.01,19,0,0,0.03,-0.02,-1.005,0.1,-0.5,0
39.2937720999997,23,0.01,19,0,0,0.03,-0.02,-1.005,0.1,-0.5,0
39.3037720999997,23,0.01,19,0,0,0.03,-0.02,-1.005,0.1,-0.5,0
39.3137720999997,63,0,19,0,0,0.03,-0.015,-1,0.3,-0.8,0
39.3237720999997,35,0,19,0,0,0.03,-0.015,-1,0.3,-0.8,0
39.3337720999997,35,0,19,0,0,0.03,-0.015,-1,0.3,-0.8,0
39.3437720999997,32,0,19,0,0,0.03,-0.015,-1,0.3,-0.8,0
39.3537720999997,0,0,19,0,0,0.03,-0.015,-1,0.3,-0.8,0
39.3637720999997,15,0,19,0,0,0.03,-0.015,-1.002,0.1,-0.3,0.1
39.3737720999997,29,0,19,0,0,0.03,-0.015,-1.002,0.1,-0.3,0.1
39.3837720999997,29,0,19,0,0,0.03,-0.015,-1.002,0.1,-0.3,0.1
39.3937720999997,53,0,19,0,0,0.03,-0.015,-1.002,0.1,-0.3,0.1
39.4037720999997,29,0,19,0,0,0.03,-0.015,-1.002,0.1,-0.3,0.1
39.4137720999997,29,-0.01,19,0,0,0.03,-0.015,-1.003,0.2,-0.9,0
39.4237720999997,60,-0.01,19,0,0,0.03,-0.015,-1.003,0.2,-0.9,0
39.4337720999997,35,-0.01,19,0,0,0.03,-0.015,-1.003,0.2,-0.9,0
39.4437720999997,35,-0.01,19,0,0,0.03,-0.015,-1.003,0.2,-0.9,0
39.4537720999997,35,-0.01,19,0,0,0.03,-0.015,-1.003,0.2,-0.9,0
39.4637720999997,49,0.01,19,0,0,0.031,-0.015,-0.994,0.3,-0.4,0
39.4737720999997,35,0.01,19,0,0,0.031,-0.015,-0.994,0.3,-0.4,0
39.4837720999997,35,0.01,19,0,0,0.031,-0.015,-0.994,0.3,-0.4,0
39.4937720999997,46,0.01,19,0,0,0.031,-0.015,-0.994,0.3,-0.4,0
39.5037720999997,35,0.01,19,0,0,0.031,-0.015,-0.994,0.3,-0.4,0
39.5137720999997,35,0.01,19,0,0,0.03,-0.014,-1.007,0.2,-0.8,0
39.5237720999997,35,0.01,19,0,0,0.03,-0.014,-1.007,0.2,-0.8,0
39.5337720999997,15,0.01,19,0,0,0.03,-0.014,-1.007,0.2,-0.8,0
39.5437720999997,0,0.01,19,0,0,0.03,-0.014,-1.007,0.2,-0.8,0
39.5537720999997,0,0.01,19,0,0,0.03,-0.014,-1.007,0.2,-0.8,0
39.5637720999997,0,0,19,0,0,0.031,-0.014,-0.992,0.3,-0.4,0
39.5737720999997,25,0,19,0,0,0.031,-0.014,-0.992,0.3,-0.4,0
39.5837720999997,29,0,19,0,0,0.031,-0.014,-0.992,0.3,-0.4,0
39.5937720999997,29,0,19,0,0,0.031,-0.014,-0.992,0.3,-0.4,0
39.6037720999997,62,0,19,0,0,0.031,-0.014,-0.992,0.3,-0.4,0
39.6137720999997,29,0,19,0,0,0.027,-0.016,-1.009,0.3,-0.8,0
39.6237720999997,29,0,19,0,0,0.027,-0.016,-1.009,0.3,-0.8,0
39.6337720999997,29,0,19,0,0,0.027,-0.016,-1.009,0.3,-0.8,0
39.6437720999997,12,0,19,0,0,0.027,-0.016,-1.009,0.3,-0.8,0
39.6537720999997,29,0,19,0,0,0.027,-0.016,-1.009,0.3,-0.8,0
39.6637720999997,29,-0.01,19,0,0,0.031,-0.013,-0.993,0.3,-0.4,0
39.6737720999997,29,-0.01,19,0,0,0.031,-0.013,-0.993,0.3,-0.4,0
39.6837720999997,58,-0.01,19,0,0,0.031,-0.013,-0.993,0.3,-0.4,0
39.6937720999997,29,-0.01,19,0,0,0.031,-0.013,-0.993,0.3,-0.4,0
39.7037720999997,29,-0.01,19,0,0,0.031,-0.013,-0.993,0.3,-0.4,0
39.7137720999997,29,-0.01,19,0,0,0.03,-0.015,-1.004,0.3,-0.7,0
39.7237720999997,16,-0.01,19,0,0,0.03,-0.015,-1.004,0.3,-0.7,0
39.7337720999997,29,-0.01,19,0,0,0.03,-0.015,-1.004,0.3,-0.7,0
39.7437720999997,29,-0.01,19,0,0,0.03,-0.015,-1.004,0.3,-0.7,0
39.7537720999997,90,-0.01,19,0,0,0.03,-0.015,-1.004,0.3,-0.7,0
39.7637720999997,29,0,19,0,0,0.032,-0.013,-0.996,0.3,-0.7,0
39.7737720999997,29,0,19,0,0,0.032,-0.013,-0.996,0.3,-0.7,0
39.7837720999997,29,0,19,0,0,0.032,-0.013,-0.996,0.3,-0.7,0
39.7937720999997,40,0,19,0,0,0.032,-0.013,-0.996,0.3,-0.7,0
39.8037720999997,35,0,19,0,0,0.032,-0.013,-0.996,0.3,-0.7,0
39.8137720999997,35,0,19,0,0,0.028,-0.014,-1.002,0.3,-0.4,0
39.8237720999997,26,0,19,0,0,0.028,-0.014,-1.002,0.3,-0.4,0
39.8337720999997,0,0,19,0,0,0.028,-0.014,-1.002,0.3,-0.4,0
39.8437720999997,22,0,19,0,0,0.028,-0.014,-1.002,0.3,-0.4,0
39.8537720999997,29,0,19,0,0,0.028,-0.014,-1.002,0.3,-0.4,0
39.8637720999997,29,0,19,0,0,0.03,-0.015,-1,0.2,-0.6,0
39.8737720999997,51,0,19,0,0,0.03,-0.015,-1,0.2,-0.6,0
39.8837720999997,35,0,19,0,0,0.03,-0.015,-1,0.2,-0.6,0
39.8937720999997,35,0,19,0,0,0.03,-0.015,-1,0.2,-0.6,0
39.9037720999997,63,0,19,0,0,0.03,-0.015,-1,0.2,-0.6,0
39.9137720999997,35,0,19,0,0,0.029,-0.016,-1,0.3,-0.6,0
39.9237720999997,35,0,19,0,0,0.029,-0.016,-1,0.3,-0.6,0
39.9337720999997,35,0,19,0,0,0.029,-0.016,-1,0.3,-0.6,0
39.9437720999997,39,0,19,0,0,0.029,-0.016,-1,0.3,-0.6,0
39.9537720999997,35,0,19,0,0,0.029,-0.016,-1,0.3,-0.6,0
39.9637720999997,35,0.01,19,0,0,0.029,-0.014,-0.999,0.3,-0.5,0
39.9737720999997,48,0.01,19,0,0,0.029,-0.014,-0.999,0.3,-0.5,0
39.9837720999997,35,0.01,19,0,0,0.029,-0.014,-0.999,0.3,-0.5,0
39.9937720999997,35,0.01,19,0,0,0.029,-0.014,-0.999,0.3,-0.5,0
40.0037720999997,35,0.01,19,0,0,0.029,-0.014,-0.999,0.3,-0.5,0
40.0137720999997,0,0,19,0,0,0.032,-0.015,-0.996,0.3,-0.7,0
40.0237720999997,0,0,19,0,0,0.032,-0.015,-0.996,0.3,-0.7,0
40.0337720999997,0,0,19,0,0,0.032,-0.015,-0.996,0.3,-0.7,0
40.0437720999997,23,0,19,0,0,0.032,-0.015,-0.996,0.3,-0.7,0
40.0537720999997,29,0,19,0,0,0.032,-0.015,-0.996,0.3,-0.7,0
40.0637720999997,29,0,19,0,0,0.03,-0.016,-1.004,0.2,-0.6,0
40.0737720999997,58,0,19,0,0,0.03,-0.016,-1.004,0.2,-0.6,0
40.0837720999997,35,0,19,0,0,0.03,-0.016,-1.004,0.2,-0.6,0
40.0937720999997,35,0,19,0,0,0.03,-0.016,-1.004,0.2,-0.6,0
40.1037720999997,35,0,19,0,0,0.03,-0.016,-1.004,0.2,-0.6,0
40.1137720999997,14,-0.01,19,0,0,0.031,-0.014,-0.995,0.2,-0.5,0.1
40.1237720999997,23,-0.01,19,0,0,0.031,-0.014,-0.995,0.2,-0.5,0.1
40.1337720999997,29,-0.01,19,0,0,0.031,-0.014,-0.995,0.2,-0.5,0.1
40.1437720999997,29,-0.01,19,0,0,0.031,-0.014,-0.995,0.2,-0.5,0.1
40.1537720999997,60,-0.01,19,0,0,0.031,-0.014,-0.995,0.2,-0.5,0.1
40.1637720999997,29,-0.01,19,0,0,0.029,-0.016,-1.005,0.1,-0.7,0
40.1737720999997,29,-0.01,19,0,0,0.029,-0.016,-1.005,0.1,-0.7,0
40.1837720999997,29,-0.01,19,0,0,0.029,-0.016,-1.005,0.1,-0.7,0
40.1937720999997,12,-0.01,19,0,0,0.029,-0.016,-1.005,0.1,-0.7,0
40.2037720999997,27,-0.01,19,0,0,0.029,-0.016,-1.005,0.1,-0.7,0
40.2137720999997,29,0,19,0,0,0.029,-0.012,-0.997,0.3,-0.7,0
40.2237720999996,89,0,19,0,0,0.029,-0.012,-0.997,0.3,-0.7,0
40.2337720999997,29,0,19,0,0,0.029,-0.012,-0.997,0.3,-0.7,0
40.2437720999997,29,0,19,0,0,0.029,-0.012,-0.997,0.3,-0.7,0
40.2537720999997,44,0,19,0,0,0.029,-0.012,-0.997,0.3,-0.7,0
40.2637720999996,35,0,19,0,0,0.031,-0.015,-1,0.2,-0.5,0
40.2737720999996,35,0,19,0,0,0.031,-0.015,-1,0.2,-0.5,0
40.2837720999997,35,0,19,0,0,0.031,-0.015,-1,0.2,-0.5,0
40.2937720999997,22,0,19,0,0,0.031,-0.015,-1,0.2,-0.5,0
40.3037720999996,0,0,19,0,0,0.031,-0.015,-1,0.2,-0.5,0
40.3137720999996,21,0.01,19,0,0,0.03,-0.015,-1.002,0.2,-0.7,0
40.3237720999996,29,0.01,19,0,0,0.03,-0.015,-1.002,0.2,-0.7,0
40.3337720999996,29,0.01,19,0,0,0.03,-0.015,-1.002,0.2,-0.7,0
40.3437720999996,47,0.01,19,0,0,0.03,-0.015,-1.002,0.2,-0.7,0
40.3537720999996,35,0.01,19,0,0,0.03,-0.015,-1.002,0.2,-0.7,0
40.3637720999996,35,-0.01,19,0,0,0.031,-0.015,-0.999,0.2,-0.7,0
40.3737720999996,70,-0.01,19,0,0,0.031,-0.015,-0.999,0.2,-0.7,0
40.3837720999996,35,-0.01,19,0,0,0.031,-0.015,-0.999,0.2,-0.7,0
40.3937720999996,35,-0.01,19,0,0,0.031,-0.015,-0.999,0.2,-0.7,0
40.4037720999996,35,-0.01,19,0,0,0.031,-0.015,-0.999,0.2,-0.7,0
40.4137720999996,36,0.01,19,0,0,0.029,-0.014,-0.998,0.2,-0.4,0
40.4237720999996,35,0.01,19,0,0,0.029,-0.014,-0.998,0.2,-0.4,0
40.4337720999996,35,0.01,19,0,0,0.029,-0.014,-0.998,0.2,-0.4,0
40.4437720999996,47,0.01,19,0,0,0.029,-0.014,-0.998,0.2,-0.4,0
40.4537720999996,35,0.01,19,0,0,0.029,-0.014,-0.998,0.2,-0.4,0
40.4637720999996,35,0.01,19,0,0,0.03,-0.014,-1.001,0.1,-0.8,0
40.4737720999996,32,0.01,19,0,0,0.03,-0.014,-1.001,0.1,-0.8,0
40.4837720999996,0,0.01,19,0,0,0.03,-0.014,-1.001,0.1,-0.8,0
40.4937720999996,0,0.01,19,0,0,0.03,-0.014,-1.001,0.1,-0.8,0
40.5037720999996,0,0.01,19,0,0,0.03,-0.014,-1.001,0.1,-0.8,0
40.5137720999996,20,0,19,0,0,0.031,-0.014,-0.995,0.3,-0.4,0
40.5237720999996,29,0,19,0,0,0.031,-0.014,-0.995,0.3,-0.4,0
40.5337720999996,29,0,19,0,0,0.031,-0.014,-0.995,0.3,-0.4,0
40.5437720999996,62,0,19,0,0,0.031,-0.014,-0.995,0.3,-0.4,0
40.5537720999996,35,0,19,0,0,0.031,-0.014,-0.995,0.3,-0.4,0
40.5637720999996,35,0,19,0,0,0.029,-0.015,-1.006,0.2,-0.9,0
40.5737720999996,35,0,19,0,0,0.029,-0.015,-1.006,0.2,-0.9,0
40.5837720999996,14,0,19,0,0,0.029,-0.015,-1.006,0.2,-0.9,0
40.5937720999996,13,0,19,0,0,0.029,-0.015,-1.006,0.2,-0.9,0
40.6037720999996,29,0,19,0,0,0.029,-0.015,-1.006,0.2,-0.9,0
40.6137720999996,29,-0.01,19,0,0,0.031,-0.015,-0.995,0.3,-0.4,0
40.6237720999996,69,-0.01,19,0,0,0.031,-0.015,-0.995,0.3,-0.4,0
40.6337720999996,29,-0.01,19,0,0,0.031,-0.015,-0.995,0.3,-0.4,0
40.6437720999996,29,-0.01,19,0,0,0.031,-0.015,-0.995,0.3,-0.4,0
40.6537720999996,29,-0.01,19,0,0,0.031,-0.015,-0.995,0.3,-0.4,0
40.6637720999996,15,0,19,0,0,0.03,-0.014,-1.004,0.3,-0.7,0
40.6737720999996,26,0,19,0,0,0.03,-0.014,-1.004,0.3,-0.7,0
40.6837720999996,29,0,19,0,0,0.03,-0.014,-1.004,0.3,-0.7,0
40.6937720999996,89,0,19,0,0,0.03,-0.014,-1.004,0.3,-0.7,0
40.7037720999996,29,0,19,0,0,0.03,-0.014,-1.004,0.3,-0.7,0
40.7137720999996,29,0,19,0,0,0.03,-0.013,-0.996,0.3,-0.7,0
40.7237720999996,29,0,19,0,0,0.03,-0.013,-0.996,0.3,-0.7,0
40.7337720999996,43,0,19,0,0,0.03,-0.013,-0.996,0.3,-0.7,0
40.7437720999996,35,0,19,0,0,0.03,-0.013,-0.996,0.3,-0.7,0
40.7537720999996,35,0,19,0,0,0.03,-0.013,-0.996,0.3,-0.7,0
40.7637720999996,31,0,19,0,0,0.031,-0.013,-1,0.3,-0.5,0.1
40.7737720999996,0,0,19,0,0,0.031,-0.013,-1,0.3,-0.5,0.1
40.7837720999996,24,0,19,0,0,0.031,-0.013,-1,0.3,-0.5,0.1
40.7937720999996,29,0,19,0,0,0.031,-0.013,-1,0.3,-0.5,0.1
40.8037720999996,29,0,19,0,0,0.031,-0.013,-1,0.3,-0.5,0.1
40.8137720999996,39,-0.01,19,0,0,0.029,-0.014,-0.999,0.2,-0.6,0
40.8237720999996,35,-0.01,19,0,0,0.029,-0.014,-0.999,0.2,-0.6,0
40.8337720999996,35,-0.01,19,0,0,0.029,-0.014,-0.999,0.2,-0.6,0
40.8437720999996,63,-0.01,19,0,0,0.029,-0.014,-0.999,0.2,-0.6,0
40.8537720999996,35,-0.01,19,0,0,0.029,-0.014,-0.999,0.2,-0.6,0
40.8637720999996,35,0,19,0,0,0.03,-0.015,-1,0.2,-0.8,0
40.8737720999996,35,0,19,0,0,0.03,-0.015,-1,0.2,-0.8,0
40.8837720999996,44,0,19,0,0,0.03,-0.015,-1,0.2,-0.8,0
40.8937720999996,35,0,19,0,0,0.03,-0.015,-1,0.2,-0.8,0
40.9037720999996,35,0,19,0,0,0.03,-0.015,-1,0.2,-0.8,0
40.9137720999996,47,0,19,0,0,0.03,-0.015,-1,0.3,-0.4,0
40.9237720999996,35,0,19,0,0,0.03,-0.015,-1,0.3,-0.4,0
40.9337720999996,35,0,19,0,0,0.03,-0.015,-1,0.3,-0.4,0
40.9437720999996,35,0,19,0,0,0.03,-0.015,-1,0.3,-0.4,0
40.9537720999996,0,0,19,0,0,0.03,-0.015,-1,0.3,-0.4,0
40.9637720999996,0,0.01,19,0,0,0.029,-0.015,-1.001,0.3,-0.8,0
40.9737720999996,0,0.01,19,0,0,0.029,-0.015,-1.001,0.3,-0.8,0
40.9837720999996,0,0.01,19,0,0,0.029,-0.015,-1.001,0.3,-0.8,0
40.9937720999996,0,0.01,19,0,0,0.029,-0.015,-1.001,0.3,-0.8,0
41.0037720999996,0,0.01,19,0,0,0.029,-0.015,-1.001,0.3,-0.8,0
41.0137720999996,0,0,19,0,0,0.031,-0.015,-0.998,0.3,-0.4,0
41.0237720999996,0,0,19,0,0,0.031,-0.015,-0.998,0.3,-0.4,0
41.0337720999996,0,0,19,0,0,0.031,-0.015,-0.998,0.3,-0.4,0
41.0437720999996,0,0,19,0,0,0.031,-0.015,-0.998,0.3,-0.4,0
41.0537720999996,0,0,19,0,0,0.031,-0.015,-0.998,0.3,-0.4,0
41.0637720999996,0,0,19,0,0,0.03,-0.015,-1.003,0.3,-0.8,0
41.0737720999996,8,0,19,0,0,0.03,-0.015,-1.003,0.3,-0.8,0
41.0837720999996,23,0,19,0,0,0.03,-0.015,-1.003,0.3,-0.8,0
41.0937720999996,23,0,19,0,0,0.03,-0.015,-1.003,0.3,-0.8,0
41.1037720999996,80,0,19,0,0,0.03,-0.015,-1.003,0.3,-0.8,0
41.1137720999996,23,0,19,0,0,0.032,-0.016,-0.994,0.3,-0.4,0.1
41.1237720999996,23,0,19,0,0,0.032,-0.016,-0.994,0.3,-0.4,0.1
41.1337720999996,23,0,19,0,0,0.032,-0.016,-0.994,0.3,-0.4,0.1
41.1437720999996,23,0,19,0,0,0.032,-0.016,-0.994,0.3,-0.4,0.1
41.1537720999996,39,0,19,0,0,0.032,-0.016,-0.994,0.3,-0.4,0.1
41.1637720999996,23,-0.02,19,0,0,0.03,-0.017,-1.004,0.3,-0.7,0
41.1737720999996,23,-0.02,19,0,0,0.03,-0.017,-1.004,0.3,-0.7,0
41.1837720999996,75,-0.02,19,0,0,0.03,-0.017,-1.004,0.3,-0.7,0
41.1937720999996,23,-0.02,19,0,0,0.03,-0.017,-1.004,0.3,-0.7,0
41.2037720999996,23,-0.02,19,0,0,0.03,-0.017,-1.004,0.3,-0.7,0
41.2137720999996,23,-0.01,19,0,0,0.031,-0.014,-0.995,0.2,-0.4,0
41.2237720999996,23,-0.01,19,0,0,0.031,-0.014,-0.995,0.2,-0.4,0
41.2337720999996,35,-0.01,19,0,0,0.031,-0.014,-0.995,0.2,-0.4,0
41.2437720999996,23,-0.01,19,0,0,0.031,-0.014,-0.995,0.2,-0.4,0
41.2537720999996,23,-0.01,19,0,0,0.031,-0.014,-0.995,0.2,-0.4,0
41.2637720999996,98,0,19,0,0,0.028,-0.019,-1.009,0.3,-0.5,0.1
41.2737720999996,23,0,19,0,0,0.028,-0.019,-1.009,0.3,-0.5,0.1
41.2837720999996,23,0,19,0,0,0.028,-0.019,-1.009,0.3,-0.5,0.1
41.2937720999996,23,0,19,0,0,0.028,-0.019,-1.009,0.3,-0.5,0.1
41.3037720999996,59,0,19,0,0,0.028,-0.019,-1.009,0.3,-0.5,0.1
41.3137720999996,35,0,19,0,0,0.031,-0.017,-0.996,0.3,-0.8,0
41.3237720999996,35,0,19,0,0,0.031,-0.017,-0.996,0.3,-0.8,0
41.3337720999996,35,0,19,0,0,0.031,-0.017,-0.996,0.3,-0.8,0
41.3437720999996,20,0,19,0,0,0.031,-0.017,-0.996,0.3,-0.8,0
41.3537720999996,0,0,19,0,0,0.031,-0.017,-0.996,0.3,-0.8,0
41.3637720999996,22,0,19,0,0,0.028,-0.014,-1.006,0.3,-0.4,0
41.3737720999996,29,0,19,0,0,0.028,-0.014,-1.006,0.3,-0.4,0
41.3837720999996,29,0,19,0,0,0.028,-0.014,-1.006,0.3,-0.4,0
41.3937720999996,56,0,19,0,0,0.028,-0.014,-1.006,0.3,-0.4,0
41.4037720999996,29,0,19,0,0,0.028,-0.014,-1.006,0.3,-0.4,0
41.4137720999996,29,-0.01,19,0,0,0.031,-0.014,-0.999,0.3,-0.9,0
41.4237720999996,60,-0.01,19,0,0,0.031,-0.014,-0.999,0.3,-0.9,0
41.4337720999996,29,-0.01,19,0,0,0.031,-0.014,-0.999,0.3,-0.9,0
41.4437720999996,29,-0.01,19,0,0,0.031,-0.014,-0.999,0.3,-0.9,0
41.4537720999996,49,-0.01,19,0,0,0.031,-0.014,-0.999,0.3,-0.9,0
41.4637720999996,35,0,19,0,0,0.03,-0.016,-0.998,0.3,-0.4,0
41.4737720999996,35,0,19,0,0,0.03,-0.016,-0.998,0.3,-0.4,0
41.4837720999996,35,0,19,0,0,0.03,-0.016,-0.998,0.3,-0.4,0
41.4937720999996,49,0,19,0,0,0.03,-0.016,-0.998,0.3,-0.4,0
41.5037720999996,35,0,19,0,0,0.03,-0.016,-0.998,0.3,-0.4,0
41.5137720999996,35,0,19,0,0,0.03,-0.014,-1.004,0.3,-0.7,0
41.5237720999996,34,0,19,0,0,0.03,-0.014,-1.004,0.3,-0.7,0
41.5337720999996,0,0,19,0,0,0.03,-0.014,-1.004,0.3,-0.7,0
41.5437720999996,0,0,19,0,0,0.03,-0.014,-1.004,0.3,-0.7,0
41.5537720999996,0,0,19,0,0,0.03,-0.014,-1.004,0.3,-0.7,0
41.5637720999996,0,0,19,0,0,0.031,-0.014,-0.996,0.3,-0.4,0
41.5737720999996,15,0,19,0,0,0.031,-0.014,-0.996,0.3,-0.4,0
41.5837720999996,29,0,19,0,0,0.031,-0.014,-0.996,0.3,-0.4,0
41.5937720999996,29,0,19,0,0,0.031,-0.014,-0.996,0.3,-0.4,0
41.6037720999996,64,0,19,0,0,0.031,-0.014,-0.996,0.3,-0.4,0
41.6137720999996,29,0.01,19,0,0,0.029,-0.018,-1.007,0.3,-0.7,0
41.6237720999996,29,0.01,19,0,0,0.029,-0.018,-1.007,0.3,-0.7,0
41.6337720999996,29,0.01,19,0,0,0.029,-0.018,-1.007,0.3,-0.7,0
41.6437720999996,22,0.01,19,0,0,0.029,-0.018,-1.007,0.3,-0.7,0
41.6537720999996,20,0.01,19,0,0,0.029,-0.018,-1.007,0.3,-0.7,0
41.6637720999996,29,-0.02,19,0,0,0.03,-0.014,-1,0.2,-0.5,0
41.6737720999996,29,-0.02,19,0,0,0.03,-0.014,-1,0.2,-0.5,0
41.6837720999996,60,-0.02,19,0,0,0.03,-0.014,-1,0.2,-0.5,0
41.6937720999996,29,-0.02,19,0,0,0.03,-0.014,-1,0.2,-0.5,0
41.7037720999996,29,-0.02,19,0,0,0.03,-0.014,-1,0.2,-0.5,0
41.7137720999996,29,-0.01,19,0,0,0.03,-0.015,-1.005,0.3,-0.7,0
41.7237720999996,26,-0.01,19,0,0,0.03,-0.015,-1.005,0.3,-0.7,0
41.7337720999996,21,-0.01,19,0,0,0.03,-0.015,-1.005,0.3,-0.7,0
41.7437720999996,29,-0.01,19,0,0,0.03,-0.015,-1.005,0.3,-0.7,0
41.7537720999996,91,-0.01,19,0,0,0.03,-0.015,-1.005,0.3,-0.7,0
41.7637720999996,29,0,19,0,0,0.031,-0.011,-0.988,0.3,-0.6,0
41.7737720999996,29,0,19,0,0,0.031,-0.011,-0.988,0.3,-0.6,0
41.7837720999996,29,0,19,0,0,0.031,-0.011,-0.988,0.3,-0.6,0
41.7937720999996,39,0,19,0,0,0.031,-0.011,-0.988,0.3,-0.6,0
41.8037720999996,35,0,19,0,0,0.031,-0.011,-0.988,0.3,-0.6,0
41.8137720999996,35,0,19,0,0,0.029,-0.015,-1.006,0.2,-0.6,0
41.8237720999996,35,0,19,0,0,0.029,-0.015,-1.006,0.2,-0.6,0
41.8337720999996,14,0,19,0,0,0.029,-0.015,-1.006,0.2,-0.6,0
41.8437720999996,0,0,19,0,0,0.029,-0.015,-1.006,0.2,-0.6,0
41.8537720999996,29,0,19,0,0,0.029,-0.015,-1.006,0.2,-0.6,0
41.8637720999996,29,0,19,0,0,0.032,-0.016,-0.994,0.2,-0.7,0
41.8737720999996,29,0,19,0,0,0.032,-0.016,-0.994,0.2,-0.7,0
41.8837720999996,54,0,19,0,0,0.032,-0.016,-0.994,0.2,-0.7,0
41.8937720999996,35,0,19,0,0,0.032,-0.016,-0.994,0.2,-0.7,0
41.9037720999996,35,0,19,0,0,0.032,-0.016,-0.994,0.2,-0.7,0
41.9137720999996,63,-0.01,19,0,0,0.029,-0.014,-1,0.3,-0.4,0
41.9237720999996,35,-0.01,19,0,0,0.029,-0.014,-1,0.3,-0.4,0
41.9337720999996,35,-0.01,19,0,0,0.029,-0.014,-1,0.3,-0.4,0
41.9437720999996,40,-0.01,19,0,0,0.029,-0.014,-1,0.3,-0.4,0
41.9537720999996,35,-0.01,19,0,0,0.029,-0.014,-1,0.3,-0.4,0
41.9637720999996,35,0,19,0,0,0.03,-0.015,-1.002,0.3,-0.9,0
41.9737720999996,35,0,19,0,0,0.03,-0.015,-1.002,0.3,-0.9,0
41.9837720999996,48,0,19,0,0,0.03,-0.015,-1.002,0.3,-0.9,0
41.9937720999996,35,0,19,0,0,0.03,-0.015,-1.002,0.3,-0.9,0
42.0037720999996,35,0,19,0,0,0.03,-0.015,-1.002,0.3,-0.9,0
42.0137720999995,30,0.01,19,0,0,0.031,-0.015,-0.997,0.2,-0.4,0
42.0237720999995,0,0.01,19,0,0,0.031,-0.015,-0.997,0.2,-0.4,0
42.0337720999996,0,0.01,19,0,0,0.031,-0.015,-0.997,0.2,-0.4,0
42.0437720999996,0,0.01,19,0,0,0.031,-0.015,-0.997,0.2,-0.4,0
42.0537720999995,26,0.01,19,0,0,0.031,-0.015,-0.997,0.2,-0.4,0
42.0637720999995,29,0,19,0,0,0.029,-0.014,-1.004,0.3,-0.9,0
42.0737720999995,29,0,19,0,0,0.029,-0.014,-1.004,0.3,-0.9,0
42.0837720999995,55,0,19,0,0,0.029,-0.014,-1.004,0.3,-0.9,0
42.0937720999995,29,0,19,0,0,0.029,-0.014,-1.004,0.3,-0.9,0
42.1037720999995,29,0,19,0,0,0.029,-0.014,-1.004,0.3,-0.9,0
42.1137720999995,29,-0.01,19,0,0,0.031,-0.014,-0.995,0.4,-0.3,0
42.1237720999995,17,-0.01,19,0,0,0.031,-0.014,-0.995,0.4,-0.3,0
42.1337720999995,29,-0.01,19,0,0,0.031,-0.014,-0.995,0.4,-0.3,0
42.1437720999995,29,-0.01,19,0,0,0.031,-0.014,-0.995,0.4,-0.3,0
42.1537720999995,60,-0.01,19,0,0,0.031,-0.014,-0.995,0.4,-0.3,0
42.1637720999995,29,-0.01,19,0,0,0.029,-0.016,-1.004,0.3,-0.8,0
42.1737720999995,29,-0.01,19,0,0,0.029,-0.016,-1.004,0.3,-0.8,0
42.1837720999995,29,-0.01,19,0,0,0.029,-0.016,-1.004,0.3,-0.8,0
42.1937720999995,28,-0.01,19,0,0,0.029,-0.016,-1.004,0.3,-0.8,0
42.2037720999995,11,-0.01,19,0,0,0.029,-0.016,-1.004,0.3,-0.8,0
42.2137720999995,29,0.01,19,0,0,0.031,-0.013,-0.998,0.2,-0.4,0
42.2237720999995,89,0.01,19,0,0,0.031,-0.013,-0.998,0.2,-0.4,0
42.2337720999995,29,0.01,19,0,0,0.031,-0.013,-0.998,0.2,-0.4,0
42.2437720999995,29,0.01,19,0,0,0.031,-0.013,-0.998,0.2,-0.4,0
42.2537720999995,29,0.01,19,0,0,0.031,-0.013,-0.998,0.2,-0.4,0
42.2637720999995,46,0,19,0,0,0.03,-0.015,-1,0.3,-0.7,0
42.2737720999995,35,0,19,0,0,0.03,-0.015,-1,0.3,-0.7,0
42.2837720999995,35,0,19,0,0,0.03,-0.015,-1,0.3,-0.7,0
42.2937720999995,35,0,19,0,0,0.03,-0.015,-1,0.3,-0.7,0
42.3037720999995,0,0,19,0,0,0.03,-0.015,-1,0.3,-0.7,0
42.3137720999995,8,0,19,0,0,0.03,-0.015,-1,0.3,-0.4,0
42.3237720999995,35,0,19,0,0,0.03,-0.015,-1,0.3,-0.4,0
42.3337720999995,35,0,19,0,0,0.03,-0.015,-1,0.3,-0.4,0
42.3437720999995,35,0,19,0,0,0.03,-0.015,-1,0.3,-0.4,0
42.3537720999995,42,0,19,0,0,0.03,-0.015,-1,0.3,-0.4,0
42.3637720999995,35,-0.01,19,0,0,0.031,-0.015,-1,0.3,-0.9,0
42.3737720999995,35,-0.01,19,0,0,0.031,-0.015,-1,0.3,-0.9,0
42.3837720999995,67,-0.01,19,0,0,0.031,-0.015,-1,0.3,-0.9,0
42.3937720999995,35,-0.01,19,0,0,0.031,-0.015,-1,0.3,-0.9,0
42.4037720999995,35,-0.01,19,0,0,0.031,-0.015,-1,0.3,-0.9,0
42.4137720999995,39,0.01,19,0,0,0.031,-0.015,-0.998,0.3,-0.2,0
42.4237720999995,35,0.01,19,0,0,0.031,-0.015,-0.998,0.3,-0.2,0
42.4337720999995,35,0.01,19,0,0,0.031,-0.015,-0.998,0.3,-0.2,0
42.4437720999995,35,0.01,19,0,0,0.031,-0.015,-0.998,0.3,-0.2,0
42.4537720999995,45,0.01,19,0,0,0.031,-0.015,-0.998,0.3,-0.2,0
42.4637720999995,35,0.01,19,0,0,0.029,-0.015,-1.004,0.3,-1,0
42.4737720999995,35,0.01,19,0,0,0.029,-0.015,-1.004,0.3,-1,0
42.4837720999995,30,0.01,19,0,0,0.029,-0.015,-1.004,0.3,-1,0
42.4937720999995,0,0.01,19,0,0,0.029,-0.015,-1.004,0.3,-1,0
42.5037720999995,0,0.01,19,0,0,0.029,-0.015,-1.004,0.3,-1,0
42.5137720999995,0,0,19,0,0,0.03,-0.016,-0.996,0.3,-0.2,0
42.5237720999995,21,0,19,0,0,0.03,-0.016,-0.996,0.3,-0.2,0
42.5337720999995,29,0,19,0,0,0.03,-0.016,-0.996,0.3,-0.2,0
42.5437720999995,29,0,19,0,0,0.03,-0.016,-0.996,0.3,-0.2,0
42.5537720999995,60,0,19,0,0,0.03,-0.016,-0.996,0.3,-0.2,0
42.5637720999995,29,0,19,0,0,0.029,-0.013,-1.001,0.3,-1,0
42.5737720999995,29,0,19,0,0,0.029,-0.013,-1.001,0.3,-1,0
42.5837720999995,29,0,19,0,0,0.029,-0.013,-1.001,0.3,-1,0
42.5937720999995,13,0,19,0,0,0.029,-0.013,-1.001,0.3,-1,0
42.6037720999995,25,0,19,0,0,0.029,-0.013,-1.001,0.3,-1,0
42.6137720999995,29,-0.02,19,0,0,0.03,-0.015,-0.995,0.2,-0.3,0
42.6237720999995,29,-0.02,19,0,0,0.03,-0.015,-0.995,0.2,-0.3,0
42.6337720999995,66,-0.02,19,0,0,0.03,-0.015,-0.995,0.2,-0.3,0
42.6437720999995,29,-0.02,19,0,0,0.03,-0.015,-0.995,0.2,-0.3,0
42.6537720999995,29,-0.02,19,0,0,0.03,-0.015,-0.995,0.2,-0.3,0
42.6637720999995,29,0,19,0,0,0.03,-0.015,-1.004,0.2,-0.8,0
42.6737720999995,12,0,19,0,0,0.03,-0.015,-1.004,0.2,-0.8,0
42.6837720999995,29,0,19,0,0,0.03,-0.015,-1.004,0.2,-0.8,0
42.6937720999995,29,0,19,0,0,0.03,-0.015,-1.004,0.2,-0.8,0
42.7037720999995,88,0,19,0,0,0.03,-0.015,-1.004,0.2,-0.8,0
42.7137720999995,29,0,19,0,0,0.03,-0.013,-0.995,0.3,-0.6,0
42.7237720999995,29,0,19,0,0,0.03,-0.013,-0.995,0.3,-0.6,0
42.7337720999995,39,0,19,0,0,0.03,-0.013,-0.995,0.3,-0.6,0
42.7437720999995,35,0,19,0,0,0.03,-0.013,-0.995,0.3,-0.6,0
42.7537720999995,35,0,19,0,0,0.03,-0.013,-0.995,0.3,-0.6,0
42.7637720999995,35,0,19,0,0,0.029,-0.013,-1,0.3,-0.6,0
42.7737720999995,17,0,19,0,0,0.029,-0.013,-1,0.3,-0.6,0
42.7837720999995,8,0,19,0,0,0.029,-0.013,-1,0.3,-0.6,0
42.7937720999995,35,0,19,0,0,0.029,-0.013,-1,0.3,-0.6,0
42.8037720999995,35,0,19,0,0,0.029,-0.013,-1,0.3,-0.6,0
42.8137720999995,35,-0.01,19,0,0,0.03,-0.015,-0.999,0.3,-0.6,0
42.8237720999995,34,-0.01,19,0,0,0.03,-0.015,-0.999,0.3,-0.6,0
42.8337720999995,35,-0.01,19,0,0,0.03,-0.015,-0.999,0.3,-0.6,0
42.8437720999995,35,-0.01,19,0,0,0.03,-0.015,-0.999,0.3,-0.6,0
42.8537720999995,61,-0.01,19,0,0,0.03,-0.015,-0.999,0.3,-0.6,0
42.8637720999995,35,-0.01,19,0,0,0.029,-0.014,-0.994,0.3,-0.7,0
42.8737720999995,35,-0.01,19,0,0,0.029,-0.014,-0.994,0.3,-0.7,0
42.8837720999995,35,-0.01,19,0,0,0.029,-0.014,-0.994,0.3,-0.7,0
42.8937720999995,46,-0.01,19,0,0,0.029,-0.014,-0.994,0.3,-0.7,0
42.9037720999995,35,-0.01,19,0,0,0.029,-0.014,-0.994,0.3,-0.7,0
42.9137720999995,35,0.01,19,0,0,0.029,-0.014,-1,0.3,-0.3,0
42.9237720999995,47,0.01,19,0,0,0.029,-0.014,-1,0.3,-0.3,0
42.9337720999995,35,0.01,19,0,0,0.029,-0.014,-1,0.3,-0.3,0
42.9437720999995,35,0.01,19,0,0,0.029,-0.014,-1,0.3,-0.3,0
42.9537720999995,35,0.01,19,0,0,0.029,-0.014,-1,0.3,-0.3,0
42.9637720999995,0,0.01,19,0,0,0.031,-0.012,-0.997,0.3,-0.9,0
42.9737720999995,0,0.01,19,0,0,0.031,-0.012,-0.997,0.3,-0.9,0
42.9837720999995,0,0.01,19,0,0,0.031,-0.012,-0.997,0.3,-0.9,0
42.9937720999995,0,0.01,19,0,0,0.031,-0.012,-0.997,0.3,-0.9,0
43.0037720999995,0,0.01,19,0,0,0.031,-0.012,-0.997,0.3,-0.9,0
43.0137720999995,0,0.01,19,0,0,0.029,-0.014,-1,0.2,-0.3,0
43.0237720999995,0,0.01,19,0,0,0.029,-0.014,-1,0.2,-0.3,0
43.0337720999995,0,0.01,19,0,0,0.029,-0.014,-1,0.2,-0.3,0
43.0437720999995,0,0.01,19,0,0,0.029,-0.014,-1,0.2,-0.3,0
43.0537720999995,0,0.01,19,0,0,0.029,-0.014,-1,0.2,-0.3,0
43.0637720999995,0,0.01,19,0,0,0.03,-0.016,-1,0.2,-0.9,0
43.0737720999995,0,0.01,19,0,0,0.03,-0.016,-1,0.2,-0.9,0
43.0837720999995,9,0.01,19,0,0,0.03,-0.016,-1,0.2,-0.9,0
43.0937720999995,23,0.01,19,0,0,0.03,-0.016,-1,0.2,-0.9,0
43.1037720999995,23,0.01,19,0,0,0.03,-0.016,-1,0.2,-0.9,0
43.1137720999995,81,0,19,0,0,0.028,-0.009,-0.991,0.3,-0.1,0
43.1237720999995,23,0,19,0,0,0.028,-0.009,-0.991,0.3,-0.1,0
43.1337720999995,23,0,19,0,0,0.028,-0.009,-0.991,0.3,-0.1,0
43.1437720999995,23,0,19,0,0,0.028,-0.009,-0.991,0.3,-0.1,0
43.1537720999995,23,0,19,0,0,0.028,-0.009,-0.991,0.3,-0.1,0
43.1637720999995,40,-0.01,19,0,0,0.03,-0.011,-0.993,0.3,-0.9,0
43.1737720999995,23,-0.01,19,0,0,0.03,-0.011,-0.993,0.3,-0.9,0
43.1837720999995,23,-0.01,19,0,0,0.03,-0.011,-0.993,0.3,-0.9,0
43.1937720999995,75,-0.01,19,0,0,0.03,-0.011,-0.993,0.3,-0.9,0
43.2037720999995,23,-0.01,19,0,0,0.03,-0.011,-0.993,0.3,-0.9,0
43.2137720999995,23,-0.01,19,0,0,0.03,-0.013,-1,0.3,-0.7,0
43.2237720999995,23,-0.01,19,0,0,0.03,-0.013,-1,0.3,-0.7,0
43.2337720999995,23,-0.01,19,0,0,0.03,-0.013,-1,0.3,-0.7,0
43.2437720999995,23,-0.01,19,0,0,0.03,-0.013,-1,0.3,-0.7,0
43.2537720999995,35,-0.01,19,0,0,0.03,-0.013,-1,0.3,-0.7,0
43.2637720999995,23,0.01,19,0,0,0.031,-0.015,-0.994,0.2,-0.7,0
43.2737720999995,98,0.01,19,0,0,0.031,-0.015,-0.994,0.2,-0.7,0
43.2837720999995,23,0.01,19,0,0,0.031,-0.015,-0.994,0.2,-0.7,0
43.2937720999995,23,0.01,19,0,0,0.031,-0.015,-0.994,0.2,-0.7,0
43.3037720999995,23,0.01,19,0,0,0.031,-0.015,-0.994,0.2,-0.7,0
43.3137720999995,59,0,19,0,0,0.03,-0.016,-1.007,0.3,-0.3,0
43.3237720999995,35,0,19,0,0,0.03,-0.016,-1.007,0.3,-0.3,0
43.3337720999995,35,0,19,0,0,0.03,-0.016,-1.007,0.3,-0.3,0
43.3437720999995,35,0,19,0,0,0.03,-0.016,-1.007,0.3,-0.3,0
43.3537720999995,21,0,19,0,0,0.03,-0.016,-1.007,0.3,-0.3,0
43.3637720999995,0,0,19,0,0,0.029,-0.015,-1,0.3,-0.9,0
43.3737720999995,22,0,19,0,0,0.029,-0.015,-1,0.3,-0.9,0
43.3837720999995,29,0,19,0,0,0.029,-0.015,-1,0.3,-0.9,0
43.3937720999995,29,0,19,0,0,0.029,-0.015,-1,0.3,-0.9,0
43.4037720999995,56,0,19,0,0,0.029,-0.015,-1,0.3,-0.9,0
43.4137720999995,29,0,19,0,0,0.03,-0.015,-0.999,0.3,-0.3,0.1
43.4237720999995,29,0,19,0,0,0.03,-0.015,-0.999,0.3,-0.3,0.1
43.4337720999995,60,0,19,0,0,0.03,-0.015,-0.999,0.3,-0.3,0.1
43.4437720999995,29,0,19,0,0,0.03,-0.015,-0.999,0.3,-0.3,0.1
43.4537720999995,29,0,19,0,0,0.03,-0.015,-0.999,0.3,-0.3,0.1
43.4637720999995,48,0,19,0,0,0.03,-0.015,-1.006,0.2,-0.8,0
43.4737720999995,35,0,19,0,0,0.03,-0.015,-1.006,0.2,-0.8,0
43.4837720999995,35,0,19,0,0,0.03,-0.015,-1.006,0.2,-0.8,0
43.4937720999995,35,0,19,0,0,0.03,-0.015,-1.006,0.2,-0.8,0
43.5037720999995,49,0,19,0,0,0.03,-0.015,-1.006,0.2,-0.8,0
43.5137720999995,35,0,19,0,0,0.03,-0.015,-0.993,0.3,-0.4,0
43.5237720999995,35,0,19,0,0,0.03,-0.015,-0.993,0.3,-0.4,0
43.5337720999995,35,0,19,0,0,0.03,-0.015,-0.993,0.3,-0.4,0
43.5437720999995,0,0,19,0,0,0.03,-0.015,-0.993,0.3,-0.4,0
43.5537720999995,0,0,19,0,0,0.03,-0.015,-0.993,0.3,-0.4,0
43.5637720999995,0,0,19,0,0,0.028,-0.016,-1.007,0.3,-0.7,0
43.5737720999995,0,0,19,0,0,0.028,-0.016,-1.007,0.3,-0.7,0
43.5837720999995,19,0,19,0,0,0.028,-0.016,-1.007,0.3,-0.7,0
43.5937720999995,29,0,19,0,0,0.028,-0.016,-1.007,0.3,-0.7,0
43.6037720999995,29,0,19,0,0,0.028,-0.016,-1.007,0.3,-0.7,0
43.6137720999995,64,0,19,0,0,0.031,-0.012,-0.989,0.3,-0.4,0
43.6237720999995,29,0,19,0,0,0.031,-0.012,-0.989,0.3,-0.4,0
43.6337720999995,29,0,19,0,0,0.031,-0.012,-0.989,0.3,-0.4,0
43.6437720999995,29,0,19,0,0,0.031,-0.012,-0.989,0.3,-0.4,0
43.6537720999995,17,0,19,0,0,0.031,-0.012,-0.989,0.3,-0.4,0
43.6637720999995,24,-0.01,19,0,0,0.029,-0.016,-1.003,0.2,-0.7,0
43.6737720999995,29,-0.01,19,0,0,0.029,-0.016,-1.003,0.2,-0.7,0
43.6837720999995,29,-0.01,19,0,0,0.029,-0.016,-1.003,0.2,-0.7,0
43.6937720999995,60,-0.01,19,0,0,0.029,-0.016,-1.003,0.2,-0.7,0
43.7037720999995,29,-0.01,19,0,0,0.029,-0.016,-1.003,0.2,-0.7,0
43.7137720999995,29,-0.01,19,0,0,0.031,-0.012,-0.995,0.2,-0.6,0
43.7237720999995,29,-0.01,19,0,0,0.031,-0.012,-0.995,0.2,-0.6,0
43.7337720999995,21,-0.01,19,0,0,0.031,-0.012,-0.995,0.2,-0.6,0
43.7437720999995,25,-0.01,19,0,0,0.031,-0.012,-0.995,0.2,-0.6,0
43.7537720999995,29,-0.01,19,0,0,0.031,-0.012,-0.995,0.2,-0.6,0
43.7637720999994,91,0.01,19,0,0,0.03,-0.019,-1.005,0.3,-0.5,0
43.7737720999994,29,0.01,19,0,0,0.03,-0.019,-1.005,0.3,-0.5,0
43.7837720999995,29,0.01,19,0,0,0.03,-0.019,-1.005,0.3,-0.5,0
43.7937720999995,29,0.01,19,0,0,0.03,-0.019,-1.005,0.3,-0.5,0
43.8037720999994,39,0.01,19,0,0,0.03,-0.019,-1.005,0.3,-0.5,0
43.8137720999994,35,0,19,0,0,0.031,-0.014,-0.994,0.2,-0.8,0
43.8237720999994,35,0,19,0,0,0.031,-0.014,-0.994,0.2,-0.8,0
43.8337720999995,35,0,19,0,0,0.031,-0.014,-0.994,0.2,-0.8,0
43.8437720999994,8,0,19,0,0,0.031,-0.014,-0.994,0.2,-0.8,0
43.8537720999994,8,0,19,0,0,0.031,-0.014,-0.994,0.2,-0.8,0
43.8637720999994,29,0,19,0,0,0.03,-0.015,-1.004,0.2,-0.3,0
43.8737720999994,29,0,19,0,0,0.03,-0.015,-1.004,0.2,-0.3,0
43.8837720999994,29,0,19,0,0,0.03,-0.015,-1.004,0.2,-0.3,0
43.8937720999994,55,0,19,0,0,0.03,-0.015,-1.004,0.2,-0.3,0
43.9037720999994,35,0,19,0,0,0.03,-0.015,-1.004,0.2,-0.3,0
43.9137720999994,35,-0.01,19,0,0,0.029,-0.016,-1.001,0.2,-0.7,0
43.9237720999994,63,-0.01,19,0,0,0.029,-0.016,-1.001,0.2,-0.7,0
43.9337720999994,35,-0.01,19,0,0,0.029,-0.016,-1.001,0.2,-0.7,0
43.9437720999994,35,-0.01,19,0,0,0.029,-0.016,-1.001,0.2,-0.7,0
43.9537720999994,40,-0.01,19,0,0,0.029,-0.016,-1.001,0.2,-0.7,0
43.9637720999994,35,0.01,19,0,0,0.029,-0.014,-0.997,0.3,-0.5,0
43.9737720999994,35,0.01,19,0,0,0.029,-0.014,-0.997,0.3,-0.5,0
43.9837720999994,48,0.01,19,0,0,0.029,-0.014,-0.997,0.3,-0.5,0
43.9937720999994,35,0.01,19,0,0,0.029,-0.014,-0.997,0.3,-0.5,0
44.0037720999994,35,0.01,19,0,0,0.029,-0.014,-0.997,0.3,-0.5,0
44.0137720999994,35,0.01,19,0,0,0.03,-0.015,-1.004,0.2,-0.6,0
44.0237720999994,23,0.01,19,0,0,0.03,-0.015,-1.004,0.2,-0.6,0
44.0337720999994,0,0.01,19,0,0,0.03,-0.015,-1.004,0.2,-0.6,0
44.0437720999994,0,0.01,19,0,0,0.03,-0.015,-1.004,0.2,-0.6,0
44.0537720999994,7,0.01,19,0,0,0.03,-0.015,-1.004,0.2,-0.6,0
44.0637720999994,29,0,19,0,0,0.031,-0.014,-0.993,0.2,-0.6,0
44.0737720999994,29,0,19,0,0,0.031,-0.014,-0.993,0.2,-0.6,0
44.0837720999994,29,0,19,0,0,0.031,-0.014,-0.993,0.2,-0.6,0
44.0937720999994,60,0,19,0,0,0.031,-0.014,-0.993,0.2,-0.6,0
44.1037720999994,35,0,19,0,0,0.031,-0.014,-0.993,0.2,-0.6,0
44.1137720999994,35,0,19,0,0,0.028,-0.016,-1.007,0.3,-0.6,0
44.1237720999994,34,0,19,0,0,0.028,-0.016,-1.007,0.3,-0.6,0
44.1337720999994,7,0,19,0,0,0.028,-0.016,-1.007,0.3,-0.6,0
44.1437720999994,29,0,19,0,0,0.028,-0.016,-1.007,0.3,-0.6,0
44.1537720999994,29,0,19,0,0,0.028,-0.016,-1.007,0.3,-0.6,0
44.1637720999994,60,-0.01,19,0,0,0.031,-0.011,-0.992,0.2,-0.6,0
44.1737720999994,29,-0.01,19,0,0,0.031,-0.011,-0.992,0.2,-0.6,0
44.1837720999994,29,-0.01,19,0,0,0.031,-0.011,-0.992,0.2,-0.6,0
44.1937720999994,29,-0.01,19,0,0,0.031,-0.011,-0.992,0.2,-0.6,0
44.2037720999994,29,-0.01,19,0,0,0.031,-0.011,-0.992,0.2,-0.6,0
44.2137720999994,10,0.01,19,0,0,0.03,-0.016,-1.004,0.3,-0.6,0
44.2237720999994,29,0.01,19,0,0,0.03,-0.016,-1.004,0.3,-0.6,0
44.2337720999994,89,0.01,19,0,0,0.03,-0.016,-1.004,0.3,-0.6,0
44.2437720999994,29,0.01,19,0,0,0.03,-0.016,-1.004,0.3,-0.6,0
44.2537720999994,29,0.01,19,0,0,0.03,-0.016,-1.004,0.3,-0.6,0
44.2637720999994,29,0,19,0,0,0.029,-0.014,-1,0.3,-0.5,0
44.2737720999994,47,0,19,0,0,0.029,-0.014,-1,0.3,-0.5,0
44.2837720999994,35,0,19,0,0,0.029,-0.014,-1,0.3,-0.5,0
44.2937720999994,35,0,19,0,0,0.029,-0.014,-1,0.3,-0.5,0
44.3037720999994,35,0,19,0,0,0.029,-0.014,-1,0.3,-0.5,0
44.3137720999994,7,0,19,0,0,0.03,-0.015,-1,0.3,-0.6,0
44.3237720999994,0,0,19,0,0,0.03,-0.015,-1,0.3,-0.6,0
44.3337720999994,29,0,19,0,0,0.03,-0.015,-1,0.3,-0.6,0
44.3437720999994,29,0,19,0,0,0.03,-0.015,-1,0.3,-0.6,0
44.3537720999994,29,0,19,0,0,0.03,-0.015,-1,0.3,-0.6,0
44.3637720999994,49,-0.01,19,0,0,0.028,-0.015,-1,0.3,-0.4,0
44.3737720999994,35,-0.01,19,0,0,0.028,-0.015,-1,0.3,-0.4,0
44.3837720999994,35,-0.01,19,0,0,0.028,-0.015,-1,0.3,-0.4,0
44.3937720999994,70,-0.01,19,0,0,0.028,-0.015,-1,0.3,-0.4,0
44.4037720999994,35,-0.01,19,0,0,0.028,-0.015,-1,0.3,-0.4,0
44.4137720999994,35,0,19,0,0,0.03,-0.016,-1.005,0.2,-0.7,0
44.4237720999994,36,0,19,0,0,0.03,-0.016,-1.005,0.2,-0.7,0
44.4337720999994,35,0,19,0,0,0.03,-0.016,-1.005,0.2,-0.7,0
44.4437720999994,35,0,19,0,0,0.03,-0.016,-1.005,0.2,-0.7,0
44.4537720999994,46,0,19,0,0,0.03,-0.016,-1.005,0.2,-0.7,0
44.4637720999994,35,0.01,19,0,0,0.03,-0.015,-0.996,0.2,-0.5,0
44.4737720999994,35,0.01,19,0,0,0.03,-0.015,-0.996,0.2,-0.5,0
44.4837720999994,35,0.01,19,0,0,0.03,-0.015,-0.996,0.2,-0.5,0
44.4937720999994,19,0.01,19,0,0,0.03,-0.015,-0.996,0.2,-0.5,0
44.5037720999994,0,0.01,19,0,0,0.03,-0.015,-0.996,0.2,-0.5,0
44.5137720999994,0,0,19,0,0,0.029,-0.014,-1.007,0.2,-0.6,0
44.5237720999994,0,0,19,0,0,0.029,-0.014,-1.007,0.2,-0.6,0
44.5337720999994,29,0,19,0,0,0.029,-0.014,-1.007,0.2,-0.6,0
44.5437720999994,29,0,19,0,0,0.029,-0.014,-1.007,0.2,-0.6,0
44.5537720999994,29,0,19,0,0,0.029,-0.014,-1.007,0.2,-0.6,0
44.5637720999994,64,0,19,0,0,0.032,-0.012,-0.988,0.2,-0.5,0
44.5737720999994,35,0,19,0,0,0.032,-0.012,-0.988,0.2,-0.5,0
44.5837720999994,35,0,19,0,0,0.032,-0.012,-0.988,0.2,-0.5,0
44.5937720999994,35,0,19,0,0,0.032,-0.012,-0.988,0.2,-0.5,0
44.6037720999994,0,0,19,0,0,0.032,-0.012,-0.988,0.2,-0.5,0
44.6137720999994,24,-0.02,19,0,0,0.028,-0.015,-1.007,0.3,-0.7,0
44.6237720999994,29,-0.02,19,0,0,0.028,-0.015,-1.007,0.3,-0.7,0
44.6337720999994,69,-0.02,19,0,0,0.028,-0.015,-1.007,0.3,-0.7,0
44.6437720999994,29,-0.02,19,0,0,0.028,-0.015,-1.007,0.3,-0.7,0
44.6537720999994,29,-0.02,19,0,0,0.028,-0.015,-1.007,0.3,-0.7,0
44.6637720999994,29,-0.01,19,0,0,0.032,-0.014,-0.989,0.2,-0.6,0
44.6737720999994,29,-0.01,19,0,0,0.032,-0.014,-0.989,0.2,-0.6,0
44.6837720999994,12,-0.01,19,0,0,0.032,-0.014,-0.989,0.2,-0.6,0
44.6937720999994,29,-0.01,19,0,0,0.032,-0.014,-0.989,0.2,-0.6,0
44.7037720999994,29,-0.01,19,0,0,0.032,-0.014,-0.989,0.2,-0.6,0
44.7137720999994,88,0,19,0,0,0.03,-0.014,-1,0.3,-0.6,0.1
44.7237720999994,29,0,19,0,0,0.03,-0.014,-1,0.3,-0.6,0.1
44.7337720999994,29,0,19,0,0,0.03,-0.014,-1,0.3,-0.6,0.1
44.7437720999994,40,0,19,0,0,0.03,-0.014,-1,0.3,-0.6,0.1
44.7537720999994,35,0,19,0,0,0.03,-0.014,-1,0.3,-0.6,0.1
44.7637720999994,35,0,19,0,0,0.031,-0.016,-1,0.3,-0.8,0
44.7737720999994,35,0,19,0,0,0.031,-0.016,-1,0.3,-0.8,0
44.7837720999994,18,0,19,0,0,0.031,-0.016,-1,0.3,-0.8,0
44.7937720999994,0,0,19,0,0,0.031,-0.016,-1,0.3,-0.8,0
44.8037720999994,29,0,19,0,0,0.031,-0.016,-1,0.3,-0.8,0
44.8137720999994,29,0,19,0,0,0.03,-0.014,-0.998,0.2,-0.6,0
44.8237720999994,29,0,19,0,0,0.03,-0.014,-0.998,0.2,-0.6,0
44.8337720999994,42,0,19,0,0,0.03,-0.014,-0.998,0.2,-0.6,0
44.8437720999994,35,0,19,0,0,0.03,-0.014,-0.998,0.2,-0.6,0
44.8537720999994,35,0,19,0,0,0.03,-0.014,-0.998,0.2,-0.6,0
44.8637720999994,62,0,19,0,0,0.031,-0.014,-0.998,0.1,-0.6,0
44.8737720999994,35,0,19,0,0,0.031,-0.014,-0.998,0.1,-0.6,0
44.8837720999994,35,0,19,0,0,0.031,-0.014,-0.998,0.1,-0.6,0
44.8937720999994,44,0,19,0,0,0.031,-0.014,-0.998,0.1,-0.6,0
44.9037720999994,35,0,19,0,0,0.031,-0.014,-0.998,0.1,-0.6,0
44.9137720999994,35,0.01,19,0,0,0.03,-0.015,-1.003,0.3,-0.7,0
44.9237720999994,35,0.01,19,0,0,0.03,-0.015,-1.003,0.3,-0.7,0
44.9337720999994,46,0.01,19,0,0,0.03,-0.015,-1.003,0.3,-0.7,0
44.9437720999994,35,0.01,19,0,0,0.03,-0.015,-1.003,0.3,-0.7,0
44.9537720999994,35,0.01,19,0,0,0.03,-0.015,-1.003,0.3,-0.7,0
44.9637720999994,25,0.01,19,0,0,0.03,-0.015,-0.997,0.3,-0.4,0
44.9737720999994,0,0.01,19,0,0,0.03,-0.015,-0.997,0.3,-0.4,0
44.9837720999994,0,0.01,19,0,0,0.03,-0.015,-0.997,0.3,-0.4,0
44.9937720999994,0,0.01,19,0,0,0.03,-0.015,-0.997,0.3,-0.4,0
45.0037720999994,0,0.01,19,0,0,0.03,-0.015,-0.997,0.3,-0.4,0
45.0137720999994,0,0,19,0,0,0.03,-0.014,-1.004,0.3,-0.7,0
45.0237720999994,0,0,19,0,0,0.03,-0.014,-1.004,0.3,-0.7,0
45.0337720999994,0,0,19,0,0,0.03,-0.014,-1.004,0.3,-0.7,0
45.0437720999994,0,0,19,0,0,0.03,-0.014,-1.004,0.3,-0.7,0
45.0537720999994,0,0,19,0,0,0.03,-0.014,-1.004,0.3,-0.7,0
45.0637720999994,0,0,19,0,0,0.031,-0.016,-0.997,0.2,-0.4,0
45.0737720999994,21,0,19,0,0,0.031,-0.016,-0.997,0.2,-0.4,0
45.0837720999994,23,0,19,0,0,0.031,-0.016,-0.997,0.2,-0.4,0
45.0937720999994,23,0,19,0,0,0.031,-0.016,-0.997,0.2,-0.4,0
45.1037720999994,76,0,19,0,0,0.031,-0.016,-0.997,0.2,-0.4,0
45.1137720999994,23,0,19,0,0,0.029,-0.017,-1.003,0.3,-0.9,0
45.1237720999994,23,0,19,0,0,0.029,-0.017,-1.003,0.3,-0.9,0
45.1337720999994,23,0,19,0,0,0.029,-0.017,-1.003,0.3,-0.9,0
45.1437720999994,34,0,19,0,0,0.029,-0.017,-1.003,0.3,-0.9,0
45.1537720999994,23,0,19,0,0,0.029,-0.017,-1.003,0.3,-0.9,0
45.1637720999994,23,-0.01,19,0,0,0.031,-0.015,-0.998,0.3,-0.5,0
45.1737720999994,23,-0.01,19,0,0,0.031,-0.015,-0.998,0.3,-0.5,0
45.1837720999994,71,-0.01,19,0,0,0.031,-0.015,-0.998,0.3,-0.5,0
45.1937720999994,23,-0.01,19,0,0,0.031,-0.015,-0.998,0.3,-0.5,0
45.2037720999994,23,-0.01,19,0,0,0.031,-0.015,-0.998,0.3,-0.5,0
45.2137720999994,23,0,19,0,0,0.03,-0.013,-1.001,0.1,-0.9,0
45.2237720999994,32,0,19,0,0,0.03,-0.013,-1.001,0.1,-0.9,0
45.2337720999994,23,0,19,0,0,0.03,-0.013,-1.001,0.1,-0.9,0
45.2437720999994,23,0,19,0,0,0.03,-0.013,-1.001,0.1,-0.9,0
45.2537720999994,95,0,19,0,0,0.03,-0.013,-1.001,0.1,-0.9,0
45.2637720999994,23,0,19,0,0,0.03,-0.016,-0.995,0.3,-0.7,0
45.2737720999994,23,0,19,0,0,0.03,-0.016,-0.995,0.3,-0.7,0
45.2837720999994,23,0,19,0,0,0.03,-0.016,-0.995,0.3,-0.7,0
45.2937720999994,57,0,19,0,0,0.03,-0.016,-0.995,0.3,-0.7,0
45.3037720999994,35,0,19,0,0,0.03,-0.016,-0.995,0.3,-0.7,0
45.3137720999994,35,0,19,0,0,0.03,-0.013,-1.002,0.2,-0.6,0
45.3237720999994,35,0,19,0,0,0.03,-0.013,-1.002,0.2,-0.6,0
45.3337720999994,9,0,19,0,0,0.03,-0.013,-1.002,0.2,-0.6,0
45.3437720999994,5,0,19,0,0,0.03,-0.013,-1.002,0.2,-0.6,0
45.3537720999994,29,0,19,0,0,0.03,-0.013,-1.002,0.2,-0.6,0
45.3637720999994,29,0,19,0,0,0.03,-0.017,-0.996,0.2,-0.9,0
45.3737720999994,29,0,19,0,0,0.03,-0.017,-0.996,0.2,-0.9,0
45.3837720999994,51,0,19,0,0,0.03,-0.017,-0.996,0.2,-0.9,0
45.3937720999994,29,0,19,0,0,0.03,-0.017,-0.996,0.2,-0.9,0
45.4037720999994,29,0,19,0,0,0.03,-0.017,-0.996,0.2,-0.9,0
45.4137720999994,63,-0.01,19,0,0,0.031,-0.015,-0.999,0.2,-0.4,0
45.4237720999994,35,-0.01,19,0,0,0.031,-0.015,-0.999,0.2,-0.4,0
45.4337720999994,35,-0.01,19,0,0,0.031,-0.015,-0.999,0.2,-0.4,0
45.4437720999994,48,-0.01,19,0,0,0.031,-0.015,-0.999,0.2,-0.4,0
45.4537720999994,35,-0.01,19,0,0,0.031,-0.015,-0.999,0.2,-0.4,0
45.4637720999994,35,0.01,19,0,0,0.029,-0.013,-1.002,0.2,-0.9,0
45.4737720999994,45,0.01,19,0,0,0.029,-0.013,-1.002,0.2,-0.9,0
45.4837720999994,35,0.01,19,0,0,0.029,-0.013,-1.002,0.2,-0.9,0
45.4937720999994,35,0.01,19,0,0,0.029,-0.013,-1.002,0.2,-0.9,0
45.5037720999994,35,0.01,19,0,0,0.029,-0.013,-1.002,0.2,-0.9,0
45.5137720999994,25,0.01,19,0,0,0.032,-0.015,-0.995,0.2,-0.3,0
45.5237720999993,0,0.01,19,0,0,0.032,-0.015,-0.995,0.2,-0.3,0
45.5337720999994,0,0.01,19,0,0,0.032,-0.015,-0.995,0.2,-0.3,0
45.5437720999994,0,0.01,19,0,0,0.032,-0.015,-0.995,0.2,-0.3,0
45.5537720999993,15,0.01,19,0,0,0.032,-0.015,-0.995,0.2,-0.3,0
45.5637720999993,29,0,19,0,0,0.028,-0.014,-1.001,0.2,-0.8,0
45.5737720999993,29,0,19,0,0,0.028,-0.014,-1.001,0.2,-0.8,0
45.5837720999994,62,0,19,0,0,0.028,-0.014,-1.001,0.2,-0.8,0
45.5937720999993,29,0,19,0,0,0.028,-0.014,-1.001,0.2,-0.8,0
45.6037720999993,29,0,19,0,0,0.028,-0.014,-1.001,0.2,-0.8,0
45.6137720999993,29,0,19,0,0,0.03,-0.016,-0.996,0.3,-0.5,0
45.6237720999993,20,0,19,0,0,0.03,-0.016,-0.996,0.3,-0.5,0
45.6337720999993,21,0,19,0,0,0.03,-0.016,-0.996,0.3,-0.5,0
45.6437720999993,29,0,19,0,0,0.03,-0.016,-0.996,0.3,-0.5,0
45.6537720999993,29,0,19,0,0,0.03,-0.016,-0.996,0.3,-0.5,0
45.6637720999993,58,-0.01,19,0,0,0.03,-0.014,-0.999,0.3,-0.8,0
45.6737720999993,29,-0.01,19,0,0,0.03,-0.014,-0.999,0.3,-0.8,0
45.6837720999993,29,-0.01,19,0,0,0.03,-0.014,-0.999,0.3,-0.8,0
45.6937720999993,29,-0.01,19,0,0,0.03,-0.014,-0.999,0.3,-0.8,0
45.7037720999993,21,-0.01,19,0,0,0.03,-0.014,-0.999,0.3,-0.8,0
45.7137720999993,25,0,19,0,0,0.031,-0.017,-0.997,0.3,-0.6,0
45.7237720999993,29,0,19,0,0,0.031,-0.017,-0.997,0.3,-0.6,0
45.7337720999993,90,0,19,0,0,0.031,-0.017,-0.997,0.3,-0.6,0
45.7437720999993,29,0,19,0,0,0.031,-0.017,-0.997,0.3,-0.6,0
45.7537720999993,29,0,19,0,0,0.031,-0.017,-0.997,0.3,-0.6,0
45.7637720999993,29,0,19,0,0,0.03,-0.013,-1,0.3,-0.5,0
45.7737720999993,38,0,19,0,0,0.03,-0.013,-1,0.3,-0.5,0
45.7837720999993,35,0,19,0,0,0.03,-0.013,-1,0.3,-0.5,0
45.7937720999993,35,0,19,0,0,0.03,-0.013,-1,0.3,-0.5,0
45.8037720999993,35,0,19,0,0,0.03,-0.013,-1,0.3,-0.5,0
45.8137720999993,5,0,19,0,0,0.03,-0.016,-0.995,0.2,-0.7,0
45.8237720999993,10,0,19,0,0,0.03,-0.016,-0.995,0.2,-0.7,0
45.8337720999993,29,0,19,0,0,0.03,-0.016,-0.995,0.2,-0.7,0
45.8437720999993,29,0,19,0,0,0.03,-0.016,-0.995,0.2,-0.7,0
45.8537720999993,29,0,19,0,0,0.03,-0.016,-0.995,0.2,-0.7,0
45.8637720999993,54,-0.01,19,0,0,0.03,-0.014,-0.998,0.3,-0.5,0
45.8737720999993,35,-0.01,19,0,0,0.03,-0.014,-0.998,0.3,-0.5,0
45.8837720999993,63,-0.01,19,0,0,0.03,-0.014,-0.998,0.3,-0.5,0
45.8937720999993,35,-0.01,19,0,0,0.03,-0.014,-0.998,0.3,-0.5,0
45.9037720999993,35,-0.01,19,0,0,0.03,-0.014,-0.998,0.3,-0.5,0
45.9137720999993,35,0,19,0,0,0.03,-0.015,-1.002,0.3,-0.6,0
45.9237720999993,39,0,19,0,0,0.03,-0.015,-1.002,0.3,-0.6,0
45.9337720999993,35,0,19,0,0,0.03,-0.015,-1.002,0.3,-0.6,0
45.9437720999993,35,0,19,0,0,0.03,-0.015,-1.002,0.3,-0.6,0
45.9537720999993,48,0,19,0,0,0.03,-0.015,-1.002,0.3,-0.6,0
45.9637720999993,35,0.01,19,0,0,0.031,-0.013,-0.995,0.2,-0.7,0
45.9737720999993,35,0.01,19,0,0,0.031,-0.013,-0.995,0.2,-0.7,0
45.9837720999993,35,0.01,19,0,0,0.031,-0.013,-0.995,0.2,-0.7,0
45.9937720999993,19,0.01,19,0,0,0.031,-0.013,-0.995,0.2,-0.7,0
46.0037720999993,0,0.01,19,0,0,0.031,-0.013,-0.995,0.2,-0.7,0
46.0137720999993,0,0,19,0,0,0.029,-0.013,-1.001,0.3,-0.4,0
46.0237720999993,7,0,19,0,0,0.029,-0.013,-1.001,0.3,-0.4,0
46.0337720999993,29,0,19,0,0,0.029,-0.013,-1.001,0.3,-0.4,0
46.0437720999993,29,0,19,0,0,0.029,-0.013,-1.001,0.3,-0.4,0
46.0537720999993,29,0,19,0,0,0.029,-0.013,-1.001,0.3,-0.4,0
46.0637720999993,55,0,19,0,0,0.032,-0.018,-0.998,0.3,-0.8,0
46.0737720999993,29,0,19,0,0,0.032,-0.018,-0.998,0.3,-0.8,0
46.0837720999993,29,0,19,0,0,0.032,-0.018,-0.998,0.3,-0.8,0
46.0937720999993,29,0,19,0,0,0.032,-0.018,-0.998,0.3,-0.8,0
46.1037720999993,16,0,19,0,0,0.032,-0.018,-0.998,0.3,-0.8,0
46.1137720999993,29,-0.02,19,0,0,0.028,-0.014,-1.001,0.3,-0.3,0
46.1237720999993,29,-0.02,19,0,0,0.028,-0.014,-1.001,0.3,-0.3,0
46.1337720999993,60,-0.02,19,0,0,0.028,-0.014,-1.001,0.3,-0.3,0
46.1437720999993,29,-0.02,19,0,0,0.028,-0.014,-1.001,0.3,-0.3,0
46.1537720999993,29,-0.02,19,0,0,0.028,-0.014,-1.001,0.3,-0.3,0
46.1637720999993,29,-0.01,19,0,0,0.032,-0.015,-0.997,0.3,-0.8,0
46.1737720999993,19,-0.01,19,0,0,0.032,-0.015,-0.997,0.3,-0.8,0
46.1837720999993,19,-0.01,19,0,0,0.032,-0.015,-0.997,0.3,-0.8,0
46.1937720999993,29,-0.01,19,0,0,0.032,-0.015,-0.997,0.3,-0.8,0
46.2037720999993,89,-0.01,19,0,0,0.032,-0.015,-0.997,0.3,-0.8,0
46.2137720999993,29,0,19,0,0,0.029,-0.016,-1.003,0.3,-0.6,0
46.2237720999993,29,0,19,0,0,0.029,-0.016,-1.003,0.3,-0.6,0
46.2337720999993,29,0,19,0,0,0.029,-0.016,-1.003,0.3,-0.6,0
46.2437720999993,48,0,19,0,0,0.029,-0.016,-1.003,0.3,-0.6,0
46.2537720999993,35,0,19,0,0,0.029,-0.016,-1.003,0.3,-0.6,0
46.2637720999993,35,0,19,0,0,0.029,-0.015,-0.997,0.3,-0.6,0
46.2737720999993,29,0,19,0,0,0.029,-0.015,-0.997,0.3,-0.6,0
46.2837720999993,0,0,19,0,0,0.029,-0.015,-0.997,0.3,-0.6,0
46.2937720999993,17,0,19,0,0,0.029,-0.015,-0.997,0.3,-0.6,0
46.3037720999993,35,0,19,0,0,0.029,-0.015,-0.997,0.3,-0.6,0
46.3137720999993,35,0,19,0,0,0.031,-0.014,-0.996,0.3,-0.7,0
46.3237720999993,35,0,19,0,0,0.031,-0.014,-0.996,0.3,-0.7,0
46.3337720999993,43,0,19,0,0,0.031,-0.014,-0.996,0.3,-0.7,0
46.3437720999993,35,0,19,0,0,0.031,-0.014,-0.996,0.3,-0.7,0
46.3537720999993,66,0,19,0,0,0.031,-0.014,-0.996,0.3,-0.7,0
46.3637720999993,35,-0.01,19,0,0,0.029,-0.015,-1.001,0.2,-0.3,0.1
46.3737720999993,35,-0.01,19,0,0,0.029,-0.015,-1.001,0.2,-0.3,0.1
46.3837720999993,35,-0.01,19,0,0,0.029,-0.015,-1.001,0.2,-0.3,0.1
46.3937720999993,39,-0.01,19,0,0,0.029,-0.015,-1.001,0.2,-0.3,0.1
46.4037720999993,35,-0.01,19,0,0,0.029,-0.015,-1.001,0.2,-0.3,0.1
46.4137720999993,35,0.01,19,0,0,0.03,-0.015,-1.002,0.2,-1,0
46.4237720999993,45,0.01,19,0,0,0.03,-0.015,-1.002,0.2,-1,0
46.4337720999993,35,0.01,19,0,0,0.03,-0.015,-1.002,0.2,-1,0
46.4437720999993,35,0.01,19,0,0,0.03,-0.015,-1.002,0.2,-1,0
46.4537720999993,35,0.01,19,0,0,0.03,-0.015,-1.002,0.2,-1,0
46.4637720999993,21,0,19,0,0,0.03,-0.015,-0.999,0.2,-0.3,0
46.4737720999993,0,0,19,0,0,0.03,-0.015,-0.999,0.2,-0.3,0
46.4837720999993,0,0,19,0,0,0.03,-0.015,-0.999,0.2,-0.3,0
46.4937720999993,0,0,19,0,0,0.03,-0.015,-0.999,0.2,-0.3,0
46.5037720999993,29,0,19,0,0,0.03,-0.015,-0.999,0.2,-0.3,0
46.5137720999993,29,0,19,0,0,0.03,-0.015,-1.001,0.3,-0.9,0
46.5237720999993,29,0,19,0,0,0.03,-0.015,-1.001,0.3,-0.9,0
46.5337720999993,60,0,19,0,0,0.03,-0.015,-1.001,0.3,-0.9,0
46.5437720999993,29,0,19,0,0,0.03,-0.015,-1.001,0.3,-0.9,0
46.5537720999993,29,0,19,0,0,0.03,-0.015,-1.001,0.3,-0.9,0
46.5637720999993,29,0,19,0,0,0.029,-0.014,-0.998,0.2,-0.1,0.1
46.5737720999993,8,0,19,0,0,0.029,-0.014,-0.998,0.2,-0.1,0.1
46.5837720999993,29,0,19,0,0,0.029,-0.014,-0.998,0.2,-0.1,0.1
46.5937720999993,29,0,19,0,0,0.029,-0.014,-0.998,0.2,-0.1,0.1
46.6037720999993,66,0,19,0,0,0.029,-0.014,-0.998,0.2,-0.1,0.1
46.6137720999993,29,-0.01,19,0,0,0.031,-0.012,-0.997,0.2,-0.9,0
46.6237720999993,29,-0.01,19,0,0,0.031,-0.012,-0.997,0.2,-0.9,0
46.6337720999993,29,-0.01,19,0,0,0.031,-0.012,-0.997,0.2,-0.9,0
46.6437720999993,26,-0.01,19,0,0,0.031,-0.012,-0.997,0.2,-0.9,0
46.6537720999993,14,-0.01,19,0,0,0.031,-0.012,-0.997,0.2,-0.9,0
46.6637720999993,29,0.01,19,0,0,0.031,-0.017,-0.996,0.3,-0.5,0
46.6737720999993,88,0.01,19,0,0,0.031,-0.017,-0.996,0.3,-0.5,0
46.6837720999993,29,0.01,19,0,0,0.031,-0.017,-0.996,0.3,-0.5,0
46.6937720999993,29,0.01,19,0,0,0.031,-0.017,-0.996,0.3,-0.5,0
46.7037720999993,29,0.01,19,0,0,0.031,-0.017,-0.996,0.3,-0.5,0
46.7137720999993,40,0,19,0,0,0.03,-0.012,-1,0.2,-0.6,0
46.7237720999993,35,0,19,0,0,0.03,-0.012,-1,0.2,-0.6,0
46.7337720999993,35,0,19,0,0,0.03,-0.012,-1,0.2,-0.6,0
46.7437720999993,35,0,19,0,0,0.03,-0.012,-1,0.2,-0.6,0
46.7537720999993,9,0,19,0,0,0.03,-0.012,-1,0.2,-0.6,0
46.7637720999993,16,0,19,0,0,0.03,-0.013,-0.996,0.3,-0.5,0
46.7737720999993,35,0,19,0,0,0.03,-0.013,-0.996,0.3,-0.5,0
46.7837720999993,35,0,19,0,0,0.03,-0.013,-0.996,0.3,-0.5,0
46.7937720999993,35,0,19,0,0,0.03,-0.013,-0.996,0.3,-0.5,0
46.8037720999993,32,0,19,0,0,0.03,-0.013,-0.996,0.3,-0.5,0
46.8137720999993,35,-0.01,19,0,0,0.032,-0.016,-0.998,0.2,-0.5,0
46.8237720999993,35,-0.01,19,0,0,0.032,-0.016,-0.998,0.2,-0.5,0
46.8337720999993,60,-0.01,19,0,0,0.032,-0.016,-0.998,0.2,-0.5,0
46.8437720999993,35,-0.01,19,0,0,0.032,-0.016,-0.998,0.2,-0.5,0
46.8537720999993,35,-0.01,19,0,0,0.032,-0.016,-0.998,0.2,-0.5,0
46.8637720999993,46,0,19,0,0,0.029,-0.016,-1.002,0.3,-0.5,0
46.8737720999993,35,0,19,0,0,0.029,-0.016,-1.002,0.3,-0.5,0
46.8837720999993,35,0,19,0,0,0.029,-0.016,-1.002,0.3,-0.5,0
46.8937720999993,35,0,19,0,0,0.029,-0.016,-1.002,0.3,-0.5,0
46.9037720999993,47,0,19,0,0,0.029,-0.016,-1.002,0.3,-0.5,0
46.9137720999993,35,0.01,19,0,0,0.032,-0.014,-0.992,0.3,-0.6,0
46.9237720999993,35,0.01,19,0,0,0.032,-0.014,-0.992,0.3,-0.6,0
46.9337720999993,33,0.01,19,0,0,0.032,-0.014,-0.992,0.3,-0.6,0
46.9437720999993,0,0.01,19,0,0,0.032,-0.014,-0.992,0.3,-0.6,0
46.9537720999993,0,0.01,19,0,0,0.032,-0.014,-0.992,0.3,-0.6,0
46.9637720999993,0,0.01,19,0,0,0.028,-0.014,-1.002,0.3,-0.4,0
46.9737720999993,0,0.01,19,0,0,0.028,-0.014,-1.002,0.3,-0.4,0
46.9837720999993,0,0.01,19,0,0,0.028,-0.014,-1.002,0.3,-0.4,0
46.9937720999993,0,0.01,19,0,0,0.028,-0.014,-1.002,0.3,-0.4,0
47.0037720999993,0,0.01,19,0,0,0.028,-0.014,-1.002,0.3,-0.4,0
47.0137720999993,0,0,19,0,0,0.032,-0.016,-0.996,0.3,-0.7,0
47.0237720999993,0,0,19,0,0,0.032,-0.016,-0.996,0.3,-0.7,0
47.0337720999993,0,0,19,0,0,0.032,-0.016,-0.996,0.3,-0.7,0
47.0437720999993,0,0,19,0,0,0.032,-0.016,-0.996,0.3,-0.7,0
47.0537720999993,0,0,19,0,0,0.032,-0.016,-0.996,0.3,-0.7,0
47.0637720999993,0,0.01,19,0,0,0.03,-0.013,-1,0.3,-0.3,0
47.0737720999993,0,0.01,19,0,0,0.03,-0.013,-1,0.3,-0.3,0
47.0837720999993,0,0.01,19,0,0,0.03,-0.013,-1,0.3,-0.3,0
47.0937720999993,0,0.01,19,0,0,0.03,-0.013,-1,0.3,-0.3,0
47.1037720999993,0,0.01,19,0,0,0.03,-0.013,-1,0.3,-0.3,0
47.1137720999993,0,0.01,19,0,0,0.03,-0.015,-0.999,0.3,-0.7,0
47.1237720999993,0,0.01,19,0,0,0.03,-0.015,-0.999,0.3,-0.7,0
47.1337720999993,0,0.01,19,0,0,0.03,-0.015,-0.999,0.3,-0.7,0
47.1437720999993,0,0.01,19,0,0,0.03,-0.015,-0.999,0.3,-0.7,0
47.1537720999993,0,0.01,19,0,0,0.03,-0.015,-0.999,0.3,-0.7,0
47.1637720999993,0,0.01,19,0,0,0.031,-0.016,-1.001,0.3,-0.4,0
47.1737720999993,0,0.01,19,0,0,0.031,-0.016,-1.001,0.3,-0.4,0
47.1837720999993,0,0.01,19,0,0,0.031,-0.016,-1.001,0.3,-0.4,0
47.1937720999993,0,0.01,19,0,0,0.031,-0.016,-1.001,0.3,-0.4,0
47.2037720999993,0,0.01,19,0,0,0.031,-0.016,-1.001,0.3,-0.4,0
47.2137720999993,0,0.01,19,0,0,0.03,-0.014,-1,0.2,-0.7,0
47.2237720999993,0,0.01,19,0,0,0.03,-0.014,-1,0.2,-0.7,0
47.2337720999993,0,0.01,19,0,0,0.03,-0.014,-1,0.2,-0.7,0
47.2437720999993,0,0.01,19,0,0,0.03,-0.014,-1,0.2,-0.7,0
47.2537720999993,0,0.01,19,0,0,0.03,-0.014,-1,0.2,-0.7,0
47.2637720999993,0,0.01,19,0,0,0.031,-0.016,-1,0.3,-0.4,0
47.2737720999992,0,0.01,19,0,0,0.031,-0.016,-1,0.3,-0.4,0
47.2837720999993,0,0.01,19,0,0,0.031,-0.016,-1,0.3,-0.4,0
47.2937720999993,0,0.01,19,0,0,0.031,-0.016,-1,0.3,-0.4,0
47.3037720999993,0,0.01,19,0,0,0.031,-0.016,-1,0.3,-0.4,0
47.3137720999992,0,0.01,19,0,0,0.029,-0.015,-1,0.3,-0.7,0
47.3237720999992,0,0.01,19,0,0,0.029,-0.015,-1,0.3,-0.7,0
47.3337720999993,0,0.01,19,0,0,0.029,-0.015,-1,0.3,-0.7,0
47.3437720999992,0,0.01,19,0,0,0.029,-0.015,-1,0.3,-0.7,0
47.3537720999992,0,0.01,19,0,0,0.029,-0.015,-1,0.3,-0.7,0
47.3637720999992,0,0.01,19,0,0,0.031,-0.015,-0.999,0.2,-0.4,0.1
47.3737720999992,0,0.01,19,0,0,0.031,-0.015,-0.999,0.2,-0.4,0.1
47.3837720999992,0,0.01,19,0,0,0.031,-0.015,-0.999,0.2,-0.4,0.1
47.3937720999992,0,0.01,19,0,0,0.031,-0.015,-0.999,0.2,-0.4,0.1
47.4037720999992,0,0.01,19,0,0,0.031,-0.015,-0.999,0.2,-0.4,0.1
47.4137720999992,0,0.01,19,0,0,0.029,-0.015,-1,0.3,-0.7,0
47.4237720999992,0,0.01,19,0,0,0.029,-0.015,-1,0.3,-0.7,0
47.4337720999992,0,0.01,19,0,0,0.029,-0.015,-1,0.3,-0.7,0
47.4437720999992,0,0.01,19,0,0,0.029,-0.015,-1,0.3,-0.7,0
47.4537720999992,0,0.01,19,0,0,0.029,-0.015,-1,0.3,-0.7,0
47.4637720999992,0,0.01,19,0,0,0.03,-0.015,-1,0.3,-0.5,0
47.4737720999992,0,0.01,19,0,0,0.03,-0.015,-1,0.3,-0.5,0
47.4837720999992,0,0.01,19,0,0,0.03,-0.015,-1,0.3,-0.5,0
47.4937720999992,0,0.01,19,0,0,0.03,-0.015,-1,0.3,-0.5,0
47.5037720999992,0,0.01,19,0,0,0.03,-0.015,-1,0.3,-0.5,0
47.5137720999992,0,0.01,19,0,0,0.03,-0.014,-1.001,0.3,-0.7,0
47.5237720999992,0,0.01,19,0,0,0.03,-0.014,-1.001,0.3,-0.7,0
47.5337720999992,0,0.01,19,0,0,0.03,-0.014,-1.001,0.3,-0.7,0
47.5437720999992,0,0.01,19,0,0,0.03,-0.014,-1.001,0.3,-0.7,0
47.5537720999992,0,0.01,19,0,0,0.03,-0.014,-1.001,0.3,-0.7,0
47.5637720999992,0,0.01,19,0,0,0.029,-0.015,-1,0.3,-0.5,0.1
47.5737720999992,0,0.01,19,0,0,0.029,-0.015,-1,0.3,-0.5,0.1
47.5837720999992,0,0.01,19,0,0,0.029,-0.015,-1,0.3,-0.5,0.1
47.5937720999992,0,0.01,19,0,0,0.029,-0.015,-1,0.3,-0.5,0.1
47.6037720999992,0,0.01,19,0,0,0.029,-0.015,-1,0.3,-0.5,0.1
47.6137720999992,0,0.01,19,0,0,0.03,-0.014,-1.002,0.3,-0.6,0
47.6237720999992,0,0.01,19,0,0,0.03,-0.014,-1.002,0.3,-0.6,0
47.6337720999992,0,0.01,19,0,0,0.03,-0.014,-1.002,0.3,-0.6,0
47.6437720999992,0,0.01,19,0,0,0.03,-0.014,-1.002,0.3,-0.6,0
47.6537720999992,0,0.01,19,0,0,0.03,-0.014,-1.002,0.3,-0.6,0
47.6637720999992,0,0,19,0,0,0.031,-0.015,-0.999,0.2,-0.6,0
47.6737720999992,0,0,19,0,0,0.031,-0.015,-0.999,0.2,-0.6,0
47.6837720999992,0,0,19,0,0,0.031,-0.015,-0.999,0.2,-0.6,0
47.6937720999992,0,0,19,0,0,0.031,-0.015,-0.999,0.2,-0.6,0
47.7037720999992,0,0,19,0,0,0.031,-0.015,-0.999,0.2,-0.6,0
47.7137720999992,0,0.01,19,0,0,0.031,-0.015,-1.001,0.3,-0.6,0
47.7237720999992,0,0.01,19,0,0,0.031,-0.015,-1.001,0.3,-0.6,0
47.7337720999992,0,0.01,19,0,0,0.031,-0.015,-1.001,0.3,-0.6,0
47.7437720999992,0,0.01,19,0,0,0.031,-0.015,-1.001,0.3,-0.6,0
47.7537720999992,0,0.01,19,0,0,0.031,-0.015,-1.001,0.3,-0.6,0
47.7637720999992,0,0.01,19,0,0,0.03,-0.016,-0.999,0.3,-0.6,0
47.7737720999992,0,0.01,19,0,0,0.03,-0.016,-0.999,0.3,-0.6,0
47.7837720999992,0,0.01,19,0,0,0.03,-0.016,-0.999,0.3,-0.6,0
47.7937720999992,0,0.01,19,0,0,0.03,-0.016,-0.999,0.3,-0.6,0
47.8037720999992,0,0.01,19,0,0,0.03,-0.016,-0.999,0.3,-0.6,0
47.8137720999992,0,0.01,19,0,0,0.03,-0.013,-1.001,0.2,-0.6,0
47.8237720999992,0,0.01,19,0,0,0.03,-0.013,-1.001,0.2,-0.6,0
47.8337720999992,0,0.01,19,0,0,0.03,-0.013,-1.001,0.2,-0.6,0
47.8437720999992,0,0.01,19,0,0,0.03,-0.013,-1.001,0.2,-0.6,0
47.8537720999992,0,0.01,19,0,0,0.03,-0.013,-1.001,0.2,-0.6,0
47.8637720999992,0,0.01,19,0,0,0.03,-0.015,-0.999,0.2,-0.6,0
47.8737720999992,0,0.01,19,0,0,0.03,-0.015,-0.999,0.2,-0.6,0
47.8837720999992,0,0.01,19,0,0,0.03,-0.015,-0.999,0.2,-0.6,0
47.8937720999992,0,0.01,19,0,0,0.03,-0.015,-0.999,0.2,-0.6,0
47.9037720999992,0,0.01,19,0,0,0.03,-0.015,-0.999,0.2,-0.6,0
47.9137720999992,0,0.01,19,0,0,0.03,-0.016,-0.999,0.3,-0.6,0
47.9237720999992,0,0.01,19,0,0,0.03,-0.016,-0.999,0.3,-0.6,0
47.9337720999992,0,0.01,19,0,0,0.03,-0.016,-0.999,0.3,-0.6,0
47.9437720999992,0,0.01,19,0,0,0.03,-0.016,-0.999,0.3,-0.6,0
47.9537720999992,0,0.01,19,0,0,0.03,-0.016,-0.999,0.3,-0.6,0
47.9637720999992,0,0.01,19,0,0,0.031,-0.013,-1,0.2,-0.7,0
47.9737720999992,0,0.01,19,0,0,0.031,-0.013,-1,0.2,-0.7,0
47.9837720999992,0,0.01,19,0,0,0.031,-0.013,-1,0.2,-0.7,0
47.9937720999992,0,0.01,19,0,0,0.031,-0.013,-1,0.2,-0.7,0
48.0037720999992,0,0.01,19,0,0,0.031,-0.013,-1,0.2,-0.7,0
48.0137720999992,0,0.01,19,0,0,0.03,-0.016,-1,0.2,-0.6,0
48.0237720999992,0,0.01,19,0,0,0.03,-0.016,-1,0.2,-0.6,0
48.0337720999992,0,0.01,19,0,0,0.03,-0.016,-1,0.2,-0.6,0
48.0437720999992,0,0.01,19,0,0,0.03,-0.016,-1,0.2,-0.6,0
48.0537720999992,0,0.01,19,0,0,0.03,-0.016,-1,0.2,-0.6,0
48.0637720999992,0,0.01,19,0,0,0.03,-0.015,-0.999,0.2,-0.6,0
48.0737720999992,0,0.01,19,0,0,0.03,-0.015,-0.999,0.2,-0.6,0
48.0837720999992,0,0.01,19,0,0,0.03,-0.015,-0.999,0.2,-0.6,0
48.0937720999992,0,0.01,19,0,0,0.03,-0.015,-0.999,0.2,-0.6,0
48.1037720999992,0,0.01,19,0,0,0.03,-0.015,-0.999,0.2,-0.6,0
48.1137720999992,0,0.01,19,0,0,0.031,-0.015,-0.999,0.3,-0.6,0
48.1237720999992,0,0.01,19,0,0,0.031,-0.015,-0.999,0.3,-0.6,0
48.1337720999992,0,0.01,19,0,0,0.031,-0.015,-0.999,0.3,-0.6,0
48.1437720999992,0,0.01,19,0,0,0.031,-0.015,-0.999,0.3,-0.6,0
48.1537720999992,0,0.01,19,0,0,0.031,-0.015,-0.999,0.3,-0.6,0
48.1637720999992,0,0.01,19,0,0,0.031,-0.014,-1,0.3,-0.6,0
48.1737720999992,0,0.01,19,0,0,0.031,-0.014,-1,0.3,-0.6,0
48.1837720999992,0,0.01,19,0,0,0.031,-0.014,-1,0.3,-0.6,0
48.1937720999992,0,0.01,19,0,0,0.031,-0.014,-1,0.3,-0.6,0
48.2037720999992,0,0.01,19,0,0,0.031,-0.014,-1,0.3,-0.6,0
48.2137720999992,0,0.01,19,0,0,0.031,-0.015,-0.995,0.2,-0.5,0
48.2237720999992,0,0.01,19,0,0,0.031,-0.015,-0.995,0.2,-0.5,0
48.2337720999992,0,0.01,19,0,0,0.031,-0.015,-0.995,0.2,-0.5,0
48.2437720999992,0,0.01,19,0,0,0.031,-0.015,-0.995,0.2,-0.5,0
48.2537720999992,0,0.01,19,0,0,0.031,-0.015,-0.995,0.2,-0.5,0
48.2637720999992,0,0.01,19,0,0,0.028,-0.01,-0.999,0.3,-0.6,0
48.2737720999992,0,0.01,19,0,0,0.028,-0.01,-0.999,0.3,-0.6,0
48.2837720999992,0,0.01,19,0,0,0.028,-0.01,-0.999,0.3,-0.6,0
48.2937720999992,0,0.01,19,0,0,0.028,-0.01,-0.999,0.3,-0.6,0
48.3037720999992,0,0.01,19,0,0,0.028,-0.01,-0.999,0.3,-0.6,0
48.3137720999992,0,0,19,0,0,0.037,-0.021,-1.001,0.2,-0.6,-0.1
48.3237720999992,0,0,19,0,0,0.037,-0.021,-1.001,0.2,-0.6,-0.1
48.3337720999992,0,0,19,0,0,0.037,-0.021,-1.001,0.2,-0.6,-0.1
48.3437720999992,0,0,19,0,0,0.037,-0.021,-1.001,0.2,-0.6,-0.1
48.3537720999992,0,0,19,0,0,0.037,-0.021,-1.001,0.2,-0.6,-0.1
48.3637720999992,0,0,19,0,0,0.023,-0.01,-0.999,0.3,-0.6,0.3
48.3737720999992,0,0,19,0,0,0.023,-0.01,-0.999,0.3,-0.6,0.3
48.3837720999992,0,0,19,0,0,0.023,-0.01,-0.999,0.3,-0.6,0.3
48.3937720999992,0,0,19,0,0,0.023,-0.01,-0.999,0.3,-0.6,0.3
48.4037720999992,0,0,19,0,0,0.023,-0.01,-0.999,0.3,-0.6,0.3
48.4137720999992,0,0.01,19,0,0,0.036,-0.016,-1,0.2,-0.6,-0.1
48.4237720999992,0,0.01,19,0,0,0.036,-0.016,-1,0.2,-0.6,-0.1
48.4337720999992,0,0.01,19,0,0,0.036,-0.016,-1,0.2,-0.6,-0.1
48.4437720999992,0,0.01,19,0,0,0.036,-0.016,-1,0.2,-0.6,-0.1
48.4537720999992,0,0.01,19,0,0,0.036,-0.016,-1,0.2,-0.6,-0.1
48.4637720999992,0,0.01,19,0,0,0.026,-0.013,-0.999,0.3,-0.6,0.1
48.4737720999992,0,0.01,19,0,0,0.026,-0.013,-0.999,0.3,-0.6,0.1
48.4837720999992,0,0.01,19,0,0,0.026,-0.013,-0.999,0.3,-0.6,0.1
48.4937720999992,0,0.01,19,0,0,0.026,-0.013,-0.999,0.3,-0.6,0.1
48.5037720999992,0,0.01,19,0,0,0.026,-0.013,-0.999,0.3,-0.6,0.1
48.5137720999992,0,0.01,19,0,0,0.034,-0.014,-1.001,0.3,-0.6,0
48.5237720999992,0,0.01,19,0,0,0.034,-0.014,-1.001,0.3,-0.6,0
48.5337720999992,0,0.01,19,0,0,0.034,-0.014,-1.001,0.3,-0.6,0
48.5437720999992,0,0.01,19,0,0,0.034,-0.014,-1.001,0.3,-0.6,0
48.5537720999992,0,0.01,19,0,0,0.034,-0.014,-1.001,0.3,-0.6,0
48.5637720999992,0,0,19,0,0,0.026,-0.017,-0.998,0.1,-0.6,0
48.5737720999992,0,0,19,0,0,0.026,-0.017,-0.998,0.1,-0.6,0
48.5837720999992,0,0,19,0,0,0.026,-0.017,-0.998,0.1,-0.6,0
48.5937720999992,0,0,19,0,0,0.026,-0.017,-0.998,0.1,-0.6,0
48.6037720999992,0,0,19,0,0,0.026,-0.017,-0.998,0.1,-0.6,0
48.6137720999992,0,0.01,19,0,0,0.033,-0.012,-1,0.3,-0.6,0.1
48.6237720999992,0,0.01,19,0,0,0.033,-0.012,-1,0.3,-0.6,0.1
48.6337720999992,0,0.01,19,0,0,0.033,-0.012,-1,0.3,-0.6,0.1
48.6437720999992,0,0.01,19,0,0,0.033,-0.012,-1,0.3,-0.6,0.1
48.6537720999992,0,0.01,19,0,0,0.033,-0.012,-1,0.3,-0.6,0.1
48.6637720999992,0,0.01,19,0,0,0.027,-0.015,-0.998,0.2,-0.6,-0.1
48.6737720999992,0,0.01,19,0,0,0.027,-0.015,-0.998,0.2,-0.6,-0.1
48.6837720999992,0,0.01,19,0,0,0.027,-0.015,-0.998,0.2,-0.6,-0.1
48.6937720999992,0,0.01,19,0,0,0.027,-0.015,-0.998,0.2,-0.6,-0.1
48.7037720999992,0,0.01,19,0,0,0.027,-0.015,-0.998,0.2,-0.6,-0.1
48.7137720999992,0,0.01,19,0,0,0.032,-0.016,-1,0.2,-0.5,0.1
48.7237720999992,0,0.01,19,0,0,0.032,-0.016,-1,0.2,-0.5,0.1
48.7337720999992,0,0.01,19,0,0,0.032,-0.016,-1,0.2,-0.5,0.1
48.7437720999992,0,0.01,19,0,0,0.032,-0.016,-1,0.2,-0.5,0.1
48.7537720999992,0,0.01,19,0,0,0.032,-0.016,-1,0.2,-0.5,0.1
48.7637720999992,0,0.01,19,0,0,0.029,-0.012,-0.999,0.2,-0.7,0
48.7737720999992,0,0.01,19,0,0,0.029,-0.012,-0.999,0.2,-0.7,0
48.7837720999992,0,0.01,19,0,0,0.029,-0.012,-0.999,0.2,-0.7,0
48.7937720999992,0,0.01,19,0,0,0.029,-0.012,-0.999,0.2,-0.7,0
48.8037720999992,0,0.01,19,0,0,0.029,-0.012,-0.999,0.2,-0.7,0
48.8137720999992,0,0,19,0,0,0.03,-0.017,-1.001,0.2,-0.6,0.1
48.8237720999992,0,0,19,0,0,0.03,-0.017,-1.001,0.2,-0.6,0.1
48.8337720999992,0,0,19,0,0,0.03,-0.017,-1.001,0.2,-0.6,0.1
48.8437720999992,0,0,19,0,0,0.03,-0.017,-1.001,0.2,-0.6,0.1
48.8537720999992,0,0,19,0,0,0.03,-0.017,-1.001,0.2,-0.6,0.1
48.8637720999992,0,0.01,19,0,0,0.03,-0.011,-0.999,0.2,-0.6,0
48.8737720999992,0,0.01,19,0,0,0.03,-0.011,-0.999,0.2,-0.6,0
48.8837720999992,0,0.01,19,0,0,0.03,-0.011,-0.999,0.2,-0.6,0
48.8937720999992,0,0.01,19,0,0,0.03,-0.011,-0.999,0.2,-0.6,0
48.9037720999992,0,0.01,19,0,0,0.03,-0.011,-0.999,0.2,-0.6,0
48.9137720999992,0,0.01,19,0,0,0.03,-0.017,-1,0.3,-0.6,0
48.9237720999992,0,0.01,19,0,0,0.03,-0.017,-1,0.3,-0.6,0
48.9337720999992,0,0.01,19,0,0,0.03,-0.017,-1,0.3,-0.6,0
48.9437720999992,0,0.01,19,0,0,0.03,-0.017,-1,0.3,-0.6,0
48.9537720999992,0,0.01,19,0,0,0.03,-0.017,-1,0.3,-0.6,0
48.9637720999992,0,0.01,19,0,0,0.03,-0.014,-1,0.2,-0.6,0
48.9737720999992,0,0.01,19,0,0,0.03,-0.014,-1,0.2,-0.6,0
48.9837720999992,0,0.01,19,0,0,0.03,-0.014,-1,0.2,-0.6,0
48.9937720999992,0,0.01,19,0,0,0.03,-0.014,-1,0.2,-0.6,0
49.0037720999992,0,0.01,19,0,0,0.03,-0.014,-1,0.2,-0.6,0
49.0137720999992,0,0,19,0,0,0.028,-0.016,-1,0.3,-0.6,0
49.0237720999991,0,0,19,0,0,0.028,-0.016,-1,0.3,-0.6,0
49.0337720999992,0,0,19,0,0,0.028,-0.016,-1,0.3,-0.6,0
49.0437720999992,0,0,19,0,0,0.028,-0.016,-1,0.3,-0.6,0
49.0537720999992,0,0,19,0,0,0.028,-0.016,-1,0.3,-0.6,0
49.0637720999991,0,0.01,19,0,0,0.032,-0.015,-0.999,0.3,-0.6,0.1
49.0737720999991,0,0.01,19,0,0,0.032,-0.015,-0.999,0.3,-0.6,0.1
49.0837720999992,0,0.01,19,0,0,0.032,-0.015,-0.999,0.3,-0.6,0.1
49.0937720999991,0,0.01,19,0,0,0.032,-0.015,-0.999,0.3,-0.6,0.1
49.1037720999991,0,0.01,19,0,0,0.032,-0.015,-0.999,0.3,-0.6,0.1
49.1137720999991,16,0,19,0,0,0.027,-0.011,-0.997,0.3,-0.6,0
49.1237720999991,17,0,19,0,0,0.027,-0.011,-0.997,0.3,-0.6,0
49.1337720999991,87,0,19,0,0,0.027,-0.011,-0.997,0.3,-0.6,0
49.1437720999991,23,0,19,0,0,0.027,-0.011,-0.997,0.3,-0.6,0
49.1537720999991,23,0,19,0,0,0.027,-0.011,-0.997,0.3,-0.6,0
49.1637720999991,23,0,19,0,0,0.032,-0.018,-1.001,0.2,-0.6,0.1
49.1737720999991,23,0,19,0,0,0.032,-0.018,-1.001,0.2,-0.6,0.1
49.1837720999991,55,0,19,0,0,0.032,-0.018,-1.001,0.2,-0.6,0.1
49.1937720999991,17,0,19,0,0,0.032,-0.018,-1.001,0.2,-0.6,0.1
49.2037720999991,17,0,19,0,0,0.032,-0.018,-1.001,0.2,-0.6,0.1
49.2137720999991,79,-0.01,19,0,0,0.028,-0.009,-0.991,0.2,-0.7,0
49.2237720999991,17,-0.01,19,0,0,0.028,-0.009,-0.991,0.2,-0.7,0
49.2337720999991,17,-0.01,19,0,0,0.028,-0.009,-0.991,0.2,-0.7,0
49.2437720999991,17,-0.01,19,0,0,0.028,-0.009,-0.991,0.2,-0.7,0
49.2537720999991,51,-0.01,19,0,0,0.028,-0.009,-0.991,0.2,-0.7,0
49.2637720999991,17,0.01,19,0,0,0.033,-0.016,-0.996,0.3,-0.7,0
49.2737720999991,17,0.01,19,0,0,0.033,-0.016,-0.996,0.3,-0.7,0
49.2837720999991,96,0.01,19,0,0,0.033,-0.016,-0.996,0.3,-0.7,0
49.2937720999991,17,0.01,19,0,0,0.033,-0.016,-0.996,0.3,-0.7,0
49.3037720999991,17,0.01,19,0,0,0.033,-0.016,-0.996,0.3,-0.7,0
49.3137720999991,70,0,19,0,0,0.028,-0.013,-0.997,0.3,-0.4,0
49.3237720999991,35,0,19,0,0,0.028,-0.013,-0.997,0.3,-0.4,0
49.3337720999991,35,0,19,0,0,0.028,-0.013,-0.997,0.3,-0.4,0
49.3437720999991,35,0,19,0,0,0.028,-0.013,-0.997,0.3,-0.4,0
49.3537720999991,14,0,19,0,0,0.028,-0.013,-0.997,0.3,-0.4,0
49.3637720999991,0,0,19,0,0,0.031,-0.017,-1.004,0.2,-0.7,0
49.3737720999991,34,0,19,0,0,0.031,-0.017,-1.004,0.2,-0.7,0
49.3837720999991,35,0,19,0,0,0.031,-0.017,-1.004,0.2,-0.7,0
49.3937720999991,35,0,19,0,0,0.031,-0.017,-1.004,0.2,-0.7,0
49.4037720999991,60,0,19,0,0,0.031,-0.017,-1.004,0.2,-0.7,0
49.4137720999991,35,-0.01,19,0,0,0.029,-0.011,-0.996,0.3,-0.6,0.1
49.4237720999991,35,-0.01,19,0,0,0.029,-0.011,-0.996,0.3,-0.6,0.1
49.4337720999991,58,-0.01,19,0,0,0.029,-0.011,-0.996,0.3,-0.6,0.1
49.4437720999991,35,-0.01,19,0,0,0.029,-0.011,-0.996,0.3,-0.6,0.1
49.4537720999991,35,-0.01,19,0,0,0.029,-0.011,-0.996,0.3,-0.6,0.1
49.4637720999991,49,0.01,19,0,0,0.03,-0.017,-1.001,0.2,-0.6,0
49.4737720999991,35,0.01,19,0,0,0.03,-0.017,-1.001,0.2,-0.6,0
49.4837720999991,35,0.01,19,0,0,0.03,-0.017,-1.001,0.2,-0.6,0
49.4937720999991,50,0.01,19,0,0,0.03,-0.017,-1.001,0.2,-0.6,0
49.5037720999991,35,0.01,19,0,0,0.03,-0.017,-1.001,0.2,-0.6,0
49.5137720999991,35,0,19,0,0,0.03,-0.013,-0.999,0.3,-0.6,0
49.5237720999991,26,0,19,0,0,0.03,-0.013,-0.999,0.3,-0.6,0
49.5337720999991,0,0,19,0,0,0.03,-0.013,-0.999,0.3,-0.6,0
49.5437720999991,16,0,19,0,0,0.03,-0.013,-0.999,0.3,-0.6,0
49.5537720999991,35,0,19,0,0,0.03,-0.013,-0.999,0.3,-0.6,0
49.5637720999991,35,0,19,0,0,0.03,-0.015,-0.999,0.3,-0.6,0
49.5737720999991,56,0,19,0,0,0.03,-0.015,-0.999,0.3,-0.6,0
49.5837720999991,35,0,19,0,0,0.03,-0.015,-0.999,0.3,-0.6,0
49.5937720999991,35,0,19,0,0,0.03,-0.015,-0.999,0.3,-0.6,0
49.6037720999991,35,0,19,0,0,0.03,-0.015,-0.999,0.3,-0.6,0
49.6137720999991,10,0,19,0,0,0.032,-0.017,-1,0.2,-0.5,0
49.6237720999991,35,0,19,0,0,0.032,-0.017,-1,0.2,-0.5,0
49.6337720999991,35,0,19,0,0,0.032,-0.017,-1,0.2,-0.5,0
49.6437720999991,55,0,19,0,0,0.032,-0.017,-1,0.2,-0.5,0
49.6537720999991,35,0,19,0,0,0.032,-0.017,-1,0.2,-0.5,0
49.6637720999991,35,-0.01,19,0,0,0.029,-0.011,-0.997,0.3,-0.8,0
49.6737720999991,35,-0.01,19,0,0,0.029,-0.011,-0.997,0.3,-0.8,0
49.6837720999991,18,-0.01,19,0,0,0.029,-0.011,-0.997,0.3,-0.8,0
49.6937720999991,33,-0.01,19,0,0,0.029,-0.011,-0.997,0.3,-0.8,0
49.7037720999991,35,-0.01,19,0,0,0.029,-0.011,-0.997,0.3,-0.8,0
49.7137720999991,88,0,19,0,0,0.031,-0.022,-1.001,0.2,-0.3,0
49.7237720999991,35,0,19,0,0,0.031,-0.022,-1.001,0.2,-0.3,0
49.7337720999991,35,0,19,0,0,0.031,-0.022,-1.001,0.2,-0.3,0
49.7437720999991,32,0,19,0,0,0.031,-0.022,-1.001,0.2,-0.3,0
49.7537720999991,34,0,19,0,0,0.031,-0.022,-1.001,0.2,-0.3,0
49.7637720999991,35,0,19,0,0,0.028,-0.011,-1,0.3,-0.8,0
49.7737720999991,35,0,19,0,0,0.028,-0.011,-1,0.3,-0.8,0
49.7837720999991,15,0,19,0,0,0.028,-0.011,-1,0.3,-0.8,0
49.7937720999991,16,0,19,0,0,0.028,-0.011,-1,0.3,-0.8,0
49.8037720999991,35,0,19,0,0,0.028,-0.011,-1,0.3,-0.8,0
49.8137720999991,35,0,19,0,0,0.032,-0.017,-0.997,0.3,-0.4,0
49.8237720999991,46,0,19,0,0,0.032,-0.017,-0.997,0.3,-0.4,0
49.8337720999991,35,0,19,0,0,0.032,-0.017,-0.997,0.3,-0.4,0
49.8437720999991,35,0,19,0,0,0.032,-0.017,-0.997,0.3,-0.4,0
49.8537720999991,61,0,19,0,0,0.032,-0.017,-0.997,0.3,-0.4,0
49.8637720999991,35,0,19,0,0,0.029,-0.012,-0.997,0.3,-0.9,0
49.8737720999991,35,0,19,0,0,0.029,-0.012,-0.997,0.3,-0.9,0
49.8837720999991,42,0,19,0,0,0.029,-0.012,-0.997,0.3,-0.9,0
49.8937720999991,35,0,19,0,0,0.029,-0.012,-0.997,0.3,-0.9,0
49.9037720999991,35,0,19,0,0,0.029,-0.012,-0.997,0.3,-0.9,0
49.9137720999991,49,0.01,19,0,0,0.031,-0.017,-1.001,0.3,-0.3,0
49.9237720999991,35,0.01,19,0,0,0.031,-0.017,-1.001,0.3,-0.3,0
49.9337720999991,35,0.01,19,0,0,0.031,-0.017,-1.001,0.3,-0.3,0
49.9437720999991,35,0.01,19,0,0,0.031,-0.017,-1.001,0.3,-0.3,0
49.9537720999991,10,0.01,19,0,0,0.031,-0.017,-1.001,0.3,-0.3,0
49.9637720999991,0,0,19,0,0,0.03,-0.013,-0.997,0.3,-0.8,0
49.9737720999991,35,0,19,0,0,0.03,-0.013,-0.997,0.3,-0.8,0
49.9837720999991,35,0,19,0,0,0.03,-0.013,-0.997,0.3,-0.8,0
49.9937720999991,35,0,19,0,0,0.03,-0.013,-0.997,0.3,-0.8,0
50.0037720999991,48,0,19,0,0,0.03,-0.013,-0.997,0.3,-0.8,0
50.0137720999991,35,0,19,0,0,0.031,-0.013,-0.996,0.3,-0.4,0
50.0237720999991,35,0,19,0,0,0.031,-0.013,-0.996,0.3,-0.4,0
50.0337720999991,20,0,19,0,0,0.031,-0.013,-0.996,0.3,-0.4,0
50.0437720999991,33,0,19,0,0,0.031,-0.013,-0.996,0.3,-0.4,0
50.0537720999991,35,0,19,0,0,0.031,-0.013,-0.996,0.3,-0.4,0
50.0637720999991,35,-0.01,19,0,0,0.029,-0.016,-1.002,0.3,-0.7,0
50.0737720999991,56,-0.01,19,0,0,0.029,-0.016,-1.002,0.3,-0.7,0
50.0837720999991,35,-0.01,19,0,0,0.029,-0.016,-1.002,0.3,-0.7,0
50.0937720999991,35,-0.01,19,0,0,0.029,-0.016,-1.002,0.3,-0.7,0
50.1037720999991,20,-0.01,19,0,0,0.029,-0.016,-1.002,0.3,-0.7,0
50.1137720999991,22,0.01,19,0,0,0.031,-0.016,-0.995,0.2,-0.5,0
50.1237720999991,35,0.01,19,0,0,0.031,-0.016,-0.995,0.2,-0.5,0
50.1337720999991,88,0.01,19,0,0,0.031,-0.016,-0.995,0.2,-0.5,0
50.1437720999991,35,0.01,19,0,0,0.031,-0.016,-0.995,0.2,-0.5,0
50.1537720999991,35,0.01,19,0,0,0.031,-0.016,-0.995,0.2,-0.5,0
50.1637720999991,42,0,19,0,0,0.029,-0.014,-1.005,0.3,-0.4,0
50.1737720999991,35,0,19,0,0,0.029,-0.014,-1.005,0.3,-0.4,0
50.1837720999991,35,0,19,0,0,0.029,-0.014,-1.005,0.3,-0.4,0
50.1937720999991,35,0,19,0,0,0.029,-0.014,-1.005,0.3,-0.4,0
50.2037720999991,9,0,19,0,0,0.029,-0.014,-1.005,0.3,-0.4,0
50.2137720999991,16,0,19,0,0,0.03,-0.014,-0.993,0.2,-0.7,0
50.2237720999991,35,0,19,0,0,0.03,-0.014,-0.993,0.2,-0.7,0
50.2337720999991,35,0,19,0,0,0.03,-0.014,-0.993,0.2,-0.7,0
50.2437720999991,41,0,19,0,0,0.03,-0.014,-0.993,0.2,-0.7,0
50.2537720999991,35,0,19,0,0,0.03,-0.014,-0.993,0.2,-0.7,0
50.2637720999991,35,-0.01,19,0,0,0.03,-0.014,-1.004,0.3,-0.4,0
50.2737720999991,68,-0.01,19,0,0,0.03,-0.014,-1.004,0.3,-0.4,0
50.2837720999991,35,-0.01,19,0,0,0.03,-0.014,-1.004,0.3,-0.4,0
50.2937720999991,35,-0.01,19,0,0,0.03,-0.014,-1.004,0.3,-0.4,0
50.3037720999991,40,-0.01,19,0,0,0.03,-0.014,-1.004,0.3,-0.4,0
50.3137720999991,41,0.01,19,0,0,0.031,-0.015,-0.992,0.3,-0.7,0
50.3237720999991,41,0.01,19,0,0,0.031,-0.015,-0.992,0.3,-0.7,0
50.3337720999991,47,0.01,19,0,0,0.031,-0.015,-0.992,0.3,-0.7,0
50.3437720999991,35,0.01,19,0,0,0.031,-0.015,-0.992,0.3,-0.7,0
50.3537720999991,35,0.01,19,0,0,0.031,-0.015,-0.992,0.3,-0.7,0
50.3637720999991,35,0,19,0,0,0.029,-0.014,-1.007,0.2,-0.4,0
50.3737720999991,8,0,19,0,0,0.029,-0.014,-1.007,0.2,-0.4,0
50.3837720999991,0,0,19,0,0,0.029,-0.014,-1.007,0.2,-0.4,0
50.3937720999991,17,0,19,0,0,0.029,-0.014,-1.007,0.2,-0.4,0
50.4037720999991,35,0,19,0,0,0.029,-0.014,-1.007,0.2,-0.4,0
50.4137720999991,35,0,19,0,0,0.031,-0.014,-0.994,0.3,-0.9,0
50.4237720999991,58,0,19,0,0,0.031,-0.014,-0.994,0.3,-0.9,0
50.4337720999991,35,0,19,0,0,0.031,-0.014,-0.994,0.3,-0.9,0
50.4437720999991,35,0,19,0,0,0.031,-0.014,-0.994,0.3,-0.9,0
50.4537720999991,35,0,19,0,0,0.031,-0.014,-0.994,0.3,-0.9,0
50.4637720999991,5,-0.01,19,0,0,0.03,-0.015,-1.004,0.3,-0.3,0
50.4737720999991,35,-0.01,19,0,0,0.03,-0.015,-1.004,0.3,-0.3,0
50.4837720999991,35,-0.01,19,0,0,0.03,-0.015,-1.004,0.3,-0.3,0
50.4937720999991,67,-0.01,19,0,0,0.03,-0.015,-1.004,0.3,-0.3,0
50.5037720999991,35,-0.01,19,0,0,0.03,-0.015,-1.004,0.3,-0.3,0
50.5137720999991,35,-0.01,19,0,0,0.03,-0.016,-1.004,0.3,-1,0
50.5237720999991,35,-0.01,19,0,0,0.03,-0.016,-1.004,0.3,-1,0
50.5337720999991,14,-0.01,19,0,0,0.03,-0.016,-1.004,0.3,-1,0
50.5437720999991,31,-0.01,19,0,0,0.03,-0.016,-1.004,0.3,-1,0
50.5537720999991,35,-0.01,19,0,0,0.03,-0.016,-1.004,0.3,-1,0
50.5637720999991,90,0.01,19,0,0,0.03,-0.015,-1.001,0.2,-0.2,0
50.5737720999991,35,0.01,19,0,0,0.03,-0.015,-1.001,0.2,-0.2,0
50.5837720999991,35,0.01,19,0,0,0.03,-0.015,-1.001,0.2,-0.2,0
50.5937720999991,38,0.01,19,0,0,0.03,-0.015,-1.001,0.2,-0.2,0
50.6037720999991,35,0.01,19,0,0,0.03,-0.015,-1.001,0.2,-0.2,0
50.6137720999991,35,0,19,0,0,0.028,-0.013,-1.006,0.2,-1,0
50.6237720999991,35,0,19,0,0,0.028,-0.013,-1.006,0.2,-1,0
50.6337720999991,13,0,19,0,0,0.028,-0.013,-1.006,0.2,-1,0
50.6437720999991,23,0,19,0,0,0.028,-0.013,-1.006,0.2,-1,0
50.6537720999991,35,0,19,0,0,0.028,-0.013,-1.006,0.2,-1,0
50.6637720999991,35,0,19,0,0,0.03,-0.016,-0.998,0.3,-0.3,0
50.6737720999991,35,0,19,0,0,0.03,-0.016,-0.998,0.3,-0.3,0
50.6837720999991,35,0,19,0,0,0.03,-0.016,-0.998,0.3,-0.3,0
50.6937720999991,35,0,19,0,0,0.03,-0.016,-0.998,0.3,-0.3,0
50.7037720999991,62,0,19,0,0,0.03,-0.016,-0.998,0.3,-0.3,0
50.7137720999991,35,0,19,0,0,0.029,-0.015,-1.003,0.2,-0.9,0
50.7237720999991,35,0,19,0,0,0.029,-0.015,-1.003,0.2,-0.9,0
50.7337720999991,48,0,19,0,0,0.029,-0.015,-1.003,0.2,-0.9,0
50.7437720999991,41,0,19,0,0,0.029,-0.015,-1.003,0.2,-0.9,0
50.7537720999991,41,0,19,0,0,0.029,-0.015,-1.003,0.2,-0.9,0
50.7637720999991,48,0.01,19,0,0,0.031,-0.015,-1.001,0.3,-0.3,0
50.7737720999991,35,0.01,19,0,0,0.031,-0.015,-1.001,0.3,-0.3,0
50.7837720999991,35,0.01,19,0,0,0.031,-0.015,-1.001,0.3,-0.3,0
50.7937720999991,35,0.01,19,0,0,0.031,-0.015,-1.001,0.3,-0.3,0
50.8037720999991,15,0.01,19,0,0,0.031,-0.015,-1.001,0.3,-0.3,0
50.813772099999,0,0.01,19,0,0,0.029,-0.013,-0.998,0.2,-1,0
50.823772099999,0,0.01,19,0,0,0.029,-0.013,-0.998,0.2,-1,0
50.8337720999991,0,0.01,19,0,0,0.029,-0.013,-0.998,0.2,-1,0
50.8437720999991,29,0.01,19,0,0,0.029,-0.013,-0.998,0.2,-1,0
50.853772099999,29,0.01,19,0,0,0.029,-0.013,-0.998,0.2,-1,0
50.863772099999,66,0.01,19,0,0,0.031,-0.013,-0.997,0.3,-0.1,0
50.873772099999,35,0.01,19,0,0,0.031,-0.013,-0.997,0.3,-0.1,0
50.883772099999,35,0.01,19,0,0,0.031,-0.013,-0.997,0.3,-0.1,0
50.893772099999,35,0.01,19,0,0,0.031,-0.013,-0.997,0.3,-0.1,0
50.903772099999,20,0.01,19,0,0,0.031,-0.013,-0.997,0.3,-0.1,0
50.913772099999,27,-0.02,19,0,0,0.031,-0.015,-0.998,0.3,-1,0
50.923772099999,35,-0.02,19,0,0,0.031,-0.015,-0.998,0.3,-1,0
50.933772099999,35,-0.02,19,0,0,0.031,-0.015,-0.998,0.3,-1,0
50.943772099999,57,-0.02,19,0,0,0.031,-0.015,-0.998,0.3,-1,0
50.953772099999,29,-0.02,19,0,0,0.031,-0.015,-0.998,0.3,-1,0
50.963772099999,29,-0.01,19,0,0,0.029,-0.015,-1,0.2,-0.3,0
50.973772099999,29,-0.01,19,0,0,0.029,-0.015,-1,0.2,-0.3,0
50.983772099999,22,-0.01,19,0,0,0.029,-0.015,-1,0.2,-0.3,0
50.993772099999,29,-0.01,19,0,0,0.029,-0.015,-1,0.2,-0.3,0
51.003772099999,87,-0.01,19,0,0,0.029,-0.015,-1,0.2,-0.3,0
51.013772099999,29,0,19,0,0,0.03,-0.016,-0.998,0.3,-0.9,0
51.023772099999,29,0,19,0,0,0.03,-0.016,-0.998,0.3,-0.9,0
51.033772099999,29,0,19,0,0,0.03,-0.016,-0.998,0.3,-0.9,0
51.043772099999,42,0,19,0,0,0.03,-0.016,-0.998,0.3,-0.9,0
51.053772099999,35,0,19,0,0,0.03,-0.016,-0.998,0.3,-0.9,0
51.063772099999,35,0,19,0,0,0.03,-0.016,-1.004,0.3,-0.3,0
51.073772099999,26,0,19,0,0,0.03,-0.016,-1.004,0.3,-0.3,0
51.083772099999,8,0,19,0,0,0.03,-0.016,-1.004,0.3,-0.3,0
51.093772099999,35,0,19,0,0,0.03,-0.016,-1.004,0.3,-0.3,0
51.103772099999,35,0,19,0,0,0.03,-0.016,-1.004,0.3,-0.3,0
51.113772099999,35,0,19,0,0,0.031,-0.016,-0.999,0.2,-0.8,0
51.123772099999,41,0,19,0,0,0.031,-0.016,-0.999,0.2,-0.8,0
51.133772099999,35,0,19,0,0,0.031,-0.016,-0.999,0.2,-0.8,0
51.143772099999,35,0,19,0,0,0.031,-0.016,-0.999,0.2,-0.8,0
51.153772099999,58,0,19,0,0,0.031,-0.016,-0.999,0.2,-0.8,0
51.163772099999,35,0,19,0,0,0.029,-0.014,-1,0.2,-0.5,0
51.173772099999,35,0,19,0,0,0.029,-0.014,-1,0.2,-0.5,0
51.183772099999,49,0,19,0,0,0.029,-0.014,-1,0.2,-0.5,0
51.193772099999,41,0,19,0,0,0.029,-0.014,-1,0.2,-0.5,0
51.203772099999,41,0,19,0,0,0.029,-0.014,-1,0.2,-0.5,0
51.213772099999,44,0,19,0,0,0.031,-0.014,-0.996,0.3,-0.6,0
51.223772099999,35,0,19,0,0,0.031,-0.014,-0.996,0.3,-0.6,0
51.233772099999,35,0,19,0,0,0.031,-0.014,-0.996,0.3,-0.6,0
51.243772099999,29,0,19,0,0,0.031,-0.014,-0.996,0.3,-0.6,0
51.253772099999,0,0,19,0,0,0.031,-0.014,-0.996,0.3,-0.6,0
51.263772099999,0,0,19,0,0,0.03,-0.015,-1.004,0.3,-0.6,0
51.273772099999,16,0,19,0,0,0.03,-0.015,-1.004,0.3,-0.6,0
51.283772099999,35,0,19,0,0,0.03,-0.015,-1.004,0.3,-0.6,0
51.293772099999,35,0,19,0,0,0.03,-0.015,-1.004,0.3,-0.6,0
51.303772099999,61,0,19,0,0,0.03,-0.015,-1.004,0.3,-0.6,0
51.313772099999,35,0,19,0,0,0.031,-0.014,-0.992,0.2,-0.6,0
51.323772099999,35,0,19,0,0,0.031,-0.014,-0.992,0.2,-0.6,0
51.333772099999,35,0,19,0,0,0.031,-0.014,-0.992,0.2,-0.6,0
51.343772099999,9,0,19,0,0,0.031,-0.014,-0.992,0.2,-0.6,0
51.353772099999,35,0,19,0,0,0.031,-0.014,-0.992,0.2,-0.6,0
51.363772099999,35,-0.01,19,0,0,0.029,-0.016,-1.005,0.2,-0.4,0
51.373772099999,35,-0.01,19,0,0,0.029,-0.016,-1.005,0.2,-0.4,0
51.383772099999,57,-0.01,19,0,0,0.029,-0.016,-1.005,0.2,-0.4,0
51.393772099999,35,-0.01,19,0,0,0.029,-0.016,-1.005,0.2,-0.4,0
51.403772099999,35,-0.01,19,0,0,0.029,-0.016,-1.005,0.2,-0.4,0
51.413772099999,32,0.01,19,0,0,0.03,-0.014,-0.996,0.3,-0.7,0
51.423772099999,15,0.01,19,0,0,0.03,-0.014,-0.996,0.3,-0.7,0
51.433772099999,29,0.01,19,0,0,0.03,-0.014,-0.996,0.3,-0.7,0
51.443772099999,90,0.01,19,0,0,0.03,-0.014,-0.996,0.3,-0.7,0
51.453772099999,35,0.01,19,0,0,0.03,-0.014,-0.996,0.3,-0.7,0
51.463772099999,35,0,19,0,0,0.028,-0.015,-1.006,0.3,-0.6,0
51.473772099999,35,0,19,0,0,0.028,-0.015,-1.006,0.3,-0.6,0
51.483772099999,41,0,19,0,0,0.028,-0.015,-1.006,0.3,-0.6,0
51.493772099999,35,0,19,0,0,0.028,-0.015,-1.006,0.3,-0.6,0
51.503772099999,35,0,19,0,0,0.028,-0.015,-1.006,0.3,-0.6,0
51.513772099999,27,0,19,0,0,0.032,-0.016,-0.993,0.3,-0.6,0
51.523772099999,0,0,19,0,0,0.032,-0.016,-0.993,0.3,-0.6,0
51.533772099999,31,0,19,0,0,0.032,-0.016,-0.993,0.3,-0.6,0
51.543772099999,35,0,19,0,0,0.032,-0.016,-0.993,0.3,-0.6,0
51.553772099999,35,0,19,0,0,0.032,-0.016,-0.993,0.3,-0.6,0
51.563772099999,52,-0.01,19,0,0,0.029,-0.013,-1.002,0.3,-0.5,0
51.573772099999,35,-0.01,19,0,0,0.029,-0.013,-1.002,0.3,-0.5,0
51.583772099999,35,-0.01,19,0,0,0.029,-0.013,-1.002,0.3,-0.5,0
51.593772099999,60,-0.01,19,0,0,0.029,-0.013,-1.002,0.3,-0.5,0
51.603772099999,35,-0.01,19,0,0,0.029,-0.013,-1.002,0.3,-0.5,0
51.613772099999,35,0,19,0,0,0.03,-0.016,-0.999,0.3,-0.6,0
51.623772099999,42,0,19,0,0,0.03,-0.016,-0.999,0.3,-0.6,0
51.633772099999,35,0,19,0,0,0.03,-0.016,-0.999,0.3,-0.6,0
51.643772099999,35,0,19,0,0,0.03,-0.016,-0.999,0.3,-0.6,0
51.653772099999,48,0,19,0,0,0.03,-0.016,-0.999,0.3,-0.6,0
51.663772099999,35,0.01,19,0,0,0.03,-0.015,-1,0.3,-0.6,0
51.673772099999,35,0.01,19,0,0,0.03,-0.015,-1,0.3,-0.6,0
51.683772099999,34,0.01,19,0,0,0.03,-0.015,-1,0.3,-0.6,0
51.693772099999,0,0.01,19,0,0,0.03,-0.015,-1,0.3,-0.6,0
51.703772099999,13,0.01,19,0,0,0.03,-0.015,-1,0.3,-0.6,0
51.713772099999,35,0,19,0,0,0.03,-0.015,-1,0.2,-0.6,0
51.723772099999,35,0,19,0,0,0.03,-0.015,-1,0.2,-0.6,0
51.733772099999,49,0,19,0,0,0.03,-0.015,-1,0.2,-0.6,0
51.743772099999,35,0,19,0,0,0.03,-0.015,-1,0.2,-0.6,0
51.753772099999,35,0,19,0,0,0.03,-0.015,-1,0.2,-0.6,0
51.763772099999,35,0,19,0,0,0.03,-0.014,-1,0.3,-0.6,0
51.773772099999,16,0,19,0,0,0.03,-0.014,-1,0.3,-0.6,0
51.783772099999,35,0,19,0,0,0.03,-0.014,-1,0.3,-0.6,0
51.793772099999,35,0,19,0,0,0.03,-0.014,-1,0.3,-0.6,0
51.803772099999,57,0,19,0,0,0.03,-0.014,-1,0.3,-0.6,0
51.813772099999,35,-0.01,19,0,0,0.031,-0.016,-0.997,0.2,-0.7,0
51.823772099999,35,-0.01,19,0,0,0.031,-0.016,-0.997,0.2,-0.7,0
51.833772099999,35,-0.01,19,0,0,0.031,-0.016,-0.997,0.2,-0.7,0
51.843772099999,19,-0.01,19,0,0,0.031,-0.016,-0.997,0.2,-0.7,0
51.853772099999,22,-0.01,19,0,0,0.031,-0.016,-0.997,0.2,-0.7,0
51.863772099999,35,0.01,19,0,0,0.028,-0.017,-1.006,0.2,-0.4,0
51.873772099999,89,0.01,19,0,0,0.028,-0.017,-1.006,0.2,-0.4,0
51.883772099999,35,0.01,19,0,0,0.028,-0.017,-1.006,0.2,-0.4,0
51.893772099999,35,0.01,19,0,0,0.028,-0.017,-1.006,0.2,-0.4,0
51.903772099999,35,0.01,19,0,0,0.028,-0.017,-1.006,0.2,-0.4,0
51.913772099999,41,0,19,0,0,0.031,-0.014,-0.994,0.3,-0.8,0
51.923772099999,35,0,19,0,0,0.031,-0.014,-0.994,0.3,-0.8,0
51.933772099999,35,0,19,0,0,0.031,-0.014,-0.994,0.3,-0.8,0
51.943772099999,15,0,19,0,0,0.031,-0.014,-0.994,0.3,-0.8,0
51.953772099999,8,0,19,0,0,0.031,-0.014,-0.994,0.3,-0.8,0
51.963772099999,35,0,19,0,0,0.029,-0.015,-1.002,0.2,-0.3,0
51.973772099999,35,0,19,0,0,0.029,-0.015,-1.002,0.2,-0.3,0
51.983772099999,35,0,19,0,0,0.029,-0.015,-1.002,0.2,-0.3,0
51.993772099999,43,0,19,0,0,0.029,-0.015,-1.002,0.2,-0.3,0
52.003772099999,35,0,19,0,0,0.029,-0.015,-1.002,0.2,-0.3,0
52.013772099999,68,-0.01,19,0,0,0.029,-0.015,-0.999,0.3,-0.7,0
52.023772099999,35,-0.01,19,0,0,0.029,-0.015,-0.999,0.3,-0.7,0
52.033772099999,35,-0.01,19,0,0,0.029,-0.015,-0.999,0.3,-0.7,0
52.043772099999,35,-0.01,19,0,0,0.029,-0.015,-0.999,0.3,-0.7,0
52.053772099999,45,-0.01,19,0,0,0.029,-0.015,-0.999,0.3,-0.7,0
52.063772099999,41,0.01,19,0,0,0.03,-0.015,-1.004,0.3,-0.6,0
52.073772099999,41,0.01,19,0,0,0.03,-0.015,-1.004,0.3,-0.6,0
52.083772099999,41,0.01,19,0,0,0.03,-0.015,-1.004,0.3,-0.6,0
52.093772099999,35,0.01,19,0,0,0.03,-0.015,-1.004,0.3,-0.6,0
52.103772099999,35,0.01,19,0,0,0.03,-0.015,-1.004,0.3,-0.6,0
52.113772099999,25,0,19,0,0,0.031,-0.014,-0.993,0.2,-0.6,0
52.123772099999,0,0,19,0,0,0.031,-0.014,-0.993,0.2,-0.6,0
52.133772099999,0,0,19,0,0,0.031,-0.014,-0.993,0.2,-0.6,0
52.143772099999,29,0,19,0,0,0.031,-0.014,-0.993,0.2,-0.6,0
52.153772099999,35,0,19,0,0,0.031,-0.014,-0.993,0.2,-0.6,0
52.163772099999,35,0,19,0,0,0.029,-0.013,-1.003,0.3,-0.5,0
52.173772099999,59,0,19,0,0,0.029,-0.013,-1.003,0.3,-0.5,0
52.183772099999,35,0,19,0,0,0.029,-0.013,-1.003,0.3,-0.5,0
52.193772099999,35,0,19,0,0,0.029,-0.013,-1.003,0.3,-0.5,0
52.203772099999,30,0,19,0,0,0.029,-0.013,-1.003,0.3,-0.5,0
52.213772099999,8,-0.02,19,0,0,0.031,-0.015,-0.993,0.3,-0.7,0
52.223772099999,35,-0.02,19,0,0,0.031,-0.015,-0.993,0.3,-0.7,0
52.233772099999,35,-0.02,19,0,0,0.031,-0.015,-0.993,0.3,-0.7,0
52.243772099999,69,-0.02,19,0,0,0.031,-0.015,-0.993,0.3,-0.7,0
52.253772099999,35,-0.02,19,0,0,0.031,-0.015,-0.993,0.3,-0.7,0
52.263772099999,35,-0.01,19,0,0,0.029,-0.015,-1.005,0.3,-0.4,0
52.273772099999,35,-0.01,19,0,0,0.029,-0.015,-1.005,0.3,-0.4,0
52.283772099999,11,-0.01,19,0,0,0.029,-0.015,-1.005,0.3,-0.4,0
52.293772099999,28,-0.01,19,0,0,0.029,-0.015,-1.005,0.3,-0.4,0
52.303772099999,29,-0.01,19,0,0,0.029,-0.015,-1.005,0.3,-0.4,0
52.313772099999,92,0,19,0,0,0.032,-0.018,-0.995,0.3,-0.9,0
52.323772099999,35,0,19,0,0,0.032,-0.018,-0.995,0.3,-0.9,0
52.333772099999,35,0,19,0,0,0.032,-0.018,-0.995,0.3,-0.9,0
52.343772099999,44,0,19,0,0,0.032,-0.018,-0.995,0.3,-0.9,0
52.353772099999,35,0,19,0,0,0.032,-0.018,-0.995,0.3,-0.9,0
52.363772099999,35,0,19,0,0,0.029,-0.015,-1.01,0.3,-0.3,0
52.373772099999,35,0,19,0,0,0.029,-0.015,-1.01,0.3,-0.3,0
52.383772099999,0,0,19,0,0,0.029,-0.015,-1.01,0.3,-0.3,0
52.393772099999,25,0,19,0,0,0.029,-0.015,-1.01,0.3,-0.3,0
52.403772099999,35,0,19,0,0,0.029,-0.015,-1.01,0.3,-0.3,0
52.413772099999,35,0,19,0,0,0.03,-0.016,-0.998,0.3,-0.9,0
52.423772099999,39,0,19,0,0,0.03,-0.016,-0.998,0.3,-0.9,0
52.433772099999,35,0,19,0,0,0.03,-0.016,-0.998,0.3,-0.9,0
52.443772099999,35,0,19,0,0,0.03,-0.016,-0.998,0.3,-0.9,0
52.453772099999,60,0,19,0,0,0.03,-0.016,-0.998,0.3,-0.9,0
52.463772099999,35,0,19,0,0,0.029,-0.015,-1.003,0.2,-0.5,0
52.473772099999,35,0,19,0,0,0.029,-0.015,-1.003,0.2,-0.5,0
52.483772099999,47,0,19,0,0,0.029,-0.015,-1.003,0.2,-0.5,0
52.493772099999,41,0,19,0,0,0.029,-0.015,-1.003,0.2,-0.5,0
52.503772099999,41,0,19,0,0,0.029,-0.015,-1.003,0.2,-0.5,0
52.513772099999,48,0.01,19,0,0,0.03,-0.014,-0.998,0.2,-0.7,0
52.523772099999,35,0.01,19,0,0,0.03,-0.014,-0.998,0.2,-0.7,0
52.533772099999,35,0.01,19,0,0,0.03,-0.014,-0.998,0.2,-0.7,0
52.543772099999,35,0.01,19,0,0,0.03,-0.014,-0.998,0.2,-0.7,0
52.553772099999,14,0.01,19,0,0,0.03,-0.014,-0.998,0.2,-0.7,0
52.5637720999989,0,0,19,0,0,0.03,-0.014,-1.003,0.2,-0.6,0
52.5737720999989,0,0,19,0,0,0.03,-0.014,-1.003,0.2,-0.6,0
52.583772099999,0,0,19,0,0,0.03,-0.014,-1.003,0.2,-0.6,0
52.593772099999,16,0,19,0,0,0.03,-0.014,-1.003,0.2,-0.6,0
52.6037720999989,29,0,19,0,0,0.03,-0.014,-1.003,0.2,-0.6,0
52.6137720999989,29,0,19,0,0,0.03,-0.014,-0.999,0.3,-0.6,0
52.6237720999989,70,0,19,0,0,0.03,-0.014,-0.999,0.3,-0.6,0
52.633772099999,35,0,19,0,0,0.03,-0.014,-0.999,0.3,-0.6,0
52.6437720999989,35,0,19,0,0,0.03,-0.014,-0.999,0.3,-0.6,0
52.6537720999989,35,0,19,0,0,0.03,-0.014,-0.999,0.3,-0.6,0
52.6637720999989,9,-0.01,19,0,0,0.032,-0.016,-0.998,0.2,-0.7,0
52.6737720999989,29,-0.01,19,0,0,0.032,-0.016,-0.998,0.2,-0.7,0
52.6837720999989,29,-0.01,19,0,0,0.032,-0.016,-0.998,0.2,-0.7,0
52.6937720999989,61,-0.01,19,0,0,0.032,-0.016,-0.998,0.2,-0.7,0
52.7037720999989,29,-0.01,19,0,0,0.032,-0.016,-0.998,0.2,-0.7,0
52.7137720999989,29,-0.01,19,0,0,0.03,-0.012,-0.996,0.3,-0.6,0
52.7237720999989,29,-0.01,19,0,0,0.03,-0.012,-0.996,0.3,-0.6,0
52.7337720999989,29,-0.01,19,0,0,0.03,-0.012,-0.996,0.3,-0.6,0
52.7437720999989,27,-0.01,19,0,0,0.03,-0.012,-0.996,0.3,-0.6,0
52.7537720999989,29,-0.01,19,0,0,0.03,-0.012,-0.996,0.3,-0.6,0
52.7637720999989,87,0,19,0,0,0.029,-0.015,-1,0.2,-0.4,0
52.7737720999989,29,0,19,0,0,0.029,-0.015,-1,0.2,-0.4,0
52.7837720999989,29,0,19,0,0,0.029,-0.015,-1,0.2,-0.4,0
52.7937720999989,29,0,19,0,0,0.029,-0.015,-1,0.2,-0.4,0
52.8037720999989,43,0,19,0,0,0.029,-0.015,-1,0.2,-0.4,0
52.8137720999989,35,0,19,0,0,0.03,-0.015,-0.996,0.3,-0.7,0
52.8237720999989,35,0,19,0,0,0.03,-0.015,-0.996,0.3,-0.7,0
52.8337720999989,21,0,19,0,0,0.03,-0.015,-0.996,0.3,-0.7,0
52.8437720999989,13,0,19,0,0,0.03,-0.015,-0.996,0.3,-0.7,0
52.8537720999989,35,0,19,0,0,0.03,-0.015,-0.996,0.3,-0.7,0
52.8637720999989,35,0,19,0,0,0.03,-0.014,-0.999,0.3,-0.4,0
52.8737720999989,35,0,19,0,0,0.03,-0.014,-0.999,0.3,-0.4,0
52.8837720999989,41,0,19,0,0,0.03,-0.014,-0.999,0.3,-0.4,0
52.8937720999989,35,0,19,0,0,0.03,-0.014,-0.999,0.3,-0.4,0
52.9037720999989,35,0,19,0,0,0.03,-0.014,-0.999,0.3,-0.4,0
52.9137720999989,57,-0.01,19,0,0,0.03,-0.015,-1,0.2,-0.7,0
52.9237720999989,35,-0.01,19,0,0,0.03,-0.015,-1,0.2,-0.7,0
52.9337720999989,35,-0.01,19,0,0,0.03,-0.015,-1,0.2,-0.7,0
52.9437720999989,46,-0.01,19,0,0,0.03,-0.015,-1,0.2,-0.7,0
52.9537720999989,35,-0.01,19,0,0,0.03,-0.015,-1,0.2,-0.7,0
52.9637720999989,35,0,19,0,0,0.03,-0.013,-1.001,0.3,-0.6,0
52.9737720999989,48,0,19,0,0,0.03,-0.013,-1.001,0.3,-0.6,0
52.9837720999989,35,0,19,0,0,0.03,-0.013,-1.001,0.3,-0.6,0
52.9937720999989,35,0,19,0,0,0.03,-0.013,-1.001,0.3,-0.6,0
53.0037720999989,26,0,19,0,0,0.03,-0.013,-1.001,0.3,-0.6,0
53.0137720999989,0,0,19,0,0,0.03,-0.016,-0.998,0.3,-0.6,0
53.0237720999989,9,0,19,0,0,0.03,-0.016,-0.998,0.3,-0.6,0
53.0337720999989,35,0,19,0,0,0.03,-0.016,-0.998,0.3,-0.6,0
53.0437720999989,35,0,19,0,0,0.03,-0.016,-0.998,0.3,-0.6,0
53.0537720999989,56,0,19,0,0,0.03,-0.016,-0.998,0.3,-0.6,0
53.0637720999989,35,0,19,0,0,0.03,-0.013,-0.999,0.3,-0.5,0.1
53.0737720999989,35,0,19,0,0,0.03,-0.013,-0.999,0.3,-0.5,0.1
53.0837720999989,35,0,19,0,0,0.03,-0.013,-0.999,0.3,-0.5,0.1
53.0937720999989,15,0,19,0,0,0.03,-0.013,-0.999,0.3,-0.5,0.1
53.1037720999989,29,0,19,0,0,0.03,-0.013,-0.999,0.3,-0.5,0.1
53.1137720999989,35,-0.01,19,0,0,0.03,-0.014,-1,0.3,-0.7,0
53.1237720999989,35,-0.01,19,0,0,0.03,-0.014,-1,0.3,-0.7,0
53.1337720999989,54,-0.01,19,0,0,0.03,-0.014,-1,0.3,-0.7,0
53.1437720999989,35,-0.01,19,0,0,0.03,-0.014,-1,0.3,-0.7,0
53.1537720999989,35,-0.01,19,0,0,0.03,-0.014,-1,0.3,-0.7,0
53.1637720999989,35,0.01,19,0,0,0.029,-0.015,-1.001,0.2,-0.4,0
53.1737720999989,13,0.01,19,0,0,0.029,-0.015,-1.001,0.2,-0.4,0
53.1837720999989,35,0.01,19,0,0,0.029,-0.015,-1.001,0.2,-0.4,0
53.1937720999989,89,0.01,19,0,0,0.029,-0.015,-1.001,0.2,-0.4,0
53.2037720999989,35,0.01,19,0,0,0.029,-0.015,-1.001,0.2,-0.4,0
53.2137720999989,35,0,19,0,0,0.03,-0.016,-1.001,0.2,-1,0
53.2237720999989,35,0,19,0,0,0.03,-0.016,-1.001,0.2,-1,0
53.2337720999989,29,0,19,0,0,0.03,-0.016,-1.001,0.2,-1,0
53.2437720999989,35,0,19,0,0,0.03,-0.016,-1.001,0.2,-1,0
53.2537720999989,35,0,19,0,0,0.03,-0.016,-1.001,0.2,-1,0
53.2637720999989,35,0,19,0,0,0.03,-0.015,-1.001,0.3,-0.2,0
53.2737720999989,10,0,19,0,0,0.03,-0.015,-1.001,0.3,-0.2,0
53.2837720999989,21,0,19,0,0,0.03,-0.015,-1.001,0.3,-0.2,0
53.2937720999989,35,0,19,0,0,0.03,-0.015,-1.001,0.3,-0.2,0
53.3037720999989,35,0,19,0,0,0.03,-0.015,-1.001,0.3,-0.2,0
53.3137720999989,46,0,19,0,0,0.029,-0.014,-1.001,0.2,-0.8,0
53.3237720999989,35,0,19,0,0,0.029,-0.014,-1.001,0.2,-0.8,0
53.3337720999989,35,0,19,0,0,0.029,-0.014,-1.001,0.2,-0.8,0
53.3437720999989,61,0,19,0,0,0.029,-0.014,-1.001,0.2,-0.8,0
53.3537720999989,35,0,19,0,0,0.029,-0.014,-1.001,0.2,-0.8,0
53.3637720999989,35,0,19,0,0,0.03,-0.015,-1,0.3,-0.6,0
53.3737720999989,35,0,19,0,0,0.03,-0.015,-1,0.3,-0.6,0
53.3837720999989,43,0,19,0,0,0.03,-0.015,-1,0.3,-0.6,0
53.3937720999989,35,0,19,0,0,0.03,-0.015,-1,0.3,-0.6,0
53.4037720999989,35,0,19,0,0,0.03,-0.015,-1,0.3,-0.6,0
53.4137720999989,49,0.01,19,0,0,0.031,-0.013,-0.997,0.3,-0.6,0
53.4237720999989,35,0.01,19,0,0,0.031,-0.013,-0.997,0.3,-0.6,0
53.4337720999989,35,0.01,19,0,0,0.031,-0.013,-0.997,0.3,-0.6,0
53.4437720999989,21,0.01,19,0,0,0.031,-0.013,-0.997,0.3,-0.6,0
53.4537720999989,0,0.01,19,0,0,0.031,-0.013,-0.997,0.3,-0.6,0
53.4637720999989,20,0,19,0,0,0.03,-0.015,-1,0.2,-0.5,0
53.4737720999989,35,0,19,0,0,0.03,-0.015,-1,0.2,-0.5,0
53.4837720999989,35,0,19,0,0,0.03,-0.015,-1,0.2,-0.5,0
53.4937720999989,50,0,19,0,0,0.03,-0.015,-1,0.2,-0.5,0
53.5037720999989,35,0,19,0,0,0.03,-0.015,-1,0.2,-0.5,0
53.5137720999989,35,0,19,0,0,0.03,-0.016,-1,0.3,-0.7,0
53.5237720999989,35,0,19,0,0,0.03,-0.016,-1,0.3,-0.7,0
53.5337720999989,14,0,19,0,0,0.03,-0.016,-1,0.3,-0.7,0
53.5437720999989,35,0,19,0,0,0.03,-0.016,-1,0.3,-0.7,0
53.5537720999989,35,0,19,0,0,0.03,-0.016,-1,0.3,-0.7,0
53.5637720999989,57,-0.01,19,0,0,0.03,-0.015,-1,0.2,-0.4,0
53.5737720999989,35,-0.01,19,0,0,0.03,-0.015,-1,0.2,-0.4,0
53.5837720999989,35,-0.01,19,0,0,0.03,-0.015,-1,0.2,-0.4,0
53.5937720999989,35,-0.01,19,0,0,0.03,-0.015,-1,0.2,-0.4,0
53.6037720999989,22,-0.01,19,0,0,0.03,-0.015,-1,0.2,-0.4,0
53.6137720999989,15,0.01,19,0,0,0.029,-0.015,-0.998,0.2,-0.8,0
53.6237720999989,29,0.01,19,0,0,0.029,-0.015,-0.998,0.2,-0.8,0
53.6337720999989,89,0.01,19,0,0,0.029,-0.015,-0.998,0.2,-0.8,0
53.6437720999989,35,0.01,19,0,0,0.029,-0.015,-0.998,0.2,-0.8,0
53.6537720999989,35,0.01,19,0,0,0.029,-0.015,-0.998,0.2,-0.8,0
53.6637720999989,49,0,19,0,0,0.029,-0.014,-1.001,0.3,-0.2,0.1
53.6737720999989,35,0,19,0,0,0.029,-0.014,-1.001,0.3,-0.2,0.1
53.6837720999989,35,0,19,0,0,0.029,-0.014,-1.001,0.3,-0.2,0.1
53.6937720999989,35,0,19,0,0,0.029,-0.014,-1.001,0.3,-0.2,0.1
53.7037720999989,13,0,19,0,0,0.029,-0.014,-1.001,0.3,-0.2,0.1
53.7137720999989,0,0.01,19,0,0,0.03,-0.015,-0.999,0.2,-0.9,0
53.7237720999989,35,0.01,19,0,0,0.03,-0.015,-0.999,0.2,-0.9,0
53.7337720999989,35,0.01,19,0,0,0.03,-0.015,-0.999,0.2,-0.9,0
53.7437720999989,35,0.01,19,0,0,0.03,-0.015,-0.999,0.2,-0.9,0
53.7537720999989,46,0.01,19,0,0,0.03,-0.015,-0.999,0.2,-0.9,0
53.7637720999989,35,-0.01,19,0,0,0.03,-0.016,-0.999,0.3,-0.5,0
53.7737720999989,67,-0.01,19,0,0,0.03,-0.016,-0.999,0.3,-0.5,0
53.7837720999989,35,-0.01,19,0,0,0.03,-0.016,-0.999,0.3,-0.5,0
53.7937720999989,35,-0.01,19,0,0,0.03,-0.016,-0.999,0.3,-0.5,0
53.8037720999989,35,-0.01,19,0,0,0.03,-0.016,-0.999,0.3,-0.5,0
53.8137720999989,43,0,19,0,0,0.03,-0.015,-0.999,0.3,-0.7,0
53.8237720999989,41,0,19,0,0,0.03,-0.015,-0.999,0.3,-0.7,0
53.8337720999989,41,0,19,0,0,0.03,-0.015,-0.999,0.3,-0.7,0
53.8437720999989,43,0,19,0,0,0.03,-0.015,-0.999,0.3,-0.7,0
53.8537720999989,35,0,19,0,0,0.03,-0.015,-0.999,0.3,-0.7,0
53.8637720999989,35,0.01,19,0,0,0.03,-0.015,-1.003,0.4,-0.6,0
53.8737720999989,32,0.01,19,0,0,0.03,-0.015,-1.003,0.4,-0.6,0
53.8837720999989,0,0.01,19,0,0,0.03,-0.015,-1.003,0.4,-0.6,0
53.8937720999989,0,0.01,19,0,0,0.03,-0.015,-1.003,0.4,-0.6,0
53.9037720999989,8,0.01,19,0,0,0.03,-0.015,-1.003,0.4,-0.6,0
53.9137720999989,29,0,19,0,0,0.031,-0.015,-0.996,0.3,-0.7,0
53.9237720999989,29,0,19,0,0,0.031,-0.015,-0.996,0.3,-0.7,0
53.9337720999989,61,0,19,0,0,0.031,-0.015,-0.996,0.3,-0.7,0
53.9437720999989,35,0,19,0,0,0.031,-0.015,-0.996,0.3,-0.7,0
53.9537720999989,35,0,19,0,0,0.031,-0.015,-0.996,0.3,-0.7,0
53.9637720999989,35,0,19,0,0,0.03,-0.015,-1.003,0.2,-0.4,0
53.9737720999989,13,0,19,0,0,0.03,-0.015,-1.003,0.2,-0.4,0
53.9837720999989,28,0,19,0,0,0.03,-0.015,-1.003,0.2,-0.4,0
53.9937720999989,35,0,19,0,0,0.03,-0.015,-1.003,0.2,-0.4,0
54.0037720999989,35,0,19,0,0,0.03,-0.015,-1.003,0.2,-0.4,0
54.0137720999989,67,-0.01,19,0,0,0.031,-0.014,-0.992,0.2,-0.6,0
54.0237720999989,35,-0.01,19,0,0,0.031,-0.014,-0.992,0.2,-0.6,0
54.0337720999989,35,-0.01,19,0,0,0.031,-0.014,-0.992,0.2,-0.6,0
54.0437720999989,31,-0.01,19,0,0,0.031,-0.014,-0.992,0.2,-0.6,0
54.0537720999989,8,-0.01,19,0,0,0.031,-0.014,-0.992,0.2,-0.6,0
54.0637720999989,29,0.01,19,0,0,0.029,-0.014,-1.004,0.3,-0.6,0
54.0737720999989,88,0.01,19,0,0,0.029,-0.014,-1.004,0.3,-0.6,0
54.0837720999989,29,0.01,19,0,0,0.029,-0.014,-1.004,0.3,-0.6,0
54.0937720999989,29,0.01,19,0,0,0.029,-0.014,-1.004,0.3,-0.6,0
54.1037720999989,29,0.01,19,0,0,0.029,-0.014,-1.004,0.3,-0.6,0
54.1137720999989,47,0,19,0,0,0.032,-0.015,-0.993,0.2,-0.5,0
54.1237720999989,35,0,19,0,0,0.032,-0.015,-0.993,0.2,-0.5,0
54.1337720999989,35,0,19,0,0,0.032,-0.015,-0.993,0.2,-0.5,0
54.1437720999989,26,0,19,0,0,0.032,-0.015,-0.993,0.2,-0.5,0
54.1537720999989,5,0,19,0,0,0.032,-0.015,-0.993,0.2,-0.5,0
54.1637720999989,35,0,19,0,0,0.028,-0.014,-1.006,0.3,-0.5,0
54.1737720999989,35,0,19,0,0,0.028,-0.014,-1.006,0.3,-0.5,0
54.1837720999989,35,0,19,0,0,0.028,-0.014,-1.006,0.3,-0.5,0
54.1937720999989,37,0,19,0,0,0.028,-0.014,-1.006,0.3,-0.5,0
54.2037720999989,35,0,19,0,0,0.028,-0.014,-1.006,0.3,-0.5,0
54.2137720999989,35,-0.01,19,0,0,0.03,-0.016,-0.998,0.3,-0.7,0
54.2237720999989,60,-0.01,19,0,0,0.03,-0.016,-0.998,0.3,-0.7,0
54.2337720999989,35,-0.01,19,0,0,0.03,-0.016,-0.998,0.3,-0.7,0
54.2437720999989,35,-0.01,19,0,0,0.03,-0.016,-0.998,0.3,-0.7,0
54.2537720999989,46,-0.01,19,0,0,0.03,-0.016,-0.998,0.3,-0.7,0
54.2637720999989,35,0.01,19,0,0,0.031,-0.013,-0.999,0.2,-0.6,0
54.2737720999989,35,0.01,19,0,0,0.031,-0.013,-0.999,0.2,-0.6,0
54.2837720999989,47,0.01,19,0,0,0.031,-0.013,-0.999,0.2,-0.6,0
54.2937720999989,35,0.01,19,0,0,0.031,-0.013,-0.999,0.2,-0.6,0
54.3037720999989,35,0.01,19,0,0,0.031,-0.013,-0.999,0.2,-0.6,0
54.3137720999989,35,0,19,0,0,0.03,-0.015,-1,0.2,-0.6,0
54.3237720999988,0,0,19,0,0,0.03,-0.015,-1,0.2,-0.6,0
54.3337720999989,0,0,19,0,0,0.03,-0.015,-1,0.2,-0.6,0
54.3437720999989,14,0,19,0,0,0.03,-0.015,-1,0.2,-0.6,0
54.3537720999988,35,0,19,0,0,0.03,-0.015,-1,0.2,-0.6,0
54.3637720999988,35,0,19,0,0,0.03,-0.014,-1.002,0.2,-0.8,0
54.3737720999988,61,0,19,0,0,0.03,-0.014,-1.002,0.2,-0.8,0
54.3837720999989,35,0,19,0,0,0.03,-0.014,-1.002,0.2,-0.8,0
54.3937720999988,35,0,19,0,0,0.03,-0.014,-1.002,0.2,-0.8,0
54.4037720999988,35,0,19,0,0,0.03,-0.014,-1.002,0.2,-0.8,0
54.4137720999988,10,0,19,0,0,0.03,-0.016,-0.999,0.2,-0.5,0
54.4237720999988,26,0,19,0,0,0.03,-0.016,-0.999,0.2,-0.5,0
54.4337720999988,35,0,19,0,0,0.03,-0.016,-0.999,0.2,-0.5,0
54.4437720999988,35,0,19,0,0,0.03,-0.016,-0.999,0.2,-0.5,0
54.4537720999988,61,0,19,0,0,0.03,-0.016,-0.999,0.2,-0.5,0
54.4637720999988,35,-0.01,19,0,0,0.03,-0.014,-1.002,0.3,-0.7,0
54.4737720999988,35,-0.01,19,0,0,0.03,-0.014,-1.002,0.3,-0.7,0
54.4837720999988,35,-0.01,19,0,0,0.03,-0.014,-1.002,0.3,-0.7,0
54.4937720999988,10,-0.01,19,0,0,0.03,-0.014,-1.002,0.3,-0.7,0
54.5037720999988,29,-0.01,19,0,0,0.03,-0.014,-1.002,0.3,-0.7,0
54.5137720999988,88,0.01,19,0,0,0.031,-0.015,-0.997,0.3,-0.4,0
54.5237720999988,35,0.01,19,0,0,0.031,-0.015,-0.997,0.3,-0.4,0
54.5337720999988,35,0.01,19,0,0,0.031,-0.015,-0.997,0.3,-0.4,0
54.5437720999988,35,0.01,19,0,0,0.031,-0.015,-0.997,0.3,-0.4,0
54.5537720999988,36,0.01,19,0,0,0.031,-0.015,-0.997,0.3,-0.4,0
54.5637720999988,35,0,19,0,0,0.03,-0.014,-0.999,0.3,-0.8,0
54.5737720999988,35,0,19,0,0,0.03,-0.014,-0.999,0.3,-0.8,0
54.5837720999988,35,0,19,0,0,0.03,-0.014,-0.999,0.3,-0.8,0
54.5937720999988,11,0,19,0,0,0.03,-0.014,-0.999,0.3,-0.8,0
54.6037720999988,22,0,19,0,0,0.03,-0.014,-0.999,0.3,-0.8,0
54.6137720999988,35,0,19,0,0,0.03,-0.014,-0.995,0.3,-0.4,0
54.6237720999988,35,0,19,0,0,0.03,-0.014,-0.995,0.3,-0.4,0
54.6337720999988,42,0,19,0,0,0.03,-0.014,-0.995,0.3,-0.4,0
54.6437720999988,35,0,19,0,0,0.03,-0.014,-0.995,0.3,-0.4,0
54.6537720999988,35,0,19,0,0,0.03,-0.014,-0.995,0.3,-0.4,0
54.6637720999988,58,-0.01,19,0,0,0.029,-0.016,-1.003,0.2,-0.6,0
54.6737720999988,35,-0.01,19,0,0,0.029,-0.016,-1.003,0.2,-0.6,0
54.6837720999988,35,-0.01,19,0,0,0.029,-0.016,-1.003,0.2,-0.6,0
54.6937720999988,35,-0.01,19,0,0,0.029,-0.016,-1.003,0.2,-0.6,0
54.7037720999988,47,-0.01,19,0,0,0.029,-0.016,-1.003,0.2,-0.6,0
54.7137720999988,35,0,19,0,0,0.03,-0.015,-0.998,0.2,-0.6,0
54.7237720999988,35,0,19,0,0,0.03,-0.015,-0.998,0.2,-0.6,0
54.7337720999988,48,0,19,0,0,0.03,-0.015,-0.998,0.2,-0.6,0
54.7437720999988,35,0,19,0,0,0.03,-0.015,-0.998,0.2,-0.6,0
54.7537720999988,35,0,19,0,0,0.03,-0.015,-0.998,0.2,-0.6,0
54.7637720999988,27,0,19,0,0,0.03,-0.015,-0.997,0.2,-0.5,0
54.7737720999988,0,0,19,0,0,0.03,-0.015,-0.997,0.2,-0.5,0
54.7837720999988,0,0,19,0,0,0.03,-0.015,-0.997,0.2,-0.5,0
54.7937720999988,35,0,19,0,0,0.03,-0.015,-0.997,0.2,-0.5,0
54.8037720999988,35,0,19,0,0,0.03,-0.015,-0.997,0.2,-0.5,0
54.8137720999988,35,0,19,0,0,0.03,-0.013,-0.998,0.3,-0.6,0
54.8237720999988,57,0,19,0,0,0.03,-0.013,-0.998,0.3,-0.6,0
54.8337720999988,35,0,19,0,0,0.03,-0.013,-0.998,0.3,-0.6,0
54.8437720999988,35,0,19,0,0,0.03,-0.013,-0.998,0.3,-0.6,0
54.8537720999988,26,0,19,0,0,0.03,-0.013,-0.998,0.3,-0.6,0
54.8637720999988,16,0,19,0,0,0.031,-0.015,-0.998,0.2,-0.5,0
54.8737720999988,35,0,19,0,0,0.031,-0.015,-0.998,0.2,-0.5,0
54.8837720999988,35,0,19,0,0,0.031,-0.015,-0.998,0.2,-0.5,0
54.8937720999988,55,0,19,0,0,0.031,-0.015,-0.998,0.2,-0.5,0
54.9037720999988,35,0,19,0,0,0.031,-0.015,-0.998,0.2,-0.5,0
54.9137720999988,35,-0.01,19,0,0,0.03,-0.013,-1,0.2,-0.6,0
54.9237720999988,35,-0.01,19,0,0,0.03,-0.013,-1,0.2,-0.6,0
54.9337720999988,18,-0.01,19,0,0,0.03,-0.013,-1,0.2,-0.6,0
54.9437720999988,24,-0.01,19,0,0,0.03,-0.013,-1,0.2,-0.6,0
54.9537720999988,29,-0.01,19,0,0,0.03,-0.013,-1,0.2,-0.6,0
54.9637720999988,91,0,19,0,0,0.032,-0.014,-0.992,0.3,-0.5,0
54.9737720999988,35,0,19,0,0,0.032,-0.014,-0.992,0.3,-0.5,0
54.9837720999988,35,0,19,0,0,0.032,-0.014,-0.992,0.3,-0.5,0
54.9937720999988,35,0,19,0,0,0.032,-0.014,-0.992,0.3,-0.5,0
55.0037720999988,37,0,19,0,0,0.032,-0.014,-0.992,0.3,-0.5,0
55.0137720999988,35,0,19,0,0,0.03,-0.015,-1.005,0.3,-0.6,0
55.0237720999988,35,0,19,0,0,0.03,-0.015,-1.005,0.3,-0.6,0
55.0337720999988,22,0,19,0,0,0.03,-0.015,-1.005,0.3,-0.6,0
55.0437720999988,0,0,19,0,0,0.03,-0.015,-1.005,0.3,-0.6,0
55.0537720999988,35,0,19,0,0,0.03,-0.015,-1.005,0.3,-0.6,0
55.0637720999988,35,0,19,0,0,0.031,-0.016,-0.994,0.3,-0.6,0
55.0737720999988,35,0,19,0,0,0.031,-0.016,-0.994,0.3,-0.6,0
55.0837720999988,50,0,19,0,0,0.031,-0.016,-0.994,0.3,-0.6,0
55.0937720999988,35,0,19,0,0,0.031,-0.016,-0.994,0.3,-0.6,0
55.1037720999988,35,0,19,0,0,0.031,-0.016,-0.994,0.3,-0.6,0
55.1137720999988,59,-0.01,19,0,0,0.03,-0.015,-1,0.2,-0.6,0
55.1237720999988,35,-0.01,19,0,0,0.03,-0.015,-1,0.2,-0.6,0
55.1337720999988,35,-0.01,19,0,0,0.03,-0.015,-1,0.2,-0.6,0
55.1437720999988,42,-0.01,19,0,0,0.03,-0.015,-1,0.2,-0.6,0
55.1537720999988,35,-0.01,19,0,0,0.03,-0.015,-1,0.2,-0.6,0
55.1637720999988,35,0,19,0,0,0.029,-0.016,-1.002,0.2,-0.6,0
55.1737720999988,48,0,19,0,0,0.029,-0.016,-1.002,0.2,-0.6,0
55.1837720999988,35,0,19,0,0,0.029,-0.016,-1.002,0.2,-0.6,0
55.1937720999988,35,0,19,0,0,0.029,-0.016,-1.002,0.2,-0.6,0
55.2037720999988,35,0,19,0,0,0.029,-0.016,-1.002,0.2,-0.6,0
55.2137720999988,8,0,19,0,0,0.03,-0.015,-1,0.2,-0.6,0
55.2237720999988,0,0,19,0,0,0.03,-0.015,-1,0.2,-0.6,0
55.2337720999988,30,0,19,0,0,0.03,-0.015,-1,0.2,-0.6,0
55.2437720999988,35,0,19,0,0,0.03,-0.015,-1,0.2,-0.6,0
55.2537720999988,35,0,19,0,0,0.03,-0.015,-1,0.2,-0.6,0
55.2637720999988,51,0,19,0,0,0.03,-0.014,-0.998,0.2,-0.5,0
55.2737720999988,35,0,19,0,0,0.03,-0.014,-0.998,0.2,-0.5,0
55.2837720999988,35,0,19,0,0,0.03,-0.014,-0.998,0.2,-0.5,0
55.2937720999988,35,0,19,0,0,0.03,-0.014,-0.998,0.2,-0.5,0
55.3037720999988,13,0,19,0,0,0.03,-0.014,-0.998,0.2,-0.5,0
55.3137720999988,35,-0.02,19,0,0,0.03,-0.014,-1.001,0.2,-0.7,0
55.3237720999988,35,-0.02,19,0,0,0.03,-0.014,-1.001,0.2,-0.7,0
55.3337720999988,58,-0.02,19,0,0,0.03,-0.014,-1.001,0.2,-0.7,0
55.3437720999988,35,-0.02,19,0,0,0.03,-0.014,-1.001,0.2,-0.7,0
55.3537720999988,35,-0.02,19,0,0,0.03,-0.014,-1.001,0.2,-0.7,0
55.3637720999988,35,0,19,0,0,0.03,-0.013,-0.998,0.4,-0.5,0
55.3737720999988,18,0,19,0,0,0.03,-0.013,-0.998,0.4,-0.5,0
55.3837720999988,16,0,19,0,0,0.03,-0.013,-0.998,0.4,-0.5,0
55.3937720999988,29,0,19,0,0,0.03,-0.013,-0.998,0.4,-0.5,0
55.4037720999988,90,0,19,0,0,0.03,-0.013,-0.998,0.4,-0.5,0
55.4137720999988,35,0,19,0,0,0.029,-0.017,-1.002,0.3,-0.9,0
55.4237720999988,35,0,19,0,0,0.029,-0.017,-1.002,0.3,-0.9,0
55.4337720999988,47,0,19,0,0,0.029,-0.017,-1.002,0.3,-0.9,0
55.4437720999988,35,0,19,0,0,0.029,-0.017,-1.002,0.3,-0.9,0
55.4537720999988,35,0,19,0,0,0.029,-0.017,-1.002,0.3,-0.9,0
55.4637720999988,35,0,19,0,0,0.03,-0.014,-0.997,0.2,-0.3,0
55.4737720999988,16,0,19,0,0,0.03,-0.014,-0.997,0.2,-0.3,0
55.4837720999988,0,0,19,0,0,0.03,-0.014,-0.997,0.2,-0.3,0
55.4937720999988,35,0,19,0,0,0.03,-0.014,-0.997,0.2,-0.3,0
55.5037720999988,35,0,19,0,0,0.03,-0.014,-0.997,0.2,-0.3,0
55.5137720999988,35,0,19,0,0,0.03,-0.014,-1,0.3,-0.8,0
55.5237720999988,46,0,19,0,0,0.03,-0.014,-1,0.3,-0.8,0
55.5337720999988,35,0,19,0,0,0.03,-0.014,-1,0.3,-0.8,0
55.5437720999988,35,0,19,0,0,0.03,-0.014,-1,0.3,-0.8,0
55.5537720999988,67,0,19,0,0,0.03,-0.014,-1,0.3,-0.8,0
55.5637720999988,35,0,19,0,0,0.031,-0.013,-0.997,0.3,-0.6,0
55.5737720999988,35,0,19,0,0,0.031,-0.013,-0.997,0.3,-0.6,0
55.5837720999988,39,0,19,0,0,0.031,-0.013,-0.997,0.3,-0.6,0
55.5937720999988,35,0,19,0,0,0.031,-0.013,-0.997,0.3,-0.6,0
55.6037720999988,35,0,19,0,0,0.031,-0.013,-0.997,0.3,-0.6,0
55.6137720999988,46,0,19,0,0,0.03,-0.015,-0.999,0.2,-0.5,0
55.6237720999988,35,0,19,0,0,0.03,-0.015,-0.999,0.2,-0.5,0
55.6337720999988,35,0,19,0,0,0.03,-0.015,-0.999,0.2,-0.5,0
55.6437720999988,35,0,19,0,0,0.03,-0.015,-0.999,0.2,-0.5,0
55.6537720999988,0,0,19,0,0,0.03,-0.015,-0.999,0.2,-0.5,0
55.6637720999988,0,0,19,0,0,0.03,-0.014,-1.001,0.2,-0.4,0
55.6737720999988,35,0,19,0,0,0.03,-0.014,-1.001,0.2,-0.4,0
55.6837720999988,35,0,19,0,0,0.03,-0.014,-1.001,0.2,-0.4,0
55.6937720999988,35,0,19,0,0,0.03,-0.014,-1.001,0.2,-0.4,0
55.7037720999988,55,0,19,0,0,0.03,-0.014,-1.001,0.2,-0.4,0
55.7137720999988,35,0,19,0,0,0.029,-0.015,-0.999,0.2,-0.7,0
55.7237720999988,35,0,19,0,0,0.029,-0.015,-0.999,0.2,-0.7,0
55.7337720999988,25,0,19,0,0,0.029,-0.015,-0.999,0.2,-0.7,0
55.7437720999988,11,0,19,0,0,0.029,-0.015,-0.999,0.2,-0.7,0
55.7537720999988,35,0,19,0,0,0.029,-0.015,-0.999,0.2,-0.7,0
55.7637720999988,35,-0.01,19,0,0,0.03,-0.015,-1.001,0.3,-0.7,0
55.7737720999988,66,-0.01,19,0,0,0.03,-0.015,-1.001,0.3,-0.7,0
55.7837720999988,35,-0.01,19,0,0,0.03,-0.015,-1.001,0.3,-0.7,0
55.7937720999988,35,-0.01,19,0,0,0.03,-0.015,-1.001,0.3,-0.7,0
55.8037720999988,35,-0.01,19,0,0,0.03,-0.015,-1.001,0.3,-0.7,0
55.8137720999988,8,0,19,0,0,0.03,-0.015,-0.998,0.2,-0.5,0
55.8237720999988,26,0,19,0,0,0.03,-0.015,-0.998,0.2,-0.5,0
55.8337720999988,29,0,19,0,0,0.03,-0.015,-0.998,0.2,-0.5,0
55.8437720999988,91,0,19,0,0,0.03,-0.015,-0.998,0.2,-0.5,0
55.8537720999988,35,0,19,0,0,0.03,-0.015,-0.998,0.2,-0.5,0
55.8637720999988,35,0,19,0,0,0.029,-0.013,-1.003,0.2,-0.7,0
55.8737720999988,41,0,19,0,0,0.029,-0.013,-1.003,0.2,-0.7,0
55.8837720999988,35,0,19,0,0,0.029,-0.013,-1.003,0.2,-0.7,0
55.8937720999988,35,0,19,0,0,0.029,-0.013,-1.003,0.2,-0.7,0
55.9037720999988,35,0,19,0,0,0.029,-0.013,-1.003,0.2,-0.7,0
55.9137720999988,11,0,19,0,0,0.031,-0.018,-0.995,0.3,-0.4,0
55.9237720999988,18,0,19,0,0,0.031,-0.018,-0.995,0.3,-0.4,0
55.9337720999988,35,0,19,0,0,0.031,-0.018,-0.995,0.3,-0.4,0
55.9437720999988,35,0,19,0,0,0.031,-0.018,-0.995,0.3,-0.4,0
55.9537720999988,35,0,19,0,0,0.031,-0.018,-0.995,0.3,-0.4,0
55.9637720999988,36,-0.01,19,0,0,0.028,-0.011,-1.001,0.2,-0.6,0
55.9737720999988,35,-0.01,19,0,0,0.028,-0.011,-1.001,0.2,-0.6,0
55.9837720999988,35,-0.01,19,0,0,0.028,-0.011,-1.001,0.2,-0.6,0
55.9937720999988,60,-0.01,19,0,0,0.028,-0.011,-1.001,0.2,-0.6,0
56.0037720999988,35,-0.01,19,0,0,0.028,-0.011,-1.001,0.2,-0.6,0
56.0137720999988,35,0,19,0,0,0.033,-0.02,-0.998,0.2,-0.7,0
56.0237720999988,46,0,19,0,0,0.033,-0.02,-0.998,0.2,-0.7,0
56.0337720999988,35,0,19,0,0,0.033,-0.02,-0.998,0.2,-0.7,0
56.0437720999988,35,0,19,0,0,0.033,-0.02,-0.998,0.2,-0.7,0
56.0537720999988,47,0,19,0,0,0.033,-0.02,-0.998,0.2,-0.7,0
56.0637720999988,35,0.01,19,0,0,0.028,-0.007,-0.998,0.2,-0.6,0
56.0737720999987,35,0.01,19,0,0,0.028,-0.007,-0.998,0.2,-0.6,0
56.0837720999988,29,0.01,19,0,0,0.028,-0.007,-0.998,0.2,-0.6,0
56.0937720999988,0,0.01,19,0,0,0.028,-0.007,-0.998,0.2,-0.6,0
56.1037720999987,0,0.01,19,0,0,0.028,-0.007,-0.998,0.2,-0.6,0
56.1137720999987,6,0,19,0,0,0.029,-0.02,-1.002,0.3,-0.6,0
56.1237720999987,29,0,19,0,0,0.029,-0.02,-1.002,0.3,-0.6,0
56.1337720999988,29,0,19,0,0,0.029,-0.02,-1.002,0.3,-0.6,0
56.1437720999987,62,0,19,0,0,0.029,-0.02,-1.002,0.3,-0.6,0
56.1537720999987,35,0,19,0,0,0.029,-0.02,-1.002,0.3,-0.6,0
56.1637720999987,35,0,19,0,0,0.031,-0.011,-0.995,0.2,-0.7,0.1
56.1737720999987,35,0,19,0,0,0.031,-0.011,-0.995,0.2,-0.7,0.1
56.1837720999987,17,0,19,0,0,0.031,-0.011,-0.995,0.2,-0.7,0.1
56.1937720999987,23,0,19,0,0,0.031,-0.011,-0.995,0.2,-0.7,0.1
56.2037720999987,35,0,19,0,0,0.031,-0.011,-0.995,0.2,-0.7,0.1
56.2137720999987,35,-0.01,19,0,0,0.03,-0.015,-1.002,0.3,-0.5,0
56.2237720999987,56,-0.01,19,0,0,0.03,-0.015,-1.002,0.3,-0.5,0
56.2337720999987,29,-0.01,19,0,0,0.03,-0.015,-1.002,0.3,-0.5,0
56.2437720999987,29,-0.01,19,0,0,0.03,-0.015,-1.002,0.3,-0.5,0
56.2537720999987,29,-0.01,19,0,0,0.03,-0.015,-1.002,0.3,-0.5,0
56.2637720999987,17,0,19,0,0,0.027,-0.014,-0.996,0.3,-0.7,0.1
56.2737720999987,29,0,19,0,0,0.027,-0.014,-0.996,0.3,-0.7,0.1
56.2837720999987,87,0,19,0,0,0.027,-0.014,-0.996,0.3,-0.7,0.1
56.2937720999987,29,0,19,0,0,0.027,-0.014,-0.996,0.3,-0.7,0.1
56.3037720999987,29,0,19,0,0,0.027,-0.014,-0.996,0.3,-0.7,0.1
56.3137720999987,29,0,19,0,0,0.029,-0.015,-1.006,0.2,-0.6,-0.1
56.3237720999987,35,0,19,0,0,0.029,-0.015,-1.006,0.2,-0.6,-0.1
56.3337720999987,35,0,19,0,0,0.029,-0.015,-1.006,0.2,-0.6,-0.1
56.3437720999987,35,0,19,0,0,0.029,-0.015,-1.006,0.2,-0.6,-0.1
56.3537720999987,35,0,19,0,0,0.029,-0.015,-1.006,0.2,-0.6,-0.1
56.3637720999987,10,0,19,0,0,0.03,-0.016,-0.993,0.3,-0.6,0.1
56.3737720999987,23,0,19,0,0,0.03,-0.016,-0.993,0.3,-0.6,0.1
56.3837720999987,35,0,19,0,0,0.03,-0.016,-0.993,0.3,-0.6,0.1
56.3937720999987,35,0,19,0,0,0.03,-0.016,-0.993,0.3,-0.6,0.1
56.4037720999987,38,0,19,0,0,0.03,-0.016,-0.993,0.3,-0.6,0.1
56.4137720999987,35,-0.01,19,0,0,0.03,-0.01,-1.002,0.3,-0.5,-0.1
56.4237720999987,35,-0.01,19,0,0,0.03,-0.01,-1.002,0.3,-0.5,-0.1
56.4337720999987,58,-0.01,19,0,0,0.03,-0.01,-1.002,0.3,-0.5,-0.1
56.4437720999987,35,-0.01,19,0,0,0.03,-0.01,-1.002,0.3,-0.5,-0.1
56.4537720999987,35,-0.01,19,0,0,0.03,-0.01,-1.002,0.3,-0.5,-0.1
56.4637720999987,35,0,19,0,0,0.03,-0.022,-1.001,0.3,-0.7,0.1
56.4737720999987,45,0,19,0,0,0.03,-0.022,-1.001,0.3,-0.7,0.1
56.4837720999987,35,0,19,0,0,0.03,-0.022,-1.001,0.3,-0.7,0.1
56.4937720999987,35,0,19,0,0,0.03,-0.022,-1.001,0.3,-0.7,0.1
56.5037720999987,48,0,19,0,0,0.03,-0.022,-1.001,0.3,-0.7,0.1
56.5137720999987,35,0.01,19,0,0,0.03,-0.007,-0.996,0.2,-0.6,0
56.5237720999987,35,0.01,19,0,0,0.03,-0.007,-0.996,0.2,-0.6,0
56.5337720999987,30,0.01,19,0,0,0.03,-0.007,-0.996,0.2,-0.6,0
56.5437720999987,0,0.01,19,0,0,0.03,-0.007,-0.996,0.2,-0.6,0
56.5537720999987,0,0.01,19,0,0,0.03,-0.007,-0.996,0.2,-0.6,0
56.5637720999987,22,0,19,0,0,0.029,-0.018,-1.001,0.3,-0.6,0
56.5737720999987,29,0,19,0,0,0.029,-0.018,-1.001,0.3,-0.6,0
56.5837720999987,29,0,19,0,0,0.029,-0.018,-1.001,0.3,-0.6,0
56.5937720999987,61,0,19,0,0,0.029,-0.018,-1.001,0.3,-0.6,0
56.6037720999987,35,0,19,0,0,0.029,-0.018,-1.001,0.3,-0.6,0
56.6137720999987,35,0.01,19,0,0,0.031,-0.012,-1.001,0.2,-0.7,0
56.6237720999987,33,0.01,19,0,0,0.031,-0.012,-1.001,0.2,-0.7,0
56.6337720999987,12,0.01,19,0,0,0.031,-0.012,-1.001,0.2,-0.7,0
56.6437720999987,35,0.01,19,0,0,0.031,-0.012,-1.001,0.2,-0.7,0
56.6537720999987,35,0.01,19,0,0,0.031,-0.012,-1.001,0.2,-0.7,0
56.6637720999987,52,-0.01,19,0,0,0.03,-0.017,-1,0.3,-0.4,0
56.6737720999987,35,-0.01,19,0,0,0.03,-0.017,-1,0.3,-0.4,0
56.6837720999987,35,-0.01,19,0,0,0.03,-0.017,-1,0.3,-0.4,0
56.6937720999987,35,-0.01,19,0,0,0.03,-0.017,-1,0.3,-0.4,0
56.7037720999987,25,-0.01,19,0,0,0.03,-0.017,-1,0.3,-0.4,0
56.7152905,17,0.01,19,0,0,0.032,-0.015,-0.999,0.3,-0.7,0
56.7252905,29,0.01,19,0,0,0.032,-0.015,-0.999,0.3,-0.7,0
56.7352905,90,0.01,19,0,0,0.032,-0.015,-0.999,0.3,-0.7,0
56.7452905,35,0.01,19,0,0,0.032,-0.015,-0.999,0.3,-0.7,0
56.7552905,35,0.01,19,0,0,0.032,-0.015,-0.999,0.3,-0.7,0
56.7652905,35,0,19,0,0,0.03,-0.016,-1.001,0.3,-0.4,0
56.7752905,36,0,19,0,0,0.03,-0.016,-1.001,0.3,-0.4,0
56.7852905,35,0,19,0,0,0.03,-0.016,-1.001,0.3,-0.4,0
56.7952905,35,0,19,0,0,0.03,-0.016,-1.001,0.3,-0.4,0
56.8052905,34,0,19,0,0,0.03,-0.016,-1.001,0.3,-0.4,0
56.8152905,0,0,19,0,0,0.03,-0.016,-0.999,0.3,-0.7,0
56.8252905,23,0,19,0,0,0.03,-0.016,-0.999,0.3,-0.7,0
56.8352905,35,0,19,0,0,0.03,-0.016,-0.999,0.3,-0.7,0
56.8452905,35,0,19,0,0,0.03,-0.016,-0.999,0.3,-0.7,0
56.8552905,50,0,19,0,0,0.03,-0.016,-0.999,0.3,-0.7,0
56.8652905,35,-0.01,19,0,0,0.031,-0.018,-1,0.3,-0.4,0
56.8752905,35,-0.01,19,0,0,0.031,-0.018,-1,0.3,-0.4,0
56.8852905,59,-0.01,19,0,0,0.031,-0.018,-1,0.3,-0.4,0
56.8952905,35,-0.01,19,0,0,0.031,-0.018,-1,0.3,-0.4,0
56.9052905,35,-0.01,19,0,0,0.031,-0.018,-1,0.3,-0.4,0
56.9152905,35,0,19,0,0,0.027,-0.012,-1.003,0.4,-0.6,0
56.9252905,42,0,19,0,0,0.027,-0.012,-1.003,0.4,-0.6,0
56.9352905,35,0,19,0,0,0.027,-0.012,-1.003,0.4,-0.6,0
56.9452905,35,0,19,0,0,0.027,-0.012,-1.003,0.4,-0.6,0
56.9552905,48,0,19,0,0,0.027,-0.012,-1.003,0.4,-0.6,0
56.9652905,35,0.01,19,0,0,0.032,-0.015,-0.996,0.3,-0.6,0.1
56.9752905,35,0.01,19,0,0,0.032,-0.015,-0.996,0.3,-0.6,0.1
56.9852905,29,0.01,19,0,0,0.032,-0.015,-0.996,0.3,-0.6,0.1
56.9952905,0,0.01,19,0,0,0.032,-0.015,-0.996,0.3,-0.6,0.1
57.0052905,0,0.01,19,0,0,0.032,-0.015,-0.996,0.3,-0.6,0.1
57.0152905,29,0,19,0,0,0.028,-0.014,-1.002,0.3,-0.4,0
57.0252905,29,0,19,0,0,0.028,-0.014,-1.002,0.3,-0.4,0
57.0352905,29,0,19,0,0,0.028,-0.014,-1.002,0.3,-0.4,0
57.0452905,56,0,19,0,0,0.028,-0.014,-1.002,0.3,-0.4,0
57.0552905,35,0,19,0,0,0.028,-0.014,-1.002,0.3,-0.4,0
57.0652905,35,0,19,0,0,0.033,-0.018,-1.001,0.3,-0.7,0
57.0752905,30,0,19,0,0,0.033,-0.018,-1.001,0.3,-0.7,0
57.0852905,20,0,19,0,0,0.033,-0.018,-1.001,0.3,-0.7,0
57.0952905,35,0,19,0,0,0.033,-0.018,-1.001,0.3,-0.7,0
57.1052905,35,0,19,0,0,0.033,-0.018,-1.001,0.3,-0.7,0
57.1152905,56,-0.01,19,0,0,0.028,-0.015,-0.999,0.2,-0.4,0
57.1252905,35,-0.01,19,0,0,0.028,-0.015,-0.999,0.2,-0.4,0
57.1352905,35,-0.01,19,0,0,0.028,-0.015,-0.999,0.2,-0.4,0
57.1452905,35,-0.01,19,0,0,0.028,-0.015,-0.999,0.2,-0.4,0
57.1552905,13,-0.01,19,0,0,0.028,-0.015,-0.999,0.2,-0.4,0
57.1652905,19,0.01,19,0,0,0.031,-0.012,-1.001,0.3,-0.7,0
57.1752905,29,0.01,19,0,0,0.031,-0.012,-1.001,0.3,-0.7,0
57.1852905,92,0.01,19,0,0,0.031,-0.012,-1.001,0.3,-0.7,0
57.1952905,35,0.01,19,0,0,0.031,-0.012,-1.001,0.3,-0.7,0
57.2052905,35,0.01,19,0,0,0.031,-0.012,-1.001,0.3,-0.7,0
57.2152905,47,0,19,0,0,0.029,-0.016,-1,0.3,-0.3,0
57.2252905,35,0,19,0,0,0.029,-0.016,-1,0.3,-0.3,0
57.2352905,35,0,19,0,0,0.029,-0.016,-1,0.3,-0.3,0
57.2452905,35,0,19,0,0,0.029,-0.016,-1,0.3,-0.3,0
57.2552905,16,0,19,0,0,0.029,-0.016,-1,0.3,-0.3,0
57.2652905,0,0,19,0,0,0.032,-0.015,-1.002,0.2,-0.9,0
57.2752905,34,0,19,0,0,0.032,-0.015,-1.002,0.2,-0.9,0
57.2852905,35,0,19,0,0,0.032,-0.015,-1.002,0.2,-0.9,0
57.2952905,35,0,19,0,0,0.032,-0.015,-1.002,0.2,-0.9,0
57.3052905,46,0,19,0,0,0.032,-0.015,-1.002,0.2,-0.9,0
57.3152905,35,-0.01,19,0,0,0.029,-0.015,-0.995,0.2,-0.5,0
57.3252905,35,-0.01,19,0,0,0.029,-0.015,-0.995,0.2,-0.5,0
57.3352905,68,-0.01,19,0,0,0.029,-0.015,-0.995,0.2,-0.5,0
57.3452905,35,-0.01,19,0,0,0.029,-0.015,-0.995,0.2,-0.5,0
57.3552905,35,-0.01,19,0,0,0.029,-0.015,-0.995,0.2,-0.5,0
57.3652905,39,0.01,19,0,0,0.031,-0.014,-1.002,0.3,-0.5,0
57.3752905,35,0.01,19,0,0,0.031,-0.014,-1.002,0.3,-0.5,0
57.3852905,35,0.01,19,0,0,0.031,-0.014,-1.002,0.3,-0.5,0
57.3952905,46,0.01,19,0,0,0.031,-0.014,-1.002,0.3,-0.5,0
57.4052905,35,0.01,19,0,0,0.031,-0.014,-1.002,0.3,-0.5,0
57.4152905,35,0,19,0,0,0.03,-0.016,-0.997,0.3,-0.6,0
57.4252905,35,0,19,0,0,0.03,-0.016,-0.997,0.3,-0.6,0
57.4352905,12,0,19,0,0,0.03,-0.016,-0.997,0.3,-0.6,0
57.4452905,0,0,19,0,0,0.03,-0.016,-0.997,0.3,-0.6,0
57.4552905,15,0,19,0,0,0.03,-0.016,-0.997,0.3,-0.6,0
57.4652905,29,0,19,0,0,0.032,-0.015,-0.998,0.3,-0.5,0
57.4752905,29,0,19,0,0,0.032,-0.015,-0.998,0.3,-0.5,0
57.4852905,57,0,19,0,0,0.032,-0.015,-0.998,0.3,-0.5,0
57.4952905,35,0,19,0,0,0.032,-0.015,-0.998,0.3,-0.5,0
57.5052905,35,0,19,0,0,0.032,-0.015,-0.998,0.3,-0.5,0
57.5152905,35,0,19,0,0,0.029,-0.015,-1,0.2,-0.6,0
57.5252905,7,0,19,0,0,0.029,-0.015,-1,0.2,-0.6,0
57.5352905,32,0,19,0,0,0.029,-0.015,-1,0.2,-0.6,0
57.5452905,35,0,19,0,0,0.029,-0.015,-1,0.2,-0.6,0
57.5552905,64,0,19,0,0,0.029,-0.015,-1,0.2,-0.6,0
57.5652905,35,-0.01,19,0,0,0.031,-0.015,-0.997,0.3,-0.6,0
57.5752905,35,-0.01,19,0,0,0.031,-0.015,-0.997,0.3,-0.6,0
57.5852905,35,-0.01,19,0,0,0.031,-0.015,-0.997,0.3,-0.6,0
57.5952905,27,-0.01,19,0,0,0.031,-0.015,-0.997,0.3,-0.6,0
57.6052905,9,-0.01,19,0,0,0.031,-0.015,-0.997,0.3,-0.6,0
57.6152905,29,0.01,19,0,0,0.029,-0.013,-1,0.3,-0.7,0
57.6252904999999,89,0.01,19,0,0,0.029,-0.013,-1,0.3,-0.7,0
57.6352905,35,0.01,19,0,0,0.029,-0.013,-1,0.3,-0.7,0
57.6452905,35,0.01,19,0,0,0.029,-0.013,-1,0.3,-0.7,0
57.6552904999999,35,0.01,19,0,0,0.029,-0.013,-1,0.3,-0.7,0
57.6652904999999,41,0,19,0,0,0.032,-0.016,-0.994,0.3,-0.5,0
57.6752904999999,35,0,19,0,0,0.032,-0.016,-0.994,0.3,-0.5,0
57.6852905,35,0,19,0,0,0.032,-0.016,-0.994,0.3,-0.5,0
57.6952904999999,34,0,19,0,0,0.032,-0.016,-0.994,0.3,-0.5,0
57.7052904999999,0,0,19,0,0,0.032,-0.016,-0.994,0.3,-0.5,0
57.7152904999999,28,0,19,0,0,0.029,-0.012,-1.004,0.3,-0.5,0
57.7252904999999,35,0,19,0,0,0.029,-0.012,-1.004,0.3,-0.5,0
57.7352904999999,35,0,19,0,0,0.029,-0.012,-1.004,0.3,-0.5,0
57.7452904999999,38,0,19,0,0,0.029,-0.012,-1.004,0.3,-0.5,0
57.7552904999999,35,0,19,0,0,0.029,-0.012,-1.004,0.3,-0.5,0
57.7652904999999,35,-0.01,19,0,0,0.029,-0.014,-0.998,0.3,-0.7,0
57.7752904999999,60,-0.01,19,0,0,0.029,-0.014,-0.998,0.3,-0.7,0
57.7852904999999,35,-0.01,19,0,0,0.029,-0.014,-0.998,0.3,-0.7,0
57.7952904999999,35,-0.01,19,0,0,0.029,-0.014,-0.998,0.3,-0.7,0
57.8052904999999,35,-0.01,19,0,0,0.029,-0.014,-0.998,0.3,-0.7,0
57.8152904999999,46,0.01,19,0,0,0.032,-0.018,-1,0.3,-0.5,0
57.8252904999999,35,0.01,19,0,0,0.032,-0.018,-1,0.3,-0.5,0
57.8352904999999,35,0.01,19,0,0,0.032,-0.018,-1,0.3,-0.5,0
57.8452904999999,47,0.01,19,0,0,0.032,-0.018,-1,0.3,-0.5,0
57.8552904999999,35,0.01,19,0,0,0.032,-0.018,-1,0.3,-0.5,0
57.8652904999999,35,0,19,0,0,0.029,-0.015,-1.004,0.3,-0.7,0
57.8752904999999,25,0,19,0,0,0.029,-0.015,-1.004,0.3,-0.7,0
57.8852904999999,0,0,19,0,0,0.029,-0.015,-1.004,0.3,-0.7,0
57.8952904999999,0,0,19,0,0,0.029,-0.015,-1.004,0.3,-0.7,0
57.9052904999999,0,0,19,0,0,0.029,-0.015,-1.004,0.3,-0.7,0
57.9152904999999,25,0,19,0,0,0.03,-0.014,-0.995,0.2,-0.6,0
57.9252904999999,29,0,19,0,0,0.03,-0.014,-0.995,0.2,-0.6,0
57.9352904999999,29,0,19,0,0,0.03,-0.014,-0.995,0.2,-0.6,0
57.9452904999999,68,0,19,0,0,0.03,-0.014,-0.995,0.2,-0.6,0
57.9552904999999,35,0,19,0,0,0.03,-0.014,-0.995,0.2,-0.6,0
57.9652904999999,35,0.01,19,0,0,0.029,-0.014,-1.005,0.3,-0.5,0
57.9752904999999,33,0.01,19,0,0,0.029,-0.014,-1.005,0.3,-0.5,0
57.9852904999999,0,0.01,19,0,0,0.029,-0.014,-1.005,0.3,-0.5,0
57.9952904999999,29,0.01,19,0,0,0.029,-0.014,-1.005,0.3,-0.5,0
58.0052904999999,29,0.01,19,0,0,0.029,-0.014,-1.005,0.3,-0.5,0
58.0152904999999,60,-0.01,19,0,0,0.031,-0.017,-0.997,0.2,-0.6,0
58.0252904999999,29,-0.01,19,0,0,0.031,-0.017,-0.997,0.2,-0.6,0
58.0352904999999,29,-0.01,19,0,0,0.031,-0.017,-0.997,0.2,-0.6,0
58.0452904999999,29,-0.01,19,0,0,0.031,-0.017,-0.997,0.2,-0.6,0
58.0552904999999,26,-0.01,19,0,0,0.031,-0.017,-0.997,0.2,-0.6,0
58.0652904999999,24,0.01,19,0,0,0.029,-0.017,-1.002,0.2,-0.7,0
58.0752904999999,29,0.01,19,0,0,0.029,-0.017,-1.002,0.2,-0.7,0
58.0852904999999,86,0.01,19,0,0,0.029,-0.017,-1.002,0.2,-0.7,0
58.0952904999999,29,0.01,19,0,0,0.029,-0.017,-1.002,0.2,-0.7,0
58.1052904999999,29,0.01,19,0,0,0.029,-0.017,-1.002,0.2,-0.7,0
58.1152904999999,29,0,19,0,0,0.03,-0.014,-0.998,0.2,-0.3,0
58.1252904999999,37,0,19,0,0,0.03,-0.014,-0.998,0.2,-0.3,0
58.1352904999999,35,0,19,0,0,0.03,-0.014,-0.998,0.2,-0.3,0
58.1452904999999,35,0,19,0,0,0.03,-0.014,-0.998,0.2,-0.3,0
58.1552904999999,31,0,19,0,0,0.03,-0.014,-0.998,0.2,-0.3,0
58.1652904999999,0,0,19,0,0,0.03,-0.013,-1.002,0.3,-0.7,0
58.1752904999999,35,0,19,0,0,0.03,-0.013,-1.002,0.3,-0.7,0
58.1852904999999,35,0,19,0,0,0.03,-0.013,-1.002,0.3,-0.7,0
58.1952904999999,35,0,19,0,0,0.03,-0.013,-1.002,0.3,-0.7,0
58.2052904999999,38,0,19,0,0,0.03,-0.013,-1.002,0.3,-0.7,0
58.2152904999999,35,0,19,0,0,0.032,-0.016,-0.994,0.2,-0.6,0
58.2252904999999,35,0,19,0,0,0.032,-0.016,-0.994,0.2,-0.6,0
58.2352904999999,58,0,19,0,0,0.032,-0.016,-0.994,0.2,-0.6,0
58.2452904999999,35,0,19,0,0,0.032,-0.016,-0.994,0.2,-0.6,0
58.2552904999999,35,0,19,0,0,0.032,-0.016,-0.994,0.2,-0.6,0
58.2652904999999,46,0,19,0,0,0.03,-0.017,-1.004,0.2,-0.4,0
58.2752904999999,35,0,19,0,0,0.03,-0.017,-1.004,0.2,-0.4,0
58.2852904999999,35,0,19,0,0,0.03,-0.017,-1.004,0.2,-0.4,0
58.2952904999999,35,0,19,0,0,0.03,-0.017,-1.004,0.2,-0.4,0
58.3052904999999,47,0,19,0,0,0.03,-0.017,-1.004,0.2,-0.4,0
58.3152904999999,35,0.01,19,0,0,0.031,-0.012,-0.997,0.3,-0.9,0
58.3252904999999,35,0.01,19,0,0,0.031,-0.012,-0.997,0.3,-0.9,0
58.3352904999999,23,0.01,19,0,0,0.031,-0.012,-0.997,0.3,-0.9,0
58.3452904999999,0,0.01,19,0,0,0.031,-0.012,-0.997,0.3,-0.9,0
58.3552904999999,0,0.01,19,0,0,0.031,-0.012,-0.997,0.3,-0.9,0
58.3652904999999,23,0,19,0,0,0.031,-0.016,-0.998,0.3,-0.4,0
58.3752904999999,29,0,19,0,0,0.031,-0.016,-0.998,0.3,-0.4,0
58.3852904999999,29,0,19,0,0,0.031,-0.016,-0.998,0.3,-0.4,0
58.3952904999999,61,0,19,0,0,0.031,-0.016,-0.998,0.3,-0.4,0
58.4052904999999,35,0,19,0,0,0.031,-0.016,-0.998,0.3,-0.4,0
58.4152904999999,35,0,19,0,0,0.03,-0.015,-1.002,0.2,-0.7,0
58.4252904999999,35,0,19,0,0,0.03,-0.015,-1.002,0.2,-0.7,0
58.4352904999999,10,0,19,0,0,0.03,-0.015,-1.002,0.2,-0.7,0
58.4452904999999,35,0,19,0,0,0.03,-0.015,-1.002,0.2,-0.7,0
58.4552904999999,35,0,19,0,0,0.03,-0.015,-1.002,0.2,-0.7,0
58.4652904999999,35,-0.01,19,0,0,0.03,-0.017,-0.997,0.2,-0.4,0
58.4752904999999,48,-0.01,19,0,0,0.03,-0.017,-0.997,0.2,-0.4,0
58.4852904999999,29,-0.01,19,0,0,0.03,-0.017,-0.997,0.2,-0.4,0
58.4952904999999,29,-0.01,19,0,0,0.03,-0.017,-0.997,0.2,-0.4,0
58.5052904999999,27,-0.01,19,0,0,0.03,-0.017,-0.997,0.2,-0.4,0
58.5152904999999,17,0.01,19,0,0,0.029,-0.015,-1.001,0.2,-0.7,0
58.5252904999999,29,0.01,19,0,0,0.029,-0.015,-1.001,0.2,-0.7,0
58.5352904999999,87,0.01,19,0,0,0.029,-0.015,-1.001,0.2,-0.7,0
58.5452904999999,29,0.01,19,0,0,0.029,-0.015,-1.001,0.2,-0.7,0
58.5552904999999,29,0.01,19,0,0,0.029,-0.015,-1.001,0.2,-0.7,0
58.5652904999999,29,0,19,0,0,0.031,-0.013,-0.994,0.2,-0.3,0
58.5752904999999,38,0,19,0,0,0.031,-0.013,-0.994,0.2,-0.3,0
58.5852904999999,35,0,19,0,0,0.031,-0.013,-0.994,0.2,-0.3,0
58.5952904999999,35,0,19,0,0,0.031,-0.013,-0.994,0.2,-0.3,0
58.6052904999999,30,0,19,0,0,0.031,-0.013,-0.994,0.2,-0.3,0
58.6152904999999,0,0,19,0,0,0.028,-0.015,-1.004,0.3,-0.9,0
58.6252904999999,28,0,19,0,0,0.028,-0.015,-1.004,0.3,-0.9,0
58.6352904999999,35,0,19,0,0,0.028,-0.015,-1.004,0.3,-0.9,0
58.6452904999999,35,0,19,0,0,0.028,-0.015,-1.004,0.3,-0.9,0
58.6552904999999,47,0,19,0,0,0.028,-0.015,-1.004,0.3,-0.9,0
58.6652904999999,35,-0.01,19,0,0,0.031,-0.016,-0.995,0.2,-0.6,0
58.6752904999999,35,-0.01,19,0,0,0.031,-0.016,-0.995,0.2,-0.6,0
58.6852904999999,59,-0.01,19,0,0,0.031,-0.016,-0.995,0.2,-0.6,0
58.6952904999999,35,-0.01,19,0,0,0.031,-0.016,-0.995,0.2,-0.6,0
58.7052904999999,35,-0.01,19,0,0,0.031,-0.016,-0.995,0.2,-0.6,0
58.7152904999999,35,0,19,0,0,0.029,-0.014,-1,0.3,-0.5,0
58.7252904999999,41,0,19,0,0,0.029,-0.014,-1,0.3,-0.5,0
58.7352904999999,35,0,19,0,0,0.029,-0.014,-1,0.3,-0.5,0
58.7452904999999,35,0,19,0,0,0.029,-0.014,-1,0.3,-0.5,0
58.7552904999999,47,0,19,0,0,0.029,-0.014,-1,0.3,-0.5,0
58.7652904999999,35,0,19,0,0,0.031,-0.015,-0.997,0.3,-0.7,0
58.7752904999999,35,0,19,0,0,0.031,-0.015,-0.997,0.3,-0.7,0
58.7852904999999,26,0,19,0,0,0.031,-0.015,-0.997,0.3,-0.7,0
58.7952904999999,0,0,19,0,0,0.031,-0.015,-0.997,0.3,-0.7,0
58.8052904999999,0,0,19,0,0,0.031,-0.015,-0.997,0.3,-0.7,0
58.8152904999999,29,0,19,0,0,0.029,-0.015,-0.999,0.2,-0.6,0
58.8252904999999,29,0,19,0,0,0.029,-0.015,-0.999,0.2,-0.6,0
58.8352904999999,29,0,19,0,0,0.029,-0.015,-0.999,0.2,-0.6,0
58.8452904999999,56,0,19,0,0,0.029,-0.015,-0.999,0.2,-0.6,0
58.8552904999999,35,0,19,0,0,0.029,-0.015,-0.999,0.2,-0.6,0
58.8652904999999,35,0,19,0,0,0.03,-0.014,-0.875,0.3,-0.6,0
58.8752904999999,31,0,19,0,0,0.03,-0.014,-0.875,0.3,-0.6,0
58.8852904999999,18,0,19,0,0,0.03,-0.014,-0.875,0.3,-0.6,0
58.8952904999999,35,0,19,0,0,0.03,-0.014,-0.875,0.3,-0.6,0
58.9052904999999,35,0,19,0,0,0.03,-0.014,-0.875,0.3,-0.6,0
58.9152904999999,56,-0.01,19,0,0,0.03,-0.014,-1.001,0.2,-0.4,0
58.9252904999999,35,-0.01,19,0,0,0.03,-0.014,-1.001,0.2,-0.4,0
58.9352904999999,35,-0.01,19,0,0,0.03,-0.014,-1.001,0.2,-0.4,0
58.9452904999999,35,-0.01,19,0,0,0.03,-0.014,-1.001,0.2,-0.4,0
58.9552904999999,17,-0.01,19,0,0,0.03,-0.014,-1.001,0.2,-0.4,0
58.9652904999999,15,0.01,19,0,0,0.03,-0.015,-1.002,0.3,-0.7,0
58.9752904999999,29,0.01,19,0,0,0.03,-0.015,-1.002,0.3,-0.7,0
58.9852904999999,89,0.01,19,0,0,0.03,-0.015,-1.002,0.3,-0.7,0
58.9952904999999,29,0.01,19,0,0,0.03,-0.015,-1.002,0.3,-0.7,0
59.0052904999999,29,0.01,19,0,0,0.03,-0.015,-1.002,0.3,-0.7,0
59.0152904999999,46,0,19,0,0,0.03,-0.015,-1.004,0.3,-0.4,0
59.0252904999999,35,0,19,0,0,0.03,-0.015,-1.004,0.3,-0.4,0
59.0352904999999,35,0,19,0,0,0.03,-0.015,-1.004,0.3,-0.4,0
59.0452904999999,35,0,19,0,0,0.03,-0.015,-1.004,0.3,-0.4,0
59.0552904999999,17,0,19,0,0,0.03,-0.015,-1.004,0.3,-0.4,0
59.0652904999999,0,0,19,0,0,0.031,-0.013,-0.999,0.2,-0.8,0
59.0752904999999,34,0,19,0,0,0.031,-0.013,-0.999,0.2,-0.8,0
59.0852904999999,35,0,19,0,0,0.031,-0.013,-0.999,0.2,-0.8,0
59.0952904999999,35,0,19,0,0,0.031,-0.013,-0.999,0.2,-0.8,0
59.1052904999999,44,0,19,0,0,0.031,-0.013,-0.999,0.2,-0.8,0
59.1152904999999,35,-0.01,19,0,0,0.029,-0.014,-1,0.3,-0.4,0
59.1252904999999,35,-0.01,19,0,0,0.029,-0.014,-1,0.3,-0.4,0
59.1352904999999,67,-0.01,19,0,0,0.029,-0.014,-1,0.3,-0.4,0
59.1452904999999,35,-0.01,19,0,0,0.029,-0.014,-1,0.3,-0.4,0
59.1552904999999,35,-0.01,19,0,0,0.029,-0.014,-1,0.3,-0.4,0
59.1652904999999,39,0.01,19,0,0,0.029,-0.015,-1.003,0.2,-0.7,0
59.1752904999999,35,0.01,19,0,0,0.029,-0.015,-1.003,0.2,-0.7,0
59.1852904999999,35,0.01,19,0,0,0.029,-0.015,-1.003,0.2,-0.7,0
59.1952904999999,45,0.01,19,0,0,0.029,-0.015,-1.003,0.2,-0.7,0
59.2052904999999,35,0.01,19,0,0,0.029,-0.015,-1.003,0.2,-0.7,0
59.2152904999999,35,0.01,19,0,0,0.031,-0.015,-0.996,0.2,-0.6,0
59.2252904999999,35,0.01,19,0,0,0.031,-0.015,-0.996,0.2,-0.6,0
59.2352904999999,15,0.01,19,0,0,0.031,-0.015,-0.996,0.2,-0.6,0
59.2452904999999,0,0.01,19,0,0,0.031,-0.015,-0.996,0.2,-0.6,0
59.2552904999999,10,0.01,19,0,0,0.031,-0.015,-0.996,0.2,-0.6,0
59.2652904999999,29,0,19,0,0,0.03,-0.016,-1,0.3,-0.4,0
59.2752904999999,29,0,19,0,0,0.03,-0.016,-1,0.3,-0.4,0
59.2852904999999,57,0,19,0,0,0.03,-0.016,-1,0.3,-0.4,0
59.2952904999999,35,0,19,0,0,0.03,-0.016,-1,0.3,-0.4,0
59.3052904999999,35,0,19,0,0,0.03,-0.016,-1,0.3,-0.4,0
59.3152904999999,35,0,19,0,0,0.03,-0.015,-1.001,0.3,-0.6,0
59.3252904999999,14,0,19,0,0,0.03,-0.015,-1.001,0.3,-0.6,0
59.3352904999999,23,0,19,0,0,0.03,-0.015,-1.001,0.3,-0.6,0
59.3452904999999,35,0,19,0,0,0.03,-0.015,-1.001,0.3,-0.6,0
59.3552904999999,35,0,19,0,0,0.03,-0.015,-1.001,0.3,-0.6,0
59.3652904999999,65,-0.01,19,0,0,0.03,-0.017,-1.001,0.3,-0.4,0
59.3752904999998,35,-0.01,19,0,0,0.03,-0.017,-1.001,0.3,-0.4,0
59.3852904999999,35,-0.01,19,0,0,0.03,-0.017,-1.001,0.3,-0.4,0
59.3952904999999,35,-0.01,19,0,0,0.03,-0.017,-1.001,0.3,-0.4,0
59.4052904999999,0,-0.01,19,0,0,0.03,-0.017,-1.001,0.3,-0.4,0
59.4152904999998,28,0.01,19,0,0,0.03,-0.014,-1.001,0.2,-0.7,0
59.4252904999998,29,0.01,19,0,0,0.03,-0.014,-1.001,0.2,-0.7,0
59.4352904999999,94,0.01,19,0,0,0.03,-0.014,-1.001,0.2,-0.7,0
59.4452904999998,35,0.01,19,0,0,0.03,-0.014,-1.001,0.2,-0.7,0
59.4552904999998,35,0.01,19,0,0,0.03,-0.014,-1.001,0.2,-0.7,0
59.4652904999998,39,0,19,0,0,0.03,-0.016,-1,0.3,-0.3,0
59.4752904999998,35,0,19,0,0,0.03,-0.016,-1,0.3,-0.3,0
59.4852904999998,35,0,19,0,0,0.03,-0.016,-1,0.3,-0.3,0
59.4952904999998,35,0,19,0,0,0.03,-0.016,-1,0.3,-0.3,0
59.5052904999998,15,0,19,0,0,0.03,-0.016,-1,0.3,-0.3,0
59.5152904999998,12,0,19,0,0,0.029,-0.014,-1.001,0.2,-0.9,0
59.5252904999998,35,0,19,0,0,0.029,-0.014,-1.001,0.2,-0.9,0
59.5352904999998,35,0,19,0,0,0.029,-0.014,-1.001,0.2,-0.9,0
59.5452904999998,35,0,19,0,0,0.029,-0.014,-1.001,0.2,-0.9,0
59.5552904999998,37,0,19,0,0,0.029,-0.014,-1.001,0.2,-0.9,0
59.5652904999998,35,-0.01,19,0,0,0.032,-0.015,-0.995,0.3,-0.4,0
59.5752904999998,35,-0.01,19,0,0,0.032,-0.015,-0.995,0.3,-0.4,0
59.5852904999998,61,-0.01,19,0,0,0.032,-0.015,-0.995,0.3,-0.4,0
59.5952904999998,35,-0.01,19,0,0,0.032,-0.015,-0.995,0.3,-0.4,0
59.6052904999998,35,-0.01,19,0,0,0.032,-0.015,-0.995,0.3,-0.4,0
59.6152904999998,46,0,19,0,0,0.028,-0.014,-1.005,0.3,-0.5,0
59.6252904999998,35,0,19,0,0,0.028,-0.014,-1.005,0.3,-0.5,0
59.6352904999998,35,0,19,0,0,0.028,-0.014,-1.005,0.3,-0.5,0
59.6452904999998,48,0,19,0,0,0.028,-0.014,-1.005,0.3,-0.5,0
59.6552904999998,35,0,19,0,0,0.028,-0.014,-1.005,0.3,-0.5,0
59.6652904999998,35,0,19,0,0,0.031,-0.014,-0.994,0.2,-0.7,0
59.6752904999998,35,0,19,0,0,0.031,-0.014,-0.994,0.2,-0.7,0
59.6852904999998,13,0,19,0,0,0.031,-0.014,-0.994,0.2,-0.7,0
59.6952904999998,0,0,19,0,0,0.031,-0.014,-0.994,0.2,-0.7,0
59.7052904999998,0,0,19,0,0,0.031,-0.014,-0.994,0.2,-0.7,0
59.7152904999998,0,0,19,0,0,0.03,-0.014,-1.005,0.2,-0.4,0
59.7252904999998,19,0,19,0,0,0.03,-0.014,-1.005,0.2,-0.4,0
59.7352904999998,29,0,19,0,0,0.03,-0.014,-1.005,0.2,-0.4,0
59.7452904999998,29,0,19,0,0,0.03,-0.014,-1.005,0.2,-0.4,0
59.7552904999998,66,0,19,0,0,0.03,-0.014,-1.005,0.2,-0.4,0
59.7652904999998,29,-0.01,19,0,0,0.029,-0.015,-1.005,0.3,-0.4,0
59.7752904999998,60,-0.01,19,0,0,0.029,-0.015,-1.005,0.3,-0.4,0
59.7852904999998,29,-0.01,19,0,0,0.029,-0.015,-1.005,0.3,-0.4,0
59.7952904999998,29,-0.01,19,0,0,0.029,-0.015,-1.005,0.3,-0.4,0
59.8052904999998,29,-0.01,19,0,0,0.029,-0.015,-1.005,0.3,-0.4,0
59.8152904999998,29,0.01,19,0,0,0.03,-0.014,-0.997,0.2,-0.7,0
59.8252904999998,20,0.01,19,0,0,0.03,-0.014,-0.997,0.2,-0.7,0
59.8352904999998,29,0.01,19,0,0,0.03,-0.014,-0.997,0.2,-0.7,0
59.8452904999998,88,0.01,19,0,0,0.03,-0.014,-0.997,0.2,-0.7,0
59.8552904999998,29,0.01,19,0,0,0.03,-0.014,-0.997,0.2,-0.7,0
59.8652904999998,29,0,19,0,0,0.028,-0.016,-1.004,0.3,-0.6,0
59.8752904999998,29,0,19,0,0,0.028,-0.016,-1.004,0.3,-0.6,0
59.8852904999998,36,0,19,0,0,0.028,-0.016,-1.004,0.3,-0.6,0
59.8952904999998,35,0,19,0,0,0.028,-0.016,-1.004,0.3,-0.6,0
59.9052904999998,35,0,19,0,0,0.028,-0.016,-1.004,0.3,-0.6,0
59.9152904999998,35,0,19,0,0,0.031,-0.015,-0.998,0.2,-0.5,0
59.9252904999998,6,0,19,0,0,0.031,-0.015,-0.998,0.2,-0.5,0
59.9352904999998,24,0,19,0,0,0.031,-0.015,-0.998,0.2,-0.5,0
59.9452904999998,35,0,19,0,0,0.031,-0.015,-0.998,0.2,-0.5,0
59.9552904999998,35,0,19,0,0,0.031,-0.015,-0.998,0.2,-0.5,0
59.9652904999998,35,-0.01,19,0,0,0.029,-0.014,-1.003,0.3,-0.5,0.1
59.9752904999998,39,-0.01,19,0,0,0.029,-0.014,-1.003,0.3,-0.5,0.1
59.9852904999998,35,-0.01,19,0,0,0.029,-0.014,-1.003,0.3,-0.5,0.1
59.9952904999998,35,-0.01,19,0,0,0.029,-0.014,-1.003,0.3,-0.5,0.1
60.0052904999998,58,-0.01,19,0,0,0.029,-0.014,-1.003,0.3,-0.5,0.1
60.0152904999998,35,0,19,0,0,0.03,-0.015,-0.995,0.3,-0.8,0
60.0252904999998,35,0,19,0,0,0.03,-0.015,-0.995,0.3,-0.8,0
60.0352904999998,46,0,19,0,0,0.03,-0.015,-0.995,0.3,-0.8,0
60.0452904999998,35,0,19,0,0,0.03,-0.015,-0.995,0.3,-0.8,0
60.0552904999998,35,0,19,0,0,0.03,-0.015,-0.995,0.3,-0.8,0
60.0652904999998,47,0.01,19,0,0,0.03,-0.016,-1.002,0.3,-0.3,0
60.0752904999998,35,0.01,19,0,0,0.03,-0.016,-1.002,0.3,-0.3,0
60.0852904999998,35,0.01,19,0,0,0.03,-0.016,-1.002,0.3,-0.3,0
60.0952904999998,35,0.01,19,0,0,0.03,-0.016,-1.002,0.3,-0.3,0
60.1052904999998,5,0.01,19,0,0,0.03,-0.016,-1.002,0.3,-0.3,0
60.1152904999998,0,0,19,0,0,0.03,-0.014,-1,0.3,-0.9,0
60.1252904999998,0,0,19,0,0,0.03,-0.014,-1,0.3,-0.9,0
60.1352904999998,29,0,19,0,0,0.03,-0.014,-1,0.3,-0.9,0
60.1452904999998,29,0,19,0,0,0.03,-0.014,-1,0.3,-0.9,0
60.1552904999998,58,0,19,0,0,0.03,-0.014,-1,0.3,-0.9,0
60.1652904999998,35,0,19,0,0,0.03,-0.014,-0.995,0.3,-0.3,0
60.1752904999998,35,0,19,0,0,0.03,-0.014,-0.995,0.3,-0.3,0
60.1852904999998,35,0,19,0,0,0.03,-0.014,-0.995,0.3,-0.3,0
60.1952904999998,27,0,19,0,0,0.03,-0.014,-0.995,0.3,-0.3,0
60.2052904999998,13,0,19,0,0,0.03,-0.014,-0.995,0.3,-0.3,0
60.2211776,29,-0.02,19,0,0,0.029,-0.015,-1.005,0.3,-0.9,0
60.2311776,29,-0.02,19,0,0,0.029,-0.015,-1.005,0.3,-0.9,0
60.2411776,53,-0.02,19,0,0,0.029,-0.015,-1.005,0.3,-0.9,0
60.2511776,29,-0.02,19,0,0,0.029,-0.015,-1.005,0.3,-0.9,0
60.2611776,29,-0.02,19,0,0,0.029,-0.015,-1.005,0.3,-0.9,0
60.2711776,29,0,19,0,0,0.031,-0.014,-0.998,0.3,-0.3,0
60.2811776,19,0,19,0,0,0.031,-0.014,-0.998,0.3,-0.3,0
60.2911776,29,0,19,0,0,0.031,-0.014,-0.998,0.3,-0.3,0
60.3011776,29,0,19,0,0,0.031,-0.014,-0.998,0.3,-0.3,0
60.3111776,85,0,19,0,0,0.031,-0.014,-0.998,0.3,-0.3,0
60.3211776,29,0,19,0,0,0.03,-0.014,-1,0.2,-1,0
60.3311776,29,0,19,0,0,0.03,-0.014,-1,0.2,-1,0
60.3411776,29,0,19,0,0,0.03,-0.014,-1,0.2,-1,0
60.3511776,39,0,19,0,0,0.03,-0.014,-1,0.2,-1,0
60.3611776,35,0,19,0,0,0.03,-0.014,-1,0.2,-1,0
60.3711776,35,0,19,0,0,0.03,-0.016,-1.001,0.3,-0.3,0
60.3811776,21,0,19,0,0,0.03,-0.016,-1.001,0.3,-0.3,0
60.3911776,0,0,19,0,0,0.03,-0.016,-1.001,0.3,-0.3,0
60.4011776,35,0,19,0,0,0.03,-0.016,-1.001,0.3,-0.3,0
60.4111776,35,0,19,0,0,0.03,-0.016,-1.001,0.3,-0.3,0
60.4211776,35,-0.01,19,0,0,0.028,-0.016,-1.005,0.2,-0.9,0
60.4311776,46,-0.01,19,0,0,0.028,-0.016,-1.005,0.2,-0.9,0
60.4411776,35,-0.01,19,0,0,0.028,-0.016,-1.005,0.2,-0.9,0
60.4511776,35,-0.01,19,0,0,0.028,-0.016,-1.005,0.2,-0.9,0
60.4611776,58,-0.01,19,0,0,0.028,-0.016,-1.005,0.2,-0.9,0
60.4711776,35,-0.01,19,0,0,0.032,-0.015,-0.993,0.3,-0.4,0
60.4811776,35,-0.01,19,0,0,0.032,-0.015,-0.993,0.3,-0.4,0
60.4911776,41,-0.01,19,0,0,0.032,-0.015,-0.993,0.3,-0.4,0
60.5011776,35,-0.01,19,0,0,0.032,-0.015,-0.993,0.3,-0.4,0
60.5111776,35,-0.01,19,0,0,0.032,-0.015,-0.993,0.3,-0.4,0
60.5211776,35,0,19,0,0,0.03,-0.014,-1.004,0.2,-0.6,0
60.5311776,47,0,19,0,0,0.03,-0.014,-1.004,0.2,-0.6,0
60.5411776,35,0,19,0,0,0.03,-0.014,-1.004,0.2,-0.6,0
60.5511776,35,0,19,0,0,0.03,-0.014,-1.004,0.2,-0.6,0
60.5611776,23,0,19,0,0,0.03,-0.014,-1.004,0.2,-0.6,0
60.5711776,0,0,19,0,0,0.031,-0.013,-0.994,0.2,-0.7,0
60.5811776,0,0,19,0,0,0.031,-0.013,-0.994,0.2,-0.7,0
60.5911776,27,0,19,0,0,0.031,-0.013,-0.994,0.2,-0.7,0
60.6011776,29,0,19,0,0,0.031,-0.013,-0.994,0.2,-0.7,0
60.6111776,29,0,19,0,0,0.031,-0.013,-0.994,0.2,-0.7,0
60.6211776,56,0.01,19,0,0,0.029,-0.014,-1,0.3,-0.4,0
60.6311776,35,0.01,19,0,0,0.029,-0.014,-1,0.3,-0.4,0
60.6411776,35,0.01,19,0,0,0.029,-0.014,-1,0.3,-0.4,0
60.6511776,35,0.01,19,0,0,0.029,-0.014,-1,0.3,-0.4,0
60.6611776,13,0.01,19,0,0,0.029,-0.014,-1,0.3,-0.4,0
60.6711776,35,-0.02,19,0,0,0.031,-0.014,-1,0.3,-0.9,0
60.6811776,35,-0.02,19,0,0,0.031,-0.014,-1,0.3,-0.9,0
60.6911776,57,-0.02,19,0,0,0.031,-0.014,-1,0.3,-0.9,0
60.7011776,29,-0.02,19,0,0,0.031,-0.014,-1,0.3,-0.9,0
60.7111776,29,-0.02,19,0,0,0.031,-0.014,-1,0.3,-0.9,0
60.7211776,29,-0.01,19,0,0,0.03,-0.015,-1.002,0.3,-0.4,0
60.7311776,22,-0.01,19,0,0,0.03,-0.015,-1.002,0.3,-0.4,0
60.7411776,14,-0.01,19,0,0,0.03,-0.015,-1.002,0.3,-0.4,0
60.7511776,29,-0.01,19,0,0,0.03,-0.015,-1.002,0.3,-0.4,0
60.7611776,88,-0.01,19,0,0,0.03,-0.015,-1.002,0.3,-0.4,0
60.7711776,29,0,19,0,0,0.03,-0.013,-0.995,0.2,-0.8,0
60.7811776,29,0,19,0,0,0.03,-0.013,-0.995,0.2,-0.8,0
60.7911776,29,0,19,0,0,0.03,-0.013,-0.995,0.2,-0.8,0
60.8011776,49,0,19,0,0,0.03,-0.013,-0.995,0.2,-0.8,0
60.8111776,35,0,19,0,0,0.03,-0.013,-0.995,0.2,-0.8,0
60.8211776,35,0,19,0,0,0.029,-0.016,-1.006,0.3,-0.3,0
60.8311776,24,0,19,0,0,0.029,-0.016,-1.006,0.3,-0.3,0
60.8411776,0,0,19,0,0,0.029,-0.016,-1.006,0.3,-0.3,0
60.8511776,27,0,19,0,0,0.029,-0.016,-1.006,0.3,-0.3,0
60.8611776,35,0,19,0,0,0.029,-0.016,-1.006,0.3,-0.3,0
60.8711776,35,-0.01,19,0,0,0.029,-0.015,-1,0.3,-0.9,0
60.8811776,43,-0.01,19,0,0,0.029,-0.015,-1,0.3,-0.9,0
60.8911776,35,-0.01,19,0,0,0.029,-0.015,-1,0.3,-0.9,0
60.9011776,35,-0.01,19,0,0,0.029,-0.015,-1,0.3,-0.9,0
60.9111776,67,-0.01,19,0,0,0.029,-0.015,-1,0.3,-0.9,0
60.9211776,35,-0.01,19,0,0,0.03,-0.014,-0.995,0.1,-0.4,0
60.9311776,35,-0.01,19,0,0,0.03,-0.014,-0.995,0.1,-0.4,0
60.9411776,35,-0.01,19,0,0,0.03,-0.014,-0.995,0.1,-0.4,0
60.9511776,38,-0.01,19,0,0,0.03,-0.014,-0.995,0.1,-0.4,0
60.9611776,35,-0.01,19,0,0,0.03,-0.014,-0.995,0.1,-0.4,0
60.9711776,35,0,19,0,0,0.029,-0.015,-1.003,0.1,-0.6,0
60.9811776,46,0,19,0,0,0.029,-0.015,-1.003,0.1,-0.6,0
60.9911776,35,0,19,0,0,0.029,-0.015,-1.003,0.1,-0.6,0
61.0011776,35,0,19,0,0,0.029,-0.015,-1.003,0.1,-0.6,0
61.0111776,27,0,19,0,0,0.029,-0.015,-1.003,0.1,-0.6,0
61.0211776,0,0,19,0,0,0.031,-0.015,-0.996,0.3,-0.6,0
61.0311776,0,0,19,0,0,0.031,-0.015,-0.996,0.3,-0.6,0
61.0411776,22,0,19,0,0,0.031,-0.015,-0.996,0.3,-0.6,0
61.0511776,29,0,19,0,0,0.031,-0.015,-0.996,0.3,-0.6,0
61.0611776,29,0,19,0,0,0.031,-0.015,-0.996,0.3,-0.6,0
61.0711776,60,0,19,0,0,0.031,-0.012,-0.999,0.3,-0.6,0
61.0811776,35,0,19,0,0,0.031,-0.012,-0.999,0.3,-0.6,0
61.0911776,35,0,19,0,0,0.031,-0.012,-0.999,0.3,-0.6,0
61.1011776,35,0,19,0,0,0.031,-0.012,-0.999,0.3,-0.6,0
61.1111776,0,0,19,0,0,0.031,-0.012,-0.999,0.3,-0.6,0
61.1211776,34,-0.02,19,0,0,0.03,-0.015,-1,0.3,-0.7,0
61.1311776,35,-0.02,19,0,0,0.03,-0.015,-1,0.3,-0.7,0
61.1411776,67,-0.02,19,0,0,0.03,-0.015,-1,0.3,-0.7,0
61.1511776,35,-0.02,19,0,0,0.03,-0.015,-1,0.3,-0.7,0
61.1611776,35,-0.02,19,0,0,0.03,-0.015,-1,0.3,-0.7,0
61.1711776,35,0,19,0,0,0.03,-0.015,-1,0.2,-0.4,0
61.1811775999999,29,0,19,0,0,0.03,-0.015,-1,0.2,-0.4,0
61.1911776,0,0,19,0,0,0.03,-0.015,-1,0.2,-0.4,0
61.2011776,29,0,19,0,0,0.03,-0.015,-1,0.2,-0.4,0
61.2111775999999,90,0,19,0,0,0.03,-0.015,-1,0.2,-0.4,0
61.2211775999999,29,0,19,0,0,0.029,-0.017,-0.999,0.3,-0.8,0
61.2311775999999,29,0,19,0,0,0.029,-0.017,-0.999,0.3,-0.8,0
61.2411776,29,0,19,0,0,0.029,-0.017,-0.999,0.3,-0.8,0
61.2511775999999,41,0,19,0,0,0.029,-0.017,-0.999,0.3,-0.8,0
61.2611775999999,35,0,19,0,0,0.029,-0.017,-0.999,0.3,-0.8,0
61.2711775999999,35,0,19,0,0,0.03,-0.016,-1.003,0.3,-0.4,0
61.2811775999999,35,0,19,0,0,0.03,-0.016,-1.003,0.3,-0.4,0
61.2911775999999,7,0,19,0,0,0.03,-0.016,-1.003,0.3,-0.4,0
61.3011775999999,22,0,19,0,0,0.03,-0.016,-1.003,0.3,-0.4,0
61.3111775999999,35,0,19,0,0,0.03,-0.016,-1.003,0.3,-0.4,0
61.3211775999999,35,0,19,0,0,0.029,-0.014,-0.999,0.3,-0.9,0
61.3311775999999,35,0,19,0,0,0.029,-0.014,-0.999,0.3,-0.9,0
61.3411775999999,34,0,19,0,0,0.029,-0.014,-0.999,0.3,-0.9,0
61.3511775999999,35,0,19,0,0,0.029,-0.014,-0.999,0.3,-0.9,0
61.3611775999999,35,0,19,0,0,0.029,-0.014,-0.999,0.3,-0.9,0
61.3711775999999,62,-0.01,19,0,0,0.03,-0.017,-1,0.2,-0.3,0
61.3811775999999,35,-0.01,19,0,0,0.03,-0.017,-1,0.2,-0.3,0
61.3911775999999,35,-0.01,19,0,0,0.03,-0.017,-1,0.2,-0.3,0
61.4011775999999,46,-0.01,19,0,0,0.03,-0.017,-1,0.2,-0.3,0
61.4111775999999,35,-0.01,19,0,0,0.03,-0.017,-1,0.2,-0.3,0
61.4514658,10,0.01,19,0,0,0.03,-0.016,-0.995,0.2,-0.4,0
61.4614658,0,0.01,19,0,0,0.03,-0.016,-0.995,0.2,-0.4,0
61.4714658,0,0.01,19,0,0,0.03,-0.016,-0.995,0.2,-0.4,0
61.4814658,0,0.01,19,0,0,0.03,-0.016,-0.995,0.2,-0.4,0
61.4914658,17,0.01,19,0,0,0.03,-0.016,-0.995,0.2,-0.4,0
71.4648787,29,0,19,0,0,0.03,-0.015,-1.005,0.3,-0.7,0
71.4748787,29,0,19,0,0,0.03,-0.015,-1.005,0.3,-0.7,0
71.4848787,66,0,19,0,0,0.03,-0.015,-1.005,0.3,-0.7,0
71.4948787,29,0,19,0,0,0.03,-0.015,-1.005,0.3,-0.7,0
71.5048787,29,0,19,0,0,0.03,-0.015,-1.005,0.3,-0.7,0
71.5148787,29,0,19,0,0,0.031,-0.015,-0.994,0.3,-0.4,0
71.5248787,14,0,19,0,0,0.031,-0.015,-0.994,0.3,-0.4,0
71.5348787,29,0,19,0,0,0.031,-0.015,-0.994,0.3,-0.4,0
71.5448787,29,0,19,0,0,0.031,-0.015,-0.994,0.3,-0.4,0
71.5548787,29,0,19,0,0,0.031,-0.015,-0.994,0.3,-0.4,0
71.5648787,60,-0.01,19,0,0,0.029,-0.016,-1.007,0.2,-0.7,0
71.5748787,29,-0.01,19,0,0,0.029,-0.016,-1.007,0.2,-0.7,0
71.5848787,29,-0.01,19,0,0,0.029,-0.016,-1.007,0.2,-0.7,0
71.5948787,29,-0.01,19,0,0,0.029,-0.016,-1.007,0.2,-0.7,0
71.6048787,20,-0.01,19,0,0,0.029,-0.016,-1.007,0.2,-0.7,0
71.6148787,29,0.01,19,0,0,0.03,-0.016,-1,0.3,-0.7,0
71.6248787,89,0.01,19,0,0,0.03,-0.016,-1,0.3,-0.7,0
71.6348787,29,0.01,19,0,0,0.03,-0.016,-1,0.3,-0.7,0
71.6448787,29,0.01,19,0,0,0.03,-0.016,-1,0.3,-0.7,0
71.6548787,29,0.01,19,0,0,0.03,-0.016,-1,0.3,-0.7,0
71.6648787,34,0,19,0,0,0.029,-0.013,-1,0.3,-0.5,0
71.6748787000001,35,0,19,0,0,0.029,-0.013,-1,0.3,-0.5,0
71.6848787,35,0,19,0,0,0.029,-0.013,-1,0.3,-0.5,0
71.6948787,35,0,19,0,0,0.029,-0.013,-1,0.3,-0.5,0
71.7048787000001,18,0,19,0,0,0.029,-0.013,-1,0.3,-0.5,0
71.7148787000001,12,0,19,0,0,0.028,-0.016,-1.002,0.2,-0.7,0
71.7248787000001,35,0,19,0,0,0.028,-0.016,-1.002,0.2,-0.7,0
71.7348787000001,35,0,19,0,0,0.028,-0.016,-1.002,0.2,-0.7,0
71.7448787000001,35,0,19,0,0,0.028,-0.016,-1.002,0.2,-0.7,0
71.7548787000001,39,0,19,0,0,0.028,-0.016,-1.002,0.2,-0.7,0
71.7648787000001,35,-0.01,19,0,0,0.03,-0.015,-1.002,0.3,-0.7,0
71.7748787000001,35,-0.01,19,0,0,0.03,-0.015,-1.002,0.3,-0.7,0
71.7848787000001,59,-0.01,19,0,0,0.03,-0.015,-1.002,0.3,-0.7,0
71.7948787000001,35,-0.01,19,0,0,0.03,-0.015,-1.002,0.3,-0.7,0
71.8048787000001,35,-0.01,19,0,0,0.03,-0.015,-1.002,0.3,-0.7,0
71.8148787000001,46,0,19,0,0,0.031,-0.015,-0.995,0.3,-0.4,0
71.8248787000001,35,0,19,0,0,0.031,-0.015,-0.995,0.3,-0.4,0
71.8348787000001,35,0,19,0,0,0.031,-0.015,-0.995,0.3,-0.4,0
71.8448787000001,48,0,19,0,0,0.031,-0.015,-0.995,0.3,-0.4,0
71.8548787000001,35,0,19,0,0,0.031,-0.015,-0.995,0.3,-0.4,0
71.8648787000001,35,0,19,0,0,0.029,-0.014,-1.005,0.2,-0.8,0
71.8748787000001,35,0,19,0,0,0.029,-0.014,-1.005,0.2,-0.8,0
71.8848787000001,24,0,19,0,0,0.029,-0.014,-1.005,0.2,-0.8,0
71.8948787000001,0,0,19,0,0,0.029,-0.014,-1.005,0.2,-0.8,0
71.9048787000001,0,0,19,0,0,0.029,-0.014,-1.005,0.2,-0.8,0
71.9148787000001,8,0,19,0,0,0.028,-0.015,-1.118,0.3,-0.4,0
71.9248787000001,29,0,19,0,0,0.028,-0.015,-1.118,0.3,-0.4,0
71.9348787000001,29,0,19,0,0,0.028,-0.015,-1.118,0.3,-0.4,0
71.9448787000001,60,0,19,0,0,0.028,-0.015,-1.118,0.3,-0.4,0
71.9548787000001,35,0,19,0,0,0.028,-0.015,-1.118,0.3,-0.4,0
71.9648787000001,35,0,19,0,0,0.031,-0.014,-0.991,0.3,-0.9,0
71.9748787000001,35,0,19,0,0,0.031,-0.014,-0.991,0.3,-0.9,0
71.9848787000001,25,0,19,0,0,0.031,-0.014,-0.991,0.3,-0.9,0
71.9948787000001,15,0,19,0,0,0.031,-0.014,-0.991,0.3,-0.9,0
72.0048787000001,29,0,19,0,0,0.031,-0.014,-0.991,0.3,-0.9,0
72.0148787000001,29,-0.01,19,0,0,0.03,-0.014,-1.003,0.3,-0.3,0
72.0248787000001,54,-0.01,19,0,0,0.03,-0.014,-1.003,0.3,-0.3,0
72.0348787000001,29,-0.01,19,0,0,0.03,-0.014,-1.003,0.3,-0.3,0
72.0448787000001,29,-0.01,19,0,0,0.03,-0.014,-1.003,0.3,-0.3,0
72.0548787000001,29,-0.01,19,0,0,0.03,-0.014,-1.003,0.3,-0.3,0
72.0648787000001,22,0.01,19,0,0,0.031,-0.016,-0.996,0.3,-0.7,0
72.0748787000001,26,0.01,19,0,0,0.031,-0.016,-0.996,0.3,-0.7,0
72.0848787000001,29,0.01,19,0,0,0.031,-0.016,-0.996,0.3,-0.7,0
72.0948787000001,87,0.01,19,0,0,0.031,-0.016,-0.996,0.3,-0.7,0
72.1048787000001,29,0.01,19,0,0,0.031,-0.016,-0.996,0.3,-0.7,0
72.1148787000001,29,0,19,0,0,0.03,-0.012,-1.003,0.3,-0.5,0
72.1248787000002,29,0,19,0,0,0.03,-0.012,-1.003,0.3,-0.5,0
72.1348787000001,38,0,19,0,0,0.03,-0.012,-1.003,0.3,-0.5,0
72.1448787000001,35,0,19,0,0,0.03,-0.012,-1.003,0.3,-0.5,0
72.1548787000002,35,0,19,0,0,0.03,-0.012,-1.003,0.3,-0.5,0
72.1648787000002,31,0,19,0,0,0.031,-0.016,-0.997,0.2,-0.6,0
72.1748787000002,0,0,19,0,0,0.031,-0.016,-0.997,0.2,-0.6,0
72.1848787000002,21,0,19,0,0,0.031,-0.016,-0.997,0.2,-0.6,0
72.1948787000002,29,0,19,0,0,0.031,-0.016,-0.997,0.2,-0.6,0
72.2048787000002,29,0,19,0,0,0.031,-0.016,-0.997,0.2,-0.6,0
72.2148787000002,51,0,19,0,0,0.029,-0.013,-1.003,0.2,-0.4,0
72.2248787000002,35,0,19,0,0,0.029,-0.013,-1.003,0.2,-0.4,0
72.2348787000002,35,0,19,0,0,0.029,-0.013,-1.003,0.2,-0.4,0
72.2448787000002,62,0,19,0,0,0.029,-0.013,-1.003,0.2,-0.4,0
72.2548787000002,35,0,19,0,0,0.029,-0.013,-1.003,0.2,-0.4,0
72.2648787000002,35,-0.01,19,0,0,0.031,-0.016,-1,0.3,-0.8,0
72.2748787000002,39,-0.01,19,0,0,0.031,-0.016,-1,0.3,-0.8,0
72.2848787000002,35,-0.01,19,0,0,0.031,-0.016,-1,0.3,-0.8,0
72.2948787000002,35,-0.01,19,0,0,0.031,-0.016,-1,0.3,-0.8,0
72.3048787000002,35,-0.01,19,0,0,0.031,-0.016,-1,0.3,-0.8,0
72.3148787000002,48,0,19,0,0,0.03,-0.015,-1.002,0.2,-0.3,0
72.3248787000002,35,0,19,0,0,0.03,-0.015,-1.002,0.2,-0.3,0
72.3348787000002,35,0,19,0,0,0.03,-0.015,-1.002,0.2,-0.3,0
72.3448787000002,26,0,19,0,0,0.03,-0.015,-1.002,0.2,-0.3,0
72.3548787000002,0,0,19,0,0,0.03,-0.015,-1.002,0.2,-0.3,0
72.3648787000002,0,0,19,0,0,0.03,-0.014,-1.003,0.3,-0.9,0
72.3748787000002,23,0,19,0,0,0.03,-0.014,-1.003,0.3,-0.9,0
72.3848787000002,29,0,19,0,0,0.03,-0.014,-1.003,0.3,-0.9,0
72.3948787000002,29,0,19,0,0,0.03,-0.014,-1.003,0.3,-0.9,0
72.4048787000002,55,0,19,0,0,0.03,-0.014,-1.003,0.3,-0.9,0
72.4148787000002,35,0,19,0,0,0.031,-0.017,-0.998,0.3,-0.3,0
72.4248787000002,35,0,19,0,0,0.031,-0.017,-0.998,0.3,-0.3,0
72.4348787000002,35,0,19,0,0,0.031,-0.017,-0.998,0.3,-0.3,0
72.4448787000002,11,0,19,0,0,0.031,-0.017,-0.998,0.3,-0.3,0
72.4548787000002,35,0,19,0,0,0.031,-0.017,-0.998,0.3,-0.3,0
72.4648787000002,35,-0.02,19,0,0,0.028,-0.014,-1.003,0.3,-0.7,0
72.4748787000002,35,-0.02,19,0,0,0.028,-0.014,-1.003,0.3,-0.7,0
72.4848787000002,53,-0.02,19,0,0,0.028,-0.014,-1.003,0.3,-0.7,0
72.4948787000002,29,-0.02,19,0,0,0.028,-0.014,-1.003,0.3,-0.7,0
72.5048787000002,29,-0.02,19,0,0,0.028,-0.014,-1.003,0.3,-0.7,0
72.5148787000002,28,-0.01,19,0,0,0.032,-0.015,-0.994,0.2,-0.4,0
72.5248787000002,8,-0.01,19,0,0,0.032,-0.015,-0.994,0.2,-0.4,0
72.5348787000002,29,-0.01,19,0,0,0.032,-0.015,-0.994,0.2,-0.4,0
72.5448787000002,88,-0.01,19,0,0,0.032,-0.015,-0.994,0.2,-0.4,0
72.5548787000002,29,-0.01,19,0,0,0.032,-0.015,-0.994,0.2,-0.4,0
72.5648787000002,29,0,19,0,0,0.029,-0.014,-1.003,0.3,-1,0
72.5748787000003,29,0,19,0,0,0.029,-0.014,-1.003,0.3,-1,0
72.5848787000002,47,0,19,0,0,0.029,-0.014,-1.003,0.3,-1,0
72.5948787000003,35,0,19,0,0,0.029,-0.014,-1.003,0.3,-1,0
72.6048787000003,35,0,19,0,0,0.029,-0.014,-1.003,0.3,-1,0
72.6148787000003,33,0,19,0,0,0.03,-0.015,-0.993,0.3,-0.2,0
72.6248787000003,0,0,19,0,0,0.03,-0.015,-0.993,0.3,-0.2,0
72.6348787000003,18,0,19,0,0,0.03,-0.015,-0.993,0.3,-0.2,0
72.6448787000003,35,0,19,0,0,0.03,-0.015,-0.993,0.3,-0.2,0
72.6548787000003,35,0,19,0,0,0.03,-0.015,-0.993,0.3,-0.2,0
72.6648787000003,35,-0.01,19,0,0,0.03,-0.015,-1.005,0.2,-0.7,0
72.6748787000003,42,-0.01,19,0,0,0.03,-0.015,-1.005,0.2,-0.7,0
72.6848787000003,35,-0.01,19,0,0,0.03,-0.015,-1.005,0.2,-0.7,0
72.6948787000003,67,-0.01,19,0,0,0.03,-0.015,-1.005,0.2,-0.7,0
72.7048787000003,35,-0.01,19,0,0,0.03,-0.015,-1.005,0.2,-0.7,0
72.7148787000003,35,0,19,0,0,0.032,-0.015,-0.992,0.3,-0.6,0
72.7248787000003,35,0,19,0,0,0.032,-0.015,-0.992,0.3,-0.6,0
72.7348787000003,38,0,19,0,0,0.032,-0.015,-0.992,0.3,-0.6,0
72.7448787000003,35,0,19,0,0,0.032,-0.015,-0.992,0.3,-0.6,0
72.7548787000003,35,0,19,0,0,0.032,-0.015,-0.992,0.3,-0.6,0
72.7648787000003,46,0.01,19,0,0,0.029,-0.014,-1.004,0.2,-0.4,0
72.7748787000003,35,0.01,19,0,0,0.029,-0.014,-1.004,0.2,-0.4,0
72.7848787000003,35,0.01,19,0,0,0.029,-0.014,-1.004,0.2,-0.4,0
72.7948787000003,35,0.01,19,0,0,0.029,-0.014,-1.004,0.2,-0.4,0
72.8048787000003,5,0.01,19,0,0,0.029,-0.014,-1.004,0.2,-0.4,0
72.8148787000003,0,0,19,0,0,0.031,-0.015,-0.995,0.3,-0.9,0
72.8248787000003,6,0,19,0,0,0.031,-0.015,-0.995,0.3,-0.9,0
72.8348787000003,29,0,19,0,0,0.031,-0.015,-0.995,0.3,-0.9,0
72.8448787000003,29,0,19,0,0,0.031,-0.015,-0.995,0.3,-0.9,0
72.8548787000003,58,0,19,0,0,0.031,-0.015,-0.995,0.3,-0.9,0
72.8648787000003,35,0,19,0,0,0.031,-0.012,-1,0.3,-0.3,0
72.8748787000003,35,0,19,0,0,0.031,-0.012,-1,0.3,-0.3,0
72.8848787000003,35,0,19,0,0,0.031,-0.012,-1,0.3,-0.3,0
72.8948787000003,23,0,19,0,0,0.031,-0.012,-1,0.3,-0.3,0
72.9048787000003,10,0,19,0,0,0.031,-0.012,-1,0.3,-0.3,0
72.9148787000003,29,-0.02,19,0,0,0.03,-0.016,-0.999,0.2,-0.9,0
72.9248787000003,29,-0.02,19,0,0,0.03,-0.016,-0.999,0.2,-0.9,0
72.9348787000003,65,-0.02,19,0,0,0.03,-0.016,-0.999,0.2,-0.9,0
72.9448787000003,29,-0.02,19,0,0,0.03,-0.016,-0.999,0.2,-0.9,0
72.9548787000003,29,-0.02,19,0,0,0.03,-0.016,-0.999,0.2,-0.9,0
72.9648787000003,29,0,19,0,0,0.029,-0.016,-1.001,0.3,-0.3,0
72.9748787000003,13,0,19,0,0,0.029,-0.016,-1.001,0.3,-0.3,0
72.9848787000003,29,0,19,0,0,0.029,-0.016,-1.001,0.3,-0.3,0
72.9948787000003,29,0,19,0,0,0.029,-0.016,-1.001,0.3,-0.3,0
73.0048787000003,85,0,19,0,0,0.029,-0.016,-1.001,0.3,-0.3,0
73.0148787000004,29,0,19,0,0,0.031,-0.011,-0.993,0.3,-0.9,0
73.0248787000004,29,0,19,0,0,0.031,-0.011,-0.993,0.3,-0.9,0
73.0348787000003,38,0,19,0,0,0.031,-0.011,-0.993,0.3,-0.9,0
73.0448787000004,35,0,19,0,0,0.031,-0.011,-0.993,0.3,-0.9,0
73.0548787000004,35,0,19,0,0,0.031,-0.011,-0.993,0.3,-0.9,0
73.0648787000004,35,0,19,0,0,0.029,-0.016,-1.004,0.3,-0.3,0
73.0748787000004,15,0,19,0,0,0.029,-0.016,-1.004,0.3,-0.3,0
73.0848787000004,13,0,19,0,0,0.029,-0.016,-1.004,0.3,-0.3,0
73.0948787000004,35,0,19,0,0,0.029,-0.016,-1.004,0.3,-0.3,0
73.1048787000004,35,0,19,0,0,0.029,-0.016,-1.004,0.3,-0.3,0
73.1148787000004,35,0,19,0,0,0.03,-0.014,-1.002,0.2,-0.9,0
73.1248787000004,32,0,19,0,0,0.03,-0.014,-1.002,0.2,-0.9,0
73.1348787000004,35,0,19,0,0,0.03,-0.014,-1.002,0.2,-0.9,0
73.1448787000004,35,0,19,0,0,0.03,-0.014,-1.002,0.2,-0.9,0
73.1548787000004,59,0,19,0,0,0.03,-0.014,-1.002,0.2,-0.9,0
73.1648787000004,35,-0.01,19,0,0,0.031,-0.015,-0.994,0.2,-0.3,0
73.1748787000004,35,-0.01,19,0,0,0.031,-0.015,-0.994,0.2,-0.3,0
73.1848787000004,45,-0.01,19,0,0,0.031,-0.015,-0.994,0.2,-0.3,0
73.1948787000004,35,-0.01,19,0,0,0.031,-0.015,-0.994,0.2,-0.3,0
73.2048787000004,35,-0.01,19,0,0,0.031,-0.015,-0.994,0.2,-0.3,0
73.2148787000004,47,0.01,19,0,0,0.029,-0.014,-1.004,0.3,-0.7,0
73.2248787000004,35,0.01,19,0,0,0.029,-0.014,-1.004,0.3,-0.7,0
73.2348787000004,35,0.01,19,0,0,0.029,-0.014,-1.004,0.3,-0.7,0
73.2448787000004,35,0.01,19,0,0,0.029,-0.014,-1.004,0.3,-0.7,0
73.2548787000004,19,0.01,19,0,0,0.029,-0.014,-1.004,0.3,-0.7,0
73.2648787000004,0,0.01,19,0,0,0.031,-0.014,-0.994,0.3,-0.6,0
73.2748787000004,0,0.01,19,0,0,0.031,-0.014,-0.994,0.3,-0.6,0
73.2848787000004,0,0.01,19,0,0,0.031,-0.014,-0.994,0.3,-0.6,0
73.2948787000004,0,0.01,19,0,0,0.031,-0.014,-0.994,0.3,-0.6,0
73.3048787000004,0,0.01,19,0,0,0.031,-0.014,-0.994,0.3,-0.6,0
73.3148787000004,29,0,19,0,0,0.029,-0.015,-1.002,0.2,-0.5,0
73.3248787000004,29,0,19,0,0,0.029,-0.015,-1.002,0.2,-0.5,0
73.3348787000004,68,0,19,0,0,0.029,-0.015,-1.002,0.2,-0.5,0
73.3448787000004,29,0,19,0,0,0.029,-0.015,-1.002,0.2,-0.5,0
73.3548787000004,29,0,19,0,0,0.029,-0.015,-1.002,0.2,-0.5,0
73.3648787000004,29,0,19,0,0,0.03,-0.015,-0.999,0.2,-0.6,0
73.3748787000004,29,0,19,0,0,0.03,-0.015,-0.999,0.2,-0.6,0
73.3848787000004,15,0,19,0,0,0.03,-0.015,-0.999,0.2,-0.6,0
73.3948787000004,29,0,19,0,0,0.03,-0.015,-0.999,0.2,-0.6,0
73.4048787000004,29,0,19,0,0,0.03,-0.015,-0.999,0.2,-0.6,0
73.4148787000004,63,-0.01,19,0,0,0.03,-0.014,-1,0.2,-0.4,0
73.4248787000004,29,-0.01,19,0,0,0.03,-0.014,-1,0.2,-0.4,0
73.4348787000004,29,-0.01,19,0,0,0.03,-0.014,-1,0.2,-0.4,0
73.4448787000004,29,-0.01,19,0,0,0.03,-0.014,-1,0.2,-0.4,0
73.4548787000004,29,-0.01,19,0,0,0.03,-0.014,-1,0.2,-0.4,0
73.4648787000005,21,0,19,0,0,0.03,-0.015,-0.998,0.3,-0.6,0
73.4748787000005,29,0,19,0,0,0.03,-0.015,-0.998,0.3,-0.6,0
73.4848787000005,91,0,19,0,0,0.03,-0.015,-0.998,0.3,-0.6,0
73.4948787000005,29,0,19,0,0,0.03,-0.015,-0.998,0.3,-0.6,0
73.5048787000005,29,0,19,0,0,0.03,-0.015,-0.998,0.3,-0.6,0
73.5148787000005,29,0,19,0,0,0.029,-0.014,-1.004,0.2,-0.5,0
73.5248787000005,29,0,19,0,0,0.029,-0.014,-1.004,0.2,-0.5,0
73.5348787000005,44,0,19,0,0,0.029,-0.014,-1.004,0.2,-0.5,0
73.5448787000005,35,0,19,0,0,0.029,-0.014,-1.004,0.2,-0.5,0
73.5548787000005,35,0,19,0,0,0.029,-0.014,-1.004,0.2,-0.5,0
73.5648787000005,24,0,19,0,0,0.031,-0.017,-0.996,0.2,-0.7,0
73.5748787000005,0,0,19,0,0,0.031,-0.017,-0.996,0.2,-0.7,0
73.5848787000005,29,0,19,0,0,0.031,-0.017,-0.996,0.2,-0.7,0
73.5948787000005,29,0,19,0,0,0.031,-0.017,-0.996,0.2,-0.7,0
73.6048787000005,29,0,19,0,0,0.031,-0.017,-0.996,0.2,-0.7,0
73.6148787000005,49,-0.01,19,0,0,0.029,-0.015,-1.004,0.3,-0.4,0
73.6248787000005,35,-0.01,19,0,0,0.029,-0.015,-1.004,0.3,-0.4,0
73.6348787000005,35,-0.01,19,0,0,0.029,-0.015,-1.004,0.3,-0.4,0
73.6448787000005,62,-0.01,19,0,0,0.029,-0.015,-1.004,0.3,-0.4,0
73.6548787000005,35,-0.01,19,0,0,0.029,-0.015,-1.004,0.3,-0.4,0
73.6648787000005,35,0,19,0,0,0.029,-0.016,-1.001,0.2,-0.9,0
73.6748787000005,45,0,19,0,0,0.029,-0.016,-1.001,0.2,-0.9,0
73.6848787000005,35,0,19,0,0,0.029,-0.016,-1.001,0.2,-0.9,0
73.6948787000005,35,0,19,0,0,0.029,-0.016,-1.001,0.2,-0.9,0
73.7048787000005,35,0,19,0,0,0.029,-0.016,-1.001,0.2,-0.9,0
73.7148787000005,48,0,19,0,0,0.031,-0.016,-1,0.2,-0.4,0
73.7248787000005,35,0,19,0,0,0.031,-0.016,-1,0.2,-0.4,0
73.7348787000005,35,0,19,0,0,0.031,-0.016,-1,0.2,-0.4,0
73.7448787000005,25,0,19,0,0,0.031,-0.016,-1,0.2,-0.4,0
73.7548787000005,0,0,19,0,0,0.031,-0.016,-1,0.2,-0.4,0
73.7648787000005,0,0,19,0,0,0.029,-0.014,-1.005,0.2,-0.8,0
73.7748787000005,0,0,19,0,0,0.029,-0.014,-1.005,0.2,-0.8,0
73.7848787000005,29,0,19,0,0,0.029,-0.014,-1.005,0.2,-0.8,0
73.7948787000005,29,0,19,0,0,0.029,-0.014,-1.005,0.2,-0.8,0
73.8048787000005,29,0,19,0,0,0.029,-0.014,-1.005,0.2,-0.8,0
73.8148787000005,65,0,19,0,0,0.032,-0.015,-0.992,0.3,-0.4,0
73.8248787000005,35,0,19,0,0,0.032,-0.015,-0.992,0.3,-0.4,0
73.8348787000005,35,0,19,0,0,0.032,-0.015,-0.992,0.3,-0.4,0
73.8448787000005,34,0,19,0,0,0.032,-0.015,-0.992,0.3,-0.4,0
73.8548787000005,5,0,19,0,0,0.032,-0.015,-0.992,0.3,-0.4,0
73.8648787000005,29,-0.01,19,0,0,0.029,-0.014,-1.005,0.3,-0.7,0
73.8748787000006,29,-0.01,19,0,0,0.029,-0.014,-1.005,0.3,-0.7,0
73.8848787000005,56,-0.01,19,0,0,0.029,-0.014,-1.005,0.3,-0.7,0
73.8948787000005,29,-0.01,19,0,0,0.029,-0.014,-1.005,0.3,-0.7,0
73.9048787000006,29,-0.01,19,0,0,0.029,-0.014,-1.005,0.3,-0.7,0
73.9148787000006,29,0,19,0,0,0.031,-0.014,-0.994,0.3,-0.6,0
73.9248787000006,29,0,19,0,0,0.031,-0.014,-0.994,0.3,-0.6,0
73.9348787000006,19,0,19,0,0,0.031,-0.014,-0.994,0.3,-0.6,0
73.9448787000006,29,0,19,0,0,0.031,-0.014,-0.994,0.3,-0.6,0
73.9548787000006,87,0,19,0,0,0.031,-0.014,-0.994,0.3,-0.6,0
73.9648787000006,29,0,19,0,0,0.03,-0.015,-1.002,0.2,-0.7,0
73.9748787000006,29,0,19,0,0,0.03,-0.015,-1.002,0.2,-0.7,0
73.9848787000006,29,0,19,0,0,0.03,-0.015,-1.002,0.2,-0.7,0
73.9948787000006,36,0,19,0,0,0.03,-0.015,-1.002,0.2,-0.7,0
74.0048787000006,35,0,19,0,0,0.03,-0.015,-1.002,0.2,-0.7,0
74.0148787000006,35,0,19,0,0,0.03,-0.014,-1.001,0.3,-0.5,0
74.0248787000006,35,0,19,0,0,0.03,-0.014,-1.001,0.3,-0.5,0
74.0348787000006,11,0,19,0,0,0.03,-0.014,-1.001,0.3,-0.5,0
74.0448787000006,8,0,19,0,0,0.03,-0.014,-1.001,0.3,-0.5,0
74.0548787000006,29,0,19,0,0,0.03,-0.014,-1.001,0.3,-0.5,0
74.0648787000006,29,0,19,0,0,0.029,-0.016,-1.001,0.3,-0.8,0
74.0748787000006,29,0,19,0,0,0.029,-0.016,-1.001,0.3,-0.8,0
74.0848787000006,54,0,19,0,0,0.029,-0.016,-1.001,0.3,-0.8,0
74.0948787000006,35,0,19,0,0,0.029,-0.016,-1.001,0.3,-0.8,0
74.1048787000006,62,0,19,0,0,0.029,-0.016,-1.001,0.3,-0.8,0
74.1148787000006,35,-0.01,19,0,0,0.03,-0.015,-0.997,0.3,-0.5,0
74.1248787000006,35,-0.01,19,0,0,0.03,-0.015,-0.997,0.3,-0.5,0
74.1348787000006,35,-0.01,19,0,0,0.03,-0.015,-0.997,0.3,-0.5,0
74.1448787000006,39,-0.01,19,0,0,0.03,-0.015,-0.997,0.3,-0.5,0
74.1548787000006,35,-0.01,19,0,0,0.03,-0.015,-0.997,0.3,-0.5,0
74.1648787000006,35,0,19,0,0,0.028,-0.016,-1.006,0.3,-0.7,0
74.1748787000006,48,0,19,0,0,0.028,-0.016,-1.006,0.3,-0.7,0
74.1848787000006,35,0,19,0,0,0.028,-0.016,-1.006,0.3,-0.7,0
74.1948787000006,35,0,19,0,0,0.028,-0.016,-1.006,0.3,-0.7,0
74.2048787000006,35,0,19,0,0,0.028,-0.016,-1.006,0.3,-0.7,0
74.2148787000006,11,0,19,0,0,0.032,-0.015,-0.992,0.2,-0.7,0.1
74.2248787000006,0,0,19,0,0,0.032,-0.015,-0.992,0.2,-0.7,0.1
74.2348787000006,0,0,19,0,0,0.032,-0.015,-0.992,0.2,-0.7,0.1
74.2448787000006,28,0,19,0,0,0.032,-0.015,-0.992,0.2,-0.7,0.1
74.2548787000006,29,0,19,0,0,0.032,-0.015,-0.992,0.2,-0.7,0.1
74.2648787000006,29,0,19,0,0,0.028,-0.013,-1.007,0.2,-0.4,0
74.2748787000006,57,0,19,0,0,0.028,-0.013,-1.007,0.2,-0.4,0
74.2848787000006,35,0,19,0,0,0.028,-0.013,-1.007,0.2,-0.4,0
74.2948787000006,35,0,19,0,0,0.028,-0.013,-1.007,0.2,-0.4,0
74.3048787000006,35,0,19,0,0,0.028,-0.013,-1.007,0.2,-0.4,0
74.3148787000006,9,-0.01,19,0,0,0.032,-0.016,-0.993,0.2,-0.9,0
74.3248787000007,29,-0.01,19,0,0,0.032,-0.016,-0.993,0.2,-0.9,0
74.3348787000006,29,-0.01,19,0,0,0.032,-0.016,-0.993,0.2,-0.9,0
74.3448787000006,58,-0.01,19,0,0,0.032,-0.016,-0.993,0.2,-0.9,0
74.3548787000007,29,-0.01,19,0,0,0.032,-0.016,-0.993,0.2,-0.9,0
74.3648787000007,29,-0.01,19,0,0,0.03,-0.015,-1.005,0.2,-0.4,0
74.3748787000007,29,-0.01,19,0,0,0.03,-0.015,-1.005,0.2,-0.4,0
74.3848787000007,25,-0.01,19,0,0,0.03,-0.015,-1.005,0.2,-0.4,0
74.3948787000007,15,-0.01,19,0,0,0.03,-0.015,-1.005,0.2,-0.4,0
74.4048787000007,29,-0.01,19,0,0,0.03,-0.015,-1.005,0.2,-0.4,0
74.4148787000007,87,0.01,19,0,0,0.03,-0.016,-0.996,0.2,-0.6,0
74.4248787000007,29,0.01,19,0,0,0.03,-0.016,-0.996,0.2,-0.6,0
74.4348787000007,29,0.01,19,0,0,0.03,-0.016,-0.996,0.2,-0.6,0
74.4448787000007,29,0.01,19,0,0,0.03,-0.016,-0.996,0.2,-0.6,0
74.4548787000007,48,0.01,19,0,0,0.03,-0.016,-0.996,0.2,-0.6,0
74.4648787000007,35,0,19,0,0,0.029,-0.015,-1.006,0.3,-0.6,0
74.4748787000007,35,0,19,0,0,0.029,-0.015,-1.006,0.3,-0.6,0
74.4848787000007,28,0,19,0,0,0.029,-0.015,-1.006,0.3,-0.6,0
74.4948787000007,0,0,19,0,0,0.029,-0.015,-1.006,0.3,-0.6,0
74.5048787000007,21,0,19,0,0,0.029,-0.015,-1.006,0.3,-0.6,0
74.5148787000007,35,0,19,0,0,0.031,-0.015,-0.99,0.3,-0.7,0
74.5248787000007,35,0,19,0,0,0.031,-0.015,-0.99,0.3,-0.7,0
74.5348787000007,35,0,19,0,0,0.031,-0.015,-0.99,0.3,-0.7,0
74.5448787000007,42,0,19,0,0,0.031,-0.015,-0.99,0.3,-0.7,0
74.5548787000007,35,0,19,0,0,0.031,-0.015,-0.99,0.3,-0.7,0
74.5648787000007,66,-0.01,19,0,0,0.03,-0.015,-1.006,0.3,-0.3,0
74.5748787000007,35,-0.01,19,0,0,0.03,-0.015,-1.006,0.3,-0.3,0
74.5848787000007,35,-0.01,19,0,0,0.03,-0.015,-1.006,0.3,-0.3,0
74.5948787000007,35,-0.01,19,0,0,0.03,-0.015,-1.006,0.3,-0.3,0
74.6048787000007,38,-0.01,19,0,0,0.03,-0.015,-1.006,0.3,-0.3,0
74.6148787000007,35,0,19,0,0,0.03,-0.015,-0.997,0.3,-1,0
74.6248787000007,35,0,19,0,0,0.03,-0.015,-0.997,0.3,-1,0
74.6348787000007,46,0,19,0,0,0.03,-0.015,-0.997,0.3,-1,0
74.6448787000007,35,0,19,0,0,0.03,-0.015,-0.997,0.3,-1,0
74.6548787000007,35,0,19,0,0,0.03,-0.015,-0.997,0.3,-1,0
74.6648787000007,35,0,19,0,0,0.03,-0.015,-1,0.3,-0.2,0
74.6748787000007,5,0,19,0,0,0.03,-0.015,-1,0.3,-0.2,0
74.6848787000007,0,0,19,0,0,0.03,-0.015,-1,0.3,-0.2,0
74.6948787000007,0,0,19,0,0,0.03,-0.015,-1,0.3,-0.2,0
74.7048787000007,29,0,19,0,0,0.03,-0.015,-1,0.3,-0.2,0
74.7148787000007,29,0,19,0,0,0.03,-0.014,-1.003,0.2,-1,0
74.7248787000007,29,0,19,0,0,0.03,-0.014,-1.003,0.2,-1,0
74.7348787000007,63,0,19,0,0,0.03,-0.014,-1.003,0.2,-1,0
74.7448787000007,35,0,19,0,0,0.03,-0.014,-1.003,0.2,-1,0
74.7548787000007,35,0,19,0,0,0.03,-0.014,-1.003,0.2,-1,0
74.7648787000008,34,-0.01,19,0,0,0.03,-0.015,-0.997,0.3,-0.3,0.1
74.7748787000008,0,-0.01,19,0,0,0.03,-0.015,-0.997,0.3,-0.3,0.1
74.7848787000007,28,-0.01,19,0,0,0.03,-0.015,-0.997,0.3,-0.3,0.1
74.7948787000008,29,-0.01,19,0,0,0.03,-0.015,-0.997,0.3,-0.3,0.1
74.8048787000008,66,-0.01,19,0,0,0.03,-0.015,-0.997,0.3,-0.3,0.1
74.8148787000008,29,-0.01,19,0,0,0.03,-0.014,-1.001,0.3,-0.9,0
74.8248787000008,29,-0.01,19,0,0,0.03,-0.014,-1.001,0.3,-0.9,0
74.8348787000008,29,-0.01,19,0,0,0.03,-0.014,-1.001,0.3,-0.9,0
74.8448787000008,25,-0.01,19,0,0,0.03,-0.014,-1.001,0.3,-0.9,0
74.8548787000008,17,-0.01,19,0,0,0.03,-0.014,-1.001,0.3,-0.9,0
74.8648787000008,29,0.01,19,0,0,0.03,-0.017,-1.002,0.3,-0.2,0
74.8748787000008,86,0.01,19,0,0,0.03,-0.017,-1.002,0.3,-0.2,0
74.8848787000008,29,0.01,19,0,0,0.03,-0.017,-1.002,0.3,-0.2,0
74.8948787000008,29,0.01,19,0,0,0.03,-0.017,-1.002,0.3,-0.2,0
74.9048787000008,29,0.01,19,0,0,0.03,-0.017,-1.002,0.3,-0.2,0
74.9148787000008,42,0,19,0,0,0.029,-0.015,-0.999,0.3,-0.9,0
74.9248787000008,35,0,19,0,0,0.029,-0.015,-0.999,0.3,-0.9,0
74.9348787000008,35,0,19,0,0,0.029,-0.015,-0.999,0.3,-0.9,0
74.9448787000008,34,0,19,0,0,0.029,-0.015,-0.999,0.3,-0.9,0
74.9548787000008,0,0,19,0,0,0.029,-0.015,-0.999,0.3,-0.9,0
74.9648787000008,29,0,19,0,0,0.03,-0.015,-1,0.2,-0.1,0
74.9748787000008,35,0,19,0,0,0.03,-0.015,-1,0.2,-0.1,0
74.9848787000008,35,0,19,0,0,0.03,-0.015,-1,0.2,-0.1,0
74.9948787000008,35,0,19,0,0,0.03,-0.015,-1,0.2,-0.1,0
75.0048787000008,32,0,19,0,0,0.03,-0.015,-1,0.2,-0.1,0
75.0148787000008,35,-0.01,19,0,0,0.029,-0.014,-1.004,0.3,-1,0
75.0248787000008,35,-0.01,19,0,0,0.029,-0.014,-1.004,0.3,-1,0
75.0348787000008,60,-0.01,19,0,0,0.029,-0.014,-1.004,0.3,-1,0
75.0448787000008,35,-0.01,19,0,0,0.029,-0.014,-1.004,0.3,-1,0
75.0548787000008,35,-0.01,19,0,0,0.029,-0.014,-1.004,0.3,-1,0
75.0648787000008,45,0.01,19,0,0,0.028,-0.015,-1.007,0.2,-0.3,0
75.0748787000008,35,0.01,19,0,0,0.028,-0.015,-1.007,0.2,-0.3,0
75.0848787000008,35,0.01,19,0,0,0.028,-0.015,-1.007,0.2,-0.3,0
75.0948787000008,47,0.01,19,0,0,0.028,-0.015,-1.007,0.2,-0.3,0
75.1048787000008,35,0.01,19,0,0,0.028,-0.015,-1.007,0.2,-0.3,0
75.1148787000008,35,0.01,19,0,0,0.031,-0.015,-0.991,0.2,-0.9,0
75.1248787000008,35,0.01,19,0,0,0.031,-0.015,-0.991,0.2,-0.9,0
75.1348787000008,9,0.01,19,0,0,0.031,-0.015,-0.991,0.2,-0.9,0
75.1448787000008,0,0.01,19,0,0,0.031,-0.015,-0.991,0.2,-0.9,0
75.1548787000008,0,0.01,19,0,0,0.031,-0.015,-0.991,0.2,-0.9,0
75.1648787000008,0,0.01,19,0,0,0.029,-0.015,-1.005,0.3,-0.3,0
75.1748787000008,0,0.01,19,0,0,0.029,-0.015,-1.005,0.3,-0.3,0
75.1848787000008,0,0.01,19,0,0,0.029,-0.015,-1.005,0.3,-0.3,0
75.1948787000008,0,0.01,19,0,0,0.029,-0.015,-1.005,0.3,-0.3,0
75.2048787000008,19,0.01,19,0,0,0.029,-0.015,-1.005,0.3,-0.3,0
75.2148787000009,23,0,19,0,0,0.03,-0.015,-0.995,0.3,-1,0
75.2248787000009,23,0,19,0,0,0.03,-0.015,-0.995,0.3,-1,0
75.2348787000008,74,0,19,0,0,0.03,-0.015,-0.995,0.3,-1,0
75.2448787000009,29,0,19,0,0,0.03,-0.015,-0.995,0.3,-1,0
75.2548787000009,29,0,19,0,0,0.03,-0.015,-0.995,0.3,-1,0
75.2648787000009,29,0.01,19,0,0,0.029,-0.014,-1.002,0.3,-0.2,0
75.2748787000009,24,0.01,19,0,0,0.029,-0.014,-1.002,0.3,-0.2,0
75.2848787000009,29,0.01,19,0,0,0.029,-0.014,-1.002,0.3,-0.2,0
75.2948787000009,29,0.01,19,0,0,0.029,-0.014,-1.002,0.3,-0.2,0
75.3048787000009,29,0.01,19,0,0,0.029,-0.014,-1.002,0.3,-0.2,0
75.3148787000009,65,-0.01,19,0,0,0.03,-0.016,-0.997,0.2,-0.9,0
75.3248787000009,29,-0.01,19,0,0,0.03,-0.016,-0.997,0.2,-0.9,0
75.3348787000009,29,-0.01,19,0,0,0.03,-0.016,-0.997,0.2,-0.9,0
75.3448787000009,29,-0.01,19,0,0,0.03,-0.016,-0.997,0.2,-0.9,0
75.3548787000009,28,-0.01,19,0,0,0.03,-0.016,-0.997,0.2,-0.9,0
75.3648787000009,20,0.01,19,0,0,0.03,-0.015,-0.998,0.2,-0.1,0
75.3748787000009,23,0.01,19,0,0,0.03,-0.015,-0.998,0.2,-0.1,0
75.3848787000009,91,0.01,19,0,0,0.03,-0.015,-0.998,0.2,-0.1,0
75.3948787000009,23,0.01,19,0,0,0.03,-0.015,-0.998,0.2,-0.1,0
75.4048787000009,23,0.01,19,0,0,0.03,-0.015,-0.998,0.2,-0.1,0
75.4148787000009,23,0,19,0,0,0.029,-0.013,-1,0.2,-0.7,0
75.4248787000009,55,0,19,0,0,0.029,-0.013,-1,0.2,-0.7,0
75.4348787000009,35,0,19,0,0,0.029,-0.013,-1,0.2,-0.7,0
75.4448787000009,35,0,19,0,0,0.029,-0.013,-1,0.2,-0.7,0
75.4548787000009,35,0,19,0,0,0.029,-0.013,-1,0.2,-0.7,0
75.4648787000009,0,0,19,0,0,0.032,-0.016,-0.997,0.3,-0.3,0
75.4748787000009,17,0,19,0,0,0.032,-0.016,-0.997,0.3,-0.3,0
75.4848787000009,29,0,19,0,0,0.032,-0.016,-0.997,0.3,-0.3,0
75.4948787000009,29,0,19,0,0,0.032,-0.016,-0.997,0.3,-0.3,0
75.5048787000009,50,0,19,0,0,0.032,-0.016,-0.997,0.3,-0.3,0
75.5148787000009,35,-0.01,19,0,0,0.03,-0.015,-1.001,0.2,-0.6,0
75.5248787000009,35,-0.01,19,0,0,0.03,-0.015,-1.001,0.2,-0.6,0
75.5348787000009,61,-0.01,19,0,0,0.03,-0.015,-1.001,0.2,-0.6,0
75.5448787000009,35,-0.01,19,0,0,0.03,-0.015,-1.001,0.2,-0.6,0
75.5548787000009,35,-0.01,19,0,0,0.03,-0.015,-1.001,0.2,-0.6,0
75.5648787000009,35,0,19,0,0,0.031,-0.014,-1.002,0.3,-0.6,0
75.5748787000009,44,0,19,0,0,0.031,-0.014,-1.002,0.3,-0.6,0
75.5848787000009,35,0,19,0,0,0.031,-0.014,-1.002,0.3,-0.6,0
75.5948787000009,35,0,19,0,0,0.031,-0.014,-1.002,0.3,-0.6,0
75.6048787000009,47,0,19,0,0,0.031,-0.014,-1.002,0.3,-0.6,0
75.6148787000009,35,0,19,0,0,0.029,-0.015,-1,0.3,-0.7,0
75.6248787000009,35,0,19,0,0,0.029,-0.015,-1,0.3,-0.7,0
75.6348787000009,35,0,19,0,0,0.029,-0.015,-1,0.3,-0.7,0
75.6448787000009,7,0,19,0,0,0.029,-0.015,-1,0.3,-0.7,0
75.6548787000009,0,0,19,0,0,0.029,-0.015,-1,0.3,-0.7,0
75.664878700001,0,0,19,0,0,0.029,-0.015,-1.003,0.3,-0.6,0
75.674878700001,13,0,19,0,0,0.029,-0.015,-1.003,0.3,-0.6,0
75.684878700001,29,0,19,0,0,0.029,-0.015,-1.003,0.3,-0.6,0
75.694878700001,29,0,19,0,0,0.029,-0.015,-1.003,0.3,-0.6,0
75.704878700001,62,0,19,0,0,0.029,-0.015,-1.003,0.3,-0.6,0
75.714878700001,35,0,19,0,0,0.032,-0.014,-0.993,0.2,-0.6,0
75.724878700001,35,0,19,0,0,0.032,-0.014,-0.993,0.2,-0.6,0
75.734878700001,35,0,19,0,0,0.032,-0.014,-0.993,0.2,-0.6,0
75.744878700001,21,0,19,0,0,0.032,-0.014,-0.993,0.2,-0.6,0
75.754878700001,14,0,19,0,0,0.032,-0.014,-0.993,0.2,-0.6,0
75.764878700001,29,-0.02,19,0,0,0.029,-0.015,-1.005,0.3,-0.6,0
75.774878700001,29,-0.02,19,0,0,0.029,-0.015,-1.005,0.3,-0.6,0
75.784878700001,57,-0.02,19,0,0,0.029,-0.015,-1.005,0.3,-0.6,0
75.794878700001,29,-0.02,19,0,0,0.029,-0.015,-1.005,0.3,-0.6,0
75.804878700001,29,-0.02,19,0,0,0.029,-0.015,-1.005,0.3,-0.6,0
75.814878700001,29,0,19,0,0,0.031,-0.016,-0.999,0.3,-0.7,0
75.824878700001,25,0,19,0,0,0.031,-0.016,-0.999,0.3,-0.7,0
75.834878700001,22,0,19,0,0,0.031,-0.016,-0.999,0.3,-0.7,0
75.844878700001,29,0,19,0,0,0.031,-0.016,-0.999,0.3,-0.7,0
75.854878700001,88,0,19,0,0,0.031,-0.016,-0.999,0.3,-0.7,0
75.864878700001,29,0,19,0,0,0.029,-0.019,-1.005,0.2,-0.5,0
75.874878700001,29,0,19,0,0,0.029,-0.019,-1.005,0.2,-0.5,0
75.884878700001,29,0,19,0,0,0.029,-0.019,-1.005,0.2,-0.5,0
75.894878700001,38,0,19,0,0,0.029,-0.019,-1.005,0.2,-0.5,0
75.904878700001,35,0,19,0,0,0.029,-0.019,-1.005,0.2,-0.5,0
75.914878700001,35,0,19,0,0,0.03,-0.014,-1.004,0.2,-0.7,0
75.924878700001,35,0,19,0,0,0.03,-0.014,-1.004,0.2,-0.7,0
75.934878700001,5,0,19,0,0,0.03,-0.014,-1.004,0.2,-0.7,0
75.944878700001,12,0,19,0,0,0.03,-0.014,-1.004,0.2,-0.7,0
75.954878700001,29,0,19,0,0,0.03,-0.014,-1.004,0.2,-0.7,0
75.964878700001,29,0,19,0,0,0.03,-0.016,-0.999,0.3,-0.7,0
75.974878700001,50,0,19,0,0,0.03,-0.016,-0.999,0.3,-0.7,0
75.984878700001,35,0,19,0,0,0.03,-0.016,-0.999,0.3,-0.7,0
75.994878700001,35,0,19,0,0,0.03,-0.016,-0.999,0.3,-0.7,0
76.004878700001,62,0,19,0,0,0.03,-0.016,-0.999,0.3,-0.7,0
76.014878700001,35,-0.01,19,0,0,0.032,-0.014,-0.999,0.3,-0.6,0
76.024878700001,35,-0.01,19,0,0,0.032,-0.014,-0.999,0.3,-0.6,0
76.034878700001,35,-0.01,19,0,0,0.032,-0.014,-0.999,0.3,-0.6,0
76.044878700001,39,-0.01,19,0,0,0.032,-0.014,-0.999,0.3,-0.6,0
76.054878700001,35,-0.01,19,0,0,0.032,-0.014,-0.999,0.3,-0.6,0
76.064878700001,35,0.01,19,0,0,0.031,-0.015,-1.001,0.2,-0.7,0
76.0748787000011,49,0.01,19,0,0,0.031,-0.015,-1.001,0.2,-0.7,0
76.084878700001,35,0.01,19,0,0,0.031,-0.015,-1.001,0.2,-0.7,0
76.094878700001,35,0.01,19,0,0,0.031,-0.015,-1.001,0.2,-0.7,0
76.1048787000011,35,0.01,19,0,0,0.031,-0.015,-1.001,0.2,-0.7,0
76.1148787000011,10,0.01,19,0,0,0.031,-0.014,-0.996,0.3,-0.6,0
76.1248787000011,0,0.01,19,0,0,0.031,-0.014,-0.996,0.3,-0.6,0
76.1348787000011,0,0.01,19,0,0,0.031,-0.014,-0.996,0.3,-0.6,0
76.1448787000011,24,0.01,19,0,0,0.031,-0.014,-0.996,0.3,-0.6,0
76.1548787000011,29,0.01,19,0,0,0.031,-0.014,-0.996,0.3,-0.6,0
76.1648787000011,29,0,19,0,0,0.028,-0.014,-1.005,0.3,-0.6,0
76.1748787000011,57,0,19,0,0,0.028,-0.014,-1.005,0.3,-0.6,0
76.1848787000011,35,0,19,0,0,0.028,-0.014,-1.005,0.3,-0.6,0
76.1948787000011,35,0,19,0,0,0.028,-0.014,-1.005,0.3,-0.6,0
76.2048787000011,35,0,19,0,0,0.028,-0.014,-1.005,0.3,-0.6,0
76.2148787000011,9,-0.01,19,0,0,0.032,-0.015,-0.993,0.2,-0.6,0
76.2248787000011,28,-0.01,19,0,0,0.032,-0.015,-0.993,0.2,-0.6,0
76.2348787000011,29,-0.01,19,0,0,0.032,-0.015,-0.993,0.2,-0.6,0
76.2448787000011,29,-0.01,19,0,0,0.032,-0.015,-0.993,0.2,-0.6,0
76.2548787000011,59,-0.01,19,0,0,0.032,-0.015,-0.993,0.2,-0.6,0
76.2648787000011,29,-0.01,19,0,0,0.029,-0.014,-1.004,0.2,-0.7,0
76.2748787000011,29,-0.01,19,0,0,0.029,-0.014,-1.004,0.2,-0.7,0
76.2848787000011,29,-0.01,19,0,0,0.029,-0.014,-1.004,0.2,-0.7,0
76.2948787000011,11,-0.01,19,0,0,0.029,-0.014,-1.004,0.2,-0.7,0
76.3048787000011,29,-0.01,19,0,0,0.029,-0.014,-1.004,0.2,-0.7,0
76.3148787000011,29,0.01,19,0,0,0.03,-0.013,-0.997,0.3,-0.4,0
76.3248787000011,87,0.01,19,0,0,0.03,-0.013,-0.997,0.3,-0.4,0
76.3348787000011,29,0.01,19,0,0,0.03,-0.013,-0.997,0.3,-0.4,0
76.3448787000011,29,0.01,19,0,0,0.03,-0.013,-0.997,0.3,-0.4,0
76.3548787000011,46,0.01,19,0,0,0.03,-0.013,-0.997,0.3,-0.4,0
76.3648787000011,35,0,19,0,0,0.03,-0.015,-1.001,0.3,-0.6,0
76.3748787000011,35,0,19,0,0,0.03,-0.015,-1.001,0.3,-0.6,0
76.3848787000011,35,0,19,0,0,0.03,-0.015,-1.001,0.3,-0.6,0
76.3948787000011,6,0,19,0,0,0.03,-0.015,-1.001,0.3,-0.6,0
76.4048787000011,7,0,19,0,0,0.03,-0.015,-1.001,0.3,-0.6,0
76.4148787000011,35,0,19,0,0,0.031,-0.014,-0.997,0.2,-0.4,0.1
76.4248787000011,35,0,19,0,0,0.031,-0.014,-0.997,0.2,-0.4,0.1
76.4348787000011,35,0,19,0,0,0.031,-0.014,-0.997,0.2,-0.4,0.1
76.4448787000011,43,0,19,0,0,0.031,-0.014,-0.997,0.2,-0.4,0.1
76.4548787000011,35,0,19,0,0,0.031,-0.014,-0.997,0.2,-0.4,0.1
76.4648787000011,35,-0.01,19,0,0,0.029,-0.015,-1.007,0.1,-0.7,0
76.4748787000011,66,-0.01,19,0,0,0.029,-0.015,-1.007,0.1,-0.7,0
76.4848787000011,35,-0.01,19,0,0,0.029,-0.015,-1.007,0.1,-0.7,0
76.4948787000011,35,-0.01,19,0,0,0.029,-0.015,-1.007,0.1,-0.7,0
76.5048787000011,39,-0.01,19,0,0,0.029,-0.015,-1.007,0.1,-0.7,0
76.5148787000011,35,0.01,19,0,0,0.031,-0.015,-0.992,0.3,-0.6,0
76.5248787000012,35,0.01,19,0,0,0.031,-0.015,-0.992,0.3,-0.6,0
76.5348787000011,35,0.01,19,0,0,0.031,-0.015,-0.992,0.3,-0.6,0
76.5448787000011,45,0.01,19,0,0,0.031,-0.015,-0.992,0.3,-0.6,0
76.5548787000012,35,0.01,19,0,0,0.031,-0.015,-0.992,0.3,-0.6,0
76.5648787000012,35,0,19,0,0,0.028,-0.014,-1.008,0.3,-0.5,0
76.5748787000012,24,0,19,0,0,0.028,-0.014,-1.008,0.3,-0.5,0
76.5848787000012,0,0,19,0,0,0.028,-0.014,-1.008,0.3,-0.5,0
76.5948787000012,0,0,19,0,0,0.028,-0.014,-1.008,0.3,-0.5,0
76.6048787000012,8,0,19,0,0,0.028,-0.014,-1.008,0.3,-0.5,0
76.6148787000012,29,0,19,0,0,0.031,-0.016,-0.99,0.3,-0.7,0
76.6248787000012,29,0,19,0,0,0.031,-0.016,-0.99,0.3,-0.7,0
76.6348787000012,59,0,19,0,0,0.031,-0.016,-0.99,0.3,-0.7,0
76.6448787000012,35,0,19,0,0,0.031,-0.016,-0.99,0.3,-0.7,0
76.6548787000012,35,0,19,0,0,0.031,-0.016,-0.99,0.3,-0.7,0
76.6648787000012,35,0,19,0,0,0.028,-0.014,-1.008,0.2,-0.5,0
76.6748787000012,26,0,19,0,0,0.028,-0.014,-1.008,0.2,-0.5,0
76.6848787000012,5,0,19,0,0,0.028,-0.014,-1.008,0.2,-0.5,0
76.6948787000012,29,0,19,0,0,0.028,-0.014,-1.008,0.2,-0.5,0
76.7048787000012,29,0,19,0,0,0.028,-0.014,-1.008,0.2,-0.5,0
76.7148787000012,68,-0.01,19,0,0,0.031,-0.018,-0.995,0.2,-0.7,0
76.7248787000012,29,-0.01,19,0,0,0.031,-0.018,-0.995,0.2,-0.7,0
76.7348787000012,29,-0.01,19,0,0,0.031,-0.018,-0.995,0.2,-0.7,0
76.7448787000012,29,-0.01,19,0,0,0.031,-0.018,-0.995,0.2,-0.7,0
76.7548787000012,21,-0.01,19,0,0,0.031,-0.018,-0.995,0.2,-0.7,0
76.7648787000012,21,0.01,19,0,0,0.029,-0.014,-1.003,0.3,-0.4,0
76.7748787000012,29,0.01,19,0,0,0.029,-0.014,-1.003,0.3,-0.4,0
76.7848787000012,87,0.01,19,0,0,0.029,-0.014,-1.003,0.3,-0.4,0
76.7948787000012,29,0.01,19,0,0,0.029,-0.014,-1.003,0.3,-0.4,0
76.8048787000012,29,0.01,19,0,0,0.029,-0.014,-1.003,0.3,-0.4,0
76.8148787000012,29,0,19,0,0,0.031,-0.016,-0.998,0.3,-0.6,0
76.8248787000012,42,0,19,0,0,0.031,-0.016,-0.998,0.3,-0.6,0
76.8348787000012,35,0,19,0,0,0.031,-0.016,-0.998,0.3,-0.6,0
76.8448787000012,35,0,19,0,0,0.031,-0.016,-0.998,0.3,-0.6,0
76.8548787000012,33,0,19,0,0,0.031,-0.016,-0.998,0.3,-0.6,0
76.8648787000012,0,0,19,0,0,0.029,-0.016,-1.003,0.3,-0.6,0
76.8748787000012,28,0,19,0,0,0.029,-0.016,-1.003,0.3,-0.6,0
76.8848787000012,35,0,19,0,0,0.029,-0.016,-1.003,0.3,-0.6,0
76.8948787000012,35,0,19,0,0,0.029,-0.016,-1.003,0.3,-0.6,0
76.9048787000012,35,0,19,0,0,0.029,-0.016,-1.003,0.3,-0.6,0
76.9148787000012,34,-0.01,19,0,0,0.03,-0.015,-0.995,0.3,-0.6,0
76.9248787000012,35,-0.01,19,0,0,0.03,-0.015,-0.995,0.3,-0.6,0
76.9348787000012,35,-0.01,19,0,0,0.03,-0.015,-0.995,0.3,-0.6,0
76.9448787000012,60,-0.01,19,0,0,0.03,-0.015,-0.995,0.3,-0.6,0
76.9548787000012,35,-0.01,19,0,0,0.03,-0.015,-0.995,0.3,-0.6,0
76.9648787000013,35,0,19,0,0,0.03,-0.015,-1.007,0.3,-0.5,0
76.9748787000013,46,0,19,0,0,0.03,-0.015,-1.007,0.3,-0.5,0
76.9848787000012,35,0,19,0,0,0.03,-0.015,-1.007,0.3,-0.5,0
76.9948787000013,35,0,19,0,0,0.03,-0.015,-1.007,0.3,-0.5,0
77.0048787000013,47,0,19,0,0,0.03,-0.015,-1.007,0.3,-0.5,0
77.0148787000013,35,0.01,19,0,0,0.031,-0.014,-0.991,0.2,-0.8,0
77.0248787000013,35,0.01,19,0,0,0.031,-0.014,-0.991,0.2,-0.8,0
77.0348787000013,35,0.01,19,0,0,0.031,-0.014,-0.991,0.2,-0.8,0
77.0448787000013,13,0.01,19,0,0,0.031,-0.014,-0.991,0.2,-0.8,0
77.0548787000013,0,0.01,19,0,0,0.031,-0.014,-0.991,0.2,-0.8,0
77.0648787000013,0,0,19,0,0,0.028,-0.015,-1.008,0.2,-0.3,0
77.0748787000013,0,0,19,0,0,0.028,-0.015,-1.008,0.2,-0.3,0
77.0848787000013,0,0,19,0,0,0.028,-0.015,-1.008,0.2,-0.3,0
77.0948787000013,0,0,19,0,0,0.028,-0.015,-1.008,0.2,-0.3,0
77.1048787000013,0,0,19,0,0,0.028,-0.015,-1.008,0.2,-0.3,0
77.1148787000013,0,0,19,0,0,0.03,-0.014,-0.996,0.3,-0.7,0
77.1248787000013,17,0,19,0,0,0.03,-0.014,-0.996,0.3,-0.7,0
77.1348787000013,23,0,19,0,0,0.03,-0.014,-0.996,0.3,-0.7,0
77.1448787000013,23,0,19,0,0,0.03,-0.014,-0.996,0.3,-0.7,0
77.1548787000013,76,0,19,0,0,0.03,-0.014,-0.996,0.3,-0.7,0
77.1648787000013,29,0,19,0,0,0.03,-0.015,-1.002,0.3,-0.6,0
77.1748787000013,29,0,19,0,0,0.03,-0.015,-1.002,0.3,-0.6,0
77.1848787000013,29,0,19,0,0,0.03,-0.015,-1.002,0.3,-0.6,0
77.1948787000013,29,0,19,0,0,0.03,-0.015,-1.002,0.3,-0.6,0
77.2048787000013,21,0,19,0,0,0.03,-0.015,-1.002,0.3,-0.6,0
77.2148787000013,23,-0.02,19,0,0,0.031,-0.014,-0.997,0.3,-0.7,0
77.2248787000013,23,-0.02,19,0,0,0.031,-0.014,-0.997,0.3,-0.7,0
77.2348787000013,64,-0.02,19,0,0,0.031,-0.014,-0.997,0.3,-0.7,0
77.2448787000013,23,-0.02,19,0,0,0.031,-0.014,-0.997,0.3,-0.7,0
77.2548787000013,23,-0.02,19,0,0,0.031,-0.014,-0.997,0.3,-0.7,0
77.2648787000013,23,0,19,0,0,0.03,-0.014,-1.002,0.2,-0.4,0.1
77.2748787000013,32,0,19,0,0,0.03,-0.014,-1.002,0.2,-0.4,0.1
77.2848787000013,23,0,19,0,0,0.03,-0.014,-1.002,0.2,-0.4,0.1
77.2948787000013,23,0,19,0,0,0.03,-0.014,-1.002,0.2,-0.4,0.1
77.3048787000013,90,0,19,0,0,0.03,-0.014,-1.002,0.2,-0.4,0.1
77.3148787000013,23,0,19,0,0,0.03,-0.016,-1,0.3,-1,0
77.3248787000013,23,0,19,0,0,0.03,-0.016,-1,0.3,-1,0
77.3348787000013,23,0,19,0,0,0.03,-0.016,-1,0.3,-1,0
77.3448787000013,55,0,19,0,0,0.03,-0.016,-1,0.3,-1,0
77.3548787000013,35,0,19,0,0,0.03,-0.016,-1,0.3,-1,0
77.3648787000013,35,0,19,0,0,0.03,-0.016,-1.002,0.2,-0.3,0
77.3748787000013,35,0,19,0,0,0.03,-0.016,-1.002,0.2,-0.3,0
77.3848787000013,0,0,19,0,0,0.03,-0.016,-1.002,0.2,-0.3,0
77.3948787000013,16,0,19,0,0,0.03,-0.016,-1.002,0.2,-0.3,0
77.4048787000013,29,0,19,0,0,0.03,-0.016,-1.002,0.2,-0.3,0
77.4148787000014,29,-0.01,19,0,0,0.031,-0.013,-1,0.2,-0.9,0
77.4248787000014,49,-0.01,19,0,0,0.031,-0.013,-1,0.2,-0.9,0
77.4348787000013,35,-0.01,19,0,0,0.031,-0.013,-1,0.2,-0.9,0
77.4448787000014,35,-0.01,19,0,0,0.031,-0.013,-1,0.2,-0.9,0
77.4548787000014,61,-0.01,19,0,0,0.031,-0.013,-1,0.2,-0.9,0
77.4648787000014,35,-0.01,19,0,0,0.03,-0.014,-0.996,0.3,-0.3,0
77.4748787000014,35,-0.01,19,0,0,0.03,-0.014,-0.996,0.3,-0.3,0
77.4848787000014,35,-0.01,19,0,0,0.03,-0.014,-0.996,0.3,-0.3,0
77.4948787000014,44,-0.01,19,0,0,0.03,-0.014,-0.996,0.3,-0.3,0
77.5048787000014,35,-0.01,19,0,0,0.03,-0.014,-0.996,0.3,-0.3,0
77.5148787000014,35,0,19,0,0,0.029,-0.015,-1.007,0.3,-0.7,0
77.5248787000014,48,0,19,0,0,0.029,-0.015,-1.007,0.3,-0.7,0
77.5348787000014,35,0,19,0,0,0.029,-0.015,-1.007,0.3,-0.7,0
77.5448787000014,35,0,19,0,0,0.029,-0.015,-1.007,0.3,-0.7,0
77.5548787000014,35,0,19,0,0,0.029,-0.015,-1.007,0.3,-0.7,0
77.5648787000014,8,0,19,0,0,0.031,-0.015,-0.993,0.3,-0.4,0
77.5748787000014,0,0,19,0,0,0.031,-0.015,-0.993,0.3,-0.4,0
77.5848787000014,0,0,19,0,0,0.031,-0.015,-0.993,0.3,-0.4,0
77.5948787000014,0,0,19,0,0,0.031,-0.015,-0.993,0.3,-0.4,0
77.6048787000014,29,0,19,0,0,0.031,-0.015,-0.993,0.3,-0.4,0
77.6148787000014,29,0,19,0,0,0.029,-0.014,-1.006,0.3,-0.7,0
77.6248787000014,29,0,19,0,0,0.029,-0.014,-1.006,0.3,-0.7,0
77.6348787000014,62,0,19,0,0,0.029,-0.014,-1.006,0.3,-0.7,0
77.6448787000014,29,0,19,0,0,0.029,-0.014,-1.006,0.3,-0.7,0
77.6548787000014,29,0,19,0,0,0.029,-0.014,-1.006,0.3,-0.7,0
77.6648787000014,29,-0.01,19,0,0,0.032,-0.015,-0.992,0.2,-0.6,0
77.6748787000014,13,-0.01,19,0,0,0.032,-0.015,-0.992,0.2,-0.6,0
77.6848787000014,29,-0.01,19,0,0,0.032,-0.015,-0.992,0.2,-0.6,0
77.6948787000014,29,-0.01,19,0,0,0.032,-0.015,-0.992,0.2,-0.6,0
77.7048787000014,57,-0.01,19,0,0,0.032,-0.015,-0.992,0.2,-0.6,0
77.7148787000014,29,-0.01,19,0,0,0.029,-0.014,-1.005,0.3,-0.7,0
77.7248787000014,29,-0.01,19,0,0,0.029,-0.014,-1.005,0.3,-0.7,0
77.7348787000014,29,-0.01,19,0,0,0.029,-0.014,-1.005,0.3,-0.7,0
77.7448787000014,29,-0.01,19,0,0,0.029,-0.014,-1.005,0.3,-0.7,0
77.7548787000014,18,-0.01,19,0,0,0.029,-0.014,-1.005,0.3,-0.7,0
77.7648787000014,29,0.01,19,0,0,0.028,-0.019,-1.003,0.1,-0.6,0
77.7748787000014,89,0.01,19,0,0,0.028,-0.019,-1.003,0.1,-0.6,0
77.7848787000014,29,0.01,19,0,0,0.028,-0.019,-1.003,0.1,-0.6,0
77.7948787000014,29,0.01,19,0,0,0.028,-0.019,-1.003,0.1,-0.6,0
77.8048787000014,29,0.01,19,0,0,0.028,-0.019,-1.003,0.1,-0.6,0
77.8148787000014,36,0,19,0,0,0.03,-0.013,-1,0.3,-0.6,0
77.8248787000014,35,0,19,0,0,0.03,-0.013,-1,0.3,-0.6,0
77.8348787000014,35,0,19,0,0,0.03,-0.013,-1,0.3,-0.6,0
77.8448787000014,35,0,19,0,0,0.03,-0.013,-1,0.3,-0.6,0
77.8548787000014,11,0,19,0,0,0.03,-0.013,-1,0.3,-0.6,0
77.8648787000015,7,0,19,0,0,0.03,-0.015,-1.001,0.2,-0.5,0
77.8748787000015,29,0,19,0,0,0.03,-0.015,-1.001,0.2,-0.5,0
77.8848787000015,29,0,19,0,0,0.03,-0.015,-1.001,0.2,-0.5,0
77.8948787000015,29,0,19,0,0,0.03,-0.015,-1.001,0.2,-0.5,0
77.9048787000015,53,0,19,0,0,0.03,-0.015,-1.001,0.2,-0.5,0
77.9148787000015,35,-0.01,19,0,0,0.03,-0.014,-1.003,0.3,-0.7,0
77.9248787000015,35,-0.01,19,0,0,0.03,-0.014,-1.003,0.3,-0.7,0
77.9348787000015,62,-0.01,19,0,0,0.03,-0.014,-1.003,0.3,-0.7,0
77.9448787000015,35,-0.01,19,0,0,0.03,-0.014,-1.003,0.3,-0.7,0
77.9548787000015,35,-0.01,19,0,0,0.03,-0.014,-1.003,0.3,-0.7,0
77.9648787000015,39,0,19,0,0,0.03,-0.015,-0.994,0.3,-0.5,0
77.9748787000015,35,0,19,0,0,0.03,-0.015,-0.994,0.3,-0.5,0
77.9848787000015,35,0,19,0,0,0.03,-0.015,-0.994,0.3,-0.5,0
77.9948787000015,47,0,19,0,0,0.03,-0.015,-0.994,0.3,-0.5,0
78.0048787000015,35,0,19,0,0,0.03,-0.015,-0.994,0.3,-0.5,0
78.0148787000015,35,0,19,0,0,0.029,-0.015,-1.007,0.3,-0.7,0
78.0248787000015,35,0,19,0,0,0.029,-0.015,-1.007,0.3,-0.7,0
78.0348787000015,18,0,19,0,0,0.029,-0.015,-1.007,0.3,-0.7,0
78.0448787000015,0,0,19,0,0,0.029,-0.015,-1.007,0.3,-0.7,0
78.0548787000015,0,0,19,0,0,0.029,-0.015,-1.007,0.3,-0.7,0
78.0648787000015,17,0,19,0,0,0.031,-0.014,-0.992,0.3,-0.6,0
78.0748787000015,29,0,19,0,0,0.031,-0.014,-0.992,0.3,-0.6,0
78.0848787000015,29,0,19,0,0,0.031,-0.014,-0.992,0.3,-0.6,0
78.0948787000015,55,0,19,0,0,0.031,-0.014,-0.992,0.3,-0.6,0
78.1048787000015,35,0,19,0,0,0.031,-0.014,-0.992,0.3,-0.6,0
78.1148787000015,35,0,19,0,0,0.028,-0.015,-1.009,0.3,-0.6,0
78.1248787000015,35,0,19,0,0,0.028,-0.015,-1.009,0.3,-0.6,0
78.1348787000015,19,0,19,0,0,0.028,-0.015,-1.009,0.3,-0.6,0
78.1448787000015,21,0,19,0,0,0.028,-0.015,-1.009,0.3,-0.6,0
78.1548787000015,29,0,19,0,0,0.028,-0.015,-1.009,0.3,-0.6,0
78.1648787000015,29,-0.01,19,0,0,0.032,-0.014,-0.989,0.3,-0.6,0
78.1748787000015,59,-0.01,19,0,0,0.032,-0.014,-0.989,0.3,-0.6,0
78.1848787000015,29,-0.01,19,0,0,0.032,-0.014,-0.989,0.3,-0.6,0
78.1948787000015,29,-0.01,19,0,0,0.032,-0.014,-0.989,0.3,-0.6,0
78.2048787000015,29,-0.01,19,0,0,0.032,-0.014,-0.989,0.3,-0.6,0
78.2148787000015,12,0.01,19,0,0,0.031,-0.015,-0.997,0.3,-0.5,0
78.2248787000015,28,0.01,19,0,0,0.031,-0.015,-0.997,0.3,-0.5,0
78.2348787000015,29,0.01,19,0,0,0.031,-0.015,-0.997,0.3,-0.5,0
78.2448787000015,88,0.01,19,0,0,0.031,-0.015,-0.997,0.3,-0.5,0
78.2548787000015,29,0.01,19,0,0,0.031,-0.015,-0.997,0.3,-0.5,0
78.2648787000015,29,0,19,0,0,0.029,-0.014,-1,0.2,-0.4,0
78.2748787000016,44,0,19,0,0,0.029,-0.014,-1,0.2,-0.4,0
78.2848787000015,35,0,19,0,0,0.029,-0.014,-1,0.2,-0.4,0
78.2948787000015,35,0,19,0,0,0.029,-0.014,-1,0.2,-0.4,0
78.3048787000016,35,0,19,0,0,0.029,-0.014,-1,0.2,-0.4,0
78.3148787000016,18,0,19,0,0,0.031,-0.015,-0.997,0.3,-0.6,0
78.3248787000016,0,0,19,0,0,0.031,-0.015,-0.997,0.3,-0.6,0
78.3348787000016,26,0,19,0,0,0.031,-0.015,-0.997,0.3,-0.6,0
78.3448787000016,29,0,19,0,0,0.031,-0.015,-0.997,0.3,-0.6,0
78.3548787000016,29,0,19,0,0,0.031,-0.015,-0.997,0.3,-0.6,0
78.3648787000016,46,0,19,0,0,0.03,-0.014,-1.002,0.3,-0.4,0
78.3748787000016,35,0,19,0,0,0.03,-0.014,-1.002,0.3,-0.4,0
78.3848787000016,35,0,19,0,0,0.03,-0.014,-1.002,0.3,-0.4,0
78.3948787000016,70,0,19,0,0,0.03,-0.014,-1.002,0.3,-0.4,0
78.4048787000016,35,0,19,0,0,0.03,-0.014,-1.002,0.3,-0.4,0
78.4148787000016,35,-0.01,19,0,0,0.029,-0.015,-1,0.3,-0.9,0
78.4248787000016,36,-0.01,19,0,0,0.029,-0.015,-1,0.3,-0.9,0
78.4348787000016,35,-0.01,19,0,0,0.029,-0.015,-1,0.3,-0.9,0
78.4448787000016,35,-0.01,19,0,0,0.029,-0.015,-1,0.3,-0.9,0
78.4548787000016,35,-0.01,19,0,0,0.029,-0.015,-1,0.3,-0.9,0
78.4648787000016,46,0,19,0,0,0.029,-0.016,-1,0.3,-0.1,0.1
78.4748787000016,35,0,19,0,0,0.029,-0.016,-1,0.3,-0.1,0.1
78.4848787000016,35,0,19,0,0,0.029,-0.016,-1,0.3,-0.1,0.1
78.4948787000016,23,0,19,0,0,0.029,-0.016,-1,0.3,-0.1,0.1
78.5048787000016,0,0,19,0,0,0.029,-0.016,-1,0.3,-0.1,0.1
78.5148787000016,0,0,19,0,0,0.028,-0.014,-1.004,0.2,-0.9,0
78.5248787000016,9,0,19,0,0,0.028,-0.014,-1.004,0.2,-0.9,0
78.5348787000016,29,0,19,0,0,0.028,-0.014,-1.004,0.2,-0.9,0
78.5448787000016,29,0,19,0,0,0.028,-0.014,-1.004,0.2,-0.9,0
78.5548787000016,59,0,19,0,0,0.028,-0.014,-1.004,0.2,-0.9,0
78.5648787000016,35,0,19,0,0,0.032,-0.012,-0.992,0.3,-0.1,0
78.5748787000016,35,0,19,0,0,0.032,-0.012,-0.992,0.3,-0.1,0
78.5848787000016,35,0,19,0,0,0.032,-0.012,-0.992,0.3,-0.1,0
78.5948787000016,23,0,19,0,0,0.032,-0.012,-0.992,0.3,-0.1,0
78.6048787000016,6,0,19,0,0,0.032,-0.012,-0.992,0.3,-0.1,0
78.6148787000016,29,-0.02,19,0,0,0.029,-0.015,-1.006,0.3,-0.9,0
78.6248787000016,29,-0.02,19,0,0,0.029,-0.015,-1.006,0.3,-0.9,0
78.6348787000016,67,-0.02,19,0,0,0.029,-0.015,-1.006,0.3,-0.9,0
78.6448787000016,29,-0.02,19,0,0,0.029,-0.015,-1.006,0.3,-0.9,0
78.6548787000016,29,-0.02,19,0,0,0.029,-0.015,-1.006,0.3,-0.9,0
78.6648787000016,29,0,19,0,0,0.032,-0.015,-0.995,0.3,-0.4,0
78.6748787000016,19,0,19,0,0,0.032,-0.015,-0.995,0.3,-0.4,0
78.6848787000016,22,0,19,0,0,0.032,-0.015,-0.995,0.3,-0.4,0
78.6948787000016,29,0,19,0,0,0.032,-0.015,-0.995,0.3,-0.4,0
78.7048787000016,87,0,19,0,0,0.032,-0.015,-0.995,0.3,-0.4,0
78.7148787000016,29,0,19,0,0,0.029,-0.019,-1.006,0.3,-0.8,0
78.7248787000017,29,0,19,0,0,0.029,-0.019,-1.006,0.3,-0.8,0
78.7348787000016,29,0,19,0,0,0.029,-0.019,-1.006,0.3,-0.8,0
78.7448787000016,42,0,19,0,0,0.029,-0.019,-1.006,0.3,-0.8,0
78.7548787000017,35,0,19,0,0,0.029,-0.019,-1.006,0.3,-0.8,0
78.7648787000017,35,0,19,0,0,0.03,-0.015,-0.998,0.3,-0.5,0
78.7748787000017,32,0,19,0,0,0.03,-0.015,-0.998,0.3,-0.5,0
78.7848787000017,0,0,19,0,0,0.03,-0.015,-0.998,0.3,-0.5,0
78.7948787000017,29,0,19,0,0,0.03,-0.015,-0.998,0.3,-0.5,0
78.8048787000017,35,0,19,0,0,0.03,-0.015,-0.998,0.3,-0.5,0
78.8148787000017,35,0,19,0,0,0.03,-0.015,-1,0.3,-0.9,0
78.8248787000017,35,0,19,0,0,0.03,-0.015,-1,0.3,-0.9,0
78.8348787000017,34,0,19,0,0,0.03,-0.015,-1,0.3,-0.9,0
78.8448787000017,35,0,19,0,0,0.03,-0.015,-1,0.3,-0.9,0
78.8548787000017,35,0,19,0,0,0.03,-0.015,-1,0.3,-0.9,0
78.8648787000017,35,0.01,19,0,0,0.029,-0.013,-1.005,0.1,-1,0
78.8748787000017,47,0.01,19,0,0,0.029,-0.013,-1.005,0.1,-1,0
78.8848787000017,35,0.01,19,0,0,0.029,-0.013,-1.005,0.1,-1,0
78.8948787000017,35,0.01,19,0,0,0.029,-0.013,-1.005,0.1,-1,0
78.9048787000017,35,0.01,19,0,0,0.029,-0.013,-1.005,0.1,-1,0
78.9148787000017,13,0.01,19,0,0,0.031,-0.015,-0.993,0.3,-0.3,0
78.9248787000017,0,0.01,19,0,0,0.031,-0.015,-0.993,0.3,-0.3,0
78.9348787000017,0,0.01,19,0,0,0.031,-0.015,-0.993,0.3,-0.3,0
78.9448787000017,0,0.01,19,0,0,0.031,-0.015,-0.993,0.3,-0.3,0
78.9548787000017,0,0.01,19,0,0,0.031,-0.015,-0.993,0.3,-0.3,0
78.9648787000017,0,0,19,0,0,0.028,-0.015,-1.006,0.2,-0.9,0
78.9748787000017,0,0,19,0,0,0.028,-0.015,-1.006,0.2,-0.9,0
78.9848787000017,0,0,19,0,0,0.028,-0.015,-1.006,0.2,-0.9,0
78.9948787000017,0,0,19,0,0,0.028,-0.015,-1.006,0.2,-0.9,0
79.0048787000017,0,0,19,0,0,0.028,-0.015,-1.006,0.2,-0.9,0
79.0148787000017,0,0,19,0,0,0.03,-0.015,-0.994,0.3,-0.3,0
79.0248787000017,23,0,19,0,0,0.03,-0.015,-0.994,0.3,-0.3,0
79.0348787000017,23,0,19,0,0,0.03,-0.015,-0.994,0.3,-0.3,0
79.0448787000017,23,0,19,0,0,0.03,-0.015,-0.994,0.3,-0.3,0
79.0548787000017,77,0,19,0,0,0.03,-0.015,-0.994,0.3,-0.3,0
79.0648787000017,23,0,19,0,0,0.029,-0.009,-0.994,0.3,-1,0
79.0748787000017,23,0,19,0,0,0.029,-0.009,-0.994,0.3,-1,0
79.0848787000017,23,0,19,0,0,0.029,-0.009,-0.994,0.3,-1,0
79.0948787000017,36,0,19,0,0,0.029,-0.009,-0.994,0.3,-1,0
79.1048787000017,23,0,19,0,0,0.029,-0.009,-0.994,0.3,-1,0
79.1148787000017,23,-0.02,19,0,0,0.031,-0.017,-0.996,0.3,-0.4,0
79.1248787000017,72,-0.02,19,0,0,0.031,-0.017,-0.996,0.3,-0.4,0
79.1348787000017,23,-0.02,19,0,0,0.031,-0.017,-0.996,0.3,-0.4,0
79.1448787000017,23,-0.02,19,0,0,0.031,-0.017,-0.996,0.3,-0.4,0
79.1548787000017,23,-0.02,19,0,0,0.031,-0.017,-0.996,0.3,-0.4,0
79.1648787000018,23,0,19,0,0,0.029,-0.014,-1.001,0.2,-0.9,0
79.1748787000018,33,0,19,0,0,0.029,-0.014,-1.001,0.2,-0.9,0
79.1848787000017,23,0,19,0,0,0.029,-0.014,-1.001,0.2,-0.9,0
79.1948787000018,23,0,19,0,0,0.029,-0.014,-1.001,0.2,-0.9,0
79.2048787000018,95,0,19,0,0,0.029,-0.014,-1.001,0.2,-0.9,0
79.2148787000018,23,0,19,0,0,0.033,-0.011,-0.984,0.3,-0.6,0
79.2248787000018,23,0,19,0,0,0.033,-0.011,-0.984,0.3,-0.6,0
79.2348787000018,23,0,19,0,0,0.033,-0.011,-0.984,0.3,-0.6,0
79.2448787000018,59,0,19,0,0,0.033,-0.011,-0.984,0.3,-0.6,0
79.2548787000018,35,0,19,0,0,0.033,-0.011,-0.984,0.3,-0.6,0
79.2648787000018,35,0,19,0,0,0.029,-0.015,-1.004,0.3,-0.7,0
79.2748787000018,35,0,19,0,0,0.029,-0.015,-1.004,0.3,-0.7,0
79.2848787000018,0,0,19,0,0,0.029,-0.015,-1.004,0.3,-0.7,0
79.2948787000018,10,0,19,0,0,0.029,-0.015,-1.004,0.3,-0.7,0
79.3048787000018,29,0,19,0,0,0.029,-0.015,-1.004,0.3,-0.7,0
79.3148787000018,29,0,19,0,0,0.032,-0.016,-0.99,0.3,-0.8,0
79.3248787000018,29,0,19,0,0,0.032,-0.016,-0.99,0.3,-0.8,0
79.3348787000018,57,0,19,0,0,0.032,-0.016,-0.99,0.3,-0.8,0
79.3448787000018,35,0,19,0,0,0.032,-0.016,-0.99,0.3,-0.8,0
79.3548787000018,35,0,19,0,0,0.032,-0.016,-0.99,0.3,-0.8,0
79.3648787000018,62,-0.01,19,0,0,0.03,-0.013,-1,0.3,-0.3,0
79.3748787000018,35,-0.01,19,0,0,0.03,-0.013,-1,0.3,-0.3,0
79.3848787000018,35,-0.01,19,0,0,0.03,-0.013,-1,0.3,-0.3,0
79.3948787000018,46,-0.01,19,0,0,0.03,-0.013,-1,0.3,-0.3,0
79.4048787000018,35,-0.01,19,0,0,0.03,-0.013,-1,0.3,-0.3,0
79.4148787000018,35,0.01,19,0,0,0.03,-0.015,-0.999,0.2,-0.9,0
79.4248787000018,48,0.01,19,0,0,0.03,-0.015,-0.999,0.2,-0.9,0
79.4348787000018,35,0.01,19,0,0,0.03,-0.015,-0.999,0.2,-0.9,0
79.4448787000018,35,0.01,19,0,0,0.03,-0.015,-0.999,0.2,-0.9,0
79.4548787000018,35,0.01,19,0,0,0.03,-0.015,-0.999,0.2,-0.9,0
79.4648787000018,22,0,19,0,0,0.029,-0.014,-0.999,0.2,-0.2,0
79.4748787000018,0,0,19,0,0,0.029,-0.014,-0.999,0.2,-0.2,0
79.4848787000018,0,0,19,0,0,0.029,-0.014,-0.999,0.2,-0.2,0
79.4948787000018,0,0,19,0,0,0.029,-0.014,-0.999,0.2,-0.2,0
79.5048787000018,17,0,19,0,0,0.029,-0.014,-0.999,0.2,-0.2,0
79.5148787000018,29,0,19,0,0,0.03,-0.015,-1.002,0.3,-0.9,0
79.5248787000018,29,0,19,0,0,0.03,-0.015,-1.002,0.3,-0.9,0
79.5348787000018,63,0,19,0,0,0.03,-0.015,-1.002,0.3,-0.9,0
79.5448787000018,29,0,19,0,0,0.03,-0.015,-1.002,0.3,-0.9,0
79.5548787000018,29,0,19,0,0,0.03,-0.015,-1.002,0.3,-0.9,0
79.5648787000018,29,0,19,0,0,0.03,-0.014,-1,0.3,-0.1,0
79.5748787000018,17,0,19,0,0,0.03,-0.014,-1,0.3,-0.1,0
79.5848787000018,25,0,19,0,0,0.03,-0.014,-1,0.3,-0.1,0
79.5948787000018,29,0,19,0,0,0.03,-0.014,-1,0.3,-0.1,0
79.6048787000018,29,0,19,0,0,0.03,-0.014,-1,0.3,-0.1,0
79.6148787000019,58,-0.01,19,0,0,0.03,-0.015,-1,0.3,-0.8,0
79.6248787000019,29,-0.01,19,0,0,0.03,-0.015,-1,0.3,-0.8,0
79.6348787000018,29,-0.01,19,0,0,0.03,-0.015,-1,0.3,-0.8,0
79.6448787000019,29,-0.01,19,0,0,0.03,-0.015,-1,0.3,-0.8,0
79.6548787000019,17,-0.01,19,0,0,0.03,-0.015,-1,0.3,-0.8,0
79.6648787000019,29,0.01,19,0,0,0.032,-0.013,-0.996,0.3,-0.4,0
79.6748787000019,29,0.01,19,0,0,0.032,-0.013,-0.996,0.3,-0.4,0
79.6848787000019,90,0.01,19,0,0,0.032,-0.013,-0.996,0.3,-0.4,0
79.6948787000019,29,0.01,19,0,0,0.032,-0.013,-0.996,0.3,-0.4,0
79.7048787000019,29,0.01,19,0,0,0.032,-0.013,-0.996,0.3,-0.4,0
79.7148787000019,29,0,19,0,0,0.03,-0.015,-1.001,0.2,-0.6,0
79.7248787000019,39,0,19,0,0,0.03,-0.015,-1.001,0.2,-0.6,0
79.7348787000019,35,0,19,0,0,0.03,-0.015,-1.001,0.2,-0.6,0
79.7448787000019,35,0,19,0,0,0.03,-0.015,-1.001,0.2,-0.6,0
79.7548787000019,33,0,19,0,0,0.03,-0.015,-1.001,0.2,-0.6,0
79.7648787000019,0,0,19,0,0,0.03,-0.013,-0.997,0.1,-0.6,0
79.7748787000019,16,0,19,0,0,0.03,-0.013,-0.997,0.1,-0.6,0
79.7848787000019,29,0,19,0,0,0.03,-0.013,-0.997,0.1,-0.6,0
79.7948787000019,29,0,19,0,0,0.03,-0.013,-0.997,0.1,-0.6,0
79.8048787000019,50,0,19,0,0,0.03,-0.013,-0.997,0.1,-0.6,0
79.8148787000019,35,-0.01,19,0,0,0.03,-0.016,-1,0.3,-0.6,0
79.8248787000019,35,-0.01,19,0,0,0.03,-0.016,-1,0.3,-0.6,0
79.8348787000019,62,-0.01,19,0,0,0.03,-0.016,-1,0.3,-0.6,0
79.8448787000019,35,-0.01,19,0,0,0.03,-0.016,-1,0.3,-0.6,0
79.8548787000019,35,-0.01,19,0,0,0.03,-0.016,-1,0.3,-0.6,0
79.8648787000019,35,0,19,0,0,0.03,-0.015,-1.002,0.3,-0.4,0
79.8748787000019,40,0,19,0,0,0.03,-0.015,-1.002,0.3,-0.4,0
79.8848787000019,35,0,19,0,0,0.03,-0.015,-1.002,0.3,-0.4,0
79.8948787000019,35,0,19,0,0,0.03,-0.015,-1.002,0.3,-0.4,0
79.9048787000019,47,0,19,0,0,0.03,-0.015,-1.002,0.3,-0.4,0
79.9148787000019,35,0.01,19,0,0,0.03,-0.014,-0.996,0.3,-0.7,0
79.9248787000019,35,0.01,19,0,0,0.03,-0.014,-0.996,0.3,-0.7,0
79.9348787000019,35,0.01,19,0,0,0.03,-0.014,-0.996,0.3,-0.7,0
79.9448787000019,9,0.01,19,0,0,0.03,-0.014,-0.996,0.3,-0.7,0
79.9548787000019,0,0.01,19,0,0,0.03,-0.014,-0.996,0.3,-0.7,0
79.9648787000019,0,0,19,0,0,0.03,-0.015,-1.003,0.3,-0.3,0
79.9748787000019,21,0,19,0,0,0.03,-0.015,-1.003,0.3,-0.3,0
79.9848787000019,29,0,19,0,0,0.03,-0.015,-1.003,0.3,-0.3,0
79.9948787000019,29,0,19,0,0,0.03,-0.015,-1.003,0.3,-0.3,0
80.0048787000019,56,0,19,0,0,0.03,-0.015,-1.003,0.3,-0.3,0
80.0148787000019,35,0,19,0,0,0.03,-0.014,-0.996,0.3,-0.9,0
80.0248787000019,35,0,19,0,0,0.03,-0.014,-0.996,0.3,-0.9,0
80.0348787000019,35,0,19,0,0,0.03,-0.014,-0.996,0.3,-0.9,0
80.0448787000019,17,0,19,0,0,0.03,-0.014,-0.996,0.3,-0.9,0
80.054878700002,22,0,19,0,0,0.03,-0.014,-0.996,0.3,-0.9,0
80.064878700002,29,-0.02,19,0,0,0.029,-0.015,-1.003,0.3,-0.3,0
80.074878700002,29,-0.02,19,0,0,0.029,-0.015,-1.003,0.3,-0.3,0
80.084878700002,60,-0.02,19,0,0,0.029,-0.015,-1.003,0.3,-0.3,0
80.094878700002,29,-0.02,19,0,0,0.029,-0.015,-1.003,0.3,-0.3,0
80.104878700002,29,-0.02,19,0,0,0.029,-0.015,-1.003,0.3,-0.3,0
80.114878700002,29,0,19,0,0,0.031,-0.015,-1,0.2,-0.7,0
80.124878700002,12,0,19,0,0,0.031,-0.015,-1,0.2,-0.7,0
80.134878700002,27,0,19,0,0,0.031,-0.015,-1,0.2,-0.7,0
80.144878700002,29,0,19,0,0,0.031,-0.015,-1,0.2,-0.7,0
80.154878700002,89,0,19,0,0,0.031,-0.015,-1,0.2,-0.7,0
80.164878700002,29,0,19,0,0,0.03,-0.015,-0.999,0.3,-0.7,0
80.174878700002,29,0,19,0,0,0.03,-0.015,-0.999,0.3,-0.7,0
80.184878700002,44,0,19,0,0,0.03,-0.015,-0.999,0.3,-0.7,0
80.194878700002,35,0,19,0,0,0.03,-0.015,-0.999,0.3,-0.7,0
80.204878700002,35,0,19,0,0,0.03,-0.015,-0.999,0.3,-0.7,0
80.214878700002,35,0,19,0,0,0.031,-0.015,-1,0.3,-0.5,0
80.224878700002,20,0,19,0,0,0.031,-0.015,-1,0.3,-0.5,0
80.234878700002,0,0,19,0,0,0.031,-0.015,-1,0.3,-0.5,0
80.244878700002,22,0,19,0,0,0.031,-0.015,-1,0.3,-0.5,0
80.254878700002,29,0,19,0,0,0.031,-0.015,-1,0.3,-0.5,0
80.264878700002,29,-0.01,19,0,0,0.029,-0.015,-1.001,0.3,-0.6,0
80.274878700002,47,-0.01,19,0,0,0.029,-0.015,-1.001,0.3,-0.6,0
80.284878700002,35,-0.01,19,0,0,0.029,-0.015,-1.001,0.3,-0.6,0
80.294878700002,35,-0.01,19,0,0,0.029,-0.015,-1.001,0.3,-0.6,0
80.304878700002,70,-0.01,19,0,0,0.029,-0.015,-1.001,0.3,-0.6,0
80.314878700002,35,0,19,0,0,0.03,-0.014,-0.997,0.2,-0.7,0
80.324878700002,35,0,19,0,0,0.03,-0.014,-0.997,0.2,-0.7,0
80.334878700002,36,0,19,0,0,0.03,-0.014,-0.997,0.2,-0.7,0
80.344878700002,35,0,19,0,0,0.03,-0.014,-0.997,0.2,-0.7,0
80.354878700002,35,0,19,0,0,0.03,-0.014,-0.997,0.2,-0.7,0
80.364878700002,35,0.01,19,0,0,0.029,-0.014,-1.002,0.3,-0.4,0
80.374878700002,46,0.01,19,0,0,0.029,-0.014,-1.002,0.3,-0.4,0
80.384878700002,35,0.01,19,0,0,0.029,-0.014,-1.002,0.3,-0.4,0
80.394878700002,35,0.01,19,0,0,0.029,-0.014,-1.002,0.3,-0.4,0
80.404878700002,28,0.01,19,0,0,0.029,-0.014,-1.002,0.3,-0.4,0
80.414878700002,0,0,19,0,0,0.03,-0.015,-0.996,0.3,-0.9,0
80.424878700002,0,0,19,0,0,0.03,-0.015,-0.996,0.3,-0.9,0
80.434878700002,0,0,19,0,0,0.03,-0.015,-0.996,0.3,-0.9,0
80.444878700002,27,0,19,0,0,0.03,-0.015,-0.996,0.3,-0.9,0
80.454878700002,29,0,19,0,0,0.03,-0.015,-0.996,0.3,-0.9,0
80.464878700002,29,0,19,0,0,0.029,-0.011,-1.002,0.3,-0.3,0
80.4748787000021,63,0,19,0,0,0.029,-0.011,-1.002,0.3,-0.3,0
80.484878700002,35,0,19,0,0,0.029,-0.011,-1.002,0.3,-0.3,0
80.494878700002,35,0,19,0,0,0.029,-0.011,-1.002,0.3,-0.3,0
80.5048787000021,35,0,19,0,0,0.029,-0.011,-1.002,0.3,-0.3,0
80.5148787000021,0,0,19,0,0,0.03,-0.016,-1,0.2,-0.9,0
80.5248787000021,22,0,19,0,0,0.03,-0.016,-1,0.2,-0.9,0
80.5348787000021,29,0,19,0,0,0.03,-0.016,-1,0.2,-0.9,0
80.5448787000021,29,0,19,0,0,0.03,-0.016,-1,0.2,-0.9,0
80.5548787000021,68,0,19,0,0,0.03,-0.016,-1,0.2,-0.9,0
80.5648787000021,29,-0.01,19,0,0,0.029,-0.015,-1.003,0.3,-0.4,0
80.5748787000021,29,-0.01,19,0,0,0.029,-0.015,-1.003,0.3,-0.4,0
80.5848787000021,29,-0.01,19,0,0,0.029,-0.015,-1.003,0.3,-0.4,0
80.5948787000021,12,-0.01,19,0,0,0.029,-0.015,-1.003,0.3,-0.4,0
80.6048787000021,29,-0.01,19,0,0,0.029,-0.015,-1.003,0.3,-0.4,0
80.6148787000021,29,0.01,19,0,0,0.031,-0.015,-0.999,0.3,-0.7,0
80.6248787000021,87,0.01,19,0,0,0.031,-0.015,-0.999,0.3,-0.7,0
80.6348787000021,29,0.01,19,0,0,0.031,-0.015,-0.999,0.3,-0.7,0
80.6448787000021,29,0.01,19,0,0,0.031,-0.015,-0.999,0.3,-0.7,0
80.6548787000021,39,0.01,19,0,0,0.031,-0.015,-0.999,0.3,-0.7,0
80.6648787000021,35,0,19,0,0,0.031,-0.014,-0.996,0.3,-0.5,0
80.6748787000021,35,0,19,0,0,0.031,-0.014,-0.996,0.3,-0.5,0
80.6848787000021,35,0,19,0,0,0.031,-0.014,-0.996,0.3,-0.5,0
80.6948787000021,18,0,19,0,0,0.031,-0.014,-0.996,0.3,-0.5,0
80.7048787000021,6,0,19,0,0,0.031,-0.014,-0.996,0.3,-0.5,0
80.7148787000021,29,0,19,0,0,0.03,-0.015,-1,0.2,-0.5,0
80.7248787000021,29,0,19,0,0,0.03,-0.015,-1,0.2,-0.5,0
80.7348787000021,29,0,19,0,0,0.03,-0.015,-1,0.2,-0.5,0
80.7448787000021,40,0,19,0,0,0.03,-0.015,-1,0.2,-0.5,0
80.7548787000021,35,0,19,0,0,0.03,-0.015,-1,0.2,-0.5,0
80.7648787000021,35,-0.01,19,0,0,0.03,-0.014,-1.001,0.3,-0.5,0
80.7748787000021,63,-0.01,19,0,0,0.03,-0.014,-1.001,0.3,-0.5,0
80.7848787000021,35,-0.01,19,0,0,0.03,-0.014,-1.001,0.3,-0.5,0
80.7948787000021,35,-0.01,19,0,0,0.03,-0.014,-1.001,0.3,-0.5,0
80.8048787000021,44,-0.01,19,0,0,0.03,-0.014,-1.001,0.3,-0.5,0
80.8148787000021,35,0,19,0,0,0.031,-0.012,-0.996,0.3,-0.7,0
80.8248787000021,35,0,19,0,0,0.031,-0.012,-0.996,0.3,-0.7,0
80.8348787000021,47,0,19,0,0,0.031,-0.012,-0.996,0.3,-0.7,0
80.8448787000021,35,0,19,0,0,0.031,-0.012,-0.996,0.3,-0.7,0
80.8548787000021,35,0,19,0,0,0.031,-0.012,-0.996,0.3,-0.7,0
80.8648787000021,35,0,19,0,0,0.029,-0.016,-1.003,0.3,-0.3,0
80.8748787000021,22,0,19,0,0,0.029,-0.016,-1.003,0.3,-0.3,0
80.8848787000021,0,0,19,0,0,0.029,-0.016,-1.003,0.3,-0.3,0
80.8948787000021,0,0,19,0,0,0.029,-0.016,-1.003,0.3,-0.3,0
80.9048787000021,0,0,19,0,0,0.029,-0.016,-1.003,0.3,-0.3,0
80.9148787000021,0,0.01,19,0,0,0.031,-0.014,-0.998,0.3,-0.8,0
80.9248787000022,0,0.01,19,0,0,0.031,-0.014,-0.998,0.3,-0.8,0
80.9348787000021,0,0.01,19,0,0,0.031,-0.014,-0.998,0.3,-0.8,0
80.9448787000021,0,0.01,19,0,0,0.031,-0.014,-0.998,0.3,-0.8,0
80.9548787000022,0,0.01,19,0,0,0.031,-0.014,-0.998,0.3,-0.8,0
80.9648787000022,0,0,19,0,0,0.029,-0.014,-1.003,0.2,-0.3,0
80.9748787000022,0,0,19,0,0,0.029,-0.014,-1.003,0.2,-0.3,0
80.9848787000022,23,0,19,0,0,0.029,-0.014,-1.003,0.2,-0.3,0
80.9948787000022,23,0,19,0,0,0.029,-0.014,-1.003,0.2,-0.3,0
81.0048787000022,23,0,19,0,0,0.029,-0.014,-1.003,0.2,-0.3,0
81.0148787000022,76,0,19,0,0,0.03,-0.018,-1,0.3,-0.8,0
81.0248787000022,23,0,19,0,0,0.03,-0.018,-1,0.3,-0.8,0
81.0348787000022,23,0,19,0,0,0.03,-0.018,-1,0.3,-0.8,0
81.0448787000022,23,0,19,0,0,0.03,-0.018,-1,0.3,-0.8,0
81.0548787000022,35,0,19,0,0,0.03,-0.018,-1,0.3,-0.8,0
81.0648787000022,23,-0.01,19,0,0,0.029,-0.014,-1.004,0.3,-0.4,0
81.0748787000022,23,-0.01,19,0,0,0.029,-0.014,-1.004,0.3,-0.4,0
81.0848787000022,71,-0.01,19,0,0,0.029,-0.014,-1.004,0.3,-0.4,0
81.0948787000022,23,-0.01,19,0,0,0.029,-0.014,-1.004,0.3,-0.4,0
81.1048787000022,23,-0.01,19,0,0,0.029,-0.014,-1.004,0.3,-0.4,0
81.1148787000022,23,-0.01,19,0,0,0.03,-0.016,-0.999,0.2,-0.8,0
81.1248787000022,23,-0.01,19,0,0,0.03,-0.016,-0.999,0.2,-0.8,0
81.1348787000022,33,-0.01,19,0,0,0.03,-0.016,-0.999,0.2,-0.8,0
81.1448787000022,23,-0.01,19,0,0,0.03,-0.016,-0.999,0.2,-0.8,0
81.1548787000022,23,-0.01,19,0,0,0.03,-0.016,-0.999,0.2,-0.8,0
81.1648787000022,94,0,19,0,0,0.031,-0.016,-0.998,0.2,-0.3,0
81.1748787000022,23,0,19,0,0,0.031,-0.016,-0.998,0.2,-0.3,0
81.1848787000022,23,0,19,0,0,0.031,-0.016,-0.998,0.2,-0.3,0
81.1948787000022,23,0,19,0,0,0.031,-0.016,-0.998,0.2,-0.3,0
81.2048787000022,60,0,19,0,0,0.031,-0.016,-0.998,0.2,-0.3,0
81.2148787000022,35,0,19,0,0,0.029,-0.014,-1.005,0.3,-0.8,0
81.2248787000022,35,0,19,0,0,0.029,-0.014,-1.005,0.3,-0.8,0
81.2348787000022,34,0,19,0,0,0.029,-0.014,-1.005,0.3,-0.8,0
81.2448787000022,0,0,19,0,0,0.029,-0.014,-1.005,0.3,-0.8,0
81.2548787000022,13,0,19,0,0,0.029,-0.014,-1.005,0.3,-0.8,0
81.2648787000022,29,0,19,0,0,0.032,-0.015,-0.994,0.3,-0.5,0
81.2748787000022,29,0,19,0,0,0.032,-0.015,-0.994,0.3,-0.5,0
81.2848787000022,52,0,19,0,0,0.032,-0.015,-0.994,0.3,-0.5,0
81.2948787000022,35,0,19,0,0,0.032,-0.015,-0.994,0.3,-0.5,0
81.3048787000022,35,0,19,0,0,0.032,-0.015,-0.994,0.3,-0.5,0
81.3148787000022,62,-0.01,19,0,0,0.03,-0.016,-1,0.2,-0.5,0
81.3248787000022,35,-0.01,19,0,0,0.03,-0.016,-1,0.2,-0.5,0
81.3348787000022,35,-0.01,19,0,0,0.03,-0.016,-1,0.2,-0.5,0
81.3448787000022,35,-0.01,19,0,0,0.03,-0.016,-1,0.2,-0.5,0
81.3548787000022,45,-0.01,19,0,0,0.03,-0.016,-1,0.2,-0.5,0
81.3648787000023,35,0,19,0,0,0.031,-0.014,-0.996,0.3,-0.4,0
81.3748787000023,35,0,19,0,0,0.031,-0.014,-0.996,0.3,-0.4,0
81.3848787000022,48,0,19,0,0,0.031,-0.014,-0.996,0.3,-0.4,0
81.3948787000023,35,0,19,0,0,0.031,-0.014,-0.996,0.3,-0.4,0
81.4048787000023,35,0,19,0,0,0.031,-0.014,-0.996,0.3,-0.4,0
81.4148787000023,35,0.01,19,0,0,0.03,-0.015,-1.005,0.3,-0.7,0
81.4248787000023,17,0.01,19,0,0,0.03,-0.015,-1.005,0.3,-0.7,0
81.4348787000023,0,0.01,19,0,0,0.03,-0.015,-1.005,0.3,-0.7,0
81.4448787000023,0,0.01,19,0,0,0.03,-0.015,-1.005,0.3,-0.7,0
81.4548787000023,0,0.01,19,0,0,0.03,-0.015,-1.005,0.3,-0.7,0
81.4648787000023,15,0,19,0,0,0.031,-0.014,-0.996,0.3,-0.4,0
81.4748787000023,29,0,19,0,0,0.031,-0.014,-0.996,0.3,-0.4,0
81.4848787000023,29,0,19,0,0,0.031,-0.014,-0.996,0.3,-0.4,0
81.4948787000023,63,0,19,0,0,0.031,-0.014,-0.996,0.3,-0.4,0
81.5048787000023,29,0,19,0,0,0.031,-0.014,-0.996,0.3,-0.4,0
81.5148787000023,20,-0.01,19,0,0,0.031,-0.013,-0.994,0.3,-0.6,0.1
81.5248787000023,22,-0.01,19,0,0,0.031,-0.013,-0.994,0.3,-0.6,0.1
81.5348787000023,29,-0.01,19,0,0,0.031,-0.013,-0.994,0.3,-0.6,0.1
81.5448787000023,29,-0.01,19,0,0,0.031,-0.013,-0.994,0.3,-0.6,0.1
81.5548787000023,59,-0.01,19,0,0,0.031,-0.013,-0.994,0.3,-0.6,0.1
81.5648787000023,29,-0.01,19,0,0,0.029,-0.016,-1.005,0.3,-0.6,0
81.5748787000023,29,-0.01,19,0,0,0.029,-0.016,-1.005,0.3,-0.6,0
81.5848787000023,29,-0.01,19,0,0,0.029,-0.016,-1.005,0.3,-0.6,0
81.5948787000023,21,-0.01,19,0,0,0.029,-0.016,-1.005,0.3,-0.6,0
81.6048787000023,24,-0.01,19,0,0,0.029,-0.016,-1.005,0.3,-0.6,0
81.6148787000023,29,0.01,19,0,0,0.031,-0.013,-0.997,0.3,-0.7,0
81.6248787000023,90,0.01,19,0,0,0.031,-0.013,-0.997,0.3,-0.7,0
81.6348787000023,29,0.01,19,0,0,0.031,-0.013,-0.997,0.3,-0.7,0
81.6448787000023,29,0.01,19,0,0,0.031,-0.013,-0.997,0.3,-0.7,0
81.6548787000023,29,0.01,19,0,0,0.031,-0.013,-0.997,0.3,-0.7,0
81.6648787000023,38,0,19,0,0,0.03,-0.015,-1.001,0.3,-0.4,0
81.6748787000023,35,0,19,0,0,0.03,-0.015,-1.001,0.3,-0.4,0
81.6848787000023,35,0,19,0,0,0.03,-0.015,-1.001,0.3,-0.4,0
81.6948787000023,35,0,19,0,0,0.03,-0.015,-1.001,0.3,-0.4,0
81.7048787000023,6,0,19,0,0,0.03,-0.015,-1.001,0.3,-0.4,0
81.7148787000023,10,0,19,0,0,0.03,-0.015,-1,0.3,-0.9,0
81.7248787000023,29,0,19,0,0,0.03,-0.015,-1,0.3,-0.9,0
81.7348787000023,29,0,19,0,0,0.03,-0.015,-1,0.3,-0.9,0
81.7448787000023,29,0,19,0,0,0.03,-0.015,-1,0.3,-0.9,0
81.7548787000023,54,0,19,0,0,0.03,-0.015,-1,0.3,-0.9,0
81.7648787000023,35,-0.01,19,0,0,0.03,-0.013,-0.996,0.3,-0.5,0
81.7748787000023,63,-0.01,19,0,0,0.03,-0.013,-0.996,0.3,-0.5,0
81.7848787000023,35,-0.01,19,0,0,0.03,-0.013,-0.996,0.3,-0.5,0
81.7948787000023,35,-0.01,19,0,0,0.03,-0.013,-0.996,0.3,-0.5,0
81.8048787000023,35,-0.01,19,0,0,0.03,-0.013,-0.996,0.3,-0.5,0
81.8148787000024,39,0.01,19,0,0,0.03,-0.014,-1,0.3,-0.5,0
81.8248787000024,35,0.01,19,0,0,0.03,-0.014,-1,0.3,-0.5,0
81.8348787000023,35,0.01,19,0,0,0.03,-0.014,-1,0.3,-0.5,0
81.8448787000024,48,0.01,19,0,0,0.03,-0.014,-1,0.3,-0.5,0
81.8548787000024,35,0.01,19,0,0,0.03,-0.014,-1,0.3,-0.5,0
81.8648787000024,35,0,19,0,0,0.03,-0.016,-0.999,0.3,-0.7,0
81.8748787000024,35,0,19,0,0,0.03,-0.016,-0.999,0.3,-0.7,0
81.8848787000024,20,0,19,0,0,0.03,-0.016,-0.999,0.3,-0.7,0
81.8948787000024,0,0,19,0,0,0.03,-0.016,-0.999,0.3,-0.7,0
81.9048787000024,0,0,19,0,0,0.03,-0.016,-0.999,0.3,-0.7,0
81.9148787000024,12,0,19,0,0,0.031,-0.014,-1.001,0.1,-0.3,0
81.9248787000024,29,0,19,0,0,0.031,-0.014,-1.001,0.1,-0.3,0
81.9348787000024,29,0,19,0,0,0.031,-0.014,-1.001,0.1,-0.3,0
81.9448787000024,55,0,19,0,0,0.031,-0.014,-1.001,0.1,-0.3,0
81.9548787000024,35,0,19,0,0,0.031,-0.014,-1.001,0.1,-0.3,0
81.9648787000024,35,0,19,0,0,0.03,-0.014,-0.998,0.3,-0.9,0
81.9748787000024,35,0,19,0,0,0.03,-0.014,-0.998,0.3,-0.9,0
81.9848787000024,27,0,19,0,0,0.03,-0.014,-0.998,0.3,-0.9,0
81.9948787000024,13,0,19,0,0,0.03,-0.014,-0.998,0.3,-0.9,0
82.0048787000024,29,0,19,0,0,0.03,-0.014,-0.998,0.3,-0.9,0
82.0148787000024,29,-0.01,19,0,0,0.03,-0.016,-1,0.2,-0.4,0
82.0248787000024,60,-0.01,19,0,0,0.03,-0.016,-1,0.2,-0.4,0
82.0348787000024,29,-0.01,19,0,0,0.03,-0.016,-1,0.2,-0.4,0
82.0448787000024,29,-0.01,19,0,0,0.03,-0.016,-1,0.2,-0.4,0
82.0548787000024,29,-0.01,19,0,0,0.03,-0.016,-1,0.2,-0.4,0
82.0648787000024,22,0,19,0,0,0.029,-0.014,-0.999,0.2,-0.9,0
82.0748787000024,17,0,19,0,0,0.029,-0.014,-0.999,0.2,-0.9,0
82.0848787000024,29,0,19,0,0,0.029,-0.014,-0.999,0.2,-0.9,0
82.0948787000024,89,0,19,0,0,0.029,-0.014,-0.999,0.2,-0.9,0
82.1048787000024,29,0,19,0,0,0.029,-0.014,-0.999,0.2,-0.9,0
82.1148787000024,29,0,19,0,0,0.029,-0.015,-1.002,0.3,-0.6,0
82.1248787000024,29,0,19,0,0,0.029,-0.015,-1.002,0.3,-0.6,0
82.1348787000024,48,0,19,0,0,0.029,-0.015,-1.002,0.3,-0.6,0
82.1448787000024,35,0,19,0,0,0.029,-0.015,-1.002,0.3,-0.6,0
82.1548787000024,35,0,19,0,0,0.029,-0.015,-1.002,0.3,-0.6,0
82.1648787000024,33,0,19,0,0,0.03,-0.014,-0.996,0.3,-0.6,0
82.1748787000024,0,0,19,0,0,0.03,-0.014,-0.996,0.3,-0.6,0
82.1848787000024,12,0,19,0,0,0.03,-0.014,-0.996,0.3,-0.6,0
82.1948787000024,29,0,19,0,0,0.03,-0.014,-0.996,0.3,-0.6,0
82.2048787000024,29,0,19,0,0,0.03,-0.014,-0.996,0.3,-0.6,0
82.2148787000024,29,-0.01,19,0,0,0.03,-0.014,-1.003,0.3,-0.6,0
82.2248787000024,50,-0.01,19,0,0,0.03,-0.014,-1.003,0.3,-0.6,0
82.2348787000024,35,-0.01,19,0,0,0.03,-0.014,-1.003,0.3,-0.6,0
82.2448787000024,70,-0.01,19,0,0,0.03,-0.014,-1.003,0.3,-0.6,0
82.2548787000025,35,-0.01,19,0,0,0.03,-0.014,-1.003,0.3,-0.6,0
82.2648787000025,35,0,19,0,0,0.03,-0.016,-0.999,0.3,-0.7,0
82.2748787000025,35,0,19,0,0,0.03,-0.016,-0.999,0.3,-0.7,0
82.2848787000025,36,0,19,0,0,0.03,-0.016,-0.999,0.3,-0.7,0
82.2948787000025,35,0,19,0,0,0.03,-0.016,-0.999,0.3,-0.7,0
82.3048787000025,35,0,19,0,0,0.03,-0.016,-0.999,0.3,-0.7,0
82.3148787000025,46,0.01,19,0,0,0.03,-0.015,-1.001,0.2,-0.3,0
82.3248787000025,35,0.01,19,0,0,0.03,-0.015,-1.001,0.2,-0.3,0
82.3348787000025,35,0.01,19,0,0,0.03,-0.015,-1.001,0.2,-0.3,0
82.3448787000025,35,0.01,19,0,0,0.03,-0.015,-1.001,0.2,-0.3,0
82.3548787000025,7,0.01,19,0,0,0.03,-0.015,-1.001,0.2,-0.3,0
82.3648787000025,0,0,19,0,0,0.031,-0.015,-0.998,0.2,-0.9,0
82.3748787000025,0,0,19,0,0,0.031,-0.015,-0.998,0.2,-0.9,0
82.3848787000025,16,0,19,0,0,0.031,-0.015,-0.998,0.2,-0.9,0
82.3948787000025,29,0,19,0,0,0.031,-0.015,-0.998,0.2,-0.9,0
82.4048787000025,29,0,19,0,0,0.031,-0.015,-0.998,0.2,-0.9,0
82.4148787000025,61,0,19,0,0,0.03,-0.016,-1.001,0.2,-0.3,0
82.4248787000025,35,0,19,0,0,0.03,-0.016,-1.001,0.2,-0.3,0
82.4348787000025,35,0,19,0,0,0.03,-0.016,-1.001,0.2,-0.3,0
82.4448787000025,35,0,19,0,0,0.03,-0.016,-1.001,0.2,-0.3,0
82.4548787000025,17,0,19,0,0,0.03,-0.016,-1.001,0.2,-0.3,0
82.4648787000025,11,-0.01,19,0,0,0.03,-0.015,-0.999,0.2,-0.9,0
82.4748787000025,29,-0.01,19,0,0,0.03,-0.015,-0.999,0.2,-0.9,0
82.4848787000025,29,-0.01,19,0,0,0.03,-0.015,-0.999,0.2,-0.9,0
82.4948787000025,69,-0.01,19,0,0,0.03,-0.015,-0.999,0.2,-0.9,0
82.5048787000025,29,-0.01,19,0,0,0.03,-0.015,-0.999,0.2,-0.9,0
82.5148787000025,29,-0.01,19,0,0,0.031,-0.012,-0.996,0.3,-0.3,0
82.5248787000025,29,-0.01,19,0,0,0.031,-0.012,-0.996,0.3,-0.3,0
82.5348787000025,16,-0.01,19,0,0,0.031,-0.012,-0.996,0.3,-0.3,0
82.5448787000025,25,-0.01,19,0,0,0.031,-0.012,-0.996,0.3,-0.3,0
82.5548787000025,29,-0.01,19,0,0,0.031,-0.012,-0.996,0.3,-0.3,0
82.5648787000025,88,0,19,0,0,0.028,-0.019,-1.006,0.2,-0.6,0
82.5748787000025,29,0,19,0,0,0.028,-0.019,-1.006,0.2,-0.6,0
82.5848787000025,29,0,19,0,0,0.028,-0.019,-1.006,0.2,-0.6,0
82.5948787000025,29,0,19,0,0,0.028,-0.019,-1.006,0.2,-0.6,0
82.6048787000025,43,0,19,0,0,0.028,-0.019,-1.006,0.2,-0.6,0
82.6148787000025,35,0,19,0,0,0.03,-0.014,-0.995,0.2,-0.6,0
82.6248787000025,35,0,19,0,0,0.03,-0.014,-0.995,0.2,-0.6,0
82.6348787000025,31,0,19,0,0,0.03,-0.014,-0.995,0.2,-0.6,0
82.6448787000025,0,0,19,0,0,0.03,-0.014,-0.995,0.2,-0.6,0
82.6548787000025,24,0,19,0,0,0.03,-0.014,-0.995,0.2,-0.6,0
82.6648787000025,29,0,19,0,0,0.031,-0.014,-0.997,0.3,-0.5,0
82.6748787000026,29,0,19,0,0,0.031,-0.014,-0.997,0.3,-0.5,0
82.6848787000025,39,0,19,0,0,0.031,-0.014,-0.997,0.3,-0.5,0
82.6948787000025,35,0,19,0,0,0.031,-0.014,-0.997,0.3,-0.5,0
82.7048787000026,35,0,19,0,0,0.031,-0.014,-0.997,0.3,-0.5,0
82.7148787000026,63,-0.01,19,0,0,0.03,-0.016,-1,0.3,-0.5,0
82.7248787000026,35,-0.01,19,0,0,0.03,-0.016,-1,0.3,-0.5,0
82.7348787000026,35,-0.01,19,0,0,0.03,-0.016,-1,0.3,-0.5,0
82.7448787000026,35,-0.01,19,0,0,0.03,-0.016,-1,0.3,-0.5,0
82.7548787000026,43,-0.01,19,0,0,0.03,-0.016,-1,0.3,-0.5,0
82.7648787000026,35,0.01,19,0,0,0.03,-0.014,-0.998,0.2,-0.8,0
82.7748787000026,35,0.01,19,0,0,0.03,-0.014,-0.998,0.2,-0.8,0
82.7848787000026,48,0.01,19,0,0,0.03,-0.014,-0.998,0.2,-0.8,0
82.7948787000026,35,0.01,19,0,0,0.03,-0.014,-0.998,0.2,-0.8,0
82.8048787000026,35,0.01,19,0,0,0.03,-0.014,-0.998,0.2,-0.8,0
82.8148787000026,34,0.01,19,0,0,0.03,-0.015,-1,0.3,-0.3,0
82.8248787000026,0,0.01,19,0,0,0.03,-0.015,-1,0.3,-0.3,0
82.8348787000026,0,0.01,19,0,0,0.03,-0.015,-1,0.3,-0.3,0
82.8448787000026,0,0.01,19,0,0,0.03,-0.015,-1,0.3,-0.3,0
82.8548787000026,0,0.01,19,0,0,0.03,-0.015,-1,0.3,-0.3,0
82.8648787000026,0,0.01,19,0,0,0.03,-0.015,-1.001,0.3,-0.9,0
82.8748787000026,0,0.01,19,0,0,0.03,-0.015,-1.001,0.3,-0.9,0
82.8848787000026,0,0.01,19,0,0,0.03,-0.015,-1.001,0.3,-0.9,0
82.8948787000026,0,0.01,19,0,0,0.03,-0.015,-1.001,0.3,-0.9,0
82.9048787000026,0,0.01,19,0,0,0.03,-0.015,-1.001,0.3,-0.9,0
82.9148787000026,0,0.01,19,0,0,0.03,-0.014,-0.999,0.3,-0.3,0
82.9248787000026,0,0.01,19,0,0,0.03,-0.014,-0.999,0.3,-0.3,0
82.9348787000026,0,0.01,19,0,0,0.03,-0.014,-0.999,0.3,-0.3,0
82.9448787000026,0,0.01,19,0,0,0.03,-0.014,-0.999,0.3,-0.3,0
82.9548787000026,0,0.01,19,0,0,0.03,-0.014,-0.999,0.3,-0.3,0
82.9648787000026,0,0.01,19,0,0,0.031,-0.015,-1.002,0.2,-0.7,0
82.9748787000026,0,0.01,19,0,0,0.031,-0.015,-1.002,0.2,-0.7,0
82.9848787000026,0,0.01,19,0,0,0.031,-0.015,-1.002,0.2,-0.7,0
82.9948787000026,0,0.01,19,0,0,0.031,-0.015,-1.002,0.2,-0.7,0
83.0048787000026,0,0.01,19,0,0,0.031,-0.015,-1.002,0.2,-0.7,0
83.0148787000026,0,0.01,19,0,0,0.029,-0.014,-0.999,0.3,-0.4,0
83.0248787000026,0,0.01,19,0,0,0.029,-0.014,-0.999,0.3,-0.4,0
83.0348787000026,0,0.01,19,0,0,0.029,-0.014,-0.999,0.3,-0.4,0
83.0448787000026,0,0.01,19,0,0,0.029,-0.014,-0.999,0.3,-0.4,0
83.0548787000026,0,0.01,19,0,0,0.029,-0.014,-0.999,0.3,-0.4,0
83.0648787000026,0,0,19,0,0,0.03,-0.014,-1.003,0.3,-0.7,0
83.0748787000026,0,0,19,0,0,0.03,-0.014,-1.003,0.3,-0.7,0
83.0848787000026,0,0,19,0,0,0.03,-0.014,-1.003,0.3,-0.7,0
83.0948787000026,0,0,19,0,0,0.03,-0.014,-1.003,0.3,-0.7,0
83.1048787000026,0,0,19,0,0,0.03,-0.014,-1.003,0.3,-0.7,0
83.1148787000026,0,0.01,19,0,0,0.03,-0.014,-0.998,0.2,-0.4,0.1
83.1248787000027,0,0.01,19,0,0,0.03,-0.014,-0.998,0.2,-0.4,0.1
83.1348787000026,0,0.01,19,0,0,0.03,-0.014,-0.998,0.2,-0.4,0.1
83.1448787000026,0,0.01,19,0,0,0.03,-0.014,-0.998,0.2,-0.4,0.1
83.1548787000027,0,0.01,19,0,0,0.03,-0.014,-0.998,0.2,-0.4,0.1
83.1648787000027,0,0.01,19,0,0,0.029,-0.015,-1.001,0.3,-0.7,0
83.1748787000027,0,0.01,19,0,0,0.029,-0.015,-1.001,0.3,-0.7,0
83.1848787000027,0,0.01,19,0,0,0.029,-0.015,-1.001,0.3,-0.7,0
83.1948787000027,0,0.01,19,0,0,0.029,-0.015,-1.001,0.3,-0.7,0
83.2048787000027,0,0.01,19,0,0,0.029,-0.015,-1.001,0.3,-0.7,0
83.2148787000027,0,0,19,0,0,0.031,-0.015,-0.998,0.3,-0.5,0
83.2248787000027,0,0,19,0,0,0.031,-0.015,-0.998,0.3,-0.5,0
83.2348787000027,0,0,19,0,0,0.031,-0.015,-0.998,0.3,-0.5,0
83.2448787000027,0,0,19,0,0,0.031,-0.015,-0.998,0.3,-0.5,0
83.2548787000027,0,0,19,0,0,0.031,-0.015,-0.998,0.3,-0.5,0
83.2648787000027,0,0.01,19,0,0,0.03,-0.014,-1.002,0.4,-0.7,0
83.2748787000027,0,0.01,19,0,0,0.03,-0.014,-1.002,0.4,-0.7,0
83.2848787000027,0,0.01,19,0,0,0.03,-0.014,-1.002,0.4,-0.7,0
83.2948787000027,0,0.01,19,0,0,0.03,-0.014,-1.002,0.4,-0.7,0
83.3048787000027,0,0.01,19,0,0,0.03,-0.014,-1.002,0.4,-0.7,0
83.3148787000027,0,0.01,19,0,0,0.03,-0.015,-0.997,0.2,-0.6,0
83.3248787000027,0,0.01,19,0,0,0.03,-0.015,-0.997,0.2,-0.6,0
83.3348787000027,0,0.01,19,0,0,0.03,-0.015,-0.997,0.2,-0.6,0
83.3448787000027,0,0.01,19,0,0,0.03,-0.015,-0.997,0.2,-0.6,0
83.3548787000027,0,0.01,19,0,0,0.03,-0.015,-0.997,0.2,-0.6,0
83.3648787000027,0,0,19,0,0,0.03,-0.015,-1.002,0.3,-0.6,0
83.3748787000027,0,0,19,0,0,0.03,-0.015,-1.002,0.3,-0.6,0
83.3848787000027,0,0,19,0,0,0.03,-0.015,-1.002,0.3,-0.6,0
83.3948787000027,0,0,19,0,0,0.03,-0.015,-1.002,0.3,-0.6,0
83.4048787000027,0,0,19,0,0,0.03,-0.015,-1.002,0.3,-0.6,0
83.4148787000027,0,0.01,19,0,0,0.031,-0.015,-0.998,0.3,-0.7,0
83.4248787000027,0,0.01,19,0,0,0.031,-0.015,-0.998,0.3,-0.7,0
83.4348787000027,0,0.01,19,0,0,0.031,-0.015,-0.998,0.3,-0.7,0
83.4448787000027,0,0.01,19,0,0,0.031,-0.015,-0.998,0.3,-0.7,0
83.4548787000027,0,0.01,19,0,0,0.031,-0.015,-0.998,0.3,-0.7,0
83.4648787000027,0,0,19,0,0,0.03,-0.016,-1.001,0.2,-0.5,0.1
83.4748787000027,0,0,19,0,0,0.03,-0.016,-1.001,0.2,-0.5,0.1
83.4848787000027,0,0,19,0,0,0.03,-0.016,-1.001,0.2,-0.5,0.1
83.4948787000027,0,0,19,0,0,0.03,-0.016,-1.001,0.2,-0.5,0.1
83.5048787000027,0,0,19,0,0,0.03,-0.016,-1.001,0.2,-0.5,0.1
83.5148787000027,0,0,19,0,0,0.031,-0.014,-1,0.2,-0.6,0
83.5248787000027,0,0,19,0,0,0.031,-0.014,-1,0.2,-0.6,0
83.5348787000027,0,0,19,0,0,0.031,-0.014,-1,0.2,-0.6,0
83.5448787000027,0,0,19,0,0,0.031,-0.014,-1,0.2,-0.6,0
83.5548787000027,0,0,19,0,0,0.031,-0.014,-1,0.2,-0.6,0
83.5648787000028,12,0,19,0,0,0.03,-0.015,-1,0.3,-0.5,0
83.5748787000028,17,0,19,0,0,0.03,-0.015,-1,0.3,-0.5,0
83.5848787000027,17,0,19,0,0,0.03,-0.015,-1,0.3,-0.5,0
83.5948787000028,88,0,19,0,0,0.03,-0.015,-1,0.3,-0.5,0
83.6048787000028,23,0,19,0,0,0.03,-0.015,-1,0.3,-0.5,0
83.6148787000028,23,0.01,19,0,0,0.029,-0.018,-1.005,0.3,-0.5,0
83.6248787000028,23,0.01,19,0,0,0.029,-0.018,-1.005,0.3,-0.5,0
83.6348787000028,52,0.01,19,0,0,0.029,-0.018,-1.005,0.3,-0.5,0
83.6448787000028,17,0.01,19,0,0,0.029,-0.018,-1.005,0.3,-0.5,0
83.6548787000028,17,0.01,19,0,0,0.029,-0.018,-1.005,0.3,-0.5,0
83.6648787000028,17,-0.01,19,0,0,0.031,-0.012,-0.997,0.4,-0.4,0
83.6748787000028,77,-0.01,19,0,0,0.031,-0.012,-0.997,0.4,-0.4,0
83.6848787000028,17,-0.01,19,0,0,0.031,-0.012,-0.997,0.4,-0.4,0
83.6948787000028,17,-0.01,19,0,0,0.031,-0.012,-0.997,0.4,-0.4,0
83.7048787000028,17,-0.01,19,0,0,0.031,-0.012,-0.997,0.4,-0.4,0
83.7148787000028,47,0,19,0,0,0.03,-0.018,-1.004,0.3,-0.6,0
83.7248787000028,17,0,19,0,0,0.03,-0.018,-1.004,0.3,-0.6,0
83.7348787000028,17,0,19,0,0,0.03,-0.018,-1.004,0.3,-0.6,0
83.7448787000028,96,0,19,0,0,0.03,-0.018,-1.004,0.3,-0.6,0
83.7548787000028,17,0,19,0,0,0.03,-0.018,-1.004,0.3,-0.6,0
83.7648787000028,17,0,19,0,0,0.029,-0.016,-1.002,0.3,-0.6,0
83.7748787000028,17,0,19,0,0,0.029,-0.016,-1.002,0.3,-0.6,0
83.7848787000028,78,0,19,0,0,0.029,-0.016,-1.002,0.3,-0.6,0
83.7948787000028,35,0,19,0,0,0.029,-0.016,-1.002,0.3,-0.6,0
83.8048787000028,35,0,19,0,0,0.029,-0.016,-1.002,0.3,-0.6,0
83.8148787000028,33,0,19,0,0,0.031,-0.014,-0.996,0.3,-0.6,0
83.8248787000028,0,0,19,0,0,0.031,-0.014,-0.996,0.3,-0.6,0
83.8348787000028,7,0,19,0,0,0.031,-0.014,-0.996,0.3,-0.6,0
83.8448787000028,29,0,19,0,0,0.031,-0.014,-0.996,0.3,-0.6,0
83.8548787000028,29,0,19,0,0,0.031,-0.014,-0.996,0.3,-0.6,0
83.8648787000028,59,0,19,0,0,0.029,-0.017,-1.006,0.2,-0.4,0
83.8748787000028,35,0,19,0,0,0.029,-0.017,-1.006,0.2,-0.4,0
83.8848787000028,35,0,19,0,0,0.029,-0.017,-1.006,0.2,-0.4,0
83.8948787000028,61,0,19,0,0,0.029,-0.017,-1.006,0.2,-0.4,0
83.9048787000028,35,0,19,0,0,0.029,-0.017,-1.006,0.2,-0.4,0
83.9148787000028,35,0,19,0,0,0.03,-0.015,-1,0.3,-0.9,0
83.9248787000028,35,0,19,0,0,0.03,-0.015,-1,0.3,-0.9,0
83.9348787000028,47,0,19,0,0,0.03,-0.015,-1,0.3,-0.9,0
83.9448787000028,35,0,19,0,0,0.03,-0.015,-1,0.3,-0.9,0
83.9548787000028,35,0,19,0,0,0.03,-0.015,-1,0.3,-0.9,0
83.9648787000028,49,0,19,0,0,0.029,-0.015,-0.999,0.3,-0.3,0
83.9748787000028,35,0,19,0,0,0.029,-0.015,-0.999,0.3,-0.3,0
83.9848787000028,35,0,19,0,0,0.029,-0.015,-0.999,0.3,-0.3,0
83.9948787000028,35,0,19,0,0,0.029,-0.015,-0.999,0.3,-0.3,0
84.0048787000028,6,0,19,0,0,0.029,-0.015,-0.999,0.3,-0.3,0
84.0148787000029,0,0,19,0,0,0.028,-0.015,-1.006,0.3,-0.9,0
84.0248787000029,0,0,19,0,0,0.028,-0.015,-1.006,0.3,-0.9,0
84.0348787000028,28,0,19,0,0,0.028,-0.015,-1.006,0.3,-0.9,0
84.0448787000029,29,0,19,0,0,0.028,-0.015,-1.006,0.3,-0.9,0
84.0548787000029,29,0,19,0,0,0.028,-0.015,-1.006,0.3,-0.9,0
84.0648787000029,65,0,19,0,0,0.031,-0.017,-0.999,0.3,-0.4,0
84.0748787000029,35,0,19,0,0,0.031,-0.017,-0.999,0.3,-0.4,0
84.0848787000029,35,0,19,0,0,0.031,-0.017,-0.999,0.3,-0.4,0
84.0948787000029,30,0,19,0,0,0.031,-0.017,-0.999,0.3,-0.4,0
84.1048787000029,7,0,19,0,0,0.031,-0.017,-0.999,0.3,-0.4,0
84.1148787000029,29,-0.02,19,0,0,0.029,-0.014,-1.006,0.2,-0.7,0
84.1248787000029,29,-0.02,19,0,0,0.029,-0.014,-1.006,0.2,-0.7,0
84.1348787000029,57,-0.02,19,0,0,0.029,-0.014,-1.006,0.2,-0.7,0
84.1448787000029,29,-0.02,19,0,0,0.029,-0.014,-1.006,0.2,-0.7,0
84.1548787000029,29,-0.02,19,0,0,0.029,-0.014,-1.006,0.2,-0.7,0
84.1648787000029,29,0,19,0,0,0.03,-0.015,-0.996,0.3,-0.4,0
84.1748787000029,24,0,19,0,0,0.03,-0.015,-0.996,0.3,-0.4,0
84.1848787000029,24,0,19,0,0,0.03,-0.015,-0.996,0.3,-0.4,0
84.1948787000029,29,0,19,0,0,0.03,-0.015,-0.996,0.3,-0.4,0
84.2048787000029,86,0,19,0,0,0.03,-0.015,-0.996,0.3,-0.4,0
84.2148787000029,29,0,19,0,0,0.028,-0.017,-1.008,0.3,-0.9,0
84.2248787000029,29,0,19,0,0,0.028,-0.017,-1.008,0.3,-0.9,0
84.2348787000029,29,0,19,0,0,0.028,-0.017,-1.008,0.3,-0.9,0
84.2448787000029,39,0,19,0,0,0.028,-0.017,-1.008,0.3,-0.9,0
84.2548787000029,35,0,19,0,0,0.028,-0.017,-1.008,0.3,-0.9,0
84.2648787000029,35,0,19,0,0,0.031,-0.012,-0.996,0.3,-0.3,0
84.2748787000029,28,0,19,0,0,0.031,-0.012,-0.996,0.3,-0.3,0
84.2848787000029,0,0,19,0,0,0.031,-0.012,-0.996,0.3,-0.3,0
84.2948787000029,29,0,19,0,0,0.031,-0.012,-0.996,0.3,-0.3,0
84.3048787000029,35,0,19,0,0,0.031,-0.012,-0.996,0.3,-0.3,0
84.3148787000029,35,0,19,0,0,0.029,-0.015,-1.006,0.2,-0.7,0
84.3248787000029,48,0,19,0,0,0.029,-0.015,-1.006,0.2,-0.7,0
84.3348787000029,35,0,19,0,0,0.029,-0.015,-1.006,0.2,-0.7,0
84.3448787000029,35,0,19,0,0,0.029,-0.015,-1.006,0.2,-0.7,0
84.3548787000029,57,0,19,0,0,0.029,-0.015,-1.006,0.2,-0.7,0
84.3648787000029,35,0,19,0,0,0.031,-0.014,-0.993,0.2,-0.7,0
84.3748787000029,35,0,19,0,0,0.031,-0.014,-0.993,0.2,-0.7,0
84.3848787000029,35,0,19,0,0,0.031,-0.014,-0.993,0.2,-0.7,0
84.3948787000029,42,0,19,0,0,0.031,-0.014,-0.993,0.2,-0.7,0
84.4048787000029,35,0,19,0,0,0.031,-0.014,-0.993,0.2,-0.7,0
84.4148787000029,35,0,19,0,0,0.03,-0.015,-1.004,0.3,-0.4,0
84.4248787000029,47,0,19,0,0,0.03,-0.015,-1.004,0.3,-0.4,0
84.4348787000029,35,0,19,0,0,0.03,-0.015,-1.004,0.3,-0.4,0
84.4448787000029,35,0,19,0,0,0.03,-0.015,-1.004,0.3,-0.4,0
84.454878700003,28,0,19,0,0,0.03,-0.015,-1.004,0.3,-0.4,0
84.464878700003,0,0,19,0,0,0.03,-0.016,-0.998,0.3,-0.4,0
84.474878700003,0,0,19,0,0,0.03,-0.016,-0.998,0.3,-0.4,0
84.484878700003,24,0,19,0,0,0.03,-0.016,-0.998,0.3,-0.4,0
84.494878700003,29,0,19,0,0,0.03,-0.016,-0.998,0.3,-0.4,0
84.504878700003,29,0,19,0,0,0.03,-0.016,-0.998,0.3,-0.4,0
84.514878700003,55,0,19,0,0,0.03,-0.013,-1,0.2,-0.6,0
84.524878700003,35,0,19,0,0,0.03,-0.013,-1,0.2,-0.6,0
84.534878700003,35,0,19,0,0,0.03,-0.013,-1,0.2,-0.6,0
84.544878700003,35,0,19,0,0,0.03,-0.013,-1,0.2,-0.6,0
84.554878700003,13,0,19,0,0,0.03,-0.013,-1,0.2,-0.6,0
84.564878700003,35,-0.02,19,0,0,0.031,-0.015,-0.994,0.3,-0.6,0
84.574878700003,35,-0.02,19,0,0,0.031,-0.015,-0.994,0.3,-0.6,0
84.584878700003,58,-0.02,19,0,0,0.031,-0.015,-0.994,0.3,-0.6,0
84.594878700003,35,-0.02,19,0,0,0.031,-0.015,-0.994,0.3,-0.6,0
84.604878700003,35,-0.02,19,0,0,0.031,-0.015,-0.994,0.3,-0.6,0
84.614878700003,35,0,19,0,0,0.03,-0.015,-1.004,0.3,-0.6,0
84.624878700003,29,0,19,0,0,0.03,-0.015,-1.004,0.3,-0.6,0
84.634878700003,0,0,19,0,0,0.03,-0.015,-1.004,0.3,-0.6,0
84.644878700003,29,0,19,0,0,0.03,-0.015,-1.004,0.3,-0.6,0
84.654878700003,90,0,19,0,0,0.03,-0.015,-1.004,0.3,-0.6,0
84.664878700003,29,0,19,0,0,0.031,-0.014,-0.994,0.2,-0.4,0.1
84.674878700003,29,0,19,0,0,0.031,-0.014,-0.994,0.2,-0.4,0.1
84.684878700003,29,0,19,0,0,0.031,-0.014,-0.994,0.2,-0.4,0.1
84.694878700003,48,0,19,0,0,0.031,-0.014,-0.994,0.2,-0.4,0.1
84.704878700003,35,0,19,0,0,0.031,-0.014,-0.994,0.2,-0.4,0.1
84.714878700003,35,0,19,0,0,0.028,-0.014,-1.006,0.3,-0.7,0
84.724878700003,35,0,19,0,0,0.028,-0.014,-1.006,0.3,-0.7,0
84.734878700003,0,0,19,0,0,0.028,-0.014,-1.006,0.3,-0.7,0
84.744878700003,16,0,19,0,0,0.028,-0.014,-1.006,0.3,-0.7,0
84.754878700003,35,0,19,0,0,0.028,-0.014,-1.006,0.3,-0.7,0
84.764878700003,35,0,19,0,0,0.032,-0.014,-0.991,0.2,-0.7,0
84.774878700003,35,0,19,0,0,0.032,-0.014,-0.991,0.2,-0.7,0
84.784878700003,44,0,19,0,0,0.032,-0.014,-0.991,0.2,-0.7,0
84.794878700003,35,0,19,0,0,0.032,-0.014,-0.991,0.2,-0.7,0
84.804878700003,67,0,19,0,0,0.032,-0.014,-0.991,0.2,-0.7,0
84.814878700003,35,-0.01,19,0,0,0.029,-0.013,-1.002,0.3,-0.4,0
84.824878700003,35,-0.01,19,0,0,0.029,-0.013,-1.002,0.3,-0.4,0
84.834878700003,35,-0.01,19,0,0,0.029,-0.013,-1.002,0.3,-0.4,0
84.844878700003,40,-0.01,19,0,0,0.029,-0.013,-1.002,0.3,-0.4,0
84.854878700003,35,-0.01,19,0,0,0.029,-0.013,-1.002,0.3,-0.4,0
84.864878700003,35,0.01,19,0,0,0.03,-0.016,-1,0.3,-0.8,0
84.8748787000031,44,0.01,19,0,0,0.03,-0.016,-1,0.3,-0.8,0
84.884878700003,35,0.01,19,0,0,0.03,-0.016,-1,0.3,-0.8,0
84.894878700003,35,0.01,19,0,0,0.03,-0.016,-1,0.3,-0.8,0
84.9048787000031,35,0.01,19,0,0,0.03,-0.016,-1,0.3,-0.8,0
84.9148787000031,0,0,19,0,0,0.03,-0.014,-0.998,0.3,-0.4,0
84.9248787000031,0,0,19,0,0,0.03,-0.014,-0.998,0.3,-0.4,0
84.9348787000031,14,0,19,0,0,0.03,-0.014,-0.998,0.3,-0.4,0
84.9448787000031,29,0,19,0,0,0.03,-0.014,-0.998,0.3,-0.4,0
84.9548787000031,29,0,19,0,0,0.03,-0.014,-0.998,0.3,-0.4,0
84.9648787000031,58,0,19,0,0,0.029,-0.012,-1,0.2,-0.7,0
84.9748787000031,35,0,19,0,0,0.029,-0.012,-1,0.2,-0.7,0
84.9848787000031,35,0,19,0,0,0.029,-0.012,-1,0.2,-0.7,0
84.9948787000031,35,0,19,0,0,0.029,-0.012,-1,0.2,-0.7,0
85.0048787000031,13,0,19,0,0,0.029,-0.012,-1,0.2,-0.7,0
85.0148787000031,24,-0.02,19,0,0,0.031,-0.015,-0.996,0.3,-0.4,0
85.0248787000031,35,-0.02,19,0,0,0.031,-0.015,-0.996,0.3,-0.4,0
85.0348787000031,35,-0.02,19,0,0,0.031,-0.015,-0.996,0.3,-0.4,0
85.0448787000031,67,-0.02,19,0,0,0.031,-0.015,-0.996,0.3,-0.4,0
85.0548787000031,35,-0.02,19,0,0,0.031,-0.015,-0.996,0.3,-0.4,0
85.0648787000031,35,-0.01,19,0,0,0.029,-0.013,-1.001,0.3,-0.7,0
85.0748787000031,35,-0.01,19,0,0,0.029,-0.013,-1.001,0.3,-0.7,0
85.0848787000031,0,-0.01,19,0,0,0.029,-0.013,-1.001,0.3,-0.7,0
85.0948787000031,27,-0.01,19,0,0,0.029,-0.013,-1.001,0.3,-0.7,0
85.1048787000031,29,-0.01,19,0,0,0.029,-0.013,-1.001,0.3,-0.7,0
85.1148787000031,89,0,19,0,0,0.029,-0.018,-0.998,0.2,-0.4,0
85.1248787000031,29,0,19,0,0,0.029,-0.018,-0.998,0.2,-0.4,0
85.1348787000031,29,0,19,0,0,0.029,-0.018,-0.998,0.2,-0.4,0
85.1448787000031,40,0,19,0,0,0.029,-0.018,-0.998,0.2,-0.4,0
85.1548787000031,35,0,19,0,0,0.029,-0.018,-0.998,0.2,-0.4,0
85.1648787000031,35,0,19,0,0,0.03,-0.013,-1.002,0.2,-0.9,0
85.1748787000031,35,0,19,0,0,0.03,-0.013,-1.002,0.2,-0.9,0
85.1848787000031,14,0,19,0,0,0.03,-0.013,-1.002,0.2,-0.9,0
85.1948787000031,14,0,19,0,0,0.03,-0.013,-1.002,0.2,-0.9,0
85.2048787000031,35,0,19,0,0,0.03,-0.013,-1.002,0.2,-0.9,0
85.2148787000031,35,0,19,0,0,0.032,-0.016,-0.994,0.3,-0.4,0.1
85.2248787000031,35,0,19,0,0,0.032,-0.016,-0.994,0.3,-0.4,0.1
85.2348787000031,35,0,19,0,0,0.032,-0.016,-0.994,0.3,-0.4,0.1
85.2448787000031,35,0,19,0,0,0.032,-0.016,-0.994,0.3,-0.4,0.1
85.2548787000031,35,0,19,0,0,0.032,-0.016,-0.994,0.3,-0.4,0.1
85.2648787000031,61,-0.01,19,0,0,0.03,-0.015,-1.005,0.3,-0.6,0
85.2748787000031,35,-0.01,19,0,0,0.03,-0.015,-1.005,0.3,-0.6,0
85.2848787000031,35,-0.01,19,0,0,0.03,-0.015,-1.005,0.3,-0.6,0
85.2948787000031,47,-0.01,19,0,0,0.03,-0.015,-1.005,0.3,-0.6,0
85.3048787000031,35,-0.01,19,0,0,0.03,-0.015,-1.005,0.3,-0.6,0
85.3148787000031,35,0.01,19,0,0,0.03,-0.015,-0.997,0.3,-0.8,0
85.3248787000032,46,0.01,19,0,0,0.03,-0.015,-0.997,0.3,-0.8,0
85.3348787000031,35,0.01,19,0,0,0.03,-0.015,-0.997,0.3,-0.8,0
85.3448787000032,35,0.01,19,0,0,0.03,-0.015,-0.997,0.3,-0.8,0
85.3548787000032,35,0.01,19,0,0,0.03,-0.015,-0.997,0.3,-0.8,0
85.3648787000032,14,0.01,19,0,0,0.03,-0.016,-1,0.2,-0.3,0
85.3748787000032,0,0.01,19,0,0,0.03,-0.016,-1,0.2,-0.3,0
85.3848787000032,0,0.01,19,0,0,0.03,-0.016,-1,0.2,-0.3,0
85.3948787000032,0,0.01,19,0,0,0.03,-0.016,-1,0.2,-0.3,0
85.4048787000032,15,0.01,19,0,0,0.03,-0.016,-1,0.2,-0.3,0
85.4148787000032,29,0,19,0,0,0.03,-0.013,-0.997,0.3,-0.9,0
85.4248787000032,29,0,19,0,0,0.03,-0.013,-0.997,0.3,-0.9,0
85.4348787000032,64,0,19,0,0,0.03,-0.013,-0.997,0.3,-0.9,0
85.4448787000032,29,0,19,0,0,0.03,-0.013,-0.997,0.3,-0.9,0
85.4548787000032,29,0,19,0,0,0.03,-0.013,-0.997,0.3,-0.9,0
85.4648787000032,29,0,19,0,0,0.03,-0.014,-1,0.3,-0.3,0
85.4748787000032,16,0,19,0,0,0.03,-0.014,-1,0.3,-0.3,0
85.4848787000032,27,0,19,0,0,0.03,-0.014,-1,0.3,-0.3,0
85.4948787000032,29,0,19,0,0,0.03,-0.014,-1,0.3,-0.3,0
85.5048787000032,29,0,19,0,0,0.03,-0.014,-1,0.3,-0.3,0
85.5148787000032,60,-0.01,19,0,0,0.031,-0.013,-0.994,0.3,-0.7,0
85.5248787000032,29,-0.01,19,0,0,0.031,-0.013,-0.994,0.3,-0.7,0
85.5348787000032,29,-0.01,19,0,0,0.031,-0.013,-0.994,0.3,-0.7,0
85.5448787000032,29,-0.01,19,0,0,0.031,-0.013,-0.994,0.3,-0.7,0
85.5548787000032,21,-0.01,19,0,0,0.031,-0.013,-0.994,0.3,-0.7,0
85.5648787000032,29,0.01,19,0,0,0.029,-0.017,-1.001,0.3,-0.5,0
85.5748787000032,88,0.01,19,0,0,0.029,-0.017,-1.001,0.3,-0.5,0
85.5848787000032,29,0.01,19,0,0,0.029,-0.017,-1.001,0.3,-0.5,0
85.5948787000032,29,0.01,19,0,0,0.029,-0.017,-1.001,0.3,-0.5,0
85.6048787000032,29,0.01,19,0,0,0.029,-0.017,-1.001,0.3,-0.5,0
85.6148787000032,34,0,19,0,0,0.031,-0.013,-0.995,0.2,-0.6,0
85.6248787000032,35,0,19,0,0,0.031,-0.013,-0.995,0.2,-0.6,0
85.6348787000032,35,0,19,0,0,0.031,-0.013,-0.995,0.2,-0.6,0
85.6448787000032,35,0,19,0,0,0.031,-0.013,-0.995,0.2,-0.6,0
85.6548787000032,17,0,19,0,0,0.031,-0.013,-0.995,0.2,-0.6,0
85.6648787000032,13,0,19,0,0,0.031,-0.014,-0.999,0.3,-0.6,0
85.6748787000032,35,0,19,0,0,0.031,-0.014,-0.999,0.3,-0.6,0
85.6848787000032,35,0,19,0,0,0.031,-0.014,-0.999,0.3,-0.6,0
85.6948787000032,35,0,19,0,0,0.031,-0.014,-0.999,0.3,-0.6,0
85.7048787000032,37,0,19,0,0,0.031,-0.014,-0.999,0.3,-0.6,0
85.7148787000032,35,-0.01,19,0,0,0.031,-0.015,-0.994,0.2,-0.7,0
85.7248787000032,35,-0.01,19,0,0,0.031,-0.015,-0.994,0.2,-0.7,0
85.7348787000032,59,-0.01,19,0,0,0.031,-0.015,-0.994,0.2,-0.7,0
85.7448787000032,35,-0.01,19,0,0,0.031,-0.015,-0.994,0.2,-0.7,0
85.7548787000032,35,-0.01,19,0,0,0.031,-0.015,-0.994,0.2,-0.7,0
85.7648787000033,46,0,19,0,0,0.029,-0.014,-1.002,0.3,-0.3,0
85.7748787000033,35,0,19,0,0,0.029,-0.014,-1.002,0.3,-0.3,0
85.7848787000032,35,0,19,0,0,0.029,-0.014,-1.002,0.3,-0.3,0
85.7948787000033,48,0,19,0,0,0.029,-0.014,-1.002,0.3,-0.3,0
85.8048787000033,35,0,19,0,0,0.029,-0.014,-1.002,0.3,-0.3,0
85.8148787000033,35,0.01,19,0,0,0.031,-0.016,-0.999,0.2,-0.9,0
85.8248787000033,35,0.01,19,0,0,0.031,-0.016,-0.999,0.2,-0.9,0
85.8348787000033,22,0.01,19,0,0,0.031,-0.016,-0.999,0.2,-0.9,0
85.8448787000033,0,0.01,19,0,0,0.031,-0.016,-0.999,0.2,-0.9,0
85.8548787000033,0,0.01,19,0,0,0.031,-0.016,-0.999,0.2,-0.9,0
85.8648787000033,11,0,19,0,0,0.028,-0.015,-0.999,0.3,-0.2,0
85.8748787000033,29,0,19,0,0,0.028,-0.015,-0.999,0.3,-0.2,0
85.8848787000033,29,0,19,0,0,0.028,-0.015,-0.999,0.3,-0.2,0
85.8948787000033,61,0,19,0,0,0.028,-0.015,-0.999,0.3,-0.2,0
85.9048787000033,35,0,19,0,0,0.028,-0.015,-0.999,0.3,-0.2,0
85.9148787000033,35,0,19,0,0,0.03,-0.015,-1.002,0.2,-1,0
85.9248787000033,35,0,19,0,0,0.03,-0.015,-1.002,0.2,-1,0
85.9348787000033,21,0,19,0,0,0.03,-0.015,-1.002,0.2,-1,0
85.9448787000033,17,0,19,0,0,0.03,-0.015,-1.002,0.2,-1,0
85.9548787000033,29,0,19,0,0,0.03,-0.015,-1.002,0.2,-1,0
85.9648787000033,29,-0.01,19,0,0,0.03,-0.016,-1.001,0.2,-0.2,0
85.9748787000033,55,-0.01,19,0,0,0.03,-0.016,-1.001,0.2,-0.2,0
85.9848787000033,29,-0.01,19,0,0,0.03,-0.016,-1.001,0.2,-0.2,0
85.9948787000033,29,-0.01,19,0,0,0.03,-0.016,-1.001,0.2,-0.2,0
86.0048787000033,29,-0.01,19,0,0,0.03,-0.016,-1.001,0.2,-0.2,0
86.0148787000033,20,0.01,19,0,0,0.029,-0.016,-1.004,0.3,-0.9,0
86.0248787000033,29,0.01,19,0,0,0.029,-0.016,-1.004,0.3,-0.9,0
86.0348787000033,29,0.01,19,0,0,0.029,-0.016,-1.004,0.3,-0.9,0
86.0448787000033,86,0.01,19,0,0,0.029,-0.016,-1.004,0.3,-0.9,0
86.0548787000033,29,0.01,19,0,0,0.029,-0.016,-1.004,0.3,-0.9,0
86.0648787000033,29,0,19,0,0,0.03,-0.016,-1.002,0.3,-0.4,0
86.0748787000033,29,0,19,0,0,0.03,-0.016,-1.002,0.3,-0.4,0
86.0848787000033,39,0,19,0,0,0.03,-0.016,-1.002,0.3,-0.4,0
86.0948787000033,35,0,19,0,0,0.03,-0.016,-1.002,0.3,-0.4,0
86.1048787000033,35,0,19,0,0,0.03,-0.016,-1.002,0.3,-0.4,0
86.1148787000033,24,0,19,0,0,0.031,-0.014,-0.998,0.2,-0.7,0
86.1248787000033,0,0,19,0,0,0.031,-0.014,-0.998,0.2,-0.7,0
86.1348787000033,32,0,19,0,0,0.031,-0.014,-0.998,0.2,-0.7,0
86.1448787000033,35,0,19,0,0,0.031,-0.014,-0.998,0.2,-0.7,0
86.1548787000033,35,0,19,0,0,0.031,-0.014,-0.998,0.2,-0.7,0
86.1648787000033,47,-0.01,19,0,0,0.03,-0.016,-1.001,0.3,-0.3,0
86.1748787000033,35,-0.01,19,0,0,0.03,-0.016,-1.001,0.3,-0.3,0
86.1848787000033,35,-0.01,19,0,0,0.03,-0.016,-1.001,0.3,-0.3,0
86.1948787000033,58,-0.01,19,0,0,0.03,-0.016,-1.001,0.3,-0.3,0
86.2048787000033,35,-0.01,19,0,0,0.03,-0.016,-1.001,0.3,-0.3,0
86.2148787000034,35,-0.01,19,0,0,0.03,-0.015,-1.002,0.3,-0.9,0
86.2248787000034,35,-0.01,19,0,0,0.03,-0.015,-1.002,0.3,-0.9,0
86.2348787000033,42,-0.01,19,0,0,0.03,-0.015,-1.002,0.3,-0.9,0
86.2448787000034,35,-0.01,19,0,0,0.03,-0.015,-1.002,0.3,-0.9,0
86.2548787000034,35,-0.01,19,0,0,0.03,-0.015,-1.002,0.3,-0.9,0
86.2648787000034,47,0,19,0,0,0.03,-0.014,-0.994,0.2,-0.3,0
86.2748787000034,35,0,19,0,0,0.03,-0.014,-0.994,0.2,-0.3,0
86.2848787000034,35,0,19,0,0,0.03,-0.014,-0.994,0.2,-0.3,0
86.2948787000034,32,0,19,0,0,0.03,-0.014,-0.994,0.2,-0.3,0
86.3048787000034,0,0,19,0,0,0.03,-0.014,-0.994,0.2,-0.3,0
86.3148787000034,0,0,19,0,0,0.029,-0.015,-1.006,0.3,-0.7,0
86.3248787000034,14,0,19,0,0,0.029,-0.015,-1.006,0.3,-0.7,0
86.3348787000034,29,0,19,0,0,0.029,-0.015,-1.006,0.3,-0.7,0
86.3448787000034,29,0,19,0,0,0.029,-0.015,-1.006,0.3,-0.7,0
86.3548787000034,54,0,19,0,0,0.029,-0.015,-1.006,0.3,-0.7,0
86.3648787000034,35,0.01,19,0,0,0.032,-0.016,-0.991,0.2,-0.4,0
86.3748787000034,35,0.01,19,0,0,0.032,-0.016,-0.991,0.2,-0.4,0
86.3848787000034,35,0.01,19,0,0,0.032,-0.016,-0.991,0.2,-0.4,0
86.3948787000034,21,0.01,19,0,0,0.032,-0.016,-0.991,0.2,-0.4,0
86.4048787000034,22,0.01,19,0,0,0.032,-0.016,-0.991,0.2,-0.4,0
86.4148787000034,29,-0.02,19,0,0,0.027,-0.014,-1.005,0.2,-0.7,0
86.4248787000034,29,-0.02,19,0,0,0.027,-0.014,-1.005,0.2,-0.7,0
86.4348787000034,57,-0.02,19,0,0,0.027,-0.014,-1.005,0.2,-0.7,0
86.4448787000034,29,-0.02,19,0,0,0.027,-0.014,-1.005,0.2,-0.7,0
86.4548787000034,29,-0.02,19,0,0,0.027,-0.014,-1.005,0.2,-0.7,0
86.4648787000034,29,0,19,0,0,0.032,-0.014,-0.991,0.3,-0.5,0
86.4748787000034,13,0,19,0,0,0.032,-0.014,-0.991,0.3,-0.5,0
86.4848787000034,29,0,19,0,0,0.032,-0.014,-0.991,0.3,-0.5,0
86.4948787000034,29,0,19,0,0,0.032,-0.014,-0.991,0.3,-0.5,0
86.5048787000034,86,0,19,0,0,0.032,-0.014,-0.991,0.3,-0.5,0
86.5148787000034,29,0,19,0,0,0.028,-0.015,-1.006,0.2,-0.8,0
86.5248787000034,29,0,19,0,0,0.028,-0.015,-1.006,0.2,-0.8,0
86.5348787000034,45,0,19,0,0,0.028,-0.015,-1.006,0.2,-0.8,0
86.5448787000034,35,0,19,0,0,0.028,-0.015,-1.006,0.2,-0.8,0
86.5548787000034,35,0,19,0,0,0.028,-0.015,-1.006,0.2,-0.8,0
86.5648787000034,35,0,19,0,0,0.032,-0.015,-0.992,0.2,-0.4,0
86.5748787000034,0,0,19,0,0,0.032,-0.015,-0.992,0.2,-0.4,0
86.5848787000034,12,0,19,0,0,0.032,-0.015,-0.992,0.2,-0.4,0
86.5948787000034,35,0,19,0,0,0.032,-0.015,-0.992,0.2,-0.4,0
86.6048787000034,35,0,19,0,0,0.032,-0.015,-0.992,0.2,-0.4,0
86.6148787000034,35,0,19,0,0,0.028,-0.014,-1.007,0.2,-0.6,0
86.6248787000034,42,0,19,0,0,0.028,-0.014,-1.007,0.2,-0.6,0
86.6348787000034,35,0,19,0,0,0.028,-0.014,-1.007,0.2,-0.6,0
86.6448787000034,35,0,19,0,0,0.028,-0.014,-1.007,0.2,-0.6,0
86.6548787000035,66,0,19,0,0,0.028,-0.014,-1.007,0.2,-0.6,0
86.6648787000035,35,0,19,0,0,0.031,-0.015,-0.993,0.2,-0.7,0
86.6748787000035,35,0,19,0,0,0.031,-0.015,-0.993,0.2,-0.7,0
86.6848787000035,39,0,19,0,0,0.031,-0.015,-0.993,0.2,-0.7,0
86.6948787000035,35,0,19,0,0,0.031,-0.015,-0.993,0.2,-0.7,0
86.7048787000035,35,0,19,0,0,0.031,-0.015,-0.993,0.2,-0.7,0
86.7148787000035,46,0,19,0,0,0.03,-0.015,-1.004,0.3,-0.3,0
86.7248787000035,35,0,19,0,0,0.03,-0.015,-1.004,0.3,-0.3,0
86.7348787000035,35,0,19,0,0,0.03,-0.015,-1.004,0.3,-0.3,0
86.7448787000035,35,0,19,0,0,0.03,-0.015,-1.004,0.3,-0.3,0
86.7548787000035,10,0,19,0,0,0.03,-0.015,-1.004,0.3,-0.3,0
86.7648787000035,0,0,19,0,0,0.03,-0.014,-0.998,0.2,-0.9,0
86.7748787000035,0,0,19,0,0,0.03,-0.014,-0.998,0.2,-0.9,0
86.7848787000035,28,0,19,0,0,0.03,-0.014,-0.998,0.2,-0.9,0
86.7948787000035,29,0,19,0,0,0.03,-0.014,-0.998,0.2,-0.9,0
86.8048787000035,29,0,19,0,0,0.03,-0.014,-0.998,0.2,-0.9,0
86.8148787000035,62,0,19,0,0,0.029,-0.017,-1,0.3,-0.3,0
86.8248787000035,35,0,19,0,0,0.029,-0.017,-1,0.3,-0.3,0
86.8348787000035,35,0,19,0,0,0.029,-0.017,-1,0.3,-0.3,0
86.8448787000035,34,0,19,0,0,0.029,-0.017,-1,0.3,-0.3,0
86.8548787000035,0,0,19,0,0,0.029,-0.017,-1,0.3,-0.3,0
86.8648787000035,29,-0.02,19,0,0,0.029,-0.015,-1.001,0.2,-0.8,0
86.8748787000035,29,-0.02,19,0,0,0.029,-0.015,-1.001,0.2,-0.8,0
86.8848787000035,66,-0.02,19,0,0,0.029,-0.015,-1.001,0.2,-0.8,0
86.8948787000035,29,-0.02,19,0,0,0.029,-0.015,-1.001,0.2,-0.8,0
86.9048787000035,29,-0.02,19,0,0,0.029,-0.015,-1.001,0.2,-0.8,0
86.9148787000035,29,0,19,0,0,0.031,-0.015,-0.999,0.3,-0.4,0
86.9248787000035,22,0,19,0,0,0.031,-0.015,-0.999,0.3,-0.4,0
86.9348787000035,21,0,19,0,0,0.031,-0.015,-0.999,0.3,-0.4,0
86.9448787000035,29,0,19,0,0,0.031,-0.015,-0.999,0.3,-0.4,0
86.9548787000035,86,0,19,0,0,0.031,-0.015,-0.999,0.3,-0.4,0
86.9648787000035,29,0,19,0,0,0.03,-0.014,-1,0.2,-1,0
86.9748787000035,29,0,19,0,0,0.03,-0.014,-1,0.2,-1,0
86.9848787000035,29,0,19,0,0,0.03,-0.014,-1,0.2,-1,0
86.9948787000035,42,0,19,0,0,0.03,-0.014,-1,0.2,-1,0
87.0048787000035,35,0,19,0,0,0.03,-0.014,-1,0.2,-1,0
87.0148787000035,35,0,19,0,0,0.03,-0.015,-1,0.2,-0.3,0
87.0248787000035,27,0,19,0,0,0.03,-0.015,-1,0.2,-0.3,0
87.0348787000035,0,0,19,0,0,0.03,-0.015,-1,0.2,-0.3,0
87.0448787000035,35,0,19,0,0,0.03,-0.015,-1,0.2,-0.3,0
87.0548787000035,35,0,19,0,0,0.03,-0.015,-1,0.2,-0.3,0
87.0648787000035,35,0,19,0,0,0.029,-0.014,-1.002,0.2,-0.9,0
87.0748787000036,33,0,19,0,0,0.029,-0.014,-1.002,0.2,-0.9,0
87.0848787000035,35,0,19,0,0,0.029,-0.014,-1.002,0.2,-0.9,0
87.0948787000035,35,0,19,0,0,0.029,-0.014,-1.002,0.2,-0.9,0
87.1048787000036,60,0,19,0,0,0.029,-0.014,-1.002,0.2,-0.9,0
87.1148787000036,35,0,19,0,0,0.031,-0.014,-0.992,0.2,-0.4,0
87.1248787000036,35,0,19,0,0,0.031,-0.014,-0.992,0.2,-0.4,0
87.1348787000036,35,0,19,0,0,0.031,-0.014,-0.992,0.2,-0.4,0
87.1448787000036,46,0,19,0,0,0.031,-0.014,-0.992,0.2,-0.4,0
87.1548787000036,35,0,19,0,0,0.031,-0.014,-0.992,0.2,-0.4,0
87.1648787000036,35,0,19,0,0,0.03,-0.015,-1.003,0.3,-0.6,0
87.1748787000036,47,0,19,0,0,0.03,-0.015,-1.003,0.3,-0.6,0
87.1848787000036,35,0,19,0,0,0.03,-0.015,-1.003,0.3,-0.6,0
87.1948787000036,35,0,19,0,0,0.03,-0.015,-1.003,0.3,-0.6,0
87.2048787000036,30,0,19,0,0,0.03,-0.015,-1.003,0.3,-0.6,0
87.2148787000036,0,0,19,0,0,0.031,-0.015,-0.992,0.3,-0.6,0
87.2248787000036,0,0,19,0,0,0.031,-0.015,-0.992,0.3,-0.6,0
87.2348787000036,0,0,19,0,0,0.031,-0.015,-0.992,0.3,-0.6,0
87.2448787000036,0,0,19,0,0,0.031,-0.015,-0.992,0.3,-0.6,0
87.2548787000036,0,0,19,0,0,0.031,-0.015,-0.992,0.3,-0.6,0
87.2648787000036,27,0,19,0,0,0.03,-0.015,-1.002,0.3,-0.6,0
87.2748787000036,29,0,19,0,0,0.03,-0.015,-1.002,0.3,-0.6,0
87.2848787000036,29,0,19,0,0,0.03,-0.015,-1.002,0.3,-0.6,0
87.2948787000036,68,0,19,0,0,0.03,-0.015,-1.002,0.3,-0.6,0
87.3048787000036,29,0,19,0,0,0.03,-0.015,-1.002,0.3,-0.6,0
87.3148787000036,29,0,19,0,0,0.03,-0.013,-0.995,0.3,-0.5,0
87.3248787000036,29,0,19,0,0,0.03,-0.013,-0.995,0.3,-0.5,0
87.3348787000036,15,0,19,0,0,0.03,-0.013,-0.995,0.3,-0.5,0
87.3448787000036,29,0,19,0,0,0.03,-0.013,-0.995,0.3,-0.5,0
87.3548787000036,29,0,19,0,0,0.03,-0.013,-0.995,0.3,-0.5,0
87.3648787000036,63,-0.01,19,0,0,0.029,-0.018,-1.003,0.2,-0.4,0
87.3748787000036,29,-0.01,19,0,0,0.029,-0.018,-1.003,0.2,-0.4,0
87.3848787000036,29,-0.01,19,0,0,0.029,-0.018,-1.003,0.2,-0.4,0
87.3948787000036,29,-0.01,19,0,0,0.029,-0.018,-1.003,0.2,-0.4,0
87.4048787000036,29,-0.01,19,0,0,0.029,-0.018,-1.003,0.2,-0.4,0
87.4148787000036,21,0.01,19,0,0,0.032,-0.014,-0.996,0.3,-0.6,0
87.4248787000036,29,0.01,19,0,0,0.032,-0.014,-0.996,0.3,-0.6,0
87.4348787000036,91,0.01,19,0,0,0.032,-0.014,-0.996,0.3,-0.6,0
87.4448787000036,29,0.01,19,0,0,0.032,-0.014,-0.996,0.3,-0.6,0
87.4548787000036,29,0.01,19,0,0,0.032,-0.014,-0.996,0.3,-0.6,0
87.4648787000036,29,0,19,0,0,0.029,-0.015,-1.004,0.2,-0.5,0
87.4748787000036,29,0,19,0,0,0.029,-0.015,-1.004,0.2,-0.5,0
87.4848787000036,42,0,19,0,0,0.029,-0.015,-1.004,0.2,-0.5,0
87.4948787000036,35,0,19,0,0,0.029,-0.015,-1.004,0.2,-0.5,0
87.5048787000036,35,0,19,0,0,0.029,-0.015,-1.004,0.2,-0.5,0
87.5148787000036,28,0,19,0,0,0.031,-0.014,-0.994,0.2,-0.7,0
87.5248787000037,0,0,19,0,0,0.031,-0.014,-0.994,0.2,-0.7,0
87.5348787000036,29,0,19,0,0,0.031,-0.014,-0.994,0.2,-0.7,0
87.5448787000037,29,0,19,0,0,0.031,-0.014,-0.994,0.2,-0.7,0
87.5548787000037,29,0,19,0,0,0.031,-0.014,-0.994,0.2,-0.7,0
87.5648787000037,47,0,19,0,0,0.029,-0.014,-1,0.3,-0.3,0
87.5748787000037,35,0,19,0,0,0.029,-0.014,-1,0.3,-0.3,0
87.5848787000037,35,0,19,0,0,0.029,-0.014,-1,0.3,-0.3,0
87.5948787000037,62,0,19,0,0,0.029,-0.014,-1,0.3,-0.3,0
87.6048787000037,35,0,19,0,0,0.029,-0.014,-1,0.3,-0.3,0
87.6148787000037,35,0,19,0,0,0.03,-0.015,-0.997,0.3,-0.6,0
87.6248787000037,45,0,19,0,0,0.03,-0.015,-0.997,0.3,-0.6,0
87.6348787000037,35,0,19,0,0,0.03,-0.015,-0.997,0.3,-0.6,0
87.6448787000037,35,0,19,0,0,0.03,-0.015,-0.997,0.3,-0.6,0
87.6548787000037,35,0,19,0,0,0.03,-0.015,-0.997,0.3,-0.6,0
87.6648787000037,48,0.01,19,0,0,0.029,-0.014,-1.001,0.2,-0.5,0
87.6748787000037,35,0.01,19,0,0,0.029,-0.014,-1.001,0.2,-0.5,0
87.6848787000037,35,0.01,19,0,0,0.029,-0.014,-1.001,0.2,-0.5,0
87.6948787000037,27,0.01,19,0,0,0.029,-0.014,-1.001,0.2,-0.5,0
87.7048787000037,0,0.01,19,0,0,0.029,-0.014,-1.001,0.2,-0.5,0
87.7148787000037,0,0,19,0,0,0.031,-0.014,-0.998,0.2,-0.8,0
87.7248787000037,0,0,19,0,0,0.031,-0.014,-0.998,0.2,-0.8,0
87.7348787000037,29,0,19,0,0,0.031,-0.014,-0.998,0.2,-0.8,0
87.7448787000037,29,0,19,0,0,0.031,-0.014,-0.998,0.2,-0.8,0
87.7548787000037,29,0,19,0,0,0.031,-0.014,-0.998,0.2,-0.8,0
87.7648787000037,65,0,19,0,0,0.03,-0.017,-1.003,0.3,-0.3,0
87.7748787000037,35,0,19,0,0,0.03,-0.017,-1.003,0.3,-0.3,0
87.7848787000037,35,0,19,0,0,0.03,-0.017,-1.003,0.3,-0.3,0
87.7948787000037,35,0,19,0,0,0.03,-0.017,-1.003,0.3,-0.3,0
87.8048787000037,0,0,19,0,0,0.03,-0.017,-1.003,0.3,-0.3,0
87.8148787000037,29,-0.01,19,0,0,0.031,-0.015,-0.999,0.3,-1,0
87.8248787000037,29,-0.01,19,0,0,0.031,-0.015,-0.999,0.3,-1,0
87.8348787000037,29,-0.01,19,0,0,0.031,-0.015,-0.999,0.3,-1,0
87.8448787000037,57,-0.01,19,0,0,0.031,-0.015,-0.999,0.3,-1,0
87.8548787000037,29,-0.01,19,0,0,0.031,-0.015,-0.999,0.3,-1,0
87.8648787000037,29,0,19,0,0,0.031,-0.014,-0.998,0.3,-0.4,0
87.8748787000037,29,0,19,0,0,0.031,-0.014,-0.998,0.3,-0.4,0
87.8848787000037,18,0,19,0,0,0.031,-0.014,-0.998,0.3,-0.4,0
87.8948787000037,29,0,19,0,0,0.031,-0.014,-0.998,0.3,-0.4,0
87.9048787000037,87,0,19,0,0,0.031,-0.014,-0.998,0.3,-0.4,0
87.9148787000037,29,0,19,0,0,0.031,-0.011,-0.989,0.3,-0.7,0
87.9248787000037,29,0,19,0,0,0.031,-0.011,-0.989,0.3,-0.7,0
87.9348787000037,29,0,19,0,0,0.031,-0.011,-0.989,0.3,-0.7,0
87.9448787000037,36,0,19,0,0,0.031,-0.011,-0.989,0.3,-0.7,0
87.9548787000037,35,0,19,0,0,0.031,-0.011,-0.989,0.3,-0.7,0
87.9648787000038,35,0,19,0,0,0.029,-0.015,-1.001,0.3,-0.6,0
87.9748787000038,35,0,19,0,0,0.029,-0.015,-1.001,0.3,-0.6,0
87.9848787000037,10,0,19,0,0,0.029,-0.015,-1.001,0.3,-0.6,0
87.9948787000038,8,0,19,0,0,0.029,-0.015,-1.001,0.3,-0.6,0
88.0048787000038,29,0,19,0,0,0.029,-0.015,-1.001,0.3,-0.6,0
88.0148787000038,29,0,19,0,0,0.031,-0.015,-0.994,0.2,-0.6,0
88.0248787000038,29,0,19,0,0,0.031,-0.015,-0.994,0.2,-0.6,0
88.0348787000038,54,0,19,0,0,0.031,-0.015,-0.994,0.2,-0.6,0
88.0448787000038,35,0,19,0,0,0.031,-0.015,-0.994,0.2,-0.6,0
88.0548787000038,62,0,19,0,0,0.031,-0.015,-0.994,0.2,-0.6,0
88.0648787000038,35,0,19,0,0,0.031,-0.012,-0.999,0.3,-0.4,0
88.0748787000038,35,0,19,0,0,0.031,-0.012,-0.999,0.3,-0.4,0
88.0848787000038,35,0,19,0,0,0.031,-0.012,-0.999,0.3,-0.4,0
88.0948787000038,39,0,19,0,0,0.031,-0.012,-0.999,0.3,-0.4,0
88.1048787000038,35,0,19,0,0,0.031,-0.012,-0.999,0.3,-0.4,0
88.1148787000038,35,0,19,0,0,0.03,-0.015,-1.001,0.2,-0.8,0
88.1248787000038,48,0,19,0,0,0.03,-0.015,-1.001,0.2,-0.8,0
88.1348787000038,35,0,19,0,0,0.03,-0.015,-1.001,0.2,-0.8,0
88.1448787000038,35,0,19,0,0,0.03,-0.015,-1.001,0.2,-0.8,0
88.1548787000038,35,0,19,0,0,0.03,-0.015,-1.001,0.2,-0.8,0
88.1648787000038,10,0,19,0,0,0.031,-0.015,-0.994,0.2,-0.4,0
88.1748787000038,0,0,19,0,0,0.031,-0.015,-0.994,0.2,-0.4,0
88.1848787000038,0,0,19,0,0,0.031,-0.015,-0.994,0.2,-0.4,0
88.1948787000038,29,0,19,0,0,0.031,-0.015,-0.994,0.2,-0.4,0
88.2048787000038,29,0,19,0,0,0.031,-0.015,-0.994,0.2,-0.4,0
88.2148787000038,29,0,19,0,0,0.028,-0.014,-1.004,0.3,-0.7,0
88.2248787000038,57,0,19,0,0,0.028,-0.014,-1.004,0.3,-0.7,0
88.2348787000038,35,0,19,0,0,0.028,-0.014,-1.004,0.3,-0.7,0
88.2448787000038,35,0,19,0,0,0.028,-0.014,-1.004,0.3,-0.7,0
88.2548787000038,35,0,19,0,0,0.028,-0.014,-1.004,0.3,-0.7,0
88.2648787000038,8,-0.01,19,0,0,0.031,-0.015,-0.991,0.2,-0.4,0
88.2748787000038,29,-0.01,19,0,0,0.031,-0.015,-0.991,0.2,-0.4,0
88.2848787000038,29,-0.01,19,0,0,0.031,-0.015,-0.991,0.2,-0.4,0
88.2948787000038,58,-0.01,19,0,0,0.031,-0.015,-0.991,0.2,-0.4,0
88.3048787000038,29,-0.01,19,0,0,0.031,-0.015,-0.991,0.2,-0.4,0
88.3148787000038,29,-0.01,19,0,0,0.029,-0.015,-1.006,0.3,-0.7,0
88.3248787000038,29,-0.01,19,0,0,0.029,-0.015,-1.006,0.3,-0.7,0
88.3348787000038,22,-0.01,19,0,0,0.029,-0.015,-1.006,0.3,-0.7,0
88.3448787000038,18,-0.01,19,0,0,0.029,-0.015,-1.006,0.3,-0.7,0
88.3548787000038,29,-0.01,19,0,0,0.029,-0.015,-1.006,0.3,-0.7,0
88.3648787000038,86,0,19,0,0,0.032,-0.012,-0.99,0.3,-0.3,0
88.3748787000038,29,0,19,0,0,0.032,-0.012,-0.99,0.3,-0.3,0
88.3848787000038,29,0,19,0,0,0.032,-0.012,-0.99,0.3,-0.3,0
88.3948787000038,29,0,19,0,0,0.032,-0.012,-0.99,0.3,-0.3,0
88.4048787000038,48,0,19,0,0,0.032,-0.012,-0.99,0.3,-0.3,0
88.4148787000039,35,0,19,0,0,0.029,-0.015,-1.003,0.3,-0.8,0
88.4248787000039,35,0,19,0,0,0.029,-0.015,-1.003,0.3,-0.8,0
88.4348787000038,24,0,19,0,0,0.029,-0.015,-1.003,0.3,-0.8,0
88.4448787000039,0,0,19,0,0,0.029,-0.015,-1.003,0.3,-0.8,0
88.4548787000039,25,0,19,0,0,0.029,-0.015,-1.003,0.3,-0.8,0
88.4648787000039,35,0,19,0,0,0.032,-0.015,-0.994,0.2,-0.3,0
88.4748787000039,35,0,19,0,0,0.032,-0.015,-0.994,0.2,-0.3,0
88.4848787000039,42,0,19,0,0,0.032,-0.015,-0.994,0.2,-0.3,0
88.4948787000039,35,0,19,0,0,0.032,-0.015,-0.994,0.2,-0.3,0
88.5048787000039,35,0,19,0,0,0.032,-0.015,-0.994,0.2,-0.3,0
88.5148787000039,66,-0.01,19,0,0,0.028,-0.013,-1.005,0.2,-0.6,0
88.5248787000039,35,-0.01,19,0,0,0.028,-0.013,-1.005,0.2,-0.6,0
88.5348787000039,35,-0.01,19,0,0,0.028,-0.013,-1.005,0.2,-0.6,0
88.5448787000039,35,-0.01,19,0,0,0.028,-0.013,-1.005,0.2,-0.6,0
88.5548787000039,39,-0.01,19,0,0,0.028,-0.013,-1.005,0.2,-0.6,0
88.5648787000039,35,0.01,19,0,0,0.031,-0.014,-0.991,0.2,-0.6,0
88.5748787000039,35,0.01,19,0,0,0.031,-0.014,-0.991,0.2,-0.6,0
88.5848787000039,45,0.01,19,0,0,0.031,-0.014,-0.991,0.2,-0.6,0
88.5948787000039,35,0.01,19,0,0,0.031,-0.014,-0.991,0.2,-0.6,0
88.6048787000039,35,0.01,19,0,0,0.031,-0.014,-0.991,0.2,-0.6,0
88.6148787000039,35,0.01,19,0,0,0.028,-0.014,-1.007,0.2,-0.4,0
88.6248787000039,0,0.01,19,0,0,0.028,-0.014,-1.007,0.2,-0.4,0
88.6348787000039,0,0.01,19,0,0,0.028,-0.014,-1.007,0.2,-0.4,0
88.6448787000039,0,0.01,19,0,0,0.028,-0.014,-1.007,0.2,-0.4,0
88.6548787000039,29,0.01,19,0,0,0.028,-0.014,-1.007,0.2,-0.4,0
88.6648787000039,29,0,19,0,0,0.032,-0.014,-0.993,0.3,-0.9,0
88.6748787000039,29,0,19,0,0,0.032,-0.014,-0.993,0.3,-0.9,0
88.6848787000039,63,0,19,0,0,0.032,-0.014,-0.993,0.3,-0.9,0
88.6948787000039,35,0,19,0,0,0.032,-0.014,-0.993,0.3,-0.9,0
88.7048787000039,35,0,19,0,0,0.032,-0.014,-0.993,0.3,-0.9,0
88.7148787000039,30,0,19,0,0,0.029,-0.014,-1.003,0.2,-0.2,0
88.7248787000039,0,0,19,0,0,0.029,-0.014,-1.003,0.2,-0.2,0
88.7348787000039,29,0,19,0,0,0.029,-0.014,-1.003,0.2,-0.2,0
88.7448787000039,29,0,19,0,0,0.029,-0.014,-1.003,0.2,-0.2,0
88.7548787000039,67,0,19,0,0,0.029,-0.014,-1.003,0.2,-0.2,0
88.7648787000039,29,-0.01,19,0,0,0.031,-0.017,-0.997,0.3,-0.9,0
88.7748787000039,29,-0.01,19,0,0,0.031,-0.017,-0.997,0.3,-0.9,0
88.7848787000039,29,-0.01,19,0,0,0.031,-0.017,-0.997,0.3,-0.9,0
88.7948787000039,20,-0.01,19,0,0,0.031,-0.017,-0.997,0.3,-0.9,0
88.8048787000039,22,-0.01,19,0,0,0.031,-0.017,-0.997,0.3,-0.9,0
88.8148787000039,29,0.01,19,0,0,0.029,-0.013,-1.004,0.3,-0.3,0
88.8248787000039,86,0.01,19,0,0,0.029,-0.013,-1.004,0.3,-0.3,0
88.8348787000039,29,0.01,19,0,0,0.029,-0.013,-1.004,0.3,-0.3,0
88.8448787000039,29,0.01,19,0,0,0.029,-0.013,-1.004,0.3,-0.3,0
88.854878700004,29,0.01,19,0,0,0.029,-0.013,-1.004,0.3,-0.3,0
88.864878700004,42,0,19,0,0,0.03,-0.016,-0.993,0.2,-0.8,0
88.874878700004,35,0,19,0,0,0.03,-0.016,-0.993,0.2,-0.8,0
88.884878700004,35,0,19,0,0,0.03,-0.016,-0.993,0.2,-0.8,0
88.894878700004,28,0,19,0,0,0.03,-0.016,-0.993,0.2,-0.8,0
88.904878700004,0,0,19,0,0,0.03,-0.016,-0.993,0.2,-0.8,0
88.914878700004,33,0,19,0,0,0.029,-0.013,-1.007,0.2,-0.4,0
88.924878700004,35,0,19,0,0,0.029,-0.013,-1.007,0.2,-0.4,0
88.934878700004,35,0,19,0,0,0.029,-0.013,-1.007,0.2,-0.4,0
88.944878700004,34,0,19,0,0,0.029,-0.013,-1.007,0.2,-0.4,0
88.954878700004,35,0,19,0,0,0.029,-0.013,-1.007,0.2,-0.4,0
88.964878700004,35,-0.01,19,0,0,0.03,-0.015,-0.998,0.3,-1,0
88.974878700004,59,-0.01,19,0,0,0.03,-0.015,-0.998,0.3,-1,0
88.984878700004,35,-0.01,19,0,0,0.03,-0.015,-0.998,0.3,-1,0
88.994878700004,35,-0.01,19,0,0,0.03,-0.015,-0.998,0.3,-1,0
89.004878700004,35,-0.01,19,0,0,0.03,-0.015,-0.998,0.3,-1,0
89.014878700004,46,0.01,19,0,0,0.03,-0.014,-0.999,0.3,-0.1,0
89.024878700004,35,0.01,19,0,0,0.03,-0.014,-0.999,0.3,-0.1,0
89.034878700004,35,0.01,19,0,0,0.03,-0.014,-0.999,0.3,-0.1,0
89.044878700004,46,0.01,19,0,0,0.03,-0.014,-0.999,0.3,-0.1,0
89.054878700004,35,0.01,19,0,0,0.03,-0.014,-0.999,0.3,-0.1,0
89.064878700004,35,0,19,0,0,0.029,-0.016,-1.006,0.3,-1,0
89.074878700004,35,0,19,0,0,0.029,-0.016,-1.006,0.3,-1,0
89.084878700004,0,0,19,0,0,0.029,-0.016,-1.006,0.3,-1,0
89.094878700004,0,0,19,0,0,0.029,-0.016,-1.006,0.3,-1,0
89.104878700004,0,0,19,0,0,0.029,-0.016,-1.006,0.3,-1,0
89.114878700004,0,0.01,19,0,0,0.031,-0.014,-0.995,0.3,-0.3,0
89.124878700004,0,0.01,19,0,0,0.031,-0.014,-0.995,0.3,-0.3,0
89.134878700004,0,0.01,19,0,0,0.031,-0.014,-0.995,0.3,-0.3,0
89.144878700004,14,0.01,19,0,0,0.031,-0.014,-0.995,0.3,-0.3,0
89.154878700004,29,0.01,19,0,0,0.031,-0.014,-0.995,0.3,-0.3,0
89.164878700004,29,0,19,0,0,0.029,-0.011,-1.003,0.3,-0.9,0
89.174878700004,71,0,19,0,0,0.029,-0.011,-1.003,0.3,-0.9,0
89.184878700004,29,0,19,0,0,0.029,-0.011,-1.003,0.3,-0.9,0
89.194878700004,29,0,19,0,0,0.029,-0.011,-1.003,0.3,-0.9,0
89.204878700004,29,0,19,0,0,0.029,-0.011,-1.003,0.3,-0.9,0
89.214878700004,29,0,19,0,0,0.032,-0.015,-0.992,0.3,-0.3,0
89.224878700004,18,0,19,0,0,0.032,-0.015,-0.992,0.3,-0.3,0
89.234878700004,29,0,19,0,0,0.032,-0.015,-0.992,0.3,-0.3,0
89.244878700004,29,0,19,0,0,0.032,-0.015,-0.992,0.3,-0.3,0
89.254878700004,66,0,19,0,0,0.032,-0.015,-0.992,0.3,-0.3,0
89.264878700004,29,-0.01,19,0,0,0.029,-0.015,-1.008,0.2,-0.7,0
89.2748787000041,29,-0.01,19,0,0,0.029,-0.015,-1.008,0.2,-0.7,0
89.284878700004,29,-0.01,19,0,0,0.029,-0.015,-1.008,0.2,-0.7,0
89.294878700004,29,-0.01,19,0,0,0.029,-0.015,-1.008,0.2,-0.7,0
89.3048787000041,20,-0.01,19,0,0,0.029,-0.015,-1.008,0.2,-0.7,0
89.3148787000041,23,0,19,0,0,0.031,-0.012,-0.994,0.2,-0.6,0
89.3248787000041,91,0,19,0,0,0.031,-0.012,-0.994,0.2,-0.6,0
89.3348787000041,29,0,19,0,0,0.031,-0.012,-0.994,0.2,-0.6,0
89.3448787000041,29,0,19,0,0,0.031,-0.012,-0.994,0.2,-0.6,0
89.3548787000041,29,0,19,0,0,0.031,-0.012,-0.994,0.2,-0.6,0
89.3648787000041,48,0,19,0,0,0.028,-0.015,-1.004,0.3,-0.6,0
89.3748787000041,35,0,19,0,0,0.028,-0.015,-1.004,0.3,-0.6,0
89.3848787000041,35,0,19,0,0,0.028,-0.015,-1.004,0.3,-0.6,0
89.3948787000041,35,0,19,0,0,0.028,-0.015,-1.004,0.3,-0.6,0
89.4048787000041,22,0,19,0,0,0.028,-0.015,-1.004,0.3,-0.6,0
89.4148787000041,0,0,19,0,0,0.03,-0.016,-0.997,0.2,-0.7,0
89.4248787000041,26,0,19,0,0,0.03,-0.016,-0.997,0.2,-0.7,0
89.4348787000041,29,0,19,0,0,0.03,-0.016,-0.997,0.2,-0.7,0
89.4448787000041,29,0,19,0,0,0.03,-0.016,-0.997,0.2,-0.7,0
89.4548787000041,54,0,19,0,0,0.03,-0.016,-0.997,0.2,-0.7,0
89.4648787000041,35,-0.01,19,0,0,0.029,-0.013,-0.998,0.2,-0.6,0
89.4748787000041,35,-0.01,19,0,0,0.029,-0.013,-0.998,0.2,-0.6,0
89.4848787000041,61,-0.01,19,0,0,0.029,-0.013,-0.998,0.2,-0.6,0
89.4948787000041,35,-0.01,19,0,0,0.029,-0.013,-0.998,0.2,-0.6,0
89.5048787000041,35,-0.01,19,0,0,0.029,-0.013,-0.998,0.2,-0.6,0
89.5148787000041,45,0,19,0,0,0.031,-0.015,-0.998,0.3,-0.4,0
89.5248787000041,35,0,19,0,0,0.031,-0.015,-0.998,0.3,-0.4,0
89.5348787000041,35,0,19,0,0,0.031,-0.015,-0.998,0.3,-0.4,0
89.5448787000041,35,0,19,0,0,0.031,-0.015,-0.998,0.3,-0.4,0
89.5548787000041,48,0,19,0,0,0.031,-0.015,-0.998,0.3,-0.4,0
89.5648787000041,35,0.01,19,0,0,0.029,-0.014,-1.001,0.2,-0.8,0
89.5748787000041,35,0.01,19,0,0,0.029,-0.014,-1.001,0.2,-0.8,0
89.5848787000041,32,0.01,19,0,0,0.029,-0.014,-1.001,0.2,-0.8,0
89.5948787000041,0,0.01,19,0,0,0.029,-0.014,-1.001,0.2,-0.8,0
89.6048787000041,0,0.01,19,0,0,0.029,-0.014,-1.001,0.2,-0.8,0
89.6148787000041,0,0,19,0,0,0.031,-0.015,-0.999,0.2,-0.4,0
89.6248787000041,18,0,19,0,0,0.031,-0.015,-0.999,0.2,-0.4,0
89.6348787000041,29,0,19,0,0,0.031,-0.015,-0.999,0.2,-0.4,0
89.6448787000041,29,0,19,0,0,0.031,-0.015,-0.999,0.2,-0.4,0
89.6548787000041,61,0,19,0,0,0.031,-0.015,-0.999,0.2,-0.4,0
89.6648787000041,29,0,19,0,0,0.031,-0.011,-0.994,0.3,-0.9,0
89.6748787000041,29,0,19,0,0,0.031,-0.011,-0.994,0.3,-0.9,0
89.6848787000041,29,0,19,0,0,0.031,-0.011,-0.994,0.3,-0.9,0
89.6948787000041,14,0,19,0,0,0.031,-0.011,-0.994,0.3,-0.9,0
89.7048787000041,29,0,19,0,0,0.031,-0.011,-0.994,0.3,-0.9,0
89.7148787000041,29,-0.02,19,0,0,0.031,-0.016,-1.001,0.2,-0.3,0
89.7248787000042,29,-0.02,19,0,0,0.031,-0.016,-1.001,0.2,-0.3,0
89.7348787000041,56,-0.02,19,0,0,0.031,-0.016,-1.001,0.2,-0.3,0
89.7448787000042,29,-0.02,19,0,0,0.031,-0.016,-1.001,0.2,-0.3,0
89.7548787000042,29,-0.02,19,0,0,0.031,-0.016,-1.001,0.2,-0.3,0
89.7648787000042,29,0,19,0,0,0.029,-0.014,-0.999,0.2,-0.7,0
89.7748787000042,18,0,19,0,0,0.029,-0.014,-0.999,0.2,-0.7,0
89.7848787000042,29,0,19,0,0,0.029,-0.014,-0.999,0.2,-0.7,0
89.7948787000042,88,0,19,0,0,0.029,-0.014,-0.999,0.2,-0.7,0
89.8048787000042,29,0,19,0,0,0.029,-0.014,-0.999,0.2,-0.7,0
89.8148787000042,29,0,19,0,0,0.03,-0.014,-1,0.3,-0.6,0
89.8248787000042,29,0,19,0,0,0.03,-0.014,-1,0.3,-0.6,0
89.8348787000042,34,0,19,0,0,0.03,-0.014,-1,0.3,-0.6,0
89.8448787000042,35,0,19,0,0,0.03,-0.014,-1,0.3,-0.6,0
89.8548787000042,35,0,19,0,0,0.03,-0.014,-1,0.3,-0.6,0
89.8648787000042,35,0,19,0,0,0.03,-0.015,-1,0.3,-0.5,0
89.8748787000042,19,0,19,0,0,0.03,-0.015,-1,0.3,-0.5,0
89.8848787000042,0,0,19,0,0,0.03,-0.015,-1,0.3,-0.5,0
89.8948787000042,29,0,19,0,0,0.03,-0.015,-1,0.3,-0.5,0
89.9048787000042,29,0,19,0,0,0.03,-0.015,-1,0.3,-0.5,0
89.9148787000042,29,-0.01,19,0,0,0.03,-0.014,-1.001,0.3,-0.5,0
89.9248787000042,52,-0.01,19,0,0,0.03,-0.014,-1.001,0.3,-0.5,0
89.9348787000042,35,-0.01,19,0,0,0.03,-0.014,-1.001,0.3,-0.5,0
89.9448787000042,35,-0.01,19,0,0,0.03,-0.014,-1.001,0.3,-0.5,0
89.9548787000042,62,-0.01,19,0,0,0.03,-0.014,-1.001,0.3,-0.5,0
89.9648787000042,35,-0.01,19,0,0,0.03,-0.015,-1,0.2,-0.7,0
89.9748787000042,35,-0.01,19,0,0,0.03,-0.015,-1,0.2,-0.7,0
89.9848787000042,39,-0.01,19,0,0,0.03,-0.015,-1,0.2,-0.7,0
89.9948787000042,35,-0.01,19,0,0,0.03,-0.015,-1,0.2,-0.7,0
90.0048787000042,35,-0.01,19,0,0,0.03,-0.015,-1,0.2,-0.7,0
90.0148787000042,47,0.01,19,0,0,0.03,-0.015,-1.001,0.3,-0.4,0
90.0248787000042,35,0.01,19,0,0,0.03,-0.015,-1.001,0.3,-0.4,0
90.0348787000042,35,0.01,19,0,0,0.03,-0.015,-1.001,0.3,-0.4,0
90.0448787000042,35,0.01,19,0,0,0.03,-0.015,-1.001,0.3,-0.4,0
90.0548787000042,23,0.01,19,0,0,0.03,-0.015,-1.001,0.3,-0.4,0
90.0648787000042,0,0,19,0,0,0.03,-0.016,-1.001,0.2,-0.9,0
90.0748787000042,0,0,19,0,0,0.03,-0.016,-1.001,0.2,-0.9,0
90.0848787000042,15,0,19,0,0,0.03,-0.016,-1.001,0.2,-0.9,0
90.0948787000042,29,0,19,0,0,0.03,-0.016,-1.001,0.2,-0.9,0
90.1048787000042,29,0,19,0,0,0.03,-0.016,-1.001,0.2,-0.9,0
90.1148787000042,54,0.01,19,0,0,0.03,-0.016,-0.999,0.2,-0.3,0
90.1248787000042,35,0.01,19,0,0,0.03,-0.016,-0.999,0.2,-0.3,0
90.1348787000042,35,0.01,19,0,0,0.03,-0.016,-0.999,0.2,-0.3,0
90.1448787000042,35,0.01,19,0,0,0.03,-0.016,-0.999,0.2,-0.3,0
90.1548787000042,20,0.01,19,0,0,0.03,-0.016,-0.999,0.2,-0.3,0
90.1648787000043,20,-0.01,19,0,0,0.029,-0.015,-1.003,0.3,-0.9,0
90.1748787000043,29,-0.01,19,0,0,0.029,-0.015,-1.003,0.3,-0.9,0
90.1848787000042,29,-0.01,19,0,0,0.029,-0.015,-1.003,0.3,-0.9,0
90.1948787000043,58,-0.01,19,0,0,0.029,-0.015,-1.003,0.3,-0.9,0
90.2048787000043,29,-0.01,19,0,0,0.029,-0.015,-1.003,0.3,-0.9,0
90.2148787000043,29,-0.01,19,0,0,0.031,-0.015,-1,0.2,-0.3,0
90.2248787000043,29,-0.01,19,0,0,0.031,-0.015,-1,0.2,-0.3,0
90.2348787000043,11,-0.01,19,0,0,0.031,-0.015,-1,0.2,-0.3,0
90.2448787000043,29,-0.01,19,0,0,0.031,-0.015,-1,0.2,-0.3,0
90.2548787000043,29,-0.01,19,0,0,0.031,-0.015,-1,0.2,-0.3,0
90.2648787000043,87,0,19,0,0,0.029,-0.017,-1.003,0.2,-0.7,0
90.2748787000043,29,0,19,0,0,0.029,-0.017,-1.003,0.2,-0.7,0
90.2848787000043,29,0,19,0,0,0.029,-0.017,-1.003,0.2,-0.7,0
90.2948787000043,44,0,19,0,0,0.029,-0.017,-1.003,0.2,-0.7,0
90.3048787000043,35,0,19,0,0,0.029,-0.017,-1.003,0.2,-0.7,0
90.3148787000043,35,0,19,0,0,0.03,-0.014,-1,0.2,-0.4,0
90.3248787000043,35,0,19,0,0,0.03,-0.014,-1,0.2,-0.4,0
90.3348787000043,14,0,19,0,0,0.03,-0.014,-1,0.2,-0.4,0
90.3448787000043,0,0,19,0,0,0.03,-0.014,-1,0.2,-0.4,0
90.3548787000043,34,0,19,0,0,0.03,-0.014,-1,0.2,-0.4,0
90.3648787000043,35,0.01,19,0,0,0.03,-0.015,-1,0.3,-0.9,0
90.3748787000043,35,0.01,19,0,0,0.03,-0.015,-1,0.3,-0.9,0
90.3848787000043,43,0.01,19,0,0,0.03,-0.015,-1,0.3,-0.9,0
90.3948787000043,35,0.01,19,0,0,0.03,-0.015,-1,0.3,-0.9,0
90.4048787000043,35,0.01,19,0,0,0.03,-0.015,-1,0.3,-0.9,0
90.4148787000043,66,-0.01,19,0,0,0.032,-0.014,-0.997,0.3,-0.3,0
90.4248787000043,35,-0.01,19,0,0,0.032,-0.014,-0.997,0.3,-0.3,0
90.4348787000043,35,-0.01,19,0,0,0.032,-0.014,-0.997,0.3,-0.3,0
90.4448787000043,35,-0.01,19,0,0,0.032,-0.014,-0.997,0.3,-0.3,0
90.4548787000043,39,-0.01,19,0,0,0.032,-0.014,-0.997,0.3,-0.3,0
90.4648787000043,35,0.01,19,0,0,0.029,-0.015,-1.005,0.2,-1,0
90.4748787000043,35,0.01,19,0,0,0.029,-0.015,-1.005,0.2,-1,0
90.4848787000043,46,0.01,19,0,0,0.029,-0.015,-1.005,0.2,-1,0
90.4948787000043,35,0.01,19,0,0,0.029,-0.015,-1.005,0.2,-1,0
90.5048787000043,35,0.01,19,0,0,0.029,-0.015,-1.005,0.2,-1,0
90.5148787000043,32,0,19,0,0,0.032,-0.014,-0.992,0.3,-0.3,0
90.5248787000043,0,0,19,0,0,0.032,-0.014,-0.992,0.3,-0.3,0
90.5348787000043,0,0,19,0,0,0.032,-0.014,-0.992,0.3,-0.3,0
90.5448787000043,0,0,19,0,0,0.032,-0.014,-0.992,0.3,-0.3,0
90.5548787000043,29,0,19,0,0,0.032,-0.014,-0.992,0.3,-0.3,0
90.5648787000043,29,0,19,0,0,0.028,-0.013,-1.005,0.3,-0.8,0
90.5748787000043,29,0,19,0,0,0.028,-0.013,-1.005,0.3,-0.8,0
90.5848787000043,64,0,19,0,0,0.028,-0.013,-1.005,0.3,-0.8,0
90.5948787000043,35,0,19,0,0,0.028,-0.013,-1.005,0.3,-0.8,0
90.6048787000043,35,0,19,0,0,0.028,-0.013,-1.005,0.3,-0.8,0
90.6148787000044,32,0,19,0,0,0.032,-0.014,-0.99,0.3,-0.5,0
90.6248787000044,0,0,19,0,0,0.032,-0.014,-0.99,0.3,-0.5,0
90.6348787000044,29,0,19,0,0,0.032,-0.014,-0.99,0.3,-0.5,0
90.6448787000044,29,0,19,0,0,0.032,-0.014,-0.99,0.3,-0.5,0
90.6548787000044,68,0,19,0,0,0.032,-0.014,-0.99,0.3,-0.5,0
90.6648787000044,29,-0.01,19,0,0,0.029,-0.012,-1.003,0.3,-0.8,0
90.6748787000044,29,-0.01,19,0,0,0.029,-0.012,-1.003,0.3,-0.8,0
90.6848787000044,29,-0.01,19,0,0,0.029,-0.012,-1.003,0.3,-0.8,0
90.6948787000044,25,-0.01,19,0,0,0.029,-0.012,-1.003,0.3,-0.8,0
90.7048787000044,17,-0.01,19,0,0,0.029,-0.012,-1.003,0.3,-0.8,0
90.7148787000044,29,0.01,19,0,0,0.029,-0.016,-1.122,0.1,-0.4,0
90.7248787000044,87,0.01,19,0,0,0.029,-0.016,-1.122,0.1,-0.4,0
90.7348787000044,29,0.01,19,0,0,0.029,-0.016,-1.122,0.1,-0.4,0
90.7448787000044,29,0.01,19,0,0,0.029,-0.016,-1.122,0.1,-0.4,0
90.7548787000044,29,0.01,19,0,0,0.029,-0.016,-1.122,0.1,-0.4,0
90.7648787000044,42,0,19,0,0,0.031,-0.013,-0.994,0.3,-0.7,0
90.7748787000044,35,0,19,0,0,0.031,-0.013,-0.994,0.3,-0.7,0
90.7848787000044,35,0,19,0,0,0.031,-0.013,-0.994,0.3,-0.7,0
90.7948787000044,35,0,19,0,0,0.031,-0.013,-0.994,0.3,-0.7,0
90.8048787000044,0,0,19,0,0,0.031,-0.013,-0.994,0.3,-0.7,0
90.8148787000044,24,0,19,0,0,0.03,-0.014,-1.002,0.3,-0.5,0
90.8248787000044,35,0,19,0,0,0.03,-0.014,-1.002,0.3,-0.5,0
90.8348787000044,35,0,19,0,0,0.03,-0.014,-1.002,0.3,-0.5,0
90.8448787000044,35,0,19,0,0,0.03,-0.014,-1.002,0.3,-0.5,0
90.8548787000044,34,0,19,0,0,0.03,-0.014,-1.002,0.3,-0.5,0
90.8648787000044,35,-0.01,19,0,0,0.03,-0.014,-0.995,0.3,-0.7,0
90.8748787000044,35,-0.01,19,0,0,0.03,-0.014,-0.995,0.3,-0.7,0
90.8848787000044,60,-0.01,19,0,0,0.03,-0.014,-0.995,0.3,-0.7,0
90.8948787000044,35,-0.01,19,0,0,0.03,-0.014,-0.995,0.3,-0.7,0
90.9048787000044,35,-0.01,19,0,0,0.03,-0.014,-0.995,0.3,-0.7,0
90.9148787000044,46,0,19,0,0,0.029,-0.014,-1.004,0.2,-0.3,0
90.9248787000044,35,0,19,0,0,0.029,-0.014,-1.004,0.2,-0.3,0
90.9348787000044,35,0,19,0,0,0.029,-0.014,-1.004,0.2,-0.3,0
90.9448787000044,47,0,19,0,0,0.029,-0.014,-1.004,0.2,-0.3,0
90.9548787000044,35,0,19,0,0,0.029,-0.014,-1.004,0.2,-0.3,0
90.9648787000044,35,0.01,19,0,0,0.031,-0.014,-0.994,0.2,-1,0
90.9748787000044,35,0.01,19,0,0,0.031,-0.014,-0.994,0.2,-1,0
90.9848787000044,16,0.01,19,0,0,0.031,-0.014,-0.994,0.2,-1,0
90.9948787000044,0,0.01,19,0,0,0.031,-0.014,-0.994,0.2,-1,0
91.0048787000044,0,0.01,19,0,0,0.031,-0.014,-0.994,0.2,-1,0
91.0148787000044,0,0.01,19,0,0,0.029,-0.015,-1.003,0.3,-0.2,0
91.0248787000045,0,0.01,19,0,0,0.029,-0.015,-1.003,0.3,-0.2,0
91.0348787000044,0,0.01,19,0,0,0.029,-0.015,-1.003,0.3,-0.2,0
91.0448787000044,0,0.01,19,0,0,0.029,-0.015,-1.003,0.3,-0.2,0
91.0548787000045,0,0.01,19,0,0,0.029,-0.015,-1.003,0.3,-0.2,0
91.0648787000045,23,0,19,0,0,0.031,-0.015,-0.996,0.3,-0.9,0
91.0748787000045,23,0,19,0,0,0.031,-0.015,-0.996,0.3,-0.9,0
91.0848787000045,72,0,19,0,0,0.031,-0.015,-0.996,0.3,-0.9,0
91.0948787000045,29,0,19,0,0,0.031,-0.015,-0.996,0.3,-0.9,0
91.1048787000045,29,0,19,0,0,0.031,-0.015,-0.996,0.3,-0.9,0
91.1148787000045,29,0,19,0,0,0.029,-0.015,-1.006,0.2,-0.3,0
91.1248787000045,29,0,19,0,0,0.029,-0.015,-1.006,0.2,-0.3,0
91.1348787000045,24,0,19,0,0,0.029,-0.015,-1.006,0.2,-0.3,0
91.1448787000045,29,0,19,0,0,0.029,-0.015,-1.006,0.2,-0.3,0
91.1548787000045,29,0,19,0,0,0.029,-0.015,-1.006,0.2,-0.3,0
91.1648787000045,29,0,19,0,0,0.031,-0.016,-0.999,0.3,-0.8,0
91.1748787000045,61,0,19,0,0,0.031,-0.016,-0.999,0.3,-0.8,0
91.1848787000045,23,0,19,0,0,0.031,-0.016,-0.999,0.3,-0.8,0
91.1948787000045,23,0,19,0,0,0.031,-0.016,-0.999,0.3,-0.8,0
91.2048787000045,23,0,19,0,0,0.031,-0.016,-0.999,0.3,-0.8,0
91.2148787000045,21,0,19,0,0,0.029,-0.016,-1.006,0.3,-0.4,0
91.2248787000045,0,0,19,0,0,0.029,-0.016,-1.006,0.3,-0.4,0
91.2348787000045,0,0,19,0,0,0.029,-0.016,-1.006,0.3,-0.4,0
91.2448787000045,0,0,19,0,0,0.029,-0.016,-1.006,0.3,-0.4,0
91.2548787000045,0,0,19,0,0,0.029,-0.016,-1.006,0.3,-0.4,0
91.2648787000045,0,0,19,0,0,0.03,-0.014,-1,0.3,-0.7,0
91.2748787000045,0,0,19,0,0,0.03,-0.014,-1,0.3,-0.7,0
91.2848787000045,0,0,19,0,0,0.03,-0.014,-1,0.3,-0.7,0
91.2948787000045,0,0,19,0,0,0.03,-0.014,-1,0.3,-0.7,0
91.3048787000045,0,0,19,0,0,0.03,-0.014,-1,0.3,-0.7,0
91.3148787000045,0,0,19,0,0,0.03,-0.014,-1.003,0.3,-0.5,0
91.3248787000045,0,0,19,0,0,0.03,-0.014,-1.003,0.3,-0.5,0
91.3348787000045,0,0,19,0,0,0.03,-0.014,-1.003,0.3,-0.5,0
91.3448787000045,0,0,19,0,0,0.03,-0.014,-1.003,0.3,-0.5,0
91.3548787000045,0,0,19,0,0,0.03,-0.014,-1.003,0.3,-0.5,0
91.3648787000045,0,0,19,0,0,0.03,-0.015,-1,0.3,-0.6,0
91.3748787000045,0,0,19,0,0,0.03,-0.015,-1,0.3,-0.6,0
91.3848787000045,0,0,19,0,0,0.03,-0.015,-1,0.3,-0.6,0
91.3948787000045,0,0,19,0,0,0.03,-0.015,-1,0.3,-0.6,0
91.4048787000045,0,0,19,0,0,0.03,-0.015,-1,0.3,-0.6,0
91.4148787000045,0,0,19,0,0,0.029,-0.015,-1.001,0.3,-0.5,0
91.4248787000045,0,0,19,0,0,0.029,-0.015,-1.001,0.3,-0.5,0
91.4348787000045,0,0,19,0,0,0.029,-0.015,-1.001,0.3,-0.5,0
91.4448787000045,0,0,19,0,0,0.029,-0.015,-1.001,0.3,-0.5,0
91.4548787000045,0,0,19,0,0,0.029,-0.015,-1.001,0.3,-0.5,0
91.4648787000045,0,0,19,0,0,0.03,-0.016,-1,0.2,-0.6,0
91.4748787000046,0,0,19,0,0,0.03,-0.016,-1,0.2,-0.6,0
91.4848787000045,0,0,19,0,0,0.03,-0.016,-1,0.2,-0.6,0
91.4948787000045,0,0,19,0,0,0.03,-0.016,-1,0.2,-0.6,0
91.5048787000046,0,0,19,0,0,0.03,-0.016,-1,0.2,-0.6,0
