Time_s,RPM,Iq_A,Vbat_V,Tinv_C,Treg_C,AccX_g,AccY_g,AccZ_g,GyrX_dps,GyrY_dps,GyrZ_dps
15.5246127,130,0,19,0,0,0.027,-0.018,-1,0.3,-0.7,0
15.5346127,132,0,19,0,0,0.027,-0.018,-1,0.3,-0.7,0
15.5446127,121,0,19,0,0,0.027,-0.018,-1,0.3,-0.7,0
15.5546127,134,0,19,0,0,0.027,-0.018,-1,0.3,-0.7,0
15.5646127,138,0,19,0,0,0.027,-0.018,-1,0.3,-0.7,0
15.5382623,129,-0.02,19,0,0,0.027,-0.017,-1,0.3,-0.5,0
15.5482623,132,-0.02,19,0,0,0.027,-0.017,-1,0.3,-0.5,0
15.5582623,123,-0.02,19,0,0,0.027,-0.017,-1,0.3,-0.5,0
15.5682623,140,-0.02,19,0,0,0.027,-0.017,-1,0.3,-0.5,0
15.5782623,122,-0.02,19,0,0,0.027,-0.017,-1,0.3,-0.5,0
15.6150723,139,0,19,0,0,0.026,-0.016,-1.002,0.3,-0.5,0
15.6250723,144,0,19,0,0,0.026,-0.016,-1.002,0.3,-0.5,0
15.6350723,130,0,19,0,0,0.026,-0.016,-1.002,0.3,-0.5,0
15.6450723,109,0,19,0,0,0.026,-0.016,-1.002,0.3,-0.5,0
15.6550723,143,0,19,0,0,0.026,-0.016,-1.002,0.3,-0.5,0
15.8429136,140,-0.01,19,0,0,0.027,-0.015,-1,0.2,-0.6,0
15.8529136,126,-0.01,19,0,0,0.027,-0.015,-1,0.2,-0.6,0
15.8629136,136,-0.01,19,0,0,0.027,-0.015,-1,0.2,-0.6,0
15.8729136,123,-0.01,19,0,0,0.027,-0.015,-1,0.2,-0.6,0
15.8829136,130,-0.01,19,0,0,0.027,-0.015,-1,0.2,-0.6,0
56.5233243,149,0.01,19,0,0,0.028,-0.019,-0.998,0.4,-0.3,0
56.5333243,158,0.01,19,0,0,0.028,-0.019,-0.998,0.4,-0.3,0
56.5433243,141,0.01,19,0,0,0.028,-0.019,-0.998,0.4,-0.3,0
56.5533243,151,0.01,19,0,0,0.028,-0.019,-0.998,0.4,-0.3,0
56.5633243,161,0.01,19,0,0,0.028,-0.019,-0.998,0.4,-0.3,0
56.5327907,147,0.01,19,0,0,0.026,-0.018,-1.001,0.3,-0.9,0
56.5427907,156,0.01,19,0,0,0.026,-0.018,-1.001,0.3,-0.9,0
56.5527907,145,0.01,19,0,0,0.026,-0.018,-1.001,0.3,-0.9,0
56.5627907,147,0.01,19,0,0,0.026,-0.018,-1.001,0.3,-0.9,0
56.5727907,161,0.01,19,0,0,0.026,-0.018,-1.001,0.3,-0.9,0
56.6866561,163,0.02,19,0,0,0.026,-0.012,-0.998,0.3,-0.2,0
56.6966561,131,0.02,19,0,0,0.026,-0.012,-0.998,0.3,-0.2,0
56.7066561,162,0.02,19,0,0,0.026,-0.012,-0.998,0.3,-0.2,0
56.7166561,151,0.02,19,0,0,0.026,-0.012,-0.998,0.3,-0.2,0
56.7266561,153,0.02,19,0,0,0.026,-0.012,-0.998,0.3,-0.2,0
56.7366511,156,0,19,0,0,0.027,-0.015,-1.003,0.3,-0.7,0
56.7466511,144,0,19,0,0,0.027,-0.015,-1.003,0.3,-0.7,0
56.7566511,157,0,19,0,0,0.027,-0.015,-1.003,0.3,-0.7,0
56.7666511,145,0,19,0,0,0.027,-0.015,-1.003,0.3,-0.7,0
56.7766511,155,0,19,0,0,0.027,-0.015,-1.003,0.3,-0.7,0
56.7844752,158,0,19,0,0,0.025,-0.013,-0.994,0.2,-1,0
56.7944752,137,0,19,0,0,0.025,-0.013,-0.994,0.2,-1,0
56.8044752,152,0,19,0,0,0.025,-0.013,-0.994,0.2,-1,0
56.8144752,153,0,19,0,0,0.025,-0.013,-0.994,0.2,-1,0
56.8244752,155,0,19,0,0,0.025,-0.013,-0.994,0.2,-1,0
56.914843,158,0.01,19,0,0,0.026,-0.017,-1.001,0.2,-1,0
56.924843,142,0.01,19,0,0,0.026,-0.017,-1.001,0.2,-1,0
56.934843,150,0.01,19,0,0,0.026,-0.017,-1.001,0.2,-1,0
56.944843,158,0.01,19,0,0,0.026,-0.017,-1.001,0.2,-1,0
56.954843,149,0.01,19,0,0,0.026,-0.017,-1.001,0.2,-1,0
56.9318114,156,0.01,19,0,0,0.027,-0.017,-1.003,0.4,-0.3,0
56.9418114,144,0.01,19,0,0,0.027,-0.017,-1.003,0.4,-0.3,0
56.9518114,150,0.01,19,0,0,0.027,-0.017,-1.003,0.4,-0.3,0
56.9618114,158,0.01,19,0,0,0.027,-0.017,-1.003,0.4,-0.3,0
56.9718114,150,0.01,19,0,0,0.027,-0.017,-1.003,0.4,-0.3,0
56.9954062,155,0.01,19,0,0,0.027,-0.017,-1.009,0.3,-0.9,0
57.0054062,141,0.01,19,0,0,0.027,-0.017,-1.009,0.3,-0.9,0
57.0154062,153,0.01,19,0,0,0.027,-0.017,-1.009,0.3,-0.9,0
57.0254062,158,0.01,19,0,0,0.027,-0.017,-1.009,0.3,-0.9,0
57.0354062,149,0.01,19,0,0,0.027,-0.017,-1.009,0.3,-0.9,0
57.0847955,151,0,19,0,0,0.026,-0.011,-1.009,0.3,-0.8,0
57.0947955,133,0,19,0,0,0.026,-0.011,-1.009,0.3,-0.8,0
57.1047955,161,0,19,0,0,0.026,-0.011,-1.009,0.3,-0.8,0
57.1147955,152,0,19,0,0,0.026,-0.011,-1.009,0.3,-0.8,0
57.1247955,154,0,19,0,0,0.026,-0.011,-1.009,0.3,-0.8,0
57.1557473,147,0,19,0,0,0.027,-0.021,-1.005,0.3,-0.8,0
57.1657473,158,0,19,0,0,0.027,-0.021,-1.005,0.3,-0.8,0
57.1757473,159,0,19,0,0,0.027,-0.021,-1.005,0.3,-0.8,0
57.1857473,136,0,19,0,0,0.027,-0.021,-1.005,0.3,-0.8,0
57.1957473,152,0,19,0,0,0.027,-0.021,-1.005,0.3,-0.8,0
57.2801208,148,0,19,0,0,0.028,-0.018,-1.005,0.3,-0.7,0
57.2901208,150,0,19,0,0,0.028,-0.018,-1.005,0.3,-0.7,0
57.3001208,150,0,19,0,0,0.028,-0.018,-1.005,0.3,-0.7,0
57.3101208,159,0,19,0,0,0.028,-0.018,-1.005,0.3,-0.7,0
57.3201208,155,0,19,0,0,0.028,-0.018,-1.005,0.3,-0.7,0
57.3876125,158,-0.01,19,0,0,0.026,-0.014,-1.008,0.4,-0.4,0.1
57.3976125,150,-0.01,19,0,0,0.026,-0.014,-1.008,0.4,-0.4,0.1
57.4076125,155,-0.01,19,0,0,0.026,-0.014,-1.008,0.4,-0.4,0.1
57.4176125,143,-0.01,19,0,0,0.026,-0.014,-1.008,0.4,-0.4,0.1
57.4276125,151,-0.01,19,0,0,0.026,-0.014,-1.008,0.4,-0.4,0.1
57.4687759,157,-0.01,19,0,0,0.026,-0.018,-1.004,0.4,-0.3,0
57.4787759,163,-0.01,19,0,0,0.026,-0.018,-1.004,0.4,-0.3,0
57.4887759,145,-0.01,19,0,0,0.026,-0.018,-1.004,0.4,-0.3,0
57.4987759,149,-0.01,19,0,0,0.026,-0.018,-1.004,0.4,-0.3,0
57.5087759,149,-0.01,19,0,0,0.026,-0.018,-1.004,0.4,-0.3,0
57.5837661,157,-0.01,19,0,0,0.025,-0.02,-0.997,0.4,-0.3,0
57.5937661,156,-0.01,19,0,0,0.025,-0.02,-0.997,0.4,-0.3,0
57.6037661,143,-0.01,19,0,0,0.025,-0.02,-0.997,0.4,-0.3,0
57.6137661,153,-0.01,19,0,0,0.025,-0.02,-0.997,0.4,-0.3,0
57.6237661,151,-0.01,19,0,0,0.025,-0.02,-0.997,0.4,-0.3,0
57.6848423,159,-0.01,19,0,0,0.026,-0.017,-1.001,0.3,-0.3,0
57.6948423,157,-0.01,19,0,0,0.026,-0.017,-1.001,0.3,-0.3,0
57.7048423,140,-0.01,19,0,0,0.026,-0.017,-1.001,0.3,-0.3,0
57.7148423,150,-0.01,19,0,0,0.026,-0.017,-1.001,0.3,-0.3,0
57.7248423,152,-0.01,19,0,0,0.026,-0.017,-1.001,0.3,-0.3,0
57.7744126,144,0,19,0,0,0.027,-0.018,-0.994,0.2,-0.9,0
57.7844126,147,0,19,0,0,0.027,-0.018,-0.994,0.2,-0.9,0
57.7944126,161,0,19,0,0,0.027,-0.018,-0.994,0.2,-0.9,0
57.8044126,150,0,19,0,0,0.027,-0.018,-0.994,0.2,-0.9,0
57.8144126,154,0,19,0,0,0.027,-0.018,-0.994,0.2,-0.9,0
57.8676907,158,0,19,0,0,0.026,-0.018,-1.003,0.3,-1,0
57.8776907,142,0,19,0,0,0.026,-0.018,-1.003,0.3,-1,0
57.8876907,158,0,19,0,0,0.026,-0.018,-1.003,0.3,-1,0
57.8976907,161,0,19,0,0,0.026,-0.018,-1.003,0.3,-1,0
57.9076907,132,0,19,0,0,0.026,-0.018,-1.003,0.3,-1,0
57.9669674,158,0,19,0,0,0.027,-0.012,-1.009,0.3,-0.8,0
57.9769674,145,0,19,0,0,0.027,-0.012,-1.009,0.3,-0.8,0
57.9869674,156,0,19,0,0,0.027,-0.012,-1.009,0.3,-0.8,0
57.9969674,162,0,19,0,0,0.027,-0.012,-1.009,0.3,-0.8,0
58.0069674,137,0,19,0,0,0.027,-0.012,-1.009,0.3,-0.8,0
58.0525836,153,0,19,0,0,0.025,-0.012,-1.001,0.3,-0.8,0
58.0625836,150,0,19,0,0,0.025,-0.012,-1.001,0.3,-0.8,0
58.0725836,156,0,19,0,0,0.025,-0.012,-1.001,0.3,-0.8,0
58.0825836,157,0,19,0,0,0.025,-0.012,-1.001,0.3,-0.8,0
58.0925836,142,0,19,0,0,0.025,-0.012,-1.001,0.3,-0.8,0
58.1178882,148,0.01,19,0,0,0.026,-0.017,-1.011,0.3,-0.8,0
58.1278882,156,0.01,19,0,0,0.026,-0.017,-1.011,0.3,-0.8,0
58.1378882,144,0.01,19,0,0,0.026,-0.017,-1.011,0.3,-0.8,0
58.1478882,148,0.01,19,0,0,0.026,-0.017,-1.011,0.3,-0.8,0
58.1578882,161,0.01,19,0,0,0.026,-0.017,-1.011,0.3,-0.8,0
58.2319781,159,0.01,19,0,0,0.026,-0.017,-1.01,0.4,-0.8,0
58.2419781,147,0.01,19,0,0,0.026,-0.017,-1.01,0.4,-0.8,0
58.2519781,163,0.01,19,0,0,0.026,-0.017,-1.01,0.4,-0.8,0
58.2619781,150,0.01,19,0,0,0.026,-0.017,-1.01,0.4,-0.8,0
58.2719781,132,0.01,19,0,0,0.026,-0.017,-1.01,0.4,-0.8,0
58.3312472,156,0.02,19,0,0,0.026,-0.015,-1.002,0.3,-0.3,0.1
58.3412472,143,0.02,19,0,0,0.026,-0.015,-1.002,0.3,-0.3,0.1
58.3512472,157,0.02,19,0,0,0.026,-0.015,-1.002,0.3,-0.3,0.1
58.3612472,147,0.02,19,0,0,0.026,-0.015,-1.002,0.3,-0.3,0.1
58.3712472,159,0.02,19,0,0,0.026,-0.015,-1.002,0.3,-0.3,0.1
58.4335077,149,0,19,0,0,0.027,-0.015,-1.005,0.4,-0.3,0
58.4435077,159,0,19,0,0,0.027,-0.015,-1.005,0.4,-0.3,0
58.4535077,148,0,19,0,0,0.027,-0.015,-1.005,0.4,-0.3,0
58.4635077,149,0,19,0,0,0.027,-0.015,-1.005,0.4,-0.3,0
58.4735077,150,0,19,0,0,0.027,-0.015,-1.005,0.4,-0.3,0
58.5152358,157,0.01,19,0,0,0.026,-0.018,-1.004,0.4,-0.3,0
58.5252358,144,0.01,19,0,0,0.026,-0.018,-1.004,0.4,-0.3,0
58.5352358,150,0.01,19,0,0,0.026,-0.018,-1.004,0.4,-0.3,0
58.5452358,158,0.01,19,0,0,0.026,-0.018,-1.004,0.4,-0.3,0
58.5552358,152,0.01,19,0,0,0.026,-0.018,-1.004,0.4,-0.3,0
58.6339941,153,0,19,0,0,0.026,-0.013,-1.002,0.4,-0.3,0
58.6439941,152,0,19,0,0,0.026,-0.013,-1.002,0.4,-0.3,0
58.6539941,141,0,19,0,0,0.026,-0.013,-1.002,0.4,-0.3,0
58.6639941,157,0,19,0,0,0.026,-0.013,-1.002,0.4,-0.3,0
58.6739941,163,0,19,0,0,0.026,-0.013,-1.002,0.4,-0.3,0
58.6614076,152,0,19,0,0,0.026,-0.014,-1.004,0.3,-0.9,0
58.6714076,142,0,19,0,0,0.026,-0.014,-1.004,0.3,-0.9,0
58.6814076,150,0,19,0,0,0.026,-0.014,-1.004,0.3,-0.9,0
58.6914076,154,0,19,0,0,0.026,-0.014,-1.004,0.3,-0.9,0
58.7014076,154,0,19,0,0,0.026,-0.014,-1.004,0.3,-0.9,0
58.8491319,161,-0.01,19,0,0,0.027,-0.012,-1.004,0.3,-0.8,0
58.8591319,147,-0.01,19,0,0,0.027,-0.012,-1.004,0.3,-0.8,0
58.8691319,158,-0.01,19,0,0,0.027,-0.012,-1.004,0.3,-0.8,0
58.8791319,144,-0.01,19,0,0,0.027,-0.012,-1.004,0.3,-0.8,0
58.8891319,148,-0.01,19,0,0,0.027,-0.012,-1.004,0.3,-0.8,0
58.8605604,159,-0.01,19,0,0,0.029,-0.016,-0.993,0.3,-0.3,0
58.8705604,151,-0.01,19,0,0,0.029,-0.016,-0.993,0.3,-0.3,0
58.8805604,157,-0.01,19,0,0,0.029,-0.016,-0.993,0.3,-0.3,0
58.8905604,142,-0.01,19,0,0,0.029,-0.016,-0.993,0.3,-0.3,0
58.9005604,150,-0.01,19,0,0,0.029,-0.016,-0.993,0.3,-0.3,0
58.8822043,160,-0.02,19,0,0,0.028,-0.018,-0.997,0.3,-0.9,0
58.8922043,146,-0.02,19,0,0,0.028,-0.018,-0.997,0.3,-0.9,0
58.9022043,156,-0.02,19,0,0,0.028,-0.018,-0.997,0.3,-0.9,0
58.9122043,147,-0.02,19,0,0,0.028,-0.018,-0.997,0.3,-0.9,0
58.9222043,148,-0.02,19,0,0,0.028,-0.018,-0.997,0.3,-0.9,0
58.984343,157,-0.02,19,0,0,0.028,-0.018,-1.006,0.3,-0.8,0
58.994343,152,-0.02,19,0,0,0.028,-0.018,-1.006,0.3,-0.8,0
59.004343,146,-0.02,19,0,0,0.028,-0.018,-1.006,0.3,-0.8,0
59.014343,158,-0.02,19,0,0,0.028,-0.018,-1.006,0.3,-0.8,0
59.024343,141,-0.02,19,0,0,0.028,-0.018,-1.006,0.3,-0.8,0
59.0419094,158,-0.02,19,0,0,0.026,-0.02,-1,0.3,-0.6,0
59.0519094,163,-0.02,19,0,0,0.026,-0.02,-1,0.3,-0.6,0
59.0619094,132,-0.02,19,0,0,0.026,-0.02,-1,0.3,-0.6,0
59.0719094,161,-0.02,19,0,0,0.026,-0.02,-1,0.3,-0.6,0
59.0819094,150,-0.02,19,0,0,0.026,-0.02,-1,0.3,-0.6,0
59.0837184,153,-0.01,19,0,0,0.027,-0.018,-1.003,0.4,-0.7,0
59.0937184,157,-0.01,19,0,0,0.027,-0.018,-1.003,0.4,-0.7,0
59.1037184,143,-0.01,19,0,0,0.027,-0.018,-1.003,0.4,-0.7,0
59.1137184,156,-0.01,19,0,0,0.027,-0.018,-1.003,0.4,-0.7,0
59.1237184,146,-0.01,19,0,0,0.027,-0.018,-1.003,0.4,-0.7,0
59.1837955,156,0,19,0,0,0.026,-0.013,-1.007,0.3,-0.4,0
59.1937955,157,0,19,0,0,0.026,-0.013,-1.007,0.3,-0.4,0
59.2037955,144,0,19,0,0,0.026,-0.013,-1.007,0.3,-0.4,0
59.2137955,152,0,19,0,0,0.026,-0.013,-1.007,0.3,-0.4,0
59.2237955,156,0,19,0,0,0.026,-0.013,-1.007,0.3,-0.4,0
59.2379828,150,-0.01,19,0,0,0.026,-0.015,-0.999,0.3,-0.2,0
59.2479828,157,-0.01,19,0,0,0.026,-0.015,-0.999,0.3,-0.2,0
59.2579828,142,-0.01,19,0,0,0.026,-0.015,-0.999,0.3,-0.2,0
59.2679828,151,-0.01,19,0,0,0.026,-0.015,-0.999,0.3,-0.2,0
59.2779828,160,-0.01,19,0,0,0.026,-0.015,-0.999,0.3,-0.2,0
59.3144895,146,0,19,0,0,0.028,-0.015,-0.998,0.3,-0.7,0
59.3244895,157,0,19,0,0,0.028,-0.015,-0.998,0.3,-0.7,0
59.3344895,144,0,19,0,0,0.028,-0.015,-0.998,0.3,-0.7,0
59.3444895,151,0,19,0,0,0.028,-0.015,-0.998,0.3,-0.7,0
59.3544895,157,0,19,0,0,0.028,-0.015,-0.998,0.3,-0.7,0
59.367619,152,0,19,0,0,0.025,-0.016,-1.012,0.4,-0.6,0
59.377619,152,0,19,0,0,0.025,-0.016,-1.012,0.4,-0.6,0
59.387619,157,0,19,0,0,0.025,-0.016,-1.012,0.4,-0.6,0
59.397619,153,0,19,0,0,0.025,-0.016,-1.012,0.4,-0.6,0
59.407619,144,0,19,0,0,0.025,-0.016,-1.012,0.4,-0.6,0
59.4163496,159,0,19,0,0,0.028,-0.012,-1,0.3,-0.6,0
59.4263496,141,0,19,0,0,0.028,-0.012,-1,0.3,-0.6,0
59.4363496,168,0,19,0,0,0.028,-0.012,-1,0.3,-0.6,0
59.4463496,152,0,19,0,0,0.028,-0.012,-1,0.3,-0.6,0
59.4563496,132,0,19,0,0,0.028,-0.012,-1,0.3,-0.6,0
59.4657223,163,0,19,0,0,0.025,-0.014,-1.009,0.3,-0.3,0.1
59.4757223,150,0,19,0,0,0.025,-0.014,-1.009,0.3,-0.3,0.1
59.4857223,154,0,19,0,0,0.025,-0.014,-1.009,0.3,-0.3,0.1
59.4957223,155,0,19,0,0,0.025,-0.014,-1.009,0.3,-0.3,0.1
59.5057223,143,0,19,0,0,0.025,-0.014,-1.009,0.3,-0.3,0.1
59.5849213,152,0,19,0,0,0.027,-0.016,-0.999,0.3,-0.3,0.1
59.5949213,160,0,19,0,0,0.027,-0.016,-0.999,0.3,-0.3,0.1
59.6049213,147,0,19,0,0,0.027,-0.016,-0.999,0.3,-0.3,0.1
59.6149213,157,0,19,0,0,0.027,-0.016,-0.999,0.3,-0.3,0.1
59.6249213,144,0,19,0,0,0.027,-0.016,-0.999,0.3,-0.3,0.1
59.6468565,156,0.02,19,0,0,0.028,-0.014,-0.994,0.2,-0.7,0
59.6568565,141,0.02,19,0,0,0.028,-0.014,-0.994,0.2,-0.7,0
59.6668565,149,0.02,19,0,0,0.028,-0.014,-0.994,0.2,-0.7,0
59.6768565,151,0.02,19,0,0,0.028,-0.014,-0.994,0.2,-0.7,0
59.6868565,156,0.02,19,0,0,0.028,-0.014,-0.994,0.2,-0.7,0
59.7332703,155,0.01,19,0,0,0.027,-0.018,-0.999,0.3,-0.9,0
59.7432703,142,0.01,19,0,0,0.027,-0.018,-0.999,0.3,-0.9,0
59.7532703,153,0.01,19,0,0,0.027,-0.018,-0.999,0.3,-0.9,0
59.7632703,156,0.01,19,0,0,0.027,-0.018,-0.999,0.3,-0.9,0
59.7732703,150,0.01,19,0,0,0.027,-0.018,-0.999,0.3,-0.9,0
59.8387919,141,-0.01,19,0,0,0.027,-0.013,-1.003,0.2,-0.9,0
59.8487919,158,-0.01,19,0,0,0.027,-0.013,-1.003,0.2,-0.9,0
59.8587919,167,-0.01,19,0,0,0.027,-0.013,-1.003,0.2,-0.9,0
59.8687919,130,-0.01,19,0,0,0.027,-0.013,-1.003,0.2,-0.9,0
59.8787919,161,-0.01,19,0,0,0.027,-0.013,-1.003,0.2,-0.9,0
59.9295945,151,-0.01,19,0,0,0.028,-0.018,-0.999,0.3,-0.8,0
59.9395945,156,-0.01,19,0,0,0.028,-0.018,-0.999,0.3,-0.8,0
59.9495945,158,-0.01,19,0,0,0.028,-0.018,-0.999,0.3,-0.8,0
59.9595945,136,-0.01,19,0,0,0.028,-0.018,-0.999,0.3,-0.8,0
59.9695945,152,-0.01,19,0,0,0.028,-0.018,-0.999,0.3,-0.8,0
60.0154192,150,0,19,0,0,0.028,-0.015,-0.996,0.3,-0.3,0
60.0254192,152,0,19,0,0,0.028,-0.015,-0.996,0.3,-0.3,0
60.0354192,149,0,19,0,0,0.028,-0.015,-0.996,0.3,-0.3,0
60.0454192,158,0,19,0,0,0.028,-0.015,-0.996,0.3,-0.3,0
60.0554192,156,0,19,0,0,0.028,-0.015,-0.996,0.3,-0.3,0
60.1594656,160,-0.02,19,0,0,0.025,-0.012,-1.012,0.4,-0.5,0
60.1694656,151,-0.02,19,0,0,0.025,-0.012,-1.012,0.4,-0.5,0
60.1794656,154,-0.02,19,0,0,0.025,-0.012,-1.012,0.4,-0.5,0
60.1894656,143,-0.02,19,0,0,0.025,-0.012,-1.012,0.4,-0.5,0
60.1994656,151,-0.02,19,0,0,0.025,-0.012,-1.012,0.4,-0.5,0
60.2079962,145,0,19,0,0,0.028,-0.017,-1,0.3,-0.5,0
60.2179962,159,0,19,0,0,0.028,-0.017,-1,0.3,-0.5,0
60.2279962,141,0,19,0,0,0.028,-0.017,-1,0.3,-0.5,0
60.2379962,170,0,19,0,0,0.028,-0.017,-1,0.3,-0.5,0
60.2479962,157,0,19,0,0,0.028,-0.017,-1,0.3,-0.5,0
60.2796108,143,0,19,0,0,0.027,-0.012,-1,0.3,-0.7,0
60.2896108,152,0,19,0,0,0.027,-0.012,-1,0.3,-0.7,0
60.2996108,156,0,19,0,0,0.027,-0.012,-1,0.3,-0.7,0
60.3096108,154,0,19,0,0,0.027,-0.012,-1,0.3,-0.7,0
60.3196108,159,0,19,0,0,0.027,-0.012,-1,0.3,-0.7,0
60.3577067,156,0,19,0,0,0.027,-0.018,-1.001,0.3,-0.9,0
60.3677067,157,0,19,0,0,0.027,-0.018,-1.001,0.3,-0.9,0
60.3777067,144,0,19,0,0,0.027,-0.018,-1.001,0.3,-0.9,0
60.3877067,152,0,19,0,0,0.027,-0.018,-1.001,0.3,-0.9,0
60.3977067,156,0,19,0,0,0.027,-0.018,-1.001,0.3,-0.9,0
60.4678129,148,0,19,0,0,0.026,-0.013,-1.003,0.3,-0.8,0
60.4778129,157,0,19,0,0,0.026,-0.013,-1.003,0.3,-0.8,0
60.4878129,143,0,19,0,0,0.026,-0.013,-1.003,0.3,-0.8,0
60.4978129,150,0,19,0,0,0.026,-0.013,-1.003,0.3,-0.8,0
60.5078129,160,0,19,0,0,0.026,-0.013,-1.003,0.3,-0.8,0
60.5872202,159,0.01,19,0,0,0.027,-0.011,-1.006,0.3,-0.9,0
60.5972202,141,0.01,19,0,0,0.027,-0.011,-1.006,0.3,-0.9,0
60.6072202,169,0.01,19,0,0,0.027,-0.011,-1.006,0.3,-0.9,0
60.6172202,159,0.01,19,0,0,0.027,-0.011,-1.006,0.3,-0.9,0
60.6272202,131,0.01,19,0,0,0.027,-0.011,-1.006,0.3,-0.9,0
60.666804,156,0.01,19,0,0,0.026,-0.018,-1.002,0.3,-0.9,0
60.676804,155,0.01,19,0,0,0.026,-0.018,-1.002,0.3,-0.9,0
60.686804,148,0.01,19,0,0,0.026,-0.018,-1.002,0.3,-0.9,0
60.696804,145,0.01,19,0,0,0.026,-0.018,-1.002,0.3,-0.9,0
60.706804,156,0.01,19,0,0,0.026,-0.018,-1.002,0.3,-0.9,0
60.7522877,164,0.01,19,0,0,0.029,-0.018,-0.996,0.3,-0.6,0
60.7622877,136,0.01,19,0,0,0.029,-0.018,-0.996,0.3,-0.6,0
60.7722877,152,0.01,19,0,0,0.029,-0.018,-0.996,0.3,-0.6,0
60.7822877,150,0.01,19,0,0,0.029,-0.018,-0.996,0.3,-0.6,0
60.7922877,166,0.01,19,0,0,0.029,-0.018,-0.996,0.3,-0.6,0
60.7935861,153,0.01,19,0,0,0.024,-0.015,-1.01,0.3,-0.8,0
60.8035861,144,0.01,19,0,0,0.024,-0.015,-1.01,0.3,-0.8,0
60.8135861,152,0.01,19,0,0,0.024,-0.015,-1.01,0.3,-0.8,0
60.8235861,148,0.01,19,0,0,0.024,-0.015,-1.01,0.3,-0.8,0
60.8335861,158,0.01,19,0,0,0.024,-0.015,-1.01,0.3,-0.8,0
60.8650286,157,0.01,19,0,0,0.025,-0.014,-1.006,0.3,-0.4,0
60.8750286,143,0.01,19,0,0,0.025,-0.014,-1.006,0.3,-0.4,0
60.8850286,152,0.01,19,0,0,0.025,-0.014,-1.006,0.3,-0.4,0
60.8950286,156,0.01,19,0,0,0.025,-0.014,-1.006,0.3,-0.4,0
60.9050286,151,0.01,19,0,0,0.025,-0.014,-1.006,0.3,-0.4,0
60.9345194,151,0,19,0,0,0.027,-0.012,-1,0.3,-0.5,0
60.9445194,160,0,19,0,0,0.027,-0.012,-1,0.3,-0.5,0
60.9545194,150,0,19,0,0,0.027,-0.012,-1,0.3,-0.5,0
60.9645194,145,0,19,0,0,0.027,-0.012,-1,0.3,-0.5,0
60.9745194,161,0,19,0,0,0.027,-0.012,-1,0.3,-0.5,0
61.0497669,150,-0.01,19,0,0,0.028,-0.017,-0.996,0.3,-0.6,0
61.0597669,155,-0.01,19,0,0,0.028,-0.017,-0.996,0.3,-0.6,0
61.0697669,155,-0.01,19,0,0,0.028,-0.017,-0.996,0.3,-0.6,0
61.0797669,142,-0.01,19,0,0,0.028,-0.017,-0.996,0.3,-0.6,0
61.0897669,158,-0.01,19,0,0,0.028,-0.017,-0.996,0.3,-0.6,0
61.1082805,148,0,19,0,0,0.028,-0.014,-1.007,0.3,-0.9,0
61.1182805,152,0,19,0,0,0.028,-0.014,-1.007,0.3,-0.9,0
61.1282805,150,0,19,0,0,0.028,-0.014,-1.007,0.3,-0.9,0
61.1382805,160,0,19,0,0,0.028,-0.014,-1.007,0.3,-0.9,0
61.1482805,149,0,19,0,0,0.028,-0.014,-1.007,0.3,-0.9,0
61.2447565,143,0,19,0,0,0.028,-0.016,-0.999,0.2,-0.7,0
61.2547565,151,0,19,0,0,0.028,-0.016,-0.999,0.2,-0.7,0
61.2647565,149,0,19,0,0,0.028,-0.016,-0.999,0.2,-0.7,0
61.2747565,157,0,19,0,0,0.028,-0.016,-0.999,0.2,-0.7,0
61.2847565,157,0,19,0,0,0.028,-0.016,-0.999,0.2,-0.7,0
61.3157924,160,-0.01,19,0,0,0.028,-0.015,-0.997,0.4,-0.3,0
61.3257924,151,-0.01,19,0,0,0.028,-0.015,-0.997,0.4,-0.3,0
61.3357924,151,-0.01,19,0,0,0.028,-0.015,-0.997,0.4,-0.3,0
61.3457924,147,-0.01,19,0,0,0.028,-0.015,-0.997,0.4,-0.3,0
61.3557924,151,-0.01,19,0,0,0.028,-0.015,-0.997,0.4,-0.3,0
61.4015685,156,-0.01,19,0,0,0.029,-0.02,-0.99,0.3,-0.4,0
61.4115685,161,-0.01,19,0,0,0.029,-0.02,-0.99,0.3,-0.4,0
61.4215685,134,-0.01,19,0,0,0.029,-0.02,-0.99,0.3,-0.4,0
61.4315685,162,-0.01,19,0,0,0.029,-0.02,-0.99,0.3,-0.4,0
61.4415685,150,-0.01,19,0,0,0.029,-0.02,-0.99,0.3,-0.4,0
61.5173176,159,0,19,0,0,0.029,-0.017,-0.999,0.3,-0.6,0
61.5273176,160,0,19,0,0,0.029,-0.017,-0.999,0.3,-0.6,0
61.5373176,141,0,19,0,0,0.029,-0.017,-0.999,0.3,-0.6,0
61.5473176,150,0,19,0,0,0.029,-0.017,-0.999,0.3,-0.6,0
61.5573176,160,0,19,0,0,0.029,-0.017,-0.999,0.3,-0.6,0
61.65104,151,0.01,19,0,0,0.028,-0.014,-0.999,0.3,-0.6,0
61.66104,158,0.01,19,0,0,0.028,-0.014,-0.999,0.3,-0.6,0
61.67104,141,0.01,19,0,0,0.028,-0.014,-0.999,0.3,-0.6,0
61.68104,150,0.01,19,0,0,0.028,-0.014,-0.999,0.3,-0.6,0
61.69104,160,0.01,19,0,0,0.028,-0.014,-0.999,0.3,-0.6,0
61.6918911,152,0.01,19,0,0,0.028,-0.018,-1,0.3,-0.9,0
61.7018911,147,0.01,19,0,0,0.028,-0.018,-1,0.3,-0.9,0
61.7118911,159,0.01,19,0,0,0.028,-0.018,-1,0.3,-0.9,0
61.7218911,155,0.01,19,0,0,0.028,-0.018,-1,0.3,-0.9,0
61.7318911,143,0.01,19,0,0,0.028,-0.018,-1,0.3,-0.9,0
61.8632146,155,0.01,19,0,0,0.027,-0.017,-1.003,0.4,-0.3,0
61.8732146,142,0.01,19,0,0,0.027,-0.017,-1.003,0.4,-0.3,0
61.8832146,160,0.01,19,0,0,0.027,-0.017,-1.003,0.4,-0.3,0
61.8932146,144,0.01,19,0,0,0.027,-0.017,-1.003,0.4,-0.3,0
61.9032146,156,0.01,19,0,0,0.027,-0.017,-1.003,0.4,-0.3,0
61.8860999,164,0.01,19,0,0,0.026,-0.012,-1.006,0.3,-1,0
61.8960999,140,0.01,19,0,0,0.026,-0.012,-1.006,0.3,-1,0
61.9060999,151,0.01,19,0,0,0.026,-0.012,-1.006,0.3,-1,0
61.9160999,152,0.01,19,0,0,0.026,-0.012,-1.006,0.3,-1,0
61.9260999,155,0.01,19,0,0,0.026,-0.012,-1.006,0.3,-1,0
61.9676097,158,0.02,19,0,0,0.027,-0.013,-1,0.3,-0.3,0
61.9776097,144,0.02,19,0,0,0.027,-0.013,-1,0.3,-0.3,0
61.9876097,151,0.02,19,0,0,0.027,-0.013,-1,0.3,-0.3,0
61.9976097,157,0.02,19,0,0,0.027,-0.013,-1,0.3,-0.3,0
62.0076097,150,0.02,19,0,0,0.027,-0.013,-1,0.3,-0.3,0
62.0659461,151,-0.01,19,0,0,0.028,-0.017,-0.999,0.3,-0.5,0
62.0759461,162,-0.01,19,0,0,0.028,-0.017,-0.999,0.3,-0.5,0
62.0859461,146,-0.01,19,0,0,0.028,-0.017,-0.999,0.3,-0.5,0
62.0959461,151,-0.01,19,0,0,0.028,-0.017,-0.999,0.3,-0.5,0
62.1059461,152,-0.01,19,0,0,0.028,-0.017,-0.999,0.3,-0.5,0
62.088536,147,0,19,0,0,0.027,-0.012,-1.012,0.3,-0.6,0
62.098536,160,0,19,0,0,0.027,-0.012,-1.012,0.3,-0.6,0
62.108536,156,0,19,0,0,0.027,-0.012,-1.012,0.3,-0.6,0
62.118536,140,0,19,0,0,0.027,-0.012,-1.012,0.3,-0.6,0
62.128536,153,0,19,0,0,0.027,-0.012,-1.012,0.3,-0.6,0
62.1313357,153,-0.01,19,0,0,0.028,-0.015,-1,0.3,-0.6,0
62.1413357,154,-0.01,19,0,0,0.028,-0.015,-1,0.3,-0.6,0
62.1513357,154,-0.01,19,0,0,0.028,-0.015,-1,0.3,-0.6,0
62.1613357,145,-0.01,19,0,0,0.028,-0.015,-1,0.3,-0.6,0
62.1713357,162,-0.01,19,0,0,0.028,-0.015,-1,0.3,-0.6,0
62.2435675,152,-0.01,19,0,0,0.028,-0.013,-0.999,0.4,-0.7,0
62.2535675,154,-0.01,19,0,0,0.028,-0.013,-0.999,0.4,-0.7,0
62.2635675,155,-0.01,19,0,0,0.028,-0.013,-0.999,0.4,-0.7,0
62.2735675,142,-0.01,19,0,0,0.028,-0.013,-0.999,0.4,-0.7,0
62.2835675,154,-0.01,19,0,0,0.028,-0.013,-0.999,0.4,-0.7,0
62.2912311,142,0,19,0,0,0.027,-0.014,-1.005,0.3,-0.9,0
62.3012311,152,0,19,0,0,0.027,-0.014,-1.005,0.3,-0.9,0
62.3112311,150,0,19,0,0,0.027,-0.014,-1.005,0.3,-0.9,0
62.3212311,166,0,19,0,0,0.027,-0.014,-1.005,0.3,-0.9,0
62.3312311,153,0,19,0,0,0.027,-0.014,-1.005,0.3,-0.9,0
62.4144614,143,0,19,0,0,0.028,-0.015,-1.002,0.3,-0.7,0
62.4244614,150,0,19,0,0,0.028,-0.015,-1.002,0.3,-0.7,0
62.4344614,160,0,19,0,0,0.028,-0.015,-1.002,0.3,-0.7,0
62.4444614,147,0,19,0,0,0.028,-0.015,-1.002,0.3,-0.7,0
62.4544614,157,0,19,0,0,0.028,-0.015,-1.002,0.3,-0.7,0
62.435421,144,0,19,0,0,0.028,-0.02,-0.995,0.3,-0.4,0
62.445421,152,0,19,0,0,0.028,-0.02,-0.995,0.3,-0.4,0
62.455421,156,0,19,0,0,0.028,-0.02,-0.995,0.3,-0.4,0
62.465421,151,0,19,0,0,0.028,-0.02,-0.995,0.3,-0.4,0
62.475421,155,0,19,0,0,0.028,-0.02,-0.995,0.3,-0.4,0
62.611717,140,0,19,0,0,0.025,-0.015,-1.01,0.4,-0.6,0
62.621717,150,0,19,0,0,0.025,-0.015,-1.01,0.4,-0.6,0
62.631717,154,0,19,0,0,0.025,-0.015,-1.01,0.4,-0.6,0
62.641717,154,0,19,0,0,0.025,-0.015,-1.01,0.4,-0.6,0
62.651717,155,0,19,0,0,0.025,-0.015,-1.01,0.4,-0.6,0
62.6980511,155,0,19,0,0,0.026,-0.019,-0.999,0.4,-0.4,0
62.7080511,161,0,19,0,0,0.026,-0.019,-0.999,0.4,-0.4,0
62.7180511,140,0,19,0,0,0.026,-0.019,-0.999,0.4,-0.4,0
62.7280511,152,0,19,0,0,0.026,-0.019,-0.999,0.4,-0.4,0
62.7380511,161,0,19,0,0,0.026,-0.019,-0.999,0.4,-0.4,0
62.8300667,149,0.01,19,0,0,0.026,-0.014,-1.003,0.4,-0.3,0
62.8400667,158,0.01,19,0,0,0.026,-0.014,-1.003,0.4,-0.3,0
62.8500667,141,0.01,19,0,0,0.026,-0.014,-1.003,0.4,-0.3,0
62.8600667,150,0.01,19,0,0,0.026,-0.014,-1.003,0.4,-0.3,0
62.8700667,159,0.01,19,0,0,0.026,-0.014,-1.003,0.4,-0.3,0
62.889284,155,0,19,0,0,0.028,-0.017,-0.993,0.3,-0.3,0.1
62.899284,141,0,19,0,0,0.028,-0.017,-0.993,0.3,-0.3,0.1
62.909284,152,0,19,0,0,0.028,-0.017,-0.993,0.3,-0.3,0.1
62.919284,150,0,19,0,0,0.028,-0.017,-0.993,0.3,-0.3,0.1
62.929284,158,0,19,0,0,0.028,-0.017,-0.993,0.3,-0.3,0.1
62.9844821,149,0,19,0,0,0.028,-0.018,-0.994,0.3,-0.3,0
62.9944821,152,0,19,0,0,0.028,-0.018,-0.994,0.3,-0.3,0
63.0044821,154,0,19,0,0,0.028,-0.018,-0.994,0.3,-0.3,0
63.0144821,153,0,19,0,0,0.028,-0.018,-0.994,0.3,-0.3,0
63.0244821,149,0,19,0,0,0.028,-0.018,-0.994,0.3,-0.3,0
63.0880483,159,0.01,19,0,0,0.028,-0.014,-0.998,0.3,-0.6,0
63.0980483,137,0.01,19,0,0,0.028,-0.014,-0.998,0.3,-0.6,0
63.1080483,151,0.01,19,0,0,0.028,-0.014,-0.998,0.3,-0.6,0
63.1180483,160,0.01,19,0,0,0.028,-0.014,-0.998,0.3,-0.6,0
63.1280483,148,0.01,19,0,0,0.028,-0.014,-0.998,0.3,-0.6,0
63.2126381,160,-0.01,19,0,0,0.027,-0.012,-0.998,0.3,-0.5,0
63.2226381,147,-0.01,19,0,0,0.027,-0.012,-0.998,0.3,-0.5,0
63.2326381,156,-0.01,19,0,0,0.027,-0.012,-0.998,0.3,-0.5,0
63.2426381,144,-0.01,19,0,0,0.027,-0.012,-0.998,0.3,-0.5,0
63.2526381,153,-0.01,19,0,0,0.027,-0.012,-0.998,0.3,-0.5,0
63.2626036,142,0,19,0,0,0.028,-0.016,-1.004,0.3,-0.9,0
63.2726036,153,0,19,0,0,0.028,-0.016,-1.004,0.3,-0.9,0
63.2826036,150,0,19,0,0,0.028,-0.016,-1.004,0.3,-0.9,0
63.2926036,156,0,19,0,0,0.028,-0.016,-1.004,0.3,-0.9,0
63.3026036,154,0,19,0,0,0.028,-0.016,-1.004,0.3,-0.9,0
63.3630556,133,0,19,0,0,0.025,-0.012,-1.004,0.3,-0.9,0
63.3730556,162,0,19,0,0,0.025,-0.012,-1.004,0.3,-0.9,0
63.3830556,150,0,19,0,0,0.025,-0.012,-1.004,0.3,-0.9,0
63.3930556,155,0,19,0,0,0.025,-0.012,-1.004,0.3,-0.9,0
63.4030556,156,0,19,0,0,0.025,-0.012,-1.004,0.3,-0.9,0
63.4740087,157,-0.01,19,0,0,0.028,-0.013,-1,0.4,-0.3,0
63.4840087,162,-0.01,19,0,0,0.028,-0.013,-1,0.4,-0.3,0
63.4940087,137,-0.01,19,0,0,0.028,-0.013,-1,0.4,-0.3,0
63.5040087,151,-0.01,19,0,0,0.028,-0.013,-1,0.4,-0.3,0
63.5140087,152,-0.01,19,0,0,0.028,-0.013,-1,0.4,-0.3,0
63.5651749,149,0,19,0,0,0.029,-0.02,-0.991,0.2,-0.4,0
63.5751749,159,0,19,0,0,0.029,-0.02,-0.991,0.2,-0.4,0
63.5851749,142,0,19,0,0,0.029,-0.02,-0.991,0.2,-0.4,0
63.5951749,150,0,19,0,0,0.029,-0.02,-0.991,0.2,-0.4,0
63.6051749,160,0,19,0,0,0.029,-0.02,-0.991,0.2,-0.4,0
63.6707192,150,0.01,19,0,0,0.028,-0.014,-1.001,0.3,-0.7,0
63.6807192,154,0.01,19,0,0,0.028,-0.014,-1.001,0.3,-0.7,0
63.6907192,144,0.01,19,0,0,0.028,-0.014,-1.001,0.3,-0.7,0
63.7007192,150,0.01,19,0,0,0.028,-0.014,-1.001,0.3,-0.7,0
63.7107192,157,0.01,19,0,0,0.028,-0.014,-1.001,0.3,-0.7,0
63.7656938,162,0.02,19,0,0,0.029,-0.015,-0.992,0.3,-0.7,0
63.7756938,132,0.02,19,0,0,0.029,-0.015,-0.992,0.3,-0.7,0
63.7856938,162,0.02,19,0,0,0.029,-0.015,-0.992,0.3,-0.7,0
63.7956938,150,0.02,19,0,0,0.029,-0.015,-0.992,0.3,-0.7,0
63.8056938,152,0.02,19,0,0,0.029,-0.015,-0.992,0.3,-0.7,0
63.7810011,158,0.02,19,0,0,0.025,-0.016,-1.002,0.3,-0.5,0.1
63.7910011,141,0.02,19,0,0,0.025,-0.016,-1.002,0.3,-0.5,0.1
63.8010011,157,0.02,19,0,0,0.025,-0.016,-1.002,0.3,-0.5,0.1
63.8110011,147,0.02,19,0,0,0.025,-0.016,-1.002,0.3,-0.5,0.1
63.8210011,158,0.02,19,0,0,0.025,-0.016,-1.002,0.3,-0.5,0.1
63.8721627,159,0.01,19,0,0,0.029,-0.017,-0.998,0.2,-0.8,0
63.8821627,137,0.01,19,0,0,0.029,-0.017,-0.998,0.2,-0.8,0
63.8921627,153,0.01,19,0,0,0.029,-0.017,-0.998,0.2,-0.8,0
63.9021627,158,0.01,19,0,0,0.029,-0.017,-0.998,0.2,-0.8,0
63.9121627,148,0.01,19,0,0,0.029,-0.017,-0.998,0.2,-0.8,0
64.0305885,150,-0.01,19,0,0,0.028,-0.021,-0.996,0.3,-0.5,0
64.0405885,159,-0.01,19,0,0,0.028,-0.021,-0.996,0.3,-0.5,0
64.0505885,154,-0.01,19,0,0,0.028,-0.021,-0.996,0.3,-0.5,0
64.0605885,142,-0.01,19,0,0,0.028,-0.021,-0.996,0.3,-0.5,0
64.0705885,152,-0.01,19,0,0,0.028,-0.021,-0.996,0.3,-0.5,0
64.0365673,156,0,19,0,0,0.027,-0.017,-1.002,0.3,-0.7,0
64.0465673,143,0,19,0,0,0.027,-0.017,-1.002,0.3,-0.7,0
64.0565673,150,0,19,0,0,0.027,-0.017,-1.002,0.3,-0.7,0
64.0665673,157,0,19,0,0,0.027,-0.017,-1.002,0.3,-0.7,0
64.0765673,150,0,19,0,0,0.027,-0.017,-1.002,0.3,-0.7,0
64.1484996,132,0,19,0,0,0.025,-0.018,-1.009,0.4,-0.6,0
64.1584996,162,0,19,0,0,0.025,-0.018,-1.009,0.4,-0.6,0
64.1684996,150,0,19,0,0,0.025,-0.018,-1.009,0.4,-0.6,0
64.1784996,155,0,19,0,0,0.025,-0.018,-1.009,0.4,-0.6,0
64.1884996,155,0,19,0,0,0.025,-0.018,-1.009,0.4,-0.6,0
64.2311662,137,0,19,0,0,0.026,-0.013,-1.009,0.3,-0.4,0
64.2411662,151,0,19,0,0,0.026,-0.013,-1.009,0.3,-0.4,0
64.2511662,161,0,19,0,0,0.026,-0.013,-1.009,0.3,-0.4,0
64.2611662,147,0,19,0,0,0.026,-0.013,-1.009,0.3,-0.4,0
64.2711662,156,0,19,0,0,0.026,-0.013,-1.009,0.3,-0.4,0
64.3927836,147,-0.01,19,0,0,0.027,-0.014,-1.002,0.3,-0.7,0
64.4027836,158,-0.01,19,0,0,0.027,-0.014,-1.002,0.3,-0.7,0
64.4127836,144,-0.01,19,0,0,0.027,-0.014,-1.002,0.3,-0.7,0
64.4227836,151,-0.01,19,0,0,0.027,-0.014,-1.002,0.3,-0.7,0
64.4327836,158,-0.01,19,0,0,0.027,-0.014,-1.002,0.3,-0.7,0
64.4744796,153,0,19,0,0,0.026,-0.012,-1.002,0.3,-0.4,0
64.4844796,152,0,19,0,0,0.026,-0.012,-1.002,0.3,-0.4,0
64.4944796,156,0,19,0,0,0.026,-0.012,-1.002,0.3,-0.4,0
64.5044796,152,0,19,0,0,0.026,-0.012,-1.002,0.3,-0.4,0
64.5144796,145,0,19,0,0,0.026,-0.012,-1.002,0.3,-0.4,0
64.5668869,161,0,19,0,0,0.028,-0.019,-0.994,0.3,-0.4,0
64.5768869,152,0,19,0,0,0.028,-0.019,-0.994,0.3,-0.4,0
64.5868869,154,0,19,0,0,0.028,-0.019,-0.994,0.3,-0.4,0
64.5968869,154,0,19,0,0,0.028,-0.019,-0.994,0.3,-0.4,0
64.6068869,143,0,19,0,0,0.028,-0.019,-0.994,0.3,-0.4,0
64.6513494,152,0,19,0,0,0.028,-0.016,-0.999,0.3,-0.4,0
64.6613494,160,0,19,0,0,0.028,-0.016,-0.999,0.3,-0.4,0
64.6713494,147,0,19,0,0,0.028,-0.016,-0.999,0.3,-0.4,0
64.6813494,150,0,19,0,0,0.028,-0.016,-0.999,0.3,-0.4,0
64.6913494,152,0,19,0,0,0.028,-0.016,-0.999,0.3,-0.4,0
64.7967502,157,0,19,0,0,0.026,-0.017,-1.006,0.3,-0.3,0
64.8067502,144,0,19,0,0,0.026,-0.017,-1.006,0.3,-0.3,0
64.8167502,148,0,19,0,0,0.026,-0.017,-1.006,0.3,-0.3,0
64.8267502,161,0,19,0,0,0.026,-0.017,-1.006,0.3,-0.3,0
64.8367502,151,0,19,0,0,0.026,-0.017,-1.006,0.3,-0.3,0
64.8673363,146,0,19,0,0,0.027,-0.014,-1,0.3,-0.3,0
64.8773363,159,0,19,0,0,0.027,-0.014,-1,0.3,-0.3,0
64.8873363,141,0,19,0,0,0.027,-0.014,-1,0.3,-0.3,0
64.8973363,168,0,19,0,0,0.027,-0.014,-1,0.3,-0.3,0
64.9073363,152,0,19,0,0,0.027,-0.014,-1,0.3,-0.3,0
65.0419596,143,0,19,0,0,0.027,-0.019,-0.997,0.3,-0.5,0
65.0519596,158,0,19,0,0,0.027,-0.019,-0.997,0.3,-0.5,0
65.0619596,146,0,19,0,0,0.027,-0.019,-0.997,0.3,-0.5,0
65.0719596,159,0,19,0,0,0.027,-0.019,-0.997,0.3,-0.5,0
65.0819596,159,0,19,0,0,0.027,-0.019,-0.997,0.3,-0.5,0
65.0478297,135,0,19,0,0,0.027,-0.017,-1.008,0.3,-0.7,0
65.0578297,154,0,19,0,0,0.027,-0.017,-1.008,0.3,-0.7,0
65.0678297,159,0,19,0,0,0.027,-0.017,-1.008,0.3,-0.7,0
65.0778297,147,0,19,0,0,0.027,-0.017,-1.008,0.3,-0.7,0
65.0878297,156,0,19,0,0,0.027,-0.017,-1.008,0.3,-0.7,0
65.0851091,147,0,19,0,0,0.026,-0.012,-0.999,0.3,-0.6,0
65.0951091,148,0,19,0,0,0.026,-0.012,-0.999,0.3,-0.6,0
65.1051091,160,0,19,0,0,0.026,-0.012,-0.999,0.3,-0.6,0
65.1151091,150,0,19,0,0,0.026,-0.012,-0.999,0.3,-0.6,0
65.1251091,153,0,19,0,0,0.026,-0.012,-0.999,0.3,-0.6,0
65.1672917,151,0,19,0,0,0.028,-0.015,-0.994,0.3,-0.7,0
65.1772917,148,0,19,0,0,0.028,-0.015,-0.994,0.3,-0.7,0
65.1872917,161,0,19,0,0,0.028,-0.015,-0.994,0.3,-0.7,0
65.1972917,154,0,19,0,0,0.028,-0.015,-0.994,0.3,-0.7,0
65.2072917,142,0,19,0,0,0.028,-0.015,-0.994,0.3,-0.7,0
65.247481,150,0,19,0,0,0.029,-0.016,-0.999,0.3,-0.6,0
65.257481,153,0,19,0,0,0.029,-0.016,-0.999,0.3,-0.6,0
65.267481,153,0,19,0,0,0.029,-0.016,-0.999,0.3,-0.6,0
65.277481,141,0,19,0,0,0.029,-0.016,-0.999,0.3,-0.6,0
65.287481,158,0,19,0,0,0.029,-0.016,-0.999,0.3,-0.6,0
65.3596442,151,0,19,0,0,0.028,-0.012,-0.998,0.3,-0.6,0
65.3696442,156,0,19,0,0,0.028,-0.012,-0.998,0.3,-0.6,0
65.3796442,156,0,19,0,0,0.028,-0.012,-0.998,0.3,-0.6,0
65.3896442,157,0,19,0,0,0.028,-0.012,-0.998,0.3,-0.6,0
65.3996442,139,0,19,0,0,0.028,-0.012,-0.998,0.3,-0.6,0
65.4714414,156,0.01,19,0,0,0.025,-0.014,-1.008,0.3,-0.6,0
65.4814414,145,0.01,19,0,0,0.025,-0.014,-1.008,0.3,-0.6,0
65.4914414,152,0.01,19,0,0,0.025,-0.014,-1.008,0.3,-0.6,0
65.5014414,154,0.01,19,0,0,0.025,-0.014,-1.008,0.3,-0.6,0
65.5114414,151,0.01,19,0,0,0.025,-0.014,-1.008,0.3,-0.6,0
65.5333429,157,0,19,0,0,0.026,-0.019,-1.003,0.3,-0.4,0
65.5433429,145,0,19,0,0,0.026,-0.019,-1.003,0.3,-0.4,0
65.5533429,148,0,19,0,0,0.026,-0.019,-1.003,0.3,-0.4,0
65.5633429,161,0,19,0,0,0.026,-0.019,-1.003,0.3,-0.4,0
65.5733429,151,0,19,0,0,0.026,-0.019,-1.003,0.3,-0.4,0
65.6489715,147,0,19,0,0,0.026,-0.015,-1.004,0.3,-0.3,0
65.6589715,159,0,19,0,0,0.026,-0.015,-1.004,0.3,-0.3,0
65.6689715,141,0,19,0,0,0.026,-0.015,-1.004,0.3,-0.3,0
65.6789715,158,0,19,0,0,0.026,-0.015,-1.004,0.3,-0.3,0
65.6889715,163,0,19,0,0,0.026,-0.015,-1.004,0.3,-0.3,0
65.7652033,143,0,19,0,0,0.028,-0.017,-0.995,0.3,-0.3,0
65.7752033,158,0,19,0,0,0.028,-0.017,-0.995,0.3,-0.3,0
65.7852033,149,0,19,0,0,0.028,-0.017,-0.995,0.3,-0.3,0
65.7952033,156,0,19,0,0,0.028,-0.017,-0.995,0.3,-0.3,0
65.8052033,159,0,19,0,0,0.028,-0.017,-0.995,0.3,-0.3,0
65.7821376,136,0,19,0,0,0.026,-0.019,-1.004,0.3,-0.9,0
65.7921376,152,0,19,0,0,0.026,-0.019,-1.004,0.3,-0.9,0
65.8021376,161,0,19,0,0,0.026,-0.019,-1.004,0.3,-0.9,0
65.8121376,147,0,19,0,0,0.026,-0.019,-1.004,0.3,-0.9,0
65.8221376,157,0,19,0,0,0.026,-0.019,-1.004,0.3,-0.9,0
65.8726637,145,0,19,0,0,0.028,-0.016,-0.999,0.3,-0.6,0
65.8826637,149,0,19,0,0,0.028,-0.016,-0.999,0.3,-0.6,0
65.8926637,159,0,19,0,0,0.028,-0.016,-0.999,0.3,-0.6,0
65.9026637,150,0,19,0,0,0.028,-0.016,-0.999,0.3,-0.6,0
65.9126637,149,0,19,0,0,0.028,-0.016,-0.999,0.3,-0.6,0
65.9338942,151,0,19,0,0,0.029,-0.016,-0.992,0.2,-0.6,0
65.9438942,148,0,19,0,0,0.029,-0.016,-0.992,0.2,-0.6,0
65.9538942,160,0,19,0,0,0.029,-0.016,-0.992,0.2,-0.6,0
65.9638942,155,0,19,0,0,0.029,-0.016,-0.992,0.2,-0.6,0
65.9738942,142,0,19,0,0,0.029,-0.016,-0.992,0.2,-0.6,0
66.0623899,159,0.01,19,0,0,0.027,-0.016,-1,0.3,-0.9,0
66.0723899,147,0.01,19,0,0,0.027,-0.016,-1,0.3,-0.9,0
66.0823899,163,0.01,19,0,0,0.027,-0.016,-1,0.3,-0.9,0
66.0923899,152,0.01,19,0,0,0.027,-0.016,-1,0.3,-0.9,0
66.1023899,133,0.01,19,0,0,0.027,-0.016,-1,0.3,-0.9,0
66.2299187,159,0.01,19,0,0,0.029,-0.019,-0.995,0.3,-0.6,0
66.2399187,136,0.01,19,0,0,0.029,-0.019,-0.995,0.3,-0.6,0
66.2499187,152,0.01,19,0,0,0.029,-0.019,-0.995,0.3,-0.6,0
66.2599187,160,0.01,19,0,0,0.029,-0.019,-0.995,0.3,-0.6,0
66.2699187,147,0.01,19,0,0,0.029,-0.019,-0.995,0.3,-0.6,0
66.2687131,149,0,19,0,0,0.027,-0.019,-1.007,0.3,-0.7,0
66.2787131,160,0,19,0,0,0.027,-0.019,-1.007,0.3,-0.7,0
66.2887131,155,0,19,0,0,0.027,-0.019,-1.007,0.3,-0.7,0
66.2987131,143,0,19,0,0,0.027,-0.019,-1.007,0.3,-0.7,0
66.3087131,150,0,19,0,0,0.027,-0.019,-1.007,0.3,-0.7,0
66.3976839,142,0,19,0,0,0.027,-0.019,-0.999,0.3,-0.9,0
66.4076839,153,0,19,0,0,0.027,-0.019,-0.999,0.3,-0.9,0
66.4176839,151,0,19,0,0,0.027,-0.019,-0.999,0.3,-0.9,0
66.4276839,156,0,19,0,0,0.027,-0.019,-0.999,0.3,-0.9,0
66.4376839,153,0,19,0,0,0.027,-0.019,-0.999,0.3,-0.9,0
66.495753,133,0,19,0,0,0.026,-0.012,-1.005,0.3,-0.8,0
66.505753,161,0,19,0,0,0.026,-0.012,-1.005,0.3,-0.8,0
66.515753,152,0,19,0,0,0.026,-0.012,-1.005,0.3,-0.8,0
66.525753,153,0,19,0,0,0.026,-0.012,-1.005,0.3,-0.8,0
66.535753,155,0,19,0,0,0.026,-0.012,-1.005,0.3,-0.8,0
66.5351999,156,0,19,0,0,0.027,-0.014,-1,0.3,-0.3,0
66.5451999,162,0,19,0,0,0.027,-0.014,-1,0.3,-0.3,0
66.5551999,136,0,19,0,0,0.027,-0.014,-1,0.3,-0.3,0
66.5651999,154,0,19,0,0,0.027,-0.014,-1,0.3,-0.3,0
66.5751999,151,0,19,0,0,0.027,-0.014,-1,0.3,-0.3,0
66.5850629,155,0,19,0,0,0.028,-0.015,-0.999,0.3,-0.8,0
66.5950629,157,0,19,0,0,0.028,-0.015,-0.999,0.3,-0.8,0
66.6050629,144,0,19,0,0,0.028,-0.015,-0.999,0.3,-0.8,0
66.6150629,152,0,19,0,0,0.028,-0.015,-0.999,0.3,-0.8,0
66.6250629,156,0,19,0,0,0.028,-0.015,-0.999,0.3,-0.8,0
66.6436021,151,0,19,0,0,0.029,-0.019,-0.993,0.3,-0.4,0
66.6536021,157,0,19,0,0,0.029,-0.019,-0.993,0.3,-0.4,0
66.6636021,143,0,19,0,0,0.029,-0.019,-0.993,0.3,-0.4,0
66.6736021,148,0,19,0,0,0.029,-0.019,-0.993,0.3,-0.4,0
66.6836021,160,0,19,0,0,0.029,-0.019,-0.993,0.3,-0.4,0
66.7158896,151,0.01,19,0,0,0.029,-0.015,-0.993,0.2,-0.6,0
66.7258896,149,0.01,19,0,0,0.029,-0.015,-0.993,0.2,-0.6,0
66.7358896,159,0.01,19,0,0,0.029,-0.015,-0.993,0.2,-0.6,0
66.7458896,155,0.01,19,0,0,0.029,-0.015,-0.993,0.2,-0.6,0
66.7558896,140,0.01,19,0,0,0.029,-0.015,-0.993,0.2,-0.6,0
66.7670948,153,0,19,0,0,0.026,-0.02,-1,0.3,-0.5,0
66.7770948,158,0,19,0,0,0.026,-0.02,-1,0.3,-0.5,0
66.7870948,150,0,19,0,0,0.026,-0.02,-1,0.3,-0.5,0
66.7970948,154,0,19,0,0,0.026,-0.02,-1,0.3,-0.5,0
66.8070948,144,0,19,0,0,0.026,-0.02,-1,0.3,-0.5,0
66.8205588,150,0,19,0,0,0.028,-0.018,-1,0.3,-0.9,0
66.8305588,156,0,19,0,0,0.028,-0.018,-1,0.3,-0.9,0
66.8405588,163,0,19,0,0,0.028,-0.018,-1,0.3,-0.9,0
66.8505588,151,0,19,0,0,0.028,-0.018,-1,0.3,-0.9,0
66.8605588,144,0,19,0,0,0.028,-0.018,-1,0.3,-0.9,0
66.9453425,146,-0.01,19,0,0,0.026,-0.012,-1.003,0.2,-0.9,0
66.9553425,156,-0.01,19,0,0,0.026,-0.012,-1.003,0.2,-0.9,0
66.9653425,162,-0.01,19,0,0,0.026,-0.012,-1.003,0.2,-0.9,0
66.9753425,136,-0.01,19,0,0,0.026,-0.012,-1.003,0.2,-0.9,0
66.9853425,154,-0.01,19,0,0,0.026,-0.012,-1.003,0.2,-0.9,0
67.0371345,157,0,19,0,0,0.027,-0.013,-0.999,0.3,-0.3,0
67.0471345,145,0,19,0,0,0.027,-0.013,-0.999,0.3,-0.3,0
67.0571345,149,0,19,0,0,0.027,-0.013,-0.999,0.3,-0.3,0
67.0671345,158,0,19,0,0,0.027,-0.013,-0.999,0.3,-0.3,0
67.0771345,151,0,19,0,0,0.027,-0.013,-0.999,0.3,-0.3,0
67.0929162,143,0,19,0,0,0.028,-0.022,-0.999,0.3,-0.4,0
67.1029162,152,0,19,0,0,0.028,-0.022,-0.999,0.3,-0.4,0
67.1129162,147,0,19,0,0,0.028,-0.022,-0.999,0.3,-0.4,0
67.1229162,160,0,19,0,0,0.028,-0.022,-0.999,0.3,-0.4,0
67.1329162,155,0,19,0,0,0.028,-0.022,-0.999,0.3,-0.4,0
67.1727215,157,-0.02,19,0,0,0.029,-0.02,-0.992,0.3,-0.6,0
67.1827215,151,-0.02,19,0,0,0.029,-0.02,-0.992,0.3,-0.6,0
67.1927215,146,-0.02,19,0,0,0.029,-0.02,-0.992,0.3,-0.6,0
67.2027215,159,-0.02,19,0,0,0.029,-0.02,-0.992,0.3,-0.6,0
67.2127215,141,-0.02,19,0,0,0.029,-0.02,-0.992,0.3,-0.6,0
67.2302224,158,-0.01,19,0,0,0.027,-0.019,-1.003,0.4,-0.4,0
67.2402224,164,-0.01,19,0,0,0.027,-0.019,-1.003,0.4,-0.4,0
67.2502224,132,-0.01,19,0,0,0.027,-0.019,-1.003,0.4,-0.4,0
67.2602224,162,-0.01,19,0,0,0.027,-0.019,-1.003,0.4,-0.4,0
67.2702224,150,-0.01,19,0,0,0.027,-0.019,-1.003,0.4,-0.4,0
67.281651,147,0,19,0,0,0.028,-0.02,-0.994,0.3,-0.8,0
67.291651,146,0,19,0,0,0.028,-0.02,-0.994,0.3,-0.8,0
67.301651,156,0,19,0,0,0.028,-0.02,-0.994,0.3,-0.8,0
67.311651,156,0,19,0,0,0.028,-0.02,-0.994,0.3,-0.8,0
67.321651,145,0,19,0,0,0.028,-0.02,-0.994,0.3,-0.8,0
67.3566371,152,0,19,0,0,0.026,-0.017,-1.004,0.4,-0.4,0
67.3666371,151,0,19,0,0,0.026,-0.017,-1.004,0.4,-0.4,0
67.3766371,160,0,19,0,0,0.026,-0.017,-1.004,0.4,-0.4,0
67.3866371,154,0,19,0,0,0.026,-0.017,-1.004,0.4,-0.4,0
67.3966371,143,0,19,0,0,0.026,-0.017,-1.004,0.4,-0.4,0
67.4635171,147,0.01,19,0,0,0.026,-0.015,-1.007,0.3,-0.8,0
67.4735171,150,0.01,19,0,0,0.026,-0.015,-1.007,0.3,-0.8,0
67.4835171,150,0.01,19,0,0,0.026,-0.015,-1.007,0.3,-0.8,0
67.4935171,149,0.01,19,0,0,0.026,-0.015,-1.007,0.3,-0.8,0
67.5035171,160,0.01,19,0,0,0.026,-0.015,-1.007,0.3,-0.8,0
67.5238645,156,0.02,19,0,0,0.028,-0.014,-0.998,0.3,-0.6,0
67.5338645,140,0.02,19,0,0,0.028,-0.014,-0.998,0.3,-0.6,0
67.5438645,153,0.02,19,0,0,0.028,-0.014,-0.998,0.3,-0.6,0
67.5538645,151,0.02,19,0,0,0.028,-0.014,-0.998,0.3,-0.6,0
67.5638645,158,0.02,19,0,0,0.028,-0.014,-0.998,0.3,-0.6,0
67.6083269,152,0.01,19,0,0,0.027,-0.014,-1.002,0.3,-0.6,0
67.6183269,145,0.01,19,0,0,0.027,-0.014,-1.002,0.3,-0.6,0
67.6283269,159,0.01,19,0,0,0.027,-0.014,-1.002,0.3,-0.6,0
67.6383269,148,0.01,19,0,0,0.027,-0.014,-1.002,0.3,-0.6,0
67.6483269,162,0.01,19,0,0,0.027,-0.014,-1.002,0.3,-0.6,0
67.6648295,151,-0.01,19,0,0,0.028,-0.017,-0.995,0.3,-0.6,0
67.6748295,154,-0.01,19,0,0,0.028,-0.017,-0.995,0.3,-0.6,0
67.6848295,154,-0.01,19,0,0,0.028,-0.017,-0.995,0.3,-0.6,0
67.6948295,142,-0.01,19,0,0,0.028,-0.017,-0.995,0.3,-0.6,0
67.7048295,158,-0.01,19,0,0,0.028,-0.017,-0.995,0.3,-0.6,0
67.6816645,150,-0.01,19,0,0,0.026,-0.02,-1.001,0.3,-0.4,0
67.6916645,157,-0.01,19,0,0,0.026,-0.02,-1.001,0.3,-0.4,0
67.7016645,158,-0.01,19,0,0,0.026,-0.02,-1.001,0.3,-0.4,0
67.7116645,136,-0.01,19,0,0,0.026,-0.02,-1.001,0.3,-0.4,0
67.7216645,153,-0.01,19,0,0,0.026,-0.02,-1.001,0.3,-0.4,0
67.7413278,160,-0.01,19,0,0,0.028,-0.015,-1,0.3,-0.9,0
67.7513278,147,-0.01,19,0,0,0.028,-0.015,-1,0.3,-0.9,0
67.7613278,159,-0.01,19,0,0,0.028,-0.015,-1,0.3,-0.9,0
67.7713278,143,-0.01,19,0,0,0.028,-0.015,-1,0.3,-0.9,0
67.7813278,149,-0.01,19,0,0,0.028,-0.015,-1,0.3,-0.9,0
67.8463002,141,0,19,0,0,0.026,-0.019,-1.002,0.3,-0.8,0
67.8563002,150,0,19,0,0,0.026,-0.019,-1.002,0.3,-0.8,0
67.8663002,159,0,19,0,0,0.026,-0.019,-1.002,0.3,-0.8,0
67.8763002,149,0,19,0,0,0.026,-0.019,-1.002,0.3,-0.8,0
67.8863002,157,0,19,0,0,0.026,-0.019,-1.002,0.3,-0.8,0
67.8866988,145,0,19,0,0,0.027,-0.018,-0.998,0.3,-0.5,0
67.8966988,147,0,19,0,0,0.027,-0.018,-0.998,0.3,-0.5,0
67.9066988,160,0,19,0,0,0.027,-0.018,-0.998,0.3,-0.5,0
67.9166988,152,0,19,0,0,0.027,-0.018,-0.998,0.3,-0.5,0
67.9266988,155,0,19,0,0,0.027,-0.018,-0.998,0.3,-0.5,0
67.9326561,145,0,19,0,0,0.025,-0.011,-1.006,0.3,-0.6,0
67.9426561,151,0,19,0,0,0.025,-0.011,-1.006,0.3,-0.6,0
67.9526561,158,0,19,0,0,0.025,-0.011,-1.006,0.3,-0.6,0
67.9626561,150,0,19,0,0,0.025,-0.011,-1.006,0.3,-0.6,0
67.9726561,146,0,19,0,0,0.025,-0.011,-1.006,0.3,-0.6,0
68.0149651,162,0,19,0,0,0.025,-0.02,-1.001,0.4,-0.4,0
68.0249651,149,0,19,0,0,0.025,-0.02,-1.001,0.4,-0.4,0
68.0349651,156,0,19,0,0,0.025,-0.02,-1.001,0.4,-0.4,0
68.0449651,154,0,19,0,0,0.025,-0.02,-1.001,0.4,-0.4,0
68.0549651,142,0,19,0,0,0.025,-0.02,-1.001,0.4,-0.4,0
68.1126089,155,0.01,19,0,0,0.029,-0.018,-0.995,0.3,-0.8,0
68.1226089,145,0.01,19,0,0,0.029,-0.018,-0.995,0.3,-0.8,0
68.1326089,152,0.01,19,0,0,0.029,-0.018,-0.995,0.3,-0.8,0
68.1426089,151,0.01,19,0,0,0.029,-0.018,-0.995,0.3,-0.8,0
68.1526089,160,0.01,19,0,0,0.029,-0.018,-0.995,0.3,-0.8,0
68.2109316,158,0,19,0,0,0.028,-0.012,-1.001,0.2,-0.9,0
68.2209316,142,0,19,0,0,0.028,-0.012,-1.001,0.2,-0.9,0
68.2309316,150,0,19,0,0,0.028,-0.012,-1.001,0.2,-0.9,0
68.2409316,158,0,19,0,0,0.028,-0.012,-1.001,0.2,-0.9,0
68.2509316,147,0,19,0,0,0.028,-0.012,-1.001,0.2,-0.9,0
68.2940187,149,0,19,0,0,0.027,-0.02,-0.885,0.3,-0.7,0
68.3040187,160,0,19,0,0,0.027,-0.02,-0.885,0.3,-0.7,0
68.3140187,154,0,19,0,0,0.027,-0.02,-0.885,0.3,-0.7,0
68.3240187,143,0,19,0,0,0.027,-0.02,-0.885,0.3,-0.7,0
68.3340187,152,0,19,0,0,0.027,-0.02,-0.885,0.3,-0.7,0
68.3435627,157,-0.01,19,0,0,0.027,-0.014,-1.004,0.3,-0.4,0
68.3535627,150,-0.01,19,0,0,0.027,-0.014,-1.004,0.3,-0.4,0
68.3635627,154,-0.01,19,0,0,0.027,-0.014,-1.004,0.3,-0.4,0
68.3735627,145,-0.01,19,0,0,0.027,-0.014,-1.004,0.3,-0.4,0
68.3835627,158,-0.01,19,0,0,0.027,-0.014,-1.004,0.3,-0.4,0
68.4238427,133,0,19,0,0,0.027,-0.015,-1.005,0.3,-0.5,0
68.4338427,162,0,19,0,0,0.027,-0.015,-1.005,0.3,-0.5,0
68.4438427,149,0,19,0,0,0.027,-0.015,-1.005,0.3,-0.5,0
68.4538427,156,0,19,0,0,0.027,-0.015,-1.005,0.3,-0.5,0
68.4638427,156,0,19,0,0,0.027,-0.015,-1.005,0.3,-0.5,0
68.4619243,142,0,19,0,0,0.027,-0.013,-1,0.4,-0.3,0
68.4719243,157,0,19,0,0,0.027,-0.013,-1,0.4,-0.3,0
68.4819243,151,0,19,0,0,0.027,-0.013,-1,0.4,-0.3,0
68.4919243,155,0,19,0,0,0.027,-0.013,-1,0.4,-0.3,0
68.5019243,158,0,19,0,0,0.027,-0.013,-1,0.4,-0.3,0
68.5647865,156,0,19,0,0,0.026,-0.014,-1.006,0.3,-0.5,0
68.5747865,158,0,19,0,0,0.026,-0.014,-1.006,0.3,-0.5,0
68.5847865,142,0,19,0,0,0.026,-0.014,-1.006,0.3,-0.5,0
68.5947865,150,0,19,0,0,0.026,-0.014,-1.006,0.3,-0.5,0
68.6047865,160,0,19,0,0,0.026,-0.014,-1.006,0.3,-0.5,0
68.6640939,150,0,19,0,0,0.028,-0.012,-0.995,0.3,-0.4,0
68.6740939,149,0,19,0,0,0.028,-0.012,-0.995,0.3,-0.4,0
68.6840939,160,0,19,0,0,0.028,-0.012,-0.995,0.3,-0.4,0
68.6940939,154,0,19,0,0,0.028,-0.012,-0.995,0.3,-0.4,0
68.7040939,143,0,19,0,0,0.028,-0.012,-0.995,0.3,-0.4,0
68.7640125,174,0.01,19,0,0,0.028,-0.017,-0.994,0.3,-0.3,0
68.7740125,136,0.01,19,0,0,0.028,-0.017,-0.994,0.3,-0.3,0
68.7840125,158,0.01,19,0,0,0.028,-0.017,-0.994,0.3,-0.3,0
68.7940125,150,0.01,19,0,0,0.028,-0.017,-0.994,0.3,-0.3,0
68.8040125,158,0.01,19,0,0,0.028,-0.017,-0.994,0.3,-0.3,0
68.8217898,155,0.01,19,0,0,0.027,-0.016,-0.997,0.3,-0.9,0
68.8317898,143,0.01,19,0,0,0.027,-0.016,-0.997,0.3,-0.9,0
68.8417898,158,0.01,19,0,0,0.027,-0.016,-0.997,0.3,-0.9,0
68.8517898,150,0.01,19,0,0,0.027,-0.016,-0.997,0.3,-0.9,0
68.8617898,154,0.01,19,0,0,0.027,-0.016,-0.997,0.3,-0.9,0
68.9614739,148,-0.01,19,0,0,0.025,-0.019,-1.005,0.3,-0.8,0
68.9714739,158,-0.01,19,0,0,0.025,-0.019,-1.005,0.3,-0.8,0
68.9814739,158,-0.01,19,0,0,0.025,-0.019,-1.005,0.3,-0.8,0
68.9914739,142,-0.01,19,0,0,0.025,-0.019,-1.005,0.3,-0.8,0
69.0014739,150,-0.01,19,0,0,0.025,-0.019,-1.005,0.3,-0.8,0
68.9827216,158,-0.01,19,0,0,0.028,-0.012,-1,0.4,-0.5,0
68.9927216,149,-0.01,19,0,0,0.028,-0.012,-1,0.4,-0.5,0
69.0027216,158,-0.01,19,0,0,0.028,-0.012,-1,0.4,-0.5,0
69.0127216,143,-0.01,19,0,0,0.028,-0.012,-1,0.4,-0.5,0
69.0227216,149,-0.01,19,0,0,0.028,-0.012,-1,0.4,-0.5,0
69.036141,160,-0.02,19,0,0,0.025,-0.015,-1.003,0.3,-0.5,0.1
69.046141,150,-0.02,19,0,0,0.025,-0.015,-1.003,0.3,-0.5,0.1
69.056141,146,-0.02,19,0,0,0.025,-0.015,-1.003,0.3,-0.5,0.1
69.066141,152,-0.02,19,0,0,0.025,-0.015,-1.003,0.3,-0.5,0.1
69.076141,150,-0.02,19,0,0,0.025,-0.015,-1.003,0.3,-0.5,0.1
69.1606831,157,0,19,0,0,0.026,-0.017,-1.004,0.4,-0.3,0
69.1706831,165,0,19,0,0,0.026,-0.017,-1.004,0.4,-0.3,0
69.1806831,140,0,19,0,0,0.026,-0.017,-1.004,0.4,-0.3,0
69.1906831,160,0,19,0,0,0.026,-0.017,-1.004,0.4,-0.3,0
69.2006831,148,0,19,0,0,0.026,-0.017,-1.004,0.4,-0.3,0
69.1844356,158,0,19,0,0,0.027,-0.012,-1.002,0.3,-0.7,0
69.1944356,156,0,19,0,0,0.027,-0.012,-1.002,0.3,-0.7,0
69.2044356,142,0,19,0,0,0.027,-0.012,-1.002,0.3,-0.7,0
69.2144356,158,0,19,0,0,0.027,-0.012,-1.002,0.3,-0.7,0
69.2244356,149,0,19,0,0,0.027,-0.012,-1.002,0.3,-0.7,0
69.2677156,157,0.01,19,0,0,0.029,-0.016,-0.996,0.3,-0.3,0.1
69.2777156,158,0.01,19,0,0,0.029,-0.016,-0.996,0.3,-0.3,0.1
69.2877156,137,0.01,19,0,0,0.029,-0.016,-0.996,0.3,-0.3,0.1
69.2977156,152,0.01,19,0,0,0.029,-0.016,-0.996,0.3,-0.3,0.1
69.3077156,159,0.01,19,0,0,0.029,-0.016,-0.996,0.3,-0.3,0.1
69.3438147,156,0.02,19,0,0,0.028,-0.017,-0.998,0.4,-0.5,0
69.3538147,142,0.02,19,0,0,0.028,-0.017,-0.998,0.4,-0.5,0
69.3638147,152,0.02,19,0,0,0.028,-0.017,-0.998,0.4,-0.5,0
69.3738147,150,0.02,19,0,0,0.028,-0.017,-0.998,0.4,-0.5,0
69.3838147,155,0.02,19,0,0,0.028,-0.017,-0.998,0.4,-0.5,0
69.4516382,154,0.01,19,0,0,0.029,-0.017,-0.993,0.3,-0.7,0
69.4616382,141,0.01,19,0,0,0.029,-0.017,-0.993,0.3,-0.7,0
69.4716382,154,0.01,19,0,0,0.029,-0.017,-0.993,0.3,-0.7,0
69.4816382,157,0.01,19,0,0,0.029,-0.017,-0.993,0.3,-0.7,0
69.4916382,150,0.01,19,0,0,0.029,-0.017,-0.993,0.3,-0.7,0
69.6260628,164,0,19,0,0,0.027,-0.017,-1.003,0.2,-0.9,0
69.6360628,136,0,19,0,0,0.027,-0.017,-1.003,0.2,-0.9,0
69.6460628,150,0,19,0,0,0.027,-0.017,-1.003,0.2,-0.9,0
69.6560628,154,0,19,0,0,0.027,-0.017,-1.003,0.2,-0.9,0
69.6660628,157,0,19,0,0,0.027,-0.017,-1.003,0.2,-0.9,0
69.6323855,147,0,19,0,0,0.026,-0.011,-1.003,0.4,-0.4,0
69.6423855,157,0,19,0,0,0.026,-0.011,-1.003,0.4,-0.4,0
69.6523855,146,0,19,0,0,0.026,-0.011,-1.003,0.4,-0.4,0
69.6623855,157,0,19,0,0,0.026,-0.011,-1.003,0.4,-0.4,0
69.6723855,163,0,19,0,0,0.026,-0.011,-1.003,0.4,-0.4,0
69.7632326,143,0,19,0,0,0.026,-0.014,-1.007,0.3,-0.8,0
69.7732326,148,0,19,0,0,0.026,-0.014,-1.007,0.3,-0.8,0
69.7832326,161,0,19,0,0,0.026,-0.014,-1.007,0.3,-0.8,0
69.7932326,147,0,19,0,0,0.026,-0.014,-1.007,0.3,-0.8,0
69.8032326,158,0,19,0,0,0.026,-0.014,-1.007,0.3,-0.8,0
69.7786037,145,0,19,0,0,0.028,-0.013,-0.995,0.3,-0.4,0
69.7886037,147,0,19,0,0,0.028,-0.013,-0.995,0.3,-0.4,0
69.7986037,161,0,19,0,0,0.028,-0.013,-0.995,0.3,-0.4,0
69.8086037,152,0,19,0,0,0.028,-0.013,-0.995,0.3,-0.4,0
69.8186037,145,0,19,0,0,0.028,-0.013,-0.995,0.3,-0.4,0
69.869154,153,0.01,19,0,0,0.027,-0.02,-1,0.3,-0.5,0
69.879154,150,0.01,19,0,0,0.027,-0.02,-1,0.3,-0.5,0
69.889154,157,0.01,19,0,0,0.027,-0.02,-1,0.3,-0.5,0
69.899154,152,0.01,19,0,0,0.027,-0.02,-1,0.3,-0.5,0
69.909154,146,0.01,19,0,0,0.027,-0.02,-1,0.3,-0.5,0
69.9469604,162,0,19,0,0,0.027,-0.014,-1.004,0.3,-0.3,0
69.9569604,153,0,19,0,0,0.027,-0.014,-1.004,0.3,-0.3,0
69.9669604,153,0,19,0,0,0.027,-0.014,-1.004,0.3,-0.3,0
69.9769604,154,0,19,0,0,0.027,-0.014,-1.004,0.3,-0.3,0
69.9869604,143,0,19,0,0,0.027,-0.014,-1.004,0.3,-0.3,0
70.0689784,150,0,19,0,0,0.028,-0.02,-0.996,0.3,-0.4,0
70.0789784,160,0,19,0,0,0.028,-0.02,-0.996,0.3,-0.4,0
70.0889784,150,0,19,0,0,0.028,-0.02,-0.996,0.3,-0.4,0
70.0989784,150,0,19,0,0,0.028,-0.02,-0.996,0.3,-0.4,0
70.1089784,153,0,19,0,0,0.028,-0.02,-0.996,0.3,-0.4,0
70.1949598,158,0,19,0,0,0.026,-0.02,-1.004,0.3,-0.6,0.1
70.2049598,145,0,19,0,0,0.026,-0.02,-1.004,0.3,-0.6,0.1
70.2149598,147,0,19,0,0,0.026,-0.02,-1.004,0.3,-0.6,0.1
70.2249598,161,0,19,0,0,0.026,-0.02,-1.004,0.3,-0.6,0.1
70.2349598,152,0,19,0,0,0.026,-0.02,-1.004,0.3,-0.6,0.1
70.2402392,157,-0.01,19,0,0,0.028,-0.019,-0.996,0.3,-0.6,0
70.2502392,150,-0.01,19,0,0,0.028,-0.019,-0.996,0.3,-0.6,0
70.2602392,153,-0.01,19,0,0,0.028,-0.019,-0.996,0.3,-0.6,0
70.2702392,153,-0.01,19,0,0,0.028,-0.019,-0.996,0.3,-0.6,0
70.2802392,150,-0.01,19,0,0,0.028,-0.019,-0.996,0.3,-0.6,0
70.3456354,153,-0.01,19,0,0,0.027,-0.014,-1.003,0.3,-0.7,0
70.3556354,157,-0.01,19,0,0,0.027,-0.014,-1.003,0.3,-0.7,0
70.3656354,141,-0.01,19,0,0,0.027,-0.014,-1.003,0.3,-0.7,0
70.3756354,157,-0.01,19,0,0,0.027,-0.014,-1.003,0.3,-0.7,0
70.3856354,147,-0.01,19,0,0,0.027,-0.014,-1.003,0.3,-0.7,0
70.4348135,160,0,19,0,0,0.027,-0.016,-0.995,0.4,-0.4,0
70.4448135,158,0,19,0,0,0.027,-0.016,-0.995,0.4,-0.4,0
70.4548135,137,0,19,0,0,0.027,-0.016,-0.995,0.4,-0.4,0
70.4648135,153,0,19,0,0,0.027,-0.016,-0.995,0.4,-0.4,0
70.4748135,161,0,19,0,0,0.027,-0.016,-0.995,0.4,-0.4,0
70.51037,150,0,19,0,0,0.026,-0.018,-1.002,0.3,-0.5,0
70.52037,150,0,19,0,0,0.026,-0.018,-1.002,0.3,-0.5,0
70.53037,158,0,19,0,0,0.026,-0.018,-1.002,0.3,-0.5,0
70.54037,158,0,19,0,0,0.026,-0.018,-1.002,0.3,-0.5,0
70.55037,144,0,19,0,0,0.026,-0.018,-1.002,0.3,-0.5,0
70.5933621,151,0.01,19,0,0,0.029,-0.019,-0.995,0.3,-0.8,0
70.6033621,156,0.01,19,0,0,0.029,-0.019,-0.995,0.3,-0.8,0
70.6133621,152,0.01,19,0,0,0.029,-0.019,-0.995,0.3,-0.8,0
70.6233621,154,0.01,19,0,0,0.029,-0.019,-0.995,0.3,-0.8,0
70.6333621,142,0.01,19,0,0,0.029,-0.019,-0.995,0.3,-0.8,0
70.6934869,163,0.01,19,0,0,0.027,-0.015,-1.004,0.2,-0.9,0
70.7034869,135,0.01,19,0,0,0.027,-0.015,-1.004,0.2,-0.9,0
70.7134869,157,0.01,19,0,0,0.027,-0.015,-1.004,0.2,-0.9,0
70.7234869,152,0.01,19,0,0,0.027,-0.015,-1.004,0.2,-0.9,0
70.7334869,157,0.01,19,0,0,0.027,-0.015,-1.004,0.2,-0.9,0
70.7683302,155,0,19,0,0,0.027,-0.014,-1,0.3,-0.4,0.1
70.7783302,144,0,19,0,0,0.027,-0.014,-1,0.3,-0.4,0.1
70.7883302,152,0,19,0,0,0.027,-0.014,-1,0.3,-0.4,0.1
70.7983302,155,0,19,0,0,0.027,-0.014,-1,0.3,-0.4,0.1
70.8083302,155,0,19,0,0,0.027,-0.014,-1,0.3,-0.4,0.1
70.8930321,141,0,19,0,0,0.025,-0.012,-1.006,0.3,-0.7,0
70.9030321,152,0,19,0,0,0.025,-0.012,-1.006,0.3,-0.7,0
70.9130321,150,0,19,0,0,0.025,-0.012,-1.006,0.3,-0.7,0
70.9230321,156,0,19,0,0,0.025,-0.012,-1.006,0.3,-0.7,0
70.9330321,158,0,19,0,0,0.025,-0.012,-1.006,0.3,-0.7,0
70.9423387,144,0,19,0,0,0.028,-0.013,-0.993,0.2,-0.5,0
70.9523387,151,0,19,0,0,0.028,-0.013,-0.993,0.2,-0.5,0
70.9623387,156,0,19,0,0,0.028,-0.013,-0.993,0.2,-0.5,0
70.9723387,152,0,19,0,0,0.028,-0.013,-0.993,0.2,-0.5,0
70.9823387,156,0,19,0,0,0.028,-0.013,-0.993,0.2,-0.5,0
71.0107749,141,0,19,0,0,0.027,-0.023,-1.002,0.3,-0.4,0
71.0207749,152,0,19,0,0,0.027,-0.023,-1.002,0.3,-0.4,0
71.0307749,158,0,19,0,0,0.027,-0.023,-1.002,0.3,-0.4,0
71.0407749,152,0,19,0,0,0.027,-0.023,-1.002,0.3,-0.4,0
71.0507749,153,0,19,0,0,0.027,-0.023,-1.002,0.3,-0.4,0
71.0957634,162,0,19,0,0,0.027,-0.011,-1.002,0.3,-0.4,0
71.1057634,151,0,19,0,0,0.027,-0.011,-1.002,0.3,-0.4,0
71.1157634,155,0,19,0,0,0.027,-0.011,-1.002,0.3,-0.4,0
71.1257634,156,0,19,0,0,0.027,-0.011,-1.002,0.3,-0.4,0
71.1357634,143,0,19,0,0,0.027,-0.011,-1.002,0.3,-0.4,0
71.2083395,151,0,19,0,0,0.029,-0.02,-0.997,0.4,-0.4,0
71.2183395,159,0,19,0,0,0.029,-0.02,-0.997,0.4,-0.4,0
71.2283395,150,0,19,0,0,0.029,-0.02,-0.997,0.4,-0.4,0
71.2383395,157,0,19,0,0,0.029,-0.02,-0.997,0.4,-0.4,0
71.2483395,145,0,19,0,0,0.029,-0.02,-0.997,0.4,-0.4,0
71.3093258,152,-0.01,19,0,0,0.026,-0.013,-0.996,0.3,-0.4,0.1
71.3193258,159,-0.01,19,0,0,0.026,-0.013,-0.996,0.3,-0.4,0.1
71.3293258,155,-0.01,19,0,0,0.026,-0.013,-0.996,0.3,-0.4,0.1
71.3393258,144,-0.01,19,0,0,0.026,-0.013,-0.996,0.3,-0.4,0.1
71.3493258,151,-0.01,19,0,0,0.026,-0.013,-0.996,0.3,-0.4,0.1
71.4023573,154,0,19,0,0,0.027,-0.017,-0.999,0.3,-0.7,0
71.4123573,144,0,19,0,0,0.027,-0.017,-0.999,0.3,-0.7,0
71.4223573,151,0,19,0,0,0.027,-0.017,-0.999,0.3,-0.7,0
71.4323573,157,0,19,0,0,0.027,-0.017,-0.999,0.3,-0.7,0
71.4423573,150,0,19,0,0,0.027,-0.017,-0.999,0.3,-0.7,0
71.512953,151,-0.01,19,0,0,0.027,-0.012,-1.003,0.3,-0.5,0
71.522953,155,-0.01,19,0,0,0.027,-0.012,-1.003,0.3,-0.5,0
71.532953,145,-0.01,19,0,0,0.027,-0.012,-1.003,0.3,-0.5,0
71.542953,157,-0.01,19,0,0,0.027,-0.012,-1.003,0.3,-0.5,0
71.552953,147,-0.01,19,0,0,0.027,-0.012,-1.003,0.3,-0.5,0
71.6191849,148,0,19,0,0,0.029,-0.021,-0.994,0.3,-0.7,0
71.6291849,158,0,19,0,0,0.029,-0.021,-0.994,0.3,-0.7,0
71.6391849,145,0,19,0,0,0.029,-0.021,-0.994,0.3,-0.7,0
71.6491849,153,0,19,0,0,0.029,-0.021,-0.994,0.3,-0.7,0
71.6591849,156,0,19,0,0,0.029,-0.021,-0.994,0.3,-0.7,0
71.6978639,150,0,19,0,0,0.027,-0.018,-1,0.3,-0.7,0
71.7078639,152,0,19,0,0,0.027,-0.018,-1,0.3,-0.7,0
71.7178639,159,0,19,0,0,0.027,-0.018,-1,0.3,-0.7,0
71.7278639,154,0,19,0,0,0.027,-0.018,-1,0.3,-0.7,0
71.7378639,145,0,19,0,0,0.027,-0.018,-1,0.3,-0.7,0
71.7810184,151,0.02,19,0,0,0.029,-0.02,-0.994,0.3,-0.5,0
71.7910184,146,0.02,19,0,0,0.029,-0.02,-0.994,0.3,-0.5,0
71.8010184,152,0.02,19,0,0,0.029,-0.02,-0.994,0.3,-0.5,0
71.8110184,152,0.02,19,0,0,0.029,-0.02,-0.994,0.3,-0.5,0
71.8210184,157,0.02,19,0,0,0.029,-0.02,-0.994,0.3,-0.5,0
71.9112924,151,0,19,0,0,0.027,-0.013,-1,0.3,-0.6,0
71.9212924,135,0,19,0,0,0.027,-0.013,-1,0.3,-0.6,0
71.9312924,163,0,19,0,0,0.027,-0.013,-1,0.3,-0.6,0
71.9412924,153,0,19,0,0,0.027,-0.013,-1,0.3,-0.6,0
71.9512924,154,0,19,0,0,0.027,-0.013,-1,0.3,-0.6,0
71.9311912,145,-0.01,19,0,0,0.029,-0.018,-1,0.4,-0.7,0
71.9411912,159,-0.01,19,0,0,0.029,-0.018,-1,0.4,-0.7,0
71.9511912,160,-0.01,19,0,0,0.029,-0.018,-1,0.4,-0.7,0
71.9611912,137,-0.01,19,0,0,0.029,-0.018,-1,0.4,-0.7,0
71.9711912,153,-0.01,19,0,0,0.029,-0.018,-1,0.4,-0.7,0
72.0616489,144,0,19,0,0,0.028,-0.012,-1.002,0.3,-0.7,0
72.0716489,150,0,19,0,0,0.028,-0.012,-1.002,0.3,-0.7,0
72.0816489,150,0,19,0,0,0.028,-0.012,-1.002,0.3,-0.7,0
72.0916489,159,0,19,0,0,0.028,-0.012,-1.002,0.3,-0.7,0
72.1016489,157,0,19,0,0,0.028,-0.012,-1.002,0.3,-0.7,0
72.1535022,161,-0.01,19,0,0,0.026,-0.01,-1.009,0.3,-0.6,0
72.1635022,155,-0.01,19,0,0,0.026,-0.01,-1.009,0.3,-0.6,0
72.1735022,142,-0.01,19,0,0,0.026,-0.01,-1.009,0.3,-0.6,0
72.1835022,151,-0.01,19,0,0,0.026,-0.01,-1.009,0.3,-0.6,0
72.1935022,151,-0.01,19,0,0,0.026,-0.01,-1.009,0.3,-0.6,0
72.2429835,160,0,19,0,0,0.028,-0.018,-0.999,0.3,-0.5,0
72.2529835,151,0,19,0,0,0.028,-0.018,-0.999,0.3,-0.5,0
72.2629835,147,0,19,0,0,0.028,-0.018,-0.999,0.3,-0.5,0
72.2729835,150,0,19,0,0,0.028,-0.018,-0.999,0.3,-0.5,0
72.2829835,152,0,19,0,0,0.028,-0.018,-0.999,0.3,-0.5,0
72.2829438,161,0.01,19,0,0,0.029,-0.02,-0.993,0.3,-0.7,0
72.2929438,148,0.01,19,0,0,0.029,-0.02,-0.993,0.3,-0.7,0
72.3029438,155,0.01,19,0,0,0.029,-0.02,-0.993,0.3,-0.7,0
72.3129438,159,0.01,19,0,0,0.029,-0.02,-0.993,0.3,-0.7,0
72.3229438,139,0.01,19,0,0,0.029,-0.02,-0.993,0.3,-0.7,0
72.4120033,158,0,19,0,0,0.027,-0.02,-0.995,0.3,-0.4,0
72.4220033,142,0,19,0,0,0.027,-0.02,-0.995,0.3,-0.4,0
72.4320033,151,0,19,0,0,0.027,-0.02,-0.995,0.3,-0.4,0
72.4420033,159,0,19,0,0,0.027,-0.02,-0.995,0.3,-0.4,0
72.4520033,148,0,19,0,0,0.027,-0.02,-0.995,0.3,-0.4,0
72.5192546,148,-0.01,19,0,0,0.025,-0.018,-1.006,0.4,-0.9,0
72.5292546,161,-0.01,19,0,0,0.025,-0.018,-1.006,0.4,-0.9,0
72.5392546,163,-0.01,19,0,0,0.025,-0.018,-1.006,0.4,-0.9,0
72.5492546,139,-0.01,19,0,0,0.025,-0.018,-1.006,0.4,-0.9,0
72.5592546,150,-0.01,19,0,0,0.025,-0.018,-1.006,0.4,-0.9,0
72.666217,153,-0.01,19,0,0,0.029,-0.019,-0.993,0.3,-0.6,0
72.676217,153,-0.01,19,0,0,0.029,-0.019,-0.993,0.3,-0.6,0
72.686217,148,-0.01,19,0,0,0.029,-0.019,-0.993,0.3,-0.6,0
72.696217,166,-0.01,19,0,0,0.029,-0.019,-0.993,0.3,-0.6,0
72.706217,143,-0.01,19,0,0,0.029,-0.019,-0.993,0.3,-0.6,0
72.8106066,150,0,19,0,0,0.028,-0.017,-0.995,0.3,-0.3,0
72.8206066,159,0,19,0,0,0.028,-0.017,-0.995,0.3,-0.3,0
72.8306066,142,0,19,0,0,0.028,-0.017,-0.995,0.3,-0.3,0
72.8406066,149,0,19,0,0,0.028,-0.017,-0.995,0.3,-0.3,0
72.8506066,161,0,19,0,0,0.028,-0.017,-0.995,0.3,-0.3,0
72.8375054,148,0.01,19,0,0,0.027,-0.02,-1.001,0.3,-0.8,0
72.8475054,157,0.01,19,0,0,0.027,-0.02,-1.001,0.3,-0.8,0
72.8575054,146,0.01,19,0,0,0.027,-0.02,-1.001,0.3,-0.8,0
72.8675054,156,0.01,19,0,0,0.027,-0.02,-1.001,0.3,-0.8,0
72.8775054,157,0.01,19,0,0,0.027,-0.02,-1.001,0.3,-0.8,0
72.8914941,152,0.02,19,0,0,0.027,-0.014,-1.001,0.3,-0.6,0
72.9014941,144,0.02,19,0,0,0.027,-0.014,-1.001,0.3,-0.6,0
72.9114941,154,0.02,19,0,0,0.027,-0.014,-1.001,0.3,-0.6,0
72.9214941,150,0.02,19,0,0,0.027,-0.014,-1.001,0.3,-0.6,0
72.9314941,158,0.02,19,0,0,0.027,-0.014,-1.001,0.3,-0.6,0
73.0806383,151,-0.01,19,0,0,0.026,-0.013,-1.004,0.4,-0.4,0
73.0906383,154,-0.01,19,0,0,0.026,-0.013,-1.004,0.4,-0.4,0
73.1006383,156,-0.01,19,0,0,0.026,-0.013,-1.004,0.4,-0.4,0
73.1106383,145,-0.01,19,0,0,0.026,-0.013,-1.004,0.4,-0.4,0
73.1206383,165,-0.01,19,0,0,0.026,-0.013,-1.004,0.4,-0.4,0
73.1141099,159,0,19,0,0,0.027,-0.014,-1.003,0.2,-0.9,0
73.1241099,140,0,19,0,0,0.027,-0.014,-1.003,0.2,-0.9,0
73.1341099,151,0,19,0,0,0.027,-0.014,-1.003,0.2,-0.9,0
73.1441099,167,0,19,0,0,0.027,-0.014,-1.003,0.2,-0.9,0
73.1541099,150,0,19,0,0,0.027,-0.014,-1.003,0.2,-0.9,0
73.2515823,161,-0.01,19,0,0,0.028,-0.011,-1,0.3,-0.4,0
73.2615823,148,-0.01,19,0,0,0.028,-0.011,-1,0.3,-0.4,0
73.2715823,151,-0.01,19,0,0,0.028,-0.011,-1,0.3,-0.4,0
73.2815823,155,-0.01,19,0,0,0.028,-0.011,-1,0.3,-0.4,0
73.2915823,154,-0.01,19,0,0,0.028,-0.011,-1,0.3,-0.4,0
73.3052063,144,0,19,0,0,0.026,-0.013,-1.005,0.3,-0.5,0
73.3152063,154,0,19,0,0,0.026,-0.013,-1.005,0.3,-0.5,0
73.3252063,158,0,19,0,0,0.026,-0.013,-1.005,0.3,-0.5,0
73.3352063,150,0,19,0,0,0.026,-0.013,-1.005,0.3,-0.5,0
73.3452063,153,0,19,0,0,0.026,-0.013,-1.005,0.3,-0.5,0
73.3954152,160,0,19,0,0,0.026,-0.014,-1.005,0.3,-0.3,0
73.4054152,152,0,19,0,0,0.026,-0.014,-1.005,0.3,-0.3,0
73.4154152,133,0,19,0,0,0.026,-0.014,-1.005,0.3,-0.3,0
73.4254152,163,0,19,0,0,0.026,-0.014,-1.005,0.3,-0.3,0
73.4354152,153,0,19,0,0,0.026,-0.014,-1.005,0.3,-0.3,0
73.4126547,154,0.01,19,0,0,0.028,-0.013,-1,0.2,-0.7,0
73.4226547,154,0.01,19,0,0,0.028,-0.013,-1,0.2,-0.7,0
73.4326547,158,0.01,19,0,0,0.028,-0.013,-1,0.2,-0.7,0
73.4426547,145,0.01,19,0,0,0.028,-0.013,-1,0.2,-0.7,0
73.4526547,153,0.01,19,0,0,0.028,-0.013,-1,0.2,-0.7,0
73.4966306,163,0.02,19,0,0,0.029,-0.018,-0.999,0.3,-0.8,0
73.5066306,137,0.02,19,0,0,0.029,-0.018,-0.999,0.3,-0.8,0
73.5166306,153,0.02,19,0,0,0.029,-0.018,-0.999,0.3,-0.8,0
73.5266306,153,0.02,19,0,0,0.029,-0.018,-0.999,0.3,-0.8,0
73.5366306,169,0.02,19,0,0,0.029,-0.018,-0.999,0.3,-0.8,0
73.6044561,158,0.01,19,0,0,0.028,-0.013,-1,0.3,-0.7,0
73.6144561,142,0.01,19,0,0,0.028,-0.013,-1,0.3,-0.7,0
73.6244561,150,0.01,19,0,0,0.028,-0.013,-1,0.3,-0.7,0
73.6344561,159,0.01,19,0,0,0.028,-0.013,-1,0.3,-0.7,0
73.6444561,148,0.01,19,0,0,0.028,-0.013,-1,0.3,-0.7,0
73.6576673,148,0,19,0,0,0.025,-0.011,-1.009,0.3,-0.6,0
73.6676673,159,0,19,0,0,0.025,-0.011,-1.009,0.3,-0.6,0
73.6776673,155,0,19,0,0,0.025,-0.011,-1.009,0.3,-0.6,0
73.6876673,142,0,19,0,0,0.025,-0.011,-1.009,0.3,-0.6,0
73.6976673,153,0,19,0,0,0.025,-0.011,-1.009,0.3,-0.6,0
73.7625367,150,-0.01,19,0,0,0.026,-0.02,-1.005,0.4,-0.4,0
73.7725367,167,-0.01,19,0,0,0.026,-0.02,-1.005,0.4,-0.4,0
73.7825367,155,-0.01,19,0,0,0.026,-0.02,-1.005,0.4,-0.4,0
73.7925367,133,-0.01,19,0,0,0.026,-0.02,-1.005,0.4,-0.4,0
73.8025367,160,-0.01,19,0,0,0.026,-0.02,-1.005,0.4,-0.4,0
73.7802765,153,-0.01,19,0,0,0.029,-0.015,-1.001,0.3,-0.8,0
73.7902765,155,-0.01,19,0,0,0.029,-0.015,-1.001,0.3,-0.8,0
73.8002765,154,-0.01,19,0,0,0.029,-0.015,-1.001,0.3,-0.8,0
73.8102765,151,-0.01,19,0,0,0.029,-0.015,-1.001,0.3,-0.8,0
73.8202765,147,-0.01,19,0,0,0.029,-0.015,-1.001,0.3,-0.8,0
73.8530123,156,-0.01,19,0,0,0.028,-0.014,-1.001,0.3,-0.3,0
73.8630123,165,-0.01,19,0,0,0.028,-0.014,-1.001,0.3,-0.3,0
73.8730123,143,-0.01,19,0,0,0.028,-0.014,-1.001,0.3,-0.3,0
73.8830123,151,-0.01,19,0,0,0.028,-0.014,-1.001,0.3,-0.3,0
73.8930123,150,-0.01,19,0,0,0.028,-0.014,-1.001,0.3,-0.3,0
73.9471936,143,0.01,19,0,0,0.027,-0.014,-1.001,0.3,-0.4,0
73.9571936,150,0.01,19,0,0,0.027,-0.014,-1.001,0.3,-0.4,0
73.9671936,159,0.01,19,0,0,0.027,-0.014,-1.001,0.3,-0.4,0
73.9771936,150,0.01,19,0,0,0.027,-0.014,-1.001,0.3,-0.4,0
73.9871936,150,0.01,19,0,0,0.027,-0.014,-1.001,0.3,-0.4,0
74.0025726,148,0.01,19,0,0,0.026,-0.012,-1.007,0.3,-0.7,0
74.0125726,157,0.01,19,0,0,0.026,-0.012,-1.007,0.3,-0.7,0
74.0225726,147,0.01,19,0,0,0.026,-0.012,-1.007,0.3,-0.7,0
74.0325726,156,0.01,19,0,0,0.026,-0.012,-1.007,0.3,-0.7,0
74.0425726,157,0.01,19,0,0,0.026,-0.012,-1.007,0.3,-0.7,0
74.0615382,148,0.02,19,0,0,0.028,-0.016,-0.994,0.2,-0.6,0
74.0715382,147,0.02,19,0,0,0.028,-0.016,-0.994,0.2,-0.6,0
74.0815382,154,0.02,19,0,0,0.028,-0.016,-0.994,0.2,-0.6,0
74.0915382,152,0.02,19,0,0,0.028,-0.016,-0.994,0.2,-0.6,0
74.1015382,158,0.02,19,0,0,0.028,-0.016,-0.994,0.2,-0.6,0
74.2011121,152,0.01,19,0,0,0.027,-0.016,-1.003,0.3,-0.9,0
74.2111121,136,0.01,19,0,0,0.027,-0.016,-1.003,0.3,-0.9,0
74.2211121,163,0.01,19,0,0,0.027,-0.016,-1.003,0.3,-0.9,0
74.2311121,151,0.01,19,0,0,0.027,-0.016,-1.003,0.3,-0.9,0
74.2411121,154,0.01,19,0,0,0.027,-0.016,-1.003,0.3,-0.9,0
74.2446051,145,-0.01,19,0,0,0.027,-0.02,-1.003,0.3,-0.9,0
74.2546051,158,-0.01,19,0,0,0.027,-0.02,-1.003,0.3,-0.9,0
74.2646051,162,-0.01,19,0,0,0.027,-0.02,-1.003,0.3,-0.9,0
74.2746051,143,-0.01,19,0,0,0.027,-0.02,-1.003,0.3,-0.9,0
74.2846051,151,-0.01,19,0,0,0.027,-0.02,-1.003,0.3,-0.9,0
74.3461777,159,-0.01,19,0,0,0.026,-0.02,-0.993,0.3,-0.4,0
74.3561777,150,-0.01,19,0,0,0.026,-0.02,-0.993,0.3,-0.4,0
74.3661777,159,-0.01,19,0,0,0.026,-0.02,-0.993,0.3,-0.4,0
74.3761777,141,-0.01,19,0,0,0.026,-0.02,-0.993,0.3,-0.4,0
74.3861777,151,-0.01,19,0,0,0.026,-0.02,-0.993,0.3,-0.4,0
74.3942116,145,0,19,0,0,0.027,-0.013,-1.119,0.2,-0.5,0
74.4042116,158,0,19,0,0,0.027,-0.013,-1.119,0.2,-0.5,0
74.4142116,157,0,19,0,0,0.027,-0.013,-1.119,0.2,-0.5,0
74.4242116,150,0,19,0,0,0.027,-0.013,-1.119,0.2,-0.5,0
74.4342116,154,0,19,0,0,0.027,-0.013,-1.119,0.2,-0.5,0
74.5101805,160,0,19,0,0,0.025,-0.013,-1.01,0.3,-0.4,0
74.5201805,152,0,19,0,0,0.025,-0.013,-1.01,0.3,-0.4,0
74.5301805,134,0,19,0,0,0.025,-0.013,-1.01,0.3,-0.4,0
74.5401805,162,0,19,0,0,0.025,-0.013,-1.01,0.3,-0.4,0
74.5501805,153,0,19,0,0,0.025,-0.013,-1.01,0.3,-0.4,0
74.6114626,152,0.01,19,0,0,0.026,-0.02,-1.001,0.4,-0.4,0
74.6214626,148,0.01,19,0,0,0.026,-0.02,-1.001,0.4,-0.4,0
74.6314626,155,0.01,19,0,0,0.026,-0.02,-1.001,0.4,-0.4,0
74.6414626,151,0.01,19,0,0,0.026,-0.02,-1.001,0.4,-0.4,0
74.6514626,160,0.01,19,0,0,0.026,-0.02,-1.001,0.4,-0.4,0
74.7400768,157,0,19,0,0,0.028,-0.015,-0.998,0.3,-0.3,0
74.7500768,143,0,19,0,0,0.028,-0.015,-0.998,0.3,-0.3,0
74.7600768,153,0,19,0,0,0.028,-0.015,-0.998,0.3,-0.3,0
74.7700768,160,0,19,0,0,0.028,-0.015,-0.998,0.3,-0.3,0
74.7800768,154,0,19,0,0,0.028,-0.015,-0.998,0.3,-0.3,0
74.8194551,148,-0.01,19,0,0,0.027,-0.017,-1,0.3,-0.7,0
74.8294551,161,-0.01,19,0,0,0.027,-0.017,-1,0.3,-0.7,0
74.8394551,156,-0.01,19,0,0,0.027,-0.017,-1,0.3,-0.7,0
74.8494551,142,-0.01,19,0,0,0.027,-0.017,-1,0.3,-0.7,0
74.8594551,153,-0.01,19,0,0,0.027,-0.017,-1,0.3,-0.7,0
74.8936543,155,-0.01,19,0,0,0.025,-0.013,-1.01,0.3,-0.7,0
74.9036543,159,-0.01,19,0,0,0.025,-0.013,-1.01,0.3,-0.7,0
74.9136543,153,-0.01,19,0,0,0.025,-0.013,-1.01,0.3,-0.7,0
74.9236543,146,-0.01,19,0,0,0.025,-0.013,-1.01,0.3,-0.7,0
74.9336543,150,-0.01,19,0,0,0.025,-0.013,-1.01,0.3,-0.7,0
75.0108719,151,0,19,0,0,0.027,-0.019,-1.004,0.3,-0.4,0.1
75.0208719,162,0,19,0,0,0.027,-0.019,-1.004,0.3,-0.4,0.1
75.0308719,138,0,19,0,0,0.027,-0.019,-1.004,0.3,-0.4,0.1
75.0408719,155,0,19,0,0,0.027,-0.019,-1.004,0.3,-0.4,0.1
75.0508719,151,0,19,0,0,0.027,-0.019,-1.004,0.3,-0.4,0.1
75.096093,150,0.01,19,0,0,0.027,-0.011,-1.005,0.3,-0.4,0
75.106093,166,0.01,19,0,0,0.027,-0.011,-1.005,0.3,-0.4,0
75.116093,143,0.01,19,0,0,0.027,-0.011,-1.005,0.3,-0.4,0
75.126093,146,0.01,19,0,0,0.027,-0.011,-1.005,0.3,-0.4,0
75.136093,162,0.01,19,0,0,0.027,-0.011,-1.005,0.3,-0.4,0
75.1614972,159,0,19,0,0,0.028,-0.018,-1.002,0.3,-0.5,0
75.1714972,164,0,19,0,0,0.028,-0.018,-1.002,0.3,-0.5,0
75.1814972,147,0,19,0,0,0.028,-0.018,-1.002,0.3,-0.5,0
75.1914972,155,0,19,0,0,0.028,-0.018,-1.002,0.3,-0.5,0
75.2014972,143,0,19,0,0,0.028,-0.018,-1.002,0.3,-0.5,0
75.3367549,152,0.01,19,0,0,0.027,-0.013,-0.998,0.3,-0.4,0
75.3467549,134,0.01,19,0,0,0.027,-0.013,-0.998,0.3,-0.4,0
75.3567549,163,0.01,19,0,0,0.027,-0.013,-0.998,0.3,-0.4,0
75.3667549,151,0.01,19,0,0,0.027,-0.013,-0.998,0.3,-0.4,0
75.3767549,156,0.01,19,0,0,0.027,-0.013,-0.998,0.3,-0.4,0
75.3922076,145,-0.01,19,0,0,0.028,-0.015,-1.001,0.3,-0.7,0
75.4022076,159,-0.01,19,0,0,0.028,-0.015,-1.001,0.3,-0.7,0
75.4122076,162,-0.01,19,0,0,0.028,-0.015,-1.001,0.3,-0.7,0
75.4222076,144,-0.01,19,0,0,0.028,-0.015,-1.001,0.3,-0.7,0
75.4322076,153,-0.01,19,0,0,0.028,-0.015,-1.001,0.3,-0.7,0
75.5115407,142,0,19,0,0,0.027,-0.013,-0.999,0.3,-0.8,0
75.5215407,151,0,19,0,0,0.027,-0.013,-0.999,0.3,-0.8,0
75.5315407,169,0,19,0,0,0.027,-0.013,-0.999,0.3,-0.8,0
75.5415407,154,0,19,0,0,0.027,-0.013,-0.999,0.3,-0.8,0
75.5515407,154,0,19,0,0,0.027,-0.013,-0.999,0.3,-0.8,0
75.59464,161,-0.02,19,0,0,0.026,-0.011,-1.009,0.4,-0.5,0
75.60464,156,-0.02,19,0,0,0.026,-0.011,-1.009,0.4,-0.5,0
75.61464,142,-0.02,19,0,0,0.026,-0.011,-1.009,0.4,-0.5,0
75.62464,151,-0.02,19,0,0,0.026,-0.011,-1.009,0.4,-0.5,0
75.63464,151,-0.02,19,0,0,0.026,-0.011,-1.009,0.4,-0.5,0
75.6951479,168,0.01,19,0,0,0.028,-0.015,-1,0.3,-0.4,0
75.7051479,163,0.01,19,0,0,0.028,-0.015,-1,0.3,-0.4,0
75.7151479,138,0.01,19,0,0,0.028,-0.015,-1,0.3,-0.4,0
75.7251479,150,0.01,19,0,0,0.028,-0.015,-1,0.3,-0.4,0
75.7351479,155,0.01,19,0,0,0.028,-0.015,-1,0.3,-0.4,0
75.7947774,165,0.01,19,0,0,0.028,-0.019,-0.993,0.1,-0.6,0
75.8047774,147,0.01,19,0,0,0.028,-0.019,-0.993,0.1,-0.6,0
75.8147774,156,0.01,19,0,0,0.028,-0.019,-0.993,0.1,-0.6,0
75.8247774,149,0.01,19,0,0,0.028,-0.019,-0.993,0.1,-0.6,0
75.8347774,157,0.01,19,0,0,0.028,-0.019,-0.993,0.1,-0.6,0
75.8791006,150,-0.01,19,0,0,0.026,-0.014,-1,0.1,-0.7,0
75.8891006,167,-0.01,19,0,0,0.026,-0.014,-1,0.1,-0.7,0
75.8991006,166,-0.01,19,0,0,0.026,-0.014,-1,0.1,-0.7,0
75.9091006,148,-0.01,19,0,0,0.026,-0.014,-1,0.1,-0.7,0
75.9191006,147,-0.01,19,0,0,0.026,-0.014,-1,0.1,-0.7,0
75.9533268,157,-0.01,19,0,0,0.026,-0.013,-1.008,0.4,-0.7,0
75.9633268,155,-0.01,19,0,0,0.026,-0.013,-1.008,0.4,-0.7,0
75.9733268,160,-0.01,19,0,0,0.026,-0.013,-1.008,0.4,-0.7,0
75.9833268,140,-0.01,19,0,0,0.026,-0.013,-1.008,0.4,-0.7,0
75.9933268,150,-0.01,19,0,0,0.026,-0.013,-1.008,0.4,-0.7,0
76.0614006,154,-0.01,19,0,0,0.026,-0.018,-1.004,0.3,-0.4,0.1
76.0714006,167,-0.01,19,0,0,0.026,-0.018,-1.004,0.3,-0.4,0.1
76.0814006,150,-0.01,19,0,0,0.026,-0.018,-1.004,0.3,-0.4,0.1
76.0914006,147,-0.01,19,0,0,0.026,-0.018,-1.004,0.3,-0.4,0.1
76.1014006,149,-0.01,19,0,0,0.026,-0.018,-1.004,0.3,-0.4,0.1
76.0847836,155,-0.01,19,0,0,0.028,-0.02,-0.997,0.3,-0.7,0
76.0947836,158,-0.01,19,0,0,0.028,-0.02,-0.997,0.3,-0.7,0
76.1047836,146,-0.01,19,0,0,0.028,-0.02,-0.997,0.3,-0.7,0
76.1147836,164,-0.01,19,0,0,0.028,-0.02,-0.997,0.3,-0.7,0
76.1247836,145,-0.01,19,0,0,0.028,-0.02,-0.997,0.3,-0.7,0
76.1464316,159,0,19,0,0,0.026,-0.014,-1.004,0.4,-0.3,0
76.1564316,163,0,19,0,0,0.026,-0.014,-1.004,0.4,-0.3,0
76.1664316,143,0,19,0,0,0.026,-0.014,-1.004,0.4,-0.3,0
76.1764316,151,0,19,0,0,0.026,-0.014,-1.004,0.4,-0.3,0
76.1864316,161,0,19,0,0,0.026,-0.014,-1.004,0.4,-0.3,0
76.2420148,153,0,19,0,0,0.027,-0.011,-1.003,0.3,-0.8,0
76.2520148,148,0,19,0,0,0.027,-0.011,-1.003,0.3,-0.8,0
76.2620148,161,0,19,0,0,0.027,-0.011,-1.003,0.3,-0.8,0
76.2720148,160,0,19,0,0,0.027,-0.011,-1.003,0.3,-0.8,0
76.2820148,152,0,19,0,0,0.027,-0.011,-1.003,0.3,-0.8,0
76.2572595,154,0,19,0,0,0.027,-0.016,-0.999,0.3,-0.4,0
76.2672595,148,0,19,0,0,0.027,-0.016,-0.999,0.3,-0.4,0
76.2772595,156,0,19,0,0,0.027,-0.016,-0.999,0.3,-0.4,0
76.2872595,158,0,19,0,0,0.027,-0.016,-0.999,0.3,-0.4,0
76.2972595,146,0,19,0,0,0.027,-0.016,-0.999,0.3,-0.4,0
76.3413019,148,0,19,0,0,0.026,-0.022,-1.002,0.4,-0.8,0
76.3513019,161,0,19,0,0,0.026,-0.022,-1.002,0.4,-0.8,0
76.3613019,156,0,19,0,0,0.026,-0.022,-1.002,0.4,-0.8,0
76.3713019,159,0,19,0,0,0.026,-0.022,-1.002,0.4,-0.8,0
76.3813019,140,0,19,0,0,0.026,-0.022,-1.002,0.4,-0.8,0
76.4751485,148,0,19,0,0,0.025,-0.014,-1.008,0.3,-0.6,0
76.4851485,154,0,19,0,0,0.025,-0.014,-1.008,0.3,-0.6,0
76.4951485,169,0,19,0,0,0.025,-0.014,-1.008,0.3,-0.6,0
76.5051485,133,0,19,0,0,0.025,-0.014,-1.008,0.3,-0.6,0
76.5151485,160,0,19,0,0,0.025,-0.014,-1.008,0.3,-0.6,0
76.4802236,156,0,19,0,0,0.025,-0.014,-1.006,0.3,-0.4,0
76.4902236,159,0,19,0,0,0.025,-0.014,-1.006,0.3,-0.4,0
76.5002236,151,0,19,0,0,0.025,-0.014,-1.006,0.3,-0.4,0
76.5102236,153,0,19,0,0,0.025,-0.014,-1.006,0.3,-0.4,0
76.5202236,153,0,19,0,0,0.025,-0.014,-1.006,0.3,-0.4,0
76.6108919,144,0,19,0,0,0.027,-0.019,-0.998,0.3,-0.3,0
76.6208919,153,0,19,0,0,0.027,-0.019,-0.998,0.3,-0.3,0
76.6308919,150,0,19,0,0,0.027,-0.019,-0.998,0.3,-0.3,0
76.6408919,159,0,19,0,0,0.027,-0.019,-0.998,0.3,-0.3,0
76.6508919,161,0,19,0,0,0.027,-0.019,-0.998,0.3,-0.3,0
76.6354834,154,0,19,0,0,0.027,-0.018,-1.006,0.3,-0.8,0
76.6454834,153,0,19,0,0,0.027,-0.018,-1.006,0.3,-0.8,0
76.6554834,154,0,19,0,0,0.027,-0.018,-1.006,0.3,-0.8,0
76.6654834,150,0,19,0,0,0.027,-0.018,-1.006,0.3,-0.8,0
76.6754834,160,0,19,0,0,0.027,-0.018,-1.006,0.3,-0.8,0
76.7001496,144,0,19,0,0,0.028,-0.012,-1,0.3,-0.5,0
76.7101496,150,0,19,0,0,0.028,-0.012,-1,0.3,-0.5,0
76.7201496,159,0,19,0,0,0.028,-0.012,-1,0.3,-0.5,0
76.7301496,158,0,19,0,0,0.028,-0.012,-1,0.3,-0.5,0
76.7401496,147,0,19,0,0,0.028,-0.012,-1,0.3,-0.5,0
76.780196,152,0,19,0,0,0.026,-0.014,-1.005,0.3,-0.7,0
76.790196,155,0,19,0,0,0.026,-0.014,-1.005,0.3,-0.7,0
76.800196,144,0,19,0,0,0.026,-0.014,-1.005,0.3,-0.7,0
76.810196,159,0,19,0,0,0.026,-0.014,-1.005,0.3,-0.7,0
76.820196,154,0,19,0,0,0.026,-0.014,-1.005,0.3,-0.7,0
76.8447453,165,0,19,0,0,0.028,-0.017,-0.992,0.3,-0.7,0
76.8547453,156,0,19,0,0,0.028,-0.017,-0.992,0.3,-0.7,0
76.8647453,143,0,19,0,0,0.028,-0.017,-0.992,0.3,-0.7,0
76.8747453,149,0,19,0,0,0.028,-0.017,-0.992,0.3,-0.7,0
76.8847453,155,0,19,0,0,0.028,-0.017,-0.992,0.3,-0.7,0
76.8540785,156,0.01,19,0,0,0.024,-0.02,-1.004,0.4,-0.6,0
76.8640785,146,0.01,19,0,0,0.024,-0.02,-1.004,0.4,-0.6,0
76.8740785,165,0.01,19,0,0,0.024,-0.02,-1.004,0.4,-0.6,0
76.8840785,145,0.01,19,0,0,0.024,-0.02,-1.004,0.4,-0.6,0
76.8940785,154,0.01,19,0,0,0.024,-0.02,-1.004,0.4,-0.6,0
76.9931121,156,0,19,0,0,0.026,-0.015,-1,0.4,-0.4,0
77.0031121,144,0,19,0,0,0.026,-0.015,-1,0.4,-0.4,0
77.0131121,153,0,19,0,0,0.026,-0.015,-1,0.4,-0.4,0
77.0231121,156,0,19,0,0,0.026,-0.015,-1,0.4,-0.4,0
77.0331121,151,0,19,0,0,0.026,-0.015,-1,0.4,-0.4,0
77.0120344,163,0.01,19,0,0,0.028,-0.019,-1,0.3,-0.8,0
77.0220344,154,0.01,19,0,0,0.028,-0.019,-1,0.3,-0.8,0
77.0320344,147,0.01,19,0,0,0.028,-0.019,-1,0.3,-0.8,0
77.0420344,159,0.01,19,0,0,0.028,-0.019,-1,0.3,-0.8,0
77.0520344,148,0.01,19,0,0,0.028,-0.019,-1,0.3,-0.8,0
77.0761352,154,0,19,0,0,0.028,-0.017,-1.002,0.3,-0.4,0
77.0861352,151,0,19,0,0,0.028,-0.017,-1.002,0.3,-0.4,0
77.0961352,148,0,19,0,0,0.028,-0.017,-1.002,0.3,-0.4,0
77.1061352,161,0,19,0,0,0.028,-0.017,-1.002,0.3,-0.4,0
77.1161352,165,0,19,0,0,0.028,-0.017,-1.002,0.3,-0.4,0
77.1947413,143,0,19,0,0,0.028,-0.019,-0.992,0.3,-0.6,0
77.2047413,166,0,19,0,0,0.028,-0.019,-0.992,0.3,-0.6,0
77.2147413,144,0,19,0,0,0.028,-0.019,-0.992,0.3,-0.6,0
77.2247413,164,0,19,0,0,0.028,-0.019,-0.992,0.3,-0.6,0
77.2347413,152,0,19,0,0,0.028,-0.019,-0.992,0.3,-0.6,0
77.2441677,154,0,19,0,0,0.028,-0.012,-0.999,0.2,-0.7,0
77.2541677,157,0,19,0,0,0.028,-0.012,-0.999,0.2,-0.7,0
77.2641677,147,0,19,0,0,0.028,-0.012,-0.999,0.2,-0.7,0
77.2741677,168,0,19,0,0,0.028,-0.012,-0.999,0.2,-0.7,0
77.2841677,148,0,19,0,0,0.028,-0.012,-0.999,0.2,-0.7,0
77.3412172,148,0,19,0,0,0.027,-0.018,-1.004,0.4,-0.9,0
77.3512172,156,0,19,0,0,0.027,-0.018,-1.004,0.4,-0.9,0
77.3612172,146,0,19,0,0,0.027,-0.018,-1.004,0.4,-0.9,0
77.3712172,150,0,19,0,0,0.027,-0.018,-1.004,0.4,-0.9,0
77.3812172,159,0,19,0,0,0.027,-0.018,-1.004,0.4,-0.9,0
77.4105662,157,0.01,19,0,0,0.027,-0.015,-0.999,0.3,-0.5,0
77.4205662,170,0.01,19,0,0,0.027,-0.015,-0.999,0.3,-0.5,0
77.4305662,135,0.01,19,0,0,0.027,-0.015,-0.999,0.3,-0.5,0
77.4405662,150,0.01,19,0,0,0.027,-0.015,-0.999,0.3,-0.5,0
77.4505662,161,0.01,19,0,0,0.027,-0.015,-0.999,0.3,-0.5,0
77.5135713,154,0,19,0,0,0.028,-0.012,-1.002,0.3,-0.4,0.1
77.5235713,158,0,19,0,0,0.028,-0.012,-1.002,0.3,-0.4,0.1
77.5335713,152,0,19,0,0,0.028,-0.012,-1.002,0.3,-0.4,0.1
77.5435713,152,0,19,0,0,0.028,-0.012,-1.002,0.3,-0.4,0.1
77.5535713,155,0,19,0,0,0.028,-0.012,-1.002,0.3,-0.4,0.1
77.5710807,149,-0.01,19,0,0,0.027,-0.02,-0.998,0.3,-0.5,0
77.5810807,154,-0.01,19,0,0,0.027,-0.02,-0.998,0.3,-0.5,0
77.5910807,169,-0.01,19,0,0,0.027,-0.02,-0.998,0.3,-0.5,0
77.6010807,133,-0.01,19,0,0,0.027,-0.02,-0.998,0.3,-0.5,0
77.6110807,162,-0.01,19,0,0,0.027,-0.02,-0.998,0.3,-0.5,0
77.6127285,151,-0.01,19,0,0,0.028,-0.02,-0.998,0.4,-0.4,0
77.6227285,158,-0.01,19,0,0,0.028,-0.02,-0.998,0.4,-0.4,0
77.6327285,155,-0.01,19,0,0,0.028,-0.02,-0.998,0.4,-0.4,0
77.6427285,147,-0.01,19,0,0,0.028,-0.02,-0.998,0.4,-0.4,0
77.6527285,161,-0.01,19,0,0,0.028,-0.02,-0.998,0.4,-0.4,0
77.711482,162,-0.01,19,0,0,0.028,-0.015,-0.996,0.3,-0.5,0
77.721482,155,-0.01,19,0,0,0.028,-0.015,-0.996,0.3,-0.5,0
77.731482,156,-0.01,19,0,0,0.028,-0.015,-0.996,0.3,-0.5,0
77.741482,145,-0.01,19,0,0,0.028,-0.015,-0.996,0.3,-0.5,0
77.751482,149,-0.01,19,0,0,0.028,-0.015,-0.996,0.3,-0.5,0
77.781064,154,0,19,0,0,0.027,-0.012,-1.001,0.2,-0.7,0
77.791064,151,0,19,0,0,0.027,-0.012,-1.001,0.2,-0.7,0
77.801064,155,0,19,0,0,0.027,-0.012,-1.001,0.2,-0.7,0
77.811064,148,0,19,0,0,0.027,-0.012,-1.001,0.2,-0.7,0
77.821064,159,0,19,0,0,0.027,-0.012,-1.001,0.2,-0.7,0
77.9420427,146,0,19,0,0,0.027,-0.019,-1.004,0.3,-0.7,0
77.9520427,152,0,19,0,0,0.027,-0.019,-1.004,0.3,-0.7,0
77.9620427,158,0,19,0,0,0.027,-0.019,-1.004,0.3,-0.7,0
77.9720427,156,0,19,0,0,0.027,-0.019,-1.004,0.3,-0.7,0
77.9820427,146,0,19,0,0,0.027,-0.019,-1.004,0.3,-0.7,0
77.9918929,168,0,19,0,0,0.027,-0.018,-0.998,0.3,-0.4,0
78.0018929,163,0,19,0,0,0.027,-0.018,-0.998,0.3,-0.4,0
78.0118929,139,0,19,0,0,0.027,-0.018,-0.998,0.3,-0.4,0
78.0218929,150,0,19,0,0,0.027,-0.018,-0.998,0.3,-0.4,0
78.0318929,155,0,19,0,0,0.027,-0.018,-0.998,0.3,-0.4,0
78.0948122,153,0,19,0,0,0.028,-0.019,-1.003,0.4,-0.6,0
78.1048122,166,0,19,0,0,0.028,-0.019,-1.003,0.4,-0.6,0
78.1148122,151,0,19,0,0,0.028,-0.019,-1.003,0.4,-0.6,0
78.1248122,149,0,19,0,0,0.028,-0.019,-1.003,0.4,-0.6,0
78.1348122,160,0,19,0,0,0.028,-0.019,-1.003,0.4,-0.6,0
78.1365214,149,0,19,0,0,0.027,-0.01,-1.002,0.3,-0.7,0
78.1465214,157,0,19,0,0,0.027,-0.01,-1.002,0.3,-0.7,0
78.1565214,158,0,19,0,0,0.027,-0.01,-1.002,0.3,-0.7,0
78.1665214,143,0,19,0,0,0.027,-0.01,-1.002,0.3,-0.7,0
78.1765214,151,0,19,0,0,0.027,-0.01,-1.002,0.3,-0.7,0
78.2020869,151,-0.01,19,0,0,0.027,-0.019,-0.998,0.3,-0.4,0
78.2120869,166,-0.01,19,0,0,0.027,-0.019,-0.998,0.3,-0.4,0
78.2220869,163,-0.01,19,0,0,0.027,-0.019,-0.998,0.3,-0.4,0
78.2320869,142,-0.01,19,0,0,0.027,-0.019,-0.998,0.3,-0.4,0
78.2420869,150,-0.01,19,0,0,0.027,-0.019,-0.998,0.3,-0.4,0
78.3060202,163,-0.02,19,0,0,0.027,-0.013,-1.001,0.3,-0.5,0
78.3160202,147,-0.02,19,0,0,0.027,-0.013,-1.001,0.3,-0.5,0
78.3260202,152,-0.02,19,0,0,0.027,-0.013,-1.001,0.3,-0.5,0
78.3360202,158,-0.02,19,0,0,0.027,-0.013,-1.001,0.3,-0.5,0
78.3460202,142,-0.02,19,0,0,0.027,-0.013,-1.001,0.3,-0.5,0
78.3902689,133,0,19,0,0,0.025,-0.014,-1.009,0.3,-0.7,0
78.4002689,158,0,19,0,0,0.025,-0.014,-1.009,0.3,-0.7,0
78.4102689,154,0,19,0,0,0.025,-0.014,-1.009,0.3,-0.7,0
78.4202689,156,0,19,0,0,0.025,-0.014,-1.009,0.3,-0.7,0
78.4302689,156,0,19,0,0,0.025,-0.014,-1.009,0.3,-0.7,0
78.4943025,155,0.01,19,0,0,0.027,-0.02,-1.001,0.3,-0.6,0
78.5043025,151,0.01,19,0,0,0.027,-0.02,-1.001,0.3,-0.6,0
78.5143025,169,0.01,19,0,0,0.027,-0.02,-1.001,0.3,-0.6,0
78.5243025,152,0.01,19,0,0,0.027,-0.02,-1.001,0.3,-0.6,0
78.5343025,149,0.01,19,0,0,0.027,-0.02,-1.001,0.3,-0.6,0
78.5076869,158,0,19,0,0,0.028,-0.017,-0.998,0.3,-0.9,0
78.5176869,146,0,19,0,0,0.028,-0.017,-0.998,0.3,-0.9,0
78.5276869,159,0,19,0,0,0.028,-0.017,-0.998,0.3,-0.9,0
78.5376869,163,0,19,0,0,0.028,-0.017,-0.998,0.3,-0.9,0
78.5476869,146,0,19,0,0,0.028,-0.017,-0.998,0.3,-0.9,0
78.5912985,150,0,19,0,0,0.026,-0.012,-1.003,0.3,-0.4,0
78.6012985,159,0,19,0,0,0.026,-0.012,-1.003,0.3,-0.4,0
78.6112985,149,0,19,0,0,0.026,-0.012,-1.003,0.3,-0.4,0
78.6212985,157,0,19,0,0,0.026,-0.012,-1.003,0.3,-0.4,0
78.6312985,145,0,19,0,0,0.026,-0.012,-1.003,0.3,-0.4,0
78.7407476,152,0,19,0,0,0.028,-0.019,-1,0.4,-0.5,0
78.7507476,158,0,19,0,0,0.028,-0.019,-1,0.4,-0.5,0
78.7607476,154,0,19,0,0,0.028,-0.019,-1,0.4,-0.5,0
78.7707476,143,0,19,0,0,0.028,-0.019,-1,0.4,-0.5,0
78.7807476,164,0,19,0,0,0.028,-0.019,-1,0.4,-0.5,0
78.7477967,147,-0.01,19,0,0,0.026,-0.012,-1.009,0.3,-0.6,0
78.7577967,164,-0.01,19,0,0,0.026,-0.012,-1.009,0.3,-0.6,0
78.7677967,163,-0.01,19,0,0,0.026,-0.012,-1.009,0.3,-0.6,0
78.7777967,137,-0.01,19,0,0,0.026,-0.012,-1.009,0.3,-0.6,0
78.7877967,160,-0.01,19,0,0,0.026,-0.012,-1.009,0.3,-0.6,0
78.7935821,153,-0.01,19,0,0,0.027,-0.014,-0.996,0.3,-0.4,0
78.8035821,157,-0.01,19,0,0,0.027,-0.014,-0.996,0.3,-0.4,0
78.8135821,156,-0.01,19,0,0,0.027,-0.014,-0.996,0.3,-0.4,0
78.8235821,151,-0.01,19,0,0,0.027,-0.014,-0.996,0.3,-0.4,0
78.8335821,151,-0.01,19,0,0,0.027,-0.014,-0.996,0.3,-0.4,0
78.8611222,167,-0.01,19,0,0,0.027,-0.015,-0.999,0.3,-0.7,0
78.8711222,152,-0.01,19,0,0,0.027,-0.015,-0.999,0.3,-0.7,0
78.8811222,148,-0.01,19,0,0,0.027,-0.015,-0.999,0.3,-0.7,0
78.8911222,153,-0.01,19,0,0,0.027,-0.015,-0.999,0.3,-0.7,0
78.9011222,149,-0.01,19,0,0,0.027,-0.015,-0.999,0.3,-0.7,0
78.9658882,143,0,19,0,0,0.026,-0.02,-1.002,0.2,-0.7,0
78.9758882,146,0,19,0,0,0.026,-0.02,-1.002,0.2,-0.7,0
78.9858882,161,0,19,0,0,0.026,-0.02,-1.002,0.2,-0.7,0
78.9958882,150,0,19,0,0,0.026,-0.02,-1.002,0.2,-0.7,0
79.0058882,160,0,19,0,0,0.026,-0.02,-1.002,0.2,-0.7,0
79.0619417,156,0,19,0,0,0.028,-0.013,-1.003,0.3,-0.5,0
79.0719417,152,0,19,0,0,0.028,-0.013,-1.003,0.3,-0.5,0
79.0819417,156,0,19,0,0,0.028,-0.013,-1.003,0.3,-0.5,0
79.0919417,154,0,19,0,0,0.028,-0.013,-1.003,0.3,-0.5,0
79.1019417,145,0,19,0,0,0.028,-0.013,-1.003,0.3,-0.5,0
79.1654663,161,0.01,19,0,0,0.027,-0.019,-1.001,0.3,-0.6,0
79.1754663,146,0.01,19,0,0,0.027,-0.019,-1.001,0.3,-0.6,0
79.1854663,163,0.01,19,0,0,0.027,-0.019,-1.001,0.3,-0.6,0
79.1954663,145,0.01,19,0,0,0.027,-0.019,-1.001,0.3,-0.6,0
79.2054663,160,0.01,19,0,0,0.027,-0.019,-1.001,0.3,-0.6,0
79.2558269,150,0,19,0,0,0.027,-0.018,-0.998,0.3,-0.3,0
79.2658269,166,0,19,0,0,0.027,-0.018,-0.998,0.3,-0.3,0
79.2758269,156,0,19,0,0,0.027,-0.018,-0.998,0.3,-0.3,0
79.2858269,144,0,19,0,0,0.027,-0.018,-0.998,0.3,-0.3,0
79.2958269,152,0,19,0,0,0.027,-0.018,-0.998,0.3,-0.3,0
79.2946722,149,-0.01,19,0,0,0.026,-0.02,-1.004,0.3,-0.7,0
79.3046722,167,-0.01,19,0,0,0.026,-0.02,-1.004,0.3,-0.7,0
79.3146722,161,-0.01,19,0,0,0.026,-0.02,-1.004,0.3,-0.7,0
79.3246722,147,-0.01,19,0,0,0.026,-0.02,-1.004,0.3,-0.7,0
79.3346722,149,-0.01,19,0,0,0.026,-0.02,-1.004,0.3,-0.7,0
79.329756,159,-0.01,19,0,0,0.027,-0.012,-1.002,0.3,-0.4,0
79.339756,150,-0.01,19,0,0,0.027,-0.012,-1.002,0.3,-0.4,0
79.349756,158,-0.01,19,0,0,0.027,-0.012,-1.002,0.3,-0.4,0
79.359756,145,-0.01,19,0,0,0.027,-0.012,-1.002,0.3,-0.4,0
79.369756,159,-0.01,19,0,0,0.027,-0.012,-1.002,0.3,-0.4,0
79.4581078,158,-0.02,19,0,0,0.028,-0.02,-0.996,0.4,-0.6,0
79.4681078,152,-0.02,19,0,0,0.028,-0.02,-0.996,0.4,-0.6,0
79.4781078,146,-0.02,19,0,0,0.028,-0.02,-0.996,0.4,-0.6,0
79.4881078,164,-0.02,19,0,0,0.028,-0.02,-0.996,0.4,-0.6,0
79.4981078,147,-0.02,19,0,0,0.028,-0.02,-0.996,0.4,-0.6,0
79.5197601,142,0,19,0,0,0.026,-0.021,-1.001,0.3,-0.4,0
79.5297601,150,0,19,0,0,0.026,-0.021,-1.001,0.3,-0.4,0
79.5397601,155,0,19,0,0,0.026,-0.021,-1.001,0.3,-0.4,0
79.5497601,157,0,19,0,0,0.026,-0.021,-1.001,0.3,-0.4,0
79.5597601,148,0,19,0,0,0.026,-0.021,-1.001,0.3,-0.4,0
79.6078806,153,0,19,0,0,0.026,-0.01,-1.003,0.3,-0.3,0
79.6178806,153,0,19,0,0,0.026,-0.01,-1.003,0.3,-0.3,0
79.6278806,165,0,19,0,0,0.026,-0.01,-1.003,0.3,-0.3,0
79.6378806,156,0,19,0,0,0.026,-0.01,-1.003,0.3,-0.3,0
79.6478806,150,0,19,0,0,0.026,-0.01,-1.003,0.3,-0.3,0
79.6904949,149,0.01,19,0,0,0.026,-0.015,-1,0.3,-0.4,0
79.7004949,152,0.01,19,0,0,0.026,-0.015,-1,0.3,-0.4,0
79.7104949,150,0.01,19,0,0,0.026,-0.015,-1,0.3,-0.4,0
79.7204949,152,0.01,19,0,0,0.026,-0.015,-1,0.3,-0.4,0
79.7304949,161,0.01,19,0,0,0.026,-0.015,-1,0.3,-0.4,0
79.8335051,153,0.01,19,0,0,0.027,-0.02,-0.995,0.3,-0.7,0
79.8435051,146,0.01,19,0,0,0.027,-0.02,-0.995,0.3,-0.7,0
79.8535051,153,0.01,19,0,0,0.027,-0.02,-0.995,0.3,-0.7,0
79.8635051,160,0.01,19,0,0,0.027,-0.02,-0.995,0.3,-0.7,0
79.8735051,151,0.01,19,0,0,0.027,-0.02,-0.995,0.3,-0.7,0
79.8693197,152,0,19,0,0,0.025,-0.016,-1.007,0.3,-0.6,0
79.8793197,162,0,19,0,0,0.025,-0.016,-1.007,0.3,-0.6,0
79.8893197,149,0,19,0,0,0.025,-0.016,-1.007,0.3,-0.6,0
79.8993197,154,0,19,0,0,0.025,-0.016,-1.007,0.3,-0.6,0
79.9093197,167,0,19,0,0,0.025,-0.016,-1.007,0.3,-0.6,0
79.9885441,159,-0.02,19,0,0,0.027,-0.012,-1,0.4,-0.3,0
79.9985441,167,-0.02,19,0,0,0.027,-0.012,-1,0.4,-0.3,0
80.0085441,170,-0.02,19,0,0,0.027,-0.012,-1,0.4,-0.3,0
80.0185441,130,-0.02,19,0,0,0.027,-0.012,-1,0.4,-0.3,0
80.0285441,153,-0.02,19,0,0,0.027,-0.012,-1,0.4,-0.3,0
80.0053482,161,-0.01,19,0,0,0.027,-0.019,-0.997,0.3,-0.9,0
80.0153482,151,-0.01,19,0,0,0.027,-0.019,-0.997,0.3,-0.9,0
80.0253482,152,-0.01,19,0,0,0.027,-0.019,-0.997,0.3,-0.9,0
80.0353482,156,-0.01,19,0,0,0.027,-0.019,-0.997,0.3,-0.9,0
80.0453482,160,-0.01,19,0,0,0.027,-0.019,-0.997,0.3,-0.9,0
80.0926325,153,0,19,0,0,0.027,-0.019,-0.997,0.3,-0.5,0
80.1026325,156,0,19,0,0,0.027,-0.019,-0.997,0.3,-0.5,0
80.1126325,144,0,19,0,0,0.027,-0.019,-0.997,0.3,-0.5,0
80.1226325,153,0,19,0,0,0.027,-0.019,-0.997,0.3,-0.5,0
80.1326325,161,0,19,0,0,0.027,-0.019,-0.997,0.3,-0.5,0
80.2107878,153,0,19,0,0,0.026,-0.016,-1.006,0.4,-0.5,0
80.2207878,159,0,19,0,0,0.026,-0.016,-1.006,0.4,-0.5,0
80.2307878,165,0,19,0,0,0.026,-0.016,-1.006,0.4,-0.5,0
80.2407878,153,0,19,0,0,0.026,-0.016,-1.006,0.4,-0.5,0
80.2507878,143,0,19,0,0,0.026,-0.016,-1.006,0.4,-0.5,0
80.2608283,160,0,19,0,0,0.028,-0.011,-1.002,0.3,-0.8,0
80.2708283,150,0,19,0,0,0.028,-0.011,-1.002,0.3,-0.8,0
80.2808283,167,0,19,0,0,0.028,-0.011,-1.002,0.3,-0.8,0
80.2908283,163,0,19,0,0,0.028,-0.011,-1.002,0.3,-0.8,0
80.3008283,133,0,19,0,0,0.028,-0.011,-1.002,0.3,-0.8,0
80.3880325,160,0,19,0,0,0.027,-0.017,-0.999,0.2,-0.9,0
80.3980325,139,0,19,0,0,0.027,-0.017,-0.999,0.2,-0.9,0
80.4080325,153,0,19,0,0,0.027,-0.017,-0.999,0.2,-0.9,0
80.4180325,164,0,19,0,0,0.027,-0.017,-0.999,0.2,-0.9,0
80.4280325,153,0,19,0,0,0.027,-0.017,-0.999,0.2,-0.9,0
80.4740625,149,-0.01,19,0,0,0.027,-0.016,-1.005,0.3,-0.6,0
80.4840625,157,-0.01,19,0,0,0.027,-0.016,-1.005,0.3,-0.6,0
80.4940625,157,-0.01,19,0,0,0.027,-0.016,-1.005,0.3,-0.6,0
80.5040625,145,-0.01,19,0,0,0.027,-0.016,-1.005,0.3,-0.6,0
80.5140625,151,-0.01,19,0,0,0.027,-0.016,-1.005,0.3,-0.6,0
80.5579557,159,-0.01,19,0,0,0.027,-0.02,-1.005,0.4,-0.4,0
80.5679557,161,-0.01,19,0,0,0.027,-0.02,-1.005,0.4,-0.4,0
80.5779557,143,-0.01,19,0,0,0.027,-0.02,-1.005,0.4,-0.4,0
80.5879557,151,-0.01,19,0,0,0.027,-0.02,-1.005,0.4,-0.4,0
80.5979557,152,-0.01,19,0,0,0.027,-0.02,-1.005,0.4,-0.4,0
80.6396166,145,0,19,0,0,0.026,-0.02,-1,0.4,-0.8,0
80.6496166,158,0,19,0,0,0.026,-0.02,-1,0.4,-0.8,0
80.6596166,154,0,19,0,0,0.026,-0.02,-1,0.4,-0.8,0
80.6696166,168,0,19,0,0,0.026,-0.02,-1,0.4,-0.8,0
80.6796166,163,0,19,0,0,0.026,-0.02,-1,0.4,-0.8,0
80.7593226,155,0.01,19,0,0,0.027,-0.018,-1.005,0.4,-0.4,0
80.7693226,160,0.01,19,0,0,0.027,-0.018,-1.005,0.4,-0.4,0
80.7793226,142,0.01,19,0,0,0.027,-0.018,-1.005,0.4,-0.4,0
80.7893226,151,0.01,19,0,0,0.027,-0.018,-1.005,0.4,-0.4,0
80.7993226,166,0.01,19,0,0,0.027,-0.018,-1.005,0.4,-0.4,0
80.7827417,152,0,19,0,0,0.028,-0.01,-1,0.3,-0.7,0
80.7927417,150,0,19,0,0,0.028,-0.01,-1,0.3,-0.7,0
80.8027417,159,0,19,0,0,0.028,-0.01,-1,0.3,-0.7,0
80.8127417,149,0,19,0,0,0.028,-0.01,-1,0.3,-0.7,0
80.8227417,157,0,19,0,0,0.028,-0.01,-1,0.3,-0.7,0
80.866825,162,0.01,19,0,0,0.026,-0.017,-0.997,0.3,-0.4,0
80.876825,148,0.01,19,0,0,0.026,-0.017,-0.997,0.3,-0.4,0
80.886825,150,0.01,19,0,0,0.026,-0.017,-0.997,0.3,-0.4,0
80.896825,159,0.01,19,0,0,0.026,-0.017,-0.997,0.3,-0.4,0
80.906825,149,0.01,19,0,0,0.026,-0.017,-0.997,0.3,-0.4,0
80.9596004,156,0,19,0,0,0.028,-0.015,-1.001,0.3,-0.5,0
80.9696004,147,0,19,0,0,0.028,-0.015,-1.001,0.3,-0.5,0
80.9796004,152,0,19,0,0,0.028,-0.015,-1.001,0.3,-0.5,0
80.9896004,157,0,19,0,0,0.028,-0.015,-1.001,0.3,-0.5,0
80.9996004,151,0,19,0,0,0.028,-0.015,-1.001,0.3,-0.5,0
81.0652831,138,0,19,0,0,0.029,-0.02,-0.993,0.3,-0.8,0
81.0752831,160,0,19,0,0,0.029,-0.02,-0.993,0.3,-0.8,0
81.0852831,150,0,19,0,0,0.029,-0.02,-0.993,0.3,-0.8,0
81.0952831,161,0,19,0,0,0.029,-0.02,-0.993,0.3,-0.8,0
81.1052831,156,0,19,0,0,0.029,-0.02,-0.993,0.3,-0.8,0
81.1581016,139,0,19,0,0,0.027,-0.012,-1.002,0.3,-0.7,0.1
81.1681016,156,0,19,0,0,0.027,-0.012,-1.002,0.3,-0.7,0.1
81.1781016,162,0,19,0,0,0.027,-0.012,-1.002,0.3,-0.7,0.1
81.1881016,155,0,19,0,0,0.027,-0.012,-1.002,0.3,-0.7,0.1
81.1981016,156,0,19,0,0,0.027,-0.012,-1.002,0.3,-0.7,0.1
81.2137086,159,0,19,0,0,0.026,-0.013,-1.001,0.3,-0.3,0
81.2237086,163,0,19,0,0,0.026,-0.013,-1.001,0.3,-0.3,0
81.2337086,147,0,19,0,0,0.026,-0.013,-1.001,0.3,-0.3,0
81.2437086,149,0,19,0,0,0.026,-0.013,-1.001,0.3,-0.3,0
81.2537086,162,0,19,0,0,0.026,-0.013,-1.001,0.3,-0.3,0
81.3391428,155,0,19,0,0,0.026,-0.016,-1.001,0.3,-0.7,0
81.3491428,158,0,19,0,0,0.026,-0.016,-1.001,0.3,-0.7,0
81.3591428,149,0,19,0,0,0.026,-0.016,-1.001,0.3,-0.7,0
81.3691428,154,0,19,0,0,0.026,-0.016,-1.001,0.3,-0.7,0
81.3791428,154,0,19,0,0,0.026,-0.016,-1.001,0.3,-0.7,0
81.4243076,157,0,19,0,0,0.029,-0.021,-0.993,0.3,-0.7,0
81.4343076,154,0,19,0,0,0.029,-0.021,-0.993,0.3,-0.7,0
81.4443076,166,0,19,0,0,0.029,-0.021,-0.993,0.3,-0.7,0
81.4543076,163,0,19,0,0,0.029,-0.021,-0.993,0.3,-0.7,0
81.4643076,142,0,19,0,0,0.029,-0.021,-0.993,0.3,-0.7,0
81.5069366,158,0,19,0,0,0.026,-0.016,-1.001,0.3,-0.8,0
81.5169366,141,0,19,0,0,0.026,-0.016,-1.001,0.3,-0.8,0
81.5269366,154,0,19,0,0,0.026,-0.016,-1.001,0.3,-0.8,0
81.5369366,166,0,19,0,0,0.026,-0.016,-1.001,0.3,-0.8,0
81.5469366,153,0,19,0,0,0.026,-0.016,-1.001,0.3,-0.8,0
81.5604115,149,0,19,0,0,0.026,-0.014,-1.002,0.3,-0.4,0
81.5704115,164,0,19,0,0,0.026,-0.014,-1.002,0.3,-0.4,0
81.5804115,153,0,19,0,0,0.026,-0.014,-1.002,0.3,-0.4,0
81.5904115,157,0,19,0,0,0.026,-0.014,-1.002,0.3,-0.4,0
81.6004115,155,0,19,0,0,0.026,-0.014,-1.002,0.3,-0.4,0
81.6435107,144,0,19,0,0,0.027,-0.017,-0.999,0.3,-0.8,0
81.6535107,152,0,19,0,0,0.027,-0.017,-0.999,0.3,-0.8,0
81.6635107,152,0,19,0,0,0.027,-0.017,-0.999,0.3,-0.8,0
81.6735107,157,0,19,0,0,0.027,-0.017,-0.999,0.3,-0.8,0
81.6835107,170,0,19,0,0,0.027,-0.017,-0.999,0.3,-0.8,0
81.6952403,161,-0.01,19,0,0,0.027,-0.016,-1.004,0.3,-0.4,0
81.7052403,153,-0.01,19,0,0,0.027,-0.016,-1.004,0.3,-0.4,0
81.7152403,148,-0.01,19,0,0,0.027,-0.016,-1.004,0.3,-0.4,0
81.7252403,151,-0.01,19,0,0,0.027,-0.016,-1.004,0.3,-0.4,0
81.7352403,157,-0.01,19,0,0,0.027,-0.016,-1.004,0.3,-0.4,0
81.7379702,170,-0.01,19,0,0,0.029,-0.02,-0.995,0.3,-0.6,0
81.7479702,150,-0.01,19,0,0,0.029,-0.02,-0.995,0.3,-0.6,0
81.7579702,144,-0.01,19,0,0,0.029,-0.02,-0.995,0.3,-0.6,0
81.7679702,166,-0.01,19,0,0,0.029,-0.02,-0.995,0.3,-0.6,0
81.7779702,145,-0.01,19,0,0,0.029,-0.02,-0.995,0.3,-0.6,0
81.7995562,165,0,19,0,0,0.027,-0.015,-1.006,0.4,-0.3,0
81.8095562,157,0,19,0,0,0.027,-0.015,-1.006,0.4,-0.3,0
81.8195562,138,0,19,0,0,0.027,-0.015,-1.006,0.4,-0.3,0
81.8295562,161,0,19,0,0,0.027,-0.015,-1.006,0.4,-0.3,0
81.8395562,151,0,19,0,0,0.027,-0.015,-1.006,0.4,-0.3,0
81.8567024,169,0,19,0,0,0.028,-0.014,-1.001,0.3,-0.8,0
81.8667024,146,0,19,0,0,0.028,-0.014,-1.001,0.3,-0.8,0
81.8767024,156,0,19,0,0,0.028,-0.014,-1.001,0.3,-0.8,0
81.8867024,159,0,19,0,0,0.028,-0.014,-1.001,0.3,-0.8,0
81.8967024,139,0,19,0,0,0.028,-0.014,-1.001,0.3,-0.8,0
81.9115174,155,0,19,0,0,0.027,-0.012,-1.002,0.3,-0.4,0
81.9215174,163,0,19,0,0,0.027,-0.012,-1.002,0.3,-0.4,0
81.9315174,154,0,19,0,0,0.027,-0.012,-1.002,0.3,-0.4,0
81.9415174,156,0,19,0,0,0.027,-0.012,-1.002,0.3,-0.4,0
81.9515174,154,0,19,0,0,0.027,-0.012,-1.002,0.3,-0.4,0
81.9664922,158,0,19,0,0,0.027,-0.021,-1,0.3,-0.9,0
81.9764922,156,0,19,0,0,0.027,-0.021,-1,0.3,-0.9,0
81.9864922,149,0,19,0,0,0.027,-0.021,-1,0.3,-0.9,0
81.9964922,158,0,19,0,0,0.027,-0.021,-1,0.3,-0.9,0
82.0064922,146,0,19,0,0,0.027,-0.021,-1,0.3,-0.9,0
82.0931481,156,0,19,0,0,0.028,-0.02,-0.997,0.3,-0.8,0
82.1031481,145,0,19,0,0,0.028,-0.02,-0.997,0.3,-0.8,0
82.1131481,154,0,19,0,0,0.028,-0.02,-0.997,0.3,-0.8,0
82.1231481,170,0,19,0,0,0.028,-0.02,-0.997,0.3,-0.8,0
82.1331481,153,0,19,0,0,0.028,-0.02,-0.997,0.3,-0.8,0
82.1629837,144,0,19,0,0,0.025,-0.016,-1.007,0.3,-0.4,0
82.1729837,163,0,19,0,0,0.025,-0.016,-1.007,0.3,-0.4,0
82.1829837,149,0,19,0,0,0.025,-0.016,-1.007,0.3,-0.4,0
82.1929837,157,0,19,0,0,0.025,-0.016,-1.007,0.3,-0.4,0
82.2029837,162,0,19,0,0,0.025,-0.016,-1.007,0.3,-0.4,0
82.1970403,143,0,19,0,0,0.027,-0.012,-1.003,0.3,-0.8,0
82.2070403,160,0,19,0,0,0.027,-0.012,-1.003,0.3,-0.8,0
82.2170403,150,0,19,0,0,0.027,-0.012,-1.003,0.3,-0.8,0
82.2270403,158,0,19,0,0,0.027,-0.012,-1.003,0.3,-0.8,0
82.2370403,155,0,19,0,0,0.027,-0.012,-1.003,0.3,-0.8,0
82.2899882,140,0,19,0,0,0.027,-0.019,-1.004,0.3,-0.9,0
82.2999882,155,0,19,0,0,0.027,-0.019,-1.004,0.3,-0.9,0
82.3099882,165,0,19,0,0,0.027,-0.019,-1.004,0.3,-0.9,0
82.3199882,158,0,19,0,0,0.027,-0.019,-1.004,0.3,-0.9,0
82.3299882,158,0,19,0,0,0.027,-0.019,-1.004,0.3,-0.9,0
82.3962864,152,0.01,19,0,0,0.027,-0.017,-1,0.4,-0.6,0
82.4062864,165,0.01,19,0,0,0.027,-0.017,-1,0.4,-0.6,0
82.4162864,154,0.01,19,0,0,0.027,-0.017,-1,0.4,-0.6,0
82.4262864,145,0.01,19,0,0,0.027,-0.017,-1,0.4,-0.6,0
82.4362864,161,0.01,19,0,0,0.027,-0.017,-1,0.4,-0.6,0
82.4922625,150,0.02,19,0,0,0.028,-0.018,-0.996,0.3,-0.7,0
82.5022625,144,0.02,19,0,0,0.028,-0.018,-0.996,0.3,-0.7,0
82.5122625,153,0.02,19,0,0,0.028,-0.018,-0.996,0.3,-0.7,0
82.5222625,152,0.02,19,0,0,0.028,-0.018,-0.996,0.3,-0.7,0
82.5322625,159,0.02,19,0,0,0.028,-0.018,-0.996,0.3,-0.7,0
82.5051788,154,0.01,19,0,0,0.026,-0.018,-1.005,0.3,-0.6,0
82.5151788,150,0.01,19,0,0,0.026,-0.018,-1.005,0.3,-0.6,0
82.5251788,170,0.01,19,0,0,0.026,-0.018,-1.005,0.3,-0.6,0
82.5351788,143,0.01,19,0,0,0.026,-0.018,-1.005,0.3,-0.6,0
82.5451788,165,0.01,19,0,0,0.026,-0.018,-1.005,0.3,-0.6,0
82.5586642,157,0,19,0,0,0.027,-0.014,-1.003,0.4,-0.8,0
82.5686642,133,0,19,0,0,0.027,-0.014,-1.003,0.4,-0.8,0
82.5786642,162,0,19,0,0,0.027,-0.014,-1.003,0.4,-0.8,0
82.5886642,154,0,19,0,0,0.027,-0.014,-1.003,0.4,-0.8,0
82.5986642,154,0,19,0,0,0.027,-0.014,-1.003,0.4,-0.8,0
82.6593066,146,0,19,0,0,0.027,-0.02,-1.001,0.2,-0.8,0
82.6693066,154,0,19,0,0,0.027,-0.02,-1.001,0.2,-0.8,0
82.6793066,152,0,19,0,0,0.027,-0.02,-1.001,0.2,-0.8,0
82.6893066,169,0,19,0,0,0.027,-0.02,-1.001,0.2,-0.8,0
82.6993066,153,0,19,0,0,0.027,-0.02,-1.001,0.2,-0.8,0
82.7588386,144,0,19,0,0,0.026,-0.011,-1.005,0.3,-0.6,0
82.7688386,152,0,19,0,0,0.026,-0.011,-1.005,0.3,-0.6,0
82.7788386,163,0,19,0,0,0.026,-0.011,-1.005,0.3,-0.6,0
82.7888386,159,0,19,0,0,0.026,-0.011,-1.005,0.3,-0.6,0
82.7988386,162,0,19,0,0,0.026,-0.011,-1.005,0.3,-0.6,0
82.890492,145,0,19,0,0,0.027,-0.018,-1.003,0.3,-0.5,0
82.900492,162,0,19,0,0,0.027,-0.018,-1.003,0.3,-0.5,0
82.910492,161,0,19,0,0,0.027,-0.018,-1.003,0.3,-0.5,0
82.920492,146,0,19,0,0,0.027,-0.018,-1.003,0.3,-0.5,0
82.930492,148,0,19,0,0,0.027,-0.018,-1.003,0.3,-0.5,0
82.9086729,165,0.01,19,0,0,0.027,-0.01,-1.003,0.3,-0.8,0
82.9186729,147,0.01,19,0,0,0.027,-0.01,-1.003,0.3,-0.8,0
82.9286729,157,0.01,19,0,0,0.027,-0.01,-1.003,0.3,-0.8,0
82.9386729,172,0.01,19,0,0,0.027,-0.01,-1.003,0.3,-0.8,0
82.9486729,138,0.01,19,0,0,0.027,-0.01,-1.003,0.3,-0.8,0
82.9869583,160,0,19,0,0,0.028,-0.015,-0.998,0.3,-0.3,0
82.9969583,153,0,19,0,0,0.028,-0.015,-0.998,0.3,-0.3,0
83.0069583,158,0,19,0,0,0.028,-0.015,-0.998,0.3,-0.3,0
83.0169583,156,0,19,0,0,0.028,-0.015,-0.998,0.3,-0.3,0
83.0269583,148,0,19,0,0,0.028,-0.015,-0.998,0.3,-0.3,0
83.1102592,157,0.01,19,0,0,0.027,-0.017,-1.005,0.3,-0.6,0
83.1202592,149,0.01,19,0,0,0.027,-0.017,-1.005,0.3,-0.6,0
83.1302592,163,0.01,19,0,0,0.027,-0.017,-1.005,0.3,-0.6,0
83.1402592,153,0.01,19,0,0,0.027,-0.017,-1.005,0.3,-0.6,0
83.1502592,149,0.01,19,0,0,0.027,-0.017,-1.005,0.3,-0.6,0
83.1650133,158,0,19,0,0,0.026,-0.019,-0.997,0.3,-0.7,0
83.1750133,146,0,19,0,0,0.026,-0.019,-0.997,0.3,-0.7,0
83.1850133,152,0,19,0,0,0.026,-0.019,-0.997,0.3,-0.7,0
83.1950133,164,0,19,0,0,0.026,-0.019,-0.997,0.3,-0.7,0
83.2050133,159,0,19,0,0,0.026,-0.019,-0.997,0.3,-0.7,0
83.2870898,144,0,19,0,0,0.027,-0.019,-0.998,0.4,-0.4,0
83.2970898,167,0,19,0,0,0.027,-0.019,-0.998,0.4,-0.4,0
83.3070898,146,0,19,0,0,0.027,-0.019,-0.998,0.4,-0.4,0
83.3170898,167,0,19,0,0,0.027,-0.019,-0.998,0.4,-0.4,0
83.3270898,162,0,19,0,0,0.027,-0.019,-0.998,0.4,-0.4,0
83.3963669,155,-0.01,19,0,0,0.028,-0.018,-0.999,0.3,-0.9,0
83.4063669,162,-0.01,19,0,0,0.028,-0.018,-0.999,0.3,-0.9,0
83.4163669,145,-0.01,19,0,0,0.028,-0.018,-0.999,0.3,-0.9,0
83.4263669,168,-0.01,19,0,0,0.028,-0.018,-0.999,0.3,-0.9,0
83.4363669,149,-0.01,19,0,0,0.028,-0.018,-0.999,0.3,-0.9,0
83.4676725,154,0.01,19,0,0,0.026,-0.012,-1.007,0.3,-0.7,0
83.4776725,157,0.01,19,0,0,0.026,-0.012,-1.007,0.3,-0.7,0
83.4876725,152,0.01,19,0,0,0.026,-0.012,-1.007,0.3,-0.7,0
83.4976725,158,0.01,19,0,0,0.026,-0.012,-1.007,0.3,-0.7,0
83.5076725,156,0.01,19,0,0,0.026,-0.012,-1.007,0.3,-0.7,0
83.5582136,159,0.02,19,0,0,0.028,-0.02,-1.005,0.4,-0.6,0
83.5682136,147,0.02,19,0,0,0.028,-0.02,-1.005,0.4,-0.6,0
83.5782136,150,0.02,19,0,0,0.028,-0.02,-1.005,0.4,-0.6,0
83.5882136,150,0.02,19,0,0,0.028,-0.02,-1.005,0.4,-0.6,0
83.5982136,161,0.02,19,0,0,0.028,-0.02,-1.005,0.4,-0.6,0
83.6929608,153,0.01,19,0,0,0.026,-0.012,-1.009,0.3,-0.3,0
83.7029608,146,0.01,19,0,0,0.026,-0.012,-1.009,0.3,-0.3,0
83.7129608,169,0.01,19,0,0,0.026,-0.012,-1.009,0.3,-0.3,0
83.7229608,147,0.01,19,0,0,0.026,-0.012,-1.009,0.3,-0.3,0
83.7329608,164,0.01,19,0,0,0.026,-0.012,-1.009,0.3,-0.3,0
83.7053946,163,0.01,19,0,0,0.029,-0.015,-0.992,0.3,-0.9,0
83.7153946,135,0.01,19,0,0,0.029,-0.015,-0.992,0.3,-0.9,0
83.7253946,158,0.01,19,0,0,0.029,-0.015,-0.992,0.3,-0.9,0
83.7353946,155,0.01,19,0,0,0.029,-0.015,-0.992,0.3,-0.9,0
83.7453946,157,0.01,19,0,0,0.029,-0.015,-0.992,0.3,-0.9,0
83.7997639,153,0,19,0,0,0.026,-0.02,-1.002,0.4,-0.6,0
83.8097639,163,0,19,0,0,0.026,-0.02,-1.002,0.4,-0.6,0
83.8197639,151,0,19,0,0,0.026,-0.02,-1.002,0.4,-0.6,0
83.8297639,153,0,19,0,0,0.026,-0.02,-1.002,0.4,-0.6,0
83.8397639,161,0,19,0,0,0.026,-0.02,-1.002,0.4,-0.6,0
83.8769592,140,0,19,0,0,0.026,-0.013,-1.002,0.3,-0.4,0
83.8869592,151,0,19,0,0,0.026,-0.013,-1.002,0.3,-0.4,0
83.8969592,159,0,19,0,0,0.026,-0.013,-1.002,0.3,-0.4,0
83.9069592,151,0,19,0,0,0.026,-0.013,-1.002,0.3,-0.4,0
83.9169592,159,0,19,0,0,0.026,-0.013,-1.002,0.3,-0.4,0
83.9982285,148,0,19,0,0,0.028,-0.02,-0.999,0.3,-0.5,0
84.0082285,152,0,19,0,0,0.028,-0.02,-0.999,0.3,-0.5,0
84.0182285,161,0,19,0,0,0.028,-0.02,-0.999,0.3,-0.5,0
84.0282285,158,0,19,0,0,0.028,-0.02,-0.999,0.3,-0.5,0
84.0382285,161,0,19,0,0,0.028,-0.02,-0.999,0.3,-0.5,0
84.0769714,165,0,19,0,0,0.029,-0.015,-0.992,0.3,-0.5,0
84.0869714,145,0,19,0,0,0.029,-0.015,-0.992,0.3,-0.5,0
84.0969714,165,0,19,0,0,0.029,-0.015,-0.992,0.3,-0.5,0
84.1069714,165,0,19,0,0,0.029,-0.015,-0.992,0.3,-0.5,0
84.1169714,137,0,19,0,0,0.029,-0.015,-0.992,0.3,-0.5,0
84.1970035,162,0,19,0,0,0.029,-0.015,-1,0.4,-0.9,0
84.2070035,153,0,19,0,0,0.029,-0.015,-1,0.4,-0.9,0
84.2170035,153,0,19,0,0,0.029,-0.015,-1,0.4,-0.9,0
84.2270035,159,0,19,0,0,0.029,-0.015,-1,0.4,-0.9,0
84.2370035,143,0,19,0,0,0.029,-0.015,-1,0.4,-0.9,0
84.2882689,148,-0.01,19,0,0,0.027,-0.019,-1,0.3,-0.8,0
84.2982689,160,-0.01,19,0,0,0.027,-0.019,-1,0.3,-0.8,0
84.3082689,160,-0.01,19,0,0,0.027,-0.019,-1,0.3,-0.8,0
84.3182689,144,-0.01,19,0,0,0.027,-0.019,-1,0.3,-0.8,0
84.3282689,151,-0.01,19,0,0,0.027,-0.019,-1,0.3,-0.8,0
84.3885292,160,-0.02,19,0,0,0.025,-0.012,-1.009,0.3,-0.6,0
84.3985292,156,-0.02,19,0,0,0.025,-0.012,-1.009,0.3,-0.6,0
84.4085292,167,-0.02,19,0,0,0.025,-0.012,-1.009,0.3,-0.6,0
84.4185292,141,-0.02,19,0,0,0.025,-0.012,-1.009,0.3,-0.6,0
84.4285292,148,-0.02,19,0,0,0.025,-0.012,-1.009,0.3,-0.6,0
84.542915,133,0,19,0,0,0.027,-0.013,-1.003,0.3,-0.8,0
84.552915,163,0,19,0,0,0.027,-0.013,-1.003,0.3,-0.8,0
84.562915,154,0,19,0,0,0.027,-0.013,-1.003,0.3,-0.8,0
84.572915,154,0,19,0,0,0.027,-0.013,-1.003,0.3,-0.8,0
84.582915,155,0,19,0,0,0.027,-0.013,-1.003,0.3,-0.8,0
84.5514127,160,0,19,0,0,0.027,-0.018,-0.998,0.3,-0.4,0
84.5614127,152,0,19,0,0,0.027,-0.018,-0.998,0.3,-0.4,0
84.5714127,153,0,19,0,0,0.027,-0.018,-0.998,0.3,-0.4,0
84.5814127,154,0,19,0,0,0.027,-0.018,-0.998,0.3,-0.4,0
84.5914127,155,0,19,0,0,0.027,-0.018,-0.998,0.3,-0.4,0
84.6569229,147,0.02,19,0,0,0.028,-0.016,-1,0.3,-0.5,0
84.6669229,150,0.02,19,0,0,0.028,-0.016,-1,0.3,-0.5,0
84.6769229,153,0.02,19,0,0,0.028,-0.016,-1,0.3,-0.5,0
84.6869229,152,0.02,19,0,0,0.028,-0.016,-1,0.3,-0.5,0
84.6969229,161,0.02,19,0,0,0.028,-0.016,-1,0.3,-0.5,0
84.7152876,163,0.01,19,0,0,0.026,-0.013,-1.005,0.3,-0.6,0
84.7252876,154,0.01,19,0,0,0.026,-0.013,-1.005,0.3,-0.6,0
84.7352876,154,0.01,19,0,0,0.026,-0.013,-1.005,0.3,-0.6,0
84.7452876,147,0.01,19,0,0,0.026,-0.013,-1.005,0.3,-0.6,0
84.7552876,162,0.01,19,0,0,0.026,-0.013,-1.005,0.3,-0.6,0
84.8743078,147,-0.01,19,0,0,0.027,-0.014,-1,0.3,-0.7,0
84.8843078,165,-0.01,19,0,0,0.027,-0.014,-1,0.3,-0.7,0
84.8943078,162,-0.01,19,0,0,0.027,-0.014,-1,0.3,-0.7,0
84.9043078,139,-0.01,19,0,0,0.027,-0.014,-1,0.3,-0.7,0
84.9143078,160,-0.01,19,0,0,0.027,-0.014,-1,0.3,-0.7,0
84.8856391,150,-0.01,19,0,0,0.028,-0.02,-0.996,0.4,-0.5,0
84.8956391,160,-0.01,19,0,0,0.028,-0.02,-0.996,0.4,-0.5,0
84.9056391,156,-0.01,19,0,0,0.028,-0.02,-0.996,0.4,-0.5,0
84.9156391,149,-0.01,19,0,0,0.028,-0.02,-0.996,0.4,-0.5,0
84.9256391,170,-0.01,19,0,0,0.028,-0.02,-0.996,0.4,-0.5,0
84.9749592,153,-0.01,19,0,0,0.026,-0.018,-1.005,0.3,-0.8,0
84.9849592,153,-0.01,19,0,0,0.026,-0.018,-1.005,0.3,-0.8,0
84.9949592,160,-0.01,19,0,0,0.026,-0.018,-1.005,0.3,-0.8,0
85.0049592,143,-0.01,19,0,0,0.026,-0.018,-1.005,0.3,-0.8,0
85.0149592,150,-0.01,19,0,0,0.026,-0.018,-1.005,0.3,-0.8,0
85.0596049,161,-0.01,19,0,0,0.026,-0.017,-1.002,0.4,-0.5,0
85.0696049,159,-0.01,19,0,0,0.026,-0.017,-1.002,0.4,-0.5,0
85.0796049,147,-0.01,19,0,0,0.026,-0.017,-1.002,0.4,-0.5,0
85.0896049,162,-0.01,19,0,0,0.026,-0.017,-1.002,0.4,-0.5,0
85.0996049,160,-0.01,19,0,0,0.026,-0.017,-1.002,0.4,-0.5,0
85.1653519,154,0,19,0,0,0.026,-0.014,-1.003,0.3,-0.2,0
85.1753519,166,0,19,0,0,0.026,-0.014,-1.003,0.3,-0.2,0
85.1853519,143,0,19,0,0,0.026,-0.014,-1.003,0.3,-0.2,0
85.1953519,148,0,19,0,0,0.026,-0.014,-1.003,0.3,-0.2,0
85.2053519,159,0,19,0,0,0.026,-0.014,-1.003,0.3,-0.2,0
85.255755,167,0.01,19,0,0,0.028,-0.02,-0.993,0.4,-0.4,0
85.265755,133,0.01,19,0,0,0.028,-0.02,-0.993,0.4,-0.4,0
85.275755,162,0.01,19,0,0,0.028,-0.02,-0.993,0.4,-0.4,0
85.285755,153,0.01,19,0,0,0.028,-0.02,-0.993,0.4,-0.4,0
85.295755,157,0.01,19,0,0,0.028,-0.02,-0.993,0.4,-0.4,0
85.3486587,164,0.01,19,0,0,0.028,-0.013,-0.998,0.3,-0.6,0
85.3586587,142,0.01,19,0,0,0.028,-0.013,-0.998,0.3,-0.6,0
85.3686587,153,0.01,19,0,0,0.028,-0.013,-0.998,0.3,-0.6,0
85.3786587,163,0.01,19,0,0,0.028,-0.013,-0.998,0.3,-0.6,0
85.3886587,155,0.01,19,0,0,0.028,-0.013,-0.998,0.3,-0.6,0
85.4083804,161,-0.01,19,0,0,0.027,-0.012,-1.007,0.2,-0.6,0
85.4183804,153,-0.01,19,0,0,0.027,-0.012,-1.007,0.2,-0.6,0
85.4283804,156,-0.01,19,0,0,0.027,-0.012,-1.007,0.2,-0.6,0
85.4383804,146,-0.01,19,0,0,0.027,-0.012,-1.007,0.2,-0.6,0
85.4483804,153,-0.01,19,0,0,0.027,-0.012,-1.007,0.2,-0.6,0
85.4984422,161,-0.02,19,0,0,0.028,-0.021,-0.993,0.3,-0.6,0
85.5084422,151,-0.02,19,0,0,0.028,-0.021,-0.993,0.3,-0.6,0
85.5184422,170,-0.02,19,0,0,0.028,-0.021,-0.993,0.3,-0.6,0
85.5284422,152,-0.02,19,0,0,0.028,-0.021,-0.993,0.3,-0.6,0
85.5384422,144,-0.02,19,0,0,0.028,-0.021,-0.993,0.3,-0.6,0
85.5456635,144,0,19,0,0,0.027,-0.014,-1,0.2,-0.7,0
85.5556635,153,0,19,0,0,0.027,-0.014,-1,0.2,-0.7,0
85.5656635,164,0,19,0,0,0.027,-0.014,-1,0.2,-0.7,0
85.5756635,160,0,19,0,0,0.027,-0.014,-1,0.2,-0.7,0
85.5856635,151,0,19,0,0,0.027,-0.014,-1,0.2,-0.7,0
85.6754212,155,0,19,0,0,0.028,-0.019,-0.994,0.3,-0.4,0
85.6854212,164,0,19,0,0,0.028,-0.019,-0.994,0.3,-0.4,0
85.6954212,141,0,19,0,0,0.028,-0.019,-0.994,0.3,-0.4,0
85.7054212,161,0,19,0,0,0.028,-0.019,-0.994,0.3,-0.4,0
85.7154212,149,0,19,0,0,0.028,-0.019,-0.994,0.3,-0.4,0
85.6806454,160,0,19,0,0,0.027,-0.018,-1,0.3,-0.8,0
85.6906454,156,0,19,0,0,0.027,-0.018,-1,0.3,-0.8,0
85.7006454,148,0,19,0,0,0.027,-0.018,-1,0.3,-0.8,0
85.7106454,169,0,19,0,0,0.027,-0.018,-1,0.3,-0.8,0
85.7206454,154,0,19,0,0,0.027,-0.018,-1,0.3,-0.8,0
85.7076337,153,0.01,19,0,0,0.027,-0.015,-1,0.3,-0.6,0
85.7176337,158,0.01,19,0,0,0.027,-0.015,-1,0.3,-0.6,0
85.7276337,139,0.01,19,0,0,0.027,-0.015,-1,0.3,-0.6,0
85.7376337,157,0.01,19,0,0,0.027,-0.015,-1,0.3,-0.6,0
85.7476337,165,0.01,19,0,0,0.027,-0.015,-1,0.3,-0.6,0
85.807997,157,0.02,19,0,0,0.028,-0.019,-0.994,0.3,-0.7,0
85.817997,144,0.02,19,0,0,0.028,-0.019,-0.994,0.3,-0.7,0
85.827997,151,0.02,19,0,0,0.028,-0.019,-0.994,0.3,-0.7,0
85.837997,152,0.02,19,0,0,0.028,-0.019,-0.994,0.3,-0.7,0
85.847997,168,0.02,19,0,0,0.028,-0.019,-0.994,0.3,-0.7,0
85.866225,164,0.02,19,0,0,0.026,-0.016,-1.006,0.4,-0.6,0
85.876225,142,0.02,19,0,0,0.026,-0.016,-1.006,0.4,-0.6,0
85.886225,150,0.02,19,0,0,0.026,-0.016,-1.006,0.4,-0.6,0
85.896225,159,0.02,19,0,0,0.026,-0.016,-1.006,0.4,-0.6,0
85.906225,153,0.02,19,0,0,0.026,-0.016,-1.006,0.4,-0.6,0
85.9111515,156,0.01,19,0,0,0.027,-0.012,-1.002,0.2,-0.8,0
85.9211515,143,0.01,19,0,0,0.027,-0.012,-1.002,0.2,-0.8,0
85.9311515,161,0.01,19,0,0,0.027,-0.012,-1.002,0.2,-0.8,0
85.9411515,168,0.01,19,0,0,0.027,-0.012,-1.002,0.2,-0.8,0
85.9511515,152,0.01,19,0,0,0.027,-0.012,-1.002,0.2,-0.8,0
86.0081253,141,0,19,0,0,0.026,-0.019,-1.005,0.3,-0.7,0
86.0181253,158,0,19,0,0,0.026,-0.019,-1.005,0.3,-0.7,0
86.0281253,150,0,19,0,0,0.026,-0.019,-1.005,0.3,-0.7,0
86.0381253,156,0,19,0,0,0.026,-0.019,-1.005,0.3,-0.7,0
86.0481253,161,0,19,0,0,0.026,-0.019,-1.005,0.3,-0.7,0
86.0754959,146,0,19,0,0,0.026,-0.013,-1,0.3,-0.5,0
86.0854959,169,0,19,0,0,0.026,-0.013,-1,0.3,-0.5,0
86.0954959,155,0,19,0,0,0.026,-0.013,-1,0.3,-0.5,0
86.1054959,154,0,19,0,0,0.026,-0.013,-1,0.3,-0.5,0
86.1154959,158,0,19,0,0,0.026,-0.013,-1,0.3,-0.5,0
86.1639077,139,0,19,0,0,0.026,-0.014,-1.005,0.3,-0.5,0
86.1739077,157,0,19,0,0,0.026,-0.014,-1.005,0.3,-0.5,0
86.1839077,161,0,19,0,0,0.026,-0.014,-1.005,0.3,-0.5,0
86.1939077,156,0,19,0,0,0.026,-0.014,-1.005,0.3,-0.5,0
86.2039077,156,0,19,0,0,0.026,-0.014,-1.005,0.3,-0.5,0
86.2151075,153,0,19,0,0,0.027,-0.012,-1.002,0.3,-0.3,0
86.2251075,158,0,19,0,0,0.027,-0.012,-1.002,0.3,-0.3,0
86.2351075,145,0,19,0,0,0.027,-0.012,-1.002,0.3,-0.3,0
86.2451075,151,0,19,0,0,0.027,-0.012,-1.002,0.3,-0.3,0
86.2551075,163,0,19,0,0,0.027,-0.012,-1.002,0.3,-0.3,0
86.2642181,161,0,19,0,0,0.028,-0.018,-0.997,0.3,-0.8,0
86.2742181,167,0,19,0,0,0.028,-0.018,-0.997,0.3,-0.8,0
86.2842181,142,0,19,0,0,0.028,-0.018,-0.997,0.3,-0.8,0
86.2942181,145,0,19,0,0,0.028,-0.018,-0.997,0.3,-0.8,0
86.3042181,163,0,19,0,0,0.028,-0.018,-0.997,0.3,-0.8,0
86.2960478,154,0.01,19,0,0,0.028,-0.019,-0.998,0.4,-0.5,0
86.3060478,149,0.01,19,0,0,0.028,-0.019,-0.998,0.4,-0.5,0
86.3160478,156,0.01,19,0,0,0.028,-0.019,-0.998,0.4,-0.5,0
86.3260478,162,0.01,19,0,0,0.028,-0.019,-0.998,0.4,-0.5,0
86.3360478,158,0.01,19,0,0,0.028,-0.019,-0.998,0.4,-0.5,0
86.3917281,163,0.01,19,0,0,0.028,-0.015,-0.994,0.3,-0.6,0
86.4017281,138,0.01,19,0,0,0.028,-0.015,-0.994,0.3,-0.6,0
86.4117281,160,0.01,19,0,0,0.028,-0.015,-0.994,0.3,-0.6,0
86.4217281,150,0.01,19,0,0,0.028,-0.015,-0.994,0.3,-0.6,0
86.4317281,161,0.01,19,0,0,0.028,-0.015,-0.994,0.3,-0.6,0
86.4908005,155,0,19,0,0,0.026,-0.016,-1.007,0.3,-0.5,0
86.5008005,156,0,19,0,0,0.026,-0.016,-1.007,0.3,-0.5,0
86.5108005,159,0,19,0,0,0.026,-0.016,-1.007,0.3,-0.5,0
86.5208005,139,0,19,0,0,0.026,-0.016,-1.007,0.3,-0.5,0
86.5308005,155,0,19,0,0,0.026,-0.016,-1.007,0.3,-0.5,0
86.592247,155,-0.01,19,0,0,0.028,-0.015,-1.006,0.3,-0.4,0
86.602247,147,-0.01,19,0,0,0.028,-0.015,-1.006,0.3,-0.4,0
86.612247,160,-0.01,19,0,0,0.028,-0.015,-1.006,0.3,-0.4,0
86.622247,145,-0.01,19,0,0,0.028,-0.015,-1.006,0.3,-0.4,0
86.632247,152,-0.01,19,0,0,0.028,-0.015,-1.006,0.3,-0.4,0
86.681172,147,0,19,0,0,0.027,-0.018,-1,0.3,-0.4,0
86.691172,148,0,19,0,0,0.027,-0.018,-1,0.3,-0.4,0
86.701172,158,0,19,0,0,0.027,-0.018,-1,0.3,-0.4,0
86.711172,154,0,19,0,0,0.027,-0.018,-1,0.3,-0.4,0
86.721172,158,0,19,0,0,0.027,-0.018,-1,0.3,-0.4,0
86.8377857,167,-0.01,19,0,0,0.026,-0.016,-1.006,0.4,-0.6,0
86.8477857,163,-0.01,19,0,0,0.026,-0.016,-1.006,0.4,-0.6,0
86.8577857,136,-0.01,19,0,0,0.026,-0.016,-1.006,0.4,-0.6,0
86.8677857,158,-0.01,19,0,0,0.026,-0.016,-1.006,0.4,-0.6,0
86.8777857,154,-0.01,19,0,0,0.026,-0.016,-1.006,0.4,-0.6,0
86.8448998,156,0.01,19,0,0,0.027,-0.012,-1.001,0.3,-0.7,0
86.8548998,157,0.01,19,0,0,0.027,-0.012,-1.001,0.3,-0.7,0
86.8648998,157,0.01,19,0,0,0.027,-0.012,-1.001,0.3,-0.7,0
86.8748998,153,0.01,19,0,0,0.027,-0.012,-1.001,0.3,-0.7,0
86.8848998,153,0.01,19,0,0,0.027,-0.012,-1.001,0.3,-0.7,0
86.9889123,159,0.01,19,0,0,0.026,-0.015,-1,0.4,-0.6,0
86.9989123,143,0.01,19,0,0,0.026,-0.015,-1,0.4,-0.6,0
87.0089123,151,0.01,19,0,0,0.026,-0.015,-1,0.4,-0.6,0
87.0189123,169,0.01,19,0,0,0.026,-0.015,-1,0.4,-0.6,0
87.0289123,158,0.01,19,0,0,0.026,-0.015,-1,0.4,-0.6,0
87.0085093,161,0.01,19,0,0,0.026,-0.014,-1.005,0.3,-0.6,0
87.0185093,140,0.01,19,0,0,0.026,-0.014,-1.005,0.3,-0.6,0
87.0285093,150,0.01,19,0,0,0.026,-0.014,-1.005,0.3,-0.6,0
87.0385093,161,0.01,19,0,0,0.026,-0.014,-1.005,0.3,-0.6,0
87.0485093,152,0.01,19,0,0,0.026,-0.014,-1.005,0.3,-0.6,0
87.0917565,151,0,19,0,0,0.027,-0.02,-0.997,0.3,-0.7,0
87.1017565,152,0,19,0,0,0.027,-0.02,-0.997,0.3,-0.7,0
87.1117565,162,0,19,0,0,0.027,-0.02,-0.997,0.3,-0.7,0
87.1217565,161,0,19,0,0,0.027,-0.02,-0.997,0.3,-0.7,0
87.1317565,148,0,19,0,0,0.027,-0.02,-0.997,0.3,-0.7,0
87.175081,154,-0.01,19,0,0,0.026,-0.019,-1,0.3,-0.9,0
87.185081,167,-0.01,19,0,0,0.026,-0.019,-1,0.3,-0.9,0
87.195081,163,-0.01,19,0,0,0.026,-0.019,-1,0.3,-0.9,0
87.205081,140,-0.01,19,0,0,0.026,-0.019,-1,0.3,-0.9,0
87.215081,151,-0.01,19,0,0,0.026,-0.019,-1,0.3,-0.9,0
87.2056714,154,-0.01,19,0,0,0.028,-0.021,-0.996,0.3,-0.5,0
87.2156714,158,-0.01,19,0,0,0.028,-0.021,-0.996,0.3,-0.5,0
87.2256714,146,-0.01,19,0,0,0.028,-0.021,-0.996,0.3,-0.5,0
87.2356714,170,-0.01,19,0,0,0.028,-0.021,-0.996,0.3,-0.5,0
87.2456714,150,-0.01,19,0,0,0.028,-0.021,-0.996,0.3,-0.5,0
87.2490538,152,0,19,0,0,0.026,-0.012,-1.01,0.3,-0.8,0
87.2590538,162,0,19,0,0,0.026,-0.012,-1.01,0.3,-0.8,0
87.2690538,140,0,19,0,0,0.026,-0.012,-1.01,0.3,-0.8,0
87.2790538,154,0,19,0,0,0.026,-0.012,-1.01,0.3,-0.8,0
87.2890538,161,0,19,0,0,0.026,-0.012,-1.01,0.3,-0.8,0
87.3416976,152,0,19,0,0,0.026,-0.02,-1.002,0.3,-0.4,0
87.3516976,159,0,19,0,0,0.026,-0.02,-1.002,0.3,-0.4,0
87.3616976,143,0,19,0,0,0.026,-0.02,-1.002,0.3,-0.4,0
87.3716976,151,0,19,0,0,0.026,-0.02,-1.002,0.3,-0.4,0
87.3816976,171,0,19,0,0,0.026,-0.02,-1.002,0.3,-0.4,0
87.4720387,152,0,19,0,0,0.028,-0.02,-0.993,0.3,-0.7,0
87.4820387,160,0,19,0,0,0.028,-0.02,-0.993,0.3,-0.7,0
87.4920387,152,0,19,0,0,0.028,-0.02,-0.993,0.3,-0.7,0
87.5020387,158,0,19,0,0,0.028,-0.02,-0.993,0.3,-0.7,0
87.5120387,142,0,19,0,0,0.028,-0.02,-0.993,0.3,-0.7,0
87.5919358,151,-0.01,19,0,0,0.028,-0.02,-0.996,0.4,-0.4,0.1
87.6019358,154,-0.01,19,0,0,0.028,-0.02,-0.996,0.4,-0.4,0.1
87.6119358,162,-0.01,19,0,0,0.028,-0.02,-0.996,0.4,-0.4,0.1
87.6219358,146,-0.01,19,0,0,0.028,-0.02,-0.996,0.4,-0.4,0.1
87.6319358,169,-0.01,19,0,0,0.028,-0.02,-0.996,0.4,-0.4,0.1
87.6764593,149,0,19,0,0,0.03,-0.015,-0.994,0.2,-0.5,0
87.6864593,153,0,19,0,0,0.03,-0.015,-0.994,0.2,-0.5,0
87.6964593,152,0,19,0,0,0.03,-0.015,-0.994,0.2,-0.5,0
87.7064593,168,0,19,0,0,0.03,-0.015,-0.994,0.2,-0.5,0
87.7164593,162,0,19,0,0,0.03,-0.015,-0.994,0.2,-0.5,0
87.7948513,170,-0.02,19,0,0,0.027,-0.019,-0.996,0.3,-0.6,0
87.8048513,152,-0.02,19,0,0,0.027,-0.019,-0.996,0.3,-0.6,0
87.8148513,145,-0.02,19,0,0,0.027,-0.019,-0.996,0.3,-0.6,0
87.8248513,152,-0.02,19,0,0,0.027,-0.019,-0.996,0.3,-0.6,0
87.8348513,150,-0.02,19,0,0,0.027,-0.019,-0.996,0.3,-0.6,0
87.8318696,162,0,19,0,0,0.027,-0.013,-1.004,0.3,-0.4,0
87.8418696,167,0,19,0,0,0.027,-0.013,-1.004,0.3,-0.4,0
87.8518696,146,0,19,0,0,0.027,-0.013,-1.004,0.3,-0.4,0
87.8618696,150,0,19,0,0,0.027,-0.013,-1.004,0.3,-0.4,0
87.8718696,159,0,19,0,0,0.027,-0.013,-1.004,0.3,-0.4,0
87.9947585,166,0.01,19,0,0,0.028,-0.02,-0.997,0.3,-0.4,0
88.0047585,162,0.01,19,0,0,0.028,-0.02,-0.997,0.3,-0.4,0
88.0147585,141,0.01,19,0,0,0.028,-0.02,-0.997,0.3,-0.4,0
88.0247585,151,0.01,19,0,0,0.028,-0.02,-0.997,0.3,-0.4,0
88.0347585,155,0.01,19,0,0,0.028,-0.02,-0.997,0.3,-0.4,0
88.014993,162,0.01,19,0,0,0.028,-0.013,-0.998,0.3,-0.5,0
88.024993,139,0.01,19,0,0,0.028,-0.013,-0.998,0.3,-0.5,0
88.034993,154,0.01,19,0,0,0.028,-0.013,-0.998,0.3,-0.5,0
88.044993,161,0.01,19,0,0,0.028,-0.013,-0.998,0.3,-0.5,0
88.054993,160,0.01,19,0,0,0.028,-0.013,-0.998,0.3,-0.5,0
88.1419442,159,0,19,0,0,0.026,-0.018,-1,0.3,-0.8,0
88.1519442,143,0,19,0,0,0.026,-0.018,-1,0.3,-0.8,0
88.1619442,151,0,19,0,0,0.026,-0.018,-1,0.3,-0.8,0
88.1719442,173,0,19,0,0,0.026,-0.018,-1,0.3,-0.8,0
88.1819442,158,0,19,0,0,0.026,-0.018,-1,0.3,-0.8,0
88.1570188,156,0,19,0,0,0.026,-0.012,-1.005,0.3,-0.4,0
88.1670188,142,0,19,0,0,0.026,-0.012,-1.005,0.3,-0.4,0
88.1770188,150,0,19,0,0,0.026,-0.012,-1.005,0.3,-0.4,0
88.1870188,161,0,19,0,0,0.026,-0.012,-1.005,0.3,-0.4,0
88.1970188,158,0,19,0,0,0.026,-0.012,-1.005,0.3,-0.4,0
88.2296382,142,0,19,0,0,0.028,-0.017,-1,0.3,-0.7,0
88.2396382,158,0,19,0,0,0.028,-0.017,-1,0.3,-0.7,0
88.2496382,162,0,19,0,0,0.028,-0.017,-1,0.3,-0.7,0
88.2596382,154,0,19,0,0,0.028,-0.017,-1,0.3,-0.7,0
88.2696382,151,0,19,0,0,0.028,-0.017,-1,0.3,-0.7,0
88.3367349,136,0,19,0,0,0.025,-0.014,-1.01,0.3,-0.7,0.1
88.3467349,160,0,19,0,0,0.025,-0.014,-1.01,0.3,-0.7,0.1
88.3567349,154,0,19,0,0,0.025,-0.014,-1.01,0.3,-0.7,0.1
88.3667349,156,0,19,0,0,0.025,-0.014,-1.01,0.3,-0.7,0.1
88.3767349,155,0,19,0,0,0.025,-0.014,-1.01,0.3,-0.7,0.1
88.3826613,160,0,19,0,0,0.029,-0.012,-0.996,0.3,-0.4,0
88.3926613,153,0,19,0,0,0.029,-0.012,-0.996,0.3,-0.4,0
88.4026613,152,0,19,0,0,0.029,-0.012,-0.996,0.3,-0.4,0
88.4126613,154,0,19,0,0,0.029,-0.012,-0.996,0.3,-0.4,0
88.4226613,157,0,19,0,0,0.029,-0.012,-0.996,0.3,-0.4,0
88.5452346,153,0,19,0,0,0.025,-0.011,-1.006,0.3,-0.4,0
88.5552346,162,0,19,0,0,0.025,-0.011,-1.006,0.3,-0.4,0
88.5652346,159,0,19,0,0,0.025,-0.011,-1.006,0.3,-0.4,0
88.5752346,168,0,19,0,0,0.025,-0.011,-1.006,0.3,-0.4,0
88.5852346,144,0,19,0,0,0.025,-0.011,-1.006,0.3,-0.4,0
88.5920434,156,0.01,19,0,0,0.026,-0.014,-1.002,0.4,-0.6,0
88.6020434,144,0.01,19,0,0,0.026,-0.014,-1.002,0.4,-0.6,0
88.6120434,161,0.01,19,0,0,0.026,-0.014,-1.002,0.4,-0.6,0
88.6220434,164,0.01,19,0,0,0.026,-0.014,-1.002,0.4,-0.6,0
88.6320434,155,0.01,19,0,0,0.026,-0.014,-1.002,0.4,-0.6,0
88.6746169,143,-0.01,19,0,0,0.025,-0.009,-1.012,0.3,-0.7,0
88.6846169,170,-0.01,19,0,0,0.025,-0.009,-1.012,0.3,-0.7,0
88.6946169,163,-0.01,19,0,0,0.025,-0.009,-1.012,0.3,-0.7,0
88.7046169,138,-0.01,19,0,0,0.025,-0.009,-1.012,0.3,-0.7,0
88.7146169,159,-0.01,19,0,0,0.025,-0.009,-1.012,0.3,-0.7,0
88.7139861,159,-0.01,19,0,0,0.027,-0.016,-0.996,0.3,-0.6,0
88.7239861,157,-0.01,19,0,0,0.027,-0.016,-0.996,0.3,-0.6,0
88.7339861,156,-0.01,19,0,0,0.027,-0.016,-0.996,0.3,-0.6,0
88.7439861,149,-0.01,19,0,0,0.027,-0.016,-0.996,0.3,-0.6,0
88.7539861,170,-0.01,19,0,0,0.027,-0.016,-0.996,0.3,-0.6,0
88.7913885,146,-0.01,19,0,0,0.026,-0.02,-1.004,0.3,-0.4,0
88.8013885,155,-0.01,19,0,0,0.026,-0.02,-1.004,0.3,-0.4,0
88.8113885,158,-0.01,19,0,0,0.026,-0.02,-1.004,0.3,-0.4,0
88.8213885,140,-0.01,19,0,0,0.026,-0.02,-1.004,0.3,-0.4,0
88.8313885,157,-0.01,19,0,0,0.026,-0.02,-1.004,0.3,-0.4,0
88.8758019,159,-0.01,19,0,0,0.026,-0.015,-1,0.3,-0.3,0
88.8858019,158,-0.01,19,0,0,0.026,-0.015,-1,0.3,-0.3,0
88.8958019,149,-0.01,19,0,0,0.026,-0.015,-1,0.3,-0.3,0
88.9058019,156,-0.01,19,0,0,0.026,-0.015,-1,0.3,-0.3,0
88.9158019,158,-0.01,19,0,0,0.026,-0.015,-1,0.3,-0.3,0
88.9889734,154,0,19,0,0,0.027,-0.017,-1,0.3,-0.6,0
88.9989734,168,0,19,0,0,0.027,-0.017,-1,0.3,-0.6,0
89.0089734,143,0,19,0,0,0.027,-0.017,-1,0.3,-0.6,0
89.0189734,146,0,19,0,0,0.027,-0.017,-1,0.3,-0.6,0
89.0289734,161,0,19,0,0,0.027,-0.017,-1,0.3,-0.6,0
89.1354305,169,0.02,19,0,0,0.029,-0.017,-0.993,0.2,-0.6,0
89.1454305,141,0.02,19,0,0,0.029,-0.017,-0.993,0.2,-0.6,0
89.1554305,160,0.02,19,0,0,0.029,-0.017,-0.993,0.2,-0.6,0
89.1654305,151,0.02,19,0,0,0.029,-0.017,-0.993,0.2,-0.6,0
89.1754305,159,0.02,19,0,0,0.029,-0.017,-0.993,0.2,-0.6,0
89.1576492,151,-0.01,19,0,0,0.027,-0.011,-1.001,0.3,-0.8,0
89.1676492,152,-0.01,19,0,0,0.027,-0.011,-1.001,0.3,-0.8,0
89.1776492,154,-0.01,19,0,0,0.027,-0.011,-1.001,0.3,-0.8,0
89.1876492,155,-0.01,19,0,0,0.027,-0.011,-1.001,0.3,-0.8,0
89.1976492,153,-0.01,19,0,0,0.027,-0.011,-1.001,0.3,-0.8,0
89.2858161,158,0,19,0,0,0.026,-0.02,-1,0.3,-0.7,0
89.2958161,147,0,19,0,0,0.026,-0.02,-1,0.3,-0.7,0
89.3058161,152,0,19,0,0,0.026,-0.02,-1,0.3,-0.7,0
89.3158161,168,0,19,0,0,0.026,-0.02,-1,0.3,-0.7,0
89.3258161,165,0,19,0,0,0.026,-0.02,-1,0.3,-0.7,0
89.3676693,163,-0.01,19,0,0,0.027,-0.02,-1.002,0.3,-0.4,0.1
89.3776693,153,-0.01,19,0,0,0.027,-0.02,-1.002,0.3,-0.4,0.1
89.3876693,158,-0.01,19,0,0,0.027,-0.02,-1.002,0.3,-0.4,0.1
89.3976693,145,-0.01,19,0,0,0.027,-0.02,-1.002,0.3,-0.4,0.1
89.4076693,162,-0.01,19,0,0,0.027,-0.02,-1.002,0.3,-0.4,0.1
89.4732769,164,0,19,0,0,0.026,-0.014,-1.004,0.3,-0.2,0
89.4832769,163,0,19,0,0,0.026,-0.014,-1.004,0.3,-0.2,0
89.4932769,139,0,19,0,0,0.026,-0.014,-1.004,0.3,-0.2,0
89.5032769,158,0,19,0,0,0.026,-0.014,-1.004,0.3,-0.2,0
89.5132769,154,0,19,0,0,0.026,-0.014,-1.004,0.3,-0.2,0
89.570728,151,0,19,0,0,0.027,-0.02,-0.995,0.3,-0.4,0
89.580728,160,0,19,0,0,0.027,-0.02,-0.995,0.3,-0.4,0
89.590728,144,0,19,0,0,0.027,-0.02,-0.995,0.3,-0.4,0
89.600728,152,0,19,0,0,0.027,-0.02,-0.995,0.3,-0.4,0
89.610728,165,0,19,0,0,0.027,-0.02,-0.995,0.3,-0.4,0
89.6412724,160,0.01,19,0,0,0.027,-0.013,-0.999,0.4,-0.6,0
89.6512724,144,0.01,19,0,0,0.027,-0.013,-0.999,0.4,-0.6,0
89.6612724,151,0.01,19,0,0,0.027,-0.013,-0.999,0.4,-0.6,0
89.6712724,159,0.01,19,0,0,0.027,-0.013,-0.999,0.4,-0.6,0
89.6812724,166,0.01,19,0,0,0.027,-0.013,-0.999,0.4,-0.6,0
89.7725829,156,0,19,0,0,0.029,-0.02,-1,0.4,-0.8,0
89.7825829,143,0,19,0,0,0.029,-0.02,-1,0.4,-0.8,0
89.7925829,161,0,19,0,0,0.029,-0.02,-1,0.4,-0.8,0
89.8025829,168,0,19,0,0,0.029,-0.02,-1,0.4,-0.8,0
89.8125829,153,0,19,0,0,0.029,-0.02,-1,0.4,-0.8,0
89.8421813,137,0,19,0,0,0.029,-0.014,-1.001,0.3,-0.5,0
89.8521813,159,0,19,0,0,0.029,-0.014,-1.001,0.3,-0.5,0
89.8621813,149,0,19,0,0,0.029,-0.014,-1.001,0.3,-0.5,0
89.8721813,161,0,19,0,0,0.029,-0.014,-1.001,0.3,-0.5,0
89.8821813,157,0,19,0,0,0.029,-0.014,-1.001,0.3,-0.5,0
89.9720024,141,0,19,0,0,0.028,-0.019,-0.997,0.2,-0.8,-15.6
89.9820024,157,0,19,0,0,0.028,-0.019,-0.997,0.2,-0.8,-15.6
89.9920024,162,0,19,0,0,0.028,-0.019,-0.997,0.2,-0.8,-15.6
90.0020024,160,0,19,0,0,0.028,-0.019,-0.997,0.2,-0.8,-15.6
90.0120024,159,0,19,0,0,0.028,-0.019,-0.997,0.2,-0.8,-15.6
90.0705196,157,0.01,19,0,0,0.027,-0.02,-1.002,0.3,-0.5,0
90.0805196,161,0.01,19,0,0,0.027,-0.02,-1.002,0.3,-0.5,0
90.0905196,163,0.01,19,0,0,0.027,-0.02,-1.002,0.3,-0.5,0
90.1005196,154,0.01,19,0,0,0.027,-0.02,-1.002,0.3,-0.5,0
90.1105196,144,0.01,19,0,0,0.027,-0.02,-1.002,0.3,-0.5,0
90.1587661,159,0.01,19,0,0,0.027,-0.018,-0.995,0.3,-0.4,0
90.1687661,167,0.01,19,0,0,0.027,-0.018,-0.995,0.3,-0.4,0
90.1787661,136,0.01,19,0,0,0.027,-0.018,-0.995,0.3,-0.4,0
90.1887661,150,0.01,19,0,0,0.027,-0.018,-0.995,0.3,-0.4,0
90.1987661,161,0.01,19,0,0,0.027,-0.018,-0.995,0.3,-0.4,0
90.2899462,162,0,19,0,0,0.027,-0.015,-1,0.4,-0.5,0
90.2999462,137,0,19,0,0,0.027,-0.015,-1,0.4,-0.5,0
90.3099462,160,0,19,0,0,0.027,-0.015,-1,0.4,-0.5,0
90.3199462,154,0,19,0,0,0.027,-0.015,-1,0.4,-0.5,0
90.3299462,157,0,19,0,0,0.027,-0.015,-1,0.4,-0.5,0
90.3443863,150,0,19,0,0,0.028,-0.02,-0.995,0.2,-0.6,0
90.3543863,152,0,19,0,0,0.028,-0.02,-0.995,0.2,-0.6,0
90.3643863,163,0,19,0,0,0.028,-0.02,-0.995,0.2,-0.6,0
90.3743863,148,0,19,0,0,0.028,-0.02,-0.995,0.2,-0.6,0
90.3843863,153,0,19,0,0,0.028,-0.02,-0.995,0.2,-0.6,0
90.4421409,146,0,19,0,0,0.027,-0.012,-1,0.3,-0.7,0
90.4521409,154,0,19,0,0,0.027,-0.012,-1,0.3,-0.7,0
90.4621409,152,0,19,0,0,0.027,-0.012,-1,0.3,-0.7,0
90.4721409,159,0,19,0,0,0.027,-0.012,-1,0.3,-0.7,0
90.4821409,170,0,19,0,0,0.027,-0.012,-1,0.3,-0.7,0
90.4877963,152,0,19,0,0,0.028,-0.016,-0.998,0.3,-0.4,0
90.4977963,152,0,19,0,0,0.028,-0.016,-0.998,0.3,-0.4,0
90.5077963,155,0,19,0,0,0.028,-0.016,-0.998,0.3,-0.4,0
90.5177963,154,0,19,0,0,0.028,-0.016,-0.998,0.3,-0.4,0
90.5277963,158,0,19,0,0,0.028,-0.016,-0.998,0.3,-0.4,0
90.6392434,165,0,19,0,0,0.026,-0.02,-1.003,0.3,-0.5,0
90.6492434,163,0,19,0,0,0.026,-0.02,-1.003,0.3,-0.5,0
90.6592434,135,0,19,0,0,0.026,-0.02,-1.003,0.3,-0.5,0
90.6692434,158,0,19,0,0,0.026,-0.02,-1.003,0.3,-0.5,0
90.6792434,156,0,19,0,0,0.026,-0.02,-1.003,0.3,-0.5,0
90.6605849,156,0.01,19,0,0,0.027,-0.017,-0.998,0.3,-0.7,0
90.6705849,157,0.01,19,0,0,0.027,-0.017,-0.998,0.3,-0.7,0
90.6805849,159,0.01,19,0,0,0.027,-0.017,-0.998,0.3,-0.7,0
90.6905849,157,0.01,19,0,0,0.027,-0.017,-0.998,0.3,-0.7,0
90.7005849,156,0.01,19,0,0,0.027,-0.017,-0.998,0.3,-0.7,0
90.6986258,157,0.01,19,0,0,0.028,-0.016,-0.995,0.3,-0.6,0.1
90.7086258,142,0.01,19,0,0,0.028,-0.016,-0.995,0.3,-0.6,0.1
90.7186258,155,0.01,19,0,0,0.028,-0.016,-0.995,0.3,-0.6,0.1
90.7286258,152,0.01,19,0,0,0.028,-0.016,-0.995,0.3,-0.6,0.1
90.7386258,168,0.01,19,0,0,0.028,-0.016,-0.995,0.3,-0.6,0.1
90.7909894,161,0.01,19,0,0,0.029,-0.02,-0.994,0.4,-0.5,0
90.8009894,142,0.01,19,0,0,0.029,-0.02,-0.994,0.4,-0.5,0
90.8109894,151,0.01,19,0,0,0.029,-0.02,-0.994,0.4,-0.5,0
90.8209894,170,0.01,19,0,0,0.029,-0.02,-0.994,0.4,-0.5,0
90.8309894,158,0.01,19,0,0,0.029,-0.02,-0.994,0.4,-0.5,0
90.8739039,160,0,19,0,0,0.026,-0.014,-1.007,0.3,-0.7,0
90.8839039,142,0,19,0,0,0.026,-0.014,-1.007,0.3,-0.7,0
90.8939039,148,0,19,0,0,0.026,-0.014,-1.007,0.3,-0.7,0
90.9039039,161,0,19,0,0,0.026,-0.014,-1.007,0.3,-0.7,0
90.9139039,153,0,19,0,0,0.026,-0.014,-1.007,0.3,-0.7,0
90.9896083,138,0,19,0,0,0.027,-0.015,-1,0.3,-0.9,0
90.9996083,159,0,19,0,0,0.027,-0.015,-1,0.3,-0.9,0
91.0096083,161,0,19,0,0,0.027,-0.015,-1,0.3,-0.9,0
91.0196083,154,0,19,0,0,0.027,-0.015,-1,0.3,-0.9,0
91.0296083,155,0,19,0,0,0.027,-0.015,-1,0.3,-0.9,0
91.1216756,144,0,19,0,0,0.027,-0.016,-0.999,0.2,-0.9,0
91.1316756,154,0,19,0,0,0.027,-0.016,-0.999,0.2,-0.9,0
91.1416756,165,0,19,0,0,0.027,-0.016,-0.999,0.2,-0.9,0
91.1516756,160,0,19,0,0,0.027,-0.016,-0.999,0.2,-0.9,0
91.1616756,147,0,19,0,0,0.027,-0.016,-0.999,0.2,-0.9,0
91.2237072,159,0,19,0,0,0.027,-0.015,-1.001,0.3,-0.3,0
91.2337072,167,0,19,0,0,0.027,-0.015,-1.001,0.3,-0.3,0
91.2437072,153,0,19,0,0,0.027,-0.015,-1.001,0.3,-0.3,0
91.2537072,156,0,19,0,0,0.027,-0.015,-1.001,0.3,-0.3,0
91.2637072,144,0,19,0,0,0.027,-0.015,-1.001,0.3,-0.3,0
91.2612416,166,0.02,19,0,0,0.027,-0.015,-1,0.3,-0.5,0
91.2712416,147,0.02,19,0,0,0.027,-0.015,-1,0.3,-0.5,0
91.2812416,150,0.02,19,0,0,0.027,-0.015,-1,0.3,-0.5,0
91.2912416,150,0.02,19,0,0,0.027,-0.015,-1,0.3,-0.5,0
91.3012416,163,0.02,19,0,0,0.027,-0.015,-1,0.3,-0.5,0
91.450551,149,-0.01,19,0,0,0.026,-0.009,-1.003,0.3,-0.3,0
91.460551,157,-0.01,19,0,0,0.026,-0.009,-1.003,0.3,-0.3,0
91.470551,162,-0.01,19,0,0,0.026,-0.009,-1.003,0.3,-0.3,0
91.480551,146,-0.01,19,0,0,0.026,-0.009,-1.003,0.3,-0.3,0
91.490551,169,-0.01,19,0,0,0.026,-0.009,-1.003,0.3,-0.3,0
91.4621524,155,-0.01,19,0,0,0.027,-0.019,-0.998,0.2,-0.8,0
91.4721524,153,-0.01,19,0,0,0.027,-0.019,-0.998,0.2,-0.8,0
91.4821524,158,-0.01,19,0,0,0.027,-0.019,-0.998,0.2,-0.8,0
91.4921524,139,-0.01,19,0,0,0.027,-0.019,-0.998,0.2,-0.8,0
91.5021524,157,-0.01,19,0,0,0.027,-0.019,-0.998,0.2,-0.8,0
91.5086088,164,-0.02,19,0,0,0.028,-0.021,-1,0.3,-0.5,0
91.5186088,154,-0.02,19,0,0,0.028,-0.021,-1,0.3,-0.5,0
91.5286088,157,-0.02,19,0,0,0.028,-0.021,-1,0.3,-0.5,0
91.5386088,153,-0.02,19,0,0,0.028,-0.021,-1,0.3,-0.5,0
91.5486088,158,-0.02,19,0,0,0.028,-0.021,-1,0.3,-0.5,0
91.6221404,170,-0.01,19,0,0,0.026,-0.018,-0.999,0.3,-0.9,0
91.6321404,163,-0.01,19,0,0,0.026,-0.018,-0.999,0.3,-0.9,0
91.6421404,148,-0.01,19,0,0,0.026,-0.018,-0.999,0.3,-0.9,0
91.6521404,148,-0.01,19,0,0,0.026,-0.018,-0.999,0.3,-0.9,0
91.6621404,149,-0.01,19,0,0,0.026,-0.018,-0.999,0.3,-0.9,0
91.708941,153,0,19,0,0,0.027,-0.012,-1.006,0.3,-0.6,0.1
91.718941,153,0,19,0,0,0.027,-0.012,-1.006,0.3,-0.6,0.1
91.728941,145,0,19,0,0,0.027,-0.012,-1.006,0.3,-0.6,0.1
91.738941,153,0,19,0,0,0.027,-0.012,-1.006,0.3,-0.6,0.1
91.748941,158,0,19,0,0,0.027,-0.012,-1.006,0.3,-0.6,0.1
91.7542376,159,0,19,0,0,0.025,-0.013,-1.004,0.3,-0.4,0
91.7642376,161,0,19,0,0,0.025,-0.013,-1.004,0.3,-0.4,0
91.7742376,154,0,19,0,0,0.025,-0.013,-1.004,0.3,-0.4,0
91.7842376,156,0,19,0,0,0.025,-0.013,-1.004,0.3,-0.4,0
91.7942376,151,0,19,0,0,0.025,-0.013,-1.004,0.3,-0.4,0
91.8084965,162,0,19,0,0,0.028,-0.014,-1,0.3,-0.8,0
91.8184965,153,0,19,0,0,0.028,-0.014,-1,0.3,-0.8,0
91.8284965,154,0,19,0,0,0.028,-0.014,-1,0.3,-0.8,0
91.8384965,167,0,19,0,0,0.028,-0.014,-1,0.3,-0.8,0
91.8484965,141,0,19,0,0,0.028,-0.014,-1,0.3,-0.8,0
91.921164,157,0,19,0,0,0.026,-0.012,-1.007,0.3,-0.8,0
91.931164,150,0,19,0,0,0.026,-0.012,-1.007,0.3,-0.8,0
91.941164,164,0,19,0,0,0.026,-0.012,-1.007,0.3,-0.8,0
91.951164,153,0,19,0,0,0.026,-0.012,-1.007,0.3,-0.8,0
91.961164,148,0,19,0,0,0.026,-0.012,-1.007,0.3,-0.8,0
91.9346754,159,0,19,0,0,0.028,-0.017,-0.992,0.3,-0.6,0
91.9446754,144,0,19,0,0,0.028,-0.017,-0.992,0.3,-0.6,0
91.9546754,153,0,19,0,0,0.028,-0.017,-0.992,0.3,-0.6,0
91.9646754,165,0,19,0,0,0.028,-0.017,-0.992,0.3,-0.6,0
91.9746754,159,0,19,0,0,0.028,-0.017,-0.992,0.3,-0.6,0
92.0232214,156,0,19,0,0,0.028,-0.014,-1.001,0.4,-0.4,0
92.0332214,148,0,19,0,0,0.028,-0.014,-1.001,0.4,-0.4,0
92.0432214,149,0,19,0,0,0.028,-0.014,-1.001,0.4,-0.4,0
92.0532214,163,0,19,0,0,0.028,-0.014,-1.001,0.4,-0.4,0
92.0632214,159,0,19,0,0,0.028,-0.014,-1.001,0.4,-0.4,0
92.1688376,132,0,19,0,0,0.028,-0.018,-1.001,0.3,-0.9,0
92.1788376,158,0,19,0,0,0.028,-0.018,-1.001,0.3,-0.9,0
92.1888376,154,0,19,0,0,0.028,-0.018,-1.001,0.3,-0.9,0
92.1988376,157,0,19,0,0,0.028,-0.018,-1.001,0.3,-0.9,0
92.2088376,157,0,19,0,0,0.028,-0.018,-1.001,0.3,-0.9,0
92.1795004,159,0,19,0,0,0.028,-0.016,-1,0.4,-0.4,0
92.1895004,155,0,19,0,0,0.028,-0.016,-1,0.4,-0.4,0
92.1995004,158,0,19,0,0,0.028,-0.016,-1,0.4,-0.4,0
92.2095004,152,0,19,0,0,0.028,-0.016,-1,0.4,-0.4,0
92.2195004,147,0,19,0,0,0.028,-0.016,-1,0.4,-0.4,0
92.2677077,155,0.01,19,0,0,0.029,-0.02,-0.997,0.3,-0.4,0
92.2777077,152,0.01,19,0,0,0.029,-0.02,-0.997,0.3,-0.4,0
92.2877077,168,0.01,19,0,0,0.029,-0.02,-0.997,0.3,-0.4,0
92.2977077,164,0.01,19,0,0,0.029,-0.02,-0.997,0.3,-0.4,0
92.3077077,147,0.01,19,0,0,0.029,-0.02,-0.997,0.3,-0.4,0
92.3713533,158,0,19,0,0,0.027,-0.012,-1.002,0.3,-0.4,0
92.3813533,170,0,19,0,0,0.027,-0.012,-1.002,0.3,-0.4,0
92.3913533,149,0,19,0,0,0.027,-0.012,-1.002,0.3,-0.4,0
92.4013533,155,0,19,0,0,0.027,-0.012,-1.002,0.3,-0.4,0
92.4113533,150,0,19,0,0,0.027,-0.012,-1.002,0.3,-0.4,0
92.4640518,150,-0.01,19,0,0,0.028,-0.02,-0.995,0.3,-0.6,0
92.4740518,161,-0.01,19,0,0,0.028,-0.02,-0.995,0.3,-0.6,0
92.4840518,156,-0.01,19,0,0,0.028,-0.02,-0.995,0.3,-0.6,0
92.4940518,145,-0.01,19,0,0,0.028,-0.02,-0.995,0.3,-0.6,0
92.5040518,167,-0.01,19,0,0,0.028,-0.02,-0.995,0.3,-0.6,0
92.612274,154,-0.01,19,0,0,0.027,-0.014,-1.002,0.3,-0.4,0
92.622274,156,-0.01,19,0,0,0.027,-0.014,-1.002,0.3,-0.4,0
92.632274,155,-0.01,19,0,0,0.027,-0.014,-1.002,0.3,-0.4,0
92.642274,151,-0.01,19,0,0,0.027,-0.014,-1.002,0.3,-0.4,0
92.652274,161,-0.01,19,0,0,0.027,-0.014,-1.002,0.3,-0.4,0
92.6192962,154,-0.01,19,0,0,0.026,-0.015,-1.008,0.3,-0.6,0
92.6292962,152,-0.01,19,0,0,0.026,-0.015,-1.008,0.3,-0.6,0
92.6392962,169,-0.01,19,0,0,0.026,-0.015,-1.008,0.3,-0.6,0
92.6492962,140,-0.01,19,0,0,0.026,-0.015,-1.008,0.3,-0.6,0
92.6592962,150,-0.01,19,0,0,0.026,-0.015,-1.008,0.3,-0.6,0
92.7827822,158,0,19,0,0,0.027,-0.014,-1,0.3,-0.7,0
92.7927822,155,0,19,0,0,0.027,-0.014,-1,0.3,-0.7,0
92.8027822,147,0,19,0,0,0.027,-0.014,-1,0.3,-0.7,0
92.8127822,156,0,19,0,0,0.027,-0.014,-1,0.3,-0.7,0
92.8227822,159,0,19,0,0,0.027,-0.014,-1,0.3,-0.7,0
92.8741588,153,0.01,19,0,0,0.027,-0.017,-1.003,0.3,-0.5,0
92.8841588,148,0.01,19,0,0,0.027,-0.017,-1.003,0.3,-0.5,0
92.8941588,162,0.01,19,0,0,0.027,-0.017,-1.003,0.3,-0.5,0
92.9041588,153,0.01,19,0,0,0.027,-0.017,-1.003,0.3,-0.5,0
92.9141588,159,0.01,19,0,0,0.027,-0.017,-1.003,0.3,-0.5,0
92.9558346,157,0.01,19,0,0,0.027,-0.016,-1.004,0.3,-0.4,0.1
92.9658346,148,0.01,19,0,0,0.027,-0.016,-1.004,0.3,-0.4,0.1
92.9758346,169,0.01,19,0,0,0.027,-0.016,-1.004,0.3,-0.4,0.1
92.9858346,154,0.01,19,0,0,0.027,-0.016,-1.004,0.3,-0.4,0.1
92.9958346,151,0.01,19,0,0,0.027,-0.016,-1.004,0.3,-0.4,0.1
93.0403167,159,0,19,0,0,0.028,-0.019,-1,0.3,-0.8,0
93.0503167,151,0,19,0,0,0.028,-0.019,-1,0.3,-0.8,0
93.0603167,147,0,19,0,0,0.028,-0.019,-1,0.3,-0.8,0
93.0703167,160,0,19,0,0,0.028,-0.019,-1,0.3,-0.8,0
93.0803167,152,0,19,0,0,0.028,-0.019,-1,0.3,-0.8,0
93.1697016,145,0,19,0,0,0.027,-0.013,-1.005,0.3,-0.7,0
93.1797016,154,0,19,0,0,0.027,-0.013,-1.005,0.3,-0.7,0
93.1897016,151,0,19,0,0,0.027,-0.013,-1.005,0.3,-0.7,0
93.1997016,162,0,19,0,0,0.027,-0.013,-1.005,0.3,-0.7,0
93.2097016,167,0,19,0,0,0.027,-0.013,-1.005,0.3,-0.7,0
93.1830105,146,0,19,0,0,0.029,-0.019,-0.994,0.2,-0.7,0
93.1930105,150,0,19,0,0,0.029,-0.019,-0.994,0.2,-0.7,0
93.2030105,158,0,19,0,0,0.029,-0.019,-0.994,0.2,-0.7,0
93.2130105,153,0,19,0,0,0.029,-0.019,-0.994,0.2,-0.7,0
93.2230105,156,0,19,0,0,0.029,-0.019,-0.994,0.2,-0.7,0
93.2615003,144,0,19,0,0,0.027,-0.011,-1,0.4,-0.3,0
93.2715003,160,0,19,0,0,0.027,-0.011,-1,0.4,-0.3,0
93.2815003,163,0,19,0,0,0.027,-0.011,-1,0.4,-0.3,0
93.2915003,166,0,19,0,0,0.027,-0.011,-1,0.4,-0.3,0
93.3015003,152,0,19,0,0,0.027,-0.011,-1,0.4,-0.3,0
93.3579915,169,0,19,0,0,0.029,-0.02,-0.994,0.3,-0.7,0
93.3679915,156,0,19,0,0,0.029,-0.02,-0.994,0.3,-0.7,0
93.3779915,154,0,19,0,0,0.029,-0.02,-0.994,0.3,-0.7,0
93.3879915,158,0,19,0,0,0.029,-0.02,-0.994,0.3,-0.7,0
93.3979915,140,0,19,0,0,0.029,-0.02,-0.994,0.3,-0.7,0
93.4096825,156,0,19,0,0,0.027,-0.015,-1.007,0.4,-0.5,0
93.4196825,162,0,19,0,0,0.027,-0.015,-1.007,0.4,-0.5,0
93.4296825,160,0,19,0,0,0.027,-0.015,-1.007,0.4,-0.5,0
93.4396825,167,0,19,0,0,0.027,-0.015,-1.007,0.4,-0.5,0
93.4496825,152,0,19,0,0,0.027,-0.015,-1.007,0.4,-0.5,0
93.6111523,149,-0.01,19,0,0,0.025,-0.016,-1.009,0.3,-0.9,0
93.6211523,161,-0.01,19,0,0,0.025,-0.016,-1.009,0.3,-0.9,0
93.6311523,167,-0.01,19,0,0,0.025,-0.016,-1.009,0.3,-0.9,0
93.6411523,147,-0.01,19,0,0,0.025,-0.016,-1.009,0.3,-0.9,0
93.6511523,148,-0.01,19,0,0,0.025,-0.016,-1.009,0.3,-0.9,0
93.6370718,156,0,19,0,0,0.027,-0.02,-1.005,0.4,-0.6,0
93.6470718,153,0,19,0,0,0.027,-0.02,-1.005,0.4,-0.6,0
93.6570718,153,0,19,0,0,0.027,-0.02,-1.005,0.4,-0.6,0
93.6670718,161,0,19,0,0,0.027,-0.02,-1.005,0.4,-0.6,0
93.6770718,168,0,19,0,0,0.027,-0.02,-1.005,0.4,-0.6,0
93.7720412,157,-0.01,19,0,0,0.026,-0.015,-1.006,0.4,-0.3,0
93.7820412,159,-0.01,19,0,0,0.026,-0.015,-1.006,0.4,-0.3,0
93.7920412,139,-0.01,19,0,0,0.026,-0.015,-1.006,0.4,-0.3,0
93.8020412,155,-0.01,19,0,0,0.026,-0.015,-1.006,0.4,-0.3,0
93.8120412,154,-0.01,19,0,0,0.026,-0.015,-1.006,0.4,-0.3,0
93.8645382,151,0,19,0,0,0.028,-0.02,-1,0.3,-0.5,0
93.8745382,149,0,19,0,0,0.028,-0.02,-1,0.3,-0.5,0
93.8845382,159,0,19,0,0,0.028,-0.02,-1,0.3,-0.5,0
93.8945382,152,0,19,0,0,0.028,-0.02,-1,0.3,-0.5,0
93.9045382,151,0,19,0,0,0.028,-0.02,-1,0.3,-0.5,0
93.937811,153,0,19,0,0,0.029,-0.018,-0.992,0.2,-0.6,0
93.947811,159,0,19,0,0,0.029,-0.018,-0.992,0.2,-0.6,0
93.957811,154,0,19,0,0,0.029,-0.018,-0.992,0.2,-0.6,0
93.967811,168,0,19,0,0,0.029,-0.018,-0.992,0.2,-0.6,0
93.977811,143,0,19,0,0,0.029,-0.018,-0.992,0.2,-0.6,0
94.0193028,156,0.02,19,0,0,0.027,-0.02,-1.003,0.3,-0.7,0
94.0293028,145,0.02,19,0,0,0.027,-0.02,-1.003,0.3,-0.7,0
94.0393028,166,0.02,19,0,0,0.027,-0.02,-1.003,0.3,-0.7,0
94.0493028,152,0.02,19,0,0,0.027,-0.02,-1.003,0.3,-0.7,0
94.0593028,163,0.02,19,0,0,0.027,-0.02,-1.003,0.3,-0.7,0
94.0653137,163,0.01,19,0,0,0.027,-0.018,-0.999,0.3,-0.8,0
94.0753137,137,0.01,19,0,0,0.027,-0.018,-0.999,0.3,-0.8,0
94.0853137,160,0.01,19,0,0,0.027,-0.018,-0.999,0.3,-0.8,0
94.0953137,155,0.01,19,0,0,0.027,-0.018,-0.999,0.3,-0.8,0
94.1053137,156,0.01,19,0,0,0.027,-0.018,-0.999,0.3,-0.8,0
94.1720907,147,0,19,0,0,0.027,-0.015,-1,0.3,-0.7,0
94.1820907,156,0,19,0,0,0.027,-0.015,-1,0.3,-0.7,0
94.1920907,152,0,19,0,0,0.027,-0.015,-1,0.3,-0.7,0
94.2020907,169,0,19,0,0,0.027,-0.015,-1,0.3,-0.7,0
94.2120907,163,0,19,0,0,0.027,-0.015,-1,0.3,-0.7,0
94.2577362,144,0,19,0,0,0.026,-0.014,-1.008,0.4,-0.7,0
94.2677362,151,0,19,0,0,0.026,-0.014,-1.008,0.4,-0.7,0
94.2777362,169,0,19,0,0,0.026,-0.014,-1.008,0.4,-0.7,0
94.2877362,158,0,19,0,0,0.026,-0.014,-1.008,0.4,-0.7,0
94.2977362,161,0,19,0,0,0.026,-0.014,-1.008,0.4,-0.7,0
94.3686941,151,0,19,0,0,0.026,-0.021,-1.001,0.3,-0.5,0
94.3786941,159,0,19,0,0,0.026,-0.021,-1.001,0.3,-0.5,0
94.3886941,162,0,19,0,0,0.026,-0.021,-1.001,0.3,-0.5,0
94.3986941,147,0,19,0,0,0.026,-0.021,-1.001,0.3,-0.5,0
94.4086941,154,0,19,0,0,0.026,-0.021,-1.001,0.3,-0.5,0
94.4073844,159,0,19,0,0,0.028,-0.014,-1.001,0.3,-0.9,0.1
94.4173844,142,0,19,0,0,0.028,-0.014,-1.001,0.3,-0.9,0.1
94.4273844,158,0,19,0,0,0.028,-0.014,-1.001,0.3,-0.9,0.1
94.4373844,174,0,19,0,0,0.028,-0.014,-1.001,0.3,-0.9,0.1
94.4473844,139,0,19,0,0,0.028,-0.014,-1.001,0.3,-0.9,0.1
94.5383432,162,0.01,19,0,0,0.027,-0.015,-1,0.3,-0.4,0
94.5483432,140,0.01,19,0,0,0.027,-0.015,-1,0.3,-0.4,0
94.5583432,154,0.01,19,0,0,0.027,-0.015,-1,0.3,-0.4,0
94.5683432,152,0.01,19,0,0,0.027,-0.015,-1,0.3,-0.4,0
94.5783432,166,0.01,19,0,0,0.027,-0.015,-1,0.3,-0.4,0
94.557528,168,0,19,0,0,0.025,-0.013,-1.006,0.3,-0.7,0
94.567528,152,0,19,0,0,0.025,-0.013,-1.006,0.3,-0.7,0
94.577528,153,0,19,0,0,0.025,-0.013,-1.006,0.3,-0.7,0
94.587528,155,0,19,0,0,0.025,-0.013,-1.006,0.3,-0.7,0
94.597528,152,0,19,0,0,0.025,-0.013,-1.006,0.3,-0.7,0
94.6389164,161,0,19,0,0,0.029,-0.02,-0.995,0.2,-0.7,0
94.6489164,144,0,19,0,0,0.029,-0.02,-0.995,0.2,-0.7,0
94.6589164,152,0,19,0,0,0.029,-0.02,-0.995,0.2,-0.7,0
94.6689164,171,0,19,0,0,0.029,-0.02,-0.995,0.2,-0.7,0
94.6789164,158,0,19,0,0,0.029,-0.02,-0.995,0.2,-0.7,0
94.7209634,150,-0.01,19,0,0,0.027,-0.02,-1.003,0.3,-0.4,0
94.7309634,163,-0.01,19,0,0,0.027,-0.02,-1.003,0.3,-0.4,0
94.7409634,156,-0.01,19,0,0,0.027,-0.02,-1.003,0.3,-0.4,0
94.7509634,150,-0.01,19,0,0,0.027,-0.02,-1.003,0.3,-0.4,0
94.7609634,164,-0.01,19,0,0,0.027,-0.02,-1.003,0.3,-0.4,0
94.782168,148,0,19,0,0,0.028,-0.02,-0.997,0.3,-0.4,0
94.792168,163,0,19,0,0,0.028,-0.02,-0.997,0.3,-0.4,0
94.802168,143,0,19,0,0,0.028,-0.02,-0.997,0.3,-0.4,0
94.812168,171,0,19,0,0,0.028,-0.02,-0.997,0.3,-0.4,0
94.822168,162,0,19,0,0,0.028,-0.02,-0.997,0.3,-0.4,0
94.845835,135,0,19,0,0,0.026,-0.017,-1.008,0.3,-0.9,0
94.855835,159,0,19,0,0,0.026,-0.017,-1.008,0.3,-0.9,0
94.865835,164,0,19,0,0,0.026,-0.017,-1.008,0.3,-0.9,0
94.875835,161,0,19,0,0,0.026,-0.017,-1.008,0.3,-0.9,0
94.885835,154,0,19,0,0,0.026,-0.017,-1.008,0.3,-0.9,0
94.9177794,154,0.01,19,0,0,0.027,-0.015,-1.006,0.3,-0.5,0
94.9277794,154,0.01,19,0,0,0.027,-0.015,-1.006,0.3,-0.5,0
94.9377794,169,0.01,19,0,0,0.027,-0.015,-1.006,0.3,-0.5,0
94.9477794,161,0.01,19,0,0,0.027,-0.015,-1.006,0.3,-0.5,0
94.9577794,145,0.01,19,0,0,0.027,-0.015,-1.006,0.3,-0.5,0
95.0217092,152,0.01,19,0,0,0.027,-0.018,-0.994,0.3,-0.7,0
95.0317092,161,0.01,19,0,0,0.027,-0.018,-0.994,0.3,-0.7,0
95.0417092,153,0.01,19,0,0,0.027,-0.018,-0.994,0.3,-0.7,0
95.0517092,161,0.01,19,0,0,0.027,-0.018,-0.994,0.3,-0.7,0
95.0617092,160,0.01,19,0,0,0.027,-0.018,-0.994,0.3,-0.7,0
95.1220025,166,0.01,19,0,0,0.026,-0.012,-1.002,0.3,-0.8,0
95.1320025,145,0.01,19,0,0,0.026,-0.012,-1.002,0.3,-0.8,0
95.1420025,149,0.01,19,0,0,0.026,-0.012,-1.002,0.3,-0.8,0
95.1520025,159,0.01,19,0,0,0.026,-0.012,-1.002,0.3,-0.8,0
95.1620025,153,0.01,19,0,0,0.026,-0.012,-1.002,0.3,-0.8,0
95.2129448,151,-0.01,19,0,0,0.026,-0.014,-1.009,0.4,-0.8,0
95.2229448,157,-0.01,19,0,0,0.026,-0.014,-1.009,0.4,-0.8,0
95.2329448,169,-0.01,19,0,0,0.026,-0.014,-1.009,0.4,-0.8,0
95.2429448,133,-0.01,19,0,0,0.026,-0.014,-1.009,0.4,-0.8,0
95.2529448,162,-0.01,19,0,0,0.026,-0.014,-1.009,0.4,-0.8,0
95.3179755,140,0,19,0,0,0.025,-0.012,-1.009,0.3,-0.6,0
95.3279755,154,0,19,0,0,0.025,-0.012,-1.009,0.3,-0.6,0
95.3379755,152,0,19,0,0,0.025,-0.012,-1.009,0.3,-0.6,0
95.3479755,168,0,19,0,0,0.025,-0.012,-1.009,0.3,-0.6,0
95.3579755,163,0,19,0,0,0.025,-0.012,-1.009,0.3,-0.6,0
95.3445029,147,0,19,0,0,0.03,-0.02,-0.992,0.4,-0.5,0
95.3545029,156,0,19,0,0,0.03,-0.02,-0.992,0.4,-0.5,0
95.3645029,155,0,19,0,0,0.03,-0.02,-0.992,0.4,-0.5,0
95.3745029,152,0,19,0,0,0.03,-0.02,-0.992,0.4,-0.5,0
95.3845029,159,0,19,0,0,0.03,-0.02,-0.992,0.4,-0.5,0
95.5207494,156,0,19,0,0,0.028,-0.019,-0.997,0.4,-0.5,0
95.5307494,166,0,19,0,0,0.028,-0.019,-0.997,0.4,-0.5,0
95.5407494,143,0,19,0,0,0.028,-0.019,-0.997,0.4,-0.5,0
95.5507494,149,0,19,0,0,0.028,-0.019,-0.997,0.4,-0.5,0
95.5607494,159,0,19,0,0,0.028,-0.019,-0.997,0.4,-0.5,0
95.539353,153,0,19,0,0,0.026,-0.013,-1.008,0.3,-0.9,0
95.549353,156,0,19,0,0,0.026,-0.013,-1.008,0.3,-0.9,0
95.559353,154,0,19,0,0,0.026,-0.013,-1.008,0.3,-0.9,0
95.569353,152,0,19,0,0,0.026,-0.013,-1.008,0.3,-0.9,0
95.579353,159,0,19,0,0,0.026,-0.013,-1.008,0.3,-0.9,0
95.598205,168,0.02,19,0,0,0.028,-0.014,-0.994,0.3,-0.6,0
95.608205,141,0.02,19,0,0,0.028,-0.014,-0.994,0.3,-0.6,0
95.618205,160,0.02,19,0,0,0.028,-0.014,-0.994,0.3,-0.6,0
95.628205,150,0.02,19,0,0,0.028,-0.014,-0.994,0.3,-0.6,0
95.638205,161,0.02,19,0,0,0.028,-0.014,-0.994,0.3,-0.6,0
95.6900406,158,0.01,19,0,0,0.027,-0.017,-1,0.3,-0.7,0
95.7000406,141,0.01,19,0,0,0.027,-0.017,-1,0.3,-0.7,0
95.7100406,155,0.01,19,0,0,0.027,-0.017,-1,0.3,-0.7,0
95.7200406,166,0.01,19,0,0,0.027,-0.017,-1,0.3,-0.7,0
95.7300406,160,0.01,19,0,0,0.027,-0.017,-1,0.3,-0.7,0
95.7891446,152,0,19,0,0,0.027,-0.018,-0.999,0.2,-0.8,0
95.7991446,151,0,19,0,0,0.027,-0.018,-0.999,0.2,-0.8,0
95.8091446,156,0,19,0,0,0.027,-0.018,-0.999,0.2,-0.8,0
95.8191446,171,0,19,0,0,0.027,-0.018,-0.999,0.2,-0.8,0
95.8291446,160,0,19,0,0,0.027,-0.018,-0.999,0.2,-0.8,0
95.9358161,149,-0.01,19,0,0,0.027,-0.017,-1.008,0.3,-0.6,0
95.9458161,164,-0.01,19,0,0,0.027,-0.017,-1.008,0.3,-0.6,0
95.9558161,161,-0.01,19,0,0,0.027,-0.017,-1.008,0.3,-0.6,0
95.9658161,147,-0.01,19,0,0,0.027,-0.017,-1.008,0.3,-0.6,0
95.9758161,154,-0.01,19,0,0,0.027,-0.017,-1.008,0.3,-0.6,0
95.9572849,158,0,19,0,0,0.027,-0.014,-1.005,0.3,-0.6,0
95.9672849,175,0,19,0,0,0.027,-0.014,-1.005,0.3,-0.6,0
95.9772849,137,0,19,0,0,0.027,-0.014,-1.005,0.3,-0.6,0
95.9872849,159,0,19,0,0,0.027,-0.014,-1.005,0.3,-0.6,0
95.9972849,158,0,19,0,0,0.027,-0.014,-1.005,0.3,-0.6,0
96.0696814,153,0,19,0,0,0.028,-0.014,-1.01,0.2,-0.7,0
96.0796814,152,0,19,0,0,0.028,-0.014,-1.01,0.2,-0.7,0
96.0896814,167,0,19,0,0,0.028,-0.014,-1.01,0.2,-0.7,0
96.0996814,157,0,19,0,0,0.028,-0.014,-1.01,0.2,-0.7,0
96.1096814,149,0,19,0,0,0.028,-0.014,-1.01,0.2,-0.7,0
96.1718698,154,0,19,0,0,0.026,-0.022,-1.001,0.4,-0.7,0
96.1818698,161,0,19,0,0,0.026,-0.022,-1.001,0.4,-0.7,0
96.1918698,156,0,19,0,0,0.026,-0.022,-1.001,0.4,-0.7,0
96.2018698,167,0,19,0,0,0.026,-0.022,-1.001,0.4,-0.7,0
96.2118698,149,0,19,0,0,0.026,-0.022,-1.001,0.4,-0.7,0
96.2207898,147,0,19,0,0,0.028,-0.015,-1,0.3,-0.8,0
96.2307898,161,0,19,0,0,0.028,-0.015,-1,0.3,-0.8,0
96.2407898,159,0,19,0,0,0.028,-0.015,-1,0.3,-0.8,0
96.2507898,144,0,19,0,0,0.028,-0.015,-1,0.3,-0.8,0
96.2607898,157,0,19,0,0,0.028,-0.015,-1,0.3,-0.8,0
96.2923303,162,-0.01,19,0,0,0.026,-0.012,-1.002,0.3,-0.4,0.1
96.3023303,165,-0.01,19,0,0,0.026,-0.012,-1.002,0.3,-0.4,0.1
96.3123303,149,-0.01,19,0,0,0.026,-0.012,-1.002,0.3,-0.4,0.1
96.3223303,146,-0.01,19,0,0,0.026,-0.012,-1.002,0.3,-0.4,0.1
96.3323303,161,-0.01,19,0,0,0.026,-0.012,-1.002,0.3,-0.4,0.1
96.4207683,146,0,19,0,0,0.029,-0.019,-0.998,0.4,-0.3,0
96.4307683,170,0,19,0,0,0.029,-0.019,-0.998,0.4,-0.3,0
96.4407683,147,0,19,0,0,0.029,-0.019,-0.998,0.4,-0.3,0
96.4507683,156,0,19,0,0,0.029,-0.019,-0.998,0.4,-0.3,0
96.4607683,160,0,19,0,0,0.029,-0.019,-0.998,0.4,-0.3,0
96.4907794,168,-0.01,19,0,0,0.028,-0.018,-0.994,0.3,-0.4,0
96.5007794,164,-0.01,19,0,0,0.028,-0.018,-0.994,0.3,-0.4,0
96.5107794,152,-0.01,19,0,0,0.028,-0.018,-0.994,0.3,-0.4,0
96.5207794,155,-0.01,19,0,0,0.028,-0.018,-0.994,0.3,-0.4,0
96.5307794,147,-0.01,19,0,0,0.028,-0.018,-0.994,0.3,-0.4,0
96.5385056,150,0,19,0,0,0.026,-0.02,-1.003,0.3,-0.6,0.1
96.5485056,155,0,19,0,0,0.026,-0.02,-1.003,0.3,-0.6,0.1
96.5585056,173,0,19,0,0,0.026,-0.02,-1.003,0.3,-0.6,0.1
96.5685056,160,0,19,0,0,0.026,-0.02,-1.003,0.3,-0.6,0.1
96.5785056,142,0,19,0,0,0.026,-0.02,-1.003,0.3,-0.6,0.1
96.6215467,150,0,19,0,0,0.029,-0.018,-0.997,0.3,-0.7,0
96.6315467,150,0,19,0,0,0.029,-0.018,-0.997,0.3,-0.7,0
96.6415467,164,0,19,0,0,0.029,-0.018,-0.997,0.3,-0.7,0
96.6515467,156,0,19,0,0,0.029,-0.018,-0.997,0.3,-0.7,0
96.6615467,149,0,19,0,0,0.029,-0.018,-0.997,0.3,-0.7,0
96.7233231,164,0.01,19,0,0,0.027,-0.014,-1.001,0.3,-0.4,0
96.7333231,137,0.01,19,0,0,0.027,-0.014,-1.001,0.3,-0.4,0
96.7433231,159,0.01,19,0,0,0.027,-0.014,-1.001,0.3,-0.4,0
96.7533231,161,0.01,19,0,0,0.027,-0.014,-1.001,0.3,-0.4,0
96.7633231,156,0.01,19,0,0,0.027,-0.014,-1.001,0.3,-0.4,0
96.7751683,155,0.01,19,0,0,0.026,-0.013,-1.008,0.3,-0.7,0
96.7851683,150,0.01,19,0,0,0.026,-0.013,-1.008,0.3,-0.7,0
96.7951683,163,0.01,19,0,0,0.026,-0.013,-1.008,0.3,-0.7,0
96.8051683,152,0.01,19,0,0,0.026,-0.013,-1.008,0.3,-0.7,0
96.8151683,154,0.01,19,0,0,0.026,-0.013,-1.008,0.3,-0.7,0
96.8705198,146,0,19,0,0,0.026,-0.019,-1.007,0.4,-0.5,0
96.8805198,151,0,19,0,0,0.026,-0.019,-1.007,0.4,-0.5,0
96.8905198,151,0,19,0,0,0.026,-0.019,-1.007,0.4,-0.5,0
96.9005198,160,0,19,0,0,0.026,-0.019,-1.007,0.4,-0.5,0
96.9105198,160,0,19,0,0,0.026,-0.019,-1.007,0.4,-0.5,0
96.9781704,163,-0.02,19,0,0,0.028,-0.015,-1,0.3,-0.7,0
96.9881704,147,-0.02,19,0,0,0.028,-0.015,-1,0.3,-0.7,0
96.9981704,152,-0.02,19,0,0,0.028,-0.015,-1,0.3,-0.7,0
97.0081704,154,-0.02,19,0,0,0.028,-0.015,-1,0.3,-0.7,0
97.0181704,150,-0.02,19,0,0,0.028,-0.015,-1,0.3,-0.7,0
97.1208157,162,0,19,0,0,0.028,-0.021,-0.997,0.3,-0.9,0
97.1308157,156,0,19,0,0,0.028,-0.021,-0.997,0.3,-0.9,0
97.1408157,152,0,19,0,0,0.028,-0.021,-0.997,0.3,-0.9,0
97.1508157,162,0,19,0,0,0.028,-0.021,-0.997,0.3,-0.9,0
97.1608157,158,0,19,0,0,0.028,-0.021,-0.997,0.3,-0.9,0
97.1356836,162,0,19,0,0,0.026,-0.014,-1.005,0.3,-0.5,0
97.1456836,153,0,19,0,0,0.026,-0.014,-1.005,0.3,-0.5,0
97.1556836,157,0,19,0,0,0.026,-0.014,-1.005,0.3,-0.5,0
97.1656836,157,0,19,0,0,0.026,-0.014,-1.005,0.3,-0.5,0
97.1756836,148,0,19,0,0,0.026,-0.014,-1.005,0.3,-0.5,0
97.2658952,148,0,19,0,0,0.028,-0.012,-1.001,0.2,-0.7,0
97.2758952,159,0,19,0,0,0.028,-0.012,-1.001,0.2,-0.7,0
97.2858952,161,0,19,0,0,0.028,-0.012,-1.001,0.2,-0.7,0
97.2958952,146,0,19,0,0,0.028,-0.012,-1.001,0.2,-0.7,0
97.3058952,162,0,19,0,0,0.028,-0.012,-1.001,0.2,-0.7,0
97.3733463,157,0,19,0,0,0.027,-0.013,-1,0.3,-0.3,0
97.3833463,149,0,19,0,0,0.027,-0.013,-1,0.3,-0.3,0
97.3933463,149,0,19,0,0,0.027,-0.013,-1,0.3,-0.3,0
97.4033463,162,0,19,0,0,0.027,-0.013,-1,0.3,-0.3,0
97.4133463,161,0,19,0,0,0.027,-0.013,-1,0.3,-0.3,0
97.4554105,144,0,19,0,0,0.026,-0.016,-1,0.3,-0.4,0
97.4654105,169,0,19,0,0,0.026,-0.016,-1,0.3,-0.4,0
97.4754105,153,0,19,0,0,0.026,-0.016,-1,0.3,-0.4,0
97.4854105,162,0,19,0,0,0.026,-0.016,-1,0.3,-0.4,0
97.4954105,163,0,19,0,0,0.026,-0.016,-1,0.3,-0.4,0
97.5700653,153,0,19,0,0,0.025,-0.015,-1.007,0.4,-0.4,0
97.5800653,159,0,19,0,0,0.025,-0.015,-1.007,0.4,-0.4,0
97.5900653,139,0,19,0,0,0.025,-0.015,-1.007,0.4,-0.4,0
97.6000653,156,0,19,0,0,0.025,-0.015,-1.007,0.4,-0.4,0
97.6100653,163,0,19,0,0,0.025,-0.015,-1.007,0.4,-0.4,0
97.7124701,162,0,19,0,0,0.028,-0.016,-0.999,0.3,-0.3,0
97.7224701,167,0,19,0,0,0.028,-0.016,-0.999,0.3,-0.3,0
97.7324701,151,0,19,0,0,0.028,-0.016,-0.999,0.3,-0.3,0
97.7424701,155,0,19,0,0,0.028,-0.016,-0.999,0.3,-0.3,0
97.7524701,147,0,19,0,0,0.028,-0.016,-0.999,0.3,-0.3,0
97.7747627,154,0,19,0,0,0.028,-0.021,-1.003,0.3,-0.8,0
97.7847627,160,0,19,0,0,0.028,-0.021,-1.003,0.3,-0.8,0
97.7947627,157,0,19,0,0,0.028,-0.021,-1.003,0.3,-0.8,0
97.8047627,168,0,19,0,0,0.028,-0.021,-1.003,0.3,-0.8,0
97.8147627,137,0,19,0,0,0.028,-0.021,-1.003,0.3,-0.8,0
97.8714176,151,-0.01,19,0,0,0.027,-0.014,-1.008,0.3,-0.5,0
97.8814176,164,-0.01,19,0,0,0.027,-0.014,-1.008,0.3,-0.5,0
97.8914176,159,-0.01,19,0,0,0.027,-0.014,-1.008,0.3,-0.5,0
97.9014176,134,-0.01,19,0,0,0.027,-0.014,-1.008,0.3,-0.5,0
97.9114176,162,-0.01,19,0,0,0.027,-0.014,-1.008,0.3,-0.5,0
97.9328003,161,-0.01,19,0,0,0.027,-0.018,-1.006,0.4,-0.4,0
97.9428003,151,-0.01,19,0,0,0.027,-0.018,-1.006,0.4,-0.4,0
97.9528003,158,-0.01,19,0,0,0.027,-0.018,-1.006,0.4,-0.4,0
97.9628003,145,-0.01,19,0,0,0.027,-0.018,-1.006,0.4,-0.4,0
97.9728003,152,-0.01,19,0,0,0.027,-0.018,-1.006,0.4,-0.4,0
98.0709432,159,-0.01,19,0,0,0.029,-0.018,-0.994,0.3,-0.4,0
98.0809432,162,-0.01,19,0,0,0.029,-0.018,-0.994,0.3,-0.4,0
98.0909432,143,-0.01,19,0,0,0.029,-0.018,-0.994,0.3,-0.4,0
98.1009432,156,-0.01,19,0,0,0.029,-0.018,-0.994,0.3,-0.4,0
98.1109432,162,-0.01,19,0,0,0.029,-0.018,-0.994,0.3,-0.4,0
98.1596103,149,0,19,0,0,0.027,-0.011,-0.995,0.3,-0.4,0
98.1696103,150,0,19,0,0,0.027,-0.011,-0.995,0.3,-0.4,0
98.1796103,161,0,19,0,0,0.027,-0.011,-0.995,0.3,-0.4,0
98.1896103,160,0,19,0,0,0.027,-0.011,-0.995,0.3,-0.4,0
98.1996103,155,0,19,0,0,0.027,-0.011,-0.995,0.3,-0.4,0
98.2153156,169,0,19,0,0,0.028,-0.015,-0.999,0.3,-0.8,0
98.2253156,145,0,19,0,0,0.028,-0.015,-0.999,0.3,-0.8,0
98.2353156,164,0,19,0,0,0.028,-0.015,-0.999,0.3,-0.8,0
98.2453156,164,0,19,0,0,0.028,-0.015,-0.999,0.3,-0.8,0
98.2553156,134,0,19,0,0,0.028,-0.015,-0.999,0.3,-0.8,0
98.3123929,161,0.01,19,0,0,0.027,-0.016,-1.006,0.3,-0.5,0
98.3223929,147,0.01,19,0,0,0.027,-0.016,-1.006,0.3,-0.5,0
98.3323929,171,0.01,19,0,0,0.027,-0.016,-1.006,0.3,-0.5,0
98.3423929,154,0.01,19,0,0,0.027,-0.016,-1.006,0.3,-0.5,0
98.3523929,161,0.01,19,0,0,0.027,-0.016,-1.006,0.3,-0.5,0
98.3607491,158,0.01,19,0,0,0.027,-0.012,-1.001,0.3,-0.8,0
98.3707491,139,0.01,19,0,0,0.027,-0.012,-1.001,0.3,-0.8,0
98.3807491,153,0.01,19,0,0,0.027,-0.012,-1.001,0.3,-0.8,0
98.3907491,166,0.01,19,0,0,0.027,-0.012,-1.001,0.3,-0.8,0
98.4007491,156,0.01,19,0,0,0.027,-0.012,-1.001,0.3,-0.8,0
98.4384319,151,0,19,0,0,0.027,-0.019,-1.005,0.3,-0.8,0
98.4484319,153,0,19,0,0,0.027,-0.019,-1.005,0.3,-0.8,0
98.4584319,154,0,19,0,0,0.027,-0.019,-1.005,0.3,-0.8,0
98.4684319,159,0,19,0,0,0.027,-0.019,-1.005,0.3,-0.8,0
98.4784319,165,0,19,0,0,0.027,-0.019,-1.005,0.3,-0.8,0
98.5746514,144,-0.01,19,0,0,0.026,-0.017,-1.001,0.4,-0.5,0
98.5846514,160,-0.01,19,0,0,0.026,-0.017,-1.001,0.4,-0.5,0
98.5946514,167,-0.01,19,0,0,0.026,-0.017,-1.001,0.4,-0.5,0
98.6046514,156,-0.01,19,0,0,0.026,-0.017,-1.001,0.4,-0.5,0
98.6146514,150,-0.01,19,0,0,0.026,-0.017,-1.001,0.4,-0.5,0
98.6712806,140,0,19,0,0,0.027,-0.015,-1.005,0.4,-0.4,0
98.6812806,151,0,19,0,0,0.027,-0.015,-1.005,0.4,-0.4,0
98.6912806,154,0,19,0,0,0.027,-0.015,-1.005,0.4,-0.4,0
98.7012806,156,0,19,0,0,0.027,-0.015,-1.005,0.4,-0.4,0
98.7112806,151,0,19,0,0,0.027,-0.015,-1.005,0.4,-0.4,0
98.7674242,156,0,19,0,0,0.028,-0.022,-0.996,0.3,-0.4,0
98.7774242,161,0,19,0,0,0.028,-0.022,-0.996,0.3,-0.4,0
98.7874242,160,0,19,0,0,0.028,-0.022,-0.996,0.3,-0.4,0
98.7974242,167,0,19,0,0,0.028,-0.022,-0.996,0.3,-0.4,0
98.8074242,152,0,19,0,0,0.028,-0.022,-0.996,0.3,-0.4,0
98.8347732,161,0,19,0,0,0.026,-0.011,-0.999,0.3,-0.4,0
98.8447732,170,0,19,0,0,0.026,-0.011,-0.999,0.3,-0.4,0
98.8547732,150,0,19,0,0,0.026,-0.011,-0.999,0.3,-0.4,0
98.8647732,150,0,19,0,0,0.026,-0.011,-0.999,0.3,-0.4,0
98.8747732,153,0,19,0,0,0.026,-0.011,-0.999,0.3,-0.4,0
98.9695709,150,-0.01,19,0,0,0.027,-0.02,-0.996,0.3,-0.6,0
98.9795709,161,-0.01,19,0,0,0.027,-0.02,-0.996,0.3,-0.6,0
98.9895709,157,-0.01,19,0,0,0.027,-0.02,-0.996,0.3,-0.6,0
98.9995709,149,-0.01,19,0,0,0.027,-0.02,-0.996,0.3,-0.6,0
99.0095709,170,-0.01,19,0,0,0.027,-0.02,-0.996,0.3,-0.6,0
99.070762,154,-0.02,19,0,0,0.028,-0.013,-1.001,0.3,-0.7,0
99.080762,156,-0.02,19,0,0,0.028,-0.013,-1.001,0.3,-0.7,0
99.090762,155,-0.02,19,0,0,0.028,-0.013,-1.001,0.3,-0.7,0
99.100762,161,-0.02,19,0,0,0.028,-0.013,-1.001,0.3,-0.7,0
99.110762,155,-0.02,19,0,0,0.028,-0.013,-1.001,0.3,-0.7,0
99.1709026,168,0,19,0,0,0.028,-0.019,-0.995,0.3,-0.6,0
99.1809026,165,0,19,0,0,0.028,-0.019,-0.995,0.3,-0.6,0
99.1909026,151,0,19,0,0,0.028,-0.019,-0.995,0.3,-0.6,0
99.2009026,154,0,19,0,0,0.028,-0.019,-0.995,0.3,-0.6,0
99.2109026,147,0,19,0,0,0.028,-0.019,-0.995,0.3,-0.6,0
99.2541245,158,0.01,19,0,0,0.028,-0.016,-0.998,0.2,-0.8,0
99.2641245,159,0.01,19,0,0,0.028,-0.016,-0.998,0.2,-0.8,0
99.2741245,142,0.01,19,0,0,0.028,-0.016,-0.998,0.2,-0.8,0
99.2841245,148,0.01,19,0,0,0.028,-0.016,-0.998,0.2,-0.8,0
99.2941245,163,0.01,19,0,0,0.028,-0.016,-0.998,0.2,-0.8,0
99.3751637,148,0.02,19,0,0,0.025,-0.016,-1.008,0.3,-0.7,0
99.3851637,148,0.02,19,0,0,0.025,-0.016,-1.008,0.3,-0.7,0
99.3951637,163,0.02,19,0,0,0.025,-0.016,-1.008,0.3,-0.7,0
99.4051637,143,0.02,19,0,0,0.025,-0.016,-1.008,0.3,-0.7,0
99.4151637,169,0.02,19,0,0,0.025,-0.016,-1.008,0.3,-0.7,0
99.519475,160,0,19,0,0,0.028,-0.019,-0.997,0.3,-0.8,0
99.529475,143,0,19,0,0,0.028,-0.019,-0.997,0.3,-0.8,0
99.539475,152,0,19,0,0,0.028,-0.019,-0.997,0.3,-0.8,0
99.549475,168,0,19,0,0,0.028,-0.019,-0.997,0.3,-0.8,0
99.559475,159,0,19,0,0,0.028,-0.019,-0.997,0.3,-0.8,0
99.5329031,157,0,19,0,0,0.026,-0.014,-1.003,0.4,-0.4,0
99.5429031,157,0,19,0,0,0.026,-0.014,-1.003,0.4,-0.4,0
99.5529031,146,0,19,0,0,0.026,-0.014,-1.003,0.4,-0.4,0
99.5629031,161,0,19,0,0,0.026,-0.014,-1.003,0.4,-0.4,0
99.5729031,160,0,19,0,0,0.026,-0.014,-1.003,0.4,-0.4,0
99.6372889,171,-0.01,19,0,0,0.027,-0.014,-1,0.4,-0.4,0
99.6472889,146,-0.01,19,0,0,0.027,-0.014,-1,0.4,-0.4,0
99.6572889,154,-0.01,19,0,0,0.027,-0.014,-1,0.4,-0.4,0
99.6672889,149,-0.01,19,0,0,0.027,-0.014,-1,0.4,-0.4,0
99.6772889,151,-0.01,19,0,0,0.027,-0.014,-1,0.4,-0.4,0
99.7368297,160,0,19,0,0,0.028,-0.019,-0.993,0.3,-0.4,0
99.7468297,157,0,19,0,0,0.028,-0.019,-0.993,0.3,-0.4,0
99.7568297,146,0,19,0,0,0.028,-0.019,-0.993,0.3,-0.4,0
99.7668297,168,0,19,0,0,0.028,-0.019,-0.993,0.3,-0.4,0
99.7768297,155,0,19,0,0,0.028,-0.019,-0.993,0.3,-0.4,0
99.827914,162,0,19,0,0,0.026,-0.02,-1.001,0.4,-0.5,0
99.837914,149,0,19,0,0,0.026,-0.02,-1.001,0.4,-0.5,0
99.847914,155,0,19,0,0,0.026,-0.02,-1.001,0.4,-0.5,0
99.857914,162,0,19,0,0,0.026,-0.02,-1.001,0.4,-0.5,0
99.867914,148,0,19,0,0,0.026,-0.02,-1.001,0.4,-0.5,0
99.9228229,157,0.02,19,0,0,0.027,-0.019,-1,0.3,-0.9,0
99.9328229,148,0.02,19,0,0,0.027,-0.019,-1,0.3,-0.9,0
99.9428229,163,0.02,19,0,0,0.027,-0.019,-1,0.3,-0.9,0
99.9528229,160,0.02,19,0,0,0.027,-0.019,-1,0.3,-0.9,0
99.9628229,150,0.02,19,0,0,0.027,-0.019,-1,0.3,-0.9,0
99.975505,158,0.01,19,0,0,0.027,-0.014,-1.001,0.3,-0.6,0
99.985505,145,0.01,19,0,0,0.027,-0.014,-1.001,0.3,-0.6,0
99.995505,153,0.01,19,0,0,0.027,-0.014,-1.001,0.3,-0.6,0
100.005505,164,0.01,19,0,0,0.027,-0.014,-1.001,0.3,-0.6,0
100.015505,159,0.01,19,0,0,0.027,-0.014,-1.001,0.3,-0.6,0
100.0862692,162,-0.01,19,0,0,0.028,-0.018,-0.996,0.3,-0.6,0
100.0962692,148,-0.01,19,0,0,0.028,-0.018,-0.996,0.3,-0.6,0
100.1062692,153,-0.01,19,0,0,0.028,-0.018,-0.996,0.3,-0.6,0
100.1162692,148,-0.01,19,0,0,0.028,-0.018,-0.996,0.3,-0.6,0
100.1262692,153,-0.01,19,0,0,0.028,-0.018,-0.996,0.3,-0.6,0
100.1763822,135,0,19,0,0,0.027,-0.013,-1.003,0.3,-0.7,0
100.1863822,159,0,19,0,0,0.027,-0.013,-1.003,0.3,-0.7,0
100.1963822,160,0,19,0,0,0.027,-0.013,-1.003,0.3,-0.7,0
100.2063822,156,0,19,0,0,0.027,-0.013,-1.003,0.3,-0.7,0
100.2163822,155,0,19,0,0,0.027,-0.013,-1.003,0.3,-0.7,0
100.2827196,160,0,19,0,0,0.028,-0.02,-0.999,0.3,-0.9,0
100.2927196,163,0,19,0,0,0.028,-0.02,-0.999,0.3,-0.9,0
100.3027196,149,0,19,0,0,0.028,-0.02,-0.999,0.3,-0.9,0
100.3127196,150,0,19,0,0,0.028,-0.02,-0.999,0.3,-0.9,0
100.3227196,157,0,19,0,0,0.028,-0.02,-0.999,0.3,-0.9,0
100.4000763,146,0.01,19,0,0,0.025,-0.013,-1.006,0.2,-0.7,0
100.4100763,151,0.01,19,0,0,0.025,-0.013,-1.006,0.2,-0.7,0
100.4200763,154,0.01,19,0,0,0.025,-0.013,-1.006,0.2,-0.7,0
100.4300763,150,0.01,19,0,0,0.025,-0.013,-1.006,0.2,-0.7,0
100.4400763,161,0.01,19,0,0,0.025,-0.013,-1.006,0.2,-0.7,0
110.4183683,150,0,19,0,0,0.026,-0.016,-0.999,0.2,-0.9,0
110.4283683,158,0,19,0,0,0.026,-0.016,-0.999,0.2,-0.9,0
110.4383683,169,0,19,0,0,0.026,-0.016,-0.999,0.2,-0.9,0
110.4483683,141,0,19,0,0,0.026,-0.016,-0.999,0.2,-0.9,0
110.4583683,161,0,19,0,0,0.026,-0.016,-0.999,0.2,-0.9,0
110.6838814,162,-0.01,19,0,0,0.027,-0.016,-0.995,0.3,-0.4,0
110.6938814,167,-0.01,19,0,0,0.027,-0.016,-0.995,0.3,-0.4,0
110.7038814,150,-0.01,19,0,0,0.027,-0.016,-0.995,0.3,-0.4,0
110.7138814,146,-0.01,19,0,0,0.027,-0.016,-0.995,0.3,-0.4,0
110.7238814,155,-0.01,19,0,0,0.027,-0.016,-0.995,0.3,-0.4,0
110.739394,160,-0.01,19,0,0,0.026,-0.021,-1.001,0.3,-0.4,0
110.749394,154,-0.01,19,0,0,0.026,-0.021,-1.001,0.3,-0.4,0
110.759394,166,-0.01,19,0,0,0.026,-0.021,-1.001,0.3,-0.4,0
110.769394,150,-0.01,19,0,0,0.026,-0.021,-1.001,0.3,-0.4,0
110.779394,153,-0.01,19,0,0,0.026,-0.021,-1.001,0.3,-0.4,0
110.8011564,159,-0.01,19,0,0,0.028,-0.013,-1.001,0.3,-0.7,0
110.8111564,152,-0.01,19,0,0,0.028,-0.013,-1.001,0.3,-0.7,0
110.8211564,157,-0.01,19,0,0,0.028,-0.013,-1.001,0.3,-0.7,0
110.8311564,157,-0.01,19,0,0,0.028,-0.013,-1.001,0.3,-0.7,0
110.8411564,153,-0.01,19,0,0,0.028,-0.013,-1.001,0.3,-0.7,0
110.9126816,155,-0.01,19,0,0,0.027,-0.019,-0.996,0.3,-0.7,0
110.9226816,161,-0.01,19,0,0,0.027,-0.019,-0.996,0.3,-0.7,0
110.9326816,148,-0.01,19,0,0,0.027,-0.019,-0.996,0.3,-0.7,0
110.9426816,169,-0.01,19,0,0,0.027,-0.019,-0.996,0.3,-0.7,0
110.9526816,156,-0.01,19,0,0,0.027,-0.019,-0.996,0.3,-0.7,0
111.007143,162,0.01,19,0,0,0.026,-0.012,-1.008,0.3,-0.7,0
111.017143,167,0.01,19,0,0,0.026,-0.012,-1.008,0.3,-0.7,0
111.027143,147,0.01,19,0,0,0.026,-0.012,-1.008,0.3,-0.7,0
111.037143,148,0.01,19,0,0,0.026,-0.012,-1.008,0.3,-0.7,0
111.047143,160,0.01,19,0,0,0.026,-0.012,-1.008,0.3,-0.7,0
111.1117637,150,0.02,19,0,0,0.028,-0.02,-1.006,0.3,-0.5,0
111.1217637,144,0.02,19,0,0,0.028,-0.02,-1.006,0.3,-0.5,0
111.1317637,155,0.02,19,0,0,0.028,-0.02,-1.006,0.3,-0.5,0
111.1417637,150,0.02,19,0,0,0.028,-0.02,-1.006,0.3,-0.5,0
111.1517637,163,0.02,19,0,0,0.028,-0.02,-1.006,0.3,-0.5,0
111.1613271,166,0.01,19,0,0,0.028,-0.013,-1.002,0.3,-0.7,0
111.1713271,150,0.01,19,0,0,0.028,-0.013,-1.002,0.3,-0.7,0
111.1813271,153,0.01,19,0,0,0.028,-0.013,-1.002,0.3,-0.7,0
111.1913271,156,0.01,19,0,0,0.028,-0.013,-1.002,0.3,-0.7,0
111.2013271,153,0.01,19,0,0,0.028,-0.013,-1.002,0.3,-0.7,0
111.2948835,150,-0.01,19,0,0,0.027,-0.019,-1.004,0.3,-0.5,0
111.3048835,161,-0.01,19,0,0,0.027,-0.019,-1.004,0.3,-0.5,0
111.3148835,155,-0.01,19,0,0,0.027,-0.019,-1.004,0.3,-0.5,0
111.3248835,151,-0.01,19,0,0,0.027,-0.019,-1.004,0.3,-0.5,0
111.3348835,163,-0.01,19,0,0,0.027,-0.019,-1.004,0.3,-0.5,0
111.3105876,160,-0.02,19,0,0,0.027,-0.012,-1.003,0.3,-0.6,0
111.3205876,153,-0.02,19,0,0,0.027,-0.012,-1.003,0.3,-0.6,0
111.3305876,159,-0.02,19,0,0,0.027,-0.012,-1.003,0.3,-0.6,0
111.3405876,142,-0.02,19,0,0,0.027,-0.012,-1.003,0.3,-0.6,0
111.3505876,154,-0.02,19,0,0,0.027,-0.012,-1.003,0.3,-0.6,0
111.4016614,167,-0.01,19,0,0,0.027,-0.019,-0.995,0.3,-0.6,0
111.4116614,158,-0.01,19,0,0,0.027,-0.019,-0.995,0.3,-0.6,0
111.4216614,149,-0.01,19,0,0,0.027,-0.019,-0.995,0.3,-0.6,0
111.4316614,158,-0.01,19,0,0,0.027,-0.019,-0.995,0.3,-0.6,0
111.4416614,148,-0.01,19,0,0,0.027,-0.019,-0.995,0.3,-0.6,0
111.479044,152,0,19,0,0,0.028,-0.014,-0.999,0.3,-0.7,0
111.489044,157,0,19,0,0,0.028,-0.014,-0.999,0.3,-0.7,0
111.499044,147,0,19,0,0,0.028,-0.014,-0.999,0.3,-0.7,0
111.509044,154,0,19,0,0,0.028,-0.014,-0.999,0.3,-0.7,0
111.519044,160,0,19,0,0,0.028,-0.014,-0.999,0.3,-0.7,0
111.5669092,148,0,19,0,0,0.026,-0.012,-1.007,0.3,-0.7,0
111.5769092,152,0,19,0,0,0.026,-0.012,-1.007,0.3,-0.7,0
111.5869092,162,0,19,0,0,0.026,-0.012,-1.007,0.3,-0.7,0
111.5969092,156,0,19,0,0,0.026,-0.012,-1.007,0.3,-0.7,0
111.6069092,143,0,19,0,0,0.026,-0.012,-1.007,0.3,-0.7,0
111.7262491,161,0.01,19,0,0,0.027,-0.012,-0.999,0.3,-0.7,0
111.7362491,148,0.01,19,0,0,0.027,-0.012,-0.999,0.3,-0.7,0
111.7462491,171,0.01,19,0,0,0.027,-0.012,-0.999,0.3,-0.7,0
111.7562491,154,0.01,19,0,0,0.027,-0.012,-0.999,0.3,-0.7,0
111.7662491,161,0.01,19,0,0,0.027,-0.012,-0.999,0.3,-0.7,0
111.7336244,158,0.01,19,0,0,0.027,-0.019,-0.995,0.4,-0.3,0
111.7436244,137,0.01,19,0,0,0.027,-0.019,-0.995,0.4,-0.3,0
111.7536244,155,0.01,19,0,0,0.027,-0.019,-0.995,0.4,-0.3,0
111.7636244,167,0.01,19,0,0,0.027,-0.019,-0.995,0.4,-0.3,0
111.7736244,155,0.01,19,0,0,0.027,-0.019,-0.995,0.4,-0.3,0
111.7822273,156,0,19,0,0,0.026,-0.013,-1.006,0.3,-0.4,0
111.7922273,155,0,19,0,0,0.026,-0.013,-1.006,0.3,-0.4,0
111.8022273,160,0,19,0,0,0.026,-0.013,-1.006,0.3,-0.4,0
111.8122273,160,0,19,0,0,0.026,-0.013,-1.006,0.3,-0.4,0
111.8222273,147,0,19,0,0,0.026,-0.013,-1.006,0.3,-0.4,0
111.9002895,152,0,19,0,0,0.027,-0.02,-0.999,0.3,-0.5,0
111.9102895,153,0,19,0,0,0.027,-0.02,-0.999,0.3,-0.5,0
111.9202895,147,0,19,0,0,0.027,-0.02,-0.999,0.3,-0.5,0
111.9302895,165,0,19,0,0,0.027,-0.02,-0.999,0.3,-0.5,0
111.9402895,156,0,19,0,0,0.027,-0.02,-0.999,0.3,-0.5,0
111.973238,166,-0.01,19,0,0,0.027,-0.02,-0.995,0.3,-0.6,0
111.983238,149,-0.01,19,0,0,0.027,-0.02,-0.995,0.3,-0.6,0
111.993238,146,-0.01,19,0,0,0.027,-0.02,-0.995,0.3,-0.6,0
112.003238,161,-0.01,19,0,0,0.027,-0.02,-0.995,0.3,-0.6,0
112.013238,143,-0.01,19,0,0,0.027,-0.02,-0.995,0.3,-0.6,0
112.0480515,161,0,19,0,0,0.026,-0.011,-1.001,0.3,-0.8,0
112.0580515,154,0,19,0,0,0.026,-0.011,-1.001,0.3,-0.8,0
112.0680515,151,0,19,0,0,0.026,-0.011,-1.001,0.3,-0.8,0
112.0780515,162,0,19,0,0,0.026,-0.011,-1.001,0.3,-0.8,0
112.0880515,153,0,19,0,0,0.026,-0.011,-1.001,0.3,-0.8,0
112.1332942,159,0.02,19,0,0,0.028,-0.019,-1.001,0.3,-0.9,0
112.1432942,157,0.02,19,0,0,0.028,-0.019,-1.001,0.3,-0.9,0
112.1532942,157,0.02,19,0,0,0.028,-0.019,-1.001,0.3,-0.9,0
112.1632942,147,0.02,19,0,0,0.028,-0.019,-1.001,0.3,-0.9,0
112.1732942,161,0.02,19,0,0,0.028,-0.019,-1.001,0.3,-0.9,0
112.2457296,156,0.01,19,0,0,0.025,-0.013,-1.006,0.3,-0.7,0.1
112.2557296,144,0.01,19,0,0,0.025,-0.013,-1.006,0.3,-0.7,0.1
112.2657296,155,0.01,19,0,0,0.025,-0.013,-1.006,0.3,-0.7,0.1
112.2757296,160,0.01,19,0,0,0.025,-0.013,-1.006,0.3,-0.7,0.1
112.2857296,156,0.01,19,0,0,0.025,-0.013,-1.006,0.3,-0.7,0.1
112.3306474,148,-0.01,19,0,0,0.027,-0.012,-1.005,0.4,-0.4,0
112.3406474,161,-0.01,19,0,0,0.027,-0.012,-1.005,0.4,-0.4,0
112.3506474,155,-0.01,19,0,0,0.027,-0.012,-1.005,0.4,-0.4,0
112.3606474,147,-0.01,19,0,0,0.027,-0.012,-1.005,0.4,-0.4,0
112.3706474,167,-0.01,19,0,0,0.027,-0.012,-1.005,0.4,-0.4,0
112.4647878,149,0,19,0,0,0.028,-0.02,-0.998,0.3,-0.4,0
112.4747878,171,0,19,0,0,0.028,-0.02,-0.998,0.3,-0.4,0
112.4847878,154,0,19,0,0,0.028,-0.02,-0.998,0.3,-0.4,0
112.4947878,152,0,19,0,0,0.028,-0.02,-0.998,0.3,-0.4,0
112.5047878,165,0,19,0,0,0.028,-0.02,-0.998,0.3,-0.4,0
112.5172222,167,0,19,0,0,0.027,-0.016,-0.997,0.3,-0.4,0
112.5272222,157,0,19,0,0,0.027,-0.016,-0.997,0.3,-0.4,0
112.5372222,148,0,19,0,0,0.027,-0.016,-0.997,0.3,-0.4,0
112.5472222,165,0,19,0,0,0.027,-0.016,-0.997,0.3,-0.4,0
112.5572222,162,0,19,0,0,0.027,-0.016,-0.997,0.3,-0.4,0
112.6433242,159,0,19,0,0,0.027,-0.014,-1.001,0.3,-0.7,0
112.6533242,168,0,19,0,0,0.027,-0.014,-1.001,0.3,-0.7,0
112.6633242,147,0,19,0,0,0.027,-0.014,-1.001,0.3,-0.7,0
112.6733242,147,0,19,0,0,0.027,-0.014,-1.001,0.3,-0.7,0
112.6833242,162,0,19,0,0,0.027,-0.014,-1.001,0.3,-0.7,0
112.6600779,154,0.01,19,0,0,0.029,-0.014,-0.999,0.3,-0.3,0
112.6700779,149,0.01,19,0,0,0.029,-0.014,-0.999,0.3,-0.3,0
112.6800779,158,0.01,19,0,0,0.029,-0.014,-0.999,0.3,-0.3,0
112.6900779,161,0.01,19,0,0,0.029,-0.014,-0.999,0.3,-0.3,0
112.7000779,168,0.01,19,0,0,0.029,-0.014,-0.999,0.3,-0.3,0
112.7970707,154,-0.01,19,0,0,0.026,-0.02,-0.996,0.4,-0.4,0
112.8070707,157,-0.01,19,0,0,0.026,-0.02,-0.996,0.4,-0.4,0
112.8170707,157,-0.01,19,0,0,0.026,-0.02,-0.996,0.4,-0.4,0
112.8270707,147,-0.01,19,0,0,0.026,-0.02,-0.996,0.4,-0.4,0
112.8370707,171,-0.01,19,0,0,0.026,-0.02,-0.996,0.4,-0.4,0
112.8576831,157,-0.01,19,0,0,0.026,-0.015,-1.01,0.4,-0.9,0
112.8676831,153,-0.01,19,0,0,0.026,-0.015,-1.01,0.4,-0.9,0
112.8776831,158,-0.01,19,0,0,0.026,-0.015,-1.01,0.4,-0.9,0
112.8876831,142,-0.01,19,0,0,0.026,-0.015,-1.01,0.4,-0.9,0
112.8976831,154,-0.01,19,0,0,0.026,-0.015,-1.01,0.4,-0.9,0
112.915795,165,-0.01,19,0,0,0.027,-0.015,-0.999,0.3,-0.4,0.1
112.925795,160,-0.01,19,0,0,0.027,-0.015,-0.999,0.3,-0.4,0.1
112.935795,166,-0.01,19,0,0,0.027,-0.015,-0.999,0.3,-0.4,0.1
112.945795,152,-0.01,19,0,0,0.027,-0.015,-0.999,0.3,-0.4,0.1
112.955795,145,-0.01,19,0,0,0.027,-0.015,-0.999,0.3,-0.4,0.1
112.9997326,171,-0.02,19,0,0,0.027,-0.015,-0.999,0.3,-0.7,0
113.0097326,149,-0.02,19,0,0,0.027,-0.015,-0.999,0.3,-0.7,0
113.0197326,145,-0.02,19,0,0,0.027,-0.015,-0.999,0.3,-0.7,0
113.0297326,153,-0.02,19,0,0,0.027,-0.015,-0.999,0.3,-0.7,0
113.0397326,150,-0.02,19,0,0,0.027,-0.015,-0.999,0.3,-0.7,0
113.0642134,142,0,19,0,0,0.026,-0.014,-1.005,0.3,-0.5,0
113.0742134,151,0,19,0,0,0.026,-0.014,-1.005,0.3,-0.5,0
113.0842134,161,0,19,0,0,0.026,-0.014,-1.005,0.3,-0.5,0
113.0942134,155,0,19,0,0,0.026,-0.014,-1.005,0.3,-0.5,0
113.1042134,149,0,19,0,0,0.026,-0.014,-1.005,0.3,-0.5,0
113.1986185,156,0,19,0,0,0.026,-0.012,-1.009,0.3,-0.9,0
113.2086185,148,0,19,0,0,0.026,-0.012,-1.009,0.3,-0.9,0
113.2186185,169,0,19,0,0,0.026,-0.012,-1.009,0.3,-0.9,0
113.2286185,157,0,19,0,0,0.026,-0.012,-1.009,0.3,-0.9,0
113.2386185,156,0,19,0,0,0.026,-0.012,-1.009,0.3,-0.9,0
113.2658396,159,0,19,0,0,0.028,-0.014,-0.996,0.3,-0.5,0
113.2758396,140,0,19,0,0,0.028,-0.014,-0.996,0.3,-0.5,0
113.2858396,154,0,19,0,0,0.028,-0.014,-0.996,0.3,-0.5,0
113.2958396,154,0,19,0,0,0.028,-0.014,-0.996,0.3,-0.5,0
113.3058396,166,0,19,0,0,0.028,-0.014,-0.996,0.3,-0.5,0
113.3135132,168,0,19,0,0,0.027,-0.019,-1.004,0.3,-0.6,0
113.3235132,152,0,19,0,0,0.027,-0.019,-1.004,0.3,-0.6,0
113.3335132,153,0,19,0,0,0.027,-0.019,-1.004,0.3,-0.6,0
113.3435132,154,0,19,0,0,0.027,-0.019,-1.004,0.3,-0.6,0
113.3535132,154,0,19,0,0,0.027,-0.019,-1.004,0.3,-0.6,0
113.3790067,150,0,19,0,0,0.029,-0.013,-1,0.4,-0.3,0
113.3890067,153,0,19,0,0,0.029,-0.013,-1,0.4,-0.3,0
113.3990067,151,0,19,0,0,0.029,-0.013,-1,0.4,-0.3,0
113.4090067,161,0,19,0,0,0.029,-0.013,-1,0.4,-0.3,0
113.4190067,166,0,19,0,0,0.029,-0.013,-1,0.4,-0.3,0
113.4988403,147,0,19,0,0,0.028,-0.016,-1,0.3,-0.4,0
113.5088403,167,0,19,0,0,0.028,-0.016,-1,0.3,-0.4,0
113.5188403,155,0,19,0,0,0.028,-0.016,-1,0.3,-0.4,0
113.5288403,163,0,19,0,0,0.028,-0.016,-1,0.3,-0.4,0
113.5388403,163,0,19,0,0,0.028,-0.016,-1,0.3,-0.4,0
113.6148355,161,0,19,0,0,0.028,-0.018,-0.992,0.3,-0.5,0
113.6248355,156,0,19,0,0,0.028,-0.018,-0.992,0.3,-0.5,0
113.6348355,163,0,19,0,0,0.028,-0.018,-0.992,0.3,-0.5,0
113.6448355,154,0,19,0,0,0.028,-0.018,-0.992,0.3,-0.5,0
113.6548355,145,0,19,0,0,0.028,-0.018,-0.992,0.3,-0.5,0
113.7079232,155,0,19,0,0,0.027,-0.019,-1.002,0.3,-0.6,0
113.7179232,157,0,19,0,0,0.027,-0.019,-1.002,0.3,-0.6,0
113.7279232,155,0,19,0,0,0.027,-0.019,-1.002,0.3,-0.6,0
113.7379232,158,0,19,0,0,0.027,-0.019,-1.002,0.3,-0.6,0
113.7479232,161,0,19,0,0,0.027,-0.019,-1.002,0.3,-0.6,0
113.7639568,167,0.02,19,0,0,0.026,-0.015,-1.004,0.3,-0.4,0
113.7739568,147,0.02,19,0,0,0.026,-0.015,-1.004,0.3,-0.4,0
113.7839568,148,0.02,19,0,0,0.026,-0.015,-1.004,0.3,-0.4,0
113.7939568,162,0.02,19,0,0,0.026,-0.015,-1.004,0.3,-0.4,0
113.8039568,153,0.02,19,0,0,0.026,-0.015,-1.004,0.3,-0.4,0
113.8818052,163,-0.01,19,0,0,0.027,-0.013,-1.002,0.3,-0.4,0
113.8918052,166,-0.01,19,0,0,0.027,-0.013,-1.002,0.3,-0.4,0
113.9018052,149,-0.01,19,0,0,0.027,-0.013,-1.002,0.3,-0.4,0
113.9118052,146,-0.01,19,0,0,0.027,-0.013,-1.002,0.3,-0.4,0
113.9218052,160,-0.01,19,0,0,0.027,-0.013,-1.002,0.3,-0.4,0
113.910717,145,-0.01,19,0,0,0.027,-0.014,-1.009,0.3,-0.5,0
113.920717,173,-0.01,19,0,0,0.027,-0.014,-1.009,0.3,-0.5,0
113.930717,162,-0.01,19,0,0,0.027,-0.014,-1.009,0.3,-0.5,0
113.940717,137,-0.01,19,0,0,0.027,-0.014,-1.009,0.3,-0.5,0
113.950717,159,-0.01,19,0,0,0.027,-0.014,-1.009,0.3,-0.5,0
114.0583925,139,0,19,0,0,0.026,-0.02,-1.003,0.3,-0.5,0
114.0683925,156,0,19,0,0,0.026,-0.02,-1.003,0.3,-0.5,0
114.0783925,161,0,19,0,0,0.026,-0.02,-1.003,0.3,-0.5,0
114.0883925,159,0,19,0,0,0.026,-0.02,-1.003,0.3,-0.5,0
114.0983925,168,0,19,0,0,0.026,-0.02,-1.003,0.3,-0.5,0
114.0848173,152,0,19,0,0,0.028,-0.014,-1.001,0.3,-0.8,0
114.0948173,147,0,19,0,0,0.028,-0.014,-1.001,0.3,-0.8,0
114.1048173,159,0,19,0,0,0.028,-0.014,-1.001,0.3,-0.8,0
114.1148173,152,0,19,0,0,0.028,-0.014,-1.001,0.3,-0.8,0
114.1248173,161,0,19,0,0,0.028,-0.014,-1.001,0.3,-0.8,0
114.1999325,157,0.01,19,0,0,0.026,-0.014,-1,0.3,-0.5,0
114.2099325,168,0.01,19,0,0,0.026,-0.014,-1,0.3,-0.5,0
114.2199325,146,0.01,19,0,0,0.026,-0.014,-1,0.3,-0.5,0
114.2299325,148,0.01,19,0,0,0.026,-0.014,-1,0.3,-0.5,0
114.2399325,159,0.01,19,0,0,0.026,-0.014,-1,0.3,-0.5,0
114.2906176,164,0,19,0,0,0.028,-0.012,-1.007,0.2,-0.7,0
114.3006176,158,0,19,0,0,0.028,-0.012,-1.007,0.2,-0.7,0
114.3106176,164,0,19,0,0,0.028,-0.012,-1.007,0.2,-0.7,0
114.3206176,163,0,19,0,0,0.028,-0.012,-1.007,0.2,-0.7,0
114.3306176,134,0,19,0,0,0.028,-0.012,-1.007,0.2,-0.7,0
114.3950181,156,0,19,0,0,0.026,-0.017,-1,0.3,-0.4,0
114.4050181,163,0,19,0,0,0.026,-0.017,-1,0.3,-0.4,0
114.4150181,159,0,19,0,0,0.026,-0.017,-1,0.3,-0.4,0
114.4250181,139,0,19,0,0,0.026,-0.017,-1,0.3,-0.4,0
114.4350181,155,0,19,0,0,0.026,-0.017,-1,0.3,-0.4,0
114.4108998,153,-0.01,19,0,0,0.029,-0.02,-1,0.4,-0.5,0
114.4208998,170,-0.01,19,0,0,0.029,-0.02,-1,0.4,-0.5,0
114.4308998,163,-0.01,19,0,0,0.029,-0.02,-1,0.4,-0.5,0
114.4408998,147,-0.01,19,0,0,0.029,-0.02,-1,0.4,-0.5,0
114.4508998,154,-0.01,19,0,0,0.029,-0.02,-1,0.4,-0.5,0
114.4787395,157,-0.01,19,0,0,0.027,-0.01,-1.01,0.3,-0.6,0
114.4887395,152,-0.01,19,0,0,0.027,-0.01,-1.01,0.3,-0.6,0
114.4987395,159,-0.01,19,0,0,0.027,-0.01,-1.01,0.3,-0.6,0
114.5087395,154,-0.01,19,0,0,0.027,-0.01,-1.01,0.3,-0.6,0
114.5187395,159,-0.01,19,0,0,0.027,-0.01,-1.01,0.3,-0.6,0
114.5824636,160,-0.02,19,0,0,0.028,-0.02,-1.003,0.4,-0.4,0
114.5924636,162,-0.02,19,0,0,0.028,-0.02,-1.003,0.4,-0.4,0
114.6024636,151,-0.02,19,0,0,0.028,-0.02,-1.003,0.4,-0.4,0
114.6124636,151,-0.02,19,0,0,0.028,-0.02,-1.003,0.4,-0.4,0
114.6224636,150,-0.02,19,0,0,0.028,-0.02,-1.003,0.4,-0.4,0
114.6422009,161,0,19,0,0,0.027,-0.013,-1.001,0.3,-0.7,0
114.6522009,156,0,19,0,0,0.027,-0.013,-1.001,0.3,-0.7,0
114.6622009,149,0,19,0,0,0.027,-0.013,-1.001,0.3,-0.7,0
114.6722009,172,0,19,0,0,0.027,-0.013,-1.001,0.3,-0.7,0
114.6822009,151,0,19,0,0,0.027,-0.013,-1.001,0.3,-0.7,0
114.7659754,155,0.01,19,0,0,0.028,-0.018,-1.001,0.4,-0.5,0.1
114.7759754,152,0.01,19,0,0,0.028,-0.018,-1.001,0.4,-0.5,0.1
114.7859754,147,0.01,19,0,0,0.028,-0.018,-1.001,0.4,-0.5,0.1
114.7959754,154,0.01,19,0,0,0.028,-0.018,-1.001,0.4,-0.5,0.1
114.8059754,168,0.01,19,0,0,0.028,-0.018,-1.001,0.4,-0.5,0.1
114.8975498,158,0,19,0,0,0.028,-0.018,-0.993,0.3,-0.6,0
114.9075498,144,0,19,0,0,0.028,-0.018,-0.993,0.3,-0.6,0
114.9175498,155,0,19,0,0,0.028,-0.018,-0.993,0.3,-0.6,0
114.9275498,162,0,19,0,0,0.028,-0.018,-0.993,0.3,-0.6,0
114.9375498,161,0,19,0,0,0.028,-0.018,-0.993,0.3,-0.6,0
115.0611962,155,0,19,0,0,0.027,-0.012,-1.004,0.3,-0.7,0
115.0711962,150,0,19,0,0,0.027,-0.012,-1.004,0.3,-0.7,0
115.0811962,162,0,19,0,0,0.027,-0.012,-1.004,0.3,-0.7,0
115.0911962,166,0,19,0,0,0.027,-0.012,-1.004,0.3,-0.7,0
115.1011962,149,0,19,0,0,0.027,-0.012,-1.004,0.3,-0.7,0
115.0717974,136,0,19,0,0,0.027,-0.018,-1.004,0.3,-0.8,0
115.0817974,159,0,19,0,0,0.027,-0.018,-1.004,0.3,-0.8,0
115.0917974,162,0,19,0,0,0.027,-0.018,-1.004,0.3,-0.8,0
115.1017974,162,0,19,0,0,0.027,-0.018,-1.004,0.3,-0.8,0
115.1117974,155,0,19,0,0,0.027,-0.018,-1.004,0.3,-0.8,0
115.2122177,159,0,19,0,0,0.028,-0.017,-0.997,0.3,-0.7,0
115.2222177,168,0,19,0,0,0.028,-0.017,-0.997,0.3,-0.7,0
115.2322177,152,0,19,0,0,0.028,-0.017,-0.997,0.3,-0.7,0
115.2422177,150,0,19,0,0,0.028,-0.017,-0.997,0.3,-0.7,0
115.2522177,156,0,19,0,0,0.028,-0.017,-0.997,0.3,-0.7,0
115.3468426,153,0.01,19,0,0,0.027,-0.011,-1.002,0.3,-0.9,0
115.3568426,161,0.01,19,0,0,0.027,-0.011,-1.002,0.3,-0.9,0
115.3668426,155,0.01,19,0,0,0.027,-0.011,-1.002,0.3,-0.9,0
115.3768426,168,0.01,19,0,0,0.027,-0.011,-1.002,0.3,-0.9,0
115.3868426,150,0.01,19,0,0,0.027,-0.011,-1.002,0.3,-0.9,0
115.3821584,156,0.01,19,0,0,0.028,-0.012,-1.008,0.3,-0.9,0
115.3921584,144,0.01,19,0,0,0.028,-0.012,-1.008,0.3,-0.9,0
115.4021584,168,0.01,19,0,0,0.028,-0.012,-1.008,0.3,-0.9,0
115.4121584,156,0.01,19,0,0,0.028,-0.012,-1.008,0.3,-0.9,0
115.4221584,162,0.01,19,0,0,0.028,-0.012,-1.008,0.3,-0.9,0
115.5021438,151,-0.01,19,0,0,0.027,-0.012,-1.001,0.3,-0.4,0
115.5121438,156,-0.01,19,0,0,0.027,-0.012,-1.001,0.3,-0.4,0
115.5221438,161,-0.01,19,0,0,0.027,-0.012,-1.001,0.3,-0.4,0
115.5321438,146,-0.01,19,0,0,0.027,-0.012,-1.001,0.3,-0.4,0
115.5421438,171,-0.01,19,0,0,0.027,-0.012,-1.001,0.3,-0.4,0
115.59563,154,0,19,0,0,0.026,-0.013,-1.002,0.3,-0.4,0
115.60563,163,0,19,0,0,0.026,-0.013,-1.002,0.3,-0.4,0
115.61563,149,0,19,0,0,0.026,-0.013,-1.002,0.3,-0.4,0
115.62563,156,0,19,0,0,0.026,-0.013,-1.002,0.3,-0.4,0
115.63563,158,0,19,0,0,0.026,-0.013,-1.002,0.3,-0.4,0
115.6400986,145,0,19,0,0,0.026,-0.018,-1,0.3,-0.9,0
115.6500986,153,0,19,0,0,0.026,-0.018,-1,0.3,-0.9,0
115.6600986,170,0,19,0,0,0.026,-0.018,-1,0.3,-0.9,0
115.6700986,158,0,19,0,0,0.026,-0.018,-1,0.3,-0.9,0
115.6800986,167,0,19,0,0,0.026,-0.018,-1,0.3,-0.9,0
115.7632729,156,0,19,0,0,0.027,-0.015,-1.008,0.3,-0.8,0
115.7732729,151,0,19,0,0,0.027,-0.015,-1.008,0.3,-0.8,0
115.7832729,146,0,19,0,0,0.027,-0.015,-1.008,0.3,-0.8,0
115.7932729,162,0,19,0,0,0.027,-0.015,-1.008,0.3,-0.8,0
115.8032729,157,0,19,0,0,0.027,-0.015,-1.008,0.3,-0.8,0
115.8340549,160,0,19,0,0,0.027,-0.021,-1.003,0.4,-0.5,0
115.8440549,155,0,19,0,0,0.027,-0.021,-1.003,0.4,-0.5,0
115.8540549,156,0,19,0,0,0.027,-0.021,-1.003,0.4,-0.5,0
115.8640549,157,0,19,0,0,0.027,-0.021,-1.003,0.4,-0.5,0
115.8740549,151,0,19,0,0,0.027,-0.021,-1.003,0.4,-0.5,0
115.9310213,153,-0.01,19,0,0,0.027,-0.014,-1.002,0.3,-0.3,0.1
115.9410213,167,-0.01,19,0,0,0.027,-0.014,-1.002,0.3,-0.3,0.1
115.9510213,162,-0.01,19,0,0,0.027,-0.014,-1.002,0.3,-0.3,0.1
115.9610213,147,-0.01,19,0,0,0.027,-0.014,-1.002,0.3,-0.3,0.1
115.9710213,159,-0.01,19,0,0,0.027,-0.014,-1.002,0.3,-0.3,0.1
115.9830669,148,0,19,0,0,0.028,-0.02,-1,0.4,-0.9,0
115.9930669,159,0,19,0,0,0.028,-0.02,-1,0.4,-0.9,0
116.0030669,161,0,19,0,0,0.028,-0.02,-1,0.4,-0.9,0
116.0130669,148,0,19,0,0,0.028,-0.02,-1,0.4,-0.9,0
116.0230669,162,0,19,0,0,0.028,-0.02,-1,0.4,-0.9,0
116.0588372,160,-0.01,19,0,0,0.026,-0.015,-1.001,0.4,-0.4,0
116.0688372,159,-0.01,19,0,0,0.026,-0.015,-1.001,0.4,-0.4,0
116.0788372,156,-0.01,19,0,0,0.026,-0.015,-1.001,0.4,-0.4,0
116.0888372,144,-0.01,19,0,0,0.026,-0.015,-1.001,0.4,-0.4,0
116.0988372,156,-0.01,19,0,0,0.026,-0.015,-1.001,0.4,-0.4,0
116.2247219,135,0,19,0,0,0.027,-0.02,-1.001,0.2,-0.5,0
116.2347219,160,0,19,0,0,0.027,-0.02,-1.001,0.2,-0.5,0
116.2447219,155,0,19,0,0,0.027,-0.02,-1.001,0.2,-0.5,0
116.2547219,156,0,19,0,0,0.027,-0.02,-1.001,0.2,-0.5,0
116.2647219,157,0,19,0,0,0.027,-0.02,-1.001,0.2,-0.5,0
116.3328295,160,0.01,19,0,0,0.026,-0.019,-1,0.3,-0.8,0
116.3428295,168,0.01,19,0,0,0.026,-0.019,-1,0.3,-0.8,0
116.3528295,149,0.01,19,0,0,0.026,-0.019,-1,0.3,-0.8,0
116.3628295,147,0.01,19,0,0,0.026,-0.019,-1,0.3,-0.8,0
116.3728295,160,0.01,19,0,0,0.026,-0.019,-1,0.3,-0.8,0
116.4571216,151,0,19,0,0,0.024,-0.011,-1.01,0.3,-0.6,0
116.4671216,162,0,19,0,0,0.024,-0.011,-1.01,0.3,-0.6,0
116.4771216,160,0,19,0,0,0.024,-0.011,-1.01,0.3,-0.6,0
116.4871216,156,0,19,0,0,0.024,-0.011,-1.01,0.3,-0.6,0
116.4971216,155,0,19,0,0,0.024,-0.011,-1.01,0.3,-0.6,0
116.5422631,150,0,19,0,0,0.028,-0.017,-0.995,0.3,-0.4,0.1
116.5522631,159,0,19,0,0,0.028,-0.017,-0.995,0.3,-0.4,0.1
116.5622631,157,0,19,0,0,0.028,-0.017,-0.995,0.3,-0.4,0.1
116.5722631,146,0,19,0,0,0.028,-0.017,-0.995,0.3,-0.4,0.1
116.5822631,166,0,19,0,0,0.028,-0.017,-0.995,0.3,-0.4,0.1
116.5803198,163,0,19,0,0,0.027,-0.013,-1.002,0.3,-0.8,0
116.5903198,142,0,19,0,0,0.027,-0.013,-1.002,0.3,-0.8,0
116.6003198,149,0,19,0,0,0.027,-0.013,-1.002,0.3,-0.8,0
116.6103198,155,0,19,0,0,0.027,-0.013,-1.002,0.3,-0.8,0
116.6203198,163,0,19,0,0,0.027,-0.013,-1.002,0.3,-0.8,0
116.6574393,144,0,19,0,0,0.028,-0.018,-0.998,0.3,-0.4,0
116.6674393,169,0,19,0,0,0.028,-0.018,-0.998,0.3,-0.4,0
116.6774393,157,0,19,0,0,0.028,-0.018,-0.998,0.3,-0.4,0
116.6874393,163,0,19,0,0,0.028,-0.018,-0.998,0.3,-0.4,0
116.6974393,157,0,19,0,0,0.028,-0.018,-0.998,0.3,-0.4,0
116.7914876,154,-0.01,19,0,0,0.028,-0.018,-1.002,0.4,-0.4,0
116.8014876,157,-0.01,19,0,0,0.028,-0.018,-1.002,0.4,-0.4,0
116.8114876,146,-0.01,19,0,0,0.028,-0.018,-1.002,0.4,-0.4,0
116.8214876,153,-0.01,19,0,0,0.028,-0.018,-1.002,0.4,-0.4,0
116.8314876,161,-0.01,19,0,0,0.028,-0.018,-1.002,0.4,-0.4,0
116.8613023,149,0.01,19,0,0,0.027,-0.021,-0.997,0.3,-0.7,0
116.8713023,148,0.01,19,0,0,0.027,-0.021,-0.997,0.3,-0.7,0
116.8813023,163,0.01,19,0,0,0.027,-0.021,-0.997,0.3,-0.7,0
116.8913023,159,0.01,19,0,0,0.027,-0.021,-0.997,0.3,-0.7,0
116.9013023,147,0.01,19,0,0,0.027,-0.021,-0.997,0.3,-0.7,0
116.9282677,146,0.02,19,0,0,0.026,-0.02,-1.006,0.3,-0.5,0
116.9382677,150,0.02,19,0,0,0.026,-0.02,-1.006,0.3,-0.5,0
116.9482677,161,0.02,19,0,0,0.026,-0.02,-1.006,0.3,-0.5,0
116.9582677,145,0.02,19,0,0,0.026,-0.02,-1.006,0.3,-0.5,0
116.9682677,158,0.02,19,0,0,0.026,-0.02,-1.006,0.3,-0.5,0
116.9834849,152,-0.01,19,0,0,0.028,-0.021,-0.997,0.4,-0.4,0
116.9934849,167,-0.01,19,0,0,0.028,-0.021,-0.997,0.4,-0.4,0
117.0034849,158,-0.01,19,0,0,0.028,-0.021,-0.997,0.4,-0.4,0
117.0134849,145,-0.01,19,0,0,0.028,-0.021,-0.997,0.4,-0.4,0
117.0234849,172,-0.01,19,0,0,0.028,-0.021,-0.997,0.4,-0.4,0
117.0956119,166,0,19,0,0,0.029,-0.02,-1,0.3,-0.9,0
117.1056119,141,0,19,0,0,0.029,-0.02,-1,0.3,-0.9,0
117.1156119,153,0,19,0,0,0.029,-0.02,-1,0.3,-0.9,0
117.1256119,165,0,19,0,0,0.029,-0.02,-1,0.3,-0.9,0
117.1356119,162,0,19,0,0,0.029,-0.02,-1,0.3,-0.9,0
117.1309828,152,0,19,0,0,0.028,-0.017,-1.001,0.3,-0.4,0
117.1409828,155,0,19,0,0,0.028,-0.017,-1.001,0.3,-0.4,0
117.1509828,148,0,19,0,0,0.028,-0.017,-1.001,0.3,-0.4,0
117.1609828,161,0,19,0,0,0.028,-0.017,-1.001,0.3,-0.4,0
117.1709828,161,0,19,0,0,0.028,-0.017,-1.001,0.3,-0.4,0
117.2958111,160,-0.02,19,0,0,0.027,-0.013,-1.005,0.4,-0.3,0
117.3058111,162,-0.02,19,0,0,0.027,-0.013,-1.005,0.4,-0.3,0
117.3158111,152,-0.02,19,0,0,0.027,-0.013,-1.005,0.4,-0.3,0
117.3258111,149,-0.02,19,0,0,0.027,-0.013,-1.005,0.4,-0.3,0
117.3358111,150,-0.02,19,0,0,0.027,-0.013,-1.005,0.4,-0.3,0
117.3640442,162,0,19,0,0,0.027,-0.016,-1,0.2,-0.8,0
117.3740442,150,0,19,0,0,0.027,-0.016,-1,0.2,-0.8,0
117.3840442,160,0,19,0,0,0.027,-0.016,-1,0.2,-0.8,0
117.3940442,166,0,19,0,0,0.027,-0.016,-1,0.2,-0.8,0
117.4040442,147,0,19,0,0,0.027,-0.016,-1,0.2,-0.8,0
117.4508354,170,0,19,0,0,0.028,-0.02,-0.993,0.3,-0.8,0
117.4608354,154,0,19,0,0,0.028,-0.02,-0.993,0.3,-0.8,0
117.4708354,152,0,19,0,0,0.028,-0.02,-0.993,0.3,-0.8,0
117.4808354,165,0,19,0,0,0.028,-0.02,-0.993,0.3,-0.8,0
117.4908354,142,0,19,0,0,0.028,-0.02,-0.993,0.3,-0.8,0
117.4827215,166,0.02,19,0,0,0.028,-0.016,-0.997,0.3,-0.7,0
117.4927215,143,0.02,19,0,0,0.028,-0.016,-0.997,0.3,-0.7,0
117.5027215,157,0.02,19,0,0,0.028,-0.016,-0.997,0.3,-0.7,0
117.5127215,148,0.02,19,0,0,0.028,-0.016,-0.997,0.3,-0.7,0
117.5227215,161,0.02,19,0,0,0.028,-0.016,-0.997,0.3,-0.7,0
117.6138285,156,0,19,0,0,0.026,-0.014,-1.008,0.3,-0.9,0
117.6238285,146,0,19,0,0,0.026,-0.014,-1.008,0.3,-0.9,0
117.6338285,154,0,19,0,0,0.026,-0.014,-1.008,0.3,-0.9,0
117.6438285,161,0,19,0,0,0.026,-0.014,-1.008,0.3,-0.9,0
117.6538285,158,0,19,0,0,0.026,-0.014,-1.008,0.3,-0.9,0
117.6797918,166,0,19,0,0,0.027,-0.014,-0.997,0.2,-0.6,0
117.6897918,139,0,19,0,0,0.027,-0.014,-0.997,0.2,-0.6,0
117.6997918,150,0,19,0,0,0.027,-0.014,-0.997,0.2,-0.6,0
117.7097918,161,0,19,0,0,0.027,-0.014,-0.997,0.2,-0.6,0
117.7197918,157,0,19,0,0,0.027,-0.014,-0.997,0.2,-0.6,0
117.7841407,156,-0.01,19,0,0,0.027,-0.02,-0.995,0.3,-0.7,0
117.7941407,154,-0.01,19,0,0,0.027,-0.02,-0.995,0.3,-0.7,0
117.8041407,150,-0.01,19,0,0,0.027,-0.02,-0.995,0.3,-0.7,0
117.8141407,170,-0.01,19,0,0,0.027,-0.02,-0.995,0.3,-0.7,0
117.8241407,154,-0.01,19,0,0,0.027,-0.02,-0.995,0.3,-0.7,0
117.8321177,155,0,19,0,0,0.025,-0.015,-1.005,0.3,-0.4,0
117.8421177,158,0,19,0,0,0.025,-0.015,-1.005,0.3,-0.4,0
117.8521177,140,0,19,0,0,0.025,-0.015,-1.005,0.3,-0.4,0
117.8621177,156,0,19,0,0,0.025,-0.015,-1.005,0.3,-0.4,0
117.8721177,161,0,19,0,0,0.025,-0.015,-1.005,0.3,-0.4,0
117.9500583,158,0,19,0,0,0.026,-0.012,-1.009,0.3,-0.6,0
117.9600583,160,0,19,0,0,0.026,-0.012,-1.009,0.3,-0.6,0
117.9700583,162,0,19,0,0,0.026,-0.012,-1.009,0.3,-0.6,0
117.9800583,156,0,19,0,0,0.026,-0.012,-1.009,0.3,-0.6,0
117.9900583,144,0,19,0,0,0.026,-0.012,-1.009,0.3,-0.6,0
118.0134115,166,0.02,19,0,0,0.028,-0.015,-1,0.3,-0.6,0
118.0234115,150,0.02,19,0,0,0.028,-0.015,-1,0.3,-0.6,0
118.0334115,156,0.02,19,0,0,0.028,-0.015,-1,0.3,-0.6,0
118.0434115,148,0.02,19,0,0,0.028,-0.015,-1,0.3,-0.6,0
118.0534115,161,0.02,19,0,0,0.028,-0.015,-1,0.3,-0.6,0
118.1161841,153,-0.01,19,0,0,0.028,-0.011,-1.002,0.3,-0.8,0
118.1261841,160,-0.01,19,0,0,0.028,-0.011,-1.002,0.3,-0.8,0
118.1361841,168,-0.01,19,0,0,0.028,-0.011,-1.002,0.3,-0.8,0
118.1461841,141,-0.01,19,0,0,0.028,-0.011,-1.002,0.3,-0.8,0
118.1561841,162,-0.01,19,0,0,0.028,-0.011,-1.002,0.3,-0.8,0
118.1690244,149,-0.01,19,0,0,0.027,-0.013,-1,0.3,-0.4,0
118.1790244,160,-0.01,19,0,0,0.027,-0.013,-1,0.3,-0.4,0
118.1890244,157,-0.01,19,0,0,0.027,-0.013,-1,0.3,-0.4,0
118.1990244,149,-0.01,19,0,0,0.027,-0.013,-1,0.3,-0.4,0
118.2090244,169,-0.01,19,0,0,0.027,-0.013,-1,0.3,-0.4,0
118.303393,150,0,19,0,0,0.027,-0.021,-0.998,0.3,-0.5,0
118.313393,152,0,19,0,0,0.027,-0.021,-0.998,0.3,-0.5,0
118.323393,148,0,19,0,0,0.027,-0.021,-0.998,0.3,-0.5,0
118.333393,162,0,19,0,0,0.027,-0.021,-0.998,0.3,-0.5,0
118.343393,161,0,19,0,0,0.027,-0.021,-0.998,0.3,-0.5,0
118.3728354,171,-0.01,19,0,0,0.029,-0.019,-0.994,0.3,-0.6,0
118.3828354,148,-0.01,19,0,0,0.029,-0.019,-0.994,0.3,-0.6,0
118.3928354,146,-0.01,19,0,0,0.029,-0.019,-0.994,0.3,-0.6,0
118.4028354,153,-0.01,19,0,0,0.029,-0.019,-0.994,0.3,-0.6,0
118.4128354,150,-0.01,19,0,0,0.029,-0.019,-0.994,0.3,-0.6,0
118.4367277,158,0,19,0,0,0.027,-0.02,-1.001,0.4,-0.6,0
118.4467277,150,0,19,0,0,0.027,-0.02,-1.001,0.4,-0.6,0
118.4567277,159,0,19,0,0,0.027,-0.02,-1.001,0.4,-0.6,0
118.4667277,157,0,19,0,0,0.027,-0.02,-1.001,0.4,-0.6,0
118.4767277,146,0,19,0,0,0.027,-0.02,-1.001,0.4,-0.6,0
118.481417,166,0,19,0,0,0.026,-0.015,-1.001,0.3,-0.8,0
118.491417,153,0,19,0,0,0.026,-0.015,-1.001,0.3,-0.8,0
118.501417,164,0,19,0,0,0.026,-0.015,-1.001,0.3,-0.8,0
118.511417,163,0,19,0,0,0.026,-0.015,-1.001,0.3,-0.8,0
118.521417,137,0,19,0,0,0.026,-0.015,-1.001,0.3,-0.8,0
118.6118559,159,0,19,0,0,0.027,-0.016,-1,0.4,-0.6,0
118.6218559,140,0,19,0,0,0.027,-0.016,-1,0.4,-0.6,0
118.6318559,154,0,19,0,0,0.027,-0.016,-1,0.4,-0.6,0
118.6418559,162,0,19,0,0,0.027,-0.016,-1,0.4,-0.6,0
118.6518559,161,0,19,0,0,0.027,-0.016,-1,0.4,-0.6,0
118.6304473,168,0.01,19,0,0,0.025,-0.015,-1.005,0.3,-0.6,0
118.6404473,150,0.01,19,0,0,0.025,-0.015,-1.005,0.3,-0.6,0
118.6504473,147,0.01,19,0,0,0.025,-0.015,-1.005,0.3,-0.6,0
118.6604473,159,0.01,19,0,0,0.025,-0.015,-1.005,0.3,-0.6,0
118.6704473,152,0.01,19,0,0,0.025,-0.015,-1.005,0.3,-0.6,0
118.7098791,156,0,19,0,0,0.027,-0.02,-0.996,0.3,-0.7,0
118.7198791,150,0,19,0,0,0.027,-0.02,-0.996,0.3,-0.7,0
118.7298791,162,0,19,0,0,0.027,-0.02,-0.996,0.3,-0.7,0
118.7398791,169,0,19,0,0,0.027,-0.02,-0.996,0.3,-0.7,0
118.7498791,150,0,19,0,0,0.027,-0.02,-0.996,0.3,-0.7,0
118.780474,159,-0.02,19,0,0,0.027,-0.019,-1.003,0.4,-0.4,0
118.790474,158,-0.02,19,0,0,0.027,-0.019,-1.003,0.4,-0.4,0
118.800474,166,-0.02,19,0,0,0.027,-0.019,-1.003,0.4,-0.4,0
118.810474,149,-0.02,19,0,0,0.027,-0.019,-1.003,0.4,-0.4,0
118.820474,148,-0.02,19,0,0,0.027,-0.019,-1.003,0.4,-0.4,0
118.852713,146,0,19,0,0,0.028,-0.02,-1,0.3,-0.4,0
118.862713,168,0,19,0,0,0.028,-0.02,-1,0.3,-0.4,0
118.872713,155,0,19,0,0,0.028,-0.02,-1,0.3,-0.4,0
118.882713,164,0,19,0,0,0.028,-0.02,-1,0.3,-0.4,0
118.892713,161,0,19,0,0,0.028,-0.02,-1,0.3,-0.4,0
118.9129402,159,0,19,0,0,0.027,-0.02,-0.999,0.3,-0.8,0
118.9229402,155,0,19,0,0,0.027,-0.02,-0.999,0.3,-0.8,0
118.9329402,149,0,19,0,0,0.027,-0.02,-0.999,0.3,-0.8,0
118.9429402,171,0,19,0,0,0.027,-0.02,-0.999,0.3,-0.8,0
118.9529402,155,0,19,0,0,0.027,-0.02,-0.999,0.3,-0.8,0
118.9624062,160,0.01,19,0,0,0.027,-0.017,-0.999,0.4,-0.5,0
118.9724062,158,0.01,19,0,0,0.027,-0.017,-0.999,0.4,-0.5,0
118.9824062,137,0.01,19,0,0,0.027,-0.017,-0.999,0.4,-0.5,0
118.9924062,158,0.01,19,0,0,0.027,-0.017,-0.999,0.4,-0.5,0
119.0024062,165,0.01,19,0,0,0.027,-0.017,-0.999,0.4,-0.5,0
119.104038,155,0,19,0,0,0.025,-0.013,-1.006,0.3,-0.5,0
119.114038,162,0,19,0,0,0.025,-0.013,-1.006,0.3,-0.5,0
119.124038,161,0,19,0,0,0.025,-0.013,-1.006,0.3,-0.5,0
119.134038,168,0,19,0,0,0.025,-0.013,-1.006,0.3,-0.5,0
119.144038,138,0,19,0,0,0.025,-0.013,-1.006,0.3,-0.5,0
119.1672244,157,0.01,19,0,0,0.026,-0.013,-1.004,0.3,-0.7,0
119.1772244,151,0.01,19,0,0,0.026,-0.013,-1.004,0.3,-0.7,0
119.1872244,160,0.01,19,0,0,0.026,-0.013,-1.004,0.3,-0.7,0
119.1972244,163,0.01,19,0,0,0.026,-0.013,-1.004,0.3,-0.7,0
119.2072244,146,0.01,19,0,0,0.026,-0.013,-1.004,0.3,-0.7,0
119.2383714,146,-0.01,19,0,0,0.026,-0.013,-1.009,0.3,-0.8,0
119.2483714,167,-0.01,19,0,0,0.026,-0.013,-1.009,0.3,-0.8,0
119.2583714,163,-0.01,19,0,0,0.026,-0.013,-1.009,0.3,-0.8,0
119.2683714,138,-0.01,19,0,0,0.026,-0.013,-1.009,0.3,-0.8,0
119.2783714,160,-0.01,19,0,0,0.026,-0.013,-1.009,0.3,-0.8,0
119.3330691,153,-0.01,19,0,0,0.028,-0.011,-1,0.3,-0.4,0
119.3430691,157,-0.01,19,0,0,0.028,-0.011,-1,0.3,-0.4,0
119.3530691,156,-0.01,19,0,0,0.028,-0.011,-1,0.3,-0.4,0
119.3630691,158,-0.01,19,0,0,0.028,-0.011,-1,0.3,-0.4,0
119.3730691,154,-0.01,19,0,0,0.028,-0.011,-1,0.3,-0.4,0
119.3412726,165,-0.01,19,0,0,0.026,-0.019,-1.003,0.4,-0.4,0
119.3512726,155,-0.01,19,0,0,0.026,-0.019,-1.003,0.4,-0.4,0
119.3612726,151,-0.01,19,0,0,0.026,-0.019,-1.003,0.4,-0.4,0
119.3712726,149,-0.01,19,0,0,0.026,-0.019,-1.003,0.4,-0.4,0
119.3812726,154,-0.01,19,0,0,0.026,-0.019,-1.003,0.4,-0.4,0
119.4463359,161,0,19,0,0,0.027,-0.012,-1.004,0.3,-0.3,0
119.4563359,164,0,19,0,0,0.027,-0.012,-1.004,0.3,-0.3,0
119.4663359,154,0,19,0,0,0.027,-0.012,-1.004,0.3,-0.3,0
119.4763359,160,0,19,0,0,0.027,-0.012,-1.004,0.3,-0.3,0
119.4863359,163,0,19,0,0,0.027,-0.012,-1.004,0.3,-0.3,0
119.4866591,145,0,19,0,0,0.028,-0.016,-0.998,0.3,-0.8,0
119.4966591,158,0,19,0,0,0.028,-0.016,-0.998,0.3,-0.8,0
119.5066591,148,0,19,0,0,0.028,-0.016,-0.998,0.3,-0.8,0
119.5166591,152,0,19,0,0,0.028,-0.016,-0.998,0.3,-0.8,0
119.5266591,161,0,19,0,0,0.028,-0.016,-0.998,0.3,-0.8,0
119.5465036,158,0.01,19,0,0,0.028,-0.02,-0.998,0.4,-0.5,0
119.5565036,166,0.01,19,0,0,0.028,-0.02,-0.998,0.4,-0.5,0
119.5665036,148,0.01,19,0,0,0.028,-0.02,-0.998,0.4,-0.5,0
119.5765036,148,0.01,19,0,0,0.028,-0.02,-0.998,0.4,-0.5,0
119.5865036,159,0.01,19,0,0,0.028,-0.02,-0.998,0.4,-0.5,0
119.6375327,170,0.01,19,0,0,0.029,-0.014,-0.994,0.3,-0.5,0
119.6475327,139,0.01,19,0,0,0.029,-0.014,-0.994,0.3,-0.5,0
119.6575327,162,0.01,19,0,0,0.029,-0.014,-0.994,0.3,-0.5,0
119.6675327,149,0.01,19,0,0,0.029,-0.014,-0.994,0.3,-0.5,0
119.6775327,160,0.01,19,0,0,0.029,-0.014,-0.994,0.3,-0.5,0
119.7318283,156,-0.01,19,0,0,0.026,-0.017,-1.004,0.3,-0.5,0
119.7418283,163,-0.01,19,0,0,0.026,-0.017,-1.004,0.3,-0.5,0
119.7518283,158,-0.01,19,0,0,0.026,-0.017,-1.004,0.3,-0.5,0
119.7618283,139,-0.01,19,0,0,0.026,-0.017,-1.004,0.3,-0.5,0
119.7718283,155,-0.01,19,0,0,0.026,-0.017,-1.004,0.3,-0.5,0
119.7941502,149,0,19,0,0,0.027,-0.012,-1.003,0.3,-0.4,0
119.8041502,158,0,19,0,0,0.027,-0.012,-1.003,0.3,-0.4,0
119.8141502,149,0,19,0,0,0.027,-0.012,-1.003,0.3,-0.4,0
119.8241502,159,0,19,0,0,0.027,-0.012,-1.003,0.3,-0.4,0
119.8341502,159,0,19,0,0,0.027,-0.012,-1.003,0.3,-0.4,0
119.8393683,148,0,19,0,0,0.027,-0.017,-1,0.3,-0.7,0
119.8493683,162,0,19,0,0,0.027,-0.017,-1,0.3,-0.7,0
119.8593683,162,0,19,0,0,0.027,-0.017,-1,0.3,-0.7,0
119.8693683,158,0,19,0,0,0.027,-0.017,-1,0.3,-0.7,0
119.8793683,156,0,19,0,0,0.027,-0.017,-1,0.3,-0.7,0
119.9525177,159,0,19,0,0,0.026,-0.014,-1.007,0.3,-0.8,0
119.9625177,158,0,19,0,0,0.026,-0.014,-1.007,0.3,-0.8,0
119.9725177,145,0,19,0,0,0.026,-0.014,-1.007,0.3,-0.8,0
119.9825177,166,0,19,0,0,0.026,-0.014,-1.007,0.3,-0.8,0
119.9925177,156,0,19,0,0,0.026,-0.014,-1.007,0.3,-0.8,0
120.0427393,162,0,19,0,0,0.028,-0.014,-0.997,0.3,-0.6,0
120.0527393,163,0,19,0,0,0.028,-0.014,-0.997,0.3,-0.6,0
120.0627393,136,0,19,0,0,0.028,-0.014,-0.997,0.3,-0.6,0
120.0727393,160,0,19,0,0,0.028,-0.014,-0.997,0.3,-0.6,0
120.0827393,154,0,19,0,0,0.028,-0.014,-0.997,0.3,-0.6,0
120.1430232,155,0,19,0,0,0.027,-0.013,-1.001,0.3,-0.4,0
120.1530232,166,0,19,0,0,0.027,-0.013,-1.001,0.3,-0.4,0
120.1630232,156,0,19,0,0,0.027,-0.013,-1.001,0.3,-0.4,0
120.1730232,164,0,19,0,0,0.027,-0.013,-1.001,0.3,-0.4,0
120.1830232,152,0,19,0,0,0.027,-0.013,-1.001,0.3,-0.4,0
120.1976599,156,0,19,0,0,0.026,-0.02,-1.002,0.3,-0.8,0
120.2076599,156,0,19,0,0,0.026,-0.02,-1.002,0.3,-0.8,0
120.2176599,149,0,19,0,0,0.026,-0.02,-1.002,0.3,-0.8,0
120.2276599,154,0,19,0,0,0.026,-0.02,-1.002,0.3,-0.8,0
120.2376599,153,0,19,0,0,0.026,-0.02,-1.002,0.3,-0.8,0
120.40921,146,0,19,0,0,0.027,-0.013,-0.996,0.3,-0.5,0
120.41921,166,0,19,0,0,0.027,-0.013,-0.996,0.3,-0.5,0
120.42921,148,0,19,0,0,0.027,-0.013,-0.996,0.3,-0.5,0
120.43921,167,0,19,0,0,0.027,-0.013,-0.996,0.3,-0.5,0
120.44921,163,0,19,0,0,0.027,-0.013,-0.996,0.3,-0.5,0
120.5617474,167,0,19,0,0,0.029,-0.018,-0.995,0.3,-0.9,0
120.5717474,156,0,19,0,0,0.029,-0.018,-0.995,0.3,-0.9,0
120.5817474,151,0,19,0,0,0.029,-0.018,-0.995,0.3,-0.9,0
120.5917474,163,0,19,0,0,0.029,-0.018,-0.995,0.3,-0.9,0
120.6017474,161,0,19,0,0,0.029,-0.018,-0.995,0.3,-0.9,0
120.6933274,160,0.02,19,0,0,0.028,-0.015,-0.997,0.3,-0.3,0
120.7033274,142,0.02,19,0,0,0.028,-0.015,-0.997,0.3,-0.3,0
120.7133274,161,0.02,19,0,0,0.028,-0.015,-0.997,0.3,-0.3,0
120.7233274,162,0.02,19,0,0,0.028,-0.015,-0.997,0.3,-0.3,0
120.7333274,161,0.02,19,0,0,0.028,-0.015,-0.997,0.3,-0.3,0
120.8423126,155,0,19,0,0,0.026,-0.013,-1.008,0.3,-0.7,0
120.8523126,161,0,19,0,0,0.026,-0.013,-1.008,0.3,-0.7,0
120.8623126,157,0,19,0,0,0.026,-0.013,-1.008,0.3,-0.7,0
120.8723126,158,0,19,0,0,0.026,-0.013,-1.008,0.3,-0.7,0
120.8823126,151,0,19,0,0,0.026,-0.013,-1.008,0.3,-0.7,0
120.8916904,148,0,19,0,0,0.028,-0.017,-0.993,0.3,-0.7,0
120.9016904,154,0,19,0,0,0.028,-0.017,-0.993,0.3,-0.7,0
120.9116904,152,0,19,0,0,0.028,-0.017,-0.993,0.3,-0.7,0
120.9216904,171,0,19,0,0,0.028,-0.017,-0.993,0.3,-0.7,0
120.9316904,164,0,19,0,0,0.028,-0.017,-0.993,0.3,-0.7,0
120.9579646,150,0,19,0,0,0.026,-0.019,-1.007,0.4,-0.5,0
120.9679646,155,0,19,0,0,0.026,-0.019,-1.007,0.4,-0.5,0
120.9779646,154,0,19,0,0,0.026,-0.019,-1.007,0.4,-0.5,0
120.9879646,154,0,19,0,0,0.026,-0.019,-1.007,0.4,-0.5,0
120.9979646,161,0,19,0,0,0.026,-0.019,-1.007,0.4,-0.5,0
