Time_s,RPM,Iq_A,Vbat_V,Tinv_C,Treg_C,AccX_g,AccY_g,AccZ_g,GyrX_dps,GyrY_dps,GyrZ_dps
10.0411138,0,0,19,0,0,0.029,-0.015,-1,0.2,-0.6,0
10.0511138,0,0,19,0,0,0.029,-0.015,-1,0.2,-0.6,0
10.0611138,0,0,19,0,0,0.029,-0.015,-1,0.2,-0.6,0
10.0711138,0,0,19,0,0,0.029,-0.015,-1,0.2,-0.6,0
10.0811138,0,0,19,0,0,0.029,-0.015,-1,0.2,-0.6,0
10.0911138,0,0,19,0,0,0.029,-0.015,-1,0.2,-0.6,0
10.1011138,0,0,19,0,0,0.029,-0.015,-1,0.2,-0.6,0
10.1111138,0,0,19,0,0,0.029,-0.015,-1,0.2,-0.6,0
10.1211138,0,0,19,0,0,0.029,-0.015,-1,0.2,-0.6,0
10.1311138,0,0,19,0,0,0.029,-0.015,-1,0.2,-0.6,0
10.1896054,0,0,19,0,0,0.029,-0.015,-1,0.3,-0.6,0
10.1996054,0,0,19,0,0,0.029,-0.015,-1,0.3,-0.6,0
10.2096054,0,0,19,0,0,0.029,-0.015,-1,0.3,-0.6,0
10.2196054,0,0,19,0,0,0.029,-0.015,-1,0.3,-0.6,0
10.2296054,0,0,19,0,0,0.029,-0.015,-1,0.3,-0.6,0
10.2396054,0,0,19,0,0,0.029,-0.014,-0.999,0.3,-0.5,0
10.2496054,0,0,19,0,0,0.029,-0.014,-0.999,0.3,-0.5,0
10.2596054,0,0,19,0,0,0.029,-0.014,-0.999,0.3,-0.5,0
10.2696054,0,0,19,0,0,0.029,-0.014,-0.999,0.3,-0.5,0
10.2796054,0,0,19,0,0,0.029,-0.014,-0.999,0.3,-0.5,0
10.2896054,0,-0.01,19,0,0,0.029,-0.015,-1,0.3,-0.6,0
10.2996054,0,-0.01,19,0,0,0.029,-0.015,-1,0.3,-0.6,0
10.3096054,0,-0.01,19,0,0,0.029,-0.015,-1,0.3,-0.6,0
10.3196054,0,-0.01,19,0,0,0.029,-0.015,-1,0.3,-0.6,0
10.3296054,0,-0.01,19,0,0,0.029,-0.015,-1,0.3,-0.6,0
10.3396054,0,0,19,0,0,0.03,-0.015,-1,0.2,-0.6,0
10.3496054,0,0,19,0,0,0.03,-0.015,-1,0.2,-0.6,0
10.3596054,0,0,19,0,0,0.03,-0.015,-1,0.2,-0.6,0
10.3696054,0,0,19,0,0,0.03,-0.015,-1,0.2,-0.6,0
10.3796054,0,0,19,0,0,0.03,-0.015,-1,0.2,-0.6,0
10.3896054,0,0,19,0,0,0.029,-0.015,-1,0.3,-0.6,0.1
10.3996054,0,0,19,0,0,0.029,-0.015,-1,0.3,-0.6,0.1
10.4096054,0,0,19,0,0,0.029,-0.015,-1,0.3,-0.6,0.1
10.4196054,0,0,19,0,0,0.029,-0.015,-1,0.3,-0.6,0.1
10.4296054,0,0,19,0,0,0.029,-0.015,-1,0.3,-0.6,0.1
10.4396054,0,0,19,0,0,0.029,-0.014,-1,0.3,-0.6,0
10.4496054,0,0,19,0,0,0.029,-0.014,-1,0.3,-0.6,0
10.4596054,0,0,19,0,0,0.029,-0.014,-1,0.3,-0.6,0
10.4696054,0,0,19,0,0,0.029,-0.014,-1,0.3,-0.6,0
10.4796054,0,0,19,0,0,0.029,-0.014,-1,0.3,-0.6,0
10.4896054,0,0,19,0,0,0.029,-0.014,-1,0.3,-0.6,0
10.4996054,0,0,19,0,0,0.029,-0.014,-1,0.3,-0.6,0
10.5096054,0,0,19,0,0,0.029,-0.014,-1,0.3,-0.6,0
10.5196054,0,0,19,0,0,0.029,-0.014,-1,0.3,-0.6,0
10.5296054,0,0,19,0,0,0.029,-0.014,-1,0.3,-0.6,0
10.5396054,0,0,19,0,0,0.03,-0.015,-1,0.3,-0.6,0
10.5496054,0,0,19,0,0,0.03,-0.015,-1,0.3,-0.6,0
10.5596054,0,0,19,0,0,0.03,-0.015,-1,0.3,-0.6,0
10.5696054,0,0,19,0,0,0.03,-0.015,-1,0.3,-0.6,0
10.5796054,0,0,19,0,0,0.03,-0.015,-1,0.3,-0.6,0
10.5896054,0,0,19,0,0,0.03,-0.014,-0.999,0.3,-0.6,0
10.5996054,0,0,19,0,0,0.03,-0.014,-0.999,0.3,-0.6,0
10.6096054,0,0,19,0,0,0.03,-0.014,-0.999,0.3,-0.6,0
10.6196054,0,0,19,0,0,0.03,-0.014,-0.999,0.3,-0.6,0
10.6296054,0,0,19,0,0,0.03,-0.014,-0.999,0.3,-0.6,0
10.6396054,0,0,19,0,0,0.03,-0.015,-1,0.3,-0.6,0
10.6496054,0,0,19,0,0,0.03,-0.015,-1,0.3,-0.6,0
10.6596054,0,0,19,0,0,0.03,-0.015,-1,0.3,-0.6,0
10.6696054,0,0,19,0,0,0.03,-0.015,-1,0.3,-0.6,0
10.6796054,0,0,19,0,0,0.03,-0.015,-1,0.3,-0.6,0
10.6896054,0,0,19,0,0,0.029,-0.014,-1,0.2,-0.6,0
10.6996054,0,0,19,0,0,0.029,-0.014,-1,0.2,-0.6,0
10.7096054,0,0,19,0,0,0.029,-0.014,-1,0.2,-0.6,0
10.7196054,0,0,19,0,0,0.029,-0.014,-1,0.2,-0.6,0
10.7296054,0,0,19,0,0,0.029,-0.014,-1,0.2,-0.6,0
10.7396054,0,-0.01,19,0,0,0.029,-0.014,-1,0.2,-0.5,0
10.7496054,0,-0.01,19,0,0,0.029,-0.014,-1,0.2,-0.5,0
10.7596054,0,-0.01,19,0,0,0.029,-0.014,-1,0.2,-0.5,0
10.7696054,0,-0.01,19,0,0,0.029,-0.014,-1,0.2,-0.5,0
10.7796054,0,-0.01,19,0,0,0.029,-0.014,-1,0.2,-0.5,0
10.7896054,0,-0.01,19,0,0,0.028,-0.015,-1,0.3,-0.6,0
10.7996054,0,-0.01,19,0,0,0.028,-0.015,-1,0.3,-0.6,0
10.8096054,0,-0.01,19,0,0,0.028,-0.015,-1,0.3,-0.6,0
10.8196054,0,-0.01,19,0,0,0.028,-0.015,-1,0.3,-0.6,0
10.8296054,0,-0.01,19,0,0,0.028,-0.015,-1,0.3,-0.6,0
10.8396054,0,0,19,0,0,0.03,-0.015,-0.999,0.3,-0.6,0
10.8496054,0,0,19,0,0,0.03,-0.015,-0.999,0.3,-0.6,0
10.8596054,0,0,19,0,0,0.03,-0.015,-0.999,0.3,-0.6,0
10.8696054,0,0,19,0,0,0.03,-0.015,-0.999,0.3,-0.6,0
10.8796054,0,0,19,0,0,0.03,-0.015,-0.999,0.3,-0.6,0
10.8896054,0,-0.01,19,0,0,0.029,-0.015,-1,0.3,-0.6,0
10.8996054,0,-0.01,19,0,0,0.029,-0.015,-1,0.3,-0.6,0
10.9096054,0,-0.01,19,0,0,0.029,-0.015,-1,0.3,-0.6,0
10.9196054,0,-0.01,19,0,0,0.029,-0.015,-1,0.3,-0.6,0
10.9296054,0,-0.01,19,0,0,0.029,-0.015,-1,0.3,-0.6,0
10.9396054,0,0,19,0,0,0.029,-0.016,-1,0.3,-0.6,0
10.9496054,0,0,19,0,0,0.029,-0.016,-1,0.3,-0.6,0
10.9596054,0,0,19,0,0,0.029,-0.016,-1,0.3,-0.6,0
10.9696054,0,0,19,0,0,0.029,-0.016,-1,0.3,-0.6,0
10.9796054,0,0,19,0,0,0.029,-0.016,-1,0.3,-0.6,0
10.9896054,0,-0.01,19,0,0,0.03,-0.014,-0.999,0.3,-0.6,0
10.9996054,0,-0.01,19,0,0,0.03,-0.014,-0.999,0.3,-0.6,0
11.0096054,0,-0.01,19,0,0,0.03,-0.014,-0.999,0.3,-0.6,0
11.0196054,0,-0.01,19,0,0,0.03,-0.014,-0.999,0.3,-0.6,0
11.0296054,0,-0.01,19,0,0,0.03,-0.014,-0.999,0.3,-0.6,0
11.0396054,0,-0.01,19,0,0,0.03,-0.014,-0.999,0.2,-0.4,0
11.0496054,0,-0.01,19,0,0,0.03,-0.014,-0.999,0.2,-0.4,0
11.0596054,0,-0.01,19,0,0,0.03,-0.014,-0.999,0.2,-0.4,0
11.0696054,0,-0.01,19,0,0,0.03,-0.014,-0.999,0.2,-0.4,0
11.0796054,0,-0.01,19,0,0,0.03,-0.014,-0.999,0.2,-0.4,0
11.0896054,0,0,19,0,0,0.029,-0.015,-1,0.2,-0.5,0
11.0996054,0,0,19,0,0,0.029,-0.015,-1,0.2,-0.5,0
11.1096054,0,0,19,0,0,0.029,-0.015,-1,0.2,-0.5,0
11.1196054,0,0,19,0,0,0.029,-0.015,-1,0.2,-0.5,0
11.1296054,0,0,19,0,0,0.029,-0.015,-1,0.2,-0.5,0
11.1396054,0,0,19,0,0,0.029,-0.015,-0.999,0.3,-0.5,0
11.1496054,0,0,19,0,0,0.029,-0.015,-0.999,0.3,-0.5,0
11.1596054,0,0,19,0,0,0.029,-0.015,-0.999,0.3,-0.5,0
11.1696054,0,0,19,0,0,0.029,-0.015,-0.999,0.3,-0.5,0
11.1796054,0,0,19,0,0,0.029,-0.015,-0.999,0.3,-0.5,0
11.1896054,0,0,19,0,0,0.029,-0.015,-1,0.2,-0.5,0
11.1996054,0,0,19,0,0,0.029,-0.015,-1,0.2,-0.5,0
11.2096054,0,0,19,0,0,0.029,-0.015,-1,0.2,-0.5,0
11.2196054,0,0,19,0,0,0.029,-0.015,-1,0.2,-0.5,0
11.2296054,0,0,19,0,0,0.029,-0.015,-1,0.2,-0.5,0
11.2396054,0,0,19,0,0,0.03,-0.015,-0.999,0.2,-0.5,0
11.2496054,0,0,19,0,0,0.03,-0.015,-0.999,0.2,-0.5,0
11.2596054,0,0,19,0,0,0.03,-0.015,-0.999,0.2,-0.5,0
11.2696054,0,0,19,0,0,0.03,-0.015,-0.999,0.2,-0.5,0
11.2796054,0,0,19,0,0,0.03,-0.015,-0.999,0.2,-0.5,0
11.2896054,0,0,19,0,0,0.03,-0.014,-0.997,0.3,-0.5,0
11.2996054,0,0,19,0,0,0.03,-0.014,-0.997,0.3,-0.5,0
11.3096054,0,0,19,0,0,0.03,-0.014,-0.997,0.3,-0.5,0
11.3196054,0,0,19,0,0,0.03,-0.014,-0.997,0.3,-0.5,0
11.3296054,0,0,19,0,0,0.03,-0.014,-0.997,0.3,-0.5,0
11.3396054,0,0,19,0,0,0.029,-0.015,-0.999,0.2,-0.6,0
11.3496054,0,0,19,0,0,0.029,-0.015,-0.999,0.2,-0.6,0
11.3596054,0,0,19,0,0,0.029,-0.015,-0.999,0.2,-0.6,0
11.3696054,0,0,19,0,0,0.029,-0.015,-0.999,0.2,-0.6,0
11.3796054,0,0,19,0,0,0.029,-0.015,-0.999,0.2,-0.6,0
11.3896054,0,-0.01,19,0,0,0.029,-0.014,-1,0.2,-0.5,0
11.3996054,0,-0.01,19,0,0,0.029,-0.014,-1,0.2,-0.5,0
11.4096054,0,-0.01,19,0,0,0.029,-0.014,-1,0.2,-0.5,0
11.4196054,0,-0.01,19,0,0,0.029,-0.014,-1,0.2,-0.5,0
11.4296054,0,-0.01,19,0,0,0.029,-0.014,-1,0.2,-0.5,0
11.4396054,0,0,19,0,0,0.029,-0.016,-0.997,0.3,-0.6,0
11.4496054,0,0,19,0,0,0.029,-0.016,-0.997,0.3,-0.6,0
11.4596054,0,0,19,0,0,0.029,-0.016,-0.997,0.3,-0.6,0
11.4696054,0,0,19,0,0,0.029,-0.016,-0.997,0.3,-0.6,0
11.4796054,0,0,19,0,0,0.029,-0.016,-0.997,0.3,-0.6,0
11.4896054,0,0,19,0,0,0.03,-0.015,-1,0.3,-0.6,0
11.4996054,0,0,19,0,0,0.03,-0.015,-1,0.3,-0.6,0
11.5096054,0,0,19,0,0,0.03,-0.015,-1,0.3,-0.6,0
11.5196054,0,0,19,0,0,0.03,-0.015,-1,0.3,-0.6,0
11.5296054,0,0,19,0,0,0.03,-0.015,-1,0.3,-0.6,0
11.5396054,0,0,19,0,0,0.03,-0.016,-1,0.3,-0.6,0
11.5496054,0,0,19,0,0,0.03,-0.016,-1,0.3,-0.6,0
11.5596054,0,0,19,0,0,0.03,-0.016,-1,0.3,-0.6,0
11.5696054,0,0,19,0,0,0.03,-0.016,-1,0.3,-0.6,0
11.5796054,0,0,19,0,0,0.03,-0.016,-1,0.3,-0.6,0
11.5896054,0,-0.01,19,0,0,0.029,-0.014,-1,0.3,-0.6,0
11.5996054,0,-0.01,19,0,0,0.029,-0.014,-1,0.3,-0.6,0
11.6096054,0,-0.01,19,0,0,0.029,-0.014,-1,0.3,-0.6,0
11.6196054,0,-0.01,19,0,0,0.029,-0.014,-1,0.3,-0.6,0
11.6296054,0,-0.01,19,0,0,0.029,-0.014,-1,0.3,-0.6,0
11.6396054,0,0,19,0,0,0.03,-0.016,-1,0.3,-0.5,0
11.6496054,0,0,19,0,0,0.03,-0.016,-1,0.3,-0.5,0
11.6596054,0,0,19,0,0,0.03,-0.016,-1,0.3,-0.5,0
11.6696054,0,0,19,0,0,0.03,-0.016,-1,0.3,-0.5,0
11.6796054,0,0,19,0,0,0.03,-0.016,-1,0.3,-0.5,0
11.6896054,0,0,19,0,0,0.029,-0.015,-1,0.3,-0.6,0
11.6996054,0,0,19,0,0,0.029,-0.015,-1,0.3,-0.6,0
11.7096054,0,0,19,0,0,0.029,-0.015,-1,0.3,-0.6,0
11.7196054,0,0,19,0,0,0.029,-0.015,-1,0.3,-0.6,0
11.7296054,0,0,19,0,0,0.029,-0.015,-1,0.3,-0.6,0
11.7396054,0,-0.01,19,0,0,0.029,-0.015,-1,0.3,-0.6,0
11.7496054,0,-0.01,19,0,0,0.029,-0.015,-1,0.3,-0.6,0
11.7596054,0,-0.01,19,0,0,0.029,-0.015,-1,0.3,-0.6,0
11.7696054,0,-0.01,19,0,0,0.029,-0.015,-1,0.3,-0.6,0
11.7796054,0,-0.01,19,0,0,0.029,-0.015,-1,0.3,-0.6,0
11.7896054,0,-0.01,19,0,0,0.029,-0.015,-0.999,0.3,-0.5,0
11.7996054,0,-0.01,19,0,0,0.029,-0.015,-0.999,0.3,-0.5,0
11.8096054,0,-0.01,19,0,0,0.029,-0.015,-0.999,0.3,-0.5,0
11.8196054,0,-0.01,19,0,0,0.029,-0.015,-0.999,0.3,-0.5,0
11.8296054,0,-0.01,19,0,0,0.029,-0.015,-0.999,0.3,-0.5,0
11.8396054,0,-0.01,19,0,0,0.029,-0.015,-1,0.2,-0.6,0
11.8496054,0,-0.01,19,0,0,0.029,-0.015,-1,0.2,-0.6,0
11.8596054,0,-0.01,19,0,0,0.029,-0.015,-1,0.2,-0.6,0
11.8696054,0,-0.01,19,0,0,0.029,-0.015,-1,0.2,-0.6,0
11.8796054,0,-0.01,19,0,0,0.029,-0.015,-1,0.2,-0.6,0
11.8896054,0,0,19,0,0,0.029,-0.015,-0.999,0.3,-0.6,0
11.8996054,0,0,19,0,0,0.029,-0.015,-0.999,0.3,-0.6,0
11.9096054,0,0,19,0,0,0.029,-0.015,-0.999,0.3,-0.6,0
11.9196054,0,0,19,0,0,0.029,-0.015,-0.999,0.3,-0.6,0
11.9296054,0,0,19,0,0,0.029,-0.015,-0.999,0.3,-0.6,0
11.9396054,0,0,19,0,0,0.029,-0.014,-1,0.3,-0.5,0
11.9496054,0,0,19,0,0,0.029,-0.014,-1,0.3,-0.5,0
11.9596054,0,0,19,0,0,0.029,-0.014,-1,0.3,-0.5,0
11.9696054,0,0,19,0,0,0.029,-0.014,-1,0.3,-0.5,0
11.9796054,0,0,19,0,0,0.029,-0.014,-1,0.3,-0.5,0
11.9896054,0,0,19,0,0,0.03,-0.015,-1,0.2,-0.6,0
11.9996054,0,0,19,0,0,0.03,-0.015,-1,0.2,-0.6,0
12.0096054,0,0,19,0,0,0.03,-0.015,-1,0.2,-0.6,0
12.0196054,0,0,19,0,0,0.03,-0.015,-1,0.2,-0.6,0
12.0296054,0,0,19,0,0,0.03,-0.015,-1,0.2,-0.6,0
12.0396054,0,0,19,0,0,0.029,-0.015,-1,0.2,-0.6,0
12.0496054,0,0,19,0,0,0.029,-0.015,-1,0.2,-0.6,0
12.0596054,0,0,19,0,0,0.029,-0.015,-1,0.2,-0.6,0
12.0696054,0,0,19,0,0,0.029,-0.015,-1,0.2,-0.6,0
12.0796054,0,0,19,0,0,0.029,-0.015,-1,0.2,-0.6,0
12.1215125,0,0,19,0,0,0.03,-0.014,-0.999,0.2,-0.5,0
12.1315125,0,0,19,0,0,0.03,-0.014,-0.999,0.2,-0.5,0
12.1415125,0,0,19,0,0,0.03,-0.014,-0.999,0.2,-0.5,0
12.1515125,0,0,19,0,0,0.03,-0.014,-0.999,0.2,-0.5,0
12.1615125,0,0,19,0,0,0.03,-0.014,-0.999,0.2,-0.5,0
12.1848406,0,0,19,0,0,0.03,-0.015,-1,0.3,-0.5,0
12.1948406,0,0,19,0,0,0.03,-0.015,-1,0.3,-0.5,0
12.2048406,0,0,19,0,0,0.03,-0.015,-1,0.3,-0.5,0
12.2148406,0,0,19,0,0,0.03,-0.015,-1,0.3,-0.5,0
12.2248406,0,0,19,0,0,0.03,-0.015,-1,0.3,-0.5,0
12.2348406,0,0,19,0,0,0.029,-0.014,-0.999,0.3,-0.5,0
12.2448406,0,0,19,0,0,0.029,-0.014,-0.999,0.3,-0.5,0
12.2548406,0,0,19,0,0,0.029,-0.014,-0.999,0.3,-0.5,0
12.2648406,0,0,19,0,0,0.029,-0.014,-0.999,0.3,-0.5,0
12.2748406,0,0,19,0,0,0.029,-0.014,-0.999,0.3,-0.5,0
12.2848406,0,0,19,0,0,0.03,-0.015,-1,0.3,-0.6,0
12.2948406,0,0,19,0,0,0.03,-0.015,-1,0.3,-0.6,0
12.3048406,0,0,19,0,0,0.03,-0.015,-1,0.3,-0.6,0
12.3148406,0,0,19,0,0,0.03,-0.015,-1,0.3,-0.6,0
12.3248406,0,0,19,0,0,0.03,-0.015,-1,0.3,-0.6,0
12.3348406,0,0,19,0,0,0.029,-0.015,-1,0.3,-0.5,0
12.3448406,0,0,19,0,0,0.029,-0.015,-1,0.3,-0.5,0
12.3548406,0,0,19,0,0,0.029,-0.015,-1,0.3,-0.5,0
12.3648406,0,0,19,0,0,0.029,-0.015,-1,0.3,-0.5,0
12.3748406,0,0,19,0,0,0.029,-0.015,-1,0.3,-0.5,0
12.3848406,0,0,19,0,0,0.028,-0.015,-0.999,0.3,-0.6,0
12.3948406,0,0,19,0,0,0.028,-0.015,-0.999,0.3,-0.6,0
12.4048406,0,0,19,0,0,0.028,-0.015,-0.999,0.3,-0.6,0
12.4148406,0,0,19,0,0,0.028,-0.015,-0.999,0.3,-0.6,0
12.4248406,0,0,19,0,0,0.028,-0.015,-0.999,0.3,-0.6,0
12.4348406,0,-0.01,19,0,0,0.03,-0.014,-1,0.2,-0.5,0
12.4448406,0,-0.01,19,0,0,0.03,-0.014,-1,0.2,-0.5,0
12.4548406,0,-0.01,19,0,0,0.03,-0.014,-1,0.2,-0.5,0
12.4648406,0,-0.01,19,0,0,0.03,-0.014,-1,0.2,-0.5,0
12.4748406,0,-0.01,19,0,0,0.03,-0.014,-1,0.2,-0.5,0
12.4891951,0,0.03,19,0,0,0.039,-0.096,-0.909,4.5,-12.3,-0.5
12.4991951,159,0.03,19,0,0,0.039,-0.096,-0.909,4.5,-12.3,-0.5
12.5091951,283,0.03,19,0,0,0.039,-0.096,-0.909,4.5,-12.3,-0.5
12.5191951,262,0.03,19,0,0,0.039,-0.096,-0.909,4.5,-12.3,-0.5
12.5291951,263,0.03,19,0,0,0.039,-0.096,-0.909,4.5,-12.3,-0.5
12.5391951,262,0.03,19,0,0,0.03,-0.004,-1.011,0,-1.5,0.1
12.5491951,280,0.03,19,0,0,0.03,-0.004,-1.011,0,-1.5,0.1
12.5591951,300,0.03,19,0,0,0.03,-0.004,-1.011,0,-1.5,0.1
12.5691951,300,0.03,19,0,0,0.03,-0.004,-1.011,0,-1.5,0.1
12.5791951,290,0.03,19,0,0,0.03,-0.004,-1.011,0,-1.5,0.1
12.5891951,294,0.01,19,0,0,0.015,-0.077,-1.175,-0.2,-1.4,-0.1
12.5991951,290,0.01,19,0,0,0.015,-0.077,-1.175,-0.2,-1.4,-0.1
12.6091951,294,0.01,19,0,0,0.015,-0.077,-1.175,-0.2,-1.4,-0.1
12.6191951,296,0.01,19,0,0,0.015,-0.077,-1.175,-0.2,-1.4,-0.1
12.6291951,293,0.01,19,0,0,0.015,-0.077,-1.175,-0.2,-1.4,-0.1
12.6391951,295,-0.02,19,0,0,0.031,-0.014,-0.98,0.3,-1.4,0
12.6491951,289,-0.02,19,0,0,0.031,-0.014,-0.98,0.3,-1.4,0
12.6591951,291,-0.02,19,0,0,0.031,-0.014,-0.98,0.3,-1.4,0
12.6691951,292,-0.02,19,0,0,0.031,-0.014,-0.98,0.3,-1.4,0
12.6791951,289,-0.02,19,0,0,0.031,-0.014,-0.98,0.3,-1.4,0
12.6891951,300,-0.02,19,0,0,0.033,-0.014,-0.955,0.3,-1.5,-0.1
12.6991951,297,-0.02,19,0,0,0.033,-0.014,-0.955,0.3,-1.5,-0.1
12.7091951,292,-0.02,19,0,0,0.033,-0.014,-0.955,0.3,-1.5,-0.1
12.7191951,293,-0.02,19,0,0,0.033,-0.014,-0.955,0.3,-1.5,-0.1
12.7291951,292,-0.02,19,0,0,0.033,-0.014,-0.955,0.3,-1.5,-0.1
12.7391951,301,-0.03,19,0,0,0.034,-0.018,-0.972,0.4,0.1,0
12.7491951,295,-0.03,19,0,0,0.034,-0.018,-0.972,0.4,0.1,0
12.7591951,290,-0.03,19,0,0,0.034,-0.018,-0.972,0.4,0.1,0
12.7691951,295,-0.03,19,0,0,0.034,-0.018,-0.972,0.4,0.1,0
12.7791951,293,-0.03,19,0,0,0.034,-0.018,-0.972,0.4,0.1,0
12.8082702,298,-0.05,19,0,0,0.035,-0.025,-0.963,0.4,-0.9,0
12.8182702,296,-0.05,19,0,0,0.035,-0.025,-0.963,0.4,-0.9,0
12.8282702,291,-0.05,19,0,0,0.035,-0.025,-0.963,0.4,-0.9,0
12.8382702,293,-0.05,19,0,0,0.035,-0.025,-0.963,0.4,-0.9,0
12.8482702,289,-0.05,19,0,0,0.035,-0.025,-0.963,0.4,-0.9,0
12.8582702,292,-0.04,19,0,0,0.037,-0.027,-0.95,0.4,0.6,0
12.8682702,295,-0.04,19,0,0,0.037,-0.027,-0.95,0.4,0.6,0
12.8782702,292,-0.04,19,0,0,0.037,-0.027,-0.95,0.4,0.6,0
12.8882702,295,-0.04,19,0,0,0.037,-0.027,-0.95,0.4,0.6,0
12.8982702,288,-0.04,19,0,0,0.037,-0.027,-0.95,0.4,0.6,0
12.9082702,294,-0.02,19,0,0,0.031,-0.017,-0.997,0.5,-0.4,0
12.9182702,299,-0.02,19,0,0,0.031,-0.017,-0.997,0.5,-0.4,0
12.9282702,289,-0.02,19,0,0,0.031,-0.017,-0.997,0.5,-0.4,0
12.9382702,295,-0.02,19,0,0,0.031,-0.017,-0.997,0.5,-0.4,0
12.9482702,295,-0.02,19,0,0,0.031,-0.017,-0.997,0.5,-0.4,0
12.9582702,295,-0.02,19,0,0,0.033,-0.016,-0.984,0.3,0.4,0
12.9682702,299,-0.02,19,0,0,0.033,-0.016,-0.984,0.3,0.4,0
12.9782702,295,-0.02,19,0,0,0.033,-0.016,-0.984,0.3,0.4,0
12.9882702,299,-0.02,19,0,0,0.033,-0.016,-0.984,0.3,0.4,0
12.9982702,296,-0.02,19,0,0,0.033,-0.016,-0.984,0.3,0.4,0
13.0082702,290,0,19,0,0,0.029,-0.012,-0.997,0.3,0.2,0
13.0182702,293,0,19,0,0,0.029,-0.012,-0.997,0.3,0.2,0
13.0282702,291,0,19,0,0,0.029,-0.012,-0.997,0.3,0.2,0
13.0382702,298,0,19,0,0,0.029,-0.012,-0.997,0.3,0.2,0
13.0482702,296,0,19,0,0,0.029,-0.012,-0.997,0.3,0.2,0
13.0927771,289,0.01,19,0,0,0.029,-0.013,-1.006,0.2,0.9,0
13.1027771,292,0.01,19,0,0,0.029,-0.013,-1.006,0.2,0.9,0
13.1127771,289,0.01,19,0,0,0.029,-0.013,-1.006,0.2,0.9,0
13.1227771,295,0.01,19,0,0,0.029,-0.013,-1.006,0.2,0.9,0
13.1327771,296,0.01,19,0,0,0.029,-0.013,-1.006,0.2,0.9,0
13.1427771,288,0,19,0,0,0.026,-0.015,-1.022,0.1,0.1,0.1
13.1527771,290,0,19,0,0,0.026,-0.015,-1.022,0.1,0.1,0.1
13.1627771,292,0,19,0,0,0.026,-0.015,-1.022,0.1,0.1,0.1
13.1727771,297,0,19,0,0,0.026,-0.015,-1.022,0.1,0.1,0.1
13.1827771,301,0,19,0,0,0.026,-0.015,-1.022,0.1,0.1,0.1
13.1927771,292,0,19,0,0,0.028,-0.017,-1.016,0.3,0.1,0
13.2027771,297,0,19,0,0,0.028,-0.017,-1.016,0.3,0.1,0
13.2127771,293,0,19,0,0,0.028,-0.017,-1.016,0.3,0.1,0
13.2227771,290,0,19,0,0,0.028,-0.017,-1.016,0.3,0.1,0
13.2327771,297,0,19,0,0,0.028,-0.017,-1.016,0.3,0.1,0
13.2427771,295,0.02,19,0,0,0.026,-0.018,-1.026,0.3,-0.4,0
13.2527771,299,0.02,19,0,0,0.026,-0.018,-1.026,0.3,-0.4,0
13.2627771,294,0.02,19,0,0,0.026,-0.018,-1.026,0.3,-0.4,0
13.2727771,289,0.02,19,0,0,0.026,-0.018,-1.026,0.3,-0.4,0
13.2827771,292,0.02,19,0,0,0.026,-0.018,-1.026,0.3,-0.4,0
13.2927771,289,0,19,0,0,0.026,-0.018,-1.027,0.2,-0.6,0.1
13.3027771,296,0,19,0,0,0.026,-0.018,-1.027,0.2,-0.6,0.1
13.3127771,295,0,19,0,0,0.026,-0.018,-1.027,0.2,-0.6,0.1
13.3227771,291,0,19,0,0,0.026,-0.018,-1.027,0.2,-0.6,0.1
13.3327771,290,0,19,0,0,0.026,-0.018,-1.027,0.2,-0.6,0.1
13.3427771,286,-0.01,19,0,0,0.024,-0.017,-1.025,0.1,-1,0
13.3527771,299,-0.01,19,0,0,0.024,-0.017,-1.025,0.1,-1,0
13.3627771,300,-0.01,19,0,0,0.024,-0.017,-1.025,0.1,-1,0
13.3727771,288,-0.01,19,0,0,0.024,-0.017,-1.025,0.1,-1,0
13.3827771,292,-0.01,19,0,0,0.024,-0.017,-1.025,0.1,-1,0
13.3927771,295,0,19,0,0,0.028,-0.013,-1.004,0.3,-0.9,0
13.4027771,297,0,19,0,0,0.028,-0.013,-1.004,0.3,-0.9,0
13.4127771,298,0,19,0,0,0.028,-0.013,-1.004,0.3,-0.9,0
13.4227771,295,0,19,0,0,0.028,-0.013,-1.004,0.3,-0.9,0
13.4327771,299,0,19,0,0,0.028,-0.013,-1.004,0.3,-0.9,0
13.4427771,293,-0.02,19,0,0,0.03,-0.007,-0.995,0.3,-0.9,0
13.4527771,290,-0.02,19,0,0,0.03,-0.007,-0.995,0.3,-0.9,0
13.4627771,297,-0.02,19,0,0,0.03,-0.007,-0.995,0.3,-0.9,0
13.4727771,295,-0.02,19,0,0,0.03,-0.007,-0.995,0.3,-0.9,0
13.4827771,296,-0.02,19,0,0,0.03,-0.007,-0.995,0.3,-0.9,0
13.4927771,292,-0.02,19,0,0,0.032,-0.012,-0.983,0.3,-1,0
13.5027771,290,-0.02,19,0,0,0.032,-0.012,-0.983,0.3,-1,0
13.5127771,292,-0.02,19,0,0,0.032,-0.012,-0.983,0.3,-1,0
13.5227771,290,-0.02,19,0,0,0.032,-0.012,-0.983,0.3,-1,0
13.5327771,295,-0.02,19,0,0,0.032,-0.012,-0.983,0.3,-1,0
13.5427771,294,0,19,0,0,0.034,-0.006,-0.972,0.3,-0.8,0
13.5527771,294,0,19,0,0,0.034,-0.006,-0.972,0.3,-0.8,0
13.5627771,288,0,19,0,0,0.034,-0.006,-0.972,0.3,-0.8,0
13.5727771,288,0,19,0,0,0.034,-0.006,-0.972,0.3,-0.8,0
13.5827771,302,0,19,0,0,0.034,-0.006,-0.972,0.3,-0.8,0
13.5927771,299,0,19,0,0,0.032,-0.016,-0.982,0.3,-0.7,0
13.6027771,290,0,19,0,0,0.032,-0.016,-0.982,0.3,-0.7,0
13.6127771,292,0,19,0,0,0.032,-0.016,-0.982,0.3,-0.7,0
13.6227771,293,0,19,0,0,0.032,-0.016,-0.982,0.3,-0.7,0
13.6327771,296,0,19,0,0,0.032,-0.016,-0.982,0.3,-0.7,0
13.6427771,295,0.04,19,0,0,0.031,-0.015,-0.991,0.4,-0.2,0
13.6527771,293,0.04,19,0,0,0.031,-0.015,-0.991,0.4,-0.2,0
13.6627771,296,0.04,19,0,0,0.031,-0.015,-0.991,0.4,-0.2,0
13.6727771,291,0.04,19,0,0,0.031,-0.015,-0.991,0.4,-0.2,0
13.6827771,291,0.04,19,0,0,0.031,-0.015,-0.991,0.4,-0.2,0
13.6927771,290,0.03,19,0,0,0.028,-0.02,-1.005,0.3,0,0
13.7027771,288,0.03,19,0,0,0.028,-0.02,-1.005,0.3,0,0
13.7127771,300,0.03,19,0,0,0.028,-0.02,-1.005,0.3,0,0
13.7227771,298,0.03,19,0,0,0.028,-0.02,-1.005,0.3,0,0
13.7327771,292,0.03,19,0,0,0.028,-0.02,-1.005,0.3,0,0
13.7427771,292,0.02,19,0,0,0.029,-0.012,-1.009,0.2,-0.4,0
13.7527771,292,0.02,19,0,0,0.029,-0.012,-1.009,0.2,-0.4,0
13.7627771,301,0.02,19,0,0,0.029,-0.012,-1.009,0.2,-0.4,0
13.7727771,297,0.02,19,0,0,0.029,-0.012,-1.009,0.2,-0.4,0
13.7827771,292,0.02,19,0,0,0.029,-0.012,-1.009,0.2,-0.4,0
13.7927771,293,0.01,19,0,0,0.028,-0.011,-1.019,0.1,-0.4,0
13.8027771,292,0.01,19,0,0,0.028,-0.011,-1.019,0.1,-0.4,0
13.8127771,294,0.01,19,0,0,0.028,-0.011,-1.019,0.1,-0.4,0
13.8227771,295,0.01,19,0,0,0.028,-0.011,-1.019,0.1,-0.4,0
13.8327771,293,0.01,19,0,0,0.028,-0.011,-1.019,0.1,-0.4,0
13.8427771,296,0,19,0,0,0.026,-0.011,-1.032,0.1,-0.6,0
13.8527771,290,0,19,0,0,0.026,-0.011,-1.032,0.1,-0.6,0
13.8627771,289,0,19,0,0,0.026,-0.011,-1.032,0.1,-0.6,0
13.8727771,294,0,19,0,0,0.026,-0.011,-1.032,0.1,-0.6,0
13.8827771,292,0,19,0,0,0.026,-0.011,-1.032,0.1,-0.6,0
13.8927771,295,-0.02,19,0,0,0.027,-0.007,-1.031,0.2,-0.9,0
13.9027771,293,-0.02,19,0,0,0.027,-0.007,-1.031,0.2,-0.9,0
13.9127771,294,-0.02,19,0,0,0.027,-0.007,-1.031,0.2,-0.9,0
13.9227771,289,-0.02,19,0,0,0.027,-0.007,-1.031,0.2,-0.9,0
13.9327771,290,-0.02,19,0,0,0.027,-0.007,-1.031,0.2,-0.9,0
13.9427771,301,-0.03,19,0,0,0.028,-0.013,-1.017,0.2,-1,0
13.9527771,299,-0.03,19,0,0,0.028,-0.013,-1.017,0.2,-1,0
13.9627771,295,-0.03,19,0,0,0.028,-0.013,-1.017,0.2,-1,0
13.9727771,295,-0.03,19,0,0,0.028,-0.013,-1.017,0.2,-1,0
13.9827771,291,-0.03,19,0,0,0.028,-0.013,-1.017,0.2,-1,0
13.9927771,299,-0.04,19,0,0,0.027,-0.017,-1.013,0.2,-1.3,0
14.0027771,299,-0.04,19,0,0,0.027,-0.017,-1.013,0.2,-1.3,0
14.0127771,291,-0.04,19,0,0,0.027,-0.017,-1.013,0.2,-1.3,0
14.0227771,295,-0.04,19,0,0,0.027,-0.017,-1.013,0.2,-1.3,0
14.0327771,290,-0.04,19,0,0,0.027,-0.017,-1.013,0.2,-1.3,0
14.0427771,296,-0.05,19,0,0,0.028,-0.016,-1.006,0.3,-1.5,0
14.0527771,296,-0.05,19,0,0,0.028,-0.016,-1.006,0.3,-1.5,0
14.0627771,289,-0.05,19,0,0,0.028,-0.016,-1.006,0.3,-1.5,0
14.0727771,292,-0.05,19,0,0,0.028,-0.016,-1.006,0.3,-1.5,0
14.0827771,289,-0.05,19,0,0,0.028,-0.016,-1.006,0.3,-1.5,0
14.0927771,294,-0.03,19,0,0,0.03,-0.019,-0.992,0.3,-1.7,-0.1
14.1027771,296,-0.03,19,0,0,0.03,-0.019,-0.992,0.3,-1.7,-0.1
14.1127771,289,-0.03,19,0,0,0.03,-0.019,-0.992,0.3,-1.7,-0.1
14.1227771,295,-0.03,19,0,0,0.03,-0.019,-0.992,0.3,-1.7,-0.1
14.1327771,294,-0.03,19,0,0,0.03,-0.019,-0.992,0.3,-1.7,-0.1
14.1427771,292,-0.02,19,0,0,0.031,-0.017,-0.985,0.2,-1.2,0
14.1527771,296,-0.02,19,0,0,0.031,-0.017,-0.985,0.2,-1.2,0
14.1627771,294,-0.02,19,0,0,0.031,-0.017,-0.985,0.2,-1.2,0
14.1727771,302,-0.02,19,0,0,0.031,-0.017,-0.985,0.2,-1.2,0
14.1827771,297,-0.02,19,0,0,0.031,-0.017,-0.985,0.2,-1.2,0
14.1927771,292,-0.01,19,0,0,0.033,-0.014,-0.976,0.3,-1,0
14.2027771,295,-0.01,19,0,0,0.033,-0.014,-0.976,0.3,-1,0
14.2127771,295,-0.01,19,0,0,0.033,-0.014,-0.976,0.3,-1,0
14.2227771,298,-0.01,19,0,0,0.033,-0.014,-0.976,0.3,-1,0
14.2327771,294,-0.01,19,0,0,0.033,-0.014,-0.976,0.3,-1,0
14.2427771,290,0,19,0,0,0.034,-0.02,-0.966,0.2,-0.7,0
14.2527771,292,0,19,0,0,0.034,-0.02,-0.966,0.2,-0.7,0
14.2627771,289,0,19,0,0,0.034,-0.02,-0.966,0.2,-0.7,0
14.2727771,296,0,19,0,0,0.034,-0.02,-0.966,0.2,-0.7,0
14.2827771,295,0,19,0,0,0.034,-0.02,-0.966,0.2,-0.7,0
14.2927771,289,0,19,0,0,0.035,-0.015,-0.96,0.3,-0.4,0
14.3027771,291,0,19,0,0,0.035,-0.015,-0.96,0.3,-0.4,0
14.3127771,289,0,19,0,0,0.035,-0.015,-0.96,0.3,-0.4,0
14.3227771,298,0,19,0,0,0.035,-0.015,-0.96,0.3,-0.4,0
14.3327771,298,0,19,0,0,0.035,-0.015,-0.96,0.3,-0.4,0
14.3427771,289,0,19,0,0,0.033,-0.016,-0.972,0.2,-0.1,0
14.3527771,297,0,19,0,0,0.033,-0.016,-0.972,0.2,-0.1,0
14.3627771,295,0,19,0,0,0.033,-0.016,-0.972,0.2,-0.1,0
14.3727771,292,0,19,0,0,0.033,-0.016,-0.972,0.2,-0.1,0
14.3827771,298,0,19,0,0,0.033,-0.016,-0.972,0.2,-0.1,0
14.3927771,295,0,19,0,0,0.032,-0.015,-0.984,0.1,0,0
14.4027771,299,0,19,0,0,0.032,-0.015,-0.984,0.1,0,0
14.4127771,295,0,19,0,0,0.032,-0.015,-0.984,0.1,0,0
14.4227771,290,0,19,0,0,0.032,-0.015,-0.984,0.1,0,0
14.4327771,294,0,19,0,0,0.032,-0.015,-0.984,0.1,0,0
14.4427771,295,0.01,19,0,0,0.032,-0.011,-0.987,0.3,0.3,0.1
14.4527771,298,0.01,19,0,0,0.032,-0.011,-0.987,0.3,0.3,0.1
14.4627771,292,0.01,19,0,0,0.032,-0.011,-0.987,0.3,0.3,0.1
14.4727771,289,0.01,19,0,0,0.032,-0.011,-0.987,0.3,0.3,0.1
14.4827771,292,0.01,19,0,0,0.032,-0.011,-0.987,0.3,0.3,0.1
14.4927771,288,0,19,0,0,0.027,-0.018,-1.009,0.3,0.4,0
14.5027771,295,0,19,0,0,0.027,-0.018,-1.009,0.3,0.4,0
14.5127771,298,0,19,0,0,0.027,-0.018,-1.009,0.3,0.4,0
14.5227771,288,0,19,0,0,0.027,-0.018,-1.009,0.3,0.4,0
14.5327771,287,0,19,0,0,0.027,-0.018,-1.009,0.3,0.4,0
14.5427771,292,0,19,0,0,0.03,-0.011,-0.885,0.2,0.2,0.1
14.5527771,300,0,19,0,0,0.03,-0.011,-0.885,0.2,0.2,0.1
14.5627771,301,0,19,0,0,0.03,-0.011,-0.885,0.2,0.2,0.1
14.5727771,292,0,19,0,0,0.03,-0.011,-0.885,0.2,0.2,0.1
14.5827771,297,0,19,0,0,0.03,-0.011,-0.885,0.2,0.2,0.1
14.5927771,293,-0.01,19,0,0,0.029,-0.011,-1.006,0.2,-0.5,0
14.6027771,292,-0.01,19,0,0,0.029,-0.011,-1.006,0.2,-0.5,0
14.6127771,299,-0.01,19,0,0,0.029,-0.011,-1.006,0.2,-0.5,0
14.6227771,295,-0.01,19,0,0,0.029,-0.011,-1.006,0.2,-0.5,0
14.6327771,297,-0.01,19,0,0,0.029,-0.011,-1.006,0.2,-0.5,0
14.6668627,291,-0.01,19,0,0,0.026,-0.017,-1.024,0.1,-0.5,0
14.6768627,291,-0.01,19,0,0,0.026,-0.017,-1.024,0.1,-0.5,0
14.6868627,291,-0.01,19,0,0,0.026,-0.017,-1.024,0.1,-0.5,0
14.6968627,288,-0.01,19,0,0,0.026,-0.017,-1.024,0.1,-0.5,0
14.7068627,300,-0.01,19,0,0,0.026,-0.017,-1.024,0.1,-0.5,0
14.7461222,298,0,19,0,0,0.027,-0.011,-1.02,0.2,-0.8,0
14.7561222,288,0,19,0,0,0.027,-0.011,-1.02,0.2,-0.8,0
14.7661222,291,0,19,0,0,0.027,-0.011,-1.02,0.2,-0.8,0
14.7761222,293,0,19,0,0,0.027,-0.011,-1.02,0.2,-0.8,0
14.7861222,302,0,19,0,0,0.027,-0.011,-1.02,0.2,-0.8,0
14.7961222,298,0.02,19,0,0,0.027,-0.012,-1.011,0.1,-1,0
14.8061222,290,0.02,19,0,0,0.027,-0.012,-1.011,0.1,-1,0
14.8161222,295,0.02,19,0,0,0.027,-0.012,-1.011,0.1,-1,0
14.8261222,293,0.02,19,0,0,0.027,-0.012,-1.011,0.1,-1,0
14.8361222,294,0.02,19,0,0,0.027,-0.012,-1.011,0.1,-1,0
14.8461222,295,0.04,19,0,0,0.028,-0.006,-1.01,0.1,-1.2,0
14.8561222,293,0.04,19,0,0,0.028,-0.006,-1.01,0.1,-1.2,0
14.8661222,297,0.04,19,0,0,0.028,-0.006,-1.01,0.1,-1.2,0
14.8761222,290,0.04,19,0,0,0.028,-0.006,-1.01,0.1,-1.2,0
14.8861222,289,0.04,19,0,0,0.028,-0.006,-1.01,0.1,-1.2,0
14.8961222,294,0.04,19,0,0,0.029,-0.008,-1,0.3,-1.5,-0.1
14.9061222,292,0.04,19,0,0,0.029,-0.008,-1,0.3,-1.5,-0.1
14.9161222,295,0.04,19,0,0,0.029,-0.008,-1,0.3,-1.5,-0.1
14.9261222,294,0.04,19,0,0,0.029,-0.008,-1,0.3,-1.5,-0.1
14.9361222,294,0.04,19,0,0,0.029,-0.008,-1,0.3,-1.5,-0.1
14.9461222,289,0.03,19,0,0,0.029,-0.016,-0.996,0.3,-1.3,0
14.9561222,290,0.03,19,0,0,0.029,-0.016,-0.996,0.3,-1.3,0
14.9661222,301,0.03,19,0,0,0.029,-0.016,-0.996,0.3,-1.3,0
14.9761222,299,0.03,19,0,0,0.029,-0.016,-0.996,0.3,-1.3,0
14.9861222,293,0.03,19,0,0,0.029,-0.016,-0.996,0.3,-1.3,0
14.9961222,293,0.02,19,0,0,0.032,-0.015,-0.984,0.3,-1,0
15.0061222,293,0.02,19,0,0,0.032,-0.015,-0.984,0.3,-1,0
15.0161222,299,0.02,19,0,0,0.032,-0.015,-0.984,0.3,-1,0
15.0261222,298,0.02,19,0,0,0.032,-0.015,-0.984,0.3,-1,0
15.0361222,291,0.02,19,0,0,0.032,-0.015,-0.984,0.3,-1,0
15.0461222,293,0,19,0,0,0.032,-0.02,-0.974,0.4,-0.9,0
15.0561222,290,0,19,0,0,0.032,-0.02,-0.974,0.4,-0.9,0
15.0661222,294,0,19,0,0,0.032,-0.02,-0.974,0.4,-0.9,0
15.0761222,297,0,19,0,0,0.032,-0.02,-0.974,0.4,-0.9,0
15.0861222,293,0,19,0,0,0.032,-0.02,-0.974,0.4,-0.9,0
15.0961222,295,-0.02,19,0,0,0.036,-0.028,-0.967,0.3,-0.7,-0.1
15.1061222,289,-0.02,19,0,0,0.036,-0.028,-0.967,0.3,-0.7,-0.1
15.1161222,291,-0.02,19,0,0,0.036,-0.028,-0.967,0.3,-0.7,-0.1
15.1261222,292,-0.02,19,0,0,0.036,-0.028,-0.967,0.3,-0.7,-0.1
15.1361222,289,-0.02,19,0,0,0.036,-0.028,-0.967,0.3,-0.7,-0.1
15.1461222,300,-0.03,19,0,0,0.033,-0.02,-0.966,0.3,-0.3,0
15.1561222,297,-0.03,19,0,0,0.033,-0.02,-0.966,0.3,-0.3,0
15.1661222,292,-0.03,19,0,0,0.033,-0.02,-0.966,0.3,-0.3,0
15.1761222,292,-0.03,19,0,0,0.033,-0.02,-0.966,0.3,-0.3,0
15.1861222,292,-0.03,19,0,0,0.033,-0.02,-0.966,0.3,-0.3,0
15.1961222,302,-0.03,19,0,0,0.032,-0.02,-0.984,0.2,-0.1,0
15.2061222,297,-0.03,19,0,0,0.032,-0.02,-0.984,0.2,-0.1,0
15.2161222,290,-0.03,19,0,0,0.032,-0.02,-0.984,0.2,-0.1,0
15.2261222,295,-0.03,19,0,0,0.032,-0.02,-0.984,0.2,-0.1,0
15.2361222,293,-0.03,19,0,0,0.032,-0.02,-0.984,0.2,-0.1,0
15.2461222,298,-0.05,19,0,0,0.032,-0.013,-0.986,0.3,0.1,0.1
15.2561222,295,-0.05,19,0,0,0.032,-0.013,-0.986,0.3,0.1,0.1
15.2661222,291,-0.05,19,0,0,0.032,-0.013,-0.986,0.3,0.1,0.1
15.2761222,294,-0.05,19,0,0,0.032,-0.013,-0.986,0.3,0.1,0.1
15.2861222,289,-0.05,19,0,0,0.032,-0.013,-0.986,0.3,0.1,0.1
15.2961222,294,-0.04,19,0,0,0.037,-0.007,-0.993,0.2,0.4,0
15.3061222,295,-0.04,19,0,0,0.037,-0.007,-0.993,0.2,0.4,0
15.3161222,292,-0.04,19,0,0,0.037,-0.007,-0.993,0.2,0.4,0
15.3261222,295,-0.04,19,0,0,0.037,-0.007,-0.993,0.2,0.4,0
15.3361222,289,-0.04,19,0,0,0.037,-0.007,-0.993,0.2,0.4,0
15.3461222,294,-0.02,19,0,0,0.002,-0.007,-1.005,0.1,0.3,0.3
15.3561222,293,-0.02,19,0,0,0.002,-0.007,-1.005,0.1,0.3,0.3
15.3661222,289,-0.02,19,0,0,0.002,-0.007,-1.005,0.1,0.3,0.3
15.3761222,303,-0.02,19,0,0,0.002,-0.007,-1.005,0.1,0.3,0.3
15.3861222,299,-0.02,19,0,0,0.002,-0.007,-1.005,0.1,0.3,0.3
15.3961222,292,-0.01,19,0,0,0.047,-0.02,-1.013,0.2,0,0
15.4061222,292,-0.01,19,0,0,0.047,-0.02,-1.013,0.2,0,0
15.4161222,295,-0.01,19,0,0,0.047,-0.02,-1.013,0.2,0,0
15.4261222,301,-0.01,19,0,0,0.047,-0.02,-1.013,0.2,0,0
15.4361222,296,-0.01,19,0,0,0.047,-0.02,-1.013,0.2,0,0
15.4461222,290,0,19,0,0,0.018,-0.014,-1.023,0.1,-0.1,0.1
15.4561222,293,0,19,0,0,0.018,-0.014,-1.023,0.1,-0.1,0.1
15.4661222,291,0,19,0,0,0.018,-0.014,-1.023,0.1,-0.1,0.1
15.4761222,298,0,19,0,0,0.018,-0.014,-1.023,0.1,-0.1,0.1
15.4861222,296,0,19,0,0,0.018,-0.014,-1.023,0.1,-0.1,0.1
15.4961222,289,0,19,0,0,0.029,-0.024,-1.032,0.2,-0.3,0
15.5061222,292,0,19,0,0,0.029,-0.024,-1.032,0.2,-0.3,0
15.5161222,289,0,19,0,0,0.029,-0.024,-1.032,0.2,-0.3,0
15.5261222,294,0,19,0,0,0.029,-0.024,-1.032,0.2,-0.3,0
15.5361222,297,0,19,0,0,0.029,-0.024,-1.032,0.2,-0.3,0
15.5461222,289,0.01,19,0,0,0.022,-0.012,-1.031,0.1,-0.6,0
15.5561222,294,0.01,19,0,0,0.022,-0.012,-1.031,0.1,-0.6,0
15.5661222,294,0.01,19,0,0,0.022,-0.012,-1.031,0.1,-0.6,0
15.5761222,294,0.01,19,0,0,0.022,-0.012,-1.031,0.1,-0.6,0
15.5861222,296,0.01,19,0,0,0.022,-0.012,-1.031,0.1,-0.6,0
15.5961222,292,0,19,0,0,0.03,-0.012,-1.016,0.2,-0.7,0.1
15.6061222,300,0,19,0,0,0.03,-0.012,-1.016,0.2,-0.7,0.1
15.6161222,295,0,19,0,0,0.03,-0.012,-1.016,0.2,-0.7,0.1
15.6261222,292,0,19,0,0,0.03,-0.012,-1.016,0.2,-0.7,0.1
15.6361222,297,0,19,0,0,0.03,-0.012,-1.016,0.2,-0.7,0.1
15.6461222,295,0.01,19,0,0,0.03,-0.014,-1.004,0.3,-0.9,0
15.6561222,297,0.01,19,0,0,0.03,-0.014,-1.004,0.3,-0.9,0
15.6661222,294,0.01,19,0,0,0.03,-0.014,-1.004,0.3,-0.9,0
15.6761222,291,0.01,19,0,0,0.03,-0.014,-1.004,0.3,-0.9,0
15.6861222,292,0.01,19,0,0,0.03,-0.014,-1.004,0.3,-0.9,0
15.6961222,290,-0.01,19,0,0,0.022,-0.009,-0.995,0.3,-1,0.1
15.7061222,296,-0.01,19,0,0,0.022,-0.009,-0.995,0.3,-1,0.1
15.7161222,295,-0.01,19,0,0,0.022,-0.009,-0.995,0.3,-1,0.1
15.7261222,290,-0.01,19,0,0,0.022,-0.009,-0.995,0.3,-1,0.1
15.7361222,291,-0.01,19,0,0,0.022,-0.009,-0.995,0.3,-1,0.1
15.7461222,289,0,19,0,0,0.041,-0.008,-0.98,0.3,-1,0
15.7561222,299,0,19,0,0,0.041,-0.008,-0.98,0.3,-1,0
15.7661222,298,0,19,0,0,0.041,-0.008,-0.98,0.3,-1,0
15.7761222,289,0,19,0,0,0.041,-0.008,-0.98,0.3,-1,0
15.7861222,295,0,19,0,0,0.041,-0.008,-0.98,0.3,-1,0
15.7961222,295,0,19,0,0,0.021,-0.014,-0.985,0.3,-0.8,0.1
15.8061222,294,0,19,0,0,0.021,-0.014,-0.985,0.3,-0.8,0.1
15.8161222,298,0,19,0,0,0.021,-0.014,-0.985,0.3,-0.8,0.1
15.8261222,295,0,19,0,0,0.021,-0.014,-0.985,0.3,-0.8,0.1
15.8361222,299,0,19,0,0,0.021,-0.014,-0.985,0.3,-0.8,0.1
15.8461222,292,-0.02,19,0,0,0.036,-0.016,-0.987,0.4,-0.6,0
15.8561222,290,-0.02,19,0,0,0.036,-0.016,-0.987,0.4,-0.6,0
15.8661222,297,-0.02,19,0,0,0.036,-0.016,-0.987,0.4,-0.6,0
15.8761222,295,-0.02,19,0,0,0.036,-0.016,-0.987,0.4,-0.6,0
15.8861222,298,-0.02,19,0,0,0.036,-0.016,-0.987,0.4,-0.6,0
15.8961222,294,-0.02,19,0,0,0.03,-0.022,-0.981,0.3,-0.3,0
15.9061222,291,-0.02,19,0,0,0.03,-0.022,-0.981,0.3,-0.3,0
15.9161222,292,-0.02,19,0,0,0.03,-0.022,-0.981,0.3,-0.3,0
15.9261222,290,-0.02,19,0,0,0.03,-0.022,-0.981,0.3,-0.3,0
15.9361222,295,-0.02,19,0,0,0.03,-0.022,-0.981,0.3,-0.3,0
15.9461222,297,0,19,0,0,0.03,-0.01,-0.986,0.4,-0.1,0.1
15.9561222,288,0,19,0,0,0.03,-0.01,-0.986,0.4,-0.1,0.1
15.9661222,288,0,19,0,0,0.03,-0.01,-0.986,0.4,-0.1,0.1
15.9761222,294,0,19,0,0,0.03,-0.01,-0.986,0.4,-0.1,0.1
15.9861222,301,0,19,0,0,0.03,-0.01,-0.986,0.4,-0.1,0.1
16.0186592,298,0.02,19,0,0,0.029,-0.007,-1.006,0.2,-0.3,0.1
16.0286592,295,0.02,19,0,0,0.029,-0.007,-1.006,0.2,-0.3,0.1
16.0386592,297,0.02,19,0,0,0.029,-0.007,-1.006,0.2,-0.3,0.1
16.0486592,290,0.02,19,0,0,0.029,-0.007,-1.006,0.2,-0.3,0.1
16.0586592,291,0.02,19,0,0,0.029,-0.007,-1.006,0.2,-0.3,0.1
16.0928819,297,0.04,19,0,0,0.028,-0.015,-1.021,0.1,-0.2,0
16.1028819,293,0.04,19,0,0,0.028,-0.015,-1.021,0.1,-0.2,0
16.1128819,295,0.04,19,0,0,0.028,-0.015,-1.021,0.1,-0.2,0
16.1228819,291,0.04,19,0,0,0.028,-0.015,-1.021,0.1,-0.2,0
16.1328819,291,0.04,19,0,0,0.028,-0.015,-1.021,0.1,-0.2,0
16.1689534,292,0.01,19,0,0,0.033,-0.009,-1.017,0.3,-0.7,0
16.1789534,291,0.01,19,0,0,0.033,-0.009,-1.017,0.3,-0.7,0
16.1889534,302,0.01,19,0,0,0.033,-0.009,-1.017,0.3,-0.7,0
16.1989534,298,0.01,19,0,0,0.033,-0.009,-1.017,0.3,-0.7,0
16.2089534,290,0.01,19,0,0,0.033,-0.009,-1.017,0.3,-0.7,0
16.2507725,295,0.01,19,0,0,0.023,-0.016,-1.02,0.2,-0.9,0
16.2607725,293,0.01,19,0,0,0.023,-0.016,-1.02,0.2,-0.9,0
16.2707725,294,0.01,19,0,0,0.023,-0.016,-1.02,0.2,-0.9,0
16.2807725,296,0.01,19,0,0,0.023,-0.016,-1.02,0.2,-0.9,0
16.2907725,295,0.01,19,0,0,0.023,-0.016,-1.02,0.2,-0.9,0
16.3007725,297,-0.01,19,0,0,0.029,-0.011,-1.02,0.3,-1.4,0
16.3107725,289,-0.01,19,0,0,0.029,-0.011,-1.02,0.3,-1.4,0
16.3207725,289,-0.01,19,0,0,0.029,-0.011,-1.02,0.3,-1.4,0
16.3307725,295,-0.01,19,0,0,0.029,-0.011,-1.02,0.3,-1.4,0
16.3407725,292,-0.01,19,0,0,0.029,-0.011,-1.02,0.3,-1.4,0
16.3507725,295,-0.02,19,0,0,0.028,-0.015,-1.011,0.3,-1.7,-0.1
16.3607725,294,-0.02,19,0,0,0.028,-0.015,-1.011,0.3,-1.7,-0.1
16.3707725,294,-0.02,19,0,0,0.028,-0.015,-1.011,0.3,-1.7,-0.1
16.3807725,287,-0.02,19,0,0,0.028,-0.015,-1.011,0.3,-1.7,-0.1
16.3907725,288,-0.02,19,0,0,0.028,-0.015,-1.011,0.3,-1.7,-0.1
16.4007725,303,-0.03,19,0,0,0.029,-0.019,-0.999,0.3,-1.2,0
16.4107725,300,-0.03,19,0,0,0.029,-0.019,-0.999,0.3,-1.2,0
16.4207725,292,-0.03,19,0,0,0.029,-0.019,-0.999,0.3,-1.2,0
16.4307725,292,-0.03,19,0,0,0.029,-0.019,-0.999,0.3,-1.2,0
16.4407725,291,-0.03,19,0,0,0.029,-0.019,-0.999,0.3,-1.2,0
16.4507725,301,-0.05,19,0,0,0.032,-0.017,-0.985,0.3,-1.3,-0.1
16.4607725,298,-0.05,19,0,0,0.032,-0.017,-0.985,0.3,-1.3,-0.1
16.4707725,291,-0.05,19,0,0,0.032,-0.017,-0.985,0.3,-1.3,-0.1
16.4807725,296,-0.05,19,0,0,0.032,-0.017,-0.985,0.3,-1.3,-0.1
16.4907725,290,-0.05,19,0,0,0.032,-0.017,-0.985,0.3,-1.3,-0.1
16.5007725,296,-0.04,19,0,0,0.033,-0.018,-0.973,0.3,-1.4,0
16.5107725,296,-0.04,19,0,0,0.033,-0.018,-0.973,0.3,-1.4,0
16.5207725,290,-0.04,19,0,0,0.033,-0.018,-0.973,0.3,-1.4,0
16.5307725,295,-0.04,19,0,0,0.033,-0.018,-0.973,0.3,-1.4,0
16.5407725,289,-0.04,19,0,0,0.033,-0.018,-0.973,0.3,-1.4,0
16.5507725,293,-0.03,19,0,0,0.035,-0.023,-0.964,0.3,-0.9,0
16.5607725,297,-0.03,19,0,0,0.035,-0.023,-0.964,0.3,-0.9,0
16.5707725,289,-0.03,19,0,0,0.035,-0.023,-0.964,0.3,-0.9,0
16.5807725,297,-0.03,19,0,0,0.035,-0.023,-0.964,0.3,-0.9,0
16.5907725,294,-0.03,19,0,0,0.035,-0.023,-0.964,0.3,-0.9,0
16.6169666,292,0,19,0,0,0.035,-0.017,-0.978,0.3,-0.3,0
16.6269666,295,0,19,0,0,0.035,-0.017,-0.978,0.3,-0.3,0
16.6369666,293,0,19,0,0,0.035,-0.017,-0.978,0.3,-0.3,0
16.6469666,298,0,19,0,0,0.035,-0.017,-0.978,0.3,-0.3,0
16.6569666,296,0,19,0,0,0.035,-0.017,-0.978,0.3,-0.3,0
16.6941555,291,0,19,0,0,0.03,-0.014,-0.976,0.3,0.1,0
16.7041555,293,0,19,0,0,0.03,-0.014,-0.976,0.3,0.1,0
16.7141555,291,0,19,0,0,0.03,-0.014,-0.976,0.3,0.1,0
16.7241555,295,0,19,0,0,0.03,-0.014,-0.976,0.3,0.1,0
16.7341555,293,0,19,0,0,0.03,-0.014,-0.976,0.3,0.1,0
16.7564903,289,0,19,0,0,0.029,-0.016,-0.998,0.2,0.1,0
16.7664903,295,0,19,0,0,0.029,-0.016,-0.998,0.2,0.1,0
16.7764903,295,0,19,0,0,0.029,-0.016,-0.998,0.2,0.1,0
16.7864903,295,0,19,0,0,0.029,-0.016,-0.998,0.2,0.1,0
16.7964903,299,0,19,0,0,0.029,-0.016,-0.998,0.2,0.1,0
16.8359303,295,0.01,19,0,0,0.028,-0.018,-1.007,0.3,0,0.1
16.8459303,299,0.01,19,0,0,0.028,-0.018,-1.007,0.3,0,0.1
16.8559303,296,0.01,19,0,0,0.028,-0.018,-1.007,0.3,0,0.1
16.8659303,291,0.01,19,0,0,0.028,-0.018,-1.007,0.3,0,0.1
16.8759303,293,0.01,19,0,0,0.028,-0.018,-1.007,0.3,0,0.1
16.9183828,289,0,19,0,0,0.027,-0.016,-1.03,0.2,-0.2,0.1
16.9283828,295,0,19,0,0,0.027,-0.016,-1.03,0.2,-0.2,0.1
16.9383828,296,0,19,0,0,0.027,-0.016,-1.03,0.2,-0.2,0.1
16.9483828,288,0,19,0,0,0.027,-0.016,-1.03,0.2,-0.2,0.1
16.9583828,288,0,19,0,0,0.027,-0.016,-1.03,0.2,-0.2,0.1
16.9955008,294,-0.01,19,0,0,0.026,-0.015,-1.024,0.3,-0.3,0
17.0055008,298,-0.01,19,0,0,0.026,-0.015,-1.024,0.3,-0.3,0
17.0155008,296,-0.01,19,0,0,0.026,-0.015,-1.024,0.3,-0.3,0
17.0255008,292,-0.01,19,0,0,0.026,-0.015,-1.024,0.3,-0.3,0
17.0355008,299,-0.01,19,0,0,0.026,-0.015,-1.024,0.3,-0.3,0
17.0555159,293,-0.01,19,0,0,0.029,-0.015,-1.01,0.3,-0.7,0
17.0655159,291,-0.01,19,0,0,0.029,-0.015,-1.01,0.3,-0.7,0
17.0755159,293,-0.01,19,0,0,0.029,-0.015,-1.01,0.3,-0.7,0
17.0855159,293,-0.01,19,0,0,0.029,-0.015,-1.01,0.3,-0.7,0
17.0955159,296,-0.01,19,0,0,0.029,-0.015,-1.01,0.3,-0.7,0
17.1055159,291,-0.01,19,0,0,0.028,-0.017,-0.999,0.4,-1,0
17.1155159,290,-0.01,19,0,0,0.028,-0.017,-0.999,0.4,-1,0
17.1255159,290,-0.01,19,0,0,0.028,-0.017,-0.999,0.4,-1,0
17.1355159,286,-0.01,19,0,0,0.028,-0.017,-0.999,0.4,-1,0
17.1455159,300,-0.01,19,0,0,0.028,-0.017,-0.999,0.4,-1,0
17.1670862,300,0,19,0,0,0.03,-0.018,-0.998,0.4,-0.9,0
17.1770862,288,0,19,0,0,0.03,-0.018,-0.998,0.4,-0.9,0
17.1870862,292,0,19,0,0,0.03,-0.018,-0.998,0.4,-0.9,0
17.1970862,295,0,19,0,0,0.03,-0.018,-0.998,0.4,-0.9,0
17.2070862,297,0,19,0,0,0.03,-0.018,-0.998,0.4,-0.9,0
17.2170862,297,0.02,19,0,0,0.03,-0.015,-0.996,0.4,-0.7,0
17.2270862,295,0.02,19,0,0,0.03,-0.015,-0.996,0.4,-0.7,0
17.2370862,298,0.02,19,0,0,0.03,-0.015,-0.996,0.4,-0.7,0
17.2470862,294,0.02,19,0,0,0.03,-0.015,-0.996,0.4,-0.7,0
17.2570862,292,0.02,19,0,0,0.03,-0.015,-0.996,0.4,-0.7,0
17.2670862,297,0.04,19,0,0,0.03,-0.015,-0.987,0.4,-0.6,0
17.2770862,295,0.04,19,0,0,0.03,-0.015,-0.987,0.4,-0.6,0
17.2870862,297,0.04,19,0,0,0.03,-0.015,-0.987,0.4,-0.6,0
17.2970862,291,0.04,19,0,0,0.03,-0.015,-0.987,0.4,-0.6,0
17.3070862,289,0.04,19,0,0,0.03,-0.015,-0.987,0.4,-0.6,0
17.3170862,294,0.05,19,0,0,0.031,-0.015,-0.984,0.3,-0.4,0.1
17.3270862,292,0.05,19,0,0,0.031,-0.015,-0.984,0.3,-0.4,0.1
17.3370862,295,0.05,19,0,0,0.031,-0.015,-0.984,0.3,-0.4,0.1
17.3470862,294,0.05,19,0,0,0.031,-0.015,-0.984,0.3,-0.4,0.1
17.3570862,294,0.05,19,0,0,0.031,-0.015,-0.984,0.3,-0.4,0.1
17.3670862,287,0.02,19,0,0,0.03,-0.012,-0.992,0.3,-0.4,0
17.3770862,288,0.02,19,0,0,0.03,-0.012,-0.992,0.3,-0.4,0
17.3870862,301,0.02,19,0,0,0.03,-0.012,-0.992,0.3,-0.4,0
17.3970862,299,0.02,19,0,0,0.03,-0.012,-0.992,0.3,-0.4,0
17.4070862,293,0.02,19,0,0,0.03,-0.012,-0.992,0.3,-0.4,0
17.4170862,293,0.02,19,0,0,0.028,-0.009,-1,0.3,-0.4,0.1
17.4270862,293,0.02,19,0,0,0.028,-0.009,-1,0.3,-0.4,0.1
17.4370862,299,0.02,19,0,0,0.028,-0.009,-1,0.3,-0.4,0.1
17.4470862,298,0.02,19,0,0,0.028,-0.009,-1,0.3,-0.4,0.1
17.4570862,292,0.02,19,0,0,0.028,-0.009,-1,0.3,-0.4,0.1
17.4750722,294,0,19,0,0,0.029,-0.012,-1.008,0.1,-0.4,0
17.4850722,290,0,19,0,0,0.029,-0.012,-1.008,0.1,-0.4,0
17.4950722,294,0,19,0,0,0.029,-0.012,-1.008,0.1,-0.4,0
17.5050722,296,0,19,0,0,0.029,-0.012,-1.008,0.1,-0.4,0
17.5150722,293,0,19,0,0,0.029,-0.012,-1.008,0.1,-0.4,0
17.5250722,295,-0.03,19,0,0,0.027,-0.016,-1.022,0.2,-0.4,0
17.5350722,289,-0.03,19,0,0,0.027,-0.016,-1.022,0.2,-0.4,0
17.5450722,290,-0.03,19,0,0,0.027,-0.016,-1.022,0.2,-0.4,0
17.5550722,292,-0.03,19,0,0,0.027,-0.016,-1.022,0.2,-0.4,0
17.5650722,289,-0.03,19,0,0,0.027,-0.016,-1.022,0.2,-0.4,0
17.5750722,300,-0.03,19,0,0,0.027,-0.014,-1.022,0.2,-0.6,0
17.5850722,297,-0.03,19,0,0,0.027,-0.014,-1.022,0.2,-0.6,0
17.5950722,292,-0.03,19,0,0,0.027,-0.014,-1.022,0.2,-0.6,0
17.6050722,291,-0.03,19,0,0,0.027,-0.014,-1.022,0.2,-0.6,0
17.6150722,290,-0.03,19,0,0,0.027,-0.014,-1.022,0.2,-0.6,0
17.6250722,301,-0.04,19,0,0,0.03,-0.013,-1.011,0.2,-0.9,0
17.6350722,298,-0.04,19,0,0,0.03,-0.013,-1.011,0.2,-0.9,0
17.6450722,292,-0.04,19,0,0,0.03,-0.013,-1.011,0.2,-0.9,0
17.6550722,295,-0.04,19,0,0,0.03,-0.013,-1.011,0.2,-0.9,0
17.6650722,293,-0.04,19,0,0,0.03,-0.013,-1.011,0.2,-0.9,0
17.6750722,298,-0.05,19,0,0,0.029,-0.013,-1.012,0.2,0,0
17.6850722,296,-0.05,19,0,0,0.029,-0.013,-1.012,0.2,0,0
17.6950722,291,-0.05,19,0,0,0.029,-0.013,-1.012,0.2,0,0
17.7050722,294,-0.05,19,0,0,0.029,-0.013,-1.012,0.2,0,0
17.7150722,289,-0.05,19,0,0,0.029,-0.013,-1.012,0.2,0,0
17.7250722,292,-0.03,19,0,0,0.026,-0.019,-1.029,0.1,0.1,0.1
17.7350722,295,-0.03,19,0,0,0.026,-0.019,-1.029,0.1,0.1,0.1
17.7450722,292,-0.03,19,0,0,0.026,-0.019,-1.029,0.1,0.1,0.1
17.7550722,295,-0.03,19,0,0,0.026,-0.019,-1.029,0.1,0.1,0.1
17.7650722,289,-0.03,19,0,0,0.026,-0.019,-1.029,0.1,0.1,0.1
17.8247274,294,-0.02,19,0,0,0.026,-0.015,-1.031,0.1,-0.2,0
17.8347274,294,-0.02,19,0,0,0.026,-0.015,-1.031,0.1,-0.2,0
17.8447274,291,-0.02,19,0,0,0.026,-0.015,-1.031,0.1,-0.2,0
17.8547274,303,-0.02,19,0,0,0.026,-0.015,-1.031,0.1,-0.2,0
17.8647274,299,-0.02,19,0,0,0.026,-0.015,-1.031,0.1,-0.2,0
17.8747274,291,0,19,0,0,0.027,-0.019,-1.018,0.3,-0.7,0
17.8847274,295,0,19,0,0,0.027,-0.019,-1.018,0.3,-0.7,0
17.8947274,291,0,19,0,0,0.027,-0.019,-1.018,0.3,-0.7,0
17.9047274,296,0,19,0,0,0.027,-0.019,-1.018,0.3,-0.7,0
17.9147274,296,0,19,0,0,0.027,-0.019,-1.018,0.3,-0.7,0
17.9247274,290,0,19,0,0,0.029,-0.013,-1.009,0.2,-1,0
17.9347274,292,0,19,0,0,0.029,-0.013,-1.009,0.2,-1,0
17.9447274,289,0,19,0,0,0.029,-0.013,-1.009,0.2,-1,0
17.9547274,294,0,19,0,0,0.029,-0.013,-1.009,0.2,-1,0
17.9647274,296,0,19,0,0,0.029,-0.013,-1.009,0.2,-1,0
17.9747274,289,0.01,19,0,0,0.028,-0.019,-1.003,0.2,-1.2,0
17.9847274,296,0.01,19,0,0,0.028,-0.019,-1.003,0.2,-1.2,0
17.9947274,292,0.01,19,0,0,0.028,-0.019,-1.003,0.2,-1.2,0
18.0047274,292,0.01,19,0,0,0.028,-0.019,-1.003,0.2,-1.2,0
18.0147274,297,0.01,19,0,0,0.028,-0.019,-1.003,0.2,-1.2,0
18.0494306,292,0,19,0,0,0.029,-0.01,-0.994,0.3,-1,0
18.0594306,301,0,19,0,0,0.029,-0.01,-0.994,0.3,-1,0
18.0694306,296,0,19,0,0,0.029,-0.01,-0.994,0.3,-1,0
18.0794306,291,0,19,0,0,0.029,-0.01,-0.994,0.3,-1,0
18.0894306,296,0,19,0,0,0.029,-0.01,-0.994,0.3,-1,0
18.0994306,295,0,19,0,0,0.031,-0.012,-0.987,0.3,-0.7,0
18.1094306,298,0,19,0,0,0.031,-0.012,-0.987,0.3,-0.7,0
18.1194306,294,0,19,0,0,0.031,-0.012,-0.987,0.3,-0.7,0
18.1294306,291,0,19,0,0,0.031,-0.012,-0.987,0.3,-0.7,0
18.1394306,292,0,19,0,0,0.031,-0.012,-0.987,0.3,-0.7,0
18.1494306,290,0,19,0,0,0.032,-0.018,-0.979,0.4,-0.6,0
18.1594306,296,0,19,0,0,0.032,-0.018,-0.979,0.4,-0.6,0
18.1694306,295,0,19,0,0,0.032,-0.018,-0.979,0.4,-0.6,0
18.1794306,289,0,19,0,0,0.032,-0.018,-0.979,0.4,-0.6,0
18.1894306,290,0,19,0,0,0.032,-0.018,-0.979,0.4,-0.6,0
18.1994306,289,0,19,0,0,0.033,-0.012,-0.975,0.4,-0.3,0
18.2094306,299,0,19,0,0,0.033,-0.012,-0.975,0.4,-0.3,0
18.2194306,298,0,19,0,0,0.033,-0.012,-0.975,0.4,-0.3,0
18.2294306,289,0,19,0,0,0.033,-0.012,-0.975,0.4,-0.3,0
18.2394306,297,0,19,0,0,0.033,-0.012,-0.975,0.4,-0.3,0
18.2494306,295,-0.01,19,0,0,0.03,-0.017,-0.991,0.3,-0.4,0
18.2594306,292,-0.01,19,0,0,0.03,-0.017,-0.991,0.3,-0.4,0
18.2694306,296,-0.01,19,0,0,0.03,-0.017,-0.991,0.3,-0.4,0
18.2794306,293,-0.01,19,0,0,0.03,-0.017,-0.991,0.3,-0.4,0
18.2894306,299,-0.01,19,0,0,0.03,-0.017,-0.991,0.3,-0.4,0
18.2994306,294,-0.01,19,0,0,0.029,-0.014,-0.997,0.3,-0.2,0
18.3094306,291,-0.01,19,0,0,0.029,-0.014,-0.997,0.3,-0.2,0
18.3194306,296,-0.01,19,0,0,0.029,-0.014,-0.997,0.3,-0.2,0
18.3294306,295,-0.01,19,0,0,0.029,-0.014,-0.997,0.3,-0.2,0
18.3394306,298,-0.01,19,0,0,0.029,-0.014,-0.997,0.3,-0.2,0
18.3494306,293,-0.01,19,0,0,0.028,-0.012,-1.008,0.2,-0.1,0
18.3594306,289,-0.01,19,0,0,0.028,-0.012,-1.008,0.2,-0.1,0
18.3694306,292,-0.01,19,0,0,0.028,-0.012,-1.008,0.2,-0.1,0
18.3794306,289,-0.01,19,0,0,0.028,-0.012,-1.008,0.2,-0.1,0
18.3894306,295,-0.01,19,0,0,0.028,-0.012,-1.008,0.2,-0.1,0
18.3994306,296,0,19,0,0,0.027,-0.02,-1.023,0.2,-0.2,0
18.4094306,288,0,19,0,0,0.027,-0.02,-1.023,0.2,-0.2,0
18.4194306,288,0,19,0,0,0.027,-0.02,-1.023,0.2,-0.2,0
18.4294306,294,0,19,0,0,0.027,-0.02,-1.023,0.2,-0.2,0
18.4394306,300,0,19,0,0,0.027,-0.02,-1.023,0.2,-0.2,0
18.4494306,299,0.01,19,0,0,0.027,-0.012,-1.017,0.2,-0.6,0
18.4594306,294,0.01,19,0,0,0.027,-0.012,-1.017,0.2,-0.6,0
18.4694306,296,0.01,19,0,0,0.027,-0.012,-1.017,0.2,-0.6,0
18.4794306,295,0.01,19,0,0,0.027,-0.012,-1.017,0.2,-0.6,0
18.4894306,294,0.01,19,0,0,0.027,-0.012,-1.017,0.2,-0.6,0
18.4994306,296,0.04,19,0,0,0.027,-0.012,-1.02,0.2,-0.7,0
18.5094306,295,0.04,19,0,0,0.027,-0.012,-1.02,0.2,-0.7,0
18.5194306,299,0.04,19,0,0,0.027,-0.012,-1.02,0.2,-0.7,0
18.5294306,291,0.04,19,0,0,0.027,-0.012,-1.02,0.2,-0.7,0
18.5394306,291,0.04,19,0,0,0.027,-0.012,-1.02,0.2,-0.7,0
18.5494306,296,0.05,19,0,0,0.025,-0.012,-1.028,0.1,-1.1,0
18.5594306,293,0.05,19,0,0,0.025,-0.012,-1.028,0.1,-1.1,0
18.5694306,296,0.05,19,0,0,0.025,-0.012,-1.028,0.1,-1.1,0
18.5794306,291,0.05,19,0,0,0.025,-0.012,-1.028,0.1,-1.1,0
18.5894306,290,0.05,19,0,0,0.025,-0.012,-1.028,0.1,-1.1,0
18.5994306,290,0.02,19,0,0,0.028,-0.006,-1.022,0.1,-1.5,0
18.6094306,288,0.02,19,0,0,0.028,-0.006,-1.022,0.1,-1.5,0
18.6194306,300,0.02,19,0,0,0.028,-0.006,-1.022,0.1,-1.5,0
18.6294306,298,0.02,19,0,0,0.028,-0.006,-1.022,0.1,-1.5,0
18.6394306,288,0.02,19,0,0,0.028,-0.006,-1.022,0.1,-1.5,0
18.6494306,292,0.02,19,0,0,0.028,-0.018,-1.007,0.3,-1.2,0
18.6594306,295,0.02,19,0,0,0.028,-0.018,-1.007,0.3,-1.2,0
18.6694306,301,0.02,19,0,0,0.028,-0.018,-1.007,0.3,-1.2,0
18.6794306,298,0.02,19,0,0,0.028,-0.018,-1.007,0.3,-1.2,0
18.6894306,291,0.02,19,0,0,0.028,-0.018,-1.007,0.3,-1.2,0
18.6994306,295,0.01,19,0,0,0.03,-0.019,-0.998,0.3,-1.3,0
18.7094306,294,0.01,19,0,0,0.03,-0.019,-0.998,0.3,-1.3,0
18.7194306,294,0.01,19,0,0,0.03,-0.019,-0.998,0.3,-1.3,0
18.7294306,296,0.01,19,0,0,0.03,-0.019,-0.998,0.3,-1.3,0
18.7394306,295,0.01,19,0,0,0.03,-0.019,-0.998,0.3,-1.3,0
18.7494306,297,-0.02,19,0,0,0.032,-0.017,-0.984,0.3,-1.5,-0.1
18.7594306,289,-0.02,19,0,0,0.032,-0.017,-0.984,0.3,-1.5,-0.1
18.7694306,289,-0.02,19,0,0,0.032,-0.017,-0.984,0.3,-1.5,-0.1
18.7794306,295,-0.02,19,0,0,0.032,-0.017,-0.984,0.3,-1.5,-0.1
18.7894306,292,-0.02,19,0,0,0.032,-0.017,-0.984,0.3,-1.5,-0.1
18.7994306,295,-0.04,19,0,0,0.032,-0.021,-0.972,0.3,-1.3,0
18.8094306,294,-0.04,19,0,0,0.032,-0.021,-0.972,0.3,-1.3,0
18.8194306,294,-0.04,19,0,0,0.032,-0.021,-0.972,0.3,-1.3,0
18.8294306,287,-0.04,19,0,0,0.032,-0.021,-0.972,0.3,-1.3,0
18.8394306,287,-0.04,19,0,0,0.032,-0.021,-0.972,0.3,-1.3,0
18.8774376,302,-0.05,19,0,0,0.032,-0.015,-0.976,0.2,-0.7,0
18.8874376,301,-0.05,19,0,0,0.032,-0.015,-0.976,0.2,-0.7,0
18.8974376,292,-0.05,19,0,0,0.032,-0.015,-0.976,0.2,-0.7,0
18.9074376,292,-0.05,19,0,0,0.032,-0.015,-0.976,0.2,-0.7,0
18.9174376,292,-0.05,19,0,0,0.032,-0.015,-0.976,0.2,-0.7,0
18.9274376,294,-0.04,19,0,0,0.035,-0.017,-0.968,0.3,-0.2,0
18.9374376,296,-0.04,19,0,0,0.035,-0.017,-0.968,0.3,-0.2,0
18.9474376,293,-0.04,19,0,0,0.035,-0.017,-0.968,0.3,-0.2,0
18.9574376,295,-0.04,19,0,0,0.035,-0.017,-0.968,0.3,-0.2,0
18.9674376,289,-0.04,19,0,0,0.035,-0.017,-0.968,0.3,-0.2,0
18.9774376,291,-0.02,19,0,0,0.033,-0.011,-0.973,0.2,0.2,0.1
18.9874376,292,-0.02,19,0,0,0.033,-0.011,-0.973,0.2,0.2,0.1
18.9974376,289,-0.02,19,0,0,0.033,-0.011,-0.973,0.2,0.2,0.1
19.0074376,300,-0.02,19,0,0,0.033,-0.011,-0.973,0.2,0.2,0.1
19.0174376,297,-0.02,19,0,0,0.033,-0.011,-0.973,0.2,0.2,0.1
19.0274376,290,-0.01,19,0,0,0.032,-0.013,-0.987,0.3,0.1,0
19.0374376,292,-0.01,19,0,0,0.032,-0.013,-0.987,0.3,0.1,0
19.0474376,291,-0.01,19,0,0,0.032,-0.013,-0.987,0.3,0.1,0
19.0574376,301,-0.01,19,0,0,0.032,-0.013,-0.987,0.3,0.1,0
19.0674376,300,-0.01,19,0,0,0.032,-0.013,-0.987,0.3,0.1,0
19.0919185,292,0,19,0,0,0.029,-0.016,-0.999,0.3,0.1,0.1
19.1019185,295,0,19,0,0,0.029,-0.016,-0.999,0.3,0.1,0.1
19.1119185,293,0,19,0,0,0.029,-0.016,-0.999,0.3,0.1,0.1
19.1219185,298,0,19,0,0,0.029,-0.016,-0.999,0.3,0.1,0.1
19.1319185,296,0,19,0,0,0.029,-0.016,-0.999,0.3,0.1,0.1
19.1419185,291,0,19,0,0,0.028,-0.014,-1.009,0.3,0.2,0
19.1519185,294,0,19,0,0,0.028,-0.014,-1.009,0.3,0.2,0
19.1619185,289,0,19,0,0,0.028,-0.014,-1.009,0.3,0.2,0
19.1719185,292,0,19,0,0,0.028,-0.014,-1.009,0.3,0.2,0
19.1819185,295,0,19,0,0,0.028,-0.014,-1.009,0.3,0.2,0
19.1919185,292,0.01,19,0,0,0.024,-0.018,-1.027,0.3,0.1,0.1
19.2019185,295,0.01,19,0,0,0.024,-0.018,-1.027,0.3,0.1,0.1
19.2119185,289,0.01,19,0,0,0.024,-0.018,-1.027,0.3,0.1,0.1
19.2219185,294,0.01,19,0,0,0.024,-0.018,-1.027,0.3,0.1,0.1
19.2319185,292,0.01,19,0,0,0.024,-0.018,-1.027,0.3,0.1,0.1
19.2419185,289,0,19,0,0,0.027,-0.014,-1.019,0.3,-0.1,0.1
19.2519185,301,0,19,0,0,0.027,-0.014,-1.019,0.3,-0.1,0.1
19.2619185,296,0,19,0,0,0.027,-0.014,-1.019,0.3,-0.1,0.1
19.2719185,295,0,19,0,0,0.027,-0.014,-1.019,0.3,-0.1,0.1
19.2819185,298,0,19,0,0,0.027,-0.014,-1.019,0.3,-0.1,0.1
19.3149734,291,0,19,0,0,0.027,-0.016,-1.019,0.2,-0.6,0
19.3249734,296,0,19,0,0,0.027,-0.016,-1.019,0.2,-0.6,0
19.3349734,296,0,19,0,0,0.027,-0.016,-1.019,0.2,-0.6,0
19.3449734,289,0,19,0,0,0.027,-0.016,-1.019,0.2,-0.6,0
19.3549734,292,0,19,0,0,0.027,-0.016,-1.019,0.2,-0.6,0
19.3915498,289,0,19,0,0,0.025,-0.015,-1.014,0.3,-1,0
19.4015498,294,0,19,0,0,0.025,-0.015,-1.014,0.3,-1,0
19.4115498,296,0,19,0,0,0.025,-0.015,-1.014,0.3,-1,0
19.4215498,289,0,19,0,0,0.025,-0.015,-1.014,0.3,-1,0
19.4315498,294,0,19,0,0,0.025,-0.015,-1.014,0.3,-1,0
19.4732455,293,-0.01,19,0,0,0.03,-0.016,-1.001,0.4,-0.9,0
19.4832455,291,-0.01,19,0,0,0.03,-0.016,-1.001,0.4,-0.9,0
19.4932455,299,-0.01,19,0,0,0.03,-0.016,-1.001,0.4,-0.9,0
19.5032455,295,-0.01,19,0,0,0.03,-0.016,-1.001,0.4,-0.9,0
19.5132455,298,-0.01,19,0,0,0.03,-0.016,-1.001,0.4,-0.9,0
19.5361766,294,-0.02,19,0,0,0.03,-0.016,-0.992,0.3,-0.7,0
19.5461766,292,-0.02,19,0,0,0.03,-0.016,-0.992,0.3,-0.7,0
19.5561766,293,-0.02,19,0,0,0.03,-0.016,-0.992,0.3,-0.7,0
19.5661766,290,-0.02,19,0,0,0.03,-0.016,-0.992,0.3,-0.7,0
19.5761766,295,-0.02,19,0,0,0.03,-0.016,-0.992,0.3,-0.7,0
19.5861766,293,0,19,0,0,0.032,-0.017,-0.98,0.4,-0.6,0
19.5961766,290,0,19,0,0,0.032,-0.017,-0.98,0.4,-0.6,0
19.6061766,290,0,19,0,0,0.032,-0.017,-0.98,0.4,-0.6,0
19.6161766,286,0,19,0,0,0.032,-0.017,-0.98,0.4,-0.6,0
19.6261766,300,0,19,0,0,0.032,-0.017,-0.98,0.4,-0.6,0
19.6361766,300,0,19,0,0,0.031,-0.016,-0.987,0.3,-0.6,0
19.6461766,288,0,19,0,0,0.031,-0.016,-0.987,0.3,-0.6,0
19.6561766,292,0,19,0,0,0.031,-0.016,-0.987,0.3,-0.6,0
19.6661766,295,0,19,0,0,0.031,-0.016,-0.987,0.3,-0.6,0
19.6761766,297,0,19,0,0,0.031,-0.016,-0.987,0.3,-0.6,0
19.6861766,298,0.02,19,0,0,0.03,-0.015,-0.998,0.2,-0.4,0
19.6961766,295,0.02,19,0,0,0.03,-0.015,-0.998,0.2,-0.4,0
19.7061766,297,0.02,19,0,0,0.03,-0.015,-0.998,0.2,-0.4,0
19.7161766,292,0.02,19,0,0,0.03,-0.015,-0.998,0.2,-0.4,0
19.7261766,292,0.02,19,0,0,0.03,-0.015,-0.998,0.2,-0.4,0
19.7361766,299,0.04,19,0,0,0.03,-0.013,-1,0.3,-0.3,0
19.7461766,295,0.04,19,0,0,0.03,-0.013,-1,0.3,-0.3,0
19.7561766,296,0.04,19,0,0,0.03,-0.013,-1,0.3,-0.3,0
19.7661766,292,0.04,19,0,0,0.03,-0.013,-1,0.3,-0.3,0
19.7761766,289,0.04,19,0,0,0.03,-0.013,-1,0.3,-0.3,0
19.7861766,292,0.05,19,0,0,0.028,-0.014,-1.011,0.1,-0.1,0
19.7961766,292,0.05,19,0,0,0.028,-0.014,-1.011,0.1,-0.1,0
19.8061766,295,0.05,19,0,0,0.028,-0.014,-1.011,0.1,-0.1,0
19.8161766,294,0.05,19,0,0,0.028,-0.014,-1.011,0.1,-0.1,0
19.8261766,294,0.05,19,0,0,0.028,-0.014,-1.011,0.1,-0.1,0
19.8361766,287,0.03,19,0,0,0.028,-0.012,-1.011,0.2,-0.4,0
19.8461766,288,0.03,19,0,0,0.028,-0.012,-1.011,0.2,-0.4,0
19.8561766,301,0.03,19,0,0,0.028,-0.012,-1.011,0.2,-0.4,0
19.8661766,299,0.03,19,0,0,0.028,-0.012,-1.011,0.2,-0.4,0
19.8761766,293,0.03,19,0,0,0.028,-0.012,-1.011,0.2,-0.4,0
19.8861766,295,0.02,19,0,0,0.027,-0.013,-1.012,0.1,-0.7,0
19.8961766,295,0.02,19,0,0,0.027,-0.013,-1.012,0.1,-0.7,0
19.9061766,296,0.02,19,0,0,0.027,-0.013,-1.012,0.1,-0.7,0
19.9161766,296,0.02,19,0,0,0.027,-0.013,-1.012,0.1,-0.7,0
19.9261766,295,0.02,19,0,0,0.027,-0.013,-1.012,0.1,-0.7,0
19.9361766,297,-0.01,19,0,0,0.025,-0.014,-1.02,0.2,-0.7,0
19.9461766,290,-0.01,19,0,0,0.025,-0.014,-1.02,0.2,-0.7,0
19.9561766,293,-0.01,19,0,0,0.025,-0.014,-1.02,0.2,-0.7,0
19.9661766,296,-0.01,19,0,0,0.025,-0.014,-1.02,0.2,-0.7,0
19.9761766,293,-0.01,19,0,0,0.025,-0.014,-1.02,0.2,-0.7,0
19.9861766,295,-0.03,19,0,0,0.026,-0.007,-1.023,0.2,-1.1,0
19.9961766,289,-0.03,19,0,0,0.026,-0.007,-1.023,0.2,-1.1,0
20.0061766,290,-0.03,19,0,0,0.026,-0.007,-1.023,0.2,-1.1,0
20.0161766,292,-0.03,19,0,0,0.026,-0.007,-1.023,0.2,-1.1,0
20.0261766,289,-0.03,19,0,0,0.026,-0.007,-1.023,0.2,-1.1,0
20.0361766,300,-0.02,19,0,0,0.028,-0.013,-1.014,0.1,-1.2,0
20.0461766,297,-0.02,19,0,0,0.028,-0.013,-1.014,0.1,-1.2,0
20.0561766,292,-0.02,19,0,0,0.028,-0.013,-1.014,0.1,-1.2,0
20.0661766,292,-0.02,19,0,0,0.028,-0.013,-1.014,0.1,-1.2,0
20.0761766,292,-0.02,19,0,0,0.028,-0.013,-1.014,0.1,-1.2,0
20.0861766,301,-0.05,19,0,0,0.029,-0.015,-0.999,0.2,-1.1,0
20.0961766,298,-0.05,19,0,0,0.029,-0.015,-0.999,0.2,-1.1,0
20.1061766,292,-0.05,19,0,0,0.029,-0.015,-0.999,0.2,-1.1,0
20.1161766,295,-0.05,19,0,0,0.029,-0.015,-0.999,0.2,-1.1,0
20.1261766,292,-0.05,19,0,0,0.029,-0.015,-0.999,0.2,-1.1,0
20.1361766,298,-0.05,19,0,0,0.03,-0.013,-0.993,0.4,-1.3,0
20.1461766,298,-0.05,19,0,0,0.03,-0.013,-0.993,0.4,-1.3,0
20.1561766,291,-0.05,19,0,0,0.03,-0.013,-0.993,0.4,-1.3,0
20.1661766,294,-0.05,19,0,0,0.03,-0.013,-0.993,0.4,-1.3,0
20.1761766,291,-0.05,19,0,0,0.03,-0.013,-0.993,0.4,-1.3,0
20.1861766,294,-0.03,19,0,0,0.032,-0.018,-0.979,0.4,-1.4,0
20.1961766,293,-0.03,19,0,0,0.032,-0.018,-0.979,0.4,-1.4,0
20.2061766,290,-0.03,19,0,0,0.032,-0.018,-0.979,0.4,-1.4,0
20.2161766,295,-0.03,19,0,0,0.032,-0.018,-0.979,0.4,-1.4,0
20.2261766,288,-0.03,19,0,0,0.032,-0.018,-0.979,0.4,-1.4,0
20.2361766,294,-0.02,19,0,0,0.033,-0.017,-0.973,0.3,-1,0
20.2461766,296,-0.02,19,0,0,0.033,-0.017,-0.973,0.3,-1,0
20.2561766,289,-0.02,19,0,0,0.033,-0.017,-0.973,0.3,-1,0
20.2661766,301,-0.02,19,0,0,0.033,-0.017,-0.973,0.3,-1,0
20.2761766,299,-0.02,19,0,0,0.033,-0.017,-0.973,0.3,-1,0
20.2861766,292,-0.01,19,0,0,0.032,-0.02,-0.98,0.3,-0.6,0
20.2961766,294,-0.01,19,0,0,0.032,-0.02,-0.98,0.3,-0.6,0
20.3061766,291,-0.01,19,0,0,0.032,-0.02,-0.98,0.3,-0.6,0
20.3161766,299,-0.01,19,0,0,0.032,-0.02,-0.98,0.3,-0.6,0
20.3261766,300,-0.01,19,0,0,0.032,-0.02,-0.98,0.3,-0.6,0
20.3361766,291,0,19,0,0,0.033,-0.027,-0.973,0.4,-0.4,0
20.3461766,295,0,19,0,0,0.033,-0.027,-0.973,0.4,-0.4,0
20.3561766,291,0,19,0,0,0.033,-0.027,-0.973,0.4,-0.4,0
20.3661766,296,0,19,0,0,0.033,-0.027,-0.973,0.4,-0.4,0
20.3761766,297,0,19,0,0,0.033,-0.027,-0.973,0.4,-0.4,0
20.3861766,290,0.01,19,0,0,0.034,-0.018,-0.969,0.4,0,0
20.3961766,292,0.01,19,0,0,0.034,-0.018,-0.969,0.4,0,0
20.4061766,289,0.01,19,0,0,0.034,-0.018,-0.969,0.4,0,0
20.4161766,293,0.01,19,0,0,0.034,-0.018,-0.969,0.4,0,0
20.4261766,296,0.01,19,0,0,0.034,-0.018,-0.969,0.4,0,0
20.4361766,289,0,19,0,0,0.032,-0.019,-0.978,0.3,0.2,0.1
20.4461766,296,0,19,0,0,0.032,-0.019,-0.978,0.3,0.2,0.1
20.4561766,294,0,19,0,0,0.032,-0.019,-0.978,0.3,0.2,0.1
20.4661766,292,0,19,0,0,0.032,-0.019,-0.978,0.3,0.2,0.1
20.4761766,296,0,19,0,0,0.032,-0.019,-0.978,0.3,0.2,0.1
20.4861766,294,0,19,0,0,0.031,-0.015,-0.996,0.2,0,0
20.4961766,302,0,19,0,0,0.031,-0.015,-0.996,0.2,0,0
20.5061766,297,0,19,0,0,0.031,-0.015,-0.996,0.2,0,0
20.5161766,291,0,19,0,0,0.031,-0.015,-0.996,0.2,0,0
20.5261766,295,0,19,0,0,0.031,-0.015,-0.996,0.2,0,0
20.5361766,295,0,19,0,0,0.03,-0.01,-1,0.1,0.2,0
20.5461766,298,0,19,0,0,0.03,-0.01,-1,0.1,0.2,0
20.5561766,294,0,19,0,0,0.03,-0.01,-1,0.1,0.2,0
20.5661766,291,0,19,0,0,0.03,-0.01,-1,0.1,0.2,0
20.5761766,293,0,19,0,0,0.03,-0.01,-1,0.1,0.2,0
20.591154,290,-0.01,19,0,0,0.027,-0.016,-1.02,0.2,0.3,0.1
20.601154,295,-0.01,19,0,0,0.027,-0.016,-1.02,0.2,0.3,0.1
20.611154,295,-0.01,19,0,0,0.027,-0.016,-1.02,0.2,0.3,0.1
20.621154,289,-0.01,19,0,0,0.027,-0.016,-1.02,0.2,0.3,0.1
20.631154,290,-0.01,19,0,0,0.027,-0.016,-1.02,0.2,0.3,0.1
20.641154,289,0,19,0,0,0.027,-0.013,-1.025,0.1,0,0.1
20.651154,299,0,19,0,0,0.027,-0.013,-1.025,0.1,0,0.1
20.661154,298,0,19,0,0,0.027,-0.013,-1.025,0.1,0,0.1
20.671154,289,0,19,0,0,0.027,-0.013,-1.025,0.1,0,0.1
20.681154,297,0,19,0,0,0.027,-0.013,-1.025,0.1,0,0.1
20.691154,295,-0.01,19,0,0,0.027,-0.018,-1.02,0.2,-0.2,0
20.701154,292,-0.01,19,0,0,0.027,-0.018,-1.02,0.2,-0.2,0
20.711154,297,-0.01,19,0,0,0.027,-0.018,-1.02,0.2,-0.2,0
20.721154,295,-0.01,19,0,0,0.027,-0.018,-1.02,0.2,-0.2,0
20.731154,299,-0.01,19,0,0,0.027,-0.018,-1.02,0.2,-0.2,0
20.741154,294,-0.02,19,0,0,0.028,-0.008,-1.022,0.2,-0.6,0
20.751154,291,-0.02,19,0,0,0.028,-0.008,-1.022,0.2,-0.6,0
20.761154,297,-0.02,19,0,0,0.028,-0.008,-1.022,0.2,-0.6,0
20.771154,295,-0.02,19,0,0,0.028,-0.008,-1.022,0.2,-0.6,0
20.781154,296,-0.02,19,0,0,0.028,-0.008,-1.022,0.2,-0.6,0
20.791154,292,-0.01,19,0,0,0.026,-0.011,-1.028,0.2,-0.6,0.1
20.801154,289,-0.01,19,0,0,0.026,-0.011,-1.028,0.2,-0.6,0.1
20.811154,292,-0.01,19,0,0,0.026,-0.011,-1.028,0.2,-0.6,0.1
20.821154,290,-0.01,19,0,0,0.026,-0.011,-1.028,0.2,-0.6,0.1
20.831154,295,-0.01,19,0,0,0.026,-0.011,-1.028,0.2,-0.6,0.1
20.841154,297,0,19,0,0,0.026,-0.007,-1.031,0.2,-0.7,0
20.851154,288,0,19,0,0,0.026,-0.007,-1.031,0.2,-0.7,0
20.861154,288,0,19,0,0,0.026,-0.007,-1.031,0.2,-0.7,0
20.871154,294,0,19,0,0,0.026,-0.007,-1.031,0.2,-0.7,0
20.881154,300,0,19,0,0,0.026,-0.007,-1.031,0.2,-0.7,0
20.8937987,300,0.01,19,0,0,0.028,-0.012,-1.017,0.2,-1,0
20.9037987,294,0.01,19,0,0,0.028,-0.012,-1.017,0.2,-1,0
20.9137987,294,0.01,19,0,0,0.028,-0.012,-1.017,0.2,-1,0
20.9237987,294,0.01,19,0,0,0.028,-0.012,-1.017,0.2,-1,0
20.9337987,296,0.01,19,0,0,0.028,-0.012,-1.017,0.2,-1,0
20.9746407,296,0.04,19,0,0,0.028,-0.016,-1.008,0.2,-1.6,0
20.9846407,294,0.04,19,0,0,0.028,-0.016,-1.008,0.2,-1.6,0
20.9946407,297,0.04,19,0,0,0.028,-0.016,-1.008,0.2,-1.6,0
21.0046407,291,0.04,19,0,0,0.028,-0.016,-1.008,0.2,-1.6,0
21.0146407,291,0.04,19,0,0,0.028,-0.016,-1.008,0.2,-1.6,0
21.0246407,291,0.03,19,0,0,0.029,-0.02,-0.994,0.3,-1.6,-0.1
21.0346407,288,0.03,19,0,0,0.029,-0.02,-0.994,0.3,-1.6,-0.1
21.0446407,300,0.03,19,0,0,0.029,-0.02,-0.994,0.3,-1.6,-0.1
21.0546407,298,0.03,19,0,0,0.029,-0.02,-0.994,0.3,-1.6,-0.1
21.0646407,289,0.03,19,0,0,0.029,-0.02,-0.994,0.3,-1.6,-0.1
21.0746407,293,0.02,19,0,0,0.031,-0.017,-0.988,0.1,-1.2,0
21.0846407,295,0.02,19,0,0,0.031,-0.017,-0.988,0.1,-1.2,0
21.0946407,302,0.02,19,0,0,0.031,-0.017,-0.988,0.1,-1.2,0
21.1046407,299,0.02,19,0,0,0.031,-0.017,-0.988,0.1,-1.2,0
21.1146407,291,0.02,19,0,0,0.031,-0.017,-0.988,0.1,-1.2,0
21.1251785,294,0.01,19,0,0,0.033,-0.016,-0.98,0.2,-1.1,0
21.1351785,293,0.01,19,0,0,0.033,-0.016,-0.98,0.2,-1.1,0
21.1451785,295,0.01,19,0,0,0.033,-0.016,-0.98,0.2,-1.1,0
21.1551785,295,0.01,19,0,0,0.033,-0.016,-0.98,0.2,-1.1,0
21.1651785,293,0.01,19,0,0,0.033,-0.016,-0.98,0.2,-1.1,0
21.1751785,297,-0.01,19,0,0,0.034,-0.02,-0.967,0.2,-0.9,0
21.1851785,289,-0.01,19,0,0,0.034,-0.02,-0.967,0.2,-0.9,0
21.1951785,287,-0.01,19,0,0,0.034,-0.02,-0.967,0.2,-0.9,0
21.2051785,292,-0.01,19,0,0,0.034,-0.02,-0.967,0.2,-0.9,0
21.2151785,291,-0.01,19,0,0,0.034,-0.02,-0.967,0.2,-0.9,0
21.2251785,296,-0.02,19,0,0,0.035,-0.016,-0.959,0.3,-0.3,0
21.2351785,295,-0.02,19,0,0,0.035,-0.016,-0.959,0.3,-0.3,0
21.2451785,295,-0.02,19,0,0,0.035,-0.016,-0.959,0.3,-0.3,0
21.2551785,289,-0.02,19,0,0,0.035,-0.016,-0.959,0.3,-0.3,0
21.2651785,288,-0.02,19,0,0,0.035,-0.016,-0.959,0.3,-0.3,0
21.2751785,303,-0.04,19,0,0,0.032,-0.015,-0.976,0.3,-0.2,0
21.2851785,300,-0.04,19,0,0,0.032,-0.015,-0.976,0.3,-0.2,0
21.2951785,292,-0.04,19,0,0,0.032,-0.015,-0.976,0.3,-0.2,0
21.3051785,293,-0.04,19,0,0,0.032,-0.015,-0.976,0.3,-0.2,0
21.3151785,291,-0.04,19,0,0,0.032,-0.015,-0.976,0.3,-0.2,0
21.3496264,299,-0.04,19,0,0,0.032,-0.015,-0.985,0.3,0,0
21.3596264,299,-0.04,19,0,0,0.032,-0.015,-0.985,0.3,0,0
21.3696264,291,-0.04,19,0,0,0.032,-0.015,-0.985,0.3,0,0
21.3796264,293,-0.04,19,0,0,0.032,-0.015,-0.985,0.3,0,0
21.3896264,290,-0.04,19,0,0,0.032,-0.015,-0.985,0.3,0,0
21.4127677,291,-0.02,19,0,0,0.028,-0.018,-1.007,0.3,0.4,0
21.4227677,292,-0.02,19,0,0,0.028,-0.018,-1.007,0.3,0.4,0
21.4327677,291,-0.02,19,0,0,0.028,-0.018,-1.007,0.3,0.4,0
21.4427677,300,-0.02,19,0,0,0.028,-0.018,-1.007,0.3,0.4,0
21.4527677,297,-0.02,19,0,0,0.028,-0.018,-1.007,0.3,0.4,0
21.4627677,294,-0.01,19,0,0,0.029,-0.016,-1.007,0.3,0.1,0.1
21.4727677,292,-0.01,19,0,0,0.029,-0.016,-1.007,0.3,0.1,0.1
21.4827677,292,-0.01,19,0,0,0.029,-0.016,-1.007,0.3,0.1,0.1
21.4927677,300,-0.01,19,0,0,0.029,-0.016,-1.007,0.3,0.1,0.1
21.5027677,297,-0.01,19,0,0,0.029,-0.016,-1.007,0.3,0.1,0.1
21.5370583,292,0,19,0,0,0.027,-0.016,-1.013,0.2,0,0.1
21.5470583,295,0,19,0,0,0.027,-0.016,-1.013,0.2,0,0.1
21.5570583,293,0,19,0,0,0.027,-0.016,-1.013,0.2,0,0.1
21.5670583,297,0,19,0,0,0.027,-0.016,-1.013,0.2,0,0.1
21.5770583,295,0,19,0,0,0.027,-0.016,-1.013,0.2,0,0.1
21.5870583,293,0,19,0,0,0.026,-0.014,-1.021,0.3,-0.1,0.1
21.5970583,293,0,19,0,0,0.026,-0.014,-1.021,0.3,-0.1,0.1
21.6070583,289,0,19,0,0,0.026,-0.014,-1.021,0.3,-0.1,0.1
21.6170583,297,0,19,0,0,0.026,-0.014,-1.021,0.3,-0.1,0.1
21.6270583,296,0,19,0,0,0.026,-0.014,-1.021,0.3,-0.1,0.1
21.6370583,290,0.01,19,0,0,0.026,-0.012,-1.028,0.2,-0.4,0
21.6470583,295,0.01,19,0,0,0.026,-0.012,-1.028,0.2,-0.4,0
21.6570583,289,0.01,19,0,0,0.026,-0.012,-1.028,0.2,-0.4,0
21.6670583,294,0.01,19,0,0,0.026,-0.012,-1.028,0.2,-0.4,0
21.6770583,298,0.01,19,0,0,0.026,-0.012,-1.028,0.2,-0.4,0
21.6870583,289,0,19,0,0,0.027,-0.013,-1.021,0.3,-0.5,0
21.6970583,296,0,19,0,0,0.027,-0.013,-1.021,0.3,-0.5,0
21.7070583,295,0,19,0,0,0.027,-0.013,-1.021,0.3,-0.5,0
21.7170583,294,0,19,0,0,0.027,-0.013,-1.021,0.3,-0.5,0
21.7270583,298,0,19,0,0,0.027,-0.013,-1.021,0.3,-0.5,0
21.7370583,295,0,19,0,0,0.028,-0.015,-1.009,0.3,-0.6,0
21.7470583,298,0,19,0,0,0.028,-0.015,-1.009,0.3,-0.6,0
21.7570583,295,0,19,0,0,0.028,-0.015,-1.009,0.3,-0.6,0
21.7670583,290,0,19,0,0,0.028,-0.015,-1.009,0.3,-0.6,0
21.7770583,294,0,19,0,0,0.028,-0.015,-1.009,0.3,-0.6,0
21.7870583,291,0,19,0,0,0.029,-0.016,-1.001,0.3,-0.8,0
21.7970583,297,0,19,0,0,0.029,-0.016,-1.001,0.3,-0.8,0
21.8070583,297,0,19,0,0,0.029,-0.016,-1.001,0.3,-0.8,0
21.8170583,291,0,19,0,0,0.029,-0.016,-1.001,0.3,-0.8,0
21.8270583,293,0,19,0,0,0.029,-0.016,-1.001,0.3,-0.8,0
21.8370583,289,-0.01,19,0,0,0.03,-0.017,-0.989,0.3,-1,0
21.8470583,295,-0.01,19,0,0,0.03,-0.017,-0.989,0.3,-1,0
21.8570583,297,-0.01,19,0,0,0.03,-0.017,-0.989,0.3,-1,0
21.8670583,288,-0.01,19,0,0,0.03,-0.017,-0.989,0.3,-1,0
21.8770583,291,-0.01,19,0,0,0.03,-0.017,-0.989,0.3,-1,0
21.8870583,294,0,19,0,0,0.031,-0.017,-0.992,0.3,-0.8,0
21.8970583,297,0,19,0,0,0.031,-0.017,-0.992,0.3,-0.8,0
21.9070583,300,0,19,0,0,0.031,-0.017,-0.992,0.3,-0.8,0
21.9170583,292,0,19,0,0,0.031,-0.017,-0.992,0.3,-0.8,0
21.9270583,297,0,19,0,0,0.031,-0.017,-0.992,0.3,-0.8,0
21.9413058,293,-0.01,19,0,0,0.03,-0.016,-0.993,0.3,-0.7,0
21.9513058,292,-0.01,19,0,0,0.03,-0.016,-0.993,0.3,-0.7,0
21.9613058,298,-0.01,19,0,0,0.03,-0.016,-0.993,0.3,-0.7,0
21.9713058,294,-0.01,19,0,0,0.03,-0.016,-0.993,0.3,-0.7,0
21.9813058,297,-0.01,19,0,0,0.03,-0.016,-0.993,0.3,-0.7,0
22.0216481,291,0,19,0,0,0.031,-0.011,-0.993,0.3,-0.1,0
22.0316481,290,0,19,0,0,0.031,-0.011,-0.993,0.3,-0.1,0
22.0416481,291,0,19,0,0,0.031,-0.011,-0.993,0.3,-0.1,0
22.0516481,289,0,19,0,0,0.031,-0.011,-0.993,0.3,-0.1,0
22.0616481,300,0,19,0,0,0.031,-0.011,-0.993,0.3,-0.1,0
22.0716481,298,0,19,0,0,0.03,-0.01,-0.999,0.2,-0.4,0
22.0816481,289,0,19,0,0,0.03,-0.01,-0.999,0.2,-0.4,0
22.0916481,293,0,19,0,0,0.03,-0.01,-0.999,0.2,-0.4,0
22.1016481,295,0,19,0,0,0.03,-0.01,-0.999,0.2,-0.4,0
22.1116481,298,0,19,0,0,0.03,-0.01,-0.999,0.2,-0.4,0
22.1216481,299,0.02,19,0,0,0.029,-0.01,-1.006,0.2,-0.5,0
22.1316481,295,0.02,19,0,0,0.029,-0.01,-1.006,0.2,-0.5,0
22.1416481,299,0.02,19,0,0,0.029,-0.01,-1.006,0.2,-0.5,0
22.1516481,292,0.02,19,0,0,0.029,-0.01,-1.006,0.2,-0.5,0
22.1616481,289,0.02,19,0,0,0.029,-0.01,-1.006,0.2,-0.5,0
22.1750075,296,0.04,19,0,0,0.027,-0.015,-1.018,0.1,-0.4,0
22.1850075,295,0.04,19,0,0,0.027,-0.015,-1.018,0.1,-0.4,0
22.1950075,297,0.04,19,0,0,0.027,-0.015,-1.018,0.1,-0.4,0
22.2050075,291,0.04,19,0,0,0.027,-0.015,-1.018,0.1,-0.4,0
22.2150075,291,0.04,19,0,0,0.027,-0.015,-1.018,0.1,-0.4,0
22.2250075,296,0.03,19,0,0,0.025,-0.015,-1.025,0.1,-0.5,0
22.2350075,293,0.03,19,0,0,0.025,-0.015,-1.025,0.1,-0.5,0
22.2450075,295,0.03,19,0,0,0.025,-0.015,-1.025,0.1,-0.5,0
22.2550075,294,0.03,19,0,0,0.025,-0.015,-1.025,0.1,-0.5,0
22.2650075,294,0.03,19,0,0,0.025,-0.015,-1.025,0.1,-0.5,0
22.2750075,289,0.03,19,0,0,0.028,-0.012,-1.019,0.2,-0.8,0
22.2850075,290,0.03,19,0,0,0.028,-0.012,-1.019,0.2,-0.8,0
22.2950075,302,0.03,19,0,0,0.028,-0.012,-1.019,0.2,-0.8,0
22.3050075,299,0.03,19,0,0,0.028,-0.012,-1.019,0.2,-0.8,0
22.3150075,289,0.03,19,0,0,0.028,-0.012,-1.019,0.2,-0.8,0
22.3250075,291,0.02,19,0,0,0.028,-0.013,-1.01,0.3,-1,0
22.3350075,293,0.02,19,0,0,0.028,-0.013,-1.01,0.3,-1,0
22.3450075,301,0.02,19,0,0,0.028,-0.013,-1.01,0.3,-1,0
22.3550075,299,0.02,19,0,0,0.028,-0.013,-1.01,0.3,-1,0
22.3650075,291,0.02,19,0,0,0.028,-0.013,-1.01,0.3,-1,0
22.3986181,295,0,19,0,0,0.028,-0.007,-1.011,0.2,-1.2,0
22.4086181,290,0,19,0,0,0.028,-0.007,-1.011,0.2,-1.2,0
22.4186181,293,0,19,0,0,0.028,-0.007,-1.011,0.2,-1.2,0
22.4286181,297,0,19,0,0,0.028,-0.007,-1.011,0.2,-1.2,0
22.4386181,294,0,19,0,0,0.028,-0.007,-1.011,0.2,-1.2,0
22.4486181,296,-0.02,19,0,0,0.029,-0.008,-1.001,0.3,-1.5,0
22.4586181,290,-0.02,19,0,0,0.029,-0.008,-1.001,0.3,-1.5,0
22.4686181,291,-0.02,19,0,0,0.029,-0.008,-1.001,0.3,-1.5,0
22.4786181,293,-0.02,19,0,0,0.029,-0.008,-1.001,0.3,-1.5,0
22.4886181,289,-0.02,19,0,0,0.029,-0.008,-1.001,0.3,-1.5,0
22.4986181,300,-0.02,19,0,0,0.03,-0.015,-0.995,0.2,-1.2,0
22.5086181,297,-0.02,19,0,0,0.03,-0.015,-0.995,0.2,-1.2,0
22.5186181,292,-0.02,19,0,0,0.03,-0.015,-0.995,0.2,-1.2,0
22.5286181,293,-0.02,19,0,0,0.03,-0.015,-0.995,0.2,-1.2,0
22.5386181,292,-0.02,19,0,0,0.03,-0.015,-0.995,0.2,-1.2,0
22.5486181,300,-0.03,19,0,0,0.033,-0.014,-0.984,0.3,-1,0
22.5586181,297,-0.03,19,0,0,0.033,-0.014,-0.984,0.3,-1,0
22.5686181,292,-0.03,19,0,0,0.033,-0.014,-0.984,0.3,-1,0
22.5786181,295,-0.03,19,0,0,0.033,-0.014,-0.984,0.3,-1,0
22.5886181,293,-0.03,19,0,0,0.033,-0.014,-0.984,0.3,-1,0
22.5986181,298,-0.05,19,0,0,0.033,-0.02,-0.975,0.3,-1,0
22.6086181,296,-0.05,19,0,0,0.033,-0.02,-0.975,0.3,-1,0
22.6186181,292,-0.05,19,0,0,0.033,-0.02,-0.975,0.3,-1,0
22.6286181,292,-0.05,19,0,0,0.033,-0.02,-0.975,0.3,-1,0
22.6386181,290,-0.05,19,0,0,0.033,-0.02,-0.975,0.3,-1,0
22.6486181,295,-0.04,19,0,0,0.034,-0.025,-0.964,0.4,-0.7,0
22.6586181,296,-0.04,19,0,0,0.034,-0.025,-0.964,0.4,-0.7,0
22.6686181,292,-0.04,19,0,0,0.034,-0.025,-0.964,0.4,-0.7,0
22.6786181,296,-0.04,19,0,0,0.034,-0.025,-0.964,0.4,-0.7,0
22.6886181,289,-0.04,19,0,0,0.034,-0.025,-0.964,0.4,-0.7,0
22.6986181,294,-0.02,19,0,0,0.034,-0.019,-0.967,0.3,-0.4,0
22.7086181,292,-0.02,19,0,0,0.034,-0.019,-0.967,0.3,-0.4,0
22.7186181,289,-0.02,19,0,0,0.034,-0.019,-0.967,0.3,-0.4,0
22.7286181,302,-0.02,19,0,0,0.034,-0.019,-0.967,0.3,-0.4,0
22.7386181,299,-0.02,19,0,0,0.034,-0.019,-0.967,0.3,-0.4,0
22.7486181,295,-0.01,19,0,0,0.031,-0.02,-0.983,0.3,-0.2,0.1
22.7586181,295,-0.01,19,0,0,0.031,-0.02,-0.983,0.3,-0.2,0.1
22.7686181,294,-0.01,19,0,0,0.031,-0.02,-0.983,0.3,-0.2,0.1
22.7786181,298,-0.01,19,0,0,0.031,-0.02,-0.983,0.3,-0.2,0.1
22.7886181,295,-0.01,19,0,0,0.031,-0.02,-0.983,0.3,-0.2,0.1
22.7986181,290,0,19,0,0,0.033,-0.013,-0.983,0.3,0,0
22.8086181,295,0,19,0,0,0.033,-0.013,-0.983,0.3,0,0
22.8186181,291,0,19,0,0,0.033,-0.013,-0.983,0.3,0,0
22.8286181,296,0,19,0,0,0.033,-0.013,-0.983,0.3,0,0
22.8386181,297,0,19,0,0,0.033,-0.013,-0.983,0.3,0,0
22.8486181,290,0,19,0,0,0.031,-0.01,-0.989,0.2,0.4,0.1
22.8586181,293,0,19,0,0,0.031,-0.01,-0.989,0.2,0.4,0.1
22.8686181,289,0,19,0,0,0.031,-0.01,-0.989,0.2,0.4,0.1
22.8786181,296,0,19,0,0,0.031,-0.01,-0.989,0.2,0.4,0.1
22.8886181,297,0,19,0,0,0.031,-0.01,-0.989,0.2,0.4,0.1
22.8986181,289,0,19,0,0,0.029,-0.018,-1.003,0.1,0.3,0.1
22.9086181,296,0,19,0,0,0.029,-0.018,-1.003,0.1,0.3,0.1
22.9186181,294,0,19,0,0,0.029,-0.018,-1.003,0.1,0.3,0.1
22.9286181,293,0,19,0,0,0.029,-0.018,-1.003,0.1,0.3,0.1
22.9386181,299,0,19,0,0,0.029,-0.018,-1.003,0.1,0.3,0.1
22.9486181,293,0,19,0,0,0.029,-0.014,-1.009,0.2,0,0
22.9586181,299,0,19,0,0,0.029,-0.014,-1.009,0.2,0,0
22.9686181,294,0,19,0,0,0.029,-0.014,-1.009,0.2,0,0
22.9786181,290,0,19,0,0,0.029,-0.014,-1.009,0.2,0,0
22.9886181,297,0,19,0,0,0.029,-0.014,-1.009,0.2,0,0
22.9986181,294,0,19,0,0,0.028,-0.019,-1.02,0.2,0,0
23.0086181,297,0,19,0,0,0.028,-0.019,-1.02,0.2,0,0
23.0186181,293,0,19,0,0,0.028,-0.019,-1.02,0.2,0,0
23.0286181,291,0,19,0,0,0.028,-0.019,-1.02,0.2,0,0
23.0386181,294,0,19,0,0,0.028,-0.019,-1.02,0.2,0,0
23.0486181,291,0,19,0,0,0.024,-0.021,-1.031,0.2,-0.3,0
23.0586181,296,0,19,0,0,0.024,-0.021,-1.031,0.2,-0.3,0
23.0686181,293,0,19,0,0,0.024,-0.021,-1.031,0.2,-0.3,0
23.0786181,289,0,19,0,0,0.024,-0.021,-1.031,0.2,-0.3,0
23.0886181,291,0,19,0,0,0.024,-0.021,-1.031,0.2,-0.3,0
23.0986181,290,0,19,0,0,0.024,-0.014,-1.033,0.1,-0.5,0
23.1086181,299,0,19,0,0,0.024,-0.014,-1.033,0.1,-0.5,0
23.1186181,298,0,19,0,0,0.024,-0.014,-1.033,0.1,-0.5,0
23.1286181,289,0,19,0,0,0.024,-0.014,-1.033,0.1,-0.5,0
23.1386181,296,0,19,0,0,0.024,-0.014,-1.033,0.1,-0.5,0
23.1655416,295,0,19,0,0,0.026,-0.016,-1.016,0.3,-0.6,0
23.1755416,295,0,19,0,0,0.026,-0.016,-1.016,0.3,-0.6,0
23.1855416,299,0,19,0,0,0.026,-0.016,-1.016,0.3,-0.6,0
23.1955416,295,0,19,0,0,0.026,-0.016,-1.016,0.3,-0.6,0
23.2055416,298,0,19,0,0,0.026,-0.016,-1.016,0.3,-0.6,0
23.2155416,293,-0.02,19,0,0,0.028,-0.012,-1.008,0.2,-0.9,0
23.2255416,290,-0.02,19,0,0,0.028,-0.012,-1.008,0.2,-0.9,0
23.2355416,297,-0.02,19,0,0,0.028,-0.012,-1.008,0.2,-0.9,0
23.2455416,295,-0.02,19,0,0,0.028,-0.012,-1.008,0.2,-0.9,0
23.2555416,297,-0.02,19,0,0,0.028,-0.012,-1.008,0.2,-0.9,0
23.2655416,293,-0.02,19,0,0,0.029,-0.009,-0.998,0.3,-1,0
23.2755416,290,-0.02,19,0,0,0.029,-0.009,-0.998,0.3,-1,0
23.2855416,293,-0.02,19,0,0,0.029,-0.009,-0.998,0.3,-1,0
23.2955416,290,-0.02,19,0,0,0.029,-0.009,-0.998,0.3,-1,0
23.3055416,295,-0.02,19,0,0,0.029,-0.009,-0.998,0.3,-1,0
23.3155416,297,0,19,0,0,0.03,-0.015,-0.985,0.2,-1,0
23.3255416,288,0,19,0,0,0.03,-0.015,-0.985,0.2,-1,0
23.3355416,288,0,19,0,0,0.03,-0.015,-0.985,0.2,-1,0
23.3455416,294,0,19,0,0,0.03,-0.015,-0.985,0.2,-1,0
23.3555416,303,0,19,0,0,0.03,-0.015,-0.985,0.2,-1,0
23.3655416,300,0.01,19,0,0,0.031,-0.012,-0.989,0.4,-0.9,0
23.3755416,290,0.01,19,0,0,0.031,-0.012,-0.989,0.4,-0.9,0
23.3855416,291,0.01,19,0,0,0.031,-0.012,-0.989,0.4,-0.9,0
23.3955416,293,0.01,19,0,0,0.031,-0.012,-0.989,0.4,-0.9,0
23.4055416,296,0.01,19,0,0,0.031,-0.012,-0.989,0.4,-0.9,0
23.4155416,298,0.03,19,0,0,0.031,-0.017,-0.984,0.4,-0.5,0
23.4255416,296,0.03,19,0,0,0.031,-0.017,-0.984,0.4,-0.5,0
23.4355416,299,0.03,19,0,0,0.031,-0.017,-0.984,0.4,-0.5,0
23.4455416,288,0.03,19,0,0,0.031,-0.017,-0.984,0.4,-0.5,0
23.4555416,289,0.03,19,0,0,0.031,-0.017,-0.984,0.4,-0.5,0
23.4655416,296,0.03,19,0,0,0.03,-0.02,-0.984,0.4,-0.3,0
23.4755416,294,0.03,19,0,0,0.03,-0.02,-0.984,0.4,-0.3,0
23.4855416,298,0.03,19,0,0,0.03,-0.02,-0.984,0.4,-0.3,0
23.4955416,291,0.03,19,0,0,0.03,-0.02,-0.984,0.4,-0.3,0
23.5055416,291,0.03,19,0,0,0.03,-0.02,-0.984,0.4,-0.3,0
23.5155416,291,0.04,19,0,0,0.032,-0.013,-0.983,0.4,-0.1,0
23.5255416,288,0.04,19,0,0,0.032,-0.013,-0.983,0.4,-0.1,0
23.5355416,300,0.04,19,0,0,0.032,-0.013,-0.983,0.4,-0.1,0
23.5455416,298,0.04,19,0,0,0.032,-0.013,-0.983,0.4,-0.1,0
23.5555416,292,0.04,19,0,0,0.032,-0.013,-0.983,0.4,-0.1,0
23.5655416,293,0.02,19,0,0,0.03,-0.015,-0.998,0.3,-0.3,0
23.5755416,292,0.02,19,0,0,0.03,-0.015,-0.998,0.3,-0.3,0
23.5855416,302,0.02,19,0,0,0.03,-0.015,-0.998,0.3,-0.3,0
23.5955416,299,0.02,19,0,0,0.03,-0.015,-0.998,0.3,-0.3,0
23.6055416,291,0.02,19,0,0,0.03,-0.015,-0.998,0.3,-0.3,0
23.6155416,295,0.01,19,0,0,0.029,-0.012,-1.004,0.2,-0.1,0
23.6255416,292,0.01,19,0,0,0.029,-0.012,-1.004,0.2,-0.1,0
23.6355416,293,0.01,19,0,0,0.029,-0.012,-1.004,0.2,-0.1,0
23.6455416,296,0.01,19,0,0,0.029,-0.012,-1.004,0.2,-0.1,0
23.6555416,295,0.01,19,0,0,0.029,-0.012,-1.004,0.2,-0.1,0
23.6691273,295,-0.02,19,0,0,0.026,-0.015,-1.026,0.2,-0.4,0
23.6791273,295,-0.02,19,0,0,0.026,-0.015,-1.026,0.2,-0.4,0
23.6891273,294,-0.02,19,0,0,0.026,-0.015,-1.026,0.2,-0.4,0
23.6991273,289,-0.02,19,0,0,0.026,-0.015,-1.026,0.2,-0.4,0
23.7091273,291,-0.02,19,0,0,0.026,-0.015,-1.026,0.2,-0.4,0
23.7191273,302,-0.03,19,0,0,0.028,-0.011,-1.018,0.3,-0.7,0
23.7291273,299,-0.03,19,0,0,0.028,-0.011,-1.018,0.3,-0.7,0
23.7391273,291,-0.03,19,0,0,0.028,-0.011,-1.018,0.3,-0.7,0
23.7491273,293,-0.03,19,0,0,0.028,-0.011,-1.018,0.3,-0.7,0
23.7591273,291,-0.03,19,0,0,0.028,-0.011,-1.018,0.3,-0.7,0
23.7691273,299,-0.05,19,0,0,0.028,-0.013,-1.021,0.2,-1,0
23.7791273,298,-0.05,19,0,0,0.028,-0.013,-1.021,0.2,-1,0
23.7891273,289,-0.05,19,0,0,0.028,-0.013,-1.021,0.2,-1,0
23.7991273,294,-0.05,19,0,0,0.028,-0.013,-1.021,0.2,-1,0
23.8091273,291,-0.05,19,0,0,0.028,-0.013,-1.021,0.2,-1,0
23.8191273,298,-0.05,19,0,0,0.027,-0.015,-1.022,0.1,-1.3,0
23.8291273,297,-0.05,19,0,0,0.027,-0.015,-1.022,0.1,-1.3,0
23.8391273,291,-0.05,19,0,0,0.027,-0.015,-1.022,0.1,-1.3,0
23.8491273,296,-0.05,19,0,0,0.027,-0.015,-1.022,0.1,-1.3,0
23.8591273,290,-0.05,19,0,0,0.027,-0.015,-1.022,0.1,-1.3,0
23.8916034,292,-0.02,19,0,0,0.025,-0.017,-1.027,0.2,0.1,0.1
23.9016034,297,-0.02,19,0,0,0.025,-0.017,-1.027,0.2,0.1,0.1
23.9116034,289,-0.02,19,0,0,0.025,-0.017,-1.027,0.2,0.1,0.1
23.9216034,296,-0.02,19,0,0,0.025,-0.017,-1.027,0.2,0.1,0.1
23.9316034,295,-0.02,19,0,0,0.025,-0.017,-1.027,0.2,0.1,0.1
23.9416034,292,-0.01,19,0,0,0.026,-0.013,-1.02,0.3,-0.2,0
23.9516034,295,-0.01,19,0,0,0.026,-0.013,-1.02,0.3,-0.2,0
23.9616034,294,-0.01,19,0,0,0.026,-0.013,-1.02,0.3,-0.2,0
23.9716034,302,-0.01,19,0,0,0.026,-0.013,-1.02,0.3,-0.2,0
23.9816034,297,-0.01,19,0,0,0.026,-0.013,-1.02,0.3,-0.2,0
23.9916034,291,0,19,0,0,0.027,-0.013,-1.015,0.3,-0.3,0.1
24.0016034,294,0,19,0,0,0.027,-0.013,-1.015,0.3,-0.3,0.1
24.0116034,292,0,19,0,0,0.027,-0.013,-1.015,0.3,-0.3,0.1
24.0216034,297,0,19,0,0,0.027,-0.013,-1.015,0.3,-0.3,0.1
24.0316034,296,0,19,0,0,0.027,-0.013,-1.015,0.3,-0.3,0.1
24.0416034,292,0.01,19,0,0,0.027,-0.016,-1.018,0.3,-0.6,0
24.0516034,292,0.01,19,0,0,0.027,-0.016,-1.018,0.3,-0.6,0
24.0616034,290,0.01,19,0,0,0.027,-0.016,-1.018,0.3,-0.6,0
24.0716034,298,0.01,19,0,0,0.027,-0.016,-1.018,0.3,-0.6,0
24.0816034,296,0.01,19,0,0,0.027,-0.016,-1.018,0.3,-0.6,0
24.0916034,290,0,19,0,0,0.028,-0.016,-1.009,0.3,-1,0
24.1016034,292,0,19,0,0,0.028,-0.016,-1.009,0.3,-1,0
24.1116034,289,0,19,0,0,0.028,-0.016,-1.009,0.3,-1,0
24.1216034,297,0,19,0,0,0.028,-0.016,-1.009,0.3,-1,0
24.1316034,298,0,19,0,0,0.028,-0.016,-1.009,0.3,-1,0
24.149499,290,0.01,19,0,0,0.028,-0.018,-1.006,0.3,-0.8,0
24.159499,298,0.01,19,0,0,0.028,-0.018,-1.006,0.3,-0.8,0
24.169499,295,0.01,19,0,0,0.028,-0.018,-1.006,0.3,-0.8,0
24.179499,292,0.01,19,0,0,0.028,-0.018,-1.006,0.3,-0.8,0
24.189499,297,0.01,19,0,0,0.028,-0.018,-1.006,0.3,-0.8,0
24.199499,295,0,19,0,0,0.029,-0.017,-0.999,0.4,-0.7,0
24.209499,299,0,19,0,0,0.029,-0.017,-0.999,0.4,-0.7,0
24.219499,295,0,19,0,0,0.029,-0.017,-0.999,0.4,-0.7,0
24.229499,290,0,19,0,0,0.029,-0.017,-0.999,0.4,-0.7,0
24.239499,293,0,19,0,0,0.029,-0.017,-0.999,0.4,-0.7,0
24.2667095,290,0,19,0,0,0.031,-0.016,-0.98,0.3,-0.5,0
24.2767095,295,0,19,0,0,0.031,-0.016,-0.98,0.3,-0.5,0
24.2867095,297,0,19,0,0,0.031,-0.016,-0.98,0.3,-0.5,0
24.2967095,288,0,19,0,0,0.031,-0.016,-0.98,0.3,-0.5,0
24.3067095,288,0,19,0,0,0.031,-0.016,-0.98,0.3,-0.5,0
24.3167095,294,0,19,0,0,0.031,-0.016,-0.99,0.3,-0.6,0
24.3267095,300,0,19,0,0,0.031,-0.016,-0.99,0.3,-0.6,0
24.3367095,300,0,19,0,0,0.031,-0.016,-0.99,0.3,-0.6,0
24.3467095,294,0,19,0,0,0.031,-0.016,-0.99,0.3,-0.6,0
24.3567095,299,0,19,0,0,0.031,-0.016,-0.99,0.3,-0.6,0
24.3667095,293,-0.01,19,0,0,0.031,-0.013,-0.997,0.3,-0.6,0
24.3767095,291,-0.01,19,0,0,0.031,-0.013,-0.997,0.3,-0.6,0
24.3867095,298,-0.01,19,0,0,0.031,-0.013,-0.997,0.3,-0.6,0
24.3967095,294,-0.01,19,0,0,0.031,-0.013,-0.997,0.3,-0.6,0
24.4067095,297,-0.01,19,0,0,0.031,-0.013,-0.997,0.3,-0.6,0
24.4167095,292,-0.02,19,0,0,0.029,-0.012,-1.001,0.3,-0.3,0
24.4267095,291,-0.02,19,0,0,0.029,-0.012,-1.001,0.3,-0.3,0
24.4367095,294,-0.02,19,0,0,0.029,-0.012,-1.001,0.3,-0.3,0
24.4467095,294,-0.02,19,0,0,0.029,-0.012,-1.001,0.3,-0.3,0
24.4567095,298,-0.02,19,0,0,0.029,-0.012,-1.001,0.3,-0.3,0
24.4667095,292,-0.01,19,0,0,0.028,-0.014,-1.012,0.1,-0.3,0
24.4767095,291,-0.01,19,0,0,0.028,-0.014,-1.012,0.1,-0.3,0
24.4867095,291,-0.01,19,0,0,0.028,-0.014,-1.012,0.1,-0.3,0
24.4967095,288,-0.01,19,0,0,0.028,-0.014,-1.012,0.1,-0.3,0
24.5067095,300,-0.01,19,0,0,0.028,-0.014,-1.012,0.1,-0.3,0
24.5167095,298,0,19,0,0,0.028,-0.014,-1.015,0.2,-0.6,0
24.5267095,289,0,19,0,0,0.028,-0.014,-1.015,0.2,-0.6,0
24.5367095,293,0,19,0,0,0.028,-0.014,-1.015,0.2,-0.6,0
24.5467095,295,0,19,0,0,0.028,-0.014,-1.015,0.2,-0.6,0
24.5567095,297,0,19,0,0,0.028,-0.014,-1.015,0.2,-0.6,0
24.5741298,297,0.02,19,0,0,0.027,-0.013,-1.014,0.1,-0.7,0
24.5841298,295,0.02,19,0,0,0.027,-0.013,-1.014,0.1,-0.7,0
24.5941298,296,0.02,19,0,0,0.027,-0.013,-1.014,0.1,-0.7,0
24.6041298,293,0.02,19,0,0,0.027,-0.013,-1.014,0.1,-0.7,0
24.6141298,292,0.02,19,0,0,0.027,-0.013,-1.014,0.1,-0.7,0
24.6241298,296,0.04,19,0,0,0.025,-0.012,-1.024,0.1,-0.9,0
24.6341298,295,0.04,19,0,0,0.025,-0.012,-1.024,0.1,-0.9,0
24.6441298,297,0.04,19,0,0,0.025,-0.012,-1.024,0.1,-0.9,0
24.6541298,291,0.04,19,0,0,0.025,-0.012,-1.024,0.1,-0.9,0
24.6641298,291,0.04,19,0,0,0.025,-0.012,-1.024,0.1,-0.9,0
24.6741298,296,0.04,19,0,0,0.027,-0.006,-1.02,0.2,-1.2,0
24.6841298,293,0.04,19,0,0,0.027,-0.006,-1.02,0.2,-1.2,0
24.6941298,296,0.04,19,0,0,0.027,-0.006,-1.02,0.2,-1.2,0
24.7041298,294,0.04,19,0,0,0.027,-0.006,-1.02,0.2,-1.2,0
24.7141298,294,0.04,19,0,0,0.027,-0.006,-1.02,0.2,-1.2,0
24.7241298,287,0.03,19,0,0,0.028,-0.014,-1.013,0.1,-1.2,0
24.7341298,289,0.03,19,0,0,0.028,-0.014,-1.013,0.1,-1.2,0
24.7441298,302,0.03,19,0,0,0.028,-0.014,-1.013,0.1,-1.2,0
24.7541298,300,0.03,19,0,0,0.028,-0.014,-1.013,0.1,-1.2,0
24.7641298,293,0.03,19,0,0,0.028,-0.014,-1.013,0.1,-1.2,0
24.8118593,295,0.01,19,0,0,0.029,-0.014,-0.998,0.3,-1,0
24.8218593,294,0.01,19,0,0,0.029,-0.014,-0.998,0.3,-1,0
24.8318593,299,0.01,19,0,0,0.029,-0.014,-0.998,0.3,-1,0
24.8418593,297,0.01,19,0,0,0.029,-0.014,-0.998,0.3,-1,0
24.8518593,290,0.01,19,0,0,0.029,-0.014,-0.998,0.3,-1,0
24.8618593,296,-0.01,19,0,0,0.033,-0.018,-0.978,0.3,-1.3,0
24.8718593,289,-0.01,19,0,0,0.033,-0.018,-0.978,0.3,-1.3,0
24.8818593,291,-0.01,19,0,0,0.033,-0.018,-0.978,0.3,-1.3,0
24.8918593,293,-0.01,19,0,0,0.033,-0.018,-0.978,0.3,-1.3,0
24.9018593,289,-0.01,19,0,0,0.033,-0.018,-0.978,0.3,-1.3,0
24.9401952,300,-0.02,19,0,0,0.033,-0.015,-0.973,0.3,-0.9,0
24.9501952,297,-0.02,19,0,0,0.033,-0.015,-0.973,0.3,-0.9,0
24.9601952,292,-0.02,19,0,0,0.033,-0.015,-0.973,0.3,-0.9,0
24.9701952,293,-0.02,19,0,0,0.033,-0.015,-0.973,0.3,-0.9,0
24.9801952,291,-0.02,19,0,0,0.033,-0.015,-0.973,0.3,-0.9,0
25.0178388,297,-0.05,19,0,0,0.032,-0.021,-0.974,0.3,-0.3,0
25.0278388,297,-0.05,19,0,0,0.032,-0.021,-0.974,0.3,-0.3,0
25.0378388,291,-0.05,19,0,0,0.032,-0.021,-0.974,0.3,-0.3,0
25.0478388,292,-0.05,19,0,0,0.032,-0.021,-0.974,0.3,-0.3,0
25.0578388,290,-0.05,19,0,0,0.032,-0.021,-0.974,0.3,-0.3,0
25.0850835,295,-0.04,19,0,0,0.034,-0.019,-0.971,0.3,0,0.1
25.0950835,296,-0.04,19,0,0,0.034,-0.019,-0.971,0.3,0,0.1
25.1050835,292,-0.04,19,0,0,0.034,-0.019,-0.971,0.3,0,0.1
25.1150835,296,-0.04,19,0,0,0.034,-0.019,-0.971,0.3,0,0.1
25.1250835,289,-0.04,19,0,0,0.034,-0.019,-0.971,0.3,0,0.1
25.1760582,292,-0.01,19,0,0,0.03,-0.013,-0.995,0.2,0,0.1
25.1860582,293,-0.01,19,0,0,0.03,-0.013,-0.995,0.2,0,0.1
25.1960582,295,-0.01,19,0,0,0.03,-0.013,-0.995,0.2,0,0.1
25.2060582,299,-0.01,19,0,0,0.03,-0.013,-0.995,0.2,0,0.1
25.2160582,295,-0.01,19,0,0,0.03,-0.013,-0.995,0.2,0,0.1
25.2260582,290,0,19,0,0,0.03,-0.012,-1.006,0.2,0.1,0.1
25.2360582,293,0,19,0,0,0.03,-0.012,-1.006,0.2,0.1,0.1
25.2460582,291,0,19,0,0,0.03,-0.012,-1.006,0.2,0.1,0.1
25.2560582,298,0,19,0,0,0.03,-0.012,-1.006,0.2,0.1,0.1
25.2660582,297,0,19,0,0,0.03,-0.012,-1.006,0.2,0.1,0.1
25.2760582,291,0.01,19,0,0,0.027,-0.018,-1.024,0.2,0.3,0.1
25.2860582,291,0.01,19,0,0,0.027,-0.018,-1.024,0.2,0.3,0.1
25.2960582,287,0.01,19,0,0,0.027,-0.018,-1.024,0.2,0.3,0.1
25.3060582,295,0.01,19,0,0,0.027,-0.018,-1.024,0.2,0.3,0.1
25.3160582,298,0.01,19,0,0,0.027,-0.018,-1.024,0.2,0.3,0.1
25.3260582,289,0,19,0,0,0.027,-0.013,-1.028,0.2,0,0.1
25.3360582,296,0,19,0,0,0.027,-0.013,-1.028,0.2,0,0.1
25.3460582,294,0,19,0,0,0.027,-0.013,-1.028,0.2,0,0.1
25.3560582,292,0,19,0,0,0.027,-0.013,-1.028,0.2,0,0.1
25.3660582,300,0,19,0,0,0.027,-0.013,-1.028,0.2,0,0.1
25.4000076,292,0,19,0,0,0.027,-0.018,-1.02,0.1,-0.3,0.1
25.4100076,297,0,19,0,0,0.027,-0.018,-1.02,0.1,-0.3,0.1
25.4200076,293,0,19,0,0,0.027,-0.018,-1.02,0.1,-0.3,0.1
25.4300076,292,0,19,0,0,0.027,-0.018,-1.02,0.1,-0.3,0.1
25.4400076,298,0,19,0,0,0.027,-0.018,-1.02,0.1,-0.3,0.1
25.4635996,292,0,19,0,0,0.026,-0.015,-1.019,0.3,-0.9,0
25.4735996,296,0,19,0,0,0.026,-0.015,-1.019,0.3,-0.9,0
25.4835996,293,0,19,0,0,0.026,-0.015,-1.019,0.3,-0.9,0
25.4935996,289,0,19,0,0,0.026,-0.015,-1.019,0.3,-0.9,0
25.5035996,291,0,19,0,0,0.026,-0.015,-1.019,0.3,-0.9,0
25.5438875,290,-0.01,19,0,0,0.027,-0.02,-1.013,0.2,-1.1,0.1
25.5538875,299,-0.01,19,0,0,0.027,-0.02,-1.013,0.2,-1.1,0.1
25.5638875,298,-0.01,19,0,0,0.027,-0.02,-1.013,0.2,-1.1,0.1
25.5738875,290,-0.01,19,0,0,0.027,-0.02,-1.013,0.2,-1.1,0.1
25.5838875,296,-0.01,19,0,0,0.027,-0.02,-1.013,0.2,-1.1,0.1
25.6230514,292,0,19,0,0,0.03,-0.01,-0.989,0.3,-0.7,0
25.6330514,289,0,19,0,0,0.03,-0.01,-0.989,0.3,-0.7,0
25.6430514,295,0,19,0,0,0.03,-0.01,-0.989,0.3,-0.7,0
25.6530514,295,0,19,0,0,0.03,-0.01,-0.989,0.3,-0.7,0
25.6630514,298,0,19,0,0,0.03,-0.01,-0.989,0.3,-0.7,0
25.6876496,293,-0.02,19,0,0,0.032,-0.014,-0.98,0.4,-0.7,0
25.6976496,290,-0.02,19,0,0,0.032,-0.014,-0.98,0.4,-0.7,0
25.7076496,293,-0.02,19,0,0,0.032,-0.014,-0.98,0.4,-0.7,0
25.7176496,290,-0.02,19,0,0,0.032,-0.014,-0.98,0.4,-0.7,0
25.7276496,295,-0.02,19,0,0,0.032,-0.014,-0.98,0.4,-0.7,0
25.768115,297,0,19,0,0,0.032,-0.009,-0.973,0.4,-0.6,0
25.778115,294,0,19,0,0,0.032,-0.009,-0.973,0.4,-0.6,0
25.788115,288,0,19,0,0,0.032,-0.009,-0.973,0.4,-0.6,0
25.798115,289,0,19,0,0,0.032,-0.009,-0.973,0.4,-0.6,0
25.808115,301,0,19,0,0,0.032,-0.009,-0.973,0.4,-0.6,0
25.818115,297,0.03,19,0,0,0.03,-0.019,-0.992,0.2,-0.3,0
25.828115,294,0.03,19,0,0,0.03,-0.019,-0.992,0.2,-0.3,0
25.838115,297,0.03,19,0,0,0.03,-0.019,-0.992,0.2,-0.3,0
25.848115,291,0.03,19,0,0,0.03,-0.019,-0.992,0.2,-0.3,0
25.858115,291,0.03,19,0,0,0.03,-0.019,-0.992,0.2,-0.3,0
25.868115,296,0.04,19,0,0,0.031,-0.014,-0.998,0.3,0,0
25.878115,294,0.04,19,0,0,0.031,-0.014,-0.998,0.3,0,0
25.888115,297,0.04,19,0,0,0.031,-0.014,-0.998,0.3,0,0
25.898115,291,0.04,19,0,0,0.031,-0.014,-0.998,0.3,0,0
25.908115,291,0.04,19,0,0,0.031,-0.014,-0.998,0.3,0,0
25.918115,291,0.03,19,0,0,0.028,-0.02,-1.013,0.3,0,0
25.928115,288,0.03,19,0,0,0.028,-0.02,-1.013,0.3,0,0
25.938115,300,0.03,19,0,0,0.028,-0.02,-1.013,0.3,0,0
25.948115,298,0.03,19,0,0,0.028,-0.02,-1.013,0.3,0,0
25.958115,292,0.03,19,0,0,0.028,-0.02,-1.013,0.3,0,0
25.9900886,293,0.01,19,0,0,0.028,-0.013,-1.013,0.3,-0.4,0
26.0000886,292,0.01,19,0,0,0.028,-0.013,-1.013,0.3,-0.4,0
26.0100886,302,0.01,19,0,0,0.028,-0.013,-1.013,0.3,-0.4,0
26.0200886,299,0.01,19,0,0,0.028,-0.013,-1.013,0.3,-0.4,0
26.0300886,291,0.01,19,0,0,0.028,-0.013,-1.013,0.3,-0.4,0
26.0400886,294,0.02,19,0,0,0.026,-0.009,-1.02,0.2,-0.4,0
26.0500886,293,0.02,19,0,0,0.026,-0.009,-1.02,0.2,-0.4,0
26.0600886,294,0.02,19,0,0,0.026,-0.009,-1.02,0.2,-0.4,0
26.0700886,296,0.02,19,0,0,0.026,-0.009,-1.02,0.2,-0.4,0
26.0800886,295,0.02,19,0,0,0.026,-0.009,-1.02,0.2,-0.4,0
26.0900886,295,0,19,0,0,0.026,-0.011,-1.028,0.2,-0.8,0
26.1000886,290,0,19,0,0,0.026,-0.011,-1.028,0.2,-0.8,0
26.1100886,292,0,19,0,0,0.026,-0.011,-1.028,0.2,-0.8,0
26.1200886,296,0,19,0,0,0.026,-0.011,-1.028,0.2,-0.8,0
26.1300886,292,0,19,0,0,0.026,-0.011,-1.028,0.2,-0.8,0
26.150423,295,-0.02,19,0,0,0.028,-0.005,-1.03,0.3,-1.2,0
26.160423,292,-0.02,19,0,0,0.028,-0.005,-1.03,0.3,-1.2,0
26.170423,294,-0.02,19,0,0,0.028,-0.005,-1.03,0.3,-1.2,0
26.180423,289,-0.02,19,0,0,0.028,-0.005,-1.03,0.3,-1.2,0
26.190423,290,-0.02,19,0,0,0.028,-0.005,-1.03,0.3,-1.2,0
26.2229954,303,-0.03,19,0,0,0.028,-0.015,-1.014,0.2,-1.1,0
26.2329954,299,-0.03,19,0,0,0.028,-0.015,-1.014,0.2,-1.1,0
26.2429954,292,-0.03,19,0,0,0.028,-0.015,-1.014,0.2,-1.1,0
26.2529954,293,-0.03,19,0,0,0.028,-0.015,-1.014,0.2,-1.1,0
26.2629954,291,-0.03,19,0,0,0.028,-0.015,-1.014,0.2,-1.1,0
26.2729954,296,-0.05,19,0,0,0.031,-0.018,-0.997,0.3,-1.7,0
26.2829954,297,-0.05,19,0,0,0.031,-0.018,-0.997,0.3,-1.7,0
26.2929954,290,-0.05,19,0,0,0.031,-0.018,-0.997,0.3,-1.7,0
26.3029954,293,-0.05,19,0,0,0.031,-0.018,-0.997,0.3,-1.7,0
26.3129954,289,-0.05,19,0,0,0.031,-0.018,-0.997,0.3,-1.7,0
26.3229954,294,-0.03,19,0,0,0.032,-0.02,-0.981,0.3,-1.5,0
26.3329954,296,-0.03,19,0,0,0.032,-0.02,-0.981,0.3,-1.5,0
26.3429954,289,-0.03,19,0,0,0.032,-0.02,-0.981,0.3,-1.5,0
26.3529954,296,-0.03,19,0,0,0.032,-0.02,-0.981,0.3,-1.5,0
26.3629954,294,-0.03,19,0,0,0.032,-0.02,-0.981,0.3,-1.5,0
26.3729954,290,-0.02,19,0,0,0.033,-0.018,-0.98,0.3,-1,0
26.3829954,296,-0.02,19,0,0,0.033,-0.018,-0.98,0.3,-1,0
26.3929954,294,-0.02,19,0,0,0.033,-0.018,-0.98,0.3,-1,0
26.4029954,300,-0.02,19,0,0,0.033,-0.018,-0.98,0.3,-1,0
26.4129954,297,-0.02,19,0,0,0.033,-0.018,-0.98,0.3,-1,0
26.4445645,291,0,19,0,0,0.032,-0.016,-0.975,0.2,-0.7,0
26.4545645,295,0,19,0,0,0.032,-0.016,-0.975,0.2,-0.7,0
26.4645645,293,0,19,0,0,0.032,-0.016,-0.975,0.2,-0.7,0
26.4745645,297,0,19,0,0,0.032,-0.016,-0.975,0.2,-0.7,0
26.4845645,296,0,19,0,0,0.032,-0.016,-0.975,0.2,-0.7,0
26.5098458,289,0,19,0,0,0.035,-0.013,-0.966,0.3,-0.1,0
26.5198458,291,0,19,0,0,0.035,-0.013,-0.966,0.3,-0.1,0
26.5298458,289,0,19,0,0,0.035,-0.013,-0.966,0.3,-0.1,0
26.5398458,299,0,19,0,0,0.035,-0.013,-0.966,0.3,-0.1,0
26.5498458,300,0,19,0,0,0.035,-0.013,-0.966,0.3,-0.1,0
26.5892592,291,0.01,19,0,0,0.032,-0.016,-0.979,0.3,0,0
26.5992592,297,0.01,19,0,0,0.032,-0.016,-0.979,0.3,0,0
26.6092592,295,0.01,19,0,0,0.032,-0.016,-0.979,0.3,0,0
26.6192592,291,0.01,19,0,0,0.032,-0.016,-0.979,0.3,0,0
26.6292592,297,0.01,19,0,0,0.032,-0.016,-0.979,0.3,0,0
26.6698293,294,0,19,0,0,0.03,-0.014,-1,0.2,0.3,0.1
26.6798293,297,0,19,0,0,0.03,-0.014,-1,0.2,0.3,0.1
26.6898293,291,0,19,0,0,0.03,-0.014,-1,0.2,0.3,0.1
26.6998293,287,0,19,0,0,0.03,-0.014,-1,0.2,0.3,0.1
26.7098293,290,0,19,0,0,0.03,-0.014,-1,0.2,0.3,0.1
26.7498821,288,-0.01,19,0,0,0.026,-0.016,-1.017,0.2,0.3,0.1
26.7598821,297,-0.01,19,0,0,0.026,-0.016,-1.017,0.2,0.3,0.1
26.7698821,297,-0.01,19,0,0,0.026,-0.016,-1.017,0.2,0.3,0.1
26.7798821,288,-0.01,19,0,0,0.026,-0.016,-1.017,0.2,0.3,0.1
26.7898821,290,-0.01,19,0,0,0.026,-0.016,-1.017,0.2,0.3,0.1
26.7998821,294,0,19,0,0,0.027,-0.015,-1.015,0.3,0,0.1
26.8098821,300,0,19,0,0,0.027,-0.015,-1.015,0.3,0,0.1
26.8198821,299,0,19,0,0,0.027,-0.015,-1.015,0.3,0,0.1
26.8298821,294,0,19,0,0,0.027,-0.015,-1.015,0.3,0,0.1
26.8398821,299,0,19,0,0,0.027,-0.015,-1.015,0.3,0,0.1
26.8498821,293,-0.01,19,0,0,0.028,-0.015,-1.014,0.3,-0.2,0.1
26.8598821,290,-0.01,19,0,0,0.028,-0.015,-1.014,0.3,-0.2,0.1
26.8698821,297,-0.01,19,0,0,0.028,-0.015,-1.014,0.3,-0.2,0.1
26.8798821,294,-0.01,19,0,0,0.028,-0.015,-1.014,0.3,-0.2,0.1
26.8898821,297,-0.01,19,0,0,0.028,-0.015,-1.014,0.3,-0.2,0.1
26.8998821,293,-0.02,19,0,0,0.027,-0.014,-1.021,0.3,-0.4,0
26.9098821,291,-0.02,19,0,0,0.027,-0.014,-1.021,0.3,-0.4,0
26.9198821,293,-0.02,19,0,0,0.027,-0.014,-1.021,0.3,-0.4,0
26.9298821,294,-0.02,19,0,0,0.027,-0.014,-1.021,0.3,-0.4,0
26.9398821,297,-0.02,19,0,0,0.027,-0.014,-1.021,0.3,-0.4,0
26.9498821,292,0,19,0,0,0.025,-0.014,-1.018,0.3,-0.9,0
26.9598821,291,0,19,0,0,0.025,-0.014,-1.018,0.3,-0.9,0
26.9698821,291,0,19,0,0,0.025,-0.014,-1.018,0.3,-0.9,0
26.9798821,288,0,19,0,0,0.025,-0.014,-1.018,0.3,-0.9,0
26.9898821,300,0,19,0,0,0.025,-0.014,-1.018,0.3,-0.9,0
26.9998821,300,0,19,0,0,0.027,-0.009,-1.017,0.1,-0.9,0
27.0098821,290,0,19,0,0,0.027,-0.009,-1.017,0.1,-0.9,0
27.0198821,292,0,19,0,0,0.027,-0.009,-1.017,0.1,-0.9,0
27.0298821,295,0,19,0,0,0.027,-0.009,-1.017,0.1,-0.9,0
27.0398821,297,0,19,0,0,0.027,-0.009,-1.017,0.1,-0.9,0
27.0498821,298,0.01,19,0,0,0.028,-0.013,-1.008,0.3,-1,0
27.0598821,295,0.01,19,0,0,0.028,-0.013,-1.008,0.3,-1,0
27.0698821,296,0.01,19,0,0,0.028,-0.013,-1.008,0.3,-1,0
27.0798821,293,0.01,19,0,0,0.028,-0.013,-1.008,0.3,-1,0
27.0898821,292,0.01,19,0,0,0.028,-0.013,-1.008,0.3,-1,0
27.0998821,296,0.04,19,0,0,0.028,-0.009,-1.004,0.3,-1.2,0
27.1098821,295,0.04,19,0,0,0.028,-0.009,-1.004,0.3,-1.2,0
27.1198821,297,0.04,19,0,0,0.028,-0.009,-1.004,0.3,-1.2,0
27.1298821,290,0.04,19,0,0,0.028,-0.009,-1.004,0.3,-1.2,0
27.1398821,290,0.04,19,0,0,0.028,-0.009,-1.004,0.3,-1.2,0
27.1498821,296,0.04,19,0,0,0.029,-0.011,-0.994,0.3,-1.5,0
27.1598821,292,0.04,19,0,0,0.029,-0.011,-0.994,0.3,-1.5,0
27.1698821,295,0.04,19,0,0,0.029,-0.011,-0.994,0.3,-1.5,0
27.1798821,294,0.04,19,0,0,0.029,-0.011,-0.994,0.3,-1.5,0
27.1898821,294,0.04,19,0,0,0.029,-0.011,-0.994,0.3,-1.5,0
27.1998821,287,0.02,19,0,0,0.031,-0.016,-0.989,0.3,-1.3,0
27.2098821,289,0.02,19,0,0,0.031,-0.016,-0.989,0.3,-1.3,0
27.2198821,301,0.02,19,0,0,0.031,-0.016,-0.989,0.3,-1.3,0
27.2298821,300,0.02,19,0,0,0.031,-0.016,-0.989,0.3,-1.3,0
27.2398821,291,0.02,19,0,0,0.031,-0.016,-0.989,0.3,-1.3,0
27.2498821,291,0.02,19,0,0,0.032,-0.015,-0.979,0.3,-0.9,-0.1
27.2598821,293,0.02,19,0,0,0.032,-0.015,-0.979,0.3,-0.9,-0.1
27.2698821,299,0.02,19,0,0,0.032,-0.015,-0.979,0.3,-0.9,-0.1
27.2798821,298,0.02,19,0,0,0.032,-0.015,-0.979,0.3,-0.9,-0.1
27.2898821,291,0.02,19,0,0,0.032,-0.015,-0.979,0.3,-0.9,-0.1
27.2998821,293,0,19,0,0,0.033,-0.02,-0.974,0.3,-0.7,0
27.3098821,291,0,19,0,0,0.033,-0.02,-0.974,0.3,-0.7,0
27.3198821,295,0,19,0,0,0.033,-0.02,-0.974,0.3,-0.7,0
27.3298821,297,0,19,0,0,0.033,-0.02,-0.974,0.3,-0.7,0
27.3398821,294,0,19,0,0,0.033,-0.02,-0.974,0.3,-0.7,0
27.3498821,296,-0.03,19,0,0,0.035,-0.024,-0.965,0.3,-0.4,0
27.3598821,290,-0.03,19,0,0,0.035,-0.024,-0.965,0.3,-0.4,0
27.3698821,291,-0.03,19,0,0,0.035,-0.024,-0.965,0.3,-0.4,0
27.3798821,293,-0.03,19,0,0,0.035,-0.024,-0.965,0.3,-0.4,0
27.3898821,289,-0.03,19,0,0,0.035,-0.024,-0.965,0.3,-0.4,0
27.4176991,302,-0.04,19,0,0,0.031,-0.017,-0.986,0.3,0,0
27.4276991,299,-0.04,19,0,0,0.031,-0.017,-0.986,0.3,0,0
27.4376991,292,-0.04,19,0,0,0.031,-0.017,-0.986,0.3,0,0
27.4476991,295,-0.04,19,0,0,0.031,-0.017,-0.986,0.3,0,0
27.4576991,292,-0.04,19,0,0,0.031,-0.017,-0.986,0.3,0,0
27.4676991,297,-0.05,19,0,0,0.031,-0.012,-0.992,0.3,0.1,0
27.4776991,296,-0.05,19,0,0,0.031,-0.012,-0.992,0.3,0.1,0
27.4876991,291,-0.05,19,0,0,0.031,-0.012,-0.992,0.3,0.1,0
27.4976991,292,-0.05,19,0,0,0.031,-0.012,-0.992,0.3,0.1,0
27.5076991,290,-0.05,19,0,0,0.031,-0.012,-0.992,0.3,0.1,0
27.5383794,295,-0.04,19,0,0,0.029,-0.011,-1.003,0.2,0.4,0.1
27.5483794,296,-0.04,19,0,0,0.029,-0.011,-1.003,0.2,0.4,0.1
27.5583794,292,-0.04,19,0,0,0.029,-0.011,-1.003,0.2,0.4,0.1
27.5683794,296,-0.04,19,0,0,0.029,-0.011,-1.003,0.2,0.4,0.1
27.5783794,288,-0.04,19,0,0,0.029,-0.011,-1.003,0.2,0.4,0.1
27.5883794,294,-0.02,19,0,0,0.029,-0.016,-1.014,0.2,0.3,0
27.5983794,294,-0.02,19,0,0,0.029,-0.016,-1.014,0.2,0.3,0
27.6083794,289,-0.02,19,0,0,0.029,-0.016,-1.014,0.2,0.3,0
27.6183794,302,-0.02,19,0,0,0.029,-0.016,-1.014,0.2,0.3,0
27.6283794,299,-0.02,19,0,0,0.029,-0.016,-1.014,0.2,0.3,0
27.6383794,295,-0.01,19,0,0,0.027,-0.016,-1.014,0.1,0,0
27.6483794,295,-0.01,19,0,0,0.027,-0.016,-1.014,0.1,0,0
27.6583794,294,-0.01,19,0,0,0.027,-0.016,-1.014,0.1,0,0
27.6683794,299,-0.01,19,0,0,0.027,-0.016,-1.014,0.1,0,0
27.6783794,295,-0.01,19,0,0,0.027,-0.016,-1.014,0.1,0,0
27.6883794,289,0,19,0,0,0.027,-0.02,-1.022,0.3,-0.3,0.1
27.6983794,293,0,19,0,0,0.027,-0.02,-1.022,0.3,-0.3,0.1
27.7083794,292,0,19,0,0,0.027,-0.02,-1.022,0.3,-0.3,0.1
27.7183794,298,0,19,0,0,0.027,-0.02,-1.022,0.3,-0.3,0.1
27.7283794,297,0,19,0,0,0.027,-0.02,-1.022,0.3,-0.3,0.1
27.7383794,290,0,19,0,0,0.025,-0.018,-1.03,0.2,-0.6,0
27.7483794,293,0,19,0,0,0.025,-0.018,-1.03,0.2,-0.6,0
27.7583794,290,0,19,0,0,0.025,-0.018,-1.03,0.2,-0.6,0
27.7683794,295,0,19,0,0,0.025,-0.018,-1.03,0.2,-0.6,0
27.7783794,297,0,19,0,0,0.025,-0.018,-1.03,0.2,-0.6,0
27.7883794,289,0,19,0,0,0.025,-0.015,-1.025,0.2,-0.7,0
27.7983794,296,0,19,0,0,0.025,-0.015,-1.025,0.2,-0.7,0
27.8083794,294,0,19,0,0,0.025,-0.015,-1.025,0.2,-0.7,0
27.8183794,292,0,19,0,0,0.025,-0.015,-1.025,0.2,-0.7,0
27.8283794,297,0,19,0,0,0.025,-0.015,-1.025,0.2,-0.7,0
27.8383794,292,0,19,0,0,0.027,-0.016,-1.013,0.2,-0.7,0
27.8483794,300,0,19,0,0,0.027,-0.016,-1.013,0.2,-0.7,0
27.8583794,294,0,19,0,0,0.027,-0.016,-1.013,0.2,-0.7,0
27.8683794,292,0,19,0,0,0.027,-0.016,-1.013,0.2,-0.7,0
27.8783794,297,0,19,0,0,0.027,-0.016,-1.013,0.2,-0.7,0
27.8883794,295,0,19,0,0,0.03,-0.01,-0.998,0.3,-0.9,0
27.8983794,297,0,19,0,0,0.03,-0.01,-0.998,0.3,-0.9,0
27.9083794,294,0,19,0,0,0.03,-0.01,-0.998,0.3,-0.9,0
27.9183794,291,0,19,0,0,0.03,-0.01,-0.998,0.3,-0.9,0
27.9283794,292,0,19,0,0,0.03,-0.01,-0.998,0.3,-0.9,0
27.9444753,290,-0.01,19,0,0,0.03,-0.011,-0.99,0.4,-1,0.1
27.9544753,298,-0.01,19,0,0,0.03,-0.011,-0.99,0.4,-1,0.1
27.9644753,296,-0.01,19,0,0,0.03,-0.011,-0.99,0.4,-1,0.1
27.9744753,290,-0.01,19,0,0,0.03,-0.011,-0.99,0.4,-1,0.1
27.9844753,291,-0.01,19,0,0,0.03,-0.011,-0.99,0.4,-1,0.1
27.9944753,289,0,19,0,0,0.032,-0.011,-0.978,0.3,-0.9,0
28.0044753,299,0,19,0,0,0.032,-0.011,-0.978,0.3,-0.9,0
28.0144753,298,0,19,0,0,0.032,-0.011,-0.978,0.3,-0.9,0
28.0244753,289,0,19,0,0,0.032,-0.011,-0.978,0.3,-0.9,0
28.0344753,297,0,19,0,0,0.032,-0.011,-0.978,0.3,-0.9,0
28.0444753,295,0,19,0,0,0.032,-0.012,-0.986,0.3,-0.6,0
28.0544753,292,0,19,0,0,0.032,-0.012,-0.986,0.3,-0.6,0
28.0644753,297,0,19,0,0,0.032,-0.012,-0.986,0.3,-0.6,0
28.0744753,295,0,19,0,0,0.032,-0.012,-0.986,0.3,-0.6,0
28.0844753,299,0,19,0,0,0.032,-0.012,-0.986,0.3,-0.6,0
28.1004281,293,-0.02,19,0,0,0.03,-0.02,-0.986,0.3,-0.5,0
28.1104281,290,-0.02,19,0,0,0.03,-0.02,-0.986,0.3,-0.5,0
28.1204281,297,-0.02,19,0,0,0.03,-0.02,-0.986,0.3,-0.5,0
28.1304281,295,-0.02,19,0,0,0.03,-0.02,-0.986,0.3,-0.5,0
28.1404281,297,-0.02,19,0,0,0.03,-0.02,-0.986,0.3,-0.5,0
28.1678737,297,0,19,0,0,0.03,-0.016,-0.993,0.3,0,0
28.1778737,288,0,19,0,0,0.03,-0.016,-0.993,0.3,0,0
28.1878737,288,0,19,0,0,0.03,-0.016,-0.993,0.3,0,0
28.1978737,294,0,19,0,0,0.03,-0.016,-0.993,0.3,0,0
28.2078737,301,0,19,0,0,0.03,-0.016,-0.993,0.3,0,0
28.2397682,300,0,19,0,0,0.029,-0.013,-1.001,0.3,-0.3,0
28.2497682,293,0,19,0,0,0.029,-0.013,-1.001,0.3,-0.3,0
28.2597682,294,0,19,0,0,0.029,-0.013,-1.001,0.3,-0.3,0
28.2697682,294,0,19,0,0,0.029,-0.013,-1.001,0.3,-0.3,0
28.2797682,296,0,19,0,0,0.029,-0.013,-1.001,0.3,-0.3,0
28.3199256,296,0.05,19,0,0,0.026,-0.013,-1.025,0.2,-0.3,0
28.3299256,293,0.05,19,0,0,0.026,-0.013,-1.025,0.2,-0.3,0
28.3399256,296,0.05,19,0,0,0.026,-0.013,-1.025,0.2,-0.3,0
28.3499256,291,0.05,19,0,0,0.026,-0.013,-1.025,0.2,-0.3,0
28.3599256,290,0.05,19,0,0,0.026,-0.013,-1.025,0.2,-0.3,0
28.3699256,290,0.02,19,0,0,0.026,-0.011,-1.033,0.1,-0.7,0.1
28.3799256,286,0.02,19,0,0,0.026,-0.011,-1.033,0.1,-0.7,0.1
28.3899256,300,0.02,19,0,0,0.026,-0.011,-1.033,0.1,-0.7,0.1
28.3999256,300,0.02,19,0,0,0.026,-0.011,-1.033,0.1,-0.7,0.1
28.4099256,292,0.02,19,0,0,0.026,-0.011,-1.033,0.1,-0.7,0.1
28.4199256,293,0.01,19,0,0,0.027,-0.011,-1.017,0.2,-0.9,0
28.4299256,292,0.01,19,0,0,0.027,-0.011,-1.017,0.2,-0.9,0
28.4399256,302,0.01,19,0,0,0.027,-0.011,-1.017,0.2,-0.9,0
28.4499256,298,0.01,19,0,0,0.027,-0.011,-1.017,0.2,-0.9,0
28.4599256,290,0.01,19,0,0,0.027,-0.011,-1.017,0.2,-0.9,0
28.4699256,294,0,19,0,0,0.027,-0.016,-1.018,0.2,-1.1,0
28.4799256,293,0,19,0,0,0.027,-0.016,-1.018,0.2,-1.1,0
28.4899256,294,0,19,0,0,0.027,-0.016,-1.018,0.2,-1.1,0
28.4999256,295,0,19,0,0,0.027,-0.016,-1.018,0.2,-1.1,0
28.5099256,295,0,19,0,0,0.027,-0.016,-1.018,0.2,-1.1,0
28.5429042,299,-0.02,19,0,0,0.029,-0.012,-1.012,0.2,-1.4,0
28.5529042,290,-0.02,19,0,0,0.029,-0.012,-1.012,0.2,-1.4,0
28.5629042,290,-0.02,19,0,0,0.029,-0.012,-1.012,0.2,-1.4,0
28.5729042,294,-0.02,19,0,0,0.029,-0.012,-1.012,0.2,-1.4,0
28.5829042,291,-0.02,19,0,0,0.029,-0.012,-1.012,0.2,-1.4,0
28.5929042,295,-0.02,19,0,0,0.028,-0.017,-0.999,0.3,-1.7,0
28.6029042,294,-0.02,19,0,0,0.028,-0.017,-0.999,0.3,-1.7,0
28.6129042,294,-0.02,19,0,0,0.028,-0.017,-0.999,0.3,-1.7,0
28.6229042,290,-0.02,19,0,0,0.028,-0.017,-0.999,0.3,-1.7,0
28.6329042,289,-0.02,19,0,0,0.028,-0.017,-0.999,0.3,-1.7,0
28.6429042,301,-0.03,19,0,0,0.031,-0.018,-0.991,0.2,-1.2,0
28.6529042,299,-0.03,19,0,0,0.031,-0.018,-0.991,0.2,-1.2,0
28.6629042,291,-0.03,19,0,0,0.031,-0.018,-0.991,0.2,-1.2,0
28.6729042,293,-0.03,19,0,0,0.031,-0.018,-0.991,0.2,-1.2,0
28.6829042,291,-0.03,19,0,0,0.031,-0.018,-0.991,0.2,-1.2,0
28.6929042,299,-0.04,19,0,0,0.033,-0.016,-0.98,0.2,-1.1,0
28.7029042,297,-0.04,19,0,0,0.033,-0.016,-0.98,0.2,-1.1,0
28.7129042,291,-0.04,19,0,0,0.033,-0.016,-0.98,0.2,-1.1,0
28.7229042,295,-0.04,19,0,0,0.033,-0.016,-0.98,0.2,-1.1,0
28.7329042,290,-0.04,19,0,0,0.033,-0.016,-0.98,0.2,-1.1,0
28.7429042,295,-0.04,19,0,0,0.034,-0.019,-0.968,0.3,-0.9,0
28.7529042,297,-0.04,19,0,0,0.034,-0.019,-0.968,0.3,-0.9,0
28.7629042,294,-0.04,19,0,0,0.034,-0.019,-0.968,0.3,-0.9,0
28.7729042,296,-0.04,19,0,0,0.034,-0.019,-0.968,0.3,-0.9,0
28.7829042,290,-0.04,19,0,0,0.034,-0.019,-0.968,0.3,-0.9,0
28.7929042,291,-0.02,19,0,0,0.034,-0.018,-0.96,0.2,-0.6,0
28.8029042,293,-0.02,19,0,0,0.034,-0.018,-0.96,0.2,-0.6,0
28.8129042,289,-0.02,19,0,0,0.034,-0.018,-0.96,0.2,-0.6,0
28.8229042,300,-0.02,19,0,0,0.034,-0.018,-0.96,0.2,-0.6,0
28.8329042,297,-0.02,19,0,0,0.034,-0.018,-0.96,0.2,-0.6,0
28.8429042,292,-0.01,19,0,0,0.033,-0.015,-0.976,0.2,-0.4,0
28.8529042,293,-0.01,19,0,0,0.033,-0.015,-0.976,0.2,-0.4,0
28.8629042,292,-0.01,19,0,0,0.033,-0.015,-0.976,0.2,-0.4,0
28.8729042,300,-0.01,19,0,0,0.033,-0.015,-0.976,0.2,-0.4,0
28.8829042,297,-0.01,19,0,0,0.033,-0.015,-0.976,0.2,-0.4,0
28.8929042,292,0,19,0,0,0.032,-0.015,-0.983,0.2,-0.1,0
28.9029042,295,0,19,0,0,0.032,-0.015,-0.983,0.2,-0.1,0
28.9129042,292,0,19,0,0,0.032,-0.015,-0.983,0.2,-0.1,0
28.9229042,297,0,19,0,0,0.032,-0.015,-0.983,0.2,-0.1,0
28.9329042,296,0,19,0,0,0.032,-0.015,-0.983,0.2,-0.1,0
28.9429042,292,0,19,0,0,0.032,-0.013,-0.985,0.2,0.2,0
28.9529042,292,0,19,0,0,0.032,-0.013,-0.985,0.2,0.2,0
28.9629042,290,0,19,0,0,0.032,-0.013,-0.985,0.2,0.2,0
28.9729042,295,0,19,0,0,0.032,-0.013,-0.985,0.2,0.2,0
28.9829042,296,0,19,0,0,0.032,-0.013,-0.985,0.2,0.2,0
28.9929042,292,0.01,19,0,0,0.028,-0.015,-1.002,0.1,0.4,0.1
29.0029042,296,0.01,19,0,0,0.028,-0.015,-1.002,0.1,0.4,0.1
29.0129042,288,0.01,19,0,0,0.028,-0.015,-1.002,0.1,0.4,0.1
29.0229042,294,0.01,19,0,0,0.028,-0.015,-1.002,0.1,0.4,0.1
29.0329042,300,0.01,19,0,0,0.028,-0.015,-1.002,0.1,0.4,0.1
29.0710516,295,0,19,0,0,0.028,-0.016,-1.011,0.2,0,0.1
29.0810516,301,0,19,0,0,0.028,-0.016,-1.011,0.2,0,0.1
29.0910516,296,0,19,0,0,0.028,-0.016,-1.011,0.2,0,0.1
29.1010516,291,0,19,0,0,0.028,-0.016,-1.011,0.2,0,0.1
29.1110516,294,0,19,0,0,0.028,-0.016,-1.011,0.2,0,0.1
29.1652561,290,0,19,0,0,0.027,-0.017,-1.021,0.3,-0.1,0
29.1752561,294,0,19,0,0,0.027,-0.017,-1.021,0.3,-0.1,0
29.1852561,294,0,19,0,0,0.027,-0.017,-1.021,0.3,-0.1,0
29.1952561,288,0,19,0,0,0.027,-0.017,-1.021,0.3,-0.1,0
29.2052561,291,0,19,0,0,0.027,-0.017,-1.021,0.3,-0.1,0
29.2275811,292,-0.01,19,0,0,0.027,-0.014,-1.019,0.3,-0.6,0
29.2375811,294,-0.01,19,0,0,0.027,-0.014,-1.019,0.3,-0.6,0
29.2475811,298,-0.01,19,0,0,0.027,-0.014,-1.019,0.3,-0.6,0
29.2575811,294,-0.01,19,0,0,0.027,-0.014,-1.019,0.3,-0.6,0
29.2675811,300,-0.01,19,0,0,0.027,-0.014,-1.019,0.3,-0.6,0
29.2775811,295,-0.01,19,0,0,0.028,-0.015,-1.011,0.3,-0.5,0
29.2875811,292,-0.01,19,0,0,0.028,-0.015,-1.011,0.3,-0.5,0
29.2975811,299,-0.01,19,0,0,0.028,-0.015,-1.011,0.3,-0.5,0
29.3075811,297,-0.01,19,0,0,0.028,-0.015,-1.011,0.3,-0.5,0
29.3175811,298,-0.01,19,0,0,0.028,-0.015,-1.011,0.3,-0.5,0
29.3275811,292,-0.02,19,0,0,0.028,-0.016,-1.003,0.3,-0.9,0
29.3375811,288,-0.02,19,0,0,0.028,-0.016,-1.003,0.3,-0.9,0
29.3475811,290,-0.02,19,0,0,0.028,-0.016,-1.003,0.3,-0.9,0
29.3575811,292,-0.02,19,0,0,0.028,-0.016,-1.003,0.3,-0.9,0
29.3675811,295,-0.02,19,0,0,0.028,-0.016,-1.003,0.3,-0.9,0
29.3775811,290,0,19,0,0,0.029,-0.017,-0.991,0.4,-1,0
29.3875811,290,0,19,0,0,0.029,-0.017,-0.991,0.4,-1,0
29.3975811,290,0,19,0,0,0.029,-0.017,-0.991,0.4,-1,0
29.4075811,287,0,19,0,0,0.029,-0.017,-0.991,0.4,-1,0
29.4175811,298,0,19,0,0,0.029,-0.017,-0.991,0.4,-1,0
29.4668517,297,0,19,0,0,0.03,-0.016,-0.993,0.4,-0.9,0
29.4768517,287,0,19,0,0,0.03,-0.016,-0.993,0.4,-0.9,0
29.4868517,290,0,19,0,0,0.03,-0.016,-0.993,0.4,-0.9,0
29.4968517,295,0,19,0,0,0.03,-0.016,-0.993,0.4,-0.9,0
29.5068517,298,0,19,0,0,0.03,-0.016,-0.993,0.4,-0.9,0
29.5168517,298,0.04,19,0,0,0.03,-0.016,-0.99,0.3,-0.4,0
29.5268517,295,0.04,19,0,0,0.03,-0.016,-0.99,0.3,-0.4,0
29.5368517,295,0.04,19,0,0,0.03,-0.016,-0.99,0.3,-0.4,0
29.5468517,289,0.04,19,0,0,0.03,-0.016,-0.99,0.3,-0.4,0
29.5568517,287,0.04,19,0,0,0.03,-0.016,-0.99,0.3,-0.4,0
29.5668517,292,0.05,19,0,0,0.031,-0.011,-0.992,0.3,-0.3,0
29.5768517,288,0.05,19,0,0,0.031,-0.011,-0.992,0.3,-0.3,0
29.5868517,295,0.05,19,0,0,0.031,-0.011,-0.992,0.3,-0.3,0
29.5968517,298,0.05,19,0,0,0.031,-0.011,-0.992,0.3,-0.3,0
29.6068517,293,0.05,19,0,0,0.031,-0.011,-0.992,0.3,-0.3,0
29.6168517,286,0.02,19,0,0,0.028,-0.009,-0.999,0.2,-0.4,0
29.6268517,285,0.02,19,0,0,0.028,-0.009,-0.999,0.2,-0.4,0
29.6368517,301,0.02,19,0,0,0.028,-0.009,-0.999,0.2,-0.4,0
29.6468517,300,0.02,19,0,0,0.028,-0.009,-0.999,0.2,-0.4,0
29.6568517,292,0.02,19,0,0,0.028,-0.009,-0.999,0.2,-0.4,0
29.6668517,294,0.01,19,0,0,0.029,-0.011,-1.006,0.1,-0.6,0
29.6768517,293,0.01,19,0,0,0.029,-0.011,-1.006,0.1,-0.6,0
29.6868517,296,0.01,19,0,0,0.029,-0.011,-1.006,0.1,-0.6,0
29.6968517,299,0.01,19,0,0,0.029,-0.011,-1.006,0.1,-0.6,0
29.7068517,296,0.01,19,0,0,0.029,-0.011,-1.006,0.1,-0.6,0
29.7168517,297,0,19,0,0,0.027,-0.013,-1.017,0.1,-0.5,0
29.7268517,288,0,19,0,0,0.027,-0.013,-1.017,0.1,-0.5,0
29.7368517,288,0,19,0,0,0.027,-0.013,-1.017,0.1,-0.5,0
29.7468517,293,0,19,0,0,0.027,-0.013,-1.017,0.1,-0.5,0
29.7568517,292,0,19,0,0,0.027,-0.013,-1.017,0.1,-0.5,0
29.7731869,295,-0.04,19,0,0,0.026,-0.016,-1.027,0.1,-0.7,0
29.7831869,290,-0.04,19,0,0,0.026,-0.016,-1.027,0.1,-0.7,0
29.7931869,290,-0.04,19,0,0,0.026,-0.016,-1.027,0.1,-0.7,0
29.8031869,290,-0.04,19,0,0,0.026,-0.016,-1.027,0.1,-0.7,0
29.8131869,287,-0.04,19,0,0,0.026,-0.016,-1.027,0.1,-0.7,0
29.8231869,298,-0.03,19,0,0,0.027,-0.011,-1.019,0.2,-0.9,0
29.8331869,297,-0.03,19,0,0,0.027,-0.011,-1.019,0.2,-0.9,0
29.8431869,289,-0.03,19,0,0,0.027,-0.011,-1.019,0.2,-0.9,0
29.8531869,289,-0.03,19,0,0,0.027,-0.011,-1.019,0.2,-0.9,0
29.8631869,290,-0.03,19,0,0,0.027,-0.011,-1.019,0.2,-0.9,0
29.9115102,301,-0.04,19,0,0,0.028,-0.013,-1.008,0.3,-1,0
29.9215102,298,-0.04,19,0,0,0.028,-0.013,-1.008,0.3,-1,0
29.9315102,290,-0.04,19,0,0,0.028,-0.013,-1.008,0.3,-1,0
29.9415102,295,-0.04,19,0,0,0.028,-0.013,-1.008,0.3,-1,0
29.9515102,293,-0.04,19,0,0,0.028,-0.013,-1.008,0.3,-1,0
29.9615102,288,-0.03,19,0,0,0.03,-0.011,-0.996,0.3,-1.5,0
29.9715102,293,-0.03,19,0,0,0.03,-0.011,-0.996,0.3,-1.5,0
29.9815102,292,-0.03,19,0,0,0.03,-0.011,-0.996,0.3,-1.5,0
29.9915102,294,-0.03,19,0,0,0.03,-0.011,-0.996,0.3,-1.5,0
30.0015102,293,-0.03,19,0,0,0.03,-0.011,-0.996,0.3,-1.5,0
30.0432888,293,-0.01,19,0,0,0.026,-0.013,-1.031,0.2,-1.2,0
30.0532888,288,-0.01,19,0,0,0.026,-0.013,-1.031,0.2,-1.2,0
30.0632888,289,-0.01,19,0,0,0.026,-0.013,-1.031,0.2,-1.2,0
30.0732888,301,-0.01,19,0,0,0.026,-0.013,-1.031,0.2,-1.2,0
30.0832888,299,-0.01,19,0,0,0.026,-0.013,-1.031,0.2,-1.2,0
30.0932888,293,0,19,0,0,0.028,-0.018,-1.016,0.3,-0.6,0.1
30.1032888,294,0,19,0,0,0.028,-0.018,-1.016,0.3,-0.6,0.1
30.1132888,290,0,19,0,0,0.028,-0.018,-1.016,0.3,-0.6,0.1
30.1232888,299,0,19,0,0,0.028,-0.018,-1.016,0.3,-0.6,0.1
30.1332888,301,0,19,0,0,0.028,-0.018,-1.016,0.3,-0.6,0.1
30.1432888,293,0,19,0,0,0.028,-0.013,-1.008,0.2,-0.9,0.1
30.1532888,295,0,19,0,0,0.028,-0.013,-1.008,0.2,-0.9,0.1
30.1632888,289,0,19,0,0,0.028,-0.013,-1.008,0.2,-0.9,0.1
30.1732888,295,0,19,0,0,0.028,-0.013,-1.008,0.2,-0.9,0.1
30.1832888,295,0,19,0,0,0.028,-0.013,-1.008,0.2,-0.9,0.1
30.1932888,289,0.01,19,0,0,0.029,-0.011,-0.999,0.3,-1,0
30.2032888,292,0.01,19,0,0,0.029,-0.011,-0.999,0.3,-1,0
30.2132888,287,0.01,19,0,0,0.029,-0.011,-0.999,0.3,-1,0
30.2232888,293,0.01,19,0,0,0.029,-0.011,-0.999,0.3,-1,0
30.2332888,296,0.01,19,0,0,0.029,-0.011,-0.999,0.3,-1,0
30.2432888,290,0.01,19,0,0,0.029,-0.016,-0.992,0.3,-1,0
30.2532888,297,0.01,19,0,0,0.029,-0.016,-0.992,0.3,-1,0
30.2632888,294,0.01,19,0,0,0.029,-0.016,-0.992,0.3,-1,0
30.2732888,291,0.01,19,0,0,0.029,-0.016,-0.992,0.3,-1,0
30.2832888,295,0.01,19,0,0,0.029,-0.016,-0.992,0.3,-1,0
30.2932888,292,0.01,19,0,0,0.031,-0.013,-0.989,0.3,-0.9,0
30.3032888,301,0.01,19,0,0,0.031,-0.013,-0.989,0.3,-0.9,0
30.3132888,296,0.01,19,0,0,0.031,-0.013,-0.989,0.3,-0.9,0
30.3232888,290,0.01,19,0,0,0.031,-0.013,-0.989,0.3,-0.9,0
30.3332888,294,0.01,19,0,0,0.031,-0.013,-0.989,0.3,-0.9,0
30.3432888,293,0,19,0,0,0.031,-0.015,-0.986,0.3,-0.6,0
30.3532888,298,0,19,0,0,0.031,-0.015,-0.986,0.3,-0.6,0
30.3632888,294,0,19,0,0,0.031,-0.015,-0.986,0.3,-0.6,0
30.3732888,288,0,19,0,0,0.031,-0.015,-0.986,0.3,-0.6,0
30.3832888,290,0,19,0,0,0.031,-0.015,-0.986,0.3,-0.6,0
30.3932888,288,0,19,0,0,0.031,-0.02,-0.982,0.3,-0.4,0
30.4032888,295,0,19,0,0,0.031,-0.02,-0.982,0.3,-0.4,0
30.4132888,294,0,19,0,0,0.031,-0.02,-0.982,0.3,-0.4,0
30.4232888,289,0,19,0,0,0.031,-0.02,-0.982,0.3,-0.4,0
30.4332888,290,0,19,0,0,0.031,-0.02,-0.982,0.3,-0.4,0
30.4432888,288,0,19,0,0,0.032,-0.012,-0.981,0.3,0,0
30.4532888,298,0,19,0,0,0.032,-0.012,-0.981,0.3,0,0
30.4632888,297,0,19,0,0,0.032,-0.012,-0.981,0.3,0,0
30.4732888,287,0,19,0,0,0.032,-0.012,-0.981,0.3,0,0
30.4832888,295,0,19,0,0,0.032,-0.012,-0.981,0.3,0,0
30.4932888,294,-0.01,19,0,0,0.031,-0.016,-0.996,0.3,-0.4,0
30.5032888,293,-0.01,19,0,0,0.031,-0.016,-0.996,0.3,-0.4,0
30.5132888,298,-0.01,19,0,0,0.031,-0.016,-0.996,0.3,-0.4,0
30.5232888,294,-0.01,19,0,0,0.031,-0.016,-0.996,0.3,-0.4,0
30.5332888,299,-0.01,19,0,0,0.031,-0.016,-0.996,0.3,-0.4,0
30.5432888,297,-0.02,19,0,0,0.029,-0.013,-1.003,0.2,-0.1,0
30.5532888,292,-0.02,19,0,0,0.029,-0.013,-1.003,0.2,-0.1,0
30.5632888,295,-0.02,19,0,0,0.029,-0.013,-1.003,0.2,-0.1,0
30.5732888,293,-0.02,19,0,0,0.029,-0.013,-1.003,0.2,-0.1,0
30.5832888,295,-0.02,19,0,0,0.029,-0.013,-1.003,0.2,-0.1,0
30.5932888,293,-0.01,19,0,0,0.028,-0.011,-1.015,0.1,-0.2,0.1
30.6032888,288,-0.01,19,0,0,0.028,-0.011,-1.015,0.1,-0.2,0.1
30.6132888,290,-0.01,19,0,0,0.028,-0.011,-1.015,0.1,-0.2,0.1
30.6232888,288,-0.01,19,0,0,0.028,-0.011,-1.015,0.1,-0.2,0.1
30.6332888,294,-0.01,19,0,0,0.028,-0.011,-1.015,0.1,-0.2,0.1
30.6432888,296,0,19,0,0,0.025,-0.018,-1.027,0.1,-0.3,0
30.6532888,287,0,19,0,0,0.025,-0.018,-1.027,0.1,-0.3,0
30.6632888,286,0,19,0,0,0.025,-0.018,-1.027,0.1,-0.3,0
30.6732888,291,0,19,0,0,0.025,-0.018,-1.027,0.1,-0.3,0
30.6832888,298,0,19,0,0,0.025,-0.018,-1.027,0.1,-0.3,0
30.7124054,300,0.04,19,0,0,0.027,-0.012,-1.021,0.2,-0.8,0
30.7224054,296,0.04,19,0,0,0.027,-0.012,-1.021,0.2,-0.8,0
30.7324054,297,0.04,19,0,0,0.027,-0.012,-1.021,0.2,-0.8,0
30.7424054,288,0.04,19,0,0,0.027,-0.012,-1.021,0.2,-0.8,0
30.7524054,288,0.04,19,0,0,0.027,-0.012,-1.021,0.2,-0.8,0
30.7939043,293,0.04,19,0,0,0.026,-0.014,-1.024,0.2,-1.3,0
30.8039043,292,0.04,19,0,0,0.026,-0.014,-1.024,0.2,-1.3,0
30.8139043,295,0.04,19,0,0,0.026,-0.014,-1.024,0.2,-1.3,0
30.8239043,290,0.04,19,0,0,0.026,-0.014,-1.024,0.2,-1.3,0
30.8339043,290,0.04,19,0,0,0.026,-0.014,-1.024,0.2,-1.3,0
30.8750607,291,0.01,19,0,0,0.029,-0.019,-1.005,0.3,-1.2,0
30.8850607,296,0.01,19,0,0,0.029,-0.019,-1.005,0.3,-1.2,0
30.8950607,301,0.01,19,0,0,0.029,-0.019,-1.005,0.3,-1.2,0
30.9050607,298,0.01,19,0,0,0.029,-0.019,-1.005,0.3,-1.2,0
30.9150607,291,0.01,19,0,0,0.029,-0.019,-1.005,0.3,-1.2,0
30.9395866,295,0,19,0,0,0.03,-0.018,-0.991,0.3,-1.2,0
30.9495866,295,0,19,0,0,0.03,-0.018,-0.991,0.3,-1.2,0
30.9595866,295,0,19,0,0,0.03,-0.018,-0.991,0.3,-1.2,0
30.9695866,295,0,19,0,0,0.03,-0.018,-0.991,0.3,-1.2,0
30.9795866,293,0,19,0,0,0.03,-0.018,-0.991,0.3,-1.2,0
30.9895866,295,-0.01,19,0,0,0.032,-0.018,-0.977,0.3,-1.4,0
30.9995866,289,-0.01,19,0,0,0.032,-0.018,-0.977,0.3,-1.4,0
31.0095866,290,-0.01,19,0,0,0.032,-0.018,-0.977,0.3,-1.4,0
31.0195866,293,-0.01,19,0,0,0.032,-0.018,-0.977,0.3,-1.4,0
31.0295866,290,-0.01,19,0,0,0.032,-0.018,-0.977,0.3,-1.4,0
31.0395866,294,-0.03,19,0,0,0.033,-0.02,-0.965,0.3,-1.1,0
31.0495866,295,-0.03,19,0,0,0.033,-0.02,-0.965,0.3,-1.1,0
31.0595866,294,-0.03,19,0,0,0.033,-0.02,-0.965,0.3,-1.1,0
31.0695866,287,-0.03,19,0,0,0.033,-0.02,-0.965,0.3,-1.1,0
31.0795866,287,-0.03,19,0,0,0.033,-0.02,-0.965,0.3,-1.1,0
31.1018604,299,-0.03,19,0,0,0.032,-0.016,-0.976,0.2,-0.6,0
31.1118604,299,-0.03,19,0,0,0.032,-0.016,-0.976,0.2,-0.6,0
31.1218604,294,-0.03,19,0,0,0.032,-0.016,-0.976,0.2,-0.6,0
31.1318604,294,-0.03,19,0,0,0.032,-0.016,-0.976,0.2,-0.6,0
31.1418604,292,-0.03,19,0,0,0.032,-0.016,-0.976,0.2,-0.6,0
31.1638479,292,-0.04,19,0,0,0.034,-0.015,-0.973,0.3,0,0
31.1738479,293,-0.04,19,0,0,0.034,-0.015,-0.973,0.3,0,0
31.1838479,290,-0.04,19,0,0,0.034,-0.015,-0.973,0.3,0,0
31.1938479,294,-0.04,19,0,0,0.034,-0.015,-0.973,0.3,0,0
31.2038479,287,-0.04,19,0,0,0.034,-0.015,-0.973,0.3,0,0
31.2138479,290,-0.02,19,0,0,0.032,-0.015,-0.983,0.2,0.3,0
31.2238479,293,-0.02,19,0,0,0.032,-0.015,-0.983,0.2,0.3,0
31.2338479,290,-0.02,19,0,0,0.032,-0.015,-0.983,0.2,0.3,0
31.2438479,298,-0.02,19,0,0,0.032,-0.015,-0.983,0.2,0.3,0
31.2538479,295,-0.02,19,0,0,0.032,-0.015,-0.983,0.2,0.3,0
31.2717267,292,0,19,0,0,0.03,-0.016,-0.993,0.3,0.1,0
31.2817267,291,0,19,0,0,0.03,-0.016,-0.993,0.3,0.1,0
31.2917267,291,0,19,0,0,0.03,-0.016,-0.993,0.3,0.1,0
31.3017267,303,0,19,0,0,0.03,-0.016,-0.993,0.3,0.1,0
31.3117267,297,0,19,0,0,0.03,-0.016,-0.993,0.3,0.1,0
31.3217267,291,0,19,0,0,0.028,-0.017,-1.003,0.3,0.1,0.1
31.3317267,296,0,19,0,0,0.028,-0.017,-1.003,0.3,0.1,0.1
31.3417267,294,0,19,0,0,0.028,-0.017,-1.003,0.3,0.1,0.1
31.3517267,299,0,19,0,0,0.028,-0.017,-1.003,0.3,0.1,0.1
31.3617267,295,0,19,0,0,0.028,-0.017,-1.003,0.3,0.1,0.1
31.3717267,289,0.01,19,0,0,0.027,-0.016,-1.016,0.1,0.1,0.1
31.3817267,291,0.01,19,0,0,0.027,-0.016,-1.016,0.1,0.1,0.1
31.3917267,287,0.01,19,0,0,0.027,-0.016,-1.016,0.1,0.1,0.1
31.4017267,291,0.01,19,0,0,0.027,-0.016,-1.016,0.1,0.1,0.1
31.4117267,294,0.01,19,0,0,0.027,-0.016,-1.016,0.1,0.1,0.1
31.4217267,291,0.01,19,0,0,0.025,-0.015,-1.027,0.3,0,0.1
31.4317267,294,0.01,19,0,0,0.025,-0.015,-1.027,0.3,0,0.1
31.4417267,288,0.01,19,0,0,0.025,-0.015,-1.027,0.3,0,0.1
31.4517267,293,0.01,19,0,0,0.025,-0.015,-1.027,0.3,0,0.1
31.4617267,291,0.01,19,0,0,0.025,-0.015,-1.027,0.3,0,0.1
31.4717267,287,0.01,19,0,0,0.027,-0.012,-1.021,0.3,-0.1,0
31.4817267,301,0.01,19,0,0,0.027,-0.012,-1.021,0.3,-0.1,0
31.4917267,297,0.01,19,0,0,0.027,-0.012,-1.021,0.3,-0.1,0
31.5017267,293,0.01,19,0,0,0.027,-0.012,-1.021,0.3,-0.1,0
31.5117267,294,0.01,19,0,0,0.027,-0.012,-1.021,0.3,-0.1,0
31.5433596,294,0,19,0,0,0.026,-0.014,-1.013,0.3,-0.5,0
31.5533596,297,0,19,0,0,0.026,-0.014,-1.013,0.3,-0.5,0
31.5633596,293,0,19,0,0,0.026,-0.014,-1.013,0.3,-0.5,0
31.5733596,292,0,19,0,0,0.026,-0.014,-1.013,0.3,-0.5,0
31.5833596,298,0,19,0,0,0.026,-0.014,-1.013,0.3,-0.5,0
31.6241244,289,-0.01,19,0,0,0.029,-0.016,-1.003,0.4,-0.9,0
31.6341244,293,-0.01,19,0,0,0.029,-0.016,-1.003,0.4,-0.9,0
31.6441244,296,-0.01,19,0,0,0.029,-0.016,-1.003,0.4,-0.9,0
31.6541244,290,-0.01,19,0,0,0.029,-0.016,-1.003,0.4,-0.9,0
31.6641244,294,-0.01,19,0,0,0.029,-0.016,-1.003,0.4,-0.9,0
31.6878408,292,0,19,0,0,0.029,-0.018,-1.002,0.3,-0.8,0
31.6978408,292,0,19,0,0,0.029,-0.018,-1.002,0.3,-0.8,0
31.7078408,299,0,19,0,0,0.029,-0.018,-1.002,0.3,-0.8,0
31.7178408,293,0,19,0,0,0.029,-0.018,-1.002,0.3,-0.8,0
31.7278408,298,0,19,0,0,0.029,-0.018,-1.002,0.3,-0.8,0
31.7378408,293,-0.02,19,0,0,0.03,-0.017,-0.999,0.3,-0.7,0
31.7478408,291,-0.02,19,0,0,0.03,-0.017,-0.999,0.3,-0.7,0
31.7578408,300,-0.02,19,0,0,0.03,-0.017,-0.999,0.3,-0.7,0
31.7678408,296,-0.02,19,0,0,0.03,-0.017,-0.999,0.3,-0.7,0
31.7778408,298,-0.02,19,0,0,0.03,-0.017,-0.999,0.3,-0.7,0
31.7878408,292,-0.01,19,0,0,0.03,-0.016,-0.99,0.4,-0.7,0
31.7978408,288,-0.01,19,0,0,0.03,-0.016,-0.99,0.4,-0.7,0
31.8078408,291,-0.01,19,0,0,0.03,-0.016,-0.99,0.4,-0.7,0
31.8178408,287,-0.01,19,0,0,0.03,-0.016,-0.99,0.4,-0.7,0
31.8278408,293,-0.01,19,0,0,0.03,-0.016,-0.99,0.4,-0.7,0
31.8613552,294,0,19,0,0,0.031,-0.015,-0.983,0.3,-0.5,0
31.8713552,289,0,19,0,0,0.031,-0.015,-0.983,0.3,-0.5,0
31.8813552,291,0,19,0,0,0.031,-0.015,-0.983,0.3,-0.5,0
31.8913552,288,0,19,0,0,0.031,-0.015,-0.983,0.3,-0.5,0
31.9013552,299,0,19,0,0,0.031,-0.015,-0.983,0.3,-0.5,0
31.9116861,299,0.03,19,0,0,0.03,-0.013,-0.999,0.2,-0.6,0
31.9216861,295,0.03,19,0,0,0.03,-0.013,-0.999,0.2,-0.6,0
31.9316861,298,0.03,19,0,0,0.03,-0.013,-0.999,0.2,-0.6,0
31.9416861,292,0.03,19,0,0,0.03,-0.013,-0.999,0.2,-0.6,0
31.9516861,288,0.03,19,0,0,0.03,-0.013,-0.999,0.2,-0.6,0
31.9938449,294,0.03,19,0,0,0.03,-0.012,-1.004,0.1,-0.3,0
32.0038449,293,0.03,19,0,0,0.03,-0.012,-1.004,0.1,-0.3,0
32.0138449,295,0.03,19,0,0,0.03,-0.012,-1.004,0.1,-0.3,0
32.0238449,290,0.03,19,0,0,0.03,-0.012,-1.004,0.1,-0.3,0
32.0338449,287,0.03,19,0,0,0.03,-0.012,-1.004,0.1,-0.3,0
32.0715481,286,0.02,19,0,0,0.027,-0.013,-1.017,0.2,-0.7,0
32.0815481,286,0.02,19,0,0,0.027,-0.013,-1.017,0.2,-0.7,0
32.0915481,299,0.02,19,0,0,0.027,-0.013,-1.017,0.2,-0.7,0
32.1015481,298,0.02,19,0,0,0.027,-0.013,-1.017,0.2,-0.7,0
32.1115481,294,0.02,19,0,0,0.027,-0.013,-1.017,0.2,-0.7,0
32.1215481,296,0.01,19,0,0,0.027,-0.013,-1.013,0.1,-0.8,0
32.1315481,295,0.01,19,0,0,0.027,-0.013,-1.013,0.1,-0.8,0
32.1415481,297,0.01,19,0,0,0.027,-0.013,-1.013,0.1,-0.8,0
32.1515481,299,0.01,19,0,0,0.027,-0.013,-1.013,0.1,-0.8,0
32.1615481,297,0.01,19,0,0,0.027,-0.013,-1.013,0.1,-0.8,0
32.1715481,297,0,19,0,0,0.026,-0.011,-1.021,0.1,-1,0
32.1815481,289,0,19,0,0,0.026,-0.011,-1.021,0.1,-1,0
32.1915481,291,0,19,0,0,0.026,-0.011,-1.021,0.1,-1,0
32.2015481,296,0,19,0,0,0.026,-0.011,-1.021,0.1,-1,0
32.2115481,290,0,19,0,0,0.026,-0.011,-1.021,0.1,-1,0
32.2215481,295,-0.03,19,0,0,0.027,-0.008,-1.017,0.1,-1.2,0
32.2315481,290,-0.03,19,0,0,0.027,-0.008,-1.017,0.1,-1.2,0
32.2415481,289,-0.03,19,0,0,0.027,-0.008,-1.017,0.1,-1.2,0
32.2515481,290,-0.03,19,0,0,0.027,-0.008,-1.017,0.1,-1.2,0
32.2615481,288,-0.03,19,0,0,0.027,-0.008,-1.017,0.1,-1.2,0
32.288855,298,-0.03,19,0,0,0.028,-0.013,-1.009,0.3,-1.3,0
32.298855,297,-0.03,19,0,0,0.028,-0.013,-1.009,0.3,-1.3,0
32.308855,290,-0.03,19,0,0,0.028,-0.013,-1.009,0.3,-1.3,0
32.318855,291,-0.03,19,0,0,0.028,-0.013,-1.009,0.3,-1.3,0
32.328855,291,-0.03,19,0,0,0.028,-0.013,-1.009,0.3,-1.3,0
32.338855,302,-0.04,19,0,0,0.03,-0.013,-0.993,0.3,-1.1,0
32.348855,297,-0.04,19,0,0,0.03,-0.013,-0.993,0.3,-1.1,0
32.358855,290,-0.04,19,0,0,0.03,-0.013,-0.993,0.3,-1.1,0
32.368855,295,-0.04,19,0,0,0.03,-0.013,-0.993,0.3,-1.1,0
32.378855,293,-0.04,19,0,0,0.03,-0.013,-0.993,0.3,-1.1,0
32.388855,298,-0.05,19,0,0,0.03,-0.016,-0.984,0.3,-1.2,0
32.398855,295,-0.05,19,0,0,0.03,-0.016,-0.984,0.3,-1.2,0
32.408855,290,-0.05,19,0,0,0.03,-0.016,-0.984,0.3,-1.2,0
32.418855,292,-0.05,19,0,0,0.03,-0.016,-0.984,0.3,-1.2,0
32.428855,287,-0.05,19,0,0,0.03,-0.016,-0.984,0.3,-1.2,0
32.438855,291,-0.03,19,0,0,0.033,-0.02,-0.973,0.4,-1.1,0
32.448855,294,-0.03,19,0,0,0.033,-0.02,-0.973,0.4,-1.1,0
32.458855,291,-0.03,19,0,0,0.033,-0.02,-0.973,0.4,-1.1,0
32.468855,294,-0.03,19,0,0,0.033,-0.02,-0.973,0.4,-1.1,0
32.478855,290,-0.03,19,0,0,0.033,-0.02,-0.973,0.4,-1.1,0
32.488855,293,-0.01,19,0,0,0.033,-0.015,-0.97,0.3,-0.9,0
32.498855,290,-0.01,19,0,0,0.033,-0.015,-0.97,0.3,-0.9,0
32.508855,287,-0.01,19,0,0,0.033,-0.015,-0.97,0.3,-0.9,0
32.518855,299,-0.01,19,0,0,0.033,-0.015,-0.97,0.3,-0.9,0
32.528855,298,-0.01,19,0,0,0.033,-0.015,-0.97,0.3,-0.9,0
32.538855,296,0,19,0,0,0.032,-0.02,-0.98,0.3,-0.4,0
32.548855,296,0,19,0,0,0.032,-0.02,-0.98,0.3,-0.4,0
32.558855,294,0,19,0,0,0.032,-0.02,-0.98,0.3,-0.4,0
32.568855,300,0,19,0,0,0.032,-0.02,-0.98,0.3,-0.4,0
32.578855,299,0,19,0,0,0.032,-0.02,-0.98,0.3,-0.4,0
32.588855,293,0,19,0,0,0.033,-0.02,-0.977,0.3,-0.2,0
32.598855,293,0,19,0,0,0.033,-0.02,-0.977,0.3,-0.2,0
32.608855,288,0,19,0,0,0.033,-0.02,-0.977,0.3,-0.2,0
32.618855,295,0,19,0,0,0.033,-0.02,-0.977,0.3,-0.2,0
32.628855,294,0,19,0,0,0.033,-0.02,-0.977,0.3,-0.2,0
32.638855,287,0.01,19,0,0,0.033,-0.015,-0.976,0.3,0,0.1
32.648855,291,0.01,19,0,0,0.033,-0.015,-0.976,0.3,0,0.1
32.658855,288,0.01,19,0,0,0.033,-0.015,-0.976,0.3,0,0.1
32.668855,293,0.01,19,0,0,0.033,-0.015,-0.976,0.3,0,0.1
32.678855,296,0.01,19,0,0,0.033,-0.015,-0.976,0.3,0,0.1
32.688855,288,0,19,0,0,0.032,-0.018,-0.986,0.3,0.3,0.1
32.698855,294,0,19,0,0,0.032,-0.018,-0.986,0.3,0.3,0.1
32.708855,292,0,19,0,0,0.032,-0.018,-0.986,0.3,0.3,0.1
32.718855,290,0,19,0,0,0.032,-0.018,-0.986,0.3,0.3,0.1
32.728855,294,0,19,0,0,0.032,-0.018,-0.986,0.3,0.3,0.1
32.738855,292,0,19,0,0,0.03,-0.013,-1,0.2,0.1,0
32.748855,301,0,19,0,0,0.03,-0.013,-1,0.2,0.1,0
32.758855,297,0,19,0,0,0.03,-0.013,-1,0.2,0.1,0
32.768855,292,0,19,0,0,0.03,-0.013,-1,0.2,0.1,0
32.778855,296,0,19,0,0,0.03,-0.013,-1,0.2,0.1,0
32.8154526,289,-0.01,19,0,0,0.026,-0.018,-1.026,0.2,0.1,0.1
32.8254526,293,-0.01,19,0,0,0.026,-0.018,-1.026,0.2,0.1,0.1
32.8354526,292,-0.01,19,0,0,0.026,-0.018,-1.026,0.2,0.1,0.1
32.8454526,289,-0.01,19,0,0,0.026,-0.018,-1.026,0.2,0.1,0.1
32.8554526,290,-0.01,19,0,0,0.026,-0.018,-1.026,0.2,0.1,0.1
32.8654526,288,0,19,0,0,0.026,-0.013,-1.031,0.2,-0.1,0
32.8754526,297,0,19,0,0,0.026,-0.013,-1.031,0.2,-0.1,0
32.8854526,297,0,19,0,0,0.026,-0.013,-1.031,0.2,-0.1,0
32.8954526,287,0,19,0,0,0.026,-0.013,-1.031,0.2,-0.1,0
32.9054526,295,0,19,0,0,0.026,-0.013,-1.031,0.2,-0.1,0
32.9154526,294,0,19,0,0,0.027,-0.017,-1.02,0.3,-0.4,0
32.9254526,293,0,19,0,0,0.027,-0.017,-1.02,0.3,-0.4,0
32.9354526,297,0,19,0,0,0.027,-0.017,-1.02,0.3,-0.4,0
32.9454526,295,0,19,0,0,0.027,-0.017,-1.02,0.3,-0.4,0
32.9554526,300,0,19,0,0,0.027,-0.017,-1.02,0.3,-0.4,0
32.9654526,294,-0.01,19,0,0,0.027,-0.018,-1.019,0.2,-0.6,0.1
32.9754526,288,-0.01,19,0,0,0.027,-0.018,-1.019,0.2,-0.6,0.1
32.9854526,294,-0.01,19,0,0,0.027,-0.018,-1.019,0.2,-0.6,0.1
32.9954526,294,-0.01,19,0,0,0.027,-0.018,-1.019,0.2,-0.6,0.1
33.0054526,294,-0.01,19,0,0,0.027,-0.018,-1.019,0.2,-0.6,0.1
33.0154526,290,-0.01,19,0,0,0.028,-0.013,-1.011,0.2,-0.9,0
33.0254526,287,-0.01,19,0,0,0.028,-0.013,-1.011,0.2,-0.9,0
33.0354526,291,-0.01,19,0,0,0.028,-0.013,-1.011,0.2,-0.9,0
33.0454526,289,-0.01,19,0,0,0.028,-0.013,-1.011,0.2,-0.9,0
33.0554526,294,-0.01,19,0,0,0.028,-0.013,-1.011,0.2,-0.9,0
33.0654526,296,0,19,0,0,0.028,-0.018,-1.003,0.3,-1.1,0
33.0754526,289,0,19,0,0,0.028,-0.018,-1.003,0.3,-1.1,0
33.0854526,287,0,19,0,0,0.028,-0.018,-1.003,0.3,-1.1,0
33.0954526,292,0,19,0,0,0.028,-0.018,-1.003,0.3,-1.1,0
33.1054526,299,0,19,0,0,0.028,-0.018,-1.003,0.3,-1.1,0
33.120858,299,0.02,19,0,0,0.028,-0.016,-1.014,0.3,-0.9,0
33.130858,294,0.02,19,0,0,0.028,-0.016,-1.014,0.3,-0.9,0
33.140858,298,0.02,19,0,0,0.028,-0.016,-1.014,0.3,-0.9,0
33.150858,293,0.02,19,0,0,0.028,-0.016,-1.014,0.3,-0.9,0
33.160858,290,0.02,19,0,0,0.028,-0.016,-1.014,0.3,-0.9,0
33.184137,297,0.04,19,0,0,0.029,-0.018,-1.004,0.3,-1.3,0
33.194137,293,0.04,19,0,0,0.029,-0.018,-1.004,0.3,-1.3,0
33.204137,295,0.04,19,0,0,0.029,-0.018,-1.004,0.3,-1.3,0
33.214137,290,0.04,19,0,0,0.029,-0.018,-1.004,0.3,-1.3,0
33.224137,289,0.04,19,0,0,0.029,-0.018,-1.004,0.3,-1.3,0
33.234137,292,0.04,19,0,0,0.03,-0.017,-0.994,0.2,-1.5,0
33.244137,290,0.04,19,0,0,0.03,-0.017,-0.994,0.2,-1.5,0
33.254137,294,0.04,19,0,0,0.03,-0.017,-0.994,0.2,-1.5,0
33.264137,290,0.04,19,0,0,0.03,-0.017,-0.994,0.2,-1.5,0
33.274137,290,0.04,19,0,0,0.03,-0.017,-0.994,0.2,-1.5,0
33.284137,290,0.03,19,0,0,0.032,-0.02,-0.978,0.3,-1.4,0
33.294137,287,0.03,19,0,0,0.032,-0.02,-0.978,0.3,-1.4,0
33.304137,298,0.03,19,0,0,0.032,-0.02,-0.978,0.3,-1.4,0
33.314137,298,0.03,19,0,0,0.032,-0.02,-0.978,0.3,-1.4,0
33.324137,288,0.03,19,0,0,0.032,-0.02,-0.978,0.3,-1.4,0
33.334137,291,0.01,19,0,0,0.033,-0.016,-0.979,0.2,-1,0
33.344137,296,0.01,19,0,0,0.033,-0.016,-0.979,0.2,-1,0
33.354137,298,0.01,19,0,0,0.033,-0.016,-0.979,0.2,-1,0
33.364137,298,0.01,19,0,0,0.033,-0.016,-0.979,0.2,-1,0
33.374137,295,0.01,19,0,0,0.033,-0.016,-0.979,0.2,-1,0
33.384137,296,0,19,0,0,0.033,-0.016,-0.975,0.2,-0.7,0
33.394137,295,0,19,0,0,0.033,-0.016,-0.975,0.2,-0.7,0
33.404137,294,0,19,0,0,0.033,-0.016,-0.975,0.2,-0.7,0
33.414137,296,0,19,0,0,0.033,-0.016,-0.975,0.2,-0.7,0
33.424137,293,0,19,0,0,0.033,-0.016,-0.975,0.2,-0.7,0
33.434137,295,-0.03,19,0,0,0.034,-0.017,-0.966,0.3,-0.4,0
33.444137,287,-0.03,19,0,0,0.034,-0.017,-0.966,0.3,-0.4,0
33.454137,288,-0.03,19,0,0,0.034,-0.017,-0.966,0.3,-0.4,0
33.464137,294,-0.03,19,0,0,0.034,-0.017,-0.966,0.3,-0.4,0
33.474137,291,-0.03,19,0,0,0.034,-0.017,-0.966,0.3,-0.4,0
33.4960341,294,-0.04,19,0,0,0.035,-0.012,-0.966,0.2,0,0
33.5060341,293,-0.04,19,0,0,0.035,-0.012,-0.966,0.2,0,0
33.5160341,293,-0.04,19,0,0,0.035,-0.012,-0.966,0.2,0,0
33.5260341,286,-0.04,19,0,0,0.035,-0.012,-0.966,0.2,0,0
33.5360341,286,-0.04,19,0,0,0.035,-0.012,-0.966,0.2,0,0
33.5619047,300,-0.04,19,0,0,0.03,-0.013,-0.993,0.3,0,0
33.5719047,298,-0.04,19,0,0,0.03,-0.013,-0.993,0.3,0,0
33.5819047,292,-0.04,19,0,0,0.03,-0.013,-0.993,0.3,0,0
33.5919047,297,-0.04,19,0,0,0.03,-0.013,-0.993,0.3,0,0
33.6019047,293,-0.04,19,0,0,0.03,-0.013,-0.993,0.3,0,0
33.640596,295,-0.03,19,0,0,0.03,-0.014,-1,0.2,0.3,0
33.650596,294,-0.03,19,0,0,0.03,-0.014,-1,0.2,0.3,0
33.660596,290,-0.03,19,0,0,0.03,-0.014,-1,0.2,0.3,0
33.670596,294,-0.03,19,0,0,0.03,-0.014,-1,0.2,0.3,0
33.680596,287,-0.03,19,0,0,0.03,-0.014,-1,0.2,0.3,0
33.7210093,292,0,19,0,0,0.028,-0.014,-1.015,0.3,0,0
33.7310093,292,0,19,0,0,0.028,-0.014,-1.015,0.3,0,0
33.7410093,292,0,19,0,0,0.028,-0.014,-1.015,0.3,0,0
33.7510093,301,0,19,0,0,0.028,-0.014,-1.015,0.3,0,0
33.7610093,298,0,19,0,0,0.028,-0.014,-1.015,0.3,0,0
33.786836,292,0,19,0,0,0.028,-0.015,-1.013,0.3,-0.1,0
33.796836,295,0,19,0,0,0.028,-0.015,-1.013,0.3,-0.1,0
33.806836,294,0,19,0,0,0.028,-0.015,-1.013,0.3,-0.1,0
33.816836,298,0,19,0,0,0.028,-0.015,-1.013,0.3,-0.1,0
33.826836,295,0,19,0,0,0.028,-0.015,-1.013,0.3,-0.1,0
33.8657936,291,0.01,19,0,0,0.027,-0.013,-1.017,0.3,-0.7,0
33.8757936,294,0.01,19,0,0,0.027,-0.013,-1.017,0.3,-0.7,0
33.8857936,288,0.01,19,0,0,0.027,-0.013,-1.017,0.3,-0.7,0
33.8957936,293,0.01,19,0,0,0.027,-0.013,-1.017,0.3,-0.7,0
33.9057936,291,0.01,19,0,0,0.027,-0.013,-1.017,0.3,-0.7,0
33.9157936,287,0,19,0,0,0.028,-0.014,-1.012,0.3,-0.7,0
33.9257936,299,0,19,0,0,0.028,-0.014,-1.012,0.3,-0.7,0
33.9357936,298,0,19,0,0,0.028,-0.014,-1.012,0.3,-0.7,0
33.9457936,296,0,19,0,0,0.028,-0.014,-1.012,0.3,-0.7,0
33.9557936,296,0,19,0,0,0.028,-0.014,-1.012,0.3,-0.7,0
33.9657936,295,0,19,0,0,0.028,-0.016,-1.002,0.3,-0.7,0
33.9757936,300,0,19,0,0,0.028,-0.016,-1.002,0.3,-0.7,0
33.9857936,297,0,19,0,0,0.028,-0.016,-1.002,0.3,-0.7,0
33.9957936,292,0,19,0,0,0.028,-0.016,-1.002,0.3,-0.7,0
34.0057936,293,0,19,0,0,0.028,-0.016,-1.002,0.3,-0.7,0
34.0157936,289,-0.01,19,0,0,0.03,-0.016,-0.995,0.4,-0.8,0
34.0257936,295,-0.01,19,0,0,0.03,-0.016,-0.995,0.4,-0.8,0
34.0357936,294,-0.01,19,0,0,0.03,-0.016,-0.995,0.4,-0.8,0
34.0457936,288,-0.01,19,0,0,0.03,-0.016,-0.995,0.4,-0.8,0
34.0557936,291,-0.01,19,0,0,0.03,-0.016,-0.995,0.4,-0.8,0
34.0862438,288,0,19,0,0,0.032,-0.017,-0.984,0.4,-0.9,0
34.0962438,293,0,19,0,0,0.032,-0.017,-0.984,0.4,-0.9,0
34.1062438,296,0,19,0,0,0.032,-0.017,-0.984,0.4,-0.9,0
34.1162438,288,0,19,0,0,0.032,-0.017,-0.984,0.4,-0.9,0
34.1262438,294,0,19,0,0,0.032,-0.017,-0.984,0.4,-0.9,0
34.1695225,295,-0.02,19,0,0,0.03,-0.017,-0.995,0.3,-0.6,0
34.1795225,292,-0.02,19,0,0,0.03,-0.017,-0.995,0.3,-0.6,0
34.1895225,299,-0.02,19,0,0,0.03,-0.017,-0.995,0.3,-0.6,0
34.1995225,297,-0.02,19,0,0,0.03,-0.017,-0.995,0.3,-0.6,0
34.2095225,298,-0.02,19,0,0,0.03,-0.017,-0.995,0.3,-0.6,0
34.2195225,292,-0.02,19,0,0,0.03,-0.014,-0.996,0.3,-0.3,0
34.2295225,288,-0.02,19,0,0,0.03,-0.014,-0.996,0.3,-0.3,0
34.2395225,291,-0.02,19,0,0,0.03,-0.014,-0.996,0.3,-0.3,0
34.2495225,287,-0.02,19,0,0,0.03,-0.014,-0.996,0.3,-0.3,0
34.2595225,293,-0.02,19,0,0,0.03,-0.014,-0.996,0.3,-0.3,0
34.2695225,294,0,19,0,0,0.029,-0.011,-1.002,0.2,-0.3,0.1
34.2795225,289,0,19,0,0,0.029,-0.011,-1.002,0.2,-0.3,0.1
34.2895225,290,0,19,0,0,0.029,-0.011,-1.002,0.2,-0.3,0.1
34.2995225,288,0,19,0,0,0.029,-0.011,-1.002,0.2,-0.3,0.1
34.3095225,298,0,19,0,0,0.029,-0.011,-1.002,0.2,-0.3,0.1
34.3213392,297,0.01,19,0,0,0.029,-0.012,-1.007,0.2,-0.4,0
34.3313392,287,0.01,19,0,0,0.029,-0.012,-1.007,0.2,-0.4,0
34.3413392,293,0.01,19,0,0,0.029,-0.012,-1.007,0.2,-0.4,0
34.3513392,295,0.01,19,0,0,0.029,-0.012,-1.007,0.2,-0.4,0
34.3613392,295,0.01,19,0,0,0.029,-0.012,-1.007,0.2,-0.4,0
34.3713392,298,0.03,19,0,0,0.029,-0.011,-1.012,0.1,-0.6,0
34.3813392,295,0.03,19,0,0,0.029,-0.011,-1.012,0.1,-0.6,0
34.3913392,298,0.03,19,0,0,0.029,-0.011,-1.012,0.1,-0.6,0
34.4013392,291,0.03,19,0,0,0.029,-0.011,-1.012,0.1,-0.6,0
34.4113392,291,0.03,19,0,0,0.029,-0.011,-1.012,0.1,-0.6,0
34.4213392,297,0.04,19,0,0,0.026,-0.014,-1.021,0.1,-0.7,0
34.4313392,294,0.04,19,0,0,0.026,-0.014,-1.021,0.1,-0.7,0
34.4413392,296,0.04,19,0,0,0.026,-0.014,-1.021,0.1,-0.7,0
34.4513392,290,0.04,19,0,0,0.026,-0.014,-1.021,0.1,-0.7,0
34.4613392,287,0.04,19,0,0,0.026,-0.014,-1.021,0.1,-0.7,0
34.4713392,291,0.04,19,0,0,0.025,-0.01,-1.026,0.1,-1,0
34.4813392,289,0.04,19,0,0,0.025,-0.01,-1.026,0.1,-1,0
34.4913392,294,0.04,19,0,0,0.025,-0.01,-1.026,0.1,-1,0
34.5013392,296,0.04,19,0,0,0.025,-0.01,-1.026,0.1,-1,0
34.5113392,289,0.04,19,0,0,0.025,-0.01,-1.026,0.1,-1,0
34.5213392,287,0.02,19,0,0,0.028,-0.011,-1.016,0.2,-1,0
34.5313392,292,0.02,19,0,0,0.028,-0.011,-1.016,0.2,-1,0
34.5413392,301,0.02,19,0,0,0.028,-0.011,-1.016,0.2,-1,0
34.5513392,299,0.02,19,0,0,0.028,-0.011,-1.016,0.2,-1,0
34.5613392,292,0.02,19,0,0,0.028,-0.011,-1.016,0.2,-1,0
34.5713392,293,0.01,19,0,0,0.029,-0.015,-1.004,0.2,-1.2,0
34.5813392,293,0.01,19,0,0,0.029,-0.015,-1.004,0.2,-1.2,0
34.5913392,295,0.01,19,0,0,0.029,-0.015,-1.004,0.2,-1.2,0
34.6013392,297,0.01,19,0,0,0.029,-0.015,-1.004,0.2,-1.2,0
34.6113392,296,0.01,19,0,0,0.029,-0.015,-1.004,0.2,-1.2,0
34.6227799,300,-0.01,19,0,0,0.03,-0.01,-0.999,0.3,-1.3,-0.1
34.6327799,290,-0.01,19,0,0,0.03,-0.01,-0.999,0.3,-1.3,-0.1
34.6427799,288,-0.01,19,0,0,0.03,-0.01,-0.999,0.3,-1.3,-0.1
34.6527799,294,-0.01,19,0,0,0.03,-0.01,-0.999,0.3,-1.3,-0.1
34.6627799,290,-0.01,19,0,0,0.03,-0.01,-0.999,0.3,-1.3,-0.1
34.6727799,294,-0.04,19,0,0,0.031,-0.013,-0.985,0.3,-1.5,0
34.6827799,290,-0.04,19,0,0,0.031,-0.013,-0.985,0.3,-1.5,0
34.6927799,290,-0.04,19,0,0,0.031,-0.013,-0.985,0.3,-1.5,0
34.7027799,290,-0.04,19,0,0,0.031,-0.013,-0.985,0.3,-1.5,0
34.7127799,287,-0.04,19,0,0,0.031,-0.013,-0.985,0.3,-1.5,0
34.7227799,298,-0.04,19,0,0,0.032,-0.015,-0.978,0.3,-1.2,0
34.7327799,297,-0.04,19,0,0,0.032,-0.015,-0.978,0.3,-1.2,0
34.7427799,289,-0.04,19,0,0,0.032,-0.015,-0.978,0.3,-1.2,0
34.7527799,289,-0.04,19,0,0,0.032,-0.015,-0.978,0.3,-1.2,0
34.7627799,289,-0.04,19,0,0,0.032,-0.015,-0.978,0.3,-1.2,0
34.7982965,300,-0.05,19,0,0,0.032,-0.018,-0.98,0.3,-0.6,0
34.8082965,300,-0.05,19,0,0,0.032,-0.018,-0.98,0.3,-0.6,0
34.8182965,293,-0.05,19,0,0,0.032,-0.018,-0.98,0.3,-0.6,0
34.8282965,296,-0.05,19,0,0,0.032,-0.018,-0.98,0.3,-0.6,0
34.8382965,295,-0.05,19,0,0,0.032,-0.018,-0.98,0.3,-0.6,0
34.8488844,287,-0.02,19,0,0,0.033,-0.021,-0.968,0.3,-0.1,0
34.8588844,294,-0.02,19,0,0,0.033,-0.021,-0.968,0.3,-0.1,0
34.8688844,291,-0.02,19,0,0,0.033,-0.021,-0.968,0.3,-0.1,0
34.8788844,294,-0.02,19,0,0,0.033,-0.021,-0.968,0.3,-0.1,0
34.8888844,293,-0.02,19,0,0,0.033,-0.021,-0.968,0.3,-0.1,0
34.9239106,293,-0.01,19,0,0,0.034,-0.02,-0.975,0.3,0,0
34.9339106,286,-0.01,19,0,0,0.034,-0.02,-0.975,0.3,0,0
34.9439106,286,-0.01,19,0,0,0.034,-0.02,-0.975,0.3,0,0
34.9539106,299,-0.01,19,0,0,0.034,-0.02,-0.975,0.3,0,0
34.9639106,299,-0.01,19,0,0,0.034,-0.02,-0.975,0.3,0,0
34.9904002,294,0,19,0,0,0.03,-0.014,-0.992,0.3,0,0
35.0004002,294,0,19,0,0,0.03,-0.014,-0.992,0.3,0,0
35.0104002,292,0,19,0,0,0.03,-0.014,-0.992,0.3,0,0
35.0204002,300,0,19,0,0,0.03,-0.014,-0.992,0.3,0,0
35.0304002,299,0,19,0,0,0.03,-0.014,-0.992,0.3,0,0
35.0691634,292,0.01,19,0,0,0.028,-0.013,-1.014,0.3,0.3,0.1
35.0791634,294,0.01,19,0,0,0.028,-0.013,-1.014,0.3,0.3,0.1
35.0891634,288,0.01,19,0,0,0.028,-0.013,-1.014,0.3,0.3,0.1
35.0991634,290,0.01,19,0,0,0.028,-0.013,-1.014,0.3,0.3,0.1
35.1091634,291,0.01,19,0,0,0.028,-0.013,-1.014,0.3,0.3,0.1
35.1191634,288,0,19,0,0,0.027,-0.016,-1.023,0.2,0.1,0
35.1291634,297,0,19,0,0,0.027,-0.016,-1.023,0.2,0.1,0
35.1391634,295,0,19,0,0,0.027,-0.016,-1.023,0.2,0.1,0
35.1491634,292,0,19,0,0,0.027,-0.016,-1.023,0.2,0.1,0
35.1591634,292,0,19,0,0,0.027,-0.016,-1.023,0.2,0.1,0
35.1691634,293,0,19,0,0,0.028,-0.016,-1.019,0.3,-0.2,0.1
35.1791634,301,0,19,0,0,0.028,-0.016,-1.019,0.3,-0.2,0.1
35.1891634,297,0,19,0,0,0.028,-0.016,-1.019,0.3,-0.2,0.1
35.1991634,290,0,19,0,0,0.028,-0.016,-1.019,0.3,-0.2,0.1
35.2091634,295,0,19,0,0,0.028,-0.016,-1.019,0.3,-0.2,0.1
35.2191634,293,0,19,0,0,0.026,-0.019,-1.022,0.2,-0.5,0
35.2291634,298,0,19,0,0,0.026,-0.019,-1.022,0.2,-0.5,0
35.2391634,298,0,19,0,0,0.026,-0.019,-1.022,0.2,-0.5,0
35.2491634,290,0,19,0,0,0.026,-0.019,-1.022,0.2,-0.5,0
35.2591634,290,0,19,0,0,0.026,-0.019,-1.022,0.2,-0.5,0
35.2866213,287,-0.01,19,0,0,0.026,-0.016,-1.022,0.2,-0.7,0
35.2966213,295,-0.01,19,0,0,0.026,-0.016,-1.022,0.2,-0.7,0
35.3066213,294,-0.01,19,0,0,0.026,-0.016,-1.022,0.2,-0.7,0
35.3166213,289,-0.01,19,0,0,0.026,-0.016,-1.022,0.2,-0.7,0
35.3266213,294,-0.01,19,0,0,0.026,-0.016,-1.022,0.2,-0.7,0
35.3690922,295,-0.01,19,0,0,0.028,-0.016,-1.007,0.3,-0.9,0
35.3790922,296,-0.01,19,0,0,0.028,-0.016,-1.007,0.3,-0.9,0
35.3890922,298,-0.01,19,0,0,0.028,-0.016,-1.007,0.3,-0.9,0
35.3990922,296,-0.01,19,0,0,0.028,-0.016,-1.007,0.3,-0.9,0
35.4090922,302,-0.01,19,0,0,0.028,-0.016,-1.007,0.3,-0.9,0
35.4497573,297,-0.01,19,0,0,0.029,-0.009,-0.994,0.3,-0.8,0
35.4597573,291,-0.01,19,0,0,0.029,-0.009,-0.994,0.3,-0.8,0
35.4697573,292,-0.01,19,0,0,0.029,-0.009,-0.994,0.3,-0.8,0
35.4797573,289,-0.01,19,0,0,0.029,-0.009,-0.994,0.3,-0.8,0
35.4897573,295,-0.01,19,0,0,0.029,-0.009,-0.994,0.3,-0.8,0
35.4997573,294,0,19,0,0,0.031,-0.012,-0.983,0.4,-0.9,0
35.5097573,287,0,19,0,0,0.031,-0.012,-0.983,0.4,-0.9,0
35.5197573,291,0,19,0,0,0.031,-0.012,-0.983,0.4,-0.9,0
35.5297573,289,0,19,0,0,0.031,-0.012,-0.983,0.4,-0.9,0
35.5397573,294,0,19,0,0,0.031,-0.012,-0.983,0.4,-0.9,0
35.5497573,296,0.01,19,0,0,0.032,-0.01,-0.973,0.3,-0.7,0
35.5597573,287,0.01,19,0,0,0.032,-0.01,-0.973,0.3,-0.7,0
35.5697573,288,0.01,19,0,0,0.032,-0.01,-0.973,0.3,-0.7,0
35.5797573,292,0.01,19,0,0,0.032,-0.01,-0.973,0.3,-0.7,0
35.5897573,297,0.01,19,0,0,0.032,-0.01,-0.973,0.3,-0.7,0
35.5997573,298,0.02,19,0,0,0.029,-0.016,-0.987,0.4,-0.5,0
35.6097573,294,0.02,19,0,0,0.029,-0.016,-0.987,0.4,-0.5,0
35.6197573,299,0.02,19,0,0,0.029,-0.016,-0.987,0.4,-0.5,0
35.6297573,292,0.02,19,0,0,0.029,-0.016,-0.987,0.4,-0.5,0
35.6397573,291,0.02,19,0,0,0.029,-0.016,-0.987,0.4,-0.5,0
35.6497573,298,0.04,19,0,0,0.03,-0.019,-0.991,0.3,-0.3,0
35.6597573,296,0.04,19,0,0,0.03,-0.019,-0.991,0.3,-0.3,0
35.6697573,298,0.04,19,0,0,0.03,-0.019,-0.991,0.3,-0.3,0
35.6797573,291,0.04,19,0,0,0.03,-0.019,-0.991,0.3,-0.3,0
35.6897573,288,0.04,19,0,0,0.03,-0.019,-0.991,0.3,-0.3,0
35.6997573,291,0.04,19,0,0,0.03,-0.015,-0.992,0.3,-0.1,0
35.7097573,291,0.04,19,0,0,0.03,-0.015,-0.992,0.3,-0.1,0
35.7197573,295,0.04,19,0,0,0.03,-0.015,-0.992,0.3,-0.1,0
35.7297573,290,0.04,19,0,0,0.03,-0.015,-0.992,0.3,-0.1,0
35.7397573,290,0.04,19,0,0,0.03,-0.015,-0.992,0.3,-0.1,0
35.7497573,290,0.01,19,0,0,0.029,-0.018,-1.003,0.3,0,0.1
35.7597573,287,0.01,19,0,0,0.029,-0.018,-1.003,0.3,0,0.1
35.7697573,298,0.01,19,0,0,0.029,-0.018,-1.003,0.3,0,0.1
35.7797573,297,0.01,19,0,0,0.029,-0.018,-1.003,0.3,0,0.1
35.7897573,287,0.01,19,0,0,0.029,-0.018,-1.003,0.3,0,0.1
35.7997573,290,0.01,19,0,0,0.029,-0.012,-1.014,0.2,-0.4,0
35.8097573,295,0.01,19,0,0,0.029,-0.012,-1.014,0.2,-0.4,0
35.8197573,298,0.01,19,0,0,0.029,-0.012,-1.014,0.2,-0.4,0
35.8297573,298,0.01,19,0,0,0.029,-0.012,-1.014,0.2,-0.4,0
35.8397573,295,0.01,19,0,0,0.029,-0.012,-1.014,0.2,-0.4,0
35.8497573,299,0,19,0,0,0.027,-0.011,-1.018,0.1,-0.4,0
35.8597573,295,0,19,0,0,0.027,-0.011,-1.018,0.1,-0.4,0
35.8697573,291,0,19,0,0,0.027,-0.011,-1.018,0.1,-0.4,0
35.8797573,295,0,19,0,0,0.027,-0.011,-1.018,0.1,-0.4,0
35.8897573,292,0,19,0,0,0.027,-0.011,-1.018,0.1,-0.4,0
35.8997573,295,-0.03,19,0,0,0.025,-0.008,-1.03,0.1,-0.6,0
35.9097573,288,-0.03,19,0,0,0.025,-0.008,-1.03,0.1,-0.6,0
35.9197573,287,-0.03,19,0,0,0.025,-0.008,-1.03,0.1,-0.6,0
35.9297573,293,-0.03,19,0,0,0.025,-0.008,-1.03,0.1,-0.6,0
35.9397573,291,-0.03,19,0,0,0.025,-0.008,-1.03,0.1,-0.6,0
35.9497573,294,-0.03,19,0,0,0.026,-0.008,-1.031,0.1,-0.9,0
35.9597573,293,-0.03,19,0,0,0.026,-0.008,-1.031,0.1,-0.9,0
35.9697573,293,-0.03,19,0,0,0.026,-0.008,-1.031,0.1,-0.9,0
35.9797573,286,-0.03,19,0,0,0.026,-0.008,-1.031,0.1,-0.9,0
35.9897573,286,-0.03,19,0,0,0.026,-0.008,-1.031,0.1,-0.9,0
35.9997573,299,-0.04,19,0,0,0.027,-0.011,-1.014,0.3,-1,0
36.0097573,299,-0.04,19,0,0,0.027,-0.011,-1.014,0.3,-1,0
36.0197573,294,-0.04,19,0,0,0.027,-0.011,-1.014,0.3,-1,0
36.0297573,294,-0.04,19,0,0,0.027,-0.011,-1.014,0.3,-1,0
36.0397573,292,-0.04,19,0,0,0.027,-0.011,-1.014,0.3,-1,0
36.0497573,300,-0.05,19,0,0,0.028,-0.018,-1.01,0.1,-1.2,0
36.0597573,297,-0.05,19,0,0,0.028,-0.018,-1.01,0.1,-1.2,0
36.0697573,291,-0.05,19,0,0,0.028,-0.018,-1.01,0.1,-1.2,0
36.0797573,294,-0.05,19,0,0,0.028,-0.018,-1.01,0.1,-1.2,0
36.0897573,288,-0.05,19,0,0,0.028,-0.018,-1.01,0.1,-1.2,0
36.0997573,292,-0.03,19,0,0,0.029,-0.016,-1.001,0.3,-1.6,0
36.1097573,293,-0.03,19,0,0,0.029,-0.016,-1.001,0.3,-1.6,0
36.1197573,290,-0.03,19,0,0,0.029,-0.016,-1.001,0.3,-1.6,0
36.1297573,294,-0.03,19,0,0,0.029,-0.016,-1.001,0.3,-1.6,0
36.1397573,289,-0.03,19,0,0,0.029,-0.016,-1.001,0.3,-1.6,0
36.1497573,290,-0.01,19,0,0,0.029,-0.02,-0.987,0.3,-1.5,0
36.1597573,292,-0.01,19,0,0,0.029,-0.02,-0.987,0.3,-1.5,0
36.1697573,288,-0.01,19,0,0,0.029,-0.02,-0.987,0.3,-1.5,0
36.1797573,298,-0.01,19,0,0,0.029,-0.02,-0.987,0.3,-1.5,0
36.1897573,296,-0.01,19,0,0,0.029,-0.02,-0.987,0.3,-1.5,0
36.208991,290,0,19,0,0,0.033,-0.017,-0.984,0.2,-1,0
36.218991,291,0,19,0,0,0.033,-0.017,-0.984,0.2,-1,0
36.228991,292,0,19,0,0,0.033,-0.017,-0.984,0.2,-1,0
36.238991,304,0,19,0,0,0.033,-0.017,-0.984,0.2,-1,0
36.248991,300,0,19,0,0,0.033,-0.017,-0.984,0.2,-1,0
36.2619017,289,0.01,19,0,0,0.021,-0.023,-1.004,0.3,-0.8,0.1
36.2719017,290,0.01,19,0,0,0.021,-0.023,-1.004,0.3,-0.8,0.1
36.2819017,287,0.01,19,0,0,0.021,-0.023,-1.004,0.3,-0.8,0.1
36.2919017,292,0.01,19,0,0,0.021,-0.023,-1.004,0.3,-0.8,0.1
36.3019017,294,0.01,19,0,0,0.021,-0.023,-1.004,0.3,-0.8,0.1
36.33456,291,0,19,0,0,0.036,-0.008,-0.992,0.3,-0.9,-0.1
36.34456,294,0,19,0,0,0.036,-0.008,-0.992,0.3,-0.9,-0.1
36.35456,288,0,19,0,0,0.036,-0.008,-0.992,0.3,-0.9,-0.1
36.36456,293,0,19,0,0,0.036,-0.008,-0.992,0.3,-0.9,-0.1
36.37456,292,0,19,0,0,0.036,-0.008,-0.992,0.3,-0.9,-0.1
36.4148639,290,0,19,0,0,0.029,-0.007,-0.996,0.3,-0.7,0
36.4248639,299,0,19,0,0,0.029,-0.007,-0.996,0.3,-0.7,0
36.4348639,301,0,19,0,0,0.029,-0.007,-0.996,0.3,-0.7,0
36.4448639,294,0,19,0,0,0.029,-0.007,-0.996,0.3,-0.7,0
36.4548639,295,0,19,0,0,0.029,-0.007,-0.996,0.3,-0.7,0
36.4954294,290,0,19,0,0,0.031,-0.024,-0.99,0.3,-0.5,0
36.5054294,297,0,19,0,0,0.031,-0.024,-0.99,0.3,-0.5,0
36.5154294,296,0,19,0,0,0.031,-0.024,-0.99,0.3,-0.5,0
36.5254294,288,0,19,0,0,0.031,-0.024,-0.99,0.3,-0.5,0
36.5354294,291,0,19,0,0,0.031,-0.024,-0.99,0.3,-0.5,0
36.5715866,292,-0.01,19,0,0,0.029,-0.016,-0.996,0.3,-0.4,0
36.5815866,290,-0.01,19,0,0,0.029,-0.016,-0.996,0.3,-0.4,0
36.5915866,295,-0.01,19,0,0,0.029,-0.016,-0.996,0.3,-0.4,0
36.6015866,294,-0.01,19,0,0,0.029,-0.016,-0.996,0.3,-0.4,0
36.6115866,304,-0.01,19,0,0,0.029,-0.016,-0.996,0.3,-0.4,0
36.6215866,295,-0.01,19,0,0,0.027,-0.006,-1.005,0.2,-0.5,0.1
36.6315866,292,-0.01,19,0,0,0.027,-0.006,-1.005,0.2,-0.5,0.1
36.6415866,299,-0.01,19,0,0,0.027,-0.006,-1.005,0.2,-0.5,0.1
36.6515866,296,-0.01,19,0,0,0.027,-0.006,-1.005,0.2,-0.5,0.1
36.6615866,298,-0.01,19,0,0,0.027,-0.006,-1.005,0.2,-0.5,0.1
36.6715866,292,-0.01,19,0,0,0.029,-0.012,-1.014,0.1,-0.5,0
36.6815866,288,-0.01,19,0,0,0.029,-0.012,-1.014,0.1,-0.5,0
36.6915866,290,-0.01,19,0,0,0.029,-0.012,-1.014,0.1,-0.5,0
36.7015866,288,-0.01,19,0,0,0.029,-0.012,-1.014,0.1,-0.5,0
36.7115866,295,-0.01,19,0,0,0.029,-0.012,-1.014,0.1,-0.5,0
36.7339303,297,0.01,19,0,0,0.032,-0.013,-1.02,0.2,-0.8,0
36.7439303,287,0.01,19,0,0,0.032,-0.013,-1.02,0.2,-0.8,0
36.7539303,294,0.01,19,0,0,0.032,-0.013,-1.02,0.2,-0.8,0
36.7639303,295,0.01,19,0,0,0.032,-0.013,-1.02,0.2,-0.8,0
36.7739303,293,0.01,19,0,0,0.032,-0.013,-1.02,0.2,-0.8,0
46.7423296,298,0.02,19,0,0,0.025,-0.015,-1.012,0.2,-1,0
46.7523296,295,0.02,19,0,0,0.025,-0.015,-1.012,0.2,-1,0
46.7623296,295,0.02,19,0,0,0.025,-0.015,-1.012,0.2,-1,0
46.7723296,292,0.02,19,0,0,0.025,-0.015,-1.012,0.2,-1,0
46.7823296,292,0.02,19,0,0,0.025,-0.015,-1.012,0.2,-1,0
46.7923296,291,0.02,19,0,0,0.028,-0.008,-1.005,0.2,-1.4,-0.1
46.8023296,289,0.02,19,0,0,0.028,-0.008,-1.005,0.2,-1.4,-0.1
46.8123296,294,0.02,19,0,0,0.028,-0.008,-1.005,0.2,-1.4,-0.1
46.8223296,296,0.02,19,0,0,0.028,-0.008,-1.005,0.2,-1.4,-0.1
46.8323296,289,0.02,19,0,0,0.028,-0.008,-1.005,0.2,-1.4,-0.1
46.8423296,287,0.02,19,0,0,0.03,-0.017,-0.999,0.3,-1.3,0
46.8523296,292,0.02,19,0,0,0.03,-0.017,-0.999,0.3,-1.3,0
46.8623296,301,0.02,19,0,0,0.03,-0.017,-0.999,0.3,-1.3,0
46.8723296,299,0.02,19,0,0,0.03,-0.017,-0.999,0.3,-1.3,0
46.8823296,292,0.02,19,0,0,0.03,-0.017,-0.999,0.3,-1.3,0
46.8923296,293,0.01,19,0,0,0.029,-0.016,-0.986,0.3,-0.9,0
46.9023296,293,0.01,19,0,0,0.029,-0.016,-0.986,0.3,-0.9,0
46.9123296,297,0.01,19,0,0,0.029,-0.016,-0.986,0.3,-0.9,0
46.9223296,300,0.01,19,0,0,0.029,-0.016,-0.986,0.3,-0.9,0
46.9323296,296,0.01,19,0,0,0.029,-0.016,-0.986,0.3,-0.9,0
46.9423296,297,0,19,0,0,0.034,-0.016,-0.978,0.3,-1,0
46.9523296,289,0,19,0,0,0.034,-0.016,-0.978,0.3,-1,0
46.9623296,289,0,19,0,0,0.034,-0.016,-0.978,0.3,-1,0
46.9723296,293,0,19,0,0,0.034,-0.016,-0.978,0.3,-1,0
46.9823296,292,0,19,0,0,0.034,-0.016,-0.978,0.3,-1,0
46.9923296,298,-0.03,19,0,0,0.034,-0.017,-0.965,0.3,-0.4,0
47.0023296,297,-0.03,19,0,0,0.034,-0.017,-0.965,0.3,-0.4,0
47.0123296,290,-0.03,19,0,0,0.034,-0.017,-0.965,0.3,-0.4,0
47.0223296,290,-0.03,19,0,0,0.034,-0.017,-0.965,0.3,-0.4,0
47.0323296,291,-0.03,19,0,0,0.034,-0.017,-0.965,0.3,-0.4,0
47.0423296,301,-0.04,19,0,0,0.033,-0.021,-0.98,0.3,-0.2,0
47.0523296,298,-0.04,19,0,0,0.033,-0.021,-0.98,0.3,-0.2,0
47.0623296,291,-0.04,19,0,0,0.033,-0.021,-0.98,0.3,-0.2,0
47.0723296,295,-0.04,19,0,0,0.033,-0.021,-0.98,0.3,-0.2,0
47.0823296,295,-0.04,19,0,0,0.033,-0.021,-0.98,0.3,-0.2,0
47.0923296,295,-0.04,19,0,0,0.033,-0.015,-0.982,0.2,0,0
47.1023296,295,-0.04,19,0,0,0.033,-0.015,-0.982,0.2,0,0
47.1123296,292,-0.04,19,0,0,0.033,-0.015,-0.982,0.2,0,0
47.1223296,295,-0.04,19,0,0,0.033,-0.015,-0.982,0.2,0,0
47.1323296,287,-0.04,19,0,0,0.033,-0.015,-0.982,0.2,0,0
47.1423296,287,-0.03,19,0,0,0.031,-0.011,-0.988,0.3,0.3,0.1
47.1523296,294,-0.03,19,0,0,0.031,-0.011,-0.988,0.3,0.3,0.1
47.1623296,291,-0.03,19,0,0,0.031,-0.011,-0.988,0.3,0.3,0.1
47.1723296,294,-0.03,19,0,0,0.031,-0.011,-0.988,0.3,0.3,0.1
47.1823296,293,-0.03,19,0,0,0.031,-0.011,-0.988,0.3,0.3,0.1
47.1923296,293,-0.01,19,0,0,0.029,-0.017,-1.003,0.3,0.4,0
47.2023296,286,-0.01,19,0,0,0.029,-0.017,-1.003,0.3,0.4,0
47.2123296,288,-0.01,19,0,0,0.029,-0.017,-1.003,0.3,0.4,0
47.2223296,300,-0.01,19,0,0,0.029,-0.017,-1.003,0.3,0.4,0
47.2323296,299,-0.01,19,0,0,0.029,-0.017,-1.003,0.3,0.4,0
47.2423296,296,0,19,0,0,0.03,-0.015,-1.008,0.2,0,0
47.2523296,294,0,19,0,0,0.03,-0.015,-1.008,0.2,0,0
47.2623296,292,0,19,0,0,0.03,-0.015,-1.008,0.2,0,0
47.2723296,302,0,19,0,0,0.03,-0.015,-1.008,0.2,0,0
47.2823296,301,0,19,0,0,0.03,-0.015,-1.008,0.2,0,0
47.2923296,293,0,19,0,0,0.023,-0.017,-1.019,0.1,0,0.1
47.3023296,293,0,19,0,0,0.023,-0.017,-1.019,0.1,0,0.1
47.3123296,288,0,19,0,0,0.023,-0.017,-1.019,0.1,0,0.1
47.3223296,295,0,19,0,0,0.023,-0.017,-1.019,0.1,0,0.1
47.3323296,294,0,19,0,0,0.023,-0.017,-1.019,0.1,0,0.1
47.3423296,288,0.01,19,0,0,0.028,-0.02,-1.031,0.1,-0.2,0
47.3523296,292,0.01,19,0,0,0.028,-0.02,-1.031,0.1,-0.2,0
47.3623296,288,0.01,19,0,0,0.028,-0.02,-1.031,0.1,-0.2,0
47.3723296,291,0.01,19,0,0,0.028,-0.02,-1.031,0.1,-0.2,0
47.3823296,296,0.01,19,0,0,0.028,-0.02,-1.031,0.1,-0.2,0
47.3923296,294,0,19,0,0,0.027,-0.016,-1.017,0.2,-0.6,0
47.4023296,304,0,19,0,0,0.027,-0.016,-1.017,0.2,-0.6,0
47.4123296,298,0,19,0,0,0.027,-0.016,-1.017,0.2,-0.6,0
47.4223296,292,0,19,0,0,0.027,-0.016,-1.017,0.2,-0.6,0
47.4323296,296,0,19,0,0,0.027,-0.016,-1.017,0.2,-0.6,0
47.4423296,295,0,19,0,0,0.028,-0.014,-1.01,0.2,-0.8,0.1
47.4523296,298,0,19,0,0,0.028,-0.014,-1.01,0.2,-0.8,0.1
47.4623296,295,0,19,0,0,0.028,-0.014,-1.01,0.2,-0.8,0.1
47.4723296,288,0,19,0,0,0.028,-0.014,-1.01,0.2,-0.8,0.1
47.4823296,290,0,19,0,0,0.028,-0.014,-1.01,0.2,-0.8,0.1
47.4923296,288,-0.01,19,0,0,0.03,-0.013,-1.001,0.3,-1,0
47.5023296,295,-0.01,19,0,0,0.03,-0.013,-1.001,0.3,-1,0
47.5123296,294,-0.01,19,0,0,0.03,-0.013,-1.001,0.3,-1,0
47.5223296,289,-0.01,19,0,0,0.03,-0.013,-1.001,0.3,-1,0
47.5323296,290,-0.01,19,0,0,0.03,-0.013,-1.001,0.3,-1,0
47.5423296,287,-0.01,19,0,0,0.028,-0.018,-0.991,0.3,-1.1,0.1
47.5523296,298,-0.01,19,0,0,0.028,-0.018,-0.991,0.3,-1.1,0.1
47.5623296,298,-0.01,19,0,0,0.028,-0.018,-0.991,0.3,-1.1,0.1
47.5723296,288,-0.01,19,0,0,0.028,-0.018,-0.991,0.3,-1.1,0.1
47.5823296,294,-0.01,19,0,0,0.028,-0.018,-0.991,0.3,-1.1,0.1
47.5923295999999,295,-0.01,19,0,0,0.031,-0.009,-0.992,0.3,-0.8,0
47.6023295999999,296,-0.01,19,0,0,0.031,-0.009,-0.992,0.3,-0.8,0
47.6123296,300,-0.01,19,0,0,0.031,-0.009,-0.992,0.3,-0.8,0
47.6223296,295,-0.01,19,0,0,0.031,-0.009,-0.992,0.3,-0.8,0
47.6323295999999,300,-0.01,19,0,0,0.031,-0.009,-0.992,0.3,-0.8,0
47.6423295999999,297,-0.02,19,0,0,0.031,-0.015,-0.985,0.3,-0.6,0
47.6523295999999,292,-0.02,19,0,0,0.031,-0.015,-0.985,0.3,-0.6,0
47.6623295999999,295,-0.02,19,0,0,0.031,-0.015,-0.985,0.3,-0.6,0
47.6723295999999,293,-0.02,19,0,0,0.031,-0.015,-0.985,0.3,-0.6,0
47.6823295999999,295,-0.02,19,0,0,0.031,-0.015,-0.985,0.3,-0.6,0
47.6923295999999,291,-0.01,19,0,0,0.031,-0.02,-0.981,0.3,-0.5,0
47.7023295999999,287,-0.01,19,0,0,0.031,-0.02,-0.981,0.3,-0.5,0
47.7123295999999,291,-0.01,19,0,0,0.031,-0.02,-0.981,0.3,-0.5,0
47.7223295999999,288,-0.01,19,0,0,0.031,-0.02,-0.981,0.3,-0.5,0
47.7323295999999,295,-0.01,19,0,0,0.031,-0.02,-0.981,0.3,-0.5,0
47.7423295999999,298,0,19,0,0,0.032,-0.014,-0.977,0.4,-0.2,0
47.7523295999999,287,0,19,0,0,0.032,-0.014,-0.977,0.4,-0.2,0
47.7623295999999,286,0,19,0,0,0.032,-0.014,-0.977,0.4,-0.2,0
47.7723295999999,292,0,19,0,0,0.032,-0.014,-0.977,0.4,-0.2,0
47.7823295999999,298,0,19,0,0,0.032,-0.014,-0.977,0.4,-0.2,0
47.7923295999999,301,0.04,19,0,0,0.029,-0.014,-1.001,0.3,-0.2,0
47.8023295999999,296,0.04,19,0,0,0.029,-0.014,-1.001,0.3,-0.2,0
47.8123295999999,297,0.04,19,0,0,0.029,-0.014,-1.001,0.3,-0.2,0
47.8223295999999,289,0.04,19,0,0,0.029,-0.014,-1.001,0.3,-0.2,0
47.8323295999999,289,0.04,19,0,0,0.029,-0.014,-1.001,0.3,-0.2,0
47.8423295999999,294,0.04,19,0,0,0.028,-0.009,-1.013,0.3,-0.2,0
47.8523295999999,290,0.04,19,0,0,0.028,-0.009,-1.013,0.3,-0.2,0
47.8623295999999,294,0.04,19,0,0,0.028,-0.009,-1.013,0.3,-0.2,0
47.8723295999999,290,0.04,19,0,0,0.028,-0.009,-1.013,0.3,-0.2,0
47.8823295999999,290,0.04,19,0,0,0.028,-0.009,-1.013,0.3,-0.2,0
47.8923295999999,290,0.03,19,0,0,0.025,-0.015,-1.025,0.2,-0.3,0
47.9023295999999,287,0.03,19,0,0,0.025,-0.015,-1.025,0.2,-0.3,0
47.9123295999999,298,0.03,19,0,0,0.025,-0.015,-1.025,0.2,-0.3,0
47.9223295999999,298,0.03,19,0,0,0.025,-0.015,-1.025,0.2,-0.3,0
47.9323295999999,288,0.03,19,0,0,0.025,-0.015,-1.025,0.2,-0.3,0
47.9423295999999,292,0.02,19,0,0,0.028,-0.01,-1.015,0.2,-0.6,0
47.9523295999999,296,0.02,19,0,0,0.028,-0.01,-1.015,0.2,-0.6,0
47.9623295999999,301,0.02,19,0,0,0.028,-0.01,-1.015,0.2,-0.6,0
47.9723295999999,298,0.02,19,0,0,0.028,-0.01,-1.015,0.2,-0.6,0
47.9823295999999,291,0.02,19,0,0,0.028,-0.01,-1.015,0.2,-0.6,0
47.9923295999999,295,0,19,0,0,0.026,-0.011,-1.021,0.3,-0.9,0
48.0023295999999,295,0,19,0,0,0.026,-0.011,-1.021,0.3,-0.9,0
48.0123295999999,295,0,19,0,0,0.026,-0.011,-1.021,0.3,-0.9,0
48.0223295999999,296,0,19,0,0,0.026,-0.011,-1.021,0.3,-0.9,0
48.0323295999999,293,0,19,0,0,0.026,-0.011,-1.021,0.3,-0.9,0
48.0423295999999,295,-0.01,19,0,0,0.026,-0.011,-1.025,0.3,-1.2,0
48.0523295999999,287,-0.01,19,0,0,0.026,-0.011,-1.025,0.3,-1.2,0
48.0623295999999,287,-0.01,19,0,0,0.026,-0.011,-1.025,0.3,-1.2,0
48.0723295999999,294,-0.01,19,0,0,0.026,-0.011,-1.025,0.3,-1.2,0
48.0823295999999,291,-0.01,19,0,0,0.026,-0.011,-1.025,0.3,-1.2,0
48.0923295999999,294,-0.04,19,0,0,0.028,-0.009,-1.017,0.2,-1.5,-0.1
48.1023295999999,293,-0.04,19,0,0,0.028,-0.009,-1.017,0.2,-1.5,-0.1
48.1123295999999,293,-0.04,19,0,0,0.028,-0.009,-1.017,0.2,-1.5,-0.1
48.1223295999999,286,-0.04,19,0,0,0.028,-0.009,-1.017,0.2,-1.5,-0.1
48.1323295999999,286,-0.04,19,0,0,0.028,-0.009,-1.017,0.2,-1.5,-0.1
48.1423295999999,301,-0.04,19,0,0,0.029,-0.018,-1.004,0.2,-1.3,0
48.1523295999999,298,-0.04,19,0,0,0.029,-0.018,-1.004,0.2,-1.3,0
48.1623295999999,291,-0.04,19,0,0,0.029,-0.018,-1.004,0.2,-1.3,0
48.1723295999999,293,-0.04,19,0,0,0.029,-0.018,-1.004,0.2,-1.3,0
48.1823295999999,293,-0.04,19,0,0,0.029,-0.018,-1.004,0.2,-1.3,0
48.1923295999999,300,-0.05,19,0,0,0.032,-0.017,-0.992,0.2,-1.3,0
48.2023295999999,298,-0.05,19,0,0,0.032,-0.017,-0.992,0.2,-1.3,0
48.2123295999999,292,-0.05,19,0,0,0.032,-0.017,-0.992,0.2,-1.3,0
48.2223295999999,295,-0.05,19,0,0,0.032,-0.017,-0.992,0.2,-1.3,0
48.2323295999999,290,-0.05,19,0,0,0.032,-0.017,-0.992,0.2,-1.3,0
48.2423295999999,292,-0.04,19,0,0,0.031,-0.016,-0.979,0.3,-1.4,0
48.2523295999999,294,-0.04,19,0,0,0.031,-0.016,-0.979,0.3,-1.4,0
48.2623295999999,292,-0.04,19,0,0,0.031,-0.016,-0.979,0.3,-1.4,0
48.2723295999999,294,-0.04,19,0,0,0.031,-0.016,-0.979,0.3,-1.4,0
48.2823295999999,288,-0.04,19,0,0,0.031,-0.016,-0.979,0.3,-1.4,0
48.2923295999999,290,-0.02,19,0,0,0.035,-0.02,-0.967,0.3,-1.1,0
48.3023295999999,291,-0.02,19,0,0,0.035,-0.02,-0.967,0.3,-1.1,0
48.3123295999999,288,-0.02,19,0,0,0.035,-0.02,-0.967,0.3,-1.1,0
48.3223295999999,298,-0.02,19,0,0,0.035,-0.02,-0.967,0.3,-1.1,0
48.3323295999999,296,-0.02,19,0,0,0.035,-0.02,-0.967,0.3,-1.1,0
48.3423295999999,290,-0.01,19,0,0,0.031,-0.015,-0.974,0.2,-0.6,0
48.3523295999999,291,-0.01,19,0,0,0.031,-0.015,-0.974,0.2,-0.6,0
48.3623295999999,292,-0.01,19,0,0,0.031,-0.015,-0.974,0.2,-0.6,0
48.3723295999999,301,-0.01,19,0,0,0.031,-0.015,-0.974,0.2,-0.6,0
48.3823295999999,297,-0.01,19,0,0,0.031,-0.015,-0.974,0.2,-0.6,0
48.3923295999999,287,0,19,0,0,0.034,-0.014,-0.974,0.2,0,0
48.4023295999999,291,0,19,0,0,0.034,-0.014,-0.974,0.2,0,0
48.4123295999999,288,0,19,0,0,0.034,-0.014,-0.974,0.2,0,0
48.4223295999999,293,0,19,0,0,0.034,-0.014,-0.974,0.2,0,0
48.4323295999999,295,0,19,0,0,0.034,-0.014,-0.974,0.2,0,0
48.4423295999999,290,0.02,19,0,0,0.032,-0.011,-0.982,0.2,0.3,0
48.4523295999999,293,0.02,19,0,0,0.032,-0.011,-0.982,0.2,0.3,0
48.4623295999999,287,0.02,19,0,0,0.032,-0.011,-0.982,0.2,0.3,0
48.4723295999999,294,0.02,19,0,0,0.032,-0.011,-0.982,0.2,0.3,0
48.4823295999999,293,0.02,19,0,0,0.032,-0.011,-0.982,0.2,0.3,0
48.4923295999999,288,0.01,19,0,0,0.03,-0.018,-0.995,0.3,0.1,0.1
48.5023295999999,300,0.01,19,0,0,0.03,-0.018,-0.995,0.3,0.1,0.1
48.5123295999999,298,0.01,19,0,0,0.03,-0.018,-0.995,0.3,0.1,0.1
48.5223295999999,294,0.01,19,0,0,0.03,-0.018,-0.995,0.3,0.1,0.1
48.5323295999999,294,0.01,19,0,0,0.03,-0.018,-0.995,0.3,0.1,0.1
48.5423295999999,294,0,19,0,0,0.028,-0.017,-1.005,0.1,0,0.1
48.5523295999999,299,0,19,0,0,0.028,-0.017,-1.005,0.1,0,0.1
48.5623295999999,297,0,19,0,0,0.028,-0.017,-1.005,0.1,0,0.1
48.5723295999999,292,0,19,0,0,0.028,-0.017,-1.005,0.1,0,0.1
48.5823295999999,293,0,19,0,0,0.028,-0.017,-1.005,0.1,0,0.1
48.5923295999999,289,-0.01,19,0,0,0.027,-0.016,-1.017,0.3,0.1,0
48.6023295999999,295,-0.01,19,0,0,0.027,-0.016,-1.017,0.3,0.1,0
48.6123295999999,294,-0.01,19,0,0,0.027,-0.016,-1.017,0.3,0.1,0
48.6223295999999,288,-0.01,19,0,0,0.027,-0.016,-1.017,0.3,0.1,0
48.6323295999999,291,-0.01,19,0,0,0.027,-0.016,-1.017,0.3,0.1,0
48.6423295999999,288,-0.01,19,0,0,0.025,-0.016,-1.029,0.3,-0.1,0.1
48.6523295999999,293,-0.01,19,0,0,0.025,-0.016,-1.029,0.3,-0.1,0.1
48.6623295999999,296,-0.01,19,0,0,0.025,-0.016,-1.029,0.3,-0.1,0.1
48.6723295999999,288,-0.01,19,0,0,0.025,-0.016,-1.029,0.3,-0.1,0.1
48.6823295999999,294,-0.01,19,0,0,0.025,-0.016,-1.029,0.3,-0.1,0.1
48.6923295999999,291,-0.01,19,0,0,0.026,-0.012,-1.021,0.2,-0.2,0
48.7023295999999,290,-0.01,19,0,0,0.026,-0.012,-1.021,0.2,-0.2,0
48.7123295999999,296,-0.01,19,0,0,0.026,-0.012,-1.021,0.2,-0.2,0
48.7223295999999,292,-0.01,19,0,0,0.026,-0.012,-1.021,0.2,-0.2,0
48.7323295999999,301,-0.01,19,0,0,0.026,-0.012,-1.021,0.2,-0.2,0
48.7423295999999,296,-0.01,19,0,0,0.027,-0.015,-1.014,0.3,-0.5,0
48.7523295999999,290,-0.01,19,0,0,0.027,-0.015,-1.014,0.3,-0.5,0
48.7623295999999,294,-0.01,19,0,0,0.027,-0.015,-1.014,0.3,-0.5,0
48.7723295999999,295,-0.01,19,0,0,0.027,-0.015,-1.014,0.3,-0.5,0
48.7823295999999,296,-0.01,19,0,0,0.027,-0.015,-1.014,0.3,-0.5,0
48.7923295999999,293,-0.01,19,0,0,0.028,-0.015,-1.01,0.3,-0.6,0
48.8023295999999,289,-0.01,19,0,0,0.028,-0.015,-1.01,0.3,-0.6,0
48.8123295999999,290,-0.01,19,0,0,0.028,-0.015,-1.01,0.3,-0.6,0
48.8223295999999,288,-0.01,19,0,0,0.028,-0.015,-1.01,0.3,-0.6,0
48.8323295999999,295,-0.01,19,0,0,0.028,-0.015,-1.01,0.3,-0.6,0
48.8423295999999,294,0,19,0,0,0.027,-0.017,-1.002,0.3,-0.9,0
48.8523295999999,289,0,19,0,0,0.027,-0.017,-1.002,0.3,-0.9,0
48.8623295999999,290,0,19,0,0,0.027,-0.017,-1.002,0.3,-0.9,0
48.8723295999999,288,0,19,0,0,0.027,-0.017,-1.002,0.3,-0.9,0
48.8823295999999,298,0,19,0,0,0.027,-0.017,-1.002,0.3,-0.9,0
48.8923295999999,300,0.03,19,0,0,0.031,-0.016,-0.997,0.3,-0.7,0
48.9023295999999,295,0.03,19,0,0,0.031,-0.016,-0.997,0.3,-0.7,0
48.9123295999999,300,0.03,19,0,0,0.031,-0.016,-0.997,0.3,-0.7,0
48.9223295999999,295,0.03,19,0,0,0.031,-0.016,-0.997,0.3,-0.7,0
48.9323295999999,292,0.03,19,0,0,0.031,-0.016,-0.997,0.3,-0.7,0
48.9423295999999,295,0.04,19,0,0,0.031,-0.013,-0.988,0.3,-0.6,0
48.9523295999999,292,0.04,19,0,0,0.031,-0.013,-0.988,0.3,-0.6,0
48.9623295999999,295,0.04,19,0,0,0.031,-0.013,-0.988,0.3,-0.6,0
48.9723295999999,290,0.04,19,0,0,0.031,-0.013,-0.988,0.3,-0.6,0
48.9823295999999,287,0.04,19,0,0,0.031,-0.013,-0.988,0.3,-0.6,0
48.9923295999999,291,0.04,19,0,0,0.031,-0.019,-0.976,0.4,-1.3,0
49.0023295999999,289,0.04,19,0,0,0.031,-0.019,-0.976,0.4,-1.3,0
49.0123295999999,294,0.04,19,0,0,0.031,-0.019,-0.976,0.4,-1.3,0
49.0223295999999,296,0.04,19,0,0,0.031,-0.019,-0.976,0.4,-1.3,0
49.0323295999999,287,0.04,19,0,0,0.031,-0.019,-0.976,0.4,-1.3,0
49.0423295999999,286,0.01,19,0,0,0.033,-0.016,-0.972,0.4,-0.9,0
49.0523295999999,291,0.01,19,0,0,0.033,-0.016,-0.972,0.4,-0.9,0
49.0623295999999,301,0.01,19,0,0,0.033,-0.016,-0.972,0.4,-0.9,0
49.0723295999999,300,0.01,19,0,0,0.033,-0.016,-0.972,0.4,-0.9,0
49.0823295999999,290,0.01,19,0,0,0.033,-0.016,-0.972,0.4,-0.9,0
49.0923295999999,294,0,19,0,0,0.033,-0.02,-0.98,0.3,-0.5,0
49.1023295999999,293,0,19,0,0,0.033,-0.02,-0.98,0.3,-0.5,0
49.1123295999999,295,0,19,0,0,0.033,-0.02,-0.98,0.3,-0.5,0
49.1223295999999,300,0,19,0,0,0.033,-0.02,-0.98,0.3,-0.5,0
49.1323295999999,296,0,19,0,0,0.033,-0.02,-0.98,0.3,-0.5,0
49.1423295999999,297,0,19,0,0,0.032,-0.023,-0.976,0.3,-0.3,0
49.1523295999999,289,0,19,0,0,0.032,-0.023,-0.976,0.3,-0.3,0
49.1623295999999,291,0,19,0,0,0.032,-0.023,-0.976,0.3,-0.3,0
49.1723295999999,296,0,19,0,0,0.032,-0.023,-0.976,0.3,-0.3,0
49.1823295999999,292,0,19,0,0,0.032,-0.023,-0.976,0.3,-0.3,0
49.1923295999999,294,-0.04,19,0,0,0.033,-0.019,-0.973,0.3,0,0.1
49.2023295999999,289,-0.04,19,0,0,0.033,-0.019,-0.973,0.3,0,0.1
49.2123295999999,289,-0.04,19,0,0,0.033,-0.019,-0.973,0.3,0,0.1
49.2223295999999,290,-0.04,19,0,0,0.033,-0.019,-0.973,0.3,0,0.1
49.2323295999999,287,-0.04,19,0,0,0.033,-0.019,-0.973,0.3,0,0.1
49.2423295999999,298,-0.04,19,0,0,0.033,-0.018,-0.982,0.3,0.2,0.1
49.2523295999999,297,-0.04,19,0,0,0.033,-0.018,-0.982,0.3,0.2,0.1
49.2623295999999,290,-0.04,19,0,0,0.033,-0.018,-0.982,0.3,0.2,0.1
49.2723295999999,290,-0.04,19,0,0,0.033,-0.018,-0.982,0.3,0.2,0.1
49.2823295999999,291,-0.04,19,0,0,0.033,-0.018,-0.982,0.3,0.2,0.1
49.2923295999999,302,-0.04,19,0,0,0.029,-0.015,-0.995,0.2,0,0
49.3023295999999,297,-0.04,19,0,0,0.029,-0.015,-0.995,0.2,0,0
49.3123295999999,290,-0.04,19,0,0,0.029,-0.015,-0.995,0.2,0,0
49.3223295999999,295,-0.04,19,0,0,0.029,-0.015,-0.995,0.2,0,0
49.3323295999999,294,-0.04,19,0,0,0.029,-0.015,-0.995,0.2,0,0
49.3423295999999,295,-0.04,19,0,0,0.03,-0.012,-1.006,0.1,0.1,0
49.3523295999998,295,-0.04,19,0,0,0.03,-0.012,-1.006,0.1,0.1,0
49.3623295999999,292,-0.04,19,0,0,0.03,-0.012,-1.006,0.1,0.1,0
49.3723295999999,295,-0.04,19,0,0,0.03,-0.012,-1.006,0.1,0.1,0
49.3823295999998,288,-0.04,19,0,0,0.03,-0.012,-1.006,0.1,0.1,0
49.3923295999998,287,-0.02,19,0,0,0.026,-0.017,-1.023,0.2,0.2,0.1
49.4023295999998,291,-0.02,19,0,0,0.026,-0.017,-1.023,0.2,0.2,0.1
49.4123295999999,290,-0.02,19,0,0,0.026,-0.017,-1.023,0.2,0.2,0.1
49.4223295999998,297,-0.02,19,0,0,0.026,-0.017,-1.023,0.2,0.2,0.1
49.4323295999998,293,-0.02,19,0,0,0.026,-0.017,-1.023,0.2,0.2,0.1
49.4423295999998,291,-0.01,19,0,0,0.026,-0.014,-1.026,0.2,0,0.1
49.4523295999998,288,-0.01,19,0,0,0.026,-0.014,-1.026,0.2,0,0.1
49.4623295999998,289,-0.01,19,0,0,0.026,-0.014,-1.026,0.2,0,0.1
49.4723295999998,300,-0.01,19,0,0,0.026,-0.014,-1.026,0.2,0,0.1
49.4823295999998,295,-0.01,19,0,0,0.026,-0.014,-1.026,0.2,0,0.1
49.4923295999998,291,0,19,0,0,0.026,-0.016,-1.019,0.2,-0.3,0.1
49.5023295999998,293,0,19,0,0,0.026,-0.016,-1.019,0.2,-0.3,0.1
49.5123295999998,292,0,19,0,0,0.026,-0.016,-1.019,0.2,-0.3,0.1
49.5223295999998,302,0,19,0,0,0.026,-0.016,-1.019,0.2,-0.3,0.1
49.5323295999998,301,0,19,0,0,0.026,-0.016,-1.019,0.2,-0.3,0.1
49.5423295999998,293,0,19,0,0,0.026,-0.018,-1.019,0.2,-0.6,0
49.5523295999998,294,0,19,0,0,0.026,-0.018,-1.019,0.2,-0.6,0
49.5623295999998,289,0,19,0,0,0.026,-0.018,-1.019,0.2,-0.6,0
49.5723295999998,291,0,19,0,0,0.026,-0.018,-1.019,0.2,-0.6,0
49.5823295999998,292,0,19,0,0,0.026,-0.018,-1.019,0.2,-0.6,0
49.5923295999998,291,0.02,19,0,0,0.027,-0.015,-1.013,0.3,-0.9,0
49.6023295999998,295,0.02,19,0,0,0.027,-0.015,-1.013,0.3,-0.9,0
49.6123295999998,288,0.02,19,0,0,0.027,-0.015,-1.013,0.3,-0.9,0
49.6223295999998,291,0.02,19,0,0,0.027,-0.015,-1.013,0.3,-0.9,0
49.6323295999998,294,0.02,19,0,0,0.027,-0.015,-1.013,0.3,-0.9,0
49.6423295999998,288,0,19,0,0,0.028,-0.016,-1.005,0.2,-1,0
49.6523295999998,297,0,19,0,0,0.028,-0.016,-1.005,0.2,-1,0
49.6623295999998,296,0,19,0,0,0.028,-0.016,-1.005,0.2,-1,0
49.6723295999998,292,0,19,0,0,0.028,-0.016,-1.005,0.2,-1,0
49.6823295999998,292,0,19,0,0,0.028,-0.016,-1.005,0.2,-1,0
49.6923295999998,292,0,19,0,0,0.029,-0.012,-0.998,0.3,-0.9,0
49.7023295999998,301,0,19,0,0,0.029,-0.012,-0.998,0.3,-0.9,0
49.7123295999998,298,0,19,0,0,0.029,-0.012,-0.998,0.3,-0.9,0
49.7223295999998,291,0,19,0,0,0.029,-0.012,-0.998,0.3,-0.9,0
49.7323295999998,295,0,19,0,0,0.029,-0.012,-0.998,0.3,-0.9,0
49.7423295999998,287,-0.01,19,0,0,0.031,-0.015,-0.98,0.4,-0.7,0
49.7523295999998,292,-0.01,19,0,0,0.031,-0.015,-0.98,0.4,-0.7,0
49.7623295999998,294,-0.01,19,0,0,0.031,-0.015,-0.98,0.4,-0.7,0
49.7723295999998,291,-0.01,19,0,0,0.031,-0.015,-0.98,0.4,-0.7,0
49.7823295999998,294,-0.01,19,0,0,0.031,-0.015,-0.98,0.4,-0.7,0
49.7923295999998,288,-0.01,19,0,0,0.031,-0.011,-0.975,0.3,-0.4,0
49.8023295999998,293,-0.01,19,0,0,0.031,-0.011,-0.975,0.3,-0.4,0
49.8123295999998,291,-0.01,19,0,0,0.031,-0.011,-0.975,0.3,-0.4,0
49.8223295999998,287,-0.01,19,0,0,0.031,-0.011,-0.975,0.3,-0.4,0
49.8323295999998,299,-0.01,19,0,0,0.031,-0.011,-0.975,0.3,-0.4,0
49.8423295999998,296,0,19,0,0,0.031,-0.017,-0.989,0.4,-0.4,0
49.8523295999998,295,0,19,0,0,0.031,-0.017,-0.989,0.4,-0.4,0
49.8623295999998,297,0,19,0,0,0.031,-0.017,-0.989,0.4,-0.4,0
49.8723295999998,294,0,19,0,0,0.031,-0.017,-0.989,0.4,-0.4,0
49.8823295999998,299,0,19,0,0,0.031,-0.017,-0.989,0.4,-0.4,0
49.8923295999998,297,-0.01,19,0,0,0.03,-0.018,-0.997,0.3,-0.2,0.1
49.9023295999998,292,-0.01,19,0,0,0.03,-0.018,-0.997,0.3,-0.2,0.1
49.9123295999998,295,-0.01,19,0,0,0.03,-0.018,-0.997,0.3,-0.2,0.1
49.9223295999998,290,-0.01,19,0,0,0.03,-0.018,-0.997,0.3,-0.2,0.1
49.9323295999998,294,-0.01,19,0,0,0.03,-0.018,-0.997,0.3,-0.2,0.1
49.9423295999998,294,0,19,0,0,0.029,-0.012,-1.003,0.3,-0.1,0
49.9523295999998,288,0,19,0,0,0.029,-0.012,-1.003,0.3,-0.1,0
49.9623295999998,291,0,19,0,0,0.029,-0.012,-1.003,0.3,-0.1,0
49.9723295999998,288,0,19,0,0,0.029,-0.012,-1.003,0.3,-0.1,0
49.9823295999998,293,0,19,0,0,0.029,-0.012,-1.003,0.3,-0.1,0
49.9923295999998,296,0.01,19,0,0,0.026,-0.019,-1.019,0.3,-0.1,0
50.0023295999998,288,0.01,19,0,0,0.026,-0.019,-1.019,0.3,-0.1,0
50.0123295999998,293,0.01,19,0,0,0.026,-0.019,-1.019,0.3,-0.1,0
50.0223295999998,292,0.01,19,0,0,0.026,-0.019,-1.019,0.3,-0.1,0
50.0323295999998,292,0.01,19,0,0,0.026,-0.019,-1.019,0.3,-0.1,0
50.0423295999998,299,0.03,19,0,0,0.027,-0.012,-1.013,0.2,-0.5,0
50.0523295999998,294,0.03,19,0,0,0.027,-0.012,-1.013,0.2,-0.5,0
50.0623295999998,298,0.03,19,0,0,0.027,-0.012,-1.013,0.2,-0.5,0
50.0723295999998,294,0.03,19,0,0,0.027,-0.012,-1.013,0.2,-0.5,0
50.0823295999998,290,0.03,19,0,0,0.027,-0.012,-1.013,0.2,-0.5,0
50.0923295999998,296,0.04,19,0,0,0.027,-0.011,-1.02,0.2,-0.6,0
50.1023295999998,297,0.04,19,0,0,0.027,-0.011,-1.02,0.2,-0.6,0
50.1123295999998,301,0.04,19,0,0,0.027,-0.011,-1.02,0.2,-0.6,0
50.1223295999998,296,0.04,19,0,0,0.027,-0.011,-1.02,0.2,-0.6,0
50.1323295999998,290,0.04,19,0,0,0.027,-0.011,-1.02,0.2,-0.6,0
50.1423295999998,289,0.04,19,0,0,0.025,-0.011,-1.029,0.2,-1,0
50.1523295999998,288,0.04,19,0,0,0.025,-0.011,-1.029,0.2,-1,0
50.1623295999998,295,0.04,19,0,0,0.025,-0.011,-1.029,0.2,-1,0
50.1723295999998,294,0.04,19,0,0,0.025,-0.011,-1.029,0.2,-1,0
50.1823295999998,289,0.04,19,0,0,0.025,-0.011,-1.029,0.2,-1,0
50.1923295999998,290,0.02,19,0,0,0.027,-0.007,-1.024,0.1,-1.3,-0.1
50.2023295999998,288,0.02,19,0,0,0.027,-0.007,-1.024,0.1,-1.3,-0.1
50.2123295999998,298,0.02,19,0,0,0.027,-0.007,-1.024,0.1,-1.3,-0.1
50.2223295999998,297,0.02,19,0,0,0.027,-0.007,-1.024,0.1,-1.3,-0.1
50.2323295999998,286,0.02,19,0,0,0.027,-0.007,-1.024,0.1,-1.3,-0.1
50.2423295999998,290,0.01,19,0,0,0.028,-0.017,-1.009,0.1,-1.2,0
50.2523295999998,295,0.01,19,0,0,0.028,-0.017,-1.009,0.1,-1.2,0
50.2623295999998,298,0.01,19,0,0,0.028,-0.017,-1.009,0.1,-1.2,0
50.2723295999998,298,0.01,19,0,0,0.028,-0.017,-1.009,0.1,-1.2,0
50.2823295999998,295,0.01,19,0,0,0.028,-0.017,-1.009,0.1,-1.2,0
50.2923295999998,299,0,19,0,0,0.03,-0.018,-0.999,0.3,-1.3,0
50.3023295999998,295,0,19,0,0,0.03,-0.018,-0.999,0.3,-1.3,0
50.3123295999998,291,0,19,0,0,0.03,-0.018,-0.999,0.3,-1.3,0
50.3223295999998,294,0,19,0,0,0.03,-0.018,-0.999,0.3,-1.3,0
50.3323295999998,292,0,19,0,0,0.03,-0.018,-0.999,0.3,-1.3,0
50.3423295999998,295,-0.05,19,0,0,0.03,-0.017,-0.989,0.3,-1.5,0
50.3523295999998,290,-0.05,19,0,0,0.03,-0.017,-0.989,0.3,-1.5,0
50.3623295999998,287,-0.05,19,0,0,0.03,-0.017,-0.989,0.3,-1.5,0
50.3723295999998,291,-0.05,19,0,0,0.03,-0.017,-0.989,0.3,-1.5,0
50.3823295999998,289,-0.05,19,0,0,0.03,-0.017,-0.989,0.3,-1.5,0
50.3923295999998,294,-0.04,19,0,0,0.032,-0.019,-0.975,0.3,-1.3,0
50.4023295999998,296,-0.04,19,0,0,0.032,-0.019,-0.975,0.3,-1.3,0
50.4123295999998,293,-0.04,19,0,0,0.032,-0.019,-0.975,0.3,-1.3,0
50.4223295999998,287,-0.04,19,0,0,0.032,-0.019,-0.975,0.3,-1.3,0
50.4323295999998,288,-0.04,19,0,0,0.032,-0.019,-0.975,0.3,-1.3,0
50.4423295999998,301,-0.04,19,0,0,0.033,-0.015,-0.979,0.2,-0.9,0
50.4523295999998,299,-0.04,19,0,0,0.033,-0.015,-0.979,0.2,-0.9,0
50.4623295999998,292,-0.04,19,0,0,0.033,-0.015,-0.979,0.2,-0.9,0
50.4723295999998,294,-0.04,19,0,0,0.033,-0.015,-0.979,0.2,-0.9,0
50.4823295999998,292,-0.04,19,0,0,0.033,-0.015,-0.979,0.2,-0.9,0
50.4923295999998,295,-0.04,19,0,0,0.032,-0.016,-0.977,0.3,-0.6,0
50.5023295999998,301,-0.04,19,0,0,0.032,-0.016,-0.977,0.3,-0.6,0
50.5123295999998,296,-0.04,19,0,0,0.032,-0.016,-0.977,0.3,-0.6,0
50.5223295999998,297,-0.04,19,0,0,0.032,-0.016,-0.977,0.3,-0.6,0
50.5323295999998,288,-0.04,19,0,0,0.032,-0.016,-0.977,0.3,-0.6,0
50.5423295999998,288,-0.02,19,0,0,0.035,-0.018,-0.969,0.3,-0.3,0
50.5523295999998,293,-0.02,19,0,0,0.035,-0.018,-0.969,0.3,-0.3,0
50.5623295999998,292,-0.02,19,0,0,0.035,-0.018,-0.969,0.3,-0.3,0
50.5723295999998,295,-0.02,19,0,0,0.035,-0.018,-0.969,0.3,-0.3,0
50.5823295999998,290,-0.02,19,0,0,0.035,-0.018,-0.969,0.3,-0.3,0
50.5923295999998,290,-0.01,19,0,0,0.034,-0.011,-0.968,0.3,0,0
50.6023295999998,290,-0.01,19,0,0,0.034,-0.011,-0.968,0.3,0,0
50.6123295999998,290,-0.01,19,0,0,0.034,-0.011,-0.968,0.3,0,0
50.6223295999998,298,-0.01,19,0,0,0.034,-0.011,-0.968,0.3,0,0
50.6323295999998,295,-0.01,19,0,0,0.034,-0.011,-0.968,0.3,0,0
50.6423295999998,292,0,19,0,0,0.032,-0.015,-0.983,0.3,0,0
50.6523295999998,292,0,19,0,0,0.032,-0.015,-0.983,0.3,0,0
50.6623295999998,292,0,19,0,0,0.032,-0.015,-0.983,0.3,0,0
50.6723295999998,301,0,19,0,0,0.032,-0.015,-0.983,0.3,0,0
50.6823295999998,298,0,19,0,0,0.032,-0.015,-0.983,0.3,0,0
50.6923295999998,291,0,19,0,0,0.03,-0.013,-0.993,0.2,0,0
50.7023295999998,294,0,19,0,0,0.03,-0.013,-0.993,0.2,0,0
50.7123295999998,291,0,19,0,0,0.03,-0.013,-0.993,0.2,0,0
50.7223295999998,298,0,19,0,0,0.03,-0.013,-0.993,0.2,0,0
50.7323295999998,298,0,19,0,0,0.03,-0.013,-0.993,0.2,0,0
50.7423295999998,290,0.02,19,0,0,0.029,-0.015,-1.005,0.2,0.3,0.1
50.7523295999998,290,0.02,19,0,0,0.029,-0.015,-1.005,0.2,0.3,0.1
50.7623295999998,287,0.02,19,0,0,0.029,-0.015,-1.005,0.2,0.3,0.1
50.7723295999998,292,0.02,19,0,0,0.029,-0.015,-1.005,0.2,0.3,0.1
50.7823295999998,294,0.02,19,0,0,0.029,-0.015,-1.005,0.2,0.3,0.1
50.7923295999998,291,0.01,19,0,0,0.026,-0.019,-1.021,0.3,0.2,0
50.8023295999998,294,0.01,19,0,0,0.026,-0.019,-1.021,0.3,0.2,0
50.8123295999998,288,0.01,19,0,0,0.026,-0.019,-1.021,0.3,0.2,0
50.8223295999998,293,0.01,19,0,0,0.026,-0.019,-1.021,0.3,0.2,0
50.8323295999998,291,0.01,19,0,0,0.026,-0.019,-1.021,0.3,0.2,0
50.8423295999998,287,0,19,0,0,0.028,-0.014,-1.017,0.3,0,0
50.8523295999998,301,0,19,0,0,0.028,-0.014,-1.017,0.3,0,0
50.8623295999998,298,0,19,0,0,0.028,-0.014,-1.017,0.3,0,0
50.8723295999998,293,0,19,0,0,0.028,-0.014,-1.017,0.3,0,0
50.8823295999998,293,0,19,0,0,0.028,-0.014,-1.017,0.3,0,0
50.8923295999998,291,0,19,0,0,0.027,-0.013,-1.015,0.3,-0.3,0.1
50.9023295999998,300,0,19,0,0,0.027,-0.013,-1.015,0.3,-0.3,0.1
50.9123295999998,301,0,19,0,0,0.027,-0.013,-1.015,0.3,-0.3,0.1
50.9223295999998,293,0,19,0,0,0.027,-0.013,-1.015,0.3,-0.3,0.1
50.9323295999998,295,0,19,0,0,0.027,-0.013,-1.015,0.3,-0.3,0.1
50.9423295999998,289,-0.01,19,0,0,0.026,-0.015,-1.019,0.3,-0.4,0
50.9523295999998,294,-0.01,19,0,0,0.026,-0.015,-1.019,0.3,-0.4,0
50.9623295999998,294,-0.01,19,0,0,0.026,-0.015,-1.019,0.3,-0.4,0
50.9723295999998,288,-0.01,19,0,0,0.026,-0.015,-1.019,0.3,-0.4,0
50.9823295999998,291,-0.01,19,0,0,0.026,-0.015,-1.019,0.3,-0.4,0
50.9923295999998,288,-0.01,19,0,0,0.027,-0.014,-1.015,0.3,-0.9,0
51.0023295999998,293,-0.01,19,0,0,0.027,-0.014,-1.015,0.3,-0.9,0
51.0123295999998,296,-0.01,19,0,0,0.027,-0.014,-1.015,0.3,-0.9,0
51.0223295999998,288,-0.01,19,0,0,0.027,-0.014,-1.015,0.3,-0.9,0
51.0323295999998,294,-0.01,19,0,0,0.027,-0.014,-1.015,0.3,-0.9,0
51.0423295999998,292,-0.01,19,0,0,0.028,-0.017,-1.012,0.3,-0.7,0
51.0523295999998,290,-0.01,19,0,0,0.028,-0.017,-1.012,0.3,-0.7,0
51.0623295999998,294,-0.01,19,0,0,0.028,-0.017,-1.012,0.3,-0.7,0
51.0723295999998,292,-0.01,19,0,0,0.028,-0.017,-1.012,0.3,-0.7,0
51.0823295999998,301,-0.01,19,0,0,0.028,-0.017,-1.012,0.3,-0.7,0
51.0923295999998,297,-0.01,19,0,0,0.029,-0.014,-1.002,0.4,-0.7,0
51.1023295999997,292,-0.01,19,0,0,0.029,-0.014,-1.002,0.4,-0.7,0
51.1123295999998,296,-0.01,19,0,0,0.029,-0.014,-1.002,0.4,-0.7,0
51.1223295999998,296,-0.01,19,0,0,0.029,-0.014,-1.002,0.4,-0.7,0
51.1323295999997,298,-0.01,19,0,0,0.029,-0.014,-1.002,0.4,-0.7,0
51.1423295999997,292,0,19,0,0,0.03,-0.015,-0.992,0.3,-0.7,0
51.1523295999997,288,0,19,0,0,0.03,-0.015,-0.992,0.3,-0.7,0
51.1623295999998,291,0,19,0,0,0.03,-0.015,-0.992,0.3,-0.7,0
51.1723295999997,289,0,19,0,0,0.03,-0.015,-0.992,0.3,-0.7,0
51.1823295999997,293,0,19,0,0,0.03,-0.015,-0.992,0.3,-0.7,0
51.1923295999997,298,0.02,19,0,0,0.031,-0.016,-0.989,0.3,-0.7,0
51.2023295999997,289,0.02,19,0,0,0.031,-0.016,-0.989,0.3,-0.7,0
51.2123295999997,297,0.02,19,0,0,0.031,-0.016,-0.989,0.3,-0.7,0
51.2223295999997,295,0.02,19,0,0,0.031,-0.016,-0.989,0.3,-0.7,0
51.2323295999997,293,0.02,19,0,0,0.031,-0.016,-0.989,0.3,-0.7,0
51.2423295999997,298,0.04,19,0,0,0.03,-0.015,-0.996,0.3,-0.5,0
51.2523295999997,294,0.04,19,0,0,0.03,-0.015,-0.996,0.3,-0.5,0
51.2623295999997,299,0.04,19,0,0,0.03,-0.015,-0.996,0.3,-0.5,0
51.2723295999997,295,0.04,19,0,0,0.03,-0.015,-0.996,0.3,-0.5,0
51.2823295999997,292,0.04,19,0,0,0.03,-0.015,-0.996,0.3,-0.5,0
51.2923295999997,295,0.03,19,0,0,0.031,-0.012,-0.996,0.3,-0.4,0
51.3023295999997,292,0.03,19,0,0,0.031,-0.012,-0.996,0.3,-0.4,0
51.3123295999997,295,0.03,19,0,0,0.031,-0.012,-0.996,0.3,-0.4,0
51.3223295999997,290,0.03,19,0,0,0.031,-0.012,-0.996,0.3,-0.4,0
51.3323295999997,287,0.03,19,0,0,0.031,-0.012,-0.996,0.3,-0.4,0
51.3423295999997,291,0.02,19,0,0,0.029,-0.011,-1.006,0.1,-0.2,0
51.3523295999997,289,0.02,19,0,0,0.029,-0.011,-1.006,0.1,-0.2,0
51.3623295999997,294,0.02,19,0,0,0.029,-0.011,-1.006,0.1,-0.2,0
51.3723295999997,296,0.02,19,0,0,0.029,-0.011,-1.006,0.1,-0.2,0
51.3823295999997,287,0.02,19,0,0,0.029,-0.011,-1.006,0.1,-0.2,0
51.3923295999997,286,0.01,19,0,0,0.03,-0.012,-1.009,0.2,-0.5,0
51.4023295999997,292,0.01,19,0,0,0.03,-0.012,-1.009,0.2,-0.5,0
51.4123295999997,298,0.01,19,0,0,0.03,-0.012,-1.009,0.2,-0.5,0
51.4223295999997,298,0.01,19,0,0,0.03,-0.012,-1.009,0.2,-0.5,0
51.4323295999997,295,0.01,19,0,0,0.03,-0.012,-1.009,0.2,-0.5,0
51.4423295999997,297,0,19,0,0,0.028,-0.012,-1.01,0.1,-0.6,0
51.4523295999997,295,0,19,0,0,0.028,-0.012,-1.01,0.1,-0.6,0
51.4623295999997,295,0,19,0,0,0.028,-0.012,-1.01,0.1,-0.6,0
51.4723295999997,299,0,19,0,0,0.028,-0.012,-1.01,0.1,-0.6,0
51.4823295999997,297,0,19,0,0,0.028,-0.012,-1.01,0.1,-0.6,0
51.4923295999997,297,-0.01,19,0,0,0.027,-0.014,-1.021,0.1,-0.7,0
51.5023295999997,288,-0.01,19,0,0,0.027,-0.014,-1.021,0.1,-0.7,0
51.5123295999997,288,-0.01,19,0,0,0.027,-0.014,-1.021,0.1,-0.7,0
51.5223295999997,295,-0.01,19,0,0,0.027,-0.014,-1.021,0.1,-0.7,0
51.5323295999997,291,-0.01,19,0,0,0.027,-0.014,-1.021,0.1,-0.7,0
51.5423295999997,293,-0.04,19,0,0,0.025,-0.009,-1.024,0.1,-1,0
51.5523295999997,290,-0.04,19,0,0,0.025,-0.009,-1.024,0.1,-1,0
51.5623295999997,290,-0.04,19,0,0,0.025,-0.009,-1.024,0.1,-1,0
51.5723295999997,290,-0.04,19,0,0,0.025,-0.009,-1.024,0.1,-1,0
51.5823295999997,287,-0.04,19,0,0,0.025,-0.009,-1.024,0.1,-1,0
51.5923295999997,298,-0.04,19,0,0,0.028,-0.012,-1.017,0.2,-1,0
51.6023295999997,297,-0.04,19,0,0,0.028,-0.012,-1.017,0.2,-1,0
51.6123295999997,286,-0.04,19,0,0,0.028,-0.012,-1.017,0.2,-1,0
51.6223295999997,290,-0.04,19,0,0,0.028,-0.012,-1.017,0.2,-1,0
51.6323295999997,295,-0.04,19,0,0,0.028,-0.012,-1.017,0.2,-1,0
51.6423295999997,301,-0.04,19,0,0,0.029,-0.013,-1.001,0.2,-1.1,0
51.6523295999997,298,-0.04,19,0,0,0.029,-0.013,-1.001,0.2,-1.1,0
51.6623295999997,291,-0.04,19,0,0,0.029,-0.013,-1.001,0.2,-1.1,0
51.6723295999997,295,-0.04,19,0,0,0.029,-0.013,-1.001,0.2,-1.1,0
51.6823295999997,295,-0.04,19,0,0,0.029,-0.013,-1.001,0.2,-1.1,0
51.6923295999997,295,-0.04,19,0,0,0.03,-0.012,-0.995,0.3,-1.4,-0.1
51.7023295999997,295,-0.04,19,0,0,0.03,-0.012,-0.995,0.3,-1.4,-0.1
51.7123295999997,292,-0.04,19,0,0,0.03,-0.012,-0.995,0.3,-1.4,-0.1
51.7223295999997,295,-0.04,19,0,0,0.03,-0.012,-0.995,0.3,-1.4,-0.1
51.7323295999997,287,-0.04,19,0,0,0.03,-0.012,-0.995,0.3,-1.4,-0.1
51.7423295999997,287,-0.02,19,0,0,0.031,-0.016,-0.982,0.3,-1.4,0
51.7523295999997,294,-0.02,19,0,0,0.031,-0.016,-0.982,0.3,-1.4,0
51.7623295999997,291,-0.02,19,0,0,0.031,-0.016,-0.982,0.3,-1.4,0
51.7723295999997,294,-0.02,19,0,0,0.031,-0.016,-0.982,0.3,-1.4,0
51.7823295999997,293,-0.02,19,0,0,0.031,-0.016,-0.982,0.3,-1.4,0
51.7923295999997,293,-0.01,19,0,0,0.033,-0.015,-0.979,0.3,-1.1,0
51.8023295999997,286,-0.01,19,0,0,0.033,-0.015,-0.979,0.3,-1.1,0
51.8123295999997,285,-0.01,19,0,0,0.033,-0.015,-0.979,0.3,-1.1,0
51.8223295999997,301,-0.01,19,0,0,0.033,-0.015,-0.979,0.3,-1.1,0
51.8323295999997,300,-0.01,19,0,0,0.033,-0.015,-0.979,0.3,-1.1,0
51.8423295999997,292,0,19,0,0,0.032,-0.017,-0.979,0.3,-0.7,0
51.8523295999997,294,0,19,0,0,0.032,-0.017,-0.979,0.3,-0.7,0
51.8623295999997,292,0,19,0,0,0.032,-0.017,-0.979,0.3,-0.7,0
51.8723295999997,300,0,19,0,0,0.032,-0.017,-0.979,0.3,-0.7,0
51.8823295999997,299,0,19,0,0,0.032,-0.017,-0.979,0.3,-0.7,0
51.8923295999997,292,0,19,0,0,0.029,-0.023,-0.976,0.3,-0.5,0
51.9023295999997,293,0,19,0,0,0.029,-0.023,-0.976,0.3,-0.5,0
51.9123295999997,288,0,19,0,0,0.029,-0.023,-0.976,0.3,-0.5,0
51.9223295999997,292,0,19,0,0,0.029,-0.023,-0.976,0.3,-0.5,0
51.9323295999997,294,0,19,0,0,0.029,-0.023,-0.976,0.3,-0.5,0
51.9423295999997,292,0.01,19,0,0,0.03,-0.012,-0.989,0.3,-0.1,0
51.9523295999997,294,0.01,19,0,0,0.03,-0.012,-0.989,0.3,-0.1,0
51.9623295999997,288,0.01,19,0,0,0.03,-0.012,-0.989,0.3,-0.1,0
51.9723295999997,290,0.01,19,0,0,0.03,-0.012,-0.989,0.3,-0.1,0
51.9823295999997,291,0.01,19,0,0,0.03,-0.012,-0.989,0.3,-0.1,0
51.9923295999997,288,0,19,0,0,0.033,-0.01,-0.977,0.3,-0.8,0
52.0023295999997,298,0,19,0,0,0.033,-0.01,-0.977,0.3,-0.8,0
52.0123295999997,296,0,19,0,0,0.033,-0.01,-0.977,0.3,-0.8,0
52.0223295999997,290,0,19,0,0,0.033,-0.01,-0.977,0.3,-0.8,0
52.0323295999997,291,0,19,0,0,0.033,-0.01,-0.977,0.3,-0.8,0
52.0423295999997,292,0,19,0,0,0.031,-0.014,-0.987,0.3,-0.6,0
52.0523295999997,301,0,19,0,0,0.031,-0.014,-0.987,0.3,-0.6,0
52.0623295999997,298,0,19,0,0,0.031,-0.014,-0.987,0.3,-0.6,0
52.0723295999997,292,0,19,0,0,0.031,-0.014,-0.987,0.3,-0.6,0
52.0823295999997,295,0,19,0,0,0.031,-0.014,-0.987,0.3,-0.6,0
52.0923295999997,294,0,19,0,0,0.031,-0.02,-0.987,0.4,-0.5,0
52.1023295999997,298,0,19,0,0,0.031,-0.02,-0.987,0.4,-0.5,0
52.1123295999997,295,0,19,0,0,0.031,-0.02,-0.987,0.4,-0.5,0
52.1223295999997,290,0,19,0,0,0.031,-0.02,-0.987,0.4,-0.5,0
52.1323295999997,291,0,19,0,0,0.031,-0.02,-0.987,0.4,-0.5,0
52.1423295999997,288,-0.02,19,0,0,0.031,-0.018,-0.989,0.4,-0.2,0
52.1523295999997,291,-0.02,19,0,0,0.031,-0.018,-0.989,0.4,-0.2,0
52.1623295999997,292,-0.02,19,0,0,0.031,-0.018,-0.989,0.4,-0.2,0
52.1723295999997,292,-0.02,19,0,0,0.031,-0.018,-0.989,0.4,-0.2,0
52.1823295999997,295,-0.02,19,0,0,0.031,-0.018,-0.989,0.4,-0.2,0
52.1923295999997,288,-0.01,19,0,0,0.029,-0.016,-0.996,0.3,0,0
52.2023295999997,293,-0.01,19,0,0,0.029,-0.016,-0.996,0.3,0,0
52.2123295999997,291,-0.01,19,0,0,0.029,-0.016,-0.996,0.3,0,0
52.2223295999997,286,-0.01,19,0,0,0.029,-0.016,-0.996,0.3,0,0
52.2323295999997,300,-0.01,19,0,0,0.029,-0.016,-0.996,0.3,0,0
52.2423295999997,298,-0.01,19,0,0,0.029,-0.012,-1.004,0.2,-0.3,0
52.2523295999997,293,-0.01,19,0,0,0.029,-0.012,-1.004,0.2,-0.3,0
52.2623295999997,294,-0.01,19,0,0,0.029,-0.012,-1.004,0.2,-0.3,0
52.2723295999997,293,-0.01,19,0,0,0.029,-0.012,-1.004,0.2,-0.3,0
52.2823295999997,298,-0.01,19,0,0,0.029,-0.012,-1.004,0.2,-0.3,0
52.2923295999997,296,-0.01,19,0,0,0.028,-0.01,-1.013,0.2,-0.4,0
52.3023295999997,292,-0.01,19,0,0,0.028,-0.01,-1.013,0.2,-0.4,0
52.3123295999997,295,-0.01,19,0,0,0.028,-0.01,-1.013,0.2,-0.4,0
52.3223295999997,290,-0.01,19,0,0,0.028,-0.01,-1.013,0.2,-0.4,0
52.3323295999997,295,-0.01,19,0,0,0.028,-0.01,-1.013,0.2,-0.4,0
52.3423295999997,295,0,19,0,0,0.026,-0.012,-1.024,0.2,-0.5,0
52.3523295999997,289,0,19,0,0,0.026,-0.012,-1.024,0.2,-0.5,0
52.3623295999997,292,0,19,0,0,0.026,-0.012,-1.024,0.2,-0.5,0
52.3723295999997,287,0,19,0,0,0.026,-0.012,-1.024,0.2,-0.5,0
52.3823295999997,293,0,19,0,0,0.026,-0.012,-1.024,0.2,-0.5,0
52.3923295999997,296,0.01,19,0,0,0.026,-0.008,-1.031,0.1,-0.8,0
52.4023295999997,288,0.01,19,0,0,0.026,-0.008,-1.031,0.1,-0.8,0
52.4123295999997,294,0.01,19,0,0,0.026,-0.008,-1.031,0.1,-0.8,0
52.4223295999997,292,0.01,19,0,0,0.026,-0.008,-1.031,0.1,-0.8,0
52.4323295999997,290,0.01,19,0,0,0.026,-0.008,-1.031,0.1,-0.8,0
52.4423295999997,298,0.03,19,0,0,0.028,-0.012,-1.016,0.3,-1,0
52.4523295999997,293,0.03,19,0,0,0.028,-0.012,-1.016,0.3,-1,0
52.4623295999997,298,0.03,19,0,0,0.028,-0.012,-1.016,0.3,-1,0
52.4723295999997,293,0.03,19,0,0,0.028,-0.012,-1.016,0.3,-1,0
52.4823295999997,291,0.03,19,0,0,0.028,-0.012,-1.016,0.3,-1,0
52.4923295999997,290,0.02,19,0,0,0.029,-0.015,-1.007,0.3,-1.6,0
52.5023295999997,288,0.02,19,0,0,0.029,-0.015,-1.007,0.3,-1.6,0
52.5123295999997,295,0.02,19,0,0,0.029,-0.015,-1.007,0.3,-1.6,0
52.5223295999997,294,0.02,19,0,0,0.029,-0.015,-1.007,0.3,-1.6,0
52.5323295999997,289,0.02,19,0,0,0.029,-0.015,-1.007,0.3,-1.6,0
52.5423295999997,290,0.01,19,0,0,0.03,-0.019,-0.995,0.3,-1.7,0
52.5523295999997,288,0.01,19,0,0,0.03,-0.019,-0.995,0.3,-1.7,0
52.5623295999997,298,0.01,19,0,0,0.03,-0.019,-0.995,0.3,-1.7,0
52.5723295999997,297,0.01,19,0,0,0.03,-0.019,-0.995,0.3,-1.7,0
52.5823295999997,286,0.01,19,0,0,0.03,-0.019,-0.995,0.3,-1.7,0
52.5923295999997,300,-0.01,19,0,0,0.032,-0.016,-0.981,0.3,-1,0
52.6023295999997,295,-0.01,19,0,0,0.032,-0.016,-0.981,0.3,-1,0
52.6123295999997,292,-0.01,19,0,0,0.032,-0.016,-0.981,0.3,-1,0
52.6223295999997,295,-0.01,19,0,0,0.032,-0.016,-0.981,0.3,-1,0
52.6323295999997,292,-0.01,19,0,0,0.032,-0.016,-0.981,0.3,-1,0
52.6423295999997,295,-0.03,19,0,0,0.034,-0.017,-0.967,0.2,-0.9,0
52.6523295999997,290,-0.03,19,0,0,0.034,-0.017,-0.967,0.2,-0.9,0
52.6623295999997,287,-0.03,19,0,0,0.034,-0.017,-0.967,0.2,-0.9,0
52.6723295999997,291,-0.03,19,0,0,0.034,-0.017,-0.967,0.2,-0.9,0
52.6823295999997,289,-0.03,19,0,0,0.034,-0.017,-0.967,0.2,-0.9,0
52.6923295999997,299,-0.04,19,0,0,0.033,-0.015,-0.976,0.2,-0.3,0
52.7023295999997,298,-0.04,19,0,0,0.033,-0.015,-0.976,0.2,-0.3,0
52.7123295999997,294,-0.04,19,0,0,0.033,-0.015,-0.976,0.2,-0.3,0
52.7223295999997,296,-0.04,19,0,0,0.033,-0.015,-0.976,0.2,-0.3,0
52.7323295999997,294,-0.04,19,0,0,0.033,-0.015,-0.976,0.2,-0.3,0
52.7423295999997,297,-0.04,19,0,0,0.032,-0.015,-0.984,0.2,0,0
52.7523295999997,301,-0.04,19,0,0,0.032,-0.015,-0.984,0.2,0,0
52.7623295999997,296,-0.04,19,0,0,0.032,-0.015,-0.984,0.2,0,0
52.7723295999997,299,-0.04,19,0,0,0.032,-0.015,-0.984,0.2,0,0
52.7823295999997,289,-0.04,19,0,0,0.032,-0.015,-0.984,0.2,0,0
52.7923295999997,289,-0.01,19,0,0,0.027,-0.017,-1.004,0.2,0.3,0
52.8023295999997,290,-0.01,19,0,0,0.027,-0.017,-1.004,0.2,0.3,0
52.8123295999997,288,-0.01,19,0,0,0.027,-0.017,-1.004,0.2,0.3,0
52.8223295999997,298,-0.01,19,0,0,0.027,-0.017,-1.004,0.2,0.3,0
52.8323295999997,297,-0.01,19,0,0,0.027,-0.017,-1.004,0.2,0.3,0
52.8423295999997,290,0,19,0,0,0.028,-0.018,-1.007,0.3,0.1,0.1
52.8523295999996,290,0,19,0,0,0.028,-0.018,-1.007,0.3,0.1,0.1
52.8623295999997,291,0,19,0,0,0.028,-0.018,-1.007,0.3,0.1,0.1
52.8723295999997,301,0,19,0,0,0.028,-0.018,-1.007,0.3,0.1,0.1
52.8823295999997,298,0,19,0,0,0.028,-0.018,-1.007,0.3,0.1,0.1
52.8923295999996,291,0,19,0,0,0.029,-0.023,-1.004,0.3,0,0.1
52.9023295999996,281,0,19,0,0,0.029,-0.023,-1.004,0.3,0,0.1
52.9123295999997,192,0,19,0,0,0.029,-0.023,-1.004,0.3,0,0.1
52.9223295999996,62,0,19,0,0,0.029,-0.023,-1.004,0.3,0,0.1
52.9323295999996,0,0,19,0,0,0.029,-0.023,-1.004,0.3,0,0.1
52.9423295999996,0,-0.01,19,0,0,0.03,-0.015,-0.992,0.3,-1.1,0
52.9523295999996,0,-0.01,19,0,0,0.03,-0.015,-0.992,0.3,-1.1,0
52.9623295999996,0,-0.01,19,0,0,0.03,-0.015,-0.992,0.3,-1.1,0
52.9723295999996,0,-0.01,19,0,0,0.03,-0.015,-0.992,0.3,-1.1,0
52.9823295999996,0,-0.01,19,0,0,0.03,-0.015,-0.992,0.3,-1.1,0
52.9923295999996,0,0,19,0,0,0.03,-0.016,-0.999,0.3,0,0
53.0023295999996,0,0,19,0,0,0.03,-0.016,-0.999,0.3,0,0
53.0123295999996,0,0,19,0,0,0.03,-0.016,-0.999,0.3,0,0
53.0223295999996,0,0,19,0,0,0.03,-0.016,-0.999,0.3,0,0
53.0323295999996,0,0,19,0,0,0.03,-0.016,-0.999,0.3,0,0
53.0423295999996,0,-0.01,19,0,0,0.029,-0.015,-1,0.2,-1,0
53.0523295999996,0,-0.01,19,0,0,0.029,-0.015,-1,0.2,-1,0
53.0623295999996,0,-0.01,19,0,0,0.029,-0.015,-1,0.2,-1,0
53.0723295999996,0,-0.01,19,0,0,0.029,-0.015,-1,0.2,-1,0
53.0823295999996,0,-0.01,19,0,0,0.029,-0.015,-1,0.2,-1,0
53.0923295999996,0,-0.01,19,0,0,0.03,-0.015,-0.998,0.3,-0.2,0
53.1023295999996,0,-0.01,19,0,0,0.03,-0.015,-0.998,0.3,-0.2,0
53.1123295999996,0,-0.01,19,0,0,0.03,-0.015,-0.998,0.3,-0.2,0
53.1223295999996,0,-0.01,19,0,0,0.03,-0.015,-0.998,0.3,-0.2,0
53.1323295999996,0,-0.01,19,0,0,0.03,-0.015,-0.998,0.3,-0.2,0
53.1423295999996,0,0,19,0,0,0.029,-0.013,-1.002,0.2,-0.7,0
53.1523295999996,0,0,19,0,0,0.029,-0.013,-1.002,0.2,-0.7,0
53.1623295999996,0,0,19,0,0,0.029,-0.013,-1.002,0.2,-0.7,0
53.1723295999996,0,0,19,0,0,0.029,-0.013,-1.002,0.2,-0.7,0
53.1823295999996,0,0,19,0,0,0.029,-0.013,-1.002,0.2,-0.7,0
53.1923295999996,0,-0.01,19,0,0,0.03,-0.016,-0.994,0.3,-0.3,0
53.2023295999996,0,-0.01,19,0,0,0.03,-0.016,-0.994,0.3,-0.3,0
53.2123295999996,0,-0.01,19,0,0,0.03,-0.016,-0.994,0.3,-0.3,0
53.2223295999996,0,-0.01,19,0,0,0.03,-0.016,-0.994,0.3,-0.3,0
53.2323295999996,0,-0.01,19,0,0,0.03,-0.016,-0.994,0.3,-0.3,0
53.2423295999996,0,0,19,0,0,0.029,-0.014,-1.004,0.3,-0.7,0
53.2523295999996,0,0,19,0,0,0.029,-0.014,-1.004,0.3,-0.7,0
53.2623295999996,0,0,19,0,0,0.029,-0.014,-1.004,0.3,-0.7,0
53.2723295999996,0,0,19,0,0,0.029,-0.014,-1.004,0.3,-0.7,0
53.2823295999996,0,0,19,0,0,0.029,-0.014,-1.004,0.3,-0.7,0
53.2923295999996,0,0,19,0,0,0.03,-0.015,-0.994,0.3,-0.5,0
53.3023295999996,0,0,19,0,0,0.03,-0.015,-0.994,0.3,-0.5,0
53.3123295999996,0,0,19,0,0,0.03,-0.015,-0.994,0.3,-0.5,0
53.3223295999996,0,0,19,0,0,0.03,-0.015,-0.994,0.3,-0.5,0
53.3323295999996,0,0,19,0,0,0.03,-0.015,-0.994,0.3,-0.5,0
53.3423295999996,0,0,19,0,0,0.029,-0.015,-1.004,0.3,-0.5,0
53.3523295999996,0,0,19,0,0,0.029,-0.015,-1.004,0.3,-0.5,0
53.3623295999996,0,0,19,0,0,0.029,-0.015,-1.004,0.3,-0.5,0
53.3723295999996,0,0,19,0,0,0.029,-0.015,-1.004,0.3,-0.5,0
53.3823295999996,0,0,19,0,0,0.029,-0.015,-1.004,0.3,-0.5,0
53.3923295999996,0,0,19,0,0,0.03,-0.014,-0.997,0.3,-0.6,0.1
53.4023295999996,0,0,19,0,0,0.03,-0.014,-0.997,0.3,-0.6,0.1
53.4123295999996,0,0,19,0,0,0.03,-0.014,-0.997,0.3,-0.6,0.1
53.4223295999996,0,0,19,0,0,0.03,-0.014,-0.997,0.3,-0.6,0.1
53.4323295999996,0,0,19,0,0,0.03,-0.014,-0.997,0.3,-0.6,0.1
53.4423295999996,0,0,19,0,0,0.029,-0.017,-1.002,0.3,-0.4,0
53.4523295999996,0,0,19,0,0,0.029,-0.017,-1.002,0.3,-0.4,0
53.4623295999996,0,0,19,0,0,0.029,-0.017,-1.002,0.3,-0.4,0
53.4723295999996,0,0,19,0,0,0.029,-0.017,-1.002,0.3,-0.4,0
53.4823295999996,0,0,19,0,0,0.029,-0.017,-1.002,0.3,-0.4,0
53.4923295999996,0,0,19,0,0,0.029,-0.013,-0.998,0.3,-0.6,0
53.5023295999996,0,0,19,0,0,0.029,-0.013,-0.998,0.3,-0.6,0
53.5123295999996,0,0,19,0,0,0.029,-0.013,-0.998,0.3,-0.6,0
53.5223295999996,0,0,19,0,0,0.029,-0.013,-0.998,0.3,-0.6,0
53.5323295999996,0,0,19,0,0,0.029,-0.013,-0.998,0.3,-0.6,0
53.5423295999996,0,0,19,0,0,0.028,-0.016,-1,0.3,-0.5,0
53.5523295999996,0,0,19,0,0,0.028,-0.016,-1,0.3,-0.5,0
53.5623295999996,0,0,19,0,0,0.028,-0.016,-1,0.3,-0.5,0
53.5723295999996,0,0,19,0,0,0.028,-0.016,-1,0.3,-0.5,0
53.5823295999996,0,0,19,0,0,0.028,-0.016,-1,0.3,-0.5,0
53.5923295999996,0,-0.01,19,0,0,0.028,-0.013,-1,0.3,-0.7,0
53.6023295999996,0,-0.01,19,0,0,0.028,-0.013,-1,0.3,-0.7,0
53.6123295999996,0,-0.01,19,0,0,0.028,-0.013,-1,0.3,-0.7,0
53.6223295999996,0,-0.01,19,0,0,0.028,-0.013,-1,0.3,-0.7,0
53.6323295999996,0,-0.01,19,0,0,0.028,-0.013,-1,0.3,-0.7,0
53.6423295999996,0,0,19,0,0,0.031,-0.016,-1,0.3,-0.4,0
53.6523295999996,0,0,19,0,0,0.031,-0.016,-1,0.3,-0.4,0
53.6623295999996,0,0,19,0,0,0.031,-0.016,-1,0.3,-0.4,0
53.6723295999996,0,0,19,0,0,0.031,-0.016,-1,0.3,-0.4,0
53.6823295999996,0,0,19,0,0,0.031,-0.016,-1,0.3,-0.4,0
53.6923295999996,0,0,19,0,0,0.03,-0.013,-1.001,0.2,-0.6,0
53.7023295999996,0,0,19,0,0,0.03,-0.013,-1.001,0.2,-0.6,0
53.7123295999996,0,0,19,0,0,0.03,-0.013,-1.001,0.2,-0.6,0
53.7223295999996,0,0,19,0,0,0.03,-0.013,-1.001,0.2,-0.6,0
53.7323295999996,0,0,19,0,0,0.03,-0.013,-1.001,0.2,-0.6,0
53.7423295999996,0,0,19,0,0,0.028,-0.016,-1,0.3,-0.4,0
53.7523295999996,0,0,19,0,0,0.028,-0.016,-1,0.3,-0.4,0
53.7623295999996,0,0,19,0,0,0.028,-0.016,-1,0.3,-0.4,0
53.7723295999996,0,0,19,0,0,0.028,-0.016,-1,0.3,-0.4,0
53.7823295999996,0,0,19,0,0,0.028,-0.016,-1,0.3,-0.4,0
53.7923295999996,0,0,19,0,0,0.029,-0.017,-1,0.3,-0.6,0.1
53.8023295999996,0,0,19,0,0,0.029,-0.017,-1,0.3,-0.6,0.1
53.8123295999996,0,0,19,0,0,0.029,-0.017,-1,0.3,-0.6,0.1
53.8223295999996,0,0,19,0,0,0.029,-0.017,-1,0.3,-0.6,0.1
53.8323295999996,0,0,19,0,0,0.029,-0.017,-1,0.3,-0.6,0.1
53.8423295999996,0,0,19,0,0,0.03,-0.013,-1,0.3,-0.5,0
53.8523295999996,0,0,19,0,0,0.03,-0.013,-1,0.3,-0.5,0
53.8623295999996,0,0,19,0,0,0.03,-0.013,-1,0.3,-0.5,0
53.8723295999996,0,0,19,0,0,0.03,-0.013,-1,0.3,-0.5,0
53.8823295999996,0,0,19,0,0,0.03,-0.013,-1,0.3,-0.5,0
53.8923295999996,0,0,19,0,0,0.029,-0.017,-1.001,0.3,-0.5,0
53.9023295999996,0,0,19,0,0,0.029,-0.017,-1.001,0.3,-0.5,0
53.9123295999996,0,0,19,0,0,0.029,-0.017,-1.001,0.3,-0.5,0
53.9223295999996,0,0,19,0,0,0.029,-0.017,-1.001,0.3,-0.5,0
53.9323295999996,0,0,19,0,0,0.029,-0.017,-1.001,0.3,-0.5,0
53.9423295999996,0,0,19,0,0,0.029,-0.012,-1,0.3,-0.6,0
53.9523295999996,0,0,19,0,0,0.029,-0.012,-1,0.3,-0.6,0
53.9623295999996,0,0,19,0,0,0.029,-0.012,-1,0.3,-0.6,0
53.9723295999996,0,0,19,0,0,0.029,-0.012,-1,0.3,-0.6,0
53.9823295999996,0,0,19,0,0,0.029,-0.012,-1,0.3,-0.6,0
53.9923295999996,0,0,19,0,0,0.03,-0.015,-0.999,0.3,-0.6,0
54.0023295999996,0,0,19,0,0,0.03,-0.015,-0.999,0.3,-0.6,0
54.0123295999996,0,0,19,0,0,0.03,-0.015,-0.999,0.3,-0.6,0
54.0223295999996,0,0,19,0,0,0.03,-0.015,-0.999,0.3,-0.6,0
54.0323295999996,0,0,19,0,0,0.03,-0.015,-0.999,0.3,-0.6,0
54.0423295999996,0,0,19,0,0,0.03,-0.014,-1,0.3,-0.5,0
54.0523295999996,0,0,19,0,0,0.03,-0.014,-1,0.3,-0.5,0
54.0623295999996,0,0,19,0,0,0.03,-0.014,-1,0.3,-0.5,0
54.0723295999996,0,0,19,0,0,0.03,-0.014,-1,0.3,-0.5,0
54.0823295999996,0,0,19,0,0,0.03,-0.014,-1,0.3,-0.5,0
54.0923295999996,0,0,19,0,0,0.029,-0.015,-1.001,0.3,-0.5,0
54.1023295999996,0,0,19,0,0,0.029,-0.015,-1.001,0.3,-0.5,0
54.1123295999996,0,0,19,0,0,0.029,-0.015,-1.001,0.3,-0.5,0
54.1223295999996,0,0,19,0,0,0.029,-0.015,-1.001,0.3,-0.5,0
54.1323295999996,0,0,19,0,0,0.029,-0.015,-1.001,0.3,-0.5,0
54.1423295999996,0,0,19,0,0,0.031,-0.015,-1,0.2,-0.6,0
54.1523295999996,0,0,19,0,0,0.031,-0.015,-1,0.2,-0.6,0
54.1623295999996,0,0,19,0,0,0.031,-0.015,-1,0.2,-0.6,0
54.1723295999996,0,0,19,0,0,0.031,-0.015,-1,0.2,-0.6,0
54.1823295999996,0,0,19,0,0,0.031,-0.015,-1,0.2,-0.6,0
54.1923295999996,0,0,19,0,0,0.028,-0.013,-0.999,0.3,-0.5,0
54.2023295999996,0,0,19,0,0,0.028,-0.013,-0.999,0.3,-0.5,0
54.2123295999996,0,0,19,0,0,0.028,-0.013,-0.999,0.3,-0.5,0
54.2223295999996,0,0,19,0,0,0.028,-0.013,-0.999,0.3,-0.5,0
54.2323295999996,0,0,19,0,0,0.028,-0.013,-0.999,0.3,-0.5,0
54.2423295999996,0,0,19,0,0,0.031,-0.018,-1,0.2,-0.5,0
54.2523295999996,0,0,19,0,0,0.031,-0.018,-1,0.2,-0.5,0
54.2623295999996,0,0,19,0,0,0.031,-0.018,-1,0.2,-0.5,0
54.2723295999996,0,0,19,0,0,0.031,-0.018,-1,0.2,-0.5,0
54.2823295999996,0,0,19,0,0,0.031,-0.018,-1,0.2,-0.5,0
54.2923295999996,0,0,19,0,0,0.03,-0.012,-1,0.3,-0.6,0
54.3023295999996,0,0,19,0,0,0.03,-0.012,-1,0.3,-0.6,0
54.3123295999996,0,0,19,0,0,0.03,-0.012,-1,0.3,-0.6,0
54.3223295999996,0,0,19,0,0,0.03,-0.012,-1,0.3,-0.6,0
54.3323295999996,0,0,19,0,0,0.03,-0.012,-1,0.3,-0.6,0
54.3423295999996,0,0,19,0,0,0.03,-0.018,-1,0.3,-0.6,0
54.3523295999996,0,0,19,0,0,0.03,-0.018,-1,0.3,-0.6,0
54.3623295999996,0,0,19,0,0,0.03,-0.018,-1,0.3,-0.6,0
54.3723295999996,0,0,19,0,0,0.03,-0.018,-1,0.3,-0.6,0
54.3823295999996,0,0,19,0,0,0.03,-0.018,-1,0.3,-0.6,0
54.3923295999996,0,0,19,0,0,0.028,-0.012,-1.001,0.2,-0.6,0
54.4023295999996,0,0,19,0,0,0.028,-0.012,-1.001,0.2,-0.6,0
54.4123295999996,0,0,19,0,0,0.028,-0.012,-1.001,0.2,-0.6,0
54.4223295999996,0,0,19,0,0,0.028,-0.012,-1.001,0.2,-0.6,0
54.4323295999996,0,0,19,0,0,0.028,-0.012,-1.001,0.2,-0.6,0
54.4423295999996,0,-0.01,19,0,0,0.032,-0.017,-1.001,0.3,-0.5,0
54.4523295999996,0,-0.01,19,0,0,0.032,-0.017,-1.001,0.3,-0.5,0
54.4623295999996,0,-0.01,19,0,0,0.032,-0.017,-1.001,0.3,-0.5,0
54.4723295999996,0,-0.01,19,0,0,0.032,-0.017,-1.001,0.3,-0.5,0
54.4823295999996,0,-0.01,19,0,0,0.032,-0.017,-1.001,0.3,-0.5,0
54.4923295999996,0,0,19,0,0,0.026,-0.012,-1.01,0.3,-0.5,0
54.5023295999996,0,0,19,0,0,0.026,-0.012,-1.01,0.3,-0.5,0
54.5123295999996,0,0,19,0,0,0.026,-0.012,-1.01,0.3,-0.5,0
54.5223295999996,0,0,19,0,0,0.026,-0.012,-1.01,0.3,-0.5,0
54.5323295999996,0,0,19,0,0,0.026,-0.012,-1.01,0.3,-0.5,0
54.5423295999996,0,-0.01,19,0,0,0.029,-0.019,-1.006,0.3,-0.5,0
54.5523295999996,0,-0.01,19,0,0,0.029,-0.019,-1.006,0.3,-0.5,0
54.5623295999996,0,-0.01,19,0,0,0.029,-0.019,-1.006,0.3,-0.5,0
54.5723295999996,0,-0.01,19,0,0,0.029,-0.019,-1.006,0.3,-0.5,0
54.5823295999996,0,-0.01,19,0,0,0.029,-0.019,-1.006,0.3,-0.5,0
54.5923295999996,0,0,19,0,0,0.03,-0.016,-1.002,0.3,-0.6,0.1
54.6023295999995,0,0,19,0,0,0.03,-0.016,-1.002,0.3,-0.6,0.1
54.6123295999996,0,0,19,0,0,0.03,-0.016,-1.002,0.3,-0.6,0.1
54.6223295999996,0,0,19,0,0,0.03,-0.016,-1.002,0.3,-0.6,0.1
54.6323295999996,0,0,19,0,0,0.03,-0.016,-1.002,0.3,-0.6,0.1
54.6423295999995,0,0,19,0,0,0.029,-0.013,-1.002,0.3,-0.6,0
54.6523295999995,0,0,19,0,0,0.029,-0.013,-1.002,0.3,-0.6,0
54.6623295999996,0,0,19,0,0,0.029,-0.013,-1.002,0.3,-0.6,0
54.6723295999995,0,0,19,0,0,0.029,-0.013,-1.002,0.3,-0.6,0
54.6823295999995,0,0,19,0,0,0.029,-0.013,-1.002,0.3,-0.6,0
54.6923295999995,0,0,19,0,0,0.03,-0.015,-1,0.3,-0.5,0
54.7023295999995,0,0,19,0,0,0.03,-0.015,-1,0.3,-0.5,0
54.7123295999995,0,0,19,0,0,0.03,-0.015,-1,0.3,-0.5,0
54.7223295999995,0,0,19,0,0,0.03,-0.015,-1,0.3,-0.5,0
54.7323295999995,0,0,19,0,0,0.03,-0.015,-1,0.3,-0.5,0
54.7423295999995,0,-0.01,19,0,0,0.029,-0.012,-1,0.3,-0.5,0.1
54.7523295999995,0,-0.01,19,0,0,0.029,-0.012,-1,0.3,-0.5,0.1
54.7623295999995,0,-0.01,19,0,0,0.029,-0.012,-1,0.3,-0.5,0.1
54.7723295999995,0,-0.01,19,0,0,0.029,-0.012,-1,0.3,-0.5,0.1
54.7823295999995,0,-0.01,19,0,0,0.029,-0.012,-1,0.3,-0.5,0.1
54.7923295999995,0,0,19,0,0,0.029,-0.016,-1.001,0.2,-0.5,0.1
54.8023295999995,0,0,19,0,0,0.029,-0.016,-1.001,0.2,-0.5,0.1
54.8123295999995,0,0,19,0,0,0.029,-0.016,-1.001,0.2,-0.5,0.1
54.8223295999995,0,0,19,0,0,0.029,-0.016,-1.001,0.2,-0.5,0.1
54.8323295999995,0,0,19,0,0,0.029,-0.016,-1.001,0.2,-0.5,0.1
54.8423295999995,0,-0.01,19,0,0,0.029,-0.016,-0.999,0.2,-0.5,0
54.8523295999995,0,-0.01,19,0,0,0.029,-0.016,-0.999,0.2,-0.5,0
54.8623295999995,0,-0.01,19,0,0,0.029,-0.016,-0.999,0.2,-0.5,0
54.8723295999995,0,-0.01,19,0,0,0.029,-0.016,-0.999,0.2,-0.5,0
54.8823295999995,0,-0.01,19,0,0,0.029,-0.016,-0.999,0.2,-0.5,0
54.8923295999995,0,0,19,0,0,0.03,-0.015,-1,0.3,-0.5,0
54.9023295999995,0,0,19,0,0,0.03,-0.015,-1,0.3,-0.5,0
54.9123295999995,0,0,19,0,0,0.03,-0.015,-1,0.3,-0.5,0
54.9223295999995,0,0,19,0,0,0.03,-0.015,-1,0.3,-0.5,0
54.9323295999995,0,0,19,0,0,0.03,-0.015,-1,0.3,-0.5,0
54.9423295999995,0,-0.01,19,0,0,0.029,-0.013,-1,0.3,-0.6,0
54.9523295999995,0,-0.01,19,0,0,0.029,-0.013,-1,0.3,-0.6,0
54.9623295999995,0,-0.01,19,0,0,0.029,-0.013,-1,0.3,-0.6,0
54.9723295999995,0,-0.01,19,0,0,0.029,-0.013,-1,0.3,-0.6,0
54.9823295999995,0,-0.01,19,0,0,0.029,-0.013,-1,0.3,-0.6,0
54.9923295999995,0,0,19,0,0,0.031,-0.014,-1,0.3,-0.6,0
55.0023295999995,0,0,19,0,0,0.031,-0.014,-1,0.3,-0.6,0
55.0123295999995,0,0,19,0,0,0.031,-0.014,-1,0.3,-0.6,0
55.0223295999995,0,0,19,0,0,0.031,-0.014,-1,0.3,-0.6,0
55.0323295999995,0,0,19,0,0,0.031,-0.014,-1,0.3,-0.6,0
55.0423295999995,0,0,19,0,0,0.029,-0.015,-1,0.3,-0.6,0
55.0523295999995,0,0,19,0,0,0.029,-0.015,-1,0.3,-0.6,0
55.0623295999995,0,0,19,0,0,0.029,-0.015,-1,0.3,-0.6,0
55.0723295999995,0,0,19,0,0,0.029,-0.015,-1,0.3,-0.6,0
55.0823295999995,0,0,19,0,0,0.029,-0.015,-1,0.3,-0.6,0
55.0923295999995,0,0,19,0,0,0.032,-0.015,-0.999,0.2,-0.5,0
55.1023295999995,0,0,19,0,0,0.032,-0.015,-0.999,0.2,-0.5,0
55.1123295999995,0,0,19,0,0,0.032,-0.015,-0.999,0.2,-0.5,0
55.1223295999995,0,0,19,0,0,0.032,-0.015,-0.999,0.2,-0.5,0
55.1323295999995,0,0,19,0,0,0.032,-0.015,-0.999,0.2,-0.5,0
55.1423295999995,0,0,19,0,0,0.027,-0.016,-1,0.3,-0.5,0.1
55.1523295999995,0,0,19,0,0,0.027,-0.016,-1,0.3,-0.5,0.1
55.1623295999995,0,0,19,0,0,0.027,-0.016,-1,0.3,-0.5,0.1
55.1723295999995,0,0,19,0,0,0.027,-0.016,-1,0.3,-0.5,0.1
55.1823295999995,0,0,19,0,0,0.027,-0.016,-1,0.3,-0.5,0.1
55.1923295999995,0,0,19,0,0,0.032,-0.014,-1,0.3,-0.5,0
55.2023295999995,0,0,19,0,0,0.032,-0.014,-1,0.3,-0.5,0
55.2123295999995,0,0,19,0,0,0.032,-0.014,-1,0.3,-0.5,0
55.2223295999995,0,0,19,0,0,0.032,-0.014,-1,0.3,-0.5,0
55.2323295999995,0,0,19,0,0,0.032,-0.014,-1,0.3,-0.5,0
55.2423295999995,0,-0.01,19,0,0,0.028,-0.014,-1,0.3,-0.6,0
55.2523295999995,0,-0.01,19,0,0,0.028,-0.014,-1,0.3,-0.6,0
55.2623295999995,0,-0.01,19,0,0,0.028,-0.014,-1,0.3,-0.6,0
55.2723295999995,0,-0.01,19,0,0,0.028,-0.014,-1,0.3,-0.6,0
55.2823295999995,0,-0.01,19,0,0,0.028,-0.014,-1,0.3,-0.6,0
55.2923295999995,0,-0.01,19,0,0,0.029,-0.016,-1,0.2,-0.5,0
55.3023295999995,0,-0.01,19,0,0,0.029,-0.016,-1,0.2,-0.5,0
55.3123295999995,0,-0.01,19,0,0,0.029,-0.016,-1,0.2,-0.5,0
55.3223295999995,0,-0.01,19,0,0,0.029,-0.016,-1,0.2,-0.5,0
55.3323295999995,0,-0.01,19,0,0,0.029,-0.016,-1,0.2,-0.5,0
55.3423295999995,0,0,19,0,0,0.03,-0.014,-1.001,0.2,-0.5,0
55.3523295999995,0,0,19,0,0,0.03,-0.014,-1.001,0.2,-0.5,0
55.3623295999995,0,0,19,0,0,0.03,-0.014,-1.001,0.2,-0.5,0
55.3723295999995,0,0,19,0,0,0.03,-0.014,-1.001,0.2,-0.5,0
55.3823295999995,0,0,19,0,0,0.03,-0.014,-1.001,0.2,-0.5,0
55.3923295999995,0,0,19,0,0,0.031,-0.015,-1,0.3,-0.6,0
55.4023295999995,0,0,19,0,0,0.031,-0.015,-1,0.3,-0.6,0
55.4123295999995,0,0,19,0,0,0.031,-0.015,-1,0.3,-0.6,0
55.4223295999995,0,0,19,0,0,0.031,-0.015,-1,0.3,-0.6,0
55.4323295999995,0,0,19,0,0,0.031,-0.015,-1,0.3,-0.6,0
55.4423295999995,0,0,19,0,0,0.027,-0.016,-1,0.3,-0.6,0
55.4523295999995,0,0,19,0,0,0.027,-0.016,-1,0.3,-0.6,0
55.4623295999995,0,0,19,0,0,0.027,-0.016,-1,0.3,-0.6,0
55.4723295999995,0,0,19,0,0,0.027,-0.016,-1,0.3,-0.6,0
55.4823295999995,0,0,19,0,0,0.027,-0.016,-1,0.3,-0.6,0
55.4923295999995,0,0,19,0,0,0.03,-0.013,-1,0.3,-0.6,0
55.5023295999995,0,0,19,0,0,0.03,-0.013,-1,0.3,-0.6,0
55.5123295999995,0,0,19,0,0,0.03,-0.013,-1,0.3,-0.6,0
55.5223295999995,0,0,19,0,0,0.03,-0.013,-1,0.3,-0.6,0
55.5323295999995,0,0,19,0,0,0.03,-0.013,-1,0.3,-0.6,0
55.5423295999995,0,0,19,0,0,0.031,-0.015,-0.999,0.3,-0.6,0
55.5523295999995,0,0,19,0,0,0.031,-0.015,-0.999,0.3,-0.6,0
55.5623295999995,0,0,19,0,0,0.031,-0.015,-0.999,0.3,-0.6,0
55.5723295999995,0,0,19,0,0,0.031,-0.015,-0.999,0.3,-0.6,0
55.5823295999995,0,0,19,0,0,0.031,-0.015,-0.999,0.3,-0.6,0
55.5923295999995,0,0,19,0,0,0.027,-0.016,-0.999,0.3,-0.6,0
55.6023295999995,0,0,19,0,0,0.027,-0.016,-0.999,0.3,-0.6,0
55.6123295999995,0,0,19,0,0,0.027,-0.016,-0.999,0.3,-0.6,0
55.6223295999995,0,0,19,0,0,0.027,-0.016,-0.999,0.3,-0.6,0
55.6323295999995,0,0,19,0,0,0.027,-0.016,-0.999,0.3,-0.6,0
55.6423295999995,0,0,19,0,0,0.03,-0.015,-0.999,0.3,-0.5,0.1
55.6523295999995,0,0,19,0,0,0.03,-0.015,-0.999,0.3,-0.5,0.1
55.6623295999995,0,0,19,0,0,0.03,-0.015,-0.999,0.3,-0.5,0.1
55.6723295999995,0,0,19,0,0,0.03,-0.015,-0.999,0.3,-0.5,0.1
55.6823295999995,0,0,19,0,0,0.03,-0.015,-0.999,0.3,-0.5,0.1
55.6923295999995,0,0,19,0,0,0.029,-0.014,-1.001,0.2,-0.5,0
55.7023295999995,0,0,19,0,0,0.029,-0.014,-1.001,0.2,-0.5,0
55.7123295999995,0,0,19,0,0,0.029,-0.014,-1.001,0.2,-0.5,0
55.7223295999995,0,0,19,0,0,0.029,-0.014,-1.001,0.2,-0.5,0
55.7323295999995,0,0,19,0,0,0.029,-0.014,-1.001,0.2,-0.5,0
55.7423295999995,0,-0.01,19,0,0,0.03,-0.016,-1,0.3,-0.5,0
55.7523295999995,0,-0.01,19,0,0,0.03,-0.016,-1,0.3,-0.5,0
55.7623295999995,0,-0.01,19,0,0,0.03,-0.016,-1,0.3,-0.5,0
55.7723295999995,0,-0.01,19,0,0,0.03,-0.016,-1,0.3,-0.5,0
55.7823295999995,0,-0.01,19,0,0,0.03,-0.016,-1,0.3,-0.5,0
55.7923295999995,0,-0.01,19,0,0,0.029,-0.016,-0.999,0.3,-0.6,0
55.8023295999995,0,-0.01,19,0,0,0.029,-0.016,-0.999,0.3,-0.6,0
55.8123295999995,0,-0.01,19,0,0,0.029,-0.016,-0.999,0.3,-0.6,0
55.8223295999995,0,-0.01,19,0,0,0.029,-0.016,-0.999,0.3,-0.6,0
55.8323295999995,0,-0.01,19,0,0,0.029,-0.016,-0.999,0.3,-0.6,0
55.8423295999995,0,-0.01,19,0,0,0.031,-0.015,-1,0.3,-0.6,0
55.8523295999995,0,-0.01,19,0,0,0.031,-0.015,-1,0.3,-0.6,0
55.8623295999995,0,-0.01,19,0,0,0.031,-0.015,-1,0.3,-0.6,0
55.8723295999995,0,-0.01,19,0,0,0.031,-0.015,-1,0.3,-0.6,0
55.8823295999995,0,-0.01,19,0,0,0.031,-0.015,-1,0.3,-0.6,0
55.8923295999995,0,-0.01,19,0,0,0.027,-0.016,-0.999,0.2,-0.6,0
55.9023295999995,0,-0.01,19,0,0,0.027,-0.016,-0.999,0.2,-0.6,0
55.9123295999995,0,-0.01,19,0,0,0.027,-0.016,-0.999,0.2,-0.6,0
55.9223295999995,0,-0.01,19,0,0,0.027,-0.016,-0.999,0.2,-0.6,0
55.9323295999995,0,-0.01,19,0,0,0.027,-0.016,-0.999,0.2,-0.6,0
55.9423295999995,0,0,19,0,0,0.031,-0.015,-1,0.3,-0.5,0
55.9523295999995,0,0,19,0,0,0.031,-0.015,-1,0.3,-0.5,0
55.9623295999995,0,0,19,0,0,0.031,-0.015,-1,0.3,-0.5,0
55.9723295999995,0,0,19,0,0,0.031,-0.015,-1,0.3,-0.5,0
55.9823295999995,0,0,19,0,0,0.031,-0.015,-1,0.3,-0.5,0
55.9923295999995,0,0,19,0,0,0.03,-0.015,-1,0.3,-0.5,0
56.0023295999995,0,0,19,0,0,0.03,-0.015,-1,0.3,-0.5,0
56.0123295999995,0,0,19,0,0,0.03,-0.015,-1,0.3,-0.5,0
56.0223295999995,0,0,19,0,0,0.03,-0.015,-1,0.3,-0.5,0
56.0323295999995,0,0,19,0,0,0.03,-0.015,-1,0.3,-0.5,0
56.0423295999995,0,0,19,0,0,0.027,-0.016,-1,0.1,-0.6,0
56.0523295999995,0,0,19,0,0,0.027,-0.016,-1,0.1,-0.6,0
56.0623295999995,0,0,19,0,0,0.027,-0.016,-1,0.1,-0.6,0
56.0723295999995,0,0,19,0,0,0.027,-0.016,-1,0.1,-0.6,0
56.0823295999995,0,0,19,0,0,0.027,-0.016,-1,0.1,-0.6,0
56.0923295999995,0,0,19,0,0,0.029,-0.015,-1,0.3,-0.5,0
56.1023295999995,0,0,19,0,0,0.029,-0.015,-1,0.3,-0.5,0
56.1123295999995,0,0,19,0,0,0.029,-0.015,-1,0.3,-0.5,0
56.1223295999995,0,0,19,0,0,0.029,-0.015,-1,0.3,-0.5,0
56.1323295999995,0,0,19,0,0,0.029,-0.015,-1,0.3,-0.5,0
56.1423295999995,0,0,19,0,0,0.029,-0.013,-1.001,0.2,-0.6,0
56.1523295999995,0,0,19,0,0,0.029,-0.013,-1.001,0.2,-0.6,0
56.1623295999995,0,0,19,0,0,0.029,-0.013,-1.001,0.2,-0.6,0
56.1723295999995,0,0,19,0,0,0.029,-0.013,-1.001,0.2,-0.6,0
56.1823295999995,0,0,19,0,0,0.029,-0.013,-1.001,0.2,-0.6,0
56.1923295999995,0,0,19,0,0,0.029,-0.016,-1,0.3,-0.5,0
56.2023295999995,0,0,19,0,0,0.029,-0.016,-1,0.3,-0.5,0
56.2123295999995,0,0,19,0,0,0.029,-0.016,-1,0.3,-0.5,0
56.2223295999995,0,0,19,0,0,0.029,-0.016,-1,0.3,-0.5,0
56.2323295999995,0,0,19,0,0,0.029,-0.016,-1,0.3,-0.5,0
56.2423295999995,0,0,19,0,0,0.028,-0.015,-1.001,0.2,-0.5,0
56.2523295999995,0,0,19,0,0,0.028,-0.015,-1.001,0.2,-0.5,0
56.2623295999995,0,0,19,0,0,0.028,-0.015,-1.001,0.2,-0.5,0
56.2723295999995,0,0,19,0,0,0.028,-0.015,-1.001,0.2,-0.5,0
56.2823295999995,0,0,19,0,0,0.028,-0.015,-1.001,0.2,-0.5,0
56.2923295999995,0,0,19,0,0,0.031,-0.015,-1,0.3,-0.6,0
56.3023295999995,0,0,19,0,0,0.031,-0.015,-1,0.3,-0.6,0
56.3123295999995,0,0,19,0,0,0.031,-0.015,-1,0.3,-0.6,0
56.3223295999995,0,0,19,0,0,0.031,-0.015,-1,0.3,-0.6,0
56.3323295999995,0,0,19,0,0,0.031,-0.015,-1,0.3,-0.6,0
56.3423295999995,0,0,19,0,0,0.028,-0.014,-1,0.3,-0.5,0
56.3523295999995,0,0,19,0,0,0.028,-0.014,-1,0.3,-0.5,0
56.3623295999995,0,0,19,0,0,0.028,-0.014,-1,0.3,-0.5,0
56.3723295999995,0,0,19,0,0,0.028,-0.014,-1,0.3,-0.5,0
56.3823295999995,0,0,19,0,0,0.028,-0.014,-1,0.3,-0.5,0
56.3923295999994,0,-0.01,19,0,0,0.03,-0.016,-1,0.2,-0.6,0
56.4023295999994,0,-0.01,19,0,0,0.03,-0.016,-1,0.2,-0.6,0
56.4123295999995,0,-0.01,19,0,0,0.03,-0.016,-1,0.2,-0.6,0
56.4223295999995,0,-0.01,19,0,0,0.03,-0.016,-1,0.2,-0.6,0
56.4323295999994,0,-0.01,19,0,0,0.03,-0.016,-1,0.2,-0.6,0
56.4423295999994,0,0,19,0,0,0.031,-0.014,-1,0.2,-0.6,0
56.4523295999994,0,0,19,0,0,0.031,-0.014,-1,0.2,-0.6,0
56.4623295999994,0,0,19,0,0,0.031,-0.014,-1,0.2,-0.6,0
56.4723295999994,0,0,19,0,0,0.031,-0.014,-1,0.2,-0.6,0
56.4823295999994,0,0,19,0,0,0.031,-0.014,-1,0.2,-0.6,0
56.4923295999994,0,-0.01,19,0,0,0.029,-0.016,-0.999,0.2,-0.6,0
56.5023295999994,0,-0.01,19,0,0,0.029,-0.016,-0.999,0.2,-0.6,0
56.5123295999994,0,-0.01,19,0,0,0.029,-0.016,-0.999,0.2,-0.6,0
56.5223295999994,0,-0.01,19,0,0,0.029,-0.016,-0.999,0.2,-0.6,0
56.5323295999994,0,-0.01,19,0,0,0.029,-0.016,-0.999,0.2,-0.6,0
56.5423295999994,0,0,19,0,0,0.029,-0.014,-1,0.3,-0.5,0
56.5523295999994,0,0,19,0,0,0.029,-0.014,-1,0.3,-0.5,0
56.5623295999994,0,0,19,0,0,0.029,-0.014,-1,0.3,-0.5,0
56.5723295999994,0,0,19,0,0,0.029,-0.014,-1,0.3,-0.5,0
56.5823295999994,0,0,19,0,0,0.029,-0.014,-1,0.3,-0.5,0
