Time_s,RPM,Iq_A,Vbat_V,Tinv_C,Treg_C,AccX_g,AccY_g,AccZ_g,GyrX_dps,GyrY_dps,GyrZ_dps
5.1366763,0,0,19,0,0,0.029,-0.015,-1,0.3,-0.6,0
5.1466763,0,0,19,0,0,0.029,-0.015,-1,0.3,-0.6,0
5.1566763,0,0,19,0,0,0.029,-0.015,-1,0.3,-0.6,0
5.1666763,0,0,19,0,0,0.029,-0.015,-1,0.3,-0.6,0
5.1766763,0,0,19,0,0,0.029,-0.015,-1,0.3,-0.6,0
9.3015277,0,0,19,0,0,0.031,-0.015,-1.002,0.3,-0.6,0
9.3115277,0,0,19,0,0,0.031,-0.015,-1.002,0.3,-0.6,0
9.3215277,0,0,19,0,0,0.031,-0.015,-1.002,0.3,-0.6,0
9.3315277,0,0,19,0,0,0.031,-0.015,-1.002,0.3,-0.6,0
9.3415277,0,0,19,0,0,0.031,-0.015,-1.002,0.3,-0.6,0
9.3515277,0,0,19,0,0,0.028,-0.014,-1.001,0.3,-0.6,0
9.3615277,0,0,19,0,0,0.028,-0.014,-1.001,0.3,-0.6,0
9.3715277,0,0,19,0,0,0.028,-0.014,-1.001,0.3,-0.6,0
9.3815277,0,0,19,0,0,0.028,-0.014,-1.001,0.3,-0.6,0
9.3915277,0,0,19,0,0,0.028,-0.014,-1.001,0.3,-0.6,0
9.4015277,0,0,19,0,0,0.031,-0.015,-1.002,0.3,-0.5,0
9.4115277,0,0,19,0,0,0.031,-0.015,-1.002,0.3,-0.5,0
9.4215277,0,0,19,0,0,0.031,-0.015,-1.002,0.3,-0.5,0
9.4315277,0,0,19,0,0,0.031,-0.015,-1.002,0.3,-0.5,0
9.4415277,0,0,19,0,0,0.031,-0.015,-1.002,0.3,-0.5,0
9.454717,0,0,19,0,0,0.03,-0.015,-1.001,0.3,-0.5,0
9.464717,0,0,19,0,0,0.03,-0.015,-1.001,0.3,-0.5,0
9.474717,0,0,19,0,0,0.03,-0.015,-1.001,0.3,-0.5,0
9.484717,0,0,19,0,0,0.03,-0.015,-1.001,0.3,-0.5,0
9.494717,0,0,19,0,0,0.03,-0.015,-1.001,0.3,-0.5,0
9.5084959,0,0,19,0,0,0.03,-0.015,-1.001,0.3,-0.5,0
9.5184959,0,0,19,0,0,0.03,-0.015,-1.001,0.3,-0.5,0
9.5284959,0,0,19,0,0,0.03,-0.015,-1.001,0.3,-0.5,0
9.5384959,0,0,19,0,0,0.03,-0.015,-1.001,0.3,-0.5,0
9.5484959,0,0,19,0,0,0.03,-0.015,-1.001,0.3,-0.5,0
9.5678742,0,0,19,0,0,0.029,-0.015,-1.001,0.3,-0.6,0
9.5778742,0,0,19,0,0,0.029,-0.015,-1.001,0.3,-0.6,0
9.5878742,0,0,19,0,0,0.029,-0.015,-1.001,0.3,-0.6,0
9.5978742,0,0,19,0,0,0.029,-0.015,-1.001,0.3,-0.6,0
9.6078742,0,0,19,0,0,0.029,-0.015,-1.001,0.3,-0.6,0
9.6464335,0,0,19,0,0,0.03,-0.015,-1.001,0.3,-0.5,0
9.6564335,0,0,19,0,0,0.03,-0.015,-1.001,0.3,-0.5,0
9.6664335,0,0,19,0,0,0.03,-0.015,-1.001,0.3,-0.5,0
9.6764335,0,0,19,0,0,0.03,-0.015,-1.001,0.3,-0.5,0
9.6864335,0,0,19,0,0,0.03,-0.015,-1.001,0.3,-0.5,0
9.728518,0,0,19,0,0,0.03,-0.015,-1.001,0.3,-0.6,0
9.738518,0,0,19,0,0,0.03,-0.015,-1.001,0.3,-0.6,0
9.748518,0,0,19,0,0,0.03,-0.015,-1.001,0.3,-0.6,0
9.758518,0,0,19,0,0,0.03,-0.015,-1.001,0.3,-0.6,0
9.768518,0,0,19,0,0,0.03,-0.015,-1.001,0.3,-0.6,0
9.8068938,0,0,19,0,0,0.029,-0.015,-1.001,0.3,-0.5,0
9.8168938,0,0,19,0,0,0.029,-0.015,-1.001,0.3,-0.5,0
9.8268938,0,0,19,0,0,0.029,-0.015,-1.001,0.3,-0.5,0
9.8368938,0,0,19,0,0,0.029,-0.015,-1.001,0.3,-0.5,0
9.8468938,0,0,19,0,0,0.029,-0.015,-1.001,0.3,-0.5,0
9.8715926,0,0,19,0,0,0.031,-0.015,-1.001,0.3,-0.6,0.1
9.8815926,0,0,19,0,0,0.031,-0.015,-1.001,0.3,-0.6,0.1
9.8915926,0,0,19,0,0,0.031,-0.015,-1.001,0.3,-0.6,0.1
9.9015926,0,0,19,0,0,0.031,-0.015,-1.001,0.3,-0.6,0.1
9.9115926,0,0,19,0,0,0.031,-0.015,-1.001,0.3,-0.6,0.1
9.9215926,0,0,19,0,0,0.03,-0.014,-1.001,0.3,-0.5,0.1
9.9315926,0,0,19,0,0,0.03,-0.014,-1.001,0.3,-0.5,0.1
9.9415926,0,0,19,0,0,0.03,-0.014,-1.001,0.3,-0.5,0.1
9.9515926,0,0,19,0,0,0.03,-0.014,-1.001,0.3,-0.5,0.1
9.9615926,0,0,19,0,0,0.03,-0.014,-1.001,0.3,-0.5,0.1
9.9715926,0,0,19,0,0,0.03,-0.014,-1.001,0.3,-0.6,0
9.9815926,0,0,19,0,0,0.03,-0.014,-1.001,0.3,-0.6,0
9.9915926,0,0,19,0,0,0.03,-0.014,-1.001,0.3,-0.6,0
10.0015926,0,0,19,0,0,0.03,-0.014,-1.001,0.3,-0.6,0
10.0115926,0,0,19,0,0,0.03,-0.014,-1.001,0.3,-0.6,0
10.0561597,0,0,19,0,0,0.029,-0.015,-1.001,0.3,-0.5,0
10.0661597,0,0,19,0,0,0.029,-0.015,-1.001,0.3,-0.5,0
10.0761597,0,0,19,0,0,0.029,-0.015,-1.001,0.3,-0.5,0
10.0861597,0,0,19,0,0,0.029,-0.015,-1.001,0.3,-0.5,0
10.0961597,0,0,19,0,0,0.029,-0.015,-1.001,0.3,-0.5,0
14.8907217,0,0,19,0,0,0.03,-0.014,-1.001,0.3,-0.6,0
14.9007217,0,0,19,0,0,0.03,-0.014,-1.001,0.3,-0.6,0
14.9107217,0,0,19,0,0,0.03,-0.014,-1.001,0.3,-0.6,0
14.9207217,0,0,19,0,0,0.03,-0.014,-1.001,0.3,-0.6,0
14.9307217,0,0,19,0,0,0.03,-0.014,-1.001,0.3,-0.6,0
14.9407217,0,0,19,0,0,0.029,-0.015,-1.001,0.3,-0.6,0
14.9507217,0,0,19,0,0,0.029,-0.015,-1.001,0.3,-0.6,0
14.9607217,0,0,19,0,0,0.029,-0.015,-1.001,0.3,-0.6,0
14.9707217,0,0,19,0,0,0.029,-0.015,-1.001,0.3,-0.6,0
14.9807217,0,0,19,0,0,0.029,-0.015,-1.001,0.3,-0.6,0
14.9907217,0,0,19,0,0,0.031,-0.015,-1,0.3,-0.5,0
15.0007217,0,0,19,0,0,0.031,-0.015,-1,0.3,-0.5,0
15.0107217,0,0,19,0,0,0.031,-0.015,-1,0.3,-0.5,0
15.0207217,0,0,19,0,0,0.031,-0.015,-1,0.3,-0.5,0
15.0307217,0,0,19,0,0,0.031,-0.015,-1,0.3,-0.5,0
15.0407217,0,0,19,0,0,0.029,-0.016,-1.001,0.2,-0.4,0.1
15.0507217,0,0,19,0,0,0.029,-0.016,-1.001,0.2,-0.4,0.1
15.0607217,0,0,19,0,0,0.029,-0.016,-1.001,0.2,-0.4,0.1
15.0707217,0,0,19,0,0,0.029,-0.016,-1.001,0.2,-0.4,0.1
15.0807217,0,0,19,0,0,0.029,-0.016,-1.001,0.2,-0.4,0.1
15.0907217,0,0,19,0,0,0.03,-0.013,-1.001,0.3,-0.6,0
15.1007217,0,0,19,0,0,0.03,-0.013,-1.001,0.3,-0.6,0
15.1107217,0,0,19,0,0,0.03,-0.013,-1.001,0.3,-0.6,0
15.1207217,0,0,19,0,0,0.03,-0.013,-1.001,0.3,-0.6,0
15.1307217,0,0,19,0,0,0.03,-0.013,-1.001,0.3,-0.6,0
15.1407217,0,0,19,0,0,0.029,-0.015,-1,0.3,-0.6,0.1
15.1507217,0,0,19,0,0,0.029,-0.015,-1,0.3,-0.6,0.1
15.1607217,0,0,19,0,0,0.029,-0.015,-1,0.3,-0.6,0.1
15.1707217,0,0,19,0,0,0.029,-0.015,-1,0.3,-0.6,0.1
15.1807217,0,0,19,0,0,0.029,-0.015,-1,0.3,-0.6,0.1
15.2028957,0,0,19,0,0,0.031,-0.015,-1.001,0.3,-0.6,0
15.2128957,0,0,19,0,0,0.031,-0.015,-1.001,0.3,-0.6,0
15.2228957,0,0,19,0,0,0.031,-0.015,-1.001,0.3,-0.6,0
15.2328957,0,0,19,0,0,0.031,-0.015,-1.001,0.3,-0.6,0
15.2428957,0,0,19,0,0,0.031,-0.015,-1.001,0.3,-0.6,0
15.2528957,0,0,19,0,0,0.031,-0.016,-1,0.3,-0.5,0.1
15.2628957,0,0,19,0,0,0.031,-0.016,-1,0.3,-0.5,0.1
15.2728957,0,0,19,0,0,0.031,-0.016,-1,0.3,-0.5,0.1
15.2828957,0,0,19,0,0,0.031,-0.016,-1,0.3,-0.5,0.1
15.2928957,0,0,19,0,0,0.031,-0.016,-1,0.3,-0.5,0.1
15.3028957,0,0,19,0,0,0.028,-0.014,-1,0.3,-0.6,0
15.3128957,0,0,19,0,0,0.028,-0.014,-1,0.3,-0.6,0
15.3228957,0,0,19,0,0,0.028,-0.014,-1,0.3,-0.6,0
15.3328957,0,0,19,0,0,0.028,-0.014,-1,0.3,-0.6,0
15.3428957,0,0,19,0,0,0.028,-0.014,-1,0.3,-0.6,0
15.3803097,0,0,19,0,0,0.029,-0.016,-1.002,0.3,-0.6,0
15.3903097,0,0,19,0,0,0.029,-0.016,-1.002,0.3,-0.6,0
15.4003097,0,0,19,0,0,0.029,-0.016,-1.002,0.3,-0.6,0
15.4103097,0,0,19,0,0,0.029,-0.016,-1.002,0.3,-0.6,0
15.4203097,0,0,19,0,0,0.029,-0.016,-1.002,0.3,-0.6,0
15.4303097,0,0,19,0,0,0.03,-0.015,-1.001,0.2,-0.6,0
15.4403097,0,0,19,0,0,0.03,-0.015,-1.001,0.2,-0.6,0
15.4503097,0,0,19,0,0,0.03,-0.015,-1.001,0.2,-0.6,0
15.4603097,0,0,19,0,0,0.03,-0.015,-1.001,0.2,-0.6,0
15.4703097,0,0,19,0,0,0.03,-0.015,-1.001,0.2,-0.6,0
15.4910709,0,0,19,0,0,0.029,-0.014,-1.001,0.3,-0.6,0.1
15.5010709,0,0,19,0,0,0.029,-0.014,-1.001,0.3,-0.6,0.1
15.5110709,0,0,19,0,0,0.029,-0.014,-1.001,0.3,-0.6,0.1
15.5210709,0,0,19,0,0,0.029,-0.014,-1.001,0.3,-0.6,0.1
15.5310709,0,0,19,0,0,0.029,-0.014,-1.001,0.3,-0.6,0.1
15.5684287,0,0,19,0,0,0.03,-0.015,-1.002,0.3,-0.6,0
15.5784287,0,0,19,0,0,0.03,-0.015,-1.002,0.3,-0.6,0
15.5884287,0,0,19,0,0,0.03,-0.015,-1.002,0.3,-0.6,0
15.5984287,0,0,19,0,0,0.03,-0.015,-1.002,0.3,-0.6,0
15.6084287,0,0,19,0,0,0.03,-0.015,-1.002,0.3,-0.6,0
15.646822,0,0,19,0,0,0.03,-0.015,-1,0.3,-0.6,0.1
15.656822,0,0,19,0,0,0.03,-0.015,-1,0.3,-0.6,0.1
15.666822,0,0,19,0,0,0.03,-0.015,-1,0.3,-0.6,0.1
15.676822,0,0,19,0,0,0.03,-0.015,-1,0.3,-0.6,0.1
15.686822,0,0,19,0,0,0.03,-0.015,-1,0.3,-0.6,0.1
15.7286463,0,0,19,0,0,0.029,-0.016,-1.001,0.2,-0.5,0
15.7386463,0,0,19,0,0,0.029,-0.016,-1.001,0.2,-0.5,0
15.7486463,0,0,19,0,0,0.029,-0.016,-1.001,0.2,-0.5,0
15.7586463,0,0,19,0,0,0.029,-0.016,-1.001,0.2,-0.5,0
15.7686463,0,0,19,0,0,0.029,-0.016,-1.001,0.2,-0.5,0
15.7903354,0,0,19,0,0,0.03,-0.015,-1.003,0.2,-0.6,0
15.8003354,0,0,19,0,0,0.03,-0.015,-1.003,0.2,-0.6,0
15.8103354,0,0,19,0,0,0.03,-0.015,-1.003,0.2,-0.6,0
15.8203354,0,0,19,0,0,0.03,-0.015,-1.003,0.2,-0.6,0
15.8303354,0,0,19,0,0,0.03,-0.015,-1.003,0.2,-0.6,0
15.8738176,0,0,19,0,0,0.03,-0.014,-1.002,0.3,-0.5,0
15.8838176,0,0,19,0,0,0.03,-0.014,-1.002,0.3,-0.5,0
15.8938176,0,0,19,0,0,0.03,-0.014,-1.002,0.3,-0.5,0
15.9038176,0,0,19,0,0,0.03,-0.014,-1.002,0.3,-0.5,0
15.9138176,0,0,19,0,0,0.03,-0.014,-1.002,0.3,-0.5,0
15.9238176,0,0,19,0,0,0.029,-0.016,-1,0.2,-0.7,0
15.9338176,0,0,19,0,0,0.029,-0.016,-1,0.2,-0.7,0
15.9438176,0,0,19,0,0,0.029,-0.016,-1,0.2,-0.7,0
15.9538176,0,0,19,0,0,0.029,-0.016,-1,0.2,-0.7,0
15.9638176,0,0,19,0,0,0.029,-0.016,-1,0.2,-0.7,0
15.9738176,0,0,19,0,0,0.029,-0.015,-1.004,0.3,-0.6,0
15.9838176,0,0,19,0,0,0.029,-0.015,-1.004,0.3,-0.6,0
15.9938176,0,0,19,0,0,0.029,-0.015,-1.004,0.3,-0.6,0
16.0038176,0,0,19,0,0,0.029,-0.015,-1.004,0.3,-0.6,0
16.0138176,0,0,19,0,0,0.029,-0.015,-1.004,0.3,-0.6,0
16.0271843,0,0,19,0,0,0.03,-0.015,-1.001,0.2,-0.6,0.1
16.0371843,0,0,19,0,0,0.03,-0.015,-1.001,0.2,-0.6,0.1
16.0471843,0,0,19,0,0,0.03,-0.015,-1.001,0.2,-0.6,0.1
16.0571843,0,0,19,0,0,0.03,-0.015,-1.001,0.2,-0.6,0.1
16.0671843,0,0,19,0,0,0.03,-0.015,-1.001,0.2,-0.6,0.1
16.1187865,0,0,19,0,0,0.029,-0.015,-1,0.3,-0.6,0
16.1287865,0,0,19,0,0,0.029,-0.015,-1,0.3,-0.6,0
16.1387865,0,0,19,0,0,0.029,-0.015,-1,0.3,-0.6,0
16.1487865,0,0,19,0,0,0.029,-0.015,-1,0.3,-0.6,0
16.1587865,0,0,19,0,0,0.029,-0.015,-1,0.3,-0.6,0
16.1687865,0,0,19,0,0,0.029,-0.015,-1.002,0.3,-0.6,0
16.1787865,0,0,19,0,0,0.029,-0.015,-1.002,0.3,-0.6,0
16.1887865,0,0,19,0,0,0.029,-0.015,-1.002,0.3,-0.6,0
16.1987865,0,0,19,0,0,0.029,-0.015,-1.002,0.3,-0.6,0
16.2087865,0,0,19,0,0,0.029,-0.015,-1.002,0.3,-0.6,0
16.2187865,0,0,19,0,0,0.03,-0.015,-1,0.3,-0.6,0
16.2287865,0,0,19,0,0,0.03,-0.015,-1,0.3,-0.6,0
16.2387865,0,0,19,0,0,0.03,-0.015,-1,0.3,-0.6,0
16.2487865,0,0,19,0,0,0.03,-0.015,-1,0.3,-0.6,0
16.2587865,0,0,19,0,0,0.03,-0.015,-1,0.3,-0.6,0
16.2687865,0,0,19,0,0,0.029,-0.014,-1.002,0.2,-0.5,0.1
16.2787865,0,0,19,0,0,0.029,-0.014,-1.002,0.2,-0.5,0.1
16.2887865,0,0,19,0,0,0.029,-0.014,-1.002,0.2,-0.5,0.1
16.2987865,0,0,19,0,0,0.029,-0.014,-1.002,0.2,-0.5,0.1
16.3087865,0,0,19,0,0,0.029,-0.014,-1.002,0.2,-0.5,0.1
16.3291195,0,0,19,0,0,0.029,-0.015,-1.001,0.3,-0.6,0.1
16.3391195,0,0,19,0,0,0.029,-0.015,-1.001,0.3,-0.6,0.1
16.3491195,0,0,19,0,0,0.029,-0.015,-1.001,0.3,-0.6,0.1
16.3591195,0,0,19,0,0,0.029,-0.015,-1.001,0.3,-0.6,0.1
16.3691195,0,0,19,0,0,0.029,-0.015,-1.001,0.3,-0.6,0.1
16.3791195,0,0,19,0,0,0.03,-0.016,-1.002,0.3,-0.4,0
16.3891195,0,0,19,0,0,0.03,-0.016,-1.002,0.3,-0.4,0
16.3991195,0,0,19,0,0,0.03,-0.016,-1.002,0.3,-0.4,0
16.4091195,0,0,19,0,0,0.03,-0.016,-1.002,0.3,-0.4,0
16.4191195,0,0,19,0,0,0.03,-0.016,-1.002,0.3,-0.4,0
16.4291195,0,0,19,0,0,0.03,-0.015,-1,0.3,-0.5,0
16.4391195,0,0,19,0,0,0.03,-0.015,-1,0.3,-0.5,0
16.4491195,0,0,19,0,0,0.03,-0.015,-1,0.3,-0.5,0
16.4591195,0,0,19,0,0,0.03,-0.015,-1,0.3,-0.5,0
16.4691195,0,0,19,0,0,0.03,-0.015,-1,0.3,-0.5,0
16.4791195,0,0,19,0,0,0.029,-0.014,-1.002,0.2,-0.5,0
16.4891195,0,0,19,0,0,0.029,-0.014,-1.002,0.2,-0.5,0
16.4991195,0,0,19,0,0,0.029,-0.014,-1.002,0.2,-0.5,0
16.5091195,0,0,19,0,0,0.029,-0.014,-1.002,0.2,-0.5,0
16.5191195,0,0,19,0,0,0.029,-0.014,-1.002,0.2,-0.5,0
16.5291195,0,0,19,0,0,0.03,-0.016,-1,0.3,-0.6,0.1
16.5391195,0,0,19,0,0,0.03,-0.016,-1,0.3,-0.6,0.1
16.5491195,0,0,19,0,0,0.03,-0.016,-1,0.3,-0.6,0.1
16.5591195,0,0,19,0,0,0.03,-0.016,-1,0.3,-0.6,0.1
16.5691195,0,0,19,0,0,0.03,-0.016,-1,0.3,-0.6,0.1
16.5791195,0,0,19,0,0,0.029,-0.015,-1.001,0.3,-0.5,0.1
16.5891195,0,0,19,0,0,0.029,-0.015,-1.001,0.3,-0.5,0.1
16.5991195,0,0,19,0,0,0.029,-0.015,-1.001,0.3,-0.5,0.1
16.6091195,0,0,19,0,0,0.029,-0.015,-1.001,0.3,-0.5,0.1
16.6191195,0,0,19,0,0,0.029,-0.015,-1.001,0.3,-0.5,0.1
16.6291195,0,0,19,0,0,0.03,-0.015,-1.003,0.3,-0.5,0
16.6391195,0,0,19,0,0,0.03,-0.015,-1.003,0.3,-0.5,0
16.6491195,0,0,19,0,0,0.03,-0.015,-1.003,0.3,-0.5,0
16.6591195,0,0,19,0,0,0.03,-0.015,-1.003,0.3,-0.5,0
16.6691195,0,0,19,0,0,0.03,-0.015,-1.003,0.3,-0.5,0
16.6791195,0,0,19,0,0,0.029,-0.014,-1,0.3,-0.6,0
16.6891195,0,0,19,0,0,0.029,-0.014,-1,0.3,-0.6,0
16.6991195,0,0,19,0,0,0.029,-0.014,-1,0.3,-0.6,0
16.7091195,0,0,19,0,0,0.029,-0.014,-1,0.3,-0.6,0
16.7191195,0,0,19,0,0,0.029,-0.014,-1,0.3,-0.6,0
16.7291195,0,0,19,0,0,0.03,-0.016,-1.001,0.3,-0.6,0
16.7391195,0,0,19,0,0,0.03,-0.016,-1.001,0.3,-0.6,0
16.7491195,0,0,19,0,0,0.03,-0.016,-1.001,0.3,-0.6,0
16.7591195,0,0,19,0,0,0.03,-0.016,-1.001,0.3,-0.6,0
16.7691195,0,0,19,0,0,0.03,-0.016,-1.001,0.3,-0.6,0
16.7791195,0,0,19,0,0,0.03,-0.015,-1.001,0.3,-0.4,0
16.7891195,0,0,19,0,0,0.03,-0.015,-1.001,0.3,-0.4,0
16.7991195,0,0,19,0,0,0.03,-0.015,-1.001,0.3,-0.4,0
16.8091195,0,0,19,0,0,0.03,-0.015,-1.001,0.3,-0.4,0
16.8191195,0,0,19,0,0,0.03,-0.015,-1.001,0.3,-0.4,0
16.8291195,0,0,19,0,0,0.029,-0.014,-1.002,0.2,-0.5,0
16.8391195,0,0,19,0,0,0.029,-0.014,-1.002,0.2,-0.5,0
16.8491195,0,0,19,0,0,0.029,-0.014,-1.002,0.2,-0.5,0
16.8591195,0,0,19,0,0,0.029,-0.014,-1.002,0.2,-0.5,0
16.8691195,0,0,19,0,0,0.029,-0.014,-1.002,0.2,-0.5,0
16.8791195,0,0,19,0,0,0.029,-0.015,-1,0.3,-0.6,0.1
16.8891195,0,0,19,0,0,0.029,-0.015,-1,0.3,-0.6,0.1
16.8991195,0,0,19,0,0,0.029,-0.015,-1,0.3,-0.6,0.1
16.9091195,0,0,19,0,0,0.029,-0.015,-1,0.3,-0.6,0.1
16.9191195,0,0,19,0,0,0.029,-0.015,-1,0.3,-0.6,0.1
16.9291195,0,0,19,0,0,0.031,-0.016,-1.001,0.3,-0.6,0
16.9391195,0,0,19,0,0,0.031,-0.016,-1.001,0.3,-0.6,0
16.9491195,0,0,19,0,0,0.031,-0.016,-1.001,0.3,-0.6,0
16.9591195,0,0,19,0,0,0.031,-0.016,-1.001,0.3,-0.6,0
16.9691195,0,0,19,0,0,0.031,-0.016,-1.001,0.3,-0.6,0
16.9791195,0,0,19,0,0,0.03,-0.015,-1.002,0.3,-0.5,0
16.9891195,0,0,19,0,0,0.03,-0.015,-1.002,0.3,-0.5,0
16.9991195,0,0,19,0,0,0.03,-0.015,-1.002,0.3,-0.5,0
17.0091195,0,0,19,0,0,0.03,-0.015,-1.002,0.3,-0.5,0
17.0191195,0,0,19,0,0,0.03,-0.015,-1.002,0.3,-0.5,0
17.0291195,0,0,19,0,0,0.029,-0.015,-0.999,0.3,-0.6,0
17.0391195,0,0,19,0,0,0.029,-0.015,-0.999,0.3,-0.6,0
17.0491195,0,0,19,0,0,0.029,-0.015,-0.999,0.3,-0.6,0
17.0591195,0,0,19,0,0,0.029,-0.015,-0.999,0.3,-0.6,0
17.0691195,0,0,19,0,0,0.029,-0.015,-0.999,0.3,-0.6,0
17.0791195,0,0,19,0,0,0.031,-0.017,-1.003,0.3,-0.5,0.1
17.0891195,0,0,19,0,0,0.031,-0.017,-1.003,0.3,-0.5,0.1
17.0991195,0,0,19,0,0,0.031,-0.017,-1.003,0.3,-0.5,0.1
17.1091195,0,0,19,0,0,0.031,-0.017,-1.003,0.3,-0.5,0.1
17.1191195,0,0,19,0,0,0.031,-0.017,-1.003,0.3,-0.5,0.1
17.1291195,0,0,19,0,0,0.029,-0.014,-1.001,0.3,-0.5,0
17.1391195,0,0,19,0,0,0.029,-0.014,-1.001,0.3,-0.5,0
17.1491195,0,0,19,0,0,0.029,-0.014,-1.001,0.3,-0.5,0
17.1591195,0,0,19,0,0,0.029,-0.014,-1.001,0.3,-0.5,0
17.1691195,0,0,19,0,0,0.029,-0.014,-1.001,0.3,-0.5,0
17.1791195,0,0,19,0,0,0.03,-0.016,-1,0.2,-0.6,0
17.1891195,0,0,19,0,0,0.03,-0.016,-1,0.2,-0.6,0
17.1991195,0,0,19,0,0,0.03,-0.016,-1,0.2,-0.6,0
17.2091195,0,0,19,0,0,0.03,-0.016,-1,0.2,-0.6,0
17.2191195,0,0,19,0,0,0.03,-0.016,-1,0.2,-0.6,0
20.3024474,0,0,19,0,0,0.03,-0.016,-1,0.3,-0.6,0.1
20.3124474,0,0,19,0,0,0.03,-0.016,-1,0.3,-0.6,0.1
20.3224474,0,0,19,0,0,0.03,-0.016,-1,0.3,-0.6,0.1
20.3324474,0,0,19,0,0,0.03,-0.016,-1,0.3,-0.6,0.1
20.3424474,0,0,19,0,0,0.03,-0.016,-1,0.3,-0.6,0.1
20.381971,0,0,19,0,0,0.029,-0.014,-1,0.3,-0.6,0
20.391971,0,0,19,0,0,0.029,-0.014,-1,0.3,-0.6,0
20.401971,0,0,19,0,0,0.029,-0.014,-1,0.3,-0.6,0
20.411971,0,0,19,0,0,0.029,-0.014,-1,0.3,-0.6,0
20.421971,0,0,19,0,0,0.029,-0.014,-1,0.3,-0.6,0
20.431971,0,0,19,0,0,0.029,-0.016,-1.001,0.3,-0.5,0
20.441971,0,0,19,0,0,0.029,-0.016,-1.001,0.3,-0.5,0
20.451971,0,0,19,0,0,0.029,-0.016,-1.001,0.3,-0.5,0
20.461971,0,0,19,0,0,0.029,-0.016,-1.001,0.3,-0.5,0
20.471971,0,0,19,0,0,0.029,-0.016,-1.001,0.3,-0.5,0
20.481971,0,0,19,0,0,0.03,-0.015,-1.001,0.3,-0.5,0.1
20.491971,0,0,19,0,0,0.03,-0.015,-1.001,0.3,-0.5,0.1
20.501971,0,0,19,0,0,0.03,-0.015,-1.001,0.3,-0.5,0.1
20.511971,0,0,19,0,0,0.03,-0.015,-1.001,0.3,-0.5,0.1
20.521971,0,0,19,0,0,0.03,-0.015,-1.001,0.3,-0.5,0.1
20.531971,0,0,19,0,0,0.03,-0.015,-1.001,0.3,-0.5,0
20.541971,0,0,19,0,0,0.03,-0.015,-1.001,0.3,-0.5,0
20.551971,0,0,19,0,0,0.03,-0.015,-1.001,0.3,-0.5,0
20.561971,0,0,19,0,0,0.03,-0.015,-1.001,0.3,-0.5,0
20.571971,0,0,19,0,0,0.03,-0.015,-1.001,0.3,-0.5,0
20.581971,0,0,19,0,0,0.029,-0.015,-1.001,0.2,-0.6,0
20.591971,0,0,19,0,0,0.029,-0.015,-1.001,0.2,-0.6,0
20.601971,0,0,19,0,0,0.029,-0.015,-1.001,0.2,-0.6,0
20.611971,0,0,19,0,0,0.029,-0.015,-1.001,0.2,-0.6,0
20.621971,0,0,19,0,0,0.029,-0.015,-1.001,0.2,-0.6,0
20.631971,0,0,19,0,0,0.03,-0.015,-1,0.3,-0.6,0
20.641971,0,0,19,0,0,0.03,-0.015,-1,0.3,-0.6,0
20.651971,0,0,19,0,0,0.03,-0.015,-1,0.3,-0.6,0
20.661971,0,0,19,0,0,0.03,-0.015,-1,0.3,-0.6,0
20.671971,0,0,19,0,0,0.03,-0.015,-1,0.3,-0.6,0
20.681971,0,0,19,0,0,0.03,-0.014,-1,0.2,-0.5,0
20.691971,0,0,19,0,0,0.03,-0.014,-1,0.2,-0.5,0
20.701971,0,0,19,0,0,0.03,-0.014,-1,0.2,-0.5,0
20.711971,0,0,19,0,0,0.03,-0.014,-1,0.2,-0.5,0
20.721971,0,0,19,0,0,0.03,-0.014,-1,0.2,-0.5,0
20.7502606,0,0,19,0,0,0.029,-0.015,-1.001,0.3,-0.6,0
20.7602606,0,0,19,0,0,0.029,-0.015,-1.001,0.3,-0.6,0
20.7702606,0,0,19,0,0,0.029,-0.015,-1.001,0.3,-0.6,0
20.7802606,0,0,19,0,0,0.029,-0.015,-1.001,0.3,-0.6,0
20.7902606,0,0,19,0,0,0.029,-0.015,-1.001,0.3,-0.6,0
20.8249631,0,0,19,0,0,0.03,-0.015,-1,0.3,-0.6,0
20.8349631,0,0,19,0,0,0.03,-0.015,-1,0.3,-0.6,0
20.8449631,0,0,19,0,0,0.03,-0.015,-1,0.3,-0.6,0
20.8549631,0,0,19,0,0,0.03,-0.015,-1,0.3,-0.6,0
20.8649631,0,0,19,0,0,0.03,-0.015,-1,0.3,-0.6,0
20.8749631,0,0,19,0,0,0.029,-0.015,-1.001,0.3,-0.5,0
20.8849631,0,0,19,0,0,0.029,-0.015,-1.001,0.3,-0.5,0
20.8949631,0,0,19,0,0,0.029,-0.015,-1.001,0.3,-0.5,0
20.9049631,0,0,19,0,0,0.029,-0.015,-1.001,0.3,-0.5,0
20.9149631,0,0,19,0,0,0.029,-0.015,-1.001,0.3,-0.5,0
20.9249631,0,0,19,0,0,0.03,-0.014,-1,0.3,-0.5,0.1
20.9349631,0,0,19,0,0,0.03,-0.014,-1,0.3,-0.5,0.1
20.9449631,0,0,19,0,0,0.03,-0.014,-1,0.3,-0.5,0.1
20.9549631,0,0,19,0,0,0.03,-0.014,-1,0.3,-0.5,0.1
20.9649631,0,0,19,0,0,0.03,-0.014,-1,0.3,-0.5,0.1
20.9749631,0,0,19,0,0,0.029,-0.016,-1,0.3,-0.6,0
20.9849631,0,0,19,0,0,0.029,-0.016,-1,0.3,-0.6,0
20.9949631,0,0,19,0,0,0.029,-0.016,-1,0.3,-0.6,0
21.0049631,0,0,19,0,0,0.029,-0.016,-1,0.3,-0.6,0
21.0149631,0,0,19,0,0,0.029,-0.016,-1,0.3,-0.6,0
21.0249631,0,0,19,0,0,0.029,-0.015,-1.001,0.3,-0.6,0
21.0349631,0,0,19,0,0,0.029,-0.015,-1.001,0.3,-0.6,0
21.0449631,0,0,19,0,0,0.029,-0.015,-1.001,0.3,-0.6,0
21.0549631,0,0,19,0,0,0.029,-0.015,-1.001,0.3,-0.6,0
21.0649631,0,0,19,0,0,0.029,-0.015,-1.001,0.3,-0.6,0
21.0749631,0,0,19,0,0,0.03,-0.015,-1.001,0.3,-0.6,0.1
21.0849631,0,0,19,0,0,0.03,-0.015,-1.001,0.3,-0.6,0.1
21.0949631,0,0,19,0,0,0.03,-0.015,-1.001,0.3,-0.6,0.1
21.1049631,0,0,19,0,0,0.03,-0.015,-1.001,0.3,-0.6,0.1
21.1149631,0,0,19,0,0,0.03,-0.015,-1.001,0.3,-0.6,0.1
21.1249631,0,0,19,0,0,0.029,-0.014,-1.002,0.3,-0.5,0
21.1349631,0,0,19,0,0,0.029,-0.014,-1.002,0.3,-0.5,0
21.1449631,0,0,19,0,0,0.029,-0.014,-1.002,0.3,-0.5,0
21.1549631,0,0,19,0,0,0.029,-0.014,-1.002,0.3,-0.5,0
21.1649631,0,0,19,0,0,0.029,-0.014,-1.002,0.3,-0.5,0
21.1749631,0,0,19,0,0,0.03,-0.014,-1.001,0.3,-0.6,0.1
21.1849631,0,0,19,0,0,0.03,-0.014,-1.001,0.3,-0.6,0.1
21.1949631,0,0,19,0,0,0.03,-0.014,-1.001,0.3,-0.6,0.1
21.2049631,0,0,19,0,0,0.03,-0.014,-1.001,0.3,-0.6,0.1
21.2149631,0,0,19,0,0,0.03,-0.014,-1.001,0.3,-0.6,0.1
21.2249631,0,0,19,0,0,0.03,-0.016,-1,0.3,-0.6,0.1
21.2349631,0,0,19,0,0,0.03,-0.016,-1,0.3,-0.6,0.1
21.2449631,0,0,19,0,0,0.03,-0.016,-1,0.3,-0.6,0.1
21.2549631,0,0,19,0,0,0.03,-0.016,-1,0.3,-0.6,0.1
21.2649631,0,0,19,0,0,0.03,-0.016,-1,0.3,-0.6,0.1
21.3024663,0,0,19,0,0,0.029,-0.016,-1.001,0.3,-0.6,0
21.3124663,0,0,19,0,0,0.029,-0.016,-1.001,0.3,-0.6,0
21.3224663,0,0,19,0,0,0.029,-0.016,-1.001,0.3,-0.6,0
21.3324663,0,0,19,0,0,0.029,-0.016,-1.001,0.3,-0.6,0
21.3424663,0,0,19,0,0,0.029,-0.016,-1.001,0.3,-0.6,0
21.3524663,0,0,19,0,0,0.03,-0.015,-1.002,0.2,-0.5,0
21.3624663,0,0,19,0,0,0.03,-0.015,-1.002,0.2,-0.5,0
21.3724663,0,0,19,0,0,0.03,-0.015,-1.002,0.2,-0.5,0
21.3824663,0,0,19,0,0,0.03,-0.015,-1.002,0.2,-0.5,0
21.3924663,0,0,19,0,0,0.03,-0.015,-1.002,0.2,-0.5,0
21.4928916,0,0,19,0,0,0.029,-0.015,-1.001,0.3,-0.6,0
21.5028916,0,0,19,0,0,0.029,-0.015,-1.001,0.3,-0.6,0
21.5128916,0,0,19,0,0,0.029,-0.015,-1.001,0.3,-0.6,0
21.5228916,0,0,19,0,0,0.029,-0.015,-1.001,0.3,-0.6,0
21.5328916,0,0,19,0,0,0.029,-0.015,-1.001,0.3,-0.6,0
21.6033324,0,0,19,0,0,0.03,-0.015,-1.002,0.3,-0.6,0
21.6133324,0,0,19,0,0,0.03,-0.015,-1.002,0.3,-0.6,0
21.6233324,0,0,19,0,0,0.03,-0.015,-1.002,0.3,-0.6,0
21.6333324,0,0,19,0,0,0.03,-0.015,-1.002,0.3,-0.6,0
21.6433324,0,0,19,0,0,0.03,-0.015,-1.002,0.3,-0.6,0
21.6533324,0,0,19,0,0,0.03,-0.014,-1.002,0.3,-0.5,0
21.6633324,0,0,19,0,0,0.03,-0.014,-1.002,0.3,-0.5,0
21.6733324,0,0,19,0,0,0.03,-0.014,-1.002,0.3,-0.5,0
21.6833324,0,0,19,0,0,0.03,-0.014,-1.002,0.3,-0.5,0
21.6933324,0,0,19,0,0,0.03,-0.014,-1.002,0.3,-0.5,0
21.7141924,0,0,19,0,0,0.028,-0.014,-1.002,0.3,-0.6,0
21.7241924,0,0,19,0,0,0.028,-0.014,-1.002,0.3,-0.6,0
21.7341924,0,0,19,0,0,0.028,-0.014,-1.002,0.3,-0.6,0
21.7441924,0,0,19,0,0,0.028,-0.014,-1.002,0.3,-0.6,0
21.7541924,0,0,19,0,0,0.028,-0.014,-1.002,0.3,-0.6,0
21.7929833,0,0,19,0,0,0.03,-0.015,-1.001,0.3,-0.6,0
21.8029833,0,0,19,0,0,0.03,-0.015,-1.001,0.3,-0.6,0
21.8129833,0,0,19,0,0,0.03,-0.015,-1.001,0.3,-0.6,0
21.8229833,0,0,19,0,0,0.03,-0.015,-1.001,0.3,-0.6,0
21.8329833,0,0,19,0,0,0.03,-0.015,-1.001,0.3,-0.6,0
21.8429833,0,0,19,0,0,0.03,-0.015,-1,0.2,-0.6,0
21.8529833,0,0,19,0,0,0.03,-0.015,-1,0.2,-0.6,0
21.8629833,0,0,19,0,0,0.03,-0.015,-1,0.2,-0.6,0
21.8729833,0,0,19,0,0,0.03,-0.015,-1,0.2,-0.6,0
21.8829833,0,0,19,0,0,0.03,-0.015,-1,0.2,-0.6,0
21.8929833,0,0,19,0,0,0.03,-0.016,-1.001,0.2,-0.6,0
21.9029833,0,0,19,0,0,0.03,-0.016,-1.001,0.2,-0.6,0
21.9129833,0,0,19,0,0,0.03,-0.016,-1.001,0.2,-0.6,0
21.9229833,0,0,19,0,0,0.03,-0.016,-1.001,0.2,-0.6,0
21.9329833,0,0,19,0,0,0.03,-0.016,-1.001,0.2,-0.6,0
21.9429833,0,0,19,0,0,0.03,-0.015,-1.001,0.3,-0.5,0
21.9529833,0,0,19,0,0,0.03,-0.015,-1.001,0.3,-0.5,0
21.9629833,0,0,19,0,0,0.03,-0.015,-1.001,0.3,-0.5,0
21.9729833,0,0,19,0,0,0.03,-0.015,-1.001,0.3,-0.5,0
21.9829833,0,0,19,0,0,0.03,-0.015,-1.001,0.3,-0.5,0
21.9929833,0,0,19,0,0,0.03,-0.015,-1.001,0.3,-0.6,0
22.0029833,0,0,19,0,0,0.03,-0.015,-1.001,0.3,-0.6,0
22.0129833,0,0,19,0,0,0.03,-0.015,-1.001,0.3,-0.6,0
22.0229833,0,0,19,0,0,0.03,-0.015,-1.001,0.3,-0.6,0
22.0329833,0,0,19,0,0,0.03,-0.015,-1.001,0.3,-0.6,0
22.0429833,0,0,19,0,0,0.029,-0.016,-1.001,0.3,-0.5,0
22.0529833,0,0,19,0,0,0.029,-0.016,-1.001,0.3,-0.5,0
22.0629833,0,0,19,0,0,0.029,-0.016,-1.001,0.3,-0.5,0
22.0729833,0,0,19,0,0,0.029,-0.016,-1.001,0.3,-0.5,0
22.0829833,0,0,19,0,0,0.029,-0.016,-1.001,0.3,-0.5,0
22.0929833,0,0,19,0,0,0.029,-0.015,-1.002,0.2,-0.6,0
22.1029833,0,0,19,0,0,0.029,-0.015,-1.002,0.2,-0.6,0
22.1129833,0,0,19,0,0,0.029,-0.015,-1.002,0.2,-0.6,0
22.1229833,0,0,19,0,0,0.029,-0.015,-1.002,0.2,-0.6,0
22.1329833,0,0,19,0,0,0.029,-0.015,-1.002,0.2,-0.6,0
22.1429833,0,0,19,0,0,0.03,-0.016,-1.002,0.3,-0.6,0.1
22.1529833,0,0,19,0,0,0.03,-0.016,-1.002,0.3,-0.6,0.1
22.1629833,0,0,19,0,0,0.03,-0.016,-1.002,0.3,-0.6,0.1
22.1729833,0,0,19,0,0,0.03,-0.016,-1.002,0.3,-0.6,0.1
22.1829833,0,0,19,0,0,0.03,-0.016,-1.002,0.3,-0.6,0.1
22.1929833,0,0,19,0,0,0.028,-0.015,-1.002,0.3,-0.6,0
22.2029833,0,0,19,0,0,0.028,-0.015,-1.002,0.3,-0.6,0
22.2129833,0,0,19,0,0,0.028,-0.015,-1.002,0.3,-0.6,0
22.2229833,0,0,19,0,0,0.028,-0.015,-1.002,0.3,-0.6,0
22.2329833,0,0,19,0,0,0.028,-0.015,-1.002,0.3,-0.6,0
22.2429833,0,0,19,0,0,0.03,-0.015,-1.001,0.3,-0.6,0
22.2529833,0,0,19,0,0,0.03,-0.015,-1.001,0.3,-0.6,0
22.2629833,0,0,19,0,0,0.03,-0.015,-1.001,0.3,-0.6,0
22.2729833,0,0,19,0,0,0.03,-0.015,-1.001,0.3,-0.6,0
22.2829833,0,0,19,0,0,0.03,-0.015,-1.001,0.3,-0.6,0
22.2929833,0,0,19,0,0,0.03,-0.014,-1.001,0.3,-0.6,0
22.3029833,0,0,19,0,0,0.03,-0.014,-1.001,0.3,-0.6,0
22.3129833,0,0,19,0,0,0.03,-0.014,-1.001,0.3,-0.6,0
22.3229833,0,0,19,0,0,0.03,-0.014,-1.001,0.3,-0.6,0
22.3329833,0,0,19,0,0,0.03,-0.014,-1.001,0.3,-0.6,0
22.3429833,0,0,19,0,0,0.03,-0.015,-1.001,0.2,-0.6,0
22.3529833,0,0,19,0,0,0.03,-0.015,-1.001,0.2,-0.6,0
22.3629833,0,0,19,0,0,0.03,-0.015,-1.001,0.2,-0.6,0
22.3729833,0,0,19,0,0,0.03,-0.015,-1.001,0.2,-0.6,0
22.3829833,0,0,19,0,0,0.03,-0.015,-1.001,0.2,-0.6,0
22.3929833,0,0,19,0,0,0.03,-0.014,-1.002,0.2,-0.5,0
22.4029833,0,0,19,0,0,0.03,-0.014,-1.002,0.2,-0.5,0
22.4129833,0,0,19,0,0,0.03,-0.014,-1.002,0.2,-0.5,0
22.4229833,0,0,19,0,0,0.03,-0.014,-1.002,0.2,-0.5,0
22.4329833,0,0,19,0,0,0.03,-0.014,-1.002,0.2,-0.5,0
22.4429833,0,0,19,0,0,0.03,-0.015,-1.001,0.3,-0.5,0.1
22.4529833,0,0,19,0,0,0.03,-0.015,-1.001,0.3,-0.5,0.1
22.4629833,0,0,19,0,0,0.03,-0.015,-1.001,0.3,-0.5,0.1
22.4729833,0,0,19,0,0,0.03,-0.015,-1.001,0.3,-0.5,0.1
22.4829833,0,0,19,0,0,0.03,-0.015,-1.001,0.3,-0.5,0.1
22.4929833,0,0,19,0,0,0.029,-0.015,-1.002,0.3,-0.5,0
22.5029833,0,0,19,0,0,0.029,-0.015,-1.002,0.3,-0.5,0
22.5129833,0,0,19,0,0,0.029,-0.015,-1.002,0.3,-0.5,0
22.5229833,0,0,19,0,0,0.029,-0.015,-1.002,0.3,-0.5,0
22.5329833,0,0,19,0,0,0.029,-0.015,-1.002,0.3,-0.5,0
22.5429833,0,0,19,0,0,0.029,-0.015,-1.001,0.3,-0.5,0
22.5529833,0,0,19,0,0,0.029,-0.015,-1.001,0.3,-0.5,0
22.5629833,0,0,19,0,0,0.029,-0.015,-1.001,0.3,-0.5,0
22.5729833,0,0,19,0,0,0.029,-0.015,-1.001,0.3,-0.5,0
22.5829833,0,0,19,0,0,0.029,-0.015,-1.001,0.3,-0.5,0
22.5929833,0,0,19,0,0,0.03,-0.016,-1.001,0.2,-0.5,0
22.6029833,0,0,19,0,0,0.03,-0.016,-1.001,0.2,-0.5,0
22.6129833,0,0,19,0,0,0.03,-0.016,-1.001,0.2,-0.5,0
22.6229833,0,0,19,0,0,0.03,-0.016,-1.001,0.2,-0.5,0
22.6329833,0,0,19,0,0,0.03,-0.016,-1.001,0.2,-0.5,0
22.6429833,0,0,19,0,0,0.03,-0.014,-1.002,0.3,-0.6,0.1
22.6529833,0,0,19,0,0,0.03,-0.014,-1.002,0.3,-0.6,0.1
22.6629833,0,0,19,0,0,0.03,-0.014,-1.002,0.3,-0.6,0.1
22.6729833,0,0,19,0,0,0.03,-0.014,-1.002,0.3,-0.6,0.1
22.6829833,0,0,19,0,0,0.03,-0.014,-1.002,0.3,-0.6,0.1
22.6929833,0,0,19,0,0,0.029,-0.016,-1.001,0.3,-0.5,0
22.7029833,0,0,19,0,0,0.029,-0.016,-1.001,0.3,-0.5,0
22.7129833,0,0,19,0,0,0.029,-0.016,-1.001,0.3,-0.5,0
22.7229833,0,0,19,0,0,0.029,-0.016,-1.001,0.3,-0.5,0
22.7329833,0,0,19,0,0,0.029,-0.016,-1.001,0.3,-0.5,0
22.7429833,0,0,19,0,0,0.031,-0.014,-1.001,0.2,-0.5,0.1
22.7529833,0,0,19,0,0,0.031,-0.014,-1.001,0.2,-0.5,0.1
22.7629833,0,0,19,0,0,0.031,-0.014,-1.001,0.2,-0.5,0.1
22.7729833,0,0,19,0,0,0.031,-0.014,-1.001,0.2,-0.5,0.1
22.7829833,0,0,19,0,0,0.031,-0.014,-1.001,0.2,-0.5,0.1
22.7929833,0,0,19,0,0,0.03,-0.015,-1.001,0.3,-0.6,0
22.8029833,0,0,19,0,0,0.03,-0.015,-1.001,0.3,-0.6,0
22.8129833,0,0,19,0,0,0.03,-0.015,-1.001,0.3,-0.6,0
22.8229833,0,0,19,0,0,0.03,-0.015,-1.001,0.3,-0.6,0
22.8329833,0,0,19,0,0,0.03,-0.015,-1.001,0.3,-0.6,0
22.8429833,0,0,19,0,0,0.028,-0.016,-1.001,0.3,-0.6,0
22.8529833,0,0,19,0,0,0.028,-0.016,-1.001,0.3,-0.6,0
22.8629833,0,0,19,0,0,0.028,-0.016,-1.001,0.3,-0.6,0
22.8729833,0,0,19,0,0,0.028,-0.016,-1.001,0.3,-0.6,0
22.8829833,0,0,19,0,0,0.028,-0.016,-1.001,0.3,-0.6,0
22.8929833,0,0,19,0,0,0.031,-0.016,-1.001,0.3,-0.5,0
22.9029833,0,0,19,0,0,0.031,-0.016,-1.001,0.3,-0.5,0
22.9129833,0,0,19,0,0,0.031,-0.016,-1.001,0.3,-0.5,0
22.9229833,0,0,19,0,0,0.031,-0.016,-1.001,0.3,-0.5,0
22.9329833,0,0,19,0,0,0.031,-0.016,-1.001,0.3,-0.5,0
22.9523462,0,0,19,0,0,0.03,-0.015,-1.001,0.3,-0.6,0
22.9623462,0,0,19,0,0,0.03,-0.015,-1.001,0.3,-0.6,0
22.9723462,0,0,19,0,0,0.03,-0.015,-1.001,0.3,-0.6,0
22.9823462,0,0,19,0,0,0.03,-0.015,-1.001,0.3,-0.6,0
22.9923462,0,0,19,0,0,0.03,-0.015,-1.001,0.3,-0.6,0
23.0042981,0,0,19,0,0,0.029,-0.015,-1.001,0.3,-0.6,0
23.0142981,0,0,19,0,0,0.029,-0.015,-1.001,0.3,-0.6,0
23.0242981,0,0,19,0,0,0.029,-0.015,-1.001,0.3,-0.6,0
23.0342981,0,0,19,0,0,0.029,-0.015,-1.001,0.3,-0.6,0
23.0442981,0,0,19,0,0,0.029,-0.015,-1.001,0.3,-0.6,0
23.0678165,0,0,19,0,0,0.03,-0.015,-1.001,0.3,-0.5,0
23.0778165,0,0,19,0,0,0.03,-0.015,-1.001,0.3,-0.5,0
23.0878165,0,0,19,0,0,0.03,-0.015,-1.001,0.3,-0.5,0
23.0978165,0,0,19,0,0,0.03,-0.015,-1.001,0.3,-0.5,0
23.1078165,0,0,19,0,0,0.03,-0.015,-1.001,0.3,-0.5,0
23.154519,0,0,19,0,0,0.03,-0.014,-1.002,0.3,-0.4,0
23.164519,0,0,19,0,0,0.03,-0.014,-1.002,0.3,-0.4,0
23.174519,0,0,19,0,0,0.03,-0.014,-1.002,0.3,-0.4,0
23.184519,0,0,19,0,0,0.03,-0.014,-1.002,0.3,-0.4,0
23.194519,0,0,19,0,0,0.03,-0.014,-1.002,0.3,-0.4,0
23.204519,0,0,19,0,0,0.03,-0.015,-1.001,0.3,-0.5,0.1
23.214519,0,0,19,0,0,0.03,-0.015,-1.001,0.3,-0.5,0.1
23.224519,0,0,19,0,0,0.03,-0.015,-1.001,0.3,-0.5,0.1
23.234519,0,0,19,0,0,0.03,-0.015,-1.001,0.3,-0.5,0.1
23.244519,0,0,19,0,0,0.03,-0.015,-1.001,0.3,-0.5,0.1
23.254519,0,0,19,0,0,0.03,-0.015,-1.002,0.2,-0.5,0
23.264519,0,0,19,0,0,0.03,-0.015,-1.002,0.2,-0.5,0
23.274519,0,0,19,0,0,0.03,-0.015,-1.002,0.2,-0.5,0
23.284519,0,0,19,0,0,0.03,-0.015,-1.002,0.2,-0.5,0
23.294519,0,0,19,0,0,0.03,-0.015,-1.002,0.2,-0.5,0
23.304519,0,0,19,0,0,0.029,-0.015,-1.001,0.3,-0.6,0
23.314519,0,0,19,0,0,0.029,-0.015,-1.001,0.3,-0.6,0
23.324519,0,0,19,0,0,0.029,-0.015,-1.001,0.3,-0.6,0
23.334519,0,0,19,0,0,0.029,-0.015,-1.001,0.3,-0.6,0
23.344519,0,0,19,0,0,0.029,-0.015,-1.001,0.3,-0.6,0
25.3976799,0,0,19,0,0,0.029,-0.015,-1.002,0.3,-0.6,0
25.4076799,0,0,19,0,0,0.029,-0.015,-1.002,0.3,-0.6,0
25.4176799,0,0,19,0,0,0.029,-0.015,-1.002,0.3,-0.6,0
25.4276799,0,0,19,0,0,0.029,-0.015,-1.002,0.3,-0.6,0
25.4376799,0,0,19,0,0,0.029,-0.015,-1.002,0.3,-0.6,0
25.4775197,0,0,19,0,0,0.029,-0.015,-1.002,0.3,-0.5,0
25.4875197,0,0,19,0,0,0.029,-0.015,-1.002,0.3,-0.5,0
25.4975197,0,0,19,0,0,0.029,-0.015,-1.002,0.3,-0.5,0
25.5075197,0,0,19,0,0,0.029,-0.015,-1.002,0.3,-0.5,0
25.5175197,0,0,19,0,0,0.029,-0.015,-1.002,0.3,-0.5,0
25.5275197,0,0,19,0,0,0.029,-0.016,-1.001,0.3,-0.6,0
25.5375197,0,0,19,0,0,0.029,-0.016,-1.001,0.3,-0.6,0
25.5475197,0,0,19,0,0,0.029,-0.016,-1.001,0.3,-0.6,0
25.5575197,0,0,19,0,0,0.029,-0.016,-1.001,0.3,-0.6,0
25.5675197,0,0,19,0,0,0.029,-0.016,-1.001,0.3,-0.6,0
25.5775197,0,0,19,0,0,0.03,-0.015,-1.001,0.3,-0.6,0
25.5875197,0,0,19,0,0,0.03,-0.015,-1.001,0.3,-0.6,0
25.5975197,0,0,19,0,0,0.03,-0.015,-1.001,0.3,-0.6,0
25.6075197,0,0,19,0,0,0.03,-0.015,-1.001,0.3,-0.6,0
25.6175197,0,0,19,0,0,0.03,-0.015,-1.001,0.3,-0.6,0
25.6275197,0,0,19,0,0,0.03,-0.015,-1,0.3,-0.5,0
25.6375197,0,0,19,0,0,0.03,-0.015,-1,0.3,-0.5,0
25.6475197,0,0,19,0,0,0.03,-0.015,-1,0.3,-0.5,0
25.6575197,0,0,19,0,0,0.03,-0.015,-1,0.3,-0.5,0
25.6675197,0,0,19,0,0,0.03,-0.015,-1,0.3,-0.5,0
25.6775197,0,0,19,0,0,0.03,-0.014,-1,0.3,-0.6,0
25.6875197,0,0,19,0,0,0.03,-0.014,-1,0.3,-0.6,0
25.6975197,0,0,19,0,0,0.03,-0.014,-1,0.3,-0.6,0
25.7075197,0,0,19,0,0,0.03,-0.014,-1,0.3,-0.6,0
25.7175197,0,0,19,0,0,0.03,-0.014,-1,0.3,-0.6,0
25.7275197,0,0,19,0,0,0.029,-0.016,-1.002,0.3,-0.5,0
25.7375197,0,0,19,0,0,0.029,-0.016,-1.002,0.3,-0.5,0
25.7475197,0,0,19,0,0,0.029,-0.016,-1.002,0.3,-0.5,0
25.7575197,0,0,19,0,0,0.029,-0.016,-1.002,0.3,-0.5,0
25.7675197,0,0,19,0,0,0.029,-0.016,-1.002,0.3,-0.5,0
25.7784045,0,0,19,0,0,0.029,-0.015,-1.001,0.3,-0.6,0.1
25.7884045,0,0,19,0,0,0.029,-0.015,-1.001,0.3,-0.6,0.1
25.7984045,0,0,19,0,0,0.029,-0.015,-1.001,0.3,-0.6,0.1
25.8084045,0,0,19,0,0,0.029,-0.015,-1.001,0.3,-0.6,0.1
25.8184045,0,0,19,0,0,0.029,-0.015,-1.001,0.3,-0.6,0.1
25.8284045,0,0,19,0,0,0.029,-0.017,-1.001,0.3,-0.5,0
25.8384045,0,0,19,0,0,0.029,-0.017,-1.001,0.3,-0.5,0
25.8484045,0,0,19,0,0,0.029,-0.017,-1.001,0.3,-0.5,0
25.8584045,0,0,19,0,0,0.029,-0.017,-1.001,0.3,-0.5,0
25.8684045,0,0,19,0,0,0.029,-0.017,-1.001,0.3,-0.5,0
25.8784045,0,0,19,0,0,0.03,-0.014,-1.001,0.3,-0.6,0
25.8884045,0,0,19,0,0,0.03,-0.014,-1.001,0.3,-0.6,0
25.8984045,0,0,19,0,0,0.03,-0.014,-1.001,0.3,-0.6,0
25.9084045,0,0,19,0,0,0.03,-0.014,-1.001,0.3,-0.6,0
25.9184045,0,0,19,0,0,0.03,-0.014,-1.001,0.3,-0.6,0
25.9731376,0,0,19,0,0,0.029,-0.016,-1.001,0.3,-0.5,0
25.9831376,0,0,19,0,0,0.029,-0.016,-1.001,0.3,-0.5,0
25.9931376,0,0,19,0,0,0.029,-0.016,-1.001,0.3,-0.5,0
26.0031376,0,0,19,0,0,0.029,-0.016,-1.001,0.3,-0.5,0
26.0131376,0,0,19,0,0,0.029,-0.016,-1.001,0.3,-0.5,0
26.0231376,0,0,19,0,0,0.029,-0.014,-1.002,0.3,-0.6,0
26.0331376,0,0,19,0,0,0.029,-0.014,-1.002,0.3,-0.6,0
26.0431376,0,0,19,0,0,0.029,-0.014,-1.002,0.3,-0.6,0
26.0531376,0,0,19,0,0,0.029,-0.014,-1.002,0.3,-0.6,0
26.0631376,0,0,19,0,0,0.029,-0.014,-1.002,0.3,-0.6,0
26.0731376,0,0,19,0,0,0.029,-0.016,-1.001,0.3,-0.5,0
26.0831376,0,0,19,0,0,0.029,-0.016,-1.001,0.3,-0.5,0
26.0931376,0,0,19,0,0,0.029,-0.016,-1.001,0.3,-0.5,0
26.1031376,0,0,19,0,0,0.029,-0.016,-1.001,0.3,-0.5,0
26.1131376,0,0,19,0,0,0.029,-0.016,-1.001,0.3,-0.5,0
26.1231376,0,0,19,0,0,0.03,-0.015,-1.001,0.2,-0.6,0
26.1331376,0,0,19,0,0,0.03,-0.015,-1.001,0.2,-0.6,0
26.1431376,0,0,19,0,0,0.03,-0.015,-1.001,0.2,-0.6,0
26.1531376,0,0,19,0,0,0.03,-0.015,-1.001,0.2,-0.6,0
26.1631376,0,0,19,0,0,0.03,-0.015,-1.001,0.2,-0.6,0
26.1731376,0,0,19,0,0,0.03,-0.015,-1.002,0.3,-0.6,0
26.1831376,0,0,19,0,0,0.03,-0.015,-1.002,0.3,-0.6,0
26.1931376,0,0,19,0,0,0.03,-0.015,-1.002,0.3,-0.6,0
26.2031376,0,0,19,0,0,0.03,-0.015,-1.002,0.3,-0.6,0
26.2131376,0,0,19,0,0,0.03,-0.015,-1.002,0.3,-0.6,0
26.2231376,0,0,19,0,0,0.03,-0.014,-1.001,0.3,-0.6,0.1
26.2331376,0,0,19,0,0,0.03,-0.014,-1.001,0.3,-0.6,0.1
26.2431376,0,0,19,0,0,0.03,-0.014,-1.001,0.3,-0.6,0.1
26.2531376,0,0,19,0,0,0.03,-0.014,-1.001,0.3,-0.6,0.1
26.2631376,0,0,19,0,0,0.03,-0.014,-1.001,0.3,-0.6,0.1
26.2731376,0,0,19,0,0,0.029,-0.015,-1.001,0.3,-0.5,0
26.2831376,0,0,19,0,0,0.029,-0.015,-1.001,0.3,-0.5,0
26.2931376,0,0,19,0,0,0.029,-0.015,-1.001,0.3,-0.5,0
26.3031376,0,0,19,0,0,0.029,-0.015,-1.001,0.3,-0.5,0
26.3131376,0,0,19,0,0,0.029,-0.015,-1.001,0.3,-0.5,0
26.3231376,0,0,19,0,0,0.029,-0.016,-1.001,0.3,-0.6,0
26.3331376,0,0,19,0,0,0.029,-0.016,-1.001,0.3,-0.6,0
26.3431376,0,0,19,0,0,0.029,-0.016,-1.001,0.3,-0.6,0
26.3531376,0,0,19,0,0,0.029,-0.016,-1.001,0.3,-0.6,0
26.3631376,0,0,19,0,0,0.029,-0.016,-1.001,0.3,-0.6,0
26.3731376,0,0,19,0,0,0.029,-0.015,-1.001,0.3,-0.5,0
26.3831376,0,0,19,0,0,0.029,-0.015,-1.001,0.3,-0.5,0
26.3931376,0,0,19,0,0,0.029,-0.015,-1.001,0.3,-0.5,0
26.4031376,0,0,19,0,0,0.029,-0.015,-1.001,0.3,-0.5,0
26.4131376,0,0,19,0,0,0.029,-0.015,-1.001,0.3,-0.5,0
26.4231376,0,0,19,0,0,0.03,-0.015,-1.001,0.3,-0.5,0
26.4331376,0,0,19,0,0,0.03,-0.015,-1.001,0.3,-0.5,0
26.4431376,0,0,19,0,0,0.03,-0.015,-1.001,0.3,-0.5,0
26.4531376,0,0,19,0,0,0.03,-0.015,-1.001,0.3,-0.5,0
26.4631376,0,0,19,0,0,0.03,-0.015,-1.001,0.3,-0.5,0
26.4731376,0,0,19,0,0,0.029,-0.015,-1.002,0.3,-0.6,0
26.4831376,0,0,19,0,0,0.029,-0.015,-1.002,0.3,-0.6,0
26.4931376,0,0,19,0,0,0.029,-0.015,-1.002,0.3,-0.6,0
26.5031376,0,0,19,0,0,0.029,-0.015,-1.002,0.3,-0.6,0
26.5131376,0,0,19,0,0,0.029,-0.015,-1.002,0.3,-0.6,0
26.5231376,0,0,19,0,0,0.029,-0.016,-1,0.3,-0.6,0
26.5331376,0,0,19,0,0,0.029,-0.016,-1,0.3,-0.6,0
26.5431376,0,0,19,0,0,0.029,-0.016,-1,0.3,-0.6,0
26.5531376,0,0,19,0,0,0.029,-0.016,-1,0.3,-0.6,0
26.5631376,0,0,19,0,0,0.029,-0.016,-1,0.3,-0.6,0
26.5731376,0,0,19,0,0,0.03,-0.015,-1.001,0.3,-0.6,0.1
26.5831376,0,0,19,0,0,0.03,-0.015,-1.001,0.3,-0.6,0.1
26.5931376,0,0,19,0,0,0.03,-0.015,-1.001,0.3,-0.6,0.1
26.6031376,0,0,19,0,0,0.03,-0.015,-1.001,0.3,-0.6,0.1
26.6131376,0,0,19,0,0,0.03,-0.015,-1.001,0.3,-0.6,0.1
26.6335262,0,0,19,0,0,0.03,-0.013,-1.001,0.3,-0.6,0
26.6435262,0,0,19,0,0,0.03,-0.013,-1.001,0.3,-0.6,0
26.6535262,0,0,19,0,0,0.03,-0.013,-1.001,0.3,-0.6,0
26.6635262,0,0,19,0,0,0.03,-0.013,-1.001,0.3,-0.6,0
26.6735262,0,0,19,0,0,0.03,-0.013,-1.001,0.3,-0.6,0
26.6835262,0,0,19,0,0,0.03,-0.016,-1.002,0.3,-0.6,0
26.6935262,0,0,19,0,0,0.03,-0.016,-1.002,0.3,-0.6,0
26.7035262,0,0,19,0,0,0.03,-0.016,-1.002,0.3,-0.6,0
26.7135262,0,0,19,0,0,0.03,-0.016,-1.002,0.3,-0.6,0
26.7235262,0,0,19,0,0,0.03,-0.016,-1.002,0.3,-0.6,0
26.7455549,0,0,19,0,0,0.03,-0.016,-1.001,0.3,-0.5,0
26.7555549,0,0,19,0,0,0.03,-0.016,-1.001,0.3,-0.5,0
26.7655549,0,0,19,0,0,0.03,-0.016,-1.001,0.3,-0.5,0
26.7755549,0,0,19,0,0,0.03,-0.016,-1.001,0.3,-0.5,0
26.7855549,0,0,19,0,0,0.03,-0.016,-1.001,0.3,-0.5,0
26.7955549,0,0,19,0,0,0.03,-0.014,-1.002,0.2,-0.5,0.1
26.8055549,0,0,19,0,0,0.03,-0.014,-1.002,0.2,-0.5,0.1
26.8155549,0,0,19,0,0,0.03,-0.014,-1.002,0.2,-0.5,0.1
26.8255549,0,0,19,0,0,0.03,-0.014,-1.002,0.2,-0.5,0.1
26.8355549,0,0,19,0,0,0.03,-0.014,-1.002,0.2,-0.5,0.1
26.8455549,0,0,19,0,0,0.03,-0.016,-1,0.2,-0.6,0
26.8555549,0,0,19,0,0,0.03,-0.016,-1,0.2,-0.6,0
26.8655549,0,0,19,0,0,0.03,-0.016,-1,0.2,-0.6,0
26.8755549,0,0,19,0,0,0.03,-0.016,-1,0.2,-0.6,0
26.8855549,0,0,19,0,0,0.03,-0.016,-1,0.2,-0.6,0
26.9070434,0,0,19,0,0,0.029,-0.015,-1,0.2,-0.5,0
26.9170434,0,0,19,0,0,0.029,-0.015,-1,0.2,-0.5,0
26.9270434,0,0,19,0,0,0.029,-0.015,-1,0.2,-0.5,0
26.9370434,0,0,19,0,0,0.029,-0.015,-1,0.2,-0.5,0
26.9470434,0,0,19,0,0,0.029,-0.015,-1,0.2,-0.5,0
26.9570434,0,0,19,0,0,0.03,-0.014,-1.001,0.3,-0.6,0.1
26.9670434,0,0,19,0,0,0.03,-0.014,-1.001,0.3,-0.6,0.1
26.9770434,0,0,19,0,0,0.03,-0.014,-1.001,0.3,-0.6,0.1
26.9870434,0,0,19,0,0,0.03,-0.014,-1.001,0.3,-0.6,0.1
26.9970434,0,0,19,0,0,0.03,-0.014,-1.001,0.3,-0.6,0.1
27.0070434,0,0,19,0,0,0.03,-0.015,-1.001,0.3,-0.6,0
27.0170434,0,0,19,0,0,0.03,-0.015,-1.001,0.3,-0.6,0
27.0270434,0,0,19,0,0,0.03,-0.015,-1.001,0.3,-0.6,0
27.0370434,0,0,19,0,0,0.03,-0.015,-1.001,0.3,-0.6,0
27.0470434,0,0,19,0,0,0.03,-0.015,-1.001,0.3,-0.6,0
27.0570434,0,0,19,0,0,0.029,-0.015,-1.002,0.3,-0.6,0
27.0670434,0,0,19,0,0,0.029,-0.015,-1.002,0.3,-0.6,0
27.0770434,0,0,19,0,0,0.029,-0.015,-1.002,0.3,-0.6,0
27.0870434,0,0,19,0,0,0.029,-0.015,-1.002,0.3,-0.6,0
27.0970434,0,0,19,0,0,0.029,-0.015,-1.002,0.3,-0.6,0
27.1328911,0,0,19,0,0,0.03,-0.016,-1.001,0.2,-0.6,0.1
27.1428911,0,0,19,0,0,0.03,-0.016,-1.001,0.2,-0.6,0.1
27.1528911,0,0,19,0,0,0.03,-0.016,-1.001,0.2,-0.6,0.1
27.1628911,0,0,19,0,0,0.03,-0.016,-1.001,0.2,-0.6,0.1
27.1728911,0,0,19,0,0,0.03,-0.016,-1.001,0.2,-0.6,0.1
27.2021259,0,0,19,0,0,0.029,-0.015,-1.001,0.2,-0.6,0
27.2121259,0,0,19,0,0,0.029,-0.015,-1.001,0.2,-0.6,0
27.2221259,0,0,19,0,0,0.029,-0.015,-1.001,0.2,-0.6,0
27.2321259,0,0,19,0,0,0.029,-0.015,-1.001,0.2,-0.6,0
27.2421259,0,0,19,0,0,0.029,-0.015,-1.001,0.2,-0.6,0
27.2521259,0,0,19,0,0,0.031,-0.014,-1.002,0.3,-0.6,0.1
27.2621259,0,0,19,0,0,0.031,-0.014,-1.002,0.3,-0.6,0.1
27.2721259,0,0,19,0,0,0.031,-0.014,-1.002,0.3,-0.6,0.1
27.2821259,0,0,19,0,0,0.031,-0.014,-1.002,0.3,-0.6,0.1
27.2921259,0,0,19,0,0,0.031,-0.014,-1.002,0.3,-0.6,0.1
27.3021259,0,0,19,0,0,0.031,-0.016,-1.001,0.3,-0.6,0
27.3121259,0,0,19,0,0,0.031,-0.016,-1.001,0.3,-0.6,0
27.3221259,0,0,19,0,0,0.031,-0.016,-1.001,0.3,-0.6,0
27.3321259,0,0,19,0,0,0.031,-0.016,-1.001,0.3,-0.6,0
27.3421259,0,0,19,0,0,0.031,-0.016,-1.001,0.3,-0.6,0
27.3521259,0,0,19,0,0,0.029,-0.014,-1.002,0.3,-0.5,0
27.3621259,0,0,19,0,0,0.029,-0.014,-1.002,0.3,-0.5,0
27.3721259,0,0,19,0,0,0.029,-0.014,-1.002,0.3,-0.5,0
27.3821259,0,0,19,0,0,0.029,-0.014,-1.002,0.3,-0.5,0
27.3921259,0,0,19,0,0,0.029,-0.014,-1.002,0.3,-0.5,0
27.4021259,0,0,19,0,0,0.03,-0.016,-1.001,0.3,-0.6,0
27.4121259,0,0,19,0,0,0.03,-0.016,-1.001,0.3,-0.6,0
27.4221259,0,0,19,0,0,0.03,-0.016,-1.001,0.3,-0.6,0
27.4321259,0,0,19,0,0,0.03,-0.016,-1.001,0.3,-0.6,0
27.4421259,0,0,19,0,0,0.03,-0.016,-1.001,0.3,-0.6,0
27.4521259,0,0,19,0,0,0.029,-0.016,-1.001,0.3,-0.6,0
27.4621259,0,0,19,0,0,0.029,-0.016,-1.001,0.3,-0.6,0
27.4721259,0,0,19,0,0,0.029,-0.016,-1.001,0.3,-0.6,0
27.4821259,0,0,19,0,0,0.029,-0.016,-1.001,0.3,-0.6,0
27.4921259,0,0,19,0,0,0.029,-0.016,-1.001,0.3,-0.6,0
27.5021259,0,0,19,0,0,0.03,-0.015,-1.002,0.3,-0.6,0
27.5121259,0,0,19,0,0,0.03,-0.015,-1.002,0.3,-0.6,0
27.5221259,0,0,19,0,0,0.03,-0.015,-1.002,0.3,-0.6,0
27.5321259,0,0,19,0,0,0.03,-0.015,-1.002,0.3,-0.6,0
27.5421259,0,0,19,0,0,0.03,-0.015,-1.002,0.3,-0.6,0
27.5521259,0,0,19,0,0,0.03,-0.015,-1.001,0.3,-0.5,0
27.5621259,0,0,19,0,0,0.03,-0.015,-1.001,0.3,-0.5,0
27.5721259,0,0,19,0,0,0.03,-0.015,-1.001,0.3,-0.5,0
27.5821259,0,0,19,0,0,0.03,-0.015,-1.001,0.3,-0.5,0
27.5921259,0,0,19,0,0,0.03,-0.015,-1.001,0.3,-0.5,0
27.6021259,0,0,19,0,0,0.03,-0.016,-1.001,0.3,-0.5,0
27.6121259,0,0,19,0,0,0.03,-0.016,-1.001,0.3,-0.5,0
27.6221259,0,0,19,0,0,0.03,-0.016,-1.001,0.3,-0.5,0
27.6321259,0,0,19,0,0,0.03,-0.016,-1.001,0.3,-0.5,0
27.6421259,0,0,19,0,0,0.03,-0.016,-1.001,0.3,-0.5,0
27.6521259,0,0,19,0,0,0.029,-0.015,-1.001,0.3,-0.6,0
27.6621259,0,0,19,0,0,0.029,-0.015,-1.001,0.3,-0.6,0
27.6721259,0,0,19,0,0,0.029,-0.015,-1.001,0.3,-0.6,0
27.6821259,0,0,19,0,0,0.029,-0.015,-1.001,0.3,-0.6,0
27.6921259,0,0,19,0,0,0.029,-0.015,-1.001,0.3,-0.6,0
27.7021259,0,0,19,0,0,0.029,-0.015,-1.001,0.3,-0.6,0.1
27.7121259,0,0,19,0,0,0.029,-0.015,-1.001,0.3,-0.6,0.1
27.7221259,0,0,19,0,0,0.029,-0.015,-1.001,0.3,-0.6,0.1
27.7321259,0,0,19,0,0,0.029,-0.015,-1.001,0.3,-0.6,0.1
27.7421259,0,0,19,0,0,0.029,-0.015,-1.001,0.3,-0.6,0.1
27.7521259,0,0,19,0,0,0.029,-0.016,-1.002,0.2,-0.6,0
27.7621259,0,0,19,0,0,0.029,-0.016,-1.002,0.2,-0.6,0
27.7721259,0,0,19,0,0,0.029,-0.016,-1.002,0.2,-0.6,0
27.7821259,0,0,19,0,0,0.029,-0.016,-1.002,0.2,-0.6,0
27.7921259,0,0,19,0,0,0.029,-0.016,-1.002,0.2,-0.6,0
27.8021259,0,0,19,0,0,0.029,-0.014,-1,0.2,-0.5,0
27.8121259,0,0,19,0,0,0.029,-0.014,-1,0.2,-0.5,0
27.8221259,0,0,19,0,0,0.029,-0.014,-1,0.2,-0.5,0
27.8321259,0,0,19,0,0,0.029,-0.014,-1,0.2,-0.5,0
27.8421259,0,0,19,0,0,0.029,-0.014,-1,0.2,-0.5,0
27.8521259,0,0,19,0,0,0.03,-0.015,-1.001,0.2,-0.6,0
27.8621259,0,0,19,0,0,0.03,-0.015,-1.001,0.2,-0.6,0
27.8721259,0,0,19,0,0,0.03,-0.015,-1.001,0.2,-0.6,0
27.8821259,0,0,19,0,0,0.03,-0.015,-1.001,0.2,-0.6,0
27.8921259,0,0,19,0,0,0.03,-0.015,-1.001,0.2,-0.6,0
27.9021259,0,0,19,0,0,0.029,-0.016,-1.002,0.3,-0.6,0
27.9121259,0,0,19,0,0,0.029,-0.016,-1.002,0.3,-0.6,0
27.9221259,0,0,19,0,0,0.029,-0.016,-1.002,0.3,-0.6,0
27.9321259,0,0,19,0,0,0.029,-0.016,-1.002,0.3,-0.6,0
27.9421259,0,0,19,0,0,0.029,-0.016,-1.002,0.3,-0.6,0
27.9521259,0,0,19,0,0,0.03,-0.014,-1.002,0.3,-0.5,0.1
27.9621259,0,0,19,0,0,0.03,-0.014,-1.002,0.3,-0.5,0.1
27.9721259,0,0,19,0,0,0.03,-0.014,-1.002,0.3,-0.5,0.1
27.9821259,0,0,19,0,0,0.03,-0.014,-1.002,0.3,-0.5,0.1
27.9921259,0,0,19,0,0,0.03,-0.014,-1.002,0.3,-0.5,0.1
28.0021259,0,0,19,0,0,0.03,-0.015,-1,0.3,-0.6,0
28.0121259,0,0,19,0,0,0.03,-0.015,-1,0.3,-0.6,0
28.0221259,0,0,19,0,0,0.03,-0.015,-1,0.3,-0.6,0
28.0321259,0,0,19,0,0,0.03,-0.015,-1,0.3,-0.6,0
28.0421259,0,0,19,0,0,0.03,-0.015,-1,0.3,-0.6,0
28.0521259,0,0,19,0,0,0.029,-0.015,-1.002,0.2,-0.6,0.1
28.0621259,0,0,19,0,0,0.029,-0.015,-1.002,0.2,-0.6,0.1
28.0721259,0,0,19,0,0,0.029,-0.015,-1.002,0.2,-0.6,0.1
28.0821259,0,0,19,0,0,0.029,-0.015,-1.002,0.2,-0.6,0.1
28.0921259,0,0,19,0,0,0.029,-0.015,-1.002,0.2,-0.6,0.1
28.1029603,0,0,19,0,0,0.029,-0.017,-1.001,0.3,-0.6,0
28.1129603,0,0,19,0,0,0.029,-0.017,-1.001,0.3,-0.6,0
28.1229603,0,0,19,0,0,0.029,-0.017,-1.001,0.3,-0.6,0
28.1329603,0,0,19,0,0,0.029,-0.017,-1.001,0.3,-0.6,0
28.1429603,0,0,19,0,0,0.029,-0.017,-1.001,0.3,-0.6,0
28.1529603,0,0,19,0,0,0.029,-0.014,-1.002,0.2,-0.6,0.1
28.1629603,0,0,19,0,0,0.029,-0.014,-1.002,0.2,-0.6,0.1
28.1729603,0,0,19,0,0,0.029,-0.014,-1.002,0.2,-0.6,0.1
28.1829603,0,0,19,0,0,0.029,-0.014,-1.002,0.2,-0.6,0.1
28.1929603,0,0,19,0,0,0.029,-0.014,-1.002,0.2,-0.6,0.1
28.2029603,0,0,19,0,0,0.029,-0.016,-1.001,0.2,-0.4,0
28.2129603,0,0,19,0,0,0.029,-0.016,-1.001,0.2,-0.4,0
28.2229603,0,0,19,0,0,0.029,-0.016,-1.001,0.2,-0.4,0
28.2329603,0,0,19,0,0,0.029,-0.016,-1.001,0.2,-0.4,0
28.2429603,0,0,19,0,0,0.029,-0.016,-1.001,0.2,-0.4,0
28.2677982,0,0,19,0,0,0.029,-0.014,-1.001,0.3,-0.5,0
28.2777982,0,0,19,0,0,0.029,-0.014,-1.001,0.3,-0.5,0
28.2877982,0,0,19,0,0,0.029,-0.014,-1.001,0.3,-0.5,0
28.2977982,0,0,19,0,0,0.029,-0.014,-1.001,0.3,-0.5,0
28.3077982,0,0,19,0,0,0.029,-0.014,-1.001,0.3,-0.5,0
28.3177982,0,0,19,0,0,0.031,-0.016,-1.002,0.3,-0.5,0
28.3277982,0,0,19,0,0,0.031,-0.016,-1.002,0.3,-0.5,0
28.3377982,0,0,19,0,0,0.031,-0.016,-1.002,0.3,-0.5,0
28.3477982,0,0,19,0,0,0.031,-0.016,-1.002,0.3,-0.5,0
28.3577982,0,0,19,0,0,0.031,-0.016,-1.002,0.3,-0.5,0
28.3677982,0,0,19,0,0,0.03,-0.014,-1.001,0.3,-0.6,0.1
28.3777982,0,0,19,0,0,0.03,-0.014,-1.001,0.3,-0.6,0.1
28.3877982,0,0,19,0,0,0.03,-0.014,-1.001,0.3,-0.6,0.1
28.3977982,0,0,19,0,0,0.03,-0.014,-1.001,0.3,-0.6,0.1
28.4077982,0,0,19,0,0,0.03,-0.014,-1.001,0.3,-0.6,0.1
28.4177982,0,0,19,0,0,0.029,-0.016,-1.001,0.3,-0.5,0
28.4277982,0,0,19,0,0,0.029,-0.016,-1.001,0.3,-0.5,0
28.4377982,0,0,19,0,0,0.029,-0.016,-1.001,0.3,-0.5,0
28.4477982,0,0,19,0,0,0.029,-0.016,-1.001,0.3,-0.5,0
28.4577982,0,0,19,0,0,0.029,-0.016,-1.001,0.3,-0.5,0
28.4677982,0,0,19,0,0,0.031,-0.014,-1.002,0.2,-0.5,0
28.4777982,0,0,19,0,0,0.031,-0.014,-1.002,0.2,-0.5,0
28.4877982,0,0,19,0,0,0.031,-0.014,-1.002,0.2,-0.5,0
28.4977982,0,0,19,0,0,0.031,-0.014,-1.002,0.2,-0.5,0
28.5077982,0,0,19,0,0,0.031,-0.014,-1.002,0.2,-0.5,0
28.5177982,0,0,19,0,0,0.029,-0.015,-1.002,0.3,-0.5,0
28.5277982,0,0,19,0,0,0.029,-0.015,-1.002,0.3,-0.5,0
28.5377982,0,0,19,0,0,0.029,-0.015,-1.002,0.3,-0.5,0
28.5477982,0,0,19,0,0,0.029,-0.015,-1.002,0.3,-0.5,0
28.5577982,0,0,19,0,0,0.029,-0.015,-1.002,0.3,-0.5,0
28.5677982,0,0,19,0,0,0.029,-0.016,-1.001,0.3,-0.6,0
28.5777982,0,0,19,0,0,0.029,-0.016,-1.001,0.3,-0.6,0
28.5877982,0,0,19,0,0,0.029,-0.016,-1.001,0.3,-0.6,0
28.5977982,0,0,19,0,0,0.029,-0.016,-1.001,0.3,-0.6,0
28.6077982,0,0,19,0,0,0.029,-0.016,-1.001,0.3,-0.6,0
28.6177982,0,0,19,0,0,0.03,-0.016,-1.001,0.3,-0.5,0
28.6277982,0,0,19,0,0,0.03,-0.016,-1.001,0.3,-0.5,0
28.6377982,0,0,19,0,0,0.03,-0.016,-1.001,0.3,-0.5,0
28.6477982,0,0,19,0,0,0.03,-0.016,-1.001,0.3,-0.5,0
28.6577982,0,0,19,0,0,0.03,-0.016,-1.001,0.3,-0.5,0
28.6677982,0,0,19,0,0,0.029,-0.015,-1.002,0.3,-0.6,0
28.6777982,0,0,19,0,0,0.029,-0.015,-1.002,0.3,-0.6,0
28.6877982,0,0,19,0,0,0.029,-0.015,-1.002,0.3,-0.6,0
28.6977982,0,0,19,0,0,0.029,-0.015,-1.002,0.3,-0.6,0
28.7077982,0,0,19,0,0,0.029,-0.015,-1.002,0.3,-0.6,0
28.7177982,0,0,19,0,0,0.03,-0.016,-1.001,0.3,-0.6,0
28.7277982,0,0,19,0,0,0.03,-0.016,-1.001,0.3,-0.6,0
28.7377982,0,0,19,0,0,0.03,-0.016,-1.001,0.3,-0.6,0
28.7477982,0,0,19,0,0,0.03,-0.016,-1.001,0.3,-0.6,0
28.7577982,0,0,19,0,0,0.03,-0.016,-1.001,0.3,-0.6,0
28.7677982,0,0,19,0,0,0.03,-0.016,-1.002,0.2,-0.5,0
28.7777982,0,0,19,0,0,0.03,-0.016,-1.002,0.2,-0.5,0
28.7877982,0,0,19,0,0,0.03,-0.016,-1.002,0.2,-0.5,0
28.7977982,0,0,19,0,0,0.03,-0.016,-1.002,0.2,-0.5,0
28.8077982,0,0,19,0,0,0.03,-0.016,-1.002,0.2,-0.5,0
28.8177982,0,0,19,0,0,0.029,-0.016,-1.001,0.3,-0.6,0
28.8277982,0,0,19,0,0,0.029,-0.016,-1.001,0.3,-0.6,0
28.8377982,0,0,19,0,0,0.029,-0.016,-1.001,0.3,-0.6,0
28.8477982,0,0,19,0,0,0.029,-0.016,-1.001,0.3,-0.6,0
28.8577982,0,0,19,0,0,0.029,-0.016,-1.001,0.3,-0.6,0
28.8677982,0,0,19,0,0,0.029,-0.015,-1.001,0.2,-0.6,0
28.8777982,0,0,19,0,0,0.029,-0.015,-1.001,0.2,-0.6,0
28.8877982,0,0,19,0,0,0.029,-0.015,-1.001,0.2,-0.6,0
28.8977982,0,0,19,0,0,0.029,-0.015,-1.001,0.2,-0.6,0
28.9077982,0,0,19,0,0,0.029,-0.015,-1.001,0.2,-0.6,0
28.9177982,0,0,19,0,0,0.03,-0.017,-1.001,0.3,-0.6,0
28.9277982,0,0,19,0,0,0.03,-0.017,-1.001,0.3,-0.6,0
28.9377982,0,0,19,0,0,0.03,-0.017,-1.001,0.3,-0.6,0
28.9477982,0,0,19,0,0,0.03,-0.017,-1.001,0.3,-0.6,0
28.9577982,0,0,19,0,0,0.03,-0.017,-1.001,0.3,-0.6,0
28.9677982,0,0,19,0,0,0.03,-0.014,-1.002,0.3,-0.6,0
28.9777982,0,0,19,0,0,0.03,-0.014,-1.002,0.3,-0.6,0
28.9877982,0,0,19,0,0,0.03,-0.014,-1.002,0.3,-0.6,0
28.9977982,0,0,19,0,0,0.03,-0.014,-1.002,0.3,-0.6,0
29.0077982,0,0,19,0,0,0.03,-0.014,-1.002,0.3,-0.6,0
29.0177982,0,0,19,0,0,0.03,-0.015,-1.001,0.3,-0.5,0
29.0277982,0,0,19,0,0,0.03,-0.015,-1.001,0.3,-0.5,0
29.0377982,0,0,19,0,0,0.03,-0.015,-1.001,0.3,-0.5,0
29.0477982,0,0,19,0,0,0.03,-0.015,-1.001,0.3,-0.5,0
29.0577982,0,0,19,0,0,0.03,-0.015,-1.001,0.3,-0.5,0
29.0677982,0,0,19,0,0,0.03,-0.015,-1.001,0.3,-0.6,0
29.0777982,0,0,19,0,0,0.03,-0.015,-1.001,0.3,-0.6,0
29.0877982,0,0,19,0,0,0.03,-0.015,-1.001,0.3,-0.6,0
29.0977982,0,0,19,0,0,0.03,-0.015,-1.001,0.3,-0.6,0
29.1077982,0,0,19,0,0,0.03,-0.015,-1.001,0.3,-0.6,0
29.1177982,0,0,19,0,0,0.03,-0.014,-1.002,0.3,-0.6,0
29.1277982,0,0,19,0,0,0.03,-0.014,-1.002,0.3,-0.6,0
29.1377982,0,0,19,0,0,0.03,-0.014,-1.002,0.3,-0.6,0
29.1477982,0,0,19,0,0,0.03,-0.014,-1.002,0.3,-0.6,0
29.1577982,0,0,19,0,0,0.03,-0.014,-1.002,0.3,-0.6,0
29.1677982,0,0,19,0,0,0.03,-0.015,-1.001,0.3,-0.5,0
29.1777982,0,0,19,0,0,0.03,-0.015,-1.001,0.3,-0.5,0
29.1877982,0,0,19,0,0,0.03,-0.015,-1.001,0.3,-0.5,0
29.1977982,0,0,19,0,0,0.03,-0.015,-1.001,0.3,-0.5,0
29.2077982,0,0,19,0,0,0.03,-0.015,-1.001,0.3,-0.5,0
29.2177982,0,0,19,0,0,0.029,-0.014,-1.003,0.2,-0.6,0
29.2277982,0,0,19,0,0,0.029,-0.014,-1.003,0.2,-0.6,0
29.2377982,0,0,19,0,0,0.029,-0.014,-1.003,0.2,-0.6,0
29.2477982,0,0,19,0,0,0.029,-0.014,-1.003,0.2,-0.6,0
29.2577982,0,0,19,0,0,0.029,-0.014,-1.003,0.2,-0.6,0
29.2677982,0,0,19,0,0,0.03,-0.015,-1.001,0.3,-0.5,0
29.2777982,0,0,19,0,0,0.03,-0.015,-1.001,0.3,-0.5,0
29.2877982,0,0,19,0,0,0.03,-0.015,-1.001,0.3,-0.5,0
29.2977982,0,0,19,0,0,0.03,-0.015,-1.001,0.3,-0.5,0
29.3077982,0,0,19,0,0,0.03,-0.015,-1.001,0.3,-0.5,0
29.3177982,0,0,19,0,0,0.03,-0.014,-1.001,0.2,-0.4,0.1
29.3277982,0,0,19,0,0,0.03,-0.014,-1.001,0.2,-0.4,0.1
29.3377982,0,0,19,0,0,0.03,-0.014,-1.001,0.2,-0.4,0.1
29.3477982,0,0,19,0,0,0.03,-0.014,-1.001,0.2,-0.4,0.1
29.3577982,0,0,19,0,0,0.03,-0.014,-1.001,0.2,-0.4,0.1
29.3677982,0,0,19,0,0,0.03,-0.017,-1.002,0.3,-0.6,0
29.3777982,0,0,19,0,0,0.03,-0.017,-1.002,0.3,-0.6,0
29.3877982,0,0,19,0,0,0.03,-0.017,-1.002,0.3,-0.6,0
29.3977982,0,0,19,0,0,0.03,-0.017,-1.002,0.3,-0.6,0
29.4077982,0,0,19,0,0,0.03,-0.017,-1.002,0.3,-0.6,0
29.4177982,0,0,19,0,0,0.03,-0.015,-1.002,0.3,-0.6,0
29.4277982,0,0,19,0,0,0.03,-0.015,-1.002,0.3,-0.6,0
29.4377982,0,0,19,0,0,0.03,-0.015,-1.002,0.3,-0.6,0
29.4477982,0,0,19,0,0,0.03,-0.015,-1.002,0.3,-0.6,0
29.4577982,0,0,19,0,0,0.03,-0.015,-1.002,0.3,-0.6,0
29.4677982,0,0,19,0,0,0.031,-0.016,-1.001,0.3,-0.5,0
29.4777982,0,0,19,0,0,0.031,-0.016,-1.001,0.3,-0.5,0
29.4877982,0,0,19,0,0,0.031,-0.016,-1.001,0.3,-0.5,0
29.4977982,0,0,19,0,0,0.031,-0.016,-1.001,0.3,-0.5,0
29.5077982,0,0,19,0,0,0.031,-0.016,-1.001,0.3,-0.5,0
29.5177982,0,0,19,0,0,0.029,-0.015,-1.001,0.3,-0.5,0
29.5277982,0,0,19,0,0,0.029,-0.015,-1.001,0.3,-0.5,0
29.5377982,0,0,19,0,0,0.029,-0.015,-1.001,0.3,-0.5,0
29.5477982,0,0,19,0,0,0.029,-0.015,-1.001,0.3,-0.5,0
29.5577982,0,0,19,0,0,0.029,-0.015,-1.001,0.3,-0.5,0
29.5677982,0,0,19,0,0,0.03,-0.016,-1.001,0.3,-0.5,0.1
29.5777982,0,0,19,0,0,0.03,-0.016,-1.001,0.3,-0.5,0.1
29.5877982,0,0,19,0,0,0.03,-0.016,-1.001,0.3,-0.5,0.1
29.5977982,0,0,19,0,0,0.03,-0.016,-1.001,0.3,-0.5,0.1
29.6077982,0,0,19,0,0,0.03,-0.016,-1.001,0.3,-0.5,0.1
29.6177982,0,0,19,0,0,0.028,-0.012,-1,0.3,-0.5,0
29.6277982,0,0,19,0,0,0.028,-0.012,-1,0.3,-0.5,0
29.6377982,0,0,19,0,0,0.028,-0.012,-1,0.3,-0.5,0
29.6477982,0,0,19,0,0,0.028,-0.012,-1,0.3,-0.5,0
29.6577982,0,0,19,0,0,0.028,-0.012,-1,0.3,-0.5,0
29.6677982,0,0,19,0,0,0.032,-0.022,-1.001,0.3,-0.6,0
29.6777982,0,0,19,0,0,0.032,-0.022,-1.001,0.3,-0.6,0
29.6877982,0,0,19,0,0,0.032,-0.022,-1.001,0.3,-0.6,0
29.6977982,0,0,19,0,0,0.032,-0.022,-1.001,0.3,-0.6,0
29.7077982,0,0,19,0,0,0.032,-0.022,-1.001,0.3,-0.6,0
29.7177982,0,0,19,0,0,0.027,-0.009,-1.002,0.3,-0.5,0.1
29.7277982,0,0,19,0,0,0.027,-0.009,-1.002,0.3,-0.5,0.1
29.7377982,0,0,19,0,0,0.027,-0.009,-1.002,0.3,-0.5,0.1
29.7477982,0,0,19,0,0,0.027,-0.009,-1.002,0.3,-0.5,0.1
29.7577982,0,0,19,0,0,0.027,-0.009,-1.002,0.3,-0.5,0.1
29.7677982,0,0,19,0,0,0.032,-0.019,-1.002,0.2,-0.6,0
29.7777982,0,0,19,0,0,0.032,-0.019,-1.002,0.2,-0.6,0
29.7877982,0,0,19,0,0,0.032,-0.019,-1.002,0.2,-0.6,0
29.7977982,0,0,19,0,0,0.032,-0.019,-1.002,0.2,-0.6,0
29.8077982,0,0,19,0,0,0.032,-0.019,-1.002,0.2,-0.6,0
29.8177982,0,0,19,0,0,0.027,-0.012,-1.001,0.2,-0.6,0
29.8277982,0,0,19,0,0,0.027,-0.012,-1.001,0.2,-0.6,0
29.8377982,0,0,19,0,0,0.027,-0.012,-1.001,0.2,-0.6,0
29.8477982,0,0,19,0,0,0.027,-0.012,-1.001,0.2,-0.6,0
29.8577982,0,0,19,0,0,0.027,-0.012,-1.001,0.2,-0.6,0
29.8677982,0,0,19,0,0,0.029,-0.017,-1.002,0.3,-0.6,0
29.8777982,0,0,19,0,0,0.029,-0.017,-1.002,0.3,-0.6,0
29.8877982,0,0,19,0,0,0.029,-0.017,-1.002,0.3,-0.6,0
29.8977982,0,0,19,0,0,0.029,-0.017,-1.002,0.3,-0.6,0
29.9077982,0,0,19,0,0,0.029,-0.017,-1.002,0.3,-0.6,0
29.9177982,0,0,19,0,0,0.029,-0.014,-1.001,0.3,-0.5,0
29.9277982,0,0,19,0,0,0.029,-0.014,-1.001,0.3,-0.5,0
29.9377982,0,0,19,0,0,0.029,-0.014,-1.001,0.3,-0.5,0
29.9477982,0,0,19,0,0,0.029,-0.014,-1.001,0.3,-0.5,0
29.9577982,0,0,19,0,0,0.029,-0.014,-1.001,0.3,-0.5,0
29.9677982,0,0,19,0,0,0.031,-0.016,-1.001,0.2,-0.6,0.1
29.9777982,0,0,19,0,0,0.031,-0.016,-1.001,0.2,-0.6,0.1
29.9877982,0,0,19,0,0,0.031,-0.016,-1.001,0.2,-0.6,0.1
29.9977982,0,0,19,0,0,0.031,-0.016,-1.001,0.2,-0.6,0.1
30.0077982,0,0,19,0,0,0.031,-0.016,-1.001,0.2,-0.6,0.1
30.0177982,0,0,19,0,0,0.029,-0.014,-1.001,0.3,-0.4,0
30.0277982,0,0,19,0,0,0.029,-0.014,-1.001,0.3,-0.4,0
30.0377982,0,0,19,0,0,0.029,-0.014,-1.001,0.3,-0.4,0
30.0477982,0,0,19,0,0,0.029,-0.014,-1.001,0.3,-0.4,0
30.0577982,0,0,19,0,0,0.029,-0.014,-1.001,0.3,-0.4,0
30.0677982,0,0,19,0,0,0.032,-0.016,-1.002,0.2,-0.6,0
30.0777982,0,0,19,0,0,0.032,-0.016,-1.002,0.2,-0.6,0
30.0877982,0,0,19,0,0,0.032,-0.016,-1.002,0.2,-0.6,0
30.0977982,0,0,19,0,0,0.032,-0.016,-1.002,0.2,-0.6,0
30.1077982,0,0,19,0,0,0.032,-0.016,-1.002,0.2,-0.6,0
30.1177982,0,0,19,0,0,0.029,-0.013,-1.001,0.3,-0.5,0
30.1277982,0,0,19,0,0,0.029,-0.013,-1.001,0.3,-0.5,0
30.1377982,0,0,19,0,0,0.029,-0.013,-1.001,0.3,-0.5,0
30.1477982,0,0,19,0,0,0.029,-0.013,-1.001,0.3,-0.5,0
30.1577982,0,0,19,0,0,0.029,-0.013,-1.001,0.3,-0.5,0
30.1677982,0,0,19,0,0,0.03,-0.015,-1.001,0.3,-0.5,0
30.1777982,0,0,19,0,0,0.03,-0.015,-1.001,0.3,-0.5,0
30.1877982,0,0,19,0,0,0.03,-0.015,-1.001,0.3,-0.5,0
30.1977982,0,0,19,0,0,0.03,-0.015,-1.001,0.3,-0.5,0
30.2077982,0,0,19,0,0,0.03,-0.015,-1.001,0.3,-0.5,0
30.2177982,0,0,19,0,0,0.031,-0.014,-1.001,0.2,-0.6,0
30.2277982,0,0,19,0,0,0.031,-0.014,-1.001,0.2,-0.6,0
30.2377982,0,0,19,0,0,0.031,-0.014,-1.001,0.2,-0.6,0
30.2477982,0,0,19,0,0,0.031,-0.014,-1.001,0.2,-0.6,0
30.2577982,0,0,19,0,0,0.031,-0.014,-1.001,0.2,-0.6,0
30.2677982,0,0,19,0,0,0.029,-0.016,-1.002,0.3,-0.5,0
30.2777982,0,0,19,0,0,0.029,-0.016,-1.002,0.3,-0.5,0
30.2877982,0,0,19,0,0,0.029,-0.016,-1.002,0.3,-0.5,0
30.2977982,0,0,19,0,0,0.029,-0.016,-1.002,0.3,-0.5,0
30.3077982,0,0,19,0,0,0.029,-0.016,-1.002,0.3,-0.5,0
30.3177982,0,0,19,0,0,0.029,-0.015,-1.002,0.2,-0.5,0
30.3277982,0,0,19,0,0,0.029,-0.015,-1.002,0.2,-0.5,0
30.3377982,0,0,19,0,0,0.029,-0.015,-1.002,0.2,-0.5,0
30.3477982,0,0,19,0,0,0.029,-0.015,-1.002,0.2,-0.5,0
30.3577982,0,0,19,0,0,0.029,-0.015,-1.002,0.2,-0.5,0
30.3677982,0,0,19,0,0,0.028,-0.014,-1.002,0.3,-0.6,0
30.3777982,0,0,19,0,0,0.028,-0.014,-1.002,0.3,-0.6,0
30.3877982,0,0,19,0,0,0.028,-0.014,-1.002,0.3,-0.6,0
30.3977982,0,0,19,0,0,0.028,-0.014,-1.002,0.3,-0.6,0
30.4077982,0,0,19,0,0,0.028,-0.014,-1.002,0.3,-0.6,0
30.4177982,0,0,19,0,0,0.029,-0.017,-1.002,0.2,-0.6,0.1
30.4277982,0,0,19,0,0,0.029,-0.017,-1.002,0.2,-0.6,0.1
30.4377982,0,0,19,0,0,0.029,-0.017,-1.002,0.2,-0.6,0.1
30.4477982,0,0,19,0,0,0.029,-0.017,-1.002,0.2,-0.6,0.1
30.4577982,0,0,19,0,0,0.029,-0.017,-1.002,0.2,-0.6,0.1
30.4677982,0,0,19,0,0,0.03,-0.014,-1.001,0.3,-0.5,0
30.4777982,0,0,19,0,0,0.03,-0.014,-1.001,0.3,-0.5,0
30.4877982,0,0,19,0,0,0.03,-0.014,-1.001,0.3,-0.5,0
30.4977982,0,0,19,0,0,0.03,-0.014,-1.001,0.3,-0.5,0
30.5077982,0,0,19,0,0,0.03,-0.014,-1.001,0.3,-0.5,0
30.5177982,0,0,19,0,0,0.03,-0.016,-1.001,0.3,-0.6,0
30.5277982,0,0,19,0,0,0.03,-0.016,-1.001,0.3,-0.6,0
30.5377982,0,0,19,0,0,0.03,-0.016,-1.001,0.3,-0.6,0
30.5477982,0,0,19,0,0,0.03,-0.016,-1.001,0.3,-0.6,0
30.5577982,0,0,19,0,0,0.03,-0.016,-1.001,0.3,-0.6,0
30.5677982,0,0,19,0,0,0.029,-0.015,-1.001,0.3,-0.6,0.1
30.5777982,0,0,19,0,0,0.029,-0.015,-1.001,0.3,-0.6,0.1
30.5877982,0,0,19,0,0,0.029,-0.015,-1.001,0.3,-0.6,0.1
30.5977982,0,0,19,0,0,0.029,-0.015,-1.001,0.3,-0.6,0.1
30.6077982,0,0,19,0,0,0.029,-0.015,-1.001,0.3,-0.6,0.1
30.6177982,0,0,19,0,0,0.03,-0.016,-1.002,0.3,-0.6,0.1
30.6277982,0,0,19,0,0,0.03,-0.016,-1.002,0.3,-0.6,0.1
30.6377982,0,0,19,0,0,0.03,-0.016,-1.002,0.3,-0.6,0.1
30.6477982,0,0,19,0,0,0.03,-0.016,-1.002,0.3,-0.6,0.1
30.6577982,0,0,19,0,0,0.03,-0.016,-1.002,0.3,-0.6,0.1
30.6677982,0,0,19,0,0,0.03,-0.014,-1.001,0.2,-0.5,0.1
30.6777982,0,0,19,0,0,0.03,-0.014,-1.001,0.2,-0.5,0.1
30.6877982,0,0,19,0,0,0.03,-0.014,-1.001,0.2,-0.5,0.1
30.6977982,0,0,19,0,0,0.03,-0.014,-1.001,0.2,-0.5,0.1
30.7077982,0,0,19,0,0,0.03,-0.014,-1.001,0.2,-0.5,0.1
30.7177982,0,0,19,0,0,0.03,-0.016,-1,0.3,-0.6,0
30.7277982,0,0,19,0,0,0.03,-0.016,-1,0.3,-0.6,0
30.7377982,0,0,19,0,0,0.03,-0.016,-1,0.3,-0.6,0
30.7477982,0,0,19,0,0,0.03,-0.016,-1,0.3,-0.6,0
30.7577982,0,0,19,0,0,0.03,-0.016,-1,0.3,-0.6,0
30.7677982,0,0,19,0,0,0.03,-0.015,-1.001,0.2,-0.6,0
30.7777982,0,0,19,0,0,0.03,-0.015,-1.001,0.2,-0.6,0
30.7877982,0,0,19,0,0,0.03,-0.015,-1.001,0.2,-0.6,0
30.7977982,0,0,19,0,0,0.03,-0.015,-1.001,0.2,-0.6,0
30.8077982,0,0,19,0,0,0.03,-0.015,-1.001,0.2,-0.6,0
30.8177982,0,0,19,0,0,0.03,-0.016,-1.002,0.3,-0.6,0.1
30.8277982,0,0,19,0,0,0.03,-0.016,-1.002,0.3,-0.6,0.1
30.8377982,0,0,19,0,0,0.03,-0.016,-1.002,0.3,-0.6,0.1
30.8477982,0,0,19,0,0,0.03,-0.016,-1.002,0.3,-0.6,0.1
30.8577982,0,0,19,0,0,0.03,-0.016,-1.002,0.3,-0.6,0.1
30.8677982,0,0,19,0,0,0.029,-0.015,-1.001,0.3,-0.5,0
30.8777982,0,0,19,0,0,0.029,-0.015,-1.001,0.3,-0.5,0
30.8877982,0,0,19,0,0,0.029,-0.015,-1.001,0.3,-0.5,0
30.8977982,0,0,19,0,0,0.029,-0.015,-1.001,0.3,-0.5,0
30.9077982,0,0,19,0,0,0.029,-0.015,-1.001,0.3,-0.5,0
30.9177982,0,0,19,0,0,0.03,-0.016,-1.001,0.3,-0.6,0
30.9277982,0,0,19,0,0,0.03,-0.016,-1.001,0.3,-0.6,0
30.9377982,0,0,19,0,0,0.03,-0.016,-1.001,0.3,-0.6,0
30.9477982,0,0,19,0,0,0.03,-0.016,-1.001,0.3,-0.6,0
30.9577982,0,0,19,0,0,0.03,-0.016,-1.001,0.3,-0.6,0
30.9677982,0,0,19,0,0,0.029,-0.015,-1.002,0.3,-0.6,0
30.9777982,0,0,19,0,0,0.029,-0.015,-1.002,0.3,-0.6,0
30.9877982,0,0,19,0,0,0.029,-0.015,-1.002,0.3,-0.6,0
30.9977982,0,0,19,0,0,0.029,-0.015,-1.002,0.3,-0.6,0
31.0077982,0,0,19,0,0,0.029,-0.015,-1.002,0.3,-0.6,0
31.0177982,0,0,19,0,0,0.03,-0.016,-1.001,0.3,-0.6,0.1
31.0277982,0,0,19,0,0,0.03,-0.016,-1.001,0.3,-0.6,0.1
31.0377982,0,0,19,0,0,0.03,-0.016,-1.001,0.3,-0.6,0.1
31.0477982,0,0,19,0,0,0.03,-0.016,-1.001,0.3,-0.6,0.1
31.0577982,0,0,19,0,0,0.03,-0.016,-1.001,0.3,-0.6,0.1
31.0677982,0,0,19,0,0,0.029,-0.015,-1.002,0.3,-0.6,0
31.0777982,0,0,19,0,0,0.029,-0.015,-1.002,0.3,-0.6,0
31.0877982,0,0,19,0,0,0.029,-0.015,-1.002,0.3,-0.6,0
31.0977982,0,0,19,0,0,0.029,-0.015,-1.002,0.3,-0.6,0
31.1077982,0,0,19,0,0,0.029,-0.015,-1.002,0.3,-0.6,0
31.1177982,0,0,19,0,0,0.03,-0.014,-1.001,0.3,-0.6,0.1
31.1277982,0,0,19,0,0,0.03,-0.014,-1.001,0.3,-0.6,0.1
31.1377982,0,0,19,0,0,0.03,-0.014,-1.001,0.3,-0.6,0.1
31.1477982,0,0,19,0,0,0.03,-0.014,-1.001,0.3,-0.6,0.1
31.1577982,0,0,19,0,0,0.03,-0.014,-1.001,0.3,-0.6,0.1
31.1677982,0,0,19,0,0,0.028,-0.014,-1.001,0.2,-0.4,0
31.1777982,0,0,19,0,0,0.028,-0.014,-1.001,0.2,-0.4,0
31.1877982,0,0,19,0,0,0.028,-0.014,-1.001,0.2,-0.4,0
31.1977982,0,0,19,0,0,0.028,-0.014,-1.001,0.2,-0.4,0
31.2077982,0,0,19,0,0,0.028,-0.014,-1.001,0.2,-0.4,0
31.2177982,0,0,19,0,0,0.029,-0.015,-1.001,0.3,-0.6,0
31.2277982,0,0,19,0,0,0.029,-0.015,-1.001,0.3,-0.6,0
31.2377982,0,0,19,0,0,0.029,-0.015,-1.001,0.3,-0.6,0
31.2477982,0,0,19,0,0,0.029,-0.015,-1.001,0.3,-0.6,0
31.2577982,0,0,19,0,0,0.029,-0.015,-1.001,0.3,-0.6,0
31.2677982,0,0,19,0,0,0.029,-0.015,-1.001,0.3,-0.5,0
31.2777982,0,0,19,0,0,0.029,-0.015,-1.001,0.3,-0.5,0
31.2877982,0,0,19,0,0,0.029,-0.015,-1.001,0.3,-0.5,0
31.2977982,0,0,19,0,0,0.029,-0.015,-1.001,0.3,-0.5,0
31.3077982,0,0,19,0,0,0.029,-0.015,-1.001,0.3,-0.5,0
31.3177982,0,0,19,0,0,0.029,-0.014,-1.001,0.3,-0.5,0
31.3277982,0,0,19,0,0,0.029,-0.014,-1.001,0.3,-0.5,0
31.3377982,0,0,19,0,0,0.029,-0.014,-1.001,0.3,-0.5,0
31.3477982,0,0,19,0,0,0.029,-0.014,-1.001,0.3,-0.5,0
31.3577982,0,0,19,0,0,0.029,-0.014,-1.001,0.3,-0.5,0
31.3677982,0,0,19,0,0,0.029,-0.016,-1.001,0.3,-0.6,0
31.3777982,0,0,19,0,0,0.029,-0.016,-1.001,0.3,-0.6,0
31.3877982,0,0,19,0,0,0.029,-0.016,-1.001,0.3,-0.6,0
31.3977982,0,0,19,0,0,0.029,-0.016,-1.001,0.3,-0.6,0
31.4077982,0,0,19,0,0,0.029,-0.016,-1.001,0.3,-0.6,0
31.4177982,0,0,19,0,0,0.031,-0.015,-1.001,0.3,-0.6,0
31.4277982,0,0,19,0,0,0.031,-0.015,-1.001,0.3,-0.6,0
31.4377982,0,0,19,0,0,0.031,-0.015,-1.001,0.3,-0.6,0
31.4477982,0,0,19,0,0,0.031,-0.015,-1.001,0.3,-0.6,0
31.4577982,0,0,19,0,0,0.031,-0.015,-1.001,0.3,-0.6,0
31.4677982,0,0,19,0,0,0.031,-0.014,-1.001,0.3,-0.6,0
31.4777982,0,0,19,0,0,0.031,-0.014,-1.001,0.3,-0.6,0
31.4877982,0,0,19,0,0,0.031,-0.014,-1.001,0.3,-0.6,0
31.4977982,0,0,19,0,0,0.031,-0.014,-1.001,0.3,-0.6,0
31.5077982,0,0,19,0,0,0.031,-0.014,-1.001,0.3,-0.6,0
31.5177982,0,0,19,0,0,0.028,-0.015,-1.002,0.3,-0.6,0.1
31.5277982,0,0,19,0,0,0.028,-0.015,-1.002,0.3,-0.6,0.1
31.5377982,0,0,19,0,0,0.028,-0.015,-1.002,0.3,-0.6,0.1
31.5477982,0,0,19,0,0,0.028,-0.015,-1.002,0.3,-0.6,0.1
31.5577982,0,0,19,0,0,0.028,-0.015,-1.002,0.3,-0.6,0.1
31.5677982,0,0,19,0,0,0.031,-0.015,-1.001,0.3,-0.6,0
31.5777982,0,0,19,0,0,0.031,-0.015,-1.001,0.3,-0.6,0
31.5877982,0,0,19,0,0,0.031,-0.015,-1.001,0.3,-0.6,0
31.5977982,0,0,19,0,0,0.031,-0.015,-1.001,0.3,-0.6,0
31.6077982,0,0,19,0,0,0.031,-0.015,-1.001,0.3,-0.6,0
31.6177982,0,0,19,0,0,0.029,-0.014,-1.002,0.2,-0.6,0
31.6277982000001,0,0,19,0,0,0.029,-0.014,-1.002,0.2,-0.6,0
31.6377982,0,0,19,0,0,0.029,-0.014,-1.002,0.2,-0.6,0
31.6477982000001,0,0,19,0,0,0.029,-0.014,-1.002,0.2,-0.6,0
31.6577982,0,0,19,0,0,0.029,-0.014,-1.002,0.2,-0.6,0
31.6677982,0,0,19,0,0,0.03,-0.016,-1.001,0.3,-0.5,0
31.6777982000001,0,0,19,0,0,0.03,-0.016,-1.001,0.3,-0.5,0
31.6877982,0,0,19,0,0,0.03,-0.016,-1.001,0.3,-0.5,0
31.6977982000001,0,0,19,0,0,0.03,-0.016,-1.001,0.3,-0.5,0
31.7077982,0,0,19,0,0,0.03,-0.016,-1.001,0.3,-0.5,0
31.7177982000001,0,0,19,0,0,0.029,-0.015,-1.001,0.2,-0.5,0
31.7277982000001,0,0,19,0,0,0.029,-0.015,-1.001,0.2,-0.5,0
31.7377982000001,0,0,19,0,0,0.029,-0.015,-1.001,0.2,-0.5,0
31.7477982000001,0,0,19,0,0,0.029,-0.015,-1.001,0.2,-0.5,0
31.7577982,0,0,19,0,0,0.029,-0.015,-1.001,0.2,-0.5,0
31.7677982000001,0,0,19,0,0,0.029,-0.016,-1.002,0.3,-0.6,0
31.7777982000001,0,0,19,0,0,0.029,-0.016,-1.002,0.3,-0.6,0
31.7877982000001,0,0,19,0,0,0.029,-0.016,-1.002,0.3,-0.6,0
31.7977982000001,0,0,19,0,0,0.029,-0.016,-1.002,0.3,-0.6,0
31.8077982000001,0,0,19,0,0,0.029,-0.016,-1.002,0.3,-0.6,0
31.8177982000001,0,0,19,0,0,0.03,-0.015,-1.001,0.3,-0.5,0
31.8277982000001,0,0,19,0,0,0.03,-0.015,-1.001,0.3,-0.5,0
31.8377982000001,0,0,19,0,0,0.03,-0.015,-1.001,0.3,-0.5,0
31.8477982000001,0,0,19,0,0,0.03,-0.015,-1.001,0.3,-0.5,0
31.8577982000001,0,0,19,0,0,0.03,-0.015,-1.001,0.3,-0.5,0
31.8677982000001,0,0,19,0,0,0.03,-0.014,-1.001,0.2,-0.6,0
31.8777982000001,0,0,19,0,0,0.03,-0.014,-1.001,0.2,-0.6,0
31.8877982000001,0,0,19,0,0,0.03,-0.014,-1.001,0.2,-0.6,0
31.8977982000001,0,0,19,0,0,0.03,-0.014,-1.001,0.2,-0.6,0
31.9077982000001,0,0,19,0,0,0.03,-0.014,-1.001,0.2,-0.6,0
31.9177982000001,0,0,19,0,0,0.029,-0.015,-1.001,0.3,-0.5,0
31.9277982000001,0,0,19,0,0,0.029,-0.015,-1.001,0.3,-0.5,0
31.9377982000001,0,0,19,0,0,0.029,-0.015,-1.001,0.3,-0.5,0
31.9477982000001,0,0,19,0,0,0.029,-0.015,-1.001,0.3,-0.5,0
31.9577982000001,0,0,19,0,0,0.029,-0.015,-1.001,0.3,-0.5,0
31.9677982000001,0,0,19,0,0,0.029,-0.016,-1,0.3,-0.5,0
31.9777982000001,0,0,19,0,0,0.029,-0.016,-1,0.3,-0.5,0
31.9877982000001,0,0,19,0,0,0.029,-0.016,-1,0.3,-0.5,0
31.9977982000001,0,0,19,0,0,0.029,-0.016,-1,0.3,-0.5,0
32.0077982000001,0,0,19,0,0,0.029,-0.016,-1,0.3,-0.5,0
32.0177982000001,0,0,19,0,0,0.03,-0.016,-1.001,0.3,-0.6,0
32.0277982,0,0,19,0,0,0.03,-0.016,-1.001,0.3,-0.6,0
32.0377982000001,0,0,19,0,0,0.03,-0.016,-1.001,0.3,-0.6,0
32.0477982000001,0,0,19,0,0,0.03,-0.016,-1.001,0.3,-0.6,0
32.0577982000001,0,0,19,0,0,0.03,-0.016,-1.001,0.3,-0.6,0
32.0677982,0,0,19,0,0,0.03,-0.015,-1.002,0.3,-0.5,0
32.0777982,0,0,19,0,0,0.03,-0.015,-1.002,0.3,-0.5,0
32.0877982000001,0,0,19,0,0,0.03,-0.015,-1.002,0.3,-0.5,0
32.0977982,0,0,19,0,0,0.03,-0.015,-1.002,0.3,-0.5,0
32.1077982,0,0,19,0,0,0.03,-0.015,-1.002,0.3,-0.5,0
32.1177982,0,0,19,0,0,0.029,-0.016,-1.002,0.2,-0.6,0.1
32.1277982,0,0,19,0,0,0.029,-0.016,-1.002,0.2,-0.6,0.1
32.1377982,0,0,19,0,0,0.029,-0.016,-1.002,0.2,-0.6,0.1
32.1477982,0,0,19,0,0,0.029,-0.016,-1.002,0.2,-0.6,0.1
32.1577982,0,0,19,0,0,0.029,-0.016,-1.002,0.2,-0.6,0.1
32.1677982,0,0,19,0,0,0.029,-0.015,-1.001,0.2,-0.6,0
32.1777982,0,0,19,0,0,0.029,-0.015,-1.001,0.2,-0.6,0
32.1877982,0,0,19,0,0,0.029,-0.015,-1.001,0.2,-0.6,0
32.1977982,0,0,19,0,0,0.029,-0.015,-1.001,0.2,-0.6,0
32.2077982,0,0,19,0,0,0.029,-0.015,-1.001,0.2,-0.6,0
32.2177982,0,0,19,0,0,0.029,-0.016,-1.001,0.2,-0.6,0
32.2277982,0,0,19,0,0,0.029,-0.016,-1.001,0.2,-0.6,0
32.2377982,0,0,19,0,0,0.029,-0.016,-1.001,0.2,-0.6,0
32.2477982,0,0,19,0,0,0.029,-0.016,-1.001,0.2,-0.6,0
32.2577982,0,0,19,0,0,0.029,-0.016,-1.001,0.2,-0.6,0
32.2677982,0,0,19,0,0,0.029,-0.014,-1.001,0.2,-0.6,0
32.2777982,0,0,19,0,0,0.029,-0.014,-1.001,0.2,-0.6,0
32.2877982,0,0,19,0,0,0.029,-0.014,-1.001,0.2,-0.6,0
32.2977982,0,0,19,0,0,0.029,-0.014,-1.001,0.2,-0.6,0
32.3077982,0,0,19,0,0,0.029,-0.014,-1.001,0.2,-0.6,0
32.3177982,0,0,19,0,0,0.03,-0.016,-1.001,0.3,-0.6,0
32.3277982,0,0,19,0,0,0.03,-0.016,-1.001,0.3,-0.6,0
32.3377982,0,0,19,0,0,0.03,-0.016,-1.001,0.3,-0.6,0
32.3477982,0,0,19,0,0,0.03,-0.016,-1.001,0.3,-0.6,0
32.3577982,0,0,19,0,0,0.03,-0.016,-1.001,0.3,-0.6,0
32.3677982,0,0,19,0,0,0.029,-0.014,-1.001,0.2,-0.6,0
32.3777982,0,0,19,0,0,0.029,-0.014,-1.001,0.2,-0.6,0
32.3877982,0,0,19,0,0,0.029,-0.014,-1.001,0.2,-0.6,0
32.3977982,0,0,19,0,0,0.029,-0.014,-1.001,0.2,-0.6,0
32.4077982,0,0,19,0,0,0.029,-0.014,-1.001,0.2,-0.6,0
32.4177982,0,0,19,0,0,0.029,-0.016,-1.001,0.2,-0.6,0
32.4277982,0,0,19,0,0,0.029,-0.016,-1.001,0.2,-0.6,0
32.4377982,0,0,19,0,0,0.029,-0.016,-1.001,0.2,-0.6,0
32.4477982,0,0,19,0,0,0.029,-0.016,-1.001,0.2,-0.6,0
32.4577982,0,0,19,0,0,0.029,-0.016,-1.001,0.2,-0.6,0
32.4765618,0,0,19,0,0,0.029,-0.013,-1.001,0.3,-0.6,0.1
32.4865618,0,0,19,0,0,0.029,-0.013,-1.001,0.3,-0.6,0.1
32.4965618,0,0,19,0,0,0.029,-0.013,-1.001,0.3,-0.6,0.1
32.5065618,0,0,19,0,0,0.029,-0.013,-1.001,0.3,-0.6,0.1
32.5165618,0,0,19,0,0,0.029,-0.013,-1.001,0.3,-0.6,0.1
32.5265618,0,0,19,0,0,0.029,-0.014,-1.003,0.3,-0.5,0
32.5365618,0,0,19,0,0,0.029,-0.014,-1.003,0.3,-0.5,0
32.5465618,0,0,19,0,0,0.029,-0.014,-1.003,0.3,-0.5,0
32.5565618,0,0,19,0,0,0.029,-0.014,-1.003,0.3,-0.5,0
32.5665618,0,0,19,0,0,0.029,-0.014,-1.003,0.3,-0.5,0
32.5765618,0,0,19,0,0,0.029,-0.015,-1,0.3,-0.5,0.1
32.5865618,0,0,19,0,0,0.029,-0.015,-1,0.3,-0.5,0.1
32.5965618,0,0,19,0,0,0.029,-0.015,-1,0.3,-0.5,0.1
32.6065618,0,0,19,0,0,0.029,-0.015,-1,0.3,-0.5,0.1
32.6165618,0,0,19,0,0,0.029,-0.015,-1,0.3,-0.5,0.1
32.6265618,0,0,19,0,0,0.03,-0.015,-1,0.2,-0.6,0
32.6365618,0,0,19,0,0,0.03,-0.015,-1,0.2,-0.6,0
32.6465618,0,0,19,0,0,0.03,-0.015,-1,0.2,-0.6,0
32.6565618,0,0,19,0,0,0.03,-0.015,-1,0.2,-0.6,0
32.6665618,0,0,19,0,0,0.03,-0.015,-1,0.2,-0.6,0
32.6765618,0,0,19,0,0,0.03,-0.015,-1.002,0.3,-0.5,0
32.6865618,0,0,19,0,0,0.03,-0.015,-1.002,0.3,-0.5,0
32.6965618,0,0,19,0,0,0.03,-0.015,-1.002,0.3,-0.5,0
32.7065618,0,0,19,0,0,0.03,-0.015,-1.002,0.3,-0.5,0
32.7165618,0,0,19,0,0,0.03,-0.015,-1.002,0.3,-0.5,0
32.7265618,0,0,19,0,0,0.031,-0.016,-1.001,0.3,-0.6,0
32.7365618,0,0,19,0,0,0.031,-0.016,-1.001,0.3,-0.6,0
32.7465618,0,0,19,0,0,0.031,-0.016,-1.001,0.3,-0.6,0
32.7565618,0,0,19,0,0,0.031,-0.016,-1.001,0.3,-0.6,0
32.7665618,0,0,19,0,0,0.031,-0.016,-1.001,0.3,-0.6,0
32.7765618,0,0,19,0,0,0.029,-0.015,-1.001,0.3,-0.6,0
32.7865618,0,0,19,0,0,0.029,-0.015,-1.001,0.3,-0.6,0
32.7965618,0,0,19,0,0,0.029,-0.015,-1.001,0.3,-0.6,0
32.8065618,0,0,19,0,0,0.029,-0.015,-1.001,0.3,-0.6,0
32.8165618,0,0,19,0,0,0.029,-0.015,-1.001,0.3,-0.6,0
32.8265618,0,0,19,0,0,0.029,-0.015,-1.001,0.2,-0.5,0
32.8365618,0,0,19,0,0,0.029,-0.015,-1.001,0.2,-0.5,0
32.8465618,0,0,19,0,0,0.029,-0.015,-1.001,0.2,-0.5,0
32.8565618,0,0,19,0,0,0.029,-0.015,-1.001,0.2,-0.5,0
32.8665618,0,0,19,0,0,0.029,-0.015,-1.001,0.2,-0.5,0
32.8765618,0,0,19,0,0,0.029,-0.014,-1.002,0.3,-0.5,0
32.8865618,0,0,19,0,0,0.029,-0.014,-1.002,0.3,-0.5,0
32.8965618,0,0,19,0,0,0.029,-0.014,-1.002,0.3,-0.5,0
32.9065618,0,0,19,0,0,0.029,-0.014,-1.002,0.3,-0.5,0
32.9165618,0,0,19,0,0,0.029,-0.014,-1.002,0.3,-0.5,0
32.9265618,0,0,19,0,0,0.03,-0.016,-1,0.3,-0.6,0
32.9365618,0,0,19,0,0,0.03,-0.016,-1,0.3,-0.6,0
32.9465618,0,0,19,0,0,0.03,-0.016,-1,0.3,-0.6,0
32.9565618,0,0,19,0,0,0.03,-0.016,-1,0.3,-0.6,0
32.9665618,0,0,19,0,0,0.03,-0.016,-1,0.3,-0.6,0
32.9765618,0,0,19,0,0,0.03,-0.016,-1.001,0.2,-0.6,0
32.9865618,0,0,19,0,0,0.03,-0.016,-1.001,0.2,-0.6,0
32.9965618,0,0,19,0,0,0.03,-0.016,-1.001,0.2,-0.6,0
33.0065618,0,0,19,0,0,0.03,-0.016,-1.001,0.2,-0.6,0
33.0165618,0,0,19,0,0,0.03,-0.016,-1.001,0.2,-0.6,0
33.0265618,0,0,19,0,0,0.03,-0.015,-1.002,0.3,-0.6,0
33.0365618,0,0,19,0,0,0.03,-0.015,-1.002,0.3,-0.6,0
33.0465618,0,0,19,0,0,0.03,-0.015,-1.002,0.3,-0.6,0
33.0565618,0,0,19,0,0,0.03,-0.015,-1.002,0.3,-0.6,0
33.0665618,0,0,19,0,0,0.03,-0.015,-1.002,0.3,-0.6,0
33.0765618,0,0,19,0,0,0.029,-0.014,-1.002,0.3,-0.6,0
33.0865618,0,0,19,0,0,0.029,-0.014,-1.002,0.3,-0.6,0
33.0965618,0,0,19,0,0,0.029,-0.014,-1.002,0.3,-0.6,0
33.1065618,0,0,19,0,0,0.029,-0.014,-1.002,0.3,-0.6,0
33.1165618,0,0,19,0,0,0.029,-0.014,-1.002,0.3,-0.6,0
33.1265618,0,0,19,0,0,0.03,-0.015,-1.002,0.3,-0.6,0.1
33.1365618,0,0,19,0,0,0.03,-0.015,-1.002,0.3,-0.6,0.1
33.1465618,0,0,19,0,0,0.03,-0.015,-1.002,0.3,-0.6,0.1
33.1565618,0,0,19,0,0,0.03,-0.015,-1.002,0.3,-0.6,0.1
33.1665618,0,0,19,0,0,0.03,-0.015,-1.002,0.3,-0.6,0.1
33.1765618,0,0,19,0,0,0.03,-0.015,-1.001,0.3,-0.6,0
33.1865618,0,0,19,0,0,0.03,-0.015,-1.001,0.3,-0.6,0
33.1965618,0,0,19,0,0,0.03,-0.015,-1.001,0.3,-0.6,0
33.2065618,0,0,19,0,0,0.03,-0.015,-1.001,0.3,-0.6,0
33.2165618,0,0,19,0,0,0.03,-0.015,-1.001,0.3,-0.6,0
33.2265618,0,0,19,0,0,0.029,-0.015,-1.001,0.3,-0.6,0.1
33.2365618,0,0,19,0,0,0.029,-0.015,-1.001,0.3,-0.6,0.1
33.2465618,0,0,19,0,0,0.029,-0.015,-1.001,0.3,-0.6,0.1
33.2565618,0,0,19,0,0,0.029,-0.015,-1.001,0.3,-0.6,0.1
33.2665618,0,0,19,0,0,0.029,-0.015,-1.001,0.3,-0.6,0.1
33.2765618,0,0,19,0,0,0.031,-0.016,-1.001,0.3,-0.6,0
33.2865618,0,0,19,0,0,0.031,-0.016,-1.001,0.3,-0.6,0
33.2965618,0,0,19,0,0,0.031,-0.016,-1.001,0.3,-0.6,0
33.3065618,0,0,19,0,0,0.031,-0.016,-1.001,0.3,-0.6,0
33.3165618,0,0,19,0,0,0.031,-0.016,-1.001,0.3,-0.6,0
33.3265618,0,0,19,0,0,0.029,-0.015,-1.001,0.3,-0.6,0
33.3365617999999,0,0,19,0,0,0.029,-0.015,-1.001,0.3,-0.6,0
33.3465618,0,0,19,0,0,0.029,-0.015,-1.001,0.3,-0.6,0
33.3565618,0,0,19,0,0,0.029,-0.015,-1.001,0.3,-0.6,0
33.3665617999999,0,0,19,0,0,0.029,-0.015,-1.001,0.3,-0.6,0
33.3765617999999,0,0,19,0,0,0.03,-0.015,-1.002,0.3,-0.6,0
33.3865617999999,0,0,19,0,0,0.03,-0.015,-1.002,0.3,-0.6,0
33.3965618,0,0,19,0,0,0.03,-0.015,-1.002,0.3,-0.6,0
33.4065617999999,0,0,19,0,0,0.03,-0.015,-1.002,0.3,-0.6,0
33.4165617999999,0,0,19,0,0,0.03,-0.015,-1.002,0.3,-0.6,0
33.4291695,0,0,19,0,0,0.03,-0.016,-1.001,0.2,-0.5,0
33.4391695,0,0,19,0,0,0.03,-0.016,-1.001,0.2,-0.5,0
33.4491695,0,0,19,0,0,0.03,-0.016,-1.001,0.2,-0.5,0
33.4591695,0,0,19,0,0,0.03,-0.016,-1.001,0.2,-0.5,0
33.4691695,0,0,19,0,0,0.03,-0.016,-1.001,0.2,-0.5,0
33.4929345,0,0,19,0,0,0.029,-0.017,-1.002,0.3,-0.6,0
33.5029345,0,0,19,0,0,0.029,-0.017,-1.002,0.3,-0.6,0
33.5129345,0,0,19,0,0,0.029,-0.017,-1.002,0.3,-0.6,0
33.5229345,0,0,19,0,0,0.029,-0.017,-1.002,0.3,-0.6,0
33.5329345,0,0,19,0,0,0.029,-0.017,-1.002,0.3,-0.6,0
33.5429345,0,0,19,0,0,0.029,-0.013,-1.003,0.3,-0.6,0
33.5529345,0,0,19,0,0,0.029,-0.013,-1.003,0.3,-0.6,0
33.5629345,0,0,19,0,0,0.029,-0.013,-1.003,0.3,-0.6,0
33.5729345,0,0,19,0,0,0.029,-0.013,-1.003,0.3,-0.6,0
33.5829345,0,0,19,0,0,0.029,-0.013,-1.003,0.3,-0.6,0
33.5929345,0,0,19,0,0,0.03,-0.015,-1.002,0.3,-0.5,0
33.6029345,0,0,19,0,0,0.03,-0.015,-1.002,0.3,-0.5,0
33.6129345,0,0,19,0,0,0.03,-0.015,-1.002,0.3,-0.5,0
33.6229345,0,0,19,0,0,0.03,-0.015,-1.002,0.3,-0.5,0
33.6329345,0,0,19,0,0,0.03,-0.015,-1.002,0.3,-0.5,0
33.6493127,0,0,19,0,0,0.028,-0.014,-1.001,0.3,-0.6,0
33.6593127,0,0,19,0,0,0.028,-0.014,-1.001,0.3,-0.6,0
33.6693127,0,0,19,0,0,0.028,-0.014,-1.001,0.3,-0.6,0
33.6793127,0,0,19,0,0,0.028,-0.014,-1.001,0.3,-0.6,0
33.6893127,0,0,19,0,0,0.028,-0.014,-1.001,0.3,-0.6,0
33.6993127,0,0,19,0,0,0.029,-0.015,-1.001,0.2,-0.6,0
33.7093127,0,0,19,0,0,0.029,-0.015,-1.001,0.2,-0.6,0
33.7193127,0,0,19,0,0,0.029,-0.015,-1.001,0.2,-0.6,0
33.7293127,0,0,19,0,0,0.029,-0.015,-1.001,0.2,-0.6,0
33.7393127,0,0,19,0,0,0.029,-0.015,-1.001,0.2,-0.6,0
33.7493127,0,0,19,0,0,0.03,-0.015,-1.002,0.3,-0.5,0
33.7593127,0,0,19,0,0,0.03,-0.015,-1.002,0.3,-0.5,0
33.7693127,0,0,19,0,0,0.03,-0.015,-1.002,0.3,-0.5,0
33.7793127,0,0,19,0,0,0.03,-0.015,-1.002,0.3,-0.5,0
33.7893127,0,0,19,0,0,0.03,-0.015,-1.002,0.3,-0.5,0
33.7993127,0,0,19,0,0,0.028,-0.015,-1.001,0.2,-0.5,0
33.8093127,0,0,19,0,0,0.028,-0.015,-1.001,0.2,-0.5,0
33.8193127,0,0,19,0,0,0.028,-0.015,-1.001,0.2,-0.5,0
33.8293127,0,0,19,0,0,0.028,-0.015,-1.001,0.2,-0.5,0
33.8393127,0,0,19,0,0,0.028,-0.015,-1.001,0.2,-0.5,0
33.8493127,0,0,19,0,0,0.03,-0.015,-1.001,0.3,-0.5,0
33.8593127,0,0,19,0,0,0.03,-0.015,-1.001,0.3,-0.5,0
33.8693127,0,0,19,0,0,0.03,-0.015,-1.001,0.3,-0.5,0
33.8793127,0,0,19,0,0,0.03,-0.015,-1.001,0.3,-0.5,0
33.8893127,0,0,19,0,0,0.03,-0.015,-1.001,0.3,-0.5,0
33.8993127,0,0,19,0,0,0.029,-0.015,-1.001,0.2,-0.6,0
33.9093127,0,0,19,0,0,0.029,-0.015,-1.001,0.2,-0.6,0
33.9193127,0,0,19,0,0,0.029,-0.015,-1.001,0.2,-0.6,0
33.9293127,0,0,19,0,0,0.029,-0.015,-1.001,0.2,-0.6,0
33.9393127,0,0,19,0,0,0.029,-0.015,-1.001,0.2,-0.6,0
33.9493127,0,0,19,0,0,0.029,-0.015,-1.001,0.3,-0.6,0
33.9593127,0,0,19,0,0,0.029,-0.015,-1.001,0.3,-0.6,0
33.9693127,0,0,19,0,0,0.029,-0.015,-1.001,0.3,-0.6,0
33.9793127,0,0,19,0,0,0.029,-0.015,-1.001,0.3,-0.6,0
33.9893127,0,0,19,0,0,0.029,-0.015,-1.001,0.3,-0.6,0
33.9993127,0,0,19,0,0,0.03,-0.014,-1.001,0.3,-0.5,0
34.0093127,0,0,19,0,0,0.03,-0.014,-1.001,0.3,-0.5,0
34.0193127,0,0,19,0,0,0.03,-0.014,-1.001,0.3,-0.5,0
34.0293127,0,0,19,0,0,0.03,-0.014,-1.001,0.3,-0.5,0
34.0393127,0,0,19,0,0,0.03,-0.014,-1.001,0.3,-0.5,0
34.0493127,0,0,19,0,0,0.03,-0.016,-1.002,0.2,-0.6,0
34.0593127,0,0,19,0,0,0.03,-0.016,-1.002,0.2,-0.6,0
34.0693127,0,0,19,0,0,0.03,-0.016,-1.002,0.2,-0.6,0
34.0793127,0,0,19,0,0,0.03,-0.016,-1.002,0.2,-0.6,0
34.0893127,0,0,19,0,0,0.03,-0.016,-1.002,0.2,-0.6,0
34.0993127,0,0,19,0,0,0.03,-0.016,-1.001,0.3,-0.6,0
34.1093127,0,0,19,0,0,0.03,-0.016,-1.001,0.3,-0.6,0
34.1193127,0,0,19,0,0,0.03,-0.016,-1.001,0.3,-0.6,0
34.1293127,0,0,19,0,0,0.03,-0.016,-1.001,0.3,-0.6,0
34.1393127,0,0,19,0,0,0.03,-0.016,-1.001,0.3,-0.6,0
34.1493127,0,0,19,0,0,0.029,-0.015,-1.002,0.3,-0.6,0
34.1593127,0,0,19,0,0,0.029,-0.015,-1.002,0.3,-0.6,0
34.1693127,0,0,19,0,0,0.029,-0.015,-1.002,0.3,-0.6,0
34.1793127,0,0,19,0,0,0.029,-0.015,-1.002,0.3,-0.6,0
34.1893127,0,0,19,0,0,0.029,-0.015,-1.002,0.3,-0.6,0
34.1993127,0,0,19,0,0,0.029,-0.014,-1.001,0.3,-0.6,0
34.2093127,0,0,19,0,0,0.029,-0.014,-1.001,0.3,-0.6,0
34.2193127,0,0,19,0,0,0.029,-0.014,-1.001,0.3,-0.6,0
34.2293127,0,0,19,0,0,0.029,-0.014,-1.001,0.3,-0.6,0
34.2393127,0,0,19,0,0,0.029,-0.014,-1.001,0.3,-0.6,0
34.2569537,0,0,19,0,0,0.029,-0.015,-1.001,0.3,-0.5,0.1
34.2669537,0,0,19,0,0,0.029,-0.015,-1.001,0.3,-0.5,0.1
34.2769537,0,0,19,0,0,0.029,-0.015,-1.001,0.3,-0.5,0.1
34.2869537,0,0,19,0,0,0.029,-0.015,-1.001,0.3,-0.5,0.1
34.2969537,0,0,19,0,0,0.029,-0.015,-1.001,0.3,-0.5,0.1
34.3069537,0,0,19,0,0,0.029,-0.014,-1.001,0.3,-0.5,0
34.3169537,0,0,19,0,0,0.029,-0.014,-1.001,0.3,-0.5,0
34.3269537,0,0,19,0,0,0.029,-0.014,-1.001,0.3,-0.5,0
34.3369537,0,0,19,0,0,0.029,-0.014,-1.001,0.3,-0.5,0
34.3469537,0,0,19,0,0,0.029,-0.014,-1.001,0.3,-0.5,0
34.3569537,0,0,19,0,0,0.03,-0.015,-1.001,0.3,-0.6,0.1
34.3669537,0,0,19,0,0,0.03,-0.015,-1.001,0.3,-0.6,0.1
34.3769537,0,0,19,0,0,0.03,-0.015,-1.001,0.3,-0.6,0.1
34.3869537,0,0,19,0,0,0.03,-0.015,-1.001,0.3,-0.6,0.1
34.3969537,0,0,19,0,0,0.03,-0.015,-1.001,0.3,-0.6,0.1
34.4314159,0,0,19,0,0,0.029,-0.015,-1.002,0.3,-0.6,0
34.4414159,0,0,19,0,0,0.029,-0.015,-1.002,0.3,-0.6,0
34.4514159,0,0,19,0,0,0.029,-0.015,-1.002,0.3,-0.6,0
34.4614159,0,0,19,0,0,0.029,-0.015,-1.002,0.3,-0.6,0
34.4714159,0,0,19,0,0,0.029,-0.015,-1.002,0.3,-0.6,0
34.4814159,0,0,19,0,0,0.03,-0.016,-1.001,0.3,-0.6,0
34.4914159,0,0,19,0,0,0.03,-0.016,-1.001,0.3,-0.6,0
34.5014159,0,0,19,0,0,0.03,-0.016,-1.001,0.3,-0.6,0
34.5114159,0,0,19,0,0,0.03,-0.016,-1.001,0.3,-0.6,0
34.5214159,0,0,19,0,0,0.03,-0.016,-1.001,0.3,-0.6,0
34.5405908,0,0,19,0,0,0.03,-0.015,-1.001,0.2,-0.6,0.1
34.5505908,0,0,19,0,0,0.03,-0.015,-1.001,0.2,-0.6,0.1
34.5605908,0,0,19,0,0,0.03,-0.015,-1.001,0.2,-0.6,0.1
34.5705908,0,0,19,0,0,0.03,-0.015,-1.001,0.2,-0.6,0.1
34.5805908,0,0,19,0,0,0.03,-0.015,-1.001,0.2,-0.6,0.1
34.5905908,0,0,19,0,0,0.03,-0.016,-1.001,0.3,-0.6,0
34.6005908,0,0,19,0,0,0.03,-0.016,-1.001,0.3,-0.6,0
34.6105908,0,0,19,0,0,0.03,-0.016,-1.001,0.3,-0.6,0
34.6205908,0,0,19,0,0,0.03,-0.016,-1.001,0.3,-0.6,0
34.6305908,0,0,19,0,0,0.03,-0.016,-1.001,0.3,-0.6,0
34.6405908,0,0,19,0,0,0.03,-0.015,-1.001,0.3,-0.6,0
34.6505908,0,0,19,0,0,0.03,-0.015,-1.001,0.3,-0.6,0
34.6605908,0,0,19,0,0,0.03,-0.015,-1.001,0.3,-0.6,0
34.6705908,0,0,19,0,0,0.03,-0.015,-1.001,0.3,-0.6,0
34.6805908,0,0,19,0,0,0.03,-0.015,-1.001,0.3,-0.6,0
34.6986565,0,0,19,0,0,0.03,-0.015,-1.001,0.3,-0.6,0
34.7086565,0,0,19,0,0,0.03,-0.015,-1.001,0.3,-0.6,0
34.7186565,0,0,19,0,0,0.03,-0.015,-1.001,0.3,-0.6,0
34.7286565,0,0,19,0,0,0.03,-0.015,-1.001,0.3,-0.6,0
34.7386565,0,0,19,0,0,0.03,-0.015,-1.001,0.3,-0.6,0
34.7486565,0,0,19,0,0,0.029,-0.015,-1.001,0.2,-0.6,0
34.7586565,0,0,19,0,0,0.029,-0.015,-1.001,0.2,-0.6,0
34.7686565,0,0,19,0,0,0.029,-0.015,-1.001,0.2,-0.6,0
34.7786565,0,0,19,0,0,0.029,-0.015,-1.001,0.2,-0.6,0
34.7886565,0,0,19,0,0,0.029,-0.015,-1.001,0.2,-0.6,0
34.7986565,0,0,19,0,0,0.029,-0.014,-1.001,0.3,-0.6,0
34.8086565,0,0,19,0,0,0.029,-0.014,-1.001,0.3,-0.6,0
34.8186565,0,0,19,0,0,0.029,-0.014,-1.001,0.3,-0.6,0
34.8286565,0,0,19,0,0,0.029,-0.014,-1.001,0.3,-0.6,0
34.8386565,0,0,19,0,0,0.029,-0.014,-1.001,0.3,-0.6,0
34.8486565,0,0,19,0,0,0.028,-0.015,-1.001,0.3,-0.5,0.1
34.8586565,0,0,19,0,0,0.028,-0.015,-1.001,0.3,-0.5,0.1
34.8686565,0,0,19,0,0,0.028,-0.015,-1.001,0.3,-0.5,0.1
34.8786565,0,0,19,0,0,0.028,-0.015,-1.001,0.3,-0.5,0.1
34.8886565,0,0,19,0,0,0.028,-0.015,-1.001,0.3,-0.5,0.1
34.8986565,0,0,19,0,0,0.031,-0.015,-1.001,0.3,-0.5,0.1
34.9086565,0,0,19,0,0,0.031,-0.015,-1.001,0.3,-0.5,0.1
34.9186565,0,0,19,0,0,0.031,-0.015,-1.001,0.3,-0.5,0.1
34.9286565,0,0,19,0,0,0.031,-0.015,-1.001,0.3,-0.5,0.1
34.9386565,0,0,19,0,0,0.031,-0.015,-1.001,0.3,-0.5,0.1
34.9486565,0,0,19,0,0,0.029,-0.015,-1.001,0.3,-0.6,0
34.9586565,0,0,19,0,0,0.029,-0.015,-1.001,0.3,-0.6,0
34.9686565,0,0,19,0,0,0.029,-0.015,-1.001,0.3,-0.6,0
34.9786565,0,0,19,0,0,0.029,-0.015,-1.001,0.3,-0.6,0
34.9886565,0,0,19,0,0,0.029,-0.015,-1.001,0.3,-0.6,0
35.0013493,0,0,19,0,0,0.029,-0.016,-1,0.3,-0.5,0
35.0113493,0,0,19,0,0,0.029,-0.016,-1,0.3,-0.5,0
35.0213493,0,0,19,0,0,0.029,-0.016,-1,0.3,-0.5,0
35.0313493,0,0,19,0,0,0.029,-0.016,-1,0.3,-0.5,0
35.0413493,0,0,19,0,0,0.029,-0.016,-1,0.3,-0.5,0
35.0513493,0,0,19,0,0,0.029,-0.016,-1.001,0.3,-0.6,0.1
35.0613493,0,0,19,0,0,0.029,-0.016,-1.001,0.3,-0.6,0.1
35.0713493,0,0,19,0,0,0.029,-0.016,-1.001,0.3,-0.6,0.1
35.0813493,0,0,19,0,0,0.029,-0.016,-1.001,0.3,-0.6,0.1
35.0913493,0,0,19,0,0,0.029,-0.016,-1.001,0.3,-0.6,0.1
35.1013493,0,0,19,0,0,0.029,-0.015,-1.001,0.2,-0.6,0
35.1113493,0,0,19,0,0,0.029,-0.015,-1.001,0.2,-0.6,0
35.1213493,0,0,19,0,0,0.029,-0.015,-1.001,0.2,-0.6,0
35.1313493,0,0,19,0,0,0.029,-0.015,-1.001,0.2,-0.6,0
35.1413493,0,0,19,0,0,0.029,-0.015,-1.001,0.2,-0.6,0
35.1653149,0,0,19,0,0,0.029,-0.016,-1.001,0.3,-0.6,0.1
35.1753149,0,0,19,0,0,0.029,-0.016,-1.001,0.3,-0.6,0.1
35.1853149,0,0,19,0,0,0.029,-0.016,-1.001,0.3,-0.6,0.1
35.1953149,0,0,19,0,0,0.029,-0.016,-1.001,0.3,-0.6,0.1
35.2053149,0,0,19,0,0,0.029,-0.016,-1.001,0.3,-0.6,0.1
35.2153149,0,0,19,0,0,0.029,-0.014,-1.001,0.3,-0.5,0
35.2253149,0,0,19,0,0,0.029,-0.014,-1.001,0.3,-0.5,0
35.2353149,0,0,19,0,0,0.029,-0.014,-1.001,0.3,-0.5,0
35.2453149,0,0,19,0,0,0.029,-0.014,-1.001,0.3,-0.5,0
35.2553149,0,0,19,0,0,0.029,-0.014,-1.001,0.3,-0.5,0
35.2653149,0,0,19,0,0,0.03,-0.015,-1.002,0.3,-0.5,0
35.2753149,0,0,19,0,0,0.03,-0.015,-1.002,0.3,-0.5,0
35.2853149,0,0,19,0,0,0.03,-0.015,-1.002,0.3,-0.5,0
35.2953149,0,0,19,0,0,0.03,-0.015,-1.002,0.3,-0.5,0
35.3053149,0,0,19,0,0,0.03,-0.015,-1.002,0.3,-0.5,0
35.3153149,0,0,19,0,0,0.03,-0.015,-1.001,0.3,-0.5,0
35.3253149,0,0,19,0,0,0.03,-0.015,-1.001,0.3,-0.5,0
35.3353149,0,0,19,0,0,0.03,-0.015,-1.001,0.3,-0.5,0
35.3453149,0,0,19,0,0,0.03,-0.015,-1.001,0.3,-0.5,0
35.3553149,0,0,19,0,0,0.03,-0.015,-1.001,0.3,-0.5,0
35.3653149,0,0,19,0,0,0.029,-0.016,-1.001,0.3,-0.5,0.1
35.3753149,0,0,19,0,0,0.029,-0.016,-1.001,0.3,-0.5,0.1
35.3853149,0,0,19,0,0,0.029,-0.016,-1.001,0.3,-0.5,0.1
35.3953149,0,0,19,0,0,0.029,-0.016,-1.001,0.3,-0.5,0.1
35.4053149,0,0,19,0,0,0.029,-0.016,-1.001,0.3,-0.5,0.1
35.4153149,0,0,19,0,0,0.029,-0.015,-1,0.3,-0.6,0
35.4253149,0,0,19,0,0,0.029,-0.015,-1,0.3,-0.6,0
35.4353149,0,0,19,0,0,0.029,-0.015,-1,0.3,-0.6,0
35.4453149,0,0,19,0,0,0.029,-0.015,-1,0.3,-0.6,0
35.4553149,0,0,19,0,0,0.029,-0.015,-1,0.3,-0.6,0
35.4653149,0,0,19,0,0,0.03,-0.015,-1,0.3,-0.5,0
35.4753149,0,0,19,0,0,0.03,-0.015,-1,0.3,-0.5,0
35.4853149,0,0,19,0,0,0.03,-0.015,-1,0.3,-0.5,0
35.4953149,0,0,19,0,0,0.03,-0.015,-1,0.3,-0.5,0
35.5053149,0,0,19,0,0,0.03,-0.015,-1,0.3,-0.5,0
35.5153149,0,0,19,0,0,0.031,-0.015,-1,0.3,-0.5,0
35.5253149,0,0,19,0,0,0.031,-0.015,-1,0.3,-0.5,0
35.5353149,0,0,19,0,0,0.031,-0.015,-1,0.3,-0.5,0
35.5453149,0,0,19,0,0,0.031,-0.015,-1,0.3,-0.5,0
35.5553149,0,0,19,0,0,0.031,-0.015,-1,0.3,-0.5,0
35.5653149,0,0,19,0,0,0.03,-0.015,-1.001,0.2,-0.5,0.1
35.5753149,0,0,19,0,0,0.03,-0.015,-1.001,0.2,-0.5,0.1
35.5853149,0,0,19,0,0,0.03,-0.015,-1.001,0.2,-0.5,0.1
35.5953149,0,0,19,0,0,0.03,-0.015,-1.001,0.2,-0.5,0.1
35.6053149,0,0,19,0,0,0.03,-0.015,-1.001,0.2,-0.5,0.1
35.6153149,0,0,19,0,0,0.03,-0.014,-1,0.2,-0.5,0
35.6253149,0,0,19,0,0,0.03,-0.014,-1,0.2,-0.5,0
35.6353149,0,0,19,0,0,0.03,-0.014,-1,0.2,-0.5,0
35.6453149,0,0,19,0,0,0.03,-0.014,-1,0.2,-0.5,0
35.6553149,0,0,19,0,0,0.03,-0.014,-1,0.2,-0.5,0
35.6788901,0,0,19,0,0,0.03,-0.015,-1.001,0.3,-0.5,0.1
35.6888901,0,0,19,0,0,0.03,-0.015,-1.001,0.3,-0.5,0.1
35.6988901,0,0,19,0,0,0.03,-0.015,-1.001,0.3,-0.5,0.1
35.7088901,0,0,19,0,0,0.03,-0.015,-1.001,0.3,-0.5,0.1
35.7188901,0,0,19,0,0,0.03,-0.015,-1.001,0.3,-0.5,0.1
35.751022,0,0,19,0,0,0.029,-0.015,-1.001,0.3,-0.5,0
35.761022,0,0,19,0,0,0.029,-0.015,-1.001,0.3,-0.5,0
35.771022,0,0,19,0,0,0.029,-0.015,-1.001,0.3,-0.5,0
35.781022,0,0,19,0,0,0.029,-0.015,-1.001,0.3,-0.5,0
35.791022,0,0,19,0,0,0.029,-0.015,-1.001,0.3,-0.5,0
35.801022,0,0,19,0,0,0.031,-0.015,-1.001,0.3,-0.6,0.1
35.811022,0,0,19,0,0,0.031,-0.015,-1.001,0.3,-0.6,0.1
35.821022,0,0,19,0,0,0.031,-0.015,-1.001,0.3,-0.6,0.1
35.831022,0,0,19,0,0,0.031,-0.015,-1.001,0.3,-0.6,0.1
35.841022,0,0,19,0,0,0.031,-0.015,-1.001,0.3,-0.6,0.1
35.851022,0,0,19,0,0,0.029,-0.016,-1.002,0.3,-0.5,0
35.861022,0,0,19,0,0,0.029,-0.016,-1.002,0.3,-0.5,0
35.871022,0,0,19,0,0,0.029,-0.016,-1.002,0.3,-0.5,0
35.881022,0,0,19,0,0,0.029,-0.016,-1.002,0.3,-0.5,0
35.891022,0,0,19,0,0,0.029,-0.016,-1.002,0.3,-0.5,0
35.901022,0,0,19,0,0,0.029,-0.014,-1.001,0.3,-0.5,0
35.911022,0,0,19,0,0,0.029,-0.014,-1.001,0.3,-0.5,0
35.921022,0,0,19,0,0,0.029,-0.014,-1.001,0.3,-0.5,0
35.931022,0,0,19,0,0,0.029,-0.014,-1.001,0.3,-0.5,0
35.941022,0,0,19,0,0,0.029,-0.014,-1.001,0.3,-0.5,0
35.951022,0,0,19,0,0,0.03,-0.015,-1.001,0.3,-0.6,0
35.961022,0,0,19,0,0,0.03,-0.015,-1.001,0.3,-0.6,0
35.971022,0,0,19,0,0,0.03,-0.015,-1.001,0.3,-0.6,0
35.981022,0,0,19,0,0,0.03,-0.015,-1.001,0.3,-0.6,0
35.991022,0,0,19,0,0,0.03,-0.015,-1.001,0.3,-0.6,0
36.001022,0,0,19,0,0,0.029,-0.014,-1.001,0.3,-0.5,0
36.011022,0,0,19,0,0,0.029,-0.014,-1.001,0.3,-0.5,0
36.021022,0,0,19,0,0,0.029,-0.014,-1.001,0.3,-0.5,0
36.031022,0,0,19,0,0,0.029,-0.014,-1.001,0.3,-0.5,0
36.041022,0,0,19,0,0,0.029,-0.014,-1.001,0.3,-0.5,0
36.0540928,0,0,19,0,0,0.029,-0.017,-1.001,0.3,-0.6,0
36.0640928,0,0,19,0,0,0.029,-0.017,-1.001,0.3,-0.6,0
36.0740928,0,0,19,0,0,0.029,-0.017,-1.001,0.3,-0.6,0
36.0840928,0,0,19,0,0,0.029,-0.017,-1.001,0.3,-0.6,0
36.0940928,0,0,19,0,0,0.029,-0.017,-1.001,0.3,-0.6,0
36.1040928,0,0,19,0,0,0.03,-0.014,-1,0.3,-0.6,0.1
36.1140928,0,0,19,0,0,0.03,-0.014,-1,0.3,-0.6,0.1
36.1240928,0,0,19,0,0,0.03,-0.014,-1,0.3,-0.6,0.1
36.1340928,0,0,19,0,0,0.03,-0.014,-1,0.3,-0.6,0.1
36.1440928,0,0,19,0,0,0.03,-0.014,-1,0.3,-0.6,0.1
36.1540928,0,0,19,0,0,0.03,-0.016,-1,0.2,-0.6,0
36.1640928,0,0,19,0,0,0.03,-0.016,-1,0.2,-0.6,0
36.1740928,0,0,19,0,0,0.03,-0.016,-1,0.2,-0.6,0
36.1840928,0,0,19,0,0,0.03,-0.016,-1,0.2,-0.6,0
36.1940928,0,0,19,0,0,0.03,-0.016,-1,0.2,-0.6,0
36.2132553,0,0,19,0,0,0.029,-0.014,-1.001,0.2,-0.6,0
36.2232553,0,0,19,0,0,0.029,-0.014,-1.001,0.2,-0.6,0
36.2332553,0,0,19,0,0,0.029,-0.014,-1.001,0.2,-0.6,0
36.2432553,0,0,19,0,0,0.029,-0.014,-1.001,0.2,-0.6,0
36.2532553,0,0,19,0,0,0.029,-0.014,-1.001,0.2,-0.6,0
36.2632553,0,0,19,0,0,0.029,-0.017,-1,0.2,-0.6,0
36.2732553,0,0,19,0,0,0.029,-0.017,-1,0.2,-0.6,0
36.2832553,0,0,19,0,0,0.029,-0.017,-1,0.2,-0.6,0
36.2932553,0,0,19,0,0,0.029,-0.017,-1,0.2,-0.6,0
36.3032553,0,0,19,0,0,0.029,-0.017,-1,0.2,-0.6,0
36.3132553,0,0,19,0,0,0.029,-0.014,-1.001,0.2,-0.5,0
36.3232553,0,0,19,0,0,0.029,-0.014,-1.001,0.2,-0.5,0
36.3332553,0,0,19,0,0,0.029,-0.014,-1.001,0.2,-0.5,0
36.3432553,0,0,19,0,0,0.029,-0.014,-1.001,0.2,-0.5,0
36.3532553,0,0,19,0,0,0.029,-0.014,-1.001,0.2,-0.5,0
36.3632553,0,0,19,0,0,0.03,-0.015,-1.001,0.3,-0.6,0
36.3732553,0,0,19,0,0,0.03,-0.015,-1.001,0.3,-0.6,0
36.3832553,0,0,19,0,0,0.03,-0.015,-1.001,0.3,-0.6,0
36.3932553,0,0,19,0,0,0.03,-0.015,-1.001,0.3,-0.6,0
36.4032553,0,0,19,0,0,0.03,-0.015,-1.001,0.3,-0.6,0
36.4132553,0,0,19,0,0,0.03,-0.015,-1.001,0.2,-0.6,0.1
36.4232553,0,0,19,0,0,0.03,-0.015,-1.001,0.2,-0.6,0.1
36.4332553,0,0,19,0,0,0.03,-0.015,-1.001,0.2,-0.6,0.1
36.4432553,0,0,19,0,0,0.03,-0.015,-1.001,0.2,-0.6,0.1
36.4532553,0,0,19,0,0,0.03,-0.015,-1.001,0.2,-0.6,0.1
36.4632553,0,0,19,0,0,0.03,-0.015,-1.001,0.3,-0.5,0
36.4732553,0,0,19,0,0,0.03,-0.015,-1.001,0.3,-0.5,0
36.4832553,0,0,19,0,0,0.03,-0.015,-1.001,0.3,-0.5,0
36.4932553,0,0,19,0,0,0.03,-0.015,-1.001,0.3,-0.5,0
36.5032553,0,0,19,0,0,0.03,-0.015,-1.001,0.3,-0.5,0
36.5132553,0,0,19,0,0,0.03,-0.015,-1.001,0.3,-0.6,0
36.5232553,0,0,19,0,0,0.03,-0.015,-1.001,0.3,-0.6,0
36.5332553,0,0,19,0,0,0.03,-0.015,-1.001,0.3,-0.6,0
36.5432553,0,0,19,0,0,0.03,-0.015,-1.001,0.3,-0.6,0
36.5532553,0,0,19,0,0,0.03,-0.015,-1.001,0.3,-0.6,0
36.5632553,0,0,19,0,0,0.029,-0.015,-1,0.3,-0.5,0.1
36.5732553,0,0,19,0,0,0.029,-0.015,-1,0.3,-0.5,0.1
36.5832553,0,0,19,0,0,0.029,-0.015,-1,0.3,-0.5,0.1
36.5932553,0,0,19,0,0,0.029,-0.015,-1,0.3,-0.5,0.1
36.6032553,0,0,19,0,0,0.029,-0.015,-1,0.3,-0.5,0.1
36.6132553,0,0,19,0,0,0.029,-0.014,-1.001,0.3,-0.6,0
36.6232553,0,0,19,0,0,0.029,-0.014,-1.001,0.3,-0.6,0
36.6332553,0,0,19,0,0,0.029,-0.014,-1.001,0.3,-0.6,0
36.6432553,0,0,19,0,0,0.029,-0.014,-1.001,0.3,-0.6,0
36.6532553,0,0,19,0,0,0.029,-0.014,-1.001,0.3,-0.6,0
36.6680599,0,0,19,0,0,0.029,-0.015,-1.001,0.3,-0.6,0
36.6780599,0,0,19,0,0,0.029,-0.015,-1.001,0.3,-0.6,0
36.6880599,0,0,19,0,0,0.029,-0.015,-1.001,0.3,-0.6,0
36.6980599,0,0,19,0,0,0.029,-0.015,-1.001,0.3,-0.6,0
36.7080599,0,0,19,0,0,0.029,-0.015,-1.001,0.3,-0.6,0
36.7180599,0,0,19,0,0,0.029,-0.014,-1.001,0.2,-0.6,0
36.7280599,0,0,19,0,0,0.029,-0.014,-1.001,0.2,-0.6,0
36.7380599,0,0,19,0,0,0.029,-0.014,-1.001,0.2,-0.6,0
36.7480599,0,0,19,0,0,0.029,-0.014,-1.001,0.2,-0.6,0
36.7580599,0,0,19,0,0,0.029,-0.014,-1.001,0.2,-0.6,0
36.7953172,0,0,19,0,0,0.03,-0.015,-1.002,0.3,-0.6,0.1
36.8053172,0,0,19,0,0,0.03,-0.015,-1.002,0.3,-0.6,0.1
36.8153172,0,0,19,0,0,0.03,-0.015,-1.002,0.3,-0.6,0.1
36.8253172,0,0,19,0,0,0.03,-0.015,-1.002,0.3,-0.6,0.1
36.8353172,0,0,19,0,0,0.03,-0.015,-1.002,0.3,-0.6,0.1
36.877681,0,0,19,0,0,0.029,-0.016,-1,0.3,-0.5,0
36.887681,0,0,19,0,0,0.029,-0.016,-1,0.3,-0.5,0
36.897681,0,0,19,0,0,0.029,-0.016,-1,0.3,-0.5,0
36.907681,0,0,19,0,0,0.029,-0.016,-1,0.3,-0.5,0
36.917681,0,0,19,0,0,0.029,-0.016,-1,0.3,-0.5,0
36.9398982,0,0,19,0,0,0.029,-0.016,-1.001,0.2,-0.5,0.1
36.9498982,0,0,19,0,0,0.029,-0.016,-1.001,0.2,-0.5,0.1
36.9598982,0,0,19,0,0,0.029,-0.016,-1.001,0.2,-0.5,0.1
36.9698982,0,0,19,0,0,0.029,-0.016,-1.001,0.2,-0.5,0.1
36.9798982,0,0,19,0,0,0.029,-0.016,-1.001,0.2,-0.5,0.1
36.9898982,0,0,19,0,0,0.03,-0.016,-1.001,0.3,-0.6,0
36.9998982,0,0,19,0,0,0.03,-0.016,-1.001,0.3,-0.6,0
37.0098982,0,0,19,0,0,0.03,-0.016,-1.001,0.3,-0.6,0
37.0198982,0,0,19,0,0,0.03,-0.016,-1.001,0.3,-0.6,0
37.0298982,0,0,19,0,0,0.03,-0.016,-1.001,0.3,-0.6,0
37.0398982,0,0,19,0,0,0.029,-0.014,-1.002,0.3,-0.6,0.1
37.0498982,0,0,19,0,0,0.029,-0.014,-1.002,0.3,-0.6,0.1
37.0598982,0,0,19,0,0,0.029,-0.014,-1.002,0.3,-0.6,0.1
37.0698982,0,0,19,0,0,0.029,-0.014,-1.002,0.3,-0.6,0.1
37.0798982,0,0,19,0,0,0.029,-0.014,-1.002,0.3,-0.6,0.1
37.0986218,0,0,19,0,0,0.03,-0.015,-1.002,0.2,-0.4,0
37.1086218,0,0,19,0,0,0.03,-0.015,-1.002,0.2,-0.4,0
37.1186218,0,0,19,0,0,0.03,-0.015,-1.002,0.2,-0.4,0
37.1286218,0,0,19,0,0,0.03,-0.015,-1.002,0.2,-0.4,0
37.1386218,0,0,19,0,0,0.03,-0.015,-1.002,0.2,-0.4,0
37.1486218,0,0,19,0,0,0.029,-0.014,-1.001,0.3,-0.5,0
37.1586218,0,0,19,0,0,0.029,-0.014,-1.001,0.3,-0.5,0
37.1686218,0,0,19,0,0,0.029,-0.014,-1.001,0.3,-0.5,0
37.1786218,0,0,19,0,0,0.029,-0.014,-1.001,0.3,-0.5,0
37.1886218,0,0,19,0,0,0.029,-0.014,-1.001,0.3,-0.5,0
37.1986218,0,0,19,0,0,0.029,-0.016,-1.001,0.3,-0.5,0
37.2086218,0,0,19,0,0,0.029,-0.016,-1.001,0.3,-0.5,0
37.2186218,0,0,19,0,0,0.029,-0.016,-1.001,0.3,-0.5,0
37.2286218,0,0,19,0,0,0.029,-0.016,-1.001,0.3,-0.5,0
37.2386218,0,0,19,0,0,0.029,-0.016,-1.001,0.3,-0.5,0
37.2486218,0,0,19,0,0,0.029,-0.015,-1,0.3,-0.6,0
37.2586218,0,0,19,0,0,0.029,-0.015,-1,0.3,-0.6,0
37.2686218,0,0,19,0,0,0.029,-0.015,-1,0.3,-0.6,0
37.2786218,0,0,19,0,0,0.029,-0.015,-1,0.3,-0.6,0
37.2886218,0,0,19,0,0,0.029,-0.015,-1,0.3,-0.6,0
37.2986218,0,0,19,0,0,0.029,-0.015,-1.001,0.3,-0.5,0
37.3086218,0,0,19,0,0,0.029,-0.015,-1.001,0.3,-0.5,0
37.3186218,0,0,19,0,0,0.029,-0.015,-1.001,0.3,-0.5,0
37.3286218,0,0,19,0,0,0.029,-0.015,-1.001,0.3,-0.5,0
37.3386218,0,0,19,0,0,0.029,-0.015,-1.001,0.3,-0.5,0
37.3486218,0,0,19,0,0,0.029,-0.016,-1.002,0.3,-0.6,0
37.3586218,0,0,19,0,0,0.029,-0.016,-1.002,0.3,-0.6,0
37.3686218,0,0,19,0,0,0.029,-0.016,-1.002,0.3,-0.6,0
37.3786218,0,0,19,0,0,0.029,-0.016,-1.002,0.3,-0.6,0
37.3886218,0,0,19,0,0,0.029,-0.016,-1.002,0.3,-0.6,0
37.3986218,0,0,19,0,0,0.029,-0.014,-1.001,0.3,-0.5,0
37.4086218,0,0,19,0,0,0.029,-0.014,-1.001,0.3,-0.5,0
37.4186218,0,0,19,0,0,0.029,-0.014,-1.001,0.3,-0.5,0
37.4286218,0,0,19,0,0,0.029,-0.014,-1.001,0.3,-0.5,0
37.4386218,0,0,19,0,0,0.029,-0.014,-1.001,0.3,-0.5,0
37.4486218,0,0,19,0,0,0.029,-0.016,-1.001,0.3,-0.5,0.1
37.4586218,0,0,19,0,0,0.029,-0.016,-1.001,0.3,-0.5,0.1
37.4686218,0,0,19,0,0,0.029,-0.016,-1.001,0.3,-0.5,0.1
37.4786218,0,0,19,0,0,0.029,-0.016,-1.001,0.3,-0.5,0.1
37.4886218,0,0,19,0,0,0.029,-0.016,-1.001,0.3,-0.5,0.1
37.4986218,0,0,19,0,0,0.029,-0.014,-1,0.3,-0.5,0
37.5086218,0,0,19,0,0,0.029,-0.014,-1,0.3,-0.5,0
37.5186218,0,0,19,0,0,0.029,-0.014,-1,0.3,-0.5,0
37.5286218,0,0,19,0,0,0.029,-0.014,-1,0.3,-0.5,0
37.5386218,0,0,19,0,0,0.029,-0.014,-1,0.3,-0.5,0
37.5544004,0,0,19,0,0,0.029,-0.015,-1,0.3,-0.5,0.1
37.5644004,0,0,19,0,0,0.029,-0.015,-1,0.3,-0.5,0.1
37.5744004,0,0,19,0,0,0.029,-0.015,-1,0.3,-0.5,0.1
37.5844004,0,0,19,0,0,0.029,-0.015,-1,0.3,-0.5,0.1
37.5944004,0,0,19,0,0,0.029,-0.015,-1,0.3,-0.5,0.1
37.6044004,0,0,19,0,0,0.028,-0.014,-1,0.3,-0.6,0
37.6144004,0,0,19,0,0,0.028,-0.014,-1,0.3,-0.6,0
37.6244004,0,0,19,0,0,0.028,-0.014,-1,0.3,-0.6,0
37.6344004,0,0,19,0,0,0.028,-0.014,-1,0.3,-0.6,0
37.6444004,0,0,19,0,0,0.028,-0.014,-1,0.3,-0.6,0
37.6544004,0,0,19,0,0,0.03,-0.016,-1.002,0.2,-0.5,0
37.6644004,0,0,19,0,0,0.03,-0.016,-1.002,0.2,-0.5,0
37.6744004,0,0,19,0,0,0.03,-0.016,-1.002,0.2,-0.5,0
37.6844004,0,0,19,0,0,0.03,-0.016,-1.002,0.2,-0.5,0
37.6944004,0,0,19,0,0,0.03,-0.016,-1.002,0.2,-0.5,0
37.7044004,0,0,19,0,0,0.03,-0.015,-1.001,0.3,-0.4,0.1
37.7144004,0,0,19,0,0,0.03,-0.015,-1.001,0.3,-0.4,0.1
37.7244004,0,0,19,0,0,0.03,-0.015,-1.001,0.3,-0.4,0.1
37.7344004,0,0,19,0,0,0.03,-0.015,-1.001,0.3,-0.4,0.1
37.7444004,0,0,19,0,0,0.03,-0.015,-1.001,0.3,-0.4,0.1
37.7544004,0,0,19,0,0,0.029,-0.015,-1.001,0.2,-0.6,0
37.7644004,0,0,19,0,0,0.029,-0.015,-1.001,0.2,-0.6,0
37.7744004,0,0,19,0,0,0.029,-0.015,-1.001,0.2,-0.6,0
37.7844004,0,0,19,0,0,0.029,-0.015,-1.001,0.2,-0.6,0
37.7944004,0,0,19,0,0,0.029,-0.015,-1.001,0.2,-0.6,0
37.8044004,0,0,19,0,0,0.029,-0.016,-1.002,0.3,-0.5,0
37.8144004,0,0,19,0,0,0.029,-0.016,-1.002,0.3,-0.5,0
37.8244004,0,0,19,0,0,0.029,-0.016,-1.002,0.3,-0.5,0
37.8344004,0,0,19,0,0,0.029,-0.016,-1.002,0.3,-0.5,0
37.8444004,0,0,19,0,0,0.029,-0.016,-1.002,0.3,-0.5,0
37.8544004,0,0,19,0,0,0.029,-0.015,-1.001,0.3,-0.6,0.1
37.8644004,0,0,19,0,0,0.029,-0.015,-1.001,0.3,-0.6,0.1
37.8744004,0,0,19,0,0,0.029,-0.015,-1.001,0.3,-0.6,0.1
37.8844004,0,0,19,0,0,0.029,-0.015,-1.001,0.3,-0.6,0.1
37.8944004,0,0,19,0,0,0.029,-0.015,-1.001,0.3,-0.6,0.1
37.9044004,0,0,19,0,0,0.03,-0.016,-1,0.3,-0.6,0
37.9144004,0,0,19,0,0,0.03,-0.016,-1,0.3,-0.6,0
37.9244004,0,0,19,0,0,0.03,-0.016,-1,0.3,-0.6,0
37.9344004,0,0,19,0,0,0.03,-0.016,-1,0.3,-0.6,0
37.9444004,0,0,19,0,0,0.03,-0.016,-1,0.3,-0.6,0
37.9544004,0,0,19,0,0,0.03,-0.015,-1.001,0.3,-0.5,0
37.9644004,0,0,19,0,0,0.03,-0.015,-1.001,0.3,-0.5,0
37.9744004,0,0,19,0,0,0.03,-0.015,-1.001,0.3,-0.5,0
37.9844004,0,0,19,0,0,0.03,-0.015,-1.001,0.3,-0.5,0
37.9944004,0,0,19,0,0,0.03,-0.015,-1.001,0.3,-0.5,0
38.0044004,0,0,19,0,0,0.03,-0.015,-1.003,0.3,-0.5,0
38.0144004,0,0,19,0,0,0.03,-0.015,-1.003,0.3,-0.5,0
38.0244004,0,0,19,0,0,0.03,-0.015,-1.003,0.3,-0.5,0
38.0344004,0,0,19,0,0,0.03,-0.015,-1.003,0.3,-0.5,0
38.0444004,0,0,19,0,0,0.03,-0.015,-1.003,0.3,-0.5,0
38.0544004,0,0,19,0,0,0.03,-0.014,-1.002,0.3,-0.6,0.1
38.0644004,0,0,19,0,0,0.03,-0.014,-1.002,0.3,-0.6,0.1
38.0744004,0,0,19,0,0,0.03,-0.014,-1.002,0.3,-0.6,0.1
38.0844004,0,0,19,0,0,0.03,-0.014,-1.002,0.3,-0.6,0.1
38.0944004,0,0,19,0,0,0.03,-0.014,-1.002,0.3,-0.6,0.1
38.1044004,0,0,19,0,0,0.029,-0.015,-1.002,0.3,-0.6,0
38.1144004,0,0,19,0,0,0.029,-0.015,-1.002,0.3,-0.6,0
38.1244004,0,0,19,0,0,0.029,-0.015,-1.002,0.3,-0.6,0
38.1344004,0,0,19,0,0,0.029,-0.015,-1.002,0.3,-0.6,0
38.1444004,0,0,19,0,0,0.029,-0.015,-1.002,0.3,-0.6,0
38.1544004,0,0,19,0,0,0.03,-0.015,-1.002,0.2,-0.5,0
38.1644004,0,0,19,0,0,0.03,-0.015,-1.002,0.2,-0.5,0
38.1744004,0,0,19,0,0,0.03,-0.015,-1.002,0.2,-0.5,0
38.1844004,0,0,19,0,0,0.03,-0.015,-1.002,0.2,-0.5,0
38.1944004,0,0,19,0,0,0.03,-0.015,-1.002,0.2,-0.5,0
38.2044004,0,0,19,0,0,0.028,-0.016,-1.001,0.2,-0.6,0.1
38.2144004,0,0,19,0,0,0.028,-0.016,-1.001,0.2,-0.6,0.1
38.2244004,0,0,19,0,0,0.028,-0.016,-1.001,0.2,-0.6,0.1
38.2344004,0,0,19,0,0,0.028,-0.016,-1.001,0.2,-0.6,0.1
38.2444004,0,0,19,0,0,0.028,-0.016,-1.001,0.2,-0.6,0.1
38.2544004,0,0,19,0,0,0.029,-0.015,-1.001,0.3,-0.5,0.1
38.2644004,0,0,19,0,0,0.029,-0.015,-1.001,0.3,-0.5,0.1
38.2744004,0,0,19,0,0,0.029,-0.015,-1.001,0.3,-0.5,0.1
38.2844004,0,0,19,0,0,0.029,-0.015,-1.001,0.3,-0.5,0.1
38.2944004,0,0,19,0,0,0.029,-0.015,-1.001,0.3,-0.5,0.1
38.3044004,0,0,19,0,0,0.03,-0.015,-1,0.3,-0.6,0
38.3144004,0,0,19,0,0,0.03,-0.015,-1,0.3,-0.6,0
38.3244004,0,0,19,0,0,0.03,-0.015,-1,0.3,-0.6,0
38.3344004,0,0,19,0,0,0.03,-0.015,-1,0.3,-0.6,0
38.3444004,0,0,19,0,0,0.03,-0.015,-1,0.3,-0.6,0
38.3544004,0,0,19,0,0,0.029,-0.015,-1,0.3,-0.5,0
38.3644004,0,0,19,0,0,0.029,-0.015,-1,0.3,-0.5,0
38.3744004,0,0,19,0,0,0.029,-0.015,-1,0.3,-0.5,0
38.3844004,0,0,19,0,0,0.029,-0.015,-1,0.3,-0.5,0
38.3944004,0,0,19,0,0,0.029,-0.015,-1,0.3,-0.5,0
38.4044004,0,0,19,0,0,0.03,-0.015,-1.001,0.3,-0.6,0
38.4144003999999,0,0,19,0,0,0.03,-0.015,-1.001,0.3,-0.6,0
38.4244004,0,0,19,0,0,0.03,-0.015,-1.001,0.3,-0.6,0
38.4344004,0,0,19,0,0,0.03,-0.015,-1.001,0.3,-0.6,0
38.4444003999999,0,0,19,0,0,0.03,-0.015,-1.001,0.3,-0.6,0
38.4544003999999,0,0,19,0,0,0.03,-0.015,-1.001,0.3,-0.5,0
38.4644003999999,0,0,19,0,0,0.03,-0.015,-1.001,0.3,-0.5,0
38.4744004,0,0,19,0,0,0.03,-0.015,-1.001,0.3,-0.5,0
38.4844003999999,0,0,19,0,0,0.03,-0.015,-1.001,0.3,-0.5,0
38.4944003999999,0,0,19,0,0,0.03,-0.015,-1.001,0.3,-0.5,0
38.5044003999999,0,0,19,0,0,0.03,-0.016,-1,0.3,-0.5,0.1
38.5144003999999,0,0,19,0,0,0.03,-0.016,-1,0.3,-0.5,0.1
38.5244003999999,0,0,19,0,0,0.03,-0.016,-1,0.3,-0.5,0.1
38.5344003999999,0,0,19,0,0,0.03,-0.016,-1,0.3,-0.5,0.1
38.5444003999999,0,0,19,0,0,0.03,-0.016,-1,0.3,-0.5,0.1
38.5544003999999,0,0,19,0,0,0.03,-0.014,-1.002,0.3,-0.5,0.1
38.5644003999999,0,0,19,0,0,0.03,-0.014,-1.002,0.3,-0.5,0.1
38.5744003999999,0,0,19,0,0,0.03,-0.014,-1.002,0.3,-0.5,0.1
38.5844003999999,0,0,19,0,0,0.03,-0.014,-1.002,0.3,-0.5,0.1
38.5944003999999,0,0,19,0,0,0.03,-0.014,-1.002,0.3,-0.5,0.1
38.6044003999999,0,0,19,0,0,0.029,-0.017,-1.001,0.3,-0.6,0.1
38.6144003999999,0,0,19,0,0,0.029,-0.017,-1.001,0.3,-0.6,0.1
38.6244003999999,0,0,19,0,0,0.029,-0.017,-1.001,0.3,-0.6,0.1
38.6344003999999,0,0,19,0,0,0.029,-0.017,-1.001,0.3,-0.6,0.1
38.6444003999999,0,0,19,0,0,0.029,-0.017,-1.001,0.3,-0.6,0.1
38.6544003999999,0,0,19,0,0,0.029,-0.015,-1.001,0.3,-0.6,0.1
38.6644003999999,0,0,19,0,0,0.029,-0.015,-1.001,0.3,-0.6,0.1
38.6744003999999,0,0,19,0,0,0.029,-0.015,-1.001,0.3,-0.6,0.1
38.6844003999999,0,0,19,0,0,0.029,-0.015,-1.001,0.3,-0.6,0.1
38.6944003999999,0,0,19,0,0,0.029,-0.015,-1.001,0.3,-0.6,0.1
38.7044003999999,0,0,19,0,0,0.03,-0.016,-1,0.3,-0.6,0
38.7144003999999,0,0,19,0,0,0.03,-0.016,-1,0.3,-0.6,0
38.7244003999999,0,0,19,0,0,0.03,-0.016,-1,0.3,-0.6,0
38.7344003999999,0,0,19,0,0,0.03,-0.016,-1,0.3,-0.6,0
38.7444003999999,0,0,19,0,0,0.03,-0.016,-1,0.3,-0.6,0
38.7544003999999,0,0,19,0,0,0.03,-0.014,-1.001,0.2,-0.6,0
38.7644003999999,0,0,19,0,0,0.03,-0.014,-1.001,0.2,-0.6,0
38.7744003999999,0,0,19,0,0,0.03,-0.014,-1.001,0.2,-0.6,0
38.7844003999999,0,0,19,0,0,0.03,-0.014,-1.001,0.2,-0.6,0
38.7944003999999,0,0,19,0,0,0.03,-0.014,-1.001,0.2,-0.6,0
38.8044003999999,0,0,19,0,0,0.029,-0.015,-1.001,0.3,-0.6,0
38.8144003999999,0,0,19,0,0,0.029,-0.015,-1.001,0.3,-0.6,0
38.8244003999999,0,0,19,0,0,0.029,-0.015,-1.001,0.3,-0.6,0
38.8344003999999,0,0,19,0,0,0.029,-0.015,-1.001,0.3,-0.6,0
38.8444003999999,0,0,19,0,0,0.029,-0.015,-1.001,0.3,-0.6,0
38.8544003999999,0,0,19,0,0,0.029,-0.015,-1.002,0.3,-0.6,0
38.8644003999999,0,0,19,0,0,0.029,-0.015,-1.002,0.3,-0.6,0
38.8744003999999,0,0,19,0,0,0.029,-0.015,-1.002,0.3,-0.6,0
38.8844003999999,0,0,19,0,0,0.029,-0.015,-1.002,0.3,-0.6,0
38.8944003999999,0,0,19,0,0,0.029,-0.015,-1.002,0.3,-0.6,0
38.9044003999999,0,0,19,0,0,0.03,-0.016,-1.001,0.2,-0.5,0
38.9144003999999,0,0,19,0,0,0.03,-0.016,-1.001,0.2,-0.5,0
38.9244003999999,0,0,19,0,0,0.03,-0.016,-1.001,0.2,-0.5,0
38.9344003999999,0,0,19,0,0,0.03,-0.016,-1.001,0.2,-0.5,0
38.9444003999999,0,0,19,0,0,0.03,-0.016,-1.001,0.2,-0.5,0
38.9544003999999,0,0,19,0,0,0.029,-0.016,-1.001,0.3,-0.6,0
38.9644003999999,0,0,19,0,0,0.029,-0.016,-1.001,0.3,-0.6,0
38.9744003999999,0,0,19,0,0,0.029,-0.016,-1.001,0.3,-0.6,0
38.9844003999999,0,0,19,0,0,0.029,-0.016,-1.001,0.3,-0.6,0
38.9944003999999,0,0,19,0,0,0.029,-0.016,-1.001,0.3,-0.6,0
39.0044003999999,0,0,19,0,0,0.029,-0.015,-1,0.3,-0.4,0
39.0144003999999,0,0,19,0,0,0.029,-0.015,-1,0.3,-0.4,0
39.0244003999999,0,0,19,0,0,0.029,-0.015,-1,0.3,-0.4,0
39.0344003999999,0,0,19,0,0,0.029,-0.015,-1,0.3,-0.4,0
39.0444003999999,0,0,19,0,0,0.029,-0.015,-1,0.3,-0.4,0
39.057738,0,0,19,0,0,0.03,-0.016,-1.001,0.2,-0.6,0.1
39.067738,0,0,19,0,0,0.03,-0.016,-1.001,0.2,-0.6,0.1
39.077738,0,0,19,0,0,0.03,-0.016,-1.001,0.2,-0.6,0.1
39.087738,0,0,19,0,0,0.03,-0.016,-1.001,0.2,-0.6,0.1
39.097738,0,0,19,0,0,0.03,-0.016,-1.001,0.2,-0.6,0.1
39.107738,0,0,19,0,0,0.029,-0.013,-1.001,0.2,-0.5,0
39.117738,0,0,19,0,0,0.029,-0.013,-1.001,0.2,-0.5,0
39.127738,0,0,19,0,0,0.029,-0.013,-1.001,0.2,-0.5,0
39.137738,0,0,19,0,0,0.029,-0.013,-1.001,0.2,-0.5,0
39.147738,0,0,19,0,0,0.029,-0.013,-1.001,0.2,-0.5,0
39.157738,0,0,19,0,0,0.029,-0.017,-1.001,0.3,-0.5,0
39.167738,0,0,19,0,0,0.029,-0.017,-1.001,0.3,-0.5,0
39.177738,0,0,19,0,0,0.029,-0.017,-1.001,0.3,-0.5,0
39.187738,0,0,19,0,0,0.029,-0.017,-1.001,0.3,-0.5,0
39.197738,0,0,19,0,0,0.029,-0.017,-1.001,0.3,-0.5,0
39.207738,0,0,19,0,0,0.031,-0.014,-1.001,0.3,-0.6,0.1
39.217738,0,0,19,0,0,0.031,-0.014,-1.001,0.3,-0.6,0.1
39.227738,0,0,19,0,0,0.031,-0.014,-1.001,0.3,-0.6,0.1
39.237738,0,0,19,0,0,0.031,-0.014,-1.001,0.3,-0.6,0.1
39.247738,0,0,19,0,0,0.031,-0.014,-1.001,0.3,-0.6,0.1
39.257738,0,0,19,0,0,0.029,-0.015,-1.001,0.2,-0.5,0.1
39.267738,0,0,19,0,0,0.029,-0.015,-1.001,0.2,-0.5,0.1
39.277738,0,0,19,0,0,0.029,-0.015,-1.001,0.2,-0.5,0.1
39.287738,0,0,19,0,0,0.029,-0.015,-1.001,0.2,-0.5,0.1
39.297738,0,0,19,0,0,0.029,-0.015,-1.001,0.2,-0.5,0.1
39.307738,0,0,19,0,0,0.03,-0.016,-1,0.3,-0.6,0
39.317738,0,0,19,0,0,0.03,-0.016,-1,0.3,-0.6,0
39.327738,0,0,19,0,0,0.03,-0.016,-1,0.3,-0.6,0
39.337738,0,0,19,0,0,0.03,-0.016,-1,0.3,-0.6,0
39.347738,0,0,19,0,0,0.03,-0.016,-1,0.3,-0.6,0
39.357738,0,0,19,0,0,0.029,-0.014,-1.001,0.3,-0.6,0
39.367738,0,0,19,0,0,0.029,-0.014,-1.001,0.3,-0.6,0
39.377738,0,0,19,0,0,0.029,-0.014,-1.001,0.3,-0.6,0
39.387738,0,0,19,0,0,0.029,-0.014,-1.001,0.3,-0.6,0
39.397738,0,0,19,0,0,0.029,-0.014,-1.001,0.3,-0.6,0
39.407738,0,0,19,0,0,0.03,-0.016,-1.001,0.3,-0.5,0
39.417738,0,0,19,0,0,0.03,-0.016,-1.001,0.3,-0.5,0
39.427738,0,0,19,0,0,0.03,-0.016,-1.001,0.3,-0.5,0
39.437738,0,0,19,0,0,0.03,-0.016,-1.001,0.3,-0.5,0
39.447738,0,0,19,0,0,0.03,-0.016,-1.001,0.3,-0.5,0
39.457738,0,0,19,0,0,0.029,-0.014,-1.001,0.2,-0.6,0
39.467738,0,0,19,0,0,0.029,-0.014,-1.001,0.2,-0.6,0
39.477738,0,0,19,0,0,0.029,-0.014,-1.001,0.2,-0.6,0
39.487738,0,0,19,0,0,0.029,-0.014,-1.001,0.2,-0.6,0
39.497738,0,0,19,0,0,0.029,-0.014,-1.001,0.2,-0.6,0
39.507738,0,0,19,0,0,0.031,-0.017,-1,0.2,-0.6,0.1
39.517738,0,0,19,0,0,0.031,-0.017,-1,0.2,-0.6,0.1
39.527738,0,0,19,0,0,0.031,-0.017,-1,0.2,-0.6,0.1
39.537738,0,0,19,0,0,0.031,-0.017,-1,0.2,-0.6,0.1
39.547738,0,0,19,0,0,0.031,-0.017,-1,0.2,-0.6,0.1
39.557738,0,0,19,0,0,0.028,-0.014,-1.001,0.3,-0.6,0
39.567738,0,0,19,0,0,0.028,-0.014,-1.001,0.3,-0.6,0
39.577738,0,0,19,0,0,0.028,-0.014,-1.001,0.3,-0.6,0
39.587738,0,0,19,0,0,0.028,-0.014,-1.001,0.3,-0.6,0
39.597738,0,0,19,0,0,0.028,-0.014,-1.001,0.3,-0.6,0
39.607738,0,0,19,0,0,0.031,-0.015,-1,0.3,-0.6,0
39.617738,0,0,19,0,0,0.031,-0.015,-1,0.3,-0.6,0
39.627738,0,0,19,0,0,0.031,-0.015,-1,0.3,-0.6,0
39.637738,0,0,19,0,0,0.031,-0.015,-1,0.3,-0.6,0
39.647738,0,0,19,0,0,0.031,-0.015,-1,0.3,-0.6,0
39.657738,0,0,19,0,0,0.03,-0.015,-1.001,0.3,-0.5,0.1
39.667738,0,0,19,0,0,0.03,-0.015,-1.001,0.3,-0.5,0.1
39.677738,0,0,19,0,0,0.03,-0.015,-1.001,0.3,-0.5,0.1
39.687738,0,0,19,0,0,0.03,-0.015,-1.001,0.3,-0.5,0.1
39.697738,0,0,19,0,0,0.03,-0.015,-1.001,0.3,-0.5,0.1
39.707738,0,0,19,0,0,0.03,-0.016,-1.001,0.3,-0.5,0
39.717738,0,0,19,0,0,0.03,-0.016,-1.001,0.3,-0.5,0
39.727738,0,0,19,0,0,0.03,-0.016,-1.001,0.3,-0.5,0
39.737738,0,0,19,0,0,0.03,-0.016,-1.001,0.3,-0.5,0
39.747738,0,0,19,0,0,0.03,-0.016,-1.001,0.3,-0.5,0
39.757738,0,0,19,0,0,0.029,-0.016,-1.001,0.3,-0.6,0
39.767738,0,0,19,0,0,0.029,-0.016,-1.001,0.3,-0.6,0
39.777738,0,0,19,0,0,0.029,-0.016,-1.001,0.3,-0.6,0
39.787738,0,0,19,0,0,0.029,-0.016,-1.001,0.3,-0.6,0
39.797738,0,0,19,0,0,0.029,-0.016,-1.001,0.3,-0.6,0
39.807738,0,0,19,0,0,0.03,-0.014,-1.001,0.2,-0.6,0
39.817738,0,0,19,0,0,0.03,-0.014,-1.001,0.2,-0.6,0
39.827738,0,0,19,0,0,0.03,-0.014,-1.001,0.2,-0.6,0
39.837738,0,0,19,0,0,0.03,-0.014,-1.001,0.2,-0.6,0
39.847738,0,0,19,0,0,0.03,-0.014,-1.001,0.2,-0.6,0
39.857738,0,0,19,0,0,0.029,-0.014,-1,0.2,-0.6,0
39.867738,0,0,19,0,0,0.029,-0.014,-1,0.2,-0.6,0
39.877738,0,0,19,0,0,0.029,-0.014,-1,0.2,-0.6,0
39.887738,0,0,19,0,0,0.029,-0.014,-1,0.2,-0.6,0
39.897738,0,0,19,0,0,0.029,-0.014,-1,0.2,-0.6,0
39.907738,0,0,19,0,0,0.03,-0.015,-1.001,0.2,-0.6,0
39.917738,0,0,19,0,0,0.03,-0.015,-1.001,0.2,-0.6,0
39.927738,0,0,19,0,0,0.03,-0.015,-1.001,0.2,-0.6,0
39.937738,0,0,19,0,0,0.03,-0.015,-1.001,0.2,-0.6,0
39.947738,0,0,19,0,0,0.03,-0.015,-1.001,0.2,-0.6,0
39.9591193,0,0,19,0,0,0.03,-0.015,-1.001,0.3,-0.6,0
39.9691193,0,0,19,0,0,0.03,-0.015,-1.001,0.3,-0.6,0
39.9791193,0,0,19,0,0,0.03,-0.015,-1.001,0.3,-0.6,0
39.9891193,0,0,19,0,0,0.03,-0.015,-1.001,0.3,-0.6,0
39.9991193,0,0,19,0,0,0.03,-0.015,-1.001,0.3,-0.6,0
40.0091193,0,0,19,0,0,0.03,-0.016,-1,0.3,-0.6,0.1
40.0191193,0,0,19,0,0,0.03,-0.016,-1,0.3,-0.6,0.1
40.0291193,0,0,19,0,0,0.03,-0.016,-1,0.3,-0.6,0.1
40.0391193,0,0,19,0,0,0.03,-0.016,-1,0.3,-0.6,0.1
40.0491193,0,0,19,0,0,0.03,-0.016,-1,0.3,-0.6,0.1
40.0591193,0,0,19,0,0,0.029,-0.015,-1.002,0.3,-0.6,0
40.0691193,0,0,19,0,0,0.029,-0.015,-1.002,0.3,-0.6,0
40.0791193,0,0,19,0,0,0.029,-0.015,-1.002,0.3,-0.6,0
40.0891193,0,0,19,0,0,0.029,-0.015,-1.002,0.3,-0.6,0
40.0991193,0,0,19,0,0,0.029,-0.015,-1.002,0.3,-0.6,0
40.1091193,0,0,19,0,0,0.03,-0.016,-1.001,0.3,-0.6,0
40.1191193,0,0,19,0,0,0.03,-0.016,-1.001,0.3,-0.6,0
40.1291193,0,0,19,0,0,0.03,-0.016,-1.001,0.3,-0.6,0
40.1391193,0,0,19,0,0,0.03,-0.016,-1.001,0.3,-0.6,0
40.1491193,0,0,19,0,0,0.03,-0.016,-1.001,0.3,-0.6,0
40.1591193,0,0,19,0,0,0.03,-0.014,-1.001,0.3,-0.5,0
40.1691193,0,0,19,0,0,0.03,-0.014,-1.001,0.3,-0.5,0
40.1791193,0,0,19,0,0,0.03,-0.014,-1.001,0.3,-0.5,0
40.1891193,0,0,19,0,0,0.03,-0.014,-1.001,0.3,-0.5,0
40.1991193,0,0,19,0,0,0.03,-0.014,-1.001,0.3,-0.5,0
40.2091193,0,0,19,0,0,0.029,-0.015,-1.002,0.3,-0.6,0
40.2191193,0,0,19,0,0,0.029,-0.015,-1.002,0.3,-0.6,0
40.2291193,0,0,19,0,0,0.029,-0.015,-1.002,0.3,-0.6,0
40.2391193,0,0,19,0,0,0.029,-0.015,-1.002,0.3,-0.6,0
40.2491193,0,0,19,0,0,0.029,-0.015,-1.002,0.3,-0.6,0
40.2591193,0,0,19,0,0,0.029,-0.015,-1.001,0.3,-0.6,0
40.2691193,0,0,19,0,0,0.029,-0.015,-1.001,0.3,-0.6,0
40.2791193,0,0,19,0,0,0.029,-0.015,-1.001,0.3,-0.6,0
40.2891193,0,0,19,0,0,0.029,-0.015,-1.001,0.3,-0.6,0
40.2991193,0,0,19,0,0,0.029,-0.015,-1.001,0.3,-0.6,0
40.3091193,0,0,19,0,0,0.03,-0.016,-1,0.2,-0.6,0
40.3191193,0,0,19,0,0,0.03,-0.016,-1,0.2,-0.6,0
40.3291193,0,0,19,0,0,0.03,-0.016,-1,0.2,-0.6,0
40.3391193,0,0,19,0,0,0.03,-0.016,-1,0.2,-0.6,0
40.3491193,0,0,19,0,0,0.03,-0.016,-1,0.2,-0.6,0
40.3591193,0,0,19,0,0,0.029,-0.016,-1.001,0.3,-0.6,0.1
40.3691193,0,0,19,0,0,0.029,-0.016,-1.001,0.3,-0.6,0.1
40.3791193,0,0,19,0,0,0.029,-0.016,-1.001,0.3,-0.6,0.1
40.3891193,0,0,19,0,0,0.029,-0.016,-1.001,0.3,-0.6,0.1
40.3991193,0,0,19,0,0,0.029,-0.016,-1.001,0.3,-0.6,0.1
40.4091193,0,0,19,0,0,0.03,-0.015,-1.002,0.3,-0.6,0.1
40.4191193,0,0,19,0,0,0.03,-0.015,-1.002,0.3,-0.6,0.1
40.4291193,0,0,19,0,0,0.03,-0.015,-1.002,0.3,-0.6,0.1
40.4391193,0,0,19,0,0,0.03,-0.015,-1.002,0.3,-0.6,0.1
40.4491193,0,0,19,0,0,0.03,-0.015,-1.002,0.3,-0.6,0.1
40.4591193,0,0,19,0,0,0.029,-0.015,-1.001,0.2,-0.6,0
40.4691193,0,0,19,0,0,0.029,-0.015,-1.001,0.2,-0.6,0
40.4791193,0,0,19,0,0,0.029,-0.015,-1.001,0.2,-0.6,0
40.4891193,0,0,19,0,0,0.029,-0.015,-1.001,0.2,-0.6,0
40.4991193,0,0,19,0,0,0.029,-0.015,-1.001,0.2,-0.6,0
40.5091193,0,0,19,0,0,0.03,-0.015,-1.002,0.2,-0.6,0
40.5191193,0,0,19,0,0,0.03,-0.015,-1.002,0.2,-0.6,0
40.5291193,0,0,19,0,0,0.03,-0.015,-1.002,0.2,-0.6,0
40.5391193,0,0,19,0,0,0.03,-0.015,-1.002,0.2,-0.6,0
40.5491193,0,0,19,0,0,0.03,-0.015,-1.002,0.2,-0.6,0
40.5591193,0,0,19,0,0,0.029,-0.015,-1.003,0.3,-0.6,0
40.5691193,0,0,19,0,0,0.029,-0.015,-1.003,0.3,-0.6,0
40.5791193,0,0,19,0,0,0.029,-0.015,-1.003,0.3,-0.6,0
40.5891193,0,0,19,0,0,0.029,-0.015,-1.003,0.3,-0.6,0
40.5991193,0,0,19,0,0,0.029,-0.015,-1.003,0.3,-0.6,0
40.6091193,0,0,19,0,0,0.03,-0.016,-1.002,0.2,-0.5,0.1
40.6191193,0,0,19,0,0,0.03,-0.016,-1.002,0.2,-0.5,0.1
40.6291193,0,0,19,0,0,0.03,-0.016,-1.002,0.2,-0.5,0.1
40.6391193,0,0,19,0,0,0.03,-0.016,-1.002,0.2,-0.5,0.1
40.6491193,0,0,19,0,0,0.03,-0.016,-1.002,0.2,-0.5,0.1
40.6591193,0,0,19,0,0,0.029,-0.014,-1,0.3,-0.5,0.1
40.6691193,0,0,19,0,0,0.029,-0.014,-1,0.3,-0.5,0.1
40.6791193,0,0,19,0,0,0.029,-0.014,-1,0.3,-0.5,0.1
40.6891193,0,0,19,0,0,0.029,-0.014,-1,0.3,-0.5,0.1
40.6991193,0,0,19,0,0,0.029,-0.014,-1,0.3,-0.5,0.1
40.7091193,0,0,19,0,0,0.03,-0.016,-1.001,0.2,-0.6,0
40.7191193,0,0,19,0,0,0.03,-0.016,-1.001,0.2,-0.6,0
40.7291193,0,0,19,0,0,0.03,-0.016,-1.001,0.2,-0.6,0
40.7391193,0,0,19,0,0,0.03,-0.016,-1.001,0.2,-0.6,0
40.7491193,0,0,19,0,0,0.03,-0.016,-1.001,0.2,-0.6,0
40.7591193,0,0,19,0,0,0.03,-0.015,-1.001,0.2,-0.5,0
40.7691193,0,0,19,0,0,0.03,-0.015,-1.001,0.2,-0.5,0
40.7791193,0,0,19,0,0,0.03,-0.015,-1.001,0.2,-0.5,0
40.7891193,0,0,19,0,0,0.03,-0.015,-1.001,0.2,-0.5,0
40.7991193,0,0,19,0,0,0.03,-0.015,-1.001,0.2,-0.5,0
40.8091192999999,0,0,19,0,0,0.03,-0.015,-1.001,0.3,-0.6,0
40.8191192999999,0,0,19,0,0,0.03,-0.015,-1.001,0.3,-0.6,0
40.8291193,0,0,19,0,0,0.03,-0.015,-1.001,0.3,-0.6,0
40.8391193,0,0,19,0,0,0.03,-0.015,-1.001,0.3,-0.6,0
40.8491192999999,0,0,19,0,0,0.03,-0.015,-1.001,0.3,-0.6,0
40.8591192999999,0,0,19,0,0,0.03,-0.015,-1.002,0.3,-0.5,0
40.8691192999999,0,0,19,0,0,0.03,-0.015,-1.002,0.3,-0.5,0
40.8791192999999,0,0,19,0,0,0.03,-0.015,-1.002,0.3,-0.5,0
40.8891192999999,0,0,19,0,0,0.03,-0.015,-1.002,0.3,-0.5,0
40.8991192999999,0,0,19,0,0,0.03,-0.015,-1.002,0.3,-0.5,0
40.9091192999999,0,0,19,0,0,0.03,-0.015,-1,0.3,-0.6,0
40.9191192999999,0,0,19,0,0,0.03,-0.015,-1,0.3,-0.6,0
40.9291192999999,0,0,19,0,0,0.03,-0.015,-1,0.3,-0.6,0
40.9391192999999,0,0,19,0,0,0.03,-0.015,-1,0.3,-0.6,0
40.9491192999999,0,0,19,0,0,0.03,-0.015,-1,0.3,-0.6,0
40.9591192999999,0,0,19,0,0,0.03,-0.014,-1.001,0.2,-0.6,0
40.9691192999999,0,0,19,0,0,0.03,-0.014,-1.001,0.2,-0.6,0
40.9791192999999,0,0,19,0,0,0.03,-0.014,-1.001,0.2,-0.6,0
40.9891192999999,0,0,19,0,0,0.03,-0.014,-1.001,0.2,-0.6,0
40.9991192999999,0,0,19,0,0,0.03,-0.014,-1.001,0.2,-0.6,0
41.0091192999999,0,0,19,0,0,0.03,-0.014,-1,0.3,-0.6,0
41.0191192999999,0,0,19,0,0,0.03,-0.014,-1,0.3,-0.6,0
41.0291192999999,0,0,19,0,0,0.03,-0.014,-1,0.3,-0.6,0
41.0391192999999,0,0,19,0,0,0.03,-0.014,-1,0.3,-0.6,0
41.0491192999999,0,0,19,0,0,0.03,-0.014,-1,0.3,-0.6,0
41.0670759,0,0,19,0,0,0.029,-0.016,-1.001,0.2,-0.6,0
41.0770759,0,0,19,0,0,0.029,-0.016,-1.001,0.2,-0.6,0
41.0870759,0,0,19,0,0,0.029,-0.016,-1.001,0.2,-0.6,0
41.0970759,0,0,19,0,0,0.029,-0.016,-1.001,0.2,-0.6,0
41.1070759,0,0,19,0,0,0.029,-0.016,-1.001,0.2,-0.6,0
41.1516252,0,0,19,0,0,0.03,-0.015,-1.001,0.3,-0.6,0
41.1616252,0,0,19,0,0,0.03,-0.015,-1.001,0.3,-0.6,0
41.1716252,0,0,19,0,0,0.03,-0.015,-1.001,0.3,-0.6,0
41.1816252,0,0,19,0,0,0.03,-0.015,-1.001,0.3,-0.6,0
41.1916252,0,0,19,0,0,0.03,-0.015,-1.001,0.3,-0.6,0
41.2016252,0,0,19,0,0,0.029,-0.015,-1.001,0.3,-0.6,0
41.2116252,0,0,19,0,0,0.029,-0.015,-1.001,0.3,-0.6,0
41.2216252,0,0,19,0,0,0.029,-0.015,-1.001,0.3,-0.6,0
41.2316252,0,0,19,0,0,0.029,-0.015,-1.001,0.3,-0.6,0
41.2416252,0,0,19,0,0,0.029,-0.015,-1.001,0.3,-0.6,0
41.2516252,0,0,19,0,0,0.03,-0.015,-1.001,0.2,-0.6,0
41.2616252,0,0,19,0,0,0.03,-0.015,-1.001,0.2,-0.6,0
41.2716252,0,0,19,0,0,0.03,-0.015,-1.001,0.2,-0.6,0
41.2816252,0,0,19,0,0,0.03,-0.015,-1.001,0.2,-0.6,0
41.2916252,0,0,19,0,0,0.03,-0.015,-1.001,0.2,-0.6,0
41.3016252,0,0,19,0,0,0.03,-0.015,-1.001,0.2,-0.5,0
41.3116252,0,0,19,0,0,0.03,-0.015,-1.001,0.2,-0.5,0
41.3216252,0,0,19,0,0,0.03,-0.015,-1.001,0.2,-0.5,0
41.3316252,0,0,19,0,0,0.03,-0.015,-1.001,0.2,-0.5,0
41.3416252,0,0,19,0,0,0.03,-0.015,-1.001,0.2,-0.5,0
41.3516252,0,0,19,0,0,0.03,-0.015,-1,0.2,-0.6,0
41.3616252,0,0,19,0,0,0.03,-0.015,-1,0.2,-0.6,0
41.3716252,0,0,19,0,0,0.03,-0.015,-1,0.2,-0.6,0
41.3816252,0,0,19,0,0,0.03,-0.015,-1,0.2,-0.6,0
41.3916252,0,0,19,0,0,0.03,-0.015,-1,0.2,-0.6,0
41.4016252,0,0,19,0,0,0.03,-0.015,-1,0.3,-0.5,0.1
41.4116252,0,0,19,0,0,0.03,-0.015,-1,0.3,-0.5,0.1
41.4216252,0,0,19,0,0,0.03,-0.015,-1,0.3,-0.5,0.1
41.4316252,0,0,19,0,0,0.03,-0.015,-1,0.3,-0.5,0.1
41.4416252,0,0,19,0,0,0.03,-0.015,-1,0.3,-0.5,0.1
41.4516252,0,0,19,0,0,0.031,-0.015,-1,0.3,-0.6,0.1
41.4616252,0,0,19,0,0,0.031,-0.015,-1,0.3,-0.6,0.1
41.4716252,0,0,19,0,0,0.031,-0.015,-1,0.3,-0.6,0.1
41.4816252,0,0,19,0,0,0.031,-0.015,-1,0.3,-0.6,0.1
41.4916252,0,0,19,0,0,0.031,-0.015,-1,0.3,-0.6,0.1
41.5016252,0,0,19,0,0,0.03,-0.015,-1.001,0.3,-0.4,0
41.5116252,0,0,19,0,0,0.03,-0.015,-1.001,0.3,-0.4,0
41.5216252,0,0,19,0,0,0.03,-0.015,-1.001,0.3,-0.4,0
41.5316252,0,0,19,0,0,0.03,-0.015,-1.001,0.3,-0.4,0
41.5416252,0,0,19,0,0,0.03,-0.015,-1.001,0.3,-0.4,0
41.56213,0,0,19,0,0,0.029,-0.016,-1.001,0.3,-0.6,0
41.57213,0,0,19,0,0,0.029,-0.016,-1.001,0.3,-0.6,0
41.58213,0,0,19,0,0,0.029,-0.016,-1.001,0.3,-0.6,0
41.59213,0,0,19,0,0,0.029,-0.016,-1.001,0.3,-0.6,0
41.60213,0,0,19,0,0,0.029,-0.016,-1.001,0.3,-0.6,0
41.61213,0,0,19,0,0,0.03,-0.016,-1,0.3,-0.5,0.1
41.62213,0,0,19,0,0,0.03,-0.016,-1,0.3,-0.5,0.1
41.63213,0,0,19,0,0,0.03,-0.016,-1,0.3,-0.5,0.1
41.64213,0,0,19,0,0,0.03,-0.016,-1,0.3,-0.5,0.1
41.65213,0,0,19,0,0,0.03,-0.016,-1,0.3,-0.5,0.1
41.66213,0,0,19,0,0,0.028,-0.015,-1.001,0.2,-0.5,0
41.67213,0,0,19,0,0,0.028,-0.015,-1.001,0.2,-0.5,0
41.68213,0,0,19,0,0,0.028,-0.015,-1.001,0.2,-0.5,0
41.69213,0,0,19,0,0,0.028,-0.015,-1.001,0.2,-0.5,0
41.70213,0,0,19,0,0,0.028,-0.015,-1.001,0.2,-0.5,0
41.71213,0,0,19,0,0,0.03,-0.015,-1,0.3,-0.6,0
41.72213,0,0,19,0,0,0.03,-0.015,-1,0.3,-0.6,0
41.73213,0,0,19,0,0,0.03,-0.015,-1,0.3,-0.6,0
41.74213,0,0,19,0,0,0.03,-0.015,-1,0.3,-0.6,0
41.75213,0,0,19,0,0,0.03,-0.015,-1,0.3,-0.6,0
41.76213,0,0,19,0,0,0.029,-0.015,-1,0.3,-0.6,0
41.77213,0,0,19,0,0,0.029,-0.015,-1,0.3,-0.6,0
41.78213,0,0,19,0,0,0.029,-0.015,-1,0.3,-0.6,0
41.79213,0,0,19,0,0,0.029,-0.015,-1,0.3,-0.6,0
41.80213,0,0,19,0,0,0.029,-0.015,-1,0.3,-0.6,0
41.81213,0,0,19,0,0,0.029,-0.016,-1.001,0.3,-0.5,0.1
41.82213,0,0,19,0,0,0.029,-0.016,-1.001,0.3,-0.5,0.1
41.83213,0,0,19,0,0,0.029,-0.016,-1.001,0.3,-0.5,0.1
41.84213,0,0,19,0,0,0.029,-0.016,-1.001,0.3,-0.5,0.1
41.85213,0,0,19,0,0,0.029,-0.016,-1.001,0.3,-0.5,0.1
41.86213,0,0,19,0,0,0.029,-0.014,-1,0.2,-0.5,0
41.87213,0,0,19,0,0,0.029,-0.014,-1,0.2,-0.5,0
41.88213,0,0,19,0,0,0.029,-0.014,-1,0.2,-0.5,0
41.89213,0,0,19,0,0,0.029,-0.014,-1,0.2,-0.5,0
41.90213,0,0,19,0,0,0.029,-0.014,-1,0.2,-0.5,0
41.91213,0,0,19,0,0,0.031,-0.016,-1.001,0.3,-0.5,0
41.92213,0,0,19,0,0,0.031,-0.016,-1.001,0.3,-0.5,0
41.93213,0,0,19,0,0,0.031,-0.016,-1.001,0.3,-0.5,0
41.94213,0,0,19,0,0,0.031,-0.016,-1.001,0.3,-0.5,0
41.95213,0,0,19,0,0,0.031,-0.016,-1.001,0.3,-0.5,0
41.96213,0,0,19,0,0,0.029,-0.015,-1,0.2,-0.5,0
41.97213,0,0,19,0,0,0.029,-0.015,-1,0.2,-0.5,0
41.98213,0,0,19,0,0,0.029,-0.015,-1,0.2,-0.5,0
41.99213,0,0,19,0,0,0.029,-0.015,-1,0.2,-0.5,0
42.00213,0,0,19,0,0,0.029,-0.015,-1,0.2,-0.5,0
42.01213,0,0,19,0,0,0.029,-0.014,-1,0.2,-0.6,0
42.02213,0,0,19,0,0,0.029,-0.014,-1,0.2,-0.6,0
42.03213,0,0,19,0,0,0.029,-0.014,-1,0.2,-0.6,0
42.04213,0,0,19,0,0,0.029,-0.014,-1,0.2,-0.6,0
42.05213,0,0,19,0,0,0.029,-0.014,-1,0.2,-0.6,0
42.06213,0,0,19,0,0,0.03,-0.015,-1,0.3,-0.6,0
42.07213,0,0,19,0,0,0.03,-0.015,-1,0.3,-0.6,0
42.08213,0,0,19,0,0,0.03,-0.015,-1,0.3,-0.6,0
42.09213,0,0,19,0,0,0.03,-0.015,-1,0.3,-0.6,0
42.10213,0,0,19,0,0,0.03,-0.015,-1,0.3,-0.6,0
42.11213,0,0,19,0,0,0.03,-0.015,-1,0.3,-0.6,0
42.12213,0,0,19,0,0,0.03,-0.015,-1,0.3,-0.6,0
42.13213,0,0,19,0,0,0.03,-0.015,-1,0.3,-0.6,0
42.14213,0,0,19,0,0,0.03,-0.015,-1,0.3,-0.6,0
42.15213,0,0,19,0,0,0.03,-0.015,-1,0.3,-0.6,0
42.16213,0,0,19,0,0,0.031,-0.016,-1,0.3,-0.6,0
42.17213,0,0,19,0,0,0.031,-0.016,-1,0.3,-0.6,0
42.18213,0,0,19,0,0,0.031,-0.016,-1,0.3,-0.6,0
42.19213,0,0,19,0,0,0.031,-0.016,-1,0.3,-0.6,0
42.20213,0,0,19,0,0,0.031,-0.016,-1,0.3,-0.6,0
42.21213,0,0,19,0,0,0.03,-0.013,-1,0.2,-0.5,0.1
42.22213,0,0,19,0,0,0.03,-0.013,-1,0.2,-0.5,0.1
42.23213,0,0,19,0,0,0.03,-0.013,-1,0.2,-0.5,0.1
42.24213,0,0,19,0,0,0.03,-0.013,-1,0.2,-0.5,0.1
42.25213,0,0,19,0,0,0.03,-0.013,-1,0.2,-0.5,0.1
42.26213,0,0,19,0,0,0.03,-0.016,-1,0.3,-0.6,0
42.27213,0,0,19,0,0,0.03,-0.016,-1,0.3,-0.6,0
42.28213,0,0,19,0,0,0.03,-0.016,-1,0.3,-0.6,0
42.29213,0,0,19,0,0,0.03,-0.016,-1,0.3,-0.6,0
42.30213,0,0,19,0,0,0.03,-0.016,-1,0.3,-0.6,0
42.31213,0,0,19,0,0,0.029,-0.014,-1,0.3,-0.6,0
42.32213,0,0,19,0,0,0.029,-0.014,-1,0.3,-0.6,0
42.33213,0,0,19,0,0,0.029,-0.014,-1,0.3,-0.6,0
42.34213,0,0,19,0,0,0.029,-0.014,-1,0.3,-0.6,0
42.35213,0,0,19,0,0,0.029,-0.014,-1,0.3,-0.6,0
42.36213,0,0,19,0,0,0.03,-0.016,-1,0.2,-0.5,0
42.37213,0,0,19,0,0,0.03,-0.016,-1,0.2,-0.5,0
42.38213,0,0,19,0,0,0.03,-0.016,-1,0.2,-0.5,0
42.39213,0,0,19,0,0,0.03,-0.016,-1,0.2,-0.5,0
42.40213,0,0,19,0,0,0.03,-0.016,-1,0.2,-0.5,0
42.41213,0,0,19,0,0,0.029,-0.014,-1.001,0.3,-0.6,0
42.42213,0,0,19,0,0,0.029,-0.014,-1.001,0.3,-0.6,0
42.43213,0,0,19,0,0,0.029,-0.014,-1.001,0.3,-0.6,0
42.44213,0,0,19,0,0,0.029,-0.014,-1.001,0.3,-0.6,0
42.45213,0,0,19,0,0,0.029,-0.014,-1.001,0.3,-0.6,0
42.46213,0,0,19,0,0,0.03,-0.015,-1,0.3,-0.6,0
42.47213,0,0,19,0,0,0.03,-0.015,-1,0.3,-0.6,0
42.48213,0,0,19,0,0,0.03,-0.015,-1,0.3,-0.6,0
42.49213,0,0,19,0,0,0.03,-0.015,-1,0.3,-0.6,0
42.50213,0,0,19,0,0,0.03,-0.015,-1,0.3,-0.6,0
42.5121299999999,0,0,19,0,0,0.03,-0.014,-1,0.3,-0.5,0
42.5221299999999,0,0,19,0,0,0.03,-0.014,-1,0.3,-0.5,0
42.53213,0,0,19,0,0,0.03,-0.014,-1,0.3,-0.5,0
42.54213,0,0,19,0,0,0.03,-0.014,-1,0.3,-0.5,0
42.5521299999999,0,0,19,0,0,0.03,-0.014,-1,0.3,-0.5,0
42.5621299999999,0,0,19,0,0,0.03,-0.015,-1,0.3,-0.5,0
42.5721299999999,0,0,19,0,0,0.03,-0.015,-1,0.3,-0.5,0
42.5821299999999,0,0,19,0,0,0.03,-0.015,-1,0.3,-0.5,0
42.5921299999999,0,0,19,0,0,0.03,-0.015,-1,0.3,-0.5,0
42.6021299999999,0,0,19,0,0,0.03,-0.015,-1,0.3,-0.5,0
42.6121299999999,0,0,19,0,0,0.03,-0.015,-1.001,0.3,-0.6,0
42.6221299999999,0,0,19,0,0,0.03,-0.015,-1.001,0.3,-0.6,0
42.6321299999999,0,0,19,0,0,0.03,-0.015,-1.001,0.3,-0.6,0
42.6421299999999,0,0,19,0,0,0.03,-0.015,-1.001,0.3,-0.6,0
42.6521299999999,0,0,19,0,0,0.03,-0.015,-1.001,0.3,-0.6,0
42.6621299999999,0,0,19,0,0,0.03,-0.016,-1,0.3,-0.5,0
42.6721299999999,0,0,19,0,0,0.03,-0.016,-1,0.3,-0.5,0
42.6821299999999,0,0,19,0,0,0.03,-0.016,-1,0.3,-0.5,0
42.6921299999999,0,0,19,0,0,0.03,-0.016,-1,0.3,-0.5,0
42.7021299999999,0,0,19,0,0,0.03,-0.016,-1,0.3,-0.5,0
42.7121299999999,0,0,19,0,0,0.029,-0.015,-1.001,0.3,-0.5,0
42.7221299999999,0,0,19,0,0,0.029,-0.015,-1.001,0.3,-0.5,0
42.7321299999999,0,0,19,0,0,0.029,-0.015,-1.001,0.3,-0.5,0
42.7421299999999,0,0,19,0,0,0.029,-0.015,-1.001,0.3,-0.5,0
42.7521299999999,0,0,19,0,0,0.029,-0.015,-1.001,0.3,-0.5,0
42.7621299999999,0,0,19,0,0,0.031,-0.015,-1.001,0.3,-0.6,0
42.7721299999999,0,0,19,0,0,0.031,-0.015,-1.001,0.3,-0.6,0
42.7821299999999,0,0,19,0,0,0.031,-0.015,-1.001,0.3,-0.6,0
42.7921299999999,0,0,19,0,0,0.031,-0.015,-1.001,0.3,-0.6,0
42.8021299999999,0,0,19,0,0,0.031,-0.015,-1.001,0.3,-0.6,0
42.8121299999999,0,0,19,0,0,0.03,-0.014,-1,0.3,-0.6,0
42.8221299999999,0,0,19,0,0,0.03,-0.014,-1,0.3,-0.6,0
42.8321299999999,0,0,19,0,0,0.03,-0.014,-1,0.3,-0.6,0
42.8421299999999,0,0,19,0,0,0.03,-0.014,-1,0.3,-0.6,0
42.8521299999999,0,0,19,0,0,0.03,-0.014,-1,0.3,-0.6,0
42.8621299999999,0,0,19,0,0,0.029,-0.016,-1,0.2,-0.6,0
42.8721299999999,0,0,19,0,0,0.029,-0.016,-1,0.2,-0.6,0
42.8821299999999,0,0,19,0,0,0.029,-0.016,-1,0.2,-0.6,0
42.8921299999999,0,0,19,0,0,0.029,-0.016,-1,0.2,-0.6,0
42.9021299999999,0,0,19,0,0,0.029,-0.016,-1,0.2,-0.6,0
42.9121299999999,0,0,19,0,0,0.03,-0.015,-1,0.3,-0.6,0
42.9221299999999,0,0,19,0,0,0.03,-0.015,-1,0.3,-0.6,0
42.9321299999999,0,0,19,0,0,0.03,-0.015,-1,0.3,-0.6,0
42.9421299999999,0,0,19,0,0,0.03,-0.015,-1,0.3,-0.6,0
42.9521299999999,0,0,19,0,0,0.03,-0.015,-1,0.3,-0.6,0
42.9621299999999,0,0,19,0,0,0.03,-0.016,-1,0.3,-0.6,0
42.9721299999999,0,0,19,0,0,0.03,-0.016,-1,0.3,-0.6,0
42.9821299999999,0,0,19,0,0,0.03,-0.016,-1,0.3,-0.6,0
42.9921299999999,0,0,19,0,0,0.03,-0.016,-1,0.3,-0.6,0
43.0021299999999,0,0,19,0,0,0.03,-0.016,-1,0.3,-0.6,0
43.0121299999999,0,0,19,0,0,0.029,-0.015,-1,0.3,-0.6,0
43.0221299999999,0,0,19,0,0,0.029,-0.015,-1,0.3,-0.6,0
43.0321299999999,0,0,19,0,0,0.029,-0.015,-1,0.3,-0.6,0
43.0421299999999,0,0,19,0,0,0.029,-0.015,-1,0.3,-0.6,0
43.0521299999999,0,0,19,0,0,0.029,-0.015,-1,0.3,-0.6,0
43.0621299999999,0,0,19,0,0,0.03,-0.016,-1,0.3,-0.4,0
43.0721299999999,0,0,19,0,0,0.03,-0.016,-1,0.3,-0.4,0
43.0821299999999,0,0,19,0,0,0.03,-0.016,-1,0.3,-0.4,0
43.0921299999999,0,0,19,0,0,0.03,-0.016,-1,0.3,-0.4,0
43.1021299999999,0,0,19,0,0,0.03,-0.016,-1,0.3,-0.4,0
43.1121299999999,0,0,19,0,0,0.029,-0.015,-1.001,0.2,-0.6,0
43.1221299999999,0,0,19,0,0,0.029,-0.015,-1.001,0.2,-0.6,0
43.1321299999999,0,0,19,0,0,0.029,-0.015,-1.001,0.2,-0.6,0
43.1421299999999,0,0,19,0,0,0.029,-0.015,-1.001,0.2,-0.6,0
43.1521299999999,0,0,19,0,0,0.029,-0.015,-1.001,0.2,-0.6,0
43.1621299999999,0,0,19,0,0,0.03,-0.015,-1,0.3,-0.6,0
43.1721299999999,0,0,19,0,0,0.03,-0.015,-1,0.3,-0.6,0
43.1821299999999,0,0,19,0,0,0.03,-0.015,-1,0.3,-0.6,0
43.1921299999999,0,0,19,0,0,0.03,-0.015,-1,0.3,-0.6,0
43.2021299999999,0,0,19,0,0,0.03,-0.015,-1,0.3,-0.6,0
43.2121299999999,0,0,19,0,0,0.029,-0.015,-1,0.3,-0.5,0
43.2221299999999,0,0,19,0,0,0.029,-0.015,-1,0.3,-0.5,0
43.2321299999999,0,0,19,0,0,0.029,-0.015,-1,0.3,-0.5,0
43.2421299999999,0,0,19,0,0,0.029,-0.015,-1,0.3,-0.5,0
43.2521299999999,0,0,19,0,0,0.029,-0.015,-1,0.3,-0.5,0
43.2621299999999,0,0,19,0,0,0.029,-0.015,-1.001,0.3,-0.6,0
43.2721299999999,0,0,19,0,0,0.029,-0.015,-1.001,0.3,-0.6,0
43.2821299999999,0,0,19,0,0,0.029,-0.015,-1.001,0.3,-0.6,0
43.2921299999999,0,0,19,0,0,0.029,-0.015,-1.001,0.3,-0.6,0
43.3021299999999,0,0,19,0,0,0.029,-0.015,-1.001,0.3,-0.6,0
43.3121299999999,0,0,19,0,0,0.029,-0.015,-1,0.3,-0.5,0
43.3221299999999,0,0,19,0,0,0.029,-0.015,-1,0.3,-0.5,0
43.3321299999999,0,0,19,0,0,0.029,-0.015,-1,0.3,-0.5,0
43.3421299999999,0,0,19,0,0,0.029,-0.015,-1,0.3,-0.5,0
43.3521299999999,0,0,19,0,0,0.029,-0.015,-1,0.3,-0.5,0
43.3621299999999,0,0,19,0,0,0.029,-0.016,-1,0.3,-0.6,0.1
43.3721299999999,0,0,19,0,0,0.029,-0.016,-1,0.3,-0.6,0.1
43.3821299999999,0,0,19,0,0,0.029,-0.016,-1,0.3,-0.6,0.1
43.3921299999999,0,0,19,0,0,0.029,-0.016,-1,0.3,-0.6,0.1
43.4021299999999,0,0,19,0,0,0.029,-0.016,-1,0.3,-0.6,0.1
43.4121299999999,0,0,19,0,0,0.03,-0.016,-1,0.3,-0.5,0
43.4221299999999,0,0,19,0,0,0.03,-0.016,-1,0.3,-0.5,0
43.4321299999999,0,0,19,0,0,0.03,-0.016,-1,0.3,-0.5,0
43.4421299999999,0,0,19,0,0,0.03,-0.016,-1,0.3,-0.5,0
43.4521299999999,0,0,19,0,0,0.03,-0.016,-1,0.3,-0.5,0
43.4621299999999,0,0,19,0,0,0.029,-0.015,-1,0.3,-0.5,0
43.4721299999999,0,0,19,0,0,0.029,-0.015,-1,0.3,-0.5,0
43.4821299999999,0,0,19,0,0,0.029,-0.015,-1,0.3,-0.5,0
43.4921299999999,0,0,19,0,0,0.029,-0.015,-1,0.3,-0.5,0
43.5021299999999,0,0,19,0,0,0.029,-0.015,-1,0.3,-0.5,0
43.5121299999999,0,0,19,0,0,0.03,-0.015,-1.001,0.3,-0.6,0
43.5221299999999,0,0,19,0,0,0.03,-0.015,-1.001,0.3,-0.6,0
43.5321299999999,0,0,19,0,0,0.03,-0.015,-1.001,0.3,-0.6,0
43.5421299999999,0,0,19,0,0,0.03,-0.015,-1.001,0.3,-0.6,0
43.5521299999999,0,0,19,0,0,0.03,-0.015,-1.001,0.3,-0.6,0
43.5621299999999,0,0,19,0,0,0.029,-0.015,-0.999,0.2,-0.5,0
43.5721299999999,0,0,19,0,0,0.029,-0.015,-0.999,0.2,-0.5,0
43.5821299999999,0,0,19,0,0,0.029,-0.015,-0.999,0.2,-0.5,0
43.5921299999999,0,0,19,0,0,0.029,-0.015,-0.999,0.2,-0.5,0
43.6021299999999,0,0,19,0,0,0.029,-0.015,-0.999,0.2,-0.5,0
43.6121299999999,0,0,19,0,0,0.029,-0.014,-1.001,0.3,-0.5,0.1
43.6221299999999,0,0,19,0,0,0.029,-0.014,-1.001,0.3,-0.5,0.1
43.6321299999999,0,0,19,0,0,0.029,-0.014,-1.001,0.3,-0.5,0.1
43.6421299999999,0,0,19,0,0,0.029,-0.014,-1.001,0.3,-0.5,0.1
43.6521299999999,0,0,19,0,0,0.029,-0.014,-1.001,0.3,-0.5,0.1
43.6621299999999,0,0,19,0,0,0.03,-0.015,-1,0.3,-0.6,0
43.6721299999999,0,0,19,0,0,0.03,-0.015,-1,0.3,-0.6,0
43.6821299999999,0,0,19,0,0,0.03,-0.015,-1,0.3,-0.6,0
43.6921299999999,0,0,19,0,0,0.03,-0.015,-1,0.3,-0.6,0
43.7021299999999,0,0,19,0,0,0.03,-0.015,-1,0.3,-0.6,0
43.7121299999999,0,0,19,0,0,0.03,-0.014,-1.001,0.3,-0.5,0.1
43.7221299999999,0,0,19,0,0,0.03,-0.014,-1.001,0.3,-0.5,0.1
43.7321299999999,0,0,19,0,0,0.03,-0.014,-1.001,0.3,-0.5,0.1
43.7421299999999,0,0,19,0,0,0.03,-0.014,-1.001,0.3,-0.5,0.1
43.7521299999999,0,0,19,0,0,0.03,-0.014,-1.001,0.3,-0.5,0.1
43.7621299999999,0,0,19,0,0,0.029,-0.017,-1,0.3,-0.6,0
43.7721299999999,0,0,19,0,0,0.029,-0.017,-1,0.3,-0.6,0
43.7821299999999,0,0,19,0,0,0.029,-0.017,-1,0.3,-0.6,0
43.7921299999999,0,0,19,0,0,0.029,-0.017,-1,0.3,-0.6,0
43.8021299999999,0,0,19,0,0,0.029,-0.017,-1,0.3,-0.6,0
43.8121299999999,0,0,19,0,0,0.03,-0.015,-1.001,0.2,-0.6,0
43.8221299999999,0,0,19,0,0,0.03,-0.015,-1.001,0.2,-0.6,0
43.8321299999999,0,0,19,0,0,0.03,-0.015,-1.001,0.2,-0.6,0
43.8421299999999,0,0,19,0,0,0.03,-0.015,-1.001,0.2,-0.6,0
43.8521299999999,0,0,19,0,0,0.03,-0.015,-1.001,0.2,-0.6,0
43.8621299999999,0,0,19,0,0,0.03,-0.015,-1,0.3,-0.6,0
43.8721299999999,0,0,19,0,0,0.03,-0.015,-1,0.3,-0.6,0
43.8821299999999,0,0,19,0,0,0.03,-0.015,-1,0.3,-0.6,0
43.8921299999999,0,0,19,0,0,0.03,-0.015,-1,0.3,-0.6,0
43.9021299999999,0,0,19,0,0,0.03,-0.015,-1,0.3,-0.6,0
43.9121299999999,0,0,19,0,0,0.029,-0.015,-1.001,0.2,-0.5,0
43.9221299999999,0,0,19,0,0,0.029,-0.015,-1.001,0.2,-0.5,0
43.9321299999999,0,0,19,0,0,0.029,-0.015,-1.001,0.2,-0.5,0
43.9421299999999,0,0,19,0,0,0.029,-0.015,-1.001,0.2,-0.5,0
43.9521299999999,0,0,19,0,0,0.029,-0.015,-1.001,0.2,-0.5,0
43.9621299999999,0,0,19,0,0,0.029,-0.016,-1.001,0.2,-0.5,0
43.9721299999999,0,0,19,0,0,0.029,-0.016,-1.001,0.2,-0.5,0
43.9821299999999,0,0,19,0,0,0.029,-0.016,-1.001,0.2,-0.5,0
43.9921299999999,0,0,19,0,0,0.029,-0.016,-1.001,0.2,-0.5,0
44.0021299999999,0,0,19,0,0,0.029,-0.016,-1.001,0.2,-0.5,0
44.0121299999999,0,0,19,0,0,0.03,-0.014,-1,0.2,-0.5,0
44.0221299999999,0,0,19,0,0,0.03,-0.014,-1,0.2,-0.5,0
44.0321299999999,0,0,19,0,0,0.03,-0.014,-1,0.2,-0.5,0
44.0421299999999,0,0,19,0,0,0.03,-0.014,-1,0.2,-0.5,0
44.0521299999999,0,0,19,0,0,0.03,-0.014,-1,0.2,-0.5,0
44.0717248,0,0,19,0,0,0.029,-0.015,-1.001,0.3,-0.6,0
44.0817248,0,0,19,0,0,0.029,-0.015,-1.001,0.3,-0.6,0
44.0917248,0,0,19,0,0,0.029,-0.015,-1.001,0.3,-0.6,0
44.1017248,0,0,19,0,0,0.029,-0.015,-1.001,0.3,-0.6,0
44.1117248,0,0,19,0,0,0.029,-0.015,-1.001,0.3,-0.6,0
44.1504198,0,0,19,0,0,0.03,-0.014,-1,0.3,-0.6,0.1
44.1604198,0,0,19,0,0,0.03,-0.014,-1,0.3,-0.6,0.1
44.1704198,0,0,19,0,0,0.03,-0.014,-1,0.3,-0.6,0.1
44.1804198,0,0,19,0,0,0.03,-0.014,-1,0.3,-0.6,0.1
44.1904198,0,0,19,0,0,0.03,-0.014,-1,0.3,-0.6,0.1
44.2004198,0,0,19,0,0,0.03,-0.015,-1,0.3,-0.5,0.1
44.2104198,0,0,19,0,0,0.03,-0.015,-1,0.3,-0.5,0.1
44.2204198,0,0,19,0,0,0.03,-0.015,-1,0.3,-0.5,0.1
44.2304198,0,0,19,0,0,0.03,-0.015,-1,0.3,-0.5,0.1
44.2404198,0,0,19,0,0,0.03,-0.015,-1,0.3,-0.5,0.1
44.2504198,0,0,19,0,0,0.03,-0.015,-1,0.3,-0.6,0
44.2604198,0,0,19,0,0,0.03,-0.015,-1,0.3,-0.6,0
44.2704198,0,0,19,0,0,0.03,-0.015,-1,0.3,-0.6,0
44.2804198,0,0,19,0,0,0.03,-0.015,-1,0.3,-0.6,0
44.2904198,0,0,19,0,0,0.03,-0.015,-1,0.3,-0.6,0
44.3004198,0,0,19,0,0,0.03,-0.015,-1,0.3,-0.5,0.1
44.3104198,0,0,19,0,0,0.03,-0.015,-1,0.3,-0.5,0.1
44.3204198,0,0,19,0,0,0.03,-0.015,-1,0.3,-0.5,0.1
44.3304198,0,0,19,0,0,0.03,-0.015,-1,0.3,-0.5,0.1
44.3404198,0,0,19,0,0,0.03,-0.015,-1,0.3,-0.5,0.1
44.3504198,0,0,19,0,0,0.029,-0.014,-1.001,0.3,-0.6,0
44.3604198,0,0,19,0,0,0.029,-0.014,-1.001,0.3,-0.6,0
44.3704198,0,0,19,0,0,0.029,-0.014,-1.001,0.3,-0.6,0
44.3804198,0,0,19,0,0,0.029,-0.014,-1.001,0.3,-0.6,0
44.3904198,0,0,19,0,0,0.029,-0.014,-1.001,0.3,-0.6,0
44.4004198,0,0,19,0,0,0.029,-0.016,-1,0.3,-0.6,0.1
44.4104198,0,0,19,0,0,0.029,-0.016,-1,0.3,-0.6,0.1
44.4204198,0,0,19,0,0,0.029,-0.016,-1,0.3,-0.6,0.1
44.4304198,0,0,19,0,0,0.029,-0.016,-1,0.3,-0.6,0.1
44.4404198,0,0,19,0,0,0.029,-0.016,-1,0.3,-0.6,0.1
44.4504198,0,0,19,0,0,0.03,-0.014,-1.001,0.3,-0.6,0
44.4604198,0,0,19,0,0,0.03,-0.014,-1.001,0.3,-0.6,0
44.4704198,0,0,19,0,0,0.03,-0.014,-1.001,0.3,-0.6,0
44.4804198,0,0,19,0,0,0.03,-0.014,-1.001,0.3,-0.6,0
44.4904198,0,0,19,0,0,0.03,-0.014,-1.001,0.3,-0.6,0
44.5004198,0,0,19,0,0,0.03,-0.015,-1,0.3,-0.6,0
44.5104198,0,0,19,0,0,0.03,-0.015,-1,0.3,-0.6,0
44.5204198,0,0,19,0,0,0.03,-0.015,-1,0.3,-0.6,0
44.5304198,0,0,19,0,0,0.03,-0.015,-1,0.3,-0.6,0
44.5404198,0,0,19,0,0,0.03,-0.015,-1,0.3,-0.6,0
44.5504198,0,0,19,0,0,0.03,-0.016,-1,0.2,-0.6,0
44.5604198,0,0,19,0,0,0.03,-0.016,-1,0.2,-0.6,0
44.5704198,0,0,19,0,0,0.03,-0.016,-1,0.2,-0.6,0
44.5804198,0,0,19,0,0,0.03,-0.016,-1,0.2,-0.6,0
44.5904198,0,0,19,0,0,0.03,-0.016,-1,0.2,-0.6,0
44.6004198,0,0,19,0,0,0.029,-0.014,-1,0.3,-0.5,0
44.6104198,0,0,19,0,0,0.029,-0.014,-1,0.3,-0.5,0
44.6204198,0,0,19,0,0,0.029,-0.014,-1,0.3,-0.5,0
44.6304198,0,0,19,0,0,0.029,-0.014,-1,0.3,-0.5,0
44.6404198,0,0,19,0,0,0.029,-0.014,-1,0.3,-0.5,0
44.6504198,0,0,19,0,0,0.03,-0.015,-1,0.2,-0.6,0
44.6604198,0,0,19,0,0,0.03,-0.015,-1,0.2,-0.6,0
44.6704198,0,0,19,0,0,0.03,-0.015,-1,0.2,-0.6,0
44.6804198,0,0,19,0,0,0.03,-0.015,-1,0.2,-0.6,0
44.6904198,0,0,19,0,0,0.03,-0.015,-1,0.2,-0.6,0
44.7004198,0,0,19,0,0,0.031,-0.015,-1,0.3,-0.6,0
44.7104198,0,0,19,0,0,0.031,-0.015,-1,0.3,-0.6,0
44.7204198,0,0,19,0,0,0.031,-0.015,-1,0.3,-0.6,0
44.7304198,0,0,19,0,0,0.031,-0.015,-1,0.3,-0.6,0
44.7404198,0,0,19,0,0,0.031,-0.015,-1,0.3,-0.6,0
44.7561213,0,0,19,0,0,0.029,-0.015,-1,0.2,-0.6,0
44.7661213,0,0,19,0,0,0.029,-0.015,-1,0.2,-0.6,0
44.7761213,0,0,19,0,0,0.029,-0.015,-1,0.2,-0.6,0
44.7861213,0,0,19,0,0,0.029,-0.015,-1,0.2,-0.6,0
44.7961213,0,0,19,0,0,0.029,-0.015,-1,0.2,-0.6,0
44.8061213,0,0,19,0,0,0.029,-0.015,-1.001,0.3,-0.6,0.1
44.8161213,0,0,19,0,0,0.029,-0.015,-1.001,0.3,-0.6,0.1
44.8261213,0,0,19,0,0,0.029,-0.015,-1.001,0.3,-0.6,0.1
44.8361213,0,0,19,0,0,0.029,-0.015,-1.001,0.3,-0.6,0.1
44.8461213,0,0,19,0,0,0.029,-0.015,-1.001,0.3,-0.6,0.1
44.8561213,0,0,19,0,0,0.03,-0.016,-1,0.3,-0.5,0
44.8661213,0,0,19,0,0,0.03,-0.016,-1,0.3,-0.5,0
44.8761213,0,0,19,0,0,0.03,-0.016,-1,0.3,-0.5,0
44.8861213,0,0,19,0,0,0.03,-0.016,-1,0.3,-0.5,0
44.8961213,0,0,19,0,0,0.03,-0.016,-1,0.3,-0.5,0
44.9061213,0,0,19,0,0,0.029,-0.015,-1,0.3,-0.6,0
44.9161213,0,0,19,0,0,0.029,-0.015,-1,0.3,-0.6,0
44.9261213,0,0,19,0,0,0.029,-0.015,-1,0.3,-0.6,0
44.9361213,0,0,19,0,0,0.029,-0.015,-1,0.3,-0.6,0
44.9461213,0,0,19,0,0,0.029,-0.015,-1,0.3,-0.6,0
44.9561213,0,0,19,0,0,0.029,-0.015,-1,0.3,-0.6,0
44.9661213,0,0,19,0,0,0.029,-0.015,-1,0.3,-0.6,0
44.9761213,0,0,19,0,0,0.029,-0.015,-1,0.3,-0.6,0
44.9861213,0,0,19,0,0,0.029,-0.015,-1,0.3,-0.6,0
44.9961213,0,0,19,0,0,0.029,-0.015,-1,0.3,-0.6,0
45.0061213,0,0,19,0,0,0.03,-0.014,-1,0.3,-0.6,0
45.0161213,0,0,19,0,0,0.03,-0.014,-1,0.3,-0.6,0
45.0261213,0,0,19,0,0,0.03,-0.014,-1,0.3,-0.6,0
45.0361213,0,0,19,0,0,0.03,-0.014,-1,0.3,-0.6,0
45.0461213,0,0,19,0,0,0.03,-0.014,-1,0.3,-0.6,0
45.0561213,0,0,19,0,0,0.029,-0.015,-1,0.2,-0.5,0
45.0661213,0,0,19,0,0,0.029,-0.015,-1,0.2,-0.5,0
45.0761213,0,0,19,0,0,0.029,-0.015,-1,0.2,-0.5,0
45.0861213,0,0,19,0,0,0.029,-0.015,-1,0.2,-0.5,0
45.0961213,0,0,19,0,0,0.029,-0.015,-1,0.2,-0.5,0
45.1061213,0,0,19,0,0,0.029,-0.014,-1,0.3,-0.6,0
45.1161213,0,0,19,0,0,0.029,-0.014,-1,0.3,-0.6,0
45.1261213,0,0,19,0,0,0.029,-0.014,-1,0.3,-0.6,0
45.1361213,0,0,19,0,0,0.029,-0.014,-1,0.3,-0.6,0
45.1461213,0,0,19,0,0,0.029,-0.014,-1,0.3,-0.6,0
45.1561213,0,0,19,0,0,0.029,-0.015,-1,0.2,-0.5,0
45.1661213,0,0,19,0,0,0.029,-0.015,-1,0.2,-0.5,0
45.1761213,0,0,19,0,0,0.029,-0.015,-1,0.2,-0.5,0
45.1861213,0,0,19,0,0,0.029,-0.015,-1,0.2,-0.5,0
45.1961213,0,0,19,0,0,0.029,-0.015,-1,0.2,-0.5,0
45.2061213,0,0,19,0,0,0.029,-0.014,-1.001,0.3,-0.6,0
45.2161213,0,0,19,0,0,0.029,-0.014,-1.001,0.3,-0.6,0
45.2261213,0,0,19,0,0,0.029,-0.014,-1.001,0.3,-0.6,0
45.2361213,0,0,19,0,0,0.029,-0.014,-1.001,0.3,-0.6,0
45.2461213,0,0,19,0,0,0.029,-0.014,-1.001,0.3,-0.6,0
45.2561213,0,0,19,0,0,0.029,-0.015,-1.001,0.3,-0.6,0
45.2661213,0,0,19,0,0,0.029,-0.015,-1.001,0.3,-0.6,0
45.2761213,0,0,19,0,0,0.029,-0.015,-1.001,0.3,-0.6,0
45.2861213,0,0,19,0,0,0.029,-0.015,-1.001,0.3,-0.6,0
45.2961213,0,0,19,0,0,0.029,-0.015,-1.001,0.3,-0.6,0
45.3061213,0,0,19,0,0,0.03,-0.016,-1,0.3,-0.6,0
45.3161213,0,0,19,0,0,0.03,-0.016,-1,0.3,-0.6,0
45.3261213,0,0,19,0,0,0.03,-0.016,-1,0.3,-0.6,0
45.3361213,0,0,19,0,0,0.03,-0.016,-1,0.3,-0.6,0
45.3461213,0,0,19,0,0,0.03,-0.016,-1,0.3,-0.6,0
45.3561213,0,0,19,0,0,0.03,-0.015,-1,0.3,-0.5,0
45.3661213,0,0,19,0,0,0.03,-0.015,-1,0.3,-0.5,0
45.3761213,0,0,19,0,0,0.03,-0.015,-1,0.3,-0.5,0
45.3861213,0,0,19,0,0,0.03,-0.015,-1,0.3,-0.5,0
45.3961213,0,0,19,0,0,0.03,-0.015,-1,0.3,-0.5,0
45.4061213,0,0,19,0,0,0.029,-0.015,-1,0.3,-0.6,0
45.4161213,0,0,19,0,0,0.029,-0.015,-1,0.3,-0.6,0
45.4261213,0,0,19,0,0,0.029,-0.015,-1,0.3,-0.6,0
45.4361213,0,0,19,0,0,0.029,-0.015,-1,0.3,-0.6,0
45.4461213,0,0,19,0,0,0.029,-0.015,-1,0.3,-0.6,0
45.4561213,0,0,19,0,0,0.03,-0.015,-1,0.3,-0.6,0.1
45.4661213,0,0,19,0,0,0.03,-0.015,-1,0.3,-0.6,0.1
45.4761213,0,0,19,0,0,0.03,-0.015,-1,0.3,-0.6,0.1
45.4861213,0,0,19,0,0,0.03,-0.015,-1,0.3,-0.6,0.1
45.4961213,0,0,19,0,0,0.03,-0.015,-1,0.3,-0.6,0.1
45.5061213,0,0,19,0,0,0.03,-0.015,-1,0.3,-0.6,0
45.5161213,0,0,19,0,0,0.03,-0.015,-1,0.3,-0.6,0
45.5261213,0,0,19,0,0,0.03,-0.015,-1,0.3,-0.6,0
45.5361213,0,0,19,0,0,0.03,-0.015,-1,0.3,-0.6,0
45.5461213,0,0,19,0,0,0.03,-0.015,-1,0.3,-0.6,0
45.5561213,0,0,19,0,0,0.031,-0.014,-1,0.3,-0.5,0
45.5661213,0,0,19,0,0,0.031,-0.014,-1,0.3,-0.5,0
45.5761213,0,0,19,0,0,0.031,-0.014,-1,0.3,-0.5,0
45.5861213,0,0,19,0,0,0.031,-0.014,-1,0.3,-0.5,0
45.5961213,0,0,19,0,0,0.031,-0.014,-1,0.3,-0.5,0
45.6061213,0,0,19,0,0,0.03,-0.016,-1,0.2,-0.6,0
45.6161213,0,0,19,0,0,0.03,-0.016,-1,0.2,-0.6,0
45.6261213,0,0,19,0,0,0.03,-0.016,-1,0.2,-0.6,0
45.6361213,0,0,19,0,0,0.03,-0.016,-1,0.2,-0.6,0
45.6461213,0,0,19,0,0,0.03,-0.016,-1,0.2,-0.6,0
45.6561213,0,0,19,0,0,0.029,-0.016,-1.001,0.3,-0.6,0
45.6661213,0,0,19,0,0,0.029,-0.016,-1.001,0.3,-0.6,0
45.6761213,0,0,19,0,0,0.029,-0.016,-1.001,0.3,-0.6,0
45.6861213,0,0,19,0,0,0.029,-0.016,-1.001,0.3,-0.6,0
45.6961213,0,0,19,0,0,0.029,-0.016,-1.001,0.3,-0.6,0
45.7061212999999,0,0,19,0,0,0.03,-0.014,-1,0.3,-0.6,0.1
45.7161212999999,0,0,19,0,0,0.03,-0.014,-1,0.3,-0.6,0.1
45.7261213,0,0,19,0,0,0.03,-0.014,-1,0.3,-0.6,0.1
45.7361213,0,0,19,0,0,0.03,-0.014,-1,0.3,-0.6,0.1
45.7461212999999,0,0,19,0,0,0.03,-0.014,-1,0.3,-0.6,0.1
45.7561212999999,0,0,19,0,0,0.03,-0.015,-1.001,0.3,-0.5,0
45.7661212999999,0,0,19,0,0,0.03,-0.015,-1.001,0.3,-0.5,0
45.7761213,0,0,19,0,0,0.03,-0.015,-1.001,0.3,-0.5,0
45.7861212999999,0,0,19,0,0,0.03,-0.015,-1.001,0.3,-0.5,0
45.7961212999999,0,0,19,0,0,0.03,-0.015,-1.001,0.3,-0.5,0
45.8061212999999,0,0,19,0,0,0.029,-0.015,-1.001,0.2,-0.4,0
45.8161212999999,0,0,19,0,0,0.029,-0.015,-1.001,0.2,-0.4,0
45.8261212999999,0,0,19,0,0,0.029,-0.015,-1.001,0.2,-0.4,0
45.8361212999999,0,0,19,0,0,0.029,-0.015,-1.001,0.2,-0.4,0
45.8461212999999,0,0,19,0,0,0.029,-0.015,-1.001,0.2,-0.4,0
45.8561212999999,0,0,19,0,0,0.031,-0.015,-1,0.2,-0.6,0
45.8661212999999,0,0,19,0,0,0.031,-0.015,-1,0.2,-0.6,0
45.8761212999999,0,0,19,0,0,0.031,-0.015,-1,0.2,-0.6,0
45.8861212999999,0,0,19,0,0,0.031,-0.015,-1,0.2,-0.6,0
45.8961212999999,0,0,19,0,0,0.031,-0.015,-1,0.2,-0.6,0
45.9061212999999,0,0,19,0,0,0.03,-0.015,-1,0.3,-0.6,0
45.9161212999999,0,0,19,0,0,0.03,-0.015,-1,0.3,-0.6,0
45.9261212999999,0,0,19,0,0,0.03,-0.015,-1,0.3,-0.6,0
45.9361212999999,0,0,19,0,0,0.03,-0.015,-1,0.3,-0.6,0
45.9461212999999,0,0,19,0,0,0.03,-0.015,-1,0.3,-0.6,0
45.9561212999999,0,0,19,0,0,0.03,-0.016,-1,0.3,-0.7,0
45.9661212999999,0,0,19,0,0,0.03,-0.016,-1,0.3,-0.7,0
45.9761212999999,0,0,19,0,0,0.03,-0.016,-1,0.3,-0.7,0
45.9861212999999,0,0,19,0,0,0.03,-0.016,-1,0.3,-0.7,0
45.9961212999999,0,0,19,0,0,0.03,-0.016,-1,0.3,-0.7,0
46.0061212999999,0,0,19,0,0,0.03,-0.013,-1.002,0.3,-0.5,0
46.0161212999999,0,0,19,0,0,0.03,-0.013,-1.002,0.3,-0.5,0
46.0261212999999,0,0,19,0,0,0.03,-0.013,-1.002,0.3,-0.5,0
46.0361212999999,0,0,19,0,0,0.03,-0.013,-1.002,0.3,-0.5,0
46.0461212999999,0,0,19,0,0,0.03,-0.013,-1.002,0.3,-0.5,0
46.0561212999999,0,0,19,0,0,0.029,-0.015,-1,0.3,-0.5,0
46.0661212999999,0,0,19,0,0,0.029,-0.015,-1,0.3,-0.5,0
46.0761212999999,0,0,19,0,0,0.029,-0.015,-1,0.3,-0.5,0
46.0861212999999,0,0,19,0,0,0.029,-0.015,-1,0.3,-0.5,0
46.0961212999999,0,0,19,0,0,0.029,-0.015,-1,0.3,-0.5,0
46.1061212999999,0,0,19,0,0,0.03,-0.015,-1,0.3,-0.6,0
46.1161212999999,0,0,19,0,0,0.03,-0.015,-1,0.3,-0.6,0
46.1261212999999,0,0,19,0,0,0.03,-0.015,-1,0.3,-0.6,0
46.1361212999999,0,0,19,0,0,0.03,-0.015,-1,0.3,-0.6,0
46.1461212999999,0,0,19,0,0,0.03,-0.015,-1,0.3,-0.6,0
46.1561212999999,0,0,19,0,0,0.031,-0.014,-1.001,0.3,-0.5,0
46.1661212999999,0,0,19,0,0,0.031,-0.014,-1.001,0.3,-0.5,0
46.1761212999999,0,0,19,0,0,0.031,-0.014,-1.001,0.3,-0.5,0
46.1861212999999,0,0,19,0,0,0.031,-0.014,-1.001,0.3,-0.5,0
46.1961212999999,0,0,19,0,0,0.031,-0.014,-1.001,0.3,-0.5,0
46.2061212999999,0,0,19,0,0,0.03,-0.016,-1.001,0.3,-0.5,0
46.2161212999999,0,0,19,0,0,0.03,-0.016,-1.001,0.3,-0.5,0
46.2261212999999,0,0,19,0,0,0.03,-0.016,-1.001,0.3,-0.5,0
46.2361212999999,0,0,19,0,0,0.03,-0.016,-1.001,0.3,-0.5,0
46.2461212999999,0,0,19,0,0,0.03,-0.016,-1.001,0.3,-0.5,0
46.2561212999999,0,0,19,0,0,0.029,-0.015,-1,0.3,-0.6,0
46.2661212999999,0,0,19,0,0,0.029,-0.015,-1,0.3,-0.6,0
46.2761212999999,0,0,19,0,0,0.029,-0.015,-1,0.3,-0.6,0
46.2861212999999,0,0,19,0,0,0.029,-0.015,-1,0.3,-0.6,0
46.2961212999999,0,0,19,0,0,0.029,-0.015,-1,0.3,-0.6,0
46.328546,0,0,19,0,0,0.03,-0.016,-1.001,0.3,-0.5,0.1
46.338546,0,0,19,0,0,0.03,-0.016,-1.001,0.3,-0.5,0.1
46.348546,0,0,19,0,0,0.03,-0.016,-1.001,0.3,-0.5,0.1
46.358546,0,0,19,0,0,0.03,-0.016,-1.001,0.3,-0.5,0.1
46.368546,0,0,19,0,0,0.03,-0.016,-1.001,0.3,-0.5,0.1
46.3882027,0,0,19,0,0,0.029,-0.015,-1,0.2,-0.5,0
46.3982027,0,0,19,0,0,0.029,-0.015,-1,0.2,-0.5,0
46.4082027,0,0,19,0,0,0.029,-0.015,-1,0.2,-0.5,0
46.4182027,0,0,19,0,0,0.029,-0.015,-1,0.2,-0.5,0
46.4282027,0,0,19,0,0,0.029,-0.015,-1,0.2,-0.5,0
46.4382027,0,0,19,0,0,0.03,-0.015,-1.001,0.2,-0.6,0.1
46.4482027,0,0,19,0,0,0.03,-0.015,-1.001,0.2,-0.6,0.1
46.4582027,0,0,19,0,0,0.03,-0.015,-1.001,0.2,-0.6,0.1
46.4682027,0,0,19,0,0,0.03,-0.015,-1.001,0.2,-0.6,0.1
46.4782027,0,0,19,0,0,0.03,-0.015,-1.001,0.2,-0.6,0.1
46.4882027,0,0,19,0,0,0.029,-0.015,-1,0.3,-0.6,0
46.4982027,0,0,19,0,0,0.029,-0.015,-1,0.3,-0.6,0
46.5082027,0,0,19,0,0,0.029,-0.015,-1,0.3,-0.6,0
46.5182027,0,0,19,0,0,0.029,-0.015,-1,0.3,-0.6,0
46.5282027,0,0,19,0,0,0.029,-0.015,-1,0.3,-0.6,0
46.706227,0,0,19,0,0,0.029,-0.015,-1,0.2,-0.7,0
46.716227,0,0,19,0,0,0.029,-0.015,-1,0.2,-0.7,0
46.726227,0,0,19,0,0,0.029,-0.015,-1,0.2,-0.7,0
46.736227,0,0,19,0,0,0.029,-0.015,-1,0.2,-0.7,0
46.746227,0,0,19,0,0,0.029,-0.015,-1,0.2,-0.7,0
46.756227,0,0,19,0,0,0.029,-0.015,-1,0.3,-0.5,0
46.766227,0,0,19,0,0,0.029,-0.015,-1,0.3,-0.5,0
46.776227,0,0,19,0,0,0.029,-0.015,-1,0.3,-0.5,0
46.786227,0,0,19,0,0,0.029,-0.015,-1,0.3,-0.5,0
46.796227,0,0,19,0,0,0.029,-0.015,-1,0.3,-0.5,0
