Time_s,RPM,Iq_A,Vbat_V,Tinv_C,Treg_C,AccX_g,AccY_g,AccZ_g,GyrX_dps,GyrY_dps,GyrZ_dps
13.7158188,0,0,19,0,0,0.028,-0.016,-1.001,0.2,-0.6,0
13.7258188,0,0,19,0,0,0.028,-0.016,-1.001,0.2,-0.6,0
13.7358188,0,0,19,0,0,0.028,-0.016,-1.001,0.2,-0.6,0
13.7458188,0,0,19,0,0,0.028,-0.016,-1.001,0.2,-0.6,0
13.7558188,0,0,19,0,0,0.028,-0.016,-1.001,0.2,-0.6,0
14.398297,0,0,19,0,0,0.028,-0.014,-1.001,0.3,-0.5,0
14.408297,0,0,19,0,0,0.028,-0.014,-1.001,0.3,-0.5,0
14.418297,0,0,19,0,0,0.028,-0.014,-1.001,0.3,-0.5,0
14.428297,0,0,19,0,0,0.028,-0.014,-1.001,0.3,-0.5,0
14.438297,0,0,19,0,0,0.028,-0.014,-1.001,0.3,-0.5,0
44.4904428,0,0.01,19,0,0,0.028,-0.015,-1.001,0.3,-0.5,0
44.5004428,0,0.01,19,0,0,0.028,-0.015,-1.001,0.3,-0.5,0
44.5104428,0,0.01,19,0,0,0.028,-0.015,-1.001,0.3,-0.5,0
44.5204428,0,0.01,19,0,0,0.028,-0.015,-1.001,0.3,-0.5,0
44.5304428,0,0.01,19,0,0,0.028,-0.015,-1.001,0.3,-0.5,0
54.5391505,0,0.19,28,0,0,-0.015,-1,0.004,-0.6,0,0
54.5491505,0,0.19,28,0,0,-0.015,-1,0.004,-0.6,0,0
54.5591505,0,0.19,28,0,0,-0.015,-1,0.004,-0.6,0,0
54.5691505,0,0.19,28,0,0,-0.015,-1,0.004,-0.6,0,0
54.5791505,1,0.19,28,0,0,-0.015,-1,0.004,-0.6,0,0
54.6481823,0,0.01,19,0,0,0.029,-0.015,-1.001,0.3,-0.6,0
54.6581823,0,0.01,19,0,0,0.029,-0.015,-1.001,0.3,-0.6,0
54.6681823,0,0.01,19,0,0,0.029,-0.015,-1.001,0.3,-0.6,0
54.6781823,0,0.01,19,0,0,0.029,-0.015,-1.001,0.3,-0.6,0
54.6881823,0,0.01,19,0,0,0.029,-0.015,-1.001,0.3,-0.6,0
54.8971072,0,0,19,0,0,0.027,-0.015,-1.001,0.3,-0.6,0
54.9071072,0,0,19,0,0,0.027,-0.015,-1.001,0.3,-0.6,0
54.9171072,0,0,19,0,0,0.027,-0.015,-1.001,0.3,-0.6,0
54.9271072,0,0,19,0,0,0.027,-0.015,-1.001,0.3,-0.6,0
54.9371072,0,0,19,0,0,0.027,-0.015,-1.001,0.3,-0.6,0
84.959437,0,0,19,0,0,0.029,-0.015,-1.002,0.3,-0.6,0
84.969437,0,0,19,0,0,0.029,-0.015,-1.002,0.3,-0.6,0
84.979437,0,0,19,0,0,0.029,-0.015,-1.002,0.3,-0.6,0
84.989437,0,0,19,0,0,0.029,-0.015,-1.002,0.3,-0.6,0
84.999437,0,0,19,0,0,0.029,-0.015,-1.002,0.3,-0.6,0
85.009437,0,0,19,0,0,0.027,-0.015,-1.001,0.3,-0.6,0
85.019437,0,0,19,0,0,0.027,-0.015,-1.001,0.3,-0.6,0
85.029437,0,0,19,0,0,0.027,-0.015,-1.001,0.3,-0.6,0
85.039437,0,0,19,0,0,0.027,-0.015,-1.001,0.3,-0.6,0
85.049437,0,0,19,0,0,0.027,-0.015,-1.001,0.3,-0.6,0
85.059437,0,0.01,19,0,0,0.028,-0.016,-1.001,0.3,-0.6,0
85.069437,0,0.01,19,0,0,0.028,-0.016,-1.001,0.3,-0.6,0
85.079437,0,0.01,19,0,0,0.028,-0.016,-1.001,0.3,-0.6,0
85.089437,0,0.01,19,0,0,0.028,-0.016,-1.001,0.3,-0.6,0
85.099437,0,0.01,19,0,0,0.028,-0.016,-1.001,0.3,-0.6,0
85.109437,0,0,19,0,0,0.028,-0.014,-1.001,0.3,-0.6,0.1
85.119437,0,0,19,0,0,0.028,-0.014,-1.001,0.3,-0.6,0.1
85.129437,0,0,19,0,0,0.028,-0.014,-1.001,0.3,-0.6,0.1
85.139437,0,0,19,0,0,0.028,-0.014,-1.001,0.3,-0.6,0.1
85.149437,0,0,19,0,0,0.028,-0.014,-1.001,0.3,-0.6,0.1
85.159437,0,0.01,19,0,0,0.029,-0.016,-1.002,0.3,-0.6,0
85.169437,0,0.01,19,0,0,0.029,-0.016,-1.002,0.3,-0.6,0
85.179437,0,0.01,19,0,0,0.029,-0.016,-1.002,0.3,-0.6,0
85.189437,0,0.01,19,0,0,0.029,-0.016,-1.002,0.3,-0.6,0
85.199437,0,0.01,19,0,0,0.029,-0.016,-1.002,0.3,-0.6,0
85.2094370000001,0,0,19,0,0,0.028,-0.016,-1.001,0.3,-0.6,0
85.2194370000001,0,0,19,0,0,0.028,-0.016,-1.001,0.3,-0.6,0
85.229437,0,0,19,0,0,0.028,-0.016,-1.001,0.3,-0.6,0
85.2394370000001,0,0,19,0,0,0.028,-0.016,-1.001,0.3,-0.6,0
85.2494370000001,0,0,19,0,0,0.028,-0.016,-1.001,0.3,-0.6,0
85.2594370000001,0,0,19,0,0,0.028,-0.015,-1.002,0.3,-0.5,0
85.2694370000001,0,0,19,0,0,0.028,-0.015,-1.002,0.3,-0.5,0
85.2794370000001,0,0,19,0,0,0.028,-0.015,-1.002,0.3,-0.5,0
85.2894370000001,0,0,19,0,0,0.028,-0.015,-1.002,0.3,-0.5,0
85.2994370000001,0,0,19,0,0,0.028,-0.015,-1.002,0.3,-0.5,0
85.3094370000001,0,0,19,0,0,0.028,-0.016,-1.001,0.3,-0.6,0
85.3194370000001,0,0,19,0,0,0.028,-0.016,-1.001,0.3,-0.6,0
85.3294370000001,0,0,19,0,0,0.028,-0.016,-1.001,0.3,-0.6,0
85.3394370000001,0,0,19,0,0,0.028,-0.016,-1.001,0.3,-0.6,0
85.3494370000001,0,0,19,0,0,0.028,-0.016,-1.001,0.3,-0.6,0
85.3594370000001,0,0.01,19,0,0,0.028,-0.015,-1.001,0.3,-0.6,0
85.3694370000001,0,0.01,19,0,0,0.028,-0.015,-1.001,0.3,-0.6,0
85.3794370000001,0,0.01,19,0,0,0.028,-0.015,-1.001,0.3,-0.6,0
85.3894370000001,0,0.01,19,0,0,0.028,-0.015,-1.001,0.3,-0.6,0
85.3994370000001,0,0.01,19,0,0,0.028,-0.015,-1.001,0.3,-0.6,0
85.4094370000001,0,0,19,0,0,0.028,-0.013,-1.002,0.3,-0.6,0
85.4194370000001,0,0,19,0,0,0.028,-0.013,-1.002,0.3,-0.6,0
85.4294370000001,0,0,19,0,0,0.028,-0.013,-1.002,0.3,-0.6,0
85.4394370000001,0,0,19,0,0,0.028,-0.013,-1.002,0.3,-0.6,0
85.4494370000001,0,0,19,0,0,0.028,-0.013,-1.002,0.3,-0.6,0
85.4594370000001,0,0,19,0,0,0.027,-0.015,-1.001,0.3,-0.6,0
85.4694370000001,0,0,19,0,0,0.027,-0.015,-1.001,0.3,-0.6,0
85.4794370000001,0,0,19,0,0,0.027,-0.015,-1.001,0.3,-0.6,0
85.4894370000001,0,0,19,0,0,0.027,-0.015,-1.001,0.3,-0.6,0
85.4994370000001,0,0,19,0,0,0.027,-0.015,-1.001,0.3,-0.6,0
85.5094370000001,0,0,19,0,0,0.027,-0.014,-1.001,0.3,-0.6,0.1
85.5194370000001,0,0,19,0,0,0.027,-0.014,-1.001,0.3,-0.6,0.1
85.5294370000001,0,0,19,0,0,0.027,-0.014,-1.001,0.3,-0.6,0.1
85.5394370000001,0,0,19,0,0,0.027,-0.014,-1.001,0.3,-0.6,0.1
85.5494370000001,0,0,19,0,0,0.027,-0.014,-1.001,0.3,-0.6,0.1
85.5594370000001,0,0.01,19,0,0,0.029,-0.015,-1.002,0.3,-0.4,0
85.5694370000001,0,0.01,19,0,0,0.029,-0.015,-1.002,0.3,-0.4,0
85.5794370000001,0,0.01,19,0,0,0.029,-0.015,-1.002,0.3,-0.4,0
85.5894370000001,0,0.01,19,0,0,0.029,-0.015,-1.002,0.3,-0.4,0
85.5994370000001,0,0.01,19,0,0,0.029,-0.015,-1.002,0.3,-0.4,0
85.6094370000001,0,0,19,0,0,0.027,-0.016,-1.001,0.3,-0.5,0
85.6194370000001,0,0,19,0,0,0.027,-0.016,-1.001,0.3,-0.5,0
85.6294370000001,0,0,19,0,0,0.027,-0.016,-1.001,0.3,-0.5,0
85.6394370000001,0,0,19,0,0,0.027,-0.016,-1.001,0.3,-0.5,0
85.6494370000001,0,0,19,0,0,0.027,-0.016,-1.001,0.3,-0.5,0
85.6594370000002,0,0,19,0,0,0.028,-0.016,-1.001,0.3,-0.5,0
85.6694370000002,0,0,19,0,0,0.028,-0.016,-1.001,0.3,-0.5,0
85.6794370000001,0,0,19,0,0,0.028,-0.016,-1.001,0.3,-0.5,0
85.6894370000002,0,0,19,0,0,0.028,-0.016,-1.001,0.3,-0.5,0
85.6994370000002,0,0,19,0,0,0.028,-0.016,-1.001,0.3,-0.5,0
85.7094370000002,0,0,19,0,0,0.028,-0.015,-1.001,0.3,-0.5,0
85.7194370000002,0,0,19,0,0,0.028,-0.015,-1.001,0.3,-0.5,0
85.7294370000002,0,0,19,0,0,0.028,-0.015,-1.001,0.3,-0.5,0
85.7394370000002,0,0,19,0,0,0.028,-0.015,-1.001,0.3,-0.5,0
85.7494370000002,0,0,19,0,0,0.028,-0.015,-1.001,0.3,-0.5,0
85.7594370000002,0,0,19,0,0,0.028,-0.015,-1.001,0.3,-0.6,0
85.7694370000002,0,0,19,0,0,0.028,-0.015,-1.001,0.3,-0.6,0
85.7794370000002,0,0,19,0,0,0.028,-0.015,-1.001,0.3,-0.6,0
85.7894370000002,0,0,19,0,0,0.028,-0.015,-1.001,0.3,-0.6,0
85.7994370000002,0,0,19,0,0,0.028,-0.015,-1.001,0.3,-0.6,0
85.8094370000002,0,0,19,0,0,0.028,-0.015,-1.001,0.3,-0.6,0
85.8194370000002,0,0,19,0,0,0.028,-0.015,-1.001,0.3,-0.6,0
85.8294370000002,0,0,19,0,0,0.028,-0.015,-1.001,0.3,-0.6,0
85.8394370000002,0,0,19,0,0,0.028,-0.015,-1.001,0.3,-0.6,0
85.8494370000002,0,0,19,0,0,0.028,-0.015,-1.001,0.3,-0.6,0
85.8594370000002,0,0.01,19,0,0,0.029,-0.015,-1,0.3,-0.5,0
85.8694370000002,0,0.01,19,0,0,0.029,-0.015,-1,0.3,-0.5,0
85.8794370000002,0,0.01,19,0,0,0.029,-0.015,-1,0.3,-0.5,0
85.8894370000002,0,0.01,19,0,0,0.029,-0.015,-1,0.3,-0.5,0
85.8994370000002,0,0.01,19,0,0,0.029,-0.015,-1,0.3,-0.5,0
85.9094370000002,0,0,19,0,0,0.028,-0.014,-1.002,0.3,-0.5,0.1
85.9194370000002,0,0,19,0,0,0.028,-0.014,-1.002,0.3,-0.5,0.1
85.9294370000002,0,0,19,0,0,0.028,-0.014,-1.002,0.3,-0.5,0.1
85.9394370000002,0,0,19,0,0,0.028,-0.014,-1.002,0.3,-0.5,0.1
85.9494370000002,0,0,19,0,0,0.028,-0.014,-1.002,0.3,-0.5,0.1
85.9594370000002,0,0.01,19,0,0,0.028,-0.016,-1.002,0.4,-0.6,0
85.9694370000002,0,0.01,19,0,0,0.028,-0.016,-1.002,0.4,-0.6,0
85.9794370000002,0,0.01,19,0,0,0.028,-0.016,-1.002,0.4,-0.6,0
85.9894370000002,0,0.01,19,0,0,0.028,-0.016,-1.002,0.4,-0.6,0
85.9994370000002,0,0.01,19,0,0,0.028,-0.016,-1.002,0.4,-0.6,0
86.0094370000002,0,0,19,0,0,0.027,-0.014,-1.001,0.3,-0.6,0
86.0194370000002,0,0,19,0,0,0.027,-0.014,-1.001,0.3,-0.6,0
86.0294370000002,0,0,19,0,0,0.027,-0.014,-1.001,0.3,-0.6,0
86.0394370000002,0,0,19,0,0,0.027,-0.014,-1.001,0.3,-0.6,0
86.0494370000002,0,0,19,0,0,0.027,-0.014,-1.001,0.3,-0.6,0
86.0594370000002,0,0,19,0,0,0.028,-0.015,-1.001,0.2,-0.6,0
86.0694370000002,0,0,19,0,0,0.028,-0.015,-1.001,0.2,-0.6,0
86.0794370000002,0,0,19,0,0,0.028,-0.015,-1.001,0.2,-0.6,0
86.0894370000002,0,0,19,0,0,0.028,-0.015,-1.001,0.2,-0.6,0
86.0994370000003,0,0,19,0,0,0.028,-0.015,-1.001,0.2,-0.6,0
86.1094370000003,0,0.01,19,0,0,0.028,-0.015,-1,0.3,-0.6,0
86.1194370000003,0,0.01,19,0,0,0.028,-0.015,-1,0.3,-0.6,0
86.1294370000003,0,0.01,19,0,0,0.028,-0.015,-1,0.3,-0.6,0
86.1394370000003,0,0.01,19,0,0,0.028,-0.015,-1,0.3,-0.6,0
86.1494370000003,0,0.01,19,0,0,0.028,-0.015,-1,0.3,-0.6,0
86.1594370000003,0,0,19,0,0,0.028,-0.014,-1,0.3,-0.6,0
86.1694370000003,0,0,19,0,0,0.028,-0.014,-1,0.3,-0.6,0
86.1794370000003,0,0,19,0,0,0.028,-0.014,-1,0.3,-0.6,0
86.1894370000003,0,0,19,0,0,0.028,-0.014,-1,0.3,-0.6,0
86.1994370000003,0,0,19,0,0,0.028,-0.014,-1,0.3,-0.6,0
86.2094370000003,0,0,19,0,0,0.028,-0.015,-1.001,0.3,-0.6,0
86.2194370000003,0,0,19,0,0,0.028,-0.015,-1.001,0.3,-0.6,0
86.2294370000003,0,0,19,0,0,0.028,-0.015,-1.001,0.3,-0.6,0
86.2394370000003,0,0,19,0,0,0.028,-0.015,-1.001,0.3,-0.6,0
86.2494370000003,0,0,19,0,0,0.028,-0.015,-1.001,0.3,-0.6,0
86.2594370000003,0,0,19,0,0,0.029,-0.015,-1.003,0.3,-0.6,0
86.2694370000003,0,0,19,0,0,0.029,-0.015,-1.003,0.3,-0.6,0
86.2794370000003,0,0,19,0,0,0.029,-0.015,-1.003,0.3,-0.6,0
86.2894370000003,0,0,19,0,0,0.029,-0.015,-1.003,0.3,-0.6,0
86.2994370000003,0,0,19,0,0,0.029,-0.015,-1.003,0.3,-0.6,0
86.3094370000003,0,0,19,0,0,0.028,-0.015,-1.001,0.3,-0.6,0
86.3194370000003,0,0,19,0,0,0.028,-0.015,-1.001,0.3,-0.6,0
86.3294370000003,0,0,19,0,0,0.028,-0.015,-1.001,0.3,-0.6,0
86.3394370000003,0,0,19,0,0,0.028,-0.015,-1.001,0.3,-0.6,0
86.3494370000003,0,0,19,0,0,0.028,-0.015,-1.001,0.3,-0.6,0
86.3594370000003,0,0,19,0,0,0.028,-0.016,-1.001,0.3,-0.5,0
86.3694370000003,0,0,19,0,0,0.028,-0.016,-1.001,0.3,-0.5,0
86.3794370000003,0,0,19,0,0,0.028,-0.016,-1.001,0.3,-0.5,0
86.3894370000003,0,0,19,0,0,0.028,-0.016,-1.001,0.3,-0.5,0
86.3994370000003,0,0,19,0,0,0.028,-0.016,-1.001,0.3,-0.5,0
86.4094370000003,0,0,19,0,0,0.028,-0.014,-1.002,0.3,-0.6,0
86.4194370000003,0,0,19,0,0,0.028,-0.014,-1.002,0.3,-0.6,0
86.4294370000003,0,0,19,0,0,0.028,-0.014,-1.002,0.3,-0.6,0
86.4394370000003,0,0,19,0,0,0.028,-0.014,-1.002,0.3,-0.6,0
86.4494370000003,0,0,19,0,0,0.028,-0.014,-1.002,0.3,-0.6,0
86.4594370000003,0,0,19,0,0,0.027,-0.014,-1.001,0.3,-0.6,0.1
86.4694370000003,0,0,19,0,0,0.027,-0.014,-1.001,0.3,-0.6,0.1
86.4794370000003,0,0,19,0,0,0.027,-0.014,-1.001,0.3,-0.6,0.1
86.4894370000003,0,0,19,0,0,0.027,-0.014,-1.001,0.3,-0.6,0.1
86.4994370000003,0,0,19,0,0,0.027,-0.014,-1.001,0.3,-0.6,0.1
86.5094370000003,0,0,19,0,0,0.028,-0.015,-1.002,0.3,-0.6,0
86.5194370000004,0,0,19,0,0,0.028,-0.015,-1.002,0.3,-0.6,0
86.5294370000003,0,0,19,0,0,0.028,-0.015,-1.002,0.3,-0.6,0
86.5394370000003,0,0,19,0,0,0.028,-0.015,-1.002,0.3,-0.6,0
86.5494370000004,0,0,19,0,0,0.028,-0.015,-1.002,0.3,-0.6,0
86.5594370000004,0,0,19,0,0,0.029,-0.015,-1.001,0.3,-0.6,0
86.5694370000004,0,0,19,0,0,0.029,-0.015,-1.001,0.3,-0.6,0
86.5794370000004,0,0,19,0,0,0.029,-0.015,-1.001,0.3,-0.6,0
86.5894370000004,0,0,19,0,0,0.029,-0.015,-1.001,0.3,-0.6,0
86.5994370000004,0,0,19,0,0,0.029,-0.015,-1.001,0.3,-0.6,0
86.6094370000004,0,0,19,0,0,0.028,-0.016,-1,0.2,-0.6,0
86.6194370000004,0,0,19,0,0,0.028,-0.016,-1,0.2,-0.6,0
86.6294370000004,0,0,19,0,0,0.028,-0.016,-1,0.2,-0.6,0
86.6394370000004,0,0,19,0,0,0.028,-0.016,-1,0.2,-0.6,0
86.6494370000004,0,0,19,0,0,0.028,-0.016,-1,0.2,-0.6,0
86.6594370000004,0,0,19,0,0,0.028,-0.015,-1.001,0.3,-0.5,0
86.6694370000004,0,0,19,0,0,0.028,-0.015,-1.001,0.3,-0.5,0
86.6794370000004,0,0,19,0,0,0.028,-0.015,-1.001,0.3,-0.5,0
86.6894370000004,0,0,19,0,0,0.028,-0.015,-1.001,0.3,-0.5,0
86.6994370000004,0,0,19,0,0,0.028,-0.015,-1.001,0.3,-0.5,0
86.7094370000004,0,0.01,19,0,0,0.028,-0.015,-1.002,0.4,-0.6,0
86.7194370000004,0,0.01,19,0,0,0.028,-0.015,-1.002,0.4,-0.6,0
86.7294370000004,0,0.01,19,0,0,0.028,-0.015,-1.002,0.4,-0.6,0
86.7394370000004,0,0.01,19,0,0,0.028,-0.015,-1.002,0.4,-0.6,0
86.7494370000004,0,0.01,19,0,0,0.028,-0.015,-1.002,0.4,-0.6,0
86.7594370000004,0,0,19,0,0,0.028,-0.016,-1.001,0.3,-0.6,0
86.7694370000004,0,0,19,0,0,0.028,-0.016,-1.001,0.3,-0.6,0
86.7794370000004,0,0,19,0,0,0.028,-0.016,-1.001,0.3,-0.6,0
86.7894370000004,0,0,19,0,0,0.028,-0.016,-1.001,0.3,-0.6,0
86.7994370000004,0,0,19,0,0,0.028,-0.016,-1.001,0.3,-0.6,0
86.8094370000004,0,0,19,0,0,0.028,-0.014,-1.001,0.3,-0.6,0
86.8194370000004,0,0,19,0,0,0.028,-0.014,-1.001,0.3,-0.6,0
86.8294370000004,0,0,19,0,0,0.028,-0.014,-1.001,0.3,-0.6,0
86.8394370000004,0,0,19,0,0,0.028,-0.014,-1.001,0.3,-0.6,0
86.8494370000004,0,0,19,0,0,0.028,-0.014,-1.001,0.3,-0.6,0
86.8594370000004,0,0,19,0,0,0.029,-0.015,-1.002,0.3,-0.6,0
86.8694370000004,0,0,19,0,0,0.029,-0.015,-1.002,0.3,-0.6,0
86.8794370000004,0,0,19,0,0,0.029,-0.015,-1.002,0.3,-0.6,0
86.8894370000004,0,0,19,0,0,0.029,-0.015,-1.002,0.3,-0.6,0
86.8994370000004,0,0,19,0,0,0.029,-0.015,-1.002,0.3,-0.6,0
86.9094370000004,0,0,19,0,0,0.028,-0.016,-1.002,0.3,-0.6,0
86.9194370000004,0,0,19,0,0,0.028,-0.016,-1.002,0.3,-0.6,0
86.9294370000004,0,0,19,0,0,0.028,-0.016,-1.002,0.3,-0.6,0
86.9394370000004,0,0,19,0,0,0.028,-0.016,-1.002,0.3,-0.6,0
86.9494370000004,0,0,19,0,0,0.028,-0.016,-1.002,0.3,-0.6,0
86.9594370000004,0,0,19,0,0,0.028,-0.015,-1.003,0.3,-0.6,0
86.9694370000005,0,0,19,0,0,0.028,-0.015,-1.003,0.3,-0.6,0
86.9794370000004,0,0,19,0,0,0.028,-0.015,-1.003,0.3,-0.6,0
86.9894370000004,0,0,19,0,0,0.028,-0.015,-1.003,0.3,-0.6,0
86.9994370000005,0,0,19,0,0,0.028,-0.015,-1.003,0.3,-0.6,0
87.0094370000005,0,0,19,0,0,0.029,-0.015,-1.001,0.3,-0.6,0
87.0194370000005,0,0,19,0,0,0.029,-0.015,-1.001,0.3,-0.6,0
87.0294370000005,0,0,19,0,0,0.029,-0.015,-1.001,0.3,-0.6,0
87.0394370000005,0,0,19,0,0,0.029,-0.015,-1.001,0.3,-0.6,0
87.0494370000005,0,0,19,0,0,0.029,-0.015,-1.001,0.3,-0.6,0
87.0594370000005,0,0.01,19,0,0,0.027,-0.015,-1.001,0.3,-0.6,0
87.0694370000005,0,0.01,19,0,0,0.027,-0.015,-1.001,0.3,-0.6,0
87.0794370000005,0,0.01,19,0,0,0.027,-0.015,-1.001,0.3,-0.6,0
87.0894370000005,0,0.01,19,0,0,0.027,-0.015,-1.001,0.3,-0.6,0
87.0994370000005,0,0.01,19,0,0,0.027,-0.015,-1.001,0.3,-0.6,0
87.1094370000005,0,0,19,0,0,0.028,-0.014,-1,0.3,-0.6,0.1
87.1194370000005,0,0,19,0,0,0.028,-0.014,-1,0.3,-0.6,0.1
87.1294370000005,0,0,19,0,0,0.028,-0.014,-1,0.3,-0.6,0.1
87.1394370000005,0,0,19,0,0,0.028,-0.014,-1,0.3,-0.6,0.1
87.1494370000005,0,0,19,0,0,0.028,-0.014,-1,0.3,-0.6,0.1
87.1594370000005,0,0,19,0,0,0.029,-0.015,-1,0.2,-0.6,0
87.1694370000005,0,0,19,0,0,0.029,-0.015,-1,0.2,-0.6,0
87.1794370000005,0,0,19,0,0,0.029,-0.015,-1,0.2,-0.6,0
87.1894370000005,0,0,19,0,0,0.029,-0.015,-1,0.2,-0.6,0
87.1994370000005,0,0,19,0,0,0.029,-0.015,-1,0.2,-0.6,0
87.2094370000005,0,0,19,0,0,0.028,-0.014,-1.002,0.3,-0.6,0.1
87.2194370000005,0,0,19,0,0,0.028,-0.014,-1.002,0.3,-0.6,0.1
87.2294370000005,0,0,19,0,0,0.028,-0.014,-1.002,0.3,-0.6,0.1
87.2394370000005,0,0,19,0,0,0.028,-0.014,-1.002,0.3,-0.6,0.1
87.2494370000005,0,0,19,0,0,0.028,-0.014,-1.002,0.3,-0.6,0.1
87.2594370000005,0,0,19,0,0,0.028,-0.015,-1.001,0.3,-0.6,0
87.2694370000005,0,0,19,0,0,0.028,-0.015,-1.001,0.3,-0.6,0
87.2794370000005,0,0,19,0,0,0.028,-0.015,-1.001,0.3,-0.6,0
87.2894370000005,0,0,19,0,0,0.028,-0.015,-1.001,0.3,-0.6,0
87.2994370000005,0,0,19,0,0,0.028,-0.015,-1.001,0.3,-0.6,0
87.3094370000005,0,0,19,0,0,0.029,-0.014,-1.001,0.2,-0.6,0
87.3194370000005,0,0,19,0,0,0.029,-0.014,-1.001,0.2,-0.6,0
87.3294370000005,0,0,19,0,0,0.029,-0.014,-1.001,0.2,-0.6,0
87.3394370000005,0,0,19,0,0,0.029,-0.014,-1.001,0.2,-0.6,0
87.3494370000005,0,0,19,0,0,0.029,-0.014,-1.001,0.2,-0.6,0
87.3594370000005,0,0,19,0,0,0.028,-0.015,-1.002,0.3,-0.6,0
87.3694370000005,0,0,19,0,0,0.028,-0.015,-1.002,0.3,-0.6,0
87.3794370000005,0,0,19,0,0,0.028,-0.015,-1.002,0.3,-0.6,0
87.3894370000005,0,0,19,0,0,0.028,-0.015,-1.002,0.3,-0.6,0
87.3994370000005,0,0,19,0,0,0.028,-0.015,-1.002,0.3,-0.6,0
87.4094370000006,0,0.01,19,0,0,0.028,-0.015,-1.001,0.3,-0.6,0
87.4194370000006,0,0.01,19,0,0,0.028,-0.015,-1.001,0.3,-0.6,0
87.4294370000005,0,0.01,19,0,0,0.028,-0.015,-1.001,0.3,-0.6,0
87.4394370000006,0,0.01,19,0,0,0.028,-0.015,-1.001,0.3,-0.6,0
87.4494370000006,0,0.01,19,0,0,0.028,-0.015,-1.001,0.3,-0.6,0
87.4594370000006,0,0.01,19,0,0,0.028,-0.015,-1.001,0.3,-0.6,0
87.4694370000006,0,0.01,19,0,0,0.028,-0.015,-1.001,0.3,-0.6,0
87.4794370000006,0,0.01,19,0,0,0.028,-0.015,-1.001,0.3,-0.6,0
87.4894370000006,0,0.01,19,0,0,0.028,-0.015,-1.001,0.3,-0.6,0
87.4994370000006,0,0.01,19,0,0,0.028,-0.015,-1.001,0.3,-0.6,0
87.5094370000006,0,0.01,19,0,0,0.028,-0.015,-1,0.3,-0.6,0
87.5194370000006,0,0.01,19,0,0,0.028,-0.015,-1,0.3,-0.6,0
87.5294370000006,0,0.01,19,0,0,0.028,-0.015,-1,0.3,-0.6,0
87.5394370000006,0,0.01,19,0,0,0.028,-0.015,-1,0.3,-0.6,0
87.5494370000006,0,0.01,19,0,0,0.028,-0.015,-1,0.3,-0.6,0
87.5594370000006,0,0,19,0,0,0.029,-0.015,-1.002,0.2,-0.6,0
87.5694370000006,0,0,19,0,0,0.029,-0.015,-1.002,0.2,-0.6,0
87.5794370000006,0,0,19,0,0,0.029,-0.015,-1.002,0.2,-0.6,0
87.5894370000006,0,0,19,0,0,0.029,-0.015,-1.002,0.2,-0.6,0
87.5994370000006,0,0,19,0,0,0.029,-0.015,-1.002,0.2,-0.6,0
87.6094370000006,0,0,19,0,0,0.027,-0.015,-1.001,0.3,-0.6,0
87.6194370000006,0,0,19,0,0,0.027,-0.015,-1.001,0.3,-0.6,0
87.6294370000006,0,0,19,0,0,0.027,-0.015,-1.001,0.3,-0.6,0
87.6394370000006,0,0,19,0,0,0.027,-0.015,-1.001,0.3,-0.6,0
87.6494370000006,0,0,19,0,0,0.027,-0.015,-1.001,0.3,-0.6,0
87.6594370000006,0,0,19,0,0,0.028,-0.015,-1.002,0.2,-0.6,0
87.6694370000006,0,0,19,0,0,0.028,-0.015,-1.002,0.2,-0.6,0
87.6794370000006,0,0,19,0,0,0.028,-0.015,-1.002,0.2,-0.6,0
87.6894370000006,0,0,19,0,0,0.028,-0.015,-1.002,0.2,-0.6,0
87.6994370000006,0,0,19,0,0,0.028,-0.015,-1.002,0.2,-0.6,0
87.7094370000006,0,0,19,0,0,0.029,-0.016,-1.002,0.3,-0.5,0
87.7194370000006,0,0,19,0,0,0.029,-0.016,-1.002,0.3,-0.5,0
87.7294370000006,0,0,19,0,0,0.029,-0.016,-1.002,0.3,-0.5,0
87.7394370000006,0,0,19,0,0,0.029,-0.016,-1.002,0.3,-0.5,0
87.7494370000006,0,0,19,0,0,0.029,-0.016,-1.002,0.3,-0.5,0
87.7594370000006,0,0,19,0,0,0.028,-0.015,-1.001,0.3,-0.6,0
87.7694370000006,0,0,19,0,0,0.028,-0.015,-1.001,0.3,-0.6,0
87.7794370000006,0,0,19,0,0,0.028,-0.015,-1.001,0.3,-0.6,0
87.7894370000006,0,0,19,0,0,0.028,-0.015,-1.001,0.3,-0.6,0
87.7994370000006,0,0,19,0,0,0.028,-0.015,-1.001,0.3,-0.6,0
87.8094370000006,0,0,19,0,0,0.028,-0.015,-1.002,0.3,-0.5,0.1
87.8194370000006,0,0,19,0,0,0.028,-0.015,-1.002,0.3,-0.5,0.1
87.8294370000006,0,0,19,0,0,0.028,-0.015,-1.002,0.3,-0.5,0.1
87.8394370000006,0,0,19,0,0,0.028,-0.015,-1.002,0.3,-0.5,0.1
87.8494370000006,0,0,19,0,0,0.028,-0.015,-1.002,0.3,-0.5,0.1
87.8594370000007,0,0,19,0,0,0.028,-0.014,-1.001,0.2,-0.6,0
87.8694370000007,0,0,19,0,0,0.028,-0.014,-1.001,0.2,-0.6,0
87.8794370000006,0,0,19,0,0,0.028,-0.014,-1.001,0.2,-0.6,0
87.8894370000007,0,0,19,0,0,0.028,-0.014,-1.001,0.2,-0.6,0
87.8994370000007,0,0,19,0,0,0.028,-0.014,-1.001,0.2,-0.6,0
87.9094370000007,0,0.01,19,0,0,0.028,-0.015,-1.002,0.3,-0.6,0
87.9194370000007,0,0.01,19,0,0,0.028,-0.015,-1.002,0.3,-0.6,0
87.9294370000007,0,0.01,19,0,0,0.028,-0.015,-1.002,0.3,-0.6,0
87.9394370000007,0,0.01,19,0,0,0.028,-0.015,-1.002,0.3,-0.6,0
87.9494370000007,0,0.01,19,0,0,0.028,-0.015,-1.002,0.3,-0.6,0
87.9594370000007,0,0,19,0,0,0.029,-0.015,-1.001,0.3,-0.5,0
87.9694370000007,0,0,19,0,0,0.029,-0.015,-1.001,0.3,-0.5,0
87.9794370000007,0,0,19,0,0,0.029,-0.015,-1.001,0.3,-0.5,0
87.9894370000007,0,0,19,0,0,0.029,-0.015,-1.001,0.3,-0.5,0
87.9994370000007,0,0,19,0,0,0.029,-0.015,-1.001,0.3,-0.5,0
88.0094370000007,0,0,19,0,0,0.028,-0.015,-1.001,0.3,-0.6,0
88.0194370000007,0,0,19,0,0,0.028,-0.015,-1.001,0.3,-0.6,0
88.0294370000007,0,0,19,0,0,0.028,-0.015,-1.001,0.3,-0.6,0
88.0394370000007,0,0,19,0,0,0.028,-0.015,-1.001,0.3,-0.6,0
88.0494370000007,0,0,19,0,0,0.028,-0.015,-1.001,0.3,-0.6,0
88.0594370000007,0,0,19,0,0,0.028,-0.015,-1.002,0.3,-0.6,0
88.0694370000007,0,0,19,0,0,0.028,-0.015,-1.002,0.3,-0.6,0
88.0794370000007,0,0,19,0,0,0.028,-0.015,-1.002,0.3,-0.6,0
88.0894370000007,0,0,19,0,0,0.028,-0.015,-1.002,0.3,-0.6,0
88.0994370000007,0,0,19,0,0,0.028,-0.015,-1.002,0.3,-0.6,0
88.1094370000007,0,0,19,0,0,0.028,-0.014,-1.001,0.3,-0.5,0
88.1194370000007,0,0,19,0,0,0.028,-0.014,-1.001,0.3,-0.5,0
88.1294370000007,0,0,19,0,0,0.028,-0.014,-1.001,0.3,-0.5,0
88.1394370000007,0,0,19,0,0,0.028,-0.014,-1.001,0.3,-0.5,0
88.1494370000007,0,0,19,0,0,0.028,-0.014,-1.001,0.3,-0.5,0
88.1594370000007,0,0.01,19,0,0,0.028,-0.015,-1.001,0.3,-0.5,0
88.1694370000007,0,0.01,19,0,0,0.028,-0.015,-1.001,0.3,-0.5,0
88.1794370000007,0,0.01,19,0,0,0.028,-0.015,-1.001,0.3,-0.5,0
88.1894370000007,0,0.01,19,0,0,0.028,-0.015,-1.001,0.3,-0.5,0
88.1994370000007,0,0.01,19,0,0,0.028,-0.015,-1.001,0.3,-0.5,0
88.2094370000007,0,0.01,19,0,0,0.027,-0.015,-1.001,0.3,-0.6,0
88.2194370000007,0,0.01,19,0,0,0.027,-0.015,-1.001,0.3,-0.6,0
88.2294370000007,0,0.01,19,0,0,0.027,-0.015,-1.001,0.3,-0.6,0
88.2394370000007,0,0.01,19,0,0,0.027,-0.015,-1.001,0.3,-0.6,0
88.2494370000007,0,0.01,19,0,0,0.027,-0.015,-1.001,0.3,-0.6,0
88.2594370000007,0,0,19,0,0,0.028,-0.016,-1.001,0.3,-0.6,0
88.2694370000007,0,0,19,0,0,0.028,-0.016,-1.001,0.3,-0.6,0
88.2794370000007,0,0,19,0,0,0.028,-0.016,-1.001,0.3,-0.6,0
88.2894370000007,0,0,19,0,0,0.028,-0.016,-1.001,0.3,-0.6,0
88.2994370000008,0,0,19,0,0,0.028,-0.016,-1.001,0.3,-0.6,0
88.3094370000008,0,0,19,0,0,0.028,-0.015,-1.002,0.3,-0.6,0
88.3194370000008,0,0,19,0,0,0.028,-0.015,-1.002,0.3,-0.6,0
88.3294370000008,0,0,19,0,0,0.028,-0.015,-1.002,0.3,-0.6,0
88.3394370000008,0,0,19,0,0,0.028,-0.015,-1.002,0.3,-0.6,0
88.3494370000008,0,0,19,0,0,0.028,-0.015,-1.002,0.3,-0.6,0
88.3594370000008,0,0,19,0,0,0.028,-0.015,-1.002,0.3,-0.6,0
88.3694370000008,0,0,19,0,0,0.028,-0.015,-1.002,0.3,-0.6,0
88.3794370000008,0,0,19,0,0,0.028,-0.015,-1.002,0.3,-0.6,0
88.3894370000008,0,0,19,0,0,0.028,-0.015,-1.002,0.3,-0.6,0
88.3994370000008,0,0,19,0,0,0.028,-0.015,-1.002,0.3,-0.6,0
88.4094370000008,0,0,19,0,0,0.028,-0.014,-1.002,0.3,-0.6,0
88.4194370000008,0,0,19,0,0,0.028,-0.014,-1.002,0.3,-0.6,0
88.4294370000008,0,0,19,0,0,0.028,-0.014,-1.002,0.3,-0.6,0
88.4394370000008,0,0,19,0,0,0.028,-0.014,-1.002,0.3,-0.6,0
88.4494370000008,0,0,19,0,0,0.028,-0.014,-1.002,0.3,-0.6,0
88.4594370000008,0,0,19,0,0,0.029,-0.015,-1.001,0.3,-0.6,0
88.4694370000008,0,0,19,0,0,0.029,-0.015,-1.001,0.3,-0.6,0
88.4794370000008,0,0,19,0,0,0.029,-0.015,-1.001,0.3,-0.6,0
88.4894370000008,0,0,19,0,0,0.029,-0.015,-1.001,0.3,-0.6,0
88.4994370000008,0,0,19,0,0,0.029,-0.015,-1.001,0.3,-0.6,0
88.5094370000008,0,0.01,19,0,0,0.028,-0.013,-1,0.3,-0.6,0
88.5194370000008,0,0.01,19,0,0,0.028,-0.013,-1,0.3,-0.6,0
88.5294370000008,0,0.01,19,0,0,0.028,-0.013,-1,0.3,-0.6,0
88.5394370000008,0,0.01,19,0,0,0.028,-0.013,-1,0.3,-0.6,0
88.5494370000008,0,0.01,19,0,0,0.028,-0.013,-1,0.3,-0.6,0
88.5594370000008,0,0,19,0,0,0.028,-0.015,-1.001,0.3,-0.6,0
88.5694370000008,0,0,19,0,0,0.028,-0.015,-1.001,0.3,-0.6,0
88.5794370000008,0,0,19,0,0,0.028,-0.015,-1.001,0.3,-0.6,0
88.5894370000008,0,0,19,0,0,0.028,-0.015,-1.001,0.3,-0.6,0
88.5994370000008,0,0,19,0,0,0.028,-0.015,-1.001,0.3,-0.6,0
88.6094370000008,0,0,19,0,0,0.028,-0.015,-1.001,0.3,-0.6,0
88.6194370000008,0,0,19,0,0,0.028,-0.015,-1.001,0.3,-0.6,0
88.6294370000008,0,0,19,0,0,0.028,-0.015,-1.001,0.3,-0.6,0
88.6394370000008,0,0,19,0,0,0.028,-0.015,-1.001,0.3,-0.6,0
88.6494370000008,0,0,19,0,0,0.028,-0.015,-1.001,0.3,-0.6,0
88.6594370000008,0,0.01,19,0,0,0.028,-0.015,-1.001,0.3,-0.6,0
88.6694370000008,0,0.01,19,0,0,0.028,-0.015,-1.001,0.3,-0.6,0
88.6794370000008,0,0.01,19,0,0,0.028,-0.015,-1.001,0.3,-0.6,0
88.6894370000008,0,0.01,19,0,0,0.028,-0.015,-1.001,0.3,-0.6,0
88.6994370000008,0,0.01,19,0,0,0.028,-0.015,-1.001,0.3,-0.6,0
88.7094370000008,0,0.01,19,0,0,0.027,-0.016,-1,0.3,-0.5,0
88.7194370000009,0,0.01,19,0,0,0.027,-0.016,-1,0.3,-0.5,0
88.7294370000008,0,0.01,19,0,0,0.027,-0.016,-1,0.3,-0.5,0
88.7394370000008,0,0.01,19,0,0,0.027,-0.016,-1,0.3,-0.5,0
88.7494370000009,0,0.01,19,0,0,0.027,-0.016,-1,0.3,-0.5,0
88.7594370000009,0,0,19,0,0,0.027,-0.015,-1.001,0.3,-0.6,0.1
88.7694370000009,0,0,19,0,0,0.027,-0.015,-1.001,0.3,-0.6,0.1
88.7794370000009,0,0,19,0,0,0.027,-0.015,-1.001,0.3,-0.6,0.1
88.7894370000009,0,0,19,0,0,0.027,-0.015,-1.001,0.3,-0.6,0.1
88.7994370000009,0,0,19,0,0,0.027,-0.015,-1.001,0.3,-0.6,0.1
88.8094370000009,0,0,19,0,0,0.028,-0.015,-1.001,0.3,-0.6,0
88.8194370000009,0,0,19,0,0,0.028,-0.015,-1.001,0.3,-0.6,0
88.8294370000009,0,0,19,0,0,0.028,-0.015,-1.001,0.3,-0.6,0
88.8394370000009,0,0,19,0,0,0.028,-0.015,-1.001,0.3,-0.6,0
88.8494370000009,0,0,19,0,0,0.028,-0.015,-1.001,0.3,-0.6,0
88.8594370000009,0,0,19,0,0,0.028,-0.016,-1.001,0.3,-0.6,0.1
88.8694370000009,0,0,19,0,0,0.028,-0.016,-1.001,0.3,-0.6,0.1
88.8794370000009,0,0,19,0,0,0.028,-0.016,-1.001,0.3,-0.6,0.1
88.8894370000009,0,0,19,0,0,0.028,-0.016,-1.001,0.3,-0.6,0.1
88.8994370000009,0,0,19,0,0,0.028,-0.016,-1.001,0.3,-0.6,0.1
88.9094370000009,0,0,19,0,0,0.028,-0.014,-1.001,0.3,-0.6,0
88.9194370000009,0,0,19,0,0,0.028,-0.014,-1.001,0.3,-0.6,0
88.9294370000009,0,0,19,0,0,0.028,-0.014,-1.001,0.3,-0.6,0
88.9394370000009,0,0,19,0,0,0.028,-0.014,-1.001,0.3,-0.6,0
88.9494370000009,0,0,19,0,0,0.028,-0.014,-1.001,0.3,-0.6,0
88.9594370000009,0,0,19,0,0,0.028,-0.014,-1.001,0.3,-0.5,0
88.9694370000009,0,0,19,0,0,0.028,-0.014,-1.001,0.3,-0.5,0
88.9794370000009,0,0,19,0,0,0.028,-0.014,-1.001,0.3,-0.5,0
88.9894370000009,0,0,19,0,0,0.028,-0.014,-1.001,0.3,-0.5,0
88.9994370000009,0,0,19,0,0,0.028,-0.014,-1.001,0.3,-0.5,0
89.0094370000009,0,0,19,0,0,0.028,-0.015,-1.002,0.3,-0.6,0
89.0194370000009,0,0,19,0,0,0.028,-0.015,-1.002,0.3,-0.6,0
89.0294370000009,0,0,19,0,0,0.028,-0.015,-1.002,0.3,-0.6,0
89.0394370000009,0,0,19,0,0,0.028,-0.015,-1.002,0.3,-0.6,0
89.0494370000009,0,0,19,0,0,0.028,-0.015,-1.002,0.3,-0.6,0
89.0594370000009,0,0,19,0,0,0.028,-0.015,-1.001,0.2,-0.6,0
89.0694370000009,0,0,19,0,0,0.028,-0.015,-1.001,0.2,-0.6,0
89.0794370000009,0,0,19,0,0,0.028,-0.015,-1.001,0.2,-0.6,0
89.0894370000009,0,0,19,0,0,0.028,-0.015,-1.001,0.2,-0.6,0
89.0994370000009,0,0,19,0,0,0.028,-0.015,-1.001,0.2,-0.6,0
89.1094370000009,0,0,19,0,0,0.027,-0.015,-1,0.3,-0.6,0
89.1194370000009,0,0,19,0,0,0.027,-0.015,-1,0.3,-0.6,0
89.1294370000009,0,0,19,0,0,0.027,-0.015,-1,0.3,-0.6,0
89.1394370000009,0,0,19,0,0,0.027,-0.015,-1,0.3,-0.6,0
89.1494370000009,0,0,19,0,0,0.027,-0.015,-1,0.3,-0.6,0
89.1594370000009,0,0,19,0,0,0.028,-0.014,-1.001,0.2,-0.5,0
89.169437000001,0,0,19,0,0,0.028,-0.014,-1.001,0.2,-0.5,0
89.1794370000009,0,0,19,0,0,0.028,-0.014,-1.001,0.2,-0.5,0
89.189437000001,0,0,19,0,0,0.028,-0.014,-1.001,0.2,-0.5,0
89.199437000001,0,0,19,0,0,0.028,-0.014,-1.001,0.2,-0.5,0
89.209437000001,0,0,19,0,0,0.028,-0.015,-1.002,0.3,-0.6,0.1
89.219437000001,0,0,19,0,0,0.028,-0.015,-1.002,0.3,-0.6,0.1
89.229437000001,0,0,19,0,0,0.028,-0.015,-1.002,0.3,-0.6,0.1
89.239437000001,0,0,19,0,0,0.028,-0.015,-1.002,0.3,-0.6,0.1
89.249437000001,0,0,19,0,0,0.028,-0.015,-1.002,0.3,-0.6,0.1
89.259437000001,0,0,19,0,0,0.028,-0.015,-1.002,0.3,-0.6,0
89.269437000001,0,0,19,0,0,0.028,-0.015,-1.002,0.3,-0.6,0
89.279437000001,0,0,19,0,0,0.028,-0.015,-1.002,0.3,-0.6,0
89.289437000001,0,0,19,0,0,0.028,-0.015,-1.002,0.3,-0.6,0
89.299437000001,0,0,19,0,0,0.028,-0.015,-1.002,0.3,-0.6,0
89.309437000001,0,0,19,0,0,0.027,-0.016,-1.001,0.3,-0.6,0
89.319437000001,0,0,19,0,0,0.027,-0.016,-1.001,0.3,-0.6,0
89.329437000001,0,0,19,0,0,0.027,-0.016,-1.001,0.3,-0.6,0
89.339437000001,0,0,19,0,0,0.027,-0.016,-1.001,0.3,-0.6,0
89.349437000001,0,0,19,0,0,0.027,-0.016,-1.001,0.3,-0.6,0
89.359437000001,0,0,19,0,0,0.027,-0.015,-1.001,0.3,-0.6,0
89.369437000001,0,0,19,0,0,0.027,-0.015,-1.001,0.3,-0.6,0
89.379437000001,0,0,19,0,0,0.027,-0.015,-1.001,0.3,-0.6,0
89.389437000001,0,0,19,0,0,0.027,-0.015,-1.001,0.3,-0.6,0
89.399437000001,0,0,19,0,0,0.027,-0.015,-1.001,0.3,-0.6,0
89.409437000001,0,0,19,0,0,0.028,-0.015,-1.001,0.3,-0.6,0
89.419437000001,0,0,19,0,0,0.028,-0.015,-1.001,0.3,-0.6,0
89.429437000001,0,0,19,0,0,0.028,-0.015,-1.001,0.3,-0.6,0
89.439437000001,0,0,19,0,0,0.028,-0.015,-1.001,0.3,-0.6,0
89.449437000001,0,0,19,0,0,0.028,-0.015,-1.001,0.3,-0.6,0
89.459437000001,0,0,19,0,0,0.028,-0.015,-1.002,0.3,-0.6,0
89.469437000001,0,0,19,0,0,0.028,-0.015,-1.002,0.3,-0.6,0
89.479437000001,0,0,19,0,0,0.028,-0.015,-1.002,0.3,-0.6,0
89.489437000001,0,0,19,0,0,0.028,-0.015,-1.002,0.3,-0.6,0
89.499437000001,0,0,19,0,0,0.028,-0.015,-1.002,0.3,-0.6,0
89.509437000001,0,0,19,0,0,0.028,-0.015,-1.002,0.3,-0.6,0
89.519437000001,0,0,19,0,0,0.028,-0.015,-1.002,0.3,-0.6,0
89.529437000001,0,0,19,0,0,0.028,-0.015,-1.002,0.3,-0.6,0
89.539437000001,0,0,19,0,0,0.028,-0.015,-1.002,0.3,-0.6,0
89.549437000001,0,0,19,0,0,0.028,-0.015,-1.002,0.3,-0.6,0
89.559437000001,0,0,19,0,0,0.029,-0.016,-1.002,0.3,-0.6,0
89.569437000001,0,0,19,0,0,0.029,-0.016,-1.002,0.3,-0.6,0
89.579437000001,0,0,19,0,0,0.029,-0.016,-1.002,0.3,-0.6,0
89.589437000001,0,0,19,0,0,0.029,-0.016,-1.002,0.3,-0.6,0
89.599437000001,0,0,19,0,0,0.029,-0.016,-1.002,0.3,-0.6,0
89.6094370000011,0,0,19,0,0,0.029,-0.015,-1.003,0.3,-0.6,0
89.6194370000011,0,0,19,0,0,0.029,-0.015,-1.003,0.3,-0.6,0
89.629437000001,0,0,19,0,0,0.029,-0.015,-1.003,0.3,-0.6,0
89.6394370000011,0,0,19,0,0,0.029,-0.015,-1.003,0.3,-0.6,0
89.6494370000011,0,0,19,0,0,0.029,-0.015,-1.003,0.3,-0.6,0
89.6594370000011,0,0,19,0,0,0.028,-0.016,-1.002,0.3,-0.6,0
89.6694370000011,0,0,19,0,0,0.028,-0.016,-1.002,0.3,-0.6,0
89.6794370000011,0,0,19,0,0,0.028,-0.016,-1.002,0.3,-0.6,0
89.6894370000011,0,0,19,0,0,0.028,-0.016,-1.002,0.3,-0.6,0
89.6994370000011,0,0,19,0,0,0.028,-0.016,-1.002,0.3,-0.6,0
89.7094370000011,0,0,19,0,0,0.028,-0.015,-1.002,0.3,-0.5,0.1
89.7194370000011,0,0,19,0,0,0.028,-0.015,-1.002,0.3,-0.5,0.1
89.7294370000011,0,0,19,0,0,0.028,-0.015,-1.002,0.3,-0.5,0.1
89.7394370000011,0,0,19,0,0,0.028,-0.015,-1.002,0.3,-0.5,0.1
89.7494370000011,0,0,19,0,0,0.028,-0.015,-1.002,0.3,-0.5,0.1
89.7594370000011,0,0,19,0,0,0.028,-0.015,-1.001,0.3,-0.6,0
89.7694370000011,0,0,19,0,0,0.028,-0.015,-1.001,0.3,-0.6,0
89.7794370000011,0,0,19,0,0,0.028,-0.015,-1.001,0.3,-0.6,0
89.7894370000011,0,0,19,0,0,0.028,-0.015,-1.001,0.3,-0.6,0
89.7994370000011,0,0,19,0,0,0.028,-0.015,-1.001,0.3,-0.6,0
89.8094370000011,0,0,19,0,0,0.029,-0.015,-1.002,0.3,-0.5,0
89.8194370000011,0,0,19,0,0,0.029,-0.015,-1.002,0.3,-0.5,0
89.8294370000011,0,0,19,0,0,0.029,-0.015,-1.002,0.3,-0.5,0
89.8394370000011,0,0,19,0,0,0.029,-0.015,-1.002,0.3,-0.5,0
89.8494370000011,0,0,19,0,0,0.029,-0.015,-1.002,0.3,-0.5,0
89.8594370000011,0,0,19,0,0,0.029,-0.015,-1.001,0.3,-0.6,0
89.8694370000011,0,0,19,0,0,0.029,-0.015,-1.001,0.3,-0.6,0
89.8794370000011,0,0,19,0,0,0.029,-0.015,-1.001,0.3,-0.6,0
89.8894370000011,0,0,19,0,0,0.029,-0.015,-1.001,0.3,-0.6,0
89.8994370000011,0,0,19,0,0,0.029,-0.015,-1.001,0.3,-0.6,0
89.9094370000011,0,0,19,0,0,0.027,-0.015,-1.001,0.4,-0.6,0
89.9194370000011,0,0,19,0,0,0.027,-0.015,-1.001,0.4,-0.6,0
89.9294370000011,0,0,19,0,0,0.027,-0.015,-1.001,0.4,-0.6,0
89.9394370000011,0,0,19,0,0,0.027,-0.015,-1.001,0.4,-0.6,0
89.9494370000011,0,0,19,0,0,0.027,-0.015,-1.001,0.4,-0.6,0
89.9594370000011,0,0,19,0,0,0.027,-0.015,-1,0.3,-0.6,0
89.9694370000011,0,0,19,0,0,0.027,-0.015,-1,0.3,-0.6,0
89.9794370000011,0,0,19,0,0,0.027,-0.015,-1,0.3,-0.6,0
89.9894370000011,0,0,19,0,0,0.027,-0.015,-1,0.3,-0.6,0
89.9994370000011,0,0,19,0,0,0.027,-0.015,-1,0.3,-0.6,0
90.0094370000011,0,0,19,0,0,0.029,-0.015,-1.002,0.3,-0.5,0
90.0194370000011,0,0,19,0,0,0.029,-0.015,-1.002,0.3,-0.5,0
90.0294370000011,0,0,19,0,0,0.029,-0.015,-1.002,0.3,-0.5,0
90.0394370000011,0,0,19,0,0,0.029,-0.015,-1.002,0.3,-0.5,0
90.0494370000011,0,0,19,0,0,0.029,-0.015,-1.002,0.3,-0.5,0
90.0594370000012,0,0,19,0,0,0.028,-0.015,-1.001,0.3,-0.5,0
90.0694370000012,0,0,19,0,0,0.028,-0.015,-1.001,0.3,-0.5,0
90.0794370000011,0,0,19,0,0,0.028,-0.015,-1.001,0.3,-0.5,0
90.0894370000012,0,0,19,0,0,0.028,-0.015,-1.001,0.3,-0.5,0
90.0994370000012,0,0,19,0,0,0.028,-0.015,-1.001,0.3,-0.5,0
90.1094370000012,0,0,19,0,0,0.028,-0.014,-1.001,0.3,-0.6,0
90.1194370000012,0,0,19,0,0,0.028,-0.014,-1.001,0.3,-0.6,0
90.1294370000012,0,0,19,0,0,0.028,-0.014,-1.001,0.3,-0.6,0
90.1394370000012,0,0,19,0,0,0.028,-0.014,-1.001,0.3,-0.6,0
90.1494370000012,0,0,19,0,0,0.028,-0.014,-1.001,0.3,-0.6,0
90.1594370000012,0,0,19,0,0,0.029,-0.017,-1.001,0.3,-0.6,0
90.1694370000012,0,0,19,0,0,0.029,-0.017,-1.001,0.3,-0.6,0
90.1794370000012,0,0,19,0,0,0.029,-0.017,-1.001,0.3,-0.6,0
90.1894370000012,0,0,19,0,0,0.029,-0.017,-1.001,0.3,-0.6,0
90.1994370000012,0,0,19,0,0,0.029,-0.017,-1.001,0.3,-0.6,0
90.2094370000012,0,0,19,0,0,0.027,-0.014,-1,0.3,-0.6,0
90.2194370000012,0,0,19,0,0,0.027,-0.014,-1,0.3,-0.6,0
90.2294370000012,0,0,19,0,0,0.027,-0.014,-1,0.3,-0.6,0
90.2394370000012,0,0,19,0,0,0.027,-0.014,-1,0.3,-0.6,0
90.2494370000012,0,0,19,0,0,0.027,-0.014,-1,0.3,-0.6,0
90.2594370000012,0,0.01,19,0,0,0.027,-0.014,-1.001,0.3,-0.6,0
90.2694370000012,0,0.01,19,0,0,0.027,-0.014,-1.001,0.3,-0.6,0
90.2794370000012,0,0.01,19,0,0,0.027,-0.014,-1.001,0.3,-0.6,0
90.2894370000012,0,0.01,19,0,0,0.027,-0.014,-1.001,0.3,-0.6,0
90.2994370000012,0,0.01,19,0,0,0.027,-0.014,-1.001,0.3,-0.6,0
90.3094370000012,0,0,19,0,0,0.028,-0.015,-1.001,0.2,-0.6,0
90.3194370000012,0,0,19,0,0,0.028,-0.015,-1.001,0.2,-0.6,0
90.3294370000012,0,0,19,0,0,0.028,-0.015,-1.001,0.2,-0.6,0
90.3394370000012,0,0,19,0,0,0.028,-0.015,-1.001,0.2,-0.6,0
90.3494370000012,0,0,19,0,0,0.028,-0.015,-1.001,0.2,-0.6,0
90.3594370000012,0,0.01,19,0,0,0.028,-0.014,-1,0.2,-0.6,0
90.3694370000012,0,0.01,19,0,0,0.028,-0.014,-1,0.2,-0.6,0
90.3794370000012,0,0.01,19,0,0,0.028,-0.014,-1,0.2,-0.6,0
90.3894370000012,0,0.01,19,0,0,0.028,-0.014,-1,0.2,-0.6,0
90.3994370000012,0,0.01,19,0,0,0.028,-0.014,-1,0.2,-0.6,0
90.4094370000012,0,0,19,0,0,0.029,-0.015,-1.001,0.3,-0.6,0.1
90.4194370000012,0,0,19,0,0,0.029,-0.015,-1.001,0.3,-0.6,0.1
90.4294370000012,0,0,19,0,0,0.029,-0.015,-1.001,0.3,-0.6,0.1
90.4394370000012,0,0,19,0,0,0.029,-0.015,-1.001,0.3,-0.6,0.1
90.4494370000012,0,0,19,0,0,0.029,-0.015,-1.001,0.3,-0.6,0.1
90.4594370000012,0,0,19,0,0,0.028,-0.015,-1,0.3,-0.5,0
90.4694370000012,0,0,19,0,0,0.028,-0.015,-1,0.3,-0.5,0
90.4794370000012,0,0,19,0,0,0.028,-0.015,-1,0.3,-0.5,0
90.4894370000012,0,0,19,0,0,0.028,-0.015,-1,0.3,-0.5,0
90.4994370000013,0,0,19,0,0,0.028,-0.015,-1,0.3,-0.5,0
90.5094370000013,0,0,19,0,0,0.028,-0.015,-1.002,0.3,-0.6,0.1
90.5194370000013,0,0,19,0,0,0.028,-0.015,-1.002,0.3,-0.6,0.1
90.5294370000013,0,0,19,0,0,0.028,-0.015,-1.002,0.3,-0.6,0.1
90.5394370000013,0,0,19,0,0,0.028,-0.015,-1.002,0.3,-0.6,0.1
90.5494370000013,0,0,19,0,0,0.028,-0.015,-1.002,0.3,-0.6,0.1
90.5594370000013,0,0.01,19,0,0,0.028,-0.015,-1.001,0.3,-0.6,0
90.5694370000013,0,0.01,19,0,0,0.028,-0.015,-1.001,0.3,-0.6,0
90.5794370000013,0,0.01,19,0,0,0.028,-0.015,-1.001,0.3,-0.6,0
90.5894370000013,0,0.01,19,0,0,0.028,-0.015,-1.001,0.3,-0.6,0
90.5994370000013,0,0.01,19,0,0,0.028,-0.015,-1.001,0.3,-0.6,0
90.6094370000013,0,0.01,19,0,0,0.029,-0.015,-1,0.3,-0.6,0
90.6194370000013,0,0.01,19,0,0,0.029,-0.015,-1,0.3,-0.6,0
90.6294370000013,0,0.01,19,0,0,0.029,-0.015,-1,0.3,-0.6,0
90.6394370000013,0,0.01,19,0,0,0.029,-0.015,-1,0.3,-0.6,0
90.6494370000013,0,0.01,19,0,0,0.029,-0.015,-1,0.3,-0.6,0
90.6594370000013,0,0,19,0,0,0.029,-0.015,-1.001,0.3,-0.6,0
90.6694370000013,0,0,19,0,0,0.029,-0.015,-1.001,0.3,-0.6,0
90.6794370000013,0,0,19,0,0,0.029,-0.015,-1.001,0.3,-0.6,0
90.6894370000013,0,0,19,0,0,0.029,-0.015,-1.001,0.3,-0.6,0
90.6994370000013,0,0,19,0,0,0.029,-0.015,-1.001,0.3,-0.6,0
90.7094370000013,0,0.01,19,0,0,0.027,-0.015,-1.001,0.3,-0.6,0
90.7194370000013,0,0.01,19,0,0,0.027,-0.015,-1.001,0.3,-0.6,0
90.7294370000013,0,0.01,19,0,0,0.027,-0.015,-1.001,0.3,-0.6,0
90.7394370000013,0,0.01,19,0,0,0.027,-0.015,-1.001,0.3,-0.6,0
90.7494370000013,0,0.01,19,0,0,0.027,-0.015,-1.001,0.3,-0.6,0
90.7594370000013,0,0,19,0,0,0.028,-0.014,-1.001,0.3,-0.6,0
90.7694370000013,0,0,19,0,0,0.028,-0.014,-1.001,0.3,-0.6,0
90.7794370000013,0,0,19,0,0,0.028,-0.014,-1.001,0.3,-0.6,0
90.7894370000013,0,0,19,0,0,0.028,-0.014,-1.001,0.3,-0.6,0
90.7994370000013,0,0,19,0,0,0.028,-0.014,-1.001,0.3,-0.6,0
90.8094370000013,0,0,19,0,0,0.028,-0.015,-1.001,0.3,-0.6,0
90.8194370000013,0,0,19,0,0,0.028,-0.015,-1.001,0.3,-0.6,0
90.8294370000013,0,0,19,0,0,0.028,-0.015,-1.001,0.3,-0.6,0
90.8394370000013,0,0,19,0,0,0.028,-0.015,-1.001,0.3,-0.6,0
90.8494370000013,0,0,19,0,0,0.028,-0.015,-1.001,0.3,-0.6,0
90.8594370000013,0,0.01,19,0,0,0.028,-0.015,-1.001,0.3,-0.6,0
90.8694370000013,0,0.01,19,0,0,0.028,-0.015,-1.001,0.3,-0.6,0
90.8794370000013,0,0.01,19,0,0,0.028,-0.015,-1.001,0.3,-0.6,0
90.8894370000013,0,0.01,19,0,0,0.028,-0.015,-1.001,0.3,-0.6,0
90.8994370000013,0,0.01,19,0,0,0.028,-0.015,-1.001,0.3,-0.6,0
90.9094370000013,0,0.01,19,0,0,0.029,-0.015,-1.001,0.3,-0.6,0
90.9194370000014,0,0.01,19,0,0,0.029,-0.015,-1.001,0.3,-0.6,0
90.9294370000013,0,0.01,19,0,0,0.029,-0.015,-1.001,0.3,-0.6,0
90.9394370000013,0,0.01,19,0,0,0.029,-0.015,-1.001,0.3,-0.6,0
90.9494370000014,0,0.01,19,0,0,0.029,-0.015,-1.001,0.3,-0.6,0
90.9594370000014,0,0.01,19,0,0,0.027,-0.014,-1.001,0.3,-0.6,0
90.9694370000014,0,0.01,19,0,0,0.027,-0.014,-1.001,0.3,-0.6,0
90.9794370000014,0,0.01,19,0,0,0.027,-0.014,-1.001,0.3,-0.6,0
90.9894370000014,0,0.01,19,0,0,0.027,-0.014,-1.001,0.3,-0.6,0
90.9994370000014,0,0.01,19,0,0,0.027,-0.014,-1.001,0.3,-0.6,0
91.0094370000014,0,0,19,0,0,0.028,-0.015,-1.001,0.3,-0.5,0
91.0194370000014,0,0,19,0,0,0.028,-0.015,-1.001,0.3,-0.5,0
91.0294370000014,0,0,19,0,0,0.028,-0.015,-1.001,0.3,-0.5,0
91.0394370000014,0,0,19,0,0,0.028,-0.015,-1.001,0.3,-0.5,0
91.0494370000014,0,0,19,0,0,0.028,-0.015,-1.001,0.3,-0.5,0
91.0594370000014,0,0,19,0,0,0.028,-0.015,-1,0.3,-0.5,0.1
91.0694370000014,0,0,19,0,0,0.028,-0.015,-1,0.3,-0.5,0.1
91.0794370000014,0,0,19,0,0,0.028,-0.015,-1,0.3,-0.5,0.1
91.0894370000014,0,0,19,0,0,0.028,-0.015,-1,0.3,-0.5,0.1
91.0994370000014,0,0,19,0,0,0.028,-0.015,-1,0.3,-0.5,0.1
91.1094370000014,0,0,19,0,0,0.028,-0.015,-1.001,0.3,-0.6,0
91.1194370000014,0,0,19,0,0,0.028,-0.015,-1.001,0.3,-0.6,0
91.1294370000014,0,0,19,0,0,0.028,-0.015,-1.001,0.3,-0.6,0
91.1394370000014,0,0,19,0,0,0.028,-0.015,-1.001,0.3,-0.6,0
91.1494370000014,0,0,19,0,0,0.028,-0.015,-1.001,0.3,-0.6,0
91.1594370000014,0,0,19,0,0,0.028,-0.016,-1,0.3,-0.6,0
91.1694370000014,0,0,19,0,0,0.028,-0.016,-1,0.3,-0.6,0
91.1794370000014,0,0,19,0,0,0.028,-0.016,-1,0.3,-0.6,0
91.1894370000014,0,0,19,0,0,0.028,-0.016,-1,0.3,-0.6,0
91.1994370000014,0,0,19,0,0,0.028,-0.016,-1,0.3,-0.6,0
91.2094370000014,0,0,19,0,0,0.028,-0.015,-1.001,0.3,-0.5,0
91.2194370000014,0,0,19,0,0,0.028,-0.015,-1.001,0.3,-0.5,0
91.2294370000014,0,0,19,0,0,0.028,-0.015,-1.001,0.3,-0.5,0
91.2394370000014,0,0,19,0,0,0.028,-0.015,-1.001,0.3,-0.5,0
91.2494370000014,0,0,19,0,0,0.028,-0.015,-1.001,0.3,-0.5,0
91.2594370000014,0,0,19,0,0,0.028,-0.016,-1.001,0.3,-0.5,0
91.2694370000014,0,0,19,0,0,0.028,-0.016,-1.001,0.3,-0.5,0
91.2794370000014,0,0,19,0,0,0.028,-0.016,-1.001,0.3,-0.5,0
91.2894370000014,0,0,19,0,0,0.028,-0.016,-1.001,0.3,-0.5,0
91.2994370000014,0,0,19,0,0,0.028,-0.016,-1.001,0.3,-0.5,0
91.3094370000014,0,0.01,19,0,0,0.028,-0.014,-1.002,0.3,-0.5,0
91.3194370000014,0,0.01,19,0,0,0.028,-0.014,-1.002,0.3,-0.5,0
91.3294370000014,0,0.01,19,0,0,0.028,-0.014,-1.002,0.3,-0.5,0
91.3394370000014,0,0.01,19,0,0,0.028,-0.014,-1.002,0.3,-0.5,0
91.3494370000014,0,0.01,19,0,0,0.028,-0.014,-1.002,0.3,-0.5,0
91.3594370000014,0,0,19,0,0,0.028,-0.015,-1.002,0.3,-0.6,0
91.3694370000015,0,0,19,0,0,0.028,-0.015,-1.002,0.3,-0.6,0
91.3794370000014,0,0,19,0,0,0.028,-0.015,-1.002,0.3,-0.6,0
91.3894370000015,0,0,19,0,0,0.028,-0.015,-1.002,0.3,-0.6,0
91.3994370000015,0,0,19,0,0,0.028,-0.015,-1.002,0.3,-0.6,0
91.4094370000015,0,0,19,0,0,0.028,-0.017,-1.001,0.3,-0.5,0
91.4194370000015,0,0,19,0,0,0.028,-0.017,-1.001,0.3,-0.5,0
91.4294370000015,0,0,19,0,0,0.028,-0.017,-1.001,0.3,-0.5,0
91.4394370000015,0,0,19,0,0,0.028,-0.017,-1.001,0.3,-0.5,0
91.4494370000015,0,0,19,0,0,0.028,-0.017,-1.001,0.3,-0.5,0
91.4594370000015,0,0,19,0,0,0.029,-0.015,-1.001,0.3,-0.6,0
91.4694370000015,0,0,19,0,0,0.029,-0.015,-1.001,0.3,-0.6,0
91.4794370000015,0,0,19,0,0,0.029,-0.015,-1.001,0.3,-0.6,0
91.4894370000015,0,0,19,0,0,0.029,-0.015,-1.001,0.3,-0.6,0
91.4994370000015,0,0,19,0,0,0.029,-0.015,-1.001,0.3,-0.6,0
91.5094370000015,0,0,19,0,0,0.028,-0.015,-1,0.3,-0.5,0
91.5194370000015,0,0,19,0,0,0.028,-0.015,-1,0.3,-0.5,0
91.5294370000015,0,0,19,0,0,0.028,-0.015,-1,0.3,-0.5,0
91.5394370000015,0,0,19,0,0,0.028,-0.015,-1,0.3,-0.5,0
91.5494370000015,0,0,19,0,0,0.028,-0.015,-1,0.3,-0.5,0
91.5594370000015,0,0,19,0,0,0.029,-0.016,-1.001,0.2,-0.6,0
91.5694370000015,0,0,19,0,0,0.029,-0.016,-1.001,0.2,-0.6,0
91.5794370000015,0,0,19,0,0,0.029,-0.016,-1.001,0.2,-0.6,0
91.5894370000015,0,0,19,0,0,0.029,-0.016,-1.001,0.2,-0.6,0
91.5994370000015,0,0,19,0,0,0.029,-0.016,-1.001,0.2,-0.6,0
91.6094370000015,0,0,19,0,0,0.029,-0.015,-1.001,0.2,-0.5,0
91.6194370000015,0,0,19,0,0,0.029,-0.015,-1.001,0.2,-0.5,0
91.6294370000015,0,0,19,0,0,0.029,-0.015,-1.001,0.2,-0.5,0
91.6394370000015,0,0,19,0,0,0.029,-0.015,-1.001,0.2,-0.5,0
91.6494370000015,0,0,19,0,0,0.029,-0.015,-1.001,0.2,-0.5,0
91.6594370000015,0,0,19,0,0,0.027,-0.015,-1.001,0.2,-0.6,0
91.6694370000015,0,0,19,0,0,0.027,-0.015,-1.001,0.2,-0.6,0
91.6794370000015,0,0,19,0,0,0.027,-0.015,-1.001,0.2,-0.6,0
91.6894370000015,0,0,19,0,0,0.027,-0.015,-1.001,0.2,-0.6,0
91.6994370000015,0,0,19,0,0,0.027,-0.015,-1.001,0.2,-0.6,0
91.7094370000015,0,0,19,0,0,0.028,-0.015,-1.001,0.3,-0.6,0
91.7194370000015,0,0,19,0,0,0.028,-0.015,-1.001,0.3,-0.6,0
91.7294370000015,0,0,19,0,0,0.028,-0.015,-1.001,0.3,-0.6,0
91.7394370000015,0,0,19,0,0,0.028,-0.015,-1.001,0.3,-0.6,0
91.7494370000015,0,0,19,0,0,0.028,-0.015,-1.001,0.3,-0.6,0
91.7594370000015,0,0,19,0,0,0.028,-0.015,-1.002,0.3,-0.5,0
91.7694370000015,0,0,19,0,0,0.028,-0.015,-1.002,0.3,-0.5,0
91.7794370000015,0,0,19,0,0,0.028,-0.015,-1.002,0.3,-0.5,0
91.7894370000015,0,0,19,0,0,0.028,-0.015,-1.002,0.3,-0.5,0
91.7994370000015,0,0,19,0,0,0.028,-0.015,-1.002,0.3,-0.5,0
91.8094370000016,0,0,19,0,0,0.028,-0.015,-1.002,0.3,-0.5,0.1
91.8194370000016,0,0,19,0,0,0.028,-0.015,-1.002,0.3,-0.5,0.1
91.8294370000015,0,0,19,0,0,0.028,-0.015,-1.002,0.3,-0.5,0.1
91.8394370000016,0,0,19,0,0,0.028,-0.015,-1.002,0.3,-0.5,0.1
91.8494370000016,0,0,19,0,0,0.028,-0.015,-1.002,0.3,-0.5,0.1
91.8594370000016,0,0,19,0,0,0.028,-0.015,-1.001,0.3,-0.6,0
91.8694370000016,0,0,19,0,0,0.028,-0.015,-1.001,0.3,-0.6,0
91.8794370000016,0,0,19,0,0,0.028,-0.015,-1.001,0.3,-0.6,0
91.8894370000016,0,0,19,0,0,0.028,-0.015,-1.001,0.3,-0.6,0
91.8994370000016,0,0,19,0,0,0.028,-0.015,-1.001,0.3,-0.6,0
91.9094370000016,0,0,19,0,0,0.028,-0.015,-1.001,0.3,-0.6,0
91.9194370000016,0,0,19,0,0,0.028,-0.015,-1.001,0.3,-0.6,0
91.9294370000016,0,0,19,0,0,0.028,-0.015,-1.001,0.3,-0.6,0
91.9394370000016,0,0,19,0,0,0.028,-0.015,-1.001,0.3,-0.6,0
91.9494370000016,0,0,19,0,0,0.028,-0.015,-1.001,0.3,-0.6,0
91.9594370000016,0,0,19,0,0,0.028,-0.015,-1.003,0.3,-0.6,0
91.9694370000016,0,0,19,0,0,0.028,-0.015,-1.003,0.3,-0.6,0
91.9794370000016,0,0,19,0,0,0.028,-0.015,-1.003,0.3,-0.6,0
91.9894370000016,0,0,19,0,0,0.028,-0.015,-1.003,0.3,-0.6,0
91.9994370000016,0,0,19,0,0,0.028,-0.015,-1.003,0.3,-0.6,0
92.0094370000016,0,0,19,0,0,0.029,-0.015,-1.001,0.3,-0.6,0
92.0194370000016,0,0,19,0,0,0.029,-0.015,-1.001,0.3,-0.6,0
92.0294370000016,0,0,19,0,0,0.029,-0.015,-1.001,0.3,-0.6,0
92.0394370000016,0,0,19,0,0,0.029,-0.015,-1.001,0.3,-0.6,0
92.0494370000016,0,0,19,0,0,0.029,-0.015,-1.001,0.3,-0.6,0
92.0594370000016,0,0,19,0,0,0.028,-0.015,-1.001,0.4,-0.6,0
92.0694370000016,0,0,19,0,0,0.028,-0.015,-1.001,0.4,-0.6,0
92.0794370000016,0,0,19,0,0,0.028,-0.015,-1.001,0.4,-0.6,0
92.0894370000016,0,0,19,0,0,0.028,-0.015,-1.001,0.4,-0.6,0
92.0994370000016,0,0,19,0,0,0.028,-0.015,-1.001,0.4,-0.6,0
92.1094370000016,0,0,19,0,0,0.029,-0.015,-1.002,0.2,-0.6,0
92.1194370000016,0,0,19,0,0,0.029,-0.015,-1.002,0.2,-0.6,0
92.1294370000016,0,0,19,0,0,0.029,-0.015,-1.002,0.2,-0.6,0
92.1394370000016,0,0,19,0,0,0.029,-0.015,-1.002,0.2,-0.6,0
92.1494370000016,0,0,19,0,0,0.029,-0.015,-1.002,0.2,-0.6,0
92.1594370000016,0,0,19,0,0,0.028,-0.015,-1,0.3,-0.6,0
92.1694370000016,0,0,19,0,0,0.028,-0.015,-1,0.3,-0.6,0
92.1794370000016,0,0,19,0,0,0.028,-0.015,-1,0.3,-0.6,0
92.1894370000016,0,0,19,0,0,0.028,-0.015,-1,0.3,-0.6,0
92.1994370000016,0,0,19,0,0,0.028,-0.015,-1,0.3,-0.6,0
92.2094370000016,0,0,19,0,0,0.028,-0.014,-1,0.3,-0.5,0
92.2194370000016,0,0,19,0,0,0.028,-0.014,-1,0.3,-0.5,0
92.2294370000016,0,0,19,0,0,0.028,-0.014,-1,0.3,-0.5,0
92.2394370000016,0,0,19,0,0,0.028,-0.014,-1,0.3,-0.5,0
92.2494370000016,0,0,19,0,0,0.028,-0.014,-1,0.3,-0.5,0
92.2594370000017,0,0,19,0,0,0.028,-0.016,-1.002,0.3,-0.6,0
92.2694370000017,0,0,19,0,0,0.028,-0.016,-1.002,0.3,-0.6,0
92.2794370000016,0,0,19,0,0,0.028,-0.016,-1.002,0.3,-0.6,0
92.2894370000017,0,0,19,0,0,0.028,-0.016,-1.002,0.3,-0.6,0
92.2994370000017,0,0,19,0,0,0.028,-0.016,-1.002,0.3,-0.6,0
92.3094370000017,0,0,19,0,0,0.028,-0.015,-1,0.3,-0.6,0.1
92.3194370000017,0,0,19,0,0,0.028,-0.015,-1,0.3,-0.6,0.1
92.3294370000017,0,0,19,0,0,0.028,-0.015,-1,0.3,-0.6,0.1
92.3394370000017,0,0,19,0,0,0.028,-0.015,-1,0.3,-0.6,0.1
92.3494370000017,0,0,19,0,0,0.028,-0.015,-1,0.3,-0.6,0.1
92.3594370000017,0,0,19,0,0,0.028,-0.015,-1.001,0.2,-0.5,0
92.3694370000017,0,0,19,0,0,0.028,-0.015,-1.001,0.2,-0.5,0
92.3794370000017,0,0,19,0,0,0.028,-0.015,-1.001,0.2,-0.5,0
92.3894370000017,0,0,19,0,0,0.028,-0.015,-1.001,0.2,-0.5,0
92.3994370000017,0,0,19,0,0,0.028,-0.015,-1.001,0.2,-0.5,0
92.4094370000017,0,0,19,0,0,0.028,-0.014,-1.001,0.3,-0.6,0
92.4194370000017,0,0,19,0,0,0.028,-0.014,-1.001,0.3,-0.6,0
92.4294370000017,0,0,19,0,0,0.028,-0.014,-1.001,0.3,-0.6,0
92.4394370000017,0,0,19,0,0,0.028,-0.014,-1.001,0.3,-0.6,0
92.4494370000017,0,0,19,0,0,0.028,-0.014,-1.001,0.3,-0.6,0
92.4594370000017,0,0,19,0,0,0.028,-0.015,-1.001,0.3,-0.6,0
92.4694370000017,0,0,19,0,0,0.028,-0.015,-1.001,0.3,-0.6,0
92.4794370000017,0,0,19,0,0,0.028,-0.015,-1.001,0.3,-0.6,0
92.4894370000017,0,0,19,0,0,0.028,-0.015,-1.001,0.3,-0.6,0
92.4994370000017,0,0,19,0,0,0.028,-0.015,-1.001,0.3,-0.6,0
92.5094370000017,0,0,19,0,0,0.028,-0.014,-1.002,0.3,-0.6,0
92.5194370000017,0,0,19,0,0,0.028,-0.014,-1.002,0.3,-0.6,0
92.5294370000017,0,0,19,0,0,0.028,-0.014,-1.002,0.3,-0.6,0
92.5394370000017,0,0,19,0,0,0.028,-0.014,-1.002,0.3,-0.6,0
92.5494370000017,0,0,19,0,0,0.028,-0.014,-1.002,0.3,-0.6,0
92.5594370000017,0,0.01,19,0,0,0.028,-0.015,-1.001,0.3,-0.5,0
92.5694370000017,0,0.01,19,0,0,0.028,-0.015,-1.001,0.3,-0.5,0
92.5794370000017,0,0.01,19,0,0,0.028,-0.015,-1.001,0.3,-0.5,0
92.5894370000017,0,0.01,19,0,0,0.028,-0.015,-1.001,0.3,-0.5,0
92.5994370000017,0,0.01,19,0,0,0.028,-0.015,-1.001,0.3,-0.5,0
92.6094370000017,0,0,19,0,0,0.028,-0.015,-1.002,0.3,-0.5,0
92.6194370000017,0,0,19,0,0,0.028,-0.015,-1.002,0.3,-0.5,0
92.6294370000017,0,0,19,0,0,0.028,-0.015,-1.002,0.3,-0.5,0
92.6394370000017,0,0,19,0,0,0.028,-0.015,-1.002,0.3,-0.5,0
92.6494370000017,0,0,19,0,0,0.028,-0.015,-1.002,0.3,-0.5,0
92.6594370000017,0,0,19,0,0,0.028,-0.016,-1,0.3,-0.6,0
92.6694370000017,0,0,19,0,0,0.028,-0.016,-1,0.3,-0.6,0
92.6794370000017,0,0,19,0,0,0.028,-0.016,-1,0.3,-0.6,0
92.6894370000017,0,0,19,0,0,0.028,-0.016,-1,0.3,-0.6,0
92.6994370000018,0,0,19,0,0,0.028,-0.016,-1,0.3,-0.6,0
92.7094370000018,0,0,19,0,0,0.027,-0.015,-1.001,0.4,-0.6,0
92.7194370000018,0,0,19,0,0,0.027,-0.015,-1.001,0.4,-0.6,0
92.7294370000018,0,0,19,0,0,0.027,-0.015,-1.001,0.4,-0.6,0
92.7394370000018,0,0,19,0,0,0.027,-0.015,-1.001,0.4,-0.6,0
92.7494370000018,0,0,19,0,0,0.027,-0.015,-1.001,0.4,-0.6,0
92.7594370000018,0,0,19,0,0,0.028,-0.015,-1.002,0.2,-0.6,0
92.7694370000018,0,0,19,0,0,0.028,-0.015,-1.002,0.2,-0.6,0
92.7794370000018,0,0,19,0,0,0.028,-0.015,-1.002,0.2,-0.6,0
92.7894370000018,0,0,19,0,0,0.028,-0.015,-1.002,0.2,-0.6,0
92.7994370000018,0,0,19,0,0,0.028,-0.015,-1.002,0.2,-0.6,0
92.8094370000018,0,0,19,0,0,0.028,-0.015,-1.002,0.4,-0.6,0.1
92.8194370000018,0,0,19,0,0,0.028,-0.015,-1.002,0.4,-0.6,0.1
92.8294370000018,0,0,19,0,0,0.028,-0.015,-1.002,0.4,-0.6,0.1
92.8394370000018,0,0,19,0,0,0.028,-0.015,-1.002,0.4,-0.6,0.1
92.8494370000018,0,0,19,0,0,0.028,-0.015,-1.002,0.4,-0.6,0.1
92.8594370000018,0,0,19,0,0,0.028,-0.014,-1.002,0.3,-0.6,0
92.8694370000018,0,0,19,0,0,0.028,-0.014,-1.002,0.3,-0.6,0
92.8794370000018,0,0,19,0,0,0.028,-0.014,-1.002,0.3,-0.6,0
92.8894370000018,0,0,19,0,0,0.028,-0.014,-1.002,0.3,-0.6,0
92.8994370000018,0,0,19,0,0,0.028,-0.014,-1.002,0.3,-0.6,0
92.9094370000018,0,0.01,19,0,0,0.028,-0.015,-1.003,0.3,-0.6,0
92.9194370000018,0,0.01,19,0,0,0.028,-0.015,-1.003,0.3,-0.6,0
92.9294370000018,0,0.01,19,0,0,0.028,-0.015,-1.003,0.3,-0.6,0
92.9394370000018,0,0.01,19,0,0,0.028,-0.015,-1.003,0.3,-0.6,0
92.9494370000018,0,0.01,19,0,0,0.028,-0.015,-1.003,0.3,-0.6,0
92.9594370000018,0,0,19,0,0,0.029,-0.015,-1.002,0.3,-0.6,0
92.9694370000018,0,0,19,0,0,0.029,-0.015,-1.002,0.3,-0.6,0
92.9794370000018,0,0,19,0,0,0.029,-0.015,-1.002,0.3,-0.6,0
92.9894370000018,0,0,19,0,0,0.029,-0.015,-1.002,0.3,-0.6,0
92.9994370000018,0,0,19,0,0,0.029,-0.015,-1.002,0.3,-0.6,0
93.0094370000018,0,0,19,0,0,0.029,-0.015,-1.001,0.3,-0.5,0
93.0194370000018,0,0,19,0,0,0.029,-0.015,-1.001,0.3,-0.5,0
93.0294370000018,0,0,19,0,0,0.029,-0.015,-1.001,0.3,-0.5,0
93.0394370000018,0,0,19,0,0,0.029,-0.015,-1.001,0.3,-0.5,0
93.0494370000018,0,0,19,0,0,0.029,-0.015,-1.001,0.3,-0.5,0
93.0594370000018,0,0,19,0,0,0.027,-0.015,-1.002,0.3,-0.6,0
93.0694370000018,0,0,19,0,0,0.027,-0.015,-1.002,0.3,-0.6,0
93.0794370000018,0,0,19,0,0,0.027,-0.015,-1.002,0.3,-0.6,0
93.0894370000018,0,0,19,0,0,0.027,-0.015,-1.002,0.3,-0.6,0
93.0994370000018,0,0,19,0,0,0.027,-0.015,-1.002,0.3,-0.6,0
93.1094370000018,0,0,19,0,0,0.028,-0.015,-1.002,0.3,-0.6,0.1
93.1194370000019,0,0,19,0,0,0.028,-0.015,-1.002,0.3,-0.6,0.1
93.1294370000018,0,0,19,0,0,0.028,-0.015,-1.002,0.3,-0.6,0.1
93.1394370000018,0,0,19,0,0,0.028,-0.015,-1.002,0.3,-0.6,0.1
93.1494370000019,0,0,19,0,0,0.028,-0.015,-1.002,0.3,-0.6,0.1
93.1594370000019,0,0,19,0,0,0.028,-0.014,-1.001,0.3,-0.6,0
93.1694370000019,0,0,19,0,0,0.028,-0.014,-1.001,0.3,-0.6,0
93.1794370000019,0,0,19,0,0,0.028,-0.014,-1.001,0.3,-0.6,0
93.1894370000019,0,0,19,0,0,0.028,-0.014,-1.001,0.3,-0.6,0
93.1994370000019,0,0,19,0,0,0.028,-0.014,-1.001,0.3,-0.6,0
93.2094370000019,0,0,19,0,0,0.028,-0.015,-1.001,0.3,-0.6,0
93.2194370000019,0,0,19,0,0,0.028,-0.015,-1.001,0.3,-0.6,0
93.2294370000019,0,0,19,0,0,0.028,-0.015,-1.001,0.3,-0.6,0
93.2394370000019,0,0,19,0,0,0.028,-0.015,-1.001,0.3,-0.6,0
93.2494370000019,0,0,19,0,0,0.028,-0.015,-1.001,0.3,-0.6,0
93.2594370000019,0,0,19,0,0,0.027,-0.015,-1.002,0.3,-0.6,0
93.2694370000019,0,0,19,0,0,0.027,-0.015,-1.002,0.3,-0.6,0
93.2794370000019,0,0,19,0,0,0.027,-0.015,-1.002,0.3,-0.6,0
93.2894370000019,0,0,19,0,0,0.027,-0.015,-1.002,0.3,-0.6,0
93.2994370000019,0,0,19,0,0,0.027,-0.015,-1.002,0.3,-0.6,0
93.3094370000019,0,0.01,19,0,0,0.029,-0.014,-1.002,0.3,-0.6,0
93.3194370000019,0,0.01,19,0,0,0.029,-0.014,-1.002,0.3,-0.6,0
93.3294370000019,0,0.01,19,0,0,0.029,-0.014,-1.002,0.3,-0.6,0
93.3394370000019,0,0.01,19,0,0,0.029,-0.014,-1.002,0.3,-0.6,0
93.3494370000019,0,0.01,19,0,0,0.029,-0.014,-1.002,0.3,-0.6,0
93.3594370000019,0,0,19,0,0,0.029,-0.015,-1.002,0.3,-0.6,0
93.3694370000019,0,0,19,0,0,0.029,-0.015,-1.002,0.3,-0.6,0
93.3794370000019,0,0,19,0,0,0.029,-0.015,-1.002,0.3,-0.6,0
93.3894370000019,0,0,19,0,0,0.029,-0.015,-1.002,0.3,-0.6,0
93.3994370000019,0,0,19,0,0,0.029,-0.015,-1.002,0.3,-0.6,0
93.4094370000019,0,0,19,0,0,0.027,-0.016,-1.002,0.3,-0.6,0
93.4194370000019,0,0,19,0,0,0.027,-0.016,-1.002,0.3,-0.6,0
93.4294370000019,0,0,19,0,0,0.027,-0.016,-1.002,0.3,-0.6,0
93.4394370000019,0,0,19,0,0,0.027,-0.016,-1.002,0.3,-0.6,0
93.4494370000019,0,0,19,0,0,0.027,-0.016,-1.002,0.3,-0.6,0
93.4594370000019,0,0,19,0,0,0.028,-0.013,-1.001,0.3,-0.6,0
93.4694370000019,0,0,19,0,0,0.028,-0.013,-1.001,0.3,-0.6,0
93.4794370000019,0,0,19,0,0,0.028,-0.013,-1.001,0.3,-0.6,0
93.4894370000019,0,0,19,0,0,0.028,-0.013,-1.001,0.3,-0.6,0
93.4994370000019,0,0,19,0,0,0.028,-0.013,-1.001,0.3,-0.6,0
93.5094370000019,0,0,19,0,0,0.028,-0.015,-1.002,0.3,-0.6,0
93.5194370000019,0,0,19,0,0,0.028,-0.015,-1.002,0.3,-0.6,0
93.5294370000019,0,0,19,0,0,0.028,-0.015,-1.002,0.3,-0.6,0
93.5394370000019,0,0,19,0,0,0.028,-0.015,-1.002,0.3,-0.6,0
93.5494370000019,0,0,19,0,0,0.028,-0.015,-1.002,0.3,-0.6,0
93.5594370000019,0,0,19,0,0,0.028,-0.016,-1.002,0.3,-0.6,0
93.569437000002,0,0,19,0,0,0.028,-0.016,-1.002,0.3,-0.6,0
93.5794370000019,0,0,19,0,0,0.028,-0.016,-1.002,0.3,-0.6,0
93.589437000002,0,0,19,0,0,0.028,-0.016,-1.002,0.3,-0.6,0
93.599437000002,0,0,19,0,0,0.028,-0.016,-1.002,0.3,-0.6,0
93.609437000002,0,0.01,19,0,0,0.028,-0.015,-1.001,0.4,-0.6,0
93.619437000002,0,0.01,19,0,0,0.028,-0.015,-1.001,0.4,-0.6,0
93.629437000002,0,0.01,19,0,0,0.028,-0.015,-1.001,0.4,-0.6,0
93.639437000002,0,0.01,19,0,0,0.028,-0.015,-1.001,0.4,-0.6,0
93.649437000002,0,0.01,19,0,0,0.028,-0.015,-1.001,0.4,-0.6,0
93.659437000002,0,0.01,19,0,0,0.028,-0.015,-1.001,0.2,-0.5,0.1
93.669437000002,0,0.01,19,0,0,0.028,-0.015,-1.001,0.2,-0.5,0.1
93.679437000002,0,0.01,19,0,0,0.028,-0.015,-1.001,0.2,-0.5,0.1
93.689437000002,0,0.01,19,0,0,0.028,-0.015,-1.001,0.2,-0.5,0.1
93.699437000002,0,0.01,19,0,0,0.028,-0.015,-1.001,0.2,-0.5,0.1
93.709437000002,0,0,19,0,0,0.028,-0.016,-1.001,0.3,-0.6,0
93.719437000002,0,0,19,0,0,0.028,-0.016,-1.001,0.3,-0.6,0
93.729437000002,0,0,19,0,0,0.028,-0.016,-1.001,0.3,-0.6,0
93.739437000002,0,0,19,0,0,0.028,-0.016,-1.001,0.3,-0.6,0
93.749437000002,0,0,19,0,0,0.028,-0.016,-1.001,0.3,-0.6,0
93.759437000002,0,0,19,0,0,0.029,-0.015,-1.001,0.3,-0.7,0
93.769437000002,0,0,19,0,0,0.029,-0.015,-1.001,0.3,-0.7,0
93.779437000002,0,0,19,0,0,0.029,-0.015,-1.001,0.3,-0.7,0
93.789437000002,0,0,19,0,0,0.029,-0.015,-1.001,0.3,-0.7,0
93.799437000002,0,0,19,0,0,0.029,-0.015,-1.001,0.3,-0.7,0
93.809437000002,0,0,19,0,0,0.029,-0.015,-1.001,0.3,-0.6,0
93.819437000002,0,0,19,0,0,0.029,-0.015,-1.001,0.3,-0.6,0
93.829437000002,0,0,19,0,0,0.029,-0.015,-1.001,0.3,-0.6,0
93.839437000002,0,0,19,0,0,0.029,-0.015,-1.001,0.3,-0.6,0
93.849437000002,0,0,19,0,0,0.029,-0.015,-1.001,0.3,-0.6,0
93.859437000002,0,0.01,19,0,0,0.028,-0.015,-1.002,0.3,-0.6,0
93.869437000002,0,0.01,19,0,0,0.028,-0.015,-1.002,0.3,-0.6,0
93.879437000002,0,0.01,19,0,0,0.028,-0.015,-1.002,0.3,-0.6,0
93.889437000002,0,0.01,19,0,0,0.028,-0.015,-1.002,0.3,-0.6,0
93.899437000002,0,0.01,19,0,0,0.028,-0.015,-1.002,0.3,-0.6,0
93.909437000002,0,0,19,0,0,0.029,-0.013,-1.001,0.3,-0.6,0
93.919437000002,0,0,19,0,0,0.029,-0.013,-1.001,0.3,-0.6,0
93.929437000002,0,0,19,0,0,0.029,-0.013,-1.001,0.3,-0.6,0
93.939437000002,0,0,19,0,0,0.029,-0.013,-1.001,0.3,-0.6,0
93.949437000002,0,0,19,0,0,0.029,-0.013,-1.001,0.3,-0.6,0
93.959437000002,0,0,19,0,0,0.029,-0.015,-1.003,0.2,-0.6,0
93.969437000002,0,0,19,0,0,0.029,-0.015,-1.003,0.2,-0.6,0
93.979437000002,0,0,19,0,0,0.029,-0.015,-1.003,0.2,-0.6,0
93.989437000002,0,0,19,0,0,0.029,-0.015,-1.003,0.2,-0.6,0
93.999437000002,0,0,19,0,0,0.029,-0.015,-1.003,0.2,-0.6,0
94.0094370000021,0,0,19,0,0,0.028,-0.015,-1.001,0.3,-0.6,0
94.0194370000021,0,0,19,0,0,0.028,-0.015,-1.001,0.3,-0.6,0
94.029437000002,0,0,19,0,0,0.028,-0.015,-1.001,0.3,-0.6,0
94.0394370000021,0,0,19,0,0,0.028,-0.015,-1.001,0.3,-0.6,0
94.0494370000021,0,0,19,0,0,0.028,-0.015,-1.001,0.3,-0.6,0
99.1315631,0,0.01,19,0,0,0.028,-0.014,-1.001,0.3,-0.5,0
99.1415631,0,0.01,19,0,0,0.028,-0.014,-1.001,0.3,-0.5,0
99.1515631,0,0.01,19,0,0,0.028,-0.014,-1.001,0.3,-0.5,0
99.1615631,0,0.01,19,0,0,0.028,-0.014,-1.001,0.3,-0.5,0
99.1715631,0,0.01,19,0,0,0.028,-0.014,-1.001,0.3,-0.5,0
109.1589737,0,0,19,0,0,0.028,-0.014,-1.001,0.3,-0.5,0
109.1689737,0,0,19,0,0,0.028,-0.014,-1.001,0.3,-0.5,0
109.1789737,0,0,19,0,0,0.028,-0.014,-1.001,0.3,-0.5,0
109.1889737,0,0,19,0,0,0.028,-0.014,-1.001,0.3,-0.5,0
109.1989737,0,0,19,0,0,0.028,-0.014,-1.001,0.3,-0.5,0
109.2089737,0,0,19,0,0,0.028,-0.016,-1.001,0.3,-0.4,0.1
109.2189737,0,0,19,0,0,0.028,-0.016,-1.001,0.3,-0.4,0.1
109.2289737,0,0,19,0,0,0.028,-0.016,-1.001,0.3,-0.4,0.1
109.2389737,0,0,19,0,0,0.028,-0.016,-1.001,0.3,-0.4,0.1
109.2489737,0,0,19,0,0,0.028,-0.016,-1.001,0.3,-0.4,0.1
109.2589737,0,0.01,19,0,0,0.028,-0.015,-1.001,0.3,-0.6,0.1
109.2689737,0,0.01,19,0,0,0.028,-0.015,-1.001,0.3,-0.6,0.1
109.2789737,0,0.01,19,0,0,0.028,-0.015,-1.001,0.3,-0.6,0.1
109.2889737,0,0.01,19,0,0,0.028,-0.015,-1.001,0.3,-0.6,0.1
109.2989737,0,0.01,19,0,0,0.028,-0.015,-1.001,0.3,-0.6,0.1
109.3089737,0,0,19,0,0,0.028,-0.015,-1.001,0.3,-0.6,0
109.3189737,0,0,19,0,0,0.028,-0.015,-1.001,0.3,-0.6,0
109.3289737,0,0,19,0,0,0.028,-0.015,-1.001,0.3,-0.6,0
109.3389737,0,0,19,0,0,0.028,-0.015,-1.001,0.3,-0.6,0
109.3489737,0,0,19,0,0,0.028,-0.015,-1.001,0.3,-0.6,0
109.3589737,0,0,19,0,0,0.028,-0.014,-1.002,0.3,-0.6,0
109.3689737,0,0,19,0,0,0.028,-0.014,-1.002,0.3,-0.6,0
109.3789737,0,0,19,0,0,0.028,-0.014,-1.002,0.3,-0.6,0
109.3889737,0,0,19,0,0,0.028,-0.014,-1.002,0.3,-0.6,0
109.3989737,0,0,19,0,0,0.028,-0.014,-1.002,0.3,-0.6,0
109.4089737,0,0,19,0,0,0.029,-0.016,-1.001,0.3,-0.6,0
109.4189737,0,0,19,0,0,0.029,-0.016,-1.001,0.3,-0.6,0
109.4289737,0,0,19,0,0,0.029,-0.016,-1.001,0.3,-0.6,0
109.4389737,0,0,19,0,0,0.029,-0.016,-1.001,0.3,-0.6,0
109.4489737,0,0,19,0,0,0.029,-0.016,-1.001,0.3,-0.6,0
109.4589737,0,0.01,19,0,0,0.028,-0.014,-1.002,0.3,-0.6,0
109.4689737,0,0.01,19,0,0,0.028,-0.014,-1.002,0.3,-0.6,0
109.4789737,0,0.01,19,0,0,0.028,-0.014,-1.002,0.3,-0.6,0
109.4889737,0,0.01,19,0,0,0.028,-0.014,-1.002,0.3,-0.6,0
109.4989737,0,0.01,19,0,0,0.028,-0.014,-1.002,0.3,-0.6,0
109.5089737,0,0,19,0,0,0.029,-0.015,-1.001,0.3,-0.6,0
109.5189737,0,0,19,0,0,0.029,-0.015,-1.001,0.3,-0.6,0
109.5289737,0,0,19,0,0,0.029,-0.015,-1.001,0.3,-0.6,0
109.5389737,0,0,19,0,0,0.029,-0.015,-1.001,0.3,-0.6,0
109.5489737,0,0,19,0,0,0.029,-0.015,-1.001,0.3,-0.6,0
109.5589737,0,0,19,0,0,0.028,-0.015,-1.002,0.3,-0.6,0
109.5689737,0,0,19,0,0,0.028,-0.015,-1.002,0.3,-0.6,0
109.5789737,0,0,19,0,0,0.028,-0.015,-1.002,0.3,-0.6,0
109.5889737,0,0,19,0,0,0.028,-0.015,-1.002,0.3,-0.6,0
109.5989737,0,0,19,0,0,0.028,-0.015,-1.002,0.3,-0.6,0
109.6089737,0,0.01,19,0,0,0.028,-0.015,-1.002,0.3,-0.5,0
109.6189737,0,0.01,19,0,0,0.028,-0.015,-1.002,0.3,-0.5,0
109.6289737,0,0.01,19,0,0,0.028,-0.015,-1.002,0.3,-0.5,0
109.6389737,0,0.01,19,0,0,0.028,-0.015,-1.002,0.3,-0.5,0
109.6489737,0,0.01,19,0,0,0.028,-0.015,-1.002,0.3,-0.5,0
109.6589737,0,0,19,0,0,0.027,-0.014,-1.002,0.3,-0.5,0
109.6689737,0,0,19,0,0,0.027,-0.014,-1.002,0.3,-0.5,0
109.6789737,0,0,19,0,0,0.027,-0.014,-1.002,0.3,-0.5,0
109.6889737,0,0,19,0,0,0.027,-0.014,-1.002,0.3,-0.5,0
109.6989737,0,0,19,0,0,0.027,-0.014,-1.002,0.3,-0.5,0
109.7089737,0,0.01,19,0,0,0.027,-0.015,-1.001,0.3,-0.6,0
109.7189737,0,0.01,19,0,0,0.027,-0.015,-1.001,0.3,-0.6,0
109.7289737,0,0.01,19,0,0,0.027,-0.015,-1.001,0.3,-0.6,0
109.7389737,0,0.01,19,0,0,0.027,-0.015,-1.001,0.3,-0.6,0
109.7489737,0,0.01,19,0,0,0.027,-0.015,-1.001,0.3,-0.6,0
109.7589737,0,0,19,0,0,0.028,-0.015,-1.001,0.3,-0.6,0
109.7689737,0,0,19,0,0,0.028,-0.015,-1.001,0.3,-0.6,0
109.7789737,0,0,19,0,0,0.028,-0.015,-1.001,0.3,-0.6,0
109.7889737,0,0,19,0,0,0.028,-0.015,-1.001,0.3,-0.6,0
109.7989737,0,0,19,0,0,0.028,-0.015,-1.001,0.3,-0.6,0
109.8089737,0,0,19,0,0,0.028,-0.016,-1.002,0.3,-0.6,0
109.8189737,0,0,19,0,0,0.028,-0.016,-1.002,0.3,-0.6,0
109.8289737,0,0,19,0,0,0.028,-0.016,-1.002,0.3,-0.6,0
109.8389737,0,0,19,0,0,0.028,-0.016,-1.002,0.3,-0.6,0
109.8489737,0,0,19,0,0,0.028,-0.016,-1.002,0.3,-0.6,0
109.8589737,0,0,19,0,0,0.028,-0.015,-1.001,0.2,-0.6,0
109.8689737,0,0,19,0,0,0.028,-0.015,-1.001,0.2,-0.6,0
109.8789737,0,0,19,0,0,0.028,-0.015,-1.001,0.2,-0.6,0
109.8889737,0,0,19,0,0,0.028,-0.015,-1.001,0.2,-0.6,0
109.8989737,0,0,19,0,0,0.028,-0.015,-1.001,0.2,-0.6,0
109.9089737,0,0,19,0,0,0.028,-0.015,-1.002,0.3,-0.6,0
109.9189737,0,0,19,0,0,0.028,-0.015,-1.002,0.3,-0.6,0
109.9289737,0,0,19,0,0,0.028,-0.015,-1.002,0.3,-0.6,0
109.9389737,0,0,19,0,0,0.028,-0.015,-1.002,0.3,-0.6,0
109.9489737,0,0,19,0,0,0.028,-0.015,-1.002,0.3,-0.6,0
109.9589737,0,0,19,0,0,0.028,-0.016,-1.001,0.3,-0.5,0.1
109.9689737,0,0,19,0,0,0.028,-0.016,-1.001,0.3,-0.5,0.1
109.9789737,0,0,19,0,0,0.028,-0.016,-1.001,0.3,-0.5,0.1
109.9889737,0,0,19,0,0,0.028,-0.016,-1.001,0.3,-0.5,0.1
109.9989737,0,0,19,0,0,0.028,-0.016,-1.001,0.3,-0.5,0.1
110.0089737,0,0,19,0,0,0.028,-0.014,-1.002,0.4,-0.6,0
110.0189737,0,0,19,0,0,0.028,-0.014,-1.002,0.4,-0.6,0
110.0289737,0,0,19,0,0,0.028,-0.014,-1.002,0.4,-0.6,0
110.0389737,0,0,19,0,0,0.028,-0.014,-1.002,0.4,-0.6,0
110.0489737,0,0,19,0,0,0.028,-0.014,-1.002,0.4,-0.6,0
110.0589737,0,0,19,0,0,0.028,-0.015,-1.001,0.3,-0.5,0
110.0689737,0,0,19,0,0,0.028,-0.015,-1.001,0.3,-0.5,0
110.0789737,0,0,19,0,0,0.028,-0.015,-1.001,0.3,-0.5,0
110.0889737,0,0,19,0,0,0.028,-0.015,-1.001,0.3,-0.5,0
110.0989737,0,0,19,0,0,0.028,-0.015,-1.001,0.3,-0.5,0
110.1089737,0,0,19,0,0,0.028,-0.015,-1.002,0.3,-0.6,0
110.1189737,0,0,19,0,0,0.028,-0.015,-1.002,0.3,-0.6,0
110.1289737,0,0,19,0,0,0.028,-0.015,-1.002,0.3,-0.6,0
110.1389737,0,0,19,0,0,0.028,-0.015,-1.002,0.3,-0.6,0
110.1489737,0,0,19,0,0,0.028,-0.015,-1.002,0.3,-0.6,0
110.1589737,0,0,19,0,0,0.027,-0.015,-1.001,0.3,-0.6,0
110.1689737,0,0,19,0,0,0.027,-0.015,-1.001,0.3,-0.6,0
110.1789737,0,0,19,0,0,0.027,-0.015,-1.001,0.3,-0.6,0
110.1889737,0,0,19,0,0,0.027,-0.015,-1.001,0.3,-0.6,0
110.1989737,0,0,19,0,0,0.027,-0.015,-1.001,0.3,-0.6,0
110.2089737,0,0,19,0,0,0.029,-0.014,-1.001,0.3,-0.6,0
110.2189737,0,0,19,0,0,0.029,-0.014,-1.001,0.3,-0.6,0
110.2289737,0,0,19,0,0,0.029,-0.014,-1.001,0.3,-0.6,0
110.2389737,0,0,19,0,0,0.029,-0.014,-1.001,0.3,-0.6,0
110.2489737,0,0,19,0,0,0.029,-0.014,-1.001,0.3,-0.6,0
110.2589737,0,0,19,0,0,0.027,-0.015,-1.001,0.3,-0.6,0
110.2689737,0,0,19,0,0,0.027,-0.015,-1.001,0.3,-0.6,0
110.2789737,0,0,19,0,0,0.027,-0.015,-1.001,0.3,-0.6,0
110.2889737,0,0,19,0,0,0.027,-0.015,-1.001,0.3,-0.6,0
110.2989737,0,0,19,0,0,0.027,-0.015,-1.001,0.3,-0.6,0
110.3089737,0,0.01,19,0,0,0.027,-0.015,-1.002,0.3,-0.6,0
110.3189737,0,0.01,19,0,0,0.027,-0.015,-1.002,0.3,-0.6,0
110.3289737,0,0.01,19,0,0,0.027,-0.015,-1.002,0.3,-0.6,0
110.3389737,0,0.01,19,0,0,0.027,-0.015,-1.002,0.3,-0.6,0
110.3489737,0,0.01,19,0,0,0.027,-0.015,-1.002,0.3,-0.6,0
110.3589737,0,0,19,0,0,0.028,-0.016,-1.002,0.3,-0.5,0
110.3689737,0,0,19,0,0,0.028,-0.016,-1.002,0.3,-0.5,0
110.3789737,0,0,19,0,0,0.028,-0.016,-1.002,0.3,-0.5,0
110.3889737,0,0,19,0,0,0.028,-0.016,-1.002,0.3,-0.5,0
110.3989737,0,0,19,0,0,0.028,-0.016,-1.002,0.3,-0.5,0
110.4089737,0,0,19,0,0,0.028,-0.015,-1.001,0.3,-0.6,0.1
110.4189737,0,0,19,0,0,0.028,-0.015,-1.001,0.3,-0.6,0.1
110.4289737,0,0,19,0,0,0.028,-0.015,-1.001,0.3,-0.6,0.1
110.4389737,0,0,19,0,0,0.028,-0.015,-1.001,0.3,-0.6,0.1
110.4489737,0,0,19,0,0,0.028,-0.015,-1.001,0.3,-0.6,0.1
110.4589737,0,0,19,0,0,0.027,-0.015,-1.001,0.3,-0.5,0
110.4689737,0,0,19,0,0,0.027,-0.015,-1.001,0.3,-0.5,0
110.4789737,0,0,19,0,0,0.027,-0.015,-1.001,0.3,-0.5,0
110.4889737,0,0,19,0,0,0.027,-0.015,-1.001,0.3,-0.5,0
110.4989737,0,0,19,0,0,0.027,-0.015,-1.001,0.3,-0.5,0
110.5089737,0,0,19,0,0,0.028,-0.015,-1.001,0.3,-0.6,0
110.5189737,0,0,19,0,0,0.028,-0.015,-1.001,0.3,-0.6,0
110.5289737,0,0,19,0,0,0.028,-0.015,-1.001,0.3,-0.6,0
110.5389737,0,0,19,0,0,0.028,-0.015,-1.001,0.3,-0.6,0
110.5489737,0,0,19,0,0,0.028,-0.015,-1.001,0.3,-0.6,0
110.5589737,0,0,19,0,0,0.027,-0.015,-1,0.3,-0.6,0
110.5689737,0,0,19,0,0,0.027,-0.015,-1,0.3,-0.6,0
110.5789737,0,0,19,0,0,0.027,-0.015,-1,0.3,-0.6,0
110.5889737,0,0,19,0,0,0.027,-0.015,-1,0.3,-0.6,0
110.5989737,0,0,19,0,0,0.027,-0.015,-1,0.3,-0.6,0
110.6089737,0,0,19,0,0,0.028,-0.016,-1.002,0.3,-0.6,0.1
110.6189737,0,0,19,0,0,0.028,-0.016,-1.002,0.3,-0.6,0.1
110.6289737,0,0,19,0,0,0.028,-0.016,-1.002,0.3,-0.6,0.1
110.6389737,0,0,19,0,0,0.028,-0.016,-1.002,0.3,-0.6,0.1
110.6489737,0,0,19,0,0,0.028,-0.016,-1.002,0.3,-0.6,0.1
110.6589737,0,0,19,0,0,0.028,-0.014,-1.001,0.2,-0.5,0
110.6689737,0,0,19,0,0,0.028,-0.014,-1.001,0.2,-0.5,0
110.6789737,0,0,19,0,0,0.028,-0.014,-1.001,0.2,-0.5,0
110.6889737,0,0,19,0,0,0.028,-0.014,-1.001,0.2,-0.5,0
110.6989737,0,0,19,0,0,0.028,-0.014,-1.001,0.2,-0.5,0
110.7089737,0,0,19,0,0,0.026,-0.015,-1.001,0.3,-0.5,0
110.7189737,0,0,19,0,0,0.026,-0.015,-1.001,0.3,-0.5,0
110.7289737,0,0,19,0,0,0.026,-0.015,-1.001,0.3,-0.5,0
110.7389737,0,0,19,0,0,0.026,-0.015,-1.001,0.3,-0.5,0
110.7489737,0,0,19,0,0,0.026,-0.015,-1.001,0.3,-0.5,0
110.7589737,0,0,19,0,0,0.027,-0.014,-1.002,0.3,-0.6,0
110.7689737,0,0,19,0,0,0.027,-0.014,-1.002,0.3,-0.6,0
110.7789737,0,0,19,0,0,0.027,-0.014,-1.002,0.3,-0.6,0
110.7889737,0,0,19,0,0,0.027,-0.014,-1.002,0.3,-0.6,0
110.7989737,0,0,19,0,0,0.027,-0.014,-1.002,0.3,-0.6,0
110.8089737,0,0,19,0,0,0.028,-0.015,-1.002,0.2,-0.6,0
110.8189737,0,0,19,0,0,0.028,-0.015,-1.002,0.2,-0.6,0
110.8289737,0,0,19,0,0,0.028,-0.015,-1.002,0.2,-0.6,0
110.8389737,0,0,19,0,0,0.028,-0.015,-1.002,0.2,-0.6,0
110.8489737,0,0,19,0,0,0.028,-0.015,-1.002,0.2,-0.6,0
110.8589737,0,0.01,19,0,0,0.027,-0.015,-1.001,0.3,-0.6,0
110.8689737,0,0.01,19,0,0,0.027,-0.015,-1.001,0.3,-0.6,0
110.8789737,0,0.01,19,0,0,0.027,-0.015,-1.001,0.3,-0.6,0
110.8889737,0,0.01,19,0,0,0.027,-0.015,-1.001,0.3,-0.6,0
110.8989737,0,0.01,19,0,0,0.027,-0.015,-1.001,0.3,-0.6,0
110.9089737,0,0,19,0,0,0.028,-0.015,-1.001,0.3,-0.6,0
110.9189737,0,0,19,0,0,0.028,-0.015,-1.001,0.3,-0.6,0
110.9289737,0,0,19,0,0,0.028,-0.015,-1.001,0.3,-0.6,0
110.9389737,0,0,19,0,0,0.028,-0.015,-1.001,0.3,-0.6,0
110.9489737,0,0,19,0,0,0.028,-0.015,-1.001,0.3,-0.6,0
110.9589737,0,0,19,0,0,0.03,-0.014,-1.001,0.3,-0.6,0.1
110.9689737,0,0,19,0,0,0.03,-0.014,-1.001,0.3,-0.6,0.1
110.9789737,0,0,19,0,0,0.03,-0.014,-1.001,0.3,-0.6,0.1
110.9889737,0,0,19,0,0,0.03,-0.014,-1.001,0.3,-0.6,0.1
110.9989737,0,0,19,0,0,0.03,-0.014,-1.001,0.3,-0.6,0.1
111.0089737,0,0,19,0,0,0.028,-0.015,-1.002,0.2,-0.5,0
111.0189737,0,0,19,0,0,0.028,-0.015,-1.002,0.2,-0.5,0
111.0289737,0,0,19,0,0,0.028,-0.015,-1.002,0.2,-0.5,0
111.0389737,0,0,19,0,0,0.028,-0.015,-1.002,0.2,-0.5,0
111.0489737,0,0,19,0,0,0.028,-0.015,-1.002,0.2,-0.5,0
111.0589737,0,0,19,0,0,0.028,-0.014,-1.002,0.3,-0.6,0
111.0689737,0,0,19,0,0,0.028,-0.014,-1.002,0.3,-0.6,0
111.0789737,0,0,19,0,0,0.028,-0.014,-1.002,0.3,-0.6,0
111.0889737,0,0,19,0,0,0.028,-0.014,-1.002,0.3,-0.6,0
111.0989737,0,0,19,0,0,0.028,-0.014,-1.002,0.3,-0.6,0
111.1089737,0,0,19,0,0,0.028,-0.015,-1.001,0.3,-0.5,0.1
111.1189737,0,0,19,0,0,0.028,-0.015,-1.001,0.3,-0.5,0.1
111.1289737,0,0,19,0,0,0.028,-0.015,-1.001,0.3,-0.5,0.1
111.1389737,0,0,19,0,0,0.028,-0.015,-1.001,0.3,-0.5,0.1
111.1489737,0,0,19,0,0,0.028,-0.015,-1.001,0.3,-0.5,0.1
111.1589737,0,0,19,0,0,0.028,-0.015,-1.001,0.3,-0.6,0
111.1689737,0,0,19,0,0,0.028,-0.015,-1.001,0.3,-0.6,0
111.1789737,0,0,19,0,0,0.028,-0.015,-1.001,0.3,-0.6,0
111.1889737,0,0,19,0,0,0.028,-0.015,-1.001,0.3,-0.6,0
111.1989737,0,0,19,0,0,0.028,-0.015,-1.001,0.3,-0.6,0
111.2089737,0,0,19,0,0,0.028,-0.015,-1.002,0.3,-0.6,0
111.2189737,0,0,19,0,0,0.028,-0.015,-1.002,0.3,-0.6,0
111.2289737,0,0,19,0,0,0.028,-0.015,-1.002,0.3,-0.6,0
111.2389737,0,0,19,0,0,0.028,-0.015,-1.002,0.3,-0.6,0
111.2489737,0,0,19,0,0,0.028,-0.015,-1.002,0.3,-0.6,0
111.2589737,0,0,19,0,0,0.029,-0.015,-1.002,0.3,-0.6,0
111.2689737,0,0,19,0,0,0.029,-0.015,-1.002,0.3,-0.6,0
111.2789737,0,0,19,0,0,0.029,-0.015,-1.002,0.3,-0.6,0
111.2889737,0,0,19,0,0,0.029,-0.015,-1.002,0.3,-0.6,0
111.2989737,0,0,19,0,0,0.029,-0.015,-1.002,0.3,-0.6,0
111.3089737,0,0.01,19,0,0,0.028,-0.016,-1.002,0.3,-0.6,0
111.3189737,0,0.01,19,0,0,0.028,-0.016,-1.002,0.3,-0.6,0
111.3289737,0,0.01,19,0,0,0.028,-0.016,-1.002,0.3,-0.6,0
111.3389737,0,0.01,19,0,0,0.028,-0.016,-1.002,0.3,-0.6,0
111.3489737,0,0.01,19,0,0,0.028,-0.016,-1.002,0.3,-0.6,0
111.3589737,0,0,19,0,0,0.029,-0.014,-1.001,0.3,-0.6,0
111.3689737,0,0,19,0,0,0.029,-0.014,-1.001,0.3,-0.6,0
111.3789737,0,0,19,0,0,0.029,-0.014,-1.001,0.3,-0.6,0
111.3889737,0,0,19,0,0,0.029,-0.014,-1.001,0.3,-0.6,0
111.3989737,0,0,19,0,0,0.029,-0.014,-1.001,0.3,-0.6,0
111.408973700001,0,0,19,0,0,0.028,-0.015,-1.001,0.3,-0.4,0
111.418973700001,0,0,19,0,0,0.028,-0.015,-1.001,0.3,-0.4,0
111.4289737,0,0,19,0,0,0.028,-0.015,-1.001,0.3,-0.4,0
111.438973700001,0,0,19,0,0,0.028,-0.015,-1.001,0.3,-0.4,0
111.448973700001,0,0,19,0,0,0.028,-0.015,-1.001,0.3,-0.4,0
111.458973700001,0,0.01,19,0,0,0.028,-0.015,-1.002,0.3,-0.5,0
111.468973700001,0,0.01,19,0,0,0.028,-0.015,-1.002,0.3,-0.5,0
111.478973700001,0,0.01,19,0,0,0.028,-0.015,-1.002,0.3,-0.5,0
111.488973700001,0,0.01,19,0,0,0.028,-0.015,-1.002,0.3,-0.5,0
111.498973700001,0,0.01,19,0,0,0.028,-0.015,-1.002,0.3,-0.5,0
111.508973700001,0,0,19,0,0,0.028,-0.015,-1.001,0.3,-0.6,0
111.518973700001,0,0,19,0,0,0.028,-0.015,-1.001,0.3,-0.6,0
111.528973700001,0,0,19,0,0,0.028,-0.015,-1.001,0.3,-0.6,0
111.538973700001,0,0,19,0,0,0.028,-0.015,-1.001,0.3,-0.6,0
111.548973700001,0,0,19,0,0,0.028,-0.015,-1.001,0.3,-0.6,0
111.558973700001,0,0,19,0,0,0.028,-0.014,-1.002,0.3,-0.6,0
111.568973700001,0,0,19,0,0,0.028,-0.014,-1.002,0.3,-0.6,0
111.578973700001,0,0,19,0,0,0.028,-0.014,-1.002,0.3,-0.6,0
111.588973700001,0,0,19,0,0,0.028,-0.014,-1.002,0.3,-0.6,0
111.598973700001,0,0,19,0,0,0.028,-0.014,-1.002,0.3,-0.6,0
111.608973700001,0,0,19,0,0,0.027,-0.015,-1.002,0.3,-0.6,0
111.618973700001,0,0,19,0,0,0.027,-0.015,-1.002,0.3,-0.6,0
111.628973700001,0,0,19,0,0,0.027,-0.015,-1.002,0.3,-0.6,0
111.638973700001,0,0,19,0,0,0.027,-0.015,-1.002,0.3,-0.6,0
111.648973700001,0,0,19,0,0,0.027,-0.015,-1.002,0.3,-0.6,0
111.658973700001,0,0,19,0,0,0.029,-0.015,-1.001,0.3,-0.6,0
111.668973700001,0,0,19,0,0,0.029,-0.015,-1.001,0.3,-0.6,0
111.678973700001,0,0,19,0,0,0.029,-0.015,-1.001,0.3,-0.6,0
111.688973700001,0,0,19,0,0,0.029,-0.015,-1.001,0.3,-0.6,0
111.698973700001,0,0,19,0,0,0.029,-0.015,-1.001,0.3,-0.6,0
111.708973700001,0,0,19,0,0,0.028,-0.015,-1.002,0.3,-0.5,0
111.718973700001,0,0,19,0,0,0.028,-0.015,-1.002,0.3,-0.5,0
111.728973700001,0,0,19,0,0,0.028,-0.015,-1.002,0.3,-0.5,0
111.738973700001,0,0,19,0,0,0.028,-0.015,-1.002,0.3,-0.5,0
111.748973700001,0,0,19,0,0,0.028,-0.015,-1.002,0.3,-0.5,0
111.758973700001,0,0,19,0,0,0.027,-0.016,-1.001,0.3,-0.6,0
111.768973700001,0,0,19,0,0,0.027,-0.016,-1.001,0.3,-0.6,0
111.778973700001,0,0,19,0,0,0.027,-0.016,-1.001,0.3,-0.6,0
111.788973700001,0,0,19,0,0,0.027,-0.016,-1.001,0.3,-0.6,0
111.798973700001,0,0,19,0,0,0.027,-0.016,-1.001,0.3,-0.6,0
111.808973700001,0,0.01,19,0,0,0.027,-0.014,-1.002,0.3,-0.6,0
111.818973700001,0,0.01,19,0,0,0.027,-0.014,-1.002,0.3,-0.6,0
111.828973700001,0,0.01,19,0,0,0.027,-0.014,-1.002,0.3,-0.6,0
111.838973700001,0,0.01,19,0,0,0.027,-0.014,-1.002,0.3,-0.6,0
111.848973700001,0,0.01,19,0,0,0.027,-0.014,-1.002,0.3,-0.6,0
111.858973700001,0,0.01,19,0,0,0.028,-0.016,-1.001,0.3,-0.6,0
111.868973700001,0,0.01,19,0,0,0.028,-0.016,-1.001,0.3,-0.6,0
111.878973700001,0,0.01,19,0,0,0.028,-0.016,-1.001,0.3,-0.6,0
111.888973700001,0,0.01,19,0,0,0.028,-0.016,-1.001,0.3,-0.6,0
111.898973700001,0,0.01,19,0,0,0.028,-0.016,-1.001,0.3,-0.6,0
111.908973700001,0,0,19,0,0,0.028,-0.014,-1.002,0.3,-0.6,0
111.918973700001,0,0,19,0,0,0.028,-0.014,-1.002,0.3,-0.6,0
111.928973700001,0,0,19,0,0,0.028,-0.014,-1.002,0.3,-0.6,0
111.938973700001,0,0,19,0,0,0.028,-0.014,-1.002,0.3,-0.6,0
111.948973700001,0,0,19,0,0,0.028,-0.014,-1.002,0.3,-0.6,0
111.958973700001,0,0.01,19,0,0,0.028,-0.015,-1.001,0.3,-0.6,0
111.968973700001,0,0.01,19,0,0,0.028,-0.015,-1.001,0.3,-0.6,0
111.978973700001,0,0.01,19,0,0,0.028,-0.015,-1.001,0.3,-0.6,0
111.988973700001,0,0.01,19,0,0,0.028,-0.015,-1.001,0.3,-0.6,0
111.998973700001,0,0.01,19,0,0,0.028,-0.015,-1.001,0.3,-0.6,0
112.008973700001,0,0.01,19,0,0,0.029,-0.014,-1.001,0.3,-0.5,0
112.018973700001,0,0.01,19,0,0,0.029,-0.014,-1.001,0.3,-0.5,0
112.028973700001,0,0.01,19,0,0,0.029,-0.014,-1.001,0.3,-0.5,0
112.038973700001,0,0.01,19,0,0,0.029,-0.014,-1.001,0.3,-0.5,0
112.048973700001,0,0.01,19,0,0,0.029,-0.014,-1.001,0.3,-0.5,0
112.058973700001,0,0,19,0,0,0.028,-0.016,-1.001,0.3,-0.6,0
112.068973700001,0,0,19,0,0,0.028,-0.016,-1.001,0.3,-0.6,0
112.078973700001,0,0,19,0,0,0.028,-0.016,-1.001,0.3,-0.6,0
112.088973700001,0,0,19,0,0,0.028,-0.016,-1.001,0.3,-0.6,0
112.098973700001,0,0,19,0,0,0.028,-0.016,-1.001,0.3,-0.6,0
112.108973700001,0,0,19,0,0,0.027,-0.014,-1.001,0.3,-0.6,0
112.118973700001,0,0,19,0,0,0.027,-0.014,-1.001,0.3,-0.6,0
112.128973700001,0,0,19,0,0,0.027,-0.014,-1.001,0.3,-0.6,0
112.138973700001,0,0,19,0,0,0.027,-0.014,-1.001,0.3,-0.6,0
112.148973700001,0,0,19,0,0,0.027,-0.014,-1.001,0.3,-0.6,0
112.158973700001,0,0,19,0,0,0.029,-0.016,-1.001,0.3,-0.6,0
112.168973700001,0,0,19,0,0,0.029,-0.016,-1.001,0.3,-0.6,0
112.178973700001,0,0,19,0,0,0.029,-0.016,-1.001,0.3,-0.6,0
112.188973700001,0,0,19,0,0,0.029,-0.016,-1.001,0.3,-0.6,0
112.198973700001,0,0,19,0,0,0.029,-0.016,-1.001,0.3,-0.6,0
112.208973700001,0,0,19,0,0,0.027,-0.015,-1.001,0.3,-0.6,0.1
112.218973700001,0,0,19,0,0,0.027,-0.015,-1.001,0.3,-0.6,0.1
112.228973700001,0,0,19,0,0,0.027,-0.015,-1.001,0.3,-0.6,0.1
112.238973700001,0,0,19,0,0,0.027,-0.015,-1.001,0.3,-0.6,0.1
112.248973700001,0,0,19,0,0,0.027,-0.015,-1.001,0.3,-0.6,0.1
112.258973700001,0,0,19,0,0,0.027,-0.015,-1.001,0.2,-0.6,0
112.268973700001,0,0,19,0,0,0.027,-0.015,-1.001,0.2,-0.6,0
112.278973700001,0,0,19,0,0,0.027,-0.015,-1.001,0.2,-0.6,0
112.288973700001,0,0,19,0,0,0.027,-0.015,-1.001,0.2,-0.6,0
112.298973700001,0,0,19,0,0,0.027,-0.015,-1.001,0.2,-0.6,0
112.308973700001,0,0,19,0,0,0.028,-0.016,-1.002,0.3,-0.6,0
112.318973700001,0,0,19,0,0,0.028,-0.016,-1.002,0.3,-0.6,0
112.328973700001,0,0,19,0,0,0.028,-0.016,-1.002,0.3,-0.6,0
112.338973700001,0,0,19,0,0,0.028,-0.016,-1.002,0.3,-0.6,0
112.348973700001,0,0,19,0,0,0.028,-0.016,-1.002,0.3,-0.6,0
112.358973700001,0,0,19,0,0,0.029,-0.015,-1.002,0.3,-0.6,0
112.368973700001,0,0,19,0,0,0.029,-0.015,-1.002,0.3,-0.6,0
112.378973700001,0,0,19,0,0,0.029,-0.015,-1.002,0.3,-0.6,0
112.388973700001,0,0,19,0,0,0.029,-0.015,-1.002,0.3,-0.6,0
112.398973700001,0,0,19,0,0,0.029,-0.015,-1.002,0.3,-0.6,0
112.408973700001,0,0,19,0,0,0.029,-0.016,-1.002,0.2,-0.6,0.1
112.418973700001,0,0,19,0,0,0.029,-0.016,-1.002,0.2,-0.6,0.1
112.428973700001,0,0,19,0,0,0.029,-0.016,-1.002,0.2,-0.6,0.1
112.438973700001,0,0,19,0,0,0.029,-0.016,-1.002,0.2,-0.6,0.1
112.448973700001,0,0,19,0,0,0.029,-0.016,-1.002,0.2,-0.6,0.1
112.458973700001,0,0,19,0,0,0.028,-0.015,-1.001,0.3,-0.6,0
112.468973700001,0,0,19,0,0,0.028,-0.015,-1.001,0.3,-0.6,0
112.478973700001,0,0,19,0,0,0.028,-0.015,-1.001,0.3,-0.6,0
112.488973700001,0,0,19,0,0,0.028,-0.015,-1.001,0.3,-0.6,0
112.498973700001,0,0,19,0,0,0.028,-0.015,-1.001,0.3,-0.6,0
112.508973700001,0,0,19,0,0,0.027,-0.016,-1,0.3,-0.6,0.1
112.518973700001,0,0,19,0,0,0.027,-0.016,-1,0.3,-0.6,0.1
112.528973700001,0,0,19,0,0,0.027,-0.016,-1,0.3,-0.6,0.1
112.538973700001,0,0,19,0,0,0.027,-0.016,-1,0.3,-0.6,0.1
112.548973700001,0,0,19,0,0,0.027,-0.016,-1,0.3,-0.6,0.1
112.558973700001,0,0,19,0,0,0.028,-0.015,-1.001,0.3,-0.6,0
112.568973700001,0,0,19,0,0,0.028,-0.015,-1.001,0.3,-0.6,0
112.578973700001,0,0,19,0,0,0.028,-0.015,-1.001,0.3,-0.6,0
112.588973700001,0,0,19,0,0,0.028,-0.015,-1.001,0.3,-0.6,0
112.598973700001,0,0,19,0,0,0.028,-0.015,-1.001,0.3,-0.6,0
112.608973700001,0,0,19,0,0,0.028,-0.015,-1.001,0.3,-0.6,0
112.618973700001,0,0,19,0,0,0.028,-0.015,-1.001,0.3,-0.6,0
112.628973700001,0,0,19,0,0,0.028,-0.015,-1.001,0.3,-0.6,0
112.638973700001,0,0,19,0,0,0.028,-0.015,-1.001,0.3,-0.6,0
112.648973700001,0,0,19,0,0,0.028,-0.015,-1.001,0.3,-0.6,0
112.658973700001,0,0,19,0,0,0.028,-0.014,-1.001,0.3,-0.5,0
112.668973700001,0,0,19,0,0,0.028,-0.014,-1.001,0.3,-0.5,0
112.678973700001,0,0,19,0,0,0.028,-0.014,-1.001,0.3,-0.5,0
112.688973700001,0,0,19,0,0,0.028,-0.014,-1.001,0.3,-0.5,0
112.698973700001,0,0,19,0,0,0.028,-0.014,-1.001,0.3,-0.5,0
112.708973700001,0,0.01,19,0,0,0.028,-0.015,-1.001,0.3,-0.6,0.1
112.718973700001,0,0.01,19,0,0,0.028,-0.015,-1.001,0.3,-0.6,0.1
112.728973700001,0,0.01,19,0,0,0.028,-0.015,-1.001,0.3,-0.6,0.1
112.738973700001,0,0.01,19,0,0,0.028,-0.015,-1.001,0.3,-0.6,0.1
112.748973700001,0,0.01,19,0,0,0.028,-0.015,-1.001,0.3,-0.6,0.1
112.758973700001,0,0,19,0,0,0.027,-0.015,-1.002,0.3,-0.5,0
112.768973700001,0,0,19,0,0,0.027,-0.015,-1.002,0.3,-0.5,0
112.778973700001,0,0,19,0,0,0.027,-0.015,-1.002,0.3,-0.5,0
112.788973700001,0,0,19,0,0,0.027,-0.015,-1.002,0.3,-0.5,0
112.798973700001,0,0,19,0,0,0.027,-0.015,-1.002,0.3,-0.5,0
112.808973700001,0,0,19,0,0,0.028,-0.014,-1.001,0.3,-0.6,0
112.818973700001,0,0,19,0,0,0.028,-0.014,-1.001,0.3,-0.6,0
112.828973700001,0,0,19,0,0,0.028,-0.014,-1.001,0.3,-0.6,0
112.838973700001,0,0,19,0,0,0.028,-0.014,-1.001,0.3,-0.6,0
112.848973700001,0,0,19,0,0,0.028,-0.014,-1.001,0.3,-0.6,0
112.858973700001,0,0,19,0,0,0.028,-0.013,-1.002,0.3,-0.6,0
112.868973700001,0,0,19,0,0,0.028,-0.013,-1.002,0.3,-0.6,0
112.878973700001,0,0,19,0,0,0.028,-0.013,-1.002,0.3,-0.6,0
112.888973700001,0,0,19,0,0,0.028,-0.013,-1.002,0.3,-0.6,0
112.898973700001,0,0,19,0,0,0.028,-0.013,-1.002,0.3,-0.6,0
112.908973700001,0,0,19,0,0,0.029,-0.015,-1.001,0.2,-0.6,0.1
112.918973700001,0,0,19,0,0,0.029,-0.015,-1.001,0.2,-0.6,0.1
112.928973700001,0,0,19,0,0,0.029,-0.015,-1.001,0.2,-0.6,0.1
112.938973700001,0,0,19,0,0,0.029,-0.015,-1.001,0.2,-0.6,0.1
112.948973700001,0,0,19,0,0,0.029,-0.015,-1.001,0.2,-0.6,0.1
112.958973700001,0,0,19,0,0,0.027,-0.015,-1.002,0.3,-0.6,0
112.968973700001,0,0,19,0,0,0.027,-0.015,-1.002,0.3,-0.6,0
112.978973700001,0,0,19,0,0,0.027,-0.015,-1.002,0.3,-0.6,0
112.988973700001,0,0,19,0,0,0.027,-0.015,-1.002,0.3,-0.6,0
112.998973700001,0,0,19,0,0,0.027,-0.015,-1.002,0.3,-0.6,0
113.008973700001,0,0,19,0,0,0.028,-0.015,-1,0.3,-0.5,0
113.018973700001,0,0,19,0,0,0.028,-0.015,-1,0.3,-0.5,0
113.028973700001,0,0,19,0,0,0.028,-0.015,-1,0.3,-0.5,0
113.038973700001,0,0,19,0,0,0.028,-0.015,-1,0.3,-0.5,0
113.048973700001,0,0,19,0,0,0.028,-0.015,-1,0.3,-0.5,0
113.058973700001,0,0.01,19,0,0,0.028,-0.015,-1.002,0.3,-0.6,0
113.068973700001,0,0.01,19,0,0,0.028,-0.015,-1.002,0.3,-0.6,0
113.078973700001,0,0.01,19,0,0,0.028,-0.015,-1.002,0.3,-0.6,0
113.088973700001,0,0.01,19,0,0,0.028,-0.015,-1.002,0.3,-0.6,0
113.098973700001,0,0.01,19,0,0,0.028,-0.015,-1.002,0.3,-0.6,0
113.108973700001,0,0,19,0,0,0.028,-0.014,-1.002,0.3,-0.6,0
113.118973700001,0,0,19,0,0,0.028,-0.014,-1.002,0.3,-0.6,0
113.128973700001,0,0,19,0,0,0.028,-0.014,-1.002,0.3,-0.6,0
113.138973700001,0,0,19,0,0,0.028,-0.014,-1.002,0.3,-0.6,0
113.148973700001,0,0,19,0,0,0.028,-0.014,-1.002,0.3,-0.6,0
113.158973700001,0,0,19,0,0,0.028,-0.015,-1.001,0.3,-0.6,0
113.168973700001,0,0,19,0,0,0.028,-0.015,-1.001,0.3,-0.6,0
113.178973700001,0,0,19,0,0,0.028,-0.015,-1.001,0.3,-0.6,0
113.188973700001,0,0,19,0,0,0.028,-0.015,-1.001,0.3,-0.6,0
113.198973700001,0,0,19,0,0,0.028,-0.015,-1.001,0.3,-0.6,0
113.208973700001,0,0,19,0,0,0.027,-0.014,-1.002,0.3,-0.6,0
113.218973700001,0,0,19,0,0,0.027,-0.014,-1.002,0.3,-0.6,0
113.228973700001,0,0,19,0,0,0.027,-0.014,-1.002,0.3,-0.6,0
113.238973700001,0,0,19,0,0,0.027,-0.014,-1.002,0.3,-0.6,0
113.248973700001,0,0,19,0,0,0.027,-0.014,-1.002,0.3,-0.6,0
113.258973700001,0,0,19,0,0,0.028,-0.015,-1.001,0.3,-0.6,0
113.268973700001,0,0,19,0,0,0.028,-0.015,-1.001,0.3,-0.6,0
113.278973700001,0,0,19,0,0,0.028,-0.015,-1.001,0.3,-0.6,0
113.288973700001,0,0,19,0,0,0.028,-0.015,-1.001,0.3,-0.6,0
113.298973700001,0,0,19,0,0,0.028,-0.015,-1.001,0.3,-0.6,0
113.308973700001,0,0,19,0,0,0.028,-0.014,-1.001,0.3,-0.6,0
113.318973700001,0,0,19,0,0,0.028,-0.014,-1.001,0.3,-0.6,0
113.328973700001,0,0,19,0,0,0.028,-0.014,-1.001,0.3,-0.6,0
113.338973700001,0,0,19,0,0,0.028,-0.014,-1.001,0.3,-0.6,0
113.348973700001,0,0,19,0,0,0.028,-0.014,-1.001,0.3,-0.6,0
113.358973700001,0,0,19,0,0,0.028,-0.015,-1,0.3,-0.6,0
113.368973700001,0,0,19,0,0,0.028,-0.015,-1,0.3,-0.6,0
113.378973700001,0,0,19,0,0,0.028,-0.015,-1,0.3,-0.6,0
113.388973700001,0,0,19,0,0,0.028,-0.015,-1,0.3,-0.6,0
113.398973700001,0,0,19,0,0,0.028,-0.015,-1,0.3,-0.6,0
113.408973700001,0,0,19,0,0,0.027,-0.014,-1.001,0.3,-0.5,0
113.418973700001,0,0,19,0,0,0.027,-0.014,-1.001,0.3,-0.5,0
113.428973700001,0,0,19,0,0,0.027,-0.014,-1.001,0.3,-0.5,0
113.438973700001,0,0,19,0,0,0.027,-0.014,-1.001,0.3,-0.5,0
113.448973700001,0,0,19,0,0,0.027,-0.014,-1.001,0.3,-0.5,0
113.458973700001,0,0,19,0,0,0.029,-0.015,-1,0.3,-0.6,0
113.468973700001,0,0,19,0,0,0.029,-0.015,-1,0.3,-0.6,0
113.478973700001,0,0,19,0,0,0.029,-0.015,-1,0.3,-0.6,0
113.488973700001,0,0,19,0,0,0.029,-0.015,-1,0.3,-0.6,0
113.498973700001,0,0,19,0,0,0.029,-0.015,-1,0.3,-0.6,0
113.508973700001,0,0.01,19,0,0,0.029,-0.016,-1,0.3,-0.6,0.1
113.518973700001,0,0.01,19,0,0,0.029,-0.016,-1,0.3,-0.6,0.1
113.528973700001,0,0.01,19,0,0,0.029,-0.016,-1,0.3,-0.6,0.1
113.538973700001,0,0.01,19,0,0,0.029,-0.016,-1,0.3,-0.6,0.1
113.548973700001,0,0.01,19,0,0,0.029,-0.016,-1,0.3,-0.6,0.1
113.558973700001,0,0,19,0,0,0.026,-0.013,-1.001,0.3,-0.5,0.1
113.568973700001,0,0,19,0,0,0.026,-0.013,-1.001,0.3,-0.5,0.1
113.578973700001,0,0,19,0,0,0.026,-0.013,-1.001,0.3,-0.5,0.1
113.588973700001,0,0,19,0,0,0.026,-0.013,-1.001,0.3,-0.5,0.1
113.598973700001,0,0,19,0,0,0.026,-0.013,-1.001,0.3,-0.5,0.1
113.608973700001,0,0,19,0,0,0.032,-0.014,-1.001,0.3,-0.6,0
113.618973700001,0,0,19,0,0,0.032,-0.014,-1.001,0.3,-0.6,0
113.628973700001,0,0,19,0,0,0.032,-0.014,-1.001,0.3,-0.6,0
113.638973700001,0,0,19,0,0,0.032,-0.014,-1.001,0.3,-0.6,0
113.648973700001,0,0,19,0,0,0.032,-0.014,-1.001,0.3,-0.6,0
113.658973700001,0,0,19,0,0,0.025,-0.016,-1.001,0.3,-0.6,0.1
113.668973700001,0,0,19,0,0,0.025,-0.016,-1.001,0.3,-0.6,0.1
113.678973700001,0,0,19,0,0,0.025,-0.016,-1.001,0.3,-0.6,0.1
113.688973700001,0,0,19,0,0,0.025,-0.016,-1.001,0.3,-0.6,0.1
113.698973700001,0,0,19,0,0,0.025,-0.016,-1.001,0.3,-0.6,0.1
113.708973700001,0,0,19,0,0,0.03,-0.013,-1.001,0.3,-0.5,0
113.718973700001,0,0,19,0,0,0.03,-0.013,-1.001,0.3,-0.5,0
113.728973700001,0,0,19,0,0,0.03,-0.013,-1.001,0.3,-0.5,0
113.738973700001,0,0,19,0,0,0.03,-0.013,-1.001,0.3,-0.5,0
113.748973700001,0,0,19,0,0,0.03,-0.013,-1.001,0.3,-0.5,0
113.758973700001,0,0,19,0,0,0.027,-0.016,-1.002,0.3,-0.5,0.1
113.768973700001,0,0,19,0,0,0.027,-0.016,-1.002,0.3,-0.5,0.1
113.778973700001,0,0,19,0,0,0.027,-0.016,-1.002,0.3,-0.5,0.1
113.788973700001,0,0,19,0,0,0.027,-0.016,-1.002,0.3,-0.5,0.1
113.798973700001,0,0,19,0,0,0.027,-0.016,-1.002,0.3,-0.5,0.1
113.808973700001,0,0,19,0,0,0.03,-0.013,-1.001,0.3,-0.5,0
113.818973700001,0,0,19,0,0,0.03,-0.013,-1.001,0.3,-0.5,0
113.828973700001,0,0,19,0,0,0.03,-0.013,-1.001,0.3,-0.5,0
113.838973700001,0,0,19,0,0,0.03,-0.013,-1.001,0.3,-0.5,0
113.848973700001,0,0,19,0,0,0.03,-0.013,-1.001,0.3,-0.5,0
113.858973700001,0,0,19,0,0,0.027,-0.016,-1.002,0.3,-0.6,0
113.868973700001,0,0,19,0,0,0.027,-0.016,-1.002,0.3,-0.6,0
113.878973700001,0,0,19,0,0,0.027,-0.016,-1.002,0.3,-0.6,0
113.888973700001,0,0,19,0,0,0.027,-0.016,-1.002,0.3,-0.6,0
113.898973700001,0,0,19,0,0,0.027,-0.016,-1.002,0.3,-0.6,0
113.908973700001,0,0,19,0,0,0.028,-0.015,-1.002,0.3,-0.5,0.1
113.918973700001,0,0,19,0,0,0.028,-0.015,-1.002,0.3,-0.5,0.1
113.928973700001,0,0,19,0,0,0.028,-0.015,-1.002,0.3,-0.5,0.1
113.938973700001,0,0,19,0,0,0.028,-0.015,-1.002,0.3,-0.5,0.1
113.948973700001,0,0,19,0,0,0.028,-0.015,-1.002,0.3,-0.5,0.1
113.958973700001,0,0,19,0,0,0.028,-0.013,-1.002,0.3,-0.5,0
113.968973700001,0,0,19,0,0,0.028,-0.013,-1.002,0.3,-0.5,0
113.978973700001,0,0,19,0,0,0.028,-0.013,-1.002,0.3,-0.5,0
113.988973700001,0,0,19,0,0,0.028,-0.013,-1.002,0.3,-0.5,0
113.998973700001,0,0,19,0,0,0.028,-0.013,-1.002,0.3,-0.5,0
114.008973700001,0,0,19,0,0,0.027,-0.017,-1.001,0.3,-0.6,0
114.018973700001,0,0,19,0,0,0.027,-0.017,-1.001,0.3,-0.6,0
114.028973700001,0,0,19,0,0,0.027,-0.017,-1.001,0.3,-0.6,0
114.038973700001,0,0,19,0,0,0.027,-0.017,-1.001,0.3,-0.6,0
114.048973700001,0,0,19,0,0,0.027,-0.017,-1.001,0.3,-0.6,0
114.058973700001,0,0,19,0,0,0.03,-0.013,-1.001,0.3,-0.6,0
114.068973700001,0,0,19,0,0,0.03,-0.013,-1.001,0.3,-0.6,0
114.078973700001,0,0,19,0,0,0.03,-0.013,-1.001,0.3,-0.6,0
114.088973700001,0,0,19,0,0,0.03,-0.013,-1.001,0.3,-0.6,0
114.098973700001,0,0,19,0,0,0.03,-0.013,-1.001,0.3,-0.6,0
114.108973700001,0,0,19,0,0,0.028,-0.015,-1,0.3,-0.6,0
114.118973700001,0,0,19,0,0,0.028,-0.015,-1,0.3,-0.6,0
114.128973700001,0,0,19,0,0,0.028,-0.015,-1,0.3,-0.6,0
114.138973700001,0,0,19,0,0,0.028,-0.015,-1,0.3,-0.6,0
114.148973700001,0,0,19,0,0,0.028,-0.015,-1,0.3,-0.6,0
114.158973700001,0,0,19,0,0,0.028,-0.014,-1.002,0.3,-0.6,0.1
114.168973700001,0,0,19,0,0,0.028,-0.014,-1.002,0.3,-0.6,0.1
114.178973700001,0,0,19,0,0,0.028,-0.014,-1.002,0.3,-0.6,0.1
114.188973700001,0,0,19,0,0,0.028,-0.014,-1.002,0.3,-0.6,0.1
114.198973700001,0,0,19,0,0,0.028,-0.014,-1.002,0.3,-0.6,0.1
114.208973700001,0,0,19,0,0,0.028,-0.016,-1,0.3,-0.6,0
114.218973700001,0,0,19,0,0,0.028,-0.016,-1,0.3,-0.6,0
114.228973700001,0,0,19,0,0,0.028,-0.016,-1,0.3,-0.6,0
114.238973700001,0,0,19,0,0,0.028,-0.016,-1,0.3,-0.6,0
114.248973700001,0,0,19,0,0,0.028,-0.016,-1,0.3,-0.6,0
114.258973700001,0,0,19,0,0,0.029,-0.015,-1.002,0.3,-0.6,0
114.268973700001,0,0,19,0,0,0.029,-0.015,-1.002,0.3,-0.6,0
114.278973700001,0,0,19,0,0,0.029,-0.015,-1.002,0.3,-0.6,0
114.288973700001,0,0,19,0,0,0.029,-0.015,-1.002,0.3,-0.6,0
114.298973700001,0,0,19,0,0,0.029,-0.015,-1.002,0.3,-0.6,0
114.308973700001,0,0,19,0,0,0.027,-0.015,-1.001,0.3,-0.5,0
114.318973700001,0,0,19,0,0,0.027,-0.015,-1.001,0.3,-0.5,0
114.328973700001,0,0,19,0,0,0.027,-0.015,-1.001,0.3,-0.5,0
114.338973700001,0,0,19,0,0,0.027,-0.015,-1.001,0.3,-0.5,0
114.348973700001,0,0,19,0,0,0.027,-0.015,-1.001,0.3,-0.5,0
114.358973700001,0,0,19,0,0,0.026,-0.015,-1.001,0.3,-0.6,0
114.368973700001,0,0,19,0,0,0.026,-0.015,-1.001,0.3,-0.6,0
114.378973700001,0,0,19,0,0,0.026,-0.015,-1.001,0.3,-0.6,0
114.388973700001,0,0,19,0,0,0.026,-0.015,-1.001,0.3,-0.6,0
114.398973700001,0,0,19,0,0,0.026,-0.015,-1.001,0.3,-0.6,0
114.408973700001,0,0,19,0,0,0.028,-0.015,-1,0.3,-0.6,0
114.418973700001,0,0,19,0,0,0.028,-0.015,-1,0.3,-0.6,0
114.428973700001,0,0,19,0,0,0.028,-0.015,-1,0.3,-0.6,0
114.438973700001,0,0,19,0,0,0.028,-0.015,-1,0.3,-0.6,0
114.448973700001,0,0,19,0,0,0.028,-0.015,-1,0.3,-0.6,0
114.458973700001,0,0,19,0,0,0.026,-0.013,-1.001,0.3,-0.6,0
114.468973700001,0,0,19,0,0,0.026,-0.013,-1.001,0.3,-0.6,0
114.478973700001,0,0,19,0,0,0.026,-0.013,-1.001,0.3,-0.6,0
114.488973700001,0,0,19,0,0,0.026,-0.013,-1.001,0.3,-0.6,0
114.498973700001,0,0,19,0,0,0.026,-0.013,-1.001,0.3,-0.6,0
114.508973700001,0,0,19,0,0,0.029,-0.015,-1.001,0.3,-0.6,0
114.518973700001,0,0,19,0,0,0.029,-0.015,-1.001,0.3,-0.6,0
114.528973700001,0,0,19,0,0,0.029,-0.015,-1.001,0.3,-0.6,0
114.538973700001,0,0,19,0,0,0.029,-0.015,-1.001,0.3,-0.6,0
114.548973700001,0,0,19,0,0,0.029,-0.015,-1.001,0.3,-0.6,0
114.558973700001,0,0,19,0,0,0.027,-0.015,-1.001,0.3,-0.6,0
114.568973700001,0,0,19,0,0,0.027,-0.015,-1.001,0.3,-0.6,0
114.578973700001,0,0,19,0,0,0.027,-0.015,-1.001,0.3,-0.6,0
114.588973700001,0,0,19,0,0,0.027,-0.015,-1.001,0.3,-0.6,0
114.598973700001,0,0,19,0,0,0.027,-0.015,-1.001,0.3,-0.6,0
114.608973700001,0,0.01,19,0,0,0.028,-0.016,-1,0.3,-0.6,0
114.618973700001,0,0.01,19,0,0,0.028,-0.016,-1,0.3,-0.6,0
114.628973700001,0,0.01,19,0,0,0.028,-0.016,-1,0.3,-0.6,0
114.638973700001,0,0.01,19,0,0,0.028,-0.016,-1,0.3,-0.6,0
114.648973700001,0,0.01,19,0,0,0.028,-0.016,-1,0.3,-0.6,0
114.658973700001,0,0,19,0,0,0.028,-0.015,-1.001,0.3,-0.6,0
114.668973700001,0,0,19,0,0,0.028,-0.015,-1.001,0.3,-0.6,0
114.678973700001,0,0,19,0,0,0.028,-0.015,-1.001,0.3,-0.6,0
114.688973700001,0,0,19,0,0,0.028,-0.015,-1.001,0.3,-0.6,0
114.698973700001,0,0,19,0,0,0.028,-0.015,-1.001,0.3,-0.6,0
114.708973700001,0,0,19,0,0,0.029,-0.015,-1.001,0.3,-0.5,0
114.718973700001,0,0,19,0,0,0.029,-0.015,-1.001,0.3,-0.5,0
114.728973700001,0,0,19,0,0,0.029,-0.015,-1.001,0.3,-0.5,0
114.738973700001,0,0,19,0,0,0.029,-0.015,-1.001,0.3,-0.5,0
114.748973700001,0,0,19,0,0,0.029,-0.015,-1.001,0.3,-0.5,0
114.758973700001,0,0,19,0,0,0.028,-0.016,-1.002,0.3,-0.6,0
114.768973700001,0,0,19,0,0,0.028,-0.016,-1.002,0.3,-0.6,0
114.778973700001,0,0,19,0,0,0.028,-0.016,-1.002,0.3,-0.6,0
114.788973700001,0,0,19,0,0,0.028,-0.016,-1.002,0.3,-0.6,0
114.798973700001,0,0,19,0,0,0.028,-0.016,-1.002,0.3,-0.6,0
114.808973700001,0,0,19,0,0,0.026,-0.015,-1,0.3,-0.6,0
114.818973700001,0,0,19,0,0,0.026,-0.015,-1,0.3,-0.6,0
114.828973700001,0,0,19,0,0,0.026,-0.015,-1,0.3,-0.6,0
114.838973700001,0,0,19,0,0,0.026,-0.015,-1,0.3,-0.6,0
114.848973700001,0,0,19,0,0,0.026,-0.015,-1,0.3,-0.6,0
114.858973700001,0,0,19,0,0,0.028,-0.015,-1.001,0.3,-0.6,0
114.868973700001,0,0,19,0,0,0.028,-0.015,-1.001,0.3,-0.6,0
114.878973700001,0,0,19,0,0,0.028,-0.015,-1.001,0.3,-0.6,0
114.888973700001,0,0,19,0,0,0.028,-0.015,-1.001,0.3,-0.6,0
114.898973700001,0,0,19,0,0,0.028,-0.015,-1.001,0.3,-0.6,0
114.908973700001,0,0,19,0,0,0.027,-0.014,-1.002,0.3,-0.6,0
114.918973700001,0,0,19,0,0,0.027,-0.014,-1.002,0.3,-0.6,0
114.928973700001,0,0,19,0,0,0.027,-0.014,-1.002,0.3,-0.6,0
114.938973700001,0,0,19,0,0,0.027,-0.014,-1.002,0.3,-0.6,0
114.948973700001,0,0,19,0,0,0.027,-0.014,-1.002,0.3,-0.6,0
114.958973700001,0,0,19,0,0,0.028,-0.015,-1.002,0.3,-0.5,0
114.968973700001,0,0,19,0,0,0.028,-0.015,-1.002,0.3,-0.5,0
114.978973700001,0,0,19,0,0,0.028,-0.015,-1.002,0.3,-0.5,0
114.988973700001,0,0,19,0,0,0.028,-0.015,-1.002,0.3,-0.5,0
114.998973700001,0,0,19,0,0,0.028,-0.015,-1.002,0.3,-0.5,0
115.008973700001,0,0,19,0,0,0.028,-0.015,-1,0.3,-0.5,0
115.018973700001,0,0,19,0,0,0.028,-0.015,-1,0.3,-0.5,0
115.028973700001,0,0,19,0,0,0.028,-0.015,-1,0.3,-0.5,0
115.038973700001,0,0,19,0,0,0.028,-0.015,-1,0.3,-0.5,0
115.048973700001,0,0,19,0,0,0.028,-0.015,-1,0.3,-0.5,0
115.058973700001,0,0,19,0,0,0.029,-0.015,-1.001,0.2,-0.5,0
115.068973700001,0,0,19,0,0,0.029,-0.015,-1.001,0.2,-0.5,0
115.078973700001,0,0,19,0,0,0.029,-0.015,-1.001,0.2,-0.5,0
115.088973700001,0,0,19,0,0,0.029,-0.015,-1.001,0.2,-0.5,0
115.098973700001,0,0,19,0,0,0.029,-0.015,-1.001,0.2,-0.5,0
115.108973700001,0,0,19,0,0,0.027,-0.015,-1.002,0.3,-0.5,0
115.118973700001,0,0,19,0,0,0.027,-0.015,-1.002,0.3,-0.5,0
115.128973700001,0,0,19,0,0,0.027,-0.015,-1.002,0.3,-0.5,0
115.138973700001,0,0,19,0,0,0.027,-0.015,-1.002,0.3,-0.5,0
115.148973700001,0,0,19,0,0,0.027,-0.015,-1.002,0.3,-0.5,0
115.158973700001,0,0.01,19,0,0,0.028,-0.015,-1.002,0.3,-0.6,0
115.168973700001,0,0.01,19,0,0,0.028,-0.015,-1.002,0.3,-0.6,0
115.178973700001,0,0.01,19,0,0,0.028,-0.015,-1.002,0.3,-0.6,0
115.188973700001,0,0.01,19,0,0,0.028,-0.015,-1.002,0.3,-0.6,0
115.198973700001,0,0.01,19,0,0,0.028,-0.015,-1.002,0.3,-0.6,0
115.208973700001,0,0,19,0,0,0.027,-0.016,-1.001,0.3,-0.5,0
115.218973700001,0,0,19,0,0,0.027,-0.016,-1.001,0.3,-0.5,0
115.228973700001,0,0,19,0,0,0.027,-0.016,-1.001,0.3,-0.5,0
115.238973700001,0,0,19,0,0,0.027,-0.016,-1.001,0.3,-0.5,0
115.248973700001,0,0,19,0,0,0.027,-0.016,-1.001,0.3,-0.5,0
115.258973700001,0,0,19,0,0,0.028,-0.015,-1.001,0.2,-0.6,0
115.268973700001,0,0,19,0,0,0.028,-0.015,-1.001,0.2,-0.6,0
115.278973700001,0,0,19,0,0,0.028,-0.015,-1.001,0.2,-0.6,0
115.288973700001,0,0,19,0,0,0.028,-0.015,-1.001,0.2,-0.6,0
115.298973700001,0,0,19,0,0,0.028,-0.015,-1.001,0.2,-0.6,0
115.308973700001,0,0,19,0,0,0.028,-0.015,-1.001,0.3,-0.5,0
115.318973700001,0,0,19,0,0,0.028,-0.015,-1.001,0.3,-0.5,0
115.328973700001,0,0,19,0,0,0.028,-0.015,-1.001,0.3,-0.5,0
115.338973700001,0,0,19,0,0,0.028,-0.015,-1.001,0.3,-0.5,0
115.348973700001,0,0,19,0,0,0.028,-0.015,-1.001,0.3,-0.5,0
115.358973700001,0,0,19,0,0,0.028,-0.015,-1.001,0.3,-0.6,0
115.368973700001,0,0,19,0,0,0.028,-0.015,-1.001,0.3,-0.6,0
115.378973700001,0,0,19,0,0,0.028,-0.015,-1.001,0.3,-0.6,0
115.388973700001,0,0,19,0,0,0.028,-0.015,-1.001,0.3,-0.6,0
115.398973700001,0,0,19,0,0,0.028,-0.015,-1.001,0.3,-0.6,0
115.408973700001,0,0,19,0,0,0.028,-0.015,-1.002,0.3,-0.6,0
115.418973700001,0,0,19,0,0,0.028,-0.015,-1.002,0.3,-0.6,0
115.428973700001,0,0,19,0,0,0.028,-0.015,-1.002,0.3,-0.6,0
115.438973700001,0,0,19,0,0,0.028,-0.015,-1.002,0.3,-0.6,0
115.448973700001,0,0,19,0,0,0.028,-0.015,-1.002,0.3,-0.6,0
115.458973700001,0,0,19,0,0,0.028,-0.016,-1.001,0.3,-0.6,0
115.468973700001,0,0,19,0,0,0.028,-0.016,-1.001,0.3,-0.6,0
115.478973700001,0,0,19,0,0,0.028,-0.016,-1.001,0.3,-0.6,0
115.488973700001,0,0,19,0,0,0.028,-0.016,-1.001,0.3,-0.6,0
115.498973700001,0,0,19,0,0,0.028,-0.016,-1.001,0.3,-0.6,0
115.508973700001,0,0,19,0,0,0.028,-0.015,-1.002,0.3,-0.6,0
115.518973700001,0,0,19,0,0,0.028,-0.015,-1.002,0.3,-0.6,0
115.528973700001,0,0,19,0,0,0.028,-0.015,-1.002,0.3,-0.6,0
115.538973700001,0,0,19,0,0,0.028,-0.015,-1.002,0.3,-0.6,0
115.548973700001,0,0,19,0,0,0.028,-0.015,-1.002,0.3,-0.6,0
115.558973700001,0,0,19,0,0,0.028,-0.016,-1.001,0.3,-0.6,0
115.568973700001,0,0,19,0,0,0.028,-0.016,-1.001,0.3,-0.6,0
115.578973700001,0,0,19,0,0,0.028,-0.016,-1.001,0.3,-0.6,0
115.588973700001,0,0,19,0,0,0.028,-0.016,-1.001,0.3,-0.6,0
115.598973700001,0,0,19,0,0,0.028,-0.016,-1.001,0.3,-0.6,0
115.608973700001,0,0,19,0,0,0.028,-0.014,-1.001,0.3,-0.6,0
115.618973700001,0,0,19,0,0,0.028,-0.014,-1.001,0.3,-0.6,0
115.628973700001,0,0,19,0,0,0.028,-0.014,-1.001,0.3,-0.6,0
115.638973700001,0,0,19,0,0,0.028,-0.014,-1.001,0.3,-0.6,0
115.648973700001,0,0,19,0,0,0.028,-0.014,-1.001,0.3,-0.6,0
115.658973700001,0,0.01,19,0,0,0.027,-0.016,-1.001,0.3,-0.5,0.1
115.668973700001,0,0.01,19,0,0,0.027,-0.016,-1.001,0.3,-0.5,0.1
115.678973700001,0,0.01,19,0,0,0.027,-0.016,-1.001,0.3,-0.5,0.1
115.688973700001,0,0.01,19,0,0,0.027,-0.016,-1.001,0.3,-0.5,0.1
115.698973700001,0,0.01,19,0,0,0.027,-0.016,-1.001,0.3,-0.5,0.1
115.708973700001,0,0,19,0,0,0.028,-0.014,-1.001,0.3,-0.6,0
115.718973700001,0,0,19,0,0,0.028,-0.014,-1.001,0.3,-0.6,0
115.728973700001,0,0,19,0,0,0.028,-0.014,-1.001,0.3,-0.6,0
115.738973700001,0,0,19,0,0,0.028,-0.014,-1.001,0.3,-0.6,0
115.748973700001,0,0,19,0,0,0.028,-0.014,-1.001,0.3,-0.6,0
115.758973700001,0,0,19,0,0,0.027,-0.014,-1.001,0.3,-0.6,0
115.768973700001,0,0,19,0,0,0.027,-0.014,-1.001,0.3,-0.6,0
115.778973700001,0,0,19,0,0,0.027,-0.014,-1.001,0.3,-0.6,0
115.788973700001,0,0,19,0,0,0.027,-0.014,-1.001,0.3,-0.6,0
115.798973700001,0,0,19,0,0,0.027,-0.014,-1.001,0.3,-0.6,0
115.808973700002,0,0,19,0,0,0.028,-0.015,-1.001,0.3,-0.6,0
115.818973700002,0,0,19,0,0,0.028,-0.015,-1.001,0.3,-0.6,0
115.828973700001,0,0,19,0,0,0.028,-0.015,-1.001,0.3,-0.6,0
115.838973700002,0,0,19,0,0,0.028,-0.015,-1.001,0.3,-0.6,0
115.848973700002,0,0,19,0,0,0.028,-0.015,-1.001,0.3,-0.6,0
115.858973700002,0,0,19,0,0,0.027,-0.015,-1,0.3,-0.6,0
115.868973700002,0,0,19,0,0,0.027,-0.015,-1,0.3,-0.6,0
115.878973700002,0,0,19,0,0,0.027,-0.015,-1,0.3,-0.6,0
115.888973700002,0,0,19,0,0,0.027,-0.015,-1,0.3,-0.6,0
115.898973700002,0,0,19,0,0,0.027,-0.015,-1,0.3,-0.6,0
115.908973700002,0,0,19,0,0,0.028,-0.016,-1.002,0.3,-0.6,0
115.918973700002,0,0,19,0,0,0.028,-0.016,-1.002,0.3,-0.6,0
115.928973700002,0,0,19,0,0,0.028,-0.016,-1.002,0.3,-0.6,0
115.938973700002,0,0,19,0,0,0.028,-0.016,-1.002,0.3,-0.6,0
115.948973700002,0,0,19,0,0,0.028,-0.016,-1.002,0.3,-0.6,0
115.958973700002,0,0,19,0,0,0.028,-0.014,-1.001,0.3,-0.6,0
115.968973700002,0,0,19,0,0,0.028,-0.014,-1.001,0.3,-0.6,0
115.978973700002,0,0,19,0,0,0.028,-0.014,-1.001,0.3,-0.6,0
115.988973700002,0,0,19,0,0,0.028,-0.014,-1.001,0.3,-0.6,0
115.998973700002,0,0,19,0,0,0.028,-0.014,-1.001,0.3,-0.6,0
116.008973700002,0,0,19,0,0,0.028,-0.016,-1.001,0.3,-0.6,0
116.018973700002,0,0,19,0,0,0.028,-0.016,-1.001,0.3,-0.6,0
116.028973700002,0,0,19,0,0,0.028,-0.016,-1.001,0.3,-0.6,0
116.038973700002,0,0,19,0,0,0.028,-0.016,-1.001,0.3,-0.6,0
116.048973700002,0,0,19,0,0,0.028,-0.016,-1.001,0.3,-0.6,0
116.058973700002,0,0.01,19,0,0,0.028,-0.016,-1.001,0.3,-0.5,0
116.068973700002,0,0.01,19,0,0,0.028,-0.016,-1.001,0.3,-0.5,0
116.078973700002,0,0.01,19,0,0,0.028,-0.016,-1.001,0.3,-0.5,0
116.088973700002,0,0.01,19,0,0,0.028,-0.016,-1.001,0.3,-0.5,0
116.098973700002,0,0.01,19,0,0,0.028,-0.016,-1.001,0.3,-0.5,0
116.108973700002,0,0.01,19,0,0,0.027,-0.014,-1.001,0.3,-0.6,0
116.118973700002,0,0.01,19,0,0,0.027,-0.014,-1.001,0.3,-0.6,0
116.128973700002,0,0.01,19,0,0,0.027,-0.014,-1.001,0.3,-0.6,0
116.138973700002,0,0.01,19,0,0,0.027,-0.014,-1.001,0.3,-0.6,0
116.148973700002,0,0.01,19,0,0,0.027,-0.014,-1.001,0.3,-0.6,0
116.158973700002,0,0.01,19,0,0,0.028,-0.015,-1.001,0.3,-0.6,0
116.168973700002,0,0.01,19,0,0,0.028,-0.015,-1.001,0.3,-0.6,0
116.178973700002,0,0.01,19,0,0,0.028,-0.015,-1.001,0.3,-0.6,0
116.188973700002,0,0.01,19,0,0,0.028,-0.015,-1.001,0.3,-0.6,0
116.198973700002,0,0.01,19,0,0,0.028,-0.015,-1.001,0.3,-0.6,0
116.208973700002,0,0.01,19,0,0,0.028,-0.015,-1.001,0.3,-0.6,0
116.218973700002,0,0.01,19,0,0,0.028,-0.015,-1.001,0.3,-0.6,0
116.228973700002,0,0.01,19,0,0,0.028,-0.015,-1.001,0.3,-0.6,0
116.238973700002,0,0.01,19,0,0,0.028,-0.015,-1.001,0.3,-0.6,0
116.248973700002,0,0.01,19,0,0,0.028,-0.015,-1.001,0.3,-0.6,0
116.258973700002,0,0.01,19,0,0,0.028,-0.015,-1.001,0.3,-0.6,0
116.268973700002,0,0.01,19,0,0,0.028,-0.015,-1.001,0.3,-0.6,0
116.278973700002,0,0.01,19,0,0,0.028,-0.015,-1.001,0.3,-0.6,0
116.288973700002,0,0.01,19,0,0,0.028,-0.015,-1.001,0.3,-0.6,0
116.298973700002,0,0.01,19,0,0,0.028,-0.015,-1.001,0.3,-0.6,0
116.308973700002,0,0,19,0,0,0.028,-0.015,-1.001,0.3,-0.6,0
116.318973700002,0,0,19,0,0,0.028,-0.015,-1.001,0.3,-0.6,0
116.328973700002,0,0,19,0,0,0.028,-0.015,-1.001,0.3,-0.6,0
116.338973700002,0,0,19,0,0,0.028,-0.015,-1.001,0.3,-0.6,0
116.348973700002,0,0,19,0,0,0.028,-0.015,-1.001,0.3,-0.6,0
116.358973700002,0,0,19,0,0,0.028,-0.014,-1.002,0.3,-0.6,0.1
116.368973700002,0,0,19,0,0,0.028,-0.014,-1.002,0.3,-0.6,0.1
116.378973700002,0,0,19,0,0,0.028,-0.014,-1.002,0.3,-0.6,0.1
116.388973700002,0,0,19,0,0,0.028,-0.014,-1.002,0.3,-0.6,0.1
116.398973700002,0,0,19,0,0,0.028,-0.014,-1.002,0.3,-0.6,0.1
116.408973700002,0,0,19,0,0,0.028,-0.015,-1.001,0.3,-0.5,0
116.418973700002,0,0,19,0,0,0.028,-0.015,-1.001,0.3,-0.5,0
116.428973700002,0,0,19,0,0,0.028,-0.015,-1.001,0.3,-0.5,0
116.438973700002,0,0,19,0,0,0.028,-0.015,-1.001,0.3,-0.5,0
116.448973700002,0,0,19,0,0,0.028,-0.015,-1.001,0.3,-0.5,0
116.458973700002,0,0,19,0,0,0.027,-0.013,-1.002,0.3,-0.6,0
116.468973700002,0,0,19,0,0,0.027,-0.013,-1.002,0.3,-0.6,0
116.478973700002,0,0,19,0,0,0.027,-0.013,-1.002,0.3,-0.6,0
116.488973700002,0,0,19,0,0,0.027,-0.013,-1.002,0.3,-0.6,0
116.498973700002,0,0,19,0,0,0.027,-0.013,-1.002,0.3,-0.6,0
116.508973700002,0,0,19,0,0,0.028,-0.015,-1.001,0.3,-0.6,0
116.518973700002,0,0,19,0,0,0.028,-0.015,-1.001,0.3,-0.6,0
116.528973700002,0,0,19,0,0,0.028,-0.015,-1.001,0.3,-0.6,0
116.538973700002,0,0,19,0,0,0.028,-0.015,-1.001,0.3,-0.6,0
116.548973700002,0,0,19,0,0,0.028,-0.015,-1.001,0.3,-0.6,0
116.558973700002,0,0,19,0,0,0.027,-0.016,-1,0.3,-0.5,0
116.568973700002,0,0,19,0,0,0.027,-0.016,-1,0.3,-0.5,0
116.578973700002,0,0,19,0,0,0.027,-0.016,-1,0.3,-0.5,0
116.588973700002,0,0,19,0,0,0.027,-0.016,-1,0.3,-0.5,0
116.598973700002,0,0,19,0,0,0.027,-0.016,-1,0.3,-0.5,0
116.608973700002,0,0.01,19,0,0,0.028,-0.014,-1.002,0.3,-0.6,0
116.618973700002,0,0.01,19,0,0,0.028,-0.014,-1.002,0.3,-0.6,0
116.628973700002,0,0.01,19,0,0,0.028,-0.014,-1.002,0.3,-0.6,0
116.638973700002,0,0.01,19,0,0,0.028,-0.014,-1.002,0.3,-0.6,0
116.648973700002,0,0.01,19,0,0,0.028,-0.014,-1.002,0.3,-0.6,0
116.658973700002,0,0,19,0,0,0.029,-0.016,-1,0.4,-0.5,0
116.668973700002,0,0,19,0,0,0.029,-0.016,-1,0.4,-0.5,0
116.678973700002,0,0,19,0,0,0.029,-0.016,-1,0.4,-0.5,0
116.688973700002,0,0,19,0,0,0.029,-0.016,-1,0.4,-0.5,0
116.698973700002,0,0,19,0,0,0.029,-0.016,-1,0.4,-0.5,0
116.708973700002,0,0,19,0,0,0.029,-0.015,-1.001,0.4,-0.5,0
116.718973700002,0,0,19,0,0,0.029,-0.015,-1.001,0.4,-0.5,0
116.728973700002,0,0,19,0,0,0.029,-0.015,-1.001,0.4,-0.5,0
116.738973700002,0,0,19,0,0,0.029,-0.015,-1.001,0.4,-0.5,0
116.748973700002,0,0,19,0,0,0.029,-0.015,-1.001,0.4,-0.5,0
116.758973700002,0,0,19,0,0,0.028,-0.015,-1.002,0.3,-0.6,0
116.768973700002,0,0,19,0,0,0.028,-0.015,-1.002,0.3,-0.6,0
116.778973700002,0,0,19,0,0,0.028,-0.015,-1.002,0.3,-0.6,0
116.788973700002,0,0,19,0,0,0.028,-0.015,-1.002,0.3,-0.6,0
116.798973700002,0,0,19,0,0,0.028,-0.015,-1.002,0.3,-0.6,0
116.808973700002,0,0,19,0,0,0.028,-0.014,-1.001,0.3,-0.6,0
116.818973700002,0,0,19,0,0,0.028,-0.014,-1.001,0.3,-0.6,0
116.828973700002,0,0,19,0,0,0.028,-0.014,-1.001,0.3,-0.6,0
116.838973700002,0,0,19,0,0,0.028,-0.014,-1.001,0.3,-0.6,0
116.848973700002,0,0,19,0,0,0.028,-0.014,-1.001,0.3,-0.6,0
116.858973700002,0,0,19,0,0,0.028,-0.014,-1.001,0.3,-0.6,0
116.868973700002,0,0,19,0,0,0.028,-0.014,-1.001,0.3,-0.6,0
116.878973700002,0,0,19,0,0,0.028,-0.014,-1.001,0.3,-0.6,0
116.888973700002,0,0,19,0,0,0.028,-0.014,-1.001,0.3,-0.6,0
116.898973700002,0,0,19,0,0,0.028,-0.014,-1.001,0.3,-0.6,0
116.908973700002,0,0,19,0,0,0.028,-0.015,-1,0.3,-0.6,0
116.918973700002,0,0,19,0,0,0.028,-0.015,-1,0.3,-0.6,0
116.928973700002,0,0,19,0,0,0.028,-0.015,-1,0.3,-0.6,0
116.938973700002,0,0,19,0,0,0.028,-0.015,-1,0.3,-0.6,0
116.948973700002,0,0,19,0,0,0.028,-0.015,-1,0.3,-0.6,0
116.958973700002,0,0,19,0,0,0.028,-0.015,-1.002,0.3,-0.6,0
116.968973700002,0,0,19,0,0,0.028,-0.015,-1.002,0.3,-0.6,0
116.978973700002,0,0,19,0,0,0.028,-0.015,-1.002,0.3,-0.6,0
116.988973700002,0,0,19,0,0,0.028,-0.015,-1.002,0.3,-0.6,0
116.998973700002,0,0,19,0,0,0.028,-0.015,-1.002,0.3,-0.6,0
117.008973700002,0,0.01,19,0,0,0.028,-0.015,-1,0.3,-0.6,0
117.018973700002,0,0.01,19,0,0,0.028,-0.015,-1,0.3,-0.6,0
117.028973700002,0,0.01,19,0,0,0.028,-0.015,-1,0.3,-0.6,0
117.038973700002,0,0.01,19,0,0,0.028,-0.015,-1,0.3,-0.6,0
117.048973700002,0,0.01,19,0,0,0.028,-0.015,-1,0.3,-0.6,0
117.058973700002,0,0,19,0,0,0.028,-0.015,-1.002,0.3,-0.6,0
117.068973700002,0,0,19,0,0,0.028,-0.015,-1.002,0.3,-0.6,0
117.078973700002,0,0,19,0,0,0.028,-0.015,-1.002,0.3,-0.6,0
117.088973700002,0,0,19,0,0,0.028,-0.015,-1.002,0.3,-0.6,0
117.098973700002,0,0,19,0,0,0.028,-0.015,-1.002,0.3,-0.6,0
117.108973700002,0,0,19,0,0,0.028,-0.016,-1,0.3,-0.6,0
117.118973700002,0,0,19,0,0,0.028,-0.016,-1,0.3,-0.6,0
117.128973700002,0,0,19,0,0,0.028,-0.016,-1,0.3,-0.6,0
117.138973700002,0,0,19,0,0,0.028,-0.016,-1,0.3,-0.6,0
117.148973700002,0,0,19,0,0,0.028,-0.016,-1,0.3,-0.6,0
117.158973700002,0,0,19,0,0,0.027,-0.014,-1.002,0.3,-0.6,0
117.168973700002,0,0,19,0,0,0.027,-0.014,-1.002,0.3,-0.6,0
117.178973700002,0,0,19,0,0,0.027,-0.014,-1.002,0.3,-0.6,0
117.188973700002,0,0,19,0,0,0.027,-0.014,-1.002,0.3,-0.6,0
117.198973700002,0,0,19,0,0,0.027,-0.014,-1.002,0.3,-0.6,0
117.208973700002,0,0,19,0,0,0.027,-0.015,-1.002,0.3,-0.6,0
117.218973700002,0,0,19,0,0,0.027,-0.015,-1.002,0.3,-0.6,0
117.228973700002,0,0,19,0,0,0.027,-0.015,-1.002,0.3,-0.6,0
117.238973700002,0,0,19,0,0,0.027,-0.015,-1.002,0.3,-0.6,0
117.248973700002,0,0,19,0,0,0.027,-0.015,-1.002,0.3,-0.6,0
117.258973700002,0,0.01,19,0,0,0.028,-0.015,-1.001,0.3,-0.6,0
117.268973700002,0,0.01,19,0,0,0.028,-0.015,-1.001,0.3,-0.6,0
117.278973700002,0,0.01,19,0,0,0.028,-0.015,-1.001,0.3,-0.6,0
117.288973700002,0,0.01,19,0,0,0.028,-0.015,-1.001,0.3,-0.6,0
117.298973700002,0,0.01,19,0,0,0.028,-0.015,-1.001,0.3,-0.6,0
117.308973700002,0,0,19,0,0,0.028,-0.015,-1,0.2,-0.6,0
117.318973700002,0,0,19,0,0,0.028,-0.015,-1,0.2,-0.6,0
117.328973700002,0,0,19,0,0,0.028,-0.015,-1,0.2,-0.6,0
117.338973700002,0,0,19,0,0,0.028,-0.015,-1,0.2,-0.6,0
117.348973700002,0,0,19,0,0,0.028,-0.015,-1,0.2,-0.6,0
117.358973700002,0,0,19,0,0,0.028,-0.016,-1.002,0.3,-0.6,0
117.368973700002,0,0,19,0,0,0.028,-0.016,-1.002,0.3,-0.6,0
117.378973700002,0,0,19,0,0,0.028,-0.016,-1.002,0.3,-0.6,0
117.388973700002,0,0,19,0,0,0.028,-0.016,-1.002,0.3,-0.6,0
117.398973700002,0,0,19,0,0,0.028,-0.016,-1.002,0.3,-0.6,0
117.408973700002,0,0,19,0,0,0.028,-0.015,-1.002,0.3,-0.6,0
117.418973700002,0,0,19,0,0,0.028,-0.015,-1.002,0.3,-0.6,0
117.428973700002,0,0,19,0,0,0.028,-0.015,-1.002,0.3,-0.6,0
117.438973700002,0,0,19,0,0,0.028,-0.015,-1.002,0.3,-0.6,0
117.448973700002,0,0,19,0,0,0.028,-0.015,-1.002,0.3,-0.6,0
117.458973700002,0,0,19,0,0,0.028,-0.015,-1.001,0.3,-0.5,0.1
117.468973700002,0,0,19,0,0,0.028,-0.015,-1.001,0.3,-0.5,0.1
117.478973700002,0,0,19,0,0,0.028,-0.015,-1.001,0.3,-0.5,0.1
117.488973700002,0,0,19,0,0,0.028,-0.015,-1.001,0.3,-0.5,0.1
117.498973700002,0,0,19,0,0,0.028,-0.015,-1.001,0.3,-0.5,0.1
117.508973700002,0,0,19,0,0,0.028,-0.015,-1.001,0.3,-0.6,0
117.518973700002,0,0,19,0,0,0.028,-0.015,-1.001,0.3,-0.6,0
117.528973700002,0,0,19,0,0,0.028,-0.015,-1.001,0.3,-0.6,0
117.538973700002,0,0,19,0,0,0.028,-0.015,-1.001,0.3,-0.6,0
117.548973700002,0,0,19,0,0,0.028,-0.015,-1.001,0.3,-0.6,0
117.558973700002,0,0,19,0,0,0.028,-0.015,-1.002,0.3,-0.6,0
117.568973700002,0,0,19,0,0,0.028,-0.015,-1.002,0.3,-0.6,0
117.578973700002,0,0,19,0,0,0.028,-0.015,-1.002,0.3,-0.6,0
117.588973700002,0,0,19,0,0,0.028,-0.015,-1.002,0.3,-0.6,0
117.598973700002,0,0,19,0,0,0.028,-0.015,-1.002,0.3,-0.6,0
117.608973700002,0,0,19,0,0,0.028,-0.015,-1.001,0.3,-0.5,0
117.618973700002,0,0,19,0,0,0.028,-0.015,-1.001,0.3,-0.5,0
117.628973700002,0,0,19,0,0,0.028,-0.015,-1.001,0.3,-0.5,0
117.638973700002,0,0,19,0,0,0.028,-0.015,-1.001,0.3,-0.5,0
117.648973700002,0,0,19,0,0,0.028,-0.015,-1.001,0.3,-0.5,0
117.658973700002,0,0,19,0,0,0.027,-0.014,-1.001,0.3,-0.6,0
117.668973700002,0,0,19,0,0,0.027,-0.014,-1.001,0.3,-0.6,0
117.678973700002,0,0,19,0,0,0.027,-0.014,-1.001,0.3,-0.6,0
117.688973700002,0,0,19,0,0,0.027,-0.014,-1.001,0.3,-0.6,0
117.698973700002,0,0,19,0,0,0.027,-0.014,-1.001,0.3,-0.6,0
117.708973700002,0,0,19,0,0,0.028,-0.015,-1.002,0.3,-0.6,0
117.718973700002,0,0,19,0,0,0.028,-0.015,-1.002,0.3,-0.6,0
117.728973700002,0,0,19,0,0,0.028,-0.015,-1.002,0.3,-0.6,0
117.738973700002,0,0,19,0,0,0.028,-0.015,-1.002,0.3,-0.6,0
117.748973700002,0,0,19,0,0,0.028,-0.015,-1.002,0.3,-0.6,0
117.758973700002,0,0,19,0,0,0.028,-0.014,-1.001,0.3,-0.6,0
117.768973700002,0,0,19,0,0,0.028,-0.014,-1.001,0.3,-0.6,0
117.778973700002,0,0,19,0,0,0.028,-0.014,-1.001,0.3,-0.6,0
117.788973700002,0,0,19,0,0,0.028,-0.014,-1.001,0.3,-0.6,0
117.798973700002,0,0,19,0,0,0.028,-0.014,-1.001,0.3,-0.6,0
117.808973700002,0,0.01,19,0,0,0.028,-0.015,-1,0.3,-0.6,0
117.818973700002,0,0.01,19,0,0,0.028,-0.015,-1,0.3,-0.6,0
117.828973700002,0,0.01,19,0,0,0.028,-0.015,-1,0.3,-0.6,0
117.838973700002,0,0.01,19,0,0,0.028,-0.015,-1,0.3,-0.6,0
117.848973700002,0,0.01,19,0,0,0.028,-0.015,-1,0.3,-0.6,0
117.858973700002,0,0.01,19,0,0,0.028,-0.016,-1,0.3,-0.6,0
117.868973700002,0,0.01,19,0,0,0.028,-0.016,-1,0.3,-0.6,0
117.878973700002,0,0.01,19,0,0,0.028,-0.016,-1,0.3,-0.6,0
117.888973700002,0,0.01,19,0,0,0.028,-0.016,-1,0.3,-0.6,0
117.898973700002,0,0.01,19,0,0,0.028,-0.016,-1,0.3,-0.6,0
117.908973700002,0,0,19,0,0,0.028,-0.015,-1.001,0.3,-0.6,0
117.918973700002,0,0,19,0,0,0.028,-0.015,-1.001,0.3,-0.6,0
117.928973700002,0,0,19,0,0,0.028,-0.015,-1.001,0.3,-0.6,0
117.938973700002,0,0,19,0,0,0.028,-0.015,-1.001,0.3,-0.6,0
117.948973700002,0,0,19,0,0,0.028,-0.015,-1.001,0.3,-0.6,0
117.958973700002,0,0,19,0,0,0.027,-0.015,-1.002,0.3,-0.6,0
117.968973700002,0,0,19,0,0,0.027,-0.015,-1.002,0.3,-0.6,0
117.978973700002,0,0,19,0,0,0.027,-0.015,-1.002,0.3,-0.6,0
117.988973700002,0,0,19,0,0,0.027,-0.015,-1.002,0.3,-0.6,0
117.998973700002,0,0,19,0,0,0.027,-0.015,-1.002,0.3,-0.6,0
118.008973700002,0,0,19,0,0,0.028,-0.015,-1.001,0.3,-0.6,0
118.018973700002,0,0,19,0,0,0.028,-0.015,-1.001,0.3,-0.6,0
118.028973700002,0,0,19,0,0,0.028,-0.015,-1.001,0.3,-0.6,0
118.038973700002,0,0,19,0,0,0.028,-0.015,-1.001,0.3,-0.6,0
118.048973700002,0,0,19,0,0,0.028,-0.015,-1.001,0.3,-0.6,0
118.058973700002,0,0,19,0,0,0.028,-0.015,-1.001,0.3,-0.6,0
118.068973700002,0,0,19,0,0,0.028,-0.015,-1.001,0.3,-0.6,0
118.078973700002,0,0,19,0,0,0.028,-0.015,-1.001,0.3,-0.6,0
118.088973700002,0,0,19,0,0,0.028,-0.015,-1.001,0.3,-0.6,0
118.098973700002,0,0,19,0,0,0.028,-0.015,-1.001,0.3,-0.6,0
118.108973700002,0,0,19,0,0,0.029,-0.016,-1.002,0.3,-0.6,0
118.118973700002,0,0,19,0,0,0.029,-0.016,-1.002,0.3,-0.6,0
118.128973700002,0,0,19,0,0,0.029,-0.016,-1.002,0.3,-0.6,0
118.138973700002,0,0,19,0,0,0.029,-0.016,-1.002,0.3,-0.6,0
118.148973700002,0,0,19,0,0,0.029,-0.016,-1.002,0.3,-0.6,0
118.158973700002,0,0,19,0,0,0.027,-0.014,-1.001,0.3,-0.6,0
118.168973700002,0,0,19,0,0,0.027,-0.014,-1.001,0.3,-0.6,0
118.178973700002,0,0,19,0,0,0.027,-0.014,-1.001,0.3,-0.6,0
118.188973700002,0,0,19,0,0,0.027,-0.014,-1.001,0.3,-0.6,0
118.198973700002,0,0,19,0,0,0.027,-0.014,-1.001,0.3,-0.6,0
118.208973700002,0,0.01,19,0,0,0.028,-0.016,-1.002,0.2,-0.6,0
118.218973700002,0,0.01,19,0,0,0.028,-0.016,-1.002,0.2,-0.6,0
118.228973700002,0,0.01,19,0,0,0.028,-0.016,-1.002,0.2,-0.6,0
118.238973700002,0,0.01,19,0,0,0.028,-0.016,-1.002,0.2,-0.6,0
118.248973700002,0,0.01,19,0,0,0.028,-0.016,-1.002,0.2,-0.6,0
118.258973700002,0,0,19,0,0,0.028,-0.015,-1.001,0.3,-0.5,0.1
118.268973700002,0,0,19,0,0,0.028,-0.015,-1.001,0.3,-0.5,0.1
118.278973700002,0,0,19,0,0,0.028,-0.015,-1.001,0.3,-0.5,0.1
118.288973700002,0,0,19,0,0,0.028,-0.015,-1.001,0.3,-0.5,0.1
118.298973700002,0,0,19,0,0,0.028,-0.015,-1.001,0.3,-0.5,0.1
118.308973700002,0,0,19,0,0,0.028,-0.015,-1,0.3,-0.6,0.1
118.318973700002,0,0,19,0,0,0.028,-0.015,-1,0.3,-0.6,0.1
118.328973700002,0,0,19,0,0,0.028,-0.015,-1,0.3,-0.6,0.1
118.338973700002,0,0,19,0,0,0.028,-0.015,-1,0.3,-0.6,0.1
118.348973700002,0,0,19,0,0,0.028,-0.015,-1,0.3,-0.6,0.1
118.358973700002,0,0,19,0,0,0.028,-0.015,-1,0.3,-0.6,0
118.368973700002,0,0,19,0,0,0.028,-0.015,-1,0.3,-0.6,0
118.378973700002,0,0,19,0,0,0.028,-0.015,-1,0.3,-0.6,0
118.388973700002,0,0,19,0,0,0.028,-0.015,-1,0.3,-0.6,0
118.398973700002,0,0,19,0,0,0.028,-0.015,-1,0.3,-0.6,0
118.408973700002,0,0,19,0,0,0.029,-0.014,-1,0.3,-0.6,0.1
118.418973700002,0,0,19,0,0,0.029,-0.014,-1,0.3,-0.6,0.1
118.428973700002,0,0,19,0,0,0.029,-0.014,-1,0.3,-0.6,0.1
118.438973700002,0,0,19,0,0,0.029,-0.014,-1,0.3,-0.6,0.1
118.448973700002,0,0,19,0,0,0.029,-0.014,-1,0.3,-0.6,0.1
118.458973700002,0,0,19,0,0,0.029,-0.016,-1.001,0.3,-0.6,0
118.468973700002,0,0,19,0,0,0.029,-0.016,-1.001,0.3,-0.6,0
118.478973700002,0,0,19,0,0,0.029,-0.016,-1.001,0.3,-0.6,0
118.488973700002,0,0,19,0,0,0.029,-0.016,-1.001,0.3,-0.6,0
118.498973700002,0,0,19,0,0,0.029,-0.016,-1.001,0.3,-0.6,0
118.508973700002,0,0.01,19,0,0,0.028,-0.014,-1.001,0.3,-0.6,0
118.518973700002,0,0.01,19,0,0,0.028,-0.014,-1.001,0.3,-0.6,0
118.528973700002,0,0.01,19,0,0,0.028,-0.014,-1.001,0.3,-0.6,0
118.538973700002,0,0.01,19,0,0,0.028,-0.014,-1.001,0.3,-0.6,0
118.548973700002,0,0.01,19,0,0,0.028,-0.014,-1.001,0.3,-0.6,0
118.558973700002,0,0,19,0,0,0.027,-0.016,-1.002,0.3,-0.6,0
118.568973700002,0,0,19,0,0,0.027,-0.016,-1.002,0.3,-0.6,0
118.578973700002,0,0,19,0,0,0.027,-0.016,-1.002,0.3,-0.6,0
118.588973700002,0,0,19,0,0,0.027,-0.016,-1.002,0.3,-0.6,0
118.598973700002,0,0,19,0,0,0.027,-0.016,-1.002,0.3,-0.6,0
118.608973700002,0,0,19,0,0,0.028,-0.014,-1.002,0.3,-0.6,0.1
118.618973700002,0,0,19,0,0,0.028,-0.014,-1.002,0.3,-0.6,0.1
118.628973700002,0,0,19,0,0,0.028,-0.014,-1.002,0.3,-0.6,0.1
118.638973700002,0,0,19,0,0,0.028,-0.014,-1.002,0.3,-0.6,0.1
118.648973700002,0,0,19,0,0,0.028,-0.014,-1.002,0.3,-0.6,0.1
118.658973700002,0,0,19,0,0,0.028,-0.015,-1.001,0.3,-0.5,0
118.668973700002,0,0,19,0,0,0.028,-0.015,-1.001,0.3,-0.5,0
118.678973700002,0,0,19,0,0,0.028,-0.015,-1.001,0.3,-0.5,0
118.688973700002,0,0,19,0,0,0.028,-0.015,-1.001,0.3,-0.5,0
118.698973700002,0,0,19,0,0,0.028,-0.015,-1.001,0.3,-0.5,0
118.708973700002,0,0,19,0,0,0.028,-0.015,-1.001,0.3,-0.6,0
118.718973700002,0,0,19,0,0,0.028,-0.015,-1.001,0.3,-0.6,0
118.728973700002,0,0,19,0,0,0.028,-0.015,-1.001,0.3,-0.6,0
118.738973700002,0,0,19,0,0,0.028,-0.015,-1.001,0.3,-0.6,0
118.748973700002,0,0,19,0,0,0.028,-0.015,-1.001,0.3,-0.6,0
118.758973700002,0,0,19,0,0,0.028,-0.015,-1,0.3,-0.6,0
118.768973700002,0,0,19,0,0,0.028,-0.015,-1,0.3,-0.6,0
118.778973700002,0,0,19,0,0,0.028,-0.015,-1,0.3,-0.6,0
118.788973700002,0,0,19,0,0,0.028,-0.015,-1,0.3,-0.6,0
118.798973700002,0,0,19,0,0,0.028,-0.015,-1,0.3,-0.6,0
118.808973700002,0,0,19,0,0,0.028,-0.015,-1,0.3,-0.6,0
118.818973700002,0,0,19,0,0,0.028,-0.015,-1,0.3,-0.6,0
118.828973700002,0,0,19,0,0,0.028,-0.015,-1,0.3,-0.6,0
118.838973700002,0,0,19,0,0,0.028,-0.015,-1,0.3,-0.6,0
118.848973700002,0,0,19,0,0,0.028,-0.015,-1,0.3,-0.6,0
118.858973700002,0,0,19,0,0,0.029,-0.014,-1,0.3,-0.6,0.1
118.868973700002,0,0,19,0,0,0.029,-0.014,-1,0.3,-0.6,0.1
118.878973700002,0,0,19,0,0,0.029,-0.014,-1,0.3,-0.6,0.1
118.888973700002,0,0,19,0,0,0.029,-0.014,-1,0.3,-0.6,0.1
118.898973700002,0,0,19,0,0,0.029,-0.014,-1,0.3,-0.6,0.1
118.908973700002,0,0,19,0,0,0.028,-0.016,-1.001,0.3,-0.6,0
118.918973700002,0,0,19,0,0,0.028,-0.016,-1.001,0.3,-0.6,0
118.928973700002,0,0,19,0,0,0.028,-0.016,-1.001,0.3,-0.6,0
118.938973700002,0,0,19,0,0,0.028,-0.016,-1.001,0.3,-0.6,0
118.948973700002,0,0,19,0,0,0.028,-0.016,-1.001,0.3,-0.6,0
118.958973700002,0,0.01,19,0,0,0.029,-0.014,-1.001,0.3,-0.5,0
118.968973700002,0,0.01,19,0,0,0.029,-0.014,-1.001,0.3,-0.5,0
118.978973700002,0,0.01,19,0,0,0.029,-0.014,-1.001,0.3,-0.5,0
118.988973700002,0,0.01,19,0,0,0.029,-0.014,-1.001,0.3,-0.5,0
118.998973700002,0,0.01,19,0,0,0.029,-0.014,-1.001,0.3,-0.5,0
119.008973700002,0,0,19,0,0,0.028,-0.015,-1.001,0.2,-0.6,0
119.018973700002,0,0,19,0,0,0.028,-0.015,-1.001,0.2,-0.6,0
119.028973700002,0,0,19,0,0,0.028,-0.015,-1.001,0.2,-0.6,0
119.038973700002,0,0,19,0,0,0.028,-0.015,-1.001,0.2,-0.6,0
119.048973700002,0,0,19,0,0,0.028,-0.015,-1.001,0.2,-0.6,0
119.058973700002,0,0,19,0,0,0.028,-0.014,-1.001,0.3,-0.6,0.1
119.068973700002,0,0,19,0,0,0.028,-0.014,-1.001,0.3,-0.6,0.1
119.078973700002,0,0,19,0,0,0.028,-0.014,-1.001,0.3,-0.6,0.1
119.088973700002,0,0,19,0,0,0.028,-0.014,-1.001,0.3,-0.6,0.1
119.098973700002,0,0,19,0,0,0.028,-0.014,-1.001,0.3,-0.6,0.1
119.108973700002,0,0,19,0,0,0.028,-0.016,-1,0.3,-0.6,0
119.118973700002,0,0,19,0,0,0.028,-0.016,-1,0.3,-0.6,0
119.128973700002,0,0,19,0,0,0.028,-0.016,-1,0.3,-0.6,0
119.138973700002,0,0,19,0,0,0.028,-0.016,-1,0.3,-0.6,0
119.148973700002,0,0,19,0,0,0.028,-0.016,-1,0.3,-0.6,0
119.158973700002,0,0,19,0,0,0.027,-0.013,-1.001,0.2,-0.6,0
119.168973700002,0,0,19,0,0,0.027,-0.013,-1.001,0.2,-0.6,0
119.178973700002,0,0,19,0,0,0.027,-0.013,-1.001,0.2,-0.6,0
119.188973700002,0,0,19,0,0,0.027,-0.013,-1.001,0.2,-0.6,0
119.198973700002,0,0,19,0,0,0.027,-0.013,-1.001,0.2,-0.6,0
119.208973700002,0,0.01,19,0,0,0.027,-0.016,-1,0.4,-0.5,0
119.218973700002,0,0.01,19,0,0,0.027,-0.016,-1,0.4,-0.5,0
119.228973700002,0,0.01,19,0,0,0.027,-0.016,-1,0.4,-0.5,0
119.238973700002,0,0.01,19,0,0,0.027,-0.016,-1,0.4,-0.5,0
119.248973700002,0,0.01,19,0,0,0.027,-0.016,-1,0.4,-0.5,0
119.258973700002,0,0,19,0,0,0.028,-0.014,-1.001,0.3,-0.5,0
119.268973700002,0,0,19,0,0,0.028,-0.014,-1.001,0.3,-0.5,0
119.278973700002,0,0,19,0,0,0.028,-0.014,-1.001,0.3,-0.5,0
119.288973700002,0,0,19,0,0,0.028,-0.014,-1.001,0.3,-0.5,0
119.298973700002,0,0,19,0,0,0.028,-0.014,-1.001,0.3,-0.5,0
119.308973700002,0,0,19,0,0,0.028,-0.015,-1,0.3,-0.6,0
119.318973700002,0,0,19,0,0,0.028,-0.015,-1,0.3,-0.6,0
119.328973700002,0,0,19,0,0,0.028,-0.015,-1,0.3,-0.6,0
119.338973700002,0,0,19,0,0,0.028,-0.015,-1,0.3,-0.6,0
119.348973700002,0,0,19,0,0,0.028,-0.015,-1,0.3,-0.6,0
119.358973700002,0,0,19,0,0,0.028,-0.014,-1.001,0.3,-0.6,0
119.368973700002,0,0,19,0,0,0.028,-0.014,-1.001,0.3,-0.6,0
119.378973700002,0,0,19,0,0,0.028,-0.014,-1.001,0.3,-0.6,0
119.388973700002,0,0,19,0,0,0.028,-0.014,-1.001,0.3,-0.6,0
119.398973700002,0,0,19,0,0,0.028,-0.014,-1.001,0.3,-0.6,0
119.408973700002,0,0,19,0,0,0.028,-0.014,-1.001,0.3,-0.5,0
119.418973700002,0,0,19,0,0,0.028,-0.014,-1.001,0.3,-0.5,0
119.428973700002,0,0,19,0,0,0.028,-0.014,-1.001,0.3,-0.5,0
119.438973700002,0,0,19,0,0,0.028,-0.014,-1.001,0.3,-0.5,0
119.448973700002,0,0,19,0,0,0.028,-0.014,-1.001,0.3,-0.5,0
119.458973700002,0,0,19,0,0,0.028,-0.015,-1,0.3,-0.5,0.1
119.468973700002,0,0,19,0,0,0.028,-0.015,-1,0.3,-0.5,0.1
119.478973700002,0,0,19,0,0,0.028,-0.015,-1,0.3,-0.5,0.1
119.488973700002,0,0,19,0,0,0.028,-0.015,-1,0.3,-0.5,0.1
119.498973700002,0,0,19,0,0,0.028,-0.015,-1,0.3,-0.5,0.1
119.508973700002,0,0,19,0,0,0.029,-0.014,-1.001,0.3,-0.6,0
119.518973700002,0,0,19,0,0,0.029,-0.014,-1.001,0.3,-0.6,0
119.528973700002,0,0,19,0,0,0.029,-0.014,-1.001,0.3,-0.6,0
119.538973700002,0,0,19,0,0,0.029,-0.014,-1.001,0.3,-0.6,0
119.548973700002,0,0,19,0,0,0.029,-0.014,-1.001,0.3,-0.6,0
119.558973700002,0,0,19,0,0,0.028,-0.015,-1,0.3,-0.6,0
119.568973700002,0,0,19,0,0,0.028,-0.015,-1,0.3,-0.6,0
119.578973700002,0,0,19,0,0,0.028,-0.015,-1,0.3,-0.6,0
119.588973700002,0,0,19,0,0,0.028,-0.015,-1,0.3,-0.6,0
119.598973700002,0,0,19,0,0,0.028,-0.015,-1,0.3,-0.6,0
119.608973700002,0,0,19,0,0,0.027,-0.015,-1.002,0.3,-0.6,0
119.618973700002,0,0,19,0,0,0.027,-0.015,-1.002,0.3,-0.6,0
119.628973700002,0,0,19,0,0,0.027,-0.015,-1.002,0.3,-0.6,0
119.638973700002,0,0,19,0,0,0.027,-0.015,-1.002,0.3,-0.6,0
119.648973700002,0,0,19,0,0,0.027,-0.015,-1.002,0.3,-0.6,0
119.658973700002,0,0,19,0,0,0.028,-0.015,-1.001,0.3,-0.6,0
119.668973700002,0,0,19,0,0,0.028,-0.015,-1.001,0.3,-0.6,0
119.678973700002,0,0,19,0,0,0.028,-0.015,-1.001,0.3,-0.6,0
119.688973700002,0,0,19,0,0,0.028,-0.015,-1.001,0.3,-0.6,0
119.698973700002,0,0,19,0,0,0.028,-0.015,-1.001,0.3,-0.6,0
119.708973700002,0,0,19,0,0,0.028,-0.015,-1.001,0.2,-0.5,0
119.718973700002,0,0,19,0,0,0.028,-0.015,-1.001,0.2,-0.5,0
119.728973700002,0,0,19,0,0,0.028,-0.015,-1.001,0.2,-0.5,0
119.738973700002,0,0,19,0,0,0.028,-0.015,-1.001,0.2,-0.5,0
119.748973700002,0,0,19,0,0,0.028,-0.015,-1.001,0.2,-0.5,0
119.758973700002,0,0,19,0,0,0.026,-0.014,-1.002,0.3,-0.6,0
119.768973700002,0,0,19,0,0,0.026,-0.014,-1.002,0.3,-0.6,0
119.778973700002,0,0,19,0,0,0.026,-0.014,-1.002,0.3,-0.6,0
119.788973700002,0,0,19,0,0,0.026,-0.014,-1.002,0.3,-0.6,0
119.798973700002,0,0,19,0,0,0.026,-0.014,-1.002,0.3,-0.6,0
119.808973700002,0,0,19,0,0,0.03,-0.015,-1.003,0.3,-0.5,0
119.818973700002,0,0,19,0,0,0.03,-0.015,-1.003,0.3,-0.5,0
119.828973700002,0,0,19,0,0,0.03,-0.015,-1.003,0.3,-0.5,0
119.838973700002,0,0,19,0,0,0.03,-0.015,-1.003,0.3,-0.5,0
119.848973700002,0,0,19,0,0,0.03,-0.015,-1.003,0.3,-0.5,0
119.858973700002,0,0,19,0,0,0.027,-0.015,-1.001,0.3,-0.6,0
119.868973700002,0,0,19,0,0,0.027,-0.015,-1.001,0.3,-0.6,0
119.878973700002,0,0,19,0,0,0.027,-0.015,-1.001,0.3,-0.6,0
119.888973700002,0,0,19,0,0,0.027,-0.015,-1.001,0.3,-0.6,0
119.898973700002,0,0,19,0,0,0.027,-0.015,-1.001,0.3,-0.6,0
119.908973700002,0,0,19,0,0,0.029,-0.015,-1.002,0.2,-0.6,0
119.918973700002,0,0,19,0,0,0.029,-0.015,-1.002,0.2,-0.6,0
119.928973700002,0,0,19,0,0,0.029,-0.015,-1.002,0.2,-0.6,0
119.938973700002,0,0,19,0,0,0.029,-0.015,-1.002,0.2,-0.6,0
119.948973700002,0,0,19,0,0,0.029,-0.015,-1.002,0.2,-0.6,0
119.958973700002,0,0,19,0,0,0.027,-0.016,-1.001,0.3,-0.6,0
119.968973700002,0,0,19,0,0,0.027,-0.016,-1.001,0.3,-0.6,0
119.978973700002,0,0,19,0,0,0.027,-0.016,-1.001,0.3,-0.6,0
119.988973700002,0,0,19,0,0,0.027,-0.016,-1.001,0.3,-0.6,0
119.998973700002,0,0,19,0,0,0.027,-0.016,-1.001,0.3,-0.6,0
120.008973700002,0,0,19,0,0,0.029,-0.015,-1.001,0.3,-0.6,0
120.018973700002,0,0,19,0,0,0.029,-0.015,-1.001,0.3,-0.6,0
120.028973700002,0,0,19,0,0,0.029,-0.015,-1.001,0.3,-0.6,0
120.038973700002,0,0,19,0,0,0.029,-0.015,-1.001,0.3,-0.6,0
120.048973700002,0,0,19,0,0,0.029,-0.015,-1.001,0.3,-0.6,0
120.058973700002,0,0,19,0,0,0.028,-0.015,-1.001,0.3,-0.6,0
120.068973700002,0,0,19,0,0,0.028,-0.015,-1.001,0.3,-0.6,0
120.078973700002,0,0,19,0,0,0.028,-0.015,-1.001,0.3,-0.6,0
120.088973700002,0,0,19,0,0,0.028,-0.015,-1.001,0.3,-0.6,0
120.098973700002,0,0,19,0,0,0.028,-0.015,-1.001,0.3,-0.6,0
120.108973700002,0,0,19,0,0,0.028,-0.014,-1.001,0.3,-0.6,0
120.118973700002,0,0,19,0,0,0.028,-0.014,-1.001,0.3,-0.6,0
120.128973700002,0,0,19,0,0,0.028,-0.014,-1.001,0.3,-0.6,0
120.138973700002,0,0,19,0,0,0.028,-0.014,-1.001,0.3,-0.6,0
120.148973700002,0,0,19,0,0,0.028,-0.014,-1.001,0.3,-0.6,0
120.158973700002,0,0,19,0,0,0.028,-0.016,-1.001,0.3,-0.6,0
120.168973700002,0,0,19,0,0,0.028,-0.016,-1.001,0.3,-0.6,0
120.178973700002,0,0,19,0,0,0.028,-0.016,-1.001,0.3,-0.6,0
120.188973700002,0,0,19,0,0,0.028,-0.016,-1.001,0.3,-0.6,0
120.198973700002,0,0,19,0,0,0.028,-0.016,-1.001,0.3,-0.6,0
120.208973700003,0,0.01,19,0,0,0.028,-0.015,-1.001,0.3,-0.6,0
120.218973700003,0,0.01,19,0,0,0.028,-0.015,-1.001,0.3,-0.6,0
120.228973700002,0,0.01,19,0,0,0.028,-0.015,-1.001,0.3,-0.6,0
120.238973700003,0,0.01,19,0,0,0.028,-0.015,-1.001,0.3,-0.6,0
120.248973700003,0,0.01,19,0,0,0.028,-0.015,-1.001,0.3,-0.6,0
120.258973700003,0,0.01,19,0,0,0.028,-0.016,-1,0.3,-0.6,0
120.268973700003,0,0.01,19,0,0,0.028,-0.016,-1,0.3,-0.6,0
120.278973700003,0,0.01,19,0,0,0.028,-0.016,-1,0.3,-0.6,0
120.288973700003,0,0.01,19,0,0,0.028,-0.016,-1,0.3,-0.6,0
120.298973700003,0,0.01,19,0,0,0.028,-0.016,-1,0.3,-0.6,0
120.308973700003,0,0,19,0,0,0.027,-0.015,-1.001,0.3,-0.5,0
120.318973700003,0,0,19,0,0,0.027,-0.015,-1.001,0.3,-0.5,0
120.328973700003,0,0,19,0,0,0.027,-0.015,-1.001,0.3,-0.5,0
120.338973700003,0,0,19,0,0,0.027,-0.015,-1.001,0.3,-0.5,0
120.348973700003,0,0,19,0,0,0.027,-0.015,-1.001,0.3,-0.5,0
120.358973700003,0,0,19,0,0,0.028,-0.014,-1.001,0.3,-0.6,0
120.368973700003,0,0,19,0,0,0.028,-0.014,-1.001,0.3,-0.6,0
120.378973700003,0,0,19,0,0,0.028,-0.014,-1.001,0.3,-0.6,0
120.388973700003,0,0,19,0,0,0.028,-0.014,-1.001,0.3,-0.6,0
120.398973700003,0,0,19,0,0,0.028,-0.014,-1.001,0.3,-0.6,0
120.408973700003,0,0,19,0,0,0.028,-0.016,-1.001,0.3,-0.6,0
120.418973700003,0,0,19,0,0,0.028,-0.016,-1.001,0.3,-0.6,0
120.428973700003,0,0,19,0,0,0.028,-0.016,-1.001,0.3,-0.6,0
120.438973700003,0,0,19,0,0,0.028,-0.016,-1.001,0.3,-0.6,0
120.448973700003,0,0,19,0,0,0.028,-0.016,-1.001,0.3,-0.6,0
120.458973700003,0,0,19,0,0,0.027,-0.014,-1.001,0.3,-0.6,0
120.468973700003,0,0,19,0,0,0.027,-0.014,-1.001,0.3,-0.6,0
120.478973700003,0,0,19,0,0,0.027,-0.014,-1.001,0.3,-0.6,0
120.488973700003,0,0,19,0,0,0.027,-0.014,-1.001,0.3,-0.6,0
120.498973700003,0,0,19,0,0,0.027,-0.014,-1.001,0.3,-0.6,0
120.508973700003,0,0,19,0,0,0.028,-0.014,-1.002,0.3,-0.5,0
120.518973700003,0,0,19,0,0,0.028,-0.014,-1.002,0.3,-0.5,0
120.528973700003,0,0,19,0,0,0.028,-0.014,-1.002,0.3,-0.5,0
120.538973700003,0,0,19,0,0,0.028,-0.014,-1.002,0.3,-0.5,0
120.548973700003,0,0,19,0,0,0.028,-0.014,-1.002,0.3,-0.5,0
120.558973700003,0,0,19,0,0,0.029,-0.015,-1,0.3,-0.6,0
120.568973700003,0,0,19,0,0,0.029,-0.015,-1,0.3,-0.6,0
120.578973700003,0,0,19,0,0,0.029,-0.015,-1,0.3,-0.6,0
120.588973700003,0,0,19,0,0,0.029,-0.015,-1,0.3,-0.6,0
120.598973700003,0,0,19,0,0,0.029,-0.015,-1,0.3,-0.6,0
120.608973700003,0,0,19,0,0,0.028,-0.015,-1.001,0.3,-0.6,0
120.618973700003,0,0,19,0,0,0.028,-0.015,-1.001,0.3,-0.6,0
120.628973700003,0,0,19,0,0,0.028,-0.015,-1.001,0.3,-0.6,0
120.638973700003,0,0,19,0,0,0.028,-0.015,-1.001,0.3,-0.6,0
120.648973700003,0,0,19,0,0,0.028,-0.015,-1.001,0.3,-0.6,0
120.658973700003,0,0,19,0,0,0.028,-0.014,-1,0.3,-0.6,0
120.668973700003,0,0,19,0,0,0.028,-0.014,-1,0.3,-0.6,0
120.678973700003,0,0,19,0,0,0.028,-0.014,-1,0.3,-0.6,0
120.688973700003,0,0,19,0,0,0.028,-0.014,-1,0.3,-0.6,0
120.698973700003,0,0,19,0,0,0.028,-0.014,-1,0.3,-0.6,0
120.708973700003,0,0,19,0,0,0.028,-0.014,-1.001,0.3,-0.5,0
120.718973700003,0,0,19,0,0,0.028,-0.014,-1.001,0.3,-0.5,0
120.728973700003,0,0,19,0,0,0.028,-0.014,-1.001,0.3,-0.5,0
120.738973700003,0,0,19,0,0,0.028,-0.014,-1.001,0.3,-0.5,0
120.748973700003,0,0,19,0,0,0.028,-0.014,-1.001,0.3,-0.5,0
120.758973700003,0,0,19,0,0,0.029,-0.015,-1.001,0.3,-0.6,0
120.768973700003,0,0,19,0,0,0.029,-0.015,-1.001,0.3,-0.6,0
120.778973700003,0,0,19,0,0,0.029,-0.015,-1.001,0.3,-0.6,0
120.788973700003,0,0,19,0,0,0.029,-0.015,-1.001,0.3,-0.6,0
120.798973700003,0,0,19,0,0,0.029,-0.015,-1.001,0.3,-0.6,0
120.808973700003,0,0.01,19,0,0,0.028,-0.014,-1.001,0.3,-0.6,0
120.818973700003,0,0.01,19,0,0,0.028,-0.014,-1.001,0.3,-0.6,0
120.828973700003,0,0.01,19,0,0,0.028,-0.014,-1.001,0.3,-0.6,0
120.838973700003,0,0.01,19,0,0,0.028,-0.014,-1.001,0.3,-0.6,0
120.848973700003,0,0.01,19,0,0,0.028,-0.014,-1.001,0.3,-0.6,0
120.858973700003,0,0,19,0,0,0.028,-0.016,-1.001,0.2,-0.5,0.1
120.868973700003,0,0,19,0,0,0.028,-0.016,-1.001,0.2,-0.5,0.1
120.878973700003,0,0,19,0,0,0.028,-0.016,-1.001,0.2,-0.5,0.1
120.888973700003,0,0,19,0,0,0.028,-0.016,-1.001,0.2,-0.5,0.1
120.898973700003,0,0,19,0,0,0.028,-0.016,-1.001,0.2,-0.5,0.1
120.908973700003,0,0,19,0,0,0.027,-0.014,-1.001,0.3,-0.6,0
120.918973700003,0,0,19,0,0,0.027,-0.014,-1.001,0.3,-0.6,0
120.928973700003,0,0,19,0,0,0.027,-0.014,-1.001,0.3,-0.6,0
120.938973700003,0,0,19,0,0,0.027,-0.014,-1.001,0.3,-0.6,0
120.948973700003,0,0,19,0,0,0.027,-0.014,-1.001,0.3,-0.6,0
120.958973700003,0,0,19,0,0,0.028,-0.016,-1.001,0.3,-0.6,0
120.968973700003,0,0,19,0,0,0.028,-0.016,-1.001,0.3,-0.6,0
120.978973700003,0,0,19,0,0,0.028,-0.016,-1.001,0.3,-0.6,0
120.988973700003,0,0,19,0,0,0.028,-0.016,-1.001,0.3,-0.6,0
120.998973700003,0,0,19,0,0,0.028,-0.016,-1.001,0.3,-0.6,0
121.008973700003,0,0,19,0,0,0.029,-0.014,-1.001,0.3,-0.6,0
121.018973700003,0,0,19,0,0,0.029,-0.014,-1.001,0.3,-0.6,0
121.028973700003,0,0,19,0,0,0.029,-0.014,-1.001,0.3,-0.6,0
121.038973700003,0,0,19,0,0,0.029,-0.014,-1.001,0.3,-0.6,0
121.048973700003,0,0,19,0,0,0.029,-0.014,-1.001,0.3,-0.6,0
121.058973700003,0,0,19,0,0,0.028,-0.014,-1.001,0.3,-0.6,0
121.068973700003,0,0,19,0,0,0.028,-0.014,-1.001,0.3,-0.6,0
121.078973700003,0,0,19,0,0,0.028,-0.014,-1.001,0.3,-0.6,0
121.088973700003,0,0,19,0,0,0.028,-0.014,-1.001,0.3,-0.6,0
121.098973700003,0,0,19,0,0,0.028,-0.014,-1.001,0.3,-0.6,0
121.108973700003,0,0,19,0,0,0.028,-0.016,-1.001,0.3,-0.6,0
121.118973700003,0,0,19,0,0,0.028,-0.016,-1.001,0.3,-0.6,0
121.128973700003,0,0,19,0,0,0.028,-0.016,-1.001,0.3,-0.6,0
121.138973700003,0,0,19,0,0,0.028,-0.016,-1.001,0.3,-0.6,0
121.148973700003,0,0,19,0,0,0.028,-0.016,-1.001,0.3,-0.6,0
121.158973700003,0,0.01,19,0,0,0.029,-0.014,-1.001,0.3,-0.6,0
121.168973700003,0,0.01,19,0,0,0.029,-0.014,-1.001,0.3,-0.6,0
121.178973700003,0,0.01,19,0,0,0.029,-0.014,-1.001,0.3,-0.6,0
121.188973700003,0,0.01,19,0,0,0.029,-0.014,-1.001,0.3,-0.6,0
121.198973700003,0,0.01,19,0,0,0.029,-0.014,-1.001,0.3,-0.6,0
121.208973700003,0,0,19,0,0,0.027,-0.014,-1.001,0.3,-0.6,0
121.218973700003,0,0,19,0,0,0.027,-0.014,-1.001,0.3,-0.6,0
121.228973700003,0,0,19,0,0,0.027,-0.014,-1.001,0.3,-0.6,0
121.238973700003,0,0,19,0,0,0.027,-0.014,-1.001,0.3,-0.6,0
121.248973700003,0,0,19,0,0,0.027,-0.014,-1.001,0.3,-0.6,0
121.258973700003,0,0,19,0,0,0.027,-0.016,-1.002,0.3,-0.4,0
121.268973700003,0,0,19,0,0,0.027,-0.016,-1.002,0.3,-0.4,0
121.278973700003,0,0,19,0,0,0.027,-0.016,-1.002,0.3,-0.4,0
121.288973700003,0,0,19,0,0,0.027,-0.016,-1.002,0.3,-0.4,0
121.298973700003,0,0,19,0,0,0.027,-0.016,-1.002,0.3,-0.4,0
121.308973700003,0,0,19,0,0,0.028,-0.014,-1.001,0.3,-0.6,0
121.318973700003,0,0,19,0,0,0.028,-0.014,-1.001,0.3,-0.6,0
121.328973700003,0,0,19,0,0,0.028,-0.014,-1.001,0.3,-0.6,0
121.338973700003,0,0,19,0,0,0.028,-0.014,-1.001,0.3,-0.6,0
121.348973700003,0,0,19,0,0,0.028,-0.014,-1.001,0.3,-0.6,0
121.358973700003,0,0,19,0,0,0.028,-0.015,-1.001,0.3,-0.6,0
121.368973700003,0,0,19,0,0,0.028,-0.015,-1.001,0.3,-0.6,0
121.378973700003,0,0,19,0,0,0.028,-0.015,-1.001,0.3,-0.6,0
121.388973700003,0,0,19,0,0,0.028,-0.015,-1.001,0.3,-0.6,0
121.398973700003,0,0,19,0,0,0.028,-0.015,-1.001,0.3,-0.6,0
121.408973700003,0,0,19,0,0,0.028,-0.014,-1,0.3,-0.6,0
121.418973700003,0,0,19,0,0,0.028,-0.014,-1,0.3,-0.6,0
121.428973700003,0,0,19,0,0,0.028,-0.014,-1,0.3,-0.6,0
121.438973700003,0,0,19,0,0,0.028,-0.014,-1,0.3,-0.6,0
121.448973700003,0,0,19,0,0,0.028,-0.014,-1,0.3,-0.6,0
121.458973700003,0,0,19,0,0,0.028,-0.015,-1.002,0.3,-0.5,0
121.468973700003,0,0,19,0,0,0.028,-0.015,-1.002,0.3,-0.5,0
121.478973700003,0,0,19,0,0,0.028,-0.015,-1.002,0.3,-0.5,0
121.488973700003,0,0,19,0,0,0.028,-0.015,-1.002,0.3,-0.5,0
121.498973700003,0,0,19,0,0,0.028,-0.015,-1.002,0.3,-0.5,0
121.508973700003,0,0,19,0,0,0.028,-0.015,-1.002,0.3,-0.6,0
121.518973700003,0,0,19,0,0,0.028,-0.015,-1.002,0.3,-0.6,0
121.528973700003,0,0,19,0,0,0.028,-0.015,-1.002,0.3,-0.6,0
121.538973700003,0,0,19,0,0,0.028,-0.015,-1.002,0.3,-0.6,0
121.548973700003,0,0,19,0,0,0.028,-0.015,-1.002,0.3,-0.6,0
121.558973700003,0,0.01,19,0,0,0.027,-0.014,-1,0.2,-0.6,0
121.568973700003,0,0.01,19,0,0,0.027,-0.014,-1,0.2,-0.6,0
121.578973700003,0,0.01,19,0,0,0.027,-0.014,-1,0.2,-0.6,0
121.588973700003,0,0.01,19,0,0,0.027,-0.014,-1,0.2,-0.6,0
121.598973700003,0,0.01,19,0,0,0.027,-0.014,-1,0.2,-0.6,0
121.608973700003,0,0,19,0,0,0.028,-0.016,-1.002,0.3,-0.6,0
121.618973700003,0,0,19,0,0,0.028,-0.016,-1.002,0.3,-0.6,0
121.628973700003,0,0,19,0,0,0.028,-0.016,-1.002,0.3,-0.6,0
121.638973700003,0,0,19,0,0,0.028,-0.016,-1.002,0.3,-0.6,0
121.648973700003,0,0,19,0,0,0.028,-0.016,-1.002,0.3,-0.6,0
121.658973700003,0,0.01,19,0,0,0.027,-0.015,-1,0.3,-0.6,0
121.668973700003,0,0.01,19,0,0,0.027,-0.015,-1,0.3,-0.6,0
121.678973700003,0,0.01,19,0,0,0.027,-0.015,-1,0.3,-0.6,0
121.688973700003,0,0.01,19,0,0,0.027,-0.015,-1,0.3,-0.6,0
121.698973700003,0,0.01,19,0,0,0.027,-0.015,-1,0.3,-0.6,0
121.708973700003,0,0,19,0,0,0.028,-0.016,-1.001,0.3,-0.5,0
121.718973700003,0,0,19,0,0,0.028,-0.016,-1.001,0.3,-0.5,0
121.728973700003,0,0,19,0,0,0.028,-0.016,-1.001,0.3,-0.5,0
121.738973700003,0,0,19,0,0,0.028,-0.016,-1.001,0.3,-0.5,0
121.748973700003,0,0,19,0,0,0.028,-0.016,-1.001,0.3,-0.5,0
121.758973700003,0,0,19,0,0,0.028,-0.014,-1.001,0.3,-0.6,0
121.768973700003,0,0,19,0,0,0.028,-0.014,-1.001,0.3,-0.6,0
121.778973700003,0,0,19,0,0,0.028,-0.014,-1.001,0.3,-0.6,0
121.788973700003,0,0,19,0,0,0.028,-0.014,-1.001,0.3,-0.6,0
121.798973700003,0,0,19,0,0,0.028,-0.014,-1.001,0.3,-0.6,0
121.808973700003,0,0,19,0,0,0.028,-0.015,-1,0.3,-0.6,0
121.818973700003,0,0,19,0,0,0.028,-0.015,-1,0.3,-0.6,0
121.828973700003,0,0,19,0,0,0.028,-0.015,-1,0.3,-0.6,0
121.838973700003,0,0,19,0,0,0.028,-0.015,-1,0.3,-0.6,0
121.848973700003,0,0,19,0,0,0.028,-0.015,-1,0.3,-0.6,0
121.858973700003,0,0.01,19,0,0,0.028,-0.016,-1,0.3,-0.6,0.1
121.868973700003,0,0.01,19,0,0,0.028,-0.016,-1,0.3,-0.6,0.1
121.878973700003,0,0.01,19,0,0,0.028,-0.016,-1,0.3,-0.6,0.1
121.888973700003,0,0.01,19,0,0,0.028,-0.016,-1,0.3,-0.6,0.1
121.898973700003,0,0.01,19,0,0,0.028,-0.016,-1,0.3,-0.6,0.1
121.908973700003,0,0,19,0,0,0.028,-0.015,-1.001,0.3,-0.6,0
121.918973700003,0,0,19,0,0,0.028,-0.015,-1.001,0.3,-0.6,0
121.928973700003,0,0,19,0,0,0.028,-0.015,-1.001,0.3,-0.6,0
121.938973700003,0,0,19,0,0,0.028,-0.015,-1.001,0.3,-0.6,0
121.948973700003,0,0,19,0,0,0.028,-0.015,-1.001,0.3,-0.6,0
121.958973700003,0,0.01,19,0,0,0.028,-0.014,-1.001,0.3,-0.5,0
121.968973700003,0,0.01,19,0,0,0.028,-0.014,-1.001,0.3,-0.5,0
121.978973700003,0,0.01,19,0,0,0.028,-0.014,-1.001,0.3,-0.5,0
121.988973700003,0,0.01,19,0,0,0.028,-0.014,-1.001,0.3,-0.5,0
121.998973700003,0,0.01,19,0,0,0.028,-0.014,-1.001,0.3,-0.5,0
122.008973700003,0,0.01,19,0,0,0.028,-0.015,-1.001,0.3,-0.6,0
122.018973700003,0,0.01,19,0,0,0.028,-0.015,-1.001,0.3,-0.6,0
122.028973700003,0,0.01,19,0,0,0.028,-0.015,-1.001,0.3,-0.6,0
122.038973700003,0,0.01,19,0,0,0.028,-0.015,-1.001,0.3,-0.6,0
122.048973700003,0,0.01,19,0,0,0.028,-0.015,-1.001,0.3,-0.6,0
122.058973700003,0,0,19,0,0,0.028,-0.015,-1.001,0.3,-0.6,0
122.068973700003,0,0,19,0,0,0.028,-0.015,-1.001,0.3,-0.6,0
122.078973700003,0,0,19,0,0,0.028,-0.015,-1.001,0.3,-0.6,0
122.088973700003,0,0,19,0,0,0.028,-0.015,-1.001,0.3,-0.6,0
122.098973700003,0,0,19,0,0,0.028,-0.015,-1.001,0.3,-0.6,0
122.108973700003,0,0,19,0,0,0.028,-0.014,-1.001,0.3,-0.6,0
122.118973700003,0,0,19,0,0,0.028,-0.014,-1.001,0.3,-0.6,0
122.128973700003,0,0,19,0,0,0.028,-0.014,-1.001,0.3,-0.6,0
122.138973700003,0,0,19,0,0,0.028,-0.014,-1.001,0.3,-0.6,0
122.148973700003,0,0,19,0,0,0.028,-0.014,-1.001,0.3,-0.6,0
122.158973700003,0,0,19,0,0,0.027,-0.016,-1.001,0.3,-0.6,0
122.168973700003,0,0,19,0,0,0.027,-0.016,-1.001,0.3,-0.6,0
122.178973700003,0,0,19,0,0,0.027,-0.016,-1.001,0.3,-0.6,0
122.188973700003,0,0,19,0,0,0.027,-0.016,-1.001,0.3,-0.6,0
122.198973700003,0,0,19,0,0,0.027,-0.016,-1.001,0.3,-0.6,0
122.208973700003,0,0,19,0,0,0.028,-0.014,-1.002,0.2,-0.6,0
122.218973700003,0,0,19,0,0,0.028,-0.014,-1.002,0.2,-0.6,0
122.228973700003,0,0,19,0,0,0.028,-0.014,-1.002,0.2,-0.6,0
122.238973700003,0,0,19,0,0,0.028,-0.014,-1.002,0.2,-0.6,0
122.248973700003,0,0,19,0,0,0.028,-0.014,-1.002,0.2,-0.6,0
122.258973700003,0,0,19,0,0,0.028,-0.015,-1,0.3,-0.6,0
122.268973700003,0,0,19,0,0,0.028,-0.015,-1,0.3,-0.6,0
122.278973700003,0,0,19,0,0,0.028,-0.015,-1,0.3,-0.6,0
122.288973700003,0,0,19,0,0,0.028,-0.015,-1,0.3,-0.6,0
122.298973700003,0,0,19,0,0,0.028,-0.015,-1,0.3,-0.6,0
122.308973700003,0,0,19,0,0,0.028,-0.015,-1.001,0.3,-0.6,0
122.318973700003,0,0,19,0,0,0.028,-0.015,-1.001,0.3,-0.6,0
122.328973700003,0,0,19,0,0,0.028,-0.015,-1.001,0.3,-0.6,0
122.338973700003,0,0,19,0,0,0.028,-0.015,-1.001,0.3,-0.6,0
122.348973700003,0,0,19,0,0,0.028,-0.015,-1.001,0.3,-0.6,0
122.358973700003,0,0,19,0,0,0.028,-0.015,-1.001,0.3,-0.5,0
122.368973700003,0,0,19,0,0,0.028,-0.015,-1.001,0.3,-0.5,0
122.378973700003,0,0,19,0,0,0.028,-0.015,-1.001,0.3,-0.5,0
122.388973700003,0,0,19,0,0,0.028,-0.015,-1.001,0.3,-0.5,0
122.398973700003,0,0,19,0,0,0.028,-0.015,-1.001,0.3,-0.5,0
122.408973700003,0,0,19,0,0,0.028,-0.015,-1.001,0.4,-0.6,0
122.418973700003,0,0,19,0,0,0.028,-0.015,-1.001,0.4,-0.6,0
122.428973700003,0,0,19,0,0,0.028,-0.015,-1.001,0.4,-0.6,0
122.438973700003,0,0,19,0,0,0.028,-0.015,-1.001,0.4,-0.6,0
122.448973700003,0,0,19,0,0,0.028,-0.015,-1.001,0.4,-0.6,0
122.458973700003,0,0,19,0,0,0.028,-0.014,-1.001,0.3,-0.6,0
122.468973700003,0,0,19,0,0,0.028,-0.014,-1.001,0.3,-0.6,0
122.478973700003,0,0,19,0,0,0.028,-0.014,-1.001,0.3,-0.6,0
122.488973700003,0,0,19,0,0,0.028,-0.014,-1.001,0.3,-0.6,0
122.498973700003,0,0,19,0,0,0.028,-0.014,-1.001,0.3,-0.6,0
122.508973700003,0,0,19,0,0,0.028,-0.016,-1.001,0.3,-0.6,0
122.518973700003,0,0,19,0,0,0.028,-0.016,-1.001,0.3,-0.6,0
122.528973700003,0,0,19,0,0,0.028,-0.016,-1.001,0.3,-0.6,0
122.538973700003,0,0,19,0,0,0.028,-0.016,-1.001,0.3,-0.6,0
122.548973700003,0,0,19,0,0,0.028,-0.016,-1.001,0.3,-0.6,0
122.558973700003,0,0,19,0,0,0.028,-0.014,-1,0.3,-0.6,0
122.568973700003,0,0,19,0,0,0.028,-0.014,-1,0.3,-0.6,0
122.578973700003,0,0,19,0,0,0.028,-0.014,-1,0.3,-0.6,0
122.588973700003,0,0,19,0,0,0.028,-0.014,-1,0.3,-0.6,0
122.598973700003,0,0,19,0,0,0.028,-0.014,-1,0.3,-0.6,0
122.608973700003,0,0,19,0,0,0.028,-0.013,-1.001,0.3,-0.6,0
122.618973700003,0,0,19,0,0,0.028,-0.013,-1.001,0.3,-0.6,0
122.628973700003,0,0,19,0,0,0.028,-0.013,-1.001,0.3,-0.6,0
122.638973700003,0,0,19,0,0,0.028,-0.013,-1.001,0.3,-0.6,0
122.648973700003,0,0,19,0,0,0.028,-0.013,-1.001,0.3,-0.6,0
122.658973700003,0,0,19,0,0,0.027,-0.015,-1,0.3,-0.5,0.1
122.668973700003,0,0,19,0,0,0.027,-0.015,-1,0.3,-0.5,0.1
122.678973700003,0,0,19,0,0,0.027,-0.015,-1,0.3,-0.5,0.1
122.688973700003,0,0,19,0,0,0.027,-0.015,-1,0.3,-0.5,0.1
122.698973700003,0,0,19,0,0,0.027,-0.015,-1,0.3,-0.5,0.1
122.708973700003,0,0,19,0,0,0.027,-0.015,-1.002,0.3,-0.5,0
122.718973700003,0,0,19,0,0,0.027,-0.015,-1.002,0.3,-0.5,0
122.728973700003,0,0,19,0,0,0.027,-0.015,-1.002,0.3,-0.5,0
122.738973700003,0,0,19,0,0,0.027,-0.015,-1.002,0.3,-0.5,0
122.748973700003,0,0,19,0,0,0.027,-0.015,-1.002,0.3,-0.5,0
122.758973700003,0,0,19,0,0,0.027,-0.016,-1.001,0.3,-0.6,0
122.768973700003,0,0,19,0,0,0.027,-0.016,-1.001,0.3,-0.6,0
122.778973700003,0,0,19,0,0,0.027,-0.016,-1.001,0.3,-0.6,0
122.788973700003,0,0,19,0,0,0.027,-0.016,-1.001,0.3,-0.6,0
122.798973700003,0,0,19,0,0,0.027,-0.016,-1.001,0.3,-0.6,0
122.808973700003,0,0,19,0,0,0.027,-0.014,-1.001,0.3,-0.6,0
122.818973700003,0,0,19,0,0,0.027,-0.014,-1.001,0.3,-0.6,0
122.828973700003,0,0,19,0,0,0.027,-0.014,-1.001,0.3,-0.6,0
122.838973700003,0,0,19,0,0,0.027,-0.014,-1.001,0.3,-0.6,0
122.848973700003,0,0,19,0,0,0.027,-0.014,-1.001,0.3,-0.6,0
122.858973700003,0,0,19,0,0,0.028,-0.015,-1.001,0.3,-0.6,0
122.868973700003,0,0,19,0,0,0.028,-0.015,-1.001,0.3,-0.6,0
122.878973700003,0,0,19,0,0,0.028,-0.015,-1.001,0.3,-0.6,0
122.888973700003,0,0,19,0,0,0.028,-0.015,-1.001,0.3,-0.6,0
122.898973700003,0,0,19,0,0,0.028,-0.015,-1.001,0.3,-0.6,0
122.908973700003,0,0,19,0,0,0.028,-0.014,-1,0.3,-0.5,0
122.918973700003,0,0,19,0,0,0.028,-0.014,-1,0.3,-0.5,0
122.928973700003,0,0,19,0,0,0.028,-0.014,-1,0.3,-0.5,0
122.938973700003,0,0,19,0,0,0.028,-0.014,-1,0.3,-0.5,0
122.948973700003,0,0,19,0,0,0.028,-0.014,-1,0.3,-0.5,0
122.958973700003,0,0,19,0,0,0.029,-0.015,-1.001,0.3,-0.6,0
122.968973700003,0,0,19,0,0,0.029,-0.015,-1.001,0.3,-0.6,0
122.978973700003,0,0,19,0,0,0.029,-0.015,-1.001,0.3,-0.6,0
122.988973700003,0,0,19,0,0,0.029,-0.015,-1.001,0.3,-0.6,0
122.998973700003,0,0,19,0,0,0.029,-0.015,-1.001,0.3,-0.6,0
123.008973700003,0,0,19,0,0,0.028,-0.015,-1.001,0.4,-0.6,0
123.018973700003,0,0,19,0,0,0.028,-0.015,-1.001,0.4,-0.6,0
123.028973700003,0,0,19,0,0,0.028,-0.015,-1.001,0.4,-0.6,0
123.038973700003,0,0,19,0,0,0.028,-0.015,-1.001,0.4,-0.6,0
123.048973700003,0,0,19,0,0,0.028,-0.015,-1.001,0.4,-0.6,0
123.058973700003,0,0,19,0,0,0.029,-0.014,-1.001,0.3,-0.7,0
123.068973700003,0,0,19,0,0,0.029,-0.014,-1.001,0.3,-0.7,0
123.078973700003,0,0,19,0,0,0.029,-0.014,-1.001,0.3,-0.7,0
123.088973700003,0,0,19,0,0,0.029,-0.014,-1.001,0.3,-0.7,0
123.098973700003,0,0,19,0,0,0.029,-0.014,-1.001,0.3,-0.7,0
123.108973700003,0,0.01,19,0,0,0.028,-0.016,-1.001,0.3,-0.6,0
123.118973700003,0,0.01,19,0,0,0.028,-0.016,-1.001,0.3,-0.6,0
123.128973700003,0,0.01,19,0,0,0.028,-0.016,-1.001,0.3,-0.6,0
123.138973700003,0,0.01,19,0,0,0.028,-0.016,-1.001,0.3,-0.6,0
123.148973700003,0,0.01,19,0,0,0.028,-0.016,-1.001,0.3,-0.6,0
123.158973700003,0,0,19,0,0,0.028,-0.015,-1.001,0.3,-0.5,0
123.168973700003,0,0,19,0,0,0.028,-0.015,-1.001,0.3,-0.5,0
123.178973700003,0,0,19,0,0,0.028,-0.015,-1.001,0.3,-0.5,0
123.188973700003,0,0,19,0,0,0.028,-0.015,-1.001,0.3,-0.5,0
123.198973700003,0,0,19,0,0,0.028,-0.015,-1.001,0.3,-0.5,0
123.208973700003,0,0,19,0,0,0.028,-0.015,-1,0.4,-0.5,0
123.218973700003,0,0,19,0,0,0.028,-0.015,-1,0.4,-0.5,0
123.228973700003,0,0,19,0,0,0.028,-0.015,-1,0.4,-0.5,0
123.238973700003,0,0,19,0,0,0.028,-0.015,-1,0.4,-0.5,0
123.248973700003,0,0,19,0,0,0.028,-0.015,-1,0.4,-0.5,0
123.258973700003,0,0.01,19,0,0,0.028,-0.016,-1,0.3,-0.6,0
123.268973700003,0,0.01,19,0,0,0.028,-0.016,-1,0.3,-0.6,0
123.278973700003,0,0.01,19,0,0,0.028,-0.016,-1,0.3,-0.6,0
123.288973700003,0,0.01,19,0,0,0.028,-0.016,-1,0.3,-0.6,0
123.298973700003,0,0.01,19,0,0,0.028,-0.016,-1,0.3,-0.6,0
123.308973700003,0,0,19,0,0,0.028,-0.013,-1,0.3,-0.6,0
123.318973700003,0,0,19,0,0,0.028,-0.013,-1,0.3,-0.6,0
123.328973700003,0,0,19,0,0,0.028,-0.013,-1,0.3,-0.6,0
123.338973700003,0,0,19,0,0,0.028,-0.013,-1,0.3,-0.6,0
123.348973700003,0,0,19,0,0,0.028,-0.013,-1,0.3,-0.6,0
123.358973700003,0,0,19,0,0,0.028,-0.016,-1,0.4,-0.6,0
123.368973700003,0,0,19,0,0,0.028,-0.016,-1,0.4,-0.6,0
123.378973700003,0,0,19,0,0,0.028,-0.016,-1,0.4,-0.6,0
123.388973700003,0,0,19,0,0,0.028,-0.016,-1,0.4,-0.6,0
123.398973700003,0,0,19,0,0,0.028,-0.016,-1,0.4,-0.6,0
123.408973700003,0,0,19,0,0,0.028,-0.014,-1.001,0.3,-0.6,0
123.418973700003,0,0,19,0,0,0.028,-0.014,-1.001,0.3,-0.6,0
123.428973700003,0,0,19,0,0,0.028,-0.014,-1.001,0.3,-0.6,0
123.438973700003,0,0,19,0,0,0.028,-0.014,-1.001,0.3,-0.6,0
123.448973700003,0,0,19,0,0,0.028,-0.014,-1.001,0.3,-0.6,0
123.458973700003,0,0,19,0,0,0.028,-0.015,-1.001,0.3,-0.6,0
123.468973700003,0,0,19,0,0,0.028,-0.015,-1.001,0.3,-0.6,0
123.478973700003,0,0,19,0,0,0.028,-0.015,-1.001,0.3,-0.6,0
123.488973700003,0,0,19,0,0,0.028,-0.015,-1.001,0.3,-0.6,0
123.498973700003,0,0,19,0,0,0.028,-0.015,-1.001,0.3,-0.6,0
123.508973700003,0,0,19,0,0,0.028,-0.015,-1.002,0.3,-0.6,0
123.518973700003,0,0,19,0,0,0.028,-0.015,-1.002,0.3,-0.6,0
123.528973700003,0,0,19,0,0,0.028,-0.015,-1.002,0.3,-0.6,0
123.538973700003,0,0,19,0,0,0.028,-0.015,-1.002,0.3,-0.6,0
123.548973700003,0,0,19,0,0,0.028,-0.015,-1.002,0.3,-0.6,0
123.558973700003,0,0,19,0,0,0.027,-0.015,-1,0.3,-0.5,0
123.568973700003,0,0,19,0,0,0.027,-0.015,-1,0.3,-0.5,0
123.578973700003,0,0,19,0,0,0.027,-0.015,-1,0.3,-0.5,0
123.588973700003,0,0,19,0,0,0.027,-0.015,-1,0.3,-0.5,0
123.598973700003,0,0,19,0,0,0.027,-0.015,-1,0.3,-0.5,0
123.608973700003,0,0,19,0,0,0.028,-0.015,-1.001,0.2,-0.6,0
123.618973700003,0,0,19,0,0,0.028,-0.015,-1.001,0.2,-0.6,0
123.628973700003,0,0,19,0,0,0.028,-0.015,-1.001,0.2,-0.6,0
123.638973700003,0,0,19,0,0,0.028,-0.015,-1.001,0.2,-0.6,0
123.648973700003,0,0,19,0,0,0.028,-0.015,-1.001,0.2,-0.6,0
123.658973700003,0,0,19,0,0,0.028,-0.016,-1,0.3,-0.6,0
123.668973700003,0,0,19,0,0,0.028,-0.016,-1,0.3,-0.6,0
123.678973700003,0,0,19,0,0,0.028,-0.016,-1,0.3,-0.6,0
123.688973700003,0,0,19,0,0,0.028,-0.016,-1,0.3,-0.6,0
123.698973700003,0,0,19,0,0,0.028,-0.016,-1,0.3,-0.6,0
123.708973700003,0,0,19,0,0,0.028,-0.014,-1.001,0.3,-0.6,0
123.718973700003,0,0,19,0,0,0.028,-0.014,-1.001,0.3,-0.6,0
123.728973700003,0,0,19,0,0,0.028,-0.014,-1.001,0.3,-0.6,0
123.738973700003,0,0,19,0,0,0.028,-0.014,-1.001,0.3,-0.6,0
123.748973700003,0,0,19,0,0,0.028,-0.014,-1.001,0.3,-0.6,0
123.758973700003,0,0,19,0,0,0.028,-0.016,-1,0.4,-0.6,0
123.768973700003,0,0,19,0,0,0.028,-0.016,-1,0.4,-0.6,0
123.778973700003,0,0,19,0,0,0.028,-0.016,-1,0.4,-0.6,0
123.788973700003,0,0,19,0,0,0.028,-0.016,-1,0.4,-0.6,0
123.798973700003,0,0,19,0,0,0.028,-0.016,-1,0.4,-0.6,0
123.808973700003,0,0,19,0,0,0.029,-0.015,-1.002,0.3,-0.5,0
123.818973700003,0,0,19,0,0,0.029,-0.015,-1.002,0.3,-0.5,0
123.828973700003,0,0,19,0,0,0.029,-0.015,-1.002,0.3,-0.5,0
123.838973700003,0,0,19,0,0,0.029,-0.015,-1.002,0.3,-0.5,0
123.848973700003,0,0,19,0,0,0.029,-0.015,-1.002,0.3,-0.5,0
123.858973700003,0,0,19,0,0,0.027,-0.015,-1.002,0.3,-0.6,0
123.868973700003,0,0,19,0,0,0.027,-0.015,-1.002,0.3,-0.6,0
123.878973700003,0,0,19,0,0,0.027,-0.015,-1.002,0.3,-0.6,0
123.888973700003,0,0,19,0,0,0.027,-0.015,-1.002,0.3,-0.6,0
123.898973700003,0,0,19,0,0,0.027,-0.015,-1.002,0.3,-0.6,0
123.908973700003,0,0,19,0,0,0.029,-0.014,-1,0.3,-0.6,0
123.918973700003,0,0,19,0,0,0.029,-0.014,-1,0.3,-0.6,0
123.928973700003,0,0,19,0,0,0.029,-0.014,-1,0.3,-0.6,0
123.938973700003,0,0,19,0,0,0.029,-0.014,-1,0.3,-0.6,0
123.948973700003,0,0,19,0,0,0.029,-0.014,-1,0.3,-0.6,0
123.958973700003,0,0,19,0,0,0.028,-0.015,-1.001,0.3,-0.5,0
123.968973700003,0,0,19,0,0,0.028,-0.015,-1.001,0.3,-0.5,0
123.978973700003,0,0,19,0,0,0.028,-0.015,-1.001,0.3,-0.5,0
123.988973700003,0,0,19,0,0,0.028,-0.015,-1.001,0.3,-0.5,0
123.998973700003,0,0,19,0,0,0.028,-0.015,-1.001,0.3,-0.5,0
124.008973700003,0,0,19,0,0,0.029,-0.014,-1.001,0.3,-0.6,0
124.018973700003,0,0,19,0,0,0.029,-0.014,-1.001,0.3,-0.6,0
124.028973700003,0,0,19,0,0,0.029,-0.014,-1.001,0.3,-0.6,0
124.038973700003,0,0,19,0,0,0.029,-0.014,-1.001,0.3,-0.6,0
124.048973700003,0,0,19,0,0,0.029,-0.014,-1.001,0.3,-0.6,0
124.058973700003,0,0.01,19,0,0,0.027,-0.014,-1,0.3,-0.5,0
124.068973700003,0,0.01,19,0,0,0.027,-0.014,-1,0.3,-0.5,0
124.078973700003,0,0.01,19,0,0,0.027,-0.014,-1,0.3,-0.5,0
124.088973700003,0,0.01,19,0,0,0.027,-0.014,-1,0.3,-0.5,0
124.098973700003,0,0.01,19,0,0,0.027,-0.014,-1,0.3,-0.5,0
124.108973700003,0,0.01,19,0,0,0.028,-0.014,-1,0.2,-0.6,0
124.118973700003,0,0.01,19,0,0,0.028,-0.014,-1,0.2,-0.6,0
124.128973700003,0,0.01,19,0,0,0.028,-0.014,-1,0.2,-0.6,0
124.138973700003,0,0.01,19,0,0,0.028,-0.014,-1,0.2,-0.6,0
124.148973700003,0,0.01,19,0,0,0.028,-0.014,-1,0.2,-0.6,0
124.158973700003,0,0,19,0,0,0.028,-0.015,-1.002,0.4,-0.6,0
124.168973700003,0,0,19,0,0,0.028,-0.015,-1.002,0.4,-0.6,0
124.178973700003,0,0,19,0,0,0.028,-0.015,-1.002,0.4,-0.6,0
124.188973700003,0,0,19,0,0,0.028,-0.015,-1.002,0.4,-0.6,0
124.198973700003,0,0,19,0,0,0.028,-0.015,-1.002,0.4,-0.6,0
124.208973700003,0,0,19,0,0,0.027,-0.014,-1.001,0.3,-0.6,0.1
124.218973700003,0,0,19,0,0,0.027,-0.014,-1.001,0.3,-0.6,0.1
124.228973700003,0,0,19,0,0,0.027,-0.014,-1.001,0.3,-0.6,0.1
124.238973700003,0,0,19,0,0,0.027,-0.014,-1.001,0.3,-0.6,0.1
124.248973700003,0,0,19,0,0,0.027,-0.014,-1.001,0.3,-0.6,0.1
124.258973700003,0,0,19,0,0,0.028,-0.015,-1,0.3,-0.6,0
124.268973700003,0,0,19,0,0,0.028,-0.015,-1,0.3,-0.6,0
124.278973700003,0,0,19,0,0,0.028,-0.015,-1,0.3,-0.6,0
124.288973700003,0,0,19,0,0,0.028,-0.015,-1,0.3,-0.6,0
124.298973700003,0,0,19,0,0,0.028,-0.015,-1,0.3,-0.6,0
124.308973700003,0,0,19,0,0,0.028,-0.015,-1.001,0.3,-0.6,0
124.318973700003,0,0,19,0,0,0.028,-0.015,-1.001,0.3,-0.6,0
124.328973700003,0,0,19,0,0,0.028,-0.015,-1.001,0.3,-0.6,0
124.338973700003,0,0,19,0,0,0.028,-0.015,-1.001,0.3,-0.6,0
124.348973700003,0,0,19,0,0,0.028,-0.015,-1.001,0.3,-0.6,0
124.358973700003,0,0,19,0,0,0.028,-0.014,-1.001,0.3,-0.6,0
124.368973700003,0,0,19,0,0,0.028,-0.014,-1.001,0.3,-0.6,0
124.378973700003,0,0,19,0,0,0.028,-0.014,-1.001,0.3,-0.6,0
124.388973700003,0,0,19,0,0,0.028,-0.014,-1.001,0.3,-0.6,0
124.398973700003,0,0,19,0,0,0.028,-0.014,-1.001,0.3,-0.6,0
124.408973700003,0,0,19,0,0,0.028,-0.015,-1,0.3,-0.6,0.1
124.418973700003,0,0,19,0,0,0.028,-0.015,-1,0.3,-0.6,0.1
124.428973700003,0,0,19,0,0,0.028,-0.015,-1,0.3,-0.6,0.1
124.438973700003,0,0,19,0,0,0.028,-0.015,-1,0.3,-0.6,0.1
124.448973700003,0,0,19,0,0,0.028,-0.015,-1,0.3,-0.6,0.1
124.458973700003,0,0,19,0,0,0.028,-0.015,-1.001,0.3,-0.6,0
124.468973700003,0,0,19,0,0,0.028,-0.015,-1.001,0.3,-0.6,0
124.478973700003,0,0,19,0,0,0.028,-0.015,-1.001,0.3,-0.6,0
124.488973700003,0,0,19,0,0,0.028,-0.015,-1.001,0.3,-0.6,0
124.498973700003,0,0,19,0,0,0.028,-0.015,-1.001,0.3,-0.6,0
124.508973700003,0,0,19,0,0,0.029,-0.016,-1,0.3,-0.6,0
124.518973700003,0,0,19,0,0,0.029,-0.016,-1,0.3,-0.6,0
124.528973700003,0,0,19,0,0,0.029,-0.016,-1,0.3,-0.6,0
124.538973700003,0,0,19,0,0,0.029,-0.016,-1,0.3,-0.6,0
124.548973700003,0,0,19,0,0,0.029,-0.016,-1,0.3,-0.6,0
124.558973700003,0,0,19,0,0,0.028,-0.015,-0.999,0.3,-0.6,0
124.568973700003,0,0,19,0,0,0.028,-0.015,-0.999,0.3,-0.6,0
124.578973700003,0,0,19,0,0,0.028,-0.015,-0.999,0.3,-0.6,0
124.588973700003,0,0,19,0,0,0.028,-0.015,-0.999,0.3,-0.6,0
124.598973700003,0,0,19,0,0,0.028,-0.015,-0.999,0.3,-0.6,0
124.608973700004,0,0,19,0,0,0.029,-0.014,-1.001,0.3,-0.6,0
124.618973700004,0,0,19,0,0,0.029,-0.014,-1.001,0.3,-0.6,0
124.628973700003,0,0,19,0,0,0.029,-0.014,-1.001,0.3,-0.6,0
124.638973700004,0,0,19,0,0,0.029,-0.014,-1.001,0.3,-0.6,0
124.648973700004,0,0,19,0,0,0.029,-0.014,-1.001,0.3,-0.6,0
124.658973700004,0,0,19,0,0,0.027,-0.013,-1.001,0.3,-0.5,0.1
124.668973700004,0,0,19,0,0,0.027,-0.013,-1.001,0.3,-0.5,0.1
124.678973700004,0,0,19,0,0,0.027,-0.013,-1.001,0.3,-0.5,0.1
124.688973700004,0,0,19,0,0,0.027,-0.013,-1.001,0.3,-0.5,0.1
124.698973700004,0,0,19,0,0,0.027,-0.013,-1.001,0.3,-0.5,0.1
124.708973700004,0,0,19,0,0,0.028,-0.016,-1.001,0.2,-0.6,0
124.718973700004,0,0,19,0,0,0.028,-0.016,-1.001,0.2,-0.6,0
124.728973700004,0,0,19,0,0,0.028,-0.016,-1.001,0.2,-0.6,0
124.738973700004,0,0,19,0,0,0.028,-0.016,-1.001,0.2,-0.6,0
124.748973700004,0,0,19,0,0,0.028,-0.016,-1.001,0.2,-0.6,0
124.758973700004,0,0,19,0,0,0.027,-0.013,-1.001,0.3,-0.5,0
124.768973700004,0,0,19,0,0,0.027,-0.013,-1.001,0.3,-0.5,0
124.778973700004,0,0,19,0,0,0.027,-0.013,-1.001,0.3,-0.5,0
124.788973700004,0,0,19,0,0,0.027,-0.013,-1.001,0.3,-0.5,0
124.798973700004,0,0,19,0,0,0.027,-0.013,-1.001,0.3,-0.5,0
124.808973700004,0,0,19,0,0,0.028,-0.016,-1.001,0.3,-0.5,0
124.818973700004,0,0,19,0,0,0.028,-0.016,-1.001,0.3,-0.5,0
124.828973700004,0,0,19,0,0,0.028,-0.016,-1.001,0.3,-0.5,0
124.838973700004,0,0,19,0,0,0.028,-0.016,-1.001,0.3,-0.5,0
124.848973700004,0,0,19,0,0,0.028,-0.016,-1.001,0.3,-0.5,0
124.858973700004,0,0.01,19,0,0,0.028,-0.015,-1,0.3,-0.6,0
124.868973700004,0,0.01,19,0,0,0.028,-0.015,-1,0.3,-0.6,0
124.878973700004,0,0.01,19,0,0,0.028,-0.015,-1,0.3,-0.6,0
124.888973700004,0,0.01,19,0,0,0.028,-0.015,-1,0.3,-0.6,0
124.898973700004,0,0.01,19,0,0,0.028,-0.015,-1,0.3,-0.6,0
124.908973700004,0,0.01,19,0,0,0.027,-0.015,-1,0.3,-0.6,0
124.918973700004,0,0.01,19,0,0,0.027,-0.015,-1,0.3,-0.6,0
124.928973700004,0,0.01,19,0,0,0.027,-0.015,-1,0.3,-0.6,0
124.938973700004,0,0.01,19,0,0,0.027,-0.015,-1,0.3,-0.6,0
124.948973700004,0,0.01,19,0,0,0.027,-0.015,-1,0.3,-0.6,0
124.958973700004,0,0,19,0,0,0.028,-0.014,-1,0.3,-0.6,0
124.968973700004,0,0,19,0,0,0.028,-0.014,-1,0.3,-0.6,0
124.978973700004,0,0,19,0,0,0.028,-0.014,-1,0.3,-0.6,0
124.988973700004,0,0,19,0,0,0.028,-0.014,-1,0.3,-0.6,0
124.998973700004,0,0,19,0,0,0.028,-0.014,-1,0.3,-0.6,0
125.008973700004,0,0,19,0,0,0.026,-0.016,-1,0.3,-0.6,0
125.018973700004,0,0,19,0,0,0.026,-0.016,-1,0.3,-0.6,0
125.028973700004,0,0,19,0,0,0.026,-0.016,-1,0.3,-0.6,0
125.038973700004,0,0,19,0,0,0.026,-0.016,-1,0.3,-0.6,0
125.048973700004,0,0,19,0,0,0.026,-0.016,-1,0.3,-0.6,0
125.058973700004,0,0.01,19,0,0,0.028,-0.014,-1,0.4,-0.6,0
125.068973700004,0,0.01,19,0,0,0.028,-0.014,-1,0.4,-0.6,0
125.078973700004,0,0.01,19,0,0,0.028,-0.014,-1,0.4,-0.6,0
125.088973700004,0,0.01,19,0,0,0.028,-0.014,-1,0.4,-0.6,0
125.098973700004,0,0.01,19,0,0,0.028,-0.014,-1,0.4,-0.6,0
125.108973700004,0,0.01,19,0,0,0.029,-0.016,-1,0.3,-0.6,0
125.118973700004,0,0.01,19,0,0,0.029,-0.016,-1,0.3,-0.6,0
125.128973700004,0,0.01,19,0,0,0.029,-0.016,-1,0.3,-0.6,0
125.138973700004,0,0.01,19,0,0,0.029,-0.016,-1,0.3,-0.6,0
125.148973700004,0,0.01,19,0,0,0.029,-0.016,-1,0.3,-0.6,0
125.158973700004,0,0,19,0,0,0.028,-0.015,-1,0.3,-0.6,0
125.168973700004,0,0,19,0,0,0.028,-0.015,-1,0.3,-0.6,0
125.178973700004,0,0,19,0,0,0.028,-0.015,-1,0.3,-0.6,0
125.188973700004,0,0,19,0,0,0.028,-0.015,-1,0.3,-0.6,0
125.198973700004,0,0,19,0,0,0.028,-0.015,-1,0.3,-0.6,0
125.208973700004,0,0,19,0,0,0.029,-0.015,-1.001,0.3,-0.6,0
125.218973700004,0,0,19,0,0,0.029,-0.015,-1.001,0.3,-0.6,0
125.228973700004,0,0,19,0,0,0.029,-0.015,-1.001,0.3,-0.6,0
125.238973700004,0,0,19,0,0,0.029,-0.015,-1.001,0.3,-0.6,0
125.248973700004,0,0,19,0,0,0.029,-0.015,-1.001,0.3,-0.6,0
125.258973700004,0,0,19,0,0,0.028,-0.013,-1,0.3,-0.6,0
125.268973700004,0,0,19,0,0,0.028,-0.013,-1,0.3,-0.6,0
125.278973700004,0,0,19,0,0,0.028,-0.013,-1,0.3,-0.6,0
125.288973700004,0,0,19,0,0,0.028,-0.013,-1,0.3,-0.6,0
125.298973700004,0,0,19,0,0,0.028,-0.013,-1,0.3,-0.6,0
125.308973700004,0,0,19,0,0,0.028,-0.014,-1,0.3,-0.5,0
125.318973700004,0,0,19,0,0,0.028,-0.014,-1,0.3,-0.5,0
125.328973700004,0,0,19,0,0,0.028,-0.014,-1,0.3,-0.5,0
125.338973700004,0,0,19,0,0,0.028,-0.014,-1,0.3,-0.5,0
125.348973700004,0,0,19,0,0,0.028,-0.014,-1,0.3,-0.5,0
125.358973700004,0,0,19,0,0,0.027,-0.015,-1.001,0.3,-0.6,0
125.368973700004,0,0,19,0,0,0.027,-0.015,-1.001,0.3,-0.6,0
125.378973700004,0,0,19,0,0,0.027,-0.015,-1.001,0.3,-0.6,0
125.388973700004,0,0,19,0,0,0.027,-0.015,-1.001,0.3,-0.6,0
125.398973700004,0,0,19,0,0,0.027,-0.015,-1.001,0.3,-0.6,0
125.408973700004,0,0,19,0,0,0.028,-0.014,-1,0.3,-0.5,0
125.418973700004,0,0,19,0,0,0.028,-0.014,-1,0.3,-0.5,0
125.428973700004,0,0,19,0,0,0.028,-0.014,-1,0.3,-0.5,0
125.438973700004,0,0,19,0,0,0.028,-0.014,-1,0.3,-0.5,0
125.448973700004,0,0,19,0,0,0.028,-0.014,-1,0.3,-0.5,0
125.458973700004,0,0,19,0,0,0.028,-0.016,-1,0.3,-0.6,0.1
125.468973700004,0,0,19,0,0,0.028,-0.016,-1,0.3,-0.6,0.1
125.478973700004,0,0,19,0,0,0.028,-0.016,-1,0.3,-0.6,0.1
125.488973700004,0,0,19,0,0,0.028,-0.016,-1,0.3,-0.6,0.1
125.498973700004,0,0,19,0,0,0.028,-0.016,-1,0.3,-0.6,0.1
125.508973700004,0,0,19,0,0,0.029,-0.015,-1.001,0.3,-0.6,0
125.518973700004,0,0,19,0,0,0.029,-0.015,-1.001,0.3,-0.6,0
125.528973700004,0,0,19,0,0,0.029,-0.015,-1.001,0.3,-0.6,0
125.538973700004,0,0,19,0,0,0.029,-0.015,-1.001,0.3,-0.6,0
125.548973700004,0,0,19,0,0,0.029,-0.015,-1.001,0.3,-0.6,0
125.558973700004,0,0,19,0,0,0.029,-0.015,-1.001,0.2,-0.6,0.1
125.568973700004,0,0,19,0,0,0.029,-0.015,-1.001,0.2,-0.6,0.1
125.578973700004,0,0,19,0,0,0.029,-0.015,-1.001,0.2,-0.6,0.1
125.588973700004,0,0,19,0,0,0.029,-0.015,-1.001,0.2,-0.6,0.1
125.598973700004,0,0,19,0,0,0.029,-0.015,-1.001,0.2,-0.6,0.1
125.608973700004,0,0,19,0,0,0.027,-0.015,-1,0.3,-0.6,0
125.618973700004,0,0,19,0,0,0.027,-0.015,-1,0.3,-0.6,0
125.628973700004,0,0,19,0,0,0.027,-0.015,-1,0.3,-0.6,0
125.638973700004,0,0,19,0,0,0.027,-0.015,-1,0.3,-0.6,0
125.648973700004,0,0,19,0,0,0.027,-0.015,-1,0.3,-0.6,0
125.658973700004,0,0,19,0,0,0.027,-0.014,-1,0.3,-0.6,0
125.668973700004,0,0,19,0,0,0.027,-0.014,-1,0.3,-0.6,0
125.678973700004,0,0,19,0,0,0.027,-0.014,-1,0.3,-0.6,0
125.688973700004,0,0,19,0,0,0.027,-0.014,-1,0.3,-0.6,0
125.698973700004,0,0,19,0,0,0.027,-0.014,-1,0.3,-0.6,0
125.708973700004,0,0,19,0,0,0.028,-0.015,-1,0.3,-0.6,0.1
125.718973700004,0,0,19,0,0,0.028,-0.015,-1,0.3,-0.6,0.1
125.728973700004,0,0,19,0,0,0.028,-0.015,-1,0.3,-0.6,0.1
125.738973700004,0,0,19,0,0,0.028,-0.015,-1,0.3,-0.6,0.1
125.748973700004,0,0,19,0,0,0.028,-0.015,-1,0.3,-0.6,0.1
125.758973700004,0,0,19,0,0,0.028,-0.016,-1,0.3,-0.6,0
125.768973700004,0,0,19,0,0,0.028,-0.016,-1,0.3,-0.6,0
125.778973700004,0,0,19,0,0,0.028,-0.016,-1,0.3,-0.6,0
125.788973700004,0,0,19,0,0,0.028,-0.016,-1,0.3,-0.6,0
125.798973700004,0,0,19,0,0,0.028,-0.016,-1,0.3,-0.6,0
125.808973700004,0,0,19,0,0,0.027,-0.015,-1.001,0.3,-0.5,0
125.818973700004,0,0,19,0,0,0.027,-0.015,-1.001,0.3,-0.5,0
125.828973700004,0,0,19,0,0,0.027,-0.015,-1.001,0.3,-0.5,0
125.838973700004,0,0,19,0,0,0.027,-0.015,-1.001,0.3,-0.5,0
125.848973700004,0,0,19,0,0,0.027,-0.015,-1.001,0.3,-0.5,0
125.858973700004,0,0,19,0,0,0.029,-0.015,-1.001,0.3,-0.6,0
125.868973700004,0,0,19,0,0,0.029,-0.015,-1.001,0.3,-0.6,0
125.878973700004,0,0,19,0,0,0.029,-0.015,-1.001,0.3,-0.6,0
125.888973700004,0,0,19,0,0,0.029,-0.015,-1.001,0.3,-0.6,0
125.898973700004,0,0,19,0,0,0.029,-0.015,-1.001,0.3,-0.6,0
125.908973700004,0,0,19,0,0,0.027,-0.015,-1,0.2,-0.6,0
125.918973700004,0,0,19,0,0,0.027,-0.015,-1,0.2,-0.6,0
125.928973700004,0,0,19,0,0,0.027,-0.015,-1,0.2,-0.6,0
125.938973700004,0,0,19,0,0,0.027,-0.015,-1,0.2,-0.6,0
125.948973700004,0,0,19,0,0,0.027,-0.015,-1,0.2,-0.6,0
125.958973700004,0,0,19,0,0,0.029,-0.016,-1.001,0.3,-0.6,0
125.968973700004,0,0,19,0,0,0.029,-0.016,-1.001,0.3,-0.6,0
125.978973700004,0,0,19,0,0,0.029,-0.016,-1.001,0.3,-0.6,0
125.988973700004,0,0,19,0,0,0.029,-0.016,-1.001,0.3,-0.6,0
125.998973700004,0,0,19,0,0,0.029,-0.016,-1.001,0.3,-0.6,0
126.008973700004,0,0,19,0,0,0.028,-0.014,-1,0.3,-0.4,0
126.018973700004,0,0,19,0,0,0.028,-0.014,-1,0.3,-0.4,0
126.028973700004,0,0,19,0,0,0.028,-0.014,-1,0.3,-0.4,0
126.038973700004,0,0,19,0,0,0.028,-0.014,-1,0.3,-0.4,0
126.048973700004,0,0,19,0,0,0.028,-0.014,-1,0.3,-0.4,0
126.058973700004,0,0.01,19,0,0,0.028,-0.016,-1.002,0.3,-0.5,0
126.068973700004,0,0.01,19,0,0,0.028,-0.016,-1.002,0.3,-0.5,0
126.078973700004,0,0.01,19,0,0,0.028,-0.016,-1.002,0.3,-0.5,0
126.088973700004,0,0.01,19,0,0,0.028,-0.016,-1.002,0.3,-0.5,0
126.098973700004,0,0.01,19,0,0,0.028,-0.016,-1.002,0.3,-0.5,0
126.108973700004,0,0,19,0,0,0.027,-0.015,-1.002,0.3,-0.6,0
126.118973700004,0,0,19,0,0,0.027,-0.015,-1.002,0.3,-0.6,0
126.128973700004,0,0,19,0,0,0.027,-0.015,-1.002,0.3,-0.6,0
126.138973700004,0,0,19,0,0,0.027,-0.015,-1.002,0.3,-0.6,0
126.148973700004,0,0,19,0,0,0.027,-0.015,-1.002,0.3,-0.6,0
126.158973700004,0,0,19,0,0,0.028,-0.015,-1.002,0.3,-0.6,0.1
126.168973700004,0,0,19,0,0,0.028,-0.015,-1.002,0.3,-0.6,0.1
126.178973700004,0,0,19,0,0,0.028,-0.015,-1.002,0.3,-0.6,0.1
126.188973700004,0,0,19,0,0,0.028,-0.015,-1.002,0.3,-0.6,0.1
126.198973700004,0,0,19,0,0,0.028,-0.015,-1.002,0.3,-0.6,0.1
126.208973700004,0,0,19,0,0,0.029,-0.016,-1.001,0.3,-0.6,0
126.218973700004,0,0,19,0,0,0.029,-0.016,-1.001,0.3,-0.6,0
126.228973700004,0,0,19,0,0,0.029,-0.016,-1.001,0.3,-0.6,0
126.238973700004,0,0,19,0,0,0.029,-0.016,-1.001,0.3,-0.6,0
126.248973700004,0,0,19,0,0,0.029,-0.016,-1.001,0.3,-0.6,0
126.258973700004,0,0,19,0,0,0.028,-0.014,-1.002,0.3,-0.6,0
126.268973700004,0,0,19,0,0,0.028,-0.014,-1.002,0.3,-0.6,0
126.278973700004,0,0,19,0,0,0.028,-0.014,-1.002,0.3,-0.6,0
126.288973700004,0,0,19,0,0,0.028,-0.014,-1.002,0.3,-0.6,0
126.298973700004,0,0,19,0,0,0.028,-0.014,-1.002,0.3,-0.6,0
126.308973700004,0,0,19,0,0,0.029,-0.014,-1.001,0.3,-0.6,0
126.318973700004,0,0,19,0,0,0.029,-0.014,-1.001,0.3,-0.6,0
126.328973700004,0,0,19,0,0,0.029,-0.014,-1.001,0.3,-0.6,0
126.338973700004,0,0,19,0,0,0.029,-0.014,-1.001,0.3,-0.6,0
126.348973700004,0,0,19,0,0,0.029,-0.014,-1.001,0.3,-0.6,0
126.358973700004,0,0.01,19,0,0,0.028,-0.015,-1.001,0.3,-0.5,0
126.368973700004,0,0.01,19,0,0,0.028,-0.015,-1.001,0.3,-0.5,0
126.378973700004,0,0.01,19,0,0,0.028,-0.015,-1.001,0.3,-0.5,0
126.388973700004,0,0.01,19,0,0,0.028,-0.015,-1.001,0.3,-0.5,0
126.398973700004,0,0.01,19,0,0,0.028,-0.015,-1.001,0.3,-0.5,0
126.408973700004,0,0.01,19,0,0,0.028,-0.016,-1.001,0.2,-0.6,0
126.418973700004,0,0.01,19,0,0,0.028,-0.016,-1.001,0.2,-0.6,0
126.428973700004,0,0.01,19,0,0,0.028,-0.016,-1.001,0.2,-0.6,0
126.438973700004,0,0.01,19,0,0,0.028,-0.016,-1.001,0.2,-0.6,0
126.448973700004,0,0.01,19,0,0,0.028,-0.016,-1.001,0.2,-0.6,0
126.458973700004,0,0,19,0,0,0.028,-0.015,-1.002,0.3,-0.6,0
126.468973700004,0,0,19,0,0,0.028,-0.015,-1.002,0.3,-0.6,0
126.478973700004,0,0,19,0,0,0.028,-0.015,-1.002,0.3,-0.6,0
126.488973700004,0,0,19,0,0,0.028,-0.015,-1.002,0.3,-0.6,0
126.498973700004,0,0,19,0,0,0.028,-0.015,-1.002,0.3,-0.6,0
126.508973700004,0,0,19,0,0,0.029,-0.015,-1.002,0.3,-0.6,0
126.518973700004,0,0,19,0,0,0.029,-0.015,-1.002,0.3,-0.6,0
126.528973700004,0,0,19,0,0,0.029,-0.015,-1.002,0.3,-0.6,0
126.538973700004,0,0,19,0,0,0.029,-0.015,-1.002,0.3,-0.6,0
126.548973700004,0,0,19,0,0,0.029,-0.015,-1.002,0.3,-0.6,0
126.558973700004,0,0,19,0,0,0.028,-0.015,-1.001,0.3,-0.5,0
126.568973700004,0,0,19,0,0,0.028,-0.015,-1.001,0.3,-0.5,0
126.578973700004,0,0,19,0,0,0.028,-0.015,-1.001,0.3,-0.5,0
126.588973700004,0,0,19,0,0,0.028,-0.015,-1.001,0.3,-0.5,0
126.598973700004,0,0,19,0,0,0.028,-0.015,-1.001,0.3,-0.5,0
126.608973700004,0,0,19,0,0,0.028,-0.016,-1.001,0.3,-0.6,0
126.618973700004,0,0,19,0,0,0.028,-0.016,-1.001,0.3,-0.6,0
126.628973700004,0,0,19,0,0,0.028,-0.016,-1.001,0.3,-0.6,0
126.638973700004,0,0,19,0,0,0.028,-0.016,-1.001,0.3,-0.6,0
126.648973700004,0,0,19,0,0,0.028,-0.016,-1.001,0.3,-0.6,0
126.658973700004,0,0,19,0,0,0.027,-0.013,-1.001,0.3,-0.6,0
126.668973700004,0,0,19,0,0,0.027,-0.013,-1.001,0.3,-0.6,0
126.678973700004,0,0,19,0,0,0.027,-0.013,-1.001,0.3,-0.6,0
126.688973700004,0,0,19,0,0,0.027,-0.013,-1.001,0.3,-0.6,0
126.698973700004,0,0,19,0,0,0.027,-0.013,-1.001,0.3,-0.6,0
126.708973700004,0,0,19,0,0,0.028,-0.016,-1,0.3,-0.5,0
126.718973700004,0,0,19,0,0,0.028,-0.016,-1,0.3,-0.5,0
126.728973700004,0,0,19,0,0,0.028,-0.016,-1,0.3,-0.5,0
126.738973700004,0,0,19,0,0,0.028,-0.016,-1,0.3,-0.5,0
126.748973700004,0,0,19,0,0,0.028,-0.016,-1,0.3,-0.5,0
126.758973700004,0,0,19,0,0,0.027,-0.014,-1,0.3,-0.6,0
126.768973700004,0,0,19,0,0,0.027,-0.014,-1,0.3,-0.6,0
126.778973700004,0,0,19,0,0,0.027,-0.014,-1,0.3,-0.6,0
126.788973700004,0,0,19,0,0,0.027,-0.014,-1,0.3,-0.6,0
126.798973700004,0,0,19,0,0,0.027,-0.014,-1,0.3,-0.6,0
126.808973700004,0,0.01,19,0,0,0.028,-0.016,-1.001,0.3,-0.6,0
126.818973700004,0,0.01,19,0,0,0.028,-0.016,-1.001,0.3,-0.6,0
126.828973700004,0,0.01,19,0,0,0.028,-0.016,-1.001,0.3,-0.6,0
126.838973700004,0,0.01,19,0,0,0.028,-0.016,-1.001,0.3,-0.6,0
126.848973700004,0,0.01,19,0,0,0.028,-0.016,-1.001,0.3,-0.6,0
126.858973700004,0,0,19,0,0,0.028,-0.014,-1.001,0.3,-0.6,0
126.868973700004,0,0,19,0,0,0.028,-0.014,-1.001,0.3,-0.6,0
126.878973700004,0,0,19,0,0,0.028,-0.014,-1.001,0.3,-0.6,0
126.888973700004,0,0,19,0,0,0.028,-0.014,-1.001,0.3,-0.6,0
126.898973700004,0,0,19,0,0,0.028,-0.014,-1.001,0.3,-0.6,0
126.908973700004,0,0.01,19,0,0,0.029,-0.015,-1.001,0.3,-0.6,0
126.918973700004,0,0.01,19,0,0,0.029,-0.015,-1.001,0.3,-0.6,0
126.928973700004,0,0.01,19,0,0,0.029,-0.015,-1.001,0.3,-0.6,0
126.938973700004,0,0.01,19,0,0,0.029,-0.015,-1.001,0.3,-0.6,0
126.948973700004,0,0.01,19,0,0,0.029,-0.015,-1.001,0.3,-0.6,0
126.958973700004,0,0,19,0,0,0.028,-0.015,-1.001,0.4,-0.6,0
126.968973700004,0,0,19,0,0,0.028,-0.015,-1.001,0.4,-0.6,0
126.978973700004,0,0,19,0,0,0.028,-0.015,-1.001,0.4,-0.6,0
126.988973700004,0,0,19,0,0,0.028,-0.015,-1.001,0.4,-0.6,0
126.998973700004,0,0,19,0,0,0.028,-0.015,-1.001,0.4,-0.6,0
127.008973700004,0,0,19,0,0,0.028,-0.015,-1,0.3,-0.5,0
127.018973700004,0,0,19,0,0,0.028,-0.015,-1,0.3,-0.5,0
127.028973700004,0,0,19,0,0,0.028,-0.015,-1,0.3,-0.5,0
127.038973700004,0,0,19,0,0,0.028,-0.015,-1,0.3,-0.5,0
127.048973700004,0,0,19,0,0,0.028,-0.015,-1,0.3,-0.5,0
127.058973700004,0,0,19,0,0,0.028,-0.015,-1.001,0.3,-0.6,0
127.068973700004,0,0,19,0,0,0.028,-0.015,-1.001,0.3,-0.6,0
127.078973700004,0,0,19,0,0,0.028,-0.015,-1.001,0.3,-0.6,0
127.088973700004,0,0,19,0,0,0.028,-0.015,-1.001,0.3,-0.6,0
127.098973700004,0,0,19,0,0,0.028,-0.015,-1.001,0.3,-0.6,0
127.108973700004,0,0.01,19,0,0,0.028,-0.015,-1,0.3,-0.6,0
127.118973700004,0,0.01,19,0,0,0.028,-0.015,-1,0.3,-0.6,0
127.128973700004,0,0.01,19,0,0,0.028,-0.015,-1,0.3,-0.6,0
127.138973700004,0,0.01,19,0,0,0.028,-0.015,-1,0.3,-0.6,0
127.148973700004,0,0.01,19,0,0,0.028,-0.015,-1,0.3,-0.6,0
127.158973700004,0,0,19,0,0,0.028,-0.014,-1.001,0.3,-0.5,0
127.168973700004,0,0,19,0,0,0.028,-0.014,-1.001,0.3,-0.5,0
127.178973700004,0,0,19,0,0,0.028,-0.014,-1.001,0.3,-0.5,0
127.188973700004,0,0,19,0,0,0.028,-0.014,-1.001,0.3,-0.5,0
127.198973700004,0,0,19,0,0,0.028,-0.014,-1.001,0.3,-0.5,0
127.208973700004,0,0,19,0,0,0.029,-0.015,-1.002,0.3,-0.6,0
127.218973700004,0,0,19,0,0,0.029,-0.015,-1.002,0.3,-0.6,0
127.228973700004,0,0,19,0,0,0.029,-0.015,-1.002,0.3,-0.6,0
127.238973700004,0,0,19,0,0,0.029,-0.015,-1.002,0.3,-0.6,0
127.248973700004,0,0,19,0,0,0.029,-0.015,-1.002,0.3,-0.6,0
127.258973700004,0,0,19,0,0,0.028,-0.015,-1.001,0.3,-0.5,0
127.268973700004,0,0,19,0,0,0.028,-0.015,-1.001,0.3,-0.5,0
127.278973700004,0,0,19,0,0,0.028,-0.015,-1.001,0.3,-0.5,0
127.288973700004,0,0,19,0,0,0.028,-0.015,-1.001,0.3,-0.5,0
127.298973700004,0,0,19,0,0,0.028,-0.015,-1.001,0.3,-0.5,0
127.308973700004,0,0,19,0,0,0.028,-0.015,-1.001,0.3,-0.6,0
127.318973700004,0,0,19,0,0,0.028,-0.015,-1.001,0.3,-0.6,0
127.328973700004,0,0,19,0,0,0.028,-0.015,-1.001,0.3,-0.6,0
127.338973700004,0,0,19,0,0,0.028,-0.015,-1.001,0.3,-0.6,0
127.348973700004,0,0,19,0,0,0.028,-0.015,-1.001,0.3,-0.6,0
127.358973700004,0,0.01,19,0,0,0.028,-0.015,-1.002,0.3,-0.6,0.1
127.368973700004,0,0.01,19,0,0,0.028,-0.015,-1.002,0.3,-0.6,0.1
127.378973700004,0,0.01,19,0,0,0.028,-0.015,-1.002,0.3,-0.6,0.1
127.388973700004,0,0.01,19,0,0,0.028,-0.015,-1.002,0.3,-0.6,0.1
127.398973700004,0,0.01,19,0,0,0.028,-0.015,-1.002,0.3,-0.6,0.1
127.408973700004,0,0,19,0,0,0.027,-0.015,-1.001,0.3,-0.6,0
127.418973700004,0,0,19,0,0,0.027,-0.015,-1.001,0.3,-0.6,0
127.428973700004,0,0,19,0,0,0.027,-0.015,-1.001,0.3,-0.6,0
127.438973700004,0,0,19,0,0,0.027,-0.015,-1.001,0.3,-0.6,0
127.448973700004,0,0,19,0,0,0.027,-0.015,-1.001,0.3,-0.6,0
127.458973700004,0,0,19,0,0,0.028,-0.015,-1.002,0.3,-0.6,0
127.468973700004,0,0,19,0,0,0.028,-0.015,-1.002,0.3,-0.6,0
127.478973700004,0,0,19,0,0,0.028,-0.015,-1.002,0.3,-0.6,0
127.488973700004,0,0,19,0,0,0.028,-0.015,-1.002,0.3,-0.6,0
127.498973700004,0,0,19,0,0,0.028,-0.015,-1.002,0.3,-0.6,0
127.508973700004,0,0,19,0,0,0.028,-0.014,-1.001,0.2,-0.5,0
127.518973700004,0,0,19,0,0,0.028,-0.014,-1.001,0.2,-0.5,0
127.528973700004,0,0,19,0,0,0.028,-0.014,-1.001,0.2,-0.5,0
127.538973700004,0,0,19,0,0,0.028,-0.014,-1.001,0.2,-0.5,0
127.548973700004,0,0,19,0,0,0.028,-0.014,-1.001,0.2,-0.5,0
127.558973700004,0,0.01,19,0,0,0.028,-0.016,-1.001,0.3,-0.6,0
127.568973700004,0,0.01,19,0,0,0.028,-0.016,-1.001,0.3,-0.6,0
127.578973700004,0,0.01,19,0,0,0.028,-0.016,-1.001,0.3,-0.6,0
127.588973700004,0,0.01,19,0,0,0.028,-0.016,-1.001,0.3,-0.6,0
127.598973700004,0,0.01,19,0,0,0.028,-0.016,-1.001,0.3,-0.6,0
127.608973700004,0,0,19,0,0,0.028,-0.013,-1.001,0.3,-0.6,0
127.618973700004,0,0,19,0,0,0.028,-0.013,-1.001,0.3,-0.6,0
127.628973700004,0,0,19,0,0,0.028,-0.013,-1.001,0.3,-0.6,0
127.638973700004,0,0,19,0,0,0.028,-0.013,-1.001,0.3,-0.6,0
127.648973700004,0,0,19,0,0,0.028,-0.013,-1.001,0.3,-0.6,0
127.658973700004,0,0.01,19,0,0,0.028,-0.017,-1.001,0.3,-0.5,0
127.668973700004,0,0.01,19,0,0,0.028,-0.017,-1.001,0.3,-0.5,0
127.678973700004,0,0.01,19,0,0,0.028,-0.017,-1.001,0.3,-0.5,0
127.688973700004,0,0.01,19,0,0,0.028,-0.017,-1.001,0.3,-0.5,0
127.698973700004,0,0.01,19,0,0,0.028,-0.017,-1.001,0.3,-0.5,0
127.708973700004,0,0,19,0,0,0.028,-0.014,-1.001,0.3,-0.5,0
127.718973700004,0,0,19,0,0,0.028,-0.014,-1.001,0.3,-0.5,0
127.728973700004,0,0,19,0,0,0.028,-0.014,-1.001,0.3,-0.5,0
127.738973700004,0,0,19,0,0,0.028,-0.014,-1.001,0.3,-0.5,0
127.748973700004,0,0,19,0,0,0.028,-0.014,-1.001,0.3,-0.5,0
127.758973700004,0,0.01,19,0,0,0.029,-0.015,-1.001,0.3,-0.5,0
127.768973700004,0,0.01,19,0,0,0.029,-0.015,-1.001,0.3,-0.5,0
127.778973700004,0,0.01,19,0,0,0.029,-0.015,-1.001,0.3,-0.5,0
127.788973700004,0,0.01,19,0,0,0.029,-0.015,-1.001,0.3,-0.5,0
127.798973700004,0,0.01,19,0,0,0.029,-0.015,-1.001,0.3,-0.5,0
127.808973700004,0,0,19,0,0,0.027,-0.016,-1,0.3,-0.5,0.1
127.818973700004,0,0,19,0,0,0.027,-0.016,-1,0.3,-0.5,0.1
127.828973700004,0,0,19,0,0,0.027,-0.016,-1,0.3,-0.5,0.1
127.838973700004,0,0,19,0,0,0.027,-0.016,-1,0.3,-0.5,0.1
127.848973700004,0,0,19,0,0,0.027,-0.016,-1,0.3,-0.5,0.1
127.858973700004,0,0,19,0,0,0.027,-0.014,-1.001,0.3,-0.6,0
127.868973700004,0,0,19,0,0,0.027,-0.014,-1.001,0.3,-0.6,0
127.878973700004,0,0,19,0,0,0.027,-0.014,-1.001,0.3,-0.6,0
127.888973700004,0,0,19,0,0,0.027,-0.014,-1.001,0.3,-0.6,0
127.898973700004,0,0,19,0,0,0.027,-0.014,-1.001,0.3,-0.6,0
127.908973700004,0,0,19,0,0,0.028,-0.016,-1.001,0.3,-0.6,0
127.918973700004,0,0,19,0,0,0.028,-0.016,-1.001,0.3,-0.6,0
127.928973700004,0,0,19,0,0,0.028,-0.016,-1.001,0.3,-0.6,0
127.938973700004,0,0,19,0,0,0.028,-0.016,-1.001,0.3,-0.6,0
127.948973700004,0,0,19,0,0,0.028,-0.016,-1.001,0.3,-0.6,0
127.958973700004,0,0.01,19,0,0,0.027,-0.013,-1.001,0.3,-0.5,0
127.968973700004,0,0.01,19,0,0,0.027,-0.013,-1.001,0.3,-0.5,0
127.978973700004,0,0.01,19,0,0,0.027,-0.013,-1.001,0.3,-0.5,0
127.988973700004,0,0.01,19,0,0,0.027,-0.013,-1.001,0.3,-0.5,0
127.998973700004,0,0.01,19,0,0,0.027,-0.013,-1.001,0.3,-0.5,0
128.008973700004,0,0,19,0,0,0.028,-0.016,-1.001,0.3,-0.6,0
128.018973700004,0,0,19,0,0,0.028,-0.016,-1.001,0.3,-0.6,0
128.028973700004,0,0,19,0,0,0.028,-0.016,-1.001,0.3,-0.6,0
128.038973700004,0,0,19,0,0,0.028,-0.016,-1.001,0.3,-0.6,0
128.048973700004,0,0,19,0,0,0.028,-0.016,-1.001,0.3,-0.6,0
128.058973700004,0,0.01,19,0,0,0.029,-0.015,-1.001,0.3,-0.6,0
128.068973700004,0,0.01,19,0,0,0.029,-0.015,-1.001,0.3,-0.6,0
128.078973700004,0,0.01,19,0,0,0.029,-0.015,-1.001,0.3,-0.6,0
128.088973700004,0,0.01,19,0,0,0.029,-0.015,-1.001,0.3,-0.6,0
128.098973700004,0,0.01,19,0,0,0.029,-0.015,-1.001,0.3,-0.6,0
128.108973700004,0,0.01,19,0,0,0.029,-0.014,-1.001,0.3,-0.6,0
128.118973700004,0,0.01,19,0,0,0.029,-0.014,-1.001,0.3,-0.6,0
128.128973700004,0,0.01,19,0,0,0.029,-0.014,-1.001,0.3,-0.6,0
128.138973700004,0,0.01,19,0,0,0.029,-0.014,-1.001,0.3,-0.6,0
128.148973700004,0,0.01,19,0,0,0.029,-0.014,-1.001,0.3,-0.6,0
128.158973700004,0,0,19,0,0,0.028,-0.016,-1.001,0.3,-0.5,0
128.168973700004,0,0,19,0,0,0.028,-0.016,-1.001,0.3,-0.5,0
128.178973700004,0,0,19,0,0,0.028,-0.016,-1.001,0.3,-0.5,0
128.188973700004,0,0,19,0,0,0.028,-0.016,-1.001,0.3,-0.5,0
128.198973700004,0,0,19,0,0,0.028,-0.016,-1.001,0.3,-0.5,0
128.208973700004,0,0,19,0,0,0.028,-0.014,-1.001,0.3,-0.6,0.1
128.218973700004,0,0,19,0,0,0.028,-0.014,-1.001,0.3,-0.6,0.1
128.228973700004,0,0,19,0,0,0.028,-0.014,-1.001,0.3,-0.6,0.1
128.238973700004,0,0,19,0,0,0.028,-0.014,-1.001,0.3,-0.6,0.1
128.248973700004,0,0,19,0,0,0.028,-0.014,-1.001,0.3,-0.6,0.1
128.258973700004,0,0,19,0,0,0.027,-0.016,-1.001,0.3,-0.6,0
128.268973700004,0,0,19,0,0,0.027,-0.016,-1.001,0.3,-0.6,0
128.278973700004,0,0,19,0,0,0.027,-0.016,-1.001,0.3,-0.6,0
128.288973700004,0,0,19,0,0,0.027,-0.016,-1.001,0.3,-0.6,0
128.298973700004,0,0,19,0,0,0.027,-0.016,-1.001,0.3,-0.6,0
128.308973700004,0,0,19,0,0,0.028,-0.015,-1.001,0.3,-0.6,0
128.318973700004,0,0,19,0,0,0.028,-0.015,-1.001,0.3,-0.6,0
128.328973700004,0,0,19,0,0,0.028,-0.015,-1.001,0.3,-0.6,0
128.338973700004,0,0,19,0,0,0.028,-0.015,-1.001,0.3,-0.6,0
128.348973700004,0,0,19,0,0,0.028,-0.015,-1.001,0.3,-0.6,0
128.358973700004,0,0,19,0,0,0.028,-0.014,-1.002,0.3,-0.6,0
128.368973700004,0,0,19,0,0,0.028,-0.014,-1.002,0.3,-0.6,0
128.378973700004,0,0,19,0,0,0.028,-0.014,-1.002,0.3,-0.6,0
128.388973700004,0,0,19,0,0,0.028,-0.014,-1.002,0.3,-0.6,0
128.398973700004,0,0,19,0,0,0.028,-0.014,-1.002,0.3,-0.6,0
128.408973700004,0,0.01,19,0,0,0.027,-0.015,-1.001,0.3,-0.6,0
128.418973700004,0,0.01,19,0,0,0.027,-0.015,-1.001,0.3,-0.6,0
128.428973700004,0,0.01,19,0,0,0.027,-0.015,-1.001,0.3,-0.6,0
128.438973700004,0,0.01,19,0,0,0.027,-0.015,-1.001,0.3,-0.6,0
128.448973700004,0,0.01,19,0,0,0.027,-0.015,-1.001,0.3,-0.6,0
128.458973700004,0,0,19,0,0,0.028,-0.014,-1.001,0.2,-0.6,0
128.468973700004,0,0,19,0,0,0.028,-0.014,-1.001,0.2,-0.6,0
128.478973700004,0,0,19,0,0,0.028,-0.014,-1.001,0.2,-0.6,0
128.488973700004,0,0,19,0,0,0.028,-0.014,-1.001,0.2,-0.6,0
128.498973700004,0,0,19,0,0,0.028,-0.014,-1.001,0.2,-0.6,0
128.508973700004,0,0,19,0,0,0.028,-0.014,-1.001,0.2,-0.6,0.1
128.518973700004,0,0,19,0,0,0.028,-0.014,-1.001,0.2,-0.6,0.1
128.528973700004,0,0,19,0,0,0.028,-0.014,-1.001,0.2,-0.6,0.1
128.538973700004,0,0,19,0,0,0.028,-0.014,-1.001,0.2,-0.6,0.1
128.548973700004,0,0,19,0,0,0.028,-0.014,-1.001,0.2,-0.6,0.1
128.558973700004,0,0.01,19,0,0,0.028,-0.016,-1.001,0.3,-0.6,0
128.568973700004,0,0.01,19,0,0,0.028,-0.016,-1.001,0.3,-0.6,0
128.578973700004,0,0.01,19,0,0,0.028,-0.016,-1.001,0.3,-0.6,0
128.588973700004,0,0.01,19,0,0,0.028,-0.016,-1.001,0.3,-0.6,0
128.598973700004,0,0.01,19,0,0,0.028,-0.016,-1.001,0.3,-0.6,0
128.608973700004,0,0,19,0,0,0.029,-0.014,-1.002,0.3,-0.6,0
128.618973700004,0,0,19,0,0,0.029,-0.014,-1.002,0.3,-0.6,0
128.628973700004,0,0,19,0,0,0.029,-0.014,-1.002,0.3,-0.6,0
128.638973700004,0,0,19,0,0,0.029,-0.014,-1.002,0.3,-0.6,0
128.648973700004,0,0,19,0,0,0.029,-0.014,-1.002,0.3,-0.6,0
128.658973700004,0,0.01,19,0,0,0.029,-0.015,-1.002,0.3,-0.6,0
128.668973700004,0,0.01,19,0,0,0.029,-0.015,-1.002,0.3,-0.6,0
128.678973700004,0,0.01,19,0,0,0.029,-0.015,-1.002,0.3,-0.6,0
128.688973700004,0,0.01,19,0,0,0.029,-0.015,-1.002,0.3,-0.6,0
128.698973700004,0,0.01,19,0,0,0.029,-0.015,-1.002,0.3,-0.6,0
128.708973700004,0,0.01,19,0,0,0.029,-0.014,-1.002,0.3,-0.6,0
128.718973700004,0,0.01,19,0,0,0.029,-0.014,-1.002,0.3,-0.6,0
128.728973700004,0,0.01,19,0,0,0.029,-0.014,-1.002,0.3,-0.6,0
128.738973700004,0,0.01,19,0,0,0.029,-0.014,-1.002,0.3,-0.6,0
128.748973700004,0,0.01,19,0,0,0.029,-0.014,-1.002,0.3,-0.6,0
128.758973700004,0,0,19,0,0,0.029,-0.014,-1.001,0.3,-0.6,0
128.768973700004,0,0,19,0,0,0.029,-0.014,-1.001,0.3,-0.6,0
128.778973700004,0,0,19,0,0,0.029,-0.014,-1.001,0.3,-0.6,0
128.788973700004,0,0,19,0,0,0.029,-0.014,-1.001,0.3,-0.6,0
128.798973700004,0,0,19,0,0,0.029,-0.014,-1.001,0.3,-0.6,0
128.808973700004,0,0,19,0,0,0.028,-0.015,-1.001,0.3,-0.6,0
128.818973700004,0,0,19,0,0,0.028,-0.015,-1.001,0.3,-0.6,0
128.828973700004,0,0,19,0,0,0.028,-0.015,-1.001,0.3,-0.6,0
128.838973700004,0,0,19,0,0,0.028,-0.015,-1.001,0.3,-0.6,0
128.848973700004,0,0,19,0,0,0.028,-0.015,-1.001,0.3,-0.6,0
128.858973700004,0,0,19,0,0,0.027,-0.015,-1.001,0.3,-0.6,0
128.868973700004,0,0,19,0,0,0.027,-0.015,-1.001,0.3,-0.6,0
128.878973700004,0,0,19,0,0,0.027,-0.015,-1.001,0.3,-0.6,0
128.888973700004,0,0,19,0,0,0.027,-0.015,-1.001,0.3,-0.6,0
128.898973700004,0,0,19,0,0,0.027,-0.015,-1.001,0.3,-0.6,0
128.908973700004,0,0,19,0,0,0.029,-0.015,-1.001,0.3,-0.6,0
128.918973700004,0,0,19,0,0,0.029,-0.015,-1.001,0.3,-0.6,0
128.928973700004,0,0,19,0,0,0.029,-0.015,-1.001,0.3,-0.6,0
128.938973700004,0,0,19,0,0,0.029,-0.015,-1.001,0.3,-0.6,0
128.948973700004,0,0,19,0,0,0.029,-0.015,-1.001,0.3,-0.6,0
128.958973700004,0,0,19,0,0,0.027,-0.015,-1.002,0.3,-0.6,0
128.968973700004,0,0,19,0,0,0.027,-0.015,-1.002,0.3,-0.6,0
128.978973700004,0,0,19,0,0,0.027,-0.015,-1.002,0.3,-0.6,0
128.988973700004,0,0,19,0,0,0.027,-0.015,-1.002,0.3,-0.6,0
128.998973700004,0,0,19,0,0,0.027,-0.015,-1.002,0.3,-0.6,0
129.008973700004,0,0,19,0,0,0.029,-0.015,-1.001,0.3,-0.6,0
129.018973700004,0,0,19,0,0,0.029,-0.015,-1.001,0.3,-0.6,0
129.028973700004,0,0,19,0,0,0.029,-0.015,-1.001,0.3,-0.6,0
129.038973700004,0,0,19,0,0,0.029,-0.015,-1.001,0.3,-0.6,0
129.048973700004,0,0,19,0,0,0.029,-0.015,-1.001,0.3,-0.6,0
129.058973700004,0,0,19,0,0,0.027,-0.014,-1.002,0.2,-0.6,0
129.068973700004,0,0,19,0,0,0.027,-0.014,-1.002,0.2,-0.6,0
129.078973700004,0,0,19,0,0,0.027,-0.014,-1.002,0.2,-0.6,0
129.088973700004,0,0,19,0,0,0.027,-0.014,-1.002,0.2,-0.6,0
129.098973700004,0,0,19,0,0,0.027,-0.014,-1.002,0.2,-0.6,0
129.108973700004,0,0,19,0,0,0.029,-0.015,-1.001,0.3,-0.6,0
129.118973700004,0,0,19,0,0,0.029,-0.015,-1.001,0.3,-0.6,0
129.128973700004,0,0,19,0,0,0.029,-0.015,-1.001,0.3,-0.6,0
129.138973700004,0,0,19,0,0,0.029,-0.015,-1.001,0.3,-0.6,0
129.148973700004,0,0,19,0,0,0.029,-0.015,-1.001,0.3,-0.6,0
129.158973700004,0,0.01,19,0,0,0.028,-0.015,-1.002,0.3,-0.5,0
129.168973700004,0,0.01,19,0,0,0.028,-0.015,-1.002,0.3,-0.5,0
129.178973700004,0,0.01,19,0,0,0.028,-0.015,-1.002,0.3,-0.5,0
129.188973700004,0,0.01,19,0,0,0.028,-0.015,-1.002,0.3,-0.5,0
129.198973700004,0,0.01,19,0,0,0.028,-0.015,-1.002,0.3,-0.5,0
129.208973700004,0,0,19,0,0,0.028,-0.015,-1,0.3,-0.6,0
129.218973700004,0,0,19,0,0,0.028,-0.015,-1,0.3,-0.6,0
129.228973700004,0,0,19,0,0,0.028,-0.015,-1,0.3,-0.6,0
129.238973700004,0,0,19,0,0,0.028,-0.015,-1,0.3,-0.6,0
129.248973700004,0,0,19,0,0,0.028,-0.015,-1,0.3,-0.6,0
129.258973700004,0,0.01,19,0,0,0.028,-0.014,-1.001,0.2,-0.6,0
129.268973700004,0,0.01,19,0,0,0.028,-0.014,-1.001,0.2,-0.6,0
129.278973700004,0,0.01,19,0,0,0.028,-0.014,-1.001,0.2,-0.6,0
129.288973700004,0,0.01,19,0,0,0.028,-0.014,-1.001,0.2,-0.6,0
129.298973700004,0,0.01,19,0,0,0.028,-0.014,-1.001,0.2,-0.6,0
129.308973700004,0,0,19,0,0,0.028,-0.016,-1.001,0.3,-0.6,0
129.318973700004,0,0,19,0,0,0.028,-0.016,-1.001,0.3,-0.6,0
129.328973700004,0,0,19,0,0,0.028,-0.016,-1.001,0.3,-0.6,0
129.338973700004,0,0,19,0,0,0.028,-0.016,-1.001,0.3,-0.6,0
129.348973700004,0,0,19,0,0,0.028,-0.016,-1.001,0.3,-0.6,0
129.358973700004,0,0,19,0,0,0.028,-0.013,-1.002,0.3,-0.6,0
129.368973700004,0,0,19,0,0,0.028,-0.013,-1.002,0.3,-0.6,0
129.378973700004,0,0,19,0,0,0.028,-0.013,-1.002,0.3,-0.6,0
129.388973700004,0,0,19,0,0,0.028,-0.013,-1.002,0.3,-0.6,0
129.398973700004,0,0,19,0,0,0.028,-0.013,-1.002,0.3,-0.6,0
129.408973700004,0,0,19,0,0,0.028,-0.016,-1.002,0.3,-0.6,0
129.418973700004,0,0,19,0,0,0.028,-0.016,-1.002,0.3,-0.6,0
129.428973700004,0,0,19,0,0,0.028,-0.016,-1.002,0.3,-0.6,0
129.438973700004,0,0,19,0,0,0.028,-0.016,-1.002,0.3,-0.6,0
129.448973700004,0,0,19,0,0,0.028,-0.016,-1.002,0.3,-0.6,0
129.458973700004,0,0,19,0,0,0.027,-0.014,-1.001,0.3,-0.6,0
129.468973700004,0,0,19,0,0,0.027,-0.014,-1.001,0.3,-0.6,0
129.478973700004,0,0,19,0,0,0.027,-0.014,-1.001,0.3,-0.6,0
129.488973700004,0,0,19,0,0,0.027,-0.014,-1.001,0.3,-0.6,0
129.498973700004,0,0,19,0,0,0.027,-0.014,-1.001,0.3,-0.6,0
129.508973700004,0,0,19,0,0,0.028,-0.015,-1.001,0.3,-0.6,0
129.518973700004,0,0,19,0,0,0.028,-0.015,-1.001,0.3,-0.6,0
129.528973700004,0,0,19,0,0,0.028,-0.015,-1.001,0.3,-0.6,0
129.538973700004,0,0,19,0,0,0.028,-0.015,-1.001,0.3,-0.6,0
129.548973700004,0,0,19,0,0,0.028,-0.015,-1.001,0.3,-0.6,0
129.558973700004,0,0,19,0,0,0.029,-0.016,-1,0.3,-0.6,0
129.568973700004,0,0,19,0,0,0.029,-0.016,-1,0.3,-0.6,0
129.578973700004,0,0,19,0,0,0.029,-0.016,-1,0.3,-0.6,0
129.588973700004,0,0,19,0,0,0.029,-0.016,-1,0.3,-0.6,0
129.598973700004,0,0,19,0,0,0.029,-0.016,-1,0.3,-0.6,0
129.608973700004,0,0,19,0,0,0.027,-0.015,-1.002,0.3,-0.5,0
129.618973700004,0,0,19,0,0,0.027,-0.015,-1.002,0.3,-0.5,0
129.628973700004,0,0,19,0,0,0.027,-0.015,-1.002,0.3,-0.5,0
129.638973700004,0,0,19,0,0,0.027,-0.015,-1.002,0.3,-0.5,0
129.648973700004,0,0,19,0,0,0.027,-0.015,-1.002,0.3,-0.5,0
129.658973700004,0,0.01,19,0,0,0.029,-0.014,-1.002,0.3,-0.6,0
129.668973700004,0,0.01,19,0,0,0.029,-0.014,-1.002,0.3,-0.6,0
129.678973700004,0,0.01,19,0,0,0.029,-0.014,-1.002,0.3,-0.6,0
129.688973700004,0,0.01,19,0,0,0.029,-0.014,-1.002,0.3,-0.6,0
129.698973700004,0,0.01,19,0,0,0.029,-0.014,-1.002,0.3,-0.6,0
129.708973700004,0,0,19,0,0,0.028,-0.015,-1.001,0.3,-0.6,0
129.718973700004,0,0,19,0,0,0.028,-0.015,-1.001,0.3,-0.6,0
129.728973700004,0,0,19,0,0,0.028,-0.015,-1.001,0.3,-0.6,0
129.738973700004,0,0,19,0,0,0.028,-0.015,-1.001,0.3,-0.6,0
129.748973700004,0,0,19,0,0,0.028,-0.015,-1.001,0.3,-0.6,0
129.758973700004,0,0,19,0,0,0.027,-0.014,-1.002,0.3,-0.6,0
129.768973700004,0,0,19,0,0,0.027,-0.014,-1.002,0.3,-0.6,0
129.778973700004,0,0,19,0,0,0.027,-0.014,-1.002,0.3,-0.6,0
129.788973700004,0,0,19,0,0,0.027,-0.014,-1.002,0.3,-0.6,0
129.798973700004,0,0,19,0,0,0.027,-0.014,-1.002,0.3,-0.6,0
129.808973700004,0,0,19,0,0,0.029,-0.016,-1,0.3,-0.6,0
129.818973700004,0,0,19,0,0,0.029,-0.016,-1,0.3,-0.6,0
129.828973700004,0,0,19,0,0,0.029,-0.016,-1,0.3,-0.6,0
129.838973700004,0,0,19,0,0,0.029,-0.016,-1,0.3,-0.6,0
129.848973700004,0,0,19,0,0,0.029,-0.016,-1,0.3,-0.6,0
129.858973700004,0,0,19,0,0,0.028,-0.015,-1.002,0.4,-0.5,0.1
129.868973700004,0,0,19,0,0,0.028,-0.015,-1.002,0.4,-0.5,0.1
129.878973700004,0,0,19,0,0,0.028,-0.015,-1.002,0.4,-0.5,0.1
129.888973700004,0,0,19,0,0,0.028,-0.015,-1.002,0.4,-0.5,0.1
129.898973700004,0,0,19,0,0,0.028,-0.015,-1.002,0.4,-0.5,0.1
129.908973700004,0,0,19,0,0,0.027,-0.013,-1.001,0.3,-0.6,0
129.918973700004,0,0,19,0,0,0.027,-0.013,-1.001,0.3,-0.6,0
129.928973700004,0,0,19,0,0,0.027,-0.013,-1.001,0.3,-0.6,0
129.938973700004,0,0,19,0,0,0.027,-0.013,-1.001,0.3,-0.6,0
129.948973700004,0,0,19,0,0,0.027,-0.013,-1.001,0.3,-0.6,0
129.958973700004,0,0,19,0,0,0.029,-0.014,-1.001,0.4,-0.6,0
129.968973700004,0,0,19,0,0,0.029,-0.014,-1.001,0.4,-0.6,0
129.978973700004,0,0,19,0,0,0.029,-0.014,-1.001,0.4,-0.6,0
129.988973700004,0,0,19,0,0,0.029,-0.014,-1.001,0.4,-0.6,0
129.998973700004,0,0,19,0,0,0.029,-0.014,-1.001,0.4,-0.6,0
130.008973700004,0,0,19,0,0,0.028,-0.014,-1.002,0.2,-0.6,0
130.018973700004,0,0,19,0,0,0.028,-0.014,-1.002,0.2,-0.6,0
130.028973700004,0,0,19,0,0,0.028,-0.014,-1.002,0.2,-0.6,0
130.038973700004,0,0,19,0,0,0.028,-0.014,-1.002,0.2,-0.6,0
130.048973700004,0,0,19,0,0,0.028,-0.014,-1.002,0.2,-0.6,0
130.058973700004,0,0,19,0,0,0.028,-0.016,-1.002,0.3,-0.5,0
130.068973700004,0,0,19,0,0,0.028,-0.016,-1.002,0.3,-0.5,0
130.078973700004,0,0,19,0,0,0.028,-0.016,-1.002,0.3,-0.5,0
130.088973700004,0,0,19,0,0,0.028,-0.016,-1.002,0.3,-0.5,0
130.098973700004,0,0,19,0,0,0.028,-0.016,-1.002,0.3,-0.5,0
130.108973700004,0,0,19,0,0,0.028,-0.015,-1.001,0.3,-0.6,0
130.118973700004,0,0,19,0,0,0.028,-0.015,-1.001,0.3,-0.6,0
130.128973700004,0,0,19,0,0,0.028,-0.015,-1.001,0.3,-0.6,0
130.138973700004,0,0,19,0,0,0.028,-0.015,-1.001,0.3,-0.6,0
130.148973700004,0,0,19,0,0,0.028,-0.015,-1.001,0.3,-0.6,0
130.158973700004,0,0,19,0,0,0.028,-0.016,-1.003,0.3,-0.6,0
130.168973700004,0,0,19,0,0,0.028,-0.016,-1.003,0.3,-0.6,0
130.178973700004,0,0,19,0,0,0.028,-0.016,-1.003,0.3,-0.6,0
130.188973700004,0,0,19,0,0,0.028,-0.016,-1.003,0.3,-0.6,0
130.198973700004,0,0,19,0,0,0.028,-0.016,-1.003,0.3,-0.6,0
130.208973700004,0,0,19,0,0,0.029,-0.015,-1.001,0.3,-0.6,0
130.218973700004,0,0,19,0,0,0.029,-0.015,-1.001,0.3,-0.6,0
130.228973700004,0,0,19,0,0,0.029,-0.015,-1.001,0.3,-0.6,0
130.238973700004,0,0,19,0,0,0.029,-0.015,-1.001,0.3,-0.6,0
130.248973700004,0,0,19,0,0,0.029,-0.015,-1.001,0.3,-0.6,0
130.258973700004,0,0,19,0,0,0.028,-0.014,-1.002,0.3,-0.6,0
130.268973700003,0,0,19,0,0,0.028,-0.014,-1.002,0.3,-0.6,0
130.278973700004,0,0,19,0,0,0.028,-0.014,-1.002,0.3,-0.6,0
130.288973700004,0,0,19,0,0,0.028,-0.014,-1.002,0.3,-0.6,0
130.298973700004,0,0,19,0,0,0.028,-0.014,-1.002,0.3,-0.6,0
130.308973700003,0,0,19,0,0,0.028,-0.015,-1.002,0.3,-0.5,0
130.318973700003,0,0,19,0,0,0.028,-0.015,-1.002,0.3,-0.5,0
130.328973700004,0,0,19,0,0,0.028,-0.015,-1.002,0.3,-0.5,0
130.338973700003,0,0,19,0,0,0.028,-0.015,-1.002,0.3,-0.5,0
130.348973700003,0,0,19,0,0,0.028,-0.015,-1.002,0.3,-0.5,0
130.358973700003,0,0,19,0,0,0.029,-0.015,-1.001,0.3,-0.6,0
130.368973700003,0,0,19,0,0,0.029,-0.015,-1.001,0.3,-0.6,0
130.378973700003,0,0,19,0,0,0.029,-0.015,-1.001,0.3,-0.6,0
130.388973700003,0,0,19,0,0,0.029,-0.015,-1.001,0.3,-0.6,0
130.398973700003,0,0,19,0,0,0.029,-0.015,-1.001,0.3,-0.6,0
130.408973700003,0,0.01,19,0,0,0.027,-0.015,-1.001,0.3,-0.5,0
130.418973700003,0,0.01,19,0,0,0.027,-0.015,-1.001,0.3,-0.5,0
130.428973700003,0,0.01,19,0,0,0.027,-0.015,-1.001,0.3,-0.5,0
130.438973700003,0,0.01,19,0,0,0.027,-0.015,-1.001,0.3,-0.5,0
130.448973700003,0,0.01,19,0,0,0.027,-0.015,-1.001,0.3,-0.5,0
130.458973700003,0,0,19,0,0,0.03,-0.015,-1.001,0.3,-0.6,0
130.468973700003,0,0,19,0,0,0.03,-0.015,-1.001,0.3,-0.6,0
130.478973700003,0,0,19,0,0,0.03,-0.015,-1.001,0.3,-0.6,0
130.488973700003,0,0,19,0,0,0.03,-0.015,-1.001,0.3,-0.6,0
130.498973700003,0,0,19,0,0,0.03,-0.015,-1.001,0.3,-0.6,0
130.508973700003,0,0,19,0,0,0.028,-0.015,-1.002,0.3,-0.6,0
130.518973700003,0,0,19,0,0,0.028,-0.015,-1.002,0.3,-0.6,0
130.528973700003,0,0,19,0,0,0.028,-0.015,-1.002,0.3,-0.6,0
130.538973700003,0,0,19,0,0,0.028,-0.015,-1.002,0.3,-0.6,0
130.548973700003,0,0,19,0,0,0.028,-0.015,-1.002,0.3,-0.6,0
130.558973700003,0,0,19,0,0,0.029,-0.015,-1.002,0.2,-0.5,0
130.568973700003,0,0,19,0,0,0.029,-0.015,-1.002,0.2,-0.5,0
130.578973700003,0,0,19,0,0,0.029,-0.015,-1.002,0.2,-0.5,0
130.588973700003,0,0,19,0,0,0.029,-0.015,-1.002,0.2,-0.5,0
130.598973700003,0,0,19,0,0,0.029,-0.015,-1.002,0.2,-0.5,0
130.608973700003,0,0,19,0,0,0.028,-0.015,-1.001,0.3,-0.6,0
130.618973700003,0,0,19,0,0,0.028,-0.015,-1.001,0.3,-0.6,0
130.628973700003,0,0,19,0,0,0.028,-0.015,-1.001,0.3,-0.6,0
130.638973700003,0,0,19,0,0,0.028,-0.015,-1.001,0.3,-0.6,0
130.648973700003,0,0,19,0,0,0.028,-0.015,-1.001,0.3,-0.6,0
130.658973700003,0,0,19,0,0,0.028,-0.015,-1,0.3,-0.6,0.1
130.668973700003,0,0,19,0,0,0.028,-0.015,-1,0.3,-0.6,0.1
130.678973700003,0,0,19,0,0,0.028,-0.015,-1,0.3,-0.6,0.1
130.688973700003,0,0,19,0,0,0.028,-0.015,-1,0.3,-0.6,0.1
130.698973700003,0,0,19,0,0,0.028,-0.015,-1,0.3,-0.6,0.1
130.708973700003,0,0,19,0,0,0.028,-0.015,-1.001,0.3,-0.6,0
130.718973700003,0,0,19,0,0,0.028,-0.015,-1.001,0.3,-0.6,0
130.728973700003,0,0,19,0,0,0.028,-0.015,-1.001,0.3,-0.6,0
130.738973700003,0,0,19,0,0,0.028,-0.015,-1.001,0.3,-0.6,0
130.748973700003,0,0,19,0,0,0.028,-0.015,-1.001,0.3,-0.6,0
130.758973700003,0,0,19,0,0,0.028,-0.016,-1.002,0.3,-0.5,0
130.768973700003,0,0,19,0,0,0.028,-0.016,-1.002,0.3,-0.5,0
130.778973700003,0,0,19,0,0,0.028,-0.016,-1.002,0.3,-0.5,0
130.788973700003,0,0,19,0,0,0.028,-0.016,-1.002,0.3,-0.5,0
130.798973700003,0,0,19,0,0,0.028,-0.016,-1.002,0.3,-0.5,0
130.808973700003,0,0.01,19,0,0,0.029,-0.014,-1,0.2,-0.6,0
130.818973700003,0,0.01,19,0,0,0.029,-0.014,-1,0.2,-0.6,0
130.828973700003,0,0.01,19,0,0,0.029,-0.014,-1,0.2,-0.6,0
130.838973700003,0,0.01,19,0,0,0.029,-0.014,-1,0.2,-0.6,0
130.848973700003,0,0.01,19,0,0,0.029,-0.014,-1,0.2,-0.6,0
130.858973700003,0,0,19,0,0,0.028,-0.016,-1.001,0.3,-0.6,0
130.868973700003,0,0,19,0,0,0.028,-0.016,-1.001,0.3,-0.6,0
130.878973700003,0,0,19,0,0,0.028,-0.016,-1.001,0.3,-0.6,0
130.888973700003,0,0,19,0,0,0.028,-0.016,-1.001,0.3,-0.6,0
130.898973700003,0,0,19,0,0,0.028,-0.016,-1.001,0.3,-0.6,0
130.908973700003,0,0,19,0,0,0.028,-0.014,-1.001,0.4,-0.6,0
130.918973700003,0,0,19,0,0,0.028,-0.014,-1.001,0.4,-0.6,0
130.928973700003,0,0,19,0,0,0.028,-0.014,-1.001,0.4,-0.6,0
130.938973700003,0,0,19,0,0,0.028,-0.014,-1.001,0.4,-0.6,0
130.948973700003,0,0,19,0,0,0.028,-0.014,-1.001,0.4,-0.6,0
130.958973700003,0,0,19,0,0,0.028,-0.016,-1.002,0.3,-0.6,0
130.968973700003,0,0,19,0,0,0.028,-0.016,-1.002,0.3,-0.6,0
130.978973700003,0,0,19,0,0,0.028,-0.016,-1.002,0.3,-0.6,0
130.988973700003,0,0,19,0,0,0.028,-0.016,-1.002,0.3,-0.6,0
130.998973700003,0,0,19,0,0,0.028,-0.016,-1.002,0.3,-0.6,0
131.008973700003,0,0,19,0,0,0.028,-0.014,-1.001,0.3,-0.6,0
131.018973700003,0,0,19,0,0,0.028,-0.014,-1.001,0.3,-0.6,0
131.028973700003,0,0,19,0,0,0.028,-0.014,-1.001,0.3,-0.6,0
131.038973700003,0,0,19,0,0,0.028,-0.014,-1.001,0.3,-0.6,0
131.048973700003,0,0,19,0,0,0.028,-0.014,-1.001,0.3,-0.6,0
131.058973700003,0,0,19,0,0,0.028,-0.015,-1.001,0.3,-0.6,0
131.068973700003,0,0,19,0,0,0.028,-0.015,-1.001,0.3,-0.6,0
131.078973700003,0,0,19,0,0,0.028,-0.015,-1.001,0.3,-0.6,0
131.088973700003,0,0,19,0,0,0.028,-0.015,-1.001,0.3,-0.6,0
131.098973700003,0,0,19,0,0,0.028,-0.015,-1.001,0.3,-0.6,0
131.108973700003,0,0.01,19,0,0,0.027,-0.014,-1,0.3,-0.6,0
131.118973700003,0,0.01,19,0,0,0.027,-0.014,-1,0.3,-0.6,0
131.128973700003,0,0.01,19,0,0,0.027,-0.014,-1,0.3,-0.6,0
131.138973700003,0,0.01,19,0,0,0.027,-0.014,-1,0.3,-0.6,0
131.148973700003,0,0.01,19,0,0,0.027,-0.014,-1,0.3,-0.6,0
131.158973700003,0,0,19,0,0,0.029,-0.015,-1.002,0.3,-0.6,0
131.168973700003,0,0,19,0,0,0.029,-0.015,-1.002,0.3,-0.6,0
131.178973700003,0,0,19,0,0,0.029,-0.015,-1.002,0.3,-0.6,0
131.188973700003,0,0,19,0,0,0.029,-0.015,-1.002,0.3,-0.6,0
131.198973700003,0,0,19,0,0,0.029,-0.015,-1.002,0.3,-0.6,0
131.208973700003,0,0,19,0,0,0.028,-0.017,-1.002,0.3,-0.6,0.1
131.218973700003,0,0,19,0,0,0.028,-0.017,-1.002,0.3,-0.6,0.1
131.228973700003,0,0,19,0,0,0.028,-0.017,-1.002,0.3,-0.6,0.1
131.238973700003,0,0,19,0,0,0.028,-0.017,-1.002,0.3,-0.6,0.1
131.248973700003,0,0,19,0,0,0.028,-0.017,-1.002,0.3,-0.6,0.1
131.258973700003,0,0.01,19,0,0,0.028,-0.015,-1.002,0.3,-0.6,0
131.268973700003,0,0.01,19,0,0,0.028,-0.015,-1.002,0.3,-0.6,0
131.278973700003,0,0.01,19,0,0,0.028,-0.015,-1.002,0.3,-0.6,0
131.288973700003,0,0.01,19,0,0,0.028,-0.015,-1.002,0.3,-0.6,0
131.298973700003,0,0.01,19,0,0,0.028,-0.015,-1.002,0.3,-0.6,0
131.308973700003,0,0,19,0,0,0.028,-0.016,-1,0.3,-0.6,0
131.318973700003,0,0,19,0,0,0.028,-0.016,-1,0.3,-0.6,0
131.328973700003,0,0,19,0,0,0.028,-0.016,-1,0.3,-0.6,0
131.338973700003,0,0,19,0,0,0.028,-0.016,-1,0.3,-0.6,0
131.348973700003,0,0,19,0,0,0.028,-0.016,-1,0.3,-0.6,0
131.358973700003,0,0,19,0,0,0.028,-0.014,-1.002,0.3,-0.6,0
131.368973700003,0,0,19,0,0,0.028,-0.014,-1.002,0.3,-0.6,0
131.378973700003,0,0,19,0,0,0.028,-0.014,-1.002,0.3,-0.6,0
131.388973700003,0,0,19,0,0,0.028,-0.014,-1.002,0.3,-0.6,0
131.398973700003,0,0,19,0,0,0.028,-0.014,-1.002,0.3,-0.6,0
131.408973700003,0,0,19,0,0,0.027,-0.015,-1.001,0.4,-0.6,0
131.418973700003,0,0,19,0,0,0.027,-0.015,-1.001,0.4,-0.6,0
131.428973700003,0,0,19,0,0,0.027,-0.015,-1.001,0.4,-0.6,0
131.438973700003,0,0,19,0,0,0.027,-0.015,-1.001,0.4,-0.6,0
131.448973700003,0,0,19,0,0,0.027,-0.015,-1.001,0.4,-0.6,0
131.458973700003,0,0,19,0,0,0.028,-0.015,-1.001,0.3,-0.6,0
131.468973700003,0,0,19,0,0,0.028,-0.015,-1.001,0.3,-0.6,0
131.478973700003,0,0,19,0,0,0.028,-0.015,-1.001,0.3,-0.6,0
131.488973700003,0,0,19,0,0,0.028,-0.015,-1.001,0.3,-0.6,0
131.498973700003,0,0,19,0,0,0.028,-0.015,-1.001,0.3,-0.6,0
131.508973700003,0,0,19,0,0,0.027,-0.014,-1.001,0.3,-0.6,0
131.518973700003,0,0,19,0,0,0.027,-0.014,-1.001,0.3,-0.6,0
131.528973700003,0,0,19,0,0,0.027,-0.014,-1.001,0.3,-0.6,0
131.538973700003,0,0,19,0,0,0.027,-0.014,-1.001,0.3,-0.6,0
131.548973700003,0,0,19,0,0,0.027,-0.014,-1.001,0.3,-0.6,0
131.558973700003,0,0,19,0,0,0.028,-0.014,-1.002,0.3,-0.5,0
131.568973700003,0,0,19,0,0,0.028,-0.014,-1.002,0.3,-0.5,0
131.578973700003,0,0,19,0,0,0.028,-0.014,-1.002,0.3,-0.5,0
131.588973700003,0,0,19,0,0,0.028,-0.014,-1.002,0.3,-0.5,0
131.598973700003,0,0,19,0,0,0.028,-0.014,-1.002,0.3,-0.5,0
131.608973700003,0,0,19,0,0,0.029,-0.015,-1.001,0.3,-0.6,0
131.618973700003,0,0,19,0,0,0.029,-0.015,-1.001,0.3,-0.6,0
131.628973700003,0,0,19,0,0,0.029,-0.015,-1.001,0.3,-0.6,0
131.638973700003,0,0,19,0,0,0.029,-0.015,-1.001,0.3,-0.6,0
131.648973700003,0,0,19,0,0,0.029,-0.015,-1.001,0.3,-0.6,0
131.658973700003,0,0,19,0,0,0.027,-0.015,-1.002,0.3,-0.6,0.1
131.668973700003,0,0,19,0,0,0.027,-0.015,-1.002,0.3,-0.6,0.1
131.678973700003,0,0,19,0,0,0.027,-0.015,-1.002,0.3,-0.6,0.1
131.688973700003,0,0,19,0,0,0.027,-0.015,-1.002,0.3,-0.6,0.1
131.698973700003,0,0,19,0,0,0.027,-0.015,-1.002,0.3,-0.6,0.1
131.708973700003,0,0,19,0,0,0.028,-0.014,-1.001,0.3,-0.6,0
131.718973700003,0,0,19,0,0,0.028,-0.014,-1.001,0.3,-0.6,0
131.728973700003,0,0,19,0,0,0.028,-0.014,-1.001,0.3,-0.6,0
131.738973700003,0,0,19,0,0,0.028,-0.014,-1.001,0.3,-0.6,0
131.748973700003,0,0,19,0,0,0.028,-0.014,-1.001,0.3,-0.6,0
131.758973700003,0,0,19,0,0,0.028,-0.014,-1.001,0.3,-0.6,0
131.768973700003,0,0,19,0,0,0.028,-0.014,-1.001,0.3,-0.6,0
131.778973700003,0,0,19,0,0,0.028,-0.014,-1.001,0.3,-0.6,0
131.788973700003,0,0,19,0,0,0.028,-0.014,-1.001,0.3,-0.6,0
131.798973700003,0,0,19,0,0,0.028,-0.014,-1.001,0.3,-0.6,0
131.808973700003,0,0,19,0,0,0.029,-0.016,-1.001,0.3,-0.4,0
131.818973700003,0,0,19,0,0,0.029,-0.016,-1.001,0.3,-0.4,0
131.828973700003,0,0,19,0,0,0.029,-0.016,-1.001,0.3,-0.4,0
131.838973700003,0,0,19,0,0,0.029,-0.016,-1.001,0.3,-0.4,0
131.848973700003,0,0,19,0,0,0.029,-0.016,-1.001,0.3,-0.4,0
131.858973700003,0,0,19,0,0,0.027,-0.015,-1.001,0.3,-0.5,0
131.868973700003,0,0,19,0,0,0.027,-0.015,-1.001,0.3,-0.5,0
131.878973700003,0,0,19,0,0,0.027,-0.015,-1.001,0.3,-0.5,0
131.888973700003,0,0,19,0,0,0.027,-0.015,-1.001,0.3,-0.5,0
131.898973700003,0,0,19,0,0,0.027,-0.015,-1.001,0.3,-0.5,0
131.908973700003,0,0,19,0,0,0.029,-0.015,-1.002,0.3,-0.6,0
131.918973700003,0,0,19,0,0,0.029,-0.015,-1.002,0.3,-0.6,0
131.928973700003,0,0,19,0,0,0.029,-0.015,-1.002,0.3,-0.6,0
131.938973700003,0,0,19,0,0,0.029,-0.015,-1.002,0.3,-0.6,0
131.948973700003,0,0,19,0,0,0.029,-0.015,-1.002,0.3,-0.6,0
131.958973700003,0,0,19,0,0,0.027,-0.015,-1.001,0.2,-0.6,0
131.968973700003,0,0,19,0,0,0.027,-0.015,-1.001,0.2,-0.6,0
131.978973700003,0,0,19,0,0,0.027,-0.015,-1.001,0.2,-0.6,0
131.988973700003,0,0,19,0,0,0.027,-0.015,-1.001,0.2,-0.6,0
131.998973700003,0,0,19,0,0,0.027,-0.015,-1.001,0.2,-0.6,0
132.008973700003,0,0,19,0,0,0.029,-0.015,-1.002,0.3,-0.6,0
132.018973700003,0,0,19,0,0,0.029,-0.015,-1.002,0.3,-0.6,0
132.028973700003,0,0,19,0,0,0.029,-0.015,-1.002,0.3,-0.6,0
132.038973700003,0,0,19,0,0,0.029,-0.015,-1.002,0.3,-0.6,0
132.048973700003,0,0,19,0,0,0.029,-0.015,-1.002,0.3,-0.6,0
132.058973700003,0,0,19,0,0,0.028,-0.015,-1.001,0.3,-0.6,0
132.068973700003,0,0,19,0,0,0.028,-0.015,-1.001,0.3,-0.6,0
132.078973700003,0,0,19,0,0,0.028,-0.015,-1.001,0.3,-0.6,0
132.088973700003,0,0,19,0,0,0.028,-0.015,-1.001,0.3,-0.6,0
132.098973700003,0,0,19,0,0,0.028,-0.015,-1.001,0.3,-0.6,0
132.108973700003,0,0,19,0,0,0.028,-0.015,-1.001,0.2,-0.5,0
132.118973700003,0,0,19,0,0,0.028,-0.015,-1.001,0.2,-0.5,0
132.128973700003,0,0,19,0,0,0.028,-0.015,-1.001,0.2,-0.5,0
132.138973700003,0,0,19,0,0,0.028,-0.015,-1.001,0.2,-0.5,0
132.148973700003,0,0,19,0,0,0.028,-0.015,-1.001,0.2,-0.5,0
132.158973700003,0,0,19,0,0,0.028,-0.014,-1,0.3,-0.5,0
132.168973700003,0,0,19,0,0,0.028,-0.014,-1,0.3,-0.5,0
132.178973700003,0,0,19,0,0,0.028,-0.014,-1,0.3,-0.5,0
132.188973700003,0,0,19,0,0,0.028,-0.014,-1,0.3,-0.5,0
132.198973700003,0,0,19,0,0,0.028,-0.014,-1,0.3,-0.5,0
132.208973700003,0,0,19,0,0,0.029,-0.014,-1,0.3,-0.6,0
132.218973700003,0,0,19,0,0,0.029,-0.014,-1,0.3,-0.6,0
132.228973700003,0,0,19,0,0,0.029,-0.014,-1,0.3,-0.6,0
132.238973700003,0,0,19,0,0,0.029,-0.014,-1,0.3,-0.6,0
132.248973700003,0,0,19,0,0,0.029,-0.014,-1,0.3,-0.6,0
132.258973700003,0,0,19,0,0,0.028,-0.015,-1.002,0.3,-0.6,0
132.268973700003,0,0,19,0,0,0.028,-0.015,-1.002,0.3,-0.6,0
132.278973700003,0,0,19,0,0,0.028,-0.015,-1.002,0.3,-0.6,0
132.288973700003,0,0,19,0,0,0.028,-0.015,-1.002,0.3,-0.6,0
132.298973700003,0,0,19,0,0,0.028,-0.015,-1.002,0.3,-0.6,0
132.308973700003,0,0,19,0,0,0.029,-0.015,-1.001,0.3,-0.6,0
132.318973700003,0,0,19,0,0,0.029,-0.015,-1.001,0.3,-0.6,0
132.328973700003,0,0,19,0,0,0.029,-0.015,-1.001,0.3,-0.6,0
132.338973700003,0,0,19,0,0,0.029,-0.015,-1.001,0.3,-0.6,0
132.348973700003,0,0,19,0,0,0.029,-0.015,-1.001,0.3,-0.6,0
132.358973700003,0,0,19,0,0,0.028,-0.015,-1.001,0.3,-0.6,0
132.368973700003,0,0,19,0,0,0.028,-0.015,-1.001,0.3,-0.6,0
132.378973700003,0,0,19,0,0,0.028,-0.015,-1.001,0.3,-0.6,0
132.388973700003,0,0,19,0,0,0.028,-0.015,-1.001,0.3,-0.6,0
132.398973700003,0,0,19,0,0,0.028,-0.015,-1.001,0.3,-0.6,0
132.408973700003,0,0,19,0,0,0.028,-0.015,-1,0.3,-0.6,0
132.418973700003,0,0,19,0,0,0.028,-0.015,-1,0.3,-0.6,0
132.428973700003,0,0,19,0,0,0.028,-0.015,-1,0.3,-0.6,0
132.438973700003,0,0,19,0,0,0.028,-0.015,-1,0.3,-0.6,0
132.448973700003,0,0,19,0,0,0.028,-0.015,-1,0.3,-0.6,0
132.458973700003,0,0.01,19,0,0,0.029,-0.015,-1.001,0.3,-0.6,0
132.468973700003,0,0.01,19,0,0,0.029,-0.015,-1.001,0.3,-0.6,0
132.478973700003,0,0.01,19,0,0,0.029,-0.015,-1.001,0.3,-0.6,0
132.488973700003,0,0.01,19,0,0,0.029,-0.015,-1.001,0.3,-0.6,0
132.498973700003,0,0.01,19,0,0,0.029,-0.015,-1.001,0.3,-0.6,0
132.508973700003,0,0.01,19,0,0,0.028,-0.015,-1.002,0.3,-0.6,0
132.518973700003,0,0.01,19,0,0,0.028,-0.015,-1.002,0.3,-0.6,0
132.528973700003,0,0.01,19,0,0,0.028,-0.015,-1.002,0.3,-0.6,0
132.538973700003,0,0.01,19,0,0,0.028,-0.015,-1.002,0.3,-0.6,0
132.548973700003,0,0.01,19,0,0,0.028,-0.015,-1.002,0.3,-0.6,0
132.558973700003,0,0,19,0,0,0.027,-0.015,-1.001,0.3,-0.6,0
132.568973700003,0,0,19,0,0,0.027,-0.015,-1.001,0.3,-0.6,0
132.578973700003,0,0,19,0,0,0.027,-0.015,-1.001,0.3,-0.6,0
132.588973700003,0,0,19,0,0,0.027,-0.015,-1.001,0.3,-0.6,0
132.598973700003,0,0,19,0,0,0.027,-0.015,-1.001,0.3,-0.6,0
132.608973700003,0,0,19,0,0,0.028,-0.015,-1.001,0.3,-0.6,0
132.618973700003,0,0,19,0,0,0.028,-0.015,-1.001,0.3,-0.6,0
132.628973700003,0,0,19,0,0,0.028,-0.015,-1.001,0.3,-0.6,0
132.638973700003,0,0,19,0,0,0.028,-0.015,-1.001,0.3,-0.6,0
132.648973700003,0,0,19,0,0,0.028,-0.015,-1.001,0.3,-0.6,0
132.658973700003,0,0,19,0,0,0.028,-0.015,-1.001,0.3,-0.6,0
132.668973700003,0,0,19,0,0,0.028,-0.015,-1.001,0.3,-0.6,0
132.678973700003,0,0,19,0,0,0.028,-0.015,-1.001,0.3,-0.6,0
132.688973700003,0,0,19,0,0,0.028,-0.015,-1.001,0.3,-0.6,0
132.698973700003,0,0,19,0,0,0.028,-0.015,-1.001,0.3,-0.6,0
132.708973700003,0,0,19,0,0,0.028,-0.014,-1.001,0.3,-0.6,0
132.718973700003,0,0,19,0,0,0.028,-0.014,-1.001,0.3,-0.6,0
132.728973700003,0,0,19,0,0,0.028,-0.014,-1.001,0.3,-0.6,0
132.738973700003,0,0,19,0,0,0.028,-0.014,-1.001,0.3,-0.6,0
132.748973700003,0,0,19,0,0,0.028,-0.014,-1.001,0.3,-0.6,0
132.758973700003,0,0,19,0,0,0.029,-0.016,-1.001,0.3,-0.6,0
132.768973700003,0,0,19,0,0,0.029,-0.016,-1.001,0.3,-0.6,0
132.778973700003,0,0,19,0,0,0.029,-0.016,-1.001,0.3,-0.6,0
132.788973700003,0,0,19,0,0,0.029,-0.016,-1.001,0.3,-0.6,0
132.798973700003,0,0,19,0,0,0.029,-0.016,-1.001,0.3,-0.6,0
132.808973700003,0,0,19,0,0,0.028,-0.015,-1.001,0.3,-0.6,0
132.818973700003,0,0,19,0,0,0.028,-0.015,-1.001,0.3,-0.6,0
132.828973700003,0,0,19,0,0,0.028,-0.015,-1.001,0.3,-0.6,0
132.838973700003,0,0,19,0,0,0.028,-0.015,-1.001,0.3,-0.6,0
132.848973700003,0,0,19,0,0,0.028,-0.015,-1.001,0.3,-0.6,0
132.858973700003,0,0.01,19,0,0,0.028,-0.015,-1.002,0.3,-0.5,0
132.868973700003,0,0.01,19,0,0,0.028,-0.015,-1.002,0.3,-0.5,0
132.878973700003,0,0.01,19,0,0,0.028,-0.015,-1.002,0.3,-0.5,0
132.888973700003,0,0.01,19,0,0,0.028,-0.015,-1.002,0.3,-0.5,0
132.898973700003,0,0.01,19,0,0,0.028,-0.015,-1.002,0.3,-0.5,0
132.908973700003,0,0,19,0,0,0.028,-0.015,-1.001,0.3,-0.6,0
132.918973700003,0,0,19,0,0,0.028,-0.015,-1.001,0.3,-0.6,0
132.928973700003,0,0,19,0,0,0.028,-0.015,-1.001,0.3,-0.6,0
132.938973700003,0,0,19,0,0,0.028,-0.015,-1.001,0.3,-0.6,0
132.948973700003,0,0,19,0,0,0.028,-0.015,-1.001,0.3,-0.6,0
132.958973700003,0,0,19,0,0,0.028,-0.014,-1.002,0.3,-0.6,0
132.968973700003,0,0,19,0,0,0.028,-0.014,-1.002,0.3,-0.6,0
132.978973700003,0,0,19,0,0,0.028,-0.014,-1.002,0.3,-0.6,0
132.988973700003,0,0,19,0,0,0.028,-0.014,-1.002,0.3,-0.6,0
132.998973700003,0,0,19,0,0,0.028,-0.014,-1.002,0.3,-0.6,0
133.008973700003,0,0,19,0,0,0.029,-0.015,-1.001,0.3,-0.6,0
133.018973700003,0,0,19,0,0,0.029,-0.015,-1.001,0.3,-0.6,0
133.028973700003,0,0,19,0,0,0.029,-0.015,-1.001,0.3,-0.6,0
133.038973700003,0,0,19,0,0,0.029,-0.015,-1.001,0.3,-0.6,0
133.048973700003,0,0,19,0,0,0.029,-0.015,-1.001,0.3,-0.6,0
133.058973700003,0,0,19,0,0,0.028,-0.015,-1.001,0.3,-0.6,0
133.068973700003,0,0,19,0,0,0.028,-0.015,-1.001,0.3,-0.6,0
133.078973700003,0,0,19,0,0,0.028,-0.015,-1.001,0.3,-0.6,0
133.088973700003,0,0,19,0,0,0.028,-0.015,-1.001,0.3,-0.6,0
133.098973700003,0,0,19,0,0,0.028,-0.015,-1.001,0.3,-0.6,0
133.108973700003,0,0,19,0,0,0.028,-0.015,-1.001,0.2,-0.6,0
133.118973700003,0,0,19,0,0,0.028,-0.015,-1.001,0.2,-0.6,0
133.128973700003,0,0,19,0,0,0.028,-0.015,-1.001,0.2,-0.6,0
133.138973700003,0,0,19,0,0,0.028,-0.015,-1.001,0.2,-0.6,0
133.148973700003,0,0,19,0,0,0.028,-0.015,-1.001,0.2,-0.6,0
133.158973700003,NaN,0,0,0,0,0.019,0.028,-0.015,-100.1,0.3,-0.6
133.168973700003,0,0,0,0,0,0.019,0.028,-0.015,-100.1,0.3,-0.6
133.178973700003,0,0,0,0,0,0.019,0.028,-0.015,-100.1,0.3,-0.6
133.188973700003,0,0,0,0,0,0.019,0.028,-0.015,-100.1,0.3,-0.6
133.198973700003,0,0,0,0,0,0.019,0.028,-0.015,-100.1,0.3,-0.6
133.208973700003,0,0.01,19,0,0,0.029,-0.015,-1.002,0.3,-0.5,0
133.218973700002,0,0.01,19,0,0,0.029,-0.015,-1.002,0.3,-0.5,0
133.228973700003,0,0.01,19,0,0,0.029,-0.015,-1.002,0.3,-0.5,0
133.238973700003,0,0.01,19,0,0,0.029,-0.015,-1.002,0.3,-0.5,0
133.248973700002,0,0.01,19,0,0,0.029,-0.015,-1.002,0.3,-0.5,0
133.258973700002,0,0.01,19,0,0,0.028,-0.014,-1,0.3,-0.6,0
133.268973700002,0,0.01,19,0,0,0.028,-0.014,-1,0.3,-0.6,0
133.278973700002,0,0.01,19,0,0,0.028,-0.014,-1,0.3,-0.6,0
133.288973700002,0,0.01,19,0,0,0.028,-0.014,-1,0.3,-0.6,0
133.298973700002,0,0.01,19,0,0,0.028,-0.014,-1,0.3,-0.6,0
133.308973700002,0,0,19,0,0,0.028,-0.015,-1.001,0.2,-0.6,0
133.318973700002,0,0,19,0,0,0.028,-0.015,-1.001,0.2,-0.6,0
133.328973700002,0,0,19,0,0,0.028,-0.015,-1.001,0.2,-0.6,0
133.338973700002,0,0,19,0,0,0.028,-0.015,-1.001,0.2,-0.6,0
133.348973700002,0,0,19,0,0,0.028,-0.015,-1.001,0.2,-0.6,0
133.358973700002,0,0,19,0,0,0.028,-0.015,-1.002,0.3,-0.6,0
133.368973700002,0,0,19,0,0,0.028,-0.015,-1.002,0.3,-0.6,0
133.378973700002,0,0,19,0,0,0.028,-0.015,-1.002,0.3,-0.6,0
133.388973700002,0,0,19,0,0,0.028,-0.015,-1.002,0.3,-0.6,0
133.398973700002,0,0,19,0,0,0.028,-0.015,-1.002,0.3,-0.6,0
133.408973700002,0,0,19,0,0,0.028,-0.016,-1.001,0.3,-0.6,0
133.418973700002,0,0,19,0,0,0.028,-0.016,-1.001,0.3,-0.6,0
133.428973700002,0,0,19,0,0,0.028,-0.016,-1.001,0.3,-0.6,0
133.438973700002,0,0,19,0,0,0.028,-0.016,-1.001,0.3,-0.6,0
133.448973700002,0,0,19,0,0,0.028,-0.016,-1.001,0.3,-0.6,0
133.458973700002,0,0.01,19,0,0,0.028,-0.013,-1,0.3,-0.6,0
133.468973700002,0,0.01,19,0,0,0.028,-0.013,-1,0.3,-0.6,0
133.478973700002,0,0.01,19,0,0,0.028,-0.013,-1,0.3,-0.6,0
133.488973700002,0,0.01,19,0,0,0.028,-0.013,-1,0.3,-0.6,0
133.498973700002,0,0.01,19,0,0,0.028,-0.013,-1,0.3,-0.6,0
133.508973700002,0,0,19,0,0,0.028,-0.015,-1.001,0.3,-0.6,0
133.518973700002,0,0,19,0,0,0.028,-0.015,-1.001,0.3,-0.6,0
133.528973700002,0,0,19,0,0,0.028,-0.015,-1.001,0.3,-0.6,0
133.538973700002,0,0,19,0,0,0.028,-0.015,-1.001,0.3,-0.6,0
133.548973700002,0,0,19,0,0,0.028,-0.015,-1.001,0.3,-0.6,0
133.558973700002,0,0,19,0,0,0.029,-0.014,-1.001,0.3,-0.6,0
133.568973700002,0,0,19,0,0,0.029,-0.014,-1.001,0.3,-0.6,0
133.578973700002,0,0,19,0,0,0.029,-0.014,-1.001,0.3,-0.6,0
133.588973700002,0,0,19,0,0,0.029,-0.014,-1.001,0.3,-0.6,0
133.598973700002,0,0,19,0,0,0.029,-0.014,-1.001,0.3,-0.6,0
133.608973700002,0,0,19,0,0,0.028,-0.014,-1.001,0.3,-0.5,0
133.618973700002,0,0,19,0,0,0.028,-0.014,-1.001,0.3,-0.5,0
133.628973700002,0,0,19,0,0,0.028,-0.014,-1.001,0.3,-0.5,0
133.638973700002,0,0,19,0,0,0.028,-0.014,-1.001,0.3,-0.5,0
133.648973700002,0,0,19,0,0,0.028,-0.014,-1.001,0.3,-0.5,0
133.658973700002,0,0,19,0,0,0.029,-0.016,-1.002,0.3,-0.6,0
133.668973700002,0,0,19,0,0,0.029,-0.016,-1.002,0.3,-0.6,0
133.678973700002,0,0,19,0,0,0.029,-0.016,-1.002,0.3,-0.6,0
133.688973700002,0,0,19,0,0,0.029,-0.016,-1.002,0.3,-0.6,0
133.698973700002,0,0,19,0,0,0.029,-0.016,-1.002,0.3,-0.6,0
133.708973700002,0,0,19,0,0,0.028,-0.014,-1.001,0.3,-0.5,0
133.718973700002,0,0,19,0,0,0.028,-0.014,-1.001,0.3,-0.5,0
133.728973700002,0,0,19,0,0,0.028,-0.014,-1.001,0.3,-0.5,0
133.738973700002,0,0,19,0,0,0.028,-0.014,-1.001,0.3,-0.5,0
133.748973700002,0,0,19,0,0,0.028,-0.014,-1.001,0.3,-0.5,0
133.758973700002,0,0.01,19,0,0,0.029,-0.016,-1.001,0.3,-0.6,0
133.768973700002,0,0.01,19,0,0,0.029,-0.016,-1.001,0.3,-0.6,0
133.778973700002,0,0.01,19,0,0,0.029,-0.016,-1.001,0.3,-0.6,0
133.788973700002,0,0.01,19,0,0,0.029,-0.016,-1.001,0.3,-0.6,0
133.798973700002,0,0.01,19,0,0,0.029,-0.016,-1.001,0.3,-0.6,0
133.808973700002,0,0.01,19,0,0,0.028,-0.015,-1.001,0.3,-0.6,0
133.818973700002,0,0.01,19,0,0,0.028,-0.015,-1.001,0.3,-0.6,0
133.828973700002,0,0.01,19,0,0,0.028,-0.015,-1.001,0.3,-0.6,0
133.838973700002,0,0.01,19,0,0,0.028,-0.015,-1.001,0.3,-0.6,0
133.848973700002,0,0.01,19,0,0,0.028,-0.015,-1.001,0.3,-0.6,0
133.858973700002,0,0,19,0,0,0.028,-0.015,-1.002,0.3,-0.6,0
133.868973700002,0,0,19,0,0,0.028,-0.015,-1.002,0.3,-0.6,0
133.878973700002,0,0,19,0,0,0.028,-0.015,-1.002,0.3,-0.6,0
133.888973700002,0,0,19,0,0,0.028,-0.015,-1.002,0.3,-0.6,0
133.898973700002,0,0,19,0,0,0.028,-0.015,-1.002,0.3,-0.6,0
133.908973700002,0,0,19,0,0,0.028,-0.015,-1,0.3,-0.5,0
133.918973700002,0,0,19,0,0,0.028,-0.015,-1,0.3,-0.5,0
133.928973700002,0,0,19,0,0,0.028,-0.015,-1,0.3,-0.5,0
133.938973700002,0,0,19,0,0,0.028,-0.015,-1,0.3,-0.5,0
133.948973700002,0,0,19,0,0,0.028,-0.015,-1,0.3,-0.5,0
133.958973700002,0,0,19,0,0,0.028,-0.015,-1.001,0.3,-0.6,0
133.968973700002,0,0,19,0,0,0.028,-0.015,-1.001,0.3,-0.6,0
133.978973700002,0,0,19,0,0,0.028,-0.015,-1.001,0.3,-0.6,0
133.988973700002,0,0,19,0,0,0.028,-0.015,-1.001,0.3,-0.6,0
133.998973700002,0,0,19,0,0,0.028,-0.015,-1.001,0.3,-0.6,0
134.008973700002,0,0,19,0,0,0.028,-0.014,-1.001,0.3,-0.6,0
134.018973700002,0,0,19,0,0,0.028,-0.014,-1.001,0.3,-0.6,0
134.028973700002,0,0,19,0,0,0.028,-0.014,-1.001,0.3,-0.6,0
134.038973700002,0,0,19,0,0,0.028,-0.014,-1.001,0.3,-0.6,0
134.048973700002,0,0,19,0,0,0.028,-0.014,-1.001,0.3,-0.6,0
134.058973700002,0,0,19,0,0,0.028,-0.015,-1.001,0.3,-0.6,0
134.068973700002,0,0,19,0,0,0.028,-0.015,-1.001,0.3,-0.6,0
134.078973700002,0,0,19,0,0,0.028,-0.015,-1.001,0.3,-0.6,0
134.088973700002,0,0,19,0,0,0.028,-0.015,-1.001,0.3,-0.6,0
134.098973700002,0,0,19,0,0,0.028,-0.015,-1.001,0.3,-0.6,0
134.108973700002,0,0,19,0,0,0.028,-0.015,-1.001,0.3,-0.6,0
134.118973700002,0,0,19,0,0,0.028,-0.015,-1.001,0.3,-0.6,0
134.128973700002,0,0,19,0,0,0.028,-0.015,-1.001,0.3,-0.6,0
134.138973700002,0,0,19,0,0,0.028,-0.015,-1.001,0.3,-0.6,0
134.148973700002,0,0,19,0,0,0.028,-0.015,-1.001,0.3,-0.6,0
134.158973700002,0,0.01,19,0,0,0.029,-0.015,-1.002,0.3,-0.6,0
134.168973700002,0,0.01,19,0,0,0.029,-0.015,-1.002,0.3,-0.6,0
134.178973700002,0,0.01,19,0,0,0.029,-0.015,-1.002,0.3,-0.6,0
134.188973700002,0,0.01,19,0,0,0.029,-0.015,-1.002,0.3,-0.6,0
134.198973700002,0,0.01,19,0,0,0.029,-0.015,-1.002,0.3,-0.6,0
134.208973700002,0,0.01,19,0,0,0.028,-0.016,-1.001,0.3,-0.6,0
134.218973700002,0,0.01,19,0,0,0.028,-0.016,-1.001,0.3,-0.6,0
134.228973700002,0,0.01,19,0,0,0.028,-0.016,-1.001,0.3,-0.6,0
134.238973700002,0,0.01,19,0,0,0.028,-0.016,-1.001,0.3,-0.6,0
134.248973700002,0,0.01,19,0,0,0.028,-0.016,-1.001,0.3,-0.6,0
134.258973700002,0,0,19,0,0,0.028,-0.013,-1.001,0.3,-0.5,0
134.268973700002,0,0,19,0,0,0.028,-0.013,-1.001,0.3,-0.5,0
134.278973700002,0,0,19,0,0,0.028,-0.013,-1.001,0.3,-0.5,0
134.288973700002,0,0,19,0,0,0.028,-0.013,-1.001,0.3,-0.5,0
134.298973700002,0,0,19,0,0,0.028,-0.013,-1.001,0.3,-0.5,0
134.308973700002,0,0.01,19,0,0,0.028,-0.016,-1.001,0.3,-0.5,0
134.318973700002,0,0.01,19,0,0,0.028,-0.016,-1.001,0.3,-0.5,0
134.328973700002,0,0.01,19,0,0,0.028,-0.016,-1.001,0.3,-0.5,0
134.338973700002,0,0.01,19,0,0,0.028,-0.016,-1.001,0.3,-0.5,0
134.348973700002,0,0.01,19,0,0,0.028,-0.016,-1.001,0.3,-0.5,0
134.358973700002,0,0,19,0,0,0.029,-0.014,-1.001,0.3,-0.6,0
134.368973700002,0,0,19,0,0,0.029,-0.014,-1.001,0.3,-0.6,0
134.378973700002,0,0,19,0,0,0.029,-0.014,-1.001,0.3,-0.6,0
134.388973700002,0,0,19,0,0,0.029,-0.014,-1.001,0.3,-0.6,0
134.398973700002,0,0,19,0,0,0.029,-0.014,-1.001,0.3,-0.6,0
134.408973700002,0,0.01,19,0,0,0.029,-0.015,-1.001,0.2,-0.5,0
134.418973700002,0,0.01,19,0,0,0.029,-0.015,-1.001,0.2,-0.5,0
134.428973700002,0,0.01,19,0,0,0.029,-0.015,-1.001,0.2,-0.5,0
134.438973700002,0,0.01,19,0,0,0.029,-0.015,-1.001,0.2,-0.5,0
134.448973700002,0,0.01,19,0,0,0.029,-0.015,-1.001,0.2,-0.5,0
134.458973700002,0,0,19,0,0,0.028,-0.015,-1.001,0.2,-0.6,0
134.468973700002,0,0,19,0,0,0.028,-0.015,-1.001,0.2,-0.6,0
134.478973700002,0,0,19,0,0,0.028,-0.015,-1.001,0.2,-0.6,0
134.488973700002,0,0,19,0,0,0.028,-0.015,-1.001,0.2,-0.6,0
134.498973700002,0,0,19,0,0,0.028,-0.015,-1.001,0.2,-0.6,0
134.508973700002,0,0.01,19,0,0,0.028,-0.015,-1.001,0.3,-0.6,0
134.518973700002,0,0.01,19,0,0,0.028,-0.015,-1.001,0.3,-0.6,0
134.528973700002,0,0.01,19,0,0,0.028,-0.015,-1.001,0.3,-0.6,0
134.538973700002,0,0.01,19,0,0,0.028,-0.015,-1.001,0.3,-0.6,0
134.548973700002,0,0.01,19,0,0,0.028,-0.015,-1.001,0.3,-0.6,0
134.558973700002,0,0,19,0,0,0.028,-0.015,-1.001,0.2,-0.6,0
134.568973700002,0,0,19,0,0,0.028,-0.015,-1.001,0.2,-0.6,0
134.578973700002,0,0,19,0,0,0.028,-0.015,-1.001,0.2,-0.6,0
134.588973700002,0,0,19,0,0,0.028,-0.015,-1.001,0.2,-0.6,0
134.598973700002,0,0,19,0,0,0.028,-0.015,-1.001,0.2,-0.6,0
134.608973700002,0,0,19,0,0,0.027,-0.014,-1.001,0.3,-0.5,0
134.618973700002,0,0,19,0,0,0.027,-0.014,-1.001,0.3,-0.5,0
134.628973700002,0,0,19,0,0,0.027,-0.014,-1.001,0.3,-0.5,0
134.638973700002,0,0,19,0,0,0.027,-0.014,-1.001,0.3,-0.5,0
134.648973700002,0,0,19,0,0,0.027,-0.014,-1.001,0.3,-0.5,0
134.658973700002,0,0.01,19,0,0,0.027,-0.014,-1.002,0.2,-0.6,0
134.668973700002,0,0.01,19,0,0,0.027,-0.014,-1.002,0.2,-0.6,0
134.678973700002,0,0.01,19,0,0,0.027,-0.014,-1.002,0.2,-0.6,0
134.688973700002,0,0.01,19,0,0,0.027,-0.014,-1.002,0.2,-0.6,0
134.698973700002,0,0.01,19,0,0,0.027,-0.014,-1.002,0.2,-0.6,0
134.708973700002,0,0,19,0,0,0.029,-0.015,-1.002,0.3,-0.6,0
134.718973700002,0,0,19,0,0,0.029,-0.015,-1.002,0.3,-0.6,0
134.728973700002,0,0,19,0,0,0.029,-0.015,-1.002,0.3,-0.6,0
134.738973700002,0,0,19,0,0,0.029,-0.015,-1.002,0.3,-0.6,0
134.748973700002,0,0,19,0,0,0.029,-0.015,-1.002,0.3,-0.6,0
134.758973700002,0,0.01,19,0,0,0.029,-0.014,-1.001,0.3,-0.5,0
134.768973700002,0,0.01,19,0,0,0.029,-0.014,-1.001,0.3,-0.5,0
134.778973700002,0,0.01,19,0,0,0.029,-0.014,-1.001,0.3,-0.5,0
134.788973700002,0,0.01,19,0,0,0.029,-0.014,-1.001,0.3,-0.5,0
134.798973700002,0,0.01,19,0,0,0.029,-0.014,-1.001,0.3,-0.5,0
134.808973700002,0,0,19,0,0,0.028,-0.016,-1.001,0.3,-0.6,0
134.818973700002,0,0,19,0,0,0.028,-0.016,-1.001,0.3,-0.6,0
134.828973700002,0,0,19,0,0,0.028,-0.016,-1.001,0.3,-0.6,0
134.838973700002,0,0,19,0,0,0.028,-0.016,-1.001,0.3,-0.6,0
134.848973700002,0,0,19,0,0,0.028,-0.016,-1.001,0.3,-0.6,0
134.858973700002,0,0,19,0,0,0.028,-0.015,-1.001,0.3,-0.6,0
134.868973700002,0,0,19,0,0,0.028,-0.015,-1.001,0.3,-0.6,0
134.878973700002,0,0,19,0,0,0.028,-0.015,-1.001,0.3,-0.6,0
134.888973700002,0,0,19,0,0,0.028,-0.015,-1.001,0.3,-0.6,0
134.898973700002,0,0,19,0,0,0.028,-0.015,-1.001,0.3,-0.6,0
134.908973700002,0,0,19,0,0,0.028,-0.014,-1.001,0.3,-0.6,0
134.918973700002,0,0,19,0,0,0.028,-0.014,-1.001,0.3,-0.6,0
134.928973700002,0,0,19,0,0,0.028,-0.014,-1.001,0.3,-0.6,0
134.938973700002,0,0,19,0,0,0.028,-0.014,-1.001,0.3,-0.6,0
134.948973700002,0,0,19,0,0,0.028,-0.014,-1.001,0.3,-0.6,0
134.958973700002,0,0,19,0,0,0.028,-0.016,-1.001,0.2,-0.6,0
134.968973700002,0,0,19,0,0,0.028,-0.016,-1.001,0.2,-0.6,0
134.978973700002,0,0,19,0,0,0.028,-0.016,-1.001,0.2,-0.6,0
134.988973700002,0,0,19,0,0,0.028,-0.016,-1.001,0.2,-0.6,0
134.998973700002,0,0,19,0,0,0.028,-0.016,-1.001,0.2,-0.6,0
135.008973700002,0,0.01,19,0,0,0.028,-0.015,-1.001,0.2,-0.6,0
135.018973700002,0,0.01,19,0,0,0.028,-0.015,-1.001,0.2,-0.6,0
135.028973700002,0,0.01,19,0,0,0.028,-0.015,-1.001,0.2,-0.6,0
135.038973700002,0,0.01,19,0,0,0.028,-0.015,-1.001,0.2,-0.6,0
135.048973700002,0,0.01,19,0,0,0.028,-0.015,-1.001,0.2,-0.6,0
135.058973700002,0,0.01,19,0,0,0.028,-0.014,-1.001,0.3,-0.5,0
135.068973700002,0,0.01,19,0,0,0.028,-0.014,-1.001,0.3,-0.5,0
135.078973700002,0,0.01,19,0,0,0.028,-0.014,-1.001,0.3,-0.5,0
135.088973700002,0,0.01,19,0,0,0.028,-0.014,-1.001,0.3,-0.5,0
135.098973700002,0,0.01,19,0,0,0.028,-0.014,-1.001,0.3,-0.5,0
135.108973700002,0,0,19,0,0,0.028,-0.016,-1.002,0.3,-0.6,0
135.118973700002,0,0,19,0,0,0.028,-0.016,-1.002,0.3,-0.6,0
135.128973700002,0,0,19,0,0,0.028,-0.016,-1.002,0.3,-0.6,0
135.138973700002,0,0,19,0,0,0.028,-0.016,-1.002,0.3,-0.6,0
135.148973700002,0,0,19,0,0,0.028,-0.016,-1.002,0.3,-0.6,0
135.158973700002,0,0.01,19,0,0,0.028,-0.015,-1.002,0.2,-0.6,0
135.168973700002,0,0.01,19,0,0,0.028,-0.015,-1.002,0.2,-0.6,0
135.178973700002,0,0.01,19,0,0,0.028,-0.015,-1.002,0.2,-0.6,0
135.188973700002,0,0.01,19,0,0,0.028,-0.015,-1.002,0.2,-0.6,0
135.198973700002,0,0.01,19,0,0,0.028,-0.015,-1.002,0.2,-0.6,0
135.208973700002,0,0,19,0,0,0.028,-0.014,-1.001,0.3,-0.6,0
135.218973700002,0,0,19,0,0,0.028,-0.014,-1.001,0.3,-0.6,0
135.228973700002,0,0,19,0,0,0.028,-0.014,-1.001,0.3,-0.6,0
135.238973700002,0,0,19,0,0,0.028,-0.014,-1.001,0.3,-0.6,0
135.248973700002,0,0,19,0,0,0.028,-0.014,-1.001,0.3,-0.6,0
135.258973700002,0,0,19,0,0,0.028,-0.015,-1.001,0.3,-0.6,0
135.268973700002,0,0,19,0,0,0.028,-0.015,-1.001,0.3,-0.6,0
135.278973700002,0,0,19,0,0,0.028,-0.015,-1.001,0.3,-0.6,0
135.288973700002,0,0,19,0,0,0.028,-0.015,-1.001,0.3,-0.6,0
135.298973700002,0,0,19,0,0,0.028,-0.015,-1.001,0.3,-0.6,0
135.308973700002,0,0,19,0,0,0.029,-0.014,-1,0.3,-0.6,0
135.318973700002,0,0,19,0,0,0.029,-0.014,-1,0.3,-0.6,0
135.328973700002,0,0,19,0,0,0.029,-0.014,-1,0.3,-0.6,0
135.338973700002,0,0,19,0,0,0.029,-0.014,-1,0.3,-0.6,0
135.348973700002,0,0,19,0,0,0.029,-0.014,-1,0.3,-0.6,0
135.358973700002,0,0.01,19,0,0,0.027,-0.014,-1.002,0.3,-0.6,0
135.368973700002,0,0.01,19,0,0,0.027,-0.014,-1.002,0.3,-0.6,0
135.378973700002,0,0.01,19,0,0,0.027,-0.014,-1.002,0.3,-0.6,0
135.388973700002,0,0.01,19,0,0,0.027,-0.014,-1.002,0.3,-0.6,0
135.398973700002,0,0.01,19,0,0,0.027,-0.014,-1.002,0.3,-0.6,0
135.408973700002,0,0,19,0,0,0.028,-0.016,-1.001,0.3,-0.6,0
135.418973700002,0,0,19,0,0,0.028,-0.016,-1.001,0.3,-0.6,0
135.428973700002,0,0,19,0,0,0.028,-0.016,-1.001,0.3,-0.6,0
135.438973700002,0,0,19,0,0,0.028,-0.016,-1.001,0.3,-0.6,0
135.448973700002,0,0,19,0,0,0.028,-0.016,-1.001,0.3,-0.6,0
135.458973700002,0,0,19,0,0,0.029,-0.015,-1.001,0.3,-0.6,0
135.468973700002,0,0,19,0,0,0.029,-0.015,-1.001,0.3,-0.6,0
135.478973700002,0,0,19,0,0,0.029,-0.015,-1.001,0.3,-0.6,0
135.488973700002,0,0,19,0,0,0.029,-0.015,-1.001,0.3,-0.6,0
135.498973700002,0,0,19,0,0,0.029,-0.015,-1.001,0.3,-0.6,0
135.508973700002,0,0.01,19,0,0,0.028,-0.015,-1.002,0.3,-0.6,0
135.518973700002,0,0.01,19,0,0,0.028,-0.015,-1.002,0.3,-0.6,0
135.528973700002,0,0.01,19,0,0,0.028,-0.015,-1.002,0.3,-0.6,0
135.538973700002,0,0.01,19,0,0,0.028,-0.015,-1.002,0.3,-0.6,0
135.548973700002,0,0.01,19,0,0,0.028,-0.015,-1.002,0.3,-0.6,0
135.558973700002,0,0,19,0,0,0.028,-0.015,-1.001,0.3,-0.5,0
135.568973700002,0,0,19,0,0,0.028,-0.015,-1.001,0.3,-0.5,0
135.578973700002,0,0,19,0,0,0.028,-0.015,-1.001,0.3,-0.5,0
135.588973700002,0,0,19,0,0,0.028,-0.015,-1.001,0.3,-0.5,0
135.598973700002,0,0,19,0,0,0.028,-0.015,-1.001,0.3,-0.5,0
135.608973700002,0,0,19,0,0,0.027,-0.015,-1.002,0.3,-0.6,0
135.618973700002,0,0,19,0,0,0.027,-0.015,-1.002,0.3,-0.6,0
135.628973700002,0,0,19,0,0,0.027,-0.015,-1.002,0.3,-0.6,0
135.638973700002,0,0,19,0,0,0.027,-0.015,-1.002,0.3,-0.6,0
135.648973700002,0,0,19,0,0,0.027,-0.015,-1.002,0.3,-0.6,0
135.658973700002,0,0,19,0,0,0.029,-0.014,-1.001,0.3,-0.6,0
135.668973700002,0,0,19,0,0,0.029,-0.014,-1.001,0.3,-0.6,0
135.678973700002,0,0,19,0,0,0.029,-0.014,-1.001,0.3,-0.6,0
135.688973700002,0,0,19,0,0,0.029,-0.014,-1.001,0.3,-0.6,0
135.698973700002,0,0,19,0,0,0.029,-0.014,-1.001,0.3,-0.6,0
135.708973700002,0,0,19,0,0,0.028,-0.015,-1.001,0.3,-0.6,0
135.718973700002,0,0,19,0,0,0.028,-0.015,-1.001,0.3,-0.6,0
135.728973700002,0,0,19,0,0,0.028,-0.015,-1.001,0.3,-0.6,0
135.738973700002,0,0,19,0,0,0.028,-0.015,-1.001,0.3,-0.6,0
135.748973700002,0,0,19,0,0,0.028,-0.015,-1.001,0.3,-0.6,0
135.758973700002,0,0,19,0,0,0.028,-0.014,-1.001,0.3,-0.5,0
135.768973700002,0,0,19,0,0,0.028,-0.014,-1.001,0.3,-0.5,0
135.778973700002,0,0,19,0,0,0.028,-0.014,-1.001,0.3,-0.5,0
135.788973700002,0,0,19,0,0,0.028,-0.014,-1.001,0.3,-0.5,0
135.798973700002,0,0,19,0,0,0.028,-0.014,-1.001,0.3,-0.5,0
135.808973700002,0,0,19,0,0,0.029,-0.016,-1.002,0.3,-0.6,0
135.818973700002,0,0,19,0,0,0.029,-0.016,-1.002,0.3,-0.6,0
135.828973700002,0,0,19,0,0,0.029,-0.016,-1.002,0.3,-0.6,0
135.838973700002,0,0,19,0,0,0.029,-0.016,-1.002,0.3,-0.6,0
135.848973700002,0,0,19,0,0,0.029,-0.016,-1.002,0.3,-0.6,0
135.858973700002,0,0,19,0,0,0.027,-0.016,-1.001,0.3,-0.5,0.1
135.868973700002,0,0,19,0,0,0.027,-0.016,-1.001,0.3,-0.5,0.1
135.878973700002,0,0,19,0,0,0.027,-0.016,-1.001,0.3,-0.5,0.1
135.888973700002,0,0,19,0,0,0.027,-0.016,-1.001,0.3,-0.5,0.1
135.898973700002,0,0,19,0,0,0.027,-0.016,-1.001,0.3,-0.5,0.1
135.908973700002,0,0,19,0,0,0.028,-0.015,-1.002,0.3,-0.6,0
135.918973700002,0,0,19,0,0,0.028,-0.015,-1.002,0.3,-0.6,0
135.928973700002,0,0,19,0,0,0.028,-0.015,-1.002,0.3,-0.6,0
135.938973700002,0,0,19,0,0,0.028,-0.015,-1.002,0.3,-0.6,0
135.948973700002,0,0,19,0,0,0.028,-0.015,-1.002,0.3,-0.6,0
135.958973700002,0,0,19,0,0,0.028,-0.016,-1.002,0.3,-0.6,0
135.968973700002,0,0,19,0,0,0.028,-0.016,-1.002,0.3,-0.6,0
135.978973700002,0,0,19,0,0,0.028,-0.016,-1.002,0.3,-0.6,0
135.988973700002,0,0,19,0,0,0.028,-0.016,-1.002,0.3,-0.6,0
135.998973700002,0,0,19,0,0,0.028,-0.016,-1.002,0.3,-0.6,0
136.008973700002,0,0,19,0,0,0.027,-0.015,-1.001,0.3,-0.6,0
136.018973700002,0,0,19,0,0,0.027,-0.015,-1.001,0.3,-0.6,0
136.028973700002,0,0,19,0,0,0.027,-0.015,-1.001,0.3,-0.6,0
136.038973700002,0,0,19,0,0,0.027,-0.015,-1.001,0.3,-0.6,0
136.048973700002,0,0,19,0,0,0.027,-0.015,-1.001,0.3,-0.6,0
136.058973700002,0,0,19,0,0,0.028,-0.014,-1.001,0.3,-0.6,0
136.068973700002,0,0,19,0,0,0.028,-0.014,-1.001,0.3,-0.6,0
136.078973700002,0,0,19,0,0,0.028,-0.014,-1.001,0.3,-0.6,0
136.088973700002,0,0,19,0,0,0.028,-0.014,-1.001,0.3,-0.6,0
136.098973700002,0,0,19,0,0,0.028,-0.014,-1.001,0.3,-0.6,0
136.108973700002,0,0,19,0,0,0.028,-0.016,-1.001,0.4,-0.6,0
136.118973700002,0,0,19,0,0,0.028,-0.016,-1.001,0.4,-0.6,0
136.128973700002,0,0,19,0,0,0.028,-0.016,-1.001,0.4,-0.6,0
136.138973700002,0,0,19,0,0,0.028,-0.016,-1.001,0.4,-0.6,0
136.148973700002,0,0,19,0,0,0.028,-0.016,-1.001,0.4,-0.6,0
136.158973700001,0,0,19,0,0,0.026,-0.014,-1.001,0.3,-0.6,0
136.168973700001,0,0,19,0,0,0.026,-0.014,-1.001,0.3,-0.6,0
136.178973700002,0,0,19,0,0,0.026,-0.014,-1.001,0.3,-0.6,0
136.188973700001,0,0,19,0,0,0.026,-0.014,-1.001,0.3,-0.6,0
136.198973700001,0,0,19,0,0,0.026,-0.014,-1.001,0.3,-0.6,0
136.208973700001,0,0,19,0,0,0.028,-0.015,-1.001,0.3,-0.5,0
136.218973700001,0,0,19,0,0,0.028,-0.015,-1.001,0.3,-0.5,0
136.228973700001,0,0,19,0,0,0.028,-0.015,-1.001,0.3,-0.5,0
136.238973700001,0,0,19,0,0,0.028,-0.015,-1.001,0.3,-0.5,0
136.248973700001,0,0,19,0,0,0.028,-0.015,-1.001,0.3,-0.5,0
136.258973700001,0,0,19,0,0,0.028,-0.014,-1.001,0.4,-0.6,0
136.268973700001,0,0,19,0,0,0.028,-0.014,-1.001,0.4,-0.6,0
136.278973700001,0,0,19,0,0,0.028,-0.014,-1.001,0.4,-0.6,0
136.288973700001,0,0,19,0,0,0.028,-0.014,-1.001,0.4,-0.6,0
136.298973700001,0,0,19,0,0,0.028,-0.014,-1.001,0.4,-0.6,0
136.308973700001,0,0,19,0,0,0.028,-0.014,-1.001,0.3,-0.6,0
136.318973700001,0,0,19,0,0,0.028,-0.014,-1.001,0.3,-0.6,0
136.328973700001,0,0,19,0,0,0.028,-0.014,-1.001,0.3,-0.6,0
136.338973700001,0,0,19,0,0,0.028,-0.014,-1.001,0.3,-0.6,0
136.348973700001,0,0,19,0,0,0.028,-0.014,-1.001,0.3,-0.6,0
136.358973700001,0,0,19,0,0,0.027,-0.015,-1,0.3,-0.6,0
136.368973700001,0,0,19,0,0,0.027,-0.015,-1,0.3,-0.6,0
136.378973700001,0,0,19,0,0,0.027,-0.015,-1,0.3,-0.6,0
136.388973700001,0,0,19,0,0,0.027,-0.015,-1,0.3,-0.6,0
136.398973700001,0,0,19,0,0,0.027,-0.015,-1,0.3,-0.6,0
136.408973700001,0,0,19,0,0,0.027,-0.015,-1.002,0.3,-0.6,0
136.418973700001,0,0,19,0,0,0.027,-0.015,-1.002,0.3,-0.6,0
136.428973700001,0,0,19,0,0,0.027,-0.015,-1.002,0.3,-0.6,0
136.438973700001,0,0,19,0,0,0.027,-0.015,-1.002,0.3,-0.6,0
136.448973700001,0,0,19,0,0,0.027,-0.015,-1.002,0.3,-0.6,0
136.458973700001,0,0,19,0,0,0.028,-0.015,-1.001,0.3,-0.6,0
136.468973700001,0,0,19,0,0,0.028,-0.015,-1.001,0.3,-0.6,0
136.478973700001,0,0,19,0,0,0.028,-0.015,-1.001,0.3,-0.6,0
136.488973700001,0,0,19,0,0,0.028,-0.015,-1.001,0.3,-0.6,0
136.498973700001,0,0,19,0,0,0.028,-0.015,-1.001,0.3,-0.6,0
136.508973700001,0,0,19,0,0,0.028,-0.014,-1.002,0.3,-0.6,0
136.518973700001,0,0,19,0,0,0.028,-0.014,-1.002,0.3,-0.6,0
136.528973700001,0,0,19,0,0,0.028,-0.014,-1.002,0.3,-0.6,0
136.538973700001,0,0,19,0,0,0.028,-0.014,-1.002,0.3,-0.6,0
136.548973700001,0,0,19,0,0,0.028,-0.014,-1.002,0.3,-0.6,0
136.558973700001,0,0.01,19,0,0,0.029,-0.016,-1.001,0.3,-0.6,0
136.568973700001,0,0.01,19,0,0,0.029,-0.016,-1.001,0.3,-0.6,0
136.578973700001,0,0.01,19,0,0,0.029,-0.016,-1.001,0.3,-0.6,0
136.588973700001,0,0.01,19,0,0,0.029,-0.016,-1.001,0.3,-0.6,0
136.598973700001,0,0.01,19,0,0,0.029,-0.016,-1.001,0.3,-0.6,0
136.608973700001,0,0.01,19,0,0,0.029,-0.014,-1,0.3,-0.5,0
136.618973700001,0,0.01,19,0,0,0.029,-0.014,-1,0.3,-0.5,0
136.628973700001,0,0.01,19,0,0,0.029,-0.014,-1,0.3,-0.5,0
136.638973700001,0,0.01,19,0,0,0.029,-0.014,-1,0.3,-0.5,0
136.648973700001,0,0.01,19,0,0,0.029,-0.014,-1,0.3,-0.5,0
136.658973700001,0,0,19,0,0,0.028,-0.015,-1.002,0.3,-0.6,0
136.668973700001,0,0,19,0,0,0.028,-0.015,-1.002,0.3,-0.6,0
136.678973700001,0,0,19,0,0,0.028,-0.015,-1.002,0.3,-0.6,0
136.688973700001,0,0,19,0,0,0.028,-0.015,-1.002,0.3,-0.6,0
136.698973700001,0,0,19,0,0,0.028,-0.015,-1.002,0.3,-0.6,0
136.708973700001,0,0,19,0,0,0.027,-0.014,-1,0.3,-0.6,0
136.718973700001,0,0,19,0,0,0.027,-0.014,-1,0.3,-0.6,0
136.728973700001,0,0,19,0,0,0.027,-0.014,-1,0.3,-0.6,0
136.738973700001,0,0,19,0,0,0.027,-0.014,-1,0.3,-0.6,0
136.748973700001,0,0,19,0,0,0.027,-0.014,-1,0.3,-0.6,0
136.758973700001,0,0,19,0,0,0.029,-0.014,-1,0.4,-0.5,0
136.768973700001,0,0,19,0,0,0.029,-0.014,-1,0.4,-0.5,0
136.778973700001,0,0,19,0,0,0.029,-0.014,-1,0.4,-0.5,0
136.788973700001,0,0,19,0,0,0.029,-0.014,-1,0.4,-0.5,0
136.798973700001,0,0,19,0,0,0.029,-0.014,-1,0.4,-0.5,0
136.808973700001,0,0,19,0,0,0.026,-0.014,-1.002,0.3,-0.6,0
136.818973700001,0,0,19,0,0,0.026,-0.014,-1.002,0.3,-0.6,0
136.828973700001,0,0,19,0,0,0.026,-0.014,-1.002,0.3,-0.6,0
136.838973700001,0,0,19,0,0,0.026,-0.014,-1.002,0.3,-0.6,0
136.848973700001,0,0,19,0,0,0.026,-0.014,-1.002,0.3,-0.6,0
136.858973700001,0,0,19,0,0,0.03,-0.016,-1,0.3,-0.6,0
136.868973700001,0,0,19,0,0,0.03,-0.016,-1,0.3,-0.6,0
136.878973700001,0,0,19,0,0,0.03,-0.016,-1,0.3,-0.6,0
136.888973700001,0,0,19,0,0,0.03,-0.016,-1,0.3,-0.6,0
136.898973700001,0,0,19,0,0,0.03,-0.016,-1,0.3,-0.6,0
136.908973700001,0,0,19,0,0,0.028,-0.013,-1.001,0.3,-0.6,0
136.918973700001,0,0,19,0,0,0.028,-0.013,-1.001,0.3,-0.6,0
136.928973700001,0,0,19,0,0,0.028,-0.013,-1.001,0.3,-0.6,0
136.938973700001,0,0,19,0,0,0.028,-0.013,-1.001,0.3,-0.6,0
136.948973700001,0,0,19,0,0,0.028,-0.013,-1.001,0.3,-0.6,0
136.958973700001,0,0,19,0,0,0.028,-0.015,-1.001,0.3,-0.6,0
136.968973700001,0,0,19,0,0,0.028,-0.015,-1.001,0.3,-0.6,0
136.978973700001,0,0,19,0,0,0.028,-0.015,-1.001,0.3,-0.6,0
136.988973700001,0,0,19,0,0,0.028,-0.015,-1.001,0.3,-0.6,0
136.998973700001,0,0,19,0,0,0.028,-0.015,-1.001,0.3,-0.6,0
137.008973700001,0,0,19,0,0,0.028,-0.014,-1.001,0.2,-0.6,0
137.018973700001,0,0,19,0,0,0.028,-0.014,-1.001,0.2,-0.6,0
137.028973700001,0,0,19,0,0,0.028,-0.014,-1.001,0.2,-0.6,0
137.038973700001,0,0,19,0,0,0.028,-0.014,-1.001,0.2,-0.6,0
137.048973700001,0,0,19,0,0,0.028,-0.014,-1.001,0.2,-0.6,0
137.058973700001,0,0,19,0,0,0.028,-0.016,-1,0.3,-0.6,0
137.068973700001,0,0,19,0,0,0.028,-0.016,-1,0.3,-0.6,0
137.078973700001,0,0,19,0,0,0.028,-0.016,-1,0.3,-0.6,0
137.088973700001,0,0,19,0,0,0.028,-0.016,-1,0.3,-0.6,0
137.098973700001,0,0,19,0,0,0.028,-0.016,-1,0.3,-0.6,0
137.108973700001,0,0,19,0,0,0.028,-0.013,-1.002,0.3,-0.6,0
137.118973700001,0,0,19,0,0,0.028,-0.013,-1.002,0.3,-0.6,0
137.128973700001,0,0,19,0,0,0.028,-0.013,-1.002,0.3,-0.6,0
137.138973700001,0,0,19,0,0,0.028,-0.013,-1.002,0.3,-0.6,0
137.148973700001,0,0,19,0,0,0.028,-0.013,-1.002,0.3,-0.6,0
137.158973700001,0,0,19,0,0,0.027,-0.015,-1.001,0.3,-0.5,0
137.168973700001,0,0,19,0,0,0.027,-0.015,-1.001,0.3,-0.5,0
137.178973700001,0,0,19,0,0,0.027,-0.015,-1.001,0.3,-0.5,0
137.188973700001,0,0,19,0,0,0.027,-0.015,-1.001,0.3,-0.5,0
137.198973700001,0,0,19,0,0,0.027,-0.015,-1.001,0.3,-0.5,0
137.208973700001,0,0,19,0,0,0.028,-0.014,-1.001,0.3,-0.6,0
137.218973700001,0,0,19,0,0,0.028,-0.014,-1.001,0.3,-0.6,0
137.228973700001,0,0,19,0,0,0.028,-0.014,-1.001,0.3,-0.6,0
137.238973700001,0,0,19,0,0,0.028,-0.014,-1.001,0.3,-0.6,0
137.248973700001,0,0,19,0,0,0.028,-0.014,-1.001,0.3,-0.6,0
137.258973700001,0,0,19,0,0,0.028,-0.016,-1,0.3,-0.6,0
137.268973700001,0,0,19,0,0,0.028,-0.016,-1,0.3,-0.6,0
137.278973700001,0,0,19,0,0,0.028,-0.016,-1,0.3,-0.6,0
137.288973700001,0,0,19,0,0,0.028,-0.016,-1,0.3,-0.6,0
137.298973700001,0,0,19,0,0,0.028,-0.016,-1,0.3,-0.6,0
137.308973700001,0,0,19,0,0,0.028,-0.014,-1.002,0.4,-0.6,0
137.318973700001,0,0,19,0,0,0.028,-0.014,-1.002,0.4,-0.6,0
137.328973700001,0,0,19,0,0,0.028,-0.014,-1.002,0.4,-0.6,0
137.338973700001,0,0,19,0,0,0.028,-0.014,-1.002,0.4,-0.6,0
137.348973700001,0,0,19,0,0,0.028,-0.014,-1.002,0.4,-0.6,0
137.358973700001,0,0.01,19,0,0,0.027,-0.015,-1.002,0.3,-0.6,0
137.368973700001,0,0.01,19,0,0,0.027,-0.015,-1.002,0.3,-0.6,0
137.378973700001,0,0.01,19,0,0,0.027,-0.015,-1.002,0.3,-0.6,0
137.388973700001,0,0.01,19,0,0,0.027,-0.015,-1.002,0.3,-0.6,0
137.398973700001,0,0.01,19,0,0,0.027,-0.015,-1.002,0.3,-0.6,0
137.408973700001,0,0,19,0,0,0.028,-0.015,-1.001,0.3,-0.6,0
137.418973700001,0,0,19,0,0,0.028,-0.015,-1.001,0.3,-0.6,0
137.428973700001,0,0,19,0,0,0.028,-0.015,-1.001,0.3,-0.6,0
137.438973700001,0,0,19,0,0,0.028,-0.015,-1.001,0.3,-0.6,0
137.448973700001,0,0,19,0,0,0.028,-0.015,-1.001,0.3,-0.6,0
137.458973700001,0,0,19,0,0,0.028,-0.016,-1,0.3,-0.6,0
137.468973700001,0,0,19,0,0,0.028,-0.016,-1,0.3,-0.6,0
137.478973700001,0,0,19,0,0,0.028,-0.016,-1,0.3,-0.6,0
137.488973700001,0,0,19,0,0,0.028,-0.016,-1,0.3,-0.6,0
137.498973700001,0,0,19,0,0,0.028,-0.016,-1,0.3,-0.6,0
137.508973700001,0,0,19,0,0,0.028,-0.014,-1.001,0.3,-0.5,0
137.518973700001,0,0,19,0,0,0.028,-0.014,-1.001,0.3,-0.5,0
137.528973700001,0,0,19,0,0,0.028,-0.014,-1.001,0.3,-0.5,0
137.538973700001,0,0,19,0,0,0.028,-0.014,-1.001,0.3,-0.5,0
137.548973700001,0,0,19,0,0,0.028,-0.014,-1.001,0.3,-0.5,0
137.558973700001,0,0,19,0,0,0.028,-0.015,-1.001,0.3,-0.6,0
137.568973700001,0,0,19,0,0,0.028,-0.015,-1.001,0.3,-0.6,0
137.578973700001,0,0,19,0,0,0.028,-0.015,-1.001,0.3,-0.6,0
137.588973700001,0,0,19,0,0,0.028,-0.015,-1.001,0.3,-0.6,0
137.598973700001,0,0,19,0,0,0.028,-0.015,-1.001,0.3,-0.6,0
137.608973700001,0,0,19,0,0,0.029,-0.016,-1.002,0.3,-0.6,0
137.618973700001,0,0,19,0,0,0.029,-0.016,-1.002,0.3,-0.6,0
137.628973700001,0,0,19,0,0,0.029,-0.016,-1.002,0.3,-0.6,0
137.638973700001,0,0,19,0,0,0.029,-0.016,-1.002,0.3,-0.6,0
137.648973700001,0,0,19,0,0,0.029,-0.016,-1.002,0.3,-0.6,0
137.658973700001,0,0.01,19,0,0,0.028,-0.014,-1.001,0.3,-0.6,0.1
137.668973700001,0,0.01,19,0,0,0.028,-0.014,-1.001,0.3,-0.6,0.1
137.678973700001,0,0.01,19,0,0,0.028,-0.014,-1.001,0.3,-0.6,0.1
137.688973700001,0,0.01,19,0,0,0.028,-0.014,-1.001,0.3,-0.6,0.1
137.698973700001,0,0.01,19,0,0,0.028,-0.014,-1.001,0.3,-0.6,0.1
137.708973700001,0,0,19,0,0,0.029,-0.016,-1.001,0.3,-0.5,0.1
137.718973700001,0,0,19,0,0,0.029,-0.016,-1.001,0.3,-0.5,0.1
137.728973700001,0,0,19,0,0,0.029,-0.016,-1.001,0.3,-0.5,0.1
137.738973700001,0,0,19,0,0,0.029,-0.016,-1.001,0.3,-0.5,0.1
137.748973700001,0,0,19,0,0,0.029,-0.016,-1.001,0.3,-0.5,0.1
137.758973700001,0,0.01,19,0,0,0.028,-0.015,-1.002,0.3,-0.6,0
137.768973700001,0,0.01,19,0,0,0.028,-0.015,-1.002,0.3,-0.6,0
137.778973700001,0,0.01,19,0,0,0.028,-0.015,-1.002,0.3,-0.6,0
137.788973700001,0,0.01,19,0,0,0.028,-0.015,-1.002,0.3,-0.6,0
137.798973700001,0,0.01,19,0,0,0.028,-0.015,-1.002,0.3,-0.6,0
137.808973700001,0,0,19,0,0,0.029,-0.014,-1.001,0.3,-0.5,0
137.818973700001,0,0,19,0,0,0.029,-0.014,-1.001,0.3,-0.5,0
137.828973700001,0,0,19,0,0,0.029,-0.014,-1.001,0.3,-0.5,0
137.838973700001,0,0,19,0,0,0.029,-0.014,-1.001,0.3,-0.5,0
137.848973700001,0,0,19,0,0,0.029,-0.014,-1.001,0.3,-0.5,0
137.858973700001,0,0.01,19,0,0,0.028,-0.015,-1.001,0.3,-0.6,0
137.868973700001,0,0.01,19,0,0,0.028,-0.015,-1.001,0.3,-0.6,0
137.878973700001,0,0.01,19,0,0,0.028,-0.015,-1.001,0.3,-0.6,0
137.888973700001,0,0.01,19,0,0,0.028,-0.015,-1.001,0.3,-0.6,0
137.898973700001,0,0.01,19,0,0,0.028,-0.015,-1.001,0.3,-0.6,0
137.908973700001,0,0,19,0,0,0.028,-0.014,-1.001,0.3,-0.5,0.1
137.918973700001,0,0,19,0,0,0.028,-0.014,-1.001,0.3,-0.5,0.1
137.928973700001,0,0,19,0,0,0.028,-0.014,-1.001,0.3,-0.5,0.1
137.938973700001,0,0,19,0,0,0.028,-0.014,-1.001,0.3,-0.5,0.1
137.948973700001,0,0,19,0,0,0.028,-0.014,-1.001,0.3,-0.5,0.1
137.958973700001,0,0,19,0,0,0.028,-0.015,-1.001,0.3,-0.6,0
137.968973700001,0,0,19,0,0,0.028,-0.015,-1.001,0.3,-0.6,0
137.978973700001,0,0,19,0,0,0.028,-0.015,-1.001,0.3,-0.6,0
137.988973700001,0,0,19,0,0,0.028,-0.015,-1.001,0.3,-0.6,0
137.998973700001,0,0,19,0,0,0.028,-0.015,-1.001,0.3,-0.6,0
138.008973700001,0,0,19,0,0,0.027,-0.015,-1.001,0.3,-0.5,0
138.018973700001,0,0,19,0,0,0.027,-0.015,-1.001,0.3,-0.5,0
138.028973700001,0,0,19,0,0,0.027,-0.015,-1.001,0.3,-0.5,0
138.038973700001,0,0,19,0,0,0.027,-0.015,-1.001,0.3,-0.5,0
138.048973700001,0,0,19,0,0,0.027,-0.015,-1.001,0.3,-0.5,0
138.058973700001,0,0,19,0,0,0.028,-0.015,-1.001,0.3,-0.6,0
138.068973700001,0,0,19,0,0,0.028,-0.015,-1.001,0.3,-0.6,0
138.078973700001,0,0,19,0,0,0.028,-0.015,-1.001,0.3,-0.6,0
138.088973700001,0,0,19,0,0,0.028,-0.015,-1.001,0.3,-0.6,0
138.098973700001,0,0,19,0,0,0.028,-0.015,-1.001,0.3,-0.6,0
138.108973700001,0,0,19,0,0,0.029,-0.015,-1,0.3,-0.6,0.1
138.118973700001,0,0,19,0,0,0.029,-0.015,-1,0.3,-0.6,0.1
138.128973700001,0,0,19,0,0,0.029,-0.015,-1,0.3,-0.6,0.1
138.138973700001,0,0,19,0,0,0.029,-0.015,-1,0.3,-0.6,0.1
138.148973700001,0,0,19,0,0,0.029,-0.015,-1,0.3,-0.6,0.1
138.158973700001,0,0,19,0,0,0.027,-0.015,-1.001,0.3,-0.6,0
138.168973700001,0,0,19,0,0,0.027,-0.015,-1.001,0.3,-0.6,0
138.178973700001,0,0,19,0,0,0.027,-0.015,-1.001,0.3,-0.6,0
138.188973700001,0,0,19,0,0,0.027,-0.015,-1.001,0.3,-0.6,0
138.198973700001,0,0,19,0,0,0.027,-0.015,-1.001,0.3,-0.6,0
138.208973700001,0,0,19,0,0,0.027,-0.014,-1,0.3,-0.6,0
138.218973700001,0,0,19,0,0,0.027,-0.014,-1,0.3,-0.6,0
138.228973700001,0,0,19,0,0,0.027,-0.014,-1,0.3,-0.6,0
138.238973700001,0,0,19,0,0,0.027,-0.014,-1,0.3,-0.6,0
138.248973700001,0,0,19,0,0,0.027,-0.014,-1,0.3,-0.6,0
138.258973700001,0,0,19,0,0,0.029,-0.015,-1.001,0.3,-0.6,0
138.268973700001,0,0,19,0,0,0.029,-0.015,-1.001,0.3,-0.6,0
138.278973700001,0,0,19,0,0,0.029,-0.015,-1.001,0.3,-0.6,0
138.288973700001,0,0,19,0,0,0.029,-0.015,-1.001,0.3,-0.6,0
138.298973700001,0,0,19,0,0,0.029,-0.015,-1.001,0.3,-0.6,0
138.308973700001,0,0,19,0,0,0.028,-0.014,-1.001,0.3,-0.5,0
138.318973700001,0,0,19,0,0,0.028,-0.014,-1.001,0.3,-0.5,0
138.328973700001,0,0,19,0,0,0.028,-0.014,-1.001,0.3,-0.5,0
138.338973700001,0,0,19,0,0,0.028,-0.014,-1.001,0.3,-0.5,0
138.348973700001,0,0,19,0,0,0.028,-0.014,-1.001,0.3,-0.5,0
138.358973700001,0,0,19,0,0,0.028,-0.016,-1.001,0.3,-0.6,0
138.368973700001,0,0,19,0,0,0.028,-0.016,-1.001,0.3,-0.6,0
138.378973700001,0,0,19,0,0,0.028,-0.016,-1.001,0.3,-0.6,0
138.388973700001,0,0,19,0,0,0.028,-0.016,-1.001,0.3,-0.6,0
138.398973700001,0,0,19,0,0,0.028,-0.016,-1.001,0.3,-0.6,0
138.408973700001,0,0,19,0,0,0.029,-0.014,-1,0.3,-0.5,0.1
138.418973700001,0,0,19,0,0,0.029,-0.014,-1,0.3,-0.5,0.1
138.428973700001,0,0,19,0,0,0.029,-0.014,-1,0.3,-0.5,0.1
138.438973700001,0,0,19,0,0,0.029,-0.014,-1,0.3,-0.5,0.1
138.448973700001,0,0,19,0,0,0.029,-0.014,-1,0.3,-0.5,0.1
138.458973700001,0,0,19,0,0,0.028,-0.013,-1.002,0.3,-0.5,0
138.468973700001,0,0,19,0,0,0.028,-0.013,-1.002,0.3,-0.5,0
138.478973700001,0,0,19,0,0,0.028,-0.013,-1.002,0.3,-0.5,0
138.488973700001,0,0,19,0,0,0.028,-0.013,-1.002,0.3,-0.5,0
138.498973700001,0,0,19,0,0,0.028,-0.013,-1.002,0.3,-0.5,0
138.508973700001,0,0,19,0,0,0.029,-0.015,-1.001,0.3,-0.6,0
138.518973700001,0,0,19,0,0,0.029,-0.015,-1.001,0.3,-0.6,0
138.528973700001,0,0,19,0,0,0.029,-0.015,-1.001,0.3,-0.6,0
138.538973700001,0,0,19,0,0,0.029,-0.015,-1.001,0.3,-0.6,0
138.548973700001,0,0,19,0,0,0.029,-0.015,-1.001,0.3,-0.6,0
138.558973700001,0,0,19,0,0,0.027,-0.014,-1.002,0.3,-0.6,0
138.568973700001,0,0,19,0,0,0.027,-0.014,-1.002,0.3,-0.6,0
138.578973700001,0,0,19,0,0,0.027,-0.014,-1.002,0.3,-0.6,0
138.588973700001,0,0,19,0,0,0.027,-0.014,-1.002,0.3,-0.6,0
138.598973700001,0,0,19,0,0,0.027,-0.014,-1.002,0.3,-0.6,0
138.608973700001,0,0,19,0,0,0.028,-0.014,-1.001,0.3,-0.6,0
138.618973700001,0,0,19,0,0,0.028,-0.014,-1.001,0.3,-0.6,0
138.628973700001,0,0,19,0,0,0.028,-0.014,-1.001,0.3,-0.6,0
138.638973700001,0,0,19,0,0,0.028,-0.014,-1.001,0.3,-0.6,0
138.648973700001,0,0,19,0,0,0.028,-0.014,-1.001,0.3,-0.6,0
138.658973700001,0,0.01,19,0,0,0.028,-0.015,-1.001,0.3,-0.6,0.1
138.668973700001,0,0.01,19,0,0,0.028,-0.015,-1.001,0.3,-0.6,0.1
138.678973700001,0,0.01,19,0,0,0.028,-0.015,-1.001,0.3,-0.6,0.1
138.688973700001,0,0.01,19,0,0,0.028,-0.015,-1.001,0.3,-0.6,0.1
138.698973700001,0,0.01,19,0,0,0.028,-0.015,-1.001,0.3,-0.6,0.1
138.708973700001,0,0,19,0,0,0.028,-0.015,-1.002,0.3,-0.6,0
138.718973700001,0,0,19,0,0,0.028,-0.015,-1.002,0.3,-0.6,0
138.728973700001,0,0,19,0,0,0.028,-0.015,-1.002,0.3,-0.6,0
138.738973700001,0,0,19,0,0,0.028,-0.015,-1.002,0.3,-0.6,0
138.748973700001,0,0,19,0,0,0.028,-0.015,-1.002,0.3,-0.6,0
138.758973700001,0,0,19,0,0,0.028,-0.015,-1.001,0.3,-0.6,0
138.768973700001,0,0,19,0,0,0.028,-0.015,-1.001,0.3,-0.6,0
138.778973700001,0,0,19,0,0,0.028,-0.015,-1.001,0.3,-0.6,0
138.788973700001,0,0,19,0,0,0.028,-0.015,-1.001,0.3,-0.6,0
138.798973700001,0,0,19,0,0,0.028,-0.015,-1.001,0.3,-0.6,0
138.808973700001,0,0,19,0,0,0.028,-0.015,-1.002,0.3,-0.6,0
138.818973700001,0,0,19,0,0,0.028,-0.015,-1.002,0.3,-0.6,0
138.828973700001,0,0,19,0,0,0.028,-0.015,-1.002,0.3,-0.6,0
138.838973700001,0,0,19,0,0,0.028,-0.015,-1.002,0.3,-0.6,0
138.848973700001,0,0,19,0,0,0.028,-0.015,-1.002,0.3,-0.6,0
138.858973700001,0,0,19,0,0,0.028,-0.015,-1,0.3,-0.6,0.1
138.868973700001,0,0,19,0,0,0.028,-0.015,-1,0.3,-0.6,0.1
138.878973700001,0,0,19,0,0,0.028,-0.015,-1,0.3,-0.6,0.1
138.888973700001,0,0,19,0,0,0.028,-0.015,-1,0.3,-0.6,0.1
138.898973700001,0,0,19,0,0,0.028,-0.015,-1,0.3,-0.6,0.1
138.908973700001,0,0,19,0,0,0.028,-0.015,-1.001,0.3,-0.6,0
138.918973700001,0,0,19,0,0,0.028,-0.015,-1.001,0.3,-0.6,0
138.928973700001,0,0,19,0,0,0.028,-0.015,-1.001,0.3,-0.6,0
138.938973700001,0,0,19,0,0,0.028,-0.015,-1.001,0.3,-0.6,0
138.948973700001,0,0,19,0,0,0.028,-0.015,-1.001,0.3,-0.6,0
138.958973700001,0,0,19,0,0,0.028,-0.015,-1,0.3,-0.6,0.1
138.968973700001,0,0,19,0,0,0.028,-0.015,-1,0.3,-0.6,0.1
138.978973700001,0,0,19,0,0,0.028,-0.015,-1,0.3,-0.6,0.1
138.988973700001,0,0,19,0,0,0.028,-0.015,-1,0.3,-0.6,0.1
138.998973700001,0,0,19,0,0,0.028,-0.015,-1,0.3,-0.6,0.1
139.008973700001,0,0,19,0,0,0.028,-0.014,-1,0.3,-0.5,0
139.018973700001,0,0,19,0,0,0.028,-0.014,-1,0.3,-0.5,0
139.028973700001,0,0,19,0,0,0.028,-0.014,-1,0.3,-0.5,0
139.038973700001,0,0,19,0,0,0.028,-0.014,-1,0.3,-0.5,0
139.048973700001,0,0,19,0,0,0.028,-0.014,-1,0.3,-0.5,0
139.058973700001,0,0,19,0,0,0.028,-0.015,-1.001,0.3,-0.7,0
139.0689737,0,0,19,0,0,0.028,-0.015,-1.001,0.3,-0.7,0
139.078973700001,0,0,19,0,0,0.028,-0.015,-1.001,0.3,-0.7,0
139.088973700001,0,0,19,0,0,0.028,-0.015,-1.001,0.3,-0.7,0
139.0989737,0,0,19,0,0,0.028,-0.015,-1.001,0.3,-0.7,0
139.1089737,0,0,19,0,0,0.028,-0.015,-1.001,0.3,-0.6,0
139.1189737,0,0,19,0,0,0.028,-0.015,-1.001,0.3,-0.6,0
139.128973700001,0,0,19,0,0,0.028,-0.015,-1.001,0.3,-0.6,0
139.1389737,0,0,19,0,0,0.028,-0.015,-1.001,0.3,-0.6,0
139.1489737,0,0,19,0,0,0.028,-0.015,-1.001,0.3,-0.6,0
139.1589737,0,0,19,0,0,0.029,-0.014,-1.001,0.3,-0.5,0.1
139.1689737,0,0,19,0,0,0.029,-0.014,-1.001,0.3,-0.5,0.1
139.1789737,0,0,19,0,0,0.029,-0.014,-1.001,0.3,-0.5,0.1
139.1889737,0,0,19,0,0,0.029,-0.014,-1.001,0.3,-0.5,0.1
139.1989737,0,0,19,0,0,0.029,-0.014,-1.001,0.3,-0.5,0.1
139.2089737,0,0,19,0,0,0.028,-0.013,-1.001,0.3,-0.6,0.1
139.2189737,0,0,19,0,0,0.028,-0.013,-1.001,0.3,-0.6,0.1
139.2289737,0,0,19,0,0,0.028,-0.013,-1.001,0.3,-0.6,0.1
139.2389737,0,0,19,0,0,0.028,-0.013,-1.001,0.3,-0.6,0.1
139.2489737,0,0,19,0,0,0.028,-0.013,-1.001,0.3,-0.6,0.1
139.2589737,0,0,19,0,0,0.028,-0.016,-1.001,0.3,-0.6,0
139.2689737,0,0,19,0,0,0.028,-0.016,-1.001,0.3,-0.6,0
139.2789737,0,0,19,0,0,0.028,-0.016,-1.001,0.3,-0.6,0
139.2889737,0,0,19,0,0,0.028,-0.016,-1.001,0.3,-0.6,0
139.2989737,0,0,19,0,0,0.028,-0.016,-1.001,0.3,-0.6,0
139.3089737,0,0,19,0,0,0.027,-0.013,-1,0.3,-0.6,0
139.3189737,0,0,19,0,0,0.027,-0.013,-1,0.3,-0.6,0
139.3289737,0,0,19,0,0,0.027,-0.013,-1,0.3,-0.6,0
139.3389737,0,0,19,0,0,0.027,-0.013,-1,0.3,-0.6,0
139.3489737,0,0,19,0,0,0.027,-0.013,-1,0.3,-0.6,0
139.3589737,0,0,19,0,0,0.029,-0.015,-1.001,0.3,-0.5,0
139.3689737,0,0,19,0,0,0.029,-0.015,-1.001,0.3,-0.5,0
139.3789737,0,0,19,0,0,0.029,-0.015,-1.001,0.3,-0.5,0
139.3889737,0,0,19,0,0,0.029,-0.015,-1.001,0.3,-0.5,0
139.3989737,0,0,19,0,0,0.029,-0.015,-1.001,0.3,-0.5,0
139.4089737,0,0,19,0,0,0.026,-0.015,-1.001,0.3,-0.5,0
139.4189737,0,0,19,0,0,0.026,-0.015,-1.001,0.3,-0.5,0
139.4289737,0,0,19,0,0,0.026,-0.015,-1.001,0.3,-0.5,0
139.4389737,0,0,19,0,0,0.026,-0.015,-1.001,0.3,-0.5,0
139.4489737,0,0,19,0,0,0.026,-0.015,-1.001,0.3,-0.5,0
139.4589737,0,0,19,0,0,0.027,-0.015,-1.001,0.3,-0.5,0
139.4689737,0,0,19,0,0,0.027,-0.015,-1.001,0.3,-0.5,0
139.4789737,0,0,19,0,0,0.027,-0.015,-1.001,0.3,-0.5,0
139.4889737,0,0,19,0,0,0.027,-0.015,-1.001,0.3,-0.5,0
139.4989737,0,0,19,0,0,0.027,-0.015,-1.001,0.3,-0.5,0
139.5089737,0,0,19,0,0,0.029,-0.015,-1,0.3,-0.6,0.1
139.5189737,0,0,19,0,0,0.029,-0.015,-1,0.3,-0.6,0.1
139.5289737,0,0,19,0,0,0.029,-0.015,-1,0.3,-0.6,0.1
139.5389737,0,0,19,0,0,0.029,-0.015,-1,0.3,-0.6,0.1
139.5489737,0,0,19,0,0,0.029,-0.015,-1,0.3,-0.6,0.1
139.5589737,0,0,19,0,0,0.028,-0.015,-1.001,0.3,-0.6,0
139.5689737,0,0,19,0,0,0.028,-0.015,-1.001,0.3,-0.6,0
139.5789737,0,0,19,0,0,0.028,-0.015,-1.001,0.3,-0.6,0
139.5889737,0,0,19,0,0,0.028,-0.015,-1.001,0.3,-0.6,0
139.5989737,0,0,19,0,0,0.028,-0.015,-1.001,0.3,-0.6,0
139.6089737,0,0,19,0,0,0.028,-0.015,-1.001,0.2,-0.6,0.1
139.6189737,0,0,19,0,0,0.028,-0.015,-1.001,0.2,-0.6,0.1
139.6289737,0,0,19,0,0,0.028,-0.015,-1.001,0.2,-0.6,0.1
139.6389737,0,0,19,0,0,0.028,-0.015,-1.001,0.2,-0.6,0.1
139.6489737,0,0,19,0,0,0.028,-0.015,-1.001,0.2,-0.6,0.1
139.6589737,0,0,19,0,0,0.028,-0.015,-1.002,0.3,-0.6,0.1
139.6689737,0,0,19,0,0,0.028,-0.015,-1.002,0.3,-0.6,0.1
139.6789737,0,0,19,0,0,0.028,-0.015,-1.002,0.3,-0.6,0.1
139.6889737,0,0,19,0,0,0.028,-0.015,-1.002,0.3,-0.6,0.1
139.6989737,0,0,19,0,0,0.028,-0.015,-1.002,0.3,-0.6,0.1
139.7089737,0,0,19,0,0,0.028,-0.015,-1.001,0.3,-0.6,0
139.7189737,0,0,19,0,0,0.028,-0.015,-1.001,0.3,-0.6,0
139.7289737,0,0,19,0,0,0.028,-0.015,-1.001,0.3,-0.6,0
139.7389737,0,0,19,0,0,0.028,-0.015,-1.001,0.3,-0.6,0
139.7489737,0,0,19,0,0,0.028,-0.015,-1.001,0.3,-0.6,0
139.7589737,0,0,19,0,0,0.029,-0.016,-1.001,0.3,-0.6,0
139.7689737,0,0,19,0,0,0.029,-0.016,-1.001,0.3,-0.6,0
139.7789737,0,0,19,0,0,0.029,-0.016,-1.001,0.3,-0.6,0
139.7889737,0,0,19,0,0,0.029,-0.016,-1.001,0.3,-0.6,0
139.7989737,0,0,19,0,0,0.029,-0.016,-1.001,0.3,-0.6,0
139.8089737,0,0,19,0,0,0.028,-0.014,-1.002,0.3,-0.5,0
139.8189737,0,0,19,0,0,0.028,-0.014,-1.002,0.3,-0.5,0
139.8289737,0,0,19,0,0,0.028,-0.014,-1.002,0.3,-0.5,0
139.8389737,0,0,19,0,0,0.028,-0.014,-1.002,0.3,-0.5,0
139.8489737,0,0,19,0,0,0.028,-0.014,-1.002,0.3,-0.5,0
139.8589737,0,0,19,0,0,0.028,-0.014,-1.001,0.3,-0.6,0
139.8689737,0,0,19,0,0,0.028,-0.014,-1.001,0.3,-0.6,0
139.8789737,0,0,19,0,0,0.028,-0.014,-1.001,0.3,-0.6,0
139.8889737,0,0,19,0,0,0.028,-0.014,-1.001,0.3,-0.6,0
139.8989737,0,0,19,0,0,0.028,-0.014,-1.001,0.3,-0.6,0
139.9089737,0,0.01,19,0,0,0.028,-0.014,-1.002,0.3,-0.5,0
139.9189737,0,0.01,19,0,0,0.028,-0.014,-1.002,0.3,-0.5,0
139.9289737,0,0.01,19,0,0,0.028,-0.014,-1.002,0.3,-0.5,0
139.9389737,0,0.01,19,0,0,0.028,-0.014,-1.002,0.3,-0.5,0
139.9489737,0,0.01,19,0,0,0.028,-0.014,-1.002,0.3,-0.5,0
139.9589737,0,0,19,0,0,0.028,-0.015,-1.002,0.3,-0.6,0.1
139.9689737,0,0,19,0,0,0.028,-0.015,-1.002,0.3,-0.6,0.1
139.9789737,0,0,19,0,0,0.028,-0.015,-1.002,0.3,-0.6,0.1
139.9889737,0,0,19,0,0,0.028,-0.015,-1.002,0.3,-0.6,0.1
139.9989737,0,0,19,0,0,0.028,-0.015,-1.002,0.3,-0.6,0.1
140.0089737,0,0,19,0,0,0.028,-0.016,-1.003,0.3,-0.5,0
140.0189737,0,0,19,0,0,0.028,-0.016,-1.003,0.3,-0.5,0
140.0289737,0,0,19,0,0,0.028,-0.016,-1.003,0.3,-0.5,0
140.0389737,0,0,19,0,0,0.028,-0.016,-1.003,0.3,-0.5,0
140.0489737,0,0,19,0,0,0.028,-0.016,-1.003,0.3,-0.5,0
140.0589737,0,0,19,0,0,0.029,-0.014,-1.001,0.3,-0.5,0
140.0689737,0,0,19,0,0,0.029,-0.014,-1.001,0.3,-0.5,0
140.0789737,0,0,19,0,0,0.029,-0.014,-1.001,0.3,-0.5,0
140.0889737,0,0,19,0,0,0.029,-0.014,-1.001,0.3,-0.5,0
140.0989737,0,0,19,0,0,0.029,-0.014,-1.001,0.3,-0.5,0
140.1089737,0,0,19,0,0,0.028,-0.015,-1,0.4,-0.6,0
140.1189737,0,0,19,0,0,0.028,-0.015,-1,0.4,-0.6,0
140.1289737,0,0,19,0,0,0.028,-0.015,-1,0.4,-0.6,0
140.1389737,0,0,19,0,0,0.028,-0.015,-1,0.4,-0.6,0
140.1489737,0,0,19,0,0,0.028,-0.015,-1,0.4,-0.6,0
140.1589737,0,0,19,0,0,0.028,-0.013,-1.002,0.2,-0.6,0.1
140.1689737,0,0,19,0,0,0.028,-0.013,-1.002,0.2,-0.6,0.1
140.1789737,0,0,19,0,0,0.028,-0.013,-1.002,0.2,-0.6,0.1
140.1889737,0,0,19,0,0,0.028,-0.013,-1.002,0.2,-0.6,0.1
140.1989737,0,0,19,0,0,0.028,-0.013,-1.002,0.2,-0.6,0.1
140.2089737,0,0,19,0,0,0.029,-0.016,-1.001,0.3,-0.6,0
140.2189737,0,0,19,0,0,0.029,-0.016,-1.001,0.3,-0.6,0
140.2289737,0,0,19,0,0,0.029,-0.016,-1.001,0.3,-0.6,0
140.2389737,0,0,19,0,0,0.029,-0.016,-1.001,0.3,-0.6,0
140.2489737,0,0,19,0,0,0.029,-0.016,-1.001,0.3,-0.6,0
140.2589737,0,0,19,0,0,0.028,-0.014,-1.001,0.3,-0.6,0
140.2689737,0,0,19,0,0,0.028,-0.014,-1.001,0.3,-0.6,0
140.2789737,0,0,19,0,0,0.028,-0.014,-1.001,0.3,-0.6,0
140.2889737,0,0,19,0,0,0.028,-0.014,-1.001,0.3,-0.6,0
140.2989737,0,0,19,0,0,0.028,-0.014,-1.001,0.3,-0.6,0
140.3089737,0,0,19,0,0,0.028,-0.014,-1.001,0.3,-0.5,0
140.3189737,0,0,19,0,0,0.028,-0.014,-1.001,0.3,-0.5,0
140.3289737,0,0,19,0,0,0.028,-0.014,-1.001,0.3,-0.5,0
140.3389737,0,0,19,0,0,0.028,-0.014,-1.001,0.3,-0.5,0
140.3489737,0,0,19,0,0,0.028,-0.014,-1.001,0.3,-0.5,0
140.3589737,0,0,19,0,0,0.028,-0.014,-1.001,0.3,-0.5,0
140.3689737,0,0,19,0,0,0.028,-0.014,-1.001,0.3,-0.5,0
140.3789737,0,0,19,0,0,0.028,-0.014,-1.001,0.3,-0.5,0
140.3889737,0,0,19,0,0,0.028,-0.014,-1.001,0.3,-0.5,0
140.3989737,0,0,19,0,0,0.028,-0.014,-1.001,0.3,-0.5,0
143.0559655,0,0.01,19,0,0,0.028,-0.015,-1.001,0.3,-0.5,0
143.0659655,0,0.01,19,0,0,0.028,-0.015,-1.001,0.3,-0.5,0
143.0759655,0,0.01,19,0,0,0.028,-0.015,-1.001,0.3,-0.5,0
143.0859655,0,0.01,19,0,0,0.028,-0.015,-1.001,0.3,-0.5,0
143.0959655,0,0.01,19,0,0,0.028,-0.015,-1.001,0.3,-0.5,0
143.1059655,0,0,19,0,0,0.028,-0.015,-1,0.3,-0.6,0
143.1159655,0,0,19,0,0,0.028,-0.015,-1,0.3,-0.6,0
143.1259655,0,0,19,0,0,0.028,-0.015,-1,0.3,-0.6,0
143.1359655,0,0,19,0,0,0.028,-0.015,-1,0.3,-0.6,0
143.1459655,0,0,19,0,0,0.028,-0.015,-1,0.3,-0.6,0
143.1559655,0,0,19,0,0,0.029,-0.013,-1.001,0.3,-0.5,0
143.1659655,0,0,19,0,0,0.029,-0.013,-1.001,0.3,-0.5,0
143.1759655,0,0,19,0,0,0.029,-0.013,-1.001,0.3,-0.5,0
143.1859655,0,0,19,0,0,0.029,-0.013,-1.001,0.3,-0.5,0
143.1959655,0,0,19,0,0,0.029,-0.013,-1.001,0.3,-0.5,0
143.2059655,0,0,19,0,0,0.028,-0.015,-1.002,0.3,-0.5,0
143.2159655,0,0,19,0,0,0.028,-0.015,-1.002,0.3,-0.5,0
143.2259655,0,0,19,0,0,0.028,-0.015,-1.002,0.3,-0.5,0
143.2359655,0,0,19,0,0,0.028,-0.015,-1.002,0.3,-0.5,0
143.2459655,0,0,19,0,0,0.028,-0.015,-1.002,0.3,-0.5,0
143.2559655,0,0,19,0,0,0.028,-0.014,-1.001,0.3,-0.5,0
143.2659655,0,0,19,0,0,0.028,-0.014,-1.001,0.3,-0.5,0
143.2759655,0,0,19,0,0,0.028,-0.014,-1.001,0.3,-0.5,0
143.2859655,0,0,19,0,0,0.028,-0.014,-1.001,0.3,-0.5,0
143.2959655,0,0,19,0,0,0.028,-0.014,-1.001,0.3,-0.5,0
143.3059655,0,0.01,19,0,0,0.028,-0.015,-1.001,0.3,-0.6,0
143.3159655,0,0.01,19,0,0,0.028,-0.015,-1.001,0.3,-0.6,0
143.3259655,0,0.01,19,0,0,0.028,-0.015,-1.001,0.3,-0.6,0
143.3359655,0,0.01,19,0,0,0.028,-0.015,-1.001,0.3,-0.6,0
143.3459655,0,0.01,19,0,0,0.028,-0.015,-1.001,0.3,-0.6,0
143.3559655,0,0,19,0,0,0.029,-0.015,-1.002,0.3,-0.5,0
143.3659655,0,0,19,0,0,0.029,-0.015,-1.002,0.3,-0.5,0
143.3759655,0,0,19,0,0,0.029,-0.015,-1.002,0.3,-0.5,0
143.3859655,0,0,19,0,0,0.029,-0.015,-1.002,0.3,-0.5,0
143.3959655,0,0,19,0,0,0.029,-0.015,-1.002,0.3,-0.5,0
143.4059655,0,0,19,0,0,0.027,-0.014,-1.002,0.2,-0.6,0
143.4159655,0,0,19,0,0,0.027,-0.014,-1.002,0.2,-0.6,0
143.4259655,0,0,19,0,0,0.027,-0.014,-1.002,0.2,-0.6,0
143.4359655,0,0,19,0,0,0.027,-0.014,-1.002,0.2,-0.6,0
143.4459655,0,0,19,0,0,0.027,-0.014,-1.002,0.2,-0.6,0
143.4559655,0,0,19,0,0,0.03,-0.014,-1.002,0.3,-0.5,0
143.4659655,0,0,19,0,0,0.03,-0.014,-1.002,0.3,-0.5,0
143.4759655,0,0,19,0,0,0.03,-0.014,-1.002,0.3,-0.5,0
143.4859655,0,0,19,0,0,0.03,-0.014,-1.002,0.3,-0.5,0
143.4959655,0,0,19,0,0,0.03,-0.014,-1.002,0.3,-0.5,0
143.5059655,0,0,19,0,0,0.026,-0.016,-1.002,0.3,-0.6,0
143.5159655,0,0,19,0,0,0.026,-0.016,-1.002,0.3,-0.6,0
143.5259655,0,0,19,0,0,0.026,-0.016,-1.002,0.3,-0.6,0
143.5359655,0,0,19,0,0,0.026,-0.016,-1.002,0.3,-0.6,0
143.5459655,0,0,19,0,0,0.026,-0.016,-1.002,0.3,-0.6,0
143.5559655,0,0,19,0,0,0.027,-0.015,-1.002,0.3,-0.5,0
143.5659655,0,0,19,0,0,0.027,-0.015,-1.002,0.3,-0.5,0
143.5759655,0,0,19,0,0,0.027,-0.015,-1.002,0.3,-0.5,0
143.5859655,0,0,19,0,0,0.027,-0.015,-1.002,0.3,-0.5,0
143.5959655,0,0,19,0,0,0.027,-0.015,-1.002,0.3,-0.5,0
143.6059655,0,0,19,0,0,0.027,-0.016,-1.001,0.3,-0.6,0
143.6159655,0,0,19,0,0,0.027,-0.016,-1.001,0.3,-0.6,0
143.6259655,0,0,19,0,0,0.027,-0.016,-1.001,0.3,-0.6,0
143.6359655,0,0,19,0,0,0.027,-0.016,-1.001,0.3,-0.6,0
143.6459655,0,0,19,0,0,0.027,-0.016,-1.001,0.3,-0.6,0
143.6559655,0,0,19,0,0,0.028,-0.015,-1,0.3,-0.5,0
143.6659655,0,0,19,0,0,0.028,-0.015,-1,0.3,-0.5,0
143.6759655,0,0,19,0,0,0.028,-0.015,-1,0.3,-0.5,0
143.6859655,0,0,19,0,0,0.028,-0.015,-1,0.3,-0.5,0
143.6959655,0,0,19,0,0,0.028,-0.015,-1,0.3,-0.5,0
143.7059655,0,0,19,0,0,0.027,-0.015,-1.001,0.3,-0.6,0
143.7159655,0,0,19,0,0,0.027,-0.015,-1.001,0.3,-0.6,0
143.7259655,0,0,19,0,0,0.027,-0.015,-1.001,0.3,-0.6,0
143.7359655,0,0,19,0,0,0.027,-0.015,-1.001,0.3,-0.6,0
143.7459655,0,0,19,0,0,0.027,-0.015,-1.001,0.3,-0.6,0
143.7559655,0,0,19,0,0,0.028,-0.015,-1.002,0.3,-0.6,0.1
143.7659655,0,0,19,0,0,0.028,-0.015,-1.002,0.3,-0.6,0.1
143.7759655,0,0,19,0,0,0.028,-0.015,-1.002,0.3,-0.6,0.1
143.7859655,0,0,19,0,0,0.028,-0.015,-1.002,0.3,-0.6,0.1
143.7959655,0,0,19,0,0,0.028,-0.015,-1.002,0.3,-0.6,0.1
143.8059655,0,0.01,19,0,0,0.028,-0.014,-1.002,0.3,-0.6,0
143.8159655,0,0.01,19,0,0,0.028,-0.014,-1.002,0.3,-0.6,0
143.8259655,0,0.01,19,0,0,0.028,-0.014,-1.002,0.3,-0.6,0
143.8359655,0,0.01,19,0,0,0.028,-0.014,-1.002,0.3,-0.6,0
143.8459655,0,0.01,19,0,0,0.028,-0.014,-1.002,0.3,-0.6,0
143.8559655,0,0,19,0,0,0.028,-0.015,-1,0.3,-0.7,0
143.8659655,0,0,19,0,0,0.028,-0.015,-1,0.3,-0.7,0
143.8759655,0,0,19,0,0,0.028,-0.015,-1,0.3,-0.7,0
143.8859655,0,0,19,0,0,0.028,-0.015,-1,0.3,-0.7,0
143.8959655,0,0,19,0,0,0.028,-0.015,-1,0.3,-0.7,0
143.9059655,0,0,19,0,0,0.028,-0.014,-1.001,0.3,-0.6,0
143.9159655,0,0,19,0,0,0.028,-0.014,-1.001,0.3,-0.6,0
143.9259655,0,0,19,0,0,0.028,-0.014,-1.001,0.3,-0.6,0
143.9359655,0,0,19,0,0,0.028,-0.014,-1.001,0.3,-0.6,0
143.9459655,0,0,19,0,0,0.028,-0.014,-1.001,0.3,-0.6,0
143.9559655,0,0.01,19,0,0,0.028,-0.015,-1,0.3,-0.6,0
143.9659655,0,0.01,19,0,0,0.028,-0.015,-1,0.3,-0.6,0
143.9759655,0,0.01,19,0,0,0.028,-0.015,-1,0.3,-0.6,0
143.9859655,0,0.01,19,0,0,0.028,-0.015,-1,0.3,-0.6,0
143.9959655,0,0.01,19,0,0,0.028,-0.015,-1,0.3,-0.6,0
144.0059655,0,0,19,0,0,0.027,-0.015,-1.001,0.3,-0.6,0
144.0159655,0,0,19,0,0,0.027,-0.015,-1.001,0.3,-0.6,0
144.0259655,0,0,19,0,0,0.027,-0.015,-1.001,0.3,-0.6,0
144.0359655,0,0,19,0,0,0.027,-0.015,-1.001,0.3,-0.6,0
144.0459655,0,0,19,0,0,0.027,-0.015,-1.001,0.3,-0.6,0
144.0559655,0,0,19,0,0,0.028,-0.015,-1.001,0.3,-0.5,0
144.0659655,0,0,19,0,0,0.028,-0.015,-1.001,0.3,-0.5,0
144.0759655,0,0,19,0,0,0.028,-0.015,-1.001,0.3,-0.5,0
144.0859655,0,0,19,0,0,0.028,-0.015,-1.001,0.3,-0.5,0
144.0959655,0,0,19,0,0,0.028,-0.015,-1.001,0.3,-0.5,0
144.1059655,0,0,19,0,0,0.028,-0.015,-1.001,0.3,-0.6,0
144.1159655,0,0,19,0,0,0.028,-0.015,-1.001,0.3,-0.6,0
144.1259655,0,0,19,0,0,0.028,-0.015,-1.001,0.3,-0.6,0
144.1359655,0,0,19,0,0,0.028,-0.015,-1.001,0.3,-0.6,0
144.1459655,0,0,19,0,0,0.028,-0.015,-1.001,0.3,-0.6,0
144.1559655,0,0,19,0,0,0.027,-0.014,-1.002,0.3,-0.6,0
144.1659655,0,0,19,0,0,0.027,-0.014,-1.002,0.3,-0.6,0
144.1759655,0,0,19,0,0,0.027,-0.014,-1.002,0.3,-0.6,0
144.1859655,0,0,19,0,0,0.027,-0.014,-1.002,0.3,-0.6,0
144.1959655,0,0,19,0,0,0.027,-0.014,-1.002,0.3,-0.6,0
144.2059655,0,0,19,0,0,0.028,-0.015,-1.002,0.3,-0.6,0
144.2159655,0,0,19,0,0,0.028,-0.015,-1.002,0.3,-0.6,0
144.2259655,0,0,19,0,0,0.028,-0.015,-1.002,0.3,-0.6,0
144.2359655,0,0,19,0,0,0.028,-0.015,-1.002,0.3,-0.6,0
144.2459655,0,0,19,0,0,0.028,-0.015,-1.002,0.3,-0.6,0
144.2559655,0,0,19,0,0,0.028,-0.015,-1.001,0.3,-0.6,0
144.2659655,0,0,19,0,0,0.028,-0.015,-1.001,0.3,-0.6,0
144.2759655,0,0,19,0,0,0.028,-0.015,-1.001,0.3,-0.6,0
144.2859655,0,0,19,0,0,0.028,-0.015,-1.001,0.3,-0.6,0
144.2959655,0,0,19,0,0,0.028,-0.015,-1.001,0.3,-0.6,0
144.3059655,0,0.01,19,0,0,0.028,-0.015,-1.002,0.2,-0.5,0
144.3159655,0,0.01,19,0,0,0.028,-0.015,-1.002,0.2,-0.5,0
144.3259655,0,0.01,19,0,0,0.028,-0.015,-1.002,0.2,-0.5,0
144.3359655,0,0.01,19,0,0,0.028,-0.015,-1.002,0.2,-0.5,0
144.3459655,0,0.01,19,0,0,0.028,-0.015,-1.002,0.2,-0.5,0
144.3559655,0,0,19,0,0,0.028,-0.015,-1.001,0.3,-0.6,0
144.3659655,0,0,19,0,0,0.028,-0.015,-1.001,0.3,-0.6,0
144.3759655,0,0,19,0,0,0.028,-0.015,-1.001,0.3,-0.6,0
144.3859655,0,0,19,0,0,0.028,-0.015,-1.001,0.3,-0.6,0
144.3959655,0,0,19,0,0,0.028,-0.015,-1.001,0.3,-0.6,0
144.4059655,0,0,19,0,0,0.028,-0.014,-1.001,0.3,-0.5,0
144.4159655,0,0,19,0,0,0.028,-0.014,-1.001,0.3,-0.5,0
144.4259655,0,0,19,0,0,0.028,-0.014,-1.001,0.3,-0.5,0
144.4359655,0,0,19,0,0,0.028,-0.014,-1.001,0.3,-0.5,0
144.4459655,0,0,19,0,0,0.028,-0.014,-1.001,0.3,-0.5,0
144.4559655,0,0,19,0,0,0.028,-0.016,-1.001,0.3,-0.6,0
144.4659655,0,0,19,0,0,0.028,-0.016,-1.001,0.3,-0.6,0
144.4759655,0,0,19,0,0,0.028,-0.016,-1.001,0.3,-0.6,0
144.4859655,0,0,19,0,0,0.028,-0.016,-1.001,0.3,-0.6,0
144.4959655,0,0,19,0,0,0.028,-0.016,-1.001,0.3,-0.6,0
144.5059655,0,0,19,0,0,0.028,-0.014,-1.001,0.3,-0.6,0
144.5159655,0,0,19,0,0,0.028,-0.014,-1.001,0.3,-0.6,0
144.5259655,0,0,19,0,0,0.028,-0.014,-1.001,0.3,-0.6,0
144.5359655,0,0,19,0,0,0.028,-0.014,-1.001,0.3,-0.6,0
144.5459655,0,0,19,0,0,0.028,-0.014,-1.001,0.3,-0.6,0
144.5559655,0,0,19,0,0,0.028,-0.014,-1.002,0.3,-0.6,0
144.565965499999,0,0,19,0,0,0.028,-0.014,-1.002,0.3,-0.6,0
144.5759655,0,0,19,0,0,0.028,-0.014,-1.002,0.3,-0.6,0
144.5859655,0,0,19,0,0,0.028,-0.014,-1.002,0.3,-0.6,0
144.595965499999,0,0,19,0,0,0.028,-0.014,-1.002,0.3,-0.6,0
144.605965499999,0,0,19,0,0,0.028,-0.016,-1.002,0.3,-0.6,0
144.615965499999,0,0,19,0,0,0.028,-0.016,-1.002,0.3,-0.6,0
144.625965499999,0,0,19,0,0,0.028,-0.016,-1.002,0.3,-0.6,0
144.635965499999,0,0,19,0,0,0.028,-0.016,-1.002,0.3,-0.6,0
144.645965499999,0,0,19,0,0,0.028,-0.016,-1.002,0.3,-0.6,0
144.655965499999,0,0,19,0,0,0.028,-0.014,-1.001,0.3,-0.5,0
144.665965499999,0,0,19,0,0,0.028,-0.014,-1.001,0.3,-0.5,0
144.675965499999,0,0,19,0,0,0.028,-0.014,-1.001,0.3,-0.5,0
144.685965499999,0,0,19,0,0,0.028,-0.014,-1.001,0.3,-0.5,0
144.695965499999,0,0,19,0,0,0.028,-0.014,-1.001,0.3,-0.5,0
144.705965499999,0,0.01,19,0,0,0.028,-0.015,-1.001,0.3,-0.6,0
144.715965499999,0,0.01,19,0,0,0.028,-0.015,-1.001,0.3,-0.6,0
144.725965499999,0,0.01,19,0,0,0.028,-0.015,-1.001,0.3,-0.6,0
144.735965499999,0,0.01,19,0,0,0.028,-0.015,-1.001,0.3,-0.6,0
144.745965499999,0,0.01,19,0,0,0.028,-0.015,-1.001,0.3,-0.6,0
144.755965499999,0,0,19,0,0,0.028,-0.015,-1.001,0.3,-0.5,0
144.765965499999,0,0,19,0,0,0.028,-0.015,-1.001,0.3,-0.5,0
144.775965499999,0,0,19,0,0,0.028,-0.015,-1.001,0.3,-0.5,0
144.785965499999,0,0,19,0,0,0.028,-0.015,-1.001,0.3,-0.5,0
144.795965499999,0,0,19,0,0,0.028,-0.015,-1.001,0.3,-0.5,0
144.805965499999,0,0,19,0,0,0.028,-0.015,-1.002,0.3,-0.6,0
144.815965499999,0,0,19,0,0,0.028,-0.015,-1.002,0.3,-0.6,0
144.825965499999,0,0,19,0,0,0.028,-0.015,-1.002,0.3,-0.6,0
144.835965499999,0,0,19,0,0,0.028,-0.015,-1.002,0.3,-0.6,0
144.845965499999,0,0,19,0,0,0.028,-0.015,-1.002,0.3,-0.6,0
144.855965499999,0,0,19,0,0,0.027,-0.014,-1.001,0.3,-0.5,0
144.865965499999,0,0,19,0,0,0.027,-0.014,-1.001,0.3,-0.5,0
144.875965499999,0,0,19,0,0,0.027,-0.014,-1.001,0.3,-0.5,0
144.885965499999,0,0,19,0,0,0.027,-0.014,-1.001,0.3,-0.5,0
144.895965499999,0,0,19,0,0,0.027,-0.014,-1.001,0.3,-0.5,0
144.905965499999,0,0.01,19,0,0,0.029,-0.015,-1.001,0.2,-0.6,0
144.915965499999,0,0.01,19,0,0,0.029,-0.015,-1.001,0.2,-0.6,0
144.925965499999,0,0.01,19,0,0,0.029,-0.015,-1.001,0.2,-0.6,0
144.935965499999,0,0.01,19,0,0,0.029,-0.015,-1.001,0.2,-0.6,0
144.945965499999,0,0.01,19,0,0,0.029,-0.015,-1.001,0.2,-0.6,0
144.955965499999,0,0.01,19,0,0,0.028,-0.015,-1,0.3,-0.6,0
144.965965499999,0,0.01,19,0,0,0.028,-0.015,-1,0.3,-0.6,0
144.975965499999,0,0.01,19,0,0,0.028,-0.015,-1,0.3,-0.6,0
144.985965499999,0,0.01,19,0,0,0.028,-0.015,-1,0.3,-0.6,0
144.995965499999,0,0.01,19,0,0,0.028,-0.015,-1,0.3,-0.6,0
145.005965499999,0,0,19,0,0,0.027,-0.014,-1.002,0.3,-0.6,0.1
145.015965499999,0,0,19,0,0,0.027,-0.014,-1.002,0.3,-0.6,0.1
145.025965499999,0,0,19,0,0,0.027,-0.014,-1.002,0.3,-0.6,0.1
145.035965499999,0,0,19,0,0,0.027,-0.014,-1.002,0.3,-0.6,0.1
145.045965499999,0,0,19,0,0,0.027,-0.014,-1.002,0.3,-0.6,0.1
145.055965499999,0,0,19,0,0,0.028,-0.015,-1.001,0.3,-0.6,0
145.065965499999,0,0,19,0,0,0.028,-0.015,-1.001,0.3,-0.6,0
145.075965499999,0,0,19,0,0,0.028,-0.015,-1.001,0.3,-0.6,0
145.085965499999,0,0,19,0,0,0.028,-0.015,-1.001,0.3,-0.6,0
145.095965499999,0,0,19,0,0,0.028,-0.015,-1.001,0.3,-0.6,0
145.105965499999,0,0,19,0,0,0.028,-0.015,-1.001,0.3,-0.6,0.1
145.115965499999,0,0,19,0,0,0.028,-0.015,-1.001,0.3,-0.6,0.1
145.125965499999,0,0,19,0,0,0.028,-0.015,-1.001,0.3,-0.6,0.1
145.135965499999,0,0,19,0,0,0.028,-0.015,-1.001,0.3,-0.6,0.1
145.145965499999,0,0,19,0,0,0.028,-0.015,-1.001,0.3,-0.6,0.1
145.155965499999,0,0,19,0,0,0.029,-0.014,-1.001,0.3,-0.6,0.1
145.165965499999,0,0,19,0,0,0.029,-0.014,-1.001,0.3,-0.6,0.1
145.175965499999,0,0,19,0,0,0.029,-0.014,-1.001,0.3,-0.6,0.1
145.185965499999,0,0,19,0,0,0.029,-0.014,-1.001,0.3,-0.6,0.1
145.195965499999,0,0,19,0,0,0.029,-0.014,-1.001,0.3,-0.6,0.1
145.205965499999,0,0.01,19,0,0,0.028,-0.015,-1.002,0.3,-0.6,0
145.215965499999,0,0.01,19,0,0,0.028,-0.015,-1.002,0.3,-0.6,0
145.225965499999,0,0.01,19,0,0,0.028,-0.015,-1.002,0.3,-0.6,0
145.235965499999,0,0.01,19,0,0,0.028,-0.015,-1.002,0.3,-0.6,0
145.245965499999,0,0.01,19,0,0,0.028,-0.015,-1.002,0.3,-0.6,0
145.255965499999,0,0,19,0,0,0.028,-0.014,-1,0.3,-0.6,0
145.265965499999,0,0,19,0,0,0.028,-0.014,-1,0.3,-0.6,0
145.275965499999,0,0,19,0,0,0.028,-0.014,-1,0.3,-0.6,0
145.285965499999,0,0,19,0,0,0.028,-0.014,-1,0.3,-0.6,0
145.295965499999,0,0,19,0,0,0.028,-0.014,-1,0.3,-0.6,0
145.305965499999,0,0.01,19,0,0,0.028,-0.015,-1.001,0.3,-0.6,0
145.315965499999,0,0.01,19,0,0,0.028,-0.015,-1.001,0.3,-0.6,0
145.325965499999,0,0.01,19,0,0,0.028,-0.015,-1.001,0.3,-0.6,0
145.335965499999,0,0.01,19,0,0,0.028,-0.015,-1.001,0.3,-0.6,0
145.345965499999,0,0.01,19,0,0,0.028,-0.015,-1.001,0.3,-0.6,0
145.355965499999,0,0,19,0,0,0.028,-0.015,-1.001,0.3,-0.6,0
145.365965499999,0,0,19,0,0,0.028,-0.015,-1.001,0.3,-0.6,0
145.375965499999,0,0,19,0,0,0.028,-0.015,-1.001,0.3,-0.6,0
145.385965499999,0,0,19,0,0,0.028,-0.015,-1.001,0.3,-0.6,0
145.395965499999,0,0,19,0,0,0.028,-0.015,-1.001,0.3,-0.6,0
145.405965499999,0,0,19,0,0,0.028,-0.015,-1.001,0.3,-0.6,0
145.415965499999,0,0,19,0,0,0.028,-0.015,-1.001,0.3,-0.6,0
145.425965499999,0,0,19,0,0,0.028,-0.015,-1.001,0.3,-0.6,0
145.435965499999,0,0,19,0,0,0.028,-0.015,-1.001,0.3,-0.6,0
145.445965499999,0,0,19,0,0,0.028,-0.015,-1.001,0.3,-0.6,0
145.455965499999,0,0,19,0,0,0.028,-0.015,-1,0.3,-0.6,0
145.465965499999,0,0,19,0,0,0.028,-0.015,-1,0.3,-0.6,0
145.475965499999,0,0,19,0,0,0.028,-0.015,-1,0.3,-0.6,0
145.485965499999,0,0,19,0,0,0.028,-0.015,-1,0.3,-0.6,0
145.495965499999,0,0,19,0,0,0.028,-0.015,-1,0.3,-0.6,0
145.505965499999,0,0,19,0,0,0.028,-0.014,-1,0.2,-0.6,0
145.515965499999,0,0,19,0,0,0.028,-0.014,-1,0.2,-0.6,0
145.525965499999,0,0,19,0,0,0.028,-0.014,-1,0.2,-0.6,0
145.535965499999,0,0,19,0,0,0.028,-0.014,-1,0.2,-0.6,0
145.545965499999,0,0,19,0,0,0.028,-0.014,-1,0.2,-0.6,0
145.555965499999,0,0,19,0,0,0.027,-0.016,-1.002,0.3,-0.6,0
145.565965499999,0,0,19,0,0,0.027,-0.016,-1.002,0.3,-0.6,0
145.575965499999,0,0,19,0,0,0.027,-0.016,-1.002,0.3,-0.6,0
145.585965499999,0,0,19,0,0,0.027,-0.016,-1.002,0.3,-0.6,0
145.595965499999,0,0,19,0,0,0.027,-0.016,-1.002,0.3,-0.6,0
145.605965499999,0,0,19,0,0,0.028,-0.015,-1.001,0.3,-0.5,0
145.615965499999,0,0,19,0,0,0.028,-0.015,-1.001,0.3,-0.5,0
145.625965499999,0,0,19,0,0,0.028,-0.015,-1.001,0.3,-0.5,0
145.635965499999,0,0,19,0,0,0.028,-0.015,-1.001,0.3,-0.5,0
145.645965499999,0,0,19,0,0,0.028,-0.015,-1.001,0.3,-0.5,0
145.655965499999,0,0,19,0,0,0.027,-0.015,-1.001,0.3,-0.6,0
145.665965499999,0,0,19,0,0,0.027,-0.015,-1.001,0.3,-0.6,0
145.675965499999,0,0,19,0,0,0.027,-0.015,-1.001,0.3,-0.6,0
145.685965499999,0,0,19,0,0,0.027,-0.015,-1.001,0.3,-0.6,0
145.695965499999,0,0,19,0,0,0.027,-0.015,-1.001,0.3,-0.6,0
145.705965499999,0,0,19,0,0,0.028,-0.014,-1.001,0.2,-0.6,0
145.715965499999,0,0,19,0,0,0.028,-0.014,-1.001,0.2,-0.6,0
145.725965499999,0,0,19,0,0,0.028,-0.014,-1.001,0.2,-0.6,0
145.735965499999,0,0,19,0,0,0.028,-0.014,-1.001,0.2,-0.6,0
145.745965499999,0,0,19,0,0,0.028,-0.014,-1.001,0.2,-0.6,0
145.755965499999,0,0,19,0,0,0.028,-0.015,-1,0.3,-0.6,0
145.765965499999,0,0,19,0,0,0.028,-0.015,-1,0.3,-0.6,0
145.775965499999,0,0,19,0,0,0.028,-0.015,-1,0.3,-0.6,0
145.785965499999,0,0,19,0,0,0.028,-0.015,-1,0.3,-0.6,0
145.795965499999,0,0,19,0,0,0.028,-0.015,-1,0.3,-0.6,0
145.805965499999,0,0.01,19,0,0,0.028,-0.014,-1.002,0.3,-0.6,0
145.815965499999,0,0.01,19,0,0,0.028,-0.014,-1.002,0.3,-0.6,0
145.825965499999,0,0.01,19,0,0,0.028,-0.014,-1.002,0.3,-0.6,0
145.835965499999,0,0.01,19,0,0,0.028,-0.014,-1.002,0.3,-0.6,0
145.845965499999,0,0.01,19,0,0,0.028,-0.014,-1.002,0.3,-0.6,0
145.855965499999,0,0,19,0,0,0.029,-0.016,-1.001,0.3,-0.6,0
145.865965499999,0,0,19,0,0,0.029,-0.016,-1.001,0.3,-0.6,0
145.875965499999,0,0,19,0,0,0.029,-0.016,-1.001,0.3,-0.6,0
145.885965499999,0,0,19,0,0,0.029,-0.016,-1.001,0.3,-0.6,0
145.895965499999,0,0,19,0,0,0.029,-0.016,-1.001,0.3,-0.6,0
145.905965499999,0,0,19,0,0,0.028,-0.015,-1.001,0.3,-0.6,0
145.915965499999,0,0,19,0,0,0.028,-0.015,-1.001,0.3,-0.6,0
145.925965499999,0,0,19,0,0,0.028,-0.015,-1.001,0.3,-0.6,0
145.935965499999,0,0,19,0,0,0.028,-0.015,-1.001,0.3,-0.6,0
145.945965499999,0,0,19,0,0,0.028,-0.015,-1.001,0.3,-0.6,0
145.955965499999,0,0,19,0,0,0.027,-0.014,-1.002,0.3,-0.6,0
145.965965499999,0,0,19,0,0,0.027,-0.014,-1.002,0.3,-0.6,0
145.975965499999,0,0,19,0,0,0.027,-0.014,-1.002,0.3,-0.6,0
145.985965499999,0,0,19,0,0,0.027,-0.014,-1.002,0.3,-0.6,0
145.995965499999,0,0,19,0,0,0.027,-0.014,-1.002,0.3,-0.6,0
146.005965499999,0,0.01,19,0,0,0.027,-0.015,-1.001,0.2,-0.6,0
146.015965499999,0,0.01,19,0,0,0.027,-0.015,-1.001,0.2,-0.6,0
146.025965499999,0,0.01,19,0,0,0.027,-0.015,-1.001,0.2,-0.6,0
146.035965499999,0,0.01,19,0,0,0.027,-0.015,-1.001,0.2,-0.6,0
146.045965499999,0,0.01,19,0,0,0.027,-0.015,-1.001,0.2,-0.6,0
146.055965499999,0,0,19,0,0,0.03,-0.015,-1.001,0.3,-0.5,0
146.065965499999,0,0,19,0,0,0.03,-0.015,-1.001,0.3,-0.5,0
146.075965499999,0,0,19,0,0,0.03,-0.015,-1.001,0.3,-0.5,0
146.085965499999,0,0,19,0,0,0.03,-0.015,-1.001,0.3,-0.5,0
146.095965499999,0,0,19,0,0,0.03,-0.015,-1.001,0.3,-0.5,0
146.105965499999,0,0,19,0,0,0.028,-0.015,-1.001,0.3,-0.6,0
146.115965499999,0,0,19,0,0,0.028,-0.015,-1.001,0.3,-0.6,0
146.125965499999,0,0,19,0,0,0.028,-0.015,-1.001,0.3,-0.6,0
146.135965499999,0,0,19,0,0,0.028,-0.015,-1.001,0.3,-0.6,0
146.145965499999,0,0,19,0,0,0.028,-0.015,-1.001,0.3,-0.6,0
146.155965499999,0,0,19,0,0,0.028,-0.014,-1.001,0.3,-0.6,0
146.165965499999,0,0,19,0,0,0.028,-0.014,-1.001,0.3,-0.6,0
146.175965499999,0,0,19,0,0,0.028,-0.014,-1.001,0.3,-0.6,0
146.185965499999,0,0,19,0,0,0.028,-0.014,-1.001,0.3,-0.6,0
146.195965499999,0,0,19,0,0,0.028,-0.014,-1.001,0.3,-0.6,0
146.205965499999,0,0,19,0,0,0.029,-0.015,-1.001,0.3,-0.6,0
146.215965499999,0,0,19,0,0,0.029,-0.015,-1.001,0.3,-0.6,0
146.225965499999,0,0,19,0,0,0.029,-0.015,-1.001,0.3,-0.6,0
146.235965499999,0,0,19,0,0,0.029,-0.015,-1.001,0.3,-0.6,0
146.245965499999,0,0,19,0,0,0.029,-0.015,-1.001,0.3,-0.6,0
146.255965499999,0,0,19,0,0,0.028,-0.016,-1.002,0.3,-0.6,0
146.265965499999,0,0,19,0,0,0.028,-0.016,-1.002,0.3,-0.6,0
146.275965499999,0,0,19,0,0,0.028,-0.016,-1.002,0.3,-0.6,0
146.285965499999,0,0,19,0,0,0.028,-0.016,-1.002,0.3,-0.6,0
146.295965499999,0,0,19,0,0,0.028,-0.016,-1.002,0.3,-0.6,0
146.305965499999,0,0,19,0,0,0.028,-0.014,-1.001,0.3,-0.5,0
146.315965499999,0,0,19,0,0,0.028,-0.014,-1.001,0.3,-0.5,0
146.325965499999,0,0,19,0,0,0.028,-0.014,-1.001,0.3,-0.5,0
146.335965499999,0,0,19,0,0,0.028,-0.014,-1.001,0.3,-0.5,0
146.345965499999,0,0,19,0,0,0.028,-0.014,-1.001,0.3,-0.5,0
146.355965499999,0,0,19,0,0,0.027,-0.015,-1.001,0.3,-0.6,0
146.365965499999,0,0,19,0,0,0.027,-0.015,-1.001,0.3,-0.6,0
146.375965499999,0,0,19,0,0,0.027,-0.015,-1.001,0.3,-0.6,0
146.385965499999,0,0,19,0,0,0.027,-0.015,-1.001,0.3,-0.6,0
146.395965499999,0,0,19,0,0,0.027,-0.015,-1.001,0.3,-0.6,0
146.405965499999,0,0,19,0,0,0.029,-0.016,-1.001,0.2,-0.6,0
146.415965499999,0,0,19,0,0,0.029,-0.016,-1.001,0.2,-0.6,0
146.425965499999,0,0,19,0,0,0.029,-0.016,-1.001,0.2,-0.6,0
146.435965499999,0,0,19,0,0,0.029,-0.016,-1.001,0.2,-0.6,0
146.445965499999,0,0,19,0,0,0.029,-0.016,-1.001,0.2,-0.6,0
146.455965499999,0,0,19,0,0,0.028,-0.015,-1.001,0.3,-0.6,0
146.465965499999,0,0,19,0,0,0.028,-0.015,-1.001,0.3,-0.6,0
146.475965499999,0,0,19,0,0,0.028,-0.015,-1.001,0.3,-0.6,0
146.485965499999,0,0,19,0,0,0.028,-0.015,-1.001,0.3,-0.6,0
146.495965499999,0,0,19,0,0,0.028,-0.015,-1.001,0.3,-0.6,0
146.505965499999,0,0,19,0,0,0.028,-0.015,-1.001,0.3,-0.6,0
146.515965499999,0,0,19,0,0,0.028,-0.015,-1.001,0.3,-0.6,0
146.525965499999,0,0,19,0,0,0.028,-0.015,-1.001,0.3,-0.6,0
146.535965499999,0,0,19,0,0,0.028,-0.015,-1.001,0.3,-0.6,0
146.545965499999,0,0,19,0,0,0.028,-0.015,-1.001,0.3,-0.6,0
146.555965499999,0,0,19,0,0,0.028,-0.015,-1.002,0.3,-0.7,0
146.565965499999,0,0,19,0,0,0.028,-0.015,-1.002,0.3,-0.7,0
146.575965499999,0,0,19,0,0,0.028,-0.015,-1.002,0.3,-0.7,0
146.585965499999,0,0,19,0,0,0.028,-0.015,-1.002,0.3,-0.7,0
146.595965499999,0,0,19,0,0,0.028,-0.015,-1.002,0.3,-0.7,0
146.605965499999,0,0,19,0,0,0.028,-0.015,-1.001,0.2,-0.6,0
146.615965499999,0,0,19,0,0,0.028,-0.015,-1.001,0.2,-0.6,0
146.625965499999,0,0,19,0,0,0.028,-0.015,-1.001,0.2,-0.6,0
146.635965499999,0,0,19,0,0,0.028,-0.015,-1.001,0.2,-0.6,0
146.645965499999,0,0,19,0,0,0.028,-0.015,-1.001,0.2,-0.6,0
146.655965499999,0,0,19,0,0,0.028,-0.015,-1.001,0.3,-0.6,0
146.665965499999,0,0,19,0,0,0.028,-0.015,-1.001,0.3,-0.6,0
146.675965499999,0,0,19,0,0,0.028,-0.015,-1.001,0.3,-0.6,0
146.685965499999,0,0,19,0,0,0.028,-0.015,-1.001,0.3,-0.6,0
146.695965499999,0,0,19,0,0,0.028,-0.015,-1.001,0.3,-0.6,0
146.705965499999,0,0.01,19,0,0,0.028,-0.015,-1.001,0.3,-0.6,0
146.715965499999,0,0.01,19,0,0,0.028,-0.015,-1.001,0.3,-0.6,0
146.725965499999,0,0.01,19,0,0,0.028,-0.015,-1.001,0.3,-0.6,0
146.735965499999,0,0.01,19,0,0,0.028,-0.015,-1.001,0.3,-0.6,0
146.745965499999,0,0.01,19,0,0,0.028,-0.015,-1.001,0.3,-0.6,0
146.755965499999,0,0,19,0,0,0.028,-0.014,-1.002,0.3,-0.6,0
146.765965499999,0,0,19,0,0,0.028,-0.014,-1.002,0.3,-0.6,0
146.775965499999,0,0,19,0,0,0.028,-0.014,-1.002,0.3,-0.6,0
146.785965499999,0,0,19,0,0,0.028,-0.014,-1.002,0.3,-0.6,0
146.795965499999,0,0,19,0,0,0.028,-0.014,-1.002,0.3,-0.6,0
146.805965499999,0,0,19,0,0,0.027,-0.015,-1.001,0.3,-0.6,0
146.815965499999,0,0,19,0,0,0.027,-0.015,-1.001,0.3,-0.6,0
146.825965499999,0,0,19,0,0,0.027,-0.015,-1.001,0.3,-0.6,0
146.835965499999,0,0,19,0,0,0.027,-0.015,-1.001,0.3,-0.6,0
146.845965499999,0,0,19,0,0,0.027,-0.015,-1.001,0.3,-0.6,0
146.855965499999,0,0.01,19,0,0,0.027,-0.013,-1.001,0.3,-0.6,0
146.865965499999,0,0.01,19,0,0,0.027,-0.013,-1.001,0.3,-0.6,0
146.875965499999,0,0.01,19,0,0,0.027,-0.013,-1.001,0.3,-0.6,0
146.885965499999,0,0.01,19,0,0,0.027,-0.013,-1.001,0.3,-0.6,0
146.895965499999,0,0.01,19,0,0,0.027,-0.013,-1.001,0.3,-0.6,0
146.905965499999,0,0,19,0,0,0.028,-0.015,-1.002,0.3,-0.6,0
146.915965499999,0,0,19,0,0,0.028,-0.015,-1.002,0.3,-0.6,0
146.925965499999,0,0,19,0,0,0.028,-0.015,-1.002,0.3,-0.6,0
146.935965499999,0,0,19,0,0,0.028,-0.015,-1.002,0.3,-0.6,0
146.945965499999,0,0,19,0,0,0.028,-0.015,-1.002,0.3,-0.6,0
146.955965499999,0,0,19,0,0,0.029,-0.016,-1.002,0.3,-0.6,0
146.965965499999,0,0,19,0,0,0.029,-0.016,-1.002,0.3,-0.6,0
146.975965499999,0,0,19,0,0,0.029,-0.016,-1.002,0.3,-0.6,0
146.985965499999,0,0,19,0,0,0.029,-0.016,-1.002,0.3,-0.6,0
146.995965499999,0,0,19,0,0,0.029,-0.016,-1.002,0.3,-0.6,0
147.005965499999,0,0,19,0,0,0.028,-0.014,-1.001,0.3,-0.5,0
147.015965499999,0,0,19,0,0,0.028,-0.014,-1.001,0.3,-0.5,0
147.025965499999,0,0,19,0,0,0.028,-0.014,-1.001,0.3,-0.5,0
147.035965499999,0,0,19,0,0,0.028,-0.014,-1.001,0.3,-0.5,0
147.045965499999,0,0,19,0,0,0.028,-0.014,-1.001,0.3,-0.5,0
147.055965499999,0,0.01,19,0,0,0.028,-0.014,-1.002,0.3,-0.6,0.1
147.065965499999,0,0.01,19,0,0,0.028,-0.014,-1.002,0.3,-0.6,0.1
147.075965499999,0,0.01,19,0,0,0.028,-0.014,-1.002,0.3,-0.6,0.1
147.085965499999,0,0.01,19,0,0,0.028,-0.014,-1.002,0.3,-0.6,0.1
147.095965499999,0,0.01,19,0,0,0.028,-0.014,-1.002,0.3,-0.6,0.1
147.105965499999,0,0,19,0,0,0.028,-0.015,-1.002,0.2,-0.6,0
147.115965499999,0,0,19,0,0,0.028,-0.015,-1.002,0.2,-0.6,0
147.125965499999,0,0,19,0,0,0.028,-0.015,-1.002,0.2,-0.6,0
147.135965499999,0,0,19,0,0,0.028,-0.015,-1.002,0.2,-0.6,0
147.145965499999,0,0,19,0,0,0.028,-0.015,-1.002,0.2,-0.6,0
154.5930154,0,0,19,0,0,0.028,-0.015,-1.001,0.3,-0.6,0
154.6030154,0,0,19,0,0,0.028,-0.015,-1.001,0.3,-0.6,0
154.6130154,0,0,19,0,0,0.028,-0.015,-1.001,0.3,-0.6,0
154.6230154,0,0,19,0,0,0.028,-0.015,-1.001,0.3,-0.6,0
154.6330154,0,0,19,0,0,0.028,-0.015,-1.001,0.3,-0.6,0
154.6430154,0,0,19,0,0,0.028,-0.015,-1.002,0.3,-0.5,0
154.6530154,0,0,19,0,0,0.028,-0.015,-1.002,0.3,-0.5,0
154.6630154,0,0,19,0,0,0.028,-0.015,-1.002,0.3,-0.5,0
154.6730154,0,0,19,0,0,0.028,-0.015,-1.002,0.3,-0.5,0
154.6830154,0,0,19,0,0,0.028,-0.015,-1.002,0.3,-0.5,0
154.6930154,0,0,19,0,0,0.028,-0.015,-1.001,0.3,-0.6,0
154.7030154,0,0,19,0,0,0.028,-0.015,-1.001,0.3,-0.6,0
154.7130154,0,0,19,0,0,0.028,-0.015,-1.001,0.3,-0.6,0
154.7230154,0,0,19,0,0,0.028,-0.015,-1.001,0.3,-0.6,0
154.7330154,0,0,19,0,0,0.028,-0.015,-1.001,0.3,-0.6,0
154.7430154,0,0,19,0,0,0.028,-0.014,-1.001,0.3,-0.6,0
154.7530154,0,0,19,0,0,0.028,-0.014,-1.001,0.3,-0.6,0
154.7630154,0,0,19,0,0,0.028,-0.014,-1.001,0.3,-0.6,0
154.7730154,0,0,19,0,0,0.028,-0.014,-1.001,0.3,-0.6,0
154.7830154,0,0,19,0,0,0.028,-0.014,-1.001,0.3,-0.6,0
154.7930154,0,0,19,0,0,0.027,-0.016,-1.001,0.3,-0.5,0
154.8030154,0,0,19,0,0,0.027,-0.016,-1.001,0.3,-0.5,0
154.8130154,0,0,19,0,0,0.027,-0.016,-1.001,0.3,-0.5,0
154.8230154,0,0,19,0,0,0.027,-0.016,-1.001,0.3,-0.5,0
154.8330154,0,0,19,0,0,0.027,-0.016,-1.001,0.3,-0.5,0
154.8430154,0,0,19,0,0,0.028,-0.015,-1.002,0.3,-0.6,0
154.8530154,0,0,19,0,0,0.028,-0.015,-1.002,0.3,-0.6,0
154.8630154,0,0,19,0,0,0.028,-0.015,-1.002,0.3,-0.6,0
154.8730154,0,0,19,0,0,0.028,-0.015,-1.002,0.3,-0.6,0
154.8830154,0,0,19,0,0,0.028,-0.015,-1.002,0.3,-0.6,0
154.8930154,0,0,19,0,0,0.028,-0.014,-1.001,0.3,-0.6,0
154.9030154,0,0,19,0,0,0.028,-0.014,-1.001,0.3,-0.6,0
154.9130154,0,0,19,0,0,0.028,-0.014,-1.001,0.3,-0.6,0
154.9230154,0,0,19,0,0,0.028,-0.014,-1.001,0.3,-0.6,0
154.9330154,0,0,19,0,0,0.028,-0.014,-1.001,0.3,-0.6,0
154.9430154,0,0,19,0,0,0.028,-0.015,-1.001,0.3,-0.5,0
154.9530154,0,0,19,0,0,0.028,-0.015,-1.001,0.3,-0.5,0
154.9630154,0,0,19,0,0,0.028,-0.015,-1.001,0.3,-0.5,0
154.9730154,0,0,19,0,0,0.028,-0.015,-1.001,0.3,-0.5,0
154.9830154,0,0,19,0,0,0.028,-0.015,-1.001,0.3,-0.5,0
154.9930154,0,0,19,0,0,0.027,-0.014,-1.002,0.3,-0.6,0
155.0030154,0,0,19,0,0,0.027,-0.014,-1.002,0.3,-0.6,0
155.0130154,0,0,19,0,0,0.027,-0.014,-1.002,0.3,-0.6,0
155.0230154,0,0,19,0,0,0.027,-0.014,-1.002,0.3,-0.6,0
155.0330154,0,0,19,0,0,0.027,-0.014,-1.002,0.3,-0.6,0
155.0430154,0,0,19,0,0,0.028,-0.014,-1.002,0.4,-0.6,0
155.0530154,0,0,19,0,0,0.028,-0.014,-1.002,0.4,-0.6,0
155.0630154,0,0,19,0,0,0.028,-0.014,-1.002,0.4,-0.6,0
155.0730154,0,0,19,0,0,0.028,-0.014,-1.002,0.4,-0.6,0
155.0830154,0,0,19,0,0,0.028,-0.014,-1.002,0.4,-0.6,0
155.0930154,0,0,19,0,0,0.028,-0.015,-1.001,0.4,-0.6,0.1
155.1030154,0,0,19,0,0,0.028,-0.015,-1.001,0.4,-0.6,0.1
155.1130154,0,0,19,0,0,0.028,-0.015,-1.001,0.4,-0.6,0.1
155.1230154,0,0,19,0,0,0.028,-0.015,-1.001,0.4,-0.6,0.1
155.1330154,0,0,19,0,0,0.028,-0.015,-1.001,0.4,-0.6,0.1
155.1430154,0,0.01,19,0,0,0.028,-0.015,-1.002,0.3,-0.5,0
155.1530154,0,0.01,19,0,0,0.028,-0.015,-1.002,0.3,-0.5,0
155.1630154,0,0.01,19,0,0,0.028,-0.015,-1.002,0.3,-0.5,0
155.1730154,0,0.01,19,0,0,0.028,-0.015,-1.002,0.3,-0.5,0
155.1830154,0,0.01,19,0,0,0.028,-0.015,-1.002,0.3,-0.5,0
155.1930154,0,0,19,0,0,0.028,-0.015,-1.002,0.3,-0.5,0
155.2030154,0,0,19,0,0,0.028,-0.015,-1.002,0.3,-0.5,0
155.2130154,0,0,19,0,0,0.028,-0.015,-1.002,0.3,-0.5,0
155.2230154,0,0,19,0,0,0.028,-0.015,-1.002,0.3,-0.5,0
155.2330154,0,0,19,0,0,0.028,-0.015,-1.002,0.3,-0.5,0
155.2430154,0,0,19,0,0,0.028,-0.014,-1.001,0.2,-0.6,0
155.2530154,0,0,19,0,0,0.028,-0.014,-1.001,0.2,-0.6,0
155.2630154,0,0,19,0,0,0.028,-0.014,-1.001,0.2,-0.6,0
155.2730154,0,0,19,0,0,0.028,-0.014,-1.001,0.2,-0.6,0
155.2830154,0,0,19,0,0,0.028,-0.014,-1.001,0.2,-0.6,0
155.2930154,0,0,19,0,0,0.028,-0.015,-1.001,0.3,-0.6,0
155.3030154,0,0,19,0,0,0.028,-0.015,-1.001,0.3,-0.6,0
155.3130154,0,0,19,0,0,0.028,-0.015,-1.001,0.3,-0.6,0
155.3230154,0,0,19,0,0,0.028,-0.015,-1.001,0.3,-0.6,0
155.3330154,0,0,19,0,0,0.028,-0.015,-1.001,0.3,-0.6,0
155.3430154,0,0.01,19,0,0,0.028,-0.015,-1.002,0.3,-0.6,0
155.3530154,0,0.01,19,0,0,0.028,-0.015,-1.002,0.3,-0.6,0
155.3630154,0,0.01,19,0,0,0.028,-0.015,-1.002,0.3,-0.6,0
155.3730154,0,0.01,19,0,0,0.028,-0.015,-1.002,0.3,-0.6,0
155.3830154,0,0.01,19,0,0,0.028,-0.015,-1.002,0.3,-0.6,0
155.3930154,0,0,19,0,0,0.028,-0.013,-1.001,0.2,-0.6,0
155.4030154,0,0,19,0,0,0.028,-0.013,-1.001,0.2,-0.6,0
155.4130154,0,0,19,0,0,0.028,-0.013,-1.001,0.2,-0.6,0
155.4230154,0,0,19,0,0,0.028,-0.013,-1.001,0.2,-0.6,0
155.4330154,0,0,19,0,0,0.028,-0.013,-1.001,0.2,-0.6,0
155.4430154,0,0,19,0,0,0.029,-0.015,-1.002,0.3,-0.6,0.1
155.4530154,0,0,19,0,0,0.029,-0.015,-1.002,0.3,-0.6,0.1
155.4630154,0,0,19,0,0,0.029,-0.015,-1.002,0.3,-0.6,0.1
155.4730154,0,0,19,0,0,0.029,-0.015,-1.002,0.3,-0.6,0.1
155.4830154,0,0,19,0,0,0.029,-0.015,-1.002,0.3,-0.6,0.1
155.4930154,0,0,19,0,0,0.029,-0.015,-1.001,0.3,-0.6,0
155.5030154,0,0,19,0,0,0.029,-0.015,-1.001,0.3,-0.6,0
155.5130154,0,0,19,0,0,0.029,-0.015,-1.001,0.3,-0.6,0
155.5230154,0,0,19,0,0,0.029,-0.015,-1.001,0.3,-0.6,0
155.5330154,0,0,19,0,0,0.029,-0.015,-1.001,0.3,-0.6,0
155.5430154,0,0,19,0,0,0.028,-0.015,-1.002,0.3,-0.5,0
155.5530154,0,0,19,0,0,0.028,-0.015,-1.002,0.3,-0.5,0
155.5630154,0,0,19,0,0,0.028,-0.015,-1.002,0.3,-0.5,0
155.5730154,0,0,19,0,0,0.028,-0.015,-1.002,0.3,-0.5,0
155.5830154,0,0,19,0,0,0.028,-0.015,-1.002,0.3,-0.5,0
155.5930154,0,0,19,0,0,0.027,-0.015,-1.002,0.3,-0.5,0
155.6030154,0,0,19,0,0,0.027,-0.015,-1.002,0.3,-0.5,0
155.6130154,0,0,19,0,0,0.027,-0.015,-1.002,0.3,-0.5,0
155.6230154,0,0,19,0,0,0.027,-0.015,-1.002,0.3,-0.5,0
155.6330154,0,0,19,0,0,0.027,-0.015,-1.002,0.3,-0.5,0
155.6430154,0,0,19,0,0,0.028,-0.016,-1.001,0.3,-0.6,0
155.6530154,0,0,19,0,0,0.028,-0.016,-1.001,0.3,-0.6,0
155.6630154,0,0,19,0,0,0.028,-0.016,-1.001,0.3,-0.6,0
155.6730154,0,0,19,0,0,0.028,-0.016,-1.001,0.3,-0.6,0
155.6830154,0,0,19,0,0,0.028,-0.016,-1.001,0.3,-0.6,0
155.6930154,0,0.01,19,0,0,0.027,-0.015,-1.001,0.3,-0.6,0
155.7030154,0,0.01,19,0,0,0.027,-0.015,-1.001,0.3,-0.6,0
155.7130154,0,0.01,19,0,0,0.027,-0.015,-1.001,0.3,-0.6,0
155.7230154,0,0.01,19,0,0,0.027,-0.015,-1.001,0.3,-0.6,0
155.7330154,0,0.01,19,0,0,0.027,-0.015,-1.001,0.3,-0.6,0
155.7430154,0,0.01,19,0,0,0.029,-0.015,-1.001,0.3,-0.5,0
155.7530154,0,0.01,19,0,0,0.029,-0.015,-1.001,0.3,-0.5,0
155.7630154,0,0.01,19,0,0,0.029,-0.015,-1.001,0.3,-0.5,0
155.7730154,0,0.01,19,0,0,0.029,-0.015,-1.001,0.3,-0.5,0
155.7830154,0,0.01,19,0,0,0.029,-0.015,-1.001,0.3,-0.5,0
155.7930154,0,0,19,0,0,0.028,-0.016,-1.001,0.4,-0.5,0
155.8030154,0,0,19,0,0,0.028,-0.016,-1.001,0.4,-0.5,0
155.8130154,0,0,19,0,0,0.028,-0.016,-1.001,0.4,-0.5,0
155.8230154,0,0,19,0,0,0.028,-0.016,-1.001,0.4,-0.5,0
155.8330154,0,0,19,0,0,0.028,-0.016,-1.001,0.4,-0.5,0
155.8430154,0,0.01,19,0,0,0.028,-0.015,-1.001,0.3,-0.6,0
155.8530154,0,0.01,19,0,0,0.028,-0.015,-1.001,0.3,-0.6,0
155.8630154,0,0.01,19,0,0,0.028,-0.015,-1.001,0.3,-0.6,0
155.8730154,0,0.01,19,0,0,0.028,-0.015,-1.001,0.3,-0.6,0
155.8830154,0,0.01,19,0,0,0.028,-0.015,-1.001,0.3,-0.6,0
155.8930154,0,0,19,0,0,0.029,-0.015,-1.002,0.3,-0.5,0
155.9030154,0,0,19,0,0,0.029,-0.015,-1.002,0.3,-0.5,0
155.9130154,0,0,19,0,0,0.029,-0.015,-1.002,0.3,-0.5,0
155.9230154,0,0,19,0,0,0.029,-0.015,-1.002,0.3,-0.5,0
155.9330154,0,0,19,0,0,0.029,-0.015,-1.002,0.3,-0.5,0
155.9430154,0,0,19,0,0,0.029,-0.014,-1.002,0.3,-0.6,0
155.9530154,0,0,19,0,0,0.029,-0.014,-1.002,0.3,-0.6,0
155.9630154,0,0,19,0,0,0.029,-0.014,-1.002,0.3,-0.6,0
155.9730154,0,0,19,0,0,0.029,-0.014,-1.002,0.3,-0.6,0
155.9830154,0,0,19,0,0,0.029,-0.014,-1.002,0.3,-0.6,0
155.9930154,0,0,19,0,0,0.028,-0.015,-1.002,0.3,-0.6,0
156.0030154,0,0,19,0,0,0.028,-0.015,-1.002,0.3,-0.6,0
156.0130154,0,0,19,0,0,0.028,-0.015,-1.002,0.3,-0.6,0
156.0230154,0,0,19,0,0,0.028,-0.015,-1.002,0.3,-0.6,0
156.0330154,0,0,19,0,0,0.028,-0.015,-1.002,0.3,-0.6,0
156.0430154,0,0,19,0,0,0.028,-0.015,-1.002,0.3,-0.6,0
156.0530154,0,0,19,0,0,0.028,-0.015,-1.002,0.3,-0.6,0
156.0630154,0,0,19,0,0,0.028,-0.015,-1.002,0.3,-0.6,0
156.0730154,0,0,19,0,0,0.028,-0.015,-1.002,0.3,-0.6,0
156.0830154,0,0,19,0,0,0.028,-0.015,-1.002,0.3,-0.6,0
156.0930154,0,0.01,19,0,0,0.028,-0.016,-1.001,0.3,-0.5,0
156.103015399999,0,0.01,19,0,0,0.028,-0.016,-1.001,0.3,-0.5,0
156.1130154,0,0.01,19,0,0,0.028,-0.016,-1.001,0.3,-0.5,0
156.1230154,0,0.01,19,0,0,0.028,-0.016,-1.001,0.3,-0.5,0
156.133015399999,0,0.01,19,0,0,0.028,-0.016,-1.001,0.3,-0.5,0
156.143015399999,0,0,19,0,0,0.029,-0.015,-1.001,0.3,-0.6,0
156.153015399999,0,0,19,0,0,0.029,-0.015,-1.001,0.3,-0.6,0
156.163015399999,0,0,19,0,0,0.029,-0.015,-1.001,0.3,-0.6,0
156.173015399999,0,0,19,0,0,0.029,-0.015,-1.001,0.3,-0.6,0
156.183015399999,0,0,19,0,0,0.029,-0.015,-1.001,0.3,-0.6,0
156.193015399999,0,0,19,0,0,0.028,-0.015,-1.001,0.3,-0.6,0
156.203015399999,0,0,19,0,0,0.028,-0.015,-1.001,0.3,-0.6,0
156.213015399999,0,0,19,0,0,0.028,-0.015,-1.001,0.3,-0.6,0
156.223015399999,0,0,19,0,0,0.028,-0.015,-1.001,0.3,-0.6,0
156.233015399999,0,0,19,0,0,0.028,-0.015,-1.001,0.3,-0.6,0
156.243015399999,0,0,19,0,0,0.028,-0.015,-1.001,0.2,-0.6,0
156.253015399999,0,0,19,0,0,0.028,-0.015,-1.001,0.2,-0.6,0
156.263015399999,0,0,19,0,0,0.028,-0.015,-1.001,0.2,-0.6,0
156.273015399999,0,0,19,0,0,0.028,-0.015,-1.001,0.2,-0.6,0
156.283015399999,0,0,19,0,0,0.028,-0.015,-1.001,0.2,-0.6,0
156.293015399999,0,0,19,0,0,0.028,-0.016,-1.001,0.3,-0.6,0
156.303015399999,0,0,19,0,0,0.028,-0.016,-1.001,0.3,-0.6,0
156.313015399999,0,0,19,0,0,0.028,-0.016,-1.001,0.3,-0.6,0
156.323015399999,0,0,19,0,0,0.028,-0.016,-1.001,0.3,-0.6,0
156.333015399999,0,0,19,0,0,0.028,-0.016,-1.001,0.3,-0.6,0
156.343015399999,0,0,19,0,0,0.028,-0.015,-1.001,0.3,-0.5,0
156.353015399999,0,0,19,0,0,0.028,-0.015,-1.001,0.3,-0.5,0
156.363015399999,0,0,19,0,0,0.028,-0.015,-1.001,0.3,-0.5,0
156.373015399999,0,0,19,0,0,0.028,-0.015,-1.001,0.3,-0.5,0
156.383015399999,0,0,19,0,0,0.028,-0.015,-1.001,0.3,-0.5,0
156.393015399999,0,0.01,19,0,0,0.029,-0.014,-1.001,0.3,-0.5,0
156.403015399999,0,0.01,19,0,0,0.029,-0.014,-1.001,0.3,-0.5,0
156.413015399999,0,0.01,19,0,0,0.029,-0.014,-1.001,0.3,-0.5,0
156.423015399999,0,0.01,19,0,0,0.029,-0.014,-1.001,0.3,-0.5,0
156.433015399999,0,0.01,19,0,0,0.029,-0.014,-1.001,0.3,-0.5,0
156.443015399999,0,0,19,0,0,0.027,-0.014,-1.001,0.4,-0.6,0
156.453015399999,0,0,19,0,0,0.027,-0.014,-1.001,0.4,-0.6,0
156.463015399999,0,0,19,0,0,0.027,-0.014,-1.001,0.4,-0.6,0
156.473015399999,0,0,19,0,0,0.027,-0.014,-1.001,0.4,-0.6,0
156.483015399999,0,0,19,0,0,0.027,-0.014,-1.001,0.4,-0.6,0
156.493015399999,0,0,19,0,0,0.028,-0.016,-1.001,0.3,-0.6,0.1
156.503015399999,0,0,19,0,0,0.028,-0.016,-1.001,0.3,-0.6,0.1
156.513015399999,0,0,19,0,0,0.028,-0.016,-1.001,0.3,-0.6,0.1
156.523015399999,0,0,19,0,0,0.028,-0.016,-1.001,0.3,-0.6,0.1
156.533015399999,0,0,19,0,0,0.028,-0.016,-1.001,0.3,-0.6,0.1
156.543015399999,0,0,19,0,0,0.028,-0.015,-1.001,0.3,-0.6,0
156.553015399999,0,0,19,0,0,0.028,-0.015,-1.001,0.3,-0.6,0
156.563015399999,0,0,19,0,0,0.028,-0.015,-1.001,0.3,-0.6,0
156.573015399999,0,0,19,0,0,0.028,-0.015,-1.001,0.3,-0.6,0
156.583015399999,0,0,19,0,0,0.028,-0.015,-1.001,0.3,-0.6,0
156.593015399999,0,0,19,0,0,0.028,-0.015,-1.002,0.3,-0.6,0
156.603015399999,0,0,19,0,0,0.028,-0.015,-1.002,0.3,-0.6,0
156.613015399999,0,0,19,0,0,0.028,-0.015,-1.002,0.3,-0.6,0
156.623015399999,0,0,19,0,0,0.028,-0.015,-1.002,0.3,-0.6,0
156.633015399999,0,0,19,0,0,0.028,-0.015,-1.002,0.3,-0.6,0
156.643015399999,0,0,19,0,0,0.028,-0.016,-1.001,0.3,-0.6,0
156.653015399999,0,0,19,0,0,0.028,-0.016,-1.001,0.3,-0.6,0
156.663015399999,0,0,19,0,0,0.028,-0.016,-1.001,0.3,-0.6,0
156.673015399999,0,0,19,0,0,0.028,-0.016,-1.001,0.3,-0.6,0
156.683015399999,0,0,19,0,0,0.028,-0.016,-1.001,0.3,-0.6,0
156.693015399999,0,0,19,0,0,0.028,-0.014,-1.002,0.4,-0.6,0
156.703015399999,0,0,19,0,0,0.028,-0.014,-1.002,0.4,-0.6,0
156.713015399999,0,0,19,0,0,0.028,-0.014,-1.002,0.4,-0.6,0
156.723015399999,0,0,19,0,0,0.028,-0.014,-1.002,0.4,-0.6,0
156.733015399999,0,0,19,0,0,0.028,-0.014,-1.002,0.4,-0.6,0
156.743015399999,0,0.01,19,0,0,0.029,-0.015,-1.001,0.2,-0.6,0
156.753015399999,0,0.01,19,0,0,0.029,-0.015,-1.001,0.2,-0.6,0
156.763015399999,0,0.01,19,0,0,0.029,-0.015,-1.001,0.2,-0.6,0
156.773015399999,0,0.01,19,0,0,0.029,-0.015,-1.001,0.2,-0.6,0
156.783015399999,0,0.01,19,0,0,0.029,-0.015,-1.001,0.2,-0.6,0
156.793015399999,0,0.01,19,0,0,0.028,-0.015,-1.001,0.3,-0.4,0
156.803015399999,0,0.01,19,0,0,0.028,-0.015,-1.001,0.3,-0.4,0
156.813015399999,0,0.01,19,0,0,0.028,-0.015,-1.001,0.3,-0.4,0
156.823015399999,0,0.01,19,0,0,0.028,-0.015,-1.001,0.3,-0.4,0
156.833015399999,0,0.01,19,0,0,0.028,-0.015,-1.001,0.3,-0.4,0
156.843015399999,0,0,19,0,0,0.027,-0.014,-1,0.3,-0.5,0.1
156.853015399999,0,0,19,0,0,0.027,-0.014,-1,0.3,-0.5,0.1
156.863015399999,0,0,19,0,0,0.027,-0.014,-1,0.3,-0.5,0.1
156.873015399999,0,0,19,0,0,0.027,-0.014,-1,0.3,-0.5,0.1
156.883015399999,0,0,19,0,0,0.027,-0.014,-1,0.3,-0.5,0.1
156.893015399999,0,0,19,0,0,0.027,-0.015,-1,0.3,-0.6,0
156.903015399999,0,0,19,0,0,0.027,-0.015,-1,0.3,-0.6,0
156.913015399999,0,0,19,0,0,0.027,-0.015,-1,0.3,-0.6,0
156.923015399999,0,0,19,0,0,0.027,-0.015,-1,0.3,-0.6,0
156.933015399999,0,0,19,0,0,0.027,-0.015,-1,0.3,-0.6,0
156.943015399999,0,0,19,0,0,0.029,-0.016,-1.001,0.3,-0.6,0
156.953015399999,0,0,19,0,0,0.029,-0.016,-1.001,0.3,-0.6,0
156.963015399999,0,0,19,0,0,0.029,-0.016,-1.001,0.3,-0.6,0
156.973015399999,0,0,19,0,0,0.029,-0.016,-1.001,0.3,-0.6,0
156.983015399999,0,0,19,0,0,0.029,-0.016,-1.001,0.3,-0.6,0
156.993015399999,0,0,19,0,0,0.027,-0.015,-1.001,0.3,-0.6,0
157.003015399999,0,0,19,0,0,0.027,-0.015,-1.001,0.3,-0.6,0
157.013015399999,0,0,19,0,0,0.027,-0.015,-1.001,0.3,-0.6,0
157.023015399999,0,0,19,0,0,0.027,-0.015,-1.001,0.3,-0.6,0
157.033015399999,0,0,19,0,0,0.027,-0.015,-1.001,0.3,-0.6,0
157.043015399999,0,0,19,0,0,0.029,-0.015,-1,0.3,-0.6,0
157.053015399999,0,0,19,0,0,0.029,-0.015,-1,0.3,-0.6,0
157.063015399999,0,0,19,0,0,0.029,-0.015,-1,0.3,-0.6,0
157.073015399999,0,0,19,0,0,0.029,-0.015,-1,0.3,-0.6,0
157.083015399999,0,0,19,0,0,0.029,-0.015,-1,0.3,-0.6,0
157.093015399999,0,0,19,0,0,0.027,-0.015,-1.001,0.3,-0.6,0
157.103015399999,0,0,19,0,0,0.027,-0.015,-1.001,0.3,-0.6,0
157.113015399999,0,0,19,0,0,0.027,-0.015,-1.001,0.3,-0.6,0
157.123015399999,0,0,19,0,0,0.027,-0.015,-1.001,0.3,-0.6,0
157.133015399999,0,0,19,0,0,0.027,-0.015,-1.001,0.3,-0.6,0
157.143015399999,0,0,19,0,0,0.028,-0.015,-1.002,0.3,-0.6,0
157.153015399999,0,0,19,0,0,0.028,-0.015,-1.002,0.3,-0.6,0
157.163015399999,0,0,19,0,0,0.028,-0.015,-1.002,0.3,-0.6,0
157.173015399999,0,0,19,0,0,0.028,-0.015,-1.002,0.3,-0.6,0
157.183015399999,0,0,19,0,0,0.028,-0.015,-1.002,0.3,-0.6,0
157.193015399999,0,0,19,0,0,0.028,-0.015,-1.001,0.3,-0.6,0
157.203015399999,0,0,19,0,0,0.028,-0.015,-1.001,0.3,-0.6,0
157.213015399999,0,0,19,0,0,0.028,-0.015,-1.001,0.3,-0.6,0
157.223015399999,0,0,19,0,0,0.028,-0.015,-1.001,0.3,-0.6,0
157.233015399999,0,0,19,0,0,0.028,-0.015,-1.001,0.3,-0.6,0
157.243015399999,0,0,19,0,0,0.028,-0.015,-1,0.3,-0.6,0
157.253015399999,0,0,19,0,0,0.028,-0.015,-1,0.3,-0.6,0
157.263015399999,0,0,19,0,0,0.028,-0.015,-1,0.3,-0.6,0
157.273015399999,0,0,19,0,0,0.028,-0.015,-1,0.3,-0.6,0
157.283015399999,0,0,19,0,0,0.028,-0.015,-1,0.3,-0.6,0
157.293015399999,0,0,19,0,0,0.028,-0.016,-1.001,0.3,-0.6,0
157.303015399999,0,0,19,0,0,0.028,-0.016,-1.001,0.3,-0.6,0
157.313015399999,0,0,19,0,0,0.028,-0.016,-1.001,0.3,-0.6,0
157.323015399999,0,0,19,0,0,0.028,-0.016,-1.001,0.3,-0.6,0
157.333015399999,0,0,19,0,0,0.028,-0.016,-1.001,0.3,-0.6,0
157.343015399999,0,0,19,0,0,0.028,-0.015,-1.001,0.3,-0.6,0
157.353015399999,0,0,19,0,0,0.028,-0.015,-1.001,0.3,-0.6,0
157.363015399999,0,0,19,0,0,0.028,-0.015,-1.001,0.3,-0.6,0
157.373015399999,0,0,19,0,0,0.028,-0.015,-1.001,0.3,-0.6,0
157.383015399999,0,0,19,0,0,0.028,-0.015,-1.001,0.3,-0.6,0
157.393015399999,0,0,19,0,0,0.028,-0.015,-1.002,0.3,-0.6,0
157.403015399999,0,0,19,0,0,0.028,-0.015,-1.002,0.3,-0.6,0
157.413015399999,0,0,19,0,0,0.028,-0.015,-1.002,0.3,-0.6,0
157.423015399999,0,0,19,0,0,0.028,-0.015,-1.002,0.3,-0.6,0
157.433015399999,0,0,19,0,0,0.028,-0.015,-1.002,0.3,-0.6,0
157.443015399999,0,0,19,0,0,0.028,-0.015,-1,0.3,-0.6,0
157.453015399999,0,0,19,0,0,0.028,-0.015,-1,0.3,-0.6,0
157.463015399999,0,0,19,0,0,0.028,-0.015,-1,0.3,-0.6,0
157.473015399999,0,0,19,0,0,0.028,-0.015,-1,0.3,-0.6,0
157.483015399999,0,0,19,0,0,0.028,-0.015,-1,0.3,-0.6,0
157.493015399999,0,0,19,0,0,0.028,-0.015,-1.001,0.3,-0.6,0
157.503015399999,0,0,19,0,0,0.028,-0.015,-1.001,0.3,-0.6,0
157.513015399999,0,0,19,0,0,0.028,-0.015,-1.001,0.3,-0.6,0
157.523015399999,0,0,19,0,0,0.028,-0.015,-1.001,0.3,-0.6,0
157.533015399999,0,0,19,0,0,0.028,-0.015,-1.001,0.3,-0.6,0
157.543015399999,0,0,19,0,0,0.028,-0.014,-1.001,0.3,-0.5,0
157.553015399999,0,0,19,0,0,0.028,-0.014,-1.001,0.3,-0.5,0
157.563015399999,0,0,19,0,0,0.028,-0.014,-1.001,0.3,-0.5,0
157.573015399999,0,0,19,0,0,0.028,-0.014,-1.001,0.3,-0.5,0
157.583015399999,0,0,19,0,0,0.028,-0.014,-1.001,0.3,-0.5,0
157.593015399999,0,0,19,0,0,0.029,-0.016,-1.001,0.3,-0.6,0
157.603015399999,0,0,19,0,0,0.029,-0.016,-1.001,0.3,-0.6,0
157.613015399999,0,0,19,0,0,0.029,-0.016,-1.001,0.3,-0.6,0
157.623015399999,0,0,19,0,0,0.029,-0.016,-1.001,0.3,-0.6,0
157.633015399999,0,0,19,0,0,0.029,-0.016,-1.001,0.3,-0.6,0
157.643015399999,0,0,19,0,0,0.029,-0.015,-1.001,0.3,-0.6,0
157.653015399999,0,0,19,0,0,0.029,-0.015,-1.001,0.3,-0.6,0
157.663015399999,0,0,19,0,0,0.029,-0.015,-1.001,0.3,-0.6,0
157.673015399999,0,0,19,0,0,0.029,-0.015,-1.001,0.3,-0.6,0
157.683015399999,0,0,19,0,0,0.029,-0.015,-1.001,0.3,-0.6,0
157.693015399999,0,0,19,0,0,0.028,-0.015,-1.002,0.3,-0.6,0
157.703015399999,0,0,19,0,0,0.028,-0.015,-1.002,0.3,-0.6,0
157.713015399999,0,0,19,0,0,0.028,-0.015,-1.002,0.3,-0.6,0
157.723015399999,0,0,19,0,0,0.028,-0.015,-1.002,0.3,-0.6,0
157.733015399999,0,0,19,0,0,0.028,-0.015,-1.002,0.3,-0.6,0
157.743015399999,0,0,19,0,0,0.029,-0.014,-1.001,0.3,-0.6,0.1
157.753015399999,0,0,19,0,0,0.029,-0.014,-1.001,0.3,-0.6,0.1
157.763015399999,0,0,19,0,0,0.029,-0.014,-1.001,0.3,-0.6,0.1
157.773015399999,0,0,19,0,0,0.029,-0.014,-1.001,0.3,-0.6,0.1
157.783015399999,0,0,19,0,0,0.029,-0.014,-1.001,0.3,-0.6,0.1
157.793015399999,0,0,19,0,0,0.027,-0.015,-1.001,0.3,-0.6,0
157.803015399999,0,0,19,0,0,0.027,-0.015,-1.001,0.3,-0.6,0
157.813015399999,0,0,19,0,0,0.027,-0.015,-1.001,0.3,-0.6,0
157.823015399999,0,0,19,0,0,0.027,-0.015,-1.001,0.3,-0.6,0
157.833015399999,0,0,19,0,0,0.027,-0.015,-1.001,0.3,-0.6,0
157.843015399999,0,0,19,0,0,0.028,-0.015,-1.001,0.3,-0.6,0
157.853015399999,0,0,19,0,0,0.028,-0.015,-1.001,0.3,-0.6,0
157.863015399999,0,0,19,0,0,0.028,-0.015,-1.001,0.3,-0.6,0
157.873015399999,0,0,19,0,0,0.028,-0.015,-1.001,0.3,-0.6,0
157.883015399999,0,0,19,0,0,0.028,-0.015,-1.001,0.3,-0.6,0
157.893015399999,0,0,19,0,0,0.029,-0.014,-1.001,0.2,-0.4,0.1
157.903015399999,0,0,19,0,0,0.029,-0.014,-1.001,0.2,-0.4,0.1
157.913015399999,0,0,19,0,0,0.029,-0.014,-1.001,0.2,-0.4,0.1
157.923015399999,0,0,19,0,0,0.029,-0.014,-1.001,0.2,-0.4,0.1
157.933015399999,0,0,19,0,0,0.029,-0.014,-1.001,0.2,-0.4,0.1
157.943015399999,0,0,19,0,0,0.029,-0.015,-1.001,0.3,-0.6,0
157.953015399999,0,0,19,0,0,0.029,-0.015,-1.001,0.3,-0.6,0
157.963015399999,0,0,19,0,0,0.029,-0.015,-1.001,0.3,-0.6,0
157.973015399999,0,0,19,0,0,0.029,-0.015,-1.001,0.3,-0.6,0
157.983015399999,0,0,19,0,0,0.029,-0.015,-1.001,0.3,-0.6,0
157.993015399999,0,0,19,0,0,0.028,-0.015,-1.001,0.3,-0.5,0
158.003015399999,0,0,19,0,0,0.028,-0.015,-1.001,0.3,-0.5,0
158.013015399999,0,0,19,0,0,0.028,-0.015,-1.001,0.3,-0.5,0
158.023015399999,0,0,19,0,0,0.028,-0.015,-1.001,0.3,-0.5,0
158.033015399999,0,0,19,0,0,0.028,-0.015,-1.001,0.3,-0.5,0
158.043015399999,0,0,19,0,0,0.028,-0.016,-1.001,0.3,-0.6,0
158.053015399999,0,0,19,0,0,0.028,-0.016,-1.001,0.3,-0.6,0
158.063015399999,0,0,19,0,0,0.028,-0.016,-1.001,0.3,-0.6,0
158.073015399999,0,0,19,0,0,0.028,-0.016,-1.001,0.3,-0.6,0
158.083015399999,0,0,19,0,0,0.028,-0.016,-1.001,0.3,-0.6,0
158.093015399999,0,0,19,0,0,0.027,-0.014,-1.001,0.3,-0.6,0
158.103015399999,0,0,19,0,0,0.027,-0.014,-1.001,0.3,-0.6,0
158.113015399999,0,0,19,0,0,0.027,-0.014,-1.001,0.3,-0.6,0
158.123015399999,0,0,19,0,0,0.027,-0.014,-1.001,0.3,-0.6,0
158.133015399999,0,0,19,0,0,0.027,-0.014,-1.001,0.3,-0.6,0
158.143015399999,0,0,19,0,0,0.028,-0.014,-1,0.3,-0.6,0
158.153015399999,0,0,19,0,0,0.028,-0.014,-1,0.3,-0.6,0
158.163015399999,0,0,19,0,0,0.028,-0.014,-1,0.3,-0.6,0
158.173015399999,0,0,19,0,0,0.028,-0.014,-1,0.3,-0.6,0
158.183015399999,0,0,19,0,0,0.028,-0.014,-1,0.3,-0.6,0
158.193015399999,0,0.01,19,0,0,0.028,-0.015,-1.002,0.3,-0.6,0
158.203015399999,0,0.01,19,0,0,0.028,-0.015,-1.002,0.3,-0.6,0
158.213015399999,0,0.01,19,0,0,0.028,-0.015,-1.002,0.3,-0.6,0
158.223015399999,0,0.01,19,0,0,0.028,-0.015,-1.002,0.3,-0.6,0
158.233015399999,0,0.01,19,0,0,0.028,-0.015,-1.002,0.3,-0.6,0
158.243015399999,0,0,19,0,0,0.028,-0.015,-1.001,0.3,-0.6,0
158.253015399999,0,0,19,0,0,0.028,-0.015,-1.001,0.3,-0.6,0
158.263015399999,0,0,19,0,0,0.028,-0.015,-1.001,0.3,-0.6,0
158.273015399999,0,0,19,0,0,0.028,-0.015,-1.001,0.3,-0.6,0
158.283015399999,0,0,19,0,0,0.028,-0.015,-1.001,0.3,-0.6,0
158.293015399999,0,0.01,19,0,0,0.028,-0.014,-1,0.2,-0.6,0
158.303015399999,0,0.01,19,0,0,0.028,-0.014,-1,0.2,-0.6,0
158.313015399999,0,0.01,19,0,0,0.028,-0.014,-1,0.2,-0.6,0
158.323015399999,0,0.01,19,0,0,0.028,-0.014,-1,0.2,-0.6,0
158.333015399999,0,0.01,19,0,0,0.028,-0.014,-1,0.2,-0.6,0
158.343015399999,0,0,19,0,0,0.028,-0.016,-1.001,0.3,-0.6,0
158.353015399999,0,0,19,0,0,0.028,-0.016,-1.001,0.3,-0.6,0
158.363015399999,0,0,19,0,0,0.028,-0.016,-1.001,0.3,-0.6,0
158.373015399999,0,0,19,0,0,0.028,-0.016,-1.001,0.3,-0.6,0
158.383015399999,0,0,19,0,0,0.028,-0.016,-1.001,0.3,-0.6,0
158.393015399999,0,0,19,0,0,0.028,-0.015,-1.001,0.3,-0.6,0
158.403015399999,0,0,19,0,0,0.028,-0.015,-1.001,0.3,-0.6,0
158.413015399999,0,0,19,0,0,0.028,-0.015,-1.001,0.3,-0.6,0
158.423015399999,0,0,19,0,0,0.028,-0.015,-1.001,0.3,-0.6,0
158.433015399999,0,0,19,0,0,0.028,-0.015,-1.001,0.3,-0.6,0
158.443015399999,0,0,19,0,0,0.028,-0.015,-1.001,0.2,-0.6,0
158.453015399999,0,0,19,0,0,0.028,-0.015,-1.001,0.2,-0.6,0
158.463015399999,0,0,19,0,0,0.028,-0.015,-1.001,0.2,-0.6,0
158.473015399999,0,0,19,0,0,0.028,-0.015,-1.001,0.2,-0.6,0
158.483015399999,0,0,19,0,0,0.028,-0.015,-1.001,0.2,-0.6,0
158.493015399999,0,0.01,19,0,0,0.029,-0.015,-1.001,0.3,-0.6,0.1
158.503015399999,0,0.01,19,0,0,0.029,-0.015,-1.001,0.3,-0.6,0.1
158.513015399999,0,0.01,19,0,0,0.029,-0.015,-1.001,0.3,-0.6,0.1
158.523015399999,0,0.01,19,0,0,0.029,-0.015,-1.001,0.3,-0.6,0.1
158.533015399999,0,0.01,19,0,0,0.029,-0.015,-1.001,0.3,-0.6,0.1
158.543015399999,0,0,19,0,0,0.028,-0.014,-1.001,0.3,-0.6,0
158.553015399999,0,0,19,0,0,0.028,-0.014,-1.001,0.3,-0.6,0
158.563015399999,0,0,19,0,0,0.028,-0.014,-1.001,0.3,-0.6,0
158.573015399999,0,0,19,0,0,0.028,-0.014,-1.001,0.3,-0.6,0
158.583015399999,0,0,19,0,0,0.028,-0.014,-1.001,0.3,-0.6,0
158.593015399999,0,0,19,0,0,0.028,-0.015,-1.001,0.3,-0.6,0
158.603015399999,0,0,19,0,0,0.028,-0.015,-1.001,0.3,-0.6,0
158.613015399999,0,0,19,0,0,0.028,-0.015,-1.001,0.3,-0.6,0
158.623015399999,0,0,19,0,0,0.028,-0.015,-1.001,0.3,-0.6,0
158.633015399999,0,0,19,0,0,0.028,-0.015,-1.001,0.3,-0.6,0
158.643015399999,0,0.01,19,0,0,0.028,-0.015,-1.001,0.3,-0.6,0
158.653015399999,0,0.01,19,0,0,0.028,-0.015,-1.001,0.3,-0.6,0
158.663015399999,0,0.01,19,0,0,0.028,-0.015,-1.001,0.3,-0.6,0
158.673015399999,0,0.01,19,0,0,0.028,-0.015,-1.001,0.3,-0.6,0
158.683015399999,0,0.01,19,0,0,0.028,-0.015,-1.001,0.3,-0.6,0
158.693015399999,0,0,19,0,0,0.028,-0.015,-1.001,0.3,-0.6,0.1
158.703015399999,0,0,19,0,0,0.028,-0.015,-1.001,0.3,-0.6,0.1
158.713015399999,0,0,19,0,0,0.028,-0.015,-1.001,0.3,-0.6,0.1
158.723015399999,0,0,19,0,0,0.028,-0.015,-1.001,0.3,-0.6,0.1
158.733015399999,0,0,19,0,0,0.028,-0.015,-1.001,0.3,-0.6,0.1
158.743015399999,0,0,19,0,0,0.028,-0.016,-1.001,0.4,-0.5,0
158.753015399999,0,0,19,0,0,0.028,-0.016,-1.001,0.4,-0.5,0
158.763015399999,0,0,19,0,0,0.028,-0.016,-1.001,0.4,-0.5,0
158.773015399999,0,0,19,0,0,0.028,-0.016,-1.001,0.4,-0.5,0
158.783015399999,0,0,19,0,0,0.028,-0.016,-1.001,0.4,-0.5,0
158.793015399999,0,0,19,0,0,0.028,-0.014,-1.001,0.3,-0.6,0
158.803015399999,0,0,19,0,0,0.028,-0.014,-1.001,0.3,-0.6,0
158.813015399999,0,0,19,0,0,0.028,-0.014,-1.001,0.3,-0.6,0
158.823015399999,0,0,19,0,0,0.028,-0.014,-1.001,0.3,-0.6,0
158.833015399999,0,0,19,0,0,0.028,-0.014,-1.001,0.3,-0.6,0
158.843015399999,0,0,19,0,0,0.028,-0.016,-1.001,0.3,-0.4,0
158.853015399999,0,0,19,0,0,0.028,-0.016,-1.001,0.3,-0.4,0
158.863015399999,0,0,19,0,0,0.028,-0.016,-1.001,0.3,-0.4,0
158.873015399999,0,0,19,0,0,0.028,-0.016,-1.001,0.3,-0.4,0
158.883015399999,0,0,19,0,0,0.028,-0.016,-1.001,0.3,-0.4,0
158.893015399999,0,0,19,0,0,0.028,-0.013,-1.002,0.3,-0.6,0
158.903015399999,0,0,19,0,0,0.028,-0.013,-1.002,0.3,-0.6,0
158.913015399999,0,0,19,0,0,0.028,-0.013,-1.002,0.3,-0.6,0
158.923015399999,0,0,19,0,0,0.028,-0.013,-1.002,0.3,-0.6,0
158.933015399999,0,0,19,0,0,0.028,-0.013,-1.002,0.3,-0.6,0
158.943015399999,0,0,19,0,0,0.029,-0.014,-1,0.2,-0.6,0.1
158.953015399999,0,0,19,0,0,0.029,-0.014,-1,0.2,-0.6,0.1
158.963015399999,0,0,19,0,0,0.029,-0.014,-1,0.2,-0.6,0.1
158.973015399999,0,0,19,0,0,0.029,-0.014,-1,0.2,-0.6,0.1
158.983015399999,0,0,19,0,0,0.029,-0.014,-1,0.2,-0.6,0.1
158.993015399999,0,0,19,0,0,0.028,-0.015,-1.002,0.3,-0.6,0
159.003015399999,0,0,19,0,0,0.028,-0.015,-1.002,0.3,-0.6,0
159.013015399999,0,0,19,0,0,0.028,-0.015,-1.002,0.3,-0.6,0
159.023015399999,0,0,19,0,0,0.028,-0.015,-1.002,0.3,-0.6,0
159.033015399999,0,0,19,0,0,0.028,-0.015,-1.002,0.3,-0.6,0
159.043015399998,0,0,19,0,0,0.028,-0.016,-1.002,0.3,-0.6,0
159.053015399998,0,0,19,0,0,0.028,-0.016,-1.002,0.3,-0.6,0
159.063015399999,0,0,19,0,0,0.028,-0.016,-1.002,0.3,-0.6,0
159.073015399998,0,0,19,0,0,0.028,-0.016,-1.002,0.3,-0.6,0
159.083015399998,0,0,19,0,0,0.028,-0.016,-1.002,0.3,-0.6,0
159.093015399998,0,0.01,19,0,0,0.028,-0.015,-1.002,0.3,-0.6,0
159.103015399998,0,0.01,19,0,0,0.028,-0.015,-1.002,0.3,-0.6,0
159.113015399998,0,0.01,19,0,0,0.028,-0.015,-1.002,0.3,-0.6,0
159.123015399998,0,0.01,19,0,0,0.028,-0.015,-1.002,0.3,-0.6,0
159.133015399998,0,0.01,19,0,0,0.028,-0.015,-1.002,0.3,-0.6,0
159.143015399998,0,0,19,0,0,0.028,-0.015,-1.001,0.3,-0.6,0
159.153015399998,0,0,19,0,0,0.028,-0.015,-1.001,0.3,-0.6,0
159.163015399998,0,0,19,0,0,0.028,-0.015,-1.001,0.3,-0.6,0
159.173015399998,0,0,19,0,0,0.028,-0.015,-1.001,0.3,-0.6,0
159.183015399998,0,0,19,0,0,0.028,-0.015,-1.001,0.3,-0.6,0
159.193015399998,0,0,19,0,0,0.029,-0.014,-1.002,0.2,-0.6,0
159.203015399998,0,0,19,0,0,0.029,-0.014,-1.002,0.2,-0.6,0
159.213015399998,0,0,19,0,0,0.029,-0.014,-1.002,0.2,-0.6,0
159.223015399998,0,0,19,0,0,0.029,-0.014,-1.002,0.2,-0.6,0
159.233015399998,0,0,19,0,0,0.029,-0.014,-1.002,0.2,-0.6,0
159.243015399998,0,0,19,0,0,0.028,-0.015,-1,0.3,-0.6,0.1
159.253015399998,0,0,19,0,0,0.028,-0.015,-1,0.3,-0.6,0.1
159.263015399998,0,0,19,0,0,0.028,-0.015,-1,0.3,-0.6,0.1
159.273015399998,0,0,19,0,0,0.028,-0.015,-1,0.3,-0.6,0.1
159.283015399998,0,0,19,0,0,0.028,-0.015,-1,0.3,-0.6,0.1
159.293015399998,0,0,19,0,0,0.027,-0.015,-1.001,0.3,-0.6,0
159.303015399998,0,0,19,0,0,0.027,-0.015,-1.001,0.3,-0.6,0
159.313015399998,0,0,19,0,0,0.027,-0.015,-1.001,0.3,-0.6,0
159.323015399998,0,0,19,0,0,0.027,-0.015,-1.001,0.3,-0.6,0
159.333015399998,0,0,19,0,0,0.027,-0.015,-1.001,0.3,-0.6,0
159.343015399998,0,0,19,0,0,0.029,-0.014,-1,0.3,-0.6,0
159.353015399998,0,0,19,0,0,0.029,-0.014,-1,0.3,-0.6,0
159.363015399998,0,0,19,0,0,0.029,-0.014,-1,0.3,-0.6,0
159.373015399998,0,0,19,0,0,0.029,-0.014,-1,0.3,-0.6,0
159.383015399998,0,0,19,0,0,0.029,-0.014,-1,0.3,-0.6,0
159.393015399998,0,0,19,0,0,0.029,-0.015,-1,0.3,-0.6,0
159.403015399998,0,0,19,0,0,0.029,-0.015,-1,0.3,-0.6,0
159.413015399998,0,0,19,0,0,0.029,-0.015,-1,0.3,-0.6,0
159.423015399998,0,0,19,0,0,0.029,-0.015,-1,0.3,-0.6,0
159.433015399998,0,0,19,0,0,0.029,-0.015,-1,0.3,-0.6,0
159.443015399998,0,0,19,0,0,0.027,-0.016,-1.003,0.3,-0.6,0.1
159.453015399998,0,0,19,0,0,0.027,-0.016,-1.003,0.3,-0.6,0.1
159.463015399998,0,0,19,0,0,0.027,-0.016,-1.003,0.3,-0.6,0.1
159.473015399998,0,0,19,0,0,0.027,-0.016,-1.003,0.3,-0.6,0.1
159.483015399998,0,0,19,0,0,0.027,-0.016,-1.003,0.3,-0.6,0.1
159.493015399998,0,0,19,0,0,0.029,-0.014,-1,0.3,-0.6,0
159.503015399998,0,0,19,0,0,0.029,-0.014,-1,0.3,-0.6,0
159.513015399998,0,0,19,0,0,0.029,-0.014,-1,0.3,-0.6,0
159.523015399998,0,0,19,0,0,0.029,-0.014,-1,0.3,-0.6,0
159.533015399998,0,0,19,0,0,0.029,-0.014,-1,0.3,-0.6,0
159.543015399998,0,0,19,0,0,0.028,-0.015,-1.002,0.3,-0.5,0
159.553015399998,0,0,19,0,0,0.028,-0.015,-1.002,0.3,-0.5,0
159.563015399998,0,0,19,0,0,0.028,-0.015,-1.002,0.3,-0.5,0
159.573015399998,0,0,19,0,0,0.028,-0.015,-1.002,0.3,-0.5,0
159.583015399998,0,0,19,0,0,0.028,-0.015,-1.002,0.3,-0.5,0
159.593015399998,0,0,19,0,0,0.029,-0.016,-1.002,0.3,-0.6,0
159.603015399998,0,0,19,0,0,0.029,-0.016,-1.002,0.3,-0.6,0
159.613015399998,0,0,19,0,0,0.029,-0.016,-1.002,0.3,-0.6,0
159.623015399998,0,0,19,0,0,0.029,-0.016,-1.002,0.3,-0.6,0
159.633015399998,0,0,19,0,0,0.029,-0.016,-1.002,0.3,-0.6,0
159.643015399998,0,0,19,0,0,0.028,-0.013,-1.002,0.3,-0.6,0
159.653015399998,0,0,19,0,0,0.028,-0.013,-1.002,0.3,-0.6,0
159.663015399998,0,0,19,0,0,0.028,-0.013,-1.002,0.3,-0.6,0
159.673015399998,0,0,19,0,0,0.028,-0.013,-1.002,0.3,-0.6,0
159.683015399998,0,0,19,0,0,0.028,-0.013,-1.002,0.3,-0.6,0
159.693015399998,0,0,19,0,0,0.029,-0.015,-1.001,0.3,-0.6,0
159.703015399998,0,0,19,0,0,0.029,-0.015,-1.001,0.3,-0.6,0
159.713015399998,0,0,19,0,0,0.029,-0.015,-1.001,0.3,-0.6,0
159.723015399998,0,0,19,0,0,0.029,-0.015,-1.001,0.3,-0.6,0
159.733015399998,0,0,19,0,0,0.029,-0.015,-1.001,0.3,-0.6,0
159.743015399998,0,0,19,0,0,0.028,-0.015,-1.002,0.3,-0.6,0
159.753015399998,0,0,19,0,0,0.028,-0.015,-1.002,0.3,-0.6,0
159.763015399998,0,0,19,0,0,0.028,-0.015,-1.002,0.3,-0.6,0
159.773015399998,0,0,19,0,0,0.028,-0.015,-1.002,0.3,-0.6,0
159.783015399998,0,0,19,0,0,0.028,-0.015,-1.002,0.3,-0.6,0
159.793015399998,0,0,19,0,0,0.028,-0.014,-1.001,0.3,-0.6,0
159.803015399998,0,0,19,0,0,0.028,-0.014,-1.001,0.3,-0.6,0
159.813015399998,0,0,19,0,0,0.028,-0.014,-1.001,0.3,-0.6,0
159.823015399998,0,0,19,0,0,0.028,-0.014,-1.001,0.3,-0.6,0
159.833015399998,0,0,19,0,0,0.028,-0.014,-1.001,0.3,-0.6,0
159.843015399998,0,0,19,0,0,0.028,-0.015,-1.002,0.3,-0.6,0
159.853015399998,0,0,19,0,0,0.028,-0.015,-1.002,0.3,-0.6,0
159.863015399998,0,0,19,0,0,0.028,-0.015,-1.002,0.3,-0.6,0
159.873015399998,0,0,19,0,0,0.028,-0.015,-1.002,0.3,-0.6,0
159.883015399998,0,0,19,0,0,0.028,-0.015,-1.002,0.3,-0.6,0
159.893015399998,0,0.01,19,0,0,0.029,-0.014,-1.001,0.3,-0.6,0.1
159.903015399998,0,0.01,19,0,0,0.029,-0.014,-1.001,0.3,-0.6,0.1
159.913015399998,0,0.01,19,0,0,0.029,-0.014,-1.001,0.3,-0.6,0.1
159.923015399998,0,0.01,19,0,0,0.029,-0.014,-1.001,0.3,-0.6,0.1
159.933015399998,0,0.01,19,0,0,0.029,-0.014,-1.001,0.3,-0.6,0.1
159.943015399998,0,0,19,0,0,0.028,-0.015,-1.002,0.3,-0.6,0
159.953015399998,0,0,19,0,0,0.028,-0.015,-1.002,0.3,-0.6,0
159.963015399998,0,0,19,0,0,0.028,-0.015,-1.002,0.3,-0.6,0
159.973015399998,0,0,19,0,0,0.028,-0.015,-1.002,0.3,-0.6,0
159.983015399998,0,0,19,0,0,0.028,-0.015,-1.002,0.3,-0.6,0
159.993015399998,0,0,19,0,0,0.028,-0.015,-1.001,0.3,-0.5,0
160.003015399998,0,0,19,0,0,0.028,-0.015,-1.001,0.3,-0.5,0
160.013015399998,0,0,19,0,0,0.028,-0.015,-1.001,0.3,-0.5,0
160.023015399998,0,0,19,0,0,0.028,-0.015,-1.001,0.3,-0.5,0
160.033015399998,0,0,19,0,0,0.028,-0.015,-1.001,0.3,-0.5,0
160.043015399998,0,0.01,19,0,0,0.028,-0.014,-1.001,0.3,-0.6,0
160.053015399998,0,0.01,19,0,0,0.028,-0.014,-1.001,0.3,-0.6,0
160.063015399998,0,0.01,19,0,0,0.028,-0.014,-1.001,0.3,-0.6,0
160.073015399998,0,0.01,19,0,0,0.028,-0.014,-1.001,0.3,-0.6,0
160.083015399998,0,0.01,19,0,0,0.028,-0.014,-1.001,0.3,-0.6,0
160.093015399998,0,0,19,0,0,0.028,-0.015,-1.001,0.3,-0.6,0
160.103015399998,0,0,19,0,0,0.028,-0.015,-1.001,0.3,-0.6,0
160.113015399998,0,0,19,0,0,0.028,-0.015,-1.001,0.3,-0.6,0
160.123015399998,0,0,19,0,0,0.028,-0.015,-1.001,0.3,-0.6,0
160.133015399998,0,0,19,0,0,0.028,-0.015,-1.001,0.3,-0.6,0
160.143015399998,0,0,19,0,0,0.029,-0.015,-1.002,0.3,-0.6,0
160.153015399998,0,0,19,0,0,0.029,-0.015,-1.002,0.3,-0.6,0
160.163015399998,0,0,19,0,0,0.029,-0.015,-1.002,0.3,-0.6,0
160.173015399998,0,0,19,0,0,0.029,-0.015,-1.002,0.3,-0.6,0
160.183015399998,0,0,19,0,0,0.029,-0.015,-1.002,0.3,-0.6,0
160.193015399998,0,0.01,19,0,0,0.027,-0.015,-1.002,0.3,-0.5,0
160.203015399998,0,0.01,19,0,0,0.027,-0.015,-1.002,0.3,-0.5,0
160.213015399998,0,0.01,19,0,0,0.027,-0.015,-1.002,0.3,-0.5,0
160.223015399998,0,0.01,19,0,0,0.027,-0.015,-1.002,0.3,-0.5,0
160.233015399998,0,0.01,19,0,0,0.027,-0.015,-1.002,0.3,-0.5,0
160.243015399998,0,0.01,19,0,0,0.028,-0.015,-1.002,0.3,-0.6,0.1
160.253015399998,0,0.01,19,0,0,0.028,-0.015,-1.002,0.3,-0.6,0.1
160.263015399998,0,0.01,19,0,0,0.028,-0.015,-1.002,0.3,-0.6,0.1
160.273015399998,0,0.01,19,0,0,0.028,-0.015,-1.002,0.3,-0.6,0.1
160.283015399998,0,0.01,19,0,0,0.028,-0.015,-1.002,0.3,-0.6,0.1
160.293015399998,0,0,19,0,0,0.028,-0.014,-1.002,0.3,-0.5,0
160.303015399998,0,0,19,0,0,0.028,-0.014,-1.002,0.3,-0.5,0
160.313015399998,0,0,19,0,0,0.028,-0.014,-1.002,0.3,-0.5,0
160.323015399998,0,0,19,0,0,0.028,-0.014,-1.002,0.3,-0.5,0
160.333015399998,0,0,19,0,0,0.028,-0.014,-1.002,0.3,-0.5,0
160.343015399998,0,0,19,0,0,0.027,-0.015,-1.002,0.3,-0.6,0
160.353015399998,0,0,19,0,0,0.027,-0.015,-1.002,0.3,-0.6,0
160.363015399998,0,0,19,0,0,0.027,-0.015,-1.002,0.3,-0.6,0
160.373015399998,0,0,19,0,0,0.027,-0.015,-1.002,0.3,-0.6,0
160.383015399998,0,0,19,0,0,0.027,-0.015,-1.002,0.3,-0.6,0
160.393015399998,0,0,19,0,0,0.028,-0.015,-1.002,0.3,-0.6,0
160.403015399998,0,0,19,0,0,0.028,-0.015,-1.002,0.3,-0.6,0
160.413015399998,0,0,19,0,0,0.028,-0.015,-1.002,0.3,-0.6,0
160.423015399998,0,0,19,0,0,0.028,-0.015,-1.002,0.3,-0.6,0
160.433015399998,0,0,19,0,0,0.028,-0.015,-1.002,0.3,-0.6,0
160.443015399998,0,0,19,0,0,0.027,-0.015,-1.001,0.3,-0.6,0.1
160.453015399998,0,0,19,0,0,0.027,-0.015,-1.001,0.3,-0.6,0.1
160.463015399998,0,0,19,0,0,0.027,-0.015,-1.001,0.3,-0.6,0.1
160.473015399998,0,0,19,0,0,0.027,-0.015,-1.001,0.3,-0.6,0.1
160.483015399998,0,0,19,0,0,0.027,-0.015,-1.001,0.3,-0.6,0.1
160.493015399998,0,0,19,0,0,0.028,-0.016,-1,0.3,-0.5,0
160.503015399998,0,0,19,0,0,0.028,-0.016,-1,0.3,-0.5,0
160.513015399998,0,0,19,0,0,0.028,-0.016,-1,0.3,-0.5,0
160.523015399998,0,0,19,0,0,0.028,-0.016,-1,0.3,-0.5,0
160.533015399998,0,0,19,0,0,0.028,-0.016,-1,0.3,-0.5,0
160.543015399998,0,0,19,0,0,0.028,-0.016,-1.001,0.3,-0.6,0
160.553015399998,0,0,19,0,0,0.028,-0.016,-1.001,0.3,-0.6,0
160.563015399998,0,0,19,0,0,0.028,-0.016,-1.001,0.3,-0.6,0
160.573015399998,0,0,19,0,0,0.028,-0.016,-1.001,0.3,-0.6,0
160.583015399998,0,0,19,0,0,0.028,-0.016,-1.001,0.3,-0.6,0
160.593015399998,0,0.01,19,0,0,0.027,-0.015,-1.001,0.3,-0.5,0.1
160.603015399998,0,0.01,19,0,0,0.027,-0.015,-1.001,0.3,-0.5,0.1
160.613015399998,0,0.01,19,0,0,0.027,-0.015,-1.001,0.3,-0.5,0.1
160.623015399998,0,0.01,19,0,0,0.027,-0.015,-1.001,0.3,-0.5,0.1
160.633015399998,0,0.01,19,0,0,0.027,-0.015,-1.001,0.3,-0.5,0.1
160.643015399998,0,0,19,0,0,0.028,-0.014,-1.002,0.3,-0.6,0
160.653015399998,0,0,19,0,0,0.028,-0.014,-1.002,0.3,-0.6,0
160.663015399998,0,0,19,0,0,0.028,-0.014,-1.002,0.3,-0.6,0
160.673015399998,0,0,19,0,0,0.028,-0.014,-1.002,0.3,-0.6,0
160.683015399998,0,0,19,0,0,0.028,-0.014,-1.002,0.3,-0.6,0
160.693015399998,0,0,19,0,0,0.029,-0.016,-1.001,0.3,-0.5,0
160.703015399998,0,0,19,0,0,0.029,-0.016,-1.001,0.3,-0.5,0
160.713015399998,0,0,19,0,0,0.029,-0.016,-1.001,0.3,-0.5,0
160.723015399998,0,0,19,0,0,0.029,-0.016,-1.001,0.3,-0.5,0
160.733015399998,0,0,19,0,0,0.029,-0.016,-1.001,0.3,-0.5,0
160.743015399998,0,0,19,0,0,0.027,-0.015,-1.002,0.3,-0.6,0
160.753015399998,0,0,19,0,0,0.027,-0.015,-1.002,0.3,-0.6,0
160.763015399998,0,0,19,0,0,0.027,-0.015,-1.002,0.3,-0.6,0
160.773015399998,0,0,19,0,0,0.027,-0.015,-1.002,0.3,-0.6,0
160.783015399998,0,0,19,0,0,0.027,-0.015,-1.002,0.3,-0.6,0
160.793015399998,0,0,19,0,0,0.029,-0.016,-1.002,0.3,-0.5,0
160.803015399998,0,0,19,0,0,0.029,-0.016,-1.002,0.3,-0.5,0
160.813015399998,0,0,19,0,0,0.029,-0.016,-1.002,0.3,-0.5,0
160.823015399998,0,0,19,0,0,0.029,-0.016,-1.002,0.3,-0.5,0
160.833015399998,0,0,19,0,0,0.029,-0.016,-1.002,0.3,-0.5,0
160.843015399998,0,0,19,0,0,0.028,-0.015,-1.003,0.2,-0.6,0
160.853015399998,0,0,19,0,0,0.028,-0.015,-1.003,0.2,-0.6,0
160.863015399998,0,0,19,0,0,0.028,-0.015,-1.003,0.2,-0.6,0
160.873015399998,0,0,19,0,0,0.028,-0.015,-1.003,0.2,-0.6,0
160.883015399998,0,0,19,0,0,0.028,-0.015,-1.003,0.2,-0.6,0
160.893015399998,0,0,19,0,0,0.028,-0.015,-1.003,0.3,-0.6,0
160.903015399998,0,0,19,0,0,0.028,-0.015,-1.003,0.3,-0.6,0
160.913015399998,0,0,19,0,0,0.028,-0.015,-1.003,0.3,-0.6,0
160.923015399998,0,0,19,0,0,0.028,-0.015,-1.003,0.3,-0.6,0
160.933015399998,0,0,19,0,0,0.028,-0.015,-1.003,0.3,-0.6,0
160.943015399998,0,0.01,19,0,0,0.028,-0.015,-1.002,0.3,-0.6,0
160.953015399998,0,0.01,19,0,0,0.028,-0.015,-1.002,0.3,-0.6,0
160.963015399998,0,0.01,19,0,0,0.028,-0.015,-1.002,0.3,-0.6,0
160.973015399998,0,0.01,19,0,0,0.028,-0.015,-1.002,0.3,-0.6,0
160.983015399998,0,0.01,19,0,0,0.028,-0.015,-1.002,0.3,-0.6,0
160.993015399998,0,0,19,0,0,0.029,-0.015,-1.003,0.3,-0.5,0
161.003015399998,0,0,19,0,0,0.029,-0.015,-1.003,0.3,-0.5,0
161.013015399998,0,0,19,0,0,0.029,-0.015,-1.003,0.3,-0.5,0
161.023015399998,0,0,19,0,0,0.029,-0.015,-1.003,0.3,-0.5,0
161.033015399998,0,0,19,0,0,0.029,-0.015,-1.003,0.3,-0.5,0
161.043015399998,0,0,19,0,0,0.028,-0.015,-1.001,0.3,-0.6,0
161.053015399998,0,0,19,0,0,0.028,-0.015,-1.001,0.3,-0.6,0
161.063015399998,0,0,19,0,0,0.028,-0.015,-1.001,0.3,-0.6,0
161.073015399998,0,0,19,0,0,0.028,-0.015,-1.001,0.3,-0.6,0
161.083015399998,0,0,19,0,0,0.028,-0.015,-1.001,0.3,-0.6,0
161.093015399998,0,0.01,19,0,0,0.028,-0.015,-1.001,0.3,-0.6,0
161.103015399998,0,0.01,19,0,0,0.028,-0.015,-1.001,0.3,-0.6,0
161.113015399998,0,0.01,19,0,0,0.028,-0.015,-1.001,0.3,-0.6,0
161.123015399998,0,0.01,19,0,0,0.028,-0.015,-1.001,0.3,-0.6,0
161.133015399998,0,0.01,19,0,0,0.028,-0.015,-1.001,0.3,-0.6,0
161.143015399998,0,0,19,0,0,0.028,-0.016,-1.001,0.3,-0.6,0
161.153015399998,0,0,19,0,0,0.028,-0.016,-1.001,0.3,-0.6,0
161.163015399998,0,0,19,0,0,0.028,-0.016,-1.001,0.3,-0.6,0
161.173015399998,0,0,19,0,0,0.028,-0.016,-1.001,0.3,-0.6,0
161.183015399998,0,0,19,0,0,0.028,-0.016,-1.001,0.3,-0.6,0
161.193015399998,0,0,19,0,0,0.027,-0.015,-1.002,0.3,-0.5,0
161.203015399998,0,0,19,0,0,0.027,-0.015,-1.002,0.3,-0.5,0
161.213015399998,0,0,19,0,0,0.027,-0.015,-1.002,0.3,-0.5,0
161.223015399998,0,0,19,0,0,0.027,-0.015,-1.002,0.3,-0.5,0
161.233015399998,0,0,19,0,0,0.027,-0.015,-1.002,0.3,-0.5,0
161.243015399998,0,0,19,0,0,0.028,-0.015,-1.001,0.3,-0.6,0
161.253015399998,0,0,19,0,0,0.028,-0.015,-1.001,0.3,-0.6,0
161.263015399998,0,0,19,0,0,0.028,-0.015,-1.001,0.3,-0.6,0
161.273015399998,0,0,19,0,0,0.028,-0.015,-1.001,0.3,-0.6,0
161.283015399998,0,0,19,0,0,0.028,-0.015,-1.001,0.3,-0.6,0
161.293015399998,0,0,19,0,0,0.029,-0.016,-1.002,0.3,-0.6,0
161.303015399998,0,0,19,0,0,0.029,-0.016,-1.002,0.3,-0.6,0
161.313015399998,0,0,19,0,0,0.029,-0.016,-1.002,0.3,-0.6,0
161.323015399998,0,0,19,0,0,0.029,-0.016,-1.002,0.3,-0.6,0
161.333015399998,0,0,19,0,0,0.029,-0.016,-1.002,0.3,-0.6,0
161.343015399998,0,0,19,0,0,0.03,-0.017,-1.002,0.3,-0.6,0
161.353015399998,0,0,19,0,0,0.03,-0.017,-1.002,0.3,-0.6,0
161.363015399998,0,0,19,0,0,0.03,-0.017,-1.002,0.3,-0.6,0
161.373015399998,0,0,19,0,0,0.03,-0.017,-1.002,0.3,-0.6,0
161.383015399998,0,0,19,0,0,0.03,-0.017,-1.002,0.3,-0.6,0
161.393015399998,0,0,19,0,0,0.027,-0.016,-1.002,0.3,-0.5,0
161.403015399998,0,0,19,0,0,0.027,-0.016,-1.002,0.3,-0.5,0
161.413015399998,0,0,19,0,0,0.027,-0.016,-1.002,0.3,-0.5,0
161.423015399998,0,0,19,0,0,0.027,-0.016,-1.002,0.3,-0.5,0
161.433015399998,0,0,19,0,0,0.027,-0.016,-1.002,0.3,-0.5,0
161.443015399998,0,0,19,0,0,0.03,-0.013,-1.001,0.3,-0.6,0
161.453015399998,0,0,19,0,0,0.03,-0.013,-1.001,0.3,-0.6,0
161.463015399998,0,0,19,0,0,0.03,-0.013,-1.001,0.3,-0.6,0
161.473015399998,0,0,19,0,0,0.03,-0.013,-1.001,0.3,-0.6,0
161.483015399998,0,0,19,0,0,0.03,-0.013,-1.001,0.3,-0.6,0
161.493015399998,0,0,19,0,0,0.027,-0.017,-1.001,0.3,-0.5,0
161.503015399998,0,0,19,0,0,0.027,-0.017,-1.001,0.3,-0.5,0
161.513015399998,0,0,19,0,0,0.027,-0.017,-1.001,0.3,-0.5,0
161.523015399998,0,0,19,0,0,0.027,-0.017,-1.001,0.3,-0.5,0
161.533015399998,0,0,19,0,0,0.027,-0.017,-1.001,0.3,-0.5,0
161.543015399998,0,0,19,0,0,0.027,-0.014,-1.001,0.3,-0.6,0.1
161.553015399998,0,0,19,0,0,0.027,-0.014,-1.001,0.3,-0.6,0.1
161.563015399998,0,0,19,0,0,0.027,-0.014,-1.001,0.3,-0.6,0.1
161.573015399998,0,0,19,0,0,0.027,-0.014,-1.001,0.3,-0.6,0.1
161.583015399998,0,0,19,0,0,0.027,-0.014,-1.001,0.3,-0.6,0.1
161.593015399998,0,0,19,0,0,0.028,-0.015,-1.002,0.3,-0.5,0
161.603015399998,0,0,19,0,0,0.028,-0.015,-1.002,0.3,-0.5,0
161.613015399998,0,0,19,0,0,0.028,-0.015,-1.002,0.3,-0.5,0
161.623015399998,0,0,19,0,0,0.028,-0.015,-1.002,0.3,-0.5,0
161.633015399998,0,0,19,0,0,0.028,-0.015,-1.002,0.3,-0.5,0
161.643015399998,0,0,19,0,0,0.029,-0.014,-1.001,0.3,-0.6,0.1
161.653015399998,0,0,19,0,0,0.029,-0.014,-1.001,0.3,-0.6,0.1
161.663015399998,0,0,19,0,0,0.029,-0.014,-1.001,0.3,-0.6,0.1
161.673015399998,0,0,19,0,0,0.029,-0.014,-1.001,0.3,-0.6,0.1
161.683015399998,0,0,19,0,0,0.029,-0.014,-1.001,0.3,-0.6,0.1
161.693015399998,0,0,19,0,0,0.028,-0.015,-1.001,0.3,-0.5,0
161.703015399998,0,0,19,0,0,0.028,-0.015,-1.001,0.3,-0.5,0
161.713015399998,0,0,19,0,0,0.028,-0.015,-1.001,0.3,-0.5,0
161.723015399998,0,0,19,0,0,0.028,-0.015,-1.001,0.3,-0.5,0
161.733015399998,0,0,19,0,0,0.028,-0.015,-1.001,0.3,-0.5,0
161.743015399998,0,0,19,0,0,0.029,-0.013,-1.002,0.2,-0.6,0.1
161.753015399998,0,0,19,0,0,0.029,-0.013,-1.002,0.2,-0.6,0.1
161.763015399998,0,0,19,0,0,0.029,-0.013,-1.002,0.2,-0.6,0.1
161.773015399998,0,0,19,0,0,0.029,-0.013,-1.002,0.2,-0.6,0.1
161.783015399998,0,0,19,0,0,0.029,-0.013,-1.002,0.2,-0.6,0.1
161.793015399998,0,0,19,0,0,0.028,-0.015,-1.001,0.3,-0.6,0
161.803015399998,0,0,19,0,0,0.028,-0.015,-1.001,0.3,-0.6,0
161.813015399998,0,0,19,0,0,0.028,-0.015,-1.001,0.3,-0.6,0
161.823015399998,0,0,19,0,0,0.028,-0.015,-1.001,0.3,-0.6,0
161.833015399998,0,0,19,0,0,0.028,-0.015,-1.001,0.3,-0.6,0
161.843015399998,0,0,19,0,0,0.028,-0.014,-1.002,0.3,-0.6,0
161.853015399998,0,0,19,0,0,0.028,-0.014,-1.002,0.3,-0.6,0
161.863015399998,0,0,19,0,0,0.028,-0.014,-1.002,0.3,-0.6,0
161.873015399998,0,0,19,0,0,0.028,-0.014,-1.002,0.3,-0.6,0
161.883015399998,0,0,19,0,0,0.028,-0.014,-1.002,0.3,-0.6,0
161.893015399998,0,0.01,19,0,0,0.029,-0.016,-1,0.2,-0.6,0
161.903015399998,0,0.01,19,0,0,0.029,-0.016,-1,0.2,-0.6,0
161.913015399998,0,0.01,19,0,0,0.029,-0.016,-1,0.2,-0.6,0
161.923015399998,0,0.01,19,0,0,0.029,-0.016,-1,0.2,-0.6,0
161.933015399998,0,0.01,19,0,0,0.029,-0.016,-1,0.2,-0.6,0
161.943015399998,0,0,19,0,0,0.028,-0.015,-1.002,0.3,-0.5,0
161.953015399997,0,0,19,0,0,0.028,-0.015,-1.002,0.3,-0.5,0
161.963015399998,0,0,19,0,0,0.028,-0.015,-1.002,0.3,-0.5,0
161.973015399998,0,0,19,0,0,0.028,-0.015,-1.002,0.3,-0.5,0
161.983015399997,0,0,19,0,0,0.028,-0.015,-1.002,0.3,-0.5,0
161.993015399997,0,0,19,0,0,0.027,-0.015,-1.002,0.3,-0.6,0
162.003015399997,0,0,19,0,0,0.027,-0.015,-1.002,0.3,-0.6,0
162.013015399997,0,0,19,0,0,0.027,-0.015,-1.002,0.3,-0.6,0
162.023015399997,0,0,19,0,0,0.027,-0.015,-1.002,0.3,-0.6,0
162.033015399997,0,0,19,0,0,0.027,-0.015,-1.002,0.3,-0.6,0
162.043015399997,0,0.01,19,0,0,0.029,-0.015,-1.002,0.3,-0.6,0.1
162.053015399997,0,0.01,19,0,0,0.029,-0.015,-1.002,0.3,-0.6,0.1
162.063015399997,0,0.01,19,0,0,0.029,-0.015,-1.002,0.3,-0.6,0.1
162.073015399997,0,0.01,19,0,0,0.029,-0.015,-1.002,0.3,-0.6,0.1
162.083015399997,0,0.01,19,0,0,0.029,-0.015,-1.002,0.3,-0.6,0.1
162.093015399997,0,0,19,0,0,0.028,-0.014,-1.002,0.3,-0.6,0
162.103015399997,0,0,19,0,0,0.028,-0.014,-1.002,0.3,-0.6,0
162.113015399997,0,0,19,0,0,0.028,-0.014,-1.002,0.3,-0.6,0
162.123015399997,0,0,19,0,0,0.028,-0.014,-1.002,0.3,-0.6,0
162.133015399997,0,0,19,0,0,0.028,-0.014,-1.002,0.3,-0.6,0
162.143015399997,0,0.01,19,0,0,0.028,-0.016,-1.001,0.3,-0.6,0.1
162.153015399997,0,0.01,19,0,0,0.028,-0.016,-1.001,0.3,-0.6,0.1
162.163015399997,0,0.01,19,0,0,0.028,-0.016,-1.001,0.3,-0.6,0.1
162.173015399997,0,0.01,19,0,0,0.028,-0.016,-1.001,0.3,-0.6,0.1
162.183015399997,0,0.01,19,0,0,0.028,-0.016,-1.001,0.3,-0.6,0.1
162.193015399997,0,0,19,0,0,0.028,-0.015,-1.002,0.3,-0.6,0
162.203015399997,0,0,19,0,0,0.028,-0.015,-1.002,0.3,-0.6,0
162.213015399997,0,0,19,0,0,0.028,-0.015,-1.002,0.3,-0.6,0
162.223015399997,0,0,19,0,0,0.028,-0.015,-1.002,0.3,-0.6,0
162.233015399997,0,0,19,0,0,0.028,-0.015,-1.002,0.3,-0.6,0
162.243015399997,0,0,19,0,0,0.027,-0.016,-1.002,0.3,-0.6,0
162.253015399997,0,0,19,0,0,0.027,-0.016,-1.002,0.3,-0.6,0
162.263015399997,0,0,19,0,0,0.027,-0.016,-1.002,0.3,-0.6,0
162.273015399997,0,0,19,0,0,0.027,-0.016,-1.002,0.3,-0.6,0
162.283015399997,0,0,19,0,0,0.027,-0.016,-1.002,0.3,-0.6,0
162.293015399997,0,0,19,0,0,0.028,-0.013,-1.002,0.1,-0.6,0
162.303015399997,0,0,19,0,0,0.028,-0.013,-1.002,0.1,-0.6,0
162.313015399997,0,0,19,0,0,0.028,-0.013,-1.002,0.1,-0.6,0
162.323015399997,0,0,19,0,0,0.028,-0.013,-1.002,0.1,-0.6,0
162.333015399997,0,0,19,0,0,0.028,-0.013,-1.002,0.1,-0.6,0
162.343015399997,0,0,19,0,0,0.029,-0.014,-1,0.3,-0.6,0
162.353015399997,0,0,19,0,0,0.029,-0.014,-1,0.3,-0.6,0
162.363015399997,0,0,19,0,0,0.029,-0.014,-1,0.3,-0.6,0
162.373015399997,0,0,19,0,0,0.029,-0.014,-1,0.3,-0.6,0
162.383015399997,0,0,19,0,0,0.029,-0.014,-1,0.3,-0.6,0
162.393015399997,0,0,19,0,0,0.028,-0.014,-1.001,0.3,-0.6,0
162.403015399997,0,0,19,0,0,0.028,-0.014,-1.001,0.3,-0.6,0
162.413015399997,0,0,19,0,0,0.028,-0.014,-1.001,0.3,-0.6,0
162.423015399997,0,0,19,0,0,0.028,-0.014,-1.001,0.3,-0.6,0
162.433015399997,0,0,19,0,0,0.028,-0.014,-1.001,0.3,-0.6,0
162.443015399997,0,0.01,19,0,0,0.029,-0.014,-1.002,0.3,-0.5,0
162.453015399997,0,0.01,19,0,0,0.029,-0.014,-1.002,0.3,-0.5,0
162.463015399997,0,0.01,19,0,0,0.029,-0.014,-1.002,0.3,-0.5,0
162.473015399997,0,0.01,19,0,0,0.029,-0.014,-1.002,0.3,-0.5,0
162.483015399997,0,0.01,19,0,0,0.029,-0.014,-1.002,0.3,-0.5,0
162.493015399997,0,0,19,0,0,0.028,-0.014,-1.002,0.3,-0.6,0
162.503015399997,0,0,19,0,0,0.028,-0.014,-1.002,0.3,-0.6,0
162.513015399997,0,0,19,0,0,0.028,-0.014,-1.002,0.3,-0.6,0
162.523015399997,0,0,19,0,0,0.028,-0.014,-1.002,0.3,-0.6,0
162.533015399997,0,0,19,0,0,0.028,-0.014,-1.002,0.3,-0.6,0
162.543015399997,0,0,19,0,0,0.028,-0.015,-1,0.3,-0.6,0
162.553015399997,0,0,19,0,0,0.028,-0.015,-1,0.3,-0.6,0
162.563015399997,0,0,19,0,0,0.028,-0.015,-1,0.3,-0.6,0
162.573015399997,0,0,19,0,0,0.028,-0.015,-1,0.3,-0.6,0
162.583015399997,0,0,19,0,0,0.028,-0.015,-1,0.3,-0.6,0
162.593015399997,0,0,19,0,0,0.028,-0.015,-1.003,0.3,-0.6,0.1
162.603015399997,0,0,19,0,0,0.028,-0.015,-1.003,0.3,-0.6,0.1
162.613015399997,0,0,19,0,0,0.028,-0.015,-1.003,0.3,-0.6,0.1
162.623015399997,0,0,19,0,0,0.028,-0.015,-1.003,0.3,-0.6,0.1
162.633015399997,0,0,19,0,0,0.028,-0.015,-1.003,0.3,-0.6,0.1
162.643015399997,0,0,19,0,0,0.029,-0.015,-0.999,0.3,-0.6,0
162.653015399997,0,0,19,0,0,0.029,-0.015,-0.999,0.3,-0.6,0
162.663015399997,0,0,19,0,0,0.029,-0.015,-0.999,0.3,-0.6,0
162.673015399997,0,0,19,0,0,0.029,-0.015,-0.999,0.3,-0.6,0
162.683015399997,0,0,19,0,0,0.029,-0.015,-0.999,0.3,-0.6,0
162.693015399997,0,0,19,0,0,0.027,-0.015,-1.002,0.3,-0.4,0
162.703015399997,0,0,19,0,0,0.027,-0.015,-1.002,0.3,-0.4,0
162.713015399997,0,0,19,0,0,0.027,-0.015,-1.002,0.3,-0.4,0
162.723015399997,0,0,19,0,0,0.027,-0.015,-1.002,0.3,-0.4,0
162.733015399997,0,0,19,0,0,0.027,-0.015,-1.002,0.3,-0.4,0
162.743015399997,0,0,19,0,0,0.028,-0.015,-1.001,0.3,-0.6,0
162.753015399997,0,0,19,0,0,0.028,-0.015,-1.001,0.3,-0.6,0
162.763015399997,0,0,19,0,0,0.028,-0.015,-1.001,0.3,-0.6,0
162.773015399997,0,0,19,0,0,0.028,-0.015,-1.001,0.3,-0.6,0
162.783015399997,0,0,19,0,0,0.028,-0.015,-1.001,0.3,-0.6,0
162.793015399997,0,0,19,0,0,0.028,-0.016,-1.001,0.3,-0.5,0
162.803015399997,0,0,19,0,0,0.028,-0.016,-1.001,0.3,-0.5,0
162.813015399997,0,0,19,0,0,0.028,-0.016,-1.001,0.3,-0.5,0
162.823015399997,0,0,19,0,0,0.028,-0.016,-1.001,0.3,-0.5,0
162.833015399997,0,0,19,0,0,0.028,-0.016,-1.001,0.3,-0.5,0
162.843015399997,0,0,19,0,0,0.027,-0.015,-1.002,0.3,-0.6,0
162.853015399997,0,0,19,0,0,0.027,-0.015,-1.002,0.3,-0.6,0
162.863015399997,0,0,19,0,0,0.027,-0.015,-1.002,0.3,-0.6,0
162.873015399997,0,0,19,0,0,0.027,-0.015,-1.002,0.3,-0.6,0
162.883015399997,0,0,19,0,0,0.027,-0.015,-1.002,0.3,-0.6,0
162.893015399997,0,0,19,0,0,0.028,-0.014,-1.002,0.3,-0.6,0
162.903015399997,0,0,19,0,0,0.028,-0.014,-1.002,0.3,-0.6,0
162.913015399997,0,0,19,0,0,0.028,-0.014,-1.002,0.3,-0.6,0
162.923015399997,0,0,19,0,0,0.028,-0.014,-1.002,0.3,-0.6,0
162.933015399997,0,0,19,0,0,0.028,-0.014,-1.002,0.3,-0.6,0
162.943015399997,0,0,19,0,0,0.029,-0.015,-1,0.3,-0.7,0
162.953015399997,0,0,19,0,0,0.029,-0.015,-1,0.3,-0.7,0
162.963015399997,0,0,19,0,0,0.029,-0.015,-1,0.3,-0.7,0
162.973015399997,0,0,19,0,0,0.029,-0.015,-1,0.3,-0.7,0
162.983015399997,0,0,19,0,0,0.029,-0.015,-1,0.3,-0.7,0
162.993015399997,0,0,19,0,0,0.028,-0.015,-1.001,0.3,-0.5,0
163.003015399997,0,0,19,0,0,0.028,-0.015,-1.001,0.3,-0.5,0
163.013015399997,0,0,19,0,0,0.028,-0.015,-1.001,0.3,-0.5,0
163.023015399997,0,0,19,0,0,0.028,-0.015,-1.001,0.3,-0.5,0
163.033015399997,0,0,19,0,0,0.028,-0.015,-1.001,0.3,-0.5,0
163.043015399997,0,0.01,19,0,0,0.028,-0.014,-1.001,0.3,-0.6,0
163.053015399997,0,0.01,19,0,0,0.028,-0.014,-1.001,0.3,-0.6,0
163.063015399997,0,0.01,19,0,0,0.028,-0.014,-1.001,0.3,-0.6,0
163.073015399997,0,0.01,19,0,0,0.028,-0.014,-1.001,0.3,-0.6,0
163.083015399997,0,0.01,19,0,0,0.028,-0.014,-1.001,0.3,-0.6,0
163.093015399997,0,0.01,19,0,0,0.028,-0.014,-1.002,0.3,-0.5,0
163.103015399997,0,0.01,19,0,0,0.028,-0.014,-1.002,0.3,-0.5,0
163.113015399997,0,0.01,19,0,0,0.028,-0.014,-1.002,0.3,-0.5,0
163.123015399997,0,0.01,19,0,0,0.028,-0.014,-1.002,0.3,-0.5,0
163.133015399997,0,0.01,19,0,0,0.028,-0.014,-1.002,0.3,-0.5,0
163.143015399997,0,0,19,0,0,0.028,-0.016,-1.001,0.3,-0.6,0
163.153015399997,0,0,19,0,0,0.028,-0.016,-1.001,0.3,-0.6,0
163.163015399997,0,0,19,0,0,0.028,-0.016,-1.001,0.3,-0.6,0
163.173015399997,0,0,19,0,0,0.028,-0.016,-1.001,0.3,-0.6,0
163.183015399997,0,0,19,0,0,0.028,-0.016,-1.001,0.3,-0.6,0
163.193015399997,0,0,19,0,0,0.029,-0.015,-1.004,0.3,-0.4,0.1
163.203015399997,0,0,19,0,0,0.029,-0.015,-1.004,0.3,-0.4,0.1
163.213015399997,0,0,19,0,0,0.029,-0.015,-1.004,0.3,-0.4,0.1
163.223015399997,0,0,19,0,0,0.029,-0.015,-1.004,0.3,-0.4,0.1
163.233015399997,0,0,19,0,0,0.029,-0.015,-1.004,0.3,-0.4,0.1
163.243015399997,0,0,19,0,0,0.027,-0.015,-1.001,0.3,-0.6,0
163.253015399997,0,0,19,0,0,0.027,-0.015,-1.001,0.3,-0.6,0
163.263015399997,0,0,19,0,0,0.027,-0.015,-1.001,0.3,-0.6,0
163.273015399997,0,0,19,0,0,0.027,-0.015,-1.001,0.3,-0.6,0
163.283015399997,0,0,19,0,0,0.027,-0.015,-1.001,0.3,-0.6,0
163.293015399997,0,0.01,19,0,0,0.028,-0.015,-1,0.3,-0.5,0
163.303015399997,0,0.01,19,0,0,0.028,-0.015,-1,0.3,-0.5,0
163.313015399997,0,0.01,19,0,0,0.028,-0.015,-1,0.3,-0.5,0
163.323015399997,0,0.01,19,0,0,0.028,-0.015,-1,0.3,-0.5,0
163.333015399997,0,0.01,19,0,0,0.028,-0.015,-1,0.3,-0.5,0
163.343015399997,0,0,19,0,0,0.028,-0.015,-1.001,0.3,-0.6,0
163.353015399997,0,0,19,0,0,0.028,-0.015,-1.001,0.3,-0.6,0
163.363015399997,0,0,19,0,0,0.028,-0.015,-1.001,0.3,-0.6,0
163.373015399997,0,0,19,0,0,0.028,-0.015,-1.001,0.3,-0.6,0
163.383015399997,0,0,19,0,0,0.028,-0.015,-1.001,0.3,-0.6,0
163.393015399997,0,0,19,0,0,0.029,-0.014,-1.001,0.3,-0.5,0
163.403015399997,0,0,19,0,0,0.029,-0.014,-1.001,0.3,-0.5,0
163.413015399997,0,0,19,0,0,0.029,-0.014,-1.001,0.3,-0.5,0
163.423015399997,0,0,19,0,0,0.029,-0.014,-1.001,0.3,-0.5,0
163.433015399997,0,0,19,0,0,0.029,-0.014,-1.001,0.3,-0.5,0
163.443015399997,0,0,19,0,0,0.028,-0.015,-1.003,0.3,-0.6,0.1
163.453015399997,0,0,19,0,0,0.028,-0.015,-1.003,0.3,-0.6,0.1
163.463015399997,0,0,19,0,0,0.028,-0.015,-1.003,0.3,-0.6,0.1
163.473015399997,0,0,19,0,0,0.028,-0.015,-1.003,0.3,-0.6,0.1
163.483015399997,0,0,19,0,0,0.028,-0.015,-1.003,0.3,-0.6,0.1
163.493015399997,0,0.01,19,0,0,0.029,-0.015,-1.002,0.3,-0.5,0
163.503015399997,0,0.01,19,0,0,0.029,-0.015,-1.002,0.3,-0.5,0
163.513015399997,0,0.01,19,0,0,0.029,-0.015,-1.002,0.3,-0.5,0
163.523015399997,0,0.01,19,0,0,0.029,-0.015,-1.002,0.3,-0.5,0
163.533015399997,0,0.01,19,0,0,0.029,-0.015,-1.002,0.3,-0.5,0
163.543015399997,0,0,19,0,0,0.028,-0.015,-1.002,0.3,-0.6,0
163.553015399997,0,0,19,0,0,0.028,-0.015,-1.002,0.3,-0.6,0
163.563015399997,0,0,19,0,0,0.028,-0.015,-1.002,0.3,-0.6,0
163.573015399997,0,0,19,0,0,0.028,-0.015,-1.002,0.3,-0.6,0
163.583015399997,0,0,19,0,0,0.028,-0.015,-1.002,0.3,-0.6,0
163.593015399997,0,0,19,0,0,0.027,-0.014,-1.002,0.3,-0.5,0
163.603015399997,0,0,19,0,0,0.027,-0.014,-1.002,0.3,-0.5,0
163.613015399997,0,0,19,0,0,0.027,-0.014,-1.002,0.3,-0.5,0
163.623015399997,0,0,19,0,0,0.027,-0.014,-1.002,0.3,-0.5,0
163.633015399997,0,0,19,0,0,0.027,-0.014,-1.002,0.3,-0.5,0
163.643015399997,0,0,19,0,0,0.027,-0.016,-1.002,0.3,-0.6,0
163.653015399997,0,0,19,0,0,0.027,-0.016,-1.002,0.3,-0.6,0
163.663015399997,0,0,19,0,0,0.027,-0.016,-1.002,0.3,-0.6,0
163.673015399997,0,0,19,0,0,0.027,-0.016,-1.002,0.3,-0.6,0
163.683015399997,0,0,19,0,0,0.027,-0.016,-1.002,0.3,-0.6,0
163.693015399997,0,0.01,19,0,0,0.028,-0.016,-1.002,0.3,-0.6,0
163.703015399997,0,0.01,19,0,0,0.028,-0.016,-1.002,0.3,-0.6,0
163.713015399997,0,0.01,19,0,0,0.028,-0.016,-1.002,0.3,-0.6,0
163.723015399997,0,0.01,19,0,0,0.028,-0.016,-1.002,0.3,-0.6,0
163.733015399997,0,0.01,19,0,0,0.028,-0.016,-1.002,0.3,-0.6,0
163.743015399997,0,0,19,0,0,0.029,-0.015,-1,0.3,-0.6,0
163.753015399997,0,0,19,0,0,0.029,-0.015,-1,0.3,-0.6,0
163.763015399997,0,0,19,0,0,0.029,-0.015,-1,0.3,-0.6,0
163.773015399997,0,0,19,0,0,0.029,-0.015,-1,0.3,-0.6,0
163.783015399997,0,0,19,0,0,0.029,-0.015,-1,0.3,-0.6,0
163.793015399997,0,0,19,0,0,0.028,-0.016,-1.002,0.3,-0.5,0
163.803015399997,0,0,19,0,0,0.028,-0.016,-1.002,0.3,-0.5,0
163.813015399997,0,0,19,0,0,0.028,-0.016,-1.002,0.3,-0.5,0
163.823015399997,0,0,19,0,0,0.028,-0.016,-1.002,0.3,-0.5,0
163.833015399997,0,0,19,0,0,0.028,-0.016,-1.002,0.3,-0.5,0
163.843015399997,0,0,19,0,0,0.028,-0.015,-1.002,0.3,-0.5,0
163.853015399997,0,0,19,0,0,0.028,-0.015,-1.002,0.3,-0.5,0
163.863015399997,0,0,19,0,0,0.028,-0.015,-1.002,0.3,-0.5,0
163.873015399997,0,0,19,0,0,0.028,-0.015,-1.002,0.3,-0.5,0
163.883015399997,0,0,19,0,0,0.028,-0.015,-1.002,0.3,-0.5,0
163.893015399997,0,0,19,0,0,0.028,-0.015,-1.001,0.3,-0.6,0
163.903015399997,0,0,19,0,0,0.028,-0.015,-1.001,0.3,-0.6,0
163.913015399997,0,0,19,0,0,0.028,-0.015,-1.001,0.3,-0.6,0
163.923015399997,0,0,19,0,0,0.028,-0.015,-1.001,0.3,-0.6,0
163.933015399997,0,0,19,0,0,0.028,-0.015,-1.001,0.3,-0.6,0
163.943015399997,0,0,19,0,0,0.027,-0.015,-1.001,0.3,-0.6,0
163.953015399997,0,0,19,0,0,0.027,-0.015,-1.001,0.3,-0.6,0
163.963015399997,0,0,19,0,0,0.027,-0.015,-1.001,0.3,-0.6,0
163.973015399997,0,0,19,0,0,0.027,-0.015,-1.001,0.3,-0.6,0
163.983015399997,0,0,19,0,0,0.027,-0.015,-1.001,0.3,-0.6,0
163.993015399997,0,0,19,0,0,0.028,-0.014,-1.001,0.2,-0.6,0.1
164.003015399997,0,0,19,0,0,0.028,-0.014,-1.001,0.2,-0.6,0.1
164.013015399997,0,0,19,0,0,0.028,-0.014,-1.001,0.2,-0.6,0.1
164.023015399997,0,0,19,0,0,0.028,-0.014,-1.001,0.2,-0.6,0.1
164.033015399997,0,0,19,0,0,0.028,-0.014,-1.001,0.2,-0.6,0.1
164.043015399997,0,0,19,0,0,0.028,-0.015,-1.001,0.3,-0.5,0
164.053015399997,0,0,19,0,0,0.028,-0.015,-1.001,0.3,-0.5,0
164.063015399997,0,0,19,0,0,0.028,-0.015,-1.001,0.3,-0.5,0
164.073015399997,0,0,19,0,0,0.028,-0.015,-1.001,0.3,-0.5,0
164.083015399997,0,0,19,0,0,0.028,-0.015,-1.001,0.3,-0.5,0
164.093015399997,0,0,19,0,0,0.028,-0.014,-1.001,0.3,-0.6,0
164.103015399997,0,0,19,0,0,0.028,-0.014,-1.001,0.3,-0.6,0
164.113015399997,0,0,19,0,0,0.028,-0.014,-1.001,0.3,-0.6,0
164.123015399997,0,0,19,0,0,0.028,-0.014,-1.001,0.3,-0.6,0
164.133015399997,0,0,19,0,0,0.028,-0.014,-1.001,0.3,-0.6,0
164.143015399997,0,0,19,0,0,0.028,-0.014,-1,0.3,-0.4,0
164.153015399997,0,0,19,0,0,0.028,-0.014,-1,0.3,-0.4,0
164.163015399997,0,0,19,0,0,0.028,-0.014,-1,0.3,-0.4,0
164.173015399997,0,0,19,0,0,0.028,-0.014,-1,0.3,-0.4,0
164.183015399997,0,0,19,0,0,0.028,-0.014,-1,0.3,-0.4,0
164.193015399997,0,0,19,0,0,0.028,-0.016,-0.999,0.3,-0.6,0
164.203015399997,0,0,19,0,0,0.028,-0.016,-0.999,0.3,-0.6,0
164.213015399997,0,0,19,0,0,0.028,-0.016,-0.999,0.3,-0.6,0
164.223015399997,0,0,19,0,0,0.028,-0.016,-0.999,0.3,-0.6,0
164.233015399997,0,0,19,0,0,0.028,-0.016,-0.999,0.3,-0.6,0
164.243015399997,0,0,19,0,0,0.029,-0.015,-1.001,0.3,-0.6,0
164.253015399997,0,0,19,0,0,0.029,-0.015,-1.001,0.3,-0.6,0
164.263015399997,0,0,19,0,0,0.029,-0.015,-1.001,0.3,-0.6,0
164.273015399997,0,0,19,0,0,0.029,-0.015,-1.001,0.3,-0.6,0
164.283015399997,0,0,19,0,0,0.029,-0.015,-1.001,0.3,-0.6,0
164.293015399997,0,0,19,0,0,0.028,-0.014,-1.002,0.3,-0.6,0
164.303015399997,0,0,19,0,0,0.028,-0.014,-1.002,0.3,-0.6,0
164.313015399997,0,0,19,0,0,0.028,-0.014,-1.002,0.3,-0.6,0
164.323015399997,0,0,19,0,0,0.028,-0.014,-1.002,0.3,-0.6,0
164.333015399997,0,0,19,0,0,0.028,-0.014,-1.002,0.3,-0.6,0
164.343015399997,0,0,19,0,0,0.028,-0.015,-1,0.3,-0.5,0
164.353015399997,0,0,19,0,0,0.028,-0.015,-1,0.3,-0.5,0
164.363015399997,0,0,19,0,0,0.028,-0.015,-1,0.3,-0.5,0
164.373015399997,0,0,19,0,0,0.028,-0.015,-1,0.3,-0.5,0
164.383015399997,0,0,19,0,0,0.028,-0.015,-1,0.3,-0.5,0
164.393015399997,0,0,19,0,0,0.029,-0.015,-1,0.3,-0.6,0
164.403015399997,0,0,19,0,0,0.029,-0.015,-1,0.3,-0.6,0
164.413015399997,0,0,19,0,0,0.029,-0.015,-1,0.3,-0.6,0
164.423015399997,0,0,19,0,0,0.029,-0.015,-1,0.3,-0.6,0
164.433015399997,0,0,19,0,0,0.029,-0.015,-1,0.3,-0.6,0
164.443015399997,0,0,19,0,0,0.028,-0.016,-1.002,0.3,-0.6,0
164.453015399997,0,0,19,0,0,0.028,-0.016,-1.002,0.3,-0.6,0
164.463015399997,0,0,19,0,0,0.028,-0.016,-1.002,0.3,-0.6,0
164.473015399997,0,0,19,0,0,0.028,-0.016,-1.002,0.3,-0.6,0
164.483015399997,0,0,19,0,0,0.028,-0.016,-1.002,0.3,-0.6,0
164.493015399997,0,0,19,0,0,0.029,-0.015,-1.003,0.3,-0.6,0
164.503015399997,0,0,19,0,0,0.029,-0.015,-1.003,0.3,-0.6,0
164.513015399997,0,0,19,0,0,0.029,-0.015,-1.003,0.3,-0.6,0
164.523015399997,0,0,19,0,0,0.029,-0.015,-1.003,0.3,-0.6,0
164.533015399997,0,0,19,0,0,0.029,-0.015,-1.003,0.3,-0.6,0
164.543015399997,0,0,19,0,0,0.028,-0.014,-1.001,0.3,-0.6,0
164.553015399997,0,0,19,0,0,0.028,-0.014,-1.001,0.3,-0.6,0
164.563015399997,0,0,19,0,0,0.028,-0.014,-1.001,0.3,-0.6,0
164.573015399997,0,0,19,0,0,0.028,-0.014,-1.001,0.3,-0.6,0
164.583015399997,0,0,19,0,0,0.028,-0.014,-1.001,0.3,-0.6,0
164.593015399997,0,0.01,19,0,0,0.027,-0.014,-1.001,0.4,-0.5,0
164.603015399997,0,0.01,19,0,0,0.027,-0.014,-1.001,0.4,-0.5,0
164.613015399997,0,0.01,19,0,0,0.027,-0.014,-1.001,0.4,-0.5,0
164.623015399997,0,0.01,19,0,0,0.027,-0.014,-1.001,0.4,-0.5,0
164.633015399997,0,0.01,19,0,0,0.027,-0.014,-1.001,0.4,-0.5,0
164.643015399997,0,0,19,0,0,0.028,-0.017,-1.001,0.3,-0.6,0
164.653015399997,0,0,19,0,0,0.028,-0.017,-1.001,0.3,-0.6,0
164.663015399997,0,0,19,0,0,0.028,-0.017,-1.001,0.3,-0.6,0
164.673015399997,0,0,19,0,0,0.028,-0.017,-1.001,0.3,-0.6,0
164.683015399997,0,0,19,0,0,0.028,-0.017,-1.001,0.3,-0.6,0
164.693015399997,0,0,19,0,0,0.028,-0.014,-1.002,0.3,-0.5,0
164.703015399997,0,0,19,0,0,0.028,-0.014,-1.002,0.3,-0.5,0
164.713015399997,0,0,19,0,0,0.028,-0.014,-1.002,0.3,-0.5,0
164.723015399997,0,0,19,0,0,0.028,-0.014,-1.002,0.3,-0.5,0
164.733015399997,0,0,19,0,0,0.028,-0.014,-1.002,0.3,-0.5,0
164.743015399997,0,0,19,0,0,0.029,-0.015,-1.001,0.2,-0.6,0
164.753015399997,0,0,19,0,0,0.029,-0.015,-1.001,0.2,-0.6,0
164.763015399997,0,0,19,0,0,0.029,-0.015,-1.001,0.2,-0.6,0
164.773015399997,0,0,19,0,0,0.029,-0.015,-1.001,0.2,-0.6,0
164.783015399997,0,0,19,0,0,0.029,-0.015,-1.001,0.2,-0.6,0
164.793015399997,0,0.01,19,0,0,0.028,-0.014,-1.002,0.3,-0.4,0
164.803015399997,0,0.01,19,0,0,0.028,-0.014,-1.002,0.3,-0.4,0
164.813015399997,0,0.01,19,0,0,0.028,-0.014,-1.002,0.3,-0.4,0
164.823015399997,0,0.01,19,0,0,0.028,-0.014,-1.002,0.3,-0.4,0
164.833015399997,0,0.01,19,0,0,0.028,-0.014,-1.002,0.3,-0.4,0
164.843015399997,0,0,19,0,0,0.028,-0.015,-1,0.3,-0.6,0
164.853015399997,0,0,19,0,0,0.028,-0.015,-1,0.3,-0.6,0
164.863015399997,0,0,19,0,0,0.028,-0.015,-1,0.3,-0.6,0
164.873015399997,0,0,19,0,0,0.028,-0.015,-1,0.3,-0.6,0
164.883015399997,0,0,19,0,0,0.028,-0.015,-1,0.3,-0.6,0
164.893015399997,0,0,19,0,0,0.028,-0.016,-1.003,0.2,-0.6,0
164.903015399996,0,0,19,0,0,0.028,-0.016,-1.003,0.2,-0.6,0
164.913015399997,0,0,19,0,0,0.028,-0.016,-1.003,0.2,-0.6,0
164.923015399997,0,0,19,0,0,0.028,-0.016,-1.003,0.2,-0.6,0
164.933015399996,0,0,19,0,0,0.028,-0.016,-1.003,0.2,-0.6,0
164.943015399996,0,0.01,19,0,0,0.028,-0.015,-1,0.3,-0.6,0
164.953015399996,0,0.01,19,0,0,0.028,-0.015,-1,0.3,-0.6,0
164.963015399996,0,0.01,19,0,0,0.028,-0.015,-1,0.3,-0.6,0
164.973015399996,0,0.01,19,0,0,0.028,-0.015,-1,0.3,-0.6,0
164.983015399996,0,0.01,19,0,0,0.028,-0.015,-1,0.3,-0.6,0
164.993015399996,0,0,19,0,0,0.027,-0.015,-1.001,0.3,-0.6,0
165.003015399996,0,0,19,0,0,0.027,-0.015,-1.001,0.3,-0.6,0
165.013015399996,0,0,19,0,0,0.027,-0.015,-1.001,0.3,-0.6,0
165.023015399996,0,0,19,0,0,0.027,-0.015,-1.001,0.3,-0.6,0
165.033015399996,0,0,19,0,0,0.027,-0.015,-1.001,0.3,-0.6,0
165.043015399996,0,0,19,0,0,0.027,-0.016,-1.001,0.3,-0.6,0.1
165.053015399996,0,0,19,0,0,0.027,-0.016,-1.001,0.3,-0.6,0.1
165.063015399996,0,0,19,0,0,0.027,-0.016,-1.001,0.3,-0.6,0.1
165.073015399996,0,0,19,0,0,0.027,-0.016,-1.001,0.3,-0.6,0.1
165.083015399996,0,0,19,0,0,0.027,-0.016,-1.001,0.3,-0.6,0.1
165.093015399996,0,0.01,19,0,0,0.027,-0.015,-1.003,0.3,-0.6,0
165.103015399996,0,0.01,19,0,0,0.027,-0.015,-1.003,0.3,-0.6,0
165.113015399996,0,0.01,19,0,0,0.027,-0.015,-1.003,0.3,-0.6,0
165.123015399996,0,0.01,19,0,0,0.027,-0.015,-1.003,0.3,-0.6,0
165.133015399996,0,0.01,19,0,0,0.027,-0.015,-1.003,0.3,-0.6,0
165.143015399996,0,0,19,0,0,0.028,-0.016,-1.003,0.3,-0.6,0
165.153015399996,0,0,19,0,0,0.028,-0.016,-1.003,0.3,-0.6,0
165.163015399996,0,0,19,0,0,0.028,-0.016,-1.003,0.3,-0.6,0
165.173015399996,0,0,19,0,0,0.028,-0.016,-1.003,0.3,-0.6,0
165.183015399996,0,0,19,0,0,0.028,-0.016,-1.003,0.3,-0.6,0
165.193015399996,0,0.01,19,0,0,0.029,-0.015,-1,0.4,-0.5,0
165.203015399996,0,0.01,19,0,0,0.029,-0.015,-1,0.4,-0.5,0
165.213015399996,0,0.01,19,0,0,0.029,-0.015,-1,0.4,-0.5,0
165.223015399996,0,0.01,19,0,0,0.029,-0.015,-1,0.4,-0.5,0
165.233015399996,0,0.01,19,0,0,0.029,-0.015,-1,0.4,-0.5,0
165.243015399996,0,0,19,0,0,0.027,-0.016,-1.003,0.3,-0.6,0
165.253015399996,0,0,19,0,0,0.027,-0.016,-1.003,0.3,-0.6,0
165.263015399996,0,0,19,0,0,0.027,-0.016,-1.003,0.3,-0.6,0
165.273015399996,0,0,19,0,0,0.027,-0.016,-1.003,0.3,-0.6,0
165.283015399996,0,0,19,0,0,0.027,-0.016,-1.003,0.3,-0.6,0
165.293015399996,0,0,19,0,0,0.028,-0.015,-1,0.3,-0.6,0
165.303015399996,0,0,19,0,0,0.028,-0.015,-1,0.3,-0.6,0
165.313015399996,0,0,19,0,0,0.028,-0.015,-1,0.3,-0.6,0
165.323015399996,0,0,19,0,0,0.028,-0.015,-1,0.3,-0.6,0
165.333015399996,0,0,19,0,0,0.028,-0.015,-1,0.3,-0.6,0
165.343015399996,0,0.01,19,0,0,0.028,-0.016,-1.001,0.3,-0.6,0
165.353015399996,0,0.01,19,0,0,0.028,-0.016,-1.001,0.3,-0.6,0
165.363015399996,0,0.01,19,0,0,0.028,-0.016,-1.001,0.3,-0.6,0
165.373015399996,0,0.01,19,0,0,0.028,-0.016,-1.001,0.3,-0.6,0
165.383015399996,0,0.01,19,0,0,0.028,-0.016,-1.001,0.3,-0.6,0
165.393015399996,0,0.01,19,0,0,0.028,-0.014,-1,0.3,-0.6,0
165.403015399996,0,0.01,19,0,0,0.028,-0.014,-1,0.3,-0.6,0
165.413015399996,0,0.01,19,0,0,0.028,-0.014,-1,0.3,-0.6,0
165.423015399996,0,0.01,19,0,0,0.028,-0.014,-1,0.3,-0.6,0
165.433015399996,0,0.01,19,0,0,0.028,-0.014,-1,0.3,-0.6,0
165.443015399996,0,0,19,0,0,0.029,-0.015,-1.001,0.3,-0.6,0
165.453015399996,0,0,19,0,0,0.029,-0.015,-1.001,0.3,-0.6,0
165.463015399996,0,0,19,0,0,0.029,-0.015,-1.001,0.3,-0.6,0
165.473015399996,0,0,19,0,0,0.029,-0.015,-1.001,0.3,-0.6,0
165.483015399996,0,0,19,0,0,0.029,-0.015,-1.001,0.3,-0.6,0
165.493015399996,0,0.01,19,0,0,0.028,-0.014,-1.002,0.3,-0.6,0
165.503015399996,0,0.01,19,0,0,0.028,-0.014,-1.002,0.3,-0.6,0
165.513015399996,0,0.01,19,0,0,0.028,-0.014,-1.002,0.3,-0.6,0
165.523015399996,0,0.01,19,0,0,0.028,-0.014,-1.002,0.3,-0.6,0
165.533015399996,0,0.01,19,0,0,0.028,-0.014,-1.002,0.3,-0.6,0
165.543015399996,0,0,19,0,0,0.028,-0.015,-1.001,0.3,-0.6,0.1
165.553015399996,0,0,19,0,0,0.028,-0.015,-1.001,0.3,-0.6,0.1
165.563015399996,0,0,19,0,0,0.028,-0.015,-1.001,0.3,-0.6,0.1
165.573015399996,0,0,19,0,0,0.028,-0.015,-1.001,0.3,-0.6,0.1
165.583015399996,0,0,19,0,0,0.028,-0.015,-1.001,0.3,-0.6,0.1
165.593015399996,0,0,19,0,0,0.028,-0.014,-1.001,0.3,-0.6,0.1
165.603015399996,0,0,19,0,0,0.028,-0.014,-1.001,0.3,-0.6,0.1
165.613015399996,0,0,19,0,0,0.028,-0.014,-1.001,0.3,-0.6,0.1
165.623015399996,0,0,19,0,0,0.028,-0.014,-1.001,0.3,-0.6,0.1
165.633015399996,0,0,19,0,0,0.028,-0.014,-1.001,0.3,-0.6,0.1
165.643015399996,0,0,19,0,0,0.027,-0.014,-1.001,0.3,-0.6,0
165.653015399996,0,0,19,0,0,0.027,-0.014,-1.001,0.3,-0.6,0
165.663015399996,0,0,19,0,0,0.027,-0.014,-1.001,0.3,-0.6,0
165.673015399996,0,0,19,0,0,0.027,-0.014,-1.001,0.3,-0.6,0
165.683015399996,0,0,19,0,0,0.027,-0.014,-1.001,0.3,-0.6,0
165.693015399996,0,0,19,0,0,0.028,-0.014,-1.002,0.3,-0.6,0
165.703015399996,0,0,19,0,0,0.028,-0.014,-1.002,0.3,-0.6,0
165.713015399996,0,0,19,0,0,0.028,-0.014,-1.002,0.3,-0.6,0
165.723015399996,0,0,19,0,0,0.028,-0.014,-1.002,0.3,-0.6,0
165.733015399996,0,0,19,0,0,0.028,-0.014,-1.002,0.3,-0.6,0
165.743015399996,0,0.01,19,0,0,0.028,-0.016,-1.001,0.3,-0.5,0
165.753015399996,0,0.01,19,0,0,0.028,-0.016,-1.001,0.3,-0.5,0
165.763015399996,0,0.01,19,0,0,0.028,-0.016,-1.001,0.3,-0.5,0
165.773015399996,0,0.01,19,0,0,0.028,-0.016,-1.001,0.3,-0.5,0
165.783015399996,0,0.01,19,0,0,0.028,-0.016,-1.001,0.3,-0.5,0
165.793015399996,0,0,19,0,0,0.028,-0.015,-1,0.2,-0.6,0
165.803015399996,0,0,19,0,0,0.028,-0.015,-1,0.2,-0.6,0
165.813015399996,0,0,19,0,0,0.028,-0.015,-1,0.2,-0.6,0
165.823015399996,0,0,19,0,0,0.028,-0.015,-1,0.2,-0.6,0
165.833015399996,0,0,19,0,0,0.028,-0.015,-1,0.2,-0.6,0
165.843015399996,0,0.01,19,0,0,0.028,-0.015,-1.001,0.2,-0.6,0
165.853015399996,0,0.01,19,0,0,0.028,-0.015,-1.001,0.2,-0.6,0
165.863015399996,0,0.01,19,0,0,0.028,-0.015,-1.001,0.2,-0.6,0
165.873015399996,0,0.01,19,0,0,0.028,-0.015,-1.001,0.2,-0.6,0
165.883015399996,0,0.01,19,0,0,0.028,-0.015,-1.001,0.2,-0.6,0
165.893015399996,0,0,19,0,0,0.028,-0.015,-1,0.3,-0.7,0
165.903015399996,0,0,19,0,0,0.028,-0.015,-1,0.3,-0.7,0
165.913015399996,0,0,19,0,0,0.028,-0.015,-1,0.3,-0.7,0
165.923015399996,0,0,19,0,0,0.028,-0.015,-1,0.3,-0.7,0
165.933015399996,0,0,19,0,0,0.028,-0.015,-1,0.3,-0.7,0
165.943015399996,0,0,19,0,0,0.028,-0.016,-1,0.3,-0.6,0
165.953015399996,0,0,19,0,0,0.028,-0.016,-1,0.3,-0.6,0
165.963015399996,0,0,19,0,0,0.028,-0.016,-1,0.3,-0.6,0
165.973015399996,0,0,19,0,0,0.028,-0.016,-1,0.3,-0.6,0
165.983015399996,0,0,19,0,0,0.028,-0.016,-1,0.3,-0.6,0
165.993015399996,0,0.01,19,0,0,0.028,-0.014,-1.001,0.3,-0.5,0.1
166.003015399996,0,0.01,19,0,0,0.028,-0.014,-1.001,0.3,-0.5,0.1
166.013015399996,0,0.01,19,0,0,0.028,-0.014,-1.001,0.3,-0.5,0.1
166.023015399996,0,0.01,19,0,0,0.028,-0.014,-1.001,0.3,-0.5,0.1
166.033015399996,0,0.01,19,0,0,0.028,-0.014,-1.001,0.3,-0.5,0.1
166.043015399996,0,0,19,0,0,0.028,-0.014,-0.999,0.3,-0.6,0
166.053015399996,0,0,19,0,0,0.028,-0.014,-0.999,0.3,-0.6,0
166.063015399996,0,0,19,0,0,0.028,-0.014,-0.999,0.3,-0.6,0
166.073015399996,0,0,19,0,0,0.028,-0.014,-0.999,0.3,-0.6,0
166.083015399996,0,0,19,0,0,0.028,-0.014,-0.999,0.3,-0.6,0
166.093015399996,0,0.01,19,0,0,0.028,-0.016,-1.001,0.3,-0.6,0
166.103015399996,0,0.01,19,0,0,0.028,-0.016,-1.001,0.3,-0.6,0
166.113015399996,0,0.01,19,0,0,0.028,-0.016,-1.001,0.3,-0.6,0
166.123015399996,0,0.01,19,0,0,0.028,-0.016,-1.001,0.3,-0.6,0
166.133015399996,0,0.01,19,0,0,0.028,-0.016,-1.001,0.3,-0.6,0
166.143015399996,0,0,19,0,0,0.028,-0.015,-1.001,0.3,-0.6,0
166.153015399996,0,0,19,0,0,0.028,-0.015,-1.001,0.3,-0.6,0
166.163015399996,0,0,19,0,0,0.028,-0.015,-1.001,0.3,-0.6,0
166.173015399996,0,0,19,0,0,0.028,-0.015,-1.001,0.3,-0.6,0
166.183015399996,0,0,19,0,0,0.028,-0.015,-1.001,0.3,-0.6,0
166.193015399996,0,0,19,0,0,0.028,-0.015,-1,0.4,-0.6,0
166.203015399996,0,0,19,0,0,0.028,-0.015,-1,0.4,-0.6,0
166.213015399996,0,0,19,0,0,0.028,-0.015,-1,0.4,-0.6,0
166.223015399996,0,0,19,0,0,0.028,-0.015,-1,0.4,-0.6,0
166.233015399996,0,0,19,0,0,0.028,-0.015,-1,0.4,-0.6,0
166.243015399996,0,0,19,0,0,0.028,-0.014,-1.001,0.3,-0.5,0.1
166.253015399996,0,0,19,0,0,0.028,-0.014,-1.001,0.3,-0.5,0.1
166.263015399996,0,0,19,0,0,0.028,-0.014,-1.001,0.3,-0.5,0.1
166.273015399996,0,0,19,0,0,0.028,-0.014,-1.001,0.3,-0.5,0.1
166.283015399996,0,0,19,0,0,0.028,-0.014,-1.001,0.3,-0.5,0.1
166.293015399996,0,0.01,19,0,0,0.028,-0.015,-1.001,0.3,-0.6,0
166.303015399996,0,0.01,19,0,0,0.028,-0.015,-1.001,0.3,-0.6,0
166.313015399996,0,0.01,19,0,0,0.028,-0.015,-1.001,0.3,-0.6,0
166.323015399996,0,0.01,19,0,0,0.028,-0.015,-1.001,0.3,-0.6,0
166.333015399996,0,0.01,19,0,0,0.028,-0.015,-1.001,0.3,-0.6,0
166.343015399996,0,0,19,0,0,0.028,-0.014,-1,0.3,-0.6,0
166.353015399996,0,0,19,0,0,0.028,-0.014,-1,0.3,-0.6,0
166.363015399996,0,0,19,0,0,0.028,-0.014,-1,0.3,-0.6,0
166.373015399996,0,0,19,0,0,0.028,-0.014,-1,0.3,-0.6,0
166.383015399996,0,0,19,0,0,0.028,-0.014,-1,0.3,-0.6,0
166.393015399996,0,0.01,19,0,0,0.028,-0.015,-1.001,0.3,-0.5,0
166.403015399996,0,0.01,19,0,0,0.028,-0.015,-1.001,0.3,-0.5,0
166.413015399996,0,0.01,19,0,0,0.028,-0.015,-1.001,0.3,-0.5,0
166.423015399996,0,0.01,19,0,0,0.028,-0.015,-1.001,0.3,-0.5,0
166.433015399996,0,0.01,19,0,0,0.028,-0.015,-1.001,0.3,-0.5,0
166.443015399996,0,0,19,0,0,0.028,-0.016,-1.001,0.3,-0.6,0
166.453015399996,0,0,19,0,0,0.028,-0.016,-1.001,0.3,-0.6,0
166.463015399996,0,0,19,0,0,0.028,-0.016,-1.001,0.3,-0.6,0
166.473015399996,0,0,19,0,0,0.028,-0.016,-1.001,0.3,-0.6,0
166.483015399996,0,0,19,0,0,0.028,-0.016,-1.001,0.3,-0.6,0
166.493015399996,0,0.01,19,0,0,0.028,-0.016,-1,0.3,-0.5,0
166.503015399996,0,0.01,19,0,0,0.028,-0.016,-1,0.3,-0.5,0
166.513015399996,0,0.01,19,0,0,0.028,-0.016,-1,0.3,-0.5,0
166.523015399996,0,0.01,19,0,0,0.028,-0.016,-1,0.3,-0.5,0
166.533015399996,0,0.01,19,0,0,0.028,-0.016,-1,0.3,-0.5,0
166.543015399996,0,0,19,0,0,0.027,-0.014,-1,0.3,-0.6,0
166.553015399996,0,0,19,0,0,0.027,-0.014,-1,0.3,-0.6,0
166.563015399996,0,0,19,0,0,0.027,-0.014,-1,0.3,-0.6,0
166.573015399996,0,0,19,0,0,0.027,-0.014,-1,0.3,-0.6,0
166.583015399996,0,0,19,0,0,0.027,-0.014,-1,0.3,-0.6,0
166.593015399996,0,0,19,0,0,0.029,-0.015,-1.001,0.3,-0.6,0
166.603015399996,0,0,19,0,0,0.029,-0.015,-1.001,0.3,-0.6,0
166.613015399996,0,0,19,0,0,0.029,-0.015,-1.001,0.3,-0.6,0
166.623015399996,0,0,19,0,0,0.029,-0.015,-1.001,0.3,-0.6,0
166.633015399996,0,0,19,0,0,0.029,-0.015,-1.001,0.3,-0.6,0
166.643015399996,0,0,19,0,0,0.027,-0.014,-1.002,0.3,-0.5,0
166.653015399996,0,0,19,0,0,0.027,-0.014,-1.002,0.3,-0.5,0
166.663015399996,0,0,19,0,0,0.027,-0.014,-1.002,0.3,-0.5,0
166.673015399996,0,0,19,0,0,0.027,-0.014,-1.002,0.3,-0.5,0
166.683015399996,0,0,19,0,0,0.027,-0.014,-1.002,0.3,-0.5,0
166.693015399996,0,0,19,0,0,0.029,-0.014,-1,0.3,-0.6,0.1
166.703015399996,0,0,19,0,0,0.029,-0.014,-1,0.3,-0.6,0.1
166.713015399996,0,0,19,0,0,0.029,-0.014,-1,0.3,-0.6,0.1
166.723015399996,0,0,19,0,0,0.029,-0.014,-1,0.3,-0.6,0.1
166.733015399996,0,0,19,0,0,0.029,-0.014,-1,0.3,-0.6,0.1
166.743015399996,0,0,19,0,0,0.027,-0.015,-1,0.3,-0.5,0
166.753015399996,0,0,19,0,0,0.027,-0.015,-1,0.3,-0.5,0
166.763015399996,0,0,19,0,0,0.027,-0.015,-1,0.3,-0.5,0
166.773015399996,0,0,19,0,0,0.027,-0.015,-1,0.3,-0.5,0
166.783015399996,0,0,19,0,0,0.027,-0.015,-1,0.3,-0.5,0
166.793015399996,0,0,19,0,0,0.029,-0.014,-1.001,0.3,-0.5,0
166.803015399996,0,0,19,0,0,0.029,-0.014,-1.001,0.3,-0.5,0
166.813015399996,0,0,19,0,0,0.029,-0.014,-1.001,0.3,-0.5,0
166.823015399996,0,0,19,0,0,0.029,-0.014,-1.001,0.3,-0.5,0
166.833015399996,0,0,19,0,0,0.029,-0.014,-1.001,0.3,-0.5,0
166.843015399996,0,0,19,0,0,0.029,-0.015,-1.001,0.3,-0.6,0
166.853015399996,0,0,19,0,0,0.029,-0.015,-1.001,0.3,-0.6,0
166.863015399996,0,0,19,0,0,0.029,-0.015,-1.001,0.3,-0.6,0
166.873015399996,0,0,19,0,0,0.029,-0.015,-1.001,0.3,-0.6,0
166.883015399996,0,0,19,0,0,0.029,-0.015,-1.001,0.3,-0.6,0
166.893015399996,0,0,19,0,0,0.028,-0.016,-1,0.3,-0.5,0
166.903015399996,0,0,19,0,0,0.028,-0.016,-1,0.3,-0.5,0
166.913015399996,0,0,19,0,0,0.028,-0.016,-1,0.3,-0.5,0
166.923015399996,0,0,19,0,0,0.028,-0.016,-1,0.3,-0.5,0
166.933015399996,0,0,19,0,0,0.028,-0.016,-1,0.3,-0.5,0
166.943015399996,0,0,19,0,0,0.027,-0.015,-1,0.3,-0.6,0
166.953015399996,0,0,19,0,0,0.027,-0.015,-1,0.3,-0.6,0
166.963015399996,0,0,19,0,0,0.027,-0.015,-1,0.3,-0.6,0
166.973015399996,0,0,19,0,0,0.027,-0.015,-1,0.3,-0.6,0
166.983015399996,0,0,19,0,0,0.027,-0.015,-1,0.3,-0.6,0
166.993015399996,0,0,19,0,0,0.028,-0.016,-1.001,0.3,-0.6,0
167.003015399996,0,0,19,0,0,0.028,-0.016,-1.001,0.3,-0.6,0
167.013015399996,0,0,19,0,0,0.028,-0.016,-1.001,0.3,-0.6,0
167.023015399996,0,0,19,0,0,0.028,-0.016,-1.001,0.3,-0.6,0
167.033015399996,0,0,19,0,0,0.028,-0.016,-1.001,0.3,-0.6,0
167.043015399996,0,0,19,0,0,0.027,-0.014,-1.001,0.3,-0.6,0
167.053015399996,0,0,19,0,0,0.027,-0.014,-1.001,0.3,-0.6,0
167.063015399996,0,0,19,0,0,0.027,-0.014,-1.001,0.3,-0.6,0
167.073015399996,0,0,19,0,0,0.027,-0.014,-1.001,0.3,-0.6,0
167.083015399996,0,0,19,0,0,0.027,-0.014,-1.001,0.3,-0.6,0
167.093015399996,0,0,19,0,0,0.028,-0.016,-1.001,0.3,-0.6,0
167.103015399996,0,0,19,0,0,0.028,-0.016,-1.001,0.3,-0.6,0
167.113015399996,0,0,19,0,0,0.028,-0.016,-1.001,0.3,-0.6,0
167.123015399996,0,0,19,0,0,0.028,-0.016,-1.001,0.3,-0.6,0
167.133015399996,0,0,19,0,0,0.028,-0.016,-1.001,0.3,-0.6,0
167.143015399996,0,0,19,0,0,0.028,-0.014,-1.001,0.3,-0.6,0.1
167.153015399996,0,0,19,0,0,0.028,-0.014,-1.001,0.3,-0.6,0.1
167.163015399996,0,0,19,0,0,0.028,-0.014,-1.001,0.3,-0.6,0.1
167.173015399996,0,0,19,0,0,0.028,-0.014,-1.001,0.3,-0.6,0.1
167.183015399996,0,0,19,0,0,0.028,-0.014,-1.001,0.3,-0.6,0.1
167.193015399996,0,0,19,0,0,0.027,-0.016,-1.001,0.3,-0.6,0
167.203015399996,0,0,19,0,0,0.027,-0.016,-1.001,0.3,-0.6,0
167.213015399996,0,0,19,0,0,0.027,-0.016,-1.001,0.3,-0.6,0
167.223015399996,0,0,19,0,0,0.027,-0.016,-1.001,0.3,-0.6,0
167.233015399996,0,0,19,0,0,0.027,-0.016,-1.001,0.3,-0.6,0
167.243015399996,0,0,19,0,0,0.028,-0.015,-1.001,0.3,-0.5,0
167.253015399996,0,0,19,0,0,0.028,-0.015,-1.001,0.3,-0.5,0
167.263015399996,0,0,19,0,0,0.028,-0.015,-1.001,0.3,-0.5,0
167.273015399996,0,0,19,0,0,0.028,-0.015,-1.001,0.3,-0.5,0
167.283015399996,0,0,19,0,0,0.028,-0.015,-1.001,0.3,-0.5,0
167.293015399996,0,0,19,0,0,0.028,-0.014,-1.001,0.3,-0.5,0
167.303015399996,0,0,19,0,0,0.028,-0.014,-1.001,0.3,-0.5,0
167.313015399996,0,0,19,0,0,0.028,-0.014,-1.001,0.3,-0.5,0
167.323015399996,0,0,19,0,0,0.028,-0.014,-1.001,0.3,-0.5,0
167.333015399996,0,0,19,0,0,0.028,-0.014,-1.001,0.3,-0.5,0
167.343015399996,0,0,19,0,0,0.028,-0.015,-1.001,0.3,-0.6,0
167.353015399996,0,0,19,0,0,0.028,-0.015,-1.001,0.3,-0.6,0
167.363015399996,0,0,19,0,0,0.028,-0.015,-1.001,0.3,-0.6,0
167.373015399996,0,0,19,0,0,0.028,-0.015,-1.001,0.3,-0.6,0
167.383015399996,0,0,19,0,0,0.028,-0.015,-1.001,0.3,-0.6,0
167.393015399996,0,0,19,0,0,0.028,-0.016,-1.003,0.3,-0.5,0
167.403015399996,0,0,19,0,0,0.028,-0.016,-1.003,0.3,-0.5,0
167.413015399996,0,0,19,0,0,0.028,-0.016,-1.003,0.3,-0.5,0
167.423015399996,0,0,19,0,0,0.028,-0.016,-1.003,0.3,-0.5,0
167.433015399996,0,0,19,0,0,0.028,-0.016,-1.003,0.3,-0.5,0
167.443015399996,0,0.01,19,0,0,0.028,-0.014,-1.002,0.3,-0.7,0
167.453015399996,0,0.01,19,0,0,0.028,-0.014,-1.002,0.3,-0.7,0
167.463015399996,0,0.01,19,0,0,0.028,-0.014,-1.002,0.3,-0.7,0
167.473015399996,0,0.01,19,0,0,0.028,-0.014,-1.002,0.3,-0.7,0
167.483015399996,0,0.01,19,0,0,0.028,-0.014,-1.002,0.3,-0.7,0
167.493015399996,0,0,19,0,0,0.029,-0.014,-1.001,0.3,-0.5,0
167.503015399996,0,0,19,0,0,0.029,-0.014,-1.001,0.3,-0.5,0
167.513015399996,0,0,19,0,0,0.029,-0.014,-1.001,0.3,-0.5,0
167.523015399996,0,0,19,0,0,0.029,-0.014,-1.001,0.3,-0.5,0
167.533015399996,0,0,19,0,0,0.029,-0.014,-1.001,0.3,-0.5,0
167.543015399996,0,0,19,0,0,0.028,-0.015,-1.002,0.3,-0.6,0
167.553015399996,0,0,19,0,0,0.028,-0.015,-1.002,0.3,-0.6,0
167.563015399996,0,0,19,0,0,0.028,-0.015,-1.002,0.3,-0.6,0
167.573015399996,0,0,19,0,0,0.028,-0.015,-1.002,0.3,-0.6,0
167.583015399996,0,0,19,0,0,0.028,-0.015,-1.002,0.3,-0.6,0
167.593015399996,0,0,19,0,0,0.028,-0.014,-1.002,0.3,-0.6,0
167.603015399996,0,0,19,0,0,0.028,-0.014,-1.002,0.3,-0.6,0
167.613015399996,0,0,19,0,0,0.028,-0.014,-1.002,0.3,-0.6,0
167.623015399996,0,0,19,0,0,0.028,-0.014,-1.002,0.3,-0.6,0
167.633015399996,0,0,19,0,0,0.028,-0.014,-1.002,0.3,-0.6,0
167.643015399996,0,0,19,0,0,0.029,-0.015,-1.001,0.3,-0.5,0
167.653015399996,0,0,19,0,0,0.029,-0.015,-1.001,0.3,-0.5,0
167.663015399996,0,0,19,0,0,0.029,-0.015,-1.001,0.3,-0.5,0
167.673015399996,0,0,19,0,0,0.029,-0.015,-1.001,0.3,-0.5,0
167.683015399996,0,0,19,0,0,0.029,-0.015,-1.001,0.3,-0.5,0
167.693015399996,0,0,19,0,0,0.027,-0.014,-1,0.3,-0.6,0
167.703015399996,0,0,19,0,0,0.027,-0.014,-1,0.3,-0.6,0
167.713015399996,0,0,19,0,0,0.027,-0.014,-1,0.3,-0.6,0
167.723015399996,0,0,19,0,0,0.027,-0.014,-1,0.3,-0.6,0
167.733015399996,0,0,19,0,0,0.027,-0.014,-1,0.3,-0.6,0
167.743015399996,0,0,19,0,0,0.028,-0.015,-1.002,0.3,-0.6,0
167.753015399996,0,0,19,0,0,0.028,-0.015,-1.002,0.3,-0.6,0
167.763015399996,0,0,19,0,0,0.028,-0.015,-1.002,0.3,-0.6,0
167.773015399996,0,0,19,0,0,0.028,-0.015,-1.002,0.3,-0.6,0
167.783015399996,0,0,19,0,0,0.028,-0.015,-1.002,0.3,-0.6,0
167.793015399996,0,0,19,0,0,0.027,-0.016,-1.002,0.3,-0.6,0
167.803015399996,0,0,19,0,0,0.027,-0.016,-1.002,0.3,-0.6,0
167.813015399996,0,0,19,0,0,0.027,-0.016,-1.002,0.3,-0.6,0
167.823015399996,0,0,19,0,0,0.027,-0.016,-1.002,0.3,-0.6,0
167.833015399996,0,0,19,0,0,0.027,-0.016,-1.002,0.3,-0.6,0
167.843015399995,0,0,19,0,0,0.029,-0.015,-1.001,0.3,-0.6,0.1
167.853015399995,0,0,19,0,0,0.029,-0.015,-1.001,0.3,-0.6,0.1
167.863015399996,0,0,19,0,0,0.029,-0.015,-1.001,0.3,-0.6,0.1
167.873015399995,0,0,19,0,0,0.029,-0.015,-1.001,0.3,-0.6,0.1
167.883015399995,0,0,19,0,0,0.029,-0.015,-1.001,0.3,-0.6,0.1
167.893015399995,0,0,19,0,0,0.027,-0.015,-1.001,0.3,-0.6,0
167.903015399995,0,0,19,0,0,0.027,-0.015,-1.001,0.3,-0.6,0
167.913015399995,0,0,19,0,0,0.027,-0.015,-1.001,0.3,-0.6,0
167.923015399995,0,0,19,0,0,0.027,-0.015,-1.001,0.3,-0.6,0
167.933015399995,0,0,19,0,0,0.027,-0.015,-1.001,0.3,-0.6,0
167.943015399995,0,0,19,0,0,0.028,-0.014,-1.001,0.2,-0.5,0
167.953015399995,0,0,19,0,0,0.028,-0.014,-1.001,0.2,-0.5,0
167.963015399995,0,0,19,0,0,0.028,-0.014,-1.001,0.2,-0.5,0
167.973015399995,0,0,19,0,0,0.028,-0.014,-1.001,0.2,-0.5,0
167.983015399995,0,0,19,0,0,0.028,-0.014,-1.001,0.2,-0.5,0
167.993015399995,0,0,19,0,0,0.029,-0.015,-1.002,0.3,-0.5,0.1
168.003015399995,0,0,19,0,0,0.029,-0.015,-1.002,0.3,-0.5,0.1
168.013015399995,0,0,19,0,0,0.029,-0.015,-1.002,0.3,-0.5,0.1
168.023015399995,0,0,19,0,0,0.029,-0.015,-1.002,0.3,-0.5,0.1
168.033015399995,0,0,19,0,0,0.029,-0.015,-1.002,0.3,-0.5,0.1
168.043015399995,0,0,19,0,0,0.029,-0.013,-1.002,0.3,-0.6,0
168.053015399995,0,0,19,0,0,0.029,-0.013,-1.002,0.3,-0.6,0
168.063015399995,0,0,19,0,0,0.029,-0.013,-1.002,0.3,-0.6,0
168.073015399995,0,0,19,0,0,0.029,-0.013,-1.002,0.3,-0.6,0
168.083015399995,0,0,19,0,0,0.029,-0.013,-1.002,0.3,-0.6,0
168.093015399995,0,0,19,0,0,0.027,-0.015,-1.002,0.3,-0.6,0
168.103015399995,0,0,19,0,0,0.027,-0.015,-1.002,0.3,-0.6,0
168.113015399995,0,0,19,0,0,0.027,-0.015,-1.002,0.3,-0.6,0
168.123015399995,0,0,19,0,0,0.027,-0.015,-1.002,0.3,-0.6,0
168.133015399995,0,0,19,0,0,0.027,-0.015,-1.002,0.3,-0.6,0
168.143015399995,0,0,19,0,0,0.029,-0.014,-1.002,0.3,-0.5,0
168.153015399995,0,0,19,0,0,0.029,-0.014,-1.002,0.3,-0.5,0
168.163015399995,0,0,19,0,0,0.029,-0.014,-1.002,0.3,-0.5,0
168.173015399995,0,0,19,0,0,0.029,-0.014,-1.002,0.3,-0.5,0
168.183015399995,0,0,19,0,0,0.029,-0.014,-1.002,0.3,-0.5,0
168.193015399995,0,0,19,0,0,0.027,-0.016,-1.001,0.3,-0.5,0
168.203015399995,0,0,19,0,0,0.027,-0.016,-1.001,0.3,-0.5,0
168.213015399995,0,0,19,0,0,0.027,-0.016,-1.001,0.3,-0.5,0
168.223015399995,0,0,19,0,0,0.027,-0.016,-1.001,0.3,-0.5,0
168.233015399995,0,0,19,0,0,0.027,-0.016,-1.001,0.3,-0.5,0
168.243015399995,0,0.01,19,0,0,0.029,-0.014,-1.001,0.3,-0.6,0.1
168.253015399995,0,0.01,19,0,0,0.029,-0.014,-1.001,0.3,-0.6,0.1
168.263015399995,0,0.01,19,0,0,0.029,-0.014,-1.001,0.3,-0.6,0.1
168.273015399995,0,0.01,19,0,0,0.029,-0.014,-1.001,0.3,-0.6,0.1
168.283015399995,0,0.01,19,0,0,0.029,-0.014,-1.001,0.3,-0.6,0.1
168.293015399995,0,0,19,0,0,0.028,-0.016,-1.002,0.3,-0.6,0
168.303015399995,0,0,19,0,0,0.028,-0.016,-1.002,0.3,-0.6,0
168.313015399995,0,0,19,0,0,0.028,-0.016,-1.002,0.3,-0.6,0
168.323015399995,0,0,19,0,0,0.028,-0.016,-1.002,0.3,-0.6,0
168.333015399995,0,0,19,0,0,0.028,-0.016,-1.002,0.3,-0.6,0
168.343015399995,0,0,19,0,0,0.028,-0.014,-1.002,0.3,-0.6,0
168.353015399995,0,0,19,0,0,0.028,-0.014,-1.002,0.3,-0.6,0
168.363015399995,0,0,19,0,0,0.028,-0.014,-1.002,0.3,-0.6,0
168.373015399995,0,0,19,0,0,0.028,-0.014,-1.002,0.3,-0.6,0
168.383015399995,0,0,19,0,0,0.028,-0.014,-1.002,0.3,-0.6,0
168.393015399995,0,0,19,0,0,0.028,-0.015,-1.002,0.3,-0.6,0
168.403015399995,0,0,19,0,0,0.028,-0.015,-1.002,0.3,-0.6,0
168.413015399995,0,0,19,0,0,0.028,-0.015,-1.002,0.3,-0.6,0
168.423015399995,0,0,19,0,0,0.028,-0.015,-1.002,0.3,-0.6,0
168.433015399995,0,0,19,0,0,0.028,-0.015,-1.002,0.3,-0.6,0
168.443015399995,0,0,19,0,0,0.029,-0.016,-1.002,0.3,-0.5,0
168.453015399995,0,0,19,0,0,0.029,-0.016,-1.002,0.3,-0.5,0
168.463015399995,0,0,19,0,0,0.029,-0.016,-1.002,0.3,-0.5,0
168.473015399995,0,0,19,0,0,0.029,-0.016,-1.002,0.3,-0.5,0
168.483015399995,0,0,19,0,0,0.029,-0.016,-1.002,0.3,-0.5,0
168.493015399995,0,0,19,0,0,0.029,-0.015,-1.001,0.3,-0.6,0
168.503015399995,0,0,19,0,0,0.029,-0.015,-1.001,0.3,-0.6,0
168.513015399995,0,0,19,0,0,0.029,-0.015,-1.001,0.3,-0.6,0
168.523015399995,0,0,19,0,0,0.029,-0.015,-1.001,0.3,-0.6,0
168.533015399995,0,0,19,0,0,0.029,-0.015,-1.001,0.3,-0.6,0
168.543015399995,0,0,19,0,0,0.028,-0.015,-1.001,0.3,-0.6,0
168.553015399995,0,0,19,0,0,0.028,-0.015,-1.001,0.3,-0.6,0
168.563015399995,0,0,19,0,0,0.028,-0.015,-1.001,0.3,-0.6,0
168.573015399995,0,0,19,0,0,0.028,-0.015,-1.001,0.3,-0.6,0
168.583015399995,0,0,19,0,0,0.028,-0.015,-1.001,0.3,-0.6,0
168.593015399995,0,0,19,0,0,0.029,-0.015,-1.002,0.3,-0.6,0
168.603015399995,0,0,19,0,0,0.029,-0.015,-1.002,0.3,-0.6,0
168.613015399995,0,0,19,0,0,0.029,-0.015,-1.002,0.3,-0.6,0
168.623015399995,0,0,19,0,0,0.029,-0.015,-1.002,0.3,-0.6,0
168.633015399995,0,0,19,0,0,0.029,-0.015,-1.002,0.3,-0.6,0
168.643015399995,0,0,19,0,0,0.028,-0.015,-1,0.3,-0.6,0
168.653015399995,0,0,19,0,0,0.028,-0.015,-1,0.3,-0.6,0
168.663015399995,0,0,19,0,0,0.028,-0.015,-1,0.3,-0.6,0
168.673015399995,0,0,19,0,0,0.028,-0.015,-1,0.3,-0.6,0
168.683015399995,0,0,19,0,0,0.028,-0.015,-1,0.3,-0.6,0
168.693015399995,0,0,19,0,0,0.028,-0.016,-1.002,0.3,-0.6,0
168.703015399995,0,0,19,0,0,0.028,-0.016,-1.002,0.3,-0.6,0
168.713015399995,0,0,19,0,0,0.028,-0.016,-1.002,0.3,-0.6,0
168.723015399995,0,0,19,0,0,0.028,-0.016,-1.002,0.3,-0.6,0
168.733015399995,0,0,19,0,0,0.028,-0.016,-1.002,0.3,-0.6,0
168.743015399995,0,0,19,0,0,0.028,-0.015,-1.001,0.3,-0.6,0
168.753015399995,0,0,19,0,0,0.028,-0.015,-1.001,0.3,-0.6,0
168.763015399995,0,0,19,0,0,0.028,-0.015,-1.001,0.3,-0.6,0
168.773015399995,0,0,19,0,0,0.028,-0.015,-1.001,0.3,-0.6,0
168.783015399995,0,0,19,0,0,0.028,-0.015,-1.001,0.3,-0.6,0
168.793015399995,0,0,19,0,0,0.028,-0.014,-1.002,0.3,-0.5,0
168.803015399995,0,0,19,0,0,0.028,-0.014,-1.002,0.3,-0.5,0
168.813015399995,0,0,19,0,0,0.028,-0.014,-1.002,0.3,-0.5,0
168.823015399995,0,0,19,0,0,0.028,-0.014,-1.002,0.3,-0.5,0
168.833015399995,0,0,19,0,0,0.028,-0.014,-1.002,0.3,-0.5,0
168.843015399995,0,0,19,0,0,0.029,-0.015,-1.001,0.3,-0.6,0
168.853015399995,0,0,19,0,0,0.029,-0.015,-1.001,0.3,-0.6,0
168.863015399995,0,0,19,0,0,0.029,-0.015,-1.001,0.3,-0.6,0
168.873015399995,0,0,19,0,0,0.029,-0.015,-1.001,0.3,-0.6,0
168.883015399995,0,0,19,0,0,0.029,-0.015,-1.001,0.3,-0.6,0
168.893015399995,0,0,19,0,0,0.029,-0.015,-1.001,0.3,-0.6,0
168.903015399995,0,0,19,0,0,0.029,-0.015,-1.001,0.3,-0.6,0
168.913015399995,0,0,19,0,0,0.029,-0.015,-1.001,0.3,-0.6,0
168.923015399995,0,0,19,0,0,0.029,-0.015,-1.001,0.3,-0.6,0
168.933015399995,0,0,19,0,0,0.029,-0.015,-1.001,0.3,-0.6,0
168.943015399995,0,0,19,0,0,0.028,-0.014,-1.001,0.3,-0.6,0
168.953015399995,0,0,19,0,0,0.028,-0.014,-1.001,0.3,-0.6,0
168.963015399995,0,0,19,0,0,0.028,-0.014,-1.001,0.3,-0.6,0
168.973015399995,0,0,19,0,0,0.028,-0.014,-1.001,0.3,-0.6,0
168.983015399995,0,0,19,0,0,0.028,-0.014,-1.001,0.3,-0.6,0
168.993015399995,0,0,19,0,0,0.028,-0.016,-1,0.3,-0.6,0
169.003015399995,0,0,19,0,0,0.028,-0.016,-1,0.3,-0.6,0
169.013015399995,0,0,19,0,0,0.028,-0.016,-1,0.3,-0.6,0
169.023015399995,0,0,19,0,0,0.028,-0.016,-1,0.3,-0.6,0
169.033015399995,0,0,19,0,0,0.028,-0.016,-1,0.3,-0.6,0
169.043015399995,0,0,19,0,0,0.027,-0.015,-1.002,0.3,-0.6,0
169.053015399995,0,0,19,0,0,0.027,-0.015,-1.002,0.3,-0.6,0
169.063015399995,0,0,19,0,0,0.027,-0.015,-1.002,0.3,-0.6,0
169.073015399995,0,0,19,0,0,0.027,-0.015,-1.002,0.3,-0.6,0
169.083015399995,0,0,19,0,0,0.027,-0.015,-1.002,0.3,-0.6,0
169.093015399995,0,0,19,0,0,0.027,-0.015,-1.001,0.3,-0.6,0
169.103015399995,0,0,19,0,0,0.027,-0.015,-1.001,0.3,-0.6,0
169.113015399995,0,0,19,0,0,0.027,-0.015,-1.001,0.3,-0.6,0
169.123015399995,0,0,19,0,0,0.027,-0.015,-1.001,0.3,-0.6,0
169.133015399995,0,0,19,0,0,0.027,-0.015,-1.001,0.3,-0.6,0
169.143015399995,0,0,19,0,0,0.028,-0.015,-1,0.3,-0.6,0
169.153015399995,0,0,19,0,0,0.028,-0.015,-1,0.3,-0.6,0
169.163015399995,0,0,19,0,0,0.028,-0.015,-1,0.3,-0.6,0
169.173015399995,0,0,19,0,0,0.028,-0.015,-1,0.3,-0.6,0
169.183015399995,0,0,19,0,0,0.028,-0.015,-1,0.3,-0.6,0
169.193015399995,0,0,19,0,0,0.027,-0.015,-1.001,0.3,-0.5,0
169.203015399995,0,0,19,0,0,0.027,-0.015,-1.001,0.3,-0.5,0
169.213015399995,0,0,19,0,0,0.027,-0.015,-1.001,0.3,-0.5,0
169.223015399995,0,0,19,0,0,0.027,-0.015,-1.001,0.3,-0.5,0
169.233015399995,0,0,19,0,0,0.027,-0.015,-1.001,0.3,-0.5,0
169.243015399995,0,0.01,19,0,0,0.029,-0.015,-1,0.3,-0.5,0
169.253015399995,0,0.01,19,0,0,0.029,-0.015,-1,0.3,-0.5,0
169.263015399995,0,0.01,19,0,0,0.029,-0.015,-1,0.3,-0.5,0
169.273015399995,0,0.01,19,0,0,0.029,-0.015,-1,0.3,-0.5,0
169.283015399995,0,0.01,19,0,0,0.029,-0.015,-1,0.3,-0.5,0
169.293015399995,0,0,19,0,0,0.028,-0.016,-1.001,0.3,-0.6,0
169.303015399995,0,0,19,0,0,0.028,-0.016,-1.001,0.3,-0.6,0
169.313015399995,0,0,19,0,0,0.028,-0.016,-1.001,0.3,-0.6,0
169.323015399995,0,0,19,0,0,0.028,-0.016,-1.001,0.3,-0.6,0
169.333015399995,0,0,19,0,0,0.028,-0.016,-1.001,0.3,-0.6,0
169.343015399995,0,0,19,0,0,0.028,-0.014,-1,0.3,-0.6,0.1
169.353015399995,0,0,19,0,0,0.028,-0.014,-1,0.3,-0.6,0.1
169.363015399995,0,0,19,0,0,0.028,-0.014,-1,0.3,-0.6,0.1
169.373015399995,0,0,19,0,0,0.028,-0.014,-1,0.3,-0.6,0.1
169.383015399995,0,0,19,0,0,0.028,-0.014,-1,0.3,-0.6,0.1
169.393015399995,0,0,19,0,0,0.029,-0.016,-1.001,0.3,-0.6,0
169.403015399995,0,0,19,0,0,0.029,-0.016,-1.001,0.3,-0.6,0
169.413015399995,0,0,19,0,0,0.029,-0.016,-1.001,0.3,-0.6,0
169.423015399995,0,0,19,0,0,0.029,-0.016,-1.001,0.3,-0.6,0
169.433015399995,0,0,19,0,0,0.029,-0.016,-1.001,0.3,-0.6,0
169.443015399995,0,0,19,0,0,0.027,-0.015,-1.002,0.2,-0.6,0
169.453015399995,0,0,19,0,0,0.027,-0.015,-1.002,0.2,-0.6,0
169.463015399995,0,0,19,0,0,0.027,-0.015,-1.002,0.2,-0.6,0
169.473015399995,0,0,19,0,0,0.027,-0.015,-1.002,0.2,-0.6,0
169.483015399995,0,0,19,0,0,0.027,-0.015,-1.002,0.2,-0.6,0
169.493015399995,0,0,19,0,0,0.029,-0.015,-1.001,0.4,-0.6,0
169.503015399995,0,0,19,0,0,0.029,-0.015,-1.001,0.4,-0.6,0
169.513015399995,0,0,19,0,0,0.029,-0.015,-1.001,0.4,-0.6,0
169.523015399995,0,0,19,0,0,0.029,-0.015,-1.001,0.4,-0.6,0
169.533015399995,0,0,19,0,0,0.029,-0.015,-1.001,0.4,-0.6,0
169.543015399995,0,0,19,0,0,0.028,-0.016,-1.003,0.3,-0.6,0
169.553015399995,0,0,19,0,0,0.028,-0.016,-1.003,0.3,-0.6,0
169.563015399995,0,0,19,0,0,0.028,-0.016,-1.003,0.3,-0.6,0
169.573015399995,0,0,19,0,0,0.028,-0.016,-1.003,0.3,-0.6,0
169.583015399995,0,0,19,0,0,0.028,-0.016,-1.003,0.3,-0.6,0
169.593015399995,0,0,19,0,0,0.029,-0.017,-1.002,0.3,-0.6,0
169.603015399995,0,0,19,0,0,0.029,-0.017,-1.002,0.3,-0.6,0
169.613015399995,0,0,19,0,0,0.029,-0.017,-1.002,0.3,-0.6,0
169.623015399995,0,0,19,0,0,0.029,-0.017,-1.002,0.3,-0.6,0
169.633015399995,0,0,19,0,0,0.029,-0.017,-1.002,0.3,-0.6,0
169.643015399995,0,0,19,0,0,0.028,-0.014,-1.001,0.3,-0.5,0
169.653015399995,0,0,19,0,0,0.028,-0.014,-1.001,0.3,-0.5,0
169.663015399995,0,0,19,0,0,0.028,-0.014,-1.001,0.3,-0.5,0
169.673015399995,0,0,19,0,0,0.028,-0.014,-1.001,0.3,-0.5,0
169.683015399995,0,0,19,0,0,0.028,-0.014,-1.001,0.3,-0.5,0
169.693015399995,0,0,19,0,0,0.029,-0.015,-1.001,0.3,-0.6,0
169.703015399995,0,0,19,0,0,0.029,-0.015,-1.001,0.3,-0.6,0
169.713015399995,0,0,19,0,0,0.029,-0.015,-1.001,0.3,-0.6,0
169.723015399995,0,0,19,0,0,0.029,-0.015,-1.001,0.3,-0.6,0
169.733015399995,0,0,19,0,0,0.029,-0.015,-1.001,0.3,-0.6,0
169.743015399995,0,0,19,0,0,0.028,-0.016,-1,0.3,-0.5,0
169.753015399995,0,0,19,0,0,0.028,-0.016,-1,0.3,-0.5,0
169.763015399995,0,0,19,0,0,0.028,-0.016,-1,0.3,-0.5,0
169.773015399995,0,0,19,0,0,0.028,-0.016,-1,0.3,-0.5,0
169.783015399995,0,0,19,0,0,0.028,-0.016,-1,0.3,-0.5,0
169.793015399995,0,0,19,0,0,0.028,-0.015,-1.003,0.3,-0.5,0
169.803015399995,0,0,19,0,0,0.028,-0.015,-1.003,0.3,-0.5,0
169.813015399995,0,0,19,0,0,0.028,-0.015,-1.003,0.3,-0.5,0
169.823015399995,0,0,19,0,0,0.028,-0.015,-1.003,0.3,-0.5,0
169.833015399995,0,0,19,0,0,0.028,-0.015,-1.003,0.3,-0.5,0
169.843015399995,0,0,19,0,0,0.029,-0.014,-1.001,0.2,-0.6,0
169.853015399995,0,0,19,0,0,0.029,-0.014,-1.001,0.2,-0.6,0
169.863015399995,0,0,19,0,0,0.029,-0.014,-1.001,0.2,-0.6,0
169.873015399995,0,0,19,0,0,0.029,-0.014,-1.001,0.2,-0.6,0
169.883015399995,0,0,19,0,0,0.029,-0.014,-1.001,0.2,-0.6,0
169.893015399995,0,0,19,0,0,0.027,-0.015,-1.001,0.3,-0.5,0
169.903015399995,0,0,19,0,0,0.027,-0.015,-1.001,0.3,-0.5,0
169.913015399995,0,0,19,0,0,0.027,-0.015,-1.001,0.3,-0.5,0
169.923015399995,0,0,19,0,0,0.027,-0.015,-1.001,0.3,-0.5,0
169.933015399995,0,0,19,0,0,0.027,-0.015,-1.001,0.3,-0.5,0
169.943015399995,0,0,19,0,0,0.028,-0.015,-1.002,0.3,-0.6,0
169.953015399995,0,0,19,0,0,0.028,-0.015,-1.002,0.3,-0.6,0
169.963015399995,0,0,19,0,0,0.028,-0.015,-1.002,0.3,-0.6,0
169.973015399995,0,0,19,0,0,0.028,-0.015,-1.002,0.3,-0.6,0
169.983015399995,0,0,19,0,0,0.028,-0.015,-1.002,0.3,-0.6,0
169.993015399995,0,0,19,0,0,0.027,-0.014,-1.002,0.3,-0.6,0
170.003015399995,0,0,19,0,0,0.027,-0.014,-1.002,0.3,-0.6,0
170.013015399995,0,0,19,0,0,0.027,-0.014,-1.002,0.3,-0.6,0
170.023015399995,0,0,19,0,0,0.027,-0.014,-1.002,0.3,-0.6,0
170.033015399995,0,0,19,0,0,0.027,-0.014,-1.002,0.3,-0.6,0
170.043015399995,0,0.01,19,0,0,0.029,-0.016,-1.001,0.3,-0.6,0
170.053015399995,0,0.01,19,0,0,0.029,-0.016,-1.001,0.3,-0.6,0
170.063015399995,0,0.01,19,0,0,0.029,-0.016,-1.001,0.3,-0.6,0
170.073015399995,0,0.01,19,0,0,0.029,-0.016,-1.001,0.3,-0.6,0
170.083015399995,0,0.01,19,0,0,0.029,-0.016,-1.001,0.3,-0.6,0
170.093015399995,0,0,19,0,0,0.028,-0.014,-1.001,0.3,-0.6,0
170.103015399995,0,0,19,0,0,0.028,-0.014,-1.001,0.3,-0.6,0
170.113015399995,0,0,19,0,0,0.028,-0.014,-1.001,0.3,-0.6,0
170.123015399995,0,0,19,0,0,0.028,-0.014,-1.001,0.3,-0.6,0
170.133015399995,0,0,19,0,0,0.028,-0.014,-1.001,0.3,-0.6,0
170.143015399995,0,0.01,19,0,0,0.03,-0.015,-1.001,0.3,-0.6,0
170.153015399995,0,0.01,19,0,0,0.03,-0.015,-1.001,0.3,-0.6,0
170.163015399995,0,0.01,19,0,0,0.03,-0.015,-1.001,0.3,-0.6,0
170.173015399995,0,0.01,19,0,0,0.03,-0.015,-1.001,0.3,-0.6,0
170.183015399995,0,0.01,19,0,0,0.03,-0.015,-1.001,0.3,-0.6,0
170.193015399995,0,0,19,0,0,0.027,-0.014,-1.002,0.2,-0.5,0
170.203015399995,0,0,19,0,0,0.027,-0.014,-1.002,0.2,-0.5,0
170.213015399995,0,0,19,0,0,0.027,-0.014,-1.002,0.2,-0.5,0
170.223015399995,0,0,19,0,0,0.027,-0.014,-1.002,0.2,-0.5,0
170.233015399995,0,0,19,0,0,0.027,-0.014,-1.002,0.2,-0.5,0
170.243015399995,0,0,19,0,0,0.028,-0.015,-1.001,0.3,-0.6,0
170.253015399995,0,0,19,0,0,0.028,-0.015,-1.001,0.3,-0.6,0
170.263015399995,0,0,19,0,0,0.028,-0.015,-1.001,0.3,-0.6,0
170.273015399995,0,0,19,0,0,0.028,-0.015,-1.001,0.3,-0.6,0
170.283015399995,0,0,19,0,0,0.028,-0.015,-1.001,0.3,-0.6,0
170.293015399995,0,0,19,0,0,0.028,-0.016,-1.001,0.3,-0.6,0
170.303015399995,0,0,19,0,0,0.028,-0.016,-1.001,0.3,-0.6,0
170.313015399995,0,0,19,0,0,0.028,-0.016,-1.001,0.3,-0.6,0
170.323015399995,0,0,19,0,0,0.028,-0.016,-1.001,0.3,-0.6,0
170.333015399995,0,0,19,0,0,0.028,-0.016,-1.001,0.3,-0.6,0
170.343015399995,0,0,19,0,0,0.028,-0.015,-1.002,0.3,-0.6,0
170.353015399995,0,0,19,0,0,0.028,-0.015,-1.002,0.3,-0.6,0
170.363015399995,0,0,19,0,0,0.028,-0.015,-1.002,0.3,-0.6,0
170.373015399995,0,0,19,0,0,0.028,-0.015,-1.002,0.3,-0.6,0
170.383015399995,0,0,19,0,0,0.028,-0.015,-1.002,0.3,-0.6,0
170.393015399995,0,0,19,0,0,0.028,-0.014,-1,0.3,-0.6,0
170.403015399995,0,0,19,0,0,0.028,-0.014,-1,0.3,-0.6,0
170.413015399995,0,0,19,0,0,0.028,-0.014,-1,0.3,-0.6,0
170.423015399995,0,0,19,0,0,0.028,-0.014,-1,0.3,-0.6,0
170.433015399995,0,0,19,0,0,0.028,-0.014,-1,0.3,-0.6,0
170.443015399995,0,0,19,0,0,0.028,-0.015,-1.001,0.3,-0.6,0
170.453015399995,0,0,19,0,0,0.028,-0.015,-1.001,0.3,-0.6,0
170.463015399995,0,0,19,0,0,0.028,-0.015,-1.001,0.3,-0.6,0
170.473015399995,0,0,19,0,0,0.028,-0.015,-1.001,0.3,-0.6,0
170.483015399995,0,0,19,0,0,0.028,-0.015,-1.001,0.3,-0.6,0
170.493015399995,0,0,19,0,0,0.028,-0.015,-1.002,0.3,-0.6,0
170.503015399995,0,0,19,0,0,0.028,-0.015,-1.002,0.3,-0.6,0
170.513015399995,0,0,19,0,0,0.028,-0.015,-1.002,0.3,-0.6,0
170.523015399995,0,0,19,0,0,0.028,-0.015,-1.002,0.3,-0.6,0
170.533015399995,0,0,19,0,0,0.028,-0.015,-1.002,0.3,-0.6,0
170.543015399995,0,0,19,0,0,0.028,-0.015,-1.002,0.3,-0.6,0
170.553015399995,0,0,19,0,0,0.028,-0.015,-1.002,0.3,-0.6,0
170.563015399995,0,0,19,0,0,0.028,-0.015,-1.002,0.3,-0.6,0
170.573015399995,0,0,19,0,0,0.028,-0.015,-1.002,0.3,-0.6,0
170.583015399995,0,0,19,0,0,0.028,-0.015,-1.002,0.3,-0.6,0
170.593015399995,0,0,19,0,0,0.028,-0.015,-1.001,0.3,-0.6,0
170.603015399995,0,0,19,0,0,0.028,-0.015,-1.001,0.3,-0.6,0
170.613015399995,0,0,19,0,0,0.028,-0.015,-1.001,0.3,-0.6,0
170.623015399995,0,0,19,0,0,0.028,-0.015,-1.001,0.3,-0.6,0
170.633015399995,0,0,19,0,0,0.028,-0.015,-1.001,0.3,-0.6,0
170.643015399995,0,0,19,0,0,0.028,-0.016,-1.001,0.3,-0.5,0
170.653015399995,0,0,19,0,0,0.028,-0.016,-1.001,0.3,-0.5,0
170.663015399995,0,0,19,0,0,0.028,-0.016,-1.001,0.3,-0.5,0
170.673015399995,0,0,19,0,0,0.028,-0.016,-1.001,0.3,-0.5,0
170.683015399995,0,0,19,0,0,0.028,-0.016,-1.001,0.3,-0.5,0
170.693015399995,0,0,19,0,0,0.028,-0.015,-1.002,0.3,-0.6,0
170.703015399995,0,0,19,0,0,0.028,-0.015,-1.002,0.3,-0.6,0
170.713015399995,0,0,19,0,0,0.028,-0.015,-1.002,0.3,-0.6,0
170.723015399995,0,0,19,0,0,0.028,-0.015,-1.002,0.3,-0.6,0
170.733015399995,0,0,19,0,0,0.028,-0.015,-1.002,0.3,-0.6,0
170.743015399995,0,0,19,0,0,0.027,-0.015,-1.001,0.3,-0.6,0
170.753015399994,0,0,19,0,0,0.027,-0.015,-1.001,0.3,-0.6,0
170.763015399995,0,0,19,0,0,0.027,-0.015,-1.001,0.3,-0.6,0
170.773015399995,0,0,19,0,0,0.027,-0.015,-1.001,0.3,-0.6,0
170.783015399994,0,0,19,0,0,0.027,-0.015,-1.001,0.3,-0.6,0
170.793015399994,0,0,19,0,0,0.029,-0.015,-1.002,0.3,-0.6,0
170.803015399994,0,0,19,0,0,0.029,-0.015,-1.002,0.3,-0.6,0
170.813015399994,0,0,19,0,0,0.029,-0.015,-1.002,0.3,-0.6,0
170.823015399994,0,0,19,0,0,0.029,-0.015,-1.002,0.3,-0.6,0
170.833015399994,0,0,19,0,0,0.029,-0.015,-1.002,0.3,-0.6,0
170.843015399994,0,0,19,0,0,0.028,-0.014,-1.002,0.3,-0.6,0
170.853015399994,0,0,19,0,0,0.028,-0.014,-1.002,0.3,-0.6,0
170.863015399994,0,0,19,0,0,0.028,-0.014,-1.002,0.3,-0.6,0
170.873015399994,0,0,19,0,0,0.028,-0.014,-1.002,0.3,-0.6,0
170.883015399994,0,0,19,0,0,0.028,-0.014,-1.002,0.3,-0.6,0
170.893015399994,0,0,19,0,0,0.028,-0.016,-1.001,0.2,-0.6,0
170.903015399994,0,0,19,0,0,0.028,-0.016,-1.001,0.2,-0.6,0
170.913015399994,0,0,19,0,0,0.028,-0.016,-1.001,0.2,-0.6,0
170.923015399994,0,0,19,0,0,0.028,-0.016,-1.001,0.2,-0.6,0
170.933015399994,0,0,19,0,0,0.028,-0.016,-1.001,0.2,-0.6,0
170.943015399994,0,0,19,0,0,0.028,-0.014,-1.002,0.3,-0.6,0.1
170.953015399994,0,0,19,0,0,0.028,-0.014,-1.002,0.3,-0.6,0.1
170.963015399994,0,0,19,0,0,0.028,-0.014,-1.002,0.3,-0.6,0.1
170.973015399994,0,0,19,0,0,0.028,-0.014,-1.002,0.3,-0.6,0.1
170.983015399994,0,0,19,0,0,0.028,-0.014,-1.002,0.3,-0.6,0.1
170.993015399994,0,0,19,0,0,0.028,-0.015,-1.002,0.3,-0.6,0
171.003015399994,0,0,19,0,0,0.028,-0.015,-1.002,0.3,-0.6,0
171.013015399994,0,0,19,0,0,0.028,-0.015,-1.002,0.3,-0.6,0
171.023015399994,0,0,19,0,0,0.028,-0.015,-1.002,0.3,-0.6,0
171.033015399994,0,0,19,0,0,0.028,-0.015,-1.002,0.3,-0.6,0
171.043015399994,0,0,19,0,0,0.029,-0.015,-1.002,0.3,-0.5,0
171.053015399994,0,0,19,0,0,0.029,-0.015,-1.002,0.3,-0.5,0
171.063015399994,0,0,19,0,0,0.029,-0.015,-1.002,0.3,-0.5,0
171.073015399994,0,0,19,0,0,0.029,-0.015,-1.002,0.3,-0.5,0
171.083015399994,0,0,19,0,0,0.029,-0.015,-1.002,0.3,-0.5,0
171.093015399994,0,0,19,0,0,0.028,-0.014,-1.002,0.4,-0.6,0
171.103015399994,0,0,19,0,0,0.028,-0.014,-1.002,0.4,-0.6,0
171.113015399994,0,0,19,0,0,0.028,-0.014,-1.002,0.4,-0.6,0
171.123015399994,0,0,19,0,0,0.028,-0.014,-1.002,0.4,-0.6,0
171.133015399994,0,0,19,0,0,0.028,-0.014,-1.002,0.4,-0.6,0
171.143015399994,0,0,19,0,0,0.027,-0.015,-1.001,0.3,-0.6,0
171.153015399994,0,0,19,0,0,0.027,-0.015,-1.001,0.3,-0.6,0
171.163015399994,0,0,19,0,0,0.027,-0.015,-1.001,0.3,-0.6,0
171.173015399994,0,0,19,0,0,0.027,-0.015,-1.001,0.3,-0.6,0
171.183015399994,0,0,19,0,0,0.027,-0.015,-1.001,0.3,-0.6,0
171.193015399994,0,0,19,0,0,0.027,-0.015,-1.001,0.3,-0.6,0
171.203015399994,0,0,19,0,0,0.027,-0.015,-1.001,0.3,-0.6,0
171.213015399994,0,0,19,0,0,0.027,-0.015,-1.001,0.3,-0.6,0
171.223015399994,0,0,19,0,0,0.027,-0.015,-1.001,0.3,-0.6,0
171.233015399994,0,0,19,0,0,0.027,-0.015,-1.001,0.3,-0.6,0
171.243015399994,0,0,19,0,0,0.028,-0.016,-1.002,0.3,-0.6,0
171.253015399994,0,0,19,0,0,0.028,-0.016,-1.002,0.3,-0.6,0
171.263015399994,0,0,19,0,0,0.028,-0.016,-1.002,0.3,-0.6,0
171.273015399994,0,0,19,0,0,0.028,-0.016,-1.002,0.3,-0.6,0
171.283015399994,0,0,19,0,0,0.028,-0.016,-1.002,0.3,-0.6,0
171.293015399994,0,0,19,0,0,0.029,-0.015,-1,0.3,-0.6,0
171.303015399994,0,0,19,0,0,0.029,-0.015,-1,0.3,-0.6,0
171.313015399994,0,0,19,0,0,0.029,-0.015,-1,0.3,-0.6,0
171.323015399994,0,0,19,0,0,0.029,-0.015,-1,0.3,-0.6,0
171.333015399994,0,0,19,0,0,0.029,-0.015,-1,0.3,-0.6,0
171.343015399994,0,0,19,0,0,0.027,-0.015,-1.002,0.3,-0.6,0
171.353015399994,0,0,19,0,0,0.027,-0.015,-1.002,0.3,-0.6,0
171.363015399994,0,0,19,0,0,0.027,-0.015,-1.002,0.3,-0.6,0
171.373015399994,0,0,19,0,0,0.027,-0.015,-1.002,0.3,-0.6,0
171.383015399994,0,0,19,0,0,0.027,-0.015,-1.002,0.3,-0.6,0
171.393015399994,0,0.01,19,0,0,0.028,-0.015,-1.002,0.3,-0.6,0
171.403015399994,0,0.01,19,0,0,0.028,-0.015,-1.002,0.3,-0.6,0
171.413015399994,0,0.01,19,0,0,0.028,-0.015,-1.002,0.3,-0.6,0
171.423015399994,0,0.01,19,0,0,0.028,-0.015,-1.002,0.3,-0.6,0
171.433015399994,0,0.01,19,0,0,0.028,-0.015,-1.002,0.3,-0.6,0
171.443015399994,0,0,19,0,0,0.03,-0.016,-1.002,0.3,-0.6,0
171.453015399994,0,0,19,0,0,0.03,-0.016,-1.002,0.3,-0.6,0
171.463015399994,0,0,19,0,0,0.03,-0.016,-1.002,0.3,-0.6,0
171.473015399994,0,0,19,0,0,0.03,-0.016,-1.002,0.3,-0.6,0
171.483015399994,0,0,19,0,0,0.03,-0.016,-1.002,0.3,-0.6,0
171.493015399994,0,0,19,0,0,0.029,-0.015,-1.002,0.3,-0.6,0.1
171.503015399994,0,0,19,0,0,0.029,-0.015,-1.002,0.3,-0.6,0.1
171.513015399994,0,0,19,0,0,0.029,-0.015,-1.002,0.3,-0.6,0.1
171.523015399994,0,0,19,0,0,0.029,-0.015,-1.002,0.3,-0.6,0.1
171.533015399994,0,0,19,0,0,0.029,-0.015,-1.002,0.3,-0.6,0.1
171.543015399994,0,0,19,0,0,0.028,-0.015,-1.003,0.3,-0.6,0
171.553015399994,0,0,19,0,0,0.028,-0.015,-1.003,0.3,-0.6,0
171.563015399994,0,0,19,0,0,0.028,-0.015,-1.003,0.3,-0.6,0
171.573015399994,0,0,19,0,0,0.028,-0.015,-1.003,0.3,-0.6,0
171.583015399994,0,0,19,0,0,0.028,-0.015,-1.003,0.3,-0.6,0
171.593015399994,0,0,19,0,0,0.028,-0.014,-1,0.3,-0.6,0
171.603015399994,0,0,19,0,0,0.028,-0.014,-1,0.3,-0.6,0
171.613015399994,0,0,19,0,0,0.028,-0.014,-1,0.3,-0.6,0
171.623015399994,0,0,19,0,0,0.028,-0.014,-1,0.3,-0.6,0
171.633015399994,0,0,19,0,0,0.028,-0.014,-1,0.3,-0.6,0
171.643015399994,0,0,19,0,0,0.028,-0.014,-1.001,0.2,-0.6,0
171.653015399994,0,0,19,0,0,0.028,-0.014,-1.001,0.2,-0.6,0
171.663015399994,0,0,19,0,0,0.028,-0.014,-1.001,0.2,-0.6,0
171.673015399994,0,0,19,0,0,0.028,-0.014,-1.001,0.2,-0.6,0
171.683015399994,0,0,19,0,0,0.028,-0.014,-1.001,0.2,-0.6,0
171.693015399994,0,0,19,0,0,0.029,-0.015,-1.001,0.3,-0.6,0
171.703015399994,0,0,19,0,0,0.029,-0.015,-1.001,0.3,-0.6,0
171.713015399994,0,0,19,0,0,0.029,-0.015,-1.001,0.3,-0.6,0
171.723015399994,0,0,19,0,0,0.029,-0.015,-1.001,0.3,-0.6,0
171.733015399994,0,0,19,0,0,0.029,-0.015,-1.001,0.3,-0.6,0
171.743015399994,0,0,19,0,0,0.028,-0.016,-1.002,0.3,-0.6,0
171.753015399994,0,0,19,0,0,0.028,-0.016,-1.002,0.3,-0.6,0
171.763015399994,0,0,19,0,0,0.028,-0.016,-1.002,0.3,-0.6,0
171.773015399994,0,0,19,0,0,0.028,-0.016,-1.002,0.3,-0.6,0
171.783015399994,0,0,19,0,0,0.028,-0.016,-1.002,0.3,-0.6,0
171.793015399994,0,0,19,0,0,0.028,-0.014,-1.001,0.3,-0.6,0
171.803015399994,0,0,19,0,0,0.028,-0.014,-1.001,0.3,-0.6,0
171.813015399994,0,0,19,0,0,0.028,-0.014,-1.001,0.3,-0.6,0
171.823015399994,0,0,19,0,0,0.028,-0.014,-1.001,0.3,-0.6,0
171.833015399994,0,0,19,0,0,0.028,-0.014,-1.001,0.3,-0.6,0
171.843015399994,0,0,19,0,0,0.029,-0.015,-1.001,0.3,-0.6,0
171.853015399994,0,0,19,0,0,0.029,-0.015,-1.001,0.3,-0.6,0
171.863015399994,0,0,19,0,0,0.029,-0.015,-1.001,0.3,-0.6,0
171.873015399994,0,0,19,0,0,0.029,-0.015,-1.001,0.3,-0.6,0
171.883015399994,0,0,19,0,0,0.029,-0.015,-1.001,0.3,-0.6,0
171.893015399994,0,0,19,0,0,0.029,-0.015,-1.001,0.3,-0.6,0
171.903015399994,0,0,19,0,0,0.029,-0.015,-1.001,0.3,-0.6,0
171.913015399994,0,0,19,0,0,0.029,-0.015,-1.001,0.3,-0.6,0
171.923015399994,0,0,19,0,0,0.029,-0.015,-1.001,0.3,-0.6,0
171.933015399994,0,0,19,0,0,0.029,-0.015,-1.001,0.3,-0.6,0
171.943015399994,0,0,19,0,0,0.028,-0.015,-1.001,0.3,-0.6,0.1
171.953015399994,0,0,19,0,0,0.028,-0.015,-1.001,0.3,-0.6,0.1
171.963015399994,0,0,19,0,0,0.028,-0.015,-1.001,0.3,-0.6,0.1
171.973015399994,0,0,19,0,0,0.028,-0.015,-1.001,0.3,-0.6,0.1
171.983015399994,0,0,19,0,0,0.028,-0.015,-1.001,0.3,-0.6,0.1
171.993015399994,0,0,19,0,0,0.027,-0.015,-1,0.3,-0.6,0
172.003015399994,0,0,19,0,0,0.027,-0.015,-1,0.3,-0.6,0
172.013015399994,0,0,19,0,0,0.027,-0.015,-1,0.3,-0.6,0
172.023015399994,0,0,19,0,0,0.027,-0.015,-1,0.3,-0.6,0
172.033015399994,0,0,19,0,0,0.027,-0.015,-1,0.3,-0.6,0
172.043015399994,0,0,19,0,0,0.028,-0.016,-1.001,0.3,-0.6,0
172.053015399994,0,0,19,0,0,0.028,-0.016,-1.001,0.3,-0.6,0
172.063015399994,0,0,19,0,0,0.028,-0.016,-1.001,0.3,-0.6,0
172.073015399994,0,0,19,0,0,0.028,-0.016,-1.001,0.3,-0.6,0
172.083015399994,0,0,19,0,0,0.028,-0.016,-1.001,0.3,-0.6,0
172.093015399994,0,0,19,0,0,0.028,-0.016,-1.001,0.4,-0.5,0.1
172.103015399994,0,0,19,0,0,0.028,-0.016,-1.001,0.4,-0.5,0.1
172.113015399994,0,0,19,0,0,0.028,-0.016,-1.001,0.4,-0.5,0.1
172.123015399994,0,0,19,0,0,0.028,-0.016,-1.001,0.4,-0.5,0.1
172.133015399994,0,0,19,0,0,0.028,-0.016,-1.001,0.4,-0.5,0.1
172.143015399994,0,0.01,19,0,0,0.028,-0.015,-1.001,0.3,-0.6,0
172.153015399994,0,0.01,19,0,0,0.028,-0.015,-1.001,0.3,-0.6,0
172.163015399994,0,0.01,19,0,0,0.028,-0.015,-1.001,0.3,-0.6,0
172.173015399994,0,0.01,19,0,0,0.028,-0.015,-1.001,0.3,-0.6,0
172.183015399994,0,0.01,19,0,0,0.028,-0.015,-1.001,0.3,-0.6,0
172.193015399994,0,0,19,0,0,0.028,-0.016,-1,0.3,-0.5,0
172.203015399994,0,0,19,0,0,0.028,-0.016,-1,0.3,-0.5,0
172.213015399994,0,0,19,0,0,0.028,-0.016,-1,0.3,-0.5,0
172.223015399994,0,0,19,0,0,0.028,-0.016,-1,0.3,-0.5,0
172.233015399994,0,0,19,0,0,0.028,-0.016,-1,0.3,-0.5,0
172.243015399994,0,0,19,0,0,0.028,-0.015,-1.001,0.3,-0.6,0
172.253015399994,0,0,19,0,0,0.028,-0.015,-1.001,0.3,-0.6,0
172.263015399994,0,0,19,0,0,0.028,-0.015,-1.001,0.3,-0.6,0
172.273015399994,0,0,19,0,0,0.028,-0.015,-1.001,0.3,-0.6,0
172.283015399994,0,0,19,0,0,0.028,-0.015,-1.001,0.3,-0.6,0
172.293015399994,0,0.01,19,0,0,0.028,-0.015,-1.001,0.4,-0.6,0
172.303015399994,0,0.01,19,0,0,0.028,-0.015,-1.001,0.4,-0.6,0
172.313015399994,0,0.01,19,0,0,0.028,-0.015,-1.001,0.4,-0.6,0
172.323015399994,0,0.01,19,0,0,0.028,-0.015,-1.001,0.4,-0.6,0
172.333015399994,0,0.01,19,0,0,0.028,-0.015,-1.001,0.4,-0.6,0
172.343015399994,0,0,19,0,0,0.028,-0.015,-1.001,0.3,-0.6,0
172.353015399994,0,0,19,0,0,0.028,-0.015,-1.001,0.3,-0.6,0
172.363015399994,0,0,19,0,0,0.028,-0.015,-1.001,0.3,-0.6,0
172.373015399994,0,0,19,0,0,0.028,-0.015,-1.001,0.3,-0.6,0
172.383015399994,0,0,19,0,0,0.028,-0.015,-1.001,0.3,-0.6,0
172.393015399994,0,0.01,19,0,0,0.028,-0.014,-1.001,0.2,-0.6,0
172.403015399994,0,0.01,19,0,0,0.028,-0.014,-1.001,0.2,-0.6,0
172.413015399994,0,0.01,19,0,0,0.028,-0.014,-1.001,0.2,-0.6,0
172.423015399994,0,0.01,19,0,0,0.028,-0.014,-1.001,0.2,-0.6,0
172.433015399994,0,0.01,19,0,0,0.028,-0.014,-1.001,0.2,-0.6,0
172.443015399994,0,0.01,19,0,0,0.027,-0.015,-1.001,0.3,-0.6,0
172.453015399994,0,0.01,19,0,0,0.027,-0.015,-1.001,0.3,-0.6,0
172.463015399994,0,0.01,19,0,0,0.027,-0.015,-1.001,0.3,-0.6,0
172.473015399994,0,0.01,19,0,0,0.027,-0.015,-1.001,0.3,-0.6,0
172.483015399994,0,0.01,19,0,0,0.027,-0.015,-1.001,0.3,-0.6,0
172.493015399994,0,0,19,0,0,0.027,-0.015,-1.001,0.3,-0.6,0.1
172.503015399994,0,0,19,0,0,0.027,-0.015,-1.001,0.3,-0.6,0.1
172.513015399994,0,0,19,0,0,0.027,-0.015,-1.001,0.3,-0.6,0.1
172.523015399994,0,0,19,0,0,0.027,-0.015,-1.001,0.3,-0.6,0.1
172.533015399994,0,0,19,0,0,0.027,-0.015,-1.001,0.3,-0.6,0.1
172.543015399994,0,0,19,0,0,0.028,-0.014,-1.001,0.2,-0.5,0
172.553015399994,0,0,19,0,0,0.028,-0.014,-1.001,0.2,-0.5,0
172.563015399994,0,0,19,0,0,0.028,-0.014,-1.001,0.2,-0.5,0
172.573015399994,0,0,19,0,0,0.028,-0.014,-1.001,0.2,-0.5,0
172.583015399994,0,0,19,0,0,0.028,-0.014,-1.001,0.2,-0.5,0
172.593015399994,0,0,19,0,0,0.027,-0.015,-1.002,0.3,-0.6,0
172.603015399994,0,0,19,0,0,0.027,-0.015,-1.002,0.3,-0.6,0
172.613015399994,0,0,19,0,0,0.027,-0.015,-1.002,0.3,-0.6,0
172.623015399994,0,0,19,0,0,0.027,-0.015,-1.002,0.3,-0.6,0
172.633015399994,0,0,19,0,0,0.027,-0.015,-1.002,0.3,-0.6,0
172.643015399994,0,0,19,0,0,0.027,-0.014,-1.001,0.3,-0.6,0
172.653015399994,0,0,19,0,0,0.027,-0.014,-1.001,0.3,-0.6,0
172.663015399994,0,0,19,0,0,0.027,-0.014,-1.001,0.3,-0.6,0
172.673015399994,0,0,19,0,0,0.027,-0.014,-1.001,0.3,-0.6,0
172.683015399994,0,0,19,0,0,0.027,-0.014,-1.001,0.3,-0.6,0
172.693015399994,0,0,19,0,0,0.028,-0.016,-1.001,0.3,-0.6,0.1
172.703015399994,0,0,19,0,0,0.028,-0.016,-1.001,0.3,-0.6,0.1
172.713015399994,0,0,19,0,0,0.028,-0.016,-1.001,0.3,-0.6,0.1
172.723015399994,0,0,19,0,0,0.028,-0.016,-1.001,0.3,-0.6,0.1
172.733015399994,0,0,19,0,0,0.028,-0.016,-1.001,0.3,-0.6,0.1
172.743015399994,0,0,19,0,0,0.028,-0.014,-1.001,0.2,-0.5,0
172.753015399994,0,0,19,0,0,0.028,-0.014,-1.001,0.2,-0.5,0
172.763015399994,0,0,19,0,0,0.028,-0.014,-1.001,0.2,-0.5,0
172.773015399994,0,0,19,0,0,0.028,-0.014,-1.001,0.2,-0.5,0
172.783015399994,0,0,19,0,0,0.028,-0.014,-1.001,0.2,-0.5,0
172.793015399994,0,0.01,19,0,0,0.029,-0.015,-1.001,0.3,-0.6,0
172.803015399994,0,0.01,19,0,0,0.029,-0.015,-1.001,0.3,-0.6,0
172.813015399994,0,0.01,19,0,0,0.029,-0.015,-1.001,0.3,-0.6,0
172.823015399994,0,0.01,19,0,0,0.029,-0.015,-1.001,0.3,-0.6,0
172.833015399994,0,0.01,19,0,0,0.029,-0.015,-1.001,0.3,-0.6,0
172.843015399994,0,0,19,0,0,0.028,-0.016,-1.001,0.3,-0.6,0
172.853015399994,0,0,19,0,0,0.028,-0.016,-1.001,0.3,-0.6,0
172.863015399994,0,0,19,0,0,0.028,-0.016,-1.001,0.3,-0.6,0
172.873015399994,0,0,19,0,0,0.028,-0.016,-1.001,0.3,-0.6,0
172.883015399994,0,0,19,0,0,0.028,-0.016,-1.001,0.3,-0.6,0
172.893015399994,0,0,19,0,0,0.028,-0.015,-1.001,0.3,-0.5,0.1
172.903015399994,0,0,19,0,0,0.028,-0.015,-1.001,0.3,-0.5,0.1
172.913015399994,0,0,19,0,0,0.028,-0.015,-1.001,0.3,-0.5,0.1
172.923015399994,0,0,19,0,0,0.028,-0.015,-1.001,0.3,-0.5,0.1
172.933015399994,0,0,19,0,0,0.028,-0.015,-1.001,0.3,-0.5,0.1
172.943015399994,0,0,19,0,0,0.028,-0.014,-1.001,0.3,-0.6,0
172.953015399994,0,0,19,0,0,0.028,-0.014,-1.001,0.3,-0.6,0
172.963015399994,0,0,19,0,0,0.028,-0.014,-1.001,0.3,-0.6,0
172.973015399994,0,0,19,0,0,0.028,-0.014,-1.001,0.3,-0.6,0
172.983015399994,0,0,19,0,0,0.028,-0.014,-1.001,0.3,-0.6,0
172.993015399994,0,0,19,0,0,0.028,-0.015,-1.001,0.3,-0.6,0
173.003015399994,0,0,19,0,0,0.028,-0.015,-1.001,0.3,-0.6,0
173.013015399994,0,0,19,0,0,0.028,-0.015,-1.001,0.3,-0.6,0
173.023015399994,0,0,19,0,0,0.028,-0.015,-1.001,0.3,-0.6,0
173.033015399994,0,0,19,0,0,0.028,-0.015,-1.001,0.3,-0.6,0
173.043015399994,0,0,19,0,0,0.029,-0.015,-1.001,0.3,-0.6,0.1
173.053015399994,0,0,19,0,0,0.029,-0.015,-1.001,0.3,-0.6,0.1
173.063015399994,0,0,19,0,0,0.029,-0.015,-1.001,0.3,-0.6,0.1
173.073015399994,0,0,19,0,0,0.029,-0.015,-1.001,0.3,-0.6,0.1
173.083015399994,0,0,19,0,0,0.029,-0.015,-1.001,0.3,-0.6,0.1
173.093015399994,0,0,19,0,0,0.028,-0.015,-1.001,0.4,-0.6,0
173.103015399994,0,0,19,0,0,0.028,-0.015,-1.001,0.4,-0.6,0
173.113015399994,0,0,19,0,0,0.028,-0.015,-1.001,0.4,-0.6,0
173.123015399994,0,0,19,0,0,0.028,-0.015,-1.001,0.4,-0.6,0
173.133015399994,0,0,19,0,0,0.028,-0.015,-1.001,0.4,-0.6,0
173.143015399994,0,0,19,0,0,0.027,-0.015,-1.001,0.3,-0.5,0
173.153015399994,0,0,19,0,0,0.027,-0.015,-1.001,0.3,-0.5,0
173.163015399994,0,0,19,0,0,0.027,-0.015,-1.001,0.3,-0.5,0
173.173015399994,0,0,19,0,0,0.027,-0.015,-1.001,0.3,-0.5,0
173.183015399994,0,0,19,0,0,0.027,-0.015,-1.001,0.3,-0.5,0
173.193015399994,0,0,19,0,0,0.027,-0.016,-1.001,0.3,-0.6,0
173.203015399994,0,0,19,0,0,0.027,-0.016,-1.001,0.3,-0.6,0
173.213015399994,0,0,19,0,0,0.027,-0.016,-1.001,0.3,-0.6,0
173.223015399994,0,0,19,0,0,0.027,-0.016,-1.001,0.3,-0.6,0
173.233015399994,0,0,19,0,0,0.027,-0.016,-1.001,0.3,-0.6,0
173.243015399994,0,0,19,0,0,0.029,-0.014,-1.003,0.3,-0.5,0
173.253015399994,0,0,19,0,0,0.029,-0.014,-1.003,0.3,-0.5,0
173.263015399994,0,0,19,0,0,0.029,-0.014,-1.003,0.3,-0.5,0
173.273015399994,0,0,19,0,0,0.029,-0.014,-1.003,0.3,-0.5,0
173.283015399994,0,0,19,0,0,0.029,-0.014,-1.003,0.3,-0.5,0
173.293015399994,0,0,19,0,0,0.028,-0.015,-1,0.3,-0.6,0
173.303015399994,0,0,19,0,0,0.028,-0.015,-1,0.3,-0.6,0
173.313015399994,0,0,19,0,0,0.028,-0.015,-1,0.3,-0.6,0
173.323015399994,0,0,19,0,0,0.028,-0.015,-1,0.3,-0.6,0
173.333015399994,0,0,19,0,0,0.028,-0.015,-1,0.3,-0.6,0
173.343015399994,0,0,19,0,0,0.028,-0.016,-1.001,0.2,-0.6,0
173.353015399994,0,0,19,0,0,0.028,-0.016,-1.001,0.2,-0.6,0
173.363015399994,0,0,19,0,0,0.028,-0.016,-1.001,0.2,-0.6,0
173.373015399994,0,0,19,0,0,0.028,-0.016,-1.001,0.2,-0.6,0
173.383015399994,0,0,19,0,0,0.028,-0.016,-1.001,0.2,-0.6,0
173.393015399994,0,0,19,0,0,0.028,-0.014,-1.001,0.3,-0.5,0
173.403015399994,0,0,19,0,0,0.028,-0.014,-1.001,0.3,-0.5,0
173.413015399994,0,0,19,0,0,0.028,-0.014,-1.001,0.3,-0.5,0
173.423015399994,0,0,19,0,0,0.028,-0.014,-1.001,0.3,-0.5,0
173.433015399994,0,0,19,0,0,0.028,-0.014,-1.001,0.3,-0.5,0
173.443015399994,0,0,19,0,0,0.029,-0.016,-1.001,0.3,-0.5,0.1
173.453015399994,0,0,19,0,0,0.029,-0.016,-1.001,0.3,-0.5,0.1
173.463015399994,0,0,19,0,0,0.029,-0.016,-1.001,0.3,-0.5,0.1
173.473015399994,0,0,19,0,0,0.029,-0.016,-1.001,0.3,-0.5,0.1
173.483015399994,0,0,19,0,0,0.029,-0.016,-1.001,0.3,-0.5,0.1
173.493015399994,0,0,19,0,0,0.028,-0.015,-1.001,0.3,-0.6,0
173.503015399994,0,0,19,0,0,0.028,-0.015,-1.001,0.3,-0.6,0
173.513015399994,0,0,19,0,0,0.028,-0.015,-1.001,0.3,-0.6,0
173.523015399994,0,0,19,0,0,0.028,-0.015,-1.001,0.3,-0.6,0
173.533015399994,0,0,19,0,0,0.028,-0.015,-1.001,0.3,-0.6,0
173.543015399994,0,0,19,0,0,0.027,-0.014,-1.001,0.2,-0.6,0
173.553015399994,0,0,19,0,0,0.027,-0.014,-1.001,0.2,-0.6,0
173.563015399994,0,0,19,0,0,0.027,-0.014,-1.001,0.2,-0.6,0
173.573015399994,0,0,19,0,0,0.027,-0.014,-1.001,0.2,-0.6,0
173.583015399994,0,0,19,0,0,0.027,-0.014,-1.001,0.2,-0.6,0
173.593015399994,0,0,19,0,0,0.028,-0.014,-1.001,0.3,-0.6,0
173.603015399994,0,0,19,0,0,0.028,-0.014,-1.001,0.3,-0.6,0
173.613015399994,0,0,19,0,0,0.028,-0.014,-1.001,0.3,-0.6,0
173.623015399994,0,0,19,0,0,0.028,-0.014,-1.001,0.3,-0.6,0
173.633015399994,0,0,19,0,0,0.028,-0.014,-1.001,0.3,-0.6,0
173.643015399994,0,0,19,0,0,0.028,-0.015,-1.001,0.3,-0.5,0.1
173.653015399994,0,0,19,0,0,0.028,-0.015,-1.001,0.3,-0.5,0.1
173.663015399994,0,0,19,0,0,0.028,-0.015,-1.001,0.3,-0.5,0.1
173.673015399994,0,0,19,0,0,0.028,-0.015,-1.001,0.3,-0.5,0.1
173.683015399994,0,0,19,0,0,0.028,-0.015,-1.001,0.3,-0.5,0.1
173.693015399993,0,0,19,0,0,0.029,-0.016,-1.002,0.3,-0.6,0
173.703015399993,0,0,19,0,0,0.029,-0.016,-1.002,0.3,-0.6,0
173.713015399994,0,0,19,0,0,0.029,-0.016,-1.002,0.3,-0.6,0
173.723015399993,0,0,19,0,0,0.029,-0.016,-1.002,0.3,-0.6,0
173.733015399993,0,0,19,0,0,0.029,-0.016,-1.002,0.3,-0.6,0
173.743015399993,0,0,19,0,0,0.028,-0.015,-1.003,0.3,-0.6,0
173.753015399993,0,0,19,0,0,0.028,-0.015,-1.003,0.3,-0.6,0
173.763015399993,0,0,19,0,0,0.028,-0.015,-1.003,0.3,-0.6,0
173.773015399993,0,0,19,0,0,0.028,-0.015,-1.003,0.3,-0.6,0
173.783015399993,0,0,19,0,0,0.028,-0.015,-1.003,0.3,-0.6,0
173.793015399993,0,0,19,0,0,0.029,-0.014,-1.002,0.3,-0.6,0
173.803015399993,0,0,19,0,0,0.029,-0.014,-1.002,0.3,-0.6,0
173.813015399993,0,0,19,0,0,0.029,-0.014,-1.002,0.3,-0.6,0
173.823015399993,0,0,19,0,0,0.029,-0.014,-1.002,0.3,-0.6,0
173.833015399993,0,0,19,0,0,0.029,-0.014,-1.002,0.3,-0.6,0
173.843015399993,0,0,19,0,0,0.028,-0.014,-1.002,0.3,-0.5,0
173.853015399993,0,0,19,0,0,0.028,-0.014,-1.002,0.3,-0.5,0
173.863015399993,0,0,19,0,0,0.028,-0.014,-1.002,0.3,-0.5,0
173.873015399993,0,0,19,0,0,0.028,-0.014,-1.002,0.3,-0.5,0
173.883015399993,0,0,19,0,0,0.028,-0.014,-1.002,0.3,-0.5,0
173.893015399993,0,0.01,19,0,0,0.029,-0.015,-1.002,0.3,-0.6,0
173.903015399993,0,0.01,19,0,0,0.029,-0.015,-1.002,0.3,-0.6,0
173.913015399993,0,0.01,19,0,0,0.029,-0.015,-1.002,0.3,-0.6,0
173.923015399993,0,0.01,19,0,0,0.029,-0.015,-1.002,0.3,-0.6,0
173.933015399993,0,0.01,19,0,0,0.029,-0.015,-1.002,0.3,-0.6,0
173.943015399993,0,0,19,0,0,0.028,-0.014,-1,0.3,-0.6,0
173.953015399993,0,0,19,0,0,0.028,-0.014,-1,0.3,-0.6,0
173.963015399993,0,0,19,0,0,0.028,-0.014,-1,0.3,-0.6,0
173.973015399993,0,0,19,0,0,0.028,-0.014,-1,0.3,-0.6,0
173.983015399993,0,0,19,0,0,0.028,-0.014,-1,0.3,-0.6,0
173.993015399993,0,0,19,0,0,0.028,-0.014,-1.002,0.3,-0.6,0
174.003015399993,0,0,19,0,0,0.028,-0.014,-1.002,0.3,-0.6,0
174.013015399993,0,0,19,0,0,0.028,-0.014,-1.002,0.3,-0.6,0
174.023015399993,0,0,19,0,0,0.028,-0.014,-1.002,0.3,-0.6,0
174.033015399993,0,0,19,0,0,0.028,-0.014,-1.002,0.3,-0.6,0
174.043015399993,0,0,19,0,0,0.029,-0.016,-1.001,0.3,-0.6,0
174.053015399993,0,0,19,0,0,0.029,-0.016,-1.001,0.3,-0.6,0
174.063015399993,0,0,19,0,0,0.029,-0.016,-1.001,0.3,-0.6,0
174.073015399993,0,0,19,0,0,0.029,-0.016,-1.001,0.3,-0.6,0
174.083015399993,0,0,19,0,0,0.029,-0.016,-1.001,0.3,-0.6,0
174.093015399993,0,0,19,0,0,0.028,-0.015,-1.002,0.3,-0.5,0
174.103015399993,0,0,19,0,0,0.028,-0.015,-1.002,0.3,-0.5,0
174.113015399993,0,0,19,0,0,0.028,-0.015,-1.002,0.3,-0.5,0
174.123015399993,0,0,19,0,0,0.028,-0.015,-1.002,0.3,-0.5,0
174.133015399993,0,0,19,0,0,0.028,-0.015,-1.002,0.3,-0.5,0
174.143015399993,0,0.01,19,0,0,0.028,-0.015,-1.001,0.3,-0.6,0
174.153015399993,0,0.01,19,0,0,0.028,-0.015,-1.001,0.3,-0.6,0
174.163015399993,0,0.01,19,0,0,0.028,-0.015,-1.001,0.3,-0.6,0
174.173015399993,0,0.01,19,0,0,0.028,-0.015,-1.001,0.3,-0.6,0
174.183015399993,0,0.01,19,0,0,0.028,-0.015,-1.001,0.3,-0.6,0
174.193015399993,0,0.01,19,0,0,0.027,-0.015,-1,0.3,-0.6,0
174.203015399993,0,0.01,19,0,0,0.027,-0.015,-1,0.3,-0.6,0
174.213015399993,0,0.01,19,0,0,0.027,-0.015,-1,0.3,-0.6,0
174.223015399993,0,0.01,19,0,0,0.027,-0.015,-1,0.3,-0.6,0
174.233015399993,0,0.01,19,0,0,0.027,-0.015,-1,0.3,-0.6,0
174.243015399993,0,0,19,0,0,0.028,-0.015,-1.001,0.3,-0.5,0
174.253015399993,0,0,19,0,0,0.028,-0.015,-1.001,0.3,-0.5,0
174.263015399993,0,0,19,0,0,0.028,-0.015,-1.001,0.3,-0.5,0
174.273015399993,0,0,19,0,0,0.028,-0.015,-1.001,0.3,-0.5,0
174.283015399993,0,0,19,0,0,0.028,-0.015,-1.001,0.3,-0.5,0
174.293015399993,0,0.01,19,0,0,0.029,-0.016,-1.002,0.3,-0.6,0
174.303015399993,0,0.01,19,0,0,0.029,-0.016,-1.002,0.3,-0.6,0
174.313015399993,0,0.01,19,0,0,0.029,-0.016,-1.002,0.3,-0.6,0
174.323015399993,0,0.01,19,0,0,0.029,-0.016,-1.002,0.3,-0.6,0
174.333015399993,0,0.01,19,0,0,0.029,-0.016,-1.002,0.3,-0.6,0
174.343015399993,0,0,19,0,0,0.027,-0.015,-1.001,0.2,-0.6,0
174.353015399993,0,0,19,0,0,0.027,-0.015,-1.001,0.2,-0.6,0
174.363015399993,0,0,19,0,0,0.027,-0.015,-1.001,0.2,-0.6,0
174.373015399993,0,0,19,0,0,0.027,-0.015,-1.001,0.2,-0.6,0
174.383015399993,0,0,19,0,0,0.027,-0.015,-1.001,0.2,-0.6,0
174.393015399993,0,0,19,0,0,0.027,-0.016,-1.001,0.3,-0.6,0
174.403015399993,0,0,19,0,0,0.027,-0.016,-1.001,0.3,-0.6,0
174.413015399993,0,0,19,0,0,0.027,-0.016,-1.001,0.3,-0.6,0
174.423015399993,0,0,19,0,0,0.027,-0.016,-1.001,0.3,-0.6,0
174.433015399993,0,0,19,0,0,0.027,-0.016,-1.001,0.3,-0.6,0
174.443015399993,0,0,19,0,0,0.027,-0.016,-1.001,0.3,-0.6,0
174.453015399993,0,0,19,0,0,0.027,-0.016,-1.001,0.3,-0.6,0
174.463015399993,0,0,19,0,0,0.027,-0.016,-1.001,0.3,-0.6,0
174.473015399993,0,0,19,0,0,0.027,-0.016,-1.001,0.3,-0.6,0
174.483015399993,0,0,19,0,0,0.027,-0.016,-1.001,0.3,-0.6,0
174.493015399993,0,0,19,0,0,0.028,-0.014,-1.001,0.3,-0.6,0
174.503015399993,0,0,19,0,0,0.028,-0.014,-1.001,0.3,-0.6,0
174.513015399993,0,0,19,0,0,0.028,-0.014,-1.001,0.3,-0.6,0
174.523015399993,0,0,19,0,0,0.028,-0.014,-1.001,0.3,-0.6,0
174.533015399993,0,0,19,0,0,0.028,-0.014,-1.001,0.3,-0.6,0
174.543015399993,0,0.01,19,0,0,0.028,-0.015,-1.001,0.3,-0.6,0
174.553015399993,0,0.01,19,0,0,0.028,-0.015,-1.001,0.3,-0.6,0
174.563015399993,0,0.01,19,0,0,0.028,-0.015,-1.001,0.3,-0.6,0
174.573015399993,0,0.01,19,0,0,0.028,-0.015,-1.001,0.3,-0.6,0
174.583015399993,0,0.01,19,0,0,0.028,-0.015,-1.001,0.3,-0.6,0
174.593015399993,0,0,19,0,0,0.027,-0.015,-1.001,0.3,-0.6,0.1
174.603015399993,0,0,19,0,0,0.027,-0.015,-1.001,0.3,-0.6,0.1
174.613015399993,0,0,19,0,0,0.027,-0.015,-1.001,0.3,-0.6,0.1
174.623015399993,0,0,19,0,0,0.027,-0.015,-1.001,0.3,-0.6,0.1
174.633015399993,0,0,19,0,0,0.027,-0.015,-1.001,0.3,-0.6,0.1
174.643015399993,0,0,19,0,0,0.027,-0.015,-1.001,0.3,-0.6,0
174.653015399993,0,0,19,0,0,0.027,-0.015,-1.001,0.3,-0.6,0
174.663015399993,0,0,19,0,0,0.027,-0.015,-1.001,0.3,-0.6,0
174.673015399993,0,0,19,0,0,0.027,-0.015,-1.001,0.3,-0.6,0
174.683015399993,0,0,19,0,0,0.027,-0.015,-1.001,0.3,-0.6,0
174.693015399993,0,0.01,19,0,0,0.028,-0.016,-1.001,0.3,-0.6,0
174.703015399993,0,0.01,19,0,0,0.028,-0.016,-1.001,0.3,-0.6,0
174.713015399993,0,0.01,19,0,0,0.028,-0.016,-1.001,0.3,-0.6,0
174.723015399993,0,0.01,19,0,0,0.028,-0.016,-1.001,0.3,-0.6,0
174.733015399993,0,0.01,19,0,0,0.028,-0.016,-1.001,0.3,-0.6,0
174.743015399993,0,0,19,0,0,0.029,-0.016,-1,0.3,-0.6,0
174.753015399993,0,0,19,0,0,0.029,-0.016,-1,0.3,-0.6,0
174.763015399993,0,0,19,0,0,0.029,-0.016,-1,0.3,-0.6,0
174.773015399993,0,0,19,0,0,0.029,-0.016,-1,0.3,-0.6,0
174.783015399993,0,0,19,0,0,0.029,-0.016,-1,0.3,-0.6,0
174.793015399993,0,0,19,0,0,0.028,-0.015,-1.002,0.3,-0.6,0
174.803015399993,0,0,19,0,0,0.028,-0.015,-1.002,0.3,-0.6,0
174.813015399993,0,0,19,0,0,0.028,-0.015,-1.002,0.3,-0.6,0
174.823015399993,0,0,19,0,0,0.028,-0.015,-1.002,0.3,-0.6,0
174.833015399993,0,0,19,0,0,0.028,-0.015,-1.002,0.3,-0.6,0
174.843015399993,0,0,19,0,0,0.028,-0.014,-1.001,0.3,-0.6,0
174.853015399993,0,0,19,0,0,0.028,-0.014,-1.001,0.3,-0.6,0
174.863015399993,0,0,19,0,0,0.028,-0.014,-1.001,0.3,-0.6,0
174.873015399993,0,0,19,0,0,0.028,-0.014,-1.001,0.3,-0.6,0
174.883015399993,0,0,19,0,0,0.028,-0.014,-1.001,0.3,-0.6,0
174.893015399993,0,0,19,0,0,0.027,-0.015,-1.002,0.3,-0.6,0.1
174.903015399993,0,0,19,0,0,0.027,-0.015,-1.002,0.3,-0.6,0.1
174.913015399993,0,0,19,0,0,0.027,-0.015,-1.002,0.3,-0.6,0.1
174.923015399993,0,0,19,0,0,0.027,-0.015,-1.002,0.3,-0.6,0.1
174.933015399993,0,0,19,0,0,0.027,-0.015,-1.002,0.3,-0.6,0.1
174.943015399993,0,0.01,19,0,0,0.028,-0.015,-1.002,0.3,-0.5,0
174.953015399993,0,0.01,19,0,0,0.028,-0.015,-1.002,0.3,-0.5,0
174.963015399993,0,0.01,19,0,0,0.028,-0.015,-1.002,0.3,-0.5,0
174.973015399993,0,0.01,19,0,0,0.028,-0.015,-1.002,0.3,-0.5,0
174.983015399993,0,0.01,19,0,0,0.028,-0.015,-1.002,0.3,-0.5,0
174.993015399993,0,0,19,0,0,0.028,-0.014,-1.001,0.4,-0.5,0
175.003015399993,0,0,19,0,0,0.028,-0.014,-1.001,0.4,-0.5,0
175.013015399993,0,0,19,0,0,0.028,-0.014,-1.001,0.4,-0.5,0
175.023015399993,0,0,19,0,0,0.028,-0.014,-1.001,0.4,-0.5,0
175.033015399993,0,0,19,0,0,0.028,-0.014,-1.001,0.4,-0.5,0
175.043015399993,0,0,19,0,0,0.028,-0.014,-1.002,0.3,-0.6,0
175.053015399993,0,0,19,0,0,0.028,-0.014,-1.002,0.3,-0.6,0
175.063015399993,0,0,19,0,0,0.028,-0.014,-1.002,0.3,-0.6,0
175.073015399993,0,0,19,0,0,0.028,-0.014,-1.002,0.3,-0.6,0
175.083015399993,0,0,19,0,0,0.028,-0.014,-1.002,0.3,-0.6,0
175.093015399993,0,0,19,0,0,0.029,-0.016,-1.002,0.3,-0.6,0
175.103015399993,0,0,19,0,0,0.029,-0.016,-1.002,0.3,-0.6,0
175.113015399993,0,0,19,0,0,0.029,-0.016,-1.002,0.3,-0.6,0
175.123015399993,0,0,19,0,0,0.029,-0.016,-1.002,0.3,-0.6,0
175.133015399993,0,0,19,0,0,0.029,-0.016,-1.002,0.3,-0.6,0
175.143015399993,0,0,19,0,0,0.028,-0.014,-1.001,0.3,-0.6,0
175.153015399993,0,0,19,0,0,0.028,-0.014,-1.001,0.3,-0.6,0
175.163015399993,0,0,19,0,0,0.028,-0.014,-1.001,0.3,-0.6,0
175.173015399993,0,0,19,0,0,0.028,-0.014,-1.001,0.3,-0.6,0
175.183015399993,0,0,19,0,0,0.028,-0.014,-1.001,0.3,-0.6,0
175.193015399993,0,0,19,0,0,0.028,-0.014,-1.001,0.3,-0.6,0
175.203015399993,0,0,19,0,0,0.028,-0.014,-1.001,0.3,-0.6,0
175.213015399993,0,0,19,0,0,0.028,-0.014,-1.001,0.3,-0.6,0
175.223015399993,0,0,19,0,0,0.028,-0.014,-1.001,0.3,-0.6,0
175.233015399993,0,0,19,0,0,0.028,-0.014,-1.001,0.3,-0.6,0
175.243015399993,0,0,19,0,0,0.029,-0.015,-1.002,0.2,-0.6,0
175.253015399993,0,0,19,0,0,0.029,-0.015,-1.002,0.2,-0.6,0
175.263015399993,0,0,19,0,0,0.029,-0.015,-1.002,0.2,-0.6,0
175.273015399993,0,0,19,0,0,0.029,-0.015,-1.002,0.2,-0.6,0
175.283015399993,0,0,19,0,0,0.029,-0.015,-1.002,0.2,-0.6,0
175.293015399993,0,0,19,0,0,0.028,-0.014,-1.001,0.3,-0.6,0
175.303015399993,0,0,19,0,0,0.028,-0.014,-1.001,0.3,-0.6,0
175.313015399993,0,0,19,0,0,0.028,-0.014,-1.001,0.3,-0.6,0
175.323015399993,0,0,19,0,0,0.028,-0.014,-1.001,0.3,-0.6,0
175.333015399993,0,0,19,0,0,0.028,-0.014,-1.001,0.3,-0.6,0
175.343015399993,0,0,19,0,0,0.028,-0.016,-1.002,0.3,-0.6,0
175.353015399993,0,0,19,0,0,0.028,-0.016,-1.002,0.3,-0.6,0
175.363015399993,0,0,19,0,0,0.028,-0.016,-1.002,0.3,-0.6,0
175.373015399993,0,0,19,0,0,0.028,-0.016,-1.002,0.3,-0.6,0
175.383015399993,0,0,19,0,0,0.028,-0.016,-1.002,0.3,-0.6,0
175.393015399993,0,0.01,19,0,0,0.028,-0.015,-1.001,0.3,-0.6,0
175.403015399993,0,0.01,19,0,0,0.028,-0.015,-1.001,0.3,-0.6,0
175.413015399993,0,0.01,19,0,0,0.028,-0.015,-1.001,0.3,-0.6,0
175.423015399993,0,0.01,19,0,0,0.028,-0.015,-1.001,0.3,-0.6,0
175.433015399993,0,0.01,19,0,0,0.028,-0.015,-1.001,0.3,-0.6,0
175.443015399993,0,0,19,0,0,0.028,-0.015,-1.002,0.3,-0.5,0
175.453015399993,0,0,19,0,0,0.028,-0.015,-1.002,0.3,-0.5,0
175.463015399993,0,0,19,0,0,0.028,-0.015,-1.002,0.3,-0.5,0
175.473015399993,0,0,19,0,0,0.028,-0.015,-1.002,0.3,-0.5,0
175.483015399993,0,0,19,0,0,0.028,-0.015,-1.002,0.3,-0.5,0
175.493015399993,0,0,19,0,0,0.027,-0.014,-1.001,0.3,-0.6,0
175.503015399993,0,0,19,0,0,0.027,-0.014,-1.001,0.3,-0.6,0
175.513015399993,0,0,19,0,0,0.027,-0.014,-1.001,0.3,-0.6,0
175.523015399993,0,0,19,0,0,0.027,-0.014,-1.001,0.3,-0.6,0
175.533015399993,0,0,19,0,0,0.027,-0.014,-1.001,0.3,-0.6,0
175.543015399993,0,0,19,0,0,0.029,-0.016,-1.001,0.3,-0.5,0
175.553015399993,0,0,19,0,0,0.029,-0.016,-1.001,0.3,-0.5,0
175.563015399993,0,0,19,0,0,0.029,-0.016,-1.001,0.3,-0.5,0
175.573015399993,0,0,19,0,0,0.029,-0.016,-1.001,0.3,-0.5,0
175.583015399993,0,0,19,0,0,0.029,-0.016,-1.001,0.3,-0.5,0
175.593015399993,0,0,19,0,0,0.028,-0.016,-1.001,0.3,-0.6,0
175.603015399993,0,0,19,0,0,0.028,-0.016,-1.001,0.3,-0.6,0
175.613015399993,0,0,19,0,0,0.028,-0.016,-1.001,0.3,-0.6,0
175.623015399993,0,0,19,0,0,0.028,-0.016,-1.001,0.3,-0.6,0
175.633015399993,0,0,19,0,0,0.028,-0.016,-1.001,0.3,-0.6,0
175.643015399993,0,0,19,0,0,0.028,-0.014,-1.002,0.3,-0.6,0
175.653015399993,0,0,19,0,0,0.028,-0.014,-1.002,0.3,-0.6,0
175.663015399993,0,0,19,0,0,0.028,-0.014,-1.002,0.3,-0.6,0
175.673015399993,0,0,19,0,0,0.028,-0.014,-1.002,0.3,-0.6,0
175.683015399993,0,0,19,0,0,0.028,-0.014,-1.002,0.3,-0.6,0
175.693015399993,0,0.01,19,0,0,0.029,-0.017,-1.001,0.3,-0.6,0
175.703015399993,0,0.01,19,0,0,0.029,-0.017,-1.001,0.3,-0.6,0
175.713015399993,0,0.01,19,0,0,0.029,-0.017,-1.001,0.3,-0.6,0
175.723015399993,0,0.01,19,0,0,0.029,-0.017,-1.001,0.3,-0.6,0
175.733015399993,0,0.01,19,0,0,0.029,-0.017,-1.001,0.3,-0.6,0
175.743015399993,0,0,19,0,0,0.026,-0.014,-1.001,0.3,-0.6,0
175.753015399993,0,0,19,0,0,0.026,-0.014,-1.001,0.3,-0.6,0
175.763015399993,0,0,19,0,0,0.026,-0.014,-1.001,0.3,-0.6,0
175.773015399993,0,0,19,0,0,0.026,-0.014,-1.001,0.3,-0.6,0
175.783015399993,0,0,19,0,0,0.026,-0.014,-1.001,0.3,-0.6,0
175.793015399993,0,0,19,0,0,0.029,-0.015,-1.001,0.3,-0.6,0
175.803015399993,0,0,19,0,0,0.029,-0.015,-1.001,0.3,-0.6,0
175.813015399993,0,0,19,0,0,0.029,-0.015,-1.001,0.3,-0.6,0
175.823015399993,0,0,19,0,0,0.029,-0.015,-1.001,0.3,-0.6,0
175.833015399993,0,0,19,0,0,0.029,-0.015,-1.001,0.3,-0.6,0
175.843015399993,0,0,19,0,0,0.028,-0.015,-1.001,0.3,-0.5,0
175.853015399993,0,0,19,0,0,0.028,-0.015,-1.001,0.3,-0.5,0
175.863015399993,0,0,19,0,0,0.028,-0.015,-1.001,0.3,-0.5,0
175.873015399993,0,0,19,0,0,0.028,-0.015,-1.001,0.3,-0.5,0
175.883015399993,0,0,19,0,0,0.028,-0.015,-1.001,0.3,-0.5,0
175.893015399993,0,0,19,0,0,0.029,-0.016,-1.001,0.3,-0.6,0
175.903015399993,0,0,19,0,0,0.029,-0.016,-1.001,0.3,-0.6,0
175.913015399993,0,0,19,0,0,0.029,-0.016,-1.001,0.3,-0.6,0
175.923015399993,0,0,19,0,0,0.029,-0.016,-1.001,0.3,-0.6,0
175.933015399993,0,0,19,0,0,0.029,-0.016,-1.001,0.3,-0.6,0
175.943015399993,0,0,19,0,0,0.028,-0.014,-1.001,0.3,-0.6,0
175.953015399993,0,0,19,0,0,0.028,-0.014,-1.001,0.3,-0.6,0
175.963015399993,0,0,19,0,0,0.028,-0.014,-1.001,0.3,-0.6,0
175.973015399993,0,0,19,0,0,0.028,-0.014,-1.001,0.3,-0.6,0
175.983015399993,0,0,19,0,0,0.028,-0.014,-1.001,0.3,-0.6,0
175.993015399993,0,0,19,0,0,0.028,-0.016,-1.001,0.3,-0.6,0
176.003015399993,0,0,19,0,0,0.028,-0.016,-1.001,0.3,-0.6,0
176.013015399993,0,0,19,0,0,0.028,-0.016,-1.001,0.3,-0.6,0
176.023015399993,0,0,19,0,0,0.028,-0.016,-1.001,0.3,-0.6,0
176.033015399993,0,0,19,0,0,0.028,-0.016,-1.001,0.3,-0.6,0
176.043015399993,0,0,19,0,0,0.027,-0.014,-1.001,0.3,-0.6,0
176.053015399993,0,0,19,0,0,0.027,-0.014,-1.001,0.3,-0.6,0
176.063015399993,0,0,19,0,0,0.027,-0.014,-1.001,0.3,-0.6,0
176.073015399993,0,0,19,0,0,0.027,-0.014,-1.001,0.3,-0.6,0
176.083015399993,0,0,19,0,0,0.027,-0.014,-1.001,0.3,-0.6,0
176.093015399993,0,0,19,0,0,0.03,-0.015,-1.001,0.3,-0.6,0
176.103015399993,0,0,19,0,0,0.03,-0.015,-1.001,0.3,-0.6,0
176.113015399993,0,0,19,0,0,0.03,-0.015,-1.001,0.3,-0.6,0
176.123015399993,0,0,19,0,0,0.03,-0.015,-1.001,0.3,-0.6,0
176.133015399993,0,0,19,0,0,0.03,-0.015,-1.001,0.3,-0.6,0
176.143015399993,0,0.01,19,0,0,0.028,-0.014,-1,0.2,-0.6,0
176.153015399993,0,0.01,19,0,0,0.028,-0.014,-1,0.2,-0.6,0
176.163015399993,0,0.01,19,0,0,0.028,-0.014,-1,0.2,-0.6,0
176.173015399993,0,0.01,19,0,0,0.028,-0.014,-1,0.2,-0.6,0
176.183015399993,0,0.01,19,0,0,0.028,-0.014,-1,0.2,-0.6,0
176.193015399993,0,0.01,19,0,0,0.028,-0.015,-1.002,0.3,-0.6,0
176.203015399993,0,0.01,19,0,0,0.028,-0.015,-1.002,0.3,-0.6,0
176.213015399993,0,0.01,19,0,0,0.028,-0.015,-1.002,0.3,-0.6,0
176.223015399993,0,0.01,19,0,0,0.028,-0.015,-1.002,0.3,-0.6,0
176.233015399993,0,0.01,19,0,0,0.028,-0.015,-1.002,0.3,-0.6,0
176.243015399993,0,0.01,19,0,0,0.028,-0.015,-1.001,0.3,-0.6,0
176.253015399993,0,0.01,19,0,0,0.028,-0.015,-1.001,0.3,-0.6,0
176.263015399993,0,0.01,19,0,0,0.028,-0.015,-1.001,0.3,-0.6,0
176.273015399993,0,0.01,19,0,0,0.028,-0.015,-1.001,0.3,-0.6,0
176.283015399993,0,0.01,19,0,0,0.028,-0.015,-1.001,0.3,-0.6,0
176.293015399993,0,0,19,0,0,0.028,-0.015,-1.001,0.3,-0.5,0
176.303015399993,0,0,19,0,0,0.028,-0.015,-1.001,0.3,-0.5,0
176.313015399993,0,0,19,0,0,0.028,-0.015,-1.001,0.3,-0.5,0
176.323015399993,0,0,19,0,0,0.028,-0.015,-1.001,0.3,-0.5,0
176.333015399993,0,0,19,0,0,0.028,-0.015,-1.001,0.3,-0.5,0
176.343015399993,0,0,19,0,0,0.027,-0.014,-1.001,0.3,-0.6,0
176.353015399993,0,0,19,0,0,0.027,-0.014,-1.001,0.3,-0.6,0
176.363015399993,0,0,19,0,0,0.027,-0.014,-1.001,0.3,-0.6,0
176.373015399993,0,0,19,0,0,0.027,-0.014,-1.001,0.3,-0.6,0
176.383015399993,0,0,19,0,0,0.027,-0.014,-1.001,0.3,-0.6,0
176.393015399993,0,0,19,0,0,0.028,-0.015,-1.002,0.3,-0.6,0
176.403015399993,0,0,19,0,0,0.028,-0.015,-1.002,0.3,-0.6,0
176.413015399993,0,0,19,0,0,0.028,-0.015,-1.002,0.3,-0.6,0
176.423015399993,0,0,19,0,0,0.028,-0.015,-1.002,0.3,-0.6,0
176.433015399993,0,0,19,0,0,0.028,-0.015,-1.002,0.3,-0.6,0
176.443015399993,0,0,19,0,0,0.028,-0.014,-1.001,0.4,-0.6,0.1
176.453015399993,0,0,19,0,0,0.028,-0.014,-1.001,0.4,-0.6,0.1
176.463015399993,0,0,19,0,0,0.028,-0.014,-1.001,0.4,-0.6,0.1
176.473015399993,0,0,19,0,0,0.028,-0.014,-1.001,0.4,-0.6,0.1
176.483015399993,0,0,19,0,0,0.028,-0.014,-1.001,0.4,-0.6,0.1
176.493015399993,0,0,19,0,0,0.027,-0.015,-1.001,0.3,-0.6,0
176.503015399993,0,0,19,0,0,0.027,-0.015,-1.001,0.3,-0.6,0
176.513015399993,0,0,19,0,0,0.027,-0.015,-1.001,0.3,-0.6,0
176.523015399993,0,0,19,0,0,0.027,-0.015,-1.001,0.3,-0.6,0
176.533015399993,0,0,19,0,0,0.027,-0.015,-1.001,0.3,-0.6,0
176.543015399993,0,0,19,0,0,0.027,-0.015,-1.001,0.3,-0.6,0.1
176.553015399993,0,0,19,0,0,0.027,-0.015,-1.001,0.3,-0.6,0.1
176.563015399993,0,0,19,0,0,0.027,-0.015,-1.001,0.3,-0.6,0.1
176.573015399993,0,0,19,0,0,0.027,-0.015,-1.001,0.3,-0.6,0.1
176.583015399993,0,0,19,0,0,0.027,-0.015,-1.001,0.3,-0.6,0.1
176.593015399993,0,0,19,0,0,0.029,-0.015,-1.002,0.3,-0.5,0
176.603015399993,0,0,19,0,0,0.029,-0.015,-1.002,0.3,-0.5,0
176.613015399993,0,0,19,0,0,0.029,-0.015,-1.002,0.3,-0.5,0
176.623015399993,0,0,19,0,0,0.029,-0.015,-1.002,0.3,-0.5,0
176.633015399993,0,0,19,0,0,0.029,-0.015,-1.002,0.3,-0.5,0
176.643015399992,0,0,19,0,0,0.027,-0.015,-1.002,0.3,-0.6,0
176.653015399992,0,0,19,0,0,0.027,-0.015,-1.002,0.3,-0.6,0
176.663015399993,0,0,19,0,0,0.027,-0.015,-1.002,0.3,-0.6,0
176.673015399992,0,0,19,0,0,0.027,-0.015,-1.002,0.3,-0.6,0
176.683015399992,0,0,19,0,0,0.027,-0.015,-1.002,0.3,-0.6,0
176.693015399992,0,0,19,0,0,0.028,-0.015,-1.001,0.3,-0.6,0
176.703015399992,0,0,19,0,0,0.028,-0.015,-1.001,0.3,-0.6,0
176.713015399992,0,0,19,0,0,0.028,-0.015,-1.001,0.3,-0.6,0
176.723015399992,0,0,19,0,0,0.028,-0.015,-1.001,0.3,-0.6,0
176.733015399992,0,0,19,0,0,0.028,-0.015,-1.001,0.3,-0.6,0
176.743015399992,0,0,19,0,0,0.027,-0.015,-1.001,0.3,-0.6,0
176.753015399992,0,0,19,0,0,0.027,-0.015,-1.001,0.3,-0.6,0
176.763015399992,0,0,19,0,0,0.027,-0.015,-1.001,0.3,-0.6,0
176.773015399992,0,0,19,0,0,0.027,-0.015,-1.001,0.3,-0.6,0
176.783015399992,0,0,19,0,0,0.027,-0.015,-1.001,0.3,-0.6,0
176.793015399992,0,0,19,0,0,0.028,-0.014,-1.001,0.3,-0.6,0
176.803015399992,0,0,19,0,0,0.028,-0.014,-1.001,0.3,-0.6,0
176.813015399992,0,0,19,0,0,0.028,-0.014,-1.001,0.3,-0.6,0
176.823015399992,0,0,19,0,0,0.028,-0.014,-1.001,0.3,-0.6,0
176.833015399992,0,0,19,0,0,0.028,-0.014,-1.001,0.3,-0.6,0
176.843015399992,0,0.01,19,0,0,0.028,-0.015,-1.001,0.2,-0.5,0
176.853015399992,0,0.01,19,0,0,0.028,-0.015,-1.001,0.2,-0.5,0
176.863015399992,0,0.01,19,0,0,0.028,-0.015,-1.001,0.2,-0.5,0
176.873015399992,0,0.01,19,0,0,0.028,-0.015,-1.001,0.2,-0.5,0
176.883015399992,0,0.01,19,0,0,0.028,-0.015,-1.001,0.2,-0.5,0
176.893015399992,0,0,19,0,0,0.027,-0.016,-1,0.3,-0.5,0
176.903015399992,0,0,19,0,0,0.027,-0.016,-1,0.3,-0.5,0
176.913015399992,0,0,19,0,0,0.027,-0.016,-1,0.3,-0.5,0
176.923015399992,0,0,19,0,0,0.027,-0.016,-1,0.3,-0.5,0
176.933015399992,0,0,19,0,0,0.027,-0.016,-1,0.3,-0.5,0
176.943015399992,0,0.01,19,0,0,0.029,-0.015,-1.002,0.3,-0.6,0
176.953015399992,0,0.01,19,0,0,0.029,-0.015,-1.002,0.3,-0.6,0
176.963015399992,0,0.01,19,0,0,0.029,-0.015,-1.002,0.3,-0.6,0
176.973015399992,0,0.01,19,0,0,0.029,-0.015,-1.002,0.3,-0.6,0
176.983015399992,0,0.01,19,0,0,0.029,-0.015,-1.002,0.3,-0.6,0
176.993015399992,0,0,19,0,0,0.028,-0.015,-1,0.3,-0.6,0
177.003015399992,0,0,19,0,0,0.028,-0.015,-1,0.3,-0.6,0
177.013015399992,0,0,19,0,0,0.028,-0.015,-1,0.3,-0.6,0
177.023015399992,0,0,19,0,0,0.028,-0.015,-1,0.3,-0.6,0
177.033015399992,0,0,19,0,0,0.028,-0.015,-1,0.3,-0.6,0
177.043015399992,0,0.01,19,0,0,0.028,-0.015,-1.002,0.3,-0.6,0
177.053015399992,0,0.01,19,0,0,0.028,-0.015,-1.002,0.3,-0.6,0
177.063015399992,0,0.01,19,0,0,0.028,-0.015,-1.002,0.3,-0.6,0
177.073015399992,0,0.01,19,0,0,0.028,-0.015,-1.002,0.3,-0.6,0
177.083015399992,0,0.01,19,0,0,0.028,-0.015,-1.002,0.3,-0.6,0
177.093015399992,0,0.01,19,0,0,0.028,-0.015,-1.002,0.3,-0.6,0
177.103015399992,0,0.01,19,0,0,0.028,-0.015,-1.002,0.3,-0.6,0
177.113015399992,0,0.01,19,0,0,0.028,-0.015,-1.002,0.3,-0.6,0
177.123015399992,0,0.01,19,0,0,0.028,-0.015,-1.002,0.3,-0.6,0
177.133015399992,0,0.01,19,0,0,0.028,-0.015,-1.002,0.3,-0.6,0
177.143015399992,0,0,19,0,0,0.027,-0.016,-1,0.3,-0.6,0
177.153015399992,0,0,19,0,0,0.027,-0.016,-1,0.3,-0.6,0
177.163015399992,0,0,19,0,0,0.027,-0.016,-1,0.3,-0.6,0
177.173015399992,0,0,19,0,0,0.027,-0.016,-1,0.3,-0.6,0
177.183015399992,0,0,19,0,0,0.027,-0.016,-1,0.3,-0.6,0
177.193015399992,0,0,19,0,0,0.028,-0.014,-1.001,0.3,-0.6,0
177.203015399992,0,0,19,0,0,0.028,-0.014,-1.001,0.3,-0.6,0
177.213015399992,0,0,19,0,0,0.028,-0.014,-1.001,0.3,-0.6,0
177.223015399992,0,0,19,0,0,0.028,-0.014,-1.001,0.3,-0.6,0
177.233015399992,0,0,19,0,0,0.028,-0.014,-1.001,0.3,-0.6,0
177.243015399992,0,0,19,0,0,0.028,-0.015,-1.002,0.3,-0.6,0
177.253015399992,0,0,19,0,0,0.028,-0.015,-1.002,0.3,-0.6,0
177.263015399992,0,0,19,0,0,0.028,-0.015,-1.002,0.3,-0.6,0
177.273015399992,0,0,19,0,0,0.028,-0.015,-1.002,0.3,-0.6,0
177.283015399992,0,0,19,0,0,0.028,-0.015,-1.002,0.3,-0.6,0
177.293015399992,0,0,19,0,0,0.028,-0.015,-1.002,0.3,-0.7,0
177.303015399992,0,0,19,0,0,0.028,-0.015,-1.002,0.3,-0.7,0
177.313015399992,0,0,19,0,0,0.028,-0.015,-1.002,0.3,-0.7,0
177.323015399992,0,0,19,0,0,0.028,-0.015,-1.002,0.3,-0.7,0
177.333015399992,0,0,19,0,0,0.028,-0.015,-1.002,0.3,-0.7,0
177.343015399992,0,0,19,0,0,0.028,-0.014,-1.002,0.3,-0.5,0
177.353015399992,0,0,19,0,0,0.028,-0.014,-1.002,0.3,-0.5,0
177.363015399992,0,0,19,0,0,0.028,-0.014,-1.002,0.3,-0.5,0
177.373015399992,0,0,19,0,0,0.028,-0.014,-1.002,0.3,-0.5,0
177.383015399992,0,0,19,0,0,0.028,-0.014,-1.002,0.3,-0.5,0
177.393015399992,0,0,19,0,0,0.028,-0.014,-1.001,0.2,-0.6,0.1
177.403015399992,0,0,19,0,0,0.028,-0.014,-1.001,0.2,-0.6,0.1
177.413015399992,0,0,19,0,0,0.028,-0.014,-1.001,0.2,-0.6,0.1
177.423015399992,0,0,19,0,0,0.028,-0.014,-1.001,0.2,-0.6,0.1
177.433015399992,0,0,19,0,0,0.028,-0.014,-1.001,0.2,-0.6,0.1
177.443015399992,0,0.01,19,0,0,0.029,-0.016,-1.002,0.3,-0.5,0.1
177.453015399992,0,0.01,19,0,0,0.029,-0.016,-1.002,0.3,-0.5,0.1
177.463015399992,0,0.01,19,0,0,0.029,-0.016,-1.002,0.3,-0.5,0.1
177.473015399992,0,0.01,19,0,0,0.029,-0.016,-1.002,0.3,-0.5,0.1
177.483015399992,0,0.01,19,0,0,0.029,-0.016,-1.002,0.3,-0.5,0.1
177.493015399992,0,0,19,0,0,0.028,-0.014,-1.002,0.2,-0.6,0
177.503015399992,0,0,19,0,0,0.028,-0.014,-1.002,0.2,-0.6,0
177.513015399992,0,0,19,0,0,0.028,-0.014,-1.002,0.2,-0.6,0
177.523015399992,0,0,19,0,0,0.028,-0.014,-1.002,0.2,-0.6,0
177.533015399992,0,0,19,0,0,0.028,-0.014,-1.002,0.2,-0.6,0
177.543015399992,0,0,19,0,0,0.028,-0.016,-1.001,0.3,-0.5,0
177.553015399992,0,0,19,0,0,0.028,-0.016,-1.001,0.3,-0.5,0
177.563015399992,0,0,19,0,0,0.028,-0.016,-1.001,0.3,-0.5,0
177.573015399992,0,0,19,0,0,0.028,-0.016,-1.001,0.3,-0.5,0
177.583015399992,0,0,19,0,0,0.028,-0.016,-1.001,0.3,-0.5,0
177.593015399992,0,0,19,0,0,0.028,-0.014,-1.001,0.2,-0.6,0
177.603015399992,0,0,19,0,0,0.028,-0.014,-1.001,0.2,-0.6,0
177.613015399992,0,0,19,0,0,0.028,-0.014,-1.001,0.2,-0.6,0
177.623015399992,0,0,19,0,0,0.028,-0.014,-1.001,0.2,-0.6,0
177.633015399992,0,0,19,0,0,0.028,-0.014,-1.001,0.2,-0.6,0
177.643015399992,0,0,19,0,0,0.028,-0.015,-1.002,0.3,-0.5,0
177.653015399992,0,0,19,0,0,0.028,-0.015,-1.002,0.3,-0.5,0
177.663015399992,0,0,19,0,0,0.028,-0.015,-1.002,0.3,-0.5,0
177.673015399992,0,0,19,0,0,0.028,-0.015,-1.002,0.3,-0.5,0
177.683015399992,0,0,19,0,0,0.028,-0.015,-1.002,0.3,-0.5,0
177.693015399992,0,0,19,0,0,0.028,-0.015,-1,0.3,-0.5,0.1
177.703015399992,0,0,19,0,0,0.028,-0.015,-1,0.3,-0.5,0.1
177.713015399992,0,0,19,0,0,0.028,-0.015,-1,0.3,-0.5,0.1
177.723015399992,0,0,19,0,0,0.028,-0.015,-1,0.3,-0.5,0.1
177.733015399992,0,0,19,0,0,0.028,-0.015,-1,0.3,-0.5,0.1
177.743015399992,0,0,19,0,0,0.027,-0.014,-1.001,0.3,-0.6,0
177.753015399992,0,0,19,0,0,0.027,-0.014,-1.001,0.3,-0.6,0
177.763015399992,0,0,19,0,0,0.027,-0.014,-1.001,0.3,-0.6,0
177.773015399992,0,0,19,0,0,0.027,-0.014,-1.001,0.3,-0.6,0
177.783015399992,0,0,19,0,0,0.027,-0.014,-1.001,0.3,-0.6,0
177.793015399992,0,0,19,0,0,0.028,-0.016,-1.001,0.3,-0.6,0
177.803015399992,0,0,19,0,0,0.028,-0.016,-1.001,0.3,-0.6,0
177.813015399992,0,0,19,0,0,0.028,-0.016,-1.001,0.3,-0.6,0
177.823015399992,0,0,19,0,0,0.028,-0.016,-1.001,0.3,-0.6,0
177.833015399992,0,0,19,0,0,0.028,-0.016,-1.001,0.3,-0.6,0
177.843015399992,0,0,19,0,0,0.027,-0.014,-1.001,0.3,-0.6,0
177.853015399992,0,0,19,0,0,0.027,-0.014,-1.001,0.3,-0.6,0
177.863015399992,0,0,19,0,0,0.027,-0.014,-1.001,0.3,-0.6,0
177.873015399992,0,0,19,0,0,0.027,-0.014,-1.001,0.3,-0.6,0
177.883015399992,0,0,19,0,0,0.027,-0.014,-1.001,0.3,-0.6,0
177.893015399992,0,0,19,0,0,0.028,-0.016,-1.002,0.3,-0.6,0
177.903015399992,0,0,19,0,0,0.028,-0.016,-1.002,0.3,-0.6,0
177.913015399992,0,0,19,0,0,0.028,-0.016,-1.002,0.3,-0.6,0
177.923015399992,0,0,19,0,0,0.028,-0.016,-1.002,0.3,-0.6,0
177.933015399992,0,0,19,0,0,0.028,-0.016,-1.002,0.3,-0.6,0
177.943015399992,0,0,19,0,0,0.027,-0.015,-1.001,0.3,-0.5,0
177.953015399992,0,0,19,0,0,0.027,-0.015,-1.001,0.3,-0.5,0
177.963015399992,0,0,19,0,0,0.027,-0.015,-1.001,0.3,-0.5,0
177.973015399992,0,0,19,0,0,0.027,-0.015,-1.001,0.3,-0.5,0
177.983015399992,0,0,19,0,0,0.027,-0.015,-1.001,0.3,-0.5,0
177.993015399992,0,0,19,0,0,0.028,-0.015,-1,0.4,-0.6,0
178.003015399992,0,0,19,0,0,0.028,-0.015,-1,0.4,-0.6,0
178.013015399992,0,0,19,0,0,0.028,-0.015,-1,0.4,-0.6,0
178.023015399992,0,0,19,0,0,0.028,-0.015,-1,0.4,-0.6,0
178.033015399992,0,0,19,0,0,0.028,-0.015,-1,0.4,-0.6,0
178.043015399992,0,0,19,0,0,0.028,-0.016,-1.001,0.3,-0.6,0.1
178.053015399992,0,0,19,0,0,0.028,-0.016,-1.001,0.3,-0.6,0.1
178.063015399992,0,0,19,0,0,0.028,-0.016,-1.001,0.3,-0.6,0.1
178.073015399992,0,0,19,0,0,0.028,-0.016,-1.001,0.3,-0.6,0.1
178.083015399992,0,0,19,0,0,0.028,-0.016,-1.001,0.3,-0.6,0.1
178.093015399992,0,0,19,0,0,0.028,-0.015,-1.001,0.3,-0.6,0
178.103015399992,0,0,19,0,0,0.028,-0.015,-1.001,0.3,-0.6,0
178.113015399992,0,0,19,0,0,0.028,-0.015,-1.001,0.3,-0.6,0
178.123015399992,0,0,19,0,0,0.028,-0.015,-1.001,0.3,-0.6,0
178.133015399992,0,0,19,0,0,0.028,-0.015,-1.001,0.3,-0.6,0
178.143015399992,0,0.01,19,0,0,0.028,-0.015,-1.001,0.3,-0.6,0
178.153015399992,0,0.01,19,0,0,0.028,-0.015,-1.001,0.3,-0.6,0
178.163015399992,0,0.01,19,0,0,0.028,-0.015,-1.001,0.3,-0.6,0
178.173015399992,0,0.01,19,0,0,0.028,-0.015,-1.001,0.3,-0.6,0
178.183015399992,0,0.01,19,0,0,0.028,-0.015,-1.001,0.3,-0.6,0
178.193015399992,0,0,19,0,0,0.028,-0.015,-1.001,0.3,-0.6,0
178.203015399992,0,0,19,0,0,0.028,-0.015,-1.001,0.3,-0.6,0
178.213015399992,0,0,19,0,0,0.028,-0.015,-1.001,0.3,-0.6,0
178.223015399992,0,0,19,0,0,0.028,-0.015,-1.001,0.3,-0.6,0
178.233015399992,0,0,19,0,0,0.028,-0.015,-1.001,0.3,-0.6,0
178.243015399992,0,0,19,0,0,0.029,-0.015,-1.002,0.3,-0.6,0
178.253015399992,0,0,19,0,0,0.029,-0.015,-1.002,0.3,-0.6,0
178.263015399992,0,0,19,0,0,0.029,-0.015,-1.002,0.3,-0.6,0
178.273015399992,0,0,19,0,0,0.029,-0.015,-1.002,0.3,-0.6,0
178.283015399992,0,0,19,0,0,0.029,-0.015,-1.002,0.3,-0.6,0
178.293015399992,0,0,19,0,0,0.028,-0.014,-1.002,0.3,-0.6,0
178.303015399992,0,0,19,0,0,0.028,-0.014,-1.002,0.3,-0.6,0
178.313015399992,0,0,19,0,0,0.028,-0.014,-1.002,0.3,-0.6,0
178.323015399992,0,0,19,0,0,0.028,-0.014,-1.002,0.3,-0.6,0
178.333015399992,0,0,19,0,0,0.028,-0.014,-1.002,0.3,-0.6,0
178.343015399992,0,0,19,0,0,0.029,-0.015,-1.002,0.4,-0.6,0
178.353015399992,0,0,19,0,0,0.029,-0.015,-1.002,0.4,-0.6,0
178.363015399992,0,0,19,0,0,0.029,-0.015,-1.002,0.4,-0.6,0
178.373015399992,0,0,19,0,0,0.029,-0.015,-1.002,0.4,-0.6,0
178.383015399992,0,0,19,0,0,0.029,-0.015,-1.002,0.4,-0.6,0
178.393015399992,0,0,19,0,0,0.027,-0.015,-1.002,0.3,-0.6,0
178.403015399992,0,0,19,0,0,0.027,-0.015,-1.002,0.3,-0.6,0
178.413015399992,0,0,19,0,0,0.027,-0.015,-1.002,0.3,-0.6,0
178.423015399992,0,0,19,0,0,0.027,-0.015,-1.002,0.3,-0.6,0
178.433015399992,0,0,19,0,0,0.027,-0.015,-1.002,0.3,-0.6,0
178.443015399992,0,0,19,0,0,0.028,-0.015,-1.001,0.3,-0.6,0
178.453015399992,0,0,19,0,0,0.028,-0.015,-1.001,0.3,-0.6,0
178.463015399992,0,0,19,0,0,0.028,-0.015,-1.001,0.3,-0.6,0
178.473015399992,0,0,19,0,0,0.028,-0.015,-1.001,0.3,-0.6,0
178.483015399992,0,0,19,0,0,0.028,-0.015,-1.001,0.3,-0.6,0
178.493015399992,0,0,19,0,0,0.027,-0.014,-1.001,0.3,-0.6,0
178.503015399992,0,0,19,0,0,0.027,-0.014,-1.001,0.3,-0.6,0
178.513015399992,0,0,19,0,0,0.027,-0.014,-1.001,0.3,-0.6,0
178.523015399992,0,0,19,0,0,0.027,-0.014,-1.001,0.3,-0.6,0
178.533015399992,0,0,19,0,0,0.027,-0.014,-1.001,0.3,-0.6,0
178.543015399992,0,0.01,19,0,0,0.028,-0.016,-1.001,0.3,-0.6,0.1
178.553015399992,0,0.01,19,0,0,0.028,-0.016,-1.001,0.3,-0.6,0.1
178.563015399992,0,0.01,19,0,0,0.028,-0.016,-1.001,0.3,-0.6,0.1
178.573015399992,0,0.01,19,0,0,0.028,-0.016,-1.001,0.3,-0.6,0.1
178.583015399992,0,0.01,19,0,0,0.028,-0.016,-1.001,0.3,-0.6,0.1
178.593015399992,0,0,19,0,0,0.029,-0.015,-1.002,0.3,-0.6,0
178.603015399992,0,0,19,0,0,0.029,-0.015,-1.002,0.3,-0.6,0
178.613015399992,0,0,19,0,0,0.029,-0.015,-1.002,0.3,-0.6,0
178.623015399992,0,0,19,0,0,0.029,-0.015,-1.002,0.3,-0.6,0
178.633015399992,0,0,19,0,0,0.029,-0.015,-1.002,0.3,-0.6,0
178.643015399992,0,0,19,0,0,0.028,-0.016,-1.001,0.3,-0.5,0.1
178.653015399992,0,0,19,0,0,0.028,-0.016,-1.001,0.3,-0.5,0.1
178.663015399992,0,0,19,0,0,0.028,-0.016,-1.001,0.3,-0.5,0.1
178.673015399992,0,0,19,0,0,0.028,-0.016,-1.001,0.3,-0.5,0.1
178.683015399992,0,0,19,0,0,0.028,-0.016,-1.001,0.3,-0.5,0.1
178.693015399992,0,0.01,19,0,0,0.028,-0.013,-1.001,0.3,-0.6,0
178.703015399992,0,0.01,19,0,0,0.028,-0.013,-1.001,0.3,-0.6,0
178.713015399992,0,0.01,19,0,0,0.028,-0.013,-1.001,0.3,-0.6,0
178.723015399992,0,0.01,19,0,0,0.028,-0.013,-1.001,0.3,-0.6,0
178.733015399992,0,0.01,19,0,0,0.028,-0.013,-1.001,0.3,-0.6,0
178.743015399992,0,0.01,19,0,0,0.028,-0.015,-1.002,0.3,-0.5,0
178.753015399992,0,0.01,19,0,0,0.028,-0.015,-1.002,0.3,-0.5,0
178.763015399992,0,0.01,19,0,0,0.028,-0.015,-1.002,0.3,-0.5,0
178.773015399992,0,0.01,19,0,0,0.028,-0.015,-1.002,0.3,-0.5,0
178.783015399992,0,0.01,19,0,0,0.028,-0.015,-1.002,0.3,-0.5,0
178.793015399992,0,0,19,0,0,0.028,-0.014,-1.002,0.3,-0.6,0
178.803015399992,0,0,19,0,0,0.028,-0.014,-1.002,0.3,-0.6,0
178.813015399992,0,0,19,0,0,0.028,-0.014,-1.002,0.3,-0.6,0
178.823015399992,0,0,19,0,0,0.028,-0.014,-1.002,0.3,-0.6,0
178.833015399992,0,0,19,0,0,0.028,-0.014,-1.002,0.3,-0.6,0
178.843015399992,0,0.01,19,0,0,0.028,-0.014,-1.001,0.3,-0.6,0
178.853015399992,0,0.01,19,0,0,0.028,-0.014,-1.001,0.3,-0.6,0
178.863015399992,0,0.01,19,0,0,0.028,-0.014,-1.001,0.3,-0.6,0
178.873015399992,0,0.01,19,0,0,0.028,-0.014,-1.001,0.3,-0.6,0
178.883015399992,0,0.01,19,0,0,0.028,-0.014,-1.001,0.3,-0.6,0
178.893015399992,0,0.01,19,0,0,0.027,-0.014,-1.001,0.3,-0.5,0
178.903015399992,0,0.01,19,0,0,0.027,-0.014,-1.001,0.3,-0.5,0
178.913015399992,0,0.01,19,0,0,0.027,-0.014,-1.001,0.3,-0.5,0
178.923015399992,0,0.01,19,0,0,0.027,-0.014,-1.001,0.3,-0.5,0
178.933015399992,0,0.01,19,0,0,0.027,-0.014,-1.001,0.3,-0.5,0
178.943015399992,0,0,19,0,0,0.027,-0.015,-1,0.3,-0.6,0
178.953015399992,0,0,19,0,0,0.027,-0.015,-1,0.3,-0.6,0
178.963015399992,0,0,19,0,0,0.027,-0.015,-1,0.3,-0.6,0
178.973015399992,0,0,19,0,0,0.027,-0.015,-1,0.3,-0.6,0
178.983015399992,0,0,19,0,0,0.027,-0.015,-1,0.3,-0.6,0
178.993015399992,0,0,19,0,0,0.028,-0.015,-1.001,0.3,-0.5,0
179.003015399992,0,0,19,0,0,0.028,-0.015,-1.001,0.3,-0.5,0
179.013015399992,0,0,19,0,0,0.028,-0.015,-1.001,0.3,-0.5,0
179.023015399992,0,0,19,0,0,0.028,-0.015,-1.001,0.3,-0.5,0
179.033015399992,0,0,19,0,0,0.028,-0.015,-1.001,0.3,-0.5,0
179.043015399992,0,0,19,0,0,0.029,-0.015,-1.002,0.3,-0.6,0
179.053015399992,0,0,19,0,0,0.029,-0.015,-1.002,0.3,-0.6,0
179.063015399992,0,0,19,0,0,0.029,-0.015,-1.002,0.3,-0.6,0
179.073015399992,0,0,19,0,0,0.029,-0.015,-1.002,0.3,-0.6,0
179.083015399992,0,0,19,0,0,0.029,-0.015,-1.002,0.3,-0.6,0
179.093015399992,0,0,19,0,0,0.028,-0.015,-1.001,0.3,-0.5,0
179.103015399992,0,0,19,0,0,0.028,-0.015,-1.001,0.3,-0.5,0
179.113015399992,0,0,19,0,0,0.028,-0.015,-1.001,0.3,-0.5,0
179.123015399992,0,0,19,0,0,0.028,-0.015,-1.001,0.3,-0.5,0
179.133015399992,0,0,19,0,0,0.028,-0.015,-1.001,0.3,-0.5,0
179.143015399992,0,0.01,19,0,0,0.028,-0.015,-1.002,0.3,-0.6,0
179.153015399992,0,0.01,19,0,0,0.028,-0.015,-1.002,0.3,-0.6,0
179.163015399992,0,0.01,19,0,0,0.028,-0.015,-1.002,0.3,-0.6,0
179.173015399992,0,0.01,19,0,0,0.028,-0.015,-1.002,0.3,-0.6,0
179.183015399992,0,0.01,19,0,0,0.028,-0.015,-1.002,0.3,-0.6,0
179.193015399992,0,0,19,0,0,0.027,-0.015,-1.001,0.3,-0.6,0
179.203015399992,0,0,19,0,0,0.027,-0.015,-1.001,0.3,-0.6,0
179.213015399992,0,0,19,0,0,0.027,-0.015,-1.001,0.3,-0.6,0
179.223015399992,0,0,19,0,0,0.027,-0.015,-1.001,0.3,-0.6,0
179.233015399992,0,0,19,0,0,0.027,-0.015,-1.001,0.3,-0.6,0
179.243015399992,0,0.01,19,0,0,0.027,-0.015,-1,0.3,-0.6,0
179.253015399992,0,0.01,19,0,0,0.027,-0.015,-1,0.3,-0.6,0
179.263015399992,0,0.01,19,0,0,0.027,-0.015,-1,0.3,-0.6,0
179.273015399992,0,0.01,19,0,0,0.027,-0.015,-1,0.3,-0.6,0
179.283015399992,0,0.01,19,0,0,0.027,-0.015,-1,0.3,-0.6,0
179.293015399992,0,0.01,19,0,0,0.027,-0.014,-1.001,0.3,-0.6,0
179.303015399992,0,0.01,19,0,0,0.027,-0.014,-1.001,0.3,-0.6,0
179.313015399992,0,0.01,19,0,0,0.027,-0.014,-1.001,0.3,-0.6,0
179.323015399992,0,0.01,19,0,0,0.027,-0.014,-1.001,0.3,-0.6,0
179.333015399992,0,0.01,19,0,0,0.027,-0.014,-1.001,0.3,-0.6,0
179.343015399992,0,0.01,19,0,0,0.028,-0.014,-1.001,0.3,-0.6,0
179.353015399992,0,0.01,19,0,0,0.028,-0.014,-1.001,0.3,-0.6,0
179.363015399992,0,0.01,19,0,0,0.028,-0.014,-1.001,0.3,-0.6,0
179.373015399992,0,0.01,19,0,0,0.028,-0.014,-1.001,0.3,-0.6,0
179.383015399992,0,0.01,19,0,0,0.028,-0.014,-1.001,0.3,-0.6,0
179.393015399992,0,0.01,19,0,0,0.028,-0.015,-1.001,0.3,-0.5,0
179.403015399992,0,0.01,19,0,0,0.028,-0.015,-1.001,0.3,-0.5,0
179.413015399992,0,0.01,19,0,0,0.028,-0.015,-1.001,0.3,-0.5,0
179.423015399992,0,0.01,19,0,0,0.028,-0.015,-1.001,0.3,-0.5,0
179.433015399992,0,0.01,19,0,0,0.028,-0.015,-1.001,0.3,-0.5,0
179.443015399992,0,0,19,0,0,0.028,-0.014,-1.001,0.3,-0.5,0
179.453015399992,0,0,19,0,0,0.028,-0.014,-1.001,0.3,-0.5,0
179.463015399992,0,0,19,0,0,0.028,-0.014,-1.001,0.3,-0.5,0
179.473015399992,0,0,19,0,0,0.028,-0.014,-1.001,0.3,-0.5,0
179.483015399992,0,0,19,0,0,0.028,-0.014,-1.001,0.3,-0.5,0
179.493015399992,0,0,19,0,0,0.028,-0.016,-1.001,0.3,-0.6,0
179.503015399992,0,0,19,0,0,0.028,-0.016,-1.001,0.3,-0.6,0
179.513015399992,0,0,19,0,0,0.028,-0.016,-1.001,0.3,-0.6,0
179.523015399992,0,0,19,0,0,0.028,-0.016,-1.001,0.3,-0.6,0
179.533015399992,0,0,19,0,0,0.028,-0.016,-1.001,0.3,-0.6,0
179.543015399992,0,0.01,19,0,0,0.028,-0.015,-1.002,0.3,-0.6,0
179.553015399991,0,0.01,19,0,0,0.028,-0.015,-1.002,0.3,-0.6,0
179.563015399992,0,0.01,19,0,0,0.028,-0.015,-1.002,0.3,-0.6,0
179.573015399992,0,0.01,19,0,0,0.028,-0.015,-1.002,0.3,-0.6,0
179.583015399991,0,0.01,19,0,0,0.028,-0.015,-1.002,0.3,-0.6,0
179.593015399991,0,0,19,0,0,0.028,-0.014,-1.001,0.3,-0.6,0
179.603015399991,0,0,19,0,0,0.028,-0.014,-1.001,0.3,-0.6,0
179.613015399991,0,0,19,0,0,0.028,-0.014,-1.001,0.3,-0.6,0
179.623015399991,0,0,19,0,0,0.028,-0.014,-1.001,0.3,-0.6,0
179.633015399991,0,0,19,0,0,0.028,-0.014,-1.001,0.3,-0.6,0
179.643015399991,0,0,19,0,0,0.028,-0.015,-1.002,0.3,-0.5,0
179.653015399991,0,0,19,0,0,0.028,-0.015,-1.002,0.3,-0.5,0
179.663015399991,0,0,19,0,0,0.028,-0.015,-1.002,0.3,-0.5,0
179.673015399991,0,0,19,0,0,0.028,-0.015,-1.002,0.3,-0.5,0
179.683015399991,0,0,19,0,0,0.028,-0.015,-1.002,0.3,-0.5,0
179.693015399991,0,0,19,0,0,0.028,-0.015,-1.001,0.3,-0.6,0
179.703015399991,0,0,19,0,0,0.028,-0.015,-1.001,0.3,-0.6,0
179.713015399991,0,0,19,0,0,0.028,-0.015,-1.001,0.3,-0.6,0
179.723015399991,0,0,19,0,0,0.028,-0.015,-1.001,0.3,-0.6,0
179.733015399991,0,0,19,0,0,0.028,-0.015,-1.001,0.3,-0.6,0
179.743015399991,0,0,19,0,0,0.028,-0.015,-1.002,0.2,-0.6,0
179.753015399991,0,0,19,0,0,0.028,-0.015,-1.002,0.2,-0.6,0
179.763015399991,0,0,19,0,0,0.028,-0.015,-1.002,0.2,-0.6,0
179.773015399991,0,0,19,0,0,0.028,-0.015,-1.002,0.2,-0.6,0
179.783015399991,0,0,19,0,0,0.028,-0.015,-1.002,0.2,-0.6,0
179.793015399991,0,0,19,0,0,0.028,-0.015,-1.002,0.3,-0.6,0
179.803015399991,0,0,19,0,0,0.028,-0.015,-1.002,0.3,-0.6,0
179.813015399991,0,0,19,0,0,0.028,-0.015,-1.002,0.3,-0.6,0
179.823015399991,0,0,19,0,0,0.028,-0.015,-1.002,0.3,-0.6,0
179.833015399991,0,0,19,0,0,0.028,-0.015,-1.002,0.3,-0.6,0
179.843015399991,0,0,19,0,0,0.028,-0.015,-1,0.3,-0.6,0
179.853015399991,0,0,19,0,0,0.028,-0.015,-1,0.3,-0.6,0
179.863015399991,0,0,19,0,0,0.028,-0.015,-1,0.3,-0.6,0
179.873015399991,0,0,19,0,0,0.028,-0.015,-1,0.3,-0.6,0
179.883015399991,0,0,19,0,0,0.028,-0.015,-1,0.3,-0.6,0
179.893015399991,0,0,19,0,0,0.028,-0.015,-1.002,0.3,-0.6,0
179.903015399991,0,0,19,0,0,0.028,-0.015,-1.002,0.3,-0.6,0
179.913015399991,0,0,19,0,0,0.028,-0.015,-1.002,0.3,-0.6,0
179.923015399991,0,0,19,0,0,0.028,-0.015,-1.002,0.3,-0.6,0
179.933015399991,0,0,19,0,0,0.028,-0.015,-1.002,0.3,-0.6,0
179.943015399991,0,0,19,0,0,0.028,-0.015,-1.001,0.3,-0.5,0
179.953015399991,0,0,19,0,0,0.028,-0.015,-1.001,0.3,-0.5,0
179.963015399991,0,0,19,0,0,0.028,-0.015,-1.001,0.3,-0.5,0
179.973015399991,0,0,19,0,0,0.028,-0.015,-1.001,0.3,-0.5,0
179.983015399991,0,0,19,0,0,0.028,-0.015,-1.001,0.3,-0.5,0
179.993015399991,0,0,19,0,0,0.028,-0.015,-1.002,0.3,-0.5,0.1
180.003015399991,0,0,19,0,0,0.028,-0.015,-1.002,0.3,-0.5,0.1
180.013015399991,0,0,19,0,0,0.028,-0.015,-1.002,0.3,-0.5,0.1
180.023015399991,0,0,19,0,0,0.028,-0.015,-1.002,0.3,-0.5,0.1
180.033015399991,0,0,19,0,0,0.028,-0.015,-1.002,0.3,-0.5,0.1
180.043015399991,0,0,19,0,0,0.028,-0.015,-1.002,0.3,-0.6,0.1
180.053015399991,0,0,19,0,0,0.028,-0.015,-1.002,0.3,-0.6,0.1
180.063015399991,0,0,19,0,0,0.028,-0.015,-1.002,0.3,-0.6,0.1
180.073015399991,0,0,19,0,0,0.028,-0.015,-1.002,0.3,-0.6,0.1
180.083015399991,0,0,19,0,0,0.028,-0.015,-1.002,0.3,-0.6,0.1
180.093015399991,0,0,19,0,0,0.029,-0.015,-1.002,0.3,-0.6,0
180.103015399991,0,0,19,0,0,0.029,-0.015,-1.002,0.3,-0.6,0
180.113015399991,0,0,19,0,0,0.029,-0.015,-1.002,0.3,-0.6,0
180.123015399991,0,0,19,0,0,0.029,-0.015,-1.002,0.3,-0.6,0
180.133015399991,0,0,19,0,0,0.029,-0.015,-1.002,0.3,-0.6,0
180.143015399991,0,0,19,0,0,0.028,-0.014,-1.002,0.3,-0.6,0
180.153015399991,0,0,19,0,0,0.028,-0.014,-1.002,0.3,-0.6,0
180.163015399991,0,0,19,0,0,0.028,-0.014,-1.002,0.3,-0.6,0
180.173015399991,0,0,19,0,0,0.028,-0.014,-1.002,0.3,-0.6,0
180.183015399991,0,0,19,0,0,0.028,-0.014,-1.002,0.3,-0.6,0
180.193015399991,0,0,19,0,0,0.028,-0.015,-1.003,0.3,-0.5,0
180.203015399991,0,0,19,0,0,0.028,-0.015,-1.003,0.3,-0.5,0
180.213015399991,0,0,19,0,0,0.028,-0.015,-1.003,0.3,-0.5,0
180.223015399991,0,0,19,0,0,0.028,-0.015,-1.003,0.3,-0.5,0
180.233015399991,0,0,19,0,0,0.028,-0.015,-1.003,0.3,-0.5,0
180.243015399991,0,0,19,0,0,0.028,-0.015,-1.001,0.3,-0.5,0
180.253015399991,0,0,19,0,0,0.028,-0.015,-1.001,0.3,-0.5,0
180.263015399991,0,0,19,0,0,0.028,-0.015,-1.001,0.3,-0.5,0
180.273015399991,0,0,19,0,0,0.028,-0.015,-1.001,0.3,-0.5,0
180.283015399991,0,0,19,0,0,0.028,-0.015,-1.001,0.3,-0.5,0
180.293015399991,0,0,19,0,0,0.028,-0.015,-1.002,0.3,-0.6,0
180.303015399991,0,0,19,0,0,0.028,-0.015,-1.002,0.3,-0.6,0
180.313015399991,0,0,19,0,0,0.028,-0.015,-1.002,0.3,-0.6,0
180.323015399991,0,0,19,0,0,0.028,-0.015,-1.002,0.3,-0.6,0
180.333015399991,0,0,19,0,0,0.028,-0.015,-1.002,0.3,-0.6,0
180.343015399991,0,0,19,0,0,0.028,-0.015,-1.001,0.3,-0.6,0
180.353015399991,0,0,19,0,0,0.028,-0.015,-1.001,0.3,-0.6,0
180.363015399991,0,0,19,0,0,0.028,-0.015,-1.001,0.3,-0.6,0
180.373015399991,0,0,19,0,0,0.028,-0.015,-1.001,0.3,-0.6,0
180.383015399991,0,0,19,0,0,0.028,-0.015,-1.001,0.3,-0.6,0
180.393015399991,0,0,19,0,0,0.027,-0.014,-1.002,0.3,-0.5,0.1
180.403015399991,0,0,19,0,0,0.027,-0.014,-1.002,0.3,-0.5,0.1
180.413015399991,0,0,19,0,0,0.027,-0.014,-1.002,0.3,-0.5,0.1
180.423015399991,0,0,19,0,0,0.027,-0.014,-1.002,0.3,-0.5,0.1
180.433015399991,0,0,19,0,0,0.027,-0.014,-1.002,0.3,-0.5,0.1
180.443015399991,0,0,19,0,0,0.028,-0.015,-1.001,0.3,-0.6,0
180.453015399991,0,0,19,0,0,0.028,-0.015,-1.001,0.3,-0.6,0
180.463015399991,0,0,19,0,0,0.028,-0.015,-1.001,0.3,-0.6,0
180.473015399991,0,0,19,0,0,0.028,-0.015,-1.001,0.3,-0.6,0
180.483015399991,0,0,19,0,0,0.028,-0.015,-1.001,0.3,-0.6,0
180.493015399991,0,0,19,0,0,0.028,-0.014,-1.001,0.3,-0.5,0
180.503015399991,0,0,19,0,0,0.028,-0.014,-1.001,0.3,-0.5,0
180.513015399991,0,0,19,0,0,0.028,-0.014,-1.001,0.3,-0.5,0
180.523015399991,0,0,19,0,0,0.028,-0.014,-1.001,0.3,-0.5,0
180.533015399991,0,0,19,0,0,0.028,-0.014,-1.001,0.3,-0.5,0
180.543015399991,0,0,19,0,0,0.029,-0.015,-1.002,0.3,-0.6,0
180.553015399991,0,0,19,0,0,0.029,-0.015,-1.002,0.3,-0.6,0
180.563015399991,0,0,19,0,0,0.029,-0.015,-1.002,0.3,-0.6,0
180.573015399991,0,0,19,0,0,0.029,-0.015,-1.002,0.3,-0.6,0
180.583015399991,0,0,19,0,0,0.029,-0.015,-1.002,0.3,-0.6,0
180.593015399991,0,0,19,0,0,0.027,-0.015,-1.003,0.3,-0.6,0
180.603015399991,0,0,19,0,0,0.027,-0.015,-1.003,0.3,-0.6,0
180.613015399991,0,0,19,0,0,0.027,-0.015,-1.003,0.3,-0.6,0
180.623015399991,0,0,19,0,0,0.027,-0.015,-1.003,0.3,-0.6,0
180.633015399991,0,0,19,0,0,0.027,-0.015,-1.003,0.3,-0.6,0
180.643015399991,0,0,19,0,0,0.029,-0.015,-1.001,0.3,-0.6,0
180.653015399991,0,0,19,0,0,0.029,-0.015,-1.001,0.3,-0.6,0
180.663015399991,0,0,19,0,0,0.029,-0.015,-1.001,0.3,-0.6,0
180.673015399991,0,0,19,0,0,0.029,-0.015,-1.001,0.3,-0.6,0
180.683015399991,0,0,19,0,0,0.029,-0.015,-1.001,0.3,-0.6,0
180.693015399991,0,0,19,0,0,0.028,-0.014,-1.002,0.3,-0.6,0
180.703015399991,0,0,19,0,0,0.028,-0.014,-1.002,0.3,-0.6,0
180.713015399991,0,0,19,0,0,0.028,-0.014,-1.002,0.3,-0.6,0
180.723015399991,0,0,19,0,0,0.028,-0.014,-1.002,0.3,-0.6,0
180.733015399991,0,0,19,0,0,0.028,-0.014,-1.002,0.3,-0.6,0
180.743015399991,0,0.01,19,0,0,0.028,-0.016,-1.002,0.3,-0.6,0
180.753015399991,0,0.01,19,0,0,0.028,-0.016,-1.002,0.3,-0.6,0
180.763015399991,0,0.01,19,0,0,0.028,-0.016,-1.002,0.3,-0.6,0
180.773015399991,0,0.01,19,0,0,0.028,-0.016,-1.002,0.3,-0.6,0
180.783015399991,0,0.01,19,0,0,0.028,-0.016,-1.002,0.3,-0.6,0
180.793015399991,0,0,19,0,0,0.027,-0.015,-1.002,0.3,-0.6,0
180.803015399991,0,0,19,0,0,0.027,-0.015,-1.002,0.3,-0.6,0
180.813015399991,0,0,19,0,0,0.027,-0.015,-1.002,0.3,-0.6,0
180.823015399991,0,0,19,0,0,0.027,-0.015,-1.002,0.3,-0.6,0
180.833015399991,0,0,19,0,0,0.027,-0.015,-1.002,0.3,-0.6,0
180.843015399991,0,0,19,0,0,0.029,-0.014,-1.002,0.3,-0.5,0
180.853015399991,0,0,19,0,0,0.029,-0.014,-1.002,0.3,-0.5,0
180.863015399991,0,0,19,0,0,0.029,-0.014,-1.002,0.3,-0.5,0
180.873015399991,0,0,19,0,0,0.029,-0.014,-1.002,0.3,-0.5,0
180.883015399991,0,0,19,0,0,0.029,-0.014,-1.002,0.3,-0.5,0
180.893015399991,0,0.01,19,0,0,0.028,-0.016,-1.001,0.3,-0.6,0
180.903015399991,0,0.01,19,0,0,0.028,-0.016,-1.001,0.3,-0.6,0
180.913015399991,0,0.01,19,0,0,0.028,-0.016,-1.001,0.3,-0.6,0
180.923015399991,0,0.01,19,0,0,0.028,-0.016,-1.001,0.3,-0.6,0
180.933015399991,0,0.01,19,0,0,0.028,-0.016,-1.001,0.3,-0.6,0
180.943015399991,0,0,19,0,0,0.028,-0.015,-1.002,0.3,-0.6,0
180.953015399991,0,0,19,0,0,0.028,-0.015,-1.002,0.3,-0.6,0
180.963015399991,0,0,19,0,0,0.028,-0.015,-1.002,0.3,-0.6,0
180.973015399991,0,0,19,0,0,0.028,-0.015,-1.002,0.3,-0.6,0
180.983015399991,0,0,19,0,0,0.028,-0.015,-1.002,0.3,-0.6,0
180.993015399991,0,0,19,0,0,0.028,-0.015,-1.002,0.4,-0.6,0
181.003015399991,0,0,19,0,0,0.028,-0.015,-1.002,0.4,-0.6,0
181.013015399991,0,0,19,0,0,0.028,-0.015,-1.002,0.4,-0.6,0
181.023015399991,0,0,19,0,0,0.028,-0.015,-1.002,0.4,-0.6,0
181.033015399991,0,0,19,0,0,0.028,-0.015,-1.002,0.4,-0.6,0
181.043015399991,0,0,19,0,0,0.029,-0.014,-1.001,0.3,-0.5,0
181.053015399991,0,0,19,0,0,0.029,-0.014,-1.001,0.3,-0.5,0
181.063015399991,0,0,19,0,0,0.029,-0.014,-1.001,0.3,-0.5,0
181.073015399991,0,0,19,0,0,0.029,-0.014,-1.001,0.3,-0.5,0
181.083015399991,0,0,19,0,0,0.029,-0.014,-1.001,0.3,-0.5,0
181.093015399991,0,0,19,0,0,0.028,-0.014,-1.001,0.3,-0.5,0
181.103015399991,0,0,19,0,0,0.028,-0.014,-1.001,0.3,-0.5,0
181.113015399991,0,0,19,0,0,0.028,-0.014,-1.001,0.3,-0.5,0
181.123015399991,0,0,19,0,0,0.028,-0.014,-1.001,0.3,-0.5,0
181.133015399991,0,0,19,0,0,0.028,-0.014,-1.001,0.3,-0.5,0
181.143015399991,0,0,19,0,0,0.029,-0.015,-1.001,0.3,-0.6,0
181.153015399991,0,0,19,0,0,0.029,-0.015,-1.001,0.3,-0.6,0
181.163015399991,0,0,19,0,0,0.029,-0.015,-1.001,0.3,-0.6,0
181.173015399991,0,0,19,0,0,0.029,-0.015,-1.001,0.3,-0.6,0
181.183015399991,0,0,19,0,0,0.029,-0.015,-1.001,0.3,-0.6,0
181.193015399991,0,0,19,0,0,0.027,-0.015,-1.002,0.3,-0.6,0
181.203015399991,0,0,19,0,0,0.027,-0.015,-1.002,0.3,-0.6,0
181.213015399991,0,0,19,0,0,0.027,-0.015,-1.002,0.3,-0.6,0
181.223015399991,0,0,19,0,0,0.027,-0.015,-1.002,0.3,-0.6,0
181.233015399991,0,0,19,0,0,0.027,-0.015,-1.002,0.3,-0.6,0
181.243015399991,0,0.01,19,0,0,0.028,-0.015,-1.001,0.3,-0.5,0
181.253015399991,0,0.01,19,0,0,0.028,-0.015,-1.001,0.3,-0.5,0
181.263015399991,0,0.01,19,0,0,0.028,-0.015,-1.001,0.3,-0.5,0
181.273015399991,0,0.01,19,0,0,0.028,-0.015,-1.001,0.3,-0.5,0
181.283015399991,0,0.01,19,0,0,0.028,-0.015,-1.001,0.3,-0.5,0
181.293015399991,0,0,19,0,0,0.027,-0.015,-1,0.3,-0.6,0
181.303015399991,0,0,19,0,0,0.027,-0.015,-1,0.3,-0.6,0
181.313015399991,0,0,19,0,0,0.027,-0.015,-1,0.3,-0.6,0
181.323015399991,0,0,19,0,0,0.027,-0.015,-1,0.3,-0.6,0
181.333015399991,0,0,19,0,0,0.027,-0.015,-1,0.3,-0.6,0
181.343015399991,0,0,19,0,0,0.028,-0.015,-1.002,0.3,-0.6,0
181.353015399991,0,0,19,0,0,0.028,-0.015,-1.002,0.3,-0.6,0
181.363015399991,0,0,19,0,0,0.028,-0.015,-1.002,0.3,-0.6,0
181.373015399991,0,0,19,0,0,0.028,-0.015,-1.002,0.3,-0.6,0
181.383015399991,0,0,19,0,0,0.028,-0.015,-1.002,0.3,-0.6,0
181.393015399991,0,0,19,0,0,0.028,-0.015,-1.001,0.3,-0.6,0
181.403015399991,0,0,19,0,0,0.028,-0.015,-1.001,0.3,-0.6,0
181.413015399991,0,0,19,0,0,0.028,-0.015,-1.001,0.3,-0.6,0
181.423015399991,0,0,19,0,0,0.028,-0.015,-1.001,0.3,-0.6,0
181.433015399991,0,0,19,0,0,0.028,-0.015,-1.001,0.3,-0.6,0
181.443015399991,0,0,19,0,0,0.028,-0.015,-1.001,0.3,-0.6,0
181.453015399991,0,0,19,0,0,0.028,-0.015,-1.001,0.3,-0.6,0
181.463015399991,0,0,19,0,0,0.028,-0.015,-1.001,0.3,-0.6,0
181.473015399991,0,0,19,0,0,0.028,-0.015,-1.001,0.3,-0.6,0
181.483015399991,0,0,19,0,0,0.028,-0.015,-1.001,0.3,-0.6,0
181.493015399991,0,0,19,0,0,0.028,-0.015,-1.001,0.3,-0.6,0
181.503015399991,0,0,19,0,0,0.028,-0.015,-1.001,0.3,-0.6,0
181.513015399991,0,0,19,0,0,0.028,-0.015,-1.001,0.3,-0.6,0
181.523015399991,0,0,19,0,0,0.028,-0.015,-1.001,0.3,-0.6,0
181.533015399991,0,0,19,0,0,0.028,-0.015,-1.001,0.3,-0.6,0
181.543015399991,0,0,19,0,0,0.027,-0.014,-1.001,0.3,-0.6,0
181.553015399991,0,0,19,0,0,0.027,-0.014,-1.001,0.3,-0.6,0
181.563015399991,0,0,19,0,0,0.027,-0.014,-1.001,0.3,-0.6,0
181.573015399991,0,0,19,0,0,0.027,-0.014,-1.001,0.3,-0.6,0
181.583015399991,0,0,19,0,0,0.027,-0.014,-1.001,0.3,-0.6,0
181.593015399991,0,0,19,0,0,0.027,-0.015,-1.001,0.3,-0.6,0
181.603015399991,0,0,19,0,0,0.027,-0.015,-1.001,0.3,-0.6,0
181.613015399991,0,0,19,0,0,0.027,-0.015,-1.001,0.3,-0.6,0
181.623015399991,0,0,19,0,0,0.027,-0.015,-1.001,0.3,-0.6,0
181.633015399991,0,0,19,0,0,0.027,-0.015,-1.001,0.3,-0.6,0
181.643015399991,0,0,19,0,0,0.028,-0.015,-1,0.3,-0.6,0.1
181.653015399991,0,0,19,0,0,0.028,-0.015,-1,0.3,-0.6,0.1
181.663015399991,0,0,19,0,0,0.028,-0.015,-1,0.3,-0.6,0.1
181.673015399991,0,0,19,0,0,0.028,-0.015,-1,0.3,-0.6,0.1
181.683015399991,0,0,19,0,0,0.028,-0.015,-1,0.3,-0.6,0.1
181.693015399991,0,0,19,0,0,0.028,-0.016,-1.001,0.3,-0.6,0.1
181.703015399991,0,0,19,0,0,0.028,-0.016,-1.001,0.3,-0.6,0.1
181.713015399991,0,0,19,0,0,0.028,-0.016,-1.001,0.3,-0.6,0.1
181.723015399991,0,0,19,0,0,0.028,-0.016,-1.001,0.3,-0.6,0.1
181.733015399991,0,0,19,0,0,0.028,-0.016,-1.001,0.3,-0.6,0.1
181.743015399991,0,0,19,0,0,0.029,-0.015,-1.001,0.3,-0.6,0
181.753015399991,0,0,19,0,0,0.029,-0.015,-1.001,0.3,-0.6,0
181.763015399991,0,0,19,0,0,0.029,-0.015,-1.001,0.3,-0.6,0
181.773015399991,0,0,19,0,0,0.029,-0.015,-1.001,0.3,-0.6,0
181.783015399991,0,0,19,0,0,0.029,-0.015,-1.001,0.3,-0.6,0
181.793015399991,0,0,19,0,0,0.028,-0.015,-1,0.3,-0.6,0
181.803015399991,0,0,19,0,0,0.028,-0.015,-1,0.3,-0.6,0
181.813015399991,0,0,19,0,0,0.028,-0.015,-1,0.3,-0.6,0
181.823015399991,0,0,19,0,0,0.028,-0.015,-1,0.3,-0.6,0
181.833015399991,0,0,19,0,0,0.028,-0.015,-1,0.3,-0.6,0
181.843015399991,0,0.01,19,0,0,0.028,-0.015,-1,0.3,-0.6,0
181.853015399991,0,0.01,19,0,0,0.028,-0.015,-1,0.3,-0.6,0
181.863015399991,0,0.01,19,0,0,0.028,-0.015,-1,0.3,-0.6,0
181.873015399991,0,0.01,19,0,0,0.028,-0.015,-1,0.3,-0.6,0
181.883015399991,0,0.01,19,0,0,0.028,-0.015,-1,0.3,-0.6,0
181.893015399991,0,0,19,0,0,0.028,-0.015,-1.001,0.3,-0.5,0
181.903015399991,0,0,19,0,0,0.028,-0.015,-1.001,0.3,-0.5,0
181.913015399991,0,0,19,0,0,0.028,-0.015,-1.001,0.3,-0.5,0
181.923015399991,0,0,19,0,0,0.028,-0.015,-1.001,0.3,-0.5,0
181.933015399991,0,0,19,0,0,0.028,-0.015,-1.001,0.3,-0.5,0
181.943015399991,0,0,19,0,0,0.028,-0.014,-1,0.3,-0.5,0
181.953015399991,0,0,19,0,0,0.028,-0.014,-1,0.3,-0.5,0
181.963015399991,0,0,19,0,0,0.028,-0.014,-1,0.3,-0.5,0
181.973015399991,0,0,19,0,0,0.028,-0.014,-1,0.3,-0.5,0
181.983015399991,0,0,19,0,0,0.028,-0.014,-1,0.3,-0.5,0
181.993015399991,0,0,19,0,0,0.027,-0.016,-1,0.3,-0.5,0
182.003015399991,0,0,19,0,0,0.027,-0.016,-1,0.3,-0.5,0
182.013015399991,0,0,19,0,0,0.027,-0.016,-1,0.3,-0.5,0
182.023015399991,0,0,19,0,0,0.027,-0.016,-1,0.3,-0.5,0
182.033015399991,0,0,19,0,0,0.027,-0.016,-1,0.3,-0.5,0
182.043015399991,0,0,19,0,0,0.027,-0.013,-1.001,0.3,-0.6,0
182.053015399991,0,0,19,0,0,0.027,-0.013,-1.001,0.3,-0.6,0
182.063015399991,0,0,19,0,0,0.027,-0.013,-1.001,0.3,-0.6,0
182.073015399991,0,0,19,0,0,0.027,-0.013,-1.001,0.3,-0.6,0
182.083015399991,0,0,19,0,0,0.027,-0.013,-1.001,0.3,-0.6,0
182.093015399991,0,0,19,0,0,0.027,-0.016,-1,0.3,-0.5,0
182.103015399991,0,0,19,0,0,0.027,-0.016,-1,0.3,-0.5,0
182.113015399991,0,0,19,0,0,0.027,-0.016,-1,0.3,-0.5,0
182.123015399991,0,0,19,0,0,0.027,-0.016,-1,0.3,-0.5,0
182.133015399991,0,0,19,0,0,0.027,-0.016,-1,0.3,-0.5,0
182.143015399991,0,0.01,19,0,0,0.028,-0.014,-1.001,0.3,-0.6,0
182.153015399991,0,0.01,19,0,0,0.028,-0.014,-1.001,0.3,-0.6,0
182.163015399991,0,0.01,19,0,0,0.028,-0.014,-1.001,0.3,-0.6,0
182.173015399991,0,0.01,19,0,0,0.028,-0.014,-1.001,0.3,-0.6,0
182.183015399991,0,0.01,19,0,0,0.028,-0.014,-1.001,0.3,-0.6,0
182.193015399991,0,0,19,0,0,0.028,-0.015,-1,0.3,-0.6,0
182.203015399991,0,0,19,0,0,0.028,-0.015,-1,0.3,-0.6,0
182.213015399991,0,0,19,0,0,0.028,-0.015,-1,0.3,-0.6,0
182.223015399991,0,0,19,0,0,0.028,-0.015,-1,0.3,-0.6,0
182.233015399991,0,0,19,0,0,0.028,-0.015,-1,0.3,-0.6,0
182.243015399991,0,0,19,0,0,0.028,-0.015,-1.001,0.3,-0.6,0
182.253015399991,0,0,19,0,0,0.028,-0.015,-1.001,0.3,-0.6,0
182.263015399991,0,0,19,0,0,0.028,-0.015,-1.001,0.3,-0.6,0
182.273015399991,0,0,19,0,0,0.028,-0.015,-1.001,0.3,-0.6,0
182.283015399991,0,0,19,0,0,0.028,-0.015,-1.001,0.3,-0.6,0
182.293015399991,0,0,19,0,0,0.028,-0.015,-1,0.3,-0.6,0
182.303015399991,0,0,19,0,0,0.028,-0.015,-1,0.3,-0.6,0
182.313015399991,0,0,19,0,0,0.028,-0.015,-1,0.3,-0.6,0
182.323015399991,0,0,19,0,0,0.028,-0.015,-1,0.3,-0.6,0
182.333015399991,0,0,19,0,0,0.028,-0.015,-1,0.3,-0.6,0
182.343015399991,0,0,19,0,0,0.027,-0.016,-1,0.3,-0.6,0
182.353015399991,0,0,19,0,0,0.027,-0.016,-1,0.3,-0.6,0
182.363015399991,0,0,19,0,0,0.027,-0.016,-1,0.3,-0.6,0
182.373015399991,0,0,19,0,0,0.027,-0.016,-1,0.3,-0.6,0
182.383015399991,0,0,19,0,0,0.027,-0.016,-1,0.3,-0.6,0
182.393015399991,0,0,19,0,0,0.028,-0.015,-1,0.3,-0.6,0
182.403015399991,0,0,19,0,0,0.028,-0.015,-1,0.3,-0.6,0
182.413015399991,0,0,19,0,0,0.028,-0.015,-1,0.3,-0.6,0
182.423015399991,0,0,19,0,0,0.028,-0.015,-1,0.3,-0.6,0
182.433015399991,0,0,19,0,0,0.028,-0.015,-1,0.3,-0.6,0
182.443015399991,0,0,19,0,0,0.028,-0.015,-1.003,0.3,-0.6,0
182.453015399991,0,0,19,0,0,0.028,-0.015,-1.003,0.3,-0.6,0
182.463015399991,0,0,19,0,0,0.028,-0.015,-1.003,0.3,-0.6,0
182.473015399991,0,0,19,0,0,0.028,-0.015,-1.003,0.3,-0.6,0
182.483015399991,0,0,19,0,0,0.028,-0.015,-1.003,0.3,-0.6,0
182.49301539999,0,0,19,0,0,0.027,-0.015,-1.001,0.3,-0.5,0
182.50301539999,0,0,19,0,0,0.027,-0.015,-1.001,0.3,-0.5,0
182.513015399991,0,0,19,0,0,0.027,-0.015,-1.001,0.3,-0.5,0
182.52301539999,0,0,19,0,0,0.027,-0.015,-1.001,0.3,-0.5,0
182.53301539999,0,0,19,0,0,0.027,-0.015,-1.001,0.3,-0.5,0
182.54301539999,0,0,19,0,0,0.028,-0.015,-1,0.3,-0.6,0
182.55301539999,0,0,19,0,0,0.028,-0.015,-1,0.3,-0.6,0
182.56301539999,0,0,19,0,0,0.028,-0.015,-1,0.3,-0.6,0
182.57301539999,0,0,19,0,0,0.028,-0.015,-1,0.3,-0.6,0
182.58301539999,0,0,19,0,0,0.028,-0.015,-1,0.3,-0.6,0
182.59301539999,0,0,19,0,0,0.028,-0.015,-1,0.3,-0.6,0
182.60301539999,0,0,19,0,0,0.028,-0.015,-1,0.3,-0.6,0
182.61301539999,0,0,19,0,0,0.028,-0.015,-1,0.3,-0.6,0
182.62301539999,0,0,19,0,0,0.028,-0.015,-1,0.3,-0.6,0
182.63301539999,0,0,19,0,0,0.028,-0.015,-1,0.3,-0.6,0
182.64301539999,0,0,19,0,0,0.027,-0.015,-1.001,0.2,-0.6,0
182.65301539999,0,0,19,0,0,0.027,-0.015,-1.001,0.2,-0.6,0
182.66301539999,0,0,19,0,0,0.027,-0.015,-1.001,0.2,-0.6,0
182.67301539999,0,0,19,0,0,0.027,-0.015,-1.001,0.2,-0.6,0
182.68301539999,0,0,19,0,0,0.027,-0.015,-1.001,0.2,-0.6,0
182.69301539999,0,0,19,0,0,0.028,-0.015,-1.001,0.3,-0.6,0.1
182.70301539999,0,0,19,0,0,0.028,-0.015,-1.001,0.3,-0.6,0.1
182.71301539999,0,0,19,0,0,0.028,-0.015,-1.001,0.3,-0.6,0.1
182.72301539999,0,0,19,0,0,0.028,-0.015,-1.001,0.3,-0.6,0.1
182.73301539999,0,0,19,0,0,0.028,-0.015,-1.001,0.3,-0.6,0.1
182.74301539999,0,0.01,19,0,0,0.028,-0.015,-1.002,0.2,-0.6,0
182.75301539999,0,0.01,19,0,0,0.028,-0.015,-1.002,0.2,-0.6,0
182.76301539999,0,0.01,19,0,0,0.028,-0.015,-1.002,0.2,-0.6,0
182.77301539999,0,0.01,19,0,0,0.028,-0.015,-1.002,0.2,-0.6,0
182.78301539999,0,0.01,19,0,0,0.028,-0.015,-1.002,0.2,-0.6,0
182.79301539999,0,0,19,0,0,0.029,-0.015,-1.001,0.3,-0.6,0.1
182.80301539999,0,0,19,0,0,0.029,-0.015,-1.001,0.3,-0.6,0.1
182.81301539999,0,0,19,0,0,0.029,-0.015,-1.001,0.3,-0.6,0.1
182.82301539999,0,0,19,0,0,0.029,-0.015,-1.001,0.3,-0.6,0.1
182.83301539999,0,0,19,0,0,0.029,-0.015,-1.001,0.3,-0.6,0.1
182.84301539999,0,0.01,19,0,0,0.028,-0.015,-1.001,0.3,-0.5,0
182.85301539999,0,0.01,19,0,0,0.028,-0.015,-1.001,0.3,-0.5,0
182.86301539999,0,0.01,19,0,0,0.028,-0.015,-1.001,0.3,-0.5,0
182.87301539999,0,0.01,19,0,0,0.028,-0.015,-1.001,0.3,-0.5,0
182.88301539999,0,0.01,19,0,0,0.028,-0.015,-1.001,0.3,-0.5,0
182.89301539999,0,0,19,0,0,0.028,-0.015,-1.001,0.3,-0.6,0
182.90301539999,0,0,19,0,0,0.028,-0.015,-1.001,0.3,-0.6,0
182.91301539999,0,0,19,0,0,0.028,-0.015,-1.001,0.3,-0.6,0
182.92301539999,0,0,19,0,0,0.028,-0.015,-1.001,0.3,-0.6,0
182.93301539999,0,0,19,0,0,0.028,-0.015,-1.001,0.3,-0.6,0
182.94301539999,0,0,19,0,0,0.028,-0.016,-1.001,0.3,-0.6,0
182.95301539999,0,0,19,0,0,0.028,-0.016,-1.001,0.3,-0.6,0
182.96301539999,0,0,19,0,0,0.028,-0.016,-1.001,0.3,-0.6,0
182.97301539999,0,0,19,0,0,0.028,-0.016,-1.001,0.3,-0.6,0
182.98301539999,0,0,19,0,0,0.028,-0.016,-1.001,0.3,-0.6,0
182.99301539999,0,0,19,0,0,0.029,-0.014,-1.001,0.3,-0.6,0
183.00301539999,0,0,19,0,0,0.029,-0.014,-1.001,0.3,-0.6,0
183.01301539999,0,0,19,0,0,0.029,-0.014,-1.001,0.3,-0.6,0
183.02301539999,0,0,19,0,0,0.029,-0.014,-1.001,0.3,-0.6,0
183.03301539999,0,0,19,0,0,0.029,-0.014,-1.001,0.3,-0.6,0
183.04301539999,0,0,19,0,0,0.028,-0.014,-1.001,0.2,-0.6,0
183.05301539999,0,0,19,0,0,0.028,-0.014,-1.001,0.2,-0.6,0
183.06301539999,0,0,19,0,0,0.028,-0.014,-1.001,0.2,-0.6,0
183.07301539999,0,0,19,0,0,0.028,-0.014,-1.001,0.2,-0.6,0
183.08301539999,0,0,19,0,0,0.028,-0.014,-1.001,0.2,-0.6,0
183.09301539999,0,0.01,19,0,0,0.028,-0.015,-1.001,0.3,-0.6,0
183.10301539999,0,0.01,19,0,0,0.028,-0.015,-1.001,0.3,-0.6,0
183.11301539999,0,0.01,19,0,0,0.028,-0.015,-1.001,0.3,-0.6,0
183.12301539999,0,0.01,19,0,0,0.028,-0.015,-1.001,0.3,-0.6,0
183.13301539999,0,0.01,19,0,0,0.028,-0.015,-1.001,0.3,-0.6,0
183.14301539999,0,0,19,0,0,0.027,-0.015,-1.001,0.3,-0.6,0
183.15301539999,0,0,19,0,0,0.027,-0.015,-1.001,0.3,-0.6,0
183.16301539999,0,0,19,0,0,0.027,-0.015,-1.001,0.3,-0.6,0
183.17301539999,0,0,19,0,0,0.027,-0.015,-1.001,0.3,-0.6,0
183.18301539999,0,0,19,0,0,0.027,-0.015,-1.001,0.3,-0.6,0
183.19301539999,0,0,19,0,0,0.028,-0.016,-1.002,0.3,-0.6,0
183.20301539999,0,0,19,0,0,0.028,-0.016,-1.002,0.3,-0.6,0
183.21301539999,0,0,19,0,0,0.028,-0.016,-1.002,0.3,-0.6,0
183.22301539999,0,0,19,0,0,0.028,-0.016,-1.002,0.3,-0.6,0
183.23301539999,0,0,19,0,0,0.028,-0.016,-1.002,0.3,-0.6,0
183.24301539999,0,0.01,19,0,0,0.028,-0.014,-1.001,0.3,-0.6,0
183.25301539999,0,0.01,19,0,0,0.028,-0.014,-1.001,0.3,-0.6,0
183.26301539999,0,0.01,19,0,0,0.028,-0.014,-1.001,0.3,-0.6,0
183.27301539999,0,0.01,19,0,0,0.028,-0.014,-1.001,0.3,-0.6,0
183.28301539999,0,0.01,19,0,0,0.028,-0.014,-1.001,0.3,-0.6,0
183.29301539999,0,0,19,0,0,0.028,-0.015,-1,0.2,-0.6,0
183.30301539999,0,0,19,0,0,0.028,-0.015,-1,0.2,-0.6,0
183.31301539999,0,0,19,0,0,0.028,-0.015,-1,0.2,-0.6,0
183.32301539999,0,0,19,0,0,0.028,-0.015,-1,0.2,-0.6,0
183.33301539999,0,0,19,0,0,0.028,-0.015,-1,0.2,-0.6,0
183.34301539999,0,0.01,19,0,0,0.028,-0.015,-1.002,0.3,-0.5,0
183.35301539999,0,0.01,19,0,0,0.028,-0.015,-1.002,0.3,-0.5,0
183.36301539999,0,0.01,19,0,0,0.028,-0.015,-1.002,0.3,-0.5,0
183.37301539999,0,0.01,19,0,0,0.028,-0.015,-1.002,0.3,-0.5,0
183.38301539999,0,0.01,19,0,0,0.028,-0.015,-1.002,0.3,-0.5,0
183.39301539999,0,0,19,0,0,0.029,-0.015,-1.001,0.3,-0.6,0
183.40301539999,0,0,19,0,0,0.029,-0.015,-1.001,0.3,-0.6,0
183.41301539999,0,0,19,0,0,0.029,-0.015,-1.001,0.3,-0.6,0
183.42301539999,0,0,19,0,0,0.029,-0.015,-1.001,0.3,-0.6,0
183.43301539999,0,0,19,0,0,0.029,-0.015,-1.001,0.3,-0.6,0
183.44301539999,0,0,19,0,0,0.028,-0.014,-1,0.3,-0.6,0
183.45301539999,0,0,19,0,0,0.028,-0.014,-1,0.3,-0.6,0
183.46301539999,0,0,19,0,0,0.028,-0.014,-1,0.3,-0.6,0
183.47301539999,0,0,19,0,0,0.028,-0.014,-1,0.3,-0.6,0
183.48301539999,0,0,19,0,0,0.028,-0.014,-1,0.3,-0.6,0
183.49301539999,0,0,19,0,0,0.027,-0.014,-1.002,0.3,-0.6,0
183.50301539999,0,0,19,0,0,0.027,-0.014,-1.002,0.3,-0.6,0
183.51301539999,0,0,19,0,0,0.027,-0.014,-1.002,0.3,-0.6,0
183.52301539999,0,0,19,0,0,0.027,-0.014,-1.002,0.3,-0.6,0
183.53301539999,0,0,19,0,0,0.027,-0.014,-1.002,0.3,-0.6,0
183.54301539999,0,0,19,0,0,0.028,-0.015,-1.002,0.3,-0.5,0
183.55301539999,0,0,19,0,0,0.028,-0.015,-1.002,0.3,-0.5,0
183.56301539999,0,0,19,0,0,0.028,-0.015,-1.002,0.3,-0.5,0
183.57301539999,0,0,19,0,0,0.028,-0.015,-1.002,0.3,-0.5,0
183.58301539999,0,0,19,0,0,0.028,-0.015,-1.002,0.3,-0.5,0
183.59301539999,0,0,19,0,0,0.027,-0.014,-1.002,0.3,-0.6,0
183.60301539999,0,0,19,0,0,0.027,-0.014,-1.002,0.3,-0.6,0
183.61301539999,0,0,19,0,0,0.027,-0.014,-1.002,0.3,-0.6,0
183.62301539999,0,0,19,0,0,0.027,-0.014,-1.002,0.3,-0.6,0
183.63301539999,0,0,19,0,0,0.027,-0.014,-1.002,0.3,-0.6,0
183.64301539999,0,0,19,0,0,0.027,-0.015,-1.001,0.3,-0.6,0
183.65301539999,0,0,19,0,0,0.027,-0.015,-1.001,0.3,-0.6,0
183.66301539999,0,0,19,0,0,0.027,-0.015,-1.001,0.3,-0.6,0
183.67301539999,0,0,19,0,0,0.027,-0.015,-1.001,0.3,-0.6,0
183.68301539999,0,0,19,0,0,0.027,-0.015,-1.001,0.3,-0.6,0
183.69301539999,0,0,19,0,0,0.028,-0.016,-1.002,0.3,-0.6,0.1
183.70301539999,0,0,19,0,0,0.028,-0.016,-1.002,0.3,-0.6,0.1
183.71301539999,0,0,19,0,0,0.028,-0.016,-1.002,0.3,-0.6,0.1
183.72301539999,0,0,19,0,0,0.028,-0.016,-1.002,0.3,-0.6,0.1
183.73301539999,0,0,19,0,0,0.028,-0.016,-1.002,0.3,-0.6,0.1
183.74301539999,0,0,19,0,0,0.028,-0.015,-1.001,0.3,-0.6,0
183.75301539999,0,0,19,0,0,0.028,-0.015,-1.001,0.3,-0.6,0
183.76301539999,0,0,19,0,0,0.028,-0.015,-1.001,0.3,-0.6,0
183.77301539999,0,0,19,0,0,0.028,-0.015,-1.001,0.3,-0.6,0
183.78301539999,0,0,19,0,0,0.028,-0.015,-1.001,0.3,-0.6,0
183.79301539999,0,0.01,19,0,0,0.027,-0.014,-1.001,0.3,-0.6,0
183.80301539999,0,0.01,19,0,0,0.027,-0.014,-1.001,0.3,-0.6,0
183.81301539999,0,0.01,19,0,0,0.027,-0.014,-1.001,0.3,-0.6,0
183.82301539999,0,0.01,19,0,0,0.027,-0.014,-1.001,0.3,-0.6,0
183.83301539999,0,0.01,19,0,0,0.027,-0.014,-1.001,0.3,-0.6,0
183.84301539999,0,0,19,0,0,0.029,-0.016,-1.001,0.3,-0.6,0
183.85301539999,0,0,19,0,0,0.029,-0.016,-1.001,0.3,-0.6,0
183.86301539999,0,0,19,0,0,0.029,-0.016,-1.001,0.3,-0.6,0
183.87301539999,0,0,19,0,0,0.029,-0.016,-1.001,0.3,-0.6,0
183.88301539999,0,0,19,0,0,0.029,-0.016,-1.001,0.3,-0.6,0
183.89301539999,0,0.01,19,0,0,0.028,-0.015,-1.001,0.3,-0.6,0
183.90301539999,0,0.01,19,0,0,0.028,-0.015,-1.001,0.3,-0.6,0
183.91301539999,0,0.01,19,0,0,0.028,-0.015,-1.001,0.3,-0.6,0
183.92301539999,0,0.01,19,0,0,0.028,-0.015,-1.001,0.3,-0.6,0
183.93301539999,0,0.01,19,0,0,0.028,-0.015,-1.001,0.3,-0.6,0
183.94301539999,0,0,19,0,0,0.029,-0.015,-1.001,0.3,-0.6,0
183.95301539999,0,0,19,0,0,0.029,-0.015,-1.001,0.3,-0.6,0
183.96301539999,0,0,19,0,0,0.029,-0.015,-1.001,0.3,-0.6,0
183.97301539999,0,0,19,0,0,0.029,-0.015,-1.001,0.3,-0.6,0
183.98301539999,0,0,19,0,0,0.029,-0.015,-1.001,0.3,-0.6,0
183.99301539999,0,0,19,0,0,0.028,-0.015,-1.002,0.3,-0.5,0
184.00301539999,0,0,19,0,0,0.028,-0.015,-1.002,0.3,-0.5,0
184.01301539999,0,0,19,0,0,0.028,-0.015,-1.002,0.3,-0.5,0
184.02301539999,0,0,19,0,0,0.028,-0.015,-1.002,0.3,-0.5,0
184.03301539999,0,0,19,0,0,0.028,-0.015,-1.002,0.3,-0.5,0
184.04301539999,0,0,19,0,0,0.029,-0.016,-1.001,0.2,-0.6,0
184.05301539999,0,0,19,0,0,0.029,-0.016,-1.001,0.2,-0.6,0
184.06301539999,0,0,19,0,0,0.029,-0.016,-1.001,0.2,-0.6,0
184.07301539999,0,0,19,0,0,0.029,-0.016,-1.001,0.2,-0.6,0
184.08301539999,0,0,19,0,0,0.029,-0.016,-1.001,0.2,-0.6,0
184.09301539999,0,0,19,0,0,0.028,-0.015,-1.001,0.3,-0.6,0
184.10301539999,0,0,19,0,0,0.028,-0.015,-1.001,0.3,-0.6,0
184.11301539999,0,0,19,0,0,0.028,-0.015,-1.001,0.3,-0.6,0
184.12301539999,0,0,19,0,0,0.028,-0.015,-1.001,0.3,-0.6,0
184.13301539999,0,0,19,0,0,0.028,-0.015,-1.001,0.3,-0.6,0
184.14301539999,0,0,19,0,0,0.028,-0.015,-1.001,0.3,-0.6,0
184.15301539999,0,0,19,0,0,0.028,-0.015,-1.001,0.3,-0.6,0
184.16301539999,0,0,19,0,0,0.028,-0.015,-1.001,0.3,-0.6,0
184.17301539999,0,0,19,0,0,0.028,-0.015,-1.001,0.3,-0.6,0
184.18301539999,0,0,19,0,0,0.028,-0.015,-1.001,0.3,-0.6,0
184.19301539999,0,0,19,0,0,0.028,-0.015,-1.002,0.3,-0.6,0
184.20301539999,0,0,19,0,0,0.028,-0.015,-1.002,0.3,-0.6,0
184.21301539999,0,0,19,0,0,0.028,-0.015,-1.002,0.3,-0.6,0
184.22301539999,0,0,19,0,0,0.028,-0.015,-1.002,0.3,-0.6,0
184.23301539999,0,0,19,0,0,0.028,-0.015,-1.002,0.3,-0.6,0
184.24301539999,0,0,19,0,0,0.029,-0.016,-1.002,0.3,-0.5,0
184.25301539999,0,0,19,0,0,0.029,-0.016,-1.002,0.3,-0.5,0
184.26301539999,0,0,19,0,0,0.029,-0.016,-1.002,0.3,-0.5,0
184.27301539999,0,0,19,0,0,0.029,-0.016,-1.002,0.3,-0.5,0
184.28301539999,0,0,19,0,0,0.029,-0.016,-1.002,0.3,-0.5,0
184.29301539999,0,0,19,0,0,0.028,-0.015,-1.001,0.3,-0.5,0
184.30301539999,0,0,19,0,0,0.028,-0.015,-1.001,0.3,-0.5,0
184.31301539999,0,0,19,0,0,0.028,-0.015,-1.001,0.3,-0.5,0
184.32301539999,0,0,19,0,0,0.028,-0.015,-1.001,0.3,-0.5,0
184.33301539999,0,0,19,0,0,0.028,-0.015,-1.001,0.3,-0.5,0
184.34301539999,0,0,19,0,0,0.028,-0.015,-1.001,0.3,-0.6,0
184.35301539999,0,0,19,0,0,0.028,-0.015,-1.001,0.3,-0.6,0
184.36301539999,0,0,19,0,0,0.028,-0.015,-1.001,0.3,-0.6,0
184.37301539999,0,0,19,0,0,0.028,-0.015,-1.001,0.3,-0.6,0
184.38301539999,0,0,19,0,0,0.028,-0.015,-1.001,0.3,-0.6,0
184.39301539999,0,0,19,0,0,0.028,-0.016,-1.001,0.3,-0.6,0
184.40301539999,0,0,19,0,0,0.028,-0.016,-1.001,0.3,-0.6,0
184.41301539999,0,0,19,0,0,0.028,-0.016,-1.001,0.3,-0.6,0
184.42301539999,0,0,19,0,0,0.028,-0.016,-1.001,0.3,-0.6,0
184.43301539999,0,0,19,0,0,0.028,-0.016,-1.001,0.3,-0.6,0
184.44301539999,0,0,19,0,0,0.029,-0.015,-1.002,0.2,-0.6,0
184.45301539999,0,0,19,0,0,0.029,-0.015,-1.002,0.2,-0.6,0
184.46301539999,0,0,19,0,0,0.029,-0.015,-1.002,0.2,-0.6,0
184.47301539999,0,0,19,0,0,0.029,-0.015,-1.002,0.2,-0.6,0
184.48301539999,0,0,19,0,0,0.029,-0.015,-1.002,0.2,-0.6,0
184.49301539999,0,0,19,0,0,0.028,-0.014,-1.001,0.2,-0.6,0
184.50301539999,0,0,19,0,0,0.028,-0.014,-1.001,0.2,-0.6,0
184.51301539999,0,0,19,0,0,0.028,-0.014,-1.001,0.2,-0.6,0
184.52301539999,0,0,19,0,0,0.028,-0.014,-1.001,0.2,-0.6,0
184.53301539999,0,0,19,0,0,0.028,-0.014,-1.001,0.2,-0.6,0
184.54301539999,0,0,19,0,0,0.028,-0.015,-1.002,0.3,-0.6,0
184.55301539999,0,0,19,0,0,0.028,-0.015,-1.002,0.3,-0.6,0
184.56301539999,0,0,19,0,0,0.028,-0.015,-1.002,0.3,-0.6,0
184.57301539999,0,0,19,0,0,0.028,-0.015,-1.002,0.3,-0.6,0
184.58301539999,0,0,19,0,0,0.028,-0.015,-1.002,0.3,-0.6,0
184.59301539999,0,0,19,0,0,0.028,-0.015,-1.001,0.3,-0.5,0
184.60301539999,0,0,19,0,0,0.028,-0.015,-1.001,0.3,-0.5,0
184.61301539999,0,0,19,0,0,0.028,-0.015,-1.001,0.3,-0.5,0
184.62301539999,0,0,19,0,0,0.028,-0.015,-1.001,0.3,-0.5,0
184.63301539999,0,0,19,0,0,0.028,-0.015,-1.001,0.3,-0.5,0
184.64301539999,0,0,19,0,0,0.028,-0.015,-1.001,0.2,-0.6,0
184.65301539999,0,0,19,0,0,0.028,-0.015,-1.001,0.2,-0.6,0
184.66301539999,0,0,19,0,0,0.028,-0.015,-1.001,0.2,-0.6,0
184.67301539999,0,0,19,0,0,0.028,-0.015,-1.001,0.2,-0.6,0
184.68301539999,0,0,19,0,0,0.028,-0.015,-1.001,0.2,-0.6,0
184.69301539999,0,0,19,0,0,0.028,-0.015,-1.002,0.3,-0.6,0
184.70301539999,0,0,19,0,0,0.028,-0.015,-1.002,0.3,-0.6,0
184.71301539999,0,0,19,0,0,0.028,-0.015,-1.002,0.3,-0.6,0
184.72301539999,0,0,19,0,0,0.028,-0.015,-1.002,0.3,-0.6,0
184.73301539999,0,0,19,0,0,0.028,-0.015,-1.002,0.3,-0.6,0
184.74301539999,0,0,19,0,0,0.028,-0.016,-1.002,0.3,-0.6,0
184.75301539999,0,0,19,0,0,0.028,-0.016,-1.002,0.3,-0.6,0
184.76301539999,0,0,19,0,0,0.028,-0.016,-1.002,0.3,-0.6,0
184.77301539999,0,0,19,0,0,0.028,-0.016,-1.002,0.3,-0.6,0
184.78301539999,0,0,19,0,0,0.028,-0.016,-1.002,0.3,-0.6,0
184.79301539999,0,0,19,0,0,0.028,-0.015,-1.002,0.3,-0.6,0
184.80301539999,0,0,19,0,0,0.028,-0.015,-1.002,0.3,-0.6,0
184.81301539999,0,0,19,0,0,0.028,-0.015,-1.002,0.3,-0.6,0
184.82301539999,0,0,19,0,0,0.028,-0.015,-1.002,0.3,-0.6,0
184.83301539999,0,0,19,0,0,0.028,-0.015,-1.002,0.3,-0.6,0
184.84301539999,0,0.01,19,0,0,0.029,-0.015,-1,0.3,-0.5,0
184.85301539999,0,0.01,19,0,0,0.029,-0.015,-1,0.3,-0.5,0
184.86301539999,0,0.01,19,0,0,0.029,-0.015,-1,0.3,-0.5,0
184.87301539999,0,0.01,19,0,0,0.029,-0.015,-1,0.3,-0.5,0
184.88301539999,0,0.01,19,0,0,0.029,-0.015,-1,0.3,-0.5,0
184.89301539999,0,0,19,0,0,0.027,-0.015,-1.001,0.2,-0.6,0
184.90301539999,0,0,19,0,0,0.027,-0.015,-1.001,0.2,-0.6,0
184.91301539999,0,0,19,0,0,0.027,-0.015,-1.001,0.2,-0.6,0
184.92301539999,0,0,19,0,0,0.027,-0.015,-1.001,0.2,-0.6,0
184.93301539999,0,0,19,0,0,0.027,-0.015,-1.001,0.2,-0.6,0
184.94301539999,0,0,19,0,0,0.028,-0.015,-1.001,0.3,-0.5,0.1
184.95301539999,0,0,19,0,0,0.028,-0.015,-1.001,0.3,-0.5,0.1
184.96301539999,0,0,19,0,0,0.028,-0.015,-1.001,0.3,-0.5,0.1
184.97301539999,0,0,19,0,0,0.028,-0.015,-1.001,0.3,-0.5,0.1
184.98301539999,0,0,19,0,0,0.028,-0.015,-1.001,0.3,-0.5,0.1
184.99301539999,0,0,19,0,0,0.028,-0.015,-1.001,0.3,-0.6,0
185.00301539999,0,0,19,0,0,0.028,-0.015,-1.001,0.3,-0.6,0
185.01301539999,0,0,19,0,0,0.028,-0.015,-1.001,0.3,-0.6,0
185.02301539999,0,0,19,0,0,0.028,-0.015,-1.001,0.3,-0.6,0
185.03301539999,0,0,19,0,0,0.028,-0.015,-1.001,0.3,-0.6,0
185.04301539999,0,0,19,0,0,0.027,-0.014,-1.001,0.3,-0.6,0
185.05301539999,0,0,19,0,0,0.027,-0.014,-1.001,0.3,-0.6,0
185.06301539999,0,0,19,0,0,0.027,-0.014,-1.001,0.3,-0.6,0
185.07301539999,0,0,19,0,0,0.027,-0.014,-1.001,0.3,-0.6,0
185.08301539999,0,0,19,0,0,0.027,-0.014,-1.001,0.3,-0.6,0
185.09301539999,0,0,19,0,0,0.028,-0.014,-1.001,0.3,-0.6,0
185.10301539999,0,0,19,0,0,0.028,-0.014,-1.001,0.3,-0.6,0
185.11301539999,0,0,19,0,0,0.028,-0.014,-1.001,0.3,-0.6,0
185.12301539999,0,0,19,0,0,0.028,-0.014,-1.001,0.3,-0.6,0
185.13301539999,0,0,19,0,0,0.028,-0.014,-1.001,0.3,-0.6,0
185.14301539999,0,0,19,0,0,0.029,-0.014,-1.001,0.3,-0.6,0
185.15301539999,0,0,19,0,0,0.029,-0.014,-1.001,0.3,-0.6,0
185.16301539999,0,0,19,0,0,0.029,-0.014,-1.001,0.3,-0.6,0
185.17301539999,0,0,19,0,0,0.029,-0.014,-1.001,0.3,-0.6,0
185.18301539999,0,0,19,0,0,0.029,-0.014,-1.001,0.3,-0.6,0
185.19301539999,0,0.01,19,0,0,0.028,-0.015,-1.001,0.3,-0.6,0
185.20301539999,0,0.01,19,0,0,0.028,-0.015,-1.001,0.3,-0.6,0
185.21301539999,0,0.01,19,0,0,0.028,-0.015,-1.001,0.3,-0.6,0
185.22301539999,0,0.01,19,0,0,0.028,-0.015,-1.001,0.3,-0.6,0
185.23301539999,0,0.01,19,0,0,0.028,-0.015,-1.001,0.3,-0.6,0
185.24301539999,0,0,19,0,0,0.028,-0.015,-1.001,0.3,-0.6,0
185.25301539999,0,0,19,0,0,0.028,-0.015,-1.001,0.3,-0.6,0
185.26301539999,0,0,19,0,0,0.028,-0.015,-1.001,0.3,-0.6,0
185.27301539999,0,0,19,0,0,0.028,-0.015,-1.001,0.3,-0.6,0
185.28301539999,0,0,19,0,0,0.028,-0.015,-1.001,0.3,-0.6,0
185.29301539999,0,0,19,0,0,0.028,-0.015,-1.001,0.3,-0.6,0
185.30301539999,0,0,19,0,0,0.028,-0.015,-1.001,0.3,-0.6,0
185.31301539999,0,0,19,0,0,0.028,-0.015,-1.001,0.3,-0.6,0
185.32301539999,0,0,19,0,0,0.028,-0.015,-1.001,0.3,-0.6,0
185.33301539999,0,0,19,0,0,0.028,-0.015,-1.001,0.3,-0.6,0
185.34301539999,0,0,19,0,0,0.027,-0.015,-1.002,0.3,-0.6,0
185.35301539999,0,0,19,0,0,0.027,-0.015,-1.002,0.3,-0.6,0
185.36301539999,0,0,19,0,0,0.027,-0.015,-1.002,0.3,-0.6,0
185.37301539999,0,0,19,0,0,0.027,-0.015,-1.002,0.3,-0.6,0
185.38301539999,0,0,19,0,0,0.027,-0.015,-1.002,0.3,-0.6,0
185.39301539999,0,0,19,0,0,0.029,-0.014,-1.001,0.3,-0.5,0
185.403015399989,0,0,19,0,0,0.029,-0.014,-1.001,0.3,-0.5,0
185.41301539999,0,0,19,0,0,0.029,-0.014,-1.001,0.3,-0.5,0
185.42301539999,0,0,19,0,0,0.029,-0.014,-1.001,0.3,-0.5,0
185.43301539999,0,0,19,0,0,0.029,-0.014,-1.001,0.3,-0.5,0
185.443015399989,0,0,19,0,0,0.029,-0.015,-1.001,0.3,-0.6,0
185.453015399989,0,0,19,0,0,0.029,-0.015,-1.001,0.3,-0.6,0
185.46301539999,0,0,19,0,0,0.029,-0.015,-1.001,0.3,-0.6,0
185.473015399989,0,0,19,0,0,0.029,-0.015,-1.001,0.3,-0.6,0
185.483015399989,0,0,19,0,0,0.029,-0.015,-1.001,0.3,-0.6,0
185.493015399989,0,0,19,0,0,0.026,-0.014,-1.001,0.3,-0.5,0.1
185.503015399989,0,0,19,0,0,0.026,-0.014,-1.001,0.3,-0.5,0.1
185.513015399989,0,0,19,0,0,0.026,-0.014,-1.001,0.3,-0.5,0.1
185.523015399989,0,0,19,0,0,0.026,-0.014,-1.001,0.3,-0.5,0.1
185.533015399989,0,0,19,0,0,0.026,-0.014,-1.001,0.3,-0.5,0.1
185.543015399989,0,0,19,0,0,0.029,-0.015,-1.001,0.3,-0.6,0
185.553015399989,0,0,19,0,0,0.029,-0.015,-1.001,0.3,-0.6,0
185.563015399989,0,0,19,0,0,0.029,-0.015,-1.001,0.3,-0.6,0
185.573015399989,0,0,19,0,0,0.029,-0.015,-1.001,0.3,-0.6,0
185.583015399989,0,0,19,0,0,0.029,-0.015,-1.001,0.3,-0.6,0
185.593015399989,0,0,19,0,0,0.027,-0.015,-1.002,0.3,-0.6,0
185.603015399989,0,0,19,0,0,0.027,-0.015,-1.002,0.3,-0.6,0
185.613015399989,0,0,19,0,0,0.027,-0.015,-1.002,0.3,-0.6,0
185.623015399989,0,0,19,0,0,0.027,-0.015,-1.002,0.3,-0.6,0
185.633015399989,0,0,19,0,0,0.027,-0.015,-1.002,0.3,-0.6,0
185.643015399989,0,0,19,0,0,0.028,-0.014,-1.001,0.3,-0.6,0
185.653015399989,0,0,19,0,0,0.028,-0.014,-1.001,0.3,-0.6,0
185.663015399989,0,0,19,0,0,0.028,-0.014,-1.001,0.3,-0.6,0
185.673015399989,0,0,19,0,0,0.028,-0.014,-1.001,0.3,-0.6,0
185.683015399989,0,0,19,0,0,0.028,-0.014,-1.001,0.3,-0.6,0
185.693015399989,0,0,19,0,0,0.028,-0.017,-1.001,0.2,-0.6,0
185.703015399989,0,0,19,0,0,0.028,-0.017,-1.001,0.2,-0.6,0
185.713015399989,0,0,19,0,0,0.028,-0.017,-1.001,0.2,-0.6,0
185.723015399989,0,0,19,0,0,0.028,-0.017,-1.001,0.2,-0.6,0
185.733015399989,0,0,19,0,0,0.028,-0.017,-1.001,0.2,-0.6,0
185.743015399989,0,0,19,0,0,0.027,-0.016,-1.001,0.3,-0.5,0.1
185.753015399989,0,0,19,0,0,0.027,-0.016,-1.001,0.3,-0.5,0.1
185.763015399989,0,0,19,0,0,0.027,-0.016,-1.001,0.3,-0.5,0.1
185.773015399989,0,0,19,0,0,0.027,-0.016,-1.001,0.3,-0.5,0.1
185.783015399989,0,0,19,0,0,0.027,-0.016,-1.001,0.3,-0.5,0.1
185.793015399989,0,0.01,19,0,0,0.03,-0.015,-1.002,0.3,-0.6,0
185.803015399989,0,0.01,19,0,0,0.03,-0.015,-1.002,0.3,-0.6,0
185.813015399989,0,0.01,19,0,0,0.03,-0.015,-1.002,0.3,-0.6,0
185.823015399989,0,0.01,19,0,0,0.03,-0.015,-1.002,0.3,-0.6,0
185.833015399989,0,0.01,19,0,0,0.03,-0.015,-1.002,0.3,-0.6,0
185.843015399989,0,0.01,19,0,0,0.029,-0.009,-1.001,0.3,-0.6,0
185.853015399989,0,0.01,19,0,0,0.029,-0.009,-1.001,0.3,-0.6,0
185.863015399989,0,0.01,19,0,0,0.029,-0.009,-1.001,0.3,-0.6,0
185.873015399989,0,0.01,19,0,0,0.029,-0.009,-1.001,0.3,-0.6,0
185.883015399989,0,0.01,19,0,0,0.029,-0.009,-1.001,0.3,-0.6,0
185.893015399989,0,0,19,0,0,0.026,-0.018,-1.001,0.3,-0.5,0
185.903015399989,0,0,19,0,0,0.026,-0.018,-1.001,0.3,-0.5,0
185.913015399989,0,0,19,0,0,0.026,-0.018,-1.001,0.3,-0.5,0
185.923015399989,0,0,19,0,0,0.026,-0.018,-1.001,0.3,-0.5,0
185.933015399989,0,0,19,0,0,0.026,-0.018,-1.001,0.3,-0.5,0
185.943015399989,0,0,19,0,0,0.031,-0.011,-1.001,0.3,-0.6,0
185.953015399989,0,0,19,0,0,0.031,-0.011,-1.001,0.3,-0.6,0
185.963015399989,0,0,19,0,0,0.031,-0.011,-1.001,0.3,-0.6,0
185.973015399989,0,0,19,0,0,0.031,-0.011,-1.001,0.3,-0.6,0
185.983015399989,0,0,19,0,0,0.031,-0.011,-1.001,0.3,-0.6,0
185.993015399989,0,0,19,0,0,0.025,-0.016,-1.003,0.4,-0.7,0.1
186.003015399989,0,0,19,0,0,0.025,-0.016,-1.003,0.4,-0.7,0.1
186.013015399989,0,0,19,0,0,0.025,-0.016,-1.003,0.4,-0.7,0.1
186.023015399989,0,0,19,0,0,0.025,-0.016,-1.003,0.4,-0.7,0.1
186.033015399989,0,0,19,0,0,0.025,-0.016,-1.003,0.4,-0.7,0.1
186.043015399989,0,0,19,0,0,0.029,-0.015,-1.001,0.2,-0.4,0
186.053015399989,0,0,19,0,0,0.029,-0.015,-1.001,0.2,-0.4,0
186.063015399989,0,0,19,0,0,0.029,-0.015,-1.001,0.2,-0.4,0
186.073015399989,0,0,19,0,0,0.029,-0.015,-1.001,0.2,-0.4,0
186.083015399989,0,0,19,0,0,0.029,-0.015,-1.001,0.2,-0.4,0
186.093015399989,0,0,19,0,0,0.027,-0.016,-1.002,0.3,-0.6,0
186.103015399989,0,0,19,0,0,0.027,-0.016,-1.002,0.3,-0.6,0
186.113015399989,0,0,19,0,0,0.027,-0.016,-1.002,0.3,-0.6,0
186.123015399989,0,0,19,0,0,0.027,-0.016,-1.002,0.3,-0.6,0
186.133015399989,0,0,19,0,0,0.027,-0.016,-1.002,0.3,-0.6,0
186.143015399989,0,0,19,0,0,0.03,-0.015,-1.001,0.3,-0.6,0
186.153015399989,0,0,19,0,0,0.03,-0.015,-1.001,0.3,-0.6,0
186.163015399989,0,0,19,0,0,0.03,-0.015,-1.001,0.3,-0.6,0
186.173015399989,0,0,19,0,0,0.03,-0.015,-1.001,0.3,-0.6,0
186.183015399989,0,0,19,0,0,0.03,-0.015,-1.001,0.3,-0.6,0
186.193015399989,0,0,19,0,0,0.025,-0.015,-1.001,0.3,-0.5,0
186.203015399989,0,0,19,0,0,0.025,-0.015,-1.001,0.3,-0.5,0
186.213015399989,0,0,19,0,0,0.025,-0.015,-1.001,0.3,-0.5,0
186.223015399989,0,0,19,0,0,0.025,-0.015,-1.001,0.3,-0.5,0
186.233015399989,0,0,19,0,0,0.025,-0.015,-1.001,0.3,-0.5,0
186.243015399989,0,0.01,19,0,0,0.03,-0.013,-1,0.3,-0.6,0
186.253015399989,0,0.01,19,0,0,0.03,-0.013,-1,0.3,-0.6,0
186.263015399989,0,0.01,19,0,0,0.03,-0.013,-1,0.3,-0.6,0
186.273015399989,0,0.01,19,0,0,0.03,-0.013,-1,0.3,-0.6,0
186.283015399989,0,0.01,19,0,0,0.03,-0.013,-1,0.3,-0.6,0
186.293015399989,0,0,19,0,0,0.028,-0.016,-1.001,0.3,-0.6,0
186.303015399989,0,0,19,0,0,0.028,-0.016,-1.001,0.3,-0.6,0
186.313015399989,0,0,19,0,0,0.028,-0.016,-1.001,0.3,-0.6,0
186.323015399989,0,0,19,0,0,0.028,-0.016,-1.001,0.3,-0.6,0
186.333015399989,0,0,19,0,0,0.028,-0.016,-1.001,0.3,-0.6,0
186.343015399989,0,0,19,0,0,0.027,-0.015,-1,0.3,-0.6,0.1
186.353015399989,0,0,19,0,0,0.027,-0.015,-1,0.3,-0.6,0.1
186.363015399989,0,0,19,0,0,0.027,-0.015,-1,0.3,-0.6,0.1
186.373015399989,0,0,19,0,0,0.027,-0.015,-1,0.3,-0.6,0.1
186.383015399989,0,0,19,0,0,0.027,-0.015,-1,0.3,-0.6,0.1
186.393015399989,0,0,19,0,0,0.029,-0.015,-1,0.3,-0.5,0
186.403015399989,0,0,19,0,0,0.029,-0.015,-1,0.3,-0.5,0
186.413015399989,0,0,19,0,0,0.029,-0.015,-1,0.3,-0.5,0
186.423015399989,0,0,19,0,0,0.029,-0.015,-1,0.3,-0.5,0
186.433015399989,0,0,19,0,0,0.029,-0.015,-1,0.3,-0.5,0
186.443015399989,0,0,19,0,0,0.027,-0.015,-1.002,0.3,-0.6,0.1
186.453015399989,0,0,19,0,0,0.027,-0.015,-1.002,0.3,-0.6,0.1
186.463015399989,0,0,19,0,0,0.027,-0.015,-1.002,0.3,-0.6,0.1
186.473015399989,0,0,19,0,0,0.027,-0.015,-1.002,0.3,-0.6,0.1
186.483015399989,0,0,19,0,0,0.027,-0.015,-1.002,0.3,-0.6,0.1
186.493015399989,0,0,19,0,0,0.028,-0.015,-1.001,0.3,-0.5,0
186.503015399989,0,0,19,0,0,0.028,-0.015,-1.001,0.3,-0.5,0
186.513015399989,0,0,19,0,0,0.028,-0.015,-1.001,0.3,-0.5,0
186.523015399989,0,0,19,0,0,0.028,-0.015,-1.001,0.3,-0.5,0
186.533015399989,0,0,19,0,0,0.028,-0.015,-1.001,0.3,-0.5,0
186.543015399989,0,0.01,19,0,0,0.028,-0.015,-1.001,0.3,-0.5,0
186.553015399989,0,0.01,19,0,0,0.028,-0.015,-1.001,0.3,-0.5,0
186.563015399989,0,0.01,19,0,0,0.028,-0.015,-1.001,0.3,-0.5,0
186.573015399989,0,0.01,19,0,0,0.028,-0.015,-1.001,0.3,-0.5,0
186.583015399989,0,0.01,19,0,0,0.028,-0.015,-1.001,0.3,-0.5,0
186.593015399989,0,0,19,0,0,0.028,-0.014,-1.002,0.3,-0.5,0
186.603015399989,0,0,19,0,0,0.028,-0.014,-1.002,0.3,-0.5,0
186.613015399989,0,0,19,0,0,0.028,-0.014,-1.002,0.3,-0.5,0
186.623015399989,0,0,19,0,0,0.028,-0.014,-1.002,0.3,-0.5,0
186.633015399989,0,0,19,0,0,0.028,-0.014,-1.002,0.3,-0.5,0
186.643015399989,0,0.01,19,0,0,0.029,-0.015,-1.001,0.3,-0.6,0
186.653015399989,0,0.01,19,0,0,0.029,-0.015,-1.001,0.3,-0.6,0
186.663015399989,0,0.01,19,0,0,0.029,-0.015,-1.001,0.3,-0.6,0
186.673015399989,0,0.01,19,0,0,0.029,-0.015,-1.001,0.3,-0.6,0
186.683015399989,0,0.01,19,0,0,0.029,-0.015,-1.001,0.3,-0.6,0
186.693015399989,0,0.01,19,0,0,0.027,-0.015,-1.001,0.3,-0.5,0
186.703015399989,0,0.01,19,0,0,0.027,-0.015,-1.001,0.3,-0.5,0
186.713015399989,0,0.01,19,0,0,0.027,-0.015,-1.001,0.3,-0.5,0
186.723015399989,0,0.01,19,0,0,0.027,-0.015,-1.001,0.3,-0.5,0
186.733015399989,0,0.01,19,0,0,0.027,-0.015,-1.001,0.3,-0.5,0
186.743015399989,0,0.01,19,0,0,0.028,-0.014,-1,0.3,-0.6,0
186.753015399989,0,0.01,19,0,0,0.028,-0.014,-1,0.3,-0.6,0
186.763015399989,0,0.01,19,0,0,0.028,-0.014,-1,0.3,-0.6,0
186.773015399989,0,0.01,19,0,0,0.028,-0.014,-1,0.3,-0.6,0
186.783015399989,0,0.01,19,0,0,0.028,-0.014,-1,0.3,-0.6,0
186.793015399989,0,0,19,0,0,0.027,-0.015,-1.002,0.3,-0.6,0.1
186.803015399989,0,0,19,0,0,0.027,-0.015,-1.002,0.3,-0.6,0.1
186.813015399989,0,0,19,0,0,0.027,-0.015,-1.002,0.3,-0.6,0.1
186.823015399989,0,0,19,0,0,0.027,-0.015,-1.002,0.3,-0.6,0.1
186.833015399989,0,0,19,0,0,0.027,-0.015,-1.002,0.3,-0.6,0.1
186.843015399989,0,0.01,19,0,0,0.029,-0.015,-1.001,0.3,-0.5,0
186.853015399989,0,0.01,19,0,0,0.029,-0.015,-1.001,0.3,-0.5,0
186.863015399989,0,0.01,19,0,0,0.029,-0.015,-1.001,0.3,-0.5,0
186.873015399989,0,0.01,19,0,0,0.029,-0.015,-1.001,0.3,-0.5,0
186.883015399989,0,0.01,19,0,0,0.029,-0.015,-1.001,0.3,-0.5,0
186.893015399989,0,0,19,0,0,0.028,-0.015,-1,0.3,-0.6,0
186.903015399989,0,0,19,0,0,0.028,-0.015,-1,0.3,-0.6,0
186.913015399989,0,0,19,0,0,0.028,-0.015,-1,0.3,-0.6,0
186.923015399989,0,0,19,0,0,0.028,-0.015,-1,0.3,-0.6,0
186.933015399989,0,0,19,0,0,0.028,-0.015,-1,0.3,-0.6,0
186.943015399989,0,0,19,0,0,0.028,-0.014,-1,0.3,-0.6,0.1
186.953015399989,0,0,19,0,0,0.028,-0.014,-1,0.3,-0.6,0.1
186.963015399989,0,0,19,0,0,0.028,-0.014,-1,0.3,-0.6,0.1
186.973015399989,0,0,19,0,0,0.028,-0.014,-1,0.3,-0.6,0.1
186.983015399989,0,0,19,0,0,0.028,-0.014,-1,0.3,-0.6,0.1
186.993015399989,0,0,19,0,0,0.027,-0.015,-1.002,0.3,-0.6,0
187.003015399989,0,0,19,0,0,0.027,-0.015,-1.002,0.3,-0.6,0
187.013015399989,0,0,19,0,0,0.027,-0.015,-1.002,0.3,-0.6,0
187.023015399989,0,0,19,0,0,0.027,-0.015,-1.002,0.3,-0.6,0
187.033015399989,0,0,19,0,0,0.027,-0.015,-1.002,0.3,-0.6,0
187.043015399989,0,0,19,0,0,0.028,-0.015,-1.001,0.2,-0.6,0
187.053015399989,0,0,19,0,0,0.028,-0.015,-1.001,0.2,-0.6,0
187.063015399989,0,0,19,0,0,0.028,-0.015,-1.001,0.2,-0.6,0
187.073015399989,0,0,19,0,0,0.028,-0.015,-1.001,0.2,-0.6,0
187.083015399989,0,0,19,0,0,0.028,-0.015,-1.001,0.2,-0.6,0
187.093015399989,0,0,19,0,0,0.028,-0.015,-1.002,0.3,-0.6,0
187.103015399989,0,0,19,0,0,0.028,-0.015,-1.002,0.3,-0.6,0
187.113015399989,0,0,19,0,0,0.028,-0.015,-1.002,0.3,-0.6,0
187.123015399989,0,0,19,0,0,0.028,-0.015,-1.002,0.3,-0.6,0
187.133015399989,0,0,19,0,0,0.028,-0.015,-1.002,0.3,-0.6,0
187.143015399989,0,0.01,19,0,0,0.028,-0.014,-1.001,0.3,-0.5,0
187.153015399989,0,0.01,19,0,0,0.028,-0.014,-1.001,0.3,-0.5,0
187.163015399989,0,0.01,19,0,0,0.028,-0.014,-1.001,0.3,-0.5,0
187.173015399989,0,0.01,19,0,0,0.028,-0.014,-1.001,0.3,-0.5,0
187.183015399989,0,0.01,19,0,0,0.028,-0.014,-1.001,0.3,-0.5,0
187.193015399989,0,0,19,0,0,0.028,-0.015,-1.002,0.3,-0.6,0
187.203015399989,0,0,19,0,0,0.028,-0.015,-1.002,0.3,-0.6,0
187.213015399989,0,0,19,0,0,0.028,-0.015,-1.002,0.3,-0.6,0
187.223015399989,0,0,19,0,0,0.028,-0.015,-1.002,0.3,-0.6,0
187.233015399989,0,0,19,0,0,0.028,-0.015,-1.002,0.3,-0.6,0
187.243015399989,0,0.01,19,0,0,0.027,-0.015,-1.001,0.3,-0.6,0
187.253015399989,0,0.01,19,0,0,0.027,-0.015,-1.001,0.3,-0.6,0
187.263015399989,0,0.01,19,0,0,0.027,-0.015,-1.001,0.3,-0.6,0
187.273015399989,0,0.01,19,0,0,0.027,-0.015,-1.001,0.3,-0.6,0
187.283015399989,0,0.01,19,0,0,0.027,-0.015,-1.001,0.3,-0.6,0
187.293015399989,0,0.01,19,0,0,0.028,-0.015,-1.002,0.3,-0.6,0
187.303015399989,0,0.01,19,0,0,0.028,-0.015,-1.002,0.3,-0.6,0
187.313015399989,0,0.01,19,0,0,0.028,-0.015,-1.002,0.3,-0.6,0
187.323015399989,0,0.01,19,0,0,0.028,-0.015,-1.002,0.3,-0.6,0
187.333015399989,0,0.01,19,0,0,0.028,-0.015,-1.002,0.3,-0.6,0
187.343015399989,0,0,19,0,0,0.028,-0.014,-1.001,0.3,-0.6,0.1
187.353015399989,0,0,19,0,0,0.028,-0.014,-1.001,0.3,-0.6,0.1
187.363015399989,0,0,19,0,0,0.028,-0.014,-1.001,0.3,-0.6,0.1
187.373015399989,0,0,19,0,0,0.028,-0.014,-1.001,0.3,-0.6,0.1
187.383015399989,0,0,19,0,0,0.028,-0.014,-1.001,0.3,-0.6,0.1
187.393015399989,0,0.01,19,0,0,0.027,-0.014,-1,0.3,-0.6,0
187.403015399989,0,0.01,19,0,0,0.027,-0.014,-1,0.3,-0.6,0
187.413015399989,0,0.01,19,0,0,0.027,-0.014,-1,0.3,-0.6,0
187.423015399989,0,0.01,19,0,0,0.027,-0.014,-1,0.3,-0.6,0
187.433015399989,0,0.01,19,0,0,0.027,-0.014,-1,0.3,-0.6,0
187.443015399989,0,0,19,0,0,0.028,-0.015,-1.002,0.3,-0.6,0
187.453015399989,0,0,19,0,0,0.028,-0.015,-1.002,0.3,-0.6,0
187.463015399989,0,0,19,0,0,0.028,-0.015,-1.002,0.3,-0.6,0
187.473015399989,0,0,19,0,0,0.028,-0.015,-1.002,0.3,-0.6,0
187.483015399989,0,0,19,0,0,0.028,-0.015,-1.002,0.3,-0.6,0
187.493015399989,0,0,19,0,0,0.028,-0.014,-1.001,0.3,-0.5,0
187.503015399989,0,0,19,0,0,0.028,-0.014,-1.001,0.3,-0.5,0
187.513015399989,0,0,19,0,0,0.028,-0.014,-1.001,0.3,-0.5,0
187.523015399989,0,0,19,0,0,0.028,-0.014,-1.001,0.3,-0.5,0
187.533015399989,0,0,19,0,0,0.028,-0.014,-1.001,0.3,-0.5,0
187.543015399989,0,0,19,0,0,0.028,-0.016,-1.001,0.3,-0.6,0
187.553015399989,0,0,19,0,0,0.028,-0.016,-1.001,0.3,-0.6,0
187.563015399989,0,0,19,0,0,0.028,-0.016,-1.001,0.3,-0.6,0
187.573015399989,0,0,19,0,0,0.028,-0.016,-1.001,0.3,-0.6,0
187.583015399989,0,0,19,0,0,0.028,-0.016,-1.001,0.3,-0.6,0
187.593015399989,0,0.01,19,0,0,0.028,-0.014,-1.001,0.3,-0.6,0.1
187.603015399989,0,0.01,19,0,0,0.028,-0.014,-1.001,0.3,-0.6,0.1
187.613015399989,0,0.01,19,0,0,0.028,-0.014,-1.001,0.3,-0.6,0.1
187.623015399989,0,0.01,19,0,0,0.028,-0.014,-1.001,0.3,-0.6,0.1
187.633015399989,0,0.01,19,0,0,0.028,-0.014,-1.001,0.3,-0.6,0.1
187.643015399989,0,0,19,0,0,0.027,-0.016,-1.001,0.3,-0.6,0
187.653015399989,0,0,19,0,0,0.027,-0.016,-1.001,0.3,-0.6,0
187.663015399989,0,0,19,0,0,0.027,-0.016,-1.001,0.3,-0.6,0
187.673015399989,0,0,19,0,0,0.027,-0.016,-1.001,0.3,-0.6,0
187.683015399989,0,0,19,0,0,0.027,-0.016,-1.001,0.3,-0.6,0
187.693015399989,0,0,19,0,0,0.029,-0.014,-1.001,0.3,-0.6,0
187.703015399989,0,0,19,0,0,0.029,-0.014,-1.001,0.3,-0.6,0
187.713015399989,0,0,19,0,0,0.029,-0.014,-1.001,0.3,-0.6,0
187.723015399989,0,0,19,0,0,0.029,-0.014,-1.001,0.3,-0.6,0
187.733015399989,0,0,19,0,0,0.029,-0.014,-1.001,0.3,-0.6,0
187.743015399989,0,0,19,0,0,0.028,-0.015,-1,0.3,-0.6,0
187.753015399989,0,0,19,0,0,0.028,-0.015,-1,0.3,-0.6,0
187.763015399989,0,0,19,0,0,0.028,-0.015,-1,0.3,-0.6,0
187.773015399989,0,0,19,0,0,0.028,-0.015,-1,0.3,-0.6,0
187.783015399989,0,0,19,0,0,0.028,-0.015,-1,0.3,-0.6,0
187.793015399989,0,0,19,0,0,0.027,-0.015,-1.001,0.3,-0.6,0
187.803015399989,0,0,19,0,0,0.027,-0.015,-1.001,0.3,-0.6,0
187.813015399989,0,0,19,0,0,0.027,-0.015,-1.001,0.3,-0.6,0
187.823015399989,0,0,19,0,0,0.027,-0.015,-1.001,0.3,-0.6,0
187.833015399989,0,0,19,0,0,0.027,-0.015,-1.001,0.3,-0.6,0
187.843015399989,0,0,19,0,0,0.028,-0.015,-1.001,0.3,-0.5,0
187.853015399989,0,0,19,0,0,0.028,-0.015,-1.001,0.3,-0.5,0
187.863015399989,0,0,19,0,0,0.028,-0.015,-1.001,0.3,-0.5,0
187.873015399989,0,0,19,0,0,0.028,-0.015,-1.001,0.3,-0.5,0
187.883015399989,0,0,19,0,0,0.028,-0.015,-1.001,0.3,-0.5,0
187.893015399989,0,0,19,0,0,0.028,-0.015,-1.001,0.3,-0.6,0
187.903015399989,0,0,19,0,0,0.028,-0.015,-1.001,0.3,-0.6,0
187.913015399989,0,0,19,0,0,0.028,-0.015,-1.001,0.3,-0.6,0
187.923015399989,0,0,19,0,0,0.028,-0.015,-1.001,0.3,-0.6,0
187.933015399989,0,0,19,0,0,0.028,-0.015,-1.001,0.3,-0.6,0
187.943015399989,0,0,19,0,0,0.028,-0.015,-1,0.3,-0.6,0
187.953015399989,0,0,19,0,0,0.028,-0.015,-1,0.3,-0.6,0
187.963015399989,0,0,19,0,0,0.028,-0.015,-1,0.3,-0.6,0
187.973015399989,0,0,19,0,0,0.028,-0.015,-1,0.3,-0.6,0
187.983015399989,0,0,19,0,0,0.028,-0.015,-1,0.3,-0.6,0
187.993015399989,0,0,19,0,0,0.029,-0.015,-1.002,0.3,-0.6,0
188.003015399989,0,0,19,0,0,0.029,-0.015,-1.002,0.3,-0.6,0
188.013015399989,0,0,19,0,0,0.029,-0.015,-1.002,0.3,-0.6,0
188.023015399989,0,0,19,0,0,0.029,-0.015,-1.002,0.3,-0.6,0
188.033015399989,0,0,19,0,0,0.029,-0.015,-1.002,0.3,-0.6,0
188.043015399989,0,0,19,0,0,0.028,-0.014,-1.002,0.3,-0.6,0.1
188.053015399989,0,0,19,0,0,0.028,-0.014,-1.002,0.3,-0.6,0.1
188.063015399989,0,0,19,0,0,0.028,-0.014,-1.002,0.3,-0.6,0.1
188.073015399989,0,0,19,0,0,0.028,-0.014,-1.002,0.3,-0.6,0.1
188.083015399989,0,0,19,0,0,0.028,-0.014,-1.002,0.3,-0.6,0.1
188.093015399989,0,0,19,0,0,0.028,-0.015,-1.001,0.3,-0.6,0
188.103015399989,0,0,19,0,0,0.028,-0.015,-1.001,0.3,-0.6,0
188.113015399989,0,0,19,0,0,0.028,-0.015,-1.001,0.3,-0.6,0
188.123015399989,0,0,19,0,0,0.028,-0.015,-1.001,0.3,-0.6,0
188.133015399989,0,0,19,0,0,0.028,-0.015,-1.001,0.3,-0.6,0
188.143015399989,0,0,19,0,0,0.027,-0.016,-1,0.3,-0.6,0
188.153015399989,0,0,19,0,0,0.027,-0.016,-1,0.3,-0.6,0
188.163015399989,0,0,19,0,0,0.027,-0.016,-1,0.3,-0.6,0
188.173015399989,0,0,19,0,0,0.027,-0.016,-1,0.3,-0.6,0
188.183015399989,0,0,19,0,0,0.027,-0.016,-1,0.3,-0.6,0
188.193015399989,0,0,19,0,0,0.027,-0.014,-1.002,0.3,-0.6,0
188.203015399989,0,0,19,0,0,0.027,-0.014,-1.002,0.3,-0.6,0
188.213015399989,0,0,19,0,0,0.027,-0.014,-1.002,0.3,-0.6,0
188.223015399989,0,0,19,0,0,0.027,-0.014,-1.002,0.3,-0.6,0
188.233015399989,0,0,19,0,0,0.027,-0.014,-1.002,0.3,-0.6,0
188.243015399989,0,0,19,0,0,0.028,-0.013,-1.002,0.3,-0.6,0
188.253015399989,0,0,19,0,0,0.028,-0.013,-1.002,0.3,-0.6,0
188.263015399989,0,0,19,0,0,0.028,-0.013,-1.002,0.3,-0.6,0
188.273015399989,0,0,19,0,0,0.028,-0.013,-1.002,0.3,-0.6,0
188.283015399989,0,0,19,0,0,0.028,-0.013,-1.002,0.3,-0.6,0
188.293015399989,0,0,19,0,0,0.027,-0.015,-1.002,0.3,-0.6,0
188.303015399989,0,0,19,0,0,0.027,-0.015,-1.002,0.3,-0.6,0
188.313015399989,0,0,19,0,0,0.027,-0.015,-1.002,0.3,-0.6,0
188.323015399989,0,0,19,0,0,0.027,-0.015,-1.002,0.3,-0.6,0
188.333015399989,0,0,19,0,0,0.027,-0.015,-1.002,0.3,-0.6,0
188.343015399989,0,0,19,0,0,0.029,-0.014,-1,0.3,-0.6,0
188.353015399988,0,0,19,0,0,0.029,-0.014,-1,0.3,-0.6,0
188.363015399989,0,0,19,0,0,0.029,-0.014,-1,0.3,-0.6,0
188.373015399989,0,0,19,0,0,0.029,-0.014,-1,0.3,-0.6,0
188.383015399988,0,0,19,0,0,0.029,-0.014,-1,0.3,-0.6,0
188.393015399988,0,0,19,0,0,0.028,-0.016,-1.001,0.4,-0.6,0
188.403015399988,0,0,19,0,0,0.028,-0.016,-1.001,0.4,-0.6,0
188.413015399988,0,0,19,0,0,0.028,-0.016,-1.001,0.4,-0.6,0
188.423015399988,0,0,19,0,0,0.028,-0.016,-1.001,0.4,-0.6,0
188.433015399988,0,0,19,0,0,0.028,-0.016,-1.001,0.4,-0.6,0
188.443015399988,0,0,19,0,0,0.028,-0.014,-1.001,0.3,-0.6,0
188.453015399988,0,0,19,0,0,0.028,-0.014,-1.001,0.3,-0.6,0
188.463015399988,0,0,19,0,0,0.028,-0.014,-1.001,0.3,-0.6,0
188.473015399988,0,0,19,0,0,0.028,-0.014,-1.001,0.3,-0.6,0
188.483015399988,0,0,19,0,0,0.028,-0.014,-1.001,0.3,-0.6,0
188.493015399988,0,0,19,0,0,0.028,-0.017,-1.002,0.3,-0.5,0
188.503015399988,0,0,19,0,0,0.028,-0.017,-1.002,0.3,-0.5,0
188.513015399988,0,0,19,0,0,0.028,-0.017,-1.002,0.3,-0.5,0
188.523015399988,0,0,19,0,0,0.028,-0.017,-1.002,0.3,-0.5,0
188.533015399988,0,0,19,0,0,0.028,-0.017,-1.002,0.3,-0.5,0
188.543015399988,0,0,19,0,0,0.028,-0.014,-1.002,0.3,-0.6,0
188.553015399988,0,0,19,0,0,0.028,-0.014,-1.002,0.3,-0.6,0
188.563015399988,0,0,19,0,0,0.028,-0.014,-1.002,0.3,-0.6,0
188.573015399988,0,0,19,0,0,0.028,-0.014,-1.002,0.3,-0.6,0
188.583015399988,0,0,19,0,0,0.028,-0.014,-1.002,0.3,-0.6,0
188.593015399988,0,0.01,19,0,0,0.029,-0.015,-1.002,0.3,-0.6,0
188.603015399988,0,0.01,19,0,0,0.029,-0.015,-1.002,0.3,-0.6,0
188.613015399988,0,0.01,19,0,0,0.029,-0.015,-1.002,0.3,-0.6,0
188.623015399988,0,0.01,19,0,0,0.029,-0.015,-1.002,0.3,-0.6,0
188.633015399988,0,0.01,19,0,0,0.029,-0.015,-1.002,0.3,-0.6,0
188.643015399988,0,0,19,0,0,0.026,-0.014,-1.002,0.3,-0.6,0
188.653015399988,0,0,19,0,0,0.026,-0.014,-1.002,0.3,-0.6,0
188.663015399988,0,0,19,0,0,0.026,-0.014,-1.002,0.3,-0.6,0
188.673015399988,0,0,19,0,0,0.026,-0.014,-1.002,0.3,-0.6,0
188.683015399988,0,0,19,0,0,0.026,-0.014,-1.002,0.3,-0.6,0
188.693015399988,0,0,19,0,0,0.028,-0.015,-1.002,0.3,-0.6,0
188.703015399988,0,0,19,0,0,0.028,-0.015,-1.002,0.3,-0.6,0
188.713015399988,0,0,19,0,0,0.028,-0.015,-1.002,0.3,-0.6,0
188.723015399988,0,0,19,0,0,0.028,-0.015,-1.002,0.3,-0.6,0
188.733015399988,0,0,19,0,0,0.028,-0.015,-1.002,0.3,-0.6,0
188.743015399988,0,0,19,0,0,0.028,-0.015,-1.002,0.3,-0.5,0.1
188.753015399988,0,0,19,0,0,0.028,-0.015,-1.002,0.3,-0.5,0.1
188.763015399988,0,0,19,0,0,0.028,-0.015,-1.002,0.3,-0.5,0.1
188.773015399988,0,0,19,0,0,0.028,-0.015,-1.002,0.3,-0.5,0.1
188.783015399988,0,0,19,0,0,0.028,-0.015,-1.002,0.3,-0.5,0.1
188.793015399988,0,0,19,0,0,0.028,-0.014,-1.001,0.3,-0.5,0
188.803015399988,0,0,19,0,0,0.028,-0.014,-1.001,0.3,-0.5,0
188.813015399988,0,0,19,0,0,0.028,-0.014,-1.001,0.3,-0.5,0
188.823015399988,0,0,19,0,0,0.028,-0.014,-1.001,0.3,-0.5,0
188.833015399988,0,0,19,0,0,0.028,-0.014,-1.001,0.3,-0.5,0
188.843015399988,0,0.01,19,0,0,0.028,-0.016,-1,0.3,-0.6,0
188.853015399988,0,0.01,19,0,0,0.028,-0.016,-1,0.3,-0.6,0
188.863015399988,0,0.01,19,0,0,0.028,-0.016,-1,0.3,-0.6,0
188.873015399988,0,0.01,19,0,0,0.028,-0.016,-1,0.3,-0.6,0
188.883015399988,0,0.01,19,0,0,0.028,-0.016,-1,0.3,-0.6,0
188.893015399988,0,0,19,0,0,0.028,-0.014,-1.001,0.3,-0.5,0
188.903015399988,0,0,19,0,0,0.028,-0.014,-1.001,0.3,-0.5,0
188.913015399988,0,0,19,0,0,0.028,-0.014,-1.001,0.3,-0.5,0
188.923015399988,0,0,19,0,0,0.028,-0.014,-1.001,0.3,-0.5,0
188.933015399988,0,0,19,0,0,0.028,-0.014,-1.001,0.3,-0.5,0
188.943015399988,0,0,19,0,0,0.028,-0.015,-1.002,0.3,-0.6,0
188.953015399988,0,0,19,0,0,0.028,-0.015,-1.002,0.3,-0.6,0
188.963015399988,0,0,19,0,0,0.028,-0.015,-1.002,0.3,-0.6,0
188.973015399988,0,0,19,0,0,0.028,-0.015,-1.002,0.3,-0.6,0
188.983015399988,0,0,19,0,0,0.028,-0.015,-1.002,0.3,-0.6,0
188.993015399988,0,0,19,0,0,0.027,-0.015,-1.001,0.3,-0.5,0.1
189.003015399988,0,0,19,0,0,0.027,-0.015,-1.001,0.3,-0.5,0.1
189.013015399988,0,0,19,0,0,0.027,-0.015,-1.001,0.3,-0.5,0.1
189.023015399988,0,0,19,0,0,0.027,-0.015,-1.001,0.3,-0.5,0.1
189.033015399988,0,0,19,0,0,0.027,-0.015,-1.001,0.3,-0.5,0.1
189.043015399988,0,0,19,0,0,0.029,-0.014,-1.002,0.3,-0.6,0
189.053015399988,0,0,19,0,0,0.029,-0.014,-1.002,0.3,-0.6,0
189.063015399988,0,0,19,0,0,0.029,-0.014,-1.002,0.3,-0.6,0
189.073015399988,0,0,19,0,0,0.029,-0.014,-1.002,0.3,-0.6,0
189.083015399988,0,0,19,0,0,0.029,-0.014,-1.002,0.3,-0.6,0
189.093015399988,0,0,19,0,0,0.028,-0.016,-1.001,0.3,-0.5,0
189.103015399988,0,0,19,0,0,0.028,-0.016,-1.001,0.3,-0.5,0
189.113015399988,0,0,19,0,0,0.028,-0.016,-1.001,0.3,-0.5,0
189.123015399988,0,0,19,0,0,0.028,-0.016,-1.001,0.3,-0.5,0
189.133015399988,0,0,19,0,0,0.028,-0.016,-1.001,0.3,-0.5,0
189.143015399988,0,0,19,0,0,0.027,-0.016,-1.002,0.3,-0.6,0
189.153015399988,0,0,19,0,0,0.027,-0.016,-1.002,0.3,-0.6,0
189.163015399988,0,0,19,0,0,0.027,-0.016,-1.002,0.3,-0.6,0
189.173015399988,0,0,19,0,0,0.027,-0.016,-1.002,0.3,-0.6,0
189.183015399988,0,0,19,0,0,0.027,-0.016,-1.002,0.3,-0.6,0
189.193015399988,0,0,19,0,0,0.029,-0.015,-1.001,0.3,-0.6,0
189.203015399988,0,0,19,0,0,0.029,-0.015,-1.001,0.3,-0.6,0
189.213015399988,0,0,19,0,0,0.029,-0.015,-1.001,0.3,-0.6,0
189.223015399988,0,0,19,0,0,0.029,-0.015,-1.001,0.3,-0.6,0
189.233015399988,0,0,19,0,0,0.029,-0.015,-1.001,0.3,-0.6,0
189.243015399988,0,0,19,0,0,0.029,-0.018,-1.002,0.3,-0.6,0
189.253015399988,0,0,19,0,0,0.029,-0.018,-1.002,0.3,-0.6,0
189.263015399988,0,0,19,0,0,0.029,-0.018,-1.002,0.3,-0.6,0
189.273015399988,0,0,19,0,0,0.029,-0.018,-1.002,0.3,-0.6,0
189.283015399988,0,0,19,0,0,0.029,-0.018,-1.002,0.3,-0.6,0
189.293015399988,0,0,19,0,0,0.029,-0.014,-1.001,0.3,-0.5,0
189.303015399988,0,0,19,0,0,0.029,-0.014,-1.001,0.3,-0.5,0
189.313015399988,0,0,19,0,0,0.029,-0.014,-1.001,0.3,-0.5,0
189.323015399988,0,0,19,0,0,0.029,-0.014,-1.001,0.3,-0.5,0
189.333015399988,0,0,19,0,0,0.029,-0.014,-1.001,0.3,-0.5,0
189.343015399988,0,0,19,0,0,0.027,-0.012,-1.001,0.3,-0.6,0
189.353015399988,0,0,19,0,0,0.027,-0.012,-1.001,0.3,-0.6,0
189.363015399988,0,0,19,0,0,0.027,-0.012,-1.001,0.3,-0.6,0
189.373015399988,0,0,19,0,0,0.027,-0.012,-1.001,0.3,-0.6,0
189.383015399988,0,0,19,0,0,0.027,-0.012,-1.001,0.3,-0.6,0
189.393015399988,0,0,19,0,0,0.029,-0.018,-1.001,0.3,-0.6,0
189.403015399988,0,0,19,0,0,0.029,-0.018,-1.001,0.3,-0.6,0
189.413015399988,0,0,19,0,0,0.029,-0.018,-1.001,0.3,-0.6,0
189.423015399988,0,0,19,0,0,0.029,-0.018,-1.001,0.3,-0.6,0
189.433015399988,0,0,19,0,0,0.029,-0.018,-1.001,0.3,-0.6,0
189.443015399988,0,0,19,0,0,0.027,-0.012,-1.002,0.3,-0.6,0
189.453015399988,0,0,19,0,0,0.027,-0.012,-1.002,0.3,-0.6,0
189.463015399988,0,0,19,0,0,0.027,-0.012,-1.002,0.3,-0.6,0
189.473015399988,0,0,19,0,0,0.027,-0.012,-1.002,0.3,-0.6,0
189.483015399988,0,0,19,0,0,0.027,-0.012,-1.002,0.3,-0.6,0
189.493015399988,0,0.01,19,0,0,0.029,-0.016,-1.002,0.3,-0.6,0
189.503015399988,0,0.01,19,0,0,0.029,-0.016,-1.002,0.3,-0.6,0
189.513015399988,0,0.01,19,0,0,0.029,-0.016,-1.002,0.3,-0.6,0
189.523015399988,0,0.01,19,0,0,0.029,-0.016,-1.002,0.3,-0.6,0
189.533015399988,0,0.01,19,0,0,0.029,-0.016,-1.002,0.3,-0.6,0
189.543015399988,0,0,19,0,0,0.028,-0.013,-1.001,0.3,-0.6,0
189.553015399988,0,0,19,0,0,0.028,-0.013,-1.001,0.3,-0.6,0
189.563015399988,0,0,19,0,0,0.028,-0.013,-1.001,0.3,-0.6,0
189.573015399988,0,0,19,0,0,0.028,-0.013,-1.001,0.3,-0.6,0
189.583015399988,0,0,19,0,0,0.028,-0.013,-1.001,0.3,-0.6,0
189.593015399988,0,0,19,0,0,0.029,-0.015,-1.001,0.3,-0.6,0
189.603015399988,0,0,19,0,0,0.029,-0.015,-1.001,0.3,-0.6,0
189.613015399988,0,0,19,0,0,0.029,-0.015,-1.001,0.3,-0.6,0
189.623015399988,0,0,19,0,0,0.029,-0.015,-1.001,0.3,-0.6,0
189.633015399988,0,0,19,0,0,0.029,-0.015,-1.001,0.3,-0.6,0
189.643015399988,0,0,19,0,0,0.028,-0.013,-1.001,0.3,-0.5,0
189.653015399988,0,0,19,0,0,0.028,-0.013,-1.001,0.3,-0.5,0
189.663015399988,0,0,19,0,0,0.028,-0.013,-1.001,0.3,-0.5,0
189.673015399988,0,0,19,0,0,0.028,-0.013,-1.001,0.3,-0.5,0
189.683015399988,0,0,19,0,0,0.028,-0.013,-1.001,0.3,-0.5,0
189.693015399988,0,0,19,0,0,0.028,-0.016,-1.001,0.3,-0.5,0
189.703015399988,0,0,19,0,0,0.028,-0.016,-1.001,0.3,-0.5,0
189.713015399988,0,0,19,0,0,0.028,-0.016,-1.001,0.3,-0.5,0
189.723015399988,0,0,19,0,0,0.028,-0.016,-1.001,0.3,-0.5,0
189.733015399988,0,0,19,0,0,0.028,-0.016,-1.001,0.3,-0.5,0
189.743015399988,0,0,19,0,0,0.027,-0.014,-1.002,0.3,-0.6,0
189.753015399988,0,0,19,0,0,0.027,-0.014,-1.002,0.3,-0.6,0
189.763015399988,0,0,19,0,0,0.027,-0.014,-1.002,0.3,-0.6,0
189.773015399988,0,0,19,0,0,0.027,-0.014,-1.002,0.3,-0.6,0
189.783015399988,0,0,19,0,0,0.027,-0.014,-1.002,0.3,-0.6,0
189.793015399988,0,0,19,0,0,0.029,-0.017,-1.001,0.3,-0.6,0
189.803015399988,0,0,19,0,0,0.029,-0.017,-1.001,0.3,-0.6,0
189.813015399988,0,0,19,0,0,0.029,-0.017,-1.001,0.3,-0.6,0
189.823015399988,0,0,19,0,0,0.029,-0.017,-1.001,0.3,-0.6,0
189.833015399988,0,0,19,0,0,0.029,-0.017,-1.001,0.3,-0.6,0
189.843015399988,0,0,19,0,0,0.027,-0.014,-1.001,0.3,-0.6,0
189.853015399988,0,0,19,0,0,0.027,-0.014,-1.001,0.3,-0.6,0
189.863015399988,0,0,19,0,0,0.027,-0.014,-1.001,0.3,-0.6,0
189.873015399988,0,0,19,0,0,0.027,-0.014,-1.001,0.3,-0.6,0
189.883015399988,0,0,19,0,0,0.027,-0.014,-1.001,0.3,-0.6,0
189.893015399988,0,0.01,19,0,0,0.028,-0.016,-1.002,0.3,-0.6,0
189.903015399988,0,0.01,19,0,0,0.028,-0.016,-1.002,0.3,-0.6,0
189.913015399988,0,0.01,19,0,0,0.028,-0.016,-1.002,0.3,-0.6,0
189.923015399988,0,0.01,19,0,0,0.028,-0.016,-1.002,0.3,-0.6,0
189.933015399988,0,0.01,19,0,0,0.028,-0.016,-1.002,0.3,-0.6,0
189.943015399988,0,0,19,0,0,0.028,-0.013,-1.001,0.3,-0.6,0
189.953015399988,0,0,19,0,0,0.028,-0.013,-1.001,0.3,-0.6,0
189.963015399988,0,0,19,0,0,0.028,-0.013,-1.001,0.3,-0.6,0
189.973015399988,0,0,19,0,0,0.028,-0.013,-1.001,0.3,-0.6,0
189.983015399988,0,0,19,0,0,0.028,-0.013,-1.001,0.3,-0.6,0
189.993015399988,0,0,19,0,0,0.029,-0.015,-1.002,0.3,-0.6,0
190.003015399988,0,0,19,0,0,0.029,-0.015,-1.002,0.3,-0.6,0
190.013015399988,0,0,19,0,0,0.029,-0.015,-1.002,0.3,-0.6,0
190.023015399988,0,0,19,0,0,0.029,-0.015,-1.002,0.3,-0.6,0
190.033015399988,0,0,19,0,0,0.029,-0.015,-1.002,0.3,-0.6,0
190.043015399988,0,0.01,19,0,0,0.027,-0.015,-1.002,0.3,-0.5,0
190.053015399988,0,0.01,19,0,0,0.027,-0.015,-1.002,0.3,-0.5,0
190.063015399988,0,0.01,19,0,0,0.027,-0.015,-1.002,0.3,-0.5,0
190.073015399988,0,0.01,19,0,0,0.027,-0.015,-1.002,0.3,-0.5,0
190.083015399988,0,0.01,19,0,0,0.027,-0.015,-1.002,0.3,-0.5,0
190.093015399988,0,0.01,19,0,0,0.028,-0.015,-1.002,0.3,-0.6,0
190.103015399988,0,0.01,19,0,0,0.028,-0.015,-1.002,0.3,-0.6,0
190.113015399988,0,0.01,19,0,0,0.028,-0.015,-1.002,0.3,-0.6,0
190.123015399988,0,0.01,19,0,0,0.028,-0.015,-1.002,0.3,-0.6,0
190.133015399988,0,0.01,19,0,0,0.028,-0.015,-1.002,0.3,-0.6,0
190.143015399988,0,0,19,0,0,0.028,-0.014,-1.001,0.3,-0.6,0
190.153015399988,0,0,19,0,0,0.028,-0.014,-1.001,0.3,-0.6,0
190.163015399988,0,0,19,0,0,0.028,-0.014,-1.001,0.3,-0.6,0
190.173015399988,0,0,19,0,0,0.028,-0.014,-1.001,0.3,-0.6,0
190.183015399988,0,0,19,0,0,0.028,-0.014,-1.001,0.3,-0.6,0
190.193015399988,0,0,19,0,0,0.028,-0.015,-1.001,0.3,-0.7,0
190.203015399988,0,0,19,0,0,0.028,-0.015,-1.001,0.3,-0.7,0
190.213015399988,0,0,19,0,0,0.028,-0.015,-1.001,0.3,-0.7,0
190.223015399988,0,0,19,0,0,0.028,-0.015,-1.001,0.3,-0.7,0
190.233015399988,0,0,19,0,0,0.028,-0.015,-1.001,0.3,-0.7,0
190.243015399988,0,0.01,19,0,0,0.027,-0.015,-1.001,0.3,-0.6,0
190.253015399988,0,0.01,19,0,0,0.027,-0.015,-1.001,0.3,-0.6,0
190.263015399988,0,0.01,19,0,0,0.027,-0.015,-1.001,0.3,-0.6,0
190.273015399988,0,0.01,19,0,0,0.027,-0.015,-1.001,0.3,-0.6,0
190.283015399988,0,0.01,19,0,0,0.027,-0.015,-1.001,0.3,-0.6,0
190.293015399988,0,0,19,0,0,0.03,-0.015,-1.002,0.3,-0.6,0
190.303015399988,0,0,19,0,0,0.03,-0.015,-1.002,0.3,-0.6,0
190.313015399988,0,0,19,0,0,0.03,-0.015,-1.002,0.3,-0.6,0
190.323015399988,0,0,19,0,0,0.03,-0.015,-1.002,0.3,-0.6,0
190.333015399988,0,0,19,0,0,0.03,-0.015,-1.002,0.3,-0.6,0
190.343015399988,0,0,19,0,0,0.028,-0.015,-1,0.3,-0.5,0
190.353015399988,0,0,19,0,0,0.028,-0.015,-1,0.3,-0.5,0
190.363015399988,0,0,19,0,0,0.028,-0.015,-1,0.3,-0.5,0
190.373015399988,0,0,19,0,0,0.028,-0.015,-1,0.3,-0.5,0
190.383015399988,0,0,19,0,0,0.028,-0.015,-1,0.3,-0.5,0
190.393015399988,0,0,19,0,0,0.028,-0.015,-1.002,0.3,-0.6,0
190.403015399988,0,0,19,0,0,0.028,-0.015,-1.002,0.3,-0.6,0
190.413015399988,0,0,19,0,0,0.028,-0.015,-1.002,0.3,-0.6,0
190.423015399988,0,0,19,0,0,0.028,-0.015,-1.002,0.3,-0.6,0
190.433015399988,0,0,19,0,0,0.028,-0.015,-1.002,0.3,-0.6,0
190.443015399988,0,0,19,0,0,0.028,-0.015,-1.002,0.3,-0.6,0
190.453015399988,0,0,19,0,0,0.028,-0.015,-1.002,0.3,-0.6,0
190.463015399988,0,0,19,0,0,0.028,-0.015,-1.002,0.3,-0.6,0
190.473015399988,0,0,19,0,0,0.028,-0.015,-1.002,0.3,-0.6,0
190.483015399988,0,0,19,0,0,0.028,-0.015,-1.002,0.3,-0.6,0
190.493015399988,0,0,19,0,0,0.027,-0.015,-1.001,0.3,-0.5,0
190.503015399988,0,0,19,0,0,0.027,-0.015,-1.001,0.3,-0.5,0
190.513015399988,0,0,19,0,0,0.027,-0.015,-1.001,0.3,-0.5,0
190.523015399988,0,0,19,0,0,0.027,-0.015,-1.001,0.3,-0.5,0
190.533015399988,0,0,19,0,0,0.027,-0.015,-1.001,0.3,-0.5,0
190.543015399988,0,0,19,0,0,0.028,-0.015,-1.001,0.3,-0.5,0
190.553015399988,0,0,19,0,0,0.028,-0.015,-1.001,0.3,-0.5,0
190.563015399988,0,0,19,0,0,0.028,-0.015,-1.001,0.3,-0.5,0
190.573015399988,0,0,19,0,0,0.028,-0.015,-1.001,0.3,-0.5,0
190.583015399988,0,0,19,0,0,0.028,-0.015,-1.001,0.3,-0.5,0
190.593015399988,0,0,19,0,0,0.028,-0.013,-1.001,0.3,-0.6,0
190.603015399988,0,0,19,0,0,0.028,-0.013,-1.001,0.3,-0.6,0
190.613015399988,0,0,19,0,0,0.028,-0.013,-1.001,0.3,-0.6,0
190.623015399988,0,0,19,0,0,0.028,-0.013,-1.001,0.3,-0.6,0
190.633015399988,0,0,19,0,0,0.028,-0.013,-1.001,0.3,-0.6,0
190.643015399988,0,0,19,0,0,0.028,-0.014,-1.001,0.3,-0.4,0
190.653015399988,0,0,19,0,0,0.028,-0.014,-1.001,0.3,-0.4,0
190.663015399988,0,0,19,0,0,0.028,-0.014,-1.001,0.3,-0.4,0
190.673015399988,0,0,19,0,0,0.028,-0.014,-1.001,0.3,-0.4,0
190.683015399988,0,0,19,0,0,0.028,-0.014,-1.001,0.3,-0.4,0
190.693015399988,0,0,19,0,0,0.028,-0.015,-1.001,0.3,-0.6,0
190.703015399988,0,0,19,0,0,0.028,-0.015,-1.001,0.3,-0.6,0
190.713015399988,0,0,19,0,0,0.028,-0.015,-1.001,0.3,-0.6,0
190.723015399988,0,0,19,0,0,0.028,-0.015,-1.001,0.3,-0.6,0
190.733015399988,0,0,19,0,0,0.028,-0.015,-1.001,0.3,-0.6,0
190.743015399988,0,0,19,0,0,0.028,-0.014,-1.001,0.3,-0.6,0
190.753015399988,0,0,19,0,0,0.028,-0.014,-1.001,0.3,-0.6,0
190.763015399988,0,0,19,0,0,0.028,-0.014,-1.001,0.3,-0.6,0
190.773015399988,0,0,19,0,0,0.028,-0.014,-1.001,0.3,-0.6,0
190.783015399988,0,0,19,0,0,0.028,-0.014,-1.001,0.3,-0.6,0
190.793015399988,0,0,19,0,0,0.029,-0.015,-1.001,0.3,-0.6,0.1
190.803015399988,0,0,19,0,0,0.029,-0.015,-1.001,0.3,-0.6,0.1
190.813015399988,0,0,19,0,0,0.029,-0.015,-1.001,0.3,-0.6,0.1
190.823015399988,0,0,19,0,0,0.029,-0.015,-1.001,0.3,-0.6,0.1
190.833015399988,0,0,19,0,0,0.029,-0.015,-1.001,0.3,-0.6,0.1
190.843015399988,0,0,19,0,0,0.027,-0.016,-1.002,0.3,-0.6,0
190.853015399988,0,0,19,0,0,0.027,-0.016,-1.002,0.3,-0.6,0
190.863015399988,0,0,19,0,0,0.027,-0.016,-1.002,0.3,-0.6,0
190.873015399988,0,0,19,0,0,0.027,-0.016,-1.002,0.3,-0.6,0
190.883015399988,0,0,19,0,0,0.027,-0.016,-1.002,0.3,-0.6,0
190.893015399988,0,0,19,0,0,0.028,-0.015,-1,0.2,-0.6,0
190.903015399988,0,0,19,0,0,0.028,-0.015,-1,0.2,-0.6,0
190.913015399988,0,0,19,0,0,0.028,-0.015,-1,0.2,-0.6,0
190.923015399988,0,0,19,0,0,0.028,-0.015,-1,0.2,-0.6,0
190.933015399988,0,0,19,0,0,0.028,-0.015,-1,0.2,-0.6,0
190.943015399988,0,0.01,19,0,0,0.026,-0.015,-1.002,0.3,-0.5,0
190.953015399988,0,0.01,19,0,0,0.026,-0.015,-1.002,0.3,-0.5,0
190.963015399988,0,0.01,19,0,0,0.026,-0.015,-1.002,0.3,-0.5,0
190.973015399988,0,0.01,19,0,0,0.026,-0.015,-1.002,0.3,-0.5,0
190.983015399988,0,0.01,19,0,0,0.026,-0.015,-1.002,0.3,-0.5,0
190.993015399988,0,0,19,0,0,0.03,-0.014,-1.001,0.3,-0.6,0
191.003015399988,0,0,19,0,0,0.03,-0.014,-1.001,0.3,-0.6,0
191.013015399988,0,0,19,0,0,0.03,-0.014,-1.001,0.3,-0.6,0
191.023015399988,0,0,19,0,0,0.03,-0.014,-1.001,0.3,-0.6,0
191.033015399988,0,0,19,0,0,0.03,-0.014,-1.001,0.3,-0.6,0
191.043015399988,0,0,19,0,0,0.027,-0.015,-1.001,0.3,-0.6,0
191.053015399988,0,0,19,0,0,0.027,-0.015,-1.001,0.3,-0.6,0
191.063015399988,0,0,19,0,0,0.027,-0.015,-1.001,0.3,-0.6,0
191.073015399988,0,0,19,0,0,0.027,-0.015,-1.001,0.3,-0.6,0
191.083015399988,0,0,19,0,0,0.027,-0.015,-1.001,0.3,-0.6,0
191.093015399988,0,0,19,0,0,0.028,-0.015,-1.001,0.3,-0.6,0
191.103015399988,0,0,19,0,0,0.028,-0.015,-1.001,0.3,-0.6,0
191.113015399988,0,0,19,0,0,0.028,-0.015,-1.001,0.3,-0.6,0
191.123015399988,0,0,19,0,0,0.028,-0.015,-1.001,0.3,-0.6,0
191.133015399988,0,0,19,0,0,0.028,-0.015,-1.001,0.3,-0.6,0
191.143015399988,0,0,19,0,0,0.027,-0.014,-1.001,0.3,-0.6,0
191.153015399988,0,0,19,0,0,0.027,-0.014,-1.001,0.3,-0.6,0
191.163015399988,0,0,19,0,0,0.027,-0.014,-1.001,0.3,-0.6,0
191.173015399988,0,0,19,0,0,0.027,-0.014,-1.001,0.3,-0.6,0
191.183015399988,0,0,19,0,0,0.027,-0.014,-1.001,0.3,-0.6,0
191.193015399988,0,0,19,0,0,0.029,-0.015,-1,0.3,-0.6,0
191.203015399988,0,0,19,0,0,0.029,-0.015,-1,0.3,-0.6,0
191.213015399988,0,0,19,0,0,0.029,-0.015,-1,0.3,-0.6,0
191.223015399988,0,0,19,0,0,0.029,-0.015,-1,0.3,-0.6,0
191.233015399988,0,0,19,0,0,0.029,-0.015,-1,0.3,-0.6,0
191.243015399988,0,0,19,0,0,0.028,-0.015,-1.001,0.3,-0.5,0
191.253015399988,0,0,19,0,0,0.028,-0.015,-1.001,0.3,-0.5,0
191.263015399988,0,0,19,0,0,0.028,-0.015,-1.001,0.3,-0.5,0
191.273015399988,0,0,19,0,0,0.028,-0.015,-1.001,0.3,-0.5,0
191.283015399988,0,0,19,0,0,0.028,-0.015,-1.001,0.3,-0.5,0
191.293015399987,0,0.01,19,0,0,0.029,-0.014,-1.001,0.3,-0.5,0
191.303015399987,0,0.01,19,0,0,0.029,-0.014,-1.001,0.3,-0.5,0
191.313015399988,0,0.01,19,0,0,0.029,-0.014,-1.001,0.3,-0.5,0
191.323015399987,0,0.01,19,0,0,0.029,-0.014,-1.001,0.3,-0.5,0
191.333015399987,0,0.01,19,0,0,0.029,-0.014,-1.001,0.3,-0.5,0
191.343015399987,0,0,19,0,0,0.027,-0.014,-1.001,0.3,-0.6,0
191.353015399987,0,0,19,0,0,0.027,-0.014,-1.001,0.3,-0.6,0
191.363015399987,0,0,19,0,0,0.027,-0.014,-1.001,0.3,-0.6,0
191.373015399987,0,0,19,0,0,0.027,-0.014,-1.001,0.3,-0.6,0
191.383015399987,0,0,19,0,0,0.027,-0.014,-1.001,0.3,-0.6,0
191.393015399987,0,0,19,0,0,0.029,-0.016,-1,0.3,-0.6,0
191.403015399987,0,0,19,0,0,0.029,-0.016,-1,0.3,-0.6,0
191.413015399987,0,0,19,0,0,0.029,-0.016,-1,0.3,-0.6,0
191.423015399987,0,0,19,0,0,0.029,-0.016,-1,0.3,-0.6,0
191.433015399987,0,0,19,0,0,0.029,-0.016,-1,0.3,-0.6,0
191.443015399987,0,0,19,0,0,0.028,-0.015,-1.001,0.3,-0.6,0
191.453015399987,0,0,19,0,0,0.028,-0.015,-1.001,0.3,-0.6,0
191.463015399987,0,0,19,0,0,0.028,-0.015,-1.001,0.3,-0.6,0
191.473015399987,0,0,19,0,0,0.028,-0.015,-1.001,0.3,-0.6,0
191.483015399987,0,0,19,0,0,0.028,-0.015,-1.001,0.3,-0.6,0
191.493015399987,0,0,19,0,0,0.028,-0.015,-1.002,0.3,-0.5,0
191.503015399987,0,0,19,0,0,0.028,-0.015,-1.002,0.3,-0.5,0
191.513015399987,0,0,19,0,0,0.028,-0.015,-1.002,0.3,-0.5,0
191.523015399987,0,0,19,0,0,0.028,-0.015,-1.002,0.3,-0.5,0
191.533015399987,0,0,19,0,0,0.028,-0.015,-1.002,0.3,-0.5,0
191.543015399987,0,0,19,0,0,0.029,-0.015,-1.002,0.3,-0.6,0
191.553015399987,0,0,19,0,0,0.029,-0.015,-1.002,0.3,-0.6,0
191.563015399987,0,0,19,0,0,0.029,-0.015,-1.002,0.3,-0.6,0
191.573015399987,0,0,19,0,0,0.029,-0.015,-1.002,0.3,-0.6,0
191.583015399987,0,0,19,0,0,0.029,-0.015,-1.002,0.3,-0.6,0
191.593015399987,0,0,19,0,0,0.028,-0.014,-1.001,0.3,-0.5,0
191.603015399987,0,0,19,0,0,0.028,-0.014,-1.001,0.3,-0.5,0
191.613015399987,0,0,19,0,0,0.028,-0.014,-1.001,0.3,-0.5,0
191.623015399987,0,0,19,0,0,0.028,-0.014,-1.001,0.3,-0.5,0
191.633015399987,0,0,19,0,0,0.028,-0.014,-1.001,0.3,-0.5,0
191.643015399987,0,0,19,0,0,0.028,-0.015,-1.001,0.3,-0.6,0
191.653015399987,0,0,19,0,0,0.028,-0.015,-1.001,0.3,-0.6,0
191.663015399987,0,0,19,0,0,0.028,-0.015,-1.001,0.3,-0.6,0
191.673015399987,0,0,19,0,0,0.028,-0.015,-1.001,0.3,-0.6,0
191.683015399987,0,0,19,0,0,0.028,-0.015,-1.001,0.3,-0.6,0
191.693015399987,0,0,19,0,0,0.027,-0.016,-1,0.3,-0.6,0
191.703015399987,0,0,19,0,0,0.027,-0.016,-1,0.3,-0.6,0
191.713015399987,0,0,19,0,0,0.027,-0.016,-1,0.3,-0.6,0
191.723015399987,0,0,19,0,0,0.027,-0.016,-1,0.3,-0.6,0
191.733015399987,0,0,19,0,0,0.027,-0.016,-1,0.3,-0.6,0
191.743015399987,0,0,19,0,0,0.027,-0.015,-1.002,0.2,-0.6,0
191.753015399987,0,0,19,0,0,0.027,-0.015,-1.002,0.2,-0.6,0
191.763015399987,0,0,19,0,0,0.027,-0.015,-1.002,0.2,-0.6,0
191.773015399987,0,0,19,0,0,0.027,-0.015,-1.002,0.2,-0.6,0
191.783015399987,0,0,19,0,0,0.027,-0.015,-1.002,0.2,-0.6,0
191.793015399987,0,0,19,0,0,0.027,-0.014,-1.001,0.3,-0.6,0.1
191.803015399987,0,0,19,0,0,0.027,-0.014,-1.001,0.3,-0.6,0.1
191.813015399987,0,0,19,0,0,0.027,-0.014,-1.001,0.3,-0.6,0.1
191.823015399987,0,0,19,0,0,0.027,-0.014,-1.001,0.3,-0.6,0.1
191.833015399987,0,0,19,0,0,0.027,-0.014,-1.001,0.3,-0.6,0.1
191.843015399987,0,0,19,0,0,0.028,-0.015,-1.001,0.3,-0.6,0
191.853015399987,0,0,19,0,0,0.028,-0.015,-1.001,0.3,-0.6,0
191.863015399987,0,0,19,0,0,0.028,-0.015,-1.001,0.3,-0.6,0
191.873015399987,0,0,19,0,0,0.028,-0.015,-1.001,0.3,-0.6,0
191.883015399987,0,0,19,0,0,0.028,-0.015,-1.001,0.3,-0.6,0
191.893015399987,0,0,19,0,0,0.028,-0.016,-1.001,0.4,-0.6,0
191.903015399987,0,0,19,0,0,0.028,-0.016,-1.001,0.4,-0.6,0
191.913015399987,0,0,19,0,0,0.028,-0.016,-1.001,0.4,-0.6,0
191.923015399987,0,0,19,0,0,0.028,-0.016,-1.001,0.4,-0.6,0
191.933015399987,0,0,19,0,0,0.028,-0.016,-1.001,0.4,-0.6,0
191.943015399987,0,0,19,0,0,0.029,-0.014,-1.001,0.3,-0.6,0
191.953015399987,0,0,19,0,0,0.029,-0.014,-1.001,0.3,-0.6,0
191.963015399987,0,0,19,0,0,0.029,-0.014,-1.001,0.3,-0.6,0
191.973015399987,0,0,19,0,0,0.029,-0.014,-1.001,0.3,-0.6,0
191.983015399987,0,0,19,0,0,0.029,-0.014,-1.001,0.3,-0.6,0
191.993015399987,0,0,19,0,0,0.028,-0.015,-1.002,0.3,-0.6,0
192.003015399987,0,0,19,0,0,0.028,-0.015,-1.002,0.3,-0.6,0
192.013015399987,0,0,19,0,0,0.028,-0.015,-1.002,0.3,-0.6,0
192.023015399987,0,0,19,0,0,0.028,-0.015,-1.002,0.3,-0.6,0
192.033015399987,0,0,19,0,0,0.028,-0.015,-1.002,0.3,-0.6,0
192.043015399987,0,0,19,0,0,0.027,-0.014,-1.001,0.3,-0.6,0
192.053015399987,0,0,19,0,0,0.027,-0.014,-1.001,0.3,-0.6,0
192.063015399987,0,0,19,0,0,0.027,-0.014,-1.001,0.3,-0.6,0
192.073015399987,0,0,19,0,0,0.027,-0.014,-1.001,0.3,-0.6,0
192.083015399987,0,0,19,0,0,0.027,-0.014,-1.001,0.3,-0.6,0
192.093015399987,0,0.01,19,0,0,0.027,-0.015,-1.001,0.3,-0.5,0
192.103015399987,0,0.01,19,0,0,0.027,-0.015,-1.001,0.3,-0.5,0
192.113015399987,0,0.01,19,0,0,0.027,-0.015,-1.001,0.3,-0.5,0
192.123015399987,0,0.01,19,0,0,0.027,-0.015,-1.001,0.3,-0.5,0
192.133015399987,0,0.01,19,0,0,0.027,-0.015,-1.001,0.3,-0.5,0
192.143015399987,0,0,19,0,0,0.027,-0.016,-1.002,0.3,-0.6,0
192.153015399987,0,0,19,0,0,0.027,-0.016,-1.002,0.3,-0.6,0
192.163015399987,0,0,19,0,0,0.027,-0.016,-1.002,0.3,-0.6,0
192.173015399987,0,0,19,0,0,0.027,-0.016,-1.002,0.3,-0.6,0
192.183015399987,0,0,19,0,0,0.027,-0.016,-1.002,0.3,-0.6,0
192.193015399987,0,0,19,0,0,0.027,-0.015,-1.001,0.3,-0.6,0
192.203015399987,0,0,19,0,0,0.027,-0.015,-1.001,0.3,-0.6,0
192.213015399987,0,0,19,0,0,0.027,-0.015,-1.001,0.3,-0.6,0
192.223015399987,0,0,19,0,0,0.027,-0.015,-1.001,0.3,-0.6,0
192.233015399987,0,0,19,0,0,0.027,-0.015,-1.001,0.3,-0.6,0
192.243015399987,0,0,19,0,0,0.028,-0.015,-1.002,0.3,-0.5,0
192.253015399987,0,0,19,0,0,0.028,-0.015,-1.002,0.3,-0.5,0
192.263015399987,0,0,19,0,0,0.028,-0.015,-1.002,0.3,-0.5,0
192.273015399987,0,0,19,0,0,0.028,-0.015,-1.002,0.3,-0.5,0
192.283015399987,0,0,19,0,0,0.028,-0.015,-1.002,0.3,-0.5,0
192.293015399987,0,0,19,0,0,0.028,-0.014,-1.001,0.3,-0.6,0
192.303015399987,0,0,19,0,0,0.028,-0.014,-1.001,0.3,-0.6,0
192.313015399987,0,0,19,0,0,0.028,-0.014,-1.001,0.3,-0.6,0
192.323015399987,0,0,19,0,0,0.028,-0.014,-1.001,0.3,-0.6,0
192.333015399987,0,0,19,0,0,0.028,-0.014,-1.001,0.3,-0.6,0
192.343015399987,0,0,19,0,0,0.029,-0.015,-1.001,0.3,-0.6,0
192.353015399987,0,0,19,0,0,0.029,-0.015,-1.001,0.3,-0.6,0
192.363015399987,0,0,19,0,0,0.029,-0.015,-1.001,0.3,-0.6,0
192.373015399987,0,0,19,0,0,0.029,-0.015,-1.001,0.3,-0.6,0
192.383015399987,0,0,19,0,0,0.029,-0.015,-1.001,0.3,-0.6,0
192.393015399987,0,0,19,0,0,0.028,-0.016,-1.002,0.3,-0.5,0
192.403015399987,0,0,19,0,0,0.028,-0.016,-1.002,0.3,-0.5,0
192.413015399987,0,0,19,0,0,0.028,-0.016,-1.002,0.3,-0.5,0
192.423015399987,0,0,19,0,0,0.028,-0.016,-1.002,0.3,-0.5,0
192.433015399987,0,0,19,0,0,0.028,-0.016,-1.002,0.3,-0.5,0
192.443015399987,0,0,19,0,0,0.028,-0.015,-1,0.3,-0.6,0
192.453015399987,0,0,19,0,0,0.028,-0.015,-1,0.3,-0.6,0
192.463015399987,0,0,19,0,0,0.028,-0.015,-1,0.3,-0.6,0
192.473015399987,0,0,19,0,0,0.028,-0.015,-1,0.3,-0.6,0
192.483015399987,0,0,19,0,0,0.028,-0.015,-1,0.3,-0.6,0
192.493015399987,0,0,19,0,0,0.027,-0.015,-1,0.3,-0.6,0
192.503015399987,0,0,19,0,0,0.027,-0.015,-1,0.3,-0.6,0
192.513015399987,0,0,19,0,0,0.027,-0.015,-1,0.3,-0.6,0
192.523015399987,0,0,19,0,0,0.027,-0.015,-1,0.3,-0.6,0
192.533015399987,0,0,19,0,0,0.027,-0.015,-1,0.3,-0.6,0
192.543015399987,0,0,19,0,0,0.028,-0.015,-1.001,0.3,-0.5,0
192.553015399987,0,0,19,0,0,0.028,-0.015,-1.001,0.3,-0.5,0
192.563015399987,0,0,19,0,0,0.028,-0.015,-1.001,0.3,-0.5,0
192.573015399987,0,0,19,0,0,0.028,-0.015,-1.001,0.3,-0.5,0
192.583015399987,0,0,19,0,0,0.028,-0.015,-1.001,0.3,-0.5,0
192.593015399987,0,0,19,0,0,0.028,-0.014,-1.002,0.3,-0.5,0
192.603015399987,0,0,19,0,0,0.028,-0.014,-1.002,0.3,-0.5,0
192.613015399987,0,0,19,0,0,0.028,-0.014,-1.002,0.3,-0.5,0
192.623015399987,0,0,19,0,0,0.028,-0.014,-1.002,0.3,-0.5,0
192.633015399987,0,0,19,0,0,0.028,-0.014,-1.002,0.3,-0.5,0
192.643015399987,0,0,19,0,0,0.028,-0.015,-1.001,0.3,-0.5,0
192.653015399987,0,0,19,0,0,0.028,-0.015,-1.001,0.3,-0.5,0
192.663015399987,0,0,19,0,0,0.028,-0.015,-1.001,0.3,-0.5,0
192.673015399987,0,0,19,0,0,0.028,-0.015,-1.001,0.3,-0.5,0
192.683015399987,0,0,19,0,0,0.028,-0.015,-1.001,0.3,-0.5,0
192.693015399987,0,0,19,0,0,0.029,-0.015,-1.002,0.3,-0.6,0.1
192.703015399987,0,0,19,0,0,0.029,-0.015,-1.002,0.3,-0.6,0.1
192.713015399987,0,0,19,0,0,0.029,-0.015,-1.002,0.3,-0.6,0.1
192.723015399987,0,0,19,0,0,0.029,-0.015,-1.002,0.3,-0.6,0.1
192.733015399987,0,0,19,0,0,0.029,-0.015,-1.002,0.3,-0.6,0.1
192.743015399987,0,0.01,19,0,0,0.028,-0.015,-1.001,0.3,-0.6,0
192.753015399987,0,0.01,19,0,0,0.028,-0.015,-1.001,0.3,-0.6,0
192.763015399987,0,0.01,19,0,0,0.028,-0.015,-1.001,0.3,-0.6,0
192.773015399987,0,0.01,19,0,0,0.028,-0.015,-1.001,0.3,-0.6,0
192.783015399987,0,0.01,19,0,0,0.028,-0.015,-1.001,0.3,-0.6,0
192.793015399987,0,0,19,0,0,0.027,-0.014,-1,0.3,-0.6,0
192.803015399987,0,0,19,0,0,0.027,-0.014,-1,0.3,-0.6,0
192.813015399987,0,0,19,0,0,0.027,-0.014,-1,0.3,-0.6,0
192.823015399987,0,0,19,0,0,0.027,-0.014,-1,0.3,-0.6,0
192.833015399987,0,0,19,0,0,0.027,-0.014,-1,0.3,-0.6,0
192.843015399987,0,0.01,19,0,0,0.029,-0.014,-1.001,0.3,-0.5,0
192.853015399987,0,0.01,19,0,0,0.029,-0.014,-1.001,0.3,-0.5,0
192.863015399987,0,0.01,19,0,0,0.029,-0.014,-1.001,0.3,-0.5,0
192.873015399987,0,0.01,19,0,0,0.029,-0.014,-1.001,0.3,-0.5,0
192.883015399987,0,0.01,19,0,0,0.029,-0.014,-1.001,0.3,-0.5,0
192.893015399987,0,0,19,0,0,0.028,-0.015,-1.001,0.3,-0.6,0
192.903015399987,0,0,19,0,0,0.028,-0.015,-1.001,0.3,-0.6,0
192.913015399987,0,0,19,0,0,0.028,-0.015,-1.001,0.3,-0.6,0
192.923015399987,0,0,19,0,0,0.028,-0.015,-1.001,0.3,-0.6,0
192.933015399987,0,0,19,0,0,0.028,-0.015,-1.001,0.3,-0.6,0
192.943015399987,0,0.01,19,0,0,0.028,-0.014,-1.001,0.3,-0.5,0
192.953015399987,0,0.01,19,0,0,0.028,-0.014,-1.001,0.3,-0.5,0
192.963015399987,0,0.01,19,0,0,0.028,-0.014,-1.001,0.3,-0.5,0
192.973015399987,0,0.01,19,0,0,0.028,-0.014,-1.001,0.3,-0.5,0
192.983015399987,0,0.01,19,0,0,0.028,-0.014,-1.001,0.3,-0.5,0
192.993015399987,0,0,19,0,0,0.029,-0.014,-1.001,0.3,-0.6,0
193.003015399987,0,0,19,0,0,0.029,-0.014,-1.001,0.3,-0.6,0
193.013015399987,0,0,19,0,0,0.029,-0.014,-1.001,0.3,-0.6,0
193.023015399987,0,0,19,0,0,0.029,-0.014,-1.001,0.3,-0.6,0
193.033015399987,0,0,19,0,0,0.029,-0.014,-1.001,0.3,-0.6,0
193.043015399987,0,0,19,0,0,0.029,-0.015,-1,0.2,-0.6,0
193.053015399987,0,0,19,0,0,0.029,-0.015,-1,0.2,-0.6,0
193.063015399987,0,0,19,0,0,0.029,-0.015,-1,0.2,-0.6,0
193.073015399987,0,0,19,0,0,0.029,-0.015,-1,0.2,-0.6,0
193.083015399987,0,0,19,0,0,0.029,-0.015,-1,0.2,-0.6,0
193.093015399987,0,0,19,0,0,0.028,-0.014,-1.002,0.3,-0.6,0.1
193.103015399987,0,0,19,0,0,0.028,-0.014,-1.002,0.3,-0.6,0.1
193.113015399987,0,0,19,0,0,0.028,-0.014,-1.002,0.3,-0.6,0.1
193.123015399987,0,0,19,0,0,0.028,-0.014,-1.002,0.3,-0.6,0.1
193.133015399987,0,0,19,0,0,0.028,-0.014,-1.002,0.3,-0.6,0.1
193.143015399987,0,0,19,0,0,0.028,-0.016,-1.002,0.3,-0.6,0
193.153015399987,0,0,19,0,0,0.028,-0.016,-1.002,0.3,-0.6,0
193.163015399987,0,0,19,0,0,0.028,-0.016,-1.002,0.3,-0.6,0
193.173015399987,0,0,19,0,0,0.028,-0.016,-1.002,0.3,-0.6,0
193.183015399987,0,0,19,0,0,0.028,-0.016,-1.002,0.3,-0.6,0
193.193015399987,0,0,19,0,0,0.027,-0.014,-1.001,0.3,-0.6,0
193.203015399987,0,0,19,0,0,0.027,-0.014,-1.001,0.3,-0.6,0
193.213015399987,0,0,19,0,0,0.027,-0.014,-1.001,0.3,-0.6,0
193.223015399987,0,0,19,0,0,0.027,-0.014,-1.001,0.3,-0.6,0
193.233015399987,0,0,19,0,0,0.027,-0.014,-1.001,0.3,-0.6,0
193.243015399987,0,0,19,0,0,0.028,-0.015,-1.001,0.3,-0.5,0
193.253015399987,0,0,19,0,0,0.028,-0.015,-1.001,0.3,-0.5,0
193.263015399987,0,0,19,0,0,0.028,-0.015,-1.001,0.3,-0.5,0
193.273015399987,0,0,19,0,0,0.028,-0.015,-1.001,0.3,-0.5,0
193.283015399987,0,0,19,0,0,0.028,-0.015,-1.001,0.3,-0.5,0
193.293015399987,0,0,19,0,0,0.028,-0.015,-1.001,0.3,-0.6,0
193.303015399987,0,0,19,0,0,0.028,-0.015,-1.001,0.3,-0.6,0
193.313015399987,0,0,19,0,0,0.028,-0.015,-1.001,0.3,-0.6,0
193.323015399987,0,0,19,0,0,0.028,-0.015,-1.001,0.3,-0.6,0
193.333015399987,0,0,19,0,0,0.028,-0.015,-1.001,0.3,-0.6,0
193.343015399987,0,0,19,0,0,0.027,-0.015,-1.001,0.3,-0.6,0
193.353015399987,0,0,19,0,0,0.027,-0.015,-1.001,0.3,-0.6,0
193.363015399987,0,0,19,0,0,0.027,-0.015,-1.001,0.3,-0.6,0
193.373015399987,0,0,19,0,0,0.027,-0.015,-1.001,0.3,-0.6,0
193.383015399987,0,0,19,0,0,0.027,-0.015,-1.001,0.3,-0.6,0
193.393015399987,0,0,19,0,0,0.028,-0.015,-1.001,0.3,-0.6,0
193.403015399987,0,0,19,0,0,0.028,-0.015,-1.001,0.3,-0.6,0
193.413015399987,0,0,19,0,0,0.028,-0.015,-1.001,0.3,-0.6,0
193.423015399987,0,0,19,0,0,0.028,-0.015,-1.001,0.3,-0.6,0
193.433015399987,0,0,19,0,0,0.028,-0.015,-1.001,0.3,-0.6,0
193.443015399987,0,0.01,19,0,0,0.028,-0.016,-1.001,0.3,-0.6,0
193.453015399987,0,0.01,19,0,0,0.028,-0.016,-1.001,0.3,-0.6,0
193.463015399987,0,0.01,19,0,0,0.028,-0.016,-1.001,0.3,-0.6,0
193.473015399987,0,0.01,19,0,0,0.028,-0.016,-1.001,0.3,-0.6,0
193.483015399987,0,0.01,19,0,0,0.028,-0.016,-1.001,0.3,-0.6,0
193.493015399987,0,0,19,0,0,0.028,-0.014,-1.002,0.3,-0.6,0
193.503015399987,0,0,19,0,0,0.028,-0.014,-1.002,0.3,-0.6,0
193.513015399987,0,0,19,0,0,0.028,-0.014,-1.002,0.3,-0.6,0
193.523015399987,0,0,19,0,0,0.028,-0.014,-1.002,0.3,-0.6,0
193.533015399987,0,0,19,0,0,0.028,-0.014,-1.002,0.3,-0.6,0
193.543015399987,0,0,19,0,0,0.03,-0.016,-1.001,0.3,-0.6,0
193.553015399987,0,0,19,0,0,0.03,-0.016,-1.001,0.3,-0.6,0
193.563015399987,0,0,19,0,0,0.03,-0.016,-1.001,0.3,-0.6,0
193.573015399987,0,0,19,0,0,0.03,-0.016,-1.001,0.3,-0.6,0
193.583015399987,0,0,19,0,0,0.03,-0.016,-1.001,0.3,-0.6,0
193.593015399987,0,0.01,19,0,0,0.028,-0.015,-1.002,0.3,-0.6,0
193.603015399987,0,0.01,19,0,0,0.028,-0.015,-1.002,0.3,-0.6,0
193.613015399987,0,0.01,19,0,0,0.028,-0.015,-1.002,0.3,-0.6,0
193.623015399987,0,0.01,19,0,0,0.028,-0.015,-1.002,0.3,-0.6,0
193.633015399987,0,0.01,19,0,0,0.028,-0.015,-1.002,0.3,-0.6,0
193.643015399987,0,0,19,0,0,0.028,-0.015,-1.002,0.3,-0.6,0
193.653015399987,0,0,19,0,0,0.028,-0.015,-1.002,0.3,-0.6,0
193.663015399987,0,0,19,0,0,0.028,-0.015,-1.002,0.3,-0.6,0
193.673015399987,0,0,19,0,0,0.028,-0.015,-1.002,0.3,-0.6,0
193.683015399987,0,0,19,0,0,0.028,-0.015,-1.002,0.3,-0.6,0
193.693015399987,0,0,19,0,0,0.028,-0.015,-1.002,0.3,-0.5,0
193.703015399987,0,0,19,0,0,0.028,-0.015,-1.002,0.3,-0.5,0
193.713015399987,0,0,19,0,0,0.028,-0.015,-1.002,0.3,-0.5,0
193.723015399987,0,0,19,0,0,0.028,-0.015,-1.002,0.3,-0.5,0
193.733015399987,0,0,19,0,0,0.028,-0.015,-1.002,0.3,-0.5,0
193.743015399987,0,0,19,0,0,0.027,-0.015,-1.001,0.3,-0.6,0
193.753015399987,0,0,19,0,0,0.027,-0.015,-1.001,0.3,-0.6,0
193.763015399987,0,0,19,0,0,0.027,-0.015,-1.001,0.3,-0.6,0
193.773015399987,0,0,19,0,0,0.027,-0.015,-1.001,0.3,-0.6,0
193.783015399987,0,0,19,0,0,0.027,-0.015,-1.001,0.3,-0.6,0
193.793015399987,0,0,19,0,0,0.028,-0.015,-1.001,0.3,-0.6,0
193.803015399987,0,0,19,0,0,0.028,-0.015,-1.001,0.3,-0.6,0
193.813015399987,0,0,19,0,0,0.028,-0.015,-1.001,0.3,-0.6,0
193.823015399987,0,0,19,0,0,0.028,-0.015,-1.001,0.3,-0.6,0
193.833015399987,0,0,19,0,0,0.028,-0.015,-1.001,0.3,-0.6,0
193.843015399987,0,0,19,0,0,0.028,-0.015,-1.001,0.3,-0.6,0
193.853015399987,0,0,19,0,0,0.028,-0.015,-1.001,0.3,-0.6,0
193.863015399987,0,0,19,0,0,0.028,-0.015,-1.001,0.3,-0.6,0
193.873015399987,0,0,19,0,0,0.028,-0.015,-1.001,0.3,-0.6,0
193.883015399987,0,0,19,0,0,0.028,-0.015,-1.001,0.3,-0.6,0
193.893015399987,0,0,19,0,0,0.028,-0.015,-1.001,0.3,-0.6,0
193.903015399987,0,0,19,0,0,0.028,-0.015,-1.001,0.3,-0.6,0
193.913015399987,0,0,19,0,0,0.028,-0.015,-1.001,0.3,-0.6,0
193.923015399987,0,0,19,0,0,0.028,-0.015,-1.001,0.3,-0.6,0
193.933015399987,0,0,19,0,0,0.028,-0.015,-1.001,0.3,-0.6,0
193.943015399987,0,0.01,19,0,0,0.028,-0.015,-1.002,0.3,-0.6,0
193.953015399987,0,0.01,19,0,0,0.028,-0.015,-1.002,0.3,-0.6,0
193.963015399987,0,0.01,19,0,0,0.028,-0.015,-1.002,0.3,-0.6,0
193.973015399987,0,0.01,19,0,0,0.028,-0.015,-1.002,0.3,-0.6,0
193.983015399987,0,0.01,19,0,0,0.028,-0.015,-1.002,0.3,-0.6,0
193.993015399987,0,0,19,0,0,0.027,-0.016,-1,0.3,-0.5,0
194.003015399987,0,0,19,0,0,0.027,-0.016,-1,0.3,-0.5,0
194.013015399987,0,0,19,0,0,0.027,-0.016,-1,0.3,-0.5,0
194.023015399987,0,0,19,0,0,0.027,-0.016,-1,0.3,-0.5,0
194.033015399987,0,0,19,0,0,0.027,-0.016,-1,0.3,-0.5,0
194.043015399987,0,0,19,0,0,0.028,-0.014,-1,0.3,-0.6,0.1
194.053015399987,0,0,19,0,0,0.028,-0.014,-1,0.3,-0.6,0.1
194.063015399987,0,0,19,0,0,0.028,-0.014,-1,0.3,-0.6,0.1
194.073015399987,0,0,19,0,0,0.028,-0.014,-1,0.3,-0.6,0.1
194.083015399987,0,0,19,0,0,0.028,-0.014,-1,0.3,-0.6,0.1
194.093015399987,0,0,19,0,0,0.028,-0.016,-1,0.3,-0.6,0
194.103015399987,0,0,19,0,0,0.028,-0.016,-1,0.3,-0.6,0
194.113015399987,0,0,19,0,0,0.028,-0.016,-1,0.3,-0.6,0
194.123015399987,0,0,19,0,0,0.028,-0.016,-1,0.3,-0.6,0
194.133015399987,0,0,19,0,0,0.028,-0.016,-1,0.3,-0.6,0
194.143015399987,0,0.01,19,0,0,0.029,-0.015,-1,0.3,-0.6,0
194.153015399987,0,0.01,19,0,0,0.029,-0.015,-1,0.3,-0.6,0
194.163015399987,0,0.01,19,0,0,0.029,-0.015,-1,0.3,-0.6,0
194.173015399987,0,0.01,19,0,0,0.029,-0.015,-1,0.3,-0.6,0
194.183015399987,0,0.01,19,0,0,0.029,-0.015,-1,0.3,-0.6,0
194.193015399987,0,0.01,19,0,0,0.028,-0.015,-1.002,0.2,-0.5,0
194.203015399986,0,0.01,19,0,0,0.028,-0.015,-1.002,0.2,-0.5,0
194.213015399987,0,0.01,19,0,0,0.028,-0.015,-1.002,0.2,-0.5,0
194.223015399987,0,0.01,19,0,0,0.028,-0.015,-1.002,0.2,-0.5,0
194.233015399986,0,0.01,19,0,0,0.028,-0.015,-1.002,0.2,-0.5,0
194.243015399986,0,0,19,0,0,0.029,-0.015,-1.002,0.3,-0.6,0
194.253015399986,0,0,19,0,0,0.029,-0.015,-1.002,0.3,-0.6,0
194.263015399987,0,0,19,0,0,0.029,-0.015,-1.002,0.3,-0.6,0
194.273015399986,0,0,19,0,0,0.029,-0.015,-1.002,0.3,-0.6,0
194.283015399986,0,0,19,0,0,0.029,-0.015,-1.002,0.3,-0.6,0
194.293015399986,0,0,19,0,0,0.028,-0.015,-1,0.3,-0.6,0
194.303015399986,0,0,19,0,0,0.028,-0.015,-1,0.3,-0.6,0
194.313015399986,0,0,19,0,0,0.028,-0.015,-1,0.3,-0.6,0
194.323015399986,0,0,19,0,0,0.028,-0.015,-1,0.3,-0.6,0
194.333015399986,0,0,19,0,0,0.028,-0.015,-1,0.3,-0.6,0
194.343015399986,0,0,19,0,0,0.028,-0.015,-1,0.3,-0.6,0
194.353015399986,0,0,19,0,0,0.028,-0.015,-1,0.3,-0.6,0
194.363015399986,0,0,19,0,0,0.028,-0.015,-1,0.3,-0.6,0
194.373015399986,0,0,19,0,0,0.028,-0.015,-1,0.3,-0.6,0
194.383015399986,0,0,19,0,0,0.028,-0.015,-1,0.3,-0.6,0
194.393015399986,0,0.01,19,0,0,0.028,-0.014,-1,0.3,-0.6,0
194.403015399986,0,0.01,19,0,0,0.028,-0.014,-1,0.3,-0.6,0
194.413015399986,0,0.01,19,0,0,0.028,-0.014,-1,0.3,-0.6,0
194.423015399986,0,0.01,19,0,0,0.028,-0.014,-1,0.3,-0.6,0
194.433015399986,0,0.01,19,0,0,0.028,-0.014,-1,0.3,-0.6,0
194.443015399986,0,0,19,0,0,0.027,-0.015,-1.002,0.3,-0.5,0
194.453015399986,0,0,19,0,0,0.027,-0.015,-1.002,0.3,-0.5,0
194.463015399986,0,0,19,0,0,0.027,-0.015,-1.002,0.3,-0.5,0
194.473015399986,0,0,19,0,0,0.027,-0.015,-1.002,0.3,-0.5,0
194.483015399986,0,0,19,0,0,0.027,-0.015,-1.002,0.3,-0.5,0
194.493015399986,0,0.01,19,0,0,0.028,-0.016,-1.001,0.3,-0.6,0
194.503015399986,0,0.01,19,0,0,0.028,-0.016,-1.001,0.3,-0.6,0
194.513015399986,0,0.01,19,0,0,0.028,-0.016,-1.001,0.3,-0.6,0
194.523015399986,0,0.01,19,0,0,0.028,-0.016,-1.001,0.3,-0.6,0
194.533015399986,0,0.01,19,0,0,0.028,-0.016,-1.001,0.3,-0.6,0
194.543015399986,0,0,19,0,0,0.029,-0.016,-1,0.3,-0.6,0
194.553015399986,0,0,19,0,0,0.029,-0.016,-1,0.3,-0.6,0
194.563015399986,0,0,19,0,0,0.029,-0.016,-1,0.3,-0.6,0
194.573015399986,0,0,19,0,0,0.029,-0.016,-1,0.3,-0.6,0
194.583015399986,0,0,19,0,0,0.029,-0.016,-1,0.3,-0.6,0
194.593015399986,0,0,19,0,0,0.028,-0.015,-1.001,0.3,-0.6,0
194.603015399986,0,0,19,0,0,0.028,-0.015,-1.001,0.3,-0.6,0
194.613015399986,0,0,19,0,0,0.028,-0.015,-1.001,0.3,-0.6,0
194.623015399986,0,0,19,0,0,0.028,-0.015,-1.001,0.3,-0.6,0
194.633015399986,0,0,19,0,0,0.028,-0.015,-1.001,0.3,-0.6,0
194.643015399986,0,0,19,0,0,0.028,-0.016,-1.001,0.3,-0.6,0
194.653015399986,0,0,19,0,0,0.028,-0.016,-1.001,0.3,-0.6,0
194.663015399986,0,0,19,0,0,0.028,-0.016,-1.001,0.3,-0.6,0
194.673015399986,0,0,19,0,0,0.028,-0.016,-1.001,0.3,-0.6,0
194.683015399986,0,0,19,0,0,0.028,-0.016,-1.001,0.3,-0.6,0
194.693015399986,0,0,19,0,0,0.028,-0.015,-1,0.3,-0.6,0
194.703015399986,0,0,19,0,0,0.028,-0.015,-1,0.3,-0.6,0
194.713015399986,0,0,19,0,0,0.028,-0.015,-1,0.3,-0.6,0
194.723015399986,0,0,19,0,0,0.028,-0.015,-1,0.3,-0.6,0
194.733015399986,0,0,19,0,0,0.028,-0.015,-1,0.3,-0.6,0
194.743015399986,0,0,19,0,0,0.028,-0.015,-1.001,0.3,-0.5,0
194.753015399986,0,0,19,0,0,0.028,-0.015,-1.001,0.3,-0.5,0
194.763015399986,0,0,19,0,0,0.028,-0.015,-1.001,0.3,-0.5,0
194.773015399986,0,0,19,0,0,0.028,-0.015,-1.001,0.3,-0.5,0
194.783015399986,0,0,19,0,0,0.028,-0.015,-1.001,0.3,-0.5,0
194.793015399986,0,0,19,0,0,0.028,-0.015,-1.001,0.3,-0.5,0.1
194.803015399986,0,0,19,0,0,0.028,-0.015,-1.001,0.3,-0.5,0.1
194.813015399986,0,0,19,0,0,0.028,-0.015,-1.001,0.3,-0.5,0.1
194.823015399986,0,0,19,0,0,0.028,-0.015,-1.001,0.3,-0.5,0.1
194.833015399986,0,0,19,0,0,0.028,-0.015,-1.001,0.3,-0.5,0.1
194.843015399986,0,0.01,19,0,0,0.027,-0.013,-1.001,0.3,-0.6,0
194.853015399986,0,0.01,19,0,0,0.027,-0.013,-1.001,0.3,-0.6,0
194.863015399986,0,0.01,19,0,0,0.027,-0.013,-1.001,0.3,-0.6,0
194.873015399986,0,0.01,19,0,0,0.027,-0.013,-1.001,0.3,-0.6,0
194.883015399986,0,0.01,19,0,0,0.027,-0.013,-1.001,0.3,-0.6,0
194.893015399986,0,0,19,0,0,0.029,-0.016,-1.002,0.3,-0.6,0
194.903015399986,0,0,19,0,0,0.029,-0.016,-1.002,0.3,-0.6,0
194.913015399986,0,0,19,0,0,0.029,-0.016,-1.002,0.3,-0.6,0
194.923015399986,0,0,19,0,0,0.029,-0.016,-1.002,0.3,-0.6,0
194.933015399986,0,0,19,0,0,0.029,-0.016,-1.002,0.3,-0.6,0
194.943015399986,0,0,19,0,0,0.027,-0.015,-1.001,0.3,-0.6,0
194.953015399986,0,0,19,0,0,0.027,-0.015,-1.001,0.3,-0.6,0
194.963015399986,0,0,19,0,0,0.027,-0.015,-1.001,0.3,-0.6,0
194.973015399986,0,0,19,0,0,0.027,-0.015,-1.001,0.3,-0.6,0
194.983015399986,0,0,19,0,0,0.027,-0.015,-1.001,0.3,-0.6,0
194.993015399986,0,0.01,19,0,0,0.029,-0.015,-1.001,0.3,-0.5,0
195.003015399986,0,0.01,19,0,0,0.029,-0.015,-1.001,0.3,-0.5,0
195.013015399986,0,0.01,19,0,0,0.029,-0.015,-1.001,0.3,-0.5,0
195.023015399986,0,0.01,19,0,0,0.029,-0.015,-1.001,0.3,-0.5,0
195.033015399986,0,0.01,19,0,0,0.029,-0.015,-1.001,0.3,-0.5,0
195.043015399986,0,0.19,29,0,0,-0.016,-1,0.003,-0.6,0.1,0
195.053015399986,0,0.19,29,0,0,-0.016,-1,0.003,-0.6,0.1,0
195.063015399986,0,0.19,29,0,0,-0.016,-1,0.003,-0.6,0.1,0
195.073015399986,0,0.19,29,0,0,-0.016,-1,0.003,-0.6,0.1,0
195.083015399986,0,0.19,29,0,0,-0.016,-1,0.003,-0.6,0.1,0
195.093015399986,0,0.01,19,0,0,0.028,-0.016,-1.001,0.3,-0.6,0
195.103015399986,0,0.01,19,0,0,0.028,-0.016,-1.001,0.3,-0.6,0
195.113015399986,0,0.01,19,0,0,0.028,-0.016,-1.001,0.3,-0.6,0
195.123015399986,0,0.01,19,0,0,0.028,-0.016,-1.001,0.3,-0.6,0
195.133015399986,0,0.01,19,0,0,0.028,-0.016,-1.001,0.3,-0.6,0
195.143015399986,0,0,19,0,0,0.027,-0.015,-1.001,0.3,-0.5,0
195.153015399986,0,0,19,0,0,0.027,-0.015,-1.001,0.3,-0.5,0
195.163015399986,0,0,19,0,0,0.027,-0.015,-1.001,0.3,-0.5,0
195.173015399986,0,0,19,0,0,0.027,-0.015,-1.001,0.3,-0.5,0
195.183015399986,0,0,19,0,0,0.027,-0.015,-1.001,0.3,-0.5,0
195.193015399986,0,0,19,0,0,0.027,-0.015,-1.001,0.3,-0.6,0
195.203015399986,0,0,19,0,0,0.027,-0.015,-1.001,0.3,-0.6,0
195.213015399986,0,0,19,0,0,0.027,-0.015,-1.001,0.3,-0.6,0
195.223015399986,0,0,19,0,0,0.027,-0.015,-1.001,0.3,-0.6,0
195.233015399986,0,0,19,0,0,0.027,-0.015,-1.001,0.3,-0.6,0
195.243015399986,0,0.01,19,0,0,0.028,-0.015,-1.001,0.3,-0.6,0
195.253015399986,0,0.01,19,0,0,0.028,-0.015,-1.001,0.3,-0.6,0
195.263015399986,0,0.01,19,0,0,0.028,-0.015,-1.001,0.3,-0.6,0
195.273015399986,0,0.01,19,0,0,0.028,-0.015,-1.001,0.3,-0.6,0
195.283015399986,0,0.01,19,0,0,0.028,-0.015,-1.001,0.3,-0.6,0
195.293015399986,0,0,19,0,0,0.027,-0.015,-1,0.3,-0.6,0
195.303015399986,0,0,19,0,0,0.027,-0.015,-1,0.3,-0.6,0
195.313015399986,0,0,19,0,0,0.027,-0.015,-1,0.3,-0.6,0
195.323015399986,0,0,19,0,0,0.027,-0.015,-1,0.3,-0.6,0
195.333015399986,0,0,19,0,0,0.027,-0.015,-1,0.3,-0.6,0
195.343015399986,0,0,19,0,0,0.028,-0.015,-1.001,0.3,-0.6,0
195.353015399986,0,0,19,0,0,0.028,-0.015,-1.001,0.3,-0.6,0
195.363015399986,0,0,19,0,0,0.028,-0.015,-1.001,0.3,-0.6,0
195.373015399986,0,0,19,0,0,0.028,-0.015,-1.001,0.3,-0.6,0
195.383015399986,0,0,19,0,0,0.028,-0.015,-1.001,0.3,-0.6,0
195.393015399986,0,0,19,0,0,0.028,-0.015,-1.002,0.3,-0.6,0
195.403015399986,0,0,19,0,0,0.028,-0.015,-1.002,0.3,-0.6,0
195.413015399986,0,0,19,0,0,0.028,-0.015,-1.002,0.3,-0.6,0
195.423015399986,0,0,19,0,0,0.028,-0.015,-1.002,0.3,-0.6,0
195.433015399986,0,0,19,0,0,0.028,-0.015,-1.002,0.3,-0.6,0
195.443015399986,0,0.01,19,0,0,0.028,-0.015,-1.001,0.3,-0.6,0
195.453015399986,0,0.01,19,0,0,0.028,-0.015,-1.001,0.3,-0.6,0
195.463015399986,0,0.01,19,0,0,0.028,-0.015,-1.001,0.3,-0.6,0
195.473015399986,0,0.01,19,0,0,0.028,-0.015,-1.001,0.3,-0.6,0
195.483015399986,0,0.01,19,0,0,0.028,-0.015,-1.001,0.3,-0.6,0
195.493015399986,0,0,19,0,0,0.029,-0.016,-1.001,0.3,-0.6,0
195.503015399986,0,0,19,0,0,0.029,-0.016,-1.001,0.3,-0.6,0
195.513015399986,0,0,19,0,0,0.029,-0.016,-1.001,0.3,-0.6,0
195.523015399986,0,0,19,0,0,0.029,-0.016,-1.001,0.3,-0.6,0
195.533015399986,0,0,19,0,0,0.029,-0.016,-1.001,0.3,-0.6,0
195.543015399986,0,0,19,0,0,0.027,-0.013,-1.002,0.3,-0.6,0
195.553015399986,0,0,19,0,0,0.027,-0.013,-1.002,0.3,-0.6,0
195.563015399986,0,0,19,0,0,0.027,-0.013,-1.002,0.3,-0.6,0
195.573015399986,0,0,19,0,0,0.027,-0.013,-1.002,0.3,-0.6,0
195.583015399986,0,0,19,0,0,0.027,-0.013,-1.002,0.3,-0.6,0
195.593015399986,0,0.01,19,0,0,0.028,-0.016,-1.001,0.3,-0.6,0
195.603015399986,0,0.01,19,0,0,0.028,-0.016,-1.001,0.3,-0.6,0
195.613015399986,0,0.01,19,0,0,0.028,-0.016,-1.001,0.3,-0.6,0
195.623015399986,0,0.01,19,0,0,0.028,-0.016,-1.001,0.3,-0.6,0
195.633015399986,0,0.01,19,0,0,0.028,-0.016,-1.001,0.3,-0.6,0
195.643015399986,0,0,19,0,0,0.028,-0.015,-1.001,0.3,-0.5,0
195.653015399986,0,0,19,0,0,0.028,-0.015,-1.001,0.3,-0.5,0
195.663015399986,0,0,19,0,0,0.028,-0.015,-1.001,0.3,-0.5,0
195.673015399986,0,0,19,0,0,0.028,-0.015,-1.001,0.3,-0.5,0
195.683015399986,0,0,19,0,0,0.028,-0.015,-1.001,0.3,-0.5,0
195.693015399986,0,0.01,19,0,0,0.028,-0.014,-1.002,0.3,-0.6,0
195.703015399986,0,0.01,19,0,0,0.028,-0.014,-1.002,0.3,-0.6,0
195.713015399986,0,0.01,19,0,0,0.028,-0.014,-1.002,0.3,-0.6,0
195.723015399986,0,0.01,19,0,0,0.028,-0.014,-1.002,0.3,-0.6,0
195.733015399986,0,0.01,19,0,0,0.028,-0.014,-1.002,0.3,-0.6,0
195.743015399986,0,0,19,0,0,0.028,-0.016,-1.002,0.3,-0.6,0.1
195.753015399986,0,0,19,0,0,0.028,-0.016,-1.002,0.3,-0.6,0.1
195.763015399986,0,0,19,0,0,0.028,-0.016,-1.002,0.3,-0.6,0.1
195.773015399986,0,0,19,0,0,0.028,-0.016,-1.002,0.3,-0.6,0.1
195.783015399986,0,0,19,0,0,0.028,-0.016,-1.002,0.3,-0.6,0.1
195.793015399986,0,0,19,0,0,0.027,-0.016,-1.001,0.3,-0.6,0
195.803015399986,0,0,19,0,0,0.027,-0.016,-1.001,0.3,-0.6,0
195.813015399986,0,0,19,0,0,0.027,-0.016,-1.001,0.3,-0.6,0
195.823015399986,0,0,19,0,0,0.027,-0.016,-1.001,0.3,-0.6,0
195.833015399986,0,0,19,0,0,0.027,-0.016,-1.001,0.3,-0.6,0
195.843015399986,0,0,19,0,0,0.028,-0.014,-1.002,0.2,-0.5,0
195.853015399986,0,0,19,0,0,0.028,-0.014,-1.002,0.2,-0.5,0
195.863015399986,0,0,19,0,0,0.028,-0.014,-1.002,0.2,-0.5,0
195.873015399986,0,0,19,0,0,0.028,-0.014,-1.002,0.2,-0.5,0
195.883015399986,0,0,19,0,0,0.028,-0.014,-1.002,0.2,-0.5,0
195.893015399986,0,0,19,0,0,0.027,-0.017,-1.001,0.3,-0.6,0
195.903015399986,0,0,19,0,0,0.027,-0.017,-1.001,0.3,-0.6,0
195.913015399986,0,0,19,0,0,0.027,-0.017,-1.001,0.3,-0.6,0
195.923015399986,0,0,19,0,0,0.027,-0.017,-1.001,0.3,-0.6,0
195.933015399986,0,0,19,0,0,0.027,-0.017,-1.001,0.3,-0.6,0
195.943015399986,0,0,19,0,0,0.026,-0.013,-1.002,0.3,-0.6,0
195.953015399986,0,0,19,0,0,0.026,-0.013,-1.002,0.3,-0.6,0
195.963015399986,0,0,19,0,0,0.026,-0.013,-1.002,0.3,-0.6,0
195.973015399986,0,0,19,0,0,0.026,-0.013,-1.002,0.3,-0.6,0
195.983015399986,0,0,19,0,0,0.026,-0.013,-1.002,0.3,-0.6,0
195.993015399986,0,0,19,0,0,0.029,-0.017,-1.001,0.3,-0.6,0
196.003015399986,0,0,19,0,0,0.029,-0.017,-1.001,0.3,-0.6,0
196.013015399986,0,0,19,0,0,0.029,-0.017,-1.001,0.3,-0.6,0
196.023015399986,0,0,19,0,0,0.029,-0.017,-1.001,0.3,-0.6,0
196.033015399986,0,0,19,0,0,0.029,-0.017,-1.001,0.3,-0.6,0
196.043015399986,0,0,19,0,0,0.027,-0.014,-1.002,0.2,-0.6,0
196.053015399986,0,0,19,0,0,0.027,-0.014,-1.002,0.2,-0.6,0
196.063015399986,0,0,19,0,0,0.027,-0.014,-1.002,0.2,-0.6,0
196.073015399986,0,0,19,0,0,0.027,-0.014,-1.002,0.2,-0.6,0
196.083015399986,0,0,19,0,0,0.027,-0.014,-1.002,0.2,-0.6,0
196.093015399986,0,0,19,0,0,0.028,-0.015,-1.001,0.3,-0.6,0.1
196.103015399986,0,0,19,0,0,0.028,-0.015,-1.001,0.3,-0.6,0.1
196.113015399986,0,0,19,0,0,0.028,-0.015,-1.001,0.3,-0.6,0.1
196.123015399986,0,0,19,0,0,0.028,-0.015,-1.001,0.3,-0.6,0.1
196.133015399986,0,0,19,0,0,0.028,-0.015,-1.001,0.3,-0.6,0.1
196.143015399986,0,0,19,0,0,0.028,-0.015,-1.002,0.3,-0.5,0
196.153015399986,0,0,19,0,0,0.028,-0.015,-1.002,0.3,-0.5,0
196.163015399986,0,0,19,0,0,0.028,-0.015,-1.002,0.3,-0.5,0
196.173015399986,0,0,19,0,0,0.028,-0.015,-1.002,0.3,-0.5,0
196.183015399986,0,0,19,0,0,0.028,-0.015,-1.002,0.3,-0.5,0
196.193015399986,0,0,19,0,0,0.028,-0.015,-1.001,0.3,-0.5,0
196.203015399986,0,0,19,0,0,0.028,-0.015,-1.001,0.3,-0.5,0
196.213015399986,0,0,19,0,0,0.028,-0.015,-1.001,0.3,-0.5,0
196.223015399986,0,0,19,0,0,0.028,-0.015,-1.001,0.3,-0.5,0
196.233015399986,0,0,19,0,0,0.028,-0.015,-1.001,0.3,-0.5,0
196.243015399986,0,0,19,0,0,0.026,-0.016,-1.001,0.3,-0.6,0
196.253015399986,0,0,19,0,0,0.026,-0.016,-1.001,0.3,-0.6,0
196.263015399986,0,0,19,0,0,0.026,-0.016,-1.001,0.3,-0.6,0
196.273015399986,0,0,19,0,0,0.026,-0.016,-1.001,0.3,-0.6,0
196.283015399986,0,0,19,0,0,0.026,-0.016,-1.001,0.3,-0.6,0
196.293015399986,0,0,19,0,0,0.029,-0.013,-1.002,0.3,-0.6,0.1
196.303015399986,0,0,19,0,0,0.029,-0.013,-1.002,0.3,-0.6,0.1
196.313015399986,0,0,19,0,0,0.029,-0.013,-1.002,0.3,-0.6,0.1
196.323015399986,0,0,19,0,0,0.029,-0.013,-1.002,0.3,-0.6,0.1
196.333015399986,0,0,19,0,0,0.029,-0.013,-1.002,0.3,-0.6,0.1
196.343015399986,0,0,19,0,0,0.027,-0.017,-1.002,0.3,-0.5,0.1
196.353015399986,0,0,19,0,0,0.027,-0.017,-1.002,0.3,-0.5,0.1
196.363015399986,0,0,19,0,0,0.027,-0.017,-1.002,0.3,-0.5,0.1
196.373015399986,0,0,19,0,0,0.027,-0.017,-1.002,0.3,-0.5,0.1
196.383015399986,0,0,19,0,0,0.027,-0.017,-1.002,0.3,-0.5,0.1
196.393015399986,0,0.01,19,0,0,0.028,-0.012,-1.001,0.2,-0.6,0
196.403015399986,0,0.01,19,0,0,0.028,-0.012,-1.001,0.2,-0.6,0
196.413015399986,0,0.01,19,0,0,0.028,-0.012,-1.001,0.2,-0.6,0
196.423015399986,0,0.01,19,0,0,0.028,-0.012,-1.001,0.2,-0.6,0
196.433015399986,0,0.01,19,0,0,0.028,-0.012,-1.001,0.2,-0.6,0
196.443015399986,0,0,19,0,0,0.029,-0.016,-1.001,0.3,-0.5,0
196.453015399986,0,0,19,0,0,0.029,-0.016,-1.001,0.3,-0.5,0
196.463015399986,0,0,19,0,0,0.029,-0.016,-1.001,0.3,-0.5,0
196.473015399986,0,0,19,0,0,0.029,-0.016,-1.001,0.3,-0.5,0
196.483015399986,0,0,19,0,0,0.029,-0.016,-1.001,0.3,-0.5,0
196.493015399986,0,0,19,0,0,0.028,-0.015,-1.002,0.3,-0.6,0
196.503015399986,0,0,19,0,0,0.028,-0.015,-1.002,0.3,-0.6,0
196.513015399986,0,0,19,0,0,0.028,-0.015,-1.002,0.3,-0.6,0
196.523015399986,0,0,19,0,0,0.028,-0.015,-1.002,0.3,-0.6,0
196.533015399986,0,0,19,0,0,0.028,-0.015,-1.002,0.3,-0.6,0
196.543015399986,0,0.01,19,0,0,0.028,-0.015,-1.001,0.4,-0.5,0
196.553015399986,0,0.01,19,0,0,0.028,-0.015,-1.001,0.4,-0.5,0
196.563015399986,0,0.01,19,0,0,0.028,-0.015,-1.001,0.4,-0.5,0
196.573015399986,0,0.01,19,0,0,0.028,-0.015,-1.001,0.4,-0.5,0
196.583015399986,0,0.01,19,0,0,0.028,-0.015,-1.001,0.4,-0.5,0
196.593015399986,0,0,19,0,0,0.027,-0.014,-1.002,0.3,-0.6,0
196.603015399986,0,0,19,0,0,0.027,-0.014,-1.002,0.3,-0.6,0
196.613015399986,0,0,19,0,0,0.027,-0.014,-1.002,0.3,-0.6,0
196.623015399986,0,0,19,0,0,0.027,-0.014,-1.002,0.3,-0.6,0
196.633015399986,0,0,19,0,0,0.027,-0.014,-1.002,0.3,-0.6,0
196.643015399986,0,0,19,0,0,0.027,-0.015,-1.001,0.3,-0.6,0
196.653015399986,0,0,19,0,0,0.027,-0.015,-1.001,0.3,-0.6,0
196.663015399986,0,0,19,0,0,0.027,-0.015,-1.001,0.3,-0.6,0
196.673015399986,0,0,19,0,0,0.027,-0.015,-1.001,0.3,-0.6,0
196.683015399986,0,0,19,0,0,0.027,-0.015,-1.001,0.3,-0.6,0
196.693015399986,0,0,19,0,0,0.027,-0.014,-1.002,0.3,-0.6,0
196.703015399986,0,0,19,0,0,0.027,-0.014,-1.002,0.3,-0.6,0
196.713015399986,0,0,19,0,0,0.027,-0.014,-1.002,0.3,-0.6,0
196.723015399986,0,0,19,0,0,0.027,-0.014,-1.002,0.3,-0.6,0
196.733015399986,0,0,19,0,0,0.027,-0.014,-1.002,0.3,-0.6,0
196.743015399986,0,0,19,0,0,0.029,-0.016,-1.002,0.3,-0.6,0
196.753015399986,0,0,19,0,0,0.029,-0.016,-1.002,0.3,-0.6,0
196.763015399986,0,0,19,0,0,0.029,-0.016,-1.002,0.3,-0.6,0
196.773015399986,0,0,19,0,0,0.029,-0.016,-1.002,0.3,-0.6,0
196.783015399986,0,0,19,0,0,0.029,-0.016,-1.002,0.3,-0.6,0
196.793015399986,0,0,19,0,0,0.026,-0.014,-1.001,0.3,-0.6,0
196.803015399986,0,0,19,0,0,0.026,-0.014,-1.001,0.3,-0.6,0
196.813015399986,0,0,19,0,0,0.026,-0.014,-1.001,0.3,-0.6,0
196.823015399986,0,0,19,0,0,0.026,-0.014,-1.001,0.3,-0.6,0
196.833015399986,0,0,19,0,0,0.026,-0.014,-1.001,0.3,-0.6,0
196.843015399986,0,0,19,0,0,0.029,-0.015,-1.001,0.3,-0.5,0.1
196.853015399986,0,0,19,0,0,0.029,-0.015,-1.001,0.3,-0.5,0.1
196.863015399986,0,0,19,0,0,0.029,-0.015,-1.001,0.3,-0.5,0.1
196.873015399986,0,0,19,0,0,0.029,-0.015,-1.001,0.3,-0.5,0.1
196.883015399986,0,0,19,0,0,0.029,-0.015,-1.001,0.3,-0.5,0.1
196.893015399986,0,0,19,0,0,0.028,-0.015,-1.002,0.3,-0.6,0
196.903015399986,0,0,19,0,0,0.028,-0.015,-1.002,0.3,-0.6,0
196.913015399986,0,0,19,0,0,0.028,-0.015,-1.002,0.3,-0.6,0
196.923015399986,0,0,19,0,0,0.028,-0.015,-1.002,0.3,-0.6,0
196.933015399986,0,0,19,0,0,0.028,-0.015,-1.002,0.3,-0.6,0
196.943015399986,0,0,19,0,0,0.028,-0.014,-1.001,0.3,-0.6,0
196.953015399986,0,0,19,0,0,0.028,-0.014,-1.001,0.3,-0.6,0
196.963015399986,0,0,19,0,0,0.028,-0.014,-1.001,0.3,-0.6,0
196.973015399986,0,0,19,0,0,0.028,-0.014,-1.001,0.3,-0.6,0
196.983015399986,0,0,19,0,0,0.028,-0.014,-1.001,0.3,-0.6,0
196.993015399986,0,0,19,0,0,0.027,-0.014,-1.002,0.3,-0.6,0
197.003015399986,0,0,19,0,0,0.027,-0.014,-1.002,0.3,-0.6,0
197.013015399986,0,0,19,0,0,0.027,-0.014,-1.002,0.3,-0.6,0
197.023015399986,0,0,19,0,0,0.027,-0.014,-1.002,0.3,-0.6,0
197.033015399986,0,0,19,0,0,0.027,-0.014,-1.002,0.3,-0.6,0
197.043015399986,0,0,19,0,0,0.028,-0.016,-1.001,0.3,-0.5,0
197.053015399986,0,0,19,0,0,0.028,-0.016,-1.001,0.3,-0.5,0
197.063015399986,0,0,19,0,0,0.028,-0.016,-1.001,0.3,-0.5,0
197.073015399986,0,0,19,0,0,0.028,-0.016,-1.001,0.3,-0.5,0
197.083015399986,0,0,19,0,0,0.028,-0.016,-1.001,0.3,-0.5,0
197.093015399986,0,0,19,0,0,0.028,-0.014,-1.002,0.3,-0.5,0
197.103015399986,0,0,19,0,0,0.028,-0.014,-1.002,0.3,-0.5,0
197.113015399986,0,0,19,0,0,0.028,-0.014,-1.002,0.3,-0.5,0
197.123015399986,0,0,19,0,0,0.028,-0.014,-1.002,0.3,-0.5,0
197.133015399986,0,0,19,0,0,0.028,-0.014,-1.002,0.3,-0.5,0
197.143015399986,0,0,19,0,0,0.028,-0.017,-1,0.3,-0.6,0
197.153015399985,0,0,19,0,0,0.028,-0.017,-1,0.3,-0.6,0
197.163015399986,0,0,19,0,0,0.028,-0.017,-1,0.3,-0.6,0
197.173015399986,0,0,19,0,0,0.028,-0.017,-1,0.3,-0.6,0
197.183015399985,0,0,19,0,0,0.028,-0.017,-1,0.3,-0.6,0
197.193015399985,0,0,19,0,0,0.029,-0.013,-1.001,0.2,-0.6,0
197.203015399985,0,0,19,0,0,0.029,-0.013,-1.001,0.2,-0.6,0
197.213015399985,0,0,19,0,0,0.029,-0.013,-1.001,0.2,-0.6,0
197.223015399985,0,0,19,0,0,0.029,-0.013,-1.001,0.2,-0.6,0
197.233015399985,0,0,19,0,0,0.029,-0.013,-1.001,0.2,-0.6,0
197.243015399985,0,0,19,0,0,0.028,-0.015,-1.001,0.3,-0.6,0
197.253015399985,0,0,19,0,0,0.028,-0.015,-1.001,0.3,-0.6,0
197.263015399985,0,0,19,0,0,0.028,-0.015,-1.001,0.3,-0.6,0
197.273015399985,0,0,19,0,0,0.028,-0.015,-1.001,0.3,-0.6,0
197.283015399985,0,0,19,0,0,0.028,-0.015,-1.001,0.3,-0.6,0
197.293015399985,0,0,19,0,0,0.028,-0.017,-1.001,0.3,-0.6,0
197.303015399985,0,0,19,0,0,0.028,-0.017,-1.001,0.3,-0.6,0
197.313015399985,0,0,19,0,0,0.028,-0.017,-1.001,0.3,-0.6,0
197.323015399985,0,0,19,0,0,0.028,-0.017,-1.001,0.3,-0.6,0
197.333015399985,0,0,19,0,0,0.028,-0.017,-1.001,0.3,-0.6,0
197.343015399985,0,0,19,0,0,0.027,-0.013,-1.002,0.3,-0.6,0
197.353015399985,0,0,19,0,0,0.027,-0.013,-1.002,0.3,-0.6,0
197.363015399985,0,0,19,0,0,0.027,-0.013,-1.002,0.3,-0.6,0
197.373015399985,0,0,19,0,0,0.027,-0.013,-1.002,0.3,-0.6,0
197.383015399985,0,0,19,0,0,0.027,-0.013,-1.002,0.3,-0.6,0
197.393015399985,0,0,19,0,0,0.028,-0.016,-1.001,0.3,-0.6,0
197.403015399985,0,0,19,0,0,0.028,-0.016,-1.001,0.3,-0.6,0
197.413015399985,0,0,19,0,0,0.028,-0.016,-1.001,0.3,-0.6,0
197.423015399985,0,0,19,0,0,0.028,-0.016,-1.001,0.3,-0.6,0
197.433015399985,0,0,19,0,0,0.028,-0.016,-1.001,0.3,-0.6,0
197.443015399985,0,0,19,0,0,0.028,-0.016,-1.001,0.2,-0.5,0
197.453015399985,0,0,19,0,0,0.028,-0.016,-1.001,0.2,-0.5,0
197.463015399985,0,0,19,0,0,0.028,-0.016,-1.001,0.2,-0.5,0
197.473015399985,0,0,19,0,0,0.028,-0.016,-1.001,0.2,-0.5,0
197.483015399985,0,0,19,0,0,0.028,-0.016,-1.001,0.2,-0.5,0
197.493015399985,0,0,19,0,0,0.029,-0.014,-1.001,0.3,-0.6,0
197.503015399985,0,0,19,0,0,0.029,-0.014,-1.001,0.3,-0.6,0
197.513015399985,0,0,19,0,0,0.029,-0.014,-1.001,0.3,-0.6,0
197.523015399985,0,0,19,0,0,0.029,-0.014,-1.001,0.3,-0.6,0
197.533015399985,0,0,19,0,0,0.029,-0.014,-1.001,0.3,-0.6,0
197.543015399985,0,0,19,0,0,0.028,-0.016,-1.001,0.3,-0.6,0
197.553015399985,0,0,19,0,0,0.028,-0.016,-1.001,0.3,-0.6,0
197.563015399985,0,0,19,0,0,0.028,-0.016,-1.001,0.3,-0.6,0
197.573015399985,0,0,19,0,0,0.028,-0.016,-1.001,0.3,-0.6,0
197.583015399985,0,0,19,0,0,0.028,-0.016,-1.001,0.3,-0.6,0
197.593015399985,0,0,19,0,0,0.028,-0.015,-1.001,0.3,-0.6,0
197.603015399985,0,0,19,0,0,0.028,-0.015,-1.001,0.3,-0.6,0
197.613015399985,0,0,19,0,0,0.028,-0.015,-1.001,0.3,-0.6,0
197.623015399985,0,0,19,0,0,0.028,-0.015,-1.001,0.3,-0.6,0
197.633015399985,0,0,19,0,0,0.028,-0.015,-1.001,0.3,-0.6,0
197.643015399985,0,0.01,19,0,0,0.029,-0.015,-1.001,0.3,-0.6,0
197.653015399985,0,0.01,19,0,0,0.029,-0.015,-1.001,0.3,-0.6,0
197.663015399985,0,0.01,19,0,0,0.029,-0.015,-1.001,0.3,-0.6,0
197.673015399985,0,0.01,19,0,0,0.029,-0.015,-1.001,0.3,-0.6,0
197.683015399985,0,0.01,19,0,0,0.029,-0.015,-1.001,0.3,-0.6,0
197.693015399985,0,0,19,0,0,0.027,-0.016,-1.001,0.4,-0.6,0
197.703015399985,0,0,19,0,0,0.027,-0.016,-1.001,0.4,-0.6,0
197.713015399985,0,0,19,0,0,0.027,-0.016,-1.001,0.4,-0.6,0
197.723015399985,0,0,19,0,0,0.027,-0.016,-1.001,0.4,-0.6,0
197.733015399985,0,0,19,0,0,0.027,-0.016,-1.001,0.4,-0.6,0
197.743015399985,0,0,19,0,0,0.028,-0.015,-1.002,0.3,-0.5,0
197.753015399985,0,0,19,0,0,0.028,-0.015,-1.002,0.3,-0.5,0
197.763015399985,0,0,19,0,0,0.028,-0.015,-1.002,0.3,-0.5,0
197.773015399985,0,0,19,0,0,0.028,-0.015,-1.002,0.3,-0.5,0
197.783015399985,0,0,19,0,0,0.028,-0.015,-1.002,0.3,-0.5,0
197.793015399985,0,0,19,0,0,0.028,-0.015,-1.001,0.3,-0.6,0
197.803015399985,0,0,19,0,0,0.028,-0.015,-1.001,0.3,-0.6,0
197.813015399985,0,0,19,0,0,0.028,-0.015,-1.001,0.3,-0.6,0
197.823015399985,0,0,19,0,0,0.028,-0.015,-1.001,0.3,-0.6,0
197.833015399985,0,0,19,0,0,0.028,-0.015,-1.001,0.3,-0.6,0
197.843015399985,0,0,19,0,0,0.028,-0.015,-1.002,0.3,-0.6,0.1
197.853015399985,0,0,19,0,0,0.028,-0.015,-1.002,0.3,-0.6,0.1
197.863015399985,0,0,19,0,0,0.028,-0.015,-1.002,0.3,-0.6,0.1
197.873015399985,0,0,19,0,0,0.028,-0.015,-1.002,0.3,-0.6,0.1
197.883015399985,0,0,19,0,0,0.028,-0.015,-1.002,0.3,-0.6,0.1
197.893015399985,0,0,19,0,0,0.028,-0.014,-1.001,0.3,-0.6,0
197.903015399985,0,0,19,0,0,0.028,-0.014,-1.001,0.3,-0.6,0
197.913015399985,0,0,19,0,0,0.028,-0.014,-1.001,0.3,-0.6,0
197.923015399985,0,0,19,0,0,0.028,-0.014,-1.001,0.3,-0.6,0
197.933015399985,0,0,19,0,0,0.028,-0.014,-1.001,0.3,-0.6,0
197.943015399985,0,0,19,0,0,0.028,-0.016,-1.002,0.3,-0.6,0
197.953015399985,0,0,19,0,0,0.028,-0.016,-1.002,0.3,-0.6,0
197.963015399985,0,0,19,0,0,0.028,-0.016,-1.002,0.3,-0.6,0
197.973015399985,0,0,19,0,0,0.028,-0.016,-1.002,0.3,-0.6,0
197.983015399985,0,0,19,0,0,0.028,-0.016,-1.002,0.3,-0.6,0
197.993015399985,0,0,19,0,0,0.028,-0.015,-1.002,0.3,-0.6,0
198.003015399985,0,0,19,0,0,0.028,-0.015,-1.002,0.3,-0.6,0
198.013015399985,0,0,19,0,0,0.028,-0.015,-1.002,0.3,-0.6,0
198.023015399985,0,0,19,0,0,0.028,-0.015,-1.002,0.3,-0.6,0
198.033015399985,0,0,19,0,0,0.028,-0.015,-1.002,0.3,-0.6,0
198.043015399985,0,0,19,0,0,0.027,-0.014,-1.001,0.3,-0.6,0
198.053015399985,0,0,19,0,0,0.027,-0.014,-1.001,0.3,-0.6,0
198.063015399985,0,0,19,0,0,0.027,-0.014,-1.001,0.3,-0.6,0
198.073015399985,0,0,19,0,0,0.027,-0.014,-1.001,0.3,-0.6,0
198.083015399985,0,0,19,0,0,0.027,-0.014,-1.001,0.3,-0.6,0
198.093015399985,0,0,19,0,0,0.028,-0.016,-1,0.3,-0.6,0
198.103015399985,0,0,19,0,0,0.028,-0.016,-1,0.3,-0.6,0
198.113015399985,0,0,19,0,0,0.028,-0.016,-1,0.3,-0.6,0
198.123015399985,0,0,19,0,0,0.028,-0.016,-1,0.3,-0.6,0
198.133015399985,0,0,19,0,0,0.028,-0.016,-1,0.3,-0.6,0
198.143015399985,0,0,19,0,0,0.028,-0.014,-1.002,0.3,-0.6,0.1
198.153015399985,0,0,19,0,0,0.028,-0.014,-1.002,0.3,-0.6,0.1
198.163015399985,0,0,19,0,0,0.028,-0.014,-1.002,0.3,-0.6,0.1
198.173015399985,0,0,19,0,0,0.028,-0.014,-1.002,0.3,-0.6,0.1
198.183015399985,0,0,19,0,0,0.028,-0.014,-1.002,0.3,-0.6,0.1
198.193015399985,0,0,19,0,0,0.028,-0.015,-1.001,0.3,-0.5,0
198.203015399985,0,0,19,0,0,0.028,-0.015,-1.001,0.3,-0.5,0
198.213015399985,0,0,19,0,0,0.028,-0.015,-1.001,0.3,-0.5,0
198.223015399985,0,0,19,0,0,0.028,-0.015,-1.001,0.3,-0.5,0
198.233015399985,0,0,19,0,0,0.028,-0.015,-1.001,0.3,-0.5,0
198.243015399985,0,0,19,0,0,0.027,-0.015,-1.002,0.3,-0.4,0
198.253015399985,0,0,19,0,0,0.027,-0.015,-1.002,0.3,-0.4,0
198.263015399985,0,0,19,0,0,0.027,-0.015,-1.002,0.3,-0.4,0
198.273015399985,0,0,19,0,0,0.027,-0.015,-1.002,0.3,-0.4,0
198.283015399985,0,0,19,0,0,0.027,-0.015,-1.002,0.3,-0.4,0
198.293015399985,0,0,19,0,0,0.028,-0.014,-1.002,0.3,-0.6,0
198.303015399985,0,0,19,0,0,0.028,-0.014,-1.002,0.3,-0.6,0
198.313015399985,0,0,19,0,0,0.028,-0.014,-1.002,0.3,-0.6,0
198.323015399985,0,0,19,0,0,0.028,-0.014,-1.002,0.3,-0.6,0
198.333015399985,0,0,19,0,0,0.028,-0.014,-1.002,0.3,-0.6,0
198.343015399985,0,0.01,19,0,0,0.028,-0.016,-1.002,0.3,-0.6,0
198.353015399985,0,0.01,19,0,0,0.028,-0.016,-1.002,0.3,-0.6,0
198.363015399985,0,0.01,19,0,0,0.028,-0.016,-1.002,0.3,-0.6,0
198.373015399985,0,0.01,19,0,0,0.028,-0.016,-1.002,0.3,-0.6,0
198.383015399985,0,0.01,19,0,0,0.028,-0.016,-1.002,0.3,-0.6,0
198.393015399985,0,0,19,0,0,0.028,-0.014,-1.001,0.3,-0.6,0
198.403015399985,0,0,19,0,0,0.028,-0.014,-1.001,0.3,-0.6,0
198.413015399985,0,0,19,0,0,0.028,-0.014,-1.001,0.3,-0.6,0
198.423015399985,0,0,19,0,0,0.028,-0.014,-1.001,0.3,-0.6,0
198.433015399985,0,0,19,0,0,0.028,-0.014,-1.001,0.3,-0.6,0
198.443015399985,0,0,19,0,0,0.027,-0.015,-1,0.3,-0.6,0
198.453015399985,0,0,19,0,0,0.027,-0.015,-1,0.3,-0.6,0
198.463015399985,0,0,19,0,0,0.027,-0.015,-1,0.3,-0.6,0
198.473015399985,0,0,19,0,0,0.027,-0.015,-1,0.3,-0.6,0
198.483015399985,0,0,19,0,0,0.027,-0.015,-1,0.3,-0.6,0
198.493015399985,0,0.01,19,0,0,0.028,-0.015,-1.002,0.3,-0.6,0
198.503015399985,0,0.01,19,0,0,0.028,-0.015,-1.002,0.3,-0.6,0
198.513015399985,0,0.01,19,0,0,0.028,-0.015,-1.002,0.3,-0.6,0
198.523015399985,0,0.01,19,0,0,0.028,-0.015,-1.002,0.3,-0.6,0
198.533015399985,0,0.01,19,0,0,0.028,-0.015,-1.002,0.3,-0.6,0
198.543015399985,0,0,19,0,0,0.028,-0.016,-1.001,0.3,-0.6,0
198.553015399985,0,0,19,0,0,0.028,-0.016,-1.001,0.3,-0.6,0
198.563015399985,0,0,19,0,0,0.028,-0.016,-1.001,0.3,-0.6,0
198.573015399985,0,0,19,0,0,0.028,-0.016,-1.001,0.3,-0.6,0
198.583015399985,0,0,19,0,0,0.028,-0.016,-1.001,0.3,-0.6,0
198.593015399985,0,0,19,0,0,0.028,-0.015,-1.001,0.3,-0.6,0
198.603015399985,0,0,19,0,0,0.028,-0.015,-1.001,0.3,-0.6,0
198.613015399985,0,0,19,0,0,0.028,-0.015,-1.001,0.3,-0.6,0
198.623015399985,0,0,19,0,0,0.028,-0.015,-1.001,0.3,-0.6,0
198.633015399985,0,0,19,0,0,0.028,-0.015,-1.001,0.3,-0.6,0
198.643015399985,0,0.01,19,0,0,0.029,-0.015,-1.002,0.3,-0.6,0
198.653015399985,0,0.01,19,0,0,0.029,-0.015,-1.002,0.3,-0.6,0
198.663015399985,0,0.01,19,0,0,0.029,-0.015,-1.002,0.3,-0.6,0
198.673015399985,0,0.01,19,0,0,0.029,-0.015,-1.002,0.3,-0.6,0
198.683015399985,0,0.01,19,0,0,0.029,-0.015,-1.002,0.3,-0.6,0
198.693015399985,0,0,19,0,0,0.029,-0.015,-1.002,0.3,-0.6,0
198.703015399985,0,0,19,0,0,0.029,-0.015,-1.002,0.3,-0.6,0
198.713015399985,0,0,19,0,0,0.029,-0.015,-1.002,0.3,-0.6,0
198.723015399985,0,0,19,0,0,0.029,-0.015,-1.002,0.3,-0.6,0
198.733015399985,0,0,19,0,0,0.029,-0.015,-1.002,0.3,-0.6,0
198.743015399985,0,0,19,0,0,0.027,-0.015,-1.001,0.3,-0.6,0
198.753015399985,0,0,19,0,0,0.027,-0.015,-1.001,0.3,-0.6,0
198.763015399985,0,0,19,0,0,0.027,-0.015,-1.001,0.3,-0.6,0
198.773015399985,0,0,19,0,0,0.027,-0.015,-1.001,0.3,-0.6,0
198.783015399985,0,0,19,0,0,0.027,-0.015,-1.001,0.3,-0.6,0
198.793015399985,0,0.01,19,0,0,0.028,-0.015,-1.001,0.3,-0.6,0
198.803015399985,0,0.01,19,0,0,0.028,-0.015,-1.001,0.3,-0.6,0
198.813015399985,0,0.01,19,0,0,0.028,-0.015,-1.001,0.3,-0.6,0
198.823015399985,0,0.01,19,0,0,0.028,-0.015,-1.001,0.3,-0.6,0
198.833015399985,0,0.01,19,0,0,0.028,-0.015,-1.001,0.3,-0.6,0
198.843015399985,0,0.01,19,0,0,0.028,-0.014,-1.001,0.3,-0.6,0.1
198.853015399985,0,0.01,19,0,0,0.028,-0.014,-1.001,0.3,-0.6,0.1
198.863015399985,0,0.01,19,0,0,0.028,-0.014,-1.001,0.3,-0.6,0.1
198.873015399985,0,0.01,19,0,0,0.028,-0.014,-1.001,0.3,-0.6,0.1
198.883015399985,0,0.01,19,0,0,0.028,-0.014,-1.001,0.3,-0.6,0.1
198.893015399985,0,0,19,0,0,0.029,-0.015,-1.001,0.3,-0.6,0.1
198.903015399985,0,0,19,0,0,0.029,-0.015,-1.001,0.3,-0.6,0.1
198.913015399985,0,0,19,0,0,0.029,-0.015,-1.001,0.3,-0.6,0.1
198.923015399985,0,0,19,0,0,0.029,-0.015,-1.001,0.3,-0.6,0.1
198.933015399985,0,0,19,0,0,0.029,-0.015,-1.001,0.3,-0.6,0.1
198.943015399985,0,0,19,0,0,0.028,-0.015,-1.002,0.3,-0.6,0
198.953015399985,0,0,19,0,0,0.028,-0.015,-1.002,0.3,-0.6,0
198.963015399985,0,0,19,0,0,0.028,-0.015,-1.002,0.3,-0.6,0
198.973015399985,0,0,19,0,0,0.028,-0.015,-1.002,0.3,-0.6,0
198.983015399985,0,0,19,0,0,0.028,-0.015,-1.002,0.3,-0.6,0
198.993015399985,0,0,19,0,0,0.028,-0.015,-1.002,0.3,-0.6,0
199.003015399985,0,0,19,0,0,0.028,-0.015,-1.002,0.3,-0.6,0
199.013015399985,0,0,19,0,0,0.028,-0.015,-1.002,0.3,-0.6,0
199.023015399985,0,0,19,0,0,0.028,-0.015,-1.002,0.3,-0.6,0
199.033015399985,0,0,19,0,0,0.028,-0.015,-1.002,0.3,-0.6,0
199.043015399985,0,0,19,0,0,0.028,-0.017,-1.002,0.3,-0.6,0
199.053015399985,0,0,19,0,0,0.028,-0.017,-1.002,0.3,-0.6,0
199.063015399985,0,0,19,0,0,0.028,-0.017,-1.002,0.3,-0.6,0
199.073015399985,0,0,19,0,0,0.028,-0.017,-1.002,0.3,-0.6,0
199.083015399985,0,0,19,0,0,0.028,-0.017,-1.002,0.3,-0.6,0
199.093015399985,0,0,19,0,0,0.028,-0.015,-1.001,0.3,-0.6,0
199.103015399985,0,0,19,0,0,0.028,-0.015,-1.001,0.3,-0.6,0
199.113015399985,0,0,19,0,0,0.028,-0.015,-1.001,0.3,-0.6,0
199.123015399985,0,0,19,0,0,0.028,-0.015,-1.001,0.3,-0.6,0
199.133015399985,0,0,19,0,0,0.028,-0.015,-1.001,0.3,-0.6,0
199.143015399985,0,0,19,0,0,0.028,-0.015,-1.003,0.3,-0.5,0
199.153015399985,0,0,19,0,0,0.028,-0.015,-1.003,0.3,-0.5,0
199.163015399985,0,0,19,0,0,0.028,-0.015,-1.003,0.3,-0.5,0
199.173015399985,0,0,19,0,0,0.028,-0.015,-1.003,0.3,-0.5,0
199.183015399985,0,0,19,0,0,0.028,-0.015,-1.003,0.3,-0.5,0
199.193015399985,0,0.01,19,0,0,0.028,-0.015,-1.001,0.3,-0.6,0
199.203015399985,0,0.01,19,0,0,0.028,-0.015,-1.001,0.3,-0.6,0
199.213015399985,0,0.01,19,0,0,0.028,-0.015,-1.001,0.3,-0.6,0
199.223015399985,0,0.01,19,0,0,0.028,-0.015,-1.001,0.3,-0.6,0
199.233015399985,0,0.01,19,0,0,0.028,-0.015,-1.001,0.3,-0.6,0
199.243015399985,0,0,19,0,0,0.028,-0.014,-1.002,0.3,-0.6,0
199.253015399985,0,0,19,0,0,0.028,-0.014,-1.002,0.3,-0.6,0
199.263015399985,0,0,19,0,0,0.028,-0.014,-1.002,0.3,-0.6,0
199.273015399985,0,0,19,0,0,0.028,-0.014,-1.002,0.3,-0.6,0
199.283015399985,0,0,19,0,0,0.028,-0.014,-1.002,0.3,-0.6,0
199.293015399985,0,0,19,0,0,0.028,-0.016,-1.001,0.3,-0.6,0
199.303015399985,0,0,19,0,0,0.028,-0.016,-1.001,0.3,-0.6,0
199.313015399985,0,0,19,0,0,0.028,-0.016,-1.001,0.3,-0.6,0
199.323015399985,0,0,19,0,0,0.028,-0.016,-1.001,0.3,-0.6,0
199.333015399985,0,0,19,0,0,0.028,-0.016,-1.001,0.3,-0.6,0
199.343015399985,0,0,19,0,0,0.027,-0.014,-1,0.3,-0.6,0.1
199.353015399985,0,0,19,0,0,0.027,-0.014,-1,0.3,-0.6,0.1
199.363015399985,0,0,19,0,0,0.027,-0.014,-1,0.3,-0.6,0.1
199.373015399985,0,0,19,0,0,0.027,-0.014,-1,0.3,-0.6,0.1
199.383015399985,0,0,19,0,0,0.027,-0.014,-1,0.3,-0.6,0.1
199.393015399985,0,0.01,19,0,0,0.028,-0.014,-1.001,0.3,-0.6,0
199.403015399985,0,0.01,19,0,0,0.028,-0.014,-1.001,0.3,-0.6,0
199.413015399985,0,0.01,19,0,0,0.028,-0.014,-1.001,0.3,-0.6,0
199.423015399985,0,0.01,19,0,0,0.028,-0.014,-1.001,0.3,-0.6,0
199.433015399985,0,0.01,19,0,0,0.028,-0.014,-1.001,0.3,-0.6,0
199.443015399985,0,0,19,0,0,0.028,-0.016,-1.002,0.3,-0.6,0.1
199.453015399985,0,0,19,0,0,0.028,-0.016,-1.002,0.3,-0.6,0.1
199.463015399985,0,0,19,0,0,0.028,-0.016,-1.002,0.3,-0.6,0.1
199.473015399985,0,0,19,0,0,0.028,-0.016,-1.002,0.3,-0.6,0.1
199.483015399985,0,0,19,0,0,0.028,-0.016,-1.002,0.3,-0.6,0.1
199.493015399985,0,0,19,0,0,0.028,-0.015,-1.001,0.3,-0.6,0
199.503015399985,0,0,19,0,0,0.028,-0.015,-1.001,0.3,-0.6,0
199.513015399985,0,0,19,0,0,0.028,-0.015,-1.001,0.3,-0.6,0
199.523015399985,0,0,19,0,0,0.028,-0.015,-1.001,0.3,-0.6,0
199.533015399985,0,0,19,0,0,0.028,-0.015,-1.001,0.3,-0.6,0
199.543015399985,0,0,19,0,0,0.028,-0.014,-1.002,0.3,-0.6,0
199.553015399985,0,0,19,0,0,0.028,-0.014,-1.002,0.3,-0.6,0
199.563015399985,0,0,19,0,0,0.028,-0.014,-1.002,0.3,-0.6,0
199.573015399985,0,0,19,0,0,0.028,-0.014,-1.002,0.3,-0.6,0
199.583015399985,0,0,19,0,0,0.028,-0.014,-1.002,0.3,-0.6,0
199.593015399985,0,0,19,0,0,0.028,-0.014,-1.001,0.3,-0.5,0
199.603015399985,0,0,19,0,0,0.028,-0.014,-1.001,0.3,-0.5,0
199.613015399985,0,0,19,0,0,0.028,-0.014,-1.001,0.3,-0.5,0
199.623015399985,0,0,19,0,0,0.028,-0.014,-1.001,0.3,-0.5,0
199.633015399985,0,0,19,0,0,0.028,-0.014,-1.001,0.3,-0.5,0
199.643015399985,0,0,19,0,0,0.027,-0.015,-1.001,0.3,-0.6,0
199.653015399985,0,0,19,0,0,0.027,-0.015,-1.001,0.3,-0.6,0
199.663015399985,0,0,19,0,0,0.027,-0.015,-1.001,0.3,-0.6,0
199.673015399985,0,0,19,0,0,0.027,-0.015,-1.001,0.3,-0.6,0
199.683015399985,0,0,19,0,0,0.027,-0.015,-1.001,0.3,-0.6,0
199.693015399985,0,0.01,19,0,0,0.028,-0.017,-1.001,0.3,-0.5,0
199.703015399985,0,0.01,19,0,0,0.028,-0.017,-1.001,0.3,-0.5,0
199.713015399985,0,0.01,19,0,0,0.028,-0.017,-1.001,0.3,-0.5,0
199.723015399985,0,0.01,19,0,0,0.028,-0.017,-1.001,0.3,-0.5,0
199.733015399985,0,0.01,19,0,0,0.028,-0.017,-1.001,0.3,-0.5,0
199.743015399985,0,0.01,19,0,0,0.028,-0.014,-1.001,0.2,-0.5,0
199.753015399985,0,0.01,19,0,0,0.028,-0.014,-1.001,0.2,-0.5,0
199.763015399985,0,0.01,19,0,0,0.028,-0.014,-1.001,0.2,-0.5,0
199.773015399985,0,0.01,19,0,0,0.028,-0.014,-1.001,0.2,-0.5,0
199.783015399985,0,0.01,19,0,0,0.028,-0.014,-1.001,0.2,-0.5,0
199.793015399985,0,0.01,19,0,0,0.027,-0.016,-1.002,0.3,-0.6,0
199.803015399985,0,0.01,19,0,0,0.027,-0.016,-1.002,0.3,-0.6,0
199.813015399985,0,0.01,19,0,0,0.027,-0.016,-1.002,0.3,-0.6,0
199.823015399985,0,0.01,19,0,0,0.027,-0.016,-1.002,0.3,-0.6,0
199.833015399985,0,0.01,19,0,0,0.027,-0.016,-1.002,0.3,-0.6,0
199.843015399985,0,0,19,0,0,0.028,-0.015,-1.001,0.3,-0.6,0
199.853015399985,0,0,19,0,0,0.028,-0.015,-1.001,0.3,-0.6,0
199.863015399985,0,0,19,0,0,0.028,-0.015,-1.001,0.3,-0.6,0
199.873015399985,0,0,19,0,0,0.028,-0.015,-1.001,0.3,-0.6,0
199.883015399985,0,0,19,0,0,0.028,-0.015,-1.001,0.3,-0.6,0
199.893015399985,0,0,19,0,0,0.028,-0.014,-1.003,0.3,-0.6,0
199.903015399985,0,0,19,0,0,0.028,-0.014,-1.003,0.3,-0.6,0
199.913015399985,0,0,19,0,0,0.028,-0.014,-1.003,0.3,-0.6,0
199.923015399985,0,0,19,0,0,0.028,-0.014,-1.003,0.3,-0.6,0
199.933015399985,0,0,19,0,0,0.028,-0.014,-1.003,0.3,-0.6,0
199.943015399985,0,0,19,0,0,0.028,-0.015,-1.002,0.3,-0.5,0
199.953015399985,0,0,19,0,0,0.028,-0.015,-1.002,0.3,-0.5,0
199.963015399985,0,0,19,0,0,0.028,-0.015,-1.002,0.3,-0.5,0
199.973015399985,0,0,19,0,0,0.028,-0.015,-1.002,0.3,-0.5,0
199.983015399985,0,0,19,0,0,0.028,-0.015,-1.002,0.3,-0.5,0
199.993015399985,0,0,19,0,0,0.028,-0.014,-1.001,0.3,-0.6,0
200.003015399985,0,0,19,0,0,0.028,-0.014,-1.001,0.3,-0.6,0
200.013015399985,0,0,19,0,0,0.028,-0.014,-1.001,0.3,-0.6,0
200.023015399985,0,0,19,0,0,0.028,-0.014,-1.001,0.3,-0.6,0
200.033015399985,0,0,19,0,0,0.028,-0.014,-1.001,0.3,-0.6,0
200.043015399985,0,0,19,0,0,0.028,-0.016,-1,0.3,-0.6,0
200.053015399985,0,0,19,0,0,0.028,-0.016,-1,0.3,-0.6,0
200.063015399985,0,0,19,0,0,0.028,-0.016,-1,0.3,-0.6,0
200.073015399985,0,0,19,0,0,0.028,-0.016,-1,0.3,-0.6,0
200.083015399985,0,0,19,0,0,0.028,-0.016,-1,0.3,-0.6,0
200.093015399984,0,0,19,0,0,0.028,-0.015,-1.002,0.3,-0.6,0
200.103015399984,0,0,19,0,0,0.028,-0.015,-1.002,0.3,-0.6,0
200.113015399985,0,0,19,0,0,0.028,-0.015,-1.002,0.3,-0.6,0
200.123015399984,0,0,19,0,0,0.028,-0.015,-1.002,0.3,-0.6,0
200.133015399984,0,0,19,0,0,0.028,-0.015,-1.002,0.3,-0.6,0
200.143015399984,0,0,19,0,0,0.028,-0.016,-1.001,0.3,-0.6,0
200.153015399984,0,0,19,0,0,0.028,-0.016,-1.001,0.3,-0.6,0
200.163015399984,0,0,19,0,0,0.028,-0.016,-1.001,0.3,-0.6,0
200.173015399984,0,0,19,0,0,0.028,-0.016,-1.001,0.3,-0.6,0
200.183015399984,0,0,19,0,0,0.028,-0.016,-1.001,0.3,-0.6,0
200.193015399984,0,0.01,19,0,0,0.027,-0.015,-1.001,0.3,-0.6,0
200.203015399984,0,0.01,19,0,0,0.027,-0.015,-1.001,0.3,-0.6,0
200.213015399984,0,0.01,19,0,0,0.027,-0.015,-1.001,0.3,-0.6,0
200.223015399984,0,0.01,19,0,0,0.027,-0.015,-1.001,0.3,-0.6,0
200.233015399984,0,0.01,19,0,0,0.027,-0.015,-1.001,0.3,-0.6,0
200.243015399984,0,0,19,0,0,0.028,-0.015,-1.002,0.3,-0.6,0
200.253015399984,0,0,19,0,0,0.028,-0.015,-1.002,0.3,-0.6,0
200.263015399984,0,0,19,0,0,0.028,-0.015,-1.002,0.3,-0.6,0
200.273015399984,0,0,19,0,0,0.028,-0.015,-1.002,0.3,-0.6,0
200.283015399984,0,0,19,0,0,0.028,-0.015,-1.002,0.3,-0.6,0
200.293015399984,0,0,19,0,0,0.029,-0.014,-1.002,0.3,-0.6,0
200.303015399984,0,0,19,0,0,0.029,-0.014,-1.002,0.3,-0.6,0
200.313015399984,0,0,19,0,0,0.029,-0.014,-1.002,0.3,-0.6,0
200.323015399984,0,0,19,0,0,0.029,-0.014,-1.002,0.3,-0.6,0
200.333015399984,0,0,19,0,0,0.029,-0.014,-1.002,0.3,-0.6,0
200.343015399984,0,0.01,19,0,0,0.028,-0.016,-1.001,0.3,-0.5,0
200.353015399984,0,0.01,19,0,0,0.028,-0.016,-1.001,0.3,-0.5,0
200.363015399984,0,0.01,19,0,0,0.028,-0.016,-1.001,0.3,-0.5,0
200.373015399984,0,0.01,19,0,0,0.028,-0.016,-1.001,0.3,-0.5,0
200.383015399984,0,0.01,19,0,0,0.028,-0.016,-1.001,0.3,-0.5,0
200.393015399984,0,0.01,19,0,0,0.027,-0.016,-1.001,0.3,-0.6,0
200.403015399984,0,0.01,19,0,0,0.027,-0.016,-1.001,0.3,-0.6,0
200.413015399984,0,0.01,19,0,0,0.027,-0.016,-1.001,0.3,-0.6,0
200.423015399984,0,0.01,19,0,0,0.027,-0.016,-1.001,0.3,-0.6,0
200.433015399984,0,0.01,19,0,0,0.027,-0.016,-1.001,0.3,-0.6,0
200.443015399984,0,0,19,0,0,0.027,-0.016,-1,0.3,-0.6,0
200.453015399984,0,0,19,0,0,0.027,-0.016,-1,0.3,-0.6,0
200.463015399984,0,0,19,0,0,0.027,-0.016,-1,0.3,-0.6,0
200.473015399984,0,0,19,0,0,0.027,-0.016,-1,0.3,-0.6,0
200.483015399984,0,0,19,0,0,0.027,-0.016,-1,0.3,-0.6,0
200.493015399984,0,0,19,0,0,0.027,-0.015,-1.001,0.3,-0.6,0
200.503015399984,0,0,19,0,0,0.027,-0.015,-1.001,0.3,-0.6,0
200.513015399984,0,0,19,0,0,0.027,-0.015,-1.001,0.3,-0.6,0
200.523015399984,0,0,19,0,0,0.027,-0.015,-1.001,0.3,-0.6,0
200.533015399984,0,0,19,0,0,0.027,-0.015,-1.001,0.3,-0.6,0
200.543015399984,0,0,19,0,0,0.028,-0.016,-1.001,0.2,-0.6,0
200.553015399984,0,0,19,0,0,0.028,-0.016,-1.001,0.2,-0.6,0
200.563015399984,0,0,19,0,0,0.028,-0.016,-1.001,0.2,-0.6,0
200.573015399984,0,0,19,0,0,0.028,-0.016,-1.001,0.2,-0.6,0
200.583015399984,0,0,19,0,0,0.028,-0.016,-1.001,0.2,-0.6,0
200.593015399984,0,0,19,0,0,0.027,-0.015,-1.003,0.3,-0.6,0.1
200.603015399984,0,0,19,0,0,0.027,-0.015,-1.003,0.3,-0.6,0.1
200.613015399984,0,0,19,0,0,0.027,-0.015,-1.003,0.3,-0.6,0.1
200.623015399984,0,0,19,0,0,0.027,-0.015,-1.003,0.3,-0.6,0.1
200.633015399984,0,0,19,0,0,0.027,-0.015,-1.003,0.3,-0.6,0.1
200.643015399984,0,0,19,0,0,0.029,-0.016,-1.001,0.3,-0.6,0.1
200.653015399984,0,0,19,0,0,0.029,-0.016,-1.001,0.3,-0.6,0.1
200.663015399984,0,0,19,0,0,0.029,-0.016,-1.001,0.3,-0.6,0.1
200.673015399984,0,0,19,0,0,0.029,-0.016,-1.001,0.3,-0.6,0.1
200.683015399984,0,0,19,0,0,0.029,-0.016,-1.001,0.3,-0.6,0.1
200.693015399984,0,0,19,0,0,0.027,-0.015,-1.002,0.3,-0.6,0
200.703015399984,0,0,19,0,0,0.027,-0.015,-1.002,0.3,-0.6,0
200.713015399984,0,0,19,0,0,0.027,-0.015,-1.002,0.3,-0.6,0
200.723015399984,0,0,19,0,0,0.027,-0.015,-1.002,0.3,-0.6,0
200.733015399984,0,0,19,0,0,0.027,-0.015,-1.002,0.3,-0.6,0
200.743015399984,0,0,19,0,0,0.027,-0.015,-1.002,0.3,-0.5,0
200.753015399984,0,0,19,0,0,0.027,-0.015,-1.002,0.3,-0.5,0
200.763015399984,0,0,19,0,0,0.027,-0.015,-1.002,0.3,-0.5,0
200.773015399984,0,0,19,0,0,0.027,-0.015,-1.002,0.3,-0.5,0
200.783015399984,0,0,19,0,0,0.027,-0.015,-1.002,0.3,-0.5,0
200.793015399984,0,0,19,0,0,0.029,-0.015,-1.001,0.3,-0.5,0.1
200.803015399984,0,0,19,0,0,0.029,-0.015,-1.001,0.3,-0.5,0.1
200.813015399984,0,0,19,0,0,0.029,-0.015,-1.001,0.3,-0.5,0.1
200.823015399984,0,0,19,0,0,0.029,-0.015,-1.001,0.3,-0.5,0.1
200.833015399984,0,0,19,0,0,0.029,-0.015,-1.001,0.3,-0.5,0.1
200.843015399984,0,0.01,19,0,0,0.028,-0.014,-1.003,0.3,-0.6,0
200.853015399984,0,0.01,19,0,0,0.028,-0.014,-1.003,0.3,-0.6,0
200.863015399984,0,0.01,19,0,0,0.028,-0.014,-1.003,0.3,-0.6,0
200.873015399984,0,0.01,19,0,0,0.028,-0.014,-1.003,0.3,-0.6,0
200.883015399984,0,0.01,19,0,0,0.028,-0.014,-1.003,0.3,-0.6,0
200.893015399984,0,0,19,0,0,0.028,-0.015,-1.002,0.3,-0.6,0
200.903015399984,0,0,19,0,0,0.028,-0.015,-1.002,0.3,-0.6,0
200.913015399984,0,0,19,0,0,0.028,-0.015,-1.002,0.3,-0.6,0
200.923015399984,0,0,19,0,0,0.028,-0.015,-1.002,0.3,-0.6,0
200.933015399984,0,0,19,0,0,0.028,-0.015,-1.002,0.3,-0.6,0
200.943015399984,0,0,19,0,0,0.028,-0.014,-1.001,0.3,-0.6,0
200.953015399984,0,0,19,0,0,0.028,-0.014,-1.001,0.3,-0.6,0
200.963015399984,0,0,19,0,0,0.028,-0.014,-1.001,0.3,-0.6,0
200.973015399984,0,0,19,0,0,0.028,-0.014,-1.001,0.3,-0.6,0
200.983015399984,0,0,19,0,0,0.028,-0.014,-1.001,0.3,-0.6,0
200.993015399984,0,0,19,0,0,0.029,-0.015,-1.002,0.3,-0.6,0
201.003015399984,0,0,19,0,0,0.029,-0.015,-1.002,0.3,-0.6,0
201.013015399984,0,0,19,0,0,0.029,-0.015,-1.002,0.3,-0.6,0
201.023015399984,0,0,19,0,0,0.029,-0.015,-1.002,0.3,-0.6,0
201.033015399984,0,0,19,0,0,0.029,-0.015,-1.002,0.3,-0.6,0
201.043015399984,0,0,19,0,0,0.027,-0.014,-1.002,0.3,-0.6,0
201.053015399984,0,0,19,0,0,0.027,-0.014,-1.002,0.3,-0.6,0
201.063015399984,0,0,19,0,0,0.027,-0.014,-1.002,0.3,-0.6,0
201.073015399984,0,0,19,0,0,0.027,-0.014,-1.002,0.3,-0.6,0
201.083015399984,0,0,19,0,0,0.027,-0.014,-1.002,0.3,-0.6,0
201.093015399984,0,0.01,19,0,0,0.028,-0.015,-1.001,0.3,-0.5,0
201.103015399984,0,0.01,19,0,0,0.028,-0.015,-1.001,0.3,-0.5,0
201.113015399984,0,0.01,19,0,0,0.028,-0.015,-1.001,0.3,-0.5,0
201.123015399984,0,0.01,19,0,0,0.028,-0.015,-1.001,0.3,-0.5,0
201.133015399984,0,0.01,19,0,0,0.028,-0.015,-1.001,0.3,-0.5,0
201.143015399984,0,0,19,0,0,0.028,-0.014,-1.003,0.3,-0.6,0.1
201.153015399984,0,0,19,0,0,0.028,-0.014,-1.003,0.3,-0.6,0.1
201.163015399984,0,0,19,0,0,0.028,-0.014,-1.003,0.3,-0.6,0.1
201.173015399984,0,0,19,0,0,0.028,-0.014,-1.003,0.3,-0.6,0.1
201.183015399984,0,0,19,0,0,0.028,-0.014,-1.003,0.3,-0.6,0.1
201.193015399984,0,0,19,0,0,0.028,-0.015,-1.002,0.3,-0.5,0
201.203015399984,0,0,19,0,0,0.028,-0.015,-1.002,0.3,-0.5,0
201.213015399984,0,0,19,0,0,0.028,-0.015,-1.002,0.3,-0.5,0
201.223015399984,0,0,19,0,0,0.028,-0.015,-1.002,0.3,-0.5,0
201.233015399984,0,0,19,0,0,0.028,-0.015,-1.002,0.3,-0.5,0
201.243015399984,0,0,19,0,0,0.028,-0.015,-1.001,0.3,-0.6,0.1
201.253015399984,0,0,19,0,0,0.028,-0.015,-1.001,0.3,-0.6,0.1
201.263015399984,0,0,19,0,0,0.028,-0.015,-1.001,0.3,-0.6,0.1
201.273015399984,0,0,19,0,0,0.028,-0.015,-1.001,0.3,-0.6,0.1
201.283015399984,0,0,19,0,0,0.028,-0.015,-1.001,0.3,-0.6,0.1
201.293015399984,0,0,19,0,0,0.028,-0.015,-1.003,0.3,-0.5,0
201.303015399984,0,0,19,0,0,0.028,-0.015,-1.003,0.3,-0.5,0
201.313015399984,0,0,19,0,0,0.028,-0.015,-1.003,0.3,-0.5,0
201.323015399984,0,0,19,0,0,0.028,-0.015,-1.003,0.3,-0.5,0
201.333015399984,0,0,19,0,0,0.028,-0.015,-1.003,0.3,-0.5,0
201.343015399984,0,0,19,0,0,0.028,-0.016,-1.001,0.3,-0.6,0
201.353015399984,0,0,19,0,0,0.028,-0.016,-1.001,0.3,-0.6,0
201.363015399984,0,0,19,0,0,0.028,-0.016,-1.001,0.3,-0.6,0
201.373015399984,0,0,19,0,0,0.028,-0.016,-1.001,0.3,-0.6,0
201.383015399984,0,0,19,0,0,0.028,-0.016,-1.001,0.3,-0.6,0
201.393015399984,0,0,19,0,0,0.028,-0.015,-1.002,0.3,-0.6,0
201.403015399984,0,0,19,0,0,0.028,-0.015,-1.002,0.3,-0.6,0
201.413015399984,0,0,19,0,0,0.028,-0.015,-1.002,0.3,-0.6,0
201.423015399984,0,0,19,0,0,0.028,-0.015,-1.002,0.3,-0.6,0
201.433015399984,0,0,19,0,0,0.028,-0.015,-1.002,0.3,-0.6,0
201.443015399984,0,0.01,19,0,0,0.028,-0.016,-1.001,0.2,-0.6,0
201.453015399984,0,0.01,19,0,0,0.028,-0.016,-1.001,0.2,-0.6,0
201.463015399984,0,0.01,19,0,0,0.028,-0.016,-1.001,0.2,-0.6,0
201.473015399984,0,0.01,19,0,0,0.028,-0.016,-1.001,0.2,-0.6,0
201.483015399984,0,0.01,19,0,0,0.028,-0.016,-1.001,0.2,-0.6,0
201.493015399984,0,0,19,0,0,0.028,-0.014,-1.003,0.3,-0.6,0
201.503015399984,0,0,19,0,0,0.028,-0.014,-1.003,0.3,-0.6,0
201.513015399984,0,0,19,0,0,0.028,-0.014,-1.003,0.3,-0.6,0
201.523015399984,0,0,19,0,0,0.028,-0.014,-1.003,0.3,-0.6,0
201.533015399984,0,0,19,0,0,0.028,-0.014,-1.003,0.3,-0.6,0
201.543015399984,0,0,19,0,0,0.028,-0.016,-1.001,0.3,-0.5,0
201.553015399984,0,0,19,0,0,0.028,-0.016,-1.001,0.3,-0.5,0
201.563015399984,0,0,19,0,0,0.028,-0.016,-1.001,0.3,-0.5,0
201.573015399984,0,0,19,0,0,0.028,-0.016,-1.001,0.3,-0.5,0
201.583015399984,0,0,19,0,0,0.028,-0.016,-1.001,0.3,-0.5,0
201.593015399984,0,0,19,0,0,0.028,-0.014,-1.002,0.2,-0.6,0
201.603015399984,0,0,19,0,0,0.028,-0.014,-1.002,0.2,-0.6,0
201.613015399984,0,0,19,0,0,0.028,-0.014,-1.002,0.2,-0.6,0
201.623015399984,0,0,19,0,0,0.028,-0.014,-1.002,0.2,-0.6,0
201.633015399984,0,0,19,0,0,0.028,-0.014,-1.002,0.2,-0.6,0
201.643015399984,0,0,19,0,0,0.027,-0.015,-1.002,0.3,-0.6,0
201.653015399984,0,0,19,0,0,0.027,-0.015,-1.002,0.3,-0.6,0
201.663015399984,0,0,19,0,0,0.027,-0.015,-1.002,0.3,-0.6,0
201.673015399984,0,0,19,0,0,0.027,-0.015,-1.002,0.3,-0.6,0
201.683015399984,0,0,19,0,0,0.027,-0.015,-1.002,0.3,-0.6,0
201.693015399984,0,0,19,0,0,0.028,-0.014,-1.001,0.3,-0.6,0
201.703015399984,0,0,19,0,0,0.028,-0.014,-1.001,0.3,-0.6,0
201.713015399984,0,0,19,0,0,0.028,-0.014,-1.001,0.3,-0.6,0
201.723015399984,0,0,19,0,0,0.028,-0.014,-1.001,0.3,-0.6,0
201.733015399984,0,0,19,0,0,0.028,-0.014,-1.001,0.3,-0.6,0
201.743015399984,0,0,19,0,0,0.028,-0.016,-1.001,0.3,-0.6,0
201.753015399984,0,0,19,0,0,0.028,-0.016,-1.001,0.3,-0.6,0
201.763015399984,0,0,19,0,0,0.028,-0.016,-1.001,0.3,-0.6,0
201.773015399984,0,0,19,0,0,0.028,-0.016,-1.001,0.3,-0.6,0
201.783015399984,0,0,19,0,0,0.028,-0.016,-1.001,0.3,-0.6,0
201.793015399984,0,0,19,0,0,0.028,-0.015,-1.002,0.3,-0.6,0
201.803015399984,0,0,19,0,0,0.028,-0.015,-1.002,0.3,-0.6,0
201.813015399984,0,0,19,0,0,0.028,-0.015,-1.002,0.3,-0.6,0
201.823015399984,0,0,19,0,0,0.028,-0.015,-1.002,0.3,-0.6,0
201.833015399984,0,0,19,0,0,0.028,-0.015,-1.002,0.3,-0.6,0
201.843015399984,0,0,19,0,0,0.028,-0.015,-1.002,0.3,-0.5,0
201.853015399984,0,0,19,0,0,0.028,-0.015,-1.002,0.3,-0.5,0
201.863015399984,0,0,19,0,0,0.028,-0.015,-1.002,0.3,-0.5,0
201.873015399984,0,0,19,0,0,0.028,-0.015,-1.002,0.3,-0.5,0
201.883015399984,0,0,19,0,0,0.028,-0.015,-1.002,0.3,-0.5,0
201.893015399984,0,0,19,0,0,0.028,-0.015,-1.001,0.3,-0.6,0.1
201.903015399984,0,0,19,0,0,0.028,-0.015,-1.001,0.3,-0.6,0.1
201.913015399984,0,0,19,0,0,0.028,-0.015,-1.001,0.3,-0.6,0.1
201.923015399984,0,0,19,0,0,0.028,-0.015,-1.001,0.3,-0.6,0.1
201.933015399984,0,0,19,0,0,0.028,-0.015,-1.001,0.3,-0.6,0.1
201.943015399984,0,0,19,0,0,0.028,-0.016,-1.001,0.3,-0.6,0
201.953015399984,0,0,19,0,0,0.028,-0.016,-1.001,0.3,-0.6,0
201.963015399984,0,0,19,0,0,0.028,-0.016,-1.001,0.3,-0.6,0
201.973015399984,0,0,19,0,0,0.028,-0.016,-1.001,0.3,-0.6,0
201.983015399984,0,0,19,0,0,0.028,-0.016,-1.001,0.3,-0.6,0
201.993015399984,0,0,19,0,0,0.028,-0.015,-1.001,0.3,-0.6,0
202.003015399984,0,0,19,0,0,0.028,-0.015,-1.001,0.3,-0.6,0
202.013015399984,0,0,19,0,0,0.028,-0.015,-1.001,0.3,-0.6,0
202.023015399984,0,0,19,0,0,0.028,-0.015,-1.001,0.3,-0.6,0
202.033015399984,0,0,19,0,0,0.028,-0.015,-1.001,0.3,-0.6,0
202.043015399984,0,0.01,19,0,0,0.028,-0.015,-1.002,0.3,-0.5,0
202.053015399984,0,0.01,19,0,0,0.028,-0.015,-1.002,0.3,-0.5,0
202.063015399984,0,0.01,19,0,0,0.028,-0.015,-1.002,0.3,-0.5,0
202.073015399984,0,0.01,19,0,0,0.028,-0.015,-1.002,0.3,-0.5,0
202.083015399984,0,0.01,19,0,0,0.028,-0.015,-1.002,0.3,-0.5,0
202.093015399984,0,0,19,0,0,0.028,-0.014,-1.001,0.3,-0.5,0
202.103015399984,0,0,19,0,0,0.028,-0.014,-1.001,0.3,-0.5,0
202.113015399984,0,0,19,0,0,0.028,-0.014,-1.001,0.3,-0.5,0
202.123015399984,0,0,19,0,0,0.028,-0.014,-1.001,0.3,-0.5,0
202.133015399984,0,0,19,0,0,0.028,-0.014,-1.001,0.3,-0.5,0
202.143015399984,0,0,19,0,0,0.027,-0.015,-1.001,0.3,-0.6,0
202.153015399984,0,0,19,0,0,0.027,-0.015,-1.001,0.3,-0.6,0
202.163015399984,0,0,19,0,0,0.027,-0.015,-1.001,0.3,-0.6,0
202.173015399984,0,0,19,0,0,0.027,-0.015,-1.001,0.3,-0.6,0
202.183015399984,0,0,19,0,0,0.027,-0.015,-1.001,0.3,-0.6,0
202.193015399984,0,0,19,0,0,0.028,-0.014,-1.001,0.4,-0.6,0
202.203015399984,0,0,19,0,0,0.028,-0.014,-1.001,0.4,-0.6,0
202.213015399984,0,0,19,0,0,0.028,-0.014,-1.001,0.4,-0.6,0
202.223015399984,0,0,19,0,0,0.028,-0.014,-1.001,0.4,-0.6,0
202.233015399984,0,0,19,0,0,0.028,-0.014,-1.001,0.4,-0.6,0
202.243015399984,0,0,19,0,0,0.027,-0.015,-1.001,0.3,-0.6,0
202.253015399984,0,0,19,0,0,0.027,-0.015,-1.001,0.3,-0.6,0
202.263015399984,0,0,19,0,0,0.027,-0.015,-1.001,0.3,-0.6,0
202.273015399984,0,0,19,0,0,0.027,-0.015,-1.001,0.3,-0.6,0
202.283015399984,0,0,19,0,0,0.027,-0.015,-1.001,0.3,-0.6,0
202.293015399984,0,0,19,0,0,0.027,-0.014,-1.001,0.3,-0.6,0
202.303015399984,0,0,19,0,0,0.027,-0.014,-1.001,0.3,-0.6,0
202.313015399984,0,0,19,0,0,0.027,-0.014,-1.001,0.3,-0.6,0
202.323015399984,0,0,19,0,0,0.027,-0.014,-1.001,0.3,-0.6,0
202.333015399984,0,0,19,0,0,0.027,-0.014,-1.001,0.3,-0.6,0
202.343015399984,0,0,19,0,0,0.027,-0.016,-1,0.3,-0.6,0
202.353015399984,0,0,19,0,0,0.027,-0.016,-1,0.3,-0.6,0
202.363015399984,0,0,19,0,0,0.027,-0.016,-1,0.3,-0.6,0
202.373015399984,0,0,19,0,0,0.027,-0.016,-1,0.3,-0.6,0
202.383015399984,0,0,19,0,0,0.027,-0.016,-1,0.3,-0.6,0
202.393015399984,0,0,19,0,0,0.028,-0.016,-1.003,0.3,-0.6,0
202.403015399984,0,0,19,0,0,0.028,-0.016,-1.003,0.3,-0.6,0
202.413015399984,0,0,19,0,0,0.028,-0.016,-1.003,0.3,-0.6,0
202.423015399984,0,0,19,0,0,0.028,-0.016,-1.003,0.3,-0.6,0
202.433015399984,0,0,19,0,0,0.028,-0.016,-1.003,0.3,-0.6,0
202.443015399984,0,0,19,0,0,0.028,-0.015,-1.001,0.3,-0.6,0.1
202.453015399984,0,0,19,0,0,0.028,-0.015,-1.001,0.3,-0.6,0.1
202.463015399984,0,0,19,0,0,0.028,-0.015,-1.001,0.3,-0.6,0.1
202.473015399984,0,0,19,0,0,0.028,-0.015,-1.001,0.3,-0.6,0.1
202.483015399984,0,0,19,0,0,0.028,-0.015,-1.001,0.3,-0.6,0.1
202.493015399984,0,0,19,0,0,0.028,-0.015,-1.001,0.3,-0.6,0
202.503015399984,0,0,19,0,0,0.028,-0.015,-1.001,0.3,-0.6,0
202.513015399984,0,0,19,0,0,0.028,-0.015,-1.001,0.3,-0.6,0
202.523015399984,0,0,19,0,0,0.028,-0.015,-1.001,0.3,-0.6,0
202.533015399984,0,0,19,0,0,0.028,-0.015,-1.001,0.3,-0.6,0
202.543015399984,0,0.01,19,0,0,0.028,-0.014,-1.002,0.3,-0.6,0
202.553015399984,0,0.01,19,0,0,0.028,-0.014,-1.002,0.3,-0.6,0
202.563015399984,0,0.01,19,0,0,0.028,-0.014,-1.002,0.3,-0.6,0
202.573015399984,0,0.01,19,0,0,0.028,-0.014,-1.002,0.3,-0.6,0
202.583015399984,0,0.01,19,0,0,0.028,-0.014,-1.002,0.3,-0.6,0
202.593015399984,0,0,19,0,0,0.028,-0.015,-1.002,0.3,-0.6,0
202.603015399984,0,0,19,0,0,0.028,-0.015,-1.002,0.3,-0.6,0
202.613015399984,0,0,19,0,0,0.028,-0.015,-1.002,0.3,-0.6,0
202.623015399984,0,0,19,0,0,0.028,-0.015,-1.002,0.3,-0.6,0
202.633015399984,0,0,19,0,0,0.028,-0.015,-1.002,0.3,-0.6,0
202.643015399984,0,0,19,0,0,0.029,-0.016,-1.001,0.3,-0.6,0
202.653015399984,0,0,19,0,0,0.029,-0.016,-1.001,0.3,-0.6,0
202.663015399984,0,0,19,0,0,0.029,-0.016,-1.001,0.3,-0.6,0
202.673015399984,0,0,19,0,0,0.029,-0.016,-1.001,0.3,-0.6,0
202.683015399984,0,0,19,0,0,0.029,-0.016,-1.001,0.3,-0.6,0
202.693015399984,0,0,19,0,0,0.027,-0.015,-1.001,0.4,-0.6,0
202.703015399984,0,0,19,0,0,0.027,-0.015,-1.001,0.4,-0.6,0
202.713015399984,0,0,19,0,0,0.027,-0.015,-1.001,0.4,-0.6,0
202.723015399984,0,0,19,0,0,0.027,-0.015,-1.001,0.4,-0.6,0
202.733015399984,0,0,19,0,0,0.027,-0.015,-1.001,0.4,-0.6,0
202.743015399984,0,0,19,0,0,0.028,-0.015,-1,0.3,-0.6,0.1
202.753015399984,0,0,19,0,0,0.028,-0.015,-1,0.3,-0.6,0.1
202.763015399984,0,0,19,0,0,0.028,-0.015,-1,0.3,-0.6,0.1
202.773015399984,0,0,19,0,0,0.028,-0.015,-1,0.3,-0.6,0.1
202.783015399984,0,0,19,0,0,0.028,-0.015,-1,0.3,-0.6,0.1
202.793015399984,0,0,19,0,0,0.028,-0.015,-1.001,0.3,-0.6,0
202.803015399984,0,0,19,0,0,0.028,-0.015,-1.001,0.3,-0.6,0
202.813015399984,0,0,19,0,0,0.028,-0.015,-1.001,0.3,-0.6,0
202.823015399984,0,0,19,0,0,0.028,-0.015,-1.001,0.3,-0.6,0
202.833015399984,0,0,19,0,0,0.028,-0.015,-1.001,0.3,-0.6,0
202.843015399984,0,0,19,0,0,0.027,-0.015,-1.001,0.2,-0.5,0.1
202.853015399984,0,0,19,0,0,0.027,-0.015,-1.001,0.2,-0.5,0.1
202.863015399984,0,0,19,0,0,0.027,-0.015,-1.001,0.2,-0.5,0.1
202.873015399984,0,0,19,0,0,0.027,-0.015,-1.001,0.2,-0.5,0.1
202.883015399984,0,0,19,0,0,0.027,-0.015,-1.001,0.2,-0.5,0.1
202.893015399984,0,0,19,0,0,0.028,-0.015,-1.002,0.3,-0.6,0
202.903015399984,0,0,19,0,0,0.028,-0.015,-1.002,0.3,-0.6,0
202.913015399984,0,0,19,0,0,0.028,-0.015,-1.002,0.3,-0.6,0
202.923015399984,0,0,19,0,0,0.028,-0.015,-1.002,0.3,-0.6,0
202.933015399984,0,0,19,0,0,0.028,-0.015,-1.002,0.3,-0.6,0
202.943015399984,0,0,19,0,0,0.027,-0.016,-1.003,0.2,-0.5,0.1
202.953015399984,0,0,19,0,0,0.027,-0.016,-1.003,0.2,-0.5,0.1
202.963015399984,0,0,19,0,0,0.027,-0.016,-1.003,0.2,-0.5,0.1
202.973015399984,0,0,19,0,0,0.027,-0.016,-1.003,0.2,-0.5,0.1
202.983015399984,0,0,19,0,0,0.027,-0.016,-1.003,0.2,-0.5,0.1
202.993015399984,0,0,19,0,0,0.028,-0.015,-1.001,0.3,-0.6,0
203.003015399983,0,0,19,0,0,0.028,-0.015,-1.001,0.3,-0.6,0
203.013015399984,0,0,19,0,0,0.028,-0.015,-1.001,0.3,-0.6,0
203.023015399984,0,0,19,0,0,0.028,-0.015,-1.001,0.3,-0.6,0
203.033015399983,0,0,19,0,0,0.028,-0.015,-1.001,0.3,-0.6,0
203.043015399983,0,0,19,0,0,0.029,-0.015,-1.003,0.3,-0.6,0
203.053015399983,0,0,19,0,0,0.029,-0.015,-1.003,0.3,-0.6,0
203.063015399983,0,0,19,0,0,0.029,-0.015,-1.003,0.3,-0.6,0
203.073015399983,0,0,19,0,0,0.029,-0.015,-1.003,0.3,-0.6,0
203.083015399983,0,0,19,0,0,0.029,-0.015,-1.003,0.3,-0.6,0
203.093015399983,0,0,19,0,0,0.028,-0.016,-1,0.3,-0.6,0
203.103015399983,0,0,19,0,0,0.028,-0.016,-1,0.3,-0.6,0
203.113015399983,0,0,19,0,0,0.028,-0.016,-1,0.3,-0.6,0
203.123015399983,0,0,19,0,0,0.028,-0.016,-1,0.3,-0.6,0
203.133015399983,0,0,19,0,0,0.028,-0.016,-1,0.3,-0.6,0
203.143015399983,0,0,19,0,0,0.028,-0.016,-1,0.3,-0.5,0
203.153015399983,0,0,19,0,0,0.028,-0.016,-1,0.3,-0.5,0
203.163015399983,0,0,19,0,0,0.028,-0.016,-1,0.3,-0.5,0
203.173015399983,0,0,19,0,0,0.028,-0.016,-1,0.3,-0.5,0
203.183015399983,0,0,19,0,0,0.028,-0.016,-1,0.3,-0.5,0
203.193015399983,0,0,19,0,0,0.029,-0.015,-1,0.3,-0.6,0
203.203015399983,0,0,19,0,0,0.029,-0.015,-1,0.3,-0.6,0
203.213015399983,0,0,19,0,0,0.029,-0.015,-1,0.3,-0.6,0
203.223015399983,0,0,19,0,0,0.029,-0.015,-1,0.3,-0.6,0
203.233015399983,0,0,19,0,0,0.029,-0.015,-1,0.3,-0.6,0
203.243015399983,0,0,19,0,0,0.028,-0.015,-1.001,0.2,-0.6,0
203.253015399983,0,0,19,0,0,0.028,-0.015,-1.001,0.2,-0.6,0
203.263015399983,0,0,19,0,0,0.028,-0.015,-1.001,0.2,-0.6,0
203.273015399983,0,0,19,0,0,0.028,-0.015,-1.001,0.2,-0.6,0
203.283015399983,0,0,19,0,0,0.028,-0.015,-1.001,0.2,-0.6,0
203.293015399983,0,0,19,0,0,0.028,-0.015,-1.003,0.3,-0.6,0
203.303015399983,0,0,19,0,0,0.028,-0.015,-1.003,0.3,-0.6,0
203.313015399983,0,0,19,0,0,0.028,-0.015,-1.003,0.3,-0.6,0
203.323015399983,0,0,19,0,0,0.028,-0.015,-1.003,0.3,-0.6,0
203.333015399983,0,0,19,0,0,0.028,-0.015,-1.003,0.3,-0.6,0
203.343015399983,0,0,19,0,0,0.029,-0.015,-1.003,0.3,-0.6,0
203.353015399983,0,0,19,0,0,0.029,-0.015,-1.003,0.3,-0.6,0
203.363015399983,0,0,19,0,0,0.029,-0.015,-1.003,0.3,-0.6,0
203.373015399983,0,0,19,0,0,0.029,-0.015,-1.003,0.3,-0.6,0
203.383015399983,0,0,19,0,0,0.029,-0.015,-1.003,0.3,-0.6,0
203.393015399983,0,0.01,19,0,0,0.028,-0.015,-1,0.3,-0.4,0
203.403015399983,0,0.01,19,0,0,0.028,-0.015,-1,0.3,-0.4,0
203.413015399983,0,0.01,19,0,0,0.028,-0.015,-1,0.3,-0.4,0
203.423015399983,0,0.01,19,0,0,0.028,-0.015,-1,0.3,-0.4,0
203.433015399983,0,0.01,19,0,0,0.028,-0.015,-1,0.3,-0.4,0
203.443015399983,0,0,19,0,0,0.028,-0.014,-1.003,0.3,-0.6,0
203.453015399983,0,0,19,0,0,0.028,-0.014,-1.003,0.3,-0.6,0
203.463015399983,0,0,19,0,0,0.028,-0.014,-1.003,0.3,-0.6,0
203.473015399983,0,0,19,0,0,0.028,-0.014,-1.003,0.3,-0.6,0
203.483015399983,0,0,19,0,0,0.028,-0.014,-1.003,0.3,-0.6,0
203.493015399983,0,0,19,0,0,0.028,-0.017,-1,0.3,-0.6,0.1
203.503015399983,0,0,19,0,0,0.028,-0.017,-1,0.3,-0.6,0.1
203.513015399983,0,0,19,0,0,0.028,-0.017,-1,0.3,-0.6,0.1
203.523015399983,0,0,19,0,0,0.028,-0.017,-1,0.3,-0.6,0.1
203.533015399983,0,0,19,0,0,0.028,-0.017,-1,0.3,-0.6,0.1
203.543015399983,0,0.01,19,0,0,0.028,-0.015,-1.005,0.3,-0.6,0
203.553015399983,0,0.01,19,0,0,0.028,-0.015,-1.005,0.3,-0.6,0
203.563015399983,0,0.01,19,0,0,0.028,-0.015,-1.005,0.3,-0.6,0
203.573015399983,0,0.01,19,0,0,0.028,-0.015,-1.005,0.3,-0.6,0
203.583015399983,0,0.01,19,0,0,0.028,-0.015,-1.005,0.3,-0.6,0
203.593015399983,0,0,19,0,0,0.028,-0.016,-1,0.3,-0.6,0
203.603015399983,0,0,19,0,0,0.028,-0.016,-1,0.3,-0.6,0
203.613015399983,0,0,19,0,0,0.028,-0.016,-1,0.3,-0.6,0
203.623015399983,0,0,19,0,0,0.028,-0.016,-1,0.3,-0.6,0
203.633015399983,0,0,19,0,0,0.028,-0.016,-1,0.3,-0.6,0
203.643015399983,0,0,19,0,0,0.028,-0.015,-1.003,0.3,-0.4,0
203.653015399983,0,0,19,0,0,0.028,-0.015,-1.003,0.3,-0.4,0
203.663015399983,0,0,19,0,0,0.028,-0.015,-1.003,0.3,-0.4,0
203.673015399983,0,0,19,0,0,0.028,-0.015,-1.003,0.3,-0.4,0
203.683015399983,0,0,19,0,0,0.028,-0.015,-1.003,0.3,-0.4,0
203.693015399983,0,0.01,19,0,0,0.029,-0.015,-1,0.3,-0.7,0
203.703015399983,0,0.01,19,0,0,0.029,-0.015,-1,0.3,-0.7,0
203.713015399983,0,0.01,19,0,0,0.029,-0.015,-1,0.3,-0.7,0
203.723015399983,0,0.01,19,0,0,0.029,-0.015,-1,0.3,-0.7,0
203.733015399983,0,0.01,19,0,0,0.029,-0.015,-1,0.3,-0.7,0
203.743015399983,0,0.01,19,0,0,0.027,-0.015,-1.001,0.3,-0.5,0
203.753015399983,0,0.01,19,0,0,0.027,-0.015,-1.001,0.3,-0.5,0
203.763015399983,0,0.01,19,0,0,0.027,-0.015,-1.001,0.3,-0.5,0
203.773015399983,0,0.01,19,0,0,0.027,-0.015,-1.001,0.3,-0.5,0
203.783015399983,0,0.01,19,0,0,0.027,-0.015,-1.001,0.3,-0.5,0
203.793015399983,0,0,19,0,0,0.028,-0.015,-1.003,0.3,-0.5,0
203.803015399983,0,0,19,0,0,0.028,-0.015,-1.003,0.3,-0.5,0
203.813015399983,0,0,19,0,0,0.028,-0.015,-1.003,0.3,-0.5,0
203.823015399983,0,0,19,0,0,0.028,-0.015,-1.003,0.3,-0.5,0
203.833015399983,0,0,19,0,0,0.028,-0.015,-1.003,0.3,-0.5,0
203.843015399983,0,0,19,0,0,0.029,-0.015,-1,0.3,-0.5,0
203.853015399983,0,0,19,0,0,0.029,-0.015,-1,0.3,-0.5,0
203.863015399983,0,0,19,0,0,0.029,-0.015,-1,0.3,-0.5,0
203.873015399983,0,0,19,0,0,0.029,-0.015,-1,0.3,-0.5,0
203.883015399983,0,0,19,0,0,0.029,-0.015,-1,0.3,-0.5,0
203.893015399983,0,0,19,0,0,0.028,-0.015,-1.001,0.3,-0.5,0
203.903015399983,0,0,19,0,0,0.028,-0.015,-1.001,0.3,-0.5,0
203.913015399983,0,0,19,0,0,0.028,-0.015,-1.001,0.3,-0.5,0
203.923015399983,0,0,19,0,0,0.028,-0.015,-1.001,0.3,-0.5,0
203.933015399983,0,0,19,0,0,0.028,-0.015,-1.001,0.3,-0.5,0
203.943015399983,0,0,19,0,0,0.027,-0.015,-1.002,0.3,-0.6,0
203.953015399983,0,0,19,0,0,0.027,-0.015,-1.002,0.3,-0.6,0
203.963015399983,0,0,19,0,0,0.027,-0.015,-1.002,0.3,-0.6,0
203.973015399983,0,0,19,0,0,0.027,-0.015,-1.002,0.3,-0.6,0
203.983015399983,0,0,19,0,0,0.027,-0.015,-1.002,0.3,-0.6,0
203.993015399983,0,0,19,0,0,0.028,-0.016,-1,0.3,-0.6,0
204.003015399983,0,0,19,0,0,0.028,-0.016,-1,0.3,-0.6,0
204.013015399983,0,0,19,0,0,0.028,-0.016,-1,0.3,-0.6,0
204.023015399983,0,0,19,0,0,0.028,-0.016,-1,0.3,-0.6,0
204.033015399983,0,0,19,0,0,0.028,-0.016,-1,0.3,-0.6,0
204.043015399983,0,0,19,0,0,0.028,-0.015,-1.001,0.3,-0.4,0
204.053015399983,0,0,19,0,0,0.028,-0.015,-1.001,0.3,-0.4,0
204.063015399983,0,0,19,0,0,0.028,-0.015,-1.001,0.3,-0.4,0
204.073015399983,0,0,19,0,0,0.028,-0.015,-1.001,0.3,-0.4,0
204.083015399983,0,0,19,0,0,0.028,-0.015,-1.001,0.3,-0.4,0
204.093015399983,0,0,19,0,0,0.028,-0.014,-1.002,0.3,-0.7,0
204.103015399983,0,0,19,0,0,0.028,-0.014,-1.002,0.3,-0.7,0
204.113015399983,0,0,19,0,0,0.028,-0.014,-1.002,0.3,-0.7,0
204.123015399983,0,0,19,0,0,0.028,-0.014,-1.002,0.3,-0.7,0
204.133015399983,0,0,19,0,0,0.028,-0.014,-1.002,0.3,-0.7,0
204.143015399983,0,0,19,0,0,0.028,-0.014,-1,0.3,-0.6,0
204.153015399983,0,0,19,0,0,0.028,-0.014,-1,0.3,-0.6,0
204.163015399983,0,0,19,0,0,0.028,-0.014,-1,0.3,-0.6,0
204.173015399983,0,0,19,0,0,0.028,-0.014,-1,0.3,-0.6,0
204.183015399983,0,0,19,0,0,0.028,-0.014,-1,0.3,-0.6,0
204.193015399983,0,0,19,0,0,0.027,-0.014,-1.004,0.3,-0.6,0
204.203015399983,0,0,19,0,0,0.027,-0.014,-1.004,0.3,-0.6,0
204.213015399983,0,0,19,0,0,0.027,-0.014,-1.004,0.3,-0.6,0
204.223015399983,0,0,19,0,0,0.027,-0.014,-1.004,0.3,-0.6,0
204.233015399983,0,0,19,0,0,0.027,-0.014,-1.004,0.3,-0.6,0
204.243015399983,0,0.01,19,0,0,0.028,-0.016,-0.997,0.3,-0.6,0.1
204.253015399983,0,0.01,19,0,0,0.028,-0.016,-0.997,0.3,-0.6,0.1
204.263015399983,0,0.01,19,0,0,0.028,-0.016,-0.997,0.3,-0.6,0.1
204.273015399983,0,0.01,19,0,0,0.028,-0.016,-0.997,0.3,-0.6,0.1
204.283015399983,0,0.01,19,0,0,0.028,-0.016,-0.997,0.3,-0.6,0.1
204.293015399983,0,0,19,0,0,0.027,-0.015,-1,0.3,-0.4,0
204.303015399983,0,0,19,0,0,0.027,-0.015,-1,0.3,-0.4,0
204.313015399983,0,0,19,0,0,0.027,-0.015,-1,0.3,-0.4,0
204.323015399983,0,0,19,0,0,0.027,-0.015,-1,0.3,-0.4,0
204.333015399983,0,0,19,0,0,0.027,-0.015,-1,0.3,-0.4,0
204.343015399983,0,0,19,0,0,0.028,-0.014,-1.006,0.3,-0.6,0
204.353015399983,0,0,19,0,0,0.028,-0.014,-1.006,0.3,-0.6,0
204.363015399983,0,0,19,0,0,0.028,-0.014,-1.006,0.3,-0.6,0
204.373015399983,0,0,19,0,0,0.028,-0.014,-1.006,0.3,-0.6,0
204.383015399983,0,0,19,0,0,0.028,-0.014,-1.006,0.3,-0.6,0
204.393015399983,0,0.01,19,0,0,0.029,-0.017,-0.998,0.3,-0.6,0
204.403015399983,0,0.01,19,0,0,0.029,-0.017,-0.998,0.3,-0.6,0
204.413015399983,0,0.01,19,0,0,0.029,-0.017,-0.998,0.3,-0.6,0
204.423015399983,0,0.01,19,0,0,0.029,-0.017,-0.998,0.3,-0.6,0
204.433015399983,0,0.01,19,0,0,0.029,-0.017,-0.998,0.3,-0.6,0
204.443015399983,0,0,19,0,0,0.027,-0.013,-1.006,0.3,-0.5,0
204.453015399983,0,0,19,0,0,0.027,-0.013,-1.006,0.3,-0.5,0
204.463015399983,0,0,19,0,0,0.027,-0.013,-1.006,0.3,-0.5,0
204.473015399983,0,0,19,0,0,0.027,-0.013,-1.006,0.3,-0.5,0
204.483015399983,0,0,19,0,0,0.027,-0.013,-1.006,0.3,-0.5,0
204.493015399983,0,0,19,0,0,0.028,-0.016,-0.995,0.2,-0.7,0
204.503015399983,0,0,19,0,0,0.028,-0.016,-0.995,0.2,-0.7,0
204.513015399983,0,0,19,0,0,0.028,-0.016,-0.995,0.2,-0.7,0
204.523015399983,0,0,19,0,0,0.028,-0.016,-0.995,0.2,-0.7,0
204.533015399983,0,0,19,0,0,0.028,-0.016,-0.995,0.2,-0.7,0
204.543015399983,0,0,19,0,0,0.027,-0.014,-1,0.4,-0.4,0
204.553015399983,0,0,19,0,0,0.027,-0.014,-1,0.4,-0.4,0
204.563015399983,0,0,19,0,0,0.027,-0.014,-1,0.4,-0.4,0
204.573015399983,0,0,19,0,0,0.027,-0.014,-1,0.4,-0.4,0
204.583015399983,0,0,19,0,0,0.027,-0.014,-1,0.4,-0.4,0
204.593015399983,0,0.01,19,0,0,0.029,-0.015,-1.006,0.3,-0.7,0
204.603015399983,0,0.01,19,0,0,0.029,-0.015,-1.006,0.3,-0.7,0
204.613015399983,0,0.01,19,0,0,0.029,-0.015,-1.006,0.3,-0.7,0
204.623015399983,0,0.01,19,0,0,0.029,-0.015,-1.006,0.3,-0.7,0
204.633015399983,0,0.01,19,0,0,0.029,-0.015,-1.006,0.3,-0.7,0
204.643015399983,0,0,19,0,0,0.028,-0.015,-0.999,0.3,-0.6,0
204.653015399983,0,0,19,0,0,0.028,-0.015,-0.999,0.3,-0.6,0
204.663015399983,0,0,19,0,0,0.028,-0.015,-0.999,0.3,-0.6,0
204.673015399983,0,0,19,0,0,0.028,-0.015,-0.999,0.3,-0.6,0
204.683015399983,0,0,19,0,0,0.028,-0.015,-0.999,0.3,-0.6,0
204.693015399983,0,0,19,0,0,0.028,-0.013,-1.005,0.3,-0.6,0
204.703015399983,0,0,19,0,0,0.028,-0.013,-1.005,0.3,-0.6,0
204.713015399983,0,0,19,0,0,0.028,-0.013,-1.005,0.3,-0.6,0
204.723015399983,0,0,19,0,0,0.028,-0.013,-1.005,0.3,-0.6,0
204.733015399983,0,0,19,0,0,0.028,-0.013,-1.005,0.3,-0.6,0
204.743015399983,0,0,19,0,0,0.028,-0.016,-1,0.3,-0.6,0
204.753015399983,0,0,19,0,0,0.028,-0.016,-1,0.3,-0.6,0
204.763015399983,0,0,19,0,0,0.028,-0.016,-1,0.3,-0.6,0
204.773015399983,0,0,19,0,0,0.028,-0.016,-1,0.3,-0.6,0
204.783015399983,0,0,19,0,0,0.028,-0.016,-1,0.3,-0.6,0
204.793015399983,0,0.01,19,0,0,0.029,-0.017,-1,0.3,-0.5,0
204.803015399983,0,0.01,19,0,0,0.029,-0.017,-1,0.3,-0.5,0
204.813015399983,0,0.01,19,0,0,0.029,-0.017,-1,0.3,-0.5,0
204.823015399983,0,0.01,19,0,0,0.029,-0.017,-1,0.3,-0.5,0
204.833015399983,0,0.01,19,0,0,0.029,-0.017,-1,0.3,-0.5,0
204.843015399983,0,0,19,0,0,0.027,-0.014,-1.003,0.3,-0.6,0
204.853015399983,0,0,19,0,0,0.027,-0.014,-1.003,0.3,-0.6,0
204.863015399983,0,0,19,0,0,0.027,-0.014,-1.003,0.3,-0.6,0
204.873015399983,0,0,19,0,0,0.027,-0.014,-1.003,0.3,-0.6,0
204.883015399983,0,0,19,0,0,0.027,-0.014,-1.003,0.3,-0.6,0
204.893015399983,0,0,19,0,0,0.029,-0.016,-1.001,0.2,-0.6,0
204.903015399983,0,0,19,0,0,0.029,-0.016,-1.001,0.2,-0.6,0
204.913015399983,0,0,19,0,0,0.029,-0.016,-1.001,0.2,-0.6,0
204.923015399983,0,0,19,0,0,0.029,-0.016,-1.001,0.2,-0.6,0
204.933015399983,0,0,19,0,0,0.029,-0.016,-1.001,0.2,-0.6,0
204.943015399983,0,0,19,0,0,0.028,-0.015,-1.003,0.3,-0.6,0
204.953015399983,0,0,19,0,0,0.028,-0.015,-1.003,0.3,-0.6,0
204.963015399983,0,0,19,0,0,0.028,-0.015,-1.003,0.3,-0.6,0
204.973015399983,0,0,19,0,0,0.028,-0.015,-1.003,0.3,-0.6,0
204.983015399983,0,0,19,0,0,0.028,-0.015,-1.003,0.3,-0.6,0
204.993015399983,0,0,19,0,0,0.028,-0.015,-1.004,0.3,-0.6,0
205.003015399983,0,0,19,0,0,0.028,-0.015,-1.004,0.3,-0.6,0
205.013015399983,0,0,19,0,0,0.028,-0.015,-1.004,0.3,-0.6,0
205.023015399983,0,0,19,0,0,0.028,-0.015,-1.004,0.3,-0.6,0
205.033015399983,0,0,19,0,0,0.028,-0.015,-1.004,0.3,-0.6,0
205.043015399983,0,0,19,0,0,0.028,-0.015,-1.002,0.3,-0.6,0
205.053015399983,0,0,19,0,0,0.028,-0.015,-1.002,0.3,-0.6,0
205.063015399983,0,0,19,0,0,0.028,-0.015,-1.002,0.3,-0.6,0
205.073015399983,0,0,19,0,0,0.028,-0.015,-1.002,0.3,-0.6,0
205.083015399983,0,0,19,0,0,0.028,-0.015,-1.002,0.3,-0.6,0
205.093015399983,0,0,19,0,0,0.028,-0.014,-0.999,0.3,-0.4,0
205.103015399983,0,0,19,0,0,0.028,-0.014,-0.999,0.3,-0.4,0
205.113015399983,0,0,19,0,0,0.028,-0.014,-0.999,0.3,-0.4,0
205.123015399983,0,0,19,0,0,0.028,-0.014,-0.999,0.3,-0.4,0
205.133015399983,0,0,19,0,0,0.028,-0.014,-0.999,0.3,-0.4,0
205.143015399983,0,0,19,0,0,0.028,-0.015,-1.002,0.3,-0.6,0.1
205.153015399983,0,0,19,0,0,0.028,-0.015,-1.002,0.3,-0.6,0.1
205.163015399983,0,0,19,0,0,0.028,-0.015,-1.002,0.3,-0.6,0.1
205.173015399983,0,0,19,0,0,0.028,-0.015,-1.002,0.3,-0.6,0.1
205.183015399983,0,0,19,0,0,0.028,-0.015,-1.002,0.3,-0.6,0.1
205.193015399983,0,0.01,19,0,0,0.028,-0.016,-1,0.3,-0.6,0
205.203015399983,0,0.01,19,0,0,0.028,-0.016,-1,0.3,-0.6,0
205.213015399983,0,0.01,19,0,0,0.028,-0.016,-1,0.3,-0.6,0
205.223015399983,0,0.01,19,0,0,0.028,-0.016,-1,0.3,-0.6,0
205.233015399983,0,0.01,19,0,0,0.028,-0.016,-1,0.3,-0.6,0
205.243015399983,0,0,19,0,0,0.028,-0.013,-1.001,0.3,-0.6,0
205.253015399983,0,0,19,0,0,0.028,-0.013,-1.001,0.3,-0.6,0
205.263015399983,0,0,19,0,0,0.028,-0.013,-1.001,0.3,-0.6,0
205.273015399983,0,0,19,0,0,0.028,-0.013,-1.001,0.3,-0.6,0
205.283015399983,0,0,19,0,0,0.028,-0.013,-1.001,0.3,-0.6,0
205.293015399983,0,0,19,0,0,0.029,-0.016,-1.002,0.2,-0.6,0
205.303015399983,0,0,19,0,0,0.029,-0.016,-1.002,0.2,-0.6,0
205.313015399983,0,0,19,0,0,0.029,-0.016,-1.002,0.2,-0.6,0
205.323015399983,0,0,19,0,0,0.029,-0.016,-1.002,0.2,-0.6,0
205.333015399983,0,0,19,0,0,0.029,-0.016,-1.002,0.2,-0.6,0
205.343015399983,0,0,19,0,0,0.027,-0.015,-1,0.3,-0.4,0
205.353015399983,0,0,19,0,0,0.027,-0.015,-1,0.3,-0.4,0
205.363015399983,0,0,19,0,0,0.027,-0.015,-1,0.3,-0.4,0
205.373015399983,0,0,19,0,0,0.027,-0.015,-1,0.3,-0.4,0
205.383015399983,0,0,19,0,0,0.027,-0.015,-1,0.3,-0.4,0
205.393015399983,0,0.01,19,0,0,0.029,-0.014,-1,0.4,-0.6,0
205.403015399983,0,0.01,19,0,0,0.029,-0.014,-1,0.4,-0.6,0
205.413015399983,0,0.01,19,0,0,0.029,-0.014,-1,0.4,-0.6,0
205.423015399983,0,0.01,19,0,0,0.029,-0.014,-1,0.4,-0.6,0
205.433015399983,0,0.01,19,0,0,0.029,-0.014,-1,0.4,-0.6,0
205.443015399983,0,0,19,0,0,0.028,-0.014,-1.003,0.3,-0.6,0
205.453015399983,0,0,19,0,0,0.028,-0.014,-1.003,0.3,-0.6,0
205.463015399983,0,0,19,0,0,0.028,-0.014,-1.003,0.3,-0.6,0
205.473015399983,0,0,19,0,0,0.028,-0.014,-1.003,0.3,-0.6,0
205.483015399983,0,0,19,0,0,0.028,-0.014,-1.003,0.3,-0.6,0
205.493015399983,0,0,19,0,0,0.028,-0.015,-1.003,0.3,-0.6,0
205.503015399983,0,0,19,0,0,0.028,-0.015,-1.003,0.3,-0.6,0
205.513015399983,0,0,19,0,0,0.028,-0.015,-1.003,0.3,-0.6,0
205.523015399983,0,0,19,0,0,0.028,-0.015,-1.003,0.3,-0.6,0
205.533015399983,0,0,19,0,0,0.028,-0.015,-1.003,0.3,-0.6,0
205.543015399983,0,0.01,19,0,0,0.029,-0.015,-1.001,0.4,-0.4,0.1
205.553015399983,0,0.01,19,0,0,0.029,-0.015,-1.001,0.4,-0.4,0.1
205.563015399983,0,0.01,19,0,0,0.029,-0.015,-1.001,0.4,-0.4,0.1
205.573015399983,0,0.01,19,0,0,0.029,-0.015,-1.001,0.4,-0.4,0.1
205.583015399983,0,0.01,19,0,0,0.029,-0.015,-1.001,0.4,-0.4,0.1
205.593015399983,0,0,19,0,0,0.027,-0.015,-1.001,0.3,-0.6,0.1
205.603015399983,0,0,19,0,0,0.027,-0.015,-1.001,0.3,-0.6,0.1
205.613015399983,0,0,19,0,0,0.027,-0.015,-1.001,0.3,-0.6,0.1
205.623015399983,0,0,19,0,0,0.027,-0.015,-1.001,0.3,-0.6,0.1
205.633015399983,0,0,19,0,0,0.027,-0.015,-1.001,0.3,-0.6,0.1
205.643015399983,0,0,19,0,0,0.028,-0.016,-1.001,0.3,-0.5,0
205.653015399983,0,0,19,0,0,0.028,-0.016,-1.001,0.3,-0.5,0
205.663015399983,0,0,19,0,0,0.028,-0.016,-1.001,0.3,-0.5,0
205.673015399983,0,0,19,0,0,0.028,-0.016,-1.001,0.3,-0.5,0
205.683015399983,0,0,19,0,0,0.028,-0.016,-1.001,0.3,-0.5,0
205.693015399983,0,0,19,0,0,0.028,-0.015,-1.001,0.3,-0.7,0
205.703015399983,0,0,19,0,0,0.028,-0.015,-1.001,0.3,-0.7,0
205.713015399983,0,0,19,0,0,0.028,-0.015,-1.001,0.3,-0.7,0
205.723015399983,0,0,19,0,0,0.028,-0.015,-1.001,0.3,-0.7,0
205.733015399983,0,0,19,0,0,0.028,-0.015,-1.001,0.3,-0.7,0
205.743015399983,0,0,19,0,0,0.029,-0.014,-1.002,0.3,-0.4,0
205.753015399983,0,0,19,0,0,0.029,-0.014,-1.002,0.3,-0.4,0
205.763015399983,0,0,19,0,0,0.029,-0.014,-1.002,0.3,-0.4,0
205.773015399983,0,0,19,0,0,0.029,-0.014,-1.002,0.3,-0.4,0
205.783015399983,0,0,19,0,0,0.029,-0.014,-1.002,0.3,-0.4,0
205.793015399983,0,0,19,0,0,0.028,-0.014,-1.003,0.3,-0.5,0
205.803015399983,0,0,19,0,0,0.028,-0.014,-1.003,0.3,-0.5,0
205.813015399983,0,0,19,0,0,0.028,-0.014,-1.003,0.3,-0.5,0
205.823015399983,0,0,19,0,0,0.028,-0.014,-1.003,0.3,-0.5,0
205.833015399983,0,0,19,0,0,0.028,-0.014,-1.003,0.3,-0.5,0
205.843015399983,0,0,19,0,0,0.029,-0.015,-1,0.3,-0.5,0
205.853015399983,0,0,19,0,0,0.029,-0.015,-1,0.3,-0.5,0
205.863015399983,0,0,19,0,0,0.029,-0.015,-1,0.3,-0.5,0
205.873015399983,0,0,19,0,0,0.029,-0.015,-1,0.3,-0.5,0
205.883015399983,0,0,19,0,0,0.029,-0.015,-1,0.3,-0.5,0
205.893015399983,0,0,19,0,0,0.027,-0.015,-1.002,0.3,-0.5,0
205.903015399983,0,0,19,0,0,0.027,-0.015,-1.002,0.3,-0.5,0
205.913015399983,0,0,19,0,0,0.027,-0.015,-1.002,0.3,-0.5,0
205.923015399983,0,0,19,0,0,0.027,-0.015,-1.002,0.3,-0.5,0
205.933015399983,0,0,19,0,0,0.027,-0.015,-1.002,0.3,-0.5,0
205.943015399982,0,0.01,19,0,0,0.029,-0.015,-1.002,0.3,-0.5,0
205.953015399982,0,0.01,19,0,0,0.029,-0.015,-1.002,0.3,-0.5,0
205.963015399983,0,0.01,19,0,0,0.029,-0.015,-1.002,0.3,-0.5,0
205.973015399983,0,0.01,19,0,0,0.029,-0.015,-1.002,0.3,-0.5,0
205.983015399982,0,0.01,19,0,0,0.029,-0.015,-1.002,0.3,-0.5,0
205.993015399982,0,0,19,0,0,0.028,-0.014,-1,0.3,-0.6,0
206.003015399982,0,0,19,0,0,0.028,-0.014,-1,0.3,-0.6,0
206.013015399982,0,0,19,0,0,0.028,-0.014,-1,0.3,-0.6,0
206.023015399982,0,0,19,0,0,0.028,-0.014,-1,0.3,-0.6,0
206.033015399982,0,0,19,0,0,0.028,-0.014,-1,0.3,-0.6,0
206.043015399982,0,0,19,0,0,0.028,-0.015,-1.001,0.3,-0.5,0
206.053015399982,0,0,19,0,0,0.028,-0.015,-1.001,0.3,-0.5,0
206.063015399982,0,0,19,0,0,0.028,-0.015,-1.001,0.3,-0.5,0
206.073015399982,0,0,19,0,0,0.028,-0.015,-1.001,0.3,-0.5,0
206.083015399982,0,0,19,0,0,0.028,-0.015,-1.001,0.3,-0.5,0
206.093015399982,0,0.01,19,0,0,0.027,-0.015,-1.001,0.3,-0.6,0
206.103015399982,0,0.01,19,0,0,0.027,-0.015,-1.001,0.3,-0.6,0
206.113015399982,0,0.01,19,0,0,0.027,-0.015,-1.001,0.3,-0.6,0
206.123015399982,0,0.01,19,0,0,0.027,-0.015,-1.001,0.3,-0.6,0
206.133015399982,0,0.01,19,0,0,0.027,-0.015,-1.001,0.3,-0.6,0
206.143015399982,0,0,19,0,0,0.028,-0.015,-1.002,0.3,-0.6,0
206.153015399982,0,0,19,0,0,0.028,-0.015,-1.002,0.3,-0.6,0
206.163015399982,0,0,19,0,0,0.028,-0.015,-1.002,0.3,-0.6,0
206.173015399982,0,0,19,0,0,0.028,-0.015,-1.002,0.3,-0.6,0
206.183015399982,0,0,19,0,0,0.028,-0.015,-1.002,0.3,-0.6,0
206.193015399982,0,0,19,0,0,0.027,-0.016,-1.002,0.3,-0.6,0
206.203015399982,0,0,19,0,0,0.027,-0.016,-1.002,0.3,-0.6,0
206.213015399982,0,0,19,0,0,0.027,-0.016,-1.002,0.3,-0.6,0
206.223015399982,0,0,19,0,0,0.027,-0.016,-1.002,0.3,-0.6,0
206.233015399982,0,0,19,0,0,0.027,-0.016,-1.002,0.3,-0.6,0
206.243015399982,0,0.01,19,0,0,0.028,-0.016,-1.003,0.3,-0.5,0
206.253015399982,0,0.01,19,0,0,0.028,-0.016,-1.003,0.3,-0.5,0
206.263015399982,0,0.01,19,0,0,0.028,-0.016,-1.003,0.3,-0.5,0
206.273015399982,0,0.01,19,0,0,0.028,-0.016,-1.003,0.3,-0.5,0
206.283015399982,0,0.01,19,0,0,0.028,-0.016,-1.003,0.3,-0.5,0
206.293015399982,0,0,19,0,0,0.028,-0.015,-1.002,0.3,-0.6,0
206.303015399982,0,0,19,0,0,0.028,-0.015,-1.002,0.3,-0.6,0
206.313015399982,0,0,19,0,0,0.028,-0.015,-1.002,0.3,-0.6,0
206.323015399982,0,0,19,0,0,0.028,-0.015,-1.002,0.3,-0.6,0
206.333015399982,0,0,19,0,0,0.028,-0.015,-1.002,0.3,-0.6,0
206.343015399982,0,0,19,0,0,0.028,-0.014,-1.001,0.3,-0.6,0
206.353015399982,0,0,19,0,0,0.028,-0.014,-1.001,0.3,-0.6,0
206.363015399982,0,0,19,0,0,0.028,-0.014,-1.001,0.3,-0.6,0
206.373015399982,0,0,19,0,0,0.028,-0.014,-1.001,0.3,-0.6,0
206.383015399982,0,0,19,0,0,0.028,-0.014,-1.001,0.3,-0.6,0
206.393015399982,0,0,19,0,0,0.027,-0.015,-1.002,0.3,-0.6,0
206.403015399982,0,0,19,0,0,0.027,-0.015,-1.002,0.3,-0.6,0
206.413015399982,0,0,19,0,0,0.027,-0.015,-1.002,0.3,-0.6,0
206.423015399982,0,0,19,0,0,0.027,-0.015,-1.002,0.3,-0.6,0
206.433015399982,0,0,19,0,0,0.027,-0.015,-1.002,0.3,-0.6,0
206.443015399982,0,0,19,0,0,0.029,-0.016,-1.001,0.3,-0.6,0.1
206.453015399982,0,0,19,0,0,0.029,-0.016,-1.001,0.3,-0.6,0.1
206.463015399982,0,0,19,0,0,0.029,-0.016,-1.001,0.3,-0.6,0.1
206.473015399982,0,0,19,0,0,0.029,-0.016,-1.001,0.3,-0.6,0.1
206.483015399982,0,0,19,0,0,0.029,-0.016,-1.001,0.3,-0.6,0.1
206.493015399982,0,0,19,0,0,0.028,-0.015,-1.002,0.3,-0.5,0
206.503015399982,0,0,19,0,0,0.028,-0.015,-1.002,0.3,-0.5,0
206.513015399982,0,0,19,0,0,0.028,-0.015,-1.002,0.3,-0.5,0
206.523015399982,0,0,19,0,0,0.028,-0.015,-1.002,0.3,-0.5,0
206.533015399982,0,0,19,0,0,0.028,-0.015,-1.002,0.3,-0.5,0
206.543015399982,0,0,19,0,0,0.027,-0.015,-1.001,0.3,-0.6,0
206.553015399982,0,0,19,0,0,0.027,-0.015,-1.001,0.3,-0.6,0
206.563015399982,0,0,19,0,0,0.027,-0.015,-1.001,0.3,-0.6,0
206.573015399982,0,0,19,0,0,0.027,-0.015,-1.001,0.3,-0.6,0
206.583015399982,0,0,19,0,0,0.027,-0.015,-1.001,0.3,-0.6,0
206.593015399982,0,0,19,0,0,0.029,-0.014,-1.001,0.3,-0.5,0
206.603015399982,0,0,19,0,0,0.029,-0.014,-1.001,0.3,-0.5,0
206.613015399982,0,0,19,0,0,0.029,-0.014,-1.001,0.3,-0.5,0
206.623015399982,0,0,19,0,0,0.029,-0.014,-1.001,0.3,-0.5,0
206.633015399982,0,0,19,0,0,0.029,-0.014,-1.001,0.3,-0.5,0
206.643015399982,0,0.01,19,0,0,0.028,-0.016,-1.002,0.3,-0.6,0
206.653015399982,0,0.01,19,0,0,0.028,-0.016,-1.002,0.3,-0.6,0
206.663015399982,0,0.01,19,0,0,0.028,-0.016,-1.002,0.3,-0.6,0
206.673015399982,0,0.01,19,0,0,0.028,-0.016,-1.002,0.3,-0.6,0
206.683015399982,0,0.01,19,0,0,0.028,-0.016,-1.002,0.3,-0.6,0
206.693015399982,0,0,19,0,0,0.027,-0.015,-1.001,0.3,-0.5,0
206.703015399982,0,0,19,0,0,0.027,-0.015,-1.001,0.3,-0.5,0
206.713015399982,0,0,19,0,0,0.027,-0.015,-1.001,0.3,-0.5,0
206.723015399982,0,0,19,0,0,0.027,-0.015,-1.001,0.3,-0.5,0
206.733015399982,0,0,19,0,0,0.027,-0.015,-1.001,0.3,-0.5,0
206.743015399982,0,0,19,0,0,0.028,-0.015,-1.002,0.3,-0.6,0
206.753015399982,0,0,19,0,0,0.028,-0.015,-1.002,0.3,-0.6,0
206.763015399982,0,0,19,0,0,0.028,-0.015,-1.002,0.3,-0.6,0
206.773015399982,0,0,19,0,0,0.028,-0.015,-1.002,0.3,-0.6,0
206.783015399982,0,0,19,0,0,0.028,-0.015,-1.002,0.3,-0.6,0
206.793015399982,0,0,19,0,0,0.028,-0.015,-1.001,0.3,-0.6,0
206.803015399982,0,0,19,0,0,0.028,-0.015,-1.001,0.3,-0.6,0
206.813015399982,0,0,19,0,0,0.028,-0.015,-1.001,0.3,-0.6,0
206.823015399982,0,0,19,0,0,0.028,-0.015,-1.001,0.3,-0.6,0
206.833015399982,0,0,19,0,0,0.028,-0.015,-1.001,0.3,-0.6,0
206.843015399982,0,0,19,0,0,0.028,-0.015,-1.002,0.3,-0.6,0
206.853015399982,0,0,19,0,0,0.028,-0.015,-1.002,0.3,-0.6,0
206.863015399982,0,0,19,0,0,0.028,-0.015,-1.002,0.3,-0.6,0
206.873015399982,0,0,19,0,0,0.028,-0.015,-1.002,0.3,-0.6,0
206.883015399982,0,0,19,0,0,0.028,-0.015,-1.002,0.3,-0.6,0
206.893015399982,0,0,19,0,0,0.028,-0.015,-1.001,0.3,-0.5,0
206.903015399982,0,0,19,0,0,0.028,-0.015,-1.001,0.3,-0.5,0
206.913015399982,0,0,19,0,0,0.028,-0.015,-1.001,0.3,-0.5,0
206.923015399982,0,0,19,0,0,0.028,-0.015,-1.001,0.3,-0.5,0
206.933015399982,0,0,19,0,0,0.028,-0.015,-1.001,0.3,-0.5,0
206.943015399982,0,0,19,0,0,0.027,-0.014,-1,0.3,-0.6,0
206.953015399982,0,0,19,0,0,0.027,-0.014,-1,0.3,-0.6,0
206.963015399982,0,0,19,0,0,0.027,-0.014,-1,0.3,-0.6,0
206.973015399982,0,0,19,0,0,0.027,-0.014,-1,0.3,-0.6,0
206.983015399982,0,0,19,0,0,0.027,-0.014,-1,0.3,-0.6,0
206.993015399982,0,0.01,19,0,0,0.027,-0.015,-1.001,0.3,-0.6,0
207.003015399982,0,0.01,19,0,0,0.027,-0.015,-1.001,0.3,-0.6,0
207.013015399982,0,0.01,19,0,0,0.027,-0.015,-1.001,0.3,-0.6,0
207.023015399982,0,0.01,19,0,0,0.027,-0.015,-1.001,0.3,-0.6,0
207.033015399982,0,0.01,19,0,0,0.027,-0.015,-1.001,0.3,-0.6,0
207.043015399982,0,0,19,0,0,0.028,-0.014,-1.001,0.3,-0.6,0
207.053015399982,0,0,19,0,0,0.028,-0.014,-1.001,0.3,-0.6,0
207.063015399982,0,0,19,0,0,0.028,-0.014,-1.001,0.3,-0.6,0
207.073015399982,0,0,19,0,0,0.028,-0.014,-1.001,0.3,-0.6,0
207.083015399982,0,0,19,0,0,0.028,-0.014,-1.001,0.3,-0.6,0
207.093015399982,0,0,19,0,0,0.028,-0.015,-1.002,0.3,-0.6,0
207.103015399982,0,0,19,0,0,0.028,-0.015,-1.002,0.3,-0.6,0
207.113015399982,0,0,19,0,0,0.028,-0.015,-1.002,0.3,-0.6,0
207.123015399982,0,0,19,0,0,0.028,-0.015,-1.002,0.3,-0.6,0
207.133015399982,0,0,19,0,0,0.028,-0.015,-1.002,0.3,-0.6,0
207.143015399982,0,0.01,19,0,0,0.028,-0.014,-1.003,0.3,-0.6,0
207.153015399982,0,0.01,19,0,0,0.028,-0.014,-1.003,0.3,-0.6,0
207.163015399982,0,0.01,19,0,0,0.028,-0.014,-1.003,0.3,-0.6,0
207.173015399982,0,0.01,19,0,0,0.028,-0.014,-1.003,0.3,-0.6,0
207.183015399982,0,0.01,19,0,0,0.028,-0.014,-1.003,0.3,-0.6,0
207.193015399982,0,0,19,0,0,0.028,-0.015,-1.001,0.3,-0.6,0
207.203015399982,0,0,19,0,0,0.028,-0.015,-1.001,0.3,-0.6,0
207.213015399982,0,0,19,0,0,0.028,-0.015,-1.001,0.3,-0.6,0
207.223015399982,0,0,19,0,0,0.028,-0.015,-1.001,0.3,-0.6,0
207.233015399982,0,0,19,0,0,0.028,-0.015,-1.001,0.3,-0.6,0
207.243015399982,0,0,19,0,0,0.028,-0.014,-1.002,0.3,-0.5,0
207.253015399982,0,0,19,0,0,0.028,-0.014,-1.002,0.3,-0.5,0
207.263015399982,0,0,19,0,0,0.028,-0.014,-1.002,0.3,-0.5,0
207.273015399982,0,0,19,0,0,0.028,-0.014,-1.002,0.3,-0.5,0
207.283015399982,0,0,19,0,0,0.028,-0.014,-1.002,0.3,-0.5,0
207.293015399982,0,0,19,0,0,0.028,-0.015,-1.002,0.3,-0.5,0
207.303015399982,0,0,19,0,0,0.028,-0.015,-1.002,0.3,-0.5,0
207.313015399982,0,0,19,0,0,0.028,-0.015,-1.002,0.3,-0.5,0
207.323015399982,0,0,19,0,0,0.028,-0.015,-1.002,0.3,-0.5,0
207.333015399982,0,0,19,0,0,0.028,-0.015,-1.002,0.3,-0.5,0
207.343015399982,0,0,19,0,0,0.028,-0.016,-1.002,0.3,-0.6,0
207.353015399982,0,0,19,0,0,0.028,-0.016,-1.002,0.3,-0.6,0
207.363015399982,0,0,19,0,0,0.028,-0.016,-1.002,0.3,-0.6,0
207.373015399982,0,0,19,0,0,0.028,-0.016,-1.002,0.3,-0.6,0
207.383015399982,0,0,19,0,0,0.028,-0.016,-1.002,0.3,-0.6,0
207.393015399982,0,0,19,0,0,0.028,-0.015,-1,0.3,-0.6,0.1
207.403015399982,0,0,19,0,0,0.028,-0.015,-1,0.3,-0.6,0.1
207.413015399982,0,0,19,0,0,0.028,-0.015,-1,0.3,-0.6,0.1
207.423015399982,0,0,19,0,0,0.028,-0.015,-1,0.3,-0.6,0.1
207.433015399982,0,0,19,0,0,0.028,-0.015,-1,0.3,-0.6,0.1
207.443015399982,0,0,19,0,0,0.028,-0.016,-1.002,0.3,-0.6,0
207.453015399982,0,0,19,0,0,0.028,-0.016,-1.002,0.3,-0.6,0
207.463015399982,0,0,19,0,0,0.028,-0.016,-1.002,0.3,-0.6,0
207.473015399982,0,0,19,0,0,0.028,-0.016,-1.002,0.3,-0.6,0
207.483015399982,0,0,19,0,0,0.028,-0.016,-1.002,0.3,-0.6,0
207.493015399982,0,0,19,0,0,0.029,-0.015,-1.002,0.2,-0.6,0
207.503015399982,0,0,19,0,0,0.029,-0.015,-1.002,0.2,-0.6,0
207.513015399982,0,0,19,0,0,0.029,-0.015,-1.002,0.2,-0.6,0
207.523015399982,0,0,19,0,0,0.029,-0.015,-1.002,0.2,-0.6,0
207.533015399982,0,0,19,0,0,0.029,-0.015,-1.002,0.2,-0.6,0
207.543015399982,0,0,19,0,0,0.028,-0.015,-1.001,0.3,-0.6,0
207.553015399982,0,0,19,0,0,0.028,-0.015,-1.001,0.3,-0.6,0
207.563015399982,0,0,19,0,0,0.028,-0.015,-1.001,0.3,-0.6,0
207.573015399982,0,0,19,0,0,0.028,-0.015,-1.001,0.3,-0.6,0
207.583015399982,0,0,19,0,0,0.028,-0.015,-1.001,0.3,-0.6,0
207.593015399982,0,0,19,0,0,0.028,-0.015,-1.002,0.3,-0.6,0
207.603015399982,0,0,19,0,0,0.028,-0.015,-1.002,0.3,-0.6,0
207.613015399982,0,0,19,0,0,0.028,-0.015,-1.002,0.3,-0.6,0
207.623015399982,0,0,19,0,0,0.028,-0.015,-1.002,0.3,-0.6,0
207.633015399982,0,0,19,0,0,0.028,-0.015,-1.002,0.3,-0.6,0
207.643015399982,0,0.01,19,0,0,0.029,-0.014,-1.002,0.3,-0.5,0
207.653015399982,0,0.01,19,0,0,0.029,-0.014,-1.002,0.3,-0.5,0
207.663015399982,0,0.01,19,0,0,0.029,-0.014,-1.002,0.3,-0.5,0
207.673015399982,0,0.01,19,0,0,0.029,-0.014,-1.002,0.3,-0.5,0
207.683015399982,0,0.01,19,0,0,0.029,-0.014,-1.002,0.3,-0.5,0
207.693015399982,0,0,19,0,0,0.028,-0.016,-1,0.3,-0.6,0
207.703015399982,0,0,19,0,0,0.028,-0.016,-1,0.3,-0.6,0
207.713015399982,0,0,19,0,0,0.028,-0.016,-1,0.3,-0.6,0
207.723015399982,0,0,19,0,0,0.028,-0.016,-1,0.3,-0.6,0
207.733015399982,0,0,19,0,0,0.028,-0.016,-1,0.3,-0.6,0
207.743015399982,0,0,19,0,0,0.028,-0.016,-1.001,0.3,-0.6,0
207.753015399982,0,0,19,0,0,0.028,-0.016,-1.001,0.3,-0.6,0
207.763015399982,0,0,19,0,0,0.028,-0.016,-1.001,0.3,-0.6,0
207.773015399982,0,0,19,0,0,0.028,-0.016,-1.001,0.3,-0.6,0
207.783015399982,0,0,19,0,0,0.028,-0.016,-1.001,0.3,-0.6,0
207.793015399982,0,0.01,19,0,0,0.028,-0.015,-1.001,0.3,-0.6,0
207.803015399982,0,0.01,19,0,0,0.028,-0.015,-1.001,0.3,-0.6,0
207.813015399982,0,0.01,19,0,0,0.028,-0.015,-1.001,0.3,-0.6,0
207.823015399982,0,0.01,19,0,0,0.028,-0.015,-1.001,0.3,-0.6,0
207.833015399982,0,0.01,19,0,0,0.028,-0.015,-1.001,0.3,-0.6,0
207.843015399982,0,0,19,0,0,0.029,-0.015,-1.002,0.3,-0.6,0
207.853015399982,0,0,19,0,0,0.029,-0.015,-1.002,0.3,-0.6,0
207.863015399982,0,0,19,0,0,0.029,-0.015,-1.002,0.3,-0.6,0
207.873015399982,0,0,19,0,0,0.029,-0.015,-1.002,0.3,-0.6,0
207.883015399982,0,0,19,0,0,0.029,-0.015,-1.002,0.3,-0.6,0
207.893015399982,0,0,19,0,0,0.028,-0.015,-1.001,0.3,-0.6,0.1
207.903015399982,0,0,19,0,0,0.028,-0.015,-1.001,0.3,-0.6,0.1
207.913015399982,0,0,19,0,0,0.028,-0.015,-1.001,0.3,-0.6,0.1
207.923015399982,0,0,19,0,0,0.028,-0.015,-1.001,0.3,-0.6,0.1
207.933015399982,0,0,19,0,0,0.028,-0.015,-1.001,0.3,-0.6,0.1
207.943015399982,0,0.01,19,0,0,0.028,-0.015,-1.001,0.3,-0.6,0
207.953015399982,0,0.01,19,0,0,0.028,-0.015,-1.001,0.3,-0.6,0
207.963015399982,0,0.01,19,0,0,0.028,-0.015,-1.001,0.3,-0.6,0
207.973015399982,0,0.01,19,0,0,0.028,-0.015,-1.001,0.3,-0.6,0
207.983015399982,0,0.01,19,0,0,0.028,-0.015,-1.001,0.3,-0.6,0
207.993015399982,0,0,19,0,0,0.028,-0.015,-1.002,0.2,-0.6,0
208.003015399982,0,0,19,0,0,0.028,-0.015,-1.002,0.2,-0.6,0
208.013015399982,0,0,19,0,0,0.028,-0.015,-1.002,0.2,-0.6,0
208.023015399982,0,0,19,0,0,0.028,-0.015,-1.002,0.2,-0.6,0
208.033015399982,0,0,19,0,0,0.028,-0.015,-1.002,0.2,-0.6,0
208.043015399982,0,0,19,0,0,0.028,-0.014,-1,0.3,-0.5,0
208.053015399982,0,0,19,0,0,0.028,-0.014,-1,0.3,-0.5,0
208.063015399982,0,0,19,0,0,0.028,-0.014,-1,0.3,-0.5,0
208.073015399982,0,0,19,0,0,0.028,-0.014,-1,0.3,-0.5,0
208.083015399982,0,0,19,0,0,0.028,-0.014,-1,0.3,-0.5,0
208.093015399982,0,0.01,19,0,0,0.028,-0.017,-1.001,0.3,-0.6,0
208.103015399982,0,0.01,19,0,0,0.028,-0.017,-1.001,0.3,-0.6,0
208.113015399982,0,0.01,19,0,0,0.028,-0.017,-1.001,0.3,-0.6,0
208.123015399982,0,0.01,19,0,0,0.028,-0.017,-1.001,0.3,-0.6,0
208.133015399982,0,0.01,19,0,0,0.028,-0.017,-1.001,0.3,-0.6,0
208.143015399982,0,0,19,0,0,0.029,-0.015,-1.001,0.2,-0.6,0
208.153015399982,0,0,19,0,0,0.029,-0.015,-1.001,0.2,-0.6,0
208.163015399982,0,0,19,0,0,0.029,-0.015,-1.001,0.2,-0.6,0
208.173015399982,0,0,19,0,0,0.029,-0.015,-1.001,0.2,-0.6,0
208.183015399982,0,0,19,0,0,0.029,-0.015,-1.001,0.2,-0.6,0
208.193015399982,0,0,19,0,0,0.029,-0.015,-1.002,0.3,-0.6,0.1
208.203015399982,0,0,19,0,0,0.029,-0.015,-1.002,0.3,-0.6,0.1
208.213015399982,0,0,19,0,0,0.029,-0.015,-1.002,0.3,-0.6,0.1
208.223015399982,0,0,19,0,0,0.029,-0.015,-1.002,0.3,-0.6,0.1
208.233015399982,0,0,19,0,0,0.029,-0.015,-1.002,0.3,-0.6,0.1
208.243015399982,0,0,19,0,0,0.028,-0.016,-1.002,0.3,-0.6,0
208.253015399982,0,0,19,0,0,0.028,-0.016,-1.002,0.3,-0.6,0
208.263015399982,0,0,19,0,0,0.028,-0.016,-1.002,0.3,-0.6,0
208.273015399982,0,0,19,0,0,0.028,-0.016,-1.002,0.3,-0.6,0
208.283015399982,0,0,19,0,0,0.028,-0.016,-1.002,0.3,-0.6,0
208.293015399982,0,0,19,0,0,0.028,-0.015,-1.001,0.3,-0.6,0.1
208.303015399982,0,0,19,0,0,0.028,-0.015,-1.001,0.3,-0.6,0.1
208.313015399982,0,0,19,0,0,0.028,-0.015,-1.001,0.3,-0.6,0.1
208.323015399982,0,0,19,0,0,0.028,-0.015,-1.001,0.3,-0.6,0.1
208.333015399982,0,0,19,0,0,0.028,-0.015,-1.001,0.3,-0.6,0.1
208.343015399982,0,0,19,0,0,0.028,-0.014,-1.002,0.3,-0.6,0
208.353015399982,0,0,19,0,0,0.028,-0.014,-1.002,0.3,-0.6,0
208.363015399982,0,0,19,0,0,0.028,-0.014,-1.002,0.3,-0.6,0
208.373015399982,0,0,19,0,0,0.028,-0.014,-1.002,0.3,-0.6,0
208.383015399982,0,0,19,0,0,0.028,-0.014,-1.002,0.3,-0.6,0
208.393015399982,0,0,19,0,0,0.027,-0.015,-1.001,0.3,-0.6,0
208.403015399982,0,0,19,0,0,0.027,-0.015,-1.001,0.3,-0.6,0
208.413015399982,0,0,19,0,0,0.027,-0.015,-1.001,0.3,-0.6,0
208.423015399982,0,0,19,0,0,0.027,-0.015,-1.001,0.3,-0.6,0
208.433015399982,0,0,19,0,0,0.027,-0.015,-1.001,0.3,-0.6,0
208.443015399982,0,0,19,0,0,0.029,-0.015,-1.001,0.3,-0.5,0
208.453015399982,0,0,19,0,0,0.029,-0.015,-1.001,0.3,-0.5,0
208.463015399982,0,0,19,0,0,0.029,-0.015,-1.001,0.3,-0.5,0
208.473015399982,0,0,19,0,0,0.029,-0.015,-1.001,0.3,-0.5,0
208.483015399982,0,0,19,0,0,0.029,-0.015,-1.001,0.3,-0.5,0
208.493015399982,0,0,19,0,0,0.028,-0.016,-1.002,0.3,-0.5,0
208.503015399982,0,0,19,0,0,0.028,-0.016,-1.002,0.3,-0.5,0
208.513015399982,0,0,19,0,0,0.028,-0.016,-1.002,0.3,-0.5,0
208.523015399982,0,0,19,0,0,0.028,-0.016,-1.002,0.3,-0.5,0
208.533015399982,0,0,19,0,0,0.028,-0.016,-1.002,0.3,-0.5,0
208.543015399982,0,0,19,0,0,0.028,-0.014,-1.001,0.3,-0.5,0
208.553015399982,0,0,19,0,0,0.028,-0.014,-1.001,0.3,-0.5,0
208.563015399982,0,0,19,0,0,0.028,-0.014,-1.001,0.3,-0.5,0
208.573015399982,0,0,19,0,0,0.028,-0.014,-1.001,0.3,-0.5,0
208.583015399982,0,0,19,0,0,0.028,-0.014,-1.001,0.3,-0.5,0
208.593015399982,0,0,19,0,0,0.028,-0.015,-1.002,0.3,-0.6,0
208.603015399982,0,0,19,0,0,0.028,-0.015,-1.002,0.3,-0.6,0
208.613015399982,0,0,19,0,0,0.028,-0.015,-1.002,0.3,-0.6,0
208.623015399982,0,0,19,0,0,0.028,-0.015,-1.002,0.3,-0.6,0
208.633015399982,0,0,19,0,0,0.028,-0.015,-1.002,0.3,-0.6,0
208.643015399982,0,0.01,19,0,0,0.03,-0.015,-1.001,0.3,-0.6,0
208.653015399982,0,0.01,19,0,0,0.03,-0.015,-1.001,0.3,-0.6,0
208.663015399982,0,0.01,19,0,0,0.03,-0.015,-1.001,0.3,-0.6,0
208.673015399982,0,0.01,19,0,0,0.03,-0.015,-1.001,0.3,-0.6,0
208.683015399982,0,0.01,19,0,0,0.03,-0.015,-1.001,0.3,-0.6,0
208.693015399982,0,0.01,19,0,0,0.027,-0.016,-1.001,0.3,-0.6,0
208.703015399982,0,0.01,19,0,0,0.027,-0.016,-1.001,0.3,-0.6,0
208.713015399982,0,0.01,19,0,0,0.027,-0.016,-1.001,0.3,-0.6,0
208.723015399982,0,0.01,19,0,0,0.027,-0.016,-1.001,0.3,-0.6,0
208.733015399982,0,0.01,19,0,0,0.027,-0.016,-1.001,0.3,-0.6,0
208.743015399982,0,0,19,0,0,0.029,-0.015,-1.001,0.3,-0.6,0
208.753015399982,0,0,19,0,0,0.029,-0.015,-1.001,0.3,-0.6,0
208.763015399982,0,0,19,0,0,0.029,-0.015,-1.001,0.3,-0.6,0
208.773015399982,0,0,19,0,0,0.029,-0.015,-1.001,0.3,-0.6,0
208.783015399982,0,0,19,0,0,0.029,-0.015,-1.001,0.3,-0.6,0
208.793015399982,0,0,19,0,0,0.028,-0.016,-1.001,0.3,-0.5,0
208.803015399982,0,0,19,0,0,0.028,-0.016,-1.001,0.3,-0.5,0
208.813015399982,0,0,19,0,0,0.028,-0.016,-1.001,0.3,-0.5,0
208.823015399982,0,0,19,0,0,0.028,-0.016,-1.001,0.3,-0.5,0
208.833015399982,0,0,19,0,0,0.028,-0.016,-1.001,0.3,-0.5,0
208.843015399982,0,0,19,0,0,0.028,-0.016,-1,0.2,-0.6,0
208.853015399982,0,0,19,0,0,0.028,-0.016,-1,0.2,-0.6,0
208.863015399982,0,0,19,0,0,0.028,-0.016,-1,0.2,-0.6,0
208.873015399982,0,0,19,0,0,0.028,-0.016,-1,0.2,-0.6,0
208.883015399982,0,0,19,0,0,0.028,-0.016,-1,0.2,-0.6,0
208.893015399981,0,0.01,19,0,0,0.027,-0.014,-1.001,0.3,-0.5,0
208.903015399981,0,0.01,19,0,0,0.027,-0.014,-1.001,0.3,-0.5,0
208.913015399982,0,0.01,19,0,0,0.027,-0.014,-1.001,0.3,-0.5,0
208.923015399981,0,0.01,19,0,0,0.027,-0.014,-1.001,0.3,-0.5,0
208.933015399981,0,0.01,19,0,0,0.027,-0.014,-1.001,0.3,-0.5,0
208.943015399981,0,0,19,0,0,0.029,-0.015,-1.002,0.3,-0.6,0.1
208.953015399981,0,0,19,0,0,0.029,-0.015,-1.002,0.3,-0.6,0.1
208.963015399981,0,0,19,0,0,0.029,-0.015,-1.002,0.3,-0.6,0.1
208.973015399981,0,0,19,0,0,0.029,-0.015,-1.002,0.3,-0.6,0.1
208.983015399981,0,0,19,0,0,0.029,-0.015,-1.002,0.3,-0.6,0.1
208.993015399981,0,0,19,0,0,0.027,-0.016,-1.002,0.3,-0.6,0
209.003015399981,0,0,19,0,0,0.027,-0.016,-1.002,0.3,-0.6,0
209.013015399981,0,0,19,0,0,0.027,-0.016,-1.002,0.3,-0.6,0
209.023015399981,0,0,19,0,0,0.027,-0.016,-1.002,0.3,-0.6,0
209.033015399981,0,0,19,0,0,0.027,-0.016,-1.002,0.3,-0.6,0
209.043015399981,0,0,19,0,0,0.028,-0.015,-1.001,0.3,-0.5,0
209.053015399981,0,0,19,0,0,0.028,-0.015,-1.001,0.3,-0.5,0
209.063015399981,0,0,19,0,0,0.028,-0.015,-1.001,0.3,-0.5,0
209.073015399981,0,0,19,0,0,0.028,-0.015,-1.001,0.3,-0.5,0
209.083015399981,0,0,19,0,0,0.028,-0.015,-1.001,0.3,-0.5,0
209.093015399981,0,0.01,19,0,0,0.028,-0.015,-1.001,0.3,-0.5,0
209.103015399981,0,0.01,19,0,0,0.028,-0.015,-1.001,0.3,-0.5,0
209.113015399981,0,0.01,19,0,0,0.028,-0.015,-1.001,0.3,-0.5,0
209.123015399981,0,0.01,19,0,0,0.028,-0.015,-1.001,0.3,-0.5,0
209.133015399981,0,0.01,19,0,0,0.028,-0.015,-1.001,0.3,-0.5,0
209.143015399981,0,0,19,0,0,0.028,-0.015,-1.002,0.3,-0.6,0.1
209.153015399981,0,0,19,0,0,0.028,-0.015,-1.002,0.3,-0.6,0.1
209.163015399981,0,0,19,0,0,0.028,-0.015,-1.002,0.3,-0.6,0.1
209.173015399981,0,0,19,0,0,0.028,-0.015,-1.002,0.3,-0.6,0.1
209.183015399981,0,0,19,0,0,0.028,-0.015,-1.002,0.3,-0.6,0.1
209.193015399981,0,0,19,0,0,0.028,-0.015,-1.001,0.3,-0.5,0
209.203015399981,0,0,19,0,0,0.028,-0.015,-1.001,0.3,-0.5,0
209.213015399981,0,0,19,0,0,0.028,-0.015,-1.001,0.3,-0.5,0
209.223015399981,0,0,19,0,0,0.028,-0.015,-1.001,0.3,-0.5,0
209.233015399981,0,0,19,0,0,0.028,-0.015,-1.001,0.3,-0.5,0
209.243015399981,0,0,19,0,0,0.028,-0.015,-1.002,0.3,-0.5,0
209.253015399981,0,0,19,0,0,0.028,-0.015,-1.002,0.3,-0.5,0
209.263015399981,0,0,19,0,0,0.028,-0.015,-1.002,0.3,-0.5,0
209.273015399981,0,0,19,0,0,0.028,-0.015,-1.002,0.3,-0.5,0
209.283015399981,0,0,19,0,0,0.028,-0.015,-1.002,0.3,-0.5,0
209.293015399981,0,0.01,19,0,0,0.027,-0.014,-1.001,0.3,-0.6,0.1
209.303015399981,0,0.01,19,0,0,0.027,-0.014,-1.001,0.3,-0.6,0.1
209.313015399981,0,0.01,19,0,0,0.027,-0.014,-1.001,0.3,-0.6,0.1
209.323015399981,0,0.01,19,0,0,0.027,-0.014,-1.001,0.3,-0.6,0.1
209.333015399981,0,0.01,19,0,0,0.027,-0.014,-1.001,0.3,-0.6,0.1
209.343015399981,0,0,19,0,0,0.028,-0.015,-1.001,0.3,-0.6,0
209.353015399981,0,0,19,0,0,0.028,-0.015,-1.001,0.3,-0.6,0
209.363015399981,0,0,19,0,0,0.028,-0.015,-1.001,0.3,-0.6,0
209.373015399981,0,0,19,0,0,0.028,-0.015,-1.001,0.3,-0.6,0
209.383015399981,0,0,19,0,0,0.028,-0.015,-1.001,0.3,-0.6,0
209.393015399981,0,0,19,0,0,0.028,-0.016,-1.001,0.3,-0.5,0
209.403015399981,0,0,19,0,0,0.028,-0.016,-1.001,0.3,-0.5,0
209.413015399981,0,0,19,0,0,0.028,-0.016,-1.001,0.3,-0.5,0
209.423015399981,0,0,19,0,0,0.028,-0.016,-1.001,0.3,-0.5,0
209.433015399981,0,0,19,0,0,0.028,-0.016,-1.001,0.3,-0.5,0
209.443015399981,0,0,19,0,0,0.029,-0.015,-1.002,0.3,-0.5,0
209.453015399981,0,0,19,0,0,0.029,-0.015,-1.002,0.3,-0.5,0
209.463015399981,0,0,19,0,0,0.029,-0.015,-1.002,0.3,-0.5,0
209.473015399981,0,0,19,0,0,0.029,-0.015,-1.002,0.3,-0.5,0
209.483015399981,0,0,19,0,0,0.029,-0.015,-1.002,0.3,-0.5,0
209.493015399981,0,0,19,0,0,0.03,-0.014,-1,0.3,-0.6,0.1
209.503015399981,0,0,19,0,0,0.03,-0.014,-1,0.3,-0.6,0.1
209.513015399981,0,0,19,0,0,0.03,-0.014,-1,0.3,-0.6,0.1
209.523015399981,0,0,19,0,0,0.03,-0.014,-1,0.3,-0.6,0.1
209.533015399981,0,0,19,0,0,0.03,-0.014,-1,0.3,-0.6,0.1
209.543015399981,0,0,19,0,0,0.028,-0.016,-1.002,0.3,-0.6,0
209.553015399981,0,0,19,0,0,0.028,-0.016,-1.002,0.3,-0.6,0
209.563015399981,0,0,19,0,0,0.028,-0.016,-1.002,0.3,-0.6,0
209.573015399981,0,0,19,0,0,0.028,-0.016,-1.002,0.3,-0.6,0
209.583015399981,0,0,19,0,0,0.028,-0.016,-1.002,0.3,-0.6,0
209.593015399981,0,0,19,0,0,0.028,-0.015,-1.001,0.3,-0.5,0
209.603015399981,0,0,19,0,0,0.028,-0.015,-1.001,0.3,-0.5,0
209.613015399981,0,0,19,0,0,0.028,-0.015,-1.001,0.3,-0.5,0
209.623015399981,0,0,19,0,0,0.028,-0.015,-1.001,0.3,-0.5,0
209.633015399981,0,0,19,0,0,0.028,-0.015,-1.001,0.3,-0.5,0
209.643015399981,0,0,19,0,0,0.028,-0.014,-1.002,0.3,-0.6,0
209.653015399981,0,0,19,0,0,0.028,-0.014,-1.002,0.3,-0.6,0
209.663015399981,0,0,19,0,0,0.028,-0.014,-1.002,0.3,-0.6,0
209.673015399981,0,0,19,0,0,0.028,-0.014,-1.002,0.3,-0.6,0
209.683015399981,0,0,19,0,0,0.028,-0.014,-1.002,0.3,-0.6,0
209.693015399981,0,0,19,0,0,0.028,-0.015,-1.001,0.2,-0.5,0
209.703015399981,0,0,19,0,0,0.028,-0.015,-1.001,0.2,-0.5,0
209.713015399981,0,0,19,0,0,0.028,-0.015,-1.001,0.2,-0.5,0
209.723015399981,0,0,19,0,0,0.028,-0.015,-1.001,0.2,-0.5,0
209.733015399981,0,0,19,0,0,0.028,-0.015,-1.001,0.2,-0.5,0
209.743015399981,0,0,19,0,0,0.027,-0.015,-1.002,0.3,-0.6,0
209.753015399981,0,0,19,0,0,0.027,-0.015,-1.002,0.3,-0.6,0
209.763015399981,0,0,19,0,0,0.027,-0.015,-1.002,0.3,-0.6,0
209.773015399981,0,0,19,0,0,0.027,-0.015,-1.002,0.3,-0.6,0
209.783015399981,0,0,19,0,0,0.027,-0.015,-1.002,0.3,-0.6,0
209.793015399981,0,0,19,0,0,0.028,-0.015,-1.001,0.3,-0.5,0
209.803015399981,0,0,19,0,0,0.028,-0.015,-1.001,0.3,-0.5,0
209.813015399981,0,0,19,0,0,0.028,-0.015,-1.001,0.3,-0.5,0
209.823015399981,0,0,19,0,0,0.028,-0.015,-1.001,0.3,-0.5,0
209.833015399981,0,0,19,0,0,0.028,-0.015,-1.001,0.3,-0.5,0
209.843015399981,0,0,19,0,0,0.028,-0.015,-1.003,0.3,-0.6,0
209.853015399981,0,0,19,0,0,0.028,-0.015,-1.003,0.3,-0.6,0
209.863015399981,0,0,19,0,0,0.028,-0.015,-1.003,0.3,-0.6,0
209.873015399981,0,0,19,0,0,0.028,-0.015,-1.003,0.3,-0.6,0
209.883015399981,0,0,19,0,0,0.028,-0.015,-1.003,0.3,-0.6,0
209.893015399981,0,0,19,0,0,0.027,-0.016,-1.001,0.2,-0.5,0
209.903015399981,0,0,19,0,0,0.027,-0.016,-1.001,0.2,-0.5,0
209.913015399981,0,0,19,0,0,0.027,-0.016,-1.001,0.2,-0.5,0
209.923015399981,0,0,19,0,0,0.027,-0.016,-1.001,0.2,-0.5,0
209.933015399981,0,0,19,0,0,0.027,-0.016,-1.001,0.2,-0.5,0
209.943015399981,0,0.01,19,0,0,0.029,-0.015,-1.002,0.3,-0.6,0
209.953015399981,0,0.01,19,0,0,0.029,-0.015,-1.002,0.3,-0.6,0
209.963015399981,0,0.01,19,0,0,0.029,-0.015,-1.002,0.3,-0.6,0
209.973015399981,0,0.01,19,0,0,0.029,-0.015,-1.002,0.3,-0.6,0
209.983015399981,0,0.01,19,0,0,0.029,-0.015,-1.002,0.3,-0.6,0
209.993015399981,0,0,19,0,0,0.028,-0.015,-1.001,0.3,-0.6,0
210.003015399981,0,0,19,0,0,0.028,-0.015,-1.001,0.3,-0.6,0
210.013015399981,0,0,19,0,0,0.028,-0.015,-1.001,0.3,-0.6,0
210.023015399981,0,0,19,0,0,0.028,-0.015,-1.001,0.3,-0.6,0
210.033015399981,0,0,19,0,0,0.028,-0.015,-1.001,0.3,-0.6,0
210.043015399981,0,0,19,0,0,0.029,-0.015,-1.002,0.2,-0.5,0
210.053015399981,0,0,19,0,0,0.029,-0.015,-1.002,0.2,-0.5,0
210.063015399981,0,0,19,0,0,0.029,-0.015,-1.002,0.2,-0.5,0
210.073015399981,0,0,19,0,0,0.029,-0.015,-1.002,0.2,-0.5,0
210.083015399981,0,0,19,0,0,0.029,-0.015,-1.002,0.2,-0.5,0
210.093015399981,0,0,19,0,0,0.027,-0.015,-1.002,0.3,-0.6,0.1
210.103015399981,0,0,19,0,0,0.027,-0.015,-1.002,0.3,-0.6,0.1
210.113015399981,0,0,19,0,0,0.027,-0.015,-1.002,0.3,-0.6,0.1
210.123015399981,0,0,19,0,0,0.027,-0.015,-1.002,0.3,-0.6,0.1
210.133015399981,0,0,19,0,0,0.027,-0.015,-1.002,0.3,-0.6,0.1
210.143015399981,0,0,19,0,0,0.029,-0.016,-1.001,0.3,-0.6,0
210.153015399981,0,0,19,0,0,0.029,-0.016,-1.001,0.3,-0.6,0
210.163015399981,0,0,19,0,0,0.029,-0.016,-1.001,0.3,-0.6,0
210.173015399981,0,0,19,0,0,0.029,-0.016,-1.001,0.3,-0.6,0
210.183015399981,0,0,19,0,0,0.029,-0.016,-1.001,0.3,-0.6,0
210.193015399981,0,0,19,0,0,0.028,-0.015,-1.002,0.3,-0.6,0
210.203015399981,0,0,19,0,0,0.028,-0.015,-1.002,0.3,-0.6,0
210.213015399981,0,0,19,0,0,0.028,-0.015,-1.002,0.3,-0.6,0
210.223015399981,0,0,19,0,0,0.028,-0.015,-1.002,0.3,-0.6,0
210.233015399981,0,0,19,0,0,0.028,-0.015,-1.002,0.3,-0.6,0
210.243015399981,0,0,19,0,0,0.029,-0.016,-1.001,0.3,-0.5,0
210.253015399981,0,0,19,0,0,0.029,-0.016,-1.001,0.3,-0.5,0
210.263015399981,0,0,19,0,0,0.029,-0.016,-1.001,0.3,-0.5,0
210.273015399981,0,0,19,0,0,0.029,-0.016,-1.001,0.3,-0.5,0
210.283015399981,0,0,19,0,0,0.029,-0.016,-1.001,0.3,-0.5,0
210.293015399981,0,0,19,0,0,0.028,-0.014,-1.002,0.3,-0.6,0
210.303015399981,0,0,19,0,0,0.028,-0.014,-1.002,0.3,-0.6,0
210.313015399981,0,0,19,0,0,0.028,-0.014,-1.002,0.3,-0.6,0
210.323015399981,0,0,19,0,0,0.028,-0.014,-1.002,0.3,-0.6,0
210.333015399981,0,0,19,0,0,0.028,-0.014,-1.002,0.3,-0.6,0
210.343015399981,0,0,19,0,0,0.027,-0.015,-1.002,0.3,-0.5,0
210.353015399981,0,0,19,0,0,0.027,-0.015,-1.002,0.3,-0.5,0
210.363015399981,0,0,19,0,0,0.027,-0.015,-1.002,0.3,-0.5,0
210.373015399981,0,0,19,0,0,0.027,-0.015,-1.002,0.3,-0.5,0
210.383015399981,0,0,19,0,0,0.027,-0.015,-1.002,0.3,-0.5,0
210.393015399981,0,0,19,0,0,0.029,-0.015,-1.002,0.4,-0.5,0
210.403015399981,0,0,19,0,0,0.029,-0.015,-1.002,0.4,-0.5,0
210.413015399981,0,0,19,0,0,0.029,-0.015,-1.002,0.4,-0.5,0
210.423015399981,0,0,19,0,0,0.029,-0.015,-1.002,0.4,-0.5,0
210.433015399981,0,0,19,0,0,0.029,-0.015,-1.002,0.4,-0.5,0
210.443015399981,0,0,19,0,0,0.027,-0.014,-1.001,0.3,-0.5,0
210.453015399981,0,0,19,0,0,0.027,-0.014,-1.001,0.3,-0.5,0
210.463015399981,0,0,19,0,0,0.027,-0.014,-1.001,0.3,-0.5,0
210.473015399981,0,0,19,0,0,0.027,-0.014,-1.001,0.3,-0.5,0
210.483015399981,0,0,19,0,0,0.027,-0.014,-1.001,0.3,-0.5,0
210.493015399981,0,0.01,19,0,0,0.028,-0.015,-1.001,0.3,-0.5,0
210.503015399981,0,0.01,19,0,0,0.028,-0.015,-1.001,0.3,-0.5,0
210.513015399981,0,0.01,19,0,0,0.028,-0.015,-1.001,0.3,-0.5,0
210.523015399981,0,0.01,19,0,0,0.028,-0.015,-1.001,0.3,-0.5,0
210.533015399981,0,0.01,19,0,0,0.028,-0.015,-1.001,0.3,-0.5,0
210.543015399981,0,0,19,0,0,0.027,-0.015,-1.002,0.3,-0.4,0
210.553015399981,0,0,19,0,0,0.027,-0.015,-1.002,0.3,-0.4,0
210.563015399981,0,0,19,0,0,0.027,-0.015,-1.002,0.3,-0.4,0
210.573015399981,0,0,19,0,0,0.027,-0.015,-1.002,0.3,-0.4,0
210.583015399981,0,0,19,0,0,0.027,-0.015,-1.002,0.3,-0.4,0
210.593015399981,0,0.01,19,0,0,0.027,-0.014,-1.002,0.3,-0.6,0
210.603015399981,0,0.01,19,0,0,0.027,-0.014,-1.002,0.3,-0.6,0
210.613015399981,0,0.01,19,0,0,0.027,-0.014,-1.002,0.3,-0.6,0
210.623015399981,0,0.01,19,0,0,0.027,-0.014,-1.002,0.3,-0.6,0
210.633015399981,0,0.01,19,0,0,0.027,-0.014,-1.002,0.3,-0.6,0
210.643015399981,0,0,19,0,0,0.028,-0.016,-1.002,0.3,-0.6,0
210.653015399981,0,0,19,0,0,0.028,-0.016,-1.002,0.3,-0.6,0
210.663015399981,0,0,19,0,0,0.028,-0.016,-1.002,0.3,-0.6,0
210.673015399981,0,0,19,0,0,0.028,-0.016,-1.002,0.3,-0.6,0
210.683015399981,0,0,19,0,0,0.028,-0.016,-1.002,0.3,-0.6,0
210.693015399981,0,0,19,0,0,0.028,-0.014,-1.002,0.2,-0.6,0
210.703015399981,0,0,19,0,0,0.028,-0.014,-1.002,0.2,-0.6,0
210.713015399981,0,0,19,0,0,0.028,-0.014,-1.002,0.2,-0.6,0
210.723015399981,0,0,19,0,0,0.028,-0.014,-1.002,0.2,-0.6,0
210.733015399981,0,0,19,0,0,0.028,-0.014,-1.002,0.2,-0.6,0
210.743015399981,0,0,19,0,0,0.029,-0.016,-1.001,0.3,-0.6,0
210.753015399981,0,0,19,0,0,0.029,-0.016,-1.001,0.3,-0.6,0
210.763015399981,0,0,19,0,0,0.029,-0.016,-1.001,0.3,-0.6,0
210.773015399981,0,0,19,0,0,0.029,-0.016,-1.001,0.3,-0.6,0
210.783015399981,0,0,19,0,0,0.029,-0.016,-1.001,0.3,-0.6,0
210.793015399981,0,0,19,0,0,0.027,-0.015,-1.001,0.3,-0.6,0
210.803015399981,0,0,19,0,0,0.027,-0.015,-1.001,0.3,-0.6,0
210.813015399981,0,0,19,0,0,0.027,-0.015,-1.001,0.3,-0.6,0
210.823015399981,0,0,19,0,0,0.027,-0.015,-1.001,0.3,-0.6,0
210.833015399981,0,0,19,0,0,0.027,-0.015,-1.001,0.3,-0.6,0
210.843015399981,0,0,19,0,0,0.028,-0.014,-1.002,0.3,-0.6,0
210.853015399981,0,0,19,0,0,0.028,-0.014,-1.002,0.3,-0.6,0
210.863015399981,0,0,19,0,0,0.028,-0.014,-1.002,0.3,-0.6,0
210.873015399981,0,0,19,0,0,0.028,-0.014,-1.002,0.3,-0.6,0
210.883015399981,0,0,19,0,0,0.028,-0.014,-1.002,0.3,-0.6,0
210.893015399981,0,0.01,19,0,0,0.027,-0.015,-1.002,0.3,-0.6,0
210.903015399981,0,0.01,19,0,0,0.027,-0.015,-1.002,0.3,-0.6,0
210.913015399981,0,0.01,19,0,0,0.027,-0.015,-1.002,0.3,-0.6,0
210.923015399981,0,0.01,19,0,0,0.027,-0.015,-1.002,0.3,-0.6,0
210.933015399981,0,0.01,19,0,0,0.027,-0.015,-1.002,0.3,-0.6,0
210.943015399981,0,0,19,0,0,0.029,-0.015,-1.001,0.3,-0.6,0
210.953015399981,0,0,19,0,0,0.029,-0.015,-1.001,0.3,-0.6,0
210.963015399981,0,0,19,0,0,0.029,-0.015,-1.001,0.3,-0.6,0
210.973015399981,0,0,19,0,0,0.029,-0.015,-1.001,0.3,-0.6,0
210.983015399981,0,0,19,0,0,0.029,-0.015,-1.001,0.3,-0.6,0
210.993015399981,0,0,19,0,0,0.029,-0.015,-1.002,0.3,-0.6,0
211.003015399981,0,0,19,0,0,0.029,-0.015,-1.002,0.3,-0.6,0
211.013015399981,0,0,19,0,0,0.029,-0.015,-1.002,0.3,-0.6,0
211.023015399981,0,0,19,0,0,0.029,-0.015,-1.002,0.3,-0.6,0
211.033015399981,0,0,19,0,0,0.029,-0.015,-1.002,0.3,-0.6,0
211.043015399981,0,0.01,19,0,0,0.027,-0.015,-1.002,0.3,-0.5,0
211.053015399981,0,0.01,19,0,0,0.027,-0.015,-1.002,0.3,-0.5,0
211.063015399981,0,0.01,19,0,0,0.027,-0.015,-1.002,0.3,-0.5,0
211.073015399981,0,0.01,19,0,0,0.027,-0.015,-1.002,0.3,-0.5,0
211.083015399981,0,0.01,19,0,0,0.027,-0.015,-1.002,0.3,-0.5,0
211.093015399981,0,0.01,19,0,0,0.028,-0.015,-1.003,0.3,-0.6,0
211.103015399981,0,0.01,19,0,0,0.028,-0.015,-1.003,0.3,-0.6,0
211.113015399981,0,0.01,19,0,0,0.028,-0.015,-1.003,0.3,-0.6,0
211.123015399981,0,0.01,19,0,0,0.028,-0.015,-1.003,0.3,-0.6,0
211.133015399981,0,0.01,19,0,0,0.028,-0.015,-1.003,0.3,-0.6,0
211.143015399981,0,0,19,0,0,0.027,-0.015,-1.002,0.3,-0.6,0
211.153015399981,0,0,19,0,0,0.027,-0.015,-1.002,0.3,-0.6,0
211.163015399981,0,0,19,0,0,0.027,-0.015,-1.002,0.3,-0.6,0
211.173015399981,0,0,19,0,0,0.027,-0.015,-1.002,0.3,-0.6,0
211.183015399981,0,0,19,0,0,0.027,-0.015,-1.002,0.3,-0.6,0
211.193015399981,0,0,19,0,0,0.029,-0.016,-1.001,0.3,-0.4,0
211.203015399981,0,0,19,0,0,0.029,-0.016,-1.001,0.3,-0.4,0
211.213015399981,0,0,19,0,0,0.029,-0.016,-1.001,0.3,-0.4,0
211.223015399981,0,0,19,0,0,0.029,-0.016,-1.001,0.3,-0.4,0
211.233015399981,0,0,19,0,0,0.029,-0.016,-1.001,0.3,-0.4,0
211.243015399981,0,0,19,0,0,0.028,-0.014,-1.001,0.3,-0.6,0
211.253015399981,0,0,19,0,0,0.028,-0.014,-1.001,0.3,-0.6,0
211.263015399981,0,0,19,0,0,0.028,-0.014,-1.001,0.3,-0.6,0
211.273015399981,0,0,19,0,0,0.028,-0.014,-1.001,0.3,-0.6,0
211.283015399981,0,0,19,0,0,0.028,-0.014,-1.001,0.3,-0.6,0
211.293015399981,0,0,19,0,0,0.029,-0.014,-1.002,0.3,-0.6,0
211.303015399981,0,0,19,0,0,0.029,-0.014,-1.002,0.3,-0.6,0
211.313015399981,0,0,19,0,0,0.029,-0.014,-1.002,0.3,-0.6,0
211.323015399981,0,0,19,0,0,0.029,-0.014,-1.002,0.3,-0.6,0
211.333015399981,0,0,19,0,0,0.029,-0.014,-1.002,0.3,-0.6,0
211.343015399981,0,0,19,0,0,0.027,-0.016,-1.001,0.3,-0.6,0
211.353015399981,0,0,19,0,0,0.027,-0.016,-1.001,0.3,-0.6,0
211.363015399981,0,0,19,0,0,0.027,-0.016,-1.001,0.3,-0.6,0
211.373015399981,0,0,19,0,0,0.027,-0.016,-1.001,0.3,-0.6,0
211.383015399981,0,0,19,0,0,0.027,-0.016,-1.001,0.3,-0.6,0
211.393015399981,0,0,19,0,0,0.028,-0.015,-1.002,0.3,-0.5,0
211.403015399981,0,0,19,0,0,0.028,-0.015,-1.002,0.3,-0.5,0
211.413015399981,0,0,19,0,0,0.028,-0.015,-1.002,0.3,-0.5,0
211.423015399981,0,0,19,0,0,0.028,-0.015,-1.002,0.3,-0.5,0
211.433015399981,0,0,19,0,0,0.028,-0.015,-1.002,0.3,-0.5,0
211.443015399981,0,0,19,0,0,0.028,-0.014,-1.002,0.3,-0.6,0
211.453015399981,0,0,19,0,0,0.028,-0.014,-1.002,0.3,-0.6,0
211.463015399981,0,0,19,0,0,0.028,-0.014,-1.002,0.3,-0.6,0
211.473015399981,0,0,19,0,0,0.028,-0.014,-1.002,0.3,-0.6,0
211.483015399981,0,0,19,0,0,0.028,-0.014,-1.002,0.3,-0.6,0
211.493015399981,0,0,19,0,0,0.028,-0.015,-1.001,0.3,-0.5,0
211.503015399981,0,0,19,0,0,0.028,-0.015,-1.001,0.3,-0.5,0
211.513015399981,0,0,19,0,0,0.028,-0.015,-1.001,0.3,-0.5,0
211.523015399981,0,0,19,0,0,0.028,-0.015,-1.001,0.3,-0.5,0
211.533015399981,0,0,19,0,0,0.028,-0.015,-1.001,0.3,-0.5,0
211.543015399981,0,0,19,0,0,0.028,-0.014,-1.001,0.4,-0.6,0
211.553015399981,0,0,19,0,0,0.028,-0.014,-1.001,0.4,-0.6,0
211.563015399981,0,0,19,0,0,0.028,-0.014,-1.001,0.4,-0.6,0
211.573015399981,0,0,19,0,0,0.028,-0.014,-1.001,0.4,-0.6,0
211.583015399981,0,0,19,0,0,0.028,-0.014,-1.001,0.4,-0.6,0
211.593015399981,0,0,19,0,0,0.028,-0.014,-1.001,0.3,-0.6,0
211.603015399981,0,0,19,0,0,0.028,-0.014,-1.001,0.3,-0.6,0
211.613015399981,0,0,19,0,0,0.028,-0.014,-1.001,0.3,-0.6,0
211.623015399981,0,0,19,0,0,0.028,-0.014,-1.001,0.3,-0.6,0
211.633015399981,0,0,19,0,0,0.028,-0.014,-1.001,0.3,-0.6,0
211.643015399981,0,0.01,19,0,0,0.027,-0.015,-1.002,0.3,-0.6,0
211.653015399981,0,0.01,19,0,0,0.027,-0.015,-1.002,0.3,-0.6,0
211.663015399981,0,0.01,19,0,0,0.027,-0.015,-1.002,0.3,-0.6,0
211.673015399981,0,0.01,19,0,0,0.027,-0.015,-1.002,0.3,-0.6,0
211.683015399981,0,0.01,19,0,0,0.027,-0.015,-1.002,0.3,-0.6,0
211.693015399981,0,0,19,0,0,0.027,-0.015,-1.002,0.3,-0.6,0
211.703015399981,0,0,19,0,0,0.027,-0.015,-1.002,0.3,-0.6,0
211.713015399981,0,0,19,0,0,0.027,-0.015,-1.002,0.3,-0.6,0
211.723015399981,0,0,19,0,0,0.027,-0.015,-1.002,0.3,-0.6,0
211.733015399981,0,0,19,0,0,0.027,-0.015,-1.002,0.3,-0.6,0
211.743015399981,0,0,19,0,0,0.028,-0.015,-1.002,0.2,-0.6,0
211.753015399981,0,0,19,0,0,0.028,-0.015,-1.002,0.2,-0.6,0
211.763015399981,0,0,19,0,0,0.028,-0.015,-1.002,0.2,-0.6,0
211.773015399981,0,0,19,0,0,0.028,-0.015,-1.002,0.2,-0.6,0
211.783015399981,0,0,19,0,0,0.028,-0.015,-1.002,0.2,-0.6,0
211.793015399981,0,0.01,19,0,0,0.028,-0.016,-1.001,0.3,-0.6,0
211.80301539998,0,0.01,19,0,0,0.028,-0.016,-1.001,0.3,-0.6,0
211.813015399981,0,0.01,19,0,0,0.028,-0.016,-1.001,0.3,-0.6,0
211.823015399981,0,0.01,19,0,0,0.028,-0.016,-1.001,0.3,-0.6,0
211.83301539998,0,0.01,19,0,0,0.028,-0.016,-1.001,0.3,-0.6,0
211.84301539998,0,0,19,0,0,0.027,-0.015,-1.001,0.3,-0.6,0
211.85301539998,0,0,19,0,0,0.027,-0.015,-1.001,0.3,-0.6,0
211.86301539998,0,0,19,0,0,0.027,-0.015,-1.001,0.3,-0.6,0
211.87301539998,0,0,19,0,0,0.027,-0.015,-1.001,0.3,-0.6,0
211.88301539998,0,0,19,0,0,0.027,-0.015,-1.001,0.3,-0.6,0
211.89301539998,0,0,19,0,0,0.028,-0.016,-1.003,0.2,-0.6,0
211.90301539998,0,0,19,0,0,0.028,-0.016,-1.003,0.2,-0.6,0
211.91301539998,0,0,19,0,0,0.028,-0.016,-1.003,0.2,-0.6,0
211.92301539998,0,0,19,0,0,0.028,-0.016,-1.003,0.2,-0.6,0
211.93301539998,0,0,19,0,0,0.028,-0.016,-1.003,0.2,-0.6,0
211.94301539998,0,0,19,0,0,0.028,-0.014,-1.001,0.3,-0.5,0
211.95301539998,0,0,19,0,0,0.028,-0.014,-1.001,0.3,-0.5,0
211.96301539998,0,0,19,0,0,0.028,-0.014,-1.001,0.3,-0.5,0
211.97301539998,0,0,19,0,0,0.028,-0.014,-1.001,0.3,-0.5,0
211.98301539998,0,0,19,0,0,0.028,-0.014,-1.001,0.3,-0.5,0
211.99301539998,0,0,19,0,0,0.028,-0.015,-1.002,0.3,-0.6,0
212.00301539998,0,0,19,0,0,0.028,-0.015,-1.002,0.3,-0.6,0
212.01301539998,0,0,19,0,0,0.028,-0.015,-1.002,0.3,-0.6,0
212.02301539998,0,0,19,0,0,0.028,-0.015,-1.002,0.3,-0.6,0
212.03301539998,0,0,19,0,0,0.028,-0.015,-1.002,0.3,-0.6,0
212.04301539998,0,0,19,0,0,0.028,-0.015,-1.001,0.3,-0.5,0
212.05301539998,0,0,19,0,0,0.028,-0.015,-1.001,0.3,-0.5,0
212.06301539998,0,0,19,0,0,0.028,-0.015,-1.001,0.3,-0.5,0
212.07301539998,0,0,19,0,0,0.028,-0.015,-1.001,0.3,-0.5,0
212.08301539998,0,0,19,0,0,0.028,-0.015,-1.001,0.3,-0.5,0
212.09301539998,0,0,19,0,0,0.028,-0.015,-1.001,0.3,-0.6,0
212.10301539998,0,0,19,0,0,0.028,-0.015,-1.001,0.3,-0.6,0
212.11301539998,0,0,19,0,0,0.028,-0.015,-1.001,0.3,-0.6,0
212.12301539998,0,0,19,0,0,0.028,-0.015,-1.001,0.3,-0.6,0
212.13301539998,0,0,19,0,0,0.028,-0.015,-1.001,0.3,-0.6,0
212.14301539998,0,0,19,0,0,0.028,-0.015,-1.002,0.3,-0.5,0
212.15301539998,0,0,19,0,0,0.028,-0.015,-1.002,0.3,-0.5,0
212.16301539998,0,0,19,0,0,0.028,-0.015,-1.002,0.3,-0.5,0
212.17301539998,0,0,19,0,0,0.028,-0.015,-1.002,0.3,-0.5,0
212.18301539998,0,0,19,0,0,0.028,-0.015,-1.002,0.3,-0.5,0
212.19301539998,0,0,19,0,0,0.028,-0.014,-1.001,0.2,-0.5,0
212.20301539998,0,0,19,0,0,0.028,-0.014,-1.001,0.2,-0.5,0
212.21301539998,0,0,19,0,0,0.028,-0.014,-1.001,0.2,-0.5,0
212.22301539998,0,0,19,0,0,0.028,-0.014,-1.001,0.2,-0.5,0
212.23301539998,0,0,19,0,0,0.028,-0.014,-1.001,0.2,-0.5,0
212.24301539998,0,0,19,0,0,0.028,-0.015,-1.001,0.3,-0.6,0
212.25301539998,0,0,19,0,0,0.028,-0.015,-1.001,0.3,-0.6,0
212.26301539998,0,0,19,0,0,0.028,-0.015,-1.001,0.3,-0.6,0
212.27301539998,0,0,19,0,0,0.028,-0.015,-1.001,0.3,-0.6,0
212.28301539998,0,0,19,0,0,0.028,-0.015,-1.001,0.3,-0.6,0
212.29301539998,0,0,19,0,0,0.028,-0.015,-1.002,0.2,-0.5,0
212.30301539998,0,0,19,0,0,0.028,-0.015,-1.002,0.2,-0.5,0
212.31301539998,0,0,19,0,0,0.028,-0.015,-1.002,0.2,-0.5,0
212.32301539998,0,0,19,0,0,0.028,-0.015,-1.002,0.2,-0.5,0
212.33301539998,0,0,19,0,0,0.028,-0.015,-1.002,0.2,-0.5,0
212.34301539998,0,0,19,0,0,0.029,-0.015,-1.001,0.2,-0.5,0
212.35301539998,0,0,19,0,0,0.029,-0.015,-1.001,0.2,-0.5,0
212.36301539998,0,0,19,0,0,0.029,-0.015,-1.001,0.2,-0.5,0
212.37301539998,0,0,19,0,0,0.029,-0.015,-1.001,0.2,-0.5,0
212.38301539998,0,0,19,0,0,0.029,-0.015,-1.001,0.2,-0.5,0
212.39301539998,0,0,19,0,0,0.028,-0.014,-1.001,0.2,-0.6,0
212.40301539998,0,0,19,0,0,0.028,-0.014,-1.001,0.2,-0.6,0
212.41301539998,0,0,19,0,0,0.028,-0.014,-1.001,0.2,-0.6,0
212.42301539998,0,0,19,0,0,0.028,-0.014,-1.001,0.2,-0.6,0
212.43301539998,0,0,19,0,0,0.028,-0.014,-1.001,0.2,-0.6,0
212.44301539998,0,0,19,0,0,0.028,-0.015,-1,0.3,-0.5,0
212.45301539998,0,0,19,0,0,0.028,-0.015,-1,0.3,-0.5,0
212.46301539998,0,0,19,0,0,0.028,-0.015,-1,0.3,-0.5,0
212.47301539998,0,0,19,0,0,0.028,-0.015,-1,0.3,-0.5,0
212.48301539998,0,0,19,0,0,0.028,-0.015,-1,0.3,-0.5,0
212.49301539998,0,0,19,0,0,0.028,-0.015,-1.001,0.3,-0.6,0
212.50301539998,0,0,19,0,0,0.028,-0.015,-1.001,0.3,-0.6,0
212.51301539998,0,0,19,0,0,0.028,-0.015,-1.001,0.3,-0.6,0
212.52301539998,0,0,19,0,0,0.028,-0.015,-1.001,0.3,-0.6,0
212.53301539998,0,0,19,0,0,0.028,-0.015,-1.001,0.3,-0.6,0
212.54301539998,0,0,19,0,0,0.03,-0.014,-1.001,0.3,-0.6,0
212.55301539998,0,0,19,0,0,0.03,-0.014,-1.001,0.3,-0.6,0
212.56301539998,0,0,19,0,0,0.03,-0.014,-1.001,0.3,-0.6,0
212.57301539998,0,0,19,0,0,0.03,-0.014,-1.001,0.3,-0.6,0
212.58301539998,0,0,19,0,0,0.03,-0.014,-1.001,0.3,-0.6,0
212.59301539998,0,0,19,0,0,0.028,-0.015,-1.002,0.3,-0.6,0.1
212.60301539998,0,0,19,0,0,0.028,-0.015,-1.002,0.3,-0.6,0.1
212.61301539998,0,0,19,0,0,0.028,-0.015,-1.002,0.3,-0.6,0.1
212.62301539998,0,0,19,0,0,0.028,-0.015,-1.002,0.3,-0.6,0.1
212.63301539998,0,0,19,0,0,0.028,-0.015,-1.002,0.3,-0.6,0.1
212.64301539998,0,0.01,19,0,0,0.028,-0.015,-1,0.3,-0.5,0
212.65301539998,0,0.01,19,0,0,0.028,-0.015,-1,0.3,-0.5,0
212.66301539998,0,0.01,19,0,0,0.028,-0.015,-1,0.3,-0.5,0
212.67301539998,0,0.01,19,0,0,0.028,-0.015,-1,0.3,-0.5,0
212.68301539998,0,0.01,19,0,0,0.028,-0.015,-1,0.3,-0.5,0
212.69301539998,0,0.01,19,0,0,0.028,-0.016,-1.001,0.3,-0.6,0
212.70301539998,0,0.01,19,0,0,0.028,-0.016,-1.001,0.3,-0.6,0
212.71301539998,0,0.01,19,0,0,0.028,-0.016,-1.001,0.3,-0.6,0
212.72301539998,0,0.01,19,0,0,0.028,-0.016,-1.001,0.3,-0.6,0
212.73301539998,0,0.01,19,0,0,0.028,-0.016,-1.001,0.3,-0.6,0
212.74301539998,0,0,19,0,0,0.028,-0.015,-1.002,0.3,-0.6,0.1
212.75301539998,0,0,19,0,0,0.028,-0.015,-1.002,0.3,-0.6,0.1
212.76301539998,0,0,19,0,0,0.028,-0.015,-1.002,0.3,-0.6,0.1
212.77301539998,0,0,19,0,0,0.028,-0.015,-1.002,0.3,-0.6,0.1
212.78301539998,0,0,19,0,0,0.028,-0.015,-1.002,0.3,-0.6,0.1
212.79301539998,0,0,19,0,0,0.028,-0.016,-1.002,0.3,-0.6,0
212.80301539998,0,0,19,0,0,0.028,-0.016,-1.002,0.3,-0.6,0
212.81301539998,0,0,19,0,0,0.028,-0.016,-1.002,0.3,-0.6,0
212.82301539998,0,0,19,0,0,0.028,-0.016,-1.002,0.3,-0.6,0
212.83301539998,0,0,19,0,0,0.028,-0.016,-1.002,0.3,-0.6,0
212.84301539998,0,0,19,0,0,0.028,-0.014,-1.002,0.3,-0.6,0
212.85301539998,0,0,19,0,0,0.028,-0.014,-1.002,0.3,-0.6,0
212.86301539998,0,0,19,0,0,0.028,-0.014,-1.002,0.3,-0.6,0
212.87301539998,0,0,19,0,0,0.028,-0.014,-1.002,0.3,-0.6,0
212.88301539998,0,0,19,0,0,0.028,-0.014,-1.002,0.3,-0.6,0
212.89301539998,0,0,19,0,0,0.028,-0.014,-1.002,0.3,-0.6,0.1
212.90301539998,0,0,19,0,0,0.028,-0.014,-1.002,0.3,-0.6,0.1
212.91301539998,0,0,19,0,0,0.028,-0.014,-1.002,0.3,-0.6,0.1
212.92301539998,0,0,19,0,0,0.028,-0.014,-1.002,0.3,-0.6,0.1
212.93301539998,0,0,19,0,0,0.028,-0.014,-1.002,0.3,-0.6,0.1
