Time_s,RPM,Iq_A,Vbat_V,Tinv_C,Treg_C,AccX_g,AccY_g,AccZ_g,GyrX_dps,GyrY_dps,GyrZ_dps
1.4907206,0,0,18.8,0,0,0.028,-0.014,-1.001,0.3,-0.5,0
1.5007206,0,0,18.8,0,0,0.028,-0.014,-1.001,0.3,-0.5,0
1.5107206,0,0,18.8,0,0,0.028,-0.014,-1.001,0.3,-0.5,0
1.5207206,0,0,18.8,0,0,0.028,-0.014,-1.001,0.3,-0.5,0
1.5307206,0,0,18.8,0,0,0.028,-0.014,-1.001,0.3,-0.5,0
1.6082131,0,0,18.9,0,0,0.028,-0.013,-1.001,0.3,-0.5,0
1.6182131,0,0,18.9,0,0,0.028,-0.013,-1.001,0.3,-0.5,0
1.6282131,0,0,18.9,0,0,0.028,-0.013,-1.001,0.3,-0.5,0
1.6382131,0,0,18.9,0,0,0.028,-0.013,-1.001,0.3,-0.5,0
1.6482131,0,0,18.9,0,0,0.028,-0.013,-1.001,0.3,-0.5,0
1.6582131,0,0,18.9,0,0,0.028,-0.014,-1.001,0.3,-0.6,0
1.6682131,0,0,18.9,0,0,0.028,-0.014,-1.001,0.3,-0.6,0
1.6782131,0,0,18.9,0,0,0.028,-0.014,-1.001,0.3,-0.6,0
1.6882131,0,0,18.9,0,0,0.028,-0.014,-1.001,0.3,-0.6,0
1.6982131,0,0,18.9,0,0,0.028,-0.014,-1.001,0.3,-0.6,0
1.7082131,0,0,18.9,0,0,0.028,-0.013,-1.001,0.3,-0.6,0
1.7182131,0,0,18.9,0,0,0.028,-0.013,-1.001,0.3,-0.6,0
1.7282131,0,0,18.9,0,0,0.028,-0.013,-1.001,0.3,-0.6,0
1.7382131,0,0,18.9,0,0,0.028,-0.013,-1.001,0.3,-0.6,0
1.7482131,0,0,18.9,0,0,0.028,-0.013,-1.001,0.3,-0.6,0
1.7582131,0,0,18.9,0,0,0.028,-0.014,-1.001,0.3,-0.5,0
1.7682131,0,0,18.9,0,0,0.028,-0.014,-1.001,0.3,-0.5,0
1.7782131,0,0,18.9,0,0,0.028,-0.014,-1.001,0.3,-0.5,0
1.7882131,0,0,18.9,0,0,0.028,-0.014,-1.001,0.3,-0.5,0
1.7982131,0,0,18.9,0,0,0.028,-0.014,-1.001,0.3,-0.5,0
1.8082131,0,0,18.8,0,0,0.028,-0.013,-1.001,0.3,-0.6,0
1.8182131,0,0,18.8,0,0,0.028,-0.013,-1.001,0.3,-0.6,0
1.8282131,0,0,18.8,0,0,0.028,-0.013,-1.001,0.3,-0.6,0
1.8382131,0,0,18.8,0,0,0.028,-0.013,-1.001,0.3,-0.6,0
1.8482131,0,0,18.8,0,0,0.028,-0.013,-1.001,0.3,-0.6,0
1.8582131,0,0,18.8,0,0,0.028,-0.013,-1,0.3,-0.4,0
1.8682131,0,0,18.8,0,0,0.028,-0.013,-1,0.3,-0.4,0
1.8782131,0,0,18.8,0,0,0.028,-0.013,-1,0.3,-0.4,0
1.8882131,0,0,18.8,0,0,0.028,-0.013,-1,0.3,-0.4,0
1.8982131,0,0,18.8,0,0,0.028,-0.013,-1,0.3,-0.4,0
1.9082131,0,0,18.9,0,0,0.028,-0.014,-1,0.3,-0.6,0
1.9182131,0,0,18.9,0,0,0.028,-0.014,-1,0.3,-0.6,0
1.9282131,0,0,18.9,0,0,0.028,-0.014,-1,0.3,-0.6,0
1.9382131,0,0,18.9,0,0,0.028,-0.014,-1,0.3,-0.6,0
1.9482131,0,0,18.9,0,0,0.028,-0.014,-1,0.3,-0.6,0
1.9582131,0,0,18.8,0,0,0.028,-0.014,-1,0.3,-0.6,0
1.9682131,0,0,18.8,0,0,0.028,-0.014,-1,0.3,-0.6,0
1.9782131,0,0,18.8,0,0,0.028,-0.014,-1,0.3,-0.6,0
1.9882131,0,0,18.8,0,0,0.028,-0.014,-1,0.3,-0.6,0
1.9982131,0,0,18.8,0,0,0.028,-0.014,-1,0.3,-0.6,0
2.0082131,0,0,18.9,0,0,0.027,-0.013,-1.001,0.3,-0.6,0
2.0182131,0,0,18.9,0,0,0.027,-0.013,-1.001,0.3,-0.6,0
2.0282131,0,0,18.9,0,0,0.027,-0.013,-1.001,0.3,-0.6,0
2.0382131,0,0,18.9,0,0,0.027,-0.013,-1.001,0.3,-0.6,0
2.0482131,0,0,18.9,0,0,0.027,-0.013,-1.001,0.3,-0.6,0
2.0582131,0,0,18.8,0,0,0.03,-0.014,-1.002,0.3,-0.6,0
2.0682131,0,0,18.8,0,0,0.03,-0.014,-1.002,0.3,-0.6,0
2.0782131,0,0,18.8,0,0,0.03,-0.014,-1.002,0.3,-0.6,0
2.0882131,0,0,18.8,0,0,0.03,-0.014,-1.002,0.3,-0.6,0
2.0982131,0,0,18.8,0,0,0.03,-0.014,-1.002,0.3,-0.6,0
2.1082131,0,0,18.8,0,0,0.028,-0.012,-1,0.3,-0.6,0
2.1182131,0,0,18.8,0,0,0.028,-0.012,-1,0.3,-0.6,0
2.1282131,0,0,18.8,0,0,0.028,-0.012,-1,0.3,-0.6,0
2.1382131,0,0,18.8,0,0,0.028,-0.012,-1,0.3,-0.6,0
2.1482131,0,0,18.8,0,0,0.028,-0.012,-1,0.3,-0.6,0
2.1582131,0,0,18.9,0,0,0.028,-0.013,-1.001,0.3,-0.6,0
2.1682131,0,0,18.9,0,0,0.028,-0.013,-1.001,0.3,-0.6,0
2.1782131,0,0,18.9,0,0,0.028,-0.013,-1.001,0.3,-0.6,0
2.1882131,0,0,18.9,0,0,0.028,-0.013,-1.001,0.3,-0.6,0
2.1982131,0,0,18.9,0,0,0.028,-0.013,-1.001,0.3,-0.6,0
2.2082131,0,0,18.9,0,0,0.029,-0.014,-1,0.2,-0.6,0
2.2182131,0,0,18.9,0,0,0.029,-0.014,-1,0.2,-0.6,0
2.2282131,0,0,18.9,0,0,0.029,-0.014,-1,0.2,-0.6,0
2.2382131,0,0,18.9,0,0,0.029,-0.014,-1,0.2,-0.6,0
2.2482131,0,0,18.9,0,0,0.029,-0.014,-1,0.2,-0.6,0
2.2582131,0,0,18.9,0,0,0.029,-0.013,-1.001,0.3,-0.6,0
2.2682131,0,0,18.9,0,0,0.029,-0.013,-1.001,0.3,-0.6,0
2.2782131,0,0,18.9,0,0,0.029,-0.013,-1.001,0.3,-0.6,0
2.2882131,0,0,18.9,0,0,0.029,-0.013,-1.001,0.3,-0.6,0
2.2982131,0,0,18.9,0,0,0.029,-0.013,-1.001,0.3,-0.6,0
2.3082131,0,0,18.9,0,0,0.028,-0.014,-1.002,0.3,-0.6,0
2.3182131,0,0,18.9,0,0,0.028,-0.014,-1.002,0.3,-0.6,0
2.3282131,0,0,18.9,0,0,0.028,-0.014,-1.002,0.3,-0.6,0
2.3382131,0,0,18.9,0,0,0.028,-0.014,-1.002,0.3,-0.6,0
2.3482131,0,0,18.9,0,0,0.028,-0.014,-1.002,0.3,-0.6,0
2.3582131,0,0,18.9,0,0,0.028,-0.013,-1,0.3,-0.5,0
2.3682131,0,0,18.9,0,0,0.028,-0.013,-1,0.3,-0.5,0
2.3782131,0,0,18.9,0,0,0.028,-0.013,-1,0.3,-0.5,0
2.3882131,0,0,18.9,0,0,0.028,-0.013,-1,0.3,-0.5,0
2.3982131,0,0,18.9,0,0,0.028,-0.013,-1,0.3,-0.5,0
2.4082131,0,0,18.8,0,0,0.028,-0.013,-1.001,0.3,-0.6,0
2.4182131,0,0,18.8,0,0,0.028,-0.013,-1.001,0.3,-0.6,0
2.4282131,0,0,18.8,0,0,0.028,-0.013,-1.001,0.3,-0.6,0
2.4382131,0,0,18.8,0,0,0.028,-0.013,-1.001,0.3,-0.6,0
2.4482131,0,0,18.8,0,0,0.028,-0.013,-1.001,0.3,-0.6,0
2.4582131,0,0,18.9,0,0,0.029,-0.013,-1.001,0.3,-0.6,0
2.4682131,0,0,18.9,0,0,0.029,-0.013,-1.001,0.3,-0.6,0
2.4782131,0,0,18.9,0,0,0.029,-0.013,-1.001,0.3,-0.6,0
2.4882131,0,0,18.9,0,0,0.029,-0.013,-1.001,0.3,-0.6,0
2.4982131,0,0,18.9,0,0,0.029,-0.013,-1.001,0.3,-0.6,0
2.5082131,0,0,18.8,0,0,0.029,-0.014,-1,0.3,-0.6,0
2.5182131,0,0,18.8,0,0,0.029,-0.014,-1,0.3,-0.6,0
2.5282131,0,0,18.8,0,0,0.029,-0.014,-1,0.3,-0.6,0
2.5382131,0,0,18.8,0,0,0.029,-0.014,-1,0.3,-0.6,0
2.5482131,0,0,18.8,0,0,0.029,-0.014,-1,0.3,-0.6,0
2.5582131,0,0,18.9,0,0,0.028,-0.013,-1.001,0.3,-0.6,0
2.5682131,0,0,18.9,0,0,0.028,-0.013,-1.001,0.3,-0.6,0
2.5782131,0,0,18.9,0,0,0.028,-0.013,-1.001,0.3,-0.6,0
2.5882131,0,0,18.9,0,0,0.028,-0.013,-1.001,0.3,-0.6,0
2.5982131,0,0,18.9,0,0,0.028,-0.013,-1.001,0.3,-0.6,0
2.6082131,0,0,18.9,0,0,0.029,-0.014,-1.002,0.3,-0.6,0
2.6182131,0,0,18.9,0,0,0.029,-0.014,-1.002,0.3,-0.6,0
2.6282131,0,0,18.9,0,0,0.029,-0.014,-1.002,0.3,-0.6,0
2.6382131,0,0,18.9,0,0,0.029,-0.014,-1.002,0.3,-0.6,0
2.6482131,0,0,18.9,0,0,0.029,-0.014,-1.002,0.3,-0.6,0
2.6582131,0,0,18.9,0,0,0.029,-0.014,-1.002,0.2,-0.6,0.1
2.6682131,0,0,18.9,0,0,0.029,-0.014,-1.002,0.2,-0.6,0.1
2.6782131,0,0,18.9,0,0,0.029,-0.014,-1.002,0.2,-0.6,0.1
2.6882131,0,0,18.9,0,0,0.029,-0.014,-1.002,0.2,-0.6,0.1
2.6982131,0,0,18.9,0,0,0.029,-0.014,-1.002,0.2,-0.6,0.1
2.7263522,0,0,18.8,0,0,0.028,-0.013,-1.002,0.3,-0.5,0
2.7363522,0,0,18.8,0,0,0.028,-0.013,-1.002,0.3,-0.5,0
2.7463522,0,0,18.8,0,0,0.028,-0.013,-1.002,0.3,-0.5,0
2.7563522,0,0,18.8,0,0,0.028,-0.013,-1.002,0.3,-0.5,0
2.7663522,0,0,18.8,0,0,0.028,-0.013,-1.002,0.3,-0.5,0
2.8103858,0,0,18.8,0,0,0.028,-0.012,-1,0.3,-0.6,0
2.8203858,0,0,18.8,0,0,0.028,-0.012,-1,0.3,-0.6,0
2.8303858,0,0,18.8,0,0,0.028,-0.012,-1,0.3,-0.6,0
2.8403858,0,0,18.8,0,0,0.028,-0.012,-1,0.3,-0.6,0
2.8503858,0,0,18.8,0,0,0.028,-0.012,-1,0.3,-0.6,0
2.8603858,0,0,18.9,0,0,0.028,-0.015,-1.002,0.3,-0.6,0
2.8703858,0,0,18.9,0,0,0.028,-0.015,-1.002,0.3,-0.6,0
2.8803858,0,0,18.9,0,0,0.028,-0.015,-1.002,0.3,-0.6,0
2.8903858,0,0,18.9,0,0,0.028,-0.015,-1.002,0.3,-0.6,0
2.9003858,0,0,18.9,0,0,0.028,-0.015,-1.002,0.3,-0.6,0
2.9206747,0,0,18.8,0,0,0.028,-0.013,-1,0.3,-0.6,0
2.9306747,0,0,18.8,0,0,0.028,-0.013,-1,0.3,-0.6,0
2.9406747,0,0,18.8,0,0,0.028,-0.013,-1,0.3,-0.6,0
2.9506747,0,0,18.8,0,0,0.028,-0.013,-1,0.3,-0.6,0
2.9606747,0,0,18.8,0,0,0.028,-0.013,-1,0.3,-0.6,0
3.0020469,0,0,18.8,0,0,0.029,-0.012,-1,0.3,-0.6,0
3.0120469,0,0,18.8,0,0,0.029,-0.012,-1,0.3,-0.6,0
3.0220469,0,0,18.8,0,0,0.029,-0.012,-1,0.3,-0.6,0
3.0320469,0,0,18.8,0,0,0.029,-0.012,-1,0.3,-0.6,0
3.0420469,0,0,18.8,0,0,0.029,-0.012,-1,0.3,-0.6,0
3.0797171,0,0,18.9,0,0,0.029,-0.013,-1,0.3,-0.5,0
3.0897171,0,0,18.9,0,0,0.029,-0.013,-1,0.3,-0.5,0
3.0997171,0,0,18.9,0,0,0.029,-0.013,-1,0.3,-0.5,0
3.1097171,0,0,18.9,0,0,0.029,-0.013,-1,0.3,-0.5,0
3.1197171,0,0,18.9,0,0,0.029,-0.013,-1,0.3,-0.5,0
3.1629075,0,0,18.8,0,0,0.028,-0.014,-1.002,0.3,-0.6,0
3.1729075,0,0,18.8,0,0,0.028,-0.014,-1.002,0.3,-0.6,0
3.1829075,0,0,18.8,0,0,0.028,-0.014,-1.002,0.3,-0.6,0
3.1929075,0,0,18.8,0,0,0.028,-0.014,-1.002,0.3,-0.6,0
3.2029075,0,0,18.8,0,0,0.028,-0.014,-1.002,0.3,-0.6,0
3.2185154,0,0,18.9,0,0,0.029,-0.013,-1,0.2,-0.6,0
3.2285154,0,0,18.9,0,0,0.029,-0.013,-1,0.2,-0.6,0
3.2385154,0,0,18.9,0,0,0.029,-0.013,-1,0.2,-0.6,0
3.2485154,0,0,18.9,0,0,0.029,-0.013,-1,0.2,-0.6,0
3.2585154,0,0,18.9,0,0,0.029,-0.013,-1,0.2,-0.6,0
3.299767,0,0,18.9,0,0,0.028,-0.012,-1.003,0.3,-0.6,0
3.309767,0,0,18.9,0,0,0.028,-0.012,-1.003,0.3,-0.6,0
3.319767,0,0,18.9,0,0,0.028,-0.012,-1.003,0.3,-0.6,0
3.329767,0,0,18.9,0,0,0.028,-0.012,-1.003,0.3,-0.6,0
3.339767,0,0,18.9,0,0,0.028,-0.012,-1.003,0.3,-0.6,0
3.349767,0,0,18.8,0,0,0.028,-0.014,-1.002,0.3,-0.6,0
3.359767,0,0,18.8,0,0,0.028,-0.014,-1.002,0.3,-0.6,0
3.369767,0,0,18.8,0,0,0.028,-0.014,-1.002,0.3,-0.6,0
3.379767,0,0,18.8,0,0,0.028,-0.014,-1.002,0.3,-0.6,0
3.389767,0,0,18.8,0,0,0.028,-0.014,-1.002,0.3,-0.6,0
3.399767,0,0,18.8,0,0,0.029,-0.013,-1.002,0.2,-0.6,0
3.409767,0,0,18.8,0,0,0.029,-0.013,-1.002,0.2,-0.6,0
3.419767,0,0,18.8,0,0,0.029,-0.013,-1.002,0.2,-0.6,0
3.429767,0,0,18.8,0,0,0.029,-0.013,-1.002,0.2,-0.6,0
3.439767,0,0,18.8,0,0,0.029,-0.013,-1.002,0.2,-0.6,0
3.4598859,0,0,18.8,0,0,0.029,-0.013,-1,0.3,-0.5,0
3.4698859,0,0,18.8,0,0,0.029,-0.013,-1,0.3,-0.5,0
3.4798859,0,0,18.8,0,0,0.029,-0.013,-1,0.3,-0.5,0
3.4898859,0,0,18.8,0,0,0.029,-0.013,-1,0.3,-0.5,0
3.4998859,0,0,18.8,0,0,0.029,-0.013,-1,0.3,-0.5,0
3.5098859,0,0,18.9,0,0,0.028,-0.014,-1,0.3,-0.5,0
3.5198859,0,0,18.9,0,0,0.028,-0.014,-1,0.3,-0.5,0
3.5298859,0,0,18.9,0,0,0.028,-0.014,-1,0.3,-0.5,0
3.5398859,0,0,18.9,0,0,0.028,-0.014,-1,0.3,-0.5,0
3.5498859,0,0,18.9,0,0,0.028,-0.014,-1,0.3,-0.5,0
3.5598859,0,0,18.8,0,0,0.029,-0.014,-1.004,0.2,-0.6,0
3.5698859,0,0,18.8,0,0,0.029,-0.014,-1.004,0.2,-0.6,0
3.5798859,0,0,18.8,0,0,0.029,-0.014,-1.004,0.2,-0.6,0
3.5898859,0,0,18.8,0,0,0.029,-0.014,-1.004,0.2,-0.6,0
3.5998859,0,0,18.8,0,0,0.029,-0.014,-1.004,0.2,-0.6,0
3.6218304,0,0,18.9,0,0,0.028,-0.013,-1.003,0.3,-0.6,0
3.6318304,0,0,18.9,0,0,0.028,-0.013,-1.003,0.3,-0.6,0
3.6418304,0,0,18.9,0,0,0.028,-0.013,-1.003,0.3,-0.6,0
3.6518304,0,0,18.9,0,0,0.028,-0.013,-1.003,0.3,-0.6,0
3.6618304,0,0,18.9,0,0,0.028,-0.013,-1.003,0.3,-0.6,0
3.6718304,0,0,18.9,0,0,0.028,-0.014,-1.004,0.3,-0.6,0
3.6818304,0,0,18.9,0,0,0.028,-0.014,-1.004,0.3,-0.6,0
3.6918304,0,0,18.9,0,0,0.028,-0.014,-1.004,0.3,-0.6,0
3.7018304,0,0,18.9,0,0,0.028,-0.014,-1.004,0.3,-0.6,0
3.7118304,0,0,18.9,0,0,0.028,-0.014,-1.004,0.3,-0.6,0
3.7218304,0,0,18.9,0,0,0.028,-0.013,-1,0.3,-0.5,0
3.7318304,0,0,18.9,0,0,0.028,-0.013,-1,0.3,-0.5,0
3.7418304,0,0,18.9,0,0,0.028,-0.013,-1,0.3,-0.5,0
3.7518304,0,0,18.9,0,0,0.028,-0.013,-1,0.3,-0.5,0
3.7618304,0,0,18.9,0,0,0.028,-0.013,-1,0.3,-0.5,0
3.7718304,0,0,18.8,0,0,0.027,-0.014,-1.001,0.3,-0.6,0
3.7818304,0,0,18.8,0,0,0.027,-0.014,-1.001,0.3,-0.6,0
3.7918304,0,0,18.8,0,0,0.027,-0.014,-1.001,0.3,-0.6,0
3.8018304,0,0,18.8,0,0,0.027,-0.014,-1.001,0.3,-0.6,0
3.8118304,0,0,18.8,0,0,0.027,-0.014,-1.001,0.3,-0.6,0
3.8218304,0,0,18.9,0,0,0.029,-0.013,-1.002,0.3,-0.6,0
3.8318304,0,0,18.9,0,0,0.029,-0.013,-1.002,0.3,-0.6,0
3.8418304,0,0,18.9,0,0,0.029,-0.013,-1.002,0.3,-0.6,0
3.8518304,0,0,18.9,0,0,0.029,-0.013,-1.002,0.3,-0.6,0
3.8618304,0,0,18.9,0,0,0.029,-0.013,-1.002,0.3,-0.6,0
3.9446976,0,0,18.9,0,0,0.028,-0.013,-1.001,0.3,-0.6,0
3.9546976,0,0,18.9,0,0,0.028,-0.013,-1.001,0.3,-0.6,0
3.9646976,0,0,18.9,0,0,0.028,-0.013,-1.001,0.3,-0.6,0
3.9746976,0,0,18.9,0,0,0.028,-0.013,-1.001,0.3,-0.6,0
3.9846976,0,0,18.9,0,0,0.028,-0.013,-1.001,0.3,-0.6,0
3.9946976,0,0,18.9,0,0,0.028,-0.014,-1.001,0.3,-0.6,0
4.0046976,0,0,18.9,0,0,0.028,-0.014,-1.001,0.3,-0.6,0
4.0146976,0,0,18.9,0,0,0.028,-0.014,-1.001,0.3,-0.6,0
4.0246976,0,0,18.9,0,0,0.028,-0.014,-1.001,0.3,-0.6,0
4.0346976,0,0,18.9,0,0,0.028,-0.014,-1.001,0.3,-0.6,0
4.0446976,0,0,18.9,0,0,0.027,-0.013,-0.999,0.3,-0.5,0
4.0546976,0,0,18.9,0,0,0.027,-0.013,-0.999,0.3,-0.5,0
4.0646976,0,0,18.9,0,0,0.027,-0.013,-0.999,0.3,-0.5,0
4.0746976,0,0,18.9,0,0,0.027,-0.013,-0.999,0.3,-0.5,0
4.0846976,0,0,18.9,0,0,0.027,-0.013,-0.999,0.3,-0.5,0
4.0946976,0,0,18.9,0,0,0.028,-0.014,-1.001,0.3,-0.5,0
4.1046976,0,0,18.9,0,0,0.028,-0.014,-1.001,0.3,-0.5,0
4.1146976,0,0,18.9,0,0,0.028,-0.014,-1.001,0.3,-0.5,0
4.1246976,0,0,18.9,0,0,0.028,-0.014,-1.001,0.3,-0.5,0
4.1346976,0,0,18.9,0,0,0.028,-0.014,-1.001,0.3,-0.5,0
4.1446976,0,0,18.8,0,0,0.028,-0.014,-1.002,0.3,-0.5,0
4.1546976,0,0,18.8,0,0,0.028,-0.014,-1.002,0.3,-0.5,0
4.1646976,0,0,18.8,0,0,0.028,-0.014,-1.002,0.3,-0.5,0
4.1746976,0,0,18.8,0,0,0.028,-0.014,-1.002,0.3,-0.5,0
4.1846976,0,0,18.8,0,0,0.028,-0.014,-1.002,0.3,-0.5,0
4.1946976,0,0,18.9,0,0,0.028,-0.014,-1.002,0.3,-0.6,0
4.2046976,0,0,18.9,0,0,0.028,-0.014,-1.002,0.3,-0.6,0
4.2146976,0,0,18.9,0,0,0.028,-0.014,-1.002,0.3,-0.6,0
4.2246976,0,0,18.9,0,0,0.028,-0.014,-1.002,0.3,-0.6,0
4.2346976,0,0,18.9,0,0,0.028,-0.014,-1.002,0.3,-0.6,0
4.2446976,0,0,18.9,0,0,0.027,-0.012,-1.001,0.3,-0.6,0
4.2546976,0,0,18.9,0,0,0.027,-0.012,-1.001,0.3,-0.6,0
4.2646976,0,0,18.9,0,0,0.027,-0.012,-1.001,0.3,-0.6,0
4.2746976,0,0,18.9,0,0,0.027,-0.012,-1.001,0.3,-0.6,0
4.2846976,0,0,18.9,0,0,0.027,-0.012,-1.001,0.3,-0.6,0
4.2946976,0,0,18.9,0,0,0.029,-0.014,-1.001,0.3,-0.6,0
4.3046976,0,0,18.9,0,0,0.029,-0.014,-1.001,0.3,-0.6,0
4.3146976,0,0,18.9,0,0,0.029,-0.014,-1.001,0.3,-0.6,0
4.3246976,0,0,18.9,0,0,0.029,-0.014,-1.001,0.3,-0.6,0
4.3346976,0,0,18.9,0,0,0.029,-0.014,-1.001,0.3,-0.6,0
4.3446976,0,0,18.8,0,0,0.028,-0.014,-1,0.3,-0.5,0
4.3546976,0,0,18.8,0,0,0.028,-0.014,-1,0.3,-0.5,0
4.3646976,0,0,18.8,0,0,0.028,-0.014,-1,0.3,-0.5,0
4.3746976,0,0,18.8,0,0,0.028,-0.014,-1,0.3,-0.5,0
4.3846976,0,0,18.8,0,0,0.028,-0.014,-1,0.3,-0.5,0
4.3946976,0,0,18.8,0,0,0.028,-0.014,-1.002,0.3,-0.6,0
4.4046976,0,0,18.8,0,0,0.028,-0.014,-1.002,0.3,-0.6,0
4.4146976,0,0,18.8,0,0,0.028,-0.014,-1.002,0.3,-0.6,0
4.4246976,0,0,18.8,0,0,0.028,-0.014,-1.002,0.3,-0.6,0
4.4346976,0,0,18.8,0,0,0.028,-0.014,-1.002,0.3,-0.6,0
4.4446976,0,0,18.8,0,0,0.028,-0.013,-1.002,0.3,-0.6,0
4.4546976,0,0,18.8,0,0,0.028,-0.013,-1.002,0.3,-0.6,0
4.4646976,0,0,18.8,0,0,0.028,-0.013,-1.002,0.3,-0.6,0
4.4746976,0,0,18.8,0,0,0.028,-0.013,-1.002,0.3,-0.6,0
4.4846976,0,0,18.8,0,0,0.028,-0.013,-1.002,0.3,-0.6,0
4.4946976,0,0,18.9,0,0,0.028,-0.013,-1.001,0.3,-0.5,0.1
4.5046976,0,0,18.9,0,0,0.028,-0.013,-1.001,0.3,-0.5,0.1
4.5146976,0,0,18.9,0,0,0.028,-0.013,-1.001,0.3,-0.5,0.1
4.5246976,0,0,18.9,0,0,0.028,-0.013,-1.001,0.3,-0.5,0.1
4.5346976,0,0,18.9,0,0,0.028,-0.013,-1.001,0.3,-0.5,0.1
4.5446976,0,0,18.8,0,0,0.028,-0.015,-1,0.3,-0.6,0
4.5546976,0,0,18.8,0,0,0.028,-0.015,-1,0.3,-0.6,0
4.5646976,0,0,18.8,0,0,0.028,-0.015,-1,0.3,-0.6,0
4.5746976,0,0,18.8,0,0,0.028,-0.015,-1,0.3,-0.6,0
4.5846976,0,0,18.8,0,0,0.028,-0.015,-1,0.3,-0.6,0
4.5946976,0,0,18.8,0,0,0.027,-0.012,-1,0.3,-0.6,0
4.6046976,0,0,18.8,0,0,0.027,-0.012,-1,0.3,-0.6,0
4.6146976,0,0,18.8,0,0,0.027,-0.012,-1,0.3,-0.6,0
4.6246976,0,0,18.8,0,0,0.027,-0.012,-1,0.3,-0.6,0
4.6346976,0,0,18.8,0,0,0.027,-0.012,-1,0.3,-0.6,0
4.6446976,0,0,18.8,0,0,0.027,-0.014,-1.003,0.3,-0.6,0
4.6546976,0,0,18.8,0,0,0.027,-0.014,-1.003,0.3,-0.6,0
4.6646976,0,0,18.8,0,0,0.027,-0.014,-1.003,0.3,-0.6,0
4.6746976,0,0,18.8,0,0,0.027,-0.014,-1.003,0.3,-0.6,0
4.6846976,0,0,18.8,0,0,0.027,-0.014,-1.003,0.3,-0.6,0
4.6946976,0,0,18.8,0,0,0.028,-0.013,-1,0.3,-0.6,0
4.7046976,0,0,18.8,0,0,0.028,-0.013,-1,0.3,-0.6,0
4.7146976,0,0,18.8,0,0,0.028,-0.013,-1,0.3,-0.6,0
4.7246976,0,0,18.8,0,0,0.028,-0.013,-1,0.3,-0.6,0
4.7346976,0,0,18.8,0,0,0.028,-0.013,-1,0.3,-0.6,0
4.7446976,0,0,18.8,0,0,0.028,-0.013,-1,0.3,-0.6,0
4.7546976,0,0,18.8,0,0,0.028,-0.013,-1,0.3,-0.6,0
4.7646976,0,0,18.8,0,0,0.028,-0.013,-1,0.3,-0.6,0
4.7746976,0,0,18.8,0,0,0.028,-0.013,-1,0.3,-0.6,0
4.7846976,0,0,18.8,0,0,0.028,-0.013,-1,0.3,-0.6,0
4.7946976,0,0,18.9,0,0,0.028,-0.013,-1,0.3,-0.6,0
4.8046976,0,0,18.9,0,0,0.028,-0.013,-1,0.3,-0.6,0
4.8146976,0,0,18.9,0,0,0.028,-0.013,-1,0.3,-0.6,0
4.8246976,0,0,18.9,0,0,0.028,-0.013,-1,0.3,-0.6,0
4.8346976,0,0,18.9,0,0,0.028,-0.013,-1,0.3,-0.6,0
4.8446976,0,0,18.8,0,0,0.028,-0.013,-1,0.3,-0.6,0
4.8546976,0,0,18.8,0,0,0.028,-0.013,-1,0.3,-0.6,0
4.8646976,0,0,18.8,0,0,0.028,-0.013,-1,0.3,-0.6,0
4.8746976,0,0,18.8,0,0,0.028,-0.013,-1,0.3,-0.6,0
4.8846976,0,0,18.8,0,0,0.028,-0.013,-1,0.3,-0.6,0
4.8946976,0,0,18.9,0,0,0.028,-0.014,-1.002,0.3,-0.6,0
4.9046976,0,0,18.9,0,0,0.028,-0.014,-1.002,0.3,-0.6,0
4.9146976,0,0,18.9,0,0,0.028,-0.014,-1.002,0.3,-0.6,0
4.9246976,0,0,18.9,0,0,0.028,-0.014,-1.002,0.3,-0.6,0
4.9346976,0,0,18.9,0,0,0.028,-0.014,-1.002,0.3,-0.6,0
4.9446976,0,0,18.9,0,0,0.029,-0.013,-1.001,0.3,-0.6,0
4.9546976,0,0,18.9,0,0,0.029,-0.013,-1.001,0.3,-0.6,0
4.9646976,0,0,18.9,0,0,0.029,-0.013,-1.001,0.3,-0.6,0
4.9746976,0,0,18.9,0,0,0.029,-0.013,-1.001,0.3,-0.6,0
4.9846976,0,0,18.9,0,0,0.029,-0.013,-1.001,0.3,-0.6,0
4.9946976,0,0,18.8,0,0,0.029,-0.012,-1,0.2,-0.5,0
5.0046976,0,0,18.8,0,0,0.029,-0.012,-1,0.2,-0.5,0
5.0146976,0,0,18.8,0,0,0.029,-0.012,-1,0.2,-0.5,0
5.0246976,0,0,18.8,0,0,0.029,-0.012,-1,0.2,-0.5,0
5.0346976,0,0,18.8,0,0,0.029,-0.012,-1,0.2,-0.5,0
5.0446976,0,0,18.9,0,0,0.029,-0.014,-1,0.3,-0.6,0
5.0546976,0,0,18.9,0,0,0.029,-0.014,-1,0.3,-0.6,0
5.0646976,0,0,18.9,0,0,0.029,-0.014,-1,0.3,-0.6,0
5.0746976,0,0,18.9,0,0,0.029,-0.014,-1,0.3,-0.6,0
5.0846976,0,0,18.9,0,0,0.029,-0.014,-1,0.3,-0.6,0
5.0946976,0,0,18.8,0,0,0.028,-0.013,-1.002,0.3,-0.6,0
5.1046976,0,0,18.8,0,0,0.028,-0.013,-1.002,0.3,-0.6,0
5.1146976,0,0,18.8,0,0,0.028,-0.013,-1.002,0.3,-0.6,0
5.1246976,0,0,18.8,0,0,0.028,-0.013,-1.002,0.3,-0.6,0
5.1346976,0,0,18.8,0,0,0.028,-0.013,-1.002,0.3,-0.6,0
5.1446976,0,0,18.8,0,0,0.029,-0.014,-1,0.3,-0.6,0
5.1546976,0,0,18.8,0,0,0.029,-0.014,-1,0.3,-0.6,0
5.16469759999999,0,0,18.8,0,0,0.029,-0.014,-1,0.3,-0.6,0
5.1746976,0,0,18.8,0,0,0.029,-0.014,-1,0.3,-0.6,0
5.1846976,0,0,18.8,0,0,0.029,-0.014,-1,0.3,-0.6,0
5.1946976,0,0,18.9,0,0,0.027,-0.013,-1,0.2,-0.6,0
5.20469759999999,0,0,18.9,0,0,0.027,-0.013,-1,0.2,-0.6,0
5.21469759999999,0,0,18.9,0,0,0.027,-0.013,-1,0.2,-0.6,0
5.2246976,0,0,18.9,0,0,0.027,-0.013,-1,0.2,-0.6,0
5.2346976,0,0,18.9,0,0,0.027,-0.013,-1,0.2,-0.6,0
5.24469759999999,0,0,18.9,0,0,0.029,-0.014,-1.001,0.3,-0.5,0
5.25469759999999,0,0,18.9,0,0,0.029,-0.014,-1.001,0.3,-0.5,0
5.26469759999999,0,0,18.9,0,0,0.029,-0.014,-1.001,0.3,-0.5,0
5.2746976,0,0,18.9,0,0,0.029,-0.014,-1.001,0.3,-0.5,0
5.28469759999999,0,0,18.9,0,0,0.029,-0.014,-1.001,0.3,-0.5,0
5.29469759999999,0,0,18.8,0,0,0.027,-0.011,-1,0.3,-0.5,0
5.30469759999999,0,0,18.8,0,0,0.027,-0.011,-1,0.3,-0.5,0
5.31469759999999,0,0,18.8,0,0,0.027,-0.011,-1,0.3,-0.5,0
5.3246976,0,0,18.8,0,0,0.027,-0.011,-1,0.3,-0.5,0
5.33469759999999,0,0,18.8,0,0,0.027,-0.011,-1,0.3,-0.5,0
5.34469759999999,0,0,18.8,0,0,0.029,-0.015,-1.004,0.3,-0.6,0
5.35469759999999,0,0,18.8,0,0,0.029,-0.015,-1.004,0.3,-0.6,0
5.36469759999999,0,0,18.8,0,0,0.029,-0.015,-1.004,0.3,-0.6,0
5.37469759999999,0,0,18.8,0,0,0.029,-0.015,-1.004,0.3,-0.6,0
5.38469759999999,0,0,18.8,0,0,0.029,-0.015,-1.004,0.3,-0.6,0
5.39469759999999,0,0,18.9,0,0,0.027,-0.012,-1.001,0.2,-0.6,0
5.40469759999999,0,0,18.9,0,0,0.027,-0.012,-1.001,0.2,-0.6,0
5.41469759999999,0,0,18.9,0,0,0.027,-0.012,-1.001,0.2,-0.6,0
5.42469759999999,0,0,18.9,0,0,0.027,-0.012,-1.001,0.2,-0.6,0
5.43469759999999,0,0,18.9,0,0,0.027,-0.012,-1.001,0.2,-0.6,0
5.44469759999999,0,0,18.8,0,0,0.028,-0.014,-1,0.2,-0.5,0
5.45469759999999,0,0,18.8,0,0,0.028,-0.014,-1,0.2,-0.5,0
5.46469759999999,0,0,18.8,0,0,0.028,-0.014,-1,0.2,-0.5,0
5.47469759999999,0,0,18.8,0,0,0.028,-0.014,-1,0.2,-0.5,0
5.48469759999999,0,0,18.8,0,0,0.028,-0.014,-1,0.2,-0.5,0
5.49469759999999,0,0,18.9,0,0,0.028,-0.013,-0.999,0.3,-0.5,0
5.50469759999999,0,0,18.9,0,0,0.028,-0.013,-0.999,0.3,-0.5,0
5.51469759999999,0,0,18.9,0,0,0.028,-0.013,-0.999,0.3,-0.5,0
5.52469759999999,0,0,18.9,0,0,0.028,-0.013,-0.999,0.3,-0.5,0
5.53469759999999,0,0,18.9,0,0,0.028,-0.013,-0.999,0.3,-0.5,0
5.54469759999999,0,0,18.8,0,0,0.028,-0.015,-1.003,0.3,-0.6,0
5.55469759999999,0,0,18.8,0,0,0.028,-0.015,-1.003,0.3,-0.6,0
5.56469759999999,0,0,18.8,0,0,0.028,-0.015,-1.003,0.3,-0.6,0
5.57469759999999,0,0,18.8,0,0,0.028,-0.015,-1.003,0.3,-0.6,0
5.58469759999999,0,0,18.8,0,0,0.028,-0.015,-1.003,0.3,-0.6,0
5.59469759999999,0,0,18.8,0,0,0.029,-0.015,-1,0.3,-0.6,0
5.60469759999999,0,0,18.8,0,0,0.029,-0.015,-1,0.3,-0.6,0
5.61469759999999,0,0,18.8,0,0,0.029,-0.015,-1,0.3,-0.6,0
5.62469759999999,0,0,18.8,0,0,0.029,-0.015,-1,0.3,-0.6,0
5.63469759999999,0,0,18.8,0,0,0.029,-0.015,-1,0.3,-0.6,0
5.64469759999999,0,0,18.8,0,0,0.028,-0.013,-0.999,0.3,-0.5,0
5.65469759999999,0,0,18.8,0,0,0.028,-0.013,-0.999,0.3,-0.5,0
5.66469759999999,0,0,18.8,0,0,0.028,-0.013,-0.999,0.3,-0.5,0
5.67469759999999,0,0,18.8,0,0,0.028,-0.013,-0.999,0.3,-0.5,0
5.68469759999999,0,0,18.8,0,0,0.028,-0.013,-0.999,0.3,-0.5,0
5.69469759999999,0,0,18.8,0,0,0.028,-0.015,-1.002,0.3,-0.6,0
5.70469759999999,0,0,18.8,0,0,0.028,-0.015,-1.002,0.3,-0.6,0
5.71469759999999,0,0,18.8,0,0,0.028,-0.015,-1.002,0.3,-0.6,0
5.72469759999999,0,0,18.8,0,0,0.028,-0.015,-1.002,0.3,-0.6,0
5.73469759999999,0,0,18.8,0,0,0.028,-0.015,-1.002,0.3,-0.6,0
5.74469759999999,0,0,18.8,0,0,0.029,-0.011,-1.003,0.3,-0.6,0
5.75469759999999,0,0,18.8,0,0,0.029,-0.011,-1.003,0.3,-0.6,0
5.76469759999999,0,0,18.8,0,0,0.029,-0.011,-1.003,0.3,-0.6,0
5.77469759999999,0,0,18.8,0,0,0.029,-0.011,-1.003,0.3,-0.6,0
5.78469759999999,0,0,18.8,0,0,0.029,-0.011,-1.003,0.3,-0.6,0
5.7989294,0,0,18.8,0,0,0.028,-0.012,-1.002,0.2,-0.6,0
5.8089294,0,0,18.8,0,0,0.028,-0.012,-1.002,0.2,-0.6,0
5.8189294,0,0,18.8,0,0,0.028,-0.012,-1.002,0.2,-0.6,0
5.8289294,0,0,18.8,0,0,0.028,-0.012,-1.002,0.2,-0.6,0
5.8389294,0,0,18.8,0,0,0.028,-0.012,-1.002,0.2,-0.6,0
5.8489294,0,0,18.8,0,0,0.027,-0.015,-1.001,0.3,-0.6,0
5.8589294,0,0,18.8,0,0,0.027,-0.015,-1.001,0.3,-0.6,0
5.8689294,0,0,18.8,0,0,0.027,-0.015,-1.001,0.3,-0.6,0
5.8789294,0,0,18.8,0,0,0.027,-0.015,-1.001,0.3,-0.6,0
5.8889294,0,0,18.8,0,0,0.027,-0.015,-1.001,0.3,-0.6,0
5.8989294,0,0,18.8,0,0,0.029,-0.013,-1,0.3,-0.6,0
5.9089294,0,0,18.8,0,0,0.029,-0.013,-1,0.3,-0.6,0
5.9189294,0,0,18.8,0,0,0.029,-0.013,-1,0.3,-0.6,0
5.9289294,0,0,18.8,0,0,0.029,-0.013,-1,0.3,-0.6,0
5.9389294,0,0,18.8,0,0,0.029,-0.013,-1,0.3,-0.6,0
5.9489294,0,0,18.8,0,0,0.028,-0.014,-1.001,0.3,-0.5,0
5.9589294,0,0,18.8,0,0,0.028,-0.014,-1.001,0.3,-0.5,0
5.9689294,0,0,18.8,0,0,0.028,-0.014,-1.001,0.3,-0.5,0
5.9789294,0,0,18.8,0,0,0.028,-0.014,-1.001,0.3,-0.5,0
5.9889294,0,0,18.8,0,0,0.028,-0.014,-1.001,0.3,-0.5,0
6.0037652,0,0,18.8,0,0,0.029,-0.013,-1,0.2,-0.6,0
6.0137652,0,0,18.8,0,0,0.029,-0.013,-1,0.2,-0.6,0
6.0237652,0,0,18.8,0,0,0.029,-0.013,-1,0.2,-0.6,0
6.0337652,0,0,18.8,0,0,0.029,-0.013,-1,0.2,-0.6,0
6.0437652,0,0,18.8,0,0,0.029,-0.013,-1,0.2,-0.6,0
6.0537652,0,0,18.8,0,0,0.028,-0.014,-1,0.2,-0.6,0
6.0637652,0,0,18.8,0,0,0.028,-0.014,-1,0.2,-0.6,0
6.0737652,0,0,18.8,0,0,0.028,-0.014,-1,0.2,-0.6,0
6.0837652,0,0,18.8,0,0,0.028,-0.014,-1,0.2,-0.6,0
6.0937652,0,0,18.8,0,0,0.028,-0.014,-1,0.2,-0.6,0
6.1037652,0,0,18.8,0,0,0.029,-0.014,-1.003,0.3,-0.6,0
6.1137652,0,0,18.8,0,0,0.029,-0.014,-1.003,0.3,-0.6,0
6.1237652,0,0,18.8,0,0,0.029,-0.014,-1.003,0.3,-0.6,0
6.1337652,0,0,18.8,0,0,0.029,-0.014,-1.003,0.3,-0.6,0
6.1437652,0,0,18.8,0,0,0.029,-0.014,-1.003,0.3,-0.6,0
6.1537652,0,0,18.8,0,0,0.029,-0.012,-1,0.2,-0.6,0
6.1637652,0,0,18.8,0,0,0.029,-0.012,-1,0.2,-0.6,0
6.1737652,0,0,18.8,0,0,0.029,-0.012,-1,0.2,-0.6,0
6.1837652,0,0,18.8,0,0,0.029,-0.012,-1,0.2,-0.6,0
6.1937652,0,0,18.8,0,0,0.029,-0.012,-1,0.2,-0.6,0
6.2037652,0,0,18.9,0,0,0.028,-0.014,-1,0.2,-0.5,0
6.2137652,0,0,18.9,0,0,0.028,-0.014,-1,0.2,-0.5,0
6.2237652,0,0,18.9,0,0,0.028,-0.014,-1,0.2,-0.5,0
6.2337652,0,0,18.9,0,0,0.028,-0.014,-1,0.2,-0.5,0
6.2437652,0,0,18.9,0,0,0.028,-0.014,-1,0.2,-0.5,0
6.2537652,0,0,18.9,0,0,0.029,-0.012,-1,0.3,-0.6,0
6.2637652,0,0,18.9,0,0,0.029,-0.012,-1,0.3,-0.6,0
6.2737652,0,0,18.9,0,0,0.029,-0.012,-1,0.3,-0.6,0
6.2837652,0,0,18.9,0,0,0.029,-0.012,-1,0.3,-0.6,0
6.2937652,0,0,18.9,0,0,0.029,-0.012,-1,0.3,-0.6,0
6.3037652,0,0,18.9,0,0,0.028,-0.013,-1.001,0.2,-0.5,0
6.3137652,0,0,18.9,0,0,0.028,-0.013,-1.001,0.2,-0.5,0
6.3237652,0,0,18.9,0,0,0.028,-0.013,-1.001,0.2,-0.5,0
6.3337652,0,0,18.9,0,0,0.028,-0.013,-1.001,0.2,-0.5,0
6.3437652,0,0,18.9,0,0,0.028,-0.013,-1.001,0.2,-0.5,0
6.3537652,0,0,18.8,0,0,0.029,-0.013,-1,0.1,-0.6,0
6.3637652,0,0,18.8,0,0,0.029,-0.013,-1,0.1,-0.6,0
6.3737652,0,0,18.8,0,0,0.029,-0.013,-1,0.1,-0.6,0
6.3837652,0,0,18.8,0,0,0.029,-0.013,-1,0.1,-0.6,0
6.3937652,0,0,18.8,0,0,0.029,-0.013,-1,0.1,-0.6,0
6.4037652,0,0,18.9,0,0,0.028,-0.014,-1.002,0.2,-0.6,0
6.4137652,0,0,18.9,0,0,0.028,-0.014,-1.002,0.2,-0.6,0
6.4237652,0,0,18.9,0,0,0.028,-0.014,-1.002,0.2,-0.6,0
6.4337652,0,0,18.9,0,0,0.028,-0.014,-1.002,0.2,-0.6,0
6.4437652,0,0,18.9,0,0,0.028,-0.014,-1.002,0.2,-0.6,0
6.4551088,0,0,18.9,0,0,0.028,-0.013,-1,0.4,-0.6,0
6.4651088,0,0,18.9,0,0,0.028,-0.013,-1,0.4,-0.6,0
6.4751088,0,0,18.9,0,0,0.028,-0.013,-1,0.4,-0.6,0
6.4851088,0,0,18.9,0,0,0.028,-0.013,-1,0.4,-0.6,0
6.4951088,0,0,18.9,0,0,0.028,-0.013,-1,0.4,-0.6,0
6.5051088,0,0,18.8,0,0,0.028,-0.015,-1.001,0.3,-0.5,0
6.5151088,0,0,18.8,0,0,0.028,-0.015,-1.001,0.3,-0.5,0
6.5251088,0,0,18.8,0,0,0.028,-0.015,-1.001,0.3,-0.5,0
6.5351088,0,0,18.8,0,0,0.028,-0.015,-1.001,0.3,-0.5,0
6.5451088,0,0,18.8,0,0,0.028,-0.015,-1.001,0.3,-0.5,0
6.5551088,0,0,18.9,0,0,0.028,-0.013,-1.002,0.3,-0.6,0
6.5651088,0,0,18.9,0,0,0.028,-0.013,-1.002,0.3,-0.6,0
6.5751088,0,0,18.9,0,0,0.028,-0.013,-1.002,0.3,-0.6,0
6.5851088,0,0,18.9,0,0,0.028,-0.013,-1.002,0.3,-0.6,0
6.5951088,0,0,18.9,0,0,0.028,-0.013,-1.002,0.3,-0.6,0
6.6051088,0,0,18.9,0,0,0.028,-0.013,-0.999,0.3,-0.5,0
6.6151088,0,0,18.9,0,0,0.028,-0.013,-0.999,0.3,-0.5,0
6.6251088,0,0,18.9,0,0,0.028,-0.013,-0.999,0.3,-0.5,0
6.6351088,0,0,18.9,0,0,0.028,-0.013,-0.999,0.3,-0.5,0
6.6451088,0,0,18.9,0,0,0.028,-0.013,-0.999,0.3,-0.5,0
6.6755597,0,0,18.8,0,0,0.03,-0.014,-1.001,0.3,-0.5,0
6.6855597,0,0,18.8,0,0,0.03,-0.014,-1.001,0.3,-0.5,0
6.6955597,0,0,18.8,0,0,0.03,-0.014,-1.001,0.3,-0.5,0
6.7055597,0,0,18.8,0,0,0.03,-0.014,-1.001,0.3,-0.5,0
6.7155597,0,0,18.8,0,0,0.03,-0.014,-1.001,0.3,-0.5,0
6.7556254,0,0,18.8,0,0,0.029,-0.014,-0.999,0.2,-0.5,0
6.7656254,0,0,18.8,0,0,0.029,-0.014,-0.999,0.2,-0.5,0
6.7756254,0,0,18.8,0,0,0.029,-0.014,-0.999,0.2,-0.5,0
6.7856254,0,0,18.8,0,0,0.029,-0.014,-0.999,0.2,-0.5,0
6.7956254,0,0,18.8,0,0,0.029,-0.014,-0.999,0.2,-0.5,0
6.8498809,0,0,18.9,0,0,0.028,-0.012,-1.002,0.3,-0.6,0
6.8598809,0,0,18.9,0,0,0.028,-0.012,-1.002,0.3,-0.6,0
6.8698809,0,0,18.9,0,0,0.028,-0.012,-1.002,0.3,-0.6,0
6.8798809,0,0,18.9,0,0,0.028,-0.012,-1.002,0.3,-0.6,0
6.8898809,0,0,18.9,0,0,0.028,-0.012,-1.002,0.3,-0.6,0
6.8998809,0,0,18.8,0,0,0.029,-0.012,-1.001,0.3,-0.5,0
6.9098809,0,0,18.8,0,0,0.029,-0.012,-1.001,0.3,-0.5,0
6.9198809,0,0,18.8,0,0,0.029,-0.012,-1.001,0.3,-0.5,0
6.9298809,0,0,18.8,0,0,0.029,-0.012,-1.001,0.3,-0.5,0
6.9398809,0,0,18.8,0,0,0.029,-0.012,-1.001,0.3,-0.5,0
6.9498809,0,0,18.9,0,0,0.029,-0.015,-1.001,0.2,-0.6,0
6.9598809,0,0,18.9,0,0,0.029,-0.015,-1.001,0.2,-0.6,0
6.9698809,0,0,18.9,0,0,0.029,-0.015,-1.001,0.2,-0.6,0
6.9798809,0,0,18.9,0,0,0.029,-0.015,-1.001,0.2,-0.6,0
6.9898809,0,0,18.9,0,0,0.029,-0.015,-1.001,0.2,-0.6,0
6.9998809,0,0,18.8,0,0,0.028,-0.012,-1,0.3,-0.6,0
7.0098809,0,0,18.8,0,0,0.028,-0.012,-1,0.3,-0.6,0
7.0198809,0,0,18.8,0,0,0.028,-0.012,-1,0.3,-0.6,0
7.0298809,0,0,18.8,0,0,0.028,-0.012,-1,0.3,-0.6,0
7.0398809,0,0,18.8,0,0,0.028,-0.012,-1,0.3,-0.6,0
7.0535579,0,0,18.9,0,0,0.029,-0.013,-0.999,0.3,-0.5,0
7.0635579,0,0,18.9,0,0,0.029,-0.013,-0.999,0.3,-0.5,0
7.0735579,0,0,18.9,0,0,0.029,-0.013,-0.999,0.3,-0.5,0
7.0835579,0,0,18.9,0,0,0.029,-0.013,-0.999,0.3,-0.5,0
7.0935579,0,0,18.9,0,0,0.029,-0.013,-0.999,0.3,-0.5,0
7.1166184,0,0,18.9,0,0,0.029,-0.013,-1.002,0.3,-0.7,0
7.1266184,0,0,18.9,0,0,0.029,-0.013,-1.002,0.3,-0.7,0
7.1366184,0,0,18.9,0,0,0.029,-0.013,-1.002,0.3,-0.7,0
7.1466184,0,0,18.9,0,0,0.029,-0.013,-1.002,0.3,-0.7,0
7.1566184,0,0,18.9,0,0,0.029,-0.013,-1.002,0.3,-0.7,0
7.1970687,0,0,18.8,0,0,0.029,-0.013,-1,0.3,-0.6,0
7.2070687,0,0,18.8,0,0,0.029,-0.013,-1,0.3,-0.6,0
7.2170687,0,0,18.8,0,0,0.029,-0.013,-1,0.3,-0.6,0
7.2270687,0,0,18.8,0,0,0.029,-0.013,-1,0.3,-0.6,0
7.2370687,0,0,18.8,0,0,0.029,-0.013,-1,0.3,-0.6,0
7.2470687,0,0,18.8,0,0,0.029,-0.014,-1.001,0.3,-0.6,0
7.2570687,0,0,18.8,0,0,0.029,-0.014,-1.001,0.3,-0.6,0
7.2670687,0,0,18.8,0,0,0.029,-0.014,-1.001,0.3,-0.6,0
7.2770687,0,0,18.8,0,0,0.029,-0.014,-1.001,0.3,-0.6,0
7.2870687,0,0,18.8,0,0,0.029,-0.014,-1.001,0.3,-0.6,0
7.2970687,0,0,18.9,0,0,0.03,-0.013,-0.999,0.3,-0.6,0
7.3070687,0,0,18.9,0,0,0.03,-0.013,-0.999,0.3,-0.6,0
7.3170687,0,0,18.9,0,0,0.03,-0.013,-0.999,0.3,-0.6,0
7.3270687,0,0,18.9,0,0,0.03,-0.013,-0.999,0.3,-0.6,0
7.3370687,0,0,18.9,0,0,0.03,-0.013,-0.999,0.3,-0.6,0
7.3470687,0,0,18.8,0,0,0.028,-0.014,-1,0.2,-0.6,0
7.3570687,0,0,18.8,0,0,0.028,-0.014,-1,0.2,-0.6,0
7.3670687,0,0,18.8,0,0,0.028,-0.014,-1,0.2,-0.6,0
7.3770687,0,0,18.8,0,0,0.028,-0.014,-1,0.2,-0.6,0
7.3870687,0,0,18.8,0,0,0.028,-0.014,-1,0.2,-0.6,0
7.3970687,0,0,18.8,0,0,0.029,-0.014,-1,0.2,-0.6,0
7.4070687,0,0,18.8,0,0,0.029,-0.014,-1,0.2,-0.6,0
7.4170687,0,0,18.8,0,0,0.029,-0.014,-1,0.2,-0.6,0
7.4270687,0,0,18.8,0,0,0.029,-0.014,-1,0.2,-0.6,0
7.4370687,0,0,18.8,0,0,0.029,-0.014,-1,0.2,-0.6,0
7.4470687,0,0,18.9,0,0,0.028,-0.013,-1.001,0.3,-0.5,0.1
7.4570687,0,0,18.9,0,0,0.028,-0.013,-1.001,0.3,-0.5,0.1
7.4670687,0,0,18.9,0,0,0.028,-0.013,-1.001,0.3,-0.5,0.1
7.4770687,0,0,18.9,0,0,0.028,-0.013,-1.001,0.3,-0.5,0.1
7.4870687,0,0,18.9,0,0,0.028,-0.013,-1.001,0.3,-0.5,0.1
7.4970687,0,0,18.8,0,0,0.029,-0.013,-1.002,0.2,-0.5,0
7.5070687,0,0,18.8,0,0,0.029,-0.013,-1.002,0.2,-0.5,0
7.5170687,0,0,18.8,0,0,0.029,-0.013,-1.002,0.2,-0.5,0
7.5270687,0,0,18.8,0,0,0.029,-0.013,-1.002,0.2,-0.5,0
7.5370687,0,0,18.8,0,0,0.029,-0.013,-1.002,0.2,-0.5,0
7.5470687,0,0,18.8,0,0,0.027,-0.013,-1.003,0.3,-0.6,0
7.5570687,0,0,18.8,0,0,0.027,-0.013,-1.003,0.3,-0.6,0
7.5670687,0,0,18.8,0,0,0.027,-0.013,-1.003,0.3,-0.6,0
7.5770687,0,0,18.8,0,0,0.027,-0.013,-1.003,0.3,-0.6,0
7.5870687,0,0,18.8,0,0,0.027,-0.013,-1.003,0.3,-0.6,0
7.5970687,0,0,18.9,0,0,0.028,-0.013,-1.001,0.4,-0.5,0
7.6070687,0,0,18.9,0,0,0.028,-0.013,-1.001,0.4,-0.5,0
7.6170687,0,0,18.9,0,0,0.028,-0.013,-1.001,0.4,-0.5,0
7.6270687,0,0,18.9,0,0,0.028,-0.013,-1.001,0.4,-0.5,0
7.6370687,0,0,18.9,0,0,0.028,-0.013,-1.001,0.4,-0.5,0
7.6529636,0,0,18.8,0,0,0.028,-0.013,-1,0.3,-0.5,0
7.6629636,0,0,18.8,0,0,0.028,-0.013,-1,0.3,-0.5,0
7.6729636,0,0,18.8,0,0,0.028,-0.013,-1,0.3,-0.5,0
7.6829636,0,0,18.8,0,0,0.028,-0.013,-1,0.3,-0.5,0
7.6929636,0,0,18.8,0,0,0.028,-0.013,-1,0.3,-0.5,0
9.3016007,0,0,18.8,0,0,0.028,-0.013,-1.002,0.3,-0.6,0
9.3116007,0,0,18.8,0,0,0.028,-0.013,-1.002,0.3,-0.6,0
9.3216007,0,0,18.8,0,0,0.028,-0.013,-1.002,0.3,-0.6,0
9.3316007,0,0,18.8,0,0,0.028,-0.013,-1.002,0.3,-0.6,0
9.3416007,0,0,18.8,0,0,0.028,-0.013,-1.002,0.3,-0.6,0
9.3791913,0,0,18.9,0,0,0.029,-0.015,-1.004,0.3,-0.6,0
9.3891913,0,0,18.9,0,0,0.029,-0.015,-1.004,0.3,-0.6,0
9.3991913,0,0,18.9,0,0,0.029,-0.015,-1.004,0.3,-0.6,0
9.4091913,0,0,18.9,0,0,0.029,-0.015,-1.004,0.3,-0.6,0
9.4191913,0,0,18.9,0,0,0.029,-0.015,-1.004,0.3,-0.6,0
9.4291913,0,0,18.9,0,0,0.028,-0.012,-1.001,0.3,-0.6,0
9.4391913,0,0,18.9,0,0,0.028,-0.012,-1.001,0.3,-0.6,0
9.4491913,0,0,18.9,0,0,0.028,-0.012,-1.001,0.3,-0.6,0
9.4591913,0,0,18.9,0,0,0.028,-0.012,-1.001,0.3,-0.6,0
9.4691913,0,0,18.9,0,0,0.028,-0.012,-1.001,0.3,-0.6,0
9.4791913,0,0,18.8,0,0,0.029,-0.014,-1.001,0.3,-0.6,0
9.4891913,0,0,18.8,0,0,0.029,-0.014,-1.001,0.3,-0.6,0
9.4991913,0,0,18.8,0,0,0.029,-0.014,-1.001,0.3,-0.6,0
9.5091913,0,0,18.8,0,0,0.029,-0.014,-1.001,0.3,-0.6,0
9.5191913,0,0,18.8,0,0,0.029,-0.014,-1.001,0.3,-0.6,0
9.5567562,0,0,18.9,0,0,0.029,-0.012,-1,0.3,-0.6,0
9.5667562,0,0,18.9,0,0,0.029,-0.012,-1,0.3,-0.6,0
9.5767562,0,0,18.9,0,0,0.029,-0.012,-1,0.3,-0.6,0
9.5867562,0,0,18.9,0,0,0.029,-0.012,-1,0.3,-0.6,0
9.5967562,0,0,18.9,0,0,0.029,-0.012,-1,0.3,-0.6,0
9.6067562,0,0,18.8,0,0,0.029,-0.013,-1.002,0.2,-0.6,0
9.6167562,0,0,18.8,0,0,0.029,-0.013,-1.002,0.2,-0.6,0
9.6267562,0,0,18.8,0,0,0.029,-0.013,-1.002,0.2,-0.6,0
9.6367562,0,0,18.8,0,0,0.029,-0.013,-1.002,0.2,-0.6,0
9.6467562,0,0,18.8,0,0,0.029,-0.013,-1.002,0.2,-0.6,0
9.6567562,0,0,18.8,0,0,0.028,-0.013,-1.004,0.3,-0.6,0
9.6667562,0,0,18.8,0,0,0.028,-0.013,-1.004,0.3,-0.6,0
9.6767562,0,0,18.8,0,0,0.028,-0.013,-1.004,0.3,-0.6,0
9.6867562,0,0,18.8,0,0,0.028,-0.013,-1.004,0.3,-0.6,0
9.6967562,0,0,18.8,0,0,0.028,-0.013,-1.004,0.3,-0.6,0
9.7067562,0,0,18.8,0,0,0.028,-0.014,-1.001,0.3,-0.6,0
9.7167562,0,0,18.8,0,0,0.028,-0.014,-1.001,0.3,-0.6,0
9.7267562,0,0,18.8,0,0,0.028,-0.014,-1.001,0.3,-0.6,0
9.7367562,0,0,18.8,0,0,0.028,-0.014,-1.001,0.3,-0.6,0
9.7467562,0,0,18.8,0,0,0.028,-0.014,-1.001,0.3,-0.6,0
9.7567562,0,0,18.8,0,0,0.029,-0.014,-1.002,0.3,-0.5,0
9.7667562,0,0,18.8,0,0,0.029,-0.014,-1.002,0.3,-0.5,0
9.7767562,0,0,18.8,0,0,0.029,-0.014,-1.002,0.3,-0.5,0
9.7867562,0,0,18.8,0,0,0.029,-0.014,-1.002,0.3,-0.5,0
9.7967562,0,0,18.8,0,0,0.029,-0.014,-1.002,0.3,-0.5,0
9.8067562,0,0,18.9,0,0,0.029,-0.013,-1.002,0.3,-0.6,0
9.8167562,0,0,18.9,0,0,0.029,-0.013,-1.002,0.3,-0.6,0
9.82675619999999,0,0,18.9,0,0,0.029,-0.013,-1.002,0.3,-0.6,0
9.83675619999999,0,0,18.9,0,0,0.029,-0.013,-1.002,0.3,-0.6,0
9.84675619999999,0,0,18.9,0,0,0.029,-0.013,-1.002,0.3,-0.6,0
9.85675619999999,0,0,18.9,0,0,0.028,-0.013,-1.001,0.2,-0.6,0
9.86675619999999,0,0,18.9,0,0,0.028,-0.013,-1.001,0.2,-0.6,0
9.87675619999999,0,0,18.9,0,0,0.028,-0.013,-1.001,0.2,-0.6,0
9.88675619999999,0,0,18.9,0,0,0.028,-0.013,-1.001,0.2,-0.6,0
9.89675619999999,0,0,18.9,0,0,0.028,-0.013,-1.001,0.2,-0.6,0
9.9128869,0,0,18.9,0,0,0.028,-0.014,-1.003,0.3,-0.6,0
9.9228869,0,0,18.9,0,0,0.028,-0.014,-1.003,0.3,-0.6,0
9.9328869,0,0,18.9,0,0,0.028,-0.014,-1.003,0.3,-0.6,0
9.9428869,0,0,18.9,0,0,0.028,-0.014,-1.003,0.3,-0.6,0
9.9528869,0,0,18.9,0,0,0.028,-0.014,-1.003,0.3,-0.6,0
9.9628869,0,0,18.9,0,0,0.029,-0.013,-1.002,0.3,-0.6,0.1
9.9728869,0,0,18.9,0,0,0.029,-0.013,-1.002,0.3,-0.6,0.1
9.9828869,0,0,18.9,0,0,0.029,-0.013,-1.002,0.3,-0.6,0.1
9.9928869,0,0,18.9,0,0,0.029,-0.013,-1.002,0.3,-0.6,0.1
10.0028869,0,0,18.9,0,0,0.029,-0.013,-1.002,0.3,-0.6,0.1
10.0128869,0,0,18.8,0,0,0.028,-0.012,-1.002,0.3,-0.6,0
10.0228869,0,0,18.8,0,0,0.028,-0.012,-1.002,0.3,-0.6,0
10.0328869,0,0,18.8,0,0,0.028,-0.012,-1.002,0.3,-0.6,0
10.0428869,0,0,18.8,0,0,0.028,-0.012,-1.002,0.3,-0.6,0
10.0528869,0,0,18.8,0,0,0.028,-0.012,-1.002,0.3,-0.6,0
10.0628869,0,0,18.9,0,0,0.028,-0.013,-1.001,0.3,-0.6,0
10.0728869,0,0,18.9,0,0,0.028,-0.013,-1.001,0.3,-0.6,0
10.0828869,0,0,18.9,0,0,0.028,-0.013,-1.001,0.3,-0.6,0
10.0928869,0,0,18.9,0,0,0.028,-0.013,-1.001,0.3,-0.6,0
10.1028869,0,0,18.9,0,0,0.028,-0.013,-1.001,0.3,-0.6,0
10.1128869,0,0,18.8,0,0,0.028,-0.013,-1.001,0.3,-0.6,0
10.1228869,0,0,18.8,0,0,0.028,-0.013,-1.001,0.3,-0.6,0
10.1328869,0,0,18.8,0,0,0.028,-0.013,-1.001,0.3,-0.6,0
10.1428869,0,0,18.8,0,0,0.028,-0.013,-1.001,0.3,-0.6,0
10.1528869,0,0,18.8,0,0,0.028,-0.013,-1.001,0.3,-0.6,0
10.1628869,0,0,18.9,0,0,0.028,-0.014,-1.002,0.3,-0.6,0
10.1728869,0,0,18.9,0,0,0.028,-0.014,-1.002,0.3,-0.6,0
10.1828869,0,0,18.9,0,0,0.028,-0.014,-1.002,0.3,-0.6,0
10.1928869,0,0,18.9,0,0,0.028,-0.014,-1.002,0.3,-0.6,0
10.2028869,0,0,18.9,0,0,0.028,-0.014,-1.002,0.3,-0.6,0
10.2128869,0,0,18.9,0,0,0.027,-0.013,-1.002,0.3,-0.5,0
10.2228869,0,0,18.9,0,0,0.027,-0.013,-1.002,0.3,-0.5,0
10.2328869,0,0,18.9,0,0,0.027,-0.013,-1.002,0.3,-0.5,0
10.2428869,0,0,18.9,0,0,0.027,-0.013,-1.002,0.3,-0.5,0
10.2528869,0,0,18.9,0,0,0.027,-0.013,-1.002,0.3,-0.5,0
10.2749211,0,0,18.9,0,0,0.029,-0.013,-1.003,0.2,-0.5,0
10.2849211,0,0,18.9,0,0,0.029,-0.013,-1.003,0.2,-0.5,0
10.2949211,0,0,18.9,0,0,0.029,-0.013,-1.003,0.2,-0.5,0
10.3049211,0,0,18.9,0,0,0.029,-0.013,-1.003,0.2,-0.5,0
10.3149211,0,0,18.9,0,0,0.029,-0.013,-1.003,0.2,-0.5,0
10.3500551,0,0,18.9,0,0,0.029,-0.013,-0.998,0.2,-0.6,0
10.3600551,0,0,18.9,0,0,0.029,-0.013,-0.998,0.2,-0.6,0
10.3700551,0,0,18.9,0,0,0.029,-0.013,-0.998,0.2,-0.6,0
10.3800551,0,0,18.9,0,0,0.029,-0.013,-0.998,0.2,-0.6,0
10.3900551,0,0,18.9,0,0,0.029,-0.013,-0.998,0.2,-0.6,0
10.4387696,0,0,18.9,0,0,0.028,-0.013,-1.002,0.3,-0.6,0
10.4487696,0,0,18.9,0,0,0.028,-0.013,-1.002,0.3,-0.6,0
10.4587696,0,0,18.9,0,0,0.028,-0.013,-1.002,0.3,-0.6,0
10.4687696,0,0,18.9,0,0,0.028,-0.013,-1.002,0.3,-0.6,0
10.4787696,0,0,18.9,0,0,0.028,-0.013,-1.002,0.3,-0.6,0
10.4887696,0,0,18.8,0,0,0.028,-0.013,-0.999,0.3,-0.4,0
10.4987696,0,0,18.8,0,0,0.028,-0.013,-0.999,0.3,-0.4,0
10.5087696,0,0,18.8,0,0,0.028,-0.013,-0.999,0.3,-0.4,0
10.5187696,0,0,18.8,0,0,0.028,-0.013,-0.999,0.3,-0.4,0
10.5287696,0,0,18.8,0,0,0.028,-0.013,-0.999,0.3,-0.4,0
10.5387696,0,0,18.9,0,0,0.028,-0.013,-1.002,0.2,-0.6,0
10.5487696,0,0,18.9,0,0,0.028,-0.013,-1.002,0.2,-0.6,0
10.5587696,0,0,18.9,0,0,0.028,-0.013,-1.002,0.2,-0.6,0
10.5687696,0,0,18.9,0,0,0.028,-0.013,-1.002,0.2,-0.6,0
10.5787696,0,0,18.9,0,0,0.028,-0.013,-1.002,0.2,-0.6,0
12.2257193,0,0,18.9,0,0,0.028,-0.013,-1,0.3,-0.6,0
12.2357193,0,0,18.9,0,0,0.028,-0.013,-1,0.3,-0.6,0
12.2457193,0,0,18.9,0,0,0.028,-0.013,-1,0.3,-0.6,0
12.2557193,0,0,18.9,0,0,0.028,-0.013,-1,0.3,-0.6,0
12.2657193,0,0,18.9,0,0,0.028,-0.013,-1,0.3,-0.6,0
12.2757193,0,0,18.9,0,0,0.027,-0.014,-1,0.3,-0.6,0
12.2857193,0,0,18.9,0,0,0.027,-0.014,-1,0.3,-0.6,0
12.2957193,0,0,18.9,0,0,0.027,-0.014,-1,0.3,-0.6,0
12.3057193,0,0,18.9,0,0,0.027,-0.014,-1,0.3,-0.6,0
12.3157193,0,0,18.9,0,0,0.027,-0.014,-1,0.3,-0.6,0
12.3257193,0,0,18.9,0,0,0.028,-0.013,-1.001,0.3,-0.6,0
12.3357193,0,0,18.9,0,0,0.028,-0.013,-1.001,0.3,-0.6,0
12.3457193,0,0,18.9,0,0,0.028,-0.013,-1.001,0.3,-0.6,0
12.3557193,0,0,18.9,0,0,0.028,-0.013,-1.001,0.3,-0.6,0
12.3657193,0,0,18.9,0,0,0.028,-0.013,-1.001,0.3,-0.6,0
12.3818301,0,0,18.9,0,0,0.029,-0.013,-1.002,0.3,-0.5,0
12.3918301,0,0,18.9,0,0,0.029,-0.013,-1.002,0.3,-0.5,0
12.4018301,0,0,18.9,0,0,0.029,-0.013,-1.002,0.3,-0.5,0
12.4118301,0,0,18.9,0,0,0.029,-0.013,-1.002,0.3,-0.5,0
12.4218301,0,0,18.9,0,0,0.029,-0.013,-1.002,0.3,-0.5,0
12.4318301,0,0,18.8,0,0,0.029,-0.014,-1.001,0.3,-0.6,0
12.4418301,0,0,18.8,0,0,0.029,-0.014,-1.001,0.3,-0.6,0
12.4518301,0,0,18.8,0,0,0.029,-0.014,-1.001,0.3,-0.6,0
12.4618301,0,0,18.8,0,0,0.029,-0.014,-1.001,0.3,-0.6,0
12.4718301,0,0,18.8,0,0,0.029,-0.014,-1.001,0.3,-0.6,0
12.4818301,0,0,18.9,0,0,0.028,-0.014,-1.002,0.3,-0.5,0
12.4918301,0,0,18.9,0,0,0.028,-0.014,-1.002,0.3,-0.5,0
12.5018301,0,0,18.9,0,0,0.028,-0.014,-1.002,0.3,-0.5,0
12.5118301,0,0,18.9,0,0,0.028,-0.014,-1.002,0.3,-0.5,0
12.5218301,0,0,18.9,0,0,0.028,-0.014,-1.002,0.3,-0.5,0
12.5318301,0,0,18.8,0,0,0.029,-0.015,-1.001,0.3,-0.6,0
12.5418301,0,0,18.8,0,0,0.029,-0.015,-1.001,0.3,-0.6,0
12.5518301,0,0,18.8,0,0,0.029,-0.015,-1.001,0.3,-0.6,0
12.5618301,0,0,18.8,0,0,0.029,-0.015,-1.001,0.3,-0.6,0
12.5718301,0,0,18.8,0,0,0.029,-0.015,-1.001,0.3,-0.6,0
12.5818301,0,0,18.8,0,0,0.028,-0.013,-1.001,0.3,-0.6,0
12.5918301,0,0,18.8,0,0,0.028,-0.013,-1.001,0.3,-0.6,0
12.6018301,0,0,18.8,0,0,0.028,-0.013,-1.001,0.3,-0.6,0
12.6118301,0,0,18.8,0,0,0.028,-0.013,-1.001,0.3,-0.6,0
12.6218301,0,0,18.8,0,0,0.028,-0.013,-1.001,0.3,-0.6,0
12.6318301,0,0,18.8,0,0,0.028,-0.014,-1,0.3,-0.6,0
12.6418301,0,0,18.8,0,0,0.028,-0.014,-1,0.3,-0.6,0
12.6518301,0,0,18.8,0,0,0.028,-0.014,-1,0.3,-0.6,0
12.6618301,0,0,18.8,0,0,0.028,-0.014,-1,0.3,-0.6,0
12.6718301,0,0,18.8,0,0,0.028,-0.014,-1,0.3,-0.6,0
12.6879874,0,0,18.8,0,0,0.028,-0.013,-1.001,0.3,-0.5,0
12.6979874,0,0,18.8,0,0,0.028,-0.013,-1.001,0.3,-0.5,0
12.7079874,0,0,18.8,0,0,0.028,-0.013,-1.001,0.3,-0.5,0
12.7179874,0,0,18.8,0,0,0.028,-0.013,-1.001,0.3,-0.5,0
12.7279874,0,0,18.8,0,0,0.028,-0.013,-1.001,0.3,-0.5,0
12.7379874,0,0,18.9,0,0,0.028,-0.014,-1,0.3,-0.6,0
12.7479874,0,0,18.9,0,0,0.028,-0.014,-1,0.3,-0.6,0
12.7579874,0,0,18.9,0,0,0.028,-0.014,-1,0.3,-0.6,0
12.7679874,0,0,18.9,0,0,0.028,-0.014,-1,0.3,-0.6,0
12.7779874,0,0,18.9,0,0,0.028,-0.014,-1,0.3,-0.6,0
12.7879874,0,0,18.8,0,0,0.029,-0.013,-1,0.3,-0.6,0
12.7979874,0,0,18.8,0,0,0.029,-0.013,-1,0.3,-0.6,0
12.8079874,0,0,18.8,0,0,0.029,-0.013,-1,0.3,-0.6,0
12.8179874,0,0,18.8,0,0,0.029,-0.013,-1,0.3,-0.6,0
12.8279874,0,0,18.8,0,0,0.029,-0.013,-1,0.3,-0.6,0
12.8379874,0,0,18.8,0,0,0.03,-0.013,-1.001,0.3,-0.5,0
12.8479874,0,0,18.8,0,0,0.03,-0.013,-1.001,0.3,-0.5,0
12.8579874,0,0,18.8,0,0,0.03,-0.013,-1.001,0.3,-0.5,0
12.8679874,0,0,18.8,0,0,0.03,-0.013,-1.001,0.3,-0.5,0
12.8779874,0,0,18.8,0,0,0.03,-0.013,-1.001,0.3,-0.5,0
12.8879874,0,0,18.8,0,0,0.028,-0.012,-1,0.3,-0.6,0
12.8979874,0,0,18.8,0,0,0.028,-0.012,-1,0.3,-0.6,0
12.9079874,0,0,18.8,0,0,0.028,-0.012,-1,0.3,-0.6,0
12.9179874,0,0,18.8,0,0,0.028,-0.012,-1,0.3,-0.6,0
12.9279874,0,0,18.8,0,0,0.028,-0.012,-1,0.3,-0.6,0
12.9379874,0,0,18.8,0,0,0.029,-0.014,-1.002,0.3,-0.6,0
12.9479874,0,0,18.8,0,0,0.029,-0.014,-1.002,0.3,-0.6,0
12.9579874,0,0,18.8,0,0,0.029,-0.014,-1.002,0.3,-0.6,0
12.9679874,0,0,18.8,0,0,0.029,-0.014,-1.002,0.3,-0.6,0
12.9779874,0,0,18.8,0,0,0.029,-0.014,-1.002,0.3,-0.6,0
12.9879874,0,0,18.9,0,0,0.028,-0.012,-1.001,0.3,-0.6,0
12.9979874,0,0,18.9,0,0,0.028,-0.012,-1.001,0.3,-0.6,0
13.0079874,0,0,18.9,0,0,0.028,-0.012,-1.001,0.3,-0.6,0
13.0179874,0,0,18.9,0,0,0.028,-0.012,-1.001,0.3,-0.6,0
13.0279874,0,0,18.9,0,0,0.028,-0.012,-1.001,0.3,-0.6,0
13.0379874,0,0,18.9,0,0,0.028,-0.014,-1.002,0.2,-0.6,0
13.0479874,0,0,18.9,0,0,0.028,-0.014,-1.002,0.2,-0.6,0
13.0579874,0,0,18.9,0,0,0.028,-0.014,-1.002,0.2,-0.6,0
13.0679874,0,0,18.9,0,0,0.028,-0.014,-1.002,0.2,-0.6,0
13.0779874,0,0,18.9,0,0,0.028,-0.014,-1.002,0.2,-0.6,0
13.0879874,0,0,18.8,0,0,0.028,-0.013,-1.002,0.3,-0.6,0
13.0979874,0,0,18.8,0,0,0.028,-0.013,-1.002,0.3,-0.6,0
13.1079874,0,0,18.8,0,0,0.028,-0.013,-1.002,0.3,-0.6,0
13.1179874,0,0,18.8,0,0,0.028,-0.013,-1.002,0.3,-0.6,0
13.1279874,0,0,18.8,0,0,0.028,-0.013,-1.002,0.3,-0.6,0
13.1379874,0,0,18.9,0,0,0.028,-0.013,-1.001,0.3,-0.6,0
13.1479874,0,0,18.9,0,0,0.028,-0.013,-1.001,0.3,-0.6,0
13.1579874,0,0,18.9,0,0,0.028,-0.013,-1.001,0.3,-0.6,0
13.1679874,0,0,18.9,0,0,0.028,-0.013,-1.001,0.3,-0.6,0
13.1779874,0,0,18.9,0,0,0.028,-0.013,-1.001,0.3,-0.6,0
13.1879874,0,0,18.9,0,0,0.028,-0.015,-1.001,0.2,-0.6,0
13.1979874,0,0,18.9,0,0,0.028,-0.015,-1.001,0.2,-0.6,0
13.2079874,0,0,18.9,0,0,0.028,-0.015,-1.001,0.2,-0.6,0
13.2179874,0,0,18.9,0,0,0.028,-0.015,-1.001,0.2,-0.6,0
13.2279874,0,0,18.9,0,0,0.028,-0.015,-1.001,0.2,-0.6,0
13.2379874,0,0,18.9,0,0,0.028,-0.013,-1,0.2,-0.6,0
13.2479874,0,0,18.9,0,0,0.028,-0.013,-1,0.2,-0.6,0
13.2579874,0,0,18.9,0,0,0.028,-0.013,-1,0.2,-0.6,0
13.2679874,0,0,18.9,0,0,0.028,-0.013,-1,0.2,-0.6,0
13.2779874,0,0,18.9,0,0,0.028,-0.013,-1,0.2,-0.6,0
13.2879874,0,0,18.8,0,0,0.028,-0.014,-1,0.2,-0.6,0
13.2979874,0,0,18.8,0,0,0.028,-0.014,-1,0.2,-0.6,0
13.3079874,0,0,18.8,0,0,0.028,-0.014,-1,0.2,-0.6,0
13.3179874,0,0,18.8,0,0,0.028,-0.014,-1,0.2,-0.6,0
13.3279874,0,0,18.8,0,0,0.028,-0.014,-1,0.2,-0.6,0
15.0528105,0,0,18.9,0,0,0.028,-0.013,-1.001,0.3,-0.6,0
15.0628105,0,0,18.9,0,0,0.028,-0.013,-1.001,0.3,-0.6,0
15.0728105,0,0,18.9,0,0,0.028,-0.013,-1.001,0.3,-0.6,0
15.0828105,0,0,18.9,0,0,0.028,-0.013,-1.001,0.3,-0.6,0
15.0928105,0,0,18.9,0,0,0.028,-0.013,-1.001,0.3,-0.6,0
15.1028105,0,0.01,18.8,0,0,0.028,-0.013,-1.001,0.3,-0.6,0
15.1128105,0,0.01,18.8,0,0,0.028,-0.013,-1.001,0.3,-0.6,0
15.1228105,0,0.01,18.8,0,0,0.028,-0.013,-1.001,0.3,-0.6,0
15.1328105,0,0.01,18.8,0,0,0.028,-0.013,-1.001,0.3,-0.6,0
15.1428105,0,0.01,18.8,0,0,0.028,-0.013,-1.001,0.3,-0.6,0
15.1528105,0,0,18.9,0,0,0.028,-0.013,-1.002,0.3,-0.6,0
15.1628105,0,0,18.9,0,0,0.028,-0.013,-1.002,0.3,-0.6,0
15.1728105,0,0,18.9,0,0,0.028,-0.013,-1.002,0.3,-0.6,0
15.1828105,0,0,18.9,0,0,0.028,-0.013,-1.002,0.3,-0.6,0
15.1928105,0,0,18.9,0,0,0.028,-0.013,-1.002,0.3,-0.6,0
15.2028105,0,0,18.9,0,0,0.028,-0.013,-1.002,0.2,-0.6,0
15.2128105,0,0,18.9,0,0,0.028,-0.013,-1.002,0.2,-0.6,0
15.2228105,0,0,18.9,0,0,0.028,-0.013,-1.002,0.2,-0.6,0
15.2328105,0,0,18.9,0,0,0.028,-0.013,-1.002,0.2,-0.6,0
15.2428105,0,0,18.9,0,0,0.028,-0.013,-1.002,0.2,-0.6,0
15.2528105,0,0,18.8,0,0,0.029,-0.014,-1.002,0.2,-0.6,0
15.2628105,0,0,18.8,0,0,0.029,-0.014,-1.002,0.2,-0.6,0
15.2728105,0,0,18.8,0,0,0.029,-0.014,-1.002,0.2,-0.6,0
15.2828105,0,0,18.8,0,0,0.029,-0.014,-1.002,0.2,-0.6,0
15.2928105,0,0,18.8,0,0,0.029,-0.014,-1.002,0.2,-0.6,0
15.3043112,0,0,18.8,0,0,0.028,-0.013,-1,0.3,-0.5,0
15.3143112,0,0,18.8,0,0,0.028,-0.013,-1,0.3,-0.5,0
15.3243112,0,0,18.8,0,0,0.028,-0.013,-1,0.3,-0.5,0
15.3343112,0,0,18.8,0,0,0.028,-0.013,-1,0.3,-0.5,0
15.3443112,0,0,18.8,0,0,0.028,-0.013,-1,0.3,-0.5,0
15.370408,0,0,18.9,0,0,0.028,-0.014,-1.001,0.3,-0.6,0
15.380408,0,0,18.9,0,0,0.028,-0.014,-1.001,0.3,-0.6,0
15.390408,0,0,18.9,0,0,0.028,-0.014,-1.001,0.3,-0.6,0
15.400408,0,0,18.9,0,0,0.028,-0.014,-1.001,0.3,-0.6,0
15.410408,0,0,18.9,0,0,0.028,-0.014,-1.001,0.3,-0.6,0
15.4569587,0,0,18.8,0,0,0.028,-0.013,-1.001,0.3,-0.5,0
15.4669587,0,0,18.8,0,0,0.028,-0.013,-1.001,0.3,-0.5,0
15.4769587,0,0,18.8,0,0,0.028,-0.013,-1.001,0.3,-0.5,0
15.4869587,0,0,18.8,0,0,0.028,-0.013,-1.001,0.3,-0.5,0
15.4969587,0,0,18.8,0,0,0.028,-0.013,-1.001,0.3,-0.5,0
15.5069587,0,0,18.9,0,0,0.028,-0.013,-1.001,0.2,-0.5,0
15.5169587,0,0,18.9,0,0,0.028,-0.013,-1.001,0.2,-0.5,0
15.5269587,0,0,18.9,0,0,0.028,-0.013,-1.001,0.2,-0.5,0
15.5369587,0,0,18.9,0,0,0.028,-0.013,-1.001,0.2,-0.5,0
15.5469587,0,0,18.9,0,0,0.028,-0.013,-1.001,0.2,-0.5,0
15.5569587,0,0,18.8,0,0,0.029,-0.013,-1.002,0.3,-0.5,0
15.5669587,0,0,18.8,0,0,0.029,-0.013,-1.002,0.3,-0.5,0
15.5769587,0,0,18.8,0,0,0.029,-0.013,-1.002,0.3,-0.5,0
15.5869587,0,0,18.8,0,0,0.029,-0.013,-1.002,0.3,-0.5,0
15.5969587,0,0,18.8,0,0,0.029,-0.013,-1.002,0.3,-0.5,0
15.6069587,0,0,18.9,0,0,0.028,-0.012,-1.001,0.3,-0.6,0.1
15.6169587,0,0,18.9,0,0,0.028,-0.012,-1.001,0.3,-0.6,0.1
15.6269587,0,0,18.9,0,0,0.028,-0.012,-1.001,0.3,-0.6,0.1
15.6369587,0,0,18.9,0,0,0.028,-0.012,-1.001,0.3,-0.6,0.1
15.6469587,0,0,18.9,0,0,0.028,-0.012,-1.001,0.3,-0.6,0.1
15.6569587,0,0,18.9,0,0,0.028,-0.014,-1.003,0.3,-0.5,0
15.6669587,0,0,18.9,0,0,0.028,-0.014,-1.003,0.3,-0.5,0
15.6769587,0,0,18.9,0,0,0.028,-0.014,-1.003,0.3,-0.5,0
15.6869587,0,0,18.9,0,0,0.028,-0.014,-1.003,0.3,-0.5,0
15.6969587,0,0,18.9,0,0,0.028,-0.014,-1.003,0.3,-0.5,0
15.7069587,0,0.01,18.8,0,0,0.028,-0.013,-1.001,0.3,-0.6,0
15.7169587,0,0.01,18.8,0,0,0.028,-0.013,-1.001,0.3,-0.6,0
15.7269587,0,0.01,18.8,0,0,0.028,-0.013,-1.001,0.3,-0.6,0
15.7369587,0,0.01,18.8,0,0,0.028,-0.013,-1.001,0.3,-0.6,0
15.7469587,0,0.01,18.8,0,0,0.028,-0.013,-1.001,0.3,-0.6,0
15.7569587,0,0,18.8,0,0,0.027,-0.014,-1.002,0.3,-0.6,0
15.7669587,0,0,18.8,0,0,0.027,-0.014,-1.002,0.3,-0.6,0
15.7769587,0,0,18.8,0,0,0.027,-0.014,-1.002,0.3,-0.6,0
15.7869587,0,0,18.8,0,0,0.027,-0.014,-1.002,0.3,-0.6,0
15.7969587,0,0,18.8,0,0,0.027,-0.014,-1.002,0.3,-0.6,0
15.8069587,0,0,18.8,0,0,0.028,-0.013,-1.002,0.3,-0.6,0
15.8169587,0,0,18.8,0,0,0.028,-0.013,-1.002,0.3,-0.6,0
15.8269587,0,0,18.8,0,0,0.028,-0.013,-1.002,0.3,-0.6,0
15.8369587,0,0,18.8,0,0,0.028,-0.013,-1.002,0.3,-0.6,0
15.8469587,0,0,18.8,0,0,0.028,-0.013,-1.002,0.3,-0.6,0
15.8569587,0,0,18.9,0,0,0.029,-0.014,-1.002,0.2,-0.6,0
15.8669587,0,0,18.9,0,0,0.029,-0.014,-1.002,0.2,-0.6,0
15.8769587,0,0,18.9,0,0,0.029,-0.014,-1.002,0.2,-0.6,0
15.8869587,0,0,18.9,0,0,0.029,-0.014,-1.002,0.2,-0.6,0
15.8969587,0,0,18.9,0,0,0.029,-0.014,-1.002,0.2,-0.6,0
15.9069587,0,0.01,18.8,0,0,0.028,-0.013,-1.001,0.3,-0.5,0
15.9169587,0,0.01,18.8,0,0,0.028,-0.013,-1.001,0.3,-0.5,0
15.9269587,0,0.01,18.8,0,0,0.028,-0.013,-1.001,0.3,-0.5,0
15.9369587,0,0.01,18.8,0,0,0.028,-0.013,-1.001,0.3,-0.5,0
15.9469587,0,0.01,18.8,0,0,0.028,-0.013,-1.001,0.3,-0.5,0
19.0701351,0,0,18.9,0,0,0.029,-0.012,-1,0.3,-0.6,0
19.0801351,0,0,18.9,0,0,0.029,-0.012,-1,0.3,-0.6,0
19.0901351,0,0,18.9,0,0,0.029,-0.012,-1,0.3,-0.6,0
19.1001351,0,0,18.9,0,0,0.029,-0.012,-1,0.3,-0.6,0
19.1101351,0,0,18.9,0,0,0.029,-0.012,-1,0.3,-0.6,0
19.1531117,0,0,18.9,0,0,0.028,-0.012,-1.001,0.2,-0.5,0
19.1631117,0,0,18.9,0,0,0.028,-0.012,-1.001,0.2,-0.5,0
19.1731117,0,0,18.9,0,0,0.028,-0.012,-1.001,0.2,-0.5,0
19.1831117,0,0,18.9,0,0,0.028,-0.012,-1.001,0.2,-0.5,0
19.1931117,0,0,18.9,0,0,0.028,-0.012,-1.001,0.2,-0.5,0
19.2031117,0,0,18.9,0,0,0.029,-0.013,-1.001,0.3,-0.5,0
19.2131117,0,0,18.9,0,0,0.029,-0.013,-1.001,0.3,-0.5,0
19.2231117,0,0,18.9,0,0,0.029,-0.013,-1.001,0.3,-0.5,0
19.2331117,0,0,18.9,0,0,0.029,-0.013,-1.001,0.3,-0.5,0
19.2431117,0,0,18.9,0,0,0.029,-0.013,-1.001,0.3,-0.5,0
19.2531117,0,0.01,18.8,0,0,0.028,-0.013,-1.002,0.3,-0.5,0
19.2631117,0,0.01,18.8,0,0,0.028,-0.013,-1.002,0.3,-0.5,0
19.2731117,0,0.01,18.8,0,0,0.028,-0.013,-1.002,0.3,-0.5,0
19.2831117,0,0.01,18.8,0,0,0.028,-0.013,-1.002,0.3,-0.5,0
19.2931117,0,0.01,18.8,0,0,0.028,-0.013,-1.002,0.3,-0.5,0
19.3031117,0,0,18.9,0,0,0.027,-0.013,-1.002,0.3,-0.6,0
19.3131117,0,0,18.9,0,0,0.027,-0.013,-1.002,0.3,-0.6,0
19.3231117,0,0,18.9,0,0,0.027,-0.013,-1.002,0.3,-0.6,0
19.3331117,0,0,18.9,0,0,0.027,-0.013,-1.002,0.3,-0.6,0
19.3431117,0,0,18.9,0,0,0.027,-0.013,-1.002,0.3,-0.6,0
19.3610909,0,0,18.9,0,0,0.029,-0.012,-1.001,0.3,-0.6,0
19.3710909,0,0,18.9,0,0,0.029,-0.012,-1.001,0.3,-0.6,0
19.3810909,0,0,18.9,0,0,0.029,-0.012,-1.001,0.3,-0.6,0
19.3910909,0,0,18.9,0,0,0.029,-0.012,-1.001,0.3,-0.6,0
19.4010909,0,0,18.9,0,0,0.029,-0.012,-1.001,0.3,-0.6,0
19.4110909,0,0.01,18.8,0,0,0.028,-0.014,-1.001,0.3,-0.6,0
19.4210909,0,0.01,18.8,0,0,0.028,-0.014,-1.001,0.3,-0.6,0
19.4310909,0,0.01,18.8,0,0,0.028,-0.014,-1.001,0.3,-0.6,0
19.4410909,0,0.01,18.8,0,0,0.028,-0.014,-1.001,0.3,-0.6,0
19.4510909,0,0.01,18.8,0,0,0.028,-0.014,-1.001,0.3,-0.6,0
19.4610909,0,0,18.9,0,0,0.028,-0.014,-1.001,0.3,-0.6,0
19.4710909,0,0,18.9,0,0,0.028,-0.014,-1.001,0.3,-0.6,0
19.4810909,0,0,18.9,0,0,0.028,-0.014,-1.001,0.3,-0.6,0
19.4910909,0,0,18.9,0,0,0.028,-0.014,-1.001,0.3,-0.6,0
19.5010909,0,0,18.9,0,0,0.028,-0.014,-1.001,0.3,-0.6,0
19.5110909,0,0.01,18.8,0,0,0.028,-0.011,-1.002,0.3,-0.6,0
19.5210909,0,0.01,18.8,0,0,0.028,-0.011,-1.002,0.3,-0.6,0
19.5310909,0,0.01,18.8,0,0,0.028,-0.011,-1.002,0.3,-0.6,0
19.5410909,0,0.01,18.8,0,0,0.028,-0.011,-1.002,0.3,-0.6,0
19.5510909,0,0.01,18.8,0,0,0.028,-0.011,-1.002,0.3,-0.6,0
19.5610909,0,0,18.8,0,0,0.028,-0.014,-1.002,0.2,-0.6,0
19.5710909,0,0,18.8,0,0,0.028,-0.014,-1.002,0.2,-0.6,0
19.5810909,0,0,18.8,0,0,0.028,-0.014,-1.002,0.2,-0.6,0
19.5910909,0,0,18.8,0,0,0.028,-0.014,-1.002,0.2,-0.6,0
19.6010909,0,0,18.8,0,0,0.028,-0.014,-1.002,0.2,-0.6,0
19.6110909,0,0,18.9,0,0,0.028,-0.013,-1.001,0.2,-0.5,0
19.6210909,0,0,18.9,0,0,0.028,-0.013,-1.001,0.2,-0.5,0
19.6310909,0,0,18.9,0,0,0.028,-0.013,-1.001,0.2,-0.5,0
19.6410909,0,0,18.9,0,0,0.028,-0.013,-1.001,0.2,-0.5,0
19.6510909,0,0,18.9,0,0,0.028,-0.013,-1.001,0.2,-0.5,0
19.6610909,0,0,18.9,0,0,0.028,-0.014,-1.001,0.2,-0.5,0.1
19.6710909,0,0,18.9,0,0,0.028,-0.014,-1.001,0.2,-0.5,0.1
19.6810909,0,0,18.9,0,0,0.028,-0.014,-1.001,0.2,-0.5,0.1
19.6910909,0,0,18.9,0,0,0.028,-0.014,-1.001,0.2,-0.5,0.1
19.7010909,0,0,18.9,0,0,0.028,-0.014,-1.001,0.2,-0.5,0.1
19.7110909,0,0,18.9,0,0,0.029,-0.013,-1.002,0.3,-0.5,0
19.7210909,0,0,18.9,0,0,0.029,-0.013,-1.002,0.3,-0.5,0
19.7310909,0,0,18.9,0,0,0.029,-0.013,-1.002,0.3,-0.5,0
19.7410909,0,0,18.9,0,0,0.029,-0.013,-1.002,0.3,-0.5,0
19.7510909,0,0,18.9,0,0,0.029,-0.013,-1.002,0.3,-0.5,0
19.7610909,0,0,18.9,0,0,0.028,-0.013,-1.002,0.3,-0.5,0
19.7710909,0,0,18.9,0,0,0.028,-0.013,-1.002,0.3,-0.5,0
19.7810909,0,0,18.9,0,0,0.028,-0.013,-1.002,0.3,-0.5,0
19.7910909,0,0,18.9,0,0,0.028,-0.013,-1.002,0.3,-0.5,0
19.8010909,0,0,18.9,0,0,0.028,-0.013,-1.002,0.3,-0.5,0
19.8110909,0,0.01,18.8,0,0,0.028,-0.013,-1.003,0.3,-0.5,0
19.8210909,0,0.01,18.8,0,0,0.028,-0.013,-1.003,0.3,-0.5,0
19.8310909,0,0.01,18.8,0,0,0.028,-0.013,-1.003,0.3,-0.5,0
19.8410909,0,0.01,18.8,0,0,0.028,-0.013,-1.003,0.3,-0.5,0
19.8510909,0,0.01,18.8,0,0,0.028,-0.013,-1.003,0.3,-0.5,0
19.8610909,0,0,18.8,0,0,0.028,-0.013,-1,0.3,-0.6,0
19.8710909,0,0,18.8,0,0,0.028,-0.013,-1,0.3,-0.6,0
19.8810909,0,0,18.8,0,0,0.028,-0.013,-1,0.3,-0.6,0
19.8910909,0,0,18.8,0,0,0.028,-0.013,-1,0.3,-0.6,0
19.9010909,0,0,18.8,0,0,0.028,-0.013,-1,0.3,-0.6,0
19.9110909,0,0,18.9,0,0,0.028,-0.012,-1.001,0.2,-0.6,0
19.9210909,0,0,18.9,0,0,0.028,-0.012,-1.001,0.2,-0.6,0
19.9310909,0,0,18.9,0,0,0.028,-0.012,-1.001,0.2,-0.6,0
19.9410909,0,0,18.9,0,0,0.028,-0.012,-1.001,0.2,-0.6,0
19.9510909,0,0,18.9,0,0,0.028,-0.012,-1.001,0.2,-0.6,0
19.9610909,0,0,18.9,0,0,0.028,-0.014,-1,0.3,-0.5,0
19.9710909,0,0,18.9,0,0,0.028,-0.014,-1,0.3,-0.5,0
19.9810909,0,0,18.9,0,0,0.028,-0.014,-1,0.3,-0.5,0
19.9910909,0,0,18.9,0,0,0.028,-0.014,-1,0.3,-0.5,0
20.0010909,0,0,18.9,0,0,0.028,-0.014,-1,0.3,-0.5,0
20.0110909,0,0,18.9,0,0,0.028,-0.013,-1,0.3,-0.6,0
20.0210909,0,0,18.9,0,0,0.028,-0.013,-1,0.3,-0.6,0
20.0310909,0,0,18.9,0,0,0.028,-0.013,-1,0.3,-0.6,0
20.0410909,0,0,18.9,0,0,0.028,-0.013,-1,0.3,-0.6,0
20.0510909,0,0,18.9,0,0,0.028,-0.013,-1,0.3,-0.6,0
20.0610909,0,0,18.9,0,0,0.028,-0.014,-1.002,0.3,-0.6,0
20.0710909,0,0,18.9,0,0,0.028,-0.014,-1.002,0.3,-0.6,0
20.0810909,0,0,18.9,0,0,0.028,-0.014,-1.002,0.3,-0.6,0
20.0910909,0,0,18.9,0,0,0.028,-0.014,-1.002,0.3,-0.6,0
20.1010909,0,0,18.9,0,0,0.028,-0.014,-1.002,0.3,-0.6,0
20.1110909,0,0,18.8,0,0,0.029,-0.013,-1.001,0.3,-0.6,0
20.1210909,0,0,18.8,0,0,0.029,-0.013,-1.001,0.3,-0.6,0
20.1310909,0,0,18.8,0,0,0.029,-0.013,-1.001,0.3,-0.6,0
20.1410909,0,0,18.8,0,0,0.029,-0.013,-1.001,0.3,-0.6,0
20.1510909,0,0,18.8,0,0,0.029,-0.013,-1.001,0.3,-0.6,0
20.1610909,0,0,18.9,0,0,0.028,-0.013,-1.003,0.3,-0.5,0
20.1710909,0,0,18.9,0,0,0.028,-0.013,-1.003,0.3,-0.5,0
20.1810909,0,0,18.9,0,0,0.028,-0.013,-1.003,0.3,-0.5,0
20.1910909,0,0,18.9,0,0,0.028,-0.013,-1.003,0.3,-0.5,0
20.2010909,0,0,18.9,0,0,0.028,-0.013,-1.003,0.3,-0.5,0
20.2110909,0,0,18.8,0,0,0.028,-0.014,-1.002,0.3,-0.5,0
20.2210909,0,0,18.8,0,0,0.028,-0.014,-1.002,0.3,-0.5,0
20.2310909,0,0,18.8,0,0,0.028,-0.014,-1.002,0.3,-0.5,0
20.2410909,0,0,18.8,0,0,0.028,-0.014,-1.002,0.3,-0.5,0
20.2510909,0,0,18.8,0,0,0.028,-0.014,-1.002,0.3,-0.5,0
20.2610909,0,0,18.8,0,0,0.028,-0.013,-1.002,0.3,-0.6,0
20.2710909,0,0,18.8,0,0,0.028,-0.013,-1.002,0.3,-0.6,0
20.2810909,0,0,18.8,0,0,0.028,-0.013,-1.002,0.3,-0.6,0
20.2910909,0,0,18.8,0,0,0.028,-0.013,-1.002,0.3,-0.6,0
20.3010909,0,0,18.8,0,0,0.028,-0.013,-1.002,0.3,-0.6,0
20.3110909,0,0,18.8,0,0,0.028,-0.013,-1,0.3,-0.5,0
20.3210909,0,0,18.8,0,0,0.028,-0.013,-1,0.3,-0.5,0
20.3310909,0,0,18.8,0,0,0.028,-0.013,-1,0.3,-0.5,0
20.3410909,0,0,18.8,0,0,0.028,-0.013,-1,0.3,-0.5,0
20.3510909,0,0,18.8,0,0,0.028,-0.013,-1,0.3,-0.5,0
20.3610909,0,0,18.8,0,0,0.028,-0.013,-1.004,0.1,-0.6,0
20.3710909,0,0,18.8,0,0,0.028,-0.013,-1.004,0.1,-0.6,0
20.3810909,0,0,18.8,0,0,0.028,-0.013,-1.004,0.1,-0.6,0
20.3910909,0,0,18.8,0,0,0.028,-0.013,-1.004,0.1,-0.6,0
20.4010909,0,0,18.8,0,0,0.028,-0.013,-1.004,0.1,-0.6,0
20.4110909,0,0,18.9,0,0,0.029,-0.012,-1.003,0.3,-0.6,0
20.4210909,0,0,18.9,0,0,0.029,-0.012,-1.003,0.3,-0.6,0
20.4310909,0,0,18.9,0,0,0.029,-0.012,-1.003,0.3,-0.6,0
20.4410909,0,0,18.9,0,0,0.029,-0.012,-1.003,0.3,-0.6,0
20.4510909,0,0,18.9,0,0,0.029,-0.012,-1.003,0.3,-0.6,0
20.4610909,0,0,18.8,0,0,0.028,-0.014,-1.002,0.3,-0.5,0
20.4710909,0,0,18.8,0,0,0.028,-0.014,-1.002,0.3,-0.5,0
20.4810909,0,0,18.8,0,0,0.028,-0.014,-1.002,0.3,-0.5,0
20.4910909,0,0,18.8,0,0,0.028,-0.014,-1.002,0.3,-0.5,0
20.5010909,0,0,18.8,0,0,0.028,-0.014,-1.002,0.3,-0.5,0
20.5110909,0,0,18.9,0,0,0.027,-0.013,-1,0.3,-0.6,0
20.5210909,0,0,18.9,0,0,0.027,-0.013,-1,0.3,-0.6,0
20.5310909,0,0,18.9,0,0,0.027,-0.013,-1,0.3,-0.6,0
20.5410909,0,0,18.9,0,0,0.027,-0.013,-1,0.3,-0.6,0
20.5510909,0,0,18.9,0,0,0.027,-0.013,-1,0.3,-0.6,0
20.5747289,0,0.01,18.8,0,0,0.028,-0.013,-1.003,0.3,-0.6,0
20.5847289,0,0.01,18.8,0,0,0.028,-0.013,-1.003,0.3,-0.6,0
20.5947289,0,0.01,18.8,0,0,0.028,-0.013,-1.003,0.3,-0.6,0
20.6047289,0,0.01,18.8,0,0,0.028,-0.013,-1.003,0.3,-0.6,0
20.6147289,0,0.01,18.8,0,0,0.028,-0.013,-1.003,0.3,-0.6,0
20.6247289,0,0,18.8,0,0,0.028,-0.014,-1.003,0.3,-0.6,0
20.6347289,0,0,18.8,0,0,0.028,-0.014,-1.003,0.3,-0.6,0
20.6447289,0,0,18.8,0,0,0.028,-0.014,-1.003,0.3,-0.6,0
20.6547289,0,0,18.8,0,0,0.028,-0.014,-1.003,0.3,-0.6,0
20.6647289,0,0,18.8,0,0,0.028,-0.014,-1.003,0.3,-0.6,0
20.7053232,0,0,18.9,0,0,0.028,-0.013,-1.002,0.2,-0.5,0
20.7153232,0,0,18.9,0,0,0.028,-0.013,-1.002,0.2,-0.5,0
20.7253232,0,0,18.9,0,0,0.028,-0.013,-1.002,0.2,-0.5,0
20.7353232,0,0,18.9,0,0,0.028,-0.013,-1.002,0.2,-0.5,0
20.7453232,0,0,18.9,0,0,0.028,-0.013,-1.002,0.2,-0.5,0
20.7837874,0,0,18.9,0,0,0.028,-0.014,-1,0.3,-0.6,0.1
20.7937874,0,0,18.9,0,0,0.028,-0.014,-1,0.3,-0.6,0.1
20.8037874,0,0,18.9,0,0,0.028,-0.014,-1,0.3,-0.6,0.1
20.8137874,0,0,18.9,0,0,0.028,-0.014,-1,0.3,-0.6,0.1
20.8237874,0,0,18.9,0,0,0.028,-0.014,-1,0.3,-0.6,0.1
20.8477548,0,0,18.8,0,0,0.029,-0.012,-1.002,0.3,-0.6,0
20.8577548,0,0,18.8,0,0,0.029,-0.012,-1.002,0.3,-0.6,0
20.8677548,0,0,18.8,0,0,0.029,-0.012,-1.002,0.3,-0.6,0
20.8777548,0,0,18.8,0,0,0.029,-0.012,-1.002,0.3,-0.6,0
20.8877548,0,0,18.8,0,0,0.029,-0.012,-1.002,0.3,-0.6,0
20.9290937,0,0,18.9,0,0,0.028,-0.014,-1,0.3,-0.6,0
20.9390937,0,0,18.9,0,0,0.028,-0.014,-1,0.3,-0.6,0
20.9490937,0,0,18.9,0,0,0.028,-0.014,-1,0.3,-0.6,0
20.9590937,0,0,18.9,0,0,0.028,-0.014,-1,0.3,-0.6,0
20.9690937,0,0,18.9,0,0,0.028,-0.014,-1,0.3,-0.6,0
20.9790937,0,0,18.9,0,0,0.027,-0.014,-1.002,0.3,-0.6,0
20.9890937,0,0,18.9,0,0,0.027,-0.014,-1.002,0.3,-0.6,0
20.9990937,0,0,18.9,0,0,0.027,-0.014,-1.002,0.3,-0.6,0
21.0090937,0,0,18.9,0,0,0.027,-0.014,-1.002,0.3,-0.6,0
21.0190937,0,0,18.9,0,0,0.027,-0.014,-1.002,0.3,-0.6,0
21.0290937,0,0,18.9,0,0,0.028,-0.016,-1.002,0.3,-0.6,0
21.0390937,0,0,18.9,0,0,0.028,-0.016,-1.002,0.3,-0.6,0
21.0490937,0,0,18.9,0,0,0.028,-0.016,-1.002,0.3,-0.6,0
21.0590937,0,0,18.9,0,0,0.028,-0.016,-1.002,0.3,-0.6,0
21.0690937,0,0,18.9,0,0,0.028,-0.016,-1.002,0.3,-0.6,0
21.0790937,0,0,18.8,0,0,0.029,-0.012,-1.002,0.2,-0.5,0
21.0890937,0,0,18.8,0,0,0.029,-0.012,-1.002,0.2,-0.5,0
21.0990937,0,0,18.8,0,0,0.029,-0.012,-1.002,0.2,-0.5,0
21.1090937,0,0,18.8,0,0,0.029,-0.012,-1.002,0.2,-0.5,0
21.1190937,0,0,18.8,0,0,0.029,-0.012,-1.002,0.2,-0.5,0
21.1290937,0,0,18.9,0,0,0.028,-0.014,-1.002,0.3,-0.5,0
21.1390937,0,0,18.9,0,0,0.028,-0.014,-1.002,0.3,-0.5,0
21.1490937,0,0,18.9,0,0,0.028,-0.014,-1.002,0.3,-0.5,0
21.1590937,0,0,18.9,0,0,0.028,-0.014,-1.002,0.3,-0.5,0
21.1690937,0,0,18.9,0,0,0.028,-0.014,-1.002,0.3,-0.5,0
21.1790937,0,0,18.9,0,0,0.028,-0.013,-1.002,0.3,-0.5,0
21.1890937,0,0,18.9,0,0,0.028,-0.013,-1.002,0.3,-0.5,0
21.1990937,0,0,18.9,0,0,0.028,-0.013,-1.002,0.3,-0.5,0
21.2090937,0,0,18.9,0,0,0.028,-0.013,-1.002,0.3,-0.5,0
21.2190937,0,0,18.9,0,0,0.028,-0.013,-1.002,0.3,-0.5,0
21.2290937,0,0,18.8,0,0,0.028,-0.013,-1.002,0.3,-0.6,0
21.2390937,0,0,18.8,0,0,0.028,-0.013,-1.002,0.3,-0.6,0
21.2490937,0,0,18.8,0,0,0.028,-0.013,-1.002,0.3,-0.6,0
21.2590937,0,0,18.8,0,0,0.028,-0.013,-1.002,0.3,-0.6,0
21.2690937,0,0,18.8,0,0,0.028,-0.013,-1.002,0.3,-0.6,0
21.2790937,0,0,18.9,0,0,0.028,-0.014,-1.002,0.3,-0.6,0
21.2890937,0,0,18.9,0,0,0.028,-0.014,-1.002,0.3,-0.6,0
21.2990937,0,0,18.9,0,0,0.028,-0.014,-1.002,0.3,-0.6,0
21.3090937,0,0,18.9,0,0,0.028,-0.014,-1.002,0.3,-0.6,0
21.3190937,0,0,18.9,0,0,0.028,-0.014,-1.002,0.3,-0.6,0
21.3290937,0,0.01,18.8,0,0,0.027,-0.013,-1.001,0.3,-0.4,0
21.3390937,0,0.01,18.8,0,0,0.027,-0.013,-1.001,0.3,-0.4,0
21.3490937,0,0.01,18.8,0,0,0.027,-0.013,-1.001,0.3,-0.4,0
21.3590937,0,0.01,18.8,0,0,0.027,-0.013,-1.001,0.3,-0.4,0
21.3690937,0,0.01,18.8,0,0,0.027,-0.013,-1.001,0.3,-0.4,0
21.3790937,0,0,18.9,0,0,0.029,-0.013,-1,0.2,-0.6,0
21.3890937,0,0,18.9,0,0,0.029,-0.013,-1,0.2,-0.6,0
21.3990937,0,0,18.9,0,0,0.029,-0.013,-1,0.2,-0.6,0
21.4090937,0,0,18.9,0,0,0.029,-0.013,-1,0.2,-0.6,0
21.4190937,0,0,18.9,0,0,0.029,-0.013,-1,0.2,-0.6,0
21.4290937,0,0.01,18.8,0,0,0.028,-0.014,-1.003,0.3,-0.6,0
21.4390937,0,0.01,18.8,0,0,0.028,-0.014,-1.003,0.3,-0.6,0
21.4490937,0,0.01,18.8,0,0,0.028,-0.014,-1.003,0.3,-0.6,0
21.4590937,0,0.01,18.8,0,0,0.028,-0.014,-1.003,0.3,-0.6,0
21.4690937,0,0.01,18.8,0,0,0.028,-0.014,-1.003,0.3,-0.6,0
21.4790937,0,0.01,18.8,0,0,0.028,-0.014,-1.002,0.3,-0.6,0
21.4890937,0,0.01,18.8,0,0,0.028,-0.014,-1.002,0.3,-0.6,0
21.4990937,0,0.01,18.8,0,0,0.028,-0.014,-1.002,0.3,-0.6,0
21.5090937,0,0.01,18.8,0,0,0.028,-0.014,-1.002,0.3,-0.6,0
21.5190937,0,0.01,18.8,0,0,0.028,-0.014,-1.002,0.3,-0.6,0
21.5290937,0,0,18.8,0,0,0.029,-0.014,-1.002,0.3,-0.6,0
21.5390937,0,0,18.8,0,0,0.029,-0.014,-1.002,0.3,-0.6,0
21.5490937,0,0,18.8,0,0,0.029,-0.014,-1.002,0.3,-0.6,0
21.5590937,0,0,18.8,0,0,0.029,-0.014,-1.002,0.3,-0.6,0
21.5690937,0,0,18.8,0,0,0.029,-0.014,-1.002,0.3,-0.6,0
21.5790937,0,0,18.9,0,0,0.028,-0.013,-1.001,0.3,-0.6,0
21.5890937,0,0,18.9,0,0,0.028,-0.013,-1.001,0.3,-0.6,0
21.5990937,0,0,18.9,0,0,0.028,-0.013,-1.001,0.3,-0.6,0
21.6090937,0,0,18.9,0,0,0.028,-0.013,-1.001,0.3,-0.6,0
21.6190937,0,0,18.9,0,0,0.028,-0.013,-1.001,0.3,-0.6,0
21.6290937,0,0,18.8,0,0,0.029,-0.013,-1.001,0.3,-0.5,0
21.6390937,0,0,18.8,0,0,0.029,-0.013,-1.001,0.3,-0.5,0
21.6490937,0,0,18.8,0,0,0.029,-0.013,-1.001,0.3,-0.5,0
21.6590937,0,0,18.8,0,0,0.029,-0.013,-1.001,0.3,-0.5,0
21.6690937,0,0,18.8,0,0,0.029,-0.013,-1.001,0.3,-0.5,0
21.6790937,0,0,18.9,0,0,0.029,-0.013,-1.003,0.3,-0.6,0
21.6890937,0,0,18.9,0,0,0.029,-0.013,-1.003,0.3,-0.6,0
21.6990937,0,0,18.9,0,0,0.029,-0.013,-1.003,0.3,-0.6,0
21.7090937,0,0,18.9,0,0,0.029,-0.013,-1.003,0.3,-0.6,0
21.7190937,0,0,18.9,0,0,0.029,-0.013,-1.003,0.3,-0.6,0
21.7290937,0,0,18.9,0,0,0.028,-0.012,-1.003,0.3,-0.5,0
21.7390937,0,0,18.9,0,0,0.028,-0.012,-1.003,0.3,-0.5,0
21.7490937,0,0,18.9,0,0,0.028,-0.012,-1.003,0.3,-0.5,0
21.7590937,0,0,18.9,0,0,0.028,-0.012,-1.003,0.3,-0.5,0
21.7690937,0,0,18.9,0,0,0.028,-0.012,-1.003,0.3,-0.5,0
21.7848651,0,0,18.9,0,0,0.029,-0.013,-1.001,0.3,-0.6,0
21.7948651,0,0,18.9,0,0,0.029,-0.013,-1.001,0.3,-0.6,0
21.8048651,0,0,18.9,0,0,0.029,-0.013,-1.001,0.3,-0.6,0
21.8148651,0,0,18.9,0,0,0.029,-0.013,-1.001,0.3,-0.6,0
21.8248651,0,0,18.9,0,0,0.029,-0.013,-1.001,0.3,-0.6,0
21.8348651,0,0,18.9,0,0,0.028,-0.013,-1.002,0.3,-0.6,0
21.8448651,0,0,18.9,0,0,0.028,-0.013,-1.002,0.3,-0.6,0
21.8548651,0,0,18.9,0,0,0.028,-0.013,-1.002,0.3,-0.6,0
21.8648651,0,0,18.9,0,0,0.028,-0.013,-1.002,0.3,-0.6,0
21.8748651,0,0,18.9,0,0,0.028,-0.013,-1.002,0.3,-0.6,0
21.8848651,0,0,18.8,0,0,0.028,-0.012,-1.002,0.3,-0.5,0
21.8948651,0,0,18.8,0,0,0.028,-0.012,-1.002,0.3,-0.5,0
21.9048651,0,0,18.8,0,0,0.028,-0.012,-1.002,0.3,-0.5,0
21.9148651,0,0,18.8,0,0,0.028,-0.012,-1.002,0.3,-0.5,0
21.9248651,0,0,18.8,0,0,0.028,-0.012,-1.002,0.3,-0.5,0
21.9348651,0,0,18.8,0,0,0.03,-0.014,-1.002,0.2,-0.6,0
21.9448651,0,0,18.8,0,0,0.03,-0.014,-1.002,0.2,-0.6,0
21.9548651,0,0,18.8,0,0,0.03,-0.014,-1.002,0.2,-0.6,0
21.9648651,0,0,18.8,0,0,0.03,-0.014,-1.002,0.2,-0.6,0
21.9748651,0,0,18.8,0,0,0.03,-0.014,-1.002,0.2,-0.6,0
21.9848651,0,0,18.9,0,0,0.029,-0.013,-1.002,0.3,-0.6,0
21.9948651,0,0,18.9,0,0,0.029,-0.013,-1.002,0.3,-0.6,0
22.0048651,0,0,18.9,0,0,0.029,-0.013,-1.002,0.3,-0.6,0
22.0148651,0,0,18.9,0,0,0.029,-0.013,-1.002,0.3,-0.6,0
22.0248651,0,0,18.9,0,0,0.029,-0.013,-1.002,0.3,-0.6,0
22.0348651,0,0,18.9,0,0,0.028,-0.014,-1.002,0.3,-0.5,0
22.0448651,0,0,18.9,0,0,0.028,-0.014,-1.002,0.3,-0.5,0
22.0548651,0,0,18.9,0,0,0.028,-0.014,-1.002,0.3,-0.5,0
22.0648651,0,0,18.9,0,0,0.028,-0.014,-1.002,0.3,-0.5,0
22.0748651,0,0,18.9,0,0,0.028,-0.014,-1.002,0.3,-0.5,0
22.0848651,0,0,18.9,0,0,0.029,-0.014,-1.003,0.3,-0.6,0
22.0948651,0,0,18.9,0,0,0.029,-0.014,-1.003,0.3,-0.6,0
22.1048651,0,0,18.9,0,0,0.029,-0.014,-1.003,0.3,-0.6,0
22.1148651,0,0,18.9,0,0,0.029,-0.014,-1.003,0.3,-0.6,0
22.1248651,0,0,18.9,0,0,0.029,-0.014,-1.003,0.3,-0.6,0
22.1348651,0,0,18.9,0,0,0.029,-0.014,-1.001,0.3,-0.5,0
22.1448651,0,0,18.9,0,0,0.029,-0.014,-1.001,0.3,-0.5,0
22.1548651,0,0,18.9,0,0,0.029,-0.014,-1.001,0.3,-0.5,0
22.1648651,0,0,18.9,0,0,0.029,-0.014,-1.001,0.3,-0.5,0
22.1748651,0,0,18.9,0,0,0.029,-0.014,-1.001,0.3,-0.5,0
22.1848651,0,0,18.9,0,0,0.028,-0.012,-1.002,0.3,-0.6,0
22.1948651,0,0,18.9,0,0,0.028,-0.012,-1.002,0.3,-0.6,0
22.2048651,0,0,18.9,0,0,0.028,-0.012,-1.002,0.3,-0.6,0
22.2148651,0,0,18.9,0,0,0.028,-0.012,-1.002,0.3,-0.6,0
22.2248651,0,0,18.9,0,0,0.028,-0.012,-1.002,0.3,-0.6,0
22.2348651,0,0,18.8,0,0,0.029,-0.013,-1.001,0.3,-0.6,0
22.2448651,0,0,18.8,0,0,0.029,-0.013,-1.001,0.3,-0.6,0
22.2548651,0,0,18.8,0,0,0.029,-0.013,-1.001,0.3,-0.6,0
22.2648651,0,0,18.8,0,0,0.029,-0.013,-1.001,0.3,-0.6,0
22.2748651,0,0,18.8,0,0,0.029,-0.013,-1.001,0.3,-0.6,0
22.2848651,0,0,18.9,0,0,0.027,-0.014,-1.001,0.3,-0.6,0
22.2948651,0,0,18.9,0,0,0.027,-0.014,-1.001,0.3,-0.6,0
22.3048651,0,0,18.9,0,0,0.027,-0.014,-1.001,0.3,-0.6,0
22.3148651,0,0,18.9,0,0,0.027,-0.014,-1.001,0.3,-0.6,0
22.3248651,0,0,18.9,0,0,0.027,-0.014,-1.001,0.3,-0.6,0
22.3348651,0,0,18.8,0,0,0.029,-0.012,-1.002,0.3,-0.6,0
22.3448651,0,0,18.8,0,0,0.029,-0.012,-1.002,0.3,-0.6,0
22.3548651,0,0,18.8,0,0,0.029,-0.012,-1.002,0.3,-0.6,0
22.3648651,0,0,18.8,0,0,0.029,-0.012,-1.002,0.3,-0.6,0
22.3748651,0,0,18.8,0,0,0.029,-0.012,-1.002,0.3,-0.6,0
22.3848651,0,0,18.9,0,0,0.027,-0.014,-1.001,0.2,-0.6,0.1
22.3948651,0,0,18.9,0,0,0.027,-0.014,-1.001,0.2,-0.6,0.1
22.4048651,0,0,18.9,0,0,0.027,-0.014,-1.001,0.2,-0.6,0.1
22.4148651,0,0,18.9,0,0,0.027,-0.014,-1.001,0.2,-0.6,0.1
22.4248651,0,0,18.9,0,0,0.027,-0.014,-1.001,0.2,-0.6,0.1
22.4348651,0,0.01,18.8,0,0,0.029,-0.013,-1.001,0.3,-0.6,0
22.4448651,0,0.01,18.8,0,0,0.029,-0.013,-1.001,0.3,-0.6,0
22.4548651,0,0.01,18.8,0,0,0.029,-0.013,-1.001,0.3,-0.6,0
22.4648651,0,0.01,18.8,0,0,0.029,-0.013,-1.001,0.3,-0.6,0
22.4748651,0,0.01,18.8,0,0,0.029,-0.013,-1.001,0.3,-0.6,0
22.4848651,0,0,18.8,0,0,0.027,-0.014,-1.002,0.3,-0.5,0
22.4948651,0,0,18.8,0,0,0.027,-0.014,-1.002,0.3,-0.5,0
22.5048651,0,0,18.8,0,0,0.027,-0.014,-1.002,0.3,-0.5,0
22.5148651,0,0,18.8,0,0,0.027,-0.014,-1.002,0.3,-0.5,0
22.5248651,0,0,18.8,0,0,0.027,-0.014,-1.002,0.3,-0.5,0
22.5348651,0,0,18.9,0,0,0.029,-0.013,-1.001,0.3,-0.5,0
22.5448651,0,0,18.9,0,0,0.029,-0.013,-1.001,0.3,-0.5,0
22.5548651,0,0,18.9,0,0,0.029,-0.013,-1.001,0.3,-0.5,0
22.5648651,0,0,18.9,0,0,0.029,-0.013,-1.001,0.3,-0.5,0
22.5748651,0,0,18.9,0,0,0.029,-0.013,-1.001,0.3,-0.5,0
22.6609709,0,0,18.8,0,0,0.028,-0.014,-1.001,0.3,-0.6,0
22.6709709,0,0,18.8,0,0,0.028,-0.014,-1.001,0.3,-0.6,0
22.6809709,0,0,18.8,0,0,0.028,-0.014,-1.001,0.3,-0.6,0
22.6909709,0,0,18.8,0,0,0.028,-0.014,-1.001,0.3,-0.6,0
22.7009709,0,0,18.8,0,0,0.028,-0.014,-1.001,0.3,-0.6,0
22.7109709,0,0,18.9,0,0,0.029,-0.013,-1.001,0.3,-0.6,0
22.7209709,0,0,18.9,0,0,0.029,-0.013,-1.001,0.3,-0.6,0
22.7309709,0,0,18.9,0,0,0.029,-0.013,-1.001,0.3,-0.6,0
22.7409709,0,0,18.9,0,0,0.029,-0.013,-1.001,0.3,-0.6,0
22.7509709,0,0,18.9,0,0,0.029,-0.013,-1.001,0.3,-0.6,0
22.7609709,0,0.01,18.8,0,0,0.029,-0.014,-1.001,0.3,-0.6,0
22.7709709,0,0.01,18.8,0,0,0.029,-0.014,-1.001,0.3,-0.6,0
22.7809709,0,0.01,18.8,0,0,0.029,-0.014,-1.001,0.3,-0.6,0
22.7909709,0,0.01,18.8,0,0,0.029,-0.014,-1.001,0.3,-0.6,0
22.8009709,0,0.01,18.8,0,0,0.029,-0.014,-1.001,0.3,-0.6,0
22.8109709,0,0,18.8,0,0,0.028,-0.013,-1.002,0.3,-0.5,0
22.8209709,0,0,18.8,0,0,0.028,-0.013,-1.002,0.3,-0.5,0
22.8309709,0,0,18.8,0,0,0.028,-0.013,-1.002,0.3,-0.5,0
22.8409709,0,0,18.8,0,0,0.028,-0.013,-1.002,0.3,-0.5,0
22.8509709,0,0,18.8,0,0,0.028,-0.013,-1.002,0.3,-0.5,0
22.8609709,0,0,18.9,0,0,0.029,-0.014,-1,0.2,-0.6,0
22.8709709,0,0,18.9,0,0,0.029,-0.014,-1,0.2,-0.6,0
22.8809709,0,0,18.9,0,0,0.029,-0.014,-1,0.2,-0.6,0
22.8909709,0,0,18.9,0,0,0.029,-0.014,-1,0.2,-0.6,0
22.9009709,0,0,18.9,0,0,0.029,-0.014,-1,0.2,-0.6,0
22.9109709,0,0,18.9,0,0,0.028,-0.013,-1.003,0.2,-0.6,0
22.9209709,0,0,18.9,0,0,0.028,-0.013,-1.003,0.2,-0.6,0
22.9309709,0,0,18.9,0,0,0.028,-0.013,-1.003,0.2,-0.6,0
22.9409709,0,0,18.9,0,0,0.028,-0.013,-1.003,0.2,-0.6,0
22.9509709,0,0,18.9,0,0,0.028,-0.013,-1.003,0.2,-0.6,0
22.9609709,0,0.01,18.8,0,0,0.028,-0.014,-1.002,0.2,-0.5,0
22.9709709,0,0.01,18.8,0,0,0.028,-0.014,-1.002,0.2,-0.5,0
22.9809709,0,0.01,18.8,0,0,0.028,-0.014,-1.002,0.2,-0.5,0
22.9909709,0,0.01,18.8,0,0,0.028,-0.014,-1.002,0.2,-0.5,0
23.0009709,0,0.01,18.8,0,0,0.028,-0.014,-1.002,0.2,-0.5,0
23.0109709,0,0,18.9,0,0,0.028,-0.013,-1.003,0.3,-0.5,0
23.0209709,0,0,18.9,0,0,0.028,-0.013,-1.003,0.3,-0.5,0
23.0309709,0,0,18.9,0,0,0.028,-0.013,-1.003,0.3,-0.5,0
23.0409709,0,0,18.9,0,0,0.028,-0.013,-1.003,0.3,-0.5,0
23.0509709,0,0,18.9,0,0,0.028,-0.013,-1.003,0.3,-0.5,0
23.0609709,0,0.01,18.9,0,0,0.029,-0.013,-1,0.3,-0.5,0
23.0709709,0,0.01,18.9,0,0,0.029,-0.013,-1,0.3,-0.5,0
23.0809709,0,0.01,18.9,0,0,0.029,-0.013,-1,0.3,-0.5,0
23.0909709,0,0.01,18.9,0,0,0.029,-0.013,-1,0.3,-0.5,0
23.1009709,0,0.01,18.9,0,0,0.029,-0.013,-1,0.3,-0.5,0
23.1109709,0,0,18.9,0,0,0.028,-0.013,-1.001,0.2,-0.6,0
23.1209709,0,0,18.9,0,0,0.028,-0.013,-1.001,0.2,-0.6,0
23.1309709,0,0,18.9,0,0,0.028,-0.013,-1.001,0.2,-0.6,0
23.1409709,0,0,18.9,0,0,0.028,-0.013,-1.001,0.2,-0.6,0
23.1509709,0,0,18.9,0,0,0.028,-0.013,-1.001,0.2,-0.6,0
23.1609709,0,0.01,18.8,0,0,0.028,-0.013,-1.001,0.3,-0.6,0
23.1709709,0,0.01,18.8,0,0,0.028,-0.013,-1.001,0.3,-0.6,0
23.1809709,0,0.01,18.8,0,0,0.028,-0.013,-1.001,0.3,-0.6,0
23.1909709,0,0.01,18.8,0,0,0.028,-0.013,-1.001,0.3,-0.6,0
23.2009709,0,0.01,18.8,0,0,0.028,-0.013,-1.001,0.3,-0.6,0
23.2109709,0,0,18.9,0,0,0.028,-0.013,-1,0.3,-0.6,0
23.2209709,0,0,18.9,0,0,0.028,-0.013,-1,0.3,-0.6,0
23.2309709,0,0,18.9,0,0,0.028,-0.013,-1,0.3,-0.6,0
23.2409709,0,0,18.9,0,0,0.028,-0.013,-1,0.3,-0.6,0
23.2509709,0,0,18.9,0,0,0.028,-0.013,-1,0.3,-0.6,0
23.2609709,0,0.01,18.8,0,0,0.029,-0.013,-1.002,0.2,-0.6,0
23.2709709,0,0.01,18.8,0,0,0.029,-0.013,-1.002,0.2,-0.6,0
23.2809709,0,0.01,18.8,0,0,0.029,-0.013,-1.002,0.2,-0.6,0
23.2909709,0,0.01,18.8,0,0,0.029,-0.013,-1.002,0.2,-0.6,0
23.3009709,0,0.01,18.8,0,0,0.029,-0.013,-1.002,0.2,-0.6,0
23.3109709,0,0,18.9,0,0,0.029,-0.013,-1.001,0.2,-0.5,0
23.3209709,0,0,18.9,0,0,0.029,-0.013,-1.001,0.2,-0.5,0
23.3309709,0,0,18.9,0,0,0.029,-0.013,-1.001,0.2,-0.5,0
23.3409709,0,0,18.9,0,0,0.029,-0.013,-1.001,0.2,-0.5,0
23.3509709,0,0,18.9,0,0,0.029,-0.013,-1.001,0.2,-0.5,0
23.3609709,0,0,18.9,0,0,0.029,-0.013,-1.001,0.3,-0.6,0
23.3709709,0,0,18.9,0,0,0.029,-0.013,-1.001,0.3,-0.6,0
23.3809709,0,0,18.9,0,0,0.029,-0.013,-1.001,0.3,-0.6,0
23.3909709,0,0,18.9,0,0,0.029,-0.013,-1.001,0.3,-0.6,0
23.4009709,0,0,18.9,0,0,0.029,-0.013,-1.001,0.3,-0.6,0
25.3615294,16,0,18.9,0,0,0.028,-0.012,-1.001,0.4,-0.6,0
25.3715294,26,0,18.9,0,0,0.028,-0.012,-1.001,0.4,-0.6,0
25.3815294,40,0,18.9,0,0,0.028,-0.012,-1.001,0.4,-0.6,0
25.3915294,45,0,18.9,0,0,0.028,-0.012,-1.001,0.4,-0.6,0
25.4015294,45,0,18.9,0,0,0.028,-0.012,-1.001,0.4,-0.6,0
25.427631,40,0,18.8,0,0,0.028,-0.01,-0.974,-0.1,-0.7,0
25.437631,48,0,18.8,0,0,0.028,-0.01,-0.974,-0.1,-0.7,0
25.447631,48,0,18.8,0,0,0.028,-0.01,-0.974,-0.1,-0.7,0
25.457631,41,0,18.8,0,0,0.028,-0.01,-0.974,-0.1,-0.7,0
25.467631,44,0,18.8,0,0,0.028,-0.01,-0.974,-0.1,-0.7,0
25.477631,44,0,18.9,0,0,0.028,-0.015,-1.008,-0.3,-0.6,0
25.487631,40,0,18.9,0,0,0.028,-0.015,-1.008,-0.3,-0.6,0
25.497631,28,0,18.9,0,0,0.028,-0.015,-1.008,-0.3,-0.6,0
25.507631,28,0,18.9,0,0,0.028,-0.015,-1.008,-0.3,-0.6,0
25.517631,39,0,18.9,0,0,0.028,-0.015,-1.008,-0.3,-0.6,0
25.527631,53,0,18.9,0,0,0.028,-0.014,-1,1.2,-0.7,0
25.537631,54,0,18.9,0,0,0.028,-0.014,-1,1.2,-0.7,0
25.547631,40,0,18.9,0,0,0.028,-0.014,-1,1.2,-0.7,0
25.557631,47,0,18.9,0,0,0.028,-0.014,-1,1.2,-0.7,0
25.567631,48,0,18.9,0,0,0.028,-0.014,-1,1.2,-0.7,0
25.577631,43,0,18.8,0,0,0.029,-0.012,-0.979,0.2,-0.4,0
25.587631,38,0,18.8,0,0,0.029,-0.012,-0.979,0.2,-0.4,0
25.597631,38,0,18.8,0,0,0.029,-0.012,-0.979,0.2,-0.4,0
25.607631,42,0,18.8,0,0,0.029,-0.012,-0.979,0.2,-0.4,0
25.617631,37,0,18.8,0,0,0.029,-0.012,-0.979,0.2,-0.4,0
25.6588833,36,0,18.8,0,0,0.028,-0.017,-1.019,-0.4,-0.4,0
25.6688833,41,0,18.8,0,0,0.028,-0.017,-1.019,-0.4,-0.4,0
25.6788833,52,0,18.8,0,0,0.028,-0.017,-1.019,-0.4,-0.4,0
25.6888833,52,0,18.8,0,0,0.028,-0.017,-1.019,-0.4,-0.4,0
25.6988833,42,0,18.8,0,0,0.028,-0.017,-1.019,-0.4,-0.4,0
25.7219028,40,0,18.8,0,0,0.029,-0.012,-0.991,0.6,-0.6,0
25.7319028,19,0,18.8,0,0,0.029,-0.012,-0.991,0.6,-0.6,0
25.7419028,16,0,18.8,0,0,0.029,-0.012,-0.991,0.6,-0.6,0
25.7519028,36,0,18.8,0,0,0.029,-0.012,-0.991,0.6,-0.6,0
25.7619028,40,0,18.8,0,0,0.029,-0.012,-0.991,0.6,-0.6,0
25.8013437,46,0,18.9,0,0,0.028,-0.015,-1.024,1.1,-0.4,0
25.8113437,47,0,18.9,0,0,0.028,-0.015,-1.024,1.1,-0.4,0
25.8213437,45,0,18.9,0,0,0.028,-0.015,-1.024,1.1,-0.4,0
25.8313437,46,0,18.9,0,0,0.028,-0.015,-1.024,1.1,-0.4,0
25.8413437,41,0,18.9,0,0,0.028,-0.015,-1.024,1.1,-0.4,0
25.8768927,35,0,18.9,0,0,0.03,-0.012,-0.99,-0.6,-0.4,0
25.8868927,53,0,18.9,0,0,0.03,-0.012,-0.99,-0.6,-0.4,0
25.8968927,53,0,18.9,0,0,0.03,-0.012,-0.99,-0.6,-0.4,0
25.9068927,40,0,18.9,0,0,0.03,-0.012,-0.99,-0.6,-0.4,0
25.9168927,43,0,18.9,0,0,0.03,-0.012,-0.99,-0.6,-0.4,0
25.968899,45,0,18.8,0,0,0.027,-0.017,-1.036,0,-0.6,0
25.978899,43,0,18.8,0,0,0.027,-0.017,-1.036,0,-0.6,0
25.988899,42,0,18.8,0,0,0.027,-0.017,-1.036,0,-0.6,0
25.998899,42,0,18.8,0,0,0.027,-0.017,-1.036,0,-0.6,0
26.008899,42,0,18.8,0,0,0.027,-0.017,-1.036,0,-0.6,0
26.0243409,42,0,18.9,0,0,0.029,-0.012,-0.985,-1,-0.2,0
26.0343409,42,0,18.9,0,0,0.029,-0.012,-0.985,-1,-0.2,0
26.0443409,43,0,18.9,0,0,0.029,-0.012,-0.985,-1,-0.2,0
26.0543409,43,0,18.9,0,0,0.029,-0.012,-0.985,-1,-0.2,0
26.0643409,47,0,18.9,0,0,0.029,-0.012,-0.985,-1,-0.2,0
26.1003115,47,0,18.8,0,0,0.028,-0.018,-1.028,-0.2,-0.4,0
26.1103115,43,0,18.8,0,0,0.028,-0.018,-1.028,-0.2,-0.4,0
26.1203115,28,0,18.8,0,0,0.028,-0.018,-1.028,-0.2,-0.4,0
26.1303115,8,0,18.8,0,0,0.028,-0.018,-1.028,-0.2,-0.4,0
26.1403115,21,0,18.8,0,0,0.028,-0.018,-1.028,-0.2,-0.4,0
27.6770354,54,0,18.8,0,0,0.029,-0.012,-0.99,0,-0.6,0
27.6870354,51,0,18.8,0,0,0.029,-0.012,-0.99,0,-0.6,0
27.6970354,51,0,18.8,0,0,0.029,-0.012,-0.99,0,-0.6,0
27.7070354,58,0,18.8,0,0,0.029,-0.012,-0.99,0,-0.6,0
27.7170354,58,0,18.8,0,0,0.029,-0.012,-0.99,0,-0.6,0
27.8340515,57,0,18.9,0,0,0.029,-0.011,-0.991,0.9,-0.5,0
27.8440515,58,0,18.9,0,0,0.029,-0.011,-0.991,0.9,-0.5,0
27.8540515,55,0,18.9,0,0,0.029,-0.011,-0.991,0.9,-0.5,0
27.8640515,54,0,18.9,0,0,0.029,-0.011,-0.991,0.9,-0.5,0
27.8740515,51,0,18.9,0,0,0.029,-0.011,-0.991,0.9,-0.5,0
27.8840515,55,0,18.9,0,0,0.029,-0.015,-1.006,-0.2,-0.6,0
27.8940515,52,0,18.9,0,0,0.029,-0.015,-1.006,-0.2,-0.6,0
27.9040515,52,0,18.9,0,0,0.029,-0.015,-1.006,-0.2,-0.6,0
27.9140515,54,0,18.9,0,0,0.029,-0.015,-1.006,-0.2,-0.6,0
27.9240515,52,0,18.9,0,0,0.029,-0.015,-1.006,-0.2,-0.6,0
27.97692,52,0,18.9,0,0,0.029,-0.012,-0.983,-0.1,-0.6,0
27.98692,59,0,18.9,0,0,0.029,-0.012,-0.983,-0.1,-0.6,0
27.99692,59,0,18.9,0,0,0.029,-0.012,-0.983,-0.1,-0.6,0
28.00692,52,0,18.9,0,0,0.029,-0.012,-0.983,-0.1,-0.6,0
28.01692,53,0,18.9,0,0,0.029,-0.012,-0.983,-0.1,-0.6,0
28.1844806,58,-0.01,18.8,0,0,0.028,-0.014,-1.007,1.2,-0.6,0
28.1944806,58,-0.01,18.8,0,0,0.028,-0.014,-1.007,1.2,-0.6,0
28.2044806,47,-0.01,18.8,0,0,0.028,-0.014,-1.007,1.2,-0.6,0
28.2144806,42,-0.01,18.8,0,0,0.028,-0.014,-1.007,1.2,-0.6,0
28.2244806,48,-0.01,18.8,0,0,0.028,-0.014,-1.007,1.2,-0.6,0
28.2344806,62,-0.01,18.9,0,0,0.029,-0.015,-1.005,0.7,-0.5,0
28.2444806,63,-0.01,18.9,0,0,0.029,-0.015,-1.005,0.7,-0.5,0
28.2544806,59,-0.01,18.9,0,0,0.029,-0.015,-1.005,0.7,-0.5,0
28.2644806,60,-0.01,18.9,0,0,0.029,-0.015,-1.005,0.7,-0.5,0
28.2744806,51,-0.01,18.9,0,0,0.029,-0.015,-1.005,0.7,-0.5,0
28.2844806,51,0,18.8,0,0,0.028,-0.016,-1.01,0,-0.5,0
28.2944806,55,0,18.8,0,0,0.028,-0.016,-1.01,0,-0.5,0
28.3044806,49,0,18.8,0,0,0.028,-0.016,-1.01,0,-0.5,0
28.3144806,48,0,18.8,0,0,0.028,-0.016,-1.01,0,-0.5,0
28.3244806,62,0,18.8,0,0,0.028,-0.016,-1.01,0,-0.5,0
28.3344806,63,0,18.8,0,0,0.028,-0.014,-0.995,-0.3,-0.6,0
28.3444806,53,0,18.8,0,0,0.028,-0.014,-0.995,-0.3,-0.6,0
28.3544806,53,0,18.8,0,0,0.028,-0.014,-0.995,-0.3,-0.6,0
28.3644806,57,0,18.8,0,0,0.028,-0.014,-0.995,-0.3,-0.6,0
28.3744806,57,0,18.8,0,0,0.028,-0.014,-0.995,-0.3,-0.6,0
28.3844806,55,0,18.9,0,0,0.029,-0.01,-0.972,-0.6,-0.5,0
28.3944806,41,0,18.9,0,0,0.029,-0.01,-0.972,-0.6,-0.5,0
28.4044806,40,0,18.9,0,0,0.029,-0.01,-0.972,-0.6,-0.5,0
28.4144806,56,0,18.9,0,0,0.029,-0.01,-0.972,-0.6,-0.5,0
28.4244806,56,0,18.9,0,0,0.029,-0.01,-0.972,-0.6,-0.5,0
28.4344806,53,-0.01,18.9,0,0,0.028,-0.013,-0.991,-0.3,-0.7,0
28.4444806,56,-0.01,18.9,0,0,0.028,-0.013,-0.991,-0.3,-0.7,0
28.4544806,57,-0.01,18.9,0,0,0.028,-0.013,-0.991,-0.3,-0.7,0
28.4644806,59,-0.01,18.9,0,0,0.028,-0.013,-0.991,-0.3,-0.7,0
28.4744806,59,-0.01,18.9,0,0,0.028,-0.013,-0.991,-0.3,-0.7,0
28.4844806,45,0,18.9,0,0,0.028,-0.013,-0.991,0.7,-0.6,0
28.4944806,45,0,18.9,0,0,0.028,-0.013,-0.991,0.7,-0.6,0
28.5044806,62,0,18.9,0,0,0.028,-0.013,-0.991,0.7,-0.6,0
28.5144806,62,0,18.9,0,0,0.028,-0.013,-0.991,0.7,-0.6,0
28.5244806,53,0,18.9,0,0,0.028,-0.013,-0.991,0.7,-0.6,0
28.5344806,56,0.01,18.8,0,0,0.027,-0.016,-1.011,0.3,-0.4,0.1
28.5444806,57,0.01,18.8,0,0,0.027,-0.016,-1.011,0.3,-0.4,0.1
28.5544806,55,0.01,18.8,0,0,0.027,-0.016,-1.011,0.3,-0.4,0.1
28.5644806,55,0.01,18.8,0,0,0.027,-0.016,-1.011,0.3,-0.4,0.1
28.5744806,49,0.01,18.8,0,0,0.027,-0.016,-1.011,0.3,-0.4,0.1
28.5844806,49,-0.01,18.8,0,0,0.029,-0.018,-1.015,-0.2,-0.4,0
28.5944806,54,-0.01,18.8,0,0,0.029,-0.018,-1.015,-0.2,-0.4,0
28.6044806,58,-0.01,18.8,0,0,0.029,-0.018,-1.015,-0.2,-0.4,0
28.6144806,58,-0.01,18.8,0,0,0.029,-0.018,-1.015,-0.2,-0.4,0
28.6244806,54,-0.01,18.8,0,0,0.029,-0.018,-1.015,-0.2,-0.4,0
28.6344806,55,0,18.8,0,0,0.028,-0.014,-0.999,-0.4,-0.6,0
28.6444806,60,0,18.8,0,0,0.028,-0.014,-0.999,-0.4,-0.6,0
28.6544806,60,0,18.8,0,0,0.028,-0.014,-0.999,-0.4,-0.6,0
28.6644806,49,0,18.8,0,0,0.028,-0.014,-0.999,-0.4,-0.6,0
28.6744806,37,0,18.8,0,0,0.028,-0.014,-0.999,-0.4,-0.6,0
28.6844806,42,0,18.8,0,0,0.031,-0.013,-0.979,-0.6,-0.6,0
28.6944806,57,0,18.8,0,0,0.031,-0.013,-0.979,-0.6,-0.6,0
28.7044806,57,0,18.8,0,0,0.031,-0.013,-0.979,-0.6,-0.6,0
28.7144806,56,0,18.8,0,0,0.031,-0.013,-0.979,-0.6,-0.6,0
28.7244806,57,0,18.8,0,0,0.031,-0.013,-0.979,-0.6,-0.6,0
28.7344806,54,0,18.9,0,0,0.028,-0.008,-0.976,0.4,-0.7,0
28.7444806,55,0,18.9,0,0,0.028,-0.008,-0.976,0.4,-0.7,0
28.7544806,55,0,18.9,0,0,0.028,-0.008,-0.976,0.4,-0.7,0
28.7644806,46,0,18.9,0,0,0.028,-0.008,-0.976,0.4,-0.7,0
28.7744806,45,0,18.9,0,0,0.028,-0.008,-0.976,0.4,-0.7,0
28.7844806,63,0,18.8,0,0,0.027,-0.013,-0.998,0.6,-0.5,0
28.7944806,63,0,18.8,0,0,0.027,-0.013,-0.998,0.6,-0.5,0
28.8044806,53,0,18.8,0,0,0.027,-0.013,-0.998,0.6,-0.5,0
28.8144806,53,0,18.8,0,0,0.027,-0.013,-0.998,0.6,-0.5,0
28.8244806,54,0,18.8,0,0,0.027,-0.013,-0.998,0.6,-0.5,0
28.8344806,54,0,18.8,0,0,0.028,-0.014,-1.017,0.7,-0.5,0
28.8444806,54,0,18.8,0,0,0.028,-0.014,-1.017,0.7,-0.5,0
28.8544806,52,0,18.8,0,0,0.028,-0.014,-1.017,0.7,-0.5,0
28.8644806,51,0,18.8,0,0,0.028,-0.014,-1.017,0.7,-0.5,0
28.8744806,54,0,18.8,0,0,0.028,-0.014,-1.017,0.7,-0.5,0
28.8844806,58,0,18.8,0,0,0.028,-0.016,-1.015,0.1,-0.4,0
28.8944806,58,0,18.8,0,0,0.028,-0.016,-1.015,0.1,-0.4,0
28.9044806,54,0,18.8,0,0,0.028,-0.016,-1.015,0.1,-0.4,0
28.9144806,54,0,18.8,0,0,0.028,-0.016,-1.015,0.1,-0.4,0
28.9244806,59,0,18.8,0,0,0.028,-0.016,-1.015,0.1,-0.4,0
31.2815924,75,0.01,18.8,0,0,0.027,-0.016,-1.03,0.3,-0.6,0
31.2915924,65,0.01,18.8,0,0,0.027,-0.016,-1.03,0.3,-0.6,0
31.3015924,65,0.01,18.8,0,0,0.027,-0.016,-1.03,0.3,-0.6,0
31.3115924,69,0.01,18.8,0,0,0.027,-0.016,-1.03,0.3,-0.6,0
31.3215924,69,0.01,18.8,0,0,0.027,-0.016,-1.03,0.3,-0.6,0
31.3315924,60,0,18.9,0,0,0.028,-0.012,-0.992,0,-0.8,0
31.3415924,59,0,18.9,0,0,0.028,-0.012,-0.992,0,-0.8,0
31.3515924,67,0,18.9,0,0,0.028,-0.012,-0.992,0,-0.8,0
31.3615924,67,0,18.9,0,0,0.028,-0.012,-0.992,0,-0.8,0
31.3715924,67,0,18.9,0,0,0.028,-0.012,-0.992,0,-0.8,0
31.3815924,67,0,18.8,0,0,0.03,-0.012,-0.981,-0.3,-0.3,0
31.3915924,72,0,18.8,0,0,0.03,-0.012,-0.981,-0.3,-0.3,0
31.4015924,71,0,18.8,0,0,0.03,-0.012,-0.981,-0.3,-0.3,0
31.4115924,58,0,18.8,0,0,0.03,-0.012,-0.981,-0.3,-0.3,0
31.4215924,65,0,18.8,0,0,0.03,-0.012,-0.981,-0.3,-0.3,0
33.4622913,83,0,18.8,0,0,0.028,-0.014,-1.014,-0.4,-0.5,0
33.4722913,71,0,18.8,0,0,0.028,-0.014,-1.014,-0.4,-0.5,0
33.4822913,72,0,18.8,0,0,0.028,-0.014,-1.014,-0.4,-0.5,0
33.4922913,80,0,18.8,0,0,0.028,-0.014,-1.014,-0.4,-0.5,0
33.5022913,79,0,18.8,0,0,0.028,-0.014,-1.014,-0.4,-0.5,0
33.5122913,81,0,18.9,0,0,0.026,-0.012,-1.007,1.2,-1,0
33.5222913,81,0,18.9,0,0,0.026,-0.012,-1.007,1.2,-1,0
33.5322913,72,0,18.9,0,0,0.026,-0.012,-1.007,1.2,-1,0
33.5422913,71,0,18.9,0,0,0.026,-0.012,-1.007,1.2,-1,0
33.5522913,85,0,18.9,0,0,0.026,-0.012,-1.007,1.2,-1,0
33.5622913,85,0,18.8,0,0,0.028,-0.011,-0.979,-0.1,-0.3,0
33.5722913,79,0,18.8,0,0,0.028,-0.011,-0.979,-0.1,-0.3,0
33.5822913,79,0,18.8,0,0,0.028,-0.011,-0.979,-0.1,-0.3,0
33.5922913,76,0,18.8,0,0,0.028,-0.011,-0.979,-0.1,-0.3,0
33.6022913,76,0,18.8,0,0,0.028,-0.011,-0.979,-0.1,-0.3,0
33.6122913,82,0,18.9,0,0,0.028,-0.015,-1.003,0.7,-0.4,0
33.6222913,83,0,18.9,0,0,0.028,-0.015,-1.003,0.7,-0.4,0
33.6322913,77,0,18.9,0,0,0.028,-0.015,-1.003,0.7,-0.4,0
33.6422913,80,0,18.9,0,0,0.028,-0.015,-1.003,0.7,-0.4,0
33.6522913,82,0,18.9,0,0,0.028,-0.015,-1.003,0.7,-0.4,0
33.6622913,72,0,18.8,0,0,0.028,-0.011,-0.977,0.4,-0.5,0
33.6722913,72,0,18.8,0,0,0.028,-0.011,-0.977,0.4,-0.5,0
33.6822913,78,0,18.8,0,0,0.028,-0.011,-0.977,0.4,-0.5,0
33.6922913,79,0,18.8,0,0,0.028,-0.011,-0.977,0.4,-0.5,0
33.7022913,79,0,18.8,0,0,0.028,-0.011,-0.977,0.4,-0.5,0
33.7122913,84,0,18.8,0,0,0.03,-0.014,-1.001,0.2,-0.4,0
33.7222913,75,0,18.8,0,0,0.03,-0.014,-1.001,0.2,-0.4,0
33.7322913,69,0,18.8,0,0,0.03,-0.014,-1.001,0.2,-0.4,0
33.7422913,84,0,18.8,0,0,0.03,-0.014,-1.001,0.2,-0.4,0
33.7522913,89,0,18.8,0,0,0.03,-0.014,-1.001,0.2,-0.4,0
33.7622913,87,0,18.9,0,0,0.027,-0.017,-1.025,-0.1,-0.7,0
33.7722913,77,0,18.9,0,0,0.027,-0.017,-1.025,-0.1,-0.7,0
33.7822913,77,0,18.9,0,0,0.027,-0.017,-1.025,-0.1,-0.7,0
33.7922913,80,0,18.9,0,0,0.027,-0.017,-1.025,-0.1,-0.7,0
33.8022913,75,0,18.9,0,0,0.027,-0.017,-1.025,-0.1,-0.7,0
33.8192025,74,0,18.8,0,0,0.026,-0.016,-1.029,1,-0.6,0
33.8292025,79,0,18.8,0,0,0.026,-0.016,-1.029,1,-0.6,0
33.8392025,79,0,18.8,0,0,0.026,-0.016,-1.029,1,-0.6,0
33.8492025,84,0,18.8,0,0,0.026,-0.016,-1.029,1,-0.6,0
33.8592025,84,0,18.8,0,0,0.026,-0.016,-1.029,1,-0.6,0
33.9018307,81,0,18.9,0,0,0.028,-0.014,-1.004,0,-0.6,0
33.9118307,76,0,18.9,0,0,0.028,-0.014,-1.004,0,-0.6,0
33.9218307,74,0,18.9,0,0,0.028,-0.014,-1.004,0,-0.6,0
33.9318307,82,0,18.9,0,0,0.028,-0.014,-1.004,0,-0.6,0
33.9418307,82,0,18.9,0,0,0.028,-0.014,-1.004,0,-0.6,0
35.9961275,91,0,18.9,0,0,0.034,-0.003,-0.894,0.5,0,0
36.0061275,90,0,18.9,0,0,0.034,-0.003,-0.894,0.5,0,0
36.0161275,96,0,18.9,0,0,0.034,-0.003,-0.894,0.5,0,0
36.0261275,90,0,18.9,0,0,0.034,-0.003,-0.894,0.5,0,0
36.0361275,84,0,18.9,0,0,0.034,-0.003,-0.894,0.5,0,0
36.0461275,94,0.01,18.8,0,0,0.026,-0.011,-1.02,-1,-0.4,0
36.0561275,96,0.01,18.8,0,0,0.026,-0.011,-1.02,-1,-0.4,0
36.0661275,95,0.01,18.8,0,0,0.026,-0.011,-1.02,-1,-0.4,0
36.0761275,94,0.01,18.8,0,0,0.026,-0.011,-1.02,-1,-0.4,0
36.0861275,87,0.01,18.8,0,0,0.026,-0.011,-1.02,-1,-0.4,0
36.0961275,89,0,18.9,0,0,0.028,-0.017,-1.024,-0.4,-1.3,0
36.1061275,92,0,18.9,0,0,0.028,-0.017,-1.024,-0.4,-1.3,0
36.1161275,89,0,18.9,0,0,0.028,-0.017,-1.024,-0.4,-1.3,0
36.1261275,96,0,18.9,0,0,0.028,-0.017,-1.024,-0.4,-1.3,0
36.1361275,88,0,18.9,0,0,0.028,-0.017,-1.024,-0.4,-1.3,0
36.1461275,84,0,18.8,0,0,0.031,-0.015,-0.981,-0.1,-0.2,0
36.1561275,92,0,18.8,0,0,0.031,-0.015,-0.981,-0.1,-0.2,0
36.1661275,92,0,18.8,0,0,0.031,-0.015,-0.981,-0.1,-0.2,0
36.1761275,93,0,18.8,0,0,0.031,-0.015,-0.981,-0.1,-0.2,0
36.1861275,93,0,18.8,0,0,0.031,-0.015,-0.981,-0.1,-0.2,0
36.1961275,85,0,18.7,0,0,0.024,-0.02,-1.085,0.7,-0.4,0
36.2061275,90,0,18.7,0,0,0.024,-0.02,-1.085,0.7,-0.4,0
36.2161275,94,0,18.7,0,0,0.024,-0.02,-1.085,0.7,-0.4,0
36.2261275,89,0,18.7,0,0,0.024,-0.02,-1.085,0.7,-0.4,0
36.2361275,93,0,18.7,0,0,0.024,-0.02,-1.085,0.7,-0.4,0
36.2461275,91,0,18.8,0,0,0.023,-0.016,-0.967,2.3,-1.1,0
36.2561275,89,0,18.8,0,0,0.023,-0.016,-0.967,2.3,-1.1,0
36.2661275,93,0,18.8,0,0,0.023,-0.016,-0.967,2.3,-1.1,0
36.2761275,91,0,18.8,0,0,0.023,-0.016,-0.967,2.3,-1.1,0
36.2861275,93,0,18.8,0,0,0.023,-0.016,-0.967,2.3,-1.1,0
36.2961275,95,0,18.8,0,0,0.031,-0.015,-0.976,0.1,-1,0
36.3061275,85,0,18.8,0,0,0.031,-0.015,-0.976,0.1,-1,0
36.3161275,87,0,18.8,0,0,0.031,-0.015,-0.976,0.1,-1,0
36.3261275,92,0,18.8,0,0,0.031,-0.015,-0.976,0.1,-1,0
36.3361275,91,0,18.8,0,0,0.031,-0.015,-0.976,0.1,-1,0
36.3461275,93,0,18.8,0,0,0.027,-0.015,-1.02,0.4,0,0
36.3561275,88,0,18.8,0,0,0.027,-0.015,-1.02,0.4,0,0
36.3661275,85,0,18.8,0,0,0.027,-0.015,-1.02,0.4,0,0
36.3761275,96,0,18.8,0,0,0.027,-0.015,-1.02,0.4,0,0
36.3861275,96,0,18.8,0,0,0.027,-0.015,-1.02,0.4,0,0
36.3961275,91,0,18.8,0,0,0.024,-0.02,-1.071,1.8,-0.8,0
36.4061275,92,0,18.8,0,0,0.024,-0.02,-1.071,1.8,-0.8,0
36.4161275,89,0,18.8,0,0,0.024,-0.02,-1.071,1.8,-0.8,0
36.4261275,92,0,18.8,0,0,0.024,-0.02,-1.071,1.8,-0.8,0
36.4361275,92,0,18.8,0,0,0.024,-0.02,-1.071,1.8,-0.8,0
36.4461275,89,-0.01,18.8,0,0,0.032,-0.007,-0.931,1.7,-0.7,0
36.4561275,95,-0.01,18.8,0,0,0.032,-0.007,-0.931,1.7,-0.7,0
36.4661275,90,-0.01,18.8,0,0,0.032,-0.007,-0.931,1.7,-0.7,0
36.4761275,86,-0.01,18.8,0,0,0.032,-0.007,-0.931,1.7,-0.7,0
36.4861275,91,-0.01,18.8,0,0,0.032,-0.007,-0.931,1.7,-0.7,0
36.4961275,92,0,18.8,0,0,0.029,-0.008,-0.962,-1.4,0.2,0
36.5061275,97,0,18.8,0,0,0.029,-0.008,-0.962,-1.4,0.2,0
36.5161275,97,0,18.8,0,0,0.029,-0.008,-0.962,-1.4,0.2,0
36.5261275,83,0,18.8,0,0,0.029,-0.008,-0.962,-1.4,0.2,0
36.5361275,87,0,18.8,0,0,0.029,-0.008,-0.962,-1.4,0.2,0
36.5461275,101,0,18.8,0,0,0.025,-0.016,-1.048,-1,-1.2,0
36.5561275,97,0,18.8,0,0,0.025,-0.016,-1.048,-1,-1.2,0
36.5661275,91,0,18.8,0,0,0.025,-0.016,-1.048,-1,-1.2,0
36.5761275,85,0,18.8,0,0,0.025,-0.016,-1.048,-1,-1.2,0
36.5861275,94,0,18.8,0,0,0.025,-0.016,-1.048,-1,-1.2,0
36.5961275,99,0,18.8,0,0,0.029,-0.017,-0.995,0,-1,0
36.6061275,89,0,18.8,0,0,0.029,-0.017,-0.995,0,-1,0
36.6161275,90,0,18.8,0,0,0.029,-0.017,-0.995,0,-1,0
36.6261275,93,0,18.8,0,0,0.029,-0.017,-0.995,0,-1,0
36.6361275,89,0,18.8,0,0,0.029,-0.017,-0.995,0,-1,0
36.6461275,89,0,18.9,0,0,0.027,-0.018,-1.028,0.1,0,0
36.6561275,90,0,18.9,0,0,0.027,-0.018,-1.028,0.1,0,0
36.6661275,91,0,18.9,0,0,0.027,-0.018,-1.028,0.1,0,0
36.6761275,96,0,18.9,0,0,0.027,-0.018,-1.028,0.1,0,0
36.6861275,90,0,18.9,0,0,0.027,-0.018,-1.028,0.1,0,0
36.6961275,89,0,18.8,0,0,0.024,-0.019,-1.065,1.7,-0.9,0
36.7061275,95,0,18.8,0,0,0.024,-0.019,-1.065,1.7,-0.9,0
36.7161275,92,0,18.8,0,0,0.024,-0.019,-1.065,1.7,-0.9,0
36.7261275,95,0,18.8,0,0,0.024,-0.019,-1.065,1.7,-0.9,0
36.7361275,91,0,18.8,0,0,0.024,-0.019,-1.065,1.7,-0.9,0
36.7567768,88,0,18.9,0,0,0.03,-0.007,-0.964,-0.6,0,0
36.7667768,86,0,18.9,0,0,0.03,-0.007,-0.964,-0.6,0,0
36.7767768,92,0,18.9,0,0,0.03,-0.007,-0.964,-0.6,0,0
36.7867768,90,0,18.9,0,0,0.03,-0.007,-0.964,-0.6,0,0
36.7967768,93,0,18.9,0,0,0.03,-0.007,-0.964,-0.6,0,0
36.8158911,93,0,18.8,0,0,0.025,-0.019,-1.063,-0.9,-1.2,0
36.8258911,85,0,18.8,0,0,0.025,-0.019,-1.063,-0.9,-1.2,0
36.8358911,90,0,18.8,0,0,0.025,-0.019,-1.063,-0.9,-1.2,0
36.8458911,95,0,18.8,0,0,0.025,-0.019,-1.063,-0.9,-1.2,0
36.8558911,90,0,18.8,0,0,0.025,-0.019,-1.063,-0.9,-1.2,0
36.9011361,93,0,18.9,0,0,0.026,-0.019,-1.044,0,0,0
36.9111361,93,0,18.9,0,0,0.026,-0.019,-1.044,0,0,0
36.9211361,85,0,18.9,0,0,0.026,-0.019,-1.044,0,0,0
36.9311361,89,0,18.9,0,0,0.026,-0.019,-1.044,0,0,0
36.9411361,92,0,18.9,0,0,0.026,-0.019,-1.044,0,0,0
36.9814002,91,0.01,18.9,0,0,0.026,-0.016,-1.033,2.2,-1.2,0
36.9914002,93,0.01,18.9,0,0,0.026,-0.016,-1.033,2.2,-1.2,0
37.0014002,87,0.01,18.9,0,0,0.026,-0.016,-1.033,2.2,-1.2,0
37.0114002,90,0.01,18.9,0,0,0.026,-0.016,-1.033,2.2,-1.2,0
37.0214002,96,0.01,18.9,0,0,0.026,-0.016,-1.033,2.2,-1.2,0
37.0605346,92,-0.01,18.9,0,0,0.028,-0.01,-0.988,-1.2,0,0
37.0705346,89,-0.01,18.9,0,0,0.028,-0.01,-0.988,-1.2,0,0
37.0805346,94,-0.01,18.9,0,0,0.028,-0.01,-0.988,-1.2,0,0
37.0905346,90,-0.01,18.9,0,0,0.028,-0.01,-0.988,-1.2,0,0
37.1005346,87,-0.01,18.9,0,0,0.028,-0.01,-0.988,-1.2,0,0
37.1197808,91,0,18.9,0,0,0.026,-0.019,-1.055,-1.2,-1,0
37.1297808,91,0,18.9,0,0,0.026,-0.019,-1.055,-1.2,-1,0
37.1397808,97,0,18.9,0,0,0.026,-0.019,-1.055,-1.2,-1,0
37.1497808,93,0,18.9,0,0,0.026,-0.019,-1.055,-1.2,-1,0
37.1597808,83,0,18.9,0,0,0.026,-0.019,-1.055,-1.2,-1,0
37.2026993,94,0,18.8,0,0,0.025,-0.018,-1.047,0.7,-0.1,0
37.2126993,99,0,18.8,0,0,0.025,-0.018,-1.047,0.7,-0.1,0
37.2226993,89,0,18.8,0,0,0.025,-0.018,-1.047,0.7,-0.1,0
37.2326993,90,0,18.8,0,0,0.025,-0.018,-1.047,0.7,-0.1,0
37.2426993,89,0,18.8,0,0,0.025,-0.018,-1.047,0.7,-0.1,0
37.2843442,88,0,18.8,0,0,0.026,-0.017,-1.038,2.2,-1.1,0
37.2943442,92,0,18.8,0,0,0.026,-0.017,-1.038,2.2,-1.1,0
37.3043442,91,0,18.8,0,0,0.026,-0.017,-1.038,2.2,-1.1,0
37.3143442,95,0,18.8,0,0,0.026,-0.017,-1.038,2.2,-1.1,0
37.3243442,96,0,18.8,0,0,0.026,-0.017,-1.038,2.2,-1.1,0
37.3453454,90,0,18.8,0,0,0.027,-0.009,-0.988,-1.2,0,0
37.3553454,88,0,18.8,0,0,0.027,-0.009,-0.988,-1.2,0,0
37.3653454,94,0,18.8,0,0,0.027,-0.009,-0.988,-1.2,0,0
37.3753454,92,0,18.8,0,0,0.027,-0.009,-0.988,-1.2,0,0
37.3853454,93,0,18.8,0,0,0.027,-0.009,-0.988,-1.2,0,0
37.4259745,96,0,18.8,0,0,0.025,-0.018,-1.038,-0.7,-1.3,0
37.4359745,85,0,18.8,0,0,0.025,-0.018,-1.038,-0.7,-1.3,0
37.4459745,86,0,18.8,0,0,0.025,-0.018,-1.038,-0.7,-1.3,0
37.4559745,93,0,18.8,0,0,0.025,-0.018,-1.038,-0.7,-1.3,0
37.4659745,90,0,18.8,0,0,0.025,-0.018,-1.038,-0.7,-1.3,0
37.5029908,92,0,18.8,0,0,0.024,-0.021,-1.07,0.5,-0.1,0
37.5129908,93,0,18.8,0,0,0.024,-0.021,-1.07,0.5,-0.1,0
37.5229908,89,0,18.8,0,0,0.024,-0.021,-1.07,0.5,-0.1,0
37.5329908,91,0,18.8,0,0,0.024,-0.021,-1.07,0.5,-0.1,0
37.5429908,93,0,18.8,0,0,0.024,-0.021,-1.07,0.5,-0.1,0
37.565811,89,0,18.8,0,0,0.027,-0.013,-1.024,2,-1.1,0
37.575811,93,0,18.8,0,0,0.027,-0.013,-1.024,2,-1.1,0
37.585811,89,0,18.8,0,0,0.027,-0.013,-1.024,2,-1.1,0
37.595811,85,0,18.8,0,0,0.027,-0.013,-1.024,2,-1.1,0
37.605811,92,0,18.8,0,0,0.027,-0.013,-1.024,2,-1.1,0
37.647222,96,0,18.9,0,0,0.025,-0.01,-1.003,-1.2,-0.3,0
37.657222,91,0,18.9,0,0,0.025,-0.01,-1.003,-1.2,-0.3,0
37.667222,92,0,18.9,0,0,0.025,-0.01,-1.003,-1.2,-0.3,0
37.677222,90,0,18.9,0,0,0.025,-0.01,-1.003,-1.2,-0.3,0
37.687222,89,0,18.9,0,0,0.025,-0.01,-1.003,-1.2,-0.3,0
37.697222,94,0,18.9,0,0,0.027,-0.019,-1.041,-0.6,-1.3,0
37.707222,92,0,18.9,0,0,0.027,-0.019,-1.041,-0.6,-1.3,0
37.717222,91,0,18.9,0,0,0.027,-0.019,-1.041,-0.6,-1.3,0
37.727222,94,0,18.9,0,0,0.027,-0.019,-1.041,-0.6,-1.3,0
37.737222,87,0,18.9,0,0,0.027,-0.019,-1.041,-0.6,-1.3,0
37.7574131,86,-0.01,18.8,0,0,0.032,-0.014,-0.979,-0.1,-0.3,0
37.7674131,90,-0.01,18.8,0,0,0.032,-0.014,-0.979,-0.1,-0.3,0
37.7774131,92,-0.01,18.8,0,0,0.032,-0.014,-0.979,-0.1,-0.3,0
37.7874131,98,-0.01,18.8,0,0,0.032,-0.014,-0.979,-0.1,-0.3,0
37.7974131,88,-0.01,18.8,0,0,0.032,-0.014,-0.979,-0.1,-0.3,0
37.8074131,83,0,18.9,0,0,0.025,-0.019,-1.076,0.4,-0.1,0
37.8174131,95,0,18.9,0,0,0.025,-0.019,-1.076,0.4,-0.1,0
37.8274131,100,0,18.9,0,0,0.025,-0.019,-1.076,0.4,-0.1,0
37.8374131,95,0,18.9,0,0,0.025,-0.019,-1.076,0.4,-0.1,0
37.8474131,91,0,18.9,0,0,0.025,-0.019,-1.076,0.4,-0.1,0
37.8574131,87,0,18.8,0,0,0.029,-0.013,-1,2.3,-1.2,0
37.8674131,93,0,18.8,0,0,0.029,-0.013,-1,2.3,-1.2,0
37.8774131,96,0,18.8,0,0,0.029,-0.013,-1,2.3,-1.2,0
37.8874131,90,0,18.8,0,0,0.029,-0.013,-1,2.3,-1.2,0
37.8974131,93,0,18.8,0,0,0.029,-0.013,-1,2.3,-1.2,0
37.9074131,89,0,18.8,0,0,0.033,-0.003,-0.915,0.7,-0.1,0
37.9174131,88,0,18.8,0,0,0.033,-0.003,-0.915,0.7,-0.1,0
37.9274131,91,0,18.8,0,0,0.033,-0.003,-0.915,0.7,-0.1,0
37.9374131,91,0,18.8,0,0,0.033,-0.003,-0.915,0.7,-0.1,0
37.9474131,96,0,18.8,0,0,0.033,-0.003,-0.915,0.7,-0.1,0
37.9574131,96,0,18.9,0,0,0.024,-0.015,-1.054,-1.6,-0.5,0
37.9674131,84,0,18.9,0,0,0.024,-0.015,-1.054,-1.6,-0.5,0
37.9774131,88,0,18.9,0,0,0.024,-0.015,-1.054,-1.6,-0.5,0
37.9874131,96,0,18.9,0,0,0.024,-0.015,-1.054,-1.6,-0.5,0
37.9974131,93,0,18.9,0,0,0.024,-0.015,-1.054,-1.6,-0.5,0
38.0278307,93,-0.01,18.8,0,0,0.029,-0.016,-1.006,-0.4,-1.3,0
38.0378307,88,-0.01,18.8,0,0,0.029,-0.016,-1.006,-0.4,-1.3,0
38.0478307,90,-0.01,18.8,0,0,0.029,-0.016,-1.006,-0.4,-1.3,0
38.0578307,94,-0.01,18.8,0,0,0.029,-0.016,-1.006,-0.4,-1.3,0
38.0678307,89,-0.01,18.8,0,0,0.029,-0.016,-1.006,-0.4,-1.3,0
38.1050165,91,0,18.8,0,0,0.023,-0.02,-1.083,1.5,-0.7,0
38.1150165,93,0,18.8,0,0,0.023,-0.02,-1.083,1.5,-0.7,0
38.1250165,88,0,18.8,0,0,0.023,-0.02,-1.083,1.5,-0.7,0
38.1350165,90,0,18.8,0,0,0.023,-0.02,-1.083,1.5,-0.7,0
38.1450165,95,0,18.8,0,0,0.023,-0.02,-1.083,1.5,-0.7,0
38.1550165,89,0,18.9,0,0,0.031,-0.008,-0.958,2.5,-1,0
38.1650165,92,0,18.9,0,0,0.031,-0.008,-0.958,2.5,-1,0
38.1750165,93,0,18.9,0,0,0.031,-0.008,-0.958,2.5,-1,0
38.1850165,89,0,18.9,0,0,0.031,-0.008,-0.958,2.5,-1,0
38.1950165,91,0,18.9,0,0,0.031,-0.008,-0.958,2.5,-1,0
38.2050165,91,0,18.8,0,0,0.032,-0.006,-0.934,-0.1,0.1,0
38.2150165,89,0,18.8,0,0,0.032,-0.006,-0.934,-0.1,0.1,0
38.2250165,95,0,18.8,0,0,0.032,-0.006,-0.934,-0.1,0.1,0
38.2350165,89,0,18.8,0,0,0.032,-0.006,-0.934,-0.1,0.1,0
38.2450165,85,0,18.8,0,0,0.032,-0.006,-0.934,-0.1,0.1,0
38.2550165,92,0,18.8,0,0,0.024,-0.017,-1.059,-1.5,-0.7,0
38.2650165,93,0,18.8,0,0,0.024,-0.017,-1.059,-1.5,-0.7,0
38.2750165,93,0,18.8,0,0,0.024,-0.017,-1.059,-1.5,-0.7,0
38.2850165,93,0,18.8,0,0,0.024,-0.017,-1.059,-1.5,-0.7,0
38.2950165,85,0,18.8,0,0,0.024,-0.017,-1.059,-1.5,-0.7,0
38.3303863,91,0,18.8,0,0,0.032,-0.016,-0.987,-0.4,-1,0
38.3403863,96,0,18.8,0,0,0.032,-0.016,-0.987,-0.4,-1,0
38.3503863,91,0,18.8,0,0,0.032,-0.016,-0.987,-0.4,-1,0
38.3603863,92,0,18.8,0,0,0.032,-0.016,-0.987,-0.4,-1,0
38.3703863,89,0,18.8,0,0,0.032,-0.016,-0.987,-0.4,-1,0
38.4039483,86,0,18.9,0,0,0.024,-0.02,-1.076,1.6,-0.9,0
38.4139483,86,0,18.9,0,0,0.024,-0.02,-1.076,1.6,-0.9,0
38.4239483,91,0,18.9,0,0,0.024,-0.02,-1.076,1.6,-0.9,0
38.4339483,91,0,18.9,0,0,0.024,-0.02,-1.076,1.6,-0.9,0
38.4439483,96,0,18.9,0,0,0.024,-0.02,-1.076,1.6,-0.9,0
38.4590418,88,-0.01,18.9,0,0,0.033,-0.006,-0.919,1.8,-0.6,0
38.4690418,82,-0.01,18.9,0,0,0.033,-0.006,-0.919,1.8,-0.6,0
38.4790418,94,-0.01,18.9,0,0,0.033,-0.006,-0.919,1.8,-0.6,0
38.4890418,100,-0.01,18.9,0,0,0.033,-0.006,-0.919,1.8,-0.6,0
38.4990418,95,-0.01,18.9,0,0,0.033,-0.006,-0.919,1.8,-0.6,0
38.5090418,90,0,18.9,0,0,0.031,-0.007,-0.963,-0.7,0.1,0
38.5190418,86,0,18.9,0,0,0.031,-0.007,-0.963,-0.7,0.1,0
38.5290418,93,0,18.9,0,0,0.031,-0.007,-0.963,-0.7,0.1,0
38.5390418,95,0,18.9,0,0,0.031,-0.007,-0.963,-0.7,0.1,0
38.5490418,89,0,18.9,0,0,0.031,-0.007,-0.963,-0.7,0.1,0
38.5590418,92,0,18.8,0,0,0.025,-0.018,-1.051,-0.6,-1.2,0
38.5690418,89,0,18.8,0,0,0.025,-0.018,-1.051,-0.6,-1.2,0
38.5790418,88,0,18.8,0,0,0.025,-0.018,-1.051,-0.6,-1.2,0
38.5890418,91,0,18.8,0,0,0.025,-0.018,-1.051,-0.6,-1.2,0
38.5990418,90,0,18.8,0,0,0.025,-0.018,-1.051,-0.6,-1.2,0
38.6090418,96,0,18.8,0,0,0.032,-0.013,-0.968,0.4,-0.7,0
38.6190418,97,0,18.8,0,0,0.032,-0.013,-0.968,0.4,-0.7,0
38.6290418,84,0,18.8,0,0,0.032,-0.013,-0.968,0.4,-0.7,0
38.6390418,89,0,18.8,0,0,0.032,-0.013,-0.968,0.4,-0.7,0
38.6490418,96,0,18.8,0,0,0.032,-0.013,-0.968,0.4,-0.7,0
38.6590418,93,0,18.9,0,0,0.025,-0.019,-1.047,0.1,0,0
38.6690418,94,0,18.9,0,0,0.025,-0.019,-1.047,0.1,0,0
38.6790418,90,0,18.9,0,0,0.025,-0.019,-1.047,0.1,0,0
38.6890418,90,0,18.9,0,0,0.025,-0.019,-1.047,0.1,0,0
38.6990418,94,0,18.9,0,0,0.025,-0.019,-1.047,0.1,0,0
38.7090418,89,0,18.9,0,0,0.025,-0.017,-1.049,1.7,-0.9,0
38.7190418,93,0,18.9,0,0,0.025,-0.017,-1.049,1.7,-0.9,0
38.7290418,93,0,18.9,0,0,0.025,-0.017,-1.049,1.7,-0.9,0
38.7390418,85,0,18.9,0,0,0.025,-0.017,-1.049,1.7,-0.9,0
38.7490418,89,0,18.9,0,0,0.025,-0.017,-1.049,1.7,-0.9,0
38.7590418,92,0,18.9,0,0,0.034,-0.001,-0.889,1.2,-0.4,0
38.7690418,90,0,18.9,0,0,0.034,-0.001,-0.889,1.2,-0.4,0
38.7790418,93,0,18.9,0,0,0.034,-0.001,-0.889,1.2,-0.4,0
38.7890418,88,0,18.9,0,0,0.034,-0.001,-0.889,1.2,-0.4,0
38.7990418,91,0,18.9,0,0,0.034,-0.001,-0.889,1.2,-0.4,0
38.8090418,95,0,18.8,0,0,0.028,-0.009,-0.99,-1,-0.1,0
38.8190418,89,0,18.8,0,0,0.028,-0.009,-0.99,-1,-0.1,0
38.8290418,92,0,18.8,0,0,0.028,-0.009,-0.99,-1,-0.1,0
38.8390418,93,0,18.8,0,0,0.028,-0.009,-0.99,-1,-0.1,0
38.8490418,89,0,18.8,0,0,0.028,-0.009,-0.99,-1,-0.1,0
38.8590418,91,0,18.9,0,0,0.025,-0.018,-1.051,-0.9,-1.2,0
38.8690418,91,0,18.9,0,0,0.025,-0.018,-1.051,-0.9,-1.2,0
38.8790418,89,0,18.9,0,0,0.025,-0.018,-1.051,-0.9,-1.2,0
38.8890418,95,0,18.9,0,0,0.025,-0.018,-1.051,-0.9,-1.2,0
38.8990418,89,0,18.9,0,0,0.025,-0.018,-1.051,-0.9,-1.2,0
38.9090418,87,0,18.9,0,0,0.031,-0.016,-0.98,-0.1,-0.6,0
38.9190418,92,0,18.9,0,0,0.031,-0.016,-0.98,-0.1,-0.6,0
38.9290418,91,0,18.9,0,0,0.031,-0.016,-0.98,-0.1,-0.6,0
38.9390418,93,0,18.9,0,0,0.031,-0.016,-0.98,-0.1,-0.6,0
38.9490418,93,0,18.9,0,0,0.031,-0.016,-0.98,-0.1,-0.6,0
38.9590418,85,-0.01,18.8,0,0,0.024,-0.019,-1.064,0.4,0,0
38.9690418,91,-0.01,18.8,0,0,0.024,-0.019,-1.064,0.4,0,0
38.9790418,96,-0.01,18.8,0,0,0.024,-0.019,-1.064,0.4,0,0
38.9890418,91,-0.01,18.8,0,0,0.024,-0.019,-1.064,0.4,0,0
38.9990418,92,-0.01,18.8,0,0,0.024,-0.019,-1.064,0.4,0,0
39.0097189,89,0,18.8,0,0,0.027,-0.015,-1.019,2.3,-1.2,0.1
39.0197189,93,0,18.8,0,0,0.027,-0.015,-1.019,2.3,-1.2,0.1
39.0297189,94,0,18.8,0,0,0.027,-0.015,-1.019,2.3,-1.2,0.1
39.0397189,89,0,18.8,0,0,0.027,-0.015,-1.019,2.3,-1.2,0.1
39.0497189,91,0,18.8,0,0,0.027,-0.015,-1.019,2.3,-1.2,0.1
39.0597189,92,0,18.9,0,0,0.035,-0.002,-0.904,1.4,-0.4,0
39.0697189,87,0,18.9,0,0,0.035,-0.002,-0.904,1.4,-0.4,0
39.0797189,88,0,18.9,0,0,0.035,-0.002,-0.904,1.4,-0.4,0
39.0897189,91,0,18.9,0,0,0.035,-0.002,-0.904,1.4,-0.4,0
39.0997189,92,0,18.9,0,0,0.035,-0.002,-0.904,1.4,-0.4,0
39.1097189,97,0,18.8,0,0,0.027,-0.011,-1.016,-1.5,-0.1,0
39.1197189,88,0,18.8,0,0,0.027,-0.011,-1.016,-1.5,-0.1,0
39.1297189,87,0,18.8,0,0,0.027,-0.011,-1.016,-1.5,-0.1,0
39.1397189,95,0,18.8,0,0,0.027,-0.011,-1.016,-1.5,-0.1,0
39.1497189,96,0,18.8,0,0,0.027,-0.011,-1.016,-1.5,-0.1,0
39.1597189,96,0,18.8,0,0,0.025,-0.018,-1.041,-1.2,-1.2,0
39.1697189,86,0,18.8,0,0,0.025,-0.018,-1.041,-1.2,-1.2,0
39.1797189,86,0,18.8,0,0,0.025,-0.018,-1.041,-1.2,-1.2,0
39.1897189,99,0,18.8,0,0,0.025,-0.018,-1.041,-1.2,-1.2,0
39.1997189,96,0,18.8,0,0,0.025,-0.018,-1.041,-1.2,-1.2,0
39.2447638,90,0,18.8,0,0,0.032,-0.015,-0.97,0,-0.4,0
39.2547638,93,0,18.8,0,0,0.032,-0.015,-0.97,0,-0.4,0
39.2647638,89,0,18.8,0,0,0.032,-0.015,-0.97,0,-0.4,0
39.2747638,88,0,18.8,0,0,0.032,-0.015,-0.97,0,-0.4,0
39.2847638,91,0,18.8,0,0,0.032,-0.015,-0.97,0,-0.4,0
39.2947638,91,0,18.9,0,0,0.034,0,-0.892,0.9,-0.1,0
39.3047638,96,0,18.9,0,0,0.034,0,-0.892,0.9,-0.1,0
39.3147638,91,0,18.9,0,0,0.034,0,-0.892,0.9,-0.1,0
39.3247638,85,0,18.9,0,0,0.034,0,-0.892,0.9,-0.1,0
39.3347638,94,0,18.9,0,0,0.034,0,-0.892,0.9,-0.1,0
39.3447638,96,0,18.9,0,0,0.025,-0.012,-1.022,-1.4,-0.4,0
39.3547638,95,0,18.9,0,0,0.025,-0.012,-1.022,-1.4,-0.4,0
39.3647638,95,0,18.9,0,0,0.025,-0.012,-1.022,-1.4,-0.4,0
39.3747638,87,0,18.9,0,0,0.025,-0.012,-1.022,-1.4,-0.4,0
39.3847638,89,0,18.9,0,0,0.025,-0.012,-1.022,-1.4,-0.4,0
39.3947638,94,0,18.9,0,0,0.028,-0.018,-1.025,-0.6,-1.3,0
39.4047638,89,0,18.9,0,0,0.028,-0.018,-1.025,-0.6,-1.3,0
39.4147638,92,0,18.9,0,0,0.028,-0.018,-1.025,-0.6,-1.3,0
39.4247638,87,0,18.9,0,0,0.028,-0.018,-1.025,-0.6,-1.3,0
39.4347638,84,0,18.9,0,0,0.028,-0.018,-1.025,-0.6,-1.3,0
39.4447638,93,0,18.8,0,0,0.031,-0.015,-0.988,-0.2,-0.1,0
39.4547638,93,0,18.8,0,0,0.031,-0.015,-0.988,-0.2,-0.1,0
39.4647638,93,0,18.8,0,0,0.031,-0.015,-0.988,-0.2,-0.1,0
39.4747638,93,0,18.8,0,0,0.031,-0.015,-0.988,-0.2,-0.1,0
39.4847638,85,0,18.8,0,0,0.031,-0.015,-0.988,-0.2,-0.1,0
39.4947638,90,0,18.8,0,0,0.022,-0.021,-1.088,0.9,-0.5,0
39.5047638,95,0,18.8,0,0,0.022,-0.021,-1.088,0.9,-0.5,0
39.5147638,90,0,18.8,0,0,0.022,-0.021,-1.088,0.9,-0.5,0
39.5247638,92,0,18.8,0,0,0.022,-0.021,-1.088,0.9,-0.5,0
39.5347638,91,0,18.8,0,0,0.022,-0.021,-1.088,0.9,-0.5,0
39.5447638,88,0,18.9,0,0,0.031,-0.008,-0.959,2.3,-1,0
39.5547638,93,0,18.9,0,0,0.031,-0.008,-0.959,2.3,-1,0
39.5647638,91,0,18.9,0,0,0.031,-0.008,-0.959,2.3,-1,0
39.5747638,93,0,18.9,0,0,0.031,-0.008,-0.959,2.3,-1,0
39.5847638,96,0,18.9,0,0,0.031,-0.008,-0.959,2.3,-1,0
39.5947638,85,0,18.9,0,0,0.032,-0.008,-0.934,0.3,0,0
39.6047638,86,0,18.9,0,0,0.032,-0.008,-0.934,0.3,0,0
39.6147638,92,0,18.9,0,0,0.032,-0.008,-0.934,0.3,0,0
39.6247638,91,0,18.9,0,0,0.032,-0.008,-0.934,0.3,0,0
39.6347638,93,0,18.9,0,0,0.032,-0.008,-0.934,0.3,0,0
39.6447638,86,-0.01,18.8,0,0,0.024,-0.017,-1.067,-1,-0.8,0
39.6547638,84,-0.01,18.8,0,0,0.024,-0.017,-1.067,-1,-0.8,0
39.6647638,96,-0.01,18.8,0,0,0.024,-0.017,-1.067,-1,-0.8,0
39.6747638,96,-0.01,18.8,0,0,0.024,-0.017,-1.067,-1,-0.8,0
39.6847638,91,-0.01,18.8,0,0,0.024,-0.017,-1.067,-1,-0.8,0
39.6947638,92,-0.01,18.8,0,0,0.03,-0.016,-0.992,-0.4,-1.1,0
39.7047638,89,-0.01,18.8,0,0,0.03,-0.016,-0.992,-0.4,-1.1,0
39.7147638,92,-0.01,18.8,0,0,0.03,-0.016,-0.992,-0.4,-1.1,0
39.7247638,94,-0.01,18.8,0,0,0.03,-0.016,-0.992,-0.4,-1.1,0
39.7347638,88,-0.01,18.8,0,0,0.03,-0.016,-0.992,-0.4,-1.1,0
39.7447638,91,0,18.9,0,0,0.029,-0.014,-1.004,-0.1,0,0
39.7547638,89,0,18.9,0,0,0.029,-0.014,-1.004,-0.1,0,0
39.7647638,87,0,18.9,0,0,0.029,-0.014,-1.004,-0.1,0,0
39.7747638,90,0,18.9,0,0,0.029,-0.014,-1.004,-0.1,0,0
39.7847638,91,0,18.9,0,0,0.029,-0.014,-1.004,-0.1,0,0
39.7947638,97,0.01,18.9,0,0,0.024,-0.019,-1.066,1.8,-1,0
39.8047638,96,0.01,18.9,0,0,0.024,-0.019,-1.066,1.8,-1,0
39.8147638,83,0.01,18.9,0,0,0.024,-0.019,-1.066,1.8,-1,0
39.8247638,87,0.01,18.9,0,0,0.024,-0.019,-1.066,1.8,-1,0
39.8347638,95,0.01,18.9,0,0,0.024,-0.019,-1.066,1.8,-1,0
39.8447638,96,0,18.9,0,0,0.032,-0.007,-0.932,2,-0.7,0
39.8547638,96,0,18.9,0,0,0.032,-0.007,-0.932,2,-0.7,0
39.8647638,86,0,18.9,0,0,0.032,-0.007,-0.932,2,-0.7,0
39.8747638,86,0,18.9,0,0,0.032,-0.007,-0.932,2,-0.7,0
39.8847638,99,0,18.9,0,0,0.032,-0.007,-0.932,2,-0.7,0
39.8947638,96,0,18.8,0,0,0.03,-0.009,-0.963,-0.9,0.1,0
39.9047638,89,0,18.8,0,0,0.03,-0.009,-0.963,-0.9,0.1,0
39.9147638,92,0,18.8,0,0,0.03,-0.009,-0.963,-0.9,0.1,0
39.9247638,88,0,18.8,0,0,0.03,-0.009,-0.963,-0.9,0.1,0
39.9347638,88,0,18.8,0,0,0.03,-0.009,-0.963,-0.9,0.1,0
39.9447638,91,-0.01,18.8,0,0,0.024,-0.017,-1.064,-1.1,-1,0
39.9547638,90,-0.01,18.8,0,0,0.024,-0.017,-1.064,-1.1,-1,0
39.9647638,96,-0.01,18.8,0,0,0.024,-0.017,-1.064,-1.1,-1,0
39.9747638,90,-0.01,18.8,0,0,0.024,-0.017,-1.064,-1.1,-1,0
39.9847638,84,-0.01,18.8,0,0,0.024,-0.017,-1.064,-1.1,-1,0
39.9947638,94,0,18.9,0,0,0.032,-0.016,-0.969,0,-0.9,0
40.0047638,96,0,18.9,0,0,0.032,-0.016,-0.969,0,-0.9,0
40.0147638,94,0,18.9,0,0,0.032,-0.016,-0.969,0,-0.9,0
40.0247638,93,0,18.9,0,0,0.032,-0.016,-0.969,0,-0.9,0
40.0347638,87,0,18.9,0,0,0.032,-0.016,-0.969,0,-0.9,0
40.0447638,89,0,18.8,0,0,0.025,-0.016,-1.041,0.3,-0.1,0
40.0547638,92,0,18.8,0,0,0.025,-0.016,-1.041,0.3,-0.1,0
40.0647638,89,0,18.8,0,0,0.025,-0.016,-1.041,0.3,-0.1,0
40.0747638,94,0,18.8,0,0,0.025,-0.016,-1.041,0.3,-0.1,0
40.0847638,88,0,18.8,0,0,0.025,-0.016,-1.041,0.3,-0.1,0
40.0947638,84,0,18.8,0,0,0.026,-0.019,-1.045,1.8,-1.1,0
40.1047638,92,0,18.8,0,0,0.026,-0.019,-1.045,1.8,-1.1,0
40.1147638,93,0,18.8,0,0,0.026,-0.019,-1.045,1.8,-1.1,0
40.1247638,93,0,18.8,0,0,0.026,-0.019,-1.045,1.8,-1.1,0
40.1347638,93,0,18.8,0,0,0.026,-0.019,-1.045,1.8,-1.1,0
40.1447638,85,0,18.9,0,0,0.033,-0.002,-0.902,1,-0.3,0
40.1547637999999,90,0,18.9,0,0,0.033,-0.002,-0.902,1,-0.3,0
40.1647638,96,0,18.9,0,0,0.033,-0.002,-0.902,1,-0.3,0
40.1747638,90,0,18.9,0,0,0.033,-0.002,-0.902,1,-0.3,0
40.1847637999999,92,0,18.9,0,0,0.033,-0.002,-0.902,1,-0.3,0
40.1947637999999,91,0,18.8,0,0,0.027,-0.012,-1.004,-1.2,0,0
40.2047637999999,89,0,18.8,0,0,0.027,-0.012,-1.004,-1.2,0,0
40.2147638,94,0,18.8,0,0,0.027,-0.012,-1.004,-1.2,0,0
40.2247637999999,91,0,18.8,0,0,0.027,-0.012,-1.004,-1.2,0,0
40.2347637999999,92,0,18.8,0,0,0.027,-0.012,-1.004,-1.2,0,0
40.2447637999999,95,0.01,18.8,0,0,0.027,-0.016,-1.031,-0.4,-1.3,0
40.2547637999999,86,0.01,18.8,0,0,0.027,-0.016,-1.031,-0.4,-1.3,0
40.2647637999999,87,0.01,18.8,0,0,0.027,-0.016,-1.031,-0.4,-1.3,0
40.2747637999999,92,0.01,18.8,0,0,0.027,-0.016,-1.031,-0.4,-1.3,0
40.2847637999999,91,0.01,18.8,0,0,0.027,-0.016,-1.031,-0.4,-1.3,0
40.2947637999999,94,0,18.8,0,0,0.031,-0.016,-0.969,0.4,-0.4,0
40.3047637999999,87,0,18.8,0,0,0.031,-0.016,-0.969,0.4,-0.4,0
40.3147637999999,85,0,18.8,0,0,0.031,-0.016,-0.969,0.4,-0.4,0
40.3247637999999,97,0,18.8,0,0,0.031,-0.016,-0.969,0.4,-0.4,0
40.3347637999999,97,0,18.8,0,0,0.031,-0.016,-0.969,0.4,-0.4,0
40.3447637999999,91,0,18.8,0,0,0.024,-0.018,-1.068,0.7,-0.1,0
40.3547637999999,92,0,18.8,0,0,0.024,-0.018,-1.068,0.7,-0.1,0
40.3647637999999,90,0,18.8,0,0,0.024,-0.018,-1.068,0.7,-0.1,0
40.3747637999999,93,0,18.8,0,0,0.024,-0.018,-1.068,0.7,-0.1,0
40.3847637999999,92,0,18.8,0,0,0.024,-0.018,-1.068,0.7,-0.1,0
40.3947637999999,89,0,18.9,0,0,0.028,-0.015,-1.023,1.8,-1,0
40.4047637999999,94,0,18.9,0,0,0.028,-0.015,-1.023,1.8,-1,0
40.4147637999999,90,0,18.9,0,0,0.028,-0.015,-1.023,1.8,-1,0
40.4247637999999,87,0,18.9,0,0,0.028,-0.015,-1.023,1.8,-1,0
40.4347637999999,91,0,18.9,0,0,0.028,-0.015,-1.023,1.8,-1,0
40.4447637999999,91,0,18.9,0,0,0.034,0,-0.881,0.6,-0.2,0
40.4547637999999,97,0,18.9,0,0,0.034,0,-0.881,0.6,-0.2,0
40.4647637999999,97,0,18.9,0,0,0.034,0,-0.881,0.6,-0.2,0
40.4747637999999,83,0,18.9,0,0,0.034,0,-0.881,0.6,-0.2,0
40.4847637999999,87,0,18.9,0,0,0.034,0,-0.881,0.6,-0.2,0
40.4947637999999,100,0,18.8,0,0,0.026,-0.01,-1.002,-1.2,-0.1,0
40.5047637999999,97,0,18.8,0,0,0.026,-0.01,-1.002,-1.2,-0.1,0
40.5147637999999,91,0,18.8,0,0,0.026,-0.01,-1.002,-1.2,-0.1,0
40.5247637999999,85,0,18.8,0,0,0.026,-0.01,-1.002,-1.2,-0.1,0
40.5347637999999,94,0,18.8,0,0,0.026,-0.01,-1.002,-1.2,-0.1,0
40.5447637999999,99,0,18.9,0,0,0.026,-0.019,-1.05,-1,-1.2,0
40.5547637999999,89,0,18.9,0,0,0.026,-0.019,-1.05,-1,-1.2,0
40.5647637999999,90,0,18.9,0,0,0.026,-0.019,-1.05,-1,-1.2,0
40.5747637999999,93,0,18.9,0,0,0.026,-0.019,-1.05,-1,-1.2,0
40.5847637999999,89,0,18.9,0,0,0.026,-0.019,-1.05,-1,-1.2,0
40.5947637999999,89,0,18.9,0,0,0.03,-0.015,-0.981,0,-0.4,0
40.6047637999999,90,0,18.9,0,0,0.03,-0.015,-0.981,0,-0.4,0
40.6147637999999,91,0,18.9,0,0,0.03,-0.015,-0.981,0,-0.4,0
40.6247637999999,97,0,18.9,0,0,0.03,-0.015,-0.981,0,-0.4,0
40.6347637999999,90,0,18.9,0,0,0.03,-0.015,-0.981,0,-0.4,0
40.6447637999999,89,0,18.8,0,0,0.025,-0.02,-1.067,0.6,0,0
40.6547637999999,95,0,18.8,0,0,0.025,-0.02,-1.067,0.6,0,0
40.6647637999999,92,0,18.8,0,0,0.025,-0.02,-1.067,0.6,0,0
40.6747637999999,95,0,18.8,0,0,0.025,-0.02,-1.067,0.6,0,0
40.6847637999999,91,0,18.8,0,0,0.025,-0.02,-1.067,0.6,0,0
40.6947637999999,87,0,18.8,0,0,0.028,-0.015,-1.023,2.5,-1.2,0
40.7047637999999,93,0,18.8,0,0,0.028,-0.015,-1.023,2.5,-1.2,0
40.7147637999999,92,0,18.8,0,0,0.028,-0.015,-1.023,2.5,-1.2,0
40.7247637999999,89,0,18.8,0,0,0.028,-0.015,-1.023,2.5,-1.2,0
40.7347637999999,95,0,18.8,0,0,0.028,-0.015,-1.023,2.5,-1.2,0
40.7447637999999,88,0,18.8,0,0,0.034,-0.003,-0.904,1.3,-0.2,0
40.7547637999999,86,0,18.8,0,0,0.034,-0.003,-0.904,1.3,-0.2,0
40.7647637999999,92,0,18.8,0,0,0.034,-0.003,-0.904,1.3,-0.2,0
40.7747637999999,91,0,18.8,0,0,0.034,-0.003,-0.904,1.3,-0.2,0
40.7847637999999,94,0,18.8,0,0,0.034,-0.003,-0.904,1.3,-0.2,0
40.7947637999999,92,0,18.8,0,0,0.027,-0.012,-1.024,-1.5,-0.1,0
40.8047637999999,86,0,18.8,0,0,0.027,-0.012,-1.024,-1.5,-0.1,0
40.8147637999999,92,0,18.8,0,0,0.027,-0.012,-1.024,-1.5,-0.1,0
40.8247637999999,95,0,18.8,0,0,0.027,-0.012,-1.024,-1.5,-0.1,0
40.8347637999999,90,0,18.8,0,0,0.027,-0.012,-1.024,-1.5,-0.1,0
40.8447637999999,93,0,18.9,0,0,0.027,-0.016,-1.026,-1,-1.3,0
40.8547637999999,91,0,18.9,0,0,0.027,-0.016,-1.026,-1,-1.3,0
40.8647637999999,91,0,18.9,0,0,0.027,-0.016,-1.026,-1,-1.3,0
40.8747637999999,93,0,18.9,0,0,0.027,-0.016,-1.026,-1,-1.3,0
40.8847637999999,89,0,18.9,0,0,0.027,-0.016,-1.026,-1,-1.3,0
40.8947637999999,93,0.01,18.8,0,0,0.03,-0.014,-0.97,-0.1,-0.2,0
40.9047637999999,91,0.01,18.8,0,0,0.03,-0.014,-0.97,-0.1,-0.2,0
40.9147637999999,85,0.01,18.8,0,0,0.03,-0.014,-0.97,-0.1,-0.2,0
40.9247637999999,90,0.01,18.8,0,0,0.03,-0.014,-0.97,-0.1,-0.2,0
40.9347637999999,93,0.01,18.8,0,0,0.03,-0.014,-0.97,-0.1,-0.2,0
40.9447637999999,91,0,18.8,0,0,0.023,-0.02,-1.079,1,-0.4,0
40.9547637999999,93,0,18.8,0,0,0.023,-0.02,-1.079,1,-0.4,0
40.9647637999999,87,0,18.8,0,0,0.023,-0.02,-1.079,1,-0.4,0
40.9747637999999,91,0,18.8,0,0,0.023,-0.02,-1.079,1,-0.4,0
40.9847637999999,96,0,18.8,0,0,0.023,-0.02,-1.079,1,-0.4,0
40.9947637999999,91,0,18.9,0,0,0.028,-0.014,-1.008,2.7,-1,0
41.0047637999999,91,0,18.9,0,0,0.028,-0.014,-1.008,2.7,-1,0
41.0147637999999,90,0,18.9,0,0,0.028,-0.014,-1.008,2.7,-1,0
41.0247637999999,89,0,18.9,0,0,0.028,-0.014,-1.008,2.7,-1,0
41.0347637999999,94,0,18.9,0,0,0.028,-0.014,-1.008,2.7,-1,0
41.0447637999999,92,0,18.8,0,0,0.033,-0.003,-0.904,0.6,-0.1,0
41.0547637999999,89,0,18.8,0,0,0.033,-0.003,-0.904,0.6,-0.1,0
41.0647637999999,94,0,18.8,0,0,0.033,-0.003,-0.904,0.6,-0.1,0
41.0747637999999,89,0,18.8,0,0,0.033,-0.003,-0.904,0.6,-0.1,0
41.0847637999999,87,0,18.8,0,0,0.033,-0.003,-0.904,0.6,-0.1,0
41.0947637999999,91,0,18.8,0,0,0.026,-0.014,-1.028,-1.9,-0.1,0
41.1047637999999,91,0,18.8,0,0,0.026,-0.014,-1.028,-1.9,-0.1,0
41.1147637999999,97,0,18.8,0,0,0.026,-0.014,-1.028,-1.9,-0.1,0
41.1247637999999,91,0,18.8,0,0,0.026,-0.014,-1.028,-1.9,-0.1,0
41.1347637999999,83,0,18.8,0,0,0.026,-0.014,-1.028,-1.9,-0.1,0
41.1447637999999,93,0,18.9,0,0,0.027,-0.016,-1.017,-0.7,-1.5,0
41.1547637999999,100,0,18.9,0,0,0.027,-0.016,-1.017,-0.7,-1.5,0
41.1647637999999,95,0,18.9,0,0,0.027,-0.016,-1.017,-0.7,-1.5,0
41.1747637999999,91,0,18.9,0,0,0.027,-0.016,-1.017,-0.7,-1.5,0
41.1847637999999,87,0,18.9,0,0,0.027,-0.016,-1.017,-0.7,-1.5,0
41.1947637999999,94,0,18.8,0,0,0.031,-0.016,-0.985,0.2,-0.3,0
41.2047637999999,99,0,18.8,0,0,0.031,-0.016,-0.985,0.2,-0.3,0
41.2147637999999,89,0,18.8,0,0,0.031,-0.016,-0.985,0.2,-0.3,0
41.2247637999999,90,0,18.8,0,0,0.031,-0.016,-0.985,0.2,-0.3,0
41.2347637999999,90,0,18.8,0,0,0.031,-0.016,-0.985,0.2,-0.3,0
41.2447637999999,89,0,18.9,0,0,0.024,-0.02,-1.075,0.7,-0.3,0
41.2547637999999,91,0,18.9,0,0,0.024,-0.02,-1.075,0.7,-0.3,0
41.2647637999999,90,0,18.9,0,0,0.024,-0.02,-1.075,0.7,-0.3,0
41.2747637999999,96,0,18.9,0,0,0.024,-0.02,-1.075,0.7,-0.3,0
41.2847637999999,97,0,18.9,0,0,0.024,-0.02,-1.075,0.7,-0.3,0
41.2947637999999,85,0,18.9,0,0,0.029,-0.012,-0.997,2.3,-1,0
41.3047637999999,88,0,18.9,0,0,0.029,-0.012,-0.997,2.3,-1,0
41.3147637999999,95,0,18.9,0,0,0.029,-0.012,-0.997,2.3,-1,0
41.3247637999999,92,0,18.9,0,0,0.029,-0.012,-0.997,2.3,-1,0
41.3347637999999,94,0,18.9,0,0,0.029,-0.012,-0.997,2.3,-1,0
41.3447637999999,95,0,18.9,0,0,0.025,-0.014,-1.031,-1,-0.4,0
41.3547637999999,84,0,18.9,0,0,0.025,-0.014,-1.031,-1,-0.4,0
41.3647637999999,86,0,18.9,0,0,0.025,-0.014,-1.031,-1,-0.4,0
41.3747637999999,93,0,18.9,0,0,0.025,-0.014,-1.031,-1,-0.4,0
41.3847637999999,91,0,18.9,0,0,0.025,-0.014,-1.031,-1,-0.4,0
41.4108797,93,0,18.9,0,0,0.028,-0.017,-1.013,0,-1.4,0
41.4208797,88,0,18.9,0,0,0.028,-0.017,-1.013,0,-1.4,0
41.4308797,86,0,18.9,0,0,0.028,-0.017,-1.013,0,-1.4,0
41.4408797,95,0,18.9,0,0,0.028,-0.017,-1.013,0,-1.4,0
41.4508797,94,0,18.9,0,0,0.028,-0.017,-1.013,0,-1.4,0
41.4608797,91,0,18.8,0,0,0.029,-0.015,-0.996,-0.1,-0.2,0
41.4708797,93,0,18.8,0,0,0.029,-0.015,-0.996,-0.1,-0.2,0
41.4808797,89,0,18.8,0,0,0.029,-0.015,-0.996,-0.1,-0.2,0
41.4908797,91,0,18.8,0,0,0.029,-0.015,-0.996,-0.1,-0.2,0
41.5008797,93,0,18.8,0,0,0.029,-0.015,-0.996,-0.1,-0.2,0
41.5108797,89,0,18.9,0,0,0.023,-0.02,-1.08,0.7,-0.5,0
41.5208797,93,0,18.9,0,0,0.023,-0.02,-1.08,0.7,-0.5,0
41.5308797,89,0,18.9,0,0,0.023,-0.02,-1.08,0.7,-0.5,0
41.5408797,84,0,18.9,0,0,0.023,-0.02,-1.08,0.7,-0.5,0
41.5508797,93,0,18.9,0,0,0.023,-0.02,-1.08,0.7,-0.5,0
41.5608797,93,0,18.8,0,0,0.033,-0.007,-0.938,2.2,-1,0
41.5708797,92,0,18.8,0,0,0.033,-0.007,-0.938,2.2,-1,0
41.5808797,92,0,18.8,0,0,0.033,-0.007,-0.938,2.2,-1,0
41.5908797,85,0,18.8,0,0,0.033,-0.007,-0.938,2.2,-1,0
41.6008797,91,0,18.8,0,0,0.033,-0.007,-0.938,2.2,-1,0
41.6108797,96,0,18.9,0,0,0.032,-0.003,-0.93,0.3,0,0
41.6208797,91,0,18.9,0,0,0.032,-0.003,-0.93,0.3,0,0
41.6308797,92,0,18.9,0,0,0.032,-0.003,-0.93,0.3,0,0
41.6408797,90,0,18.9,0,0,0.032,-0.003,-0.93,0.3,0,0
41.6508797,89,0,18.9,0,0,0.032,-0.003,-0.93,0.3,0,0
41.6608797,95,0,18.9,0,0,0.024,-0.016,-1.053,-1.3,-0.7,0
41.6708797,93,0,18.9,0,0,0.024,-0.016,-1.053,-1.3,-0.7,0
41.6808797,91,0,18.9,0,0,0.024,-0.016,-1.053,-1.3,-0.7,0
41.6908797,94,0,18.9,0,0,0.024,-0.016,-1.053,-1.3,-0.7,0
41.7008797,87,0,18.9,0,0,0.024,-0.016,-1.053,-1.3,-0.7,0
41.7108797,86,0,18.8,0,0,0.03,-0.017,-1.004,-0.3,-1,0
41.7208797,91,0,18.8,0,0,0.03,-0.017,-1.004,-0.3,-1,0
41.7308797,91,0,18.8,0,0,0.03,-0.017,-1.004,-0.3,-1,0
41.7408797,97,0,18.8,0,0,0.03,-0.017,-1.004,-0.3,-1,0
41.7508797,89,0,18.8,0,0,0.03,-0.017,-1.004,-0.3,-1,0
41.7608797,83,0,18.9,0,0,0.03,-0.016,-1.002,-0.1,0,0
41.7708797,95,0,18.9,0,0,0.03,-0.016,-1.002,-0.1,0,0
41.7808797,101,0,18.9,0,0,0.03,-0.016,-1.002,-0.1,0,0
41.7908797,96,0,18.9,0,0,0.03,-0.016,-1.002,-0.1,0,0
41.8008797,92,0,18.9,0,0,0.03,-0.016,-1.002,-0.1,0,0
41.8108797,88,0,18.9,0,0,0.024,-0.02,-1.073,1.4,-0.7,0
41.8208797,94,0,18.9,0,0,0.024,-0.02,-1.073,1.4,-0.7,0
41.8308797,96,0,18.9,0,0,0.024,-0.02,-1.073,1.4,-0.7,0
41.8408797,89,0,18.9,0,0,0.024,-0.02,-1.073,1.4,-0.7,0
41.8508797,93,0,18.9,0,0,0.024,-0.02,-1.073,1.4,-0.7,0
41.8608797,89,0,18.8,0,0,0.032,-0.008,-0.952,2.3,-1,0
41.8708797,88,0,18.8,0,0,0.032,-0.008,-0.952,2.3,-1,0
41.8808797,91,0,18.8,0,0,0.032,-0.008,-0.952,2.3,-1,0
41.8908797,91,0,18.8,0,0,0.032,-0.008,-0.952,2.3,-1,0
41.9008797,96,0,18.8,0,0,0.032,-0.008,-0.952,2.3,-1,0
41.932819,96,0,18.9,0,0,0.032,-0.004,-0.928,-0.5,0.1,0
41.942819,85,0,18.9,0,0,0.032,-0.004,-0.928,-0.5,0.1,0
41.952819,88,0,18.9,0,0,0.032,-0.004,-0.928,-0.5,0.1,0
41.962819,95,0,18.9,0,0,0.032,-0.004,-0.928,-0.5,0.1,0
41.972819,92,0,18.9,0,0,0.032,-0.004,-0.928,-0.5,0.1,0
41.982819,94,-0.01,18.8,0,0,0.024,-0.015,-1.045,-1.4,-0.7,0
41.992819,89,-0.01,18.8,0,0,0.024,-0.015,-1.045,-1.4,-0.7,0
42.002819,90,-0.01,18.8,0,0,0.024,-0.015,-1.045,-1.4,-0.7,0
42.012819,95,-0.01,18.8,0,0,0.024,-0.015,-1.045,-1.4,-0.7,0
42.022819,90,-0.01,18.8,0,0,0.024,-0.015,-1.045,-1.4,-0.7,0
42.032819,92,0,18.9,0,0,0.03,-0.016,-0.989,0,-1.1,0
42.042819,93,0,18.9,0,0,0.03,-0.016,-0.989,0,-1.1,0
42.052819,85,0,18.9,0,0,0.03,-0.016,-0.989,0,-1.1,0
42.062819,88,0,18.9,0,0,0.03,-0.016,-0.989,0,-1.1,0
42.072819,92,0,18.9,0,0,0.03,-0.016,-0.989,0,-1.1,0
42.082819,91,0,18.8,0,0,0.027,-0.017,-1.014,0.4,0,0
42.092819,94,0,18.8,0,0,0.027,-0.017,-1.014,0.4,0,0
42.102819,88,0,18.8,0,0,0.027,-0.017,-1.014,0.4,0,0
42.112819,90,0,18.8,0,0,0.027,-0.017,-1.014,0.4,0,0
42.122819,95,0,18.8,0,0,0.027,-0.017,-1.014,0.4,0,0
42.132819,91,0,18.8,0,0,0.032,-0.007,-0.94,1.8,-0.9,0
42.142819,89,0,18.8,0,0,0.032,-0.007,-0.94,1.8,-0.9,0
42.152819,95,0,18.8,0,0,0.032,-0.007,-0.94,1.8,-0.9,0
42.162819,89,0,18.8,0,0,0.032,-0.007,-0.94,1.8,-0.9,0
42.172819,86,0,18.8,0,0,0.032,-0.007,-0.94,1.8,-0.9,0
42.198417,92,-0.01,18.8,0,0,0.031,-0.005,-0.946,-1,0.2,0
42.208417,90,-0.01,18.8,0,0,0.031,-0.005,-0.946,-1,0.2,0
42.218417,92,-0.01,18.8,0,0,0.031,-0.005,-0.946,-1,0.2,0
42.228417,92,-0.01,18.8,0,0,0.031,-0.005,-0.946,-1,0.2,0
42.238417,85,-0.01,18.8,0,0,0.031,-0.005,-0.946,-1,0.2,0
42.248417,91,0,18.9,0,0,0.026,-0.015,-1.042,-1.2,-1,0
42.258417,97,0,18.9,0,0,0.026,-0.015,-1.042,-1.2,-1,0
42.268417,91,0,18.9,0,0,0.026,-0.015,-1.042,-1.2,-1,0
42.278417,92,0,18.9,0,0,0.026,-0.015,-1.042,-1.2,-1,0
42.288417,89,0,18.9,0,0,0.026,-0.015,-1.042,-1.2,-1,0
42.3005158,92,0,18.8,0,0,0.024,-0.017,-1.049,2,-1,0
42.3105158,95,0,18.8,0,0,0.024,-0.017,-1.049,2,-1,0
42.3205158,89,0,18.8,0,0,0.024,-0.017,-1.049,2,-1,0
42.3305158,92,0,18.8,0,0,0.024,-0.017,-1.049,2,-1,0
42.3405158,93,0,18.8,0,0,0.024,-0.017,-1.049,2,-1,0
42.3505158,87,0,18.8,0,0,0.034,-0.004,-0.913,1.9,-0.6,0
42.3605158,88,0,18.8,0,0,0.034,-0.004,-0.913,1.9,-0.6,0
42.3705158,91,0,18.8,0,0,0.034,-0.004,-0.913,1.9,-0.6,0
42.3805158,92,0,18.8,0,0,0.034,-0.004,-0.913,1.9,-0.6,0
42.3905158,97,0,18.8,0,0,0.034,-0.004,-0.913,1.9,-0.6,0
42.4005158,88,0,18.8,0,0,0.027,-0.009,-0.988,-1.2,0,0
42.4105158,87,0,18.8,0,0,0.027,-0.009,-0.988,-1.2,0,0
42.4205158,95,0,18.8,0,0,0.027,-0.009,-0.988,-1.2,0,0
42.4305158,96,0,18.8,0,0,0.027,-0.009,-0.988,-1.2,0,0
42.4405158,96,0,18.8,0,0,0.027,-0.009,-0.988,-1.2,0,0
42.4669863,86,0,18.8,0,0,0.024,-0.016,-1.047,-1.4,-1,0
42.4769863,87,0,18.8,0,0,0.024,-0.016,-1.047,-1.4,-1,0
42.4869863,99,0,18.8,0,0,0.024,-0.016,-1.047,-1.4,-1,0
42.4969863,96,0,18.8,0,0,0.024,-0.016,-1.047,-1.4,-1,0
42.5069863,90,0,18.8,0,0,0.024,-0.016,-1.047,-1.4,-1,0
42.5169863,93,0,18.9,0,0,0.032,-0.014,-0.974,0,-0.7,0
42.5269863,88,0,18.9,0,0,0.032,-0.014,-0.974,0,-0.7,0
42.5369863,88,0,18.9,0,0,0.032,-0.014,-0.974,0,-0.7,0
42.5469863,92,0,18.9,0,0,0.032,-0.014,-0.974,0,-0.7,0
42.5569863,91,0,18.9,0,0,0.032,-0.014,-0.974,0,-0.7,0
42.5669863,96,0,18.8,0,0,0.025,-0.019,-1.052,0.6,0,0
42.5769863,90,0,18.8,0,0,0.025,-0.019,-1.052,0.6,0,0
42.5869863,84,0,18.8,0,0,0.025,-0.019,-1.052,0.6,0,0
42.5969863,95,0,18.8,0,0,0.025,-0.019,-1.052,0.6,0,0
42.6069863,97,0,18.8,0,0,0.025,-0.019,-1.052,0.6,0,0
42.6169863,94,0,18.9,0,0,0.025,-0.017,-1.052,2.1,-0.9,0
42.6269863,94,0,18.9,0,0,0.025,-0.017,-1.052,2.1,-0.9,0
42.6369863,87,0,18.9,0,0,0.025,-0.017,-1.052,2.1,-0.9,0
42.6469863,90,0,18.9,0,0,0.025,-0.017,-1.052,2.1,-0.9,0
42.6569863,95,0,18.9,0,0,0.025,-0.017,-1.052,2.1,-0.9,0
42.6669863,90,0,18.8,0,0,0.035,-0.003,-0.911,1.5,-0.6,0
42.6769863,93,0,18.8,0,0,0.035,-0.003,-0.911,1.5,-0.6,0
42.6869863,88,0,18.8,0,0,0.035,-0.003,-0.911,1.5,-0.6,0
42.6969863,84,0,18.8,0,0,0.035,-0.003,-0.911,1.5,-0.6,0
42.7069863,93,0,18.8,0,0,0.035,-0.003,-0.911,1.5,-0.6,0
42.7169863,93,0,18.8,0,0,0.027,-0.01,-0.985,-1.5,0.1,0
42.7269863,93,0,18.8,0,0,0.027,-0.01,-0.985,-1.5,0.1,0
42.7369863,93,0,18.8,0,0,0.027,-0.01,-0.985,-1.5,0.1,0
42.7469863,86,0,18.8,0,0,0.027,-0.01,-0.985,-1.5,0.1,0
42.7569863,91,0,18.8,0,0,0.027,-0.01,-0.985,-1.5,0.1,0
42.7669863,96,0,18.9,0,0,0.024,-0.015,-1.039,-1,-1.2,0
42.7769863,90,0,18.9,0,0,0.024,-0.015,-1.039,-1,-1.2,0
42.7869863,92,0,18.9,0,0,0.024,-0.015,-1.039,-1,-1.2,0
42.7969863,90,0,18.9,0,0,0.024,-0.015,-1.039,-1,-1.2,0
42.8069863,89,0,18.9,0,0,0.024,-0.015,-1.039,-1,-1.2,0
42.8169863,93,0,18.8,0,0,0.031,-0.015,-0.981,0.1,-0.7,0
42.8269863,92,0,18.8,0,0,0.031,-0.015,-0.981,0.1,-0.7,0
42.8369863,93,0,18.8,0,0,0.031,-0.015,-0.981,0.1,-0.7,0
42.8469863,95,0,18.8,0,0,0.031,-0.015,-0.981,0.1,-0.7,0
42.8569863,85,0,18.8,0,0,0.031,-0.015,-0.981,0.1,-0.7,0
42.8669863,86,0,18.8,0,0,0.025,-0.02,-1.056,0.3,-0.1,0
42.8769863,92,0,18.8,0,0,0.025,-0.02,-1.056,0.3,-0.1,0
42.8869863,90,0,18.8,0,0,0.025,-0.02,-1.056,0.3,-0.1,0
42.8969863,92,0,18.8,0,0,0.025,-0.02,-1.056,0.3,-0.1,0
42.9069863,86,0,18.8,0,0,0.025,-0.02,-1.056,0.3,-0.1,0
42.9169863,85,0,18.8,0,0,0.026,-0.017,-1.041,2,-1,0
42.9269863,96,0,18.8,0,0,0.026,-0.017,-1.041,2,-1,0
42.9369863,96,0,18.8,0,0,0.026,-0.017,-1.041,2,-1,0
42.9469863,91,0,18.8,0,0,0.026,-0.017,-1.041,2,-1,0
42.9569863,91,0,18.8,0,0,0.026,-0.017,-1.041,2,-1,0
42.9669863,88,0.01,18.9,0,0,0.035,-0.003,-0.899,1.3,-0.3,0
42.9769863,92,0.01,18.9,0,0,0.035,-0.003,-0.899,1.3,-0.3,0
42.9869863,94,0.01,18.9,0,0,0.035,-0.003,-0.899,1.3,-0.3,0
42.9969863,88,0.01,18.9,0,0,0.035,-0.003,-0.899,1.3,-0.3,0
43.0069863,92,0.01,18.9,0,0,0.035,-0.003,-0.899,1.3,-0.3,0
43.0169863,89,0,18.8,0,0,0.026,-0.011,-1.007,-0.9,-0.2,0
43.0269863,86,0,18.8,0,0,0.026,-0.011,-1.007,-0.9,-0.2,0
43.0369863,90,0,18.8,0,0,0.026,-0.011,-1.007,-0.9,-0.2,0
43.0469863,91,0,18.8,0,0,0.026,-0.011,-1.007,-0.9,-0.2,0
43.0569863,96,0,18.8,0,0,0.026,-0.011,-1.007,-0.9,-0.2,0
43.0669863,96,0,18.9,0,0,0.028,-0.019,-1.034,-0.1,-1.4,0
43.0769863,83,0,18.9,0,0,0.028,-0.019,-1.034,-0.1,-1.4,0
43.0869863,87,0,18.9,0,0,0.028,-0.019,-1.034,-0.1,-1.4,0
43.0969863,100,0,18.9,0,0,0.028,-0.019,-1.034,-0.1,-1.4,0
43.1069863,96,0,18.9,0,0,0.028,-0.019,-1.034,-0.1,-1.4,0
43.1345432,90,0,18.9,0,0,0.024,-0.02,-1.067,0.4,-0.1,0
43.1445432,93,0,18.9,0,0,0.024,-0.02,-1.067,0.4,-0.1,0
43.1545432,88,0,18.9,0,0,0.024,-0.02,-1.067,0.4,-0.1,0
43.1645432,88,0,18.9,0,0,0.024,-0.02,-1.067,0.4,-0.1,0
43.1745432,90,0,18.9,0,0,0.024,-0.02,-1.067,0.4,-0.1,0
43.1845432,90,0,18.9,0,0,0.03,-0.009,-0.975,2.4,-1.3,0
43.1945432,96,0,18.9,0,0,0.03,-0.009,-0.975,2.4,-1.3,0
43.2045432,90,0,18.9,0,0,0.03,-0.009,-0.975,2.4,-1.3,0
43.2145432,84,0,18.9,0,0,0.03,-0.009,-0.975,2.4,-1.3,0
43.2245432,94,0,18.9,0,0,0.03,-0.009,-0.975,2.4,-1.3,0
43.2365752,96,0,18.8,0,0,0.033,-0.004,-0.918,0.6,0,0
43.2465752,94,0,18.8,0,0,0.033,-0.004,-0.918,0.6,0,0
43.2565752,93,0,18.8,0,0,0.033,-0.004,-0.918,0.6,0,0
43.2665752,87,0,18.8,0,0,0.033,-0.004,-0.918,0.6,0,0
43.2765752,90,0,18.8,0,0,0.033,-0.004,-0.918,0.6,0,0
43.2865752,92,0,18.9,0,0,0.024,-0.015,-1.041,-1.4,-0.4,0
43.2965752,89,0,18.9,0,0,0.024,-0.015,-1.041,-1.4,-0.4,0
43.3065752,95,0,18.9,0,0,0.024,-0.015,-1.041,-1.4,-0.4,0
43.3165752,87,0,18.9,0,0,0.024,-0.015,-1.041,-1.4,-0.4,0
43.3265752,83,0,18.9,0,0,0.024,-0.015,-1.041,-1.4,-0.4,0
43.3365752,93,0,18.9,0,0,0.029,-0.017,-1.009,-0.3,-1.2,0
43.3465752,93,0,18.9,0,0,0.029,-0.017,-1.009,-0.3,-1.2,0
43.3565752,92,0,18.9,0,0,0.029,-0.017,-1.009,-0.3,-1.2,0
43.3665752,92,0,18.9,0,0,0.029,-0.017,-1.009,-0.3,-1.2,0
43.3765752,85,0,18.9,0,0,0.029,-0.017,-1.009,-0.3,-1.2,0
43.3865752,91,0,18.8,0,0,0.029,-0.014,-0.992,-0.1,0,0
43.3965752,95,0,18.8,0,0,0.029,-0.014,-0.992,-0.1,0,0
43.4065752,90,0,18.8,0,0,0.029,-0.014,-0.992,-0.1,0,0
43.4165752,94,0,18.8,0,0,0.029,-0.014,-0.992,-0.1,0,0
43.4265752,91,0,18.8,0,0,0.029,-0.014,-0.992,-0.1,0,0
43.4365752,89,0,18.9,0,0,0.024,-0.02,-1.074,1.2,-0.6,0.1
43.4465752,92,0,18.9,0,0,0.024,-0.02,-1.074,1.2,-0.6,0.1
43.4565752,91,0,18.9,0,0,0.024,-0.02,-1.074,1.2,-0.6,0.1
43.4665752,93,0,18.9,0,0,0.024,-0.02,-1.074,1.2,-0.6,0.1
43.4765752,95,0,18.9,0,0,0.024,-0.02,-1.074,1.2,-0.6,0.1
43.5049078,85,0,18.9,0,0,0.032,-0.008,-0.96,2.5,-1,0
43.5149078,86,0,18.9,0,0,0.032,-0.008,-0.96,2.5,-1,0
43.5249078,92,0,18.9,0,0,0.032,-0.008,-0.96,2.5,-1,0
43.5349078,90,0,18.9,0,0,0.032,-0.008,-0.96,2.5,-1,0
43.5449078,92,0,18.9,0,0,0.032,-0.008,-0.96,2.5,-1,0
43.5549078,87,-0.01,18.8,0,0,0.032,-0.006,-0.935,-0.5,0.1,0
43.5649078,85,-0.01,18.8,0,0,0.032,-0.006,-0.935,-0.5,0.1,0
43.5749078,96,-0.01,18.8,0,0,0.032,-0.006,-0.935,-0.5,0.1,0
43.5849078,97,-0.01,18.8,0,0,0.032,-0.006,-0.935,-0.5,0.1,0
43.5949078,92,-0.01,18.8,0,0,0.032,-0.006,-0.935,-0.5,0.1,0
43.6049078,92,0,18.9,0,0,0.026,-0.015,-1.048,-1.5,-0.6,0
43.6149078,90,0,18.9,0,0,0.026,-0.015,-1.048,-1.5,-0.6,0
43.6249078,93,0,18.9,0,0,0.026,-0.015,-1.048,-1.5,-0.6,0
43.6349078,92,0,18.9,0,0,0.026,-0.015,-1.048,-1.5,-0.6,0
43.6449078,89,0,18.9,0,0,0.026,-0.015,-1.048,-1.5,-0.6,0
43.6549078,94,0.01,18.8,0,0,0.03,-0.016,-0.989,0,-1.2,0
43.6649078,89,0.01,18.8,0,0,0.03,-0.016,-0.989,0,-1.2,0
43.6749078,86,0.01,18.8,0,0,0.03,-0.016,-0.989,0,-1.2,0
43.6849078,91,0.01,18.8,0,0,0.03,-0.016,-0.989,0,-1.2,0
43.6949078,92,0.01,18.8,0,0,0.03,-0.016,-0.989,0,-1.2,0
43.7314085,97,0,18.8,0,0,0.029,-0.016,-1.011,0.6,0,0
43.7414085,97,0,18.8,0,0,0.029,-0.016,-1.011,0.6,0,0
43.7514085,83,0,18.8,0,0,0.029,-0.016,-1.011,0.6,0,0
43.7614085,87,0,18.8,0,0,0.029,-0.016,-1.011,0.6,0,0
43.7714085,100,0,18.8,0,0,0.029,-0.016,-1.011,0.6,0,0
43.7814085,97,0,18.9,0,0,0.023,-0.02,-1.076,1.5,-0.6,0
43.7914085,92,0,18.9,0,0,0.023,-0.02,-1.076,1.5,-0.6,0
43.8014085,86,0,18.9,0,0,0.023,-0.02,-1.076,1.5,-0.6,0
43.8114085,94,0,18.9,0,0,0.023,-0.02,-1.076,1.5,-0.6,0
43.8214085,99,0,18.9,0,0,0.023,-0.02,-1.076,1.5,-0.6,0
43.8314085,89,0,18.8,0,0,0.032,-0.007,-0.949,2,-0.9,0
43.8414085,90,0,18.8,0,0,0.032,-0.007,-0.949,2,-0.9,0
43.8514085,92,0,18.8,0,0,0.032,-0.007,-0.949,2,-0.9,0
43.8614085,88,0,18.8,0,0,0.032,-0.007,-0.949,2,-0.9,0
43.8714085,89,0,18.8,0,0,0.032,-0.007,-0.949,2,-0.9,0
43.8814085,91,0,18.8,0,0,0.032,-0.004,-0.927,-0.8,0.3,0
43.8914085,90,0,18.8,0,0,0.032,-0.004,-0.927,-0.8,0.3,0
43.9014085,97,0,18.8,0,0,0.032,-0.004,-0.927,-0.8,0.3,0
43.9114085,91,0,18.8,0,0,0.032,-0.004,-0.927,-0.8,0.3,0
43.9214085,88,0,18.8,0,0,0.032,-0.004,-0.927,-0.8,0.3,0
43.9314085,94,0,18.9,0,0,0.024,-0.014,-1.041,-1.5,-0.9,0
43.9414085,92,0,18.9,0,0,0.024,-0.014,-1.041,-1.5,-0.9,0
43.9514085,95,0,18.9,0,0,0.024,-0.014,-1.041,-1.5,-0.9,0
43.9614085,89,0,18.9,0,0,0.024,-0.014,-1.041,-1.5,-0.9,0
43.9714085,87,0,18.9,0,0,0.024,-0.014,-1.041,-1.5,-0.9,0
43.9814085,95,0,18.8,0,0,0.03,-0.018,-1.003,-0.2,-1.1,0
43.9914085,93,0,18.8,0,0,0.03,-0.018,-1.003,-0.2,-1.1,0
44.0014085,93,0,18.8,0,0,0.03,-0.018,-1.003,-0.2,-1.1,0
44.0114085,95,0,18.8,0,0,0.03,-0.018,-1.003,-0.2,-1.1,0
44.0214085,84,0,18.8,0,0,0.03,-0.018,-1.003,-0.2,-1.1,0
44.0314085,85,0,18.9,0,0,0.028,-0.016,-1.017,0,0,0
44.0414085,92,0,18.9,0,0,0.028,-0.016,-1.017,0,0,0
44.0514085,91,0,18.9,0,0,0.028,-0.016,-1.017,0,0,0
44.0614085,93,0,18.9,0,0,0.028,-0.016,-1.017,0,0,0
44.0714085,89,0,18.9,0,0,0.028,-0.016,-1.017,0,0,0
44.0814085,86,0,18.9,0,0,0.023,-0.02,-1.077,1.5,-0.7,0
44.0914085,94,0,18.9,0,0,0.023,-0.02,-1.077,1.5,-0.7,0
44.1014085,94,0,18.9,0,0,0.023,-0.02,-1.077,1.5,-0.7,0
44.1114085,90,0,18.9,0,0,0.023,-0.02,-1.077,1.5,-0.7,0
44.1214085,94,0,18.9,0,0,0.023,-0.02,-1.077,1.5,-0.7,0
44.1314085,91,0,18.8,0,0,0.033,-0.006,-0.924,2.2,-0.7,0
44.1414085,90,0,18.8,0,0,0.033,-0.006,-0.924,2.2,-0.7,0
44.1514085,92,0,18.8,0,0,0.033,-0.006,-0.924,2.2,-0.7,0
44.1614085,89,0,18.8,0,0,0.033,-0.006,-0.924,2.2,-0.7,0
44.1714085,93,0,18.8,0,0,0.033,-0.006,-0.924,2.2,-0.7,0
44.1814085,90,0.01,18.8,0,0,0.03,-0.007,-0.955,-0.3,0,0
44.1914085,85,0.01,18.8,0,0,0.03,-0.007,-0.955,-0.3,0,0
44.2014085,92,0.01,18.8,0,0,0.03,-0.007,-0.955,-0.3,0,0
44.2114085,93,0.01,18.8,0,0,0.03,-0.007,-0.955,-0.3,0,0
44.2214085,90,0.01,18.8,0,0,0.03,-0.007,-0.955,-0.3,0,0
44.2314085,92,0,18.8,0,0,0.024,-0.019,-1.064,-1,-1.2,0
44.2414085,87,0,18.8,0,0,0.024,-0.019,-1.064,-1,-1.2,0
44.2514085,90,0,18.8,0,0,0.024,-0.019,-1.064,-1,-1.2,0
44.2614085,96,0,18.8,0,0,0.024,-0.019,-1.064,-1,-1.2,0
44.2714085,91,0,18.8,0,0,0.024,-0.019,-1.064,-1,-1.2,0
44.2814085,92,-0.01,18.9,0,0,0.03,-0.015,-0.986,-0.4,-1,0
44.2914085,91,-0.01,18.9,0,0,0.03,-0.015,-0.986,-0.4,-1,0
44.3014085,90,-0.01,18.9,0,0,0.03,-0.015,-0.986,-0.4,-1,0
44.3114085,94,-0.01,18.9,0,0,0.03,-0.015,-0.986,-0.4,-1,0
44.3214085,92,-0.01,18.9,0,0,0.03,-0.015,-0.986,-0.4,-1,0
44.3314085,89,0,18.9,0,0,0.028,-0.017,-1.024,0,0.1,0
44.3414085,94,0,18.9,0,0,0.028,-0.017,-1.024,0,0.1,0
44.3514085,89,0,18.9,0,0,0.028,-0.017,-1.024,0,0.1,0
44.3614085,86,0,18.9,0,0,0.028,-0.017,-1.024,0,0.1,0
44.3714085,90,0,18.9,0,0,0.028,-0.017,-1.024,0,0.1,0
44.3814085,91,0,18.8,0,0,0.024,-0.018,-1.057,2.2,-1.2,0.1
44.3914085,97,0,18.8,0,0,0.024,-0.018,-1.057,2.2,-1.2,0.1
44.4014085,89,0,18.8,0,0,0.024,-0.018,-1.057,2.2,-1.2,0.1
44.4114085,83,0,18.8,0,0,0.024,-0.018,-1.057,2.2,-1.2,0.1
44.4214085,95,0,18.8,0,0,0.024,-0.018,-1.057,2.2,-1.2,0.1
44.4314085,101,0,18.8,0,0,0.034,-0.005,-0.922,2.1,-0.7,0
44.4414085,95,0,18.8,0,0,0.034,-0.005,-0.922,2.1,-0.7,0
44.4514085,91,0,18.8,0,0,0.034,-0.005,-0.922,2.1,-0.7,0
44.4614085,88,0,18.8,0,0,0.034,-0.005,-0.922,2.1,-0.7,0
44.4714085,94,0,18.8,0,0,0.034,-0.005,-0.922,2.1,-0.7,0
44.4814085,98,0,18.9,0,0,0.03,-0.005,-0.956,-0.9,0.1,0
44.4914085,89,0,18.9,0,0,0.03,-0.005,-0.956,-0.9,0.1,0
44.5014085,90,0,18.9,0,0,0.03,-0.005,-0.956,-0.9,0.1,0
44.5114085,89,0,18.9,0,0,0.03,-0.005,-0.956,-0.9,0.1,0
44.5214085,88,0,18.9,0,0,0.03,-0.005,-0.956,-0.9,0.1,0
44.5314085,91,0,18.8,0,0,0.025,-0.019,-1.062,-1.5,-0.9,0
44.5414085,91,0,18.8,0,0,0.025,-0.019,-1.062,-1.5,-0.9,0
44.5514085,96,0,18.8,0,0,0.025,-0.019,-1.062,-1.5,-0.9,0
44.5614085,97,0,18.8,0,0,0.025,-0.019,-1.062,-1.5,-0.9,0
44.5714085,85,0,18.8,0,0,0.025,-0.019,-1.062,-1.5,-0.9,0
44.5814085,88,0,18.8,0,0,0.03,-0.017,-0.981,-0.3,-1,0
44.5914085,96,0,18.8,0,0,0.03,-0.017,-0.981,-0.3,-1,0
44.6014085,93,0,18.8,0,0,0.03,-0.017,-0.981,-0.3,-1,0
44.6114085,94,0,18.8,0,0,0.03,-0.017,-0.981,-0.3,-1,0
44.6214085,89,0,18.8,0,0,0.03,-0.017,-0.981,-0.3,-1,0
44.6314084999999,87,0,18.9,0,0,0.026,-0.018,-1.032,0.3,-0.1,0.1
44.6414084999999,94,0,18.9,0,0,0.026,-0.018,-1.032,0.3,-0.1,0.1
44.6514085,92,0,18.9,0,0,0.026,-0.018,-1.032,0.3,-0.1,0.1
44.6614085,92,0,18.9,0,0,0.026,-0.018,-1.032,0.3,-0.1,0.1
44.6714084999999,94,0,18.9,0,0,0.026,-0.018,-1.032,0.3,-0.1,0.1
44.6814084999999,85,0,18.9,0,0,0.024,-0.019,-1.063,2,-0.9,0
44.6914084999999,86,0,18.9,0,0,0.024,-0.019,-1.063,2,-0.9,0
44.7014084999999,92,0,18.9,0,0,0.024,-0.019,-1.063,2,-0.9,0
44.7114084999999,90,0,18.9,0,0,0.024,-0.019,-1.063,2,-0.9,0
44.7214084999999,92,0,18.9,0,0,0.024,-0.019,-1.063,2,-0.9,0
44.7314084999999,87,-0.01,18.8,0,0,0.034,-0.002,-0.901,1.4,-0.5,0
44.7414084999999,85,-0.01,18.8,0,0,0.034,-0.002,-0.901,1.4,-0.5,0
44.7514084999999,96,-0.01,18.8,0,0,0.034,-0.002,-0.901,1.4,-0.5,0
44.7614084999999,95,-0.01,18.8,0,0,0.034,-0.002,-0.901,1.4,-0.5,0
44.7714084999999,92,-0.01,18.8,0,0,0.034,-0.002,-0.901,1.4,-0.5,0
44.7814084999999,93,0,18.9,0,0,0.027,-0.008,-0.983,-1,0,0
44.7914084999999,89,0,18.9,0,0,0.027,-0.008,-0.983,-1,0,0
44.8014084999999,91,0,18.9,0,0,0.027,-0.008,-0.983,-1,0,0
44.8114084999999,90,0,18.9,0,0,0.027,-0.008,-0.983,-1,0,0
44.8214084999999,89,0,18.9,0,0,0.027,-0.008,-0.983,-1,0,0
44.8314084999999,95,0,18.8,0,0,0.026,-0.016,-1.034,-0.6,-1.3,0
44.8414084999999,89,0,18.8,0,0,0.026,-0.016,-1.034,-0.6,-1.3,0
44.8514084999999,85,0,18.8,0,0,0.026,-0.016,-1.034,-0.6,-1.3,0
44.8614084999999,92,0,18.8,0,0,0.026,-0.016,-1.034,-0.6,-1.3,0
44.8714084999999,92,0,18.8,0,0,0.026,-0.016,-1.034,-0.6,-1.3,0
44.8814084999999,92,0,18.8,0,0,0.032,-0.013,-0.967,0.4,-0.6,0
44.8914084999999,92,0,18.8,0,0,0.032,-0.013,-0.967,0.4,-0.6,0
44.9014084999999,85,0,18.8,0,0,0.032,-0.013,-0.967,0.4,-0.6,0
44.9114084999999,90,0,18.8,0,0,0.032,-0.013,-0.967,0.4,-0.6,0
44.9214084999999,96,0,18.8,0,0,0.032,-0.013,-0.967,0.4,-0.6,0
44.9324301,92,-0.01,18.8,0,0,0.027,-0.015,-1.031,1.7,-1.1,0
44.9424301,91,-0.01,18.8,0,0,0.027,-0.015,-1.031,1.7,-1.1,0
44.9524301,94,-0.01,18.8,0,0,0.027,-0.015,-1.031,1.7,-1.1,0
44.9624301,87,-0.01,18.8,0,0,0.027,-0.015,-1.031,1.7,-1.1,0
44.9724301,86,-0.01,18.8,0,0,0.027,-0.015,-1.031,1.7,-1.1,0
44.9962414,90,-0.01,18.8,0,0,0.034,-0.003,-0.889,0.6,-0.2,0
45.0062414,91,-0.01,18.8,0,0,0.034,-0.003,-0.889,0.6,-0.2,0
45.0162414,97,-0.01,18.8,0,0,0.034,-0.003,-0.889,0.6,-0.2,0
45.0262414,88,-0.01,18.8,0,0,0.034,-0.003,-0.889,0.6,-0.2,0
45.0362414,83,-0.01,18.8,0,0,0.034,-0.003,-0.889,0.6,-0.2,0
45.0462414,95,0,18.8,0,0,0.026,-0.011,-1.01,-1,-0.3,0
45.0562414,100,0,18.8,0,0,0.026,-0.011,-1.01,-1,-0.3,0
45.0662414,95,0,18.8,0,0,0.026,-0.011,-1.01,-1,-0.3,0
45.0762414,91,0,18.8,0,0,0.026,-0.011,-1.01,-1,-0.3,0
45.0862414,86,0,18.8,0,0,0.026,-0.011,-1.01,-1,-0.3,0
45.0962414,94,0,18.9,0,0,0.025,-0.018,-1.043,-0.7,-1.2,0
45.1062414,96,0,18.9,0,0,0.025,-0.018,-1.043,-0.7,-1.2,0
45.1162414,89,0,18.9,0,0,0.025,-0.018,-1.043,-0.7,-1.2,0
45.1262414,93,0,18.9,0,0,0.025,-0.018,-1.043,-0.7,-1.2,0
45.1362414,89,0,18.9,0,0,0.025,-0.018,-1.043,-0.7,-1.2,0
45.1548563,88,0,18.9,0,0,0.031,-0.014,-0.978,0,-0.4,0
45.1648563,92,0,18.9,0,0,0.031,-0.014,-0.978,0,-0.4,0
45.1748563,92,0,18.9,0,0,0.031,-0.014,-0.978,0,-0.4,0
45.1848563,96,0,18.9,0,0,0.031,-0.014,-0.978,0,-0.4,0
45.1948563,97,0,18.9,0,0,0.031,-0.014,-0.978,0,-0.4,0
45.2048563,85,0,18.8,0,0,0.024,-0.019,-1.072,0.5,-0.1,0
45.2148563,88,0,18.8,0,0,0.024,-0.019,-1.072,0.5,-0.1,0
45.2248563,96,0,18.8,0,0,0.024,-0.019,-1.072,0.5,-0.1,0
45.2348563,93,0,18.8,0,0,0.024,-0.019,-1.072,0.5,-0.1,0
45.2448563,94,0,18.8,0,0,0.024,-0.019,-1.072,0.5,-0.1,0
45.2548563,89,0,18.8,0,0,0.029,-0.015,-1.009,2.3,-1.2,0
45.2648563,90,0,18.8,0,0,0.029,-0.015,-1.009,2.3,-1.2,0
45.2748563,95,0,18.8,0,0,0.029,-0.015,-1.009,2.3,-1.2,0
45.2848563,90,0,18.8,0,0,0.029,-0.015,-1.009,2.3,-1.2,0
45.2948563,92,0,18.8,0,0,0.029,-0.015,-1.009,2.3,-1.2,0
45.3048563,93,0,18.9,0,0,0.029,-0.015,-0.911,0.9,-0.2,0
45.3148563,85,0,18.9,0,0,0.029,-0.015,-0.911,0.9,-0.2,0
45.3248563,88,0,18.9,0,0,0.029,-0.015,-0.911,0.9,-0.2,0
45.3348563,92,0,18.9,0,0,0.029,-0.015,-0.911,0.9,-0.2,0
45.3448563,90,0,18.9,0,0,0.029,-0.015,-0.911,0.9,-0.2,0
45.3548563,93,0,18.9,0,0,0.03,-0.016,-0.995,0.4,-0.1,0
45.3648563,88,0,18.9,0,0,0.03,-0.016,-0.995,0.4,-0.1,0
45.3748563,91,0,18.9,0,0,0.03,-0.016,-0.995,0.4,-0.1,0
45.3848563,96,0,18.9,0,0,0.03,-0.016,-0.995,0.4,-0.1,0
45.3948563,90,0,18.9,0,0,0.03,-0.016,-0.995,0.4,-0.1,0
45.4048563,92,0,18.9,0,0,0.023,-0.021,-1.083,1.3,-0.5,0
45.4148563,94,0,18.9,0,0,0.023,-0.021,-1.083,1.3,-0.5,0
45.4248563,90,0,18.9,0,0,0.023,-0.021,-1.083,1.3,-0.5,0
45.4348563,92,0,18.9,0,0,0.023,-0.021,-1.083,1.3,-0.5,0
45.4448563,92,0,18.9,0,0,0.023,-0.021,-1.083,1.3,-0.5,0
45.4762871,90,0,18.8,0,0,0.03,-0.009,-0.968,2,-1,0
45.4862871,95,0,18.8,0,0,0.03,-0.009,-0.968,2,-1,0
45.4962871,88,0,18.8,0,0,0.03,-0.009,-0.968,2,-1,0
45.5062871,86,0,18.8,0,0,0.03,-0.009,-0.968,2,-1,0
45.5162871,92,0,18.8,0,0,0.03,-0.009,-0.968,2,-1,0
45.5262871,91,-0.01,18.8,0,0,0.034,-0.002,-0.912,-0.4,0.2,0
45.5362871,93,-0.01,18.8,0,0,0.034,-0.002,-0.912,-0.4,0.2,0
45.5462871,92,-0.01,18.8,0,0,0.034,-0.002,-0.912,-0.4,0.2,0
45.5562871,85,-0.01,18.8,0,0,0.034,-0.002,-0.912,-0.4,0.2,0
45.5662871,91,-0.01,18.8,0,0,0.034,-0.002,-0.912,-0.4,0.2,0
45.5762871,96,0,18.9,0,0,0.025,-0.014,-1.03,-1.5,-0.7,0
45.5862871,91,0,18.9,0,0,0.025,-0.014,-1.03,-1.5,-0.7,0
45.5962871,92,0,18.9,0,0,0.025,-0.014,-1.03,-1.5,-0.7,0
45.6062871,90,0,18.9,0,0,0.025,-0.014,-1.03,-1.5,-0.7,0
45.6162871,93,0,18.9,0,0,0.025,-0.014,-1.03,-1.5,-0.7,0
45.6262871,95,0,18.9,0,0,0.028,-0.018,-1.019,-0.3,-1.2,0
45.6362871,88,0,18.9,0,0,0.028,-0.018,-1.019,-0.3,-1.2,0
45.6462871,91,0,18.9,0,0,0.028,-0.018,-1.019,-0.3,-1.2,0
45.6562871,91,0,18.9,0,0,0.028,-0.018,-1.019,-0.3,-1.2,0
45.6662871,86,0,18.9,0,0,0.028,-0.018,-1.019,-0.3,-1.2,0
45.6762871,88,-0.01,18.8,0,0,0.029,-0.017,-1.001,0.1,0,0
45.6862871,91,-0.01,18.8,0,0,0.029,-0.017,-1.001,0.1,0,0
45.6962871,91,-0.01,18.8,0,0,0.029,-0.017,-1.001,0.1,0,0
45.7062871,97,-0.01,18.8,0,0,0.029,-0.017,-1.001,0.1,0,0
45.7162871,89,-0.01,18.8,0,0,0.029,-0.017,-1.001,0.1,0,0
45.7262871,88,0,18.8,0,0,0.023,-0.02,-1.082,1,-0.5,0
45.7362871,96,0,18.8,0,0,0.023,-0.02,-1.082,1,-0.5,0
45.7462871,96,0,18.8,0,0,0.023,-0.02,-1.082,1,-0.5,0
45.7562871,97,0,18.8,0,0,0.023,-0.02,-1.082,1,-0.5,0
45.7662871,86,0,18.8,0,0,0.023,-0.02,-1.082,1,-0.5,0
45.7762871,87,0,18.9,0,0,0.03,-0.01,-0.967,2.5,-1.2,0
45.7862871,99,0,18.9,0,0,0.03,-0.01,-0.967,2.5,-1.2,0
45.7962871,96,0,18.9,0,0,0.03,-0.01,-0.967,2.5,-1.2,0
45.8062871,89,0,18.9,0,0,0.03,-0.01,-0.967,2.5,-1.2,0
45.8162871,94,0,18.9,0,0,0.03,-0.01,-0.967,2.5,-1.2,0
45.8262871,89,0,18.8,0,0,0.034,-0.001,-0.919,0.3,0,0
45.8362871,89,0,18.8,0,0,0.034,-0.001,-0.919,0.3,0,0
45.8462871,92,0,18.8,0,0,0.034,-0.001,-0.919,0.3,0,0
45.8562871,91,0,18.8,0,0,0.034,-0.001,-0.919,0.3,0,0
45.8662871,96,0,18.8,0,0,0.034,-0.001,-0.919,0.3,0,0
45.8762871,90,-0.01,18.9,0,0,0.024,-0.016,-1.056,-1.7,-0.6,0
45.8862871,84,-0.01,18.9,0,0,0.024,-0.016,-1.056,-1.7,-0.6,0
45.8962871,95,-0.01,18.9,0,0,0.024,-0.016,-1.056,-1.7,-0.6,0
45.9062871,97,-0.01,18.9,0,0,0.024,-0.016,-1.056,-1.7,-0.6,0
45.9162871,95,-0.01,18.9,0,0,0.024,-0.016,-1.056,-1.7,-0.6,0
45.9262871,94,0,18.9,0,0,0.029,-0.017,-1.006,-0.6,-1.2,0
45.9362871,87,0,18.9,0,0,0.029,-0.017,-1.006,-0.6,-1.2,0
45.9462871,90,0,18.9,0,0,0.029,-0.017,-1.006,-0.6,-1.2,0
45.9562871,93,0,18.9,0,0,0.029,-0.017,-1.006,-0.6,-1.2,0
45.9662871,90,0,18.9,0,0,0.029,-0.017,-1.006,-0.6,-1.2,0
45.9762871,94,0,18.8,0,0,0.029,-0.015,-0.992,0,0,0
45.9862871,88,0,18.8,0,0,0.029,-0.015,-0.992,0,0,0
45.9962871,84,0,18.8,0,0,0.029,-0.015,-0.992,0,0,0
46.0062871,93,0,18.8,0,0,0.029,-0.015,-0.992,0,0,0
46.0162871,93,0,18.8,0,0,0.029,-0.015,-0.992,0,0,0
46.0262871,93,0,18.8,0,0,0.023,-0.021,-1.084,1.7,-0.7,0
46.0362871,93,0,18.8,0,0,0.023,-0.021,-1.084,1.7,-0.7,0
46.0462871,86,0,18.8,0,0,0.023,-0.021,-1.084,1.7,-0.7,0
46.0562871,91,0,18.8,0,0,0.023,-0.021,-1.084,1.7,-0.7,0
46.0662871,95,0,18.8,0,0,0.023,-0.021,-1.084,1.7,-0.7,0
46.0762871,90,0,18.8,0,0,0.032,-0.007,-0.951,2.6,-0.9,0
46.0862871,92,0,18.8,0,0,0.032,-0.007,-0.951,2.6,-0.9,0
46.0962871,91,0,18.8,0,0,0.032,-0.007,-0.951,2.6,-0.9,0
46.1062871,89,0,18.8,0,0,0.032,-0.007,-0.951,2.6,-0.9,0
46.1162871,93,0,18.8,0,0,0.032,-0.007,-0.951,2.6,-0.9,0
48.1696808,106,0,18.8,0,0,0.031,-0.012,-0.978,0.3,-0.6,0
48.1796808,100,0,18.8,0,0,0.031,-0.012,-0.978,0.3,-0.6,0
48.1896808,100,0,18.8,0,0,0.031,-0.012,-0.978,0.3,-0.6,0
48.1996808,103,0,18.8,0,0,0.031,-0.012,-0.978,0.3,-0.6,0
48.2096808,109,0,18.8,0,0,0.031,-0.012,-0.978,0.3,-0.6,0
48.2196808,108,-0.01,18.9,0,0,0.029,-0.015,-0.999,-0.4,-0.7,0
48.2296808,95,-0.01,18.9,0,0,0.029,-0.015,-0.999,-0.4,-0.7,0
48.2396808,99,-0.01,18.9,0,0,0.029,-0.015,-0.999,-0.4,-0.7,0
48.2496808,112,-0.01,18.9,0,0,0.029,-0.015,-0.999,-0.4,-0.7,0
48.2596808,109,-0.01,18.9,0,0,0.029,-0.015,-0.999,-0.4,-0.7,0
48.2696808,99,0,18.8,0,0,0.026,-0.013,-1.016,0.3,-0.9,0
48.2796808,106,0,18.8,0,0,0.026,-0.013,-1.016,0.3,-0.9,0
48.2896808,112,0,18.8,0,0,0.026,-0.013,-1.016,0.3,-0.9,0
48.2996808,101,0,18.8,0,0,0.026,-0.013,-1.016,0.3,-0.9,0
48.3096808,101,0,18.8,0,0,0.026,-0.013,-1.016,0.3,-0.9,0
48.3196808,102,0,18.8,0,0,0.027,-0.011,-0.997,0.3,-0.6,0
48.3296808,102,0,18.8,0,0,0.027,-0.011,-0.997,0.3,-0.6,0
48.3396808,103,0,18.8,0,0,0.027,-0.011,-0.997,0.3,-0.6,0
48.3496808,103,0,18.8,0,0,0.027,-0.011,-0.997,0.3,-0.6,0
48.3596808,108,0,18.8,0,0,0.027,-0.011,-0.997,0.3,-0.6,0
48.3696808,103,0,18.8,0,0,0.03,-0.011,-0.98,0.2,-0.2,0
48.3796808,101,0,18.8,0,0,0.03,-0.011,-0.98,0.2,-0.2,0
48.3896808,108,0,18.8,0,0,0.03,-0.011,-0.98,0.2,-0.2,0
48.3996808,104,0,18.8,0,0,0.03,-0.011,-0.98,0.2,-0.2,0
48.4096808,106,0,18.8,0,0,0.03,-0.011,-0.98,0.2,-0.2,0
48.4196808,102,0,18.8,0,0,0.031,-0.012,-0.972,0.3,-0.7,0
48.4296808,102,0,18.8,0,0,0.031,-0.012,-0.972,0.3,-0.7,0
48.4396808,104,0,18.8,0,0,0.031,-0.012,-0.972,0.3,-0.7,0
48.4496808,105,0,18.8,0,0,0.031,-0.012,-0.972,0.3,-0.7,0
48.4596808,108,0,18.8,0,0,0.031,-0.012,-0.972,0.3,-0.7,0
48.4696808,99,-0.01,18.8,0,0,0.029,-0.013,-0.984,0.2,-0.8,0
48.4796808,99,-0.01,18.8,0,0,0.029,-0.013,-0.984,0.2,-0.8,0
48.4896808,104,-0.01,18.8,0,0,0.029,-0.013,-0.984,0.2,-0.8,0
48.4996808,105,-0.01,18.8,0,0,0.029,-0.013,-0.984,0.2,-0.8,0
48.5096808,103,-0.01,18.8,0,0,0.029,-0.013,-0.984,0.2,-0.8,0
48.5196808,104,0,18.9,0,0,0.027,-0.012,-1,0.3,-0.7,0
48.5296808,105,0,18.9,0,0,0.027,-0.012,-1,0.3,-0.7,0
48.5396808,101,0,18.9,0,0,0.027,-0.012,-1,0.3,-0.7,0
48.5496808,104,0,18.9,0,0,0.027,-0.012,-1,0.3,-0.7,0
48.5596808,101,0,18.9,0,0,0.027,-0.012,-1,0.3,-0.7,0
48.5996761,101,-0.01,18.8,0,0,0.028,-0.008,-0.99,0.6,-0.5,0
48.6096761,106,-0.01,18.8,0,0,0.028,-0.008,-0.99,0.6,-0.5,0
48.6196761,103,-0.01,18.8,0,0,0.028,-0.008,-0.99,0.6,-0.5,0
48.6296761,105,-0.01,18.8,0,0,0.028,-0.008,-0.99,0.6,-0.5,0
48.6396761,100,-0.01,18.8,0,0,0.028,-0.008,-0.99,0.6,-0.5,0
48.6822698,105,0,18.8,0,0,0.03,-0.013,-0.992,1.7,-0.7,0
48.6922698,104,0,18.8,0,0,0.03,-0.013,-0.992,1.7,-0.7,0
48.7022698,104,0,18.8,0,0,0.03,-0.013,-0.992,1.7,-0.7,0
48.7122698,107,0,18.8,0,0,0.03,-0.013,-0.992,1.7,-0.7,0
48.7222698,101,0,18.8,0,0,0.03,-0.013,-0.992,1.7,-0.7,0
48.7455292,100,0,18.9,0,0,0.028,-0.019,-1.04,0.4,-0.7,0
48.7555292,103,0,18.9,0,0,0.028,-0.019,-1.04,0.4,-0.7,0
48.7655292,110,0,18.9,0,0,0.028,-0.019,-1.04,0.4,-0.7,0
48.7755292,102,0,18.9,0,0,0.028,-0.019,-1.04,0.4,-0.7,0
48.7855292,96,0,18.9,0,0,0.028,-0.019,-1.04,0.4,-0.7,0
48.8249599,111,0,18.8,0,0,0.025,-0.018,-1.054,-0.7,-0.3,0
48.8349599,102,0,18.8,0,0,0.025,-0.018,-1.054,-0.7,-0.3,0
48.8449599,103,0,18.8,0,0,0.025,-0.018,-1.054,-0.7,-0.3,0
48.8549599,103,0,18.8,0,0,0.025,-0.018,-1.054,-0.7,-0.3,0
48.8649599,102,0,18.8,0,0,0.025,-0.018,-1.054,-0.7,-0.3,0
50.9816202,115,0,18.8,0,0,0.029,-0.011,-0.99,1.4,-0.9,0
50.9916202,114,0,18.8,0,0,0.029,-0.011,-0.99,1.4,-0.9,0
51.0016202,118,0,18.8,0,0,0.029,-0.011,-0.99,1.4,-0.9,0
51.0116202,117,0,18.8,0,0,0.029,-0.011,-0.99,1.4,-0.9,0
51.0216202,121,0,18.8,0,0,0.029,-0.011,-0.99,1.4,-0.9,0
51.0316202,113,0.01,18.8,0,0,0.029,-0.012,-0.981,-0.7,-0.4,0
51.0416202,111,0.01,18.8,0,0,0.029,-0.012,-0.981,-0.7,-0.4,0
51.0516202,124,0.01,18.8,0,0,0.029,-0.012,-0.981,-0.7,-0.4,0
51.0616202,122,0.01,18.8,0,0,0.029,-0.012,-0.981,-0.7,-0.4,0
51.0716202,113,0.01,18.8,0,0,0.029,-0.012,-0.981,-0.7,-0.4,0
51.0816202,118,0,18.8,0,0,0.027,-0.022,-1.055,0.6,-0.6,0
51.0916202,120,0,18.8,0,0,0.027,-0.022,-1.055,0.6,-0.6,0
51.1016202,113,0,18.8,0,0,0.027,-0.022,-1.055,0.6,-0.6,0
51.1116202,116,0,18.8,0,0,0.027,-0.022,-1.055,0.6,-0.6,0
51.1216202,116,0,18.8,0,0,0.027,-0.022,-1.055,0.6,-0.6,0
51.1316202,115,0,18.9,0,0,0.031,-0.005,-0.946,0.2,-0.6,0
51.1416202,120,0,18.9,0,0,0.031,-0.005,-0.946,0.2,-0.6,0
51.1516202,121,0,18.9,0,0,0.031,-0.005,-0.946,0.2,-0.6,0
51.1616202,110,0,18.9,0,0,0.031,-0.005,-0.946,0.2,-0.6,0
51.1716202,112,0,18.9,0,0,0.031,-0.005,-0.946,0.2,-0.6,0
51.1816202,116,0.01,18.8,0,0,0.027,-0.014,-1.003,0.9,-0.5,0
51.1916202,115,0.01,18.8,0,0,0.027,-0.014,-1.003,0.9,-0.5,0
51.2016202,114,0.01,18.8,0,0,0.027,-0.014,-1.003,0.9,-0.5,0
51.2116202,116,0.01,18.8,0,0,0.027,-0.014,-1.003,0.9,-0.5,0
51.2216202,117,0.01,18.8,0,0,0.027,-0.014,-1.003,0.9,-0.5,0
51.2361365,118,0,18.9,0,0,0.029,-0.013,-1.006,-0.2,-0.4,0
51.2461365,111,0,18.9,0,0,0.029,-0.013,-1.006,-0.2,-0.4,0
51.2561365,115,0,18.9,0,0,0.029,-0.013,-1.006,-0.2,-0.4,0
51.2661365,118,0,18.9,0,0,0.029,-0.013,-1.006,-0.2,-0.4,0
51.2761365,118,0,18.9,0,0,0.029,-0.013,-1.006,-0.2,-0.4,0
51.3004645,113,0,18.9,0,0,0.028,-0.019,-1.039,-0.6,-0.3,0
51.3104645,117,0,18.9,0,0,0.028,-0.019,-1.039,-0.6,-0.3,0
51.3204645,117,0,18.9,0,0,0.028,-0.019,-1.039,-0.6,-0.3,0
51.3304645,115,0,18.9,0,0,0.028,-0.019,-1.039,-0.6,-0.3,0
51.3404645,112,0,18.9,0,0,0.028,-0.019,-1.039,-0.6,-0.3,0
51.3755165,119,0,18.9,0,0,0.029,-0.01,-0.98,1.2,-0.9,0
51.3855165,119,0,18.9,0,0,0.029,-0.01,-0.98,1.2,-0.9,0
51.3955165,117,0,18.9,0,0,0.029,-0.01,-0.98,1.2,-0.9,0
51.4055165,116,0,18.9,0,0,0.029,-0.01,-0.98,1.2,-0.9,0
51.4155165,118,0,18.9,0,0,0.029,-0.01,-0.98,1.2,-0.9,0
51.4593014,121,-0.01,18.9,0,0,0.028,-0.013,-0.992,0.8,-1,0
51.4693014,114,-0.01,18.9,0,0,0.028,-0.013,-0.992,0.8,-1,0
51.4793014,111,-0.01,18.9,0,0,0.028,-0.013,-0.992,0.8,-1,0
51.4893014,123,-0.01,18.9,0,0,0.028,-0.013,-0.992,0.8,-1,0
51.4993014,121,-0.01,18.9,0,0,0.028,-0.013,-0.992,0.8,-1,0
51.5290191,118,0.01,18.9,0,0,0.029,-0.014,-1.006,-0.1,-0.5,0
51.5390191,112,0.01,18.9,0,0,0.029,-0.014,-1.006,-0.1,-0.5,0
51.5490191,118,0.01,18.9,0,0,0.029,-0.014,-1.006,-0.1,-0.5,0
51.5590191,120,0.01,18.9,0,0,0.029,-0.014,-1.006,-0.1,-0.5,0
51.5690191,114,0.01,18.9,0,0,0.029,-0.014,-1.006,-0.1,-0.5,0
51.6172998,116,-0.01,18.9,0,0,0.028,-0.014,-1.003,0.8,-0.7,0
51.6272998,116,-0.01,18.9,0,0,0.028,-0.014,-1.003,0.8,-0.7,0
51.6372998,115,-0.01,18.9,0,0,0.028,-0.014,-1.003,0.8,-0.7,0
51.6472998,120,-0.01,18.9,0,0,0.028,-0.014,-1.003,0.8,-0.7,0
51.6572998,116,-0.01,18.9,0,0,0.028,-0.014,-1.003,0.8,-0.7,0
51.6672998,119,0,18.8,0,0,0.028,-0.013,-1.01,1.2,-0.4,0
51.6772998,114,0,18.8,0,0,0.028,-0.013,-1.01,1.2,-0.4,0
51.6872998,118,0,18.8,0,0,0.028,-0.013,-1.01,1.2,-0.4,0
51.6972998,115,0,18.8,0,0,0.028,-0.013,-1.01,1.2,-0.4,0
51.7072998,113,0,18.8,0,0,0.028,-0.013,-1.01,1.2,-0.4,0
53.6535877,126,0,18.8,0,0,0.025,-0.026,-1.077,-2.6,0.6,0
53.6635877,130,0,18.8,0,0,0.025,-0.026,-1.077,-2.6,0.6,0
53.6735877,130,0,18.8,0,0,0.025,-0.026,-1.077,-2.6,0.6,0
53.6835877,127,0,18.8,0,0,0.025,-0.026,-1.077,-2.6,0.6,0
53.6935877,128,0,18.8,0,0,0.025,-0.026,-1.077,-2.6,0.6,0
53.7405635,129,0,18.8,0,0,0.027,-0.015,-1.041,2.6,-1.5,0
53.7505635,129,0,18.8,0,0,0.027,-0.015,-1.041,2.6,-1.5,0
53.7605635,129,0,18.8,0,0,0.027,-0.015,-1.041,2.6,-1.5,0
53.7705635,129,0,18.8,0,0,0.027,-0.015,-1.041,2.6,-1.5,0
53.7805635,127,0,18.8,0,0,0.027,-0.015,-1.041,2.6,-1.5,0
53.7905635,129,0,18.9,0,0,0.029,-0.01,-0.97,-3,0.4,0
53.8005635,128,0,18.9,0,0,0.029,-0.01,-0.97,-3,0.4,0
53.8105635,129,0,18.9,0,0,0.029,-0.01,-0.97,-3,0.4,0
53.8205635,129,0,18.9,0,0,0.029,-0.01,-0.97,-3,0.4,0
53.8305635,130,0,18.9,0,0,0.029,-0.01,-0.97,-3,0.4,0
53.8485872,128,0,18.9,0,0,0.025,-0.032,-1.098,-0.9,-0.8,0
53.8585872,128,0,18.9,0,0,0.025,-0.032,-1.098,-0.9,-0.8,0
53.8685872,128,0,18.9,0,0,0.025,-0.032,-1.098,-0.9,-0.8,0
53.8785872,127,0,18.9,0,0,0.025,-0.032,-1.098,-0.9,-0.8,0
53.8885872,128,0,18.9,0,0,0.025,-0.032,-1.098,-0.9,-0.8,0
53.8985872,133,-0.01,18.9,0,0,0.026,-0.02,-1.057,3.5,-1.2,0
53.9085872,128,-0.01,18.9,0,0,0.026,-0.02,-1.057,3.5,-1.2,0
53.9185872,125,-0.01,18.9,0,0,0.026,-0.02,-1.057,3.5,-1.2,0
53.9285872,135,-0.01,18.9,0,0,0.026,-0.02,-1.057,3.5,-1.2,0
53.9385872,134,-0.01,18.9,0,0,0.026,-0.02,-1.057,3.5,-1.2,0
53.9485872,126,0,18.9,0,0,0.032,0.003,-0.906,1,-0.7,0
53.9585872,131,0,18.9,0,0,0.032,0.003,-0.906,1,-0.7,0
53.9685872,133,0,18.9,0,0,0.032,0.003,-0.906,1,-0.7,0
53.9785872,127,0,18.9,0,0,0.032,0.003,-0.906,1,-0.7,0
53.9885872,130,0,18.9,0,0,0.032,0.003,-0.906,1,-0.7,0
54.0016634,129,0,18.9,0,0,0.03,-0.009,-0.974,-2.7,0.7,0
54.0116634,128,0,18.9,0,0,0.03,-0.009,-0.974,-2.7,0.7,0
54.0216634,132,0,18.9,0,0,0.03,-0.009,-0.974,-2.7,0.7,0
54.0316634,128,0,18.9,0,0,0.03,-0.009,-0.974,-2.7,0.7,0
54.0416634,125,0,18.9,0,0,0.03,-0.009,-0.974,-2.7,0.7,0
54.0516634,130,-0.01,18.8,0,0,0.026,-0.019,-1.067,1.5,-1.3,0
54.0616634,133,-0.01,18.8,0,0,0.026,-0.019,-1.067,1.5,-1.3,0
54.0716634,131,-0.01,18.8,0,0,0.026,-0.019,-1.067,1.5,-1.3,0
54.0816634,125,-0.01,18.8,0,0,0.026,-0.019,-1.067,1.5,-1.3,0
54.0916634,128,-0.01,18.8,0,0,0.026,-0.019,-1.067,1.5,-1.3,0
54.1016634,127,-0.01,18.8,0,0,0.031,-0.007,-0.961,2.3,-1.4,0
54.1116634,128,-0.01,18.8,0,0,0.031,-0.007,-0.961,2.3,-1.4,0
54.1216634,129,-0.01,18.8,0,0,0.031,-0.007,-0.961,2.3,-1.4,0
54.1316634,129,-0.01,18.8,0,0,0.031,-0.007,-0.961,2.3,-1.4,0
54.1416634,127,-0.01,18.8,0,0,0.031,-0.007,-0.961,2.3,-1.4,0
54.1774015,128,0,18.9,0,0,0.03,-0.008,-0.957,-1.7,0.3,0
54.1874015,129,0,18.9,0,0,0.03,-0.008,-0.957,-1.7,0.3,0
54.1974015,130,0,18.9,0,0,0.03,-0.008,-0.957,-1.7,0.3,0
54.2074015,130,0,18.9,0,0,0.03,-0.008,-0.957,-1.7,0.3,0
54.2174015,128,0,18.9,0,0,0.03,-0.008,-0.957,-1.7,0.3,0
54.2274015,127,0,18.8,0,0,0.024,-0.026,-1.084,-1.7,-0.4,0
54.2374015,129,0,18.8,0,0,0.024,-0.026,-1.084,-1.7,-0.4,0
54.2474015,127,0,18.8,0,0,0.024,-0.026,-1.084,-1.7,-0.4,0
54.2574015,126,0,18.8,0,0,0.024,-0.026,-1.084,-1.7,-0.4,0
54.2674015,130,0,18.8,0,0,0.024,-0.026,-1.084,-1.7,-0.4,0
56.3196002,138,0.01,18.8,0,0,0.032,-0.005,-0.966,3.4,-0.2,0
56.3296002,144,0.01,18.8,0,0,0.032,-0.005,-0.966,3.4,-0.2,0
56.3396002,141,0.01,18.8,0,0,0.032,-0.005,-0.966,3.4,-0.2,0
56.3496002,140,0.01,18.8,0,0,0.032,-0.005,-0.966,3.4,-0.2,0
56.3596002,141,0.01,18.8,0,0,0.032,-0.005,-0.966,3.4,-0.2,0
56.4004513,140,-0.01,18.9,0,0,0.03,0.003,-0.944,1.1,-1,0
56.4104513,139,-0.01,18.9,0,0,0.03,0.003,-0.944,1.1,-1,0
56.4204513,141,-0.01,18.9,0,0,0.03,0.003,-0.944,1.1,-1,0
56.4304513,143,-0.01,18.9,0,0,0.03,0.003,-0.944,1.1,-1,0
56.4404513,141,-0.01,18.9,0,0,0.03,0.003,-0.944,1.1,-1,0
56.4504513,144,-0.01,18.8,0,0,0.035,0.006,-0.879,-0.9,-0.9,0
56.4604513,139,-0.01,18.8,0,0,0.035,0.006,-0.879,-0.9,-0.9,0
56.4704513,140,-0.01,18.8,0,0,0.035,0.006,-0.879,-0.9,-0.9,0
56.4804513,142,-0.01,18.8,0,0,0.035,0.006,-0.879,-0.9,-0.9,0
56.4904513,143,-0.01,18.8,0,0,0.035,0.006,-0.879,-0.9,-0.9,0
56.5004513,143,-0.01,18.8,0,0,0.031,-0.002,-0.927,-3.6,-0.5,0
56.5104513,144,-0.01,18.8,0,0,0.031,-0.002,-0.927,-3.6,-0.5,0
56.5204513,142,-0.01,18.8,0,0,0.031,-0.002,-0.927,-3.6,-0.5,0
56.5304513,140,-0.01,18.8,0,0,0.031,-0.002,-0.927,-3.6,-0.5,0
56.5404513,145,-0.01,18.8,0,0,0.031,-0.002,-0.927,-3.6,-0.5,0
56.5626155,143,0,18.9,0,0,0.024,-0.021,-1.025,-4,-0.7,0
56.5726155,146,0,18.9,0,0,0.024,-0.021,-1.025,-4,-0.7,0
56.5826155,141,0,18.9,0,0,0.024,-0.021,-1.025,-4,-0.7,0
56.5926155,138,0,18.9,0,0,0.024,-0.021,-1.025,-4,-0.7,0
56.6026155,149,0,18.9,0,0,0.024,-0.021,-1.025,-4,-0.7,0
56.6126155,142,0,18.9,0,0,0.026,-0.032,-1.065,-2.6,-0.6,0
56.6226155,144,0,18.9,0,0,0.026,-0.032,-1.065,-2.6,-0.6,0
56.6326155,145,0,18.9,0,0,0.026,-0.032,-1.065,-2.6,-0.6,0
56.6426155,139,0,18.9,0,0,0.026,-0.032,-1.065,-2.6,-0.6,0
56.6526155,143,0,18.9,0,0,0.026,-0.032,-1.065,-2.6,-0.6,0
56.6626155,144,0,18.8,0,0,0.025,-0.034,-1.078,-0.9,0,0
56.6726155,141,0,18.8,0,0,0.025,-0.034,-1.078,-0.9,0,0
56.6826155,140,0,18.8,0,0,0.025,-0.034,-1.078,-0.9,0,0
56.6926155,143,0,18.8,0,0,0.025,-0.034,-1.078,-0.9,0,0
56.7026155,144,0,18.8,0,0,0.025,-0.034,-1.078,-0.9,0,0
56.7152977,146,0,18.9,0,0,0.021,-0.033,-1.124,1.8,-0.4,0
56.7252977,142,0,18.9,0,0,0.021,-0.033,-1.124,1.8,-0.4,0
56.7352977,140,0,18.9,0,0,0.021,-0.033,-1.124,1.8,-0.4,0
56.7452977,141,0,18.9,0,0,0.021,-0.033,-1.124,1.8,-0.4,0
56.7552977,142,0,18.9,0,0,0.021,-0.033,-1.124,1.8,-0.4,0
56.7652977,143,0.01,18.9,0,0,0.027,-0.022,-1.059,3.2,-0.6,0.1
56.7752977,138,0.01,18.9,0,0,0.027,-0.022,-1.059,3.2,-0.6,0.1
56.7852977,141,0.01,18.9,0,0,0.027,-0.022,-1.059,3.2,-0.6,0.1
56.7952977,139,0.01,18.9,0,0,0.027,-0.022,-1.059,3.2,-0.6,0.1
56.8052977,139,0.01,18.9,0,0,0.027,-0.022,-1.059,3.2,-0.6,0.1
61.1435823,167,-0.01,18.8,0,0,0.026,-0.015,-1.023,0,0,0
61.1535823,169,-0.01,18.8,0,0,0.026,-0.015,-1.023,0,0,0
61.1635823,162,-0.01,18.8,0,0,0.026,-0.015,-1.023,0,0,0
61.1735823,166,-0.01,18.8,0,0,0.026,-0.015,-1.023,0,0,0
61.1835823,171,-0.01,18.8,0,0,0.026,-0.015,-1.023,0,0,0
61.2219414,166,-0.01,18.9,0,0,0.028,-0.024,-1.041,0.7,-0.9,0
61.2319414,168,-0.01,18.9,0,0,0.028,-0.024,-1.041,0.7,-0.9,0
61.2419414,170,-0.01,18.9,0,0,0.028,-0.024,-1.041,0.7,-0.9,0
61.2519414,166,-0.01,18.9,0,0,0.028,-0.024,-1.041,0.7,-0.9,0
61.2619414,170,-0.01,18.9,0,0,0.028,-0.024,-1.041,0.7,-0.9,0
61.3070971,166,0,18.9,0,0,0.03,-0.005,-0.951,-0.4,-0.1,0
61.3170971,170,0,18.9,0,0,0.03,-0.005,-0.951,-0.4,-0.1,0
61.3270971,168,0,18.9,0,0,0.03,-0.005,-0.951,-0.4,-0.1,0
61.3370971,168,0,18.9,0,0,0.03,-0.005,-0.951,-0.4,-0.1,0
61.3470971,171,0,18.9,0,0,0.03,-0.005,-0.951,-0.4,-0.1,0
61.3724679,168,-0.01,18.8,0,0,0.025,-0.02,-1.068,1.2,-0.8,0
61.3824679,164,-0.01,18.8,0,0,0.025,-0.02,-1.068,1.2,-0.8,0
61.3924679,173,-0.01,18.8,0,0,0.025,-0.02,-1.068,1.2,-0.8,0
61.4024679,168,-0.01,18.8,0,0,0.025,-0.02,-1.068,1.2,-0.8,0
61.4124679,163,-0.01,18.8,0,0,0.025,-0.02,-1.068,1.2,-0.8,0
61.4224679,168,0,18.9,0,0,0.028,-0.02,-1.023,0.4,-0.6,0
61.4324679,167,0,18.9,0,0,0.028,-0.02,-1.023,0.4,-0.6,0
61.4424679,165,0,18.9,0,0,0.028,-0.02,-1.023,0.4,-0.6,0
61.4524679,169,0,18.9,0,0,0.028,-0.02,-1.023,0.4,-0.6,0
61.4624679,165,0,18.9,0,0,0.028,-0.02,-1.023,0.4,-0.6,0
61.4724679,163,0,18.9,0,0,0.033,-0.004,-0.908,-0.8,-0.3,0
61.4824679,169,0,18.9,0,0,0.033,-0.004,-0.908,-0.8,-0.3,0
61.4924679,168,0,18.9,0,0,0.033,-0.004,-0.908,-0.8,-0.3,0
61.5024679,164,0,18.9,0,0,0.033,-0.004,-0.908,-0.8,-0.3,0
61.5124679,168,0,18.9,0,0,0.033,-0.004,-0.908,-0.8,-0.3,0
61.5224679,166,0,18.9,0,0,0.026,-0.011,-1.028,0.1,-0.9,0
61.5324679,164,0,18.9,0,0,0.026,-0.011,-1.028,0.1,-0.9,0
61.5424679,169,0,18.9,0,0,0.026,-0.011,-1.028,0.1,-0.9,0
61.5524679,165,0,18.9,0,0,0.026,-0.011,-1.028,0.1,-0.9,0
61.5624679,164,0,18.9,0,0,0.026,-0.011,-1.028,0.1,-0.9,0
61.5778528,168,-0.01,18.8,0,0,0.034,-0.015,-0.967,0.5,-0.5,0
61.5878528,174,-0.01,18.8,0,0,0.034,-0.015,-0.967,0.5,-0.5,0
61.5978528,168,-0.01,18.8,0,0,0.034,-0.015,-0.967,0.5,-0.5,0
61.6078528,168,-0.01,18.8,0,0,0.034,-0.015,-0.967,0.5,-0.5,0
61.6178528,173,-0.01,18.8,0,0,0.034,-0.015,-0.967,0.5,-0.5,0
61.6584751,170,0,18.9,0,0,0.027,-0.014,-1.034,-0.9,-0.7,0
61.6684751,167,0,18.9,0,0,0.027,-0.014,-1.034,-0.9,-0.7,0
61.6784751,164,0,18.9,0,0,0.027,-0.014,-1.034,-0.9,-0.7,0
61.6884751,170,0,18.9,0,0,0.027,-0.014,-1.034,-0.9,-0.7,0
61.6984751,168,0,18.9,0,0,0.027,-0.014,-1.034,-0.9,-0.7,0
61.7084751,170,0,18.8,0,0,0.027,-0.009,-0.987,1,-0.5,0
61.7184751,168,0,18.8,0,0,0.027,-0.009,-0.987,1,-0.5,0
61.7284751,164,0,18.8,0,0,0.027,-0.009,-0.987,1,-0.5,0
61.7384751,171,0,18.8,0,0,0.027,-0.009,-0.987,1,-0.5,0
61.7484751,170,0,18.8,0,0,0.027,-0.009,-0.987,1,-0.5,0
61.7584751,163,0,18.9,0,0,0.029,-0.011,-0.99,1.4,-0.8,0
61.7684751,166,0,18.9,0,0,0.029,-0.011,-0.99,1.4,-0.8,0
61.7784751,170,0,18.9,0,0,0.029,-0.011,-0.99,1.4,-0.8,0
61.7884751,165,0,18.9,0,0,0.029,-0.011,-0.99,1.4,-0.8,0
61.7984751,167,0,18.9,0,0,0.029,-0.011,-0.99,1.4,-0.8,0
61.8084751,167,-0.01,18.8,0,0,0.027,-0.024,-1.066,-1,-0.2,0
61.8184751,162,-0.01,18.8,0,0,0.027,-0.024,-1.066,-1,-0.2,0
61.8284751,167,-0.01,18.8,0,0,0.027,-0.024,-1.066,-1,-0.2,0
61.8384751,170,-0.01,18.8,0,0,0.027,-0.024,-1.066,-1,-0.2,0
61.8484751,164,-0.01,18.8,0,0,0.027,-0.024,-1.066,-1,-0.2,0
61.8584751,166,0,18.8,0,0,0.03,-0.01,-0.964,0,-0.6,0
61.8684751,169,0,18.8,0,0,0.03,-0.01,-0.964,0,-0.6,0
61.8784751,164,0,18.8,0,0,0.03,-0.01,-0.964,0,-0.6,0
61.8884751,166,0,18.8,0,0,0.03,-0.01,-0.964,0,-0.6,0
61.8984751,167,0,18.8,0,0,0.03,-0.01,-0.964,0,-0.6,0
61.9084751,164,0.01,18.9,0,0,0.026,-0.007,-0.982,0.7,-1.3,0
61.9184751,167,0.01,18.9,0,0,0.026,-0.007,-0.982,0.7,-1.3,0
61.9284751,170,0.01,18.9,0,0,0.026,-0.007,-0.982,0.7,-1.3,0
61.9384751,166,0.01,18.9,0,0,0.026,-0.007,-0.982,0.7,-1.3,0
61.9484751,168,0.01,18.9,0,0,0.026,-0.007,-0.982,0.7,-1.3,0
61.9584751,172,0,18.8,0,0,0.026,-0.017,-1.033,0,-0.1,0
61.9684751,168,0,18.8,0,0,0.026,-0.017,-1.033,0,-0.1,0
61.9784751,171,0,18.8,0,0,0.026,-0.017,-1.033,0,-0.1,0
61.9884751,169,0,18.8,0,0,0.026,-0.017,-1.033,0,-0.1,0
61.9984751,169,0,18.8,0,0,0.026,-0.017,-1.033,0,-0.1,0
62.0084751,170,-0.01,18.9,0,0,0.032,-0.017,-0.991,1.5,-0.6,0
62.0184751,170,-0.01,18.9,0,0,0.032,-0.017,-0.991,1.5,-0.6,0
62.0284751,170,-0.01,18.9,0,0,0.032,-0.017,-0.991,1.5,-0.6,0
62.0384751,165,-0.01,18.9,0,0,0.032,-0.017,-0.991,1.5,-0.6,0
62.0484751,170,-0.01,18.9,0,0,0.032,-0.017,-0.991,1.5,-0.6,0
62.0584751,167,0,18.8,0,0,0.027,-0.01,-1,0.3,-0.8,0
62.0684751,165,0,18.8,0,0,0.027,-0.01,-1,0.3,-0.8,0
62.0784751,168,0,18.8,0,0,0.027,-0.01,-1,0.3,-0.8,0
62.0884751,168,0,18.8,0,0,0.027,-0.01,-1,0.3,-0.8,0
62.0984751,168,0,18.8,0,0,0.027,-0.01,-1,0.3,-0.8,0
62.1084751,170,0,18.8,0,0,0.026,-0.011,-0.989,-0.8,-0.3,-0.1
62.1184751,167,0,18.8,0,0,0.026,-0.011,-0.989,-0.8,-0.3,-0.1
62.1284751,165,0,18.8,0,0,0.026,-0.011,-0.989,-0.8,-0.3,-0.1
62.1384751,170,0,18.8,0,0,0.026,-0.011,-0.989,-0.8,-0.3,-0.1
62.1484751,167,0,18.8,0,0,0.026,-0.011,-0.989,-0.8,-0.3,-0.1
62.1584751,163,0,18.8,0,0,0.031,-0.016,-0.998,1.9,-0.7,0
62.1684751,167,0,18.8,0,0,0.031,-0.016,-0.998,1.9,-0.7,0
62.1784751,166,0,18.8,0,0,0.031,-0.016,-0.998,1.9,-0.7,0
62.1884751,166,0,18.8,0,0,0.031,-0.016,-0.998,1.9,-0.7,0
62.1984751,169,0,18.8,0,0,0.031,-0.016,-0.998,1.9,-0.7,0
62.2084751,165,-0.01,18.8,0,0,0.029,-0.014,-1.034,1,-0.4,0
62.2184751,163,-0.01,18.8,0,0,0.029,-0.014,-1.034,1,-0.4,0
62.2284751,169,-0.01,18.8,0,0,0.029,-0.014,-1.034,1,-0.4,0
62.2384751,168,-0.01,18.8,0,0,0.029,-0.014,-1.034,1,-0.4,0
62.2484751,162,-0.01,18.8,0,0,0.029,-0.014,-1.034,1,-0.4,0
62.2584751,167,-0.01,18.8,0,0,0.029,-0.012,-0.97,-2,0,0
62.2684751,168,-0.01,18.8,0,0,0.029,-0.012,-0.97,-2,0,0
62.2784751,167,-0.01,18.8,0,0,0.029,-0.012,-0.97,-2,0,0
62.2884751,170,-0.01,18.8,0,0,0.029,-0.012,-0.97,-2,0,0
62.2984751,168,-0.01,18.8,0,0,0.029,-0.012,-0.97,-2,0,0
62.3084751,167,0.01,18.9,0,0,0.027,-0.014,-1.017,0.3,-1.4,0
62.3184751,170,0.01,18.9,0,0,0.027,-0.014,-1.017,0.3,-1.4,0
62.3284751,169,0.01,18.9,0,0,0.027,-0.014,-1.017,0.3,-1.4,0
62.3384751,166,0.01,18.9,0,0,0.027,-0.014,-1.017,0.3,-1.4,0
62.3484751,169,0.01,18.9,0,0,0.027,-0.014,-1.017,0.3,-1.4,0
62.3584751,175,0,18.8,0,0,0.029,-0.014,-1.001,1.4,-0.5,0
62.3684751,168,0,18.8,0,0,0.029,-0.014,-1.001,1.4,-0.5,0
62.3784751,170,0,18.8,0,0,0.029,-0.014,-1.001,1.4,-0.5,0
62.3884751,170,0,18.8,0,0,0.029,-0.014,-1.001,1.4,-0.5,0
62.3984751,165,0,18.8,0,0,0.029,-0.014,-1.001,1.4,-0.5,0
62.4084751,171,-0.01,18.9,0,0,0.033,-0.011,-0.953,0,-0.1,0
62.4184751,171,-0.01,18.9,0,0,0.033,-0.011,-0.953,0,-0.1,0
62.4284751,166,-0.01,18.9,0,0,0.033,-0.011,-0.953,0,-0.1,0
62.4384751,165,-0.01,18.9,0,0,0.033,-0.011,-0.953,0,-0.1,0
62.4484751,171,-0.01,18.9,0,0,0.033,-0.011,-0.953,0,-0.1,0
62.4584751,168,0,18.8,0,0,0.024,-0.019,-1.062,-0.4,-0.6,0
62.4684751,167,0,18.8,0,0,0.024,-0.019,-1.062,-0.4,-0.6,0
62.4784751,169,0,18.8,0,0,0.024,-0.019,-1.062,-0.4,-0.6,0
62.4884751,164,0,18.8,0,0,0.024,-0.019,-1.062,-0.4,-0.6,0
62.4984751,168,0,18.8,0,0,0.024,-0.019,-1.062,-0.4,-0.6,0
62.5084751,169,0.01,18.8,0,0,0.025,-0.018,-0.996,0.6,-0.9,0.1
62.5184751,162,0.01,18.8,0,0,0.025,-0.018,-0.996,0.6,-0.9,0.1
62.5284751,165,0.01,18.8,0,0,0.025,-0.018,-0.996,0.6,-0.9,0.1
62.5384751,169,0.01,18.8,0,0,0.025,-0.018,-0.996,0.6,-0.9,0.1
62.5484751,166,0.01,18.8,0,0,0.025,-0.018,-0.996,0.6,-0.9,0.1
62.5610217,167,0,18.8,0,0,0.035,0,-0.928,1,-0.6,0
62.5710217,167,0,18.8,0,0,0.035,0,-0.928,1,-0.6,0
62.5810217,163,0,18.8,0,0,0.035,0,-0.928,1,-0.6,0
62.5910217,166,0,18.8,0,0,0.035,0,-0.928,1,-0.6,0
62.6010217,170,0,18.8,0,0,0.035,0,-0.928,1,-0.6,0
62.6110217,163,0,18.8,0,0,0.023,-0.019,-1.08,0.2,-0.1,0
62.6210217,165,0,18.8,0,0,0.023,-0.019,-1.08,0.2,-0.1,0
62.6310217,171,0,18.8,0,0,0.023,-0.019,-1.08,0.2,-0.1,0
62.6410217,168,0,18.8,0,0,0.023,-0.019,-1.08,0.2,-0.1,0
62.6510217,169,0,18.8,0,0,0.023,-0.019,-1.08,0.2,-0.1,0
62.6610217,170,-0.02,18.8,0,0,0.03,-0.016,-1.013,-0.4,-0.5,0
62.6710217,167,-0.02,18.8,0,0,0.03,-0.016,-1.013,-0.4,-0.5,0
62.6810217,169,-0.02,18.8,0,0,0.03,-0.016,-1.013,-0.4,-0.5,0
62.6910217,174,-0.02,18.8,0,0,0.03,-0.016,-1.013,-0.4,-0.5,0
62.7010217,167,-0.02,18.8,0,0,0.03,-0.016,-1.013,-0.4,-0.5,0
62.7110217,168,0,18.8,0,0,0.027,-0.01,-0.967,0,-1.2,0
62.7210217,174,0,18.8,0,0,0.027,-0.01,-0.967,0,-1.2,0
62.7310217,164,0,18.8,0,0,0.027,-0.01,-0.967,0,-1.2,0
62.7410217,166,0,18.8,0,0,0.027,-0.01,-0.967,0,-1.2,0
62.7510217,170,0,18.8,0,0,0.027,-0.01,-0.967,0,-1.2,0
62.7831166,168,0.01,18.8,0,0,0.031,-0.014,-1.024,-0.2,-0.3,0
62.7931166,168,0.01,18.8,0,0,0.031,-0.014,-1.024,-0.2,-0.3,0
62.8031166,171,0.01,18.8,0,0,0.031,-0.014,-1.024,-0.2,-0.3,0
62.8131166,169,0.01,18.8,0,0,0.031,-0.014,-1.024,-0.2,-0.3,0
62.8231166,165,0.01,18.8,0,0,0.031,-0.014,-1.024,-0.2,-0.3,0
62.8331166,172,0,18.9,0,0,0.026,-0.012,-0.996,1.4,-0.4,0
62.8431166,168,0,18.9,0,0,0.026,-0.012,-0.996,1.4,-0.4,0
62.8531166,163,0,18.9,0,0,0.026,-0.012,-0.996,1.4,-0.4,0
62.8631166,168,0,18.9,0,0,0.026,-0.012,-0.996,1.4,-0.4,0
62.8731166,167,0,18.9,0,0,0.026,-0.012,-0.996,1.4,-0.4,0
62.8831166,165,-0.01,18.8,0,0,0.03,-0.015,-1.006,0,-0.7,0
62.8931166,168,-0.01,18.8,0,0,0.03,-0.015,-1.006,0,-0.7,0
62.9031166,165,-0.01,18.8,0,0,0.03,-0.015,-1.006,0,-0.7,0
62.9131166,164,-0.01,18.8,0,0,0.03,-0.015,-1.006,0,-0.7,0
62.9231166,169,-0.01,18.8,0,0,0.03,-0.015,-1.006,0,-0.7,0
62.9331166,168,0,18.8,0,0,0.028,-0.011,-0.993,-1.4,-0.4,0
62.9431166,163,0,18.8,0,0,0.028,-0.011,-0.993,-1.4,-0.4,0
62.9531166,167,0,18.8,0,0,0.028,-0.011,-0.993,-1.4,-0.4,0
62.9631166,167,0,18.8,0,0,0.028,-0.011,-0.993,-1.4,-0.4,0
62.9731166,164,0,18.8,0,0,0.028,-0.011,-0.993,-1.4,-0.4,0
62.9831166,169,0.01,18.8,0,0,0.031,-0.011,-0.96,1.7,-0.6,0
62.9931166,165,0.01,18.8,0,0,0.031,-0.011,-0.96,1.7,-0.6,0
63.0031166,163,0.01,18.8,0,0,0.031,-0.011,-0.96,1.7,-0.6,0
63.0131166,169,0.01,18.8,0,0,0.031,-0.011,-0.96,1.7,-0.6,0
63.0231166,168,0.01,18.8,0,0,0.031,-0.011,-0.96,1.7,-0.6,0
63.2118921,165,0,18.9,0,0,0.026,-0.008,-1.039,1.5,-0.4,0
63.2218921,169,0,18.9,0,0,0.026,-0.008,-1.039,1.5,-0.4,0
63.2318921,171,0,18.9,0,0,0.026,-0.008,-1.039,1.5,-0.4,0
63.2418921,167,0,18.9,0,0,0.026,-0.008,-1.039,1.5,-0.4,0
63.2518921,173,0,18.9,0,0,0.026,-0.008,-1.039,1.5,-0.4,0
63.2618921,168,-0.02,18.8,0,0,0.028,-0.023,-1.024,-1.5,-0.1,0
63.2718921,168,-0.02,18.8,0,0,0.028,-0.023,-1.024,-1.5,-0.1,0
63.2818921,174,-0.02,18.8,0,0,0.028,-0.023,-1.024,-1.5,-0.1,0
63.2918921,170,-0.02,18.8,0,0,0.028,-0.023,-1.024,-1.5,-0.1,0
63.3018921,165,-0.02,18.8,0,0,0.028,-0.023,-1.024,-1.5,-0.1,0
63.3118921,165,0,18.8,0,0,0.03,-0.012,-0.988,0.7,-1,0
63.3218921,171,0,18.8,0,0,0.03,-0.012,-0.988,0.7,-1,0
63.3318921,168,0,18.8,0,0,0.03,-0.012,-0.988,0.7,-1,0
63.3418921,170,0,18.8,0,0,0.03,-0.012,-0.988,0.7,-1,0
63.3518921,169,0,18.8,0,0,0.03,-0.012,-0.988,0.7,-1,0
63.3618921,164,0,18.8,0,0,0.028,-0.007,-0.989,1.1,-0.6,0
63.3718921,171,0,18.8,0,0,0.028,-0.007,-0.989,1.1,-0.6,0
63.3818921,170,0,18.8,0,0,0.028,-0.007,-0.989,1.1,-0.6,0
63.3918921,163,0,18.8,0,0,0.028,-0.007,-0.989,1.1,-0.6,0
63.4018921,166,0,18.8,0,0,0.028,-0.007,-0.989,1.1,-0.6,0
63.4118921,169,0,18.8,0,0,0.025,-0.005,-0.01,0,0,0
63.4218921,165,0,18.8,0,0,0.025,-0.005,-0.01,0,0,0
63.4318921,166,0,18.8,0,0,0.025,-0.005,-0.01,0,0,0
63.4418921,167,0,18.8,0,0,0.025,-0.005,-0.01,0,0,0
63.4518921,163,0,18.8,0,0,0.025,-0.005,-0.01,0,0,0
63.4618921,166,-0.01,18.9,0,0,0.032,-0.023,-1.03,-0.6,-0.6,0
63.4718921,167,-0.01,18.9,0,0,0.032,-0.023,-1.03,-0.6,-0.6,0
63.4818921,167,-0.01,18.9,0,0,0.032,-0.023,-1.03,-0.6,-0.6,0
63.4918921,164,-0.01,18.9,0,0,0.032,-0.023,-1.03,-0.6,-0.6,0
63.5018921,166,-0.01,18.9,0,0,0.032,-0.023,-1.03,-0.6,-0.6,0
63.5118921,170,0,18.9,0,0,0.024,-0.008,-1.017,0.3,0.3,0
63.5218921,166,0,18.9,0,0,0.024,-0.008,-1.017,0.3,0.3,0
63.5318921,168,0,18.9,0,0,0.024,-0.008,-1.017,0.3,0.3,0
63.5418921,172,0,18.9,0,0,0.024,-0.008,-1.017,0.3,0.3,0
63.5518921,167,0,18.9,0,0,0.024,-0.008,-1.017,0.3,0.3,0
63.5618921,168,-0.01,18.9,0,0,0.029,-0.023,-1.005,0.2,-0.5,0
63.5718921,165,-0.01,18.9,0,0,0.029,-0.023,-1.005,0.2,-0.5,0
63.5818921,169,-0.01,18.9,0,0,0.029,-0.023,-1.005,0.2,-0.5,0
63.5918921,167,-0.01,18.9,0,0,0.029,-0.023,-1.005,0.2,-0.5,0
63.6018921,166,-0.01,18.9,0,0,0.029,-0.023,-1.005,0.2,-0.5,0
63.6118921,169,-0.01,18.8,0,0,0.028,-0.004,-0.875,0.3,-0.5,0
63.6218921,167,-0.01,18.8,0,0,0.028,-0.004,-0.875,0.3,-0.5,0
63.6318921,167,-0.01,18.8,0,0,0.028,-0.004,-0.875,0.3,-0.5,0
63.6418921,170,-0.01,18.8,0,0,0.028,-0.004,-0.875,0.3,-0.5,0
63.6518921,166,-0.01,18.8,0,0,0.028,-0.004,-0.875,0.3,-0.5,0
63.6618921,164,0,18.8,0,0,0.031,-0.019,-1.002,0.2,-0.5,0
63.6718921,169,0,18.8,0,0,0.031,-0.019,-1.002,0.2,-0.5,0
63.6818921,167,0,18.8,0,0,0.031,-0.019,-1.002,0.2,-0.5,0
63.6918921,164,0,18.8,0,0,0.031,-0.019,-1.002,0.2,-0.5,0
63.7018921,167,0,18.8,0,0,0.031,-0.019,-1.002,0.2,-0.5,0
63.7118921,166,0.01,18.8,0,0,0.028,-0.015,-1.002,0.3,-0.6,0
63.7218921,166,0.01,18.8,0,0,0.028,-0.015,-1.002,0.3,-0.6,0
63.7318921,169,0.01,18.8,0,0,0.028,-0.015,-1.002,0.3,-0.6,0
63.7418921,165,0.01,18.8,0,0,0.028,-0.015,-1.002,0.3,-0.6,0
63.7518921,163,0.01,18.8,0,0,0.028,-0.015,-1.002,0.3,-0.6,0
63.7618921,169,0,18.8,0,0,0.036,-0.02,-1,0.2,-0.3,0
63.7718921,168,0,18.8,0,0,0.036,-0.02,-1,0.2,-0.3,0
63.7818921,163,0,18.8,0,0,0.036,-0.02,-1,0.2,-0.3,0
63.7918921,167,0,18.8,0,0,0.036,-0.02,-1,0.2,-0.3,0
63.8018921,167,0,18.8,0,0,0.036,-0.02,-1,0.2,-0.3,0
63.8118921,165,-0.01,18.8,0,0,0.024,-0.005,-1.005,0.3,0,0
63.8218921,170,-0.01,18.8,0,0,0.024,-0.005,-1.005,0.3,0,0
63.8318921,168,-0.01,18.8,0,0,0.024,-0.005,-1.005,0.3,0,0
63.8418921,167,-0.01,18.8,0,0,0.024,-0.005,-1.005,0.3,0,0
63.8518921,171,-0.01,18.8,0,0,0.024,-0.005,-1.005,0.3,0,0
63.8618921,169,0,18.8,0,0,0.033,-0.018,-1.002,0.3,-0.3,0
63.8718921,167,0,18.8,0,0,0.033,-0.018,-1.002,0.3,-0.3,0
63.8818921,169,0,18.8,0,0,0.033,-0.018,-1.002,0.3,-0.3,0
63.8918921,174,0,18.8,0,0,0.033,-0.018,-1.002,0.3,-0.3,0
63.9018921,168,0,18.8,0,0,0.033,-0.018,-1.002,0.3,-0.3,0
63.9118921,170,0,18.9,0,0,0.031,-0.017,-0.996,0.3,-0.4,0.1
63.9218921,172,0,18.9,0,0,0.031,-0.017,-0.996,0.3,-0.4,0.1
63.9318921,165,0,18.9,0,0,0.031,-0.017,-0.996,0.3,-0.4,0.1
63.9418921,170,0,18.9,0,0,0.031,-0.017,-0.996,0.3,-0.4,0.1
63.9518921,171,0,18.9,0,0,0.031,-0.017,-0.996,0.3,-0.4,0.1
63.9618921,165,0,18.8,0,0,0.032,-0.019,-1,0.2,-0.4,0
63.9718921,164,0,18.8,0,0,0.032,-0.019,-1,0.2,-0.4,0
63.9818921,172,0,18.8,0,0,0.032,-0.019,-1,0.2,-0.4,0
63.9918921,167,0,18.8,0,0,0.032,-0.019,-1,0.2,-0.4,0
64.0018921,166,0,18.8,0,0,0.032,-0.019,-1,0.2,-0.4,0
64.0118921,170,-0.02,18.8,0,0,0.029,-0.008,-1.006,0.3,-0.6,0
64.0218921,165,-0.02,18.8,0,0,0.029,-0.008,-1.006,0.3,-0.6,0
64.0318921,166,-0.02,18.8,0,0,0.029,-0.008,-1.006,0.3,-0.6,0
64.0418921,168,-0.02,18.8,0,0,0.029,-0.008,-1.006,0.3,-0.6,0
64.0518921,164,-0.02,18.8,0,0,0.029,-0.008,-1.006,0.3,-0.6,0
64.0618921,165,0,18.8,0,0,0.032,-0.018,-1.001,0.4,-0.4,0
64.0718921,170,0,18.8,0,0,0.032,-0.018,-1.001,0.4,-0.4,0
64.0818921,166,0,18.8,0,0,0.032,-0.018,-1.001,0.4,-0.4,0
64.0918921,166,0,18.8,0,0,0.032,-0.018,-1.001,0.4,-0.4,0
64.1018921,167,0,18.8,0,0,0.032,-0.018,-1.001,0.4,-0.4,0
64.1118921,164,0.01,18.8,0,0,0.032,-0.016,-0.998,0.3,-0.3,0
64.1218921,167,0.01,18.8,0,0,0.032,-0.016,-0.998,0.3,-0.3,0
64.1318921,169,0.01,18.8,0,0,0.032,-0.016,-0.998,0.3,-0.3,0
64.1418921,162,0.01,18.8,0,0,0.032,-0.016,-0.998,0.3,-0.3,0
64.1518921,166,0.01,18.8,0,0,0.032,-0.016,-0.998,0.3,-0.3,0
64.1618921,170,0,18.8,0,0,0.032,-0.014,-1.002,0.2,-0.4,0
64.1718921,165,0,18.8,0,0,0.032,-0.014,-1.002,0.2,-0.4,0
64.1818921,167,0,18.8,0,0,0.032,-0.014,-1.002,0.2,-0.4,0
64.1918921,170,0,18.8,0,0,0.032,-0.014,-1.002,0.2,-0.4,0
64.2018921,168,0,18.8,0,0,0.032,-0.014,-1.002,0.2,-0.4,0
64.2118921,170,-0.01,18.9,0,0,0.031,-0.008,-1.003,0.3,-0.6,0
64.2218921,174,-0.01,18.9,0,0,0.031,-0.008,-1.003,0.3,-0.6,0
64.2318921,166,-0.01,18.9,0,0,0.031,-0.008,-1.003,0.3,-0.6,0
64.2418921,163,-0.01,18.9,0,0,0.031,-0.008,-1.003,0.3,-0.6,0
64.2518921,175,-0.01,18.9,0,0,0.031,-0.008,-1.003,0.3,-0.6,0
64.2618921,169,0,18.9,0,0,0.032,-0.016,-1.001,0.3,-0.7,0
64.2718921,170,0,18.9,0,0,0.032,-0.016,-1.001,0.3,-0.7,0
64.2818921,170,0,18.9,0,0,0.032,-0.016,-1.001,0.3,-0.7,0
64.2918921,164,0,18.9,0,0,0.032,-0.016,-1.001,0.3,-0.7,0
64.3018921,170,0,18.9,0,0,0.032,-0.016,-1.001,0.3,-0.7,0
64.3118921,172,0,18.8,0,0,0.034,-0.015,-1,0.2,-0.6,0
64.3218921,166,0,18.8,0,0,0.034,-0.015,-1,0.2,-0.6,0
64.3318921,165,0,18.8,0,0,0.034,-0.015,-1,0.2,-0.6,0
64.3418921,173,0,18.8,0,0,0.034,-0.015,-1,0.2,-0.6,0
64.3518921,168,0,18.8,0,0,0.034,-0.015,-1,0.2,-0.6,0
64.3618921,163,0,18.8,0,0,0.031,-0.013,-1.003,0.3,-0.4,0
64.3718921000001,169,0,18.8,0,0,0.031,-0.013,-1.003,0.3,-0.4,0
64.3818921,167,0,18.8,0,0,0.031,-0.013,-1.003,0.3,-0.4,0
64.3918921,164,0,18.8,0,0,0.031,-0.013,-1.003,0.3,-0.4,0
64.4018921000001,169,0,18.8,0,0,0.031,-0.013,-1.003,0.3,-0.4,0
64.4118921000001,165,0,18.9,0,0,0.032,-0.013,-1.004,0.3,-0.6,0
64.4218921000001,163,0,18.9,0,0,0.032,-0.013,-1.004,0.3,-0.6,0
64.4318921000001,169,0,18.9,0,0,0.032,-0.013,-1.004,0.3,-0.6,0
64.4418921000001,168,0,18.9,0,0,0.032,-0.013,-1.004,0.3,-0.6,0
64.4518921000001,164,0,18.9,0,0,0.032,-0.013,-1.004,0.3,-0.6,0
64.4618921000001,168,-0.01,18.9,0,0,0.033,-0.018,-0.996,0.4,-0.6,0
64.4718921000001,166,-0.01,18.9,0,0,0.033,-0.018,-0.996,0.4,-0.6,0
64.4818921000001,164,-0.01,18.9,0,0,0.033,-0.018,-0.996,0.4,-0.6,0
64.4918921000001,169,-0.01,18.9,0,0,0.033,-0.018,-0.996,0.4,-0.6,0
64.5018921000001,164,-0.01,18.9,0,0,0.033,-0.018,-0.996,0.4,-0.6,0
64.5118921000001,164,0,18.8,0,0,0.034,-0.017,-1,0.1,-0.5,0
64.5218921000001,171,0,18.8,0,0,0.034,-0.017,-1,0.1,-0.5,0
64.5318921000001,167,0,18.8,0,0,0.034,-0.017,-1,0.1,-0.5,0
64.5418921000001,166,0,18.8,0,0,0.034,-0.017,-1,0.1,-0.5,0
64.5518921000001,170,0,18.8,0,0,0.034,-0.017,-1,0.1,-0.5,0
64.5618921000001,169,0.01,18.9,0,0,0.03,-0.01,-1.006,0.3,-0.6,0
64.5718921000001,167,0.01,18.9,0,0,0.03,-0.01,-1.006,0.3,-0.6,0
64.5818921000001,173,0.01,18.9,0,0,0.03,-0.01,-1.006,0.3,-0.6,0
64.5918921000001,168,0.01,18.9,0,0,0.03,-0.01,-1.006,0.3,-0.6,0
64.6018921000001,168,0.01,18.9,0,0,0.03,-0.01,-1.006,0.3,-0.6,0
64.6118921000001,174,0,18.8,0,0,0.03,-0.012,-1.003,0.3,-0.7,0
64.6218921000001,164,0,18.8,0,0,0.03,-0.012,-1.003,0.3,-0.7,0
64.6318921000001,166,0,18.8,0,0,0.03,-0.012,-1.003,0.3,-0.7,0
64.6418921000001,171,0,18.8,0,0,0.03,-0.012,-1.003,0.3,-0.7,0
64.6518921000001,168,0,18.8,0,0,0.03,-0.012,-1.003,0.3,-0.7,0
64.6618921000001,168,0,18.8,0,0,0.034,-0.018,-0.996,0.3,-0.6,0
64.6718921000001,172,0,18.8,0,0,0.034,-0.018,-0.996,0.3,-0.6,0
64.6818921000001,168,0,18.8,0,0,0.034,-0.018,-0.996,0.3,-0.6,0
64.6918921000001,165,0,18.8,0,0,0.034,-0.018,-0.996,0.3,-0.6,0
64.7018921000001,173,0,18.8,0,0,0.034,-0.018,-0.996,0.3,-0.6,0
64.7118921000001,170,0,18.8,0,0,0.031,-0.017,-1,0.2,-0.4,0
64.7218921000001,163,0,18.8,0,0,0.031,-0.017,-1,0.2,-0.4,0
64.7318921000001,167,0,18.8,0,0,0.031,-0.017,-1,0.2,-0.4,0
64.7418921000001,170,0,18.8,0,0,0.031,-0.017,-1,0.2,-0.4,0
64.7518921000001,164,0,18.8,0,0,0.031,-0.017,-1,0.2,-0.4,0
64.7618921000001,166,0.01,18.8,0,0,0.031,-0.011,-1.005,0.3,-0.6,0
64.7718921000001,167,0.01,18.8,0,0,0.031,-0.011,-1.005,0.3,-0.6,0
64.7818921000001,163,0.01,18.8,0,0,0.031,-0.011,-1.005,0.3,-0.6,0
64.7918921000001,168,0.01,18.8,0,0,0.031,-0.011,-1.005,0.3,-0.6,0
64.8018921000001,170,0.01,18.8,0,0,0.031,-0.011,-1.005,0.3,-0.6,0
64.8118921000002,164,0,18.9,0,0,0.03,-0.015,-0.998,0.4,-0.7,0
64.8218921000002,167,0,18.9,0,0,0.03,-0.015,-0.998,0.4,-0.7,0
64.8318921000001,170,0,18.9,0,0,0.03,-0.015,-0.998,0.4,-0.7,0
64.8418921000002,165,0,18.9,0,0,0.03,-0.015,-0.998,0.4,-0.7,0
64.8518921000002,167,0,18.9,0,0,0.03,-0.015,-0.998,0.4,-0.7,0
64.8618921000002,167,-0.02,18.8,0,0,0.034,-0.018,-0.999,0.3,-0.6,0
64.8718921000002,163,-0.02,18.8,0,0,0.034,-0.018,-0.999,0.3,-0.6,0
64.8818921000002,167,-0.02,18.8,0,0,0.034,-0.018,-0.999,0.3,-0.6,0
64.8918921000002,169,-0.02,18.8,0,0,0.034,-0.018,-0.999,0.3,-0.6,0
64.9018921000002,164,-0.02,18.8,0,0,0.034,-0.018,-0.999,0.3,-0.6,0
64.9118921000002,167,-0.01,18.8,0,0,0.032,-0.015,-1.002,0.1,-0.5,0
64.9218921000002,172,-0.01,18.8,0,0,0.032,-0.015,-1.002,0.1,-0.5,0
64.9318921000002,168,-0.01,18.8,0,0,0.032,-0.015,-1.002,0.1,-0.5,0
64.9418921000002,173,-0.01,18.8,0,0,0.032,-0.015,-1.002,0.1,-0.5,0
64.9518921000002,168,-0.01,18.8,0,0,0.032,-0.015,-1.002,0.1,-0.5,0
64.9618921000002,168,0.01,18.9,0,0,0.031,-0.01,-1.005,0.3,-0.4,0
64.9718921000002,174,0.01,18.9,0,0,0.031,-0.01,-1.005,0.3,-0.4,0
64.9818921000002,170,0.01,18.9,0,0,0.031,-0.01,-1.005,0.3,-0.4,0
64.9918921000002,166,0.01,18.9,0,0,0.031,-0.01,-1.005,0.3,-0.4,0
65.0018921000002,164,0.01,18.9,0,0,0.031,-0.01,-1.005,0.3,-0.4,0
65.0118921000002,169,0,18.9,0,0,0.03,-0.015,-1.002,0.3,-0.6,0
65.0218921000002,168,0,18.9,0,0,0.03,-0.015,-1.002,0.3,-0.6,0
65.0318921000002,168,0,18.9,0,0,0.03,-0.015,-1.002,0.3,-0.6,0
65.0418921000002,168,0,18.9,0,0,0.03,-0.015,-1.002,0.3,-0.6,0
65.0518921000002,166,0,18.9,0,0,0.03,-0.015,-1.002,0.3,-0.6,0
65.0618921000002,168,-0.01,18.9,0,0,0.034,-0.017,-0.996,0.2,-0.6,0
65.0718921000002,170,-0.01,18.9,0,0,0.034,-0.017,-0.996,0.2,-0.6,0
65.0818921000002,167,-0.01,18.9,0,0,0.034,-0.017,-0.996,0.2,-0.6,0
65.0918921000002,165,-0.01,18.9,0,0,0.034,-0.017,-0.996,0.2,-0.6,0
65.1018921000002,169,-0.01,18.9,0,0,0.034,-0.017,-0.996,0.2,-0.6,0
65.1118921000002,166,0,18.9,0,0,0.032,-0.013,-1.003,0.2,-0.6,0
65.1218921000002,164,0,18.9,0,0,0.032,-0.013,-1.003,0.2,-0.6,0
65.1318921000002,167,0,18.9,0,0,0.032,-0.013,-1.003,0.2,-0.6,0
65.1418921000002,166,0,18.9,0,0,0.032,-0.013,-1.003,0.2,-0.6,0
65.1518921000002,166,0,18.9,0,0,0.032,-0.013,-1.003,0.2,-0.6,0
65.1618921000002,169,0,18.9,0,0,0.03,-0.012,-1.005,0.3,-0.6,0
65.1718921000002,165,0,18.9,0,0,0.03,-0.012,-1.005,0.3,-0.6,0
65.1818921000002,163,0,18.9,0,0,0.03,-0.012,-1.005,0.3,-0.6,0
65.1918921000002,169,0,18.9,0,0,0.03,-0.012,-1.005,0.3,-0.6,0
65.2018921000002,168,0,18.9,0,0,0.03,-0.012,-1.005,0.3,-0.6,0
65.2118921000002,162,0,18.8,0,0,0.033,-0.017,-0.996,0.3,-0.7,0
65.2218921000002,167,0,18.8,0,0,0.033,-0.017,-0.996,0.3,-0.7,0
65.2318921000002,168,0,18.8,0,0,0.033,-0.017,-0.996,0.3,-0.7,0
65.2418921000002,167,0,18.8,0,0,0.033,-0.017,-0.996,0.3,-0.7,0
65.2518921000002,170,0,18.8,0,0,0.033,-0.017,-0.996,0.3,-0.7,0
65.2618921000003,168,-0.01,18.8,0,0,0.033,-0.017,-1,0.3,-0.4,0
65.2718921000003,166,-0.01,18.8,0,0,0.033,-0.017,-1,0.3,-0.4,0
65.2818921000002,170,-0.01,18.8,0,0,0.033,-0.017,-1,0.3,-0.4,0
65.2918921000003,169,-0.01,18.8,0,0,0.033,-0.017,-1,0.3,-0.4,0
65.3018921000003,167,-0.01,18.8,0,0,0.033,-0.017,-1,0.3,-0.4,0
65.3118921000003,170,0,18.8,0,0,0.031,-0.013,-1.003,0.2,-0.4,0
65.3218921000003,174,0,18.8,0,0,0.031,-0.013,-1.003,0.2,-0.4,0
65.3318921000003,168,0,18.8,0,0,0.031,-0.013,-1.003,0.2,-0.4,0
65.3418921000003,170,0,18.8,0,0,0.031,-0.013,-1.003,0.2,-0.4,0
65.3518921000003,172,0,18.8,0,0,0.031,-0.013,-1.003,0.2,-0.4,0
65.3618921000003,165,0,18.8,0,0,0.031,-0.012,-1.003,0.3,-0.6,0.1
65.3718921000003,169,0,18.8,0,0,0.031,-0.012,-1.003,0.3,-0.6,0.1
65.3818921000003,167,0,18.8,0,0,0.031,-0.012,-1.003,0.3,-0.6,0.1
65.3918921000003,167,0,18.8,0,0,0.031,-0.012,-1.003,0.3,-0.6,0.1
65.4018921000003,170,0,18.8,0,0,0.031,-0.012,-1.003,0.3,-0.6,0.1
65.4118921000003,167,-0.01,18.8,0,0,0.033,-0.016,-1,0.3,-0.4,0
65.4218921000003,169,-0.01,18.8,0,0,0.033,-0.016,-1,0.3,-0.4,0
65.4318921000003,162,-0.01,18.8,0,0,0.033,-0.016,-1,0.3,-0.4,0
65.4418921000003,165,-0.01,18.8,0,0,0.033,-0.016,-1,0.3,-0.4,0
65.4518921000003,169,-0.01,18.8,0,0,0.033,-0.016,-1,0.3,-0.4,0
65.4618921000003,165,-0.01,18.9,0,0,0.032,-0.011,-1.005,0.2,-0.5,0
65.4718921000003,166,-0.01,18.9,0,0,0.032,-0.011,-1.005,0.2,-0.5,0
65.4818921000003,167,-0.01,18.9,0,0,0.032,-0.011,-1.005,0.2,-0.5,0
65.4918921000003,164,-0.01,18.9,0,0,0.032,-0.011,-1.005,0.2,-0.5,0
65.5018921000003,167,-0.01,18.9,0,0,0.032,-0.011,-1.005,0.2,-0.5,0
65.5118921000003,169,0,18.8,0,0,0.031,-0.013,-1.001,0.4,-0.6,0
65.5218921000003,164,0,18.8,0,0,0.031,-0.013,-1.001,0.4,-0.6,0
65.5318921000003,166,0,18.8,0,0,0.031,-0.013,-1.001,0.4,-0.6,0
65.5418921000003,169,0,18.8,0,0,0.031,-0.013,-1.001,0.4,-0.6,0
65.5518921000003,164,0,18.8,0,0,0.031,-0.013,-1.001,0.4,-0.6,0
65.5618921000003,168,0,18.9,0,0,0.034,-0.019,-0.994,0.3,-0.6,0
65.5718921000003,170,0,18.9,0,0,0.034,-0.019,-0.994,0.3,-0.6,0
65.5818921000003,166,0,18.9,0,0,0.034,-0.019,-0.994,0.3,-0.6,0
65.5918921000003,169,0,18.9,0,0,0.034,-0.019,-0.994,0.3,-0.6,0
65.6018921000003,173,0,18.9,0,0,0.034,-0.019,-0.994,0.3,-0.6,0
65.6118921000003,166,0,18.8,0,0,0.032,-0.015,-1.001,0.3,-0.4,0
65.6218921000003,164,0,18.8,0,0,0.032,-0.015,-1.001,0.3,-0.4,0
65.6318921000003,175,0,18.8,0,0,0.032,-0.015,-1.001,0.3,-0.4,0
65.6418921000003,169,0,18.8,0,0,0.032,-0.015,-1.001,0.3,-0.4,0
65.6518921000003,170,0,18.8,0,0,0.032,-0.015,-1.001,0.3,-0.4,0
65.6618921000003,164,0,18.9,0,0,0.032,-0.015,-1,0.3,-0.7,0
65.6718921000003,173,0,18.9,0,0,0.032,-0.015,-1,0.3,-0.7,0
65.6818921000003,168,0,18.9,0,0,0.032,-0.015,-1,0.3,-0.7,0
65.6918921000003,166,0,18.9,0,0,0.032,-0.015,-1,0.3,-0.7,0
65.7018921000004,168,0,18.9,0,0,0.032,-0.015,-1,0.3,-0.7,0
65.7118921000004,164,0.01,18.9,0,0,0.033,-0.017,-0.997,0.3,-0.7,0
65.7218921000004,167,0.01,18.9,0,0,0.033,-0.017,-0.997,0.3,-0.7,0
65.7318921000004,169,0.01,18.9,0,0,0.033,-0.017,-0.997,0.3,-0.7,0
65.7418921000004,164,0.01,18.9,0,0,0.033,-0.017,-0.997,0.3,-0.7,0
65.7518921000004,165,0.01,18.9,0,0,0.033,-0.017,-0.997,0.3,-0.7,0
65.7618921000004,168,0,18.9,0,0,0.031,-0.011,-1.003,0.3,-1.1,0
65.7718921000004,165,0,18.9,0,0,0.031,-0.011,-1.003,0.3,-1.1,0
65.7818921000004,166,0,18.9,0,0,0.031,-0.011,-1.003,0.3,-1.1,0
65.7918921000004,168,0,18.9,0,0,0.031,-0.011,-1.003,0.3,-1.1,0
65.8018921000004,164,0,18.9,0,0,0.031,-0.011,-1.003,0.3,-1.1,0
65.8118921000004,164,-0.02,18.9,0,0,0.03,-0.015,-1.004,0.3,-1.5,0
65.8218921000004,169,-0.02,18.9,0,0,0.03,-0.015,-1.004,0.3,-1.5,0
65.8318921000004,164,-0.02,18.9,0,0,0.03,-0.015,-1.004,0.3,-1.5,0
65.8418921000004,164,-0.02,18.9,0,0,0.03,-0.015,-1.004,0.3,-1.5,0
65.8518921000004,170,-0.02,18.9,0,0,0.03,-0.015,-1.004,0.3,-1.5,0
65.8618921000004,167,0,18.9,0,0,0.031,-0.024,-1,0.3,-1.5,0
65.8718921000004,166,0,18.9,0,0,0.031,-0.024,-1,0.3,-1.5,0
65.8818921000004,170,0,18.9,0,0,0.031,-0.024,-1,0.3,-1.5,0
65.8918921000004,169,0,18.9,0,0,0.031,-0.024,-1,0.3,-1.5,0
65.9018921000004,167,0,18.9,0,0,0.031,-0.024,-1,0.3,-1.5,0
65.9118921000004,174,0.01,18.8,0,0,0.027,-0.014,-1.03,0.1,-1.2,0
65.9218921000004,168,0.01,18.8,0,0,0.027,-0.014,-1.03,0.1,-1.2,0
65.9318921000004,166,0.01,18.8,0,0,0.027,-0.014,-1.03,0.1,-1.2,0
65.9418921000004,173,0.01,18.8,0,0,0.027,-0.014,-1.03,0.1,-1.2,0
65.9518921000004,164,0.01,18.8,0,0,0.027,-0.014,-1.03,0.1,-1.2,0
65.9618921000004,167,0,18.8,0,0,0.028,-0.013,-1.03,0.2,-1,0.1
65.9718921000004,171,0,18.8,0,0,0.028,-0.013,-1.03,0.2,-1,0.1
65.9818921000004,169,0,18.8,0,0,0.028,-0.013,-1.03,0.2,-1,0.1
65.9918921000004,167,0,18.8,0,0,0.028,-0.013,-1.03,0.2,-1,0.1
66.0018921000004,171,0,18.8,0,0,0.028,-0.013,-1.03,0.2,-1,0.1
66.0118921000004,169,-0.01,18.9,0,0,0.025,-0.02,-1.058,-1.7,-0.4,0.1
66.0218921000004,163,-0.01,18.9,0,0,0.025,-0.02,-1.058,-1.7,-0.4,0.1
66.0318921000004,170,-0.01,18.9,0,0,0.025,-0.02,-1.058,-1.7,-0.4,0.1
66.0418921000004,168,-0.01,18.9,0,0,0.025,-0.02,-1.058,-1.7,-0.4,0.1
66.0518921000004,163,-0.01,18.9,0,0,0.025,-0.02,-1.058,-1.7,-0.4,0.1
66.0618921000004,169,0,18.9,0,0,0.034,-0.013,-0.96,0.6,-1,0
66.0718921000004,167,0,18.9,0,0,0.034,-0.013,-0.96,0.6,-1,0
66.0818921000004,164,0,18.9,0,0,0.034,-0.013,-0.96,0.6,-1,0
66.0918921000004,169,0,18.9,0,0,0.034,-0.013,-0.96,0.6,-1,0
66.1018921000004,165,0,18.9,0,0,0.034,-0.013,-0.96,0.6,-1,0
66.1118921000004,163,0.01,18.8,0,0,0.027,0,-0.997,1.1,-1,0
66.1218921000005,169,0.01,18.8,0,0,0.027,0,-0.997,1.1,-1,0
66.1318921000004,169,0.01,18.8,0,0,0.027,0,-0.997,1.1,-1,0
66.1418921000004,164,0.01,18.8,0,0,0.027,0,-0.997,1.1,-1,0
66.1518921000005,167,0.01,18.8,0,0,0.027,0,-0.997,1.1,-1,0
66.1618921000005,166,0.01,18.8,0,0,0.026,-0.016,-1.026,0,0.1,0
66.1718921000005,164,0.01,18.8,0,0,0.026,-0.016,-1.026,0,0.1,0
66.1818921000005,169,0.01,18.8,0,0,0.026,-0.016,-1.026,0,0.1,0
66.1918921000005,164,0.01,18.8,0,0,0.026,-0.016,-1.026,0,0.1,0
66.2018921000005,164,0.01,18.8,0,0,0.026,-0.016,-1.026,0,0.1,0
66.2118921000005,171,-0.01,18.8,0,0,0.029,-0.025,-1.034,1,-1,0
66.2218921000005,170,-0.01,18.8,0,0,0.029,-0.025,-1.034,1,-1,0
66.2318921000005,165,-0.01,18.8,0,0,0.029,-0.025,-1.034,1,-1,0
66.2418921000005,168,-0.01,18.8,0,0,0.029,-0.025,-1.034,1,-1,0
66.2518921000005,172,-0.01,18.8,0,0,0.029,-0.025,-1.034,1,-1,0
66.2618921000005,168,0,18.9,0,0,0.031,-0.01,-0.981,-0.1,-0.9,0
66.2718921000005,173,0,18.9,0,0,0.031,-0.01,-0.981,-0.1,-0.9,0
66.2818921000005,169,0,18.9,0,0,0.031,-0.01,-0.981,-0.1,-0.9,0
66.2918921000005,168,0,18.9,0,0,0.031,-0.01,-0.981,-0.1,-0.9,0
66.3018921000005,173,0,18.9,0,0,0.031,-0.01,-0.981,-0.1,-0.9,0
66.3422757,171,0,18.9,0,0,0.029,-0.004,-0.962,-0.7,0,0
66.3522757,166,0,18.9,0,0,0.029,-0.004,-0.962,-0.7,0,0
66.3622757,163,0,18.9,0,0,0.029,-0.004,-0.962,-0.7,0,0
66.3722757,169,0,18.9,0,0,0.029,-0.004,-0.962,-0.7,0,0
66.3822757,168,0,18.9,0,0,0.029,-0.004,-0.962,-0.7,0,0
66.3922757,170,0,18.8,0,0,0.025,-0.02,-1.065,1.4,-0.9,0
66.4022757,170,0,18.8,0,0,0.025,-0.02,-1.065,1.4,-0.9,0
66.4122757,164,0,18.8,0,0,0.025,-0.02,-1.065,1.4,-0.9,0
66.4222757,170,0,18.8,0,0,0.025,-0.02,-1.065,1.4,-0.9,0
66.4322757,170,0,18.8,0,0,0.025,-0.02,-1.065,1.4,-0.9,0
66.4422757,164,0,18.8,0,0,0.03,-0.019,-1.019,0.5,-0.6,0
66.4522757,166,0,18.8,0,0,0.03,-0.019,-1.019,0.5,-0.6,0
66.4622757,169,0,18.8,0,0,0.03,-0.019,-1.019,0.5,-0.6,0
66.4722757,164,0,18.8,0,0,0.03,-0.019,-1.019,0.5,-0.6,0
66.4822757,165,0,18.8,0,0,0.03,-0.019,-1.019,0.5,-0.6,0
66.4922757,167,-0.01,18.9,0,0,0.034,-0.004,-0.914,-1,-0.1,0
66.5022757,164,-0.01,18.9,0,0,0.034,-0.004,-0.914,-1,-0.1,0
66.5122757,168,-0.01,18.9,0,0,0.034,-0.004,-0.914,-1,-0.1,0
66.5222757,169,-0.01,18.9,0,0,0.034,-0.004,-0.914,-1,-0.1,0
66.5322757,163,-0.01,18.9,0,0,0.034,-0.004,-0.914,-1,-0.1,0
66.5422757,166,0,18.9,0,0,0.024,-0.009,-1.031,0.3,-0.9,0
66.5522757,169,0,18.9,0,0,0.024,-0.009,-1.031,0.3,-0.9,0
66.5622757,165,0,18.9,0,0,0.024,-0.009,-1.031,0.3,-0.9,0
66.5722757,167,0,18.9,0,0,0.024,-0.009,-1.031,0.3,-0.9,0
66.5822757,167,0,18.9,0,0,0.024,-0.009,-1.031,0.3,-0.9,0
66.5922757,165,0.01,18.9,0,0,0.035,-0.004,-0.9,-0.8,-0.5,0
66.6022757,168,0.01,18.9,0,0,0.035,-0.004,-0.9,-0.8,-0.5,0
66.6122757,169,0.01,18.9,0,0,0.035,-0.004,-0.9,-0.8,-0.5,0
66.6222757,164,0.01,18.9,0,0,0.035,-0.004,-0.9,-0.8,-0.5,0
66.6322757000001,168,0.01,18.9,0,0,0.035,-0.004,-0.9,-0.8,-0.5,0
66.6422757000001,172,0,18.8,0,0,0.025,-0.008,-1.027,0.1,-0.7,0
66.6522757000001,168,0,18.8,0,0,0.025,-0.008,-1.027,0.1,-0.7,0
66.6622757000001,166,0,18.8,0,0,0.025,-0.008,-1.027,0.1,-0.7,0
66.6722757000001,169,0,18.8,0,0,0.025,-0.008,-1.027,0.1,-0.7,0
66.6822757000001,174,0,18.8,0,0,0.025,-0.008,-1.027,0.1,-0.7,0
66.6922757000001,168,0,18.8,0,0,0.027,-0.015,-1.018,1.5,-0.2,0.1
66.7022757000001,171,0,18.8,0,0,0.027,-0.015,-1.018,1.5,-0.2,0.1
66.7122757000001,172,0,18.8,0,0,0.027,-0.015,-1.018,1.5,-0.2,0.1
66.7222757000001,164,0,18.8,0,0,0.027,-0.015,-1.018,1.5,-0.2,0.1
66.7322757000001,170,0,18.8,0,0,0.027,-0.015,-1.018,1.5,-0.2,0.1
66.7422757000001,167,0,18.8,0,0,0.036,-0.016,-0.964,0.4,-0.8,0
66.7522757000001,166,0,18.8,0,0,0.036,-0.016,-0.964,0.4,-0.8,0
66.7622757000001,170,0,18.8,0,0,0.036,-0.016,-0.964,0.4,-0.8,0
66.7722757000001,170,0,18.8,0,0,0.036,-0.016,-0.964,0.4,-0.8,0
66.7822757000001,168,0,18.8,0,0,0.036,-0.016,-0.964,0.4,-0.8,0
66.7922757000001,170,0,18.9,0,0,0.024,-0.012,-1.018,-0.9,-0.4,0.1
66.8022757000001,168,0,18.9,0,0,0.024,-0.012,-1.018,-0.9,-0.4,0.1
66.8122757000001,165,0,18.9,0,0,0.024,-0.012,-1.018,-0.9,-0.4,0.1
66.8222757000001,169,0,18.9,0,0,0.024,-0.012,-1.018,-0.9,-0.4,0.1
66.8322757000001,167,0,18.9,0,0,0.024,-0.012,-1.018,-0.9,-0.4,0.1
66.8422757000001,165,-0.01,18.8,0,0,0.026,-0.016,-0.997,1.5,-0.9,0
66.8522757000001,163,-0.01,18.8,0,0,0.026,-0.016,-0.997,1.5,-0.9,0
66.8622757000001,169,-0.01,18.8,0,0,0.026,-0.016,-0.997,1.5,-0.9,0
66.8722757000001,168,-0.01,18.8,0,0,0.026,-0.016,-0.997,1.5,-0.9,0
66.8822757000001,162,-0.01,18.8,0,0,0.026,-0.016,-0.997,1.5,-0.9,0
66.8922757000001,168,0,18.9,0,0,0.03,-0.025,-1.074,-1.2,-0.1,0
66.9022757000001,169,0,18.9,0,0,0.03,-0.025,-1.074,-1.2,-0.1,0
66.9122757000001,166,0,18.9,0,0,0.03,-0.025,-1.074,-1.2,-0.1,0
66.9222757000001,170,0,18.9,0,0,0.03,-0.025,-1.074,-1.2,-0.1,0
66.9322757000001,168,0,18.9,0,0,0.03,-0.025,-1.074,-1.2,-0.1,0
66.9422757000001,166,0.01,18.9,0,0,0.03,-0.011,-0.952,0.1,-0.7,0
66.9522757000001,171,0.01,18.9,0,0,0.03,-0.011,-0.952,0.1,-0.7,0
66.9622757000001,174,0.01,18.9,0,0,0.03,-0.011,-0.952,0.1,-0.7,0
66.9722757000001,166,0.01,18.9,0,0,0.03,-0.011,-0.952,0.1,-0.7,0
66.9822757000001,164,0.01,18.9,0,0,0.03,-0.011,-0.952,0.1,-0.7,0
66.9922757000001,175,0,18.8,0,0,0.028,-0.001,-0.99,0.6,-1,0.1
67.0022757000001,168,0,18.8,0,0,0.028,-0.001,-0.99,0.6,-1,0.1
67.0122757000001,170,0,18.8,0,0,0.028,-0.001,-0.99,0.6,-1,0.1
67.0222757000001,170,0,18.8,0,0,0.028,-0.001,-0.99,0.6,-1,0.1
67.0322757000001,164,0,18.8,0,0,0.028,-0.001,-0.99,0.6,-1,0.1
67.057123,171,-0.01,18.8,0,0,0.023,-0.019,-1.032,-0.5,0,0
67.067123,172,-0.01,18.8,0,0,0.023,-0.019,-1.032,-0.5,0,0
67.077123,166,-0.01,18.8,0,0,0.023,-0.019,-1.032,-0.5,0,0
67.087123,165,-0.01,18.8,0,0,0.023,-0.019,-1.032,-0.5,0,0
67.097123,172,-0.01,18.8,0,0,0.023,-0.019,-1.032,-0.5,0,0
67.1252993,169,0,18.8,0,0,0.026,-0.002,-0.986,0.1,-0.8,0
67.1352993,163,0,18.8,0,0,0.026,-0.002,-0.986,0.1,-0.8,0
67.1452993,165,0,18.8,0,0,0.026,-0.002,-0.986,0.1,-0.8,0
67.1552993,169,0,18.8,0,0,0.026,-0.002,-0.986,0.1,-0.8,0
67.1652993,166,0,18.8,0,0,0.026,-0.002,-0.986,0.1,-0.8,0
67.1752993,167,0,18.8,0,0,0.028,-0.014,-0.973,-1,-0.2,0
67.1852993,167,0,18.8,0,0,0.028,-0.014,-0.973,-1,-0.2,0
67.1952993,164,0,18.8,0,0,0.028,-0.014,-0.973,-1,-0.2,0
67.2052993,167,0,18.8,0,0,0.028,-0.014,-0.973,-1,-0.2,0
67.2152993,169,0,18.8,0,0,0.028,-0.014,-0.973,-1,-0.2,0
67.2328753,164,-0.01,18.8,0,0,0.029,-0.014,-1.017,2.1,-0.9,0
67.2428753,166,-0.01,18.8,0,0,0.029,-0.014,-1.017,2.1,-0.9,0
67.2528753,170,-0.01,18.8,0,0,0.029,-0.014,-1.017,2.1,-0.9,0
67.2628753,166,-0.01,18.8,0,0,0.029,-0.014,-1.017,2.1,-0.9,0
67.2728753,168,-0.01,18.8,0,0,0.029,-0.014,-1.017,2.1,-0.9,0
67.2828753,170,-0.01,18.9,0,0,0.029,-0.022,-1.032,0.8,-0.4,0
67.2928753,167,-0.01,18.9,0,0,0.029,-0.022,-1.032,0.8,-0.4,0
67.3028753,168,-0.01,18.9,0,0,0.029,-0.022,-1.032,0.8,-0.4,0
67.3128753,174,-0.01,18.9,0,0,0.029,-0.022,-1.032,0.8,-0.4,0
67.3228753,167,-0.01,18.9,0,0,0.029,-0.022,-1.032,0.8,-0.4,0
67.3328753,168,0,18.9,0,0,0.034,-0.003,-0.937,-1.5,-0.3,0
67.3428753,175,0,18.9,0,0,0.034,-0.003,-0.937,-1.5,-0.3,0
67.3528753,164,0,18.9,0,0,0.034,-0.003,-0.937,-1.5,-0.3,0
67.3628753,166,0,18.9,0,0,0.034,-0.003,-0.937,-1.5,-0.3,0
67.3728753,171,0,18.9,0,0,0.034,-0.003,-0.937,-1.5,-0.3,0
67.3828753,169,0.01,18.9,0,0,0.023,-0.015,-1.044,0.3,-0.9,0
67.3928753,167,0.01,18.9,0,0,0.023,-0.015,-1.044,0.3,-0.9,0
67.4028753,171,0.01,18.9,0,0,0.023,-0.015,-1.044,0.3,-0.9,0
67.4128753,168,0.01,18.9,0,0,0.023,-0.015,-1.044,0.3,-0.9,0
67.4228753,165,0.01,18.9,0,0,0.023,-0.015,-1.044,0.3,-0.9,0
67.4328753,173,0,18.8,0,0,0.03,-0.014,-1.01,1.5,-0.6,0
67.4428753,167,0,18.8,0,0,0.03,-0.014,-1.01,1.5,-0.6,0
67.4528753,163,0,18.8,0,0,0.03,-0.014,-1.01,1.5,-0.6,0
67.4628753,169,0,18.8,0,0,0.03,-0.014,-1.01,1.5,-0.6,0
67.4728753,167,0,18.8,0,0,0.03,-0.014,-1.01,1.5,-0.6,0
67.4828753,165,-0.01,18.9,0,0,0.031,-0.011,-0.958,0,-0.1,0
67.4928753000001,168,-0.01,18.9,0,0,0.031,-0.011,-0.958,0,-0.1,0
67.5028753,165,-0.01,18.9,0,0,0.031,-0.011,-0.958,0,-0.1,0
67.5128753,164,-0.01,18.9,0,0,0.031,-0.011,-0.958,0,-0.1,0
67.5228753000001,169,-0.01,18.9,0,0,0.031,-0.011,-0.958,0,-0.1,0
67.5328753000001,168,0,18.9,0,0,0.026,-0.017,-1.062,-0.7,-0.6,0
67.5428753000001,163,0,18.9,0,0,0.026,-0.017,-1.062,-0.7,-0.6,0
67.5528753000001,167,0,18.9,0,0,0.026,-0.017,-1.062,-0.7,-0.6,0
67.5628753000001,166,0,18.9,0,0,0.026,-0.017,-1.062,-0.7,-0.6,0
67.5728753000001,165,0,18.9,0,0,0.026,-0.017,-1.062,-0.7,-0.6,0
67.5828753000001,170,0.01,18.8,0,0,0.027,-0.012,-0.986,0.7,-0.9,0
67.5928753000001,165,0.01,18.8,0,0,0.027,-0.012,-0.986,0.7,-0.9,0
67.6028753000001,164,0.01,18.8,0,0,0.027,-0.012,-0.986,0.7,-0.9,0
67.6128753000001,171,0.01,18.8,0,0,0.027,-0.012,-0.986,0.7,-0.9,0
67.6228753000001,167,0.01,18.8,0,0,0.027,-0.012,-0.986,0.7,-0.9,0
67.6328753000001,166,0,18.9,0,0,0.032,-0.006,-0.944,1.3,-0.7,0
67.6428753000001,171,0,18.9,0,0,0.032,-0.006,-0.944,1.3,-0.7,0
67.6528753000001,172,0,18.9,0,0,0.032,-0.006,-0.944,1.3,-0.7,0
67.6628753000001,167,0,18.9,0,0,0.032,-0.006,-0.944,1.3,-0.7,0
67.6728753000001,172,0,18.9,0,0,0.032,-0.006,-0.944,1.3,-0.7,0
67.6832754,170,-0.01,18.9,0,0,0.027,-0.022,-1.069,-0.2,-0.1,0
67.6932754,168,-0.01,18.9,0,0,0.027,-0.022,-1.069,-0.2,-0.1,0
67.7032754,173,-0.01,18.9,0,0,0.027,-0.022,-1.069,-0.2,-0.1,0
67.7132754,171,-0.01,18.9,0,0,0.027,-0.022,-1.069,-0.2,-0.1,0
67.7232754,166,-0.01,18.9,0,0,0.027,-0.022,-1.069,-0.2,-0.1,0
67.7332754,164,0,18.9,0,0,0.029,-0.01,-0.986,0.3,-0.5,-0.1
67.7432754,169,0,18.9,0,0,0.029,-0.01,-0.986,0.3,-0.5,-0.1
67.7532754,167,0,18.9,0,0,0.029,-0.01,-0.986,0.3,-0.5,-0.1
67.7632754,171,0,18.9,0,0,0.029,-0.01,-0.986,0.3,-0.5,-0.1
67.7732754,170,0,18.9,0,0,0.029,-0.01,-0.986,0.3,-0.5,-0.1
67.7832754,164,0,18.8,0,0,0.03,-0.011,-0.98,0.4,-1.2,0
67.7932754,172,0,18.8,0,0,0.03,-0.011,-0.98,0.4,-1.2,0
67.8032754,171,0,18.8,0,0,0.03,-0.011,-0.98,0.4,-1.2,0
67.8132754,163,0,18.8,0,0,0.03,-0.011,-0.98,0.4,-1.2,0
67.8232754,166,0,18.8,0,0,0.03,-0.011,-0.98,0.4,-1.2,0
67.8332754,169,0,18.8,0,0,0.027,-0.013,-1.025,-0.1,-0.3,0
67.8432754,165,0,18.8,0,0,0.027,-0.013,-1.025,-0.1,-0.3,0
67.8532754,166,0,18.8,0,0,0.027,-0.013,-1.025,-0.1,-0.3,0
67.8632754,167,0,18.8,0,0,0.027,-0.013,-1.025,-0.1,-0.3,0
67.8732754,163,0,18.8,0,0,0.027,-0.013,-1.025,-0.1,-0.3,0
67.8832754,167,-0.01,18.8,0,0,0.033,-0.018,-0.992,1.6,-0.3,0
67.8932754000001,170,-0.01,18.8,0,0,0.033,-0.018,-0.992,1.6,-0.3,0
67.9032754,164,-0.01,18.8,0,0,0.033,-0.018,-0.992,1.6,-0.3,0
67.9132754,165,-0.01,18.8,0,0,0.033,-0.018,-0.992,1.6,-0.3,0
67.9232754000001,169,-0.01,18.8,0,0,0.033,-0.018,-0.992,1.6,-0.3,0
67.9332754000001,165,0,18.9,0,0,0.026,-0.012,-1.015,-0.1,-0.9,0
67.9432754000001,166,0,18.9,0,0,0.026,-0.012,-1.015,-0.1,-0.9,0
67.9532754000001,167,0,18.9,0,0,0.026,-0.012,-1.015,-0.1,-0.9,0
67.9632754000001,164,0,18.9,0,0,0.026,-0.012,-1.015,-0.1,-0.9,0
67.9732754000001,167,0,18.9,0,0,0.026,-0.012,-1.015,-0.1,-0.9,0
67.9832754000001,170,0.01,18.8,0,0,0.029,-0.015,-0.988,-1.4,-0.5,0
67.9932754000001,166,0.01,18.8,0,0,0.029,-0.015,-0.988,-1.4,-0.5,0
68.0032754000001,168,0.01,18.8,0,0,0.029,-0.015,-0.988,-1.4,-0.5,0
68.0132754000001,171,0.01,18.8,0,0,0.029,-0.015,-0.988,-1.4,-0.5,0
68.0232754000001,168,0.01,18.8,0,0,0.029,-0.015,-0.988,-1.4,-0.5,0
68.0566609,166,0,18.8,0,0,0.029,-0.011,-0.975,2,-0.8,0
68.0666609,168,0,18.8,0,0,0.029,-0.011,-0.975,2,-0.8,0
68.0766609,174,0,18.8,0,0,0.029,-0.011,-0.975,2,-0.8,0
68.0866609,168,0,18.8,0,0,0.029,-0.011,-0.975,2,-0.8,0
68.0966609,171,0,18.8,0,0,0.029,-0.011,-0.975,2,-0.8,0
68.1254067,169,-0.01,18.8,0,0,0.028,-0.012,-0.988,-1.7,0,0
68.1354067,167,-0.01,18.8,0,0,0.028,-0.012,-0.988,-1.7,0,0
68.1454067,168,-0.01,18.8,0,0,0.028,-0.012,-0.988,-1.7,0,0
68.1554067,170,-0.01,18.8,0,0,0.028,-0.012,-0.988,-1.7,0,0
68.1654067,166,-0.01,18.8,0,0,0.028,-0.012,-0.988,-1.7,0,0
68.1776235,164,0,18.9,0,0,0.028,-0.019,-1,0.7,-1.2,0
68.1876235,170,0,18.9,0,0,0.028,-0.019,-1,0.7,-1.2,0
68.1976235,168,0,18.9,0,0,0.028,-0.019,-1,0.7,-1.2,0
68.2076235,163,0,18.9,0,0,0.028,-0.019,-1,0.7,-1.2,0
68.2176235,166,0,18.9,0,0,0.028,-0.019,-1,0.7,-1.2,0
68.2276235,165,0.01,18.9,0,0,0.028,-0.003,-0.994,1.4,-0.7,0.1
68.2376235,166,0.01,18.9,0,0,0.028,-0.003,-0.994,1.4,-0.7,0.1
68.2476235,170,0.01,18.9,0,0,0.028,-0.003,-0.994,1.4,-0.7,0.1
68.2576235,165,0.01,18.9,0,0,0.028,-0.003,-0.994,1.4,-0.7,0.1
68.2676235,163,0.01,18.9,0,0,0.028,-0.003,-0.994,1.4,-0.7,0.1
68.2776235,169,0,18.8,0,0,0.03,-0.013,-0.992,0,0.2,0
68.2876235,167,0,18.8,0,0,0.03,-0.013,-0.992,0,0.2,0
68.2976235,162,0,18.8,0,0,0.03,-0.013,-0.992,0,0.2,0
68.3076235,168,0,18.8,0,0,0.03,-0.013,-0.992,0,0.2,0
68.3176235,168,0,18.8,0,0,0.03,-0.013,-0.992,0,0.2,0
68.3338351,166,0,18.8,0,0,0.023,-0.025,-1.08,-0.1,-0.9,0
68.3438351,171,0,18.8,0,0,0.023,-0.025,-1.08,-0.1,-0.9,0
68.3538351,168,0,18.8,0,0,0.023,-0.025,-1.08,-0.1,-0.9,0
68.3638351,166,0,18.8,0,0,0.023,-0.025,-1.08,-0.1,-0.9,0
68.3738351,171,0,18.8,0,0,0.023,-0.025,-1.08,-0.1,-0.9,0
68.3838351,174,0,18.9,0,0,0.029,-0.013,-0.985,0.2,-1,0
68.3938351,167,0,18.9,0,0,0.029,-0.013,-0.985,0.2,-1,0
68.4038351,164,0,18.9,0,0,0.029,-0.013,-0.985,0.2,-1,0
68.4138351,174,0,18.9,0,0,0.029,-0.013,-0.985,0.2,-1,0
68.4238351,168,0,18.9,0,0,0.029,-0.013,-0.985,0.2,-1,0
68.4338351,170,0,18.9,0,0,0.032,-0.003,-0.928,0.3,-0.2,0
68.4438351,170,0,18.9,0,0,0.032,-0.003,-0.928,0.3,-0.2,0
68.4538351,165,0,18.9,0,0,0.032,-0.003,-0.928,0.3,-0.2,0
68.4638351,171,0,18.9,0,0,0.032,-0.003,-0.928,0.3,-0.2,0
68.4738351,171,0,18.9,0,0,0.032,-0.003,-0.928,0.3,-0.2,0
68.4838351,165,0,18.8,0,0,0.023,-0.021,-1.082,0.4,-0.5,0
68.4938351,164,0,18.8,0,0,0.023,-0.021,-1.082,0.4,-0.5,0
68.5038351,171,0,18.8,0,0,0.023,-0.021,-1.082,0.4,-0.5,0
68.5138351,168,0,18.8,0,0,0.023,-0.021,-1.082,0.4,-0.5,0
68.5238351,167,0,18.8,0,0,0.023,-0.021,-1.082,0.4,-0.5,0
68.5338351,169,-0.01,18.8,0,0,0.027,-0.019,-1.019,0.2,-0.6,0.1
68.5438351,165,-0.01,18.8,0,0,0.027,-0.019,-1.019,0.2,-0.6,0.1
68.5538351,167,-0.01,18.8,0,0,0.027,-0.019,-1.019,0.2,-0.6,0.1
68.5638351,168,-0.01,18.8,0,0,0.027,-0.019,-1.019,0.2,-0.6,0.1
68.5738351,163,-0.01,18.8,0,0,0.027,-0.019,-1.019,0.2,-0.6,0.1
68.5838351,165,0,18.9,0,0,0.033,-0.007,-0.917,0,-0.9,0
68.5938351,169,0,18.9,0,0,0.033,-0.007,-0.917,0,-0.9,0
68.6038351,166,0,18.9,0,0,0.033,-0.007,-0.917,0,-0.9,0
68.6138351,166,0,18.9,0,0,0.033,-0.007,-0.917,0,-0.9,0
68.6238351000001,167,0,18.9,0,0,0.033,-0.007,-0.917,0,-0.9,0
68.6338351000001,163,0,18.8,0,0,0.025,-0.009,-1.02,0.1,-0.6,0
68.6438351000001,167,0,18.8,0,0,0.025,-0.009,-1.02,0.1,-0.6,0
68.6538351000001,169,0,18.8,0,0,0.025,-0.009,-1.02,0.1,-0.6,0
68.6638351000001,162,0,18.8,0,0,0.025,-0.009,-1.02,0.1,-0.6,0
68.6738351000001,165,0,18.8,0,0,0.025,-0.009,-1.02,0.1,-0.6,0
68.7006031,170,0,18.8,0,0,0.027,-0.015,-1.02,1.9,-0.1,0.1
68.7106031,166,0,18.8,0,0,0.027,-0.015,-1.02,1.9,-0.1,0.1
68.7206031,169,0,18.8,0,0,0.027,-0.015,-1.02,1.9,-0.1,0.1
68.7306031,171,0,18.8,0,0,0.027,-0.015,-1.02,1.9,-0.1,0.1
68.7406031,167,0,18.8,0,0,0.027,-0.015,-1.02,1.9,-0.1,0.1
68.7857934,164,0,18.8,0,0,0.027,-0.019,-1.024,-1.2,-0.6,0
68.7957934,166,0,18.8,0,0,0.027,-0.019,-1.024,-1.2,-0.6,0
68.8057934,170,0,18.8,0,0,0.027,-0.019,-1.024,-1.2,-0.6,0
68.8157934,168,0,18.8,0,0,0.027,-0.019,-1.024,-1.2,-0.6,0
68.8257934,168,0,18.8,0,0,0.027,-0.019,-1.024,-1.2,-0.6,0
68.8357934,171,0,18.9,0,0,0.03,-0.005,-0.967,1.5,-0.4,0
68.8457934,168,0,18.9,0,0,0.03,-0.005,-0.967,1.5,-0.4,0
68.8557934,164,0,18.9,0,0,0.03,-0.005,-0.967,1.5,-0.4,0
68.8657934,172,0,18.9,0,0,0.03,-0.005,-0.967,1.5,-0.4,0
68.8757934,168,0,18.9,0,0,0.03,-0.005,-0.967,1.5,-0.4,0
68.8922151,164,0,18.8,0,0,0.028,-0.013,-1.018,1.3,-0.6,0
68.9022151,169,0,18.8,0,0,0.028,-0.013,-1.018,1.3,-0.6,0
68.9122151,167,0,18.8,0,0,0.028,-0.013,-1.018,1.3,-0.6,0
68.9222151,164,0,18.8,0,0,0.028,-0.013,-1.018,1.3,-0.6,0
68.9322151,169,0,18.8,0,0,0.028,-0.013,-1.018,1.3,-0.6,0
69.0103084,165,-0.01,18.8,0,0,0.027,-0.026,-1.052,-1.7,-0.1,0
69.0203084,163,-0.01,18.8,0,0,0.027,-0.026,-1.052,-1.7,-0.1,0
69.0303084,170,-0.01,18.8,0,0,0.027,-0.026,-1.052,-1.7,-0.1,0
69.0403084,168,-0.01,18.8,0,0,0.027,-0.026,-1.052,-1.7,-0.1,0
69.0503084,163,-0.01,18.8,0,0,0.027,-0.026,-1.052,-1.7,-0.1,0
69.0603084,167,0,18.9,0,0,0.031,-0.012,-0.955,0.4,-0.8,0
69.0703084,166,0,18.9,0,0,0.031,-0.012,-0.955,0.4,-0.8,0
69.0803084,165,0,18.9,0,0,0.031,-0.012,-0.955,0.4,-0.8,0
69.0903084,169,0,18.9,0,0,0.031,-0.012,-0.955,0.4,-0.8,0
69.1003084,164,0,18.9,0,0,0.031,-0.012,-0.955,0.4,-0.8,0
69.1103084,169,0.01,18.8,0,0,0.025,-0.017,-1.024,-0.2,0.3,0.1
69.1203084,167,0.01,18.8,0,0,0.025,-0.017,-1.024,-0.2,0.3,0.1
69.1303084,174,0.01,18.8,0,0,0.025,-0.017,-1.024,-0.2,0.3,0.1
69.1403084,170,0.01,18.8,0,0,0.025,-0.017,-1.024,-0.2,0.3,0.1
69.1503084,168,0.01,18.8,0,0,0.025,-0.017,-1.024,-0.2,0.3,0.1
69.1603084,173,-0.01,18.8,0,0,0.028,-0.022,-1.031,1.1,-1,0
69.1703084,171,-0.01,18.8,0,0,0.028,-0.022,-1.031,1.1,-1,0
69.1803084,167,-0.01,18.8,0,0,0.028,-0.022,-1.031,1.1,-1,0
69.1903084,164,-0.01,18.8,0,0,0.028,-0.022,-1.031,1.1,-1,0
69.2003084,169,-0.01,18.8,0,0,0.028,-0.022,-1.031,1.1,-1,0
69.2103084,167,0,18.8,0,0,0.029,-0.011,-0.985,0.6,-0.9,0
69.2203084000001,170,0,18.8,0,0,0.029,-0.011,-0.985,0.6,-0.9,0
69.2303084,169,0,18.8,0,0,0.029,-0.011,-0.985,0.6,-0.9,0
69.2403084,165,0,18.8,0,0,0.029,-0.011,-0.985,0.6,-0.9,0
69.2503084000001,172,0,18.8,0,0,0.029,-0.011,-0.985,0.6,-0.9,0
69.2603084000001,171,0,18.8,0,0,0.028,-0.004,-0.96,-0.4,-0.2,0
69.2703084000001,165,0,18.8,0,0,0.028,-0.004,-0.96,-0.4,-0.2,0
69.2803084000001,168,0,18.8,0,0,0.028,-0.004,-0.96,-0.4,-0.2,0
69.2903084000001,172,0,18.8,0,0,0.028,-0.004,-0.96,-0.4,-0.2,0
69.3003084000001,167,0,18.8,0,0,0.028,-0.004,-0.96,-0.4,-0.2,0
69.3103084000001,168,0,18.9,0,0,0.026,-0.02,-1.047,1.5,-0.8,0
69.3203084000001,169,0,18.9,0,0,0.026,-0.02,-1.047,1.5,-0.8,0
69.3303084000001,166,0,18.9,0,0,0.026,-0.02,-1.047,1.5,-0.8,0
69.3403084000001,171,0,18.9,0,0,0.026,-0.02,-1.047,1.5,-0.8,0
69.3503084000001,172,0,18.9,0,0,0.026,-0.02,-1.047,1.5,-0.8,0
69.370028,170,-0.02,18.8,0,0,0.033,-0.001,-0.907,-1.2,-0.2,0
69.380028,167,-0.02,18.8,0,0,0.033,-0.001,-0.907,-1.2,-0.2,0
69.390028,170,-0.02,18.8,0,0,0.033,-0.001,-0.907,-1.2,-0.2,0
69.400028,172,-0.02,18.8,0,0,0.033,-0.001,-0.907,-1.2,-0.2,0
69.410028,166,-0.02,18.8,0,0,0.033,-0.001,-0.907,-1.2,-0.2,0
69.420028,168,0,18.8,0,0,0.026,-0.012,-1.029,0.3,-1,0
69.430028,171,0,18.8,0,0,0.026,-0.012,-1.029,0.3,-1,0
69.440028,168,0,18.8,0,0,0.026,-0.012,-1.029,0.3,-1,0
69.450028,169,0,18.8,0,0,0.026,-0.012,-1.029,0.3,-1,0
69.460028,170,0,18.8,0,0,0.026,-0.012,-1.029,0.3,-1,0
69.470028,172,0.01,18.8,0,0,0.025,-0.012,-1.017,1.4,-0.2,0
69.480028,168,0.01,18.8,0,0,0.025,-0.012,-1.017,1.4,-0.2,0
69.490028,170,0.01,18.8,0,0,0.025,-0.012,-1.017,1.4,-0.2,0
69.500028,172,0.01,18.8,0,0,0.025,-0.012,-1.017,1.4,-0.2,0
69.510028,165,0.01,18.8,0,0,0.025,-0.012,-1.017,1.4,-0.2,0
69.5301836,169,0,18.9,0,0,0.027,-0.017,-0.949,0.2,-0.5,0
69.5401836,167,0,18.9,0,0,0.027,-0.017,-0.949,0.2,-0.5,0
69.5501836,166,0,18.9,0,0,0.027,-0.017,-0.949,0.2,-0.5,0
69.5601836,170,0,18.9,0,0,0.027,-0.017,-0.949,0.2,-0.5,0
69.5701836,170,0,18.9,0,0,0.027,-0.017,-0.949,0.2,-0.5,0
69.5801836,168,-0.01,18.9,0,0,0.026,-0.01,-1.014,1.4,-0.3,0
69.5901836,171,-0.01,18.9,0,0,0.026,-0.01,-1.014,1.4,-0.3,0
69.6001836,169,-0.01,18.9,0,0,0.026,-0.01,-1.014,1.4,-0.3,0
69.6101836,165,-0.01,18.9,0,0,0.026,-0.01,-1.014,1.4,-0.3,0
69.6201836,170,-0.01,18.9,0,0,0.026,-0.01,-1.014,1.4,-0.3,0
69.6301836,170,0,18.8,0,0,0.033,-0.018,-0.974,0.2,-0.6,0
69.6401836,166,0,18.8,0,0,0.033,-0.018,-0.974,0.2,-0.6,0
69.6501836,170,0,18.8,0,0,0.033,-0.018,-0.974,0.2,-0.6,0
69.6601836,169,0,18.8,0,0,0.033,-0.018,-0.974,0.2,-0.6,0
69.6701836,168,0,18.8,0,0,0.033,-0.018,-0.974,0.2,-0.6,0
69.6801836,173,0,18.9,0,0,0.028,-0.011,-1.017,-1.2,-0.4,0
69.6901836,168,0,18.9,0,0,0.028,-0.011,-1.017,-1.2,-0.4,0
69.7001836,166,0,18.9,0,0,0.028,-0.011,-1.017,-1.2,-0.4,0
69.7101836,173,0,18.9,0,0,0.028,-0.011,-1.017,-1.2,-0.4,0
69.7201836,170,0,18.9,0,0,0.028,-0.011,-1.017,-1.2,-0.4,0
69.7533856,165,0,18.8,0,0,0.027,-0.008,-0.975,1.2,-0.7,0
69.7633856,170,0,18.8,0,0,0.027,-0.008,-0.975,1.2,-0.7,0
69.7733856,170,0,18.8,0,0,0.027,-0.008,-0.975,1.2,-0.7,0
69.7833856,168,0,18.8,0,0,0.027,-0.008,-0.975,1.2,-0.7,0
69.7933856,172,0,18.8,0,0,0.027,-0.008,-0.975,1.2,-0.7,0
69.8344718,164,0,18.8,0,0,0.028,-0.027,-1.058,-1.1,0,0
69.8444718,175,0,18.8,0,0,0.028,-0.027,-1.058,-1.1,0,0
69.8544718,169,0,18.8,0,0,0.028,-0.027,-1.058,-1.1,0,0
69.8644718,170,0,18.8,0,0,0.028,-0.027,-1.058,-1.1,0,0
69.8744718,170,0,18.8,0,0,0.028,-0.027,-1.058,-1.1,0,0
69.8844718,165,0.01,18.9,0,0,0.027,-0.024,-1.07,1.9,-1.8,0
69.8944718,171,0.01,18.9,0,0,0.027,-0.024,-1.07,1.9,-1.8,0
69.9044718,171,0.01,18.9,0,0,0.027,-0.024,-1.07,1.9,-1.8,0
69.9144718,165,0.01,18.9,0,0,0.027,-0.024,-1.07,1.9,-1.8,0
69.9244718,166,0.01,18.9,0,0,0.027,-0.024,-1.07,1.9,-1.8,0
69.9344718,174,0,18.9,0,0,0.022,-0.007,-1.021,2,-1,0
69.9444718,168,0,18.9,0,0,0.022,-0.007,-1.021,2,-1,0
69.9544718,167,0,18.9,0,0,0.022,-0.007,-1.021,2,-1,0
69.9644718,170,0,18.9,0,0,0.022,-0.007,-1.021,2,-1,0
69.9744718,165,0,18.9,0,0,0.022,-0.007,-1.021,2,-1,0
69.9980547,169,-0.01,18.9,0,0,0.031,-0.023,-1.043,0.8,0.3,0
70.0080547,172,-0.01,18.9,0,0,0.031,-0.023,-1.043,0.8,0.3,0
70.0180547,166,-0.01,18.9,0,0,0.031,-0.023,-1.043,0.8,0.3,0
70.0280547,168,-0.01,18.9,0,0,0.031,-0.023,-1.043,0.8,0.3,0
70.0380547,171,-0.01,18.9,0,0,0.031,-0.023,-1.043,0.8,0.3,0
70.0594076,168,0,18.8,0,0,0.029,-0.02,-0.991,0.3,0.1,0
70.0694076,169,0,18.8,0,0,0.029,-0.02,-0.991,0.3,0.1,0
70.0794076,170,0,18.8,0,0,0.029,-0.02,-0.991,0.3,0.1,0
70.0894076,167,0,18.8,0,0,0.029,-0.02,-0.991,0.3,0.1,0
70.0994076,170,0,18.8,0,0,0.029,-0.02,-0.991,0.3,0.1,0
70.117087,170,0,18.9,0,0,0.028,-0.009,-1.004,0.3,0,0
70.127087,171,0,18.9,0,0,0.028,-0.009,-1.004,0.3,0,0
70.137087,166,0,18.9,0,0,0.028,-0.009,-1.004,0.3,0,0
70.147087,169,0,18.9,0,0,0.028,-0.009,-1.004,0.3,0,0
70.157087,174,0,18.9,0,0,0.028,-0.009,-1.004,0.3,0,0
70.167087,166,-0.01,18.9,0,0,0.027,-0.012,-1.002,0.3,-0.5,0
70.177087,168,-0.01,18.9,0,0,0.027,-0.012,-1.002,0.3,-0.5,0
70.187087,175,-0.01,18.9,0,0,0.027,-0.012,-1.002,0.3,-0.5,0
70.197087,164,-0.01,18.9,0,0,0.027,-0.012,-1.002,0.3,-0.5,0
70.207087,166,-0.01,18.9,0,0,0.027,-0.012,-1.002,0.3,-0.5,0
70.2271121,171,0,18.9,0,0,0.033,-0.023,-1,0.3,-0.5,0
70.2371121,169,0,18.9,0,0,0.033,-0.023,-1,0.3,-0.5,0
70.2471121,167,0,18.9,0,0,0.033,-0.023,-1,0.3,-0.5,0
70.2571121,171,0,18.9,0,0,0.033,-0.023,-1,0.3,-0.5,0
70.2671121,168,0,18.9,0,0,0.033,-0.023,-1,0.3,-0.5,0
70.2771121,165,0,18.8,0,0,0.031,-0.013,-1,0.3,-0.3,0
70.2871121,173,0,18.8,0,0,0.031,-0.013,-1,0.3,-0.3,0
70.2971121,168,0,18.8,0,0,0.031,-0.013,-1,0.3,-0.3,0
70.3071121,165,0,18.8,0,0,0.031,-0.013,-1,0.3,-0.3,0
70.3171121,171,0,18.8,0,0,0.031,-0.013,-1,0.3,-0.3,0
70.3548174,168,0,18.8,0,0,0.029,-0.008,-1.002,0.2,-0.4,0
70.3648174,166,0,18.8,0,0,0.029,-0.008,-1.002,0.2,-0.4,0
70.3748174,172,0,18.8,0,0,0.029,-0.008,-1.002,0.2,-0.4,0
70.3848174,168,0,18.8,0,0,0.029,-0.008,-1.002,0.2,-0.4,0
70.3948174,165,0,18.8,0,0,0.029,-0.008,-1.002,0.2,-0.4,0
70.4186792,167,-0.01,18.8,0,0,0.033,-0.019,-0.999,0.3,-0.4,0
70.4286792,172,-0.01,18.8,0,0,0.033,-0.019,-0.999,0.3,-0.4,0
70.4386792,167,-0.01,18.8,0,0,0.033,-0.019,-0.999,0.3,-0.4,0
70.4486792,167,-0.01,18.8,0,0,0.033,-0.019,-0.999,0.3,-0.4,0
70.4586792,174,-0.01,18.8,0,0,0.033,-0.019,-0.999,0.3,-0.4,0
70.4686792,170,0,18.9,0,0,0.03,-0.016,-1.003,0.1,-0.4,0
70.4786792,167,0,18.9,0,0,0.03,-0.016,-1.003,0.1,-0.4,0
70.4886792,170,0,18.9,0,0,0.03,-0.016,-1.003,0.1,-0.4,0
70.4986792,169,0,18.9,0,0,0.03,-0.016,-1.003,0.1,-0.4,0
70.5086792,168,0,18.9,0,0,0.03,-0.016,-1.003,0.1,-0.4,0
70.5493705,174,0,18.9,0,0,0.027,-0.008,-1.006,0.3,-0.5,0
70.5593705,170,0,18.9,0,0,0.027,-0.008,-1.006,0.3,-0.5,0
70.5693705,168,0,18.9,0,0,0.027,-0.008,-1.006,0.3,-0.5,0
70.5793705,173,0,18.9,0,0,0.027,-0.008,-1.006,0.3,-0.5,0
70.5893705,171,0,18.9,0,0,0.027,-0.008,-1.006,0.3,-0.5,0
70.5993705,167,0,18.9,0,0,0.03,-0.017,-1,0.3,-0.6,0
70.6093705,164,0,18.9,0,0,0.03,-0.017,-1,0.3,-0.6,0
70.6193705,169,0,18.9,0,0,0.03,-0.017,-1,0.3,-0.6,0
70.6293705,167,0,18.9,0,0,0.03,-0.017,-1,0.3,-0.6,0
70.6393705,170,0,18.9,0,0,0.03,-0.017,-1,0.3,-0.6,0
70.7085498,170,-0.01,18.9,0,0,0.032,-0.016,-1.001,0.3,-0.6,0
70.7185498,165,-0.01,18.9,0,0,0.032,-0.016,-1.001,0.3,-0.6,0
70.7285498,172,-0.01,18.9,0,0,0.032,-0.016,-1.001,0.3,-0.6,0
70.7385498,171,-0.01,18.9,0,0,0.032,-0.016,-1.001,0.3,-0.6,0
70.7485498,164,-0.01,18.9,0,0,0.032,-0.016,-1.001,0.3,-0.6,0
70.7585498,169,0,18.8,0,0,0.031,-0.015,-1.004,0.2,-0.4,0
70.7685498,171,0,18.8,0,0,0.031,-0.015,-1.004,0.2,-0.4,0
70.7785498,167,0,18.8,0,0,0.031,-0.015,-1.004,0.2,-0.4,0
70.7885498,169,0,18.8,0,0,0.031,-0.015,-1.004,0.2,-0.4,0
70.7985498,170,0,18.8,0,0,0.031,-0.015,-1.004,0.2,-0.4,0
70.8085498,166,0,18.8,0,0,0.028,-0.009,-1.005,0.3,-0.5,0
70.8185498,171,0,18.8,0,0,0.028,-0.009,-1.005,0.3,-0.5,0
70.8285498,172,0,18.8,0,0,0.028,-0.009,-1.005,0.3,-0.5,0
70.8385498,166,0,18.8,0,0,0.028,-0.009,-1.005,0.3,-0.5,0
70.8485498,169,0,18.8,0,0,0.028,-0.009,-1.005,0.3,-0.5,0
70.8585498,172,0,18.8,0,0,0.031,-0.019,-1.001,0.4,-0.6,0.1
70.8685498,168,0,18.8,0,0,0.031,-0.019,-1.001,0.4,-0.6,0.1
70.8785498,168,0,18.8,0,0,0.031,-0.019,-1.001,0.4,-0.6,0.1
70.8885498,169,0,18.8,0,0,0.031,-0.019,-1.001,0.4,-0.6,0.1
70.8985498,167,0,18.8,0,0,0.031,-0.019,-1.001,0.4,-0.6,0.1
70.9085498,170,-0.02,18.9,0,0,0.034,-0.017,-1,0.3,-0.5,0
70.9185498000001,173,-0.02,18.9,0,0,0.034,-0.017,-1,0.3,-0.5,0
70.9285498,167,-0.02,18.9,0,0,0.034,-0.017,-1,0.3,-0.5,0
70.9385498,167,-0.02,18.9,0,0,0.034,-0.017,-1,0.3,-0.5,0
70.9485498000001,171,-0.02,18.9,0,0,0.034,-0.017,-1,0.3,-0.5,0
70.9585498000001,168,0,18.9,0,0,0.03,-0.014,-1.005,0.2,-0.4,0
70.9685498000001,168,0,18.9,0,0,0.03,-0.014,-1.005,0.2,-0.4,0
70.9785498000001,169,0,18.9,0,0,0.03,-0.014,-1.005,0.2,-0.4,0
70.9885498000001,172,0,18.9,0,0,0.03,-0.014,-1.005,0.2,-0.4,0
70.9985498000001,167,0,18.9,0,0,0.03,-0.014,-1.005,0.2,-0.4,0
71.0085498000001,172,0,18.9,0,0,0.03,-0.01,-1.004,0.3,-0.4,0
71.0185498000001,172,0,18.9,0,0,0.03,-0.01,-1.004,0.3,-0.4,0
71.0285498000001,164,0,18.9,0,0,0.03,-0.01,-1.004,0.3,-0.4,0
71.0385498000001,170,0,18.9,0,0,0.03,-0.01,-1.004,0.3,-0.4,0
71.0485498000001,168,0,18.9,0,0,0.03,-0.01,-1.004,0.3,-0.4,0
71.0585498000001,168,-0.01,18.8,0,0,0.033,-0.016,-1.001,0.3,-0.6,0
71.0685498000001,165,-0.01,18.8,0,0,0.033,-0.016,-1.001,0.3,-0.6,0
71.0785498000001,171,-0.01,18.8,0,0,0.033,-0.016,-1.001,0.3,-0.6,0
71.0885498000001,170,-0.01,18.8,0,0,0.033,-0.016,-1.001,0.3,-0.6,0
71.0985498000001,165,-0.01,18.8,0,0,0.033,-0.016,-1.001,0.3,-0.6,0
71.1085498000001,170,-0.01,18.8,0,0,0.028,-0.01,-1.004,0.2,-0.5,0
71.1185498000001,169,-0.01,18.8,0,0,0.028,-0.01,-1.004,0.2,-0.5,0
71.1285498000001,169,-0.01,18.8,0,0,0.028,-0.01,-1.004,0.2,-0.5,0
71.1385498000001,172,-0.01,18.8,0,0,0.028,-0.01,-1.004,0.2,-0.5,0
71.1485498000001,168,-0.01,18.8,0,0,0.028,-0.01,-1.004,0.2,-0.5,0
71.1585498000001,167,0,18.8,0,0,0.033,-0.016,-1.004,0.3,-0.6,0
71.1685498000001,172,0,18.8,0,0,0.033,-0.016,-1.004,0.3,-0.6,0
71.1785498000001,170,0,18.8,0,0,0.033,-0.016,-1.004,0.3,-0.6,0
71.1885498000001,165,0,18.8,0,0,0.033,-0.016,-1.004,0.3,-0.6,0
71.1985498000001,169,0,18.8,0,0,0.033,-0.016,-1.004,0.3,-0.6,0
71.2085498000001,170,0.01,18.9,0,0,0.032,-0.019,-0.999,0.3,-0.5,0
71.2185498000001,169,0.01,18.9,0,0,0.032,-0.019,-0.999,0.3,-0.5,0
71.2285498000001,172,0.01,18.9,0,0,0.032,-0.019,-0.999,0.3,-0.5,0
71.2385498000001,168,0.01,18.9,0,0,0.032,-0.019,-0.999,0.3,-0.5,0
71.2485498000001,167,0.01,18.9,0,0,0.032,-0.019,-0.999,0.3,-0.5,0
71.2594794,171,-0.01,18.9,0,0,0.032,-0.014,-1,0.2,-0.4,0
71.2694794,174,-0.01,18.9,0,0,0.032,-0.014,-1,0.2,-0.4,0
71.2794794,167,-0.01,18.9,0,0,0.032,-0.014,-1,0.2,-0.4,0
71.2894794,164,-0.01,18.9,0,0,0.032,-0.014,-1,0.2,-0.4,0
71.2994794,174,-0.01,18.9,0,0,0.032,-0.014,-1,0.2,-0.4,0
71.3247297,171,0,18.8,0,0,0.03,-0.013,-1.002,0.2,-0.6,0
71.3347297,165,0,18.8,0,0,0.03,-0.013,-1.002,0.2,-0.6,0
71.3447297,165,0,18.8,0,0,0.03,-0.013,-1.002,0.2,-0.6,0
71.3547297,174,0,18.8,0,0,0.03,-0.013,-1.002,0.2,-0.6,0
71.3647297,168,0,18.8,0,0,0.03,-0.013,-1.002,0.2,-0.6,0
73.4390958,182,0,18.9,0,0,0.032,-0.02,-1.004,0.4,-0.6,0
73.4490958,179,0,18.9,0,0,0.032,-0.02,-1.004,0.4,-0.6,0
73.4590958,177,0,18.9,0,0,0.032,-0.02,-1.004,0.4,-0.6,0
73.4690958,181,0,18.9,0,0,0.032,-0.02,-1.004,0.4,-0.6,0
73.4790958,183,0,18.9,0,0,0.032,-0.02,-1.004,0.4,-0.6,0
73.4890958,178,-0.01,18.8,0,0,0.03,-0.012,-1.005,0.3,-0.6,0.1
73.4990958,176,-0.01,18.8,0,0,0.03,-0.012,-1.005,0.3,-0.6,0.1
73.5090958,185,-0.01,18.8,0,0,0.03,-0.012,-1.005,0.3,-0.6,0.1
73.5190958,183,-0.01,18.8,0,0,0.03,-0.012,-1.005,0.3,-0.6,0.1
73.5290958,176,-0.01,18.8,0,0,0.03,-0.012,-1.005,0.3,-0.6,0.1
73.5390958,179,0,18.8,0,0,0.031,-0.008,-1,0.1,-0.5,0
73.5490958,182,0,18.8,0,0,0.031,-0.008,-1,0.1,-0.5,0
73.5590958,179,0,18.8,0,0,0.031,-0.008,-1,0.1,-0.5,0
73.5690958,178,0,18.8,0,0,0.031,-0.008,-1,0.1,-0.5,0
73.5790958,181,0,18.8,0,0,0.031,-0.008,-1,0.1,-0.5,0
73.5890958,183,0,18.9,0,0,0.033,-0.018,-0.995,0.3,-0.5,0
73.5990958,181,0,18.9,0,0,0.033,-0.018,-0.995,0.3,-0.5,0
73.6090958,181,0,18.9,0,0,0.033,-0.018,-0.995,0.3,-0.5,0
73.6190958,182,0,18.9,0,0,0.033,-0.018,-0.995,0.3,-0.5,0
73.6290958,178,0,18.9,0,0,0.033,-0.018,-0.995,0.3,-0.5,0
73.6390958,179,0,18.9,0,0,0.032,-0.02,-1.003,0.3,-0.7,0
73.6490958,184,0,18.9,0,0,0.032,-0.02,-1.003,0.3,-0.7,0
73.6590958,182,0,18.9,0,0,0.032,-0.02,-1.003,0.3,-0.7,0
73.6690958,178,0,18.9,0,0,0.032,-0.02,-1.003,0.3,-0.7,0
73.6790958,180,0,18.9,0,0,0.032,-0.02,-1.003,0.3,-0.7,0
73.6890958,184,0,18.8,0,0,0.029,-0.013,-1.008,0.3,-0.6,0
73.6990958000001,181,0,18.8,0,0,0.029,-0.013,-1.008,0.3,-0.6,0
73.7090958,178,0,18.8,0,0,0.029,-0.013,-1.008,0.3,-0.6,0
73.7190958,182,0,18.8,0,0,0.029,-0.013,-1.008,0.3,-0.6,0
73.7290958000001,186,0,18.8,0,0,0.029,-0.013,-1.008,0.3,-0.6,0
73.7393515,176,0,18.8,0,0,0.033,-0.02,-0.999,0.3,-0.6,0
73.7493515,180,0,18.8,0,0,0.033,-0.02,-0.999,0.3,-0.6,0
73.7593515,179,0,18.8,0,0,0.033,-0.02,-0.999,0.3,-0.6,0
73.7693515,178,0,18.8,0,0,0.033,-0.02,-0.999,0.3,-0.6,0
73.7793515,181,0,18.8,0,0,0.033,-0.02,-0.999,0.3,-0.6,0
73.8035896,185,0,18.8,0,0,0.031,-0.019,-1.002,0.3,-0.6,0.1
73.8135896,181,0,18.8,0,0,0.031,-0.019,-1.002,0.3,-0.6,0.1
73.8235896,176,0,18.8,0,0,0.031,-0.019,-1.002,0.3,-0.6,0.1
73.8335896,181,0,18.8,0,0,0.031,-0.019,-1.002,0.3,-0.6,0.1
73.8435896,182,0,18.8,0,0,0.031,-0.019,-1.002,0.3,-0.6,0.1
73.8644434,185,0,18.8,0,0,0.03,-0.008,-1,0.3,-0.4,0
73.8744434,182,0,18.8,0,0,0.03,-0.008,-1,0.3,-0.4,0
73.8844434,177,0,18.8,0,0,0.03,-0.008,-1,0.3,-0.4,0
73.8944434,181,0,18.8,0,0,0.03,-0.008,-1,0.3,-0.4,0
73.9044434,184,0,18.8,0,0,0.03,-0.008,-1,0.3,-0.4,0
73.9486888,178,-0.01,18.9,0,0,0.033,-0.018,-0.999,0.3,-0.6,0
73.9586888,178,-0.01,18.9,0,0,0.033,-0.018,-0.999,0.3,-0.6,0
73.9686888,184,-0.01,18.9,0,0,0.033,-0.018,-0.999,0.3,-0.6,0
73.9786888,184,-0.01,18.9,0,0,0.033,-0.018,-0.999,0.3,-0.6,0
73.9886888,178,-0.01,18.9,0,0,0.033,-0.018,-0.999,0.3,-0.6,0
74.029362,187,-0.01,18.8,0,0,0.03,-0.01,-1.003,0.3,-0.6,0
74.039362,179,-0.01,18.8,0,0,0.03,-0.01,-1.003,0.3,-0.6,0
74.049362,179,-0.01,18.8,0,0,0.03,-0.01,-1.003,0.3,-0.6,0
74.059362,184,-0.01,18.8,0,0,0.03,-0.01,-1.003,0.3,-0.6,0
74.069362,182,-0.01,18.8,0,0,0.03,-0.01,-1.003,0.3,-0.6,0
74.079362,179,0,18.9,0,0,0.03,-0.01,-1.001,0.1,-0.5,0
74.089362,178,0,18.9,0,0,0.03,-0.01,-1.001,0.1,-0.5,0
74.099362,181,0,18.9,0,0,0.03,-0.01,-1.001,0.1,-0.5,0
74.109362,185,0,18.9,0,0,0.03,-0.01,-1.001,0.1,-0.5,0
74.119362,181,0,18.9,0,0,0.03,-0.01,-1.001,0.1,-0.5,0
75.9005978,191,-0.02,18.8,0,0,0.031,-0.014,-1.001,0.3,-0.6,0
75.9105978,194,-0.02,18.8,0,0,0.031,-0.014,-1.001,0.3,-0.6,0
75.9205978,195,-0.02,18.8,0,0,0.031,-0.014,-1.001,0.3,-0.6,0
75.9305978,192,-0.02,18.8,0,0,0.031,-0.014,-1.001,0.3,-0.6,0
75.9405978,192,-0.02,18.8,0,0,0.031,-0.014,-1.001,0.3,-0.6,0
75.9505978,198,0,18.8,0,0,0.032,-0.012,-1.005,0.3,-0.4,0
75.9605978,200,0,18.8,0,0,0.032,-0.012,-1.005,0.3,-0.4,0
75.9705978,198,0,18.8,0,0,0.032,-0.012,-1.005,0.3,-0.4,0
75.9805978,195,0,18.8,0,0,0.032,-0.012,-1.005,0.3,-0.4,0
75.9905978,193,0,18.8,0,0,0.032,-0.012,-1.005,0.3,-0.4,0
76.0005978,195,0,18.9,0,0,0.031,-0.018,-1.002,0.2,-0.6,0
76.0105978,197,0,18.9,0,0,0.031,-0.018,-1.002,0.2,-0.6,0
76.0205978,191,0,18.9,0,0,0.031,-0.018,-1.002,0.2,-0.6,0
76.0305978,188,0,18.9,0,0,0.031,-0.018,-1.002,0.2,-0.6,0
76.0405978,192,0,18.9,0,0,0.031,-0.018,-1.002,0.2,-0.6,0
76.0733968,195,0,18.8,0,0,0.033,-0.016,-0.999,0.3,-0.5,0
76.0833968,194,0,18.8,0,0,0.033,-0.016,-0.999,0.3,-0.5,0
76.0933968,188,0,18.8,0,0,0.033,-0.016,-0.999,0.3,-0.5,0
76.1033968,189,0,18.8,0,0,0.033,-0.016,-0.999,0.3,-0.5,0
76.1133968,195,0,18.8,0,0,0.033,-0.016,-0.999,0.3,-0.5,0
76.1558433,193,-0.01,18.8,0,0,0.033,-0.014,-1.001,0.3,-0.5,0
76.1658433,192,-0.01,18.8,0,0,0.033,-0.014,-1.001,0.3,-0.5,0
76.1758433,189,-0.01,18.8,0,0,0.033,-0.014,-1.001,0.3,-0.5,0
76.1858433,193,-0.01,18.8,0,0,0.033,-0.014,-1.001,0.3,-0.5,0
76.1958433,196,-0.01,18.8,0,0,0.033,-0.014,-1.001,0.3,-0.5,0
76.2058433,193,0,18.9,0,0,0.03,-0.014,-1.005,0.3,-0.6,0
76.2158433,191,0,18.9,0,0,0.03,-0.014,-1.005,0.3,-0.6,0
76.2258433,194,0,18.9,0,0,0.03,-0.014,-1.005,0.3,-0.6,0
76.2358433,194,0,18.9,0,0,0.03,-0.014,-1.005,0.3,-0.6,0
76.2458433,196,0,18.9,0,0,0.03,-0.014,-1.005,0.3,-0.6,0
76.3043208,192,-0.01,18.8,0,0,0.033,-0.018,-1,0.3,-0.6,0
76.3143208,192,-0.01,18.8,0,0,0.033,-0.018,-1,0.3,-0.6,0
76.3243208,200,-0.01,18.8,0,0,0.033,-0.018,-1,0.3,-0.6,0
76.3343208,199,-0.01,18.8,0,0,0.033,-0.018,-1,0.3,-0.6,0
76.3443208,195,-0.01,18.8,0,0,0.033,-0.018,-1,0.3,-0.6,0
76.3543208,192,0,18.9,0,0,0.032,-0.015,-1,0.3,-0.5,0
76.3643208,194,0,18.9,0,0,0.032,-0.015,-1,0.3,-0.5,0
76.3743208,198,0,18.9,0,0,0.032,-0.015,-1,0.3,-0.5,0
76.3843208,192,0,18.9,0,0,0.032,-0.015,-1,0.3,-0.5,0
76.3943208,188,0,18.9,0,0,0.032,-0.015,-1,0.3,-0.5,0
76.4043208,192,0,18.9,0,0,0.03,-0.012,-1.002,0.2,-0.5,0
76.4143208,194,0,18.9,0,0,0.03,-0.012,-1.002,0.2,-0.5,0
76.4243208,193,0,18.9,0,0,0.03,-0.012,-1.002,0.2,-0.5,0
76.4343208,188,0,18.9,0,0,0.03,-0.012,-1.002,0.2,-0.5,0
76.4443208,191,0,18.9,0,0,0.03,-0.012,-1.002,0.2,-0.5,0
76.4543208,195,0,18.8,0,0,0.031,-0.014,-1.001,0.3,-0.7,0
76.4643208,193,0,18.8,0,0,0.031,-0.014,-1.001,0.3,-0.7,0
76.4743208,189,0,18.8,0,0,0.031,-0.014,-1.001,0.3,-0.7,0
76.4843208,192,0,18.8,0,0,0.031,-0.014,-1.001,0.3,-0.7,0
76.4943208,196,0,18.8,0,0,0.031,-0.014,-1.001,0.3,-0.7,0
76.5043208,194,0.01,18.8,0,0,0.032,-0.016,-1.004,0.2,-0.6,0
76.5143208,194,0.01,18.8,0,0,0.032,-0.016,-1.004,0.2,-0.6,0
76.5243208,191,0.01,18.8,0,0,0.032,-0.016,-1.004,0.2,-0.6,0
76.5343208,188,0.01,18.8,0,0,0.032,-0.016,-1.004,0.2,-0.6,0
76.5443208000001,192,0.01,18.8,0,0,0.032,-0.016,-1.004,0.2,-0.6,0
76.5543208000001,195,-0.02,18.8,0,0,0.032,-0.016,-0.997,0.3,-0.6,0
76.5643208000001,193,-0.02,18.8,0,0,0.032,-0.016,-0.997,0.3,-0.6,0
76.5743208000001,191,-0.02,18.8,0,0,0.032,-0.016,-0.997,0.3,-0.6,0
76.5843208000001,193,-0.02,18.8,0,0,0.032,-0.016,-0.997,0.3,-0.6,0
76.5943208000001,194,-0.02,18.8,0,0,0.032,-0.016,-0.997,0.3,-0.6,0
76.6043208000001,197,0.01,18.8,0,0,0.031,-0.013,-1.002,0.3,-0.4,0
76.6143208000001,192,0.01,18.8,0,0,0.031,-0.013,-1.002,0.3,-0.4,0
76.6243208000001,193,0.01,18.8,0,0,0.031,-0.013,-1.002,0.3,-0.4,0
76.6343208000001,201,0.01,18.8,0,0,0.031,-0.013,-1.002,0.3,-0.4,0
76.6443208000001,198,0.01,18.8,0,0,0.031,-0.013,-1.002,0.3,-0.4,0
76.6543208000001,193,0,18.8,0,0,0.031,-0.012,-1.003,0.1,-0.6,0
76.6643208000001,193,0,18.8,0,0,0.031,-0.012,-1.003,0.1,-0.6,0
76.6743208000001,195,0,18.8,0,0,0.031,-0.012,-1.003,0.1,-0.6,0
76.6843208000001,194,0,18.8,0,0,0.031,-0.012,-1.003,0.1,-0.6,0
76.6943208000001,189,0,18.8,0,0,0.031,-0.012,-1.003,0.1,-0.6,0
76.7043208000001,188,0,18.9,0,0,0.031,-0.016,-1.001,0.4,-0.6,0
76.7143208000001,192,0,18.9,0,0,0.031,-0.016,-1.001,0.4,-0.6,0
76.7243208000001,195,0,18.9,0,0,0.031,-0.016,-1.001,0.4,-0.6,0
76.7343208000001,194,0,18.9,0,0,0.031,-0.016,-1.001,0.4,-0.6,0
76.7443208000001,190,0,18.9,0,0,0.031,-0.016,-1.001,0.4,-0.6,0
76.7543208000001,191,0,18.8,0,0,0.032,-0.016,-1.003,0.3,-0.6,0
76.7643208000001,194,0,18.8,0,0,0.032,-0.016,-1.003,0.3,-0.6,0
76.7743208000001,193,0,18.8,0,0,0.032,-0.016,-1.003,0.3,-0.6,0
76.7843208000001,189,0,18.8,0,0,0.032,-0.016,-1.003,0.3,-0.6,0
76.7943208000001,192,0,18.8,0,0,0.032,-0.016,-1.003,0.3,-0.6,0
76.8043208000001,194,-0.01,18.9,0,0,0.031,-0.013,-1.001,0.2,-0.6,0
76.8143208000001,194,-0.01,18.9,0,0,0.031,-0.013,-1.001,0.2,-0.6,0
76.8243208000001,196,-0.01,18.9,0,0,0.031,-0.013,-1.001,0.2,-0.6,0
76.8343208000001,191,-0.01,18.9,0,0,0.031,-0.013,-1.001,0.2,-0.6,0
76.8443208000001,188,-0.01,18.9,0,0,0.031,-0.013,-1.001,0.2,-0.6,0
78.3707016,0,0,18.8,0,0,0.031,-0.015,-1.002,0.3,-0.6,0
78.3807016,0,0,18.8,0,0,0.031,-0.015,-1.002,0.3,-0.6,0
78.3907016,0,0,18.8,0,0,0.031,-0.015,-1.002,0.3,-0.6,0
78.4007016,0,0,18.8,0,0,0.031,-0.015,-1.002,0.3,-0.6,0
78.4107016,0,0,18.8,0,0,0.031,-0.015,-1.002,0.3,-0.6,0
78.4207016,0,0,18.9,0,0,0.032,-0.015,-1.002,0.3,-0.5,0
78.4307016,0,0,18.9,0,0,0.032,-0.015,-1.002,0.3,-0.5,0
78.4407016,0,0,18.9,0,0,0.032,-0.015,-1.002,0.3,-0.5,0
78.4507016,0,0,18.9,0,0,0.032,-0.015,-1.002,0.3,-0.5,0
78.4607016,0,0,18.9,0,0,0.032,-0.015,-1.002,0.3,-0.5,0
78.4853275,0,0,18.8,0,0,0.031,-0.015,-1.002,0.3,-0.6,0
78.4953275,0,0,18.8,0,0,0.031,-0.015,-1.002,0.3,-0.6,0
78.5053275,0,0,18.8,0,0,0.031,-0.015,-1.002,0.3,-0.6,0
78.5153275,0,0,18.8,0,0,0.031,-0.015,-1.002,0.3,-0.6,0
78.5253275,0,0,18.8,0,0,0.031,-0.015,-1.002,0.3,-0.6,0
78.5353275,0,0,18.8,0,0,0.031,-0.013,-1.002,0.3,-0.6,0
78.5453275,0,0,18.8,0,0,0.031,-0.013,-1.002,0.3,-0.6,0
78.5553275,0,0,18.8,0,0,0.031,-0.013,-1.002,0.3,-0.6,0
78.5653275,0,0,18.8,0,0,0.031,-0.013,-1.002,0.3,-0.6,0
78.5753275,0,0,18.8,0,0,0.031,-0.013,-1.002,0.3,-0.6,0
78.5961814,0,0,18.9,0,0,0.032,-0.016,-1.002,0.2,-0.6,0
78.6061814,0,0,18.9,0,0,0.032,-0.016,-1.002,0.2,-0.6,0
78.6161814,0,0,18.9,0,0,0.032,-0.016,-1.002,0.2,-0.6,0
78.6261814,0,0,18.9,0,0,0.032,-0.016,-1.002,0.2,-0.6,0
78.6361814,0,0,18.9,0,0,0.032,-0.016,-1.002,0.2,-0.6,0
78.6761203,0,0,18.9,0,0,0.03,-0.016,-1.002,0.3,-0.6,0
78.6861203,0,0,18.9,0,0,0.03,-0.016,-1.002,0.3,-0.6,0
78.6961203,0,0,18.9,0,0,0.03,-0.016,-1.002,0.3,-0.6,0
78.7061203,0,0,18.9,0,0,0.03,-0.016,-1.002,0.3,-0.6,0
78.7161203,0,0,18.9,0,0,0.03,-0.016,-1.002,0.3,-0.6,0
78.7579889,0,0,18.8,0,0,0.032,-0.015,-1.003,0.3,-0.6,0
78.7679889,0,0,18.8,0,0,0.032,-0.015,-1.003,0.3,-0.6,0
78.7779889,0,0,18.8,0,0,0.032,-0.015,-1.003,0.3,-0.6,0
78.7879889,0,0,18.8,0,0,0.032,-0.015,-1.003,0.3,-0.6,0
78.7979889,0,0,18.8,0,0,0.032,-0.015,-1.003,0.3,-0.6,0
78.820891,0,0,18.8,0,0,0.031,-0.016,-1.003,0.3,-0.6,0
78.830891,0,0,18.8,0,0,0.031,-0.016,-1.003,0.3,-0.6,0
78.840891,0,0,18.8,0,0,0.031,-0.016,-1.003,0.3,-0.6,0
78.850891,0,0,18.8,0,0,0.031,-0.016,-1.003,0.3,-0.6,0
78.860891,0,0,18.8,0,0,0.031,-0.016,-1.003,0.3,-0.6,0
78.9041216,0,0,18.8,0,0,0.031,-0.015,-1.002,0.3,-0.6,0
78.9141216,0,0,18.8,0,0,0.031,-0.015,-1.002,0.3,-0.6,0
78.9241216,0,0,18.8,0,0,0.031,-0.015,-1.002,0.3,-0.6,0
78.9341216,0,0,18.8,0,0,0.031,-0.015,-1.002,0.3,-0.6,0
78.9441216,0,0,18.8,0,0,0.031,-0.015,-1.002,0.3,-0.6,0
78.9786158,0,0,18.9,0,0,0.032,-0.014,-1.002,0.3,-0.6,0
78.9886158,0,0,18.9,0,0,0.032,-0.014,-1.002,0.3,-0.6,0
78.9986158,0,0,18.9,0,0,0.032,-0.014,-1.002,0.3,-0.6,0
79.0086158,0,0,18.9,0,0,0.032,-0.014,-1.002,0.3,-0.6,0
79.0186158,0,0,18.9,0,0,0.032,-0.014,-1.002,0.3,-0.6,0
79.0286158,0,0,18.9,0,0,0.031,-0.015,-1.001,0.2,-0.6,0
79.0386158,0,0,18.9,0,0,0.031,-0.015,-1.001,0.2,-0.6,0
79.0486158,0,0,18.9,0,0,0.031,-0.015,-1.001,0.2,-0.6,0
79.0586158,0,0,18.9,0,0,0.031,-0.015,-1.001,0.2,-0.6,0
79.0686158,0,0,18.9,0,0,0.031,-0.015,-1.001,0.2,-0.6,0
79.0786158,0,0,18.8,0,0,0.032,-0.015,-1.002,0.3,-0.6,0
79.0886158,0,0,18.8,0,0,0.032,-0.015,-1.002,0.3,-0.6,0
79.0986158,0,0,18.8,0,0,0.032,-0.015,-1.002,0.3,-0.6,0
79.1086158,0,0,18.8,0,0,0.032,-0.015,-1.002,0.3,-0.6,0
79.1186158,0,0,18.8,0,0,0.032,-0.015,-1.002,0.3,-0.6,0
79.1286158,0,-0.01,18.9,0,0,0.03,-0.015,-1.002,0.3,-0.6,0
79.1386158,0,-0.01,18.9,0,0,0.03,-0.015,-1.002,0.3,-0.6,0
79.1486158,0,-0.01,18.9,0,0,0.03,-0.015,-1.002,0.3,-0.6,0
79.1586158,0,-0.01,18.9,0,0,0.03,-0.015,-1.002,0.3,-0.6,0
79.1686158,0,-0.01,18.9,0,0,0.03,-0.015,-1.002,0.3,-0.6,0
79.2067002,0,0,18.9,0,0,0.032,-0.014,-1.002,0.3,-0.6,0
79.2167002,0,0,18.9,0,0,0.032,-0.014,-1.002,0.3,-0.6,0
79.2267002,0,0,18.9,0,0,0.032,-0.014,-1.002,0.3,-0.6,0
79.2367002,0,0,18.9,0,0,0.032,-0.014,-1.002,0.3,-0.6,0
79.2467002,0,0,18.9,0,0,0.032,-0.014,-1.002,0.3,-0.6,0
79.2567002,0,0,18.9,0,0,0.031,-0.016,-1.002,0.3,-0.6,0
79.2667002,0,0,18.9,0,0,0.031,-0.016,-1.002,0.3,-0.6,0
79.2767002,0,0,18.9,0,0,0.031,-0.016,-1.002,0.3,-0.6,0
79.2867002,0,0,18.9,0,0,0.031,-0.016,-1.002,0.3,-0.6,0
79.2967002,0,0,18.9,0,0,0.031,-0.016,-1.002,0.3,-0.6,0
79.3097509,0,0,18.8,0,0,0.031,-0.015,-1.004,0.2,-0.5,0
79.3197509,0,0,18.8,0,0,0.031,-0.015,-1.004,0.2,-0.5,0
79.3297509,0,0,18.8,0,0,0.031,-0.015,-1.004,0.2,-0.5,0
79.3397509,0,0,18.8,0,0,0.031,-0.015,-1.004,0.2,-0.5,0
79.3497509,0,0,18.8,0,0,0.031,-0.015,-1.004,0.2,-0.5,0
79.3604542,0,0,18.9,0,0,0.032,-0.014,-1.002,0.3,-0.6,0
79.3704542,0,0,18.9,0,0,0.032,-0.014,-1.002,0.3,-0.6,0
79.3804542,0,0,18.9,0,0,0.032,-0.014,-1.002,0.3,-0.6,0
79.3904542,0,0,18.9,0,0,0.032,-0.014,-1.002,0.3,-0.6,0
79.4004542,0,0,18.9,0,0,0.032,-0.014,-1.002,0.3,-0.6,0
79.4318353,0,0,18.9,0,0,0.031,-0.016,-1.001,0.2,-0.6,0
79.4418353,0,0,18.9,0,0,0.031,-0.016,-1.001,0.2,-0.6,0
79.4518353,0,0,18.9,0,0,0.031,-0.016,-1.001,0.2,-0.6,0
79.4618353,0,0,18.9,0,0,0.031,-0.016,-1.001,0.2,-0.6,0
79.4718353,0,0,18.9,0,0,0.031,-0.016,-1.001,0.2,-0.6,0
79.5048054,0,0,18.8,0,0,0.032,-0.015,-1.001,0.2,-0.6,0.1
79.5148054,0,0,18.8,0,0,0.032,-0.015,-1.001,0.2,-0.6,0.1
79.5248054,0,0,18.8,0,0,0.032,-0.015,-1.001,0.2,-0.6,0.1
79.5348054,0,0,18.8,0,0,0.032,-0.015,-1.001,0.2,-0.6,0.1
79.5448054,0,0,18.8,0,0,0.032,-0.015,-1.001,0.2,-0.6,0.1
79.5548054,0,0,18.9,0,0,0.032,-0.016,-1.001,0.2,-0.6,0
79.5648054,0,0,18.9,0,0,0.032,-0.016,-1.001,0.2,-0.6,0
79.5748054,0,0,18.9,0,0,0.032,-0.016,-1.001,0.2,-0.6,0
79.5848054,0,0,18.9,0,0,0.032,-0.016,-1.001,0.2,-0.6,0
79.5948054,0,0,18.9,0,0,0.032,-0.016,-1.001,0.2,-0.6,0
81.6315466,222,0,18.8,0,0,0.032,-0.015,-1.003,0.3,-0.4,0
81.6415466,224,0,18.8,0,0,0.032,-0.015,-1.003,0.3,-0.4,0
81.6515466,223,0,18.8,0,0,0.032,-0.015,-1.003,0.3,-0.4,0
81.6615466,221,0,18.8,0,0,0.032,-0.015,-1.003,0.3,-0.4,0
81.6715466,227,0,18.8,0,0,0.032,-0.015,-1.003,0.3,-0.4,0
81.7036981,219,0.01,18.9,0,0,0.03,-0.013,-1.001,0.4,-0.4,0
81.7136981,219,0.01,18.9,0,0,0.03,-0.013,-1.001,0.4,-0.4,0
81.7236981,222,0.01,18.9,0,0,0.03,-0.013,-1.001,0.4,-0.4,0
81.7336981,220,0.01,18.9,0,0,0.03,-0.013,-1.001,0.4,-0.4,0
81.7436981,223,0.01,18.9,0,0,0.03,-0.013,-1.001,0.4,-0.4,0
81.7539439,223,0,18.9,0,0,0.032,-0.015,-0.997,0.3,-0.6,0
81.7639439,224,0,18.9,0,0,0.032,-0.015,-0.997,0.3,-0.6,0
81.7739439,218,0,18.9,0,0,0.032,-0.015,-0.997,0.3,-0.6,0
81.7839439,221,0,18.9,0,0,0.032,-0.015,-0.997,0.3,-0.6,0
81.7939439,221,0,18.9,0,0,0.032,-0.015,-0.997,0.3,-0.6,0
81.8039439,217,0,18.8,0,0,0.031,-0.015,-1.002,0.4,-0.5,0.1
81.8139439,219,0,18.8,0,0,0.031,-0.015,-1.002,0.4,-0.5,0.1
81.8239439,222,0,18.8,0,0,0.031,-0.015,-1.002,0.4,-0.5,0.1
81.8339439,221,0,18.8,0,0,0.031,-0.015,-1.002,0.4,-0.5,0.1
81.8439439,219,0,18.8,0,0,0.031,-0.015,-1.002,0.4,-0.5,0.1
81.8539439,222,0,18.9,0,0,0.031,-0.015,-0.998,0.4,-0.5,0
81.8639439,221,0,18.9,0,0,0.031,-0.015,-0.998,0.4,-0.5,0
81.8739439,219,0,18.9,0,0,0.031,-0.015,-0.998,0.4,-0.5,0
81.8839439,220,0,18.9,0,0,0.031,-0.015,-0.998,0.4,-0.5,0
81.8939439,222,0,18.9,0,0,0.031,-0.015,-0.998,0.4,-0.5,0
81.9039439,224,-0.01,18.9,0,0,0.032,-0.016,-1,0.4,-0.5,0
81.9139439,222,-0.01,18.9,0,0,0.032,-0.016,-1,0.4,-0.5,0
81.9239439,222,-0.01,18.9,0,0,0.032,-0.016,-1,0.4,-0.5,0
81.9339439,223,-0.01,18.9,0,0,0.032,-0.016,-1,0.4,-0.5,0
81.9439439,218,-0.01,18.9,0,0,0.032,-0.016,-1,0.4,-0.5,0
81.9792666,220,-0.01,18.9,0,0,0.031,-0.016,-1.003,0.4,-0.4,0
81.9892666,223,-0.01,18.9,0,0,0.031,-0.016,-1.003,0.4,-0.4,0
81.9992666,221,-0.01,18.9,0,0,0.031,-0.016,-1.003,0.4,-0.4,0
82.0092666,225,-0.01,18.9,0,0,0.031,-0.016,-1.003,0.4,-0.4,0
82.0192666,226,-0.01,18.9,0,0,0.031,-0.016,-1.003,0.4,-0.4,0
82.0292666,221,-0.01,18.8,0,0,0.031,-0.015,-1.006,0.3,-0.5,0
82.0392666,220,-0.01,18.8,0,0,0.031,-0.015,-1.006,0.3,-0.5,0
82.0492666,222,-0.01,18.8,0,0,0.031,-0.015,-1.006,0.3,-0.5,0
82.0592666,220,-0.01,18.8,0,0,0.031,-0.015,-1.006,0.3,-0.5,0
82.0692666,220,-0.01,18.8,0,0,0.031,-0.015,-1.006,0.3,-0.5,0
82.1208729,220,-0.01,18.8,0,0,0.03,-0.015,-1.003,0.3,-0.5,0
82.1308729,218,-0.01,18.8,0,0,0.03,-0.015,-1.003,0.3,-0.5,0
82.1408729,216,-0.01,18.8,0,0,0.03,-0.015,-1.003,0.3,-0.5,0
82.1508729,221,-0.01,18.8,0,0,0.03,-0.015,-1.003,0.3,-0.5,0
82.1608729,222,-0.01,18.8,0,0,0.03,-0.015,-1.003,0.3,-0.5,0
85.2861911,234,0.01,18.8,0,0,0.031,-0.016,-1.001,0.3,-0.5,0
85.2961911,233,0.01,18.8,0,0,0.031,-0.016,-1.001,0.3,-0.5,0
85.3061911,229,0.01,18.8,0,0,0.031,-0.016,-1.001,0.3,-0.5,0
85.3161911,231,0.01,18.8,0,0,0.031,-0.016,-1.001,0.3,-0.5,0
85.3261911,235,0.01,18.8,0,0,0.031,-0.016,-1.001,0.3,-0.5,0
85.3511896,233,0.01,18.9,0,0,0.03,-0.014,-1,0.4,-0.4,0
85.3611896,235,0.01,18.9,0,0,0.03,-0.014,-1,0.4,-0.4,0
85.3711896,233,0.01,18.9,0,0,0.03,-0.014,-1,0.4,-0.4,0
85.3811896,233,0.01,18.9,0,0,0.03,-0.014,-1,0.4,-0.4,0
85.3911896,237,0.01,18.9,0,0,0.03,-0.014,-1,0.4,-0.4,0
85.4227187,230,0.01,18.8,0,0,0.032,-0.014,-0.997,0.4,-0.5,0
85.4327187,231,0.01,18.8,0,0,0.032,-0.014,-0.997,0.4,-0.5,0
85.4427187,233,0.01,18.8,0,0,0.032,-0.014,-0.997,0.4,-0.5,0
85.4527187,233,0.01,18.8,0,0,0.032,-0.014,-0.997,0.4,-0.5,0
85.4627187,236,0.01,18.8,0,0,0.032,-0.014,-0.997,0.4,-0.5,0
85.503545,230,0,18.8,0,0,0.032,-0.014,-0.998,0.3,-0.7,0
85.513545,233,0,18.8,0,0,0.032,-0.014,-0.998,0.3,-0.7,0
85.523545,234,0,18.8,0,0,0.032,-0.014,-0.998,0.3,-0.7,0
85.533545,232,0,18.8,0,0,0.032,-0.014,-0.998,0.3,-0.7,0
85.543545,230,0,18.8,0,0,0.032,-0.014,-0.998,0.3,-0.7,0
85.5851011,232,-0.01,18.9,0,0,0.032,-0.016,-1.001,0.2,-0.7,0
85.5951011,233,-0.01,18.9,0,0,0.032,-0.016,-1.001,0.2,-0.7,0
85.6051011,233,-0.01,18.9,0,0,0.032,-0.016,-1.001,0.2,-0.7,0
85.6151011,235,-0.01,18.9,0,0,0.032,-0.016,-1.001,0.2,-0.7,0
85.6251011,233,-0.01,18.9,0,0,0.032,-0.016,-1.001,0.2,-0.7,0
85.6351011,237,-0.01,18.8,0,0,0.032,-0.015,-1.006,0.2,-0.6,0
85.6451011,231,-0.01,18.8,0,0,0.032,-0.015,-1.006,0.2,-0.6,0
85.6551011,233,-0.01,18.8,0,0,0.032,-0.015,-1.006,0.2,-0.6,0
85.6651011,233,-0.01,18.8,0,0,0.032,-0.015,-1.006,0.2,-0.6,0
85.6751011,231,-0.01,18.8,0,0,0.032,-0.015,-1.006,0.2,-0.6,0
85.7461502,236,0,18.8,0,0,0.031,-0.015,-1.003,0.3,-0.4,0
85.7561502,231,0,18.8,0,0,0.031,-0.015,-1.003,0.3,-0.4,0
85.7661502,232,0,18.8,0,0,0.031,-0.015,-1.003,0.3,-0.4,0
85.7761502,233,0,18.8,0,0,0.031,-0.015,-1.003,0.3,-0.4,0
85.7861502,232,0,18.8,0,0,0.031,-0.015,-1.003,0.3,-0.4,0
85.8078577,233,0,18.9,0,0,0.031,-0.015,-0.999,0.4,-0.4,0
85.8178577,234,0,18.9,0,0,0.031,-0.015,-0.999,0.4,-0.4,0
85.8278577,230,0,18.9,0,0,0.031,-0.015,-0.999,0.4,-0.4,0
85.8378577,230,0,18.9,0,0,0.031,-0.015,-0.999,0.4,-0.4,0
85.8478577,235,0,18.9,0,0,0.031,-0.015,-0.999,0.4,-0.4,0
85.8807365,234,0.02,18.8,0,0,0.032,-0.014,-0.999,0.3,-0.4,0
85.8907365,232,0.02,18.8,0,0,0.032,-0.014,-0.999,0.3,-0.4,0
85.9007365,234,0.02,18.8,0,0,0.032,-0.014,-0.999,0.3,-0.4,0
85.9107365,234,0.02,18.8,0,0,0.032,-0.014,-0.999,0.3,-0.4,0
85.9207365,234,0.02,18.8,0,0,0.032,-0.014,-0.999,0.3,-0.4,0
85.9307365,229,0,18.8,0,0,0.032,-0.014,-0.997,0.2,-0.6,0
85.9407365,231,0,18.8,0,0,0.032,-0.014,-0.997,0.2,-0.6,0
85.9507365,233,0,18.8,0,0,0.032,-0.014,-0.997,0.2,-0.6,0
85.9607365,232,0,18.8,0,0,0.032,-0.014,-0.997,0.2,-0.6,0
85.9707365,233,0,18.8,0,0,0.032,-0.014,-0.997,0.2,-0.6,0
86.0342711,231,0,18.8,0,0,0.032,-0.015,-1.002,0.2,-0.7,0
86.0442711,232,0,18.8,0,0,0.032,-0.015,-1.002,0.2,-0.7,0
86.0542711,232,0,18.8,0,0,0.032,-0.015,-1.002,0.2,-0.7,0
86.0642711,235,0,18.8,0,0,0.032,-0.015,-1.002,0.2,-0.7,0
86.0742711,236,0,18.8,0,0,0.032,-0.015,-1.002,0.2,-0.7,0
86.0842711,234,-0.02,18.8,0,0,0.031,-0.015,-1.003,0.2,-0.5,0
86.0942711,230,-0.02,18.8,0,0,0.031,-0.015,-1.003,0.2,-0.5,0
86.1042711,229,-0.02,18.8,0,0,0.031,-0.015,-1.003,0.2,-0.5,0
86.1142711,233,-0.02,18.8,0,0,0.031,-0.015,-1.003,0.2,-0.5,0
86.1242711,234,-0.02,18.8,0,0,0.031,-0.015,-1.003,0.2,-0.5,0
86.1763535,234,-0.02,18.8,0,0,0.032,-0.015,-1.003,0.3,-0.4,0
86.1863535,234,-0.02,18.8,0,0,0.032,-0.015,-1.003,0.3,-0.4,0
86.1963535,235,-0.02,18.8,0,0,0.032,-0.015,-1.003,0.3,-0.4,0
86.2063535,233,-0.02,18.8,0,0,0.032,-0.015,-1.003,0.3,-0.4,0
86.2163535,234,-0.02,18.8,0,0,0.032,-0.015,-1.003,0.3,-0.4,0
86.2263535,228,0.01,18.8,0,0,0.031,-0.015,-1,0.4,-0.4,0
86.2363535,233,0.01,18.8,0,0,0.031,-0.015,-1,0.4,-0.4,0
86.2463535,232,0.01,18.8,0,0,0.031,-0.015,-1,0.4,-0.4,0
86.2563535,231,0.01,18.8,0,0,0.031,-0.015,-1,0.4,-0.4,0
86.2663535,234,0.01,18.8,0,0,0.031,-0.015,-1,0.4,-0.4,0
86.3162731,234,0,18.8,0,0,0.031,-0.014,-0.999,0.3,-0.4,0
86.3262731,232,0,18.8,0,0,0.031,-0.014,-0.999,0.3,-0.4,0
86.3362731,235,0,18.8,0,0,0.031,-0.014,-0.999,0.3,-0.4,0
86.3462731,236,0,18.8,0,0,0.031,-0.014,-0.999,0.3,-0.4,0
86.3562731,233,0,18.8,0,0,0.031,-0.014,-0.999,0.3,-0.4,0
86.4084036,232,0,18.8,0,0,0.033,-0.015,-0.992,0,-0.6,0
86.4184036,234,0,18.8,0,0,0.033,-0.015,-0.992,0,-0.6,0
86.4284036,233,0,18.8,0,0,0.033,-0.015,-0.992,0,-0.6,0
86.4384036,212,0,18.8,0,0,0.033,-0.015,-0.992,0,-0.6,0
86.4484036,97,0,18.8,0,0,0.033,-0.015,-0.992,0,-0.6,0
86.4584036,0,0,18.8,0,0,0.032,-0.013,-0.992,0.3,-0.5,0
86.4684036,0,0,18.8,0,0,0.032,-0.013,-0.992,0.3,-0.5,0
86.4784036,26,0,18.8,0,0,0.032,-0.013,-0.992,0.3,-0.5,0
86.4884036,64,0,18.8,0,0,0.032,-0.013,-0.992,0.3,-0.5,0
86.4984036,38,0,18.8,0,0,0.032,-0.013,-0.992,0.3,-0.5,0
86.5084036,0,0,18.8,0,0,0.031,-0.015,-1.001,0.3,-0.6,0
86.5184036,0,0,18.8,0,0,0.031,-0.015,-1.001,0.3,-0.6,0
86.5284036,0,0,18.8,0,0,0.031,-0.015,-1.001,0.3,-0.6,0
86.5384036,0,0,18.8,0,0,0.031,-0.015,-1.001,0.3,-0.6,0
86.5484036,0,0,18.8,0,0,0.031,-0.015,-1.001,0.3,-0.6,0
86.5584036,0,0,18.8,0,0,0.032,-0.015,-1.002,0.3,-0.6,0
86.5684036,0,0,18.8,0,0,0.032,-0.015,-1.002,0.3,-0.6,0
86.5784036,0,0,18.8,0,0,0.032,-0.015,-1.002,0.3,-0.6,0
86.5884036,0,0,18.8,0,0,0.032,-0.015,-1.002,0.3,-0.6,0
86.5984036,0,0,18.8,0,0,0.032,-0.015,-1.002,0.3,-0.6,0
86.6084036,0,0,18.8,0,0,0.034,-0.015,-1,0.3,-0.7,0
86.6184036000001,0,0,18.8,0,0,0.034,-0.015,-1,0.3,-0.7,0
86.6284036,0,0,18.8,0,0,0.034,-0.015,-1,0.3,-0.7,0
86.6384036,0,0,18.8,0,0,0.034,-0.015,-1,0.3,-0.7,0
86.6484036000001,0,0,18.8,0,0,0.034,-0.015,-1,0.3,-0.7,0
86.6584036000001,0,0,18.8,0,0,0.031,-0.014,-1,0.3,-0.5,0
86.6684036000001,0,0,18.8,0,0,0.031,-0.014,-1,0.3,-0.5,0
86.6784036000001,0,0,18.8,0,0,0.031,-0.014,-1,0.3,-0.5,0
86.6884036000001,0,0,18.8,0,0,0.031,-0.014,-1,0.3,-0.5,0
86.6984036000001,0,0,18.8,0,0,0.031,-0.014,-1,0.3,-0.5,0
86.7084036000001,0,0,18.8,0,0,0.033,-0.015,-1.001,0.3,-0.5,0
86.7184036000001,0,0,18.8,0,0,0.033,-0.015,-1.001,0.3,-0.5,0
86.7284036000001,0,0,18.8,0,0,0.033,-0.015,-1.001,0.3,-0.5,0
86.7384036000001,0,0,18.8,0,0,0.033,-0.015,-1.001,0.3,-0.5,0
86.7484036000001,0,0,18.8,0,0,0.033,-0.015,-1.001,0.3,-0.5,0
86.7584036000001,0,0,18.8,0,0,0.032,-0.014,-1.003,0.3,-0.6,0
86.7684036000001,0,0,18.8,0,0,0.032,-0.014,-1.003,0.3,-0.6,0
86.7784036000001,0,0,18.8,0,0,0.032,-0.014,-1.003,0.3,-0.6,0
86.7884036000001,0,0,18.8,0,0,0.032,-0.014,-1.003,0.3,-0.6,0
86.7984036000001,0,0,18.8,0,0,0.032,-0.014,-1.003,0.3,-0.6,0
86.8084036000001,0,0,18.9,0,0,0.031,-0.015,-1.002,0.3,-0.6,0
86.8184036000001,0,0,18.9,0,0,0.031,-0.015,-1.002,0.3,-0.6,0
86.8284036000001,0,0,18.9,0,0,0.031,-0.015,-1.002,0.3,-0.6,0
86.8384036000001,0,0,18.9,0,0,0.031,-0.015,-1.002,0.3,-0.6,0
86.8484036000001,0,0,18.9,0,0,0.031,-0.015,-1.002,0.3,-0.6,0
86.8608009,0,0,18.9,0,0,0.032,-0.014,-1.001,0.3,-0.6,0
86.8708009,0,0,18.9,0,0,0.032,-0.014,-1.001,0.3,-0.6,0
86.8808009,0,0,18.9,0,0,0.032,-0.014,-1.001,0.3,-0.6,0
86.8908009,0,0,18.9,0,0,0.032,-0.014,-1.001,0.3,-0.6,0
86.9008009,0,0,18.9,0,0,0.032,-0.014,-1.001,0.3,-0.6,0
86.9213268,0,0,18.8,0,0,0.031,-0.014,-1.001,0.3,-0.5,0
86.9313268,0,0,18.8,0,0,0.031,-0.014,-1.001,0.3,-0.5,0
86.9413268,0,0,18.8,0,0,0.031,-0.014,-1.001,0.3,-0.5,0
86.9513268,0,0,18.8,0,0,0.031,-0.014,-1.001,0.3,-0.5,0
86.9613268,0,0,18.8,0,0,0.031,-0.014,-1.001,0.3,-0.5,0
87.1732059,0,0.07,18.8,0,0,0.029,-0.013,-1.007,0.3,-0.3,0
87.1832059,0,0.07,18.8,0,0,0.029,-0.013,-1.007,0.3,-0.3,0
87.1932059,0,0.07,18.8,0,0,0.029,-0.013,-1.007,0.3,-0.3,0
87.2032059,0,0.07,18.8,0,0,0.029,-0.013,-1.007,0.3,-0.3,0
87.2132059,63,0.07,18.8,0,0,0.029,-0.013,-1.007,0.3,-0.3,0
87.2232059,127,0,18.8,0,0,0.024,-0.013,-1.037,0.6,-1,0
87.2332059,132,0,18.8,0,0,0.024,-0.013,-1.037,0.6,-1,0
87.2432059,191,0,18.8,0,0,0.024,-0.013,-1.037,0.6,-1,0
87.2532059,256,0,18.8,0,0,0.024,-0.013,-1.037,0.6,-1,0
87.2632059,247,0,18.8,0,0,0.024,-0.013,-1.037,0.6,-1,0
87.2732059,232,0,18.9,0,0,0.03,-0.01,-1.003,0.3,-0.7,0
87.2832059,232,0,18.9,0,0,0.03,-0.01,-1.003,0.3,-0.7,0
87.2932059,234,0,18.9,0,0,0.03,-0.01,-1.003,0.3,-0.7,0
87.3032059,236,0,18.9,0,0,0.03,-0.01,-1.003,0.3,-0.7,0
87.3132059,232,0,18.9,0,0,0.03,-0.01,-1.003,0.3,-0.7,0
87.3232059,233,0.01,18.8,0,0,0.031,-0.011,-0.999,0.1,-0.7,0
87.3332059,234,0.01,18.8,0,0,0.031,-0.011,-0.999,0.1,-0.7,0
87.3432059,231,0.01,18.8,0,0,0.031,-0.011,-0.999,0.1,-0.7,0
87.3532059,229,0.01,18.8,0,0,0.031,-0.011,-0.999,0.1,-0.7,0
87.3632059,233,0.01,18.8,0,0,0.031,-0.011,-0.999,0.1,-0.7,0
87.3732059,233,0.01,18.8,0,0,0.033,-0.015,-0.996,0.2,-0.6,0
87.3832059,233,0.01,18.8,0,0,0.033,-0.015,-0.996,0.2,-0.6,0
87.3932059,235,0.01,18.8,0,0,0.033,-0.015,-0.996,0.2,-0.6,0
87.4032059,235,0.01,18.8,0,0,0.033,-0.015,-0.996,0.2,-0.6,0
87.4132059000001,233,0.01,18.8,0,0,0.033,-0.015,-0.996,0.2,-0.6,0
87.4232059000001,233,0,18.9,0,0,0.032,-0.014,-1.001,0.1,-0.6,0
87.4332059000001,236,0,18.9,0,0,0.032,-0.014,-1.001,0.1,-0.6,0
87.4432059000001,233,0,18.9,0,0,0.032,-0.014,-1.001,0.1,-0.6,0
87.4532059000001,233,0,18.9,0,0,0.032,-0.014,-1.001,0.1,-0.6,0
87.4632059000001,237,0,18.9,0,0,0.032,-0.014,-1.001,0.1,-0.6,0
87.4732059000001,231,0,18.8,0,0,0.032,-0.015,-1,0.2,-0.7,0
87.4832059000001,233,0,18.8,0,0,0.032,-0.015,-1,0.2,-0.7,0
87.4932059000001,232,0,18.8,0,0,0.032,-0.015,-1,0.2,-0.7,0
87.5032059000001,236,0,18.8,0,0,0.032,-0.015,-1,0.2,-0.7,0
87.5132059000001,236,0,18.8,0,0,0.032,-0.015,-1,0.2,-0.7,0
87.5232059000001,230,-0.01,18.8,0,0,0.032,-0.017,-1.001,0.4,-0.5,0
87.5332059000001,233,-0.01,18.8,0,0,0.032,-0.017,-1.001,0.4,-0.5,0
87.5432059000001,234,-0.01,18.8,0,0,0.032,-0.017,-1.001,0.4,-0.5,0
87.5532059000001,232,-0.01,18.8,0,0,0.032,-0.017,-1.001,0.4,-0.5,0
87.5632059000001,233,-0.01,18.8,0,0,0.032,-0.017,-1.001,0.4,-0.5,0
87.5732059000001,233,-0.02,18.9,0,0,0.031,-0.016,-1.003,0.4,-0.4,0
87.5832059000001,231,-0.02,18.9,0,0,0.031,-0.016,-1.003,0.4,-0.4,0
87.5932059000001,232,-0.02,18.9,0,0,0.031,-0.016,-1.003,0.4,-0.4,0
87.6032059000001,234,-0.02,18.9,0,0,0.031,-0.016,-1.003,0.4,-0.4,0
87.6132059000001,233,-0.02,18.9,0,0,0.031,-0.016,-1.003,0.4,-0.4,0
87.6232059000001,232,-0.01,18.8,0,0,0.032,-0.016,-1,0.4,-0.4,0
87.6332059000001,235,-0.01,18.8,0,0,0.032,-0.016,-1,0.4,-0.4,0
87.6432059000001,237,-0.01,18.8,0,0,0.032,-0.016,-1,0.4,-0.4,0
87.6532059000001,234,-0.01,18.8,0,0,0.032,-0.016,-1,0.4,-0.4,0
87.6632059000001,233,-0.01,18.8,0,0,0.032,-0.016,-1,0.4,-0.4,0
87.6732059000001,237,-0.02,18.8,0,0,0.03,-0.013,-0.999,0.3,-0.4,0
87.6832059000001,231,-0.02,18.8,0,0,0.03,-0.013,-0.999,0.3,-0.4,0
87.6932059000001,233,-0.02,18.8,0,0,0.03,-0.013,-0.999,0.3,-0.4,0
87.7032059000001,239,-0.02,18.8,0,0,0.03,-0.013,-0.999,0.3,-0.4,0
87.7132059000001,231,-0.02,18.8,0,0,0.03,-0.013,-0.999,0.3,-0.4,0
87.7621843,229,0,18.9,0,0,0.032,-0.014,-1,0.2,-0.7,0
87.7721843,231,0,18.9,0,0,0.032,-0.014,-1,0.2,-0.7,0
87.7821843,232,0,18.9,0,0,0.032,-0.014,-1,0.2,-0.7,0
87.7921843,232,0,18.9,0,0,0.032,-0.014,-1,0.2,-0.7,0
87.8021843,231,0,18.9,0,0,0.032,-0.014,-1,0.2,-0.7,0
87.8121843,233,0,18.9,0,0,0.032,-0.014,-0.995,0.1,-0.6,0
87.8221843,235,0,18.9,0,0,0.032,-0.014,-0.995,0.1,-0.6,0
87.8321843,236,0,18.9,0,0,0.032,-0.014,-0.995,0.1,-0.6,0
87.8421843,234,0,18.9,0,0,0.032,-0.014,-0.995,0.1,-0.6,0
87.8521843,232,0,18.9,0,0,0.032,-0.014,-0.995,0.1,-0.6,0
87.8621843,233,0,18.8,0,0,0.032,-0.016,-1.002,0.3,-0.7,0.1
87.8721843,234,0,18.8,0,0,0.032,-0.016,-1.002,0.3,-0.7,0.1
87.8821843,232,0,18.8,0,0,0.032,-0.016,-1.002,0.3,-0.7,0.1
87.8921843,231,0,18.8,0,0,0.032,-0.016,-1.002,0.3,-0.7,0.1
87.9021843,233,0,18.8,0,0,0.032,-0.016,-1.002,0.3,-0.7,0.1
87.9121843,233,0.01,18.8,0,0,0.03,-0.012,-1.009,0.2,-0.7,0
87.9221843,232,0.01,18.8,0,0,0.03,-0.012,-1.009,0.2,-0.7,0
87.9321843,234,0.01,18.8,0,0,0.03,-0.012,-1.009,0.2,-0.7,0
87.9421843,234,0.01,18.8,0,0,0.03,-0.012,-1.009,0.2,-0.7,0
87.9521843,234,0.01,18.8,0,0,0.03,-0.012,-1.009,0.2,-0.7,0
87.9621843,231,-0.01,18.8,0,0,0.031,-0.014,-1,0.3,-0.6,0.1
87.9721843,233,-0.01,18.8,0,0,0.031,-0.014,-1,0.3,-0.6,0.1
87.9821843,234,-0.01,18.8,0,0,0.031,-0.014,-1,0.3,-0.6,0.1
87.9921843,235,-0.01,18.8,0,0,0.031,-0.014,-1,0.3,-0.6,0.1
88.0021843,234,-0.01,18.8,0,0,0.031,-0.014,-1,0.3,-0.6,0.1
88.0121843,233,-0.02,18.8,0,0,0.033,-0.015,-0.999,0.2,-0.7,0
88.0221843,234,-0.02,18.8,0,0,0.033,-0.015,-0.999,0.2,-0.7,0
88.0321843,235,-0.02,18.8,0,0,0.033,-0.015,-0.999,0.2,-0.7,0
88.0421843,233,-0.02,18.8,0,0,0.033,-0.015,-0.999,0.2,-0.7,0
88.0521843000001,235,-0.02,18.8,0,0,0.033,-0.015,-0.999,0.2,-0.7,0
88.0621843000001,233,-0.02,18.8,0,0,0.031,-0.015,-1.001,0.2,-0.6,0
88.0721843000001,229,-0.02,18.8,0,0,0.031,-0.015,-1.001,0.2,-0.6,0
88.0821843000001,230,-0.02,18.8,0,0,0.031,-0.015,-1.001,0.2,-0.6,0
88.0921843000001,234,-0.02,18.8,0,0,0.031,-0.015,-1.001,0.2,-0.6,0
88.1021843000001,234,-0.02,18.8,0,0,0.031,-0.015,-1.001,0.2,-0.6,0
88.1121843000001,234,-0.01,18.8,0,0,0.032,-0.013,-1.008,0.3,-0.6,0
88.1221843000001,233,-0.01,18.8,0,0,0.032,-0.013,-1.008,0.3,-0.6,0
88.1321843000001,233,-0.01,18.8,0,0,0.032,-0.013,-1.008,0.3,-0.6,0
88.1421843000001,236,-0.01,18.8,0,0,0.032,-0.013,-1.008,0.3,-0.6,0
88.1521843000001,236,-0.01,18.8,0,0,0.032,-0.013,-1.008,0.3,-0.6,0
88.1621843000001,235,0,18.9,0,0,0.031,-0.015,-1.004,0.3,-0.6,0
88.1721843000001,231,0,18.9,0,0,0.031,-0.015,-1.004,0.3,-0.6,0
88.1821843000001,232,0,18.9,0,0,0.031,-0.015,-1.004,0.3,-0.6,0
88.1921843000001,237,0,18.9,0,0,0.031,-0.015,-1.004,0.3,-0.6,0
88.2021843000001,230,0,18.9,0,0,0.031,-0.015,-1.004,0.3,-0.6,0
88.2121843000001,232,0,18.8,0,0,0.031,-0.016,-1.002,0.3,-0.4,0
88.2221843000001,232,0,18.8,0,0,0.031,-0.016,-1.002,0.3,-0.4,0
88.2321843000001,229,0,18.8,0,0,0.031,-0.016,-1.002,0.3,-0.4,0
88.2421843000001,233,0,18.8,0,0,0.031,-0.016,-1.002,0.3,-0.4,0
88.2521843000001,234,0,18.8,0,0,0.031,-0.016,-1.002,0.3,-0.4,0
88.2621843000001,233,0.01,18.9,0,0,0.032,-0.016,-1.003,0.5,-0.5,0
88.2721843000001,232,0.01,18.9,0,0,0.032,-0.016,-1.003,0.5,-0.5,0
88.2821843000001,235,0.01,18.9,0,0,0.032,-0.016,-1.003,0.5,-0.5,0
88.2921843000001,236,0.01,18.9,0,0,0.032,-0.016,-1.003,0.5,-0.5,0
88.3021843000001,233,0.01,18.9,0,0,0.032,-0.016,-1.003,0.5,-0.5,0
88.3121843000001,234,0.01,18.8,0,0,0.031,-0.014,-0.999,0.3,-0.5,0
88.3221843000001,234,0.01,18.8,0,0,0.031,-0.014,-0.999,0.3,-0.5,0
88.3321843000001,231,0.01,18.8,0,0,0.031,-0.014,-0.999,0.3,-0.5,0
88.3421843000001,233,0.01,18.8,0,0,0.031,-0.014,-0.999,0.3,-0.5,0
88.3521843000001,236,0.01,18.8,0,0,0.031,-0.014,-0.999,0.3,-0.5,0
88.3621843000001,232,0.01,18.8,0,0,0.032,-0.014,-0.998,0.3,-0.5,0
88.3721843000001,231,0.01,18.8,0,0,0.032,-0.014,-0.998,0.3,-0.5,0
88.3821843000001,233,0.01,18.8,0,0,0.032,-0.014,-0.998,0.3,-0.5,0
88.3921843000001,232,0.01,18.8,0,0,0.032,-0.014,-0.998,0.3,-0.5,0
88.4021843000001,237,0.01,18.8,0,0,0.032,-0.014,-0.998,0.3,-0.5,0
88.4121843000001,233,0,18.8,0,0,0.032,-0.014,-1,0.3,-0.6,0
88.4221843000001,232,0,18.8,0,0,0.032,-0.014,-1,0.3,-0.6,0
88.4321843000001,234,0,18.8,0,0,0.032,-0.014,-1,0.3,-0.6,0
88.4421843000001,234,0,18.8,0,0,0.032,-0.014,-1,0.3,-0.6,0
88.4521843000001,237,0,18.8,0,0,0.032,-0.014,-1,0.3,-0.6,0
88.4621843000001,231,0,18.8,0,0,0.031,-0.015,-0.997,0.2,-0.7,0
88.4721843000002,233,0,18.8,0,0,0.031,-0.015,-0.997,0.2,-0.7,0
88.4821843000001,235,0,18.8,0,0,0.031,-0.015,-0.997,0.2,-0.7,0
88.4921843000001,230,0,18.8,0,0,0.031,-0.015,-0.997,0.2,-0.7,0
88.5021843000002,229,0,18.8,0,0,0.031,-0.015,-0.997,0.2,-0.7,0
88.5121843000002,232,-0.01,18.8,0,0,0.03,-0.013,-1,0.1,-0.6,0
88.5221843000002,234,-0.01,18.8,0,0,0.03,-0.013,-1,0.1,-0.6,0
88.5321843000002,231,-0.01,18.8,0,0,0.03,-0.013,-1,0.1,-0.6,0
88.5421843000002,233,-0.01,18.8,0,0,0.03,-0.013,-1,0.1,-0.6,0
88.5521843000002,235,-0.01,18.8,0,0,0.03,-0.013,-1,0.1,-0.6,0
88.5621843000002,231,-0.02,18.9,0,0,0.032,-0.013,-1.006,0.3,-0.7,0
88.5721843000002,236,-0.02,18.9,0,0,0.032,-0.013,-1.006,0.3,-0.7,0
88.5821843000002,237,-0.02,18.9,0,0,0.032,-0.013,-1.006,0.3,-0.7,0
88.5921843000002,232,-0.02,18.9,0,0,0.032,-0.013,-1.006,0.3,-0.7,0
88.6021843000002,233,-0.02,18.9,0,0,0.032,-0.013,-1.006,0.3,-0.7,0
88.6121843000002,234,-0.02,18.8,0,0,0.031,-0.015,-1.004,0.3,-0.6,0
88.6221843000002,232,-0.02,18.8,0,0,0.031,-0.015,-1.004,0.3,-0.6,0
88.6321843000002,234,-0.02,18.8,0,0,0.031,-0.015,-1.004,0.3,-0.6,0
88.6421843000002,233,-0.02,18.8,0,0,0.031,-0.015,-1.004,0.3,-0.6,0
88.6521843000002,230,-0.02,18.8,0,0,0.031,-0.015,-1.004,0.3,-0.6,0
88.6621843000002,237,0,18.8,0,0,0.031,-0.016,-1.005,0.3,-0.4,0
88.6721843000002,234,0,18.8,0,0,0.031,-0.016,-1.005,0.3,-0.4,0
88.6821843000002,232,0,18.8,0,0,0.031,-0.016,-1.005,0.3,-0.4,0
88.6921843000002,235,0,18.8,0,0,0.031,-0.016,-1.005,0.3,-0.4,0
88.7021843000002,231,0,18.8,0,0,0.031,-0.016,-1.005,0.3,-0.4,0
88.7121843000002,235,0,18.9,0,0,0.031,-0.016,-1.005,0.4,-0.5,0
88.7221843000002,233,0,18.9,0,0,0.031,-0.016,-1.005,0.4,-0.5,0
88.7321843000002,233,0,18.9,0,0,0.031,-0.016,-1.005,0.4,-0.5,0
88.7421843000002,236,0,18.9,0,0,0.031,-0.016,-1.005,0.4,-0.5,0
88.7521843000002,231,0,18.9,0,0,0.031,-0.016,-1.005,0.4,-0.5,0
88.7621843000002,232,0,18.8,0,0,0.032,-0.015,-0.998,0.3,-0.5,0
88.7721843000002,234,0,18.8,0,0,0.032,-0.015,-0.998,0.3,-0.5,0
88.7821843000002,232,0,18.8,0,0,0.032,-0.015,-0.998,0.3,-0.5,0
88.7921843000002,229,0,18.8,0,0,0.032,-0.015,-0.998,0.3,-0.5,0
88.8021843000002,233,0,18.8,0,0,0.032,-0.015,-0.998,0.3,-0.5,0
88.8121843000002,234,0,18.8,0,0,0.031,-0.014,-1,0.3,-0.4,0
88.8221843000002,232,0,18.8,0,0,0.031,-0.014,-1,0.3,-0.4,0
88.8321843000002,234,0,18.8,0,0,0.031,-0.014,-1,0.3,-0.4,0
88.8421843000002,234,0,18.8,0,0,0.031,-0.014,-1,0.3,-0.4,0
88.8521843000002,234,0,18.8,0,0,0.031,-0.014,-1,0.3,-0.4,0
88.8621843000002,235,0,18.9,0,0,0.033,-0.014,-1,0.2,-0.5,0
88.8721843000002,235,0,18.9,0,0,0.033,-0.014,-1,0.2,-0.5,0
88.8821843000002,233,0,18.9,0,0,0.033,-0.014,-1,0.2,-0.5,0
88.8921843000002,233,0,18.9,0,0,0.033,-0.014,-1,0.2,-0.5,0
88.9021843000002,237,0,18.9,0,0,0.033,-0.014,-1,0.2,-0.5,0
88.9121843000002,231,0,18.8,0,0,0.033,-0.015,-0.996,0.1,-0.7,0
88.9221843000003,233,0,18.8,0,0,0.033,-0.015,-0.996,0.1,-0.7,0
88.9321843000002,233,0,18.8,0,0,0.033,-0.015,-0.996,0.1,-0.7,0
88.9421843000002,231,0,18.8,0,0,0.033,-0.015,-0.996,0.1,-0.7,0
88.9521843000003,236,0,18.8,0,0,0.033,-0.015,-0.996,0.1,-0.7,0
88.9621843000003,231,0,18.9,0,0,0.029,-0.015,-1.002,0.2,-0.6,0
88.9721843000003,232,0,18.9,0,0,0.029,-0.015,-1.002,0.2,-0.6,0
88.9821843000003,232,0,18.9,0,0,0.029,-0.015,-1.002,0.2,-0.6,0
88.9921843000003,231,0,18.9,0,0,0.029,-0.015,-1.002,0.2,-0.6,0
89.0021843000003,236,0,18.9,0,0,0.029,-0.015,-1.002,0.2,-0.6,0
89.0121843000003,235,-0.01,18.8,0,0,0.032,-0.014,-1.006,0.3,-0.7,0
89.0221843000003,233,-0.01,18.8,0,0,0.032,-0.014,-1.006,0.3,-0.7,0
89.0321843000003,234,-0.01,18.8,0,0,0.032,-0.014,-1.006,0.3,-0.7,0
89.0421843000003,232,-0.01,18.8,0,0,0.032,-0.014,-1.006,0.3,-0.7,0
89.0521843000003,233,-0.01,18.8,0,0,0.032,-0.014,-1.006,0.3,-0.7,0
89.0621843000003,233,-0.03,18.8,0,0,0.031,-0.014,-1.003,0.2,-0.6,0
89.0721843000003,230,-0.03,18.8,0,0,0.031,-0.014,-1.003,0.2,-0.6,0
89.0821843000003,231,-0.03,18.8,0,0,0.031,-0.014,-1.003,0.2,-0.6,0
89.0921843000003,234,-0.03,18.8,0,0,0.031,-0.014,-1.003,0.2,-0.6,0
89.1021843000003,233,-0.03,18.8,0,0,0.031,-0.014,-1.003,0.2,-0.6,0
89.1121843000003,232,-0.01,18.8,0,0,0.032,-0.015,-1.005,0.3,-0.4,0
89.1221843000003,234,-0.01,18.8,0,0,0.032,-0.015,-1.005,0.3,-0.4,0
89.1321843000003,237,-0.01,18.8,0,0,0.032,-0.015,-1.005,0.3,-0.4,0
89.1421843000003,233,-0.01,18.8,0,0,0.032,-0.015,-1.005,0.3,-0.4,0
89.1521843000003,233,-0.01,18.8,0,0,0.032,-0.015,-1.005,0.3,-0.4,0
89.1621843000003,238,-0.02,18.8,0,0,0.032,-0.018,-1.002,0.4,-0.4,0
89.1721843000003,230,-0.02,18.8,0,0,0.032,-0.018,-1.002,0.4,-0.4,0
89.1821843000003,232,-0.02,18.8,0,0,0.032,-0.018,-1.002,0.4,-0.4,0
89.1921843000003,240,-0.02,18.8,0,0,0.032,-0.018,-1.002,0.4,-0.4,0
89.2021843000003,232,-0.02,18.8,0,0,0.032,-0.018,-1.002,0.4,-0.4,0
89.2121843000003,230,0,18.9,0,0,0.031,-0.017,-0.997,0.3,-0.5,0
89.2221843000003,232,0,18.9,0,0,0.031,-0.017,-0.997,0.3,-0.5,0
89.2321843000003,232,0,18.9,0,0,0.031,-0.017,-0.997,0.3,-0.5,0
89.2421843000003,232,0,18.9,0,0,0.031,-0.017,-0.997,0.3,-0.5,0
89.2521843000003,230,0,18.9,0,0,0.031,-0.017,-0.997,0.3,-0.5,0
89.2621843000003,233,0,18.8,0,0,0.031,-0.014,-1.002,0.3,-0.4,0
89.2721843000003,234,0,18.8,0,0,0.031,-0.014,-1.002,0.3,-0.4,0
89.2821843000003,237,0,18.8,0,0,0.031,-0.014,-1.002,0.3,-0.4,0
89.2921843000003,234,0,18.8,0,0,0.031,-0.014,-1.002,0.3,-0.4,0
89.3021843000003,231,0,18.8,0,0,0.031,-0.014,-1.002,0.3,-0.4,0
89.3121843000003,233,0,18.9,0,0,0.032,-0.013,-0.998,0.3,-0.5,0
89.3221843000003,233,0,18.9,0,0,0.032,-0.013,-0.998,0.3,-0.5,0
89.3321843000003,232,0,18.9,0,0,0.032,-0.013,-0.998,0.3,-0.5,0
89.3421843000003,231,0,18.9,0,0,0.032,-0.013,-0.998,0.3,-0.5,0
89.3521843000003,232,0,18.9,0,0,0.032,-0.013,-0.998,0.3,-0.5,0
89.3621843000004,234,0.02,18.8,0,0,0.033,-0.015,-0.994,0.2,-0.6,0
89.3721843000004,232,0.02,18.8,0,0,0.033,-0.015,-0.994,0.2,-0.6,0
89.3821843000003,233,0.02,18.8,0,0,0.033,-0.015,-0.994,0.2,-0.6,0
89.3921843000004,234,0.02,18.8,0,0,0.033,-0.015,-0.994,0.2,-0.6,0
89.4021843000004,233,0.02,18.8,0,0,0.033,-0.015,-0.994,0.2,-0.6,0
89.4121843000004,235,0,18.8,0,0,0.032,-0.013,-1,0.1,-0.7,0
89.4221843000004,239,0,18.8,0,0,0.032,-0.013,-1,0.1,-0.7,0
89.4321843000004,232,0,18.8,0,0,0.032,-0.013,-1,0.1,-0.7,0
89.4421843000004,232,0,18.8,0,0,0.032,-0.013,-1,0.1,-0.7,0
89.4521843000004,239,0,18.8,0,0,0.032,-0.013,-1,0.1,-0.7,0
89.4621843000004,230,0,18.9,0,0,0.031,-0.014,-1.002,0.2,-0.7,0
89.4721843000004,230,0,18.9,0,0,0.031,-0.014,-1.002,0.2,-0.7,0
89.4821843000004,236,0,18.9,0,0,0.031,-0.014,-1.002,0.2,-0.7,0
89.4921843000004,230,0,18.9,0,0,0.031,-0.014,-1.002,0.2,-0.7,0
89.5021843000004,229,0,18.9,0,0,0.031,-0.014,-1.002,0.2,-0.7,0
89.5121843000004,233,-0.01,18.8,0,0,0.031,-0.014,-1,0.2,-0.6,0
89.5221843000004,233,-0.01,18.8,0,0,0.031,-0.014,-1,0.2,-0.6,0
89.5321843000004,231,-0.01,18.8,0,0,0.031,-0.014,-1,0.2,-0.6,0
89.5421843000004,233,-0.01,18.8,0,0,0.031,-0.014,-1,0.2,-0.6,0
89.5521843000004,235,-0.01,18.8,0,0,0.031,-0.014,-1,0.2,-0.6,0
89.5621843000004,234,-0.02,18.8,0,0,0.031,-0.016,-1.004,0.4,-0.5,0
89.5721843000004,229,-0.02,18.8,0,0,0.031,-0.016,-1.004,0.4,-0.5,0
89.5821843000004,231,-0.02,18.8,0,0,0.031,-0.016,-1.004,0.4,-0.5,0
89.5921843000004,234,-0.02,18.8,0,0,0.031,-0.016,-1.004,0.4,-0.5,0
89.6021843000004,234,-0.02,18.8,0,0,0.031,-0.016,-1.004,0.4,-0.5,0
89.6121843000004,234,-0.01,18.9,0,0,0.032,-0.017,-0.998,0.4,-0.4,0
89.6221843000004,233,-0.01,18.9,0,0,0.032,-0.017,-0.998,0.4,-0.4,0
89.6321843000004,232,-0.01,18.9,0,0,0.032,-0.017,-0.998,0.4,-0.4,0
89.6421843000004,237,-0.01,18.9,0,0,0.032,-0.017,-0.998,0.4,-0.4,0
89.6521843000004,239,-0.01,18.9,0,0,0.032,-0.017,-0.998,0.4,-0.4,0
89.6621843000004,234,0,18.9,0,0,0.032,-0.015,-0.998,0.3,-0.4,0
89.6721843000004,234,0,18.9,0,0,0.032,-0.015,-0.998,0.3,-0.4,0
89.6821843000004,229,0,18.9,0,0,0.032,-0.015,-0.998,0.3,-0.4,0
89.6921843000004,232,0,18.9,0,0,0.032,-0.015,-0.998,0.3,-0.4,0
89.7021843000004,234,0,18.9,0,0,0.032,-0.015,-0.998,0.3,-0.4,0
89.7121843000004,233,0,18.8,0,0,0.031,-0.013,-0.994,0.3,-0.6,0
89.7221843000004,231,0,18.8,0,0,0.031,-0.013,-0.994,0.3,-0.6,0
89.7321843000004,235,0,18.8,0,0,0.031,-0.013,-0.994,0.3,-0.6,0
89.7421843000004,237,0,18.8,0,0,0.031,-0.013,-0.994,0.3,-0.6,0
89.7521843000004,234,0,18.8,0,0,0.031,-0.013,-0.994,0.3,-0.6,0
89.7621843000004,234,0.01,18.9,0,0,0.031,-0.015,-1,0.2,-0.7,0
89.7721843000004,234,0.01,18.9,0,0,0.031,-0.015,-1,0.2,-0.7,0
89.7821843000004,231,0.01,18.9,0,0,0.031,-0.015,-1,0.2,-0.7,0
89.7921843000004,233,0.01,18.9,0,0,0.031,-0.015,-1,0.2,-0.7,0
89.8021843000004,235,0.01,18.9,0,0,0.031,-0.015,-1,0.2,-0.7,0
89.8121843000005,232,0.01,18.8,0,0,0.033,-0.014,-1.001,0.1,-0.7,0
89.8221843000005,231,0.01,18.8,0,0,0.033,-0.014,-1.001,0.1,-0.7,0
89.8321843000004,233,0.01,18.8,0,0,0.033,-0.014,-1.001,0.1,-0.7,0
89.8421843000005,232,0.01,18.8,0,0,0.033,-0.014,-1.001,0.1,-0.7,0
89.8521843000005,237,0.01,18.8,0,0,0.033,-0.014,-1.001,0.1,-0.7,0
89.8621843000005,234,0,18.9,0,0,0.031,-0.014,-1.001,0.2,-0.7,0
89.8721843000005,232,0,18.9,0,0,0.031,-0.014,-1.001,0.2,-0.7,0
89.8821843000005,234,0,18.9,0,0,0.031,-0.014,-1.001,0.2,-0.7,0
89.8921843000005,234,0,18.9,0,0,0.031,-0.014,-1.001,0.2,-0.7,0
89.9021843000005,236,0,18.9,0,0,0.031,-0.014,-1.001,0.2,-0.7,0
89.9121843000005,230,0,18.8,0,0,0.031,-0.014,-1.005,0.2,-0.6,0
89.9221843000005,233,0,18.8,0,0,0.031,-0.014,-1.005,0.2,-0.6,0
89.9321843000005,236,0,18.8,0,0,0.031,-0.014,-1.005,0.2,-0.6,0
89.9421843000005,231,0,18.8,0,0,0.031,-0.014,-1.005,0.2,-0.6,0
89.9521843000005,229,0,18.8,0,0,0.031,-0.014,-1.005,0.2,-0.6,0
89.9621843000005,231,-0.01,18.9,0,0,0.032,-0.015,-1.003,0.3,-0.6,0
89.9721843000005,234,-0.01,18.9,0,0,0.032,-0.015,-1.003,0.3,-0.6,0
89.9821843000005,232,-0.01,18.9,0,0,0.032,-0.015,-1.003,0.3,-0.6,0
89.9921843000005,234,-0.01,18.9,0,0,0.032,-0.015,-1.003,0.3,-0.6,0
90.0021843000005,234,-0.01,18.9,0,0,0.032,-0.015,-1.003,0.3,-0.6,0
90.0121843000005,232,-0.02,18.8,0,0,0.033,-0.016,-1,0.3,-0.4,0
90.0221843000005,236,-0.02,18.8,0,0,0.033,-0.016,-1,0.3,-0.4,0
90.0321843000005,235,-0.02,18.8,0,0,0.033,-0.016,-1,0.3,-0.4,0
90.0421843000005,231,-0.02,18.8,0,0,0.033,-0.016,-1,0.3,-0.4,0
90.0521843000005,233,-0.02,18.8,0,0,0.033,-0.016,-1,0.3,-0.4,0
90.1034113,232,0.01,18.8,0,0,0.031,-0.016,-0.995,0.3,-0.6,0
90.1134113,233,0.01,18.8,0,0,0.031,-0.016,-0.995,0.3,-0.6,0
90.1234113,236,0.01,18.8,0,0,0.031,-0.016,-0.995,0.3,-0.6,0
90.1334113,235,0.01,18.8,0,0,0.031,-0.016,-0.995,0.3,-0.6,0
90.1434113,230,0.01,18.8,0,0,0.031,-0.016,-0.995,0.3,-0.6,0
100.1120736,234,0,18.9,0,0,0.031,-0.015,-1.001,0.2,-0.6,0
100.1220736,234,0,18.9,0,0,0.031,-0.015,-1.001,0.2,-0.6,0
100.1320736,230,0,18.9,0,0,0.031,-0.015,-1.001,0.2,-0.6,0
100.1420736,230,0,18.9,0,0,0.031,-0.015,-1.001,0.2,-0.6,0
100.1520736,233,0,18.9,0,0,0.031,-0.015,-1.001,0.2,-0.6,0
100.1620736,233,0.01,18.9,0,0,0.031,-0.015,-1,0.2,-0.7,0
100.1720736,233,0.01,18.9,0,0,0.031,-0.015,-1,0.2,-0.7,0
100.1820736,235,0.01,18.9,0,0,0.031,-0.015,-1,0.2,-0.7,0
100.1920736,233,0.01,18.9,0,0,0.031,-0.015,-1,0.2,-0.7,0
100.2020736,233,0.01,18.9,0,0,0.031,-0.015,-1,0.2,-0.7,0
100.2120736,235,0,18.9,0,0,0.032,-0.014,-1.002,0.1,-0.6,0
100.2220736,236,0,18.9,0,0,0.032,-0.014,-1.002,0.1,-0.6,0
100.2320736,233,0,18.9,0,0,0.032,-0.014,-1.002,0.1,-0.6,0
100.2420736,232,0,18.9,0,0,0.032,-0.014,-1.002,0.1,-0.6,0
100.2520736,237,0,18.9,0,0,0.032,-0.014,-1.002,0.1,-0.6,0
100.2620736,232,0,18.8,0,0,0.029,-0.015,-1.006,0.3,-0.6,0
100.2720736,232,0,18.8,0,0,0.029,-0.015,-1.006,0.3,-0.6,0
100.2820736,231,0,18.8,0,0,0.029,-0.015,-1.006,0.3,-0.6,0
100.2920736,232,0,18.8,0,0,0.029,-0.015,-1.006,0.3,-0.6,0
100.3020736,237,0,18.8,0,0,0.029,-0.015,-1.006,0.3,-0.6,0
100.3120736,231,0,18.9,0,0,0.031,-0.016,-1.004,0.3,-0.6,0
100.3220736,231,0,18.9,0,0,0.031,-0.016,-1.004,0.3,-0.6,0
100.3320736,234,0,18.9,0,0,0.031,-0.016,-1.004,0.3,-0.6,0
100.3420736,233,0,18.9,0,0,0.031,-0.016,-1.004,0.3,-0.6,0
100.3520736,234,0,18.9,0,0,0.031,-0.016,-1.004,0.3,-0.6,0
100.3620736,234,-0.01,18.8,0,0,0.03,-0.016,-1.002,0.4,-0.5,0
100.3720736,233,-0.01,18.8,0,0,0.03,-0.016,-1.002,0.4,-0.5,0
100.3820736,234,-0.01,18.8,0,0,0.03,-0.016,-1.002,0.4,-0.5,0
100.3920736,232,-0.01,18.8,0,0,0.03,-0.016,-1.002,0.4,-0.5,0
100.4020736,234,-0.01,18.8,0,0,0.03,-0.016,-1.002,0.4,-0.5,0
100.4120736,232,-0.02,18.9,0,0,0.031,-0.014,-1,0.4,-0.5,0
100.4220736,233,-0.02,18.9,0,0,0.031,-0.014,-1,0.4,-0.5,0
100.4320736,237,-0.02,18.9,0,0,0.031,-0.014,-1,0.4,-0.5,0
100.4420736,234,-0.02,18.9,0,0,0.031,-0.014,-1,0.4,-0.5,0
100.4520736,233,-0.02,18.9,0,0,0.031,-0.014,-1,0.4,-0.5,0
100.4620736,237,0,18.8,0,0,0.032,-0.014,-0.996,0.3,-0.5,0
100.4720736,232,0,18.8,0,0,0.032,-0.014,-0.996,0.3,-0.5,0
100.4820736,234,0,18.8,0,0,0.032,-0.014,-0.996,0.3,-0.5,0
100.4920736,238,0,18.8,0,0,0.032,-0.014,-0.996,0.3,-0.5,0
100.5020736,228,0,18.8,0,0,0.032,-0.014,-0.996,0.3,-0.5,0
100.5120736,230,0,18.8,0,0,0.031,-0.014,-1.002,0.3,-0.6,0
100.5220736,233,0,18.8,0,0,0.031,-0.014,-1.002,0.3,-0.6,0
100.5320736,232,0,18.8,0,0,0.031,-0.014,-1.002,0.3,-0.6,0
100.5420736,232,0,18.8,0,0,0.031,-0.014,-1.002,0.3,-0.6,0
100.5520736,232,0,18.8,0,0,0.031,-0.014,-1.002,0.3,-0.6,0
100.5620736,234,0,18.8,0,0,0.032,-0.014,-0.999,0.1,-0.7,0
100.5720736,231,0,18.8,0,0,0.032,-0.014,-0.999,0.1,-0.7,0
100.5820736,235,0,18.8,0,0,0.032,-0.014,-0.999,0.1,-0.7,0
100.5920736,237,0,18.8,0,0,0.032,-0.014,-0.999,0.1,-0.7,0
100.6020736,232,0,18.8,0,0,0.032,-0.014,-0.999,0.1,-0.7,0
100.6120736,233,0.02,18.8,0,0,0.032,-0.014,-1.002,0.1,-0.7,0
100.6220736,234,0.02,18.8,0,0,0.032,-0.014,-1.002,0.1,-0.7,0
100.6320736,232,0.02,18.8,0,0,0.032,-0.014,-1.002,0.1,-0.7,0
100.6420736,234,0.02,18.8,0,0,0.032,-0.014,-1.002,0.1,-0.7,0
100.6520736,233,0.02,18.8,0,0,0.032,-0.014,-1.002,0.1,-0.7,0
100.6620736,235,0,18.8,0,0,0.031,-0.013,-0.999,0.4,-0.4,0
100.6720736,237,0,18.8,0,0,0.031,-0.013,-0.999,0.4,-0.4,0
100.6820736,232,0,18.8,0,0,0.031,-0.013,-0.999,0.4,-0.4,0
100.6920736,233,0,18.8,0,0,0.031,-0.013,-0.999,0.4,-0.4,0
100.7020736,239,0,18.8,0,0,0.031,-0.013,-0.999,0.4,-0.4,0
100.7120736,230,0,18.8,0,0,0.031,-0.015,-0.995,0.3,-0.6,0
100.7220736,231,0,18.8,0,0,0.031,-0.015,-0.995,0.3,-0.6,0
100.7320736,236,0,18.8,0,0,0.031,-0.015,-0.995,0.3,-0.6,0
100.7420736,229,0,18.8,0,0,0.031,-0.015,-0.995,0.3,-0.6,0
100.7520736,229,0,18.8,0,0,0.031,-0.015,-0.995,0.3,-0.6,0
100.7620736,233,-0.01,18.9,0,0,0.033,-0.014,-1,0.3,-0.6,0
100.7720736,234,-0.01,18.9,0,0,0.033,-0.014,-1,0.3,-0.6,0
100.7820736,231,-0.01,18.9,0,0,0.033,-0.014,-1,0.3,-0.6,0
100.7920736,233,-0.01,18.9,0,0,0.033,-0.014,-1,0.3,-0.6,0
100.8020736,235,-0.01,18.9,0,0,0.033,-0.014,-1,0.3,-0.6,0
100.8120736,233,-0.02,18.9,0,0,0.031,-0.016,-1.002,0.1,-0.7,0
100.8220736,235,-0.02,18.9,0,0,0.031,-0.016,-1.002,0.1,-0.7,0
100.8320736,235,-0.02,18.9,0,0,0.031,-0.016,-1.002,0.1,-0.7,0
100.8420736,233,-0.02,18.9,0,0,0.031,-0.016,-1.002,0.1,-0.7,0
100.8520736,234,-0.02,18.9,0,0,0.031,-0.016,-1.002,0.1,-0.7,0
100.8620736,234,-0.02,18.9,0,0,0.032,-0.014,-1.002,0.1,-0.6,0
100.8720736,231,-0.02,18.9,0,0,0.032,-0.014,-1.002,0.1,-0.6,0
100.8820736,229,-0.02,18.9,0,0,0.032,-0.014,-1.002,0.1,-0.6,0
100.8920736,232,-0.02,18.9,0,0,0.032,-0.014,-1.002,0.1,-0.6,0
100.9020736,234,-0.02,18.9,0,0,0.032,-0.014,-1.002,0.1,-0.6,0
100.9120736,233,-0.01,18.9,0,0,0.031,-0.014,-1.009,0.3,-0.7,0
100.9220736,233,-0.01,18.9,0,0,0.031,-0.014,-1.009,0.3,-0.7,0
100.9320736,233,-0.01,18.9,0,0,0.031,-0.014,-1.009,0.3,-0.7,0
100.9420736,237,-0.01,18.9,0,0,0.031,-0.014,-1.009,0.3,-0.7,0
100.9520736,238,-0.01,18.9,0,0,0.031,-0.014,-1.009,0.3,-0.7,0
100.9620736,235,0,18.9,0,0,0.032,-0.014,-1.005,0.3,-0.5,0
100.9720736,229,0,18.9,0,0,0.032,-0.014,-1.005,0.3,-0.5,0
100.9820736,231,0,18.9,0,0,0.032,-0.014,-1.005,0.3,-0.5,0
100.9920736,238,0,18.9,0,0,0.032,-0.014,-1.005,0.3,-0.5,0
101.0020736,231,0,18.9,0,0,0.032,-0.014,-1.005,0.3,-0.5,0
101.0120736,231,0,18.9,0,0,0.031,-0.016,-1.002,0.3,-0.4,0
101.0220736,232,0,18.9,0,0,0.031,-0.016,-1.002,0.3,-0.4,0
101.0320736,229,0,18.9,0,0,0.031,-0.016,-1.002,0.3,-0.4,0
101.0420736,232,0,18.9,0,0,0.031,-0.016,-1.002,0.3,-0.4,0
101.0520736,234,0,18.9,0,0,0.031,-0.016,-1.002,0.3,-0.4,0
101.0620736,234,0.01,18.9,0,0,0.032,-0.016,-1.005,0.4,-0.5,0
101.0720736,232,0.01,18.9,0,0,0.032,-0.016,-1.005,0.4,-0.5,0
101.0820736,234,0.01,18.9,0,0,0.032,-0.016,-1.005,0.4,-0.5,0
101.0920736,236,0.01,18.9,0,0,0.032,-0.016,-1.005,0.4,-0.5,0
101.1020736,234,0.01,18.9,0,0,0.032,-0.016,-1.005,0.4,-0.5,0
101.1120736,234,0.01,18.8,0,0,0.031,-0.016,-1,0.4,-0.5,0
101.1220736,234,0.01,18.8,0,0,0.031,-0.016,-1,0.4,-0.5,0
101.1320736,231,0.01,18.8,0,0,0.031,-0.016,-1,0.4,-0.5,0
101.1420736,233,0.01,18.8,0,0,0.031,-0.016,-1,0.4,-0.5,0
101.1520736,235,0.01,18.8,0,0,0.031,-0.016,-1,0.4,-0.5,0
101.1620736,232,0.01,18.9,0,0,0.032,-0.014,-0.998,0.3,-0.4,0
101.1720736,231,0.01,18.9,0,0,0.032,-0.014,-0.998,0.3,-0.4,0
101.1820736,233,0.01,18.9,0,0,0.032,-0.014,-0.998,0.3,-0.4,0
101.1920736,232,0.01,18.9,0,0,0.032,-0.014,-0.998,0.3,-0.4,0
101.2020736,237,0.01,18.9,0,0,0.032,-0.014,-0.998,0.3,-0.4,0
101.2120736,234,0,18.9,0,0,0.031,-0.014,-1,0.3,-0.7,0
101.2220736,232,0,18.9,0,0,0.031,-0.014,-1,0.3,-0.7,0
101.2320736,236,0,18.9,0,0,0.031,-0.014,-1,0.3,-0.7,0
101.2420736,234,0,18.9,0,0,0.031,-0.014,-1,0.3,-0.7,0
101.2520736,235,0,18.9,0,0,0.031,-0.014,-1,0.3,-0.7,0
101.2620736,231,0,18.8,0,0,0.032,-0.013,-1.001,0.2,-0.7,0
101.2720736,233,0,18.8,0,0,0.032,-0.013,-1.001,0.2,-0.7,0
101.2820736,235,0,18.8,0,0,0.032,-0.013,-1.001,0.2,-0.7,0
101.2920736,230,0,18.8,0,0,0.032,-0.013,-1.001,0.2,-0.7,0
101.3020736,232,0,18.8,0,0,0.032,-0.013,-1.001,0.2,-0.7,0
101.3120736,232,-0.01,18.9,0,0,0.032,-0.016,-1.002,0.2,-0.7,0
101.3220736,231,-0.01,18.9,0,0,0.032,-0.016,-1.002,0.2,-0.7,0
101.3320736,232,-0.01,18.9,0,0,0.032,-0.016,-1.002,0.2,-0.7,0
101.3420736,233,-0.01,18.9,0,0,0.032,-0.016,-1.002,0.2,-0.7,0
101.3520736,234,-0.01,18.9,0,0,0.032,-0.016,-1.002,0.2,-0.7,0
101.3620736,235,-0.03,18.8,0,0,0.032,-0.017,-1.004,0.3,-0.6,0
101.3720736,233,-0.03,18.8,0,0,0.032,-0.017,-1.004,0.3,-0.6,0
101.3820736,233,-0.03,18.8,0,0,0.032,-0.017,-1.004,0.3,-0.6,0
101.3920736,237,-0.03,18.8,0,0,0.032,-0.017,-1.004,0.3,-0.6,0
101.4020736,230,-0.03,18.8,0,0,0.032,-0.017,-1.004,0.3,-0.6,0
101.4120736,232,0,18.8,0,0,0.031,-0.016,-1.003,0.3,-0.5,0
101.4220736,234,0,18.8,0,0,0.031,-0.016,-1.003,0.3,-0.5,0
101.4320736,232,0,18.8,0,0,0.031,-0.016,-1.003,0.3,-0.5,0
101.4420736,235,0,18.8,0,0,0.031,-0.016,-1.003,0.3,-0.5,0
101.4520736,232,0,18.8,0,0,0.031,-0.016,-1.003,0.3,-0.5,0
101.4620736,233,0,18.8,0,0,0.031,-0.014,-0.999,0.3,-0.6,0
101.4720736,234,0,18.8,0,0,0.031,-0.014,-0.999,0.3,-0.6,0
101.4820736,232,0,18.8,0,0,0.031,-0.014,-0.999,0.3,-0.6,0
101.4920736,228,0,18.8,0,0,0.031,-0.014,-0.999,0.3,-0.6,0
101.5020736,232,0,18.8,0,0,0.031,-0.014,-0.999,0.3,-0.6,0
101.5120736,235,0.02,18.8,0,0,0.033,-0.013,-0.997,0.3,-0.4,0
101.5220736,231,0.02,18.8,0,0,0.033,-0.013,-0.997,0.3,-0.4,0
101.5320736,233,0.02,18.8,0,0,0.033,-0.013,-0.997,0.3,-0.4,0
101.5420736,233,0.02,18.8,0,0,0.033,-0.013,-0.997,0.3,-0.4,0
101.5520736,233,0.02,18.8,0,0,0.033,-0.013,-0.997,0.3,-0.4,0
101.5620736,237,0,18.8,0,0,0.031,-0.014,-1,0.3,-0.6,0
101.5720736,236,0,18.8,0,0,0.031,-0.014,-1,0.3,-0.6,0
101.5820736,232,0,18.8,0,0,0.031,-0.014,-1,0.3,-0.6,0
101.5920736,233,0,18.8,0,0,0.031,-0.014,-1,0.3,-0.6,0
101.6020736,237,0,18.8,0,0,0.031,-0.014,-1,0.3,-0.6,0
101.6120736,231,0,18.8,0,0,0.033,-0.016,-0.996,0.1,-0.7,0
101.6220736,232,0,18.8,0,0,0.033,-0.016,-0.996,0.1,-0.7,0
101.6320736,233,0,18.8,0,0,0.033,-0.016,-0.996,0.1,-0.7,0
101.6420736,232,0,18.8,0,0,0.033,-0.016,-0.996,0.1,-0.7,0
101.6520736,236,0,18.8,0,0,0.033,-0.016,-0.996,0.1,-0.7,0
101.6620736,231,0,18.9,0,0,0.03,-0.013,-1.003,0.1,-0.6,0
101.6720736,232,0,18.9,0,0,0.03,-0.013,-1.003,0.1,-0.6,0
101.6820736,232,0,18.9,0,0,0.03,-0.013,-1.003,0.1,-0.6,0
101.6920736,232,0,18.9,0,0,0.03,-0.013,-1.003,0.1,-0.6,0
101.7020736,236,0,18.9,0,0,0.03,-0.013,-1.003,0.1,-0.6,0
101.7120736,234,-0.01,18.8,0,0,0.031,-0.013,-1.005,0.3,-0.6,0
101.7220736,233,-0.01,18.8,0,0,0.031,-0.013,-1.005,0.3,-0.6,0
101.7320736,234,-0.01,18.8,0,0,0.031,-0.013,-1.005,0.3,-0.6,0
101.7420736,232,-0.01,18.8,0,0,0.031,-0.013,-1.005,0.3,-0.6,0
101.7520736,233,-0.01,18.8,0,0,0.031,-0.013,-1.005,0.3,-0.6,0
101.7620736,234,-0.03,18.8,0,0,0.032,-0.014,-1.003,0.3,-0.6,0
101.7720736,231,-0.03,18.8,0,0,0.032,-0.014,-1.003,0.3,-0.6,0
101.7820736,231,-0.03,18.8,0,0,0.032,-0.014,-1.003,0.3,-0.6,0
101.7920736,234,-0.03,18.8,0,0,0.032,-0.014,-1.003,0.3,-0.6,0
101.8020736,234,-0.03,18.8,0,0,0.032,-0.014,-1.003,0.3,-0.6,0
101.8120736,232,-0.01,18.8,0,0,0.033,-0.016,-1.003,0.3,-0.4,0
101.8220736,233,-0.01,18.8,0,0,0.033,-0.016,-1.003,0.3,-0.4,0
101.8320736,234,-0.01,18.8,0,0,0.033,-0.016,-1.003,0.3,-0.4,0
101.8420736,234,-0.01,18.8,0,0,0.033,-0.016,-1.003,0.3,-0.4,0
101.8520736,235,-0.01,18.8,0,0,0.033,-0.016,-1.003,0.3,-0.4,0
101.8620736,237,0,18.9,0,0,0.032,-0.017,-1.003,0.4,-0.5,0
101.8720736,232,0,18.9,0,0,0.032,-0.017,-1.003,0.4,-0.5,0
101.8820736,232,0,18.9,0,0,0.032,-0.017,-1.003,0.4,-0.5,0
101.8920736,239,0,18.9,0,0,0.032,-0.017,-1.003,0.4,-0.5,0
101.9020736,230,0,18.9,0,0,0.032,-0.017,-1.003,0.4,-0.5,0
101.9120736,230,0,18.8,0,0,0.032,-0.014,-0.999,0.3,-0.5,0
101.9220736,233,0,18.8,0,0,0.032,-0.014,-0.999,0.3,-0.5,0
101.9320736,230,0,18.8,0,0,0.032,-0.014,-0.999,0.3,-0.5,0
101.9420736,232,0,18.8,0,0,0.032,-0.014,-0.999,0.3,-0.5,0
101.9520736,233,0,18.8,0,0,0.032,-0.014,-0.999,0.3,-0.5,0
101.9620736,233,0,18.8,0,0,0.031,-0.014,-0.999,0.3,-0.4,0
101.9720736,232,0,18.8,0,0,0.031,-0.014,-0.999,0.3,-0.4,0
101.9820736,234,0,18.8,0,0,0.031,-0.014,-0.999,0.3,-0.4,0
101.9920736,235,0,18.8,0,0,0.031,-0.014,-0.999,0.3,-0.4,0
102.0020736,232,0,18.8,0,0,0.031,-0.014,-0.999,0.3,-0.4,0
102.0120736,230,0.01,18.9,0,0,0.032,-0.015,-0.996,0.1,-0.7,0
102.0220736,232,0.01,18.9,0,0,0.032,-0.015,-0.996,0.1,-0.7,0
102.0320736,234,0.01,18.9,0,0,0.032,-0.015,-0.996,0.1,-0.7,0
102.0420736,234,0.01,18.9,0,0,0.032,-0.015,-0.996,0.1,-0.7,0
102.0520736,234,0.01,18.9,0,0,0.032,-0.015,-0.996,0.1,-0.7,0
102.0620736,233,0,18.8,0,0,0.032,-0.016,-1.001,0.1,-0.6,0
102.0720736,236,0,18.8,0,0,0.032,-0.016,-1.001,0.1,-0.6,0
102.0820736,233,0,18.8,0,0,0.032,-0.016,-1.001,0.1,-0.6,0
102.0920736,234,0,18.8,0,0,0.032,-0.016,-1.001,0.1,-0.6,0
102.1020736,239,0,18.8,0,0,0.032,-0.016,-1.001,0.1,-0.6,0
102.1120736,234,-0.01,18.8,0,0,0.032,-0.014,-1.003,0.1,-0.6,0
102.1220736,232,-0.01,18.8,0,0,0.032,-0.014,-1.003,0.1,-0.6,0
102.1320736,231,-0.01,18.8,0,0,0.032,-0.014,-1.003,0.1,-0.6,0
102.1420736,234,-0.01,18.8,0,0,0.032,-0.014,-1.003,0.1,-0.6,0
102.1520736,234,-0.01,18.8,0,0,0.032,-0.014,-1.003,0.1,-0.6,0
102.1620736,234,-0.02,18.9,0,0,0.031,-0.015,-1.004,0.3,-0.5,0
102.1720736,235,-0.02,18.9,0,0,0.031,-0.015,-1.004,0.3,-0.5,0
102.1820736,234,-0.02,18.9,0,0,0.031,-0.015,-1.004,0.3,-0.5,0
102.1920736,233,-0.02,18.9,0,0,0.031,-0.015,-1.004,0.3,-0.5,0
102.2020736,234,-0.02,18.9,0,0,0.031,-0.015,-1.004,0.3,-0.5,0
102.2120736,234,-0.02,18.8,0,0,0.033,-0.019,-1.004,0.4,-0.4,0
102.2220736,232,-0.02,18.8,0,0,0.033,-0.019,-1.004,0.4,-0.4,0
102.2320736,233,-0.02,18.8,0,0,0.033,-0.019,-1.004,0.4,-0.4,0
102.2420736,233,-0.02,18.8,0,0,0.033,-0.019,-1.004,0.4,-0.4,0
102.2520736,232,-0.02,18.8,0,0,0.033,-0.019,-1.004,0.4,-0.4,0
102.2620736,233,0,18.8,0,0,0.031,-0.017,-0.999,0.4,-0.5,0
102.2720736,233,0,18.8,0,0,0.031,-0.017,-0.999,0.4,-0.5,0
102.2820736,232,0,18.8,0,0,0.031,-0.017,-0.999,0.4,-0.5,0
102.2920736,237,0,18.8,0,0,0.031,-0.017,-0.999,0.4,-0.5,0
102.3020736,234,0,18.8,0,0,0.031,-0.017,-0.999,0.4,-0.5,0
102.3120736,235,0,18.9,0,0,0.032,-0.013,-1,0.3,-0.4,0
102.3220736,235,0,18.9,0,0,0.032,-0.013,-1,0.3,-0.4,0
102.3320736,232,0,18.9,0,0,0.032,-0.013,-1,0.3,-0.4,0
102.3420736,237,0,18.9,0,0,0.032,-0.013,-1,0.3,-0.4,0
102.3520736,230,0,18.9,0,0,0.032,-0.013,-1,0.3,-0.4,0
102.3620736,234,0.01,18.8,0,0,0.032,-0.015,-0.995,0.3,-0.6,0.1
102.372073600001,231,0.01,18.8,0,0,0.032,-0.015,-0.995,0.3,-0.6,0.1
102.3820736,233,0.01,18.8,0,0,0.032,-0.015,-0.995,0.3,-0.6,0.1
102.392073600001,235,0.01,18.8,0,0,0.032,-0.015,-0.995,0.3,-0.6,0.1
102.402073600001,233,0.01,18.8,0,0,0.032,-0.015,-0.995,0.3,-0.6,0.1
102.412073600001,236,0.01,18.8,0,0,0.032,-0.016,-1.001,0.1,-0.7,0
102.422073600001,235,0.01,18.8,0,0,0.032,-0.016,-1.001,0.1,-0.7,0
102.432073600001,232,0.01,18.8,0,0,0.032,-0.016,-1.001,0.1,-0.7,0
102.442073600001,233,0.01,18.8,0,0,0.032,-0.016,-1.001,0.1,-0.7,0
102.452073600001,235,0.01,18.8,0,0,0.032,-0.016,-1.001,0.1,-0.7,0
102.462073600001,232,0,18.9,0,0,0.031,-0.015,-1.002,0.2,-0.7,0
102.472073600001,232,0,18.9,0,0,0.031,-0.015,-1.002,0.2,-0.7,0
102.482073600001,236,0,18.9,0,0,0.031,-0.015,-1.002,0.2,-0.7,0
102.492073600001,235,0,18.9,0,0,0.031,-0.015,-1.002,0.2,-0.7,0
102.502073600001,235,0,18.9,0,0,0.031,-0.015,-1.002,0.2,-0.7,0
102.512073600001,230,-0.01,18.9,0,0,0.031,-0.017,-1.006,0.3,-0.5,0
102.522073600001,233,-0.01,18.9,0,0,0.031,-0.017,-1.006,0.3,-0.5,0
102.532073600001,236,-0.01,18.9,0,0,0.031,-0.017,-1.006,0.3,-0.5,0
102.542073600001,231,-0.01,18.9,0,0,0.031,-0.017,-1.006,0.3,-0.5,0
102.552073600001,232,-0.01,18.9,0,0,0.031,-0.017,-1.006,0.3,-0.5,0
102.562073600001,232,-0.02,18.8,0,0,0.032,-0.016,-0.999,0.4,-0.5,0
102.572073600001,234,-0.02,18.8,0,0,0.032,-0.016,-0.999,0.4,-0.5,0
102.582073600001,236,-0.02,18.8,0,0,0.032,-0.016,-0.999,0.4,-0.5,0
102.592073600001,234,-0.02,18.8,0,0,0.032,-0.016,-0.999,0.4,-0.5,0
102.602073600001,233,-0.02,18.8,0,0,0.032,-0.016,-0.999,0.4,-0.5,0
102.612073600001,235,-0.01,18.9,0,0,0.031,-0.014,-1.001,0.3,-0.4,0
102.622073600001,232,-0.01,18.9,0,0,0.031,-0.014,-1.001,0.3,-0.4,0
102.632073600001,233,-0.01,18.9,0,0,0.031,-0.014,-1.001,0.3,-0.4,0
102.642073600001,237,-0.01,18.9,0,0,0.031,-0.014,-1.001,0.3,-0.4,0
102.652073600001,230,-0.01,18.9,0,0,0.031,-0.014,-1.001,0.3,-0.4,0
102.662073600001,232,0,18.8,0,0,0.032,-0.015,-1,0.3,-0.6,0
102.672073600001,234,0,18.8,0,0,0.032,-0.015,-1,0.3,-0.6,0
102.682073600001,232,0,18.8,0,0,0.032,-0.015,-1,0.3,-0.6,0
102.692073600001,236,0,18.8,0,0,0.032,-0.015,-1,0.3,-0.6,0
102.702073600001,231,0,18.8,0,0,0.032,-0.015,-1,0.3,-0.6,0
102.712073600001,231,0.01,18.9,0,0,0.032,-0.014,-0.996,0.2,-0.7,0
102.722073600001,233,0.01,18.9,0,0,0.032,-0.014,-0.996,0.2,-0.7,0
102.732073600001,237,0.01,18.9,0,0,0.032,-0.014,-0.996,0.2,-0.7,0
102.742073600001,235,0.01,18.9,0,0,0.032,-0.014,-0.996,0.2,-0.7,0
102.752073600001,230,0.01,18.9,0,0,0.032,-0.014,-0.996,0.2,-0.7,0
102.762073600001,232,0,18.9,0,0,0.032,-0.016,-1.002,0.1,-0.6,0
102.772073600001,233,0,18.9,0,0,0.032,-0.016,-1.002,0.1,-0.6,0
102.782073600001,231,0,18.9,0,0,0.032,-0.016,-1.002,0.1,-0.6,0
102.792073600001,234,0,18.9,0,0,0.032,-0.016,-1.002,0.1,-0.6,0
102.802073600001,233,0,18.9,0,0,0.032,-0.016,-1.002,0.1,-0.6,0
102.812073600001,237,0,18.9,0,0,0.032,-0.015,-1.004,0.2,-0.7,0
102.822073600001,236,0,18.9,0,0,0.032,-0.015,-1.004,0.2,-0.7,0
102.832073600001,232,0,18.9,0,0,0.032,-0.015,-1.004,0.2,-0.7,0
102.842073600001,233,0,18.9,0,0,0.032,-0.015,-1.004,0.2,-0.7,0
102.852073600001,237,0,18.9,0,0,0.032,-0.015,-1.004,0.2,-0.7,0
102.862073600001,229,0,18.8,0,0,0.031,-0.015,-1.007,0.3,-0.5,0
102.872073600001,233,0,18.8,0,0,0.031,-0.015,-1.007,0.3,-0.5,0
102.882073600001,239,0,18.8,0,0,0.031,-0.015,-1.007,0.3,-0.5,0
102.892073600001,231,0,18.8,0,0,0.031,-0.015,-1.007,0.3,-0.5,0
102.902073600001,230,0,18.8,0,0,0.031,-0.015,-1.007,0.3,-0.5,0
102.912073600001,231,-0.01,18.8,0,0,0.031,-0.016,-1.003,0.3,-0.6,0
102.922073600001,232,-0.01,18.8,0,0,0.031,-0.016,-1.003,0.3,-0.6,0
102.932073600001,233,-0.01,18.8,0,0,0.031,-0.016,-1.003,0.3,-0.6,0
102.942073600001,233,-0.01,18.8,0,0,0.031,-0.016,-1.003,0.3,-0.6,0
102.952073600001,233,-0.01,18.8,0,0,0.031,-0.016,-1.003,0.3,-0.6,0
102.962073600001,234,-0.01,18.8,0,0,0.031,-0.016,-1.001,0.4,-0.5,0
102.972073600001,235,-0.01,18.8,0,0,0.031,-0.016,-1.001,0.4,-0.5,0
102.982073600001,233,-0.01,18.8,0,0,0.031,-0.016,-1.001,0.4,-0.5,0
102.992073600001,232,-0.01,18.8,0,0,0.031,-0.016,-1.001,0.4,-0.5,0
103.002073600001,235,-0.01,18.8,0,0,0.031,-0.016,-1.001,0.4,-0.5,0
103.012073600001,234,-0.03,18.8,0,0,0.031,-0.014,-1.003,0.4,-0.4,0
103.022073600001,231,-0.03,18.8,0,0,0.031,-0.014,-1.003,0.4,-0.4,0
103.032073600001,230,-0.03,18.8,0,0,0.031,-0.014,-1.003,0.4,-0.4,0
103.042073600001,233,-0.03,18.8,0,0,0.031,-0.014,-1.003,0.4,-0.4,0
103.052073600001,233,-0.03,18.8,0,0,0.031,-0.014,-1.003,0.4,-0.4,0
103.062073600001,232,0,18.8,0,0,0.032,-0.013,-1,0.3,-0.5,0
103.072073600001,234,0,18.8,0,0,0.032,-0.013,-1,0.3,-0.5,0
103.082073600001,234,0,18.8,0,0,0.032,-0.013,-1,0.3,-0.5,0
103.092073600001,234,0,18.8,0,0,0.032,-0.013,-1,0.3,-0.5,0
103.102073600001,235,0,18.8,0,0,0.032,-0.013,-1,0.3,-0.5,0
103.112073600001,237,0,18.8,0,0,0.032,-0.013,-0.997,0.2,-0.5,0
103.122073600001,231,0,18.8,0,0,0.032,-0.013,-0.997,0.2,-0.5,0
103.132073600001,233,0,18.8,0,0,0.032,-0.013,-0.997,0.2,-0.5,0
103.142073600001,239,0,18.8,0,0,0.032,-0.013,-0.997,0.2,-0.5,0
103.152073600001,229,0,18.8,0,0,0.032,-0.013,-0.997,0.2,-0.5,0
103.162073600001,230,0.01,18.8,0,0,0.031,-0.015,-1.002,0.3,-0.6,0
103.172073600001,233,0.01,18.8,0,0,0.031,-0.015,-1.002,0.3,-0.6,0
103.182073600001,230,0.01,18.8,0,0,0.031,-0.015,-1.002,0.3,-0.6,0
103.192073600001,232,0.01,18.8,0,0,0.031,-0.015,-1.002,0.3,-0.6,0
103.202073600001,233,0.01,18.8,0,0,0.031,-0.015,-1.002,0.3,-0.6,0
103.212073600001,233,0.02,18.8,0,0,0.031,-0.013,-1,0.3,-0.4,0
103.222073600001,234,0.02,18.8,0,0,0.031,-0.013,-1,0.3,-0.4,0
103.232073600001,232,0.02,18.8,0,0,0.031,-0.013,-1,0.3,-0.4,0
103.242073600001,234,0.02,18.8,0,0,0.031,-0.013,-1,0.3,-0.4,0
103.252073600001,234,0.02,18.8,0,0,0.031,-0.013,-1,0.3,-0.4,0
103.262073600001,229,0.01,18.8,0,0,0.032,-0.015,-1.001,0.3,-0.4,0.1
103.272073600001,231,0.01,18.8,0,0,0.032,-0.015,-1.001,0.3,-0.4,0.1
103.282073600001,234,0.01,18.8,0,0,0.032,-0.015,-1.001,0.3,-0.4,0.1
103.292073600001,234,0.01,18.8,0,0,0.032,-0.015,-1.001,0.3,-0.4,0.1
103.302073600001,234,0.01,18.8,0,0,0.032,-0.015,-1.001,0.3,-0.4,0.1
103.312073600001,233,0,18.9,0,0,0.031,-0.014,-1,0.3,-0.5,0
103.322073600001,232,0,18.9,0,0,0.031,-0.014,-1,0.3,-0.5,0
103.332073600001,233,0,18.9,0,0,0.031,-0.014,-1,0.3,-0.5,0
103.342073600001,238,0,18.9,0,0,0.031,-0.014,-1,0.3,-0.5,0
103.352073600001,239,0,18.9,0,0,0.031,-0.014,-1,0.3,-0.5,0
103.362073600001,230,0,18.8,0,0,0.032,-0.014,-0.996,0.1,-0.5,0
103.372073600001,230,0,18.8,0,0,0.032,-0.014,-0.996,0.1,-0.5,0
103.382073600001,237,0,18.8,0,0,0.032,-0.014,-0.996,0.1,-0.5,0
103.392073600001,231,0,18.8,0,0,0.032,-0.014,-0.996,0.1,-0.5,0
103.402073600001,231,0,18.8,0,0,0.032,-0.014,-0.996,0.1,-0.5,0
103.412073600001,232,-0.02,18.8,0,0,0.031,-0.015,-1.001,0.2,-0.6,0
103.422073600001,229,-0.02,18.8,0,0,0.031,-0.015,-1.001,0.2,-0.6,0
103.432073600001,233,-0.02,18.8,0,0,0.031,-0.015,-1.001,0.2,-0.6,0
103.442073600001,234,-0.02,18.8,0,0,0.031,-0.015,-1.001,0.2,-0.6,0
103.452073600001,234,-0.02,18.8,0,0,0.031,-0.015,-1.001,0.2,-0.6,0
103.462073600001,230,-0.01,18.8,0,0,0.03,-0.013,-1.005,0.2,-0.7,0
103.472073600001,234,-0.01,18.8,0,0,0.03,-0.013,-1.005,0.2,-0.7,0
103.482073600001,237,-0.01,18.8,0,0,0.03,-0.013,-1.005,0.2,-0.7,0
103.492073600001,234,-0.01,18.8,0,0,0.03,-0.013,-1.005,0.2,-0.7,0
103.502073600001,234,-0.01,18.8,0,0,0.03,-0.013,-1.005,0.2,-0.7,0
103.512073600001,234,-0.03,18.8,0,0,0.032,-0.014,-1.002,0.3,-0.6,0
103.522073600001,231,-0.03,18.8,0,0,0.032,-0.014,-1.002,0.3,-0.6,0
103.532073600001,233,-0.03,18.8,0,0,0.032,-0.014,-1.002,0.3,-0.6,0
103.542073600001,233,-0.03,18.8,0,0,0.032,-0.014,-1.002,0.3,-0.6,0
103.552073600001,232,-0.03,18.8,0,0,0.032,-0.014,-1.002,0.3,-0.6,0
103.562073600001,233,0,18.9,0,0,0.03,-0.013,-1.008,0.3,-0.5,0
103.572073600001,233,0,18.9,0,0,0.03,-0.013,-1.008,0.3,-0.5,0
103.582073600001,232,0,18.9,0,0,0.03,-0.013,-1.008,0.3,-0.5,0
103.592073600001,237,0,18.9,0,0,0.03,-0.013,-1.008,0.3,-0.5,0
103.602073600001,234,0,18.9,0,0,0.03,-0.013,-1.008,0.3,-0.5,0
103.612073600001,232,0.01,18.8,0,0,0.032,-0.016,-1,0.3,-0.5,0
103.622073600001,236,0.01,18.8,0,0,0.032,-0.016,-1,0.3,-0.5,0
103.632073600001,231,0.01,18.8,0,0,0.032,-0.016,-1,0.3,-0.5,0
103.642073600001,230,0.01,18.8,0,0,0.032,-0.016,-1,0.3,-0.5,0
103.652073600001,233,0.01,18.8,0,0,0.032,-0.016,-1,0.3,-0.5,0
103.662073600001,234,0,18.8,0,0,0.031,-0.013,-1.002,0.4,-0.4,0.1
103.672073600001,230,0,18.8,0,0,0.031,-0.013,-1.002,0.4,-0.4,0.1
103.682073600001,233,0,18.8,0,0,0.031,-0.013,-1.002,0.4,-0.4,0.1
103.692073600001,234,0,18.8,0,0,0.031,-0.013,-1.002,0.4,-0.4,0.1
103.702073600001,232,0,18.8,0,0,0.031,-0.013,-1.002,0.4,-0.4,0.1
103.712073600001,237,0.01,18.8,0,0,0.031,-0.014,-1,0.3,-0.5,0
103.722073600001,236,0.01,18.8,0,0,0.031,-0.014,-1,0.3,-0.5,0
103.732073600001,231,0.01,18.8,0,0,0.031,-0.014,-1,0.3,-0.5,0
103.742073600001,233,0.01,18.8,0,0,0.031,-0.014,-1,0.3,-0.5,0
103.752073600001,234,0.01,18.8,0,0,0.031,-0.014,-1,0.3,-0.5,0
103.762073600001,231,0,18.9,0,0,0.032,-0.013,-0.995,0.2,-0.6,0
103.772073600001,233,0,18.9,0,0,0.032,-0.013,-0.995,0.2,-0.6,0
103.782073600001,233,0,18.9,0,0,0.032,-0.013,-0.995,0.2,-0.6,0
103.792073600001,230,0,18.9,0,0,0.032,-0.013,-0.995,0.2,-0.6,0
103.802073600001,237,0,18.9,0,0,0.032,-0.013,-0.995,0.2,-0.6,0
103.812073600001,233,0,18.9,0,0,0.031,-0.014,-1,0.1,-0.7,0
103.822073600001,231,0,18.9,0,0,0.031,-0.014,-1,0.1,-0.7,0
103.832073600001,235,0,18.9,0,0,0.031,-0.014,-1,0.1,-0.7,0
103.842073600001,232,0,18.9,0,0,0.031,-0.014,-1,0.1,-0.7,0
103.852073600001,236,0,18.9,0,0,0.031,-0.014,-1,0.1,-0.7,0
103.862073600001,233,-0.01,18.8,0,0,0.031,-0.014,-1.004,0.2,-0.7,0
103.872073600001,233,-0.01,18.8,0,0,0.031,-0.014,-1.004,0.2,-0.7,0
103.882073600001,235,-0.01,18.8,0,0,0.031,-0.014,-1.004,0.2,-0.7,0
103.892073600001,230,-0.01,18.8,0,0,0.031,-0.014,-1.004,0.2,-0.7,0
103.902073600001,233,-0.01,18.8,0,0,0.031,-0.014,-1.004,0.2,-0.7,0
103.912073600001,234,-0.02,18.9,0,0,0.031,-0.014,-1.002,0.2,-0.6,0
103.922073600001,231,-0.02,18.9,0,0,0.031,-0.014,-1.002,0.2,-0.6,0
103.932073600001,231,-0.02,18.9,0,0,0.031,-0.014,-1.002,0.2,-0.6,0
103.942073600001,235,-0.02,18.9,0,0,0.031,-0.014,-1.002,0.2,-0.6,0
103.952073600001,233,-0.02,18.9,0,0,0.031,-0.014,-1.002,0.2,-0.6,0
103.962073600001,231,-0.01,18.8,0,0,0.032,-0.015,-1.006,0.3,-0.6,0
103.972073600001,233,-0.01,18.8,0,0,0.032,-0.015,-1.006,0.3,-0.6,0
103.982073600001,233,-0.01,18.8,0,0,0.032,-0.015,-1.006,0.3,-0.6,0
103.992073600001,233,-0.01,18.8,0,0,0.032,-0.015,-1.006,0.3,-0.6,0
104.002073600001,235,-0.01,18.8,0,0,0.032,-0.015,-1.006,0.3,-0.6,0
104.012073600001,236,0,18.9,0,0,0.032,-0.016,-1.005,0.3,-0.5,0
104.022073600001,233,0,18.9,0,0,0.032,-0.016,-1.005,0.3,-0.5,0
104.032073600001,232,0,18.9,0,0,0.032,-0.016,-1.005,0.3,-0.5,0
104.042073600001,237,0,18.9,0,0,0.032,-0.016,-1.005,0.3,-0.5,0
104.052073600001,232,0,18.9,0,0,0.032,-0.016,-1.005,0.3,-0.5,0
104.062073600001,232,0,18.7,0,0,0.032,-0.017,-1,0.3,-0.4,0
104.072073600001,232,0,18.7,0,0,0.032,-0.017,-1,0.3,-0.4,0
104.082073600001,232,0,18.7,0,0,0.032,-0.017,-1,0.3,-0.4,0
104.092073600001,235,0,18.7,0,0,0.032,-0.017,-1,0.3,-0.4,0
104.102073600001,231,0,18.7,0,0,0.032,-0.017,-1,0.3,-0.4,0
104.112073600001,232,0.01,18.9,0,0,0.031,-0.014,-1.002,0.4,-0.4,0
104.122073600001,233,0.01,18.9,0,0,0.031,-0.014,-1.002,0.4,-0.4,0
104.132073600001,236,0.01,18.9,0,0,0.031,-0.014,-1.002,0.4,-0.4,0
104.142073600001,236,0.01,18.9,0,0,0.031,-0.014,-1.002,0.4,-0.4,0
104.152073600001,231,0.01,18.9,0,0,0.031,-0.014,-1.002,0.4,-0.4,0
104.162073600001,234,0,18.9,0,0,0.031,-0.014,-1,0.3,-0.5,0
104.172073600001,233,0,18.9,0,0,0.031,-0.014,-1,0.3,-0.5,0
104.182073600001,230,0,18.9,0,0,0.031,-0.014,-1,0.3,-0.5,0
104.192073600001,233,0,18.9,0,0,0.031,-0.014,-1,0.3,-0.5,0
104.202073600001,233,0,18.9,0,0,0.031,-0.014,-1,0.3,-0.5,0
104.212073600001,231,0.02,18.9,0,0,0.032,-0.014,-0.996,0.2,-0.6,0
104.222073600001,232,0.02,18.9,0,0,0.032,-0.014,-0.996,0.2,-0.6,0
104.232073600001,234,0.02,18.9,0,0,0.032,-0.014,-0.996,0.2,-0.6,0
104.242073600001,234,0.02,18.9,0,0,0.032,-0.014,-0.996,0.2,-0.6,0
104.252073600001,233,0.02,18.9,0,0,0.032,-0.014,-0.996,0.2,-0.6,0
104.262073600001,233,0,18.8,0,0,0.031,-0.013,-1,0.1,-0.6,0
104.272073600001,236,0,18.8,0,0,0.031,-0.013,-1,0.1,-0.6,0
104.282073600001,235,0,18.8,0,0,0.031,-0.013,-1,0.1,-0.6,0
104.292073600001,232,0,18.8,0,0,0.031,-0.013,-1,0.1,-0.6,0
104.302073600001,237,0,18.8,0,0,0.031,-0.013,-1,0.1,-0.6,0
104.312073600001,232,-0.01,18.8,0,0,0.031,-0.014,-1.001,0.1,-0.7,0
104.322073600001,232,-0.01,18.8,0,0,0.031,-0.014,-1.001,0.1,-0.7,0
104.332073600001,232,-0.01,18.8,0,0,0.031,-0.014,-1.001,0.1,-0.7,0
104.342073600001,233,-0.01,18.8,0,0,0.031,-0.014,-1.001,0.1,-0.7,0
104.352073600001,233,-0.01,18.8,0,0,0.031,-0.014,-1.001,0.1,-0.7,0
104.362073600001,232,-0.02,18.9,0,0,0.032,-0.015,-1.006,0.3,-0.6,0
104.372073600001,235,-0.02,18.9,0,0,0.032,-0.015,-1.006,0.3,-0.6,0
104.382073600001,234,-0.02,18.9,0,0,0.032,-0.015,-1.006,0.3,-0.6,0
104.392073600001,231,-0.02,18.9,0,0,0.032,-0.015,-1.006,0.3,-0.6,0
104.402073600001,234,-0.02,18.9,0,0,0.032,-0.015,-1.006,0.3,-0.6,0
104.412073600001,235,-0.03,18.8,0,0,0.031,-0.016,-1.005,0.3,-0.6,0
104.422073600001,232,-0.03,18.8,0,0,0.031,-0.016,-1.005,0.3,-0.6,0
104.432073600001,230,-0.03,18.8,0,0,0.031,-0.016,-1.005,0.3,-0.6,0
104.442073600001,232,-0.03,18.8,0,0,0.031,-0.016,-1.005,0.3,-0.6,0
104.452073600001,233,-0.03,18.8,0,0,0.031,-0.016,-1.005,0.3,-0.6,0
104.462073600001,233,-0.01,18.8,0,0,0.033,-0.017,-1,0.3,-0.4,0
104.472073600001,235,-0.01,18.8,0,0,0.033,-0.017,-1,0.3,-0.4,0
104.482073600001,234,-0.01,18.8,0,0,0.033,-0.017,-1,0.3,-0.4,0
104.492073600001,233,-0.01,18.8,0,0,0.033,-0.017,-1,0.3,-0.4,0
104.502073600001,236,-0.01,18.8,0,0,0.033,-0.017,-1,0.3,-0.4,0
104.512073600001,237,0,18.8,0,0,0.031,-0.016,-1.003,0.4,-0.5,0
104.522073600001,231,0,18.8,0,0,0.031,-0.016,-1.003,0.4,-0.5,0
104.532073600001,233,0,18.8,0,0,0.031,-0.016,-1.003,0.4,-0.5,0
104.542073600001,239,0,18.8,0,0,0.031,-0.016,-1.003,0.4,-0.5,0
104.552073600001,230,0,18.8,0,0,0.031,-0.016,-1.003,0.4,-0.5,0
104.562073600001,233,0,18.8,0,0,0.032,-0.014,-0.996,0.3,-0.5,0
104.572073600001,232,0,18.8,0,0,0.032,-0.014,-0.996,0.3,-0.5,0
104.582073600001,232,0,18.8,0,0,0.032,-0.014,-0.996,0.3,-0.5,0
104.592073600001,233,0,18.8,0,0,0.032,-0.014,-0.996,0.3,-0.5,0
104.602073600001,234,0,18.8,0,0,0.032,-0.014,-0.996,0.3,-0.5,0
104.612073600001,236,0.01,18.8,0,0,0.032,-0.014,-0.999,0.2,-0.6,0
104.622073600001,233,0.01,18.8,0,0,0.032,-0.014,-0.999,0.2,-0.6,0
104.632073600001,232,0.01,18.8,0,0,0.032,-0.014,-0.999,0.2,-0.6,0
104.642073600001,235,0.01,18.8,0,0,0.032,-0.014,-0.999,0.2,-0.6,0
104.652073600001,234,0.01,18.8,0,0,0.032,-0.014,-0.999,0.2,-0.6,0
104.662073600001,232,0.01,18.9,0,0,0.031,-0.016,-1.001,0.1,-0.7,0
104.672073600001,230,0.01,18.9,0,0,0.031,-0.016,-1.001,0.1,-0.7,0
104.682073600001,233,0.01,18.9,0,0,0.031,-0.016,-1.001,0.1,-0.7,0
104.692073600001,234,0.01,18.9,0,0,0.031,-0.016,-1.001,0.1,-0.7,0
104.702073600001,233,0.01,18.9,0,0,0.031,-0.016,-1.001,0.1,-0.7,0
104.712073600001,233,0,18.9,0,0,0.031,-0.015,-1.001,0.1,-0.7,0
104.722073600001,233,0,18.9,0,0,0.031,-0.015,-1.001,0.1,-0.7,0
104.732073600001,236,0,18.9,0,0,0.031,-0.015,-1.001,0.1,-0.7,0
104.742073600001,238,0,18.9,0,0,0.031,-0.015,-1.001,0.1,-0.7,0
104.752073600001,235,0,18.9,0,0,0.031,-0.015,-1.001,0.1,-0.7,0
104.762073600001,228,-0.01,18.8,0,0,0.031,-0.015,-1.008,0.3,-0.7,0
104.772073600001,232,-0.01,18.8,0,0,0.031,-0.015,-1.008,0.3,-0.7,0
104.782073600001,238,-0.01,18.8,0,0,0.031,-0.015,-1.008,0.3,-0.7,0
104.792073600001,230,-0.01,18.8,0,0,0.031,-0.015,-1.008,0.3,-0.7,0
104.802073600001,231,-0.01,18.8,0,0,0.031,-0.015,-1.008,0.3,-0.7,0
104.812073600001,230,-0.01,18.8,0,0,0.032,-0.016,-1,0.3,-0.4,0.1
104.822073600001,234,-0.01,18.8,0,0,0.032,-0.016,-1,0.3,-0.4,0.1
104.832073600001,237,-0.01,18.8,0,0,0.032,-0.016,-1,0.3,-0.4,0.1
104.842073600001,233,-0.01,18.8,0,0,0.032,-0.016,-1,0.3,-0.4,0.1
104.852073600001,234,-0.01,18.8,0,0,0.032,-0.016,-1,0.3,-0.4,0.1
104.862073600001,234,-0.02,18.8,0,0,0.032,-0.016,-1.003,0.4,-0.5,0
104.872073600001,231,-0.02,18.8,0,0,0.032,-0.016,-1.003,0.4,-0.5,0
104.882073600001,233,-0.02,18.8,0,0,0.032,-0.016,-1.003,0.4,-0.5,0
104.892073600001,236,-0.02,18.8,0,0,0.032,-0.016,-1.003,0.4,-0.5,0
104.902073600001,232,-0.02,18.8,0,0,0.032,-0.016,-1.003,0.4,-0.5,0
104.912073600001,230,0,18.9,0,0,0.032,-0.016,-0.999,0.3,-0.5,0
104.922073600001,232,0,18.9,0,0,0.032,-0.016,-0.999,0.3,-0.5,0
104.932073600001,232,0,18.9,0,0,0.032,-0.016,-0.999,0.3,-0.5,0
104.942073600001,237,0,18.9,0,0,0.032,-0.016,-0.999,0.3,-0.5,0
104.952073600001,234,0,18.9,0,0,0.032,-0.016,-0.999,0.3,-0.5,0
104.962073600001,232,0,18.8,0,0,0.032,-0.014,-0.998,0.3,-0.4,0
104.972073600001,235,0,18.8,0,0,0.032,-0.014,-0.998,0.3,-0.4,0
104.982073600001,234,0,18.8,0,0,0.032,-0.014,-0.998,0.3,-0.4,0
104.992073600001,237,0,18.8,0,0,0.032,-0.014,-0.998,0.3,-0.4,0
105.002073600001,230,0,18.8,0,0,0.032,-0.014,-0.998,0.3,-0.4,0
105.012073600001,232,0,18.9,0,0,0.032,-0.014,-1,0.3,-0.6,0
105.022073600001,235,0,18.9,0,0,0.032,-0.014,-1,0.3,-0.6,0
105.032073600001,231,0,18.9,0,0,0.032,-0.014,-1,0.3,-0.6,0
105.042073600001,229,0,18.9,0,0,0.032,-0.014,-1,0.3,-0.6,0
105.052073600001,232,0,18.9,0,0,0.032,-0.014,-1,0.3,-0.6,0
105.062073600001,234,0.01,18.8,0,0,0.032,-0.016,-0.998,0.2,-0.7,0
105.072073600001,232,0.01,18.8,0,0,0.032,-0.016,-0.998,0.2,-0.7,0
105.082073600001,234,0.01,18.8,0,0,0.032,-0.016,-0.998,0.2,-0.7,0
105.092073600001,234,0.01,18.8,0,0,0.032,-0.016,-0.998,0.2,-0.7,0
105.102073600001,232,0.01,18.8,0,0,0.032,-0.016,-0.998,0.2,-0.7,0
105.112073600001,236,0,18.9,0,0,0.032,-0.014,-1.003,0.3,-0.6,0
105.122073600001,235,0,18.9,0,0,0.032,-0.014,-1.003,0.3,-0.6,0
105.132073600001,231,0,18.9,0,0,0.032,-0.014,-1.003,0.3,-0.6,0
105.142073600001,233,0,18.9,0,0,0.032,-0.014,-1.003,0.3,-0.6,0
105.152073600001,236,0,18.9,0,0,0.032,-0.014,-1.003,0.3,-0.6,0
105.162073600001,233,0,18.8,0,0,0.032,-0.012,-1.007,0.3,-0.6,0
105.172073600001,233,0,18.8,0,0,0.032,-0.012,-1.007,0.3,-0.6,0
105.182073600001,232,0,18.8,0,0,0.032,-0.012,-1.007,0.3,-0.6,0
105.192073600001,230,0,18.8,0,0,0.032,-0.012,-1.007,0.3,-0.6,0
105.202073600001,237,0,18.8,0,0,0.032,-0.012,-1.007,0.3,-0.6,0
105.212073600001,234,-0.01,18.8,0,0,0.032,-0.015,-1.004,0.3,-0.6,0
105.222073600001,232,-0.01,18.8,0,0,0.032,-0.015,-1.004,0.3,-0.6,0
105.232073600001,235,-0.01,18.8,0,0,0.032,-0.015,-1.004,0.3,-0.6,0
105.242073600001,231,-0.01,18.8,0,0,0.032,-0.015,-1.004,0.3,-0.6,0
105.252073600001,232,-0.01,18.8,0,0,0.032,-0.015,-1.004,0.3,-0.6,0
105.262073600001,233,-0.01,18.9,0,0,0.032,-0.016,-1.003,0.3,-0.4,0
105.272073600001,235,-0.01,18.9,0,0,0.032,-0.016,-1.003,0.3,-0.4,0
105.282073600001,235,-0.01,18.9,0,0,0.032,-0.016,-1.003,0.3,-0.4,0
105.292073600001,231,-0.01,18.9,0,0,0.032,-0.016,-1.003,0.3,-0.4,0
105.302073600001,233,-0.01,18.9,0,0,0.032,-0.016,-1.003,0.3,-0.4,0
105.312073600001,234,-0.02,18.9,0,0,0.031,-0.016,-1.005,0.4,-0.5,0
105.322073600001,231,-0.02,18.9,0,0,0.031,-0.016,-1.005,0.4,-0.5,0
105.332073600001,230,-0.02,18.9,0,0,0.031,-0.016,-1.005,0.4,-0.5,0
105.342073600001,233,-0.02,18.9,0,0,0.031,-0.016,-1.005,0.4,-0.5,0
105.352073600001,233,-0.02,18.9,0,0,0.031,-0.016,-1.005,0.4,-0.5,0
105.362073600001,232,-0.02,18.9,0,0,0.031,-0.013,-1,0.4,-0.5,0
105.372073600001,234,-0.02,18.9,0,0,0.031,-0.013,-1,0.4,-0.5,0
105.382073600001,233,-0.02,18.9,0,0,0.031,-0.013,-1,0.4,-0.5,0
105.392073600001,234,-0.02,18.9,0,0,0.031,-0.013,-1,0.4,-0.5,0
105.402073600001,237,-0.02,18.9,0,0,0.031,-0.013,-1,0.4,-0.5,0
105.412073600001,234,-0.01,18.8,0,0,0.031,-0.015,-1,0.3,-0.4,0.1
105.422073600001,232,-0.01,18.8,0,0,0.031,-0.015,-1,0.3,-0.4,0.1
105.432073600001,233,-0.01,18.8,0,0,0.031,-0.015,-1,0.3,-0.4,0.1
105.442073600001,238,-0.01,18.8,0,0,0.031,-0.015,-1,0.3,-0.4,0.1
105.452073600001,232,-0.01,18.8,0,0,0.031,-0.015,-1,0.3,-0.4,0.1
105.462073600001,232,0,18.8,0,0,0.032,-0.015,-1,0.3,-0.7,0
105.472073600001,232,0,18.8,0,0,0.032,-0.015,-1,0.3,-0.7,0
105.482073600001,230,0,18.8,0,0,0.032,-0.015,-1,0.3,-0.7,0
105.492073600001,236,0,18.8,0,0,0.032,-0.015,-1,0.3,-0.7,0
105.502073600001,231,0,18.8,0,0,0.032,-0.015,-1,0.3,-0.7,0
105.512073600001,232,0.01,18.9,0,0,0.033,-0.017,-0.998,0.2,-0.6,0
105.522073600001,233,0.01,18.9,0,0,0.033,-0.017,-0.998,0.2,-0.6,0
105.532073600001,233,0.01,18.9,0,0,0.033,-0.017,-0.998,0.2,-0.6,0
105.542073600001,236,0.01,18.9,0,0,0.033,-0.017,-0.998,0.2,-0.6,0
105.552073600001,234,0.01,18.9,0,0,0.033,-0.017,-0.998,0.2,-0.6,0
105.562073600001,233,0.01,18.9,0,0,0.03,-0.012,-1.001,0.2,-0.6,0
105.572073600001,233,0.01,18.9,0,0,0.03,-0.012,-1.001,0.2,-0.6,0
105.582073600001,230,0.01,18.9,0,0,0.03,-0.012,-1.001,0.2,-0.6,0
105.592073600001,233,0.01,18.9,0,0,0.03,-0.012,-1.001,0.2,-0.6,0
105.602073600001,235,0.01,18.9,0,0,0.03,-0.012,-1.001,0.2,-0.6,0
105.612073600001,231,0.01,18.8,0,0,0.032,-0.017,-1.006,0.3,-0.7,0
105.622073600001,231,0.01,18.8,0,0,0.032,-0.017,-1.006,0.3,-0.7,0
105.632073600001,234,0.01,18.8,0,0,0.032,-0.017,-1.006,0.3,-0.7,0
105.642073600001,234,0.01,18.8,0,0,0.032,-0.017,-1.006,0.3,-0.7,0
105.652073600001,233,0.01,18.8,0,0,0.032,-0.017,-1.006,0.3,-0.7,0
105.662073600001,234,0,18.9,0,0,0.031,-0.013,-1.005,0.2,-0.6,0.1
105.672073600001,236,0,18.9,0,0,0.031,-0.013,-1.005,0.2,-0.6,0.1
105.682073600001,234,0,18.9,0,0,0.031,-0.013,-1.005,0.2,-0.6,0.1
105.692073600001,232,0,18.9,0,0,0.031,-0.013,-1.005,0.2,-0.6,0.1
105.702073600001,238,0,18.9,0,0,0.031,-0.013,-1.005,0.2,-0.6,0.1
105.712073600001,232,0,18.9,0,0,0.032,-0.016,-1.006,0.3,-0.4,0
105.722073600001,232,0,18.9,0,0,0.032,-0.016,-1.006,0.3,-0.4,0
105.732073600001,238,0,18.9,0,0,0.032,-0.016,-1.006,0.3,-0.4,0
105.742073600001,228,0,18.9,0,0,0.032,-0.016,-1.006,0.3,-0.4,0
105.752073600001,230,0,18.9,0,0,0.032,-0.016,-1.006,0.3,-0.4,0
105.762073600001,233,-0.01,18.8,0,0,0.033,-0.015,-1.004,0.4,-0.6,0
105.772073600001,232,-0.01,18.8,0,0,0.033,-0.015,-1.004,0.4,-0.6,0
105.782073600001,233,-0.01,18.8,0,0,0.033,-0.015,-1.004,0.4,-0.6,0
105.792073600001,233,-0.01,18.8,0,0,0.033,-0.015,-1.004,0.4,-0.6,0
105.802073600001,232,-0.01,18.8,0,0,0.033,-0.015,-1.004,0.4,-0.6,0
105.812073600001,235,-0.02,18.8,0,0,0.031,-0.014,-1.001,0.3,-0.4,0
105.822073600001,233,-0.02,18.8,0,0,0.031,-0.014,-1.001,0.3,-0.4,0
105.832073600001,234,-0.02,18.8,0,0,0.031,-0.014,-1.001,0.3,-0.4,0
105.842073600001,231,-0.02,18.8,0,0,0.031,-0.014,-1.001,0.3,-0.4,0
105.852073600001,230,-0.02,18.8,0,0,0.031,-0.014,-1.001,0.3,-0.4,0
105.862073600001,232,-0.01,18.9,0,0,0.031,-0.015,-1,0.3,-0.6,0
105.872073600001,233,-0.01,18.9,0,0,0.031,-0.015,-1,0.3,-0.6,0
105.882073600001,234,-0.01,18.9,0,0,0.031,-0.015,-1,0.3,-0.6,0
105.892073600001,234,-0.01,18.9,0,0,0.031,-0.015,-1,0.3,-0.6,0
105.902073600001,234,-0.01,18.9,0,0,0.031,-0.015,-1,0.3,-0.6,0
105.912073600001,238,0,18.9,0,0,0.033,-0.015,-0.997,0.1,-0.6,0
105.922073600001,233,0,18.9,0,0,0.033,-0.015,-0.997,0.1,-0.6,0
105.932073600001,231,0,18.9,0,0,0.033,-0.015,-0.997,0.1,-0.6,0
105.942073600001,239,0,18.9,0,0,0.033,-0.015,-0.997,0.1,-0.6,0
105.952073600001,231,0,18.9,0,0,0.033,-0.015,-0.997,0.1,-0.6,0
105.962073600001,230,0.01,18.8,0,0,0.031,-0.015,-1.004,0.2,-0.6,0
105.972073600001,236,0.01,18.8,0,0,0.031,-0.015,-1.004,0.2,-0.6,0
105.982073600001,231,0.01,18.8,0,0,0.031,-0.015,-1.004,0.2,-0.6,0
105.992073600001,229,0.01,18.8,0,0,0.031,-0.015,-1.004,0.2,-0.6,0
106.002073600001,231,0.01,18.8,0,0,0.031,-0.015,-1.004,0.2,-0.6,0
106.012073600001,232,0.01,18.9,0,0,0.031,-0.016,-1.005,0.4,-0.5,0
106.022073600001,233,0.01,18.9,0,0,0.031,-0.016,-1.005,0.4,-0.5,0
106.032073600001,234,0.01,18.9,0,0,0.031,-0.016,-1.005,0.4,-0.5,0
106.042073600001,234,0.01,18.9,0,0,0.031,-0.016,-1.005,0.4,-0.5,0
106.052073600001,233,0.01,18.9,0,0,0.031,-0.016,-1.005,0.4,-0.5,0
106.062073600001,234,0,18.8,0,0,0.032,-0.015,-0.999,0.3,-0.4,0
106.072073600001,234,0,18.8,0,0,0.032,-0.015,-0.999,0.3,-0.4,0
106.082073600001,233,0,18.8,0,0,0.032,-0.015,-0.999,0.3,-0.4,0
106.092073600001,234,0,18.8,0,0,0.032,-0.015,-0.999,0.3,-0.4,0
106.102073600001,234,0,18.8,0,0,0.032,-0.015,-0.999,0.3,-0.4,0
106.112073600001,231,0,18.8,0,0,0.032,-0.013,-0.998,0.2,-0.4,0
106.122073600001,229,0,18.8,0,0,0.032,-0.013,-0.998,0.2,-0.4,0
106.132073600001,232,0,18.8,0,0,0.032,-0.013,-0.998,0.2,-0.4,0
106.142073600001,234,0,18.8,0,0,0.032,-0.013,-0.998,0.2,-0.4,0
106.152073600001,234,0,18.8,0,0,0.032,-0.013,-0.998,0.2,-0.4,0
106.162073600001,234,0,18.9,0,0,0.032,-0.013,-1.001,0.2,-0.6,0.1
106.172073600001,233,0,18.9,0,0,0.032,-0.013,-1.001,0.2,-0.6,0.1
106.182073600001,236,0,18.9,0,0,0.032,-0.013,-1.001,0.2,-0.6,0.1
106.192073600001,236,0,18.9,0,0,0.032,-0.013,-1.001,0.2,-0.6,0.1
106.202073600001,235,0,18.9,0,0,0.032,-0.013,-1.001,0.2,-0.6,0.1
106.212073600001,235,-0.02,18.8,0,0,0.032,-0.015,-1.002,0.2,-0.7,0
106.222073600001,229,-0.02,18.8,0,0,0.032,-0.015,-1.002,0.2,-0.7,0
106.232073600001,229,-0.02,18.8,0,0,0.032,-0.015,-1.002,0.2,-0.7,0
106.242073600001,234,-0.02,18.8,0,0,0.032,-0.015,-1.002,0.2,-0.7,0
106.252073600001,234,-0.02,18.8,0,0,0.032,-0.015,-1.002,0.2,-0.7,0
106.262073600001,232,-0.01,18.8,0,0,0.031,-0.013,-1.008,0.3,-0.6,0
106.272073600001,234,-0.01,18.8,0,0,0.031,-0.013,-1.008,0.3,-0.6,0
106.282073600001,236,-0.01,18.8,0,0,0.031,-0.013,-1.008,0.3,-0.6,0
106.292073600001,234,-0.01,18.8,0,0,0.031,-0.013,-1.008,0.3,-0.6,0
106.302073600001,234,-0.01,18.8,0,0,0.031,-0.013,-1.008,0.3,-0.6,0
106.312073600001,234,-0.01,18.8,0,0,0.031,-0.012,-1.004,0.3,-0.6,0
106.322073600001,231,-0.01,18.8,0,0,0.031,-0.012,-1.004,0.3,-0.6,0
106.332073600001,233,-0.01,18.8,0,0,0.031,-0.012,-1.004,0.3,-0.6,0
106.342073600001,234,-0.01,18.8,0,0,0.031,-0.012,-1.004,0.3,-0.6,0
106.352073600001,231,-0.01,18.8,0,0,0.031,-0.012,-1.004,0.3,-0.6,0
106.362073600001,232,0,18.9,0,0,0.031,-0.016,-1.005,0.3,-0.5,0.1
106.372073600001,234,0,18.9,0,0,0.031,-0.016,-1.005,0.3,-0.5,0.1
106.382073600001,232,0,18.9,0,0,0.031,-0.016,-1.005,0.3,-0.5,0.1
106.392073600001,236,0,18.9,0,0,0.031,-0.016,-1.005,0.3,-0.5,0.1
106.402073600001,233,0,18.9,0,0,0.031,-0.016,-1.005,0.3,-0.5,0.1
106.412073600001,232,0.01,18.8,0,0,0.031,-0.016,-1.005,0.3,-0.4,0
106.422073600001,235,0.01,18.8,0,0,0.031,-0.016,-1.005,0.3,-0.4,0
106.432073600001,234,0.01,18.8,0,0,0.031,-0.016,-1.005,0.3,-0.4,0
106.442073600001,236,0.01,18.8,0,0,0.031,-0.016,-1.005,0.3,-0.4,0
106.452073600001,230,0.01,18.8,0,0,0.031,-0.016,-1.005,0.3,-0.4,0
106.462073600001,232,0,18.9,0,0,0.032,-0.014,-1.001,0.4,-0.4,0
106.472073600001,235,0,18.9,0,0,0.032,-0.014,-1.001,0.4,-0.4,0
106.482073600001,231,0,18.9,0,0,0.032,-0.014,-1.001,0.4,-0.4,0
106.492073600001,232,0,18.9,0,0,0.032,-0.014,-1.001,0.4,-0.4,0
106.502073600001,231,0,18.9,0,0,0.032,-0.014,-1.001,0.4,-0.4,0
106.512073600001,231,0.01,18.9,0,0,0.031,-0.012,-0.999,0.3,-0.4,0
106.522073600001,232,0.01,18.9,0,0,0.031,-0.012,-0.999,0.3,-0.4,0
106.532073600001,234,0.01,18.9,0,0,0.031,-0.012,-0.999,0.3,-0.4,0
106.542073600001,234,0.01,18.9,0,0,0.031,-0.012,-0.999,0.3,-0.4,0
106.552073600001,232,0.01,18.9,0,0,0.031,-0.012,-0.999,0.3,-0.4,0
106.562073600001,234,0,18.9,0,0,0.032,-0.015,-1.001,0.2,-0.6,0
106.572073600001,236,0,18.9,0,0,0.032,-0.015,-1.001,0.2,-0.6,0
106.582073600001,234,0,18.9,0,0,0.032,-0.015,-1.001,0.2,-0.6,0
106.592073600001,233,0,18.9,0,0,0.032,-0.015,-1.001,0.2,-0.6,0
106.602073600001,234,0,18.9,0,0,0.032,-0.015,-1.001,0.2,-0.6,0
106.612073600001,232,0,18.8,0,0,0.033,-0.013,-0.995,0.1,-0.6,0
106.622073600001,233,0,18.8,0,0,0.033,-0.013,-0.995,0.1,-0.6,0
106.632073600001,238,0,18.8,0,0,0.033,-0.013,-0.995,0.1,-0.6,0
106.642073600001,231,0,18.8,0,0,0.033,-0.013,-0.995,0.1,-0.6,0
106.652073600001,231,0,18.8,0,0,0.033,-0.013,-0.995,0.1,-0.6,0
106.662073600001,234,-0.01,18.8,0,0,0.031,-0.014,-1.006,0.1,-0.7,0
106.672073600001,236,-0.01,18.8,0,0,0.031,-0.014,-1.006,0.1,-0.7,0
106.682073600001,235,-0.01,18.8,0,0,0.031,-0.014,-1.006,0.1,-0.7,0
106.692073600001,231,-0.01,18.8,0,0,0.031,-0.014,-1.006,0.1,-0.7,0
106.702073600001,233,-0.01,18.8,0,0,0.031,-0.014,-1.006,0.1,-0.7,0
106.712073600001,234,-0.02,18.7,0,0,0.032,-0.014,-1,0.2,-0.7,0
106.722073600001,232,-0.02,18.7,0,0,0.032,-0.014,-1,0.2,-0.7,0
106.732073600001,229,-0.02,18.7,0,0,0.032,-0.014,-1,0.2,-0.7,0
106.742073600001,233,-0.02,18.7,0,0,0.032,-0.014,-1,0.2,-0.7,0
106.752073600001,234,-0.02,18.7,0,0,0.032,-0.014,-1,0.2,-0.7,0
106.762073600002,232,-0.01,18.9,0,0,0.032,-0.016,-1.005,0.3,-0.5,0
106.772073600002,234,-0.01,18.9,0,0,0.032,-0.016,-1.005,0.3,-0.5,0
106.782073600001,234,-0.01,18.9,0,0,0.032,-0.016,-1.005,0.3,-0.5,0
106.792073600002,232,-0.01,18.9,0,0,0.032,-0.016,-1.005,0.3,-0.5,0
106.802073600002,235,-0.01,18.9,0,0,0.032,-0.016,-1.005,0.3,-0.5,0
106.812073600002,237,0,18.9,0,0,0.032,-0.017,-1.004,0.4,-0.5,0
106.822073600002,232,0,18.9,0,0,0.032,-0.017,-1.004,0.4,-0.5,0
106.832073600002,233,0,18.9,0,0,0.032,-0.017,-1.004,0.4,-0.5,0
106.842073600002,238,0,18.9,0,0,0.032,-0.017,-1.004,0.4,-0.5,0
106.852073600002,231,0,18.9,0,0,0.032,-0.017,-1.004,0.4,-0.5,0
106.862073600002,232,0,18.9,0,0,0.032,-0.016,-0.997,0.4,-0.5,0
106.872073600002,239,0,18.9,0,0,0.032,-0.016,-0.997,0.4,-0.5,0
106.882073600002,232,0,18.9,0,0,0.032,-0.016,-0.997,0.4,-0.5,0
106.892073600002,230,0,18.9,0,0,0.032,-0.016,-0.997,0.4,-0.5,0
106.902073600002,232,0,18.9,0,0,0.032,-0.016,-0.997,0.4,-0.5,0
106.912073600002,231,0,18.8,0,0,0.031,-0.015,-1,0.4,-0.4,0
106.922073600002,233,0,18.8,0,0,0.031,-0.015,-1,0.4,-0.4,0
106.932073600002,234,0,18.8,0,0,0.031,-0.015,-1,0.4,-0.4,0
106.942073600002,234,0,18.8,0,0,0.031,-0.015,-1,0.4,-0.4,0
106.952073600002,233,0,18.8,0,0,0.031,-0.015,-1,0.4,-0.4,0
106.962073600002,233,0.01,18.8,0,0,0.031,-0.014,-1.002,0.3,-0.6,0
106.972073600002,234,0.01,18.8,0,0,0.031,-0.014,-1.002,0.3,-0.6,0
106.982073600002,232,0.01,18.8,0,0,0.031,-0.014,-1.002,0.3,-0.6,0
106.992073600002,233,0.01,18.8,0,0,0.031,-0.014,-1.002,0.3,-0.6,0
107.002073600002,234,0.01,18.8,0,0,0.031,-0.014,-1.002,0.3,-0.6,0
107.012073600002,231,0.01,18.8,0,0,0.032,-0.014,-0.997,0.2,-0.6,0
107.022073600002,231,0.01,18.8,0,0,0.032,-0.014,-0.997,0.2,-0.6,0
107.032073600002,234,0.01,18.8,0,0,0.032,-0.014,-0.997,0.2,-0.6,0
107.042073600002,233,0.01,18.8,0,0,0.032,-0.014,-0.997,0.2,-0.6,0
107.052073600002,232,0.01,18.8,0,0,0.032,-0.014,-0.997,0.2,-0.6,0
107.062073600002,234,0,18.8,0,0,0.032,-0.015,-1,0.1,-0.7,0
107.072073600002,234,0,18.8,0,0,0.032,-0.015,-1,0.1,-0.7,0
107.082073600002,234,0,18.8,0,0,0.032,-0.015,-1,0.1,-0.7,0
107.092073600002,235,0,18.8,0,0,0.032,-0.015,-1,0.1,-0.7,0
107.102073600002,237,0,18.8,0,0,0.032,-0.015,-1,0.1,-0.7,0
107.112073600002,232,-0.01,18.8,0,0,0.03,-0.013,-1.004,0.2,-0.7,0
107.122073600002,234,-0.01,18.8,0,0,0.03,-0.013,-1.004,0.2,-0.7,0
107.132073600002,239,-0.01,18.8,0,0,0.03,-0.013,-1.004,0.2,-0.7,0
107.142073600002,228,-0.01,18.8,0,0,0.03,-0.013,-1.004,0.2,-0.7,0
107.152073600002,229,-0.01,18.8,0,0,0.03,-0.013,-1.004,0.2,-0.7,0
107.162073600002,231,-0.01,18.8,0,0,0.031,-0.017,-1.005,0.3,-0.6,0
107.172073600002,233,-0.01,18.8,0,0,0.031,-0.017,-1.005,0.3,-0.6,0
107.182073600002,237,-0.01,18.8,0,0,0.031,-0.017,-1.005,0.3,-0.6,0
107.192073600002,234,-0.01,18.8,0,0,0.031,-0.017,-1.005,0.3,-0.6,0
107.202073600002,233,-0.01,18.8,0,0,0.031,-0.017,-1.005,0.3,-0.6,0
107.212073600002,234,-0.01,18.8,0,0,0.032,-0.014,-1.004,0.3,-0.4,0
107.222073600002,232,-0.01,18.8,0,0,0.032,-0.014,-1.004,0.3,-0.4,0
107.232073600002,234,-0.01,18.8,0,0,0.032,-0.014,-1.004,0.3,-0.4,0
107.242073600002,234,-0.01,18.8,0,0,0.032,-0.014,-1.004,0.3,-0.4,0
107.252073600002,229,-0.01,18.8,0,0,0.032,-0.014,-1.004,0.3,-0.4,0
107.262073600002,231,0,18.8,0,0,0.032,-0.016,-0.999,0.4,-0.5,0
107.272073600002,234,0,18.8,0,0,0.032,-0.016,-0.999,0.4,-0.5,0
107.282073600002,234,0,18.8,0,0,0.032,-0.016,-0.999,0.4,-0.5,0
107.292073600002,234,0,18.8,0,0,0.032,-0.016,-0.999,0.4,-0.5,0
107.302073600002,233,0,18.8,0,0,0.032,-0.016,-0.999,0.4,-0.5,0
107.312073600002,234,0,18.9,0,0,0.029,-0.014,-1,0.4,-0.4,0
107.322073600002,233,0,18.9,0,0,0.029,-0.014,-1,0.4,-0.4,0
107.332073600002,237,0,18.9,0,0,0.029,-0.014,-1,0.4,-0.4,0
107.342073600002,238,0,18.9,0,0,0.029,-0.014,-1,0.4,-0.4,0
107.352073600002,228,0,18.9,0,0,0.029,-0.014,-1,0.4,-0.4,0
107.362073600002,231,0,18.8,0,0,0.032,-0.015,-1,0.3,-0.6,0
107.372073600002,238,0,18.8,0,0,0.032,-0.015,-1,0.3,-0.6,0
107.382073600002,231,0,18.8,0,0,0.032,-0.015,-1,0.3,-0.6,0
107.392073600002,229,0,18.8,0,0,0.032,-0.015,-1,0.3,-0.6,0
107.402073600002,232,0,18.8,0,0,0.032,-0.015,-1,0.3,-0.6,0
107.412073600002,232,0.01,18.9,0,0,0.033,-0.015,-0.994,0.2,-0.6,0
107.422073600002,232,0.01,18.9,0,0,0.033,-0.015,-0.994,0.2,-0.6,0
107.432073600002,234,0.01,18.9,0,0,0.033,-0.015,-0.994,0.2,-0.6,0
107.442073600002,234,0.01,18.9,0,0,0.033,-0.015,-0.994,0.2,-0.6,0
107.452073600002,231,0.01,18.9,0,0,0.033,-0.015,-0.994,0.2,-0.6,0
107.462073600002,235,0,18.8,0,0,0.032,-0.014,-0.999,0.1,-0.6,0
107.472073600002,237,0,18.8,0,0,0.032,-0.014,-0.999,0.1,-0.6,0
107.482073600002,232,0,18.8,0,0,0.032,-0.014,-0.999,0.1,-0.6,0
107.492073600002,234,0,18.8,0,0,0.032,-0.014,-0.999,0.1,-0.6,0
107.502073600002,234,0,18.8,0,0,0.032,-0.014,-0.999,0.1,-0.6,0
107.512073600002,231,0,18.9,0,0,0.032,-0.014,-1.004,0.1,-0.7,0
107.522073600002,234,0,18.9,0,0,0.032,-0.014,-1.004,0.1,-0.7,0
107.532073600002,232,0,18.9,0,0,0.032,-0.014,-1.004,0.1,-0.7,0
107.542073600002,231,0,18.9,0,0,0.032,-0.014,-1.004,0.1,-0.7,0
107.552073600002,234,0,18.9,0,0,0.032,-0.014,-1.004,0.1,-0.7,0
107.562073600002,235,-0.01,18.9,0,0,0.032,-0.015,-1.006,0.3,-0.6,0.1
107.572073600002,232,-0.01,18.9,0,0,0.032,-0.015,-1.006,0.3,-0.6,0.1
107.582073600002,237,-0.01,18.9,0,0,0.032,-0.015,-1.006,0.3,-0.6,0.1
107.592073600002,229,-0.01,18.9,0,0,0.032,-0.015,-1.006,0.3,-0.6,0.1
107.602073600002,232,-0.01,18.9,0,0,0.032,-0.015,-1.006,0.3,-0.6,0.1
107.612073600002,236,-0.01,18.9,0,0,0.031,-0.017,-1.003,0.3,-0.6,0
107.622073600002,228,-0.01,18.9,0,0,0.031,-0.017,-1.003,0.3,-0.6,0
107.632073600002,230,-0.01,18.9,0,0,0.031,-0.017,-1.003,0.3,-0.6,0
107.642073600002,234,-0.01,18.9,0,0,0.031,-0.017,-1.003,0.3,-0.6,0
107.652073600002,234,-0.01,18.9,0,0,0.031,-0.017,-1.003,0.3,-0.6,0
107.662073600002,231,-0.01,18.9,0,0,0.031,-0.016,-0.999,0.3,-0.4,0
107.672073600002,233,-0.01,18.9,0,0,0.031,-0.016,-0.999,0.3,-0.4,0
107.682073600002,235,-0.01,18.9,0,0,0.031,-0.016,-0.999,0.3,-0.4,0
107.692073600002,233,-0.01,18.9,0,0,0.031,-0.016,-0.999,0.3,-0.4,0
107.702073600002,237,-0.01,18.9,0,0,0.031,-0.016,-0.999,0.3,-0.4,0
107.712073600002,234,-0.01,18.8,0,0,0.031,-0.015,-1.004,0.4,-0.4,0
107.722073600002,231,-0.01,18.8,0,0,0.031,-0.015,-1.004,0.4,-0.4,0
107.732073600002,233,-0.01,18.8,0,0,0.031,-0.015,-1.004,0.4,-0.4,0
107.742073600002,236,-0.01,18.8,0,0,0.031,-0.015,-1.004,0.4,-0.4,0
107.752073600002,233,-0.01,18.8,0,0,0.031,-0.015,-1.004,0.4,-0.4,0
107.762073600002,231,0,18.9,0,0,0.03,-0.013,-1,0.3,-0.6,0
107.772073600002,232,0,18.9,0,0,0.03,-0.013,-1,0.3,-0.6,0
107.782073600002,232,0,18.9,0,0,0.03,-0.013,-1,0.3,-0.6,0
107.792073600002,237,0,18.9,0,0,0.03,-0.013,-1,0.3,-0.6,0
107.802073600002,234,0,18.9,0,0,0.03,-0.013,-1,0.3,-0.6,0
107.812073600002,232,0.01,18.9,0,0,0.032,-0.014,-0.995,0.2,-0.5,0
107.822073600002,235,0.01,18.9,0,0,0.032,-0.014,-0.995,0.2,-0.5,0
107.832073600002,234,0.01,18.9,0,0,0.032,-0.014,-0.995,0.2,-0.5,0
107.842073600002,236,0.01,18.9,0,0,0.032,-0.014,-0.995,0.2,-0.5,0
107.852073600002,230,0.01,18.9,0,0,0.032,-0.014,-0.995,0.2,-0.5,0
107.862073600002,232,0,18.9,0,0,0.032,-0.014,-1,0.3,-0.6,0
107.872073600002,235,0,18.9,0,0,0.032,-0.014,-1,0.3,-0.6,0
107.882073600002,231,0,18.9,0,0,0.032,-0.014,-1,0.3,-0.6,0
107.892073600002,234,0,18.9,0,0,0.032,-0.014,-1,0.3,-0.6,0
107.902073600002,232,0,18.9,0,0,0.032,-0.014,-1,0.3,-0.6,0
107.912073600002,229,0,18.8,0,0,0.031,-0.014,-1.001,0.2,-0.7,0
107.922073600002,230,0,18.8,0,0,0.031,-0.014,-1.001,0.2,-0.7,0
107.932073600002,234,0,18.8,0,0,0.031,-0.014,-1.001,0.2,-0.7,0
107.942073600002,235,0,18.8,0,0,0.031,-0.014,-1.001,0.2,-0.7,0
107.952073600002,232,0,18.8,0,0,0.031,-0.014,-1.001,0.2,-0.7,0
107.962073600002,234,0,18.8,0,0,0.031,-0.015,-1.002,0.1,-0.6,0
107.972073600002,236,0,18.8,0,0,0.031,-0.015,-1.002,0.1,-0.6,0
107.982073600002,234,0,18.8,0,0,0.031,-0.015,-1.002,0.1,-0.6,0
107.992073600002,233,0,18.8,0,0,0.031,-0.015,-1.002,0.1,-0.6,0
108.002073600002,234,0,18.8,0,0,0.031,-0.015,-1.002,0.1,-0.6,0
108.012073600002,232,0,18.8,0,0,0.03,-0.013,-1.008,0.3,-0.6,0
108.022073600002,233,0,18.8,0,0,0.03,-0.013,-1.008,0.3,-0.6,0
108.032073600002,238,0,18.8,0,0,0.03,-0.013,-1.008,0.3,-0.6,0
108.042073600002,232,0,18.8,0,0,0.03,-0.013,-1.008,0.3,-0.6,0
108.052073600002,231,0,18.8,0,0,0.03,-0.013,-1.008,0.3,-0.6,0
108.062073600002,232,-0.01,18.7,0,0,0.031,-0.016,-1.005,0.3,-0.6,0
108.072073600002,232,-0.01,18.7,0,0,0.031,-0.016,-1.005,0.3,-0.6,0
108.082073600002,235,-0.01,18.7,0,0,0.031,-0.016,-1.005,0.3,-0.6,0
108.092073600002,232,-0.01,18.7,0,0,0.031,-0.016,-1.005,0.3,-0.6,0
108.102073600002,232,-0.01,18.7,0,0,0.031,-0.016,-1.005,0.3,-0.6,0
108.112073600002,232,0,18.8,0,0,0.031,-0.014,-1,0.3,-0.5,0
108.122073600002,237,0,18.8,0,0,0.031,-0.014,-1,0.3,-0.5,0
108.132073600002,235,0,18.8,0,0,0.031,-0.014,-1,0.3,-0.5,0
108.142073600002,230,0,18.8,0,0,0.031,-0.014,-1,0.3,-0.5,0
108.152073600002,234,0,18.8,0,0,0.031,-0.014,-1,0.3,-0.5,0
108.162073600002,234,-0.01,18.8,0,0,0.03,-0.017,-1.004,0.4,-0.5,0
108.172073600002,231,-0.01,18.8,0,0,0.03,-0.017,-1.004,0.4,-0.5,0
108.182073600002,233,-0.01,18.8,0,0,0.03,-0.017,-1.004,0.4,-0.5,0
108.192073600002,232,-0.01,18.8,0,0,0.03,-0.017,-1.004,0.4,-0.5,0
108.202073600002,230,-0.01,18.8,0,0,0.03,-0.017,-1.004,0.4,-0.5,0
108.212073600002,231,-0.01,18.9,0,0,0.032,-0.014,-1,0.4,-0.6,0
108.222073600002,234,-0.01,18.9,0,0,0.032,-0.014,-1,0.4,-0.6,0
108.232073600002,233,-0.01,18.9,0,0,0.032,-0.014,-1,0.4,-0.6,0
108.242073600002,233,-0.01,18.9,0,0,0.032,-0.014,-1,0.4,-0.6,0
108.252073600002,237,-0.01,18.9,0,0,0.032,-0.014,-1,0.4,-0.6,0
108.262073600002,236,-0.01,18.8,0,0,0.032,-0.014,-0.995,0.2,-0.6,0
108.272073600002,232,-0.01,18.8,0,0,0.032,-0.014,-0.995,0.2,-0.6,0
108.282073600002,233,-0.01,18.8,0,0,0.032,-0.014,-0.995,0.2,-0.6,0
108.292073600002,237,-0.01,18.8,0,0,0.032,-0.014,-0.995,0.2,-0.6,0
108.302073600002,231,-0.01,18.8,0,0,0.032,-0.014,-0.995,0.2,-0.6,0
108.312073600002,233,0,18.8,0,0,0.031,-0.013,-1,0.2,-0.7,0
108.322073600002,239,0,18.8,0,0,0.031,-0.013,-1,0.2,-0.7,0
108.332073600002,231,0,18.8,0,0,0.031,-0.013,-1,0.2,-0.7,0
108.342073600002,229,0,18.8,0,0,0.031,-0.013,-1,0.2,-0.7,0
108.352073600002,231,0,18.8,0,0,0.031,-0.013,-1,0.2,-0.7,0
108.362073600002,231,0,18.8,0,0,0.03,-0.015,-1.001,0.2,-0.9,0
108.372073600002,233,0,18.8,0,0,0.03,-0.015,-1.001,0.2,-0.9,0
108.382073600002,234,0,18.8,0,0,0.03,-0.015,-1.001,0.2,-0.9,0
108.392073600002,232,0,18.8,0,0,0.03,-0.015,-1.001,0.2,-0.9,0
108.402073600002,233,0,18.8,0,0,0.03,-0.015,-1.001,0.2,-0.9,0
108.412073600002,237,0,18.9,0,0,0.033,-0.015,-1.001,0.2,-0.6,0.1
108.422073600002,233,0,18.9,0,0,0.033,-0.015,-1.001,0.2,-0.6,0.1
108.432073600002,231,0,18.9,0,0,0.033,-0.015,-1.001,0.2,-0.6,0.1
108.442073600002,233,0,18.9,0,0,0.033,-0.015,-1.001,0.2,-0.6,0.1
108.452073600002,233,0,18.9,0,0,0.033,-0.015,-1.001,0.2,-0.6,0.1
108.462073600002,233,0,18.8,0,0,0.03,-0.013,-1.004,0.3,-0.8,0
108.472073600002,231,0,18.8,0,0,0.03,-0.013,-1.004,0.3,-0.8,0
108.482073600002,232,0,18.8,0,0,0.03,-0.013,-1.004,0.3,-0.8,0
108.492073600002,233,0,18.8,0,0,0.03,-0.013,-1.004,0.3,-0.8,0
108.502073600002,233,0,18.8,0,0,0.03,-0.013,-1.004,0.3,-0.8,0
108.512073600002,235,0,18.8,0,0,0.029,-0.014,-1.004,0.3,-1,0.1
108.522073600002,234,0,18.8,0,0,0.029,-0.014,-1.004,0.3,-1,0.1
108.532073600002,233,0,18.8,0,0,0.029,-0.014,-1.004,0.3,-1,0.1
108.542073600002,236,0,18.8,0,0,0.029,-0.014,-1.004,0.3,-1,0.1
108.552073600002,237,0,18.8,0,0,0.029,-0.014,-1.004,0.3,-1,0.1
108.562073600002,237,-0.01,18.9,0,0,0.028,-0.018,-1.007,0.4,-0.8,0
108.572073600002,232,-0.01,18.9,0,0,0.028,-0.018,-1.007,0.4,-0.8,0
108.582073600002,228,-0.01,18.9,0,0,0.028,-0.018,-1.007,0.4,-0.8,0
108.592073600002,232,-0.01,18.9,0,0,0.028,-0.018,-1.007,0.4,-0.8,0
108.602073600002,233,-0.01,18.9,0,0,0.028,-0.018,-1.007,0.4,-0.8,0
108.612073600002,231,-0.01,18.8,0,0,0.031,-0.017,-1,0.3,-0.7,0
108.622073600002,233,-0.01,18.8,0,0,0.031,-0.017,-1,0.3,-0.7,0
108.632073600002,236,-0.01,18.8,0,0,0.031,-0.017,-1,0.3,-0.7,0
108.642073600002,233,-0.01,18.8,0,0,0.031,-0.017,-1,0.3,-0.7,0
108.652073600002,234,-0.01,18.8,0,0,0.031,-0.017,-1,0.3,-0.7,0
108.662073600002,235,-0.02,18.8,0,0,0.029,-0.01,-0.996,0.3,-0.5,0
108.672073600002,232,-0.02,18.8,0,0,0.029,-0.01,-0.996,0.3,-0.5,0
108.682073600002,234,-0.02,18.8,0,0,0.029,-0.01,-0.996,0.3,-0.5,0
108.692073600002,234,-0.02,18.8,0,0,0.029,-0.01,-0.996,0.3,-0.5,0
108.702073600002,229,-0.02,18.8,0,0,0.029,-0.01,-0.996,0.3,-0.5,0
108.712073600002,231,0,18.8,0,0,0.029,-0.011,-0.989,0.3,-0.7,0
108.722073600002,234,0,18.8,0,0,0.029,-0.011,-0.989,0.3,-0.7,0
108.732073600002,234,0,18.8,0,0,0.029,-0.011,-0.989,0.3,-0.7,0
108.742073600002,234,0,18.8,0,0,0.029,-0.011,-0.989,0.3,-0.7,0
108.752073600002,233,0,18.8,0,0,0.029,-0.011,-0.989,0.3,-0.7,0
108.762073600002,232,0.01,18.8,0,0,0.025,-0.015,-1.034,0.2,-0.7,0
108.772073600002,233,0.01,18.8,0,0,0.025,-0.015,-1.034,0.2,-0.7,0
108.782073600002,238,0.01,18.8,0,0,0.025,-0.015,-1.034,0.2,-0.7,0
108.792073600002,239,0.01,18.8,0,0,0.025,-0.015,-1.034,0.2,-0.7,0
108.802073600002,230,0.01,18.8,0,0,0.025,-0.015,-1.034,0.2,-0.7,0
108.812073600002,230,0,18.8,0,0,0.027,-0.021,-1.043,-0.5,-0.4,0
108.822073600002,236,0,18.8,0,0,0.027,-0.021,-1.043,-0.5,-0.4,0
108.832073600002,230,0,18.8,0,0,0.027,-0.021,-1.043,-0.5,-0.4,0
108.842073600002,233,0,18.8,0,0,0.027,-0.021,-1.043,-0.5,-0.4,0
108.852073600002,233,0,18.8,0,0,0.027,-0.021,-1.043,-0.5,-0.4,0
108.862073600002,228,0,18.8,0,0,0.028,-0.02,-1.018,-0.4,-0.7,0.1
108.872073600002,232,0,18.8,0,0,0.028,-0.02,-1.018,-0.4,-0.7,0.1
108.882073600002,233,0,18.8,0,0,0.028,-0.02,-1.018,-0.4,-0.7,0.1
108.892073600002,233,0,18.8,0,0,0.028,-0.02,-1.018,-0.4,-0.7,0.1
108.902073600002,232,0,18.8,0,0,0.028,-0.02,-1.018,-0.4,-0.7,0.1
108.912073600002,236,0.01,18.8,0,0,0.03,-0.018,-0.973,0.1,-0.3,0
108.922073600002,237,0.01,18.8,0,0,0.03,-0.018,-0.973,0.1,-0.3,0
108.932073600002,232,0.01,18.8,0,0,0.03,-0.018,-0.973,0.1,-0.3,0
108.942073600002,234,0.01,18.8,0,0,0.03,-0.018,-0.973,0.1,-0.3,0
108.952073600002,234,0.01,18.8,0,0,0.03,-0.018,-0.973,0.1,-0.3,0
108.962073600002,233,-0.01,18.9,0,0,0.032,-0.011,-0.958,1.3,-1,0
108.972073600002,233,-0.01,18.9,0,0,0.032,-0.011,-0.958,1.3,-1,0
108.982073600002,236,-0.01,18.9,0,0,0.032,-0.011,-0.958,1.3,-1,0
108.992073600002,232,-0.01,18.9,0,0,0.032,-0.011,-0.958,1.3,-1,0
109.002073600002,232,-0.01,18.9,0,0,0.032,-0.011,-0.958,1.3,-1,0
109.012073600002,234,-0.01,18.9,0,0,0.029,-0.003,-0.979,0.3,-1,0
109.022073600002,234,-0.01,18.9,0,0,0.029,-0.003,-0.979,0.3,-1,0
109.032073600002,238,-0.01,18.9,0,0,0.029,-0.003,-0.979,0.3,-1,0
109.042073600002,231,-0.01,18.9,0,0,0.029,-0.003,-0.979,0.3,-1,0
109.052073600002,231,-0.01,18.9,0,0,0.029,-0.003,-0.979,0.3,-1,0
109.062073600002,235,-0.02,18.8,0,0,0.034,0,-0.919,2,0,0
109.072073600002,231,-0.02,18.8,0,0,0.034,0,-0.919,2,0,0
109.082073600002,229,-0.02,18.8,0,0,0.034,0,-0.919,2,0,0
109.092073600002,232,-0.02,18.8,0,0,0.034,0,-0.919,2,0,0
109.102073600002,234,-0.02,18.8,0,0,0.034,0,-0.919,2,0,0
109.112073600002,232,-0.01,18.8,0,0,0.026,-0.007,-1,-0.4,-0.7,0
109.122073600002,234,-0.01,18.8,0,0,0.026,-0.007,-1,-0.4,-0.7,0
109.132073600002,234,-0.01,18.8,0,0,0.026,-0.007,-1,-0.4,-0.7,0
109.142073600002,233,-0.01,18.8,0,0,0.026,-0.007,-1,-0.4,-0.7,0
109.152073600002,236,-0.01,18.8,0,0,0.026,-0.007,-1,-0.4,-0.7,0
109.162073600002,235,-0.01,18.8,0,0,0.026,-0.01,-1.032,-0.6,-0.7,0
109.172073600002,231,-0.01,18.8,0,0,0.026,-0.01,-1.032,-0.6,-0.7,0
109.182073600002,233,-0.01,18.8,0,0,0.026,-0.01,-1.032,-0.6,-0.7,0
109.192073600002,234,-0.01,18.8,0,0,0.026,-0.01,-1.032,-0.6,-0.7,0
109.202073600002,232,-0.01,18.8,0,0,0.026,-0.01,-1.032,-0.6,-0.7,0
109.212073600002,233,0,18.8,0,0,0.023,-0.02,-1.044,-0.7,-0.1,0
109.222073600002,233,0,18.8,0,0,0.023,-0.02,-1.044,-0.7,-0.1,0
109.232073600002,231,0,18.8,0,0,0.023,-0.02,-1.044,-0.7,-0.1,0
109.242073600002,237,0,18.8,0,0,0.023,-0.02,-1.044,-0.7,-0.1,0
109.252073600002,234,0,18.8,0,0,0.023,-0.02,-1.044,-0.7,-0.1,0
109.262073600002,232,0.01,18.8,0,0,0.038,-0.017,-0.932,1.5,0,0
109.272073600002,236,0.01,18.8,0,0,0.038,-0.017,-0.932,1.5,0,0
109.282073600002,231,0.01,18.8,0,0,0.038,-0.017,-0.932,1.5,0,0
109.292073600002,235,0.01,18.8,0,0,0.038,-0.017,-0.932,1.5,0,0
109.302073600002,233,0.01,18.8,0,0,0.038,-0.017,-0.932,1.5,0,0
109.312073600002,232,0.01,18.8,0,0,0.024,-0.027,-1.078,1.2,0.8,0
109.322073600002,236,0.01,18.8,0,0,0.024,-0.027,-1.078,1.2,0.8,0
109.332073600002,232,0.01,18.8,0,0,0.024,-0.027,-1.078,1.2,0.8,0
109.342073600002,233,0.01,18.8,0,0,0.024,-0.027,-1.078,1.2,0.8,0
109.352073600002,233,0.01,18.8,0,0,0.024,-0.027,-1.078,1.2,0.8,0
109.362073600002,230,0,18.8,0,0,0.031,-0.012,-0.993,0.2,-0.1,0
109.372073600002,229,0,18.8,0,0,0.031,-0.012,-0.993,0.2,-0.1,0
109.382073600002,234,0,18.8,0,0,0.031,-0.012,-0.993,0.2,-0.1,0
109.392073600002,234,0,18.8,0,0,0.031,-0.012,-0.993,0.2,-0.1,0
109.402073600002,232,0,18.8,0,0,0.031,-0.012,-0.993,0.2,-0.1,0
109.412073600002,235,0,18.9,0,0,0.031,-0.015,-1,0.2,-0.3,0
109.422073600002,233,0,18.9,0,0,0.031,-0.015,-1,0.2,-0.3,0
109.432073600002,233,0,18.9,0,0,0.031,-0.015,-1,0.2,-0.3,0
109.442073600002,235,0,18.9,0,0,0.031,-0.015,-1,0.2,-0.3,0
109.452073600002,235,0,18.9,0,0,0.031,-0.015,-1,0.2,-0.3,0
109.462073600002,233,0,18.8,0,0,0.03,-0.01,-0.995,0.2,-0.4,0
109.472073600002,232,0,18.8,0,0,0.03,-0.01,-0.995,0.2,-0.4,0
109.482073600002,238,0,18.8,0,0,0.03,-0.01,-0.995,0.2,-0.4,0
109.492073600002,232,0,18.8,0,0,0.03,-0.01,-0.995,0.2,-0.4,0
109.502073600002,231,0,18.8,0,0,0.03,-0.01,-0.995,0.2,-0.4,0
109.512073600002,233,-0.01,18.9,0,0,0.032,-0.016,-1.001,0.1,-0.5,0
109.522073600002,232,-0.01,18.9,0,0,0.032,-0.016,-1.001,0.1,-0.5,0
109.532073600002,235,-0.01,18.9,0,0,0.032,-0.016,-1.001,0.1,-0.5,0
109.542073600002,232,-0.01,18.9,0,0,0.032,-0.016,-1.001,0.1,-0.5,0
109.552073600002,232,-0.01,18.9,0,0,0.032,-0.016,-1.001,0.1,-0.5,0
109.562073600002,232,-0.01,18.8,0,0,0.03,-0.011,-1.008,0.1,-0.6,0
109.572073600002,233,-0.01,18.8,0,0,0.03,-0.011,-1.008,0.1,-0.6,0
109.582073600002,236,-0.01,18.8,0,0,0.03,-0.011,-1.008,0.1,-0.6,0
109.592073600002,234,-0.01,18.8,0,0,0.03,-0.011,-1.008,0.1,-0.6,0
109.602073600002,232,-0.01,18.8,0,0,0.03,-0.011,-1.008,0.1,-0.6,0
109.612073600002,234,-0.01,18.8,0,0,0.032,-0.015,-1.003,0.3,-0.5,0
109.622073600002,232,-0.01,18.8,0,0,0.032,-0.015,-1.003,0.3,-0.5,0
109.632073600002,233,-0.01,18.8,0,0,0.032,-0.015,-1.003,0.3,-0.5,0
109.642073600002,232,-0.01,18.8,0,0,0.032,-0.015,-1.003,0.3,-0.5,0
109.652073600002,230,-0.01,18.8,0,0,0.032,-0.015,-1.003,0.3,-0.5,0
109.662073600002,232,-0.01,18.7,0,0,0.03,-0.014,-1.001,0.3,-0.4,0
109.672073600002,234,-0.01,18.7,0,0,0.03,-0.014,-1.001,0.3,-0.4,0
109.682073600002,233,-0.01,18.7,0,0,0.03,-0.014,-1.001,0.3,-0.4,0
109.692073600002,232,-0.01,18.7,0,0,0.03,-0.014,-1.001,0.3,-0.4,0
109.702073600002,234,-0.01,18.7,0,0,0.03,-0.014,-1.001,0.3,-0.4,0
109.712073600002,237,0,18.8,0,0,0.031,-0.017,-1.004,0.3,-0.3,0
109.722073600002,234,0,18.8,0,0,0.031,-0.017,-1.004,0.3,-0.3,0
109.732073600002,232,0,18.8,0,0,0.031,-0.017,-1.004,0.3,-0.3,0
109.742073600002,237,0,18.8,0,0,0.031,-0.017,-1.004,0.3,-0.3,0
109.752073600002,232,0,18.8,0,0,0.031,-0.017,-1.004,0.3,-0.3,0
109.762073600002,232,0,18.9,0,0,0.03,-0.014,-0.999,0.3,-0.4,0
109.772073600002,238,0,18.9,0,0,0.03,-0.014,-0.999,0.3,-0.4,0
109.782073600002,230,0,18.9,0,0,0.03,-0.014,-0.999,0.3,-0.4,0
109.792073600002,230,0,18.9,0,0,0.03,-0.014,-0.999,0.3,-0.4,0
109.802073600002,232,0,18.9,0,0,0.03,-0.014,-0.999,0.3,-0.4,0
109.812073600002,237,0.01,18.8,0,0,0.032,-0.014,-1,0.3,-0.6,0
109.822073600002,235,0.01,18.8,0,0,0.032,-0.014,-1,0.3,-0.6,0
109.832073600002,230,0.01,18.8,0,0,0.032,-0.014,-1,0.3,-0.6,0
109.842073600002,233,0.01,18.8,0,0,0.032,-0.014,-1,0.3,-0.6,0
109.852073600002,235,0.01,18.8,0,0,0.032,-0.014,-1,0.3,-0.6,0
109.862073600002,232,0.01,18.9,0,0,0.032,-0.015,-0.995,0.1,-0.7,0
109.872073600002,234,0.01,18.9,0,0,0.032,-0.015,-0.995,0.1,-0.7,0
109.882073600002,233,0.01,18.9,0,0,0.032,-0.015,-0.995,0.1,-0.7,0
109.892073600002,229,0.01,18.9,0,0,0.032,-0.015,-0.995,0.1,-0.7,0
109.902073600002,232,0.01,18.9,0,0,0.032,-0.015,-0.995,0.1,-0.7,0
109.912073600002,234,0,18.9,0,0,0.032,-0.015,-1.001,0.2,-0.6,0
109.922073600002,234,0,18.9,0,0,0.032,-0.015,-1.001,0.2,-0.6,0
109.932073600002,234,0,18.9,0,0,0.032,-0.015,-1.001,0.2,-0.6,0
109.942073600002,235,0,18.9,0,0,0.032,-0.015,-1.001,0.2,-0.6,0
109.952073600002,237,0,18.9,0,0,0.032,-0.015,-1.001,0.2,-0.6,0
109.962073600002,231,-0.01,18.8,0,0,0.031,-0.013,-1.005,0.3,-0.7,0
109.972073600002,233,-0.01,18.8,0,0,0.031,-0.013,-1.005,0.3,-0.7,0
109.982073600002,239,-0.01,18.8,0,0,0.031,-0.013,-1.005,0.3,-0.7,0
109.992073600002,230,-0.01,18.8,0,0,0.031,-0.013,-1.005,0.3,-0.7,0
110.002073600002,230,-0.01,18.8,0,0,0.031,-0.013,-1.005,0.3,-0.7,0
110.012073600002,236,-0.02,18.8,0,0,0.032,-0.015,-1,0.1,-0.6,0
110.022073600002,231,-0.02,18.8,0,0,0.032,-0.015,-1,0.1,-0.6,0
110.032073600002,228,-0.02,18.8,0,0,0.032,-0.015,-1,0.1,-0.6,0
110.042073600002,231,-0.02,18.8,0,0,0.032,-0.015,-1,0.1,-0.6,0
110.052073600002,232,-0.02,18.8,0,0,0.032,-0.015,-1,0.1,-0.6,0
110.062073600002,233,-0.01,18.8,0,0,0.031,-0.015,-1.003,0.3,-0.4,0
110.072073600002,234,-0.01,18.8,0,0,0.031,-0.015,-1.003,0.3,-0.4,0
110.082073600002,234,-0.01,18.8,0,0,0.031,-0.015,-1.003,0.3,-0.4,0
110.092073600002,234,-0.01,18.8,0,0,0.031,-0.015,-1.003,0.3,-0.4,0
110.102073600002,235,-0.01,18.8,0,0,0.031,-0.015,-1.003,0.3,-0.4,0
110.112073600002,234,-0.02,18.8,0,0,0.031,-0.014,-1.003,0.4,-0.5,0.1
110.122073600002,232,-0.02,18.8,0,0,0.031,-0.014,-1.003,0.4,-0.5,0.1
110.132073600002,233,-0.02,18.8,0,0,0.031,-0.014,-1.003,0.4,-0.5,0.1
110.142073600002,234,-0.02,18.8,0,0,0.031,-0.014,-1.003,0.4,-0.5,0.1
110.152073600002,232,-0.02,18.8,0,0,0.031,-0.014,-1.003,0.4,-0.5,0.1
110.162073600002,231,0,18.8,0,0,0.03,-0.015,-0.999,0.4,-0.4,0.1
110.172073600002,233,0,18.8,0,0,0.03,-0.015,-0.999,0.4,-0.4,0.1
110.182073600002,234,0,18.8,0,0,0.03,-0.015,-0.999,0.4,-0.4,0.1
110.192073600002,233,0,18.8,0,0,0.03,-0.015,-0.999,0.4,-0.4,0.1
110.202073600002,233,0,18.8,0,0,0.03,-0.015,-0.999,0.4,-0.4,0.1
110.212073600002,232,0.01,18.9,0,0,0.031,-0.014,-1,0.3,-0.4,0
110.222073600002,237,0.01,18.9,0,0,0.031,-0.014,-1,0.3,-0.4,0
110.232073600002,238,0.01,18.9,0,0,0.031,-0.014,-1,0.3,-0.4,0
110.242073600002,235,0.01,18.9,0,0,0.031,-0.014,-1,0.3,-0.4,0
110.252073600002,230,0.01,18.9,0,0,0.031,-0.014,-1,0.3,-0.4,0
110.262073600002,231,0,18.8,0,0,0.03,-0.014,-1,0.3,-0.5,0
110.272073600002,237,0,18.8,0,0,0.03,-0.014,-1,0.3,-0.5,0
110.282073600002,230,0,18.8,0,0,0.03,-0.014,-1,0.3,-0.5,0
110.292073600002,232,0,18.8,0,0,0.03,-0.014,-1,0.3,-0.5,0
110.302073600002,233,0,18.8,0,0,0.03,-0.014,-1,0.3,-0.5,0
110.312073600002,230,0.01,18.9,0,0,0.032,-0.013,-0.995,0.2,-0.6,0
110.322073600002,231,0.01,18.9,0,0,0.032,-0.013,-0.995,0.2,-0.6,0
110.332073600002,232,0.01,18.9,0,0,0.032,-0.013,-0.995,0.2,-0.6,0
110.342073600002,234,0.01,18.9,0,0,0.032,-0.013,-0.995,0.2,-0.6,0
110.352073600002,232,0.01,18.9,0,0,0.032,-0.013,-0.995,0.2,-0.6,0
110.362073600002,234,0,18.8,0,0,0.029,-0.015,-1.001,0.1,-0.6,0
110.372073600002,236,0,18.8,0,0,0.029,-0.015,-1.001,0.1,-0.6,0
110.382073600002,233,0,18.8,0,0,0.029,-0.015,-1.001,0.1,-0.6,0
110.392073600002,234,0,18.8,0,0,0.029,-0.015,-1.001,0.1,-0.6,0
110.402073600002,234,0,18.8,0,0,0.029,-0.015,-1.001,0.1,-0.6,0
110.412073600002,231,0,18.9,0,0,0.031,-0.013,-1.007,0.2,-0.7,0
110.422073600002,233,0,18.9,0,0,0.031,-0.013,-1.007,0.2,-0.7,0
110.432073600002,236,0,18.9,0,0,0.031,-0.013,-1.007,0.2,-0.7,0
110.442073600002,232,0,18.9,0,0,0.031,-0.013,-1.007,0.2,-0.7,0
110.452073600002,231,0,18.9,0,0,0.031,-0.013,-1.007,0.2,-0.7,0
110.462073600002,233,-0.01,18.9,0,0,0.03,-0.013,-1.005,0.2,-0.6,0
110.472073600002,232,-0.01,18.9,0,0,0.03,-0.013,-1.005,0.2,-0.6,0
110.482073600002,237,-0.01,18.9,0,0,0.03,-0.013,-1.005,0.2,-0.6,0
110.492073600002,234,-0.01,18.9,0,0,0.03,-0.013,-1.005,0.2,-0.6,0
110.502073600002,232,-0.01,18.9,0,0,0.03,-0.013,-1.005,0.2,-0.6,0
110.512073600002,234,-0.02,18.8,0,0,0.031,-0.017,-1.004,0.3,-0.5,0
110.522073600002,229,-0.02,18.8,0,0,0.031,-0.017,-1.004,0.3,-0.5,0
110.532073600002,234,-0.02,18.8,0,0,0.031,-0.017,-1.004,0.3,-0.5,0
110.542073600002,232,-0.02,18.8,0,0,0.031,-0.017,-1.004,0.3,-0.5,0
110.552073600002,230,-0.02,18.8,0,0,0.031,-0.017,-1.004,0.3,-0.5,0
110.562073600002,232,-0.01,18.8,0,0,0.031,-0.016,-1,0.3,-0.4,0
110.572073600002,235,-0.01,18.8,0,0,0.031,-0.016,-1,0.3,-0.4,0
110.582073600002,234,-0.01,18.8,0,0,0.031,-0.016,-1,0.3,-0.4,0
110.592073600002,232,-0.01,18.8,0,0,0.031,-0.016,-1,0.3,-0.4,0
110.602073600002,236,-0.01,18.8,0,0,0.031,-0.016,-1,0.3,-0.4,0
110.612073600002,235,0,18.8,0,0,0.029,-0.014,-1.002,0.3,-0.3,0
110.622073600002,231,0,18.8,0,0,0.029,-0.014,-1.002,0.3,-0.3,0
110.632073600002,233,0,18.8,0,0,0.029,-0.014,-1.002,0.3,-0.3,0
110.642073600002,236,0,18.8,0,0,0.029,-0.014,-1.002,0.3,-0.3,0
110.652073600002,233,0,18.8,0,0,0.029,-0.014,-1.002,0.3,-0.3,0
110.662073600002,233,0,18.9,0,0,0.032,-0.015,-0.997,0.2,-0.3,0
110.672073600002,232,0,18.9,0,0,0.032,-0.015,-0.997,0.2,-0.3,0
110.682073600002,230,0,18.9,0,0,0.032,-0.015,-0.997,0.2,-0.3,0
110.692073600002,237,0,18.9,0,0,0.032,-0.015,-0.997,0.2,-0.3,0
110.702073600002,233,0,18.9,0,0,0.032,-0.015,-0.997,0.2,-0.3,0
110.712073600002,232,0.01,18.9,0,0,0.033,-0.012,-0.991,0.1,-0.4,0
110.722073600002,235,0.01,18.9,0,0,0.033,-0.012,-0.991,0.1,-0.4,0
110.732073600002,230,0.01,18.9,0,0,0.033,-0.012,-0.991,0.1,-0.4,0
110.742073600002,234,0.01,18.9,0,0,0.033,-0.012,-0.991,0.1,-0.4,0
110.752073600002,234,0.01,18.9,0,0,0.033,-0.012,-0.991,0.1,-0.4,0
110.762073600002,235,0,18.9,0,0,0.031,-0.016,-1.001,0.2,-0.6,0
110.772073600002,236,0,18.9,0,0,0.031,-0.016,-1.001,0.2,-0.6,0
110.782073600002,230,0,18.9,0,0,0.031,-0.016,-1.001,0.2,-0.6,0
110.792073600002,232,0,18.9,0,0,0.031,-0.016,-1.001,0.2,-0.6,0
110.802073600002,234,0,18.9,0,0,0.031,-0.016,-1.001,0.2,-0.6,0
110.812073600002,231,0,18.8,0,0,0.033,-0.014,-1.005,0.2,-0.7,0
110.822073600002,228,0,18.8,0,0,0.033,-0.014,-1.005,0.2,-0.7,0
110.832073600002,233,0,18.8,0,0,0.033,-0.014,-1.005,0.2,-0.7,0
110.842073600002,235,0,18.8,0,0,0.033,-0.014,-1.005,0.2,-0.7,0
110.852073600002,232,0,18.8,0,0,0.033,-0.014,-1.005,0.2,-0.7,0
110.862073600002,235,0,18.9,0,0,0.032,-0.013,-1.001,0.2,-0.6,0
110.872073600002,234,0,18.9,0,0,0.032,-0.013,-1.001,0.2,-0.6,0
110.882073600002,233,0,18.9,0,0,0.032,-0.013,-1.001,0.2,-0.6,0
110.892073600002,235,0,18.9,0,0,0.032,-0.013,-1.001,0.2,-0.6,0
110.902073600002,235,0,18.9,0,0,0.032,-0.013,-1.001,0.2,-0.6,0
110.912073600002,233,-0.01,18.8,0,0,0.032,-0.016,-1.009,0.3,-0.4,0
110.922073600002,232,-0.01,18.8,0,0,0.032,-0.016,-1.009,0.3,-0.4,0
110.932073600002,238,-0.01,18.8,0,0,0.032,-0.016,-1.009,0.3,-0.4,0
110.942073600002,232,-0.01,18.8,0,0,0.032,-0.016,-1.009,0.3,-0.4,0
110.952073600002,231,-0.01,18.8,0,0,0.032,-0.016,-1.009,0.3,-0.4,0
110.962073600002,233,-0.01,18.7,0,0,0.032,-0.014,-1.004,0.3,-0.4,0
110.972073600002,231,-0.01,18.7,0,0,0.032,-0.014,-1.004,0.3,-0.4,0
110.982073600002,236,-0.01,18.7,0,0,0.032,-0.014,-1.004,0.3,-0.4,0
110.992073600002,232,-0.01,18.7,0,0,0.032,-0.014,-1.004,0.3,-0.4,0
111.002073600002,232,-0.01,18.7,0,0,0.032,-0.014,-1.004,0.3,-0.4,0
111.012073600002,233,-0.01,18.9,0,0,0.033,-0.018,-0.999,0.3,-0.5,0
111.022073600002,231,-0.01,18.9,0,0,0.033,-0.018,-0.999,0.3,-0.5,0
111.032073600002,235,-0.01,18.9,0,0,0.033,-0.018,-0.999,0.3,-0.5,0
111.042073600002,235,-0.01,18.9,0,0,0.033,-0.018,-0.999,0.3,-0.5,0
111.052073600002,234,-0.01,18.9,0,0,0.033,-0.018,-0.999,0.3,-0.5,0
111.062073600002,233,-0.02,18.8,0,0,0.032,-0.018,-1,0.3,-0.4,-0.2
111.072073600002,230,-0.02,18.8,0,0,0.032,-0.018,-1,0.3,-0.4,-0.2
111.082073600002,233,-0.02,18.8,0,0,0.032,-0.018,-1,0.3,-0.4,-0.2
111.092073600002,234,-0.02,18.8,0,0,0.032,-0.018,-1,0.3,-0.4,-0.2
111.102073600002,231,-0.02,18.8,0,0,0.032,-0.018,-1,0.3,-0.4,-0.2
111.112073600002,231,-0.01,18.9,0,0,0.032,-0.015,-0.998,0.2,-0.6,0
111.122073600002,234,-0.01,18.9,0,0,0.032,-0.015,-0.998,0.2,-0.6,0
111.132073600002,233,-0.01,18.9,0,0,0.032,-0.015,-0.998,0.2,-0.6,0
111.142073600002,232,-0.01,18.9,0,0,0.032,-0.015,-0.998,0.2,-0.6,0
111.152073600002,234,-0.01,18.9,0,0,0.032,-0.015,-0.998,0.2,-0.6,0
111.162073600003,235,0,18.9,0,0,0.035,-0.012,-0.996,0.1,-0.5,0
111.172073600003,234,0,18.9,0,0,0.035,-0.012,-0.996,0.1,-0.5,0
111.182073600002,235,0,18.9,0,0,0.035,-0.012,-0.996,0.1,-0.5,0
111.192073600003,237,0,18.9,0,0,0.035,-0.012,-0.996,0.1,-0.5,0
111.202073600003,229,0,18.9,0,0,0.035,-0.012,-0.996,0.1,-0.5,0
111.212073600003,233,0,18.9,0,0,0.031,-0.014,-1.001,0.2,-0.6,0
111.222073600003,239,0,18.9,0,0,0.031,-0.014,-1.001,0.2,-0.6,0
111.232073600003,229,0,18.9,0,0,0.031,-0.014,-1.001,0.2,-0.6,0
111.242073600003,230,0,18.9,0,0,0.031,-0.014,-1.001,0.2,-0.6,0
111.252073600003,233,0,18.9,0,0,0.031,-0.014,-1.001,0.2,-0.6,0
111.262073600003,232,0.01,18.9,0,0,0.033,-0.016,-1.001,0.2,-0.7,0
111.272073600003,233,0.01,18.9,0,0,0.033,-0.016,-1.001,0.2,-0.7,0
111.282073600003,233,0.01,18.9,0,0,0.033,-0.016,-1.001,0.2,-0.7,0
111.292073600003,233,0.01,18.9,0,0,0.033,-0.016,-1.001,0.2,-0.7,0
111.302073600003,231,0.01,18.9,0,0,0.033,-0.016,-1.001,0.2,-0.7,0
111.312073600003,235,0,18.8,0,0,0.032,-0.016,-1.001,0.3,-0.8,-0.9
111.322073600003,236,0,18.8,0,0,0.032,-0.016,-1.001,0.3,-0.8,-0.9
111.332073600003,231,0,18.8,0,0,0.032,-0.016,-1.001,0.3,-0.8,-0.9
111.342073600003,234,0,18.8,0,0,0.032,-0.016,-1.001,0.3,-0.8,-0.9
111.352073600003,235,0,18.8,0,0,0.032,-0.016,-1.001,0.3,-0.8,-0.9
111.362073600003,233,0,18.9,0,0,0.03,-0.024,-1.007,0.4,-1,-1.3
111.372073600003,234,0,18.9,0,0,0.03,-0.024,-1.007,0.4,-1,-1.3
111.382073600003,231,0,18.9,0,0,0.03,-0.024,-1.007,0.4,-1,-1.3
111.392073600003,230,0,18.9,0,0,0.03,-0.024,-1.007,0.4,-1,-1.3
111.402073600003,233,0,18.9,0,0,0.03,-0.024,-1.007,0.4,-1,-1.3
111.412073600003,234,-0.01,18.9,0,0,0.033,0.016,-1.01,0.4,-1,-2.7
111.422073600003,234,-0.01,18.9,0,0,0.033,0.016,-1.01,0.4,-1,-2.7
111.432073600003,234,-0.01,18.9,0,0,0.033,0.016,-1.01,0.4,-1,-2.7
111.442073600003,233,-0.01,18.9,0,0,0.033,0.016,-1.01,0.4,-1,-2.7
111.452073600003,238,-0.01,18.9,0,0,0.033,0.016,-1.01,0.4,-1,-2.7
111.462073600003,233,-0.01,18.9,0,0,0.031,-0.011,-0.999,0.3,-1.5,-0.5
111.472073600003,232,-0.01,18.9,0,0,0.031,-0.011,-0.999,0.3,-1.5,-0.5
111.482073600003,238,-0.01,18.9,0,0,0.031,-0.011,-0.999,0.3,-1.5,-0.5
111.492073600003,228,-0.01,18.9,0,0,0.031,-0.011,-0.999,0.3,-1.5,-0.5
111.502073600003,231,-0.01,18.9,0,0,0.031,-0.011,-0.999,0.3,-1.5,-0.5
111.512073600003,237,-0.02,18.8,0,0,0.031,-0.019,-1,0.4,-1.3,-0.1
111.522073600003,231,-0.02,18.8,0,0,0.031,-0.019,-1,0.4,-1.3,-0.1
111.532073600003,229,-0.02,18.8,0,0,0.031,-0.019,-1,0.4,-1.3,-0.1
111.542073600003,233,-0.02,18.8,0,0,0.031,-0.019,-1,0.4,-1.3,-0.1
111.552073600003,233,-0.02,18.8,0,0,0.031,-0.019,-1,0.4,-1.3,-0.1
111.562073600003,233,0,18.9,0,0,0.032,-0.012,-1.005,0.3,-0.9,0
111.572073600003,234,0,18.9,0,0,0.032,-0.012,-1.005,0.3,-0.9,0
111.582073600003,236,0,18.9,0,0,0.032,-0.012,-1.005,0.3,-0.9,0
111.592073600003,233,0,18.9,0,0,0.032,-0.012,-1.005,0.3,-0.9,0
111.602073600003,230,0,18.9,0,0,0.032,-0.012,-1.005,0.3,-0.9,0
111.612073600003,229,0,18.9,0,0,0.022,-0.006,-1.072,-0.7,-1.7,0.2
111.622073600003,232,0,18.9,0,0,0.022,-0.006,-1.072,-0.7,-1.7,0.2
111.632073600003,235,0,18.9,0,0,0.022,-0.006,-1.072,-0.7,-1.7,0.2
111.642073600003,233,0,18.9,0,0,0.022,-0.006,-1.072,-0.7,-1.7,0.2
111.652073600003,233,0,18.9,0,0,0.022,-0.006,-1.072,-0.7,-1.7,0.2
111.662073600003,233,0,18.8,0,0,0.024,-0.019,-1.079,-1.2,-0.2,0
111.672073600003,237,0,18.8,0,0,0.024,-0.019,-1.079,-1.2,-0.2,0
111.682073600003,237,0,18.8,0,0,0.024,-0.019,-1.079,-1.2,-0.2,0
111.692073600003,235,0,18.8,0,0,0.024,-0.019,-1.079,-1.2,-0.2,0
111.702073600003,230,0,18.8,0,0,0.024,-0.019,-1.079,-1.2,-0.2,0
111.712073600003,232,0.02,18.8,0,0,0.027,-0.017,-0.994,0.1,-0.3,0.1
111.722073600003,237,0.02,18.8,0,0,0.027,-0.017,-0.994,0.1,-0.3,0.1
111.732073600003,229,0.02,18.8,0,0,0.027,-0.017,-0.994,0.1,-0.3,0.1
111.742073600003,232,0.02,18.8,0,0,0.027,-0.017,-0.994,0.1,-0.3,0.1
111.752073600003,232,0.02,18.8,0,0,0.027,-0.017,-0.994,0.1,-0.3,0.1
111.762073600003,229,0.01,18.8,0,0,0.027,-0.028,-1.038,-0.3,-0.1,0
111.772073600003,232,0.01,18.8,0,0,0.027,-0.028,-1.038,-0.3,-0.1,0
111.782073600003,234,0.01,18.8,0,0,0.027,-0.028,-1.038,-0.3,-0.1,0
111.792073600003,234,0.01,18.8,0,0,0.027,-0.028,-1.038,-0.3,-0.1,0
111.802073600003,232,0.01,18.8,0,0,0.027,-0.028,-1.038,-0.3,-0.1,0
111.812073600003,234,0,18.8,0,0,0.03,-0.012,-0.96,0.9,-0.1,0
111.822073600003,236,0,18.8,0,0,0.03,-0.012,-0.96,0.9,-0.1,0
111.832073600003,234,0,18.8,0,0,0.03,-0.012,-0.96,0.9,-0.1,0
111.842073600003,234,0,18.8,0,0,0.03,-0.012,-0.96,0.9,-0.1,0
111.852073600003,234,0,18.8,0,0,0.03,-0.012,-0.96,0.9,-0.1,0
111.862073600003,231,0,18.8,0,0,0.035,-0.011,-0.933,0,0,0
111.872073600003,233,0,18.8,0,0,0.035,-0.011,-0.933,0,0,0
111.882073600003,234,0,18.8,0,0,0.035,-0.011,-0.933,0,0,0
111.892073600003,231,0,18.8,0,0,0.035,-0.011,-0.933,0,0,0
111.902073600003,232,0,18.8,0,0,0.035,-0.011,-0.933,0,0,0
111.912073600003,234,-0.01,18.8,0,0,0.031,-0.003,-0.963,1.2,-1.2,0
111.922073600003,232,-0.01,18.8,0,0,0.031,-0.003,-0.963,1.2,-1.2,0
111.932073600003,237,-0.01,18.8,0,0,0.031,-0.003,-0.963,1.2,-1.2,0
111.942073600003,233,-0.01,18.8,0,0,0.031,-0.003,-0.963,1.2,-1.2,0
111.952073600003,232,-0.01,18.8,0,0,0.031,-0.003,-0.963,1.2,-1.2,0
111.962073600003,233,-0.01,18.9,0,0,0.027,-0.004,-1,0.1,-0.8,0
111.972073600003,234,-0.01,18.9,0,0,0.027,-0.004,-1,0.1,-0.8,0
111.982073600003,238,-0.01,18.9,0,0,0.027,-0.004,-1,0.1,-0.8,0
111.992073600003,231,-0.01,18.9,0,0,0.027,-0.004,-1,0.1,-0.8,0
112.002073600003,232,-0.01,18.9,0,0,0.027,-0.004,-1,0.1,-0.8,0
112.012073600003,234,-0.01,18.8,0,0,0.028,-0.014,-1.022,0.2,-0.7,0
112.022073600003,231,-0.01,18.8,0,0,0.028,-0.014,-1.022,0.2,-0.7,0
112.032073600003,231,-0.01,18.8,0,0,0.028,-0.014,-1.022,0.2,-0.7,0
112.042073600003,232,-0.01,18.8,0,0,0.028,-0.014,-1.022,0.2,-0.7,0
112.052073600003,233,-0.01,18.8,0,0,0.028,-0.014,-1.022,0.2,-0.7,0
112.062073600003,236,0,18.9,0,0,0.025,-0.01,-1.052,0.1,-0.7,0
112.072073600003,232,0,18.9,0,0,0.025,-0.01,-1.052,0.1,-0.7,0
112.082073600003,233,0,18.9,0,0,0.025,-0.01,-1.052,0.1,-0.7,0
112.092073600003,235,0,18.9,0,0,0.025,-0.01,-1.052,0.1,-0.7,0
112.102073600003,232,0,18.9,0,0,0.025,-0.01,-1.052,0.1,-0.7,0
112.112073600003,233,0,18.9,0,0,0.026,-0.018,-1.016,-0.1,0.1,0
112.122073600003,232,0,18.9,0,0,0.026,-0.018,-1.016,-0.1,0.1,0
112.132073600003,230,0,18.9,0,0,0.026,-0.018,-1.016,-0.1,0.1,0
112.142073600003,237,0,18.9,0,0,0.026,-0.018,-1.016,-0.1,0.1,0
112.152073600003,234,0,18.9,0,0,0.026,-0.018,-1.016,-0.1,0.1,0
112.162073600003,232,0.01,18.8,0,0,0.032,-0.02,-0.983,0,-0.3,0
112.172073600003,235,0.01,18.8,0,0,0.032,-0.02,-0.983,0,-0.3,0
112.182073600003,231,0.01,18.8,0,0,0.032,-0.02,-0.983,0,-0.3,0
112.192073600003,232,0.01,18.8,0,0,0.032,-0.02,-0.983,0,-0.3,0
112.202073600003,233,0.01,18.8,0,0,0.032,-0.02,-0.983,0,-0.3,0
112.212073600003,236,0,18.8,0,0,0.027,-0.011,-0.987,0.7,-0.3,0
112.222073600003,235,0,18.8,0,0,0.027,-0.011,-0.987,0.7,-0.3,0
112.232073600003,230,0,18.8,0,0,0.027,-0.011,-0.987,0.7,-0.3,0
112.242073600003,233,0,18.8,0,0,0.027,-0.011,-0.987,0.7,-0.3,0
112.252073600003,234,0,18.8,0,0,0.027,-0.011,-0.987,0.7,-0.3,0
112.262073600003,231,0,18.8,0,0,0.033,-0.013,-0.961,-0.2,0.1,0
112.272073600003,229,0,18.8,0,0,0.033,-0.013,-0.961,-0.2,0.1,0
112.282073600003,234,0,18.8,0,0,0.033,-0.013,-0.961,-0.2,0.1,0
112.292073600003,234,0,18.8,0,0,0.033,-0.013,-0.961,-0.2,0.1,0
112.302073600003,232,0,18.8,0,0,0.033,-0.013,-0.961,-0.2,0.1,0
112.312073600003,234,0,18.9,0,0,0.031,-0.006,-0.955,1.1,-0.9,0
112.322073600003,233,0,18.9,0,0,0.031,-0.006,-0.955,1.1,-0.9,0
112.332073600003,233,0,18.9,0,0,0.031,-0.006,-0.955,1.1,-0.9,0
112.342073600003,235,0,18.9,0,0,0.031,-0.006,-0.955,1.1,-0.9,0
112.352073600003,236,0,18.9,0,0,0.031,-0.006,-0.955,1.1,-0.9,0
112.362073600003,233,-0.01,18.8,0,0,0.032,0,-0.955,1.1,-1.2,0
112.372073600003,232,-0.01,18.8,0,0,0.032,0,-0.955,1.1,-1.2,0
112.382073600003,238,-0.01,18.8,0,0,0.032,0,-0.955,1.1,-1.2,0
112.392073600003,232,-0.01,18.8,0,0,0.032,0,-0.955,1.1,-1.2,0
112.402073600003,232,-0.01,18.8,0,0,0.032,0,-0.955,1.1,-1.2,0
112.412073600003,232,-0.01,18.9,0,0,0.023,-0.015,-1.068,0.2,-0.7,0
112.422073600003,230,-0.01,18.9,0,0,0.023,-0.015,-1.068,0.2,-0.7,0
112.432073600003,235,-0.01,18.9,0,0,0.023,-0.015,-1.068,0.2,-0.7,0
112.442073600003,231,-0.01,18.9,0,0,0.023,-0.015,-1.068,0.2,-0.7,0
112.452073600003,232,-0.01,18.9,0,0,0.023,-0.015,-1.068,0.2,-0.7,0
112.462073600003,233,-0.01,18.9,0,0,0.03,-0.013,-1.003,0.3,-0.9,0
112.472073600003,233,-0.01,18.9,0,0,0.03,-0.013,-1.003,0.3,-0.9,0
112.482073600003,236,-0.01,18.9,0,0,0.03,-0.013,-1.003,0.3,-0.9,0
112.492073600003,234,-0.01,18.9,0,0,0.03,-0.013,-1.003,0.3,-0.9,0
112.502073600003,232,-0.01,18.9,0,0,0.03,-0.013,-1.003,0.3,-0.9,0
112.512073600003,234,-0.01,18.9,0,0,0.029,-0.011,-1.032,0.4,-0.8,0
112.522073600003,232,-0.01,18.9,0,0,0.029,-0.011,-1.032,0.4,-0.8,0
112.532073600003,233,-0.01,18.9,0,0,0.029,-0.011,-1.032,0.4,-0.8,0
112.542073600003,234,-0.01,18.9,0,0,0.029,-0.011,-1.032,0.4,-0.8,0
112.552073600003,231,-0.01,18.9,0,0,0.029,-0.011,-1.032,0.4,-0.8,0
112.562073600003,231,-0.01,18.9,0,0,0.019,-0.018,-1.046,-0.2,-0.2,0.1
112.572073600003,234,-0.01,18.9,0,0,0.019,-0.018,-1.046,-0.2,-0.2,0.1
112.582073600003,233,-0.01,18.9,0,0,0.019,-0.018,-1.046,-0.2,-0.2,0.1
112.592073600003,232,-0.01,18.9,0,0,0.019,-0.018,-1.046,-0.2,-0.2,0.1
112.602073600003,234,-0.01,18.9,0,0,0.019,-0.018,-1.046,-0.2,-0.2,0.1
112.612073600003,237,0,18.9,0,0,0.037,-0.028,-1.016,-0.9,0.1,0
112.622073600003,234,0,18.9,0,0,0.037,-0.028,-1.016,-0.9,0.1,0
112.632073600003,232,0,18.9,0,0,0.037,-0.028,-1.016,-0.9,0.1,0
112.642073600003,238,0,18.9,0,0,0.037,-0.028,-1.016,-0.9,0.1,0
112.652073600003,232,0,18.9,0,0,0.037,-0.028,-1.016,-0.9,0.1,0
112.662073600003,231,0.01,18.8,0,0,0.025,-0.004,-0.945,1,-0.3,0
112.672073600003,239,0.01,18.8,0,0,0.025,-0.004,-0.945,1,-0.3,0
112.682073600003,231,0.01,18.8,0,0,0.025,-0.004,-0.945,1,-0.3,0
112.692073600003,230,0.01,18.8,0,0,0.025,-0.004,-0.945,1,-0.3,0
112.702073600003,232,0.01,18.8,0,0,0.025,-0.004,-0.945,1,-0.3,0
112.712073600003,232,0,18.8,0,0,0.032,-0.022,-1.001,0,-0.2,0
112.722073600003,233,0,18.8,0,0,0.032,-0.022,-1.001,0,-0.2,0
112.732073600003,231,0,18.8,0,0,0.032,-0.022,-1.001,0,-0.2,0
112.742073600003,232,0,18.8,0,0,0.032,-0.022,-1.001,0,-0.2,0
112.752073600003,232,0,18.8,0,0,0.032,-0.022,-1.001,0,-0.2,0
112.762073600003,237,0,18.8,0,0,0.032,-0.006,-0.956,1,-0.6,0
112.772073600003,236,0,18.8,0,0,0.032,-0.006,-0.956,1,-0.6,0
112.782073600003,229,0,18.8,0,0,0.032,-0.006,-0.956,1,-0.6,0
112.792073600003,232,0,18.8,0,0,0.032,-0.006,-0.956,1,-0.6,0
112.802073600003,235,0,18.8,0,0,0.032,-0.006,-0.956,1,-0.6,0
112.812073600003,236,-0.02,18.8,0,0,0.033,-0.01,-1.002,0.3,-0.7,0
112.822073600003,230,-0.02,18.8,0,0,0.033,-0.01,-1.002,0.3,-0.7,0
112.832073600003,228,-0.02,18.8,0,0,0.033,-0.01,-1.002,0.3,-0.7,0
112.842073600003,233,-0.02,18.8,0,0,0.033,-0.01,-1.002,0.3,-0.7,0
112.852073600003,233,-0.02,18.8,0,0,0.033,-0.01,-1.002,0.3,-0.7,0
124.8181025,232,0,18.8,0,0,0.02,-0.019,-1.044,0.1,-0.4,0
124.8281025,233,0,18.8,0,0,0.02,-0.019,-1.044,0.1,-0.4,0
124.8381025,233,0,18.8,0,0,0.02,-0.019,-1.044,0.1,-0.4,0
124.8481025,233,0,18.8,0,0,0.02,-0.019,-1.044,0.1,-0.4,0
124.8581025,236,0,18.8,0,0,0.02,-0.019,-1.044,0.1,-0.4,0
124.8681025,235,0,18.9,0,0,0.032,-0.023,-1.032,-0.4,-0.1,0
124.8781025,233,0,18.9,0,0,0.032,-0.023,-1.032,-0.4,-0.1,0
124.8881025,234,0,18.9,0,0,0.032,-0.023,-1.032,-0.4,-0.1,0
124.8981025,233,0,18.9,0,0,0.032,-0.023,-1.032,-0.4,-0.1,0
124.9081025,231,0,18.9,0,0,0.032,-0.023,-1.032,-0.4,-0.1,0
124.9181025,231,0,18.8,0,0,0.027,-0.016,-0.958,0.4,0,0
124.9281025,233,0,18.8,0,0,0.027,-0.016,-0.958,0.4,0,0
124.9381025,234,0,18.8,0,0,0.027,-0.016,-0.958,0.4,0,0
124.9481025,234,0,18.8,0,0,0.027,-0.016,-0.958,0.4,0,0
124.9581025,233,0,18.8,0,0,0.027,-0.016,-0.958,0.4,0,0
124.9681025,232,0,18.8,0,0,0.033,-0.015,-0.954,0.2,0,0
124.9781025,236,0,18.8,0,0,0.033,-0.015,-0.954,0.2,0,0
124.9881025,236,0,18.8,0,0,0.033,-0.015,-0.954,0.2,0,0
124.9981025,234,0,18.8,0,0,0.033,-0.015,-0.954,0.2,0,0
125.0081025,231,0,18.8,0,0,0.033,-0.015,-0.954,0.2,0,0
125.0181025,231,0,18.9,0,0,0.028,-0.012,-0.996,0.7,-0.7,0
125.0281025,237,0,18.9,0,0,0.028,-0.012,-0.996,0.7,-0.7,0
125.0381025,231,0,18.9,0,0,0.028,-0.012,-0.996,0.7,-0.7,0
125.0481025,233,0,18.9,0,0,0.028,-0.012,-0.996,0.7,-0.7,0
125.0581025,235,0,18.9,0,0,0.028,-0.012,-0.996,0.7,-0.7,0
125.0681025,229,0.01,18.8,0,0,0.032,-0.003,-0.947,0.4,-0.7,0
125.0781025,229,0.01,18.8,0,0,0.032,-0.003,-0.947,0.4,-0.7,0
125.0881025,233,0.01,18.8,0,0,0.032,-0.003,-0.947,0.4,-0.7,0
125.0981025,234,0.01,18.8,0,0,0.032,-0.003,-0.947,0.4,-0.7,0
125.1081025,232,0.01,18.8,0,0,0.032,-0.003,-0.947,0.4,-0.7,0
125.1181025,234,0,18.8,0,0,0.028,-0.014,-1.013,1,-1,0
125.1281025,235,0,18.8,0,0,0.028,-0.014,-1.013,1,-1,0
125.1381025,233,0,18.8,0,0,0.028,-0.014,-1.013,1,-1,0
125.1481025,235,0,18.8,0,0,0.028,-0.014,-1.013,1,-1,0
125.1581025,234,0,18.8,0,0,0.028,-0.014,-1.013,1,-1,0
125.1681025,231,0,18.8,0,0,0.027,-0.011,-1.023,0.6,-1.4,0.1
125.1781025,233,0,18.8,0,0,0.027,-0.011,-1.023,0.6,-1.4,0.1
125.1881025,236,0,18.8,0,0,0.027,-0.011,-1.023,0.6,-1.4,0.1
125.1981025,232,0,18.8,0,0,0.027,-0.011,-1.023,0.6,-1.4,0.1
125.2081025,231,0,18.8,0,0,0.027,-0.011,-1.023,0.6,-1.4,0.1
125.2181025,233,-0.01,18.8,0,0,0.021,-0.013,-1.064,-0.1,-0.8,0
125.2281025,232,-0.01,18.8,0,0,0.021,-0.013,-1.064,-0.1,-0.8,0
125.2381025,237,-0.01,18.8,0,0,0.021,-0.013,-1.064,-0.1,-0.8,0
125.2481025,233,-0.01,18.8,0,0,0.021,-0.013,-1.064,-0.1,-0.8,0
125.2581025,231,-0.01,18.8,0,0,0.021,-0.013,-1.064,-0.1,-0.8,0
125.2681025,235,0,18.8,0,0,0.028,-0.018,-1,0.1,-0.3,0.1
125.2781025,235,0,18.8,0,0,0.028,-0.018,-1,0.1,-0.3,0.1
125.2881025,235,0,18.8,0,0,0.028,-0.018,-1,0.1,-0.3,0.1
125.2981025,229,0,18.8,0,0,0.028,-0.018,-1,0.1,-0.3,0.1
125.3081025,232,0,18.8,0,0,0.028,-0.018,-1,0.1,-0.3,0.1
125.3181025,236,-0.01,18.8,0,0,0.03,-0.02,-1.023,-0.2,-0.4,0
125.3281025,231,-0.01,18.8,0,0,0.03,-0.02,-1.023,-0.2,-0.4,0
125.3381025,233,-0.01,18.8,0,0,0.03,-0.02,-1.023,-0.2,-0.4,0
125.3481025,232,-0.01,18.8,0,0,0.03,-0.02,-1.023,-0.2,-0.4,0
125.3581025,229,-0.01,18.8,0,0,0.03,-0.02,-1.023,-0.2,-0.4,0
125.3681025,231,0,18.8,0,0,0.026,-0.016,-0.989,0,-0.1,0
125.3781025,235,0,18.8,0,0,0.026,-0.016,-0.989,0,-0.1,0
125.3881025,235,0,18.8,0,0,0.026,-0.016,-0.989,0,-0.1,0
125.3981025,232,0,18.8,0,0,0.026,-0.016,-0.989,0,-0.1,0
125.4081025,234,0,18.8,0,0,0.026,-0.016,-0.989,0,-0.1,0
125.4181025,236,0,18.8,0,0,0.031,-0.02,-0.984,-0.3,0.1,0
125.4281025,234,0,18.8,0,0,0.031,-0.02,-0.984,-0.3,0.1,0
125.4381025,233,0,18.8,0,0,0.031,-0.02,-0.984,-0.3,0.1,0
125.4481025,235,0,18.8,0,0,0.031,-0.02,-0.984,-0.3,0.1,0
125.4581025,233,0,18.8,0,0,0.031,-0.02,-0.984,-0.3,0.1,0
125.4681025,232,0,18.9,0,0,0.032,-0.013,-0.947,1.1,-0.6,0
125.4781025,238,0,18.9,0,0,0.032,-0.013,-0.947,1.1,-0.6,0
125.4881025,231,0,18.9,0,0,0.032,-0.013,-0.947,1.1,-0.6,0
125.4981025,231,0,18.9,0,0,0.032,-0.013,-0.947,1.1,-0.6,0
125.5081025,233,0,18.9,0,0,0.032,-0.013,-0.947,1.1,-0.6,0
125.5181025,232,0.01,18.8,0,0,0.028,-0.005,-0.992,0.2,-0.9,0
125.5281025,235,0.01,18.8,0,0,0.028,-0.005,-0.992,0.2,-0.9,0
125.5381025,231,0.01,18.8,0,0,0.028,-0.005,-0.992,0.2,-0.9,0
125.5481025,232,0.01,18.8,0,0,0.028,-0.005,-0.992,0.2,-0.9,0
125.5581025,234,0.01,18.8,0,0,0.028,-0.005,-0.992,0.2,-0.9,0
125.5681025,236,0,18.9,0,0,0.027,-0.015,-1.007,0.7,-0.7,0
125.5781025,235,0,18.9,0,0,0.027,-0.015,-1.007,0.7,-0.7,0
125.5881025,231,0,18.9,0,0,0.027,-0.015,-1.007,0.7,-0.7,0
125.5981025,233,0,18.9,0,0,0.027,-0.015,-1.007,0.7,-0.7,0
125.6081025,234,0,18.9,0,0,0.027,-0.015,-1.007,0.7,-0.7,0
125.6181025,232,0.01,18.9,0,0,0.028,-0.01,-1.009,0.6,-1.2,0.1
125.6281025,229,0.01,18.9,0,0,0.028,-0.01,-1.009,0.6,-1.2,0.1
125.6381025,233,0.01,18.9,0,0,0.028,-0.01,-1.009,0.6,-1.2,0.1
125.6481025,234,0.01,18.9,0,0,0.028,-0.01,-1.009,0.6,-1.2,0.1
125.6581025,232,0.01,18.9,0,0,0.028,-0.01,-1.009,0.6,-1.2,0.1
125.6681025,234,0,18.8,0,0,0.025,-0.01,-1.038,0.4,-1,0
125.6781025,233,0,18.8,0,0,0.025,-0.01,-1.038,0.4,-1,0
125.6881025,231,0,18.8,0,0,0.025,-0.01,-1.038,0.4,-1,0
125.6981025,236,0,18.8,0,0,0.025,-0.01,-1.038,0.4,-1,0
125.7081025,237,0,18.8,0,0,0.025,-0.01,-1.038,0.4,-1,0
125.7181025,232,-0.01,18.8,0,0,0.024,-0.02,-1.062,-0.4,-0.3,0.1
125.7281025,234,-0.01,18.8,0,0,0.024,-0.02,-1.062,-0.4,-0.3,0.1
125.7381025,237,-0.01,18.8,0,0,0.024,-0.02,-1.062,-0.4,-0.3,0.1
125.7481025,231,-0.01,18.8,0,0,0.024,-0.02,-1.062,-0.4,-0.3,0.1
125.7581025,233,-0.01,18.8,0,0,0.024,-0.02,-1.062,-0.4,-0.3,0.1
125.7681025,238,-0.01,18.9,0,0,0.03,-0.017,-0.987,-0.2,-0.3,0
125.7781025,232,-0.01,18.9,0,0,0.03,-0.017,-0.987,-0.2,-0.3,0
125.7881025,230,-0.01,18.9,0,0,0.03,-0.017,-0.987,-0.2,-0.3,0
125.7981025,230,-0.01,18.9,0,0,0.03,-0.017,-0.987,-0.2,-0.3,0
125.8081025,232,-0.01,18.9,0,0,0.03,-0.017,-0.987,-0.2,-0.3,0
125.8181025,234,-0.01,18.8,0,0,0.026,-0.013,-0.998,0.4,-0.4,0
125.8281025,232,-0.01,18.8,0,0,0.026,-0.013,-0.998,0.4,-0.4,0
125.8381025,233,-0.01,18.8,0,0,0.026,-0.013,-0.998,0.4,-0.4,0
125.8481025,234,-0.01,18.8,0,0,0.026,-0.013,-0.998,0.4,-0.4,0
125.8581025,234,-0.01,18.8,0,0,0.026,-0.013,-0.998,0.4,-0.4,0
125.8681025,234,0,18.8,0,0,0.028,-0.022,-1.008,-0.3,0.1,0
125.8781025,232,0,18.8,0,0,0.028,-0.022,-1.008,-0.3,0.1,0
125.8881025,233,0,18.8,0,0,0.028,-0.022,-1.008,-0.3,0.1,0
125.8981025,234,0,18.8,0,0,0.028,-0.022,-1.008,-0.3,0.1,0
125.9081025,231,0,18.8,0,0,0.028,-0.022,-1.008,-0.3,0.1,0
125.9181025,230,-0.01,18.8,0,0,0.032,-0.013,-0.945,0.7,-0.3,0
125.9281025,233,-0.01,18.8,0,0,0.032,-0.013,-0.945,0.7,-0.3,0
125.9381025,233,-0.01,18.8,0,0,0.032,-0.013,-0.945,0.7,-0.3,0
125.9481025,233,-0.01,18.8,0,0,0.032,-0.013,-0.945,0.7,-0.3,0
125.9581025,235,-0.01,18.8,0,0,0.032,-0.013,-0.945,0.7,-0.3,0
125.9681025,234,0,18.8,0,0,0.033,0,-0.927,0.6,-0.7,0
125.9781025,233,0,18.8,0,0,0.033,0,-0.927,0.6,-0.7,0
125.9881025,234,0,18.8,0,0,0.033,0,-0.927,0.6,-0.7,0
125.9981025,238,0,18.8,0,0,0.033,0,-0.927,0.6,-0.7,0
126.0081025,232,0,18.8,0,0,0.033,0,-0.927,0.6,-0.7,0
126.0181025,231,0,18.9,0,0,0.025,-0.015,-1.054,0.7,-1,0
126.0281025,238,0,18.9,0,0,0.025,-0.015,-1.054,0.7,-1,0
126.0381025,231,0,18.9,0,0,0.025,-0.015,-1.054,0.7,-1,0
126.0481025,232,0,18.9,0,0,0.025,-0.015,-1.054,0.7,-1,0
126.0581025,233,0,18.9,0,0,0.025,-0.015,-1.054,0.7,-1,0
126.0681025,230,0,18.8,0,0,0.03,-0.011,-0.988,0.3,-0.9,0
126.0781025,232,0,18.8,0,0,0.03,-0.011,-0.988,0.3,-0.9,0
126.0881025,232,0,18.8,0,0,0.03,-0.011,-0.988,0.3,-0.9,0
126.0981025,232,0,18.8,0,0,0.03,-0.011,-0.988,0.3,-0.9,0
126.1081025,232,0,18.8,0,0,0.03,-0.011,-0.988,0.3,-0.9,0
126.1181025,234,0,18.8,0,0,0.025,-0.009,-1.028,0.4,-1.1,0
126.1281025,236,0,18.8,0,0,0.025,-0.009,-1.028,0.4,-1.1,0
126.1381025,234,0,18.8,0,0,0.025,-0.009,-1.028,0.4,-1.1,0
126.1481025,233,0,18.8,0,0,0.025,-0.009,-1.028,0.4,-1.1,0
126.1581025,234,0,18.8,0,0,0.025,-0.009,-1.028,0.4,-1.1,0
126.1681025,232,0,18.8,0,0,0.024,-0.02,-1.067,0.1,-0.6,0.1
126.1781025,234,0,18.8,0,0,0.024,-0.02,-1.067,0.1,-0.6,0.1
126.1881025,234,0,18.8,0,0,0.024,-0.02,-1.067,0.1,-0.6,0.1
126.1981025,229,0,18.8,0,0,0.024,-0.02,-1.067,0.1,-0.6,0.1
126.2081025,231,0,18.8,0,0,0.024,-0.02,-1.067,0.1,-0.6,0.1
126.2181025,234,-0.01,18.9,0,0,0.024,-0.019,-1.045,-0.6,-0.1,0
126.2281025,234,-0.01,18.9,0,0,0.024,-0.019,-1.045,-0.6,-0.1,0
126.2381025,234,-0.01,18.9,0,0,0.024,-0.019,-1.045,-0.6,-0.1,0
126.2481025,233,-0.01,18.9,0,0,0.024,-0.019,-1.045,-0.6,-0.1,0
126.2581025,232,-0.01,18.9,0,0,0.024,-0.019,-1.045,-0.6,-0.1,0
126.2681025,233,-0.01,18.8,0,0,0.031,-0.012,-0.95,0.4,-0.1,0
126.2781025,237,-0.01,18.8,0,0,0.031,-0.012,-0.95,0.4,-0.1,0
126.2881025,239,-0.01,18.8,0,0,0.031,-0.012,-0.95,0.4,-0.1,0
126.2981025,231,-0.01,18.8,0,0,0.031,-0.012,-0.95,0.4,-0.1,0
126.3081025,230,-0.01,18.8,0,0,0.031,-0.012,-0.95,0.4,-0.1,0
126.3181025,236,-0.01,18.8,0,0,0.025,-0.02,-1.02,0,-0.1,0
126.3281025,230,-0.01,18.8,0,0,0.025,-0.02,-1.02,0,-0.1,0
126.3381025,228,-0.01,18.8,0,0,0.025,-0.02,-1.02,0,-0.1,0
126.3481025,232,-0.01,18.8,0,0,0.025,-0.02,-1.02,0,-0.1,0
126.3581025,232,-0.01,18.8,0,0,0.025,-0.02,-1.02,0,-0.1,0
126.3681025,233,-0.01,18.9,0,0,0.027,-0.006,-1.001,0.8,-0.2,0
126.3781025,234,-0.01,18.9,0,0,0.027,-0.006,-1.001,0.8,-0.2,0
126.3881025,234,-0.01,18.9,0,0,0.027,-0.006,-1.001,0.8,-0.2,0
126.3981025,230,-0.01,18.9,0,0,0.027,-0.006,-1.001,0.8,-0.2,0
126.4081025,235,-0.01,18.9,0,0,0.027,-0.006,-1.001,0.8,-0.2,0
126.4181025,237,0,18.9,0,0,0.026,-0.016,-1.05,0.3,-1,0
126.4281025,231,0,18.9,0,0,0.026,-0.016,-1.05,0.3,-1,0
126.4381025,235,0,18.9,0,0,0.026,-0.016,-1.05,0.3,-1,0
126.4481025,234,0,18.9,0,0,0.026,-0.016,-1.05,0.3,-1,0
126.4581025,231,0,18.9,0,0,0.026,-0.016,-1.05,0.3,-1,0
126.4681025,233,0,18.8,0,0,0.023,-0.018,-1.053,-0.1,-0.7,0
126.4781025,233,0,18.8,0,0,0.023,-0.018,-1.053,-0.1,-0.7,0
126.4881025,232,0,18.8,0,0,0.023,-0.018,-1.053,-0.1,-0.7,0
126.4981025,234,0,18.8,0,0,0.023,-0.018,-1.053,-0.1,-0.7,0
126.5081025,233,0,18.8,0,0,0.023,-0.018,-1.053,-0.1,-0.7,0
126.5181025,232,0.01,18.9,0,0,0.026,-0.019,-1.028,-0.4,0,0
126.5281025,236,0.01,18.9,0,0,0.026,-0.019,-1.028,-0.4,0,0
126.5381025,233,0.01,18.9,0,0,0.026,-0.019,-1.028,-0.4,0,0
126.5481025,235,0.01,18.9,0,0,0.026,-0.019,-1.028,-0.4,0,0
126.5581025,235,0.01,18.9,0,0,0.026,-0.019,-1.028,-0.4,0,0
126.5681025,231,0,18.8,0,0,0.029,-0.013,-0.978,0.6,-0.4,0
126.5781025,237,0,18.8,0,0,0.029,-0.013,-0.978,0.6,-0.4,0
126.5881025,230,0,18.8,0,0,0.029,-0.013,-0.978,0.6,-0.4,0
126.5981025,232,0,18.8,0,0,0.029,-0.013,-0.978,0.6,-0.4,0
126.6081025,235,0,18.8,0,0,0.029,-0.013,-0.978,0.6,-0.4,0
126.6181025,230,0.01,18.8,0,0,0.027,-0.018,-1.001,-0.5,-0.2,0
126.6281025,230,0.01,18.8,0,0,0.027,-0.018,-1.001,-0.5,-0.2,0
126.6381025,232,0.01,18.8,0,0,0.027,-0.018,-1.001,-0.5,-0.2,0
126.6481025,233,0.01,18.8,0,0,0.027,-0.018,-1.001,-0.5,-0.2,0
126.6581025,232,0.01,18.8,0,0,0.027,-0.018,-1.001,-0.5,-0.2,0
126.6681025,235,0,18.8,0,0,0.031,-0.01,-0.955,0.8,-0.3,0
126.6781025,234,0,18.8,0,0,0.031,-0.01,-0.955,0.8,-0.3,0
126.6881025,233,0,18.8,0,0,0.031,-0.01,-0.955,0.8,-0.3,0
126.6981025,236,0,18.8,0,0,0.031,-0.01,-0.955,0.8,-0.3,0
126.7081025,234,0,18.8,0,0,0.031,-0.01,-0.955,0.8,-0.3,0
126.7181025,231,0,18.9,0,0,0.034,-0.003,-0.927,0.3,-0.3,0
126.7281025,233,0,18.9,0,0,0.034,-0.003,-0.927,0.3,-0.3,0
126.7381025,236,0,18.9,0,0,0.034,-0.003,-0.927,0.3,-0.3,0
126.7481025,233,0,18.9,0,0,0.034,-0.003,-0.927,0.3,-0.3,0
126.7581025,231,0,18.9,0,0,0.034,-0.003,-0.927,0.3,-0.3,0
126.7681025,232,-0.01,18.8,0,0,0.028,-0.009,-1.012,1.2,-1.5,0
126.7781025,233,-0.01,18.8,0,0,0.028,-0.009,-1.012,1.2,-1.5,0
126.7881025,236,-0.01,18.8,0,0,0.028,-0.009,-1.012,1.2,-1.5,0
126.7981025,232,-0.01,18.8,0,0,0.028,-0.009,-1.012,1.2,-1.5,0
126.8081025,232,-0.01,18.8,0,0,0.028,-0.009,-1.012,1.2,-1.5,0
126.8181025,236,-0.01,18.8,0,0,0.027,-0.008,-1.015,0.6,-0.7,0
126.8281025,232,-0.01,18.8,0,0,0.027,-0.008,-1.015,0.6,-0.7,0
126.8381025,236,-0.01,18.8,0,0,0.027,-0.008,-1.015,0.6,-0.7,0
126.8481025,234,-0.01,18.8,0,0,0.027,-0.008,-1.015,0.6,-0.7,0
126.8581025,231,-0.01,18.8,0,0,0.027,-0.008,-1.015,0.6,-0.7,0
126.8681025,235,-0.02,18.8,0,0,0.028,-0.013,-1.014,0.3,-0.6,0
126.8781025,231,-0.02,18.8,0,0,0.028,-0.013,-1.014,0.3,-0.6,0
126.8881025,232,-0.02,18.8,0,0,0.028,-0.013,-1.014,0.3,-0.6,0
126.8981025,233,-0.02,18.8,0,0,0.028,-0.013,-1.014,0.3,-0.6,0
126.9081025,231,-0.02,18.8,0,0,0.028,-0.013,-1.014,0.3,-0.6,0
126.9181025,231,0,18.9,0,0,0.025,-0.017,-1.045,0,-0.7,0.1
126.9281025,235,0,18.9,0,0,0.025,-0.017,-1.045,0,-0.7,0.1
126.9381025,234,0,18.9,0,0,0.025,-0.017,-1.045,0,-0.7,0.1
126.9481025,231,0,18.9,0,0,0.025,-0.017,-1.045,0,-0.7,0.1
126.9581025,234,0,18.9,0,0,0.025,-0.017,-1.045,0,-0.7,0.1
126.9681025,233,0.01,18.8,0,0,0.026,-0.018,-1.046,-0.1,-0.3,0.1
126.9781025,233,0.01,18.8,0,0,0.026,-0.018,-1.046,-0.1,-0.3,0.1
126.9881025,235,0.01,18.8,0,0,0.026,-0.018,-1.046,-0.1,-0.3,0.1
126.9981025,236,0.01,18.8,0,0,0.026,-0.018,-1.046,-0.1,-0.3,0.1
127.0081025,233,0.01,18.8,0,0,0.026,-0.018,-1.046,-0.1,-0.3,0.1
127.0181025,232,0,18.8,0,0,0.032,-0.016,-0.966,0,0.1,0
127.028102500001,238,0,18.8,0,0,0.032,-0.016,-0.966,0,0.1,0
127.0381025,232,0,18.8,0,0,0.032,-0.016,-0.966,0,0.1,0
127.0481025,231,0,18.8,0,0,0.032,-0.016,-0.966,0,0.1,0
127.058102500001,233,0,18.8,0,0,0.032,-0.016,-0.966,0,0.1,0
127.068102500001,232,0.01,18.9,0,0,0.031,-0.019,-0.98,0,-0.5,0
127.078102500001,235,0.01,18.9,0,0,0.031,-0.019,-0.98,0,-0.5,0
127.088102500001,231,0.01,18.9,0,0,0.031,-0.019,-0.98,0,-0.5,0
127.098102500001,232,0.01,18.9,0,0,0.031,-0.019,-0.98,0,-0.5,0
127.108102500001,233,0.01,18.9,0,0,0.031,-0.019,-0.98,0,-0.5,0
127.118102500001,231,0,18.9,0,0,0.034,-0.006,-0.941,0.3,-0.3,0
127.128102500001,234,0,18.9,0,0,0.034,-0.006,-0.941,0.3,-0.3,0
127.138102500001,232,0,18.9,0,0,0.034,-0.006,-0.941,0.3,-0.3,0
127.148102500001,231,0,18.9,0,0,0.034,-0.006,-0.941,0.3,-0.3,0
127.158102500001,232,0,18.9,0,0,0.034,-0.006,-0.941,0.3,-0.3,0
127.168102500001,233,0,18.8,0,0,0.03,-0.008,-0.968,1.1,-1.2,0
127.178102500001,233,0,18.8,0,0,0.03,-0.008,-0.968,1.1,-1.2,0
127.188102500001,233,0,18.8,0,0,0.03,-0.008,-0.968,1.1,-1.2,0
127.198102500001,235,0,18.8,0,0,0.03,-0.008,-0.968,1.1,-1.2,0
127.208102500001,236,0,18.8,0,0,0.03,-0.008,-0.968,1.1,-1.2,0
127.218102500001,233,-0.02,18.8,0,0,0.027,-0.006,-1.006,1,-1.4,0
127.228102500001,232,-0.02,18.8,0,0,0.027,-0.006,-1.006,1,-1.4,0
127.238102500001,238,-0.02,18.8,0,0,0.027,-0.006,-1.006,1,-1.4,0
127.248102500001,232,-0.02,18.8,0,0,0.027,-0.006,-1.006,1,-1.4,0
127.258102500001,231,-0.02,18.8,0,0,0.027,-0.006,-1.006,1,-1.4,0
127.268102500001,239,-0.02,18.8,0,0,0.025,-0.016,-1.05,-0.4,-0.4,0.1
127.278102500001,231,-0.02,18.8,0,0,0.025,-0.016,-1.05,-0.4,-0.4,0.1
127.288102500001,230,-0.02,18.8,0,0,0.025,-0.016,-1.05,-0.4,-0.4,0.1
127.298102500001,232,-0.02,18.8,0,0,0.025,-0.016,-1.05,-0.4,-0.4,0.1
127.308102500001,232,-0.02,18.8,0,0,0.025,-0.016,-1.05,-0.4,-0.4,0.1
127.318102500001,232,0,18.8,0,0,0.028,-0.016,-1.013,0.3,-0.9,0
127.328102500001,231,0,18.8,0,0,0.028,-0.016,-1.013,0.3,-0.9,0
127.338102500001,234,0,18.8,0,0,0.028,-0.016,-1.013,0.3,-0.9,0
127.348102500001,235,0,18.8,0,0,0.028,-0.016,-1.013,0.3,-0.9,0
127.358102500001,235,0,18.8,0,0,0.028,-0.016,-1.013,0.3,-0.9,0
127.368102500001,231,0,18.9,0,0,0.029,-0.019,-1.009,-0.4,0.2,0.1
127.378102500001,231,0,18.9,0,0,0.029,-0.019,-1.009,-0.4,0.2,0.1
127.388102500001,234,0,18.9,0,0,0.029,-0.019,-1.009,-0.4,0.2,0.1
127.398102500001,233,0,18.9,0,0,0.029,-0.019,-1.009,-0.4,0.2,0.1
127.408102500001,234,0,18.9,0,0,0.029,-0.019,-1.009,-0.4,0.2,0.1
127.418102500001,234,0,18.8,0,0,0.029,-0.025,-0.993,-0.6,0,0
127.428102500001,234,0,18.8,0,0,0.029,-0.025,-0.993,-0.6,0,0
127.438102500001,235,0,18.8,0,0,0.029,-0.025,-0.993,-0.6,0,0
127.448102500001,238,0,18.8,0,0,0.029,-0.025,-0.993,-0.6,0,0
127.458102500001,232,0,18.8,0,0,0.029,-0.025,-0.993,-0.6,0,0
127.468102500001,231,0.01,18.9,0,0,0.031,-0.011,-0.958,1.5,-0.7,0
127.478102500001,238,0.01,18.9,0,0,0.031,-0.011,-0.958,1.5,-0.7,0
127.488102500001,231,0.01,18.9,0,0,0.031,-0.011,-0.958,1.5,-0.7,0
127.498102500001,232,0.01,18.9,0,0,0.031,-0.011,-0.958,1.5,-0.7,0
127.508102500001,237,0.01,18.9,0,0,0.031,-0.011,-0.958,1.5,-0.7,0
127.518102500001,230,0.01,18.8,0,0,0.032,-0.012,-0.981,0,-0.3,0
127.528102500001,227,0.01,18.8,0,0,0.032,-0.012,-0.981,0,-0.3,0
127.538102500001,231,0.01,18.8,0,0,0.032,-0.012,-0.981,0,-0.3,0
127.548102500001,233,0.01,18.8,0,0,0.032,-0.012,-0.981,0,-0.3,0
127.558102500001,233,0.01,18.8,0,0,0.032,-0.012,-0.981,0,-0.3,0
127.568102500001,234,0,18.8,0,0,0.03,-0.011,-0.98,0.8,-0.9,0
127.578102500001,236,0,18.8,0,0,0.03,-0.011,-0.98,0.8,-0.9,0
127.588102500001,234,0,18.8,0,0,0.03,-0.011,-0.98,0.8,-0.9,0
127.598102500001,233,0,18.8,0,0,0.03,-0.011,-0.98,0.8,-0.9,0
127.608102500001,234,0,18.8,0,0,0.03,-0.011,-0.98,0.8,-0.9,0
127.618102500001,232,0,18.9,0,0,0.03,-0.004,-0.977,1,-1.2,0
127.628102500001,234,0,18.9,0,0,0.03,-0.004,-0.977,1,-1.2,0
127.638102500001,234,0,18.9,0,0,0.03,-0.004,-0.977,1,-1.2,0
127.648102500001,228,0,18.9,0,0,0.03,-0.004,-0.977,1,-1.2,0
127.658102500001,230,0,18.9,0,0,0.03,-0.004,-0.977,1,-1.2,0
127.668102500001,235,-0.01,18.8,0,0,0.024,-0.015,-1.056,0.8,-1.2,0
127.678102500001,234,-0.01,18.8,0,0,0.024,-0.015,-1.056,0.8,-1.2,0
127.688102500001,234,-0.01,18.8,0,0,0.024,-0.015,-1.056,0.8,-1.2,0
127.698102500001,234,-0.01,18.8,0,0,0.024,-0.015,-1.056,0.8,-1.2,0
127.708102500001,232,-0.01,18.8,0,0,0.024,-0.015,-1.056,0.8,-1.2,0
127.718102500001,233,-0.01,18.8,0,0,0.024,-0.018,-1.046,-0.3,-0.7,0
127.728102500001,238,-0.01,18.8,0,0,0.024,-0.018,-1.046,-0.3,-0.7,0
127.738102500001,239,-0.01,18.8,0,0,0.024,-0.018,-1.046,-0.3,-0.7,0
127.748102500001,230,-0.01,18.8,0,0,0.024,-0.018,-1.046,-0.3,-0.7,0
127.758102500001,230,-0.01,18.8,0,0,0.024,-0.018,-1.046,-0.3,-0.7,0
127.768102500001,236,-0.01,18.8,0,0,0.027,-0.011,-1.003,0.1,-0.6,0
127.778102500001,230,-0.01,18.8,0,0,0.027,-0.011,-1.003,0.1,-0.6,0
127.788102500001,232,-0.01,18.8,0,0,0.027,-0.011,-1.003,0.1,-0.6,0
127.798102500001,233,-0.01,18.8,0,0,0.027,-0.011,-1.003,0.1,-0.6,0
127.808102500001,230,-0.01,18.8,0,0,0.027,-0.011,-1.003,0.1,-0.6,0
127.818102500001,232,0,18.8,0,0,0.028,-0.02,-1.03,0,-0.2,0
127.828102500001,233,0,18.8,0,0,0.028,-0.02,-1.03,0,-0.2,0
127.838102500001,234,0,18.8,0,0,0.028,-0.02,-1.03,0,-0.2,0
127.848102500001,230,0,18.8,0,0,0.028,-0.02,-1.03,0,-0.2,0
127.858102500001,233,0,18.8,0,0,0.028,-0.02,-1.03,0,-0.2,0
127.868102500001,237,-0.01,18.8,0,0,0.028,-0.024,-1.018,-0.6,-0.1,0
127.878102500001,233,-0.01,18.8,0,0,0.028,-0.024,-1.018,-0.6,-0.1,0
127.888102500001,233,-0.01,18.8,0,0,0.028,-0.024,-1.018,-0.6,-0.1,0
127.898102500001,234,-0.01,18.8,0,0,0.028,-0.024,-1.018,-0.6,-0.1,0
127.908102500001,232,-0.01,18.8,0,0,0.028,-0.024,-1.018,-0.6,-0.1,0
127.918102500001,233,0,18.8,0,0,0.031,-0.014,-0.95,0.5,0,0
127.928102500001,232,0,18.8,0,0,0.031,-0.014,-0.95,0.5,0,0
127.938102500001,231,0,18.8,0,0,0.031,-0.014,-0.95,0.5,0,0
127.948102500001,234,0,18.8,0,0,0.031,-0.014,-0.95,0.5,0,0
127.958102500001,234,0,18.8,0,0,0.031,-0.014,-0.95,0.5,0,0
127.968102500001,232,0.01,18.9,0,0,0.031,-0.011,-0.962,0.3,-0.3,0
127.978102500001,236,0.01,18.9,0,0,0.031,-0.011,-0.962,0.3,-0.3,0
127.988102500001,233,0.01,18.9,0,0,0.031,-0.011,-0.962,0.3,-0.3,0
127.998102500001,232,0.01,18.9,0,0,0.031,-0.011,-0.962,0.3,-0.3,0
128.008102500001,234,0.01,18.9,0,0,0.031,-0.011,-0.962,0.3,-0.3,0
128.018102500001,234,0,18.9,0,0,0.029,-0.014,-1.014,0.7,-0.8,0
128.028102500001,237,0,18.9,0,0,0.029,-0.014,-1.014,0.7,-0.8,0
128.038102500001,231,0,18.9,0,0,0.029,-0.014,-1.014,0.7,-0.8,0
128.048102500001,232,0,18.9,0,0,0.029,-0.014,-1.014,0.7,-0.8,0
128.058102500001,235,0,18.9,0,0,0.029,-0.014,-1.014,0.7,-0.8,0
128.068102500001,230,0.01,18.9,0,0,0.031,-0.004,-0.954,0.7,-0.9,0
128.078102500001,229,0.01,18.9,0,0,0.031,-0.004,-0.954,0.7,-0.9,0
128.088102500001,233,0.01,18.9,0,0,0.031,-0.004,-0.954,0.7,-0.9,0
128.098102500001,234,0.01,18.9,0,0,0.031,-0.004,-0.954,0.7,-0.9,0
128.108102500001,231,0.01,18.9,0,0,0.031,-0.004,-0.954,0.7,-0.9,0
128.118102500001,233,0,18.8,0,0,0.028,-0.016,-1.03,0.7,-1,0
128.128102500001,235,0,18.8,0,0,0.028,-0.016,-1.03,0.7,-1,0
128.138102500001,233,0,18.8,0,0,0.028,-0.016,-1.03,0.7,-1,0
128.148102500001,237,0,18.8,0,0,0.028,-0.016,-1.03,0.7,-1,0
128.158102500001,234,0,18.8,0,0,0.028,-0.016,-1.03,0.7,-1,0
128.168102500001,231,0,18.8,0,0,0.025,-0.013,-1.049,0.4,-1.4,0
128.178102500001,233,0,18.8,0,0,0.025,-0.013,-1.049,0.4,-1.4,0
128.188102500001,236,0,18.8,0,0,0.025,-0.013,-1.049,0.4,-1.4,0
128.198102500001,233,0,18.8,0,0,0.025,-0.013,-1.049,0.4,-1.4,0
128.208102500001,231,0,18.8,0,0,0.025,-0.013,-1.049,0.4,-1.4,0
128.218102500001,232,-0.01,18.9,0,0,0.024,-0.011,-1.042,-0.1,-0.5,0
128.228102500001,232,-0.01,18.9,0,0,0.024,-0.011,-1.042,-0.1,-0.5,0
128.238102500001,237,-0.01,18.9,0,0,0.024,-0.011,-1.042,-0.1,-0.5,0
128.248102500001,234,-0.01,18.9,0,0,0.024,-0.011,-1.042,-0.1,-0.5,0
128.258102500001,232,-0.01,18.9,0,0,0.024,-0.011,-1.042,-0.1,-0.5,0
128.268102500001,235,-0.01,18.9,0,0,0.028,-0.017,-0.997,0.1,-0.3,0
128.278102500001,232,-0.01,18.9,0,0,0.028,-0.017,-0.997,0.1,-0.3,0
128.288102500001,236,-0.01,18.9,0,0,0.028,-0.017,-0.997,0.1,-0.3,0
128.298102500001,233,-0.01,18.9,0,0,0.028,-0.017,-0.997,0.1,-0.3,0
128.308102500001,233,-0.01,18.9,0,0,0.028,-0.017,-0.997,0.1,-0.3,0
128.318102500001,235,0,18.8,0,0,0.027,-0.024,-1.034,-0.3,-0.3,0
128.328102500001,230,0,18.8,0,0,0.027,-0.024,-1.034,-0.3,-0.3,0
128.338102500001,233,0,18.8,0,0,0.027,-0.024,-1.034,-0.3,-0.3,0
128.348102500001,234,0,18.8,0,0,0.027,-0.024,-1.034,-0.3,-0.3,0
128.358102500001,231,0,18.8,0,0,0.027,-0.024,-1.034,-0.3,-0.3,0
128.368102500001,229,0,18.8,0,0,0.03,-0.014,-0.974,0.3,-0.1,0
128.378102500001,234,0,18.8,0,0,0.03,-0.014,-0.974,0.3,-0.1,0
128.388102500001,234,0,18.8,0,0,0.03,-0.014,-0.974,0.3,-0.1,0
128.398102500001,232,0,18.8,0,0,0.03,-0.014,-0.974,0.3,-0.1,0
128.408102500001,234,0,18.8,0,0,0.03,-0.014,-0.974,0.3,-0.1,0
128.418102500001,234,0,18.8,0,0,0.031,-0.015,-0.963,-0.1,0.1,0
128.428102500001,234,0,18.8,0,0,0.031,-0.015,-0.963,-0.1,0.1,0
128.438102500001,235,0,18.8,0,0,0.031,-0.015,-0.963,-0.1,0.1,0
128.448102500001,234,0,18.8,0,0,0.031,-0.015,-0.963,-0.1,0.1,0
128.458102500001,232,0,18.8,0,0,0.031,-0.015,-0.963,-0.1,0.1,0
128.468102500001,233,0.02,18.8,0,0,0.031,-0.009,-0.961,1.4,-0.8,0
128.478102500001,237,0.02,18.8,0,0,0.031,-0.009,-0.961,1.4,-0.8,0
128.488102500001,232,0.02,18.8,0,0,0.031,-0.009,-0.961,1.4,-0.8,0
128.498102500001,232,0.02,18.8,0,0,0.031,-0.009,-0.961,1.4,-0.8,0
128.508102500001,232,0.02,18.8,0,0,0.031,-0.009,-0.961,1.4,-0.8,0
128.518102500001,231,0,18.8,0,0,0.028,-0.005,-0.993,0.5,-0.8,0
128.528102500001,235,0,18.8,0,0,0.028,-0.005,-0.993,0.5,-0.8,0
128.538102500001,232,0,18.8,0,0,0.028,-0.005,-0.993,0.5,-0.8,0
128.548102500001,232,0,18.8,0,0,0.028,-0.005,-0.993,0.5,-0.8,0
128.558102500001,232,0,18.8,0,0,0.028,-0.005,-0.993,0.5,-0.8,0
128.568102500001,232,0,18.9,0,0,0.025,-0.012,-1.027,0.4,-1.2,0
128.578102500001,233,0,18.9,0,0,0.025,-0.012,-1.027,0.4,-1.2,0
128.588102500001,233,0,18.9,0,0,0.025,-0.012,-1.027,0.4,-1.2,0
128.598102500001,231,0,18.9,0,0,0.025,-0.012,-1.027,0.4,-1.2,0
128.608102500001,232,0,18.9,0,0,0.025,-0.012,-1.027,0.4,-1.2,0
128.618102500001,234,0,18.8,0,0,0.025,-0.008,-1.039,0.3,-0.8,0
128.6281025,234,0,18.8,0,0,0.025,-0.008,-1.039,0.3,-0.8,0
128.638102500001,232,0,18.8,0,0,0.025,-0.008,-1.039,0.3,-0.8,0
128.648102500001,233,0,18.8,0,0,0.025,-0.008,-1.039,0.3,-0.8,0
128.6581025,237,0,18.8,0,0,0.025,-0.008,-1.039,0.3,-0.8,0
128.6681025,234,-0.02,18.8,0,0,0.026,-0.019,-1.04,-0.4,0,0
128.6781025,234,-0.02,18.8,0,0,0.026,-0.019,-1.04,-0.4,0,0
128.6881025,237,-0.02,18.8,0,0,0.026,-0.019,-1.04,-0.4,0,0
128.6981025,231,-0.02,18.8,0,0,0.026,-0.019,-1.04,-0.4,0,0
128.7081025,233,-0.02,18.8,0,0,0.026,-0.019,-1.04,-0.4,0,0
128.7181025,239,-0.01,18.8,0,0,0.029,-0.02,-0.989,-0.1,-0.4,0
128.7281025,231,-0.01,18.8,0,0,0.029,-0.02,-0.989,-0.1,-0.4,0
128.7381025,228,-0.01,18.8,0,0,0.029,-0.02,-0.989,-0.1,-0.4,0
128.7481025,232,-0.01,18.8,0,0,0.029,-0.02,-0.989,-0.1,-0.4,0
128.7581025,232,-0.01,18.8,0,0,0.029,-0.02,-0.989,-0.1,-0.4,0
128.7681025,232,-0.01,18.8,0,0,0.028,-0.013,-0.992,0.6,-0.3,0
128.7781025,233,-0.01,18.8,0,0,0.028,-0.013,-0.992,0.6,-0.3,0
128.7881025,233,-0.01,18.8,0,0,0.028,-0.013,-0.992,0.6,-0.3,0
128.7981025,233,-0.01,18.8,0,0,0.028,-0.013,-0.992,0.6,-0.3,0
128.8081025,235,-0.01,18.8,0,0,0.028,-0.013,-0.992,0.6,-0.3,0
128.8181025,234,0,18.8,0,0,0.03,-0.016,-0.982,-0.2,0.1,0
128.8281025,233,0,18.8,0,0,0.03,-0.016,-0.982,-0.2,0.1,0
128.8381025,233,0,18.8,0,0,0.03,-0.016,-0.982,-0.2,0.1,0
128.8481025,234,0,18.8,0,0,0.03,-0.016,-0.982,-0.2,0.1,0
128.8581025,233,0,18.8,0,0,0.03,-0.016,-0.982,-0.2,0.1,0
128.8681025,233,0,18.8,0,0,0.032,-0.009,-0.944,0.9,-0.6,0
128.8781025,232,0,18.8,0,0,0.032,-0.009,-0.944,0.9,-0.6,0
128.8881025,231,0,18.8,0,0,0.032,-0.009,-0.944,0.9,-0.6,0
128.8981025,232,0,18.8,0,0,0.032,-0.009,-0.944,0.9,-0.6,0
128.9081025,233,0,18.8,0,0,0.032,-0.009,-0.944,0.9,-0.6,0
128.9181025,232,0,18.9,0,0,0.025,-0.016,-1.061,0.4,-0.9,0
128.9281025,239,0,18.9,0,0,0.025,-0.016,-1.061,0.4,-0.9,0
128.9381025,231,0,18.9,0,0,0.025,-0.016,-1.061,0.4,-0.9,0
128.9481025,231,0,18.9,0,0,0.025,-0.016,-1.061,0.4,-0.9,0
128.9581025,236,0,18.9,0,0,0.025,-0.016,-1.061,0.4,-0.9,0
128.9681025,230,0.01,18.9,0,0,0.029,-0.011,-0.997,0.1,-0.9,0
128.9781025,228,0.01,18.9,0,0,0.029,-0.011,-0.997,0.1,-0.9,0
128.9881025,233,0.01,18.9,0,0,0.029,-0.011,-0.997,0.1,-0.9,0
128.9981025,232,0.01,18.9,0,0,0.029,-0.011,-0.997,0.1,-0.9,0
129.0081025,231,0.01,18.9,0,0,0.029,-0.011,-0.997,0.1,-0.9,0
129.0181025,232,0,18.8,0,0,0.024,-0.02,-1.065,0,-0.4,0.1
129.0281025,233,0,18.8,0,0,0.024,-0.02,-1.065,0,-0.4,0.1
129.0381025,234,0,18.8,0,0,0.024,-0.02,-1.065,0,-0.4,0.1
129.0481025,230,0,18.8,0,0,0.024,-0.02,-1.065,0,-0.4,0.1
129.0581025,231,0,18.8,0,0,0.024,-0.02,-1.065,0,-0.4,0.1
129.0681025,235,-0.01,18.9,0,0,0.027,-0.021,-1.024,-0.7,0,0
129.0781025,234,-0.01,18.9,0,0,0.027,-0.021,-1.024,-0.7,0,0
129.0881025,233,-0.01,18.9,0,0,0.027,-0.021,-1.024,-0.7,0,0
129.0981025,233,-0.01,18.9,0,0,0.027,-0.021,-1.024,-0.7,0,0
129.1081025,233,-0.01,18.9,0,0,0.027,-0.021,-1.024,-0.7,0,0
129.1181025,236,-0.01,18.8,0,0,0.03,-0.006,-0.942,0.7,-0.3,0
129.1281025,236,-0.01,18.8,0,0,0.03,-0.006,-0.942,0.7,-0.3,0
129.1381025,236,-0.01,18.8,0,0,0.03,-0.006,-0.942,0.7,-0.3,0
129.1481025,231,-0.01,18.8,0,0,0.03,-0.006,-0.942,0.7,-0.3,0
129.1581025,230,-0.01,18.8,0,0,0.03,-0.006,-0.942,0.7,-0.3,0
129.1681025,236,-0.01,18.8,0,0,0.026,-0.012,-1.018,0,-0.8,0
129.1781025,230,-0.01,18.8,0,0,0.026,-0.012,-1.018,0,-0.8,0
129.1881025,232,-0.01,18.8,0,0,0.026,-0.012,-1.018,0,-0.8,0
129.1981025,233,-0.01,18.8,0,0,0.026,-0.012,-1.018,0,-0.8,0
129.2081025,230,-0.01,18.8,0,0,0.026,-0.012,-1.018,0,-0.8,0
129.2181025,231,-0.01,18.9,0,0,0.027,-0.012,-1.021,0.8,-1,0.1
129.2281025,233,-0.01,18.9,0,0,0.027,-0.012,-1.021,0.8,-1,0.1
129.2381025,234,-0.01,18.9,0,0,0.027,-0.012,-1.021,0.8,-1,0.1
129.2481025,232,-0.01,18.9,0,0,0.027,-0.012,-1.021,0.8,-1,0.1
129.2581025,234,-0.01,18.9,0,0,0.027,-0.012,-1.021,0.8,-1,0.1
129.2681025,236,0,18.9,0,0,0.026,-0.015,-1.048,0,-0.7,0
129.2781025,233,0,18.9,0,0,0.026,-0.015,-1.048,0,-0.7,0
129.2881025,234,0,18.9,0,0,0.026,-0.015,-1.048,0,-0.7,0
129.2981025,234,0,18.9,0,0,0.026,-0.015,-1.048,0,-0.7,0
129.3081025,231,0,18.9,0,0,0.026,-0.015,-1.048,0,-0.7,0
129.3181025,233,0.02,18.8,0,0,0.025,-0.02,-1.041,-0.3,-0.5,0
129.3281025,234,0.02,18.8,0,0,0.025,-0.02,-1.041,-0.3,-0.5,0
129.3381025,232,0.02,18.8,0,0,0.025,-0.02,-1.041,-0.3,-0.5,0
129.3481025,232,0.02,18.8,0,0,0.025,-0.02,-1.041,-0.3,-0.5,0
129.3581025,232,0.02,18.8,0,0,0.025,-0.02,-1.041,-0.3,-0.5,0
129.3681025,233,0.01,18.9,0,0,0.029,-0.019,-1.002,-0.2,0.1,0
129.3781025,237,0.01,18.9,0,0,0.029,-0.019,-1.002,-0.2,0.1,0
129.3881025,233,0.01,18.9,0,0,0.029,-0.019,-1.002,-0.2,0.1,0
129.3981025,232,0.01,18.9,0,0,0.029,-0.019,-1.002,-0.2,0.1,0
129.4081025,234,0.01,18.9,0,0,0.029,-0.019,-1.002,-0.2,0.1,0
129.4181025,235,0,18.9,0,0,0.03,-0.013,-0.978,0.7,-0.4,0
129.4281025,237,0,18.9,0,0,0.03,-0.013,-0.978,0.7,-0.4,0
129.4381025,229,0,18.9,0,0,0.03,-0.013,-0.978,0.7,-0.4,0
129.4481025,232,0,18.9,0,0,0.03,-0.013,-0.978,0.7,-0.4,0
129.4581025,236,0,18.9,0,0,0.03,-0.013,-0.978,0.7,-0.4,0
129.4681025,231,0,18.8,0,0,0.028,-0.015,-0.991,-0.5,-0.1,0
129.4781025,229,0,18.8,0,0,0.028,-0.015,-0.991,-0.5,-0.1,0
129.4881025,232,0,18.8,0,0,0.028,-0.015,-0.991,-0.5,-0.1,0
129.4981025,234,0,18.8,0,0,0.028,-0.015,-0.991,-0.5,-0.1,0
129.5081025,231,0,18.8,0,0,0.028,-0.015,-0.991,-0.5,-0.1,0
129.5181025,233,0,18.9,0,0,0.032,-0.009,-0.952,1,-0.3,0
129.5281025,235,0,18.9,0,0,0.032,-0.009,-0.952,1,-0.3,0
129.5381025,232,0,18.9,0,0,0.032,-0.009,-0.952,1,-0.3,0
129.5481025,238,0,18.9,0,0,0.032,-0.009,-0.952,1,-0.3,0
129.5581025,236,0,18.9,0,0,0.032,-0.009,-0.952,1,-0.3,0
129.5681025,233,-0.02,18.8,0,0,0.027,-0.012,-1.03,0.9,-1.4,0
129.5781025,230,-0.02,18.8,0,0,0.027,-0.012,-1.03,0.9,-1.4,0
129.5881025,237,-0.02,18.8,0,0,0.027,-0.012,-1.03,0.9,-1.4,0
129.5981025,234,-0.02,18.8,0,0,0.027,-0.012,-1.03,0.9,-1.4,0
129.6081025,232,-0.02,18.8,0,0,0.027,-0.012,-1.03,0.9,-1.4,0
129.6181025,235,-0.01,18.9,0,0,0.027,-0.01,-1.014,0.4,-0.7,0
129.6281025,232,-0.01,18.9,0,0,0.027,-0.01,-1.014,0.4,-0.7,0
129.6381025,234,-0.01,18.9,0,0,0.027,-0.01,-1.014,0.4,-0.7,0
129.6481025,233,-0.01,18.9,0,0,0.027,-0.01,-1.014,0.4,-0.7,0
129.6581025,233,-0.01,18.9,0,0,0.027,-0.01,-1.014,0.4,-0.7,0
129.6681025,235,0,18.8,0,0,0.027,-0.011,-1.017,0.2,-0.7,0
129.6781025,231,0,18.8,0,0,0.027,-0.011,-1.017,0.2,-0.7,0
129.6881025,232,0,18.8,0,0,0.027,-0.011,-1.017,0.2,-0.7,0
129.6981025,234,0,18.8,0,0,0.027,-0.011,-1.017,0.2,-0.7,0
129.7081025,231,0,18.8,0,0,0.027,-0.011,-1.017,0.2,-0.7,0
129.7181025,230,0,18.8,0,0,0.026,-0.016,-1.038,-0.1,-0.7,0
129.7281025,234,0,18.8,0,0,0.026,-0.016,-1.038,-0.1,-0.7,0
129.7381025,234,0,18.8,0,0,0.026,-0.016,-1.038,-0.1,-0.7,0
129.7481025,232,0,18.8,0,0,0.026,-0.016,-1.038,-0.1,-0.7,0
129.7581025,234,0,18.8,0,0,0.026,-0.016,-1.038,-0.1,-0.7,0
129.7681025,233,0,18.8,0,0,0.026,-0.022,-1.047,-0.1,-0.1,0
129.7781025,234,0,18.8,0,0,0.026,-0.022,-1.047,-0.1,-0.1,0
129.7881025,236,0,18.8,0,0,0.026,-0.022,-1.047,-0.1,-0.1,0
129.7981025,235,0,18.8,0,0,0.026,-0.022,-1.047,-0.1,-0.1,0
129.8081025,232,0,18.8,0,0,0.026,-0.022,-1.047,-0.1,-0.1,0
129.8181025,232,0.01,18.8,0,0,0.031,-0.015,-0.955,0.1,0.1,0
129.8281025,238,0.01,18.8,0,0,0.031,-0.015,-0.955,0.1,0.1,0
129.8381025,232,0.01,18.8,0,0,0.031,-0.015,-0.955,0.1,0.1,0
129.8481025,231,0.01,18.8,0,0,0.031,-0.015,-0.955,0.1,0.1,0
129.8581025,233,0.01,18.8,0,0,0.031,-0.015,-0.955,0.1,0.1,0
129.8681025,231,0.01,18.8,0,0,0.029,-0.015,-0.986,0.1,-0.5,0
129.8781025,235,0.01,18.8,0,0,0.029,-0.015,-0.986,0.1,-0.5,0
129.8881025,232,0.01,18.8,0,0,0.029,-0.015,-0.986,0.1,-0.5,0
129.8981025,232,0.01,18.8,0,0,0.029,-0.015,-0.986,0.1,-0.5,0
129.9081025,232,0.01,18.8,0,0,0.029,-0.015,-0.986,0.1,-0.5,0
129.9181025,232,0,18.9,0,0,0.031,-0.011,-0.98,0.9,-0.3,0
129.9281025,236,0,18.9,0,0,0.031,-0.011,-0.98,0.9,-0.3,0
129.9381025,235,0,18.9,0,0,0.031,-0.011,-0.98,0.9,-0.3,0
129.9481025,234,0,18.9,0,0,0.031,-0.011,-0.98,0.9,-0.3,0
129.9581025,233,0,18.9,0,0,0.031,-0.011,-0.98,0.9,-0.3,0
129.9681025,230,0,18.9,0,0,0.033,-0.003,-0.94,0.2,-0.5,0
129.9781025,232,0,18.9,0,0,0.033,-0.003,-0.94,0.2,-0.5,0
129.9881025,234,0,18.9,0,0,0.033,-0.003,-0.94,0.2,-0.5,0
129.9981025,231,0,18.9,0,0,0.033,-0.003,-0.94,0.2,-0.5,0
130.0081025,231,0,18.9,0,0,0.033,-0.003,-0.94,0.2,-0.5,0
130.0181025,234,-0.01,18.8,0,0,0.029,-0.011,-1,1,-1.4,0
130.0281025,234,-0.01,18.8,0,0,0.029,-0.011,-1,1,-1.4,0
130.0381025,232,-0.01,18.8,0,0,0.029,-0.011,-1,1,-1.4,0
130.0481025,233,-0.01,18.8,0,0,0.029,-0.011,-1,1,-1.4,0
130.0581025,237,-0.01,18.8,0,0,0.029,-0.011,-1,1,-1.4,0
130.0681025,234,-0.02,18.8,0,0,0.026,-0.01,-1.032,0.7,-1.3,0
130.0781025,234,-0.02,18.8,0,0,0.026,-0.01,-1.032,0.7,-1.3,0
130.0881025,237,-0.02,18.8,0,0,0.026,-0.01,-1.032,0.7,-1.3,0
130.0981025,231,-0.02,18.8,0,0,0.026,-0.01,-1.032,0.7,-1.3,0
130.1081025,233,-0.02,18.8,0,0,0.026,-0.01,-1.032,0.7,-1.3,0
130.1181025,239,-0.01,18.8,0,0,0.026,-0.014,-1.035,-0.3,-0.3,0
130.1281025,230,-0.01,18.8,0,0,0.026,-0.014,-1.035,-0.3,-0.3,0
130.1381025,228,-0.01,18.8,0,0,0.026,-0.014,-1.035,-0.3,-0.3,0
130.1481025,233,-0.01,18.8,0,0,0.026,-0.014,-1.035,-0.3,-0.3,0
130.1581025,232,-0.01,18.8,0,0,0.026,-0.014,-1.035,-0.3,-0.3,0
130.1681025,232,0,18.8,0,0,0.027,-0.016,-1.012,0.3,-0.8,0
130.1781025,233,0,18.8,0,0,0.027,-0.016,-1.012,0.3,-0.8,0
130.1881025,233,0,18.8,0,0,0.027,-0.016,-1.012,0.3,-0.8,0
130.1981025,232,0,18.8,0,0,0.027,-0.016,-1.012,0.3,-0.8,0
130.2081025,236,0,18.8,0,0,0.027,-0.016,-1.012,0.3,-0.8,0
130.2181025,235,0,18.9,0,0,0.026,-0.019,-1.042,0.1,-0.3,0.1
130.2281025,230,0,18.9,0,0,0.026,-0.019,-1.042,0.1,-0.3,0.1
130.2381025,233,0,18.9,0,0,0.026,-0.019,-1.042,0.1,-0.3,0.1
130.2481025,235,0,18.9,0,0,0.026,-0.019,-1.042,0.1,-0.3,0.1
130.2581025,233,0,18.9,0,0,0.026,-0.019,-1.042,0.1,-0.3,0.1
130.2681025,234,0,18.9,0,0,0.03,-0.017,-0.989,-0.1,0.1,0
130.2781025,233,0,18.9,0,0,0.03,-0.017,-0.989,-0.1,0.1,0
130.2881025,230,0,18.9,0,0,0.03,-0.017,-0.989,-0.1,0.1,0
130.2981025,231,0,18.9,0,0,0.03,-0.017,-0.989,-0.1,0.1,0
130.3081025,234,0,18.9,0,0,0.03,-0.017,-0.989,-0.1,0.1,0
130.3181025,234,0.01,18.9,0,0,0.031,-0.02,-0.967,-0.7,0,0
130.3281025,234,0.01,18.9,0,0,0.031,-0.02,-0.967,-0.7,0,0
130.3381025,233,0.01,18.9,0,0,0.031,-0.02,-0.967,-0.7,0,0
130.3481025,238,0.01,18.9,0,0,0.031,-0.02,-0.967,-0.7,0,0
130.3581025,233,0.01,18.9,0,0,0.031,-0.02,-0.967,-0.7,0,0
130.3681025,231,0.01,18.8,0,0,0.031,-0.013,-0.978,1.5,-0.9,0
130.3781025,239,0.01,18.8,0,0,0.031,-0.013,-0.978,1.5,-0.9,0
130.3881025,231,0.01,18.8,0,0,0.031,-0.013,-0.978,1.5,-0.9,0
130.3981025,231,0.01,18.8,0,0,0.031,-0.013,-0.978,1.5,-0.9,0
130.4081025,236,0.01,18.8,0,0,0.031,-0.013,-0.978,1.5,-0.9,0
130.4181025,230,0.01,18.9,0,0,0.031,-0.009,-0.974,0,-0.4,0
130.4281025,228,0.01,18.9,0,0,0.031,-0.009,-0.974,0,-0.4,0
130.4381025,233,0.01,18.9,0,0,0.031,-0.009,-0.974,0,-0.4,0
130.4481025,233,0.01,18.9,0,0,0.031,-0.009,-0.974,0,-0.4,0
130.4581025,232,0.01,18.9,0,0,0.031,-0.009,-0.974,0,-0.4,0
130.4681025,233,0,18.9,0,0,0.028,-0.013,-0.998,0.7,-1.1,0
130.4781025,234,0,18.9,0,0,0.028,-0.013,-0.998,0.7,-1.1,0
130.4881025,233,0,18.9,0,0,0.028,-0.013,-0.998,0.7,-1.1,0
130.4981025,234,0,18.9,0,0,0.028,-0.013,-0.998,0.7,-1.1,0
130.5081025,234,0,18.9,0,0,0.028,-0.013,-0.998,0.7,-1.1,0
130.5181025,232,0,18.9,0,0,0.027,-0.008,-1.01,1,-1.2,0
130.5281025,234,0,18.9,0,0,0.027,-0.008,-1.01,1,-1.2,0
130.5381025,234,0,18.9,0,0,0.027,-0.008,-1.01,1,-1.2,0
130.5481025,231,0,18.9,0,0,0.027,-0.008,-1.01,1,-1.2,0
130.5581025,231,0,18.9,0,0,0.027,-0.008,-1.01,1,-1.2,0
130.5681025,236,-0.01,18.9,0,0,0.026,-0.017,-1.024,-0.4,-0.4,0
130.5781025,234,-0.01,18.9,0,0,0.026,-0.017,-1.024,-0.4,-0.4,0
130.5881025,234,-0.01,18.9,0,0,0.026,-0.017,-1.024,-0.4,-0.4,0
130.5981025,232,-0.01,18.9,0,0,0.026,-0.017,-1.024,-0.4,-0.4,0
130.6081025,231,-0.01,18.9,0,0,0.026,-0.017,-1.024,-0.4,-0.4,0
130.6181025,238,-0.01,18.8,0,0,0.028,-0.016,-1.009,0.3,-0.4,0
130.6281025,231,-0.01,18.8,0,0,0.028,-0.016,-1.009,0.3,-0.4,0
130.6381025,231,-0.01,18.8,0,0,0.028,-0.016,-1.009,0.3,-0.4,0
130.6481025,235,-0.01,18.8,0,0,0.028,-0.016,-1.009,0.3,-0.4,0
130.6581025,230,-0.01,18.8,0,0,0.028,-0.016,-1.009,0.3,-0.4,0
130.6681025,229,0,18.9,0,0,0.027,-0.02,-1.019,-0.1,-0.1,0
130.6781025,232,0,18.9,0,0,0.027,-0.02,-1.019,-0.1,-0.1,0
130.6881025,233,0,18.9,0,0,0.027,-0.02,-1.019,-0.1,-0.1,0
130.6981025,232,0,18.9,0,0,0.027,-0.02,-1.019,-0.1,-0.1,0
130.7081025,235,0,18.9,0,0,0.027,-0.02,-1.019,-0.1,-0.1,0
130.7181025,234,0,18.8,0,0,0.029,-0.022,-0.998,-0.5,0,0
130.7281025,234,0,18.8,0,0,0.029,-0.022,-0.998,-0.5,0,0
130.7381025,235,0,18.8,0,0,0.029,-0.022,-0.998,-0.5,0,0
130.7481025,234,0,18.8,0,0,0.029,-0.022,-0.998,-0.5,0,0
130.7581025,232,0,18.8,0,0,0.029,-0.022,-0.998,-0.5,0,0
130.7681025,233,0,18.9,0,0,0.032,-0.012,-0.948,1.2,-0.3,0
130.7781025,235,0,18.9,0,0,0.032,-0.012,-0.948,1.2,-0.3,0
130.7881025,233,0,18.9,0,0,0.032,-0.012,-0.948,1.2,-0.3,0
130.7981025,230,0,18.9,0,0,0.032,-0.012,-0.948,1.2,-0.3,0
130.8081025,233,0,18.9,0,0,0.032,-0.012,-0.948,1.2,-0.3,0
130.8181025,233,0.01,18.8,0,0,0.031,-0.006,-0.958,0.6,-0.6,0
130.8281025,237,0.01,18.8,0,0,0.031,-0.006,-0.958,0.6,-0.6,0
130.8381025,233,0.01,18.8,0,0,0.031,-0.006,-0.958,0.6,-0.6,0
130.8481025,232,0.01,18.8,0,0,0.031,-0.006,-0.958,0.6,-0.6,0
130.8581025,235,0.01,18.8,0,0,0.031,-0.006,-0.958,0.6,-0.6,0
130.8681025,234,0,18.7,0,0,0.027,-0.012,-1.022,0.4,-0.9,0
130.8781025,236,0,18.7,0,0,0.027,-0.012,-1.022,0.4,-0.9,0
130.8881025,230,0,18.7,0,0,0.027,-0.012,-1.022,0.4,-0.9,0
130.8981025,232,0,18.7,0,0,0.027,-0.012,-1.022,0.4,-0.9,0
130.9081025,235,0,18.7,0,0,0.027,-0.012,-1.022,0.4,-0.9,0
130.9181025,231,0,18.9,0,0,0.028,-0.007,-0.979,0.9,-1,0
130.9281025,233,0,18.9,0,0,0.028,-0.007,-0.979,0.9,-1,0
130.9381025,232,0,18.9,0,0,0.028,-0.007,-0.979,0.9,-1,0
130.9481025,231,0,18.9,0,0,0.028,-0.007,-0.979,0.9,-1,0
130.9581025,232,0,18.9,0,0,0.028,-0.007,-0.979,0.9,-1,0
130.9681025,234,0,18.9,0,0,0.024,-0.013,-1.044,0.3,-1,0
130.9781025,234,0,18.9,0,0,0.024,-0.013,-1.044,0.3,-1,0
130.9881025,232,0,18.9,0,0,0.024,-0.013,-1.044,0.3,-1,0
130.9981025,234,0,18.9,0,0,0.024,-0.013,-1.044,0.3,-1,0
131.0081025,235,0,18.9,0,0,0.024,-0.013,-1.044,0.3,-1,0
131.0181025,233,-0.02,18.8,0,0,0.024,-0.018,-1.062,-0.3,-0.9,0
131.0281025,233,-0.02,18.8,0,0,0.024,-0.018,-1.062,-0.3,-0.9,0
131.0381025,236,-0.02,18.8,0,0,0.024,-0.018,-1.062,-0.3,-0.9,0
131.0481025,233,-0.02,18.8,0,0,0.024,-0.018,-1.062,-0.3,-0.9,0
131.0581025,233,-0.02,18.8,0,0,0.024,-0.018,-1.062,-0.3,-0.9,0
131.0681025,237,0,18.9,0,0,0.025,-0.021,-1.016,-0.2,0,0
131.0781025,230,0,18.9,0,0,0.025,-0.021,-1.016,-0.2,0,0
131.0881025,232,0,18.9,0,0,0.025,-0.021,-1.016,-0.2,0,0
131.0981025,229,0,18.9,0,0,0.025,-0.021,-1.016,-0.2,0,0
131.1081025,180,0,18.9,0,0,0.025,-0.021,-1.016,-0.2,0,0
131.1181025,92,0,18.9,0,0,0.027,-0.015,-0.992,-1.2,-1.6,-0.1
131.1281025,21,0,18.9,0,0,0.027,-0.015,-0.992,-1.2,-1.6,-0.1
131.1381025,0,0,18.9,0,0,0.027,-0.015,-0.992,-1.2,-1.6,-0.1
131.1481025,0,0,18.9,0,0,0.027,-0.015,-0.992,-1.2,-1.6,-0.1
131.1581025,0,0,18.9,0,0,0.027,-0.015,-0.992,-1.2,-1.6,-0.1
131.1681025,0,0,18.8,0,0,0.026,-0.022,-1.048,-1,-0.2,0
131.1781025,0,0,18.8,0,0,0.026,-0.022,-1.048,-1,-0.2,0
131.1881025,0,0,18.8,0,0,0.026,-0.022,-1.048,-1,-0.2,0
131.1981025,0,0,18.8,0,0,0.026,-0.022,-1.048,-1,-0.2,0
131.2081025,0,0,18.8,0,0,0.026,-0.022,-1.048,-1,-0.2,0
131.2181025,0,0,18.9,0,0,0.028,-0.016,-0.991,0.5,-0.9,0
131.2281025,0,0,18.9,0,0,0.028,-0.016,-0.991,0.5,-0.9,0
131.2381025,0,0,18.9,0,0,0.028,-0.016,-0.991,0.5,-0.9,0
131.2481025,0,0,18.9,0,0,0.028,-0.016,-0.991,0.5,-0.9,0
131.2581025,0,0,18.9,0,0,0.028,-0.016,-0.991,0.5,-0.9,0
131.2681025,0,0,18.8,0,0,0.027,-0.017,-1.017,0,-0.3,0
131.2781025,0,0,18.8,0,0,0.027,-0.017,-1.017,0,-0.3,0
131.2881025,0,0,18.8,0,0,0.027,-0.017,-1.017,0,-0.3,0
131.2981025,0,0,18.8,0,0,0.027,-0.017,-1.017,0,-0.3,0
131.3081025,0,0,18.8,0,0,0.027,-0.017,-1.017,0,-0.3,0
131.3181025,0,0,18.9,0,0,0.028,-0.016,-1.016,0.6,-0.4,0
131.3281025,0,0,18.9,0,0,0.028,-0.016,-1.016,0.6,-0.4,0
131.3381025,0,0,18.9,0,0,0.028,-0.016,-1.016,0.6,-0.4,0
131.3481025,0,0,18.9,0,0,0.028,-0.016,-1.016,0.6,-0.4,0
131.3581025,0,0,18.9,0,0,0.028,-0.016,-1.016,0.6,-0.4,0
131.3681025,0,0,18.9,0,0,0.028,-0.012,-1.001,1.1,-0.7,0
131.3781025,0,0,18.9,0,0,0.028,-0.012,-1.001,1.1,-0.7,0
131.3881025,0,0,18.9,0,0,0.028,-0.012,-1.001,1.1,-0.7,0
131.3981025,0,0,18.9,0,0,0.028,-0.012,-1.001,1.1,-0.7,0
131.4081025,0,0,18.9,0,0,0.028,-0.012,-1.001,1.1,-0.7,0
131.4181025,0,0,18.8,0,0,0.029,-0.007,-0.968,0.3,-0.6,0
131.4281025,0,0,18.8,0,0,0.029,-0.007,-0.968,0.3,-0.6,0
131.4381025,0,0,18.8,0,0,0.029,-0.007,-0.968,0.3,-0.6,0
131.4481025,0,0,18.8,0,0,0.029,-0.007,-0.968,0.3,-0.6,0
131.4581025,0,0,18.8,0,0,0.029,-0.007,-0.968,0.3,-0.6,0
131.4681025,0,0,18.8,0,0,0.029,-0.011,-0.99,-0.6,-0.4,0
131.4781025,0,0,18.8,0,0,0.029,-0.011,-0.99,-0.6,-0.4,0
131.4881025,0,0,18.8,0,0,0.029,-0.011,-0.99,-0.6,-0.4,0
131.4981025,0,0,18.8,0,0,0.029,-0.011,-0.99,-0.6,-0.4,0
131.5081025,0,0,18.8,0,0,0.029,-0.011,-0.99,-0.6,-0.4,0
131.5181025,0,0,18.9,0,0,0.028,-0.015,-1.016,-0.3,-0.5,0
131.5281025,0,0,18.9,0,0,0.028,-0.015,-1.016,-0.3,-0.5,0
131.5381025,0,0,18.9,0,0,0.028,-0.015,-1.016,-0.3,-0.5,0
131.5481025,0,0,18.9,0,0,0.028,-0.015,-1.016,-0.3,-0.5,0
131.5581025,0,0,18.9,0,0,0.028,-0.015,-1.016,-0.3,-0.5,0
131.568102499999,0,0,18.8,0,0,0.028,-0.013,-1.005,0.3,-0.5,0
131.578102499999,0,0,18.8,0,0,0.028,-0.013,-1.005,0.3,-0.5,0
131.5881025,0,0,18.8,0,0,0.028,-0.013,-1.005,0.3,-0.5,0
131.598102499999,0,0,18.8,0,0,0.028,-0.013,-1.005,0.3,-0.5,0
131.608102499999,0,0,18.8,0,0,0.028,-0.013,-1.005,0.3,-0.5,0
131.618102499999,0,0,18.8,0,0,0.029,-0.014,-1.011,0.3,-0.5,0
131.628102499999,0,0,18.8,0,0,0.029,-0.014,-1.011,0.3,-0.5,0
131.638102499999,0,0,18.8,0,0,0.029,-0.014,-1.011,0.3,-0.5,0
131.648102499999,0,0,18.8,0,0,0.029,-0.014,-1.011,0.3,-0.5,0
131.658102499999,0,0,18.8,0,0,0.029,-0.014,-1.011,0.3,-0.5,0
131.668102499999,0,0,18.9,0,0,0.027,-0.012,-1.007,0.4,-0.5,0.1
131.678102499999,0,0,18.9,0,0,0.027,-0.012,-1.007,0.4,-0.5,0.1
131.688102499999,0,0,18.9,0,0,0.027,-0.012,-1.007,0.4,-0.5,0.1
131.698102499999,0,0,18.9,0,0,0.027,-0.012,-1.007,0.4,-0.5,0.1
131.708102499999,0,0,18.9,0,0,0.027,-0.012,-1.007,0.4,-0.5,0.1
131.718102499999,0,0,18.9,0,0,0.03,-0.013,-0.998,0.6,-0.6,0
131.728102499999,0,0,18.9,0,0,0.03,-0.013,-0.998,0.6,-0.6,0
131.738102499999,0,0,18.9,0,0,0.03,-0.013,-0.998,0.6,-0.6,0
131.748102499999,0,0,18.9,0,0,0.03,-0.013,-0.998,0.6,-0.6,0
131.758102499999,0,0,18.9,0,0,0.03,-0.013,-0.998,0.6,-0.6,0
131.768102499999,0,0,18.9,0,0,0.028,-0.011,-0.995,0.2,-0.6,0
131.778102499999,0,0,18.9,0,0,0.028,-0.011,-0.995,0.2,-0.6,0
131.788102499999,0,0,18.9,0,0,0.028,-0.011,-0.995,0.2,-0.6,0
131.798102499999,0,0,18.9,0,0,0.028,-0.011,-0.995,0.2,-0.6,0
131.808102499999,0,0,18.9,0,0,0.028,-0.011,-0.995,0.2,-0.6,0
131.818102499999,0,0,18.8,0,0,0.028,-0.014,-1.002,0,-0.6,0
131.828102499999,0,0,18.8,0,0,0.028,-0.014,-1.002,0,-0.6,0
131.838102499999,0,0,18.8,0,0,0.028,-0.014,-1.002,0,-0.6,0
131.848102499999,0,0,18.8,0,0,0.028,-0.014,-1.002,0,-0.6,0
131.858102499999,0,0,18.8,0,0,0.028,-0.014,-1.002,0,-0.6,0
131.868102499999,0,0,18.8,0,0,0.028,-0.014,-1.008,0.1,-0.6,0
131.878102499999,0,0,18.8,0,0,0.028,-0.014,-1.008,0.1,-0.6,0
131.888102499999,0,0,18.8,0,0,0.028,-0.014,-1.008,0.1,-0.6,0
131.898102499999,0,0,18.8,0,0,0.028,-0.014,-1.008,0.1,-0.6,0
131.908102499999,0,0,18.8,0,0,0.028,-0.014,-1.008,0.1,-0.6,0
131.918102499999,0,0,18.9,0,0,0.028,-0.013,-1.003,0.3,-0.6,0
131.928102499999,0,0,18.9,0,0,0.028,-0.013,-1.003,0.3,-0.6,0
131.938102499999,0,0,18.9,0,0,0.028,-0.013,-1.003,0.3,-0.6,0
131.948102499999,0,0,18.9,0,0,0.028,-0.013,-1.003,0.3,-0.6,0
131.958102499999,0,0,18.9,0,0,0.028,-0.013,-1.003,0.3,-0.6,0
131.968102499999,0,0,18.8,0,0,0.028,-0.015,-1.002,0.3,-0.6,0.1
131.978102499999,0,0,18.8,0,0,0.028,-0.015,-1.002,0.3,-0.6,0.1
131.988102499999,0,0,18.8,0,0,0.028,-0.015,-1.002,0.3,-0.6,0.1
131.998102499999,0,0,18.8,0,0,0.028,-0.015,-1.002,0.3,-0.6,0.1
132.008102499999,0,0,18.8,0,0,0.028,-0.015,-1.002,0.3,-0.6,0.1
132.018102499999,0,0,18.8,0,0,0.029,-0.013,-1,0.3,-0.5,0
132.028102499999,0,0,18.8,0,0,0.029,-0.013,-1,0.3,-0.5,0
132.038102499999,0,0,18.8,0,0,0.029,-0.013,-1,0.3,-0.5,0
132.048102499999,0,0,18.8,0,0,0.029,-0.013,-1,0.3,-0.5,0
132.058102499999,0,0,18.8,0,0,0.029,-0.013,-1,0.3,-0.5,0
132.068102499999,0,0,18.9,0,0,0.03,-0.015,-0.999,0.3,-0.6,0
132.078102499999,0,0,18.9,0,0,0.03,-0.015,-0.999,0.3,-0.6,0
132.088102499999,0,0,18.9,0,0,0.03,-0.015,-0.999,0.3,-0.6,0
132.098102499999,0,0,18.9,0,0,0.03,-0.015,-0.999,0.3,-0.6,0
132.108102499999,0,0,18.9,0,0,0.03,-0.015,-0.999,0.3,-0.6,0
132.118102499999,0,0,18.8,0,0,0.026,-0.011,-1.001,0.2,-0.6,0
132.128102499999,0,0,18.8,0,0,0.026,-0.011,-1.001,0.2,-0.6,0
132.138102499999,0,0,18.8,0,0,0.026,-0.011,-1.001,0.2,-0.6,0
132.148102499999,0,0,18.8,0,0,0.026,-0.011,-1.001,0.2,-0.6,0
132.158102499999,0,0,18.8,0,0,0.026,-0.011,-1.001,0.2,-0.6,0
132.168102499999,0,0,18.8,0,0,0.029,-0.015,-1.003,0.2,-0.5,0
132.178102499999,0,0,18.8,0,0,0.029,-0.015,-1.003,0.2,-0.5,0
132.188102499999,0,0,18.8,0,0,0.029,-0.015,-1.003,0.2,-0.5,0
132.198102499999,0,0,18.8,0,0,0.029,-0.015,-1.003,0.2,-0.5,0
132.208102499999,0,0,18.8,0,0,0.029,-0.015,-1.003,0.2,-0.5,0
132.218102499999,0,0,18.8,0,0,0.028,-0.012,-1.003,0.3,-0.5,0
132.228102499999,0,0,18.8,0,0,0.028,-0.012,-1.003,0.3,-0.5,0
132.238102499999,0,0,18.8,0,0,0.028,-0.012,-1.003,0.3,-0.5,0
132.248102499999,0,0,18.8,0,0,0.028,-0.012,-1.003,0.3,-0.5,0
132.258102499999,0,0,18.8,0,0,0.028,-0.012,-1.003,0.3,-0.5,0
132.268102499999,0,0,18.8,0,0,0.028,-0.015,-1,0.3,-0.6,0
132.278102499999,0,0,18.8,0,0,0.028,-0.015,-1,0.3,-0.6,0
132.288102499999,0,0,18.8,0,0,0.028,-0.015,-1,0.3,-0.6,0
132.298102499999,0,0,18.8,0,0,0.028,-0.015,-1,0.3,-0.6,0
132.308102499999,0,0,18.8,0,0,0.028,-0.015,-1,0.3,-0.6,0
132.318102499999,0,0,18.9,0,0,0.028,-0.013,-1.002,0.3,-0.6,0
132.328102499999,0,0,18.9,0,0,0.028,-0.013,-1.002,0.3,-0.6,0
132.338102499999,0,0,18.9,0,0,0.028,-0.013,-1.002,0.3,-0.6,0
132.348102499999,0,0,18.9,0,0,0.028,-0.013,-1.002,0.3,-0.6,0
132.358102499999,0,0,18.9,0,0,0.028,-0.013,-1.002,0.3,-0.6,0
132.368102499999,0,0,18.9,0,0,0.03,-0.014,-1,0.4,-0.6,0
132.378102499999,0,0,18.9,0,0,0.03,-0.014,-1,0.4,-0.6,0
132.388102499999,0,0,18.9,0,0,0.03,-0.014,-1,0.4,-0.6,0
132.398102499999,0,0,18.9,0,0,0.03,-0.014,-1,0.4,-0.6,0
132.408102499999,0,0,18.9,0,0,0.03,-0.014,-1,0.4,-0.6,0
132.418102499999,0,0,18.8,0,0,0.028,-0.012,-1,0.3,-0.6,0
132.428102499999,0,0,18.8,0,0,0.028,-0.012,-1,0.3,-0.6,0
132.438102499999,0,0,18.8,0,0,0.028,-0.012,-1,0.3,-0.6,0
132.448102499999,0,0,18.8,0,0,0.028,-0.012,-1,0.3,-0.6,0
132.458102499999,0,0,18.8,0,0,0.028,-0.012,-1,0.3,-0.6,0
132.468102499999,0,0,18.9,0,0,0.029,-0.014,-1.002,0.3,-0.4,0
132.478102499999,0,0,18.9,0,0,0.029,-0.014,-1.002,0.3,-0.4,0
132.488102499999,0,0,18.9,0,0,0.029,-0.014,-1.002,0.3,-0.4,0
132.498102499999,0,0,18.9,0,0,0.029,-0.014,-1.002,0.3,-0.4,0
132.508102499999,0,0,18.9,0,0,0.029,-0.014,-1.002,0.3,-0.4,0
132.518102499999,0,0,18.8,0,0,0.028,-0.013,-1.002,0.3,-0.6,0
132.528102499999,0,0,18.8,0,0,0.028,-0.013,-1.002,0.3,-0.6,0
132.538102499999,0,0,18.8,0,0,0.028,-0.013,-1.002,0.3,-0.6,0
132.548102499999,0,0,18.8,0,0,0.028,-0.013,-1.002,0.3,-0.6,0
132.558102499999,0,0,18.8,0,0,0.028,-0.013,-1.002,0.3,-0.6,0
132.568102499999,0,0,18.9,0,0,0.028,-0.013,-1.002,0.3,-0.6,0
132.578102499999,0,0,18.9,0,0,0.028,-0.013,-1.002,0.3,-0.6,0
132.588102499999,0,0,18.9,0,0,0.028,-0.013,-1.002,0.3,-0.6,0
132.598102499999,0,0,18.9,0,0,0.028,-0.013,-1.002,0.3,-0.6,0
132.608102499999,0,0,18.9,0,0,0.028,-0.013,-1.002,0.3,-0.6,0
132.618102499999,0,0,18.8,0,0,0.028,-0.013,-1.001,0.3,-0.5,0
132.628102499999,0,0,18.8,0,0,0.028,-0.013,-1.001,0.3,-0.5,0
132.638102499999,0,0,18.8,0,0,0.028,-0.013,-1.001,0.3,-0.5,0
132.648102499999,0,0,18.8,0,0,0.028,-0.013,-1.001,0.3,-0.5,0
132.658102499999,0,0,18.8,0,0,0.028,-0.013,-1.001,0.3,-0.5,0
132.668102499999,0,0,18.9,0,0,0.028,-0.014,-1.001,0.3,-0.6,0
132.678102499999,0,0,18.9,0,0,0.028,-0.014,-1.001,0.3,-0.6,0
132.688102499999,0,0,18.9,0,0,0.028,-0.014,-1.001,0.3,-0.6,0
132.698102499999,0,0,18.9,0,0,0.028,-0.014,-1.001,0.3,-0.6,0
132.708102499999,0,0,18.9,0,0,0.028,-0.014,-1.001,0.3,-0.6,0
132.718102499999,0,0,18.8,0,0,0.028,-0.014,-1.001,0.3,-0.5,0
132.728102499999,0,0,18.8,0,0,0.028,-0.014,-1.001,0.3,-0.5,0
132.738102499999,0,0,18.8,0,0,0.028,-0.014,-1.001,0.3,-0.5,0
132.748102499999,0,0,18.8,0,0,0.028,-0.014,-1.001,0.3,-0.5,0
132.758102499999,0,0,18.8,0,0,0.028,-0.014,-1.001,0.3,-0.5,0
132.768102499999,0,0,18.9,0,0,0.029,-0.012,-1.001,0.3,-0.6,0.1
132.778102499999,0,0,18.9,0,0,0.029,-0.012,-1.001,0.3,-0.6,0.1
132.788102499999,0,0,18.9,0,0,0.029,-0.012,-1.001,0.3,-0.6,0.1
132.798102499999,0,0,18.9,0,0,0.029,-0.012,-1.001,0.3,-0.6,0.1
132.808102499999,0,0,18.9,0,0,0.029,-0.012,-1.001,0.3,-0.6,0.1
132.818102499999,0,0,18.8,0,0,0.028,-0.014,-1.001,0.3,-0.6,0
132.828102499999,0,0,18.8,0,0,0.028,-0.014,-1.001,0.3,-0.6,0
132.838102499999,0,0,18.8,0,0,0.028,-0.014,-1.001,0.3,-0.6,0
132.848102499999,0,0,18.8,0,0,0.028,-0.014,-1.001,0.3,-0.6,0
132.858102499999,0,0,18.8,0,0,0.028,-0.014,-1.001,0.3,-0.6,0
132.868102499999,0,0,18.9,0,0,0.031,-0.015,-1.001,0.3,-0.5,0
132.878102499999,0,0,18.9,0,0,0.031,-0.015,-1.001,0.3,-0.5,0
132.888102499999,0,0,18.9,0,0,0.031,-0.015,-1.001,0.3,-0.5,0
132.898102499999,0,0,18.9,0,0,0.031,-0.015,-1.001,0.3,-0.5,0
132.908102499999,0,0,18.9,0,0,0.031,-0.015,-1.001,0.3,-0.5,0
132.918102499999,0,0,18.8,0,0,0.025,-0.013,-1.003,0.3,-0.6,0
132.928102499999,0,0,18.8,0,0,0.025,-0.013,-1.003,0.3,-0.6,0
132.938102499999,0,0,18.8,0,0,0.025,-0.013,-1.003,0.3,-0.6,0
132.948102499999,0,0,18.8,0,0,0.025,-0.013,-1.003,0.3,-0.6,0
132.958102499999,0,0,18.8,0,0,0.025,-0.013,-1.003,0.3,-0.6,0
132.968102499999,0,0,18.8,0,0,0.031,-0.014,-1.002,0.2,-0.5,0
132.978102499999,0,0,18.8,0,0,0.031,-0.014,-1.002,0.2,-0.5,0
132.988102499999,0,0,18.8,0,0,0.031,-0.014,-1.002,0.2,-0.5,0
132.998102499999,0,0,18.8,0,0,0.031,-0.014,-1.002,0.2,-0.5,0
133.008102499999,0,0,18.8,0,0,0.031,-0.014,-1.002,0.2,-0.5,0
133.018102499999,0,0,18.9,0,0,0.028,-0.013,-1.002,0.3,-0.6,0
133.028102499999,0,0,18.9,0,0,0.028,-0.013,-1.002,0.3,-0.6,0
133.038102499999,0,0,18.9,0,0,0.028,-0.013,-1.002,0.3,-0.6,0
133.048102499999,0,0,18.9,0,0,0.028,-0.013,-1.002,0.3,-0.6,0
133.058102499999,0,0,18.9,0,0,0.028,-0.013,-1.002,0.3,-0.6,0
133.068102499999,0,0,18.9,0,0,0.028,-0.013,-1.002,0.3,-0.5,0
133.078102499999,0,0,18.9,0,0,0.028,-0.013,-1.002,0.3,-0.5,0
133.088102499999,0,0,18.9,0,0,0.028,-0.013,-1.002,0.3,-0.5,0
133.098102499999,0,0,18.9,0,0,0.028,-0.013,-1.002,0.3,-0.5,0
133.108102499999,0,0,18.9,0,0,0.028,-0.013,-1.002,0.3,-0.5,0
133.118102499999,0,0,18.9,0,0,0.028,-0.017,-1.001,0.3,-0.6,0
133.128102499999,0,0,18.9,0,0,0.028,-0.017,-1.001,0.3,-0.6,0
133.138102499999,0,0,18.9,0,0,0.028,-0.017,-1.001,0.3,-0.6,0
133.148102499999,0,0,18.9,0,0,0.028,-0.017,-1.001,0.3,-0.6,0
133.158102499999,0,0,18.9,0,0,0.028,-0.017,-1.001,0.3,-0.6,0
133.168102499999,0,0,18.9,0,0,0.031,-0.009,-1.001,0.3,-0.6,0
133.178102499999,0,0,18.9,0,0,0.031,-0.009,-1.001,0.3,-0.6,0
133.188102499999,0,0,18.9,0,0,0.031,-0.009,-1.001,0.3,-0.6,0
133.198102499999,0,0,18.9,0,0,0.031,-0.009,-1.001,0.3,-0.6,0
133.208102499999,0,0,18.9,0,0,0.031,-0.009,-1.001,0.3,-0.6,0
133.218102499999,0,0,18.8,0,0,0.028,-0.018,-1.002,0.3,-0.5,0
133.228102499999,0,0,18.8,0,0,0.028,-0.018,-1.002,0.3,-0.5,0
133.238102499999,0,0,18.8,0,0,0.028,-0.018,-1.002,0.3,-0.5,0
133.248102499999,0,0,18.8,0,0,0.028,-0.018,-1.002,0.3,-0.5,0
133.258102499999,0,0,18.8,0,0,0.028,-0.018,-1.002,0.3,-0.5,0
133.268102499999,0,0,18.9,0,0,0.026,-0.011,-1.007,0.3,-0.6,0
133.278102499999,0,0,18.9,0,0,0.026,-0.011,-1.007,0.3,-0.6,0
133.288102499999,0,0,18.9,0,0,0.026,-0.011,-1.007,0.3,-0.6,0
133.298102499999,0,0,18.9,0,0,0.026,-0.011,-1.007,0.3,-0.6,0
133.308102499999,0,0,18.9,0,0,0.026,-0.011,-1.007,0.3,-0.6,0
133.318102499999,0,0,18.9,0,0,0.029,-0.014,-1.004,0.3,-0.5,0
133.328102499999,0,0,18.9,0,0,0.029,-0.014,-1.004,0.3,-0.5,0
133.338102499999,0,0,18.9,0,0,0.029,-0.014,-1.004,0.3,-0.5,0
133.348102499999,0,0,18.9,0,0,0.029,-0.014,-1.004,0.3,-0.5,0
133.358102499999,0,0,18.9,0,0,0.029,-0.014,-1.004,0.3,-0.5,0
133.368102499999,0,0,18.9,0,0,0.025,-0.01,-1.001,0.4,-0.6,0
133.378102499999,0,0,18.9,0,0,0.025,-0.01,-1.001,0.4,-0.6,0
133.388102499999,0,0,18.9,0,0,0.025,-0.01,-1.001,0.4,-0.6,0
133.398102499999,0,0,18.9,0,0,0.025,-0.01,-1.001,0.4,-0.6,0
133.408102499999,0,0,18.9,0,0,0.025,-0.01,-1.001,0.4,-0.6,0
133.418102499999,0,0,18.9,0,0,0.029,-0.016,-1,0.3,-0.5,0
133.428102499999,0,0,18.9,0,0,0.029,-0.016,-1,0.3,-0.5,0
133.438102499999,0,0,18.9,0,0,0.029,-0.016,-1,0.3,-0.5,0
133.448102499999,0,0,18.9,0,0,0.029,-0.016,-1,0.3,-0.5,0
133.458102499999,0,0,18.9,0,0,0.029,-0.016,-1,0.3,-0.5,0
133.468102499999,0,0,18.8,0,0,0.027,-0.01,-1.004,0.2,-0.6,0
133.478102499999,0,0,18.8,0,0,0.027,-0.01,-1.004,0.2,-0.6,0
133.488102499999,0,0,18.8,0,0,0.027,-0.01,-1.004,0.2,-0.6,0
133.498102499999,0,0,18.8,0,0,0.027,-0.01,-1.004,0.2,-0.6,0
133.508102499999,0,0,18.8,0,0,0.027,-0.01,-1.004,0.2,-0.6,0
133.518102499999,0,0,18.9,0,0,0.031,-0.015,-1.003,0.3,-0.6,0
133.528102499999,0,0,18.9,0,0,0.031,-0.015,-1.003,0.3,-0.6,0
133.538102499999,0,0,18.9,0,0,0.031,-0.015,-1.003,0.3,-0.6,0
133.548102499999,0,0,18.9,0,0,0.031,-0.015,-1.003,0.3,-0.6,0
133.558102499999,0,0,18.9,0,0,0.031,-0.015,-1.003,0.3,-0.6,0
133.568102499999,0,0,18.9,0,0,0.025,-0.014,-1.001,0.3,-0.6,0
133.578102499999,0,0,18.9,0,0,0.025,-0.014,-1.001,0.3,-0.6,0
133.588102499999,0,0,18.9,0,0,0.025,-0.014,-1.001,0.3,-0.6,0
133.598102499999,0,0,18.9,0,0,0.025,-0.014,-1.001,0.3,-0.6,0
133.608102499999,0,0,18.9,0,0,0.025,-0.014,-1.001,0.3,-0.6,0
133.618102499999,0,0,18.9,0,0,0.028,-0.015,-1,0.3,-0.6,0
133.628102499999,0,0,18.9,0,0,0.028,-0.015,-1,0.3,-0.6,0
133.638102499999,0,0,18.9,0,0,0.028,-0.015,-1,0.3,-0.6,0
133.648102499999,0,0,18.9,0,0,0.028,-0.015,-1,0.3,-0.6,0
133.658102499999,0,0,18.9,0,0,0.028,-0.015,-1,0.3,-0.6,0
133.668102499999,0,0,18.8,0,0,0.027,-0.012,-1.001,0.3,-0.5,0
133.678102499999,0,0,18.8,0,0,0.027,-0.012,-1.001,0.3,-0.5,0
133.688102499999,0,0,18.8,0,0,0.027,-0.012,-1.001,0.3,-0.5,0
133.698102499999,0,0,18.8,0,0,0.027,-0.012,-1.001,0.3,-0.5,0
133.708102499999,0,0,18.8,0,0,0.027,-0.012,-1.001,0.3,-0.5,0
133.718102499999,0,0,18.9,0,0,0.027,-0.015,-1.001,0.3,-0.6,0
133.728102499999,0,0,18.9,0,0,0.027,-0.015,-1.001,0.3,-0.6,0
133.738102499999,0,0,18.9,0,0,0.027,-0.015,-1.001,0.3,-0.6,0
133.748102499999,0,0,18.9,0,0,0.027,-0.015,-1.001,0.3,-0.6,0
133.758102499999,0,0,18.9,0,0,0.027,-0.015,-1.001,0.3,-0.6,0
133.768102499999,0,0,18.8,0,0,0.03,-0.011,-1.002,0.3,-0.5,0
133.778102499999,0,0,18.8,0,0,0.03,-0.011,-1.002,0.3,-0.5,0
133.788102499999,0,0,18.8,0,0,0.03,-0.011,-1.002,0.3,-0.5,0
133.798102499999,0,0,18.8,0,0,0.03,-0.011,-1.002,0.3,-0.5,0
133.808102499999,0,0,18.8,0,0,0.03,-0.011,-1.002,0.3,-0.5,0
133.818102499999,0,0,18.8,0,0,0.029,-0.017,-1.003,0.3,-0.5,0
133.828102499999,0,0,18.8,0,0,0.029,-0.017,-1.003,0.3,-0.5,0
133.838102499999,0,0,18.8,0,0,0.029,-0.017,-1.003,0.3,-0.5,0
133.848102499999,0,0,18.8,0,0,0.029,-0.017,-1.003,0.3,-0.5,0
133.858102499999,0,0,18.8,0,0,0.029,-0.017,-1.003,0.3,-0.5,0
133.868102499999,0,0,18.8,0,0,0.028,-0.012,-1.001,0.2,-0.6,0
133.878102499999,0,0,18.8,0,0,0.028,-0.012,-1.001,0.2,-0.6,0
133.888102499999,0,0,18.8,0,0,0.028,-0.012,-1.001,0.2,-0.6,0
133.898102499999,0,0,18.8,0,0,0.028,-0.012,-1.001,0.2,-0.6,0
133.908102499999,0,0,18.8,0,0,0.028,-0.012,-1.001,0.2,-0.6,0
133.918102499999,0,0,18.8,0,0,0.028,-0.014,-1.002,0.3,-0.6,0
133.928102499999,0,0,18.8,0,0,0.028,-0.014,-1.002,0.3,-0.6,0
133.938102499999,0,0,18.8,0,0,0.028,-0.014,-1.002,0.3,-0.6,0
133.948102499999,0,0,18.8,0,0,0.028,-0.014,-1.002,0.3,-0.6,0
133.958102499999,0,0,18.8,0,0,0.028,-0.014,-1.002,0.3,-0.6,0
133.968102499999,0,0,18.8,0,0,0.029,-0.012,-1.003,0.3,-0.5,0
133.978102499999,0,0,18.8,0,0,0.029,-0.012,-1.003,0.3,-0.5,0
133.988102499999,0,0,18.8,0,0,0.029,-0.012,-1.003,0.3,-0.5,0
133.998102499999,0,0,18.8,0,0,0.029,-0.012,-1.003,0.3,-0.5,0
134.008102499999,0,0,18.8,0,0,0.029,-0.012,-1.003,0.3,-0.5,0
134.018102499999,0,0,18.8,0,0,0.027,-0.014,-1.003,0.3,-0.5,0
134.028102499999,0,0,18.8,0,0,0.027,-0.014,-1.003,0.3,-0.5,0
134.038102499999,0,0,18.8,0,0,0.027,-0.014,-1.003,0.3,-0.5,0
134.048102499999,0,0,18.8,0,0,0.027,-0.014,-1.003,0.3,-0.5,0
134.058102499999,0,0,18.8,0,0,0.027,-0.014,-1.003,0.3,-0.5,0
134.068102499999,0,0,18.9,0,0,0.029,-0.015,-1,0.3,-0.5,0
134.078102499999,0,0,18.9,0,0,0.029,-0.015,-1,0.3,-0.5,0
134.088102499999,0,0,18.9,0,0,0.029,-0.015,-1,0.3,-0.5,0
134.098102499999,0,0,18.9,0,0,0.029,-0.015,-1,0.3,-0.5,0
134.108102499999,0,0,18.9,0,0,0.029,-0.015,-1,0.3,-0.5,0
134.118102499999,0,0,18.9,0,0,0.027,-0.014,-1.001,0.3,-0.5,0
134.128102499999,0,0,18.9,0,0,0.027,-0.014,-1.001,0.3,-0.5,0
134.138102499999,0,0,18.9,0,0,0.027,-0.014,-1.001,0.3,-0.5,0
134.148102499999,0,0,18.9,0,0,0.027,-0.014,-1.001,0.3,-0.5,0
134.158102499999,0,0,18.9,0,0,0.027,-0.014,-1.001,0.3,-0.5,0
134.168102499999,0,0,18.8,0,0,0.029,-0.013,-1.001,0.3,-0.6,0
134.178102499999,0,0,18.8,0,0,0.029,-0.013,-1.001,0.3,-0.6,0
134.188102499999,0,0,18.8,0,0,0.029,-0.013,-1.001,0.3,-0.6,0
134.198102499999,0,0,18.8,0,0,0.029,-0.013,-1.001,0.3,-0.6,0
134.208102499999,0,0,18.8,0,0,0.029,-0.013,-1.001,0.3,-0.6,0
134.218102499999,0,0,18.9,0,0,0.028,-0.012,-1,0.3,-0.5,0
134.228102499999,0,0,18.9,0,0,0.028,-0.012,-1,0.3,-0.5,0
134.238102499999,0,0,18.9,0,0,0.028,-0.012,-1,0.3,-0.5,0
134.248102499999,0,0,18.9,0,0,0.028,-0.012,-1,0.3,-0.5,0
134.258102499999,0,0,18.9,0,0,0.028,-0.012,-1,0.3,-0.5,0
134.268102499999,0,0,18.9,0,0,0.029,-0.013,-1,0.3,-0.6,0
134.278102499999,0,0,18.9,0,0,0.029,-0.013,-1,0.3,-0.6,0
134.288102499999,0,0,18.9,0,0,0.029,-0.013,-1,0.3,-0.6,0
134.298102499999,0,0,18.9,0,0,0.029,-0.013,-1,0.3,-0.6,0
134.308102499999,0,0,18.9,0,0,0.029,-0.013,-1,0.3,-0.6,0
134.318102499999,0,0,18.9,0,0,0.026,-0.015,-1.002,0.3,-0.6,0.1
134.328102499999,0,0,18.9,0,0,0.026,-0.015,-1.002,0.3,-0.6,0.1
134.338102499999,0,0,18.9,0,0,0.026,-0.015,-1.002,0.3,-0.6,0.1
134.348102499999,0,0,18.9,0,0,0.026,-0.015,-1.002,0.3,-0.6,0.1
134.358102499999,0,0,18.9,0,0,0.026,-0.015,-1.002,0.3,-0.6,0.1
134.368102499999,0,0,18.9,0,0,0.03,-0.014,-1.003,0.2,-0.6,0
134.378102499999,0,0,18.9,0,0,0.03,-0.014,-1.003,0.2,-0.6,0
134.388102499999,0,0,18.9,0,0,0.03,-0.014,-1.003,0.2,-0.6,0
134.398102499999,0,0,18.9,0,0,0.03,-0.014,-1.003,0.2,-0.6,0
134.408102499999,0,0,18.9,0,0,0.03,-0.014,-1.003,0.2,-0.6,0
134.418102499999,0,0,18.8,0,0,0.027,-0.014,-1,0.3,-0.6,0
134.428102499999,0,0,18.8,0,0,0.027,-0.014,-1,0.3,-0.6,0
134.438102499999,0,0,18.8,0,0,0.027,-0.014,-1,0.3,-0.6,0
134.448102499999,0,0,18.8,0,0,0.027,-0.014,-1,0.3,-0.6,0
134.458102499999,0,0,18.8,0,0,0.027,-0.014,-1,0.3,-0.6,0
134.468102499999,0,0,18.9,0,0,0.028,-0.012,-1.002,0.2,-0.6,0
134.478102499998,0,0,18.9,0,0,0.028,-0.012,-1.002,0.2,-0.6,0
134.488102499999,0,0,18.9,0,0,0.028,-0.012,-1.002,0.2,-0.6,0
134.498102499999,0,0,18.9,0,0,0.028,-0.012,-1.002,0.2,-0.6,0
134.508102499999,0,0,18.9,0,0,0.028,-0.012,-1.002,0.2,-0.6,0
134.518102499998,0,0,18.9,0,0,0.03,-0.015,-1.002,0.3,-0.6,0
134.528102499998,0,0,18.9,0,0,0.03,-0.015,-1.002,0.3,-0.6,0
134.538102499999,0,0,18.9,0,0,0.03,-0.015,-1.002,0.3,-0.6,0
134.548102499998,0,0,18.9,0,0,0.03,-0.015,-1.002,0.3,-0.6,0
134.558102499998,0,0,18.9,0,0,0.03,-0.015,-1.002,0.3,-0.6,0
134.568102499998,0,0,18.8,0,0,0.028,-0.013,-1.003,0.3,-0.6,0
134.578102499998,0,0,18.8,0,0,0.028,-0.013,-1.003,0.3,-0.6,0
134.588102499998,0,0,18.8,0,0,0.028,-0.013,-1.003,0.3,-0.6,0
134.598102499998,0,0,18.8,0,0,0.028,-0.013,-1.003,0.3,-0.6,0
134.608102499998,0,0,18.8,0,0,0.028,-0.013,-1.003,0.3,-0.6,0
134.618102499998,0,0,18.9,0,0,0.029,-0.015,-1.001,0.3,-0.5,0
134.628102499998,0,0,18.9,0,0,0.029,-0.015,-1.001,0.3,-0.5,0
134.638102499998,0,0,18.9,0,0,0.029,-0.015,-1.001,0.3,-0.5,0
134.648102499998,0,0,18.9,0,0,0.029,-0.015,-1.001,0.3,-0.5,0
134.658102499998,0,0,18.9,0,0,0.029,-0.015,-1.001,0.3,-0.5,0
134.668102499998,0,0,18.9,0,0,0.028,-0.013,-1.001,0.2,-0.6,0
134.678102499998,0,0,18.9,0,0,0.028,-0.013,-1.001,0.2,-0.6,0
134.688102499998,0,0,18.9,0,0,0.028,-0.013,-1.001,0.2,-0.6,0
134.698102499998,0,0,18.9,0,0,0.028,-0.013,-1.001,0.2,-0.6,0
134.708102499998,0,0,18.9,0,0,0.028,-0.013,-1.001,0.2,-0.6,0
134.718102499998,0,0,18.8,0,0,0.029,-0.015,-1.002,0.3,-0.6,0
134.728102499998,0,0,18.8,0,0,0.029,-0.015,-1.002,0.3,-0.6,0
134.738102499998,0,0,18.8,0,0,0.029,-0.015,-1.002,0.3,-0.6,0
134.748102499998,0,0,18.8,0,0,0.029,-0.015,-1.002,0.3,-0.6,0
134.758102499998,0,0,18.8,0,0,0.029,-0.015,-1.002,0.3,-0.6,0
134.768102499998,0,0,18.8,0,0,0.028,-0.013,-1.002,0.2,-0.5,0
134.778102499998,0,0,18.8,0,0,0.028,-0.013,-1.002,0.2,-0.5,0
134.788102499998,0,0,18.8,0,0,0.028,-0.013,-1.002,0.2,-0.5,0
134.798102499998,0,0,18.8,0,0,0.028,-0.013,-1.002,0.2,-0.5,0
134.808102499998,0,0,18.8,0,0,0.028,-0.013,-1.002,0.2,-0.5,0
134.818102499998,0,0,18.9,0,0,0.028,-0.013,-1.002,0.2,-0.6,0
134.828102499998,0,0,18.9,0,0,0.028,-0.013,-1.002,0.2,-0.6,0
134.838102499998,0,0,18.9,0,0,0.028,-0.013,-1.002,0.2,-0.6,0
134.848102499998,0,0,18.9,0,0,0.028,-0.013,-1.002,0.2,-0.6,0
134.858102499998,0,0,18.9,0,0,0.028,-0.013,-1.002,0.2,-0.6,0
134.868102499998,0,0,18.8,0,0,0.028,-0.015,-1.002,0.4,-0.5,0
134.878102499998,0,0,18.8,0,0,0.028,-0.015,-1.002,0.4,-0.5,0
134.888102499998,0,0,18.8,0,0,0.028,-0.015,-1.002,0.4,-0.5,0
134.898102499998,0,0,18.8,0,0,0.028,-0.015,-1.002,0.4,-0.5,0
134.908102499998,0,0,18.8,0,0,0.028,-0.015,-1.002,0.4,-0.5,0
134.918102499998,0,0,18.9,0,0,0.029,-0.013,-1.002,0.3,-0.5,0
134.928102499998,0,0,18.9,0,0,0.029,-0.013,-1.002,0.3,-0.5,0
134.938102499998,0,0,18.9,0,0,0.029,-0.013,-1.002,0.3,-0.5,0
134.948102499998,0,0,18.9,0,0,0.029,-0.013,-1.002,0.3,-0.5,0
134.958102499998,0,0,18.9,0,0,0.029,-0.013,-1.002,0.3,-0.5,0
134.968102499998,0,0,18.9,0,0,0.028,-0.014,-1.002,0.3,-0.6,0
134.978102499998,0,0,18.9,0,0,0.028,-0.014,-1.002,0.3,-0.6,0
134.988102499998,0,0,18.9,0,0,0.028,-0.014,-1.002,0.3,-0.6,0
134.998102499998,0,0,18.9,0,0,0.028,-0.014,-1.002,0.3,-0.6,0
135.008102499998,0,0,18.9,0,0,0.028,-0.014,-1.002,0.3,-0.6,0
135.018102499998,0,0,18.9,0,0,0.029,-0.012,-1.004,0.3,-0.6,0
135.028102499998,0,0,18.9,0,0,0.029,-0.012,-1.004,0.3,-0.6,0
135.038102499998,0,0,18.9,0,0,0.029,-0.012,-1.004,0.3,-0.6,0
135.048102499998,0,0,18.9,0,0,0.029,-0.012,-1.004,0.3,-0.6,0
135.058102499998,0,0,18.9,0,0,0.029,-0.012,-1.004,0.3,-0.6,0
135.068102499998,0,0,18.8,0,0,0.029,-0.016,-1.002,0.2,-0.6,0
135.078102499998,0,0,18.8,0,0,0.029,-0.016,-1.002,0.2,-0.6,0
135.088102499998,0,0,18.8,0,0,0.029,-0.016,-1.002,0.2,-0.6,0
135.098102499998,0,0,18.8,0,0,0.029,-0.016,-1.002,0.2,-0.6,0
135.108102499998,0,0,18.8,0,0,0.029,-0.016,-1.002,0.2,-0.6,0
135.118102499998,0,0,18.8,0,0,0.028,-0.013,-1.002,0.3,-0.6,0
135.128102499998,0,0,18.8,0,0,0.028,-0.013,-1.002,0.3,-0.6,0
135.138102499998,0,0,18.8,0,0,0.028,-0.013,-1.002,0.3,-0.6,0
135.148102499998,0,0,18.8,0,0,0.028,-0.013,-1.002,0.3,-0.6,0
135.158102499998,0,0,18.8,0,0,0.028,-0.013,-1.002,0.3,-0.6,0
135.168102499998,0,0,18.9,0,0,0.029,-0.014,-1.002,0.3,-0.5,0
135.178102499998,0,0,18.9,0,0,0.029,-0.014,-1.002,0.3,-0.5,0
135.188102499998,0,0,18.9,0,0,0.029,-0.014,-1.002,0.3,-0.5,0
135.198102499998,0,0,18.9,0,0,0.029,-0.014,-1.002,0.3,-0.5,0
135.208102499998,0,0,18.9,0,0,0.029,-0.014,-1.002,0.3,-0.5,0
135.218102499998,0,0,18.8,0,0,0.028,-0.013,-1.001,0.3,-0.6,0
135.228102499998,0,0,18.8,0,0,0.028,-0.013,-1.001,0.3,-0.6,0
135.238102499998,0,0,18.8,0,0,0.028,-0.013,-1.001,0.3,-0.6,0
135.248102499998,0,0,18.8,0,0,0.028,-0.013,-1.001,0.3,-0.6,0
135.258102499998,0,0,18.8,0,0,0.028,-0.013,-1.001,0.3,-0.6,0
135.268102499998,0,0,18.8,0,0,0.029,-0.016,-1.001,0.3,-0.6,0
135.278102499998,0,0,18.8,0,0,0.029,-0.016,-1.001,0.3,-0.6,0
135.288102499998,0,0,18.8,0,0,0.029,-0.016,-1.001,0.3,-0.6,0
135.298102499998,0,0,18.8,0,0,0.029,-0.016,-1.001,0.3,-0.6,0
135.308102499998,0,0,18.8,0,0,0.029,-0.016,-1.001,0.3,-0.6,0
135.318102499998,0,0,18.8,0,0,0.027,-0.013,-1.001,0.3,-0.5,0
135.328102499998,0,0,18.8,0,0,0.027,-0.013,-1.001,0.3,-0.5,0
135.338102499998,0,0,18.8,0,0,0.027,-0.013,-1.001,0.3,-0.5,0
135.348102499998,0,0,18.8,0,0,0.027,-0.013,-1.001,0.3,-0.5,0
135.358102499998,0,0,18.8,0,0,0.027,-0.013,-1.001,0.3,-0.5,0
135.368102499998,0,0,18.9,0,0,0.028,-0.013,-1.002,0.3,-0.6,0
135.378102499998,0,0,18.9,0,0,0.028,-0.013,-1.002,0.3,-0.6,0
135.388102499998,0,0,18.9,0,0,0.028,-0.013,-1.002,0.3,-0.6,0
135.398102499998,0,0,18.9,0,0,0.028,-0.013,-1.002,0.3,-0.6,0
135.408102499998,0,0,18.9,0,0,0.028,-0.013,-1.002,0.3,-0.6,0
135.418102499998,0,0,18.9,0,0,0.03,-0.015,-1.001,0.3,-0.6,0
135.428102499998,0,0,18.9,0,0,0.03,-0.015,-1.001,0.3,-0.6,0
135.438102499998,0,0,18.9,0,0,0.03,-0.015,-1.001,0.3,-0.6,0
135.448102499998,0,0,18.9,0,0,0.03,-0.015,-1.001,0.3,-0.6,0
135.458102499998,0,0,18.9,0,0,0.03,-0.015,-1.001,0.3,-0.6,0
135.468102499998,0,0,18.9,0,0,0.029,-0.014,-1.001,0.3,-0.6,0.1
135.478102499998,0,0,18.9,0,0,0.029,-0.014,-1.001,0.3,-0.6,0.1
135.488102499998,0,0,18.9,0,0,0.029,-0.014,-1.001,0.3,-0.6,0.1
135.498102499998,0,0,18.9,0,0,0.029,-0.014,-1.001,0.3,-0.6,0.1
135.508102499998,0,0,18.9,0,0,0.029,-0.014,-1.001,0.3,-0.6,0.1
135.518102499998,0,0,18.8,0,0,0.029,-0.014,-1.002,0.3,-0.6,0
135.528102499998,0,0,18.8,0,0,0.029,-0.014,-1.002,0.3,-0.6,0
135.538102499998,0,0,18.8,0,0,0.029,-0.014,-1.002,0.3,-0.6,0
135.548102499998,0,0,18.8,0,0,0.029,-0.014,-1.002,0.3,-0.6,0
135.558102499998,0,0,18.8,0,0,0.029,-0.014,-1.002,0.3,-0.6,0
135.568102499998,0,0,18.8,0,0,0.028,-0.014,-1.003,0.3,-0.4,0
135.578102499998,0,0,18.8,0,0,0.028,-0.014,-1.003,0.3,-0.4,0
135.588102499998,0,0,18.8,0,0,0.028,-0.014,-1.003,0.3,-0.4,0
135.598102499998,0,0,18.8,0,0,0.028,-0.014,-1.003,0.3,-0.4,0
135.608102499998,0,0,18.8,0,0,0.028,-0.014,-1.003,0.3,-0.4,0
135.618102499998,0,0,18.8,0,0,0.028,-0.014,-1.002,0.2,-0.6,0
135.628102499998,0,0,18.8,0,0,0.028,-0.014,-1.002,0.2,-0.6,0
135.638102499998,0,0,18.8,0,0,0.028,-0.014,-1.002,0.2,-0.6,0
135.648102499998,0,0,18.8,0,0,0.028,-0.014,-1.002,0.2,-0.6,0
135.658102499998,0,0,18.8,0,0,0.028,-0.014,-1.002,0.2,-0.6,0
135.668102499998,0,0,18.8,0,0,0.027,-0.017,-1.003,0.2,-0.6,0
135.678102499998,0,0,18.8,0,0,0.027,-0.017,-1.003,0.2,-0.6,0
135.688102499998,0,0,18.8,0,0,0.027,-0.017,-1.003,0.2,-0.6,0
135.698102499998,0,0,18.8,0,0,0.027,-0.017,-1.003,0.2,-0.6,0
135.708102499998,0,0,18.8,0,0,0.027,-0.017,-1.003,0.2,-0.6,0
135.718102499998,0,0,18.9,0,0,0.032,-0.011,-1.001,0.2,-0.6,0
135.728102499998,0,0,18.9,0,0,0.032,-0.011,-1.001,0.2,-0.6,0
135.738102499998,0,0,18.9,0,0,0.032,-0.011,-1.001,0.2,-0.6,0
135.748102499998,0,0,18.9,0,0,0.032,-0.011,-1.001,0.2,-0.6,0
135.758102499998,0,0,18.9,0,0,0.032,-0.011,-1.001,0.2,-0.6,0
135.768102499998,0,0,18.8,0,0,0.027,-0.016,-1.002,0.3,-0.6,0.1
135.778102499998,0,0,18.8,0,0,0.027,-0.016,-1.002,0.3,-0.6,0.1
135.788102499998,0,0,18.8,0,0,0.027,-0.016,-1.002,0.3,-0.6,0.1
135.798102499998,0,0,18.8,0,0,0.027,-0.016,-1.002,0.3,-0.6,0.1
135.808102499998,0,0,18.8,0,0,0.027,-0.016,-1.002,0.3,-0.6,0.1
135.818102499998,0,0,18.8,0,0,0.027,-0.008,-1.004,0.3,-0.5,0
135.828102499998,0,0,18.8,0,0,0.027,-0.008,-1.004,0.3,-0.5,0
135.838102499998,0,0,18.8,0,0,0.027,-0.008,-1.004,0.3,-0.5,0
135.848102499998,0,0,18.8,0,0,0.027,-0.008,-1.004,0.3,-0.5,0
135.858102499998,0,0,18.8,0,0,0.027,-0.008,-1.004,0.3,-0.5,0
135.868102499998,0,0,18.9,0,0,0.03,-0.02,-1.006,0.2,-0.6,0
135.878102499998,0,0,18.9,0,0,0.03,-0.02,-1.006,0.2,-0.6,0
135.888102499998,0,0,18.9,0,0,0.03,-0.02,-1.006,0.2,-0.6,0
135.898102499998,0,0,18.9,0,0,0.03,-0.02,-1.006,0.2,-0.6,0
135.908102499998,0,0,18.9,0,0,0.03,-0.02,-1.006,0.2,-0.6,0
135.918102499998,0,0,18.9,0,0,0.027,-0.005,-1.003,0.3,-0.5,0
135.928102499998,0,0,18.9,0,0,0.027,-0.005,-1.003,0.3,-0.5,0
135.938102499998,0,0,18.9,0,0,0.027,-0.005,-1.003,0.3,-0.5,0
135.948102499998,0,0,18.9,0,0,0.027,-0.005,-1.003,0.3,-0.5,0
135.958102499998,0,0,18.9,0,0,0.027,-0.005,-1.003,0.3,-0.5,0
135.968102499998,0,0,18.9,0,0,0.027,-0.02,-1.002,0.3,-0.6,0
135.978102499998,0,0,18.9,0,0,0.027,-0.02,-1.002,0.3,-0.6,0
135.988102499998,0,0,18.9,0,0,0.027,-0.02,-1.002,0.3,-0.6,0
135.998102499998,0,0,18.9,0,0,0.027,-0.02,-1.002,0.3,-0.6,0
136.008102499998,0,0,18.9,0,0,0.027,-0.02,-1.002,0.3,-0.6,0
136.018102499998,0,0,18.9,0,0,0.029,-0.008,-1,0.2,-0.6,0
136.028102499998,0,0,18.9,0,0,0.029,-0.008,-1,0.2,-0.6,0
136.038102499998,0,0,18.9,0,0,0.029,-0.008,-1,0.2,-0.6,0
136.048102499998,0,0,18.9,0,0,0.029,-0.008,-1,0.2,-0.6,0
136.058102499998,0,0,18.9,0,0,0.029,-0.008,-1,0.2,-0.6,0
136.068102499998,0,0,18.8,0,0,0.031,-0.018,-1.004,0.3,-0.4,0
136.078102499998,0,0,18.8,0,0,0.031,-0.018,-1.004,0.3,-0.4,0
136.088102499998,0,0,18.8,0,0,0.031,-0.018,-1.004,0.3,-0.4,0
136.098102499998,0,0,18.8,0,0,0.031,-0.018,-1.004,0.3,-0.4,0
136.108102499998,0,0,18.8,0,0,0.031,-0.018,-1.004,0.3,-0.4,0
136.118102499998,0,0,18.9,0,0,0.025,-0.012,-1.002,0.3,-0.6,0
136.128102499998,0,0,18.9,0,0,0.025,-0.012,-1.002,0.3,-0.6,0
136.138102499998,0,0,18.9,0,0,0.025,-0.012,-1.002,0.3,-0.6,0
136.148102499998,0,0,18.9,0,0,0.025,-0.012,-1.002,0.3,-0.6,0
136.158102499998,0,0,18.9,0,0,0.025,-0.012,-1.002,0.3,-0.6,0
136.168102499998,0,0,18.9,0,0,0.03,-0.014,-1.001,0.3,-0.6,0
136.178102499998,0,0,18.9,0,0,0.03,-0.014,-1.001,0.3,-0.6,0
136.188102499998,0,0,18.9,0,0,0.03,-0.014,-1.001,0.3,-0.6,0
136.198102499998,0,0,18.9,0,0,0.03,-0.014,-1.001,0.3,-0.6,0
136.208102499998,0,0,18.9,0,0,0.03,-0.014,-1.001,0.3,-0.6,0
136.218102499998,0,0,18.8,0,0,0.028,-0.014,-1.003,0.3,-0.6,0
136.228102499998,0,0,18.8,0,0,0.028,-0.014,-1.003,0.3,-0.6,0
136.238102499998,0,0,18.8,0,0,0.028,-0.014,-1.003,0.3,-0.6,0
136.248102499998,0,0,18.8,0,0,0.028,-0.014,-1.003,0.3,-0.6,0
136.258102499998,0,0,18.8,0,0,0.028,-0.014,-1.003,0.3,-0.6,0
136.268102499998,0,0,18.8,0,0,0.029,-0.015,-1.003,0.3,-0.5,0
136.278102499998,0,0,18.8,0,0,0.029,-0.015,-1.003,0.3,-0.5,0
136.288102499998,0,0,18.8,0,0,0.029,-0.015,-1.003,0.3,-0.5,0
136.298102499998,0,0,18.8,0,0,0.029,-0.015,-1.003,0.3,-0.5,0
136.308102499998,0,0,18.8,0,0,0.029,-0.015,-1.003,0.3,-0.5,0
136.318102499998,0,0,18.8,0,0,0.028,-0.013,-1.002,0.3,-0.5,0
136.328102499998,0,0,18.8,0,0,0.028,-0.013,-1.002,0.3,-0.5,0
136.338102499998,0,0,18.8,0,0,0.028,-0.013,-1.002,0.3,-0.5,0
136.348102499998,0,0,18.8,0,0,0.028,-0.013,-1.002,0.3,-0.5,0
136.358102499998,0,0,18.8,0,0,0.028,-0.013,-1.002,0.3,-0.5,0
136.368102499998,0,0,18.9,0,0,0.03,-0.013,-1.001,0.2,-0.6,0
136.378102499998,0,0,18.9,0,0,0.03,-0.013,-1.001,0.2,-0.6,0
136.388102499998,0,0,18.9,0,0,0.03,-0.013,-1.001,0.2,-0.6,0
136.398102499998,0,0,18.9,0,0,0.03,-0.013,-1.001,0.2,-0.6,0
136.408102499998,0,0,18.9,0,0,0.03,-0.013,-1.001,0.2,-0.6,0
136.418102499998,0,0,18.8,0,0,0.026,-0.013,-1.001,0.3,-0.6,0
136.428102499998,0,0,18.8,0,0,0.026,-0.013,-1.001,0.3,-0.6,0
136.438102499998,0,0,18.8,0,0,0.026,-0.013,-1.001,0.3,-0.6,0
136.448102499998,0,0,18.8,0,0,0.026,-0.013,-1.001,0.3,-0.6,0
136.458102499998,0,0,18.8,0,0,0.026,-0.013,-1.001,0.3,-0.6,0
136.468102499998,0,0,18.8,0,0,0.031,-0.014,-0.999,0.2,-0.6,0
136.478102499998,0,0,18.8,0,0,0.031,-0.014,-0.999,0.2,-0.6,0
136.488102499998,0,0,18.8,0,0,0.031,-0.014,-0.999,0.2,-0.6,0
136.498102499998,0,0,18.8,0,0,0.031,-0.014,-0.999,0.2,-0.6,0
136.508102499998,0,0,18.8,0,0,0.031,-0.014,-0.999,0.2,-0.6,0
136.518102499998,0,0,18.9,0,0,0.028,-0.013,-1.003,0.3,-0.5,0
136.528102499998,0,0,18.9,0,0,0.028,-0.013,-1.003,0.3,-0.5,0
136.538102499998,0,0,18.9,0,0,0.028,-0.013,-1.003,0.3,-0.5,0
136.548102499998,0,0,18.9,0,0,0.028,-0.013,-1.003,0.3,-0.5,0
136.558102499998,0,0,18.9,0,0,0.028,-0.013,-1.003,0.3,-0.5,0
136.568102499998,0,0,18.8,0,0,0.028,-0.013,-1,0.3,-0.6,0
136.578102499998,0,0,18.8,0,0,0.028,-0.013,-1,0.3,-0.6,0
136.588102499998,0,0,18.8,0,0,0.028,-0.013,-1,0.3,-0.6,0
136.598102499998,0,0,18.8,0,0,0.028,-0.013,-1,0.3,-0.6,0
136.608102499998,0,0,18.8,0,0,0.028,-0.013,-1,0.3,-0.6,0
136.618102499998,0,0,18.8,0,0,0.03,-0.014,-1,0.3,-0.6,0
136.628102499998,0,0,18.8,0,0,0.03,-0.014,-1,0.3,-0.6,0
136.638102499998,0,0,18.8,0,0,0.03,-0.014,-1,0.3,-0.6,0
136.648102499998,0,0,18.8,0,0,0.03,-0.014,-1,0.3,-0.6,0
136.658102499998,0,0,18.8,0,0,0.03,-0.014,-1,0.3,-0.6,0
136.668102499998,0,0,18.9,0,0,0.028,-0.013,-1,0.2,-0.5,0
136.678102499998,0,0,18.9,0,0,0.028,-0.013,-1,0.2,-0.5,0
136.688102499998,0,0,18.9,0,0,0.028,-0.013,-1,0.2,-0.5,0
136.698102499998,0,0,18.9,0,0,0.028,-0.013,-1,0.2,-0.5,0
136.708102499998,0,0,18.9,0,0,0.028,-0.013,-1,0.2,-0.5,0
136.718102499998,0,0,18.9,0,0,0.029,-0.014,-1.001,0.3,-0.6,0
136.728102499998,0,0,18.9,0,0,0.029,-0.014,-1.001,0.3,-0.6,0
136.738102499998,0,0,18.9,0,0,0.029,-0.014,-1.001,0.3,-0.6,0
136.748102499998,0,0,18.9,0,0,0.029,-0.014,-1.001,0.3,-0.6,0
136.758102499998,0,0,18.9,0,0,0.029,-0.014,-1.001,0.3,-0.6,0
136.768102499998,0,0,18.9,0,0,0.028,-0.013,-1.001,0.3,-0.6,0
136.778102499998,0,0,18.9,0,0,0.028,-0.013,-1.001,0.3,-0.6,0
136.788102499998,0,0,18.9,0,0,0.028,-0.013,-1.001,0.3,-0.6,0
136.798102499998,0,0,18.9,0,0,0.028,-0.013,-1.001,0.3,-0.6,0
136.808102499998,0,0,18.9,0,0,0.028,-0.013,-1.001,0.3,-0.6,0
136.818102499998,0,0,18.8,0,0,0.03,-0.015,-1.002,0.3,-0.5,0
136.828102499998,0,0,18.8,0,0,0.03,-0.015,-1.002,0.3,-0.5,0
136.838102499998,0,0,18.8,0,0,0.03,-0.015,-1.002,0.3,-0.5,0
136.848102499998,0,0,18.8,0,0,0.03,-0.015,-1.002,0.3,-0.5,0
136.858102499998,0,0,18.8,0,0,0.03,-0.015,-1.002,0.3,-0.5,0
136.868102499998,0,0,18.8,0,0,0.027,-0.014,-1.003,0.2,-0.6,0
136.878102499998,0,0,18.8,0,0,0.027,-0.014,-1.003,0.2,-0.6,0
136.888102499998,0,0,18.8,0,0,0.027,-0.014,-1.003,0.2,-0.6,0
136.898102499998,0,0,18.8,0,0,0.027,-0.014,-1.003,0.2,-0.6,0
136.908102499998,0,0,18.8,0,0,0.027,-0.014,-1.003,0.2,-0.6,0
136.918102499998,0,0,18.9,0,0,0.029,-0.015,-1.003,0.3,-0.5,0
136.928102499998,0,0,18.9,0,0,0.029,-0.015,-1.003,0.3,-0.5,0
136.938102499998,0,0,18.9,0,0,0.029,-0.015,-1.003,0.3,-0.5,0
136.948102499998,0,0,18.9,0,0,0.029,-0.015,-1.003,0.3,-0.5,0
136.958102499998,0,0,18.9,0,0,0.029,-0.015,-1.003,0.3,-0.5,0
136.968102499998,0,0,18.8,0,0,0.028,-0.012,-1.001,0.3,-0.6,0
136.978102499998,0,0,18.8,0,0,0.028,-0.012,-1.001,0.3,-0.6,0
136.988102499998,0,0,18.8,0,0,0.028,-0.012,-1.001,0.3,-0.6,0
136.998102499998,0,0,18.8,0,0,0.028,-0.012,-1.001,0.3,-0.6,0
137.008102499998,0,0,18.8,0,0,0.028,-0.012,-1.001,0.3,-0.6,0
137.018102499998,0,0,18.8,0,0,0.028,-0.014,-1.006,0.2,-0.4,0
137.028102499998,0,0,18.8,0,0,0.028,-0.014,-1.006,0.2,-0.4,0
137.038102499998,0,0,18.8,0,0,0.028,-0.014,-1.006,0.2,-0.4,0
137.048102499998,0,0,18.8,0,0,0.028,-0.014,-1.006,0.2,-0.4,0
137.058102499998,0,0,18.8,0,0,0.028,-0.014,-1.006,0.2,-0.4,0
137.068102499998,0,0,18.9,0,0,0.028,-0.013,-1,0.3,-0.5,0
137.078102499998,0,0,18.9,0,0,0.028,-0.013,-1,0.3,-0.5,0
137.088102499998,0,0,18.9,0,0,0.028,-0.013,-1,0.3,-0.5,0
137.098102499998,0,0,18.9,0,0,0.028,-0.013,-1,0.3,-0.5,0
137.108102499998,0,0,18.9,0,0,0.028,-0.013,-1,0.3,-0.5,0
137.118102499998,0,0,18.8,0,0,0.028,-0.012,-1.002,0.2,-0.5,0
137.128102499998,0,0,18.8,0,0,0.028,-0.012,-1.002,0.2,-0.5,0
137.138102499998,0,0,18.8,0,0,0.028,-0.012,-1.002,0.2,-0.5,0
137.148102499998,0,0,18.8,0,0,0.028,-0.012,-1.002,0.2,-0.5,0
137.158102499998,0,0,18.8,0,0,0.028,-0.012,-1.002,0.2,-0.5,0
137.168102499998,0,0,18.9,0,0,0.028,-0.014,-1.003,0.3,-0.6,0
137.178102499998,0,0,18.9,0,0,0.028,-0.014,-1.003,0.3,-0.6,0
137.188102499998,0,0,18.9,0,0,0.028,-0.014,-1.003,0.3,-0.6,0
137.198102499998,0,0,18.9,0,0,0.028,-0.014,-1.003,0.3,-0.6,0
137.208102499998,0,0,18.9,0,0,0.028,-0.014,-1.003,0.3,-0.6,0
137.218102499998,0,0,18.8,0,0,0.029,-0.013,-1.003,0.2,-0.6,0
137.228102499998,0,0,18.8,0,0,0.029,-0.013,-1.003,0.2,-0.6,0
137.238102499998,0,0,18.8,0,0,0.029,-0.013,-1.003,0.2,-0.6,0
137.248102499998,0,0,18.8,0,0,0.029,-0.013,-1.003,0.2,-0.6,0
137.258102499998,0,0,18.8,0,0,0.029,-0.013,-1.003,0.2,-0.6,0
137.268102499998,0,0,18.8,0,0,0.028,-0.008,-1,0.2,-0.5,0
137.278102499998,0,0,18.8,0,0,0.028,-0.008,-1,0.2,-0.5,0
137.288102499998,0,0,18.8,0,0,0.028,-0.008,-1,0.2,-0.5,0
137.298102499998,0,0,18.8,0,0,0.028,-0.008,-1,0.2,-0.5,0
137.308102499998,0,0,18.8,0,0,0.028,-0.008,-1,0.2,-0.5,0
137.318102499998,0,0,18.8,0,0,0.029,-0.016,-1,0.3,-0.6,0
137.328102499998,0,0,18.8,0,0,0.029,-0.016,-1,0.3,-0.6,0
137.338102499998,0,0,18.8,0,0,0.029,-0.016,-1,0.3,-0.6,0
137.348102499998,0,0,18.8,0,0,0.029,-0.016,-1,0.3,-0.6,0
137.358102499998,0,0,18.8,0,0,0.029,-0.016,-1,0.3,-0.6,0
137.368102499998,0,0,18.9,0,0,0.029,-0.017,-1.004,0.3,-0.6,0
137.378102499998,0,0,18.9,0,0,0.029,-0.017,-1.004,0.3,-0.6,0
137.388102499998,0,0,18.9,0,0,0.029,-0.017,-1.004,0.3,-0.6,0
137.398102499998,0,0,18.9,0,0,0.029,-0.017,-1.004,0.3,-0.6,0
137.408102499998,0,0,18.9,0,0,0.029,-0.017,-1.004,0.3,-0.6,0
137.418102499998,0,0,18.9,0,0,0.028,-0.012,-1.001,0.3,-0.6,0
137.428102499997,0,0,18.9,0,0,0.028,-0.012,-1.001,0.3,-0.6,0
137.438102499998,0,0,18.9,0,0,0.028,-0.012,-1.001,0.3,-0.6,0
137.448102499998,0,0,18.9,0,0,0.028,-0.012,-1.001,0.3,-0.6,0
137.458102499997,0,0,18.9,0,0,0.028,-0.012,-1.001,0.3,-0.6,0
137.468102499997,0,0,18.8,0,0,0.028,-0.016,-1.001,0.3,-0.6,0
137.478102499997,0,0,18.8,0,0,0.028,-0.016,-1.001,0.3,-0.6,0
137.488102499997,0,0,18.8,0,0,0.028,-0.016,-1.001,0.3,-0.6,0
137.498102499997,0,0,18.8,0,0,0.028,-0.016,-1.001,0.3,-0.6,0
137.508102499997,0,0,18.8,0,0,0.028,-0.016,-1.001,0.3,-0.6,0
137.518102499997,0,0,18.8,0,0,0.028,-0.013,-1.002,0.3,-0.6,0
137.528102499997,0,0,18.8,0,0,0.028,-0.013,-1.002,0.3,-0.6,0
137.538102499997,0,0,18.8,0,0,0.028,-0.013,-1.002,0.3,-0.6,0
137.548102499997,0,0,18.8,0,0,0.028,-0.013,-1.002,0.3,-0.6,0
137.558102499997,0,0,18.8,0,0,0.028,-0.013,-1.002,0.3,-0.6,0
137.568102499997,0,0,18.9,0,0,0.028,-0.013,-1,0.4,-0.5,0
137.578102499997,0,0,18.9,0,0,0.028,-0.013,-1,0.4,-0.5,0
137.588102499997,0,0,18.9,0,0,0.028,-0.013,-1,0.4,-0.5,0
137.598102499997,0,0,18.9,0,0,0.028,-0.013,-1,0.4,-0.5,0
137.608102499997,0,0,18.9,0,0,0.028,-0.013,-1,0.4,-0.5,0
137.618102499997,0,0,18.8,0,0,0.028,-0.014,-1.004,0.2,-0.5,0
137.628102499997,0,0,18.8,0,0,0.028,-0.014,-1.004,0.2,-0.5,0
137.638102499997,0,0,18.8,0,0,0.028,-0.014,-1.004,0.2,-0.5,0
137.648102499997,0,0,18.8,0,0,0.028,-0.014,-1.004,0.2,-0.5,0
137.658102499997,0,0,18.8,0,0,0.028,-0.014,-1.004,0.2,-0.5,0
137.668102499997,0,0,18.9,0,0,0.029,-0.013,-1.004,0.3,-0.6,0
137.678102499997,0,0,18.9,0,0,0.029,-0.013,-1.004,0.3,-0.6,0
137.688102499997,0,0,18.9,0,0,0.029,-0.013,-1.004,0.3,-0.6,0
137.698102499997,0,0,18.9,0,0,0.029,-0.013,-1.004,0.3,-0.6,0
137.708102499997,0,0,18.9,0,0,0.029,-0.013,-1.004,0.3,-0.6,0
137.718102499997,0,0,18.8,0,0,0.028,-0.014,-1.003,0.3,-0.6,0
137.728102499997,0,0,18.8,0,0,0.028,-0.014,-1.003,0.3,-0.6,0
137.738102499997,0,0,18.8,0,0,0.028,-0.014,-1.003,0.3,-0.6,0
137.748102499997,0,0,18.8,0,0,0.028,-0.014,-1.003,0.3,-0.6,0
137.758102499997,0,0,18.8,0,0,0.028,-0.014,-1.003,0.3,-0.6,0
137.768102499997,0,0,18.8,0,0,0.028,-0.013,-1.003,0.4,-0.5,0
137.778102499997,0,0,18.8,0,0,0.028,-0.013,-1.003,0.4,-0.5,0
137.788102499997,0,0,18.8,0,0,0.028,-0.013,-1.003,0.4,-0.5,0
137.798102499997,0,0,18.8,0,0,0.028,-0.013,-1.003,0.4,-0.5,0
137.808102499997,0,0,18.8,0,0,0.028,-0.013,-1.003,0.4,-0.5,0
137.818102499997,0,0,18.9,0,0,0.028,-0.014,-1.001,0.3,-0.6,0
137.828102499997,0,0,18.9,0,0,0.028,-0.014,-1.001,0.3,-0.6,0
137.838102499997,0,0,18.9,0,0,0.028,-0.014,-1.001,0.3,-0.6,0
137.848102499997,0,0,18.9,0,0,0.028,-0.014,-1.001,0.3,-0.6,0
137.858102499997,0,0,18.9,0,0,0.028,-0.014,-1.001,0.3,-0.6,0
137.868102499997,0,0,18.9,0,0,0.028,-0.014,-1.002,0.3,-0.6,0
137.878102499997,0,0,18.9,0,0,0.028,-0.014,-1.002,0.3,-0.6,0
137.888102499997,0,0,18.9,0,0,0.028,-0.014,-1.002,0.3,-0.6,0
137.898102499997,0,0,18.9,0,0,0.028,-0.014,-1.002,0.3,-0.6,0
137.908102499997,0,0,18.9,0,0,0.028,-0.014,-1.002,0.3,-0.6,0
137.918102499997,0,0,18.9,0,0,0.028,-0.014,-1.002,0.2,-0.6,0
137.928102499997,0,0,18.9,0,0,0.028,-0.014,-1.002,0.2,-0.6,0
137.938102499997,0,0,18.9,0,0,0.028,-0.014,-1.002,0.2,-0.6,0
137.948102499997,0,0,18.9,0,0,0.028,-0.014,-1.002,0.2,-0.6,0
137.958102499997,0,0,18.9,0,0,0.028,-0.014,-1.002,0.2,-0.6,0
137.968102499997,0,0,18.9,0,0,0.03,-0.014,-1.004,0.3,-0.5,0
137.978102499997,0,0,18.9,0,0,0.03,-0.014,-1.004,0.3,-0.5,0
137.988102499997,0,0,18.9,0,0,0.03,-0.014,-1.004,0.3,-0.5,0
137.998102499997,0,0,18.9,0,0,0.03,-0.014,-1.004,0.3,-0.5,0
138.008102499997,0,0,18.9,0,0,0.03,-0.014,-1.004,0.3,-0.5,0
138.018102499997,0,0,18.8,0,0,0.028,-0.014,-1.003,0.3,-0.6,0
138.028102499997,0,0,18.8,0,0,0.028,-0.014,-1.003,0.3,-0.6,0
138.038102499997,0,0,18.8,0,0,0.028,-0.014,-1.003,0.3,-0.6,0
138.048102499997,0,0,18.8,0,0,0.028,-0.014,-1.003,0.3,-0.6,0
138.058102499997,0,0,18.8,0,0,0.028,-0.014,-1.003,0.3,-0.6,0
138.068102499997,0,0,18.8,0,0,0.028,-0.012,-1.003,0.3,-0.6,0
138.078102499997,0,0,18.8,0,0,0.028,-0.012,-1.003,0.3,-0.6,0
138.088102499997,0,0,18.8,0,0,0.028,-0.012,-1.003,0.3,-0.6,0
138.098102499997,0,0,18.8,0,0,0.028,-0.012,-1.003,0.3,-0.6,0
138.108102499997,0,0,18.8,0,0,0.028,-0.012,-1.003,0.3,-0.6,0
138.118102499997,0,0,18.9,0,0,0.029,-0.015,-1.003,0.2,-0.6,0
138.128102499997,0,0,18.9,0,0,0.029,-0.015,-1.003,0.2,-0.6,0
138.138102499997,0,0,18.9,0,0,0.029,-0.015,-1.003,0.2,-0.6,0
138.148102499997,0,0,18.9,0,0,0.029,-0.015,-1.003,0.2,-0.6,0
138.158102499997,0,0,18.9,0,0,0.029,-0.015,-1.003,0.2,-0.6,0
138.168102499997,0,0,18.9,0,0,0.028,-0.012,-1.004,0.3,-0.6,0
138.178102499997,0,0,18.9,0,0,0.028,-0.012,-1.004,0.3,-0.6,0
138.188102499997,0,0,18.9,0,0,0.028,-0.012,-1.004,0.3,-0.6,0
138.198102499997,0,0,18.9,0,0,0.028,-0.012,-1.004,0.3,-0.6,0
138.208102499997,0,0,18.9,0,0,0.028,-0.012,-1.004,0.3,-0.6,0
138.218102499997,0,0,18.9,0,0,0.027,-0.014,-1,0.3,-0.6,0
138.228102499997,0,0,18.9,0,0,0.027,-0.014,-1,0.3,-0.6,0
138.238102499997,0,0,18.9,0,0,0.027,-0.014,-1,0.3,-0.6,0
138.248102499997,0,0,18.9,0,0,0.027,-0.014,-1,0.3,-0.6,0
138.258102499997,0,0,18.9,0,0,0.027,-0.014,-1,0.3,-0.6,0
138.268102499997,0,0,18.9,0,0,0.029,-0.013,-1.003,0.1,-0.6,0
138.278102499997,0,0,18.9,0,0,0.029,-0.013,-1.003,0.1,-0.6,0
138.288102499997,0,0,18.9,0,0,0.029,-0.013,-1.003,0.1,-0.6,0
138.298102499997,0,0,18.9,0,0,0.029,-0.013,-1.003,0.1,-0.6,0
138.308102499997,0,0,18.9,0,0,0.029,-0.013,-1.003,0.1,-0.6,0
138.318102499997,0,0,18.8,0,0,0.028,-0.013,-1.004,0.2,-0.6,0
138.328102499997,0,0,18.8,0,0,0.028,-0.013,-1.004,0.2,-0.6,0
138.338102499997,0,0,18.8,0,0,0.028,-0.013,-1.004,0.2,-0.6,0
138.348102499997,0,0,18.8,0,0,0.028,-0.013,-1.004,0.2,-0.6,0
138.358102499997,0,0,18.8,0,0,0.028,-0.013,-1.004,0.2,-0.6,0
138.368102499997,0,0,18.8,0,0,0.028,-0.014,-1.004,0.2,-0.6,0
138.378102499997,0,0,18.8,0,0,0.028,-0.014,-1.004,0.2,-0.6,0
138.388102499997,0,0,18.8,0,0,0.028,-0.014,-1.004,0.2,-0.6,0
138.398102499997,0,0,18.8,0,0,0.028,-0.014,-1.004,0.2,-0.6,0
138.408102499997,0,0,18.8,0,0,0.028,-0.014,-1.004,0.2,-0.6,0
138.418102499997,0,0,18.9,0,0,0.029,-0.012,-1.002,0.3,-0.6,0
138.428102499997,0,0,18.9,0,0,0.029,-0.012,-1.002,0.3,-0.6,0
138.438102499997,0,0,18.9,0,0,0.029,-0.012,-1.002,0.3,-0.6,0
138.448102499997,0,0,18.9,0,0,0.029,-0.012,-1.002,0.3,-0.6,0
138.458102499997,0,0,18.9,0,0,0.029,-0.012,-1.002,0.3,-0.6,0
138.468102499997,0,0,18.8,0,0,0.028,-0.015,-1.004,0.3,-0.6,0
138.478102499997,0,0,18.8,0,0,0.028,-0.015,-1.004,0.3,-0.6,0
138.488102499997,0,0,18.8,0,0,0.028,-0.015,-1.004,0.3,-0.6,0
138.498102499997,0,0,18.8,0,0,0.028,-0.015,-1.004,0.3,-0.6,0
138.508102499997,0,0,18.8,0,0,0.028,-0.015,-1.004,0.3,-0.6,0
138.518102499997,0,0,18.9,0,0,0.029,-0.012,-1.003,0.3,-0.5,0
138.528102499997,0,0,18.9,0,0,0.029,-0.012,-1.003,0.3,-0.5,0
138.538102499997,0,0,18.9,0,0,0.029,-0.012,-1.003,0.3,-0.5,0
138.548102499997,0,0,18.9,0,0,0.029,-0.012,-1.003,0.3,-0.5,0
138.558102499997,0,0,18.9,0,0,0.029,-0.012,-1.003,0.3,-0.5,0
138.568102499997,0,0,18.8,0,0,0.028,-0.014,-1,0.3,-0.5,0
138.578102499997,0,0,18.8,0,0,0.028,-0.014,-1,0.3,-0.5,0
138.588102499997,0,0,18.8,0,0,0.028,-0.014,-1,0.3,-0.5,0
138.598102499997,0,0,18.8,0,0,0.028,-0.014,-1,0.3,-0.5,0
138.608102499997,0,0,18.8,0,0,0.028,-0.014,-1,0.3,-0.5,0
138.618102499997,0,0,18.8,0,0,0.027,-0.013,-1,0.2,-0.5,0
138.628102499997,0,0,18.8,0,0,0.027,-0.013,-1,0.2,-0.5,0
138.638102499997,0,0,18.8,0,0,0.027,-0.013,-1,0.2,-0.5,0
138.648102499997,0,0,18.8,0,0,0.027,-0.013,-1,0.2,-0.5,0
138.658102499997,0,0,18.8,0,0,0.027,-0.013,-1,0.2,-0.5,0
138.668102499997,0,0,18.8,0,0,0.028,-0.014,-1,0.3,-0.5,0
138.678102499997,0,0,18.8,0,0,0.028,-0.014,-1,0.3,-0.5,0
138.688102499997,0,0,18.8,0,0,0.028,-0.014,-1,0.3,-0.5,0
138.698102499997,0,0,18.8,0,0,0.028,-0.014,-1,0.3,-0.5,0
138.708102499997,0,0,18.8,0,0,0.028,-0.014,-1,0.3,-0.5,0
138.718102499997,0,0,18.9,0,0,0.028,-0.014,-1.003,0.2,-0.5,0
138.728102499997,0,0,18.9,0,0,0.028,-0.014,-1.003,0.2,-0.5,0
138.738102499997,0,0,18.9,0,0,0.028,-0.014,-1.003,0.2,-0.5,0
138.748102499997,0,0,18.9,0,0,0.028,-0.014,-1.003,0.2,-0.5,0
138.758102499997,0,0,18.9,0,0,0.028,-0.014,-1.003,0.2,-0.5,0
138.768102499997,0,0,18.9,0,0,0.027,-0.014,-1.004,0.3,-0.6,0
138.778102499997,0,0,18.9,0,0,0.027,-0.014,-1.004,0.3,-0.6,0
138.788102499997,0,0,18.9,0,0,0.027,-0.014,-1.004,0.3,-0.6,0
138.798102499997,0,0,18.9,0,0,0.027,-0.014,-1.004,0.3,-0.6,0
138.808102499997,0,0,18.9,0,0,0.027,-0.014,-1.004,0.3,-0.6,0
138.818102499997,0,0,18.9,0,0,0.029,-0.015,-1.002,0.3,-0.6,0
138.828102499997,0,0,18.9,0,0,0.029,-0.015,-1.002,0.3,-0.6,0
138.838102499997,0,0,18.9,0,0,0.029,-0.015,-1.002,0.3,-0.6,0
138.848102499997,0,0,18.9,0,0,0.029,-0.015,-1.002,0.3,-0.6,0
138.858102499997,0,0,18.9,0,0,0.029,-0.015,-1.002,0.3,-0.6,0
138.868102499997,0,0,18.9,0,0,0.029,-0.012,-1.002,0.3,-0.6,0
138.878102499997,0,0,18.9,0,0,0.029,-0.012,-1.002,0.3,-0.6,0
138.888102499997,0,0,18.9,0,0,0.029,-0.012,-1.002,0.3,-0.6,0
138.898102499997,0,0,18.9,0,0,0.029,-0.012,-1.002,0.3,-0.6,0
138.908102499997,0,0,18.9,0,0,0.029,-0.012,-1.002,0.3,-0.6,0
138.918102499997,0,0,18.9,0,0,0.028,-0.014,-1,0.3,-0.6,0
138.928102499997,0,0,18.9,0,0,0.028,-0.014,-1,0.3,-0.6,0
138.938102499997,0,0,18.9,0,0,0.028,-0.014,-1,0.3,-0.6,0
138.948102499997,0,0,18.9,0,0,0.028,-0.014,-1,0.3,-0.6,0
138.958102499997,0,0,18.9,0,0,0.028,-0.014,-1,0.3,-0.6,0
138.968102499997,0,0,18.8,0,0,0.029,-0.012,-1,0.3,-0.6,0
138.978102499997,0,0,18.8,0,0,0.029,-0.012,-1,0.3,-0.6,0
138.988102499997,0,0,18.8,0,0,0.029,-0.012,-1,0.3,-0.6,0
138.998102499997,0,0,18.8,0,0,0.029,-0.012,-1,0.3,-0.6,0
139.008102499997,0,0,18.8,0,0,0.029,-0.012,-1,0.3,-0.6,0
139.018102499997,0,0,18.8,0,0,0.029,-0.015,-1.001,0.3,-0.6,0
139.028102499997,0,0,18.8,0,0,0.029,-0.015,-1.001,0.3,-0.6,0
139.038102499997,0,0,18.8,0,0,0.029,-0.015,-1.001,0.3,-0.6,0
139.048102499997,0,0,18.8,0,0,0.029,-0.015,-1.001,0.3,-0.6,0
139.058102499997,0,0,18.8,0,0,0.029,-0.015,-1.001,0.3,-0.6,0
139.068102499997,0,0,18.8,0,0,0.029,-0.012,-1.002,0.3,-0.5,0
139.078102499997,0,0,18.8,0,0,0.029,-0.012,-1.002,0.3,-0.5,0
139.088102499997,0,0,18.8,0,0,0.029,-0.012,-1.002,0.3,-0.5,0
139.098102499997,0,0,18.8,0,0,0.029,-0.012,-1.002,0.3,-0.5,0
139.108102499997,0,0,18.8,0,0,0.029,-0.012,-1.002,0.3,-0.5,0
139.118102499997,0,0,18.9,0,0,0.027,-0.015,-1.001,0.3,-0.6,0
139.128102499997,0,0,18.9,0,0,0.027,-0.015,-1.001,0.3,-0.6,0
139.138102499997,0,0,18.9,0,0,0.027,-0.015,-1.001,0.3,-0.6,0
139.148102499997,0,0,18.9,0,0,0.027,-0.015,-1.001,0.3,-0.6,0
139.158102499997,0,0,18.9,0,0,0.027,-0.015,-1.001,0.3,-0.6,0
139.168102499997,0,0,18.8,0,0,0.029,-0.012,-1.001,0.1,-0.6,0
139.178102499997,0,0,18.8,0,0,0.029,-0.012,-1.001,0.1,-0.6,0
139.188102499997,0,0,18.8,0,0,0.029,-0.012,-1.001,0.1,-0.6,0
139.198102499997,0,0,18.8,0,0,0.029,-0.012,-1.001,0.1,-0.6,0
139.208102499997,0,0,18.8,0,0,0.029,-0.012,-1.001,0.1,-0.6,0
139.218102499997,0,0,18.8,0,0,0.028,-0.016,-1.002,0.2,-0.6,0
139.228102499997,0,0,18.8,0,0,0.028,-0.016,-1.002,0.2,-0.6,0
139.238102499997,0,0,18.8,0,0,0.028,-0.016,-1.002,0.2,-0.6,0
139.248102499997,0,0,18.8,0,0,0.028,-0.016,-1.002,0.2,-0.6,0
139.258102499997,0,0,18.8,0,0,0.028,-0.016,-1.002,0.2,-0.6,0
139.268102499997,0,0,18.9,0,0,0.029,-0.012,-1.001,0.3,-0.6,0
139.278102499997,0,0,18.9,0,0,0.029,-0.012,-1.001,0.3,-0.6,0
139.288102499997,0,0,18.9,0,0,0.029,-0.012,-1.001,0.3,-0.6,0
139.298102499997,0,0,18.9,0,0,0.029,-0.012,-1.001,0.3,-0.6,0
139.308102499997,0,0,18.9,0,0,0.029,-0.012,-1.001,0.3,-0.6,0
139.318102499997,0,0,18.9,0,0,0.028,-0.017,-1.004,0.3,-0.6,0.1
139.328102499997,0,0,18.9,0,0,0.028,-0.017,-1.004,0.3,-0.6,0.1
139.338102499997,0,0,18.9,0,0,0.028,-0.017,-1.004,0.3,-0.6,0.1
139.348102499997,0,0,18.9,0,0,0.028,-0.017,-1.004,0.3,-0.6,0.1
139.358102499997,0,0,18.9,0,0,0.028,-0.017,-1.004,0.3,-0.6,0.1
139.368102499997,0,0,18.8,0,0,0.028,-0.012,-1.002,0.3,-0.6,0
139.378102499997,0,0,18.8,0,0,0.028,-0.012,-1.002,0.3,-0.6,0
139.388102499997,0,0,18.8,0,0,0.028,-0.012,-1.002,0.3,-0.6,0
139.398102499997,0,0,18.8,0,0,0.028,-0.012,-1.002,0.3,-0.6,0
139.408102499997,0,0,18.8,0,0,0.028,-0.012,-1.002,0.3,-0.6,0
139.418102499997,0,0,18.9,0,0,0.03,-0.017,-1.002,0.3,-0.5,0
139.428102499997,0,0,18.9,0,0,0.03,-0.017,-1.002,0.3,-0.5,0
139.438102499997,0,0,18.9,0,0,0.03,-0.017,-1.002,0.3,-0.5,0
139.448102499997,0,0,18.9,0,0,0.03,-0.017,-1.002,0.3,-0.5,0
139.458102499997,0,0,18.9,0,0,0.03,-0.017,-1.002,0.3,-0.5,0
139.468102499997,0,0,18.8,0,0,0.028,-0.01,-1,0.3,-0.6,0
139.478102499997,0,0,18.8,0,0,0.028,-0.01,-1,0.3,-0.6,0
139.488102499997,0,0,18.8,0,0,0.028,-0.01,-1,0.3,-0.6,0
139.498102499997,0,0,18.8,0,0,0.028,-0.01,-1,0.3,-0.6,0
139.508102499997,0,0,18.8,0,0,0.028,-0.01,-1,0.3,-0.6,0
139.518102499997,0,0,18.8,0,0,0.027,-0.016,-1.003,0.3,-0.6,0
139.528102499997,0,0,18.8,0,0,0.027,-0.016,-1.003,0.3,-0.6,0
139.538102499997,0,0,18.8,0,0,0.027,-0.016,-1.003,0.3,-0.6,0
139.548102499997,0,0,18.8,0,0,0.027,-0.016,-1.003,0.3,-0.6,0
139.558102499997,0,0,18.8,0,0,0.027,-0.016,-1.003,0.3,-0.6,0
139.568102499997,0,0,18.9,0,0,0.03,-0.01,-1.003,0.2,-0.6,0
139.578102499997,0,0,18.9,0,0,0.03,-0.01,-1.003,0.2,-0.6,0
139.588102499997,0,0,18.9,0,0,0.03,-0.01,-1.003,0.2,-0.6,0
139.598102499997,0,0,18.9,0,0,0.03,-0.01,-1.003,0.2,-0.6,0
139.608102499997,0,0,18.9,0,0,0.03,-0.01,-1.003,0.2,-0.6,0
139.618102499997,0,0,18.8,0,0,0.028,-0.02,-1,0.3,-0.6,0
139.628102499997,0,0,18.8,0,0,0.028,-0.02,-1,0.3,-0.6,0
139.638102499997,0,0,18.8,0,0,0.028,-0.02,-1,0.3,-0.6,0
139.648102499997,0,0,18.8,0,0,0.028,-0.02,-1,0.3,-0.6,0
139.658102499997,0,0,18.8,0,0,0.028,-0.02,-1,0.3,-0.6,0
139.668102499997,0,0,18.8,0,0,0.029,-0.009,-1.001,0.2,-0.5,0
139.678102499997,0,0,18.8,0,0,0.029,-0.009,-1.001,0.2,-0.5,0
139.688102499997,0,0,18.8,0,0,0.029,-0.009,-1.001,0.2,-0.5,0
139.698102499997,0,0,18.8,0,0,0.029,-0.009,-1.001,0.2,-0.5,0
139.708102499997,0,0,18.8,0,0,0.029,-0.009,-1.001,0.2,-0.5,0
139.718102499997,0,0,18.8,0,0,0.029,-0.012,-1.003,0.1,-0.5,0
139.728102499997,0,0,18.8,0,0,0.029,-0.012,-1.003,0.1,-0.5,0
139.738102499997,0,0,18.8,0,0,0.029,-0.012,-1.003,0.1,-0.5,0
139.748102499997,0,0,18.8,0,0,0.029,-0.012,-1.003,0.1,-0.5,0
139.758102499997,0,0,18.8,0,0,0.029,-0.012,-1.003,0.1,-0.5,0
139.768102499997,0,0,18.9,0,0,0.027,-0.016,-1.002,0.2,-0.6,0
139.778102499997,0,0,18.9,0,0,0.027,-0.016,-1.002,0.2,-0.6,0
139.788102499997,0,0,18.9,0,0,0.027,-0.016,-1.002,0.2,-0.6,0
139.798102499997,0,0,18.9,0,0,0.027,-0.016,-1.002,0.2,-0.6,0
139.808102499997,0,0,18.9,0,0,0.027,-0.016,-1.002,0.2,-0.6,0
139.818102499997,0,0,18.8,0,0,0.032,-0.012,-1.001,0.2,-0.6,0
139.828102499997,0,0,18.8,0,0,0.032,-0.012,-1.001,0.2,-0.6,0
139.838102499997,0,0,18.8,0,0,0.032,-0.012,-1.001,0.2,-0.6,0
139.848102499997,0,0,18.8,0,0,0.032,-0.012,-1.001,0.2,-0.6,0
139.858102499997,0,0,18.8,0,0,0.032,-0.012,-1.001,0.2,-0.6,0
139.868102499997,0,0,18.9,0,0,0.026,-0.015,-1.004,0.3,-0.5,0
139.878102499997,0,0,18.9,0,0,0.026,-0.015,-1.004,0.3,-0.5,0
139.888102499997,0,0,18.9,0,0,0.026,-0.015,-1.004,0.3,-0.5,0
139.898102499997,0,0,18.9,0,0,0.026,-0.015,-1.004,0.3,-0.5,0
139.908102499997,0,0,18.9,0,0,0.026,-0.015,-1.004,0.3,-0.5,0
139.918102499997,0,0,18.8,0,0,0.028,-0.013,-1.004,0.3,-0.5,0
139.928102499997,0,0,18.8,0,0,0.028,-0.013,-1.004,0.3,-0.5,0
139.938102499997,0,0,18.8,0,0,0.028,-0.013,-1.004,0.3,-0.5,0
139.948102499997,0,0,18.8,0,0,0.028,-0.013,-1.004,0.3,-0.5,0
139.958102499997,0,0,18.8,0,0,0.028,-0.013,-1.004,0.3,-0.5,0
139.968102499997,0,0,18.9,0,0,0.03,-0.013,-1.004,0.3,-0.5,0
139.978102499997,0,0,18.9,0,0,0.03,-0.013,-1.004,0.3,-0.5,0
139.988102499997,0,0,18.9,0,0,0.03,-0.013,-1.004,0.3,-0.5,0
139.998102499997,0,0,18.9,0,0,0.03,-0.013,-1.004,0.3,-0.5,0
140.008102499997,0,0,18.9,0,0,0.03,-0.013,-1.004,0.3,-0.5,0
140.018102499997,0,0,18.9,0,0,0.029,-0.014,-1.002,0.2,-0.6,0
140.028102499997,0,0,18.9,0,0,0.029,-0.014,-1.002,0.2,-0.6,0
140.038102499997,0,0,18.9,0,0,0.029,-0.014,-1.002,0.2,-0.6,0
140.048102499997,0,0,18.9,0,0,0.029,-0.014,-1.002,0.2,-0.6,0
140.058102499997,0,0,18.9,0,0,0.029,-0.014,-1.002,0.2,-0.6,0
140.068102499997,0,0,18.9,0,0,0.028,-0.015,-1.003,0.3,-0.6,0
140.078102499997,0,0,18.9,0,0,0.028,-0.015,-1.003,0.3,-0.6,0
140.088102499997,0,0,18.9,0,0,0.028,-0.015,-1.003,0.3,-0.6,0
140.098102499997,0,0,18.9,0,0,0.028,-0.015,-1.003,0.3,-0.6,0
140.108102499997,0,0,18.9,0,0,0.028,-0.015,-1.003,0.3,-0.6,0
140.118102499997,0,0,18.8,0,0,0.029,-0.013,-1.002,0.2,-0.6,0
140.128102499997,0,0,18.8,0,0,0.029,-0.013,-1.002,0.2,-0.6,0
140.138102499997,0,0,18.8,0,0,0.029,-0.013,-1.002,0.2,-0.6,0
140.148102499997,0,0,18.8,0,0,0.029,-0.013,-1.002,0.2,-0.6,0
140.158102499997,0,0,18.8,0,0,0.029,-0.013,-1.002,0.2,-0.6,0
140.168102499997,0,0,18.8,0,0,0.028,-0.015,-1.003,0.3,-0.6,0
140.178102499997,0,0,18.8,0,0,0.028,-0.015,-1.003,0.3,-0.6,0
140.188102499997,0,0,18.8,0,0,0.028,-0.015,-1.003,0.3,-0.6,0
140.198102499997,0,0,18.8,0,0,0.028,-0.015,-1.003,0.3,-0.6,0
140.208102499997,0,0,18.8,0,0,0.028,-0.015,-1.003,0.3,-0.6,0
140.218102499997,0,0,18.8,0,0,0.028,-0.012,-1.001,0.3,-0.6,0
140.228102499997,0,0,18.8,0,0,0.028,-0.012,-1.001,0.3,-0.6,0
140.238102499997,0,0,18.8,0,0,0.028,-0.012,-1.001,0.3,-0.6,0
140.248102499997,0,0,18.8,0,0,0.028,-0.012,-1.001,0.3,-0.6,0
140.258102499997,0,0,18.8,0,0,0.028,-0.012,-1.001,0.3,-0.6,0
140.268102499997,0,0,18.8,0,0,0.03,-0.016,-1.001,0.3,-0.5,0
140.278102499997,0,0,18.8,0,0,0.03,-0.016,-1.001,0.3,-0.5,0
140.288102499997,0,0,18.8,0,0,0.03,-0.016,-1.001,0.3,-0.5,0
140.298102499997,0,0,18.8,0,0,0.03,-0.016,-1.001,0.3,-0.5,0
140.308102499997,0,0,18.8,0,0,0.03,-0.016,-1.001,0.3,-0.5,0
140.318102499997,0,0,18.8,0,0,0.028,-0.011,-1.003,0.3,-0.5,0
140.328102499997,0,0,18.8,0,0,0.028,-0.011,-1.003,0.3,-0.5,0
140.338102499997,0,0,18.8,0,0,0.028,-0.011,-1.003,0.3,-0.5,0
140.348102499997,0,0,18.8,0,0,0.028,-0.011,-1.003,0.3,-0.5,0
140.358102499997,0,0,18.8,0,0,0.028,-0.011,-1.003,0.3,-0.5,0
140.368102499996,0,0,18.9,0,0,0.029,-0.015,-1.002,0.3,-0.6,0
140.378102499996,0,0,18.9,0,0,0.029,-0.015,-1.002,0.3,-0.6,0
140.388102499997,0,0,18.9,0,0,0.029,-0.015,-1.002,0.3,-0.6,0
140.398102499996,0,0,18.9,0,0,0.029,-0.015,-1.002,0.3,-0.6,0
140.408102499996,0,0,18.9,0,0,0.029,-0.015,-1.002,0.3,-0.6,0
140.418102499996,0,0,18.9,0,0,0.027,-0.012,-1.002,0.3,-0.6,0
140.428102499996,0,0,18.9,0,0,0.027,-0.012,-1.002,0.3,-0.6,0
140.438102499996,0,0,18.9,0,0,0.027,-0.012,-1.002,0.3,-0.6,0
140.448102499996,0,0,18.9,0,0,0.027,-0.012,-1.002,0.3,-0.6,0
140.458102499996,0,0,18.9,0,0,0.027,-0.012,-1.002,0.3,-0.6,0
140.468102499996,0,0,18.9,0,0,0.029,-0.014,-1.002,0.2,-0.6,0
140.478102499996,0,0,18.9,0,0,0.029,-0.014,-1.002,0.2,-0.6,0
140.488102499996,0,0,18.9,0,0,0.029,-0.014,-1.002,0.2,-0.6,0
140.498102499996,0,0,18.9,0,0,0.029,-0.014,-1.002,0.2,-0.6,0
140.508102499996,0,0,18.9,0,0,0.029,-0.014,-1.002,0.2,-0.6,0
140.518102499996,0,0,18.8,0,0,0.028,-0.013,-1.001,0.3,-0.6,0
140.528102499996,0,0,18.8,0,0,0.028,-0.013,-1.001,0.3,-0.6,0
140.538102499996,0,0,18.8,0,0,0.028,-0.013,-1.001,0.3,-0.6,0
140.548102499996,0,0,18.8,0,0,0.028,-0.013,-1.001,0.3,-0.6,0
140.558102499996,0,0,18.8,0,0,0.028,-0.013,-1.001,0.3,-0.6,0
140.568102499996,0,0,18.9,0,0,0.029,-0.013,-1.004,0.3,-0.5,0
140.578102499996,0,0,18.9,0,0,0.029,-0.013,-1.004,0.3,-0.5,0
140.588102499996,0,0,18.9,0,0,0.029,-0.013,-1.004,0.3,-0.5,0
140.598102499996,0,0,18.9,0,0,0.029,-0.013,-1.004,0.3,-0.5,0
140.608102499996,0,0,18.9,0,0,0.029,-0.013,-1.004,0.3,-0.5,0
140.618102499996,0,0,18.9,0,0,0.028,-0.014,-1.002,0.3,-0.5,0
140.628102499996,0,0,18.9,0,0,0.028,-0.014,-1.002,0.3,-0.5,0
140.638102499996,0,0,18.9,0,0,0.028,-0.014,-1.002,0.3,-0.5,0
140.648102499996,0,0,18.9,0,0,0.028,-0.014,-1.002,0.3,-0.5,0
140.658102499996,0,0,18.9,0,0,0.028,-0.014,-1.002,0.3,-0.5,0
140.668102499996,0,0,18.9,0,0,0.029,-0.011,-1,0.3,-0.6,0
140.678102499996,0,0,18.9,0,0,0.029,-0.011,-1,0.3,-0.6,0
140.688102499996,0,0,18.9,0,0,0.029,-0.011,-1,0.3,-0.6,0
140.698102499996,0,0,18.9,0,0,0.029,-0.011,-1,0.3,-0.6,0
140.708102499996,0,0,18.9,0,0,0.029,-0.011,-1,0.3,-0.6,0
140.718102499996,0,0,18.9,0,0,0.029,-0.014,-1.002,0.3,-0.6,0
140.728102499996,0,0,18.9,0,0,0.029,-0.014,-1.002,0.3,-0.6,0
140.738102499996,0,0,18.9,0,0,0.029,-0.014,-1.002,0.3,-0.6,0
140.748102499996,0,0,18.9,0,0,0.029,-0.014,-1.002,0.3,-0.6,0
140.758102499996,0,0,18.9,0,0,0.029,-0.014,-1.002,0.3,-0.6,0
140.768102499996,0,0,18.9,0,0,0.028,-0.013,-1.001,0.2,-0.6,0
140.778102499996,0,0,18.9,0,0,0.028,-0.013,-1.001,0.2,-0.6,0
140.788102499996,0,0,18.9,0,0,0.028,-0.013,-1.001,0.2,-0.6,0
140.798102499996,0,0,18.9,0,0,0.028,-0.013,-1.001,0.2,-0.6,0
140.808102499996,0,0,18.9,0,0,0.028,-0.013,-1.001,0.2,-0.6,0
140.818102499996,0,0,18.8,0,0,0.028,-0.014,-1.002,0.3,-0.7,0
140.828102499996,0,0,18.8,0,0,0.028,-0.014,-1.002,0.3,-0.7,0
140.838102499996,0,0,18.8,0,0,0.028,-0.014,-1.002,0.3,-0.7,0
140.848102499996,0,0,18.8,0,0,0.028,-0.014,-1.002,0.3,-0.7,0
140.858102499996,0,0,18.8,0,0,0.028,-0.014,-1.002,0.3,-0.7,0
140.868102499996,0,0,18.9,0,0,0.028,-0.013,-1.001,0.3,-0.6,0
140.878102499996,0,0,18.9,0,0,0.028,-0.013,-1.001,0.3,-0.6,0
140.888102499996,0,0,18.9,0,0,0.028,-0.013,-1.001,0.3,-0.6,0
140.898102499996,0,0,18.9,0,0,0.028,-0.013,-1.001,0.3,-0.6,0
140.908102499996,0,0,18.9,0,0,0.028,-0.013,-1.001,0.3,-0.6,0
140.918102499996,0,0,18.9,0,0,0.028,-0.013,-1.001,0.3,-0.6,0
140.928102499996,0,0,18.9,0,0,0.028,-0.013,-1.001,0.3,-0.6,0
140.938102499996,0,0,18.9,0,0,0.028,-0.013,-1.001,0.3,-0.6,0
140.948102499996,0,0,18.9,0,0,0.028,-0.013,-1.001,0.3,-0.6,0
140.958102499996,0,0,18.9,0,0,0.028,-0.013,-1.001,0.3,-0.6,0
140.968102499996,0,0,18.9,0,0,0.028,-0.014,-1.003,0.3,-0.6,0.1
140.978102499996,0,0,18.9,0,0,0.028,-0.014,-1.003,0.3,-0.6,0.1
140.988102499996,0,0,18.9,0,0,0.028,-0.014,-1.003,0.3,-0.6,0.1
140.998102499996,0,0,18.9,0,0,0.028,-0.014,-1.003,0.3,-0.6,0.1
141.008102499996,0,0,18.9,0,0,0.028,-0.014,-1.003,0.3,-0.6,0.1
141.018102499996,0,0,18.9,0,0,0.029,-0.013,-1.003,0.3,-0.6,0
141.028102499996,0,0,18.9,0,0,0.029,-0.013,-1.003,0.3,-0.6,0
141.038102499996,0,0,18.9,0,0,0.029,-0.013,-1.003,0.3,-0.6,0
141.048102499996,0,0,18.9,0,0,0.029,-0.013,-1.003,0.3,-0.6,0
141.058102499996,0,0,18.9,0,0,0.029,-0.013,-1.003,0.3,-0.6,0
141.068102499996,0,0,18.8,0,0,0.029,-0.014,-1.002,0.3,-0.5,0
141.078102499996,0,0,18.8,0,0,0.029,-0.014,-1.002,0.3,-0.5,0
141.088102499996,0,0,18.8,0,0,0.029,-0.014,-1.002,0.3,-0.5,0
141.098102499996,0,0,18.8,0,0,0.029,-0.014,-1.002,0.3,-0.5,0
141.108102499996,0,0,18.8,0,0,0.029,-0.014,-1.002,0.3,-0.5,0
141.118102499996,0,0,18.9,0,0,0.028,-0.014,-1.003,0.3,-0.6,0
141.128102499996,0,0,18.9,0,0,0.028,-0.014,-1.003,0.3,-0.6,0
141.138102499996,0,0,18.9,0,0,0.028,-0.014,-1.003,0.3,-0.6,0
141.148102499996,0,0,18.9,0,0,0.028,-0.014,-1.003,0.3,-0.6,0
141.158102499996,0,0,18.9,0,0,0.028,-0.014,-1.003,0.3,-0.6,0
141.168102499996,0,0,18.9,0,0,0.03,-0.014,-1.001,0.3,-0.6,0
141.178102499996,0,0,18.9,0,0,0.03,-0.014,-1.001,0.3,-0.6,0
141.188102499996,0,0,18.9,0,0,0.03,-0.014,-1.001,0.3,-0.6,0
141.198102499996,0,0,18.9,0,0,0.03,-0.014,-1.001,0.3,-0.6,0
141.208102499996,0,0,18.9,0,0,0.03,-0.014,-1.001,0.3,-0.6,0
141.218102499996,0,0,18.9,0,0,0.028,-0.013,-1.003,0.3,-0.6,0
141.228102499996,0,0,18.9,0,0,0.028,-0.013,-1.003,0.3,-0.6,0
141.238102499996,0,0,18.9,0,0,0.028,-0.013,-1.003,0.3,-0.6,0
141.248102499996,0,0,18.9,0,0,0.028,-0.013,-1.003,0.3,-0.6,0
141.258102499996,0,0,18.9,0,0,0.028,-0.013,-1.003,0.3,-0.6,0
141.268102499996,0,0,18.9,0,0,0.029,-0.015,-1.002,0.1,-0.5,0
141.278102499996,0,0,18.9,0,0,0.029,-0.015,-1.002,0.1,-0.5,0
141.288102499996,0,0,18.9,0,0,0.029,-0.015,-1.002,0.1,-0.5,0
141.298102499996,0,0,18.9,0,0,0.029,-0.015,-1.002,0.1,-0.5,0
141.308102499996,0,0,18.9,0,0,0.029,-0.015,-1.002,0.1,-0.5,0
141.318102499996,0,0,18.8,0,0,0.027,-0.013,-1.001,0.3,-0.6,0
141.328102499996,0,0,18.8,0,0,0.027,-0.013,-1.001,0.3,-0.6,0
141.338102499996,0,0,18.8,0,0,0.027,-0.013,-1.001,0.3,-0.6,0
141.348102499996,0,0,18.8,0,0,0.027,-0.013,-1.001,0.3,-0.6,0
141.358102499996,0,0,18.8,0,0,0.027,-0.013,-1.001,0.3,-0.6,0
141.368102499996,0,0,18.9,0,0,0.028,-0.013,-1.002,0.2,-0.6,0
141.378102499996,0,0,18.9,0,0,0.028,-0.013,-1.002,0.2,-0.6,0
141.388102499996,0,0,18.9,0,0,0.028,-0.013,-1.002,0.2,-0.6,0
141.398102499996,0,0,18.9,0,0,0.028,-0.013,-1.002,0.2,-0.6,0
141.408102499996,0,0,18.9,0,0,0.028,-0.013,-1.002,0.2,-0.6,0
141.418102499996,0,0,18.9,0,0,0.029,-0.014,-1.002,0.3,-0.5,0
141.428102499996,0,0,18.9,0,0,0.029,-0.014,-1.002,0.3,-0.5,0
141.438102499996,0,0,18.9,0,0,0.029,-0.014,-1.002,0.3,-0.5,0
141.448102499996,0,0,18.9,0,0,0.029,-0.014,-1.002,0.3,-0.5,0
141.458102499996,0,0,18.9,0,0,0.029,-0.014,-1.002,0.3,-0.5,0
141.468102499996,0,0,18.8,0,0,0.029,-0.015,-1.002,0.3,-0.5,0
141.478102499996,0,0,18.8,0,0,0.029,-0.015,-1.002,0.3,-0.5,0
141.488102499996,0,0,18.8,0,0,0.029,-0.015,-1.002,0.3,-0.5,0
141.498102499996,0,0,18.8,0,0,0.029,-0.015,-1.002,0.3,-0.5,0
141.508102499996,0,0,18.8,0,0,0.029,-0.015,-1.002,0.3,-0.5,0
141.518102499996,0,0,18.8,0,0,0.028,-0.015,-1.001,0.3,-0.5,0
141.528102499996,0,0,18.8,0,0,0.028,-0.015,-1.001,0.3,-0.5,0
141.538102499996,0,0,18.8,0,0,0.028,-0.015,-1.001,0.3,-0.5,0
141.548102499996,0,0,18.8,0,0,0.028,-0.015,-1.001,0.3,-0.5,0
141.558102499996,0,0,18.8,0,0,0.028,-0.015,-1.001,0.3,-0.5,0
141.568102499996,0,0,18.9,0,0,0.029,-0.014,-1.003,0.2,-0.5,0
141.578102499996,0,0,18.9,0,0,0.029,-0.014,-1.003,0.2,-0.5,0
141.588102499996,0,0,18.9,0,0,0.029,-0.014,-1.003,0.2,-0.5,0
141.598102499996,0,0,18.9,0,0,0.029,-0.014,-1.003,0.2,-0.5,0
141.608102499996,0,0,18.9,0,0,0.029,-0.014,-1.003,0.2,-0.5,0
141.618102499996,0,0,18.8,0,0,0.028,-0.015,-1.001,0.2,-0.6,0
141.628102499996,0,0,18.8,0,0,0.028,-0.015,-1.001,0.2,-0.6,0
141.638102499996,0,0,18.8,0,0,0.028,-0.015,-1.001,0.2,-0.6,0
141.648102499996,0,0,18.8,0,0,0.028,-0.015,-1.001,0.2,-0.6,0
141.658102499996,0,0,18.8,0,0,0.028,-0.015,-1.001,0.2,-0.6,0
141.668102499996,0,0,18.8,0,0,0.028,-0.012,-1.002,0.3,-0.5,0
141.678102499996,0,0,18.8,0,0,0.028,-0.012,-1.002,0.3,-0.5,0
141.688102499996,0,0,18.8,0,0,0.028,-0.012,-1.002,0.3,-0.5,0
141.698102499996,0,0,18.8,0,0,0.028,-0.012,-1.002,0.3,-0.5,0
141.708102499996,0,0,18.8,0,0,0.028,-0.012,-1.002,0.3,-0.5,0
141.718102499996,0,0,18.9,0,0,0.03,-0.014,-1.002,0.3,-0.5,0
141.728102499996,0,0,18.9,0,0,0.03,-0.014,-1.002,0.3,-0.5,0
141.738102499996,0,0,18.9,0,0,0.03,-0.014,-1.002,0.3,-0.5,0
141.748102499996,0,0,18.9,0,0,0.03,-0.014,-1.002,0.3,-0.5,0
141.758102499996,0,0,18.9,0,0,0.03,-0.014,-1.002,0.3,-0.5,0
141.768102499996,0,0,18.9,0,0,0.028,-0.013,-1.001,0.3,-0.6,0
141.778102499996,0,0,18.9,0,0,0.028,-0.013,-1.001,0.3,-0.6,0
141.788102499996,0,0,18.9,0,0,0.028,-0.013,-1.001,0.3,-0.6,0
141.798102499996,0,0,18.9,0,0,0.028,-0.013,-1.001,0.3,-0.6,0
141.808102499996,0,0,18.9,0,0,0.028,-0.013,-1.001,0.3,-0.6,0
141.818102499996,0,0,18.9,0,0,0.028,-0.015,-1.001,0.3,-0.6,0
141.828102499996,0,0,18.9,0,0,0.028,-0.015,-1.001,0.3,-0.6,0
141.838102499996,0,0,18.9,0,0,0.028,-0.015,-1.001,0.3,-0.6,0
141.848102499996,0,0,18.9,0,0,0.028,-0.015,-1.001,0.3,-0.6,0
141.858102499996,0,0,18.9,0,0,0.028,-0.015,-1.001,0.3,-0.6,0
141.868102499996,0,0,18.8,0,0,0.028,-0.012,-1.001,0.3,-0.5,0
141.878102499996,0,0,18.8,0,0,0.028,-0.012,-1.001,0.3,-0.5,0
141.888102499996,0,0,18.8,0,0,0.028,-0.012,-1.001,0.3,-0.5,0
141.898102499996,0,0,18.8,0,0,0.028,-0.012,-1.001,0.3,-0.5,0
141.908102499996,0,0,18.8,0,0,0.028,-0.012,-1.001,0.3,-0.5,0
141.918102499996,0,0,18.9,0,0,0.029,-0.014,-1,0.3,-0.5,0
141.928102499996,0,0,18.9,0,0,0.029,-0.014,-1,0.3,-0.5,0
141.938102499996,0,0,18.9,0,0,0.029,-0.014,-1,0.3,-0.5,0
141.948102499996,0,0,18.9,0,0,0.029,-0.014,-1,0.3,-0.5,0
141.958102499996,0,0,18.9,0,0,0.029,-0.014,-1,0.3,-0.5,0
141.968102499996,0,0,18.9,0,0,0.028,-0.013,-1.002,0.3,-0.6,0
141.978102499996,0,0,18.9,0,0,0.028,-0.013,-1.002,0.3,-0.6,0
141.988102499996,0,0,18.9,0,0,0.028,-0.013,-1.002,0.3,-0.6,0
141.998102499996,0,0,18.9,0,0,0.028,-0.013,-1.002,0.3,-0.6,0
142.008102499996,0,0,18.9,0,0,0.028,-0.013,-1.002,0.3,-0.6,0
142.018102499996,0,0,18.8,0,0,0.028,-0.013,-1,0.3,-0.5,0
142.028102499996,0,0,18.8,0,0,0.028,-0.013,-1,0.3,-0.5,0
142.038102499996,0,0,18.8,0,0,0.028,-0.013,-1,0.3,-0.5,0
142.048102499996,0,0,18.8,0,0,0.028,-0.013,-1,0.3,-0.5,0
142.058102499996,0,0,18.8,0,0,0.028,-0.013,-1,0.3,-0.5,0
142.068102499996,0,0,18.9,0,0,0.029,-0.015,-0.999,0.3,-0.5,0
142.078102499996,0,0,18.9,0,0,0.029,-0.015,-0.999,0.3,-0.5,0
142.088102499996,0,0,18.9,0,0,0.029,-0.015,-0.999,0.3,-0.5,0
142.098102499996,0,0,18.9,0,0,0.029,-0.015,-0.999,0.3,-0.5,0
142.108102499996,0,0,18.9,0,0,0.029,-0.015,-0.999,0.3,-0.5,0
142.118102499996,0,0,18.8,0,0,0.028,-0.013,-1.003,0.3,-0.6,0
142.128102499996,0,0,18.8,0,0,0.028,-0.013,-1.003,0.3,-0.6,0
142.138102499996,0,0,18.8,0,0,0.028,-0.013,-1.003,0.3,-0.6,0
142.148102499996,0,0,18.8,0,0,0.028,-0.013,-1.003,0.3,-0.6,0
142.158102499996,0,0,18.8,0,0,0.028,-0.013,-1.003,0.3,-0.6,0
142.168102499996,0,0,18.9,0,0,0.028,-0.014,-1.001,0.3,-0.5,0
142.178102499996,0,0,18.9,0,0,0.028,-0.014,-1.001,0.3,-0.5,0
142.188102499996,0,0,18.9,0,0,0.028,-0.014,-1.001,0.3,-0.5,0
142.198102499996,0,0,18.9,0,0,0.028,-0.014,-1.001,0.3,-0.5,0
142.208102499996,0,0,18.9,0,0,0.028,-0.014,-1.001,0.3,-0.5,0
142.218102499996,0,0,18.8,0,0,0.028,-0.014,-1.001,0.3,-0.5,0
142.228102499996,0,0,18.8,0,0,0.028,-0.014,-1.001,0.3,-0.5,0
142.238102499996,0,0,18.8,0,0,0.028,-0.014,-1.001,0.3,-0.5,0
142.248102499996,0,0,18.8,0,0,0.028,-0.014,-1.001,0.3,-0.5,0
142.258102499996,0,0,18.8,0,0,0.028,-0.014,-1.001,0.3,-0.5,0
142.268102499996,0,0,18.8,0,0,0.03,-0.014,-1.001,0.2,-0.6,0
142.278102499996,0,0,18.8,0,0,0.03,-0.014,-1.001,0.2,-0.6,0
142.288102499996,0,0,18.8,0,0,0.03,-0.014,-1.001,0.2,-0.6,0
142.298102499996,0,0,18.8,0,0,0.03,-0.014,-1.001,0.2,-0.6,0
142.308102499996,0,0,18.8,0,0,0.03,-0.014,-1.001,0.2,-0.6,0
142.318102499996,0,0,18.9,0,0,0.028,-0.013,-1.001,0.3,-0.6,0
142.328102499996,0,0,18.9,0,0,0.028,-0.013,-1.001,0.3,-0.6,0
142.338102499996,0,0,18.9,0,0,0.028,-0.013,-1.001,0.3,-0.6,0
142.348102499996,0,0,18.9,0,0,0.028,-0.013,-1.001,0.3,-0.6,0
142.358102499996,0,0,18.9,0,0,0.028,-0.013,-1.001,0.3,-0.6,0
142.368102499996,0,0,18.9,0,0,0.027,-0.014,-1.003,0.3,-0.5,0
142.378102499996,0,0,18.9,0,0,0.027,-0.014,-1.003,0.3,-0.5,0
142.388102499996,0,0,18.9,0,0,0.027,-0.014,-1.003,0.3,-0.5,0
142.398102499996,0,0,18.9,0,0,0.027,-0.014,-1.003,0.3,-0.5,0
142.408102499996,0,0,18.9,0,0,0.027,-0.014,-1.003,0.3,-0.5,0
142.418102499996,0,0,18.8,0,0,0.029,-0.014,-1.001,0.3,-0.6,0
142.428102499996,0,0,18.8,0,0,0.029,-0.014,-1.001,0.3,-0.6,0
142.438102499996,0,0,18.8,0,0,0.029,-0.014,-1.001,0.3,-0.6,0
142.448102499996,0,0,18.8,0,0,0.029,-0.014,-1.001,0.3,-0.6,0
142.458102499996,0,0,18.8,0,0,0.029,-0.014,-1.001,0.3,-0.6,0
142.468102499996,0,0,18.9,0,0,0.029,-0.012,-1.001,0.3,-0.6,0
142.478102499996,0,0,18.9,0,0,0.029,-0.012,-1.001,0.3,-0.6,0
142.488102499996,0,0,18.9,0,0,0.029,-0.012,-1.001,0.3,-0.6,0
142.498102499996,0,0,18.9,0,0,0.029,-0.012,-1.001,0.3,-0.6,0
142.508102499996,0,0,18.9,0,0,0.029,-0.012,-1.001,0.3,-0.6,0
142.518102499996,0,0,18.8,0,0,0.027,-0.014,-1,0.3,-0.5,0
142.528102499996,0,0,18.8,0,0,0.027,-0.014,-1,0.3,-0.5,0
142.538102499996,0,0,18.8,0,0,0.027,-0.014,-1,0.3,-0.5,0
142.548102499996,0,0,18.8,0,0,0.027,-0.014,-1,0.3,-0.5,0
142.558102499996,0,0,18.8,0,0,0.027,-0.014,-1,0.3,-0.5,0
142.568102499996,0,0,18.8,0,0,0.03,-0.012,-1.001,0.2,-0.5,0
142.578102499996,0,0,18.8,0,0,0.03,-0.012,-1.001,0.2,-0.5,0
142.588102499996,0,0,18.8,0,0,0.03,-0.012,-1.001,0.2,-0.5,0
142.598102499996,0,0,18.8,0,0,0.03,-0.012,-1.001,0.2,-0.5,0
142.608102499996,0,0,18.8,0,0,0.03,-0.012,-1.001,0.2,-0.5,0
142.618102499996,0,0,18.9,0,0,0.028,-0.016,-1.002,0.3,-0.6,0
142.628102499996,0,0,18.9,0,0,0.028,-0.016,-1.002,0.3,-0.6,0
142.638102499996,0,0,18.9,0,0,0.028,-0.016,-1.002,0.3,-0.6,0
142.648102499996,0,0,18.9,0,0,0.028,-0.016,-1.002,0.3,-0.6,0
142.658102499996,0,0,18.9,0,0,0.028,-0.016,-1.002,0.3,-0.6,0
142.668102499996,0,0,18.9,0,0,0.028,-0.013,-1.003,0.3,-0.5,0
142.678102499996,0,0,18.9,0,0,0.028,-0.013,-1.003,0.3,-0.5,0
142.688102499996,0,0,18.9,0,0,0.028,-0.013,-1.003,0.3,-0.5,0
142.698102499996,0,0,18.9,0,0,0.028,-0.013,-1.003,0.3,-0.5,0
142.708102499996,0,0,18.9,0,0,0.028,-0.013,-1.003,0.3,-0.5,0
142.718102499996,0,0,18.8,0,0,0.029,-0.014,-1.002,0.3,-0.6,0
142.728102499996,0,0,18.8,0,0,0.029,-0.014,-1.002,0.3,-0.6,0
142.738102499996,0,0,18.8,0,0,0.029,-0.014,-1.002,0.3,-0.6,0
142.748102499996,0,0,18.8,0,0,0.029,-0.014,-1.002,0.3,-0.6,0
142.758102499996,0,0,18.8,0,0,0.029,-0.014,-1.002,0.3,-0.6,0
142.768102499996,0,0,18.8,0,0,0.027,-0.014,-1.001,0.3,-0.6,0.1
142.778102499996,0,0,18.8,0,0,0.027,-0.014,-1.001,0.3,-0.6,0.1
142.788102499996,0,0,18.8,0,0,0.027,-0.014,-1.001,0.3,-0.6,0.1
142.798102499996,0,0,18.8,0,0,0.027,-0.014,-1.001,0.3,-0.6,0.1
142.808102499996,0,0,18.8,0,0,0.027,-0.014,-1.001,0.3,-0.6,0.1
142.818102499996,0,0,18.8,0,0,0.029,-0.013,-1.001,0.3,-0.6,0
142.828102499996,0,0,18.8,0,0,0.029,-0.013,-1.001,0.3,-0.6,0
142.838102499996,0,0,18.8,0,0,0.029,-0.013,-1.001,0.3,-0.6,0
142.848102499996,0,0,18.8,0,0,0.029,-0.013,-1.001,0.3,-0.6,0
142.858102499996,0,0,18.8,0,0,0.029,-0.013,-1.001,0.3,-0.6,0
142.868102499996,0,0,18.9,0,0,0.028,-0.015,-1.003,0.3,-0.6,0.1
142.878102499996,0,0,18.9,0,0,0.028,-0.015,-1.003,0.3,-0.6,0.1
142.888102499996,0,0,18.9,0,0,0.028,-0.015,-1.003,0.3,-0.6,0.1
142.898102499996,0,0,18.9,0,0,0.028,-0.015,-1.003,0.3,-0.6,0.1
142.908102499996,0,0,18.9,0,0,0.028,-0.015,-1.003,0.3,-0.6,0.1
142.918102499996,0,0,18.9,0,0,0.029,-0.013,-1.001,0.3,-0.5,0
142.928102499996,0,0,18.9,0,0,0.029,-0.013,-1.001,0.3,-0.5,0
142.938102499996,0,0,18.9,0,0,0.029,-0.013,-1.001,0.3,-0.5,0
142.948102499996,0,0,18.9,0,0,0.029,-0.013,-1.001,0.3,-0.5,0
142.958102499996,0,0,18.9,0,0,0.029,-0.013,-1.001,0.3,-0.5,0
142.968102499996,0,0,18.9,0,0,0.028,-0.016,-1.003,0.3,-0.6,0
142.978102499996,0,0,18.9,0,0,0.028,-0.016,-1.003,0.3,-0.6,0
142.988102499996,0,0,18.9,0,0,0.028,-0.016,-1.003,0.3,-0.6,0
142.998102499996,0,0,18.9,0,0,0.028,-0.016,-1.003,0.3,-0.6,0
143.008102499996,0,0,18.9,0,0,0.028,-0.016,-1.003,0.3,-0.6,0
143.018102499996,0,0,18.8,0,0,0.029,-0.011,-1.002,0.3,-0.6,0
143.028102499996,0,0,18.8,0,0,0.029,-0.011,-1.002,0.3,-0.6,0
143.038102499996,0,0,18.8,0,0,0.029,-0.011,-1.002,0.3,-0.6,0
143.048102499996,0,0,18.8,0,0,0.029,-0.011,-1.002,0.3,-0.6,0
143.058102499996,0,0,18.8,0,0,0.029,-0.011,-1.002,0.3,-0.6,0
143.068102499996,0,0,18.9,0,0,0.028,-0.016,-1.002,0.3,-0.5,0
143.078102499996,0,0,18.9,0,0,0.028,-0.016,-1.002,0.3,-0.5,0
143.088102499996,0,0,18.9,0,0,0.028,-0.016,-1.002,0.3,-0.5,0
143.098102499996,0,0,18.9,0,0,0.028,-0.016,-1.002,0.3,-0.5,0
143.108102499996,0,0,18.9,0,0,0.028,-0.016,-1.002,0.3,-0.5,0
143.118102499996,0,0,18.8,0,0,0.028,-0.013,-1.003,0.3,-0.6,0
143.128102499996,0,0,18.8,0,0,0.028,-0.013,-1.003,0.3,-0.6,0
143.138102499996,0,0,18.8,0,0,0.028,-0.013,-1.003,0.3,-0.6,0
143.148102499996,0,0,18.8,0,0,0.028,-0.013,-1.003,0.3,-0.6,0
143.158102499996,0,0,18.8,0,0,0.028,-0.013,-1.003,0.3,-0.6,0
143.168102499996,0,0,18.8,0,0,0.029,-0.015,-1,0.3,-0.6,0
143.178102499996,0,0,18.8,0,0,0.029,-0.015,-1,0.3,-0.6,0
143.188102499996,0,0,18.8,0,0,0.029,-0.015,-1,0.3,-0.6,0
143.198102499996,0,0,18.8,0,0,0.029,-0.015,-1,0.3,-0.6,0
143.208102499996,0,0,18.8,0,0,0.029,-0.015,-1,0.3,-0.6,0
143.218102499996,0,0,18.9,0,0,0.028,-0.014,-1.001,0.3,-0.6,0
143.228102499996,0,0,18.9,0,0,0.028,-0.014,-1.001,0.3,-0.6,0
143.238102499996,0,0,18.9,0,0,0.028,-0.014,-1.001,0.3,-0.6,0
143.248102499996,0,0,18.9,0,0,0.028,-0.014,-1.001,0.3,-0.6,0
143.258102499996,0,0,18.9,0,0,0.028,-0.014,-1.001,0.3,-0.6,0
143.268102499996,0,0,18.8,0,0,0.028,-0.013,-1.002,0.3,-0.6,0
143.278102499995,0,0,18.8,0,0,0.028,-0.013,-1.002,0.3,-0.6,0
143.288102499996,0,0,18.8,0,0,0.028,-0.013,-1.002,0.3,-0.6,0
143.298102499996,0,0,18.8,0,0,0.028,-0.013,-1.002,0.3,-0.6,0
143.308102499995,0,0,18.8,0,0,0.028,-0.013,-1.002,0.3,-0.6,0
143.318102499995,0,0,18.8,0,0,0.028,-0.013,-1.002,0.3,-0.6,0
143.328102499995,0,0,18.8,0,0,0.028,-0.013,-1.002,0.3,-0.6,0
143.338102499996,0,0,18.8,0,0,0.028,-0.013,-1.002,0.3,-0.6,0
143.348102499995,0,0,18.8,0,0,0.028,-0.013,-1.002,0.3,-0.6,0
143.358102499995,0,0,18.8,0,0,0.028,-0.013,-1.002,0.3,-0.6,0
143.368102499995,0,0,18.9,0,0,0.029,-0.014,-1.003,0.2,-0.6,0
143.378102499995,0,0,18.9,0,0,0.029,-0.014,-1.003,0.2,-0.6,0
143.388102499995,0,0,18.9,0,0,0.029,-0.014,-1.003,0.2,-0.6,0
143.398102499995,0,0,18.9,0,0,0.029,-0.014,-1.003,0.2,-0.6,0
143.408102499995,0,0,18.9,0,0,0.029,-0.014,-1.003,0.2,-0.6,0
143.418102499995,0,0,18.9,0,0,0.028,-0.013,-1.001,0.3,-0.6,0
143.428102499995,0,0,18.9,0,0,0.028,-0.013,-1.001,0.3,-0.6,0
143.438102499995,0,0,18.9,0,0,0.028,-0.013,-1.001,0.3,-0.6,0
143.448102499995,0,0,18.9,0,0,0.028,-0.013,-1.001,0.3,-0.6,0
143.458102499995,0,0,18.9,0,0,0.028,-0.013,-1.001,0.3,-0.6,0
143.468102499995,0,0,18.8,0,0,0.029,-0.013,-1.002,0.3,-0.6,0
143.478102499995,0,0,18.8,0,0,0.029,-0.013,-1.002,0.3,-0.6,0
143.488102499995,0,0,18.8,0,0,0.029,-0.013,-1.002,0.3,-0.6,0
143.498102499995,0,0,18.8,0,0,0.029,-0.013,-1.002,0.3,-0.6,0
143.508102499995,0,0,18.8,0,0,0.029,-0.013,-1.002,0.3,-0.6,0
143.518102499995,0,0,18.9,0,0,0.028,-0.014,-1.002,0.3,-0.6,0.1
143.528102499995,0,0,18.9,0,0,0.028,-0.014,-1.002,0.3,-0.6,0.1
143.538102499995,0,0,18.9,0,0,0.028,-0.014,-1.002,0.3,-0.6,0.1
143.548102499995,0,0,18.9,0,0,0.028,-0.014,-1.002,0.3,-0.6,0.1
143.558102499995,0,0,18.9,0,0,0.028,-0.014,-1.002,0.3,-0.6,0.1
143.568102499995,0,0,18.8,0,0,0.029,-0.013,-1.002,0.3,-0.6,0
143.578102499995,0,0,18.8,0,0,0.029,-0.013,-1.002,0.3,-0.6,0
143.588102499995,0,0,18.8,0,0,0.029,-0.013,-1.002,0.3,-0.6,0
143.598102499995,0,0,18.8,0,0,0.029,-0.013,-1.002,0.3,-0.6,0
143.608102499995,0,0,18.8,0,0,0.029,-0.013,-1.002,0.3,-0.6,0
143.618102499995,0,0,18.8,0,0,0.029,-0.013,-1.001,0.3,-0.6,0
143.628102499995,0,0,18.8,0,0,0.029,-0.013,-1.001,0.3,-0.6,0
143.638102499995,0,0,18.8,0,0,0.029,-0.013,-1.001,0.3,-0.6,0
143.648102499995,0,0,18.8,0,0,0.029,-0.013,-1.001,0.3,-0.6,0
143.658102499995,0,0,18.8,0,0,0.029,-0.013,-1.001,0.3,-0.6,0
143.668102499995,0,0,18.8,0,0,0.028,-0.013,-1.001,0.2,-0.6,0
143.678102499995,0,0,18.8,0,0,0.028,-0.013,-1.001,0.2,-0.6,0
143.688102499995,0,0,18.8,0,0,0.028,-0.013,-1.001,0.2,-0.6,0
143.698102499995,0,0,18.8,0,0,0.028,-0.013,-1.001,0.2,-0.6,0
143.708102499995,0,0,18.8,0,0,0.028,-0.013,-1.001,0.2,-0.6,0
143.718102499995,0,0,18.9,0,0,0.028,-0.014,-1,0.3,-0.6,0
143.728102499995,0,0,18.9,0,0,0.028,-0.014,-1,0.3,-0.6,0
143.738102499995,0,0,18.9,0,0,0.028,-0.014,-1,0.3,-0.6,0
143.748102499995,0,0,18.9,0,0,0.028,-0.014,-1,0.3,-0.6,0
143.758102499995,0,0,18.9,0,0,0.028,-0.014,-1,0.3,-0.6,0
143.768102499995,0,0,18.9,0,0,0.029,-0.012,-1.003,0.3,-0.5,0.1
143.778102499995,0,0,18.9,0,0,0.029,-0.012,-1.003,0.3,-0.5,0.1
143.788102499995,0,0,18.9,0,0,0.029,-0.012,-1.003,0.3,-0.5,0.1
143.798102499995,0,0,18.9,0,0,0.029,-0.012,-1.003,0.3,-0.5,0.1
143.808102499995,0,0,18.9,0,0,0.029,-0.012,-1.003,0.3,-0.5,0.1
143.818102499995,0,0,18.9,0,0,0.028,-0.014,-1.003,0.3,-0.6,0
143.828102499995,0,0,18.9,0,0,0.028,-0.014,-1.003,0.3,-0.6,0
143.838102499995,0,0,18.9,0,0,0.028,-0.014,-1.003,0.3,-0.6,0
143.848102499995,0,0,18.9,0,0,0.028,-0.014,-1.003,0.3,-0.6,0
143.858102499995,0,0,18.9,0,0,0.028,-0.014,-1.003,0.3,-0.6,0
143.868102499995,0,0,18.9,0,0,0.029,-0.013,-1.002,0.2,-0.6,0
143.878102499995,0,0,18.9,0,0,0.029,-0.013,-1.002,0.2,-0.6,0
143.888102499995,0,0,18.9,0,0,0.029,-0.013,-1.002,0.2,-0.6,0
143.898102499995,0,0,18.9,0,0,0.029,-0.013,-1.002,0.2,-0.6,0
143.908102499995,0,0,18.9,0,0,0.029,-0.013,-1.002,0.2,-0.6,0
143.918102499995,0,0,18.8,0,0,0.029,-0.014,-1,0.2,-0.6,0
143.928102499995,0,0,18.8,0,0,0.029,-0.014,-1,0.2,-0.6,0
143.938102499995,0,0,18.8,0,0,0.029,-0.014,-1,0.2,-0.6,0
143.948102499995,0,0,18.8,0,0,0.029,-0.014,-1,0.2,-0.6,0
143.958102499995,0,0,18.8,0,0,0.029,-0.014,-1,0.2,-0.6,0
143.968102499995,0,0,18.9,0,0,0.029,-0.013,-1.003,0.2,-0.5,0
143.978102499995,0,0,18.9,0,0,0.029,-0.013,-1.003,0.2,-0.5,0
143.988102499995,0,0,18.9,0,0,0.029,-0.013,-1.003,0.2,-0.5,0
143.998102499995,0,0,18.9,0,0,0.029,-0.013,-1.003,0.2,-0.5,0
144.008102499995,0,0,18.9,0,0,0.029,-0.013,-1.003,0.2,-0.5,0
144.018102499995,0,0,18.8,0,0,0.028,-0.015,-1.002,0.3,-0.4,0
144.028102499995,0,0,18.8,0,0,0.028,-0.015,-1.002,0.3,-0.4,0
144.038102499995,0,0,18.8,0,0,0.028,-0.015,-1.002,0.3,-0.4,0
144.048102499995,0,0,18.8,0,0,0.028,-0.015,-1.002,0.3,-0.4,0
144.058102499995,0,0,18.8,0,0,0.028,-0.015,-1.002,0.3,-0.4,0
144.068102499995,0,0,18.8,0,0,0.029,-0.013,-1.002,0.3,-0.6,0
144.078102499995,0,0,18.8,0,0,0.029,-0.013,-1.002,0.3,-0.6,0
144.088102499995,0,0,18.8,0,0,0.029,-0.013,-1.002,0.3,-0.6,0
144.098102499995,0,0,18.8,0,0,0.029,-0.013,-1.002,0.3,-0.6,0
144.108102499995,0,0,18.8,0,0,0.029,-0.013,-1.002,0.3,-0.6,0
144.118102499995,0,0,18.9,0,0,0.028,-0.015,-1.002,0.3,-0.5,0
144.128102499995,0,0,18.9,0,0,0.028,-0.015,-1.002,0.3,-0.5,0
144.138102499995,0,0,18.9,0,0,0.028,-0.015,-1.002,0.3,-0.5,0
144.148102499995,0,0,18.9,0,0,0.028,-0.015,-1.002,0.3,-0.5,0
144.158102499995,0,0,18.9,0,0,0.028,-0.015,-1.002,0.3,-0.5,0
144.168102499995,0,0,18.9,0,0,0.028,-0.013,-1.002,0.3,-0.6,0
144.178102499995,0,0,18.9,0,0,0.028,-0.013,-1.002,0.3,-0.6,0
144.188102499995,0,0,18.9,0,0,0.028,-0.013,-1.002,0.3,-0.6,0
144.198102499995,0,0,18.9,0,0,0.028,-0.013,-1.002,0.3,-0.6,0
144.208102499995,0,0,18.9,0,0,0.028,-0.013,-1.002,0.3,-0.6,0
144.218102499995,0,0,18.9,0,0,0.029,-0.014,-1.003,0.2,-0.5,0
144.228102499995,0,0,18.9,0,0,0.029,-0.014,-1.003,0.2,-0.5,0
144.238102499995,0,0,18.9,0,0,0.029,-0.014,-1.003,0.2,-0.5,0
144.248102499995,0,0,18.9,0,0,0.029,-0.014,-1.003,0.2,-0.5,0
144.258102499995,0,0,18.9,0,0,0.029,-0.014,-1.003,0.2,-0.5,0
144.268102499995,0,0,18.9,0,0,0.027,-0.014,-1.001,0.3,-0.6,0
144.278102499995,0,0,18.9,0,0,0.027,-0.014,-1.001,0.3,-0.6,0
144.288102499995,0,0,18.9,0,0,0.027,-0.014,-1.001,0.3,-0.6,0
144.298102499995,0,0,18.9,0,0,0.027,-0.014,-1.001,0.3,-0.6,0
144.308102499995,0,0,18.9,0,0,0.027,-0.014,-1.001,0.3,-0.6,0
144.318102499995,0,0,18.8,0,0,0.03,-0.014,-1.002,0.3,-0.6,0
144.328102499995,0,0,18.8,0,0,0.03,-0.014,-1.002,0.3,-0.6,0
144.338102499995,0,0,18.8,0,0,0.03,-0.014,-1.002,0.3,-0.6,0
144.348102499995,0,0,18.8,0,0,0.03,-0.014,-1.002,0.3,-0.6,0
144.358102499995,0,0,18.8,0,0,0.03,-0.014,-1.002,0.3,-0.6,0
144.368102499995,0,0,18.9,0,0,0.027,-0.015,-1.001,0.2,-0.5,0
144.378102499995,0,0,18.9,0,0,0.027,-0.015,-1.001,0.2,-0.5,0
144.388102499995,0,0,18.9,0,0,0.027,-0.015,-1.001,0.2,-0.5,0
144.398102499995,0,0,18.9,0,0,0.027,-0.015,-1.001,0.2,-0.5,0
144.408102499995,0,0,18.9,0,0,0.027,-0.015,-1.001,0.2,-0.5,0
144.418102499995,0,0,18.9,0,0,0.028,-0.013,-1.003,0.3,-0.6,0
144.428102499995,0,0,18.9,0,0,0.028,-0.013,-1.003,0.3,-0.6,0
144.438102499995,0,0,18.9,0,0,0.028,-0.013,-1.003,0.3,-0.6,0
144.448102499995,0,0,18.9,0,0,0.028,-0.013,-1.003,0.3,-0.6,0
144.458102499995,0,0,18.9,0,0,0.028,-0.013,-1.003,0.3,-0.6,0
144.468102499995,0,0,18.9,0,0,0.029,-0.014,-1.003,0.3,-0.6,0
144.478102499995,0,0,18.9,0,0,0.029,-0.014,-1.003,0.3,-0.6,0
144.488102499995,0,0,18.9,0,0,0.029,-0.014,-1.003,0.3,-0.6,0
144.498102499995,0,0,18.9,0,0,0.029,-0.014,-1.003,0.3,-0.6,0
144.508102499995,0,0,18.9,0,0,0.029,-0.014,-1.003,0.3,-0.6,0
144.518102499995,0,0,18.9,0,0,0.028,-0.013,-1.002,0.3,-0.6,0
144.528102499995,0,0,18.9,0,0,0.028,-0.013,-1.002,0.3,-0.6,0
144.538102499995,0,0,18.9,0,0,0.028,-0.013,-1.002,0.3,-0.6,0
144.548102499995,0,0,18.9,0,0,0.028,-0.013,-1.002,0.3,-0.6,0
144.558102499995,0,0,18.9,0,0,0.028,-0.013,-1.002,0.3,-0.6,0
144.568102499995,0,0,18.9,0,0,0.027,-0.013,-1.001,0.3,-0.5,0
144.578102499995,0,0,18.9,0,0,0.027,-0.013,-1.001,0.3,-0.5,0
144.588102499995,0,0,18.9,0,0,0.027,-0.013,-1.001,0.3,-0.5,0
144.598102499995,0,0,18.9,0,0,0.027,-0.013,-1.001,0.3,-0.5,0
144.608102499995,0,0,18.9,0,0,0.027,-0.013,-1.001,0.3,-0.5,0
144.618102499995,0,0,18.8,0,0,0.028,-0.014,-1.002,0.3,-0.4,0
144.628102499995,0,0,18.8,0,0,0.028,-0.014,-1.002,0.3,-0.4,0
144.638102499995,0,0,18.8,0,0,0.028,-0.014,-1.002,0.3,-0.4,0
144.648102499995,0,0,18.8,0,0,0.028,-0.014,-1.002,0.3,-0.4,0
144.658102499995,0,0,18.8,0,0,0.028,-0.014,-1.002,0.3,-0.4,0
144.668102499995,0,0,18.9,0,0,0.028,-0.013,-1.002,0.3,-0.5,0
144.678102499995,0,0,18.9,0,0,0.028,-0.013,-1.002,0.3,-0.5,0
144.688102499995,0,0,18.9,0,0,0.028,-0.013,-1.002,0.3,-0.5,0
144.698102499995,0,0,18.9,0,0,0.028,-0.013,-1.002,0.3,-0.5,0
144.708102499995,0,0,18.9,0,0,0.028,-0.013,-1.002,0.3,-0.5,0
144.718102499995,0,0,18.8,0,0,0.027,-0.014,-1.004,0.3,-0.5,0
144.728102499995,0,0,18.8,0,0,0.027,-0.014,-1.004,0.3,-0.5,0
144.738102499995,0,0,18.8,0,0,0.027,-0.014,-1.004,0.3,-0.5,0
144.748102499995,0,0,18.8,0,0,0.027,-0.014,-1.004,0.3,-0.5,0
144.758102499995,0,0,18.8,0,0,0.027,-0.014,-1.004,0.3,-0.5,0
