Time_s,RPM,Iq_A,Vbat_V,Tinv_C,Treg_C,AccX_g,AccY_g,AccZ_g,GyrX_dps,GyrY_dps,GyrZ_dps
3.7623782,0,0,19,0,0,0.029,-0.017,-1.002,0.3,-0.5,0
3.7723782,0,0,19,0,0,0.029,-0.017,-1.002,0.3,-0.5,0
3.7823782,0,0,19,0,0,0.029,-0.017,-1.002,0.3,-0.5,0
3.7923782,0,0,19,0,0,0.029,-0.017,-1.002,0.3,-0.5,0
3.8023782,0,0,19,0,0,0.029,-0.017,-1.002,0.3,-0.5,0
3.9032899,0,0,19,0,0,0.03,-0.015,-1.002,0.3,-0.5,0
3.9132899,0,0,19,0,0,0.03,-0.015,-1.002,0.3,-0.5,0
3.9232899,0,0,19,0,0,0.03,-0.015,-1.002,0.3,-0.5,0
3.9332899,0,0,19,0,0,0.03,-0.015,-1.002,0.3,-0.5,0
3.9432899,0,0,19,0,0,0.03,-0.015,-1.002,0.3,-0.5,0
3.9532899,0,0,19,0,0,0.03,-0.015,-1.002,0.3,-0.5,0
3.9632899,0,0,19,0,0,0.03,-0.015,-1.002,0.3,-0.5,0
3.9732899,0,0,19,0,0,0.03,-0.015,-1.002,0.3,-0.5,0
3.9832899,0,0,19,0,0,0.03,-0.015,-1.002,0.3,-0.5,0
3.9932899,0,0,19,0,0,0.03,-0.015,-1.002,0.3,-0.5,0
4.0032899,0,0,19,0,0,0.029,-0.015,-1.001,0.3,-0.6,0
4.0132899,0,0,19,0,0,0.029,-0.015,-1.001,0.3,-0.6,0
4.0232899,0,0,19,0,0,0.029,-0.015,-1.001,0.3,-0.6,0
4.0332899,0,0,19,0,0,0.029,-0.015,-1.001,0.3,-0.6,0
4.0432899,0,0,19,0,0,0.029,-0.015,-1.001,0.3,-0.6,0
4.0532899,0,0,19,0,0,0.029,-0.014,-1.001,0.3,-0.6,0
4.0632899,0,0,19,0,0,0.029,-0.014,-1.001,0.3,-0.6,0
4.0732899,0,0,19,0,0,0.029,-0.014,-1.001,0.3,-0.6,0
4.0832899,0,0,19,0,0,0.029,-0.014,-1.001,0.3,-0.6,0
4.0932899,0,0,19,0,0,0.029,-0.014,-1.001,0.3,-0.6,0
4.1032899,0,0,19,0,0,0.03,-0.016,-1.002,0.3,-0.5,0
4.1132899,0,0,19,0,0,0.03,-0.016,-1.002,0.3,-0.5,0
4.1232899,0,0,19,0,0,0.03,-0.016,-1.002,0.3,-0.5,0
4.1332899,0,0,19,0,0,0.03,-0.016,-1.002,0.3,-0.5,0
4.1432899,0,0,19,0,0,0.03,-0.016,-1.002,0.3,-0.5,0
4.1532899,0,0,19,0,0,0.029,-0.015,-1.001,0.3,-0.6,0
4.1632899,0,0,19,0,0,0.029,-0.015,-1.001,0.3,-0.6,0
4.1732899,0,0,19,0,0,0.029,-0.015,-1.001,0.3,-0.6,0
4.1832899,0,0,19,0,0,0.029,-0.015,-1.001,0.3,-0.6,0
4.1932899,0,0,19,0,0,0.029,-0.015,-1.001,0.3,-0.6,0
4.2032899,0,0,19,0,0,0.029,-0.015,-1.002,0.3,-0.6,0
4.2132899,0,0,19,0,0,0.029,-0.015,-1.002,0.3,-0.6,0
4.2232899,0,0,19,0,0,0.029,-0.015,-1.002,0.3,-0.6,0
4.2332899,0,0,19,0,0,0.029,-0.015,-1.002,0.3,-0.6,0
4.2432899,0,0,19,0,0,0.029,-0.015,-1.002,0.3,-0.6,0
4.2532899,0,0,19,0,0,0.03,-0.016,-1.002,0.2,-0.6,0
4.2632899,0,0,19,0,0,0.03,-0.016,-1.002,0.2,-0.6,0
4.2732899,0,0,19,0,0,0.03,-0.016,-1.002,0.2,-0.6,0
4.2832899,0,0,19,0,0,0.03,-0.016,-1.002,0.2,-0.6,0
4.2932899,0,0,19,0,0,0.03,-0.016,-1.002,0.2,-0.6,0
4.3032899,0,0,19,0,0,0.029,-0.014,-1.001,0.3,-0.6,0
4.3132899,0,0,19,0,0,0.029,-0.014,-1.001,0.3,-0.6,0
4.3232899,0,0,19,0,0,0.029,-0.014,-1.001,0.3,-0.6,0
4.3332899,0,0,19,0,0,0.029,-0.014,-1.001,0.3,-0.6,0
4.3432899,0,0,19,0,0,0.029,-0.014,-1.001,0.3,-0.6,0
4.3532899,0,0,19,0,0,0.03,-0.016,-1.002,0.3,-0.5,0
4.3632899,0,0,19,0,0,0.03,-0.016,-1.002,0.3,-0.5,0
4.3732899,0,0,19,0,0,0.03,-0.016,-1.002,0.3,-0.5,0
4.3832899,0,0,19,0,0,0.03,-0.016,-1.002,0.3,-0.5,0
4.3932899,0,0,19,0,0,0.03,-0.016,-1.002,0.3,-0.5,0
4.4032899,0,0,19,0,0,0.029,-0.015,-1.001,0.2,-0.6,0
4.4132899,0,0,19,0,0,0.029,-0.015,-1.001,0.2,-0.6,0
4.4232899,0,0,19,0,0,0.029,-0.015,-1.001,0.2,-0.6,0
4.4332899,0,0,19,0,0,0.029,-0.015,-1.001,0.2,-0.6,0
4.4432899,0,0,19,0,0,0.029,-0.015,-1.001,0.2,-0.6,0
4.4532899,0,0,19,0,0,0.029,-0.015,-1.002,0.2,-0.6,0
4.4632899,0,0,19,0,0,0.029,-0.015,-1.002,0.2,-0.6,0
4.4732899,0,0,19,0,0,0.029,-0.015,-1.002,0.2,-0.6,0
4.4832899,0,0,19,0,0,0.029,-0.015,-1.002,0.2,-0.6,0
4.4932899,0,0,19,0,0,0.029,-0.015,-1.002,0.2,-0.6,0
4.5032899,0,0,19,0,0,0.029,-0.016,-1.002,0.2,-0.5,0
4.5132899,0,0,19,0,0,0.029,-0.016,-1.002,0.2,-0.5,0
4.5232899,0,0,19,0,0,0.029,-0.016,-1.002,0.2,-0.5,0
4.5332899,0,0,19,0,0,0.029,-0.016,-1.002,0.2,-0.5,0
4.5432899,0,0,19,0,0,0.029,-0.016,-1.002,0.2,-0.5,0
4.5532899,0,0,19,0,0,0.029,-0.015,-1.001,0.3,-0.6,0
4.5632899,0,0,19,0,0,0.029,-0.015,-1.001,0.3,-0.6,0
4.5732899,0,0,19,0,0,0.029,-0.015,-1.001,0.3,-0.6,0
4.5832899,0,0,19,0,0,0.029,-0.015,-1.001,0.3,-0.6,0
4.5932899,0,0,19,0,0,0.029,-0.015,-1.001,0.3,-0.6,0
4.6032899,0,0,19,0,0,0.03,-0.017,-1.001,0.3,-0.6,0
4.6132899,0,0,19,0,0,0.03,-0.017,-1.001,0.3,-0.6,0
4.6232899,0,0,19,0,0,0.03,-0.017,-1.001,0.3,-0.6,0
4.6332899,0,0,19,0,0,0.03,-0.017,-1.001,0.3,-0.6,0
4.6432899,0,0,19,0,0,0.03,-0.017,-1.001,0.3,-0.6,0
4.6532899,0,0,19,0,0,0.029,-0.016,-1.002,0.3,-0.6,0
4.6632899,0,0,19,0,0,0.029,-0.016,-1.002,0.3,-0.6,0
4.6732899,0,0,19,0,0,0.029,-0.016,-1.002,0.3,-0.6,0
4.6832899,0,0,19,0,0,0.029,-0.016,-1.002,0.3,-0.6,0
4.6932899,0,0,19,0,0,0.029,-0.016,-1.002,0.3,-0.6,0
4.7032899,0,0,19,0,0,0.029,-0.015,-1.002,0.3,-0.6,0
4.7132899,0,0,19,0,0,0.029,-0.015,-1.002,0.3,-0.6,0
4.7232899,0,0,19,0,0,0.029,-0.015,-1.002,0.3,-0.6,0
4.7332899,0,0,19,0,0,0.029,-0.015,-1.002,0.3,-0.6,0
4.7432899,0,0,19,0,0,0.029,-0.015,-1.002,0.3,-0.6,0
4.7532899,0,0,19,0,0,0.029,-0.016,-1.002,0.3,-0.5,0
4.7632899,0,0,19,0,0,0.029,-0.016,-1.002,0.3,-0.5,0
4.7732899,0,0,19,0,0,0.029,-0.016,-1.002,0.3,-0.5,0
4.7832899,0,0,19,0,0,0.029,-0.016,-1.002,0.3,-0.5,0
4.7932899,0,0,19,0,0,0.029,-0.016,-1.002,0.3,-0.5,0
4.8032899,0,0,19,0,0,0.029,-0.016,-1.002,0.2,-0.6,0
4.8132899,0,0,19,0,0,0.029,-0.016,-1.002,0.2,-0.6,0
4.8232899,0,0,19,0,0,0.029,-0.016,-1.002,0.2,-0.6,0
4.8332899,0,0,19,0,0,0.029,-0.016,-1.002,0.2,-0.6,0
4.8432899,0,0,19,0,0,0.029,-0.016,-1.002,0.2,-0.6,0
4.8532899,0,0,19,0,0,0.03,-0.015,-1.002,0.3,-0.5,0
4.8632899,0,0,19,0,0,0.03,-0.015,-1.002,0.3,-0.5,0
4.8732899,0,0,19,0,0,0.03,-0.015,-1.002,0.3,-0.5,0
4.8832899,0,0,19,0,0,0.03,-0.015,-1.002,0.3,-0.5,0
4.8932899,0,0,19,0,0,0.03,-0.015,-1.002,0.3,-0.5,0
4.9032899,0,0,19,0,0,0.03,-0.015,-1.001,0.3,-0.5,0
4.9132899,0,0,19,0,0,0.03,-0.015,-1.001,0.3,-0.5,0
4.9232899,0,0,19,0,0,0.03,-0.015,-1.001,0.3,-0.5,0
4.9332899,0,0,19,0,0,0.03,-0.015,-1.001,0.3,-0.5,0
4.9432899,0,0,19,0,0,0.03,-0.015,-1.001,0.3,-0.5,0
4.9532899,0,0,19,0,0,0.028,-0.015,-1.002,0.3,-0.6,0
4.9632899,0,0,19,0,0,0.028,-0.015,-1.002,0.3,-0.6,0
4.9732899,0,0,19,0,0,0.028,-0.015,-1.002,0.3,-0.6,0
4.9832899,0,0,19,0,0,0.028,-0.015,-1.002,0.3,-0.6,0
4.9932899,0,0,19,0,0,0.028,-0.015,-1.002,0.3,-0.6,0
5.0032899,0,0,19,0,0,0.03,-0.016,-1.003,0.3,-0.6,0
5.0132899,0,0,19,0,0,0.03,-0.016,-1.003,0.3,-0.6,0
5.0232899,0,0,19,0,0,0.03,-0.016,-1.003,0.3,-0.6,0
5.0332899,0,0,19,0,0,0.03,-0.016,-1.003,0.3,-0.6,0
5.0432899,0,0,19,0,0,0.03,-0.016,-1.003,0.3,-0.6,0
5.0532899,0,0,19,0,0,0.029,-0.015,-1.002,0.3,-0.5,0
5.0632899,0,0,19,0,0,0.029,-0.015,-1.002,0.3,-0.5,0
5.0732899,0,0,19,0,0,0.029,-0.015,-1.002,0.3,-0.5,0
5.0832899,0,0,19,0,0,0.029,-0.015,-1.002,0.3,-0.5,0
5.0932899,0,0,19,0,0,0.029,-0.015,-1.002,0.3,-0.5,0
5.1220692,0,0,19,0,0,0.03,-0.014,-1.001,0.3,-0.6,0
5.1320692,0,0,19,0,0,0.03,-0.014,-1.001,0.3,-0.6,0
5.1420692,0,0,19,0,0,0.03,-0.014,-1.001,0.3,-0.6,0
5.1520692,0,0,19,0,0,0.03,-0.014,-1.001,0.3,-0.6,0
5.1620692,0,0,19,0,0,0.03,-0.014,-1.001,0.3,-0.6,0
5.18414,0,0,19,0,0,0.029,-0.016,-1.002,0.3,-0.6,0
5.19414,0,0,19,0,0,0.029,-0.016,-1.002,0.3,-0.6,0
5.20414,0,0,19,0,0,0.029,-0.016,-1.002,0.3,-0.6,0
5.21414,0,0,19,0,0,0.029,-0.016,-1.002,0.3,-0.6,0
5.22414,0,0,19,0,0,0.029,-0.016,-1.002,0.3,-0.6,0
5.2663454,0,0,19,0,0,0.029,-0.014,-1.002,0.3,-0.6,0
5.2763454,0,0,19,0,0,0.029,-0.014,-1.002,0.3,-0.6,0
5.2863454,0,0,19,0,0,0.029,-0.014,-1.002,0.3,-0.6,0
5.2963454,0,0,19,0,0,0.029,-0.014,-1.002,0.3,-0.6,0
5.3063454,0,0,19,0,0,0.029,-0.014,-1.002,0.3,-0.6,0
5.3473829,0,0,19,0,0,0.029,-0.014,-1.001,0.3,-0.5,0
5.3573829,0,0,19,0,0,0.029,-0.014,-1.001,0.3,-0.5,0
5.3673829,0,0,19,0,0,0.029,-0.014,-1.001,0.3,-0.5,0
5.3773829,0,0,19,0,0,0.029,-0.014,-1.001,0.3,-0.5,0
5.3873829,0,0,19,0,0,0.029,-0.014,-1.001,0.3,-0.5,0
5.412374,0,0,19,0,0,0.029,-0.016,-1.001,0.3,-0.6,0
5.422374,0,0,19,0,0,0.029,-0.016,-1.001,0.3,-0.6,0
5.432374,0,0,19,0,0,0.029,-0.016,-1.001,0.3,-0.6,0
5.442374,0,0,19,0,0,0.029,-0.016,-1.001,0.3,-0.6,0
5.452374,0,0,19,0,0,0.029,-0.016,-1.001,0.3,-0.6,0
5.4924099,0,0,19,0,0,0.03,-0.015,-1.001,0.3,-0.5,0
5.5024099,0,0,19,0,0,0.03,-0.015,-1.001,0.3,-0.5,0
5.5124099,0,0,19,0,0,0.03,-0.015,-1.001,0.3,-0.5,0
5.5224099,0,0,19,0,0,0.03,-0.015,-1.001,0.3,-0.5,0
5.5324099,0,0,19,0,0,0.03,-0.015,-1.001,0.3,-0.5,0
5.5424099,0,0,19,0,0,0.029,-0.015,-1.002,0.3,-0.5,0
5.5524099,0,0,19,0,0,0.029,-0.015,-1.002,0.3,-0.5,0
5.5624099,0,0,19,0,0,0.029,-0.015,-1.002,0.3,-0.5,0
5.5724099,0,0,19,0,0,0.029,-0.015,-1.002,0.3,-0.5,0
5.5824099,0,0,19,0,0,0.029,-0.015,-1.002,0.3,-0.5,0
5.5924099,0,0,19,0,0,0.03,-0.013,-1.002,0.2,-0.6,0
5.6024099,0,0,19,0,0,0.03,-0.013,-1.002,0.2,-0.6,0
5.6124099,0,0,19,0,0,0.03,-0.013,-1.002,0.2,-0.6,0
5.6224099,0,0,19,0,0,0.03,-0.013,-1.002,0.2,-0.6,0
5.6324099,0,0,19,0,0,0.03,-0.013,-1.002,0.2,-0.6,0
5.6425519,0,0,19,0,0,0.029,-0.015,-1.001,0.2,-0.6,0
5.6525519,0,0,19,0,0,0.029,-0.015,-1.001,0.2,-0.6,0
5.6625519,0,0,19,0,0,0.029,-0.015,-1.001,0.2,-0.6,0
5.6725519,0,0,19,0,0,0.029,-0.015,-1.001,0.2,-0.6,0
5.6825519,0,0,19,0,0,0.029,-0.015,-1.001,0.2,-0.6,0
5.6925519,0,0,19,0,0,0.029,-0.015,-1.001,0.2,-0.6,0
5.7025519,0,0,19,0,0,0.029,-0.015,-1.001,0.2,-0.6,0
5.7125519,0,0,19,0,0,0.029,-0.015,-1.001,0.2,-0.6,0
5.7225519,0,0,19,0,0,0.029,-0.015,-1.001,0.2,-0.6,0
5.7325519,0,0,19,0,0,0.029,-0.015,-1.001,0.2,-0.6,0
5.7425519,0,0,19,0,0,0.03,-0.016,-1.002,0.3,-0.6,0
5.7525519,0,0,19,0,0,0.03,-0.016,-1.002,0.3,-0.6,0
5.7625519,0,0,19,0,0,0.03,-0.016,-1.002,0.3,-0.6,0
5.7725519,0,0,19,0,0,0.03,-0.016,-1.002,0.3,-0.6,0
5.7825519,0,0,19,0,0,0.03,-0.016,-1.002,0.3,-0.6,0
5.7925519,0,0,19,0,0,0.029,-0.014,-1.002,0.3,-0.6,0
5.8025519,0,0,19,0,0,0.029,-0.014,-1.002,0.3,-0.6,0
5.8125519,0,0,19,0,0,0.029,-0.014,-1.002,0.3,-0.6,0
5.8225519,0,0,19,0,0,0.029,-0.014,-1.002,0.3,-0.6,0
5.8325519,0,0,19,0,0,0.029,-0.014,-1.002,0.3,-0.6,0
5.8425519,0,0,19,0,0,0.03,-0.016,-1.002,0.3,-0.6,0
5.8525519,0,0,19,0,0,0.03,-0.016,-1.002,0.3,-0.6,0
5.8625519,0,0,19,0,0,0.03,-0.016,-1.002,0.3,-0.6,0
5.8725519,0,0,19,0,0,0.03,-0.016,-1.002,0.3,-0.6,0
5.8825519,0,0,19,0,0,0.03,-0.016,-1.002,0.3,-0.6,0
5.8925519,0,0,19,0,0,0.029,-0.015,-1.001,0.3,-0.6,0
5.9025519,0,0,19,0,0,0.029,-0.015,-1.001,0.3,-0.6,0
5.9125519,0,0,19,0,0,0.029,-0.015,-1.001,0.3,-0.6,0
5.9225519,0,0,19,0,0,0.029,-0.015,-1.001,0.3,-0.6,0
5.9325519,0,0,19,0,0,0.029,-0.015,-1.001,0.3,-0.6,0
5.9448299,0,0,19,0,0,0.03,-0.016,-1.001,0.3,-0.6,0
5.9548299,0,0,19,0,0,0.03,-0.016,-1.001,0.3,-0.6,0
5.9648299,0,0,19,0,0,0.03,-0.016,-1.001,0.3,-0.6,0
5.9748299,0,0,19,0,0,0.03,-0.016,-1.001,0.3,-0.6,0
5.9848299,0,0,19,0,0,0.03,-0.016,-1.001,0.3,-0.6,0
5.9948299,0,0,19,0,0,0.03,-0.015,-1.001,0.3,-0.6,0.1
6.0048299,0,0,19,0,0,0.03,-0.015,-1.001,0.3,-0.6,0.1
6.0148299,0,0,19,0,0,0.03,-0.015,-1.001,0.3,-0.6,0.1
6.0248299,0,0,19,0,0,0.03,-0.015,-1.001,0.3,-0.6,0.1
6.0348299,0,0,19,0,0,0.03,-0.015,-1.001,0.3,-0.6,0.1
6.0448299,0,0,19,0,0,0.029,-0.015,-1.001,0.2,-0.6,0
6.0548299,0,0,19,0,0,0.029,-0.015,-1.001,0.2,-0.6,0
6.0648299,0,0,19,0,0,0.029,-0.015,-1.001,0.2,-0.6,0
6.0748299,0,0,19,0,0,0.029,-0.015,-1.001,0.2,-0.6,0
6.0848299,0,0,19,0,0,0.029,-0.015,-1.001,0.2,-0.6,0
6.0948299,0,0,19,0,0,0.03,-0.015,-1.001,0.3,-0.5,0
6.1048299,0,0,19,0,0,0.03,-0.015,-1.001,0.3,-0.5,0
6.1148299,0,0,19,0,0,0.03,-0.015,-1.001,0.3,-0.5,0
6.1248299,0,0,19,0,0,0.03,-0.015,-1.001,0.3,-0.5,0
6.1348299,0,0,19,0,0,0.03,-0.015,-1.001,0.3,-0.5,0
6.167704,0,0,19,0,0,0.029,-0.015,-1.001,0.3,-0.5,0.1
6.177704,0,0,19,0,0,0.029,-0.015,-1.001,0.3,-0.5,0.1
6.187704,0,0,19,0,0,0.029,-0.015,-1.001,0.3,-0.5,0.1
6.197704,0,0,19,0,0,0.029,-0.015,-1.001,0.3,-0.5,0.1
6.207704,0,0,19,0,0,0.029,-0.015,-1.001,0.3,-0.5,0.1
6.2490503,0,0,19,0,0,0.029,-0.015,-1.001,0.3,-0.5,0
6.2590503,0,0,19,0,0,0.029,-0.015,-1.001,0.3,-0.5,0
6.2690503,0,0,19,0,0,0.029,-0.015,-1.001,0.3,-0.5,0
6.2790503,0,0,19,0,0,0.029,-0.015,-1.001,0.3,-0.5,0
6.2890503,0,0,19,0,0,0.029,-0.015,-1.001,0.3,-0.5,0
6.2990503,0,0,19,0,0,0.03,-0.015,-1.002,0.3,-0.6,0
6.3090503,0,0,19,0,0,0.03,-0.015,-1.002,0.3,-0.6,0
6.3190503,0,0,19,0,0,0.03,-0.015,-1.002,0.3,-0.6,0
6.3290503,0,0,19,0,0,0.03,-0.015,-1.002,0.3,-0.6,0
6.3390503,0,0,19,0,0,0.03,-0.015,-1.002,0.3,-0.6,0
6.3490503,0,0,19,0,0,0.029,-0.016,-1.001,0.3,-0.6,0
6.3590503,0,0,19,0,0,0.029,-0.016,-1.001,0.3,-0.6,0
6.3690503,0,0,19,0,0,0.029,-0.016,-1.001,0.3,-0.6,0
6.3790503,0,0,19,0,0,0.029,-0.016,-1.001,0.3,-0.6,0
6.3890503,0,0,19,0,0,0.029,-0.016,-1.001,0.3,-0.6,0
6.3990503,0,0,19,0,0,0.029,-0.015,-1.001,0.3,-0.6,0
6.4090503,0,0,19,0,0,0.029,-0.015,-1.001,0.3,-0.6,0
6.4190503,0,0,19,0,0,0.029,-0.015,-1.001,0.3,-0.6,0
6.4290503,0,0,19,0,0,0.029,-0.015,-1.001,0.3,-0.6,0
6.4390503,0,0,19,0,0,0.029,-0.015,-1.001,0.3,-0.6,0
6.4490503,0,0,19,0,0,0.029,-0.015,-1.001,0.3,-0.6,0
6.4590503,0,0,19,0,0,0.029,-0.015,-1.001,0.3,-0.6,0
6.4690503,0,0,19,0,0,0.029,-0.015,-1.001,0.3,-0.6,0
6.4790503,0,0,19,0,0,0.029,-0.015,-1.001,0.3,-0.6,0
6.4890503,0,0,19,0,0,0.029,-0.015,-1.001,0.3,-0.6,0
6.4990503,0,0,19,0,0,0.028,-0.014,-1,0.3,-0.6,0
6.5090503,0,0,19,0,0,0.028,-0.014,-1,0.3,-0.6,0
6.5190503,0,0,19,0,0,0.028,-0.014,-1,0.3,-0.6,0
6.5290503,0,0,19,0,0,0.028,-0.014,-1,0.3,-0.6,0
6.5390503,0,0,19,0,0,0.028,-0.014,-1,0.3,-0.6,0
6.5490503,0,0,19,0,0,0.03,-0.016,-1.002,0.2,-0.6,0
6.5590503,0,0,19,0,0,0.03,-0.016,-1.002,0.2,-0.6,0
6.5690503,0,0,19,0,0,0.03,-0.016,-1.002,0.2,-0.6,0
6.5790503,0,0,19,0,0,0.03,-0.016,-1.002,0.2,-0.6,0
6.5890503,0,0,19,0,0,0.03,-0.016,-1.002,0.2,-0.6,0
6.5990503,0,0,19,0,0,0.029,-0.015,-1.001,0.3,-0.5,0
6.6090503,0,0,19,0,0,0.029,-0.015,-1.001,0.3,-0.5,0
6.6190503,0,0,19,0,0,0.029,-0.015,-1.001,0.3,-0.5,0
6.6290503,0,0,19,0,0,0.029,-0.015,-1.001,0.3,-0.5,0
6.6390503,0,0,19,0,0,0.029,-0.015,-1.001,0.3,-0.5,0
6.6490503,0,0,19,0,0,0.03,-0.015,-1.002,0.3,-0.6,0
6.6590503,0,0,19,0,0,0.03,-0.015,-1.002,0.3,-0.6,0
6.6690503,0,0,19,0,0,0.03,-0.015,-1.002,0.3,-0.6,0
6.6790503,0,0,19,0,0,0.03,-0.015,-1.002,0.3,-0.6,0
6.6890503,0,0,19,0,0,0.03,-0.015,-1.002,0.3,-0.6,0
6.6990503,0,0,19,0,0,0.029,-0.015,-1.001,0.3,-0.6,0
6.7090503,0,0,19,0,0,0.029,-0.015,-1.001,0.3,-0.6,0
6.7190503,0,0,19,0,0,0.029,-0.015,-1.001,0.3,-0.6,0
6.7290503,0,0,19,0,0,0.029,-0.015,-1.001,0.3,-0.6,0
6.7390503,0,0,19,0,0,0.029,-0.015,-1.001,0.3,-0.6,0
6.8171715,0,0,19,0,0,0.03,-0.015,-1.003,0.3,-0.5,0
6.8271715,0,0,19,0,0,0.03,-0.015,-1.003,0.3,-0.5,0
6.8371715,0,0,19,0,0,0.03,-0.015,-1.003,0.3,-0.5,0
6.8471715,0,0,19,0,0,0.03,-0.015,-1.003,0.3,-0.5,0
6.8571715,0,0,19,0,0,0.03,-0.015,-1.003,0.3,-0.5,0
6.8671715,0,0,19,0,0,0.029,-0.014,-1.002,0.3,-0.5,0
6.8771715,0,0,19,0,0,0.029,-0.014,-1.002,0.3,-0.5,0
6.8871715,0,0,19,0,0,0.029,-0.014,-1.002,0.3,-0.5,0
6.8971715,0,0,19,0,0,0.029,-0.014,-1.002,0.3,-0.5,0
6.9071715,0,0,19,0,0,0.029,-0.014,-1.002,0.3,-0.5,0
6.9171715,0,0,19,0,0,0.029,-0.015,-1.001,0.2,-0.5,0
6.9271715,0,0,19,0,0,0.029,-0.015,-1.001,0.2,-0.5,0
6.9371715,0,0,19,0,0,0.029,-0.015,-1.001,0.2,-0.5,0
6.9471715,0,0,19,0,0,0.029,-0.015,-1.001,0.2,-0.5,0
6.9571715,0,0,19,0,0,0.029,-0.015,-1.001,0.2,-0.5,0
6.9671715,0,0,19,0,0,0.029,-0.015,-1.002,0.2,-0.5,0
6.9771715,0,0,19,0,0,0.029,-0.015,-1.002,0.2,-0.5,0
6.9871715,0,0,19,0,0,0.029,-0.015,-1.002,0.2,-0.5,0
6.9971715,0,0,19,0,0,0.029,-0.015,-1.002,0.2,-0.5,0
7.0071715,0,0,19,0,0,0.029,-0.015,-1.002,0.2,-0.5,0
7.0171715,0,0,19,0,0,0.029,-0.016,-1.002,0.3,-0.6,0
7.0271715,0,0,19,0,0,0.029,-0.016,-1.002,0.3,-0.6,0
7.0371715,0,0,19,0,0,0.029,-0.016,-1.002,0.3,-0.6,0
7.0471715,0,0,19,0,0,0.029,-0.016,-1.002,0.3,-0.6,0
7.0571715,0,0,19,0,0,0.029,-0.016,-1.002,0.3,-0.6,0
7.0671715,0,0,19,0,0,0.03,-0.015,-1,0.3,-0.6,0.1
7.0771715,0,0,19,0,0,0.03,-0.015,-1,0.3,-0.6,0.1
7.0871715,0,0,19,0,0,0.03,-0.015,-1,0.3,-0.6,0.1
7.0971715,0,0,19,0,0,0.03,-0.015,-1,0.3,-0.6,0.1
7.1071715,0,0,19,0,0,0.03,-0.015,-1,0.3,-0.6,0.1
7.1171715,0,0,19,0,0,0.03,-0.016,-1.002,0.3,-0.6,0
7.1271715,0,0,19,0,0,0.03,-0.016,-1.002,0.3,-0.6,0
7.1371715,0,0,19,0,0,0.03,-0.016,-1.002,0.3,-0.6,0
7.1471715,0,0,19,0,0,0.03,-0.016,-1.002,0.3,-0.6,0
7.1571715,0,0,19,0,0,0.03,-0.016,-1.002,0.3,-0.6,0
7.1671715,0,0,19,0,0,0.03,-0.014,-1.001,0.3,-0.6,0
7.1771715,0,0,19,0,0,0.03,-0.014,-1.001,0.3,-0.6,0
7.1871715,0,0,19,0,0,0.03,-0.014,-1.001,0.3,-0.6,0
7.1971715,0,0,19,0,0,0.03,-0.014,-1.001,0.3,-0.6,0
7.2071715,0,0,19,0,0,0.03,-0.014,-1.001,0.3,-0.6,0
7.2171715,0,0,19,0,0,0.03,-0.015,-1.002,0.3,-0.6,0
7.2271715,0,0,19,0,0,0.03,-0.015,-1.002,0.3,-0.6,0
7.2371715,0,0,19,0,0,0.03,-0.015,-1.002,0.3,-0.6,0
7.2471715,0,0,19,0,0,0.03,-0.015,-1.002,0.3,-0.6,0
7.2571715,0,0,19,0,0,0.03,-0.015,-1.002,0.3,-0.6,0
7.2671715,0,0,19,0,0,0.029,-0.015,-1.001,0.2,-0.6,0
7.2771715,0,0,19,0,0,0.029,-0.015,-1.001,0.2,-0.6,0
7.2871715,0,0,19,0,0,0.029,-0.015,-1.001,0.2,-0.6,0
7.2971715,0,0,19,0,0,0.029,-0.015,-1.001,0.2,-0.6,0
7.3071715,0,0,19,0,0,0.029,-0.015,-1.001,0.2,-0.6,0
7.3171715,0,0,19,0,0,0.029,-0.015,-1.001,0.3,-0.6,0
7.3271715,0,0,19,0,0,0.029,-0.015,-1.001,0.3,-0.6,0
7.3371715,0,0,19,0,0,0.029,-0.015,-1.001,0.3,-0.6,0
7.3471715,0,0,19,0,0,0.029,-0.015,-1.001,0.3,-0.6,0
7.3571715,0,0,19,0,0,0.029,-0.015,-1.001,0.3,-0.6,0
7.3671715,0,0,19,0,0,0.029,-0.015,-1.002,0.2,-0.6,0
7.3771715,0,0,19,0,0,0.029,-0.015,-1.002,0.2,-0.6,0
7.3871715,0,0,19,0,0,0.029,-0.015,-1.002,0.2,-0.6,0
7.3971715,0,0,19,0,0,0.029,-0.015,-1.002,0.2,-0.6,0
7.4071715,0,0,19,0,0,0.029,-0.015,-1.002,0.2,-0.6,0
7.4171715,0,0,19,0,0,0.03,-0.015,-1.001,0.3,-0.5,0
7.4271715,0,0,19,0,0,0.03,-0.015,-1.001,0.3,-0.5,0
7.4371715,0,0,19,0,0,0.03,-0.015,-1.001,0.3,-0.5,0
7.4471715,0,0,19,0,0,0.03,-0.015,-1.001,0.3,-0.5,0
7.4571715,0,0,19,0,0,0.03,-0.015,-1.001,0.3,-0.5,0
7.4671715,0,0,19,0,0,0.029,-0.015,-1.001,0.3,-0.5,0
7.4771715,0,0,19,0,0,0.029,-0.015,-1.001,0.3,-0.5,0
7.4871715,0,0,19,0,0,0.029,-0.015,-1.001,0.3,-0.5,0
7.4971715,0,0,19,0,0,0.029,-0.015,-1.001,0.3,-0.5,0
7.5071715,0,0,19,0,0,0.029,-0.015,-1.001,0.3,-0.5,0
7.5171715,0,0,19,0,0,0.029,-0.015,-1.001,0.3,-0.6,0
7.5271715,0,0,19,0,0,0.029,-0.015,-1.001,0.3,-0.6,0
7.5371715,0,0,19,0,0,0.029,-0.015,-1.001,0.3,-0.6,0
7.5471715,0,0,19,0,0,0.029,-0.015,-1.001,0.3,-0.6,0
7.5571715,0,0,19,0,0,0.029,-0.015,-1.001,0.3,-0.6,0
7.5671715,0,0,19,0,0,0.029,-0.016,-1.001,0.3,-0.5,0.1
7.5771715,0,0,19,0,0,0.029,-0.016,-1.001,0.3,-0.5,0.1
7.5871715,0,0,19,0,0,0.029,-0.016,-1.001,0.3,-0.5,0.1
7.5971715,0,0,19,0,0,0.029,-0.016,-1.001,0.3,-0.5,0.1
7.6071715,0,0,19,0,0,0.029,-0.016,-1.001,0.3,-0.5,0.1
7.6171715,0,0,19,0,0,0.029,-0.015,-1.002,0.3,-0.5,0
7.6271715,0,0,19,0,0,0.029,-0.015,-1.002,0.3,-0.5,0
7.6371715,0,0,19,0,0,0.029,-0.015,-1.002,0.3,-0.5,0
7.6471715,0,0,19,0,0,0.029,-0.015,-1.002,0.3,-0.5,0
7.6571715,0,0,19,0,0,0.029,-0.015,-1.002,0.3,-0.5,0
7.6671715,0,0,19,0,0,0.029,-0.015,-1.001,0.3,-0.6,0
7.6771715,0,0,19,0,0,0.029,-0.015,-1.001,0.3,-0.6,0
7.6871715,0,0,19,0,0,0.029,-0.015,-1.001,0.3,-0.6,0
7.6971715,0,0,19,0,0,0.029,-0.015,-1.001,0.3,-0.6,0
7.7071715,0,0,19,0,0,0.029,-0.015,-1.001,0.3,-0.6,0
7.7171715,0,0,19,0,0,0.029,-0.015,-1.002,0.3,-0.6,0
7.7271715,0,0,19,0,0,0.029,-0.015,-1.002,0.3,-0.6,0
7.7371715,0,0,19,0,0,0.029,-0.015,-1.002,0.3,-0.6,0
7.7471715,0,0,19,0,0,0.029,-0.015,-1.002,0.3,-0.6,0
7.7571715,0,0,19,0,0,0.029,-0.015,-1.002,0.3,-0.6,0
7.7671715,0,0,19,0,0,0.029,-0.014,-1.001,0.3,-0.5,0
7.7771715,0,0,19,0,0,0.029,-0.014,-1.001,0.3,-0.5,0
7.7871715,0,0,19,0,0,0.029,-0.014,-1.001,0.3,-0.5,0
7.7971715,0,0,19,0,0,0.029,-0.014,-1.001,0.3,-0.5,0
7.8071715,0,0,19,0,0,0.029,-0.014,-1.001,0.3,-0.5,0
7.8171715,0,0,19,0,0,0.028,-0.014,-1.002,0.2,-0.4,0
7.8271715,0,0,19,0,0,0.028,-0.014,-1.002,0.2,-0.4,0
7.8371715,0,0,19,0,0,0.028,-0.014,-1.002,0.2,-0.4,0
7.8471715,0,0,19,0,0,0.028,-0.014,-1.002,0.2,-0.4,0
7.8571715,0,0,19,0,0,0.028,-0.014,-1.002,0.2,-0.4,0
7.8671715,0,0,19,0,0,0.029,-0.016,-1.001,0.2,-0.5,0
7.8771715,0,0,19,0,0,0.029,-0.016,-1.001,0.2,-0.5,0
7.8871715,0,0,19,0,0,0.029,-0.016,-1.001,0.2,-0.5,0
7.8971715,0,0,19,0,0,0.029,-0.016,-1.001,0.2,-0.5,0
7.9071715,0,0,19,0,0,0.029,-0.016,-1.001,0.2,-0.5,0
7.9171715,0,0,19,0,0,0.029,-0.014,-1.001,0.3,-0.6,0
7.9271715,0,0,19,0,0,0.029,-0.014,-1.001,0.3,-0.6,0
7.9371715,0,0,19,0,0,0.029,-0.014,-1.001,0.3,-0.6,0
7.9471715,0,0,19,0,0,0.029,-0.014,-1.001,0.3,-0.6,0
7.9571715,0,0,19,0,0,0.029,-0.014,-1.001,0.3,-0.6,0
7.9671715,0,0,19,0,0,0.029,-0.016,-1.001,0.3,-0.5,0
7.9771715,0,0,19,0,0,0.029,-0.016,-1.001,0.3,-0.5,0
7.9871715,0,0,19,0,0,0.029,-0.016,-1.001,0.3,-0.5,0
7.9971715,0,0,19,0,0,0.029,-0.016,-1.001,0.3,-0.5,0
8.00717149999999,0,0,19,0,0,0.029,-0.016,-1.001,0.3,-0.5,0
8.01717149999999,0,0,19,0,0,0.028,-0.014,-1.002,0.2,-0.6,0.1
8.02717149999999,0,0,19,0,0,0.028,-0.014,-1.002,0.2,-0.6,0.1
8.03717149999999,0,0,19,0,0,0.028,-0.014,-1.002,0.2,-0.6,0.1
8.04717149999999,0,0,19,0,0,0.028,-0.014,-1.002,0.2,-0.6,0.1
8.05717149999999,0,0,19,0,0,0.028,-0.014,-1.002,0.2,-0.6,0.1
8.06717149999999,0,0,19,0,0,0.029,-0.015,-1.001,0.3,-0.6,0
8.07717149999999,0,0,19,0,0,0.029,-0.015,-1.001,0.3,-0.6,0
8.08717149999999,0,0,19,0,0,0.029,-0.015,-1.001,0.3,-0.6,0
8.09717149999999,0,0,19,0,0,0.029,-0.015,-1.001,0.3,-0.6,0
8.10717149999999,0,0,19,0,0,0.029,-0.015,-1.001,0.3,-0.6,0
8.11717149999999,0,0,19,0,0,0.029,-0.015,-1.002,0.3,-0.6,0
8.12717149999999,0,0,19,0,0,0.029,-0.015,-1.002,0.3,-0.6,0
8.13717149999999,0,0,19,0,0,0.029,-0.015,-1.002,0.3,-0.6,0
8.14717149999999,0,0,19,0,0,0.029,-0.015,-1.002,0.3,-0.6,0
8.15717149999999,0,0,19,0,0,0.029,-0.015,-1.002,0.3,-0.6,0
8.16717149999999,0,0,19,0,0,0.029,-0.015,-1.002,0.2,-0.6,0
8.17717149999999,0,0,19,0,0,0.029,-0.015,-1.002,0.2,-0.6,0
8.18717149999999,0,0,19,0,0,0.029,-0.015,-1.002,0.2,-0.6,0
8.19717149999999,0,0,19,0,0,0.029,-0.015,-1.002,0.2,-0.6,0
8.20717149999999,0,0,19,0,0,0.029,-0.015,-1.002,0.2,-0.6,0
8.21717149999999,0,0,19,0,0,0.03,-0.016,-1.002,0.3,-0.6,0
8.22717149999999,0,0,19,0,0,0.03,-0.016,-1.002,0.3,-0.6,0
8.23717149999999,0,0,19,0,0,0.03,-0.016,-1.002,0.3,-0.6,0
8.24717149999999,0,0,19,0,0,0.03,-0.016,-1.002,0.3,-0.6,0
8.25717149999999,0,0,19,0,0,0.03,-0.016,-1.002,0.3,-0.6,0
8.26717149999999,0,0,19,0,0,0.029,-0.013,-1.001,0.2,-0.5,0
8.27717149999999,0,0,19,0,0,0.029,-0.013,-1.001,0.2,-0.5,0
8.28717149999999,0,0,19,0,0,0.029,-0.013,-1.001,0.2,-0.5,0
8.29717149999999,0,0,19,0,0,0.029,-0.013,-1.001,0.2,-0.5,0
8.30717149999999,0,0,19,0,0,0.029,-0.013,-1.001,0.2,-0.5,0
8.31717149999999,0,0,19,0,0,0.03,-0.015,-1.002,0.3,-0.6,0
8.32717149999999,0,0,19,0,0,0.03,-0.015,-1.002,0.3,-0.6,0
8.33717149999999,0,0,19,0,0,0.03,-0.015,-1.002,0.3,-0.6,0
8.34717149999999,0,0,19,0,0,0.03,-0.015,-1.002,0.3,-0.6,0
8.35717149999999,0,0,19,0,0,0.03,-0.015,-1.002,0.3,-0.6,0
8.36717149999999,0,0,19,0,0,0.03,-0.014,-1.001,0.3,-0.5,0
8.37717149999999,0,0,19,0,0,0.03,-0.014,-1.001,0.3,-0.5,0
8.38717149999999,0,0,19,0,0,0.03,-0.014,-1.001,0.3,-0.5,0
8.39717149999999,0,0,19,0,0,0.03,-0.014,-1.001,0.3,-0.5,0
8.40717149999999,0,0,19,0,0,0.03,-0.014,-1.001,0.3,-0.5,0
8.41717149999999,0,0,19,0,0,0.028,-0.015,-1.002,0.3,-0.6,0
8.42717149999999,0,0,19,0,0,0.028,-0.015,-1.002,0.3,-0.6,0
8.43717149999999,0,0,19,0,0,0.028,-0.015,-1.002,0.3,-0.6,0
8.44717149999999,0,0,19,0,0,0.028,-0.015,-1.002,0.3,-0.6,0
8.45717149999999,0,0,19,0,0,0.028,-0.015,-1.002,0.3,-0.6,0
8.46717149999998,0,0,19,0,0,0.03,-0.015,-1.002,0.2,-0.6,0
8.47717149999998,0,0,19,0,0,0.03,-0.015,-1.002,0.2,-0.6,0
8.48717149999998,0,0,19,0,0,0.03,-0.015,-1.002,0.2,-0.6,0
8.49717149999998,0,0,19,0,0,0.03,-0.015,-1.002,0.2,-0.6,0
8.50717149999998,0,0,19,0,0,0.03,-0.015,-1.002,0.2,-0.6,0
8.51717149999998,0,0,19,0,0,0.029,-0.014,-1.002,0.3,-0.6,0
8.52717149999998,0,0,19,0,0,0.029,-0.014,-1.002,0.3,-0.6,0
8.53717149999998,0,0,19,0,0,0.029,-0.014,-1.002,0.3,-0.6,0
8.54717149999998,0,0,19,0,0,0.029,-0.014,-1.002,0.3,-0.6,0
8.55717149999998,0,0,19,0,0,0.029,-0.014,-1.002,0.3,-0.6,0
8.56717149999998,0,0,19,0,0,0.029,-0.015,-1.001,0.3,-0.5,0
8.57717149999998,0,0,19,0,0,0.029,-0.015,-1.001,0.3,-0.5,0
8.58717149999998,0,0,19,0,0,0.029,-0.015,-1.001,0.3,-0.5,0
8.59717149999998,0,0,19,0,0,0.029,-0.015,-1.001,0.3,-0.5,0
8.60717149999998,0,0,19,0,0,0.029,-0.015,-1.001,0.3,-0.5,0
8.61717149999998,0,0,19,0,0,0.029,-0.016,-1.002,0.3,-0.6,0
8.62717149999998,0,0,19,0,0,0.029,-0.016,-1.002,0.3,-0.6,0
8.63717149999998,0,0,19,0,0,0.029,-0.016,-1.002,0.3,-0.6,0
8.64717149999998,0,0,19,0,0,0.029,-0.016,-1.002,0.3,-0.6,0
8.65717149999998,0,0,19,0,0,0.029,-0.016,-1.002,0.3,-0.6,0
8.66717149999998,0,0,19,0,0,0.029,-0.015,-1.003,0.3,-0.6,0
8.67717149999998,0,0,19,0,0,0.029,-0.015,-1.003,0.3,-0.6,0
8.68717149999998,0,0,19,0,0,0.029,-0.015,-1.003,0.3,-0.6,0
8.69717149999998,0,0,19,0,0,0.029,-0.015,-1.003,0.3,-0.6,0
8.70717149999998,0,0,19,0,0,0.029,-0.015,-1.003,0.3,-0.6,0
8.71717149999998,0,0,19,0,0,0.029,-0.015,-1.002,0.3,-0.5,0
8.72717149999998,0,0,19,0,0,0.029,-0.015,-1.002,0.3,-0.5,0
8.73717149999998,0,0,19,0,0,0.029,-0.015,-1.002,0.3,-0.5,0
8.74717149999998,0,0,19,0,0,0.029,-0.015,-1.002,0.3,-0.5,0
8.75717149999998,0,0,19,0,0,0.029,-0.015,-1.002,0.3,-0.5,0
8.76717149999998,0,0,19,0,0,0.03,-0.015,-1.002,0.3,-0.6,0
8.77717149999998,0,0,19,0,0,0.03,-0.015,-1.002,0.3,-0.6,0
8.78717149999998,0,0,19,0,0,0.03,-0.015,-1.002,0.3,-0.6,0
8.79717149999998,0,0,19,0,0,0.03,-0.015,-1.002,0.3,-0.6,0
8.80717149999998,0,0,19,0,0,0.03,-0.015,-1.002,0.3,-0.6,0
8.81717149999998,0,0,19,0,0,0.029,-0.015,-1.002,0.2,-0.6,0.1
8.82717149999998,0,0,19,0,0,0.029,-0.015,-1.002,0.2,-0.6,0.1
8.83717149999998,0,0,19,0,0,0.029,-0.015,-1.002,0.2,-0.6,0.1
8.84717149999998,0,0,19,0,0,0.029,-0.015,-1.002,0.2,-0.6,0.1
8.85717149999998,0,0,19,0,0,0.029,-0.015,-1.002,0.2,-0.6,0.1
8.86717149999998,0,0,19,0,0,0.03,-0.015,-1.002,0.2,-0.6,0
8.87717149999998,0,0,19,0,0,0.03,-0.015,-1.002,0.2,-0.6,0
8.88717149999998,0,0,19,0,0,0.03,-0.015,-1.002,0.2,-0.6,0
8.89717149999998,0,0,19,0,0,0.03,-0.015,-1.002,0.2,-0.6,0
8.90717149999998,0,0,19,0,0,0.03,-0.015,-1.002,0.2,-0.6,0
8.91717149999998,0,0,19,0,0,0.03,-0.015,-1.002,0.2,-0.5,0.1
8.92717149999998,0,0,19,0,0,0.03,-0.015,-1.002,0.2,-0.5,0.1
8.93717149999997,0,0,19,0,0,0.03,-0.015,-1.002,0.2,-0.5,0.1
8.94717149999997,0,0,19,0,0,0.03,-0.015,-1.002,0.2,-0.5,0.1
8.95717149999997,0,0,19,0,0,0.03,-0.015,-1.002,0.2,-0.5,0.1
8.96717149999997,0,0,19,0,0,0.029,-0.015,-1.001,0.3,-0.6,0
8.97717149999997,0,0,19,0,0,0.029,-0.015,-1.001,0.3,-0.6,0
8.98717149999997,0,0,19,0,0,0.029,-0.015,-1.001,0.3,-0.6,0
8.99717149999997,0,0,19,0,0,0.029,-0.015,-1.001,0.3,-0.6,0
9.00717149999997,0,0,19,0,0,0.029,-0.015,-1.001,0.3,-0.6,0
9.01717149999997,0,0,19,0,0,0.03,-0.014,-1.001,0.3,-0.6,0
9.02717149999997,0,0,19,0,0,0.03,-0.014,-1.001,0.3,-0.6,0
9.03717149999997,0,0,19,0,0,0.03,-0.014,-1.001,0.3,-0.6,0
9.04717149999997,0,0,19,0,0,0.03,-0.014,-1.001,0.3,-0.6,0
9.05717149999997,0,0,19,0,0,0.03,-0.014,-1.001,0.3,-0.6,0
9.06717149999997,0,0,19,0,0,0.03,-0.015,-1.002,0.3,-0.6,0
9.07717149999997,0,0,19,0,0,0.03,-0.015,-1.002,0.3,-0.6,0
9.08717149999997,0,0,19,0,0,0.03,-0.015,-1.002,0.3,-0.6,0
9.09717149999997,0,0,19,0,0,0.03,-0.015,-1.002,0.3,-0.6,0
9.10717149999997,0,0,19,0,0,0.03,-0.015,-1.002,0.3,-0.6,0
9.11717149999997,0,0,19,0,0,0.029,-0.014,-1.002,0.3,-0.6,0
9.12717149999997,0,0,19,0,0,0.029,-0.014,-1.002,0.3,-0.6,0
9.13717149999997,0,0,19,0,0,0.029,-0.014,-1.002,0.3,-0.6,0
9.14717149999997,0,0,19,0,0,0.029,-0.014,-1.002,0.3,-0.6,0
9.15717149999997,0,0,19,0,0,0.029,-0.014,-1.002,0.3,-0.6,0
9.16717149999997,0,0,19,0,0,0.03,-0.016,-1.002,0.3,-0.6,0.1
9.17717149999997,0,0,19,0,0,0.03,-0.016,-1.002,0.3,-0.6,0.1
9.18717149999997,0,0,19,0,0,0.03,-0.016,-1.002,0.3,-0.6,0.1
9.19717149999997,0,0,19,0,0,0.03,-0.016,-1.002,0.3,-0.6,0.1
9.20717149999997,0,0,19,0,0,0.03,-0.016,-1.002,0.3,-0.6,0.1
9.21717149999997,0,0,19,0,0,0.03,-0.015,-1.002,0.1,-0.6,0
9.22717149999997,0,0,19,0,0,0.03,-0.015,-1.002,0.1,-0.6,0
9.23717149999997,0,0,19,0,0,0.03,-0.015,-1.002,0.1,-0.6,0
9.24717149999997,0,0,19,0,0,0.03,-0.015,-1.002,0.1,-0.6,0
9.25717149999997,0,0,19,0,0,0.03,-0.015,-1.002,0.1,-0.6,0
9.26717149999997,0,0,19,0,0,0.029,-0.016,-1.002,0.3,-0.6,0
9.27717149999997,0,0,19,0,0,0.029,-0.016,-1.002,0.3,-0.6,0
9.28717149999997,0,0,19,0,0,0.029,-0.016,-1.002,0.3,-0.6,0
9.29717149999997,0,0,19,0,0,0.029,-0.016,-1.002,0.3,-0.6,0
9.30717149999997,0,0,19,0,0,0.029,-0.016,-1.002,0.3,-0.6,0
9.31717149999997,0,0,19,0,0,0.029,-0.014,-1.001,0.3,-0.6,0
9.32717149999997,0,0,19,0,0,0.029,-0.014,-1.001,0.3,-0.6,0
9.33717149999997,0,0,19,0,0,0.029,-0.014,-1.001,0.3,-0.6,0
9.34717149999997,0,0,19,0,0,0.029,-0.014,-1.001,0.3,-0.6,0
9.35717149999997,0,0,19,0,0,0.029,-0.014,-1.001,0.3,-0.6,0
9.36717149999997,0,0,19,0,0,0.03,-0.015,-1.001,0.2,-0.6,0
9.37717149999997,0,0,19,0,0,0.03,-0.015,-1.001,0.2,-0.6,0
9.38717149999997,0,0,19,0,0,0.03,-0.015,-1.001,0.2,-0.6,0
9.39717149999997,0,0,19,0,0,0.03,-0.015,-1.001,0.2,-0.6,0
9.40717149999996,0,0,19,0,0,0.03,-0.015,-1.001,0.2,-0.6,0
9.41717149999996,0,0,19,0,0,0.029,-0.015,-1.001,0.3,-0.5,0
9.42717149999996,0,0,19,0,0,0.029,-0.015,-1.001,0.3,-0.5,0
9.43717149999996,0,0,19,0,0,0.029,-0.015,-1.001,0.3,-0.5,0
9.44717149999996,0,0,19,0,0,0.029,-0.015,-1.001,0.3,-0.5,0
9.45717149999996,0,0,19,0,0,0.029,-0.015,-1.001,0.3,-0.5,0
9.46717149999996,0,0,19,0,0,0.029,-0.016,-1.002,0.3,-0.5,0
9.47717149999996,0,0,19,0,0,0.029,-0.016,-1.002,0.3,-0.5,0
9.48717149999996,0,0,19,0,0,0.029,-0.016,-1.002,0.3,-0.5,0
9.49717149999996,0,0,19,0,0,0.029,-0.016,-1.002,0.3,-0.5,0
9.50717149999996,0,0,19,0,0,0.029,-0.016,-1.002,0.3,-0.5,0
9.51717149999996,0,0,19,0,0,0.029,-0.016,-1.003,0.2,-0.6,0
9.52717149999996,0,0,19,0,0,0.029,-0.016,-1.003,0.2,-0.6,0
9.53717149999996,0,0,19,0,0,0.029,-0.016,-1.003,0.2,-0.6,0
9.54717149999996,0,0,19,0,0,0.029,-0.016,-1.003,0.2,-0.6,0
9.55717149999996,0,0,19,0,0,0.029,-0.016,-1.003,0.2,-0.6,0
9.56717149999996,0,0,19,0,0,0.029,-0.014,-1.001,0.3,-0.6,0
9.57717149999996,0,0,19,0,0,0.029,-0.014,-1.001,0.3,-0.6,0
9.58717149999996,0,0,19,0,0,0.029,-0.014,-1.001,0.3,-0.6,0
9.59717149999996,0,0,19,0,0,0.029,-0.014,-1.001,0.3,-0.6,0
9.60717149999996,0,0,19,0,0,0.029,-0.014,-1.001,0.3,-0.6,0
9.61717149999996,0,0,19,0,0,0.029,-0.015,-1.002,0.3,-0.5,0
9.62717149999996,0,0,19,0,0,0.029,-0.015,-1.002,0.3,-0.5,0
9.63717149999996,0,0,19,0,0,0.029,-0.015,-1.002,0.3,-0.5,0
9.64717149999996,0,0,19,0,0,0.029,-0.015,-1.002,0.3,-0.5,0
9.65717149999996,0,0,19,0,0,0.029,-0.015,-1.002,0.3,-0.5,0
9.66717149999996,0,0,19,0,0,0.028,-0.015,-1.001,0.2,-0.6,0.1
9.67717149999996,0,0,19,0,0,0.028,-0.015,-1.001,0.2,-0.6,0.1
9.68717149999996,0,0,19,0,0,0.028,-0.015,-1.001,0.2,-0.6,0.1
9.69717149999996,0,0,19,0,0,0.028,-0.015,-1.001,0.2,-0.6,0.1
9.70717149999996,0,0,19,0,0,0.028,-0.015,-1.001,0.2,-0.6,0.1
9.71717149999996,0,0,19,0,0,0.031,-0.015,-1.001,0.3,-0.5,0
9.72717149999996,0,0,19,0,0,0.031,-0.015,-1.001,0.3,-0.5,0
9.73717149999996,0,0,19,0,0,0.031,-0.015,-1.001,0.3,-0.5,0
9.74717149999996,0,0,19,0,0,0.031,-0.015,-1.001,0.3,-0.5,0
9.75717149999996,0,0,19,0,0,0.031,-0.015,-1.001,0.3,-0.5,0
9.76717149999996,0,0,19,0,0,0.031,-0.016,-1.001,0.3,-0.6,0
9.77717149999996,0,0,19,0,0,0.031,-0.016,-1.001,0.3,-0.6,0
9.78717149999996,0,0,19,0,0,0.031,-0.016,-1.001,0.3,-0.6,0
9.79717149999996,0,0,19,0,0,0.031,-0.016,-1.001,0.3,-0.6,0
9.80717149999996,0,0,19,0,0,0.031,-0.016,-1.001,0.3,-0.6,0
9.81717149999996,0,0,19,0,0,0.029,-0.014,-1.002,0.3,-0.6,0
9.82717149999996,0,0,19,0,0,0.029,-0.014,-1.002,0.3,-0.6,0
9.83717149999996,0,0,19,0,0,0.029,-0.014,-1.002,0.3,-0.6,0
9.84717149999996,0,0,19,0,0,0.029,-0.014,-1.002,0.3,-0.6,0
9.85717149999996,0,0,19,0,0,0.029,-0.014,-1.002,0.3,-0.6,0
9.86717149999996,0,0,19,0,0,0.03,-0.014,-1.001,0.3,-0.6,0
9.87717149999995,0,0,19,0,0,0.03,-0.014,-1.001,0.3,-0.6,0
9.88717149999995,0,0,19,0,0,0.03,-0.014,-1.001,0.3,-0.6,0
9.89717149999995,0,0,19,0,0,0.03,-0.014,-1.001,0.3,-0.6,0
9.90717149999995,0,0,19,0,0,0.03,-0.014,-1.001,0.3,-0.6,0
9.91717149999995,0,0,19,0,0,0.029,-0.015,-1.001,0.3,-0.5,0
9.92717149999995,0,0,19,0,0,0.029,-0.015,-1.001,0.3,-0.5,0
9.93717149999995,0,0,19,0,0,0.029,-0.015,-1.001,0.3,-0.5,0
9.94717149999995,0,0,19,0,0,0.029,-0.015,-1.001,0.3,-0.5,0
9.95717149999995,0,0,19,0,0,0.029,-0.015,-1.001,0.3,-0.5,0
9.96717149999995,0,0,19,0,0,0.029,-0.014,-1.001,0.3,-0.6,0
9.97717149999995,0,0,19,0,0,0.029,-0.014,-1.001,0.3,-0.6,0
9.98717149999995,0,0,19,0,0,0.029,-0.014,-1.001,0.3,-0.6,0
9.99717149999995,0,0,19,0,0,0.029,-0.014,-1.001,0.3,-0.6,0
10.0071715,0,0,19,0,0,0.029,-0.014,-1.001,0.3,-0.6,0
10.0171715,0,0,19,0,0,0.029,-0.015,-1.001,0.2,-0.5,0
10.0271715,0,0,19,0,0,0.029,-0.015,-1.001,0.2,-0.5,0
10.0371715,0,0,19,0,0,0.029,-0.015,-1.001,0.2,-0.5,0
10.0471715,0,0,19,0,0,0.029,-0.015,-1.001,0.2,-0.5,0
10.0571715,0,0,19,0,0,0.029,-0.015,-1.001,0.2,-0.5,0
10.0671715,0,0,19,0,0,0.029,-0.015,-1.001,0.3,-0.5,0
10.0771715,0,0,19,0,0,0.029,-0.015,-1.001,0.3,-0.5,0
10.0871715,0,0,19,0,0,0.029,-0.015,-1.001,0.3,-0.5,0
10.0971715,0,0,19,0,0,0.029,-0.015,-1.001,0.3,-0.5,0
10.1071715,0,0,19,0,0,0.029,-0.015,-1.001,0.3,-0.5,0
10.1171714999999,0,0,19,0,0,0.029,-0.015,-1.002,0.3,-0.6,0
10.1271714999999,0,0,19,0,0,0.029,-0.015,-1.002,0.3,-0.6,0
10.1371714999999,0,0,19,0,0,0.029,-0.015,-1.002,0.3,-0.6,0
10.1471714999999,0,0,19,0,0,0.029,-0.015,-1.002,0.3,-0.6,0
10.1571714999999,0,0,19,0,0,0.029,-0.015,-1.002,0.3,-0.6,0
10.1671714999999,0,0,19,0,0,0.029,-0.016,-1.002,0.2,-0.5,0
10.1771714999999,0,0,19,0,0,0.029,-0.016,-1.002,0.2,-0.5,0
10.1871714999999,0,0,19,0,0,0.029,-0.016,-1.002,0.2,-0.5,0
10.1971714999999,0,0,19,0,0,0.029,-0.016,-1.002,0.2,-0.5,0
10.2071714999999,0,0,19,0,0,0.029,-0.016,-1.002,0.2,-0.5,0
10.2171714999999,0,0,19,0,0,0.029,-0.016,-1.001,0.3,-0.6,0
10.2271714999999,0,0,19,0,0,0.029,-0.016,-1.001,0.3,-0.6,0
10.2371714999999,0,0,19,0,0,0.029,-0.016,-1.001,0.3,-0.6,0
10.2471714999999,0,0,19,0,0,0.029,-0.016,-1.001,0.3,-0.6,0
10.2571714999999,0,0,19,0,0,0.029,-0.016,-1.001,0.3,-0.6,0
10.2671714999999,0,0,19,0,0,0.03,-0.016,-1.001,0.3,-0.5,0
10.2771714999999,0,0,19,0,0,0.03,-0.016,-1.001,0.3,-0.5,0
10.2871714999999,0,0,19,0,0,0.03,-0.016,-1.001,0.3,-0.5,0
10.2971714999999,0,0,19,0,0,0.03,-0.016,-1.001,0.3,-0.5,0
10.3071714999999,0,0,19,0,0,0.03,-0.016,-1.001,0.3,-0.5,0
10.3171714999999,0,0,19,0,0,0.03,-0.014,-1.002,0.3,-0.6,0
10.3271714999999,0,0,19,0,0,0.03,-0.014,-1.002,0.3,-0.6,0
10.3371714999999,0,0,19,0,0,0.03,-0.014,-1.002,0.3,-0.6,0
10.3471714999999,0,0,19,0,0,0.03,-0.014,-1.002,0.3,-0.6,0
10.3571714999999,0,0,19,0,0,0.03,-0.014,-1.002,0.3,-0.6,0
10.3671714999999,0,0,19,0,0,0.028,-0.016,-1.002,0.2,-0.5,0.1
10.3771714999999,0,0,19,0,0,0.028,-0.016,-1.002,0.2,-0.5,0.1
10.3871714999999,0,0,19,0,0,0.028,-0.016,-1.002,0.2,-0.5,0.1
10.3971714999999,0,0,19,0,0,0.028,-0.016,-1.002,0.2,-0.5,0.1
10.4071714999999,0,0,19,0,0,0.028,-0.016,-1.002,0.2,-0.5,0.1
10.4171714999999,0,0,19,0,0,0.029,-0.016,-1.001,0.2,-0.5,0
10.4271714999999,0,0,19,0,0,0.029,-0.016,-1.001,0.2,-0.5,0
10.4371714999999,0,0,19,0,0,0.029,-0.016,-1.001,0.2,-0.5,0
10.4471714999999,0,0,19,0,0,0.029,-0.016,-1.001,0.2,-0.5,0
10.4571714999999,0,0,19,0,0,0.029,-0.016,-1.001,0.2,-0.5,0
10.4671714999999,0,0,19,0,0,0.029,-0.015,-1.001,0.3,-0.5,0
10.4771714999999,0,0,19,0,0,0.029,-0.015,-1.001,0.3,-0.5,0
10.4871714999999,0,0,19,0,0,0.029,-0.015,-1.001,0.3,-0.5,0
10.4971714999999,0,0,19,0,0,0.029,-0.015,-1.001,0.3,-0.5,0
10.5071714999999,0,0,19,0,0,0.029,-0.015,-1.001,0.3,-0.5,0
10.5171714999999,0,0,19,0,0,0.029,-0.016,-1.001,0.2,-0.6,0
10.5271714999999,0,0,19,0,0,0.029,-0.016,-1.001,0.2,-0.6,0
10.5371714999999,0,0,19,0,0,0.029,-0.016,-1.001,0.2,-0.6,0
10.5471714999999,0,0,19,0,0,0.029,-0.016,-1.001,0.2,-0.6,0
10.5571714999999,0,0,19,0,0,0.029,-0.016,-1.001,0.2,-0.6,0
10.5671714999999,0,0,19,0,0,0.03,-0.014,-1.001,0.1,-0.6,0
10.5771714999999,0,0,19,0,0,0.03,-0.014,-1.001,0.1,-0.6,0
10.5871714999999,0,0,19,0,0,0.03,-0.014,-1.001,0.1,-0.6,0
10.5971714999999,0,0,19,0,0,0.03,-0.014,-1.001,0.1,-0.6,0
10.6071714999999,0,0,19,0,0,0.03,-0.014,-1.001,0.1,-0.6,0
10.6171714999999,0,0,19,0,0,0.029,-0.015,-1.001,0.3,-0.5,0
10.6271714999999,0,0,19,0,0,0.029,-0.015,-1.001,0.3,-0.5,0
10.6371714999999,0,0,19,0,0,0.029,-0.015,-1.001,0.3,-0.5,0
10.6471714999999,0,0,19,0,0,0.029,-0.015,-1.001,0.3,-0.5,0
10.6571714999999,0,0,19,0,0,0.029,-0.015,-1.001,0.3,-0.5,0
10.6671714999999,0,0,19,0,0,0.029,-0.016,-1.001,0.3,-0.6,0
10.6771714999999,0,0,19,0,0,0.029,-0.016,-1.001,0.3,-0.6,0
10.6871714999999,0,0,19,0,0,0.029,-0.016,-1.001,0.3,-0.6,0
10.6971714999999,0,0,19,0,0,0.029,-0.016,-1.001,0.3,-0.6,0
10.7071714999999,0,0,19,0,0,0.029,-0.016,-1.001,0.3,-0.6,0
10.7171714999999,0,0,19,0,0,0.029,-0.015,-1.001,0.3,-0.5,0
10.7271714999999,0,0,19,0,0,0.029,-0.015,-1.001,0.3,-0.5,0
10.7371714999999,0,0,19,0,0,0.029,-0.015,-1.001,0.3,-0.5,0
10.7471714999999,0,0,19,0,0,0.029,-0.015,-1.001,0.3,-0.5,0
10.7571714999999,0,0,19,0,0,0.029,-0.015,-1.001,0.3,-0.5,0
10.7671714999999,0,0,19,0,0,0.03,-0.015,-1.002,0.2,-0.5,0
10.7771714999999,0,0,19,0,0,0.03,-0.015,-1.002,0.2,-0.5,0
10.7871714999999,0,0,19,0,0,0.03,-0.015,-1.002,0.2,-0.5,0
10.7971714999999,0,0,19,0,0,0.03,-0.015,-1.002,0.2,-0.5,0
10.8071714999999,0,0,19,0,0,0.03,-0.015,-1.002,0.2,-0.5,0
10.8171714999999,0,0,19,0,0,0.029,-0.015,-1.001,0.3,-0.5,0
10.8271714999999,0,0,19,0,0,0.029,-0.015,-1.001,0.3,-0.5,0
10.8371714999999,0,0,19,0,0,0.029,-0.015,-1.001,0.3,-0.5,0
10.8471714999999,0,0,19,0,0,0.029,-0.015,-1.001,0.3,-0.5,0
10.8571714999999,0,0,19,0,0,0.029,-0.015,-1.001,0.3,-0.5,0
10.8671714999999,0,0,19,0,0,0.029,-0.016,-1.002,0.3,-0.6,0
10.8771714999999,0,0,19,0,0,0.029,-0.016,-1.002,0.3,-0.6,0
10.8871714999999,0,0,19,0,0,0.029,-0.016,-1.002,0.3,-0.6,0
10.8971714999999,0,0,19,0,0,0.029,-0.016,-1.002,0.3,-0.6,0
10.9071714999999,0,0,19,0,0,0.029,-0.016,-1.002,0.3,-0.6,0
10.9171714999999,0,0,19,0,0,0.029,-0.015,-1.001,0.3,-0.6,0
10.9271714999999,0,0,19,0,0,0.029,-0.015,-1.001,0.3,-0.6,0
10.9371714999999,0,0,19,0,0,0.029,-0.015,-1.001,0.3,-0.6,0
10.9471714999999,0,0,19,0,0,0.029,-0.015,-1.001,0.3,-0.6,0
10.9571714999999,0,0,19,0,0,0.029,-0.015,-1.001,0.3,-0.6,0
10.9671714999999,0,0,19,0,0,0.029,-0.014,-1,0.1,-0.6,0
10.9771714999999,0,0,19,0,0,0.029,-0.014,-1,0.1,-0.6,0
10.9871714999999,0,0,19,0,0,0.029,-0.014,-1,0.1,-0.6,0
10.9971714999999,0,0,19,0,0,0.029,-0.014,-1,0.1,-0.6,0
11.0071714999999,0,0,19,0,0,0.029,-0.014,-1,0.1,-0.6,0
11.0171714999999,0,0,19,0,0,0.03,-0.015,-1,0.3,-0.6,0
11.0271714999999,0,0,19,0,0,0.03,-0.015,-1,0.3,-0.6,0
11.0371714999999,0,0,19,0,0,0.03,-0.015,-1,0.3,-0.6,0
11.0471714999999,0,0,19,0,0,0.03,-0.015,-1,0.3,-0.6,0
11.0571714999999,0,0,19,0,0,0.03,-0.015,-1,0.3,-0.6,0
11.0671714999999,0,0,19,0,0,0.03,-0.015,-1.001,0.3,-0.6,0
11.0771714999999,0,0,19,0,0,0.03,-0.015,-1.001,0.3,-0.6,0
11.0871714999999,0,0,19,0,0,0.03,-0.015,-1.001,0.3,-0.6,0
11.0971714999999,0,0,19,0,0,0.03,-0.015,-1.001,0.3,-0.6,0
11.1071714999999,0,0,19,0,0,0.03,-0.015,-1.001,0.3,-0.6,0
11.1171714999999,0,0,19,0,0,0.029,-0.016,-1.002,0.3,-0.5,0.1
11.1271714999999,0,0,19,0,0,0.029,-0.016,-1.002,0.3,-0.5,0.1
11.1371714999999,0,0,19,0,0,0.029,-0.016,-1.002,0.3,-0.5,0.1
11.1471714999999,0,0,19,0,0,0.029,-0.016,-1.002,0.3,-0.5,0.1
11.1571714999999,0,0,19,0,0,0.029,-0.016,-1.002,0.3,-0.5,0.1
11.1671714999999,0,0,19,0,0,0.03,-0.015,-1.001,0.3,-0.6,0
11.1771714999999,0,0,19,0,0,0.03,-0.015,-1.001,0.3,-0.6,0
11.1871714999999,0,0,19,0,0,0.03,-0.015,-1.001,0.3,-0.6,0
11.1971714999999,0,0,19,0,0,0.03,-0.015,-1.001,0.3,-0.6,0
11.2071714999999,0,0,19,0,0,0.03,-0.015,-1.001,0.3,-0.6,0
11.2171714999999,0,0,19,0,0,0.028,-0.015,-1.001,0.3,-0.5,0
11.2271714999999,0,0,19,0,0,0.028,-0.015,-1.001,0.3,-0.5,0
11.2371714999999,0,0,19,0,0,0.028,-0.015,-1.001,0.3,-0.5,0
11.2471714999999,0,0,19,0,0,0.028,-0.015,-1.001,0.3,-0.5,0
11.2571714999999,0,0,19,0,0,0.028,-0.015,-1.001,0.3,-0.5,0
11.2671714999999,0,0,19,0,0,0.03,-0.015,-1.002,0.3,-0.5,0
11.2771714999999,0,0,19,0,0,0.03,-0.015,-1.002,0.3,-0.5,0
11.2871714999999,0,0,19,0,0,0.03,-0.015,-1.002,0.3,-0.5,0
11.2971714999999,0,0,19,0,0,0.03,-0.015,-1.002,0.3,-0.5,0
11.3071714999999,0,0,19,0,0,0.03,-0.015,-1.002,0.3,-0.5,0
11.3171714999999,0,0,19,0,0,0.029,-0.014,-1.001,0.2,-0.5,0
11.3271714999999,0,0,19,0,0,0.029,-0.014,-1.001,0.2,-0.5,0
11.3371714999999,0,0,19,0,0,0.029,-0.014,-1.001,0.2,-0.5,0
11.3471714999999,0,0,19,0,0,0.029,-0.014,-1.001,0.2,-0.5,0
11.3571714999999,0,0,19,0,0,0.029,-0.014,-1.001,0.2,-0.5,0
11.3671714999999,0,0,19,0,0,0.028,-0.015,-1.001,0.2,-0.5,0
11.3771714999999,0,0,19,0,0,0.028,-0.015,-1.001,0.2,-0.5,0
11.3871714999999,0,0,19,0,0,0.028,-0.015,-1.001,0.2,-0.5,0
11.3971714999999,0,0,19,0,0,0.028,-0.015,-1.001,0.2,-0.5,0
11.4071714999999,0,0,19,0,0,0.028,-0.015,-1.001,0.2,-0.5,0
11.4171714999999,0,0,19,0,0,0.03,-0.015,-1.002,0.2,-0.5,0
11.4271714999999,0,0,19,0,0,0.03,-0.015,-1.002,0.2,-0.5,0
11.4371714999999,0,0,19,0,0,0.03,-0.015,-1.002,0.2,-0.5,0
11.4471714999999,0,0,19,0,0,0.03,-0.015,-1.002,0.2,-0.5,0
11.4571714999999,0,0,19,0,0,0.03,-0.015,-1.002,0.2,-0.5,0
11.4671714999999,0,0,19,0,0,0.029,-0.015,-1.002,0.3,-0.6,0.1
11.4771714999999,0,0,19,0,0,0.029,-0.015,-1.002,0.3,-0.6,0.1
11.4871714999999,0,0,19,0,0,0.029,-0.015,-1.002,0.3,-0.6,0.1
11.4971714999999,0,0,19,0,0,0.029,-0.015,-1.002,0.3,-0.6,0.1
11.5071714999999,0,0,19,0,0,0.029,-0.015,-1.002,0.3,-0.6,0.1
11.5171714999999,0,0,19,0,0,0.03,-0.015,-1.002,0.2,-0.6,0
11.5271714999999,0,0,19,0,0,0.03,-0.015,-1.002,0.2,-0.6,0
11.5371714999999,0,0,19,0,0,0.03,-0.015,-1.002,0.2,-0.6,0
11.5471714999999,0,0,19,0,0,0.03,-0.015,-1.002,0.2,-0.6,0
11.5571714999999,0,0,19,0,0,0.03,-0.015,-1.002,0.2,-0.6,0
11.5671714999999,0,0,19,0,0,0.03,-0.016,-1.002,0.2,-0.6,0
11.5771714999999,0,0,19,0,0,0.03,-0.016,-1.002,0.2,-0.6,0
11.5871714999999,0,0,19,0,0,0.03,-0.016,-1.002,0.2,-0.6,0
11.5971714999999,0,0,19,0,0,0.03,-0.016,-1.002,0.2,-0.6,0
11.6071714999999,0,0,19,0,0,0.03,-0.016,-1.002,0.2,-0.6,0
11.6171714999999,0,0,19,0,0,0.03,-0.015,-1.002,0.2,-0.6,0
11.6271714999999,0,0,19,0,0,0.03,-0.015,-1.002,0.2,-0.6,0
11.6371714999999,0,0,19,0,0,0.03,-0.015,-1.002,0.2,-0.6,0
11.6471714999999,0,0,19,0,0,0.03,-0.015,-1.002,0.2,-0.6,0
11.6571714999999,0,0,19,0,0,0.03,-0.015,-1.002,0.2,-0.6,0
11.6671714999999,0,0,19,0,0,0.029,-0.016,-1.002,0.3,-0.6,0
11.6771714999999,0,0,19,0,0,0.029,-0.016,-1.002,0.3,-0.6,0
11.6871714999999,0,0,19,0,0,0.029,-0.016,-1.002,0.3,-0.6,0
11.6971714999999,0,0,19,0,0,0.029,-0.016,-1.002,0.3,-0.6,0
11.7071714999999,0,0,19,0,0,0.029,-0.016,-1.002,0.3,-0.6,0
11.7171714999999,0,0,19,0,0,0.029,-0.016,-1.001,0.3,-0.5,0
11.7271714999999,0,0,19,0,0,0.029,-0.016,-1.001,0.3,-0.5,0
11.7371714999999,0,0,19,0,0,0.029,-0.016,-1.001,0.3,-0.5,0
11.7471714999999,0,0,19,0,0,0.029,-0.016,-1.001,0.3,-0.5,0
11.7571714999999,0,0,19,0,0,0.029,-0.016,-1.001,0.3,-0.5,0
11.7671714999999,0,0,19,0,0,0.028,-0.015,-1.003,0.3,-0.5,0
11.7771714999999,0,0,19,0,0,0.028,-0.015,-1.003,0.3,-0.5,0
11.7871714999999,0,0,19,0,0,0.028,-0.015,-1.003,0.3,-0.5,0
11.7971714999999,0,0,19,0,0,0.028,-0.015,-1.003,0.3,-0.5,0
11.8071714999999,0,0,19,0,0,0.028,-0.015,-1.003,0.3,-0.5,0
11.8171714999999,0,0,19,0,0,0.031,-0.016,-1.002,0.2,-0.6,0
11.8271714999999,0,0,19,0,0,0.031,-0.016,-1.002,0.2,-0.6,0
11.8371714999999,0,0,19,0,0,0.031,-0.016,-1.002,0.2,-0.6,0
11.8471714999999,0,0,19,0,0,0.031,-0.016,-1.002,0.2,-0.6,0
11.8571714999999,0,0,19,0,0,0.031,-0.016,-1.002,0.2,-0.6,0
11.8671714999999,0,0,19,0,0,0.03,-0.015,-1.002,0.2,-0.5,0
11.8771714999999,0,0,19,0,0,0.03,-0.015,-1.002,0.2,-0.5,0
11.8871714999999,0,0,19,0,0,0.03,-0.015,-1.002,0.2,-0.5,0
11.8971714999999,0,0,19,0,0,0.03,-0.015,-1.002,0.2,-0.5,0
11.9071714999999,0,0,19,0,0,0.03,-0.015,-1.002,0.2,-0.5,0
11.9171714999999,0,0,19,0,0,0.03,-0.015,-1.001,0.2,-0.5,0
11.9271714999999,0,0,19,0,0,0.03,-0.015,-1.001,0.2,-0.5,0
11.9371714999999,0,0,19,0,0,0.03,-0.015,-1.001,0.2,-0.5,0
11.9471714999999,0,0,19,0,0,0.03,-0.015,-1.001,0.2,-0.5,0
11.9571714999999,0,0,19,0,0,0.03,-0.015,-1.001,0.2,-0.5,0
11.9671714999999,0,0,19,0,0,0.03,-0.015,-1.001,0.3,-0.5,0.1
11.9771714999999,0,0,19,0,0,0.03,-0.015,-1.001,0.3,-0.5,0.1
11.9871714999999,0,0,19,0,0,0.03,-0.015,-1.001,0.3,-0.5,0.1
11.9971714999999,0,0,19,0,0,0.03,-0.015,-1.001,0.3,-0.5,0.1
12.0071714999999,0,0,19,0,0,0.03,-0.015,-1.001,0.3,-0.5,0.1
12.0171714999999,0,0,19,0,0,0.028,-0.016,-1.002,0.2,-0.5,0
12.0271714999999,0,0,19,0,0,0.028,-0.016,-1.002,0.2,-0.5,0
12.0371714999999,0,0,19,0,0,0.028,-0.016,-1.002,0.2,-0.5,0
12.0471714999999,0,0,19,0,0,0.028,-0.016,-1.002,0.2,-0.5,0
12.0571714999999,0,0,19,0,0,0.028,-0.016,-1.002,0.2,-0.5,0
12.0671714999999,0,0,19,0,0,0.029,-0.015,-1.002,0.2,-0.6,0
12.0771714999999,0,0,19,0,0,0.029,-0.015,-1.002,0.2,-0.6,0
12.0871714999999,0,0,19,0,0,0.029,-0.015,-1.002,0.2,-0.6,0
12.0971714999999,0,0,19,0,0,0.029,-0.015,-1.002,0.2,-0.6,0
12.1071714999999,0,0,19,0,0,0.029,-0.015,-1.002,0.2,-0.6,0
12.1171714999999,0,0,19,0,0,0.029,-0.015,-1.002,0.3,-0.5,0
12.1271714999999,0,0,19,0,0,0.029,-0.015,-1.002,0.3,-0.5,0
12.1371714999999,0,0,19,0,0,0.029,-0.015,-1.002,0.3,-0.5,0
12.1471714999999,0,0,19,0,0,0.029,-0.015,-1.002,0.3,-0.5,0
12.1571714999999,0,0,19,0,0,0.029,-0.015,-1.002,0.3,-0.5,0
12.1671714999999,0,0,19,0,0,0.03,-0.016,-1.002,0.2,-0.6,0
12.1771714999999,0,0,19,0,0,0.03,-0.016,-1.002,0.2,-0.6,0
12.1871714999999,0,0,19,0,0,0.03,-0.016,-1.002,0.2,-0.6,0
12.1971714999999,0,0,19,0,0,0.03,-0.016,-1.002,0.2,-0.6,0
12.2071714999999,0,0,19,0,0,0.03,-0.016,-1.002,0.2,-0.6,0
12.2171714999999,0,0,19,0,0,0.03,-0.016,-1.002,0.3,-0.5,0
12.2271714999999,0,0,19,0,0,0.03,-0.016,-1.002,0.3,-0.5,0
12.2371714999999,0,0,19,0,0,0.03,-0.016,-1.002,0.3,-0.5,0
12.2471714999999,0,0,19,0,0,0.03,-0.016,-1.002,0.3,-0.5,0
12.2571714999999,0,0,19,0,0,0.03,-0.016,-1.002,0.3,-0.5,0
12.2671714999999,0,0,19,0,0,0.029,-0.014,-1.001,0.3,-0.6,0
12.2771714999999,0,0,19,0,0,0.029,-0.014,-1.001,0.3,-0.6,0
12.2871714999999,0,0,19,0,0,0.029,-0.014,-1.001,0.3,-0.6,0
12.2971714999999,0,0,19,0,0,0.029,-0.014,-1.001,0.3,-0.6,0
12.3071714999999,0,0,19,0,0,0.029,-0.014,-1.001,0.3,-0.6,0
12.3171714999999,0,0,19,0,0,0.029,-0.016,-1.001,0.3,-0.6,0
12.3271714999999,0,0,19,0,0,0.029,-0.016,-1.001,0.3,-0.6,0
12.3371714999999,0,0,19,0,0,0.029,-0.016,-1.001,0.3,-0.6,0
12.3471714999999,0,0,19,0,0,0.029,-0.016,-1.001,0.3,-0.6,0
12.3571714999999,0,0,19,0,0,0.029,-0.016,-1.001,0.3,-0.6,0
12.3671714999999,0,0,19,0,0,0.029,-0.014,-1.001,0.1,-0.6,0
12.3771714999999,0,0,19,0,0,0.029,-0.014,-1.001,0.1,-0.6,0
12.3871714999999,0,0,19,0,0,0.029,-0.014,-1.001,0.1,-0.6,0
12.3971714999999,0,0,19,0,0,0.029,-0.014,-1.001,0.1,-0.6,0
12.4071714999999,0,0,19,0,0,0.029,-0.014,-1.001,0.1,-0.6,0
12.4171714999999,0,0,19,0,0,0.029,-0.015,-1.001,0.3,-0.6,0
12.4271714999999,0,0,19,0,0,0.029,-0.015,-1.001,0.3,-0.6,0
12.4371714999999,0,0,19,0,0,0.029,-0.015,-1.001,0.3,-0.6,0
12.4471714999999,0,0,19,0,0,0.029,-0.015,-1.001,0.3,-0.6,0
12.4571714999999,0,0,19,0,0,0.029,-0.015,-1.001,0.3,-0.6,0
12.4671714999999,0,0,19,0,0,0.03,-0.015,-1.001,0.2,-0.5,0
12.4771714999999,0,0,19,0,0,0.03,-0.015,-1.001,0.2,-0.5,0
12.4871714999999,0,0,19,0,0,0.03,-0.015,-1.001,0.2,-0.5,0
12.4971714999999,0,0,19,0,0,0.03,-0.015,-1.001,0.2,-0.5,0
12.5071714999999,0,0,19,0,0,0.03,-0.015,-1.001,0.2,-0.5,0
12.5171714999999,0,0,19,0,0,0.029,-0.016,-1,0.3,-0.6,0
12.5271714999999,0,0,19,0,0,0.029,-0.016,-1,0.3,-0.6,0
12.5371714999999,0,0,19,0,0,0.029,-0.016,-1,0.3,-0.6,0
12.5471714999999,0,0,19,0,0,0.029,-0.016,-1,0.3,-0.6,0
12.5571714999999,0,0,19,0,0,0.029,-0.016,-1,0.3,-0.6,0
12.5671714999999,0,0,19,0,0,0.03,-0.015,-1.002,0.3,-0.5,0
12.5771714999999,0,0,19,0,0,0.03,-0.015,-1.002,0.3,-0.5,0
12.5871714999999,0,0,19,0,0,0.03,-0.015,-1.002,0.3,-0.5,0
12.5971714999999,0,0,19,0,0,0.03,-0.015,-1.002,0.3,-0.5,0
12.6071714999999,0,0,19,0,0,0.03,-0.015,-1.002,0.3,-0.5,0
12.6171714999999,0,0,19,0,0,0.03,-0.015,-1.001,0.3,-0.5,0
12.6271714999999,0,0,19,0,0,0.03,-0.015,-1.001,0.3,-0.5,0
12.6371714999999,0,0,19,0,0,0.03,-0.015,-1.001,0.3,-0.5,0
12.6471714999999,0,0,19,0,0,0.03,-0.015,-1.001,0.3,-0.5,0
12.6571714999999,0,0,19,0,0,0.03,-0.015,-1.001,0.3,-0.5,0
12.6671714999999,0,0,19,0,0,0.029,-0.014,-1.002,0.1,-0.6,0
12.6771714999999,0,0,19,0,0,0.029,-0.014,-1.002,0.1,-0.6,0
12.6871714999999,0,0,19,0,0,0.029,-0.014,-1.002,0.1,-0.6,0
12.6971714999999,0,0,19,0,0,0.029,-0.014,-1.002,0.1,-0.6,0
12.7071714999999,0,0,19,0,0,0.029,-0.014,-1.002,0.1,-0.6,0
12.7171714999999,0,0,19,0,0,0.029,-0.016,-1.002,0.3,-0.6,0
12.7271714999999,0,0,19,0,0,0.029,-0.016,-1.002,0.3,-0.6,0
12.7371714999999,0,0,19,0,0,0.029,-0.016,-1.002,0.3,-0.6,0
12.7471714999999,0,0,19,0,0,0.029,-0.016,-1.002,0.3,-0.6,0
12.7571714999999,0,0,19,0,0,0.029,-0.016,-1.002,0.3,-0.6,0
12.7671714999999,0,0,19,0,0,0.029,-0.015,-1.001,0.2,-0.6,0
12.7771714999999,0,0,19,0,0,0.029,-0.015,-1.001,0.2,-0.6,0
12.7871714999999,0,0,19,0,0,0.029,-0.015,-1.001,0.2,-0.6,0
12.7971714999999,0,0,19,0,0,0.029,-0.015,-1.001,0.2,-0.6,0
12.8071714999999,0,0,19,0,0,0.029,-0.015,-1.001,0.2,-0.6,0
12.8171714999999,0,0,19,0,0,0.029,-0.015,-1.001,0.2,-0.6,0
12.8271714999999,0,0,19,0,0,0.029,-0.015,-1.001,0.2,-0.6,0
12.8371714999999,0,0,19,0,0,0.029,-0.015,-1.001,0.2,-0.6,0
12.8471714999999,0,0,19,0,0,0.029,-0.015,-1.001,0.2,-0.6,0
12.8571714999999,0,0,19,0,0,0.029,-0.015,-1.001,0.2,-0.6,0
12.8671714999999,0,0,19,0,0,0.03,-0.015,-1.002,0.3,-0.6,0
12.8771714999999,0,0,19,0,0,0.03,-0.015,-1.002,0.3,-0.6,0
12.8871714999999,0,0,19,0,0,0.03,-0.015,-1.002,0.3,-0.6,0
12.8971714999999,0,0,19,0,0,0.03,-0.015,-1.002,0.3,-0.6,0
12.9071714999999,0,0,19,0,0,0.03,-0.015,-1.002,0.3,-0.6,0
12.9171714999999,0,0,19,0,0,0.03,-0.015,-1.001,0.2,-0.6,0.1
12.9271714999999,0,0,19,0,0,0.03,-0.015,-1.001,0.2,-0.6,0.1
12.9371714999999,0,0,19,0,0,0.03,-0.015,-1.001,0.2,-0.6,0.1
12.9471714999999,0,0,19,0,0,0.03,-0.015,-1.001,0.2,-0.6,0.1
12.9571714999999,0,0,19,0,0,0.03,-0.015,-1.001,0.2,-0.6,0.1
12.9671714999999,0,0,19,0,0,0.03,-0.014,-1.001,0.2,-0.6,0
12.9771714999999,0,0,19,0,0,0.03,-0.014,-1.001,0.2,-0.6,0
12.9871714999999,0,0,19,0,0,0.03,-0.014,-1.001,0.2,-0.6,0
12.9971714999999,0,0,19,0,0,0.03,-0.014,-1.001,0.2,-0.6,0
13.0071714999999,0,0,19,0,0,0.03,-0.014,-1.001,0.2,-0.6,0
13.0171714999999,0,0,19,0,0,0.029,-0.016,-1.001,0.3,-0.5,0
13.0271714999999,0,0,19,0,0,0.029,-0.016,-1.001,0.3,-0.5,0
13.0371714999999,0,0,19,0,0,0.029,-0.016,-1.001,0.3,-0.5,0
13.0471714999999,0,0,19,0,0,0.029,-0.016,-1.001,0.3,-0.5,0
13.0571714999999,0,0,19,0,0,0.029,-0.016,-1.001,0.3,-0.5,0
13.0671714999999,0,0,19,0,0,0.028,-0.015,-1.001,0.2,-0.5,0
13.0771714999999,0,0,19,0,0,0.028,-0.015,-1.001,0.2,-0.5,0
13.0871714999999,0,0,19,0,0,0.028,-0.015,-1.001,0.2,-0.5,0
13.0971714999999,0,0,19,0,0,0.028,-0.015,-1.001,0.2,-0.5,0
13.1071714999999,0,0,19,0,0,0.028,-0.015,-1.001,0.2,-0.5,0
13.1171714999999,0,0,19,0,0,0.029,-0.015,-1.001,0.3,-0.6,0
13.1271714999999,0,0,19,0,0,0.029,-0.015,-1.001,0.3,-0.6,0
13.1371714999999,0,0,19,0,0,0.029,-0.015,-1.001,0.3,-0.6,0
13.1471714999999,0,0,19,0,0,0.029,-0.015,-1.001,0.3,-0.6,0
13.1571714999999,0,0,19,0,0,0.029,-0.015,-1.001,0.3,-0.6,0
13.1671714999999,0,0,19,0,0,0.028,-0.015,-1.001,0.2,-0.5,0
13.1771714999999,0,0,19,0,0,0.028,-0.015,-1.001,0.2,-0.5,0
13.1871714999999,0,0,19,0,0,0.028,-0.015,-1.001,0.2,-0.5,0
13.1971714999999,0,0,19,0,0,0.028,-0.015,-1.001,0.2,-0.5,0
13.2071714999999,0,0,19,0,0,0.028,-0.015,-1.001,0.2,-0.5,0
13.2171714999999,0,0,19,0,0,0.029,-0.015,-1,0.3,-0.5,0
13.2271714999999,0,0,19,0,0,0.029,-0.015,-1,0.3,-0.5,0
13.2371714999999,0,0,19,0,0,0.029,-0.015,-1,0.3,-0.5,0
13.2471714999999,0,0,19,0,0,0.029,-0.015,-1,0.3,-0.5,0
13.2571714999999,0,0,19,0,0,0.029,-0.015,-1,0.3,-0.5,0
13.2671714999999,0,0,19,0,0,0.03,-0.015,-1.002,0.3,-0.5,0.1
13.2771714999999,0,0,19,0,0,0.03,-0.015,-1.002,0.3,-0.5,0.1
13.2871714999999,0,0,19,0,0,0.03,-0.015,-1.002,0.3,-0.5,0.1
13.2971714999999,0,0,19,0,0,0.03,-0.015,-1.002,0.3,-0.5,0.1
13.3071714999999,0,0,19,0,0,0.03,-0.015,-1.002,0.3,-0.5,0.1
13.3171714999999,0,0,19,0,0,0.029,-0.015,-1,0.3,-0.5,0
13.3271714999999,0,0,19,0,0,0.029,-0.015,-1,0.3,-0.5,0
13.3371714999999,0,0,19,0,0,0.029,-0.015,-1,0.3,-0.5,0
13.3471714999999,0,0,19,0,0,0.029,-0.015,-1,0.3,-0.5,0
13.3571714999999,0,0,19,0,0,0.029,-0.015,-1,0.3,-0.5,0
13.3671714999999,0,0,19,0,0,0.03,-0.015,-1.001,0.3,-0.6,0.1
13.3771714999999,0,0,19,0,0,0.03,-0.015,-1.001,0.3,-0.6,0.1
13.3871714999999,0,0,19,0,0,0.03,-0.015,-1.001,0.3,-0.6,0.1
13.3971714999999,0,0,19,0,0,0.03,-0.015,-1.001,0.3,-0.6,0.1
13.4071714999999,0,0,19,0,0,0.03,-0.015,-1.001,0.3,-0.6,0.1
13.4171714999999,0,0,19,0,0,0.029,-0.014,-1,0.2,-0.5,0
13.4271714999999,0,0,19,0,0,0.029,-0.014,-1,0.2,-0.5,0
13.4371714999999,0,0,19,0,0,0.029,-0.014,-1,0.2,-0.5,0
13.4471714999999,0,0,19,0,0,0.029,-0.014,-1,0.2,-0.5,0
13.4571714999999,0,0,19,0,0,0.029,-0.014,-1,0.2,-0.5,0
13.4671714999999,0,0,19,0,0,0.029,-0.016,-1.002,0.3,-0.5,0
13.4771714999999,0,0,19,0,0,0.029,-0.016,-1.002,0.3,-0.5,0
13.4871714999999,0,0,19,0,0,0.029,-0.016,-1.002,0.3,-0.5,0
13.4971714999999,0,0,19,0,0,0.029,-0.016,-1.002,0.3,-0.5,0
13.5071714999999,0,0,19,0,0,0.029,-0.016,-1.002,0.3,-0.5,0
13.5171714999999,0,0,19,0,0,0.029,-0.014,-1.002,0.3,-0.6,0
13.5271714999999,0,0,19,0,0,0.029,-0.014,-1.002,0.3,-0.6,0
13.5371714999999,0,0,19,0,0,0.029,-0.014,-1.002,0.3,-0.6,0
13.5471714999999,0,0,19,0,0,0.029,-0.014,-1.002,0.3,-0.6,0
13.5571714999999,0,0,19,0,0,0.029,-0.014,-1.002,0.3,-0.6,0
13.5671714999999,0,0,19,0,0,0.031,-0.017,-1.001,0.2,-0.6,0
13.5771714999999,0,0,19,0,0,0.031,-0.017,-1.001,0.2,-0.6,0
13.5871714999999,0,0,19,0,0,0.031,-0.017,-1.001,0.2,-0.6,0
13.5971714999999,0,0,19,0,0,0.031,-0.017,-1.001,0.2,-0.6,0
13.6071714999999,0,0,19,0,0,0.031,-0.017,-1.001,0.2,-0.6,0
13.6171714999999,0,0,19,0,0,0.029,-0.014,-1.001,0.3,-0.5,0
13.6271714999999,0,0,19,0,0,0.029,-0.014,-1.001,0.3,-0.5,0
13.6371714999999,0,0,19,0,0,0.029,-0.014,-1.001,0.3,-0.5,0
13.6471714999999,0,0,19,0,0,0.029,-0.014,-1.001,0.3,-0.5,0
13.6571714999999,0,0,19,0,0,0.029,-0.014,-1.001,0.3,-0.5,0
13.6671714999999,0,0,19,0,0,0.029,-0.015,-1.001,0.3,-0.6,0
13.6771714999999,0,0,19,0,0,0.029,-0.015,-1.001,0.3,-0.6,0
13.6871714999999,0,0,19,0,0,0.029,-0.015,-1.001,0.3,-0.6,0
13.6971714999999,0,0,19,0,0,0.029,-0.015,-1.001,0.3,-0.6,0
13.7071714999999,0,0,19,0,0,0.029,-0.015,-1.001,0.3,-0.6,0
13.7171714999999,0,0,19,0,0,0.03,-0.015,-1.001,0.3,-0.5,0
13.7271714999999,0,0,19,0,0,0.03,-0.015,-1.001,0.3,-0.5,0
13.7371714999999,0,0,19,0,0,0.03,-0.015,-1.001,0.3,-0.5,0
13.7471714999999,0,0,19,0,0,0.03,-0.015,-1.001,0.3,-0.5,0
13.7571714999999,0,0,19,0,0,0.03,-0.015,-1.001,0.3,-0.5,0
13.7671714999999,0,0,19,0,0,0.03,-0.016,-1.001,0.2,-0.5,0
13.7771714999999,0,0,19,0,0,0.03,-0.016,-1.001,0.2,-0.5,0
13.7871714999999,0,0,19,0,0,0.03,-0.016,-1.001,0.2,-0.5,0
13.7971714999999,0,0,19,0,0,0.03,-0.016,-1.001,0.2,-0.5,0
13.8071714999999,0,0,19,0,0,0.03,-0.016,-1.001,0.2,-0.5,0
13.8171714999999,0,0,19,0,0,0.028,-0.015,-1.001,0.3,-0.5,0
13.8271714999999,0,0,19,0,0,0.028,-0.015,-1.001,0.3,-0.5,0
13.8371714999999,0,0,19,0,0,0.028,-0.015,-1.001,0.3,-0.5,0
13.8471714999999,0,0,19,0,0,0.028,-0.015,-1.001,0.3,-0.5,0
13.8571714999999,0,0,19,0,0,0.028,-0.015,-1.001,0.3,-0.5,0
13.8671714999999,0,0,19,0,0,0.028,-0.016,-1.001,0.3,-0.5,0.1
13.8771714999999,0,0,19,0,0,0.028,-0.016,-1.001,0.3,-0.5,0.1
13.8871714999999,0,0,19,0,0,0.028,-0.016,-1.001,0.3,-0.5,0.1
13.8971714999999,0,0,19,0,0,0.028,-0.016,-1.001,0.3,-0.5,0.1
13.9071714999999,0,0,19,0,0,0.028,-0.016,-1.001,0.3,-0.5,0.1
13.9171714999999,0,0,19,0,0,0.029,-0.015,-1.001,0.2,-0.6,0
13.9271714999999,0,0,19,0,0,0.029,-0.015,-1.001,0.2,-0.6,0
13.9371714999999,0,0,19,0,0,0.029,-0.015,-1.001,0.2,-0.6,0
13.9471714999999,0,0,19,0,0,0.029,-0.015,-1.001,0.2,-0.6,0
13.9571714999999,0,0,19,0,0,0.029,-0.015,-1.001,0.2,-0.6,0
13.9671714999999,0,0,19,0,0,0.029,-0.016,-1.001,0.3,-0.6,0
13.9771714999999,0,0,19,0,0,0.029,-0.016,-1.001,0.3,-0.6,0
13.9871714999999,0,0,19,0,0,0.029,-0.016,-1.001,0.3,-0.6,0
13.9971714999999,0,0,19,0,0,0.029,-0.016,-1.001,0.3,-0.6,0
14.0071714999999,0,0,19,0,0,0.029,-0.016,-1.001,0.3,-0.6,0
14.0171714999999,0,0,19,0,0,0.03,-0.014,-1.001,0.2,-0.6,0
14.0271714999999,0,0,19,0,0,0.03,-0.014,-1.001,0.2,-0.6,0
14.0371714999999,0,0,19,0,0,0.03,-0.014,-1.001,0.2,-0.6,0
14.0471714999999,0,0,19,0,0,0.03,-0.014,-1.001,0.2,-0.6,0
14.0571714999999,0,0,19,0,0,0.03,-0.014,-1.001,0.2,-0.6,0
14.0671714999999,0,0,19,0,0,0.029,-0.015,-1.001,0.3,-0.6,0
14.0771714999999,0,0,19,0,0,0.029,-0.015,-1.001,0.3,-0.6,0
14.0871714999999,0,0,19,0,0,0.029,-0.015,-1.001,0.3,-0.6,0
14.0971714999999,0,0,19,0,0,0.029,-0.015,-1.001,0.3,-0.6,0
14.1071714999999,0,0,19,0,0,0.029,-0.015,-1.001,0.3,-0.6,0
14.1171714999999,0,0,19,0,0,0.029,-0.015,-1.001,0.3,-0.6,0
14.1271714999999,0,0,19,0,0,0.029,-0.015,-1.001,0.3,-0.6,0
14.1371714999999,0,0,19,0,0,0.029,-0.015,-1.001,0.3,-0.6,0
14.1471714999999,0,0,19,0,0,0.029,-0.015,-1.001,0.3,-0.6,0
14.1571714999999,0,0,19,0,0,0.029,-0.015,-1.001,0.3,-0.6,0
14.1671714999999,0,0,19,0,0,0.029,-0.016,-1.001,0.2,-0.6,0
14.1771714999999,0,0,19,0,0,0.029,-0.016,-1.001,0.2,-0.6,0
14.1871714999999,0,0,19,0,0,0.029,-0.016,-1.001,0.2,-0.6,0
14.1971714999999,0,0,19,0,0,0.029,-0.016,-1.001,0.2,-0.6,0
14.2071714999999,0,0,19,0,0,0.029,-0.016,-1.001,0.2,-0.6,0
14.2171714999999,0,0,19,0,0,0.03,-0.015,-1.002,0.3,-0.5,0
14.2271714999999,0,0,19,0,0,0.03,-0.015,-1.002,0.3,-0.5,0
14.2371714999999,0,0,19,0,0,0.03,-0.015,-1.002,0.3,-0.5,0
14.2471714999999,0,0,19,0,0,0.03,-0.015,-1.002,0.3,-0.5,0
14.2571714999999,0,0,19,0,0,0.03,-0.015,-1.002,0.3,-0.5,0
14.2671714999999,0,0,19,0,0,0.03,-0.015,-1.001,0.3,-0.5,0
14.2771714999999,0,0,19,0,0,0.03,-0.015,-1.001,0.3,-0.5,0
14.2871714999999,0,0,19,0,0,0.03,-0.015,-1.001,0.3,-0.5,0
14.2971714999999,0,0,19,0,0,0.03,-0.015,-1.001,0.3,-0.5,0
14.3071714999999,0,0,19,0,0,0.03,-0.015,-1.001,0.3,-0.5,0
14.3171714999999,0,0,19,0,0,0.03,-0.015,-1,0.3,-0.6,0
14.3271714999999,0,0,19,0,0,0.03,-0.015,-1,0.3,-0.6,0
14.3371714999999,0,0,19,0,0,0.03,-0.015,-1,0.3,-0.6,0
14.3471714999999,0,0,19,0,0,0.03,-0.015,-1,0.3,-0.6,0
14.3571714999999,0,0,19,0,0,0.03,-0.015,-1,0.3,-0.6,0
14.3671714999999,0,0,19,0,0,0.03,-0.014,-1.001,0.3,-0.5,0
14.3771714999999,0,0,19,0,0,0.03,-0.014,-1.001,0.3,-0.5,0
14.3871714999999,0,0,19,0,0,0.03,-0.014,-1.001,0.3,-0.5,0
14.3971714999999,0,0,19,0,0,0.03,-0.014,-1.001,0.3,-0.5,0
14.4071714999999,0,0,19,0,0,0.03,-0.014,-1.001,0.3,-0.5,0
14.4171714999999,0,0,19,0,0,0.03,-0.016,-1.001,0.3,-0.6,0
14.4271714999999,0,0,19,0,0,0.03,-0.016,-1.001,0.3,-0.6,0
14.4371714999999,0,0,19,0,0,0.03,-0.016,-1.001,0.3,-0.6,0
14.4471714999999,0,0,19,0,0,0.03,-0.016,-1.001,0.3,-0.6,0
14.4571714999999,0,0,19,0,0,0.03,-0.016,-1.001,0.3,-0.6,0
14.4671714999999,0,0,19,0,0,0.03,-0.015,-1.002,0.2,-0.5,0
14.4771714999999,0,0,19,0,0,0.03,-0.015,-1.002,0.2,-0.5,0
14.4871714999999,0,0,19,0,0,0.03,-0.015,-1.002,0.2,-0.5,0
14.4971714999999,0,0,19,0,0,0.03,-0.015,-1.002,0.2,-0.5,0
14.5071714999999,0,0,19,0,0,0.03,-0.015,-1.002,0.2,-0.5,0
14.5171714999999,0,0,19,0,0,0.029,-0.015,-1.001,0.2,-0.6,0
14.5271714999999,0,0,19,0,0,0.029,-0.015,-1.001,0.2,-0.6,0
14.5371714999999,0,0,19,0,0,0.029,-0.015,-1.001,0.2,-0.6,0
14.5471714999999,0,0,19,0,0,0.029,-0.015,-1.001,0.2,-0.6,0
14.5571714999999,0,0,19,0,0,0.029,-0.015,-1.001,0.2,-0.6,0
14.5671714999999,0,0,19,0,0,0.03,-0.016,-1,0.1,-0.6,0
14.5771714999999,0,0,19,0,0,0.03,-0.016,-1,0.1,-0.6,0
14.5871714999999,0,0,19,0,0,0.03,-0.016,-1,0.1,-0.6,0
14.5971714999999,0,0,19,0,0,0.03,-0.016,-1,0.1,-0.6,0
14.6071714999999,0,0,19,0,0,0.03,-0.016,-1,0.1,-0.6,0
14.6171714999999,0,0,19,0,0,0.029,-0.013,-1.001,0.3,-0.5,0
14.6271714999999,0,0,19,0,0,0.029,-0.013,-1.001,0.3,-0.5,0
14.6371714999999,0,0,19,0,0,0.029,-0.013,-1.001,0.3,-0.5,0
14.6471714999999,0,0,19,0,0,0.029,-0.013,-1.001,0.3,-0.5,0
14.6571714999999,0,0,19,0,0,0.029,-0.013,-1.001,0.3,-0.5,0
14.6671714999999,0,0,19,0,0,0.029,-0.016,-1.002,0.3,-0.6,0.1
14.6771714999999,0,0,19,0,0,0.029,-0.016,-1.002,0.3,-0.6,0.1
14.6871714999999,0,0,19,0,0,0.029,-0.016,-1.002,0.3,-0.6,0.1
14.6971714999999,0,0,19,0,0,0.029,-0.016,-1.002,0.3,-0.6,0.1
14.7071714999999,0,0,19,0,0,0.029,-0.016,-1.002,0.3,-0.6,0.1
14.7171714999999,0,0,19,0,0,0.03,-0.015,-1.001,0.3,-0.6,0
14.7271714999999,0,0,19,0,0,0.03,-0.015,-1.001,0.3,-0.6,0
14.7371714999999,0,0,19,0,0,0.03,-0.015,-1.001,0.3,-0.6,0
14.7471714999999,0,0,19,0,0,0.03,-0.015,-1.001,0.3,-0.6,0
14.7571714999999,0,0,19,0,0,0.03,-0.015,-1.001,0.3,-0.6,0
14.7671714999999,0,0,19,0,0,0.03,-0.015,-1.002,0.3,-0.7,0
14.7771714999999,0,0,19,0,0,0.03,-0.015,-1.002,0.3,-0.7,0
14.7871714999999,0,0,19,0,0,0.03,-0.015,-1.002,0.3,-0.7,0
14.7971714999999,0,0,19,0,0,0.03,-0.015,-1.002,0.3,-0.7,0
14.8071714999998,0,0,19,0,0,0.03,-0.015,-1.002,0.3,-0.7,0
14.8171714999998,0,0,19,0,0,0.029,-0.016,-1.001,0.2,-0.6,0
14.8271714999998,0,0,19,0,0,0.029,-0.016,-1.001,0.2,-0.6,0
14.8371714999998,0,0,19,0,0,0.029,-0.016,-1.001,0.2,-0.6,0
14.8471714999998,0,0,19,0,0,0.029,-0.016,-1.001,0.2,-0.6,0
14.8571714999998,0,0,19,0,0,0.029,-0.016,-1.001,0.2,-0.6,0
14.8671714999998,0,0,19,0,0,0.029,-0.016,-1.001,0.2,-0.6,0
14.8771714999998,0,0,19,0,0,0.029,-0.016,-1.001,0.2,-0.6,0
14.8871714999998,0,0,19,0,0,0.029,-0.016,-1.001,0.2,-0.6,0
14.8971714999998,0,0,19,0,0,0.029,-0.016,-1.001,0.2,-0.6,0
14.9071714999998,0,0,19,0,0,0.029,-0.016,-1.001,0.2,-0.6,0
14.9171714999998,0,0,19,0,0,0.029,-0.014,-1,0.2,-0.5,0
14.9271714999998,0,0,19,0,0,0.029,-0.014,-1,0.2,-0.5,0
14.9371714999998,0,0,19,0,0,0.029,-0.014,-1,0.2,-0.5,0
14.9471714999998,0,0,19,0,0,0.029,-0.014,-1,0.2,-0.5,0
14.9571714999998,0,0,19,0,0,0.029,-0.014,-1,0.2,-0.5,0
14.9671714999998,0,0,19,0,0,0.03,-0.016,-1.001,0.2,-0.6,0
14.9771714999998,0,0,19,0,0,0.03,-0.016,-1.001,0.2,-0.6,0
14.9871714999998,0,0,19,0,0,0.03,-0.016,-1.001,0.2,-0.6,0
14.9971714999998,0,0,19,0,0,0.03,-0.016,-1.001,0.2,-0.6,0
15.0071714999998,0,0,19,0,0,0.03,-0.016,-1.001,0.2,-0.6,0
15.0171714999998,0,0,19,0,0,0.028,-0.015,-1,0.3,-0.6,0
15.0271714999998,0,0,19,0,0,0.028,-0.015,-1,0.3,-0.6,0
15.0371714999998,0,0,19,0,0,0.028,-0.015,-1,0.3,-0.6,0
15.0471714999998,0,0,19,0,0,0.028,-0.015,-1,0.3,-0.6,0
15.0571714999998,0,0,19,0,0,0.028,-0.015,-1,0.3,-0.6,0
15.0671714999998,0,0,19,0,0,0.03,-0.015,-1.002,0.3,-0.6,0
15.0771714999998,0,0,19,0,0,0.03,-0.015,-1.002,0.3,-0.6,0
15.0871714999998,0,0,19,0,0,0.03,-0.015,-1.002,0.3,-0.6,0
15.0971714999998,0,0,19,0,0,0.03,-0.015,-1.002,0.3,-0.6,0
15.1071714999998,0,0,19,0,0,0.03,-0.015,-1.002,0.3,-0.6,0
15.1171714999998,0,0,19,0,0,0.029,-0.017,-1.001,0.3,-0.6,0
15.1271714999998,0,0,19,0,0,0.029,-0.017,-1.001,0.3,-0.6,0
15.1371714999998,0,0,19,0,0,0.029,-0.017,-1.001,0.3,-0.6,0
15.1471714999998,0,0,19,0,0,0.029,-0.017,-1.001,0.3,-0.6,0
15.1571714999998,0,0,19,0,0,0.029,-0.017,-1.001,0.3,-0.6,0
15.1671714999998,0,0,19,0,0,0.03,-0.015,-1.002,0.3,-0.6,0
15.1771714999998,0,0,19,0,0,0.03,-0.015,-1.002,0.3,-0.6,0
15.1871714999998,0,0,19,0,0,0.03,-0.015,-1.002,0.3,-0.6,0
15.1971714999998,0,0,19,0,0,0.03,-0.015,-1.002,0.3,-0.6,0
15.2071714999998,0,0,19,0,0,0.03,-0.015,-1.002,0.3,-0.6,0
15.2171714999998,0,0,19,0,0,0.029,-0.014,-1.001,0.2,-0.6,0
15.2271714999998,0,0,19,0,0,0.029,-0.014,-1.001,0.2,-0.6,0
15.2371714999998,0,0,19,0,0,0.029,-0.014,-1.001,0.2,-0.6,0
15.2471714999998,0,0,19,0,0,0.029,-0.014,-1.001,0.2,-0.6,0
15.2571714999998,0,0,19,0,0,0.029,-0.014,-1.001,0.2,-0.6,0
15.2671714999998,0,0,19,0,0,0.03,-0.015,-1.001,0.2,-0.6,0
15.2771714999998,0,0,19,0,0,0.03,-0.015,-1.001,0.2,-0.6,0
15.2871714999998,0,0,19,0,0,0.03,-0.015,-1.001,0.2,-0.6,0
15.2971714999998,0,0,19,0,0,0.03,-0.015,-1.001,0.2,-0.6,0
15.3071714999998,0,0,19,0,0,0.03,-0.015,-1.001,0.2,-0.6,0
15.3171714999998,0,0,19,0,0,0.03,-0.015,-1.001,0.2,-0.6,0
15.3271714999998,0,0,19,0,0,0.03,-0.015,-1.001,0.2,-0.6,0
15.3371714999998,0,0,19,0,0,0.03,-0.015,-1.001,0.2,-0.6,0
15.3471714999998,0,0,19,0,0,0.03,-0.015,-1.001,0.2,-0.6,0
15.3571714999998,0,0,19,0,0,0.03,-0.015,-1.001,0.2,-0.6,0
15.3671714999998,0,0,19,0,0,0.029,-0.015,-1.001,0.3,-0.6,0
15.3771714999998,0,0,19,0,0,0.029,-0.015,-1.001,0.3,-0.6,0
15.3871714999998,0,0,19,0,0,0.029,-0.015,-1.001,0.3,-0.6,0
15.3971714999998,0,0,19,0,0,0.029,-0.015,-1.001,0.3,-0.6,0
15.4071714999998,0,0,19,0,0,0.029,-0.015,-1.001,0.3,-0.6,0
15.4171714999998,0,0,19,0,0,0.029,-0.015,-1.003,0.3,-0.6,0
15.4271714999998,0,0,19,0,0,0.029,-0.015,-1.003,0.3,-0.6,0
15.4371714999998,0,0,19,0,0,0.029,-0.015,-1.003,0.3,-0.6,0
15.4471714999998,0,0,19,0,0,0.029,-0.015,-1.003,0.3,-0.6,0
15.4571714999998,0,0,19,0,0,0.029,-0.015,-1.003,0.3,-0.6,0
15.4671714999998,0,0,19,0,0,0.03,-0.015,-1.002,0.2,-0.5,0
15.4771714999998,0,0,19,0,0,0.03,-0.015,-1.002,0.2,-0.5,0
15.4871714999998,0,0,19,0,0,0.03,-0.015,-1.002,0.2,-0.5,0
15.4971714999998,0,0,19,0,0,0.03,-0.015,-1.002,0.2,-0.5,0
15.5071714999998,0,0,19,0,0,0.03,-0.015,-1.002,0.2,-0.5,0
15.5433092,0,0,19,0,0,0.03,-0.015,-1.001,0.3,-0.5,0
15.5533092,0,0,19,0,0,0.03,-0.015,-1.001,0.3,-0.5,0
15.5633092,0,0,19,0,0,0.03,-0.015,-1.001,0.3,-0.5,0
15.5733092,0,0,19,0,0,0.03,-0.015,-1.001,0.3,-0.5,0
15.5833092,0,0,19,0,0,0.03,-0.015,-1.001,0.3,-0.5,0
15.5933092,0,0,19,0,0,0.029,-0.015,-1,0.3,-0.6,0
15.6033092,0,0,19,0,0,0.029,-0.015,-1,0.3,-0.6,0
15.6133092,0,0,19,0,0,0.029,-0.015,-1,0.3,-0.6,0
15.6233092,0,0,19,0,0,0.029,-0.015,-1,0.3,-0.6,0
15.6333092,0,0,19,0,0,0.029,-0.015,-1,0.3,-0.6,0
15.6433092,0,0,19,0,0,0.03,-0.014,-1.001,0.2,-0.6,0
15.6533092,0,0,19,0,0,0.03,-0.014,-1.001,0.2,-0.6,0
15.6633092,0,0,19,0,0,0.03,-0.014,-1.001,0.2,-0.6,0
15.6733092,0,0,19,0,0,0.03,-0.014,-1.001,0.2,-0.6,0
15.6833092,0,0,19,0,0,0.03,-0.014,-1.001,0.2,-0.6,0
15.6933092,0,0,19,0,0,0.029,-0.015,-1.002,0.3,-0.6,0
15.7033092,0,0,19,0,0,0.029,-0.015,-1.002,0.3,-0.6,0
15.7133092,0,0,19,0,0,0.029,-0.015,-1.002,0.3,-0.6,0
15.7233092,0,0,19,0,0,0.029,-0.015,-1.002,0.3,-0.6,0
15.7333092,0,0,19,0,0,0.029,-0.015,-1.002,0.3,-0.6,0
15.7433092,0,0,19,0,0,0.03,-0.015,-1.002,0.3,-0.6,0
15.7533092,0,0,19,0,0,0.03,-0.015,-1.002,0.3,-0.6,0
15.7633092,0,0,19,0,0,0.03,-0.015,-1.002,0.3,-0.6,0
15.7733092,0,0,19,0,0,0.03,-0.015,-1.002,0.3,-0.6,0
15.7833092,0,0,19,0,0,0.03,-0.015,-1.002,0.3,-0.6,0
15.7933092,0,0,19,0,0,0.03,-0.015,-1.001,0.3,-0.6,0
15.8033092,0,0,19,0,0,0.03,-0.015,-1.001,0.3,-0.6,0
15.8133092,0,0,19,0,0,0.03,-0.015,-1.001,0.3,-0.6,0
15.8233092,0,0,19,0,0,0.03,-0.015,-1.001,0.3,-0.6,0
15.8333092,0,0,19,0,0,0.03,-0.015,-1.001,0.3,-0.6,0
15.8433092,0,0,19,0,0,0.029,-0.015,-1.002,0.3,-0.5,0.1
15.8533092,0,0,19,0,0,0.029,-0.015,-1.002,0.3,-0.5,0.1
15.8633092,0,0,19,0,0,0.029,-0.015,-1.002,0.3,-0.5,0.1
15.8733092,0,0,19,0,0,0.029,-0.015,-1.002,0.3,-0.5,0.1
15.8833092,0,0,19,0,0,0.029,-0.015,-1.002,0.3,-0.5,0.1
15.8933092,0,0,19,0,0,0.028,-0.015,-1.002,0.3,-0.6,0
15.9033092,0,0,19,0,0,0.028,-0.015,-1.002,0.3,-0.6,0
15.9133092,0,0,19,0,0,0.028,-0.015,-1.002,0.3,-0.6,0
15.9233092,0,0,19,0,0,0.028,-0.015,-1.002,0.3,-0.6,0
15.9333092,0,0,19,0,0,0.028,-0.015,-1.002,0.3,-0.6,0
15.9433092,0,0,19,0,0,0.029,-0.015,-1.002,0.3,-0.5,0.1
15.9533092,0,0,19,0,0,0.029,-0.015,-1.002,0.3,-0.5,0.1
15.9633092,0,0,19,0,0,0.029,-0.015,-1.002,0.3,-0.5,0.1
15.9733092,0,0,19,0,0,0.029,-0.015,-1.002,0.3,-0.5,0.1
15.9833092,0,0,19,0,0,0.029,-0.015,-1.002,0.3,-0.5,0.1
15.9971889,0,0,19,0,0,0.03,-0.015,-1.001,0.3,-0.5,0
16.0071889,0,0,19,0,0,0.03,-0.015,-1.001,0.3,-0.5,0
16.0171889,0,0,19,0,0,0.03,-0.015,-1.001,0.3,-0.5,0
16.0271889,0,0,19,0,0,0.03,-0.015,-1.001,0.3,-0.5,0
16.0371889,0,0,19,0,0,0.03,-0.015,-1.001,0.3,-0.5,0
16.0471889,0,0,19,0,0,0.029,-0.016,-1.001,0.3,-0.6,0
16.0571889,0,0,19,0,0,0.029,-0.016,-1.001,0.3,-0.6,0
16.0671889,0,0,19,0,0,0.029,-0.016,-1.001,0.3,-0.6,0
16.0771889,0,0,19,0,0,0.029,-0.016,-1.001,0.3,-0.6,0
16.0871889,0,0,19,0,0,0.029,-0.016,-1.001,0.3,-0.6,0
16.0971889,0,0,19,0,0,0.028,-0.015,-1.001,0.3,-0.6,0
16.1071889,0,0,19,0,0,0.028,-0.015,-1.001,0.3,-0.6,0
16.1171889,0,0,19,0,0,0.028,-0.015,-1.001,0.3,-0.6,0
16.1271889,0,0,19,0,0,0.028,-0.015,-1.001,0.3,-0.6,0
16.1371889,0,0,19,0,0,0.028,-0.015,-1.001,0.3,-0.6,0
16.1471889,0,0,19,0,0,0.029,-0.016,-1.002,0.3,-0.6,0
16.1571889,0,0,19,0,0,0.029,-0.016,-1.002,0.3,-0.6,0
16.1671889,0,0,19,0,0,0.029,-0.016,-1.002,0.3,-0.6,0
16.1771889,0,0,19,0,0,0.029,-0.016,-1.002,0.3,-0.6,0
16.1871889,0,0,19,0,0,0.029,-0.016,-1.002,0.3,-0.6,0
16.1971889,0,0,19,0,0,0.029,-0.014,-1.002,0.2,-0.6,0
16.2071889,0,0,19,0,0,0.029,-0.014,-1.002,0.2,-0.6,0
16.2171889,0,0,19,0,0,0.029,-0.014,-1.002,0.2,-0.6,0
16.2271889,0,0,19,0,0,0.029,-0.014,-1.002,0.2,-0.6,0
16.2371889,0,0,19,0,0,0.029,-0.014,-1.002,0.2,-0.6,0
16.2471889,0,0,19,0,0,0.03,-0.016,-1.002,0.3,-0.6,0
16.2571889,0,0,19,0,0,0.03,-0.016,-1.002,0.3,-0.6,0
16.2671889,0,0,19,0,0,0.03,-0.016,-1.002,0.3,-0.6,0
16.2771889,0,0,19,0,0,0.03,-0.016,-1.002,0.3,-0.6,0
16.2871889,0,0,19,0,0,0.03,-0.016,-1.002,0.3,-0.6,0
16.3012187,0,0,19,0,0,0.029,-0.015,-1.001,0.3,-0.6,0
16.3112187,0,0,19,0,0,0.029,-0.015,-1.001,0.3,-0.6,0
16.3212187,0,0,19,0,0,0.029,-0.015,-1.001,0.3,-0.6,0
16.3312187,0,0,19,0,0,0.029,-0.015,-1.001,0.3,-0.6,0
16.3412187,0,0,19,0,0,0.029,-0.015,-1.001,0.3,-0.6,0
16.3512187,0,0,19,0,0,0.03,-0.015,-1.002,0.3,-0.5,0
16.3612187,0,0,19,0,0,0.03,-0.015,-1.002,0.3,-0.5,0
16.3712187,0,0,19,0,0,0.03,-0.015,-1.002,0.3,-0.5,0
16.3812187,0,0,19,0,0,0.03,-0.015,-1.002,0.3,-0.5,0
16.3912187,0,0,19,0,0,0.03,-0.015,-1.002,0.3,-0.5,0
16.4012187,0,0,19,0,0,0.029,-0.015,-1.001,0.2,-0.5,0
16.4112187,0,0,19,0,0,0.029,-0.015,-1.001,0.2,-0.5,0
16.4212187,0,0,19,0,0,0.029,-0.015,-1.001,0.2,-0.5,0
16.4312187,0,0,19,0,0,0.029,-0.015,-1.001,0.2,-0.5,0
16.4412187,0,0,19,0,0,0.029,-0.015,-1.001,0.2,-0.5,0
16.4512187,0,0,19,0,0,0.029,-0.015,-1.001,0.2,-0.6,0
16.4612187,0,0,19,0,0,0.029,-0.015,-1.001,0.2,-0.6,0
16.4712187,0,0,19,0,0,0.029,-0.015,-1.001,0.2,-0.6,0
16.4812187,0,0,19,0,0,0.029,-0.015,-1.001,0.2,-0.6,0
16.4912187,0,0,19,0,0,0.029,-0.015,-1.001,0.2,-0.6,0
16.5012187,0,0,19,0,0,0.03,-0.015,-1.001,0.3,-0.6,0
16.5112187,0,0,19,0,0,0.03,-0.015,-1.001,0.3,-0.6,0
16.5212187,0,0,19,0,0,0.03,-0.015,-1.001,0.3,-0.6,0
16.5312187,0,0,19,0,0,0.03,-0.015,-1.001,0.3,-0.6,0
16.5412187,0,0,19,0,0,0.03,-0.015,-1.001,0.3,-0.6,0
16.5512187,0,0,19,0,0,0.03,-0.014,-1.001,0.3,-0.6,0
16.5612187,0,0,19,0,0,0.03,-0.014,-1.001,0.3,-0.6,0
16.5712187,0,0,19,0,0,0.03,-0.014,-1.001,0.3,-0.6,0
16.5812187,0,0,19,0,0,0.03,-0.014,-1.001,0.3,-0.6,0
16.5912187,0,0,19,0,0,0.03,-0.014,-1.001,0.3,-0.6,0
16.6012187,0,0,19,0,0,0.03,-0.015,-1.001,0.2,-0.6,0
16.6112187,0,0,19,0,0,0.03,-0.015,-1.001,0.2,-0.6,0
16.6212187,0,0,19,0,0,0.03,-0.015,-1.001,0.2,-0.6,0
16.6312187,0,0,19,0,0,0.03,-0.015,-1.001,0.2,-0.6,0
16.6412187,0,0,19,0,0,0.03,-0.015,-1.001,0.2,-0.6,0
16.6512187,0,0,19,0,0,0.029,-0.014,-1.002,0.3,-0.5,0
16.6612187,0,0,19,0,0,0.029,-0.014,-1.002,0.3,-0.5,0
16.6712187,0,0,19,0,0,0.029,-0.014,-1.002,0.3,-0.5,0
16.6812187,0,0,19,0,0,0.029,-0.014,-1.002,0.3,-0.5,0
16.6912187,0,0,19,0,0,0.029,-0.014,-1.002,0.3,-0.5,0
16.7012187,0,0,19,0,0,0.031,-0.016,-1.001,0.3,-0.6,0
16.7112187,0,0,19,0,0,0.031,-0.016,-1.001,0.3,-0.6,0
16.7212187,0,0,19,0,0,0.031,-0.016,-1.001,0.3,-0.6,0
16.7312187,0,0,19,0,0,0.031,-0.016,-1.001,0.3,-0.6,0
16.7412187,0,0,19,0,0,0.031,-0.016,-1.001,0.3,-0.6,0
16.7512187,0,0,19,0,0,0.029,-0.015,-1.001,0.2,-0.6,0.1
16.7612187,0,0,19,0,0,0.029,-0.015,-1.001,0.2,-0.6,0.1
16.7712187,0,0,19,0,0,0.029,-0.015,-1.001,0.2,-0.6,0.1
16.7812187,0,0,19,0,0,0.029,-0.015,-1.001,0.2,-0.6,0.1
16.7912187,0,0,19,0,0,0.029,-0.015,-1.001,0.2,-0.6,0.1
16.8012187,0,0,19,0,0,0.029,-0.015,-1.002,0.3,-0.6,0
16.8112187,0,0,19,0,0,0.029,-0.015,-1.002,0.3,-0.6,0
16.8212187,0,0,19,0,0,0.029,-0.015,-1.002,0.3,-0.6,0
16.8312187,0,0,19,0,0,0.029,-0.015,-1.002,0.3,-0.6,0
16.8412187,0,0,19,0,0,0.029,-0.015,-1.002,0.3,-0.6,0
16.8512187,0,0,19,0,0,0.029,-0.014,-1.001,0.3,-0.6,0
16.8612187,0,0,19,0,0,0.029,-0.014,-1.001,0.3,-0.6,0
16.8712187,0,0,19,0,0,0.029,-0.014,-1.001,0.3,-0.6,0
16.8812187,0,0,19,0,0,0.029,-0.014,-1.001,0.3,-0.6,0
16.8912187,0,0,19,0,0,0.029,-0.014,-1.001,0.3,-0.6,0
16.9012187,0,0,19,0,0,0.031,-0.016,-1.001,0.3,-0.5,0
16.9112187,0,0,19,0,0,0.031,-0.016,-1.001,0.3,-0.5,0
16.9212187,0,0,19,0,0,0.031,-0.016,-1.001,0.3,-0.5,0
16.9312187,0,0,19,0,0,0.031,-0.016,-1.001,0.3,-0.5,0
16.9412187,0,0,19,0,0,0.031,-0.016,-1.001,0.3,-0.5,0
16.9512187,0,0,19,0,0,0.028,-0.015,-1.001,0.3,-0.6,0
16.9612187,0,0,19,0,0,0.028,-0.015,-1.001,0.3,-0.6,0
16.9712187,0,0,19,0,0,0.028,-0.015,-1.001,0.3,-0.6,0
16.9812187,0,0,19,0,0,0.028,-0.015,-1.001,0.3,-0.6,0
16.9912187,0,0,19,0,0,0.028,-0.015,-1.001,0.3,-0.6,0
17.0012187,0,0,19,0,0,0.029,-0.015,-1.002,0.2,-0.6,0
17.0112187,0,0,19,0,0,0.029,-0.015,-1.002,0.2,-0.6,0
17.0212187,0,0,19,0,0,0.029,-0.015,-1.002,0.2,-0.6,0
17.0312187,0,0,19,0,0,0.029,-0.015,-1.002,0.2,-0.6,0
17.0412187,0,0,19,0,0,0.029,-0.015,-1.002,0.2,-0.6,0
17.0512187,0,0,19,0,0,0.029,-0.015,-1.001,0.2,-0.6,0
17.0612187,0,0,19,0,0,0.029,-0.015,-1.001,0.2,-0.6,0
17.0712187,0,0,19,0,0,0.029,-0.015,-1.001,0.2,-0.6,0
17.0812187,0,0,19,0,0,0.029,-0.015,-1.001,0.2,-0.6,0
17.0912187,0,0,19,0,0,0.029,-0.015,-1.001,0.2,-0.6,0
17.1012187,0,0,19,0,0,0.028,-0.015,-1.001,0.3,-0.6,0
17.1112187,0,0,19,0,0,0.028,-0.015,-1.001,0.3,-0.6,0
17.1212187,0,0,19,0,0,0.028,-0.015,-1.001,0.3,-0.6,0
17.1312187,0,0,19,0,0,0.028,-0.015,-1.001,0.3,-0.6,0
17.1412187,0,0,19,0,0,0.028,-0.015,-1.001,0.3,-0.6,0
17.1512187,0,0,19,0,0,0.03,-0.014,-1.002,0.3,-0.5,0
17.1612187,0,0,19,0,0,0.03,-0.014,-1.002,0.3,-0.5,0
17.1712187,0,0,19,0,0,0.03,-0.014,-1.002,0.3,-0.5,0
17.1812187,0,0,19,0,0,0.03,-0.014,-1.002,0.3,-0.5,0
17.1912187,0,0,19,0,0,0.03,-0.014,-1.002,0.3,-0.5,0
17.2012187,0,0,19,0,0,0.029,-0.016,-1.001,0.2,-0.5,0
17.2112187,0,0,19,0,0,0.029,-0.016,-1.001,0.2,-0.5,0
17.2212187,0,0,19,0,0,0.029,-0.016,-1.001,0.2,-0.5,0
17.2312187,0,0,19,0,0,0.029,-0.016,-1.001,0.2,-0.5,0
17.2412187,0,0,19,0,0,0.029,-0.016,-1.001,0.2,-0.5,0
17.2512187,0,0,19,0,0,0.03,-0.015,-1.001,0.3,-0.6,0
17.2612187,0,0,19,0,0,0.03,-0.015,-1.001,0.3,-0.6,0
17.2712187,0,0,19,0,0,0.03,-0.015,-1.001,0.3,-0.6,0
17.2812187,0,0,19,0,0,0.03,-0.015,-1.001,0.3,-0.6,0
17.2912187,0,0,19,0,0,0.03,-0.015,-1.001,0.3,-0.6,0
17.3012187,0,0,19,0,0,0.03,-0.016,-1.002,0.2,-0.5,0
17.3112187,0,0,19,0,0,0.03,-0.016,-1.002,0.2,-0.5,0
17.3212187,0,0,19,0,0,0.03,-0.016,-1.002,0.2,-0.5,0
17.3312187,0,0,19,0,0,0.03,-0.016,-1.002,0.2,-0.5,0
17.3412187,0,0,19,0,0,0.03,-0.016,-1.002,0.2,-0.5,0
17.3512187,0,0,19,0,0,0.03,-0.015,-1.001,0.2,-0.5,0
17.3612187,0,0,19,0,0,0.03,-0.015,-1.001,0.2,-0.5,0
17.3712187,0,0,19,0,0,0.03,-0.015,-1.001,0.2,-0.5,0
17.3812187,0,0,19,0,0,0.03,-0.015,-1.001,0.2,-0.5,0
17.3912187,0,0,19,0,0,0.03,-0.015,-1.001,0.2,-0.5,0
17.4012187,0,0,19,0,0,0.03,-0.015,-1.001,0.3,-0.5,0
17.4112187,0,0,19,0,0,0.03,-0.015,-1.001,0.3,-0.5,0
17.4212187,0,0,19,0,0,0.03,-0.015,-1.001,0.3,-0.5,0
17.4312187,0,0,19,0,0,0.03,-0.015,-1.001,0.3,-0.5,0
17.4412187,0,0,19,0,0,0.03,-0.015,-1.001,0.3,-0.5,0
17.4512187,0,0,19,0,0,0.029,-0.016,-1.002,0.2,-0.5,0
17.4612187,0,0,19,0,0,0.029,-0.016,-1.002,0.2,-0.5,0
17.4712187,0,0,19,0,0,0.029,-0.016,-1.002,0.2,-0.5,0
17.4812187,0,0,19,0,0,0.029,-0.016,-1.002,0.2,-0.5,0
17.4912187,0,0,19,0,0,0.029,-0.016,-1.002,0.2,-0.5,0
17.5012187,0,0,19,0,0,0.029,-0.015,-1.001,0.3,-0.5,0.1
17.5112187,0,0,19,0,0,0.029,-0.015,-1.001,0.3,-0.5,0.1
17.5212187,0,0,19,0,0,0.029,-0.015,-1.001,0.3,-0.5,0.1
17.5312187,0,0,19,0,0,0.029,-0.015,-1.001,0.3,-0.5,0.1
17.5412187,0,0,19,0,0,0.029,-0.015,-1.001,0.3,-0.5,0.1
17.5512187,0,0,19,0,0,0.029,-0.014,-1.001,0.3,-0.6,0
17.5612187,0,0,19,0,0,0.029,-0.014,-1.001,0.3,-0.6,0
17.5712187,0,0,19,0,0,0.029,-0.014,-1.001,0.3,-0.6,0
17.5812187,0,0,19,0,0,0.029,-0.014,-1.001,0.3,-0.6,0
17.5912187,0,0,19,0,0,0.029,-0.014,-1.001,0.3,-0.6,0
17.6012187,0,0,19,0,0,0.03,-0.016,-1,0.3,-0.5,0
17.6112187,0,0,19,0,0,0.03,-0.016,-1,0.3,-0.5,0
17.6212187,0,0,19,0,0,0.03,-0.016,-1,0.3,-0.5,0
17.6312187,0,0,19,0,0,0.03,-0.016,-1,0.3,-0.5,0
17.6412187,0,0,19,0,0,0.03,-0.016,-1,0.3,-0.5,0
17.6773676,0,0,19,0,0,0.029,-0.015,-1,0.3,-0.5,0
17.6873676,0,0,19,0,0,0.029,-0.015,-1,0.3,-0.5,0
17.6973676,0,0,19,0,0,0.029,-0.015,-1,0.3,-0.5,0
17.7073676,0,0,19,0,0,0.029,-0.015,-1,0.3,-0.5,0
17.7173676,0,0,19,0,0,0.029,-0.015,-1,0.3,-0.5,0
17.7273676,0,0,19,0,0,0.03,-0.015,-1.001,0.3,-0.6,0
17.7373676,0,0,19,0,0,0.03,-0.015,-1.001,0.3,-0.6,0
17.7473676,0,0,19,0,0,0.03,-0.015,-1.001,0.3,-0.6,0
17.7573676,0,0,19,0,0,0.03,-0.015,-1.001,0.3,-0.6,0
17.7673676,0,0,19,0,0,0.03,-0.015,-1.001,0.3,-0.6,0
17.7907708,0,0,19,0,0,0.029,-0.015,-1.001,0.3,-0.6,0
17.8007708,0,0,19,0,0,0.029,-0.015,-1.001,0.3,-0.6,0
17.8107708,0,0,19,0,0,0.029,-0.015,-1.001,0.3,-0.6,0
17.8207708,0,0,19,0,0,0.029,-0.015,-1.001,0.3,-0.6,0
17.8307708,0,0,19,0,0,0.029,-0.015,-1.001,0.3,-0.6,0
17.8407708,0,0,19,0,0,0.03,-0.016,-1.001,0.3,-0.5,0
17.8507708,0,0,19,0,0,0.03,-0.016,-1.001,0.3,-0.5,0
17.8607708,0,0,19,0,0,0.03,-0.016,-1.001,0.3,-0.5,0
17.8707708,0,0,19,0,0,0.03,-0.016,-1.001,0.3,-0.5,0
17.8807708,0,0,19,0,0,0.03,-0.016,-1.001,0.3,-0.5,0
17.8907708,0,0,19,0,0,0.03,-0.015,-1,0.3,-0.5,0
17.9007708,0,0,19,0,0,0.03,-0.015,-1,0.3,-0.5,0
17.9107708,0,0,19,0,0,0.03,-0.015,-1,0.3,-0.5,0
17.9207708,0,0,19,0,0,0.03,-0.015,-1,0.3,-0.5,0
17.9307708,0,0,19,0,0,0.03,-0.015,-1,0.3,-0.5,0
17.9494689,0,0,19,0,0,0.028,-0.015,-1.001,0.2,-0.6,0
17.9594689,0,0,19,0,0,0.028,-0.015,-1.001,0.2,-0.6,0
17.9694689,0,0,19,0,0,0.028,-0.015,-1.001,0.2,-0.6,0
17.9794689,0,0,19,0,0,0.028,-0.015,-1.001,0.2,-0.6,0
17.9894689,0,0,19,0,0,0.028,-0.015,-1.001,0.2,-0.6,0
17.9994689,0,0,19,0,0,0.029,-0.014,-1.001,0.3,-0.6,0
18.0094689,0,0,19,0,0,0.029,-0.014,-1.001,0.3,-0.6,0
18.0194689,0,0,19,0,0,0.029,-0.014,-1.001,0.3,-0.6,0
18.0294689,0,0,19,0,0,0.029,-0.014,-1.001,0.3,-0.6,0
18.0394689,0,0,19,0,0,0.029,-0.014,-1.001,0.3,-0.6,0
18.0494689,0,0,19,0,0,0.029,-0.015,-1.002,0.3,-0.6,0
18.0594689,0,0,19,0,0,0.029,-0.015,-1.002,0.3,-0.6,0
18.0694689,0,0,19,0,0,0.029,-0.015,-1.002,0.3,-0.6,0
18.0794689,0,0,19,0,0,0.029,-0.015,-1.002,0.3,-0.6,0
18.0894689,0,0,19,0,0,0.029,-0.015,-1.002,0.3,-0.6,0
18.0994689,0,0,19,0,0,0.029,-0.015,-1.001,0.2,-0.6,0
18.1094689,0,0,19,0,0,0.029,-0.015,-1.001,0.2,-0.6,0
18.1194689,0,0,19,0,0,0.029,-0.015,-1.001,0.2,-0.6,0
18.1294689,0,0,19,0,0,0.029,-0.015,-1.001,0.2,-0.6,0
18.1394689,0,0,19,0,0,0.029,-0.015,-1.001,0.2,-0.6,0
18.1494689,0,0,19,0,0,0.029,-0.016,-1.002,0.3,-0.6,0
18.1594689,0,0,19,0,0,0.029,-0.016,-1.002,0.3,-0.6,0
18.1694689,0,0,19,0,0,0.029,-0.016,-1.002,0.3,-0.6,0
18.1794689,0,0,19,0,0,0.029,-0.016,-1.002,0.3,-0.6,0
18.1894689,0,0,19,0,0,0.029,-0.016,-1.002,0.3,-0.6,0
18.1994689,0,0,19,0,0,0.029,-0.015,-1.001,0.3,-0.6,0
18.2094689,0,0,19,0,0,0.029,-0.015,-1.001,0.3,-0.6,0
18.2194689,0,0,19,0,0,0.029,-0.015,-1.001,0.3,-0.6,0
18.2294689,0,0,19,0,0,0.029,-0.015,-1.001,0.3,-0.6,0
18.2394689,0,0,19,0,0,0.029,-0.015,-1.001,0.3,-0.6,0
18.2494689,0,0,19,0,0,0.03,-0.015,-1.002,0.3,-0.5,0
18.2594689,0,0,19,0,0,0.03,-0.015,-1.002,0.3,-0.5,0
18.2694689,0,0,19,0,0,0.03,-0.015,-1.002,0.3,-0.5,0
18.2794689,0,0,19,0,0,0.03,-0.015,-1.002,0.3,-0.5,0
18.2894689,0,0,19,0,0,0.03,-0.015,-1.002,0.3,-0.5,0
18.2994689,0,0,19,0,0,0.029,-0.015,-1.001,0.2,-0.5,0
18.3094689,0,0,19,0,0,0.029,-0.015,-1.001,0.2,-0.5,0
18.3194689,0,0,19,0,0,0.029,-0.015,-1.001,0.2,-0.5,0
18.3294689,0,0,19,0,0,0.029,-0.015,-1.001,0.2,-0.5,0
18.3394689,0,0,19,0,0,0.029,-0.015,-1.001,0.2,-0.5,0
18.3494689,0,0,19,0,0,0.03,-0.015,-1.003,0.3,-0.6,0
18.3594689,0,0,19,0,0,0.03,-0.015,-1.003,0.3,-0.6,0
18.3694689,0,0,19,0,0,0.03,-0.015,-1.003,0.3,-0.6,0
18.3794689,0,0,19,0,0,0.03,-0.015,-1.003,0.3,-0.6,0
18.3894689,0,0,19,0,0,0.03,-0.015,-1.003,0.3,-0.6,0
18.3994689,0,0,19,0,0,0.029,-0.015,-1.001,0.3,-0.5,0
18.4094689,0,0,19,0,0,0.029,-0.015,-1.001,0.3,-0.5,0
18.4194689,0,0,19,0,0,0.029,-0.015,-1.001,0.3,-0.5,0
18.4294689,0,0,19,0,0,0.029,-0.015,-1.001,0.3,-0.5,0
18.4394689,0,0,19,0,0,0.029,-0.015,-1.001,0.3,-0.5,0
18.4494689,0,0,19,0,0,0.03,-0.015,-1.002,0.3,-0.6,0
18.4594689,0,0,19,0,0,0.03,-0.015,-1.002,0.3,-0.6,0
18.4694689,0,0,19,0,0,0.03,-0.015,-1.002,0.3,-0.6,0
18.4794689,0,0,19,0,0,0.03,-0.015,-1.002,0.3,-0.6,0
18.4894689,0,0,19,0,0,0.03,-0.015,-1.002,0.3,-0.6,0
18.4994689,0,0,19,0,0,0.029,-0.015,-1.001,0.3,-0.6,0
18.5094689,0,0,19,0,0,0.029,-0.015,-1.001,0.3,-0.6,0
18.5194689,0,0,19,0,0,0.029,-0.015,-1.001,0.3,-0.6,0
18.5294689,0,0,19,0,0,0.029,-0.015,-1.001,0.3,-0.6,0
18.5394689,0,0,19,0,0,0.029,-0.015,-1.001,0.3,-0.6,0
18.5494689,0,0,19,0,0,0.03,-0.015,-1.001,0.3,-0.6,0
18.5594689,0,0,19,0,0,0.03,-0.015,-1.001,0.3,-0.6,0
18.5694689,0,0,19,0,0,0.03,-0.015,-1.001,0.3,-0.6,0
18.5794689,0,0,19,0,0,0.03,-0.015,-1.001,0.3,-0.6,0
18.5894689,0,0,19,0,0,0.03,-0.015,-1.001,0.3,-0.6,0
18.5994689,0,0,19,0,0,0.029,-0.014,-1.001,0.3,-0.6,0
18.6094689,0,0,19,0,0,0.029,-0.014,-1.001,0.3,-0.6,0
18.6194689,0,0,19,0,0,0.029,-0.014,-1.001,0.3,-0.6,0
18.6294689,0,0,19,0,0,0.029,-0.014,-1.001,0.3,-0.6,0
18.6394689,0,0,19,0,0,0.029,-0.014,-1.001,0.3,-0.6,0
18.6494689,0,0,19,0,0,0.029,-0.014,-1.001,0.3,-0.5,0.1
18.6594689,0,0,19,0,0,0.029,-0.014,-1.001,0.3,-0.5,0.1
18.6694689,0,0,19,0,0,0.029,-0.014,-1.001,0.3,-0.5,0.1
18.6794689,0,0,19,0,0,0.029,-0.014,-1.001,0.3,-0.5,0.1
18.6894689,0,0,19,0,0,0.029,-0.014,-1.001,0.3,-0.5,0.1
18.6994689,0,0,19,0,0,0.029,-0.015,-1.001,0.3,-0.6,0
18.7094689,0,0,19,0,0,0.029,-0.015,-1.001,0.3,-0.6,0
18.7194689,0,0,19,0,0,0.029,-0.015,-1.001,0.3,-0.6,0
18.7294689,0,0,19,0,0,0.029,-0.015,-1.001,0.3,-0.6,0
18.7394689,0,0,19,0,0,0.029,-0.015,-1.001,0.3,-0.6,0
18.7494689,0,0,19,0,0,0.03,-0.015,-1.001,0.2,-0.6,0
18.7594689,0,0,19,0,0,0.03,-0.015,-1.001,0.2,-0.6,0
18.7694689,0,0,19,0,0,0.03,-0.015,-1.001,0.2,-0.6,0
18.7794689,0,0,19,0,0,0.03,-0.015,-1.001,0.2,-0.6,0
18.7894689,0,0,19,0,0,0.03,-0.015,-1.001,0.2,-0.6,0
18.7994689,0,0,19,0,0,0.029,-0.015,-1.002,0.2,-0.6,0
18.8094689,0,0,19,0,0,0.029,-0.015,-1.002,0.2,-0.6,0
18.8194689,0,0,19,0,0,0.029,-0.015,-1.002,0.2,-0.6,0
18.8294689,0,0,19,0,0,0.029,-0.015,-1.002,0.2,-0.6,0
18.8394689,0,0,19,0,0,0.029,-0.015,-1.002,0.2,-0.6,0
18.8494689,0,0,19,0,0,0.029,-0.015,-1.001,0.3,-0.6,0
18.8594689,0,0,19,0,0,0.029,-0.015,-1.001,0.3,-0.6,0
18.8694689,0,0,19,0,0,0.029,-0.015,-1.001,0.3,-0.6,0
18.8794689,0,0,19,0,0,0.029,-0.015,-1.001,0.3,-0.6,0
18.8894689,0,0,19,0,0,0.029,-0.015,-1.001,0.3,-0.6,0
18.8994689,0,0,19,0,0,0.029,-0.016,-1.002,0.2,-0.5,0
18.9094689,0,0,19,0,0,0.029,-0.016,-1.002,0.2,-0.5,0
18.9194689,0,0,19,0,0,0.029,-0.016,-1.002,0.2,-0.5,0
18.9294689,0,0,19,0,0,0.029,-0.016,-1.002,0.2,-0.5,0
18.9394689,0,0,19,0,0,0.029,-0.016,-1.002,0.2,-0.5,0
18.9494689,0,0,19,0,0,0.029,-0.015,-1.001,0.2,-0.6,0.1
18.9594689,0,0,19,0,0,0.029,-0.015,-1.001,0.2,-0.6,0.1
18.9694689,0,0,19,0,0,0.029,-0.015,-1.001,0.2,-0.6,0.1
18.9794689,0,0,19,0,0,0.029,-0.015,-1.001,0.2,-0.6,0.1
18.9894689,0,0,19,0,0,0.029,-0.015,-1.001,0.2,-0.6,0.1
18.9994689,0,0,19,0,0,0.029,-0.014,-1.001,0.3,-0.6,0
19.0094689,0,0,19,0,0,0.029,-0.014,-1.001,0.3,-0.6,0
19.0194689,0,0,19,0,0,0.029,-0.014,-1.001,0.3,-0.6,0
19.0294689,0,0,19,0,0,0.029,-0.014,-1.001,0.3,-0.6,0
19.0394689,0,0,19,0,0,0.029,-0.014,-1.001,0.3,-0.6,0
19.0494689,0,0,19,0,0,0.028,-0.014,-1.001,0.3,-0.6,0
19.0594689,0,0,19,0,0,0.028,-0.014,-1.001,0.3,-0.6,0
19.0694689,0,0,19,0,0,0.028,-0.014,-1.001,0.3,-0.6,0
19.0794689,0,0,19,0,0,0.028,-0.014,-1.001,0.3,-0.6,0
19.0894689,0,0,19,0,0,0.028,-0.014,-1.001,0.3,-0.6,0
19.0994689,0,0,19,0,0,0.029,-0.016,-1.001,0.3,-0.5,0
19.1094689,0,0,19,0,0,0.029,-0.016,-1.001,0.3,-0.5,0
19.1194689,0,0,19,0,0,0.029,-0.016,-1.001,0.3,-0.5,0
19.1294689,0,0,19,0,0,0.029,-0.016,-1.001,0.3,-0.5,0
19.1394689,0,0,19,0,0,0.029,-0.016,-1.001,0.3,-0.5,0
19.1494689,0,0,19,0,0,0.03,-0.015,-1.002,0.1,-0.6,0
19.1594689,0,0,19,0,0,0.03,-0.015,-1.002,0.1,-0.6,0
19.1694689,0,0,19,0,0,0.03,-0.015,-1.002,0.1,-0.6,0
19.1794689,0,0,19,0,0,0.03,-0.015,-1.002,0.1,-0.6,0
19.1894689,0,0,19,0,0,0.03,-0.015,-1.002,0.1,-0.6,0
19.1994689,0,0,19,0,0,0.03,-0.015,-1.002,0.2,-0.6,0
19.2094689,0,0,19,0,0,0.03,-0.015,-1.002,0.2,-0.6,0
19.2194689,0,0,19,0,0,0.03,-0.015,-1.002,0.2,-0.6,0
19.2294689,0,0,19,0,0,0.03,-0.015,-1.002,0.2,-0.6,0
19.2394689,0,0,19,0,0,0.03,-0.015,-1.002,0.2,-0.6,0
19.2494689,0,0,19,0,0,0.03,-0.014,-1.001,0.2,-0.6,0
19.2594689,0,0,19,0,0,0.03,-0.014,-1.001,0.2,-0.6,0
19.2694689,0,0,19,0,0,0.03,-0.014,-1.001,0.2,-0.6,0
19.2794689,0,0,19,0,0,0.03,-0.014,-1.001,0.2,-0.6,0
19.2894689,0,0,19,0,0,0.03,-0.014,-1.001,0.2,-0.6,0
19.2996714,0,0,19,0,0,0.03,-0.015,-1.001,0.3,-0.5,0
19.3096714,0,0,19,0,0,0.03,-0.015,-1.001,0.3,-0.5,0
19.3196714,0,0,19,0,0,0.03,-0.015,-1.001,0.3,-0.5,0
19.3296714,0,0,19,0,0,0.03,-0.015,-1.001,0.3,-0.5,0
19.3396714,0,0,19,0,0,0.03,-0.015,-1.001,0.3,-0.5,0
19.3496714,0,0,19,0,0,0.029,-0.015,-1.001,0.3,-0.6,0
19.3596714,0,0,19,0,0,0.029,-0.015,-1.001,0.3,-0.6,0
19.3696714,0,0,19,0,0,0.029,-0.015,-1.001,0.3,-0.6,0
19.3796714,0,0,19,0,0,0.029,-0.015,-1.001,0.3,-0.6,0
19.3896714,0,0,19,0,0,0.029,-0.015,-1.001,0.3,-0.6,0
19.3996714,0,0,19,0,0,0.03,-0.015,-1.001,0.3,-0.5,0
19.4096714,0,0,19,0,0,0.03,-0.015,-1.001,0.3,-0.5,0
19.4196714,0,0,19,0,0,0.03,-0.015,-1.001,0.3,-0.5,0
19.4296714,0,0,19,0,0,0.03,-0.015,-1.001,0.3,-0.5,0
19.4396714,0,0,19,0,0,0.03,-0.015,-1.001,0.3,-0.5,0
19.4496714,0,0,19,0,0,0.029,-0.017,-1,0.1,-0.5,0
19.4596714,0,0,19,0,0,0.029,-0.017,-1,0.1,-0.5,0
19.4696714,0,0,19,0,0,0.029,-0.017,-1,0.1,-0.5,0
19.4796714,0,0,19,0,0,0.029,-0.017,-1,0.1,-0.5,0
19.4896714,0,0,19,0,0,0.029,-0.017,-1,0.1,-0.5,0
19.4996714,0,0,19,0,0,0.029,-0.015,-1.002,0.2,-0.6,0
19.5096714,0,0,19,0,0,0.029,-0.015,-1.002,0.2,-0.6,0
19.5196714,0,0,19,0,0,0.029,-0.015,-1.002,0.2,-0.6,0
19.5296714,0,0,19,0,0,0.029,-0.015,-1.002,0.2,-0.6,0
19.5396714,0,0,19,0,0,0.029,-0.015,-1.002,0.2,-0.6,0
19.5496714,0,0,19,0,0,0.029,-0.016,-1.002,0.3,-0.6,0
19.5596714,0,0,19,0,0,0.029,-0.016,-1.002,0.3,-0.6,0
19.5696714,0,0,19,0,0,0.029,-0.016,-1.002,0.3,-0.6,0
19.5796714,0,0,19,0,0,0.029,-0.016,-1.002,0.3,-0.6,0
19.5896714,0,0,19,0,0,0.029,-0.016,-1.002,0.3,-0.6,0
19.5996714,0,0,19,0,0,0.029,-0.015,-1.001,0.3,-0.5,0
19.6096714,0,0,19,0,0,0.029,-0.015,-1.001,0.3,-0.5,0
19.6196714,0,0,19,0,0,0.029,-0.015,-1.001,0.3,-0.5,0
19.6296714,0,0,19,0,0,0.029,-0.015,-1.001,0.3,-0.5,0
19.6396714,0,0,19,0,0,0.029,-0.015,-1.001,0.3,-0.5,0
19.6496714,0,0,19,0,0,0.029,-0.015,-1.001,0.2,-0.6,0
19.6596714,0,0,19,0,0,0.029,-0.015,-1.001,0.2,-0.6,0
19.6696714,0,0,19,0,0,0.029,-0.015,-1.001,0.2,-0.6,0
19.6796714,0,0,19,0,0,0.029,-0.015,-1.001,0.2,-0.6,0
19.6896714,0,0,19,0,0,0.029,-0.015,-1.001,0.2,-0.6,0
19.6996714,0,0,19,0,0,0.028,-0.015,-1.001,0.2,-0.6,0
19.7096714,0,0,19,0,0,0.028,-0.015,-1.001,0.2,-0.6,0
19.7196714,0,0,19,0,0,0.028,-0.015,-1.001,0.2,-0.6,0
19.7296714,0,0,19,0,0,0.028,-0.015,-1.001,0.2,-0.6,0
19.7396714,0,0,19,0,0,0.028,-0.015,-1.001,0.2,-0.6,0
19.7496714,0,0,19,0,0,0.03,-0.015,-1.002,0.2,-0.5,0
19.7596714,0,0,19,0,0,0.03,-0.015,-1.002,0.2,-0.5,0
19.7696714,0,0,19,0,0,0.03,-0.015,-1.002,0.2,-0.5,0
19.7796714,0,0,19,0,0,0.03,-0.015,-1.002,0.2,-0.5,0
19.7896714,0,0,19,0,0,0.03,-0.015,-1.002,0.2,-0.5,0
19.7996714,0,0,19,0,0,0.029,-0.015,-1.001,0.3,-0.6,0
19.8096714,0,0,19,0,0,0.029,-0.015,-1.001,0.3,-0.6,0
19.8196714,0,0,19,0,0,0.029,-0.015,-1.001,0.3,-0.6,0
19.8296714,0,0,19,0,0,0.029,-0.015,-1.001,0.3,-0.6,0
19.8396714,0,0,19,0,0,0.029,-0.015,-1.001,0.3,-0.6,0
19.8496714,0,0,19,0,0,0.029,-0.016,-1.001,0.3,-0.6,0
19.8596714,0,0,19,0,0,0.029,-0.016,-1.001,0.3,-0.6,0
19.8696714,0,0,19,0,0,0.029,-0.016,-1.001,0.3,-0.6,0
19.8796714,0,0,19,0,0,0.029,-0.016,-1.001,0.3,-0.6,0
19.8896714,0,0,19,0,0,0.029,-0.016,-1.001,0.3,-0.6,0
19.8996714,0,0,19,0,0,0.03,-0.015,-1.002,0.3,-0.5,0
19.9096714,0,0,19,0,0,0.03,-0.015,-1.002,0.3,-0.5,0
19.9196714,0,0,19,0,0,0.03,-0.015,-1.002,0.3,-0.5,0
19.9296714,0,0,19,0,0,0.03,-0.015,-1.002,0.3,-0.5,0
19.9396714,0,0,19,0,0,0.03,-0.015,-1.002,0.3,-0.5,0
19.9496714,0,0,19,0,0,0.029,-0.015,-1,0.3,-0.6,0
19.9596714,0,0,19,0,0,0.029,-0.015,-1,0.3,-0.6,0
19.9696714,0,0,19,0,0,0.029,-0.015,-1,0.3,-0.6,0
19.9796714,0,0,19,0,0,0.029,-0.015,-1,0.3,-0.6,0
19.9896714,0,0,19,0,0,0.029,-0.015,-1,0.3,-0.6,0
19.9996714,0,0,19,0,0,0.03,-0.015,-1.001,0.3,-0.5,0
20.0096714,0,0,19,0,0,0.03,-0.015,-1.001,0.3,-0.5,0
20.0196714,0,0,19,0,0,0.03,-0.015,-1.001,0.3,-0.5,0
20.0296714,0,0,19,0,0,0.03,-0.015,-1.001,0.3,-0.5,0
20.0396714,0,0,19,0,0,0.03,-0.015,-1.001,0.3,-0.5,0
20.0496714,0,0,19,0,0,0.029,-0.015,-1.002,0.2,-0.6,0
20.0596714,0,0,19,0,0,0.029,-0.015,-1.002,0.2,-0.6,0
20.0696714,0,0,19,0,0,0.029,-0.015,-1.002,0.2,-0.6,0
20.0796714,0,0,19,0,0,0.029,-0.015,-1.002,0.2,-0.6,0
20.0896714,0,0,19,0,0,0.029,-0.015,-1.002,0.2,-0.6,0
20.0996714,0,0,19,0,0,0.029,-0.015,-1.002,0.3,-0.5,0
20.1096714,0,0,19,0,0,0.029,-0.015,-1.002,0.3,-0.5,0
20.1196714,0,0,19,0,0,0.029,-0.015,-1.002,0.3,-0.5,0
20.1296714,0,0,19,0,0,0.029,-0.015,-1.002,0.3,-0.5,0
20.1396714,0,0,19,0,0,0.029,-0.015,-1.002,0.3,-0.5,0
20.1496714,0,0,19,0,0,0.03,-0.016,-1.001,0.2,-0.6,0
20.1596714,0,0,19,0,0,0.03,-0.016,-1.001,0.2,-0.6,0
20.1696714,0,0,19,0,0,0.03,-0.016,-1.001,0.2,-0.6,0
20.1796714,0,0,19,0,0,0.03,-0.016,-1.001,0.2,-0.6,0
20.1896714,0,0,19,0,0,0.03,-0.016,-1.001,0.2,-0.6,0
20.1996714,0,0,19,0,0,0.029,-0.015,-1.001,0.3,-0.6,0
20.2096714,0,0,19,0,0,0.029,-0.015,-1.001,0.3,-0.6,0
20.2196714,0,0,19,0,0,0.029,-0.015,-1.001,0.3,-0.6,0
20.2296714,0,0,19,0,0,0.029,-0.015,-1.001,0.3,-0.6,0
20.2396714,0,0,19,0,0,0.029,-0.015,-1.001,0.3,-0.6,0
20.2496714,0,0,19,0,0,0.03,-0.016,-1.001,0.3,-0.6,0.1
20.2596714,0,0,19,0,0,0.03,-0.016,-1.001,0.3,-0.6,0.1
20.2696714,0,0,19,0,0,0.03,-0.016,-1.001,0.3,-0.6,0.1
20.2796714,0,0,19,0,0,0.03,-0.016,-1.001,0.3,-0.6,0.1
20.2896714,0,0,19,0,0,0.03,-0.016,-1.001,0.3,-0.6,0.1
20.2996714,0,0,19,0,0,0.029,-0.016,-1,0.3,-0.6,0
20.3096714,0,0,19,0,0,0.029,-0.016,-1,0.3,-0.6,0
20.3196714,0,0,19,0,0,0.029,-0.016,-1,0.3,-0.6,0
20.3296714,0,0,19,0,0,0.029,-0.016,-1,0.3,-0.6,0
20.3396714,0,0,19,0,0,0.029,-0.016,-1,0.3,-0.6,0
20.3526243,0,0,19,0,0,0.029,-0.015,-1.001,0.2,-0.5,0
20.3626243,0,0,19,0,0,0.029,-0.015,-1.001,0.2,-0.5,0
20.3726243,0,0,19,0,0,0.029,-0.015,-1.001,0.2,-0.5,0
20.3826243,0,0,19,0,0,0.029,-0.015,-1.001,0.2,-0.5,0
20.3926243,0,0,19,0,0,0.029,-0.015,-1.001,0.2,-0.5,0
20.4026243,0,0,19,0,0,0.029,-0.015,-1,0.2,-0.6,0
20.4126243,0,0,19,0,0,0.029,-0.015,-1,0.2,-0.6,0
20.4226243,0,0,19,0,0,0.029,-0.015,-1,0.2,-0.6,0
20.4326243,0,0,19,0,0,0.029,-0.015,-1,0.2,-0.6,0
20.4426243,0,0,19,0,0,0.029,-0.015,-1,0.2,-0.6,0
20.4526243,0,0,19,0,0,0.03,-0.015,-1,0.3,-0.5,0
20.4626243,0,0,19,0,0,0.03,-0.015,-1,0.3,-0.5,0
20.4726243,0,0,19,0,0,0.03,-0.015,-1,0.3,-0.5,0
20.4826243,0,0,19,0,0,0.03,-0.015,-1,0.3,-0.5,0
20.4926243,0,0,19,0,0,0.03,-0.015,-1,0.3,-0.5,0
20.5026243,0,0,19,0,0,0.03,-0.014,-1.001,0.3,-0.6,0
20.5126243,0,0,19,0,0,0.03,-0.014,-1.001,0.3,-0.6,0
20.5226243,0,0,19,0,0,0.03,-0.014,-1.001,0.3,-0.6,0
20.5326243,0,0,19,0,0,0.03,-0.014,-1.001,0.3,-0.6,0
20.5426243,0,0,19,0,0,0.03,-0.014,-1.001,0.3,-0.6,0
20.5526243,0,0,19,0,0,0.029,-0.015,-1.001,0.3,-0.6,0
20.5626243,0,0,19,0,0,0.029,-0.015,-1.001,0.3,-0.6,0
20.5726243,0,0,19,0,0,0.029,-0.015,-1.001,0.3,-0.6,0
20.5826243,0,0,19,0,0,0.029,-0.015,-1.001,0.3,-0.6,0
20.5926243,0,0,19,0,0,0.029,-0.015,-1.001,0.3,-0.6,0
20.6026243,0,0,19,0,0,0.029,-0.015,-1.001,0.3,-0.5,0
20.6126243,0,0,19,0,0,0.029,-0.015,-1.001,0.3,-0.5,0
20.6226243,0,0,19,0,0,0.029,-0.015,-1.001,0.3,-0.5,0
20.6326243,0,0,19,0,0,0.029,-0.015,-1.001,0.3,-0.5,0
20.6426243,0,0,19,0,0,0.029,-0.015,-1.001,0.3,-0.5,0
20.6526243,0,0,19,0,0,0.029,-0.015,-1.002,0.3,-0.5,0
20.6626243,0,0,19,0,0,0.029,-0.015,-1.002,0.3,-0.5,0
20.6726243,0,0,19,0,0,0.029,-0.015,-1.002,0.3,-0.5,0
20.6826243,0,0,19,0,0,0.029,-0.015,-1.002,0.3,-0.5,0
20.6926243,0,0,19,0,0,0.029,-0.015,-1.002,0.3,-0.5,0
20.7026243,0,0,19,0,0,0.029,-0.015,-1.002,0.3,-0.5,0
20.7126243,0,0,19,0,0,0.029,-0.015,-1.002,0.3,-0.5,0
20.7226243,0,0,19,0,0,0.029,-0.015,-1.002,0.3,-0.5,0
20.7326243,0,0,19,0,0,0.029,-0.015,-1.002,0.3,-0.5,0
20.7426243,0,0,19,0,0,0.029,-0.015,-1.002,0.3,-0.5,0
20.7526243,0,0,19,0,0,0.029,-0.016,-1,0.3,-0.5,0
20.7626243,0,0,19,0,0,0.029,-0.016,-1,0.3,-0.5,0
20.7726243,0,0,19,0,0,0.029,-0.016,-1,0.3,-0.5,0
20.7826243,0,0,19,0,0,0.029,-0.016,-1,0.3,-0.5,0
20.7926243,0,0,19,0,0,0.029,-0.016,-1,0.3,-0.5,0
20.8026243,0,0,19,0,0,0.029,-0.014,-1.001,0.3,-0.5,0
20.8126243,0,0,19,0,0,0.029,-0.014,-1.001,0.3,-0.5,0
20.8226243,0,0,19,0,0,0.029,-0.014,-1.001,0.3,-0.5,0
20.8326243,0,0,19,0,0,0.029,-0.014,-1.001,0.3,-0.5,0
20.8426243,0,0,19,0,0,0.029,-0.014,-1.001,0.3,-0.5,0
20.8526243,0,0,19,0,0,0.031,-0.015,-1.001,0.2,-0.5,0
20.8626243,0,0,19,0,0,0.031,-0.015,-1.001,0.2,-0.5,0
20.8726243,0,0,19,0,0,0.031,-0.015,-1.001,0.2,-0.5,0
20.8826243,0,0,19,0,0,0.031,-0.015,-1.001,0.2,-0.5,0
20.8926243,0,0,19,0,0,0.031,-0.015,-1.001,0.2,-0.5,0
20.9026243,0,0,19,0,0,0.029,-0.015,-1.001,0.3,-0.6,0
20.9126243,0,0,19,0,0,0.029,-0.015,-1.001,0.3,-0.6,0
20.9226243,0,0,19,0,0,0.029,-0.015,-1.001,0.3,-0.6,0
20.9326243,0,0,19,0,0,0.029,-0.015,-1.001,0.3,-0.6,0
20.9426243,0,0,19,0,0,0.029,-0.015,-1.001,0.3,-0.6,0
20.9526243,0,0,19,0,0,0.031,-0.015,-1.002,0.3,-0.5,0
20.9626243,0,0,19,0,0,0.031,-0.015,-1.002,0.3,-0.5,0
20.9726243,0,0,19,0,0,0.031,-0.015,-1.002,0.3,-0.5,0
20.9826243,0,0,19,0,0,0.031,-0.015,-1.002,0.3,-0.5,0
20.9926243,0,0,19,0,0,0.031,-0.015,-1.002,0.3,-0.5,0
21.0026243,0,0,19,0,0,0.029,-0.015,-1,0.3,-0.6,0
21.0126243,0,0,19,0,0,0.029,-0.015,-1,0.3,-0.6,0
21.0226243,0,0,19,0,0,0.029,-0.015,-1,0.3,-0.6,0
21.0326243,0,0,19,0,0,0.029,-0.015,-1,0.3,-0.6,0
21.0426243,0,0,19,0,0,0.029,-0.015,-1,0.3,-0.6,0
21.0526243,0,0,19,0,0,0.03,-0.016,-1.002,0.2,-0.5,0
21.0626243,0,0,19,0,0,0.03,-0.016,-1.002,0.2,-0.5,0
21.0726243,0,0,19,0,0,0.03,-0.016,-1.002,0.2,-0.5,0
21.0826243,0,0,19,0,0,0.03,-0.016,-1.002,0.2,-0.5,0
21.0926243,0,0,19,0,0,0.03,-0.016,-1.002,0.2,-0.5,0
21.1026243,0,0,19,0,0,0.03,-0.015,-1.001,0.3,-0.5,0
21.1126243,0,0,19,0,0,0.03,-0.015,-1.001,0.3,-0.5,0
21.1226243,0,0,19,0,0,0.03,-0.015,-1.001,0.3,-0.5,0
21.1326243,0,0,19,0,0,0.03,-0.015,-1.001,0.3,-0.5,0
21.1426243,0,0,19,0,0,0.03,-0.015,-1.001,0.3,-0.5,0
21.1526243,0,0,19,0,0,0.029,-0.015,-1.001,0.3,-0.6,0
21.1626243,0,0,19,0,0,0.029,-0.015,-1.001,0.3,-0.6,0
21.1726243,0,0,19,0,0,0.029,-0.015,-1.001,0.3,-0.6,0
21.1826243,0,0,19,0,0,0.029,-0.015,-1.001,0.3,-0.6,0
21.1926243,0,0,19,0,0,0.029,-0.015,-1.001,0.3,-0.6,0
21.2026243,0,0,19,0,0,0.029,-0.015,-1.002,0.3,-0.6,0
21.2126243,0,0,19,0,0,0.029,-0.015,-1.002,0.3,-0.6,0
21.2226243,0,0,19,0,0,0.029,-0.015,-1.002,0.3,-0.6,0
21.2326243,0,0,19,0,0,0.029,-0.015,-1.002,0.3,-0.6,0
21.2426243,0,0,19,0,0,0.029,-0.015,-1.002,0.3,-0.6,0
21.2526243,0,0,19,0,0,0.029,-0.016,-1.002,0.2,-0.5,0
21.2626243,0,0,19,0,0,0.029,-0.016,-1.002,0.2,-0.5,0
21.2726243,0,0,19,0,0,0.029,-0.016,-1.002,0.2,-0.5,0
21.2826243,0,0,19,0,0,0.029,-0.016,-1.002,0.2,-0.5,0
21.2926243,0,0,19,0,0,0.029,-0.016,-1.002,0.2,-0.5,0
21.3026243,0,0,19,0,0,0.029,-0.015,-1.002,0.2,-0.6,0
21.3126243,0,0,19,0,0,0.029,-0.015,-1.002,0.2,-0.6,0
21.3226243,0,0,19,0,0,0.029,-0.015,-1.002,0.2,-0.6,0
21.3326243,0,0,19,0,0,0.029,-0.015,-1.002,0.2,-0.6,0
21.3426243,0,0,19,0,0,0.029,-0.015,-1.002,0.2,-0.6,0
21.3526243,0,0,19,0,0,0.029,-0.016,-1.001,0.3,-0.6,0
21.3626243,0,0,19,0,0,0.029,-0.016,-1.001,0.3,-0.6,0
21.3726243,0,0,19,0,0,0.029,-0.016,-1.001,0.3,-0.6,0
21.3826243,0,0,19,0,0,0.029,-0.016,-1.001,0.3,-0.6,0
21.3926243,0,0,19,0,0,0.029,-0.016,-1.001,0.3,-0.6,0
21.4026243,0,0,19,0,0,0.03,-0.014,-1.002,0.3,-0.5,0
21.4126243,0,0,19,0,0,0.03,-0.014,-1.002,0.3,-0.5,0
21.4226243,0,0,19,0,0,0.03,-0.014,-1.002,0.3,-0.5,0
21.4326243,0,0,19,0,0,0.03,-0.014,-1.002,0.3,-0.5,0
21.4426243,0,0,19,0,0,0.03,-0.014,-1.002,0.3,-0.5,0
21.4526243,0,0,19,0,0,0.029,-0.015,-1.001,0.3,-0.6,0
21.4626243,0,0,19,0,0,0.029,-0.015,-1.001,0.3,-0.6,0
21.4726243,0,0,19,0,0,0.029,-0.015,-1.001,0.3,-0.6,0
21.4826243,0,0,19,0,0,0.029,-0.015,-1.001,0.3,-0.6,0
21.4926243,0,0,19,0,0,0.029,-0.015,-1.001,0.3,-0.6,0
21.5026243,0,0,19,0,0,0.029,-0.015,-1.001,0.2,-0.6,0.1
21.5126243,0,0,19,0,0,0.029,-0.015,-1.001,0.2,-0.6,0.1
21.5226243,0,0,19,0,0,0.029,-0.015,-1.001,0.2,-0.6,0.1
21.5326243,0,0,19,0,0,0.029,-0.015,-1.001,0.2,-0.6,0.1
21.5426243,0,0,19,0,0,0.029,-0.015,-1.001,0.2,-0.6,0.1
21.5526243,0,0,19,0,0,0.029,-0.016,-1.002,0.3,-0.6,0
21.5626243,0,0,19,0,0,0.029,-0.016,-1.002,0.3,-0.6,0
21.5726243,0,0,19,0,0,0.029,-0.016,-1.002,0.3,-0.6,0
21.5826243,0,0,19,0,0,0.029,-0.016,-1.002,0.3,-0.6,0
21.5926243,0,0,19,0,0,0.029,-0.016,-1.002,0.3,-0.6,0
21.6026243,0,0,19,0,0,0.03,-0.015,-1,0.2,-0.5,0.1
21.6126243,0,0,19,0,0,0.03,-0.015,-1,0.2,-0.5,0.1
21.6226243,0,0,19,0,0,0.03,-0.015,-1,0.2,-0.5,0.1
21.6326243,0,0,19,0,0,0.03,-0.015,-1,0.2,-0.5,0.1
21.6426243,0,0,19,0,0,0.03,-0.015,-1,0.2,-0.5,0.1
21.6526243,0,0,19,0,0,0.029,-0.016,-1.002,0.3,-0.5,0.1
21.6626243,0,0,19,0,0,0.029,-0.016,-1.002,0.3,-0.5,0.1
21.6726243,0,0,19,0,0,0.029,-0.016,-1.002,0.3,-0.5,0.1
21.6826243,0,0,19,0,0,0.029,-0.016,-1.002,0.3,-0.5,0.1
21.6926243,0,0,19,0,0,0.029,-0.016,-1.002,0.3,-0.5,0.1
21.7026243,0,0,19,0,0,0.03,-0.015,-1.002,0.3,-0.6,0
21.7126243,0,0,19,0,0,0.03,-0.015,-1.002,0.3,-0.6,0
21.7226243,0,0,19,0,0,0.03,-0.015,-1.002,0.3,-0.6,0
21.7326243,0,0,19,0,0,0.03,-0.015,-1.002,0.3,-0.6,0
21.7426243,0,0,19,0,0,0.03,-0.015,-1.002,0.3,-0.6,0
21.7526243,0,0,19,0,0,0.029,-0.015,-1.001,0.3,-0.5,0
21.7626243,0,0,19,0,0,0.029,-0.015,-1.001,0.3,-0.5,0
21.7726243,0,0,19,0,0,0.029,-0.015,-1.001,0.3,-0.5,0
21.7826243,0,0,19,0,0,0.029,-0.015,-1.001,0.3,-0.5,0
21.7926243,0,0,19,0,0,0.029,-0.015,-1.001,0.3,-0.5,0
21.8026243,0,0,19,0,0,0.029,-0.015,-1.002,0.3,-0.5,0
21.8126243,0,0,19,0,0,0.029,-0.015,-1.002,0.3,-0.5,0
21.8226243,0,0,19,0,0,0.029,-0.015,-1.002,0.3,-0.5,0
21.8326243,0,0,19,0,0,0.029,-0.015,-1.002,0.3,-0.5,0
21.8426243,0,0,19,0,0,0.029,-0.015,-1.002,0.3,-0.5,0
21.8526243,0,0,19,0,0,0.029,-0.015,-1.001,0.3,-0.6,0
21.8626243,0,0,19,0,0,0.029,-0.015,-1.001,0.3,-0.6,0
21.8726243,0,0,19,0,0,0.029,-0.015,-1.001,0.3,-0.6,0
21.8826243,0,0,19,0,0,0.029,-0.015,-1.001,0.3,-0.6,0
21.8926243,0,0,19,0,0,0.029,-0.015,-1.001,0.3,-0.6,0
21.9026243,0,0,19,0,0,0.03,-0.016,-1.001,0.3,-0.6,0.1
21.9126243,0,0,19,0,0,0.03,-0.016,-1.001,0.3,-0.6,0.1
21.9226243,0,0,19,0,0,0.03,-0.016,-1.001,0.3,-0.6,0.1
21.9326243,0,0,19,0,0,0.03,-0.016,-1.001,0.3,-0.6,0.1
21.9426243,0,0,19,0,0,0.03,-0.016,-1.001,0.3,-0.6,0.1
21.9526243,0,0,19,0,0,0.029,-0.015,-1.001,0.2,-0.6,0
21.9626243,0,0,19,0,0,0.029,-0.015,-1.001,0.2,-0.6,0
21.9726243,0,0,19,0,0,0.029,-0.015,-1.001,0.2,-0.6,0
21.9826243,0,0,19,0,0,0.029,-0.015,-1.001,0.2,-0.6,0
21.9926243,0,0,19,0,0,0.029,-0.015,-1.001,0.2,-0.6,0
22.0026243,0,0,19,0,0,0.029,-0.015,-1.001,0.3,-0.5,0
22.0126243,0,0,19,0,0,0.029,-0.015,-1.001,0.3,-0.5,0
22.0226243,0,0,19,0,0,0.029,-0.015,-1.001,0.3,-0.5,0
22.0326243,0,0,19,0,0,0.029,-0.015,-1.001,0.3,-0.5,0
22.0426243,0,0,19,0,0,0.029,-0.015,-1.001,0.3,-0.5,0
22.0526243,0,0,19,0,0,0.029,-0.015,-1.001,0.3,-0.6,0
22.0626243,0,0,19,0,0,0.029,-0.015,-1.001,0.3,-0.6,0
22.0726243,0,0,19,0,0,0.029,-0.015,-1.001,0.3,-0.6,0
22.0826243,0,0,19,0,0,0.029,-0.015,-1.001,0.3,-0.6,0
22.0926243,0,0,19,0,0,0.029,-0.015,-1.001,0.3,-0.6,0
22.1026243,0,0,19,0,0,0.029,-0.016,-1,0.3,-0.5,0
22.1126243,0,0,19,0,0,0.029,-0.016,-1,0.3,-0.5,0
22.1226243,0,0,19,0,0,0.029,-0.016,-1,0.3,-0.5,0
22.1326243,0,0,19,0,0,0.029,-0.016,-1,0.3,-0.5,0
22.1426243,0,0,19,0,0,0.029,-0.016,-1,0.3,-0.5,0
22.1717753,0,0,19,0,0,0.029,-0.014,-1.003,0.3,-0.6,0
22.1817753,0,0,19,0,0,0.029,-0.014,-1.003,0.3,-0.6,0
22.1917753,0,0,19,0,0,0.029,-0.014,-1.003,0.3,-0.6,0
22.2017753,0,0,19,0,0,0.029,-0.014,-1.003,0.3,-0.6,0
22.2117753,0,0,19,0,0,0.029,-0.014,-1.003,0.3,-0.6,0
22.2217753,0,0,19,0,0,0.03,-0.015,-1.001,0.3,-0.6,0
22.2317753,0,0,19,0,0,0.03,-0.015,-1.001,0.3,-0.6,0
22.2417753,0,0,19,0,0,0.03,-0.015,-1.001,0.3,-0.6,0
22.2517753,0,0,19,0,0,0.03,-0.015,-1.001,0.3,-0.6,0
22.2617753,0,0,19,0,0,0.03,-0.015,-1.001,0.3,-0.6,0
22.2717753,0,0,19,0,0,0.029,-0.015,-1.001,0.3,-0.6,0
22.2817753,0,0,19,0,0,0.029,-0.015,-1.001,0.3,-0.6,0
22.2917753,0,0,19,0,0,0.029,-0.015,-1.001,0.3,-0.6,0
22.3017753,0,0,19,0,0,0.029,-0.015,-1.001,0.3,-0.6,0
22.3117753,0,0,19,0,0,0.029,-0.015,-1.001,0.3,-0.6,0
22.3217753,0,0,19,0,0,0.029,-0.015,-1.003,0.2,-0.5,0
22.3317753,0,0,19,0,0,0.029,-0.015,-1.003,0.2,-0.5,0
22.3417753,0,0,19,0,0,0.029,-0.015,-1.003,0.2,-0.5,0
22.3517753,0,0,19,0,0,0.029,-0.015,-1.003,0.2,-0.5,0
22.3617753,0,0,19,0,0,0.029,-0.015,-1.003,0.2,-0.5,0
22.3717753,0,0,19,0,0,0.03,-0.015,-1,0.3,-0.6,0
22.3817753,0,0,19,0,0,0.03,-0.015,-1,0.3,-0.6,0
22.3917753,0,0,19,0,0,0.03,-0.015,-1,0.3,-0.6,0
22.4017753,0,0,19,0,0,0.03,-0.015,-1,0.3,-0.6,0
22.4117753,0,0,19,0,0,0.03,-0.015,-1,0.3,-0.6,0
22.4217753,0,0,19,0,0,0.029,-0.015,-1.002,0.2,-0.6,0
22.4317753,0,0,19,0,0,0.029,-0.015,-1.002,0.2,-0.6,0
22.4417753,0,0,19,0,0,0.029,-0.015,-1.002,0.2,-0.6,0
22.4517753,0,0,19,0,0,0.029,-0.015,-1.002,0.2,-0.6,0
22.4617753,0,0,19,0,0,0.029,-0.015,-1.002,0.2,-0.6,0
22.4717753,0,0,19,0,0,0.028,-0.014,-1,0.3,-0.6,0
22.4817753,0,0,19,0,0,0.028,-0.014,-1,0.3,-0.6,0
22.4917753,0,0,19,0,0,0.028,-0.014,-1,0.3,-0.6,0
22.5017753,0,0,19,0,0,0.028,-0.014,-1,0.3,-0.6,0
22.5117753,0,0,19,0,0,0.028,-0.014,-1,0.3,-0.6,0
22.5217753,0,0,19,0,0,0.029,-0.016,-1,0.3,-0.6,0
22.5317753,0,0,19,0,0,0.029,-0.016,-1,0.3,-0.6,0
22.5417753,0,0,19,0,0,0.029,-0.016,-1,0.3,-0.6,0
22.5517753,0,0,19,0,0,0.029,-0.016,-1,0.3,-0.6,0
22.5617753,0,0,19,0,0,0.029,-0.016,-1,0.3,-0.6,0
22.5717753,0,0,19,0,0,0.029,-0.014,-1.001,0.2,-0.5,0
22.5817753,0,0,19,0,0,0.029,-0.014,-1.001,0.2,-0.5,0
22.5917753,0,0,19,0,0,0.029,-0.014,-1.001,0.2,-0.5,0
22.6017753,0,0,19,0,0,0.029,-0.014,-1.001,0.2,-0.5,0
22.6117753,0,0,19,0,0,0.029,-0.014,-1.001,0.2,-0.5,0
22.6217753,0,0,19,0,0,0.03,-0.015,-1,0.3,-0.5,0
22.6317753,0,0,19,0,0,0.03,-0.015,-1,0.3,-0.5,0
22.6417753,0,0,19,0,0,0.03,-0.015,-1,0.3,-0.5,0
22.6517753,0,0,19,0,0,0.03,-0.015,-1,0.3,-0.5,0
22.6617753,0,0,19,0,0,0.03,-0.015,-1,0.3,-0.5,0
22.6717753,0,0,19,0,0,0.029,-0.016,-1,0.3,-0.5,0
22.6817753,0,0,19,0,0,0.029,-0.016,-1,0.3,-0.5,0
22.6917753,0,0,19,0,0,0.029,-0.016,-1,0.3,-0.5,0
22.7017753,0,0,19,0,0,0.029,-0.016,-1,0.3,-0.5,0
22.7117753,0,0,19,0,0,0.029,-0.016,-1,0.3,-0.5,0
22.7217753,0,0,19,0,0,0.029,-0.014,-1.001,0.3,-0.5,0
22.7317753,0,0,19,0,0,0.029,-0.014,-1.001,0.3,-0.5,0
22.7417753,0,0,19,0,0,0.029,-0.014,-1.001,0.3,-0.5,0
22.7517753,0,0,19,0,0,0.029,-0.014,-1.001,0.3,-0.5,0
22.7617753,0,0,19,0,0,0.029,-0.014,-1.001,0.3,-0.5,0
22.7717753,0,0,19,0,0,0.029,-0.015,-1.002,0.2,-0.6,0
22.7817753,0,0,19,0,0,0.029,-0.015,-1.002,0.2,-0.6,0
22.7917753,0,0,19,0,0,0.029,-0.015,-1.002,0.2,-0.6,0
22.8017753,0,0,19,0,0,0.029,-0.015,-1.002,0.2,-0.6,0
22.8117753,0,0,19,0,0,0.029,-0.015,-1.002,0.2,-0.6,0
22.8987664,0,0,19,0,0,0.03,-0.015,-1.001,0.3,-0.6,0
22.9087664,0,0,19,0,0,0.03,-0.015,-1.001,0.3,-0.6,0
22.9187664,0,0,19,0,0,0.03,-0.015,-1.001,0.3,-0.6,0
22.9287664,0,0,19,0,0,0.03,-0.015,-1.001,0.3,-0.6,0
22.9387664,0,0,19,0,0,0.03,-0.015,-1.001,0.3,-0.6,0
22.9487664,0,0,19,0,0,0.03,-0.015,-1.001,0.3,-0.6,0
22.9587664,0,0,19,0,0,0.03,-0.015,-1.001,0.3,-0.6,0
22.9687664,0,0,19,0,0,0.03,-0.015,-1.001,0.3,-0.6,0
22.9787664,0,0,19,0,0,0.03,-0.015,-1.001,0.3,-0.6,0
22.9887664,0,0,19,0,0,0.03,-0.015,-1.001,0.3,-0.6,0
