Time_s,RPM,Iq_A,Vbat_V,Tinv_C,Treg_C,AccX_g,AccY_g,AccZ_g,GyrX_dps,GyrY_dps,GyrZ_dps
1.0620621,0,0,18.9,0,0,0.029,-0.013,-1.002,0.3,-0.5,0
1.0720621,0,0,18.9,0,0,0.029,-0.013,-1.002,0.3,-0.5,0
1.0820621,0,0,18.9,0,0,0.029,-0.013,-1.002,0.3,-0.5,0
1.0920621,0,0,18.9,0,0,0.029,-0.013,-1.002,0.3,-0.5,0
1.1020621,0,0,18.9,0,0,0.029,-0.013,-1.002,0.3,-0.5,0
1.1120621,0,0,18.9,0,0,0.029,-0.013,-1.001,0.2,-0.6,0
1.1220621,0,0,18.9,0,0,0.029,-0.013,-1.001,0.2,-0.6,0
1.1320621,0,0,18.9,0,0,0.029,-0.013,-1.001,0.2,-0.6,0
1.1420621,0,0,18.9,0,0,0.029,-0.013,-1.001,0.2,-0.6,0
1.1520621,0,0,18.9,0,0,0.029,-0.013,-1.001,0.2,-0.6,0
1.2129295,0,0,18.8,0,0,0.029,-0.014,-1,0.3,-0.6,0
1.2229295,0,0,18.8,0,0,0.029,-0.014,-1,0.3,-0.6,0
1.2329295,0,0,18.8,0,0,0.029,-0.014,-1,0.3,-0.6,0
1.2429295,0,0,18.8,0,0,0.029,-0.014,-1,0.3,-0.6,0
1.2529295,0,0,18.8,0,0,0.029,-0.014,-1,0.3,-0.6,0
11.2567754,0,0,18.8,0,0,0.028,-0.013,-1.001,0.3,-0.6,0
11.2667754,0,0,18.8,0,0,0.028,-0.013,-1.001,0.3,-0.6,0
11.2767754,0,0,18.8,0,0,0.028,-0.013,-1.001,0.3,-0.6,0
11.2867754,0,0,18.8,0,0,0.028,-0.013,-1.001,0.3,-0.6,0
11.2967754,0,0,18.8,0,0,0.028,-0.013,-1.001,0.3,-0.6,0
11.3067754,0,0,18.9,0,0,0.029,-0.014,-1.002,0.3,-0.6,0
11.3167754,0,0,18.9,0,0,0.029,-0.014,-1.002,0.3,-0.6,0
11.3267754,0,0,18.9,0,0,0.029,-0.014,-1.002,0.3,-0.6,0
11.3367754,0,0,18.9,0,0,0.029,-0.014,-1.002,0.3,-0.6,0
11.3467754,0,0,18.9,0,0,0.029,-0.014,-1.002,0.3,-0.6,0
11.3567754,0,0,18.8,0,0,0.028,-0.014,-1,0.3,-0.6,0
11.3667754,0,0,18.8,0,0,0.028,-0.014,-1,0.3,-0.6,0
11.3767754,0,0,18.8,0,0,0.028,-0.014,-1,0.3,-0.6,0
11.3867754,0,0,18.8,0,0,0.028,-0.014,-1,0.3,-0.6,0
11.3967754,0,0,18.8,0,0,0.028,-0.014,-1,0.3,-0.6,0
11.4067754,0,0,18.9,0,0,0.03,-0.014,-1.001,0.2,-0.6,0
11.4167754,0,0,18.9,0,0,0.03,-0.014,-1.001,0.2,-0.6,0
11.4267754,0,0,18.9,0,0,0.03,-0.014,-1.001,0.2,-0.6,0
11.4367754,0,0,18.9,0,0,0.03,-0.014,-1.001,0.2,-0.6,0
11.4467754,0,0,18.9,0,0,0.03,-0.014,-1.001,0.2,-0.6,0
11.4567754,0,0,18.8,0,0,0.028,-0.013,-1,0.3,-0.6,0
11.4667754,0,0,18.8,0,0,0.028,-0.013,-1,0.3,-0.6,0
11.4767754,0,0,18.8,0,0,0.028,-0.013,-1,0.3,-0.6,0
11.4867754,0,0,18.8,0,0,0.028,-0.013,-1,0.3,-0.6,0
11.4967754,0,0,18.8,0,0,0.028,-0.013,-1,0.3,-0.6,0
11.5067754,0,0,18.9,0,0,0.029,-0.014,-1.001,0.2,-0.5,0
11.5167754,0,0,18.9,0,0,0.029,-0.014,-1.001,0.2,-0.5,0
11.5267754,0,0,18.9,0,0,0.029,-0.014,-1.001,0.2,-0.5,0
11.5367754,0,0,18.9,0,0,0.029,-0.014,-1.001,0.2,-0.5,0
11.5467754,0,0,18.9,0,0,0.029,-0.014,-1.001,0.2,-0.5,0
11.5567754,0,0,18.8,0,0,0.028,-0.013,-1.002,0.3,-0.5,0
11.5667754,0,0,18.8,0,0,0.028,-0.013,-1.002,0.3,-0.5,0
11.5767754,0,0,18.8,0,0,0.028,-0.013,-1.002,0.3,-0.5,0
11.5867754,0,0,18.8,0,0,0.028,-0.013,-1.002,0.3,-0.5,0
11.5967754,0,0,18.8,0,0,0.028,-0.013,-1.002,0.3,-0.5,0
11.6067754,0,0,18.9,0,0,0.028,-0.013,-1.004,0.3,-0.6,0
11.6167754,0,0,18.9,0,0,0.028,-0.013,-1.004,0.3,-0.6,0
11.6267754,0,0,18.9,0,0,0.028,-0.013,-1.004,0.3,-0.6,0
11.6367754,0,0,18.9,0,0,0.028,-0.013,-1.004,0.3,-0.6,0
11.6467754,0,0,18.9,0,0,0.028,-0.013,-1.004,0.3,-0.6,0
11.6567754,0,0,18.8,0,0,0.029,-0.012,-1,0.3,-0.6,0
11.6667754,0,0,18.8,0,0,0.029,-0.012,-1,0.3,-0.6,0
11.6767754,0,0,18.8,0,0,0.029,-0.012,-1,0.3,-0.6,0
11.6867754,0,0,18.8,0,0,0.029,-0.012,-1,0.3,-0.6,0
11.6967754,0,0,18.8,0,0,0.029,-0.012,-1,0.3,-0.6,0
11.7067754,0,0,18.8,0,0,0.028,-0.012,-1.002,0.3,-0.6,0
11.7167754,0,0,18.8,0,0,0.028,-0.012,-1.002,0.3,-0.6,0
11.7267754,0,0,18.8,0,0,0.028,-0.012,-1.002,0.3,-0.6,0
11.7367754,0,0,18.8,0,0,0.028,-0.012,-1.002,0.3,-0.6,0
11.7467754,0,0,18.8,0,0,0.028,-0.012,-1.002,0.3,-0.6,0
11.7567754,0,0,18.9,0,0,0.029,-0.015,-1.001,0.3,-0.5,0
11.7667754,0,0,18.9,0,0,0.029,-0.015,-1.001,0.3,-0.5,0
11.7767754,0,0,18.9,0,0,0.029,-0.015,-1.001,0.3,-0.5,0
11.7867754,0,0,18.9,0,0,0.029,-0.015,-1.001,0.3,-0.5,0
11.7967754,0,0,18.9,0,0,0.029,-0.015,-1.001,0.3,-0.5,0
11.8067754,0,0,18.9,0,0,0.028,-0.013,-1.002,0.3,-0.5,0
11.8167754,0,0,18.9,0,0,0.028,-0.013,-1.002,0.3,-0.5,0
11.8267754,0,0,18.9,0,0,0.028,-0.013,-1.002,0.3,-0.5,0
11.8367754,0,0,18.9,0,0,0.028,-0.013,-1.002,0.3,-0.5,0
11.8467754,0,0,18.9,0,0,0.028,-0.013,-1.002,0.3,-0.5,0
11.8567754,0,0,18.8,0,0,0.029,-0.013,-1.001,0.2,-0.6,0
11.8667754,0,0,18.8,0,0,0.029,-0.013,-1.001,0.2,-0.6,0
11.8767754,0,0,18.8,0,0,0.029,-0.013,-1.001,0.2,-0.6,0
11.8867754,0,0,18.8,0,0,0.029,-0.013,-1.001,0.2,-0.6,0
11.8967754,0,0,18.8,0,0,0.029,-0.013,-1.001,0.2,-0.6,0
11.9067754,0,0,18.8,0,0,0.027,-0.013,-1.002,0.3,-0.5,0
11.9167754,0,0,18.8,0,0,0.027,-0.013,-1.002,0.3,-0.5,0
11.9267754,0,0,18.8,0,0,0.027,-0.013,-1.002,0.3,-0.5,0
11.9367754,0,0,18.8,0,0,0.027,-0.013,-1.002,0.3,-0.5,0
11.9467754,0,0,18.8,0,0,0.027,-0.013,-1.002,0.3,-0.5,0
11.9567754,0,0,18.9,0,0,0.029,-0.014,-1.001,0.3,-0.6,0
11.9667754,0,0,18.9,0,0,0.029,-0.014,-1.001,0.3,-0.6,0
11.9767754,0,0,18.9,0,0,0.029,-0.014,-1.001,0.3,-0.6,0
11.9867754,0,0,18.9,0,0,0.029,-0.014,-1.001,0.3,-0.6,0
11.9967754,0,0,18.9,0,0,0.029,-0.014,-1.001,0.3,-0.6,0
12.0067754,0,0,18.9,0,0,0.028,-0.014,-1.002,0.3,-0.6,0
12.0167754,0,0,18.9,0,0,0.028,-0.014,-1.002,0.3,-0.6,0
12.0267754,0,0,18.9,0,0,0.028,-0.014,-1.002,0.3,-0.6,0
12.0367754,0,0,18.9,0,0,0.028,-0.014,-1.002,0.3,-0.6,0
12.0467754,0,0,18.9,0,0,0.028,-0.014,-1.002,0.3,-0.6,0
12.0567754,0,0.01,18.9,0,0,0.029,-0.014,-1.001,0.3,-0.5,0
12.0667754,0,0.01,18.9,0,0,0.029,-0.014,-1.001,0.3,-0.5,0
12.0767754,0,0.01,18.9,0,0,0.029,-0.014,-1.001,0.3,-0.5,0
12.0867754,0,0.01,18.9,0,0,0.029,-0.014,-1.001,0.3,-0.5,0
12.0967754,0,0.01,18.9,0,0,0.029,-0.014,-1.001,0.3,-0.5,0
12.1067754,0,0,18.8,0,0,0.028,-0.013,-1.001,0.3,-0.6,0
12.1167754,0,0,18.8,0,0,0.028,-0.013,-1.001,0.3,-0.6,0
12.1267754,0,0,18.8,0,0,0.028,-0.013,-1.001,0.3,-0.6,0
12.1367754,0,0,18.8,0,0,0.028,-0.013,-1.001,0.3,-0.6,0
12.1467754,0,0,18.8,0,0,0.028,-0.013,-1.001,0.3,-0.6,0
12.1567754,0,0,18.8,0,0,0.029,-0.013,-1.002,0.3,-0.6,0
12.1667754,0,0,18.8,0,0,0.029,-0.013,-1.002,0.3,-0.6,0
12.1767754,0,0,18.8,0,0,0.029,-0.013,-1.002,0.3,-0.6,0
12.1867754,0,0,18.8,0,0,0.029,-0.013,-1.002,0.3,-0.6,0
12.1967754,0,0,18.8,0,0,0.029,-0.013,-1.002,0.3,-0.6,0
12.2067754,0,0,18.9,0,0,0.028,-0.014,-1.001,0.2,-0.6,0
12.2167754,0,0,18.9,0,0,0.028,-0.014,-1.001,0.2,-0.6,0
12.2267754,0,0,18.9,0,0,0.028,-0.014,-1.001,0.2,-0.6,0
12.2367754,0,0,18.9,0,0,0.028,-0.014,-1.001,0.2,-0.6,0
12.2467754,0,0,18.9,0,0,0.028,-0.014,-1.001,0.2,-0.6,0
12.2567754,0,0,18.8,0,0,0.029,-0.013,-1,0.3,-0.5,0
12.2667754,0,0,18.8,0,0,0.029,-0.013,-1,0.3,-0.5,0
12.2767754,0,0,18.8,0,0,0.029,-0.013,-1,0.3,-0.5,0
12.2867754,0,0,18.8,0,0,0.029,-0.013,-1,0.3,-0.5,0
12.2967754,0,0,18.8,0,0,0.029,-0.013,-1,0.3,-0.5,0
12.3067754,0,0,18.8,0,0,0.027,-0.014,-1.002,0.3,-0.6,0
12.3167754,0,0,18.8,0,0,0.027,-0.014,-1.002,0.3,-0.6,0
12.3267754,0,0,18.8,0,0,0.027,-0.014,-1.002,0.3,-0.6,0
12.3367754,0,0,18.8,0,0,0.027,-0.014,-1.002,0.3,-0.6,0
12.3467754,0,0,18.8,0,0,0.027,-0.014,-1.002,0.3,-0.6,0
12.3567754,0,0,18.9,0,0,0.029,-0.013,-1.001,0.3,-0.6,0
12.3667754,0,0,18.9,0,0,0.029,-0.013,-1.001,0.3,-0.6,0
12.3767754,0,0,18.9,0,0,0.029,-0.013,-1.001,0.3,-0.6,0
12.3867754,0,0,18.9,0,0,0.029,-0.013,-1.001,0.3,-0.6,0
12.3967754,0,0,18.9,0,0,0.029,-0.013,-1.001,0.3,-0.6,0
12.4067754,0,0,18.9,0,0,0.029,-0.011,-1,0.3,-0.6,0
12.4167754,0,0,18.9,0,0,0.029,-0.011,-1,0.3,-0.6,0
12.4267754,0,0,18.9,0,0,0.029,-0.011,-1,0.3,-0.6,0
12.4367754,0,0,18.9,0,0,0.029,-0.011,-1,0.3,-0.6,0
12.4467754,0,0,18.9,0,0,0.029,-0.011,-1,0.3,-0.6,0
12.4567754,0,0,18.9,0,0,0.029,-0.014,-1,0.2,-0.6,0
12.4667754,0,0,18.9,0,0,0.029,-0.014,-1,0.2,-0.6,0
12.4767754,0,0,18.9,0,0,0.029,-0.014,-1,0.2,-0.6,0
12.4867754,0,0,18.9,0,0,0.029,-0.014,-1,0.2,-0.6,0
12.4967754,0,0,18.9,0,0,0.029,-0.014,-1,0.2,-0.6,0
12.5067754,0,0,18.9,0,0,0.029,-0.014,-1.001,0.3,-0.6,0
12.5167754,0,0,18.9,0,0,0.029,-0.014,-1.001,0.3,-0.6,0
12.5267754,0,0,18.9,0,0,0.029,-0.014,-1.001,0.3,-0.6,0
12.5367754,0,0,18.9,0,0,0.029,-0.014,-1.001,0.3,-0.6,0
12.5467754,0,0,18.9,0,0,0.029,-0.014,-1.001,0.3,-0.6,0
12.5567754,0,0,18.9,0,0,0.028,-0.013,-1.003,0.3,-0.6,0
12.5667754,0,0,18.9,0,0,0.028,-0.013,-1.003,0.3,-0.6,0
12.5767754,0,0,18.9,0,0,0.028,-0.013,-1.003,0.3,-0.6,0
12.5867754,0,0,18.9,0,0,0.028,-0.013,-1.003,0.3,-0.6,0
12.5967754,0,0,18.9,0,0,0.028,-0.013,-1.003,0.3,-0.6,0
12.6067754,0,0,18.8,0,0,0.028,-0.013,-1.002,0.3,-0.6,0
12.6167754,0,0,18.8,0,0,0.028,-0.013,-1.002,0.3,-0.6,0
12.6267754,0,0,18.8,0,0,0.028,-0.013,-1.002,0.3,-0.6,0
12.6367754,0,0,18.8,0,0,0.028,-0.013,-1.002,0.3,-0.6,0
12.6467754,0,0,18.8,0,0,0.028,-0.013,-1.002,0.3,-0.6,0
12.6567754,0,0,18.9,0,0,0.029,-0.014,-1.001,0.3,-0.6,0
12.6667754,0,0,18.9,0,0,0.029,-0.014,-1.001,0.3,-0.6,0
12.6767754,0,0,18.9,0,0,0.029,-0.014,-1.001,0.3,-0.6,0
12.6867754,0,0,18.9,0,0,0.029,-0.014,-1.001,0.3,-0.6,0
12.6967754,0,0,18.9,0,0,0.029,-0.014,-1.001,0.3,-0.6,0
12.7067754,0,0,18.8,0,0,0.028,-0.013,-1.001,0.3,-0.6,0
12.7167754,0,0,18.8,0,0,0.028,-0.013,-1.001,0.3,-0.6,0
12.7267754,0,0,18.8,0,0,0.028,-0.013,-1.001,0.3,-0.6,0
12.7367754,0,0,18.8,0,0,0.028,-0.013,-1.001,0.3,-0.6,0
12.7467754,0,0,18.8,0,0,0.028,-0.013,-1.001,0.3,-0.6,0
12.7567754,0,0,18.9,0,0,0.028,-0.014,-1,0.3,-0.6,0
12.7667754,0,0,18.9,0,0,0.028,-0.014,-1,0.3,-0.6,0
12.7767754,0,0,18.9,0,0,0.028,-0.014,-1,0.3,-0.6,0
12.7867754,0,0,18.9,0,0,0.028,-0.014,-1,0.3,-0.6,0
12.7967754,0,0,18.9,0,0,0.028,-0.014,-1,0.3,-0.6,0
12.8067754,0,0,18.8,0,0,0.029,-0.014,-1.001,0.3,-0.6,0
12.8167754,0,0,18.8,0,0,0.029,-0.014,-1.001,0.3,-0.6,0
12.8267754,0,0,18.8,0,0,0.029,-0.014,-1.001,0.3,-0.6,0
12.8367754,0,0,18.8,0,0,0.029,-0.014,-1.001,0.3,-0.6,0
12.8467754,0,0,18.8,0,0,0.029,-0.014,-1.001,0.3,-0.6,0
12.8567754,0,0,18.9,0,0,0.028,-0.014,-1.002,0.3,-0.5,0
12.8667754,0,0,18.9,0,0,0.028,-0.014,-1.002,0.3,-0.5,0
12.8767754,0,0,18.9,0,0,0.028,-0.014,-1.002,0.3,-0.5,0
12.8867754,0,0,18.9,0,0,0.028,-0.014,-1.002,0.3,-0.5,0
12.8967754,0,0,18.9,0,0,0.028,-0.014,-1.002,0.3,-0.5,0
12.9067754,0,0,18.8,0,0,0.029,-0.012,-1.002,0.2,-0.6,0
12.9167754,0,0,18.8,0,0,0.029,-0.012,-1.002,0.2,-0.6,0
12.9267754,0,0,18.8,0,0,0.029,-0.012,-1.002,0.2,-0.6,0
12.9367754,0,0,18.8,0,0,0.029,-0.012,-1.002,0.2,-0.6,0
12.9467754,0,0,18.8,0,0,0.029,-0.012,-1.002,0.2,-0.6,0
12.9567754,0,0,18.9,0,0,0.028,-0.013,-1.001,0.3,-0.6,0
12.9667754,0,0,18.9,0,0,0.028,-0.013,-1.001,0.3,-0.6,0
12.9767754,0,0,18.9,0,0,0.028,-0.013,-1.001,0.3,-0.6,0
12.9867754,0,0,18.9,0,0,0.028,-0.013,-1.001,0.3,-0.6,0
12.9967754,0,0,18.9,0,0,0.028,-0.013,-1.001,0.3,-0.6,0
13.0067754,0,0,18.9,0,0,0.028,-0.013,-1.002,0.3,-0.5,0
13.0167754,0,0,18.9,0,0,0.028,-0.013,-1.002,0.3,-0.5,0
13.0267754,0,0,18.9,0,0,0.028,-0.013,-1.002,0.3,-0.5,0
13.0367754,0,0,18.9,0,0,0.028,-0.013,-1.002,0.3,-0.5,0
13.0467754,0,0,18.9,0,0,0.028,-0.013,-1.002,0.3,-0.5,0
13.0567754,0,0,18.8,0,0,0.029,-0.012,-1.001,0.3,-0.6,0
13.0667754,0,0,18.8,0,0,0.029,-0.012,-1.001,0.3,-0.6,0
13.0767754,0,0,18.8,0,0,0.029,-0.012,-1.001,0.3,-0.6,0
13.0867754,0,0,18.8,0,0,0.029,-0.012,-1.001,0.3,-0.6,0
13.0967754,0,0,18.8,0,0,0.029,-0.012,-1.001,0.3,-0.6,0
13.1067754,0,0,18.8,0,0,0.029,-0.013,-1.001,0.3,-0.6,0
13.1167754,0,0,18.8,0,0,0.029,-0.013,-1.001,0.3,-0.6,0
13.1267754,0,0,18.8,0,0,0.029,-0.013,-1.001,0.3,-0.6,0
13.1367754,0,0,18.8,0,0,0.029,-0.013,-1.001,0.3,-0.6,0
13.1467754,0,0,18.8,0,0,0.029,-0.013,-1.001,0.3,-0.6,0
13.1567754,0,0,18.8,0,0,0.028,-0.014,-1.001,0.3,-0.6,0
13.1667754,0,0,18.8,0,0,0.028,-0.014,-1.001,0.3,-0.6,0
13.1767754,0,0,18.8,0,0,0.028,-0.014,-1.001,0.3,-0.6,0
13.1867754,0,0,18.8,0,0,0.028,-0.014,-1.001,0.3,-0.6,0
13.1967754,0,0,18.8,0,0,0.028,-0.014,-1.001,0.3,-0.6,0
13.2067754,0,0,18.8,0,0,0.029,-0.014,-1.002,0.3,-0.5,0.1
13.2167754,0,0,18.8,0,0,0.029,-0.014,-1.002,0.3,-0.5,0.1
13.2267754,0,0,18.8,0,0,0.029,-0.014,-1.002,0.3,-0.5,0.1
13.2367754,0,0,18.8,0,0,0.029,-0.014,-1.002,0.3,-0.5,0.1
13.2467754,0,0,18.8,0,0,0.029,-0.014,-1.002,0.3,-0.5,0.1
13.2567754,0,0,18.9,0,0,0.028,-0.013,-1,0.2,-0.6,0
13.2667754,0,0,18.9,0,0,0.028,-0.013,-1,0.2,-0.6,0
13.2767754,0,0,18.9,0,0,0.028,-0.013,-1,0.2,-0.6,0
13.2867754,0,0,18.9,0,0,0.028,-0.013,-1,0.2,-0.6,0
13.2967754,0,0,18.9,0,0,0.028,-0.013,-1,0.2,-0.6,0
13.3067754,0,0,18.9,0,0,0.029,-0.013,-1.002,0.3,-0.6,0
13.3167754,0,0,18.9,0,0,0.029,-0.013,-1.002,0.3,-0.6,0
13.3267754,0,0,18.9,0,0,0.029,-0.013,-1.002,0.3,-0.6,0
13.3367754,0,0,18.9,0,0,0.029,-0.013,-1.002,0.3,-0.6,0
13.3467754,0,0,18.9,0,0,0.029,-0.013,-1.002,0.3,-0.6,0
13.3567754,0,0,18.8,0,0,0.029,-0.013,-1.001,0.3,-0.5,0
13.3667754,0,0,18.8,0,0,0.029,-0.013,-1.001,0.3,-0.5,0
13.3767754,0,0,18.8,0,0,0.029,-0.013,-1.001,0.3,-0.5,0
13.3867754,0,0,18.8,0,0,0.029,-0.013,-1.001,0.3,-0.5,0
13.3967754,0,0,18.8,0,0,0.029,-0.013,-1.001,0.3,-0.5,0
13.4067754,0,0,18.8,0,0,0.028,-0.014,-1.001,0.3,-0.6,0
13.4167754,0,0,18.8,0,0,0.028,-0.014,-1.001,0.3,-0.6,0
13.4267754,0,0,18.8,0,0,0.028,-0.014,-1.001,0.3,-0.6,0
13.4367754,0,0,18.8,0,0,0.028,-0.014,-1.001,0.3,-0.6,0
13.4467754,0,0,18.8,0,0,0.028,-0.014,-1.001,0.3,-0.6,0
13.4567754,0,0,18.8,0,0,0.028,-0.014,-1.002,0.3,-0.6,0
13.4667754,0,0,18.8,0,0,0.028,-0.014,-1.002,0.3,-0.6,0
13.4767754,0,0,18.8,0,0,0.028,-0.014,-1.002,0.3,-0.6,0
13.4867754,0,0,18.8,0,0,0.028,-0.014,-1.002,0.3,-0.6,0
13.4967754,0,0,18.8,0,0,0.028,-0.014,-1.002,0.3,-0.6,0
13.5067754,0,0.01,18.8,0,0,0.028,-0.013,-1.002,0.2,-0.5,0
13.5167754,0,0.01,18.8,0,0,0.028,-0.013,-1.002,0.2,-0.5,0
13.5267754,0,0.01,18.8,0,0,0.028,-0.013,-1.002,0.2,-0.5,0
13.5367754,0,0.01,18.8,0,0,0.028,-0.013,-1.002,0.2,-0.5,0
13.5467754,0,0.01,18.8,0,0,0.028,-0.013,-1.002,0.2,-0.5,0
13.5567754,0,0,18.9,0,0,0.028,-0.013,-1.003,0.3,-0.4,0
13.5667754,0,0,18.9,0,0,0.028,-0.013,-1.003,0.3,-0.4,0
13.5767754,0,0,18.9,0,0,0.028,-0.013,-1.003,0.3,-0.4,0
13.5867754,0,0,18.9,0,0,0.028,-0.013,-1.003,0.3,-0.4,0
13.5967754,0,0,18.9,0,0,0.028,-0.013,-1.003,0.3,-0.4,0
13.6067754,0,0,18.9,0,0,0.028,-0.014,-1.001,0.3,-0.6,0
13.6167754,0,0,18.9,0,0,0.028,-0.014,-1.001,0.3,-0.6,0
13.6267753999999,0,0,18.9,0,0,0.028,-0.014,-1.001,0.3,-0.6,0
13.6367753999999,0,0,18.9,0,0,0.028,-0.014,-1.001,0.3,-0.6,0
13.6467753999999,0,0,18.9,0,0,0.028,-0.014,-1.001,0.3,-0.6,0
13.6567753999999,0,0.01,18.9,0,0,0.028,-0.013,-1.002,0.3,-0.6,0
13.6667753999999,0,0.01,18.9,0,0,0.028,-0.013,-1.002,0.3,-0.6,0
13.6767753999999,0,0.01,18.9,0,0,0.028,-0.013,-1.002,0.3,-0.6,0
13.6867753999999,0,0.01,18.9,0,0,0.028,-0.013,-1.002,0.3,-0.6,0
13.6967753999999,0,0.01,18.9,0,0,0.028,-0.013,-1.002,0.3,-0.6,0
13.7067753999999,0,0,18.8,0,0,0.028,-0.014,-1.002,0.3,-0.6,0
13.7167753999999,0,0,18.8,0,0,0.028,-0.014,-1.002,0.3,-0.6,0
13.7267753999999,0,0,18.8,0,0,0.028,-0.014,-1.002,0.3,-0.6,0
13.7367753999999,0,0,18.8,0,0,0.028,-0.014,-1.002,0.3,-0.6,0
13.7467753999999,0,0,18.8,0,0,0.028,-0.014,-1.002,0.3,-0.6,0
13.7567753999999,0,0,18.8,0,0,0.029,-0.013,-1.001,0.3,-0.7,0
13.7667753999999,0,0,18.8,0,0,0.029,-0.013,-1.001,0.3,-0.7,0
13.7767753999999,0,0,18.8,0,0,0.029,-0.013,-1.001,0.3,-0.7,0
13.7867753999999,0,0,18.8,0,0,0.029,-0.013,-1.001,0.3,-0.7,0
13.7967753999999,0,0,18.8,0,0,0.029,-0.013,-1.001,0.3,-0.7,0
13.8067753999999,0,0,18.9,0,0,0.028,-0.014,-1.002,0.3,-0.6,0
13.8167753999999,0,0,18.9,0,0,0.028,-0.014,-1.002,0.3,-0.6,0
13.8267753999999,0,0,18.9,0,0,0.028,-0.014,-1.002,0.3,-0.6,0
13.8367753999999,0,0,18.9,0,0,0.028,-0.014,-1.002,0.3,-0.6,0
13.8467753999999,0,0,18.9,0,0,0.028,-0.014,-1.002,0.3,-0.6,0
13.8567753999999,0,0,18.9,0,0,0.027,-0.013,-1,0.3,-0.5,0
13.8667753999999,0,0,18.9,0,0,0.027,-0.013,-1,0.3,-0.5,0
13.8767753999999,0,0,18.9,0,0,0.027,-0.013,-1,0.3,-0.5,0
13.8867753999999,0,0,18.9,0,0,0.027,-0.013,-1,0.3,-0.5,0
13.8967753999999,0,0,18.9,0,0,0.027,-0.013,-1,0.3,-0.5,0
13.9067753999999,0,0,18.8,0,0,0.028,-0.013,-1,0.3,-0.6,0
13.9167753999999,0,0,18.8,0,0,0.028,-0.013,-1,0.3,-0.6,0
13.9267753999999,0,0,18.8,0,0,0.028,-0.013,-1,0.3,-0.6,0
13.9367753999999,0,0,18.8,0,0,0.028,-0.013,-1,0.3,-0.6,0
13.9467753999999,0,0,18.8,0,0,0.028,-0.013,-1,0.3,-0.6,0
13.9567753999999,0,0,18.9,0,0,0.03,-0.014,-1,0.3,-0.5,0
13.9667753999999,0,0,18.9,0,0,0.03,-0.014,-1,0.3,-0.5,0
13.9767753999999,0,0,18.9,0,0,0.03,-0.014,-1,0.3,-0.5,0
13.9867753999999,0,0,18.9,0,0,0.03,-0.014,-1,0.3,-0.5,0
13.9967753999999,0,0,18.9,0,0,0.03,-0.014,-1,0.3,-0.5,0
14.0067753999999,0,0,18.8,0,0,0.029,-0.013,-1.001,0.3,-0.6,0
14.0167753999999,0,0,18.8,0,0,0.029,-0.013,-1.001,0.3,-0.6,0
14.0267753999999,0,0,18.8,0,0,0.029,-0.013,-1.001,0.3,-0.6,0
14.0367753999999,0,0,18.8,0,0,0.029,-0.013,-1.001,0.3,-0.6,0
14.0467753999999,0,0,18.8,0,0,0.029,-0.013,-1.001,0.3,-0.6,0
14.0567753999999,0,0,18.9,0,0,0.029,-0.013,-1.001,0.3,-0.6,0
14.0667753999999,0,0,18.9,0,0,0.029,-0.013,-1.001,0.3,-0.6,0
14.0767753999999,0,0,18.9,0,0,0.029,-0.013,-1.001,0.3,-0.6,0
14.0867753999999,0,0,18.9,0,0,0.029,-0.013,-1.001,0.3,-0.6,0
14.0967753999999,0,0,18.9,0,0,0.029,-0.013,-1.001,0.3,-0.6,0
14.1067753999999,0,0,18.9,0,0,0.029,-0.013,-1.002,0.3,-0.6,0
14.1167753999999,0,0,18.9,0,0,0.029,-0.013,-1.002,0.3,-0.6,0
14.1267753999999,0,0,18.9,0,0,0.029,-0.013,-1.002,0.3,-0.6,0
14.1367753999999,0,0,18.9,0,0,0.029,-0.013,-1.002,0.3,-0.6,0
14.1467753999999,0,0,18.9,0,0,0.029,-0.013,-1.002,0.3,-0.6,0
14.1567753999999,0,0,18.9,0,0,0.028,-0.013,-1,0.3,-0.6,0
14.1667753999999,0,0,18.9,0,0,0.028,-0.013,-1,0.3,-0.6,0
14.1767753999999,0,0,18.9,0,0,0.028,-0.013,-1,0.3,-0.6,0
14.1867753999999,0,0,18.9,0,0,0.028,-0.013,-1,0.3,-0.6,0
14.1967753999999,0,0,18.9,0,0,0.028,-0.013,-1,0.3,-0.6,0
14.2067753999999,0,0,18.8,0,0,0.028,-0.014,-1.001,0.2,-0.6,0
14.2167753999999,0,0,18.8,0,0,0.028,-0.014,-1.001,0.2,-0.6,0
14.2267753999999,0,0,18.8,0,0,0.028,-0.014,-1.001,0.2,-0.6,0
14.2367753999999,0,0,18.8,0,0,0.028,-0.014,-1.001,0.2,-0.6,0
14.2467753999999,0,0,18.8,0,0,0.028,-0.014,-1.001,0.2,-0.6,0
14.2567753999999,0,0,18.9,0,0,0.028,-0.014,-1.002,0.3,-0.6,0
14.2667753999999,0,0,18.9,0,0,0.028,-0.014,-1.002,0.3,-0.6,0
14.2767753999999,0,0,18.9,0,0,0.028,-0.014,-1.002,0.3,-0.6,0
14.2867753999999,0,0,18.9,0,0,0.028,-0.014,-1.002,0.3,-0.6,0
14.2967753999999,0,0,18.9,0,0,0.028,-0.014,-1.002,0.3,-0.6,0
14.3067753999999,0,0,18.8,0,0,0.027,-0.014,-1.002,0.3,-0.6,0
14.3167753999999,0,0,18.8,0,0,0.027,-0.014,-1.002,0.3,-0.6,0
14.3267753999999,0,0,18.8,0,0,0.027,-0.014,-1.002,0.3,-0.6,0
14.3367753999999,0,0,18.8,0,0,0.027,-0.014,-1.002,0.3,-0.6,0
14.3467753999999,0,0,18.8,0,0,0.027,-0.014,-1.002,0.3,-0.6,0
14.3567753999999,0,0,18.9,0,0,0.028,-0.013,-1.002,0.3,-0.6,0
14.3667753999999,0,0,18.9,0,0,0.028,-0.013,-1.002,0.3,-0.6,0
14.3767753999999,0,0,18.9,0,0,0.028,-0.013,-1.002,0.3,-0.6,0
14.3867753999999,0,0,18.9,0,0,0.028,-0.013,-1.002,0.3,-0.6,0
14.3967753999999,0,0,18.9,0,0,0.028,-0.013,-1.002,0.3,-0.6,0
14.4067753999999,0,0,18.9,0,0,0.028,-0.013,-1.001,0.3,-0.6,0
14.4167753999999,0,0,18.9,0,0,0.028,-0.013,-1.001,0.3,-0.6,0
14.4267753999999,0,0,18.9,0,0,0.028,-0.013,-1.001,0.3,-0.6,0
14.4367753999999,0,0,18.9,0,0,0.028,-0.013,-1.001,0.3,-0.6,0
14.4467753999999,0,0,18.9,0,0,0.028,-0.013,-1.001,0.3,-0.6,0
14.4567753999999,0,0.01,18.9,0,0,0.029,-0.014,-1.001,0.3,-0.6,0
14.4667753999999,0,0.01,18.9,0,0,0.029,-0.014,-1.001,0.3,-0.6,0
14.4767753999999,0,0.01,18.9,0,0,0.029,-0.014,-1.001,0.3,-0.6,0
14.4867753999999,0,0.01,18.9,0,0,0.029,-0.014,-1.001,0.3,-0.6,0
14.4967753999999,0,0.01,18.9,0,0,0.029,-0.014,-1.001,0.3,-0.6,0
14.5067753999999,0,0,18.9,0,0,0.029,-0.012,-1.002,0.3,-0.6,0
14.5167753999999,0,0,18.9,0,0,0.029,-0.012,-1.002,0.3,-0.6,0
14.5267753999999,0,0,18.9,0,0,0.029,-0.012,-1.002,0.3,-0.6,0
14.5367753999999,0,0,18.9,0,0,0.029,-0.012,-1.002,0.3,-0.6,0
14.5467753999999,0,0,18.9,0,0,0.029,-0.012,-1.002,0.3,-0.6,0
14.5567753999999,0,0,18.9,0,0,0.029,-0.014,-1.002,0.3,-0.6,0
14.5667753999999,0,0,18.9,0,0,0.029,-0.014,-1.002,0.3,-0.6,0
14.5767753999999,0,0,18.9,0,0,0.029,-0.014,-1.002,0.3,-0.6,0
14.5867753999999,0,0,18.9,0,0,0.029,-0.014,-1.002,0.3,-0.6,0
14.5967753999999,0,0,18.9,0,0,0.029,-0.014,-1.002,0.3,-0.6,0
14.6067753999999,0,0,18.9,0,0,0.028,-0.013,-1.001,0.3,-0.6,0
14.6167753999999,0,0,18.9,0,0,0.028,-0.013,-1.001,0.3,-0.6,0
14.6267753999999,0,0,18.9,0,0,0.028,-0.013,-1.001,0.3,-0.6,0
14.6367753999999,0,0,18.9,0,0,0.028,-0.013,-1.001,0.3,-0.6,0
14.6467753999999,0,0,18.9,0,0,0.028,-0.013,-1.001,0.3,-0.6,0
14.6567753999999,0,0,18.8,0,0,0.029,-0.013,-1.001,0.3,-0.6,0
14.6667753999999,0,0,18.8,0,0,0.029,-0.013,-1.001,0.3,-0.6,0
14.6767753999999,0,0,18.8,0,0,0.029,-0.013,-1.001,0.3,-0.6,0
14.6867753999999,0,0,18.8,0,0,0.029,-0.013,-1.001,0.3,-0.6,0
14.6967753999999,0,0,18.8,0,0,0.029,-0.013,-1.001,0.3,-0.6,0
14.7067753999999,0,0,18.8,0,0,0.028,-0.014,-1,0.3,-0.6,0
14.7167753999999,0,0,18.8,0,0,0.028,-0.014,-1,0.3,-0.6,0
14.7267753999999,0,0,18.8,0,0,0.028,-0.014,-1,0.3,-0.6,0
14.7367753999999,0,0,18.8,0,0,0.028,-0.014,-1,0.3,-0.6,0
14.7467753999999,0,0,18.8,0,0,0.028,-0.014,-1,0.3,-0.6,0
14.7567753999999,0,0.01,18.8,0,0,0.029,-0.014,-1.001,0.3,-0.5,0
14.7667753999999,0,0.01,18.8,0,0,0.029,-0.014,-1.001,0.3,-0.5,0
14.7767753999999,0,0.01,18.8,0,0,0.029,-0.014,-1.001,0.3,-0.5,0
14.7867753999999,0,0.01,18.8,0,0,0.029,-0.014,-1.001,0.3,-0.5,0
14.7967753999999,0,0.01,18.8,0,0,0.029,-0.014,-1.001,0.3,-0.5,0
14.8067753999999,0,0,18.8,0,0,0.028,-0.014,-1.003,0.2,-0.6,0
14.8167753999999,0,0,18.8,0,0,0.028,-0.014,-1.003,0.2,-0.6,0
14.8267753999999,0,0,18.8,0,0,0.028,-0.014,-1.003,0.2,-0.6,0
14.8367753999999,0,0,18.8,0,0,0.028,-0.014,-1.003,0.2,-0.6,0
14.8467753999999,0,0,18.8,0,0,0.028,-0.014,-1.003,0.2,-0.6,0
14.8567753999999,0,0,18.9,0,0,0.027,-0.012,-1.002,0.3,-0.6,0
14.8667753999999,0,0,18.9,0,0,0.027,-0.012,-1.002,0.3,-0.6,0
14.8767753999999,0,0,18.9,0,0,0.027,-0.012,-1.002,0.3,-0.6,0
14.8867753999999,0,0,18.9,0,0,0.027,-0.012,-1.002,0.3,-0.6,0
14.8967753999999,0,0,18.9,0,0,0.027,-0.012,-1.002,0.3,-0.6,0
14.9067753999999,0,0,18.8,0,0,0.028,-0.013,-1.003,0.3,-0.6,0
14.9167753999999,0,0,18.8,0,0,0.028,-0.013,-1.003,0.3,-0.6,0
14.9267753999999,0,0,18.8,0,0,0.028,-0.013,-1.003,0.3,-0.6,0
14.9367753999999,0,0,18.8,0,0,0.028,-0.013,-1.003,0.3,-0.6,0
14.9467753999999,0,0,18.8,0,0,0.028,-0.013,-1.003,0.3,-0.6,0
14.9567753999999,0,0,18.8,0,0,0.028,-0.012,-1.004,0.2,-0.5,0
14.9667753999999,0,0,18.8,0,0,0.028,-0.012,-1.004,0.2,-0.5,0
14.9767753999999,0,0,18.8,0,0,0.028,-0.012,-1.004,0.2,-0.5,0
14.9867753999999,0,0,18.8,0,0,0.028,-0.012,-1.004,0.2,-0.5,0
14.9967753999999,0,0,18.8,0,0,0.028,-0.012,-1.004,0.2,-0.5,0
15.0067753999999,0,0,18.8,0,0,0.029,-0.013,-1.003,0.3,-0.6,0
15.0167753999999,0,0,18.8,0,0,0.029,-0.013,-1.003,0.3,-0.6,0
15.0267753999999,0,0,18.8,0,0,0.029,-0.013,-1.003,0.3,-0.6,0
15.0367753999999,0,0,18.8,0,0,0.029,-0.013,-1.003,0.3,-0.6,0
15.0467753999999,0,0,18.8,0,0,0.029,-0.013,-1.003,0.3,-0.6,0
15.0567753999999,0,0,18.8,0,0,0.029,-0.013,-1.002,0.3,-0.6,0
15.0667753999999,0,0,18.8,0,0,0.029,-0.013,-1.002,0.3,-0.6,0
15.0767753999999,0,0,18.8,0,0,0.029,-0.013,-1.002,0.3,-0.6,0
15.0867753999999,0,0,18.8,0,0,0.029,-0.013,-1.002,0.3,-0.6,0
15.0967753999999,0,0,18.8,0,0,0.029,-0.013,-1.002,0.3,-0.6,0
15.1067753999999,0,0,18.9,0,0,0.028,-0.014,-1,0.3,-0.5,0
15.1167753999999,0,0,18.9,0,0,0.028,-0.014,-1,0.3,-0.5,0
15.1267753999999,0,0,18.9,0,0,0.028,-0.014,-1,0.3,-0.5,0
15.1367753999999,0,0,18.9,0,0,0.028,-0.014,-1,0.3,-0.5,0
15.1467753999999,0,0,18.9,0,0,0.028,-0.014,-1,0.3,-0.5,0
15.1567753999999,0,0,18.9,0,0,0.028,-0.012,-1.006,0.3,-0.6,0
15.1667753999999,0,0,18.9,0,0,0.028,-0.012,-1.006,0.3,-0.6,0
15.1767753999999,0,0,18.9,0,0,0.028,-0.012,-1.006,0.3,-0.6,0
15.1867753999999,0,0,18.9,0,0,0.028,-0.012,-1.006,0.3,-0.6,0
15.1967753999999,0,0,18.9,0,0,0.028,-0.012,-1.006,0.3,-0.6,0
15.2067753999999,0,0,18.9,0,0,0.03,-0.014,-1.003,0.3,-0.6,0
15.2167753999999,0,0,18.9,0,0,0.03,-0.014,-1.003,0.3,-0.6,0
15.2267753999999,0,0,18.9,0,0,0.03,-0.014,-1.003,0.3,-0.6,0
15.2367753999999,0,0,18.9,0,0,0.03,-0.014,-1.003,0.3,-0.6,0
15.2467753999999,0,0,18.9,0,0,0.03,-0.014,-1.003,0.3,-0.6,0
15.2567753999999,0,0,18.9,0,0,0.027,-0.013,-1,0.3,-0.6,0
15.2667753999999,0,0,18.9,0,0,0.027,-0.013,-1,0.3,-0.6,0
15.2767753999999,0,0,18.9,0,0,0.027,-0.013,-1,0.3,-0.6,0
15.2867753999999,0,0,18.9,0,0,0.027,-0.013,-1,0.3,-0.6,0
15.2967753999999,0,0,18.9,0,0,0.027,-0.013,-1,0.3,-0.6,0
15.3067753999999,0,0,18.9,0,0,0.029,-0.013,-1.001,0.3,-0.6,0
15.3167753999999,0,0,18.9,0,0,0.029,-0.013,-1.001,0.3,-0.6,0
15.3267753999999,0,0,18.9,0,0,0.029,-0.013,-1.001,0.3,-0.6,0
15.3367753999999,0,0,18.9,0,0,0.029,-0.013,-1.001,0.3,-0.6,0
15.3467753999999,0,0,18.9,0,0,0.029,-0.013,-1.001,0.3,-0.6,0
15.3567753999999,0,0,18.9,0,0,0.027,-0.013,-1,0.3,-0.5,0
15.3667753999999,0,0,18.9,0,0,0.027,-0.013,-1,0.3,-0.5,0
15.3767753999999,0,0,18.9,0,0,0.027,-0.013,-1,0.3,-0.5,0
15.3867753999999,0,0,18.9,0,0,0.027,-0.013,-1,0.3,-0.5,0
15.3967753999999,0,0,18.9,0,0,0.027,-0.013,-1,0.3,-0.5,0
15.4067753999999,0,0,18.9,0,0,0.028,-0.014,-1.002,0.3,-0.5,0
15.4167753999999,0,0,18.9,0,0,0.028,-0.014,-1.002,0.3,-0.5,0
15.4267753999999,0,0,18.9,0,0,0.028,-0.014,-1.002,0.3,-0.5,0
15.4367753999999,0,0,18.9,0,0,0.028,-0.014,-1.002,0.3,-0.5,0
15.4467753999999,0,0,18.9,0,0,0.028,-0.014,-1.002,0.3,-0.5,0
15.4567753999999,0,0,18.9,0,0,0.029,-0.012,-1.002,0.3,-0.6,0
15.4667753999999,0,0,18.9,0,0,0.029,-0.012,-1.002,0.3,-0.6,0
15.4767753999999,0,0,18.9,0,0,0.029,-0.012,-1.002,0.3,-0.6,0
15.4867753999999,0,0,18.9,0,0,0.029,-0.012,-1.002,0.3,-0.6,0
15.4967753999999,0,0,18.9,0,0,0.029,-0.012,-1.002,0.3,-0.6,0
15.5067753999999,0,0,18.9,0,0,0.03,-0.013,-1.001,0.3,-0.6,0
15.5167753999999,0,0,18.9,0,0,0.03,-0.013,-1.001,0.3,-0.6,0
15.5267753999999,0,0,18.9,0,0,0.03,-0.013,-1.001,0.3,-0.6,0
15.5367753999999,0,0,18.9,0,0,0.03,-0.013,-1.001,0.3,-0.6,0
15.5467753999999,0,0,18.9,0,0,0.03,-0.013,-1.001,0.3,-0.6,0
15.5567753999999,0,0,18.8,0,0,0.028,-0.013,-1.001,0.3,-0.5,0
15.5667753999999,0,0,18.8,0,0,0.028,-0.013,-1.001,0.3,-0.5,0
15.5767753999999,0,0,18.8,0,0,0.028,-0.013,-1.001,0.3,-0.5,0
15.5867753999999,0,0,18.8,0,0,0.028,-0.013,-1.001,0.3,-0.5,0
15.5967753999999,0,0,18.8,0,0,0.028,-0.013,-1.001,0.3,-0.5,0
15.6067753999999,0,0.01,18.8,0,0,0.029,-0.014,-1.001,0.2,-0.5,0
15.6167753999999,0,0.01,18.8,0,0,0.029,-0.014,-1.001,0.2,-0.5,0
15.6267753999999,0,0.01,18.8,0,0,0.029,-0.014,-1.001,0.2,-0.5,0
15.6367753999999,0,0.01,18.8,0,0,0.029,-0.014,-1.001,0.2,-0.5,0
15.6467753999999,0,0.01,18.8,0,0,0.029,-0.014,-1.001,0.2,-0.5,0
15.6567753999999,0,0,18.9,0,0,0.027,-0.014,-1,0.3,-0.6,0
15.6667753999999,0,0,18.9,0,0,0.027,-0.014,-1,0.3,-0.6,0
15.6767753999999,0,0,18.9,0,0,0.027,-0.014,-1,0.3,-0.6,0
15.6867753999999,0,0,18.9,0,0,0.027,-0.014,-1,0.3,-0.6,0
15.6967753999999,0,0,18.9,0,0,0.027,-0.014,-1,0.3,-0.6,0
15.7067753999999,0,0,18.8,0,0,0.029,-0.012,-1.001,0.3,-0.6,0
15.7167753999999,0,0,18.8,0,0,0.029,-0.012,-1.001,0.3,-0.6,0
15.7267753999999,0,0,18.8,0,0,0.029,-0.012,-1.001,0.3,-0.6,0
15.7367753999999,0,0,18.8,0,0,0.029,-0.012,-1.001,0.3,-0.6,0
15.7467753999999,0,0,18.8,0,0,0.029,-0.012,-1.001,0.3,-0.6,0
15.7567753999999,0,0.01,18.8,0,0,0.028,-0.014,-1.001,0.3,-0.6,0
15.7667753999999,0,0.01,18.8,0,0,0.028,-0.014,-1.001,0.3,-0.6,0
15.7767753999999,0,0.01,18.8,0,0,0.028,-0.014,-1.001,0.3,-0.6,0
15.7867753999999,0,0.01,18.8,0,0,0.028,-0.014,-1.001,0.3,-0.6,0
15.7967753999999,0,0.01,18.8,0,0,0.028,-0.014,-1.001,0.3,-0.6,0
15.8067753999999,0,0,18.8,0,0,0.029,-0.014,-1.002,0.3,-0.6,0
15.8167753999999,0,0,18.8,0,0,0.029,-0.014,-1.002,0.3,-0.6,0
15.8267753999999,0,0,18.8,0,0,0.029,-0.014,-1.002,0.3,-0.6,0
15.8367753999999,0,0,18.8,0,0,0.029,-0.014,-1.002,0.3,-0.6,0
15.8467753999999,0,0,18.8,0,0,0.029,-0.014,-1.002,0.3,-0.6,0
15.8567753999999,0,0.01,18.8,0,0,0.029,-0.013,-1.001,0.3,-0.6,0
15.8667753999999,0,0.01,18.8,0,0,0.029,-0.013,-1.001,0.3,-0.6,0
15.8767753999999,0,0.01,18.8,0,0,0.029,-0.013,-1.001,0.3,-0.6,0
15.8867753999999,0,0.01,18.8,0,0,0.029,-0.013,-1.001,0.3,-0.6,0
15.8967753999999,0,0.01,18.8,0,0,0.029,-0.013,-1.001,0.3,-0.6,0
15.9067753999999,0,0.01,18.8,0,0,0.029,-0.012,-1,0.3,-0.6,0
15.9167753999999,0,0.01,18.8,0,0,0.029,-0.012,-1,0.3,-0.6,0
15.9267753999999,0,0.01,18.8,0,0,0.029,-0.012,-1,0.3,-0.6,0
15.9367753999999,0,0.01,18.8,0,0,0.029,-0.012,-1,0.3,-0.6,0
15.9467753999999,0,0.01,18.8,0,0,0.029,-0.012,-1,0.3,-0.6,0
15.9567753999999,0,0,18.8,0,0,0.029,-0.014,-1.001,0.3,-0.6,0
15.9667753999999,0,0,18.8,0,0,0.029,-0.014,-1.001,0.3,-0.6,0
15.9767753999999,0,0,18.8,0,0,0.029,-0.014,-1.001,0.3,-0.6,0
15.9867753999999,0,0,18.8,0,0,0.029,-0.014,-1.001,0.3,-0.6,0
15.9967753999999,0,0,18.8,0,0,0.029,-0.014,-1.001,0.3,-0.6,0
16.0067753999999,0,0,18.9,0,0,0.028,-0.013,-1.002,0.3,-0.6,0
16.0167753999999,0,0,18.9,0,0,0.028,-0.013,-1.002,0.3,-0.6,0
16.0267753999999,0,0,18.9,0,0,0.028,-0.013,-1.002,0.3,-0.6,0
16.0367753999999,0,0,18.9,0,0,0.028,-0.013,-1.002,0.3,-0.6,0
16.0467753999999,0,0,18.9,0,0,0.028,-0.013,-1.002,0.3,-0.6,0
16.0567753999999,0,0,18.8,0,0,0.029,-0.013,-1.002,0.2,-0.6,0
16.0667753999999,0,0,18.8,0,0,0.029,-0.013,-1.002,0.2,-0.6,0
16.0767753999999,0,0,18.8,0,0,0.029,-0.013,-1.002,0.2,-0.6,0
16.0867753999999,0,0,18.8,0,0,0.029,-0.013,-1.002,0.2,-0.6,0
16.0967753999999,0,0,18.8,0,0,0.029,-0.013,-1.002,0.2,-0.6,0
16.1067753999999,0,0.01,18.8,0,0,0.029,-0.014,-1.002,0.3,-0.6,0
16.1167753999999,0,0.01,18.8,0,0,0.029,-0.014,-1.002,0.3,-0.6,0
16.1267753999999,0,0.01,18.8,0,0,0.029,-0.014,-1.002,0.3,-0.6,0
16.1367753999999,0,0.01,18.8,0,0,0.029,-0.014,-1.002,0.3,-0.6,0
16.1467753999999,0,0.01,18.8,0,0,0.029,-0.014,-1.002,0.3,-0.6,0
16.1567753999999,0,0,18.9,0,0,0.028,-0.015,-1,0.3,-0.6,0
16.1667753999999,0,0,18.9,0,0,0.028,-0.015,-1,0.3,-0.6,0
16.1767753999999,0,0,18.9,0,0,0.028,-0.015,-1,0.3,-0.6,0
16.1867753999999,0,0,18.9,0,0,0.028,-0.015,-1,0.3,-0.6,0
16.1967753999999,0,0,18.9,0,0,0.028,-0.015,-1,0.3,-0.6,0
16.2067753999999,0,0.01,18.8,0,0,0.029,-0.012,-1,0.3,-0.6,0
16.2167753999999,0,0.01,18.8,0,0,0.029,-0.012,-1,0.3,-0.6,0
16.2267753999999,0,0.01,18.8,0,0,0.029,-0.012,-1,0.3,-0.6,0
16.2367753999999,0,0.01,18.8,0,0,0.029,-0.012,-1,0.3,-0.6,0
16.2467753999999,0,0.01,18.8,0,0,0.029,-0.012,-1,0.3,-0.6,0
16.2567753999999,0,0,18.9,0,0,0.029,-0.013,-1.002,0.2,-0.6,0
16.2667753999999,0,0,18.9,0,0,0.029,-0.013,-1.002,0.2,-0.6,0
16.2767753999999,0,0,18.9,0,0,0.029,-0.013,-1.002,0.2,-0.6,0
16.2867753999999,0,0,18.9,0,0,0.029,-0.013,-1.002,0.2,-0.6,0
16.2967753999999,0,0,18.9,0,0,0.029,-0.013,-1.002,0.2,-0.6,0
16.3067753999999,0,0,18.9,0,0,0.028,-0.013,-1.001,0.3,-0.6,0
16.3167753999999,0,0,18.9,0,0,0.028,-0.013,-1.001,0.3,-0.6,0
16.3267753999999,0,0,18.9,0,0,0.028,-0.013,-1.001,0.3,-0.6,0
16.3367753999999,0,0,18.9,0,0,0.028,-0.013,-1.001,0.3,-0.6,0
16.3467753999999,0,0,18.9,0,0,0.028,-0.013,-1.001,0.3,-0.6,0
16.3567753999999,0,0,18.8,0,0,0.029,-0.013,-1.002,0.2,-0.5,0
16.3667753999999,0,0,18.8,0,0,0.029,-0.013,-1.002,0.2,-0.5,0
16.3767753999999,0,0,18.8,0,0,0.029,-0.013,-1.002,0.2,-0.5,0
16.3867753999999,0,0,18.8,0,0,0.029,-0.013,-1.002,0.2,-0.5,0
16.3967753999999,0,0,18.8,0,0,0.029,-0.013,-1.002,0.2,-0.5,0
16.4067753999999,0,0,18.9,0,0,0.028,-0.014,-1.002,0.3,-0.6,0
16.4167753999999,0,0,18.9,0,0,0.028,-0.014,-1.002,0.3,-0.6,0
16.4267753999999,0,0,18.9,0,0,0.028,-0.014,-1.002,0.3,-0.6,0
16.4367753999999,0,0,18.9,0,0,0.028,-0.014,-1.002,0.3,-0.6,0
16.4467753999999,0,0,18.9,0,0,0.028,-0.014,-1.002,0.3,-0.6,0
16.4567753999999,0,0,18.9,0,0,0.028,-0.014,-1.001,0.3,-0.6,0
16.4667753999999,0,0,18.9,0,0,0.028,-0.014,-1.001,0.3,-0.6,0
16.4767753999999,0,0,18.9,0,0,0.028,-0.014,-1.001,0.3,-0.6,0
16.4867753999999,0,0,18.9,0,0,0.028,-0.014,-1.001,0.3,-0.6,0
16.4967753999999,0,0,18.9,0,0,0.028,-0.014,-1.001,0.3,-0.6,0
16.5067753999999,0,0,18.8,0,0,0.03,-0.014,-1.002,0.3,-0.5,0
16.5167753999999,0,0,18.8,0,0,0.03,-0.014,-1.002,0.3,-0.5,0
16.5267753999999,0,0,18.8,0,0,0.03,-0.014,-1.002,0.3,-0.5,0
16.5367753999999,0,0,18.8,0,0,0.03,-0.014,-1.002,0.3,-0.5,0
16.5467753999999,0,0,18.8,0,0,0.03,-0.014,-1.002,0.3,-0.5,0
16.5567753999999,0,0,18.9,0,0,0.029,-0.013,-1.001,0.3,-0.6,0
16.5667753999999,0,0,18.9,0,0,0.029,-0.013,-1.001,0.3,-0.6,0
16.5767753999999,0,0,18.9,0,0,0.029,-0.013,-1.001,0.3,-0.6,0
16.5867753999999,0,0,18.9,0,0,0.029,-0.013,-1.001,0.3,-0.6,0
16.5967753999999,0,0,18.9,0,0,0.029,-0.013,-1.001,0.3,-0.6,0
16.6067753999999,0,0,18.8,0,0,0.028,-0.013,-1,0.3,-0.6,0
16.6167753999999,0,0,18.8,0,0,0.028,-0.013,-1,0.3,-0.6,0
16.6267753999999,0,0,18.8,0,0,0.028,-0.013,-1,0.3,-0.6,0
16.6367753999999,0,0,18.8,0,0,0.028,-0.013,-1,0.3,-0.6,0
16.6467753999999,0,0,18.8,0,0,0.028,-0.013,-1,0.3,-0.6,0
16.6567753999999,0,0,18.9,0,0,0.028,-0.012,-1.001,0.3,-0.6,0
16.6667753999999,0,0,18.9,0,0,0.028,-0.012,-1.001,0.3,-0.6,0
16.6767753999999,0,0,18.9,0,0,0.028,-0.012,-1.001,0.3,-0.6,0
16.6867753999999,0,0,18.9,0,0,0.028,-0.012,-1.001,0.3,-0.6,0
16.6967753999999,0,0,18.9,0,0,0.028,-0.012,-1.001,0.3,-0.6,0
16.7067753999999,0,0,18.8,0,0,0.029,-0.013,-1.001,0.3,-0.5,0
16.7167753999999,0,0,18.8,0,0,0.029,-0.013,-1.001,0.3,-0.5,0
16.7267753999999,0,0,18.8,0,0,0.029,-0.013,-1.001,0.3,-0.5,0
16.7367753999999,0,0,18.8,0,0,0.029,-0.013,-1.001,0.3,-0.5,0
16.7467753999999,0,0,18.8,0,0,0.029,-0.013,-1.001,0.3,-0.5,0
16.7567753999999,0,0,18.9,0,0,0.029,-0.013,-1.001,0.3,-0.5,0
16.7667753999999,0,0,18.9,0,0,0.029,-0.013,-1.001,0.3,-0.5,0
16.7767753999999,0,0,18.9,0,0,0.029,-0.013,-1.001,0.3,-0.5,0
16.7867753999999,0,0,18.9,0,0,0.029,-0.013,-1.001,0.3,-0.5,0
16.7967753999999,0,0,18.9,0,0,0.029,-0.013,-1.001,0.3,-0.5,0
16.8067753999999,0,0.01,18.9,0,0,0.028,-0.014,-1.001,0.3,-0.6,0
16.8167753999999,0,0.01,18.9,0,0,0.028,-0.014,-1.001,0.3,-0.6,0
16.8267753999999,0,0.01,18.9,0,0,0.028,-0.014,-1.001,0.3,-0.6,0
16.8367753999999,0,0.01,18.9,0,0,0.028,-0.014,-1.001,0.3,-0.6,0
16.8467753999999,0,0.01,18.9,0,0,0.028,-0.014,-1.001,0.3,-0.6,0
16.8567753999999,0,0,18.9,0,0,0.028,-0.013,-1.001,0.3,-0.5,0
16.8667753999999,0,0,18.9,0,0,0.028,-0.013,-1.001,0.3,-0.5,0
16.8767753999999,0,0,18.9,0,0,0.028,-0.013,-1.001,0.3,-0.5,0
16.8867753999999,0,0,18.9,0,0,0.028,-0.013,-1.001,0.3,-0.5,0
16.8967753999999,0,0,18.9,0,0,0.028,-0.013,-1.001,0.3,-0.5,0
16.9067753999999,0,0,18.9,0,0,0.028,-0.014,-1.001,0.3,-0.6,0
16.9167753999999,0,0,18.9,0,0,0.028,-0.014,-1.001,0.3,-0.6,0
16.9267753999999,0,0,18.9,0,0,0.028,-0.014,-1.001,0.3,-0.6,0
16.9367753999999,0,0,18.9,0,0,0.028,-0.014,-1.001,0.3,-0.6,0
16.9467753999999,0,0,18.9,0,0,0.028,-0.014,-1.001,0.3,-0.6,0
16.9567753999999,0,0,18.8,0,0,0.028,-0.014,-1.002,0.3,-0.6,0
16.9667753999999,0,0,18.8,0,0,0.028,-0.014,-1.002,0.3,-0.6,0
16.9767753999999,0,0,18.8,0,0,0.028,-0.014,-1.002,0.3,-0.6,0
16.9867753999999,0,0,18.8,0,0,0.028,-0.014,-1.002,0.3,-0.6,0
16.9967753999999,0,0,18.8,0,0,0.028,-0.014,-1.002,0.3,-0.6,0
17.0067753999999,0,0,18.8,0,0,0.03,-0.014,-1.001,0.2,-0.5,0
17.0167753999999,0,0,18.8,0,0,0.03,-0.014,-1.001,0.2,-0.5,0
17.0267753999999,0,0,18.8,0,0,0.03,-0.014,-1.001,0.2,-0.5,0
17.0367753999999,0,0,18.8,0,0,0.03,-0.014,-1.001,0.2,-0.5,0
17.0467753999999,0,0,18.8,0,0,0.03,-0.014,-1.001,0.2,-0.5,0
17.0567753999999,0,0,18.8,0,0,0.029,-0.013,-1.001,0.3,-0.6,0
17.0667753999999,0,0,18.8,0,0,0.029,-0.013,-1.001,0.3,-0.6,0
17.0767753999999,0,0,18.8,0,0,0.029,-0.013,-1.001,0.3,-0.6,0
17.0867753999999,0,0,18.8,0,0,0.029,-0.013,-1.001,0.3,-0.6,0
17.0967753999999,0,0,18.8,0,0,0.029,-0.013,-1.001,0.3,-0.6,0
17.1067753999999,0,0,18.8,0,0,0.027,-0.013,-1.002,0.3,-0.6,0
17.1167753999999,0,0,18.8,0,0,0.027,-0.013,-1.002,0.3,-0.6,0
17.1267753999999,0,0,18.8,0,0,0.027,-0.013,-1.002,0.3,-0.6,0
17.1367753999999,0,0,18.8,0,0,0.027,-0.013,-1.002,0.3,-0.6,0
17.1467753999999,0,0,18.8,0,0,0.027,-0.013,-1.002,0.3,-0.6,0
17.1567753999999,0,0,18.8,0,0,0.029,-0.014,-1.003,0.4,-0.6,0
17.1667753999999,0,0,18.8,0,0,0.029,-0.014,-1.003,0.4,-0.6,0
17.1767753999999,0,0,18.8,0,0,0.029,-0.014,-1.003,0.4,-0.6,0
17.1867753999999,0,0,18.8,0,0,0.029,-0.014,-1.003,0.4,-0.6,0
17.1967753999999,0,0,18.8,0,0,0.029,-0.014,-1.003,0.4,-0.6,0
17.2067753999999,0,0,18.8,0,0,0.028,-0.014,-1.001,0.3,-0.6,0
17.2167753999999,0,0,18.8,0,0,0.028,-0.014,-1.001,0.3,-0.6,0
17.2267753999999,0,0,18.8,0,0,0.028,-0.014,-1.001,0.3,-0.6,0
17.2367753999999,0,0,18.8,0,0,0.028,-0.014,-1.001,0.3,-0.6,0
17.2467753999999,0,0,18.8,0,0,0.028,-0.014,-1.001,0.3,-0.6,0
17.2567753999999,0,0,18.8,0,0,0.029,-0.012,-1.002,0.3,-0.6,0
17.2667753999999,0,0,18.8,0,0,0.029,-0.012,-1.002,0.3,-0.6,0
17.2767753999999,0,0,18.8,0,0,0.029,-0.012,-1.002,0.3,-0.6,0
17.2867753999999,0,0,18.8,0,0,0.029,-0.012,-1.002,0.3,-0.6,0
17.2967753999999,0,0,18.8,0,0,0.029,-0.012,-1.002,0.3,-0.6,0
17.3067753999999,0,0,18.9,0,0,0.029,-0.013,-1.001,0.3,-0.5,0
17.3167753999999,0,0,18.9,0,0,0.029,-0.013,-1.001,0.3,-0.5,0
17.3267753999999,0,0,18.9,0,0,0.029,-0.013,-1.001,0.3,-0.5,0
17.3367753999999,0,0,18.9,0,0,0.029,-0.013,-1.001,0.3,-0.5,0
17.3467753999999,0,0,18.9,0,0,0.029,-0.013,-1.001,0.3,-0.5,0
17.3567753999999,0,0,18.9,0,0,0.028,-0.013,-1.002,0.3,-0.6,0
17.3667753999999,0,0,18.9,0,0,0.028,-0.013,-1.002,0.3,-0.6,0
17.3767753999999,0,0,18.9,0,0,0.028,-0.013,-1.002,0.3,-0.6,0
17.3867753999999,0,0,18.9,0,0,0.028,-0.013,-1.002,0.3,-0.6,0
17.3967753999999,0,0,18.9,0,0,0.028,-0.013,-1.002,0.3,-0.6,0
17.4067753999999,0,0,18.9,0,0,0.028,-0.014,-1.002,0.2,-0.6,0
17.4167753999999,0,0,18.9,0,0,0.028,-0.014,-1.002,0.2,-0.6,0
17.4267753999999,0,0,18.9,0,0,0.028,-0.014,-1.002,0.2,-0.6,0
17.4367753999999,0,0,18.9,0,0,0.028,-0.014,-1.002,0.2,-0.6,0
17.4467753999999,0,0,18.9,0,0,0.028,-0.014,-1.002,0.2,-0.6,0
17.4567753999999,0,0,18.8,0,0,0.029,-0.013,-1.002,0.3,-0.6,0
17.4667753999999,0,0,18.8,0,0,0.029,-0.013,-1.002,0.3,-0.6,0
17.4767753999999,0,0,18.8,0,0,0.029,-0.013,-1.002,0.3,-0.6,0
17.4867753999999,0,0,18.8,0,0,0.029,-0.013,-1.002,0.3,-0.6,0
17.4967753999999,0,0,18.8,0,0,0.029,-0.013,-1.002,0.3,-0.6,0
17.5067753999999,0,0,18.9,0,0,0.028,-0.013,-1,0.2,-0.6,0
17.5167753999999,0,0,18.9,0,0,0.028,-0.013,-1,0.2,-0.6,0
17.5267753999999,0,0,18.9,0,0,0.028,-0.013,-1,0.2,-0.6,0
17.5367753999999,0,0,18.9,0,0,0.028,-0.013,-1,0.2,-0.6,0
17.5467753999999,0,0,18.9,0,0,0.028,-0.013,-1,0.2,-0.6,0
17.5567753999999,0,0,18.9,0,0,0.029,-0.013,-1.001,0.3,-0.6,0
17.5667753999999,0,0,18.9,0,0,0.029,-0.013,-1.001,0.3,-0.6,0
17.5767753999999,0,0,18.9,0,0,0.029,-0.013,-1.001,0.3,-0.6,0
17.5867753999999,0,0,18.9,0,0,0.029,-0.013,-1.001,0.3,-0.6,0
17.5967753999999,0,0,18.9,0,0,0.029,-0.013,-1.001,0.3,-0.6,0
17.6067753999999,0,0,18.8,0,0,0.029,-0.014,-1.001,0.3,-0.6,0
17.6167753999999,0,0,18.8,0,0,0.029,-0.014,-1.001,0.3,-0.6,0
17.6267753999999,0,0,18.8,0,0,0.029,-0.014,-1.001,0.3,-0.6,0
17.6367753999999,0,0,18.8,0,0,0.029,-0.014,-1.001,0.3,-0.6,0
17.6467753999999,0,0,18.8,0,0,0.029,-0.014,-1.001,0.3,-0.6,0
17.6567753999999,0,0.01,18.9,0,0,0.028,-0.014,-1.003,0.3,-0.6,0
17.6667753999999,0,0.01,18.9,0,0,0.028,-0.014,-1.003,0.3,-0.6,0
17.6767753999999,0,0.01,18.9,0,0,0.028,-0.014,-1.003,0.3,-0.6,0
17.6867753999999,0,0.01,18.9,0,0,0.028,-0.014,-1.003,0.3,-0.6,0
17.6967753999999,0,0.01,18.9,0,0,0.028,-0.014,-1.003,0.3,-0.6,0
17.7067753999999,0,0,18.9,0,0,0.029,-0.013,-1.002,0.3,-0.6,0
17.7167753999999,0,0,18.9,0,0,0.029,-0.013,-1.002,0.3,-0.6,0
17.7267753999999,0,0,18.9,0,0,0.029,-0.013,-1.002,0.3,-0.6,0
17.7367753999999,0,0,18.9,0,0,0.029,-0.013,-1.002,0.3,-0.6,0
17.7467753999999,0,0,18.9,0,0,0.029,-0.013,-1.002,0.3,-0.6,0
17.7567753999999,0,0.01,18.8,0,0,0.028,-0.013,-1.001,0.2,-0.6,0
17.7667753999999,0,0.01,18.8,0,0,0.028,-0.013,-1.001,0.2,-0.6,0
17.7767753999999,0,0.01,18.8,0,0,0.028,-0.013,-1.001,0.2,-0.6,0
17.7867753999999,0,0.01,18.8,0,0,0.028,-0.013,-1.001,0.2,-0.6,0
17.7967753999999,0,0.01,18.8,0,0,0.028,-0.013,-1.001,0.2,-0.6,0
17.8067753999999,0,0,18.8,0,0,0.029,-0.013,-1.001,0.3,-0.5,0
17.8167753999999,0,0,18.8,0,0,0.029,-0.013,-1.001,0.3,-0.5,0
17.8267753999999,0,0,18.8,0,0,0.029,-0.013,-1.001,0.3,-0.5,0
17.8367753999999,0,0,18.8,0,0,0.029,-0.013,-1.001,0.3,-0.5,0
17.8467753999999,0,0,18.8,0,0,0.029,-0.013,-1.001,0.3,-0.5,0
17.8567753999999,0,0,18.9,0,0,0.028,-0.013,-1.002,0.3,-0.5,0
17.8667753999999,0,0,18.9,0,0,0.028,-0.013,-1.002,0.3,-0.5,0
17.8767753999999,0,0,18.9,0,0,0.028,-0.013,-1.002,0.3,-0.5,0
17.8867753999999,0,0,18.9,0,0,0.028,-0.013,-1.002,0.3,-0.5,0
17.8967753999999,0,0,18.9,0,0,0.028,-0.013,-1.002,0.3,-0.5,0
17.9067753999999,0,0,18.8,0,0,0.029,-0.013,-1.002,0.3,-0.5,0
17.9167753999999,0,0,18.8,0,0,0.029,-0.013,-1.002,0.3,-0.5,0
17.9267753999999,0,0,18.8,0,0,0.029,-0.013,-1.002,0.3,-0.5,0
17.9367753999999,0,0,18.8,0,0,0.029,-0.013,-1.002,0.3,-0.5,0
17.9467753999999,0,0,18.8,0,0,0.029,-0.013,-1.002,0.3,-0.5,0
17.9567753999999,0,0,18.9,0,0,0.028,-0.013,-1.002,0.2,-0.6,0
17.9667753999999,0,0,18.9,0,0,0.028,-0.013,-1.002,0.2,-0.6,0
17.9767753999999,0,0,18.9,0,0,0.028,-0.013,-1.002,0.2,-0.6,0
17.9867753999999,0,0,18.9,0,0,0.028,-0.013,-1.002,0.2,-0.6,0
17.9967753999999,0,0,18.9,0,0,0.028,-0.013,-1.002,0.2,-0.6,0
18.0067753999999,0,0,18.9,0,0,0.029,-0.012,-1.001,0.3,-0.6,0
18.0167753999999,0,0,18.9,0,0,0.029,-0.012,-1.001,0.3,-0.6,0
18.0267753999999,0,0,18.9,0,0,0.029,-0.012,-1.001,0.3,-0.6,0
18.0367753999999,0,0,18.9,0,0,0.029,-0.012,-1.001,0.3,-0.6,0
18.0467753999999,0,0,18.9,0,0,0.029,-0.012,-1.001,0.3,-0.6,0
18.0567753999999,0,0,18.9,0,0,0.029,-0.014,-1.002,0.2,-0.6,0
18.0667753999999,0,0,18.9,0,0,0.029,-0.014,-1.002,0.2,-0.6,0
18.0767753999999,0,0,18.9,0,0,0.029,-0.014,-1.002,0.2,-0.6,0
18.0867753999999,0,0,18.9,0,0,0.029,-0.014,-1.002,0.2,-0.6,0
18.0967753999999,0,0,18.9,0,0,0.029,-0.014,-1.002,0.2,-0.6,0
18.1067753999999,0,0,18.8,0,0,0.029,-0.014,-1.002,0.3,-0.6,0
18.1167753999999,0,0,18.8,0,0,0.029,-0.014,-1.002,0.3,-0.6,0
18.1267753999999,0,0,18.8,0,0,0.029,-0.014,-1.002,0.3,-0.6,0
18.1367753999999,0,0,18.8,0,0,0.029,-0.014,-1.002,0.3,-0.6,0
18.1467753999999,0,0,18.8,0,0,0.029,-0.014,-1.002,0.3,-0.6,0
18.1567753999999,0,0,18.9,0,0,0.029,-0.014,-1.001,0.3,-0.6,0
18.1667753999999,0,0,18.9,0,0,0.029,-0.014,-1.001,0.3,-0.6,0
18.1767753999999,0,0,18.9,0,0,0.029,-0.014,-1.001,0.3,-0.6,0
18.1867753999999,0,0,18.9,0,0,0.029,-0.014,-1.001,0.3,-0.6,0
18.1967753999999,0,0,18.9,0,0,0.029,-0.014,-1.001,0.3,-0.6,0
18.2067753999999,0,0,18.8,0,0,0.029,-0.013,-1.002,0.3,-0.6,0
18.2167753999999,0,0,18.8,0,0,0.029,-0.013,-1.002,0.3,-0.6,0
18.2267753999999,0,0,18.8,0,0,0.029,-0.013,-1.002,0.3,-0.6,0
18.2367753999999,0,0,18.8,0,0,0.029,-0.013,-1.002,0.3,-0.6,0
18.2467753999999,0,0,18.8,0,0,0.029,-0.013,-1.002,0.3,-0.6,0
18.2567753999999,0,0.01,18.8,0,0,0.029,-0.012,-1.001,0.3,-0.6,0
18.2667753999999,0,0.01,18.8,0,0,0.029,-0.012,-1.001,0.3,-0.6,0
18.2767753999999,0,0.01,18.8,0,0,0.029,-0.012,-1.001,0.3,-0.6,0
18.2867753999999,0,0.01,18.8,0,0,0.029,-0.012,-1.001,0.3,-0.6,0
18.2967753999999,0,0.01,18.8,0,0,0.029,-0.012,-1.001,0.3,-0.6,0
18.3067753999999,0,0,18.8,0,0,0.028,-0.014,-1.002,0.3,-0.6,0
18.3167753999999,0,0,18.8,0,0,0.028,-0.014,-1.002,0.3,-0.6,0
18.3267753999999,0,0,18.8,0,0,0.028,-0.014,-1.002,0.3,-0.6,0
18.3367753999999,0,0,18.8,0,0,0.028,-0.014,-1.002,0.3,-0.6,0
18.3467753999999,0,0,18.8,0,0,0.028,-0.014,-1.002,0.3,-0.6,0
18.3567753999999,0,0,18.9,0,0,0.028,-0.014,-1.003,0.3,-0.6,0
18.3667753999999,0,0,18.9,0,0,0.028,-0.014,-1.003,0.3,-0.6,0
18.3767753999999,0,0,18.9,0,0,0.028,-0.014,-1.003,0.3,-0.6,0
18.3867753999999,0,0,18.9,0,0,0.028,-0.014,-1.003,0.3,-0.6,0
18.3967753999999,0,0,18.9,0,0,0.028,-0.014,-1.003,0.3,-0.6,0
18.4067753999999,0,0,18.8,0,0,0.029,-0.013,-1.001,0.3,-0.6,0
18.4167753999999,0,0,18.8,0,0,0.029,-0.013,-1.001,0.3,-0.6,0
18.4267753999999,0,0,18.8,0,0,0.029,-0.013,-1.001,0.3,-0.6,0
18.4367753999999,0,0,18.8,0,0,0.029,-0.013,-1.001,0.3,-0.6,0
18.4467753999999,0,0,18.8,0,0,0.029,-0.013,-1.001,0.3,-0.6,0
18.4567753999999,0,0,18.9,0,0,0.028,-0.014,-1,0.2,-0.6,0
18.4667753999999,0,0,18.9,0,0,0.028,-0.014,-1,0.2,-0.6,0
18.4767753999999,0,0,18.9,0,0,0.028,-0.014,-1,0.2,-0.6,0
18.4867753999999,0,0,18.9,0,0,0.028,-0.014,-1,0.2,-0.6,0
18.4967753999999,0,0,18.9,0,0,0.028,-0.014,-1,0.2,-0.6,0
18.5067753999999,0,0,18.9,0,0,0.03,-0.014,-1.002,0.3,-0.5,0
18.5167753999999,0,0,18.9,0,0,0.03,-0.014,-1.002,0.3,-0.5,0
18.5267753999999,0,0,18.9,0,0,0.03,-0.014,-1.002,0.3,-0.5,0
18.5367753999999,0,0,18.9,0,0,0.03,-0.014,-1.002,0.3,-0.5,0
18.5467753999999,0,0,18.9,0,0,0.03,-0.014,-1.002,0.3,-0.5,0
18.5567753999999,0,0,18.8,0,0,0.029,-0.013,-1.001,0.3,-0.6,0
18.5667753999999,0,0,18.8,0,0,0.029,-0.013,-1.001,0.3,-0.6,0
18.5767753999999,0,0,18.8,0,0,0.029,-0.013,-1.001,0.3,-0.6,0
18.5867753999999,0,0,18.8,0,0,0.029,-0.013,-1.001,0.3,-0.6,0
18.5967753999999,0,0,18.8,0,0,0.029,-0.013,-1.001,0.3,-0.6,0
18.6067753999999,0,0.01,18.8,0,0,0.028,-0.015,-1.002,0.3,-0.6,0
18.6167753999999,0,0.01,18.8,0,0,0.028,-0.015,-1.002,0.3,-0.6,0
18.6267753999999,0,0.01,18.8,0,0,0.028,-0.015,-1.002,0.3,-0.6,0
18.6367753999999,0,0.01,18.8,0,0,0.028,-0.015,-1.002,0.3,-0.6,0
18.6467753999999,0,0.01,18.8,0,0,0.028,-0.015,-1.002,0.3,-0.6,0
18.6567753999999,0,0,18.9,0,0,0.029,-0.013,-1,0.3,-0.6,0
18.6667753999999,0,0,18.9,0,0,0.029,-0.013,-1,0.3,-0.6,0
18.6767753999999,0,0,18.9,0,0,0.029,-0.013,-1,0.3,-0.6,0
18.6867753999999,0,0,18.9,0,0,0.029,-0.013,-1,0.3,-0.6,0
18.6967753999999,0,0,18.9,0,0,0.029,-0.013,-1,0.3,-0.6,0
18.7067753999999,0,0,18.8,0,0,0.03,-0.013,-1.002,0.3,-0.6,0
18.7167753999999,0,0,18.8,0,0,0.03,-0.013,-1.002,0.3,-0.6,0
18.7267753999999,0,0,18.8,0,0,0.03,-0.013,-1.002,0.3,-0.6,0
18.7367753999999,0,0,18.8,0,0,0.03,-0.013,-1.002,0.3,-0.6,0
18.7467753999999,0,0,18.8,0,0,0.03,-0.013,-1.002,0.3,-0.6,0
18.7567753999999,0,0,18.9,0,0,0.028,-0.014,-1.002,0.3,-0.6,0
18.7667753999999,0,0,18.9,0,0,0.028,-0.014,-1.002,0.3,-0.6,0
18.7767753999999,0,0,18.9,0,0,0.028,-0.014,-1.002,0.3,-0.6,0
18.7867753999999,0,0,18.9,0,0,0.028,-0.014,-1.002,0.3,-0.6,0
18.7967753999999,0,0,18.9,0,0,0.028,-0.014,-1.002,0.3,-0.6,0
18.8067753999999,0,0,18.8,0,0,0.028,-0.014,-1.001,0.3,-0.6,0
18.8167753999999,0,0,18.8,0,0,0.028,-0.014,-1.001,0.3,-0.6,0
18.8267753999999,0,0,18.8,0,0,0.028,-0.014,-1.001,0.3,-0.6,0
18.8367753999999,0,0,18.8,0,0,0.028,-0.014,-1.001,0.3,-0.6,0
18.8467753999999,0,0,18.8,0,0,0.028,-0.014,-1.001,0.3,-0.6,0
18.8567753999999,0,0,18.8,0,0,0.028,-0.013,-1.003,0.3,-0.5,0
18.8667753999999,0,0,18.8,0,0,0.028,-0.013,-1.003,0.3,-0.5,0
18.8767753999999,0,0,18.8,0,0,0.028,-0.013,-1.003,0.3,-0.5,0
18.8867753999999,0,0,18.8,0,0,0.028,-0.013,-1.003,0.3,-0.5,0
18.8967753999999,0,0,18.8,0,0,0.028,-0.013,-1.003,0.3,-0.5,0
18.9067753999999,0,0,18.9,0,0,0.028,-0.014,-1,0.3,-0.6,0
18.9167753999999,0,0,18.9,0,0,0.028,-0.014,-1,0.3,-0.6,0
18.9267753999999,0,0,18.9,0,0,0.028,-0.014,-1,0.3,-0.6,0
18.9367753999999,0,0,18.9,0,0,0.028,-0.014,-1,0.3,-0.6,0
18.9467753999999,0,0,18.9,0,0,0.028,-0.014,-1,0.3,-0.6,0
18.9567753999999,0,0,18.9,0,0,0.028,-0.014,-1.001,0.3,-0.6,0
18.9667753999999,0,0,18.9,0,0,0.028,-0.014,-1.001,0.3,-0.6,0
18.9767753999999,0,0,18.9,0,0,0.028,-0.014,-1.001,0.3,-0.6,0
18.9867753999999,0,0,18.9,0,0,0.028,-0.014,-1.001,0.3,-0.6,0
18.9967753999999,0,0,18.9,0,0,0.028,-0.014,-1.001,0.3,-0.6,0
19.0067753999999,0,0,18.9,0,0,0.029,-0.013,-1.003,0.2,-0.6,0
19.0167753999999,0,0,18.9,0,0,0.029,-0.013,-1.003,0.2,-0.6,0
19.0267753999999,0,0,18.9,0,0,0.029,-0.013,-1.003,0.2,-0.6,0
19.0367753999999,0,0,18.9,0,0,0.029,-0.013,-1.003,0.2,-0.6,0
19.0467753999999,0,0,18.9,0,0,0.029,-0.013,-1.003,0.2,-0.6,0
19.0567753999999,0,0,18.8,0,0,0.029,-0.012,-1.001,0.3,-0.6,0
19.0667753999999,0,0,18.8,0,0,0.029,-0.012,-1.001,0.3,-0.6,0
19.0767753999999,0,0,18.8,0,0,0.029,-0.012,-1.001,0.3,-0.6,0
19.0867753999999,0,0,18.8,0,0,0.029,-0.012,-1.001,0.3,-0.6,0
19.0967753999999,0,0,18.8,0,0,0.029,-0.012,-1.001,0.3,-0.6,0
19.1067753999999,0,0,18.9,0,0,0.029,-0.014,-1.003,0.3,-0.6,0
19.1167753999999,0,0,18.9,0,0,0.029,-0.014,-1.003,0.3,-0.6,0
19.1267753999999,0,0,18.9,0,0,0.029,-0.014,-1.003,0.3,-0.6,0
19.1367753999999,0,0,18.9,0,0,0.029,-0.014,-1.003,0.3,-0.6,0
19.1467753999999,0,0,18.9,0,0,0.029,-0.014,-1.003,0.3,-0.6,0
19.1567753999999,0,0,18.9,0,0,0.028,-0.013,-1.002,0.3,-0.5,0
19.1667753999999,0,0,18.9,0,0,0.028,-0.013,-1.002,0.3,-0.5,0
19.1767753999999,0,0,18.9,0,0,0.028,-0.013,-1.002,0.3,-0.5,0
19.1867753999999,0,0,18.9,0,0,0.028,-0.013,-1.002,0.3,-0.5,0
19.1967753999999,0,0,18.9,0,0,0.028,-0.013,-1.002,0.3,-0.5,0
19.2067753999999,0,0,18.8,0,0,0.027,-0.014,-1.002,0.3,-0.6,0
19.2167753999999,0,0,18.8,0,0,0.027,-0.014,-1.002,0.3,-0.6,0
19.2267753999999,0,0,18.8,0,0,0.027,-0.014,-1.002,0.3,-0.6,0
19.2367753999999,0,0,18.8,0,0,0.027,-0.014,-1.002,0.3,-0.6,0
19.2467753999999,0,0,18.8,0,0,0.027,-0.014,-1.002,0.3,-0.6,0
19.2567753999999,0,0,18.9,0,0,0.03,-0.013,-1.001,0.3,-0.6,0.1
19.2667753999999,0,0,18.9,0,0,0.03,-0.013,-1.001,0.3,-0.6,0.1
19.2767753999999,0,0,18.9,0,0,0.03,-0.013,-1.001,0.3,-0.6,0.1
19.2867753999999,0,0,18.9,0,0,0.03,-0.013,-1.001,0.3,-0.6,0.1
19.2967753999999,0,0,18.9,0,0,0.03,-0.013,-1.001,0.3,-0.6,0.1
19.3067753999999,0,0,18.8,0,0,0.028,-0.013,-1.002,0.3,-0.6,0
19.3167753999999,0,0,18.8,0,0,0.028,-0.013,-1.002,0.3,-0.6,0
19.3267753999999,0,0,18.8,0,0,0.028,-0.013,-1.002,0.3,-0.6,0
19.3367753999999,0,0,18.8,0,0,0.028,-0.013,-1.002,0.3,-0.6,0
19.3467753999999,0,0,18.8,0,0,0.028,-0.013,-1.002,0.3,-0.6,0
19.3567753999999,0,0,18.9,0,0,0.029,-0.015,-1.001,0.3,-0.5,0
19.3667753999999,0,0,18.9,0,0,0.029,-0.015,-1.001,0.3,-0.5,0
19.3767753999999,0,0,18.9,0,0,0.029,-0.015,-1.001,0.3,-0.5,0
19.3867753999999,0,0,18.9,0,0,0.029,-0.015,-1.001,0.3,-0.5,0
19.3967753999999,0,0,18.9,0,0,0.029,-0.015,-1.001,0.3,-0.5,0
19.4067753999999,0,0,18.9,0,0,0.028,-0.013,-1.001,0.2,-0.5,0.1
19.4167753999999,0,0,18.9,0,0,0.028,-0.013,-1.001,0.2,-0.5,0.1
19.4267753999999,0,0,18.9,0,0,0.028,-0.013,-1.001,0.2,-0.5,0.1
19.4367753999999,0,0,18.9,0,0,0.028,-0.013,-1.001,0.2,-0.5,0.1
19.4467753999999,0,0,18.9,0,0,0.028,-0.013,-1.001,0.2,-0.5,0.1
19.4567753999999,0,0,18.9,0,0,0.029,-0.014,-1,0.3,-0.6,0
19.4667753999999,0,0,18.9,0,0,0.029,-0.014,-1,0.3,-0.6,0
19.4767753999999,0,0,18.9,0,0,0.029,-0.014,-1,0.3,-0.6,0
19.4867753999999,0,0,18.9,0,0,0.029,-0.014,-1,0.3,-0.6,0
19.4967753999999,0,0,18.9,0,0,0.029,-0.014,-1,0.3,-0.6,0
19.5067753999999,0,0,18.8,0,0,0.028,-0.014,-1.002,0.3,-0.6,0
19.5167754,0,0,18.8,0,0,0.028,-0.014,-1.002,0.3,-0.6,0
19.5267753999999,0,0,18.8,0,0,0.028,-0.014,-1.002,0.3,-0.6,0
19.5367754,0,0,18.8,0,0,0.028,-0.014,-1.002,0.3,-0.6,0
19.5467753999999,0,0,18.8,0,0,0.028,-0.014,-1.002,0.3,-0.6,0
19.5567753999999,0,0,18.8,0,0,0.029,-0.013,-1.001,0.3,-0.6,0
19.5667754,0,0,18.8,0,0,0.029,-0.013,-1.001,0.3,-0.6,0
19.5767753999999,0,0,18.8,0,0,0.029,-0.013,-1.001,0.3,-0.6,0
19.5867754,0,0,18.8,0,0,0.029,-0.013,-1.001,0.3,-0.6,0
19.5967753999999,0,0,18.8,0,0,0.029,-0.013,-1.001,0.3,-0.6,0
19.6067754,0,0,18.8,0,0,0.029,-0.013,-1.001,0.3,-0.6,0
19.6167754,0,0,18.8,0,0,0.029,-0.013,-1.001,0.3,-0.6,0
19.6267753999999,0,0,18.8,0,0,0.029,-0.013,-1.001,0.3,-0.6,0
19.6367754,0,0,18.8,0,0,0.029,-0.013,-1.001,0.3,-0.6,0
19.6467753999999,0,0,18.8,0,0,0.029,-0.013,-1.001,0.3,-0.6,0
19.6567754,0,0,18.9,0,0,0.029,-0.014,-1.002,0.3,-0.6,0
19.6667754,0,0,18.9,0,0,0.029,-0.014,-1.002,0.3,-0.6,0
19.6767754,0,0,18.9,0,0,0.029,-0.014,-1.002,0.3,-0.6,0
19.6867754,0,0,18.9,0,0,0.029,-0.014,-1.002,0.3,-0.6,0
19.6967754,0,0,18.9,0,0,0.029,-0.014,-1.002,0.3,-0.6,0
19.7067754,0,0,18.9,0,0,0.029,-0.012,-1.002,0.3,-0.4,0
19.7167754,0,0,18.9,0,0,0.029,-0.012,-1.002,0.3,-0.4,0
19.7267754,0,0,18.9,0,0,0.029,-0.012,-1.002,0.3,-0.4,0
19.7367754,0,0,18.9,0,0,0.029,-0.012,-1.002,0.3,-0.4,0
19.7467754,0,0,18.9,0,0,0.029,-0.012,-1.002,0.3,-0.4,0
19.7567754,0,0,18.9,0,0,0.029,-0.014,-1.003,0.2,-0.6,0
19.7667754,0,0,18.9,0,0,0.029,-0.014,-1.003,0.2,-0.6,0
19.7767754,0,0,18.9,0,0,0.029,-0.014,-1.003,0.2,-0.6,0
19.7867754,0,0,18.9,0,0,0.029,-0.014,-1.003,0.2,-0.6,0
19.7967754,0,0,18.9,0,0,0.029,-0.014,-1.003,0.2,-0.6,0
19.8067754,0,0,18.9,0,0,0.029,-0.013,-1.002,0.3,-0.5,0
19.8167754,0,0,18.9,0,0,0.029,-0.013,-1.002,0.3,-0.5,0
19.8267754,0,0,18.9,0,0,0.029,-0.013,-1.002,0.3,-0.5,0
19.8367754,0,0,18.9,0,0,0.029,-0.013,-1.002,0.3,-0.5,0
19.8467754,0,0,18.9,0,0,0.029,-0.013,-1.002,0.3,-0.5,0
19.8567754,0,0,18.8,0,0,0.029,-0.013,-1.002,0.2,-0.6,0
19.8667754,0,0,18.8,0,0,0.029,-0.013,-1.002,0.2,-0.6,0
19.8767754,0,0,18.8,0,0,0.029,-0.013,-1.002,0.2,-0.6,0
19.8867754,0,0,18.8,0,0,0.029,-0.013,-1.002,0.2,-0.6,0
19.8967754,0,0,18.8,0,0,0.029,-0.013,-1.002,0.2,-0.6,0
19.9067754,0,0,18.9,0,0,0.028,-0.013,-1.001,0.3,-0.6,0
19.9167754,0,0,18.9,0,0,0.028,-0.013,-1.001,0.3,-0.6,0
19.9267754,0,0,18.9,0,0,0.028,-0.013,-1.001,0.3,-0.6,0
19.9367754,0,0,18.9,0,0,0.028,-0.013,-1.001,0.3,-0.6,0
19.9467754,0,0,18.9,0,0,0.028,-0.013,-1.001,0.3,-0.6,0
19.9567754,0,0,18.9,0,0,0.029,-0.014,-1,0.4,-0.6,0
19.9667754,0,0,18.9,0,0,0.029,-0.014,-1,0.4,-0.6,0
19.9767754,0,0,18.9,0,0,0.029,-0.014,-1,0.4,-0.6,0
19.9867754,0,0,18.9,0,0,0.029,-0.014,-1,0.4,-0.6,0
19.9967754,0,0,18.9,0,0,0.029,-0.014,-1,0.4,-0.6,0
20.0067754,0,0,18.9,0,0,0.03,-0.013,-1.001,0.2,-0.6,0
20.0167754,0,0,18.9,0,0,0.03,-0.013,-1.001,0.2,-0.6,0
20.0267754,0,0,18.9,0,0,0.03,-0.013,-1.001,0.2,-0.6,0
20.0367754,0,0,18.9,0,0,0.03,-0.013,-1.001,0.2,-0.6,0
20.0467754,0,0,18.9,0,0,0.03,-0.013,-1.001,0.2,-0.6,0
20.0567754,0,0,18.9,0,0,0.028,-0.013,-1.001,0.3,-0.6,0
20.0667754,0,0,18.9,0,0,0.028,-0.013,-1.001,0.3,-0.6,0
20.0767754,0,0,18.9,0,0,0.028,-0.013,-1.001,0.3,-0.6,0
20.0867754,0,0,18.9,0,0,0.028,-0.013,-1.001,0.3,-0.6,0
20.0967754,0,0,18.9,0,0,0.028,-0.013,-1.001,0.3,-0.6,0
20.1067754,0,0,18.9,0,0,0.029,-0.013,-1.001,0.3,-0.6,0
20.1167754,0,0,18.9,0,0,0.029,-0.013,-1.001,0.3,-0.6,0
20.1267754,0,0,18.9,0,0,0.029,-0.013,-1.001,0.3,-0.6,0
20.1367754,0,0,18.9,0,0,0.029,-0.013,-1.001,0.3,-0.6,0
20.1467754,0,0,18.9,0,0,0.029,-0.013,-1.001,0.3,-0.6,0
20.1567754,0,0,18.8,0,0,0.029,-0.014,-1.002,0.3,-0.6,0
20.1667754,0,0,18.8,0,0,0.029,-0.014,-1.002,0.3,-0.6,0
20.1767754,0,0,18.8,0,0,0.029,-0.014,-1.002,0.3,-0.6,0
20.1867754,0,0,18.8,0,0,0.029,-0.014,-1.002,0.3,-0.6,0
20.1967754,0,0,18.8,0,0,0.029,-0.014,-1.002,0.3,-0.6,0
20.2067754,0,0,18.9,0,0,0.028,-0.013,-1.002,0.2,-0.6,0
20.2167754,0,0,18.9,0,0,0.028,-0.013,-1.002,0.2,-0.6,0
20.2267754,0,0,18.9,0,0,0.028,-0.013,-1.002,0.2,-0.6,0
20.2367754,0,0,18.9,0,0,0.028,-0.013,-1.002,0.2,-0.6,0
20.2467754,0,0,18.9,0,0,0.028,-0.013,-1.002,0.2,-0.6,0
20.2567754,0,0,18.9,0,0,0.029,-0.013,-1.002,0.3,-0.6,0
20.2667754,0,0,18.9,0,0,0.029,-0.013,-1.002,0.3,-0.6,0
20.2767754,0,0,18.9,0,0,0.029,-0.013,-1.002,0.3,-0.6,0
20.2867754,0,0,18.9,0,0,0.029,-0.013,-1.002,0.3,-0.6,0
20.2967754,0,0,18.9,0,0,0.029,-0.013,-1.002,0.3,-0.6,0
20.3067754,0,0,18.8,0,0,0.029,-0.014,-1.002,0.3,-0.6,0
20.3167754,0,0,18.8,0,0,0.029,-0.014,-1.002,0.3,-0.6,0
20.3267754,0,0,18.8,0,0,0.029,-0.014,-1.002,0.3,-0.6,0
20.3367754,0,0,18.8,0,0,0.029,-0.014,-1.002,0.3,-0.6,0
20.3467754,0,0,18.8,0,0,0.029,-0.014,-1.002,0.3,-0.6,0
20.3567754,0,0,18.8,0,0,0.029,-0.013,-1.002,0.3,-0.6,0
20.3667754,0,0,18.8,0,0,0.029,-0.013,-1.002,0.3,-0.6,0
20.3767754,0,0,18.8,0,0,0.029,-0.013,-1.002,0.3,-0.6,0
20.3867754,0,0,18.8,0,0,0.029,-0.013,-1.002,0.3,-0.6,0
20.3967754,0,0,18.8,0,0,0.029,-0.013,-1.002,0.3,-0.6,0
20.4067754,0,0,18.9,0,0,0.028,-0.014,-1.003,0.3,-0.6,0
20.4167754,0,0,18.9,0,0,0.028,-0.014,-1.003,0.3,-0.6,0
20.4267754,0,0,18.9,0,0,0.028,-0.014,-1.003,0.3,-0.6,0
20.4367754,0,0,18.9,0,0,0.028,-0.014,-1.003,0.3,-0.6,0
20.4467754,0,0,18.9,0,0,0.028,-0.014,-1.003,0.3,-0.6,0
20.4567754,0,0,18.8,0,0,0.029,-0.013,-1,0.3,-0.6,0
20.4667754,0,0,18.8,0,0,0.029,-0.013,-1,0.3,-0.6,0
20.4767754,0,0,18.8,0,0,0.029,-0.013,-1,0.3,-0.6,0
20.4867754,0,0,18.8,0,0,0.029,-0.013,-1,0.3,-0.6,0
20.4967754,0,0,18.8,0,0,0.029,-0.013,-1,0.3,-0.6,0
20.5067754,0,0,18.9,0,0,0.028,-0.014,-1.003,0.3,-0.6,0
20.5167754,0,0,18.9,0,0,0.028,-0.014,-1.003,0.3,-0.6,0
20.5267754,0,0,18.9,0,0,0.028,-0.014,-1.003,0.3,-0.6,0
20.5367754,0,0,18.9,0,0,0.028,-0.014,-1.003,0.3,-0.6,0
20.5467754,0,0,18.9,0,0,0.028,-0.014,-1.003,0.3,-0.6,0
20.5567754,0,0,18.9,0,0,0.028,-0.013,-1.002,0.3,-0.5,0
20.5667754,0,0,18.9,0,0,0.028,-0.013,-1.002,0.3,-0.5,0
20.5767754,0,0,18.9,0,0,0.028,-0.013,-1.002,0.3,-0.5,0
20.5867754,0,0,18.9,0,0,0.028,-0.013,-1.002,0.3,-0.5,0
20.5967754,0,0,18.9,0,0,0.028,-0.013,-1.002,0.3,-0.5,0
20.6067754,0,0,18.9,0,0,0.029,-0.013,-1.002,0.3,-0.6,0
20.6167754,0,0,18.9,0,0,0.029,-0.013,-1.002,0.3,-0.6,0
20.6267754,0,0,18.9,0,0,0.029,-0.013,-1.002,0.3,-0.6,0
20.6367754,0,0,18.9,0,0,0.029,-0.013,-1.002,0.3,-0.6,0
20.6467754,0,0,18.9,0,0,0.029,-0.013,-1.002,0.3,-0.6,0
20.6567754,0,0,18.8,0,0,0.029,-0.013,-1.002,0.3,-0.6,0
20.6667754,0,0,18.8,0,0,0.029,-0.013,-1.002,0.3,-0.6,0
20.6767754,0,0,18.8,0,0,0.029,-0.013,-1.002,0.3,-0.6,0
20.6867754,0,0,18.8,0,0,0.029,-0.013,-1.002,0.3,-0.6,0
20.6967754,0,0,18.8,0,0,0.029,-0.013,-1.002,0.3,-0.6,0
20.7067754,0,0,18.9,0,0,0.027,-0.014,-1.002,0.3,-0.6,0
20.7167754,0,0,18.9,0,0,0.027,-0.014,-1.002,0.3,-0.6,0
20.7267754,0,0,18.9,0,0,0.027,-0.014,-1.002,0.3,-0.6,0
20.7367754,0,0,18.9,0,0,0.027,-0.014,-1.002,0.3,-0.6,0
20.7467754,0,0,18.9,0,0,0.027,-0.014,-1.002,0.3,-0.6,0
20.7567754,0,0,18.8,0,0,0.029,-0.014,-1.001,0.3,-0.5,0
20.7667754,0,0,18.8,0,0,0.029,-0.014,-1.001,0.3,-0.5,0
20.7767754,0,0,18.8,0,0,0.029,-0.014,-1.001,0.3,-0.5,0
20.7867754,0,0,18.8,0,0,0.029,-0.014,-1.001,0.3,-0.5,0
20.7967754,0,0,18.8,0,0,0.029,-0.014,-1.001,0.3,-0.5,0
20.8067754,0,0,18.9,0,0,0.028,-0.014,-1.002,0.3,-0.6,0
20.8167754,0,0,18.9,0,0,0.028,-0.014,-1.002,0.3,-0.6,0
20.8267754,0,0,18.9,0,0,0.028,-0.014,-1.002,0.3,-0.6,0
20.8367754,0,0,18.9,0,0,0.028,-0.014,-1.002,0.3,-0.6,0
20.8467754,0,0,18.9,0,0,0.028,-0.014,-1.002,0.3,-0.6,0
20.8567754,0,0,18.9,0,0,0.028,-0.014,-1.001,0.3,-0.6,0
20.8667754,0,0,18.9,0,0,0.028,-0.014,-1.001,0.3,-0.6,0
20.8767754,0,0,18.9,0,0,0.028,-0.014,-1.001,0.3,-0.6,0
20.8867754,0,0,18.9,0,0,0.028,-0.014,-1.001,0.3,-0.6,0
20.8967754,0,0,18.9,0,0,0.028,-0.014,-1.001,0.3,-0.6,0
20.9067754,0,0,18.9,0,0,0.028,-0.013,-1.002,0.3,-0.5,0
20.9167754,0,0,18.9,0,0,0.028,-0.013,-1.002,0.3,-0.5,0
20.9267754,0,0,18.9,0,0,0.028,-0.013,-1.002,0.3,-0.5,0
20.9367754,0,0,18.9,0,0,0.028,-0.013,-1.002,0.3,-0.5,0
20.9467754,0,0,18.9,0,0,0.028,-0.013,-1.002,0.3,-0.5,0
20.9567754,0,0,18.8,0,0,0.029,-0.014,-1.001,0.3,-0.6,0
20.9667754,0,0,18.8,0,0,0.029,-0.014,-1.001,0.3,-0.6,0
20.9767754,0,0,18.8,0,0,0.029,-0.014,-1.001,0.3,-0.6,0
20.9867754,0,0,18.8,0,0,0.029,-0.014,-1.001,0.3,-0.6,0
20.9967754,0,0,18.8,0,0,0.029,-0.014,-1.001,0.3,-0.6,0
21.0067754,0,0,18.9,0,0,0.028,-0.012,-1.001,0.3,-0.7,0
21.0167754,0,0,18.9,0,0,0.028,-0.012,-1.001,0.3,-0.7,0
21.0267754,0,0,18.9,0,0,0.028,-0.012,-1.001,0.3,-0.7,0
21.0367754,0,0,18.9,0,0,0.028,-0.012,-1.001,0.3,-0.7,0
21.0467754,0,0,18.9,0,0,0.028,-0.012,-1.001,0.3,-0.7,0
21.0567754,0,0,18.9,0,0,0.029,-0.013,-1.001,0.3,-0.6,0
21.0667754,0,0,18.9,0,0,0.029,-0.013,-1.001,0.3,-0.6,0
21.0767754,0,0,18.9,0,0,0.029,-0.013,-1.001,0.3,-0.6,0
21.0867754,0,0,18.9,0,0,0.029,-0.013,-1.001,0.3,-0.6,0
21.0967754,0,0,18.9,0,0,0.029,-0.013,-1.001,0.3,-0.6,0
21.1067754,0,0,18.9,0,0,0.029,-0.014,-1.002,0.3,-0.5,0
21.1167754,0,0,18.9,0,0,0.029,-0.014,-1.002,0.3,-0.5,0
21.1267754,0,0,18.9,0,0,0.029,-0.014,-1.002,0.3,-0.5,0
21.1367754,0,0,18.9,0,0,0.029,-0.014,-1.002,0.3,-0.5,0
21.1467754,0,0,18.9,0,0,0.029,-0.014,-1.002,0.3,-0.5,0
21.1567754,0,0,18.8,0,0,0.027,-0.012,-1.002,0.3,-0.5,0
21.1667754,0,0,18.8,0,0,0.027,-0.012,-1.002,0.3,-0.5,0
21.1767754,0,0,18.8,0,0,0.027,-0.012,-1.002,0.3,-0.5,0
21.1867754,0,0,18.8,0,0,0.027,-0.012,-1.002,0.3,-0.5,0
21.1967754,0,0,18.8,0,0,0.027,-0.012,-1.002,0.3,-0.5,0
21.2067754,0,0,18.9,0,0,0.028,-0.013,-1.002,0.3,-0.6,0
21.2167754,0,0,18.9,0,0,0.028,-0.013,-1.002,0.3,-0.6,0
21.2267754,0,0,18.9,0,0,0.028,-0.013,-1.002,0.3,-0.6,0
21.2367754,0,0,18.9,0,0,0.028,-0.013,-1.002,0.3,-0.6,0
21.2467754,0,0,18.9,0,0,0.028,-0.013,-1.002,0.3,-0.6,0
21.2567754,0,0,18.9,0,0,0.028,-0.015,-1.002,0.3,-0.6,0
21.2667754,0,0,18.9,0,0,0.028,-0.015,-1.002,0.3,-0.6,0
21.2767754,0,0,18.9,0,0,0.028,-0.015,-1.002,0.3,-0.6,0
21.2867754,0,0,18.9,0,0,0.028,-0.015,-1.002,0.3,-0.6,0
21.2967754,0,0,18.9,0,0,0.028,-0.015,-1.002,0.3,-0.6,0
21.3067754,0,0,18.9,0,0,0.026,-0.013,-1.003,0.2,-0.6,0.1
21.3167754,0,0,18.9,0,0,0.026,-0.013,-1.003,0.2,-0.6,0.1
21.3267754,0,0,18.9,0,0,0.026,-0.013,-1.003,0.2,-0.6,0.1
21.3367754,0,0,18.9,0,0,0.026,-0.013,-1.003,0.2,-0.6,0.1
21.3467754,0,0,18.9,0,0,0.026,-0.013,-1.003,0.2,-0.6,0.1
21.3567754,0,0,18.9,0,0,0.031,-0.012,-1,0.3,-0.6,0
21.3667754,0,0,18.9,0,0,0.031,-0.012,-1,0.3,-0.6,0
21.3767754,0,0,18.9,0,0,0.031,-0.012,-1,0.3,-0.6,0
21.3867754,0,0,18.9,0,0,0.031,-0.012,-1,0.3,-0.6,0
21.3967754,0,0,18.9,0,0,0.031,-0.012,-1,0.3,-0.6,0
21.4067754,0,0,18.9,0,0,0.026,-0.017,-1.004,0.3,-0.5,0
21.4167754,0,0,18.9,0,0,0.026,-0.017,-1.004,0.3,-0.5,0
21.4267754,0,0,18.9,0,0,0.026,-0.017,-1.004,0.3,-0.5,0
21.4367754,0,0,18.9,0,0,0.026,-0.017,-1.004,0.3,-0.5,0
21.4467754,0,0,18.9,0,0,0.026,-0.017,-1.004,0.3,-0.5,0
21.4567754,0,0,18.9,0,0,0.03,-0.011,-1.003,0.3,-0.6,0
21.4667754,0,0,18.9,0,0,0.03,-0.011,-1.003,0.3,-0.6,0
21.4767754,0,0,18.9,0,0,0.03,-0.011,-1.003,0.3,-0.6,0
21.4867754,0,0,18.9,0,0,0.03,-0.011,-1.003,0.3,-0.6,0
21.4967754,0,0,18.9,0,0,0.03,-0.011,-1.003,0.3,-0.6,0
21.5067754,0,0,18.9,0,0,0.028,-0.015,-1.002,0.3,-0.6,0
21.5167754,0,0,18.9,0,0,0.028,-0.015,-1.002,0.3,-0.6,0
21.5267754,0,0,18.9,0,0,0.028,-0.015,-1.002,0.3,-0.6,0
21.5367754,0,0,18.9,0,0,0.028,-0.015,-1.002,0.3,-0.6,0
21.5467754,0,0,18.9,0,0,0.028,-0.015,-1.002,0.3,-0.6,0
21.5567754,0,0,18.9,0,0,0.027,-0.013,-1.002,0.1,-0.6,0
21.5667754,0,0,18.9,0,0,0.027,-0.013,-1.002,0.1,-0.6,0
21.5767754,0,0,18.9,0,0,0.027,-0.013,-1.002,0.1,-0.6,0
21.5867754,0,0,18.9,0,0,0.027,-0.013,-1.002,0.1,-0.6,0
21.5967754,0,0,18.9,0,0,0.027,-0.013,-1.002,0.1,-0.6,0
21.6067754,0,0,18.9,0,0,0.028,-0.012,-1.001,0.3,-0.6,0.1
21.6167754,0,0,18.9,0,0,0.028,-0.012,-1.001,0.3,-0.6,0.1
21.6267754,0,0,18.9,0,0,0.028,-0.012,-1.001,0.3,-0.6,0.1
21.6367754,0,0,18.9,0,0,0.028,-0.012,-1.001,0.3,-0.6,0.1
21.6467754,0,0,18.9,0,0,0.028,-0.012,-1.001,0.3,-0.6,0.1
21.6567754,0,0,18.9,0,0,0.028,-0.015,-1,0.3,-0.6,0.1
21.6667754,0,0,18.9,0,0,0.028,-0.015,-1,0.3,-0.6,0.1
21.6767754,0,0,18.9,0,0,0.028,-0.015,-1,0.3,-0.6,0.1
21.6867754,0,0,18.9,0,0,0.028,-0.015,-1,0.3,-0.6,0.1
21.6967754,0,0,18.9,0,0,0.028,-0.015,-1,0.3,-0.6,0.1
21.7067754,0,0,18.9,0,0,0.029,-0.011,-1.001,0.3,-0.5,0
21.7167754,0,0,18.9,0,0,0.029,-0.011,-1.001,0.3,-0.5,0
21.7267754,0,0,18.9,0,0,0.029,-0.011,-1.001,0.3,-0.5,0
21.7367754,0,0,18.9,0,0,0.029,-0.011,-1.001,0.3,-0.5,0
21.7467754,0,0,18.9,0,0,0.029,-0.011,-1.001,0.3,-0.5,0
21.7567754,0,0,18.8,0,0,0.029,-0.013,-1.001,0.3,-0.6,0
21.7667754,0,0,18.8,0,0,0.029,-0.013,-1.001,0.3,-0.6,0
21.7767754,0,0,18.8,0,0,0.029,-0.013,-1.001,0.3,-0.6,0
21.7867754,0,0,18.8,0,0,0.029,-0.013,-1.001,0.3,-0.6,0
21.7967754,0,0,18.8,0,0,0.029,-0.013,-1.001,0.3,-0.6,0
21.8067754,0,0,18.9,0,0,0.027,-0.012,-1.002,0.3,-0.6,0
21.8167754,0,0,18.9,0,0,0.027,-0.012,-1.002,0.3,-0.6,0
21.8267754,0,0,18.9,0,0,0.027,-0.012,-1.002,0.3,-0.6,0
21.8367754,0,0,18.9,0,0,0.027,-0.012,-1.002,0.3,-0.6,0
21.8467754,0,0,18.9,0,0,0.027,-0.012,-1.002,0.3,-0.6,0
21.8567754,0,0.01,18.8,0,0,0.03,-0.015,-1.001,0.3,-0.5,0
21.8667754,0,0.01,18.8,0,0,0.03,-0.015,-1.001,0.3,-0.5,0
21.8767754,0,0.01,18.8,0,0,0.03,-0.015,-1.001,0.3,-0.5,0
21.8867754,0,0.01,18.8,0,0,0.03,-0.015,-1.001,0.3,-0.5,0
21.8967754,0,0.01,18.8,0,0,0.03,-0.015,-1.001,0.3,-0.5,0
21.9067754,0,0,18.9,0,0,0.028,-0.013,-1,0.3,-0.6,0
21.9167754,0,0,18.9,0,0,0.028,-0.013,-1,0.3,-0.6,0
21.9267754,0,0,18.9,0,0,0.028,-0.013,-1,0.3,-0.6,0
21.9367754,0,0,18.9,0,0,0.028,-0.013,-1,0.3,-0.6,0
21.9467754,0,0,18.9,0,0,0.028,-0.013,-1,0.3,-0.6,0
21.9567754,0,0,18.9,0,0,0.029,-0.013,-1.001,0.3,-0.6,0
21.9667754,0,0,18.9,0,0,0.029,-0.013,-1.001,0.3,-0.6,0
21.9767754,0,0,18.9,0,0,0.029,-0.013,-1.001,0.3,-0.6,0
21.9867754,0,0,18.9,0,0,0.029,-0.013,-1.001,0.3,-0.6,0
21.9967754,0,0,18.9,0,0,0.029,-0.013,-1.001,0.3,-0.6,0
22.0067754,0,0,18.8,0,0,0.028,-0.014,-1.001,0.3,-0.6,0
22.0167754,0,0,18.8,0,0,0.028,-0.014,-1.001,0.3,-0.6,0
22.0267754,0,0,18.8,0,0,0.028,-0.014,-1.001,0.3,-0.6,0
22.0367754,0,0,18.8,0,0,0.028,-0.014,-1.001,0.3,-0.6,0
22.0467754,0,0,18.8,0,0,0.028,-0.014,-1.001,0.3,-0.6,0
22.0567754,0,0,18.9,0,0,0.028,-0.013,-1.002,0.3,-0.5,0
22.0667754,0,0,18.9,0,0,0.028,-0.013,-1.002,0.3,-0.5,0
22.0767754,0,0,18.9,0,0,0.028,-0.013,-1.002,0.3,-0.5,0
22.0867754,0,0,18.9,0,0,0.028,-0.013,-1.002,0.3,-0.5,0
22.0967754,0,0,18.9,0,0,0.028,-0.013,-1.002,0.3,-0.5,0
22.1067754,0,0,18.8,0,0,0.028,-0.014,-1.002,0.3,-0.5,0
22.1167754,0,0,18.8,0,0,0.028,-0.014,-1.002,0.3,-0.5,0
22.1267754,0,0,18.8,0,0,0.028,-0.014,-1.002,0.3,-0.5,0
22.1367754,0,0,18.8,0,0,0.028,-0.014,-1.002,0.3,-0.5,0
22.1467754,0,0,18.8,0,0,0.028,-0.014,-1.002,0.3,-0.5,0
22.1567754,0,0,18.9,0,0,0.028,-0.013,-1.002,0.3,-0.6,0
22.1667754,0,0,18.9,0,0,0.028,-0.013,-1.002,0.3,-0.6,0
22.1767754,0,0,18.9,0,0,0.028,-0.013,-1.002,0.3,-0.6,0
22.1867754,0,0,18.9,0,0,0.028,-0.013,-1.002,0.3,-0.6,0
22.1967754,0,0,18.9,0,0,0.028,-0.013,-1.002,0.3,-0.6,0
22.2067754,0,0,18.9,0,0,0.029,-0.013,-1,0.3,-0.6,0
22.2167754,0,0,18.9,0,0,0.029,-0.013,-1,0.3,-0.6,0
22.2267754,0,0,18.9,0,0,0.029,-0.013,-1,0.3,-0.6,0
22.2367754,0,0,18.9,0,0,0.029,-0.013,-1,0.3,-0.6,0
22.2467754,0,0,18.9,0,0,0.029,-0.013,-1,0.3,-0.6,0
22.2567754,0,0,18.8,0,0,0.028,-0.013,-1.002,0.3,-0.6,0
22.2667754,0,0,18.8,0,0,0.028,-0.013,-1.002,0.3,-0.6,0
22.2767754,0,0,18.8,0,0,0.028,-0.013,-1.002,0.3,-0.6,0
22.2867754,0,0,18.8,0,0,0.028,-0.013,-1.002,0.3,-0.6,0
22.2967754,0,0,18.8,0,0,0.028,-0.013,-1.002,0.3,-0.6,0
22.3067754,0,0,18.9,0,0,0.028,-0.013,-1.002,0.3,-0.6,0
22.3167754,0,0,18.9,0,0,0.028,-0.013,-1.002,0.3,-0.6,0
22.3267754,0,0,18.9,0,0,0.028,-0.013,-1.002,0.3,-0.6,0
22.3367754,0,0,18.9,0,0,0.028,-0.013,-1.002,0.3,-0.6,0
22.3467754,0,0,18.9,0,0,0.028,-0.013,-1.002,0.3,-0.6,0
22.3567754,0,0,18.9,0,0,0.028,-0.013,-1.001,0.3,-0.6,0
22.3667754,0,0,18.9,0,0,0.028,-0.013,-1.001,0.3,-0.6,0
22.3767754,0,0,18.9,0,0,0.028,-0.013,-1.001,0.3,-0.6,0
22.3867754,0,0,18.9,0,0,0.028,-0.013,-1.001,0.3,-0.6,0
22.3967754,0,0,18.9,0,0,0.028,-0.013,-1.001,0.3,-0.6,0
22.4067754,0,0,18.8,0,0,0.029,-0.013,-1.001,0.3,-0.6,0
22.4167754,0,0,18.8,0,0,0.029,-0.013,-1.001,0.3,-0.6,0
22.4267754,0,0,18.8,0,0,0.029,-0.013,-1.001,0.3,-0.6,0
22.4367754,0,0,18.8,0,0,0.029,-0.013,-1.001,0.3,-0.6,0
22.4467754,0,0,18.8,0,0,0.029,-0.013,-1.001,0.3,-0.6,0
22.4567754,0,0,18.8,0,0,0.028,-0.014,-1.001,0.3,-0.5,0
22.4667754,0,0,18.8,0,0,0.028,-0.014,-1.001,0.3,-0.5,0
22.4767754,0,0,18.8,0,0,0.028,-0.014,-1.001,0.3,-0.5,0
22.4867754,0,0,18.8,0,0,0.028,-0.014,-1.001,0.3,-0.5,0
22.4967754,0,0,18.8,0,0,0.028,-0.014,-1.001,0.3,-0.5,0
22.5067754,0,0,18.9,0,0,0.03,-0.012,-0.985,0.2,-0.4,0
22.5167754,0,0,18.9,0,0,0.03,-0.012,-0.985,0.2,-0.4,0
22.5267754,0,0,18.9,0,0,0.03,-0.012,-0.985,0.2,-0.4,0
22.5367754,0,0,18.9,0,0,0.03,-0.012,-0.985,0.2,-0.4,0
22.5467754,0,0,18.9,0,0,0.03,-0.012,-0.985,0.2,-0.4,0
22.5567754,0,0,18.8,0,0,0.028,-0.015,-1.008,0,-0.5,0
22.5667754,0,0,18.8,0,0,0.028,-0.015,-1.008,0,-0.5,0
22.5767754,0,0,18.8,0,0,0.028,-0.015,-1.008,0,-0.5,0
22.5867754,0,0,18.8,0,0,0.028,-0.015,-1.008,0,-0.5,0
22.5967754,0,0,18.8,0,0,0.028,-0.015,-1.008,0,-0.5,0
22.6067754,0,0,18.8,0,0,0.028,-0.015,-1,0.2,-0.6,0
22.6167754,0,0,18.8,0,0,0.028,-0.015,-1,0.2,-0.6,0
22.6267754,0,0,18.8,0,0,0.028,-0.015,-1,0.2,-0.6,0
22.6367754,0,0,18.8,0,0,0.028,-0.015,-1,0.2,-0.6,0
22.6467754,0,0,18.8,0,0,0.028,-0.015,-1,0.2,-0.6,0
22.6567754,0,0,18.9,0,0,0.029,-0.014,-1.004,0.3,-0.6,0
22.6667754,0,0,18.9,0,0,0.029,-0.014,-1.004,0.3,-0.6,0
22.6767754,0,0,18.9,0,0,0.029,-0.014,-1.004,0.3,-0.6,0
22.6867754,0,0,18.9,0,0,0.029,-0.014,-1.004,0.3,-0.6,0
22.6967754,0,0,18.9,0,0,0.029,-0.014,-1.004,0.3,-0.6,0
22.7067754,0,0,18.9,0,0,0.029,-0.013,-1.002,0.2,-0.5,0
22.7167754,0,0,18.9,0,0,0.029,-0.013,-1.002,0.2,-0.5,0
22.7267754,0,0,18.9,0,0,0.029,-0.013,-1.002,0.2,-0.5,0
22.7367754,0,0,18.9,0,0,0.029,-0.013,-1.002,0.2,-0.5,0
22.7467754,0,0,18.9,0,0,0.029,-0.013,-1.002,0.2,-0.5,0
22.7567754,0,0,18.9,0,0,0.028,-0.014,-1.004,0.3,-0.6,0
22.7667754,0,0,18.9,0,0,0.028,-0.014,-1.004,0.3,-0.6,0
22.7767754,0,0,18.9,0,0,0.028,-0.014,-1.004,0.3,-0.6,0
22.7867754,0,0,18.9,0,0,0.028,-0.014,-1.004,0.3,-0.6,0
22.7967754,0,0,18.9,0,0,0.028,-0.014,-1.004,0.3,-0.6,0
22.8067754,0,0,18.9,0,0,0.028,-0.014,-1,0.3,-0.6,0
22.8167754,0,0,18.9,0,0,0.028,-0.014,-1,0.3,-0.6,0
22.8267754,0,0,18.9,0,0,0.028,-0.014,-1,0.3,-0.6,0
22.8367754,0,0,18.9,0,0,0.028,-0.014,-1,0.3,-0.6,0
22.8467754,0,0,18.9,0,0,0.028,-0.014,-1,0.3,-0.6,0
22.8567754,0,0,18.9,0,0,0.029,-0.013,-1.002,0.2,-0.5,0
22.8667754,0,0,18.9,0,0,0.029,-0.013,-1.002,0.2,-0.5,0
22.8767754,0,0,18.9,0,0,0.029,-0.013,-1.002,0.2,-0.5,0
22.8867754,0,0,18.9,0,0,0.029,-0.013,-1.002,0.2,-0.5,0
22.8967754,0,0,18.9,0,0,0.029,-0.013,-1.002,0.2,-0.5,0
22.9067754,0,0,18.8,0,0,0.029,-0.013,-1.002,0.3,-0.6,0
22.9167754,0,0,18.8,0,0,0.029,-0.013,-1.002,0.3,-0.6,0
22.9267754,0,0,18.8,0,0,0.029,-0.013,-1.002,0.3,-0.6,0
22.9367754,0,0,18.8,0,0,0.029,-0.013,-1.002,0.3,-0.6,0
22.9467754,0,0,18.8,0,0,0.029,-0.013,-1.002,0.3,-0.6,0
22.9567754,0,0,18.9,0,0,0.03,-0.014,-1,0.3,-0.6,0
22.9667754,0,0,18.9,0,0,0.03,-0.014,-1,0.3,-0.6,0
22.9767754,0,0,18.9,0,0,0.03,-0.014,-1,0.3,-0.6,0
22.9867754,0,0,18.9,0,0,0.03,-0.014,-1,0.3,-0.6,0
22.9967754,0,0,18.9,0,0,0.03,-0.014,-1,0.3,-0.6,0
23.0067754,0,0,18.8,0,0,0.027,-0.015,-1.002,0.3,-0.6,0
23.0167754,0,0,18.8,0,0,0.027,-0.015,-1.002,0.3,-0.6,0
23.0267754,0,0,18.8,0,0,0.027,-0.015,-1.002,0.3,-0.6,0
23.0367754,0,0,18.8,0,0,0.027,-0.015,-1.002,0.3,-0.6,0
23.0467754,0,0,18.8,0,0,0.027,-0.015,-1.002,0.3,-0.6,0
23.0567754,0,0,18.9,0,0,0.028,-0.012,-1,0.2,-0.6,0
23.0667754,0,0,18.9,0,0,0.028,-0.012,-1,0.2,-0.6,0
23.0767754,0,0,18.9,0,0,0.028,-0.012,-1,0.2,-0.6,0
23.0867754,0,0,18.9,0,0,0.028,-0.012,-1,0.2,-0.6,0
23.0967754,0,0,18.9,0,0,0.028,-0.012,-1,0.2,-0.6,0
23.1067754,0,0,18.9,0,0,0.028,-0.014,-1,0.2,-0.6,0
23.1167754,0,0,18.9,0,0,0.028,-0.014,-1,0.2,-0.6,0
23.1267754,0,0,18.9,0,0,0.028,-0.014,-1,0.2,-0.6,0
23.1367754,0,0,18.9,0,0,0.028,-0.014,-1,0.2,-0.6,0
23.1467754,0,0,18.9,0,0,0.028,-0.014,-1,0.2,-0.6,0
23.1567754,0,0,18.9,0,0,0.028,-0.013,-1.002,0.3,-0.6,0
23.1667754,0,0,18.9,0,0,0.028,-0.013,-1.002,0.3,-0.6,0
23.1767754,0,0,18.9,0,0,0.028,-0.013,-1.002,0.3,-0.6,0
23.1867754,0,0,18.9,0,0,0.028,-0.013,-1.002,0.3,-0.6,0
23.1967754,0,0,18.9,0,0,0.028,-0.013,-1.002,0.3,-0.6,0
23.2067754,0,0,18.9,0,0,0.029,-0.014,-1.001,0.2,-0.6,0
23.2167754,0,0,18.9,0,0,0.029,-0.014,-1.001,0.2,-0.6,0
23.2267754,0,0,18.9,0,0,0.029,-0.014,-1.001,0.2,-0.6,0
23.2367754,0,0,18.9,0,0,0.029,-0.014,-1.001,0.2,-0.6,0
23.2467754,0,0,18.9,0,0,0.029,-0.014,-1.001,0.2,-0.6,0
23.2567754,0,0,18.9,0,0,0.028,-0.015,-1.004,0.2,-0.6,0
23.2667754,0,0,18.9,0,0,0.028,-0.015,-1.004,0.2,-0.6,0
23.2767754,0,0,18.9,0,0,0.028,-0.015,-1.004,0.2,-0.6,0
23.2867754,0,0,18.9,0,0,0.028,-0.015,-1.004,0.2,-0.6,0
23.2967754,0,0,18.9,0,0,0.028,-0.015,-1.004,0.2,-0.6,0
23.3067754,0,0,18.8,0,0,0.028,-0.013,-1.002,0.3,-0.6,0
23.3167754,0,0,18.8,0,0,0.028,-0.013,-1.002,0.3,-0.6,0
23.3267754,0,0,18.8,0,0,0.028,-0.013,-1.002,0.3,-0.6,0
23.3367754,0,0,18.8,0,0,0.028,-0.013,-1.002,0.3,-0.6,0
23.3467754,0,0,18.8,0,0,0.028,-0.013,-1.002,0.3,-0.6,0
23.3567754,0,0,18.9,0,0,0.029,-0.013,-1.001,0.3,-0.6,0
23.3667754,0,0,18.9,0,0,0.029,-0.013,-1.001,0.3,-0.6,0
23.3767754,0,0,18.9,0,0,0.029,-0.013,-1.001,0.3,-0.6,0
23.3867754,0,0,18.9,0,0,0.029,-0.013,-1.001,0.3,-0.6,0
23.3967754,0,0,18.9,0,0,0.029,-0.013,-1.001,0.3,-0.6,0
23.4067754,0,0.01,18.8,0,0,0.028,-0.014,-1.002,0.2,-0.6,0
23.4167754,0,0.01,18.8,0,0,0.028,-0.014,-1.002,0.2,-0.6,0
23.4267754,0,0.01,18.8,0,0,0.028,-0.014,-1.002,0.2,-0.6,0
23.4367754,0,0.01,18.8,0,0,0.028,-0.014,-1.002,0.2,-0.6,0
23.4467754,0,0.01,18.8,0,0,0.028,-0.014,-1.002,0.2,-0.6,0
23.4567754,0,0.01,18.8,0,0,0.028,-0.013,-1.003,0.3,-0.6,0
23.4667754,0,0.01,18.8,0,0,0.028,-0.013,-1.003,0.3,-0.6,0
23.4767754,0,0.01,18.8,0,0,0.028,-0.013,-1.003,0.3,-0.6,0
23.4867754,0,0.01,18.8,0,0,0.028,-0.013,-1.003,0.3,-0.6,0
23.4967754,0,0.01,18.8,0,0,0.028,-0.013,-1.003,0.3,-0.6,0
23.5067754,0,0,18.8,0,0,0.029,-0.013,-0.999,0.4,-0.5,0
23.5167754,0,0,18.8,0,0,0.029,-0.013,-0.999,0.4,-0.5,0
23.5267754,0,0,18.8,0,0,0.029,-0.013,-0.999,0.4,-0.5,0
23.5367754,0,0,18.8,0,0,0.029,-0.013,-0.999,0.4,-0.5,0
23.5467754,0,0,18.8,0,0,0.029,-0.013,-0.999,0.4,-0.5,0
23.5567754,0,0,18.9,0,0,0.029,-0.013,-1.001,0.3,-0.6,0
23.5667754,0,0,18.9,0,0,0.029,-0.013,-1.001,0.3,-0.6,0
23.5767754,0,0,18.9,0,0,0.029,-0.013,-1.001,0.3,-0.6,0
23.5867754,0,0,18.9,0,0,0.029,-0.013,-1.001,0.3,-0.6,0
23.5967754,0,0,18.9,0,0,0.029,-0.013,-1.001,0.3,-0.6,0
23.6067754,0,0,18.9,0,0,0.029,-0.014,-1.001,0.2,-0.6,0
23.6167754,0,0,18.9,0,0,0.029,-0.014,-1.001,0.2,-0.6,0
23.6267754,0,0,18.9,0,0,0.029,-0.014,-1.001,0.2,-0.6,0
23.6367754,0,0,18.9,0,0,0.029,-0.014,-1.001,0.2,-0.6,0
23.6467754,0,0,18.9,0,0,0.029,-0.014,-1.001,0.2,-0.6,0
23.6567754,0,0,18.8,0,0,0.029,-0.014,-1.001,0.2,-0.6,0
23.6667754,0,0,18.8,0,0,0.029,-0.014,-1.001,0.2,-0.6,0
23.6767754,0,0,18.8,0,0,0.029,-0.014,-1.001,0.2,-0.6,0
23.6867754,0,0,18.8,0,0,0.029,-0.014,-1.001,0.2,-0.6,0
23.6967754,0,0,18.8,0,0,0.029,-0.014,-1.001,0.2,-0.6,0
23.7067754,0,0.01,18.8,0,0,0.028,-0.013,-1.001,0.2,-0.6,0
23.7167754,0,0.01,18.8,0,0,0.028,-0.013,-1.001,0.2,-0.6,0
23.7267754,0,0.01,18.8,0,0,0.028,-0.013,-1.001,0.2,-0.6,0
23.7367754,0,0.01,18.8,0,0,0.028,-0.013,-1.001,0.2,-0.6,0
23.7467754,0,0.01,18.8,0,0,0.028,-0.013,-1.001,0.2,-0.6,0
23.7567754,0,0,18.9,0,0,0.029,-0.014,-1.001,0.3,-0.6,0
23.7667754,0,0,18.9,0,0,0.029,-0.014,-1.001,0.3,-0.6,0
23.7767754,0,0,18.9,0,0,0.029,-0.014,-1.001,0.3,-0.6,0
23.7867754,0,0,18.9,0,0,0.029,-0.014,-1.001,0.3,-0.6,0
23.7967754,0,0,18.9,0,0,0.029,-0.014,-1.001,0.3,-0.6,0
23.8067754,0,0.01,18.8,0,0,0.029,-0.014,-1.002,0.3,-0.6,0
23.8167754,0,0.01,18.8,0,0,0.029,-0.014,-1.002,0.3,-0.6,0
23.8267754,0,0.01,18.8,0,0,0.029,-0.014,-1.002,0.3,-0.6,0
23.8367754,0,0.01,18.8,0,0,0.029,-0.014,-1.002,0.3,-0.6,0
23.8467754,0,0.01,18.8,0,0,0.029,-0.014,-1.002,0.3,-0.6,0
23.8567754,0,0,18.9,0,0,0.028,-0.013,-1.001,0.2,-0.6,0
23.8667754,0,0,18.9,0,0,0.028,-0.013,-1.001,0.2,-0.6,0
23.8767754,0,0,18.9,0,0,0.028,-0.013,-1.001,0.2,-0.6,0
23.8867754,0,0,18.9,0,0,0.028,-0.013,-1.001,0.2,-0.6,0
23.8967754,0,0,18.9,0,0,0.028,-0.013,-1.001,0.2,-0.6,0
23.9067754,0,0,18.8,0,0,0.029,-0.014,-1,0.3,-0.6,0
23.9167754,0,0,18.8,0,0,0.029,-0.014,-1,0.3,-0.6,0
23.9267754,0,0,18.8,0,0,0.029,-0.014,-1,0.3,-0.6,0
23.9367754,0,0,18.8,0,0,0.029,-0.014,-1,0.3,-0.6,0
23.9467754,0,0,18.8,0,0,0.029,-0.014,-1,0.3,-0.6,0
23.9567754,0,0.01,18.9,0,0,0.029,-0.014,-1.003,0.3,-0.6,0
23.9667754,0,0.01,18.9,0,0,0.029,-0.014,-1.003,0.3,-0.6,0
23.9767754,0,0.01,18.9,0,0,0.029,-0.014,-1.003,0.3,-0.6,0
23.9867754,0,0.01,18.9,0,0,0.029,-0.014,-1.003,0.3,-0.6,0
23.9967754,0,0.01,18.9,0,0,0.029,-0.014,-1.003,0.3,-0.6,0
24.0067754,0,0,18.8,0,0,0.028,-0.013,-1.002,0.4,-0.6,0.1
24.0167754,0,0,18.8,0,0,0.028,-0.013,-1.002,0.4,-0.6,0.1
24.0267754,0,0,18.8,0,0,0.028,-0.013,-1.002,0.4,-0.6,0.1
24.0367754,0,0,18.8,0,0,0.028,-0.013,-1.002,0.4,-0.6,0.1
24.0467754,0,0,18.8,0,0,0.028,-0.013,-1.002,0.4,-0.6,0.1
24.0567754,0,0,18.9,0,0,0.028,-0.013,-1.003,0.3,-0.5,0
24.0667754,0,0,18.9,0,0,0.028,-0.013,-1.003,0.3,-0.5,0
24.0767754,0,0,18.9,0,0,0.028,-0.013,-1.003,0.3,-0.5,0
24.0867754,0,0,18.9,0,0,0.028,-0.013,-1.003,0.3,-0.5,0
24.0967754,0,0,18.9,0,0,0.028,-0.013,-1.003,0.3,-0.5,0
24.1067754,0,0.01,18.8,0,0,0.032,-0.013,-1,0.2,-0.6,0
24.1167754,0,0.01,18.8,0,0,0.032,-0.013,-1,0.2,-0.6,0
24.1267754,0,0.01,18.8,0,0,0.032,-0.013,-1,0.2,-0.6,0
24.1367754,0,0.01,18.8,0,0,0.032,-0.013,-1,0.2,-0.6,0
24.1467754,0,0.01,18.8,0,0,0.032,-0.013,-1,0.2,-0.6,0
24.1567754,0,0,18.8,0,0,0.029,-0.01,-0.999,0.3,-0.6,0
24.1667754,0,0,18.8,0,0,0.029,-0.01,-0.999,0.3,-0.6,0
24.1767754,0,0,18.8,0,0,0.029,-0.01,-0.999,0.3,-0.6,0
24.1867754,0,0,18.8,0,0,0.029,-0.01,-0.999,0.3,-0.6,0
24.1967754,0,0,18.8,0,0,0.029,-0.01,-0.999,0.3,-0.6,0
24.2067754,0,0,18.9,0,0,0.027,-0.015,-1.002,0.3,-0.6,0
24.2167754,0,0,18.9,0,0,0.027,-0.015,-1.002,0.3,-0.6,0
24.2267754,0,0,18.9,0,0,0.027,-0.015,-1.002,0.3,-0.6,0
24.2367754,0,0,18.9,0,0,0.027,-0.015,-1.002,0.3,-0.6,0
24.2467754,0,0,18.9,0,0,0.027,-0.015,-1.002,0.3,-0.6,0
24.2567754,0,0.01,18.8,0,0,0.029,-0.014,-1,0.3,-0.6,0
24.2667754,0,0.01,18.8,0,0,0.029,-0.014,-1,0.3,-0.6,0
24.2767754,0,0.01,18.8,0,0,0.029,-0.014,-1,0.3,-0.6,0
24.2867754,0,0.01,18.8,0,0,0.029,-0.014,-1,0.3,-0.6,0
24.2967754,0,0.01,18.8,0,0,0.029,-0.014,-1,0.3,-0.6,0
24.3067754,0,0,18.8,0,0,0.029,-0.014,-1,0.2,-0.6,0
24.3167754,0,0,18.8,0,0,0.029,-0.014,-1,0.2,-0.6,0
24.3267754,0,0,18.8,0,0,0.029,-0.014,-1,0.2,-0.6,0
24.3367754,0,0,18.8,0,0,0.029,-0.014,-1,0.2,-0.6,0
24.3467754,0,0,18.8,0,0,0.029,-0.014,-1,0.2,-0.6,0
24.3567754,0,0,18.8,0,0,0.027,-0.014,-1.001,0.2,-0.5,0
24.3667754,0,0,18.8,0,0,0.027,-0.014,-1.001,0.2,-0.5,0
24.3767754,0,0,18.8,0,0,0.027,-0.014,-1.001,0.2,-0.5,0
24.3867754,0,0,18.8,0,0,0.027,-0.014,-1.001,0.2,-0.5,0
24.3967754,0,0,18.8,0,0,0.027,-0.014,-1.001,0.2,-0.5,0
24.4067754,0,0.01,18.8,0,0,0.028,-0.013,-1.003,0.3,-0.6,0
24.4167754,0,0.01,18.8,0,0,0.028,-0.013,-1.003,0.3,-0.6,0
24.4267754,0,0.01,18.8,0,0,0.028,-0.013,-1.003,0.3,-0.6,0
24.4367754,0,0.01,18.8,0,0,0.028,-0.013,-1.003,0.3,-0.6,0
24.4467754,0,0.01,18.8,0,0,0.028,-0.013,-1.003,0.3,-0.6,0
24.4567754,0,-0.43,18.5,0,0,0.013,-0.055,-1.316,-9.8,1.7,0.2
24.4667754,0,-0.43,18.5,0,0,0.013,-0.055,-1.316,-9.8,1.7,0.2
24.4767754,0,-0.43,18.5,0,0,0.013,-0.055,-1.316,-9.8,1.7,0.2
24.4867754,96,-0.43,18.5,0,0,0.013,-0.055,-1.316,-9.8,1.7,0.2
24.4967754,285,-0.43,18.5,0,0,0.013,-0.055,-1.316,-9.8,1.7,0.2
24.5067754,425,0.18,18.8,0,0,-0.003,-0.078,-1.767,2.1,-1,1
24.5167754,377,0.18,18.8,0,0,-0.003,-0.078,-1.767,2.1,-1,1
24.5267754,467,0.18,18.8,0,0,-0.003,-0.078,-1.767,2.1,-1,1
24.5367754,450,0.18,18.8,0,0,-0.003,-0.078,-1.767,2.1,-1,1
24.5467754,398,0.18,18.8,0,0,-0.003,-0.078,-1.767,2.1,-1,1
24.5567754,453,-0.07,18.9,0,0,0.051,-0.311,-0.699,-9.4,-4.1,0
24.5667754,473,-0.07,18.9,0,0,0.051,-0.311,-0.699,-9.4,-4.1,0
24.5767754,349,-0.07,18.9,0,0,0.051,-0.311,-0.699,-9.4,-4.1,0
24.5867754,373,-0.07,18.9,0,0,0.051,-0.311,-0.699,-9.4,-4.1,0
24.5967754,504,-0.07,18.9,0,0,0.051,-0.311,-0.699,-9.4,-4.1,0
24.6067754,401,0.04,18.8,0,0,0.097,0.212,-0.773,7,3.1,1.4
24.6167754,342,0.04,18.8,0,0,0.097,0.212,-0.773,7,3.1,1.4
24.6267754,453,0.04,18.8,0,0,0.097,0.212,-0.773,7,3.1,1.4
24.6367754,487,0.04,18.8,0,0,0.097,0.212,-0.773,7,3.1,1.4
24.6467754,367,0.04,18.8,0,0,0.097,0.212,-0.773,7,3.1,1.4
24.6567754,379,0.1,18.9,0,0,-0.012,-0.198,-0.745,-17.6,13.4,-0.2
24.6667754,483,0.1,18.9,0,0,-0.012,-0.198,-0.745,-17.6,13.4,-0.2
24.6767754,434,0.1,18.9,0,0,-0.012,-0.198,-0.745,-17.6,13.4,-0.2
24.6867754,399,0.1,18.9,0,0,-0.012,-0.198,-0.745,-17.6,13.4,-0.2
24.6967754,467,0.1,18.9,0,0,-0.012,-0.198,-0.745,-17.6,13.4,-0.2
24.7067754,423,-0.25,18.6,0,0,0.15,0.033,-1.351,-2.6,-3.8,3.3
24.7167754,408,-0.25,18.6,0,0,0.15,0.033,-1.351,-2.6,-3.8,3.3
24.7267754,496,-0.25,18.6,0,0,0.15,0.033,-1.351,-2.6,-3.8,3.3
24.7367754,437,-0.25,18.6,0,0,0.15,0.033,-1.351,-2.6,-3.8,3.3
24.7467754,326,-0.25,18.6,0,0,0.15,0.033,-1.351,-2.6,-3.8,3.3
24.7567754,399,0.01,18.9,0,0,0.124,0.025,0.098,-9.8,3.5,0.2
24.7667754,506,0.01,18.9,0,0,0.124,0.025,0.098,-9.8,3.5,0.2
24.7767754,393,0.01,18.9,0,0,0.124,0.025,0.098,-9.8,3.5,0.2
24.7867754,328,0.01,18.9,0,0,0.124,0.025,0.098,-9.8,3.5,0.2
24.7967754,442,0.01,18.9,0,0,0.124,0.025,0.098,-9.8,3.5,0.2
24.8067754,476,0.02,18.8,0,0,0.002,0.009,-1.635,-1.8,-8.2,2.3
24.8167754,347,0.02,18.8,0,0,0.002,0.009,-1.635,-1.8,-8.2,2.3
24.8267754,373,0.02,18.8,0,0,0.002,0.009,-1.635,-1.8,-8.2,2.3
24.8367754,485,0.02,18.8,0,0,0.002,0.009,-1.635,-1.8,-8.2,2.3
24.8467754,428,0.02,18.8,0,0,0.002,0.009,-1.635,-1.8,-8.2,2.3
24.8567754,342,0.13,18.9,0,0,0.025,-0.022,-1.42,-11.4,-2.9,0.5
24.8667754,424,0.13,18.9,0,0,0.025,-0.022,-1.42,-11.4,-2.9,0.5
24.8767754,512,0.13,18.9,0,0,0.025,-0.022,-1.42,-11.4,-2.9,0.5
24.8867754,389,0.13,18.9,0,0,0.025,-0.022,-1.42,-11.4,-2.9,0.5
24.8967754,359,0.13,18.9,0,0,0.025,-0.022,-1.42,-11.4,-2.9,0.5
24.9067754,473,0,18.8,0,0,-0.068,-0.175,-0.866,15.3,-12.1,-1.7
24.9167754,447,0,18.8,0,0,-0.068,-0.175,-0.866,15.3,-12.1,-1.7
24.9267754,358,0,18.8,0,0,-0.068,-0.175,-0.866,15.3,-12.1,-1.7
24.9367754,421,0,18.8,0,0,-0.068,-0.175,-0.866,15.3,-12.1,-1.7
24.9467754,482,0,18.8,0,0,-0.068,-0.175,-0.866,15.3,-12.1,-1.7
24.9567754,403,0.04,18.8,0,0,-0.014,-0.291,-1.555,-7.1,-6.2,0.7
24.9667754,410,0.04,18.8,0,0,-0.014,-0.291,-1.555,-7.1,-6.2,0.7
24.9767754,489,0.04,18.8,0,0,-0.014,-0.291,-1.555,-7.1,-6.2,0.7
24.9867754,421,0.04,18.8,0,0,-0.014,-0.291,-1.555,-7.1,-6.2,0.7
24.9967754,437,0.04,18.8,0,0,-0.014,-0.291,-1.555,-7.1,-6.2,0.7
25.0067754,501,-0.16,18.8,0,0,0.045,0.096,-1.41,10.4,-11,0.7
25.0167754,383,-0.16,18.8,0,0,0.045,0.096,-1.41,10.4,-11,0.7
25.0267754,375,-0.16,18.8,0,0,0.045,0.096,-1.41,10.4,-11,0.7
25.0367754,481,-0.16,18.8,0,0,0.045,0.096,-1.41,10.4,-11,0.7
25.0467754,438,-0.16,18.8,0,0,0.045,0.096,-1.41,10.4,-11,0.7
25.0567754,385,0.01,18.8,0,0,0.047,-0.043,-1.273,-33.1,4.3,1.4
25.0667754,465,0.01,18.8,0,0,0.047,-0.043,-1.273,-33.1,4.3,1.4
25.0767754,458,0.01,18.8,0,0,0.047,-0.043,-1.273,-33.1,4.3,1.4
25.0867754,365,0.01,18.8,0,0,0.047,-0.043,-1.273,-33.1,4.3,1.4
25.0967754,428,0.01,18.8,0,0,0.047,-0.043,-1.273,-33.1,4.3,1.4
25.1067754,476,-0.01,18.7,0,0,-0.076,0.137,-1.479,8.2,0.7,0.4
25.1167754,369,-0.01,18.7,0,0,-0.076,0.137,-1.479,8.2,0.7,0.4
25.1267754,398,-0.01,18.7,0,0,-0.076,0.137,-1.479,8.2,0.7,0.4
25.1367754,493,-0.01,18.7,0,0,-0.076,0.137,-1.479,8.2,0.7,0.4
25.1467754,404,-0.01,18.7,0,0,-0.076,0.137,-1.479,8.2,0.7,0.4
25.1567754,348,-0.08,18.7,0,0,-0.017,-0.153,-1.632,-43.7,6.7,0.9
25.1667754,445,-0.08,18.7,0,0,-0.017,-0.153,-1.632,-43.7,6.7,0.9
25.1767754,457,-0.08,18.7,0,0,-0.017,-0.153,-1.632,-43.7,6.7,0.9
25.1867754,430,-0.08,18.7,0,0,-0.017,-0.153,-1.632,-43.7,6.7,0.9
25.1967754,476,-0.08,18.7,0,0,-0.017,-0.153,-1.632,-43.7,6.7,0.9
25.2067754,438,0.02,18.8,0,0,0.027,0.243,-1.331,14.2,7.7,1.3
25.2167754,349,0.02,18.8,0,0,0.027,0.243,-1.331,14.2,7.7,1.3
25.2267754,424,0.02,18.8,0,0,0.027,0.243,-1.331,14.2,7.7,1.3
25.2367754,509,0.02,18.8,0,0,0.027,0.243,-1.331,14.2,7.7,1.3
25.2467754,388,0.02,18.8,0,0,0.027,0.243,-1.331,14.2,7.7,1.3
25.2567754,359,-0.01,18.8,0,0,0.036,0.038,-0.796,-19.8,12.3,0.7
25.2667754,470,-0.01,18.8,0,0,0.036,0.038,-0.796,-19.8,12.3,0.7
25.2767754,470,-0.01,18.8,0,0,0.036,0.038,-0.796,-19.8,12.3,0.7
25.2867754,346,-0.01,18.8,0,0,0.036,0.038,-0.796,-19.8,12.3,0.7
25.2967754,391,-0.01,18.8,0,0,0.036,0.038,-0.796,-19.8,12.3,0.7
25.3067754,496,0.09,18.9,0,0,0.029,0.294,-1.544,14.7,-11.6,0
25.3167754,389,0.09,18.9,0,0,0.029,0.294,-1.544,14.7,-11.6,0
25.3267754,352,0.09,18.9,0,0,0.029,0.294,-1.544,14.7,-11.6,0
25.3367754,464,0.09,18.9,0,0,0.029,0.294,-1.544,14.7,-11.6,0
25.3467754,460,0.09,18.9,0,0,0.029,0.294,-1.544,14.7,-11.6,0
25.3567754,360,0.15,18.8,0,0,0.039,0.101,-1.188,-8.2,-2.3,-0.7
25.3667754,410,0.15,18.8,0,0,0.039,0.101,-1.188,-8.2,-2.3,-0.7
25.3767754,485,0.15,18.8,0,0,0.039,0.101,-1.188,-8.2,-2.3,-0.7
25.3867754,423,0.15,18.8,0,0,0.039,0.101,-1.188,-8.2,-2.3,-0.7
25.3967754,422,0.15,18.8,0,0,0.039,0.101,-1.188,-8.2,-2.3,-0.7
25.4067754,484,0.03,18.8,0,0,-0.078,0.223,-1.91,2.4,-10.9,0.3
25.4167754,376,0.03,18.8,0,0,-0.078,0.223,-1.91,2.4,-10.9,0.3
25.4267754,380,0.03,18.8,0,0,-0.078,0.223,-1.91,2.4,-10.9,0.3
25.4367754,501,0.03,18.8,0,0,-0.078,0.223,-1.91,2.4,-10.9,0.3
25.4467754,428,0.03,18.8,0,0,-0.078,0.223,-1.91,2.4,-10.9,0.3
25.4567754,318,0.17,18.8,0,0,-0.009,-0.075,-1.802,-11.4,-6,0.3
25.4667754,403,0.17,18.8,0,0,-0.009,-0.075,-1.802,-11.4,-6,0.3
25.4767754,506,0.17,18.8,0,0,-0.009,-0.075,-1.802,-11.4,-6,0.3
25.4867754,394,0.17,18.8,0,0,-0.009,-0.075,-1.802,-11.4,-6,0.3
25.4967754,354,0.17,18.8,0,0,-0.009,-0.075,-1.802,-11.4,-6,0.3
25.5067754,16,0,18.9,0,0,0,0.148,-0.964,1,1.1,-0.7
25.5167754,36,0,18.9,0,0,0,0.148,-0.964,1,1.1,-0.7
25.5267754,63,0,18.9,0,0,0,0.148,-0.964,1,1.1,-0.7
25.5367754,26,0,18.9,0,0,0,0.148,-0.964,1,1.1,-0.7
25.5467754,0,0,18.9,0,0,0,0.148,-0.964,1,1.1,-0.7
25.5567754,0,0,18.9,0,0,0.049,0.006,-0.719,-4.7,0.6,-0.4
25.5667754,0,0,18.9,0,0,0.049,0.006,-0.719,-4.7,0.6,-0.4
25.5767754,0,0,18.9,0,0,0.049,0.006,-0.719,-4.7,0.6,-0.4
25.5867754,0,0,18.9,0,0,0.049,0.006,-0.719,-4.7,0.6,-0.4
25.5967754,0,0,18.9,0,0,0.049,0.006,-0.719,-4.7,0.6,-0.4
25.6067754,0,0,18.8,0,0,0.013,-0.072,-1.176,-3.2,0.4,0
25.6167754,0,0,18.8,0,0,0.013,-0.072,-1.176,-3.2,0.4,0
25.6267754,0,0,18.8,0,0,0.013,-0.072,-1.176,-3.2,0.4,0
25.6367754,0,0,18.8,0,0,0.013,-0.072,-1.176,-3.2,0.4,0
25.6467754,0,0,18.8,0,0,0.013,-0.072,-1.176,-3.2,0.4,0
25.6567754,0,0,18.9,0,0,0.028,-0.045,-1.113,1.9,-2.5,0.1
25.6667754,0,0,18.9,0,0,0.028,-0.045,-1.113,1.9,-2.5,0.1
25.6767754,0,0,18.9,0,0,0.028,-0.045,-1.113,1.9,-2.5,0.1
25.6867754,0,0,18.9,0,0,0.028,-0.045,-1.113,1.9,-2.5,0.1
25.6967754,0,0,18.9,0,0,0.028,-0.045,-1.113,1.9,-2.5,0.1
25.7067754,0,0,18.8,0,0,0.031,0.003,-0.911,4,-0.7,0
25.7167754,0,0,18.8,0,0,0.031,0.003,-0.911,4,-0.7,0
25.7267754,0,0,18.8,0,0,0.031,0.003,-0.911,4,-0.7,0
25.7367754,0,0,18.8,0,0,0.031,0.003,-0.911,4,-0.7,0
25.7467754,0,0,18.8,0,0,0.031,0.003,-0.911,4,-0.7,0
25.7567754,0,0,18.8,0,0,0.026,0.01,-0.92,1.4,0.7,0
25.7667754,0,0,18.8,0,0,0.026,0.01,-0.92,1.4,0.7,0
25.7767754,0,0,18.8,0,0,0.026,0.01,-0.92,1.4,0.7,0
25.7867754,0,0,18.8,0,0,0.026,0.01,-0.92,1.4,0.7,0
25.7967754,0,0,18.8,0,0,0.026,0.01,-0.92,1.4,0.7,0
25.8067754,0,0,18.8,0,0,0.026,-0.024,-0.994,-0.7,-0.1,0
25.8167754,0,0,18.8,0,0,0.026,-0.024,-0.994,-0.7,-0.1,0
25.8267754,0,0,18.8,0,0,0.026,-0.024,-0.994,-0.7,-0.1,0
25.8367754,0,0,18.8,0,0,0.026,-0.024,-0.994,-0.7,-0.1,0
25.8467754,0,0,18.8,0,0,0.026,-0.024,-0.994,-0.7,-0.1,0
25.8567754,0,0,18.8,0,0,0.029,-0.024,-1.018,-1.3,-1.5,0.1
25.8667754,0,0,18.8,0,0,0.029,-0.024,-1.018,-1.3,-1.5,0.1
25.8767754,0,0,18.8,0,0,0.029,-0.024,-1.018,-1.3,-1.5,0.1
25.8867754,0,0,18.8,0,0,0.029,-0.024,-1.018,-1.3,-1.5,0.1
25.8967754,0,0,18.8,0,0,0.029,-0.024,-1.018,-1.3,-1.5,0.1
25.9067754,0,0,18.9,0,0,0.03,0.002,-0.965,-0.6,-1.4,0
25.9167754,0,0,18.9,0,0,0.03,0.002,-0.965,-0.6,-1.4,0
25.9267754,0,0,18.9,0,0,0.03,0.002,-0.965,-0.6,-1.4,0
25.9367754,0,0,18.9,0,0,0.03,0.002,-0.965,-0.6,-1.4,0
25.9467754,0,0,18.9,0,0,0.03,0.002,-0.965,-0.6,-1.4,0
25.9567754,0,0,18.8,0,0,0.027,-0.009,-0.987,-0.6,0.3,0
25.9667754,0,0,18.8,0,0,0.027,-0.009,-0.987,-0.6,0.3,0
25.9767754,0,0,18.8,0,0,0.027,-0.009,-0.987,-0.6,0.3,0
25.9867754,0,0,18.8,0,0,0.027,-0.009,-0.987,-0.6,0.3,0
25.9967754,0,0,18.8,0,0,0.027,-0.009,-0.987,-0.6,0.3,0
26.0067754,0,0,18.8,0,0,0.029,-0.028,-1.062,0.2,0.1,0
26.0167754,0,0,18.8,0,0,0.029,-0.028,-1.062,0.2,0.1,0
26.0267754,0,0,18.8,0,0,0.029,-0.028,-1.062,0.2,0.1,0
26.0367754,0,0,18.8,0,0,0.029,-0.028,-1.062,0.2,0.1,0
26.0467754,0,0,18.8,0,0,0.029,-0.028,-1.062,0.2,0.1,0
26.0567754,0,0,18.8,0,0,0.025,-0.022,-1.029,1.5,-0.8,0
26.0667754,0,0,18.8,0,0,0.025,-0.022,-1.029,1.5,-0.8,0
26.0767754,0,0,18.8,0,0,0.025,-0.022,-1.029,1.5,-0.8,0
26.0867754,0,0,18.8,0,0,0.025,-0.022,-1.029,1.5,-0.8,0
26.0967754,0,0,18.8,0,0,0.025,-0.022,-1.029,1.5,-0.8,0
26.1067754,0,0,18.9,0,0,0.03,0,-0.978,0.9,-0.8,0
26.1167754,0,0,18.9,0,0,0.03,0,-0.978,0.9,-0.8,0
26.1267754,0,0,18.9,0,0,0.03,0,-0.978,0.9,-0.8,0
26.1367754,0,0,18.9,0,0,0.03,0,-0.978,0.9,-0.8,0
26.1467754,0,0,18.9,0,0,0.03,0,-0.978,0.9,-0.8,0
26.1567754,0,0,18.9,0,0,0.032,-0.006,-0.974,0,-0.1,-0.1
26.1667754,0,0,18.9,0,0,0.032,-0.006,-0.974,0,-0.1,-0.1
26.1767754,0,0,18.9,0,0,0.032,-0.006,-0.974,0,-0.1,-0.1
26.1867754,0,0,18.9,0,0,0.032,-0.006,-0.974,0,-0.1,-0.1
26.1967754,0,0,18.9,0,0,0.032,-0.006,-0.974,0,-0.1,-0.1
26.2067754,0,0,18.9,0,0,0.028,-0.02,-1.029,0,-0.2,0
26.2167754,0,0,18.9,0,0,0.028,-0.02,-1.029,0,-0.2,0
26.2267754,0,0,18.9,0,0,0.028,-0.02,-1.029,0,-0.2,0
26.2367754,0,0,18.9,0,0,0.028,-0.02,-1.029,0,-0.2,0
26.2467754,0,0,18.9,0,0,0.028,-0.02,-1.029,0,-0.2,0
26.2567754,0,0,18.9,0,0,0.027,-0.021,-1.016,0.7,-0.7,0
26.2667754,0,0,18.9,0,0,0.027,-0.021,-1.016,0.7,-0.7,0
26.2767754,0,0,18.9,0,0,0.027,-0.021,-1.016,0.7,-0.7,0
26.2867754,0,0,18.9,0,0,0.027,-0.021,-1.016,0.7,-0.7,0
26.2967754,0,0,18.9,0,0,0.027,-0.021,-1.016,0.7,-0.7,0
26.3067754,0,0,18.9,0,0,0.031,-0.007,-0.986,0.6,-0.7,0
26.3167754,0,0,18.9,0,0,0.031,-0.007,-0.986,0.6,-0.7,0
26.3267754,0,0,18.9,0,0,0.031,-0.007,-0.986,0.6,-0.7,0
26.3367754,0,0,18.9,0,0,0.031,-0.007,-0.986,0.6,-0.7,0
26.3467754,0,0,18.9,0,0,0.031,-0.007,-0.986,0.6,-0.7,0
26.3567754,0,0,18.9,0,0,0.029,-0.009,-0.984,0.3,-0.1,0.1
26.3667754,0,0,18.9,0,0,0.029,-0.009,-0.984,0.3,-0.1,0.1
26.3767754,0,0,18.9,0,0,0.029,-0.009,-0.984,0.3,-0.1,0.1
26.3867754,0,0,18.9,0,0,0.029,-0.009,-0.984,0.3,-0.1,0.1
26.3967754,0,0,18.9,0,0,0.029,-0.009,-0.984,0.3,-0.1,0.1
26.4067754,0,0,18.9,0,0,0.028,-0.02,-1.015,0.3,-0.3,0
26.4167754,0,0,18.9,0,0,0.028,-0.02,-1.015,0.3,-0.3,0
26.4267754,0,0,18.9,0,0,0.028,-0.02,-1.015,0.3,-0.3,0
26.4367754,0,0,18.9,0,0,0.028,-0.02,-1.015,0.3,-0.3,0
26.4467754,0,0,18.9,0,0,0.028,-0.02,-1.015,0.3,-0.3,0
26.4567754,0,0,18.8,0,0,0.027,-0.013,-1.002,0.4,-0.9,0
26.4667754,0,0,18.8,0,0,0.027,-0.013,-1.002,0.4,-0.9,0
26.4767754,0,0,18.8,0,0,0.027,-0.013,-1.002,0.4,-0.9,0
26.4867754,0,0,18.8,0,0,0.027,-0.013,-1.002,0.4,-0.9,0
26.4967754,0,0,18.8,0,0,0.027,-0.013,-1.002,0.4,-0.9,0
26.5067754,0,0,18.9,0,0,0.03,-0.011,-0.994,0.2,-0.6,0
26.5167754,0,0,18.9,0,0,0.03,-0.011,-0.994,0.2,-0.6,0
26.5267754,0,0,18.9,0,0,0.03,-0.011,-0.994,0.2,-0.6,0
26.5367754,0,0,18.9,0,0,0.03,-0.011,-0.994,0.2,-0.6,0
26.5467754,0,0,18.9,0,0,0.03,-0.011,-0.994,0.2,-0.6,0
26.5567754,0,0,18.9,0,0,0.03,-0.015,-0.997,0.3,-0.6,0
26.5667754000001,0,0,18.9,0,0,0.03,-0.015,-0.997,0.3,-0.6,0
26.5767754,0,0,18.9,0,0,0.03,-0.015,-0.997,0.3,-0.6,0
26.5867754000001,0,0,18.9,0,0,0.03,-0.015,-0.997,0.3,-0.6,0
26.5967754,0,0,18.9,0,0,0.03,-0.015,-0.997,0.3,-0.6,0
26.6067754,0,0,18.8,0,0,0.029,-0.017,-1.001,0.3,-0.6,0
26.6167754000001,0,0,18.8,0,0,0.029,-0.017,-1.001,0.3,-0.6,0
26.6267754,0,0,18.8,0,0,0.029,-0.017,-1.001,0.3,-0.6,0
26.6367754000001,0,0,18.8,0,0,0.029,-0.017,-1.001,0.3,-0.6,0
26.6467754,0,0,18.8,0,0,0.029,-0.017,-1.001,0.3,-0.6,0
26.6567754000001,0,0,18.9,0,0,0.029,-0.015,-1.001,0.3,-0.5,0
26.6667754000001,0,0,18.9,0,0,0.029,-0.015,-1.001,0.3,-0.5,0
26.6767754000001,0,0,18.9,0,0,0.029,-0.015,-1.001,0.3,-0.5,0
26.6867754000001,0,0,18.9,0,0,0.029,-0.015,-1.001,0.3,-0.5,0
26.6967754,0,0,18.9,0,0,0.029,-0.015,-1.001,0.3,-0.5,0
26.7067754000001,0,0,18.9,0,0,0.03,-0.015,-1,0.3,-0.5,0
26.7167754000001,0,0,18.9,0,0,0.03,-0.015,-1,0.3,-0.5,0
26.7267754000001,0,0,18.9,0,0,0.03,-0.015,-1,0.3,-0.5,0
26.7367754000001,0,0,18.9,0,0,0.03,-0.015,-1,0.3,-0.5,0
26.7467754000001,0,0,18.9,0,0,0.03,-0.015,-1,0.3,-0.5,0
26.7567754000001,0,0,18.9,0,0,0.03,-0.015,-1.001,0.3,-0.6,0
26.7667754000001,0,0,18.9,0,0,0.03,-0.015,-1.001,0.3,-0.6,0
26.7767754000001,0,0,18.9,0,0,0.03,-0.015,-1.001,0.3,-0.6,0
26.7867754000001,0,0,18.9,0,0,0.03,-0.015,-1.001,0.3,-0.6,0
26.7967754000001,0,0,18.9,0,0,0.03,-0.015,-1.001,0.3,-0.6,0
26.8067754000001,0,0,18.8,0,0,0.03,-0.015,-1.001,0.3,-0.6,0
26.8167754000001,0,0,18.8,0,0,0.03,-0.015,-1.001,0.3,-0.6,0
26.8267754000001,0,0,18.8,0,0,0.03,-0.015,-1.001,0.3,-0.6,0
26.8367754000001,0,0,18.8,0,0,0.03,-0.015,-1.001,0.3,-0.6,0
26.8467754000001,0,0,18.8,0,0,0.03,-0.015,-1.001,0.3,-0.6,0
26.8567754000001,0,0,18.8,0,0,0.027,-0.017,-1.002,0.2,-0.5,0
26.8667754000001,0,0,18.8,0,0,0.027,-0.017,-1.002,0.2,-0.5,0
26.8767754000001,0,0,18.8,0,0,0.027,-0.017,-1.002,0.2,-0.5,0
26.8867754000001,0,0,18.8,0,0,0.027,-0.017,-1.002,0.2,-0.5,0
26.8967754000001,0,0,18.8,0,0,0.027,-0.017,-1.002,0.2,-0.5,0
26.9067754000001,0,0,18.8,0,0,0.03,-0.015,-1.003,0.3,-0.5,0
26.9167754000001,0,0,18.8,0,0,0.03,-0.015,-1.003,0.3,-0.5,0
26.9267754000001,0,0,18.8,0,0,0.03,-0.015,-1.003,0.3,-0.5,0
26.9367754000001,0,0,18.8,0,0,0.03,-0.015,-1.003,0.3,-0.5,0
26.9467754000001,0,0,18.8,0,0,0.03,-0.015,-1.003,0.3,-0.5,0
26.9567754000001,0,0,18.9,0,0,0.03,-0.014,-1.002,0.3,-0.4,0
26.9667754000001,0,0,18.9,0,0,0.03,-0.014,-1.002,0.3,-0.4,0
26.9767754000001,0,0,18.9,0,0,0.03,-0.014,-1.002,0.3,-0.4,0
26.9867754000001,0,0,18.9,0,0,0.03,-0.014,-1.002,0.3,-0.4,0
26.9967754000001,0,0,18.9,0,0,0.03,-0.014,-1.002,0.3,-0.4,0
27.0067754000001,0,0,18.8,0,0,0.028,-0.014,-1.002,0.3,-0.5,0
27.0167754000001,0,0,18.8,0,0,0.028,-0.014,-1.002,0.3,-0.5,0
27.0267754000001,0,0,18.8,0,0,0.028,-0.014,-1.002,0.3,-0.5,0
27.0367754000001,0,0,18.8,0,0,0.028,-0.014,-1.002,0.3,-0.5,0
27.0467754000001,0,0,18.8,0,0,0.028,-0.014,-1.002,0.3,-0.5,0
27.0567754000001,0,0,18.8,0,0,0.029,-0.015,-1.001,0.2,-0.6,0
27.0667754000001,0,0,18.8,0,0,0.029,-0.015,-1.001,0.2,-0.6,0
27.0767754000001,0,0,18.8,0,0,0.029,-0.015,-1.001,0.2,-0.6,0
27.0867754000001,0,0,18.8,0,0,0.029,-0.015,-1.001,0.2,-0.6,0
27.0967754000001,0,0,18.8,0,0,0.029,-0.015,-1.001,0.2,-0.6,0
27.1067754000001,0,0,18.9,0,0,0.031,-0.014,-1.003,0.2,-0.5,0
27.1167754000001,0,0,18.9,0,0,0.031,-0.014,-1.003,0.2,-0.5,0
27.1267754000001,0,0,18.9,0,0,0.031,-0.014,-1.003,0.2,-0.5,0
27.1367754000001,0,0,18.9,0,0,0.031,-0.014,-1.003,0.2,-0.5,0
27.1467754000001,0,0,18.9,0,0,0.031,-0.014,-1.003,0.2,-0.5,0
27.1567754000001,0,0,18.9,0,0,0.03,-0.015,-1.002,0.3,-0.7,0
27.1667754000001,0,0,18.9,0,0,0.03,-0.015,-1.002,0.3,-0.7,0
27.1767754000001,0,0,18.9,0,0,0.03,-0.015,-1.002,0.3,-0.7,0
27.1867754000001,0,0,18.9,0,0,0.03,-0.015,-1.002,0.3,-0.7,0
27.1967754000001,0,0,18.9,0,0,0.03,-0.015,-1.002,0.3,-0.7,0
27.2067754000001,0,0,18.9,0,0,0.03,-0.014,-1.002,0.2,-0.6,0
27.2167754000001,0,0,18.9,0,0,0.03,-0.014,-1.002,0.2,-0.6,0
27.2267754000001,0,0,18.9,0,0,0.03,-0.014,-1.002,0.2,-0.6,0
27.2367754000001,0,0,18.9,0,0,0.03,-0.014,-1.002,0.2,-0.6,0
27.2467754000001,0,0,18.9,0,0,0.03,-0.014,-1.002,0.2,-0.6,0
27.2567754000001,0,0,18.9,0,0,0.03,-0.015,-1.001,0.2,-0.6,0
27.2667754000001,0,0,18.9,0,0,0.03,-0.015,-1.001,0.2,-0.6,0
27.2767754000001,0,0,18.9,0,0,0.03,-0.015,-1.001,0.2,-0.6,0
27.2867754000001,0,0,18.9,0,0,0.03,-0.015,-1.001,0.2,-0.6,0
27.2967754000001,0,0,18.9,0,0,0.03,-0.015,-1.001,0.2,-0.6,0
27.3067754000001,0,0,18.8,0,0,0.03,-0.015,-1.001,0.3,-0.6,0
27.3167754000001,0,0,18.8,0,0,0.03,-0.015,-1.001,0.3,-0.6,0
27.3267754000001,0,0,18.8,0,0,0.03,-0.015,-1.001,0.3,-0.6,0
27.3367754000001,0,0,18.8,0,0,0.03,-0.015,-1.001,0.3,-0.6,0
27.3467754000001,0,0,18.8,0,0,0.03,-0.015,-1.001,0.3,-0.6,0
27.3567754000001,0,0,18.8,0,0,0.03,-0.016,-1.001,0.3,-0.6,0
27.3667754000001,0,0,18.8,0,0,0.03,-0.016,-1.001,0.3,-0.6,0
27.3767754000001,0,0,18.8,0,0,0.03,-0.016,-1.001,0.3,-0.6,0
27.3867754000001,0,0,18.8,0,0,0.03,-0.016,-1.001,0.3,-0.6,0
27.3967754000001,0,0,18.8,0,0,0.03,-0.016,-1.001,0.3,-0.6,0
27.4067754000001,0,0,18.9,0,0,0.03,-0.014,-1.002,0.3,-0.6,0
27.4167754000001,0,0,18.9,0,0,0.03,-0.014,-1.002,0.3,-0.6,0
27.4267754000001,0,0,18.9,0,0,0.03,-0.014,-1.002,0.3,-0.6,0
27.4367754000001,0,0,18.9,0,0,0.03,-0.014,-1.002,0.3,-0.6,0
27.4467754000001,0,0,18.9,0,0,0.03,-0.014,-1.002,0.3,-0.6,0
27.4567754000001,0,0,18.9,0,0,0.029,-0.016,-1.001,0.3,-0.6,0
27.4667754000001,0,0,18.9,0,0,0.029,-0.016,-1.001,0.3,-0.6,0
27.4767754000001,0,0,18.9,0,0,0.029,-0.016,-1.001,0.3,-0.6,0
27.4867754000001,0,0,18.9,0,0,0.029,-0.016,-1.001,0.3,-0.6,0
27.4967754000001,0,0,18.9,0,0,0.029,-0.016,-1.001,0.3,-0.6,0
27.5067754000001,0,-0.03,18.9,0,0,0.03,-0.007,-0.994,0.3,-0.6,0
27.5167754000001,20,-0.03,18.9,0,0,0.03,-0.007,-0.994,0.3,-0.6,0
27.5267754000001,65,-0.03,18.9,0,0,0.03,-0.007,-0.994,0.3,-0.6,0
27.5367754000001,106,-0.03,18.9,0,0,0.03,-0.007,-0.994,0.3,-0.6,0
27.5467754000001,120,-0.03,18.9,0,0,0.03,-0.007,-0.994,0.3,-0.6,0
27.5567754000001,130,0,18.8,0,0,0.032,-0.023,-0.984,0.2,-0.7,0
27.5667754000001,130,0,18.8,0,0,0.032,-0.023,-0.984,0.2,-0.7,0
27.5767754000001,148,0,18.8,0,0,0.032,-0.023,-0.984,0.2,-0.7,0
27.5867754000001,170,0,18.8,0,0,0.032,-0.023,-0.984,0.2,-0.7,0
27.5967754000001,165,0,18.8,0,0,0.032,-0.023,-0.984,0.2,-0.7,0
27.6067754000001,158,0,18.8,0,0,0.029,-0.01,-0.989,0.2,-0.4,0
27.6167754000001,146,0,18.8,0,0,0.029,-0.01,-0.989,0.2,-0.4,0
27.6267754000001,144,0,18.8,0,0,0.029,-0.01,-0.989,0.2,-0.4,0
27.6367754000001,147,0,18.8,0,0,0.029,-0.01,-0.989,0.2,-0.4,0
27.6467754000001,147,0,18.8,0,0,0.029,-0.01,-0.989,0.2,-0.4,0
27.6567754000001,148,-0.01,18.9,0,0,0.03,-0.011,-1.005,0.3,-0.3,0
27.6667754000001,143,-0.01,18.9,0,0,0.03,-0.011,-1.005,0.3,-0.3,0
27.6767754000001,146,-0.01,18.9,0,0,0.03,-0.011,-1.005,0.3,-0.3,0
27.6867754000001,144,-0.01,18.9,0,0,0.03,-0.011,-1.005,0.3,-0.3,0
27.6967754000001,144,-0.01,18.9,0,0,0.03,-0.011,-1.005,0.3,-0.3,0
27.7067754000001,147,-0.01,18.8,0,0,0.028,-0.015,-1.005,0.3,-0.7,0
27.7167754000001,145,-0.01,18.8,0,0,0.028,-0.015,-1.005,0.3,-0.7,0
27.7267754000001,148,-0.01,18.8,0,0,0.028,-0.015,-1.005,0.3,-0.7,0
27.7367754000001,143,-0.01,18.8,0,0,0.028,-0.015,-1.005,0.3,-0.7,0
27.7467754000001,145,-0.01,18.8,0,0,0.028,-0.015,-1.005,0.3,-0.7,0
27.7567754000001,147,-0.01,18.9,0,0,0.03,-0.017,-1,0.3,-0.6,0
27.7667754000001,146,-0.01,18.9,0,0,0.03,-0.017,-1,0.3,-0.6,0
27.7767754000001,144,-0.01,18.9,0,0,0.03,-0.017,-1,0.3,-0.6,0
27.7867754000001,143,-0.01,18.9,0,0,0.03,-0.017,-1,0.3,-0.6,0
27.7967754000001,149,-0.01,18.9,0,0,0.03,-0.017,-1,0.3,-0.6,0
27.8067754000001,146,-0.01,18.9,0,0,0.031,-0.019,-0.997,0.3,-0.4,0
27.8167754000001,147,-0.01,18.9,0,0,0.031,-0.019,-0.997,0.3,-0.4,0
27.8267754000001,146,-0.01,18.9,0,0,0.031,-0.019,-0.997,0.3,-0.4,0
27.8367754000001,145,-0.01,18.9,0,0,0.031,-0.019,-0.997,0.3,-0.4,0
27.8467754000001,146,-0.01,18.9,0,0,0.031,-0.019,-0.997,0.3,-0.4,0
27.8567754000001,144,-0.01,18.9,0,0,0.03,-0.017,-0.998,0.3,-0.4,0
27.8667754000001,152,-0.01,18.9,0,0,0.03,-0.017,-0.998,0.3,-0.4,0
27.8767754000001,145,-0.01,18.9,0,0,0.03,-0.017,-0.998,0.3,-0.4,0
27.8867754000001,142,-0.01,18.9,0,0,0.03,-0.017,-0.998,0.3,-0.4,0
27.8967754000001,153,-0.01,18.9,0,0,0.03,-0.017,-0.998,0.3,-0.4,0
27.9067754000001,146,0,18.8,0,0,0.031,-0.016,-0.999,0.3,-0.5,0
27.9167754000001,149,0,18.8,0,0,0.031,-0.016,-0.999,0.3,-0.5,0
27.9267754000001,150,0,18.8,0,0,0.031,-0.016,-0.999,0.3,-0.5,0
27.9367754000001,144,0,18.8,0,0,0.031,-0.016,-0.999,0.3,-0.5,0
27.9467754000001,147,0,18.8,0,0,0.031,-0.016,-0.999,0.3,-0.5,0
27.9567754000001,145,0,18.9,0,0,0.029,-0.013,-1.001,0.2,-0.6,0
27.9667754000001,149,0,18.9,0,0,0.029,-0.013,-1.001,0.2,-0.6,0
27.9767754000001,146,0,18.9,0,0,0.029,-0.013,-1.001,0.2,-0.6,0
27.9867754000001,143,0,18.9,0,0,0.029,-0.013,-1.001,0.2,-0.6,0
27.9967754000001,148,0,18.9,0,0,0.029,-0.013,-1.001,0.2,-0.6,0
28.0067754000001,150,0,18.9,0,0,0.028,-0.011,-1.009,0.3,-0.6,0
28.0167754000001,148,0,18.9,0,0,0.028,-0.011,-1.009,0.3,-0.6,0
28.0267754000001,142,0,18.9,0,0,0.028,-0.011,-1.009,0.3,-0.6,0
28.0367754000001,146,0,18.9,0,0,0.028,-0.011,-1.009,0.3,-0.6,0
28.0467754000001,144,0,18.9,0,0,0.028,-0.011,-1.009,0.3,-0.6,0
28.0567754000001,143,0,18.9,0,0,0.028,-0.013,-1.01,0.3,-0.6,0
28.0667754000001,146,0,18.9,0,0,0.028,-0.013,-1.01,0.3,-0.6,0
28.0767754000001,143,0,18.9,0,0,0.028,-0.013,-1.01,0.3,-0.6,0
28.0867754000001,147,0,18.9,0,0,0.028,-0.013,-1.01,0.3,-0.6,0
28.0967754000001,146,0,18.9,0,0,0.028,-0.013,-1.01,0.3,-0.6,0
28.1067754000001,147,0,18.9,0,0,0.029,-0.016,-1.005,0.3,-0.6,0
28.1167754000001,147,0,18.9,0,0,0.029,-0.016,-1.005,0.3,-0.6,0
28.1267754000001,146,0,18.9,0,0,0.029,-0.016,-1.005,0.3,-0.6,0
28.1367754000001,147,0,18.9,0,0,0.029,-0.016,-1.005,0.3,-0.6,0
28.1467754000001,142,0,18.9,0,0,0.029,-0.016,-1.005,0.3,-0.6,0
28.1567754000001,145,0.01,18.8,0,0,0.03,-0.018,-0.997,0.3,-0.7,0
28.1667754000001,146,0.01,18.8,0,0,0.03,-0.018,-0.997,0.3,-0.7,0
28.1767754000001,145,0.01,18.8,0,0,0.03,-0.018,-0.997,0.3,-0.7,0
28.1867754000001,144,0.01,18.8,0,0,0.03,-0.018,-0.997,0.3,-0.7,0
28.1967754000001,144,0.01,18.8,0,0,0.03,-0.018,-0.997,0.3,-0.7,0
28.2067754000001,150,0.01,18.9,0,0,0.032,-0.017,-0.995,0.2,-0.6,0
28.2167754000001,146,0.01,18.9,0,0,0.032,-0.017,-0.995,0.2,-0.6,0
28.2267754000001,147,0.01,18.9,0,0,0.032,-0.017,-0.995,0.2,-0.6,0
28.2367754000001,146,0.01,18.9,0,0,0.032,-0.017,-0.995,0.2,-0.6,0
28.2467754000001,146,0.01,18.9,0,0,0.032,-0.017,-0.995,0.2,-0.6,0
28.2567754000001,147,0,18.9,0,0,0.032,-0.016,-0.994,0.3,-0.6,0
28.2667754000001,144,0,18.9,0,0,0.032,-0.016,-0.994,0.3,-0.6,0
28.2767754000001,151,0,18.9,0,0,0.032,-0.016,-0.994,0.3,-0.6,0
28.2867754000001,145,0,18.9,0,0,0.032,-0.016,-0.994,0.3,-0.6,0
28.2967754000001,142,0,18.9,0,0,0.032,-0.016,-0.994,0.3,-0.6,0
28.3067754000001,152,0,18.8,0,0,0.03,-0.014,-0.997,0.2,-0.4,0
28.3167754000001,146,0,18.8,0,0,0.03,-0.014,-0.997,0.2,-0.4,0
28.3267754000001,149,0,18.8,0,0,0.03,-0.014,-0.997,0.2,-0.4,0
28.3367754000001,150,0,18.8,0,0,0.03,-0.014,-0.997,0.2,-0.4,0
28.3467754000001,144,0,18.8,0,0,0.03,-0.014,-0.997,0.2,-0.4,0
28.3567754000001,147,0,18.8,0,0,0.029,-0.012,-1.002,0.3,-0.4,0
28.3667754000001,146,0,18.8,0,0,0.029,-0.012,-1.002,0.3,-0.4,0
28.3767754000001,149,0,18.8,0,0,0.029,-0.012,-1.002,0.3,-0.4,0
28.3867754000001,145,0,18.8,0,0,0.029,-0.012,-1.002,0.3,-0.4,0
28.3967754000001,142,0,18.8,0,0,0.029,-0.012,-1.002,0.3,-0.4,0
28.4067754000001,145,0,18.9,0,0,0.029,-0.014,-1.004,0.4,-0.7,0
28.4167754000001,144,0,18.9,0,0,0.029,-0.014,-1.004,0.4,-0.7,0
28.4267754000001,146,0,18.9,0,0,0.029,-0.014,-1.004,0.4,-0.7,0
28.4367754000001,146,0,18.9,0,0,0.029,-0.014,-1.004,0.4,-0.7,0
28.4467754000001,147,0,18.9,0,0,0.029,-0.014,-1.004,0.4,-0.7,0
28.4567754000001,143,0,18.8,0,0,0.031,-0.02,-1.002,0.3,-0.9,0
28.4667754000001,146,0,18.8,0,0,0.031,-0.02,-1.002,0.3,-0.9,0
28.4767754000001,146,0,18.8,0,0,0.031,-0.02,-1.002,0.3,-0.9,0
28.4867754000001,146,0,18.8,0,0,0.031,-0.02,-1.002,0.3,-0.9,0
28.4967754000001,146,0,18.8,0,0,0.031,-0.02,-1.002,0.3,-0.9,0
28.5067754000001,143,0,18.9,0,0,0.032,-0.012,-0.989,0.3,-0.9,0
28.5167754000001,148,0,18.9,0,0,0.032,-0.012,-0.989,0.3,-0.9,0
28.5267754000001,147,0,18.9,0,0,0.032,-0.012,-0.989,0.3,-0.9,0
28.5367754000001,146,0,18.9,0,0,0.032,-0.012,-0.989,0.3,-0.9,0
28.5467754000001,143,0,18.9,0,0,0.032,-0.012,-0.989,0.3,-0.9,0
28.5567754000001,145,-0.01,18.9,0,0,0.028,-0.009,-1,1.5,-1.2,0
28.5667754000001,150,-0.01,18.9,0,0,0.028,-0.009,-1,1.5,-1.2,0
28.5767754000001,145,-0.01,18.9,0,0,0.028,-0.009,-1,1.5,-1.2,0
28.5867754000001,146,-0.01,18.9,0,0,0.028,-0.009,-1,1.5,-1.2,0
28.5967754000001,146,-0.01,18.9,0,0,0.028,-0.009,-1,1.5,-1.2,0
28.6067754000001,146,0,18.8,0,0,0.027,-0.005,-1.01,2.9,-1.2,0
28.6167754000001,146,0,18.8,0,0,0.027,-0.005,-1.01,2.9,-1.2,0
28.6267754000001,145,0,18.8,0,0,0.027,-0.005,-1.01,2.9,-1.2,0
28.6367754000001,144,0,18.8,0,0,0.027,-0.005,-1.01,2.9,-1.2,0
28.6467754000001,119,0,18.8,0,0,0.027,-0.005,-1.01,2.9,-1.2,0
28.6567754000001,49,0,18.8,0,0,0.031,0,-0.924,-0.4,-0.1,0
28.6667754000001,45,0,18.8,0,0,0.031,0,-0.924,-0.4,-0.1,0
28.6767754000001,63,0,18.8,0,0,0.031,0,-0.924,-0.4,-0.1,0
28.6867754000001,17,0,18.8,0,0,0.031,0,-0.924,-0.4,-0.1,0
28.6967754000001,0,0,18.8,0,0,0.031,0,-0.924,-0.4,-0.1,0
28.7067754000001,0,0,18.9,0,0,0.03,-0.016,-1,-0.7,-0.6,0
28.7167754000001,0,0,18.9,0,0,0.03,-0.016,-1,-0.7,-0.6,0
28.7267754000001,0,0,18.9,0,0,0.03,-0.016,-1,-0.7,-0.6,0
28.7367754000001,0,0,18.9,0,0,0.03,-0.016,-1,-0.7,-0.6,0
28.7467754000001,0,0,18.9,0,0,0.03,-0.016,-1,-0.7,-0.6,0
28.7567754000001,30,0,18.9,0,0,0.03,-0.017,-1.001,-0.1,-0.9,0
28.7667754000001,52,0,18.9,0,0,0.03,-0.017,-1.001,-0.1,-0.9,0
28.7767754000001,32,0,18.9,0,0,0.03,-0.017,-1.001,-0.1,-0.9,0
28.7867754000001,6,0,18.9,0,0,0.03,-0.017,-1.001,-0.1,-0.9,0
28.7967754000001,0,0,18.9,0,0,0.03,-0.017,-1.001,-0.1,-0.9,0
28.8067754000001,0,0,18.8,0,0,0.027,-0.02,-1.014,0,-0.4,0
28.8167754000001,0,0,18.8,0,0,0.027,-0.02,-1.014,0,-0.4,0
28.8267754000001,0,0,18.8,0,0,0.027,-0.02,-1.014,0,-0.4,0
28.8367754000001,0,0,18.8,0,0,0.027,-0.02,-1.014,0,-0.4,0
28.8467754000001,0,0,18.8,0,0,0.027,-0.02,-1.014,0,-0.4,0
28.8567754000001,0,0,18.9,0,0,0.026,-0.017,-1.025,1.1,-0.5,0
28.8667754000001,0,0,18.9,0,0,0.026,-0.017,-1.025,1.1,-0.5,0
28.8767754000001,0,0,18.9,0,0,0.026,-0.017,-1.025,1.1,-0.5,0
28.8867754000001,0,0,18.9,0,0,0.026,-0.017,-1.025,1.1,-0.5,0
28.8967754000001,0,0,18.9,0,0,0.026,-0.017,-1.025,1.1,-0.5,0
28.9067754000001,0,0,18.9,0,0,0.028,-0.006,-0.97,0.3,-0.4,0
28.9167754000001,0,0,18.9,0,0,0.028,-0.006,-0.97,0.3,-0.4,0
28.9267754000001,0,0,18.9,0,0,0.028,-0.006,-0.97,0.3,-0.4,0
28.9367754000001,0,0,18.9,0,0,0.028,-0.006,-0.97,0.3,-0.4,0
28.9467754000001,0,0,18.9,0,0,0.028,-0.006,-0.97,0.3,-0.4,0
28.9567754000001,0,0,18.8,0,0,0.027,-0.011,-0.992,-0.4,-0.4,0
28.9667754000001,0,0,18.8,0,0,0.027,-0.011,-0.992,-0.4,-0.4,0
28.9767754000001,0,0,18.8,0,0,0.027,-0.011,-0.992,-0.4,-0.4,0
28.9867754000001,0,0,18.8,0,0,0.027,-0.011,-0.992,-0.4,-0.4,0
28.9967754000001,0,0,18.8,0,0,0.027,-0.011,-0.992,-0.4,-0.4,0
29.0067754000001,0,0,18.9,0,0,0.029,-0.016,-1.009,0,-0.6,0
29.0167754000001,0,0,18.9,0,0,0.029,-0.016,-1.009,0,-0.6,0
29.0267754000001,0,0,18.9,0,0,0.029,-0.016,-1.009,0,-0.6,0
29.0367754000001,0,0,18.9,0,0,0.029,-0.016,-1.009,0,-0.6,0
29.0467754000001,0,0,18.9,0,0,0.029,-0.016,-1.009,0,-0.6,0
29.0567754000001,0,0,18.8,0,0,0.032,-0.015,-0.976,0.1,-0.7,0
29.0667754000001,0,0,18.8,0,0,0.032,-0.015,-0.976,0.1,-0.7,0
29.0767754000001,0,0,18.8,0,0,0.032,-0.015,-0.976,0.1,-0.7,0
29.0867754000001,0,0,18.8,0,0,0.032,-0.015,-0.976,0.1,-0.7,0
29.0967754000001,0,0,18.8,0,0,0.032,-0.015,-0.976,0.1,-0.7,0
29.1067754000001,0,0.01,18.9,0,0,0.042,0.017,-0.696,-1.6,-0.6,-0.1
29.1167754000001,0,0.01,18.9,0,0,0.042,0.017,-0.696,-1.6,-0.6,-0.1
29.1267754000001,65,0.01,18.9,0,0,0.042,0.017,-0.696,-1.6,-0.6,-0.1
29.1367754000001,124,0.01,18.9,0,0,0.042,0.017,-0.696,-1.6,-0.6,-0.1
29.1467754000001,129,0.01,18.9,0,0,0.042,0.017,-0.696,-1.6,-0.6,-0.1
29.1567754000001,128,0,18.9,0,0,0.019,-0.006,-1.108,-9.3,-1.2,-0.1
29.1667754000001,128,0,18.9,0,0,0.019,-0.006,-1.108,-9.3,-1.2,-0.1
29.1767754000001,177,0,18.9,0,0,0.019,-0.006,-1.108,-9.3,-1.2,-0.1
29.1867754000001,179,0,18.9,0,0,0.019,-0.006,-1.108,-9.3,-1.2,-0.1
29.1967754000001,145,0,18.9,0,0,0.019,-0.006,-1.108,-9.3,-1.2,-0.1
29.2067754000001,146,0,18.9,0,0,0.027,-0.046,-1.023,-4.5,0.1,0
29.2167754000001,142,0,18.9,0,0,0.027,-0.046,-1.023,-4.5,0.1,0
29.2267754000001,146,0,18.9,0,0,0.027,-0.046,-1.023,-4.5,0.1,0
29.2367754000001,150,0,18.9,0,0,0.027,-0.046,-1.023,-4.5,0.1,0
29.2467754000001,149,0,18.9,0,0,0.027,-0.046,-1.023,-4.5,0.1,0
29.2567754000001,143,0,18.9,0,0,0.023,-0.033,-1.06,-0.4,-1,0
29.2667754000001,146,0,18.9,0,0,0.023,-0.033,-1.06,-0.4,-1,0
29.2767754000001,145,0,18.9,0,0,0.023,-0.033,-1.06,-0.4,-1,0
29.2867754000001,144,0,18.9,0,0,0.023,-0.033,-1.06,-0.4,-1,0
29.2967754000001,146,0,18.9,0,0,0.023,-0.033,-1.06,-0.4,-1,0
29.3067754000001,143,0,18.9,0,0,0.027,-0.035,-1.062,-2.3,0.3,0
29.3167754000001,147,0,18.9,0,0,0.027,-0.035,-1.062,-2.3,0.3,0
29.3267754000001,145,0,18.9,0,0,0.027,-0.035,-1.062,-2.3,0.3,0
29.3367754000001,146,0,18.9,0,0,0.027,-0.035,-1.062,-2.3,0.3,0
29.3467754000001,147,0,18.9,0,0,0.027,-0.035,-1.062,-2.3,0.3,0
29.3567754000001,146,0.01,18.8,0,0,0.023,-0.03,-1.077,0.5,-0.6,0.2
29.3667754000001,148,0.01,18.8,0,0,0.023,-0.03,-1.077,0.5,-0.6,0.2
29.3767754000001,142,0.01,18.8,0,0,0.023,-0.03,-1.077,0.5,-0.6,0.2
29.3867754000001,145,0.01,18.8,0,0,0.023,-0.03,-1.077,0.5,-0.6,0.2
29.3967754000001,147,0.01,18.8,0,0,0.023,-0.03,-1.077,0.5,-0.6,0.2
29.4067754000001,145,0,18.8,0,0,0.034,-0.013,-1.045,0,-0.6,0
29.4167754000001,143,0,18.8,0,0,0.034,-0.013,-1.045,0,-0.6,0
29.4267754000001,144,0,18.8,0,0,0.034,-0.013,-1.045,0,-0.6,0
29.4367754000001,150,0,18.8,0,0,0.034,-0.013,-1.045,0,-0.6,0
29.4467754000001,145,0,18.8,0,0,0.034,-0.013,-1.045,0,-0.6,0
29.4567754000001,147,0,18.8,0,0,0.024,-0.014,-1.028,-0.9,-0.4,0.1
29.4667754000001,146,0,18.8,0,0,0.024,-0.014,-1.028,-0.9,-0.4,0.1
29.4767754000001,145,0,18.8,0,0,0.024,-0.014,-1.028,-0.9,-0.4,0.1
29.4867754000001,147,0,18.8,0,0,0.024,-0.014,-1.028,-0.9,-0.4,0.1
29.4967754000001,144,0,18.8,0,0,0.024,-0.014,-1.028,-0.9,-0.4,0.1
29.5067754000001,150,-0.01,18.9,0,0,0.029,-0.008,-0.974,14.4,0,0
29.5167754000001,145,-0.01,18.9,0,0,0.029,-0.008,-0.974,14.4,0,0
29.5267754000001,142,-0.01,18.9,0,0,0.029,-0.008,-0.974,14.4,0,0
29.5367754000001,152,-0.01,18.9,0,0,0.029,-0.008,-0.974,14.4,0,0
29.5467754000001,147,-0.01,18.9,0,0,0.029,-0.008,-0.974,14.4,0,0
29.5567754000001,149,0,18.8,0,0,0.028,-0.008,-0.933,1.5,-0.9,0
29.5667754000001,149,0,18.8,0,0,0.028,-0.008,-0.933,1.5,-0.9,0
29.5767754000001,143,0,18.8,0,0,0.028,-0.008,-0.933,1.5,-0.9,0
29.5867754000001,147,0,18.8,0,0,0.028,-0.008,-0.933,1.5,-0.9,0
29.5967754000001,147,0,18.8,0,0,0.028,-0.008,-0.933,1.5,-0.9,0
29.6067754000001,150,0,18.9,0,0,0.031,-0.005,-0.925,0.3,-0.9,0
29.6167754000001,144,0,18.9,0,0,0.031,-0.005,-0.925,0.3,-0.9,0
29.6267754000001,142,0,18.9,0,0,0.031,-0.005,-0.925,0.3,-0.9,0
29.6367754000001,147,0,18.9,0,0,0.031,-0.005,-0.925,0.3,-0.9,0
29.6467754000001,149,0,18.9,0,0,0.031,-0.005,-0.925,0.3,-0.9,0
29.6567754000001,146,-0.01,18.9,0,0,0.027,-0.011,-0.929,-0.4,-1,0
29.6667754000001,142,-0.01,18.9,0,0,0.027,-0.011,-0.929,-0.4,-1,0
29.6767754000001,148,-0.01,18.9,0,0,0.027,-0.011,-0.929,-0.4,-1,0
29.6867754000001,145,-0.01,18.9,0,0,0.027,-0.011,-0.929,-0.4,-1,0
29.6967754000001,144,-0.01,18.9,0,0,0.027,-0.011,-0.929,-0.4,-1,0
29.7067754000001,146,0,18.8,0,0,0.032,-0.004,-0.919,-0.3,-0.9,0
29.7167754000001,146,0,18.8,0,0,0.032,-0.004,-0.919,-0.3,-0.9,0
29.7267754000001,147,0,18.8,0,0,0.032,-0.004,-0.919,-0.3,-0.9,0
29.7367754000001,142,0,18.8,0,0,0.032,-0.004,-0.919,-0.3,-0.9,0
29.7467754000001,145,0,18.8,0,0,0.032,-0.004,-0.919,-0.3,-0.9,0
29.7567754000001,147,-0.01,18.9,0,0,0.029,-0.005,-0.921,-1.9,-0.3,0
29.7667754000001,147,-0.01,18.9,0,0,0.029,-0.005,-0.921,-1.9,-0.3,0
29.7767754000001,146,-0.01,18.9,0,0,0.029,-0.005,-0.921,-1.9,-0.3,0
29.7867754000001,142,-0.01,18.9,0,0,0.029,-0.005,-0.921,-1.9,-0.3,0
29.7967754000001,147,-0.01,18.9,0,0,0.029,-0.005,-0.921,-1.9,-0.3,0
29.8067754000001,147,-0.01,18.8,0,0,0.024,-0.015,-0.968,-2.2,-0.4,0
29.8167754000001,146,-0.01,18.8,0,0,0.024,-0.015,-0.968,-2.2,-0.4,0
29.8267754000001,144,-0.01,18.8,0,0,0.024,-0.015,-0.968,-2.2,-0.4,0
29.8367754000001,145,-0.01,18.8,0,0,0.024,-0.015,-0.968,-2.2,-0.4,0
29.8467754000001,149,-0.01,18.8,0,0,0.024,-0.015,-0.968,-2.2,-0.4,0
29.8567754000001,145,0,18.8,0,0,0.026,-0.021,-1.007,-2.9,-0.3,0
29.8667754000001,147,0,18.8,0,0,0.026,-0.021,-1.007,-2.9,-0.3,0
29.8767754000001,146,0,18.8,0,0,0.026,-0.021,-1.007,-2.9,-0.3,0
29.8867754000001,146,0,18.8,0,0,0.026,-0.021,-1.007,-2.9,-0.3,0
29.8967754000001,146,0,18.8,0,0,0.026,-0.021,-1.007,-2.9,-0.3,0
29.9067754000001,144,0,18.9,0,0,0.025,-0.024,-1.015,-2.6,-0.6,0
29.9167754000001,151,0,18.9,0,0,0.025,-0.024,-1.015,-2.6,-0.6,0
29.9267754000001,145,0,18.9,0,0,0.025,-0.024,-1.015,-2.6,-0.6,0
29.9367754000001,142,0,18.9,0,0,0.025,-0.024,-1.015,-2.6,-0.6,0
29.9467754000001,152,0,18.9,0,0,0.025,-0.024,-1.015,-2.6,-0.6,0
29.9567754000001,151,0,18.9,0,0,0.027,-0.031,-1.044,-2.5,-0.4,0
29.9667754000001,149,0,18.9,0,0,0.027,-0.031,-1.044,-2.5,-0.4,0
29.9767754000001,146,0,18.9,0,0,0.027,-0.031,-1.044,-2.5,-0.4,0
29.9867754000001,143,0,18.9,0,0,0.027,-0.031,-1.044,-2.5,-0.4,0
29.9967754000001,147,0,18.9,0,0,0.027,-0.031,-1.044,-2.5,-0.4,0
30.0067754000001,147,0,18.9,0,0,0.03,-0.023,-1.022,-1.5,-0.3,0
30.0167754000001,150,0,18.9,0,0,0.03,-0.023,-1.022,-1.5,-0.3,0
30.0267754000001,144,0,18.9,0,0,0.03,-0.023,-1.022,-1.5,-0.3,0
30.0367754000001,142,0,18.9,0,0,0.03,-0.023,-1.022,-1.5,-0.3,0
30.0467754000001,148,0,18.9,0,0,0.03,-0.023,-1.022,-1.5,-0.3,0
30.0567754000001,150,0,18.9,0,0,0.029,-0.022,-1.052,-0.7,-0.2,0
30.0667754000001,146,0,18.9,0,0,0.029,-0.022,-1.052,-0.7,-0.2,0
30.0767754000001,142,0,18.9,0,0,0.029,-0.022,-1.052,-0.7,-0.2,0
30.0867754000001,148,0,18.9,0,0,0.029,-0.022,-1.052,-0.7,-0.2,0
30.0967754000001,145,0,18.9,0,0,0.029,-0.022,-1.052,-0.7,-0.2,0
30.1067754000001,145,0,18.8,0,0,0.027,-0.018,-1.044,-0.9,0,0
30.1167754000001,146,0,18.8,0,0,0.027,-0.018,-1.044,-0.9,0,0
30.1267754000001,145,0,18.8,0,0,0.027,-0.018,-1.044,-0.9,0,0
30.1367754000001,146,0,18.8,0,0,0.027,-0.018,-1.044,-0.9,0,0
30.1467754000001,142,0,18.8,0,0,0.027,-0.018,-1.044,-0.9,0,0
30.1567754000001,146,0,18.8,0,0,0.027,-0.021,-1.095,0.1,-0.3,0.1
30.1667754000001,147,0,18.8,0,0,0.027,-0.021,-1.095,0.1,-0.3,0.1
30.1767754000001,146,0,18.8,0,0,0.027,-0.021,-1.095,0.1,-0.3,0.1
30.1867754000001,145,0,18.8,0,0,0.027,-0.021,-1.095,0.1,-0.3,0.1
30.1967754000001,145,0,18.8,0,0,0.027,-0.021,-1.095,0.1,-0.3,0.1
30.2067754000001,148,0,18.8,0,0,0.025,-0.024,-1.108,0.4,-0.3,0
30.2167754000001,145,0,18.8,0,0,0.025,-0.024,-1.108,0.4,-0.3,0
30.2267754000001,146,0,18.8,0,0,0.025,-0.024,-1.108,0.4,-0.3,0
30.2367754000001,144,0,18.8,0,0,0.025,-0.024,-1.108,0.4,-0.3,0
30.2467754000001,145,0,18.8,0,0,0.025,-0.024,-1.108,0.4,-0.3,0
30.2567754000001,149,0.01,18.9,0,0,0.027,-0.023,-1.102,2.5,-0.7,0
30.2667754000001,145,0.01,18.9,0,0,0.027,-0.023,-1.102,2.5,-0.7,0
30.2767754000001,147,0.01,18.9,0,0,0.027,-0.023,-1.102,2.5,-0.7,0
30.2867754000001,146,0.01,18.9,0,0,0.027,-0.023,-1.102,2.5,-0.7,0
30.2967754000001,145,0.01,18.9,0,0,0.027,-0.023,-1.102,2.5,-0.7,0
30.3067754000001,145,0,18.9,0,0,0.034,0.013,-0.897,3.4,0.1,0
30.3167754000001,104,0,18.9,0,0,0.034,0.013,-0.897,3.4,0.1,0
30.3267754000001,75,0,18.9,0,0,0.034,0.013,-0.897,3.4,0.1,0
30.3367754000001,42,0,18.9,0,0,0.034,0.013,-0.897,3.4,0.1,0
30.3467754000001,0,0,18.9,0,0,0.034,0.013,-0.897,3.4,0.1,0
30.3567754000001,0,0,18.8,0,0,0.033,-0.001,-0.941,0.1,-0.6,0
30.3667754000001,0,0,18.8,0,0,0.033,-0.001,-0.941,0.1,-0.6,0
30.3767754000001,0,0,18.8,0,0,0.033,-0.001,-0.941,0.1,-0.6,0
30.3867754000001,0,0,18.8,0,0,0.033,-0.001,-0.941,0.1,-0.6,0
30.3967754000001,19,0,18.8,0,0,0.033,-0.001,-0.941,0.1,-0.6,0
30.4067754000001,49,0,18.8,0,0,0.026,-0.011,-1.02,-0.8,-0.7,0
30.4167754000001,43,0,18.8,0,0,0.026,-0.011,-1.02,-0.8,-0.7,0
30.4267754000001,13,0,18.8,0,0,0.026,-0.011,-1.02,-0.8,-0.7,0
30.4367754000001,0,0,18.8,0,0,0.026,-0.011,-1.02,-0.8,-0.7,0
30.4467754000001,0,0,18.8,0,0,0.026,-0.011,-1.02,-0.8,-0.7,0
30.4567754000001,0,0,18.9,0,0,0.03,-0.013,-0.993,0,-1,0
30.4667754000001,0,0,18.9,0,0,0.03,-0.013,-0.993,0,-1,0
30.4767754000001,0,0,18.9,0,0,0.03,-0.013,-0.993,0,-1,0
30.4867754000001,0,0,18.9,0,0,0.03,-0.013,-0.993,0,-1,0
30.4967754000001,0,0,18.9,0,0,0.03,-0.013,-0.993,0,-1,0
30.5067754000001,0,0,18.8,0,0,0.026,-0.025,-1.05,0.9,-0.4,0
30.5167754000001,0,0,18.8,0,0,0.026,-0.025,-1.05,0.9,-0.4,0
30.5267754000001,0,0,18.8,0,0,0.026,-0.025,-1.05,0.9,-0.4,0
30.5367754000001,0,0,18.8,0,0,0.026,-0.025,-1.05,0.9,-0.4,0
30.5467754000001,0,0,18.8,0,0,0.026,-0.025,-1.05,0.9,-0.4,0
30.5567754000001,0,0,18.9,0,0,0.028,-0.018,-1.015,2.4,-0.9,0
30.5667754000001,0,0,18.9,0,0,0.028,-0.018,-1.015,2.4,-0.9,0
30.5767754000001,0,0,18.9,0,0,0.028,-0.018,-1.015,2.4,-0.9,0
30.5867754000001,0,0,18.9,0,0,0.028,-0.018,-1.015,2.4,-0.9,0
30.5967754000001,0,0,18.9,0,0,0.028,-0.018,-1.015,2.4,-0.9,0
30.6067754000001,0,0,18.8,0,0,0.031,-0.008,-0.958,1.7,-0.7,0
30.6167754000001,0,0,18.8,0,0,0.031,-0.008,-0.958,1.7,-0.7,0
30.6267754000001,0,0,18.8,0,0,0.031,-0.008,-0.958,1.7,-0.7,0
30.6367754000001,0,0,18.8,0,0,0.031,-0.008,-0.958,1.7,-0.7,0
30.6467754000001,0,0,18.8,0,0,0.031,-0.008,-0.958,1.7,-0.7,0
30.6567754000001,0,0,18.9,0,0,0.028,-0.008,-0.962,0,-0.4,0
30.6667754000001,0,0,18.9,0,0,0.028,-0.008,-0.962,0,-0.4,0
30.6767754000001,0,0,18.9,0,0,0.028,-0.008,-0.962,0,-0.4,0
30.6867754000001,0,0,18.9,0,0,0.028,-0.008,-0.962,0,-0.4,0
30.6967754000001,0,0,18.9,0,0,0.028,-0.008,-0.962,0,-0.4,0
30.7067754000001,0,0,18.9,0,0,0.028,-0.012,-0.99,-0.3,-0.6,0
30.7167754000001,0,0,18.9,0,0,0.028,-0.012,-0.99,-0.3,-0.6,0
30.7267754000001,0,0,18.9,0,0,0.028,-0.012,-0.99,-0.3,-0.6,0
30.7367754000001,0,0,18.9,0,0,0.028,-0.012,-0.99,-0.3,-0.6,0
30.7467754000001,0,0,18.9,0,0,0.028,-0.012,-0.99,-0.3,-0.6,0
30.7567754000001,0,0,18.8,0,0,0.028,-0.013,-0.995,-0.1,-0.6,0
30.7667754000001,0,0,18.8,0,0,0.028,-0.013,-0.995,-0.1,-0.6,0
30.7767754000001,0,0,18.8,0,0,0.028,-0.013,-0.995,-0.1,-0.6,0
30.7867754000001,0,0,18.8,0,0,0.028,-0.013,-0.995,-0.1,-0.6,0
30.7967754000001,0,0,18.8,0,0,0.028,-0.013,-0.995,-0.1,-0.6,0
30.8067754000001,0,0,18.9,0,0,0.028,-0.016,-1.008,-0.1,-0.4,0
30.8167754000001,0,0,18.9,0,0,0.028,-0.016,-1.008,-0.1,-0.4,0
30.8267754000001,0,0,18.9,0,0,0.028,-0.016,-1.008,-0.1,-0.4,0
30.8367754000001,0,0,18.9,0,0,0.028,-0.016,-1.008,-0.1,-0.4,0
30.8467754000001,0,0,18.9,0,0,0.028,-0.016,-1.008,-0.1,-0.4,0
30.8567754000001,0,0,18.8,0,0,0.028,-0.018,-1.014,0.4,-0.5,0
30.8667754000001,0,0,18.8,0,0,0.028,-0.018,-1.014,0.4,-0.5,0
30.8767754000001,0,0,18.8,0,0,0.028,-0.018,-1.014,0.4,-0.5,0
30.8867754000001,0,0,18.8,0,0,0.028,-0.018,-1.014,0.4,-0.5,0
30.8967754000001,0,0,18.8,0,0,0.028,-0.018,-1.014,0.4,-0.5,0
30.9067754000001,0,0,18.9,0,0,0.029,-0.013,-0.998,0.7,-0.6,0
30.9167754000001,0,0,18.9,0,0,0.029,-0.013,-0.998,0.7,-0.6,0
30.9267754000001,0,0,18.9,0,0,0.029,-0.013,-0.998,0.7,-0.6,0
30.9367754000001,0,0,18.9,0,0,0.029,-0.013,-0.998,0.7,-0.6,0
30.9467754000001,0,0,18.9,0,0,0.029,-0.013,-0.998,0.7,-0.6,0
30.9567754000001,0,0,18.8,0,0,0.029,-0.011,-0.986,0.4,-0.6,0.1
30.9667754000001,0,0,18.8,0,0,0.029,-0.011,-0.986,0.4,-0.6,0.1
30.9767754000001,0,0,18.8,0,0,0.029,-0.011,-0.986,0.4,-0.6,0.1
30.9867754000001,0,0,18.8,0,0,0.029,-0.011,-0.986,0.4,-0.6,0.1
30.9967754000001,0,0,18.8,0,0,0.029,-0.011,-0.986,0.4,-0.6,0.1
31.0067754000001,0,0,18.8,0,0,0.029,-0.012,-0.994,0,-0.4,0
31.0167754000001,0,0,18.8,0,0,0.029,-0.012,-0.994,0,-0.4,0
31.0267754000001,0,0,18.8,0,0,0.029,-0.012,-0.994,0,-0.4,0
31.0367754000001,0,0,18.8,0,0,0.029,-0.012,-0.994,0,-0.4,0
31.0467754000001,0,0,18.8,0,0,0.029,-0.012,-0.994,0,-0.4,0
31.0567754000001,0,0,18.8,0,0,0.028,-0.014,-1.004,0.1,-0.5,0
31.0667754000001,0,0,18.8,0,0,0.028,-0.014,-1.004,0.1,-0.5,0
31.0767754000001,0,0,18.8,0,0,0.028,-0.014,-1.004,0.1,-0.5,0
31.0867754000001,0,0,18.8,0,0,0.028,-0.014,-1.004,0.1,-0.5,0
31.0967754000001,0,0,18.8,0,0,0.028,-0.014,-1.004,0.1,-0.5,0
31.1067754000001,0,0,18.9,0,0,0.029,-0.014,-1.001,0.1,-0.6,0
31.1167754000001,0,0,18.9,0,0,0.029,-0.014,-1.001,0.1,-0.6,0
31.1267754000001,0,0,18.9,0,0,0.029,-0.014,-1.001,0.1,-0.6,0
31.1367754000001,0,0,18.9,0,0,0.029,-0.014,-1.001,0.1,-0.6,0
31.1467754000001,0,0,18.9,0,0,0.029,-0.014,-1.001,0.1,-0.6,0
31.1567754000001,0,0,18.9,0,0,0.029,-0.014,-1.004,0.1,-0.6,0
31.1667754000001,0,0,18.9,0,0,0.029,-0.014,-1.004,0.1,-0.6,0
31.1767754000001,0,0,18.9,0,0,0.029,-0.014,-1.004,0.1,-0.6,0
31.1867754000001,0,0,18.9,0,0,0.029,-0.014,-1.004,0.1,-0.6,0
31.1967754000001,0,0,18.9,0,0,0.029,-0.014,-1.004,0.1,-0.6,0
31.2067754000001,0,0,18.8,0,0,0.028,-0.014,-1.007,0.1,-0.6,0
31.2167754000001,0,0,18.8,0,0,0.028,-0.014,-1.007,0.1,-0.6,0
31.2267754000001,0,0,18.8,0,0,0.028,-0.014,-1.007,0.1,-0.6,0
31.2367754000001,0,0,18.8,0,0,0.028,-0.014,-1.007,0.1,-0.6,0
31.2467754000001,0,0,18.8,0,0,0.028,-0.014,-1.007,0.1,-0.6,0
31.2567754000001,0,0,18.9,0,0,0.029,-0.015,-1.005,0.4,-0.6,0
31.2667754000001,0,0,18.9,0,0,0.029,-0.015,-1.005,0.4,-0.6,0
31.2767754000001,0,0,18.9,0,0,0.029,-0.015,-1.005,0.4,-0.6,0
31.2867754000001,0,0,18.9,0,0,0.029,-0.015,-1.005,0.4,-0.6,0
31.2967754000001,0,0,18.9,0,0,0.029,-0.015,-1.005,0.4,-0.6,0
31.3067754000001,0,0,18.9,0,0,0.028,-0.012,-1.002,0.5,-0.6,0
31.3167754000001,0,0,18.9,0,0,0.028,-0.012,-1.002,0.5,-0.6,0
31.3267754000001,0,0,18.9,0,0,0.028,-0.012,-1.002,0.5,-0.6,0
31.3367754000001,0,0,18.9,0,0,0.028,-0.012,-1.002,0.5,-0.6,0
31.3467754000001,0,0,18.9,0,0,0.028,-0.012,-1.002,0.5,-0.6,0
31.3567754000001,0,0,18.8,0,0,0.028,-0.013,-0.998,0.3,-0.6,0
31.3667754000001,0,0,18.8,0,0,0.028,-0.013,-0.998,0.3,-0.6,0
31.3767754000001,0,0,18.8,0,0,0.028,-0.013,-0.998,0.3,-0.6,0
31.3867754000001,0,0,18.8,0,0,0.028,-0.013,-0.998,0.3,-0.6,0
31.3967754000001,0,0,18.8,0,0,0.028,-0.013,-0.998,0.3,-0.6,0
31.4067754000001,0,0,18.9,0,0,0.028,-0.013,-0.999,0.2,-0.6,0
31.4167754000001,0,0,18.9,0,0,0.028,-0.013,-0.999,0.2,-0.6,0
31.4267754000001,0,0,18.9,0,0,0.028,-0.013,-0.999,0.2,-0.6,0
31.4367754000001,0,0,18.9,0,0,0.028,-0.013,-0.999,0.2,-0.6,0
31.4467754000001,0,0,18.9,0,0,0.028,-0.013,-0.999,0.2,-0.6,0
31.4567754000001,0,0,18.9,0,0,0.03,-0.013,-1.001,0.2,-0.6,0
31.4667754000001,0,0,18.9,0,0,0.03,-0.013,-1.001,0.2,-0.6,0
31.4767754000001,0,0,18.9,0,0,0.03,-0.013,-1.001,0.2,-0.6,0
31.4867754000001,0,0,18.9,0,0,0.03,-0.013,-1.001,0.2,-0.6,0
31.4967754000001,0,0,18.9,0,0,0.03,-0.013,-1.001,0.2,-0.6,0
31.5067754000001,0,0.01,18.9,0,0,0.029,-0.014,-1.001,0.2,-0.6,0
31.5167754000001,0,0.01,18.9,0,0,0.029,-0.014,-1.001,0.2,-0.6,0
31.5267754000001,0,0.01,18.9,0,0,0.029,-0.014,-1.001,0.2,-0.6,0
31.5367754000001,0,0.01,18.9,0,0,0.029,-0.014,-1.001,0.2,-0.6,0
31.5467754000001,0,0.01,18.9,0,0,0.029,-0.014,-1.001,0.2,-0.6,0
31.5567754000001,0,0,18.8,0,0,0.028,-0.013,-1.002,0.2,-0.6,0
31.5667754000001,0,0,18.8,0,0,0.028,-0.013,-1.002,0.2,-0.6,0
31.5767754000001,0,0,18.8,0,0,0.028,-0.013,-1.002,0.2,-0.6,0
31.5867754000001,0,0,18.8,0,0,0.028,-0.013,-1.002,0.2,-0.6,0
31.5967754000001,0,0,18.8,0,0,0.028,-0.013,-1.002,0.2,-0.6,0
31.6067754000001,0,0,18.9,0,0,0.028,-0.013,-1.004,0.3,-0.6,0
31.6167754000001,0,0,18.9,0,0,0.028,-0.013,-1.004,0.3,-0.6,0
31.6267754000001,0,0,18.9,0,0,0.028,-0.013,-1.004,0.3,-0.6,0
31.6367754000001,0,0,18.9,0,0,0.028,-0.013,-1.004,0.3,-0.6,0
31.6467754000001,0,0,18.9,0,0,0.028,-0.013,-1.004,0.3,-0.6,0
31.6567754000001,0,0.01,18.8,0,0,0.028,-0.015,-1.002,0.4,-0.6,0
31.6667754000001,0,0.01,18.8,0,0,0.028,-0.015,-1.002,0.4,-0.6,0
31.6767754000001,0,0.01,18.8,0,0,0.028,-0.015,-1.002,0.4,-0.6,0
31.6867754000001,0,0.01,18.8,0,0,0.028,-0.015,-1.002,0.4,-0.6,0
31.6967754000001,0,0.01,18.8,0,0,0.028,-0.015,-1.002,0.4,-0.6,0
31.7067754000001,0,0,18.9,0,0,0.029,-0.013,-0.999,0.4,-0.5,0
31.7167754000001,0,0,18.9,0,0,0.029,-0.013,-0.999,0.4,-0.5,0
31.7267754000001,0,0,18.9,0,0,0.029,-0.013,-0.999,0.4,-0.5,0
31.7367754000001,0,0,18.9,0,0,0.029,-0.013,-0.999,0.4,-0.5,0
31.7467754000001,0,0,18.9,0,0,0.029,-0.013,-0.999,0.4,-0.5,0
31.7567754000001,0,0,18.8,0,0,0.029,-0.013,-1.001,0.2,-0.6,0
31.7667754000001,0,0,18.8,0,0,0.029,-0.013,-1.001,0.2,-0.6,0
31.7767754000001,0,0,18.8,0,0,0.029,-0.013,-1.001,0.2,-0.6,0
31.7867754000001,0,0,18.8,0,0,0.029,-0.013,-1.001,0.2,-0.6,0
31.7967754000001,0,0,18.8,0,0,0.029,-0.013,-1.001,0.2,-0.6,0
31.8067754000001,0,0,18.8,0,0,0.029,-0.013,-1,0.3,-0.6,0
31.8167754000001,0,0,18.8,0,0,0.029,-0.013,-1,0.3,-0.6,0
31.8267754000001,0,0,18.8,0,0,0.029,-0.013,-1,0.3,-0.6,0
31.8367754000001,0,0,18.8,0,0,0.029,-0.013,-1,0.3,-0.6,0
31.8467754000001,0,0,18.8,0,0,0.029,-0.013,-1,0.3,-0.6,0
31.8567754000001,0,0,18.9,0,0,0.029,-0.014,-1.001,0.2,-0.5,0
31.8667754000001,0,0,18.9,0,0,0.029,-0.014,-1.001,0.2,-0.5,0
31.8767754000001,0,0,18.9,0,0,0.029,-0.014,-1.001,0.2,-0.5,0
31.8867754000001,0,0,18.9,0,0,0.029,-0.014,-1.001,0.2,-0.5,0
31.8967754000001,0,0,18.9,0,0,0.029,-0.014,-1.001,0.2,-0.5,0
31.9067754000001,0,0,18.9,0,0,0.029,-0.013,-1.002,0.2,-0.5,0
31.9167754000001,0,0,18.9,0,0,0.029,-0.013,-1.002,0.2,-0.5,0
31.9267754000001,0,0,18.9,0,0,0.029,-0.013,-1.002,0.2,-0.5,0
31.9367754000001,0,0,18.9,0,0,0.029,-0.013,-1.002,0.2,-0.5,0
31.9467754000001,0,0,18.9,0,0,0.029,-0.013,-1.002,0.2,-0.5,0
31.9567754000001,0,0,18.8,0,0,0.029,-0.014,-1.002,0.3,-0.6,0
31.9667754000001,0,0,18.8,0,0,0.029,-0.014,-1.002,0.3,-0.6,0
31.9767754000001,0,0,18.8,0,0,0.029,-0.014,-1.002,0.3,-0.6,0
31.9867754000001,0,0,18.8,0,0,0.029,-0.014,-1.002,0.3,-0.6,0
31.9967754000001,0,0,18.8,0,0,0.029,-0.014,-1.002,0.3,-0.6,0
32.0067754000001,0,0,18.9,0,0,0.029,-0.014,-1.001,0.3,-0.6,0
32.0167754000001,0,0,18.9,0,0,0.029,-0.014,-1.001,0.3,-0.6,0
32.0267754000001,0,0,18.9,0,0,0.029,-0.014,-1.001,0.3,-0.6,0
32.0367754000001,0,0,18.9,0,0,0.029,-0.014,-1.001,0.3,-0.6,0
32.0467754000001,0,0,18.9,0,0,0.029,-0.014,-1.001,0.3,-0.6,0
32.0567754000001,0,0,18.9,0,0,0.028,-0.014,-1.001,0.3,-0.6,0
32.0667754000001,0,0,18.9,0,0,0.028,-0.014,-1.001,0.3,-0.6,0
32.0767754000001,0,0,18.9,0,0,0.028,-0.014,-1.001,0.3,-0.6,0
32.0867754000001,0,0,18.9,0,0,0.028,-0.014,-1.001,0.3,-0.6,0
32.0967754000001,0,0,18.9,0,0,0.028,-0.014,-1.001,0.3,-0.6,0
32.1067754000001,0,0,18.9,0,0,0.029,-0.013,-1.001,0.3,-0.6,0
32.1167754000001,0,0,18.9,0,0,0.029,-0.013,-1.001,0.3,-0.6,0
32.1267754000001,0,0,18.9,0,0,0.029,-0.013,-1.001,0.3,-0.6,0
32.1367754000001,0,0,18.9,0,0,0.029,-0.013,-1.001,0.3,-0.6,0
32.1467754000001,0,0,18.9,0,0,0.029,-0.013,-1.001,0.3,-0.6,0
32.1567754000001,0,0,18.9,0,0,0.029,-0.013,-1,0.3,-0.6,0
32.1667754000001,0,0,18.9,0,0,0.029,-0.013,-1,0.3,-0.6,0
32.1767754000001,0,0,18.9,0,0,0.029,-0.013,-1,0.3,-0.6,0
32.1867754000001,0,0,18.9,0,0,0.029,-0.013,-1,0.3,-0.6,0
32.1967754000001,0,0,18.9,0,0,0.029,-0.013,-1,0.3,-0.6,0
32.2067754000001,0,0,18.9,0,0,0.029,-0.013,-1,0.3,-0.6,0
32.2167754000001,0,0,18.9,0,0,0.029,-0.013,-1,0.3,-0.6,0
32.2267754000001,0,0,18.9,0,0,0.029,-0.013,-1,0.3,-0.6,0
32.2367754000001,0,0,18.9,0,0,0.029,-0.013,-1,0.3,-0.6,0
32.2467754000001,0,0,18.9,0,0,0.029,-0.013,-1,0.3,-0.6,0
32.2567754000001,0,0,18.8,0,0,0.029,-0.013,-1,0.3,-0.5,0
32.2667754000001,0,0,18.8,0,0,0.029,-0.013,-1,0.3,-0.5,0
32.2767754000001,0,0,18.8,0,0,0.029,-0.013,-1,0.3,-0.5,0
32.2867754000001,0,0,18.8,0,0,0.029,-0.013,-1,0.3,-0.5,0
32.2967754000001,0,0,18.8,0,0,0.029,-0.013,-1,0.3,-0.5,0
32.3067754000001,0,0,18.9,0,0,0.028,-0.013,-1.001,0.2,-0.6,0
32.3167754000001,0,0,18.9,0,0,0.028,-0.013,-1.001,0.2,-0.6,0
32.3267754000001,0,0,18.9,0,0,0.028,-0.013,-1.001,0.2,-0.6,0
32.3367754000001,0,0,18.9,0,0,0.028,-0.013,-1.001,0.2,-0.6,0
32.3467754000001,0,0,18.9,0,0,0.028,-0.013,-1.001,0.2,-0.6,0
32.3567754000001,0,0,18.8,0,0,0.029,-0.014,-1.001,0.2,-0.5,0
32.3667754000001,0,0,18.8,0,0,0.029,-0.014,-1.001,0.2,-0.5,0
32.3767754000001,0,0,18.8,0,0,0.029,-0.014,-1.001,0.2,-0.5,0
32.3867754000001,0,0,18.8,0,0,0.029,-0.014,-1.001,0.2,-0.5,0
32.3967754000001,0,0,18.8,0,0,0.029,-0.014,-1.001,0.2,-0.5,0
32.4067754000001,0,0,18.9,0,0,0.028,-0.015,-1.002,0.2,-0.6,0
32.4167754000001,0,0,18.9,0,0,0.028,-0.015,-1.002,0.2,-0.6,0
32.4267754000001,0,0,18.9,0,0,0.028,-0.015,-1.002,0.2,-0.6,0
32.4367754000001,0,0,18.9,0,0,0.028,-0.015,-1.002,0.2,-0.6,0
32.4467754000001,0,0,18.9,0,0,0.028,-0.015,-1.002,0.2,-0.6,0
32.4567754000001,0,0,18.8,0,0,0.029,-0.013,-1.002,0.4,-0.6,0.1
32.4667754000001,0,0,18.8,0,0,0.029,-0.013,-1.002,0.4,-0.6,0.1
32.4767754000001,0,0,18.8,0,0,0.029,-0.013,-1.002,0.4,-0.6,0.1
32.4867754000001,0,0,18.8,0,0,0.029,-0.013,-1.002,0.4,-0.6,0.1
32.4967754000001,0,0,18.8,0,0,0.029,-0.013,-1.002,0.4,-0.6,0.1
32.5067754000001,0,0,18.8,0,0,0.028,-0.013,-0.999,0.3,-0.5,0
32.5167754000001,0,0,18.8,0,0,0.028,-0.013,-0.999,0.3,-0.5,0
32.5267754000001,0,0,18.8,0,0,0.028,-0.013,-0.999,0.3,-0.5,0
32.5367754000001,0,0,18.8,0,0,0.028,-0.013,-0.999,0.3,-0.5,0
32.5467754000001,0,0,18.8,0,0,0.028,-0.013,-0.999,0.3,-0.5,0
32.5567754000001,0,0,18.9,0,0,0.029,-0.014,-1,0.3,-0.6,0
32.5667754000001,0,0,18.9,0,0,0.029,-0.014,-1,0.3,-0.6,0
32.5767754000001,0,0,18.9,0,0,0.029,-0.014,-1,0.3,-0.6,0
32.5867754000001,0,0,18.9,0,0,0.029,-0.014,-1,0.3,-0.6,0
32.5967754000001,0,0,18.9,0,0,0.029,-0.014,-1,0.3,-0.6,0
32.6067754000001,0,0,18.9,0,0,0.029,-0.012,-0.999,0.3,-0.6,0
32.6167754000001,0,0,18.9,0,0,0.029,-0.012,-0.999,0.3,-0.6,0
32.6267754000001,0,0,18.9,0,0,0.029,-0.012,-0.999,0.3,-0.6,0
32.6367754000001,0,0,18.9,0,0,0.029,-0.012,-0.999,0.3,-0.6,0
32.6467754000001,0,0,18.9,0,0,0.029,-0.012,-0.999,0.3,-0.6,0
32.6567754000001,0,0,18.8,0,0,0.029,-0.014,-1.002,0.3,-0.6,0
32.6667754000001,0,0,18.8,0,0,0.029,-0.014,-1.002,0.3,-0.6,0
32.6767754000001,0,0,18.8,0,0,0.029,-0.014,-1.002,0.3,-0.6,0
32.6867754000001,0,0,18.8,0,0,0.029,-0.014,-1.002,0.3,-0.6,0
32.6967754000001,0,0,18.8,0,0,0.029,-0.014,-1.002,0.3,-0.6,0
32.7067754000001,0,0,18.8,0,0,0.028,-0.013,-1.001,0.3,-0.6,0
32.7167754000001,0,0,18.8,0,0,0.028,-0.013,-1.001,0.3,-0.6,0
32.7267754000001,0,0,18.8,0,0,0.028,-0.013,-1.001,0.3,-0.6,0
32.7367754000001,0,0,18.8,0,0,0.028,-0.013,-1.001,0.3,-0.6,0
32.7467754000001,0,0,18.8,0,0,0.028,-0.013,-1.001,0.3,-0.6,0
32.7567754000001,0,0,18.8,0,0,0.028,-0.013,-1.001,0.3,-0.6,0
32.7667754000001,0,0,18.8,0,0,0.028,-0.013,-1.001,0.3,-0.6,0
32.7767754000001,0,0,18.8,0,0,0.028,-0.013,-1.001,0.3,-0.6,0
32.7867754000001,0,0,18.8,0,0,0.028,-0.013,-1.001,0.3,-0.6,0
32.7967754000001,0,0,18.8,0,0,0.028,-0.013,-1.001,0.3,-0.6,0
32.8067754000001,0,0,18.9,0,0,0.028,-0.014,-1.002,0.3,-0.6,0
32.8167754000001,0,0,18.9,0,0,0.028,-0.014,-1.002,0.3,-0.6,0
32.8267754000001,0,0,18.9,0,0,0.028,-0.014,-1.002,0.3,-0.6,0
32.8367754000001,0,0,18.9,0,0,0.028,-0.014,-1.002,0.3,-0.6,0
32.8467754000001,0,0,18.9,0,0,0.028,-0.014,-1.002,0.3,-0.6,0
32.8567754000001,0,0,18.8,0,0,0.029,-0.014,-1,0.3,-0.5,0
32.8667754000001,0,0,18.8,0,0,0.029,-0.014,-1,0.3,-0.5,0
32.8767754000001,0,0,18.8,0,0,0.029,-0.014,-1,0.3,-0.5,0
32.8867754000001,0,0,18.8,0,0,0.029,-0.014,-1,0.3,-0.5,0
32.8967754000001,0,0,18.8,0,0,0.029,-0.014,-1,0.3,-0.5,0
32.9067754000001,0,0,18.9,0,0,0.029,-0.013,-1.003,0.3,-0.5,0
32.9167754000001,0,0,18.9,0,0,0.029,-0.013,-1.003,0.3,-0.5,0
32.9267754000001,0,0,18.9,0,0,0.029,-0.013,-1.003,0.3,-0.5,0
32.9367754000001,0,0,18.9,0,0,0.029,-0.013,-1.003,0.3,-0.5,0
32.9467754000001,0,0,18.9,0,0,0.029,-0.013,-1.003,0.3,-0.5,0
32.9567754000001,0,0,18.8,0,0,0.028,-0.014,-1.001,0.3,-0.5,0
32.9667754000001,0,0,18.8,0,0,0.028,-0.014,-1.001,0.3,-0.5,0
32.9767754000001,0,0,18.8,0,0,0.028,-0.014,-1.001,0.3,-0.5,0
32.9867754000001,0,0,18.8,0,0,0.028,-0.014,-1.001,0.3,-0.5,0
32.9967754000001,0,0,18.8,0,0,0.028,-0.014,-1.001,0.3,-0.5,0
33.0067754000001,0,0,18.9,0,0,0.028,-0.013,-1.001,0.3,-0.6,0
33.0167754000001,0,0,18.9,0,0,0.028,-0.013,-1.001,0.3,-0.6,0
33.0267754000001,0,0,18.9,0,0,0.028,-0.013,-1.001,0.3,-0.6,0
33.0367754000001,0,0,18.9,0,0,0.028,-0.013,-1.001,0.3,-0.6,0
33.0467754000001,0,0,18.9,0,0,0.028,-0.013,-1.001,0.3,-0.6,0
33.0567754000001,0,0,18.8,0,0,0.028,-0.012,-1.001,0.2,-0.6,0
33.0667754000001,0,0,18.8,0,0,0.028,-0.012,-1.001,0.2,-0.6,0
33.0767754000001,0,0,18.8,0,0,0.028,-0.012,-1.001,0.2,-0.6,0
33.0867754000001,0,0,18.8,0,0,0.028,-0.012,-1.001,0.2,-0.6,0
33.0967754000001,0,0,18.8,0,0,0.028,-0.012,-1.001,0.2,-0.6,0
33.1067754000001,0,0,18.8,0,0,0.029,-0.014,-1.001,0.3,-0.6,0
33.1167754000001,0,0,18.8,0,0,0.029,-0.014,-1.001,0.3,-0.6,0
33.1267754000001,0,0,18.8,0,0,0.029,-0.014,-1.001,0.3,-0.6,0
33.1367754000001,0,0,18.8,0,0,0.029,-0.014,-1.001,0.3,-0.6,0
33.1467754000001,0,0,18.8,0,0,0.029,-0.014,-1.001,0.3,-0.6,0
33.1567754000001,0,0,18.8,0,0,0.028,-0.014,-1.001,0.3,-0.6,0
33.1667754000001,0,0,18.8,0,0,0.028,-0.014,-1.001,0.3,-0.6,0
33.1767754000001,0,0,18.8,0,0,0.028,-0.014,-1.001,0.3,-0.6,0
33.1867754000001,0,0,18.8,0,0,0.028,-0.014,-1.001,0.3,-0.6,0
33.1967754000001,0,0,18.8,0,0,0.028,-0.014,-1.001,0.3,-0.6,0
33.2067754000001,0,0,18.9,0,0,0.028,-0.014,-1.001,0.3,-0.6,0
33.2167754000001,0,0,18.9,0,0,0.028,-0.014,-1.001,0.3,-0.6,0
33.2267754000001,0,0,18.9,0,0,0.028,-0.014,-1.001,0.3,-0.6,0
33.2367754000001,0,0,18.9,0,0,0.028,-0.014,-1.001,0.3,-0.6,0
33.2467754000001,0,0,18.9,0,0,0.028,-0.014,-1.001,0.3,-0.6,0
33.2567754000001,0,0,18.9,0,0,0.029,-0.013,-1.002,0.3,-0.6,0
33.2667754,0,0,18.9,0,0,0.029,-0.013,-1.002,0.3,-0.6,0
33.2767754000001,0,0,18.9,0,0,0.029,-0.013,-1.002,0.3,-0.6,0
33.2867754000001,0,0,18.9,0,0,0.029,-0.013,-1.002,0.3,-0.6,0
33.2967754000001,0,0,18.9,0,0,0.029,-0.013,-1.002,0.3,-0.6,0
33.3067754,0,0,18.8,0,0,0.029,-0.014,-1,0.3,-0.6,0
33.3167754,0,0,18.8,0,0,0.029,-0.014,-1,0.3,-0.6,0
33.3267754000001,0,0,18.8,0,0,0.029,-0.014,-1,0.3,-0.6,0
33.3367754000001,0,0,18.8,0,0,0.029,-0.014,-1,0.3,-0.6,0
33.3467754,0,0,18.8,0,0,0.029,-0.014,-1,0.3,-0.6,0
33.3567754,0,0,18.8,0,0,0.029,-0.014,-1,0.3,-0.6,0
33.3667754,0,0,18.8,0,0,0.029,-0.014,-1,0.3,-0.6,0
33.3767754,0,0,18.8,0,0,0.029,-0.014,-1,0.3,-0.6,0
33.3867754,0,0,18.8,0,0,0.029,-0.014,-1,0.3,-0.6,0
33.3967754,0,0,18.8,0,0,0.029,-0.014,-1,0.3,-0.6,0
33.4067754,0,0,18.9,0,0,0.028,-0.013,-1.001,0.3,-0.6,0
33.4167754,0,0,18.9,0,0,0.028,-0.013,-1.001,0.3,-0.6,0
33.4267754,0,0,18.9,0,0,0.028,-0.013,-1.001,0.3,-0.6,0
33.4367754,0,0,18.9,0,0,0.028,-0.013,-1.001,0.3,-0.6,0
33.4467754,0,0,18.9,0,0,0.028,-0.013,-1.001,0.3,-0.6,0
33.4567754,0,0.01,18.9,0,0,0.029,-0.013,-1.002,0.2,-0.6,0
33.4667754,0,0.01,18.9,0,0,0.029,-0.013,-1.002,0.2,-0.6,0
33.4767754,0,0.01,18.9,0,0,0.029,-0.013,-1.002,0.2,-0.6,0
33.4867754,0,0.01,18.9,0,0,0.029,-0.013,-1.002,0.2,-0.6,0
33.4967754,0,0.01,18.9,0,0,0.029,-0.013,-1.002,0.2,-0.6,0
33.5067754,0,0,18.9,0,0,0.028,-0.014,-1,0.3,-0.5,0
33.5167754,0,0,18.9,0,0,0.028,-0.014,-1,0.3,-0.5,0
33.5267754,0,0,18.9,0,0,0.028,-0.014,-1,0.3,-0.5,0
33.5367754,0,0,18.9,0,0,0.028,-0.014,-1,0.3,-0.5,0
33.5467754,0,0,18.9,0,0,0.028,-0.014,-1,0.3,-0.5,0
33.5567754,0,0,18.9,0,0,0.03,-0.013,-1.002,0.2,-0.5,0
33.5667754,0,0,18.9,0,0,0.03,-0.013,-1.002,0.2,-0.5,0
33.5767754,0,0,18.9,0,0,0.03,-0.013,-1.002,0.2,-0.5,0
33.5867754,0,0,18.9,0,0,0.03,-0.013,-1.002,0.2,-0.5,0
33.5967754,0,0,18.9,0,0,0.03,-0.013,-1.002,0.2,-0.5,0
33.6067754,0,0,18.9,0,0,0.029,-0.013,-1.002,0.2,-0.5,0
33.6167754,0,0,18.9,0,0,0.029,-0.013,-1.002,0.2,-0.5,0
33.6267754,0,0,18.9,0,0,0.029,-0.013,-1.002,0.2,-0.5,0
33.6367754,0,0,18.9,0,0,0.029,-0.013,-1.002,0.2,-0.5,0
33.6467754,0,0,18.9,0,0,0.029,-0.013,-1.002,0.2,-0.5,0
33.6567754,0,0,18.9,0,0,0.028,-0.014,-1.002,0.3,-0.6,0
33.6667754,0,0,18.9,0,0,0.028,-0.014,-1.002,0.3,-0.6,0
33.6767754,0,0,18.9,0,0,0.028,-0.014,-1.002,0.3,-0.6,0
33.6867754,0,0,18.9,0,0,0.028,-0.014,-1.002,0.3,-0.6,0
33.6967754,0,0,18.9,0,0,0.028,-0.014,-1.002,0.3,-0.6,0
33.7067754,0,0,18.8,0,0,0.028,-0.012,-1,0.2,-0.6,0
33.7167754,0,0,18.8,0,0,0.028,-0.012,-1,0.2,-0.6,0
33.7267754,0,0,18.8,0,0,0.028,-0.012,-1,0.2,-0.6,0
33.7367754,0,0,18.8,0,0,0.028,-0.012,-1,0.2,-0.6,0
33.7467754,0,0,18.8,0,0,0.028,-0.012,-1,0.2,-0.6,0
33.7567754,0,0,18.8,0,0,0.029,-0.014,-1.001,0.3,-0.6,0
33.7667754,0,0,18.8,0,0,0.029,-0.014,-1.001,0.3,-0.6,0
33.7767754,0,0,18.8,0,0,0.029,-0.014,-1.001,0.3,-0.6,0
33.7867754,0,0,18.8,0,0,0.029,-0.014,-1.001,0.3,-0.6,0
33.7967754,0,0,18.8,0,0,0.029,-0.014,-1.001,0.3,-0.6,0
33.8067754,0,0.01,18.8,0,0,0.029,-0.013,-1,0.3,-0.6,0
33.8167754,0,0.01,18.8,0,0,0.029,-0.013,-1,0.3,-0.6,0
33.8267754,0,0.01,18.8,0,0,0.029,-0.013,-1,0.3,-0.6,0
33.8367754,0,0.01,18.8,0,0,0.029,-0.013,-1,0.3,-0.6,0
33.8467754,0,0.01,18.8,0,0,0.029,-0.013,-1,0.3,-0.6,0
33.8567754,0,0,18.9,0,0,0.028,-0.013,-1.001,0.3,-0.6,0
33.8667754,0,0,18.9,0,0,0.028,-0.013,-1.001,0.3,-0.6,0
33.8767754,0,0,18.9,0,0,0.028,-0.013,-1.001,0.3,-0.6,0
33.8867754,0,0,18.9,0,0,0.028,-0.013,-1.001,0.3,-0.6,0
33.8967754,0,0,18.9,0,0,0.028,-0.013,-1.001,0.3,-0.6,0
33.9067754,0,0,18.9,0,0,0.028,-0.014,-1.001,0.3,-0.6,0
33.9167754,0,0,18.9,0,0,0.028,-0.014,-1.001,0.3,-0.6,0
33.9267754,0,0,18.9,0,0,0.028,-0.014,-1.001,0.3,-0.6,0
33.9367754,0,0,18.9,0,0,0.028,-0.014,-1.001,0.3,-0.6,0
33.9467754,0,0,18.9,0,0,0.028,-0.014,-1.001,0.3,-0.6,0
33.9567754,0,0.01,18.8,0,0,0.029,-0.014,-1.002,0.2,-0.5,0
33.9667754,0,0.01,18.8,0,0,0.029,-0.014,-1.002,0.2,-0.5,0
33.9767754,0,0.01,18.8,0,0,0.029,-0.014,-1.002,0.2,-0.5,0
33.9867754,0,0.01,18.8,0,0,0.029,-0.014,-1.002,0.2,-0.5,0
33.9967754,0,0.01,18.8,0,0,0.029,-0.014,-1.002,0.2,-0.5,0
34.0067754,0,0,18.8,0,0,0.027,-0.013,-1.003,0.3,-0.6,0
34.0167754,0,0,18.8,0,0,0.027,-0.013,-1.003,0.3,-0.6,0
34.0267754,0,0,18.8,0,0,0.027,-0.013,-1.003,0.3,-0.6,0
34.0367754,0,0,18.8,0,0,0.027,-0.013,-1.003,0.3,-0.6,0
34.0467754,0,0,18.8,0,0,0.027,-0.013,-1.003,0.3,-0.6,0
34.0567754,0,0,18.9,0,0,0.029,-0.014,-1,0.3,-0.6,0
34.0667754,0,0,18.9,0,0,0.029,-0.014,-1,0.3,-0.6,0
34.0767754,0,0,18.9,0,0,0.029,-0.014,-1,0.3,-0.6,0
34.0867754,0,0,18.9,0,0,0.029,-0.014,-1,0.3,-0.6,0
34.0967754,0,0,18.9,0,0,0.029,-0.014,-1,0.3,-0.6,0
34.1067754,0,0,18.9,0,0,0.028,-0.012,-1.002,0.3,-0.6,0
34.1167754,0,0,18.9,0,0,0.028,-0.012,-1.002,0.3,-0.6,0
34.1267754,0,0,18.9,0,0,0.028,-0.012,-1.002,0.3,-0.6,0
34.1367754,0,0,18.9,0,0,0.028,-0.012,-1.002,0.3,-0.6,0
34.1467754,0,0,18.9,0,0,0.028,-0.012,-1.002,0.3,-0.6,0
34.1567754,0,0,18.9,0,0,0.029,-0.014,-1.001,0.3,-0.6,0
34.1667754,0,0,18.9,0,0,0.029,-0.014,-1.001,0.3,-0.6,0
34.1767754,0,0,18.9,0,0,0.029,-0.014,-1.001,0.3,-0.6,0
34.1867754,0,0,18.9,0,0,0.029,-0.014,-1.001,0.3,-0.6,0
34.1967754,0,0,18.9,0,0,0.029,-0.014,-1.001,0.3,-0.6,0
34.2067754,0,0,18.9,0,0,0.028,-0.013,-1.001,0.3,-0.6,0
34.2167754,0,0,18.9,0,0,0.028,-0.013,-1.001,0.3,-0.6,0
34.2267754,0,0,18.9,0,0,0.028,-0.013,-1.001,0.3,-0.6,0
34.2367754,0,0,18.9,0,0,0.028,-0.013,-1.001,0.3,-0.6,0
34.2467754,0,0,18.9,0,0,0.028,-0.013,-1.001,0.3,-0.6,0
34.2567754,0,0,18.9,0,0,0.029,-0.014,-1.001,0.3,-0.6,0
34.2667754,0,0,18.9,0,0,0.029,-0.014,-1.001,0.3,-0.6,0
34.2767754,0,0,18.9,0,0,0.029,-0.014,-1.001,0.3,-0.6,0
34.2867754,0,0,18.9,0,0,0.029,-0.014,-1.001,0.3,-0.6,0
34.2967754,0,0,18.9,0,0,0.029,-0.014,-1.001,0.3,-0.6,0
34.3067754,0,0,18.9,0,0,0.029,-0.013,-1.003,0.3,-0.5,0
34.3167754,0,0,18.9,0,0,0.029,-0.013,-1.003,0.3,-0.5,0
34.3267754,0,0,18.9,0,0,0.029,-0.013,-1.003,0.3,-0.5,0
34.3367754,0,0,18.9,0,0,0.029,-0.013,-1.003,0.3,-0.5,0
34.3467754,0,0,18.9,0,0,0.029,-0.013,-1.003,0.3,-0.5,0
34.3567754,0,0,18.8,0,0,0.028,-0.015,-1.003,0.2,-0.6,0
34.3667754,0,0,18.8,0,0,0.028,-0.015,-1.003,0.2,-0.6,0
34.3767754,0,0,18.8,0,0,0.028,-0.015,-1.003,0.2,-0.6,0
34.3867754,0,0,18.8,0,0,0.028,-0.015,-1.003,0.2,-0.6,0
34.3967754,0,0,18.8,0,0,0.028,-0.015,-1.003,0.2,-0.6,0
34.4067754,0,0,18.9,0,0,0.028,-0.014,-1.001,0.3,-0.6,0
34.4167754,0,0,18.9,0,0,0.028,-0.014,-1.001,0.3,-0.6,0
34.4267754,0,0,18.9,0,0,0.028,-0.014,-1.001,0.3,-0.6,0
34.4367754,0,0,18.9,0,0,0.028,-0.014,-1.001,0.3,-0.6,0
34.4467754,0,0,18.9,0,0,0.028,-0.014,-1.001,0.3,-0.6,0
34.4567754,0,0,18.8,0,0,0.029,-0.014,-1.002,0.3,-0.6,0
34.4667754,0,0,18.8,0,0,0.029,-0.014,-1.002,0.3,-0.6,0
34.4767754,0,0,18.8,0,0,0.029,-0.014,-1.002,0.3,-0.6,0
34.4867754,0,0,18.8,0,0,0.029,-0.014,-1.002,0.3,-0.6,0
34.4967754,0,0,18.8,0,0,0.029,-0.014,-1.002,0.3,-0.6,0
34.5067754,0,0,18.9,0,0,0.029,-0.013,-1.001,0.3,-0.6,0
34.5167754,0,0,18.9,0,0,0.029,-0.013,-1.001,0.3,-0.6,0
34.5267754,0,0,18.9,0,0,0.029,-0.013,-1.001,0.3,-0.6,0
34.5367754,0,0,18.9,0,0,0.029,-0.013,-1.001,0.3,-0.6,0
34.5467754,0,0,18.9,0,0,0.029,-0.013,-1.001,0.3,-0.6,0
34.5567754,0,0,18.9,0,0,0.029,-0.014,-1.001,0.3,-0.6,0
34.5667754,0,0,18.9,0,0,0.029,-0.014,-1.001,0.3,-0.6,0
34.5767754,0,0,18.9,0,0,0.029,-0.014,-1.001,0.3,-0.6,0
34.5867754,0,0,18.9,0,0,0.029,-0.014,-1.001,0.3,-0.6,0
34.5967754,0,0,18.9,0,0,0.029,-0.014,-1.001,0.3,-0.6,0
34.6067754,0,0,18.9,0,0,0.028,-0.014,-1.001,0.3,-0.5,0
34.6167754,0,0,18.9,0,0,0.028,-0.014,-1.001,0.3,-0.5,0
34.6267754,0,0,18.9,0,0,0.028,-0.014,-1.001,0.3,-0.5,0
34.6367754,0,0,18.9,0,0,0.028,-0.014,-1.001,0.3,-0.5,0
34.6467754,0,0,18.9,0,0,0.028,-0.014,-1.001,0.3,-0.5,0
34.6567754,0,0,18.9,0,0,0.029,-0.013,-1,0.4,-0.6,0
34.6667754,0,0,18.9,0,0,0.029,-0.013,-1,0.4,-0.6,0
34.6767754,0,0,18.9,0,0,0.029,-0.013,-1,0.4,-0.6,0
34.6867754,0,0,18.9,0,0,0.029,-0.013,-1,0.4,-0.6,0
34.6967754,0,0,18.9,0,0,0.029,-0.013,-1,0.4,-0.6,0
34.7067754,0,0.01,18.8,0,0,0.029,-0.014,-1.003,0.2,-0.6,0
34.7167754,0,0.01,18.8,0,0,0.029,-0.014,-1.003,0.2,-0.6,0
34.7267754,0,0.01,18.8,0,0,0.029,-0.014,-1.003,0.2,-0.6,0
34.7367754,0,0.01,18.8,0,0,0.029,-0.014,-1.003,0.2,-0.6,0
34.7467754,0,0.01,18.8,0,0,0.029,-0.014,-1.003,0.2,-0.6,0
34.7567754,0,0,18.9,0,0,0.029,-0.014,-1.002,0.3,-0.6,0
34.7667754,0,0,18.9,0,0,0.029,-0.014,-1.002,0.3,-0.6,0
34.7767754,0,0,18.9,0,0,0.029,-0.014,-1.002,0.3,-0.6,0
34.7867754,0,0,18.9,0,0,0.029,-0.014,-1.002,0.3,-0.6,0
34.7967754,0,0,18.9,0,0,0.029,-0.014,-1.002,0.3,-0.6,0
34.8067754,0,0,18.9,0,0,0.028,-0.014,-1.002,0.3,-0.6,0
34.8167754,0,0,18.9,0,0,0.028,-0.014,-1.002,0.3,-0.6,0
34.8267754,0,0,18.9,0,0,0.028,-0.014,-1.002,0.3,-0.6,0
34.8367754,0,0,18.9,0,0,0.028,-0.014,-1.002,0.3,-0.6,0
34.8467754,0,0,18.9,0,0,0.028,-0.014,-1.002,0.3,-0.6,0
34.8567754,0,0.01,18.8,0,0,0.029,-0.013,-1,0.3,-0.6,0
34.8667754,0,0.01,18.8,0,0,0.029,-0.013,-1,0.3,-0.6,0
34.8767754,0,0.01,18.8,0,0,0.029,-0.013,-1,0.3,-0.6,0
34.8867754,0,0.01,18.8,0,0,0.029,-0.013,-1,0.3,-0.6,0
34.8967754,0,0.01,18.8,0,0,0.029,-0.013,-1,0.3,-0.6,0
34.9067754,0,0,18.9,0,0,0.03,-0.013,-1,0.3,-0.5,0
34.9167754,0,0,18.9,0,0,0.03,-0.013,-1,0.3,-0.5,0
34.9267754,0,0,18.9,0,0,0.03,-0.013,-1,0.3,-0.5,0
34.9367754,0,0,18.9,0,0,0.03,-0.013,-1,0.3,-0.5,0
34.9467754,0,0,18.9,0,0,0.03,-0.013,-1,0.3,-0.5,0
34.9567754,0,0,18.9,0,0,0.028,-0.014,-1,0.3,-0.6,0
34.9667754,0,0,18.9,0,0,0.028,-0.014,-1,0.3,-0.6,0
34.9767754,0,0,18.9,0,0,0.028,-0.014,-1,0.3,-0.6,0
34.9867754,0,0,18.9,0,0,0.028,-0.014,-1,0.3,-0.6,0
34.9967754,0,0,18.9,0,0,0.028,-0.014,-1,0.3,-0.6,0
35.0067754,0,0,18.9,0,0,0.028,-0.014,-1.002,0.3,-0.6,0
35.0167754,0,0,18.9,0,0,0.028,-0.014,-1.002,0.3,-0.6,0
35.0267754,0,0,18.9,0,0,0.028,-0.014,-1.002,0.3,-0.6,0
35.0367754,0,0,18.9,0,0,0.028,-0.014,-1.002,0.3,-0.6,0
35.0467754,0,0,18.9,0,0,0.028,-0.014,-1.002,0.3,-0.6,0
35.0567753999999,0,0,18.9,0,0,0.03,-0.013,-1.001,0.3,-0.6,0
35.0667753999999,0,0,18.9,0,0,0.03,-0.013,-1.001,0.3,-0.6,0
35.0767754,0,0,18.9,0,0,0.03,-0.013,-1.001,0.3,-0.6,0
35.0867754,0,0,18.9,0,0,0.03,-0.013,-1.001,0.3,-0.6,0
35.0967753999999,0,0,18.9,0,0,0.03,-0.013,-1.001,0.3,-0.6,0
35.1067753999999,0,0,18.8,0,0,0.027,-0.013,-1.001,0.3,-0.6,0
35.1167753999999,0,0,18.8,0,0,0.027,-0.013,-1.001,0.3,-0.6,0
35.1267753999999,0,0,18.8,0,0,0.027,-0.013,-1.001,0.3,-0.6,0
35.1367753999999,0,0,18.8,0,0,0.027,-0.013,-1.001,0.3,-0.6,0
35.1467753999999,0,0,18.8,0,0,0.027,-0.013,-1.001,0.3,-0.6,0
35.1567753999999,0,0,18.8,0,0,0.028,-0.015,-1.003,0.3,-0.6,0
35.1667753999999,0,0,18.8,0,0,0.028,-0.015,-1.003,0.3,-0.6,0
35.1767753999999,0,0,18.8,0,0,0.028,-0.015,-1.003,0.3,-0.6,0
35.1867753999999,0,0,18.8,0,0,0.028,-0.015,-1.003,0.3,-0.6,0
35.1967753999999,0,0,18.8,0,0,0.028,-0.015,-1.003,0.3,-0.6,0
35.2067753999999,0,0,18.9,0,0,0.028,-0.014,-1.001,0.3,-0.6,0
35.2167753999999,0,0,18.9,0,0,0.028,-0.014,-1.001,0.3,-0.6,0
35.2267753999999,0,0,18.9,0,0,0.028,-0.014,-1.001,0.3,-0.6,0
35.2367753999999,0,0,18.9,0,0,0.028,-0.014,-1.001,0.3,-0.6,0
35.2467753999999,0,0,18.9,0,0,0.028,-0.014,-1.001,0.3,-0.6,0
35.2567753999999,0,0,18.8,0,0,0.028,-0.013,-1.002,0.3,-0.6,0.1
35.2667753999999,0,0,18.8,0,0,0.028,-0.013,-1.002,0.3,-0.6,0.1
35.2767753999999,0,0,18.8,0,0,0.028,-0.013,-1.002,0.3,-0.6,0.1
35.2867753999999,0,0,18.8,0,0,0.028,-0.013,-1.002,0.3,-0.6,0.1
35.2967753999999,0,0,18.8,0,0,0.028,-0.013,-1.002,0.3,-0.6,0.1
35.3067753999999,0,0,18.8,0,0,0.03,-0.014,-1.003,0.3,-0.6,0
35.3167753999999,0,0,18.8,0,0,0.03,-0.014,-1.003,0.3,-0.6,0
35.3267753999999,0,0,18.8,0,0,0.03,-0.014,-1.003,0.3,-0.6,0
35.3367753999999,0,0,18.8,0,0,0.03,-0.014,-1.003,0.3,-0.6,0
35.3467753999999,0,0,18.8,0,0,0.03,-0.014,-1.003,0.3,-0.6,0
35.3567753999999,0,0,18.9,0,0,0.029,-0.013,-1.001,0.3,-0.6,0
35.3667753999999,0,0,18.9,0,0,0.029,-0.013,-1.001,0.3,-0.6,0
35.3767753999999,0,0,18.9,0,0,0.029,-0.013,-1.001,0.3,-0.6,0
35.3867753999999,0,0,18.9,0,0,0.029,-0.013,-1.001,0.3,-0.6,0
35.3967753999999,0,0,18.9,0,0,0.029,-0.013,-1.001,0.3,-0.6,0
35.4067753999999,0,0,18.8,0,0,0.029,-0.013,-1.002,0.3,-0.5,0
35.4167753999999,0,0,18.8,0,0,0.029,-0.013,-1.002,0.3,-0.5,0
35.4267753999999,0,0,18.8,0,0,0.029,-0.013,-1.002,0.3,-0.5,0
35.4367753999999,0,0,18.8,0,0,0.029,-0.013,-1.002,0.3,-0.5,0
35.4467753999999,0,0,18.8,0,0,0.029,-0.013,-1.002,0.3,-0.5,0
35.4567753999999,0,0,18.8,0,0,0.028,-0.014,-1.002,0.3,-0.5,0
35.4667753999999,0,0,18.8,0,0,0.028,-0.014,-1.002,0.3,-0.5,0
35.4767753999999,0,0,18.8,0,0,0.028,-0.014,-1.002,0.3,-0.5,0
35.4867753999999,0,0,18.8,0,0,0.028,-0.014,-1.002,0.3,-0.5,0
35.4967753999999,0,0,18.8,0,0,0.028,-0.014,-1.002,0.3,-0.5,0
35.5067753999999,0,0,18.9,0,0,0.029,-0.013,-1.003,0.2,-0.6,0
35.5167753999999,0,0,18.9,0,0,0.029,-0.013,-1.003,0.2,-0.6,0
35.5267753999999,0,0,18.9,0,0,0.029,-0.013,-1.003,0.2,-0.6,0
35.5367753999999,0,0,18.9,0,0,0.029,-0.013,-1.003,0.2,-0.6,0
35.5467753999999,0,0,18.9,0,0,0.029,-0.013,-1.003,0.2,-0.6,0
35.5567753999999,0,0,18.9,0,0,0.028,-0.013,-1,0.3,-0.6,0
35.5667753999999,0,0,18.9,0,0,0.028,-0.013,-1,0.3,-0.6,0
35.5767753999999,0,0,18.9,0,0,0.028,-0.013,-1,0.3,-0.6,0
35.5867753999999,0,0,18.9,0,0,0.028,-0.013,-1,0.3,-0.6,0
35.5967753999999,0,0,18.9,0,0,0.028,-0.013,-1,0.3,-0.6,0
35.6067753999999,0,0,18.9,0,0,0.028,-0.014,-1.001,0.3,-0.6,0
35.6167753999999,0,0,18.9,0,0,0.028,-0.014,-1.001,0.3,-0.6,0
35.6267753999999,0,0,18.9,0,0,0.028,-0.014,-1.001,0.3,-0.6,0
35.6367753999999,0,0,18.9,0,0,0.028,-0.014,-1.001,0.3,-0.6,0
35.6467753999999,0,0,18.9,0,0,0.028,-0.014,-1.001,0.3,-0.6,0
35.6567753999999,0,0,18.9,0,0,0.028,-0.012,-1.002,0.3,-0.7,0
35.6667753999999,0,0,18.9,0,0,0.028,-0.012,-1.002,0.3,-0.7,0
35.6767753999999,0,0,18.9,0,0,0.028,-0.012,-1.002,0.3,-0.7,0
35.6867753999999,0,0,18.9,0,0,0.028,-0.012,-1.002,0.3,-0.7,0
35.6967753999999,0,0,18.9,0,0,0.028,-0.012,-1.002,0.3,-0.7,0
35.7067753999999,0,0,18.8,0,0,0.029,-0.014,-1.001,0.3,-0.6,0
35.7167753999999,0,0,18.8,0,0,0.029,-0.014,-1.001,0.3,-0.6,0
35.7267753999999,0,0,18.8,0,0,0.029,-0.014,-1.001,0.3,-0.6,0
35.7367753999999,0,0,18.8,0,0,0.029,-0.014,-1.001,0.3,-0.6,0
35.7467753999999,0,0,18.8,0,0,0.029,-0.014,-1.001,0.3,-0.6,0
35.7567753999999,0,0,18.9,0,0,0.028,-0.014,-1.002,0.3,-0.6,0
35.7667753999999,0,0,18.9,0,0,0.028,-0.014,-1.002,0.3,-0.6,0
35.7767753999999,0,0,18.9,0,0,0.028,-0.014,-1.002,0.3,-0.6,0
35.7867753999999,0,0,18.9,0,0,0.028,-0.014,-1.002,0.3,-0.6,0
35.7967753999999,0,0,18.9,0,0,0.028,-0.014,-1.002,0.3,-0.6,0
35.8067753999999,0,0,18.8,0,0,0.029,-0.014,-1.003,0.3,-0.6,0
35.8167753999999,0,0,18.8,0,0,0.029,-0.014,-1.003,0.3,-0.6,0
35.8267753999999,0,0,18.8,0,0,0.029,-0.014,-1.003,0.3,-0.6,0
35.8367753999999,0,0,18.8,0,0,0.029,-0.014,-1.003,0.3,-0.6,0
35.8467753999999,0,0,18.8,0,0,0.029,-0.014,-1.003,0.3,-0.6,0
35.8567753999999,0,0,18.8,0,0,0.029,-0.012,-1,0.3,-0.5,0
35.8667753999999,0,0,18.8,0,0,0.029,-0.012,-1,0.3,-0.5,0
35.8767753999999,0,0,18.8,0,0,0.029,-0.012,-1,0.3,-0.5,0
35.8867753999999,0,0,18.8,0,0,0.029,-0.012,-1,0.3,-0.5,0
35.8967753999999,0,0,18.8,0,0,0.029,-0.012,-1,0.3,-0.5,0
35.9067753999999,0,0,18.9,0,0,0.029,-0.015,-1.002,0.2,-0.5,0
35.9167753999999,0,0,18.9,0,0,0.029,-0.015,-1.002,0.2,-0.5,0
35.9267753999999,0,0,18.9,0,0,0.029,-0.015,-1.002,0.2,-0.5,0
35.9367753999999,0,0,18.9,0,0,0.029,-0.015,-1.002,0.2,-0.5,0
35.9467753999999,0,0,18.9,0,0,0.029,-0.015,-1.002,0.2,-0.5,0
35.9567753999999,0,0.01,18.8,0,0,0.029,-0.015,-1.001,0.3,-0.7,0
35.9667753999999,0,0.01,18.8,0,0,0.029,-0.015,-1.001,0.3,-0.7,0
35.9767753999999,0,0.01,18.8,0,0,0.029,-0.015,-1.001,0.3,-0.7,0
35.9867753999999,0,0.01,18.8,0,0,0.029,-0.015,-1.001,0.3,-0.7,0
35.9967753999999,0,0.01,18.8,0,0,0.029,-0.015,-1.001,0.3,-0.7,0
36.0067753999999,0,0.01,18.8,0,0,0.028,-0.015,-1.001,0.3,-0.6,0
36.0167753999999,0,0.01,18.8,0,0,0.028,-0.015,-1.001,0.3,-0.6,0
36.0267753999999,0,0.01,18.8,0,0,0.028,-0.015,-1.001,0.3,-0.6,0
36.0367753999999,0,0.01,18.8,0,0,0.028,-0.015,-1.001,0.3,-0.6,0
36.0467753999999,0,0.01,18.8,0,0,0.028,-0.015,-1.001,0.3,-0.6,0
36.0567753999999,0,0.01,18.8,0,0,0.029,-0.014,-1,0.3,-0.6,0
36.0667753999999,0,0.01,18.8,0,0,0.029,-0.014,-1,0.3,-0.6,0
36.0767753999999,0,0.01,18.8,0,0,0.029,-0.014,-1,0.3,-0.6,0
36.0867753999999,0,0.01,18.8,0,0,0.029,-0.014,-1,0.3,-0.6,0
36.0967753999999,0,0.01,18.8,0,0,0.029,-0.014,-1,0.3,-0.6,0
36.1067753999999,0,0,18.9,0,0,0.028,-0.013,-1.002,0.2,-0.6,0
36.1167753999999,0,0,18.9,0,0,0.028,-0.013,-1.002,0.2,-0.6,0
36.1267753999999,0,0,18.9,0,0,0.028,-0.013,-1.002,0.2,-0.6,0
36.1367753999999,0,0,18.9,0,0,0.028,-0.013,-1.002,0.2,-0.6,0
36.1467753999999,0,0,18.9,0,0,0.028,-0.013,-1.002,0.2,-0.6,0
36.1567753999999,0,0.01,18.8,0,0,0.028,-0.013,-1.001,0.3,-0.6,0
36.1667753999999,0,0.01,18.8,0,0,0.028,-0.013,-1.001,0.3,-0.6,0
36.1767753999999,0,0.01,18.8,0,0,0.028,-0.013,-1.001,0.3,-0.6,0
36.1867753999999,0,0.01,18.8,0,0,0.028,-0.013,-1.001,0.3,-0.6,0
36.1967753999999,0,0.01,18.8,0,0,0.028,-0.013,-1.001,0.3,-0.6,0
36.2067753999999,0,0.01,18.8,0,0,0.029,-0.014,-1.004,0.3,-0.6,0
36.2167753999999,0,0.01,18.8,0,0,0.029,-0.014,-1.004,0.3,-0.6,0
36.2267753999999,0,0.01,18.8,0,0,0.029,-0.014,-1.004,0.3,-0.6,0
36.2367753999999,0,0.01,18.8,0,0,0.029,-0.014,-1.004,0.3,-0.6,0
36.2467753999999,0,0.01,18.8,0,0,0.029,-0.014,-1.004,0.3,-0.6,0
36.2567753999999,0,0,18.9,0,0,0.028,-0.013,-1.001,0.4,-0.5,0
36.2667753999999,0,0,18.9,0,0,0.028,-0.013,-1.001,0.4,-0.5,0
36.2767753999999,0,0,18.9,0,0,0.028,-0.013,-1.001,0.4,-0.5,0
36.2867753999999,0,0,18.9,0,0,0.028,-0.013,-1.001,0.4,-0.5,0
36.2967753999999,0,0,18.9,0,0,0.028,-0.013,-1.001,0.4,-0.5,0
36.3067753999999,0,0,18.9,0,0,0.029,-0.014,-1.001,0.3,-0.6,0
36.3167753999999,0,0,18.9,0,0,0.029,-0.014,-1.001,0.3,-0.6,0
36.3267753999999,0,0,18.9,0,0,0.029,-0.014,-1.001,0.3,-0.6,0
36.3367753999999,0,0,18.9,0,0,0.029,-0.014,-1.001,0.3,-0.6,0
36.3467753999999,0,0,18.9,0,0,0.029,-0.014,-1.001,0.3,-0.6,0
36.3567753999999,0,0,18.8,0,0,0.028,-0.014,-1.001,0.3,-0.5,0
36.3667753999999,0,0,18.8,0,0,0.028,-0.014,-1.001,0.3,-0.5,0
36.3767753999999,0,0,18.8,0,0,0.028,-0.014,-1.001,0.3,-0.5,0
36.3867753999999,0,0,18.8,0,0,0.028,-0.014,-1.001,0.3,-0.5,0
36.3967753999999,0,0,18.8,0,0,0.028,-0.014,-1.001,0.3,-0.5,0
36.4067753999999,0,0,18.9,0,0,0.028,-0.013,-1.002,0.3,-0.6,0
36.4167753999999,0,0,18.9,0,0,0.028,-0.013,-1.002,0.3,-0.6,0
36.4267753999999,0,0,18.9,0,0,0.028,-0.013,-1.002,0.3,-0.6,0
36.4367753999999,0,0,18.9,0,0,0.028,-0.013,-1.002,0.3,-0.6,0
36.4467753999999,0,0,18.9,0,0,0.028,-0.013,-1.002,0.3,-0.6,0
36.4567753999999,0,0,18.8,0,0,0.028,-0.013,-1,0.3,-0.6,0
36.4667753999999,0,0,18.8,0,0,0.028,-0.013,-1,0.3,-0.6,0
36.4767753999999,0,0,18.8,0,0,0.028,-0.013,-1,0.3,-0.6,0
36.4867753999999,0,0,18.8,0,0,0.028,-0.013,-1,0.3,-0.6,0
36.4967753999999,0,0,18.8,0,0,0.028,-0.013,-1,0.3,-0.6,0
36.5067753999999,0,0,18.9,0,0,0.028,-0.013,-1.001,0.3,-0.6,0
36.5167753999999,0,0,18.9,0,0,0.028,-0.013,-1.001,0.3,-0.6,0
36.5267753999999,0,0,18.9,0,0,0.028,-0.013,-1.001,0.3,-0.6,0
36.5367753999999,0,0,18.9,0,0,0.028,-0.013,-1.001,0.3,-0.6,0
36.5467753999999,0,0,18.9,0,0,0.028,-0.013,-1.001,0.3,-0.6,0
36.5567753999999,0,0,18.8,0,0,0.028,-0.013,-1,0.3,-0.6,0
36.5667753999999,0,0,18.8,0,0,0.028,-0.013,-1,0.3,-0.6,0
36.5767753999999,0,0,18.8,0,0,0.028,-0.013,-1,0.3,-0.6,0
36.5867753999999,0,0,18.8,0,0,0.028,-0.013,-1,0.3,-0.6,0
36.5967753999999,0,0,18.8,0,0,0.028,-0.013,-1,0.3,-0.6,0
36.6067753999999,0,0.01,18.8,0,0,0.029,-0.015,-1.001,0.3,-0.6,0
36.6167753999999,0,0.01,18.8,0,0,0.029,-0.015,-1.001,0.3,-0.6,0
36.6267753999999,0,0.01,18.8,0,0,0.029,-0.015,-1.001,0.3,-0.6,0
36.6367753999999,0,0.01,18.8,0,0,0.029,-0.015,-1.001,0.3,-0.6,0
36.6467753999999,0,0.01,18.8,0,0,0.029,-0.015,-1.001,0.3,-0.6,0
36.6567753999999,0,0,18.9,0,0,0.028,-0.013,-1,0.3,-0.6,0
36.6667753999999,0,0,18.9,0,0,0.028,-0.013,-1,0.3,-0.6,0
36.6767753999999,0,0,18.9,0,0,0.028,-0.013,-1,0.3,-0.6,0
36.6867753999999,0,0,18.9,0,0,0.028,-0.013,-1,0.3,-0.6,0
36.6967753999999,0,0,18.9,0,0,0.028,-0.013,-1,0.3,-0.6,0
36.7067753999999,0,0,18.9,0,0,0.027,-0.012,-1,0.3,-0.6,0
36.7167753999999,0,0,18.9,0,0,0.027,-0.012,-1,0.3,-0.6,0
36.7267753999999,0,0,18.9,0,0,0.027,-0.012,-1,0.3,-0.6,0
36.7367753999999,0,0,18.9,0,0,0.027,-0.012,-1,0.3,-0.6,0
36.7467753999999,0,0,18.9,0,0,0.027,-0.012,-1,0.3,-0.6,0
36.7567753999999,0,0,18.9,0,0,0.027,-0.013,-1.001,0.3,-0.6,0
36.7667753999999,0,0,18.9,0,0,0.027,-0.013,-1.001,0.3,-0.6,0
36.7767753999999,0,0,18.9,0,0,0.027,-0.013,-1.001,0.3,-0.6,0
36.7867753999999,0,0,18.9,0,0,0.027,-0.013,-1.001,0.3,-0.6,0
36.7967753999999,0,0,18.9,0,0,0.027,-0.013,-1.001,0.3,-0.6,0
36.8067753999999,0,0,18.9,0,0,0.029,-0.014,-1.001,0.3,-0.4,0
36.8167753999998,0,0,18.9,0,0,0.029,-0.014,-1.001,0.3,-0.4,0
36.8267753999999,0,0,18.9,0,0,0.029,-0.014,-1.001,0.3,-0.4,0
36.8367753999999,0,0,18.9,0,0,0.029,-0.014,-1.001,0.3,-0.4,0
36.8467753999998,0,0,18.9,0,0,0.029,-0.014,-1.001,0.3,-0.4,0
36.8567753999998,0,0,18.8,0,0,0.028,-0.013,-1.001,0.3,-0.6,0
36.8667753999998,0,0,18.8,0,0,0.028,-0.013,-1.001,0.3,-0.6,0
36.8767753999999,0,0,18.8,0,0,0.028,-0.013,-1.001,0.3,-0.6,0
36.8867753999998,0,0,18.8,0,0,0.028,-0.013,-1.001,0.3,-0.6,0
36.8967753999998,0,0,18.8,0,0,0.028,-0.013,-1.001,0.3,-0.6,0
36.9067753999998,0,0,18.9,0,0,0.029,-0.013,-1.001,0.3,-0.6,0
36.9167753999998,0,0,18.9,0,0,0.029,-0.013,-1.001,0.3,-0.6,0
36.9267753999998,0,0,18.9,0,0,0.029,-0.013,-1.001,0.3,-0.6,0
36.9367753999998,0,0,18.9,0,0,0.029,-0.013,-1.001,0.3,-0.6,0
36.9467753999998,0,0,18.9,0,0,0.029,-0.013,-1.001,0.3,-0.6,0
36.9567753999998,0,0,18.8,0,0,0.028,-0.014,-1.001,0.3,-0.6,0
36.9667753999998,0,0,18.8,0,0,0.028,-0.014,-1.001,0.3,-0.6,0
36.9767753999998,0,0,18.8,0,0,0.028,-0.014,-1.001,0.3,-0.6,0
36.9867753999998,0,0,18.8,0,0,0.028,-0.014,-1.001,0.3,-0.6,0
36.9967753999998,0,0,18.8,0,0,0.028,-0.014,-1.001,0.3,-0.6,0
37.0067753999998,0,0,18.8,0,0,0.028,-0.013,-1.001,0.2,-0.6,0
37.0167753999998,0,0,18.8,0,0,0.028,-0.013,-1.001,0.2,-0.6,0
37.0267753999998,0,0,18.8,0,0,0.028,-0.013,-1.001,0.2,-0.6,0
37.0367753999998,0,0,18.8,0,0,0.028,-0.013,-1.001,0.2,-0.6,0
37.0467753999998,0,0,18.8,0,0,0.028,-0.013,-1.001,0.2,-0.6,0
37.0567753999998,0,0,18.8,0,0,0.029,-0.013,-1.001,0.3,-0.5,0
37.0667753999998,0,0,18.8,0,0,0.029,-0.013,-1.001,0.3,-0.5,0
37.0767753999998,0,0,18.8,0,0,0.029,-0.013,-1.001,0.3,-0.5,0
37.0867753999998,0,0,18.8,0,0,0.029,-0.013,-1.001,0.3,-0.5,0
37.0967753999998,0,0,18.8,0,0,0.029,-0.013,-1.001,0.3,-0.5,0
37.1067753999998,0,0,18.8,0,0,0.028,-0.012,-1.002,0.2,-0.6,0
37.1167753999998,0,0,18.8,0,0,0.028,-0.012,-1.002,0.2,-0.6,0
37.1267753999998,0,0,18.8,0,0,0.028,-0.012,-1.002,0.2,-0.6,0
37.1367753999998,0,0,18.8,0,0,0.028,-0.012,-1.002,0.2,-0.6,0
37.1467753999998,0,0,18.8,0,0,0.028,-0.012,-1.002,0.2,-0.6,0
37.1567753999998,0,0,18.9,0,0,0.028,-0.012,-1.003,0.3,-0.6,0
37.1667753999998,0,0,18.9,0,0,0.028,-0.012,-1.003,0.3,-0.6,0
37.1767753999998,0,0,18.9,0,0,0.028,-0.012,-1.003,0.3,-0.6,0
37.1867753999998,0,0,18.9,0,0,0.028,-0.012,-1.003,0.3,-0.6,0
37.1967753999998,0,0,18.9,0,0,0.028,-0.012,-1.003,0.3,-0.6,0
37.2067753999998,0,0,18.9,0,0,0.029,-0.014,-1,0.3,-0.5,0
37.2167753999998,0,0,18.9,0,0,0.029,-0.014,-1,0.3,-0.5,0
37.2267753999998,0,0,18.9,0,0,0.029,-0.014,-1,0.3,-0.5,0
37.2367753999998,0,0,18.9,0,0,0.029,-0.014,-1,0.3,-0.5,0
37.2467753999998,0,0,18.9,0,0,0.029,-0.014,-1,0.3,-0.5,0
37.2567753999998,0,0,18.9,0,0,0.029,-0.013,-1.002,0.3,-0.5,0
37.2667753999998,0,0,18.9,0,0,0.029,-0.013,-1.002,0.3,-0.5,0
37.2767753999998,0,0,18.9,0,0,0.029,-0.013,-1.002,0.3,-0.5,0
37.2867753999998,0,0,18.9,0,0,0.029,-0.013,-1.002,0.3,-0.5,0
37.2967753999998,0,0,18.9,0,0,0.029,-0.013,-1.002,0.3,-0.5,0
37.3067753999998,0,0,18.9,0,0,0.029,-0.013,-1.002,0.3,-0.6,0
37.3167753999998,0,0,18.9,0,0,0.029,-0.013,-1.002,0.3,-0.6,0
37.3267753999998,0,0,18.9,0,0,0.029,-0.013,-1.002,0.3,-0.6,0
37.3367753999998,0,0,18.9,0,0,0.029,-0.013,-1.002,0.3,-0.6,0
37.3467753999998,0,0,18.9,0,0,0.029,-0.013,-1.002,0.3,-0.6,0
37.3567753999998,0,0,18.9,0,0,0.029,-0.013,-1.002,0.3,-0.6,0
37.3667753999998,0,0,18.9,0,0,0.029,-0.013,-1.002,0.3,-0.6,0
37.3767753999998,0,0,18.9,0,0,0.029,-0.013,-1.002,0.3,-0.6,0
37.3867753999998,0,0,18.9,0,0,0.029,-0.013,-1.002,0.3,-0.6,0
37.3967753999998,0,0,18.9,0,0,0.029,-0.013,-1.002,0.3,-0.6,0
37.4067753999998,0,0,18.9,0,0,0.028,-0.014,-1.001,0.3,-0.7,0
37.4167753999998,0,0,18.9,0,0,0.028,-0.014,-1.001,0.3,-0.7,0
37.4267753999998,0,0,18.9,0,0,0.028,-0.014,-1.001,0.3,-0.7,0
37.4367753999998,0,0,18.9,0,0,0.028,-0.014,-1.001,0.3,-0.7,0
37.4467753999998,0,0,18.9,0,0,0.028,-0.014,-1.001,0.3,-0.7,0
37.4567753999998,0,0,18.8,0,0,0.028,-0.013,-1.002,0.3,-0.5,0
37.4667753999998,0,0,18.8,0,0,0.028,-0.013,-1.002,0.3,-0.5,0
37.4767753999998,0,0,18.8,0,0,0.028,-0.013,-1.002,0.3,-0.5,0
37.4867753999998,0,0,18.8,0,0,0.028,-0.013,-1.002,0.3,-0.5,0
37.4967753999998,0,0,18.8,0,0,0.028,-0.013,-1.002,0.3,-0.5,0
37.5067753999998,0,0,18.8,0,0,0.029,-0.013,-1,0.3,-0.6,0
37.5167753999998,0,0,18.8,0,0,0.029,-0.013,-1,0.3,-0.6,0
37.5267753999998,0,0,18.8,0,0,0.029,-0.013,-1,0.3,-0.6,0
37.5367753999998,0,0,18.8,0,0,0.029,-0.013,-1,0.3,-0.6,0
37.5467753999998,0,0,18.8,0,0,0.029,-0.013,-1,0.3,-0.6,0
37.5567753999998,0,0,18.9,0,0,0.028,-0.013,-1,0.3,-0.5,0
37.5667753999998,0,0,18.9,0,0,0.028,-0.013,-1,0.3,-0.5,0
37.5767753999998,0,0,18.9,0,0,0.028,-0.013,-1,0.3,-0.5,0
37.5867753999998,0,0,18.9,0,0,0.028,-0.013,-1,0.3,-0.5,0
37.5967753999998,0,0,18.9,0,0,0.028,-0.013,-1,0.3,-0.5,0
44.2220188,0,0.01,18.8,0,0,0.029,-0.014,-1.001,0.2,-0.5,0
44.2320188,0,0.01,18.8,0,0,0.029,-0.014,-1.001,0.2,-0.5,0
44.2420188,0,0.01,18.8,0,0,0.029,-0.014,-1.001,0.2,-0.5,0
44.2520188,0,0.01,18.8,0,0,0.029,-0.014,-1.001,0.2,-0.5,0
44.2620188,0,0.01,18.8,0,0,0.029,-0.014,-1.001,0.2,-0.5,0
44.2720188,0,0,18.9,0,0,0.029,-0.013,-1.002,0.3,-0.6,0
44.2820188,0,0,18.9,0,0,0.029,-0.013,-1.002,0.3,-0.6,0
44.2920188,0,0,18.9,0,0,0.029,-0.013,-1.002,0.3,-0.6,0
44.3020188,0,0,18.9,0,0,0.029,-0.013,-1.002,0.3,-0.6,0
44.3120188,0,0,18.9,0,0,0.029,-0.013,-1.002,0.3,-0.6,0
44.3220188,0,0,18.8,0,0,0.029,-0.014,-1.002,0.3,-0.5,0
44.3320188,0,0,18.8,0,0,0.029,-0.014,-1.002,0.3,-0.5,0
44.3420188,0,0,18.8,0,0,0.029,-0.014,-1.002,0.3,-0.5,0
44.3520188,0,0,18.8,0,0,0.029,-0.014,-1.002,0.3,-0.5,0
44.3620188,0,0,18.8,0,0,0.029,-0.014,-1.002,0.3,-0.5,0
44.3720188,0,0,18.8,0,0,0.029,-0.013,-1.002,0.3,-0.6,0
44.3820188,0,0,18.8,0,0,0.029,-0.013,-1.002,0.3,-0.6,0
44.3920188,0,0,18.8,0,0,0.029,-0.013,-1.002,0.3,-0.6,0
44.4020188,0,0,18.8,0,0,0.029,-0.013,-1.002,0.3,-0.6,0
44.4120188,0,0,18.8,0,0,0.029,-0.013,-1.002,0.3,-0.6,0
44.4220188,0,0,18.9,0,0,0.029,-0.015,-1.002,0.3,-0.5,0
44.4320188,0,0,18.9,0,0,0.029,-0.015,-1.002,0.3,-0.5,0
44.4420188,0,0,18.9,0,0,0.029,-0.015,-1.002,0.3,-0.5,0
44.4520188,0,0,18.9,0,0,0.029,-0.015,-1.002,0.3,-0.5,0
44.4620188,0,0,18.9,0,0,0.029,-0.015,-1.002,0.3,-0.5,0
44.4720188,0,0,18.9,0,0,0.028,-0.011,-0.999,0.3,-0.6,0
44.4820188,0,0,18.9,0,0,0.028,-0.011,-0.999,0.3,-0.6,0
44.4920188,0,0,18.9,0,0,0.028,-0.011,-0.999,0.3,-0.6,0
44.5020188,0,0,18.9,0,0,0.028,-0.011,-0.999,0.3,-0.6,0
44.5120188,0,0,18.9,0,0,0.028,-0.011,-0.999,0.3,-0.6,0
44.5220188,0,0,18.9,0,0,0.028,-0.01,-1,0.3,-0.6,0
44.5320188,0,0,18.9,0,0,0.028,-0.01,-1,0.3,-0.6,0
44.5420188,0,0,18.9,0,0,0.028,-0.01,-1,0.3,-0.6,0
44.5520188,0,0,18.9,0,0,0.028,-0.01,-1,0.3,-0.6,0
44.5620188,0,0,18.9,0,0,0.028,-0.01,-1,0.3,-0.6,0
44.5720188,0,0,18.9,0,0,0.029,-0.009,-1.002,0.2,-0.6,0
44.5820188,0,0,18.9,0,0,0.029,-0.009,-1.002,0.2,-0.6,0
44.5920188,0,0,18.9,0,0,0.029,-0.009,-1.002,0.2,-0.6,0
44.6020188,0,0,18.9,0,0,0.029,-0.009,-1.002,0.2,-0.6,0
44.6120188,0,0,18.9,0,0,0.029,-0.009,-1.002,0.2,-0.6,0
44.6220188,0,0,18.8,0,0,0.028,-0.016,-1.001,0.3,-0.6,0
44.6320188,0,0,18.8,0,0,0.028,-0.016,-1.001,0.3,-0.6,0
44.6420188,0,0,18.8,0,0,0.028,-0.016,-1.001,0.3,-0.6,0
44.6520188,0,0,18.8,0,0,0.028,-0.016,-1.001,0.3,-0.6,0
44.6620188,0,0,18.8,0,0,0.028,-0.016,-1.001,0.3,-0.6,0
44.6720188,0,0,18.9,0,0,0.028,-0.012,-1.001,0.2,-0.6,0
44.6820188,0,0,18.9,0,0,0.028,-0.012,-1.001,0.2,-0.6,0
44.6920188,0,0,18.9,0,0,0.028,-0.012,-1.001,0.2,-0.6,0
44.7020188,0,0,18.9,0,0,0.028,-0.012,-1.001,0.2,-0.6,0
44.7120188,0,0,18.9,0,0,0.028,-0.012,-1.001,0.2,-0.6,0
44.7220188,0,0,18.8,0,0,0.029,-0.015,-1.003,0.2,-0.6,0
44.7320188,0,0,18.8,0,0,0.029,-0.015,-1.003,0.2,-0.6,0
44.7420188,0,0,18.8,0,0,0.029,-0.015,-1.003,0.2,-0.6,0
44.7520188,0,0,18.8,0,0,0.029,-0.015,-1.003,0.2,-0.6,0
44.7620188,0,0,18.8,0,0,0.029,-0.015,-1.003,0.2,-0.6,0
44.7720188,0,0,18.9,0,0,0.029,-0.013,-1.001,0.3,-0.6,0
44.7820188,0,0,18.9,0,0,0.029,-0.013,-1.001,0.3,-0.6,0
44.7920188,0,0,18.9,0,0,0.029,-0.013,-1.001,0.3,-0.6,0
44.8020188,0,0,18.9,0,0,0.029,-0.013,-1.001,0.3,-0.6,0
44.8120188,0,0,18.9,0,0,0.029,-0.013,-1.001,0.3,-0.6,0
44.8220188,0,0,18.8,0,0,0.028,-0.014,-1.002,0.3,-0.5,0
44.8320188,0,0,18.8,0,0,0.028,-0.014,-1.002,0.3,-0.5,0
44.8420188,0,0,18.8,0,0,0.028,-0.014,-1.002,0.3,-0.5,0
44.8520188,0,0,18.8,0,0,0.028,-0.014,-1.002,0.3,-0.5,0
44.8620188,0,0,18.8,0,0,0.028,-0.014,-1.002,0.3,-0.5,0
44.8720188,0,0,18.9,0,0,0.029,-0.014,-1.001,0.3,-0.6,0
44.8820188,0,0,18.9,0,0,0.029,-0.014,-1.001,0.3,-0.6,0
44.8920188,0,0,18.9,0,0,0.029,-0.014,-1.001,0.3,-0.6,0
44.9020188,0,0,18.9,0,0,0.029,-0.014,-1.001,0.3,-0.6,0
44.9120188,0,0,18.9,0,0,0.029,-0.014,-1.001,0.3,-0.6,0
44.9220188,0,0,18.9,0,0,0.028,-0.012,-1.001,0.3,-0.5,0
44.9320188,0,0,18.9,0,0,0.028,-0.012,-1.001,0.3,-0.5,0
44.9420188,0,0,18.9,0,0,0.028,-0.012,-1.001,0.3,-0.5,0
44.9520188,0,0,18.9,0,0,0.028,-0.012,-1.001,0.3,-0.5,0
44.9620188,0,0,18.9,0,0,0.028,-0.012,-1.001,0.3,-0.5,0
44.9720188,0,0,18.9,0,0,0.029,-0.013,-1.001,0.3,-0.6,0
44.9820188,0,0,18.9,0,0,0.029,-0.013,-1.001,0.3,-0.6,0
44.9920188,0,0,18.9,0,0,0.029,-0.013,-1.001,0.3,-0.6,0
45.0020188,0,0,18.9,0,0,0.029,-0.013,-1.001,0.3,-0.6,0
45.0120188,0,0,18.9,0,0,0.029,-0.013,-1.001,0.3,-0.6,0
45.0220188,0,0.01,18.8,0,0,0.029,-0.015,-1.001,0.2,-0.6,0
45.0320188,0,0.01,18.8,0,0,0.029,-0.015,-1.001,0.2,-0.6,0
45.0420188,0,0.01,18.8,0,0,0.029,-0.015,-1.001,0.2,-0.6,0
45.0520188,0,0.01,18.8,0,0,0.029,-0.015,-1.001,0.2,-0.6,0
45.0620188,0,0.01,18.8,0,0,0.029,-0.015,-1.001,0.2,-0.6,0
45.0720188,0,0,18.9,0,0,0.029,-0.013,-1.002,0.3,-0.6,0.1
45.0820188,0,0,18.9,0,0,0.029,-0.013,-1.002,0.3,-0.6,0.1
45.0920188,0,0,18.9,0,0,0.029,-0.013,-1.002,0.3,-0.6,0.1
45.1020188,0,0,18.9,0,0,0.029,-0.013,-1.002,0.3,-0.6,0.1
45.1120188,0,0,18.9,0,0,0.029,-0.013,-1.002,0.3,-0.6,0.1
45.1220187999999,0,0,18.9,0,0,0.029,-0.013,-1.001,0.3,-0.7,0
45.1320187999999,0,0,18.9,0,0,0.029,-0.013,-1.001,0.3,-0.7,0
45.1420188,0,0,18.9,0,0,0.029,-0.013,-1.001,0.3,-0.7,0
45.1520188,0,0,18.9,0,0,0.029,-0.013,-1.001,0.3,-0.7,0
45.1620187999999,0,0,18.9,0,0,0.029,-0.013,-1.001,0.3,-0.7,0
45.1720187999999,0,0,18.9,0,0,0.028,-0.013,-1,0.3,-0.6,0
45.1820187999999,0,0,18.9,0,0,0.028,-0.013,-1,0.3,-0.6,0
45.1920187999999,0,0,18.9,0,0,0.028,-0.013,-1,0.3,-0.6,0
45.2020187999999,0,0,18.9,0,0,0.028,-0.013,-1,0.3,-0.6,0
45.2120187999999,0,0,18.9,0,0,0.028,-0.013,-1,0.3,-0.6,0
45.2220187999999,0,0.01,18.8,0,0,0.029,-0.013,-1,0.3,-0.6,0
45.2320187999999,0,0.01,18.8,0,0,0.029,-0.013,-1,0.3,-0.6,0
45.2420187999999,0,0.01,18.8,0,0,0.029,-0.013,-1,0.3,-0.6,0
45.2520187999999,0,0.01,18.8,0,0,0.029,-0.013,-1,0.3,-0.6,0
45.2620187999999,0,0.01,18.8,0,0,0.029,-0.013,-1,0.3,-0.6,0
45.2720187999999,0,0,18.9,0,0,0.029,-0.014,-1,0.3,-0.6,0.1
45.2820187999999,0,0,18.9,0,0,0.029,-0.014,-1,0.3,-0.6,0.1
45.2920187999999,0,0,18.9,0,0,0.029,-0.014,-1,0.3,-0.6,0.1
45.3020187999999,0,0,18.9,0,0,0.029,-0.014,-1,0.3,-0.6,0.1
45.3120187999999,0,0,18.9,0,0,0.029,-0.014,-1,0.3,-0.6,0.1
45.3220187999999,0,0,18.8,0,0,0.029,-0.013,-0.999,0.3,-0.6,0
45.3320187999999,0,0,18.8,0,0,0.029,-0.013,-0.999,0.3,-0.6,0
45.3420187999999,0,0,18.8,0,0,0.029,-0.013,-0.999,0.3,-0.6,0
45.3520187999999,0,0,18.8,0,0,0.029,-0.013,-0.999,0.3,-0.6,0
45.3620187999999,0,0,18.8,0,0,0.029,-0.013,-0.999,0.3,-0.6,0
45.3720187999999,0,0,18.9,0,0,0.029,-0.013,-1.001,0.3,-0.6,0
45.3820187999999,0,0,18.9,0,0,0.029,-0.013,-1.001,0.3,-0.6,0
45.3920187999999,0,0,18.9,0,0,0.029,-0.013,-1.001,0.3,-0.6,0
45.4020187999999,0,0,18.9,0,0,0.029,-0.013,-1.001,0.3,-0.6,0
45.4120187999999,0,0,18.9,0,0,0.029,-0.013,-1.001,0.3,-0.6,0
45.4220187999999,0,0,18.8,0,0,0.03,-0.012,-1,0.3,-0.6,0
45.4320187999999,0,0,18.8,0,0,0.03,-0.012,-1,0.3,-0.6,0
45.4420187999999,0,0,18.8,0,0,0.03,-0.012,-1,0.3,-0.6,0
45.4520187999999,0,0,18.8,0,0,0.03,-0.012,-1,0.3,-0.6,0
45.4620187999999,0,0,18.8,0,0,0.03,-0.012,-1,0.3,-0.6,0
45.4720187999999,0,0,18.9,0,0,0.028,-0.013,-1,0.2,-0.5,0
45.4820187999999,0,0,18.9,0,0,0.028,-0.013,-1,0.2,-0.5,0
45.4920187999999,0,0,18.9,0,0,0.028,-0.013,-1,0.2,-0.5,0
45.5020187999999,0,0,18.9,0,0,0.028,-0.013,-1,0.2,-0.5,0
45.5120187999999,0,0,18.9,0,0,0.028,-0.013,-1,0.2,-0.5,0
45.5220187999999,0,0,18.9,0,0,0.029,-0.013,-1.001,0.3,-0.5,0
45.5320187999999,0,0,18.9,0,0,0.029,-0.013,-1.001,0.3,-0.5,0
45.5420187999999,0,0,18.9,0,0,0.029,-0.013,-1.001,0.3,-0.5,0
45.5520187999999,0,0,18.9,0,0,0.029,-0.013,-1.001,0.3,-0.5,0
45.5620187999999,0,0,18.9,0,0,0.029,-0.013,-1.001,0.3,-0.5,0
45.5720187999999,0,0,18.9,0,0,0.029,-0.014,-1,0.2,-0.6,0
45.5820187999999,0,0,18.9,0,0,0.029,-0.014,-1,0.2,-0.6,0
45.5920187999999,0,0,18.9,0,0,0.029,-0.014,-1,0.2,-0.6,0
45.6020187999999,0,0,18.9,0,0,0.029,-0.014,-1,0.2,-0.6,0
45.6120187999999,0,0,18.9,0,0,0.029,-0.014,-1,0.2,-0.6,0
45.6220187999999,0,0,18.8,0,0,0.029,-0.013,-1.003,0.3,-0.5,0
45.6320187999999,0,0,18.8,0,0,0.029,-0.013,-1.003,0.3,-0.5,0
45.6420187999999,0,0,18.8,0,0,0.029,-0.013,-1.003,0.3,-0.5,0
45.6520187999999,0,0,18.8,0,0,0.029,-0.013,-1.003,0.3,-0.5,0
45.6620187999999,0,0,18.8,0,0,0.029,-0.013,-1.003,0.3,-0.5,0
45.6720187999999,0,0,18.8,0,0,0.028,-0.013,-1.003,0.3,-0.6,0
45.6820187999999,0,0,18.8,0,0,0.028,-0.013,-1.003,0.3,-0.6,0
45.6920187999999,0,0,18.8,0,0,0.028,-0.013,-1.003,0.3,-0.6,0
45.7020187999999,0,0,18.8,0,0,0.028,-0.013,-1.003,0.3,-0.6,0
45.7120187999999,0,0,18.8,0,0,0.028,-0.013,-1.003,0.3,-0.6,0
45.7220187999999,0,0,18.9,0,0,0.029,-0.013,-1.001,0.3,-0.5,0
45.7320187999999,0,0,18.9,0,0,0.029,-0.013,-1.001,0.3,-0.5,0
45.7420187999999,0,0,18.9,0,0,0.029,-0.013,-1.001,0.3,-0.5,0
45.7520187999999,0,0,18.9,0,0,0.029,-0.013,-1.001,0.3,-0.5,0
45.7620187999999,0,0,18.9,0,0,0.029,-0.013,-1.001,0.3,-0.5,0
45.7720187999999,0,0.01,18.8,0,0,0.029,-0.014,-1.002,0.3,-0.5,0
45.7820187999999,0,0.01,18.8,0,0,0.029,-0.014,-1.002,0.3,-0.5,0
45.7920187999999,0,0.01,18.8,0,0,0.029,-0.014,-1.002,0.3,-0.5,0
45.8020187999999,0,0.01,18.8,0,0,0.029,-0.014,-1.002,0.3,-0.5,0
45.8120187999999,0,0.01,18.8,0,0,0.029,-0.014,-1.002,0.3,-0.5,0
45.8220187999999,0,0,18.9,0,0,0.029,-0.013,-1.001,0.3,-0.6,0
45.8320187999999,0,0,18.9,0,0,0.029,-0.013,-1.001,0.3,-0.6,0
45.8420187999999,0,0,18.9,0,0,0.029,-0.013,-1.001,0.3,-0.6,0
45.8520187999999,0,0,18.9,0,0,0.029,-0.013,-1.001,0.3,-0.6,0
45.8620187999999,0,0,18.9,0,0,0.029,-0.013,-1.001,0.3,-0.6,0
45.8720187999999,0,0,18.9,0,0,0.028,-0.013,-1.001,0.3,-0.6,0
45.8820187999999,0,0,18.9,0,0,0.028,-0.013,-1.001,0.3,-0.6,0
45.8920187999999,0,0,18.9,0,0,0.028,-0.013,-1.001,0.3,-0.6,0
45.9020187999999,0,0,18.9,0,0,0.028,-0.013,-1.001,0.3,-0.6,0
45.9120187999999,0,0,18.9,0,0,0.028,-0.013,-1.001,0.3,-0.6,0
45.9220187999999,0,0,18.8,0,0,0.028,-0.013,-1.001,0.3,-0.5,0
45.9320187999999,0,0,18.8,0,0,0.028,-0.013,-1.001,0.3,-0.5,0
45.9420187999999,0,0,18.8,0,0,0.028,-0.013,-1.001,0.3,-0.5,0
45.9520187999999,0,0,18.8,0,0,0.028,-0.013,-1.001,0.3,-0.5,0
45.9620187999999,0,0,18.8,0,0,0.028,-0.013,-1.001,0.3,-0.5,0
45.9720187999999,0,0,18.8,0,0,0.028,-0.013,-1.001,0.3,-0.6,0
45.9820187999999,0,0,18.8,0,0,0.028,-0.013,-1.001,0.3,-0.6,0
45.9920187999999,0,0,18.8,0,0,0.028,-0.013,-1.001,0.3,-0.6,0
46.0020187999999,0,0,18.8,0,0,0.028,-0.013,-1.001,0.3,-0.6,0
46.0120187999999,0,0,18.8,0,0,0.028,-0.013,-1.001,0.3,-0.6,0
46.0220187999999,0,0,18.8,0,0,0.028,-0.014,-1.001,0.3,-0.6,0
46.0320187999999,0,0,18.8,0,0,0.028,-0.014,-1.001,0.3,-0.6,0
46.0420187999999,0,0,18.8,0,0,0.028,-0.014,-1.001,0.3,-0.6,0
46.0520187999999,0,0,18.8,0,0,0.028,-0.014,-1.001,0.3,-0.6,0
46.0620187999999,0,0,18.8,0,0,0.028,-0.014,-1.001,0.3,-0.6,0
46.0720187999999,0,0.01,18.8,0,0,0.028,-0.014,-1.001,0.3,-0.6,0
46.0820187999999,0,0.01,18.8,0,0,0.028,-0.014,-1.001,0.3,-0.6,0
46.0920187999999,0,0.01,18.8,0,0,0.028,-0.014,-1.001,0.3,-0.6,0
46.1020187999999,0,0.01,18.8,0,0,0.028,-0.014,-1.001,0.3,-0.6,0
46.1120187999999,0,0.01,18.8,0,0,0.028,-0.014,-1.001,0.3,-0.6,0
46.1220187999999,0,0,18.9,0,0,0.028,-0.013,-1.001,0.3,-0.6,0
46.1320187999999,0,0,18.9,0,0,0.028,-0.013,-1.001,0.3,-0.6,0
46.1420187999999,0,0,18.9,0,0,0.028,-0.013,-1.001,0.3,-0.6,0
46.1520187999999,0,0,18.9,0,0,0.028,-0.013,-1.001,0.3,-0.6,0
46.1620187999999,0,0,18.9,0,0,0.028,-0.013,-1.001,0.3,-0.6,0
46.1720187999999,0,0,18.9,0,0,0.029,-0.014,-1.001,0.3,-0.6,0
46.1820187999999,0,0,18.9,0,0,0.029,-0.014,-1.001,0.3,-0.6,0
46.1920187999999,0,0,18.9,0,0,0.029,-0.014,-1.001,0.3,-0.6,0
46.2020187999999,0,0,18.9,0,0,0.029,-0.014,-1.001,0.3,-0.6,0
46.2120187999999,0,0,18.9,0,0,0.029,-0.014,-1.001,0.3,-0.6,0
46.2220187999999,0,0,18.9,0,0,0.028,-0.012,-1.002,0.2,-0.6,0
46.2320187999999,0,0,18.9,0,0,0.028,-0.012,-1.002,0.2,-0.6,0
46.2420187999999,0,0,18.9,0,0,0.028,-0.012,-1.002,0.2,-0.6,0
46.2520187999999,0,0,18.9,0,0,0.028,-0.012,-1.002,0.2,-0.6,0
46.2620187999999,0,0,18.9,0,0,0.028,-0.012,-1.002,0.2,-0.6,0
46.2720187999999,0,0,18.9,0,0,0.029,-0.014,-1.001,0.3,-0.6,0
46.2820187999999,0,0,18.9,0,0,0.029,-0.014,-1.001,0.3,-0.6,0
46.2920187999999,0,0,18.9,0,0,0.029,-0.014,-1.001,0.3,-0.6,0
46.3020187999999,0,0,18.9,0,0,0.029,-0.014,-1.001,0.3,-0.6,0
46.3120187999999,0,0,18.9,0,0,0.029,-0.014,-1.001,0.3,-0.6,0
46.3220187999999,0,0.01,18.8,0,0,0.029,-0.013,-1.001,0.3,-0.6,0
46.3320187999999,0,0.01,18.8,0,0,0.029,-0.013,-1.001,0.3,-0.6,0
46.3420187999999,0,0.01,18.8,0,0,0.029,-0.013,-1.001,0.3,-0.6,0
46.3520187999999,0,0.01,18.8,0,0,0.029,-0.013,-1.001,0.3,-0.6,0
46.3620187999999,0,0.01,18.8,0,0,0.029,-0.013,-1.001,0.3,-0.6,0
46.3720187999999,0,0,18.8,0,0,0.029,-0.013,-1.001,0.3,-0.6,0
46.3820187999999,0,0,18.8,0,0,0.029,-0.013,-1.001,0.3,-0.6,0
46.3920187999999,0,0,18.8,0,0,0.029,-0.013,-1.001,0.3,-0.6,0
46.4020187999999,0,0,18.8,0,0,0.029,-0.013,-1.001,0.3,-0.6,0
46.4120187999999,0,0,18.8,0,0,0.029,-0.013,-1.001,0.3,-0.6,0
46.4220187999999,0,0.01,18.8,0,0,0.028,-0.012,-1.001,0.2,-0.6,0
46.4320187999999,0,0.01,18.8,0,0,0.028,-0.012,-1.001,0.2,-0.6,0
46.4420187999999,0,0.01,18.8,0,0,0.028,-0.012,-1.001,0.2,-0.6,0
46.4520187999999,0,0.01,18.8,0,0,0.028,-0.012,-1.001,0.2,-0.6,0
46.4620187999999,0,0.01,18.8,0,0,0.028,-0.012,-1.001,0.2,-0.6,0
46.4720187999999,0,0,18.9,0,0,0.03,-0.013,-1,0.2,-0.6,0.1
46.4820187999999,0,0,18.9,0,0,0.03,-0.013,-1,0.2,-0.6,0.1
46.4920187999999,0,0,18.9,0,0,0.03,-0.013,-1,0.2,-0.6,0.1
46.5020187999999,0,0,18.9,0,0,0.03,-0.013,-1,0.2,-0.6,0.1
46.5120187999999,0,0,18.9,0,0,0.03,-0.013,-1,0.2,-0.6,0.1
46.5220187999999,0,0,18.9,0,0,0.029,-0.013,-1.003,0.3,-0.6,0
46.5320187999999,0,0,18.9,0,0,0.029,-0.013,-1.003,0.3,-0.6,0
46.5420187999999,0,0,18.9,0,0,0.029,-0.013,-1.003,0.3,-0.6,0
46.5520187999999,0,0,18.9,0,0,0.029,-0.013,-1.003,0.3,-0.6,0
46.5620187999999,0,0,18.9,0,0,0.029,-0.013,-1.003,0.3,-0.6,0
46.5720187999999,0,0.01,18.8,0,0,0.028,-0.013,-1,0.3,-0.6,0
46.5820187999999,0,0.01,18.8,0,0,0.028,-0.013,-1,0.3,-0.6,0
46.5920187999999,0,0.01,18.8,0,0,0.028,-0.013,-1,0.3,-0.6,0
46.6020187999999,0,0.01,18.8,0,0,0.028,-0.013,-1,0.3,-0.6,0
46.6120187999999,0,0.01,18.8,0,0,0.028,-0.013,-1,0.3,-0.6,0
46.6220187999999,0,0,18.9,0,0,0.028,-0.013,-1.002,0.2,-0.6,0
46.6320187999999,0,0,18.9,0,0,0.028,-0.013,-1.002,0.2,-0.6,0
46.6420187999999,0,0,18.9,0,0,0.028,-0.013,-1.002,0.2,-0.6,0
46.6520187999999,0,0,18.9,0,0,0.028,-0.013,-1.002,0.2,-0.6,0
46.6620187999999,0,0,18.9,0,0,0.028,-0.013,-1.002,0.2,-0.6,0
46.6720187999999,0,0.01,18.9,0,0,0.028,-0.013,-1.001,0.3,-0.6,0
46.6820187999999,0,0.01,18.9,0,0,0.028,-0.013,-1.001,0.3,-0.6,0
46.6920187999999,0,0.01,18.9,0,0,0.028,-0.013,-1.001,0.3,-0.6,0
46.7020187999999,0,0.01,18.9,0,0,0.028,-0.013,-1.001,0.3,-0.6,0
46.7120187999999,0,0.01,18.9,0,0,0.028,-0.013,-1.001,0.3,-0.6,0
46.7220187999999,0,0.01,18.9,0,0,0.028,-0.014,-1.001,0.2,-0.5,0
46.7320187999999,0,0.01,18.9,0,0,0.028,-0.014,-1.001,0.2,-0.5,0
46.7420187999999,0,0.01,18.9,0,0,0.028,-0.014,-1.001,0.2,-0.5,0
46.7520187999999,0,0.01,18.9,0,0,0.028,-0.014,-1.001,0.2,-0.5,0
46.7620187999999,0,0.01,18.9,0,0,0.028,-0.014,-1.001,0.2,-0.5,0
46.7720187999999,0,0,18.8,0,0,0.029,-0.012,-1,0.3,-0.6,0
46.7820187999999,0,0,18.8,0,0,0.029,-0.012,-1,0.3,-0.6,0
46.7920187999999,0,0,18.8,0,0,0.029,-0.012,-1,0.3,-0.6,0
46.8020187999999,0,0,18.8,0,0,0.029,-0.012,-1,0.3,-0.6,0
46.8120187999999,0,0,18.8,0,0,0.029,-0.012,-1,0.3,-0.6,0
46.8220187999999,0,0,18.9,0,0,0.028,-0.014,-1.002,0.2,-0.6,0
46.8320187999999,0,0,18.9,0,0,0.028,-0.014,-1.002,0.2,-0.6,0
46.8420187999999,0,0,18.9,0,0,0.028,-0.014,-1.002,0.2,-0.6,0
46.8520187999999,0,0,18.9,0,0,0.028,-0.014,-1.002,0.2,-0.6,0
46.8620187999999,0,0,18.9,0,0,0.028,-0.014,-1.002,0.2,-0.6,0
46.8720187999999,0,0,18.9,0,0,0.028,-0.013,-1.001,0.2,-0.6,0.1
46.8820187999998,0,0,18.9,0,0,0.028,-0.013,-1.001,0.2,-0.6,0.1
46.8920187999999,0,0,18.9,0,0,0.028,-0.013,-1.001,0.2,-0.6,0.1
46.9020187999999,0,0,18.9,0,0,0.028,-0.013,-1.001,0.2,-0.6,0.1
46.9120187999998,0,0,18.9,0,0,0.028,-0.013,-1.001,0.2,-0.6,0.1
46.9220187999998,0,0,18.8,0,0,0.029,-0.013,-1,0.2,-0.6,0.1
46.9320187999998,0,0,18.8,0,0,0.029,-0.013,-1,0.2,-0.6,0.1
46.9420187999999,0,0,18.8,0,0,0.029,-0.013,-1,0.2,-0.6,0.1
46.9520187999998,0,0,18.8,0,0,0.029,-0.013,-1,0.2,-0.6,0.1
46.9620187999998,0,0,18.8,0,0,0.029,-0.013,-1,0.2,-0.6,0.1
46.9720187999998,0,0.01,18.8,0,0,0.028,-0.012,-1.002,0.3,-0.6,0
46.9820187999998,0,0.01,18.8,0,0,0.028,-0.012,-1.002,0.3,-0.6,0
46.9920187999998,0,0.01,18.8,0,0,0.028,-0.012,-1.002,0.3,-0.6,0
47.0020187999998,0,0.01,18.8,0,0,0.028,-0.012,-1.002,0.3,-0.6,0
47.0120187999998,0,0.01,18.8,0,0,0.028,-0.012,-1.002,0.3,-0.6,0
47.0220187999998,0,0,18.8,0,0,0.028,-0.014,-1.003,0.3,-0.6,0
47.0320187999998,0,0,18.8,0,0,0.028,-0.014,-1.003,0.3,-0.6,0
47.0420187999998,0,0,18.8,0,0,0.028,-0.014,-1.003,0.3,-0.6,0
47.0520187999998,0,0,18.8,0,0,0.028,-0.014,-1.003,0.3,-0.6,0
47.0620187999998,0,0,18.8,0,0,0.028,-0.014,-1.003,0.3,-0.6,0
47.0720187999998,0,0.01,18.8,0,0,0.028,-0.013,-1,0.3,-0.6,0
47.0820187999998,0,0.01,18.8,0,0,0.028,-0.013,-1,0.3,-0.6,0
47.0920187999998,0,0.01,18.8,0,0,0.028,-0.013,-1,0.3,-0.6,0
47.1020187999998,0,0.01,18.8,0,0,0.028,-0.013,-1,0.3,-0.6,0
47.1120187999998,0,0.01,18.8,0,0,0.028,-0.013,-1,0.3,-0.6,0
47.1220187999998,0,0,18.9,0,0,0.028,-0.015,-1.002,0.3,-0.5,0
47.1320187999998,0,0,18.9,0,0,0.028,-0.015,-1.002,0.3,-0.5,0
47.1420187999998,0,0,18.9,0,0,0.028,-0.015,-1.002,0.3,-0.5,0
47.1520187999998,0,0,18.9,0,0,0.028,-0.015,-1.002,0.3,-0.5,0
47.1620187999998,0,0,18.9,0,0,0.028,-0.015,-1.002,0.3,-0.5,0
47.1720187999998,0,0,18.8,0,0,0.028,-0.014,-1.001,0.3,-0.6,0
47.1820187999998,0,0,18.8,0,0,0.028,-0.014,-1.001,0.3,-0.6,0
47.1920187999998,0,0,18.8,0,0,0.028,-0.014,-1.001,0.3,-0.6,0
47.2020187999998,0,0,18.8,0,0,0.028,-0.014,-1.001,0.3,-0.6,0
47.2120187999998,0,0,18.8,0,0,0.028,-0.014,-1.001,0.3,-0.6,0
47.2220187999998,0,0,18.9,0,0,0.028,-0.013,-1.001,0.3,-0.6,0
47.2320187999998,0,0,18.9,0,0,0.028,-0.013,-1.001,0.3,-0.6,0
47.2420187999998,0,0,18.9,0,0,0.028,-0.013,-1.001,0.3,-0.6,0
47.2520187999998,0,0,18.9,0,0,0.028,-0.013,-1.001,0.3,-0.6,0
47.2620187999998,0,0,18.9,0,0,0.028,-0.013,-1.001,0.3,-0.6,0
47.2720187999998,0,0,18.9,0,0,0.029,-0.013,-1,0.3,-0.6,0
47.2820187999998,0,0,18.9,0,0,0.029,-0.013,-1,0.3,-0.6,0
47.2920187999998,0,0,18.9,0,0,0.029,-0.013,-1,0.3,-0.6,0
47.3020187999998,0,0,18.9,0,0,0.029,-0.013,-1,0.3,-0.6,0
47.3120187999998,0,0,18.9,0,0,0.029,-0.013,-1,0.3,-0.6,0
47.3220187999998,0,0,18.8,0,0,0.028,-0.013,-1.001,0.2,-0.6,0
47.3320187999998,0,0,18.8,0,0,0.028,-0.013,-1.001,0.2,-0.6,0
47.3420187999998,0,0,18.8,0,0,0.028,-0.013,-1.001,0.2,-0.6,0
47.3520187999998,0,0,18.8,0,0,0.028,-0.013,-1.001,0.2,-0.6,0
47.3620187999998,0,0,18.8,0,0,0.028,-0.013,-1.001,0.2,-0.6,0
47.3720187999998,0,0,18.7,0,0,0.029,-0.014,-1.002,0.3,-0.6,0
47.3820187999998,0,0,18.7,0,0,0.029,-0.014,-1.002,0.3,-0.6,0
47.3920187999998,0,0,18.7,0,0,0.029,-0.014,-1.002,0.3,-0.6,0
47.4020187999998,0,0,18.7,0,0,0.029,-0.014,-1.002,0.3,-0.6,0
47.4120187999998,0,0,18.7,0,0,0.029,-0.014,-1.002,0.3,-0.6,0
47.4220187999998,0,0.01,18.8,0,0,0.03,-0.014,-1.002,0.3,-0.6,0
47.4320187999998,0,0.01,18.8,0,0,0.03,-0.014,-1.002,0.3,-0.6,0
47.4420187999998,0,0.01,18.8,0,0,0.03,-0.014,-1.002,0.3,-0.6,0
47.4520187999998,0,0.01,18.8,0,0,0.03,-0.014,-1.002,0.3,-0.6,0
47.4620187999998,0,0.01,18.8,0,0,0.03,-0.014,-1.002,0.3,-0.6,0
47.4720187999998,0,0.01,18.8,0,0,0.029,-0.013,-1.002,0.3,-0.6,0
47.4820187999998,0,0.01,18.8,0,0,0.029,-0.013,-1.002,0.3,-0.6,0
47.4920187999998,0,0.01,18.8,0,0,0.029,-0.013,-1.002,0.3,-0.6,0
47.5020187999998,0,0.01,18.8,0,0,0.029,-0.013,-1.002,0.3,-0.6,0
47.5120187999998,0,0.01,18.8,0,0,0.029,-0.013,-1.002,0.3,-0.6,0
47.5220187999998,0,0,18.9,0,0,0.029,-0.013,-1.002,0.3,-0.6,0.1
47.5320187999998,0,0,18.9,0,0,0.029,-0.013,-1.002,0.3,-0.6,0.1
47.5420187999998,0,0,18.9,0,0,0.029,-0.013,-1.002,0.3,-0.6,0.1
47.5520187999998,0,0,18.9,0,0,0.029,-0.013,-1.002,0.3,-0.6,0.1
47.5620187999998,0,0,18.9,0,0,0.029,-0.013,-1.002,0.3,-0.6,0.1
47.5720187999998,0,0,18.9,0,0,0.029,-0.013,-1.001,0.4,-0.5,0
47.5820187999998,0,0,18.9,0,0,0.029,-0.013,-1.001,0.4,-0.5,0
47.5920187999998,0,0,18.9,0,0,0.029,-0.013,-1.001,0.4,-0.5,0
47.6020187999998,0,0,18.9,0,0,0.029,-0.013,-1.001,0.4,-0.5,0
47.6120187999998,0,0,18.9,0,0,0.029,-0.013,-1.001,0.4,-0.5,0
47.6220187999998,0,0,18.9,0,0,0.028,-0.013,-1.001,0.3,-0.6,0
47.6320187999998,0,0,18.9,0,0,0.028,-0.013,-1.001,0.3,-0.6,0
47.6420187999998,0,0,18.9,0,0,0.028,-0.013,-1.001,0.3,-0.6,0
47.6520187999998,0,0,18.9,0,0,0.028,-0.013,-1.001,0.3,-0.6,0
47.6620187999998,0,0,18.9,0,0,0.028,-0.013,-1.001,0.3,-0.6,0
47.6720187999998,0,0,18.9,0,0,0.028,-0.013,-1,0.3,-0.6,0
47.6820187999998,0,0,18.9,0,0,0.028,-0.013,-1,0.3,-0.6,0
47.6920187999998,0,0,18.9,0,0,0.028,-0.013,-1,0.3,-0.6,0
47.7020187999998,0,0,18.9,0,0,0.028,-0.013,-1,0.3,-0.6,0
47.7120187999998,0,0,18.9,0,0,0.028,-0.013,-1,0.3,-0.6,0
47.7220187999998,0,0,18.9,0,0,0.029,-0.014,-1.001,0.2,-0.6,0
47.7320187999998,0,0,18.9,0,0,0.029,-0.014,-1.001,0.2,-0.6,0
47.7420187999998,0,0,18.9,0,0,0.029,-0.014,-1.001,0.2,-0.6,0
47.7520187999998,0,0,18.9,0,0,0.029,-0.014,-1.001,0.2,-0.6,0
47.7620187999998,0,0,18.9,0,0,0.029,-0.014,-1.001,0.2,-0.6,0
47.7720187999998,0,0,18.8,0,0,0.029,-0.012,-1.002,0.3,-0.6,0
47.7820187999998,0,0,18.8,0,0,0.029,-0.012,-1.002,0.3,-0.6,0
47.7920187999998,0,0,18.8,0,0,0.029,-0.012,-1.002,0.3,-0.6,0
47.8020187999998,0,0,18.8,0,0,0.029,-0.012,-1.002,0.3,-0.6,0
47.8120187999998,0,0,18.8,0,0,0.029,-0.012,-1.002,0.3,-0.6,0
47.8220187999998,0,0,18.9,0,0,0.029,-0.014,-1.002,0.3,-0.6,0
47.8320187999998,0,0,18.9,0,0,0.029,-0.014,-1.002,0.3,-0.6,0
47.8420187999998,0,0,18.9,0,0,0.029,-0.014,-1.002,0.3,-0.6,0
47.8520187999998,0,0,18.9,0,0,0.029,-0.014,-1.002,0.3,-0.6,0
47.8620187999998,0,0,18.9,0,0,0.029,-0.014,-1.002,0.3,-0.6,0
47.8720187999998,0,0,18.9,0,0,0.027,-0.014,-1,0.3,-0.5,0
47.8820187999998,0,0,18.9,0,0,0.027,-0.014,-1,0.3,-0.5,0
47.8920187999998,0,0,18.9,0,0,0.027,-0.014,-1,0.3,-0.5,0
47.9020187999998,0,0,18.9,0,0,0.027,-0.014,-1,0.3,-0.5,0
47.9120187999998,0,0,18.9,0,0,0.027,-0.014,-1,0.3,-0.5,0
47.9220187999998,0,0,18.9,0,0,0.028,-0.014,-1.001,0.3,-0.6,0
47.9320187999998,0,0,18.9,0,0,0.028,-0.014,-1.001,0.3,-0.6,0
47.9420187999998,0,0,18.9,0,0,0.028,-0.014,-1.001,0.3,-0.6,0
47.9520187999998,0,0,18.9,0,0,0.028,-0.014,-1.001,0.3,-0.6,0
47.9620187999998,0,0,18.9,0,0,0.028,-0.014,-1.001,0.3,-0.6,0
47.9720187999998,0,0,18.9,0,0,0.028,-0.014,-1.002,0.3,-0.6,0
47.9820187999998,0,0,18.9,0,0,0.028,-0.014,-1.002,0.3,-0.6,0
47.9920187999998,0,0,18.9,0,0,0.028,-0.014,-1.002,0.3,-0.6,0
48.0020187999998,0,0,18.9,0,0,0.028,-0.014,-1.002,0.3,-0.6,0
48.0120187999998,0,0,18.9,0,0,0.028,-0.014,-1.002,0.3,-0.6,0
48.0220187999998,0,0,18.9,0,0,0.028,-0.013,-1.001,0.3,-0.6,0
48.0320187999998,0,0,18.9,0,0,0.028,-0.013,-1.001,0.3,-0.6,0
48.0420187999998,0,0,18.9,0,0,0.028,-0.013,-1.001,0.3,-0.6,0
48.0520187999998,0,0,18.9,0,0,0.028,-0.013,-1.001,0.3,-0.6,0
48.0620187999998,0,0,18.9,0,0,0.028,-0.013,-1.001,0.3,-0.6,0
48.0720187999998,0,0,18.9,0,0,0.029,-0.014,-1.003,0.3,-0.6,0
48.0820187999998,0,0,18.9,0,0,0.029,-0.014,-1.003,0.3,-0.6,0
48.0920187999998,0,0,18.9,0,0,0.029,-0.014,-1.003,0.3,-0.6,0
48.1020187999998,0,0,18.9,0,0,0.029,-0.014,-1.003,0.3,-0.6,0
48.1120187999998,0,0,18.9,0,0,0.029,-0.014,-1.003,0.3,-0.6,0
48.1220187999998,0,0,18.9,0,0,0.028,-0.013,-1.001,0.3,-0.6,0
48.1320187999998,0,0,18.9,0,0,0.028,-0.013,-1.001,0.3,-0.6,0
48.1420187999998,0,0,18.9,0,0,0.028,-0.013,-1.001,0.3,-0.6,0
48.1520187999998,0,0,18.9,0,0,0.028,-0.013,-1.001,0.3,-0.6,0
48.1620187999998,0,0,18.9,0,0,0.028,-0.013,-1.001,0.3,-0.6,0
48.1720187999998,0,0.01,18.8,0,0,0.029,-0.012,-1.003,0.3,-0.4,0
48.1820187999998,0,0.01,18.8,0,0,0.029,-0.012,-1.003,0.3,-0.4,0
48.1920187999998,0,0.01,18.8,0,0,0.029,-0.012,-1.003,0.3,-0.4,0
48.2020187999998,0,0.01,18.8,0,0,0.029,-0.012,-1.003,0.3,-0.4,0
48.2120187999998,0,0.01,18.8,0,0,0.029,-0.012,-1.003,0.3,-0.4,0
48.2220187999998,0,0,18.9,0,0,0.029,-0.014,-1.003,0.3,-0.6,0
48.2320187999998,0,0,18.9,0,0,0.029,-0.014,-1.003,0.3,-0.6,0
48.2420187999998,0,0,18.9,0,0,0.029,-0.014,-1.003,0.3,-0.6,0
48.2520187999998,0,0,18.9,0,0,0.029,-0.014,-1.003,0.3,-0.6,0
48.2620187999998,0,0,18.9,0,0,0.029,-0.014,-1.003,0.3,-0.6,0
48.2720187999998,0,0.01,18.8,0,0,0.029,-0.014,-1.002,0.3,-0.6,0
48.2820187999998,0,0.01,18.8,0,0,0.029,-0.014,-1.002,0.3,-0.6,0
48.2920187999998,0,0.01,18.8,0,0,0.029,-0.014,-1.002,0.3,-0.6,0
48.3020187999998,0,0.01,18.8,0,0,0.029,-0.014,-1.002,0.3,-0.6,0
48.3120187999998,0,0.01,18.8,0,0,0.029,-0.014,-1.002,0.3,-0.6,0
48.3220187999998,0,0,18.8,0,0,0.028,-0.014,-1.001,0.3,-0.5,0
48.3320187999998,0,0,18.8,0,0,0.028,-0.014,-1.001,0.3,-0.5,0
48.3420187999998,0,0,18.8,0,0,0.028,-0.014,-1.001,0.3,-0.5,0
48.3520187999998,0,0,18.8,0,0,0.028,-0.014,-1.001,0.3,-0.5,0
48.3620187999998,0,0,18.8,0,0,0.028,-0.014,-1.001,0.3,-0.5,0
48.3720187999998,0,0,18.8,0,0,0.029,-0.013,-1,0.3,-0.6,0
48.3820187999998,0,0,18.8,0,0,0.029,-0.013,-1,0.3,-0.6,0
48.3920187999998,0,0,18.8,0,0,0.029,-0.013,-1,0.3,-0.6,0
48.4020187999998,0,0,18.8,0,0,0.029,-0.013,-1,0.3,-0.6,0
48.4120187999998,0,0,18.8,0,0,0.029,-0.013,-1,0.3,-0.6,0
48.4220187999998,0,0.01,18.9,0,0,0.029,-0.013,-1.001,0.3,-0.6,0
48.4320187999998,0,0.01,18.9,0,0,0.029,-0.013,-1.001,0.3,-0.6,0
48.4420187999998,0,0.01,18.9,0,0,0.029,-0.013,-1.001,0.3,-0.6,0
48.4520187999998,0,0.01,18.9,0,0,0.029,-0.013,-1.001,0.3,-0.6,0
48.4620187999998,0,0.01,18.9,0,0,0.029,-0.013,-1.001,0.3,-0.6,0
48.4720187999998,0,0,18.9,0,0,0.028,-0.013,-1,0.3,-0.5,0
48.4820187999998,0,0,18.9,0,0,0.028,-0.013,-1,0.3,-0.5,0
48.4920187999998,0,0,18.9,0,0,0.028,-0.013,-1,0.3,-0.5,0
48.5020187999998,0,0,18.9,0,0,0.028,-0.013,-1,0.3,-0.5,0
48.5120187999998,0,0,18.9,0,0,0.028,-0.013,-1,0.3,-0.5,0
48.5220187999998,0,0,18.9,0,0,0.029,-0.014,-1.001,0.3,-0.6,0
48.5320187999998,0,0,18.9,0,0,0.029,-0.014,-1.001,0.3,-0.6,0
48.5420187999998,0,0,18.9,0,0,0.029,-0.014,-1.001,0.3,-0.6,0
48.5520187999998,0,0,18.9,0,0,0.029,-0.014,-1.001,0.3,-0.6,0
48.5620187999998,0,0,18.9,0,0,0.029,-0.014,-1.001,0.3,-0.6,0
48.5720187999998,0,0.01,18.9,0,0,0.028,-0.013,-1,0.3,-0.6,0
48.5820187999998,0,0.01,18.9,0,0,0.028,-0.013,-1,0.3,-0.6,0
48.5920187999998,0,0.01,18.9,0,0,0.028,-0.013,-1,0.3,-0.6,0
48.6020187999998,0,0.01,18.9,0,0,0.028,-0.013,-1,0.3,-0.6,0
48.6120187999998,0,0.01,18.9,0,0,0.028,-0.013,-1,0.3,-0.6,0
48.6220187999998,0,0,18.9,0,0,0.029,-0.012,-1.002,0.2,-0.5,0
48.6320187999997,0,0,18.9,0,0,0.029,-0.012,-1.002,0.2,-0.5,0
48.6420187999998,0,0,18.9,0,0,0.029,-0.012,-1.002,0.2,-0.5,0
48.6520187999998,0,0,18.9,0,0,0.029,-0.012,-1.002,0.2,-0.5,0
48.6620187999997,0,0,18.9,0,0,0.029,-0.012,-1.002,0.2,-0.5,0
48.6720187999997,0,0,18.9,0,0,0.028,-0.014,-1.001,0.3,-0.6,0
48.6820187999997,0,0,18.9,0,0,0.028,-0.014,-1.001,0.3,-0.6,0
48.6920187999998,0,0,18.9,0,0,0.028,-0.014,-1.001,0.3,-0.6,0
48.7020187999997,0,0,18.9,0,0,0.028,-0.014,-1.001,0.3,-0.6,0
48.7120187999997,0,0,18.9,0,0,0.028,-0.014,-1.001,0.3,-0.6,0
48.7220187999997,0,0,18.8,0,0,0.029,-0.013,-1.002,0.2,-0.5,0
48.7320187999997,0,0,18.8,0,0,0.029,-0.013,-1.002,0.2,-0.5,0
48.7420187999997,0,0,18.8,0,0,0.029,-0.013,-1.002,0.2,-0.5,0
48.7520187999997,0,0,18.8,0,0,0.029,-0.013,-1.002,0.2,-0.5,0
48.7620187999997,0,0,18.8,0,0,0.029,-0.013,-1.002,0.2,-0.5,0
48.7720187999997,0,0,18.9,0,0,0.029,-0.013,-1.001,0.3,-0.6,0
48.7820187999997,0,0,18.9,0,0,0.029,-0.013,-1.001,0.3,-0.6,0
48.7920187999997,0,0,18.9,0,0,0.029,-0.013,-1.001,0.3,-0.6,0
48.8020187999997,0,0,18.9,0,0,0.029,-0.013,-1.001,0.3,-0.6,0
48.8120187999997,0,0,18.9,0,0,0.029,-0.013,-1.001,0.3,-0.6,0
48.8220187999997,0,0.01,18.8,0,0,0.03,-0.013,-1.002,0.3,-0.6,0
48.8320187999997,0,0.01,18.8,0,0,0.03,-0.013,-1.002,0.3,-0.6,0
48.8420187999997,0,0.01,18.8,0,0,0.03,-0.013,-1.002,0.3,-0.6,0
48.8520187999997,0,0.01,18.8,0,0,0.03,-0.013,-1.002,0.3,-0.6,0
48.8620187999997,0,0.01,18.8,0,0,0.03,-0.013,-1.002,0.3,-0.6,0
48.8720187999997,0,0,18.9,0,0,0.029,-0.013,-1,0.3,-0.5,0
48.8820187999997,0,0,18.9,0,0,0.029,-0.013,-1,0.3,-0.5,0
48.8920187999997,0,0,18.9,0,0,0.029,-0.013,-1,0.3,-0.5,0
48.9020187999997,0,0,18.9,0,0,0.029,-0.013,-1,0.3,-0.5,0
48.9120187999997,0,0,18.9,0,0,0.029,-0.013,-1,0.3,-0.5,0
48.9220187999997,0,0,18.9,0,0,0.029,-0.013,-1.001,0.3,-0.6,0
48.9320187999997,0,0,18.9,0,0,0.029,-0.013,-1.001,0.3,-0.6,0
48.9420187999997,0,0,18.9,0,0,0.029,-0.013,-1.001,0.3,-0.6,0
48.9520187999997,0,0,18.9,0,0,0.029,-0.013,-1.001,0.3,-0.6,0
48.9620187999997,0,0,18.9,0,0,0.029,-0.013,-1.001,0.3,-0.6,0
48.9720187999997,0,0,18.9,0,0,0.029,-0.014,-1.001,0.3,-0.6,0
48.9820187999997,0,0,18.9,0,0,0.029,-0.014,-1.001,0.3,-0.6,0
48.9920187999997,0,0,18.9,0,0,0.029,-0.014,-1.001,0.3,-0.6,0
49.0020187999997,0,0,18.9,0,0,0.029,-0.014,-1.001,0.3,-0.6,0
49.0120187999997,0,0,18.9,0,0,0.029,-0.014,-1.001,0.3,-0.6,0
49.0220187999997,0,0,18.9,0,0,0.029,-0.013,-1.001,0.3,-0.6,0
49.0320187999997,0,0,18.9,0,0,0.029,-0.013,-1.001,0.3,-0.6,0
49.0420187999997,0,0,18.9,0,0,0.029,-0.013,-1.001,0.3,-0.6,0
49.0520187999997,0,0,18.9,0,0,0.029,-0.013,-1.001,0.3,-0.6,0
49.0620187999997,0,0,18.9,0,0,0.029,-0.013,-1.001,0.3,-0.6,0
49.0720187999997,0,0,18.9,0,0,0.029,-0.013,-1.003,0.3,-0.6,0
49.0820187999997,0,0,18.9,0,0,0.029,-0.013,-1.003,0.3,-0.6,0
49.0920187999997,0,0,18.9,0,0,0.029,-0.013,-1.003,0.3,-0.6,0
49.1020187999997,0,0,18.9,0,0,0.029,-0.013,-1.003,0.3,-0.6,0
49.1120187999997,0,0,18.9,0,0,0.029,-0.013,-1.003,0.3,-0.6,0
49.1220187999997,0,0,18.8,0,0,0.029,-0.013,-1.004,0.3,-0.6,0
49.1320187999997,0,0,18.8,0,0,0.029,-0.013,-1.004,0.3,-0.6,0
49.1420187999997,0,0,18.8,0,0,0.029,-0.013,-1.004,0.3,-0.6,0
49.1520187999997,0,0,18.8,0,0,0.029,-0.013,-1.004,0.3,-0.6,0
49.1620187999997,0,0,18.8,0,0,0.029,-0.013,-1.004,0.3,-0.6,0
49.1720187999997,0,0,18.8,0,0,0.028,-0.014,-1.002,0.3,-0.6,0
49.1820187999997,0,0,18.8,0,0,0.028,-0.014,-1.002,0.3,-0.6,0
49.1920187999997,0,0,18.8,0,0,0.028,-0.014,-1.002,0.3,-0.6,0
49.2020187999997,0,0,18.8,0,0,0.028,-0.014,-1.002,0.3,-0.6,0
49.2120187999997,0,0,18.8,0,0,0.028,-0.014,-1.002,0.3,-0.6,0
49.2220187999997,0,0,18.8,0,0,0.028,-0.015,-1.003,0.3,-0.6,0
49.2320187999997,0,0,18.8,0,0,0.028,-0.015,-1.003,0.3,-0.6,0
49.2420187999997,0,0,18.8,0,0,0.028,-0.015,-1.003,0.3,-0.6,0
49.2520187999997,0,0,18.8,0,0,0.028,-0.015,-1.003,0.3,-0.6,0
49.2620187999997,0,0,18.8,0,0,0.028,-0.015,-1.003,0.3,-0.6,0
49.2720187999997,0,0.01,18.8,0,0,0.028,-0.014,-1.002,0.4,-0.6,0
49.2820187999997,0,0.01,18.8,0,0,0.028,-0.014,-1.002,0.4,-0.6,0
49.2920187999997,0,0.01,18.8,0,0,0.028,-0.014,-1.002,0.4,-0.6,0
49.3020187999997,0,0.01,18.8,0,0,0.028,-0.014,-1.002,0.4,-0.6,0
49.3120187999997,0,0.01,18.8,0,0,0.028,-0.014,-1.002,0.4,-0.6,0
49.3220187999997,0,0,18.9,0,0,0.03,-0.014,-1.001,0.3,-0.5,0
49.3320187999997,0,0,18.9,0,0,0.03,-0.014,-1.001,0.3,-0.5,0
49.3420187999997,0,0,18.9,0,0,0.03,-0.014,-1.001,0.3,-0.5,0
49.3520187999997,0,0,18.9,0,0,0.03,-0.014,-1.001,0.3,-0.5,0
49.3620187999997,0,0,18.9,0,0,0.03,-0.014,-1.001,0.3,-0.5,0
49.3720187999997,0,0,18.9,0,0,0.028,-0.013,-1,0.3,-0.5,0
49.3820187999997,0,0,18.9,0,0,0.028,-0.013,-1,0.3,-0.5,0
49.3920187999997,0,0,18.9,0,0,0.028,-0.013,-1,0.3,-0.5,0
49.4020187999997,0,0,18.9,0,0,0.028,-0.013,-1,0.3,-0.5,0
49.4120187999997,0,0,18.9,0,0,0.028,-0.013,-1,0.3,-0.5,0
49.4220187999997,0,0,18.8,0,0,0.029,-0.013,-1.001,0.2,-0.6,0
49.4320187999997,0,0,18.8,0,0,0.029,-0.013,-1.001,0.2,-0.6,0
49.4420187999997,0,0,18.8,0,0,0.029,-0.013,-1.001,0.2,-0.6,0
49.4520187999997,0,0,18.8,0,0,0.029,-0.013,-1.001,0.2,-0.6,0
49.4620187999997,0,0,18.8,0,0,0.029,-0.013,-1.001,0.2,-0.6,0
49.4720187999997,0,0,18.8,0,0,0.028,-0.013,-1.002,0.2,-0.6,0
49.4820187999997,0,0,18.8,0,0,0.028,-0.013,-1.002,0.2,-0.6,0
49.4920187999997,0,0,18.8,0,0,0.028,-0.013,-1.002,0.2,-0.6,0
49.5020187999997,0,0,18.8,0,0,0.028,-0.013,-1.002,0.2,-0.6,0
49.5120187999997,0,0,18.8,0,0,0.028,-0.013,-1.002,0.2,-0.6,0
49.5220187999997,0,0,18.9,0,0,0.029,-0.014,-1.002,0.3,-0.6,0
49.5320187999997,0,0,18.9,0,0,0.029,-0.014,-1.002,0.3,-0.6,0
49.5420187999997,0,0,18.9,0,0,0.029,-0.014,-1.002,0.3,-0.6,0
49.5520187999997,0,0,18.9,0,0,0.029,-0.014,-1.002,0.3,-0.6,0
49.5620187999997,0,0,18.9,0,0,0.029,-0.014,-1.002,0.3,-0.6,0
49.5720187999997,0,0,18.9,0,0,0.029,-0.014,-1.001,0.3,-0.6,0
49.5820187999997,0,0,18.9,0,0,0.029,-0.014,-1.001,0.3,-0.6,0
49.5920187999997,0,0,18.9,0,0,0.029,-0.014,-1.001,0.3,-0.6,0
49.6020187999997,0,0,18.9,0,0,0.029,-0.014,-1.001,0.3,-0.6,0
49.6120187999997,0,0,18.9,0,0,0.029,-0.014,-1.001,0.3,-0.6,0
49.6220187999997,0,0,18.9,0,0,0.028,-0.014,-1.002,0.3,-0.6,0
49.6320187999997,0,0,18.9,0,0,0.028,-0.014,-1.002,0.3,-0.6,0
49.6420187999997,0,0,18.9,0,0,0.028,-0.014,-1.002,0.3,-0.6,0
49.6520187999997,0,0,18.9,0,0,0.028,-0.014,-1.002,0.3,-0.6,0
49.6620187999997,0,0,18.9,0,0,0.028,-0.014,-1.002,0.3,-0.6,0
49.6720187999997,0,0,18.8,0,0,0.028,-0.012,-1.002,0.3,-0.5,0
49.6820187999997,0,0,18.8,0,0,0.028,-0.012,-1.002,0.3,-0.5,0
49.6920187999997,0,0,18.8,0,0,0.028,-0.012,-1.002,0.3,-0.5,0
49.7020187999997,0,0,18.8,0,0,0.028,-0.012,-1.002,0.3,-0.5,0
49.7120187999997,0,0,18.8,0,0,0.028,-0.012,-1.002,0.3,-0.5,0
49.7220187999997,0,0,18.8,0,0,0.029,-0.013,-1.002,0.2,-0.6,0
49.7320187999997,0,0,18.8,0,0,0.029,-0.013,-1.002,0.2,-0.6,0
49.7420187999997,0,0,18.8,0,0,0.029,-0.013,-1.002,0.2,-0.6,0
49.7520187999997,0,0,18.8,0,0,0.029,-0.013,-1.002,0.2,-0.6,0
49.7620187999997,0,0,18.8,0,0,0.029,-0.013,-1.002,0.2,-0.6,0
49.7720187999997,0,0,18.8,0,0,0.029,-0.015,-1.003,0.3,-0.6,0
49.7820187999997,0,0,18.8,0,0,0.029,-0.015,-1.003,0.3,-0.6,0
49.7920187999997,0,0,18.8,0,0,0.029,-0.015,-1.003,0.3,-0.6,0
49.8020187999997,0,0,18.8,0,0,0.029,-0.015,-1.003,0.3,-0.6,0
49.8120187999997,0,0,18.8,0,0,0.029,-0.015,-1.003,0.3,-0.6,0
49.8220187999997,0,0,18.9,0,0,0.028,-0.013,-1,0.3,-0.6,0
49.8320187999997,0,0,18.9,0,0,0.028,-0.013,-1,0.3,-0.6,0
49.8420187999997,0,0,18.9,0,0,0.028,-0.013,-1,0.3,-0.6,0
49.8520187999997,0,0,18.9,0,0,0.028,-0.013,-1,0.3,-0.6,0
49.8620187999997,0,0,18.9,0,0,0.028,-0.013,-1,0.3,-0.6,0
49.8720187999997,0,0,18.9,0,0,0.028,-0.013,-1.001,0.3,-0.6,0
49.8820187999997,0,0,18.9,0,0,0.028,-0.013,-1.001,0.3,-0.6,0
49.8920187999997,0,0,18.9,0,0,0.028,-0.013,-1.001,0.3,-0.6,0
49.9020187999997,0,0,18.9,0,0,0.028,-0.013,-1.001,0.3,-0.6,0
49.9120187999997,0,0,18.9,0,0,0.028,-0.013,-1.001,0.3,-0.6,0
49.9220187999997,0,0,18.9,0,0,0.028,-0.012,-0.999,0.2,-0.6,0
49.9320187999997,0,0,18.9,0,0,0.028,-0.012,-0.999,0.2,-0.6,0
49.9420187999997,0,0,18.9,0,0,0.028,-0.012,-0.999,0.2,-0.6,0
49.9520187999997,0,0,18.9,0,0,0.028,-0.012,-0.999,0.2,-0.6,0
49.9620187999997,0,0,18.9,0,0,0.028,-0.012,-0.999,0.2,-0.6,0
49.9720187999997,0,0,18.9,0,0,0.03,-0.014,-1.001,0.3,-0.6,0
49.9820187999997,0,0,18.9,0,0,0.03,-0.014,-1.001,0.3,-0.6,0
49.9920187999997,0,0,18.9,0,0,0.03,-0.014,-1.001,0.3,-0.6,0
50.0020187999997,0,0,18.9,0,0,0.03,-0.014,-1.001,0.3,-0.6,0
50.0120187999997,0,0,18.9,0,0,0.03,-0.014,-1.001,0.3,-0.6,0
50.0220187999997,0,0,18.8,0,0,0.028,-0.013,-1.003,0.3,-0.7,0
50.0320187999997,0,0,18.8,0,0,0.028,-0.013,-1.003,0.3,-0.7,0
50.0420187999997,0,0,18.8,0,0,0.028,-0.013,-1.003,0.3,-0.7,0
50.0520187999997,0,0,18.8,0,0,0.028,-0.013,-1.003,0.3,-0.7,0
50.0620187999997,0,0,18.8,0,0,0.028,-0.013,-1.003,0.3,-0.7,0
50.0720187999997,0,0,18.9,0,0,0.03,-0.013,-1,0.3,-0.6,0
50.0820187999997,0,0,18.9,0,0,0.03,-0.013,-1,0.3,-0.6,0
50.0920187999997,0,0,18.9,0,0,0.03,-0.013,-1,0.3,-0.6,0
50.1020187999997,0,0,18.9,0,0,0.03,-0.013,-1,0.3,-0.6,0
50.1120187999997,0,0,18.9,0,0,0.03,-0.013,-1,0.3,-0.6,0
50.1220187999997,0,0,18.8,0,0,0.028,-0.013,-1.003,0.3,-0.6,0
50.1320187999997,0,0,18.8,0,0,0.028,-0.013,-1.003,0.3,-0.6,0
50.1420187999997,0,0,18.8,0,0,0.028,-0.013,-1.003,0.3,-0.6,0
50.1520187999997,0,0,18.8,0,0,0.028,-0.013,-1.003,0.3,-0.6,0
50.1620187999997,0,0,18.8,0,0,0.028,-0.013,-1.003,0.3,-0.6,0
50.1720187999997,0,0,18.8,0,0,0.029,-0.014,-1.003,0.3,-0.6,0
50.1820187999997,0,0,18.8,0,0,0.029,-0.014,-1.003,0.3,-0.6,0
50.1920187999997,0,0,18.8,0,0,0.029,-0.014,-1.003,0.3,-0.6,0
50.2020187999997,0,0,18.8,0,0,0.029,-0.014,-1.003,0.3,-0.6,0
50.2120187999997,0,0,18.8,0,0,0.029,-0.014,-1.003,0.3,-0.6,0
50.2220187999997,0,0,18.9,0,0,0.029,-0.014,-1.002,0.3,-0.6,0
50.2320187999997,0,0,18.9,0,0,0.029,-0.014,-1.002,0.3,-0.6,0
50.2420187999997,0,0,18.9,0,0,0.029,-0.014,-1.002,0.3,-0.6,0
50.2520187999997,0,0,18.9,0,0,0.029,-0.014,-1.002,0.3,-0.6,0
50.2620187999997,0,0,18.9,0,0,0.029,-0.014,-1.002,0.3,-0.6,0
50.2720187999997,0,0,18.9,0,0,0.028,-0.014,-1.002,0.3,-0.5,0
50.2820187999997,0,0,18.9,0,0,0.028,-0.014,-1.002,0.3,-0.5,0
50.2920187999997,0,0,18.9,0,0,0.028,-0.014,-1.002,0.3,-0.5,0
50.3020187999997,0,0,18.9,0,0,0.028,-0.014,-1.002,0.3,-0.5,0
50.3120187999997,0,0,18.9,0,0,0.028,-0.014,-1.002,0.3,-0.5,0
50.3220187999997,0,0,18.8,0,0,0.028,-0.014,-1.003,0.2,-0.6,0
50.3320187999997,0,0,18.8,0,0,0.028,-0.014,-1.003,0.2,-0.6,0
50.3420187999997,0,0,18.8,0,0,0.028,-0.014,-1.003,0.2,-0.6,0
50.3520187999997,0,0,18.8,0,0,0.028,-0.014,-1.003,0.2,-0.6,0
50.3620187999997,0,0,18.8,0,0,0.028,-0.014,-1.003,0.2,-0.6,0
50.3720187999997,0,0,18.9,0,0,0.029,-0.013,-1.002,0.3,-0.6,0
50.3820187999996,0,0,18.9,0,0,0.029,-0.013,-1.002,0.3,-0.6,0
50.3920187999997,0,0,18.9,0,0,0.029,-0.013,-1.002,0.3,-0.6,0
50.4020187999997,0,0,18.9,0,0,0.029,-0.013,-1.002,0.3,-0.6,0
50.4120187999997,0,0,18.9,0,0,0.029,-0.013,-1.002,0.3,-0.6,0
50.4220187999996,0,0,18.8,0,0,0.029,-0.013,-1.002,0.3,-0.6,0
50.4320187999996,0,0,18.8,0,0,0.029,-0.013,-1.002,0.3,-0.6,0
50.4420187999997,0,0,18.8,0,0,0.029,-0.013,-1.002,0.3,-0.6,0
50.4520187999996,0,0,18.8,0,0,0.029,-0.013,-1.002,0.3,-0.6,0
50.4620187999996,0,0,18.8,0,0,0.029,-0.013,-1.002,0.3,-0.6,0
50.4720187999996,0,0,18.9,0,0,0.029,-0.014,-1.002,0.3,-0.5,0
50.4820187999996,0,0,18.9,0,0,0.029,-0.014,-1.002,0.3,-0.5,0
50.4920187999996,0,0,18.9,0,0,0.029,-0.014,-1.002,0.3,-0.5,0
50.5020187999996,0,0,18.9,0,0,0.029,-0.014,-1.002,0.3,-0.5,0
50.5120187999996,0,0,18.9,0,0,0.029,-0.014,-1.002,0.3,-0.5,0
50.5220187999996,0,0.01,18.8,0,0,0.028,-0.013,-1.002,0.3,-0.6,0
50.5320187999996,0,0.01,18.8,0,0,0.028,-0.013,-1.002,0.3,-0.6,0
50.5420187999996,0,0.01,18.8,0,0,0.028,-0.013,-1.002,0.3,-0.6,0
50.5520187999996,0,0.01,18.8,0,0,0.028,-0.013,-1.002,0.3,-0.6,0
50.5620187999996,0,0.01,18.8,0,0,0.028,-0.013,-1.002,0.3,-0.6,0
50.5720187999996,0,0,18.9,0,0,0.028,-0.014,-1.001,0.3,-0.6,0
50.5820187999996,0,0,18.9,0,0,0.028,-0.014,-1.001,0.3,-0.6,0
50.5920187999996,0,0,18.9,0,0,0.028,-0.014,-1.001,0.3,-0.6,0
50.6020187999996,0,0,18.9,0,0,0.028,-0.014,-1.001,0.3,-0.6,0
50.6120187999996,0,0,18.9,0,0,0.028,-0.014,-1.001,0.3,-0.6,0
50.6220187999996,0,0,18.8,0,0,0.028,-0.014,-1.002,0.3,-0.6,0
50.6320187999996,0,0,18.8,0,0,0.028,-0.014,-1.002,0.3,-0.6,0
50.6420187999996,0,0,18.8,0,0,0.028,-0.014,-1.002,0.3,-0.6,0
50.6520187999996,0,0,18.8,0,0,0.028,-0.014,-1.002,0.3,-0.6,0
50.6620187999996,0,0,18.8,0,0,0.028,-0.014,-1.002,0.3,-0.6,0
50.6720187999996,0,0,18.9,0,0,0.029,-0.012,-1.001,0.3,-0.5,0
50.6820187999996,0,0,18.9,0,0,0.029,-0.012,-1.001,0.3,-0.5,0
50.6920187999996,0,0,18.9,0,0,0.029,-0.012,-1.001,0.3,-0.5,0
50.7020187999996,0,0,18.9,0,0,0.029,-0.012,-1.001,0.3,-0.5,0
50.7120187999996,0,0,18.9,0,0,0.029,-0.012,-1.001,0.3,-0.5,0
50.7220187999996,0,0,18.9,0,0,0.029,-0.013,-1.002,0.3,-0.6,0
50.7320187999996,0,0,18.9,0,0,0.029,-0.013,-1.002,0.3,-0.6,0
50.7420187999996,0,0,18.9,0,0,0.029,-0.013,-1.002,0.3,-0.6,0
50.7520187999996,0,0,18.9,0,0,0.029,-0.013,-1.002,0.3,-0.6,0
50.7620187999996,0,0,18.9,0,0,0.029,-0.013,-1.002,0.3,-0.6,0
50.7720187999996,0,0,18.8,0,0,0.029,-0.013,-1.001,0.2,-0.6,0
50.7820187999996,0,0,18.8,0,0,0.029,-0.013,-1.001,0.2,-0.6,0
50.7920187999996,0,0,18.8,0,0,0.029,-0.013,-1.001,0.2,-0.6,0
50.8020187999996,0,0,18.8,0,0,0.029,-0.013,-1.001,0.2,-0.6,0
50.8120187999996,0,0,18.8,0,0,0.029,-0.013,-1.001,0.2,-0.6,0
50.8220187999996,0,0,18.9,0,0,0.028,-0.013,-1.002,0.3,-0.6,0
50.8320187999996,0,0,18.9,0,0,0.028,-0.013,-1.002,0.3,-0.6,0
50.8420187999996,0,0,18.9,0,0,0.028,-0.013,-1.002,0.3,-0.6,0
50.8520187999996,0,0,18.9,0,0,0.028,-0.013,-1.002,0.3,-0.6,0
50.8620187999996,0,0,18.9,0,0,0.028,-0.013,-1.002,0.3,-0.6,0
50.8720187999996,0,0.01,18.8,0,0,0.028,-0.014,-1.003,0.3,-0.6,0
50.8820187999996,0,0.01,18.8,0,0,0.028,-0.014,-1.003,0.3,-0.6,0
50.8920187999996,0,0.01,18.8,0,0,0.028,-0.014,-1.003,0.3,-0.6,0
50.9020187999996,0,0.01,18.8,0,0,0.028,-0.014,-1.003,0.3,-0.6,0
50.9120187999996,0,0.01,18.8,0,0,0.028,-0.014,-1.003,0.3,-0.6,0
50.9220187999996,0,0,18.8,0,0,0.028,-0.014,-1.001,0.3,-0.6,0
50.9320187999996,0,0,18.8,0,0,0.028,-0.014,-1.001,0.3,-0.6,0
50.9420187999996,0,0,18.8,0,0,0.028,-0.014,-1.001,0.3,-0.6,0
50.9520187999996,0,0,18.8,0,0,0.028,-0.014,-1.001,0.3,-0.6,0
50.9620187999996,0,0,18.8,0,0,0.028,-0.014,-1.001,0.3,-0.6,0
50.9720187999996,0,0,18.9,0,0,0.028,-0.014,-1.002,0.2,-0.5,0
50.9820187999996,0,0,18.9,0,0,0.028,-0.014,-1.002,0.2,-0.5,0
50.9920187999996,0,0,18.9,0,0,0.028,-0.014,-1.002,0.2,-0.5,0
51.0020187999996,0,0,18.9,0,0,0.028,-0.014,-1.002,0.2,-0.5,0
51.0120187999996,0,0,18.9,0,0,0.028,-0.014,-1.002,0.2,-0.5,0
51.0220187999996,0,0,18.9,0,0,0.028,-0.014,-1.003,0.3,-0.6,0
51.0320187999996,0,0,18.9,0,0,0.028,-0.014,-1.003,0.3,-0.6,0
51.0420187999996,0,0,18.9,0,0,0.028,-0.014,-1.003,0.3,-0.6,0
51.0520187999996,0,0,18.9,0,0,0.028,-0.014,-1.003,0.3,-0.6,0
51.0620187999996,0,0,18.9,0,0,0.028,-0.014,-1.003,0.3,-0.6,0
51.0720187999996,0,0,18.9,0,0,0.029,-0.014,-1.002,0.3,-0.5,0.1
51.0820187999996,0,0,18.9,0,0,0.029,-0.014,-1.002,0.3,-0.5,0.1
51.0920187999996,0,0,18.9,0,0,0.029,-0.014,-1.002,0.3,-0.5,0.1
51.1020187999996,0,0,18.9,0,0,0.029,-0.014,-1.002,0.3,-0.5,0.1
51.1120187999996,0,0,18.9,0,0,0.029,-0.014,-1.002,0.3,-0.5,0.1
51.1220187999996,0,0,18.8,0,0,0.027,-0.014,-1.001,0.3,-0.6,0
51.1320187999996,0,0,18.8,0,0,0.027,-0.014,-1.001,0.3,-0.6,0
51.1420187999996,0,0,18.8,0,0,0.027,-0.014,-1.001,0.3,-0.6,0
51.1520187999996,0,0,18.8,0,0,0.027,-0.014,-1.001,0.3,-0.6,0
51.1620187999996,0,0,18.8,0,0,0.027,-0.014,-1.001,0.3,-0.6,0
51.1720187999996,0,0.01,18.8,0,0,0.029,-0.015,-1.003,0.3,-0.6,0
51.1820187999996,0,0.01,18.8,0,0,0.029,-0.015,-1.003,0.3,-0.6,0
51.1920187999996,0,0.01,18.8,0,0,0.029,-0.015,-1.003,0.3,-0.6,0
51.2020187999996,0,0.01,18.8,0,0,0.029,-0.015,-1.003,0.3,-0.6,0
51.2120187999996,0,0.01,18.8,0,0,0.029,-0.015,-1.003,0.3,-0.6,0
51.2220187999996,0,0,18.8,0,0,0.029,-0.012,-1.001,0.3,-0.6,0
51.2320187999996,0,0,18.8,0,0,0.029,-0.012,-1.001,0.3,-0.6,0
51.2420187999996,0,0,18.8,0,0,0.029,-0.012,-1.001,0.3,-0.6,0
51.2520187999996,0,0,18.8,0,0,0.029,-0.012,-1.001,0.3,-0.6,0
51.2620187999996,0,0,18.8,0,0,0.029,-0.012,-1.001,0.3,-0.6,0
51.2720187999996,0,0,18.8,0,0,0.028,-0.015,-1.003,0.3,-0.6,0
51.2820187999996,0,0,18.8,0,0,0.028,-0.015,-1.003,0.3,-0.6,0
51.2920187999996,0,0,18.8,0,0,0.028,-0.015,-1.003,0.3,-0.6,0
51.3020187999996,0,0,18.8,0,0,0.028,-0.015,-1.003,0.3,-0.6,0
51.3120187999996,0,0,18.8,0,0,0.028,-0.015,-1.003,0.3,-0.6,0
51.3220187999996,0,0,18.9,0,0,0.028,-0.014,-1,0.3,-0.6,0
51.3320187999996,0,0,18.9,0,0,0.028,-0.014,-1,0.3,-0.6,0
51.3420187999996,0,0,18.9,0,0,0.028,-0.014,-1,0.3,-0.6,0
51.3520187999996,0,0,18.9,0,0,0.028,-0.014,-1,0.3,-0.6,0
51.3620187999996,0,0,18.9,0,0,0.028,-0.014,-1,0.3,-0.6,0
51.3720187999996,0,0,18.8,0,0,0.029,-0.015,-1,0.3,-0.5,0
51.3820187999996,0,0,18.8,0,0,0.029,-0.015,-1,0.3,-0.5,0
51.3920187999996,0,0,18.8,0,0,0.029,-0.015,-1,0.3,-0.5,0
51.4020187999996,0,0,18.8,0,0,0.029,-0.015,-1,0.3,-0.5,0
51.4120187999996,0,0,18.8,0,0,0.029,-0.015,-1,0.3,-0.5,0
51.4220187999996,0,0,18.9,0,0,0.028,-0.013,-1.001,0.3,-0.6,0
51.4320187999996,0,0,18.9,0,0,0.028,-0.013,-1.001,0.3,-0.6,0
51.4420187999996,0,0,18.9,0,0,0.028,-0.013,-1.001,0.3,-0.6,0
51.4520187999996,0,0,18.9,0,0,0.028,-0.013,-1.001,0.3,-0.6,0
51.4620187999996,0,0,18.9,0,0,0.028,-0.013,-1.001,0.3,-0.6,0
51.4720187999996,0,0.01,18.8,0,0,0.029,-0.014,-1.001,0.3,-0.6,0
51.4820187999996,0,0.01,18.8,0,0,0.029,-0.014,-1.001,0.3,-0.6,0
51.4920187999996,0,0.01,18.8,0,0,0.029,-0.014,-1.001,0.3,-0.6,0
51.5020187999996,0,0.01,18.8,0,0,0.029,-0.014,-1.001,0.3,-0.6,0
51.5120187999996,0,0.01,18.8,0,0,0.029,-0.014,-1.001,0.3,-0.6,0
51.5220187999996,0,0,18.8,0,0,0.028,-0.012,-1.001,0.3,-0.6,0
51.5320187999996,0,0,18.8,0,0,0.028,-0.012,-1.001,0.3,-0.6,0
51.5420187999996,0,0,18.8,0,0,0.028,-0.012,-1.001,0.3,-0.6,0
51.5520187999996,0,0,18.8,0,0,0.028,-0.012,-1.001,0.3,-0.6,0
51.5620187999996,0,0,18.8,0,0,0.028,-0.012,-1.001,0.3,-0.6,0
51.5720187999996,0,0,18.8,0,0,0.029,-0.014,-1.003,0.2,-0.6,0
51.5820187999996,0,0,18.8,0,0,0.029,-0.014,-1.003,0.2,-0.6,0
51.5920187999996,0,0,18.8,0,0,0.029,-0.014,-1.003,0.2,-0.6,0
51.6020187999996,0,0,18.8,0,0,0.029,-0.014,-1.003,0.2,-0.6,0
51.6120187999996,0,0,18.8,0,0,0.029,-0.014,-1.003,0.2,-0.6,0
51.6220187999996,0,0,18.9,0,0,0.029,-0.014,-1.004,0.3,-0.5,0
51.6320187999996,0,0,18.9,0,0,0.029,-0.014,-1.004,0.3,-0.5,0
51.6420187999996,0,0,18.9,0,0,0.029,-0.014,-1.004,0.3,-0.5,0
51.6520187999996,0,0,18.9,0,0,0.029,-0.014,-1.004,0.3,-0.5,0
51.6620187999996,0,0,18.9,0,0,0.029,-0.014,-1.004,0.3,-0.5,0
51.6720187999996,0,0,18.8,0,0,0.028,-0.013,-1,0.3,-0.6,0
51.6820187999996,0,0,18.8,0,0,0.028,-0.013,-1,0.3,-0.6,0
51.6920187999996,0,0,18.8,0,0,0.028,-0.013,-1,0.3,-0.6,0
51.7020187999996,0,0,18.8,0,0,0.028,-0.013,-1,0.3,-0.6,0
51.7120187999996,0,0,18.8,0,0,0.028,-0.013,-1,0.3,-0.6,0
51.7220187999996,0,0,18.8,0,0,0.028,-0.013,-1.001,0.2,-0.6,0
51.7320187999996,0,0,18.8,0,0,0.028,-0.013,-1.001,0.2,-0.6,0
51.7420187999996,0,0,18.8,0,0,0.028,-0.013,-1.001,0.2,-0.6,0
51.7520187999996,0,0,18.8,0,0,0.028,-0.013,-1.001,0.2,-0.6,0
51.7620187999996,0,0,18.8,0,0,0.028,-0.013,-1.001,0.2,-0.6,0
51.7720187999996,0,0,18.8,0,0,0.029,-0.013,-1.002,0.3,-0.6,0.1
51.7820187999996,0,0,18.8,0,0,0.029,-0.013,-1.002,0.3,-0.6,0.1
51.7920187999996,0,0,18.8,0,0,0.029,-0.013,-1.002,0.3,-0.6,0.1
51.8020187999996,0,0,18.8,0,0,0.029,-0.013,-1.002,0.3,-0.6,0.1
51.8120187999996,0,0,18.8,0,0,0.029,-0.013,-1.002,0.3,-0.6,0.1
51.8220187999996,0,0,18.8,0,0,0.029,-0.014,-1.001,0.2,-0.6,0
51.8320187999996,0,0,18.8,0,0,0.029,-0.014,-1.001,0.2,-0.6,0
51.8420187999996,0,0,18.8,0,0,0.029,-0.014,-1.001,0.2,-0.6,0
51.8520187999996,0,0,18.8,0,0,0.029,-0.014,-1.001,0.2,-0.6,0
51.8620187999996,0,0,18.8,0,0,0.029,-0.014,-1.001,0.2,-0.6,0
51.8720187999996,0,0,18.8,0,0,0.028,-0.013,-1.001,0.3,-0.6,0
51.8820187999996,0,0,18.8,0,0,0.028,-0.013,-1.001,0.3,-0.6,0
51.8920187999996,0,0,18.8,0,0,0.028,-0.013,-1.001,0.3,-0.6,0
51.9020187999996,0,0,18.8,0,0,0.028,-0.013,-1.001,0.3,-0.6,0
51.9120187999996,0,0,18.8,0,0,0.028,-0.013,-1.001,0.3,-0.6,0
51.9220187999996,0,0,18.9,0,0,0.03,-0.014,-1.002,0.3,-0.6,0
51.9320187999996,0,0,18.9,0,0,0.03,-0.014,-1.002,0.3,-0.6,0
51.9420187999996,0,0,18.9,0,0,0.03,-0.014,-1.002,0.3,-0.6,0
51.9520187999996,0,0,18.9,0,0,0.03,-0.014,-1.002,0.3,-0.6,0
51.9620187999996,0,0,18.9,0,0,0.03,-0.014,-1.002,0.3,-0.6,0
51.9720187999996,0,0,18.9,0,0,0.028,-0.014,-1.002,0.2,-0.6,0
51.9820187999996,0,0,18.9,0,0,0.028,-0.014,-1.002,0.2,-0.6,0
51.9920187999996,0,0,18.9,0,0,0.028,-0.014,-1.002,0.2,-0.6,0
52.0020187999996,0,0,18.9,0,0,0.028,-0.014,-1.002,0.2,-0.6,0
52.0120187999996,0,0,18.9,0,0,0.028,-0.014,-1.002,0.2,-0.6,0
52.0220187999996,0,0,18.8,0,0,0.028,-0.013,-1.004,0.3,-0.6,0
52.0320187999996,0,0,18.8,0,0,0.028,-0.013,-1.004,0.3,-0.6,0
52.0420187999996,0,0,18.8,0,0,0.028,-0.013,-1.004,0.3,-0.6,0
52.0520187999996,0,0,18.8,0,0,0.028,-0.013,-1.004,0.3,-0.6,0
52.0620187999996,0,0,18.8,0,0,0.028,-0.013,-1.004,0.3,-0.6,0
52.0720187999996,0,0,18.9,0,0,0.029,-0.013,-1.001,0.3,-0.5,0
52.0820187999996,0,0,18.9,0,0,0.029,-0.013,-1.001,0.3,-0.5,0
52.0920187999996,0,0,18.9,0,0,0.029,-0.013,-1.001,0.3,-0.5,0
52.1020187999996,0,0,18.9,0,0,0.029,-0.013,-1.001,0.3,-0.5,0
52.1120187999996,0,0,18.9,0,0,0.029,-0.013,-1.001,0.3,-0.5,0
52.1220187999996,0,0,18.9,0,0,0.029,-0.014,-1.001,0.3,-0.6,0
52.1320187999995,0,0,18.9,0,0,0.029,-0.014,-1.001,0.3,-0.6,0
52.1420187999996,0,0,18.9,0,0,0.029,-0.014,-1.001,0.3,-0.6,0
52.1520187999996,0,0,18.9,0,0,0.029,-0.014,-1.001,0.3,-0.6,0
52.1620187999996,0,0,18.9,0,0,0.029,-0.014,-1.001,0.3,-0.6,0
52.1720187999995,0,0.01,18.8,0,0,0.028,-0.014,-1.001,0.3,-0.5,0
52.1820187999995,0,0.01,18.8,0,0,0.028,-0.014,-1.001,0.3,-0.5,0
52.1920187999996,0,0.01,18.8,0,0,0.028,-0.014,-1.001,0.3,-0.5,0
52.2020187999995,0,0.01,18.8,0,0,0.028,-0.014,-1.001,0.3,-0.5,0
52.2120187999995,0,0.01,18.8,0,0,0.028,-0.014,-1.001,0.3,-0.5,0
52.2220187999995,0,0,18.8,0,0,0.028,-0.013,-1.003,0.3,-0.6,0
52.2320187999995,0,0,18.8,0,0,0.028,-0.013,-1.003,0.3,-0.6,0
52.2420187999995,0,0,18.8,0,0,0.028,-0.013,-1.003,0.3,-0.6,0
52.2520187999995,0,0,18.8,0,0,0.028,-0.013,-1.003,0.3,-0.6,0
52.2620187999995,0,0,18.8,0,0,0.028,-0.013,-1.003,0.3,-0.6,0
52.2720187999995,0,0.01,18.8,0,0,0.028,-0.013,-1.002,0.3,-0.6,0
52.2820187999995,0,0.01,18.8,0,0,0.028,-0.013,-1.002,0.3,-0.6,0
52.2920187999995,0,0.01,18.8,0,0,0.028,-0.013,-1.002,0.3,-0.6,0
52.3020187999995,0,0.01,18.8,0,0,0.028,-0.013,-1.002,0.3,-0.6,0
52.3120187999995,0,0.01,18.8,0,0,0.028,-0.013,-1.002,0.3,-0.6,0
52.3220187999995,0,0,18.9,0,0,0.029,-0.015,-1.003,0.3,-0.6,0
52.3320187999995,0,0,18.9,0,0,0.029,-0.015,-1.003,0.3,-0.6,0
52.3420187999995,0,0,18.9,0,0,0.029,-0.015,-1.003,0.3,-0.6,0
52.3520187999995,0,0,18.9,0,0,0.029,-0.015,-1.003,0.3,-0.6,0
52.3620187999995,0,0,18.9,0,0,0.029,-0.015,-1.003,0.3,-0.6,0
52.3720187999995,0,0,18.8,0,0,0.029,-0.013,-1.002,0.3,-0.6,0
52.3820187999995,0,0,18.8,0,0,0.029,-0.013,-1.002,0.3,-0.6,0
52.3920187999995,0,0,18.8,0,0,0.029,-0.013,-1.002,0.3,-0.6,0
52.4020187999995,0,0,18.8,0,0,0.029,-0.013,-1.002,0.3,-0.6,0
52.4120187999995,0,0,18.8,0,0,0.029,-0.013,-1.002,0.3,-0.6,0
52.4220187999995,0,0,18.9,0,0,0.027,-0.013,-1,0.3,-0.6,0
52.4320187999995,0,0,18.9,0,0,0.027,-0.013,-1,0.3,-0.6,0
52.4420187999995,0,0,18.9,0,0,0.027,-0.013,-1,0.3,-0.6,0
52.4520187999995,0,0,18.9,0,0,0.027,-0.013,-1,0.3,-0.6,0
52.4620187999995,0,0,18.9,0,0,0.027,-0.013,-1,0.3,-0.6,0
52.4720187999995,0,0,18.8,0,0,0.029,-0.014,-1.001,0.2,-0.6,0
52.4820187999995,0,0,18.8,0,0,0.029,-0.014,-1.001,0.2,-0.6,0
52.4920187999995,0,0,18.8,0,0,0.029,-0.014,-1.001,0.2,-0.6,0
52.5020187999995,0,0,18.8,0,0,0.029,-0.014,-1.001,0.2,-0.6,0
52.5120187999995,0,0,18.8,0,0,0.029,-0.014,-1.001,0.2,-0.6,0
52.5220187999995,0,0.01,18.8,0,0,0.028,-0.012,-1.001,0.2,-0.6,0
52.5320187999995,0,0.01,18.8,0,0,0.028,-0.012,-1.001,0.2,-0.6,0
52.5420187999995,0,0.01,18.8,0,0,0.028,-0.012,-1.001,0.2,-0.6,0
52.5520187999995,0,0.01,18.8,0,0,0.028,-0.012,-1.001,0.2,-0.6,0
52.5620187999995,0,0.01,18.8,0,0,0.028,-0.012,-1.001,0.2,-0.6,0
52.5720187999995,0,0,18.9,0,0,0.029,-0.015,-1.003,0.2,-0.6,0
52.5820187999995,0,0,18.9,0,0,0.029,-0.015,-1.003,0.2,-0.6,0
52.5920187999995,0,0,18.9,0,0,0.029,-0.015,-1.003,0.2,-0.6,0
52.6020187999995,0,0,18.9,0,0,0.029,-0.015,-1.003,0.2,-0.6,0
52.6120187999995,0,0,18.9,0,0,0.029,-0.015,-1.003,0.2,-0.6,0
52.6220187999995,0,0,18.9,0,0,0.028,-0.012,-1.002,0.3,-0.5,0
52.6320187999995,0,0,18.9,0,0,0.028,-0.012,-1.002,0.3,-0.5,0
52.6420187999995,0,0,18.9,0,0,0.028,-0.012,-1.002,0.3,-0.5,0
52.6520187999995,0,0,18.9,0,0,0.028,-0.012,-1.002,0.3,-0.5,0
52.6620187999995,0,0,18.9,0,0,0.028,-0.012,-1.002,0.3,-0.5,0
52.6720187999995,0,0,18.9,0,0,0.028,-0.013,-1.002,0.2,-0.6,0
52.6820187999995,0,0,18.9,0,0,0.028,-0.013,-1.002,0.2,-0.6,0
52.6920187999995,0,0,18.9,0,0,0.028,-0.013,-1.002,0.2,-0.6,0
52.7020187999995,0,0,18.9,0,0,0.028,-0.013,-1.002,0.2,-0.6,0
52.7120187999995,0,0,18.9,0,0,0.028,-0.013,-1.002,0.2,-0.6,0
52.7220187999995,0,0,18.9,0,0,0.028,-0.015,-1.002,0.3,-0.5,0
52.7320187999995,0,0,18.9,0,0,0.028,-0.015,-1.002,0.3,-0.5,0
52.7420187999995,0,0,18.9,0,0,0.028,-0.015,-1.002,0.3,-0.5,0
52.7520187999995,0,0,18.9,0,0,0.028,-0.015,-1.002,0.3,-0.5,0
52.7620187999995,0,0,18.9,0,0,0.028,-0.015,-1.002,0.3,-0.5,0
52.7720187999995,0,0.01,18.8,0,0,0.028,-0.012,-1.003,0.3,-0.6,0
52.7820187999995,0,0.01,18.8,0,0,0.028,-0.012,-1.003,0.3,-0.6,0
52.7920187999995,0,0.01,18.8,0,0,0.028,-0.012,-1.003,0.3,-0.6,0
52.8020187999995,0,0.01,18.8,0,0,0.028,-0.012,-1.003,0.3,-0.6,0
52.8120187999995,0,0.01,18.8,0,0,0.028,-0.012,-1.003,0.3,-0.6,0
52.8220187999995,0,0,18.9,0,0,0.028,-0.014,-1.002,0.2,-0.5,0
52.8320187999995,0,0,18.9,0,0,0.028,-0.014,-1.002,0.2,-0.5,0
52.8420187999995,0,0,18.9,0,0,0.028,-0.014,-1.002,0.2,-0.5,0
52.8520187999995,0,0,18.9,0,0,0.028,-0.014,-1.002,0.2,-0.5,0
52.8620187999995,0,0,18.9,0,0,0.028,-0.014,-1.002,0.2,-0.5,0
52.8720187999995,0,0,18.9,0,0,0.028,-0.012,-1.002,0.3,-0.6,0
52.8820187999995,0,0,18.9,0,0,0.028,-0.012,-1.002,0.3,-0.6,0
52.8920187999995,0,0,18.9,0,0,0.028,-0.012,-1.002,0.3,-0.6,0
52.9020187999995,0,0,18.9,0,0,0.028,-0.012,-1.002,0.3,-0.6,0
52.9120187999995,0,0,18.9,0,0,0.028,-0.012,-1.002,0.3,-0.6,0
52.9220187999995,0,0,18.8,0,0,0.028,-0.013,-1.002,0.3,-0.6,0
52.9320187999995,0,0,18.8,0,0,0.028,-0.013,-1.002,0.3,-0.6,0
52.9420187999995,0,0,18.8,0,0,0.028,-0.013,-1.002,0.3,-0.6,0
52.9520187999995,0,0,18.8,0,0,0.028,-0.013,-1.002,0.3,-0.6,0
52.9620187999995,0,0,18.8,0,0,0.028,-0.013,-1.002,0.3,-0.6,0
52.9720187999995,0,0.01,18.8,0,0,0.028,-0.014,-1.003,0.3,-0.5,0
52.9820187999995,0,0.01,18.8,0,0,0.028,-0.014,-1.003,0.3,-0.5,0
52.9920187999995,0,0.01,18.8,0,0,0.028,-0.014,-1.003,0.3,-0.5,0
53.0020187999995,0,0.01,18.8,0,0,0.028,-0.014,-1.003,0.3,-0.5,0
53.0120187999995,0,0.01,18.8,0,0,0.028,-0.014,-1.003,0.3,-0.5,0
53.0220187999995,0,0,18.8,0,0,0.028,-0.013,-1.002,0.3,-0.6,0
53.0320187999995,0,0,18.8,0,0,0.028,-0.013,-1.002,0.3,-0.6,0
53.0420187999995,0,0,18.8,0,0,0.028,-0.013,-1.002,0.3,-0.6,0
53.0520187999995,0,0,18.8,0,0,0.028,-0.013,-1.002,0.3,-0.6,0
53.0620187999995,0,0,18.8,0,0,0.028,-0.013,-1.002,0.3,-0.6,0
53.0720187999995,0,0.01,18.8,0,0,0.029,-0.012,-1.001,0.3,-0.6,0
53.0820187999995,0,0.01,18.8,0,0,0.029,-0.012,-1.001,0.3,-0.6,0
53.0920187999995,0,0.01,18.8,0,0,0.029,-0.012,-1.001,0.3,-0.6,0
53.1020187999995,0,0.01,18.8,0,0,0.029,-0.012,-1.001,0.3,-0.6,0
53.1120187999995,0,0.01,18.8,0,0,0.029,-0.012,-1.001,0.3,-0.6,0
53.1220187999995,0,0,18.9,0,0,0.028,-0.013,-1.002,0.3,-0.5,0
53.1320187999995,0,0,18.9,0,0,0.028,-0.013,-1.002,0.3,-0.5,0
53.1420187999995,0,0,18.9,0,0,0.028,-0.013,-1.002,0.3,-0.5,0
53.1520187999995,0,0,18.9,0,0,0.028,-0.013,-1.002,0.3,-0.5,0
53.1620187999995,0,0,18.9,0,0,0.028,-0.013,-1.002,0.3,-0.5,0
53.1720187999995,0,0,18.9,0,0,0.029,-0.013,-1.003,0.3,-0.6,0
53.1820187999995,0,0,18.9,0,0,0.029,-0.013,-1.003,0.3,-0.6,0
53.1920187999995,0,0,18.9,0,0,0.029,-0.013,-1.003,0.3,-0.6,0
53.2020187999995,0,0,18.9,0,0,0.029,-0.013,-1.003,0.3,-0.6,0
53.2120187999995,0,0,18.9,0,0,0.029,-0.013,-1.003,0.3,-0.6,0
53.2220187999995,0,0,18.9,0,0,0.028,-0.014,-1.001,0.3,-0.5,0
53.2320187999995,0,0,18.9,0,0,0.028,-0.014,-1.001,0.3,-0.5,0
53.2420187999995,0,0,18.9,0,0,0.028,-0.014,-1.001,0.3,-0.5,0
53.2520187999995,0,0,18.9,0,0,0.028,-0.014,-1.001,0.3,-0.5,0
53.2620187999995,0,0,18.9,0,0,0.028,-0.014,-1.001,0.3,-0.5,0
53.2720187999995,0,0,18.8,0,0,0.029,-0.014,-1.002,0.3,-0.6,0
53.2820187999995,0,0,18.8,0,0,0.029,-0.014,-1.002,0.3,-0.6,0
53.2920187999995,0,0,18.8,0,0,0.029,-0.014,-1.002,0.3,-0.6,0
53.3020187999995,0,0,18.8,0,0,0.029,-0.014,-1.002,0.3,-0.6,0
53.3120187999995,0,0,18.8,0,0,0.029,-0.014,-1.002,0.3,-0.6,0
53.3220187999995,0,0.01,18.8,0,0,0.028,-0.014,-1.003,0.2,-0.6,0
53.3320187999995,0,0.01,18.8,0,0,0.028,-0.014,-1.003,0.2,-0.6,0
53.3420187999995,0,0.01,18.8,0,0,0.028,-0.014,-1.003,0.2,-0.6,0
53.3520187999995,0,0.01,18.8,0,0,0.028,-0.014,-1.003,0.2,-0.6,0
53.3620187999995,0,0.01,18.8,0,0,0.028,-0.014,-1.003,0.2,-0.6,0
53.3720187999995,0,0,18.9,0,0,0.028,-0.014,-1.003,0.2,-0.6,0
53.3820187999995,0,0,18.9,0,0,0.028,-0.014,-1.003,0.2,-0.6,0
53.3920187999995,0,0,18.9,0,0,0.028,-0.014,-1.003,0.2,-0.6,0
53.4020187999995,0,0,18.9,0,0,0.028,-0.014,-1.003,0.2,-0.6,0
53.4120187999995,0,0,18.9,0,0,0.028,-0.014,-1.003,0.2,-0.6,0
53.4220187999995,0,0.01,18.8,0,0,0.028,-0.014,-1.001,0.3,-0.6,0
53.4320187999995,0,0.01,18.8,0,0,0.028,-0.014,-1.001,0.3,-0.6,0
53.4420187999995,0,0.01,18.8,0,0,0.028,-0.014,-1.001,0.3,-0.6,0
53.4520187999995,0,0.01,18.8,0,0,0.028,-0.014,-1.001,0.3,-0.6,0
53.4620187999995,0,0.01,18.8,0,0,0.028,-0.014,-1.001,0.3,-0.6,0
53.4720187999995,0,0,18.9,0,0,0.029,-0.013,-1.002,0.3,-0.5,0
53.4820187999995,0,0,18.9,0,0,0.029,-0.013,-1.002,0.3,-0.5,0
53.4920187999995,0,0,18.9,0,0,0.029,-0.013,-1.002,0.3,-0.5,0
53.5020187999995,0,0,18.9,0,0,0.029,-0.013,-1.002,0.3,-0.5,0
53.5120187999995,0,0,18.9,0,0,0.029,-0.013,-1.002,0.3,-0.5,0
53.5220187999995,0,0,18.9,0,0,0.029,-0.014,-1.002,0.3,-0.6,0
53.5320187999995,0,0,18.9,0,0,0.029,-0.014,-1.002,0.3,-0.6,0
53.5420187999995,0,0,18.9,0,0,0.029,-0.014,-1.002,0.3,-0.6,0
53.5520187999995,0,0,18.9,0,0,0.029,-0.014,-1.002,0.3,-0.6,0
53.5620187999995,0,0,18.9,0,0,0.029,-0.014,-1.002,0.3,-0.6,0
53.5720187999995,0,0,18.9,0,0,0.028,-0.013,-1,0.3,-0.6,0
53.5820187999995,0,0,18.9,0,0,0.028,-0.013,-1,0.3,-0.6,0
53.5920187999995,0,0,18.9,0,0,0.028,-0.013,-1,0.3,-0.6,0
53.6020187999995,0,0,18.9,0,0,0.028,-0.013,-1,0.3,-0.6,0
53.6120187999995,0,0,18.9,0,0,0.028,-0.013,-1,0.3,-0.6,0
53.6220187999995,0,0,18.9,0,0,0.029,-0.014,-1.001,0.3,-0.6,0
53.6320187999995,0,0,18.9,0,0,0.029,-0.014,-1.001,0.3,-0.6,0
53.6420187999995,0,0,18.9,0,0,0.029,-0.014,-1.001,0.3,-0.6,0
53.6520187999995,0,0,18.9,0,0,0.029,-0.014,-1.001,0.3,-0.6,0
53.6620187999995,0,0,18.9,0,0,0.029,-0.014,-1.001,0.3,-0.6,0
53.6720187999995,0,0,18.9,0,0,0.029,-0.014,-1.003,0.3,-0.6,0
53.6820187999995,0,0,18.9,0,0,0.029,-0.014,-1.003,0.3,-0.6,0
53.6920187999995,0,0,18.9,0,0,0.029,-0.014,-1.003,0.3,-0.6,0
53.7020187999995,0,0,18.9,0,0,0.029,-0.014,-1.003,0.3,-0.6,0
53.7120187999995,0,0,18.9,0,0,0.029,-0.014,-1.003,0.3,-0.6,0
53.7220187999995,0,0,18.8,0,0,0.029,-0.013,-1.002,0.3,-0.5,0
53.7320187999995,0,0,18.8,0,0,0.029,-0.013,-1.002,0.3,-0.5,0
53.7420187999995,0,0,18.8,0,0,0.029,-0.013,-1.002,0.3,-0.5,0
53.7520187999995,0,0,18.8,0,0,0.029,-0.013,-1.002,0.3,-0.5,0
53.7620187999995,0,0,18.8,0,0,0.029,-0.013,-1.002,0.3,-0.5,0
53.7720187999995,0,0,18.8,0,0,0.028,-0.013,-1.001,0.3,-0.6,0
53.7820187999995,0,0,18.8,0,0,0.028,-0.013,-1.001,0.3,-0.6,0
53.7920187999995,0,0,18.8,0,0,0.028,-0.013,-1.001,0.3,-0.6,0
53.8020187999995,0,0,18.8,0,0,0.028,-0.013,-1.001,0.3,-0.6,0
53.8120187999995,0,0,18.8,0,0,0.028,-0.013,-1.001,0.3,-0.6,0
53.8220187999995,0,0,18.9,0,0,0.029,-0.013,-1.003,0.3,-0.6,0
53.8320187999995,0,0,18.9,0,0,0.029,-0.013,-1.003,0.3,-0.6,0
53.8420187999995,0,0,18.9,0,0,0.029,-0.013,-1.003,0.3,-0.6,0
53.8520187999995,0,0,18.9,0,0,0.029,-0.013,-1.003,0.3,-0.6,0
53.8620187999995,0,0,18.9,0,0,0.029,-0.013,-1.003,0.3,-0.6,0
53.8720187999995,0,0,18.9,0,0,0.029,-0.014,-1.002,0.3,-0.5,0
53.8820187999995,0,0,18.9,0,0,0.029,-0.014,-1.002,0.3,-0.5,0
53.8920187999995,0,0,18.9,0,0,0.029,-0.014,-1.002,0.3,-0.5,0
53.9020187999995,0,0,18.9,0,0,0.029,-0.014,-1.002,0.3,-0.5,0
53.9120187999995,0,0,18.9,0,0,0.029,-0.014,-1.002,0.3,-0.5,0
53.9220187999994,0,0,18.9,0,0,0.029,-0.013,-1.001,0.3,-0.5,0
53.9320187999994,0,0,18.9,0,0,0.029,-0.013,-1.001,0.3,-0.5,0
53.9420187999995,0,0,18.9,0,0,0.029,-0.013,-1.001,0.3,-0.5,0
53.9520187999995,0,0,18.9,0,0,0.029,-0.013,-1.001,0.3,-0.5,0
53.9620187999994,0,0,18.9,0,0,0.029,-0.013,-1.001,0.3,-0.5,0
53.9720187999994,0,0,18.8,0,0,0.029,-0.014,-1.002,0.3,-0.6,0
53.9820187999994,0,0,18.8,0,0,0.029,-0.014,-1.002,0.3,-0.6,0
53.9920187999994,0,0,18.8,0,0,0.029,-0.014,-1.002,0.3,-0.6,0
54.0020187999994,0,0,18.8,0,0,0.029,-0.014,-1.002,0.3,-0.6,0
54.0120187999994,0,0,18.8,0,0,0.029,-0.014,-1.002,0.3,-0.6,0
54.0220187999994,0,0,18.8,0,0,0.028,-0.011,-1.002,0.3,-0.5,0
54.0320187999994,0,0,18.8,0,0,0.028,-0.011,-1.002,0.3,-0.5,0
54.0420187999994,0,0,18.8,0,0,0.028,-0.011,-1.002,0.3,-0.5,0
54.0520187999994,0,0,18.8,0,0,0.028,-0.011,-1.002,0.3,-0.5,0
54.0620187999994,0,0,18.8,0,0,0.028,-0.011,-1.002,0.3,-0.5,0
54.0720187999994,0,0,18.9,0,0,0.024,-0.012,-1,0.4,-0.6,0.1
54.0820187999994,0,0,18.9,0,0,0.024,-0.012,-1,0.4,-0.6,0.1
54.0920187999994,0,0,18.9,0,0,0.024,-0.012,-1,0.4,-0.6,0.1
54.1020187999994,0,0,18.9,0,0,0.024,-0.012,-1,0.4,-0.6,0.1
54.1120187999994,0,0,18.9,0,0,0.024,-0.012,-1,0.4,-0.6,0.1
54.1220187999994,0,0,18.9,0,0,0.035,-0.013,-1,0.3,-0.6,-0.1
54.1320187999994,0,0,18.9,0,0,0.035,-0.013,-1,0.3,-0.6,-0.1
54.1420187999994,0,0,18.9,0,0,0.035,-0.013,-1,0.3,-0.6,-0.1
54.1520187999994,0,0,18.9,0,0,0.035,-0.013,-1,0.3,-0.6,-0.1
54.1620187999994,0,0,18.9,0,0,0.035,-0.013,-1,0.3,-0.6,-0.1
54.1720187999994,0,0,18.9,0,0,0.024,-0.017,-1,0.2,-0.5,0.2
54.1820187999994,0,0,18.9,0,0,0.024,-0.017,-1,0.2,-0.5,0.2
54.1920187999994,0,0,18.9,0,0,0.024,-0.017,-1,0.2,-0.5,0.2
54.2020187999994,0,0,18.9,0,0,0.024,-0.017,-1,0.2,-0.5,0.2
54.2120187999994,0,0,18.9,0,0,0.024,-0.017,-1,0.2,-0.5,0.2
54.2220187999994,0,0,18.9,0,0,0.031,-0.01,-1,0.3,-0.6,0
54.2320187999994,0,0,18.9,0,0,0.031,-0.01,-1,0.3,-0.6,0
54.2420187999994,0,0,18.9,0,0,0.031,-0.01,-1,0.3,-0.6,0
54.2520187999994,0,0,18.9,0,0,0.031,-0.01,-1,0.3,-0.6,0
54.2620187999994,0,0,18.9,0,0,0.031,-0.01,-1,0.3,-0.6,0
54.2720187999994,0,0,18.9,0,0,0.028,-0.015,-1.001,0.3,-0.5,0
54.2820187999994,0,0,18.9,0,0,0.028,-0.015,-1.001,0.3,-0.5,0
54.2920187999994,0,0,18.9,0,0,0.028,-0.015,-1.001,0.3,-0.5,0
54.3020187999994,0,0,18.9,0,0,0.028,-0.015,-1.001,0.3,-0.5,0
54.3120187999994,0,0,18.9,0,0,0.028,-0.015,-1.001,0.3,-0.5,0
54.3220187999994,0,0,18.9,0,0,0.031,-0.011,-1,0.3,-0.6,0.1
54.3320187999994,0,0,18.9,0,0,0.031,-0.011,-1,0.3,-0.6,0.1
54.3420187999994,0,0,18.9,0,0,0.031,-0.011,-1,0.3,-0.6,0.1
54.3520187999994,0,0,18.9,0,0,0.031,-0.011,-1,0.3,-0.6,0.1
54.3620187999994,0,0,18.9,0,0,0.031,-0.011,-1,0.3,-0.6,0.1
54.3720187999994,0,0,18.8,0,0,0.024,-0.014,-1.001,0.3,-0.6,0
54.3820187999994,0,0,18.8,0,0,0.024,-0.014,-1.001,0.3,-0.6,0
54.3920187999994,0,0,18.8,0,0,0.024,-0.014,-1.001,0.3,-0.6,0
54.4020187999994,0,0,18.8,0,0,0.024,-0.014,-1.001,0.3,-0.6,0
54.4120187999994,0,0,18.8,0,0,0.024,-0.014,-1.001,0.3,-0.6,0
54.4220187999994,0,0,18.8,0,0,0.032,-0.013,-1,0.3,-0.6,0
54.4320187999994,0,0,18.8,0,0,0.032,-0.013,-1,0.3,-0.6,0
54.4420187999994,0,0,18.8,0,0,0.032,-0.013,-1,0.3,-0.6,0
54.4520187999994,0,0,18.8,0,0,0.032,-0.013,-1,0.3,-0.6,0
54.4620187999994,0,0,18.8,0,0,0.032,-0.013,-1,0.3,-0.6,0
54.4720187999994,0,0,18.8,0,0,0.028,-0.011,-1.001,0.3,-0.6,0
54.4820187999994,0,0,18.8,0,0,0.028,-0.011,-1.001,0.3,-0.6,0
54.4920187999994,0,0,18.8,0,0,0.028,-0.011,-1.001,0.3,-0.6,0
54.5020187999994,0,0,18.8,0,0,0.028,-0.011,-1.001,0.3,-0.6,0
54.5120187999994,0,0,18.8,0,0,0.028,-0.011,-1.001,0.3,-0.6,0
54.5220187999994,0,0,18.9,0,0,0.028,-0.016,-1.002,0.2,-0.5,0
54.5320187999994,0,0,18.9,0,0,0.028,-0.016,-1.002,0.2,-0.5,0
54.5420187999994,0,0,18.9,0,0,0.028,-0.016,-1.002,0.2,-0.5,0
54.5520187999994,0,0,18.9,0,0,0.028,-0.016,-1.002,0.2,-0.5,0
54.5620187999994,0,0,18.9,0,0,0.028,-0.016,-1.002,0.2,-0.5,0
54.5720187999994,0,0,18.8,0,0,0.028,-0.011,-1,0.1,-0.6,0
54.5820187999994,0,0,18.8,0,0,0.028,-0.011,-1,0.1,-0.6,0
54.5920187999994,0,0,18.8,0,0,0.028,-0.011,-1,0.1,-0.6,0
54.6020187999994,0,0,18.8,0,0,0.028,-0.011,-1,0.1,-0.6,0
54.6120187999994,0,0,18.8,0,0,0.028,-0.011,-1,0.1,-0.6,0
54.6220187999994,0,0,18.9,0,0,0.028,-0.013,-0.994,0,-0.6,0
54.6320187999994,0,0,18.9,0,0,0.028,-0.013,-0.994,0,-0.6,0
54.6420187999994,0,0,18.9,0,0,0.028,-0.013,-0.994,0,-0.6,0
54.6520187999994,0,0,18.9,0,0,0.028,-0.013,-0.994,0,-0.6,0
54.6620187999994,0,0,18.9,0,0,0.028,-0.013,-0.994,0,-0.6,0
54.6720187999994,0,0,18.9,0,0,0.029,-0.015,-1.006,0.1,-0.6,0
54.6820187999994,0,0,18.9,0,0,0.029,-0.015,-1.006,0.1,-0.6,0
54.6920187999994,0,0,18.9,0,0,0.029,-0.015,-1.006,0.1,-0.6,0
54.7020187999994,0,0,18.9,0,0,0.029,-0.015,-1.006,0.1,-0.6,0
54.7120187999994,0,0,18.9,0,0,0.029,-0.015,-1.006,0.1,-0.6,0
54.7220187999994,0,0,18.9,0,0,0.029,-0.012,-1,0.3,-0.6,0
54.7320187999994,0,0,18.9,0,0,0.029,-0.012,-1,0.3,-0.6,0
54.7420187999994,0,0,18.9,0,0,0.029,-0.012,-1,0.3,-0.6,0
54.7520187999994,0,0,18.9,0,0,0.029,-0.012,-1,0.3,-0.6,0
54.7620187999994,0,0,18.9,0,0,0.029,-0.012,-1,0.3,-0.6,0
54.7720187999994,0,0,18.9,0,0,0.028,-0.015,-1.004,0.1,-0.6,0
54.7820187999994,0,0,18.9,0,0,0.028,-0.015,-1.004,0.1,-0.6,0
54.7920187999994,0,0,18.9,0,0,0.028,-0.015,-1.004,0.1,-0.6,0
54.8020187999994,0,0,18.9,0,0,0.028,-0.015,-1.004,0.1,-0.6,0
54.8120187999994,0,0,18.9,0,0,0.028,-0.015,-1.004,0.1,-0.6,0
54.8220187999994,0,0,18.9,0,0,0.029,-0.013,-1.006,0.3,-0.6,0
54.8320187999994,0,0,18.9,0,0,0.029,-0.013,-1.006,0.3,-0.6,0
54.8420187999994,0,0,18.9,0,0,0.029,-0.013,-1.006,0.3,-0.6,0
54.8520187999994,0,0,18.9,0,0,0.029,-0.013,-1.006,0.3,-0.6,0
54.8620187999994,0,0,18.9,0,0,0.029,-0.013,-1.006,0.3,-0.6,0
54.8720187999994,0,0,18.9,0,0,0.029,-0.015,-1.004,0.4,-0.6,0
54.8820187999994,0,0,18.9,0,0,0.029,-0.015,-1.004,0.4,-0.6,0
54.8920187999994,0,0,18.9,0,0,0.029,-0.015,-1.004,0.4,-0.6,0
54.9020187999994,0,0,18.9,0,0,0.029,-0.015,-1.004,0.4,-0.6,0
54.9120187999994,0,0,18.9,0,0,0.029,-0.015,-1.004,0.4,-0.6,0
54.9220187999994,0,0,18.8,0,0,0.029,-0.012,-1,0.3,-0.6,0
54.9320187999994,0,0,18.8,0,0,0.029,-0.012,-1,0.3,-0.6,0
54.9420187999994,0,0,18.8,0,0,0.029,-0.012,-1,0.3,-0.6,0
54.9520187999994,0,0,18.8,0,0,0.029,-0.012,-1,0.3,-0.6,0
54.9620187999994,0,0,18.8,0,0,0.029,-0.012,-1,0.3,-0.6,0
54.9720187999994,0,0,18.9,0,0,0.028,-0.013,-1,0.2,-0.5,0
54.9820187999994,0,0,18.9,0,0,0.028,-0.013,-1,0.2,-0.5,0
54.9920187999994,0,0,18.9,0,0,0.028,-0.013,-1,0.2,-0.5,0
55.0020187999994,0,0,18.9,0,0,0.028,-0.013,-1,0.2,-0.5,0
55.0120187999994,0,0,18.9,0,0,0.028,-0.013,-1,0.2,-0.5,0
