Time_s,RPM,Iq_A,Vbat_V,Tinv_C,Treg_C,AccX_g,AccY_g,AccZ_g,GyrX_dps,GyrY_dps,GyrZ_dps
34.4961653,0,0,18.9,0,0,0.029,-0.014,-1.002,0.3,-0.6,0.1
34.5061653,0,0,18.9,0,0,0.029,-0.014,-1.002,0.3,-0.6,0.1
34.5161653,0,0,18.9,0,0,0.029,-0.014,-1.002,0.3,-0.6,0.1
34.5261653,0,0,18.9,0,0,0.029,-0.014,-1.002,0.3,-0.6,0.1
34.5361653,0,0,18.9,0,0,0.029,-0.014,-1.002,0.3,-0.6,0.1
34.5461653,0,0,18.8,0,0,0.029,-0.013,-1.001,0.2,-0.5,0
34.5561653,0,0,18.8,0,0,0.029,-0.013,-1.001,0.2,-0.5,0
34.5661653,0,0,18.8,0,0,0.029,-0.013,-1.001,0.2,-0.5,0
34.5761653,0,0,18.8,0,0,0.029,-0.013,-1.001,0.2,-0.5,0
34.5861653,0,0,18.8,0,0,0.029,-0.013,-1.001,0.2,-0.5,0
34.5961653,0,0,18.9,0,0,0.028,-0.015,-1.002,0.3,-0.6,0
34.6061653,0,0,18.9,0,0,0.028,-0.015,-1.002,0.3,-0.6,0
34.6161653,0,0,18.9,0,0,0.028,-0.015,-1.002,0.3,-0.6,0
34.6261653,0,0,18.9,0,0,0.028,-0.015,-1.002,0.3,-0.6,0
34.6361653,0,0,18.9,0,0,0.028,-0.015,-1.002,0.3,-0.6,0
34.6461653,0,0,18.8,0,0,0.028,-0.012,-1,0.3,-0.5,0
34.6561653,0,0,18.8,0,0,0.028,-0.012,-1,0.3,-0.5,0
34.6661653,0,0,18.8,0,0,0.028,-0.012,-1,0.3,-0.5,0
34.6761653,0,0,18.8,0,0,0.028,-0.012,-1,0.3,-0.5,0
34.6861653,0,0,18.8,0,0,0.028,-0.012,-1,0.3,-0.5,0
34.6961653,0,0,18.8,0,0,0.029,-0.014,-1,0.3,-0.5,0
34.7061653,0,0,18.8,0,0,0.029,-0.014,-1,0.3,-0.5,0
34.7161653,0,0,18.8,0,0,0.029,-0.014,-1,0.3,-0.5,0
34.7261653,0,0,18.8,0,0,0.029,-0.014,-1,0.3,-0.5,0
34.7361653,0,0,18.8,0,0,0.029,-0.014,-1,0.3,-0.5,0
34.7461653,0,0,18.9,0,0,0.028,-0.013,-1.002,0.3,-0.6,0
34.7561653,0,0,18.9,0,0,0.028,-0.013,-1.002,0.3,-0.6,0
34.7661653,0,0,18.9,0,0,0.028,-0.013,-1.002,0.3,-0.6,0
34.7761653,0,0,18.9,0,0,0.028,-0.013,-1.002,0.3,-0.6,0
34.7861653,0,0,18.9,0,0,0.028,-0.013,-1.002,0.3,-0.6,0
34.7961653,0,0,18.8,0,0,0.027,-0.012,-1,0.3,-0.5,0
34.8061653,0,0,18.8,0,0,0.027,-0.012,-1,0.3,-0.5,0
34.8161653,0,0,18.8,0,0,0.027,-0.012,-1,0.3,-0.5,0
34.8261653,0,0,18.8,0,0,0.027,-0.012,-1,0.3,-0.5,0
34.8361653,0,0,18.8,0,0,0.027,-0.012,-1,0.3,-0.5,0
34.8461653,0,0,18.8,0,0,0.029,-0.014,-1.002,0.2,-0.5,0
34.8561653,0,0,18.8,0,0,0.029,-0.014,-1.002,0.2,-0.5,0
34.8661653,0,0,18.8,0,0,0.029,-0.014,-1.002,0.2,-0.5,0
34.8761653,0,0,18.8,0,0,0.029,-0.014,-1.002,0.2,-0.5,0
34.8861653,0,0,18.8,0,0,0.029,-0.014,-1.002,0.2,-0.5,0
34.8961653,0,0,18.9,0,0,0.028,-0.013,-1.001,0.3,-0.6,0.1
34.9061653,0,0,18.9,0,0,0.028,-0.013,-1.001,0.3,-0.6,0.1
34.9161653,0,0,18.9,0,0,0.028,-0.013,-1.001,0.3,-0.6,0.1
34.9261653,0,0,18.9,0,0,0.028,-0.013,-1.001,0.3,-0.6,0.1
34.9361653,0,0,18.9,0,0,0.028,-0.013,-1.001,0.3,-0.6,0.1
34.9461653,0,0,18.9,0,0,0.028,-0.014,-1.001,0.3,-0.6,0
34.9561653,0,0,18.9,0,0,0.028,-0.014,-1.001,0.3,-0.6,0
34.9661653,0,0,18.9,0,0,0.028,-0.014,-1.001,0.3,-0.6,0
34.9761653,0,0,18.9,0,0,0.028,-0.014,-1.001,0.3,-0.6,0
34.9861653,0,0,18.9,0,0,0.028,-0.014,-1.001,0.3,-0.6,0
34.9961653,0,0,18.8,0,0,0.028,-0.013,-1.002,0.3,-0.5,0
35.0061653,0,0,18.8,0,0,0.028,-0.013,-1.002,0.3,-0.5,0
35.0161653,0,0,18.8,0,0,0.028,-0.013,-1.002,0.3,-0.5,0
35.0261653,0,0,18.8,0,0,0.028,-0.013,-1.002,0.3,-0.5,0
35.0361653,0,0,18.8,0,0,0.028,-0.013,-1.002,0.3,-0.5,0
35.0461653,0,0,18.8,0,0,0.028,-0.015,-1.002,0.3,-0.6,0
35.0561653,0,0,18.8,0,0,0.028,-0.015,-1.002,0.3,-0.6,0
35.0661653,0,0,18.8,0,0,0.028,-0.015,-1.002,0.3,-0.6,0
35.0761653,0,0,18.8,0,0,0.028,-0.015,-1.002,0.3,-0.6,0
35.0861653,0,0,18.8,0,0,0.028,-0.015,-1.002,0.3,-0.6,0
35.0961653,0,0,18.9,0,0,0.027,-0.013,-1,0.3,-0.5,0
35.1061653,0,0,18.9,0,0,0.027,-0.013,-1,0.3,-0.5,0
35.1161653,0,0,18.9,0,0,0.027,-0.013,-1,0.3,-0.5,0
35.1261653,0,0,18.9,0,0,0.027,-0.013,-1,0.3,-0.5,0
35.1361653,0,0,18.9,0,0,0.027,-0.013,-1,0.3,-0.5,0
35.1461653,0,0,18.8,0,0,0.028,-0.013,-1.001,0.3,-0.5,0
35.1561653,0,0,18.8,0,0,0.028,-0.013,-1.001,0.3,-0.5,0
35.1661653,0,0,18.8,0,0,0.028,-0.013,-1.001,0.3,-0.5,0
35.1761653,0,0,18.8,0,0,0.028,-0.013,-1.001,0.3,-0.5,0
35.1861653,0,0,18.8,0,0,0.028,-0.013,-1.001,0.3,-0.5,0
35.1961653,0,0,18.8,0,0,0.029,-0.012,-1.001,0.3,-0.5,0
35.2061653,0,0,18.8,0,0,0.029,-0.012,-1.001,0.3,-0.5,0
35.2161653,0,0,18.8,0,0,0.029,-0.012,-1.001,0.3,-0.5,0
35.2261653,0,0,18.8,0,0,0.029,-0.012,-1.001,0.3,-0.5,0
35.2361653,0,0,18.8,0,0,0.029,-0.012,-1.001,0.3,-0.5,0
35.2517537,0,0,18.9,0,0,0.028,-0.014,-1,0.3,-0.6,0
35.2617537,0,0,18.9,0,0,0.028,-0.014,-1,0.3,-0.6,0
35.2717537,0,0,18.9,0,0,0.028,-0.014,-1,0.3,-0.6,0
35.2817537,0,0,18.9,0,0,0.028,-0.014,-1,0.3,-0.6,0
35.2917537,0,0,18.9,0,0,0.028,-0.014,-1,0.3,-0.6,0
35.3278437,0,0,18.8,0,0,0.028,-0.013,-1.002,0.2,-0.5,0
35.3378437,0,0,18.8,0,0,0.028,-0.013,-1.002,0.2,-0.5,0
35.3478437,0,0,18.8,0,0,0.028,-0.013,-1.002,0.2,-0.5,0
35.3578437,0,0,18.8,0,0,0.028,-0.013,-1.002,0.2,-0.5,0
35.3678437,0,0,18.8,0,0,0.028,-0.013,-1.002,0.2,-0.5,0
35.403017,0,0,18.9,0,0,0.028,-0.012,-1.001,0.2,-0.6,0
35.413017,0,0,18.9,0,0,0.028,-0.012,-1.001,0.2,-0.6,0
35.423017,0,0,18.9,0,0,0.028,-0.012,-1.001,0.2,-0.6,0
35.433017,0,0,18.9,0,0,0.028,-0.012,-1.001,0.2,-0.6,0
35.443017,0,0,18.9,0,0,0.028,-0.012,-1.001,0.2,-0.6,0
35.47996,0,0,18.8,0,0,0.028,-0.011,-1.003,0.3,-0.5,0
35.48996,0,0,18.8,0,0,0.028,-0.011,-1.003,0.3,-0.5,0
35.49996,0,0,18.8,0,0,0.028,-0.011,-1.003,0.3,-0.5,0
35.50996,0,0,18.8,0,0,0.028,-0.011,-1.003,0.3,-0.5,0
35.51996,0,0,18.8,0,0,0.028,-0.011,-1.003,0.3,-0.5,0
35.5554477,0,0,18.8,0,0,0.028,-0.015,-1.002,0.3,-0.5,0
35.5654477,0,0,18.8,0,0,0.028,-0.015,-1.002,0.3,-0.5,0
35.5754477,0,0,18.8,0,0,0.028,-0.015,-1.002,0.3,-0.5,0
35.5854477,0,0,18.8,0,0,0.028,-0.015,-1.002,0.3,-0.5,0
35.5954477,0,0,18.8,0,0,0.028,-0.015,-1.002,0.3,-0.5,0
35.6323421,0,0,18.8,0,0,0.029,-0.013,-1.001,0.3,-0.5,0.1
35.6423421,0,0,18.8,0,0,0.029,-0.013,-1.001,0.3,-0.5,0.1
35.6523421,0,0,18.8,0,0,0.029,-0.013,-1.001,0.3,-0.5,0.1
35.6623421,0,0,18.8,0,0,0.029,-0.013,-1.001,0.3,-0.5,0.1
35.6723421,0,0,18.8,0,0,0.029,-0.013,-1.001,0.3,-0.5,0.1
35.7053687,0,0,18.9,0,0,0.028,-0.012,-1.002,0.3,-0.6,0
35.7153687,0,0,18.9,0,0,0.028,-0.012,-1.002,0.3,-0.6,0
35.7253687,0,0,18.9,0,0,0.028,-0.012,-1.002,0.3,-0.6,0
35.7353687,0,0,18.9,0,0,0.028,-0.012,-1.002,0.3,-0.6,0
35.7453687,0,0,18.9,0,0,0.028,-0.012,-1.002,0.3,-0.6,0
35.7553687,0,0,18.8,0,0,0.029,-0.014,-1.002,0.3,-0.5,0
35.7653687,0,0,18.8,0,0,0.029,-0.014,-1.002,0.3,-0.5,0
35.7753687,0,0,18.8,0,0,0.029,-0.014,-1.002,0.3,-0.5,0
35.7853687,0,0,18.8,0,0,0.029,-0.014,-1.002,0.3,-0.5,0
35.7953687,0,0,18.8,0,0,0.029,-0.014,-1.002,0.3,-0.5,0
35.8053687,0,0,18.8,0,0,0.027,-0.012,-1.001,0.3,-0.6,0
35.8153687,0,0,18.8,0,0,0.027,-0.012,-1.001,0.3,-0.6,0
35.8253687,0,0,18.8,0,0,0.027,-0.012,-1.001,0.3,-0.6,0
35.8353687,0,0,18.8,0,0,0.027,-0.012,-1.001,0.3,-0.6,0
35.8453687,0,0,18.8,0,0,0.027,-0.012,-1.001,0.3,-0.6,0
35.8623842,0,0,18.9,0,0,0.029,-0.013,-1,0.2,-0.6,0
35.8723842,0,0,18.9,0,0,0.029,-0.013,-1,0.2,-0.6,0
35.8823842,0,0,18.9,0,0,0.029,-0.013,-1,0.2,-0.6,0
35.8923842,0,0,18.9,0,0,0.029,-0.013,-1,0.2,-0.6,0
35.9023842,0,0,18.9,0,0,0.029,-0.013,-1,0.2,-0.6,0
35.917116,0,0,18.8,0,0,0.027,-0.013,-1.001,0.2,-0.6,0
35.927116,0,0,18.8,0,0,0.027,-0.013,-1.001,0.2,-0.6,0
35.937116,0,0,18.8,0,0,0.027,-0.013,-1.001,0.2,-0.6,0
35.947116,0,0,18.8,0,0,0.027,-0.013,-1.001,0.2,-0.6,0
35.957116,0,0,18.8,0,0,0.027,-0.013,-1.001,0.2,-0.6,0
35.9939127,0,0,18.9,0,0,0.028,-0.014,-1.001,0.3,-0.6,0
36.0039127,0,0,18.9,0,0,0.028,-0.014,-1.001,0.3,-0.6,0
36.0139127,0,0,18.9,0,0,0.028,-0.014,-1.001,0.3,-0.6,0
36.0239127,0,0,18.9,0,0,0.028,-0.014,-1.001,0.3,-0.6,0
36.0339127,0,0,18.9,0,0,0.028,-0.014,-1.001,0.3,-0.6,0
36.1035984,0,0,18.9,0,0,0.029,-0.012,-1.002,0.3,-0.6,0
36.1135984,0,0,18.9,0,0,0.029,-0.012,-1.002,0.3,-0.6,0
36.1235984,0,0,18.9,0,0,0.029,-0.012,-1.002,0.3,-0.6,0
36.1335984,0,0,18.9,0,0,0.029,-0.012,-1.002,0.3,-0.6,0
36.1435984,0,0,18.9,0,0,0.029,-0.012,-1.002,0.3,-0.6,0
36.1535984,0,0,18.9,0,0,0.027,-0.013,-1,0.3,-0.5,0
36.1635984,0,0,18.9,0,0,0.027,-0.013,-1,0.3,-0.5,0
36.1735984,0,0,18.9,0,0,0.027,-0.013,-1,0.3,-0.5,0
36.1835984,0,0,18.9,0,0,0.027,-0.013,-1,0.3,-0.5,0
36.1935984,0,0,18.9,0,0,0.027,-0.013,-1,0.3,-0.5,0
36.2288021,0,0,18.8,0,0,0.029,-0.013,-1.001,0.3,-0.5,0
36.2388021,0,0,18.8,0,0,0.029,-0.013,-1.001,0.3,-0.5,0
36.2488021,0,0,18.8,0,0,0.029,-0.013,-1.001,0.3,-0.5,0
36.2588021,0,0,18.8,0,0,0.029,-0.013,-1.001,0.3,-0.5,0
36.2688021,0,0,18.8,0,0,0.029,-0.013,-1.001,0.3,-0.5,0
36.3002803,0,0,18.8,0,0,0.027,-0.013,-1.003,0.3,-0.6,0
36.3102803,0,0,18.8,0,0,0.027,-0.013,-1.003,0.3,-0.6,0
36.3202803,0,0,18.8,0,0,0.027,-0.013,-1.003,0.3,-0.6,0
36.3302803,0,0,18.8,0,0,0.027,-0.013,-1.003,0.3,-0.6,0
36.3402803,0,0,18.8,0,0,0.027,-0.013,-1.003,0.3,-0.6,0
36.3773414,0,0,18.8,0,0,0.028,-0.014,-1.002,0.3,-0.6,0
36.3873414,0,0,18.8,0,0,0.028,-0.014,-1.002,0.3,-0.6,0
36.3973414,0,0,18.8,0,0,0.028,-0.014,-1.002,0.3,-0.6,0
36.4073414,0,0,18.8,0,0,0.028,-0.014,-1.002,0.3,-0.6,0
36.4173414,0,0,18.8,0,0,0.028,-0.014,-1.002,0.3,-0.6,0
36.4521816,0,0,18.9,0,0,0.027,-0.013,-1.001,0.2,-0.5,0
36.4621816,0,0,18.9,0,0,0.027,-0.013,-1.001,0.2,-0.5,0
36.4721816,0,0,18.9,0,0,0.027,-0.013,-1.001,0.2,-0.5,0
36.4821816,0,0,18.9,0,0,0.027,-0.013,-1.001,0.2,-0.5,0
36.4921816,0,0,18.9,0,0,0.027,-0.013,-1.001,0.2,-0.5,0
36.5315991,0,0,18.9,0,0,0.029,-0.014,-1.003,0.2,-0.4,0
36.5415991,0,0,18.9,0,0,0.029,-0.014,-1.003,0.2,-0.4,0
36.5515991,0,0,18.9,0,0,0.029,-0.014,-1.003,0.2,-0.4,0
36.5615991,0,0,18.9,0,0,0.029,-0.014,-1.003,0.2,-0.4,0
36.5715991,0,0,18.9,0,0,0.029,-0.014,-1.003,0.2,-0.4,0
36.6085537,0,0,18.8,0,0,0.028,-0.013,-1.001,0.3,-0.5,0
36.6185537,0,0,18.8,0,0,0.028,-0.013,-1.001,0.3,-0.5,0
36.6285537,0,0,18.8,0,0,0.028,-0.013,-1.001,0.3,-0.5,0
36.6385537,0,0,18.8,0,0,0.028,-0.013,-1.001,0.3,-0.5,0
36.6485537,0,0,18.8,0,0,0.028,-0.013,-1.001,0.3,-0.5,0
36.6828852,0,0,18.8,0,0,0.028,-0.012,-1.001,0.3,-0.6,0
36.6928852,0,0,18.8,0,0,0.028,-0.012,-1.001,0.3,-0.6,0
36.7028852,0,0,18.8,0,0,0.028,-0.012,-1.001,0.3,-0.6,0
36.7128852,0,0,18.8,0,0,0.028,-0.012,-1.001,0.3,-0.6,0
36.7228852,0,0,18.8,0,0,0.028,-0.012,-1.001,0.3,-0.6,0
36.7438759,0,0,18.9,0,0,0.028,-0.013,-1.001,0.3,-0.6,0
36.7538759,0,0,18.9,0,0,0.028,-0.013,-1.001,0.3,-0.6,0
36.7638759,0,0,18.9,0,0,0.028,-0.013,-1.001,0.3,-0.6,0
36.7738759,0,0,18.9,0,0,0.028,-0.013,-1.001,0.3,-0.6,0
36.7838759,0,0,18.9,0,0,0.028,-0.013,-1.001,0.3,-0.6,0
36.8211957,0,0,18.8,0,0,0.028,-0.013,-1.001,0.3,-0.4,0
36.8311957,0,0,18.8,0,0,0.028,-0.013,-1.001,0.3,-0.4,0
36.8411957,0,0,18.8,0,0,0.028,-0.013,-1.001,0.3,-0.4,0
36.8511957,0,0,18.8,0,0,0.028,-0.013,-1.001,0.3,-0.4,0
36.8611957,0,0,18.8,0,0,0.028,-0.013,-1.001,0.3,-0.4,0
36.8711957,0,0,18.9,0,0,0.027,-0.014,-1.002,0.3,-0.4,0
36.8811957,0,0,18.9,0,0,0.027,-0.014,-1.002,0.3,-0.4,0
36.8911957,0,0,18.9,0,0,0.027,-0.014,-1.002,0.3,-0.4,0
36.9011957,0,0,18.9,0,0,0.027,-0.014,-1.002,0.3,-0.4,0
36.9111957,0,0,18.9,0,0,0.027,-0.014,-1.002,0.3,-0.4,0
36.9211957,0,0,18.9,0,0,0.028,-0.014,-1.002,0.3,-0.5,0
36.9311957,0,0,18.9,0,0,0.028,-0.014,-1.002,0.3,-0.5,0
36.9411957,0,0,18.9,0,0,0.028,-0.014,-1.002,0.3,-0.5,0
36.9511957,0,0,18.9,0,0,0.028,-0.014,-1.002,0.3,-0.5,0
36.9611957,0,0,18.9,0,0,0.028,-0.014,-1.002,0.3,-0.5,0
37.0076177,0,0,18.9,0,0,0.028,-0.014,-1.001,0.3,-0.4,0
37.0176177,0,0,18.9,0,0,0.028,-0.014,-1.001,0.3,-0.4,0
37.0276177,0,0,18.9,0,0,0.028,-0.014,-1.001,0.3,-0.4,0
37.0376177,0,0,18.9,0,0,0.028,-0.014,-1.001,0.3,-0.4,0
37.0476177,0,0,18.9,0,0,0.028,-0.014,-1.001,0.3,-0.4,0
37.0576177,0,0,18.9,0,0,0.028,-0.014,-1.002,0.2,-0.6,0
37.0676177,0,0,18.9,0,0,0.028,-0.014,-1.002,0.2,-0.6,0
37.0776177,0,0,18.9,0,0,0.028,-0.014,-1.002,0.2,-0.6,0
37.0876177,0,0,18.9,0,0,0.028,-0.014,-1.002,0.2,-0.6,0
37.0976177,0,0,18.9,0,0,0.028,-0.014,-1.002,0.2,-0.6,0
37.1287414,0,0,18.8,0,0,0.029,-0.013,-1.001,0.1,-0.6,0
37.1387414,0,0,18.8,0,0,0.029,-0.013,-1.001,0.1,-0.6,0
37.1487414,0,0,18.8,0,0,0.029,-0.013,-1.001,0.1,-0.6,0
37.1587414,0,0,18.8,0,0,0.029,-0.013,-1.001,0.1,-0.6,0
37.1687414,0,0,18.8,0,0,0.029,-0.013,-1.001,0.1,-0.6,0
37.1787414,0,0,18.9,0,0,0.028,-0.013,-1.002,0.2,-0.6,0
37.1887414,0,0,18.9,0,0,0.028,-0.013,-1.002,0.2,-0.6,0
37.1987414,0,0,18.9,0,0,0.028,-0.013,-1.002,0.2,-0.6,0
37.2087414,0,0,18.9,0,0,0.028,-0.013,-1.002,0.2,-0.6,0
37.2187414,0,0,18.9,0,0,0.028,-0.013,-1.002,0.2,-0.6,0
37.2287414,0,-0.01,18.8,0,0,0.028,-0.013,-1.002,0.3,-0.5,0
37.2387414,0,-0.01,18.8,0,0,0.028,-0.013,-1.002,0.3,-0.5,0
37.2487414,0,-0.01,18.8,0,0,0.028,-0.013,-1.002,0.3,-0.5,0
37.2587414,0,-0.01,18.8,0,0,0.028,-0.013,-1.002,0.3,-0.5,0
37.2687414,0,-0.01,18.8,0,0,0.028,-0.013,-1.002,0.3,-0.5,0
37.282179,0,0,18.9,0,0,0.028,-0.013,-1.002,0.3,-0.6,0
37.292179,0,0,18.9,0,0,0.028,-0.013,-1.002,0.3,-0.6,0
37.302179,0,0,18.9,0,0,0.028,-0.013,-1.002,0.3,-0.6,0
37.312179,0,0,18.9,0,0,0.028,-0.013,-1.002,0.3,-0.6,0
37.322179,0,0,18.9,0,0,0.028,-0.013,-1.002,0.3,-0.6,0
37.332179,0,0,18.9,0,0,0.027,-0.013,-1.001,0.3,-0.4,0
37.342179,0,0,18.9,0,0,0.027,-0.013,-1.001,0.3,-0.4,0
37.352179,0,0,18.9,0,0,0.027,-0.013,-1.001,0.3,-0.4,0
37.362179,0,0,18.9,0,0,0.027,-0.013,-1.001,0.3,-0.4,0
37.372179,0,0,18.9,0,0,0.027,-0.013,-1.001,0.3,-0.4,0
37.382179,0,0,18.8,0,0,0.029,-0.015,-1.002,0.3,-0.5,0
37.392179,0,0,18.8,0,0,0.029,-0.015,-1.002,0.3,-0.5,0
37.402179,0,0,18.8,0,0,0.029,-0.015,-1.002,0.3,-0.5,0
37.412179,0,0,18.8,0,0,0.029,-0.015,-1.002,0.3,-0.5,0
37.422179,0,0,18.8,0,0,0.029,-0.015,-1.002,0.3,-0.5,0
37.4485478,0,0,18.9,0,0,0.028,-0.012,-1,0.3,-0.6,0
37.4585478,0,0,18.9,0,0,0.028,-0.012,-1,0.3,-0.6,0
37.4685478,0,0,18.9,0,0,0.028,-0.012,-1,0.3,-0.6,0
37.4785478,0,0,18.9,0,0,0.028,-0.012,-1,0.3,-0.6,0
37.4885478,0,0,18.9,0,0,0.028,-0.012,-1,0.3,-0.6,0
37.511392,0,0,18.8,0,0,0.029,-0.013,-1.001,0.3,-0.6,0
37.521392,0,0,18.8,0,0,0.029,-0.013,-1.001,0.3,-0.6,0
37.531392,0,0,18.8,0,0,0.029,-0.013,-1.001,0.3,-0.6,0
37.541392,0,0,18.8,0,0,0.029,-0.013,-1.001,0.3,-0.6,0
37.551392,0,0,18.8,0,0,0.029,-0.013,-1.001,0.3,-0.6,0
37.5843892,0,0,18.9,0,0,0.028,-0.013,-1.001,0.2,-0.5,0
37.5943892,0,0,18.9,0,0,0.028,-0.013,-1.001,0.2,-0.5,0
37.6043892,0,0,18.9,0,0,0.028,-0.013,-1.001,0.2,-0.5,0
37.6143892,0,0,18.9,0,0,0.028,-0.013,-1.001,0.2,-0.5,0
37.6243892,0,0,18.9,0,0,0.028,-0.013,-1.001,0.2,-0.5,0
37.6343892,0,0,18.9,0,0,0.028,-0.014,-1.002,0.2,-0.6,0
37.6443892,0,0,18.9,0,0,0.028,-0.014,-1.002,0.2,-0.6,0
37.6543892,0,0,18.9,0,0,0.028,-0.014,-1.002,0.2,-0.6,0
37.6643892,0,0,18.9,0,0,0.028,-0.014,-1.002,0.2,-0.6,0
37.6743892,0,0,18.9,0,0,0.028,-0.014,-1.002,0.2,-0.6,0
37.6843892,0,0,18.8,0,0,0.029,-0.013,-1.001,0.1,-0.6,0
37.6943892,0,0,18.8,0,0,0.029,-0.013,-1.001,0.1,-0.6,0
37.7043892,0,0,18.8,0,0,0.029,-0.013,-1.001,0.1,-0.6,0
37.7143892,0,0,18.8,0,0,0.029,-0.013,-1.001,0.1,-0.6,0
37.7243892,0,0,18.8,0,0,0.029,-0.013,-1.001,0.1,-0.6,0
37.7484983,0,0,18.9,0,0,0.028,-0.014,-1.002,0.3,-0.5,0
37.7584983,0,0,18.9,0,0,0.028,-0.014,-1.002,0.3,-0.5,0
37.7684983,0,0,18.9,0,0,0.028,-0.014,-1.002,0.3,-0.5,0
37.7784983,0,0,18.9,0,0,0.028,-0.014,-1.002,0.3,-0.5,0
37.7884983,0,0,18.9,0,0,0.028,-0.014,-1.002,0.3,-0.5,0
37.7984983,0,0,18.9,0,0,0.03,-0.015,-1.002,0.3,-0.6,0
37.8084983,0,0,18.9,0,0,0.03,-0.015,-1.002,0.3,-0.6,0
37.8184983,0,0,18.9,0,0,0.03,-0.015,-1.002,0.3,-0.6,0
37.8284983,0,0,18.9,0,0,0.03,-0.015,-1.002,0.3,-0.6,0
37.8384983,0,0,18.9,0,0,0.03,-0.015,-1.002,0.3,-0.6,0
37.8727387,0,0,18.8,0,0,0.028,-0.013,-1.002,0.3,-0.5,0
37.8827387,0,0,18.8,0,0,0.028,-0.013,-1.002,0.3,-0.5,0
37.8927387,0,0,18.8,0,0,0.028,-0.013,-1.002,0.3,-0.5,0
37.9027387,0,0,18.8,0,0,0.028,-0.013,-1.002,0.3,-0.5,0
37.9127387,0,0,18.8,0,0,0.028,-0.013,-1.002,0.3,-0.5,0
37.9227387,0,0,18.9,0,0,0.028,-0.013,-1.002,0.3,-0.4,0
37.9327387,0,0,18.9,0,0,0.028,-0.013,-1.002,0.3,-0.4,0
37.9427387,0,0,18.9,0,0,0.028,-0.013,-1.002,0.3,-0.4,0
37.9527387,0,0,18.9,0,0,0.028,-0.013,-1.002,0.3,-0.4,0
37.9627387,0,0,18.9,0,0,0.028,-0.013,-1.002,0.3,-0.4,0
37.9727387,0,0,18.9,0,0,0.03,-0.014,-1.001,0.3,-0.6,0
37.9827387,0,0,18.9,0,0,0.03,-0.014,-1.001,0.3,-0.6,0
37.9927387,0,0,18.9,0,0,0.03,-0.014,-1.001,0.3,-0.6,0
38.0027387,0,0,18.9,0,0,0.03,-0.014,-1.001,0.3,-0.6,0
38.0127387,0,0,18.9,0,0,0.03,-0.014,-1.001,0.3,-0.6,0
38.0254921,0,0,18.8,0,0,0.027,-0.012,-1,0.3,-0.5,0
38.0354921,0,0,18.8,0,0,0.027,-0.012,-1,0.3,-0.5,0
38.0454921,0,0,18.8,0,0,0.027,-0.012,-1,0.3,-0.5,0
38.0554921,0,0,18.8,0,0,0.027,-0.012,-1,0.3,-0.5,0
38.0654921,0,0,18.8,0,0,0.027,-0.012,-1,0.3,-0.5,0
38.0754921,0,0,18.9,0,0,0.028,-0.016,-1.002,0.2,-0.5,0
38.0854921,0,0,18.9,0,0,0.028,-0.016,-1.002,0.2,-0.5,0
38.0954921,0,0,18.9,0,0,0.028,-0.016,-1.002,0.2,-0.5,0
38.1054921,0,0,18.9,0,0,0.028,-0.016,-1.002,0.2,-0.5,0
38.1154921,0,0,18.9,0,0,0.028,-0.016,-1.002,0.2,-0.5,0
38.1254921,0,0,18.8,0,0,0.028,-0.013,-1.001,0.3,-0.6,0
38.1354921,0,0,18.8,0,0,0.028,-0.013,-1.001,0.3,-0.6,0
38.1454921,0,0,18.8,0,0,0.028,-0.013,-1.001,0.3,-0.6,0
38.1554921,0,0,18.8,0,0,0.028,-0.013,-1.001,0.3,-0.6,0
38.1654921,0,0,18.8,0,0,0.028,-0.013,-1.001,0.3,-0.6,0
38.1826412,0,0,18.9,0,0,0.028,-0.013,-1.002,0.3,-0.5,0
38.1926412,0,0,18.9,0,0,0.028,-0.013,-1.002,0.3,-0.5,0
38.2026412,0,0,18.9,0,0,0.028,-0.013,-1.002,0.3,-0.5,0
38.2126412,0,0,18.9,0,0,0.028,-0.013,-1.002,0.3,-0.5,0
38.2226412,0,0,18.9,0,0,0.028,-0.013,-1.002,0.3,-0.5,0
38.2326412,0,0,18.8,0,0,0.027,-0.013,-1.002,0.3,-0.5,0
38.2426412,0,0,18.8,0,0,0.027,-0.013,-1.002,0.3,-0.5,0
38.2526412,0,0,18.8,0,0,0.027,-0.013,-1.002,0.3,-0.5,0
38.2626412,0,0,18.8,0,0,0.027,-0.013,-1.002,0.3,-0.5,0
38.2726412,0,0,18.8,0,0,0.027,-0.013,-1.002,0.3,-0.5,0
38.2826412,0,0,18.8,0,0,0.028,-0.013,-1.002,0.3,-0.6,0
38.2926412,0,0,18.8,0,0,0.028,-0.013,-1.002,0.3,-0.6,0
38.3026412,0,0,18.8,0,0,0.028,-0.013,-1.002,0.3,-0.6,0
38.3126412,0,0,18.8,0,0,0.028,-0.013,-1.002,0.3,-0.6,0
38.3226412,0,0,18.8,0,0,0.028,-0.013,-1.002,0.3,-0.6,0
38.3353387,0,0,18.9,0,0,0.029,-0.014,-1.002,0.3,-0.4,0
38.3453387,0,0,18.9,0,0,0.029,-0.014,-1.002,0.3,-0.4,0
38.3553387,0,0,18.9,0,0,0.029,-0.014,-1.002,0.3,-0.4,0
38.3653387,0,0,18.9,0,0,0.029,-0.014,-1.002,0.3,-0.4,0
38.3753387,0,0,18.9,0,0,0.029,-0.014,-1.002,0.3,-0.4,0
38.3853387,0,0,18.8,0,0,0.028,-0.013,-1.001,0.3,-0.5,0
38.3953387,0,0,18.8,0,0,0.028,-0.013,-1.001,0.3,-0.5,0
38.4053387,0,0,18.8,0,0,0.028,-0.013,-1.001,0.3,-0.5,0
38.4153387,0,0,18.8,0,0,0.028,-0.013,-1.001,0.3,-0.5,0
38.4253387,0,0,18.8,0,0,0.028,-0.013,-1.001,0.3,-0.5,0
38.4353387,0,0,18.9,0,0,0.028,-0.013,-1.002,0.3,-0.6,0
38.4453387,0,0,18.9,0,0,0.028,-0.013,-1.002,0.3,-0.6,0
38.4553387,0,0,18.9,0,0,0.028,-0.013,-1.002,0.3,-0.6,0
38.4653387,0,0,18.9,0,0,0.028,-0.013,-1.002,0.3,-0.6,0
38.4753387,0,0,18.9,0,0,0.028,-0.013,-1.002,0.3,-0.6,0
38.4853387,0,0,18.8,0,0,0.027,-0.012,-1.002,0.2,-0.5,0
38.4953387,0,0,18.8,0,0,0.027,-0.012,-1.002,0.2,-0.5,0
38.5053387,0,0,18.8,0,0,0.027,-0.012,-1.002,0.2,-0.5,0
38.5153387,0,0,18.8,0,0,0.027,-0.012,-1.002,0.2,-0.5,0
38.5253387,0,0,18.8,0,0,0.027,-0.012,-1.002,0.2,-0.5,0
38.5353387,0,0,18.9,0,0,0.029,-0.013,-1.002,0.3,-0.6,0.1
38.5453387,0,0,18.9,0,0,0.029,-0.013,-1.002,0.3,-0.6,0.1
38.5553387,0,0,18.9,0,0,0.029,-0.013,-1.002,0.3,-0.6,0.1
38.5653387,0,0,18.9,0,0,0.029,-0.013,-1.002,0.3,-0.6,0.1
38.5753387,0,0,18.9,0,0,0.029,-0.013,-1.002,0.3,-0.6,0.1
38.5853387,0,0,18.8,0,0,0.025,-0.006,-1.006,0.4,-0.6,0
38.5953387,0,0,18.8,0,0,0.025,-0.006,-1.006,0.4,-0.6,0
38.6053387,0,0,18.8,0,0,0.025,-0.006,-1.006,0.4,-0.6,0
38.6153387,0,0,18.8,0,0,0.025,-0.006,-1.006,0.4,-0.6,0
38.6253387,0,0,18.8,0,0,0.025,-0.006,-1.006,0.4,-0.6,0
38.6353387,0,0,18.9,0,0,0.03,-0.019,-1.006,0.3,-0.6,0
38.6453387,0,0,18.9,0,0,0.03,-0.019,-1.006,0.3,-0.6,0
38.6553387,0,0,18.9,0,0,0.03,-0.019,-1.006,0.3,-0.6,0
38.6653387,0,0,18.9,0,0,0.03,-0.019,-1.006,0.3,-0.6,0
38.6753387,0,0,18.9,0,0,0.03,-0.019,-1.006,0.3,-0.6,0
38.6853387,0,0,18.9,0,0,0.028,-0.011,-1.006,0.3,-0.6,0
38.6953387,0,0,18.9,0,0,0.028,-0.011,-1.006,0.3,-0.6,0
38.7053387,0,0,18.9,0,0,0.028,-0.011,-1.006,0.3,-0.6,0
38.7153387,0,0,18.9,0,0,0.028,-0.011,-1.006,0.3,-0.6,0
38.7253387,0,0,18.9,0,0,0.028,-0.011,-1.006,0.3,-0.6,0
38.7353387,0,0,18.8,0,0,0.029,-0.015,-1.006,0.4,-0.5,0
38.7453387,0,0,18.8,0,0,0.029,-0.015,-1.006,0.4,-0.5,0
38.7553387,0,0,18.8,0,0,0.029,-0.015,-1.006,0.4,-0.5,0
38.7653387,0,0,18.8,0,0,0.029,-0.015,-1.006,0.4,-0.5,0
38.7753387,0,0,18.8,0,0,0.029,-0.015,-1.006,0.4,-0.5,0
38.7981729,0,0,18.8,0,0,0.028,-0.013,-1.004,0.4,-0.6,0
38.8081729,0,0,18.8,0,0,0.028,-0.013,-1.004,0.4,-0.6,0
38.8181729,0,0,18.8,0,0,0.028,-0.013,-1.004,0.4,-0.6,0
38.8281729,0,0,18.8,0,0,0.028,-0.013,-1.004,0.4,-0.6,0
38.8381729,0,0,18.8,0,0,0.028,-0.013,-1.004,0.4,-0.6,0
38.8481729,0,0,18.8,0,0,0.027,-0.014,-1.002,0.4,-0.5,0
38.8581729,0,0,18.8,0,0,0.027,-0.014,-1.002,0.4,-0.5,0
38.8681729,0,0,18.8,0,0,0.027,-0.014,-1.002,0.4,-0.5,0
38.8781729,0,0,18.8,0,0,0.027,-0.014,-1.002,0.4,-0.5,0
38.8881729,0,0,18.8,0,0,0.027,-0.014,-1.002,0.4,-0.5,0
38.8981729,0,0,18.8,0,0,0.029,-0.013,-1.003,0.3,-0.4,0
38.9081729,0,0,18.8,0,0,0.029,-0.013,-1.003,0.3,-0.4,0
38.9181729,0,0,18.8,0,0,0.029,-0.013,-1.003,0.3,-0.4,0
38.9281729,0,0,18.8,0,0,0.029,-0.013,-1.003,0.3,-0.4,0
38.9381729,0,0,18.8,0,0,0.029,-0.013,-1.003,0.3,-0.4,0
38.9481729,0,0,18.8,0,0,0.028,-0.014,-1.003,0.4,-0.4,0
38.9581729,0,0,18.8,0,0,0.028,-0.014,-1.003,0.4,-0.4,0
38.9681729,0,0,18.8,0,0,0.028,-0.014,-1.003,0.4,-0.4,0
38.9781729,0,0,18.8,0,0,0.028,-0.014,-1.003,0.4,-0.4,0
38.9881729,0,0,18.8,0,0,0.028,-0.014,-1.003,0.4,-0.4,0
38.9981729,0,0,18.8,0,0,0.028,-0.014,-1.003,0.3,-0.6,0
39.0081729,0,0,18.8,0,0,0.028,-0.014,-1.003,0.3,-0.6,0
39.0181729,0,0,18.8,0,0,0.028,-0.014,-1.003,0.3,-0.6,0
39.0281729,0,0,18.8,0,0,0.028,-0.014,-1.003,0.3,-0.6,0
39.0381729,0,0,18.8,0,0,0.028,-0.014,-1.003,0.3,-0.6,0
39.0481729,0,0,18.8,0,0,0.028,-0.012,-1.002,0.2,-0.6,0
39.0581729,0,0,18.8,0,0,0.028,-0.012,-1.002,0.2,-0.6,0
39.0681729,0,0,18.8,0,0,0.028,-0.012,-1.002,0.2,-0.6,0
39.0781729,0,0,18.8,0,0,0.028,-0.012,-1.002,0.2,-0.6,0
39.0881729,0,0,18.8,0,0,0.028,-0.012,-1.002,0.2,-0.6,0
39.0981729,0,0,18.9,0,0,0.028,-0.015,-1.001,0.3,-0.6,0
39.1081729,0,0,18.9,0,0,0.028,-0.015,-1.001,0.3,-0.6,0
39.1181729,0,0,18.9,0,0,0.028,-0.015,-1.001,0.3,-0.6,0
39.1281729,0,0,18.9,0,0,0.028,-0.015,-1.001,0.3,-0.6,0
39.1381729,0,0,18.9,0,0,0.028,-0.015,-1.001,0.3,-0.6,0
39.1481729,0,0,18.9,0,0,0.027,-0.013,-1.001,0.2,-0.6,0
39.1581729,0,0,18.9,0,0,0.027,-0.013,-1.001,0.2,-0.6,0
39.1681729,0,0,18.9,0,0,0.027,-0.013,-1.001,0.2,-0.6,0
39.1781729,0,0,18.9,0,0,0.027,-0.013,-1.001,0.2,-0.6,0
39.1881729,0,0,18.9,0,0,0.027,-0.013,-1.001,0.2,-0.6,0
39.1981729,0,0,18.8,0,0,0.028,-0.014,-1.001,0.3,-0.6,0
39.2081729,0,0,18.8,0,0,0.028,-0.014,-1.001,0.3,-0.6,0
39.2181729,0,0,18.8,0,0,0.028,-0.014,-1.001,0.3,-0.6,0
39.2281729,0,0,18.8,0,0,0.028,-0.014,-1.001,0.3,-0.6,0
39.2381729,0,0,18.8,0,0,0.028,-0.014,-1.001,0.3,-0.6,0
39.2481729,0,0,18.8,0,0,0.029,-0.013,-1.002,0.3,-0.5,0
39.2581729,0,0,18.8,0,0,0.029,-0.013,-1.002,0.3,-0.5,0
39.2681729,0,0,18.8,0,0,0.029,-0.013,-1.002,0.3,-0.5,0
39.2781729,0,0,18.8,0,0,0.029,-0.013,-1.002,0.3,-0.5,0
39.2881729,0,0,18.8,0,0,0.029,-0.013,-1.002,0.3,-0.5,0
39.2981729,0,0,18.9,0,0,0.028,-0.014,-1.002,0.3,-0.5,0
39.3081729,0,0,18.9,0,0,0.028,-0.014,-1.002,0.3,-0.5,0
39.3181729,0,0,18.9,0,0,0.028,-0.014,-1.002,0.3,-0.5,0
39.3281729,0,0,18.9,0,0,0.028,-0.014,-1.002,0.3,-0.5,0
39.3381729,0,0,18.9,0,0,0.028,-0.014,-1.002,0.3,-0.5,0
39.3481729,0,0,18.8,0,0,0.029,-0.014,-1.002,0.3,-0.6,0
39.3581729,0,0,18.8,0,0,0.029,-0.014,-1.002,0.3,-0.6,0
39.3681729,0,0,18.8,0,0,0.029,-0.014,-1.002,0.3,-0.6,0
39.3781729,0,0,18.8,0,0,0.029,-0.014,-1.002,0.3,-0.6,0
39.3881729,0,0,18.8,0,0,0.029,-0.014,-1.002,0.3,-0.6,0
39.3981729,0,0,18.8,0,0,0.028,-0.014,-1.002,0.3,-0.6,0.1
39.4081729,0,0,18.8,0,0,0.028,-0.014,-1.002,0.3,-0.6,0.1
39.4181729,0,0,18.8,0,0,0.028,-0.014,-1.002,0.3,-0.6,0.1
39.4281729,0,0,18.8,0,0,0.028,-0.014,-1.002,0.3,-0.6,0.1
39.4381729,0,0,18.8,0,0,0.028,-0.014,-1.002,0.3,-0.6,0.1
39.4481729,0,0,18.9,0,0,0.029,-0.013,-1.002,0.3,-0.5,0
39.4581729,0,0,18.9,0,0,0.029,-0.013,-1.002,0.3,-0.5,0
39.4681729,0,0,18.9,0,0,0.029,-0.013,-1.002,0.3,-0.5,0
39.4781729,0,0,18.9,0,0,0.029,-0.013,-1.002,0.3,-0.5,0
39.4881729,0,0,18.9,0,0,0.029,-0.013,-1.002,0.3,-0.5,0
39.4981729,0,0,18.9,0,0,0.029,-0.013,-1.005,0.3,-0.6,0
39.5081729,0,0,18.9,0,0,0.029,-0.013,-1.005,0.3,-0.6,0
39.5181729,0,0,18.9,0,0,0.029,-0.013,-1.005,0.3,-0.6,0
39.5281729,0,0,18.9,0,0,0.029,-0.013,-1.005,0.3,-0.6,0
39.5381729,0,0,18.9,0,0,0.029,-0.013,-1.005,0.3,-0.6,0
39.5481729,0,0,18.8,0,0,0.028,-0.015,-1.001,0.3,-0.6,0
39.5581729,0,0,18.8,0,0,0.028,-0.015,-1.001,0.3,-0.6,0
39.5681729,0,0,18.8,0,0,0.028,-0.015,-1.001,0.3,-0.6,0
39.5781729,0,0,18.8,0,0,0.028,-0.015,-1.001,0.3,-0.6,0
39.5881729,0,0,18.8,0,0,0.028,-0.015,-1.001,0.3,-0.6,0
39.5981729,0,0,18.8,0,0,0.028,-0.014,-1.006,0.3,-0.6,0
39.6081729,0,0,18.8,0,0,0.028,-0.014,-1.006,0.3,-0.6,0
39.6181729,0,0,18.8,0,0,0.028,-0.014,-1.006,0.3,-0.6,0
39.6281729,0,0,18.8,0,0,0.028,-0.014,-1.006,0.3,-0.6,0
39.6381729,0,0,18.8,0,0,0.028,-0.014,-1.006,0.3,-0.6,0
39.6481729,0,0,18.9,0,0,0.028,-0.012,-1,0.2,-0.6,0
39.6581729,0,0,18.9,0,0,0.028,-0.012,-1,0.2,-0.6,0
39.6681729,0,0,18.9,0,0,0.028,-0.012,-1,0.2,-0.6,0
39.6781729,0,0,18.9,0,0,0.028,-0.012,-1,0.2,-0.6,0
39.6881729,0,0,18.9,0,0,0.028,-0.012,-1,0.2,-0.6,0
39.6981729,0,0,18.9,0,0,0.029,-0.015,-1.003,0.3,-0.6,0
39.7081729,0,0,18.9,0,0,0.029,-0.015,-1.003,0.3,-0.6,0
39.7181729,0,0,18.9,0,0,0.029,-0.015,-1.003,0.3,-0.6,0
39.7281729,0,0,18.9,0,0,0.029,-0.015,-1.003,0.3,-0.6,0
39.7381729,0,0,18.9,0,0,0.029,-0.015,-1.003,0.3,-0.6,0
39.7481729,0,0,18.8,0,0,0.028,-0.014,-1.002,0.3,-0.5,0
39.7581728999999,0,0,18.8,0,0,0.028,-0.014,-1.002,0.3,-0.5,0
39.7681729,0,0,18.8,0,0,0.028,-0.014,-1.002,0.3,-0.5,0
39.7781729,0,0,18.8,0,0,0.028,-0.014,-1.002,0.3,-0.5,0
39.7881728999999,0,0,18.8,0,0,0.028,-0.014,-1.002,0.3,-0.5,0
39.7981728999999,0,0,18.8,0,0,0.028,-0.013,-1.002,0.3,-0.5,0
39.8081728999999,0,0,18.8,0,0,0.028,-0.013,-1.002,0.3,-0.5,0
39.8181729,0,0,18.8,0,0,0.028,-0.013,-1.002,0.3,-0.5,0
39.8281728999999,0,0,18.8,0,0,0.028,-0.013,-1.002,0.3,-0.5,0
39.8381728999999,0,0,18.8,0,0,0.028,-0.013,-1.002,0.3,-0.5,0
39.8481728999999,0,0,18.8,0,0,0.028,-0.015,-1.003,0.3,-0.5,0
39.8581728999999,0,0,18.8,0,0,0.028,-0.015,-1.003,0.3,-0.5,0
39.8681728999999,0,0,18.8,0,0,0.028,-0.015,-1.003,0.3,-0.5,0
39.8781728999999,0,0,18.8,0,0,0.028,-0.015,-1.003,0.3,-0.5,0
39.8881728999999,0,0,18.8,0,0,0.028,-0.015,-1.003,0.3,-0.5,0
39.8981728999999,0,0,18.9,0,0,0.028,-0.013,-1.002,0.3,-0.6,0
39.9081728999999,0,0,18.9,0,0,0.028,-0.013,-1.002,0.3,-0.6,0
39.9181728999999,0,0,18.9,0,0,0.028,-0.013,-1.002,0.3,-0.6,0
39.9281728999999,0,0,18.9,0,0,0.028,-0.013,-1.002,0.3,-0.6,0
39.9381728999999,0,0,18.9,0,0,0.028,-0.013,-1.002,0.3,-0.6,0
39.9481728999999,0,0,18.8,0,0,0.028,-0.013,-1.001,0.4,-0.6,0
39.9581728999999,0,0,18.8,0,0,0.028,-0.013,-1.001,0.4,-0.6,0
39.9681728999999,0,0,18.8,0,0,0.028,-0.013,-1.001,0.4,-0.6,0
39.9781728999999,0,0,18.8,0,0,0.028,-0.013,-1.001,0.4,-0.6,0
39.9881728999999,0,0,18.8,0,0,0.028,-0.013,-1.001,0.4,-0.6,0
39.9981728999999,0,0,18.9,0,0,0.029,-0.015,-1.001,0.3,-0.5,0
40.0081728999999,0,0,18.9,0,0,0.029,-0.015,-1.001,0.3,-0.5,0
40.0181728999999,0,0,18.9,0,0,0.029,-0.015,-1.001,0.3,-0.5,0
40.0281728999999,0,0,18.9,0,0,0.029,-0.015,-1.001,0.3,-0.5,0
40.0381728999999,0,0,18.9,0,0,0.029,-0.015,-1.001,0.3,-0.5,0
40.0481728999999,0,0,18.9,0,0,0.028,-0.012,-1.002,0.2,-0.5,0
40.0581728999999,0,0,18.9,0,0,0.028,-0.012,-1.002,0.2,-0.5,0
40.0681728999999,0,0,18.9,0,0,0.028,-0.012,-1.002,0.2,-0.5,0
40.0781728999999,0,0,18.9,0,0,0.028,-0.012,-1.002,0.2,-0.5,0
40.0881728999999,0,0,18.9,0,0,0.028,-0.012,-1.002,0.2,-0.5,0
40.0981728999999,0,0,18.9,0,0,0.029,-0.013,-1.003,0.2,-0.5,0
40.1081728999999,0,0,18.9,0,0,0.029,-0.013,-1.003,0.2,-0.5,0
40.1181728999999,0,0,18.9,0,0,0.029,-0.013,-1.003,0.2,-0.5,0
40.1281728999999,0,0,18.9,0,0,0.029,-0.013,-1.003,0.2,-0.5,0
40.1381728999999,0,0,18.9,0,0,0.029,-0.013,-1.003,0.2,-0.5,0
40.1481728999999,0,0,18.8,0,0,0.028,-0.014,-1.001,0.3,-0.4,0
40.1581728999999,0,0,18.8,0,0,0.028,-0.014,-1.001,0.3,-0.4,0
40.1681728999999,0,0,18.8,0,0,0.028,-0.014,-1.001,0.3,-0.4,0
40.1781728999999,0,0,18.8,0,0,0.028,-0.014,-1.001,0.3,-0.4,0
40.1881728999999,0,0,18.8,0,0,0.028,-0.014,-1.001,0.3,-0.4,0
40.1981728999999,0,0,18.8,0,0,0.028,-0.011,-1.001,0.3,-0.5,0
40.2081728999999,0,0,18.8,0,0,0.028,-0.011,-1.001,0.3,-0.5,0
40.2181728999999,0,0,18.8,0,0,0.028,-0.011,-1.001,0.3,-0.5,0
40.2281728999999,0,0,18.8,0,0,0.028,-0.011,-1.001,0.3,-0.5,0
40.2381728999999,0,0,18.8,0,0,0.028,-0.011,-1.001,0.3,-0.5,0
40.2481728999999,0,0,18.9,0,0,0.03,-0.015,-1.003,0.3,-0.6,0
40.2581728999999,0,0,18.9,0,0,0.03,-0.015,-1.003,0.3,-0.6,0
40.2681728999999,0,0,18.9,0,0,0.03,-0.015,-1.003,0.3,-0.6,0
40.2781728999999,0,0,18.9,0,0,0.03,-0.015,-1.003,0.3,-0.6,0
40.2881728999999,0,0,18.9,0,0,0.03,-0.015,-1.003,0.3,-0.6,0
40.2981728999999,0,0,18.9,0,0,0.027,-0.011,-1,0.3,-0.6,0
40.3081728999999,0,0,18.9,0,0,0.027,-0.011,-1,0.3,-0.6,0
40.3181728999999,0,0,18.9,0,0,0.027,-0.011,-1,0.3,-0.6,0
40.3281728999999,0,0,18.9,0,0,0.027,-0.011,-1,0.3,-0.6,0
40.3381728999999,0,0,18.9,0,0,0.027,-0.011,-1,0.3,-0.6,0
40.3613932,0,0,18.8,0,0,0.03,-0.015,-1,0.3,-0.6,0
40.3713932,0,0,18.8,0,0,0.03,-0.015,-1,0.3,-0.6,0
40.3813932,0,0,18.8,0,0,0.03,-0.015,-1,0.3,-0.6,0
40.3913932,0,0,18.8,0,0,0.03,-0.015,-1,0.3,-0.6,0
40.4013932,0,0,18.8,0,0,0.03,-0.015,-1,0.3,-0.6,0
40.4113932,0,0,18.9,0,0,0.028,-0.011,-1.001,0.4,-0.5,0
40.4213932,0,0,18.9,0,0,0.028,-0.011,-1.001,0.4,-0.5,0
40.4313932,0,0,18.9,0,0,0.028,-0.011,-1.001,0.4,-0.5,0
40.4413932,0,0,18.9,0,0,0.028,-0.011,-1.001,0.4,-0.5,0
40.4513932,0,0,18.9,0,0,0.028,-0.011,-1.001,0.4,-0.5,0
40.4613932,0,0,18.8,0,0,0.027,-0.014,-1.002,0.3,-0.5,0
40.4713932,0,0,18.8,0,0,0.027,-0.014,-1.002,0.3,-0.5,0
40.4813932,0,0,18.8,0,0,0.027,-0.014,-1.002,0.3,-0.5,0
40.4913932,0,0,18.8,0,0,0.027,-0.014,-1.002,0.3,-0.5,0
40.5013932,0,0,18.8,0,0,0.027,-0.014,-1.002,0.3,-0.5,0
40.5113932,0,0,18.9,0,0,0.029,-0.014,-1.001,0.4,-0.5,0
40.5213932,0,0,18.9,0,0,0.029,-0.014,-1.001,0.4,-0.5,0
40.5313932,0,0,18.9,0,0,0.029,-0.014,-1.001,0.4,-0.5,0
40.5413932,0,0,18.9,0,0,0.029,-0.014,-1.001,0.4,-0.5,0
40.5513932,0,0,18.9,0,0,0.029,-0.014,-1.001,0.4,-0.5,0
40.5613932,0,0,18.8,0,0,0.028,-0.012,-1,0.3,-0.6,0
40.5713932,0,0,18.8,0,0,0.028,-0.012,-1,0.3,-0.6,0
40.5813932,0,0,18.8,0,0,0.028,-0.012,-1,0.3,-0.6,0
40.5913932,0,0,18.8,0,0,0.028,-0.012,-1,0.3,-0.6,0
40.6013932,0,0,18.8,0,0,0.028,-0.012,-1,0.3,-0.6,0
40.6113932,0,0,18.8,0,0,0.028,-0.014,-1.001,0.3,-0.6,0
40.6213932,0,0,18.8,0,0,0.028,-0.014,-1.001,0.3,-0.6,0
40.6313932,0,0,18.8,0,0,0.028,-0.014,-1.001,0.3,-0.6,0
40.6413932,0,0,18.8,0,0,0.028,-0.014,-1.001,0.3,-0.6,0
40.6513932,0,0,18.8,0,0,0.028,-0.014,-1.001,0.3,-0.6,0
40.6613932,0,0,18.8,0,0,0.029,-0.013,-1,0.2,-0.6,0
40.6713932,0,0,18.8,0,0,0.029,-0.013,-1,0.2,-0.6,0
40.6813932,0,0,18.8,0,0,0.029,-0.013,-1,0.2,-0.6,0
40.6913932,0,0,18.8,0,0,0.029,-0.013,-1,0.2,-0.6,0
40.7013932,0,0,18.8,0,0,0.029,-0.013,-1,0.2,-0.6,0
40.7113932,0,0,18.9,0,0,0.028,-0.014,-1,0.3,-0.6,0
40.7213932,0,0,18.9,0,0,0.028,-0.014,-1,0.3,-0.6,0
40.7313932,0,0,18.9,0,0,0.028,-0.014,-1,0.3,-0.6,0
40.7413932,0,0,18.9,0,0,0.028,-0.014,-1,0.3,-0.6,0
40.7513932,0,0,18.9,0,0,0.028,-0.014,-1,0.3,-0.6,0
40.7613932,0,0,18.8,0,0,0.028,-0.013,-1.001,0.2,-0.6,0
40.7713932,0,0,18.8,0,0,0.028,-0.013,-1.001,0.2,-0.6,0
40.7813932,0,0,18.8,0,0,0.028,-0.013,-1.001,0.2,-0.6,0
40.7913932,0,0,18.8,0,0,0.028,-0.013,-1.001,0.2,-0.6,0
40.8013932,0,0,18.8,0,0,0.028,-0.013,-1.001,0.2,-0.6,0
40.8113932,0,0,18.9,0,0,0.028,-0.012,-1,0.2,-0.6,0
40.8213932,0,0,18.9,0,0,0.028,-0.012,-1,0.2,-0.6,0
40.8313932,0,0,18.9,0,0,0.028,-0.012,-1,0.2,-0.6,0
40.8413932,0,0,18.9,0,0,0.028,-0.012,-1,0.2,-0.6,0
40.8513932,0,0,18.9,0,0,0.028,-0.012,-1,0.2,-0.6,0
40.8613932,0,0,18.8,0,0,0.028,-0.012,-1.001,0.3,-0.6,0
40.8713932,0,0,18.8,0,0,0.028,-0.012,-1.001,0.3,-0.6,0
40.8813932,0,0,18.8,0,0,0.028,-0.012,-1.001,0.3,-0.6,0
40.8913932,0,0,18.8,0,0,0.028,-0.012,-1.001,0.3,-0.6,0
40.9013932,0,0,18.8,0,0,0.028,-0.012,-1.001,0.3,-0.6,0
40.9113932,0,0,18.8,0,0,0.027,-0.013,-1.001,0.1,-0.6,0
40.9213932,0,0,18.8,0,0,0.027,-0.013,-1.001,0.1,-0.6,0
40.9313932,0,0,18.8,0,0,0.027,-0.013,-1.001,0.1,-0.6,0
40.9413932,0,0,18.8,0,0,0.027,-0.013,-1.001,0.1,-0.6,0
40.9513932,0,0,18.8,0,0,0.027,-0.013,-1.001,0.1,-0.6,0
40.9613932,0,0,18.8,0,0,0.029,-0.012,-1.003,0.3,-0.6,0
40.9713932,0,0,18.8,0,0,0.029,-0.012,-1.003,0.3,-0.6,0
40.9813932,0,0,18.8,0,0,0.029,-0.012,-1.003,0.3,-0.6,0
40.9913932,0,0,18.8,0,0,0.029,-0.012,-1.003,0.3,-0.6,0
41.0013932,0,0,18.8,0,0,0.029,-0.012,-1.003,0.3,-0.6,0
41.0113932,0,0,18.8,0,0,0.028,-0.013,-1.002,0.3,-0.5,0
41.0213932,0,0,18.8,0,0,0.028,-0.013,-1.002,0.3,-0.5,0
41.0313932,0,0,18.8,0,0,0.028,-0.013,-1.002,0.3,-0.5,0
41.0413932,0,0,18.8,0,0,0.028,-0.013,-1.002,0.3,-0.5,0
41.0513932,0,0,18.8,0,0,0.028,-0.013,-1.002,0.3,-0.5,0
41.0613932,0,0,18.9,0,0,0.027,-0.012,-1.003,0.2,-0.5,0
41.0713932,0,0,18.9,0,0,0.027,-0.012,-1.003,0.2,-0.5,0
41.0813932,0,0,18.9,0,0,0.027,-0.012,-1.003,0.2,-0.5,0
41.0913932,0,0,18.9,0,0,0.027,-0.012,-1.003,0.2,-0.5,0
41.1013932,0,0,18.9,0,0,0.027,-0.012,-1.003,0.2,-0.5,0
41.1113932,0,0,18.8,0,0,0.028,-0.013,-1.002,0.2,-0.5,0
41.1213932,0,0,18.8,0,0,0.028,-0.013,-1.002,0.2,-0.5,0
41.1313932,0,0,18.8,0,0,0.028,-0.013,-1.002,0.2,-0.5,0
41.1413932,0,0,18.8,0,0,0.028,-0.013,-1.002,0.2,-0.5,0
41.1513932,0,0,18.8,0,0,0.028,-0.013,-1.002,0.2,-0.5,0
41.1613932,0,0,18.9,0,0,0.028,-0.013,-1.002,0.3,-0.5,0.1
41.1713932,0,0,18.9,0,0,0.028,-0.013,-1.002,0.3,-0.5,0.1
41.1813932,0,0,18.9,0,0,0.028,-0.013,-1.002,0.3,-0.5,0.1
41.1913932,0,0,18.9,0,0,0.028,-0.013,-1.002,0.3,-0.5,0.1
41.2013932,0,0,18.9,0,0,0.028,-0.013,-1.002,0.3,-0.5,0.1
41.2113932,0,0,18.8,0,0,0.027,-0.014,-1.002,0.2,-0.5,0
41.2213932,0,0,18.8,0,0,0.027,-0.014,-1.002,0.2,-0.5,0
41.2313932,0,0,18.8,0,0,0.027,-0.014,-1.002,0.2,-0.5,0
41.2413932,0,0,18.8,0,0,0.027,-0.014,-1.002,0.2,-0.5,0
41.2513932,0,0,18.8,0,0,0.027,-0.014,-1.002,0.2,-0.5,0
41.2613932,0,0,18.8,0,0,0.032,-0.017,-1.001,0.3,-0.6,0
41.2713931999999,0,0,18.8,0,0,0.032,-0.017,-1.001,0.3,-0.6,0
41.2813932,0,0,18.8,0,0,0.032,-0.017,-1.001,0.3,-0.6,0
41.2913932,0,0,18.8,0,0,0.032,-0.017,-1.001,0.3,-0.6,0
41.3013931999999,0,0,18.8,0,0,0.032,-0.017,-1.001,0.3,-0.6,0
41.3239223,0,0,18.8,0,0,0.025,-0.008,-0.997,0.3,-0.6,0.1
41.3339223,0,0,18.8,0,0,0.025,-0.008,-0.997,0.3,-0.6,0.1
41.3439223,0,0,18.8,0,0,0.025,-0.008,-0.997,0.3,-0.6,0.1
41.3539223,0,0,18.8,0,0,0.025,-0.008,-0.997,0.3,-0.6,0.1
41.3639223,0,0,18.8,0,0,0.025,-0.008,-0.997,0.3,-0.6,0.1
41.422291,0,0,18.8,0,0,0.028,-0.011,-0.999,0.3,-0.6,0
41.432291,0,0,18.8,0,0,0.028,-0.011,-0.999,0.3,-0.6,0
41.442291,0,0,18.8,0,0,0.028,-0.011,-0.999,0.3,-0.6,0
41.452291,0,0,18.8,0,0,0.028,-0.011,-0.999,0.3,-0.6,0
41.462291,0,0,18.8,0,0,0.028,-0.011,-0.999,0.3,-0.6,0
41.472291,0,0,18.9,0,0,0.028,-0.015,-1,0.3,-0.6,0
41.482291,0,0,18.9,0,0,0.028,-0.015,-1,0.3,-0.6,0
41.492291,0,0,18.9,0,0,0.028,-0.015,-1,0.3,-0.6,0
41.502291,0,0,18.9,0,0,0.028,-0.015,-1,0.3,-0.6,0
41.512291,0,0,18.9,0,0,0.028,-0.015,-1,0.3,-0.6,0
41.522291,0,0,18.9,0,0,0.028,-0.013,-1,0.3,-0.4,0
41.532291,0,0,18.9,0,0,0.028,-0.013,-1,0.3,-0.4,0
41.542291,0,0,18.9,0,0,0.028,-0.013,-1,0.3,-0.4,0
41.552291,0,0,18.9,0,0,0.028,-0.013,-1,0.3,-0.4,0
41.562291,0,0,18.9,0,0,0.028,-0.013,-1,0.3,-0.4,0
41.572291,0,0,18.9,0,0,0.029,-0.013,-1,0.3,-0.5,0
41.582291,0,0,18.9,0,0,0.029,-0.013,-1,0.3,-0.5,0
41.592291,0,0,18.9,0,0,0.029,-0.013,-1,0.3,-0.5,0
41.602291,0,0,18.9,0,0,0.029,-0.013,-1,0.3,-0.5,0
41.612291,0,0,18.9,0,0,0.029,-0.013,-1,0.3,-0.5,0
41.622291,0,0,18.8,0,0,0.029,-0.014,-1,0.1,-0.6,0.1
41.632291,0,0,18.8,0,0,0.029,-0.014,-1,0.1,-0.6,0.1
41.642291,0,0,18.8,0,0,0.029,-0.014,-1,0.1,-0.6,0.1
41.652291,0,0,18.8,0,0,0.029,-0.014,-1,0.1,-0.6,0.1
41.662291,0,0,18.8,0,0,0.029,-0.014,-1,0.1,-0.6,0.1
41.672291,0,0,18.9,0,0,0.027,-0.011,-1.001,0.1,-0.5,0
41.682291,0,0,18.9,0,0,0.027,-0.011,-1.001,0.1,-0.5,0
41.692291,0,0,18.9,0,0,0.027,-0.011,-1.001,0.1,-0.5,0
41.702291,0,0,18.9,0,0,0.027,-0.011,-1.001,0.1,-0.5,0
41.712291,0,0,18.9,0,0,0.027,-0.011,-1.001,0.1,-0.5,0
41.722291,0,0,18.9,0,0,0.03,-0.015,-1.002,0.2,-0.6,0
41.732291,0,0,18.9,0,0,0.03,-0.015,-1.002,0.2,-0.6,0
41.742291,0,0,18.9,0,0,0.03,-0.015,-1.002,0.2,-0.6,0
41.752291,0,0,18.9,0,0,0.03,-0.015,-1.002,0.2,-0.6,0
41.762291,0,0,18.9,0,0,0.03,-0.015,-1.002,0.2,-0.6,0
41.772291,0,0,18.9,0,0,0.026,-0.011,-1.002,0.2,-0.6,0
41.782291,0,0,18.9,0,0,0.026,-0.011,-1.002,0.2,-0.6,0
41.792291,0,0,18.9,0,0,0.026,-0.011,-1.002,0.2,-0.6,0
41.802291,0,0,18.9,0,0,0.026,-0.011,-1.002,0.2,-0.6,0
41.812291,0,0,18.9,0,0,0.026,-0.011,-1.002,0.2,-0.6,0
41.822291,0,0,18.8,0,0,0.029,-0.015,-1.002,0.3,-0.5,0
41.832291,0,0,18.8,0,0,0.029,-0.015,-1.002,0.3,-0.5,0
41.842291,0,0,18.8,0,0,0.029,-0.015,-1.002,0.3,-0.5,0
41.852291,0,0,18.8,0,0,0.029,-0.015,-1.002,0.3,-0.5,0
41.862291,0,0,18.8,0,0,0.029,-0.015,-1.002,0.3,-0.5,0
41.872291,0,0,18.8,0,0,0.028,-0.011,-1.002,0.2,-0.6,0
41.882291,0,0,18.8,0,0,0.028,-0.011,-1.002,0.2,-0.6,0
41.892291,0,0,18.8,0,0,0.028,-0.011,-1.002,0.2,-0.6,0
41.902291,0,0,18.8,0,0,0.028,-0.011,-1.002,0.2,-0.6,0
41.912291,0,0,18.8,0,0,0.028,-0.011,-1.002,0.2,-0.6,0
41.922291,0,0,18.9,0,0,0.028,-0.015,-1.003,0.3,-0.5,0
41.932291,0,0,18.9,0,0,0.028,-0.015,-1.003,0.3,-0.5,0
41.942291,0,0,18.9,0,0,0.028,-0.015,-1.003,0.3,-0.5,0
41.952291,0,0,18.9,0,0,0.028,-0.015,-1.003,0.3,-0.5,0
41.962291,0,0,18.9,0,0,0.028,-0.015,-1.003,0.3,-0.5,0
41.972291,0,0,18.9,0,0,0.029,-0.014,-1.003,0.4,-0.5,0
41.982291,0,0,18.9,0,0,0.029,-0.014,-1.003,0.4,-0.5,0
41.992291,0,0,18.9,0,0,0.029,-0.014,-1.003,0.4,-0.5,0
42.002291,0,0,18.9,0,0,0.029,-0.014,-1.003,0.4,-0.5,0
42.012291,0,0,18.9,0,0,0.029,-0.014,-1.003,0.4,-0.5,0
42.022291,0,0,18.8,0,0,0.029,-0.012,-1.002,0.2,-0.6,0
42.032291,0,0,18.8,0,0,0.029,-0.012,-1.002,0.2,-0.6,0
42.042291,0,0,18.8,0,0,0.029,-0.012,-1.002,0.2,-0.6,0
42.052291,0,0,18.8,0,0,0.029,-0.012,-1.002,0.2,-0.6,0
42.062291,0,0,18.8,0,0,0.029,-0.012,-1.002,0.2,-0.6,0
42.072291,0,0,18.9,0,0,0.028,-0.014,-1.002,0.3,-0.5,0
42.082291,0,0,18.9,0,0,0.028,-0.014,-1.002,0.3,-0.5,0
42.092291,0,0,18.9,0,0,0.028,-0.014,-1.002,0.3,-0.5,0
42.102291,0,0,18.9,0,0,0.028,-0.014,-1.002,0.3,-0.5,0
42.112291,0,0,18.9,0,0,0.028,-0.014,-1.002,0.3,-0.5,0
42.1493723,0,0,18.9,0,0,0.03,-0.015,-1.003,0.2,-0.5,0
42.1593723,0,0,18.9,0,0,0.03,-0.015,-1.003,0.2,-0.5,0
42.1693723,0,0,18.9,0,0,0.03,-0.015,-1.003,0.2,-0.5,0
42.1793723,0,0,18.9,0,0,0.03,-0.015,-1.003,0.2,-0.5,0
42.1893723,0,0,18.9,0,0,0.03,-0.015,-1.003,0.2,-0.5,0
42.1993723,0,0,18.9,0,0,0.028,-0.011,-1.001,0.2,-0.6,0
42.2093723,0,0,18.9,0,0,0.028,-0.011,-1.001,0.2,-0.6,0
42.2193723,0,0,18.9,0,0,0.028,-0.011,-1.001,0.2,-0.6,0
42.2293723,0,0,18.9,0,0,0.028,-0.011,-1.001,0.2,-0.6,0
42.2393723,0,0,18.9,0,0,0.028,-0.011,-1.001,0.2,-0.6,0
42.2493723,0,0,18.8,0,0,0.029,-0.015,-1.002,0.2,-0.6,0
42.2593723,0,0,18.8,0,0,0.029,-0.015,-1.002,0.2,-0.6,0
42.2693723,0,0,18.8,0,0,0.029,-0.015,-1.002,0.2,-0.6,0
42.2793723,0,0,18.8,0,0,0.029,-0.015,-1.002,0.2,-0.6,0
42.2893723,0,0,18.8,0,0,0.029,-0.015,-1.002,0.2,-0.6,0
42.2993723,0,-0.01,18.8,0,0,0.028,-0.013,-1.002,0.3,-0.5,0
42.3093723,0,-0.01,18.8,0,0,0.028,-0.013,-1.002,0.3,-0.5,0
42.3193723,0,-0.01,18.8,0,0,0.028,-0.013,-1.002,0.3,-0.5,0
42.3293723,0,-0.01,18.8,0,0,0.028,-0.013,-1.002,0.3,-0.5,0
42.3393723,0,-0.01,18.8,0,0,0.028,-0.013,-1.002,0.3,-0.5,0
42.3493723,0,0,18.8,0,0,0.028,-0.014,-1.003,0.3,-0.6,0
42.3593723,0,0,18.8,0,0,0.028,-0.014,-1.003,0.3,-0.6,0
42.3693723,0,0,18.8,0,0,0.028,-0.014,-1.003,0.3,-0.6,0
42.3793723,0,0,18.8,0,0,0.028,-0.014,-1.003,0.3,-0.6,0
42.3893723,0,0,18.8,0,0,0.028,-0.014,-1.003,0.3,-0.6,0
42.3993723,0,0,18.8,0,0,0.029,-0.015,-1.003,0.3,-0.5,0
42.4093723,0,0,18.8,0,0,0.029,-0.015,-1.003,0.3,-0.5,0
42.4193723,0,0,18.8,0,0,0.029,-0.015,-1.003,0.3,-0.5,0
42.4293723,0,0,18.8,0,0,0.029,-0.015,-1.003,0.3,-0.5,0
42.4393723,0,0,18.8,0,0,0.029,-0.015,-1.003,0.3,-0.5,0
42.4667422,0,0,18.8,0,0,0.026,-0.01,-1,0.3,-0.5,0
42.4767422,0,0,18.8,0,0,0.026,-0.01,-1,0.3,-0.5,0
42.4867422,0,0,18.8,0,0,0.026,-0.01,-1,0.3,-0.5,0
42.4967422,0,0,18.8,0,0,0.026,-0.01,-1,0.3,-0.5,0
42.5067422,0,0,18.8,0,0,0.026,-0.01,-1,0.3,-0.5,0
42.5167422,0,0,18.8,0,0,0.029,-0.015,-1.001,0.3,-0.4,0
42.5267422,0,0,18.8,0,0,0.029,-0.015,-1.001,0.3,-0.4,0
42.5367422,0,0,18.8,0,0,0.029,-0.015,-1.001,0.3,-0.4,0
42.5467422,0,0,18.8,0,0,0.029,-0.015,-1.001,0.3,-0.4,0
42.5567422,0,0,18.8,0,0,0.029,-0.015,-1.001,0.3,-0.4,0
42.5667422,0,0,18.8,0,0,0.028,-0.011,-1.001,0.3,-0.5,0
42.5767422,0,0,18.8,0,0,0.028,-0.011,-1.001,0.3,-0.5,0
42.5867422,0,0,18.8,0,0,0.028,-0.011,-1.001,0.3,-0.5,0
42.5967422,0,0,18.8,0,0,0.028,-0.011,-1.001,0.3,-0.5,0
42.6067422,0,0,18.8,0,0,0.028,-0.011,-1.001,0.3,-0.5,0
42.6167422,0,0,18.8,0,0,0.026,-0.014,-1,0.3,-0.5,0
42.6267422,0,0,18.8,0,0,0.026,-0.014,-1,0.3,-0.5,0
42.6367422,0,0,18.8,0,0,0.026,-0.014,-1,0.3,-0.5,0
42.6467422,0,0,18.8,0,0,0.026,-0.014,-1,0.3,-0.5,0
42.6567422,0,0,18.8,0,0,0.026,-0.014,-1,0.3,-0.5,0
42.6667422,0,0,18.9,0,0,0.029,-0.014,-1.002,0.2,-0.5,0
42.6767422,0,0,18.9,0,0,0.029,-0.014,-1.002,0.2,-0.5,0
42.6867422,0,0,18.9,0,0,0.029,-0.014,-1.002,0.2,-0.5,0
42.6967422,0,0,18.9,0,0,0.029,-0.014,-1.002,0.2,-0.5,0
42.7067422,0,0,18.9,0,0,0.029,-0.014,-1.002,0.2,-0.5,0
42.7167422,0,0,18.8,0,0,0.028,-0.014,-1.002,0.3,-0.5,0
42.7267422,0,0,18.8,0,0,0.028,-0.014,-1.002,0.3,-0.5,0
42.7367422,0,0,18.8,0,0,0.028,-0.014,-1.002,0.3,-0.5,0
42.7467422,0,0,18.8,0,0,0.028,-0.014,-1.002,0.3,-0.5,0
42.7567422,0,0,18.8,0,0,0.028,-0.014,-1.002,0.3,-0.5,0
42.7667422,0,0,18.9,0,0,0.028,-0.011,-1.002,0.2,-0.5,0
42.7767422,0,0,18.9,0,0,0.028,-0.011,-1.002,0.2,-0.5,0
42.7867422,0,0,18.9,0,0,0.028,-0.011,-1.002,0.2,-0.5,0
42.7967422,0,0,18.9,0,0,0.028,-0.011,-1.002,0.2,-0.5,0
42.8067422,0,0,18.9,0,0,0.028,-0.011,-1.002,0.2,-0.5,0
42.8167422,0,0,18.8,0,0,0.029,-0.016,-1.002,0.2,-0.5,0
42.8267422,0,0,18.8,0,0,0.029,-0.016,-1.002,0.2,-0.5,0
42.8367422,0,0,18.8,0,0,0.029,-0.016,-1.002,0.2,-0.5,0
42.8467422,0,0,18.8,0,0,0.029,-0.016,-1.002,0.2,-0.5,0
42.8567422,0,0,18.8,0,0,0.029,-0.016,-1.002,0.2,-0.5,0
42.8667422,0,0,18.8,0,0,0.029,-0.011,-1,0.2,-0.6,0
42.8767422,0,0,18.8,0,0,0.029,-0.011,-1,0.2,-0.6,0
42.8867422,0,0,18.8,0,0,0.029,-0.011,-1,0.2,-0.6,0
42.8967422,0,0,18.8,0,0,0.029,-0.011,-1,0.2,-0.6,0
42.9067422,0,0,18.8,0,0,0.029,-0.011,-1,0.2,-0.6,0
42.9167422,0,0,18.8,0,0,0.026,-0.014,-1,0.3,-0.5,0
42.9267422,0,0,18.8,0,0,0.026,-0.014,-1,0.3,-0.5,0
42.9367422,0,0,18.8,0,0,0.026,-0.014,-1,0.3,-0.5,0
42.9467422,0,0,18.8,0,0,0.026,-0.014,-1,0.3,-0.5,0
42.9567422,0,0,18.8,0,0,0.026,-0.014,-1,0.3,-0.5,0
44.6461804,0,0.01,18.8,0,0,0.027,-0.011,-1,0.2,-0.6,0
44.6561804,0,0.01,18.8,0,0,0.027,-0.011,-1,0.2,-0.6,0
44.6661804,0,0.01,18.8,0,0,0.027,-0.011,-1,0.2,-0.6,0
44.6761804,0,0.01,18.8,0,0,0.027,-0.011,-1,0.2,-0.6,0
44.6861804,0,0.01,18.8,0,0,0.027,-0.011,-1,0.2,-0.6,0
44.7212415,0,0,18.8,0,0,0.029,-0.015,-1.003,0.2,-0.6,0
44.7312415,0,0,18.8,0,0,0.029,-0.015,-1.003,0.2,-0.6,0
44.7412415,0,0,18.8,0,0,0.029,-0.015,-1.003,0.2,-0.6,0
44.7512415,0,0,18.8,0,0,0.029,-0.015,-1.003,0.2,-0.6,0
44.7612415,0,0,18.8,0,0,0.029,-0.015,-1.003,0.2,-0.6,0
44.7712415,0,0,18.8,0,0,0.029,-0.012,-1.004,0.3,-0.6,0
44.7812415,0,0,18.8,0,0,0.029,-0.012,-1.004,0.3,-0.6,0
44.7912415,0,0,18.8,0,0,0.029,-0.012,-1.004,0.3,-0.6,0
44.8012415,0,0,18.8,0,0,0.029,-0.012,-1.004,0.3,-0.6,0
44.8112415,0,0,18.8,0,0,0.029,-0.012,-1.004,0.3,-0.6,0
44.8456051,0,0,18.8,0,0,0.028,-0.014,-1.001,0.3,-0.6,0
44.8556051,0,0,18.8,0,0,0.028,-0.014,-1.001,0.3,-0.6,0
44.8656051,0,0,18.8,0,0,0.028,-0.014,-1.001,0.3,-0.6,0
44.8756051,0,0,18.8,0,0,0.028,-0.014,-1.001,0.3,-0.6,0
44.8856051,0,0,18.8,0,0,0.028,-0.014,-1.001,0.3,-0.6,0
44.9177218,0,0,18.8,0,0,0.028,-0.012,-1.002,0.2,-0.5,0
44.9277218,0,0,18.8,0,0,0.028,-0.012,-1.002,0.2,-0.5,0
44.9377218,0,0,18.8,0,0,0.028,-0.012,-1.002,0.2,-0.5,0
44.9477218,0,0,18.8,0,0,0.028,-0.012,-1.002,0.2,-0.5,0
44.9577218,0,0,18.8,0,0,0.028,-0.012,-1.002,0.2,-0.5,0
44.9677218,0,0,18.8,0,0,0.028,-0.014,-1.003,0.3,-0.5,0
44.9777218,0,0,18.8,0,0,0.028,-0.014,-1.003,0.3,-0.5,0
44.9877218,0,0,18.8,0,0,0.028,-0.014,-1.003,0.3,-0.5,0
44.9977218,0,0,18.8,0,0,0.028,-0.014,-1.003,0.3,-0.5,0
45.0077218,0,0,18.8,0,0,0.028,-0.014,-1.003,0.3,-0.5,0
45.0291665,0,0,18.9,0,0,0.029,-0.012,-1.002,0.2,-0.5,0
45.0391665,0,0,18.9,0,0,0.029,-0.012,-1.002,0.2,-0.5,0
45.0491665,0,0,18.9,0,0,0.029,-0.012,-1.002,0.2,-0.5,0
45.0591665,0,0,18.9,0,0,0.029,-0.012,-1.002,0.2,-0.5,0
45.0691665,0,0,18.9,0,0,0.029,-0.012,-1.002,0.2,-0.5,0
45.0791665,0,0,18.8,0,0,0.029,-0.015,-1.003,0.2,-0.5,0
45.0891665,0,0,18.8,0,0,0.029,-0.015,-1.003,0.2,-0.5,0
45.0991665,0,0,18.8,0,0,0.029,-0.015,-1.003,0.2,-0.5,0
45.1091665,0,0,18.8,0,0,0.029,-0.015,-1.003,0.2,-0.5,0
45.1191665,0,0,18.8,0,0,0.029,-0.015,-1.003,0.2,-0.5,0
45.1291665,0,0,18.8,0,0,0.027,-0.012,-1.002,0.3,-0.6,0
45.1391665,0,0,18.8,0,0,0.027,-0.012,-1.002,0.3,-0.6,0
45.1491665,0,0,18.8,0,0,0.027,-0.012,-1.002,0.3,-0.6,0
45.1591665,0,0,18.8,0,0,0.027,-0.012,-1.002,0.3,-0.6,0
45.1691665,0,0,18.8,0,0,0.027,-0.012,-1.002,0.3,-0.6,0
45.1810381,0,0,18.8,0,0,0.028,-0.014,-1.003,0.3,-0.5,0
45.1910381,0,0,18.8,0,0,0.028,-0.014,-1.003,0.3,-0.5,0
45.2010381,0,0,18.8,0,0,0.028,-0.014,-1.003,0.3,-0.5,0
45.2110381,0,0,18.8,0,0,0.028,-0.014,-1.003,0.3,-0.5,0
45.2210381,0,0,18.8,0,0,0.028,-0.014,-1.003,0.3,-0.5,0
45.2310381,0,0,18.9,0,0,0.028,-0.013,-1.002,0.3,-0.6,0
45.2410381,0,0,18.9,0,0,0.028,-0.013,-1.002,0.3,-0.6,0
45.2510381,0,0,18.9,0,0,0.028,-0.013,-1.002,0.3,-0.6,0
45.2610381,0,0,18.9,0,0,0.028,-0.013,-1.002,0.3,-0.6,0
45.2710381,0,0,18.9,0,0,0.028,-0.013,-1.002,0.3,-0.6,0
45.3052161,0,0,18.9,0,0,0.027,-0.012,-1.002,0.3,-0.6,0
45.3152161,0,0,18.9,0,0,0.027,-0.012,-1.002,0.3,-0.6,0
45.3252161,0,0,18.9,0,0,0.027,-0.012,-1.002,0.3,-0.6,0
45.3352161,0,0,18.9,0,0,0.027,-0.012,-1.002,0.3,-0.6,0
45.3452161,0,0,18.9,0,0,0.027,-0.012,-1.002,0.3,-0.6,0
45.3809877,0,0.01,18.8,0,0,0.029,-0.012,-1.002,0.3,-0.5,0
45.3909877,0,0.01,18.8,0,0,0.029,-0.012,-1.002,0.3,-0.5,0
45.4009877,0,0.01,18.8,0,0,0.029,-0.012,-1.002,0.3,-0.5,0
45.4109877,0,0.01,18.8,0,0,0.029,-0.012,-1.002,0.3,-0.5,0
45.4209877,0,0.01,18.8,0,0,0.029,-0.012,-1.002,0.3,-0.5,0
45.4559873,0,0,18.8,0,0,0.028,-0.014,-1.002,0.3,-0.6,0
45.4659873,0,0,18.8,0,0,0.028,-0.014,-1.002,0.3,-0.6,0
45.4759873,0,0,18.8,0,0,0.028,-0.014,-1.002,0.3,-0.6,0
45.4859873,0,0,18.8,0,0,0.028,-0.014,-1.002,0.3,-0.6,0
45.4959873,0,0,18.8,0,0,0.028,-0.014,-1.002,0.3,-0.6,0
45.5332656,0,0.01,18.9,0,0,0.028,-0.014,-1.003,0.2,-0.5,0
45.5432656,0,0.01,18.9,0,0,0.028,-0.014,-1.003,0.2,-0.5,0
45.5532656,0,0.01,18.9,0,0,0.028,-0.014,-1.003,0.2,-0.5,0
45.5632656,0,0.01,18.9,0,0,0.028,-0.014,-1.003,0.2,-0.5,0
45.5732656,0,0.01,18.9,0,0,0.028,-0.014,-1.003,0.2,-0.5,0
45.6243465,0,0.01,18.8,0,0,0.028,-0.012,-1,0.3,-0.5,0
45.6343465,0,0.01,18.8,0,0,0.028,-0.012,-1,0.3,-0.5,0
45.6443465,0,0.01,18.8,0,0,0.028,-0.012,-1,0.3,-0.5,0
45.6543465,0,0.01,18.8,0,0,0.028,-0.012,-1,0.3,-0.5,0
45.6643465,0,0.01,18.8,0,0,0.028,-0.012,-1,0.3,-0.5,0
45.6743465,0,0.01,18.8,0,0,0.029,-0.013,-1.002,0.3,-0.6,0
45.6843465,0,0.01,18.8,0,0,0.029,-0.013,-1.002,0.3,-0.6,0
45.6943465,0,0.01,18.8,0,0,0.029,-0.013,-1.002,0.3,-0.6,0
45.7043465,0,0.01,18.8,0,0,0.029,-0.013,-1.002,0.3,-0.6,0
45.7143465,0,0.01,18.8,0,0,0.029,-0.013,-1.002,0.3,-0.6,0
45.7465027,0,0.01,18.8,0,0,0.028,-0.013,-1.002,0.2,-0.5,0
45.7565027,0,0.01,18.8,0,0,0.028,-0.013,-1.002,0.2,-0.5,0
45.7665027,0,0.01,18.8,0,0,0.028,-0.013,-1.002,0.2,-0.5,0
45.7765027,0,0.01,18.8,0,0,0.028,-0.013,-1.002,0.2,-0.5,0
45.7865027,0,0.01,18.8,0,0,0.028,-0.013,-1.002,0.2,-0.5,0
45.8220075,0,0.01,18.9,0,0,0.028,-0.013,-1.001,0.2,-0.5,0
45.8320075,0,0.01,18.9,0,0,0.028,-0.013,-1.001,0.2,-0.5,0
45.8420075,0,0.01,18.9,0,0,0.028,-0.013,-1.001,0.2,-0.5,0
45.8520075,0,0.01,18.9,0,0,0.028,-0.013,-1.001,0.2,-0.5,0
45.8620075,0,0.01,18.9,0,0,0.028,-0.013,-1.001,0.2,-0.5,0
45.896215,0,0,18.9,0,0,0.027,-0.013,-1.002,0.2,-0.5,0
45.906215,0,0,18.9,0,0,0.027,-0.013,-1.002,0.2,-0.5,0
45.916215,0,0,18.9,0,0,0.027,-0.013,-1.002,0.2,-0.5,0
45.926215,0,0,18.9,0,0,0.027,-0.013,-1.002,0.2,-0.5,0
45.936215,0,0,18.9,0,0,0.027,-0.013,-1.002,0.2,-0.5,0
45.946215,0,0,18.9,0,0,0.027,-0.013,-1.002,0.3,-0.6,0
45.956215,0,0,18.9,0,0,0.027,-0.013,-1.002,0.3,-0.6,0
45.966215,0,0,18.9,0,0,0.027,-0.013,-1.002,0.3,-0.6,0
45.976215,0,0,18.9,0,0,0.027,-0.013,-1.002,0.3,-0.6,0
45.986215,0,0,18.9,0,0,0.027,-0.013,-1.002,0.3,-0.6,0
46.0082718,0,0,18.9,0,0,0.029,-0.015,-1.003,0.2,-0.5,0
46.0182718,0,0,18.9,0,0,0.029,-0.015,-1.003,0.2,-0.5,0
46.0282718,0,0,18.9,0,0,0.029,-0.015,-1.003,0.2,-0.5,0
46.0382718,0,0,18.9,0,0,0.029,-0.015,-1.003,0.2,-0.5,0
46.0482718,0,0,18.9,0,0,0.029,-0.015,-1.003,0.2,-0.5,0
46.0836342,0,0,18.8,0,0,0.029,-0.012,-1.002,0.2,-0.6,0
46.0936342,0,0,18.8,0,0,0.029,-0.012,-1.002,0.2,-0.6,0
46.1036342,0,0,18.8,0,0,0.029,-0.012,-1.002,0.2,-0.6,0
46.1136342,0,0,18.8,0,0,0.029,-0.012,-1.002,0.2,-0.6,0
46.1236342,0,0,18.8,0,0,0.029,-0.012,-1.002,0.2,-0.6,0
46.1448976,0,0,18.9,0,0,0.028,-0.014,-1.002,0.1,-0.5,0.1
46.1548976,0,0,18.9,0,0,0.028,-0.014,-1.002,0.1,-0.5,0.1
46.1648976,0,0,18.9,0,0,0.028,-0.014,-1.002,0.1,-0.5,0.1
46.1748976,0,0,18.9,0,0,0.028,-0.014,-1.002,0.1,-0.5,0.1
46.1848976,0,0,18.9,0,0,0.028,-0.014,-1.002,0.1,-0.5,0.1
46.1948976,0,0,18.9,0,0,0.028,-0.013,-1.001,0.3,-0.5,0
46.2048976,0,0,18.9,0,0,0.028,-0.013,-1.001,0.3,-0.5,0
46.2148976,0,0,18.9,0,0,0.028,-0.013,-1.001,0.3,-0.5,0
46.2248976,0,0,18.9,0,0,0.028,-0.013,-1.001,0.3,-0.5,0
46.2348976,0,0,18.9,0,0,0.028,-0.013,-1.001,0.3,-0.5,0
46.2448976,0,0,18.8,0,0,0.029,-0.013,-1.002,0.3,-0.5,0
46.2548976,0,0,18.8,0,0,0.029,-0.013,-1.002,0.3,-0.5,0
46.2648976,0,0,18.8,0,0,0.029,-0.013,-1.002,0.3,-0.5,0
46.2748976,0,0,18.8,0,0,0.029,-0.013,-1.002,0.3,-0.5,0
46.2848976,0,0,18.8,0,0,0.029,-0.013,-1.002,0.3,-0.5,0
46.2948976,0,0,18.9,0,0,0.028,-0.013,-1.003,0.3,-0.5,0
46.3048976,0,0,18.9,0,0,0.028,-0.013,-1.003,0.3,-0.5,0
46.3148976,0,0,18.9,0,0,0.028,-0.013,-1.003,0.3,-0.5,0
46.3248976,0,0,18.9,0,0,0.028,-0.013,-1.003,0.3,-0.5,0
46.3348976,0,0,18.9,0,0,0.028,-0.013,-1.003,0.3,-0.5,0
46.3620614,0,0.01,18.8,0,0,0.029,-0.014,-1.001,0.2,-0.5,0
46.3720614,0,0.01,18.8,0,0,0.029,-0.014,-1.001,0.2,-0.5,0
46.3820614,0,0.01,18.8,0,0,0.029,-0.014,-1.001,0.2,-0.5,0
46.3920614,0,0.01,18.8,0,0,0.029,-0.014,-1.001,0.2,-0.5,0
46.4020614,0,0.01,18.8,0,0,0.029,-0.014,-1.001,0.2,-0.5,0
46.4120614,0,0,18.9,0,0,0.028,-0.014,-1.001,0.3,-0.5,0
46.4220614,0,0,18.9,0,0,0.028,-0.014,-1.001,0.3,-0.5,0
46.4320614,0,0,18.9,0,0,0.028,-0.014,-1.001,0.3,-0.5,0
46.4420614,0,0,18.9,0,0,0.028,-0.014,-1.001,0.3,-0.5,0
46.4520614,0,0,18.9,0,0,0.028,-0.014,-1.001,0.3,-0.5,0
46.4981076,0,0,18.8,0,0,0.028,-0.013,-1,0.3,-0.6,0
46.5081076,0,0,18.8,0,0,0.028,-0.013,-1,0.3,-0.6,0
46.5181076,0,0,18.8,0,0,0.028,-0.013,-1,0.3,-0.6,0
46.5281076,0,0,18.8,0,0,0.028,-0.013,-1,0.3,-0.6,0
46.5381076,0,0,18.8,0,0,0.028,-0.013,-1,0.3,-0.6,0
46.574855,0,0,18.9,0,0,0.027,-0.014,-1.002,0.2,-0.6,0.1
46.584855,0,0,18.9,0,0,0.027,-0.014,-1.002,0.2,-0.6,0.1
46.594855,0,0,18.9,0,0,0.027,-0.014,-1.002,0.2,-0.6,0.1
46.604855,0,0,18.9,0,0,0.027,-0.014,-1.002,0.2,-0.6,0.1
46.614855,0,0,18.9,0,0,0.027,-0.014,-1.002,0.2,-0.6,0.1
46.6653405,0,0,18.8,0,0,0.028,-0.013,-1.002,0.3,-0.5,0
46.6753405,0,0,18.8,0,0,0.028,-0.013,-1.002,0.3,-0.5,0
46.6853405,0,0,18.8,0,0,0.028,-0.013,-1.002,0.3,-0.5,0
46.6953405,0,0,18.8,0,0,0.028,-0.013,-1.002,0.3,-0.5,0
46.7053405,0,0,18.8,0,0,0.028,-0.013,-1.002,0.3,-0.5,0
46.7275952,0,0,18.8,0,0,0.028,-0.015,-1.001,0.3,-0.5,0
46.7375952,0,0,18.8,0,0,0.028,-0.015,-1.001,0.3,-0.5,0
46.7475952,0,0,18.8,0,0,0.028,-0.015,-1.001,0.3,-0.5,0
46.7575952,0,0,18.8,0,0,0.028,-0.015,-1.001,0.3,-0.5,0
46.7675952,0,0,18.8,0,0,0.028,-0.015,-1.001,0.3,-0.5,0
46.7775952,0,0,18.8,0,0,0.029,-0.012,-1.002,0.1,-0.6,0
46.7875952,0,0,18.8,0,0,0.029,-0.012,-1.002,0.1,-0.6,0
46.7975952,0,0,18.8,0,0,0.029,-0.012,-1.002,0.1,-0.6,0
46.8075952,0,0,18.8,0,0,0.029,-0.012,-1.002,0.1,-0.6,0
46.8175952,0,0,18.8,0,0,0.029,-0.012,-1.002,0.1,-0.6,0
46.8275952,0,0,18.9,0,0,0.029,-0.014,-1.002,0.3,-0.6,0
46.8375952,0,0,18.9,0,0,0.029,-0.014,-1.002,0.3,-0.6,0
46.8475952,0,0,18.9,0,0,0.029,-0.014,-1.002,0.3,-0.6,0
46.8575952,0,0,18.9,0,0,0.029,-0.014,-1.002,0.3,-0.6,0
46.8675952,0,0,18.9,0,0,0.029,-0.014,-1.002,0.3,-0.6,0
46.8775952,0,0,18.8,0,0,0.027,-0.013,-1.002,0.3,-0.6,0
46.8875952,0,0,18.8,0,0,0.027,-0.013,-1.002,0.3,-0.6,0
46.8975952,0,0,18.8,0,0,0.027,-0.013,-1.002,0.3,-0.6,0
46.9075952,0,0,18.8,0,0,0.027,-0.013,-1.002,0.3,-0.6,0
46.9175952,0,0,18.8,0,0,0.027,-0.013,-1.002,0.3,-0.6,0
46.9275952,0,0,18.9,0,0,0.029,-0.013,-1,0.3,-0.5,0
46.9375952,0,0,18.9,0,0,0.029,-0.013,-1,0.3,-0.5,0
46.9475952,0,0,18.9,0,0,0.029,-0.013,-1,0.3,-0.5,0
46.9575952,0,0,18.9,0,0,0.029,-0.013,-1,0.3,-0.5,0
46.9675952,0,0,18.9,0,0,0.029,-0.013,-1,0.3,-0.5,0
46.9775952,0,0,18.9,0,0,0.029,-0.013,-1.002,0.3,-0.5,0
46.9875952,0,0,18.9,0,0,0.029,-0.013,-1.002,0.3,-0.5,0
46.9975952,0,0,18.9,0,0,0.029,-0.013,-1.002,0.3,-0.5,0
47.0075952,0,0,18.9,0,0,0.029,-0.013,-1.002,0.3,-0.5,0
47.0175952,0,0,18.9,0,0,0.029,-0.013,-1.002,0.3,-0.5,0
47.0299581,0,0,18.8,0,0,0.028,-0.013,-1.003,0.3,-0.5,0
47.0399581,0,0,18.8,0,0,0.028,-0.013,-1.003,0.3,-0.5,0
47.0499581,0,0,18.8,0,0,0.028,-0.013,-1.003,0.3,-0.5,0
47.0599581,0,0,18.8,0,0,0.028,-0.013,-1.003,0.3,-0.5,0
47.0699581,0,0,18.8,0,0,0.028,-0.013,-1.003,0.3,-0.5,0
47.0799581,0,0,18.8,0,0,0.029,-0.012,-1.002,0.2,-0.6,0
47.0899581,0,0,18.8,0,0,0.029,-0.012,-1.002,0.2,-0.6,0
47.0999581,0,0,18.8,0,0,0.029,-0.012,-1.002,0.2,-0.6,0
47.1099581,0,0,18.8,0,0,0.029,-0.012,-1.002,0.2,-0.6,0
47.1199581,0,0,18.8,0,0,0.029,-0.012,-1.002,0.2,-0.6,0
47.1299581,0,0.01,18.9,0,0,0.029,-0.014,-1.001,0.2,-0.5,0
47.1399581,0,0.01,18.9,0,0,0.029,-0.014,-1.001,0.2,-0.5,0
47.1499581,0,0.01,18.9,0,0,0.029,-0.014,-1.001,0.2,-0.5,0
47.1599581,0,0.01,18.9,0,0,0.029,-0.014,-1.001,0.2,-0.5,0
47.1699581,0,0.01,18.9,0,0,0.029,-0.014,-1.001,0.2,-0.5,0
47.1814002,0,0,18.8,0,0,0.027,-0.013,-1.002,0.3,-0.5,0
47.1914002,0,0,18.8,0,0,0.027,-0.013,-1.002,0.3,-0.5,0
47.2014002,0,0,18.8,0,0,0.027,-0.013,-1.002,0.3,-0.5,0
47.2114002,0,0,18.8,0,0,0.027,-0.013,-1.002,0.3,-0.5,0
47.2214002,0,0,18.8,0,0,0.027,-0.013,-1.002,0.3,-0.5,0
47.2314002,0,0,18.8,0,0,0.029,-0.014,-1,0.3,-0.5,0
47.2414002,0,0,18.8,0,0,0.029,-0.014,-1,0.3,-0.5,0
47.2514002,0,0,18.8,0,0,0.029,-0.014,-1,0.3,-0.5,0
47.2614002,0,0,18.8,0,0,0.029,-0.014,-1,0.3,-0.5,0
47.2714002,0,0,18.8,0,0,0.029,-0.014,-1,0.3,-0.5,0
47.2814002,0,0,18.8,0,0,0.027,-0.013,-1.004,0.3,-0.6,0
47.2914002,0,0,18.8,0,0,0.027,-0.013,-1.004,0.3,-0.6,0
47.3014002,0,0,18.8,0,0,0.027,-0.013,-1.004,0.3,-0.6,0
47.3114002,0,0,18.8,0,0,0.027,-0.013,-1.004,0.3,-0.6,0
47.3214002,0,0,18.8,0,0,0.027,-0.013,-1.004,0.3,-0.6,0
47.3314002,0,0,18.8,0,0,0.028,-0.013,-1.003,0.3,-0.5,0
47.3414002,0,0,18.8,0,0,0.028,-0.013,-1.003,0.3,-0.5,0
47.3514002,0,0,18.8,0,0,0.028,-0.013,-1.003,0.3,-0.5,0
47.3614002,0,0,18.8,0,0,0.028,-0.013,-1.003,0.3,-0.5,0
47.3714002,0,0,18.8,0,0,0.028,-0.013,-1.003,0.3,-0.5,0
47.3970355,0,0,18.8,0,0,0.029,-0.014,-1.002,0.3,-0.5,0
47.4070355,0,0,18.8,0,0,0.029,-0.014,-1.002,0.3,-0.5,0
47.4170355,0,0,18.8,0,0,0.029,-0.014,-1.002,0.3,-0.5,0
47.4270355,0,0,18.8,0,0,0.029,-0.014,-1.002,0.3,-0.5,0
47.4370355,0,0,18.8,0,0,0.029,-0.014,-1.002,0.3,-0.5,0
47.4470355,0,0,18.8,0,0,0.029,-0.015,-1,0.2,-0.5,0
47.4570355,0,0,18.8,0,0,0.029,-0.015,-1,0.2,-0.5,0
47.4670355,0,0,18.8,0,0,0.029,-0.015,-1,0.2,-0.5,0
47.4770355,0,0,18.8,0,0,0.029,-0.015,-1,0.2,-0.5,0
47.4870355,0,0,18.8,0,0,0.029,-0.015,-1,0.2,-0.5,0
47.5500195,0,0.01,18.9,0,0,0.028,-0.012,-1,0.2,-0.5,0
47.5600195,0,0.01,18.9,0,0,0.028,-0.012,-1,0.2,-0.5,0
47.5700195,0,0.01,18.9,0,0,0.028,-0.012,-1,0.2,-0.5,0
47.5800195,0,0.01,18.9,0,0,0.028,-0.012,-1,0.2,-0.5,0
47.5900195,0,0.01,18.9,0,0,0.028,-0.012,-1,0.2,-0.5,0
47.6000195,0,0,18.9,0,0,0.029,-0.015,-1.001,0.4,-0.6,0
47.6100195,0,0,18.9,0,0,0.029,-0.015,-1.001,0.4,-0.6,0
47.6200195,0,0,18.9,0,0,0.029,-0.015,-1.001,0.4,-0.6,0
47.6300195,0,0,18.9,0,0,0.029,-0.015,-1.001,0.4,-0.6,0
47.6400195,0,0,18.9,0,0,0.029,-0.015,-1.001,0.4,-0.6,0
47.6500195,0,0,18.8,0,0,0.028,-0.013,-1.001,0.3,-0.5,0
47.6600195,0,0,18.8,0,0,0.028,-0.013,-1.001,0.3,-0.5,0
47.6700195,0,0,18.8,0,0,0.028,-0.013,-1.001,0.3,-0.5,0
47.6800195,0,0,18.8,0,0,0.028,-0.013,-1.001,0.3,-0.5,0
47.6900195,0,0,18.8,0,0,0.028,-0.013,-1.001,0.3,-0.5,0
47.7000195,0,0,18.9,0,0,0.029,-0.013,-1.002,0.3,-0.5,0
47.7100195,0,0,18.9,0,0,0.029,-0.013,-1.002,0.3,-0.5,0
47.7200195,0,0,18.9,0,0,0.029,-0.013,-1.002,0.3,-0.5,0
47.7300195,0,0,18.9,0,0,0.029,-0.013,-1.002,0.3,-0.5,0
47.7400195,0,0,18.9,0,0,0.029,-0.013,-1.002,0.3,-0.5,0
47.7500195,0,0,18.8,0,0,0.027,-0.013,-1.002,0.3,-0.6,0
47.7600195,0,0,18.8,0,0,0.027,-0.013,-1.002,0.3,-0.6,0
47.7700195,0,0,18.8,0,0,0.027,-0.013,-1.002,0.3,-0.6,0
47.7800195,0,0,18.8,0,0,0.027,-0.013,-1.002,0.3,-0.6,0
47.7900195,0,0,18.8,0,0,0.027,-0.013,-1.002,0.3,-0.6,0
47.8000195,0,0,18.8,0,0,0.029,-0.013,-1.002,0.3,-0.5,0
47.8100195,0,0,18.8,0,0,0.029,-0.013,-1.002,0.3,-0.5,0
47.8200195,0,0,18.8,0,0,0.029,-0.013,-1.002,0.3,-0.5,0
47.8300195,0,0,18.8,0,0,0.029,-0.013,-1.002,0.3,-0.5,0
47.8400195,0,0,18.8,0,0,0.029,-0.013,-1.002,0.3,-0.5,0
47.8500195,0,0,18.9,0,0,0.029,-0.012,-1.001,0.3,-0.5,0
47.8600195,0,0,18.9,0,0,0.029,-0.012,-1.001,0.3,-0.5,0
47.8700195,0,0,18.9,0,0,0.029,-0.012,-1.001,0.3,-0.5,0
47.8800195,0,0,18.9,0,0,0.029,-0.012,-1.001,0.3,-0.5,0
47.8900195,0,0,18.9,0,0,0.029,-0.012,-1.001,0.3,-0.5,0
47.9000195,0,0,18.9,0,0,0.027,-0.013,-1.002,0.3,-0.6,0
47.9100195,0,0,18.9,0,0,0.027,-0.013,-1.002,0.3,-0.6,0
47.9200195,0,0,18.9,0,0,0.027,-0.013,-1.002,0.3,-0.6,0
47.9300195,0,0,18.9,0,0,0.027,-0.013,-1.002,0.3,-0.6,0
47.9400195,0,0,18.9,0,0,0.027,-0.013,-1.002,0.3,-0.6,0
47.9500195,0,0,18.9,0,0,0.028,-0.014,-1.001,0.1,-0.5,0
47.9600195,0,0,18.9,0,0,0.028,-0.014,-1.001,0.1,-0.5,0
47.9700195,0,0,18.9,0,0,0.028,-0.014,-1.001,0.1,-0.5,0
47.9800195,0,0,18.9,0,0,0.028,-0.014,-1.001,0.1,-0.5,0
47.9900195,0,0,18.9,0,0,0.028,-0.014,-1.001,0.1,-0.5,0
48.0091854,0,0.01,18.8,0,0,0.027,-0.015,-1.001,0.3,-0.5,0
48.0191854,0,0.01,18.8,0,0,0.027,-0.015,-1.001,0.3,-0.5,0
48.0291854,0,0.01,18.8,0,0,0.027,-0.015,-1.001,0.3,-0.5,0
48.0391854,0,0.01,18.8,0,0,0.027,-0.015,-1.001,0.3,-0.5,0
48.0491854,0,0.01,18.8,0,0,0.027,-0.015,-1.001,0.3,-0.5,0
48.0706285,0,0,18.8,0,0,0.029,-0.014,-1.002,0.2,-0.6,0
48.0806285,0,0,18.8,0,0,0.029,-0.014,-1.002,0.2,-0.6,0
48.0906285,0,0,18.8,0,0,0.029,-0.014,-1.002,0.2,-0.6,0
48.1006285,0,0,18.8,0,0,0.029,-0.014,-1.002,0.2,-0.6,0
48.1106285,0,0,18.8,0,0,0.029,-0.014,-1.002,0.2,-0.6,0
48.1206285,0,0.01,18.8,0,0,0.029,-0.012,-1.003,0.3,-0.5,0
48.1306285,0,0.01,18.8,0,0,0.029,-0.012,-1.003,0.3,-0.5,0
48.1406285,0,0.01,18.8,0,0,0.029,-0.012,-1.003,0.3,-0.5,0
48.1506285,0,0.01,18.8,0,0,0.029,-0.012,-1.003,0.3,-0.5,0
48.1606285,0,0.01,18.8,0,0,0.029,-0.012,-1.003,0.3,-0.5,0
48.1706285,0,0,18.8,0,0,0.028,-0.014,-1.001,0.3,-0.6,0
48.1806285,0,0,18.8,0,0,0.028,-0.014,-1.001,0.3,-0.6,0
48.1906285,0,0,18.8,0,0,0.028,-0.014,-1.001,0.3,-0.6,0
48.2006285,0,0,18.8,0,0,0.028,-0.014,-1.001,0.3,-0.6,0
48.2106285,0,0,18.8,0,0,0.028,-0.014,-1.001,0.3,-0.6,0
48.2210889,0,0,18.8,0,0,0.028,-0.012,-1.001,0.3,-0.5,0
48.2310889,0,0,18.8,0,0,0.028,-0.012,-1.001,0.3,-0.5,0
48.2410889,0,0,18.8,0,0,0.028,-0.012,-1.001,0.3,-0.5,0
48.2510889,0,0,18.8,0,0,0.028,-0.012,-1.001,0.3,-0.5,0
48.2610889,0,0,18.8,0,0,0.028,-0.012,-1.001,0.3,-0.5,0
48.2710889,0,0,18.9,0,0,0.029,-0.013,-1,0.3,-0.6,0
48.2810889,0,0,18.9,0,0,0.029,-0.013,-1,0.3,-0.6,0
48.2910889,0,0,18.9,0,0,0.029,-0.013,-1,0.3,-0.6,0
48.3010889,0,0,18.9,0,0,0.029,-0.013,-1,0.3,-0.6,0
48.3110889,0,0,18.9,0,0,0.029,-0.013,-1,0.3,-0.6,0
48.3210889,0,0.01,18.8,0,0,0.028,-0.014,-1.002,0.2,-0.5,0
48.3310889,0,0.01,18.8,0,0,0.028,-0.014,-1.002,0.2,-0.5,0
48.3410889,0,0.01,18.8,0,0,0.028,-0.014,-1.002,0.2,-0.5,0
48.3510889,0,0.01,18.8,0,0,0.028,-0.014,-1.002,0.2,-0.5,0
48.3610889,0,0.01,18.8,0,0,0.028,-0.014,-1.002,0.2,-0.5,0
48.4073684,0,0,18.8,0,0,0.031,-0.011,-1.001,0.4,-0.5,0
48.4173684,0,0,18.8,0,0,0.031,-0.011,-1.001,0.4,-0.5,0
48.4273684,0,0,18.8,0,0,0.031,-0.011,-1.001,0.4,-0.5,0
48.4373684,0,0,18.8,0,0,0.031,-0.011,-1.001,0.4,-0.5,0
48.4473684,0,0,18.8,0,0,0.031,-0.011,-1.001,0.4,-0.5,0
48.4573684,0,0.01,18.9,0,0,0.029,-0.009,-1.002,0.4,-0.5,0
48.4673684,0,0.01,18.9,0,0,0.029,-0.009,-1.002,0.4,-0.5,0
48.4773684,0,0.01,18.9,0,0,0.029,-0.009,-1.002,0.4,-0.5,0
48.4873684,0,0.01,18.9,0,0,0.029,-0.009,-1.002,0.4,-0.5,0
48.4973684,0,0.01,18.9,0,0,0.029,-0.009,-1.002,0.4,-0.5,0
48.5295107,0,0,18.9,0,0,0.029,-0.015,-1.002,0.4,-0.6,0.1
48.5395107,0,0,18.9,0,0,0.029,-0.015,-1.002,0.4,-0.6,0.1
48.5495107,0,0,18.9,0,0,0.029,-0.015,-1.002,0.4,-0.6,0.1
48.5595107,0,0,18.9,0,0,0.029,-0.015,-1.002,0.4,-0.6,0.1
48.5695107,0,0,18.9,0,0,0.029,-0.015,-1.002,0.4,-0.6,0.1
48.5795107,0,0.01,18.8,0,0,0.028,-0.011,-1.001,0.4,-0.5,0
48.5895107,0,0.01,18.8,0,0,0.028,-0.011,-1.001,0.4,-0.5,0
48.5995107,0,0.01,18.8,0,0,0.028,-0.011,-1.001,0.4,-0.5,0
48.6095107,0,0.01,18.8,0,0,0.028,-0.011,-1.001,0.4,-0.5,0
48.6195107,0,0.01,18.8,0,0,0.028,-0.011,-1.001,0.4,-0.5,0
48.6295107,0,0,18.8,0,0,0.026,-0.015,-1,0.4,-0.6,0
48.6395107,0,0,18.8,0,0,0.026,-0.015,-1,0.4,-0.6,0
48.6495107,0,0,18.8,0,0,0.026,-0.015,-1,0.4,-0.6,0
48.6595107,0,0,18.8,0,0,0.026,-0.015,-1,0.4,-0.6,0
48.6695107,0,0,18.8,0,0,0.026,-0.015,-1,0.4,-0.6,0
48.6795107,0,0,18.9,0,0,0.031,-0.012,-1.003,0.3,-0.5,0.1
48.6895107,0,0,18.9,0,0,0.031,-0.012,-1.003,0.3,-0.5,0.1
48.6995107,0,0,18.9,0,0,0.031,-0.012,-1.003,0.3,-0.5,0.1
48.7095107,0,0,18.9,0,0,0.031,-0.012,-1.003,0.3,-0.5,0.1
48.7195107,0,0,18.9,0,0,0.031,-0.012,-1.003,0.3,-0.5,0.1
48.7295107,0,0.01,18.8,0,0,0.028,-0.014,-0.998,0.3,-0.5,0
48.7395107,0,0.01,18.8,0,0,0.028,-0.014,-0.998,0.3,-0.5,0
48.7495107,0,0.01,18.8,0,0,0.028,-0.014,-0.998,0.3,-0.5,0
48.7595107,0,0.01,18.8,0,0,0.028,-0.014,-0.998,0.3,-0.5,0
48.7695107,0,0.01,18.8,0,0,0.028,-0.014,-0.998,0.3,-0.5,0
48.7795107,0,0,18.8,0,0,0.028,-0.014,-0.999,0.3,-0.5,0
48.7895107,0,0,18.8,0,0,0.028,-0.014,-0.999,0.3,-0.5,0
48.7995107,0,0,18.8,0,0,0.028,-0.014,-0.999,0.3,-0.5,0
48.8095107,0,0,18.8,0,0,0.028,-0.014,-0.999,0.3,-0.5,0
48.8195107,0,0,18.8,0,0,0.028,-0.014,-0.999,0.3,-0.5,0
48.8301656,0,0.01,18.8,0,0,0.027,-0.012,-1.002,0.3,-0.6,0
48.8401656,0,0.01,18.8,0,0,0.027,-0.012,-1.002,0.3,-0.6,0
48.8501656,0,0.01,18.8,0,0,0.027,-0.012,-1.002,0.3,-0.6,0
48.8601656,0,0.01,18.8,0,0,0.027,-0.012,-1.002,0.3,-0.6,0
48.8701656,0,0.01,18.8,0,0,0.027,-0.012,-1.002,0.3,-0.6,0
48.8801656,0,0.01,18.8,0,0,0.028,-0.014,-1.002,0.2,-0.5,0
48.8901656,0,0.01,18.8,0,0,0.028,-0.014,-1.002,0.2,-0.5,0
48.9001656,0,0.01,18.8,0,0,0.028,-0.014,-1.002,0.2,-0.5,0
48.9101656,0,0.01,18.8,0,0,0.028,-0.014,-1.002,0.2,-0.5,0
48.9201656,0,0.01,18.8,0,0,0.028,-0.014,-1.002,0.2,-0.5,0
48.9301656,0,0,18.9,0,0,0.028,-0.013,-1,0.3,-0.6,0
48.9401656,0,0,18.9,0,0,0.028,-0.013,-1,0.3,-0.6,0
48.9501656,0,0,18.9,0,0,0.028,-0.013,-1,0.3,-0.6,0
48.9601656,0,0,18.9,0,0,0.028,-0.013,-1,0.3,-0.6,0
48.9701656,0,0,18.9,0,0,0.028,-0.013,-1,0.3,-0.6,0
48.9801656,0,0,18.8,0,0,0.029,-0.012,-1.002,0.3,-0.5,0
48.9901656,0,0,18.8,0,0,0.029,-0.012,-1.002,0.3,-0.5,0
49.0001656,0,0,18.8,0,0,0.029,-0.012,-1.002,0.3,-0.5,0
49.0101656,0,0,18.8,0,0,0.029,-0.012,-1.002,0.3,-0.5,0
49.0201656,0,0,18.8,0,0,0.029,-0.012,-1.002,0.3,-0.5,0
49.0301656,0,0.01,18.9,0,0,0.028,-0.015,-1.002,0.3,-0.5,0
49.0401656,0,0.01,18.9,0,0,0.028,-0.015,-1.002,0.3,-0.5,0
49.0501656,0,0.01,18.9,0,0,0.028,-0.015,-1.002,0.3,-0.5,0
49.0601656,0,0.01,18.9,0,0,0.028,-0.015,-1.002,0.3,-0.5,0
49.0701656,0,0.01,18.9,0,0,0.028,-0.015,-1.002,0.3,-0.5,0
49.0801656,0,0,18.9,0,0,0.028,-0.012,-1.002,0.2,-0.6,0
49.0901656,0,0,18.9,0,0,0.028,-0.012,-1.002,0.2,-0.6,0
49.1001656,0,0,18.9,0,0,0.028,-0.012,-1.002,0.2,-0.6,0
49.1101656,0,0,18.9,0,0,0.028,-0.012,-1.002,0.2,-0.6,0
49.1201656,0,0,18.9,0,0,0.028,-0.012,-1.002,0.2,-0.6,0
49.1301656,0,0,18.8,0,0,0.029,-0.014,-1.001,0.2,-0.5,0
49.1401656,0,0,18.8,0,0,0.029,-0.014,-1.001,0.2,-0.5,0
49.1501656,0,0,18.8,0,0,0.029,-0.014,-1.001,0.2,-0.5,0
49.1601656,0,0,18.8,0,0,0.029,-0.014,-1.001,0.2,-0.5,0
49.1701656,0,0,18.8,0,0,0.029,-0.014,-1.001,0.2,-0.5,0
49.1801656,0,0,18.9,0,0,0.027,-0.012,-1,0.3,-0.5,0
49.1901656,0,0,18.9,0,0,0.027,-0.012,-1,0.3,-0.5,0
49.2001656,0,0,18.9,0,0,0.027,-0.012,-1,0.3,-0.5,0
49.2101656,0,0,18.9,0,0,0.027,-0.012,-1,0.3,-0.5,0
49.2201656,0,0,18.9,0,0,0.027,-0.012,-1,0.3,-0.5,0
49.2301656,0,0,18.8,0,0,0.029,-0.014,-1.002,0.3,-0.5,0
49.2401656,0,0,18.8,0,0,0.029,-0.014,-1.002,0.3,-0.5,0
49.2501656,0,0,18.8,0,0,0.029,-0.014,-1.002,0.3,-0.5,0
49.2601656,0,0,18.8,0,0,0.029,-0.014,-1.002,0.3,-0.5,0
49.2701656,0,0,18.8,0,0,0.029,-0.014,-1.002,0.3,-0.5,0
49.2895123,0,0,18.8,0,0,0.028,-0.012,-1.001,0.2,-0.6,0
49.2995123,0,0,18.8,0,0,0.028,-0.012,-1.001,0.2,-0.6,0
49.3095123,0,0,18.8,0,0,0.028,-0.012,-1.001,0.2,-0.6,0
49.3195123,0,0,18.8,0,0,0.028,-0.012,-1.001,0.2,-0.6,0
49.3295123,0,0,18.8,0,0,0.028,-0.012,-1.001,0.2,-0.6,0
49.3395123,0,0,18.8,0,0,0.028,-0.013,-1.002,0.3,-0.6,0
49.3495123,0,0,18.8,0,0,0.028,-0.013,-1.002,0.3,-0.6,0
49.3595123,0,0,18.8,0,0,0.028,-0.013,-1.002,0.3,-0.6,0
49.3695123,0,0,18.8,0,0,0.028,-0.013,-1.002,0.3,-0.6,0
49.3795123,0,0,18.8,0,0,0.028,-0.013,-1.002,0.3,-0.6,0
49.3895123,0,0,18.7,0,0,0.028,-0.014,-1.001,0.2,-0.5,0
49.3995123,0,0,18.7,0,0,0.028,-0.014,-1.001,0.2,-0.5,0
49.4095123,0,0,18.7,0,0,0.028,-0.014,-1.001,0.2,-0.5,0
49.4195123,0,0,18.7,0,0,0.028,-0.014,-1.001,0.2,-0.5,0
49.4295123,0,0,18.7,0,0,0.028,-0.014,-1.001,0.2,-0.5,0
49.4395123,0,0.01,18.8,0,0,0.029,-0.012,-1,0.3,-0.5,0
49.4495123,0,0.01,18.8,0,0,0.029,-0.012,-1,0.3,-0.5,0
49.4595123,0,0.01,18.8,0,0,0.029,-0.012,-1,0.3,-0.5,0
49.4695123,0,0.01,18.8,0,0,0.029,-0.012,-1,0.3,-0.5,0
49.4795123,0,0.01,18.8,0,0,0.029,-0.012,-1,0.3,-0.5,0
49.4895123,0,0,18.9,0,0,0.028,-0.013,-0.999,0.3,-0.5,0
49.4995123,0,0,18.9,0,0,0.028,-0.013,-0.999,0.3,-0.5,0
49.5095123,0,0,18.9,0,0,0.028,-0.013,-0.999,0.3,-0.5,0
49.5195123,0,0,18.9,0,0,0.028,-0.013,-0.999,0.3,-0.5,0
49.5295123,0,0,18.9,0,0,0.028,-0.013,-0.999,0.3,-0.5,0
49.5395123,0,0,18.8,0,0,0.027,-0.012,-1.001,0.3,-0.5,0
49.5495123,0,0,18.8,0,0,0.027,-0.012,-1.001,0.3,-0.5,0
49.5595123,0,0,18.8,0,0,0.027,-0.012,-1.001,0.3,-0.5,0
49.5695123,0,0,18.8,0,0,0.027,-0.012,-1.001,0.3,-0.5,0
49.5795123,0,0,18.8,0,0,0.027,-0.012,-1.001,0.3,-0.5,0
49.5895123,0,0,18.8,0,0,0.029,-0.014,-1,0.3,-0.6,0
49.5995123,0,0,18.8,0,0,0.029,-0.014,-1,0.3,-0.6,0
49.6095123,0,0,18.8,0,0,0.029,-0.014,-1,0.3,-0.6,0
49.6195123,0,0,18.8,0,0,0.029,-0.014,-1,0.3,-0.6,0
49.6295123,0,0,18.8,0,0,0.029,-0.014,-1,0.3,-0.6,0
49.6395123,0,0,18.9,0,0,0.028,-0.012,-1.002,0.3,-0.6,0
49.6495123,0,0,18.9,0,0,0.028,-0.012,-1.002,0.3,-0.6,0
49.6595123,0,0,18.9,0,0,0.028,-0.012,-1.002,0.3,-0.6,0
49.6695123,0,0,18.9,0,0,0.028,-0.012,-1.002,0.3,-0.6,0
49.6795123,0,0,18.9,0,0,0.028,-0.012,-1.002,0.3,-0.6,0
49.6895123,0,0,18.8,0,0,0.028,-0.014,-1.003,0.2,-0.6,0
49.6995123,0,0,18.8,0,0,0.028,-0.014,-1.003,0.2,-0.6,0
49.7095123,0,0,18.8,0,0,0.028,-0.014,-1.003,0.2,-0.6,0
49.7195123,0,0,18.8,0,0,0.028,-0.014,-1.003,0.2,-0.6,0
49.7295123,0,0,18.8,0,0,0.028,-0.014,-1.003,0.2,-0.6,0
49.7395123,0,0,18.8,0,0,0.028,-0.013,-1.004,0.3,-0.5,0
49.7495123,0,0,18.8,0,0,0.028,-0.013,-1.004,0.3,-0.5,0
49.7595123,0,0,18.8,0,0,0.028,-0.013,-1.004,0.3,-0.5,0
49.7695123,0,0,18.8,0,0,0.028,-0.013,-1.004,0.3,-0.5,0
49.7795123,0,0,18.8,0,0,0.028,-0.013,-1.004,0.3,-0.5,0
49.7895123,0,0,18.9,0,0,0.028,-0.012,-1.003,0.3,-0.5,0
49.7995123,0,0,18.9,0,0,0.028,-0.012,-1.003,0.3,-0.5,0
49.8095123,0,0,18.9,0,0,0.028,-0.012,-1.003,0.3,-0.5,0
49.8195123,0,0,18.9,0,0,0.028,-0.012,-1.003,0.3,-0.5,0
49.8295123,0,0,18.9,0,0,0.028,-0.012,-1.003,0.3,-0.5,0
49.8395123,0,0,18.8,0,0,0.028,-0.014,-1.003,0.3,-0.4,0
49.8495123,0,0,18.8,0,0,0.028,-0.014,-1.003,0.3,-0.4,0
49.8595123,0,0,18.8,0,0,0.028,-0.014,-1.003,0.3,-0.4,0
49.8695123,0,0,18.8,0,0,0.028,-0.014,-1.003,0.3,-0.4,0
49.8795123,0,0,18.8,0,0,0.028,-0.014,-1.003,0.3,-0.4,0
49.8895123,0,0,18.8,0,0,0.028,-0.012,-1.001,0.3,-0.6,0
49.8995123,0,0,18.8,0,0,0.028,-0.012,-1.001,0.3,-0.6,0
49.9095123,0,0,18.8,0,0,0.028,-0.012,-1.001,0.3,-0.6,0
49.9195123,0,0,18.8,0,0,0.028,-0.012,-1.001,0.3,-0.6,0
49.9295123,0,0,18.8,0,0,0.028,-0.012,-1.001,0.3,-0.6,0
49.9443605,0,0,18.9,0,0,0.029,-0.013,-1.003,0.2,-0.4,0
49.9543605,0,0,18.9,0,0,0.029,-0.013,-1.003,0.2,-0.4,0
49.9643605,0,0,18.9,0,0,0.029,-0.013,-1.003,0.2,-0.4,0
49.9743605,0,0,18.9,0,0,0.029,-0.013,-1.003,0.2,-0.4,0
49.9843605,0,0,18.9,0,0,0.029,-0.013,-1.003,0.2,-0.4,0
49.9943605,0,0,18.9,0,0,0.028,-0.013,-1.003,0.3,-0.5,0
50.0043605,0,0,18.9,0,0,0.028,-0.013,-1.003,0.3,-0.5,0
50.0143605,0,0,18.9,0,0,0.028,-0.013,-1.003,0.3,-0.5,0
50.0243605,0,0,18.9,0,0,0.028,-0.013,-1.003,0.3,-0.5,0
50.0343605,0,0,18.9,0,0,0.028,-0.013,-1.003,0.3,-0.5,0
50.0443605,0,0,18.9,0,0,0.029,-0.013,-1.003,0.3,-0.6,0
50.0543605,0,0,18.9,0,0,0.029,-0.013,-1.003,0.3,-0.6,0
50.0643605,0,0,18.9,0,0,0.029,-0.013,-1.003,0.3,-0.6,0
50.0743605,0,0,18.9,0,0,0.029,-0.013,-1.003,0.3,-0.6,0
50.0843605,0,0,18.9,0,0,0.029,-0.013,-1.003,0.3,-0.6,0
50.1002423,0,0.01,18.8,0,0,0.028,-0.012,-1.003,0.2,-0.5,0
50.1102423,0,0.01,18.8,0,0,0.028,-0.012,-1.003,0.2,-0.5,0
50.1202423,0,0.01,18.8,0,0,0.028,-0.012,-1.003,0.2,-0.5,0
50.1302423,0,0.01,18.8,0,0,0.028,-0.012,-1.003,0.2,-0.5,0
50.1402423,0,0.01,18.8,0,0,0.028,-0.012,-1.003,0.2,-0.5,0
50.1502423,0,0,18.8,0,0,0.028,-0.013,-1.002,0.3,-0.5,0
50.1602423,0,0,18.8,0,0,0.028,-0.013,-1.002,0.3,-0.5,0
50.1702423,0,0,18.8,0,0,0.028,-0.013,-1.002,0.3,-0.5,0
50.1802423,0,0,18.8,0,0,0.028,-0.013,-1.002,0.3,-0.5,0
50.1902423,0,0,18.8,0,0,0.028,-0.013,-1.002,0.3,-0.5,0
50.2002423,0,0.01,18.8,0,0,0.029,-0.015,-1.001,0.3,-0.6,0
50.2102423,0,0.01,18.8,0,0,0.029,-0.015,-1.001,0.3,-0.6,0
50.2202423,0,0.01,18.8,0,0,0.029,-0.015,-1.001,0.3,-0.6,0
50.2302423,0,0.01,18.8,0,0,0.029,-0.015,-1.001,0.3,-0.6,0
50.2402423,0,0.01,18.8,0,0,0.029,-0.015,-1.001,0.3,-0.6,0
50.2533651,0,0,18.8,0,0,0.027,-0.011,-1.002,0.3,-0.4,0
50.2633651,0,0,18.8,0,0,0.027,-0.011,-1.002,0.3,-0.4,0
50.2733651,0,0,18.8,0,0,0.027,-0.011,-1.002,0.3,-0.4,0
50.2833651,0,0,18.8,0,0,0.027,-0.011,-1.002,0.3,-0.4,0
50.2933651,0,0,18.8,0,0,0.027,-0.011,-1.002,0.3,-0.4,0
50.3033651,0,0,18.9,0,0,0.029,-0.014,-1.001,0.2,-0.6,0
50.3133651,0,0,18.9,0,0,0.029,-0.014,-1.001,0.2,-0.6,0
50.3233651,0,0,18.9,0,0,0.029,-0.014,-1.001,0.2,-0.6,0
50.3333651,0,0,18.9,0,0,0.029,-0.014,-1.001,0.2,-0.6,0
50.3433651,0,0,18.9,0,0,0.029,-0.014,-1.001,0.2,-0.6,0
50.3533651,0,0,18.9,0,0,0.029,-0.014,-1.001,0.3,-0.5,0
50.3633651,0,0,18.9,0,0,0.029,-0.014,-1.001,0.3,-0.5,0
50.3733651,0,0,18.9,0,0,0.029,-0.014,-1.001,0.3,-0.5,0
50.3833651,0,0,18.9,0,0,0.029,-0.014,-1.001,0.3,-0.5,0
50.3933651,0,0,18.9,0,0,0.029,-0.014,-1.001,0.3,-0.5,0
50.4086775,0,0.01,18.9,0,0,0.028,-0.014,-1.003,0.2,-0.5,0
50.4186775,0,0.01,18.9,0,0,0.028,-0.014,-1.003,0.2,-0.5,0
50.4286775,0,0.01,18.9,0,0,0.028,-0.014,-1.003,0.2,-0.5,0
50.4386775,0,0.01,18.9,0,0,0.028,-0.014,-1.003,0.2,-0.5,0
50.4486775,0,0.01,18.9,0,0,0.028,-0.014,-1.003,0.2,-0.5,0
50.4835408,0,0,18.8,0,0,0.028,-0.013,-1.002,0.2,-0.6,0
50.4935408,0,0,18.8,0,0,0.028,-0.013,-1.002,0.2,-0.6,0
50.5035408,0,0,18.8,0,0,0.028,-0.013,-1.002,0.2,-0.6,0
50.5135408,0,0,18.8,0,0,0.028,-0.013,-1.002,0.2,-0.6,0
50.5235408,0,0,18.8,0,0,0.028,-0.013,-1.002,0.2,-0.6,0
50.5593536,0,0,18.8,0,0,0.027,-0.013,-1.001,0.3,-0.6,0
50.5693536,0,0,18.8,0,0,0.027,-0.013,-1.001,0.3,-0.6,0
50.5793536,0,0,18.8,0,0,0.027,-0.013,-1.001,0.3,-0.6,0
50.5893536,0,0,18.8,0,0,0.027,-0.013,-1.001,0.3,-0.6,0
50.5993536,0,0,18.8,0,0,0.027,-0.013,-1.001,0.3,-0.6,0
50.6093536,0,0,18.9,0,0,0.029,-0.013,-1.001,0.3,-0.5,0
50.6193536,0,0,18.9,0,0,0.029,-0.013,-1.001,0.3,-0.5,0
50.6293536,0,0,18.9,0,0,0.029,-0.013,-1.001,0.3,-0.5,0
50.6393536,0,0,18.9,0,0,0.029,-0.013,-1.001,0.3,-0.5,0
50.6493536,0,0,18.9,0,0,0.029,-0.013,-1.001,0.3,-0.5,0
50.6593536,0,0,18.8,0,0,0.029,-0.015,-1.003,0.3,-0.5,0
50.6693536,0,0,18.8,0,0,0.029,-0.015,-1.003,0.3,-0.5,0
50.6793536,0,0,18.8,0,0,0.029,-0.015,-1.003,0.3,-0.5,0
50.6893536,0,0,18.8,0,0,0.029,-0.015,-1.003,0.3,-0.5,0
50.6993536,0,0,18.8,0,0,0.029,-0.015,-1.003,0.3,-0.5,0
50.7093536,0,0.01,18.9,0,0,0.027,-0.013,-1.004,0.3,-0.6,0
50.7193536,0,0.01,18.9,0,0,0.027,-0.013,-1.004,0.3,-0.6,0
50.7293536,0,0.01,18.9,0,0,0.027,-0.013,-1.004,0.3,-0.6,0
50.7393536,0,0.01,18.9,0,0,0.027,-0.013,-1.004,0.3,-0.6,0
50.7493536,0,0.01,18.9,0,0,0.027,-0.013,-1.004,0.3,-0.6,0
50.7593536,0,0,18.8,0,0,0.029,-0.015,-1.002,0.3,-0.5,0
50.7693536,0,0,18.8,0,0,0.029,-0.015,-1.002,0.3,-0.5,0
50.7793536,0,0,18.8,0,0,0.029,-0.015,-1.002,0.3,-0.5,0
50.7893536,0,0,18.8,0,0,0.029,-0.015,-1.002,0.3,-0.5,0
50.7993536,0,0,18.8,0,0,0.029,-0.015,-1.002,0.3,-0.5,0
50.8093536,0,0.01,18.8,0,0,0.028,-0.013,-1.001,0.3,-0.6,0
50.8193536,0,0.01,18.8,0,0,0.028,-0.013,-1.001,0.3,-0.6,0
50.8293536,0,0.01,18.8,0,0,0.028,-0.013,-1.001,0.3,-0.6,0
50.8393536,0,0.01,18.8,0,0,0.028,-0.013,-1.001,0.3,-0.6,0
50.8493536,0,0.01,18.8,0,0,0.028,-0.013,-1.001,0.3,-0.6,0
50.8593536,0,0,18.8,0,0,0.028,-0.012,-1,0.3,-0.4,0
50.8693536,0,0,18.8,0,0,0.028,-0.012,-1,0.3,-0.4,0
50.8793536,0,0,18.8,0,0,0.028,-0.012,-1,0.3,-0.4,0
50.8893536,0,0,18.8,0,0,0.028,-0.012,-1,0.3,-0.4,0
50.8993536,0,0,18.8,0,0,0.028,-0.012,-1,0.3,-0.4,0
50.9093536,0,0,18.9,0,0,0.029,-0.014,-1,0.2,-0.6,0
50.9193536,0,0,18.9,0,0,0.029,-0.014,-1,0.2,-0.6,0
50.9293536,0,0,18.9,0,0,0.029,-0.014,-1,0.2,-0.6,0
50.9393536,0,0,18.9,0,0,0.029,-0.014,-1,0.2,-0.6,0
50.9493536,0,0,18.9,0,0,0.029,-0.014,-1,0.2,-0.6,0
50.9593536,0,0,18.8,0,0,0.028,-0.012,-1.004,0.1,-0.5,0
50.9693536,0,0,18.8,0,0,0.028,-0.012,-1.004,0.1,-0.5,0
50.9793536,0,0,18.8,0,0,0.028,-0.012,-1.004,0.1,-0.5,0
50.9893536,0,0,18.8,0,0,0.028,-0.012,-1.004,0.1,-0.5,0
50.9993536,0,0,18.8,0,0,0.028,-0.012,-1.004,0.1,-0.5,0
51.0093536,0,0.01,18.9,0,0,0.028,-0.015,-1.004,0.3,-0.5,0
51.0193536,0,0.01,18.9,0,0,0.028,-0.015,-1.004,0.3,-0.5,0
51.0293536,0,0.01,18.9,0,0,0.028,-0.015,-1.004,0.3,-0.5,0
51.0393536,0,0.01,18.9,0,0,0.028,-0.015,-1.004,0.3,-0.5,0
51.0493536,0,0.01,18.9,0,0,0.028,-0.015,-1.004,0.3,-0.5,0
51.0593536,0,0,18.8,0,0,0.029,-0.012,-1.002,0.3,-0.6,0
51.0693536,0,0,18.8,0,0,0.029,-0.012,-1.002,0.3,-0.6,0
51.0793536,0,0,18.8,0,0,0.029,-0.012,-1.002,0.3,-0.6,0
51.0893536,0,0,18.8,0,0,0.029,-0.012,-1.002,0.3,-0.6,0
51.0993536,0,0,18.8,0,0,0.029,-0.012,-1.002,0.3,-0.6,0
51.1093536,0,0,18.9,0,0,0.028,-0.014,-1.003,0.3,-0.5,0
51.1193536,0,0,18.9,0,0,0.028,-0.014,-1.003,0.3,-0.5,0
51.1293536,0,0,18.9,0,0,0.028,-0.014,-1.003,0.3,-0.5,0
51.1393536,0,0,18.9,0,0,0.028,-0.014,-1.003,0.3,-0.5,0
51.1493536,0,0,18.9,0,0,0.028,-0.014,-1.003,0.3,-0.5,0
51.1593536,0,0.01,18.9,0,0,0.029,-0.014,-1.003,0.4,-0.6,0
51.1693536,0,0.01,18.9,0,0,0.029,-0.014,-1.003,0.4,-0.6,0
51.1793536,0,0.01,18.9,0,0,0.029,-0.014,-1.003,0.4,-0.6,0
51.1893536,0,0.01,18.9,0,0,0.029,-0.014,-1.003,0.4,-0.6,0
51.1993536,0,0.01,18.9,0,0,0.029,-0.014,-1.003,0.4,-0.6,0
51.2093536,0,0,18.9,0,0,0.028,-0.013,-1.004,0.3,-0.6,0
51.2193536,0,0,18.9,0,0,0.028,-0.013,-1.004,0.3,-0.6,0
51.2293536,0,0,18.9,0,0,0.028,-0.013,-1.004,0.3,-0.6,0
51.2393536,0,0,18.9,0,0,0.028,-0.013,-1.004,0.3,-0.6,0
51.2493536,0,0,18.9,0,0,0.028,-0.013,-1.004,0.3,-0.6,0
51.2593536,0,0,18.8,0,0,0.028,-0.012,-1.002,0.3,-0.5,0
51.2693536,0,0,18.8,0,0,0.028,-0.012,-1.002,0.3,-0.5,0
51.2793536,0,0,18.8,0,0,0.028,-0.012,-1.002,0.3,-0.5,0
51.2893536,0,0,18.8,0,0,0.028,-0.012,-1.002,0.3,-0.5,0
51.2993536,0,0,18.8,0,0,0.028,-0.012,-1.002,0.3,-0.5,0
51.3110297,0,0,18.8,0,0,0.029,-0.014,-1,0.3,-0.4,0
51.3210297,0,0,18.8,0,0,0.029,-0.014,-1,0.3,-0.4,0
51.3310297,0,0,18.8,0,0,0.029,-0.014,-1,0.3,-0.4,0
51.3410297,0,0,18.8,0,0,0.029,-0.014,-1,0.3,-0.4,0
51.3510297,0,0,18.8,0,0,0.029,-0.014,-1,0.3,-0.4,0
51.3610297,0,0.01,18.9,0,0,0.028,-0.014,-1.004,0.3,-0.5,0
51.3710297,0,0.01,18.9,0,0,0.028,-0.014,-1.004,0.3,-0.5,0
51.3810297,0,0.01,18.9,0,0,0.028,-0.014,-1.004,0.3,-0.5,0
51.3910297,0,0.01,18.9,0,0,0.028,-0.014,-1.004,0.3,-0.5,0
51.4010297,0,0.01,18.9,0,0,0.028,-0.014,-1.004,0.3,-0.5,0
51.4110297,0,0,18.9,0,0,0.028,-0.013,-1,0.2,-0.6,0
51.4210297,0,0,18.9,0,0,0.028,-0.013,-1,0.2,-0.6,0
51.4310297,0,0,18.9,0,0,0.028,-0.013,-1,0.2,-0.6,0
51.4410297,0,0,18.9,0,0,0.028,-0.013,-1,0.2,-0.6,0
51.4510297,0,0,18.9,0,0,0.028,-0.013,-1,0.2,-0.6,0
51.4610297,0,0,18.8,0,0,0.028,-0.013,-1,0.2,-0.5,0
51.4710297,0,0,18.8,0,0,0.028,-0.013,-1,0.2,-0.5,0
51.4810297,0,0,18.8,0,0,0.028,-0.013,-1,0.2,-0.5,0
51.4910297,0,0,18.8,0,0,0.028,-0.013,-1,0.2,-0.5,0
51.5010297,0,0,18.8,0,0,0.028,-0.013,-1,0.2,-0.5,0
51.5110297,0,0,18.8,0,0,0.028,-0.013,-1.006,0.3,-0.6,0
51.5210297,0,0,18.8,0,0,0.028,-0.013,-1.006,0.3,-0.6,0
51.5310297,0,0,18.8,0,0,0.028,-0.013,-1.006,0.3,-0.6,0
51.5410297,0,0,18.8,0,0,0.028,-0.013,-1.006,0.3,-0.6,0
51.5510297,0,0,18.8,0,0,0.028,-0.013,-1.006,0.3,-0.6,0
51.5610297,0,0,18.9,0,0,0.028,-0.012,-1,0.3,-0.6,0
51.5710297,0,0,18.9,0,0,0.028,-0.012,-1,0.3,-0.6,0
51.5810297,0,0,18.9,0,0,0.028,-0.012,-1,0.3,-0.6,0
51.5910297,0,0,18.9,0,0,0.028,-0.012,-1,0.3,-0.6,0
51.6010297,0,0,18.9,0,0,0.028,-0.012,-1,0.3,-0.6,0
51.6110297,0,0,18.8,0,0,0.028,-0.016,-1.008,0.3,-0.5,0.1
51.6210297,0,0,18.8,0,0,0.028,-0.016,-1.008,0.3,-0.5,0.1
51.6310297,0,0,18.8,0,0,0.028,-0.016,-1.008,0.3,-0.5,0.1
51.6410297,0,0,18.8,0,0,0.028,-0.016,-1.008,0.3,-0.5,0.1
51.6510297,0,0,18.8,0,0,0.028,-0.016,-1.008,0.3,-0.5,0.1
51.6610297,0,0,18.8,0,0,0.026,-0.01,-1.001,0.4,-0.5,0
51.6710297,0,0,18.8,0,0,0.026,-0.01,-1.001,0.4,-0.5,0
51.6810297,0,0,18.8,0,0,0.026,-0.01,-1.001,0.4,-0.5,0
51.6910297,0,0,18.8,0,0,0.026,-0.01,-1.001,0.4,-0.5,0
51.7010297,0,0,18.8,0,0,0.026,-0.01,-1.001,0.4,-0.5,0
51.7110297,0,0,18.8,0,0,0.029,-0.016,-1.003,0.3,-0.6,0
51.7210297,0,0,18.8,0,0,0.029,-0.016,-1.003,0.3,-0.6,0
51.7310297,0,0,18.8,0,0,0.029,-0.016,-1.003,0.3,-0.6,0
51.7410297,0,0,18.8,0,0,0.029,-0.016,-1.003,0.3,-0.6,0
51.7510297,0,0,18.8,0,0,0.029,-0.016,-1.003,0.3,-0.6,0
51.7610297,0,0.01,18.8,0,0,0.028,-0.011,-1.001,0.4,-0.6,0
51.7710297,0,0.01,18.8,0,0,0.028,-0.011,-1.001,0.4,-0.6,0
51.7810297,0,0.01,18.8,0,0,0.028,-0.011,-1.001,0.4,-0.6,0
51.7910297,0,0.01,18.8,0,0,0.028,-0.011,-1.001,0.4,-0.6,0
51.8010297,0,0.01,18.8,0,0,0.028,-0.011,-1.001,0.4,-0.6,0
51.8110297,0,0,18.8,0,0,0.028,-0.014,-1,0.4,-0.5,0
51.8210297,0,0,18.8,0,0,0.028,-0.014,-1,0.4,-0.5,0
51.8310297,0,0,18.8,0,0,0.028,-0.014,-1,0.4,-0.5,0
51.8410297,0,0,18.8,0,0,0.028,-0.014,-1,0.4,-0.5,0
51.8510297,0,0,18.8,0,0,0.028,-0.014,-1,0.4,-0.5,0
51.8610297,0,0,18.8,0,0,0.029,-0.013,-0.998,0.3,-0.5,0
51.8710297,0,0,18.8,0,0,0.029,-0.013,-0.998,0.3,-0.5,0
51.8810297,0,0,18.8,0,0,0.029,-0.013,-0.998,0.3,-0.5,0
51.8910297,0,0,18.8,0,0,0.029,-0.013,-0.998,0.3,-0.5,0
51.9010297,0,0,18.8,0,0,0.029,-0.013,-0.998,0.3,-0.5,0
54.8619289,0,0.01,18.7,0,0,0.029,-0.014,-1.001,0.3,-0.6,0
54.8719289,0,0.01,18.7,0,0,0.029,-0.014,-1.001,0.3,-0.6,0
54.8819289,0,0.01,18.7,0,0,0.029,-0.014,-1.001,0.3,-0.6,0
54.8919289,0,0.01,18.7,0,0,0.029,-0.014,-1.001,0.3,-0.6,0
54.9019289,0,0.01,18.7,0,0,0.029,-0.014,-1.001,0.3,-0.6,0
54.9119289,0,0.01,18.7,0,0,0.027,-0.013,-1,0.2,-0.6,0
54.9219289,0,0.01,18.7,0,0,0.027,-0.013,-1,0.2,-0.6,0
54.9319289,0,0.01,18.7,0,0,0.027,-0.013,-1,0.2,-0.6,0
54.9419289,0,0.01,18.7,0,0,0.027,-0.013,-1,0.2,-0.6,0
54.9519289,0,0.01,18.7,0,0,0.027,-0.013,-1,0.2,-0.6,0
54.9619289,0,0.01,18.7,0,0,0.028,-0.014,-1,0.1,-0.5,0
54.9719289,0,0.01,18.7,0,0,0.028,-0.014,-1,0.1,-0.5,0
54.9819289,0,0.01,18.7,0,0,0.028,-0.014,-1,0.1,-0.5,0
54.9919289,0,0.01,18.7,0,0,0.028,-0.014,-1,0.1,-0.5,0
55.0019289,0,0.01,18.7,0,0,0.028,-0.014,-1,0.1,-0.5,0
55.0119289,0,0,18.7,0,0,0.028,-0.012,-0.998,0.3,-0.6,0
55.0219289,0,0,18.7,0,0,0.028,-0.012,-0.998,0.3,-0.6,0
55.0319289,0,0,18.7,0,0,0.028,-0.012,-0.998,0.3,-0.6,0
55.0419289,0,0,18.7,0,0,0.028,-0.012,-0.998,0.3,-0.6,0
55.0519289,0,0,18.7,0,0,0.028,-0.012,-0.998,0.3,-0.6,0
55.0619289,0,0.01,18.6,0,0,0.027,-0.014,-1.004,0.3,-0.4,0
55.0719289,0,0.01,18.6,0,0,0.027,-0.014,-1.004,0.3,-0.4,0
55.0819289,0,0.01,18.6,0,0,0.027,-0.014,-1.004,0.3,-0.4,0
55.0919289,0,0.01,18.6,0,0,0.027,-0.014,-1.004,0.3,-0.4,0
55.1019289,0,0.01,18.6,0,0,0.027,-0.014,-1.004,0.3,-0.4,0
55.1119289,0,0.01,18.7,0,0,0.028,-0.014,-1.004,0.3,-0.6,0
55.1219289,0,0.01,18.7,0,0,0.028,-0.014,-1.004,0.3,-0.6,0
55.1319289,0,0.01,18.7,0,0,0.028,-0.014,-1.004,0.3,-0.6,0
55.1419289,0,0.01,18.7,0,0,0.028,-0.014,-1.004,0.3,-0.6,0
55.1519289,0,0.01,18.7,0,0,0.028,-0.014,-1.004,0.3,-0.6,0
55.1619289,0,0,18.6,0,0,0.028,-0.012,-0.999,0.3,-0.5,0.1
55.1719289,0,0,18.6,0,0,0.028,-0.012,-0.999,0.3,-0.5,0.1
55.1819289,0,0,18.6,0,0,0.028,-0.012,-0.999,0.3,-0.5,0.1
55.1919289,0,0,18.6,0,0,0.028,-0.012,-0.999,0.3,-0.5,0.1
55.2019289,0,0,18.6,0,0,0.028,-0.012,-0.999,0.3,-0.5,0.1
55.2119289,0,0.01,18.7,0,0,0.029,-0.014,-1.004,0.3,-0.6,0
55.2219289,0,0.01,18.7,0,0,0.029,-0.014,-1.004,0.3,-0.6,0
55.2319289,0,0.01,18.7,0,0,0.029,-0.014,-1.004,0.3,-0.6,0
55.2419289,0,0.01,18.7,0,0,0.029,-0.014,-1.004,0.3,-0.6,0
55.2519289,0,0.01,18.7,0,0,0.029,-0.014,-1.004,0.3,-0.6,0
55.2619289,0,0.01,18.7,0,0,0.026,-0.013,-1.001,0.3,-0.5,0
55.2719289,0,0.01,18.7,0,0,0.026,-0.013,-1.001,0.3,-0.5,0
55.2819289,0,0.01,18.7,0,0,0.026,-0.013,-1.001,0.3,-0.5,0
55.2919289,0,0.01,18.7,0,0,0.026,-0.013,-1.001,0.3,-0.5,0
55.3019289,0,0.01,18.7,0,0,0.026,-0.013,-1.001,0.3,-0.5,0
55.3119289,0,0.01,18.7,0,0,0.028,-0.013,-1.004,0.4,-0.6,0
55.3219289,0,0.01,18.7,0,0,0.028,-0.013,-1.004,0.4,-0.6,0
55.3319289,0,0.01,18.7,0,0,0.028,-0.013,-1.004,0.4,-0.6,0
55.3419289,0,0.01,18.7,0,0,0.028,-0.013,-1.004,0.4,-0.6,0
55.3519289,0,0.01,18.7,0,0,0.028,-0.013,-1.004,0.4,-0.6,0
55.3619289,0,0.01,18.6,0,0,0.028,-0.013,-1.002,0.3,-0.5,0
55.3719289,0,0.01,18.6,0,0,0.028,-0.013,-1.002,0.3,-0.5,0
55.3819289,0,0.01,18.6,0,0,0.028,-0.013,-1.002,0.3,-0.5,0
55.3919289,0,0.01,18.6,0,0,0.028,-0.013,-1.002,0.3,-0.5,0
55.4019289,0,0.01,18.6,0,0,0.028,-0.013,-1.002,0.3,-0.5,0
55.4119289,0,0.01,18.7,0,0,0.028,-0.012,-1.005,0.2,-0.6,0
55.4219289,0,0.01,18.7,0,0,0.028,-0.012,-1.005,0.2,-0.6,0
55.4319289,0,0.01,18.7,0,0,0.028,-0.012,-1.005,0.2,-0.6,0
55.4419289,0,0.01,18.7,0,0,0.028,-0.012,-1.005,0.2,-0.6,0
55.4519289,0,0.01,18.7,0,0,0.028,-0.012,-1.005,0.2,-0.6,0
55.4619289,0,0,18.6,0,0,0.028,-0.013,-1.001,0.2,-0.5,0
55.4719289,0,0,18.6,0,0,0.028,-0.013,-1.001,0.2,-0.5,0
55.4819289,0,0,18.6,0,0,0.028,-0.013,-1.001,0.2,-0.5,0
55.4919289,0,0,18.6,0,0,0.028,-0.013,-1.001,0.2,-0.5,0
55.5019289,0,0,18.6,0,0,0.028,-0.013,-1.001,0.2,-0.5,0
55.526276,0,0.01,18.6,0,0,0.028,-0.015,-1.003,0.3,-0.5,0
55.536276,0,0.01,18.6,0,0,0.028,-0.015,-1.003,0.3,-0.5,0
55.546276,0,0.01,18.6,0,0,0.028,-0.015,-1.003,0.3,-0.5,0
55.556276,0,0.01,18.6,0,0,0.028,-0.015,-1.003,0.3,-0.5,0
55.566276,0,0.01,18.6,0,0,0.028,-0.015,-1.003,0.3,-0.5,0
55.583703,0,0.01,18.7,0,0,0.027,-0.014,-1.003,0.3,-0.5,0
55.593703,0,0.01,18.7,0,0,0.027,-0.014,-1.003,0.3,-0.5,0
55.603703,0,0.01,18.7,0,0,0.027,-0.014,-1.003,0.3,-0.5,0
55.613703,0,0.01,18.7,0,0,0.027,-0.014,-1.003,0.3,-0.5,0
55.623703,0,0.01,18.7,0,0,0.027,-0.014,-1.003,0.3,-0.5,0
55.7388922,0,0.01,18.7,0,0,0.028,-0.012,-1.002,0.3,-0.5,0
55.7488922,0,0.01,18.7,0,0,0.028,-0.012,-1.002,0.3,-0.5,0
55.7588922,0,0.01,18.7,0,0,0.028,-0.012,-1.002,0.3,-0.5,0
55.7688922,0,0.01,18.7,0,0,0.028,-0.012,-1.002,0.3,-0.5,0
55.7788922,0,0.01,18.7,0,0,0.028,-0.012,-1.002,0.3,-0.5,0
55.7888922,0,0.01,18.7,0,0,0.028,-0.014,-1.002,0.3,-0.5,0.1
55.7988922,0,0.01,18.7,0,0,0.028,-0.014,-1.002,0.3,-0.5,0.1
55.8088922,0,0.01,18.7,0,0,0.028,-0.014,-1.002,0.3,-0.5,0.1
55.8188922,0,0.01,18.7,0,0,0.028,-0.014,-1.002,0.3,-0.5,0.1
55.8288922,0,0.01,18.7,0,0,0.028,-0.014,-1.002,0.3,-0.5,0.1
55.8388922,0,0,18.7,0,0,0.028,-0.012,-1.002,0.2,-0.4,0
55.8488922,0,0,18.7,0,0,0.028,-0.012,-1.002,0.2,-0.4,0
55.8588922,0,0,18.7,0,0,0.028,-0.012,-1.002,0.2,-0.4,0
55.8688922,0,0,18.7,0,0,0.028,-0.012,-1.002,0.2,-0.4,0
55.8788922,0,0,18.7,0,0,0.028,-0.012,-1.002,0.2,-0.4,0
55.8888922,0,0.01,18.7,0,0,0.029,-0.014,-1.001,0.3,-0.6,0
55.8988922,0,0.01,18.7,0,0,0.029,-0.014,-1.001,0.3,-0.6,0
55.9088922,0,0.01,18.7,0,0,0.029,-0.014,-1.001,0.3,-0.6,0
55.9188922,0,0.01,18.7,0,0,0.029,-0.014,-1.001,0.3,-0.6,0
55.9288922,0,0.01,18.7,0,0,0.029,-0.014,-1.001,0.3,-0.6,0
55.9388922,0,0.01,18.7,0,0,0.028,-0.013,-1,0.3,-0.6,0
55.9488922,0,0.01,18.7,0,0,0.028,-0.013,-1,0.3,-0.6,0
55.9588922,0,0.01,18.7,0,0,0.028,-0.013,-1,0.3,-0.6,0
55.9688922,0,0.01,18.7,0,0,0.028,-0.013,-1,0.3,-0.6,0
55.9788922,0,0.01,18.7,0,0,0.028,-0.013,-1,0.3,-0.6,0
55.9888922,0,0.01,18.6,0,0,0.029,-0.013,-0.999,0.1,-0.6,0
55.9988922,0,0.01,18.6,0,0,0.029,-0.013,-0.999,0.1,-0.6,0
56.0088922,0,0.01,18.6,0,0,0.029,-0.013,-0.999,0.1,-0.6,0
56.0188922,0,0.01,18.6,0,0,0.029,-0.013,-0.999,0.1,-0.6,0
56.0288922,0,0.01,18.6,0,0,0.029,-0.013,-0.999,0.1,-0.6,0
56.0388922,0,0.01,18.7,0,0,0.029,-0.013,-1.001,0.3,-0.4,0
56.0488922,0,0.01,18.7,0,0,0.029,-0.013,-1.001,0.3,-0.4,0
56.0588922,0,0.01,18.7,0,0,0.029,-0.013,-1.001,0.3,-0.4,0
56.0688922,0,0.01,18.7,0,0,0.029,-0.013,-1.001,0.3,-0.4,0
56.0788922,0,0.01,18.7,0,0,0.029,-0.013,-1.001,0.3,-0.4,0
56.1140783,0,0.01,18.7,0,0,0.028,-0.013,-1.002,0.4,-0.5,0
56.1240783,0,0.01,18.7,0,0,0.028,-0.013,-1.002,0.4,-0.5,0
56.1340783,0,0.01,18.7,0,0,0.028,-0.013,-1.002,0.4,-0.5,0
56.1440783,0,0.01,18.7,0,0,0.028,-0.013,-1.002,0.4,-0.5,0
56.1540783,0,0.01,18.7,0,0,0.028,-0.013,-1.002,0.4,-0.5,0
56.1640783,0,0,18.7,0,0,0.028,-0.013,-1.002,0.3,-0.6,0
56.1740783,0,0,18.7,0,0,0.028,-0.013,-1.002,0.3,-0.6,0
56.1840783,0,0,18.7,0,0,0.028,-0.013,-1.002,0.3,-0.6,0
56.1940783,0,0,18.7,0,0,0.028,-0.013,-1.002,0.3,-0.6,0
56.2040783,0,0,18.7,0,0,0.028,-0.013,-1.002,0.3,-0.6,0
56.2140783,0,0.01,18.6,0,0,0.028,-0.012,-0.999,0.3,-0.6,0
56.2240783,0,0.01,18.6,0,0,0.028,-0.012,-0.999,0.3,-0.6,0
56.2340783,0,0.01,18.6,0,0,0.028,-0.012,-0.999,0.3,-0.6,0
56.2440783,0,0.01,18.6,0,0,0.028,-0.012,-0.999,0.3,-0.6,0
56.2540783,0,0.01,18.6,0,0,0.028,-0.012,-0.999,0.3,-0.6,0
56.2640783,0,0,18.6,0,0,0.029,-0.014,-1.004,0.2,-0.6,0
56.2740783,0,0,18.6,0,0,0.029,-0.014,-1.004,0.2,-0.6,0
56.2840783,0,0,18.6,0,0,0.029,-0.014,-1.004,0.2,-0.6,0
56.2940783,0,0,18.6,0,0,0.029,-0.014,-1.004,0.2,-0.6,0
56.3040783,0,0,18.6,0,0,0.029,-0.014,-1.004,0.2,-0.6,0
56.3140783,0,0.01,18.7,0,0,0.027,-0.013,-1.003,0.1,-0.5,0
56.3240783,0,0.01,18.7,0,0,0.027,-0.013,-1.003,0.1,-0.5,0
56.3340783,0,0.01,18.7,0,0,0.027,-0.013,-1.003,0.1,-0.5,0
56.3440783,0,0.01,18.7,0,0,0.027,-0.013,-1.003,0.1,-0.5,0
56.3540783,0,0.01,18.7,0,0,0.027,-0.013,-1.003,0.1,-0.5,0
56.3640783,0,0.01,18.7,0,0,0.029,-0.014,-1.003,0.3,-0.6,0
56.3740783,0,0.01,18.7,0,0,0.029,-0.014,-1.003,0.3,-0.6,0
56.3840783,0,0.01,18.7,0,0,0.029,-0.014,-1.003,0.3,-0.6,0
56.3940783,0,0.01,18.7,0,0,0.029,-0.014,-1.003,0.3,-0.6,0
56.4040783,0,0.01,18.7,0,0,0.029,-0.014,-1.003,0.3,-0.6,0
56.4140783,0,0.01,18.7,0,0,0.028,-0.013,-0.999,0.3,-0.5,0.1
56.4240783,0,0.01,18.7,0,0,0.028,-0.013,-0.999,0.3,-0.5,0.1
56.4340783,0,0.01,18.7,0,0,0.028,-0.013,-0.999,0.3,-0.5,0.1
56.4440783,0,0.01,18.7,0,0,0.028,-0.013,-0.999,0.3,-0.5,0.1
56.4540783,0,0.01,18.7,0,0,0.028,-0.013,-0.999,0.3,-0.5,0.1
56.4716725,0,0.01,18.7,0,0,0.028,-0.012,-1,0.4,-0.6,0
56.4816725,0,0.01,18.7,0,0,0.028,-0.012,-1,0.4,-0.6,0
56.4916725,0,0.01,18.7,0,0,0.028,-0.012,-1,0.4,-0.6,0
56.5016725,0,0.01,18.7,0,0,0.028,-0.012,-1,0.4,-0.6,0
56.5116725,0,0.01,18.7,0,0,0.028,-0.012,-1,0.4,-0.6,0
56.5216725,0,0,18.7,0,0,0.027,-0.013,-1.003,0.3,-0.5,0
56.5316725,0,0,18.7,0,0,0.027,-0.013,-1.003,0.3,-0.5,0
56.5416725,0,0,18.7,0,0,0.027,-0.013,-1.003,0.3,-0.5,0
56.5516725,0,0,18.7,0,0,0.027,-0.013,-1.003,0.3,-0.5,0
56.5616725,0,0,18.7,0,0,0.027,-0.013,-1.003,0.3,-0.5,0
56.5800142,0,0.01,18.7,0,0,0.028,-0.013,-0.998,0.2,-0.5,0
56.5900142,0,0.01,18.7,0,0,0.028,-0.013,-0.998,0.2,-0.5,0
56.6000142,0,0.01,18.7,0,0,0.028,-0.013,-0.998,0.2,-0.5,0
56.6100142,0,0.01,18.7,0,0,0.028,-0.013,-0.998,0.2,-0.5,0
56.6200142,0,0.01,18.7,0,0,0.028,-0.013,-0.998,0.2,-0.5,0
56.6503257,0,0.01,18.7,0,0,0.028,-0.012,-1,0.2,-0.6,0
56.6603257,0,0.01,18.7,0,0,0.028,-0.012,-1,0.2,-0.6,0
56.6703257,0,0.01,18.7,0,0,0.028,-0.012,-1,0.2,-0.6,0
56.6803257,0,0.01,18.7,0,0,0.028,-0.012,-1,0.2,-0.6,0
56.6903257,0,0.01,18.7,0,0,0.028,-0.012,-1,0.2,-0.6,0
56.7003257,0,0.01,18.7,0,0,0.028,-0.015,-1.003,0.3,-0.5,0
56.7103257,0,0.01,18.7,0,0,0.028,-0.015,-1.003,0.3,-0.5,0
56.7203257,0,0.01,18.7,0,0,0.028,-0.015,-1.003,0.3,-0.5,0
56.7303257,0,0.01,18.7,0,0,0.028,-0.015,-1.003,0.3,-0.5,0
56.7403257,0,0.01,18.7,0,0,0.028,-0.015,-1.003,0.3,-0.5,0
56.7772264,0,0.01,18.7,0,0,0.028,-0.013,-1,0.3,-0.5,0
56.7872264,0,0.01,18.7,0,0,0.028,-0.013,-1,0.3,-0.5,0
56.7972264,0,0.01,18.7,0,0,0.028,-0.013,-1,0.3,-0.5,0
56.8072264,0,0.01,18.7,0,0,0.028,-0.013,-1,0.3,-0.5,0
56.8172264,0,0.01,18.7,0,0,0.028,-0.013,-1,0.3,-0.5,0
56.8272264,0,0.01,18.7,0,0,0.028,-0.012,-1.001,0.3,-0.6,0
56.8372264,0,0.01,18.7,0,0,0.028,-0.012,-1.001,0.3,-0.6,0
56.8472264,0,0.01,18.7,0,0,0.028,-0.012,-1.001,0.3,-0.6,0
56.8572264,0,0.01,18.7,0,0,0.028,-0.012,-1.001,0.3,-0.6,0
56.8672264,0,0.01,18.7,0,0,0.028,-0.012,-1.001,0.3,-0.6,0
56.8796693,0,0,18.7,0,0,0.028,-0.013,-1.004,0.3,-0.6,0
56.8896693,0,0,18.7,0,0,0.028,-0.013,-1.004,0.3,-0.6,0
56.8996693,0,0,18.7,0,0,0.028,-0.013,-1.004,0.3,-0.6,0
56.9096693,0,0,18.7,0,0,0.028,-0.013,-1.004,0.3,-0.6,0
56.9196693,0,0,18.7,0,0,0.028,-0.013,-1.004,0.3,-0.6,0
56.9298324,0,0.01,18.7,0,0,0.028,-0.012,-1,0.3,-0.5,0
56.9398324,0,0.01,18.7,0,0,0.028,-0.012,-1,0.3,-0.5,0
56.9498324,0,0.01,18.7,0,0,0.028,-0.012,-1,0.3,-0.5,0
56.9598324,0,0.01,18.7,0,0,0.028,-0.012,-1,0.3,-0.5,0
56.9698324,0,0.01,18.7,0,0,0.028,-0.012,-1,0.3,-0.5,0
56.9798324,0,0,18.6,0,0,0.028,-0.013,-1.003,0.2,-0.5,0
56.9898324,0,0,18.6,0,0,0.028,-0.013,-1.003,0.2,-0.5,0
56.9998324,0,0,18.6,0,0,0.028,-0.013,-1.003,0.2,-0.5,0
57.0098324,0,0,18.6,0,0,0.028,-0.013,-1.003,0.2,-0.5,0
57.0198324,0,0,18.6,0,0,0.028,-0.013,-1.003,0.2,-0.5,0
57.0298324,0,0,18.7,0,0,0.029,-0.014,-1.002,0.2,-0.5,0
57.0398324,0,0,18.7,0,0,0.029,-0.014,-1.002,0.2,-0.5,0
57.0498324,0,0,18.7,0,0,0.029,-0.014,-1.002,0.2,-0.5,0
57.0598324,0,0,18.7,0,0,0.029,-0.014,-1.002,0.2,-0.5,0
57.0698324,0,0,18.7,0,0,0.029,-0.014,-1.002,0.2,-0.5,0
57.0847755,0,0.01,18.6,0,0,0.027,-0.012,-1.004,0.3,-0.6,0
57.0947755,0,0.01,18.6,0,0,0.027,-0.012,-1.004,0.3,-0.6,0
57.1047755,0,0.01,18.6,0,0,0.027,-0.012,-1.004,0.3,-0.6,0
57.1147755,0,0.01,18.6,0,0,0.027,-0.012,-1.004,0.3,-0.6,0
57.1247755,0,0.01,18.6,0,0,0.027,-0.012,-1.004,0.3,-0.6,0
57.1347755,0,0.01,18.7,0,0,0.027,-0.013,-1.004,0.3,-0.4,0
57.1447755,0,0.01,18.7,0,0,0.027,-0.013,-1.004,0.3,-0.4,0
57.1547755,0,0.01,18.7,0,0,0.027,-0.013,-1.004,0.3,-0.4,0
57.1647755,0,0.01,18.7,0,0,0.027,-0.013,-1.004,0.3,-0.4,0
57.1747755,0,0.01,18.7,0,0,0.027,-0.013,-1.004,0.3,-0.4,0
57.1910652,0,0,18.6,0,0,0.029,-0.014,-1.001,0.3,-0.6,0
57.2010652,0,0,18.6,0,0,0.029,-0.014,-1.001,0.3,-0.6,0
57.2110652,0,0,18.6,0,0,0.029,-0.014,-1.001,0.3,-0.6,0
57.2210652,0,0,18.6,0,0,0.029,-0.014,-1.001,0.3,-0.6,0
57.2310652,0,0,18.6,0,0,0.029,-0.014,-1.001,0.3,-0.6,0
57.2410652,0,0.01,18.7,0,0,0.027,-0.013,-1.004,0.3,-0.6,0
57.2510652,0,0.01,18.7,0,0,0.027,-0.013,-1.004,0.3,-0.6,0
57.2610652,0,0.01,18.7,0,0,0.027,-0.013,-1.004,0.3,-0.6,0
57.2710652,0,0.01,18.7,0,0,0.027,-0.013,-1.004,0.3,-0.6,0
57.2810652,0,0.01,18.7,0,0,0.027,-0.013,-1.004,0.3,-0.6,0
57.2925945,0,0.01,18.7,0,0,0.029,-0.013,-0.998,0.3,-0.6,0
57.3025945,0,0.01,18.7,0,0,0.029,-0.013,-0.998,0.3,-0.6,0
57.3125945,0,0.01,18.7,0,0,0.029,-0.013,-0.998,0.3,-0.6,0
57.3225945,0,0.01,18.7,0,0,0.029,-0.013,-0.998,0.3,-0.6,0
57.3325945,0,0.01,18.7,0,0,0.029,-0.013,-0.998,0.3,-0.6,0
57.3425945,0,0.01,18.7,0,0,0.028,-0.012,-1.005,0.3,-0.5,0
57.3525945,0,0.01,18.7,0,0,0.028,-0.012,-1.005,0.3,-0.5,0
57.3625945,0,0.01,18.7,0,0,0.028,-0.012,-1.005,0.3,-0.5,0
57.3725945,0,0.01,18.7,0,0,0.028,-0.012,-1.005,0.3,-0.5,0
57.3825945,0,0.01,18.7,0,0,0.028,-0.012,-1.005,0.3,-0.5,0
57.3925945,0,0.01,18.6,0,0,0.028,-0.016,-1,0.2,-0.6,0
57.4025945,0,0.01,18.6,0,0,0.028,-0.016,-1,0.2,-0.6,0
57.4125945,0,0.01,18.6,0,0,0.028,-0.016,-1,0.2,-0.6,0
57.4225945,0,0.01,18.6,0,0,0.028,-0.016,-1,0.2,-0.6,0
57.4325945,0,0.01,18.6,0,0,0.028,-0.016,-1,0.2,-0.6,0
57.4425945,0,0.01,18.6,0,0,0.027,-0.013,-1.005,0.2,-0.6,0
57.4525945,0,0.01,18.6,0,0,0.027,-0.013,-1.005,0.2,-0.6,0
57.4625945,0,0.01,18.6,0,0,0.027,-0.013,-1.005,0.2,-0.6,0
57.4725945,0,0.01,18.6,0,0,0.027,-0.013,-1.005,0.2,-0.6,0
57.4825945,0,0.01,18.6,0,0,0.027,-0.013,-1.005,0.2,-0.6,0
57.4925945,0,0.01,18.7,0,0,0.029,-0.013,-1.003,0.2,-0.6,0.1
57.5025945,0,0.01,18.7,0,0,0.029,-0.013,-1.003,0.2,-0.6,0.1
57.5125945,0,0.01,18.7,0,0,0.029,-0.013,-1.003,0.2,-0.6,0.1
57.5225945,0,0.01,18.7,0,0,0.029,-0.013,-1.003,0.2,-0.6,0.1
57.5325945,0,0.01,18.7,0,0,0.029,-0.013,-1.003,0.2,-0.6,0.1
57.5425945,0,0.01,18.7,0,0,0.027,-0.012,-1,0.2,-0.6,0
57.5525945,0,0.01,18.7,0,0,0.027,-0.012,-1,0.2,-0.6,0
57.5625945,0,0.01,18.7,0,0,0.027,-0.012,-1,0.2,-0.6,0
57.5725945,0,0.01,18.7,0,0,0.027,-0.012,-1,0.2,-0.6,0
57.5825945,0,0.01,18.7,0,0,0.027,-0.012,-1,0.2,-0.6,0
57.5925945,0,0.01,18.7,0,0,0.028,-0.013,-1.005,0.2,-0.5,0
57.6025945,0,0.01,18.7,0,0,0.028,-0.013,-1.005,0.2,-0.5,0
57.6125945,0,0.01,18.7,0,0,0.028,-0.013,-1.005,0.2,-0.5,0
57.6225945,0,0.01,18.7,0,0,0.028,-0.013,-1.005,0.2,-0.5,0
57.6325945,0,0.01,18.7,0,0,0.028,-0.013,-1.005,0.2,-0.5,0
57.6425945,0,0.01,18.7,0,0,0.029,-0.013,-0.997,0.3,-0.6,0
57.6525945,0,0.01,18.7,0,0,0.029,-0.013,-0.997,0.3,-0.6,0
57.6625945,0,0.01,18.7,0,0,0.029,-0.013,-0.997,0.3,-0.6,0
57.6725945,0,0.01,18.7,0,0,0.029,-0.013,-0.997,0.3,-0.6,0
57.6825945,0,0.01,18.7,0,0,0.029,-0.013,-0.997,0.3,-0.6,0
57.6925945,0,0.01,18.7,0,0,0.028,-0.013,-1.007,0.3,-0.6,0
57.7025945,0,0.01,18.7,0,0,0.028,-0.013,-1.007,0.3,-0.6,0
57.7125945,0,0.01,18.7,0,0,0.028,-0.013,-1.007,0.3,-0.6,0
57.7225945,0,0.01,18.7,0,0,0.028,-0.013,-1.007,0.3,-0.6,0
57.7325945,0,0.01,18.7,0,0,0.028,-0.013,-1.007,0.3,-0.6,0
57.7551791,0,0,18.7,0,0,0.028,-0.013,-1.003,0.1,-0.5,0
57.7651791,0,0,18.7,0,0,0.028,-0.013,-1.003,0.1,-0.5,0
57.7751791,0,0,18.7,0,0,0.028,-0.013,-1.003,0.1,-0.5,0
57.7851791,0,0,18.7,0,0,0.028,-0.013,-1.003,0.1,-0.5,0
57.7951791,0,0,18.7,0,0,0.028,-0.013,-1.003,0.1,-0.5,0
57.8307658,0,0.01,18.7,0,0,0.027,-0.014,-1,0.3,-0.6,0
57.8407658,0,0.01,18.7,0,0,0.027,-0.014,-1,0.3,-0.6,0
57.8507658,0,0.01,18.7,0,0,0.027,-0.014,-1,0.3,-0.6,0
57.8607658,0,0.01,18.7,0,0,0.027,-0.014,-1,0.3,-0.6,0
57.8707658,0,0.01,18.7,0,0,0.027,-0.014,-1,0.3,-0.6,0
57.8807658,0,0.01,18.7,0,0,0.029,-0.013,-1,0.3,-0.5,0
57.8907658,0,0.01,18.7,0,0,0.029,-0.013,-1,0.3,-0.5,0
57.9007658,0,0.01,18.7,0,0,0.029,-0.013,-1,0.3,-0.5,0
57.9107658,0,0.01,18.7,0,0,0.029,-0.013,-1,0.3,-0.5,0
57.9207658,0,0.01,18.7,0,0,0.029,-0.013,-1,0.3,-0.5,0
57.9307658,0,0.01,18.7,0,0,0.029,-0.014,-1,0.3,-0.6,0
57.9407658,0,0.01,18.7,0,0,0.029,-0.014,-1,0.3,-0.6,0
57.9507658,0,0.01,18.7,0,0,0.029,-0.014,-1,0.3,-0.6,0
57.9607658,0,0.01,18.7,0,0,0.029,-0.014,-1,0.3,-0.6,0
57.9707658,0,0.01,18.7,0,0,0.029,-0.014,-1,0.3,-0.6,0
57.9807658,0,0.01,18.6,0,0,0.027,-0.012,-1.001,0.2,-0.5,0
57.9907658,0,0.01,18.6,0,0,0.027,-0.012,-1.001,0.2,-0.5,0
58.0007658,0,0.01,18.6,0,0,0.027,-0.012,-1.001,0.2,-0.5,0
58.0107658,0,0.01,18.6,0,0,0.027,-0.012,-1.001,0.2,-0.5,0
58.0207658,0,0.01,18.6,0,0,0.027,-0.012,-1.001,0.2,-0.5,0
58.0599218,0,0,18.7,0,0,0.029,-0.013,-1,0.3,-0.6,0
58.0699218,0,0,18.7,0,0,0.029,-0.013,-1,0.3,-0.6,0
58.0799218,0,0,18.7,0,0,0.029,-0.013,-1,0.3,-0.6,0
58.0899218,0,0,18.7,0,0,0.029,-0.013,-1,0.3,-0.6,0
58.0999218,0,0,18.7,0,0,0.029,-0.013,-1,0.3,-0.6,0
58.1351143,0,0.01,18.7,0,0,0.029,-0.014,-1.002,0.1,-0.6,0
58.1451143,0,0.01,18.7,0,0,0.029,-0.014,-1.002,0.1,-0.6,0
58.1551143,0,0.01,18.7,0,0,0.029,-0.014,-1.002,0.1,-0.6,0
58.1651143,0,0.01,18.7,0,0,0.029,-0.014,-1.002,0.1,-0.6,0
58.1751143,0,0.01,18.7,0,0,0.029,-0.014,-1.002,0.1,-0.6,0
58.1851143,0,0.01,18.7,0,0,0.028,-0.014,-1.005,0.3,-0.5,0
58.1951143,0,0.01,18.7,0,0,0.028,-0.014,-1.005,0.3,-0.5,0
58.2051143,0,0.01,18.7,0,0,0.028,-0.014,-1.005,0.3,-0.5,0
58.2151143,0,0.01,18.7,0,0,0.028,-0.014,-1.005,0.3,-0.5,0
58.2251143,0,0.01,18.7,0,0,0.028,-0.014,-1.005,0.3,-0.5,0
58.2351143,0,0.01,18.7,0,0,0.029,-0.013,-1,0.3,-0.6,0
58.2451143,0,0.01,18.7,0,0,0.029,-0.013,-1,0.3,-0.6,0
58.2551143,0,0.01,18.7,0,0,0.029,-0.013,-1,0.3,-0.6,0
58.2651143,0,0.01,18.7,0,0,0.029,-0.013,-1,0.3,-0.6,0
58.2751143,0,0.01,18.7,0,0,0.029,-0.013,-1,0.3,-0.6,0
58.2851143,0,0.01,18.7,0,0,0.027,-0.013,-1.002,0.3,-0.5,0
58.2951143,0,0.01,18.7,0,0,0.027,-0.013,-1.002,0.3,-0.5,0
58.3051143,0,0.01,18.7,0,0,0.027,-0.013,-1.002,0.3,-0.5,0
58.3151143,0,0.01,18.7,0,0,0.027,-0.013,-1.002,0.3,-0.5,0
58.3251143,0,0.01,18.7,0,0,0.027,-0.013,-1.002,0.3,-0.5,0
58.3351143,0,0.01,18.7,0,0,0.027,-0.012,-1.004,0.2,-0.6,0
58.3451143,0,0.01,18.7,0,0,0.027,-0.012,-1.004,0.2,-0.6,0
58.3551143,0,0.01,18.7,0,0,0.027,-0.012,-1.004,0.2,-0.6,0
58.3651143,0,0.01,18.7,0,0,0.027,-0.012,-1.004,0.2,-0.6,0
58.3751143,0,0.01,18.7,0,0,0.027,-0.012,-1.004,0.2,-0.6,0
58.3851143,0,0.01,18.7,0,0,0.028,-0.014,-1.001,0.3,-0.5,0
58.3951143,0,0.01,18.7,0,0,0.028,-0.014,-1.001,0.3,-0.5,0
58.4051143,0,0.01,18.7,0,0,0.028,-0.014,-1.001,0.3,-0.5,0
58.4151143,0,0.01,18.7,0,0,0.028,-0.014,-1.001,0.3,-0.5,0
58.4251143,0,0.01,18.7,0,0,0.028,-0.014,-1.001,0.3,-0.5,0
58.4351143,0,0.01,18.7,0,0,0.028,-0.012,-1.005,0.4,-0.6,0
58.4451143,0,0.01,18.7,0,0,0.028,-0.012,-1.005,0.4,-0.6,0
58.4551143,0,0.01,18.7,0,0,0.028,-0.012,-1.005,0.4,-0.6,0
58.4651143,0,0.01,18.7,0,0,0.028,-0.012,-1.005,0.4,-0.6,0
58.4751143,0,0.01,18.7,0,0,0.028,-0.012,-1.005,0.4,-0.6,0
58.4851143,0,0,18.7,0,0,0.028,-0.013,-1,0.3,-0.4,0
58.4951143,0,0,18.7,0,0,0.028,-0.013,-1,0.3,-0.4,0
58.5051143,0,0,18.7,0,0,0.028,-0.013,-1,0.3,-0.4,0
58.5151143,0,0,18.7,0,0,0.028,-0.013,-1,0.3,-0.4,0
58.5251143,0,0,18.7,0,0,0.028,-0.013,-1,0.3,-0.4,0
58.5351143,0,0.01,18.7,0,0,0.028,-0.013,-1.005,0.3,-0.6,0
58.5451143,0,0.01,18.7,0,0,0.028,-0.013,-1.005,0.3,-0.6,0
58.5551143,0,0.01,18.7,0,0,0.028,-0.013,-1.005,0.3,-0.6,0
58.5651143,0,0.01,18.7,0,0,0.028,-0.013,-1.005,0.3,-0.6,0
58.5751143,0,0.01,18.7,0,0,0.028,-0.013,-1.005,0.3,-0.6,0
58.5851143,0,0,18.7,0,0,0.029,-0.013,-0.998,0.3,-0.6,0
58.5951143,0,0,18.7,0,0,0.029,-0.013,-0.998,0.3,-0.6,0
58.6051143,0,0,18.7,0,0,0.029,-0.013,-0.998,0.3,-0.6,0
58.6151143,0,0,18.7,0,0,0.029,-0.013,-0.998,0.3,-0.6,0
58.6251143,0,0,18.7,0,0,0.029,-0.013,-0.998,0.3,-0.6,0
58.6953976,0,0.01,18.7,0,0,0.029,-0.014,-1,0.2,-0.6,0
58.7053976,0,0.01,18.7,0,0,0.029,-0.014,-1,0.2,-0.6,0
58.7153976,0,0.01,18.7,0,0,0.029,-0.014,-1,0.2,-0.6,0
58.7253976,0,0.01,18.7,0,0,0.029,-0.014,-1,0.2,-0.6,0
58.7353976,0,0.01,18.7,0,0,0.029,-0.014,-1,0.2,-0.6,0
58.7453976,0,0,18.7,0,0,0.029,-0.013,-1.002,0.4,-0.6,0
58.7553976,0,0,18.7,0,0,0.029,-0.013,-1.002,0.4,-0.6,0
58.7653976,0,0,18.7,0,0,0.029,-0.013,-1.002,0.4,-0.6,0
58.7753976,0,0,18.7,0,0,0.029,-0.013,-1.002,0.4,-0.6,0
58.7853976,0,0,18.7,0,0,0.029,-0.013,-1.002,0.4,-0.6,0
58.7953976,0,0.01,18.7,0,0,0.03,-0.014,-1.001,0.3,-0.6,0
58.8053976,0,0.01,18.7,0,0,0.03,-0.014,-1.001,0.3,-0.6,0
58.8153976,0,0.01,18.7,0,0,0.03,-0.014,-1.001,0.3,-0.6,0
58.8253976,0,0.01,18.7,0,0,0.03,-0.014,-1.001,0.3,-0.6,0
58.8353976,0,0.01,18.7,0,0,0.03,-0.014,-1.001,0.3,-0.6,0
68.7690152,0,0,18.7,0,0,0.028,-0.012,-1,0.2,-0.6,0
68.7790152,0,0,18.7,0,0,0.028,-0.012,-1,0.2,-0.6,0
68.7890152,0,0,18.7,0,0,0.028,-0.012,-1,0.2,-0.6,0
68.7990152,0,0,18.7,0,0,0.028,-0.012,-1,0.2,-0.6,0
68.8090152,0,0,18.7,0,0,0.028,-0.012,-1,0.2,-0.6,0
68.8190152,0,0.01,18.7,0,0,0.029,-0.013,-1,0.3,-0.5,0
68.8290152,0,0.01,18.7,0,0,0.029,-0.013,-1,0.3,-0.5,0
68.8390152,0,0.01,18.7,0,0,0.029,-0.013,-1,0.3,-0.5,0
68.8490152,0,0.01,18.7,0,0,0.029,-0.013,-1,0.3,-0.5,0
68.8590152,0,0.01,18.7,0,0,0.029,-0.013,-1,0.3,-0.5,0
68.8690152,0,0.01,18.7,0,0,0.029,-0.014,-1.002,0.3,-0.5,0
68.8790152,0,0.01,18.7,0,0,0.029,-0.014,-1.002,0.3,-0.5,0
68.8890152,0,0.01,18.7,0,0,0.029,-0.014,-1.002,0.3,-0.5,0
68.8990152,0,0.01,18.7,0,0,0.029,-0.014,-1.002,0.3,-0.5,0
68.9090152,0,0.01,18.7,0,0,0.029,-0.014,-1.002,0.3,-0.5,0
68.9190152,0,0,18.7,0,0,0.029,-0.014,-1.004,0.3,-0.6,0
68.9290152,0,0,18.7,0,0,0.029,-0.014,-1.004,0.3,-0.6,0
68.9390152,0,0,18.7,0,0,0.029,-0.014,-1.004,0.3,-0.6,0
68.9490152,0,0,18.7,0,0,0.029,-0.014,-1.004,0.3,-0.6,0
68.9590152,0,0,18.7,0,0,0.029,-0.014,-1.004,0.3,-0.6,0
68.9690152,0,0.01,18.7,0,0,0.029,-0.014,-1,0.4,-0.4,0.1
68.9790152,0,0.01,18.7,0,0,0.029,-0.014,-1,0.4,-0.4,0.1
68.9890152,0,0.01,18.7,0,0,0.029,-0.014,-1,0.4,-0.4,0.1
68.9990152,0,0.01,18.7,0,0,0.029,-0.014,-1,0.4,-0.4,0.1
69.0090152000001,0,0.01,18.7,0,0,0.029,-0.014,-1,0.4,-0.4,0.1
69.0190152000001,0,0,18.7,0,0,0.029,-0.013,-1.003,0.4,-0.6,0
69.0290152000001,0,0,18.7,0,0,0.029,-0.013,-1.003,0.4,-0.6,0
69.0390152000001,0,0,18.7,0,0,0.029,-0.013,-1.003,0.4,-0.6,0
69.0490152000001,0,0,18.7,0,0,0.029,-0.013,-1.003,0.4,-0.6,0
69.0590152000001,0,0,18.7,0,0,0.029,-0.013,-1.003,0.4,-0.6,0
69.0690152000001,0,0.01,18.6,0,0,0.028,-0.013,-0.997,0.3,-0.4,0
69.0790152000001,0,0.01,18.6,0,0,0.028,-0.013,-0.997,0.3,-0.4,0
69.0890152000001,0,0.01,18.6,0,0,0.028,-0.013,-0.997,0.3,-0.4,0
69.0990152000001,0,0.01,18.6,0,0,0.028,-0.013,-0.997,0.3,-0.4,0
69.1090152000001,0,0.01,18.6,0,0,0.028,-0.013,-0.997,0.3,-0.4,0
69.1190152000001,0,0.01,18.7,0,0,0.027,-0.013,-1.006,0.2,-0.5,0
69.1290152000001,0,0.01,18.7,0,0,0.027,-0.013,-1.006,0.2,-0.5,0
69.1390152000001,0,0.01,18.7,0,0,0.027,-0.013,-1.006,0.2,-0.5,0
69.1490152000001,0,0.01,18.7,0,0,0.027,-0.013,-1.006,0.2,-0.5,0
69.1590152000001,0,0.01,18.7,0,0,0.027,-0.013,-1.006,0.2,-0.5,0
69.1690152000001,0,0.01,18.7,0,0,0.029,-0.013,-1.002,0.3,-0.5,0
69.1790152000001,0,0.01,18.7,0,0,0.029,-0.013,-1.002,0.3,-0.5,0
69.1890152000001,0,0.01,18.7,0,0,0.029,-0.013,-1.002,0.3,-0.5,0
69.1990152000001,0,0.01,18.7,0,0,0.029,-0.013,-1.002,0.3,-0.5,0
69.2090152000001,0,0.01,18.7,0,0,0.029,-0.013,-1.002,0.3,-0.5,0
69.2190152000001,0,0.01,18.7,0,0,0.027,-0.014,-1.005,0.2,-0.5,0
69.2290152000001,0,0.01,18.7,0,0,0.027,-0.014,-1.005,0.2,-0.5,0
69.2390152000001,0,0.01,18.7,0,0,0.027,-0.014,-1.005,0.2,-0.5,0
69.2490152000001,0,0.01,18.7,0,0,0.027,-0.014,-1.005,0.2,-0.5,0
69.2590152000001,0,0.01,18.7,0,0,0.027,-0.014,-1.005,0.2,-0.5,0
69.2690152000001,0,0.01,18.7,0,0,0.027,-0.014,-1.004,0.2,-0.5,0
69.2790152000001,0,0.01,18.7,0,0,0.027,-0.014,-1.004,0.2,-0.5,0
69.2890152000001,0,0.01,18.7,0,0,0.027,-0.014,-1.004,0.2,-0.5,0
69.2990152000001,0,0.01,18.7,0,0,0.027,-0.014,-1.004,0.2,-0.5,0
69.3090152000001,0,0.01,18.7,0,0,0.027,-0.014,-1.004,0.2,-0.5,0
69.3190152000001,0,0.01,18.7,0,0,0.028,-0.014,-1.004,0.3,-0.6,0
69.3290152000001,0,0.01,18.7,0,0,0.028,-0.014,-1.004,0.3,-0.6,0
69.3390152000001,0,0.01,18.7,0,0,0.028,-0.014,-1.004,0.3,-0.6,0
69.3490152000001,0,0.01,18.7,0,0,0.028,-0.014,-1.004,0.3,-0.6,0
69.3590152000001,0,0.01,18.7,0,0,0.028,-0.014,-1.004,0.3,-0.6,0
69.3690152000001,0,0.01,18.7,0,0,0.028,-0.015,-1.007,0.3,-0.5,0
69.3790152000001,0,0.01,18.7,0,0,0.028,-0.015,-1.007,0.3,-0.5,0
69.3890152000001,0,0.01,18.7,0,0,0.028,-0.015,-1.007,0.3,-0.5,0
69.3990152000001,0,0.01,18.7,0,0,0.028,-0.015,-1.007,0.3,-0.5,0
69.4090152000001,0,0.01,18.7,0,0,0.028,-0.015,-1.007,0.3,-0.5,0
69.4190152000001,0,0.01,18.8,0,0,0.027,-0.012,-1,0.4,-0.6,0
69.4290152000002,0,0.01,18.8,0,0,0.027,-0.012,-1,0.4,-0.6,0
69.4390152000001,0,0.01,18.8,0,0,0.027,-0.012,-1,0.4,-0.6,0
69.4490152000001,0,0.01,18.8,0,0,0.027,-0.012,-1,0.4,-0.6,0
69.4590152000002,0,0.01,18.8,0,0,0.027,-0.012,-1,0.4,-0.6,0
69.4690152000002,0,0.01,18.7,0,0,0.03,-0.015,-1.006,0.3,-0.5,0
69.4790152000002,0,0.01,18.7,0,0,0.03,-0.015,-1.006,0.3,-0.5,0
69.4890152000002,0,0.01,18.7,0,0,0.03,-0.015,-1.006,0.3,-0.5,0
69.4990152000002,0,0.01,18.7,0,0,0.03,-0.015,-1.006,0.3,-0.5,0
69.5090152000002,0,0.01,18.7,0,0,0.03,-0.015,-1.006,0.3,-0.5,0
69.5190152000002,0,0.01,18.7,0,0,0.027,-0.013,-1.007,0.3,-0.6,0
69.5290152000002,0,0.01,18.7,0,0,0.027,-0.013,-1.007,0.3,-0.6,0
69.5390152000002,0,0.01,18.7,0,0,0.027,-0.013,-1.007,0.3,-0.6,0
69.5490152000002,0,0.01,18.7,0,0,0.027,-0.013,-1.007,0.3,-0.6,0
69.5590152000002,0,0.01,18.7,0,0,0.027,-0.013,-1.007,0.3,-0.6,0
69.5690152000002,0,0.01,18.7,0,0,0.029,-0.015,-1,0.3,-0.5,0
69.5790152000002,0,0.01,18.7,0,0,0.029,-0.015,-1,0.3,-0.5,0
69.5890152000002,0,0.01,18.7,0,0,0.029,-0.015,-1,0.3,-0.5,0
69.5990152000002,0,0.01,18.7,0,0,0.029,-0.015,-1,0.3,-0.5,0
69.6090152000002,0,0.01,18.7,0,0,0.029,-0.015,-1,0.3,-0.5,0
69.6190152000002,0,0.01,18.7,0,0,0.029,-0.012,-1.004,0.3,-0.6,0.1
69.6290152000002,0,0.01,18.7,0,0,0.029,-0.012,-1.004,0.3,-0.6,0.1
69.6390152000002,0,0.01,18.7,0,0,0.029,-0.012,-1.004,0.3,-0.6,0.1
69.6490152000002,0,0.01,18.7,0,0,0.029,-0.012,-1.004,0.3,-0.6,0.1
69.6590152000002,0,0.01,18.7,0,0,0.029,-0.012,-1.004,0.3,-0.6,0.1
69.6690152000002,0,0.01,18.7,0,0,0.028,-0.013,-0.999,0.2,-0.5,0
69.6790152000002,0,0.01,18.7,0,0,0.028,-0.013,-0.999,0.2,-0.5,0
69.6890152000002,0,0.01,18.7,0,0,0.028,-0.013,-0.999,0.2,-0.5,0
69.6990152000002,0,0.01,18.7,0,0,0.028,-0.013,-0.999,0.2,-0.5,0
69.7090152000002,0,0.01,18.7,0,0,0.028,-0.013,-0.999,0.2,-0.5,0
69.7190152000002,0,0.01,18.8,0,0,0.028,-0.013,-1,0.3,-0.6,0
69.7290152000002,0,0.01,18.8,0,0,0.028,-0.013,-1,0.3,-0.6,0
69.7390152000002,0,0.01,18.8,0,0,0.028,-0.013,-1,0.3,-0.6,0
69.7490152000002,0,0.01,18.8,0,0,0.028,-0.013,-1,0.3,-0.6,0
69.7590152000002,0,0.01,18.8,0,0,0.028,-0.013,-1,0.3,-0.6,0
69.7690152000002,0,0.01,18.7,0,0,0.028,-0.014,-1,0.2,-0.4,0
69.7790152000002,0,0.01,18.7,0,0,0.028,-0.014,-1,0.2,-0.4,0
69.7890152000002,0,0.01,18.7,0,0,0.028,-0.014,-1,0.2,-0.4,0
69.7990152000002,0,0.01,18.7,0,0,0.028,-0.014,-1,0.2,-0.4,0
69.8090152000002,0,0.01,18.7,0,0,0.028,-0.014,-1,0.2,-0.4,0
69.8190152000002,0,0,18.7,0,0,0.029,-0.013,-0.999,0.4,-0.6,0
69.8290152000002,0,0,18.7,0,0,0.029,-0.013,-0.999,0.4,-0.6,0
69.8390152000002,0,0,18.7,0,0,0.029,-0.013,-0.999,0.4,-0.6,0
69.8490152000002,0,0,18.7,0,0,0.029,-0.013,-0.999,0.4,-0.6,0
69.8590152000002,0,0,18.7,0,0,0.029,-0.013,-0.999,0.4,-0.6,0
69.8690152000002,0,0.01,18.7,0,0,0.027,-0.013,-1.001,0.3,-0.5,0
69.8790152000003,0,0.01,18.7,0,0,0.027,-0.013,-1.001,0.3,-0.5,0
69.8890152000002,0,0.01,18.7,0,0,0.027,-0.013,-1.001,0.3,-0.5,0
69.8990152000002,0,0.01,18.7,0,0,0.027,-0.013,-1.001,0.3,-0.5,0
69.9090152000003,0,0.01,18.7,0,0,0.027,-0.013,-1.001,0.3,-0.5,0
69.9190152000003,0,0,18.7,0,0,0.029,-0.013,-1.002,0.4,-0.6,0
69.9290152000003,0,0,18.7,0,0,0.029,-0.013,-1.002,0.4,-0.6,0
69.9390152000003,0,0,18.7,0,0,0.029,-0.013,-1.002,0.4,-0.6,0
69.9490152000003,0,0,18.7,0,0,0.029,-0.013,-1.002,0.4,-0.6,0
69.9590152000003,0,0,18.7,0,0,0.029,-0.013,-1.002,0.4,-0.6,0
69.9690152000003,0,0.01,18.8,0,0,0.028,-0.012,-1,0.2,-0.5,0
69.9790152000003,0,0.01,18.8,0,0,0.028,-0.012,-1,0.2,-0.5,0
69.9890152000003,0,0.01,18.8,0,0,0.028,-0.012,-1,0.2,-0.5,0
69.9990152000003,0,0.01,18.8,0,0,0.028,-0.012,-1,0.2,-0.5,0
70.0090152000003,0,0.01,18.8,0,0,0.028,-0.012,-1,0.2,-0.5,0
70.0190152000003,0,0.01,18.7,0,0,0.028,-0.013,-0.998,0.1,-0.6,0
70.0290152000003,0,0.01,18.7,0,0,0.028,-0.013,-0.998,0.1,-0.6,0
70.0390152000003,0,0.01,18.7,0,0,0.028,-0.013,-0.998,0.1,-0.6,0
70.0490152000003,0,0.01,18.7,0,0,0.028,-0.013,-0.998,0.1,-0.6,0
70.0590152000003,0,0.01,18.7,0,0,0.028,-0.013,-0.998,0.1,-0.6,0
70.0690152000003,0,0.01,18.7,0,0,0.028,-0.014,-1.003,0.1,-0.6,0
70.0790152000003,0,0.01,18.7,0,0,0.028,-0.014,-1.003,0.1,-0.6,0
70.0890152000003,0,0.01,18.7,0,0,0.028,-0.014,-1.003,0.1,-0.6,0
70.0990152000003,0,0.01,18.7,0,0,0.028,-0.014,-1.003,0.1,-0.6,0
70.1090152000003,0,0.01,18.7,0,0,0.028,-0.014,-1.003,0.1,-0.6,0
70.1190152000003,0,0,18.7,0,0,0.026,-0.011,-0.996,0.3,-0.5,0
70.1290152000003,0,0,18.7,0,0,0.026,-0.011,-0.996,0.3,-0.5,0
70.1390152000003,0,0,18.7,0,0,0.026,-0.011,-0.996,0.3,-0.5,0
70.1490152000003,0,0,18.7,0,0,0.026,-0.011,-0.996,0.3,-0.5,0
70.1590152000003,0,0,18.7,0,0,0.026,-0.011,-0.996,0.3,-0.5,0
70.1690152000003,0,0.01,18.7,0,0,0.028,-0.016,-1.009,0.2,-0.6,0
70.1790152000003,0,0.01,18.7,0,0,0.028,-0.016,-1.009,0.2,-0.6,0
70.1890152000003,0,0.01,18.7,0,0,0.028,-0.016,-1.009,0.2,-0.6,0
70.1990152000003,0,0.01,18.7,0,0,0.028,-0.016,-1.009,0.2,-0.6,0
70.2090152000003,0,0.01,18.7,0,0,0.028,-0.016,-1.009,0.2,-0.6,0
70.2190152000003,0,0.01,18.7,0,0,0.029,-0.012,-1.005,0.3,-0.5,0
70.2290152000003,0,0.01,18.7,0,0,0.029,-0.012,-1.005,0.3,-0.5,0
70.2390152000003,0,0.01,18.7,0,0,0.029,-0.012,-1.005,0.3,-0.5,0
70.2490152000003,0,0.01,18.7,0,0,0.029,-0.012,-1.005,0.3,-0.5,0
70.2590152000003,0,0.01,18.7,0,0,0.029,-0.012,-1.005,0.3,-0.5,0
70.2690152000003,0,0.01,18.7,0,0,0.029,-0.014,-1.002,0.4,-0.7,0
70.2790152000003,0,0.01,18.7,0,0,0.029,-0.014,-1.002,0.4,-0.7,0
70.2890152000003,0,0.01,18.7,0,0,0.029,-0.014,-1.002,0.4,-0.7,0
70.2990152000003,0,0.01,18.7,0,0,0.029,-0.014,-1.002,0.4,-0.7,0
70.3090152000003,0,0.01,18.7,0,0,0.029,-0.014,-1.002,0.4,-0.7,0
70.3190152000004,0,0.01,18.8,0,0,0.028,-0.012,-1.001,0.3,-0.6,0
70.3290152000004,0,0.01,18.8,0,0,0.028,-0.012,-1.001,0.3,-0.6,0
70.3390152000003,0,0.01,18.8,0,0,0.028,-0.012,-1.001,0.3,-0.6,0
70.3490152000004,0,0.01,18.8,0,0,0.028,-0.012,-1.001,0.3,-0.6,0
70.3590152000004,0,0.01,18.8,0,0,0.028,-0.012,-1.001,0.3,-0.6,0
70.3690152000004,0,0,18.7,0,0,0.028,-0.012,-1.002,0.4,-0.6,0
70.3790152000004,0,0,18.7,0,0,0.028,-0.012,-1.002,0.4,-0.6,0
70.3890152000004,0,0,18.7,0,0,0.028,-0.012,-1.002,0.4,-0.6,0
70.3990152000004,0,0,18.7,0,0,0.028,-0.012,-1.002,0.4,-0.6,0
70.4090152000004,0,0,18.7,0,0,0.028,-0.012,-1.002,0.4,-0.6,0
70.4190152000004,0,0.01,18.7,0,0,0.029,-0.013,-0.999,0.3,-0.6,0
70.4290152000004,0,0.01,18.7,0,0,0.029,-0.013,-0.999,0.3,-0.6,0
70.4390152000004,0,0.01,18.7,0,0,0.029,-0.013,-0.999,0.3,-0.6,0
70.4490152000004,0,0.01,18.7,0,0,0.029,-0.013,-0.999,0.3,-0.6,0
70.4590152000004,0,0.01,18.7,0,0,0.029,-0.013,-0.999,0.3,-0.6,0
70.4690152000004,0,0.01,18.7,0,0,0.028,-0.012,-1.005,0.3,-0.6,0
70.4790152000004,0,0.01,18.7,0,0,0.028,-0.012,-1.005,0.3,-0.6,0
70.4890152000004,0,0.01,18.7,0,0,0.028,-0.012,-1.005,0.3,-0.6,0
70.4990152000004,0,0.01,18.7,0,0,0.028,-0.012,-1.005,0.3,-0.6,0
70.5090152000004,0,0.01,18.7,0,0,0.028,-0.012,-1.005,0.3,-0.6,0
70.5190152000004,0,0,18.7,0,0,0.029,-0.013,-0.996,0.2,-0.6,0
70.5290152000004,0,0,18.7,0,0,0.029,-0.013,-0.996,0.2,-0.6,0
70.5390152000004,0,0,18.7,0,0,0.029,-0.013,-0.996,0.2,-0.6,0
70.5490152000004,0,0,18.7,0,0,0.029,-0.013,-0.996,0.2,-0.6,0
70.5590152000004,0,0,18.7,0,0,0.029,-0.013,-0.996,0.2,-0.6,0
70.5690152000004,0,0.01,18.8,0,0,0.028,-0.014,-1.01,0.3,-0.6,0.1
70.5790152000004,0,0.01,18.8,0,0,0.028,-0.014,-1.01,0.3,-0.6,0.1
70.5890152000004,0,0.01,18.8,0,0,0.028,-0.014,-1.01,0.3,-0.6,0.1
70.5990152000004,0,0.01,18.8,0,0,0.028,-0.014,-1.01,0.3,-0.6,0.1
70.6090152000004,0,0.01,18.8,0,0,0.028,-0.014,-1.01,0.3,-0.6,0.1
70.6190152000004,0,0.01,18.7,0,0,0.03,-0.013,-0.994,0.3,-0.6,0
70.6290152000004,0,0.01,18.7,0,0,0.03,-0.013,-0.994,0.3,-0.6,0
70.6390152000004,0,0.01,18.7,0,0,0.03,-0.013,-0.994,0.3,-0.6,0
70.6490152000004,0,0.01,18.7,0,0,0.03,-0.013,-0.994,0.3,-0.6,0
70.6590152000004,0,0.01,18.7,0,0,0.03,-0.013,-0.994,0.3,-0.6,0
70.6690152000004,0,0,18.7,0,0,0.027,-0.014,-1.01,0.3,-0.6,0
70.6790152000004,0,0,18.7,0,0,0.027,-0.014,-1.01,0.3,-0.6,0
70.6890152000004,0,0,18.7,0,0,0.027,-0.014,-1.01,0.3,-0.6,0
70.6990152000004,0,0,18.7,0,0,0.027,-0.014,-1.01,0.3,-0.6,0
70.7090152000004,0,0,18.7,0,0,0.027,-0.014,-1.01,0.3,-0.6,0
70.7190152000004,0,0,18.7,0,0,0.028,-0.014,-0.998,0.3,-0.4,0.1
70.7290152000004,0,0,18.7,0,0,0.028,-0.014,-0.998,0.3,-0.4,0.1
70.7390152000004,0,0,18.7,0,0,0.028,-0.014,-0.998,0.3,-0.4,0.1
70.7490152000004,0,0,18.7,0,0,0.028,-0.014,-0.998,0.3,-0.4,0.1
70.7590152000004,0,0,18.7,0,0,0.028,-0.014,-0.998,0.3,-0.4,0.1
70.7690152000005,0,0.01,18.7,0,0,0.028,-0.013,-1.006,0.3,-0.6,0
70.7790152000005,0,0.01,18.7,0,0,0.028,-0.013,-1.006,0.3,-0.6,0
70.7890152000004,0,0.01,18.7,0,0,0.028,-0.013,-1.006,0.3,-0.6,0
70.7990152000005,0,0.01,18.7,0,0,0.028,-0.013,-1.006,0.3,-0.6,0
70.8090152000005,0,0.01,18.7,0,0,0.028,-0.013,-1.006,0.3,-0.6,0
70.8190152000005,0,0.01,18.7,0,0,0.028,-0.012,-0.998,0.2,-0.6,0
70.8290152000005,0,0.01,18.7,0,0,0.028,-0.012,-0.998,0.2,-0.6,0
70.8390152000005,0,0.01,18.7,0,0,0.028,-0.012,-0.998,0.2,-0.6,0
70.8490152000005,0,0.01,18.7,0,0,0.028,-0.012,-0.998,0.2,-0.6,0
70.8590152000005,0,0.01,18.7,0,0,0.028,-0.012,-0.998,0.2,-0.6,0
70.8690152000005,0,0,18.7,0,0,0.028,-0.014,-1.005,0.4,-0.6,0
70.8790152000005,0,0,18.7,0,0,0.028,-0.014,-1.005,0.4,-0.6,0
70.8890152000005,0,0,18.7,0,0,0.028,-0.014,-1.005,0.4,-0.6,0
70.8990152000005,0,0,18.7,0,0,0.028,-0.014,-1.005,0.4,-0.6,0
70.9090152000005,0,0,18.7,0,0,0.028,-0.014,-1.005,0.4,-0.6,0
70.9190152000005,0,0.01,18.6,0,0,0.028,-0.014,-1,0.2,-0.5,0
70.9290152000005,0,0.01,18.6,0,0,0.028,-0.014,-1,0.2,-0.5,0
70.9390152000005,0,0.01,18.6,0,0,0.028,-0.014,-1,0.2,-0.5,0
70.9490152000005,0,0.01,18.6,0,0,0.028,-0.014,-1,0.2,-0.5,0
70.9590152000005,0,0.01,18.6,0,0,0.028,-0.014,-1,0.2,-0.5,0
70.9690152000005,0,0.01,18.8,0,0,0.028,-0.014,-1.008,0.3,-0.6,0
70.9790152000005,0,0.01,18.8,0,0,0.028,-0.014,-1.008,0.3,-0.6,0
70.9890152000005,0,0.01,18.8,0,0,0.028,-0.014,-1.008,0.3,-0.6,0
70.9990152000005,0,0.01,18.8,0,0,0.028,-0.014,-1.008,0.3,-0.6,0
71.0090152000005,0,0.01,18.8,0,0,0.028,-0.014,-1.008,0.3,-0.6,0
71.0190152000005,0,0.01,18.7,0,0,0.028,-0.013,-0.999,0.2,-0.5,0
71.0290152000005,0,0.01,18.7,0,0,0.028,-0.013,-0.999,0.2,-0.5,0
71.0390152000005,0,0.01,18.7,0,0,0.028,-0.013,-0.999,0.2,-0.5,0
71.0490152000005,0,0.01,18.7,0,0,0.028,-0.013,-0.999,0.2,-0.5,0
71.0590152000005,0,0.01,18.7,0,0,0.028,-0.013,-0.999,0.2,-0.5,0
71.0690152000005,0,0,18.7,0,0,0.029,-0.014,-1.008,0.1,-0.6,0
71.0790152000005,0,0,18.7,0,0,0.029,-0.014,-1.008,0.1,-0.6,0
71.0890152000005,0,0,18.7,0,0,0.029,-0.014,-1.008,0.1,-0.6,0
71.0990152000005,0,0,18.7,0,0,0.029,-0.014,-1.008,0.1,-0.6,0
71.1090152000005,0,0,18.7,0,0,0.029,-0.014,-1.008,0.1,-0.6,0
71.1190152000005,0,0.01,18.7,0,0,0.029,-0.012,-0.999,0.3,-0.6,0.1
71.1290152000005,0,0.01,18.7,0,0,0.029,-0.012,-0.999,0.3,-0.6,0.1
71.1390152000005,0,0.01,18.7,0,0,0.029,-0.012,-0.999,0.3,-0.6,0.1
71.1490152000005,0,0.01,18.7,0,0,0.029,-0.012,-0.999,0.3,-0.6,0.1
71.1590152000005,0,0.01,18.7,0,0,0.029,-0.012,-0.999,0.3,-0.6,0.1
71.1690152000005,0,0,18.7,0,0,0.028,-0.015,-1.007,0.2,-0.4,0
71.1790152000005,0,0,18.7,0,0,0.028,-0.015,-1.007,0.2,-0.4,0
71.1890152000005,0,0,18.7,0,0,0.028,-0.015,-1.007,0.2,-0.4,0
71.1990152000005,0,0,18.7,0,0,0.028,-0.015,-1.007,0.2,-0.4,0
71.2090152000006,0,0,18.7,0,0,0.028,-0.015,-1.007,0.2,-0.4,0
71.2190152000006,0,0,18.7,0,0,0.029,-0.013,-1.006,0.3,-0.5,0
71.2290152000006,0,0,18.7,0,0,0.029,-0.013,-1.006,0.3,-0.5,0
71.2390152000006,0,0,18.7,0,0,0.029,-0.013,-1.006,0.3,-0.5,0
71.2490152000006,0,0,18.7,0,0,0.029,-0.013,-1.006,0.3,-0.5,0
71.2590152000006,0,0,18.7,0,0,0.029,-0.013,-1.006,0.3,-0.5,0
71.2690152000006,0,0.01,18.6,0,0,0.027,-0.013,-0.999,0.3,-0.5,0
71.2790152000006,0,0.01,18.6,0,0,0.027,-0.013,-0.999,0.3,-0.5,0
71.2890152000006,0,0.01,18.6,0,0,0.027,-0.013,-0.999,0.3,-0.5,0
71.2990152000006,0,0.01,18.6,0,0,0.027,-0.013,-0.999,0.3,-0.5,0
71.3090152000006,0,0.01,18.6,0,0,0.027,-0.013,-0.999,0.3,-0.5,0
71.3190152000006,0,0,18.7,0,0,0.028,-0.013,-1.003,0.3,-0.5,0
71.3290152000006,0,0,18.7,0,0,0.028,-0.013,-1.003,0.3,-0.5,0
71.3390152000006,0,0,18.7,0,0,0.028,-0.013,-1.003,0.3,-0.5,0
71.3490152000006,0,0,18.7,0,0,0.028,-0.013,-1.003,0.3,-0.5,0
71.3590152000006,0,0,18.7,0,0,0.028,-0.013,-1.003,0.3,-0.5,0
71.3690152000006,0,0.01,18.7,0,0,0.028,-0.013,-1,0.3,-0.6,0
71.3790152000006,0,0.01,18.7,0,0,0.028,-0.013,-1,0.3,-0.6,0
71.3890152000006,0,0.01,18.7,0,0,0.028,-0.013,-1,0.3,-0.6,0
71.3990152000006,0,0.01,18.7,0,0,0.028,-0.013,-1,0.3,-0.6,0
71.4090152000006,0,0.01,18.7,0,0,0.028,-0.013,-1,0.3,-0.6,0
71.4190152000006,0,0.01,18.7,0,0,0.029,-0.014,-1.004,0.2,-0.5,0
71.4290152000006,0,0.01,18.7,0,0,0.029,-0.014,-1.004,0.2,-0.5,0
71.4390152000006,0,0.01,18.7,0,0,0.029,-0.014,-1.004,0.2,-0.5,0
71.4490152000006,0,0.01,18.7,0,0,0.029,-0.014,-1.004,0.2,-0.5,0
71.4590152000006,0,0.01,18.7,0,0,0.029,-0.014,-1.004,0.2,-0.5,0
71.4690152000006,0,0.01,18.7,0,0,0.029,-0.013,-1.005,0.3,-0.5,0
71.4790152000006,0,0.01,18.7,0,0,0.029,-0.013,-1.005,0.3,-0.5,0
71.4890152000006,0,0.01,18.7,0,0,0.029,-0.013,-1.005,0.3,-0.5,0
71.4990152000006,0,0.01,18.7,0,0,0.029,-0.013,-1.005,0.3,-0.5,0
71.5090152000006,0,0.01,18.7,0,0,0.029,-0.013,-1.005,0.3,-0.5,0
71.5190152000006,0,0.01,18.7,0,0,0.027,-0.014,-1.005,0.3,-0.6,0
71.5290152000006,0,0.01,18.7,0,0,0.027,-0.014,-1.005,0.3,-0.6,0
71.5390152000006,0,0.01,18.7,0,0,0.027,-0.014,-1.005,0.3,-0.6,0
71.5490152000006,0,0.01,18.7,0,0,0.027,-0.014,-1.005,0.3,-0.6,0
71.5590152000006,0,0.01,18.7,0,0,0.027,-0.014,-1.005,0.3,-0.6,0
71.5690152000006,0,0,18.7,0,0,0.028,-0.015,-1.004,0.3,-0.5,0
71.5790152000006,0,0,18.7,0,0,0.028,-0.015,-1.004,0.3,-0.5,0
71.5890152000006,0,0,18.7,0,0,0.028,-0.015,-1.004,0.3,-0.5,0
71.5990152000006,0,0,18.7,0,0,0.028,-0.015,-1.004,0.3,-0.5,0
71.6090152000006,0,0,18.7,0,0,0.028,-0.015,-1.004,0.3,-0.5,0
71.6190152000006,0,0,18.7,0,0,0.029,-0.013,-1.005,0.2,-0.5,0
71.6290152000007,0,0,18.7,0,0,0.029,-0.013,-1.005,0.2,-0.5,0
71.6390152000006,0,0,18.7,0,0,0.029,-0.013,-1.005,0.2,-0.5,0
71.6490152000006,0,0,18.7,0,0,0.029,-0.013,-1.005,0.2,-0.5,0
71.6590152000007,0,0,18.7,0,0,0.029,-0.013,-1.005,0.2,-0.5,0
71.6690152000007,0,0.01,18.7,0,0,0.028,-0.013,-0.999,0.4,-0.6,0.1
71.6790152000007,0,0.01,18.7,0,0,0.028,-0.013,-0.999,0.4,-0.6,0.1
71.6890152000007,0,0.01,18.7,0,0,0.028,-0.013,-0.999,0.4,-0.6,0.1
71.6990152000007,0,0.01,18.7,0,0,0.028,-0.013,-0.999,0.4,-0.6,0.1
71.7090152000007,0,0.01,18.7,0,0,0.028,-0.013,-0.999,0.4,-0.6,0.1
71.7190152000007,0,0.01,18.7,0,0,0.027,-0.014,-1.003,0.3,-0.4,0
71.7290152000007,0,0.01,18.7,0,0,0.027,-0.014,-1.003,0.3,-0.4,0
71.7390152000007,0,0.01,18.7,0,0,0.027,-0.014,-1.003,0.3,-0.4,0
71.7490152000007,0,0.01,18.7,0,0,0.027,-0.014,-1.003,0.3,-0.4,0
71.7590152000007,0,0.01,18.7,0,0,0.027,-0.014,-1.003,0.3,-0.4,0
71.7690152000007,0,0.01,18.7,0,0,0.029,-0.012,-0.997,0.2,-0.5,0
71.7790152000007,0,0.01,18.7,0,0,0.029,-0.012,-0.997,0.2,-0.5,0
71.7890152000007,0,0.01,18.7,0,0,0.029,-0.012,-0.997,0.2,-0.5,0
71.7990152000007,0,0.01,18.7,0,0,0.029,-0.012,-0.997,0.2,-0.5,0
71.8090152000007,0,0.01,18.7,0,0,0.029,-0.012,-0.997,0.2,-0.5,0
71.8190152000007,0,0.01,18.8,0,0,0.028,-0.013,-1.003,0.3,-0.5,0
71.8290152000007,0,0.01,18.8,0,0,0.028,-0.013,-1.003,0.3,-0.5,0
71.8390152000007,0,0.01,18.8,0,0,0.028,-0.013,-1.003,0.3,-0.5,0
71.8490152000007,0,0.01,18.8,0,0,0.028,-0.013,-1.003,0.3,-0.5,0
71.8590152000007,0,0.01,18.8,0,0,0.028,-0.013,-1.003,0.3,-0.5,0
71.8690152000007,0,0,18.7,0,0,0.029,-0.013,-0.998,0.3,-0.5,0
71.8790152000007,0,0,18.7,0,0,0.029,-0.013,-0.998,0.3,-0.5,0
71.8890152000007,0,0,18.7,0,0,0.029,-0.013,-0.998,0.3,-0.5,0
71.8990152000007,0,0,18.7,0,0,0.029,-0.013,-0.998,0.3,-0.5,0
71.9090152000007,0,0,18.7,0,0,0.029,-0.013,-0.998,0.3,-0.5,0
71.9190152000007,0,0,18.7,0,0,0.029,-0.013,-1.002,0.4,-0.6,0.1
71.9290152000007,0,0,18.7,0,0,0.029,-0.013,-1.002,0.4,-0.6,0.1
71.9390152000007,0,0,18.7,0,0,0.029,-0.013,-1.002,0.4,-0.6,0.1
71.9490152000007,0,0,18.7,0,0,0.029,-0.013,-1.002,0.4,-0.6,0.1
71.9590152000007,0,0,18.7,0,0,0.029,-0.013,-1.002,0.4,-0.6,0.1
71.9690152000007,0,0.01,18.8,0,0,0.027,-0.013,-1.005,0.1,-0.5,0
71.9790152000007,0,0.01,18.8,0,0,0.027,-0.013,-1.005,0.1,-0.5,0
71.9890152000007,0,0.01,18.8,0,0,0.027,-0.013,-1.005,0.1,-0.5,0
71.9990152000007,0,0.01,18.8,0,0,0.027,-0.013,-1.005,0.1,-0.5,0
72.0090152000007,0,0.01,18.8,0,0,0.027,-0.013,-1.005,0.1,-0.5,0
72.0190152000007,0,0.01,18.8,0,0,0.028,-0.014,-1,0.3,-0.6,0
72.0290152000007,0,0.01,18.8,0,0,0.028,-0.014,-1,0.3,-0.6,0
72.0390152000007,0,0.01,18.8,0,0,0.028,-0.014,-1,0.3,-0.6,0
72.0490152000007,0,0.01,18.8,0,0,0.028,-0.014,-1,0.3,-0.6,0
72.0590152000007,0,0.01,18.8,0,0,0.028,-0.014,-1,0.3,-0.6,0
72.0690152000007,0,0,18.7,0,0,0.028,-0.014,-1,0.2,-0.6,0
72.0790152000008,0,0,18.7,0,0,0.028,-0.014,-1,0.2,-0.6,0
72.0890152000007,0,0,18.7,0,0,0.028,-0.014,-1,0.2,-0.6,0
72.0990152000007,0,0,18.7,0,0,0.028,-0.014,-1,0.2,-0.6,0
72.1090152000008,0,0,18.7,0,0,0.028,-0.014,-1,0.2,-0.6,0
72.1190152000008,0,0.01,18.7,0,0,0.028,-0.013,-1,0.2,-0.6,0
72.1290152000008,0,0.01,18.7,0,0,0.028,-0.013,-1,0.2,-0.6,0
72.1390152000008,0,0.01,18.7,0,0,0.028,-0.013,-1,0.2,-0.6,0
72.1490152000008,0,0.01,18.7,0,0,0.028,-0.013,-1,0.2,-0.6,0
72.1590152000008,0,0.01,18.7,0,0,0.028,-0.013,-1,0.2,-0.6,0
72.1690152000008,0,0.01,18.7,0,0,0.028,-0.014,-1.006,0.2,-0.5,0
72.1790152000008,0,0.01,18.7,0,0,0.028,-0.014,-1.006,0.2,-0.5,0
72.1890152000008,0,0.01,18.7,0,0,0.028,-0.014,-1.006,0.2,-0.5,0
72.1990152000008,0,0.01,18.7,0,0,0.028,-0.014,-1.006,0.2,-0.5,0
72.2090152000008,0,0.01,18.7,0,0,0.028,-0.014,-1.006,0.2,-0.5,0
72.2190152000008,0,0.01,18.8,0,0,0.029,-0.013,-0.993,0.3,-0.5,0
72.2290152000008,0,0.01,18.8,0,0,0.029,-0.013,-0.993,0.3,-0.5,0
72.2390152000008,0,0.01,18.8,0,0,0.029,-0.013,-0.993,0.3,-0.5,0
72.2490152000008,0,0.01,18.8,0,0,0.029,-0.013,-0.993,0.3,-0.5,0
72.2590152000008,0,0.01,18.8,0,0,0.029,-0.013,-0.993,0.3,-0.5,0
72.2690152000008,0,0,18.7,0,0,0.028,-0.014,-1.003,0.3,-0.6,0
72.2790152000008,0,0,18.7,0,0,0.028,-0.014,-1.003,0.3,-0.6,0
72.2890152000008,0,0,18.7,0,0,0.028,-0.014,-1.003,0.3,-0.6,0
72.2990152000008,0,0,18.7,0,0,0.028,-0.014,-1.003,0.3,-0.6,0
72.3090152000008,0,0,18.7,0,0,0.028,-0.014,-1.003,0.3,-0.6,0
72.3190152000008,0,0.01,18.8,0,0,0.029,-0.014,-0.997,0.2,-0.5,0
72.3290152000008,0,0.01,18.8,0,0,0.029,-0.014,-0.997,0.2,-0.5,0
72.3390152000008,0,0.01,18.8,0,0,0.029,-0.014,-0.997,0.2,-0.5,0
72.3490152000008,0,0.01,18.8,0,0,0.029,-0.014,-0.997,0.2,-0.5,0
72.3590152000008,0,0.01,18.8,0,0,0.029,-0.014,-0.997,0.2,-0.5,0
72.3690152000008,0,0.01,18.7,0,0,0.029,-0.014,-1.005,0.3,-0.5,0
72.3790152000008,0,0.01,18.7,0,0,0.029,-0.014,-1.005,0.3,-0.5,0
72.3890152000008,0,0.01,18.7,0,0,0.029,-0.014,-1.005,0.3,-0.5,0
72.3990152000008,0,0.01,18.7,0,0,0.029,-0.014,-1.005,0.3,-0.5,0
72.4090152000008,0,0.01,18.7,0,0,0.029,-0.014,-1.005,0.3,-0.5,0
72.4190152000008,0,0,18.7,0,0,0.028,-0.012,-1,0.3,-0.6,0
72.4290152000008,0,0,18.7,0,0,0.028,-0.012,-1,0.3,-0.6,0
72.4390152000008,0,0,18.7,0,0,0.028,-0.012,-1,0.3,-0.6,0
72.4490152000008,0,0,18.7,0,0,0.028,-0.012,-1,0.3,-0.6,0
72.4590152000008,0,0,18.7,0,0,0.028,-0.012,-1,0.3,-0.6,0
72.4690152000008,0,0.01,18.7,0,0,0.028,-0.014,-1.003,0.3,-0.5,0
72.4790152000008,0,0.01,18.7,0,0,0.028,-0.014,-1.003,0.3,-0.5,0
72.4890152000008,0,0.01,18.7,0,0,0.028,-0.014,-1.003,0.3,-0.5,0
72.4990152000008,0,0.01,18.7,0,0,0.028,-0.014,-1.003,0.3,-0.5,0
72.5090152000008,0,0.01,18.7,0,0,0.028,-0.014,-1.003,0.3,-0.5,0
72.5190152000009,0,0,18.7,0,0,0.029,-0.012,-0.999,0.3,-0.6,0
72.5290152000009,0,0,18.7,0,0,0.029,-0.012,-0.999,0.3,-0.6,0
72.5390152000008,0,0,18.7,0,0,0.029,-0.012,-0.999,0.3,-0.6,0
72.5490152000009,0,0,18.7,0,0,0.029,-0.012,-0.999,0.3,-0.6,0
72.5590152000009,0,0,18.7,0,0,0.029,-0.012,-0.999,0.3,-0.6,0
72.5690152000009,0,0.01,18.7,0,0,0.029,-0.014,-1,0.3,-0.5,0
72.5790152000009,0,0.01,18.7,0,0,0.029,-0.014,-1,0.3,-0.5,0
72.5890152000009,0,0.01,18.7,0,0,0.029,-0.014,-1,0.3,-0.5,0
72.5990152000009,0,0.01,18.7,0,0,0.029,-0.014,-1,0.3,-0.5,0
72.6090152000009,0,0.01,18.7,0,0,0.029,-0.014,-1,0.3,-0.5,0
72.6190152000009,0,0.01,18.8,0,0,0.028,-0.014,-1.001,0.3,-0.5,0
72.6290152000009,0,0.01,18.8,0,0,0.028,-0.014,-1.001,0.3,-0.5,0
72.6390152000009,0,0.01,18.8,0,0,0.028,-0.014,-1.001,0.3,-0.5,0
72.6490152000009,0,0.01,18.8,0,0,0.028,-0.014,-1.001,0.3,-0.5,0
72.6590152000009,0,0.01,18.8,0,0,0.028,-0.014,-1.001,0.3,-0.5,0
72.6690152000009,0,0.01,18.7,0,0,0.028,-0.013,-1.002,0.3,-0.5,0
72.6790152000009,0,0.01,18.7,0,0,0.028,-0.013,-1.002,0.3,-0.5,0
72.6890152000009,0,0.01,18.7,0,0,0.028,-0.013,-1.002,0.3,-0.5,0
72.6990152000009,0,0.01,18.7,0,0,0.028,-0.013,-1.002,0.3,-0.5,0
72.7090152000009,0,0.01,18.7,0,0,0.028,-0.013,-1.002,0.3,-0.5,0
72.7190152000009,0,0,18.7,0,0,0.028,-0.014,-1.002,0.3,-0.5,0
72.7290152000009,0,0,18.7,0,0,0.028,-0.014,-1.002,0.3,-0.5,0
72.7390152000009,0,0,18.7,0,0,0.028,-0.014,-1.002,0.3,-0.5,0
72.7490152000009,0,0,18.7,0,0,0.028,-0.014,-1.002,0.3,-0.5,0
72.7590152000009,0,0,18.7,0,0,0.028,-0.014,-1.002,0.3,-0.5,0
72.7690152000009,0,0.01,18.7,0,0,0.027,-0.013,-1.002,0.2,-0.6,0
72.7790152000009,0,0.01,18.7,0,0,0.027,-0.013,-1.002,0.2,-0.6,0
72.7890152000009,0,0.01,18.7,0,0,0.027,-0.013,-1.002,0.2,-0.6,0
72.7990152000009,0,0.01,18.7,0,0,0.027,-0.013,-1.002,0.2,-0.6,0
72.8090152000009,0,0.01,18.7,0,0,0.027,-0.013,-1.002,0.2,-0.6,0
72.8190152000009,0,0,18.7,0,0,0.03,-0.014,-1.003,0.3,-0.6,0
72.8290152000009,0,0,18.7,0,0,0.03,-0.014,-1.003,0.3,-0.6,0
72.8390152000009,0,0,18.7,0,0,0.03,-0.014,-1.003,0.3,-0.6,0
72.8490152000009,0,0,18.7,0,0,0.03,-0.014,-1.003,0.3,-0.6,0
72.8590152000009,0,0,18.7,0,0,0.03,-0.014,-1.003,0.3,-0.6,0
72.8690152000009,0,0.01,18.7,0,0,0.027,-0.012,-1.004,0.2,-0.6,0
72.8790152000009,0,0.01,18.7,0,0,0.027,-0.012,-1.004,0.2,-0.6,0
72.8890152000009,0,0.01,18.7,0,0,0.027,-0.012,-1.004,0.2,-0.6,0
72.8990152000009,0,0.01,18.7,0,0,0.027,-0.012,-1.004,0.2,-0.6,0
72.9090152000009,0,0.01,18.7,0,0,0.027,-0.012,-1.004,0.2,-0.6,0
72.9190152000009,0,0,18.7,0,0,0.028,-0.014,-1.003,0.3,-0.6,0
72.9290152000009,0,0,18.7,0,0,0.028,-0.014,-1.003,0.3,-0.6,0
72.9390152000009,0,0,18.7,0,0,0.028,-0.014,-1.003,0.3,-0.6,0
72.9490152000009,0,0,18.7,0,0,0.028,-0.014,-1.003,0.3,-0.6,0
72.9590152000009,0,0,18.7,0,0,0.028,-0.014,-1.003,0.3,-0.6,0
72.969015200001,0,0,18.7,0,0,0.029,-0.013,-1.004,0.2,-0.4,0
72.979015200001,0,0,18.7,0,0,0.029,-0.013,-1.004,0.2,-0.4,0
72.9890152000009,0,0,18.7,0,0,0.029,-0.013,-1.004,0.2,-0.4,0
72.999015200001,0,0,18.7,0,0,0.029,-0.013,-1.004,0.2,-0.4,0
73.009015200001,0,0,18.7,0,0,0.029,-0.013,-1.004,0.2,-0.4,0
73.019015200001,0,0,18.7,0,0,0.027,-0.014,-1.008,0.3,-0.6,0
73.029015200001,0,0,18.7,0,0,0.027,-0.014,-1.008,0.3,-0.6,0
73.039015200001,0,0,18.7,0,0,0.027,-0.014,-1.008,0.3,-0.6,0
73.049015200001,0,0,18.7,0,0,0.027,-0.014,-1.008,0.3,-0.6,0
73.059015200001,0,0,18.7,0,0,0.027,-0.014,-1.008,0.3,-0.6,0
73.069015200001,0,0.01,18.7,0,0,0.03,-0.014,-0.998,0.3,-0.6,0
73.079015200001,0,0.01,18.7,0,0,0.03,-0.014,-0.998,0.3,-0.6,0
73.089015200001,0,0.01,18.7,0,0,0.03,-0.014,-0.998,0.3,-0.6,0
73.099015200001,0,0.01,18.7,0,0,0.03,-0.014,-0.998,0.3,-0.6,0
73.109015200001,0,0.01,18.7,0,0,0.03,-0.014,-0.998,0.3,-0.6,0
73.119015200001,0,0.01,18.7,0,0,0.027,-0.011,-1.002,0.4,-0.5,0
73.129015200001,0,0.01,18.7,0,0,0.027,-0.011,-1.002,0.4,-0.5,0
73.139015200001,0,0.01,18.7,0,0,0.027,-0.011,-1.002,0.4,-0.5,0
73.149015200001,0,0.01,18.7,0,0,0.027,-0.011,-1.002,0.4,-0.5,0
73.159015200001,0,0.01,18.7,0,0,0.027,-0.011,-1.002,0.4,-0.5,0
73.169015200001,0,0.01,18.7,0,0,0.029,-0.015,-0.999,0.4,-0.6,0
73.179015200001,0,0.01,18.7,0,0,0.029,-0.015,-0.999,0.4,-0.6,0
73.189015200001,0,0.01,18.7,0,0,0.029,-0.015,-0.999,0.4,-0.6,0
73.199015200001,0,0.01,18.7,0,0,0.029,-0.015,-0.999,0.4,-0.6,0
73.209015200001,0,0.01,18.7,0,0,0.029,-0.015,-0.999,0.4,-0.6,0
73.219015200001,0,0.01,18.7,0,0,0.027,-0.013,-1.003,0.3,-0.5,0
73.229015200001,0,0.01,18.7,0,0,0.027,-0.013,-1.003,0.3,-0.5,0
73.239015200001,0,0.01,18.7,0,0,0.027,-0.013,-1.003,0.3,-0.5,0
73.249015200001,0,0.01,18.7,0,0,0.027,-0.013,-1.003,0.3,-0.5,0
73.259015200001,0,0.01,18.7,0,0,0.027,-0.013,-1.003,0.3,-0.5,0
73.269015200001,0,0.01,18.8,0,0,0.028,-0.013,-1,0.3,-0.5,0
73.279015200001,0,0.01,18.8,0,0,0.028,-0.013,-1,0.3,-0.5,0
73.289015200001,0,0.01,18.8,0,0,0.028,-0.013,-1,0.3,-0.5,0
73.299015200001,0,0.01,18.8,0,0,0.028,-0.013,-1,0.3,-0.5,0
73.309015200001,0,0.01,18.8,0,0,0.028,-0.013,-1,0.3,-0.5,0
73.319015200001,0,0.01,18.8,0,0,0.028,-0.012,-1,0.3,-0.6,0
73.329015200001,0,0.01,18.8,0,0,0.028,-0.012,-1,0.3,-0.6,0
73.339015200001,0,0.01,18.8,0,0,0.028,-0.012,-1,0.3,-0.6,0
73.349015200001,0,0.01,18.8,0,0,0.028,-0.012,-1,0.3,-0.6,0
73.359015200001,0,0.01,18.8,0,0,0.028,-0.012,-1,0.3,-0.6,0
73.369015200001,0,0,18.7,0,0,0.03,-0.013,-1.002,0.3,-0.5,0
73.379015200001,0,0,18.7,0,0,0.03,-0.013,-1.002,0.3,-0.5,0
73.389015200001,0,0,18.7,0,0,0.03,-0.013,-1.002,0.3,-0.5,0
73.399015200001,0,0,18.7,0,0,0.03,-0.013,-1.002,0.3,-0.5,0
73.4090152000011,0,0,18.7,0,0,0.03,-0.013,-1.002,0.3,-0.5,0
73.4190152000011,0,0,18.7,0,0,0.028,-0.013,-1.002,0.3,-0.6,0
73.4290152000011,0,0,18.7,0,0,0.028,-0.013,-1.002,0.3,-0.6,0
73.4390152000011,0,0,18.7,0,0,0.028,-0.013,-1.002,0.3,-0.6,0
73.4490152000011,0,0,18.7,0,0,0.028,-0.013,-1.002,0.3,-0.6,0
73.4590152000011,0,0,18.7,0,0,0.028,-0.013,-1.002,0.3,-0.6,0
73.4690152000011,0,0.01,18.7,0,0,0.028,-0.013,-1.003,0.2,-0.6,0
73.4790152000011,0,0.01,18.7,0,0,0.028,-0.013,-1.003,0.2,-0.6,0
73.4890152000011,0,0.01,18.7,0,0,0.028,-0.013,-1.003,0.2,-0.6,0
73.4990152000011,0,0.01,18.7,0,0,0.028,-0.013,-1.003,0.2,-0.6,0
73.5090152000011,0,0.01,18.7,0,0,0.028,-0.013,-1.003,0.2,-0.6,0
73.5190152000011,0,0.01,18.6,0,0,0.029,-0.013,-1.003,0.3,-0.5,0
73.5290152000011,0,0.01,18.6,0,0,0.029,-0.013,-1.003,0.3,-0.5,0
73.5390152000011,0,0.01,18.6,0,0,0.029,-0.013,-1.003,0.3,-0.5,0
73.5490152000011,0,0.01,18.6,0,0,0.029,-0.013,-1.003,0.3,-0.5,0
73.5590152000011,0,0.01,18.6,0,0,0.029,-0.013,-1.003,0.3,-0.5,0
73.5690152000011,0,0,18.7,0,0,0.028,-0.012,-1.002,0.2,-0.5,0
73.5790152000011,0,0,18.7,0,0,0.028,-0.012,-1.002,0.2,-0.5,0
73.5890152000011,0,0,18.7,0,0,0.028,-0.012,-1.002,0.2,-0.5,0
73.5990152000011,0,0,18.7,0,0,0.028,-0.012,-1.002,0.2,-0.5,0
73.6090152000011,0,0,18.7,0,0,0.028,-0.012,-1.002,0.2,-0.5,0
73.6190152000011,0,0.01,18.6,0,0,0.028,-0.014,-1,0.2,-0.5,0
73.6290152000011,0,0.01,18.6,0,0,0.028,-0.014,-1,0.2,-0.5,0
73.6390152000011,0,0.01,18.6,0,0,0.028,-0.014,-1,0.2,-0.5,0
73.6490152000011,0,0.01,18.6,0,0,0.028,-0.014,-1,0.2,-0.5,0
73.6590152000011,0,0.01,18.6,0,0,0.028,-0.014,-1,0.2,-0.5,0
73.6690152000011,0,0.01,18.8,0,0,0.028,-0.014,-1.002,0.2,-0.6,0
73.6790152000011,0,0.01,18.8,0,0,0.028,-0.014,-1.002,0.2,-0.6,0
73.6890152000011,0,0.01,18.8,0,0,0.028,-0.014,-1.002,0.2,-0.6,0
73.6990152000011,0,0.01,18.8,0,0,0.028,-0.014,-1.002,0.2,-0.6,0
73.7090152000011,0,0.01,18.8,0,0,0.028,-0.014,-1.002,0.2,-0.6,0
73.7190152000011,0,0,18.7,0,0,0.027,-0.012,-1.006,0.3,-0.4,0
73.7290152000011,0,0,18.7,0,0,0.027,-0.012,-1.006,0.3,-0.4,0
73.7390152000011,0,0,18.7,0,0,0.027,-0.012,-1.006,0.3,-0.4,0
73.7490152000011,0,0,18.7,0,0,0.027,-0.012,-1.006,0.3,-0.4,0
73.7590152000011,0,0,18.7,0,0,0.027,-0.012,-1.006,0.3,-0.4,0
73.7690152000011,0,0.01,18.7,0,0,0.028,-0.014,-1.001,0.2,-0.5,0.1
73.7790152000011,0,0.01,18.7,0,0,0.028,-0.014,-1.001,0.2,-0.5,0.1
73.7890152000011,0,0.01,18.7,0,0,0.028,-0.014,-1.001,0.2,-0.5,0.1
73.7990152000011,0,0.01,18.7,0,0,0.028,-0.014,-1.001,0.2,-0.5,0.1
73.8090152000011,0,0.01,18.7,0,0,0.028,-0.014,-1.001,0.2,-0.5,0.1
73.8190152000011,0,0.01,18.7,0,0,0.028,-0.011,-0.999,0.3,-0.6,0
73.8290152000012,0,0.01,18.7,0,0,0.028,-0.011,-0.999,0.3,-0.6,0
73.8390152000011,0,0.01,18.7,0,0,0.028,-0.011,-0.999,0.3,-0.6,0
73.8490152000011,0,0.01,18.7,0,0,0.028,-0.011,-0.999,0.3,-0.6,0
73.8590152000012,0,0.01,18.7,0,0,0.028,-0.011,-0.999,0.3,-0.6,0
73.8690152000012,0,0,18.7,0,0,0.028,-0.014,-1.002,0.2,-0.5,0
73.8790152000012,0,0,18.7,0,0,0.028,-0.014,-1.002,0.2,-0.5,0
73.8890152000012,0,0,18.7,0,0,0.028,-0.014,-1.002,0.2,-0.5,0
73.8990152000012,0,0,18.7,0,0,0.028,-0.014,-1.002,0.2,-0.5,0
73.9090152000012,0,0,18.7,0,0,0.028,-0.014,-1.002,0.2,-0.5,0
73.9190152000012,0,0.01,18.8,0,0,0.028,-0.013,-1.001,0.3,-0.6,0
73.9290152000012,0,0.01,18.8,0,0,0.028,-0.013,-1.001,0.3,-0.6,0
73.9390152000012,0,0.01,18.8,0,0,0.028,-0.013,-1.001,0.3,-0.6,0
73.9490152000012,0,0.01,18.8,0,0,0.028,-0.013,-1.001,0.3,-0.6,0
73.9590152000012,0,0.01,18.8,0,0,0.028,-0.013,-1.001,0.3,-0.6,0
73.9690152000012,0,0.01,18.6,0,0,0.028,-0.013,-0.999,0.3,-0.5,0
73.9790152000012,0,0.01,18.6,0,0,0.028,-0.013,-0.999,0.3,-0.5,0
73.9890152000012,0,0.01,18.6,0,0,0.028,-0.013,-0.999,0.3,-0.5,0
73.9990152000012,0,0.01,18.6,0,0,0.028,-0.013,-0.999,0.3,-0.5,0
74.0090152000012,0,0.01,18.6,0,0,0.028,-0.013,-0.999,0.3,-0.5,0
74.0190152000012,0,0.01,18.8,0,0,0.029,-0.013,-1.004,0.3,-0.5,0
74.0290152000012,0,0.01,18.8,0,0,0.029,-0.013,-1.004,0.3,-0.5,0
74.0390152000012,0,0.01,18.8,0,0,0.029,-0.013,-1.004,0.3,-0.5,0
74.0490152000012,0,0.01,18.8,0,0,0.029,-0.013,-1.004,0.3,-0.5,0
74.0590152000012,0,0.01,18.8,0,0,0.029,-0.013,-1.004,0.3,-0.5,0
74.0690152000012,0,0.01,18.7,0,0,0.028,-0.013,-0.999,0.2,-0.5,0
74.0790152000012,0,0.01,18.7,0,0,0.028,-0.013,-0.999,0.2,-0.5,0
74.0890152000012,0,0.01,18.7,0,0,0.028,-0.013,-0.999,0.2,-0.5,0
74.0990152000012,0,0.01,18.7,0,0,0.028,-0.013,-0.999,0.2,-0.5,0
74.1090152000012,0,0.01,18.7,0,0,0.028,-0.013,-0.999,0.2,-0.5,0
74.1190152000012,0,0.01,18.8,0,0,0.029,-0.013,-1.003,0.2,-0.4,0
74.1290152000012,0,0.01,18.8,0,0,0.029,-0.013,-1.003,0.2,-0.4,0
74.1390152000012,0,0.01,18.8,0,0,0.029,-0.013,-1.003,0.2,-0.4,0
74.1490152000012,0,0.01,18.8,0,0,0.029,-0.013,-1.003,0.2,-0.4,0
74.1590152000012,0,0.01,18.8,0,0,0.029,-0.013,-1.003,0.2,-0.4,0
74.1690152000012,0,0,18.7,0,0,0.027,-0.014,-1.001,0.3,-0.7,0
74.1790152000012,0,0,18.7,0,0,0.027,-0.014,-1.001,0.3,-0.7,0
74.1890152000012,0,0,18.7,0,0,0.027,-0.014,-1.001,0.3,-0.7,0
74.1990152000012,0,0,18.7,0,0,0.027,-0.014,-1.001,0.3,-0.7,0
74.2090152000012,0,0,18.7,0,0,0.027,-0.014,-1.001,0.3,-0.7,0
74.2190152000012,0,0.01,18.8,0,0,0.029,-0.012,-1,0.2,-0.5,0
74.2290152000012,0,0.01,18.8,0,0,0.029,-0.012,-1,0.2,-0.5,0
74.2390152000012,0,0.01,18.8,0,0,0.029,-0.012,-1,0.2,-0.5,0
74.2490152000012,0,0.01,18.8,0,0,0.029,-0.012,-1,0.2,-0.5,0
74.2590152000012,0,0.01,18.8,0,0,0.029,-0.012,-1,0.2,-0.5,0
74.2690152000012,0,0.01,18.7,0,0,0.028,-0.013,-1.003,0.3,-0.6,0
74.2790152000013,0,0.01,18.7,0,0,0.028,-0.013,-1.003,0.3,-0.6,0
74.2890152000012,0,0.01,18.7,0,0,0.028,-0.013,-1.003,0.3,-0.6,0
74.2990152000013,0,0.01,18.7,0,0,0.028,-0.013,-1.003,0.3,-0.6,0
74.3090152000013,0,0.01,18.7,0,0,0.028,-0.013,-1.003,0.3,-0.6,0
74.3190152000013,0,0.01,18.8,0,0,0.027,-0.014,-1,0.3,-0.5,0
74.3290152000013,0,0.01,18.8,0,0,0.027,-0.014,-1,0.3,-0.5,0
74.3390152000013,0,0.01,18.8,0,0,0.027,-0.014,-1,0.3,-0.5,0
74.3490152000013,0,0.01,18.8,0,0,0.027,-0.014,-1,0.3,-0.5,0
74.3590152000013,0,0.01,18.8,0,0,0.027,-0.014,-1,0.3,-0.5,0
74.3690152000013,0,0.01,18.7,0,0,0.028,-0.012,-1.002,0.4,-0.4,0
74.3790152000013,0,0.01,18.7,0,0,0.028,-0.012,-1.002,0.4,-0.4,0
74.3890152000013,0,0.01,18.7,0,0,0.028,-0.012,-1.002,0.4,-0.4,0
74.3990152000013,0,0.01,18.7,0,0,0.028,-0.012,-1.002,0.4,-0.4,0
74.4090152000013,0,0.01,18.7,0,0,0.028,-0.012,-1.002,0.4,-0.4,0
74.4190152000013,0,0.01,18.7,0,0,0.029,-0.014,-1.002,0.4,-0.6,0
74.4290152000013,0,0.01,18.7,0,0,0.029,-0.014,-1.002,0.4,-0.6,0
74.4390152000013,0,0.01,18.7,0,0,0.029,-0.014,-1.002,0.4,-0.6,0
74.4490152000013,0,0.01,18.7,0,0,0.029,-0.014,-1.002,0.4,-0.6,0
74.4590152000013,0,0.01,18.7,0,0,0.029,-0.014,-1.002,0.4,-0.6,0
74.4690152000013,0,0.01,18.7,0,0,0.027,-0.013,-1.001,0.3,-0.6,0
74.4790152000013,0,0.01,18.7,0,0,0.027,-0.013,-1.001,0.3,-0.6,0
74.4890152000013,0,0.01,18.7,0,0,0.027,-0.013,-1.001,0.3,-0.6,0
74.4990152000013,0,0.01,18.7,0,0,0.027,-0.013,-1.001,0.3,-0.6,0
74.5090152000013,0,0.01,18.7,0,0,0.027,-0.013,-1.001,0.3,-0.6,0
74.5190152000013,0,0.01,18.7,0,0,0.028,-0.015,-1,0.3,-0.6,0
74.5290152000013,0,0.01,18.7,0,0,0.028,-0.015,-1,0.3,-0.6,0
74.5390152000013,0,0.01,18.7,0,0,0.028,-0.015,-1,0.3,-0.6,0
74.5490152000013,0,0.01,18.7,0,0,0.028,-0.015,-1,0.3,-0.6,0
74.5590152000013,0,0.01,18.7,0,0,0.028,-0.015,-1,0.3,-0.6,0
74.5690152000013,0,0.01,18.7,0,0,0.028,-0.012,-1,0.1,-0.6,0
74.5790152000013,0,0.01,18.7,0,0,0.028,-0.012,-1,0.1,-0.6,0
74.5890152000013,0,0.01,18.7,0,0,0.028,-0.012,-1,0.1,-0.6,0
74.5990152000013,0,0.01,18.7,0,0,0.028,-0.012,-1,0.1,-0.6,0
74.6090152000013,0,0.01,18.7,0,0,0.028,-0.012,-1,0.1,-0.6,0
74.6190152000013,0,0.01,18.8,0,0,0.029,-0.015,-1.004,0.3,-0.6,0
74.6290152000013,0,0.01,18.8,0,0,0.029,-0.015,-1.004,0.3,-0.6,0
74.6390152000013,0,0.01,18.8,0,0,0.029,-0.015,-1.004,0.3,-0.6,0
74.6490152000013,0,0.01,18.8,0,0,0.029,-0.015,-1.004,0.3,-0.6,0
74.6590152000013,0,0.01,18.8,0,0,0.029,-0.015,-1.004,0.3,-0.6,0
74.6690152000013,0,0,18.7,0,0,0.029,-0.013,-1.003,0.2,-0.5,0
74.6790152000013,0,0,18.7,0,0,0.029,-0.013,-1.003,0.2,-0.5,0
74.6890152000013,0,0,18.7,0,0,0.029,-0.013,-1.003,0.2,-0.5,0
74.6990152000013,0,0,18.7,0,0,0.029,-0.013,-1.003,0.2,-0.5,0
74.7090152000013,0,0,18.7,0,0,0.029,-0.013,-1.003,0.2,-0.5,0
74.7190152000014,0,0,18.7,0,0,0.028,-0.015,-1.007,0.2,-0.5,0
74.7290152000014,0,0,18.7,0,0,0.028,-0.015,-1.007,0.2,-0.5,0
74.7390152000013,0,0,18.7,0,0,0.028,-0.015,-1.007,0.2,-0.5,0
74.7490152000014,0,0,18.7,0,0,0.028,-0.015,-1.007,0.2,-0.5,0
74.7590152000014,0,0,18.7,0,0,0.028,-0.015,-1.007,0.2,-0.5,0
74.7690152000014,0,0.01,18.7,0,0,0.027,-0.014,-1,0.3,-0.6,0
74.7790152000014,0,0.01,18.7,0,0,0.027,-0.014,-1,0.3,-0.6,0
74.7890152000014,0,0.01,18.7,0,0,0.027,-0.014,-1,0.3,-0.6,0
74.7990152000014,0,0.01,18.7,0,0,0.027,-0.014,-1,0.3,-0.6,0
74.8090152000014,0,0.01,18.7,0,0,0.027,-0.014,-1,0.3,-0.6,0
74.8190152000014,0,0.01,18.7,0,0,0.027,-0.013,-1.007,0.3,-0.6,0.1
74.8290152000014,0,0.01,18.7,0,0,0.027,-0.013,-1.007,0.3,-0.6,0.1
74.8390152000014,0,0.01,18.7,0,0,0.027,-0.013,-1.007,0.3,-0.6,0.1
74.8490152000014,0,0.01,18.7,0,0,0.027,-0.013,-1.007,0.3,-0.6,0.1
74.8590152000014,0,0.01,18.7,0,0,0.027,-0.013,-1.007,0.3,-0.6,0.1
74.8690152000014,0,0.01,18.7,0,0,0.029,-0.012,-1.001,0.3,-0.6,0
74.8790152000014,0,0.01,18.7,0,0,0.029,-0.012,-1.001,0.3,-0.6,0
74.8890152000014,0,0.01,18.7,0,0,0.029,-0.012,-1.001,0.3,-0.6,0
74.8990152000014,0,0.01,18.7,0,0,0.029,-0.012,-1.001,0.3,-0.6,0
74.9090152000014,0,0.01,18.7,0,0,0.029,-0.012,-1.001,0.3,-0.6,0
74.9190152000014,0,0.01,18.7,0,0,0.027,-0.015,-1.003,0.3,-0.6,0
74.9290152000014,0,0.01,18.7,0,0,0.027,-0.015,-1.003,0.3,-0.6,0
74.9390152000014,0,0.01,18.7,0,0,0.027,-0.015,-1.003,0.3,-0.6,0
74.9490152000014,0,0.01,18.7,0,0,0.027,-0.015,-1.003,0.3,-0.6,0
74.9590152000014,0,0.01,18.7,0,0,0.027,-0.015,-1.003,0.3,-0.6,0
74.9690152000014,0,0,18.7,0,0,0.028,-0.012,-1,0.3,-0.6,0
74.9790152000014,0,0,18.7,0,0,0.028,-0.012,-1,0.3,-0.6,0
74.9890152000014,0,0,18.7,0,0,0.028,-0.012,-1,0.3,-0.6,0
74.9990152000014,0,0,18.7,0,0,0.028,-0.012,-1,0.3,-0.6,0
75.0090152000014,0,0,18.7,0,0,0.028,-0.012,-1,0.3,-0.6,0
75.0190152000014,0,0,18.7,0,0,0.029,-0.013,-0.999,0.4,-0.5,0
75.0290152000014,0,0,18.7,0,0,0.029,-0.013,-0.999,0.4,-0.5,0
75.0390152000014,0,0,18.7,0,0,0.029,-0.013,-0.999,0.4,-0.5,0
75.0490152000014,0,0,18.7,0,0,0.029,-0.013,-0.999,0.4,-0.5,0
75.0590152000014,0,0,18.7,0,0,0.029,-0.013,-0.999,0.4,-0.5,0
75.0690152000014,0,0,18.7,0,0,0.027,-0.013,-1.001,0.2,-0.6,0.1
75.0790152000014,0,0,18.7,0,0,0.027,-0.013,-1.001,0.2,-0.6,0.1
75.0890152000014,0,0,18.7,0,0,0.027,-0.013,-1.001,0.2,-0.6,0.1
75.0990152000014,0,0,18.7,0,0,0.027,-0.013,-1.001,0.2,-0.6,0.1
75.1090152000014,0,0,18.7,0,0,0.027,-0.013,-1.001,0.2,-0.6,0.1
75.1190152000014,0,0.01,18.7,0,0,0.028,-0.013,-1,0.3,-0.6,0
75.1290152000014,0,0.01,18.7,0,0,0.028,-0.013,-1,0.3,-0.6,0
75.1390152000014,0,0.01,18.7,0,0,0.028,-0.013,-1,0.3,-0.6,0
75.1490152000014,0,0.01,18.7,0,0,0.028,-0.013,-1,0.3,-0.6,0
75.1590152000014,0,0.01,18.7,0,0,0.028,-0.013,-1,0.3,-0.6,0
75.1690152000015,0,0.01,18.7,0,0,0.028,-0.014,-1.004,0.3,-0.4,0
75.1790152000015,0,0.01,18.7,0,0,0.028,-0.014,-1.004,0.3,-0.4,0
75.1890152000014,0,0.01,18.7,0,0,0.028,-0.014,-1.004,0.3,-0.4,0
75.1990152000015,0,0.01,18.7,0,0,0.028,-0.014,-1.004,0.3,-0.4,0
75.2090152000015,0,0.01,18.7,0,0,0.028,-0.014,-1.004,0.3,-0.4,0
75.2190152000015,0,0,18.7,0,0,0.028,-0.013,-1.002,0.2,-0.6,0
75.2290152000015,0,0,18.7,0,0,0.028,-0.013,-1.002,0.2,-0.6,0
75.2390152000015,0,0,18.7,0,0,0.028,-0.013,-1.002,0.2,-0.6,0
75.2490152000015,0,0,18.7,0,0,0.028,-0.013,-1.002,0.2,-0.6,0
75.2590152000015,0,0,18.7,0,0,0.028,-0.013,-1.002,0.2,-0.6,0
75.2690152000015,0,0.01,18.7,0,0,0.029,-0.015,-1,0.1,-0.5,0
75.2790152000015,0,0.01,18.7,0,0,0.029,-0.015,-1,0.1,-0.5,0
75.2890152000015,0,0.01,18.7,0,0,0.029,-0.015,-1,0.1,-0.5,0
75.2990152000015,0,0.01,18.7,0,0,0.029,-0.015,-1,0.1,-0.5,0
75.3090152000015,0,0.01,18.7,0,0,0.029,-0.015,-1,0.1,-0.5,0
75.3190152000015,0,0.01,18.7,0,0,0.028,-0.013,-1.002,0.3,-0.5,0
75.3290152000015,0,0.01,18.7,0,0,0.028,-0.013,-1.002,0.3,-0.5,0
75.3390152000015,0,0.01,18.7,0,0,0.028,-0.013,-1.002,0.3,-0.5,0
75.3490152000015,0,0.01,18.7,0,0,0.028,-0.013,-1.002,0.3,-0.5,0
75.3590152000015,0,0.01,18.7,0,0,0.028,-0.013,-1.002,0.3,-0.5,0
75.3690152000015,0,0,18.7,0,0,0.027,-0.013,-1,0.3,-0.5,0
75.3790152000015,0,0,18.7,0,0,0.027,-0.013,-1,0.3,-0.5,0
75.3890152000015,0,0,18.7,0,0,0.027,-0.013,-1,0.3,-0.5,0
75.3990152000015,0,0,18.7,0,0,0.027,-0.013,-1,0.3,-0.5,0
75.4090152000015,0,0,18.7,0,0,0.027,-0.013,-1,0.3,-0.5,0
75.4190152000015,0,0.01,18.7,0,0,0.028,-0.013,-1.003,0.3,-0.5,0
75.4290152000015,0,0.01,18.7,0,0,0.028,-0.013,-1.003,0.3,-0.5,0
75.4390152000015,0,0.01,18.7,0,0,0.028,-0.013,-1.003,0.3,-0.5,0
75.4490152000015,0,0.01,18.7,0,0,0.028,-0.013,-1.003,0.3,-0.5,0
75.4590152000015,0,0.01,18.7,0,0,0.028,-0.013,-1.003,0.3,-0.5,0
75.4690152000015,0,0.01,18.7,0,0,0.028,-0.013,-1,0.3,-0.5,0
75.4790152000015,0,0.01,18.7,0,0,0.028,-0.013,-1,0.3,-0.5,0
75.4890152000015,0,0.01,18.7,0,0,0.028,-0.013,-1,0.3,-0.5,0
75.4990152000015,0,0.01,18.7,0,0,0.028,-0.013,-1,0.3,-0.5,0
75.5090152000015,0,0.01,18.7,0,0,0.028,-0.013,-1,0.3,-0.5,0
75.5190152000015,0,0,18.7,0,0,0.027,-0.014,-1.005,0.3,-0.6,0
75.5290152000015,0,0,18.7,0,0,0.027,-0.014,-1.005,0.3,-0.6,0
75.5390152000015,0,0,18.7,0,0,0.027,-0.014,-1.005,0.3,-0.6,0
75.5490152000015,0,0,18.7,0,0,0.027,-0.014,-1.005,0.3,-0.6,0
75.5590152000015,0,0,18.7,0,0,0.027,-0.014,-1.005,0.3,-0.6,0
75.5690152000015,0,0.01,18.8,0,0,0.029,-0.013,-1.001,0.3,-0.5,0
75.5790152000015,0,0.01,18.8,0,0,0.029,-0.013,-1.001,0.3,-0.5,0
75.5890152000015,0,0.01,18.8,0,0,0.029,-0.013,-1.001,0.3,-0.5,0
75.5990152000015,0,0.01,18.8,0,0,0.029,-0.013,-1.001,0.3,-0.5,0
75.6090152000016,0,0.01,18.8,0,0,0.029,-0.013,-1.001,0.3,-0.5,0
75.6190152000016,0,0,18.7,0,0,0.028,-0.012,-0.997,0.1,-0.5,0
75.6290152000016,0,0,18.7,0,0,0.028,-0.012,-0.997,0.1,-0.5,0
75.6390152000016,0,0,18.7,0,0,0.028,-0.012,-0.997,0.1,-0.5,0
75.6490152000016,0,0,18.7,0,0,0.028,-0.012,-0.997,0.1,-0.5,0
75.6590152000016,0,0,18.7,0,0,0.028,-0.012,-0.997,0.1,-0.5,0
75.6690152000016,0,0.01,18.7,0,0,0.029,-0.014,-1.004,0.1,-0.5,0
75.6790152000016,0,0.01,18.7,0,0,0.029,-0.014,-1.004,0.1,-0.5,0
75.6890152000016,0,0.01,18.7,0,0,0.029,-0.014,-1.004,0.1,-0.5,0
75.6990152000016,0,0.01,18.7,0,0,0.029,-0.014,-1.004,0.1,-0.5,0
75.7090152000016,0,0.01,18.7,0,0,0.029,-0.014,-1.004,0.1,-0.5,0
75.7190152000016,0,0.01,18.7,0,0,0.029,-0.013,-0.999,0.3,-0.6,0
75.7290152000016,0,0.01,18.7,0,0,0.029,-0.013,-0.999,0.3,-0.6,0
75.7390152000016,0,0.01,18.7,0,0,0.029,-0.013,-0.999,0.3,-0.6,0
75.7490152000016,0,0.01,18.7,0,0,0.029,-0.013,-0.999,0.3,-0.6,0
75.7590152000016,0,0.01,18.7,0,0,0.029,-0.013,-0.999,0.3,-0.6,0
75.7690152000016,0,0.01,18.8,0,0,0.027,-0.015,-1.009,0.3,-0.5,0
75.7790152000016,0,0.01,18.8,0,0,0.027,-0.015,-1.009,0.3,-0.5,0
75.7890152000016,0,0.01,18.8,0,0,0.027,-0.015,-1.009,0.3,-0.5,0
75.7990152000016,0,0.01,18.8,0,0,0.027,-0.015,-1.009,0.3,-0.5,0
75.8090152000016,0,0.01,18.8,0,0,0.027,-0.015,-1.009,0.3,-0.5,0
75.8190152000016,0,0,18.7,0,0,0.029,-0.014,-0.999,0.3,-0.5,0.1
75.8290152000016,0,0,18.7,0,0,0.029,-0.014,-0.999,0.3,-0.5,0.1
75.8390152000016,0,0,18.7,0,0,0.029,-0.014,-0.999,0.3,-0.5,0.1
75.8490152000016,0,0,18.7,0,0,0.029,-0.014,-0.999,0.3,-0.5,0.1
75.8590152000016,0,0,18.7,0,0,0.029,-0.014,-0.999,0.3,-0.5,0.1
75.8690152000016,0,0,18.7,0,0,0.028,-0.012,-1.004,0.4,-0.5,0
75.8790152000016,0,0,18.7,0,0,0.028,-0.012,-1.004,0.4,-0.5,0
75.8890152000016,0,0,18.7,0,0,0.028,-0.012,-1.004,0.4,-0.5,0
75.8990152000016,0,0,18.7,0,0,0.028,-0.012,-1.004,0.4,-0.5,0
75.9090152000016,0,0,18.7,0,0,0.028,-0.012,-1.004,0.4,-0.5,0
75.9190152000016,0,0.01,18.8,0,0,0.029,-0.015,-1,0.3,-0.6,0
75.9290152000016,0,0.01,18.8,0,0,0.029,-0.015,-1,0.3,-0.6,0
75.9390152000016,0,0.01,18.8,0,0,0.029,-0.015,-1,0.3,-0.6,0
75.9490152000016,0,0.01,18.8,0,0,0.029,-0.015,-1,0.3,-0.6,0
75.9590152000016,0,0.01,18.8,0,0,0.029,-0.015,-1,0.3,-0.6,0
75.9690152000016,0,0.01,18.8,0,0,0.028,-0.01,-0.993,0.2,-0.4,0
75.9790152000016,0,0.01,18.8,0,0,0.028,-0.01,-0.993,0.2,-0.4,0
75.9890152000016,0,0.01,18.8,0,0,0.028,-0.01,-0.993,0.2,-0.4,0
75.9990152000016,0,0.01,18.8,0,0,0.028,-0.01,-0.993,0.2,-0.4,0
76.0090152000016,0,0.01,18.8,0,0,0.028,-0.01,-0.993,0.2,-0.4,0
76.0190152000016,0,0.01,18.8,0,0,0.029,-0.012,-1.006,0.3,-0.5,0
76.0290152000017,0,0.01,18.8,0,0,0.029,-0.012,-1.006,0.3,-0.5,0
76.0390152000016,0,0.01,18.8,0,0,0.029,-0.012,-1.006,0.3,-0.5,0
76.0490152000016,0,0.01,18.8,0,0,0.029,-0.012,-1.006,0.3,-0.5,0
76.0590152000017,0,0.01,18.8,0,0,0.029,-0.012,-1.006,0.3,-0.5,0
76.0690152000017,0,0.01,18.7,0,0,0.029,-0.015,-1.003,0.3,-0.5,0
76.0790152000017,0,0.01,18.7,0,0,0.029,-0.015,-1.003,0.3,-0.5,0
76.0890152000017,0,0.01,18.7,0,0,0.029,-0.015,-1.003,0.3,-0.5,0
76.0990152000017,0,0.01,18.7,0,0,0.029,-0.015,-1.003,0.3,-0.5,0
76.1090152000017,0,0.01,18.7,0,0,0.029,-0.015,-1.003,0.3,-0.5,0
76.1190152000017,0,0.01,18.7,0,0,0.028,-0.013,-1.002,0.3,-0.4,0.1
76.1290152000017,0,0.01,18.7,0,0,0.028,-0.013,-1.002,0.3,-0.4,0.1
76.1390152000017,0,0.01,18.7,0,0,0.028,-0.013,-1.002,0.3,-0.4,0.1
76.1490152000017,0,0.01,18.7,0,0,0.028,-0.013,-1.002,0.3,-0.4,0.1
76.1590152000017,0,0.01,18.7,0,0,0.028,-0.013,-1.002,0.3,-0.4,0.1
76.1690152000017,0,0.01,18.7,0,0,0.028,-0.012,-1.004,0.4,-0.6,0
76.1790152000017,0,0.01,18.7,0,0,0.028,-0.012,-1.004,0.4,-0.6,0
76.1890152000017,0,0.01,18.7,0,0,0.028,-0.012,-1.004,0.4,-0.6,0
76.1990152000017,0,0.01,18.7,0,0,0.028,-0.012,-1.004,0.4,-0.6,0
76.2090152000017,0,0.01,18.7,0,0,0.028,-0.012,-1.004,0.4,-0.6,0
76.2190152000017,0,0.01,18.7,0,0,0.029,-0.012,-0.993,0.4,-0.6,0
76.2290152000017,0,0.01,18.7,0,0,0.029,-0.012,-0.993,0.4,-0.6,0
76.2390152000017,0,0.01,18.7,0,0,0.029,-0.012,-0.993,0.4,-0.6,0
76.2490152000017,0,0.01,18.7,0,0,0.029,-0.012,-0.993,0.4,-0.6,0
76.2590152000017,0,0.01,18.7,0,0,0.029,-0.012,-0.993,0.4,-0.6,0
76.2690152000017,0,0,18.7,0,0,0.027,-0.013,-1.003,0.3,-0.4,0
76.2790152000017,0,0,18.7,0,0,0.027,-0.013,-1.003,0.3,-0.4,0
76.2890152000017,0,0,18.7,0,0,0.027,-0.013,-1.003,0.3,-0.4,0
76.2990152000017,0,0,18.7,0,0,0.027,-0.013,-1.003,0.3,-0.4,0
76.3090152000017,0,0,18.7,0,0,0.027,-0.013,-1.003,0.3,-0.4,0
76.3190152000017,0,0,18.7,0,0,0.029,-0.014,-1,0.2,-0.6,0
76.3290152000017,0,0,18.7,0,0,0.029,-0.014,-1,0.2,-0.6,0
76.3390152000017,0,0,18.7,0,0,0.029,-0.014,-1,0.2,-0.6,0
76.3490152000017,0,0,18.7,0,0,0.029,-0.014,-1,0.2,-0.6,0
76.3590152000017,0,0,18.7,0,0,0.029,-0.014,-1,0.2,-0.6,0
76.3690152000017,0,0.01,18.7,0,0,0.028,-0.012,-1.001,0.3,-0.6,0
76.3790152000017,0,0.01,18.7,0,0,0.028,-0.012,-1.001,0.3,-0.6,0
76.3890152000017,0,0.01,18.7,0,0,0.028,-0.012,-1.001,0.3,-0.6,0
76.3990152000017,0,0.01,18.7,0,0,0.028,-0.012,-1.001,0.3,-0.6,0
76.4090152000017,0,0.01,18.7,0,0,0.028,-0.012,-1.001,0.3,-0.6,0
76.4190152000017,0,0.01,18.8,0,0,0.028,-0.013,-0.997,0.1,-0.5,0
76.4290152000017,0,0.01,18.8,0,0,0.028,-0.013,-0.997,0.1,-0.5,0
76.4390152000017,0,0.01,18.8,0,0,0.028,-0.013,-0.997,0.1,-0.5,0
76.4490152000017,0,0.01,18.8,0,0,0.028,-0.013,-0.997,0.1,-0.5,0
76.4590152000017,0,0.01,18.8,0,0,0.028,-0.013,-0.997,0.1,-0.5,0
76.4690152000017,0,0.01,18.7,0,0,0.029,-0.014,-1.001,0.1,-0.6,0
76.4790152000018,0,0.01,18.7,0,0,0.029,-0.014,-1.001,0.1,-0.6,0
76.4890152000017,0,0.01,18.7,0,0,0.029,-0.014,-1.001,0.1,-0.6,0
76.4990152000018,0,0.01,18.7,0,0,0.029,-0.014,-1.001,0.1,-0.6,0
76.5090152000018,0,0.01,18.7,0,0,0.029,-0.014,-1.001,0.1,-0.6,0
76.5190152000018,0,0.01,18.7,0,0,0.028,-0.014,-0.996,0.3,-0.5,0
76.5290152000018,0,0.01,18.7,0,0,0.028,-0.014,-0.996,0.3,-0.5,0
76.5390152000018,0,0.01,18.7,0,0,0.028,-0.014,-0.996,0.3,-0.5,0
76.5490152000018,0,0.01,18.7,0,0,0.028,-0.014,-0.996,0.3,-0.5,0
76.5590152000018,0,0.01,18.7,0,0,0.028,-0.014,-0.996,0.3,-0.5,0
76.5690152000018,0,0.01,18.8,0,0,0.028,-0.013,-1.006,0.4,-0.6,0
76.5790152000018,0,0.01,18.8,0,0,0.028,-0.013,-1.006,0.4,-0.6,0
76.5890152000018,0,0.01,18.8,0,0,0.028,-0.013,-1.006,0.4,-0.6,0
76.5990152000018,0,0.01,18.8,0,0,0.028,-0.013,-1.006,0.4,-0.6,0
76.6090152000018,0,0.01,18.8,0,0,0.028,-0.013,-1.006,0.4,-0.6,0
76.6190152000018,0,0.01,18.8,0,0,0.027,-0.013,-0.997,0.4,-0.5,0
76.6290152000018,0,0.01,18.8,0,0,0.027,-0.013,-0.997,0.4,-0.5,0
76.6390152000018,0,0.01,18.8,0,0,0.027,-0.013,-0.997,0.4,-0.5,0
76.6490152000018,0,0.01,18.8,0,0,0.027,-0.013,-0.997,0.4,-0.5,0
76.6590152000018,0,0.01,18.8,0,0,0.027,-0.013,-0.997,0.4,-0.5,0
76.6690152000018,0,0,18.7,0,0,0.028,-0.014,-1.001,0.3,-0.6,0
76.6790152000018,0,0,18.7,0,0,0.028,-0.014,-1.001,0.3,-0.6,0
76.6890152000018,0,0,18.7,0,0,0.028,-0.014,-1.001,0.3,-0.6,0
76.6990152000018,0,0,18.7,0,0,0.028,-0.014,-1.001,0.3,-0.6,0
76.7090152000018,0,0,18.7,0,0,0.028,-0.014,-1.001,0.3,-0.6,0
76.7190152000018,0,0.01,18.8,0,0,0.028,-0.012,-1.001,0.4,-0.6,0
76.7290152000018,0,0.01,18.8,0,0,0.028,-0.012,-1.001,0.4,-0.6,0
76.7390152000018,0,0.01,18.8,0,0,0.028,-0.012,-1.001,0.4,-0.6,0
76.7490152000018,0,0.01,18.8,0,0,0.028,-0.012,-1.001,0.4,-0.6,0
76.7590152000018,0,0.01,18.8,0,0,0.028,-0.012,-1.001,0.4,-0.6,0
76.7690152000018,0,0.01,18.8,0,0,0.028,-0.013,-0.997,0.3,-0.5,0
76.7790152000018,0,0.01,18.8,0,0,0.028,-0.013,-0.997,0.3,-0.5,0
76.7890152000018,0,0.01,18.8,0,0,0.028,-0.013,-0.997,0.3,-0.5,0
76.7990152000018,0,0.01,18.8,0,0,0.028,-0.013,-0.997,0.3,-0.5,0
76.8090152000018,0,0.01,18.8,0,0,0.028,-0.013,-0.997,0.3,-0.5,0
76.8190152000018,0,0,18.7,0,0,0.028,-0.013,-1.003,0.3,-0.5,0
76.8290152000018,0,0,18.7,0,0,0.028,-0.013,-1.003,0.3,-0.5,0
76.8390152000018,0,0,18.7,0,0,0.028,-0.013,-1.003,0.3,-0.5,0
76.8490152000018,0,0,18.7,0,0,0.028,-0.013,-1.003,0.3,-0.5,0
76.8590152000018,0,0,18.7,0,0,0.028,-0.013,-1.003,0.3,-0.5,0
76.8690152000018,0,0,18.7,0,0,0.027,-0.015,-1.002,0.2,-0.6,0
76.8790152000018,0,0,18.7,0,0,0.027,-0.015,-1.002,0.2,-0.6,0
76.8890152000018,0,0,18.7,0,0,0.027,-0.015,-1.002,0.2,-0.6,0
76.8990152000018,0,0,18.7,0,0,0.027,-0.015,-1.002,0.2,-0.6,0
76.9090152000018,0,0,18.7,0,0,0.027,-0.015,-1.002,0.2,-0.6,0
76.9190152000019,0,0.01,18.8,0,0,0.028,-0.013,-1.001,0.4,-0.5,0
76.9290152000019,0,0.01,18.8,0,0,0.028,-0.013,-1.001,0.4,-0.5,0
76.9390152000018,0,0.01,18.8,0,0,0.028,-0.013,-1.001,0.4,-0.5,0
76.9490152000019,0,0.01,18.8,0,0,0.028,-0.013,-1.001,0.4,-0.5,0
76.9590152000019,0,0.01,18.8,0,0,0.028,-0.013,-1.001,0.4,-0.5,0
76.9690152000019,0,0,18.7,0,0,0.029,-0.013,-0.997,0.2,-0.6,0
76.9790152000019,0,0,18.7,0,0,0.029,-0.013,-0.997,0.2,-0.6,0
76.9890152000019,0,0,18.7,0,0,0.029,-0.013,-0.997,0.2,-0.6,0
76.9990152000019,0,0,18.7,0,0,0.029,-0.013,-0.997,0.2,-0.6,0
77.0090152000019,0,0,18.7,0,0,0.029,-0.013,-0.997,0.2,-0.6,0
77.0190152000019,0,0.01,18.7,0,0,0.027,-0.014,-1.001,0.3,-0.5,0
77.0290152000019,0,0.01,18.7,0,0,0.027,-0.014,-1.001,0.3,-0.5,0
77.0390152000019,0,0.01,18.7,0,0,0.027,-0.014,-1.001,0.3,-0.5,0
77.0490152000019,0,0.01,18.7,0,0,0.027,-0.014,-1.001,0.3,-0.5,0
77.0590152000019,0,0.01,18.7,0,0,0.027,-0.014,-1.001,0.3,-0.5,0
77.0690152000019,0,0.01,18.7,0,0,0.028,-0.014,-1.003,0.4,-0.6,0
77.0790152000019,0,0.01,18.7,0,0,0.028,-0.014,-1.003,0.4,-0.6,0
77.0890152000019,0,0.01,18.7,0,0,0.028,-0.014,-1.003,0.4,-0.6,0
77.0990152000019,0,0.01,18.7,0,0,0.028,-0.014,-1.003,0.4,-0.6,0
77.1090152000019,0,0.01,18.7,0,0,0.028,-0.014,-1.003,0.4,-0.6,0
77.1190152000019,0,0,18.7,0,0,0.028,-0.014,-1.004,0.3,-0.6,0
77.1290152000019,0,0,18.7,0,0,0.028,-0.014,-1.004,0.3,-0.6,0
77.1390152000019,0,0,18.7,0,0,0.028,-0.014,-1.004,0.3,-0.6,0
77.1490152000019,0,0,18.7,0,0,0.028,-0.014,-1.004,0.3,-0.6,0
77.1590152000019,0,0,18.7,0,0,0.028,-0.014,-1.004,0.3,-0.6,0
77.1690152000019,0,0.01,18.7,0,0,0.028,-0.012,-0.996,0.3,-0.5,0
77.1790152000019,0,0.01,18.7,0,0,0.028,-0.012,-0.996,0.3,-0.5,0
77.1890152000019,0,0.01,18.7,0,0,0.028,-0.012,-0.996,0.3,-0.5,0
77.1990152000019,0,0.01,18.7,0,0,0.028,-0.012,-0.996,0.3,-0.5,0
77.2090152000019,0,0.01,18.7,0,0,0.028,-0.012,-0.996,0.3,-0.5,0
77.2190152000019,0,0.01,18.7,0,0,0.028,-0.014,-1.005,0.3,-0.5,0
77.2290152000019,0,0.01,18.7,0,0,0.028,-0.014,-1.005,0.3,-0.5,0
77.2390152000019,0,0.01,18.7,0,0,0.028,-0.014,-1.005,0.3,-0.5,0
77.2490152000019,0,0.01,18.7,0,0,0.028,-0.014,-1.005,0.3,-0.5,0
77.2590152000019,0,0.01,18.7,0,0,0.028,-0.014,-1.005,0.3,-0.5,0
77.2690152000019,0,0,18.7,0,0,0.03,-0.014,-0.997,0.3,-0.6,0
77.2790152000019,0,0,18.7,0,0,0.03,-0.014,-0.997,0.3,-0.6,0
77.2890152000019,0,0,18.7,0,0,0.03,-0.014,-0.997,0.3,-0.6,0
77.2990152000019,0,0,18.7,0,0,0.03,-0.014,-0.997,0.3,-0.6,0
77.3090152000019,0,0,18.7,0,0,0.03,-0.014,-0.997,0.3,-0.6,0
77.3190152000019,0,0.01,18.7,0,0,0.027,-0.012,-1,0.2,-0.5,0
77.3290152000019,0,0.01,18.7,0,0,0.027,-0.012,-1,0.2,-0.5,0
77.3390152000019,0,0.01,18.7,0,0,0.027,-0.012,-1,0.2,-0.5,0
77.3490152000019,0,0.01,18.7,0,0,0.027,-0.012,-1,0.2,-0.5,0
77.3590152000019,0,0.01,18.7,0,0,0.027,-0.012,-1,0.2,-0.5,0
77.369015200002,0,0.01,18.8,0,0,0.029,-0.014,-1,0.3,-0.6,0.1
77.379015200002,0,0.01,18.8,0,0,0.029,-0.014,-1,0.3,-0.6,0.1
77.3890152000019,0,0.01,18.8,0,0,0.029,-0.014,-1,0.3,-0.6,0.1
77.399015200002,0,0.01,18.8,0,0,0.029,-0.014,-1,0.3,-0.6,0.1
77.409015200002,0,0.01,18.8,0,0,0.029,-0.014,-1,0.3,-0.6,0.1
77.419015200002,0,0.01,18.8,0,0,0.028,-0.011,-0.998,0.3,-0.4,0
77.429015200002,0,0.01,18.8,0,0,0.028,-0.011,-0.998,0.3,-0.4,0
77.439015200002,0,0.01,18.8,0,0,0.028,-0.011,-0.998,0.3,-0.4,0
77.449015200002,0,0.01,18.8,0,0,0.028,-0.011,-0.998,0.3,-0.4,0
77.459015200002,0,0.01,18.8,0,0,0.028,-0.011,-0.998,0.3,-0.4,0
77.469015200002,0,0.01,18.8,0,0,0.028,-0.015,-1.006,0.3,-0.5,0
77.479015200002,0,0.01,18.8,0,0,0.028,-0.015,-1.006,0.3,-0.5,0
77.489015200002,0,0.01,18.8,0,0,0.028,-0.015,-1.006,0.3,-0.5,0
77.499015200002,0,0.01,18.8,0,0,0.028,-0.015,-1.006,0.3,-0.5,0
77.509015200002,0,0.01,18.8,0,0,0.028,-0.015,-1.006,0.3,-0.5,0
77.519015200002,0,0.01,18.8,0,0,0.027,-0.013,-0.996,0.2,-0.6,0
77.529015200002,0,0.01,18.8,0,0,0.027,-0.013,-0.996,0.2,-0.6,0
77.539015200002,0,0.01,18.8,0,0,0.027,-0.013,-0.996,0.2,-0.6,0
77.549015200002,0,0.01,18.8,0,0,0.027,-0.013,-0.996,0.2,-0.6,0
77.559015200002,0,0.01,18.8,0,0,0.027,-0.013,-0.996,0.2,-0.6,0
77.569015200002,0,0.01,18.7,0,0,0.029,-0.013,-1.001,0.3,-0.5,0
77.579015200002,0,0.01,18.7,0,0,0.029,-0.013,-1.001,0.3,-0.5,0
77.589015200002,0,0.01,18.7,0,0,0.029,-0.013,-1.001,0.3,-0.5,0
77.599015200002,0,0.01,18.7,0,0,0.029,-0.013,-1.001,0.3,-0.5,0
77.609015200002,0,0.01,18.7,0,0,0.029,-0.013,-1.001,0.3,-0.5,0
77.619015200002,0,0.01,18.7,0,0,0.028,-0.013,-0.996,0.3,-0.5,0
77.629015200002,0,0.01,18.7,0,0,0.028,-0.013,-0.996,0.3,-0.5,0
77.639015200002,0,0.01,18.7,0,0,0.028,-0.013,-0.996,0.3,-0.5,0
77.649015200002,0,0.01,18.7,0,0,0.028,-0.013,-0.996,0.3,-0.5,0
77.659015200002,0,0.01,18.7,0,0,0.028,-0.013,-0.996,0.3,-0.5,0
77.669015200002,0,0.01,18.8,0,0,0.028,-0.013,-1.005,0.3,-0.5,0
77.679015200002,0,0.01,18.8,0,0,0.028,-0.013,-1.005,0.3,-0.5,0
77.689015200002,0,0.01,18.8,0,0,0.028,-0.013,-1.005,0.3,-0.5,0
77.699015200002,0,0.01,18.8,0,0,0.028,-0.013,-1.005,0.3,-0.5,0
77.709015200002,0,0.01,18.8,0,0,0.028,-0.013,-1.005,0.3,-0.5,0
77.719015200002,0,0,18.7,0,0,0.031,-0.013,-0.996,0.3,-0.5,0
77.729015200002,0,0,18.7,0,0,0.031,-0.013,-0.996,0.3,-0.5,0
77.739015200002,0,0,18.7,0,0,0.031,-0.013,-0.996,0.3,-0.5,0
77.749015200002,0,0,18.7,0,0,0.031,-0.013,-0.996,0.3,-0.5,0
77.759015200002,0,0,18.7,0,0,0.031,-0.013,-0.996,0.3,-0.5,0
77.769015200002,0,0.01,18.7,0,0,0.027,-0.013,-1.004,0.3,-0.5,0
77.779015200002,0,0.01,18.7,0,0,0.027,-0.013,-1.004,0.3,-0.5,0
77.789015200002,0,0.01,18.7,0,0,0.027,-0.013,-1.004,0.3,-0.5,0
77.799015200002,0,0.01,18.7,0,0,0.027,-0.013,-1.004,0.3,-0.5,0
77.8090152000021,0,0.01,18.7,0,0,0.027,-0.013,-1.004,0.3,-0.5,0
77.8190152000021,0,0,18.7,0,0,0.029,-0.013,-1,0.3,-0.5,0
77.8290152000021,0,0,18.7,0,0,0.029,-0.013,-1,0.3,-0.5,0
77.8390152000021,0,0,18.7,0,0,0.029,-0.013,-1,0.3,-0.5,0
77.8490152000021,0,0,18.7,0,0,0.029,-0.013,-1,0.3,-0.5,0
77.8590152000021,0,0,18.7,0,0,0.029,-0.013,-1,0.3,-0.5,0
77.8690152000021,0,0,18.7,0,0,0.029,-0.013,-0.998,0.2,-0.5,0
77.8790152000021,0,0,18.7,0,0,0.029,-0.013,-0.998,0.2,-0.5,0
77.8890152000021,0,0,18.7,0,0,0.029,-0.013,-0.998,0.2,-0.5,0
77.8990152000021,0,0,18.7,0,0,0.029,-0.013,-0.998,0.2,-0.5,0
77.9090152000021,0,0,18.7,0,0,0.029,-0.013,-0.998,0.2,-0.5,0
77.9190152000021,0,0.01,18.8,0,0,0.027,-0.014,-1.002,0.1,-0.5,0
77.9290152000021,0,0.01,18.8,0,0,0.027,-0.014,-1.002,0.1,-0.5,0
77.9390152000021,0,0.01,18.8,0,0,0.027,-0.014,-1.002,0.1,-0.5,0
77.9490152000021,0,0.01,18.8,0,0,0.027,-0.014,-1.002,0.1,-0.5,0
77.9590152000021,0,0.01,18.8,0,0,0.027,-0.014,-1.002,0.1,-0.5,0
77.9690152000021,0,0.01,18.7,0,0,0.028,-0.014,-1.003,0.4,-0.6,0
77.9790152000021,0,0.01,18.7,0,0,0.028,-0.014,-1.003,0.4,-0.6,0
77.9890152000021,0,0.01,18.7,0,0,0.028,-0.014,-1.003,0.4,-0.6,0
77.9990152000021,0,0.01,18.7,0,0,0.028,-0.014,-1.003,0.4,-0.6,0
78.0090152000021,0,0.01,18.7,0,0,0.028,-0.014,-1.003,0.4,-0.6,0
78.0190152000021,0,0.01,18.8,0,0,0.028,-0.013,-1,0.3,-0.6,0
78.0290152000021,0,0.01,18.8,0,0,0.028,-0.013,-1,0.3,-0.6,0
78.0390152000021,0,0.01,18.8,0,0,0.028,-0.013,-1,0.3,-0.6,0
78.0490152000021,0,0.01,18.8,0,0,0.028,-0.013,-1,0.3,-0.6,0
78.0590152000021,0,0.01,18.8,0,0,0.028,-0.013,-1,0.3,-0.6,0
78.0690152000021,0,0.01,18.8,0,0,0.028,-0.014,-1.005,0.3,-0.4,0
78.0790152000021,0,0.01,18.8,0,0,0.028,-0.014,-1.005,0.3,-0.4,0
78.0890152000021,0,0.01,18.8,0,0,0.028,-0.014,-1.005,0.3,-0.4,0
78.0990152000021,0,0.01,18.8,0,0,0.028,-0.014,-1.005,0.3,-0.4,0
78.1090152000021,0,0.01,18.8,0,0,0.028,-0.014,-1.005,0.3,-0.4,0
78.1190152000021,0,0.01,18.7,0,0,0.028,-0.013,-0.999,0.4,-0.6,0.1
78.1290152000021,0,0.01,18.7,0,0,0.028,-0.013,-0.999,0.4,-0.6,0.1
78.1390152000021,0,0.01,18.7,0,0,0.028,-0.013,-0.999,0.4,-0.6,0.1
78.1490152000021,0,0.01,18.7,0,0,0.028,-0.013,-0.999,0.4,-0.6,0.1
78.1590152000021,0,0.01,18.7,0,0,0.028,-0.013,-0.999,0.4,-0.6,0.1
78.1690152000021,0,0,18.7,0,0,0.028,-0.011,-0.997,0.3,-0.5,0
78.1790152000021,0,0,18.7,0,0,0.028,-0.011,-0.997,0.3,-0.5,0
78.1890152000021,0,0,18.7,0,0,0.028,-0.011,-0.997,0.3,-0.5,0
78.1990152000021,0,0,18.7,0,0,0.028,-0.011,-0.997,0.3,-0.5,0
78.2090152000021,0,0,18.7,0,0,0.028,-0.011,-0.997,0.3,-0.5,0
78.2190152000021,0,0,18.7,0,0,0.029,-0.015,-1.002,0.3,-0.5,0
78.2290152000022,0,0,18.7,0,0,0.029,-0.015,-1.002,0.3,-0.5,0
78.2390152000021,0,0,18.7,0,0,0.029,-0.015,-1.002,0.3,-0.5,0
78.2490152000021,0,0,18.7,0,0,0.029,-0.015,-1.002,0.3,-0.5,0
78.2590152000022,0,0,18.7,0,0,0.029,-0.015,-1.002,0.3,-0.5,0
78.2690152000022,0,0.01,18.7,0,0,0.03,-0.012,-0.998,0.3,-0.5,0
78.2790152000022,0,0.01,18.7,0,0,0.03,-0.012,-0.998,0.3,-0.5,0
78.2890152000022,0,0.01,18.7,0,0,0.03,-0.012,-0.998,0.3,-0.5,0
78.2990152000022,0,0.01,18.7,0,0,0.03,-0.012,-0.998,0.3,-0.5,0
78.3090152000022,0,0.01,18.7,0,0,0.03,-0.012,-0.998,0.3,-0.5,0
78.3190152000022,0,0.01,18.7,0,0,0.028,-0.013,-1.002,0.3,-0.6,0
78.3290152000022,0,0.01,18.7,0,0,0.028,-0.013,-1.002,0.3,-0.6,0
78.3390152000022,0,0.01,18.7,0,0,0.028,-0.013,-1.002,0.3,-0.6,0
78.3490152000022,0,0.01,18.7,0,0,0.028,-0.013,-1.002,0.3,-0.6,0
78.3590152000022,0,0.01,18.7,0,0,0.028,-0.013,-1.002,0.3,-0.6,0
78.3690152000022,0,0.01,18.8,0,0,0.028,-0.012,-1.003,0.1,-0.5,0
78.3790152000022,0,0.01,18.8,0,0,0.028,-0.012,-1.003,0.1,-0.5,0
78.3890152000022,0,0.01,18.8,0,0,0.028,-0.012,-1.003,0.1,-0.5,0
78.3990152000022,0,0.01,18.8,0,0,0.028,-0.012,-1.003,0.1,-0.5,0
78.4090152000022,0,0.01,18.8,0,0,0.028,-0.012,-1.003,0.1,-0.5,0
78.4190152000022,0,0.01,18.7,0,0,0.028,-0.013,-1.006,0.2,-0.6,0
78.4290152000022,0,0.01,18.7,0,0,0.028,-0.013,-1.006,0.2,-0.6,0
78.4390152000022,0,0.01,18.7,0,0,0.028,-0.013,-1.006,0.2,-0.6,0
78.4490152000022,0,0.01,18.7,0,0,0.028,-0.013,-1.006,0.2,-0.6,0
78.4590152000022,0,0.01,18.7,0,0,0.028,-0.013,-1.006,0.2,-0.6,0
78.4690152000022,0,0.01,18.8,0,0,0.028,-0.015,-1.007,0.3,-0.6,0
78.4790152000022,0,0.01,18.8,0,0,0.028,-0.015,-1.007,0.3,-0.6,0
78.4890152000022,0,0.01,18.8,0,0,0.028,-0.015,-1.007,0.3,-0.6,0
78.4990152000022,0,0.01,18.8,0,0,0.028,-0.015,-1.007,0.3,-0.6,0
78.5090152000022,0,0.01,18.8,0,0,0.028,-0.015,-1.007,0.3,-0.6,0
78.5190152000022,0,0,18.7,0,0,0.028,-0.014,-1.003,0.2,-0.6,0
78.5290152000022,0,0,18.7,0,0,0.028,-0.014,-1.003,0.2,-0.6,0
78.5390152000022,0,0,18.7,0,0,0.028,-0.014,-1.003,0.2,-0.6,0
78.5490152000022,0,0,18.7,0,0,0.028,-0.014,-1.003,0.2,-0.6,0
78.5590152000022,0,0,18.7,0,0,0.028,-0.014,-1.003,0.2,-0.6,0
78.5690152000022,0,0.01,18.7,0,0,0.028,-0.013,-1,0.3,-0.6,0.1
78.5790152000022,0,0.01,18.7,0,0,0.028,-0.013,-1,0.3,-0.6,0.1
78.5890152000022,0,0.01,18.7,0,0,0.028,-0.013,-1,0.3,-0.6,0.1
78.5990152000022,0,0.01,18.7,0,0,0.028,-0.013,-1,0.3,-0.6,0.1
78.6090152000022,0,0.01,18.7,0,0,0.028,-0.013,-1,0.3,-0.6,0.1
78.6190152000022,0,0.01,18.7,0,0,0.028,-0.013,-1.003,0.3,-0.5,0
78.6290152000022,0,0.01,18.7,0,0,0.028,-0.013,-1.003,0.3,-0.5,0
78.6390152000022,0,0.01,18.7,0,0,0.028,-0.013,-1.003,0.3,-0.5,0
78.6490152000022,0,0.01,18.7,0,0,0.028,-0.013,-1.003,0.3,-0.5,0
78.6590152000022,0,0.01,18.7,0,0,0.028,-0.013,-1.003,0.3,-0.5,0
78.6690152000022,0,0,18.8,0,0,0.028,-0.014,-1.001,0.3,-0.4,0
78.6790152000023,0,0,18.8,0,0,0.028,-0.014,-1.001,0.3,-0.4,0
78.6890152000022,0,0,18.8,0,0,0.028,-0.014,-1.001,0.3,-0.4,0
78.6990152000023,0,0,18.8,0,0,0.028,-0.014,-1.001,0.3,-0.4,0
78.7090152000023,0,0,18.8,0,0,0.028,-0.014,-1.001,0.3,-0.4,0
78.7190152000023,0,0.01,18.7,0,0,0.028,-0.012,-1.003,0.2,-0.5,0
78.7290152000023,0,0.01,18.7,0,0,0.028,-0.012,-1.003,0.2,-0.5,0
78.7390152000023,0,0.01,18.7,0,0,0.028,-0.012,-1.003,0.2,-0.5,0
78.7490152000023,0,0.01,18.7,0,0,0.028,-0.012,-1.003,0.2,-0.5,0
78.7590152000023,0,0.01,18.7,0,0,0.028,-0.012,-1.003,0.2,-0.5,0
78.7690152000023,0,0.01,18.8,0,0,0.028,-0.014,-0.997,0.2,-0.6,0
78.7790152000023,0,0.01,18.8,0,0,0.028,-0.014,-0.997,0.2,-0.6,0
78.7890152000023,0,0.01,18.8,0,0,0.028,-0.014,-0.997,0.2,-0.6,0
78.7990152000023,0,0.01,18.8,0,0,0.028,-0.014,-0.997,0.2,-0.6,0
78.8090152000023,0,0.01,18.8,0,0,0.028,-0.014,-0.997,0.2,-0.6,0
78.8190152000023,0,0,18.7,0,0,0.027,-0.014,-1.001,0.3,-0.4,0
78.8290152000023,0,0,18.7,0,0,0.027,-0.014,-1.001,0.3,-0.4,0
78.8390152000023,0,0,18.7,0,0,0.027,-0.014,-1.001,0.3,-0.4,0
78.8490152000023,0,0,18.7,0,0,0.027,-0.014,-1.001,0.3,-0.4,0
78.8590152000023,0,0,18.7,0,0,0.027,-0.014,-1.001,0.3,-0.4,0
78.8690152000023,0,0,18.8,0,0,0.029,-0.015,-1,0.4,-0.6,0
78.8790152000023,0,0,18.8,0,0,0.029,-0.015,-1,0.4,-0.6,0
78.8890152000023,0,0,18.8,0,0,0.029,-0.015,-1,0.4,-0.6,0
78.8990152000023,0,0,18.8,0,0,0.029,-0.015,-1,0.4,-0.6,0
78.9090152000023,0,0,18.8,0,0,0.029,-0.015,-1,0.4,-0.6,0
78.9190152000023,0,0.01,18.7,0,0,0.028,-0.012,-1.005,0.3,-0.5,0.1
78.9290152000023,0,0.01,18.7,0,0,0.028,-0.012,-1.005,0.3,-0.5,0.1
78.9390152000023,0,0.01,18.7,0,0,0.028,-0.012,-1.005,0.3,-0.5,0.1
78.9490152000023,0,0.01,18.7,0,0,0.028,-0.012,-1.005,0.3,-0.5,0.1
78.9590152000023,0,0.01,18.7,0,0,0.028,-0.012,-1.005,0.3,-0.5,0.1
78.9690152000023,0,0.02,18.6,0,0,0.028,-0.014,-1.005,0.3,-0.6,0
78.9790152000023,0,0.02,18.6,0,0,0.028,-0.014,-1.005,0.3,-0.6,0
78.9890152000023,0,0.02,18.6,0,0,0.028,-0.014,-1.005,0.3,-0.6,0
78.9990152000023,0,0.02,18.6,0,0,0.028,-0.014,-1.005,0.3,-0.6,0
79.0090152000023,0,0.02,18.6,0,0,0.028,-0.014,-1.005,0.3,-0.6,0
79.0190152000023,0,0.02,18.7,0,0,0.027,-0.013,-0.998,0.2,-0.6,0
79.0290152000023,0,0.02,18.7,0,0,0.027,-0.013,-0.998,0.2,-0.6,0
79.0390152000023,0,0.02,18.7,0,0,0.027,-0.013,-0.998,0.2,-0.6,0
79.0490152000023,0,0.02,18.7,0,0,0.027,-0.013,-0.998,0.2,-0.6,0
79.0590152000023,0,0.02,18.7,0,0,0.027,-0.013,-0.998,0.2,-0.6,0
79.0690152000023,0,0.02,18.7,0,0,0.028,-0.012,-1,0.3,-0.6,0
79.0790152000023,0,0.02,18.7,0,0,0.028,-0.012,-1,0.3,-0.6,0
79.0890152000023,0,0.02,18.7,0,0,0.028,-0.012,-1,0.3,-0.6,0
79.0990152000023,0,0.02,18.7,0,0,0.028,-0.012,-1,0.3,-0.6,0
79.1090152000023,0,0.02,18.7,0,0,0.028,-0.012,-1,0.3,-0.6,0
79.1190152000024,0,0,18.7,0,0,0.029,-0.014,-0.999,0.3,-0.6,0.1
79.1290152000024,0,0,18.7,0,0,0.029,-0.014,-0.999,0.3,-0.6,0.1
79.1390152000023,0,0,18.7,0,0,0.029,-0.014,-0.999,0.3,-0.6,0.1
79.1490152000024,0,0,18.7,0,0,0.029,-0.014,-0.999,0.3,-0.6,0.1
79.1590152000024,0,0,18.7,0,0,0.029,-0.014,-0.999,0.3,-0.6,0.1
79.1690152000024,0,0.02,18.7,0,0,0.027,-0.011,-0.995,0.3,-0.5,0
79.1790152000024,0,0.02,18.7,0,0,0.027,-0.011,-0.995,0.3,-0.5,0
79.1890152000024,0,0.02,18.7,0,0,0.027,-0.011,-0.995,0.3,-0.5,0
79.1990152000024,0,0.02,18.7,0,0,0.027,-0.011,-0.995,0.3,-0.5,0
79.2090152000024,0,0.02,18.7,0,0,0.027,-0.011,-0.995,0.3,-0.5,0
79.2190152000024,0,0.01,18.6,0,0,0.029,-0.015,-1.003,0.3,-0.6,0
79.2290152000024,0,0.01,18.6,0,0,0.029,-0.015,-1.003,0.3,-0.6,0
79.2390152000024,0,0.01,18.6,0,0,0.029,-0.015,-1.003,0.3,-0.6,0
79.2490152000024,0,0.01,18.6,0,0,0.029,-0.015,-1.003,0.3,-0.6,0
79.2590152000024,0,0.01,18.6,0,0,0.029,-0.015,-1.003,0.3,-0.6,0
79.2690152000024,0,0.01,18.6,0,0,0.029,-0.012,-0.997,0.3,-0.5,0
79.2790152000024,0,0.01,18.6,0,0,0.029,-0.012,-0.997,0.3,-0.5,0
79.2890152000024,0,0.01,18.6,0,0,0.029,-0.012,-0.997,0.3,-0.5,0
79.2990152000024,0,0.01,18.6,0,0,0.029,-0.012,-0.997,0.3,-0.5,0
79.3090152000024,0,0.01,18.6,0,0,0.029,-0.012,-0.997,0.3,-0.5,0
79.3190152000024,0,0.01,18.6,0,0,0.029,-0.015,-1,0.3,-0.5,0
79.3290152000024,0,0.01,18.6,0,0,0.029,-0.015,-1,0.3,-0.5,0
79.3390152000024,0,0.01,18.6,0,0,0.029,-0.015,-1,0.3,-0.5,0
79.3490152000024,0,0.01,18.6,0,0,0.029,-0.015,-1,0.3,-0.5,0
79.3590152000024,0,0.01,18.6,0,0,0.029,-0.015,-1,0.3,-0.5,0
79.3690152000024,0,0.01,18.6,0,0,0.028,-0.013,-1.002,0.3,-0.5,0
79.3790152000024,0,0.01,18.6,0,0,0.028,-0.013,-1.002,0.3,-0.5,0
79.3890152000024,0,0.01,18.6,0,0,0.028,-0.013,-1.002,0.3,-0.5,0
79.3990152000024,0,0.01,18.6,0,0,0.028,-0.013,-1.002,0.3,-0.5,0
79.4090152000024,0,0.01,18.6,0,0,0.028,-0.013,-1.002,0.3,-0.5,0
79.4190152000024,0,0.02,18.7,0,0,0.029,-0.013,-0.999,0.3,-0.6,0
79.4290152000024,0,0.02,18.7,0,0,0.029,-0.013,-0.999,0.3,-0.6,0
79.4390152000024,0,0.02,18.7,0,0,0.029,-0.013,-0.999,0.3,-0.6,0
79.4490152000024,0,0.02,18.7,0,0,0.029,-0.013,-0.999,0.3,-0.6,0
79.4590152000024,0,0.02,18.7,0,0,0.029,-0.013,-0.999,0.3,-0.6,0
79.4690152000024,0,0.01,18.6,0,0,0.028,-0.013,-1,0.3,-0.5,0
79.4790152000024,0,0.01,18.6,0,0,0.028,-0.013,-1,0.3,-0.5,0
79.4890152000024,0,0.01,18.6,0,0,0.028,-0.013,-1,0.3,-0.5,0
79.4990152000024,0,0.01,18.6,0,0,0.028,-0.013,-1,0.3,-0.5,0
79.5090152000024,0,0.01,18.6,0,0,0.028,-0.013,-1,0.3,-0.5,0
79.5190152000024,0,0.02,18.7,0,0,0.028,-0.013,-1.001,0.3,-0.4,0
79.5290152000024,0,0.02,18.7,0,0,0.028,-0.013,-1.001,0.3,-0.4,0
79.5390152000024,0,0.02,18.7,0,0,0.028,-0.013,-1.001,0.3,-0.4,0
79.5490152000024,0,0.02,18.7,0,0,0.028,-0.013,-1.001,0.3,-0.4,0
79.5590152000024,0,0.02,18.7,0,0,0.028,-0.013,-1.001,0.3,-0.4,0
79.5690152000025,0,0.02,18.7,0,0,0.03,-0.012,-1,0.3,-0.5,0
79.5790152000025,0,0.02,18.7,0,0,0.03,-0.012,-1,0.3,-0.5,0
79.5890152000025,0,0.02,18.7,0,0,0.03,-0.012,-1,0.3,-0.5,0
79.5990152000025,0,0.02,18.7,0,0,0.03,-0.012,-1,0.3,-0.5,0
79.6090152000025,0,0.02,18.7,0,0,0.03,-0.012,-1,0.3,-0.5,0
79.6190152000025,0,0.02,18.7,0,0,0.028,-0.014,-1,0.3,-0.5,0.1
79.6290152000025,0,0.02,18.7,0,0,0.028,-0.014,-1,0.3,-0.5,0.1
79.6390152000025,0,0.02,18.7,0,0,0.028,-0.014,-1,0.3,-0.5,0.1
79.6490152000025,0,0.02,18.7,0,0,0.028,-0.014,-1,0.3,-0.5,0.1
79.6590152000025,0,0.02,18.7,0,0,0.028,-0.014,-1,0.3,-0.5,0.1
79.6690152000025,0,0,18.7,0,0,0.029,-0.013,-1,0.3,-0.6,0
79.6790152000025,0,0,18.7,0,0,0.029,-0.013,-1,0.3,-0.6,0
79.6890152000025,0,0,18.7,0,0,0.029,-0.013,-1,0.3,-0.6,0
79.6990152000025,0,0,18.7,0,0,0.029,-0.013,-1,0.3,-0.6,0
79.7090152000025,0,0,18.7,0,0,0.029,-0.013,-1,0.3,-0.6,0
79.7190152000025,0,0.02,18.7,0,0,0.027,-0.015,-1.003,0.4,-0.5,0.1
79.7290152000025,0,0.02,18.7,0,0,0.027,-0.015,-1.003,0.4,-0.5,0.1
79.7390152000025,0,0.02,18.7,0,0,0.027,-0.015,-1.003,0.4,-0.5,0.1
79.7490152000025,0,0.02,18.7,0,0,0.027,-0.015,-1.003,0.4,-0.5,0.1
79.7590152000025,0,0.02,18.7,0,0,0.027,-0.015,-1.003,0.4,-0.5,0.1
79.7690152000025,0,0,18.7,0,0,0.029,-0.013,-1,0.3,-0.5,0
79.7790152000025,0,0,18.7,0,0,0.029,-0.013,-1,0.3,-0.5,0
79.7890152000025,0,0,18.7,0,0,0.029,-0.013,-1,0.3,-0.5,0
79.7990152000025,0,0,18.7,0,0,0.029,-0.013,-1,0.3,-0.5,0
79.8090152000025,0,0,18.7,0,0,0.029,-0.013,-1,0.3,-0.5,0
79.8190152000025,0,0.02,18.6,0,0,0.028,-0.013,-1.002,0.2,-0.5,0
79.8290152000025,0,0.02,18.6,0,0,0.028,-0.013,-1.002,0.2,-0.5,0
79.8390152000025,0,0.02,18.6,0,0,0.028,-0.013,-1.002,0.2,-0.5,0
79.8490152000025,0,0.02,18.6,0,0,0.028,-0.013,-1.002,0.2,-0.5,0
79.8590152000025,0,0.02,18.6,0,0,0.028,-0.013,-1.002,0.2,-0.5,0
79.8690152000025,0,0.02,18.7,0,0,0.027,-0.014,-1.004,0.3,-0.6,0
79.8790152000025,0,0.02,18.7,0,0,0.027,-0.014,-1.004,0.3,-0.6,0
79.8890152000025,0,0.02,18.7,0,0,0.027,-0.014,-1.004,0.3,-0.6,0
79.8990152000025,0,0.02,18.7,0,0,0.027,-0.014,-1.004,0.3,-0.6,0
79.9090152000025,0,0.02,18.7,0,0,0.027,-0.014,-1.004,0.3,-0.6,0
79.9190152000025,0,0.02,18.7,0,0,0.029,-0.014,-1,0.3,-0.5,0
79.9290152000025,0,0.02,18.7,0,0,0.029,-0.014,-1,0.3,-0.5,0
79.9390152000025,0,0.02,18.7,0,0,0.029,-0.014,-1,0.3,-0.5,0
79.9490152000025,0,0.02,18.7,0,0,0.029,-0.014,-1,0.3,-0.5,0
79.9590152000025,0,0.02,18.7,0,0,0.029,-0.014,-1,0.3,-0.5,0
79.9690152000025,0,0.02,18.6,0,0,0.027,-0.013,-1.003,0.3,-0.6,0
79.9790152000026,0,0.02,18.6,0,0,0.027,-0.013,-1.003,0.3,-0.6,0
79.9890152000025,0,0.02,18.6,0,0,0.027,-0.013,-1.003,0.3,-0.6,0
79.9990152000025,0,0.02,18.6,0,0,0.027,-0.013,-1.003,0.3,-0.6,0
80.0090152000026,0,0.02,18.6,0,0,0.027,-0.013,-1.003,0.3,-0.6,0
80.0190152000026,0,0.01,18.7,0,0,0.027,-0.013,-1.001,0.2,-0.5,0
80.0290152000026,0,0.01,18.7,0,0,0.027,-0.013,-1.001,0.2,-0.5,0
80.0390152000026,0,0.01,18.7,0,0,0.027,-0.013,-1.001,0.2,-0.5,0
80.0490152000026,0,0.01,18.7,0,0,0.027,-0.013,-1.001,0.2,-0.5,0
80.0590152000026,0,0.01,18.7,0,0,0.027,-0.013,-1.001,0.2,-0.5,0
80.0690152000026,0,0.02,18.7,0,0,0.028,-0.013,-0.998,0.3,-0.6,0
80.0790152000026,0,0.02,18.7,0,0,0.028,-0.013,-0.998,0.3,-0.6,0
80.0890152000026,0,0.02,18.7,0,0,0.028,-0.013,-0.998,0.3,-0.6,0
80.0990152000026,0,0.02,18.7,0,0,0.028,-0.013,-0.998,0.3,-0.6,0
80.1090152000026,0,0.02,18.7,0,0,0.028,-0.013,-0.998,0.3,-0.6,0
86.1508509,0,0.02,18.7,0,0,0.029,-0.013,-1,0.3,-0.5,0
86.1608509,0,0.02,18.7,0,0,0.029,-0.013,-1,0.3,-0.5,0
86.1708509,0,0.02,18.7,0,0,0.029,-0.013,-1,0.3,-0.5,0
86.1808509,0,0.02,18.7,0,0,0.029,-0.013,-1,0.3,-0.5,0
86.1908509,0,0.02,18.7,0,0,0.029,-0.013,-1,0.3,-0.5,0
86.2008509,0,0.02,18.7,0,0,0.028,-0.013,-0.999,0.3,-0.5,0
86.2108509,0,0.02,18.7,0,0,0.028,-0.013,-0.999,0.3,-0.5,0
86.2208509,0,0.02,18.7,0,0,0.028,-0.013,-0.999,0.3,-0.5,0
86.2308509,0,0.02,18.7,0,0,0.028,-0.013,-0.999,0.3,-0.5,0
86.2408509,0,0.02,18.7,0,0,0.028,-0.013,-0.999,0.3,-0.5,0
86.2508509,0,0.02,18.7,0,0,0.029,-0.014,-1.004,0.3,-0.6,0
86.2608509,0,0.02,18.7,0,0,0.029,-0.014,-1.004,0.3,-0.6,0
86.2708509,0,0.02,18.7,0,0,0.029,-0.014,-1.004,0.3,-0.6,0
86.2808509,0,0.02,18.7,0,0,0.029,-0.014,-1.004,0.3,-0.6,0
86.2908509,0,0.02,18.7,0,0,0.029,-0.014,-1.004,0.3,-0.6,0
86.3008509,0,0.01,18.6,0,0,0.028,-0.013,-0.996,0.3,-0.6,0
86.3108509,0,0.01,18.6,0,0,0.028,-0.013,-0.996,0.3,-0.6,0
86.3208509,0,0.01,18.6,0,0,0.028,-0.013,-0.996,0.3,-0.6,0
86.3308509,0,0.01,18.6,0,0,0.028,-0.013,-0.996,0.3,-0.6,0
86.3408509,0,0.01,18.6,0,0,0.028,-0.013,-0.996,0.3,-0.6,0
86.3508509,0,0.02,18.7,0,0,0.029,-0.015,-1.008,0.2,-0.4,0
86.3608509,0,0.02,18.7,0,0,0.029,-0.015,-1.008,0.2,-0.4,0
86.3708509,0,0.02,18.7,0,0,0.029,-0.015,-1.008,0.2,-0.4,0
86.3808509,0,0.02,18.7,0,0,0.029,-0.015,-1.008,0.2,-0.4,0
86.3908509,0,0.02,18.7,0,0,0.029,-0.015,-1.008,0.2,-0.4,0
86.4008509000001,0,0.02,18.6,0,0,0.028,-0.012,-0.997,0.4,-0.6,0
86.4108509000001,0,0.02,18.6,0,0,0.028,-0.012,-0.997,0.4,-0.6,0
86.4208509,0,0.02,18.6,0,0,0.028,-0.012,-0.997,0.4,-0.6,0
86.4308509000001,0,0.02,18.6,0,0,0.028,-0.012,-0.997,0.4,-0.6,0
86.4408509000001,0,0.02,18.6,0,0,0.028,-0.012,-0.997,0.4,-0.6,0
86.4508509000001,0,0.02,18.7,0,0,0.028,-0.013,-1.005,0.4,-0.6,0
86.4608509000001,0,0.02,18.7,0,0,0.028,-0.013,-1.005,0.4,-0.6,0
86.4708509000001,0,0.02,18.7,0,0,0.028,-0.013,-1.005,0.4,-0.6,0
86.4808509000001,0,0.02,18.7,0,0,0.028,-0.013,-1.005,0.4,-0.6,0
86.4908509000001,0,0.02,18.7,0,0,0.028,-0.013,-1.005,0.4,-0.6,0
86.5008509000001,0,0,18.7,0,0,0.029,-0.014,-1.002,0.3,-0.5,0.1
86.5108509000001,0,0,18.7,0,0,0.029,-0.014,-1.002,0.3,-0.5,0.1
86.5208509000001,0,0,18.7,0,0,0.029,-0.014,-1.002,0.3,-0.5,0.1
86.5308509000001,0,0,18.7,0,0,0.029,-0.014,-1.002,0.3,-0.5,0.1
86.5408509000001,0,0,18.7,0,0,0.029,-0.014,-1.002,0.3,-0.5,0.1
86.5508509000001,0,0.02,18.7,0,0,0.028,-0.012,-1,0.3,-0.6,0
86.5608509000001,0,0.02,18.7,0,0,0.028,-0.012,-1,0.3,-0.6,0
86.5708509000001,0,0.02,18.7,0,0,0.028,-0.012,-1,0.3,-0.6,0
86.5808509000001,0,0.02,18.7,0,0,0.028,-0.012,-1,0.3,-0.6,0
86.5908509000001,0,0.02,18.7,0,0,0.028,-0.012,-1,0.3,-0.6,0
86.6008509000001,0,0,18.6,0,0,0.028,-0.014,-0.998,0.2,-0.5,0
86.6108509000001,0,0,18.6,0,0,0.028,-0.014,-0.998,0.2,-0.5,0
86.6208509000001,0,0,18.6,0,0,0.028,-0.014,-0.998,0.2,-0.5,0
86.6308509000001,0,0,18.6,0,0,0.028,-0.014,-0.998,0.2,-0.5,0
86.6408509000001,0,0,18.6,0,0,0.028,-0.014,-0.998,0.2,-0.5,0
86.6508509000001,0,0.02,18.7,0,0,0.029,-0.013,-0.998,0.3,-0.6,0
86.6608509000001,0,0.02,18.7,0,0,0.029,-0.013,-0.998,0.3,-0.6,0
86.6708509000001,0,0.02,18.7,0,0,0.029,-0.013,-0.998,0.3,-0.6,0
86.6808509000001,0,0.02,18.7,0,0,0.029,-0.013,-0.998,0.3,-0.6,0
86.6908509000001,0,0.02,18.7,0,0,0.029,-0.013,-0.998,0.3,-0.6,0
86.7008509000001,0,0.01,18.6,0,0,0.027,-0.013,-1.002,0.2,-0.5,0
86.7108509000001,0,0.01,18.6,0,0,0.027,-0.013,-1.002,0.2,-0.5,0
86.7208509000001,0,0.01,18.6,0,0,0.027,-0.013,-1.002,0.2,-0.5,0
86.7308509000001,0,0.01,18.6,0,0,0.027,-0.013,-1.002,0.2,-0.5,0
86.7408509000001,0,0.01,18.6,0,0,0.027,-0.013,-1.002,0.2,-0.5,0
86.7508509000001,0,0.02,18.7,0,0,0.027,-0.013,-1.008,0.2,-0.6,0.1
86.7608509000001,0,0.02,18.7,0,0,0.027,-0.013,-1.008,0.2,-0.6,0.1
86.7708509000001,0,0.02,18.7,0,0,0.027,-0.013,-1.008,0.2,-0.6,0.1
86.7808509000001,0,0.02,18.7,0,0,0.027,-0.013,-1.008,0.2,-0.6,0.1
86.7908509000001,0,0.02,18.7,0,0,0.027,-0.013,-1.008,0.2,-0.6,0.1
86.8008509000001,0,0.02,18.7,0,0,0.028,-0.013,-0.998,0.3,-0.6,0
86.8108509000001,0,0.02,18.7,0,0,0.028,-0.013,-0.998,0.3,-0.6,0
86.8208509000001,0,0.02,18.7,0,0,0.028,-0.013,-0.998,0.3,-0.6,0
86.8308509000001,0,0.02,18.7,0,0,0.028,-0.013,-0.998,0.3,-0.6,0
86.8408509000001,0,0.02,18.7,0,0,0.028,-0.013,-0.998,0.3,-0.6,0
86.8508509000002,0,0.02,18.7,0,0,0.028,-0.014,-1.004,0.4,-0.5,0
86.8608509000002,0,0.02,18.7,0,0,0.028,-0.014,-1.004,0.4,-0.5,0
86.8708509000001,0,0.02,18.7,0,0,0.028,-0.014,-1.004,0.4,-0.5,0
86.8808509000002,0,0.02,18.7,0,0,0.028,-0.014,-1.004,0.4,-0.5,0
86.8908509000002,0,0.02,18.7,0,0,0.028,-0.014,-1.004,0.4,-0.5,0
86.9008509000002,0,0.02,18.7,0,0,0.028,-0.013,-1.002,0.2,-0.6,0
86.9108509000002,0,0.02,18.7,0,0,0.028,-0.013,-1.002,0.2,-0.6,0
86.9208509000002,0,0.02,18.7,0,0,0.028,-0.013,-1.002,0.2,-0.6,0
86.9308509000002,0,0.02,18.7,0,0,0.028,-0.013,-1.002,0.2,-0.6,0
86.9408509000002,0,0.02,18.7,0,0,0.028,-0.013,-1.002,0.2,-0.6,0
86.9508509000002,0,0.02,18.6,0,0,0.03,-0.014,-1.003,0.4,-0.6,0.1
86.9608509000002,0,0.02,18.6,0,0,0.03,-0.014,-1.003,0.4,-0.6,0.1
86.9708509000002,0,0.02,18.6,0,0,0.03,-0.014,-1.003,0.4,-0.6,0.1
86.9808509000002,0,0.02,18.6,0,0,0.03,-0.014,-1.003,0.4,-0.6,0.1
86.9908509000002,0,0.02,18.6,0,0,0.03,-0.014,-1.003,0.4,-0.6,0.1
87.0008509000002,0,0.02,18.7,0,0,0.029,-0.013,-1,0.3,-0.5,0.1
87.0108509000002,0,0.02,18.7,0,0,0.029,-0.013,-1,0.3,-0.5,0.1
87.0208509000002,0,0.02,18.7,0,0,0.029,-0.013,-1,0.3,-0.5,0.1
87.0308509000002,0,0.02,18.7,0,0,0.029,-0.013,-1,0.3,-0.5,0.1
87.0408509000002,0,0.02,18.7,0,0,0.029,-0.013,-1,0.3,-0.5,0.1
87.0508509000002,0,0.02,18.7,0,0,0.028,-0.014,-1.007,0.1,-0.6,0
87.0608509000002,0,0.02,18.7,0,0,0.028,-0.014,-1.007,0.1,-0.6,0
87.0708509000002,0,0.02,18.7,0,0,0.028,-0.014,-1.007,0.1,-0.6,0
87.0808509000002,0,0.02,18.7,0,0,0.028,-0.014,-1.007,0.1,-0.6,0
87.0908509000002,0,0.02,18.7,0,0,0.028,-0.014,-1.007,0.1,-0.6,0
87.1008509000002,0,0,18.7,0,0,0.028,-0.012,-0.996,0.3,-0.6,0
87.1108509000002,0,0,18.7,0,0,0.028,-0.012,-0.996,0.3,-0.6,0
87.1208509000002,0,0,18.7,0,0,0.028,-0.012,-0.996,0.3,-0.6,0
87.1308509000002,0,0,18.7,0,0,0.028,-0.012,-0.996,0.3,-0.6,0
87.1408509000002,0,0,18.7,0,0,0.028,-0.012,-0.996,0.3,-0.6,0
87.1508509000002,0,0.02,18.7,0,0,0.027,-0.014,-1.002,0.2,-0.6,0
87.1608509000002,0,0.02,18.7,0,0,0.027,-0.014,-1.002,0.2,-0.6,0
87.1708509000002,0,0.02,18.7,0,0,0.027,-0.014,-1.002,0.2,-0.6,0
87.1808509000002,0,0.02,18.7,0,0,0.027,-0.014,-1.002,0.2,-0.6,0
87.1908509000002,0,0.02,18.7,0,0,0.027,-0.014,-1.002,0.2,-0.6,0
87.2008509000002,0,0.02,18.7,0,0,0.029,-0.013,-0.996,0.3,-0.5,0.1
87.2108509000002,0,0.02,18.7,0,0,0.029,-0.013,-0.996,0.3,-0.5,0.1
87.2208509000002,0,0.02,18.7,0,0,0.029,-0.013,-0.996,0.3,-0.5,0.1
87.2308509000002,0,0.02,18.7,0,0,0.029,-0.013,-0.996,0.3,-0.5,0.1
87.2408509000002,0,0.02,18.7,0,0,0.029,-0.013,-0.996,0.3,-0.5,0.1
87.2508509000002,0,0.01,18.7,0,0,0.027,-0.013,-1.003,0.2,-0.4,0
87.2608509000002,0,0.01,18.7,0,0,0.027,-0.013,-1.003,0.2,-0.4,0
87.2708509000002,0,0.01,18.7,0,0,0.027,-0.013,-1.003,0.2,-0.4,0
87.2808509000002,0,0.01,18.7,0,0,0.027,-0.013,-1.003,0.2,-0.4,0
87.2908509000003,0,0.01,18.7,0,0,0.027,-0.013,-1.003,0.2,-0.4,0
87.3008509000003,0,0.01,18.7,0,0,0.029,-0.015,-1.003,0.2,-0.5,0.1
87.3108509000003,0,0.01,18.7,0,0,0.029,-0.015,-1.003,0.2,-0.5,0.1
87.3208509000003,0,0.01,18.7,0,0,0.029,-0.015,-1.003,0.2,-0.5,0.1
87.3308509000003,0,0.01,18.7,0,0,0.029,-0.015,-1.003,0.2,-0.5,0.1
87.3408509000003,0,0.01,18.7,0,0,0.029,-0.015,-1.003,0.2,-0.5,0.1
87.3508509000003,0,0,18.6,0,0,0.028,-0.011,-0.996,0.3,-0.6,0
87.3608509000003,0,0,18.6,0,0,0.028,-0.011,-0.996,0.3,-0.6,0
87.3708509000003,0,0,18.6,0,0,0.028,-0.011,-0.996,0.3,-0.6,0
87.3808509000003,0,0,18.6,0,0,0.028,-0.011,-0.996,0.3,-0.6,0
87.3908509000003,0,0,18.6,0,0,0.028,-0.011,-0.996,0.3,-0.6,0
87.4008509000003,0,0.02,18.7,0,0,0.028,-0.015,-1.005,0.2,-0.6,0
87.4108509000003,0,0.02,18.7,0,0,0.028,-0.015,-1.005,0.2,-0.6,0
87.4208509000003,0,0.02,18.7,0,0,0.028,-0.015,-1.005,0.2,-0.6,0
87.4308509000003,0,0.02,18.7,0,0,0.028,-0.015,-1.005,0.2,-0.6,0
87.4408509000003,0,0.02,18.7,0,0,0.028,-0.015,-1.005,0.2,-0.6,0
87.4508509000003,0,0.01,18.7,0,0,0.028,-0.012,-0.999,0.2,-0.6,0
87.4608509000003,0,0.01,18.7,0,0,0.028,-0.012,-0.999,0.2,-0.6,0
87.4708509000003,0,0.01,18.7,0,0,0.028,-0.012,-0.999,0.2,-0.6,0
87.4808509000003,0,0.01,18.7,0,0,0.028,-0.012,-0.999,0.2,-0.6,0
87.4908509000003,0,0.01,18.7,0,0,0.028,-0.012,-0.999,0.2,-0.6,0
87.5008509000003,0,0.02,18.7,0,0,0.029,-0.014,-1.005,0.3,-0.7,0
87.5108509000003,0,0.02,18.7,0,0,0.029,-0.014,-1.005,0.3,-0.7,0
87.5208509000003,0,0.02,18.7,0,0,0.029,-0.014,-1.005,0.3,-0.7,0
87.5308509000003,0,0.02,18.7,0,0,0.029,-0.014,-1.005,0.3,-0.7,0
87.5408509000003,0,0.02,18.7,0,0,0.029,-0.014,-1.005,0.3,-0.7,0
87.5508509000003,0,0.01,18.6,0,0,0.028,-0.013,-1.002,0.2,-0.6,0
87.5608509000003,0,0.01,18.6,0,0,0.028,-0.013,-1.002,0.2,-0.6,0
87.5708509000003,0,0.01,18.6,0,0,0.028,-0.013,-1.002,0.2,-0.6,0
87.5808509000003,0,0.01,18.6,0,0,0.028,-0.013,-1.002,0.2,-0.6,0
87.5908509000003,0,0.01,18.6,0,0,0.028,-0.013,-1.002,0.2,-0.6,0
87.6008509000003,0,0.02,18.7,0,0,0.03,-0.013,-0.998,0.2,-0.6,0
87.6108509000003,0,0.02,18.7,0,0,0.03,-0.013,-0.998,0.2,-0.6,0
87.6208509000003,0,0.02,18.7,0,0,0.03,-0.013,-0.998,0.2,-0.6,0
87.6308509000003,0,0.02,18.7,0,0,0.03,-0.013,-0.998,0.2,-0.6,0
87.6408509000003,0,0.02,18.7,0,0,0.03,-0.013,-0.998,0.2,-0.6,0
87.6508509000003,0,0.01,18.6,0,0,0.028,-0.014,-1.003,0.2,-0.5,0
87.6608509000003,0,0.01,18.6,0,0,0.028,-0.014,-1.003,0.2,-0.5,0
87.6708509000003,0,0.01,18.6,0,0,0.028,-0.014,-1.003,0.2,-0.5,0
87.6808509000003,0,0.01,18.6,0,0,0.028,-0.014,-1.003,0.2,-0.5,0
87.6908509000003,0,0.01,18.6,0,0,0.028,-0.014,-1.003,0.2,-0.5,0
87.7008509000003,0,0.02,18.7,0,0,0.028,-0.013,-0.998,0.2,-0.5,0
87.7108509000004,0,0.02,18.7,0,0,0.028,-0.013,-0.998,0.2,-0.5,0
87.7208509000003,0,0.02,18.7,0,0,0.028,-0.013,-0.998,0.2,-0.5,0
87.7308509000003,0,0.02,18.7,0,0,0.028,-0.013,-0.998,0.2,-0.5,0
87.7408509000004,0,0.02,18.7,0,0,0.028,-0.013,-0.998,0.2,-0.5,0
87.7508509000004,0,0.01,18.6,0,0,0.027,-0.015,-1.009,0.2,-0.6,0
87.7608509000004,0,0.01,18.6,0,0,0.027,-0.015,-1.009,0.2,-0.6,0
87.7708509000004,0,0.01,18.6,0,0,0.027,-0.015,-1.009,0.2,-0.6,0
87.7808509000004,0,0.01,18.6,0,0,0.027,-0.015,-1.009,0.2,-0.6,0
87.7908509000004,0,0.01,18.6,0,0,0.027,-0.015,-1.009,0.2,-0.6,0
87.8008509000004,0,0.02,18.7,0,0,0.028,-0.013,-0.997,0.3,-0.6,0.1
87.8108509000004,0,0.02,18.7,0,0,0.028,-0.013,-0.997,0.3,-0.6,0.1
87.8208509000004,0,0.02,18.7,0,0,0.028,-0.013,-0.997,0.3,-0.6,0.1
87.8308509000004,0,0.02,18.7,0,0,0.028,-0.013,-0.997,0.3,-0.6,0.1
87.8408509000004,0,0.02,18.7,0,0,0.028,-0.013,-0.997,0.3,-0.6,0.1
87.8508509000004,0,0.01,18.7,0,0,0.027,-0.013,-1.005,0.3,-0.4,0
87.8608509000004,0,0.01,18.7,0,0,0.027,-0.013,-1.005,0.3,-0.4,0
87.8708509000004,0,0.01,18.7,0,0,0.027,-0.013,-1.005,0.3,-0.4,0
87.8808509000004,0,0.01,18.7,0,0,0.027,-0.013,-1.005,0.3,-0.4,0
87.8908509000004,0,0.01,18.7,0,0,0.027,-0.013,-1.005,0.3,-0.4,0
87.9008509000004,0,0.01,18.7,0,0,0.028,-0.012,-1,0.2,-0.5,0
87.9108509000004,0,0.01,18.7,0,0,0.028,-0.012,-1,0.2,-0.5,0
87.9208509000004,0,0.01,18.7,0,0,0.028,-0.012,-1,0.2,-0.5,0
87.9308509000004,0,0.01,18.7,0,0,0.028,-0.012,-1,0.2,-0.5,0
87.9408509000004,0,0.01,18.7,0,0,0.028,-0.012,-1,0.2,-0.5,0
87.9508509000004,0,0.02,18.7,0,0,0.028,-0.014,-1.001,0.1,-0.6,0
87.9608509000004,0,0.02,18.7,0,0,0.028,-0.014,-1.001,0.1,-0.6,0
87.9708509000004,0,0.02,18.7,0,0,0.028,-0.014,-1.001,0.1,-0.6,0
87.9808509000004,0,0.02,18.7,0,0,0.028,-0.014,-1.001,0.1,-0.6,0
87.9908509000004,0,0.02,18.7,0,0,0.028,-0.014,-1.001,0.1,-0.6,0
88.0008509000004,0,0.02,18.7,0,0,0.028,-0.013,-1,0.1,-0.5,0
88.0108509000004,0,0.02,18.7,0,0,0.028,-0.013,-1,0.1,-0.5,0
88.0208509000004,0,0.02,18.7,0,0,0.028,-0.013,-1,0.1,-0.5,0
88.0308509000004,0,0.02,18.7,0,0,0.028,-0.013,-1,0.1,-0.5,0
88.0408509000004,0,0.02,18.7,0,0,0.028,-0.013,-1,0.1,-0.5,0
88.0508509000004,0,0,18.7,0,0,0.027,-0.013,-1,0.2,-0.5,0
88.0608509000004,0,0,18.7,0,0,0.027,-0.013,-1,0.2,-0.5,0
88.0708509000004,0,0,18.7,0,0,0.027,-0.013,-1,0.2,-0.5,0
88.0808509000004,0,0,18.7,0,0,0.027,-0.013,-1,0.2,-0.5,0
88.0908509000004,0,0,18.7,0,0,0.027,-0.013,-1,0.2,-0.5,0
88.1008509000004,0,0.01,18.6,0,0,0.029,-0.014,-1.004,0.3,-0.4,0
88.1108509000004,0,0.01,18.6,0,0,0.029,-0.014,-1.004,0.3,-0.4,0
88.1208509000004,0,0.01,18.6,0,0,0.029,-0.014,-1.004,0.3,-0.4,0
88.1308509000004,0,0.01,18.6,0,0,0.029,-0.014,-1.004,0.3,-0.4,0
88.1408509000004,0,0.01,18.6,0,0,0.029,-0.014,-1.004,0.3,-0.4,0
88.1508509000004,0,0.02,18.7,0,0,0.028,-0.013,-1,0.3,-0.6,0
88.1608509000005,0,0.02,18.7,0,0,0.028,-0.013,-1,0.3,-0.6,0
88.1708509000004,0,0.02,18.7,0,0,0.028,-0.013,-1,0.3,-0.6,0
88.1808509000005,0,0.02,18.7,0,0,0.028,-0.013,-1,0.3,-0.6,0
88.1908509000005,0,0.02,18.7,0,0,0.028,-0.013,-1,0.3,-0.6,0
88.2008509000005,0,0.01,18.6,0,0,0.028,-0.012,-1.002,0.2,-0.5,0
88.2108509000005,0,0.01,18.6,0,0,0.028,-0.012,-1.002,0.2,-0.5,0
88.2208509000005,0,0.01,18.6,0,0,0.028,-0.012,-1.002,0.2,-0.5,0
88.2308509000005,0,0.01,18.6,0,0,0.028,-0.012,-1.002,0.2,-0.5,0
88.2408509000005,0,0.01,18.6,0,0,0.028,-0.012,-1.002,0.2,-0.5,0
88.2508509000005,0,0.02,18.7,0,0,0.028,-0.013,-1,0.3,-0.6,0.1
88.2608509000005,0,0.02,18.7,0,0,0.028,-0.013,-1,0.3,-0.6,0.1
88.2708509000005,0,0.02,18.7,0,0,0.028,-0.013,-1,0.3,-0.6,0.1
88.2808509000005,0,0.02,18.7,0,0,0.028,-0.013,-1,0.3,-0.6,0.1
88.2908509000005,0,0.02,18.7,0,0,0.028,-0.013,-1,0.3,-0.6,0.1
88.3008509000005,0,0.01,18.6,0,0,0.028,-0.014,-1.002,0.3,-0.6,0
88.3108509000005,0,0.01,18.6,0,0,0.028,-0.014,-1.002,0.3,-0.6,0
88.3208509000005,0,0.01,18.6,0,0,0.028,-0.014,-1.002,0.3,-0.6,0
88.3308509000005,0,0.01,18.6,0,0,0.028,-0.014,-1.002,0.3,-0.6,0
88.3408509000005,0,0.01,18.6,0,0,0.028,-0.014,-1.002,0.3,-0.6,0
88.3508509000005,0,0.02,18.7,0,0,0.029,-0.014,-1,0.3,-0.5,0
88.3608509000005,0,0.02,18.7,0,0,0.029,-0.014,-1,0.3,-0.5,0
88.3708509000005,0,0.02,18.7,0,0,0.029,-0.014,-1,0.3,-0.5,0
88.3808509000005,0,0.02,18.7,0,0,0.029,-0.014,-1,0.3,-0.5,0
88.3908509000005,0,0.02,18.7,0,0,0.029,-0.014,-1,0.3,-0.5,0
88.4008509000005,0,0.01,18.7,0,0,0.028,-0.013,-1.002,0.3,-0.6,0
88.4108509000005,0,0.01,18.7,0,0,0.028,-0.013,-1.002,0.3,-0.6,0
88.4208509000005,0,0.01,18.7,0,0,0.028,-0.013,-1.002,0.3,-0.6,0
88.4308509000005,0,0.01,18.7,0,0,0.028,-0.013,-1.002,0.3,-0.6,0
88.4408509000005,0,0.01,18.7,0,0,0.028,-0.013,-1.002,0.3,-0.6,0
88.4508509000005,0,0,18.7,0,0,0.028,-0.014,-1.001,0.3,-0.5,0.1
88.4608509000005,0,0,18.7,0,0,0.028,-0.014,-1.001,0.3,-0.5,0.1
88.4708509000005,0,0,18.7,0,0,0.028,-0.014,-1.001,0.3,-0.5,0.1
88.4808509000005,0,0,18.7,0,0,0.028,-0.014,-1.001,0.3,-0.5,0.1
88.4908509000005,0,0,18.7,0,0,0.028,-0.014,-1.001,0.3,-0.5,0.1
88.5008509000005,0,0,18.7,0,0,0.027,-0.012,-1,0.3,-0.6,0
88.5108509000005,0,0,18.7,0,0,0.027,-0.012,-1,0.3,-0.6,0
88.5208509000005,0,0,18.7,0,0,0.027,-0.012,-1,0.3,-0.6,0
88.5308509000005,0,0,18.7,0,0,0.027,-0.012,-1,0.3,-0.6,0
88.5408509000005,0,0,18.7,0,0,0.027,-0.012,-1,0.3,-0.6,0
88.5508509000005,0,0.01,18.7,0,0,0.029,-0.013,-0.996,0.3,-0.6,0
88.5608509000005,0,0.01,18.7,0,0,0.029,-0.013,-0.996,0.3,-0.6,0
88.5708509000005,0,0.01,18.7,0,0,0.029,-0.013,-0.996,0.3,-0.6,0
88.5808509000005,0,0.01,18.7,0,0,0.029,-0.013,-0.996,0.3,-0.6,0
88.5908509000005,0,0.01,18.7,0,0,0.029,-0.013,-0.996,0.3,-0.6,0
88.6008509000006,0,0.02,18.7,0,0,0.028,-0.013,-1,0.4,-0.6,0.1
88.6108509000006,0,0.02,18.7,0,0,0.028,-0.013,-1,0.4,-0.6,0.1
88.6208509000005,0,0.02,18.7,0,0,0.028,-0.013,-1,0.4,-0.6,0.1
88.6308509000006,0,0.02,18.7,0,0,0.028,-0.013,-1,0.4,-0.6,0.1
88.6408509000006,0,0.02,18.7,0,0,0.028,-0.013,-1,0.4,-0.6,0.1
88.6508509000006,0,0.01,18.6,0,0,0.03,-0.014,-1.006,0.2,-0.4,0
88.6608509000006,0,0.01,18.6,0,0,0.03,-0.014,-1.006,0.2,-0.4,0
88.6708509000006,0,0.01,18.6,0,0,0.03,-0.014,-1.006,0.2,-0.4,0
88.6808509000006,0,0.01,18.6,0,0,0.03,-0.014,-1.006,0.2,-0.4,0
88.6908509000006,0,0.01,18.6,0,0,0.03,-0.014,-1.006,0.2,-0.4,0
88.7008509000006,0,0,18.7,0,0,0.028,-0.015,-1.004,0.4,-0.7,0
88.7108509000006,0,0,18.7,0,0,0.028,-0.015,-1.004,0.4,-0.7,0
88.7208509000006,0,0,18.7,0,0,0.028,-0.015,-1.004,0.4,-0.7,0
88.7308509000006,0,0,18.7,0,0,0.028,-0.015,-1.004,0.4,-0.7,0
88.7408509000006,0,0,18.7,0,0,0.028,-0.015,-1.004,0.4,-0.7,0
88.7508509000006,0,0,18.7,0,0,0.028,-0.013,-1.001,0.3,-0.4,0
88.7608509000006,0,0,18.7,0,0,0.028,-0.013,-1.001,0.3,-0.4,0
88.7708509000006,0,0,18.7,0,0,0.028,-0.013,-1.001,0.3,-0.4,0
88.7808509000006,0,0,18.7,0,0,0.028,-0.013,-1.001,0.3,-0.4,0
88.7908509000006,0,0,18.7,0,0,0.028,-0.013,-1.001,0.3,-0.4,0
88.8008509000006,0,0.02,18.7,0,0,0.03,-0.014,-1,0.3,-0.5,0
88.8108509000006,0,0.02,18.7,0,0,0.03,-0.014,-1,0.3,-0.5,0
88.8208509000006,0,0.02,18.7,0,0,0.03,-0.014,-1,0.3,-0.5,0
88.8308509000006,0,0.02,18.7,0,0,0.03,-0.014,-1,0.3,-0.5,0
88.8408509000006,0,0.02,18.7,0,0,0.03,-0.014,-1,0.3,-0.5,0
88.8508509000006,0,0.01,18.7,0,0,0.028,-0.013,-0.999,0.3,-0.5,0
88.8608509000006,0,0.01,18.7,0,0,0.028,-0.013,-0.999,0.3,-0.5,0
88.8708509000006,0,0.01,18.7,0,0,0.028,-0.013,-0.999,0.3,-0.5,0
88.8808509000006,0,0.01,18.7,0,0,0.028,-0.013,-0.999,0.3,-0.5,0
88.8908509000006,0,0.01,18.7,0,0,0.028,-0.013,-0.999,0.3,-0.5,0
88.9008509000006,0,0.02,18.7,0,0,0.029,-0.013,-1.002,0.2,-0.5,0
88.9108509000006,0,0.02,18.7,0,0,0.029,-0.013,-1.002,0.2,-0.5,0
88.9208509000006,0,0.02,18.7,0,0,0.029,-0.013,-1.002,0.2,-0.5,0
88.9308509000006,0,0.02,18.7,0,0,0.029,-0.013,-1.002,0.2,-0.5,0
88.9408509000006,0,0.02,18.7,0,0,0.029,-0.013,-1.002,0.2,-0.5,0
88.9508509000006,0,0.01,18.6,0,0,0.028,-0.013,-1,0.3,-0.5,0
88.9608509000006,0,0.01,18.6,0,0,0.028,-0.013,-1,0.3,-0.5,0
88.9708509000006,0,0.01,18.6,0,0,0.028,-0.013,-1,0.3,-0.5,0
88.9808509000006,0,0.01,18.6,0,0,0.028,-0.013,-1,0.3,-0.5,0
88.9908509000006,0,0.01,18.6,0,0,0.028,-0.013,-1,0.3,-0.5,0
89.0008509000006,0,0.01,18.6,0,0,0.028,-0.013,-0.999,0.3,-0.6,0
89.0108509000006,0,0.01,18.6,0,0,0.028,-0.013,-0.999,0.3,-0.6,0
89.0208509000006,0,0.01,18.6,0,0,0.028,-0.013,-0.999,0.3,-0.6,0
89.0308509000006,0,0.01,18.6,0,0,0.028,-0.013,-0.999,0.3,-0.6,0
89.0408509000006,0,0.01,18.6,0,0,0.028,-0.013,-0.999,0.3,-0.6,0
89.0508509000007,0,0.02,18.7,0,0,0.028,-0.013,-0.999,0.2,-0.5,0
89.0608509000007,0,0.02,18.7,0,0,0.028,-0.013,-0.999,0.2,-0.5,0
89.0708509000007,0,0.02,18.7,0,0,0.028,-0.013,-0.999,0.2,-0.5,0
89.0808509000007,0,0.02,18.7,0,0,0.028,-0.013,-0.999,0.2,-0.5,0
89.0908509000007,0,0.02,18.7,0,0,0.028,-0.013,-0.999,0.2,-0.5,0
89.1008509000007,0,0.02,18.7,0,0,0.028,-0.014,-1.002,0.3,-0.4,0
89.1108509000007,0,0.02,18.7,0,0,0.028,-0.014,-1.002,0.3,-0.4,0
89.1208509000007,0,0.02,18.7,0,0,0.028,-0.014,-1.002,0.3,-0.4,0
89.1308509000007,0,0.02,18.7,0,0,0.028,-0.014,-1.002,0.3,-0.4,0
89.1408509000007,0,0.02,18.7,0,0,0.028,-0.014,-1.002,0.3,-0.4,0
89.1508509000007,0,0.02,18.7,0,0,0.029,-0.013,-0.999,0.3,-0.6,0
89.1608509000007,0,0.02,18.7,0,0,0.029,-0.013,-0.999,0.3,-0.6,0
89.1708509000007,0,0.02,18.7,0,0,0.029,-0.013,-0.999,0.3,-0.6,0
89.1808509000007,0,0.02,18.7,0,0,0.029,-0.013,-0.999,0.3,-0.6,0
89.1908509000007,0,0.02,18.7,0,0,0.029,-0.013,-0.999,0.3,-0.6,0
89.2008509000007,0,0.01,18.7,0,0,0.029,-0.014,-1.003,0.2,-0.6,0.1
89.2108509000007,0,0.01,18.7,0,0,0.029,-0.014,-1.003,0.2,-0.6,0.1
89.2208509000007,0,0.01,18.7,0,0,0.029,-0.014,-1.003,0.2,-0.6,0.1
89.2308509000007,0,0.01,18.7,0,0,0.029,-0.014,-1.003,0.2,-0.6,0.1
89.2408509000007,0,0.01,18.7,0,0,0.029,-0.014,-1.003,0.2,-0.6,0.1
89.2508509000007,0,0.02,18.7,0,0,0.029,-0.013,-0.998,0.3,-0.6,0
89.2608509000007,0,0.02,18.7,0,0,0.029,-0.013,-0.998,0.3,-0.6,0
89.2708509000007,0,0.02,18.7,0,0,0.029,-0.013,-0.998,0.3,-0.6,0
89.2808509000007,0,0.02,18.7,0,0,0.029,-0.013,-0.998,0.3,-0.6,0
89.2908509000007,0,0.02,18.7,0,0,0.029,-0.013,-0.998,0.3,-0.6,0
89.3008509000007,0,0.01,18.7,0,0,0.028,-0.012,-1,0.3,-0.6,0
89.3108509000007,0,0.01,18.7,0,0,0.028,-0.012,-1,0.3,-0.6,0
89.3208509000007,0,0.01,18.7,0,0,0.028,-0.012,-1,0.3,-0.6,0
89.3308509000007,0,0.01,18.7,0,0,0.028,-0.012,-1,0.3,-0.6,0
89.3408509000007,0,0.01,18.7,0,0,0.028,-0.012,-1,0.3,-0.6,0
89.3508509000007,0,0.02,18.7,0,0,0.028,-0.013,-1.005,0.2,-0.4,0.1
89.3608509000007,0,0.02,18.7,0,0,0.028,-0.013,-1.005,0.2,-0.4,0.1
89.3708509000007,0,0.02,18.7,0,0,0.028,-0.013,-1.005,0.2,-0.4,0.1
89.3808509000007,0,0.02,18.7,0,0,0.028,-0.013,-1.005,0.2,-0.4,0.1
89.3908509000007,0,0.02,18.7,0,0,0.028,-0.013,-1.005,0.2,-0.4,0.1
89.4008509000007,0,0.02,18.7,0,0,0.028,-0.013,-0.998,0.3,-0.6,0
89.4108509000007,0,0.02,18.7,0,0,0.028,-0.013,-0.998,0.3,-0.6,0
89.4208509000007,0,0.02,18.7,0,0,0.028,-0.013,-0.998,0.3,-0.6,0
89.4308509000007,0,0.02,18.7,0,0,0.028,-0.013,-0.998,0.3,-0.6,0
89.4408509000007,0,0.02,18.7,0,0,0.028,-0.013,-0.998,0.3,-0.6,0
89.4508509000007,0,0.01,18.7,0,0,0.028,-0.015,-1.004,0.4,-0.6,0
89.4608509000008,0,0.01,18.7,0,0,0.028,-0.015,-1.004,0.4,-0.6,0
89.4708509000007,0,0.01,18.7,0,0,0.028,-0.015,-1.004,0.4,-0.6,0
89.4808509000007,0,0.01,18.7,0,0,0.028,-0.015,-1.004,0.4,-0.6,0
89.4908509000008,0,0.01,18.7,0,0,0.028,-0.015,-1.004,0.4,-0.6,0
89.5008509000008,0,0.01,18.7,0,0,0.028,-0.012,-0.998,0.4,-0.6,0
89.5108509000008,0,0.01,18.7,0,0,0.028,-0.012,-0.998,0.4,-0.6,0
89.5208509000008,0,0.01,18.7,0,0,0.028,-0.012,-0.998,0.4,-0.6,0
89.5308509000008,0,0.01,18.7,0,0,0.028,-0.012,-0.998,0.4,-0.6,0
89.5408509000008,0,0.01,18.7,0,0,0.028,-0.012,-0.998,0.4,-0.6,0
89.5508509000008,0,0.02,18.7,0,0,0.029,-0.013,-1,0.3,-0.5,0
89.5608509000008,0,0.02,18.7,0,0,0.029,-0.013,-1,0.3,-0.5,0
89.5708509000008,0,0.02,18.7,0,0,0.029,-0.013,-1,0.3,-0.5,0
89.5808509000008,0,0.02,18.7,0,0,0.029,-0.013,-1,0.3,-0.5,0
89.5908509000008,0,0.02,18.7,0,0,0.029,-0.013,-1,0.3,-0.5,0
89.6008509000008,0,0,18.7,0,0,0.028,-0.012,-0.994,0.3,-0.5,0
89.6108509000008,0,0,18.7,0,0,0.028,-0.012,-0.994,0.3,-0.5,0
89.6208509000008,0,0,18.7,0,0,0.028,-0.012,-0.994,0.3,-0.5,0
89.6308509000008,0,0,18.7,0,0,0.028,-0.012,-0.994,0.3,-0.5,0
89.6408509000008,0,0,18.7,0,0,0.028,-0.012,-0.994,0.3,-0.5,0
89.6508509000008,0,0.02,18.6,0,0,0.027,-0.013,-1.003,0.3,-0.4,0
89.6608509000008,0,0.02,18.6,0,0,0.027,-0.013,-1.003,0.3,-0.4,0
89.6708509000008,0,0.02,18.6,0,0,0.027,-0.013,-1.003,0.3,-0.4,0
89.6808509000008,0,0.02,18.6,0,0,0.027,-0.013,-1.003,0.3,-0.4,0
89.6908509000008,0,0.02,18.6,0,0,0.027,-0.013,-1.003,0.3,-0.4,0
89.7008509000008,0,0,18.7,0,0,0.028,-0.015,-1.004,0.2,-0.6,0
89.7108509000008,0,0,18.7,0,0,0.028,-0.015,-1.004,0.2,-0.6,0
89.7208509000008,0,0,18.7,0,0,0.028,-0.015,-1.004,0.2,-0.6,0
89.7308509000008,0,0,18.7,0,0,0.028,-0.015,-1.004,0.2,-0.6,0
89.7408509000008,0,0,18.7,0,0,0.028,-0.015,-1.004,0.2,-0.6,0
89.7508509000008,0,0.02,18.7,0,0,0.028,-0.015,-0.998,0.3,-0.6,0
89.7608509000008,0,0.02,18.7,0,0,0.028,-0.015,-0.998,0.3,-0.6,0
89.7708509000008,0,0.02,18.7,0,0,0.028,-0.015,-0.998,0.3,-0.6,0
89.7808509000008,0,0.02,18.7,0,0,0.028,-0.015,-0.998,0.3,-0.6,0
89.7908509000008,0,0.02,18.7,0,0,0.028,-0.015,-0.998,0.3,-0.6,0
89.8008509000008,0,0.01,18.7,0,0,0.028,-0.014,-1.002,0.3,-0.6,0.1
89.8108509000008,0,0.01,18.7,0,0,0.028,-0.014,-1.002,0.3,-0.6,0.1
89.8208509000008,0,0.01,18.7,0,0,0.028,-0.014,-1.002,0.3,-0.6,0.1
89.8308509000008,0,0.01,18.7,0,0,0.028,-0.014,-1.002,0.3,-0.6,0.1
89.8408509000008,0,0.01,18.7,0,0,0.028,-0.014,-1.002,0.3,-0.6,0.1
89.8508509000008,0,0.02,18.6,0,0,0.028,-0.012,-0.999,0.3,-0.6,0
89.8608509000008,0,0.02,18.6,0,0,0.028,-0.012,-0.999,0.3,-0.6,0
89.8708509000008,0,0.02,18.6,0,0,0.028,-0.012,-0.999,0.3,-0.6,0
89.8808509000008,0,0.02,18.6,0,0,0.028,-0.012,-0.999,0.3,-0.6,0
89.8908509000008,0,0.02,18.6,0,0,0.028,-0.012,-0.999,0.3,-0.6,0
89.9008509000008,0,0,18.7,0,0,0.029,-0.012,-0.997,0.3,-0.6,0
89.9108509000009,0,0,18.7,0,0,0.029,-0.012,-0.997,0.3,-0.6,0
89.9208509000008,0,0,18.7,0,0,0.029,-0.012,-0.997,0.3,-0.6,0
89.9308509000008,0,0,18.7,0,0,0.029,-0.012,-0.997,0.3,-0.6,0
89.9408509000009,0,0,18.7,0,0,0.029,-0.012,-0.997,0.3,-0.6,0
89.9508509000009,0,0.01,18.7,0,0,0.027,-0.013,-1.003,0.3,-0.5,0
89.9608509000009,0,0.01,18.7,0,0,0.027,-0.013,-1.003,0.3,-0.5,0
89.9708509000009,0,0.01,18.7,0,0,0.027,-0.013,-1.003,0.3,-0.5,0
89.9808509000009,0,0.01,18.7,0,0,0.027,-0.013,-1.003,0.3,-0.5,0
89.9908509000009,0,0.01,18.7,0,0,0.027,-0.013,-1.003,0.3,-0.5,0
90.0008509000009,0,0.01,18.6,0,0,0.029,-0.014,-1,0.3,-0.5,0
90.0108509000009,0,0.01,18.6,0,0,0.029,-0.014,-1,0.3,-0.5,0
90.0208509000009,0,0.01,18.6,0,0,0.029,-0.014,-1,0.3,-0.5,0
90.0308509000009,0,0.01,18.6,0,0,0.029,-0.014,-1,0.3,-0.5,0
90.0408509000009,0,0.01,18.6,0,0,0.029,-0.014,-1,0.3,-0.5,0
90.0508509000009,0,0.02,18.7,0,0,0.028,-0.012,-1.006,0.3,-0.5,0
90.0608509000009,0,0.02,18.7,0,0,0.028,-0.012,-1.006,0.3,-0.5,0
90.0708509000009,0,0.02,18.7,0,0,0.028,-0.012,-1.006,0.3,-0.5,0
90.0808509000009,0,0.02,18.7,0,0,0.028,-0.012,-1.006,0.3,-0.5,0
90.0908509000009,0,0.02,18.7,0,0,0.028,-0.012,-1.006,0.3,-0.5,0
90.1008509000009,0,0.01,18.7,0,0,0.028,-0.014,-1.001,0.2,-0.5,0
90.1108509000009,0,0.01,18.7,0,0,0.028,-0.014,-1.001,0.2,-0.5,0
90.1208509000009,0,0.01,18.7,0,0,0.028,-0.014,-1.001,0.2,-0.5,0
90.1308509000009,0,0.01,18.7,0,0,0.028,-0.014,-1.001,0.2,-0.5,0
90.1408509000009,0,0.01,18.7,0,0,0.028,-0.014,-1.001,0.2,-0.5,0
90.1508509000009,0,0,18.7,0,0,0.027,-0.014,-1.002,0.2,-0.6,0
90.1608509000009,0,0,18.7,0,0,0.027,-0.014,-1.002,0.2,-0.6,0
90.1708509000009,0,0,18.7,0,0,0.027,-0.014,-1.002,0.2,-0.6,0
90.1808509000009,0,0,18.7,0,0,0.027,-0.014,-1.002,0.2,-0.6,0
90.1908509000009,0,0,18.7,0,0,0.027,-0.014,-1.002,0.2,-0.6,0
90.2008509000009,0,0.02,18.7,0,0,0.028,-0.012,-1.002,0.1,-0.5,0
90.2108509000009,0,0.02,18.7,0,0,0.028,-0.012,-1.002,0.1,-0.5,0
90.2208509000009,0,0.02,18.7,0,0,0.028,-0.012,-1.002,0.1,-0.5,0
90.2308509000009,0,0.02,18.7,0,0,0.028,-0.012,-1.002,0.1,-0.5,0
90.2408509000009,0,0.02,18.7,0,0,0.028,-0.012,-1.002,0.1,-0.5,0
90.2508509000009,0,0.01,18.7,0,0,0.028,-0.013,-1,0.3,-0.6,0
90.2608509000009,0,0.01,18.7,0,0,0.028,-0.013,-1,0.3,-0.6,0
90.2708509000009,0,0.01,18.7,0,0,0.028,-0.013,-1,0.3,-0.6,0
90.2808509000009,0,0.01,18.7,0,0,0.028,-0.013,-1,0.3,-0.6,0
90.2908509000009,0,0.01,18.7,0,0,0.028,-0.013,-1,0.3,-0.6,0
90.3008509000009,0,0,18.7,0,0,0.028,-0.012,-1.004,0.3,-0.6,0
90.3108509000009,0,0,18.7,0,0,0.028,-0.012,-1.004,0.3,-0.6,0
90.3208509000009,0,0,18.7,0,0,0.028,-0.012,-1.004,0.3,-0.6,0
90.3308509000009,0,0,18.7,0,0,0.028,-0.012,-1.004,0.3,-0.6,0
90.3408509000009,0,0,18.7,0,0,0.028,-0.012,-1.004,0.3,-0.6,0
90.3508509000009,0,0.02,18.7,0,0,0.029,-0.014,-1.003,0.2,-0.5,0
90.360850900001,0,0.02,18.7,0,0,0.029,-0.014,-1.003,0.2,-0.5,0
90.3708509000009,0,0.02,18.7,0,0,0.029,-0.014,-1.003,0.2,-0.5,0
90.380850900001,0,0.02,18.7,0,0,0.029,-0.014,-1.003,0.2,-0.5,0
90.390850900001,0,0.02,18.7,0,0,0.029,-0.014,-1.003,0.2,-0.5,0
90.400850900001,0,0.02,18.7,0,0,0.028,-0.013,-1.002,0.3,-0.6,0
90.410850900001,0,0.02,18.7,0,0,0.028,-0.013,-1.002,0.3,-0.6,0
90.420850900001,0,0.02,18.7,0,0,0.028,-0.013,-1.002,0.3,-0.6,0
90.430850900001,0,0.02,18.7,0,0,0.028,-0.013,-1.002,0.3,-0.6,0
90.440850900001,0,0.02,18.7,0,0,0.028,-0.013,-1.002,0.3,-0.6,0
90.450850900001,0,0.02,18.7,0,0,0.028,-0.013,-1.002,0.3,-0.5,0
90.460850900001,0,0.02,18.7,0,0,0.028,-0.013,-1.002,0.3,-0.5,0
90.470850900001,0,0.02,18.7,0,0,0.028,-0.013,-1.002,0.3,-0.5,0
90.480850900001,0,0.02,18.7,0,0,0.028,-0.013,-1.002,0.3,-0.5,0
90.490850900001,0,0.02,18.7,0,0,0.028,-0.013,-1.002,0.3,-0.5,0
90.500850900001,0,0.02,18.7,0,0,0.028,-0.012,-0.999,0.3,-0.6,0.1
90.510850900001,0,0.02,18.7,0,0,0.028,-0.012,-0.999,0.3,-0.6,0.1
90.520850900001,0,0.02,18.7,0,0,0.028,-0.012,-0.999,0.3,-0.6,0.1
90.530850900001,0,0.02,18.7,0,0,0.028,-0.012,-0.999,0.3,-0.6,0.1
90.540850900001,0,0.02,18.7,0,0,0.028,-0.012,-0.999,0.3,-0.6,0.1
90.550850900001,0,0.02,18.7,0,0,0.028,-0.012,-1.004,0.3,-0.5,0.1
90.560850900001,0,0.02,18.7,0,0,0.028,-0.012,-1.004,0.3,-0.5,0.1
90.570850900001,0,0.02,18.7,0,0,0.028,-0.012,-1.004,0.3,-0.5,0.1
90.580850900001,0,0.02,18.7,0,0,0.028,-0.012,-1.004,0.3,-0.5,0.1
90.590850900001,0,0.02,18.7,0,0,0.028,-0.012,-1.004,0.3,-0.5,0.1
90.600850900001,0,0,18.7,0,0,0.028,-0.013,-0.999,0.2,-0.6,0
90.610850900001,0,0,18.7,0,0,0.028,-0.013,-0.999,0.2,-0.6,0
90.620850900001,0,0,18.7,0,0,0.028,-0.013,-0.999,0.2,-0.6,0
90.630850900001,0,0,18.7,0,0,0.028,-0.013,-0.999,0.2,-0.6,0
90.640850900001,0,0,18.7,0,0,0.028,-0.013,-0.999,0.2,-0.6,0
90.650850900001,0,0.02,18.7,0,0,0.028,-0.014,-0.999,0.3,-0.6,0.1
90.660850900001,0,0.02,18.7,0,0,0.028,-0.014,-0.999,0.3,-0.6,0.1
90.670850900001,0,0.02,18.7,0,0,0.028,-0.014,-0.999,0.3,-0.6,0.1
90.680850900001,0,0.02,18.7,0,0,0.028,-0.014,-0.999,0.3,-0.6,0.1
90.690850900001,0,0.02,18.7,0,0,0.028,-0.014,-0.999,0.3,-0.6,0.1
90.700850900001,0,0.02,18.7,0,0,0.027,-0.012,-1.004,0.3,-0.5,0
90.710850900001,0,0.02,18.7,0,0,0.027,-0.012,-1.004,0.3,-0.5,0
90.720850900001,0,0.02,18.7,0,0,0.027,-0.012,-1.004,0.3,-0.5,0
90.730850900001,0,0.02,18.7,0,0,0.027,-0.012,-1.004,0.3,-0.5,0
90.740850900001,0,0.02,18.7,0,0,0.027,-0.012,-1.004,0.3,-0.5,0
90.750850900001,0,0.01,18.6,0,0,0.029,-0.015,-1,0.2,-0.5,0.1
90.760850900001,0,0.01,18.6,0,0,0.029,-0.015,-1,0.2,-0.5,0.1
90.770850900001,0,0.01,18.6,0,0,0.029,-0.015,-1,0.2,-0.5,0.1
90.780850900001,0,0.01,18.6,0,0,0.029,-0.015,-1,0.2,-0.5,0.1
90.790850900001,0,0.01,18.6,0,0,0.029,-0.015,-1,0.2,-0.5,0.1
90.8008509000011,0,0.01,18.7,0,0,0.027,-0.011,-1.002,0.2,-0.4,0
90.8108509000011,0,0.01,18.7,0,0,0.027,-0.011,-1.002,0.2,-0.4,0
90.820850900001,0,0.01,18.7,0,0,0.027,-0.011,-1.002,0.2,-0.4,0
90.8308509000011,0,0.01,18.7,0,0,0.027,-0.011,-1.002,0.2,-0.4,0
90.8408509000011,0,0.01,18.7,0,0,0.027,-0.011,-1.002,0.2,-0.4,0
90.8508509000011,0,0.01,18.6,0,0,0.028,-0.014,-1.005,0.2,-0.5,0
90.8608509000011,0,0.01,18.6,0,0,0.028,-0.014,-1.005,0.2,-0.5,0
90.8708509000011,0,0.01,18.6,0,0,0.028,-0.014,-1.005,0.2,-0.5,0
90.8808509000011,0,0.01,18.6,0,0,0.028,-0.014,-1.005,0.2,-0.5,0
90.8908509000011,0,0.01,18.6,0,0,0.028,-0.014,-1.005,0.2,-0.5,0
90.9008509000011,0,0.01,18.6,0,0,0.027,-0.013,-1.002,0.4,-0.6,0
90.9108509000011,0,0.01,18.6,0,0,0.027,-0.013,-1.002,0.4,-0.6,0
90.9208509000011,0,0.01,18.6,0,0,0.027,-0.013,-1.002,0.4,-0.6,0
90.9308509000011,0,0.01,18.6,0,0,0.027,-0.013,-1.002,0.4,-0.6,0
90.9408509000011,0,0.01,18.6,0,0,0.027,-0.013,-1.002,0.4,-0.6,0
90.9508509000011,0,0.02,18.7,0,0,0.027,-0.014,-1.004,0.3,-0.6,0
90.9608509000011,0,0.02,18.7,0,0,0.027,-0.014,-1.004,0.3,-0.6,0
90.9708509000011,0,0.02,18.7,0,0,0.027,-0.014,-1.004,0.3,-0.6,0
90.9808509000011,0,0.02,18.7,0,0,0.027,-0.014,-1.004,0.3,-0.6,0
90.9908509000011,0,0.02,18.7,0,0,0.027,-0.014,-1.004,0.3,-0.6,0
91.0008509000011,0,0.02,18.7,0,0,0.028,-0.013,-1.001,0.4,-0.5,0
91.0108509000011,0,0.02,18.7,0,0,0.028,-0.013,-1.001,0.4,-0.5,0
91.0208509000011,0,0.02,18.7,0,0,0.028,-0.013,-1.001,0.4,-0.5,0
91.0308509000011,0,0.02,18.7,0,0,0.028,-0.013,-1.001,0.4,-0.5,0
91.0408509000011,0,0.02,18.7,0,0,0.028,-0.013,-1.001,0.4,-0.5,0
91.0508509000011,0,0.02,18.7,0,0,0.028,-0.014,-1.004,0.3,-0.6,0.1
91.0608509000011,0,0.02,18.7,0,0,0.028,-0.014,-1.004,0.3,-0.6,0.1
91.0708509000011,0,0.02,18.7,0,0,0.028,-0.014,-1.004,0.3,-0.6,0.1
91.0808509000011,0,0.02,18.7,0,0,0.028,-0.014,-1.004,0.3,-0.6,0.1
91.0908509000011,0,0.02,18.7,0,0,0.028,-0.014,-1.004,0.3,-0.6,0.1
91.1008509000011,0,0.02,18.7,0,0,0.029,-0.014,-1.002,0.3,-0.5,0
91.1108509000011,0,0.02,18.7,0,0,0.029,-0.014,-1.002,0.3,-0.5,0
91.1208509000011,0,0.02,18.7,0,0,0.029,-0.014,-1.002,0.3,-0.5,0
91.1308509000011,0,0.02,18.7,0,0,0.029,-0.014,-1.002,0.3,-0.5,0
91.1408509000011,0,0.02,18.7,0,0,0.029,-0.014,-1.002,0.3,-0.5,0
91.1508509000011,0,0,18.7,0,0,0.028,-0.014,-0.999,0.1,-0.5,0
91.1608509000011,0,0,18.7,0,0,0.028,-0.014,-0.999,0.1,-0.5,0
91.1708509000011,0,0,18.7,0,0,0.028,-0.014,-0.999,0.1,-0.5,0
91.1808509000011,0,0,18.7,0,0,0.028,-0.014,-0.999,0.1,-0.5,0
91.1908509000011,0,0,18.7,0,0,0.028,-0.014,-0.999,0.1,-0.5,0
91.2008509000011,0,0.01,18.7,0,0,0.028,-0.015,-1.004,0.3,-0.5,0
91.2108509000011,0,0.01,18.7,0,0,0.028,-0.015,-1.004,0.3,-0.5,0
91.2208509000011,0,0.01,18.7,0,0,0.028,-0.015,-1.004,0.3,-0.5,0
91.2308509000011,0,0.01,18.7,0,0,0.028,-0.015,-1.004,0.3,-0.5,0
91.2408509000011,0,0.01,18.7,0,0,0.028,-0.015,-1.004,0.3,-0.5,0
91.2508509000012,0,0.02,18.7,0,0,0.028,-0.013,-1.006,0.3,-0.5,0
91.2608509000012,0,0.02,18.7,0,0,0.028,-0.013,-1.006,0.3,-0.5,0
91.2708509000012,0,0.02,18.7,0,0,0.028,-0.013,-1.006,0.3,-0.5,0
91.2808509000012,0,0.02,18.7,0,0,0.028,-0.013,-1.006,0.3,-0.5,0
91.2908509000012,0,0.02,18.7,0,0,0.028,-0.013,-1.006,0.3,-0.5,0
91.3008509000012,0,0.02,18.7,0,0,0.029,-0.014,-1.003,0.3,-0.6,0
91.3108509000012,0,0.02,18.7,0,0,0.029,-0.014,-1.003,0.3,-0.6,0
91.3208509000012,0,0.02,18.7,0,0,0.029,-0.014,-1.003,0.3,-0.6,0
91.3308509000012,0,0.02,18.7,0,0,0.029,-0.014,-1.003,0.3,-0.6,0
91.3408509000012,0,0.02,18.7,0,0,0.029,-0.014,-1.003,0.3,-0.6,0
91.3508509000012,0,0.02,18.7,0,0,0.028,-0.014,-1.007,0.3,-0.6,0
91.3608509000012,0,0.02,18.7,0,0,0.028,-0.014,-1.007,0.3,-0.6,0
91.3708509000012,0,0.02,18.7,0,0,0.028,-0.014,-1.007,0.3,-0.6,0
91.3808509000012,0,0.02,18.7,0,0,0.028,-0.014,-1.007,0.3,-0.6,0
91.3908509000012,0,0.02,18.7,0,0,0.028,-0.014,-1.007,0.3,-0.6,0
91.4008509000012,0,0.02,18.7,0,0,0.027,-0.012,-0.999,0.3,-0.5,0
91.4108509000012,0,0.02,18.7,0,0,0.027,-0.012,-0.999,0.3,-0.5,0
91.4208509000012,0,0.02,18.7,0,0,0.027,-0.012,-0.999,0.3,-0.5,0
91.4308509000012,0,0.02,18.7,0,0,0.027,-0.012,-0.999,0.3,-0.5,0
91.4408509000012,0,0.02,18.7,0,0,0.027,-0.012,-0.999,0.3,-0.5,0
91.4508509000012,0,0.02,18.7,0,0,0.029,-0.014,-0.999,0.3,-0.6,0
91.4608509000012,0,0.02,18.7,0,0,0.029,-0.014,-0.999,0.3,-0.6,0
91.4708509000012,0,0.02,18.7,0,0,0.029,-0.014,-0.999,0.3,-0.6,0
91.4808509000012,0,0.02,18.7,0,0,0.029,-0.014,-0.999,0.3,-0.6,0
91.4908509000012,0,0.02,18.7,0,0,0.029,-0.014,-0.999,0.3,-0.6,0
91.5008509000012,0,0.02,18.8,0,0,0.029,-0.012,-0.997,0.3,-0.5,0
91.5108509000012,0,0.02,18.8,0,0,0.029,-0.012,-0.997,0.3,-0.5,0
91.5208509000012,0,0.02,18.8,0,0,0.029,-0.012,-0.997,0.3,-0.5,0
91.5308509000012,0,0.02,18.8,0,0,0.029,-0.012,-0.997,0.3,-0.5,0
91.5408509000012,0,0.02,18.8,0,0,0.029,-0.012,-0.997,0.3,-0.5,0
91.5508509000012,0,0,18.7,0,0,0.028,-0.013,-1.006,0.3,-0.6,0
91.5608509000012,0,0,18.7,0,0,0.028,-0.013,-1.006,0.3,-0.6,0
91.5708509000012,0,0,18.7,0,0,0.028,-0.013,-1.006,0.3,-0.6,0
91.5808509000012,0,0,18.7,0,0,0.028,-0.013,-1.006,0.3,-0.6,0
91.5908509000012,0,0,18.7,0,0,0.028,-0.013,-1.006,0.3,-0.6,0
91.6008509000012,0,0.01,18.7,0,0,0.027,-0.013,-0.997,0.3,-0.6,0
91.6108509000012,0,0.01,18.7,0,0,0.027,-0.013,-0.997,0.3,-0.6,0
91.6208509000012,0,0.01,18.7,0,0,0.027,-0.013,-0.997,0.3,-0.6,0
91.6308509000012,0,0.01,18.7,0,0,0.027,-0.013,-0.997,0.3,-0.6,0
91.6408509000012,0,0.01,18.7,0,0,0.027,-0.013,-0.997,0.3,-0.6,0
91.6508509000012,0,0.02,18.7,0,0,0.028,-0.013,-1.005,0.2,-0.5,0
91.6608509000013,0,0.02,18.7,0,0,0.028,-0.013,-1.005,0.2,-0.5,0
91.6708509000012,0,0.02,18.7,0,0,0.028,-0.013,-1.005,0.2,-0.5,0
91.6808509000012,0,0.02,18.7,0,0,0.028,-0.013,-1.005,0.2,-0.5,0
91.6908509000013,0,0.02,18.7,0,0,0.028,-0.013,-1.005,0.2,-0.5,0
91.7008509000013,0,0.02,18.7,0,0,0.029,-0.013,-1.001,0.4,-0.6,0
91.7108509000013,0,0.02,18.7,0,0,0.029,-0.013,-1.001,0.4,-0.6,0
91.7208509000013,0,0.02,18.7,0,0,0.029,-0.013,-1.001,0.4,-0.6,0
91.7308509000013,0,0.02,18.7,0,0,0.029,-0.013,-1.001,0.4,-0.6,0
91.7408509000013,0,0.02,18.7,0,0,0.029,-0.013,-1.001,0.4,-0.6,0
91.7508509000013,0,0.02,18.6,0,0,0.029,-0.013,-1.004,0.4,-0.6,0
91.7608509000013,0,0.02,18.6,0,0,0.029,-0.013,-1.004,0.4,-0.6,0
91.7708509000013,0,0.02,18.6,0,0,0.029,-0.013,-1.004,0.4,-0.6,0
91.7808509000013,0,0.02,18.6,0,0,0.029,-0.013,-1.004,0.4,-0.6,0
91.7908509000013,0,0.02,18.6,0,0,0.029,-0.013,-1.004,0.4,-0.6,0
91.8008509000013,0,0.01,18.7,0,0,0.028,-0.013,-1,0.3,-0.6,0
91.8108509000013,0,0.01,18.7,0,0,0.028,-0.013,-1,0.3,-0.6,0
91.8208509000013,0,0.01,18.7,0,0,0.028,-0.013,-1,0.3,-0.6,0
91.8308509000013,0,0.01,18.7,0,0,0.028,-0.013,-1,0.3,-0.6,0
91.8408509000013,0,0.01,18.7,0,0,0.028,-0.013,-1,0.3,-0.6,0
91.8508509000013,0,0.02,18.7,0,0,0.027,-0.012,-1,0.3,-0.5,0
91.8608509000013,0,0.02,18.7,0,0,0.027,-0.012,-1,0.3,-0.5,0
91.8708509000013,0,0.02,18.7,0,0,0.027,-0.012,-1,0.3,-0.5,0
91.8808509000013,0,0.02,18.7,0,0,0.027,-0.012,-1,0.3,-0.5,0
91.8908509000013,0,0.02,18.7,0,0,0.027,-0.012,-1,0.3,-0.5,0
91.9008509000013,0,0.02,18.6,0,0,0.029,-0.014,-1.001,0.4,-0.6,0
91.9108509000013,0,0.02,18.6,0,0,0.029,-0.014,-1.001,0.4,-0.6,0
91.9208509000013,0,0.02,18.6,0,0,0.029,-0.014,-1.001,0.4,-0.6,0
91.9308509000013,0,0.02,18.6,0,0,0.029,-0.014,-1.001,0.4,-0.6,0
91.9408509000013,0,0.02,18.6,0,0,0.029,-0.014,-1.001,0.4,-0.6,0
91.9508509000013,0,0.02,18.7,0,0,0.028,-0.013,-1.003,0.3,-0.5,0.1
91.9608509000013,0,0.02,18.7,0,0,0.028,-0.013,-1.003,0.3,-0.5,0.1
91.9708509000013,0,0.02,18.7,0,0,0.028,-0.013,-1.003,0.3,-0.5,0.1
91.9808509000013,0,0.02,18.7,0,0,0.028,-0.013,-1.003,0.3,-0.5,0.1
91.9908509000013,0,0.02,18.7,0,0,0.028,-0.013,-1.003,0.3,-0.5,0.1
92.0008509000013,0,0.01,18.7,0,0,0.028,-0.013,-0.999,0.3,-0.5,0
92.0108509000013,0,0.01,18.7,0,0,0.028,-0.013,-0.999,0.3,-0.5,0
92.0208509000013,0,0.01,18.7,0,0,0.028,-0.013,-0.999,0.3,-0.5,0
92.0308509000013,0,0.01,18.7,0,0,0.028,-0.013,-0.999,0.3,-0.5,0
92.0408509000013,0,0.01,18.7,0,0,0.028,-0.013,-0.999,0.3,-0.5,0
92.0508509000013,0,0.01,18.7,0,0,0.028,-0.013,-1,0.3,-0.6,0
92.0608509000013,0,0.01,18.7,0,0,0.028,-0.013,-1,0.3,-0.6,0
92.0708509000013,0,0.01,18.7,0,0,0.028,-0.013,-1,0.3,-0.6,0
92.0808509000013,0,0.01,18.7,0,0,0.028,-0.013,-1,0.3,-0.6,0
92.0908509000013,0,0.01,18.7,0,0,0.028,-0.013,-1,0.3,-0.6,0
92.1008509000013,0,0.02,18.7,0,0,0.03,-0.013,-1.002,0.3,-0.5,0
92.1108509000014,0,0.02,18.7,0,0,0.03,-0.013,-1.002,0.3,-0.5,0
92.1208509000013,0,0.02,18.7,0,0,0.03,-0.013,-1.002,0.3,-0.5,0
92.1308509000013,0,0.02,18.7,0,0,0.03,-0.013,-1.002,0.3,-0.5,0
92.1408509000014,0,0.02,18.7,0,0,0.03,-0.013,-1.002,0.3,-0.5,0
92.1508509000014,0,0,18.7,0,0,0.027,-0.013,-1.003,0.3,-0.6,0
92.1608509000014,0,0,18.7,0,0,0.027,-0.013,-1.003,0.3,-0.6,0
92.1708509000014,0,0,18.7,0,0,0.027,-0.013,-1.003,0.3,-0.6,0
92.1808509000014,0,0,18.7,0,0,0.027,-0.013,-1.003,0.3,-0.6,0
92.1908509000014,0,0,18.7,0,0,0.027,-0.013,-1.003,0.3,-0.6,0
92.2008509000014,0,0.01,18.7,0,0,0.028,-0.013,-1,0.2,-0.5,0
92.2108509000014,0,0.01,18.7,0,0,0.028,-0.013,-1,0.2,-0.5,0
92.2208509000014,0,0.01,18.7,0,0,0.028,-0.013,-1,0.2,-0.5,0
92.2308509000014,0,0.01,18.7,0,0,0.028,-0.013,-1,0.2,-0.5,0
92.2408509000014,0,0.01,18.7,0,0,0.028,-0.013,-1,0.2,-0.5,0
92.2508509000014,0,0,18.7,0,0,0.028,-0.011,-1,0.3,-0.5,0
92.2608509000014,0,0,18.7,0,0,0.028,-0.011,-1,0.3,-0.5,0
92.2708509000014,0,0,18.7,0,0,0.028,-0.011,-1,0.3,-0.5,0
92.2808509000014,0,0,18.7,0,0,0.028,-0.011,-1,0.3,-0.5,0
92.2908509000014,0,0,18.7,0,0,0.028,-0.011,-1,0.3,-0.5,0
92.3008509000014,0,0.01,18.7,0,0,0.029,-0.014,-0.997,0.3,-0.5,0
92.3108509000014,0,0.01,18.7,0,0,0.029,-0.014,-0.997,0.3,-0.5,0
92.3208509000014,0,0.01,18.7,0,0,0.029,-0.014,-0.997,0.3,-0.5,0
92.3308509000014,0,0.01,18.7,0,0,0.029,-0.014,-0.997,0.3,-0.5,0
92.3408509000014,0,0.01,18.7,0,0,0.029,-0.014,-0.997,0.3,-0.5,0
92.3508509000014,0,0,18.7,0,0,0.027,-0.014,-1.007,0.2,-0.6,0
92.3608509000014,0,0,18.7,0,0,0.027,-0.014,-1.007,0.2,-0.6,0
92.3708509000014,0,0,18.7,0,0,0.027,-0.014,-1.007,0.2,-0.6,0
92.3808509000014,0,0,18.7,0,0,0.027,-0.014,-1.007,0.2,-0.6,0
92.3908509000014,0,0,18.7,0,0,0.027,-0.014,-1.007,0.2,-0.6,0
92.4008509000014,0,0,18.7,0,0,0.029,-0.013,-1.001,0.1,-0.6,0
92.4108509000014,0,0,18.7,0,0,0.029,-0.013,-1.001,0.1,-0.6,0
92.4208509000014,0,0,18.7,0,0,0.029,-0.013,-1.001,0.1,-0.6,0
92.4308509000014,0,0,18.7,0,0,0.029,-0.013,-1.001,0.1,-0.6,0
92.4408509000014,0,0,18.7,0,0,0.029,-0.013,-1.001,0.1,-0.6,0
92.4508509000014,0,0.02,18.7,0,0,0.028,-0.014,-1,0.3,-0.6,0
92.4608509000014,0,0.02,18.7,0,0,0.028,-0.014,-1,0.3,-0.6,0
92.4708509000014,0,0.02,18.7,0,0,0.028,-0.014,-1,0.3,-0.6,0
92.4808509000014,0,0.02,18.7,0,0,0.028,-0.014,-1,0.3,-0.6,0
92.4908509000014,0,0.02,18.7,0,0,0.028,-0.014,-1,0.3,-0.6,0
92.5008509000014,0,0.01,18.7,0,0,0.028,-0.014,-1.005,0.3,-0.5,0
92.5108509000014,0,0.01,18.7,0,0,0.028,-0.014,-1.005,0.3,-0.5,0
92.5208509000014,0,0.01,18.7,0,0,0.028,-0.014,-1.005,0.3,-0.5,0
92.5308509000014,0,0.01,18.7,0,0,0.028,-0.014,-1.005,0.3,-0.5,0
92.5408509000014,0,0.01,18.7,0,0,0.028,-0.014,-1.005,0.3,-0.5,0
92.5508509000014,0,0.01,18.7,0,0,0.029,-0.013,-1.002,0.3,-0.4,0
92.5608509000015,0,0.01,18.7,0,0,0.029,-0.013,-1.002,0.3,-0.4,0
92.5708509000014,0,0.01,18.7,0,0,0.029,-0.013,-1.002,0.3,-0.4,0
92.5808509000015,0,0.01,18.7,0,0,0.029,-0.013,-1.002,0.3,-0.4,0
92.5908509000015,0,0.01,18.7,0,0,0.029,-0.013,-1.002,0.3,-0.4,0
92.6008509000015,0,0.02,18.7,0,0,0.028,-0.014,-1.001,0.4,-0.5,0
92.6108509000015,0,0.02,18.7,0,0,0.028,-0.014,-1.001,0.4,-0.5,0
92.6208509000015,0,0.02,18.7,0,0,0.028,-0.014,-1.001,0.4,-0.5,0
92.6308509000015,0,0.02,18.7,0,0,0.028,-0.014,-1.001,0.4,-0.5,0
92.6408509000015,0,0.02,18.7,0,0,0.028,-0.014,-1.001,0.4,-0.5,0
92.6508509000015,0,0.01,18.7,0,0,0.03,-0.014,-0.998,0.4,-0.5,0
92.6608509000015,0,0.01,18.7,0,0,0.03,-0.014,-0.998,0.4,-0.5,0
92.6708509000015,0,0.01,18.7,0,0,0.03,-0.014,-0.998,0.4,-0.5,0
92.6808509000015,0,0.01,18.7,0,0,0.03,-0.014,-0.998,0.4,-0.5,0
92.6908509000015,0,0.01,18.7,0,0,0.03,-0.014,-0.998,0.4,-0.5,0
92.7008509000015,0,0,18.7,0,0,0.029,-0.014,-1.002,0.3,-0.6,0
92.7108509000015,0,0,18.7,0,0,0.029,-0.014,-1.002,0.3,-0.6,0
92.7208509000015,0,0,18.7,0,0,0.029,-0.014,-1.002,0.3,-0.6,0
92.7308509000015,0,0,18.7,0,0,0.029,-0.014,-1.002,0.3,-0.6,0
92.7408509000015,0,0,18.7,0,0,0.029,-0.014,-1.002,0.3,-0.6,0
92.7508509000015,0,0.02,18.7,0,0,0.028,-0.013,-1,0.3,-0.5,0
92.7608509000015,0,0.02,18.7,0,0,0.028,-0.013,-1,0.3,-0.5,0
92.7708509000015,0,0.02,18.7,0,0,0.028,-0.013,-1,0.3,-0.5,0
92.7808509000015,0,0.02,18.7,0,0,0.028,-0.013,-1,0.3,-0.5,0
92.7908509000015,0,0.02,18.7,0,0,0.028,-0.013,-1,0.3,-0.5,0
92.8008509000015,0,0.02,18.7,0,0,0.029,-0.012,-0.996,0.2,-0.4,0
92.8108509000015,0,0.02,18.7,0,0,0.029,-0.012,-0.996,0.2,-0.4,0
92.8208509000015,0,0.02,18.7,0,0,0.029,-0.012,-0.996,0.2,-0.4,0
92.8308509000015,0,0.02,18.7,0,0,0.029,-0.012,-0.996,0.2,-0.4,0
92.8408509000015,0,0.02,18.7,0,0,0.029,-0.012,-0.996,0.2,-0.4,0
92.8508509000015,0,0.02,18.6,0,0,0.028,-0.014,-1.004,0.4,-0.5,0
92.8608509000015,0,0.02,18.6,0,0,0.028,-0.014,-1.004,0.4,-0.5,0
92.8708509000015,0,0.02,18.6,0,0,0.028,-0.014,-1.004,0.4,-0.5,0
92.8808509000015,0,0.02,18.6,0,0,0.028,-0.014,-1.004,0.4,-0.5,0
92.8908509000015,0,0.02,18.6,0,0,0.028,-0.014,-1.004,0.4,-0.5,0
92.9008509000015,0,0.01,18.7,0,0,0.027,-0.013,-0.993,0.3,-0.6,0.1
92.9108509000015,0,0.01,18.7,0,0,0.027,-0.013,-0.993,0.3,-0.6,0.1
92.9208509000015,0,0.01,18.7,0,0,0.027,-0.013,-0.993,0.3,-0.6,0.1
92.9308509000015,0,0.01,18.7,0,0,0.027,-0.013,-0.993,0.3,-0.6,0.1
92.9408509000015,0,0.01,18.7,0,0,0.027,-0.013,-0.993,0.3,-0.6,0.1
92.9508509000015,0,0.02,18.7,0,0,0.027,-0.014,-1.003,0.2,-0.5,0
92.9608509000015,0,0.02,18.7,0,0,0.027,-0.014,-1.003,0.2,-0.5,0
92.9708509000015,0,0.02,18.7,0,0,0.027,-0.014,-1.003,0.2,-0.5,0
92.9808509000015,0,0.02,18.7,0,0,0.027,-0.014,-1.003,0.2,-0.5,0
92.9908509000015,0,0.02,18.7,0,0,0.027,-0.014,-1.003,0.2,-0.5,0
93.0008509000016,0,0.01,18.7,0,0,0.028,-0.014,-1.002,0.1,-0.4,0
93.0108509000016,0,0.01,18.7,0,0,0.028,-0.014,-1.002,0.1,-0.4,0
93.0208509000015,0,0.01,18.7,0,0,0.028,-0.014,-1.002,0.1,-0.4,0
93.0308509000016,0,0.01,18.7,0,0,0.028,-0.014,-1.002,0.1,-0.4,0
93.0408509000016,0,0.01,18.7,0,0,0.028,-0.014,-1.002,0.1,-0.4,0
93.0508509000016,0,0,18.7,0,0,0.028,-0.014,-1.003,0.3,-0.6,0
93.0608509000016,0,0,18.7,0,0,0.028,-0.014,-1.003,0.3,-0.6,0
93.0708509000016,0,0,18.7,0,0,0.028,-0.014,-1.003,0.3,-0.6,0
93.0808509000016,0,0,18.7,0,0,0.028,-0.014,-1.003,0.3,-0.6,0
93.0908509000016,0,0,18.7,0,0,0.028,-0.014,-1.003,0.3,-0.6,0
93.1008509000016,0,0.01,18.7,0,0,0.029,-0.013,-1.003,0.3,-0.5,0
93.1108509000016,0,0.01,18.7,0,0,0.029,-0.013,-1.003,0.3,-0.5,0
93.1208509000016,0,0.01,18.7,0,0,0.029,-0.013,-1.003,0.3,-0.5,0
93.1308509000016,0,0.01,18.7,0,0,0.029,-0.013,-1.003,0.3,-0.5,0
93.1408509000016,0,0.01,18.7,0,0,0.029,-0.013,-1.003,0.3,-0.5,0
93.1508509000016,0,0.01,18.7,0,0,0.029,-0.012,-0.998,0.1,-0.5,0
93.1608509000016,0,0.01,18.7,0,0,0.029,-0.012,-0.998,0.1,-0.5,0
93.1708509000016,0,0.01,18.7,0,0,0.029,-0.012,-0.998,0.1,-0.5,0
93.1808509000016,0,0.01,18.7,0,0,0.029,-0.012,-0.998,0.1,-0.5,0
93.1908509000016,0,0.01,18.7,0,0,0.029,-0.012,-0.998,0.1,-0.5,0
93.2008509000016,0,0,18.7,0,0,0.026,-0.014,-1.004,0.2,-0.6,0
93.2108509000016,0,0,18.7,0,0,0.026,-0.014,-1.004,0.2,-0.6,0
93.2208509000016,0,0,18.7,0,0,0.026,-0.014,-1.004,0.2,-0.6,0
93.2308509000016,0,0,18.7,0,0,0.026,-0.014,-1.004,0.2,-0.6,0
93.2408509000016,0,0,18.7,0,0,0.026,-0.014,-1.004,0.2,-0.6,0
93.2508509000016,0,0.01,18.7,0,0,0.03,-0.014,-0.999,0.3,-0.5,0
93.2608509000016,0,0.01,18.7,0,0,0.03,-0.014,-0.999,0.3,-0.5,0
93.2708509000016,0,0.01,18.7,0,0,0.03,-0.014,-0.999,0.3,-0.5,0
93.2808509000016,0,0.01,18.7,0,0,0.03,-0.014,-0.999,0.3,-0.5,0
93.2908509000016,0,0.01,18.7,0,0,0.03,-0.014,-0.999,0.3,-0.5,0
93.3008509000016,0,0,18.7,0,0,0.027,-0.011,-1.007,0.2,-0.5,0
93.3108509000016,0,0,18.7,0,0,0.027,-0.011,-1.007,0.2,-0.5,0
93.3208509000016,0,0,18.7,0,0,0.027,-0.011,-1.007,0.2,-0.5,0
93.3308509000016,0,0,18.7,0,0,0.027,-0.011,-1.007,0.2,-0.5,0
93.3408509000016,0,0,18.7,0,0,0.027,-0.011,-1.007,0.2,-0.5,0
93.3508509000016,0,0.02,18.7,0,0,0.028,-0.012,-0.996,0.3,-0.5,0
93.3608509000016,0,0.02,18.7,0,0,0.028,-0.012,-0.996,0.3,-0.5,0
93.3708509000016,0,0.02,18.7,0,0,0.028,-0.012,-0.996,0.3,-0.5,0
93.3808509000016,0,0.02,18.7,0,0,0.028,-0.012,-0.996,0.3,-0.5,0
93.3908509000016,0,0.02,18.7,0,0,0.028,-0.012,-0.996,0.3,-0.5,0
93.4008509000016,0,0.02,18.7,0,0,0.028,-0.012,-1.002,0.3,-0.6,0
93.4108509000016,0,0.02,18.7,0,0,0.028,-0.012,-1.002,0.3,-0.6,0
93.4208509000016,0,0.02,18.7,0,0,0.028,-0.012,-1.002,0.3,-0.6,0
93.4308509000016,0,0.02,18.7,0,0,0.028,-0.012,-1.002,0.3,-0.6,0
93.4408509000016,0,0.02,18.7,0,0,0.028,-0.012,-1.002,0.3,-0.6,0
93.4508509000017,0,0,18.7,0,0,0.029,-0.012,-1,0.1,-0.6,0
93.4608509000017,0,0,18.7,0,0,0.029,-0.012,-1,0.1,-0.6,0
93.4708509000017,0,0,18.7,0,0,0.029,-0.012,-1,0.1,-0.6,0
93.4808509000017,0,0,18.7,0,0,0.029,-0.012,-1,0.1,-0.6,0
93.4908509000017,0,0,18.7,0,0,0.029,-0.012,-1,0.1,-0.6,0
93.5008509000017,0,0,18.7,0,0,0.029,-0.013,-1,0.2,-0.6,0
93.5108509000017,0,0,18.7,0,0,0.029,-0.013,-1,0.2,-0.6,0
93.5208509000017,0,0,18.7,0,0,0.029,-0.013,-1,0.2,-0.6,0
93.5308509000017,0,0,18.7,0,0,0.029,-0.013,-1,0.2,-0.6,0
93.5408509000017,0,0,18.7,0,0,0.029,-0.013,-1,0.2,-0.6,0
93.5508509000017,0,0.02,18.7,0,0,0.029,-0.013,-1.002,0.3,-0.6,0
93.5608509000017,0,0.02,18.7,0,0,0.029,-0.013,-1.002,0.3,-0.6,0
93.5708509000017,0,0.02,18.7,0,0,0.029,-0.013,-1.002,0.3,-0.6,0
93.5808509000017,0,0.02,18.7,0,0,0.029,-0.013,-1.002,0.3,-0.6,0
93.5908509000017,0,0.02,18.7,0,0,0.029,-0.013,-1.002,0.3,-0.6,0
93.6008509000017,0,0,18.7,0,0,0.029,-0.013,-0.997,0.3,-0.5,0
93.6108509000017,0,0,18.7,0,0,0.029,-0.013,-0.997,0.3,-0.5,0
93.6208509000017,0,0,18.7,0,0,0.029,-0.013,-0.997,0.3,-0.5,0
93.6308509000017,0,0,18.7,0,0,0.029,-0.013,-0.997,0.3,-0.5,0
93.6408509000017,0,0,18.7,0,0,0.029,-0.013,-0.997,0.3,-0.5,0
93.6508509000017,0,0.02,18.7,0,0,0.028,-0.012,-1,0.4,-0.5,0
93.6608509000017,0,0.02,18.7,0,0,0.028,-0.012,-1,0.4,-0.5,0
93.6708509000017,0,0.02,18.7,0,0,0.028,-0.012,-1,0.4,-0.5,0
93.6808509000017,0,0.02,18.7,0,0,0.028,-0.012,-1,0.4,-0.5,0
93.6908509000017,0,0.02,18.7,0,0,0.028,-0.012,-1,0.4,-0.5,0
93.7008509000017,0,0.01,18.6,0,0,0.028,-0.012,-1.001,0.3,-0.6,0
93.7108509000017,0,0.01,18.6,0,0,0.028,-0.012,-1.001,0.3,-0.6,0
93.7208509000017,0,0.01,18.6,0,0,0.028,-0.012,-1.001,0.3,-0.6,0
93.7308509000017,0,0.01,18.6,0,0,0.028,-0.012,-1.001,0.3,-0.6,0
93.7408509000017,0,0.01,18.6,0,0,0.028,-0.012,-1.001,0.3,-0.6,0
93.7508509000017,0,0.02,18.7,0,0,0.027,-0.013,-1.001,0.3,-0.5,0
93.7608509000017,0,0.02,18.7,0,0,0.027,-0.013,-1.001,0.3,-0.5,0
93.7708509000017,0,0.02,18.7,0,0,0.027,-0.013,-1.001,0.3,-0.5,0
93.7808509000017,0,0.02,18.7,0,0,0.027,-0.013,-1.001,0.3,-0.5,0
93.7908509000017,0,0.02,18.7,0,0,0.027,-0.013,-1.001,0.3,-0.5,0
93.8008509000017,0,0.01,18.6,0,0,0.028,-0.013,-1.002,0.2,-0.6,0
93.8108509000017,0,0.01,18.6,0,0,0.028,-0.013,-1.002,0.2,-0.6,0
93.8208509000017,0,0.01,18.6,0,0,0.028,-0.013,-1.002,0.2,-0.6,0
93.8308509000017,0,0.01,18.6,0,0,0.028,-0.013,-1.002,0.2,-0.6,0
93.8408509000017,0,0.01,18.6,0,0,0.028,-0.013,-1.002,0.2,-0.6,0
93.8508509000017,0,0.02,18.7,0,0,0.029,-0.012,-0.995,0.3,-0.6,0
93.8608509000018,0,0.02,18.7,0,0,0.029,-0.012,-0.995,0.3,-0.6,0
93.8708509000017,0,0.02,18.7,0,0,0.029,-0.012,-0.995,0.3,-0.6,0
93.8808509000017,0,0.02,18.7,0,0,0.029,-0.012,-0.995,0.3,-0.6,0
93.8908509000018,0,0.02,18.7,0,0,0.029,-0.012,-0.995,0.3,-0.6,0
93.9008509000018,0,0.01,18.7,0,0,0.028,-0.014,-1.002,0.3,-0.5,0
93.9108509000018,0,0.01,18.7,0,0,0.028,-0.014,-1.002,0.3,-0.5,0
93.9208509000018,0,0.01,18.7,0,0,0.028,-0.014,-1.002,0.3,-0.5,0
93.9308509000018,0,0.01,18.7,0,0,0.028,-0.014,-1.002,0.3,-0.5,0
93.9408509000018,0,0.01,18.7,0,0,0.028,-0.014,-1.002,0.3,-0.5,0
93.9508509000018,0,0.01,18.7,0,0,0.029,-0.012,-0.998,0.2,-0.5,0
93.9608509000018,0,0.01,18.7,0,0,0.029,-0.012,-0.998,0.2,-0.5,0
93.9708509000018,0,0.01,18.7,0,0,0.029,-0.012,-0.998,0.2,-0.5,0
93.9808509000018,0,0.01,18.7,0,0,0.029,-0.012,-0.998,0.2,-0.5,0
93.9908509000018,0,0.01,18.7,0,0,0.029,-0.012,-0.998,0.2,-0.5,0
94.0008509000018,0,0.02,18.7,0,0,0.028,-0.014,-1.005,0.3,-0.6,0
94.0108509000018,0,0.02,18.7,0,0,0.028,-0.014,-1.005,0.3,-0.6,0
94.0208509000018,0,0.02,18.7,0,0,0.028,-0.014,-1.005,0.3,-0.6,0
94.0308509000018,0,0.02,18.7,0,0,0.028,-0.014,-1.005,0.3,-0.6,0
94.0408509000018,0,0.02,18.7,0,0,0.028,-0.014,-1.005,0.3,-0.6,0
94.0508509000018,0,0.02,18.7,0,0,0.029,-0.014,-0.999,0.3,-0.6,0
94.0608509000018,0,0.02,18.7,0,0,0.029,-0.014,-0.999,0.3,-0.6,0
94.0708509000018,0,0.02,18.7,0,0,0.029,-0.014,-0.999,0.3,-0.6,0
94.0808509000018,0,0.02,18.7,0,0,0.029,-0.014,-0.999,0.3,-0.6,0
94.0908509000018,0,0.02,18.7,0,0,0.029,-0.014,-0.999,0.3,-0.6,0
94.1008509000018,0,0.02,18.7,0,0,0.028,-0.012,-0.999,0.4,-0.5,0
94.1108509000018,0,0.02,18.7,0,0,0.028,-0.012,-0.999,0.4,-0.5,0
94.1208509000018,0,0.02,18.7,0,0,0.028,-0.012,-0.999,0.4,-0.5,0
94.1308509000018,0,0.02,18.7,0,0,0.028,-0.012,-0.999,0.4,-0.5,0
94.1408509000018,0,0.02,18.7,0,0,0.028,-0.012,-0.999,0.4,-0.5,0
94.1508509000018,0,0,18.7,0,0,0.029,-0.014,-0.999,0.3,-0.5,0
94.1608509000018,0,0,18.7,0,0,0.029,-0.014,-0.999,0.3,-0.5,0
94.1708509000018,0,0,18.7,0,0,0.029,-0.014,-0.999,0.3,-0.5,0
94.1808509000018,0,0,18.7,0,0,0.029,-0.014,-0.999,0.3,-0.5,0
94.1908509000018,0,0,18.7,0,0,0.029,-0.014,-0.999,0.3,-0.5,0
94.2008509000018,0,0.02,18.7,0,0,0.029,-0.013,-1.001,0.3,-0.6,0
94.2108509000018,0,0.02,18.7,0,0,0.029,-0.013,-1.001,0.3,-0.6,0
94.2208509000018,0,0.02,18.7,0,0,0.029,-0.013,-1.001,0.3,-0.6,0
94.2308509000018,0,0.02,18.7,0,0,0.029,-0.013,-1.001,0.3,-0.6,0
94.2408509000018,0,0.02,18.7,0,0,0.029,-0.013,-1.001,0.3,-0.6,0
94.2508509000018,0,0,18.7,0,0,0.029,-0.013,-1.002,0.2,-0.5,0
94.2608509000018,0,0,18.7,0,0,0.029,-0.013,-1.002,0.2,-0.5,0
94.2708509000018,0,0,18.7,0,0,0.029,-0.013,-1.002,0.2,-0.5,0
94.2808509000018,0,0,18.7,0,0,0.029,-0.013,-1.002,0.2,-0.5,0
94.2908509000018,0,0,18.7,0,0,0.029,-0.013,-1.002,0.2,-0.5,0
94.3008509000018,0,0.02,18.7,0,0,0.027,-0.013,-1.005,0.3,-0.6,0
94.3108509000019,0,0.02,18.7,0,0,0.027,-0.013,-1.005,0.3,-0.6,0
94.3208509000018,0,0.02,18.7,0,0,0.027,-0.013,-1.005,0.3,-0.6,0
94.3308509000018,0,0.02,18.7,0,0,0.027,-0.013,-1.005,0.3,-0.6,0
94.3408509000019,0,0.02,18.7,0,0,0.027,-0.013,-1.005,0.3,-0.6,0
94.3508509000019,0,0.01,18.7,0,0,0.028,-0.015,-1.003,0.1,-0.6,0
94.3608509000019,0,0.01,18.7,0,0,0.028,-0.015,-1.003,0.1,-0.6,0
94.3708509000019,0,0.01,18.7,0,0,0.028,-0.015,-1.003,0.1,-0.6,0
94.3808509000019,0,0.01,18.7,0,0,0.028,-0.015,-1.003,0.1,-0.6,0
94.3908509000019,0,0.01,18.7,0,0,0.028,-0.015,-1.003,0.1,-0.6,0
94.4008509000019,0,0,18.7,0,0,0.029,-0.012,-1,0.3,-0.6,0.1
94.4108509000019,0,0,18.7,0,0,0.029,-0.012,-1,0.3,-0.6,0.1
94.4208509000019,0,0,18.7,0,0,0.029,-0.012,-1,0.3,-0.6,0.1
94.4308509000019,0,0,18.7,0,0,0.029,-0.012,-1,0.3,-0.6,0.1
94.4408509000019,0,0,18.7,0,0,0.029,-0.012,-1,0.3,-0.6,0.1
94.4508509000019,0,0.01,18.7,0,0,0.027,-0.014,-1.005,0.4,-0.6,0
94.4608509000019,0,0.01,18.7,0,0,0.027,-0.014,-1.005,0.4,-0.6,0
94.4708509000019,0,0.01,18.7,0,0,0.027,-0.014,-1.005,0.4,-0.6,0
94.4808509000019,0,0.01,18.7,0,0,0.027,-0.014,-1.005,0.4,-0.6,0
94.4908509000019,0,0.01,18.7,0,0,0.027,-0.014,-1.005,0.4,-0.6,0
94.5008509000019,0,0.02,18.7,0,0,0.027,-0.013,-1.007,0.2,-0.5,0
94.5108509000019,0,0.02,18.7,0,0,0.027,-0.013,-1.007,0.2,-0.5,0
94.5208509000019,0,0.02,18.7,0,0,0.027,-0.013,-1.007,0.2,-0.5,0
94.5308509000019,0,0.02,18.7,0,0,0.027,-0.013,-1.007,0.2,-0.5,0
94.5408509000019,0,0.02,18.7,0,0,0.027,-0.013,-1.007,0.2,-0.5,0
94.5508509000019,0,0.02,18.7,0,0,0.029,-0.013,-1.004,0.3,-0.5,0
94.5608509000019,0,0.02,18.7,0,0,0.029,-0.013,-1.004,0.3,-0.5,0
94.5708509000019,0,0.02,18.7,0,0,0.029,-0.013,-1.004,0.3,-0.5,0
94.5808509000019,0,0.02,18.7,0,0,0.029,-0.013,-1.004,0.3,-0.5,0
94.5908509000019,0,0.02,18.7,0,0,0.029,-0.013,-1.004,0.3,-0.5,0
94.6008509000019,0,0,18.7,0,0,0.028,-0.014,-1,0.3,-0.6,0
94.6108509000019,0,0,18.7,0,0,0.028,-0.014,-1,0.3,-0.6,0
94.6208509000019,0,0,18.7,0,0,0.028,-0.014,-1,0.3,-0.6,0
94.6308509000019,0,0,18.7,0,0,0.028,-0.014,-1,0.3,-0.6,0
94.6408509000019,0,0,18.7,0,0,0.028,-0.014,-1,0.3,-0.6,0
94.6508509000019,0,0.01,18.7,0,0,0.028,-0.015,-1.004,0.1,-0.5,0.1
94.6608509000019,0,0.01,18.7,0,0,0.028,-0.015,-1.004,0.1,-0.5,0.1
94.6708509000019,0,0.01,18.7,0,0,0.028,-0.015,-1.004,0.1,-0.5,0.1
94.6808509000019,0,0.01,18.7,0,0,0.028,-0.015,-1.004,0.1,-0.5,0.1
94.6908509000019,0,0.01,18.7,0,0,0.028,-0.015,-1.004,0.1,-0.5,0.1
94.7008509000019,0,0.01,18.7,0,0,0.028,-0.014,-1.011,0.3,-0.6,0
94.7108509000019,0,0.01,18.7,0,0,0.028,-0.014,-1.011,0.3,-0.6,0
94.7208509000019,0,0.01,18.7,0,0,0.028,-0.014,-1.011,0.3,-0.6,0
94.7308509000019,0,0.01,18.7,0,0,0.028,-0.014,-1.011,0.3,-0.6,0
94.7408509000019,0,0.01,18.7,0,0,0.028,-0.014,-1.011,0.3,-0.6,0
94.750850900002,0,0.02,18.7,0,0,0.029,-0.013,-1,0.3,-0.6,0
94.760850900002,0,0.02,18.7,0,0,0.029,-0.013,-1,0.3,-0.6,0
94.7708509000019,0,0.02,18.7,0,0,0.029,-0.013,-1,0.3,-0.6,0
94.780850900002,0,0.02,18.7,0,0,0.029,-0.013,-1,0.3,-0.6,0
94.790850900002,0,0.02,18.7,0,0,0.029,-0.013,-1,0.3,-0.6,0
94.800850900002,0,0.02,18.7,0,0,0.028,-0.013,-1.007,0.3,-0.5,0
94.810850900002,0,0.02,18.7,0,0,0.028,-0.013,-1.007,0.3,-0.5,0
94.820850900002,0,0.02,18.7,0,0,0.028,-0.013,-1.007,0.3,-0.5,0
94.830850900002,0,0.02,18.7,0,0,0.028,-0.013,-1.007,0.3,-0.5,0
94.840850900002,0,0.02,18.7,0,0,0.028,-0.013,-1.007,0.3,-0.5,0
94.850850900002,0,0.01,18.6,0,0,0.029,-0.012,-0.996,0.4,-0.4,0
94.860850900002,0,0.01,18.6,0,0,0.029,-0.012,-0.996,0.4,-0.4,0
94.870850900002,0,0.01,18.6,0,0,0.029,-0.012,-0.996,0.4,-0.4,0
94.880850900002,0,0.01,18.6,0,0,0.029,-0.012,-0.996,0.4,-0.4,0
94.890850900002,0,0.01,18.6,0,0,0.029,-0.012,-0.996,0.4,-0.4,0
94.900850900002,0,0.02,18.7,0,0,0.027,-0.012,-1.006,0.3,-0.5,0
94.910850900002,0,0.02,18.7,0,0,0.027,-0.012,-1.006,0.3,-0.5,0
94.920850900002,0,0.02,18.7,0,0,0.027,-0.012,-1.006,0.3,-0.5,0
94.930850900002,0,0.02,18.7,0,0,0.027,-0.012,-1.006,0.3,-0.5,0
94.940850900002,0,0.02,18.7,0,0,0.027,-0.012,-1.006,0.3,-0.5,0
94.950850900002,0,0.02,18.7,0,0,0.028,-0.014,-0.996,0.3,-0.6,0
94.960850900002,0,0.02,18.7,0,0,0.028,-0.014,-0.996,0.3,-0.6,0
94.970850900002,0,0.02,18.7,0,0,0.028,-0.014,-0.996,0.3,-0.6,0
94.980850900002,0,0.02,18.7,0,0,0.028,-0.014,-0.996,0.3,-0.6,0
94.990850900002,0,0.02,18.7,0,0,0.028,-0.014,-0.996,0.3,-0.6,0
95.000850900002,0,0.02,18.7,0,0,0.028,-0.011,-1.001,0.1,-0.4,0
95.010850900002,0,0.02,18.7,0,0,0.028,-0.011,-1.001,0.1,-0.4,0
95.020850900002,0,0.02,18.7,0,0,0.028,-0.011,-1.001,0.1,-0.4,0
95.030850900002,0,0.02,18.7,0,0,0.028,-0.011,-1.001,0.1,-0.4,0
95.040850900002,0,0.02,18.7,0,0,0.028,-0.011,-1.001,0.1,-0.4,0
95.050850900002,0,0.01,18.7,0,0,0.028,-0.013,-0.998,0.3,-0.6,0
95.060850900002,0,0.01,18.7,0,0,0.028,-0.013,-0.998,0.3,-0.6,0
95.070850900002,0,0.01,18.7,0,0,0.028,-0.013,-0.998,0.3,-0.6,0
95.080850900002,0,0.01,18.7,0,0,0.028,-0.013,-0.998,0.3,-0.6,0
95.090850900002,0,0.01,18.7,0,0,0.028,-0.013,-0.998,0.3,-0.6,0
95.100850900002,0,0.01,18.7,0,0,0.027,-0.013,-1.004,0.2,-0.5,0
95.110850900002,0,0.01,18.7,0,0,0.027,-0.013,-1.004,0.2,-0.5,0
95.120850900002,0,0.01,18.7,0,0,0.027,-0.013,-1.004,0.2,-0.5,0
95.130850900002,0,0.01,18.7,0,0,0.027,-0.013,-1.004,0.2,-0.5,0
95.140850900002,0,0.01,18.7,0,0,0.027,-0.013,-1.004,0.2,-0.5,0
95.150850900002,0,0.01,18.6,0,0,0.028,-0.013,-1,0.4,-0.6,0
95.160850900002,0,0.01,18.6,0,0,0.028,-0.013,-1,0.4,-0.6,0
95.170850900002,0,0.01,18.6,0,0,0.028,-0.013,-1,0.4,-0.6,0
95.180850900002,0,0.01,18.6,0,0,0.028,-0.013,-1,0.4,-0.6,0
95.190850900002,0,0.01,18.6,0,0,0.028,-0.013,-1,0.4,-0.6,0
95.2008509000021,0,0.01,18.7,0,0,0.028,-0.012,-0.999,0.4,-0.4,0
95.2108509000021,0,0.01,18.7,0,0,0.028,-0.012,-0.999,0.4,-0.4,0
95.220850900002,0,0.01,18.7,0,0,0.028,-0.012,-0.999,0.4,-0.4,0
95.2308509000021,0,0.01,18.7,0,0,0.028,-0.012,-0.999,0.4,-0.4,0
95.2408509000021,0,0.01,18.7,0,0,0.028,-0.012,-0.999,0.4,-0.4,0
95.2508509000021,0,0.02,18.7,0,0,0.028,-0.014,-1.003,0.4,-0.6,0
95.2608509000021,0,0.02,18.7,0,0,0.028,-0.014,-1.003,0.4,-0.6,0
95.2708509000021,0,0.02,18.7,0,0,0.028,-0.014,-1.003,0.4,-0.6,0
95.2808509000021,0,0.02,18.7,0,0,0.028,-0.014,-1.003,0.4,-0.6,0
95.2908509000021,0,0.02,18.7,0,0,0.028,-0.014,-1.003,0.4,-0.6,0
95.3008509000021,0,0.01,18.7,0,0,0.029,-0.013,-0.998,0.4,-0.4,0
95.3108509000021,0,0.01,18.7,0,0,0.029,-0.013,-0.998,0.4,-0.4,0
95.3208509000021,0,0.01,18.7,0,0,0.029,-0.013,-0.998,0.4,-0.4,0
95.3308509000021,0,0.01,18.7,0,0,0.029,-0.013,-0.998,0.4,-0.4,0
95.3408509000021,0,0.01,18.7,0,0,0.029,-0.013,-0.998,0.4,-0.4,0
95.3508509000021,0,0.02,18.7,0,0,0.029,-0.013,-0.998,0.3,-0.4,0
95.3608509000021,0,0.02,18.7,0,0,0.029,-0.013,-0.998,0.3,-0.4,0
95.3708509000021,0,0.02,18.7,0,0,0.029,-0.013,-0.998,0.3,-0.4,0
95.3808509000021,0,0.02,18.7,0,0,0.029,-0.013,-0.998,0.3,-0.4,0
95.3908509000021,0,0.02,18.7,0,0,0.029,-0.013,-0.998,0.3,-0.4,0
95.4008509000021,0,0,18.7,0,0,0.028,-0.013,-1.001,0.3,-0.6,0
95.4108509000021,0,0,18.7,0,0,0.028,-0.013,-1.001,0.3,-0.6,0
95.4208509000021,0,0,18.7,0,0,0.028,-0.013,-1.001,0.3,-0.6,0
95.4308509000021,0,0,18.7,0,0,0.028,-0.013,-1.001,0.3,-0.6,0
95.4408509000021,0,0,18.7,0,0,0.028,-0.013,-1.001,0.3,-0.6,0
95.4508509000021,0,0.02,18.7,0,0,0.03,-0.013,-1.002,0.2,-0.5,0
95.4608509000021,0,0.02,18.7,0,0,0.03,-0.013,-1.002,0.2,-0.5,0
95.4708509000021,0,0.02,18.7,0,0,0.03,-0.013,-1.002,0.2,-0.5,0
95.4808509000021,0,0.02,18.7,0,0,0.03,-0.013,-1.002,0.2,-0.5,0
95.4908509000021,0,0.02,18.7,0,0,0.03,-0.013,-1.002,0.2,-0.5,0
95.5008509000021,0,0.02,18.7,0,0,0.027,-0.011,-1.002,0.3,-0.5,0
95.5108509000021,0,0.02,18.7,0,0,0.027,-0.011,-1.002,0.3,-0.5,0
95.5208509000021,0,0.02,18.7,0,0,0.027,-0.011,-1.002,0.3,-0.5,0
95.5308509000021,0,0.02,18.7,0,0,0.027,-0.011,-1.002,0.3,-0.5,0
95.5408509000021,0,0.02,18.7,0,0,0.027,-0.011,-1.002,0.3,-0.5,0
95.5508509000021,0,0,18.7,0,0,0.029,-0.015,-1.002,0.1,-0.5,0
95.5608509000021,0,0,18.7,0,0,0.029,-0.015,-1.002,0.1,-0.5,0
95.5708509000021,0,0,18.7,0,0,0.029,-0.015,-1.002,0.1,-0.5,0
95.5808509000021,0,0,18.7,0,0,0.029,-0.015,-1.002,0.1,-0.5,0
95.5908509000021,0,0,18.7,0,0,0.029,-0.015,-1.002,0.1,-0.5,0
95.6008509000021,0,0.01,18.6,0,0,0.027,-0.011,-1.001,0.2,-0.5,0
95.6108509000021,0,0.01,18.6,0,0,0.027,-0.011,-1.001,0.2,-0.5,0
95.6208509000021,0,0.01,18.6,0,0,0.027,-0.011,-1.001,0.2,-0.5,0
95.6308509000021,0,0.01,18.6,0,0,0.027,-0.011,-1.001,0.2,-0.5,0
95.6408509000021,0,0.01,18.6,0,0,0.027,-0.011,-1.001,0.2,-0.5,0
95.6508509000022,0,0.02,18.7,0,0,0.028,-0.015,-1.002,0.3,-0.4,0
95.6608509000022,0,0.02,18.7,0,0,0.028,-0.015,-1.002,0.3,-0.4,0
95.6708509000022,0,0.02,18.7,0,0,0.028,-0.015,-1.002,0.3,-0.4,0
95.6808509000022,0,0.02,18.7,0,0,0.028,-0.015,-1.002,0.3,-0.4,0
95.6908509000022,0,0.02,18.7,0,0,0.028,-0.015,-1.002,0.3,-0.4,0
95.7008509000022,0,0.02,18.7,0,0,0.029,-0.013,-1.001,0.3,-0.5,0
95.7108509000022,0,0.02,18.7,0,0,0.029,-0.013,-1.001,0.3,-0.5,0
95.7208509000022,0,0.02,18.7,0,0,0.029,-0.013,-1.001,0.3,-0.5,0
95.7308509000022,0,0.02,18.7,0,0,0.029,-0.013,-1.001,0.3,-0.5,0
95.7408509000022,0,0.02,18.7,0,0,0.029,-0.013,-1.001,0.3,-0.5,0
95.7508509000022,0,0.01,18.7,0,0,0.029,-0.013,-0.999,0.2,-0.6,0.1
95.7608509000022,0,0.01,18.7,0,0,0.029,-0.013,-0.999,0.2,-0.6,0.1
95.7708509000022,0,0.01,18.7,0,0,0.029,-0.013,-0.999,0.2,-0.6,0.1
95.7808509000022,0,0.01,18.7,0,0,0.029,-0.013,-0.999,0.2,-0.6,0.1
95.7908509000022,0,0.01,18.7,0,0,0.029,-0.013,-0.999,0.2,-0.6,0.1
95.8008509000022,0,0.01,18.7,0,0,0.026,-0.013,-1.006,0.2,-0.6,0
95.8108509000022,0,0.01,18.7,0,0,0.026,-0.013,-1.006,0.2,-0.6,0
95.8208509000022,0,0.01,18.7,0,0,0.026,-0.013,-1.006,0.2,-0.6,0
95.8308509000022,0,0.01,18.7,0,0,0.026,-0.013,-1.006,0.2,-0.6,0
95.8408509000022,0,0.01,18.7,0,0,0.026,-0.013,-1.006,0.2,-0.6,0
95.8508509000022,0,0.02,18.7,0,0,0.028,-0.013,-1,0.3,-0.6,0
95.8608509000022,0,0.02,18.7,0,0,0.028,-0.013,-1,0.3,-0.6,0
95.8708509000022,0,0.02,18.7,0,0,0.028,-0.013,-1,0.3,-0.6,0
95.8808509000022,0,0.02,18.7,0,0,0.028,-0.013,-1,0.3,-0.6,0
95.8908509000022,0,0.02,18.7,0,0,0.028,-0.013,-1,0.3,-0.6,0
95.9008509000022,0,0.02,18.7,0,0,0.028,-0.014,-1.004,0.2,-0.6,0.1
95.9108509000022,0,0.02,18.7,0,0,0.028,-0.014,-1.004,0.2,-0.6,0.1
95.9208509000022,0,0.02,18.7,0,0,0.028,-0.014,-1.004,0.2,-0.6,0.1
95.9308509000022,0,0.02,18.7,0,0,0.028,-0.014,-1.004,0.2,-0.6,0.1
95.9408509000022,0,0.02,18.7,0,0,0.028,-0.014,-1.004,0.2,-0.6,0.1
95.9508509000022,0,0,18.7,0,0,0.028,-0.014,-1.004,0.1,-0.6,0
95.9608509000022,0,0,18.7,0,0,0.028,-0.014,-1.004,0.1,-0.6,0
95.9708509000022,0,0,18.7,0,0,0.028,-0.014,-1.004,0.1,-0.6,0
95.9808509000022,0,0,18.7,0,0,0.028,-0.014,-1.004,0.1,-0.6,0
95.9908509000022,0,0,18.7,0,0,0.028,-0.014,-1.004,0.1,-0.6,0
96.0008509000022,0,0,18.7,0,0,0.028,-0.013,-1,0.2,-0.6,0
96.0108509000022,0,0,18.7,0,0,0.028,-0.013,-1,0.2,-0.6,0
96.0208509000022,0,0,18.7,0,0,0.028,-0.013,-1,0.2,-0.6,0
96.0308509000022,0,0,18.7,0,0,0.028,-0.013,-1,0.2,-0.6,0
96.0408509000022,0,0,18.7,0,0,0.028,-0.013,-1,0.2,-0.6,0
96.0508509000022,0,0.01,18.7,0,0,0.028,-0.015,-1.008,0.2,-0.5,0
96.0608509000023,0,0.01,18.7,0,0,0.028,-0.015,-1.008,0.2,-0.5,0
96.0708509000022,0,0.01,18.7,0,0,0.028,-0.015,-1.008,0.2,-0.5,0
96.0808509000022,0,0.01,18.7,0,0,0.028,-0.015,-1.008,0.2,-0.5,0
96.0908509000023,0,0.01,18.7,0,0,0.028,-0.015,-1.008,0.2,-0.5,0
96.1008509000023,0,0.01,18.7,0,0,0.028,-0.013,-0.999,0.1,-0.5,0
96.1108509000023,0,0.01,18.7,0,0,0.028,-0.013,-0.999,0.1,-0.5,0
96.1208509000023,0,0.01,18.7,0,0,0.028,-0.013,-0.999,0.1,-0.5,0
96.1308509000023,0,0.01,18.7,0,0,0.028,-0.013,-0.999,0.1,-0.5,0
96.1408509000023,0,0.01,18.7,0,0,0.028,-0.013,-0.999,0.1,-0.5,0
96.1508509000023,0,0,18.7,0,0,0.027,-0.012,-1.006,0.2,-0.6,0
96.1608509000023,0,0,18.7,0,0,0.027,-0.012,-1.006,0.2,-0.6,0
96.1708509000023,0,0,18.7,0,0,0.027,-0.012,-1.006,0.2,-0.6,0
96.1808509000023,0,0,18.7,0,0,0.027,-0.012,-1.006,0.2,-0.6,0
96.1908509000023,0,0,18.7,0,0,0.027,-0.012,-1.006,0.2,-0.6,0
96.2008509000023,0,0,18.7,0,0,0.029,-0.014,-1,0.2,-0.5,0
96.2108509000023,0,0,18.7,0,0,0.029,-0.014,-1,0.2,-0.5,0
96.2208509000023,0,0,18.7,0,0,0.029,-0.014,-1,0.2,-0.5,0
96.2308509000023,0,0,18.7,0,0,0.029,-0.014,-1,0.2,-0.5,0
96.2408509000023,0,0,18.7,0,0,0.029,-0.014,-1,0.2,-0.5,0
96.2508509000023,0,0,18.7,0,0,0.028,-0.013,-1.001,0.3,-0.6,0
96.2608509000023,0,0,18.7,0,0,0.028,-0.013,-1.001,0.3,-0.6,0
96.2708509000023,0,0,18.7,0,0,0.028,-0.013,-1.001,0.3,-0.6,0
96.2808509000023,0,0,18.7,0,0,0.028,-0.013,-1.001,0.3,-0.6,0
96.2908509000023,0,0,18.7,0,0,0.028,-0.013,-1.001,0.3,-0.6,0
96.3008509000023,0,0.01,18.6,0,0,0.029,-0.014,-1.001,0.3,-0.5,0
96.3108509000023,0,0.01,18.6,0,0,0.029,-0.014,-1.001,0.3,-0.5,0
96.3208509000023,0,0.01,18.6,0,0,0.029,-0.014,-1.001,0.3,-0.5,0
96.3308509000023,0,0.01,18.6,0,0,0.029,-0.014,-1.001,0.3,-0.5,0
96.3408509000023,0,0.01,18.6,0,0,0.029,-0.014,-1.001,0.3,-0.5,0
96.3508509000023,0,0.01,18.7,0,0,0.029,-0.013,-1.002,0.3,-0.5,0
96.3608509000023,0,0.01,18.7,0,0,0.029,-0.013,-1.002,0.3,-0.5,0
96.3708509000023,0,0.01,18.7,0,0,0.029,-0.013,-1.002,0.3,-0.5,0
96.3808509000023,0,0.01,18.7,0,0,0.029,-0.013,-1.002,0.3,-0.5,0
96.3908509000023,0,0.01,18.7,0,0,0.029,-0.013,-1.002,0.3,-0.5,0
96.4008509000023,0,0.02,18.6,0,0,0.029,-0.012,-1.001,0.4,-0.6,0
96.4108509000023,0,0.02,18.6,0,0,0.029,-0.012,-1.001,0.4,-0.6,0
96.4208509000023,0,0.02,18.6,0,0,0.029,-0.012,-1.001,0.4,-0.6,0
96.4308509000023,0,0.02,18.6,0,0,0.029,-0.012,-1.001,0.4,-0.6,0
96.4408509000023,0,0.02,18.6,0,0,0.029,-0.012,-1.001,0.4,-0.6,0
96.4508509000023,0,0.02,18.6,0,0,0.028,-0.013,-0.999,0.3,-0.5,0
96.4608509000023,0,0.02,18.6,0,0,0.028,-0.013,-0.999,0.3,-0.5,0
96.4708509000023,0,0.02,18.6,0,0,0.028,-0.013,-0.999,0.3,-0.5,0
96.4808509000023,0,0.02,18.6,0,0,0.028,-0.013,-0.999,0.3,-0.5,0
96.4908509000023,0,0.02,18.6,0,0,0.028,-0.013,-0.999,0.3,-0.5,0
96.5008509000023,0,0.01,18.6,0,0,0.028,-0.012,-1.007,0.3,-0.5,0
96.5108509000024,0,0.01,18.6,0,0,0.028,-0.012,-1.007,0.3,-0.5,0
96.5208509000023,0,0.01,18.6,0,0,0.028,-0.012,-1.007,0.3,-0.5,0
96.5308509000023,0,0.01,18.6,0,0,0.028,-0.012,-1.007,0.3,-0.5,0
96.5408509000024,0,0.01,18.6,0,0,0.028,-0.012,-1.007,0.3,-0.5,0
96.5508509000024,0,0.02,18.6,0,0,0.03,-0.014,-0.994,0.2,-0.6,0
96.5608509000024,0,0.02,18.6,0,0,0.03,-0.014,-0.994,0.2,-0.6,0
96.5708509000024,0,0.02,18.6,0,0,0.03,-0.014,-0.994,0.2,-0.6,0
96.5808509000024,0,0.02,18.6,0,0,0.03,-0.014,-0.994,0.2,-0.6,0
96.5908509000024,0,0.02,18.6,0,0,0.03,-0.014,-0.994,0.2,-0.6,0
96.6008509000024,0,0.02,18.6,0,0,0.028,-0.013,-1.005,0.4,-0.6,0
96.6108509000024,0,0.02,18.6,0,0,0.028,-0.013,-1.005,0.4,-0.6,0
96.6208509000024,0,0.02,18.6,0,0,0.028,-0.013,-1.005,0.4,-0.6,0
96.6308509000024,0,0.02,18.6,0,0,0.028,-0.013,-1.005,0.4,-0.6,0
96.6408509000024,0,0.02,18.6,0,0,0.028,-0.013,-1.005,0.4,-0.6,0
96.6508509000024,0,0.02,18.6,0,0,0.029,-0.014,-1,0.3,-0.5,0
96.6608509000024,0,0.02,18.6,0,0,0.029,-0.014,-1,0.3,-0.5,0
96.6708509000024,0,0.02,18.6,0,0,0.029,-0.014,-1,0.3,-0.5,0
96.6808509000024,0,0.02,18.6,0,0,0.029,-0.014,-1,0.3,-0.5,0
96.6908509000024,0,0.02,18.6,0,0,0.029,-0.014,-1,0.3,-0.5,0
96.7008509000024,0,0.02,18.6,0,0,0.028,-0.014,-1.002,0.3,-0.5,0
96.7108509000024,0,0.02,18.6,0,0,0.028,-0.014,-1.002,0.3,-0.5,0
96.7208509000024,0,0.02,18.6,0,0,0.028,-0.014,-1.002,0.3,-0.5,0
96.7308509000024,0,0.02,18.6,0,0,0.028,-0.014,-1.002,0.3,-0.5,0
96.7408509000024,0,0.02,18.6,0,0,0.028,-0.014,-1.002,0.3,-0.5,0
96.7508509000024,0,0.02,18.6,0,0,0.029,-0.014,-1,0.3,-0.5,0
96.7608509000024,0,0.02,18.6,0,0,0.029,-0.014,-1,0.3,-0.5,0
96.7708509000024,0,0.02,18.6,0,0,0.029,-0.014,-1,0.3,-0.5,0
96.7808509000024,0,0.02,18.6,0,0,0.029,-0.014,-1,0.3,-0.5,0
96.7908509000024,0,0.02,18.6,0,0,0.029,-0.014,-1,0.3,-0.5,0
96.8008509000024,0,0.01,18.6,0,0,0.027,-0.011,-1.003,0.3,-0.5,0
96.8108509000024,0,0.01,18.6,0,0,0.027,-0.011,-1.003,0.3,-0.5,0
96.8208509000024,0,0.01,18.6,0,0,0.027,-0.011,-1.003,0.3,-0.5,0
96.8308509000024,0,0.01,18.6,0,0,0.027,-0.011,-1.003,0.3,-0.5,0
96.8408509000024,0,0.01,18.6,0,0,0.027,-0.011,-1.003,0.3,-0.5,0
96.8508509000024,0,0.03,18.6,0,0,0.029,-0.013,-1,0.1,-0.5,0.1
96.8608509000024,0,0.03,18.6,0,0,0.029,-0.013,-1,0.1,-0.5,0.1
96.8708509000024,0,0.03,18.6,0,0,0.029,-0.013,-1,0.1,-0.5,0.1
96.8808509000024,0,0.03,18.6,0,0,0.029,-0.013,-1,0.1,-0.5,0.1
96.8908509000024,0,0.03,18.6,0,0,0.029,-0.013,-1,0.1,-0.5,0.1
96.9008509000024,0,0.02,18.6,0,0,0.028,-0.013,-1,0.3,-0.5,0
96.9108509000024,0,0.02,18.6,0,0,0.028,-0.013,-1,0.3,-0.5,0
96.9208509000024,0,0.02,18.6,0,0,0.028,-0.013,-1,0.3,-0.5,0
96.9308509000024,0,0.02,18.6,0,0,0.028,-0.013,-1,0.3,-0.5,0
96.9408509000024,0,0.02,18.6,0,0,0.028,-0.013,-1,0.3,-0.5,0
96.9508509000025,0,0.02,18.5,0,0,0.029,-0.014,-1,0.3,-0.6,0
96.9608509000025,0,0.02,18.5,0,0,0.029,-0.014,-1,0.3,-0.6,0
96.9708509000024,0,0.02,18.5,0,0,0.029,-0.014,-1,0.3,-0.6,0
96.9808509000025,0,0.02,18.5,0,0,0.029,-0.014,-1,0.3,-0.6,0
96.9908509000025,0,0.02,18.5,0,0,0.029,-0.014,-1,0.3,-0.6,0
97.0008509000025,0,0.03,18.6,0,0,0.029,-0.013,-1.001,0.3,-0.4,0
97.0108509000025,0,0.03,18.6,0,0,0.029,-0.013,-1.001,0.3,-0.4,0
97.0208509000025,0,0.03,18.6,0,0,0.029,-0.013,-1.001,0.3,-0.4,0
97.0308509000025,0,0.03,18.6,0,0,0.029,-0.013,-1.001,0.3,-0.4,0
97.0408509000025,0,0.03,18.6,0,0,0.029,-0.013,-1.001,0.3,-0.4,0
97.0508509000025,0,0.03,18.6,0,0,0.029,-0.015,-1.006,0.2,-0.6,0
97.0608509000025,0,0.03,18.6,0,0,0.029,-0.015,-1.006,0.2,-0.6,0
97.0708509000025,0,0.03,18.6,0,0,0.029,-0.015,-1.006,0.2,-0.6,0
97.0808509000025,0,0.03,18.6,0,0,0.029,-0.015,-1.006,0.2,-0.6,0
97.0908509000025,0,0.03,18.6,0,0,0.029,-0.015,-1.006,0.2,-0.6,0
97.1008509000025,0,0.03,18.6,0,0,0.029,-0.012,-1,0.3,-0.6,0
97.1108509000025,0,0.03,18.6,0,0,0.029,-0.012,-1,0.3,-0.6,0
97.1208509000025,0,0.03,18.6,0,0,0.029,-0.012,-1,0.3,-0.6,0
97.1308509000025,0,0.03,18.6,0,0,0.029,-0.012,-1,0.3,-0.6,0
97.1408509000025,0,0.03,18.6,0,0,0.029,-0.012,-1,0.3,-0.6,0
97.1508509000025,0,0.02,18.6,0,0,0.029,-0.014,-1.003,0.3,-0.5,0
97.1608509000025,0,0.02,18.6,0,0,0.029,-0.014,-1.003,0.3,-0.5,0
97.1708509000025,0,0.02,18.6,0,0,0.029,-0.014,-1.003,0.3,-0.5,0
97.1808509000025,0,0.02,18.6,0,0,0.029,-0.014,-1.003,0.3,-0.5,0
97.1908509000025,0,0.02,18.6,0,0,0.029,-0.014,-1.003,0.3,-0.5,0
97.2008509000025,0,0.02,18.5,0,0,0.029,-0.013,-1,0.4,-0.5,0
97.2108509000025,0,0.02,18.5,0,0,0.029,-0.013,-1,0.4,-0.5,0
97.2208509000025,0,0.02,18.5,0,0,0.029,-0.013,-1,0.4,-0.5,0
97.2308509000025,0,0.02,18.5,0,0,0.029,-0.013,-1,0.4,-0.5,0
97.2408509000025,0,0.02,18.5,0,0,0.029,-0.013,-1,0.4,-0.5,0
97.2508509000025,0,0.03,18.6,0,0,0.028,-0.013,-1.002,0.4,-0.5,0
97.2608509000025,0,0.03,18.6,0,0,0.028,-0.013,-1.002,0.4,-0.5,0
97.2708509000025,0,0.03,18.6,0,0,0.028,-0.013,-1.002,0.4,-0.5,0
97.2808509000025,0,0.03,18.6,0,0,0.028,-0.013,-1.002,0.4,-0.5,0
97.2908509000025,0,0.03,18.6,0,0,0.028,-0.013,-1.002,0.4,-0.5,0
97.3008509000025,0,0.02,18.5,0,0,0.029,-0.014,-1.003,0.3,-0.4,0
97.3108509000025,0,0.02,18.5,0,0,0.029,-0.014,-1.003,0.3,-0.4,0
97.3208509000025,0,0.02,18.5,0,0,0.029,-0.014,-1.003,0.3,-0.4,0
97.3308509000025,0,0.02,18.5,0,0,0.029,-0.014,-1.003,0.3,-0.4,0
97.3408509000025,0,0.02,18.5,0,0,0.029,-0.014,-1.003,0.3,-0.4,0
97.3508509000025,0,0.03,18.5,0,0,0.027,-0.014,-1.004,0.1,-0.5,0
97.3608509000025,0,0.03,18.5,0,0,0.027,-0.014,-1.004,0.1,-0.5,0
97.3708509000025,0,0.03,18.5,0,0,0.027,-0.014,-1.004,0.1,-0.5,0
97.3808509000025,0,0.03,18.5,0,0,0.027,-0.014,-1.004,0.1,-0.5,0
97.3908509000025,0,0.03,18.5,0,0,0.027,-0.014,-1.004,0.1,-0.5,0
97.4008509000026,0,0.02,18.6,0,0,0.028,-0.014,-1.002,0.1,-0.5,0
97.4108509000026,0,0.02,18.6,0,0,0.028,-0.014,-1.002,0.1,-0.5,0
97.4208509000025,0,0.02,18.6,0,0,0.028,-0.014,-1.002,0.1,-0.5,0
97.4308509000026,0,0.02,18.6,0,0,0.028,-0.014,-1.002,0.1,-0.5,0
97.4408509000026,0,0.02,18.6,0,0,0.028,-0.014,-1.002,0.1,-0.5,0
97.4508509000026,0,0.02,18.5,0,0,0.027,-0.013,-1.002,0.3,-0.5,0
97.4608509000026,0,0.02,18.5,0,0,0.027,-0.013,-1.002,0.3,-0.5,0
97.4708509000026,0,0.02,18.5,0,0,0.027,-0.013,-1.002,0.3,-0.5,0
97.4808509000026,0,0.02,18.5,0,0,0.027,-0.013,-1.002,0.3,-0.5,0
97.4908509000026,0,0.02,18.5,0,0,0.027,-0.013,-1.002,0.3,-0.5,0
97.5008509000026,0,0.03,18.6,0,0,0.028,-0.014,-1.007,0.3,-0.6,0
97.5108509000026,0,0.03,18.6,0,0,0.028,-0.014,-1.007,0.3,-0.6,0
97.5208509000026,0,0.03,18.6,0,0,0.028,-0.014,-1.007,0.3,-0.6,0
97.5308509000026,0,0.03,18.6,0,0,0.028,-0.014,-1.007,0.3,-0.6,0
97.5408509000026,0,0.03,18.6,0,0,0.028,-0.014,-1.007,0.3,-0.6,0
97.5508509000026,0,0.03,18.6,0,0,0.028,-0.014,-1.004,0.3,-0.5,0
97.5608509000026,0,0.03,18.6,0,0,0.028,-0.014,-1.004,0.3,-0.5,0
97.5708509000026,0,0.03,18.6,0,0,0.028,-0.014,-1.004,0.3,-0.5,0
97.5808509000026,0,0.03,18.6,0,0,0.028,-0.014,-1.004,0.3,-0.5,0
97.5908509000026,0,0.03,18.6,0,0,0.028,-0.014,-1.004,0.3,-0.5,0
97.6008509000026,0,0.03,18.6,0,0,0.029,-0.012,-0.998,0.3,-0.6,0
97.6108509000026,0,0.03,18.6,0,0,0.029,-0.012,-0.998,0.3,-0.6,0
97.6208509000026,0,0.03,18.6,0,0,0.029,-0.012,-0.998,0.3,-0.6,0
97.6308509000026,0,0.03,18.6,0,0,0.029,-0.012,-0.998,0.3,-0.6,0
97.6408509000026,0,0.03,18.6,0,0,0.029,-0.012,-0.998,0.3,-0.6,0
97.6508509000026,0,0.03,18.6,0,0,0.029,-0.014,-1.01,0.2,-0.6,0
97.6608509000026,0,0.03,18.6,0,0,0.029,-0.014,-1.01,0.2,-0.6,0
97.6708509000026,0,0.03,18.6,0,0,0.029,-0.014,-1.01,0.2,-0.6,0
97.6808509000026,0,0.03,18.6,0,0,0.029,-0.014,-1.01,0.2,-0.6,0
97.6908509000026,0,0.03,18.6,0,0,0.029,-0.014,-1.01,0.2,-0.6,0
97.7008509000026,0,0.03,18.5,0,0,0.029,-0.012,-0.999,0.3,-0.5,0
97.7108509000026,0,0.03,18.5,0,0,0.029,-0.012,-0.999,0.3,-0.5,0
97.7208509000026,0,0.03,18.5,0,0,0.029,-0.012,-0.999,0.3,-0.5,0
97.7308509000026,0,0.03,18.5,0,0,0.029,-0.012,-0.999,0.3,-0.5,0
97.7408509000026,0,0.03,18.5,0,0,0.029,-0.012,-0.999,0.3,-0.5,0
97.7508509000026,0,0.02,18.6,0,0,0.028,-0.014,-1.005,0.3,-0.5,0
97.7608509000026,0,0.02,18.6,0,0,0.028,-0.014,-1.005,0.3,-0.5,0
97.7708509000026,0,0.02,18.6,0,0,0.028,-0.014,-1.005,0.3,-0.5,0
97.7808509000026,0,0.02,18.6,0,0,0.028,-0.014,-1.005,0.3,-0.5,0
97.7908509000026,0,0.02,18.6,0,0,0.028,-0.014,-1.005,0.3,-0.5,0
97.8008509000026,0,0.03,18.6,0,0,0.028,-0.012,-1.002,0.3,-0.6,0
97.8108509000026,0,0.03,18.6,0,0,0.028,-0.012,-1.002,0.3,-0.6,0
97.8208509000026,0,0.03,18.6,0,0,0.028,-0.012,-1.002,0.3,-0.6,0
97.8308509000026,0,0.03,18.6,0,0,0.028,-0.012,-1.002,0.3,-0.6,0
97.8408509000026,0,0.03,18.6,0,0,0.028,-0.012,-1.002,0.3,-0.6,0
97.8508509000027,0,0.03,18.6,0,0,0.029,-0.014,-1.002,0.2,-0.5,0
97.8608509000027,0,0.03,18.6,0,0,0.029,-0.014,-1.002,0.2,-0.5,0
97.8708509000027,0,0.03,18.6,0,0,0.029,-0.014,-1.002,0.2,-0.5,0
97.8808509000027,0,0.03,18.6,0,0,0.029,-0.014,-1.002,0.2,-0.5,0
97.8908509000027,0,0.03,18.6,0,0,0.029,-0.014,-1.002,0.2,-0.5,0
97.9008509000027,0,0.03,18.5,0,0,0.028,-0.013,-0.999,0.3,-0.6,0
97.9108509000027,0,0.03,18.5,0,0,0.028,-0.013,-0.999,0.3,-0.6,0
97.9208509000027,0,0.03,18.5,0,0,0.028,-0.013,-0.999,0.3,-0.6,0
97.9308509000027,0,0.03,18.5,0,0,0.028,-0.013,-0.999,0.3,-0.6,0
97.9408509000027,0,0.03,18.5,0,0,0.028,-0.013,-0.999,0.3,-0.6,0
97.9508509000027,0,0.02,18.6,0,0,0.028,-0.015,-1.007,0.2,-0.4,0
97.9608509000027,0,0.02,18.6,0,0,0.028,-0.015,-1.007,0.2,-0.4,0
97.9708509000027,0,0.02,18.6,0,0,0.028,-0.015,-1.007,0.2,-0.4,0
97.9808509000027,0,0.02,18.6,0,0,0.028,-0.015,-1.007,0.2,-0.4,0
97.9908509000027,0,0.02,18.6,0,0,0.028,-0.015,-1.007,0.2,-0.4,0
98.0008509000027,0,0.02,18.5,0,0,0.028,-0.013,-1.001,0.3,-0.5,0
98.0108509000027,0,0.02,18.5,0,0,0.028,-0.013,-1.001,0.3,-0.5,0
98.0208509000027,0,0.02,18.5,0,0,0.028,-0.013,-1.001,0.3,-0.5,0
98.0308509000027,0,0.02,18.5,0,0,0.028,-0.013,-1.001,0.3,-0.5,0
98.0408509000027,0,0.02,18.5,0,0,0.028,-0.013,-1.001,0.3,-0.5,0
98.0508509000027,0,0.03,18.6,0,0,0.028,-0.014,-1,0.2,-0.6,0.1
98.0608509000027,0,0.03,18.6,0,0,0.028,-0.014,-1,0.2,-0.6,0.1
98.0708509000027,0,0.03,18.6,0,0,0.028,-0.014,-1,0.2,-0.6,0.1
98.0808509000027,0,0.03,18.6,0,0,0.028,-0.014,-1,0.2,-0.6,0.1
98.0908509000027,0,0.03,18.6,0,0,0.028,-0.014,-1,0.2,-0.6,0.1
98.1008509000027,0,0.03,18.6,0,0,0.028,-0.011,-0.996,0.3,-0.4,0
98.1108509000027,0,0.03,18.6,0,0,0.028,-0.011,-0.996,0.3,-0.4,0
98.1208509000027,0,0.03,18.6,0,0,0.028,-0.011,-0.996,0.3,-0.4,0
98.1308509000027,0,0.03,18.6,0,0,0.028,-0.011,-0.996,0.3,-0.4,0
98.1408509000027,0,0.03,18.6,0,0,0.028,-0.011,-0.996,0.3,-0.4,0
98.1508509000027,0,0.03,18.5,0,0,0.028,-0.013,-1.005,0.3,-0.6,0
98.1608509000027,0,0.03,18.5,0,0,0.028,-0.013,-1.005,0.3,-0.6,0
98.1708509000027,0,0.03,18.5,0,0,0.028,-0.013,-1.005,0.3,-0.6,0
98.1808509000027,0,0.03,18.5,0,0,0.028,-0.013,-1.005,0.3,-0.6,0
98.1908509000027,0,0.03,18.5,0,0,0.028,-0.013,-1.005,0.3,-0.6,0
98.2008509000027,0,0.02,18.5,0,0,0.029,-0.012,-0.997,0.2,-0.5,0
98.2108509000027,0,0.02,18.5,0,0,0.029,-0.012,-0.997,0.2,-0.5,0
98.2208509000027,0,0.02,18.5,0,0,0.029,-0.012,-0.997,0.2,-0.5,0
98.2308509000027,0,0.02,18.5,0,0,0.029,-0.012,-0.997,0.2,-0.5,0
98.2408509000027,0,0.02,18.5,0,0,0.029,-0.012,-0.997,0.2,-0.5,0
98.2508509000027,0,0.03,18.6,0,0,0.027,-0.014,-1.007,0.3,-0.6,0
98.2608509000028,0,0.03,18.6,0,0,0.027,-0.014,-1.007,0.3,-0.6,0
98.2708509000027,0,0.03,18.6,0,0,0.027,-0.014,-1.007,0.3,-0.6,0
98.2808509000027,0,0.03,18.6,0,0,0.027,-0.014,-1.007,0.3,-0.6,0
98.2908509000028,0,0.03,18.6,0,0,0.027,-0.014,-1.007,0.3,-0.6,0
98.3008509000028,0,0.03,18.6,0,0,0.028,-0.012,-0.998,0.3,-0.5,0
98.3108509000028,0,0.03,18.6,0,0,0.028,-0.012,-0.998,0.3,-0.5,0
98.3208509000028,0,0.03,18.6,0,0,0.028,-0.012,-0.998,0.3,-0.5,0
98.3308509000028,0,0.03,18.6,0,0,0.028,-0.012,-0.998,0.3,-0.5,0
98.3408509000028,0,0.03,18.6,0,0,0.028,-0.012,-0.998,0.3,-0.5,0
98.3508509000028,0,0.03,18.6,0,0,0.027,-0.013,-1.002,0.3,-0.6,0.1
98.3608509000028,0,0.03,18.6,0,0,0.027,-0.013,-1.002,0.3,-0.6,0.1
98.3708509000028,0,0.03,18.6,0,0,0.027,-0.013,-1.002,0.3,-0.6,0.1
98.3808509000028,0,0.03,18.6,0,0,0.027,-0.013,-1.002,0.3,-0.6,0.1
98.3908509000028,0,0.03,18.6,0,0,0.027,-0.013,-1.002,0.3,-0.6,0.1
98.4008509000028,0,0.03,18.6,0,0,0.028,-0.013,-1.005,0.2,-0.6,0
98.4108509000028,0,0.03,18.6,0,0,0.028,-0.013,-1.005,0.2,-0.6,0
98.4208509000028,0,0.03,18.6,0,0,0.028,-0.013,-1.005,0.2,-0.6,0
98.4308509000028,0,0.03,18.6,0,0,0.028,-0.013,-1.005,0.2,-0.6,0
98.4408509000028,0,0.03,18.6,0,0,0.028,-0.013,-1.005,0.2,-0.6,0
98.4508509000028,0,0.02,18.6,0,0,0.027,-0.014,-1,0.3,-0.5,0
98.4608509000028,0,0.02,18.6,0,0,0.027,-0.014,-1,0.3,-0.5,0
98.4708509000028,0,0.02,18.6,0,0,0.027,-0.014,-1,0.3,-0.5,0
98.4808509000028,0,0.02,18.6,0,0,0.027,-0.014,-1,0.3,-0.5,0
98.4908509000028,0,0.02,18.6,0,0,0.027,-0.014,-1,0.3,-0.5,0
98.5008509000028,0,0.03,18.6,0,0,0.028,-0.014,-1,0.3,-0.6,0
98.5108509000028,0,0.03,18.6,0,0,0.028,-0.014,-1,0.3,-0.6,0
98.5208509000028,0,0.03,18.6,0,0,0.028,-0.014,-1,0.3,-0.6,0
98.5308509000028,0,0.03,18.6,0,0,0.028,-0.014,-1,0.3,-0.6,0
98.5408509000028,0,0.03,18.6,0,0,0.028,-0.014,-1,0.3,-0.6,0
98.5508509000028,0,0.02,18.6,0,0,0.028,-0.012,-1,0.1,-0.5,0
98.5608509000028,0,0.02,18.6,0,0,0.028,-0.012,-1,0.1,-0.5,0
98.5708509000028,0,0.02,18.6,0,0,0.028,-0.012,-1,0.1,-0.5,0
98.5808509000028,0,0.02,18.6,0,0,0.028,-0.012,-1,0.1,-0.5,0
98.5908509000028,0,0.02,18.6,0,0,0.028,-0.012,-1,0.1,-0.5,0
98.6008509000028,0,0.03,18.6,0,0,0.029,-0.013,-0.999,0.3,-0.5,0
98.6108509000028,0,0.03,18.6,0,0,0.029,-0.013,-0.999,0.3,-0.5,0
98.6208509000028,0,0.03,18.6,0,0,0.029,-0.013,-0.999,0.3,-0.5,0
98.6308509000028,0,0.03,18.6,0,0,0.029,-0.013,-0.999,0.3,-0.5,0
98.6408509000028,0,0.03,18.6,0,0,0.029,-0.013,-0.999,0.3,-0.5,0
98.6508509000028,0,0.03,18.6,0,0,0.027,-0.014,-1.007,0.2,-0.5,0
98.6608509000028,0,0.03,18.6,0,0,0.027,-0.014,-1.007,0.2,-0.5,0
98.6708509000028,0,0.03,18.6,0,0,0.027,-0.014,-1.007,0.2,-0.5,0
98.6808509000028,0,0.03,18.6,0,0,0.027,-0.014,-1.007,0.2,-0.5,0
98.6908509000028,0,0.03,18.6,0,0,0.027,-0.014,-1.007,0.2,-0.5,0
98.7008509000028,0,0.03,18.5,0,0,0.028,-0.012,-0.996,0.3,-0.6,0
98.7108509000029,0,0.03,18.5,0,0,0.028,-0.012,-0.996,0.3,-0.6,0
98.7208509000028,0,0.03,18.5,0,0,0.028,-0.012,-0.996,0.3,-0.6,0
98.7308509000028,0,0.03,18.5,0,0,0.028,-0.012,-0.996,0.3,-0.6,0
98.7408509000029,0,0.03,18.5,0,0,0.028,-0.012,-0.996,0.3,-0.6,0
98.7508509000029,0,0.02,18.6,0,0,0.029,-0.012,-1.003,0.3,-0.6,0
98.7608509000029,0,0.02,18.6,0,0,0.029,-0.012,-1.003,0.3,-0.6,0
98.7708509000029,0,0.02,18.6,0,0,0.029,-0.012,-1.003,0.3,-0.6,0
98.7808509000029,0,0.02,18.6,0,0,0.029,-0.012,-1.003,0.3,-0.6,0
98.7908509000029,0,0.02,18.6,0,0,0.029,-0.012,-1.003,0.3,-0.6,0
98.8008509000029,0,0.03,18.6,0,0,0.029,-0.013,-1,0.2,-0.4,0.1
98.8108509000029,0,0.03,18.6,0,0,0.029,-0.013,-1,0.2,-0.4,0.1
98.8208509000029,0,0.03,18.6,0,0,0.029,-0.013,-1,0.2,-0.4,0.1
98.8308509000029,0,0.03,18.6,0,0,0.029,-0.013,-1,0.2,-0.4,0.1
98.8408509000029,0,0.03,18.6,0,0,0.029,-0.013,-1,0.2,-0.4,0.1
98.8508509000029,0,0.03,18.5,0,0,0.028,-0.013,-1.002,0.3,-0.5,0
98.8608509000029,0,0.03,18.5,0,0,0.028,-0.013,-1.002,0.3,-0.5,0
98.8708509000029,0,0.03,18.5,0,0,0.028,-0.013,-1.002,0.3,-0.5,0
98.8808509000029,0,0.03,18.5,0,0,0.028,-0.013,-1.002,0.3,-0.5,0
98.8908509000029,0,0.03,18.5,0,0,0.028,-0.013,-1.002,0.3,-0.5,0
98.9008509000029,0,0.03,18.6,0,0,0.028,-0.014,-1.005,0.3,-0.4,0
98.9108509000029,0,0.03,18.6,0,0,0.028,-0.014,-1.005,0.3,-0.4,0
98.9208509000029,0,0.03,18.6,0,0,0.028,-0.014,-1.005,0.3,-0.4,0
98.9308509000029,0,0.03,18.6,0,0,0.028,-0.014,-1.005,0.3,-0.4,0
98.9408509000029,0,0.03,18.6,0,0,0.028,-0.014,-1.005,0.3,-0.4,0
98.9508509000029,0,0.03,18.6,0,0,0.027,-0.013,-1,0.2,-0.6,0
98.9608509000029,0,0.03,18.6,0,0,0.027,-0.013,-1,0.2,-0.6,0
98.9708509000029,0,0.03,18.6,0,0,0.027,-0.013,-1,0.2,-0.6,0
98.9808509000029,0,0.03,18.6,0,0,0.027,-0.013,-1,0.2,-0.6,0
98.9908509000029,0,0.03,18.6,0,0,0.027,-0.013,-1,0.2,-0.6,0
99.0008509000029,0,0.02,18.6,0,0,0.029,-0.014,-1,0.3,-0.4,0
99.0108509000029,0,0.02,18.6,0,0,0.029,-0.014,-1,0.3,-0.4,0
99.0208509000029,0,0.02,18.6,0,0,0.029,-0.014,-1,0.3,-0.4,0
99.0308509000029,0,0.02,18.6,0,0,0.029,-0.014,-1,0.3,-0.4,0
99.0408509000029,0,0.02,18.6,0,0,0.029,-0.014,-1,0.3,-0.4,0
99.0508509000029,0,0.03,18.6,0,0,0.028,-0.012,-1.001,0.3,-0.6,0
99.0608509000029,0,0.03,18.6,0,0,0.028,-0.012,-1.001,0.3,-0.6,0
99.0708509000029,0,0.03,18.6,0,0,0.028,-0.012,-1.001,0.3,-0.6,0
99.0808509000029,0,0.03,18.6,0,0,0.028,-0.012,-1.001,0.3,-0.6,0
99.0908509000029,0,0.03,18.6,0,0,0.028,-0.012,-1.001,0.3,-0.6,0
99.1008509000029,0,0.02,18.5,0,0,0.029,-0.013,-1.002,0.2,-0.5,0
99.1108509000029,0,0.02,18.5,0,0,0.029,-0.013,-1.002,0.2,-0.5,0
99.1208509000029,0,0.02,18.5,0,0,0.029,-0.013,-1.002,0.2,-0.5,0
99.1308509000029,0,0.02,18.5,0,0,0.029,-0.013,-1.002,0.2,-0.5,0
99.1408509000029,0,0.02,18.5,0,0,0.029,-0.013,-1.002,0.2,-0.5,0
99.150850900003,0,0.03,18.6,0,0,0.029,-0.012,-1.001,0.3,-0.5,0
99.160850900003,0,0.03,18.6,0,0,0.029,-0.012,-1.001,0.3,-0.5,0
99.1708509000029,0,0.03,18.6,0,0,0.029,-0.012,-1.001,0.3,-0.5,0
99.180850900003,0,0.03,18.6,0,0,0.029,-0.012,-1.001,0.3,-0.5,0
99.190850900003,0,0.03,18.6,0,0,0.029,-0.012,-1.001,0.3,-0.5,0
99.200850900003,0,0.03,18.6,0,0,0.028,-0.014,-1.004,0.2,-0.6,0
99.210850900003,0,0.03,18.6,0,0,0.028,-0.014,-1.004,0.2,-0.6,0
99.220850900003,0,0.03,18.6,0,0,0.028,-0.014,-1.004,0.2,-0.6,0
99.230850900003,0,0.03,18.6,0,0,0.028,-0.014,-1.004,0.2,-0.6,0
99.240850900003,0,0.03,18.6,0,0,0.028,-0.014,-1.004,0.2,-0.6,0
99.250850900003,0,0.03,18.6,0,0,0.029,-0.013,-0.999,0.3,-0.4,0
99.260850900003,0,0.03,18.6,0,0,0.029,-0.013,-0.999,0.3,-0.4,0
99.270850900003,0,0.03,18.6,0,0,0.029,-0.013,-0.999,0.3,-0.4,0
99.280850900003,0,0.03,18.6,0,0,0.029,-0.013,-0.999,0.3,-0.4,0
99.290850900003,0,0.03,18.6,0,0,0.029,-0.013,-0.999,0.3,-0.4,0
99.300850900003,0,0.02,18.5,0,0,0.028,-0.014,-1.009,0.2,-0.6,0
99.310850900003,0,0.02,18.5,0,0,0.028,-0.014,-1.009,0.2,-0.6,0
99.320850900003,0,0.02,18.5,0,0,0.028,-0.014,-1.009,0.2,-0.6,0
99.330850900003,0,0.02,18.5,0,0,0.028,-0.014,-1.009,0.2,-0.6,0
99.340850900003,0,0.02,18.5,0,0,0.028,-0.014,-1.009,0.2,-0.6,0
99.350850900003,0,0.02,18.6,0,0,0.029,-0.013,-1.001,0.3,-0.5,0
99.360850900003,0,0.02,18.6,0,0,0.029,-0.013,-1.001,0.3,-0.5,0
99.370850900003,0,0.02,18.6,0,0,0.029,-0.013,-1.001,0.3,-0.5,0
99.380850900003,0,0.02,18.6,0,0,0.029,-0.013,-1.001,0.3,-0.5,0
99.390850900003,0,0.02,18.6,0,0,0.029,-0.013,-1.001,0.3,-0.5,0
99.400850900003,0,0.03,18.6,0,0,0.027,-0.013,-1.002,0.3,-0.5,0
99.410850900003,0,0.03,18.6,0,0,0.027,-0.013,-1.002,0.3,-0.5,0
99.420850900003,0,0.03,18.6,0,0,0.027,-0.013,-1.002,0.3,-0.5,0
99.430850900003,0,0.03,18.6,0,0,0.027,-0.013,-1.002,0.3,-0.5,0
99.440850900003,0,0.03,18.6,0,0,0.027,-0.013,-1.002,0.3,-0.5,0
99.450850900003,0,0.03,18.6,0,0,0.028,-0.013,-1,0.2,-0.6,0
99.460850900003,0,0.03,18.6,0,0,0.028,-0.013,-1,0.2,-0.6,0
99.470850900003,0,0.03,18.6,0,0,0.028,-0.013,-1,0.2,-0.6,0
99.480850900003,0,0.03,18.6,0,0,0.028,-0.013,-1,0.2,-0.6,0
99.490850900003,0,0.03,18.6,0,0,0.028,-0.013,-1,0.2,-0.6,0
99.500850900003,0,0.03,18.6,0,0,0.028,-0.012,-1.003,0.1,-0.5,-0.1
99.510850900003,0,0.03,18.6,0,0,0.028,-0.012,-1.003,0.1,-0.5,-0.1
99.520850900003,0,0.03,18.6,0,0,0.028,-0.012,-1.003,0.1,-0.5,-0.1
99.530850900003,0,0.03,18.6,0,0,0.028,-0.012,-1.003,0.1,-0.5,-0.1
99.540850900003,0,0.03,18.6,0,0,0.028,-0.012,-1.003,0.1,-0.5,-0.1
99.550850900003,0,0.03,18.6,0,0,0.029,-0.014,-1.005,0.2,-0.6,0.1
99.560850900003,0,0.03,18.6,0,0,0.029,-0.014,-1.005,0.2,-0.6,0.1
99.570850900003,0,0.03,18.6,0,0,0.029,-0.014,-1.005,0.2,-0.6,0.1
99.580850900003,0,0.03,18.6,0,0,0.029,-0.014,-1.005,0.2,-0.6,0.1
99.590850900003,0,0.03,18.6,0,0,0.029,-0.014,-1.005,0.2,-0.6,0.1
99.6008509000031,0,0.03,18.6,0,0,0.028,-0.016,-1.003,0.2,-0.5,0.1
99.6108509000031,0,0.03,18.6,0,0,0.028,-0.016,-1.003,0.2,-0.5,0.1
99.620850900003,0,0.03,18.6,0,0,0.028,-0.016,-1.003,0.2,-0.5,0.1
99.6308509000031,0,0.03,18.6,0,0,0.028,-0.016,-1.003,0.2,-0.5,0.1
99.6408509000031,0,0.03,18.6,0,0,0.028,-0.016,-1.003,0.2,-0.5,0.1
99.6508509000031,0,0.03,18.6,0,0,0.028,-0.012,-1,0.4,-0.5,0
99.6608509000031,0,0.03,18.6,0,0,0.028,-0.012,-1,0.4,-0.5,0
99.6708509000031,0,0.03,18.6,0,0,0.028,-0.012,-1,0.4,-0.5,0
99.6808509000031,0,0.03,18.6,0,0,0.028,-0.012,-1,0.4,-0.5,0
99.6908509000031,0,0.03,18.6,0,0,0.028,-0.012,-1,0.4,-0.5,0
99.7008509000031,0,0.03,18.6,0,0,0.029,-0.014,-0.999,0.3,-0.5,0
99.7108509000031,0,0.03,18.6,0,0,0.029,-0.014,-0.999,0.3,-0.5,0
99.7208509000031,0,0.03,18.6,0,0,0.029,-0.014,-0.999,0.3,-0.5,0
99.7308509000031,0,0.03,18.6,0,0,0.029,-0.014,-0.999,0.3,-0.5,0
99.7408509000031,0,0.03,18.6,0,0,0.029,-0.014,-0.999,0.3,-0.5,0
99.7508509000031,0,0.01,18.6,0,0,0.028,-0.014,-1.003,0.2,-0.6,0
99.7608509000031,0,0.01,18.6,0,0,0.028,-0.014,-1.003,0.2,-0.6,0
99.7708509000031,0,0.01,18.6,0,0,0.028,-0.014,-1.003,0.2,-0.6,0
99.7808509000031,0,0.01,18.6,0,0,0.028,-0.014,-1.003,0.2,-0.6,0
99.7908509000031,0,0.01,18.6,0,0,0.028,-0.014,-1.003,0.2,-0.6,0
99.8008509000031,0,0.03,18.6,0,0,0.028,-0.013,-1.004,0.2,-0.4,0
99.8108509000031,0,0.03,18.6,0,0,0.028,-0.013,-1.004,0.2,-0.4,0
99.8208509000031,0,0.03,18.6,0,0,0.028,-0.013,-1.004,0.2,-0.4,0
99.8308509000031,0,0.03,18.6,0,0,0.028,-0.013,-1.004,0.2,-0.4,0
99.8408509000031,0,0.03,18.6,0,0,0.028,-0.013,-1.004,0.2,-0.4,0
99.8508509000031,0,0.03,18.6,0,0,0.028,-0.014,-1.003,0.3,-0.5,0
99.8608509000031,0,0.03,18.6,0,0,0.028,-0.014,-1.003,0.3,-0.5,0
99.8708509000031,0,0.03,18.6,0,0,0.028,-0.014,-1.003,0.3,-0.5,0
99.8808509000031,0,0.03,18.6,0,0,0.028,-0.014,-1.003,0.3,-0.5,0
99.8908509000031,0,0.03,18.6,0,0,0.028,-0.014,-1.003,0.3,-0.5,0
99.9008509000031,0,0.01,18.6,0,0,0.028,-0.014,-1,0.3,-0.5,0
99.9108509000031,0,0.01,18.6,0,0,0.028,-0.014,-1,0.3,-0.5,0
99.9208509000031,0,0.01,18.6,0,0,0.028,-0.014,-1,0.3,-0.5,0
99.9308509000031,0,0.01,18.6,0,0,0.028,-0.014,-1,0.3,-0.5,0
99.9408509000031,0,0.01,18.6,0,0,0.028,-0.014,-1,0.3,-0.5,0
99.9508509000031,0,0.03,18.6,0,0,0.028,-0.014,-1.002,0.3,-0.5,0
99.9608509000031,0,0.03,18.6,0,0,0.028,-0.014,-1.002,0.3,-0.5,0
99.9708509000031,0,0.03,18.6,0,0,0.028,-0.014,-1.002,0.3,-0.5,0
99.9808509000031,0,0.03,18.6,0,0,0.028,-0.014,-1.002,0.3,-0.5,0
99.9908509000031,0,0.03,18.6,0,0,0.028,-0.014,-1.002,0.3,-0.5,0
100.000850900003,0,0.03,18.6,0,0,0.028,-0.013,-1.002,0.3,-0.5,0
100.010850900003,0,0.03,18.6,0,0,0.028,-0.013,-1.002,0.3,-0.5,0
100.020850900003,0,0.03,18.6,0,0,0.028,-0.013,-1.002,0.3,-0.5,0
100.030850900003,0,0.03,18.6,0,0,0.028,-0.013,-1.002,0.3,-0.5,0
100.040850900003,0,0.03,18.6,0,0,0.028,-0.013,-1.002,0.3,-0.5,0
100.050850900003,0,0.03,18.6,0,0,0.029,-0.012,-0.997,0.2,-0.6,0
100.060850900003,0,0.03,18.6,0,0,0.029,-0.012,-0.997,0.2,-0.6,0
100.070850900003,0,0.03,18.6,0,0,0.029,-0.012,-0.997,0.2,-0.6,0
100.080850900003,0,0.03,18.6,0,0,0.029,-0.012,-0.997,0.2,-0.6,0
100.090850900003,0,0.03,18.6,0,0,0.029,-0.012,-0.997,0.2,-0.6,0
100.100850900003,0,0.02,18.6,0,0,0.028,-0.013,-1.002,0.3,-0.5,0
100.110850900003,0,0.02,18.6,0,0,0.028,-0.013,-1.002,0.3,-0.5,0
100.120850900003,0,0.02,18.6,0,0,0.028,-0.013,-1.002,0.3,-0.5,0
100.130850900003,0,0.02,18.6,0,0,0.028,-0.013,-1.002,0.3,-0.5,0
100.140850900003,0,0.02,18.6,0,0,0.028,-0.013,-1.002,0.3,-0.5,0
100.150850900003,0,0.03,18.6,0,0,0.028,-0.012,-1.001,0.2,-0.5,0
100.160850900003,0,0.03,18.6,0,0,0.028,-0.012,-1.001,0.2,-0.5,0
100.170850900003,0,0.03,18.6,0,0,0.028,-0.012,-1.001,0.2,-0.5,0
100.180850900003,0,0.03,18.6,0,0,0.028,-0.012,-1.001,0.2,-0.5,0
100.190850900003,0,0.03,18.6,0,0,0.028,-0.012,-1.001,0.2,-0.5,0
100.200850900003,0,0.02,18.6,0,0,0.029,-0.014,-1.004,0.3,-0.6,0
100.210850900003,0,0.02,18.6,0,0,0.029,-0.014,-1.004,0.3,-0.6,0
100.220850900003,0,0.02,18.6,0,0,0.029,-0.014,-1.004,0.3,-0.6,0
100.230850900003,0,0.02,18.6,0,0,0.029,-0.014,-1.004,0.3,-0.6,0
100.240850900003,0,0.02,18.6,0,0,0.029,-0.014,-1.004,0.3,-0.6,0
100.250850900003,0,0.03,18.6,0,0,0.028,-0.011,-0.996,0.3,-0.5,0
100.260850900003,0,0.03,18.6,0,0,0.028,-0.011,-0.996,0.3,-0.5,0
100.270850900003,0,0.03,18.6,0,0,0.028,-0.011,-0.996,0.3,-0.5,0
100.280850900003,0,0.03,18.6,0,0,0.028,-0.011,-0.996,0.3,-0.5,0
100.290850900003,0,0.03,18.6,0,0,0.028,-0.011,-0.996,0.3,-0.5,0
100.300850900003,0,0.02,18.6,0,0,0.029,-0.015,-1.009,0.3,-0.5,0
100.310850900003,0,0.02,18.6,0,0,0.029,-0.015,-1.009,0.3,-0.5,0
100.320850900003,0,0.02,18.6,0,0,0.029,-0.015,-1.009,0.3,-0.5,0
100.330850900003,0,0.02,18.6,0,0,0.029,-0.015,-1.009,0.3,-0.5,0
100.340850900003,0,0.02,18.6,0,0,0.029,-0.015,-1.009,0.3,-0.5,0
100.350850900003,0,0.03,18.6,0,0,0.029,-0.012,-0.996,0.3,-0.6,0
100.360850900003,0,0.03,18.6,0,0,0.029,-0.012,-0.996,0.3,-0.6,0
100.370850900003,0,0.03,18.6,0,0,0.029,-0.012,-0.996,0.3,-0.6,0
100.380850900003,0,0.03,18.6,0,0,0.029,-0.012,-0.996,0.3,-0.6,0
100.390850900003,0,0.03,18.6,0,0,0.029,-0.012,-0.996,0.3,-0.6,0
100.400850900003,0,0.03,18.6,0,0,0.027,-0.014,-1.01,0.3,-0.5,0
100.410850900003,0,0.03,18.6,0,0,0.027,-0.014,-1.01,0.3,-0.5,0
100.420850900003,0,0.03,18.6,0,0,0.027,-0.014,-1.01,0.3,-0.5,0
100.430850900003,0,0.03,18.6,0,0,0.027,-0.014,-1.01,0.3,-0.5,0
100.440850900003,0,0.03,18.6,0,0,0.027,-0.014,-1.01,0.3,-0.5,0
100.450850900003,0,0.03,18.6,0,0,0.029,-0.014,-0.998,0.3,-0.6,0
100.460850900003,0,0.03,18.6,0,0,0.029,-0.014,-0.998,0.3,-0.6,0
100.470850900003,0,0.03,18.6,0,0,0.029,-0.014,-0.998,0.3,-0.6,0
100.480850900003,0,0.03,18.6,0,0,0.029,-0.014,-0.998,0.3,-0.6,0
100.490850900003,0,0.03,18.6,0,0,0.029,-0.014,-0.998,0.3,-0.6,0
100.500850900003,0,0.03,18.5,0,0,0.028,-0.012,-1.002,0.2,-0.6,0
100.510850900003,0,0.03,18.5,0,0,0.028,-0.012,-1.002,0.2,-0.6,0
100.520850900003,0,0.03,18.5,0,0,0.028,-0.012,-1.002,0.2,-0.6,0
100.530850900003,0,0.03,18.5,0,0,0.028,-0.012,-1.002,0.2,-0.6,0
100.540850900003,0,0.03,18.5,0,0,0.028,-0.012,-1.002,0.2,-0.6,0
100.550850900003,0,0.03,18.6,0,0,0.029,-0.013,-1.002,0.3,-0.6,0
100.560850900003,0,0.03,18.6,0,0,0.029,-0.013,-1.002,0.3,-0.6,0
100.570850900003,0,0.03,18.6,0,0,0.029,-0.013,-1.002,0.3,-0.6,0
100.580850900003,0,0.03,18.6,0,0,0.029,-0.013,-1.002,0.3,-0.6,0
100.590850900003,0,0.03,18.6,0,0,0.029,-0.013,-1.002,0.3,-0.6,0
100.600850900003,0,0.02,18.5,0,0,0.028,-0.014,-1.003,0.3,-0.5,0
100.610850900003,0,0.02,18.5,0,0,0.028,-0.014,-1.003,0.3,-0.5,0
100.620850900003,0,0.02,18.5,0,0,0.028,-0.014,-1.003,0.3,-0.5,0
100.630850900003,0,0.02,18.5,0,0,0.028,-0.014,-1.003,0.3,-0.5,0
100.640850900003,0,0.02,18.5,0,0,0.028,-0.014,-1.003,0.3,-0.5,0
100.650850900003,0,0.03,18.6,0,0,0.029,-0.014,-1,0.3,-0.5,0
100.660850900003,0,0.03,18.6,0,0,0.029,-0.014,-1,0.3,-0.5,0
100.670850900003,0,0.03,18.6,0,0,0.029,-0.014,-1,0.3,-0.5,0
100.680850900003,0,0.03,18.6,0,0,0.029,-0.014,-1,0.3,-0.5,0
100.690850900003,0,0.03,18.6,0,0,0.029,-0.014,-1,0.3,-0.5,0
100.700850900003,0,0.03,18.6,0,0,0.028,-0.014,-1.001,0.2,-0.6,0
100.710850900003,0,0.03,18.6,0,0,0.028,-0.014,-1.001,0.2,-0.6,0
100.720850900003,0,0.03,18.6,0,0,0.028,-0.014,-1.001,0.2,-0.6,0
100.730850900003,0,0.03,18.6,0,0,0.028,-0.014,-1.001,0.2,-0.6,0
100.740850900003,0,0.03,18.6,0,0,0.028,-0.014,-1.001,0.2,-0.6,0
100.750850900003,0,0.02,18.6,0,0,0.028,-0.013,-1,0.2,-0.5,0
100.760850900003,0,0.02,18.6,0,0,0.028,-0.013,-1,0.2,-0.5,0
100.770850900003,0,0.02,18.6,0,0,0.028,-0.013,-1,0.2,-0.5,0
100.780850900003,0,0.02,18.6,0,0,0.028,-0.013,-1,0.2,-0.5,0
100.790850900003,0,0.02,18.6,0,0,0.028,-0.013,-1,0.2,-0.5,0
100.800850900003,0,0.03,18.6,0,0,0.028,-0.014,-1.005,0.1,-0.5,0
100.810850900003,0,0.03,18.6,0,0,0.028,-0.014,-1.005,0.1,-0.5,0
100.820850900003,0,0.03,18.6,0,0,0.028,-0.014,-1.005,0.1,-0.5,0
100.830850900003,0,0.03,18.6,0,0,0.028,-0.014,-1.005,0.1,-0.5,0
100.840850900003,0,0.03,18.6,0,0,0.028,-0.014,-1.005,0.1,-0.5,0
100.850850900003,0,0.03,18.7,0,0,0.027,-0.011,-0.994,0.3,-0.6,0.1
100.860850900003,0,0.03,18.7,0,0,0.027,-0.011,-0.994,0.3,-0.6,0.1
100.870850900003,0,0.03,18.7,0,0,0.027,-0.011,-0.994,0.3,-0.6,0.1
100.880850900003,0,0.03,18.7,0,0,0.027,-0.011,-0.994,0.3,-0.6,0.1
100.890850900003,0,0.03,18.7,0,0,0.027,-0.011,-0.994,0.3,-0.6,0.1
100.900850900003,0,0.02,18.6,0,0,0.028,-0.012,-0.993,0.3,-0.5,0
100.910850900003,0,0.02,18.6,0,0,0.028,-0.012,-0.993,0.3,-0.5,0
100.920850900003,0,0.02,18.6,0,0,0.028,-0.012,-0.993,0.3,-0.5,0
100.930850900003,0,0.02,18.6,0,0,0.028,-0.012,-0.993,0.3,-0.5,0
100.940850900003,0,0.02,18.6,0,0,0.028,-0.012,-0.993,0.3,-0.5,0
100.950850900003,0,0.03,18.6,0,0,0.029,-0.017,-1.003,0.3,-0.5,0
100.960850900003,0,0.03,18.6,0,0,0.029,-0.017,-1.003,0.3,-0.5,0
100.970850900003,0,0.03,18.6,0,0,0.029,-0.017,-1.003,0.3,-0.5,0
100.980850900003,0,0.03,18.6,0,0,0.029,-0.017,-1.003,0.3,-0.5,0
100.990850900003,0,0.03,18.6,0,0,0.029,-0.017,-1.003,0.3,-0.5,0
101.000850900003,0,0.03,18.6,0,0,0.028,-0.01,-0.994,0.3,-0.6,0
101.010850900003,0,0.03,18.6,0,0,0.028,-0.01,-0.994,0.3,-0.6,0
101.020850900003,0,0.03,18.6,0,0,0.028,-0.01,-0.994,0.3,-0.6,0
101.030850900003,0,0.03,18.6,0,0,0.028,-0.01,-0.994,0.3,-0.6,0
101.040850900003,0,0.03,18.6,0,0,0.028,-0.01,-0.994,0.3,-0.6,0
101.050850900003,0,0.03,18.6,0,0,0.027,-0.015,-1.001,0.3,-0.6,0
101.060850900003,0,0.03,18.6,0,0,0.027,-0.015,-1.001,0.3,-0.6,0
101.070850900003,0,0.03,18.6,0,0,0.027,-0.015,-1.001,0.3,-0.6,0
101.080850900003,0,0.03,18.6,0,0,0.027,-0.015,-1.001,0.3,-0.6,0
101.090850900003,0,0.03,18.6,0,0,0.027,-0.015,-1.001,0.3,-0.6,0
101.100850900003,0,0.02,18.6,0,0,0.029,-0.012,-0.994,0.1,-0.5,0
101.110850900003,0,0.02,18.6,0,0,0.029,-0.012,-0.994,0.1,-0.5,0
101.120850900003,0,0.02,18.6,0,0,0.029,-0.012,-0.994,0.1,-0.5,0
101.130850900003,0,0.02,18.6,0,0,0.029,-0.012,-0.994,0.1,-0.5,0
101.140850900003,0,0.02,18.6,0,0,0.029,-0.012,-0.994,0.1,-0.5,0
101.150850900003,0,0.03,18.6,0,0,0.027,-0.015,-1.006,0.2,-0.5,0
101.160850900003,0,0.03,18.6,0,0,0.027,-0.015,-1.006,0.2,-0.5,0
101.170850900003,0,0.03,18.6,0,0,0.027,-0.015,-1.006,0.2,-0.5,0
101.180850900003,0,0.03,18.6,0,0,0.027,-0.015,-1.006,0.2,-0.5,0
101.190850900003,0,0.03,18.6,0,0,0.027,-0.015,-1.006,0.2,-0.5,0
101.200850900003,0,0.02,18.6,0,0,0.029,-0.014,-0.998,0.3,-0.6,0
101.210850900003,0,0.02,18.6,0,0,0.029,-0.014,-0.998,0.3,-0.6,0
101.220850900003,0,0.02,18.6,0,0,0.029,-0.014,-0.998,0.3,-0.6,0
101.230850900003,0,0.02,18.6,0,0,0.029,-0.014,-0.998,0.3,-0.6,0
101.240850900003,0,0.02,18.6,0,0,0.029,-0.014,-0.998,0.3,-0.6,0
101.250850900003,0,0.03,18.6,0,0,0.028,-0.013,-1.002,0.2,-0.4,0
101.260850900003,0,0.03,18.6,0,0,0.028,-0.013,-1.002,0.2,-0.4,0
101.270850900003,0,0.03,18.6,0,0,0.028,-0.013,-1.002,0.2,-0.4,0
101.280850900003,0,0.03,18.6,0,0,0.028,-0.013,-1.002,0.2,-0.4,0
101.290850900003,0,0.03,18.6,0,0,0.028,-0.013,-1.002,0.2,-0.4,0
101.300850900003,0,0.02,18.6,0,0,0.027,-0.015,-1,0.3,-0.5,0
101.310850900003,0,0.02,18.6,0,0,0.027,-0.015,-1,0.3,-0.5,0
101.320850900003,0,0.02,18.6,0,0,0.027,-0.015,-1,0.3,-0.5,0
101.330850900003,0,0.02,18.6,0,0,0.027,-0.015,-1,0.3,-0.5,0
101.340850900003,0,0.02,18.6,0,0,0.027,-0.015,-1,0.3,-0.5,0
101.350850900003,0,0.03,18.6,0,0,0.028,-0.012,-1.004,0.3,-0.5,0
101.360850900003,0,0.03,18.6,0,0,0.028,-0.012,-1.004,0.3,-0.5,0
101.370850900003,0,0.03,18.6,0,0,0.028,-0.012,-1.004,0.3,-0.5,0
101.380850900003,0,0.03,18.6,0,0,0.028,-0.012,-1.004,0.3,-0.5,0
101.390850900003,0,0.03,18.6,0,0,0.028,-0.012,-1.004,0.3,-0.5,0
101.400850900003,0,0.02,18.6,0,0,0.029,-0.013,-1.001,0.3,-0.5,0.1
101.410850900003,0,0.02,18.6,0,0,0.029,-0.013,-1.001,0.3,-0.5,0.1
101.420850900003,0,0.02,18.6,0,0,0.029,-0.013,-1.001,0.3,-0.5,0.1
101.430850900003,0,0.02,18.6,0,0,0.029,-0.013,-1.001,0.3,-0.5,0.1
101.440850900003,0,0.02,18.6,0,0,0.029,-0.013,-1.001,0.3,-0.5,0.1
101.450850900003,0,0.03,18.6,0,0,0.028,-0.013,-1.001,0.3,-0.5,0
101.460850900003,0,0.03,18.6,0,0,0.028,-0.013,-1.001,0.3,-0.5,0
101.470850900003,0,0.03,18.6,0,0,0.028,-0.013,-1.001,0.3,-0.5,0
101.480850900003,0,0.03,18.6,0,0,0.028,-0.013,-1.001,0.3,-0.5,0
101.490850900003,0,0.03,18.6,0,0,0.028,-0.013,-1.001,0.3,-0.5,0
101.500850900003,0,0.03,18.7,0,0,0.028,-0.013,-1,0.3,-0.6,0
101.510850900003,0,0.03,18.7,0,0,0.028,-0.013,-1,0.3,-0.6,0
101.520850900003,0,0.03,18.7,0,0,0.028,-0.013,-1,0.3,-0.6,0
101.530850900003,0,0.03,18.7,0,0,0.028,-0.013,-1,0.3,-0.6,0
101.540850900003,0,0.03,18.7,0,0,0.028,-0.013,-1,0.3,-0.6,0
101.550850900003,0,0.02,18.6,0,0,0.029,-0.013,-1,0.2,-0.5,0
101.560850900004,0,0.02,18.6,0,0,0.029,-0.013,-1,0.2,-0.5,0
101.570850900003,0,0.02,18.6,0,0,0.029,-0.013,-1,0.2,-0.5,0
101.580850900003,0,0.02,18.6,0,0,0.029,-0.013,-1,0.2,-0.5,0
101.590850900004,0,0.02,18.6,0,0,0.029,-0.013,-1,0.2,-0.5,0
101.600850900004,0,0.03,18.6,0,0,0.027,-0.012,-1.002,0.1,-0.6,0
101.610850900004,0,0.03,18.6,0,0,0.027,-0.012,-1.002,0.1,-0.6,0
101.620850900004,0,0.03,18.6,0,0,0.027,-0.012,-1.002,0.1,-0.6,0
101.630850900004,0,0.03,18.6,0,0,0.027,-0.012,-1.002,0.1,-0.6,0
101.640850900004,0,0.03,18.6,0,0,0.027,-0.012,-1.002,0.1,-0.6,0
101.650850900004,0,0.03,18.6,0,0,0.028,-0.014,-1.002,0.2,-0.6,0
101.660850900004,0,0.03,18.6,0,0,0.028,-0.014,-1.002,0.2,-0.6,0
101.670850900004,0,0.03,18.6,0,0,0.028,-0.014,-1.002,0.2,-0.6,0
101.680850900004,0,0.03,18.6,0,0,0.028,-0.014,-1.002,0.2,-0.6,0
101.690850900004,0,0.03,18.6,0,0,0.028,-0.014,-1.002,0.2,-0.6,0
101.700850900004,0,0.03,18.6,0,0,0.03,-0.015,-0.999,0.3,-0.5,0
101.710850900004,0,0.03,18.6,0,0,0.03,-0.015,-0.999,0.3,-0.5,0
101.720850900004,0,0.03,18.6,0,0,0.03,-0.015,-0.999,0.3,-0.5,0
101.730850900004,0,0.03,18.6,0,0,0.03,-0.015,-0.999,0.3,-0.5,0
101.740850900004,0,0.03,18.6,0,0,0.03,-0.015,-0.999,0.3,-0.5,0
101.750850900004,0,0.03,18.6,0,0,0.026,-0.011,-1.004,0.3,-0.4,0
101.760850900004,0,0.03,18.6,0,0,0.026,-0.011,-1.004,0.3,-0.4,0
101.770850900004,0,0.03,18.6,0,0,0.026,-0.011,-1.004,0.3,-0.4,0
101.780850900004,0,0.03,18.6,0,0,0.026,-0.011,-1.004,0.3,-0.4,0
101.790850900004,0,0.03,18.6,0,0,0.026,-0.011,-1.004,0.3,-0.4,0
101.800850900004,0,0.03,18.5,0,0,0.029,-0.015,-1.003,0.1,-0.6,0
101.810850900004,0,0.03,18.5,0,0,0.029,-0.015,-1.003,0.1,-0.6,0
101.820850900004,0,0.03,18.5,0,0,0.029,-0.015,-1.003,0.1,-0.6,0
101.830850900004,0,0.03,18.5,0,0,0.029,-0.015,-1.003,0.1,-0.6,0
101.840850900004,0,0.03,18.5,0,0,0.029,-0.015,-1.003,0.1,-0.6,0
101.850850900004,0,0.03,18.7,0,0,0.028,-0.013,-1.003,0.3,-0.6,0.1
101.860850900004,0,0.03,18.7,0,0,0.028,-0.013,-1.003,0.3,-0.6,0.1
101.870850900004,0,0.03,18.7,0,0,0.028,-0.013,-1.003,0.3,-0.6,0.1
101.880850900004,0,0.03,18.7,0,0,0.028,-0.013,-1.003,0.3,-0.6,0.1
101.890850900004,0,0.03,18.7,0,0,0.028,-0.013,-1.003,0.3,-0.6,0.1
101.900850900004,0,0.02,18.6,0,0,0.028,-0.014,-1.002,0.3,-0.5,0
101.910850900004,0,0.02,18.6,0,0,0.028,-0.014,-1.002,0.3,-0.5,0
101.920850900004,0,0.02,18.6,0,0,0.028,-0.014,-1.002,0.3,-0.5,0
101.930850900004,0,0.02,18.6,0,0,0.028,-0.014,-1.002,0.3,-0.5,0
101.940850900004,0,0.02,18.6,0,0,0.028,-0.014,-1.002,0.3,-0.5,0
101.950850900004,0,0.03,18.6,0,0,0.029,-0.014,-1,0.3,-0.5,0
101.960850900004,0,0.03,18.6,0,0,0.029,-0.014,-1,0.3,-0.5,0
101.970850900004,0,0.03,18.6,0,0,0.029,-0.014,-1,0.3,-0.5,0
101.980850900004,0,0.03,18.6,0,0,0.029,-0.014,-1,0.3,-0.5,0
101.990850900004,0,0.03,18.6,0,0,0.029,-0.014,-1,0.3,-0.5,0
102.000850900004,0,0.03,18.6,0,0,0.028,-0.014,-1.002,0.3,-0.5,0
102.010850900004,0,0.03,18.6,0,0,0.028,-0.014,-1.002,0.3,-0.5,0
102.020850900004,0,0.03,18.6,0,0,0.028,-0.014,-1.002,0.3,-0.5,0
102.030850900004,0,0.03,18.6,0,0,0.028,-0.014,-1.002,0.3,-0.5,0
102.040850900004,0,0.03,18.6,0,0,0.028,-0.014,-1.002,0.3,-0.5,0
102.050850900004,0,0.03,18.6,0,0,0.029,-0.013,-1,0.1,-0.5,0
102.060850900004,0,0.03,18.6,0,0,0.029,-0.013,-1,0.1,-0.5,0
102.070850900004,0,0.03,18.6,0,0,0.029,-0.013,-1,0.1,-0.5,0
102.080850900004,0,0.03,18.6,0,0,0.029,-0.013,-1,0.1,-0.5,0
102.090850900004,0,0.03,18.6,0,0,0.029,-0.013,-1,0.1,-0.5,0
102.100850900004,0,0.03,18.6,0,0,0.029,-0.014,-1.004,0.3,-0.6,0
102.110850900004,0,0.03,18.6,0,0,0.029,-0.014,-1.004,0.3,-0.6,0
102.120850900004,0,0.03,18.6,0,0,0.029,-0.014,-1.004,0.3,-0.6,0
102.130850900004,0,0.03,18.6,0,0,0.029,-0.014,-1.004,0.3,-0.6,0
102.140850900004,0,0.03,18.6,0,0,0.029,-0.014,-1.004,0.3,-0.6,0
102.150850900004,0,0.03,18.6,0,0,0.028,-0.013,-1,0.3,-0.4,0
102.160850900004,0,0.03,18.6,0,0,0.028,-0.013,-1,0.3,-0.4,0
102.170850900004,0,0.03,18.6,0,0,0.028,-0.013,-1,0.3,-0.4,0
102.180850900004,0,0.03,18.6,0,0,0.028,-0.013,-1,0.3,-0.4,0
102.190850900004,0,0.03,18.6,0,0,0.028,-0.013,-1,0.3,-0.4,0
102.200850900004,0,0.03,18.6,0,0,0.027,-0.013,-0.999,0.2,-0.5,0
102.210850900004,0,0.03,18.6,0,0,0.027,-0.013,-0.999,0.2,-0.5,0
102.220850900004,0,0.03,18.6,0,0,0.027,-0.013,-0.999,0.2,-0.5,0
102.230850900004,0,0.03,18.6,0,0,0.027,-0.013,-0.999,0.2,-0.5,0
102.240850900004,0,0.03,18.6,0,0,0.027,-0.013,-0.999,0.2,-0.5,0
102.250850900004,0,0.03,18.6,0,0,0.028,-0.013,-0.998,0.3,-0.4,0
102.260850900004,0,0.03,18.6,0,0,0.028,-0.013,-0.998,0.3,-0.4,0
102.270850900004,0,0.03,18.6,0,0,0.028,-0.013,-0.998,0.3,-0.4,0
102.280850900004,0,0.03,18.6,0,0,0.028,-0.013,-0.998,0.3,-0.4,0
102.290850900004,0,0.03,18.6,0,0,0.028,-0.013,-0.998,0.3,-0.4,0
102.300850900004,0,0.03,18.7,0,0,0.029,-0.015,-1.005,0.3,-0.5,0
102.310850900004,0,0.03,18.7,0,0,0.029,-0.015,-1.005,0.3,-0.5,0
102.320850900004,0,0.03,18.7,0,0,0.029,-0.015,-1.005,0.3,-0.5,0
102.330850900004,0,0.03,18.7,0,0,0.029,-0.015,-1.005,0.3,-0.5,0
102.340850900004,0,0.03,18.7,0,0,0.029,-0.015,-1.005,0.3,-0.5,0
102.350850900004,0,0.03,18.7,0,0,0.028,-0.014,-1,0.2,-0.4,0
102.360850900004,0,0.03,18.7,0,0,0.028,-0.014,-1,0.2,-0.4,0
102.370850900004,0,0.03,18.7,0,0,0.028,-0.014,-1,0.2,-0.4,0
102.380850900004,0,0.03,18.7,0,0,0.028,-0.014,-1,0.2,-0.4,0
102.390850900004,0,0.03,18.7,0,0,0.028,-0.014,-1,0.2,-0.4,0
102.400850900004,0,0.02,18.6,0,0,0.027,-0.013,-1,0.3,-0.6,0.1
102.410850900004,0,0.02,18.6,0,0,0.027,-0.013,-1,0.3,-0.6,0.1
102.420850900004,0,0.02,18.6,0,0,0.027,-0.013,-1,0.3,-0.6,0.1
102.430850900004,0,0.02,18.6,0,0,0.027,-0.013,-1,0.3,-0.6,0.1
102.440850900004,0,0.02,18.6,0,0,0.027,-0.013,-1,0.3,-0.6,0.1
102.450850900004,0,0.02,18.6,0,0,0.028,-0.014,-1.008,0.3,-0.4,0
102.460850900004,0,0.02,18.6,0,0,0.028,-0.014,-1.008,0.3,-0.4,0
102.470850900004,0,0.02,18.6,0,0,0.028,-0.014,-1.008,0.3,-0.4,0
102.480850900004,0,0.02,18.6,0,0,0.028,-0.014,-1.008,0.3,-0.4,0
102.490850900004,0,0.02,18.6,0,0,0.028,-0.014,-1.008,0.3,-0.4,0
102.500850900004,0,0.02,18.6,0,0,0.028,-0.011,-1.002,0.3,-0.6,0
102.510850900004,0,0.02,18.6,0,0,0.028,-0.011,-1.002,0.3,-0.6,0
102.520850900004,0,0.02,18.6,0,0,0.028,-0.011,-1.002,0.3,-0.6,0
102.530850900004,0,0.02,18.6,0,0,0.028,-0.011,-1.002,0.3,-0.6,0
102.540850900004,0,0.02,18.6,0,0,0.028,-0.011,-1.002,0.3,-0.6,0
102.550850900004,0,0.03,18.6,0,0,0.028,-0.014,-0.999,0.3,-0.5,0
102.560850900004,0,0.03,18.6,0,0,0.028,-0.014,-0.999,0.3,-0.5,0
102.570850900004,0,0.03,18.6,0,0,0.028,-0.014,-0.999,0.3,-0.5,0
102.580850900004,0,0.03,18.6,0,0,0.028,-0.014,-0.999,0.3,-0.5,0
102.590850900004,0,0.03,18.6,0,0,0.028,-0.014,-0.999,0.3,-0.5,0
102.600850900004,0,0.01,18.6,0,0,0.029,-0.013,-1.002,0.3,-0.5,0
102.610850900004,0,0.01,18.6,0,0,0.029,-0.013,-1.002,0.3,-0.5,0
102.620850900004,0,0.01,18.6,0,0,0.029,-0.013,-1.002,0.3,-0.5,0
102.630850900004,0,0.01,18.6,0,0,0.029,-0.013,-1.002,0.3,-0.5,0
102.640850900004,0,0.01,18.6,0,0,0.029,-0.013,-1.002,0.3,-0.5,0
102.650850900004,0,0.03,18.6,0,0,0.03,-0.014,-1.002,0.2,-0.5,0
102.660850900004,0,0.03,18.6,0,0,0.03,-0.014,-1.002,0.2,-0.5,0
102.670850900004,0,0.03,18.6,0,0,0.03,-0.014,-1.002,0.2,-0.5,0
102.680850900004,0,0.03,18.6,0,0,0.03,-0.014,-1.002,0.2,-0.5,0
102.690850900004,0,0.03,18.6,0,0,0.03,-0.014,-1.002,0.2,-0.5,0
102.700850900004,0,0.03,18.6,0,0,0.028,-0.013,-0.999,0.3,-0.6,0
102.710850900004,0,0.03,18.6,0,0,0.028,-0.013,-0.999,0.3,-0.6,0
102.720850900004,0,0.03,18.6,0,0,0.028,-0.013,-0.999,0.3,-0.6,0
102.730850900004,0,0.03,18.6,0,0,0.028,-0.013,-0.999,0.3,-0.6,0
102.740850900004,0,0.03,18.6,0,0,0.028,-0.013,-0.999,0.3,-0.6,0
102.750850900004,0,0.03,18.7,0,0,0.028,-0.013,-0.998,0.3,-0.5,0
102.760850900004,0,0.03,18.7,0,0,0.028,-0.013,-0.998,0.3,-0.5,0
102.770850900004,0,0.03,18.7,0,0,0.028,-0.013,-0.998,0.3,-0.5,0
102.780850900004,0,0.03,18.7,0,0,0.028,-0.013,-0.998,0.3,-0.5,0
102.790850900004,0,0.03,18.7,0,0,0.028,-0.013,-0.998,0.3,-0.5,0
102.800850900004,0,0.03,18.7,0,0,0.029,-0.013,-1.002,0.2,-0.4,0
102.810850900004,0,0.03,18.7,0,0,0.029,-0.013,-1.002,0.2,-0.4,0
102.820850900004,0,0.03,18.7,0,0,0.029,-0.013,-1.002,0.2,-0.4,0
102.830850900004,0,0.03,18.7,0,0,0.029,-0.013,-1.002,0.2,-0.4,0
102.840850900004,0,0.03,18.7,0,0,0.029,-0.013,-1.002,0.2,-0.4,0
102.850850900004,0,0.02,18.6,0,0,0.029,-0.008,-1.003,0.2,-0.6,0
102.860850900004,0,0.02,18.6,0,0,0.029,-0.008,-1.003,0.2,-0.6,0
102.870850900004,0,0.02,18.6,0,0,0.029,-0.008,-1.003,0.2,-0.6,0
102.880850900004,0,0.02,18.6,0,0,0.029,-0.008,-1.003,0.2,-0.6,0
102.890850900004,0,0.02,18.6,0,0,0.029,-0.008,-1.003,0.2,-0.6,0
102.900850900004,0,0.02,18.5,0,0,0.029,-0.021,-1.007,0.3,-0.6,0
102.910850900004,0,0.02,18.5,0,0,0.029,-0.021,-1.007,0.3,-0.6,0
102.920850900004,0,0.02,18.5,0,0,0.029,-0.021,-1.007,0.3,-0.6,0
102.930850900004,0,0.02,18.5,0,0,0.029,-0.021,-1.007,0.3,-0.6,0
102.940850900004,0,0.02,18.5,0,0,0.029,-0.021,-1.007,0.3,-0.6,0
102.950850900004,0,0.03,18.6,0,0,0.028,-0.008,-1.001,0.3,-0.5,0
102.960850900004,0,0.03,18.6,0,0,0.028,-0.008,-1.001,0.3,-0.5,0
102.970850900004,0,0.03,18.6,0,0,0.028,-0.008,-1.001,0.3,-0.5,0
102.980850900004,0,0.03,18.6,0,0,0.028,-0.008,-1.001,0.3,-0.5,0
102.990850900004,0,0.03,18.6,0,0,0.028,-0.008,-1.001,0.3,-0.5,0
103.000850900004,0,0.03,18.6,0,0,0.029,-0.017,-1.006,0.4,-0.6,0
103.010850900004,0,0.03,18.6,0,0,0.029,-0.017,-1.006,0.4,-0.6,0
103.020850900004,0,0.03,18.6,0,0,0.029,-0.017,-1.006,0.4,-0.6,0
103.030850900004,0,0.03,18.6,0,0,0.029,-0.017,-1.006,0.4,-0.6,0
103.040850900004,0,0.03,18.6,0,0,0.029,-0.017,-1.006,0.4,-0.6,0
103.050850900004,0,0.03,18.7,0,0,0.029,-0.011,-1,0.3,-0.5,0.1
103.060850900004,0,0.03,18.7,0,0,0.029,-0.011,-1,0.3,-0.5,0.1
103.070850900004,0,0.03,18.7,0,0,0.029,-0.011,-1,0.3,-0.5,0.1
103.080850900004,0,0.03,18.7,0,0,0.029,-0.011,-1,0.3,-0.5,0.1
103.090850900004,0,0.03,18.7,0,0,0.029,-0.011,-1,0.3,-0.5,0.1
103.100850900004,0,0.03,18.6,0,0,0.027,-0.014,-1.002,0.1,-0.5,0
103.110850900004,0,0.03,18.6,0,0,0.027,-0.014,-1.002,0.1,-0.5,0
103.120850900004,0,0.03,18.6,0,0,0.027,-0.014,-1.002,0.1,-0.5,0
103.130850900004,0,0.03,18.6,0,0,0.027,-0.014,-1.002,0.1,-0.5,0
103.140850900004,0,0.03,18.6,0,0,0.027,-0.014,-1.002,0.1,-0.5,0
103.150850900004,0,0.02,18.6,0,0,0.029,-0.013,-0.998,0.2,-0.6,0
103.160850900004,0,0.02,18.6,0,0,0.029,-0.013,-0.998,0.2,-0.6,0
103.170850900004,0,0.02,18.6,0,0,0.029,-0.013,-0.998,0.2,-0.6,0
103.180850900004,0,0.02,18.6,0,0,0.029,-0.013,-0.998,0.2,-0.6,0
103.190850900004,0,0.02,18.6,0,0,0.029,-0.013,-0.998,0.2,-0.6,0
103.200850900004,0,0.03,18.6,0,0,0.028,-0.013,-1.006,0.1,-0.6,0
103.210850900004,0,0.03,18.6,0,0,0.028,-0.013,-1.006,0.1,-0.6,0
103.220850900004,0,0.03,18.6,0,0,0.028,-0.013,-1.006,0.1,-0.6,0
103.230850900004,0,0.03,18.6,0,0,0.028,-0.013,-1.006,0.1,-0.6,0
103.240850900004,0,0.03,18.6,0,0,0.028,-0.013,-1.006,0.1,-0.6,0
103.250850900004,0,0.03,18.6,0,0,0.028,-0.014,-1.003,0.3,-0.6,0
103.260850900004,0,0.03,18.6,0,0,0.028,-0.014,-1.003,0.3,-0.6,0
103.270850900004,0,0.03,18.6,0,0,0.028,-0.014,-1.003,0.3,-0.6,0
103.280850900004,0,0.03,18.6,0,0,0.028,-0.014,-1.003,0.3,-0.6,0
103.290850900004,0,0.03,18.6,0,0,0.028,-0.014,-1.003,0.3,-0.6,0
103.300850900004,0,0.02,18.6,0,0,0.029,-0.013,-0.995,0.3,-0.6,0
103.310850900004,0,0.02,18.6,0,0,0.029,-0.013,-0.995,0.3,-0.6,0
103.320850900004,0,0.02,18.6,0,0,0.029,-0.013,-0.995,0.3,-0.6,0
103.330850900004,0,0.02,18.6,0,0,0.029,-0.013,-0.995,0.3,-0.6,0
103.340850900004,0,0.02,18.6,0,0,0.029,-0.013,-0.995,0.3,-0.6,0
103.350850900004,0,0.02,18.6,0,0,0.027,-0.013,-1.006,0.1,-0.5,0
103.360850900004,0,0.02,18.6,0,0,0.027,-0.013,-1.006,0.1,-0.5,0
103.370850900004,0,0.02,18.6,0,0,0.027,-0.013,-1.006,0.1,-0.5,0
103.380850900004,0,0.02,18.6,0,0,0.027,-0.013,-1.006,0.1,-0.5,0
103.390850900004,0,0.02,18.6,0,0,0.027,-0.013,-1.006,0.1,-0.5,0
103.400850900004,0,0.02,18.6,0,0,0.029,-0.013,-0.999,0.3,-0.5,0.1
103.410850900004,0,0.02,18.6,0,0,0.029,-0.013,-0.999,0.3,-0.5,0.1
103.420850900004,0,0.02,18.6,0,0,0.029,-0.013,-0.999,0.3,-0.5,0.1
103.430850900004,0,0.02,18.6,0,0,0.029,-0.013,-0.999,0.3,-0.5,0.1
103.440850900004,0,0.02,18.6,0,0,0.029,-0.013,-0.999,0.3,-0.5,0.1
103.450850900004,0,0.02,18.6,0,0,0.029,-0.012,-1.003,0.3,-0.5,0
103.460850900004,0,0.02,18.6,0,0,0.029,-0.012,-1.003,0.3,-0.5,0
103.470850900004,0,0.02,18.6,0,0,0.029,-0.012,-1.003,0.3,-0.5,0
103.480850900004,0,0.02,18.6,0,0,0.029,-0.012,-1.003,0.3,-0.5,0
103.490850900004,0,0.02,18.6,0,0,0.029,-0.012,-1.003,0.3,-0.5,0
103.500850900004,0,0.02,18.6,0,0,0.027,-0.013,-1.006,0.2,-0.6,0
103.510850900004,0,0.02,18.6,0,0,0.027,-0.013,-1.006,0.2,-0.6,0
103.520850900004,0,0.02,18.6,0,0,0.027,-0.013,-1.006,0.2,-0.6,0
103.530850900004,0,0.02,18.6,0,0,0.027,-0.013,-1.006,0.2,-0.6,0
103.540850900004,0,0.02,18.6,0,0,0.027,-0.013,-1.006,0.2,-0.6,0
103.550850900004,0,0.03,18.6,0,0,0.028,-0.013,-0.999,0.3,-0.5,0
103.560850900004,0,0.03,18.6,0,0,0.028,-0.013,-0.999,0.3,-0.5,0
103.570850900004,0,0.03,18.6,0,0,0.028,-0.013,-0.999,0.3,-0.5,0
103.580850900004,0,0.03,18.6,0,0,0.028,-0.013,-0.999,0.3,-0.5,0
103.590850900004,0,0.03,18.6,0,0,0.028,-0.013,-0.999,0.3,-0.5,0
103.600850900004,0,0.02,18.5,0,0,0.028,-0.013,-0.999,0.4,-0.5,0
103.610850900004,0,0.02,18.5,0,0,0.028,-0.013,-0.999,0.4,-0.5,0
103.620850900004,0,0.02,18.5,0,0,0.028,-0.013,-0.999,0.4,-0.5,0
103.630850900004,0,0.02,18.5,0,0,0.028,-0.013,-0.999,0.4,-0.5,0
103.640850900004,0,0.02,18.5,0,0,0.028,-0.013,-0.999,0.4,-0.5,0
103.650850900004,0,0.02,18.6,0,0,0.027,-0.014,-1.005,0.3,-0.5,0
103.660850900004,0,0.02,18.6,0,0,0.027,-0.014,-1.005,0.3,-0.5,0
103.670850900004,0,0.02,18.6,0,0,0.027,-0.014,-1.005,0.3,-0.5,0
103.680850900004,0,0.02,18.6,0,0,0.027,-0.014,-1.005,0.3,-0.5,0
103.690850900004,0,0.02,18.6,0,0,0.027,-0.014,-1.005,0.3,-0.5,0
103.700850900004,0,0.03,18.6,0,0,0.029,-0.012,-0.999,0.3,-0.6,0
103.710850900004,0,0.03,18.6,0,0,0.029,-0.012,-0.999,0.3,-0.6,0
103.720850900004,0,0.03,18.6,0,0,0.029,-0.012,-0.999,0.3,-0.6,0
103.730850900004,0,0.03,18.6,0,0,0.029,-0.012,-0.999,0.3,-0.6,0
103.740850900004,0,0.03,18.6,0,0,0.029,-0.012,-0.999,0.3,-0.6,0
103.750850900004,0,0.03,18.7,0,0,0.028,-0.015,-1.006,0.3,-0.6,0
103.760850900004,0,0.03,18.7,0,0,0.028,-0.015,-1.006,0.3,-0.6,0
103.770850900004,0,0.03,18.7,0,0,0.028,-0.015,-1.006,0.3,-0.6,0
103.780850900004,0,0.03,18.7,0,0,0.028,-0.015,-1.006,0.3,-0.6,0
103.790850900004,0,0.03,18.7,0,0,0.028,-0.015,-1.006,0.3,-0.6,0
103.800850900004,0,0.03,18.7,0,0,0.027,-0.011,-0.999,0.2,-0.6,0
103.810850900004,0,0.03,18.7,0,0,0.027,-0.011,-0.999,0.2,-0.6,0
103.820850900004,0,0.03,18.7,0,0,0.027,-0.011,-0.999,0.2,-0.6,0
103.830850900004,0,0.03,18.7,0,0,0.027,-0.011,-0.999,0.2,-0.6,0
103.840850900004,0,0.03,18.7,0,0,0.027,-0.011,-0.999,0.2,-0.6,0
103.850850900004,0,0.02,18.6,0,0,0.029,-0.014,-1.004,0.3,-0.6,0
103.860850900004,0,0.02,18.6,0,0,0.029,-0.014,-1.004,0.3,-0.6,0
103.870850900004,0,0.02,18.6,0,0,0.029,-0.014,-1.004,0.3,-0.6,0
103.880850900004,0,0.02,18.6,0,0,0.029,-0.014,-1.004,0.3,-0.6,0
103.890850900004,0,0.02,18.6,0,0,0.029,-0.014,-1.004,0.3,-0.6,0
103.900850900004,0,0.02,18.6,0,0,0.027,-0.013,-0.999,0.3,-0.5,0
103.910850900004,0,0.02,18.6,0,0,0.027,-0.013,-0.999,0.3,-0.5,0
103.920850900004,0,0.02,18.6,0,0,0.027,-0.013,-0.999,0.3,-0.5,0
103.930850900004,0,0.02,18.6,0,0,0.027,-0.013,-0.999,0.3,-0.5,0
103.940850900004,0,0.02,18.6,0,0,0.027,-0.013,-0.999,0.3,-0.5,0
103.950850900004,0,0.02,18.6,0,0,0.027,-0.015,-1.01,0.2,-0.4,0
103.960850900004,0,0.02,18.6,0,0,0.027,-0.015,-1.01,0.2,-0.4,0
103.970850900004,0,0.02,18.6,0,0,0.027,-0.015,-1.01,0.2,-0.4,0
103.980850900004,0,0.02,18.6,0,0,0.027,-0.015,-1.01,0.2,-0.4,0
103.990850900004,0,0.02,18.6,0,0,0.027,-0.015,-1.01,0.2,-0.4,0
104.000850900004,0,0.03,18.7,0,0,0.027,-0.012,-0.999,0.3,-0.6,0
104.010850900004,0,0.03,18.7,0,0,0.027,-0.012,-0.999,0.3,-0.6,0
104.020850900004,0,0.03,18.7,0,0,0.027,-0.012,-0.999,0.3,-0.6,0
104.030850900004,0,0.03,18.7,0,0,0.027,-0.012,-0.999,0.3,-0.6,0
104.040850900004,0,0.03,18.7,0,0,0.027,-0.012,-0.999,0.3,-0.6,0
104.050850900004,0,0.03,18.6,0,0,0.031,-0.015,-1.004,0.3,-0.5,0
104.060850900004,0,0.03,18.6,0,0,0.031,-0.015,-1.004,0.3,-0.5,0
104.070850900004,0,0.03,18.6,0,0,0.031,-0.015,-1.004,0.3,-0.5,0
104.080850900004,0,0.03,18.6,0,0,0.031,-0.015,-1.004,0.3,-0.5,0
104.090850900004,0,0.03,18.6,0,0,0.031,-0.015,-1.004,0.3,-0.5,0
104.100850900004,0,0.03,18.7,0,0,0.027,-0.01,-0.999,0.3,-0.6,0
104.110850900004,0,0.03,18.7,0,0,0.027,-0.01,-0.999,0.3,-0.6,0
104.120850900004,0,0.03,18.7,0,0,0.027,-0.01,-0.999,0.3,-0.6,0
104.130850900004,0,0.03,18.7,0,0,0.027,-0.01,-0.999,0.3,-0.6,0
104.140850900004,0,0.03,18.7,0,0,0.027,-0.01,-0.999,0.3,-0.6,0
104.150850900004,0,0.03,18.7,0,0,0.029,-0.016,-1.006,0.2,-0.5,0
104.160850900004,0,0.03,18.7,0,0,0.029,-0.016,-1.006,0.2,-0.5,0
104.170850900004,0,0.03,18.7,0,0,0.029,-0.016,-1.006,0.2,-0.5,0
104.180850900004,0,0.03,18.7,0,0,0.029,-0.016,-1.006,0.2,-0.5,0
104.190850900004,0,0.03,18.7,0,0,0.029,-0.016,-1.006,0.2,-0.5,0
104.200850900004,0,0.02,18.5,0,0,0.03,-0.011,-0.996,0.3,-0.5,0
104.210850900004,0,0.02,18.5,0,0,0.03,-0.011,-0.996,0.3,-0.5,0
104.220850900004,0,0.02,18.5,0,0,0.03,-0.011,-0.996,0.3,-0.5,0
104.230850900004,0,0.02,18.5,0,0,0.03,-0.011,-0.996,0.3,-0.5,0
104.240850900004,0,0.02,18.5,0,0,0.03,-0.011,-0.996,0.3,-0.5,0
104.250850900004,0,0.02,18.6,0,0,0.026,-0.013,-1.001,0.3,-0.4,0
104.260850900004,0,0.02,18.6,0,0,0.026,-0.013,-1.001,0.3,-0.4,0
104.270850900004,0,0.02,18.6,0,0,0.026,-0.013,-1.001,0.3,-0.4,0
104.280850900004,0,0.02,18.6,0,0,0.026,-0.013,-1.001,0.3,-0.4,0
104.290850900004,0,0.02,18.6,0,0,0.026,-0.013,-1.001,0.3,-0.4,0
104.300850900004,0,0.02,18.6,0,0,0.028,-0.012,-1.003,0.3,-0.6,0
104.310850900004,0,0.02,18.6,0,0,0.028,-0.012,-1.003,0.3,-0.6,0
104.320850900004,0,0.02,18.6,0,0,0.028,-0.012,-1.003,0.3,-0.6,0
104.330850900004,0,0.02,18.6,0,0,0.028,-0.012,-1.003,0.3,-0.6,0
104.340850900004,0,0.02,18.6,0,0,0.028,-0.012,-1.003,0.3,-0.6,0
104.350850900004,0,0.03,18.6,0,0,0.029,-0.014,-1.007,0.3,-0.5,0.1
104.360850900004,0,0.03,18.6,0,0,0.029,-0.014,-1.007,0.3,-0.5,0.1
104.370850900004,0,0.03,18.6,0,0,0.029,-0.014,-1.007,0.3,-0.5,0.1
104.380850900004,0,0.03,18.6,0,0,0.029,-0.014,-1.007,0.3,-0.5,0.1
104.390850900004,0,0.03,18.6,0,0,0.029,-0.014,-1.007,0.3,-0.5,0.1
104.400850900004,0,0.02,18.6,0,0,0.028,-0.013,-1.002,0.3,-0.5,0
104.410850900004,0,0.02,18.6,0,0,0.028,-0.013,-1.002,0.3,-0.5,0
104.420850900004,0,0.02,18.6,0,0,0.028,-0.013,-1.002,0.3,-0.5,0
104.430850900004,0,0.02,18.6,0,0,0.028,-0.013,-1.002,0.3,-0.5,0
104.440850900004,0,0.02,18.6,0,0,0.028,-0.013,-1.002,0.3,-0.5,0
104.450850900004,0,0.03,18.6,0,0,0.028,-0.014,-1.004,0.1,-0.6,0
104.460850900004,0,0.03,18.6,0,0,0.028,-0.014,-1.004,0.1,-0.6,0
104.470850900004,0,0.03,18.6,0,0,0.028,-0.014,-1.004,0.1,-0.6,0
104.480850900004,0,0.03,18.6,0,0,0.028,-0.014,-1.004,0.1,-0.6,0
104.490850900004,0,0.03,18.6,0,0,0.028,-0.014,-1.004,0.1,-0.6,0
104.500850900004,0,0.03,18.5,0,0,0.029,-0.013,-1.001,0.2,-0.5,0
104.510850900004,0,0.03,18.5,0,0,0.029,-0.013,-1.001,0.2,-0.5,0
104.520850900004,0,0.03,18.5,0,0,0.029,-0.013,-1.001,0.2,-0.5,0
104.530850900004,0,0.03,18.5,0,0,0.029,-0.013,-1.001,0.2,-0.5,0
104.540850900004,0,0.03,18.5,0,0,0.029,-0.013,-1.001,0.2,-0.5,0
104.550850900004,0,0.04,18.6,0,0,0.028,-0.012,-0.999,0.2,-0.6,0
104.560850900004,0,0.04,18.6,0,0,0.028,-0.012,-0.999,0.2,-0.6,0
104.570850900004,0,0.04,18.6,0,0,0.028,-0.012,-0.999,0.2,-0.6,0
104.580850900004,0,0.04,18.6,0,0,0.028,-0.012,-0.999,0.2,-0.6,0
104.590850900004,0,0.04,18.6,0,0,0.028,-0.012,-0.999,0.2,-0.6,0
104.600850900004,0,0.04,18.6,0,0,0.028,-0.012,-0.998,0.3,-0.6,0
104.610850900004,0,0.04,18.6,0,0,0.028,-0.012,-0.998,0.3,-0.6,0
104.620850900004,0,0.04,18.6,0,0,0.028,-0.012,-0.998,0.3,-0.6,0
104.630850900004,0,0.04,18.6,0,0,0.028,-0.012,-0.998,0.3,-0.6,0
104.640850900004,0,0.04,18.6,0,0,0.028,-0.012,-0.998,0.3,-0.6,0
104.650850900004,0,0.03,18.6,0,0,0.027,-0.013,-1.007,0.3,-0.4,0
104.660850900004,0,0.03,18.6,0,0,0.027,-0.013,-1.007,0.3,-0.4,0
104.670850900004,0,0.03,18.6,0,0,0.027,-0.013,-1.007,0.3,-0.4,0
104.680850900004,0,0.03,18.6,0,0,0.027,-0.013,-1.007,0.3,-0.4,0
104.690850900004,0,0.03,18.6,0,0,0.027,-0.013,-1.007,0.3,-0.4,0
104.700850900004,0,0.03,18.6,0,0,0.029,-0.013,-1,0.4,-0.6,0
104.710850900004,0,0.03,18.6,0,0,0.029,-0.013,-1,0.4,-0.6,0
104.720850900004,0,0.03,18.6,0,0,0.029,-0.013,-1,0.4,-0.6,0
104.730850900004,0,0.03,18.6,0,0,0.029,-0.013,-1,0.4,-0.6,0
104.740850900004,0,0.03,18.6,0,0,0.029,-0.013,-1,0.4,-0.6,0
104.750850900004,0,0.03,18.6,0,0,0.027,-0.014,-1.011,0.1,-0.5,0
104.760850900004,0,0.03,18.6,0,0,0.027,-0.014,-1.011,0.1,-0.5,0
104.770850900004,0,0.03,18.6,0,0,0.027,-0.014,-1.011,0.1,-0.5,0
104.780850900004,0,0.03,18.6,0,0,0.027,-0.014,-1.011,0.1,-0.5,0
104.790850900004,0,0.03,18.6,0,0,0.027,-0.014,-1.011,0.1,-0.5,0
104.800850900004,0,0.03,18.5,0,0,0.028,-0.015,-1.007,0.3,-0.6,0
104.810850900004,0,0.03,18.5,0,0,0.028,-0.015,-1.007,0.3,-0.6,0
104.820850900004,0,0.03,18.5,0,0,0.028,-0.015,-1.007,0.3,-0.6,0
104.830850900004,0,0.03,18.5,0,0,0.028,-0.015,-1.007,0.3,-0.6,0
104.840850900004,0,0.03,18.5,0,0,0.028,-0.015,-1.007,0.3,-0.6,0
104.850850900004,0,0.02,18.6,0,0,0.028,-0.012,-0.998,0.2,-0.4,0
104.860850900004,0,0.02,18.6,0,0,0.028,-0.012,-0.998,0.2,-0.4,0
104.870850900004,0,0.02,18.6,0,0,0.028,-0.012,-0.998,0.2,-0.4,0
104.880850900004,0,0.02,18.6,0,0,0.028,-0.012,-0.998,0.2,-0.4,0
104.890850900004,0,0.02,18.6,0,0,0.028,-0.012,-0.998,0.2,-0.4,0
104.900850900004,0,0.03,18.6,0,0,0.028,-0.014,-0.999,0.4,-0.6,0
104.910850900004,0,0.03,18.6,0,0,0.028,-0.014,-0.999,0.4,-0.6,0
104.920850900004,0,0.03,18.6,0,0,0.028,-0.014,-0.999,0.4,-0.6,0
104.930850900004,0,0.03,18.6,0,0,0.028,-0.014,-0.999,0.4,-0.6,0
104.940850900004,0,0.03,18.6,0,0,0.028,-0.014,-0.999,0.4,-0.6,0
104.950850900004,0,0.02,18.6,0,0,0.028,-0.013,-1.004,0.3,-0.4,0
104.960850900004,0,0.02,18.6,0,0,0.028,-0.013,-1.004,0.3,-0.4,0
104.970850900004,0,0.02,18.6,0,0,0.028,-0.013,-1.004,0.3,-0.4,0
104.980850900004,0,0.02,18.6,0,0,0.028,-0.013,-1.004,0.3,-0.4,0
104.990850900004,0,0.02,18.6,0,0,0.028,-0.013,-1.004,0.3,-0.4,0
105.000850900004,0,0.03,18.5,0,0,0.029,-0.014,-1.002,0.3,-0.6,0
105.010850900004,0,0.03,18.5,0,0,0.029,-0.014,-1.002,0.3,-0.6,0
105.020850900004,0,0.03,18.5,0,0,0.029,-0.014,-1.002,0.3,-0.6,0
105.030850900004,0,0.03,18.5,0,0,0.029,-0.014,-1.002,0.3,-0.6,0
105.040850900004,0,0.03,18.5,0,0,0.029,-0.014,-1.002,0.3,-0.6,0
105.050850900004,0,0.02,18.6,0,0,0.027,-0.013,-1.001,0.2,-0.4,0
105.060850900004,0,0.02,18.6,0,0,0.027,-0.013,-1.001,0.2,-0.4,0
105.070850900004,0,0.02,18.6,0,0,0.027,-0.013,-1.001,0.2,-0.4,0
105.080850900004,0,0.02,18.6,0,0,0.027,-0.013,-1.001,0.2,-0.4,0
105.090850900004,0,0.02,18.6,0,0,0.027,-0.013,-1.001,0.2,-0.4,0
105.100850900004,0,0.02,18.5,0,0,0.03,-0.014,-1,0.3,-0.6,0
105.110850900004,0,0.02,18.5,0,0,0.03,-0.014,-1,0.3,-0.6,0
105.120850900004,0,0.02,18.5,0,0,0.03,-0.014,-1,0.3,-0.6,0
105.130850900004,0,0.02,18.5,0,0,0.03,-0.014,-1,0.3,-0.6,0
105.140850900004,0,0.02,18.5,0,0,0.03,-0.014,-1,0.3,-0.6,0
105.150850900004,0,0.03,18.6,0,0,0.029,-0.013,-1.004,0.2,-0.5,0
105.160850900004,0,0.03,18.6,0,0,0.029,-0.013,-1.004,0.2,-0.5,0
105.170850900004,0,0.03,18.6,0,0,0.029,-0.013,-1.004,0.2,-0.5,0
105.180850900004,0,0.03,18.6,0,0,0.029,-0.013,-1.004,0.2,-0.5,0
105.190850900004,0,0.03,18.6,0,0,0.029,-0.013,-1.004,0.2,-0.5,0
105.200850900004,0,0.02,18.6,0,0,0.029,-0.014,-0.999,0.3,-0.4,0
105.210850900004,0,0.02,18.6,0,0,0.029,-0.014,-0.999,0.3,-0.4,0
105.220850900004,0,0.02,18.6,0,0,0.029,-0.014,-0.999,0.3,-0.4,0
105.230850900004,0,0.02,18.6,0,0,0.029,-0.014,-0.999,0.3,-0.4,0
105.240850900004,0,0.02,18.6,0,0,0.029,-0.014,-0.999,0.3,-0.4,0
105.250850900004,0,0.03,18.5,0,0,0.028,-0.014,-1.005,0.2,-0.5,0
105.260850900004,0,0.03,18.5,0,0,0.028,-0.014,-1.005,0.2,-0.5,0
105.270850900004,0,0.03,18.5,0,0,0.028,-0.014,-1.005,0.2,-0.5,0
105.280850900004,0,0.03,18.5,0,0,0.028,-0.014,-1.005,0.2,-0.5,0
105.290850900004,0,0.03,18.5,0,0,0.028,-0.014,-1.005,0.2,-0.5,0
105.300850900004,0,0.03,18.5,0,0,0.029,-0.014,-1,0.3,-0.5,0
105.310850900004,0,0.03,18.5,0,0,0.029,-0.014,-1,0.3,-0.5,0
105.320850900004,0,0.03,18.5,0,0,0.029,-0.014,-1,0.3,-0.5,0
105.330850900004,0,0.03,18.5,0,0,0.029,-0.014,-1,0.3,-0.5,0
105.340850900004,0,0.03,18.5,0,0,0.029,-0.014,-1,0.3,-0.5,0
105.350850900004,0,0.04,18.6,0,0,0.028,-0.013,-1.002,0.3,-0.6,0
105.360850900004,0,0.04,18.6,0,0,0.028,-0.013,-1.002,0.3,-0.6,0
105.370850900004,0,0.04,18.6,0,0,0.028,-0.013,-1.002,0.3,-0.6,0
105.380850900004,0,0.04,18.6,0,0,0.028,-0.013,-1.002,0.3,-0.6,0
105.390850900004,0,0.04,18.6,0,0,0.028,-0.013,-1.002,0.3,-0.6,0
105.400850900004,0,0.04,18.6,0,0,0.028,-0.013,-0.998,0.3,-0.5,0
105.410850900004,0,0.04,18.6,0,0,0.028,-0.013,-0.998,0.3,-0.5,0
105.420850900004,0,0.04,18.6,0,0,0.028,-0.013,-0.998,0.3,-0.5,0
105.430850900004,0,0.04,18.6,0,0,0.028,-0.013,-0.998,0.3,-0.5,0
105.440850900004,0,0.04,18.6,0,0,0.028,-0.013,-0.998,0.3,-0.5,0
105.450850900004,0,0.03,18.6,0,0,0.027,-0.013,-1.003,0.2,-0.5,0.1
105.460850900004,0,0.03,18.6,0,0,0.027,-0.013,-1.003,0.2,-0.5,0.1
105.470850900004,0,0.03,18.6,0,0,0.027,-0.013,-1.003,0.2,-0.5,0.1
105.480850900004,0,0.03,18.6,0,0,0.027,-0.013,-1.003,0.2,-0.5,0.1
105.490850900004,0,0.03,18.6,0,0,0.027,-0.013,-1.003,0.2,-0.5,0.1
105.500850900004,0,0.03,18.5,0,0,0.028,-0.013,-1.001,0.3,-0.5,0
105.510850900004,0,0.03,18.5,0,0,0.028,-0.013,-1.001,0.3,-0.5,0
105.520850900004,0,0.03,18.5,0,0,0.028,-0.013,-1.001,0.3,-0.5,0
105.530850900004,0,0.03,18.5,0,0,0.028,-0.013,-1.001,0.3,-0.5,0
105.540850900004,0,0.03,18.5,0,0,0.028,-0.013,-1.001,0.3,-0.5,0
105.550850900004,0,0.04,18.6,0,0,0.028,-0.014,-1.001,0.3,-0.6,0
105.560850900004,0,0.04,18.6,0,0,0.028,-0.014,-1.001,0.3,-0.6,0
105.570850900004,0,0.04,18.6,0,0,0.028,-0.014,-1.001,0.3,-0.6,0
105.580850900004,0,0.04,18.6,0,0,0.028,-0.014,-1.001,0.3,-0.6,0
105.590850900004,0,0.04,18.6,0,0,0.028,-0.014,-1.001,0.3,-0.6,0
105.600850900004,0,0.03,18.6,0,0,0.029,-0.012,-1.002,0.3,-0.6,0
105.610850900004,0,0.03,18.6,0,0,0.029,-0.012,-1.002,0.3,-0.6,0
105.620850900004,0,0.03,18.6,0,0,0.029,-0.012,-1.002,0.3,-0.6,0
105.630850900004,0,0.03,18.6,0,0,0.029,-0.012,-1.002,0.3,-0.6,0
105.640850900004,0,0.03,18.6,0,0,0.029,-0.012,-1.002,0.3,-0.6,0
105.650850900004,0,0.04,18.5,0,0,0.029,-0.013,-0.997,0.3,-0.5,0
105.660850900004,0,0.04,18.5,0,0,0.029,-0.013,-0.997,0.3,-0.5,0
105.670850900004,0,0.04,18.5,0,0,0.029,-0.013,-0.997,0.3,-0.5,0
105.680850900004,0,0.04,18.5,0,0,0.029,-0.013,-0.997,0.3,-0.5,0
105.690850900004,0,0.04,18.5,0,0,0.029,-0.013,-0.997,0.3,-0.5,0
105.700850900004,0,0.04,18.6,0,0,0.028,-0.013,-0.999,0.2,-0.4,0
105.710850900004,0,0.04,18.6,0,0,0.028,-0.013,-0.999,0.2,-0.4,0
105.720850900004,0,0.04,18.6,0,0,0.028,-0.013,-0.999,0.2,-0.4,0
105.730850900004,0,0.04,18.6,0,0,0.028,-0.013,-0.999,0.2,-0.4,0
105.740850900004,0,0.04,18.6,0,0,0.028,-0.013,-0.999,0.2,-0.4,0
105.750850900004,0,0.03,18.6,0,0,0.028,-0.014,-1.004,0.2,-0.6,0
105.760850900004,0,0.03,18.6,0,0,0.028,-0.014,-1.004,0.2,-0.6,0
105.770850900004,0,0.03,18.6,0,0,0.028,-0.014,-1.004,0.2,-0.6,0
105.780850900004,0,0.03,18.6,0,0,0.028,-0.014,-1.004,0.2,-0.6,0
105.790850900004,0,0.03,18.6,0,0,0.028,-0.014,-1.004,0.2,-0.6,0
105.800850900004,0,0.04,18.6,0,0,0.029,-0.014,-0.997,0.3,-0.6,0
105.810850900004,0,0.04,18.6,0,0,0.029,-0.014,-0.997,0.3,-0.6,0
105.820850900004,0,0.04,18.6,0,0,0.029,-0.014,-0.997,0.3,-0.6,0
105.830850900004,0,0.04,18.6,0,0,0.029,-0.014,-0.997,0.3,-0.6,0
105.840850900004,0,0.04,18.6,0,0,0.029,-0.014,-0.997,0.3,-0.6,0
105.850850900004,0,0.03,18.5,0,0,0.029,-0.012,-0.996,0.3,-0.5,0
105.860850900004,0,0.03,18.5,0,0,0.029,-0.012,-0.996,0.3,-0.5,0
105.870850900004,0,0.03,18.5,0,0,0.029,-0.012,-0.996,0.3,-0.5,0
105.880850900004,0,0.03,18.5,0,0,0.029,-0.012,-0.996,0.3,-0.5,0
105.890850900004,0,0.03,18.5,0,0,0.029,-0.012,-0.996,0.3,-0.5,0
105.900850900004,0,0.03,18.6,0,0,0.029,-0.013,-0.999,0.3,-0.6,0
105.910850900004,0,0.03,18.6,0,0,0.029,-0.013,-0.999,0.3,-0.6,0
105.920850900004,0,0.03,18.6,0,0,0.029,-0.013,-0.999,0.3,-0.6,0
105.930850900004,0,0.03,18.6,0,0,0.029,-0.013,-0.999,0.3,-0.6,0
105.940850900004,0,0.03,18.6,0,0,0.029,-0.013,-0.999,0.3,-0.6,0
105.950850900004,0,0.04,18.6,0,0,0.028,-0.013,-1.001,0.1,-0.5,0
105.960850900005,0,0.04,18.6,0,0,0.028,-0.013,-1.001,0.1,-0.5,0
105.970850900004,0,0.04,18.6,0,0,0.028,-0.013,-1.001,0.1,-0.5,0
105.980850900004,0,0.04,18.6,0,0,0.028,-0.013,-1.001,0.1,-0.5,0
105.990850900005,0,0.04,18.6,0,0,0.028,-0.013,-1.001,0.1,-0.5,0
106.000850900005,0,0.02,18.6,0,0,0.029,-0.014,-1.001,0.3,-0.6,0
106.010850900005,0,0.02,18.6,0,0,0.029,-0.014,-1.001,0.3,-0.6,0
106.020850900005,0,0.02,18.6,0,0,0.029,-0.014,-1.001,0.3,-0.6,0
106.030850900005,0,0.02,18.6,0,0,0.029,-0.014,-1.001,0.3,-0.6,0
106.040850900005,0,0.02,18.6,0,0,0.029,-0.014,-1.001,0.3,-0.6,0
106.050850900005,0,0.03,18.5,0,0,0.028,-0.014,-1.001,0.2,-0.5,0
106.060850900005,0,0.03,18.5,0,0,0.028,-0.014,-1.001,0.2,-0.5,0
106.070850900005,0,0.03,18.5,0,0,0.028,-0.014,-1.001,0.2,-0.5,0
106.080850900005,0,0.03,18.5,0,0,0.028,-0.014,-1.001,0.2,-0.5,0
106.090850900005,0,0.03,18.5,0,0,0.028,-0.014,-1.001,0.2,-0.5,0
106.100850900005,0,0.02,18.6,0,0,0.029,-0.013,-1.001,0.2,-0.6,0
106.110850900005,0,0.02,18.6,0,0,0.029,-0.013,-1.001,0.2,-0.6,0
106.120850900005,0,0.02,18.6,0,0,0.029,-0.013,-1.001,0.2,-0.6,0
106.130850900005,0,0.02,18.6,0,0,0.029,-0.013,-1.001,0.2,-0.6,0
106.140850900005,0,0.02,18.6,0,0,0.029,-0.013,-1.001,0.2,-0.6,0
106.150850900005,0,0.03,18.6,0,0,0.028,-0.014,-1,0.3,-0.5,0
106.160850900005,0,0.03,18.6,0,0,0.028,-0.014,-1,0.3,-0.5,0
106.170850900005,0,0.03,18.6,0,0,0.028,-0.014,-1,0.3,-0.5,0
106.180850900005,0,0.03,18.6,0,0,0.028,-0.014,-1,0.3,-0.5,0
106.190850900005,0,0.03,18.6,0,0,0.028,-0.014,-1,0.3,-0.5,0
106.200850900005,0,0.02,18.6,0,0,0.029,-0.014,-0.999,0.4,-0.5,0
106.210850900005,0,0.02,18.6,0,0,0.029,-0.014,-0.999,0.4,-0.5,0
106.220850900005,0,0.02,18.6,0,0,0.029,-0.014,-0.999,0.4,-0.5,0
106.230850900005,0,0.02,18.6,0,0,0.029,-0.014,-0.999,0.4,-0.5,0
106.240850900005,0,0.02,18.6,0,0,0.029,-0.014,-0.999,0.4,-0.5,0
106.250850900005,0,0.04,18.6,0,0,0.029,-0.013,-0.996,0.3,-0.5,0
106.260850900005,0,0.04,18.6,0,0,0.029,-0.013,-0.996,0.3,-0.5,0
106.270850900005,0,0.04,18.6,0,0,0.029,-0.013,-0.996,0.3,-0.5,0
106.280850900005,0,0.04,18.6,0,0,0.029,-0.013,-0.996,0.3,-0.5,0
106.290850900005,0,0.04,18.6,0,0,0.029,-0.013,-0.996,0.3,-0.5,0
106.300850900005,0,0.03,18.5,0,0,0.027,-0.013,-1.004,0.3,-0.5,0
106.310850900005,0,0.03,18.5,0,0,0.027,-0.013,-1.004,0.3,-0.5,0
106.320850900005,0,0.03,18.5,0,0,0.027,-0.013,-1.004,0.3,-0.5,0
106.330850900005,0,0.03,18.5,0,0,0.027,-0.013,-1.004,0.3,-0.5,0
106.340850900005,0,0.03,18.5,0,0,0.027,-0.013,-1.004,0.3,-0.5,0
106.350850900005,0,0.04,18.6,0,0,0.029,-0.013,-0.998,0.3,-0.5,0
106.360850900005,0,0.04,18.6,0,0,0.029,-0.013,-0.998,0.3,-0.5,0
106.370850900005,0,0.04,18.6,0,0,0.029,-0.013,-0.998,0.3,-0.5,0
106.380850900005,0,0.04,18.6,0,0,0.029,-0.013,-0.998,0.3,-0.5,0
106.390850900005,0,0.04,18.6,0,0,0.029,-0.013,-0.998,0.3,-0.5,0
106.400850900005,0,0.03,18.6,0,0,0.029,-0.014,-1.001,0.3,-0.6,0
106.410850900005,0,0.03,18.6,0,0,0.029,-0.014,-1.001,0.3,-0.6,0
106.420850900005,0,0.03,18.6,0,0,0.029,-0.014,-1.001,0.3,-0.6,0
106.430850900005,0,0.03,18.6,0,0,0.029,-0.014,-1.001,0.3,-0.6,0
106.440850900005,0,0.03,18.6,0,0,0.029,-0.014,-1.001,0.3,-0.6,0
106.450850900005,0,0.03,18.6,0,0,0.029,-0.013,-1.004,0.3,-0.5,0
106.460850900005,0,0.03,18.6,0,0,0.029,-0.013,-1.004,0.3,-0.5,0
106.470850900005,0,0.03,18.6,0,0,0.029,-0.013,-1.004,0.3,-0.5,0
106.480850900005,0,0.03,18.6,0,0,0.029,-0.013,-1.004,0.3,-0.5,0
106.490850900005,0,0.03,18.6,0,0,0.029,-0.013,-1.004,0.3,-0.5,0
106.500850900005,0,0.04,18.6,0,0,0.028,-0.014,-1.004,0.3,-0.5,0
106.510850900005,0,0.04,18.6,0,0,0.028,-0.014,-1.004,0.3,-0.5,0
106.520850900005,0,0.04,18.6,0,0,0.028,-0.014,-1.004,0.3,-0.5,0
106.530850900005,0,0.04,18.6,0,0,0.028,-0.014,-1.004,0.3,-0.5,0
106.540850900005,0,0.04,18.6,0,0,0.028,-0.014,-1.004,0.3,-0.5,0
106.550850900005,0,0.03,18.6,0,0,0.028,-0.013,-1.006,0.3,-0.5,0
106.560850900005,0,0.03,18.6,0,0,0.028,-0.013,-1.006,0.3,-0.5,0
106.570850900005,0,0.03,18.6,0,0,0.028,-0.013,-1.006,0.3,-0.5,0
106.580850900005,0,0.03,18.6,0,0,0.028,-0.013,-1.006,0.3,-0.5,0
106.590850900005,0,0.03,18.6,0,0,0.028,-0.013,-1.006,0.3,-0.5,0
106.600850900005,0,0.02,18.6,0,0,0.028,-0.013,-0.999,0.2,-0.4,0.1
106.610850900005,0,0.02,18.6,0,0,0.028,-0.013,-0.999,0.2,-0.4,0.1
106.620850900005,0,0.02,18.6,0,0,0.028,-0.013,-0.999,0.2,-0.4,0.1
106.630850900005,0,0.02,18.6,0,0,0.028,-0.013,-0.999,0.2,-0.4,0.1
106.640850900005,0,0.02,18.6,0,0,0.028,-0.013,-0.999,0.2,-0.4,0.1
106.650850900005,0,0.03,18.6,0,0,0.028,-0.012,-1.004,0.3,-0.6,0
106.660850900005,0,0.03,18.6,0,0,0.028,-0.012,-1.004,0.3,-0.6,0
106.670850900005,0,0.03,18.6,0,0,0.028,-0.012,-1.004,0.3,-0.6,0
106.680850900005,0,0.03,18.6,0,0,0.028,-0.012,-1.004,0.3,-0.6,0
106.690850900005,0,0.03,18.6,0,0,0.028,-0.012,-1.004,0.3,-0.6,0
106.700850900005,0,0.04,18.6,0,0,0.028,-0.014,-1,0.3,-0.6,0
106.710850900005,0,0.04,18.6,0,0,0.028,-0.014,-1,0.3,-0.6,0
106.720850900005,0,0.04,18.6,0,0,0.028,-0.014,-1,0.3,-0.6,0
106.730850900005,0,0.04,18.6,0,0,0.028,-0.014,-1,0.3,-0.6,0
106.740850900005,0,0.04,18.6,0,0,0.028,-0.014,-1,0.3,-0.6,0
106.750850900005,0,0.04,18.6,0,0,0.027,-0.014,-1.01,0.4,-0.6,0
106.760850900005,0,0.04,18.6,0,0,0.027,-0.014,-1.01,0.4,-0.6,0
106.770850900005,0,0.04,18.6,0,0,0.027,-0.014,-1.01,0.4,-0.6,0
106.780850900005,0,0.04,18.6,0,0,0.027,-0.014,-1.01,0.4,-0.6,0
106.790850900005,0,0.04,18.6,0,0,0.027,-0.014,-1.01,0.4,-0.6,0
106.800850900005,0,0.02,18.6,0,0,0.028,-0.013,-0.998,0.3,-0.6,0
106.810850900005,0,0.02,18.6,0,0,0.028,-0.013,-0.998,0.3,-0.6,0
106.820850900005,0,0.02,18.6,0,0,0.028,-0.013,-0.998,0.3,-0.6,0
106.830850900005,0,0.02,18.6,0,0,0.028,-0.013,-0.998,0.3,-0.6,0
106.840850900005,0,0.02,18.6,0,0,0.028,-0.013,-0.998,0.3,-0.6,0
106.850850900005,0,0.03,18.6,0,0,0.03,-0.013,-1,0.3,-0.5,0
106.860850900005,0,0.03,18.6,0,0,0.03,-0.013,-1,0.3,-0.5,0
106.870850900005,0,0.03,18.6,0,0,0.03,-0.013,-1,0.3,-0.5,0
106.880850900005,0,0.03,18.6,0,0,0.03,-0.013,-1,0.3,-0.5,0
106.890850900005,0,0.03,18.6,0,0,0.03,-0.013,-1,0.3,-0.5,0
106.900850900005,0,0.02,18.6,0,0,0.028,-0.012,-1.004,0.2,-0.6,0
106.910850900005,0,0.02,18.6,0,0,0.028,-0.012,-1.004,0.2,-0.6,0
106.920850900005,0,0.02,18.6,0,0,0.028,-0.012,-1.004,0.2,-0.6,0
106.930850900005,0,0.02,18.6,0,0,0.028,-0.012,-1.004,0.2,-0.6,0
106.940850900005,0,0.02,18.6,0,0,0.028,-0.012,-1.004,0.2,-0.6,0
106.950850900005,0,0.04,18.6,0,0,0.029,-0.013,-1,0.2,-0.4,0
106.960850900005,0,0.04,18.6,0,0,0.029,-0.013,-1,0.2,-0.4,0
106.970850900005,0,0.04,18.6,0,0,0.029,-0.013,-1,0.2,-0.4,0
106.980850900005,0,0.04,18.6,0,0,0.029,-0.013,-1,0.2,-0.4,0
106.990850900005,0,0.04,18.6,0,0,0.029,-0.013,-1,0.2,-0.4,0
107.000850900005,0,0.03,18.6,0,0,0.029,-0.015,-0.998,0.3,-0.6,0
107.010850900005,0,0.03,18.6,0,0,0.029,-0.015,-0.998,0.3,-0.6,0
107.020850900005,0,0.03,18.6,0,0,0.029,-0.015,-0.998,0.3,-0.6,0
107.030850900005,0,0.03,18.6,0,0,0.029,-0.015,-0.998,0.3,-0.6,0
107.040850900005,0,0.03,18.6,0,0,0.029,-0.015,-0.998,0.3,-0.6,0
107.050850900005,0,0.04,18.6,0,0,0.028,-0.013,-1.006,0.3,-0.6,0
107.060850900005,0,0.04,18.6,0,0,0.028,-0.013,-1.006,0.3,-0.6,0
107.070850900005,0,0.04,18.6,0,0,0.028,-0.013,-1.006,0.3,-0.6,0
107.080850900005,0,0.04,18.6,0,0,0.028,-0.013,-1.006,0.3,-0.6,0
107.090850900005,0,0.04,18.6,0,0,0.028,-0.013,-1.006,0.3,-0.6,0
107.100850900005,0,0.03,18.5,0,0,0.028,-0.014,-1.001,0.3,-0.6,0
107.110850900005,0,0.03,18.5,0,0,0.028,-0.014,-1.001,0.3,-0.6,0
107.120850900005,0,0.03,18.5,0,0,0.028,-0.014,-1.001,0.3,-0.6,0
107.130850900005,0,0.03,18.5,0,0,0.028,-0.014,-1.001,0.3,-0.6,0
107.140850900005,0,0.03,18.5,0,0,0.028,-0.014,-1.001,0.3,-0.6,0
107.150850900005,0,0.04,18.6,0,0,0.029,-0.012,-1.001,0.2,-0.5,0
107.160850900005,0,0.04,18.6,0,0,0.029,-0.012,-1.001,0.2,-0.5,0
107.170850900005,0,0.04,18.6,0,0,0.029,-0.012,-1.001,0.2,-0.5,0
107.180850900005,0,0.04,18.6,0,0,0.029,-0.012,-1.001,0.2,-0.5,0
107.190850900005,0,0.04,18.6,0,0,0.029,-0.012,-1.001,0.2,-0.5,0
107.200850900005,0,0.03,18.6,0,0,0.028,-0.013,-1.001,0.3,-0.6,0
107.210850900005,0,0.03,18.6,0,0,0.028,-0.013,-1.001,0.3,-0.6,0
107.220850900005,0,0.03,18.6,0,0,0.028,-0.013,-1.001,0.3,-0.6,0
107.230850900005,0,0.03,18.6,0,0,0.028,-0.013,-1.001,0.3,-0.6,0
107.240850900005,0,0.03,18.6,0,0,0.028,-0.013,-1.001,0.3,-0.6,0
107.250850900005,0,0.03,18.6,0,0,0.028,-0.013,-1.001,0.3,-0.4,0
107.260850900005,0,0.03,18.6,0,0,0.028,-0.013,-1.001,0.3,-0.4,0
107.270850900005,0,0.03,18.6,0,0,0.028,-0.013,-1.001,0.3,-0.4,0
107.280850900005,0,0.03,18.6,0,0,0.028,-0.013,-1.001,0.3,-0.4,0
107.290850900005,0,0.03,18.6,0,0,0.028,-0.013,-1.001,0.3,-0.4,0
107.300850900005,0,0.03,18.5,0,0,0.027,-0.013,-1.004,0.3,-0.5,0
107.310850900005,0,0.03,18.5,0,0,0.027,-0.013,-1.004,0.3,-0.5,0
107.320850900005,0,0.03,18.5,0,0,0.027,-0.013,-1.004,0.3,-0.5,0
107.330850900005,0,0.03,18.5,0,0,0.027,-0.013,-1.004,0.3,-0.5,0
107.340850900005,0,0.03,18.5,0,0,0.027,-0.013,-1.004,0.3,-0.5,0
107.350850900005,0,0.03,18.6,0,0,0.03,-0.013,-0.998,0.3,-0.4,0
107.360850900005,0,0.03,18.6,0,0,0.03,-0.013,-0.998,0.3,-0.4,0
107.370850900005,0,0.03,18.6,0,0,0.03,-0.013,-0.998,0.3,-0.4,0
107.380850900005,0,0.03,18.6,0,0,0.03,-0.013,-0.998,0.3,-0.4,0
107.390850900005,0,0.03,18.6,0,0,0.03,-0.013,-0.998,0.3,-0.4,0
107.400850900005,0,0.04,18.6,0,0,0.027,-0.015,-1.001,0.3,-0.6,0.1
107.410850900005,0,0.04,18.6,0,0,0.027,-0.015,-1.001,0.3,-0.6,0.1
107.420850900005,0,0.04,18.6,0,0,0.027,-0.015,-1.001,0.3,-0.6,0.1
107.430850900005,0,0.04,18.6,0,0,0.027,-0.015,-1.001,0.3,-0.6,0.1
107.440850900005,0,0.04,18.6,0,0,0.027,-0.015,-1.001,0.3,-0.6,0.1
107.450850900005,0,0.04,18.6,0,0,0.027,-0.013,-1.007,0.4,-0.6,0
107.460850900005,0,0.04,18.6,0,0,0.027,-0.013,-1.007,0.4,-0.6,0
107.470850900005,0,0.04,18.6,0,0,0.027,-0.013,-1.007,0.4,-0.6,0
107.480850900005,0,0.04,18.6,0,0,0.027,-0.013,-1.007,0.4,-0.6,0
107.490850900005,0,0.04,18.6,0,0,0.027,-0.013,-1.007,0.4,-0.6,0
107.500850900005,0,0.02,18.6,0,0,0.029,-0.012,-0.997,0.2,-0.5,0
107.510850900005,0,0.02,18.6,0,0,0.029,-0.012,-0.997,0.2,-0.5,0
107.520850900005,0,0.02,18.6,0,0,0.029,-0.012,-0.997,0.2,-0.5,0
107.530850900005,0,0.02,18.6,0,0,0.029,-0.012,-0.997,0.2,-0.5,0
107.540850900005,0,0.02,18.6,0,0,0.029,-0.012,-0.997,0.2,-0.5,0
107.550850900005,0,0.04,18.6,0,0,0.029,-0.015,-1.002,0.2,-0.5,0
107.560850900005,0,0.04,18.6,0,0,0.029,-0.015,-1.002,0.2,-0.5,0
107.570850900005,0,0.04,18.6,0,0,0.029,-0.015,-1.002,0.2,-0.5,0
107.580850900005,0,0.04,18.6,0,0,0.029,-0.015,-1.002,0.2,-0.5,0
107.590850900005,0,0.04,18.6,0,0,0.029,-0.015,-1.002,0.2,-0.5,0
107.600850900005,0,0.03,18.5,0,0,0.027,-0.012,-1.003,0.3,-0.5,0
107.610850900005,0,0.03,18.5,0,0,0.027,-0.012,-1.003,0.3,-0.5,0
107.620850900005,0,0.03,18.5,0,0,0.027,-0.012,-1.003,0.3,-0.5,0
107.630850900005,0,0.03,18.5,0,0,0.027,-0.012,-1.003,0.3,-0.5,0
107.640850900005,0,0.03,18.5,0,0,0.027,-0.012,-1.003,0.3,-0.5,0
107.650850900005,0,0.03,18.5,0,0,0.03,-0.014,-1.002,0.3,-0.5,0
107.660850900005,0,0.03,18.5,0,0,0.03,-0.014,-1.002,0.3,-0.5,0
107.670850900005,0,0.03,18.5,0,0,0.03,-0.014,-1.002,0.3,-0.5,0
107.680850900005,0,0.03,18.5,0,0,0.03,-0.014,-1.002,0.3,-0.5,0
107.690850900005,0,0.03,18.5,0,0,0.03,-0.014,-1.002,0.3,-0.5,0
107.700850900005,0,0.02,18.6,0,0,0.027,-0.012,-1.001,0.3,-0.6,0
107.710850900005,0,0.02,18.6,0,0,0.027,-0.012,-1.001,0.3,-0.6,0
107.720850900005,0,0.02,18.6,0,0,0.027,-0.012,-1.001,0.3,-0.6,0
107.730850900005,0,0.02,18.6,0,0,0.027,-0.012,-1.001,0.3,-0.6,0
107.740850900005,0,0.02,18.6,0,0,0.027,-0.012,-1.001,0.3,-0.6,0
107.750850900005,0,0.04,18.6,0,0,0.029,-0.014,-1,0.2,-0.5,0
107.760850900005,0,0.04,18.6,0,0,0.029,-0.014,-1,0.2,-0.5,0
107.770850900005,0,0.04,18.6,0,0,0.029,-0.014,-1,0.2,-0.5,0
107.780850900005,0,0.04,18.6,0,0,0.029,-0.014,-1,0.2,-0.5,0
107.790850900005,0,0.04,18.6,0,0,0.029,-0.014,-1,0.2,-0.5,0
107.800850900005,0,0.04,18.6,0,0,0.029,-0.014,-1.002,0.3,-0.5,0
107.810850900005,0,0.04,18.6,0,0,0.029,-0.014,-1.002,0.3,-0.5,0
107.820850900005,0,0.04,18.6,0,0,0.029,-0.014,-1.002,0.3,-0.5,0
107.830850900005,0,0.04,18.6,0,0,0.029,-0.014,-1.002,0.3,-0.5,0
107.840850900005,0,0.04,18.6,0,0,0.029,-0.014,-1.002,0.3,-0.5,0
107.850850900005,0,0.04,18.6,0,0,0.027,-0.014,-1.004,0.2,-0.6,0.1
107.860850900005,0,0.04,18.6,0,0,0.027,-0.014,-1.004,0.2,-0.6,0.1
107.870850900005,0,0.04,18.6,0,0,0.027,-0.014,-1.004,0.2,-0.6,0.1
107.880850900005,0,0.04,18.6,0,0,0.027,-0.014,-1.004,0.2,-0.6,0.1
107.890850900005,0,0.04,18.6,0,0,0.027,-0.014,-1.004,0.2,-0.6,0.1
107.900850900005,0,0.04,18.6,0,0,0.028,-0.012,-0.994,0.3,-0.6,0
107.910850900005,0,0.04,18.6,0,0,0.028,-0.012,-0.994,0.3,-0.6,0
107.920850900005,0,0.04,18.6,0,0,0.028,-0.012,-0.994,0.3,-0.6,0
107.930850900005,0,0.04,18.6,0,0,0.028,-0.012,-0.994,0.3,-0.6,0
107.940850900005,0,0.04,18.6,0,0,0.028,-0.012,-0.994,0.3,-0.6,0
107.950850900005,0,0.04,18.6,0,0,0.028,-0.014,-1.007,0.1,-0.6,0.1
107.960850900005,0,0.04,18.6,0,0,0.028,-0.014,-1.007,0.1,-0.6,0.1
107.970850900005,0,0.04,18.6,0,0,0.028,-0.014,-1.007,0.1,-0.6,0.1
107.980850900005,0,0.04,18.6,0,0,0.028,-0.014,-1.007,0.1,-0.6,0.1
107.990850900005,0,0.04,18.6,0,0,0.028,-0.014,-1.007,0.1,-0.6,0.1
108.000850900005,0,0.03,18.6,0,0,0.028,-0.012,-1.001,0.3,-0.6,0
108.010850900005,0,0.03,18.6,0,0,0.028,-0.012,-1.001,0.3,-0.6,0
108.020850900005,0,0.03,18.6,0,0,0.028,-0.012,-1.001,0.3,-0.6,0
108.030850900005,0,0.03,18.6,0,0,0.028,-0.012,-1.001,0.3,-0.6,0
108.040850900005,0,0.03,18.6,0,0,0.028,-0.012,-1.001,0.3,-0.6,0
108.050850900005,0,0.02,18.6,0,0,0.028,-0.014,-1.002,0.3,-0.6,0
108.060850900005,0,0.02,18.6,0,0,0.028,-0.014,-1.002,0.3,-0.6,0
108.070850900005,0,0.02,18.6,0,0,0.028,-0.014,-1.002,0.3,-0.6,0
108.080850900005,0,0.02,18.6,0,0,0.028,-0.014,-1.002,0.3,-0.6,0
108.090850900005,0,0.02,18.6,0,0,0.028,-0.014,-1.002,0.3,-0.6,0
108.100850900005,0,0.04,18.6,0,0,0.028,-0.012,-0.999,0.3,-0.4,0
108.110850900005,0,0.04,18.6,0,0,0.028,-0.012,-0.999,0.3,-0.4,0
108.120850900005,0,0.04,18.6,0,0,0.028,-0.012,-0.999,0.3,-0.4,0
108.130850900005,0,0.04,18.6,0,0,0.028,-0.012,-0.999,0.3,-0.4,0
108.140850900005,0,0.04,18.6,0,0,0.028,-0.012,-0.999,0.3,-0.4,0
108.150850900005,0,0.04,18.6,0,0,0.028,-0.014,-1.001,0.2,-0.6,0
108.160850900005,0,0.04,18.6,0,0,0.028,-0.014,-1.001,0.2,-0.6,0
108.170850900005,0,0.04,18.6,0,0,0.028,-0.014,-1.001,0.2,-0.6,0
108.180850900005,0,0.04,18.6,0,0,0.028,-0.014,-1.001,0.2,-0.6,0
108.190850900005,0,0.04,18.6,0,0,0.028,-0.014,-1.001,0.2,-0.6,0
108.200850900005,0,0.03,18.6,0,0,0.029,-0.013,-0.999,0.3,-0.5,0
108.210850900005,0,0.03,18.6,0,0,0.029,-0.013,-0.999,0.3,-0.5,0
108.220850900005,0,0.03,18.6,0,0,0.029,-0.013,-0.999,0.3,-0.5,0
108.230850900005,0,0.03,18.6,0,0,0.029,-0.013,-0.999,0.3,-0.5,0
108.240850900005,0,0.03,18.6,0,0,0.029,-0.013,-0.999,0.3,-0.5,0
108.250850900005,0,0.04,18.6,0,0,0.029,-0.013,-0.999,0.3,-0.5,0
108.260850900005,0,0.04,18.6,0,0,0.029,-0.013,-0.999,0.3,-0.5,0
108.270850900005,0,0.04,18.6,0,0,0.029,-0.013,-0.999,0.3,-0.5,0
108.280850900005,0,0.04,18.6,0,0,0.029,-0.013,-0.999,0.3,-0.5,0
108.290850900005,0,0.04,18.6,0,0,0.029,-0.013,-0.999,0.3,-0.5,0
108.300850900005,0,0.03,18.6,0,0,0.028,-0.013,-1.004,0.3,-0.5,0
108.310850900005,0,0.03,18.6,0,0,0.028,-0.013,-1.004,0.3,-0.5,0
108.320850900005,0,0.03,18.6,0,0,0.028,-0.013,-1.004,0.3,-0.5,0
108.330850900005,0,0.03,18.6,0,0,0.028,-0.013,-1.004,0.3,-0.5,0
108.340850900005,0,0.03,18.6,0,0,0.028,-0.013,-1.004,0.3,-0.5,0
108.350850900005,0,0.03,18.6,0,0,0.029,-0.014,-1.002,0.3,-0.6,0
108.360850900005,0,0.03,18.6,0,0,0.029,-0.014,-1.002,0.3,-0.6,0
108.370850900005,0,0.03,18.6,0,0,0.029,-0.014,-1.002,0.3,-0.6,0
108.380850900005,0,0.03,18.6,0,0,0.029,-0.014,-1.002,0.3,-0.6,0
108.390850900005,0,0.03,18.6,0,0,0.029,-0.014,-1.002,0.3,-0.6,0
108.400850900005,0,0.02,18.6,0,0,0.027,-0.013,-1.004,0.3,-0.5,0
108.410850900005,0,0.02,18.6,0,0,0.027,-0.013,-1.004,0.3,-0.5,0
108.420850900005,0,0.02,18.6,0,0,0.027,-0.013,-1.004,0.3,-0.5,0
108.430850900005,0,0.02,18.6,0,0,0.027,-0.013,-1.004,0.3,-0.5,0
108.440850900005,0,0.02,18.6,0,0,0.027,-0.013,-1.004,0.3,-0.5,0
108.450850900005,0,0.03,18.6,0,0,0.029,-0.014,-0.999,0.3,-0.6,0
108.460850900005,0,0.03,18.6,0,0,0.029,-0.014,-0.999,0.3,-0.6,0
108.470850900005,0,0.03,18.6,0,0,0.029,-0.014,-0.999,0.3,-0.6,0
108.480850900005,0,0.03,18.6,0,0,0.029,-0.014,-0.999,0.3,-0.6,0
108.490850900005,0,0.03,18.6,0,0,0.029,-0.014,-0.999,0.3,-0.6,0
108.500850900005,0,0.04,18.6,0,0,0.027,-0.014,-1.001,0.3,-0.5,0
108.510850900005,0,0.04,18.6,0,0,0.027,-0.014,-1.001,0.3,-0.5,0
108.520850900005,0,0.04,18.6,0,0,0.027,-0.014,-1.001,0.3,-0.5,0
108.530850900005,0,0.04,18.6,0,0,0.027,-0.014,-1.001,0.3,-0.5,0
108.540850900005,0,0.04,18.6,0,0,0.027,-0.014,-1.001,0.3,-0.5,0
108.550850900005,0,0.03,18.6,0,0,0.028,-0.013,-0.999,0.3,-0.6,0
108.560850900005,0,0.03,18.6,0,0,0.028,-0.013,-0.999,0.3,-0.6,0
108.570850900005,0,0.03,18.6,0,0,0.028,-0.013,-0.999,0.3,-0.6,0
108.580850900005,0,0.03,18.6,0,0,0.028,-0.013,-0.999,0.3,-0.6,0
108.590850900005,0,0.03,18.6,0,0,0.028,-0.013,-0.999,0.3,-0.6,0
108.600850900005,0,0.04,18.6,0,0,0.029,-0.014,-1,0.3,-0.5,0
108.610850900005,0,0.04,18.6,0,0,0.029,-0.014,-1,0.3,-0.5,0
108.620850900005,0,0.04,18.6,0,0,0.029,-0.014,-1,0.3,-0.5,0
108.630850900005,0,0.04,18.6,0,0,0.029,-0.014,-1,0.3,-0.5,0
108.640850900005,0,0.04,18.6,0,0,0.029,-0.014,-1,0.3,-0.5,0
108.650850900005,0,0.03,18.6,0,0,0.028,-0.014,-1.003,0.2,-0.5,0
108.660850900005,0,0.03,18.6,0,0,0.028,-0.014,-1.003,0.2,-0.5,0
108.670850900005,0,0.03,18.6,0,0,0.028,-0.014,-1.003,0.2,-0.5,0
108.680850900005,0,0.03,18.6,0,0,0.028,-0.014,-1.003,0.2,-0.5,0
108.690850900005,0,0.03,18.6,0,0,0.028,-0.014,-1.003,0.2,-0.5,0
108.700850900005,0,0.02,18.6,0,0,0.029,-0.013,-1.002,0.3,-0.5,0
108.710850900005,0,0.02,18.6,0,0,0.029,-0.013,-1.002,0.3,-0.5,0
108.720850900005,0,0.02,18.6,0,0,0.029,-0.013,-1.002,0.3,-0.5,0
108.730850900005,0,0.02,18.6,0,0,0.029,-0.013,-1.002,0.3,-0.5,0
108.740850900005,0,0.02,18.6,0,0,0.029,-0.013,-1.002,0.3,-0.5,0
108.750850900005,0,0.03,18.5,0,0,0.028,-0.013,-1.001,0.2,-0.5,0
108.760850900005,0,0.03,18.5,0,0,0.028,-0.013,-1.001,0.2,-0.5,0
108.770850900005,0,0.03,18.5,0,0,0.028,-0.013,-1.001,0.2,-0.5,0
108.780850900005,0,0.03,18.5,0,0,0.028,-0.013,-1.001,0.2,-0.5,0
108.790850900005,0,0.03,18.5,0,0,0.028,-0.013,-1.001,0.2,-0.5,0
108.800850900005,0,0.03,18.6,0,0,0.028,-0.013,-1.003,0.2,-0.6,0
108.810850900005,0,0.03,18.6,0,0,0.028,-0.013,-1.003,0.2,-0.6,0
108.820850900005,0,0.03,18.6,0,0,0.028,-0.013,-1.003,0.2,-0.6,0
108.830850900005,0,0.03,18.6,0,0,0.028,-0.013,-1.003,0.2,-0.6,0
108.840850900005,0,0.03,18.6,0,0,0.028,-0.013,-1.003,0.2,-0.6,0
108.850850900005,0,0.04,18.6,0,0,0.029,-0.014,-1.004,0.2,-0.5,0
108.860850900005,0,0.04,18.6,0,0,0.029,-0.014,-1.004,0.2,-0.5,0
108.870850900005,0,0.04,18.6,0,0,0.029,-0.014,-1.004,0.2,-0.5,0
108.880850900005,0,0.04,18.6,0,0,0.029,-0.014,-1.004,0.2,-0.5,0
108.890850900005,0,0.04,18.6,0,0,0.029,-0.014,-1.004,0.2,-0.5,0
108.900850900005,0,0.02,18.6,0,0,0.027,-0.012,-1,0.2,-0.6,0
108.910850900005,0,0.02,18.6,0,0,0.027,-0.012,-1,0.2,-0.6,0
108.920850900005,0,0.02,18.6,0,0,0.027,-0.012,-1,0.2,-0.6,0
108.930850900005,0,0.02,18.6,0,0,0.027,-0.012,-1,0.2,-0.6,0
108.940850900005,0,0.02,18.6,0,0,0.027,-0.012,-1,0.2,-0.6,0
108.950850900005,0,0.02,18.6,0,0,0.029,-0.015,-1.002,0.3,-0.5,0
108.960850900005,0,0.02,18.6,0,0,0.029,-0.015,-1.002,0.3,-0.5,0
108.970850900005,0,0.02,18.6,0,0,0.029,-0.015,-1.002,0.3,-0.5,0
108.980850900005,0,0.02,18.6,0,0,0.029,-0.015,-1.002,0.3,-0.5,0
108.990850900005,0,0.02,18.6,0,0,0.029,-0.015,-1.002,0.3,-0.5,0
109.000850900005,0,0.03,18.5,0,0,0.028,-0.011,-0.999,0.3,-0.5,0
109.010850900005,0,0.03,18.5,0,0,0.028,-0.011,-0.999,0.3,-0.5,0
109.020850900005,0,0.03,18.5,0,0,0.028,-0.011,-0.999,0.3,-0.5,0
109.030850900005,0,0.03,18.5,0,0,0.028,-0.011,-0.999,0.3,-0.5,0
109.040850900005,0,0.03,18.5,0,0,0.028,-0.011,-0.999,0.3,-0.5,0
109.050850900005,0,0.02,18.6,0,0,0.028,-0.013,-1.001,0.3,-0.6,0
109.060850900005,0,0.02,18.6,0,0,0.028,-0.013,-1.001,0.3,-0.6,0
109.070850900005,0,0.02,18.6,0,0,0.028,-0.013,-1.001,0.3,-0.6,0
109.080850900005,0,0.02,18.6,0,0,0.028,-0.013,-1.001,0.3,-0.6,0
109.090850900005,0,0.02,18.6,0,0,0.028,-0.013,-1.001,0.3,-0.6,0
109.100850900005,0,0.04,18.6,0,0,0.028,-0.015,-1.003,0.2,-0.5,0
109.110850900005,0,0.04,18.6,0,0,0.028,-0.015,-1.003,0.2,-0.5,0
109.120850900005,0,0.04,18.6,0,0,0.028,-0.015,-1.003,0.2,-0.5,0
109.130850900005,0,0.04,18.6,0,0,0.028,-0.015,-1.003,0.2,-0.5,0
109.140850900005,0,0.04,18.6,0,0,0.028,-0.015,-1.003,0.2,-0.5,0
109.150850900005,0,0.03,18.5,0,0,0.028,-0.012,-1.002,0.3,-0.6,0
109.160850900005,0,0.03,18.5,0,0,0.028,-0.012,-1.002,0.3,-0.6,0
109.170850900005,0,0.03,18.5,0,0,0.028,-0.012,-1.002,0.3,-0.6,0
109.180850900005,0,0.03,18.5,0,0,0.028,-0.012,-1.002,0.3,-0.6,0
109.190850900005,0,0.03,18.5,0,0,0.028,-0.012,-1.002,0.3,-0.6,0
109.200850900005,0,0.03,18.6,0,0,0.028,-0.013,-1.001,0.3,-0.4,0
109.210850900005,0,0.03,18.6,0,0,0.028,-0.013,-1.001,0.3,-0.4,0
109.220850900005,0,0.03,18.6,0,0,0.028,-0.013,-1.001,0.3,-0.4,0
109.230850900005,0,0.03,18.6,0,0,0.028,-0.013,-1.001,0.3,-0.4,0
109.240850900005,0,0.03,18.6,0,0,0.028,-0.013,-1.001,0.3,-0.4,0
109.250850900005,0,0.02,18.6,0,0,0.028,-0.012,-1.001,0.3,-0.5,0
109.260850900005,0,0.02,18.6,0,0,0.028,-0.012,-1.001,0.3,-0.5,0
109.270850900005,0,0.02,18.6,0,0,0.028,-0.012,-1.001,0.3,-0.5,0
109.280850900005,0,0.02,18.6,0,0,0.028,-0.012,-1.001,0.3,-0.5,0
109.290850900005,0,0.02,18.6,0,0,0.028,-0.012,-1.001,0.3,-0.5,0
109.300850900005,0,0.03,18.6,0,0,0.028,-0.013,-1.004,0.3,-0.5,0.1
109.310850900005,0,0.03,18.6,0,0,0.028,-0.013,-1.004,0.3,-0.5,0.1
109.320850900005,0,0.03,18.6,0,0,0.028,-0.013,-1.004,0.3,-0.5,0.1
109.330850900005,0,0.03,18.6,0,0,0.028,-0.013,-1.004,0.3,-0.5,0.1
109.340850900005,0,0.03,18.6,0,0,0.028,-0.013,-1.004,0.3,-0.5,0.1
109.350850900005,0,0.03,18.5,0,0,0.029,-0.014,-1.002,0.2,-0.5,0
109.360850900005,0,0.03,18.5,0,0,0.029,-0.014,-1.002,0.2,-0.5,0
109.370850900005,0,0.03,18.5,0,0,0.029,-0.014,-1.002,0.2,-0.5,0
109.380850900005,0,0.03,18.5,0,0,0.029,-0.014,-1.002,0.2,-0.5,0
109.390850900005,0,0.03,18.5,0,0,0.029,-0.014,-1.002,0.2,-0.5,0
109.400850900005,0,0.04,18.6,0,0,0.027,-0.012,-1.001,0.3,-0.6,0
109.410850900005,0,0.04,18.6,0,0,0.027,-0.012,-1.001,0.3,-0.6,0
109.420850900005,0,0.04,18.6,0,0,0.027,-0.012,-1.001,0.3,-0.6,0
109.430850900005,0,0.04,18.6,0,0,0.027,-0.012,-1.001,0.3,-0.6,0
109.440850900005,0,0.04,18.6,0,0,0.027,-0.012,-1.001,0.3,-0.6,0
109.450850900005,0,0.04,18.6,0,0,0.028,-0.013,-1,0.3,-0.4,0
109.460850900005,0,0.04,18.6,0,0,0.028,-0.013,-1,0.3,-0.4,0
109.470850900005,0,0.04,18.6,0,0,0.028,-0.013,-1,0.3,-0.4,0
109.480850900005,0,0.04,18.6,0,0,0.028,-0.013,-1,0.3,-0.4,0
109.490850900005,0,0.04,18.6,0,0,0.028,-0.013,-1,0.3,-0.4,0
109.500850900005,0,0.03,18.5,0,0,0.028,-0.013,-1.001,0.2,-0.5,0
109.510850900005,0,0.03,18.5,0,0,0.028,-0.013,-1.001,0.2,-0.5,0
109.520850900005,0,0.03,18.5,0,0,0.028,-0.013,-1.001,0.2,-0.5,0
109.530850900005,0,0.03,18.5,0,0,0.028,-0.013,-1.001,0.2,-0.5,0
109.540850900005,0,0.03,18.5,0,0,0.028,-0.013,-1.001,0.2,-0.5,0
109.550850900005,0,0.03,18.6,0,0,0.028,-0.012,-1.002,0.3,-0.6,0
109.560850900005,0,0.03,18.6,0,0,0.028,-0.012,-1.002,0.3,-0.6,0
109.570850900005,0,0.03,18.6,0,0,0.028,-0.012,-1.002,0.3,-0.6,0
109.580850900005,0,0.03,18.6,0,0,0.028,-0.012,-1.002,0.3,-0.6,0
109.590850900005,0,0.03,18.6,0,0,0.028,-0.012,-1.002,0.3,-0.6,0
109.600850900005,0,0.04,18.6,0,0,0.029,-0.013,-0.999,0.2,-0.6,0
109.610850900005,0,0.04,18.6,0,0,0.029,-0.013,-0.999,0.2,-0.6,0
109.620850900005,0,0.04,18.6,0,0,0.029,-0.013,-0.999,0.2,-0.6,0
109.630850900005,0,0.04,18.6,0,0,0.029,-0.013,-0.999,0.2,-0.6,0
109.640850900005,0,0.04,18.6,0,0,0.029,-0.013,-0.999,0.2,-0.6,0
109.650850900005,0,0.04,18.6,0,0,0.027,-0.013,-1.002,0.2,-0.6,0
109.660850900005,0,0.04,18.6,0,0,0.027,-0.013,-1.002,0.2,-0.6,0
109.670850900005,0,0.04,18.6,0,0,0.027,-0.013,-1.002,0.2,-0.6,0
109.680850900005,0,0.04,18.6,0,0,0.027,-0.013,-1.002,0.2,-0.6,0
109.690850900005,0,0.04,18.6,0,0,0.027,-0.013,-1.002,0.2,-0.6,0
109.700850900005,0,0.04,18.6,0,0,0.029,-0.013,-1.002,0.3,-0.6,0
109.710850900005,0,0.04,18.6,0,0,0.029,-0.013,-1.002,0.3,-0.6,0
109.720850900005,0,0.04,18.6,0,0,0.029,-0.013,-1.002,0.3,-0.6,0
109.730850900005,0,0.04,18.6,0,0,0.029,-0.013,-1.002,0.3,-0.6,0
109.740850900005,0,0.04,18.6,0,0,0.029,-0.013,-1.002,0.3,-0.6,0
109.750850900005,0,0.04,18.6,0,0,0.029,-0.012,-1.001,0.3,-0.5,0
109.760850900005,0,0.04,18.6,0,0,0.029,-0.012,-1.001,0.3,-0.5,0
109.770850900005,0,0.04,18.6,0,0,0.029,-0.012,-1.001,0.3,-0.5,0
109.780850900005,0,0.04,18.6,0,0,0.029,-0.012,-1.001,0.3,-0.5,0
109.790850900005,0,0.04,18.6,0,0,0.029,-0.012,-1.001,0.3,-0.5,0
109.800850900005,0,0.03,18.6,0,0,0.028,-0.014,-1,0.2,-0.6,0
109.810850900005,0,0.03,18.6,0,0,0.028,-0.014,-1,0.2,-0.6,0
109.820850900005,0,0.03,18.6,0,0,0.028,-0.014,-1,0.2,-0.6,0
109.830850900005,0,0.03,18.6,0,0,0.028,-0.014,-1,0.2,-0.6,0
109.840850900005,0,0.03,18.6,0,0,0.028,-0.014,-1,0.2,-0.6,0
109.850850900005,0,0.04,18.6,0,0,0.028,-0.014,-1.003,0.2,-0.6,0
109.860850900005,0,0.04,18.6,0,0,0.028,-0.014,-1.003,0.2,-0.6,0
109.870850900005,0,0.04,18.6,0,0,0.028,-0.014,-1.003,0.2,-0.6,0
109.880850900005,0,0.04,18.6,0,0,0.028,-0.014,-1.003,0.2,-0.6,0
109.890850900005,0,0.04,18.6,0,0,0.028,-0.014,-1.003,0.2,-0.6,0
109.900850900005,0,0.02,18.6,0,0,0.029,-0.013,-1,0.4,-0.5,0
109.910850900005,0,0.02,18.6,0,0,0.029,-0.013,-1,0.4,-0.5,0
109.920850900005,0,0.02,18.6,0,0,0.029,-0.013,-1,0.4,-0.5,0
109.930850900005,0,0.02,18.6,0,0,0.029,-0.013,-1,0.4,-0.5,0
109.940850900005,0,0.02,18.6,0,0,0.029,-0.013,-1,0.4,-0.5,0
109.950850900005,0,0.03,18.6,0,0,0.028,-0.013,-1.002,0.3,-0.5,0
109.960850900005,0,0.03,18.6,0,0,0.028,-0.013,-1.002,0.3,-0.5,0
109.970850900005,0,0.03,18.6,0,0,0.028,-0.013,-1.002,0.3,-0.5,0
109.980850900005,0,0.03,18.6,0,0,0.028,-0.013,-1.002,0.3,-0.5,0
109.990850900005,0,0.03,18.6,0,0,0.028,-0.013,-1.002,0.3,-0.5,0
110.000850900005,0,0.03,18.6,0,0,0.028,-0.013,-1.002,0.3,-0.6,0
110.010850900005,0,0.03,18.6,0,0,0.028,-0.013,-1.002,0.3,-0.6,0
110.020850900005,0,0.03,18.6,0,0,0.028,-0.013,-1.002,0.3,-0.6,0
110.030850900005,0,0.03,18.6,0,0,0.028,-0.013,-1.002,0.3,-0.6,0
110.040850900005,0,0.03,18.6,0,0,0.028,-0.013,-1.002,0.3,-0.6,0
110.050850900005,0,0.02,18.6,0,0,0.028,-0.013,-0.999,0.2,-0.5,0
110.060850900005,0,0.02,18.6,0,0,0.028,-0.013,-0.999,0.2,-0.5,0
110.070850900005,0,0.02,18.6,0,0,0.028,-0.013,-0.999,0.2,-0.5,0
110.080850900005,0,0.02,18.6,0,0,0.028,-0.013,-0.999,0.2,-0.5,0
110.090850900005,0,0.02,18.6,0,0,0.028,-0.013,-0.999,0.2,-0.5,0
110.100850900005,0,0.04,18.6,0,0,0.028,-0.013,-1.002,0.3,-0.6,0
110.110850900005,0,0.04,18.6,0,0,0.028,-0.013,-1.002,0.3,-0.6,0
110.120850900005,0,0.04,18.6,0,0,0.028,-0.013,-1.002,0.3,-0.6,0
110.130850900005,0,0.04,18.6,0,0,0.028,-0.013,-1.002,0.3,-0.6,0
110.140850900005,0,0.04,18.6,0,0,0.028,-0.013,-1.002,0.3,-0.6,0
110.150850900005,0,0.03,18.5,0,0,0.028,-0.014,-1.001,0.3,-0.5,0
110.160850900005,0,0.03,18.5,0,0,0.028,-0.014,-1.001,0.3,-0.5,0
110.170850900005,0,0.03,18.5,0,0,0.028,-0.014,-1.001,0.3,-0.5,0
110.180850900005,0,0.03,18.5,0,0,0.028,-0.014,-1.001,0.3,-0.5,0
110.190850900005,0,0.03,18.5,0,0,0.028,-0.014,-1.001,0.3,-0.5,0
110.200850900005,0,0.03,18.5,0,0,0.029,-0.013,-0.999,0.3,-0.6,0
110.210850900005,0,0.03,18.5,0,0,0.029,-0.013,-0.999,0.3,-0.6,0
110.220850900005,0,0.03,18.5,0,0,0.029,-0.013,-0.999,0.3,-0.6,0
110.230850900005,0,0.03,18.5,0,0,0.029,-0.013,-0.999,0.3,-0.6,0
110.240850900005,0,0.03,18.5,0,0,0.029,-0.013,-0.999,0.3,-0.6,0
110.250850900005,0,0.04,18.6,0,0,0.026,-0.013,-1.002,0.3,-0.6,0
110.260850900005,0,0.04,18.6,0,0,0.026,-0.013,-1.002,0.3,-0.6,0
110.270850900005,0,0.04,18.6,0,0,0.026,-0.013,-1.002,0.3,-0.6,0
110.280850900005,0,0.04,18.6,0,0,0.026,-0.013,-1.002,0.3,-0.6,0
110.290850900005,0,0.04,18.6,0,0,0.026,-0.013,-1.002,0.3,-0.6,0
110.300850900005,0,0.04,18.6,0,0,0.029,-0.014,-1.002,0.3,-0.5,0
110.310850900005,0,0.04,18.6,0,0,0.029,-0.014,-1.002,0.3,-0.5,0
110.320850900005,0,0.04,18.6,0,0,0.029,-0.014,-1.002,0.3,-0.5,0
110.330850900005,0,0.04,18.6,0,0,0.029,-0.014,-1.002,0.3,-0.5,0
110.340850900005,0,0.04,18.6,0,0,0.029,-0.014,-1.002,0.3,-0.5,0
110.350850900005,0,0.03,18.6,0,0,0.027,-0.014,-1.001,0.3,-0.6,0
110.360850900006,0,0.03,18.6,0,0,0.027,-0.014,-1.001,0.3,-0.6,0
110.370850900005,0,0.03,18.6,0,0,0.027,-0.014,-1.001,0.3,-0.6,0
110.380850900005,0,0.03,18.6,0,0,0.027,-0.014,-1.001,0.3,-0.6,0
110.390850900006,0,0.03,18.6,0,0,0.027,-0.014,-1.001,0.3,-0.6,0
110.400850900006,0,0.03,18.5,0,0,0.028,-0.014,-1.001,0.3,-0.5,0
110.410850900006,0,0.03,18.5,0,0,0.028,-0.014,-1.001,0.3,-0.5,0
110.420850900006,0,0.03,18.5,0,0,0.028,-0.014,-1.001,0.3,-0.5,0
110.430850900006,0,0.03,18.5,0,0,0.028,-0.014,-1.001,0.3,-0.5,0
110.440850900006,0,0.03,18.5,0,0,0.028,-0.014,-1.001,0.3,-0.5,0
110.450850900006,0,0.02,18.6,0,0,0.029,-0.013,-1.002,0.4,-0.6,0
110.460850900006,0,0.02,18.6,0,0,0.029,-0.013,-1.002,0.4,-0.6,0
110.470850900006,0,0.02,18.6,0,0,0.029,-0.013,-1.002,0.4,-0.6,0
110.480850900006,0,0.02,18.6,0,0,0.029,-0.013,-1.002,0.4,-0.6,0
110.490850900006,0,0.02,18.6,0,0,0.029,-0.013,-1.002,0.4,-0.6,0
110.500850900006,0,0.03,18.5,0,0,0.028,-0.013,-1,0.2,-0.5,0
110.510850900006,0,0.03,18.5,0,0,0.028,-0.013,-1,0.2,-0.5,0
110.520850900006,0,0.03,18.5,0,0,0.028,-0.013,-1,0.2,-0.5,0
110.530850900006,0,0.03,18.5,0,0,0.028,-0.013,-1,0.2,-0.5,0
110.540850900006,0,0.03,18.5,0,0,0.028,-0.013,-1,0.2,-0.5,0
110.550850900006,0,0.04,18.6,0,0,0.028,-0.014,-1.003,0.2,-0.6,0
110.560850900006,0,0.04,18.6,0,0,0.028,-0.014,-1.003,0.2,-0.6,0
110.570850900006,0,0.04,18.6,0,0,0.028,-0.014,-1.003,0.2,-0.6,0
110.580850900006,0,0.04,18.6,0,0,0.028,-0.014,-1.003,0.2,-0.6,0
110.590850900006,0,0.04,18.6,0,0,0.028,-0.014,-1.003,0.2,-0.6,0
110.600850900006,0,0.04,18.6,0,0,0.028,-0.013,-1.003,0.3,-0.5,0
110.610850900006,0,0.04,18.6,0,0,0.028,-0.013,-1.003,0.3,-0.5,0
110.620850900006,0,0.04,18.6,0,0,0.028,-0.013,-1.003,0.3,-0.5,0
110.630850900006,0,0.04,18.6,0,0,0.028,-0.013,-1.003,0.3,-0.5,0
110.640850900006,0,0.04,18.6,0,0,0.028,-0.013,-1.003,0.3,-0.5,0
110.650850900006,0,0.03,18.5,0,0,0.027,-0.012,-0.999,0.3,-0.4,0
110.660850900006,0,0.03,18.5,0,0,0.027,-0.012,-0.999,0.3,-0.4,0
110.670850900006,0,0.03,18.5,0,0,0.027,-0.012,-0.999,0.3,-0.4,0
110.680850900006,0,0.03,18.5,0,0,0.027,-0.012,-0.999,0.3,-0.4,0
110.690850900006,0,0.03,18.5,0,0,0.027,-0.012,-0.999,0.3,-0.4,0
110.700850900006,0,0.03,18.6,0,0,0.028,-0.012,-1.005,0.3,-0.6,0
110.710850900006,0,0.03,18.6,0,0,0.028,-0.012,-1.005,0.3,-0.6,0
110.720850900006,0,0.03,18.6,0,0,0.028,-0.012,-1.005,0.3,-0.6,0
110.730850900006,0,0.03,18.6,0,0,0.028,-0.012,-1.005,0.3,-0.6,0
110.740850900006,0,0.03,18.6,0,0,0.028,-0.012,-1.005,0.3,-0.6,0
110.750850900006,0,0.03,18.6,0,0,0.027,-0.014,-1,0.3,-0.5,0
110.760850900006,0,0.03,18.6,0,0,0.027,-0.014,-1,0.3,-0.5,0
110.770850900006,0,0.03,18.6,0,0,0.027,-0.014,-1,0.3,-0.5,0
110.780850900006,0,0.03,18.6,0,0,0.027,-0.014,-1,0.3,-0.5,0
110.790850900006,0,0.03,18.6,0,0,0.027,-0.014,-1,0.3,-0.5,0
110.800850900006,0,0.03,18.6,0,0,0.028,-0.013,-1.002,0.3,-0.5,0
110.810850900006,0,0.03,18.6,0,0,0.028,-0.013,-1.002,0.3,-0.5,0
110.820850900006,0,0.03,18.6,0,0,0.028,-0.013,-1.002,0.3,-0.5,0
110.830850900006,0,0.03,18.6,0,0,0.028,-0.013,-1.002,0.3,-0.5,0
110.840850900006,0,0.03,18.6,0,0,0.028,-0.013,-1.002,0.3,-0.5,0
110.850850900006,0,0.02,18.6,0,0,0.029,-0.013,-1.001,0.4,-0.5,0
110.860850900006,0,0.02,18.6,0,0,0.029,-0.013,-1.001,0.4,-0.5,0
110.870850900006,0,0.02,18.6,0,0,0.029,-0.013,-1.001,0.4,-0.5,0
110.880850900006,0,0.02,18.6,0,0,0.029,-0.013,-1.001,0.4,-0.5,0
110.890850900006,0,0.02,18.6,0,0,0.029,-0.013,-1.001,0.4,-0.5,0
110.900850900006,0,0.03,18.6,0,0,0.028,-0.013,-1,0.2,-0.5,0
110.910850900006,0,0.03,18.6,0,0,0.028,-0.013,-1,0.2,-0.5,0
110.920850900006,0,0.03,18.6,0,0,0.028,-0.013,-1,0.2,-0.5,0
110.930850900006,0,0.03,18.6,0,0,0.028,-0.013,-1,0.2,-0.5,0
110.940850900006,0,0.03,18.6,0,0,0.028,-0.013,-1,0.2,-0.5,0
110.950850900006,0,0.02,18.6,0,0,0.028,-0.014,-1,0.2,-0.5,0
110.960850900006,0,0.02,18.6,0,0,0.028,-0.014,-1,0.2,-0.5,0
110.970850900006,0,0.02,18.6,0,0,0.028,-0.014,-1,0.2,-0.5,0
110.980850900006,0,0.02,18.6,0,0,0.028,-0.014,-1,0.2,-0.5,0
110.990850900006,0,0.02,18.6,0,0,0.028,-0.014,-1,0.2,-0.5,0
111.000850900006,0,0.03,18.5,0,0,0.028,-0.012,-1.001,0.3,-0.5,0
111.010850900006,0,0.03,18.5,0,0,0.028,-0.012,-1.001,0.3,-0.5,0
111.020850900006,0,0.03,18.5,0,0,0.028,-0.012,-1.001,0.3,-0.5,0
111.030850900006,0,0.03,18.5,0,0,0.028,-0.012,-1.001,0.3,-0.5,0
111.040850900006,0,0.03,18.5,0,0,0.028,-0.012,-1.001,0.3,-0.5,0
111.050850900006,0,0.03,18.6,0,0,0.027,-0.015,-1.007,0.3,-0.6,0.1
111.060850900006,0,0.03,18.6,0,0,0.027,-0.015,-1.007,0.3,-0.6,0.1
111.070850900006,0,0.03,18.6,0,0,0.027,-0.015,-1.007,0.3,-0.6,0.1
111.080850900006,0,0.03,18.6,0,0,0.027,-0.015,-1.007,0.3,-0.6,0.1
111.090850900006,0,0.03,18.6,0,0,0.027,-0.015,-1.007,0.3,-0.6,0.1
111.100850900006,0,0.03,18.6,0,0,0.027,-0.012,-1.001,0.1,-0.5,0
111.110850900006,0,0.03,18.6,0,0,0.027,-0.012,-1.001,0.1,-0.5,0
111.120850900006,0,0.03,18.6,0,0,0.027,-0.012,-1.001,0.1,-0.5,0
111.130850900006,0,0.03,18.6,0,0,0.027,-0.012,-1.001,0.1,-0.5,0
111.140850900006,0,0.03,18.6,0,0,0.027,-0.012,-1.001,0.1,-0.5,0
111.150850900006,0,0.03,18.5,0,0,0.029,-0.012,-0.999,0.3,-0.5,0
111.160850900006,0,0.03,18.5,0,0,0.029,-0.012,-0.999,0.3,-0.5,0
111.170850900006,0,0.03,18.5,0,0,0.029,-0.012,-0.999,0.3,-0.5,0
111.180850900006,0,0.03,18.5,0,0,0.029,-0.012,-0.999,0.3,-0.5,0
111.190850900006,0,0.03,18.5,0,0,0.029,-0.012,-0.999,0.3,-0.5,0
111.200850900006,0,0.02,18.6,0,0,0.029,-0.01,-1.007,0.1,-0.6,0
111.210850900006,0,0.02,18.6,0,0,0.029,-0.01,-1.007,0.1,-0.6,0
111.220850900006,0,0.02,18.6,0,0,0.029,-0.01,-1.007,0.1,-0.6,0
111.230850900006,0,0.02,18.6,0,0,0.029,-0.01,-1.007,0.1,-0.6,0
111.240850900006,0,0.02,18.6,0,0,0.029,-0.01,-1.007,0.1,-0.6,0
111.250850900006,0,0.03,18.7,0,0,0.027,-0.009,-1.008,0.3,-0.6,0
111.260850900006,0,0.03,18.7,0,0,0.027,-0.009,-1.008,0.3,-0.6,0
111.270850900006,0,0.03,18.7,0,0,0.027,-0.009,-1.008,0.3,-0.6,0
111.280850900006,0,0.03,18.7,0,0,0.027,-0.009,-1.008,0.3,-0.6,0
111.290850900006,0,0.03,18.7,0,0,0.027,-0.009,-1.008,0.3,-0.6,0
111.300850900006,0,0.04,18.6,0,0,0.028,-0.017,-1.004,0.3,-0.6,0
111.310850900006,0,0.04,18.6,0,0,0.028,-0.017,-1.004,0.3,-0.6,0
111.320850900006,0,0.04,18.6,0,0,0.028,-0.017,-1.004,0.3,-0.6,0
111.330850900006,0,0.04,18.6,0,0,0.028,-0.017,-1.004,0.3,-0.6,0
111.340850900006,0,0.04,18.6,0,0,0.028,-0.017,-1.004,0.3,-0.6,0
111.350850900006,0,0.04,18.6,0,0,0.03,-0.01,-1.004,0.3,-0.5,0
111.360850900006,0,0.04,18.6,0,0,0.03,-0.01,-1.004,0.3,-0.5,0
111.370850900006,0,0.04,18.6,0,0,0.03,-0.01,-1.004,0.3,-0.5,0
111.380850900006,0,0.04,18.6,0,0,0.03,-0.01,-1.004,0.3,-0.5,0
111.390850900006,0,0.04,18.6,0,0,0.03,-0.01,-1.004,0.3,-0.5,0
111.400850900006,0,0.04,18.6,0,0,0.028,-0.016,-1.001,0.3,-0.6,0
111.410850900006,0,0.04,18.6,0,0,0.028,-0.016,-1.001,0.3,-0.6,0
111.420850900006,0,0.04,18.6,0,0,0.028,-0.016,-1.001,0.3,-0.6,0
111.430850900006,0,0.04,18.6,0,0,0.028,-0.016,-1.001,0.3,-0.6,0
111.440850900006,0,0.04,18.6,0,0,0.028,-0.016,-1.001,0.3,-0.6,0
111.450850900006,0,0.02,18.6,0,0,0.028,-0.011,-1.004,0.4,-0.6,0.1
111.460850900006,0,0.02,18.6,0,0,0.028,-0.011,-1.004,0.4,-0.6,0.1
111.470850900006,0,0.02,18.6,0,0,0.028,-0.011,-1.004,0.4,-0.6,0.1
111.480850900006,0,0.02,18.6,0,0,0.028,-0.011,-1.004,0.4,-0.6,0.1
111.490850900006,0,0.02,18.6,0,0,0.028,-0.011,-1.004,0.4,-0.6,0.1
111.500850900006,0,0.02,18.6,0,0,0.028,-0.014,-1.005,0.3,-0.6,0
111.510850900006,0,0.02,18.6,0,0,0.028,-0.014,-1.005,0.3,-0.6,0
111.520850900006,0,0.02,18.6,0,0,0.028,-0.014,-1.005,0.3,-0.6,0
111.530850900006,0,0.02,18.6,0,0,0.028,-0.014,-1.005,0.3,-0.6,0
111.540850900006,0,0.02,18.6,0,0,0.028,-0.014,-1.005,0.3,-0.6,0
111.550850900006,0,0.03,18.6,0,0,0.028,-0.014,-0.999,0.4,-0.6,0
111.560850900006,0,0.03,18.6,0,0,0.028,-0.014,-0.999,0.4,-0.6,0
111.570850900006,0,0.03,18.6,0,0,0.028,-0.014,-0.999,0.4,-0.6,0
111.580850900006,0,0.03,18.6,0,0,0.028,-0.014,-0.999,0.4,-0.6,0
111.590850900006,0,0.03,18.6,0,0,0.028,-0.014,-0.999,0.4,-0.6,0
111.600850900006,0,0.04,18.6,0,0,0.029,-0.012,-1,0.3,-0.6,0
111.610850900006,0,0.04,18.6,0,0,0.029,-0.012,-1,0.3,-0.6,0
111.620850900006,0,0.04,18.6,0,0,0.029,-0.012,-1,0.3,-0.6,0
111.630850900006,0,0.04,18.6,0,0,0.029,-0.012,-1,0.3,-0.6,0
111.640850900006,0,0.04,18.6,0,0,0.029,-0.012,-1,0.3,-0.6,0
111.650850900006,0,0.02,18.6,0,0,0.029,-0.014,-1.002,0.2,-0.5,0.1
111.660850900006,0,0.02,18.6,0,0,0.029,-0.014,-1.002,0.2,-0.5,0.1
111.670850900006,0,0.02,18.6,0,0,0.029,-0.014,-1.002,0.2,-0.5,0.1
111.680850900006,0,0.02,18.6,0,0,0.029,-0.014,-1.002,0.2,-0.5,0.1
111.690850900006,0,0.02,18.6,0,0,0.029,-0.014,-1.002,0.2,-0.5,0.1
111.700850900006,0,0.03,18.5,0,0,0.027,-0.013,-1.001,0.3,-0.5,0
111.710850900006,0,0.03,18.5,0,0,0.027,-0.013,-1.001,0.3,-0.5,0
111.720850900006,0,0.03,18.5,0,0,0.027,-0.013,-1.001,0.3,-0.5,0
111.730850900006,0,0.03,18.5,0,0,0.027,-0.013,-1.001,0.3,-0.5,0
111.740850900006,0,0.03,18.5,0,0,0.027,-0.013,-1.001,0.3,-0.5,0
111.750850900006,0,0.04,18.6,0,0,0.028,-0.014,-1.003,0.3,-0.6,0
111.760850900006,0,0.04,18.6,0,0,0.028,-0.014,-1.003,0.3,-0.6,0
111.770850900006,0,0.04,18.6,0,0,0.028,-0.014,-1.003,0.3,-0.6,0
111.780850900006,0,0.04,18.6,0,0,0.028,-0.014,-1.003,0.3,-0.6,0
111.790850900006,0,0.04,18.6,0,0,0.028,-0.014,-1.003,0.3,-0.6,0
111.800850900006,0,0.02,18.6,0,0,0.028,-0.013,-1.002,0.3,-0.5,0
111.810850900006,0,0.02,18.6,0,0,0.028,-0.013,-1.002,0.3,-0.5,0
111.820850900006,0,0.02,18.6,0,0,0.028,-0.013,-1.002,0.3,-0.5,0
111.830850900006,0,0.02,18.6,0,0,0.028,-0.013,-1.002,0.3,-0.5,0
111.840850900006,0,0.02,18.6,0,0,0.028,-0.013,-1.002,0.3,-0.5,0
111.850850900006,0,0.04,18.6,0,0,0.028,-0.012,-1,0.2,-0.6,0
111.860850900006,0,0.04,18.6,0,0,0.028,-0.012,-1,0.2,-0.6,0
111.870850900006,0,0.04,18.6,0,0,0.028,-0.012,-1,0.2,-0.6,0
111.880850900006,0,0.04,18.6,0,0,0.028,-0.012,-1,0.2,-0.6,0
111.890850900006,0,0.04,18.6,0,0,0.028,-0.012,-1,0.2,-0.6,0
111.900850900006,0,0.03,18.6,0,0,0.031,-0.015,-1.002,0.3,-0.6,0
111.910850900006,0,0.03,18.6,0,0,0.031,-0.015,-1.002,0.3,-0.6,0
111.920850900006,0,0.03,18.6,0,0,0.031,-0.015,-1.002,0.3,-0.6,0
111.930850900006,0,0.03,18.6,0,0,0.031,-0.015,-1.002,0.3,-0.6,0
111.940850900006,0,0.03,18.6,0,0,0.031,-0.015,-1.002,0.3,-0.6,0
111.950850900006,0,0.02,18.6,0,0,0.026,-0.012,-1.001,0.3,-0.5,0
111.960850900006,0,0.02,18.6,0,0,0.026,-0.012,-1.001,0.3,-0.5,0
111.970850900006,0,0.02,18.6,0,0,0.026,-0.012,-1.001,0.3,-0.5,0
111.980850900006,0,0.02,18.6,0,0,0.026,-0.012,-1.001,0.3,-0.5,0
111.990850900006,0,0.02,18.6,0,0,0.026,-0.012,-1.001,0.3,-0.5,0
112.000850900006,0,0.03,18.6,0,0,0.028,-0.015,-1.004,0.3,-0.6,0.1
112.010850900006,0,0.03,18.6,0,0,0.028,-0.015,-1.004,0.3,-0.6,0.1
112.020850900006,0,0.03,18.6,0,0,0.028,-0.015,-1.004,0.3,-0.6,0.1
112.030850900006,0,0.03,18.6,0,0,0.028,-0.015,-1.004,0.3,-0.6,0.1
112.040850900006,0,0.03,18.6,0,0,0.028,-0.015,-1.004,0.3,-0.6,0.1
112.050850900006,0,0.02,18.6,0,0,0.03,-0.011,-0.999,0.3,-0.6,0
112.060850900006,0,0.02,18.6,0,0,0.03,-0.011,-0.999,0.3,-0.6,0
112.070850900006,0,0.02,18.6,0,0,0.03,-0.011,-0.999,0.3,-0.6,0
112.080850900006,0,0.02,18.6,0,0,0.03,-0.011,-0.999,0.3,-0.6,0
112.090850900006,0,0.02,18.6,0,0,0.03,-0.011,-0.999,0.3,-0.6,0
112.100850900006,0,0.02,18.6,0,0,0.027,-0.015,-1.001,0.3,-0.6,0
112.110850900006,0,0.02,18.6,0,0,0.027,-0.015,-1.001,0.3,-0.6,0
112.120850900006,0,0.02,18.6,0,0,0.027,-0.015,-1.001,0.3,-0.6,0
112.130850900006,0,0.02,18.6,0,0,0.027,-0.015,-1.001,0.3,-0.6,0
112.140850900006,0,0.02,18.6,0,0,0.027,-0.015,-1.001,0.3,-0.6,0
112.150850900006,0,0.03,18.6,0,0,0.03,-0.013,-0.994,0.3,-0.5,0
112.160850900006,0,0.03,18.6,0,0,0.03,-0.013,-0.994,0.3,-0.5,0
112.170850900006,0,0.03,18.6,0,0,0.03,-0.013,-0.994,0.3,-0.5,0
112.180850900006,0,0.03,18.6,0,0,0.03,-0.013,-0.994,0.3,-0.5,0
112.190850900006,0,0.03,18.6,0,0,0.03,-0.013,-0.994,0.3,-0.5,0
112.200850900006,0,0.02,18.6,0,0,0.027,-0.011,-1.006,0.3,-0.5,0
112.210850900006,0,0.02,18.6,0,0,0.027,-0.011,-1.006,0.3,-0.5,0
112.220850900006,0,0.02,18.6,0,0,0.027,-0.011,-1.006,0.3,-0.5,0
112.230850900006,0,0.02,18.6,0,0,0.027,-0.011,-1.006,0.3,-0.5,0
112.240850900006,0,0.02,18.6,0,0,0.027,-0.011,-1.006,0.3,-0.5,0
112.250850900006,0,0.02,18.6,0,0,0.03,-0.015,-1,0.4,-0.5,0
112.260850900006,0,0.02,18.6,0,0,0.03,-0.015,-1,0.4,-0.5,0
112.270850900006,0,0.02,18.6,0,0,0.03,-0.015,-1,0.4,-0.5,0
112.280850900006,0,0.02,18.6,0,0,0.03,-0.015,-1,0.4,-0.5,0
112.290850900006,0,0.02,18.6,0,0,0.03,-0.015,-1,0.4,-0.5,0
112.300850900006,0,0.04,18.7,0,0,0.027,-0.013,-1.001,0.3,-0.6,0
112.310850900006,0,0.04,18.7,0,0,0.027,-0.013,-1.001,0.3,-0.6,0
112.320850900006,0,0.04,18.7,0,0,0.027,-0.013,-1.001,0.3,-0.6,0
112.330850900006,0,0.04,18.7,0,0,0.027,-0.013,-1.001,0.3,-0.6,0
112.340850900006,0,0.04,18.7,0,0,0.027,-0.013,-1.001,0.3,-0.6,0
112.350850900006,0,0.03,18.6,0,0,0.027,-0.014,-1.001,0.3,-0.6,0
112.360850900006,0,0.03,18.6,0,0,0.027,-0.014,-1.001,0.3,-0.6,0
112.370850900006,0,0.03,18.6,0,0,0.027,-0.014,-1.001,0.3,-0.6,0
112.380850900006,0,0.03,18.6,0,0,0.027,-0.014,-1.001,0.3,-0.6,0
112.390850900006,0,0.03,18.6,0,0,0.027,-0.014,-1.001,0.3,-0.6,0
112.400850900006,0,0.04,18.6,0,0,0.028,-0.014,-1.124,0.4,-0.6,0
112.410850900006,0,0.04,18.6,0,0,0.028,-0.014,-1.124,0.4,-0.6,0
112.420850900006,0,0.04,18.6,0,0,0.028,-0.014,-1.124,0.4,-0.6,0
112.430850900006,0,0.04,18.6,0,0,0.028,-0.014,-1.124,0.4,-0.6,0
112.440850900006,0,0.04,18.6,0,0,0.028,-0.014,-1.124,0.4,-0.6,0
112.450850900006,0,0.04,18.7,0,0,0.035,-0.011,-1,0.4,-0.5,0
112.460850900006,0,0.04,18.7,0,0,0.035,-0.011,-1,0.4,-0.5,0
112.470850900006,0,0.04,18.7,0,0,0.035,-0.011,-1,0.4,-0.5,0
112.480850900006,0,0.04,18.7,0,0,0.035,-0.011,-1,0.4,-0.5,0
112.490850900006,0,0.04,18.7,0,0,0.035,-0.011,-1,0.4,-0.5,0
112.500850900006,0,0.04,18.6,0,0,0.027,-0.015,-1.004,0.3,-0.6,0
112.510850900006,0,0.04,18.6,0,0,0.027,-0.015,-1.004,0.3,-0.6,0
112.520850900006,0,0.04,18.6,0,0,0.027,-0.015,-1.004,0.3,-0.6,0
112.530850900006,0,0.04,18.6,0,0,0.027,-0.015,-1.004,0.3,-0.6,0
112.540850900006,0,0.04,18.6,0,0,0.027,-0.015,-1.004,0.3,-0.6,0
112.550850900006,0,0.03,18.6,0,0,0.026,-0.011,-1.006,0,-0.6,0
112.560850900006,0,0.03,18.6,0,0,0.026,-0.011,-1.006,0,-0.6,0
112.570850900006,0,0.03,18.6,0,0,0.026,-0.011,-1.006,0,-0.6,0
112.580850900006,0,0.03,18.6,0,0,0.026,-0.011,-1.006,0,-0.6,0
112.590850900006,0,0.03,18.6,0,0,0.026,-0.011,-1.006,0,-0.6,0
112.600850900006,0,0.03,18.6,0,0,0.029,-0.015,-1,0.2,-0.6,0
112.610850900006,0,0.03,18.6,0,0,0.029,-0.015,-1,0.2,-0.6,0
112.620850900006,0,0.03,18.6,0,0,0.029,-0.015,-1,0.2,-0.6,0
112.630850900006,0,0.03,18.6,0,0,0.029,-0.015,-1,0.2,-0.6,0
112.640850900006,0,0.03,18.6,0,0,0.029,-0.015,-1,0.2,-0.6,0
112.650850900006,0,0.02,18.6,0,0,0.03,-0.011,-1.004,0.2,-0.5,0
112.660850900006,0,0.02,18.6,0,0,0.03,-0.011,-1.004,0.2,-0.5,0
112.670850900006,0,0.02,18.6,0,0,0.03,-0.011,-1.004,0.2,-0.5,0
112.680850900006,0,0.02,18.6,0,0,0.03,-0.011,-1.004,0.2,-0.5,0
112.690850900006,0,0.02,18.6,0,0,0.03,-0.011,-1.004,0.2,-0.5,0
112.700850900006,0,0.04,18.6,0,0,0.025,-0.016,-1.004,0.3,-0.5,0
112.710850900006,0,0.04,18.6,0,0,0.025,-0.016,-1.004,0.3,-0.5,0
112.720850900006,0,0.04,18.6,0,0,0.025,-0.016,-1.004,0.3,-0.5,0
112.730850900006,0,0.04,18.6,0,0,0.025,-0.016,-1.004,0.3,-0.5,0
112.740850900006,0,0.04,18.6,0,0,0.025,-0.016,-1.004,0.3,-0.5,0
112.750850900006,0,0.03,18.6,0,0,0.028,-0.013,-0.999,0.3,-0.5,0.1
112.760850900006,0,0.03,18.6,0,0,0.028,-0.013,-0.999,0.3,-0.5,0.1
112.770850900006,0,0.03,18.6,0,0,0.028,-0.013,-0.999,0.3,-0.5,0.1
112.780850900006,0,0.03,18.6,0,0,0.028,-0.013,-0.999,0.3,-0.5,0.1
112.790850900006,0,0.03,18.6,0,0,0.028,-0.013,-0.999,0.3,-0.5,0.1
112.800850900006,0,0.03,18.5,0,0,0.031,-0.01,-1.001,0.3,-0.4,0
112.810850900006,0,0.03,18.5,0,0,0.031,-0.01,-1.001,0.3,-0.4,0
112.820850900006,0,0.03,18.5,0,0,0.031,-0.01,-1.001,0.3,-0.4,0
112.830850900006,0,0.03,18.5,0,0,0.031,-0.01,-1.001,0.3,-0.4,0
112.840850900006,0,0.03,18.5,0,0,0.031,-0.01,-1.001,0.3,-0.4,0
112.850850900006,0,0.03,18.6,0,0,0.026,-0.015,-0.999,0.1,-0.6,0.1
112.860850900006,0,0.03,18.6,0,0,0.026,-0.015,-0.999,0.1,-0.6,0.1
112.870850900006,0,0.03,18.6,0,0,0.026,-0.015,-0.999,0.1,-0.6,0.1
112.880850900006,0,0.03,18.6,0,0,0.026,-0.015,-0.999,0.1,-0.6,0.1
112.890850900006,0,0.03,18.6,0,0,0.026,-0.015,-0.999,0.1,-0.6,0.1
112.900850900006,0,0.03,18.6,0,0,0.029,-0.01,-1.003,0.1,-0.6,0
112.910850900006,0,0.03,18.6,0,0,0.029,-0.01,-1.003,0.1,-0.6,0
112.920850900006,0,0.03,18.6,0,0,0.029,-0.01,-1.003,0.1,-0.6,0
112.930850900006,0,0.03,18.6,0,0,0.029,-0.01,-1.003,0.1,-0.6,0
112.940850900006,0,0.03,18.6,0,0,0.029,-0.01,-1.003,0.1,-0.6,0
112.950850900006,0,0.03,18.5,0,0,0.028,-0.014,-0.999,0.3,-0.5,0
112.960850900006,0,0.03,18.5,0,0,0.028,-0.014,-0.999,0.3,-0.5,0
112.970850900006,0,0.03,18.5,0,0,0.028,-0.014,-0.999,0.3,-0.5,0
112.980850900006,0,0.03,18.5,0,0,0.028,-0.014,-0.999,0.3,-0.5,0
112.990850900006,0,0.03,18.5,0,0,0.028,-0.014,-0.999,0.3,-0.5,0
113.000850900006,0,0.04,18.6,0,0,0.03,-0.012,-1,0.4,-0.5,0
113.010850900006,0,0.04,18.6,0,0,0.03,-0.012,-1,0.4,-0.5,0
113.020850900006,0,0.04,18.6,0,0,0.03,-0.012,-1,0.4,-0.5,0
113.030850900006,0,0.04,18.6,0,0,0.03,-0.012,-1,0.4,-0.5,0
113.040850900006,0,0.04,18.6,0,0,0.03,-0.012,-1,0.4,-0.5,0
113.050850900006,0,0.04,18.6,0,0,0.025,-0.015,-1.006,0.3,-0.6,0
113.060850900006,0,0.04,18.6,0,0,0.025,-0.015,-1.006,0.3,-0.6,0
113.070850900006,0,0.04,18.6,0,0,0.025,-0.015,-1.006,0.3,-0.6,0
113.080850900006,0,0.04,18.6,0,0,0.025,-0.015,-1.006,0.3,-0.6,0
113.090850900006,0,0.04,18.6,0,0,0.025,-0.015,-1.006,0.3,-0.6,0
113.100850900006,0,0.03,18.6,0,0,0.029,-0.013,-1,0.3,-0.5,0
113.110850900006,0,0.03,18.6,0,0,0.029,-0.013,-1,0.3,-0.5,0
113.120850900006,0,0.03,18.6,0,0,0.029,-0.013,-1,0.3,-0.5,0
113.130850900006,0,0.03,18.6,0,0,0.029,-0.013,-1,0.3,-0.5,0
113.140850900006,0,0.03,18.6,0,0,0.029,-0.013,-1,0.3,-0.5,0
113.150850900006,0,0.03,18.5,0,0,0.028,-0.013,-1.005,0.3,-0.6,0
113.160850900006,0,0.03,18.5,0,0,0.028,-0.013,-1.005,0.3,-0.6,0
113.170850900006,0,0.03,18.5,0,0,0.028,-0.013,-1.005,0.3,-0.6,0
113.180850900006,0,0.03,18.5,0,0,0.028,-0.013,-1.005,0.3,-0.6,0
113.190850900006,0,0.03,18.5,0,0,0.028,-0.013,-1.005,0.3,-0.6,0
113.200850900006,0,0.03,18.5,0,0,0.027,-0.015,-1.003,0.3,-0.5,0
113.210850900006,0,0.03,18.5,0,0,0.027,-0.015,-1.003,0.3,-0.5,0
113.220850900006,0,0.03,18.5,0,0,0.027,-0.015,-1.003,0.3,-0.5,0
113.230850900006,0,0.03,18.5,0,0,0.027,-0.015,-1.003,0.3,-0.5,0
113.240850900006,0,0.03,18.5,0,0,0.027,-0.015,-1.003,0.3,-0.5,0
113.250850900006,0,0.03,18.6,0,0,0.028,-0.012,-1.003,0.3,-0.5,0
113.260850900006,0,0.03,18.6,0,0,0.028,-0.012,-1.003,0.3,-0.5,0
113.270850900006,0,0.03,18.6,0,0,0.028,-0.012,-1.003,0.3,-0.5,0
113.280850900006,0,0.03,18.6,0,0,0.028,-0.012,-1.003,0.3,-0.5,0
113.290850900006,0,0.03,18.6,0,0,0.028,-0.012,-1.003,0.3,-0.5,0
113.300850900006,0,0.04,18.6,0,0,0.029,-0.013,-1.001,0.3,-0.5,0
113.310850900006,0,0.04,18.6,0,0,0.029,-0.013,-1.001,0.3,-0.5,0
113.320850900006,0,0.04,18.6,0,0,0.029,-0.013,-1.001,0.3,-0.5,0
113.330850900006,0,0.04,18.6,0,0,0.029,-0.013,-1.001,0.3,-0.5,0
113.340850900006,0,0.04,18.6,0,0,0.029,-0.013,-1.001,0.3,-0.5,0
113.350850900006,0,0.04,18.6,0,0,0.028,-0.016,-1.001,0.3,-0.6,0
113.360850900006,0,0.04,18.6,0,0,0.028,-0.016,-1.001,0.3,-0.6,0
113.370850900006,0,0.04,18.6,0,0,0.028,-0.016,-1.001,0.3,-0.6,0
113.380850900006,0,0.04,18.6,0,0,0.028,-0.016,-1.001,0.3,-0.6,0
113.390850900006,0,0.04,18.6,0,0,0.028,-0.016,-1.001,0.3,-0.6,0
113.400850900006,0,0.04,18.6,0,0,0.028,-0.013,-1.001,0.3,-0.6,0
113.410850900006,0,0.04,18.6,0,0,0.028,-0.013,-1.001,0.3,-0.6,0
113.420850900006,0,0.04,18.6,0,0,0.028,-0.013,-1.001,0.3,-0.6,0
113.430850900006,0,0.04,18.6,0,0,0.028,-0.013,-1.001,0.3,-0.6,0
113.440850900006,0,0.04,18.6,0,0,0.028,-0.013,-1.001,0.3,-0.6,0
113.450850900006,0,0.04,18.7,0,0,0.029,-0.014,-1,0.3,-0.6,0
113.460850900006,0,0.04,18.7,0,0,0.029,-0.014,-1,0.3,-0.6,0
113.470850900006,0,0.04,18.7,0,0,0.029,-0.014,-1,0.3,-0.6,0
113.480850900006,0,0.04,18.7,0,0,0.029,-0.014,-1,0.3,-0.6,0
113.490850900006,0,0.04,18.7,0,0,0.029,-0.014,-1,0.3,-0.6,0
113.500850900006,0,0.03,18.6,0,0,0.028,-0.013,-1.003,0.3,-0.6,0
113.510850900006,0,0.03,18.6,0,0,0.028,-0.013,-1.003,0.3,-0.6,0
113.520850900006,0,0.03,18.6,0,0,0.028,-0.013,-1.003,0.3,-0.6,0
113.530850900006,0,0.03,18.6,0,0,0.028,-0.013,-1.003,0.3,-0.6,0
113.540850900006,0,0.03,18.6,0,0,0.028,-0.013,-1.003,0.3,-0.6,0
113.550850900006,0,0.04,18.6,0,0,0.028,-0.013,-1.002,0.3,-0.5,0
113.560850900006,0,0.04,18.6,0,0,0.028,-0.013,-1.002,0.3,-0.5,0
113.570850900006,0,0.04,18.6,0,0,0.028,-0.013,-1.002,0.3,-0.5,0
113.580850900006,0,0.04,18.6,0,0,0.028,-0.013,-1.002,0.3,-0.5,0
113.590850900006,0,0.04,18.6,0,0,0.028,-0.013,-1.002,0.3,-0.5,0
113.600850900006,0,0.04,18.6,0,0,0.029,-0.016,-1.007,0.4,-0.6,0
113.610850900006,0,0.04,18.6,0,0,0.029,-0.016,-1.007,0.4,-0.6,0
113.620850900006,0,0.04,18.6,0,0,0.029,-0.016,-1.007,0.4,-0.6,0
113.630850900006,0,0.04,18.6,0,0,0.029,-0.016,-1.007,0.4,-0.6,0
113.640850900006,0,0.04,18.6,0,0,0.029,-0.016,-1.007,0.4,-0.6,0
113.650850900006,0,0.03,18.6,0,0,0.028,-0.011,-0.996,0.3,-0.6,0
113.660850900006,0,0.03,18.6,0,0,0.028,-0.011,-0.996,0.3,-0.6,0
113.670850900006,0,0.03,18.6,0,0,0.028,-0.011,-0.996,0.3,-0.6,0
113.680850900006,0,0.03,18.6,0,0,0.028,-0.011,-0.996,0.3,-0.6,0
113.690850900006,0,0.03,18.6,0,0,0.028,-0.011,-0.996,0.3,-0.6,0
113.700850900006,0,0.04,18.6,0,0,0.026,-0.012,-1,0.3,-0.4,0
113.710850900006,0,0.04,18.6,0,0,0.026,-0.012,-1,0.3,-0.4,0
113.720850900006,0,0.04,18.6,0,0,0.026,-0.012,-1,0.3,-0.4,0
113.730850900006,0,0.04,18.6,0,0,0.026,-0.012,-1,0.3,-0.4,0
113.740850900006,0,0.04,18.6,0,0,0.026,-0.012,-1,0.3,-0.4,0
113.750850900006,0,0.04,18.6,0,0,0.028,-0.013,-1.001,0.3,-0.6,0
113.760850900006,0,0.04,18.6,0,0,0.028,-0.013,-1.001,0.3,-0.6,0
113.770850900006,0,0.04,18.6,0,0,0.028,-0.013,-1.001,0.3,-0.6,0
113.780850900006,0,0.04,18.6,0,0,0.028,-0.013,-1.001,0.3,-0.6,0
113.790850900006,0,0.04,18.6,0,0,0.028,-0.013,-1.001,0.3,-0.6,0
113.800850900006,0,0.03,18.6,0,0,0.028,-0.014,-1.006,0.2,-0.6,0
113.810850900006,0,0.03,18.6,0,0,0.028,-0.014,-1.006,0.2,-0.6,0
113.820850900006,0,0.03,18.6,0,0,0.028,-0.014,-1.006,0.2,-0.6,0
113.830850900006,0,0.03,18.6,0,0,0.028,-0.014,-1.006,0.2,-0.6,0
113.840850900006,0,0.03,18.6,0,0,0.028,-0.014,-1.006,0.2,-0.6,0
113.850850900006,0,0.04,18.6,0,0,0.028,-0.015,-1,0.2,-0.5,0
113.860850900006,0,0.04,18.6,0,0,0.028,-0.015,-1,0.2,-0.5,0
113.870850900006,0,0.04,18.6,0,0,0.028,-0.015,-1,0.2,-0.5,0
113.880850900006,0,0.04,18.6,0,0,0.028,-0.015,-1,0.2,-0.5,0
113.890850900006,0,0.04,18.6,0,0,0.028,-0.015,-1,0.2,-0.5,0
113.900850900006,0,0.03,18.6,0,0,0.028,-0.012,-1.002,0.3,-0.6,0
113.910850900006,0,0.03,18.6,0,0,0.028,-0.012,-1.002,0.3,-0.6,0
113.920850900006,0,0.03,18.6,0,0,0.028,-0.012,-1.002,0.3,-0.6,0
113.930850900006,0,0.03,18.6,0,0,0.028,-0.012,-1.002,0.3,-0.6,0
113.940850900006,0,0.03,18.6,0,0,0.028,-0.012,-1.002,0.3,-0.6,0
113.950850900006,0,0.02,18.6,0,0,0.028,-0.012,-1.001,0.3,-0.6,0
113.960850900006,0,0.02,18.6,0,0,0.028,-0.012,-1.001,0.3,-0.6,0
113.970850900006,0,0.02,18.6,0,0,0.028,-0.012,-1.001,0.3,-0.6,0
113.980850900006,0,0.02,18.6,0,0,0.028,-0.012,-1.001,0.3,-0.6,0
113.990850900006,0,0.02,18.6,0,0,0.028,-0.012,-1.001,0.3,-0.6,0
114.000850900006,0,0.02,18.6,0,0,0.028,-0.014,-1.001,0.3,-0.6,0
114.010850900006,0,0.02,18.6,0,0,0.028,-0.014,-1.001,0.3,-0.6,0
114.020850900006,0,0.02,18.6,0,0,0.028,-0.014,-1.001,0.3,-0.6,0
114.030850900006,0,0.02,18.6,0,0,0.028,-0.014,-1.001,0.3,-0.6,0
114.040850900006,0,0.02,18.6,0,0,0.028,-0.014,-1.001,0.3,-0.6,0
114.050850900006,0,0.03,18.6,0,0,0.029,-0.012,-0.999,0.3,-0.5,0
114.060850900006,0,0.03,18.6,0,0,0.029,-0.012,-0.999,0.3,-0.5,0
114.070850900006,0,0.03,18.6,0,0,0.029,-0.012,-0.999,0.3,-0.5,0
114.080850900006,0,0.03,18.6,0,0,0.029,-0.012,-0.999,0.3,-0.5,0
114.090850900006,0,0.03,18.6,0,0,0.029,-0.012,-0.999,0.3,-0.5,0
114.100850900006,0,0.02,18.6,0,0,0.028,-0.013,-1.003,0.3,-0.6,0
114.110850900006,0,0.02,18.6,0,0,0.028,-0.013,-1.003,0.3,-0.6,0
114.120850900006,0,0.02,18.6,0,0,0.028,-0.013,-1.003,0.3,-0.6,0
114.130850900006,0,0.02,18.6,0,0,0.028,-0.013,-1.003,0.3,-0.6,0
114.140850900006,0,0.02,18.6,0,0,0.028,-0.013,-1.003,0.3,-0.6,0
114.150850900006,0,0.04,18.6,0,0,0.028,-0.012,-1,0.3,-0.5,0
114.160850900006,0,0.04,18.6,0,0,0.028,-0.012,-1,0.3,-0.5,0
114.170850900006,0,0.04,18.6,0,0,0.028,-0.012,-1,0.3,-0.5,0
114.180850900006,0,0.04,18.6,0,0,0.028,-0.012,-1,0.3,-0.5,0
114.190850900006,0,0.04,18.6,0,0,0.028,-0.012,-1,0.3,-0.5,0
114.200850900006,0,0.04,18.6,0,0,0.03,-0.014,-0.998,0.3,-0.5,0
114.210850900006,0,0.04,18.6,0,0,0.03,-0.014,-0.998,0.3,-0.5,0
114.220850900006,0,0.04,18.6,0,0,0.03,-0.014,-0.998,0.3,-0.5,0
114.230850900006,0,0.04,18.6,0,0,0.03,-0.014,-0.998,0.3,-0.5,0
114.240850900006,0,0.04,18.6,0,0,0.03,-0.014,-0.998,0.3,-0.5,0
114.250850900006,0,0.03,18.7,0,0,0.028,-0.012,-0.999,0.3,-0.5,0
114.260850900006,0,0.03,18.7,0,0,0.028,-0.012,-0.999,0.3,-0.5,0
114.270850900006,0,0.03,18.7,0,0,0.028,-0.012,-0.999,0.3,-0.5,0
114.280850900006,0,0.03,18.7,0,0,0.028,-0.012,-0.999,0.3,-0.5,0
114.290850900006,0,0.03,18.7,0,0,0.028,-0.012,-0.999,0.3,-0.5,0
114.300850900006,0,0.02,18.6,0,0,0.029,-0.015,-1.004,0.2,-0.4,0
114.310850900006,0,0.02,18.6,0,0,0.029,-0.015,-1.004,0.2,-0.4,0
114.320850900006,0,0.02,18.6,0,0,0.029,-0.015,-1.004,0.2,-0.4,0
114.330850900006,0,0.02,18.6,0,0,0.029,-0.015,-1.004,0.2,-0.4,0
114.340850900006,0,0.02,18.6,0,0,0.029,-0.015,-1.004,0.2,-0.4,0
114.350850900006,0,0.03,18.5,0,0,0.028,-0.011,-1.002,0.3,-0.6,0
114.360850900006,0,0.03,18.5,0,0,0.028,-0.011,-1.002,0.3,-0.6,0
114.370850900006,0,0.03,18.5,0,0,0.028,-0.011,-1.002,0.3,-0.6,0
114.380850900006,0,0.03,18.5,0,0,0.028,-0.011,-1.002,0.3,-0.6,0
114.390850900006,0,0.03,18.5,0,0,0.028,-0.011,-1.002,0.3,-0.6,0
114.400850900006,0,0.03,18.6,0,0,0.029,-0.016,-1.001,0.3,-0.6,0
114.410850900006,0,0.03,18.6,0,0,0.029,-0.016,-1.001,0.3,-0.6,0
114.420850900006,0,0.03,18.6,0,0,0.029,-0.016,-1.001,0.3,-0.6,0
114.430850900006,0,0.03,18.6,0,0,0.029,-0.016,-1.001,0.3,-0.6,0
114.440850900006,0,0.03,18.6,0,0,0.029,-0.016,-1.001,0.3,-0.6,0
114.450850900006,0,0.03,18.6,0,0,0.028,-0.012,-1.001,0.3,-0.6,0
114.460850900006,0,0.03,18.6,0,0,0.028,-0.012,-1.001,0.3,-0.6,0
114.470850900006,0,0.03,18.6,0,0,0.028,-0.012,-1.001,0.3,-0.6,0
114.480850900006,0,0.03,18.6,0,0,0.028,-0.012,-1.001,0.3,-0.6,0
114.490850900006,0,0.03,18.6,0,0,0.028,-0.012,-1.001,0.3,-0.6,0
114.500850900006,0,0.03,18.6,0,0,0.029,-0.013,-1,0.3,-0.6,0
114.510850900006,0,0.03,18.6,0,0,0.029,-0.013,-1,0.3,-0.6,0
114.520850900006,0,0.03,18.6,0,0,0.029,-0.013,-1,0.3,-0.6,0
114.530850900006,0,0.03,18.6,0,0,0.029,-0.013,-1,0.3,-0.6,0
114.540850900006,0,0.03,18.6,0,0,0.029,-0.013,-1,0.3,-0.6,0
114.550850900006,0,0.02,18.6,0,0,0.029,-0.015,-0.999,0.3,-0.5,0
114.560850900006,0,0.02,18.6,0,0,0.029,-0.015,-0.999,0.3,-0.5,0
114.570850900006,0,0.02,18.6,0,0,0.029,-0.015,-0.999,0.3,-0.5,0
114.580850900006,0,0.02,18.6,0,0,0.029,-0.015,-0.999,0.3,-0.5,0
114.590850900006,0,0.02,18.6,0,0,0.029,-0.015,-0.999,0.3,-0.5,0
114.600850900006,0,0.04,18.6,0,0,0.027,-0.013,-1.001,0.3,-0.5,0
114.610850900006,0,0.04,18.6,0,0,0.027,-0.013,-1.001,0.3,-0.5,0
114.620850900006,0,0.04,18.6,0,0,0.027,-0.013,-1.001,0.3,-0.5,0
114.630850900006,0,0.04,18.6,0,0,0.027,-0.013,-1.001,0.3,-0.5,0
114.640850900006,0,0.04,18.6,0,0,0.027,-0.013,-1.001,0.3,-0.5,0
114.650850900006,0,0.04,18.6,0,0,0.029,-0.014,-1.002,0.3,-0.6,0
114.660850900006,0,0.04,18.6,0,0,0.029,-0.014,-1.002,0.3,-0.6,0
114.670850900006,0,0.04,18.6,0,0,0.029,-0.014,-1.002,0.3,-0.6,0
114.680850900006,0,0.04,18.6,0,0,0.029,-0.014,-1.002,0.3,-0.6,0
114.690850900006,0,0.04,18.6,0,0,0.029,-0.014,-1.002,0.3,-0.6,0
114.700850900006,0,0.03,18.7,0,0,0.028,-0.013,-1,0.3,-0.6,0
114.710850900006,0,0.03,18.7,0,0,0.028,-0.013,-1,0.3,-0.6,0
114.720850900006,0,0.03,18.7,0,0,0.028,-0.013,-1,0.3,-0.6,0
114.730850900006,0,0.03,18.7,0,0,0.028,-0.013,-1,0.3,-0.6,0
114.740850900006,0,0.03,18.7,0,0,0.028,-0.013,-1,0.3,-0.6,0
114.750850900006,0,0.03,18.6,0,0,0.028,-0.012,-1.001,0.3,-0.5,0
114.760850900007,0,0.03,18.6,0,0,0.028,-0.012,-1.001,0.3,-0.5,0
114.770850900006,0,0.03,18.6,0,0,0.028,-0.012,-1.001,0.3,-0.5,0
114.780850900006,0,0.03,18.6,0,0,0.028,-0.012,-1.001,0.3,-0.5,0
114.790850900007,0,0.03,18.6,0,0,0.028,-0.012,-1.001,0.3,-0.5,0
114.800850900007,0,0.03,18.6,0,0,0.027,-0.014,-1.002,0.3,-0.5,0
114.810850900007,0,0.03,18.6,0,0,0.027,-0.014,-1.002,0.3,-0.5,0
114.820850900007,0,0.03,18.6,0,0,0.027,-0.014,-1.002,0.3,-0.5,0
114.830850900007,0,0.03,18.6,0,0,0.027,-0.014,-1.002,0.3,-0.5,0
114.840850900007,0,0.03,18.6,0,0,0.027,-0.014,-1.002,0.3,-0.5,0
114.850850900007,0,0.03,18.6,0,0,0.029,-0.013,-1.004,0.3,-0.5,0.1
114.860850900007,0,0.03,18.6,0,0,0.029,-0.013,-1.004,0.3,-0.5,0.1
114.870850900007,0,0.03,18.6,0,0,0.029,-0.013,-1.004,0.3,-0.5,0.1
114.880850900007,0,0.03,18.6,0,0,0.029,-0.013,-1.004,0.3,-0.5,0.1
114.890850900007,0,0.03,18.6,0,0,0.029,-0.013,-1.004,0.3,-0.5,0.1
114.900850900007,0,0.03,18.7,0,0,0.027,-0.012,-1.001,0.3,-0.5,0
114.910850900007,0,0.03,18.7,0,0,0.027,-0.012,-1.001,0.3,-0.5,0
114.920850900007,0,0.03,18.7,0,0,0.027,-0.012,-1.001,0.3,-0.5,0
114.930850900007,0,0.03,18.7,0,0,0.027,-0.012,-1.001,0.3,-0.5,0
114.940850900007,0,0.03,18.7,0,0,0.027,-0.012,-1.001,0.3,-0.5,0
114.950850900007,0,0.03,18.5,0,0,0.028,-0.014,-1.003,0.3,-0.6,0
114.960850900007,0,0.03,18.5,0,0,0.028,-0.014,-1.003,0.3,-0.6,0
114.970850900007,0,0.03,18.5,0,0,0.028,-0.014,-1.003,0.3,-0.6,0
114.980850900007,0,0.03,18.5,0,0,0.028,-0.014,-1.003,0.3,-0.6,0
114.990850900007,0,0.03,18.5,0,0,0.028,-0.014,-1.003,0.3,-0.6,0
115.000850900007,0,0.02,18.6,0,0,0.029,-0.013,-1.002,0.2,-0.5,0
115.010850900007,0,0.02,18.6,0,0,0.029,-0.013,-1.002,0.2,-0.5,0
115.020850900007,0,0.02,18.6,0,0,0.029,-0.013,-1.002,0.2,-0.5,0
115.030850900007,0,0.02,18.6,0,0,0.029,-0.013,-1.002,0.2,-0.5,0
115.040850900007,0,0.02,18.6,0,0,0.029,-0.013,-1.002,0.2,-0.5,0
115.050850900007,0,0.04,18.6,0,0,0.028,-0.013,-1,0.3,-0.5,0
115.060850900007,0,0.04,18.6,0,0,0.028,-0.013,-1,0.3,-0.5,0
115.070850900007,0,0.04,18.6,0,0,0.028,-0.013,-1,0.3,-0.5,0
115.080850900007,0,0.04,18.6,0,0,0.028,-0.013,-1,0.3,-0.5,0
115.090850900007,0,0.04,18.6,0,0,0.028,-0.013,-1,0.3,-0.5,0
115.100850900007,0,0.02,18.6,0,0,0.028,-0.012,-1.003,0.2,-0.5,0
115.110850900007,0,0.02,18.6,0,0,0.028,-0.012,-1.003,0.2,-0.5,0
115.120850900007,0,0.02,18.6,0,0,0.028,-0.012,-1.003,0.2,-0.5,0
115.130850900007,0,0.02,18.6,0,0,0.028,-0.012,-1.003,0.2,-0.5,0
115.140850900007,0,0.02,18.6,0,0,0.028,-0.012,-1.003,0.2,-0.5,0
115.150850900007,0,0.03,18.6,0,0,0.029,-0.015,-1,0.3,-0.5,0
115.160850900007,0,0.03,18.6,0,0,0.029,-0.015,-1,0.3,-0.5,0
115.170850900007,0,0.03,18.6,0,0,0.029,-0.015,-1,0.3,-0.5,0
115.180850900007,0,0.03,18.6,0,0,0.029,-0.015,-1,0.3,-0.5,0
115.190850900007,0,0.03,18.6,0,0,0.029,-0.015,-1,0.3,-0.5,0
115.200850900007,0,0.03,18.6,0,0,0.029,-0.012,-1.002,0.4,-0.5,0
115.210850900007,0,0.03,18.6,0,0,0.029,-0.012,-1.002,0.4,-0.5,0
115.220850900007,0,0.03,18.6,0,0,0.029,-0.012,-1.002,0.4,-0.5,0
115.230850900007,0,0.03,18.6,0,0,0.029,-0.012,-1.002,0.4,-0.5,0
115.240850900007,0,0.03,18.6,0,0,0.029,-0.012,-1.002,0.4,-0.5,0
115.250850900007,0,0.04,18.6,0,0,0.028,-0.014,-1.001,0.3,-0.6,0
115.260850900007,0,0.04,18.6,0,0,0.028,-0.014,-1.001,0.3,-0.6,0
115.270850900007,0,0.04,18.6,0,0,0.028,-0.014,-1.001,0.3,-0.6,0
115.280850900007,0,0.04,18.6,0,0,0.028,-0.014,-1.001,0.3,-0.6,0
115.290850900007,0,0.04,18.6,0,0,0.028,-0.014,-1.001,0.3,-0.6,0
115.300850900007,0,0.03,18.6,0,0,0.029,-0.012,-1.001,0.3,-0.6,0
115.310850900007,0,0.03,18.6,0,0,0.029,-0.012,-1.001,0.3,-0.6,0
115.320850900007,0,0.03,18.6,0,0,0.029,-0.012,-1.001,0.3,-0.6,0
115.330850900007,0,0.03,18.6,0,0,0.029,-0.012,-1.001,0.3,-0.6,0
115.340850900007,0,0.03,18.6,0,0,0.029,-0.012,-1.001,0.3,-0.6,0
115.350850900007,0,0.02,18.6,0,0,0.028,-0.014,-1,0.3,-0.5,0
115.360850900007,0,0.02,18.6,0,0,0.028,-0.014,-1,0.3,-0.5,0
115.370850900007,0,0.02,18.6,0,0,0.028,-0.014,-1,0.3,-0.5,0
115.380850900007,0,0.02,18.6,0,0,0.028,-0.014,-1,0.3,-0.5,0
115.390850900007,0,0.02,18.6,0,0,0.028,-0.014,-1,0.3,-0.5,0
115.400850900007,0,0.04,18.6,0,0,0.029,-0.014,-1,0.3,-0.6,0
115.410850900007,0,0.04,18.6,0,0,0.029,-0.014,-1,0.3,-0.6,0
115.420850900007,0,0.04,18.6,0,0,0.029,-0.014,-1,0.3,-0.6,0
115.430850900007,0,0.04,18.6,0,0,0.029,-0.014,-1,0.3,-0.6,0
115.440850900007,0,0.04,18.6,0,0,0.029,-0.014,-1,0.3,-0.6,0
115.450850900007,0,0.03,18.6,0,0,0.028,-0.013,-1.002,0.2,-0.5,0
115.460850900007,0,0.03,18.6,0,0,0.028,-0.013,-1.002,0.2,-0.5,0
115.470850900007,0,0.03,18.6,0,0,0.028,-0.013,-1.002,0.2,-0.5,0
115.480850900007,0,0.03,18.6,0,0,0.028,-0.013,-1.002,0.2,-0.5,0
115.490850900007,0,0.03,18.6,0,0,0.028,-0.013,-1.002,0.2,-0.5,0
115.500850900007,0,0.03,18.6,0,0,0.027,-0.012,-1.003,0.3,-0.5,0
115.510850900007,0,0.03,18.6,0,0,0.027,-0.012,-1.003,0.3,-0.5,0
115.520850900007,0,0.03,18.6,0,0,0.027,-0.012,-1.003,0.3,-0.5,0
115.530850900007,0,0.03,18.6,0,0,0.027,-0.012,-1.003,0.3,-0.5,0
115.540850900007,0,0.03,18.6,0,0,0.027,-0.012,-1.003,0.3,-0.5,0
115.550850900007,0,0.03,18.6,0,0,0.029,-0.015,-1.001,0.1,-0.5,0
115.560850900007,0,0.03,18.6,0,0,0.029,-0.015,-1.001,0.1,-0.5,0
115.570850900007,0,0.03,18.6,0,0,0.029,-0.015,-1.001,0.1,-0.5,0
115.580850900007,0,0.03,18.6,0,0,0.029,-0.015,-1.001,0.1,-0.5,0
115.590850900007,0,0.03,18.6,0,0,0.029,-0.015,-1.001,0.1,-0.5,0
115.600850900007,0,0.03,18.6,0,0,0.027,-0.013,-1.001,0.3,-0.5,0
115.610850900007,0,0.03,18.6,0,0,0.027,-0.013,-1.001,0.3,-0.5,0
115.620850900007,0,0.03,18.6,0,0,0.027,-0.013,-1.001,0.3,-0.5,0
115.630850900007,0,0.03,18.6,0,0,0.027,-0.013,-1.001,0.3,-0.5,0
115.640850900007,0,0.03,18.6,0,0,0.027,-0.013,-1.001,0.3,-0.5,0
115.650850900007,0,0.03,18.6,0,0,0.027,-0.014,-1.001,0.2,-0.4,0
115.660850900007,0,0.03,18.6,0,0,0.027,-0.014,-1.001,0.2,-0.4,0
115.670850900007,0,0.03,18.6,0,0,0.027,-0.014,-1.001,0.2,-0.4,0
115.680850900007,0,0.03,18.6,0,0,0.027,-0.014,-1.001,0.2,-0.4,0
115.690850900007,0,0.03,18.6,0,0,0.027,-0.014,-1.001,0.2,-0.4,0
115.700850900007,0,0.04,18.6,0,0,0.029,-0.014,-1.002,0.3,-0.5,0
115.710850900007,0,0.04,18.6,0,0,0.029,-0.014,-1.002,0.3,-0.5,0
115.720850900007,0,0.04,18.6,0,0,0.029,-0.014,-1.002,0.3,-0.5,0
115.730850900007,0,0.04,18.6,0,0,0.029,-0.014,-1.002,0.3,-0.5,0
115.740850900007,0,0.04,18.6,0,0,0.029,-0.014,-1.002,0.3,-0.5,0
115.750850900007,0,0.03,18.6,0,0,0.028,-0.012,-1,0.4,-0.6,0
115.760850900007,0,0.03,18.6,0,0,0.028,-0.012,-1,0.4,-0.6,0
115.770850900007,0,0.03,18.6,0,0,0.028,-0.012,-1,0.4,-0.6,0
115.780850900007,0,0.03,18.6,0,0,0.028,-0.012,-1,0.4,-0.6,0
115.790850900007,0,0.03,18.6,0,0,0.028,-0.012,-1,0.4,-0.6,0
115.800850900007,0,0.03,18.6,0,0,0.028,-0.014,-1.001,0.3,-0.6,0
115.810850900007,0,0.03,18.6,0,0,0.028,-0.014,-1.001,0.3,-0.6,0
115.820850900007,0,0.03,18.6,0,0,0.028,-0.014,-1.001,0.3,-0.6,0
115.830850900007,0,0.03,18.6,0,0,0.028,-0.014,-1.001,0.3,-0.6,0
115.840850900007,0,0.03,18.6,0,0,0.028,-0.014,-1.001,0.3,-0.6,0
115.850850900007,0,0.03,18.5,0,0,0.029,-0.013,-1.003,0.3,-0.5,0
115.860850900007,0,0.03,18.5,0,0,0.029,-0.013,-1.003,0.3,-0.5,0
115.870850900007,0,0.03,18.5,0,0,0.029,-0.013,-1.003,0.3,-0.5,0
115.880850900007,0,0.03,18.5,0,0,0.029,-0.013,-1.003,0.3,-0.5,0
115.890850900007,0,0.03,18.5,0,0,0.029,-0.013,-1.003,0.3,-0.5,0
115.900850900007,0,0.02,18.6,0,0,0.028,-0.012,-1.004,0.3,-0.6,0
115.910850900007,0,0.02,18.6,0,0,0.028,-0.012,-1.004,0.3,-0.6,0
115.920850900007,0,0.02,18.6,0,0,0.028,-0.012,-1.004,0.3,-0.6,0
115.930850900007,0,0.02,18.6,0,0,0.028,-0.012,-1.004,0.3,-0.6,0
115.940850900007,0,0.02,18.6,0,0,0.028,-0.012,-1.004,0.3,-0.6,0
115.950850900007,0,0.04,18.6,0,0,0.029,-0.014,-1.005,0.3,-0.4,0
115.960850900007,0,0.04,18.6,0,0,0.029,-0.014,-1.005,0.3,-0.4,0
115.970850900007,0,0.04,18.6,0,0,0.029,-0.014,-1.005,0.3,-0.4,0
115.980850900007,0,0.04,18.6,0,0,0.029,-0.014,-1.005,0.3,-0.4,0
115.990850900007,0,0.04,18.6,0,0,0.029,-0.014,-1.005,0.3,-0.4,0
116.000850900007,0,0.02,18.6,0,0,0.028,-0.011,-1,0.1,-0.5,0
116.010850900007,0,0.02,18.6,0,0,0.028,-0.011,-1,0.1,-0.5,0
116.020850900007,0,0.02,18.6,0,0,0.028,-0.011,-1,0.1,-0.5,0
116.030850900007,0,0.02,18.6,0,0,0.028,-0.011,-1,0.1,-0.5,0
116.040850900007,0,0.02,18.6,0,0,0.028,-0.011,-1,0.1,-0.5,0
116.050850900007,0,0.03,18.6,0,0,0.029,-0.016,-1.005,0.2,-0.6,0.1
116.060850900007,0,0.03,18.6,0,0,0.029,-0.016,-1.005,0.2,-0.6,0.1
116.070850900007,0,0.03,18.6,0,0,0.029,-0.016,-1.005,0.2,-0.6,0.1
116.080850900007,0,0.03,18.6,0,0,0.029,-0.016,-1.005,0.2,-0.6,0.1
116.090850900007,0,0.03,18.6,0,0,0.029,-0.016,-1.005,0.2,-0.6,0.1
116.100850900007,0,0.03,18.5,0,0,0.028,-0.012,-0.998,0.3,-0.4,0
116.110850900007,0,0.03,18.5,0,0,0.028,-0.012,-0.998,0.3,-0.4,0
116.120850900007,0,0.03,18.5,0,0,0.028,-0.012,-0.998,0.3,-0.4,0
116.130850900007,0,0.03,18.5,0,0,0.028,-0.012,-0.998,0.3,-0.4,0
116.140850900007,0,0.03,18.5,0,0,0.028,-0.012,-0.998,0.3,-0.4,0
116.150850900007,0,0.02,18.6,0,0,0.028,-0.013,-1.001,0.3,-0.5,0
116.160850900007,0,0.02,18.6,0,0,0.028,-0.013,-1.001,0.3,-0.5,0
116.170850900007,0,0.02,18.6,0,0,0.028,-0.013,-1.001,0.3,-0.5,0
116.180850900007,0,0.02,18.6,0,0,0.028,-0.013,-1.001,0.3,-0.5,0
116.190850900007,0,0.02,18.6,0,0,0.028,-0.013,-1.001,0.3,-0.5,0
116.200850900007,0,0.02,18.6,0,0,0.03,-0.014,-1,0.3,-0.5,0
116.210850900007,0,0.02,18.6,0,0,0.03,-0.014,-1,0.3,-0.5,0
116.220850900007,0,0.02,18.6,0,0,0.03,-0.014,-1,0.3,-0.5,0
116.230850900007,0,0.02,18.6,0,0,0.03,-0.014,-1,0.3,-0.5,0
116.240850900007,0,0.02,18.6,0,0,0.03,-0.014,-1,0.3,-0.5,0
116.250850900007,0,0.04,18.6,0,0,0.029,-0.014,-1.006,0.3,-0.6,0
116.260850900007,0,0.04,18.6,0,0,0.029,-0.014,-1.006,0.3,-0.6,0
116.270850900007,0,0.04,18.6,0,0,0.029,-0.014,-1.006,0.3,-0.6,0
116.280850900007,0,0.04,18.6,0,0,0.029,-0.014,-1.006,0.3,-0.6,0
116.290850900007,0,0.04,18.6,0,0,0.029,-0.014,-1.006,0.3,-0.6,0
116.300850900007,0,0.02,18.6,0,0,0.027,-0.012,-0.998,0.4,-0.5,0
116.310850900007,0,0.02,18.6,0,0,0.027,-0.012,-0.998,0.4,-0.5,0
116.320850900007,0,0.02,18.6,0,0,0.027,-0.012,-0.998,0.4,-0.5,0
116.330850900007,0,0.02,18.6,0,0,0.027,-0.012,-0.998,0.4,-0.5,0
116.340850900007,0,0.02,18.6,0,0,0.027,-0.012,-0.998,0.4,-0.5,0
116.350850900007,0,0.02,18.6,0,0,0.03,-0.015,-1.001,0.3,-0.6,0
116.360850900007,0,0.02,18.6,0,0,0.03,-0.015,-1.001,0.3,-0.6,0
116.370850900007,0,0.02,18.6,0,0,0.03,-0.015,-1.001,0.3,-0.6,0
116.380850900007,0,0.02,18.6,0,0,0.03,-0.015,-1.001,0.3,-0.6,0
116.390850900007,0,0.02,18.6,0,0,0.03,-0.015,-1.001,0.3,-0.6,0
116.400850900007,0,0.03,18.6,0,0,0.027,-0.012,-1.004,0.3,-0.4,0
116.410850900007,0,0.03,18.6,0,0,0.027,-0.012,-1.004,0.3,-0.4,0
116.420850900007,0,0.03,18.6,0,0,0.027,-0.012,-1.004,0.3,-0.4,0
116.430850900007,0,0.03,18.6,0,0,0.027,-0.012,-1.004,0.3,-0.4,0
116.440850900007,0,0.03,18.6,0,0,0.027,-0.012,-1.004,0.3,-0.4,0
116.450850900007,0,0.03,18.6,0,0,0.028,-0.013,-0.998,0.3,-0.4,0
116.460850900007,0,0.03,18.6,0,0,0.028,-0.013,-0.998,0.3,-0.4,0
116.470850900007,0,0.03,18.6,0,0,0.028,-0.013,-0.998,0.3,-0.4,0
116.480850900007,0,0.03,18.6,0,0,0.028,-0.013,-0.998,0.3,-0.4,0
116.490850900007,0,0.03,18.6,0,0,0.028,-0.013,-0.998,0.3,-0.4,0
116.500850900007,0,0.03,18.6,0,0,0.028,-0.013,-1,0.2,-0.6,0
116.510850900007,0,0.03,18.6,0,0,0.028,-0.013,-1,0.2,-0.6,0
116.520850900007,0,0.03,18.6,0,0,0.028,-0.013,-1,0.2,-0.6,0
116.530850900007,0,0.03,18.6,0,0,0.028,-0.013,-1,0.2,-0.6,0
116.540850900007,0,0.03,18.6,0,0,0.028,-0.013,-1,0.2,-0.6,0
116.550850900007,0,0.02,18.6,0,0,0.029,-0.014,-1,0.3,-0.5,0
116.560850900007,0,0.02,18.6,0,0,0.029,-0.014,-1,0.3,-0.5,0
116.570850900007,0,0.02,18.6,0,0,0.029,-0.014,-1,0.3,-0.5,0
116.580850900007,0,0.02,18.6,0,0,0.029,-0.014,-1,0.3,-0.5,0
116.590850900007,0,0.02,18.6,0,0,0.029,-0.014,-1,0.3,-0.5,0
116.600850900007,0,0.02,18.6,0,0,0.028,-0.014,-1.003,0.3,-0.5,0
116.610850900007,0,0.02,18.6,0,0,0.028,-0.014,-1.003,0.3,-0.5,0
116.620850900007,0,0.02,18.6,0,0,0.028,-0.014,-1.003,0.3,-0.5,0
116.630850900007,0,0.02,18.6,0,0,0.028,-0.014,-1.003,0.3,-0.5,0
116.640850900007,0,0.02,18.6,0,0,0.028,-0.014,-1.003,0.3,-0.5,0
116.650850900007,0,0.04,18.6,0,0,0.028,-0.012,-1.002,0.4,-0.6,0
116.660850900007,0,0.04,18.6,0,0,0.028,-0.012,-1.002,0.4,-0.6,0
116.670850900007,0,0.04,18.6,0,0,0.028,-0.012,-1.002,0.4,-0.6,0
116.680850900007,0,0.04,18.6,0,0,0.028,-0.012,-1.002,0.4,-0.6,0
116.690850900007,0,0.04,18.6,0,0,0.028,-0.012,-1.002,0.4,-0.6,0
116.700850900007,0,0.04,18.6,0,0,0.028,-0.016,-1.002,0.3,-0.6,0
116.710850900007,0,0.04,18.6,0,0,0.028,-0.016,-1.002,0.3,-0.6,0
116.720850900007,0,0.04,18.6,0,0,0.028,-0.016,-1.002,0.3,-0.6,0
116.730850900007,0,0.04,18.6,0,0,0.028,-0.016,-1.002,0.3,-0.6,0
116.740850900007,0,0.04,18.6,0,0,0.028,-0.016,-1.002,0.3,-0.6,0
116.750850900007,0,0.02,18.6,0,0,0.028,-0.011,-0.999,0.3,-0.6,0
116.760850900007,0,0.02,18.6,0,0,0.028,-0.011,-0.999,0.3,-0.6,0
116.770850900007,0,0.02,18.6,0,0,0.028,-0.011,-0.999,0.3,-0.6,0
116.780850900007,0,0.02,18.6,0,0,0.028,-0.011,-0.999,0.3,-0.6,0
116.790850900007,0,0.02,18.6,0,0,0.028,-0.011,-0.999,0.3,-0.6,0
116.800850900007,0,0.03,18.6,0,0,0.029,-0.014,-1.002,0.3,-0.5,0
116.810850900007,0,0.03,18.6,0,0,0.029,-0.014,-1.002,0.3,-0.5,0
116.820850900007,0,0.03,18.6,0,0,0.029,-0.014,-1.002,0.3,-0.5,0
116.830850900007,0,0.03,18.6,0,0,0.029,-0.014,-1.002,0.3,-0.5,0
116.840850900007,0,0.03,18.6,0,0,0.029,-0.014,-1.002,0.3,-0.5,0
116.850850900007,0,0.03,18.6,0,0,0.028,-0.014,-1.002,0.3,-0.5,0
116.860850900007,0,0.03,18.6,0,0,0.028,-0.014,-1.002,0.3,-0.5,0
116.870850900007,0,0.03,18.6,0,0,0.028,-0.014,-1.002,0.3,-0.5,0
116.880850900007,0,0.03,18.6,0,0,0.028,-0.014,-1.002,0.3,-0.5,0
116.890850900007,0,0.03,18.6,0,0,0.028,-0.014,-1.002,0.3,-0.5,0
116.900850900007,0,0.04,18.7,0,0,0.029,-0.013,-1.002,0.3,-0.5,0
116.910850900007,0,0.04,18.7,0,0,0.029,-0.013,-1.002,0.3,-0.5,0
116.920850900007,0,0.04,18.7,0,0,0.029,-0.013,-1.002,0.3,-0.5,0
116.930850900007,0,0.04,18.7,0,0,0.029,-0.013,-1.002,0.3,-0.5,0
116.940850900007,0,0.04,18.7,0,0,0.029,-0.013,-1.002,0.3,-0.5,0
116.950850900007,0,0.02,18.6,0,0,0.028,-0.012,-0.999,0.4,-0.5,0
116.960850900007,0,0.02,18.6,0,0,0.028,-0.012,-0.999,0.4,-0.5,0
116.970850900007,0,0.02,18.6,0,0,0.028,-0.012,-0.999,0.4,-0.5,0
116.980850900007,0,0.02,18.6,0,0,0.028,-0.012,-0.999,0.4,-0.5,0
116.990850900007,0,0.02,18.6,0,0,0.028,-0.012,-0.999,0.4,-0.5,0
117.000850900007,0,0.04,18.6,0,0,0.029,-0.014,-1.004,0.1,-0.5,0
117.010850900007,0,0.04,18.6,0,0,0.029,-0.014,-1.004,0.1,-0.5,0
117.020850900007,0,0.04,18.6,0,0,0.029,-0.014,-1.004,0.1,-0.5,0
117.030850900007,0,0.04,18.6,0,0,0.029,-0.014,-1.004,0.1,-0.5,0
117.040850900007,0,0.04,18.6,0,0,0.029,-0.014,-1.004,0.1,-0.5,0
117.050850900007,0,0.03,18.6,0,0,0.028,-0.013,-1.002,0.3,-0.5,0
117.060850900007,0,0.03,18.6,0,0,0.028,-0.013,-1.002,0.3,-0.5,0
117.070850900007,0,0.03,18.6,0,0,0.028,-0.013,-1.002,0.3,-0.5,0
117.080850900007,0,0.03,18.6,0,0,0.028,-0.013,-1.002,0.3,-0.5,0
117.090850900007,0,0.03,18.6,0,0,0.028,-0.013,-1.002,0.3,-0.5,0
117.100850900007,0,0.03,18.6,0,0,0.028,-0.014,-1.002,0.3,-0.6,0.1
117.110850900007,0,0.03,18.6,0,0,0.028,-0.014,-1.002,0.3,-0.6,0.1
117.120850900007,0,0.03,18.6,0,0,0.028,-0.014,-1.002,0.3,-0.6,0.1
117.130850900007,0,0.03,18.6,0,0,0.028,-0.014,-1.002,0.3,-0.6,0.1
117.140850900007,0,0.03,18.6,0,0,0.028,-0.014,-1.002,0.3,-0.6,0.1
117.150850900007,0,0.02,18.6,0,0,0.028,-0.013,-1.002,0.7,-0.3,0
117.160850900007,0,0.02,18.6,0,0,0.028,-0.013,-1.002,0.7,-0.3,0
117.170850900007,0,0.02,18.6,0,0,0.028,-0.013,-1.002,0.7,-0.3,0
117.180850900007,0,0.02,18.6,0,0,0.028,-0.013,-1.002,0.7,-0.3,0
117.190850900007,0,0.02,18.6,0,0,0.028,-0.013,-1.002,0.7,-0.3,0
117.200850900007,0,0.03,18.6,0,0,0.028,-0.012,-1.005,0.2,-0.4,0
117.210850900007,0,0.03,18.6,0,0,0.028,-0.012,-1.005,0.2,-0.4,0
117.220850900007,0,0.03,18.6,0,0,0.028,-0.012,-1.005,0.2,-0.4,0
117.230850900007,0,0.03,18.6,0,0,0.028,-0.012,-1.005,0.2,-0.4,0
117.240850900007,0,0.03,18.6,0,0,0.028,-0.012,-1.005,0.2,-0.4,0
117.250850900007,0,0.04,18.6,0,0,0.025,-0.013,-1,0.4,-0.5,0
117.260850900007,0,0.04,18.6,0,0,0.025,-0.013,-1,0.4,-0.5,0
117.270850900007,0,0.04,18.6,0,0,0.025,-0.013,-1,0.4,-0.5,0
117.280850900007,0,0.04,18.6,0,0,0.025,-0.013,-1,0.4,-0.5,0
117.290850900007,0,0.04,18.6,0,0,0.025,-0.013,-1,0.4,-0.5,0
117.300850900007,0,0.03,18.6,0,0,0.029,-0.014,-1.003,0.3,-0.6,0
117.310850900007,0,0.03,18.6,0,0,0.029,-0.014,-1.003,0.3,-0.6,0
117.320850900007,0,0.03,18.6,0,0,0.029,-0.014,-1.003,0.3,-0.6,0
117.330850900007,0,0.03,18.6,0,0,0.029,-0.014,-1.003,0.3,-0.6,0
117.340850900007,0,0.03,18.6,0,0,0.029,-0.014,-1.003,0.3,-0.6,0
117.350850900007,0,0.02,18.6,0,0,0.027,-0.012,-1,0.3,-0.5,0
117.360850900007,0,0.02,18.6,0,0,0.027,-0.012,-1,0.3,-0.5,0
117.370850900007,0,0.02,18.6,0,0,0.027,-0.012,-1,0.3,-0.5,0
117.380850900007,0,0.02,18.6,0,0,0.027,-0.012,-1,0.3,-0.5,0
117.390850900007,0,0.02,18.6,0,0,0.027,-0.012,-1,0.3,-0.5,0
117.400850900007,0,0.03,18.6,0,0,0.029,-0.015,-1.001,0.2,-0.6,0
117.410850900007,0,0.03,18.6,0,0,0.029,-0.015,-1.001,0.2,-0.6,0
117.420850900007,0,0.03,18.6,0,0,0.029,-0.015,-1.001,0.2,-0.6,0
117.430850900007,0,0.03,18.6,0,0,0.029,-0.015,-1.001,0.2,-0.6,0
117.440850900007,0,0.03,18.6,0,0,0.029,-0.015,-1.001,0.2,-0.6,0
117.450850900007,0,0.03,18.5,0,0,0.028,-0.012,-1,0.3,-0.5,0
117.460850900007,0,0.03,18.5,0,0,0.028,-0.012,-1,0.3,-0.5,0
117.470850900007,0,0.03,18.5,0,0,0.028,-0.012,-1,0.3,-0.5,0
117.480850900007,0,0.03,18.5,0,0,0.028,-0.012,-1,0.3,-0.5,0
117.490850900007,0,0.03,18.5,0,0,0.028,-0.012,-1,0.3,-0.5,0
117.500850900007,0,0.03,18.6,0,0,0.029,-0.013,-1.002,0.3,-0.6,0
117.510850900007,0,0.03,18.6,0,0,0.029,-0.013,-1.002,0.3,-0.6,0
117.520850900007,0,0.03,18.6,0,0,0.029,-0.013,-1.002,0.3,-0.6,0
117.530850900007,0,0.03,18.6,0,0,0.029,-0.013,-1.002,0.3,-0.6,0
117.540850900007,0,0.03,18.6,0,0,0.029,-0.013,-1.002,0.3,-0.6,0
117.550850900007,0,0.03,18.5,0,0,0.027,-0.014,-1.001,0.2,-0.4,0
117.560850900007,0,0.03,18.5,0,0,0.027,-0.014,-1.001,0.2,-0.4,0
117.570850900007,0,0.03,18.5,0,0,0.027,-0.014,-1.001,0.2,-0.4,0
117.580850900007,0,0.03,18.5,0,0,0.027,-0.014,-1.001,0.2,-0.4,0
117.590850900007,0,0.03,18.5,0,0,0.027,-0.014,-1.001,0.2,-0.4,0
117.600850900007,0,0.02,18.6,0,0,0.028,-0.012,-1.002,0.3,-0.4,0
117.610850900007,0,0.02,18.6,0,0,0.028,-0.012,-1.002,0.3,-0.4,0
117.620850900007,0,0.02,18.6,0,0,0.028,-0.012,-1.002,0.3,-0.4,0
117.630850900007,0,0.02,18.6,0,0,0.028,-0.012,-1.002,0.3,-0.4,0
117.640850900007,0,0.02,18.6,0,0,0.028,-0.012,-1.002,0.3,-0.4,0
117.650850900007,0,0.03,18.6,0,0,0.029,-0.015,-1.003,0.3,-0.6,0
117.660850900007,0,0.03,18.6,0,0,0.029,-0.015,-1.003,0.3,-0.6,0
117.670850900007,0,0.03,18.6,0,0,0.029,-0.015,-1.003,0.3,-0.6,0
117.680850900007,0,0.03,18.6,0,0,0.029,-0.015,-1.003,0.3,-0.6,0
117.690850900007,0,0.03,18.6,0,0,0.029,-0.015,-1.003,0.3,-0.6,0
117.700850900007,0,0.04,18.6,0,0,0.028,-0.014,-1.001,0.4,-0.6,0
117.710850900007,0,0.04,18.6,0,0,0.028,-0.014,-1.001,0.4,-0.6,0
117.720850900007,0,0.04,18.6,0,0,0.028,-0.014,-1.001,0.4,-0.6,0
117.730850900007,0,0.04,18.6,0,0,0.028,-0.014,-1.001,0.4,-0.6,0
117.740850900007,0,0.04,18.6,0,0,0.028,-0.014,-1.001,0.4,-0.6,0
117.750850900007,0,0.03,18.6,0,0,0.03,-0.014,-0.998,0.2,-0.6,0
117.760850900007,0,0.03,18.6,0,0,0.03,-0.014,-0.998,0.2,-0.6,0
117.770850900007,0,0.03,18.6,0,0,0.03,-0.014,-0.998,0.2,-0.6,0
117.780850900007,0,0.03,18.6,0,0,0.03,-0.014,-0.998,0.2,-0.6,0
117.790850900007,0,0.03,18.6,0,0,0.03,-0.014,-0.998,0.2,-0.6,0
117.800850900007,0,0.03,18.6,0,0,0.028,-0.012,-1.002,0.3,-0.4,0
117.810850900007,0,0.03,18.6,0,0,0.028,-0.012,-1.002,0.3,-0.4,0
117.820850900007,0,0.03,18.6,0,0,0.028,-0.012,-1.002,0.3,-0.4,0
117.830850900007,0,0.03,18.6,0,0,0.028,-0.012,-1.002,0.3,-0.4,0
117.840850900007,0,0.03,18.6,0,0,0.028,-0.012,-1.002,0.3,-0.4,0
117.850850900007,0,0.03,18.6,0,0,0.028,-0.014,-1.003,0.4,-0.5,0.1
117.860850900007,0,0.03,18.6,0,0,0.028,-0.014,-1.003,0.4,-0.5,0.1
117.870850900007,0,0.03,18.6,0,0,0.028,-0.014,-1.003,0.4,-0.5,0.1
117.880850900007,0,0.03,18.6,0,0,0.028,-0.014,-1.003,0.4,-0.5,0.1
117.890850900007,0,0.03,18.6,0,0,0.028,-0.014,-1.003,0.4,-0.5,0.1
117.900850900007,0,0.03,18.6,0,0,0.028,-0.011,-1.006,0.2,-0.5,0
117.910850900007,0,0.03,18.6,0,0,0.028,-0.011,-1.006,0.2,-0.5,0
117.920850900007,0,0.03,18.6,0,0,0.028,-0.011,-1.006,0.2,-0.5,0
117.930850900007,0,0.03,18.6,0,0,0.028,-0.011,-1.006,0.2,-0.5,0
117.940850900007,0,0.03,18.6,0,0,0.028,-0.011,-1.006,0.2,-0.5,0
117.950850900007,0,0.03,18.5,0,0,0.027,-0.016,-1.003,0.2,-0.6,0
117.960850900007,0,0.03,18.5,0,0,0.027,-0.016,-1.003,0.2,-0.6,0
117.970850900007,0,0.03,18.5,0,0,0.027,-0.016,-1.003,0.2,-0.6,0
117.980850900007,0,0.03,18.5,0,0,0.027,-0.016,-1.003,0.2,-0.6,0
117.990850900007,0,0.03,18.5,0,0,0.027,-0.016,-1.003,0.2,-0.6,0
118.000850900007,0,0.02,18.6,0,0,0.028,-0.01,-0.996,0.3,-0.5,0
118.010850900007,0,0.02,18.6,0,0,0.028,-0.01,-0.996,0.3,-0.5,0
118.020850900007,0,0.02,18.6,0,0,0.028,-0.01,-0.996,0.3,-0.5,0
118.030850900007,0,0.02,18.6,0,0,0.028,-0.01,-0.996,0.3,-0.5,0
118.040850900007,0,0.02,18.6,0,0,0.028,-0.01,-0.996,0.3,-0.5,0
118.050850900007,0,0.02,18.6,0,0,0.028,-0.016,-1.003,0.3,-0.5,0
118.060850900007,0,0.02,18.6,0,0,0.028,-0.016,-1.003,0.3,-0.5,0
118.070850900007,0,0.02,18.6,0,0,0.028,-0.016,-1.003,0.3,-0.5,0
118.080850900007,0,0.02,18.6,0,0,0.028,-0.016,-1.003,0.3,-0.5,0
118.090850900007,0,0.02,18.6,0,0,0.028,-0.016,-1.003,0.3,-0.5,0
118.100850900007,0,0.03,18.6,0,0,0.028,-0.013,-1.003,0.3,-0.6,0
118.110850900007,0,0.03,18.6,0,0,0.028,-0.013,-1.003,0.3,-0.6,0
118.120850900007,0,0.03,18.6,0,0,0.028,-0.013,-1.003,0.3,-0.6,0
118.130850900007,0,0.03,18.6,0,0,0.028,-0.013,-1.003,0.3,-0.6,0
118.140850900007,0,0.03,18.6,0,0,0.028,-0.013,-1.003,0.3,-0.6,0
118.150850900007,0,0.03,18.6,0,0,0.026,-0.013,-1,0.3,-0.5,0.1
118.160850900007,0,0.03,18.6,0,0,0.026,-0.013,-1,0.3,-0.5,0.1
118.170850900007,0,0.03,18.6,0,0,0.026,-0.013,-1,0.3,-0.5,0.1
118.180850900007,0,0.03,18.6,0,0,0.026,-0.013,-1,0.3,-0.5,0.1
118.190850900007,0,0.03,18.6,0,0,0.026,-0.013,-1,0.3,-0.5,0.1
118.200850900007,0,0.03,18.6,0,0,0.03,-0.014,-0.999,0.3,-0.5,0
118.210850900007,0,0.03,18.6,0,0,0.03,-0.014,-0.999,0.3,-0.5,0
118.220850900007,0,0.03,18.6,0,0,0.03,-0.014,-0.999,0.3,-0.5,0
118.230850900007,0,0.03,18.6,0,0,0.03,-0.014,-0.999,0.3,-0.5,0
118.240850900007,0,0.03,18.6,0,0,0.03,-0.014,-0.999,0.3,-0.5,0
118.250850900007,0,0.03,18.6,0,0,0.027,-0.014,-1.001,0.3,-0.5,0
118.260850900007,0,0.03,18.6,0,0,0.027,-0.014,-1.001,0.3,-0.5,0
118.270850900007,0,0.03,18.6,0,0,0.027,-0.014,-1.001,0.3,-0.5,0
118.280850900007,0,0.03,18.6,0,0,0.027,-0.014,-1.001,0.3,-0.5,0
118.290850900007,0,0.03,18.6,0,0,0.027,-0.014,-1.001,0.3,-0.5,0
118.300850900007,0,0.03,18.6,0,0,0.029,-0.014,-1.004,0.4,-0.6,0
118.310850900007,0,0.03,18.6,0,0,0.029,-0.014,-1.004,0.4,-0.6,0
118.320850900007,0,0.03,18.6,0,0,0.029,-0.014,-1.004,0.4,-0.6,0
118.330850900007,0,0.03,18.6,0,0,0.029,-0.014,-1.004,0.4,-0.6,0
118.340850900007,0,0.03,18.6,0,0,0.029,-0.014,-1.004,0.4,-0.6,0
118.350850900007,0,0.03,18.7,0,0,0.028,-0.014,-1.001,0.3,-0.5,0
118.360850900007,0,0.03,18.7,0,0,0.028,-0.014,-1.001,0.3,-0.5,0
118.370850900007,0,0.03,18.7,0,0,0.028,-0.014,-1.001,0.3,-0.5,0
118.380850900007,0,0.03,18.7,0,0,0.028,-0.014,-1.001,0.3,-0.5,0
118.390850900007,0,0.03,18.7,0,0,0.028,-0.014,-1.001,0.3,-0.5,0
118.400850900007,0,0.02,18.6,0,0,0.029,-0.013,-1.001,0.3,-0.5,0
118.410850900007,0,0.02,18.6,0,0,0.029,-0.013,-1.001,0.3,-0.5,0
118.420850900007,0,0.02,18.6,0,0,0.029,-0.013,-1.001,0.3,-0.5,0
118.430850900007,0,0.02,18.6,0,0,0.029,-0.013,-1.001,0.3,-0.5,0
118.440850900007,0,0.02,18.6,0,0,0.029,-0.013,-1.001,0.3,-0.5,0
118.450850900007,0,0.03,18.6,0,0,0.028,-0.012,-1.001,0.2,-0.6,0.1
118.460850900007,0,0.03,18.6,0,0,0.028,-0.012,-1.001,0.2,-0.6,0.1
118.470850900007,0,0.03,18.6,0,0,0.028,-0.012,-1.001,0.2,-0.6,0.1
118.480850900007,0,0.03,18.6,0,0,0.028,-0.012,-1.001,0.2,-0.6,0.1
118.490850900007,0,0.03,18.6,0,0,0.028,-0.012,-1.001,0.2,-0.6,0.1
118.500850900007,0,0.03,18.7,0,0,0.03,-0.012,-0.996,0.3,-0.4,0
118.510850900007,0,0.03,18.7,0,0,0.03,-0.012,-0.996,0.3,-0.4,0
118.520850900007,0,0.03,18.7,0,0,0.03,-0.012,-0.996,0.3,-0.4,0
118.530850900007,0,0.03,18.7,0,0,0.03,-0.012,-0.996,0.3,-0.4,0
118.540850900007,0,0.03,18.7,0,0,0.03,-0.012,-0.996,0.3,-0.4,0
118.550850900007,0,0.04,18.6,0,0,0.028,-0.013,-1.004,0.2,-0.6,0
118.560850900007,0,0.04,18.6,0,0,0.028,-0.013,-1.004,0.2,-0.6,0
118.570850900007,0,0.04,18.6,0,0,0.028,-0.013,-1.004,0.2,-0.6,0
118.580850900007,0,0.04,18.6,0,0,0.028,-0.013,-1.004,0.2,-0.6,0
118.590850900007,0,0.04,18.6,0,0,0.028,-0.013,-1.004,0.2,-0.6,0
118.600850900007,0,0.03,18.6,0,0,0.028,-0.015,-1.001,0.2,-0.6,0
118.610850900007,0,0.03,18.6,0,0,0.028,-0.015,-1.001,0.2,-0.6,0
118.620850900007,0,0.03,18.6,0,0,0.028,-0.015,-1.001,0.2,-0.6,0
118.630850900007,0,0.03,18.6,0,0,0.028,-0.015,-1.001,0.2,-0.6,0
118.640850900007,0,0.03,18.6,0,0,0.028,-0.015,-1.001,0.2,-0.6,0
118.650850900007,0,0.03,18.6,0,0,0.028,-0.011,-1,0.3,-0.6,0
118.660850900007,0,0.03,18.6,0,0,0.028,-0.011,-1,0.3,-0.6,0
118.670850900007,0,0.03,18.6,0,0,0.028,-0.011,-1,0.3,-0.6,0
118.680850900007,0,0.03,18.6,0,0,0.028,-0.011,-1,0.3,-0.6,0
118.690850900007,0,0.03,18.6,0,0,0.028,-0.011,-1,0.3,-0.6,0
118.700850900007,0,0.03,18.5,0,0,0.028,-0.014,-1.001,0.3,-0.6,0
118.710850900007,0,0.03,18.5,0,0,0.028,-0.014,-1.001,0.3,-0.6,0
118.720850900007,0,0.03,18.5,0,0,0.028,-0.014,-1.001,0.3,-0.6,0
118.730850900007,0,0.03,18.5,0,0,0.028,-0.014,-1.001,0.3,-0.6,0
118.740850900007,0,0.03,18.5,0,0,0.028,-0.014,-1.001,0.3,-0.6,0
118.750850900007,0,0.04,18.6,0,0,0.028,-0.013,-1.001,0.3,-0.5,0
118.760850900007,0,0.04,18.6,0,0,0.028,-0.013,-1.001,0.3,-0.5,0
118.770850900007,0,0.04,18.6,0,0,0.028,-0.013,-1.001,0.3,-0.5,0
118.780850900007,0,0.04,18.6,0,0,0.028,-0.013,-1.001,0.3,-0.5,0
118.790850900007,0,0.04,18.6,0,0,0.028,-0.013,-1.001,0.3,-0.5,0
118.800850900007,0,0.03,18.6,0,0,0.029,-0.014,-1.002,0.3,-0.6,0
118.810850900007,0,0.03,18.6,0,0,0.029,-0.014,-1.002,0.3,-0.6,0
118.820850900007,0,0.03,18.6,0,0,0.029,-0.014,-1.002,0.3,-0.6,0
118.830850900007,0,0.03,18.6,0,0,0.029,-0.014,-1.002,0.3,-0.6,0
118.840850900007,0,0.03,18.6,0,0,0.029,-0.014,-1.002,0.3,-0.6,0
118.850850900007,0,0.04,18.6,0,0,0.027,-0.014,-1.002,0.3,-0.6,0
118.860850900007,0,0.04,18.6,0,0,0.027,-0.014,-1.002,0.3,-0.6,0
118.870850900007,0,0.04,18.6,0,0,0.027,-0.014,-1.002,0.3,-0.6,0
118.880850900007,0,0.04,18.6,0,0,0.027,-0.014,-1.002,0.3,-0.6,0
118.890850900007,0,0.04,18.6,0,0,0.027,-0.014,-1.002,0.3,-0.6,0
118.900850900007,0,0.04,18.6,0,0,0.028,-0.013,-1.001,0.4,-0.6,0
118.910850900007,0,0.04,18.6,0,0,0.028,-0.013,-1.001,0.4,-0.6,0
118.920850900007,0,0.04,18.6,0,0,0.028,-0.013,-1.001,0.4,-0.6,0
118.930850900007,0,0.04,18.6,0,0,0.028,-0.013,-1.001,0.4,-0.6,0
118.940850900007,0,0.04,18.6,0,0,0.028,-0.013,-1.001,0.4,-0.6,0
118.950850900007,0,0.02,18.6,0,0,0.029,-0.015,-0.996,0.4,-0.4,0
118.960850900007,0,0.02,18.6,0,0,0.029,-0.015,-0.996,0.4,-0.4,0
118.970850900007,0,0.02,18.6,0,0,0.029,-0.015,-0.996,0.4,-0.4,0
118.980850900007,0,0.02,18.6,0,0,0.029,-0.015,-0.996,0.4,-0.4,0
118.990850900007,0,0.02,18.6,0,0,0.029,-0.015,-0.996,0.4,-0.4,0
119.000850900007,0,0.02,18.6,0,0,0.028,-0.012,-1.002,0.1,-0.4,0
119.010850900007,0,0.02,18.6,0,0,0.028,-0.012,-1.002,0.1,-0.4,0
119.020850900007,0,0.02,18.6,0,0,0.028,-0.012,-1.002,0.1,-0.4,0
119.030850900007,0,0.02,18.6,0,0,0.028,-0.012,-1.002,0.1,-0.4,0
119.040850900007,0,0.02,18.6,0,0,0.028,-0.012,-1.002,0.1,-0.4,0
119.050850900007,0,0.03,18.6,0,0,0.027,-0.015,-1.001,0.3,-0.6,0
119.060850900007,0,0.03,18.6,0,0,0.027,-0.015,-1.001,0.3,-0.6,0
119.070850900007,0,0.03,18.6,0,0,0.027,-0.015,-1.001,0.3,-0.6,0
119.080850900007,0,0.03,18.6,0,0,0.027,-0.015,-1.001,0.3,-0.6,0
119.090850900007,0,0.03,18.6,0,0,0.027,-0.015,-1.001,0.3,-0.6,0
119.100850900007,0,0.04,18.6,0,0,0.03,-0.013,-1.001,0.3,-0.5,0
119.110850900007,0,0.04,18.6,0,0,0.03,-0.013,-1.001,0.3,-0.5,0
119.120850900007,0,0.04,18.6,0,0,0.03,-0.013,-1.001,0.3,-0.5,0
119.130850900007,0,0.04,18.6,0,0,0.03,-0.013,-1.001,0.3,-0.5,0
119.140850900007,0,0.04,18.6,0,0,0.03,-0.013,-1.001,0.3,-0.5,0
119.150850900007,0,0.04,18.7,0,0,0.027,-0.013,-0.999,0.2,-0.5,0
119.160850900008,0,0.04,18.7,0,0,0.027,-0.013,-0.999,0.2,-0.5,0
119.170850900007,0,0.04,18.7,0,0,0.027,-0.013,-0.999,0.2,-0.5,0
119.180850900007,0,0.04,18.7,0,0,0.027,-0.013,-0.999,0.2,-0.5,0
119.190850900008,0,0.04,18.7,0,0,0.027,-0.013,-0.999,0.2,-0.5,0
119.200850900008,0,0.03,18.6,0,0,0.028,-0.013,-1,0.3,-0.6,0
119.210850900008,0,0.03,18.6,0,0,0.028,-0.013,-1,0.3,-0.6,0
119.220850900008,0,0.03,18.6,0,0,0.028,-0.013,-1,0.3,-0.6,0
119.230850900008,0,0.03,18.6,0,0,0.028,-0.013,-1,0.3,-0.6,0
119.240850900008,0,0.03,18.6,0,0,0.028,-0.013,-1,0.3,-0.6,0
119.250850900008,0,0.03,18.6,0,0,0.029,-0.013,-1.004,0.4,-0.6,0
119.260850900008,0,0.03,18.6,0,0,0.029,-0.013,-1.004,0.4,-0.6,0
119.270850900008,0,0.03,18.6,0,0,0.029,-0.013,-1.004,0.4,-0.6,0
119.280850900008,0,0.03,18.6,0,0,0.029,-0.013,-1.004,0.4,-0.6,0
119.290850900008,0,0.03,18.6,0,0,0.029,-0.013,-1.004,0.4,-0.6,0
119.300850900008,0,0.03,18.6,0,0,0.028,-0.014,-1,0.2,-0.5,0
119.310850900008,0,0.03,18.6,0,0,0.028,-0.014,-1,0.2,-0.5,0
119.320850900008,0,0.03,18.6,0,0,0.028,-0.014,-1,0.2,-0.5,0
119.330850900008,0,0.03,18.6,0,0,0.028,-0.014,-1,0.2,-0.5,0
119.340850900008,0,0.03,18.6,0,0,0.028,-0.014,-1,0.2,-0.5,0
119.350850900008,0,0.02,18.6,0,0,0.03,-0.012,-1,0.3,-0.5,0
119.360850900008,0,0.02,18.6,0,0,0.03,-0.012,-1,0.3,-0.5,0
119.370850900008,0,0.02,18.6,0,0,0.03,-0.012,-1,0.3,-0.5,0
119.380850900008,0,0.02,18.6,0,0,0.03,-0.012,-1,0.3,-0.5,0
119.390850900008,0,0.02,18.6,0,0,0.03,-0.012,-1,0.3,-0.5,0
119.400850900008,0,0.02,18.6,0,0,0.027,-0.015,-1.008,0.2,-0.5,0
119.410850900008,0,0.02,18.6,0,0,0.027,-0.015,-1.008,0.2,-0.5,0
119.420850900008,0,0.02,18.6,0,0,0.027,-0.015,-1.008,0.2,-0.5,0
119.430850900008,0,0.02,18.6,0,0,0.027,-0.015,-1.008,0.2,-0.5,0
119.440850900008,0,0.02,18.6,0,0,0.027,-0.015,-1.008,0.2,-0.5,0
119.450850900008,0,0.03,18.6,0,0,0.028,-0.013,-1.002,0.3,-0.6,0
119.460850900008,0,0.03,18.6,0,0,0.028,-0.013,-1.002,0.3,-0.6,0
119.470850900008,0,0.03,18.6,0,0,0.028,-0.013,-1.002,0.3,-0.6,0
119.480850900008,0,0.03,18.6,0,0,0.028,-0.013,-1.002,0.3,-0.6,0
119.490850900008,0,0.03,18.6,0,0,0.028,-0.013,-1.002,0.3,-0.6,0
119.500850900008,0,0.03,18.6,0,0,0.028,-0.013,-1.001,0.3,-0.6,0
119.510850900008,0,0.03,18.6,0,0,0.028,-0.013,-1.001,0.3,-0.6,0
119.520850900008,0,0.03,18.6,0,0,0.028,-0.013,-1.001,0.3,-0.6,0
119.530850900008,0,0.03,18.6,0,0,0.028,-0.013,-1.001,0.3,-0.6,0
119.540850900008,0,0.03,18.6,0,0,0.028,-0.013,-1.001,0.3,-0.6,0
119.550850900008,0,0.02,18.6,0,0,0.028,-0.013,-1.002,0.3,-0.5,0
119.560850900008,0,0.02,18.6,0,0,0.028,-0.013,-1.002,0.3,-0.5,0
119.570850900008,0,0.02,18.6,0,0,0.028,-0.013,-1.002,0.3,-0.5,0
119.580850900008,0,0.02,18.6,0,0,0.028,-0.013,-1.002,0.3,-0.5,0
119.590850900008,0,0.02,18.6,0,0,0.028,-0.013,-1.002,0.3,-0.5,0
119.600850900008,0,0.04,18.7,0,0,0.028,-0.013,-1,0.2,-0.5,0
119.610850900008,0,0.04,18.7,0,0,0.028,-0.013,-1,0.2,-0.5,0
119.620850900008,0,0.04,18.7,0,0,0.028,-0.013,-1,0.2,-0.5,0
119.630850900008,0,0.04,18.7,0,0,0.028,-0.013,-1,0.2,-0.5,0
119.640850900008,0,0.04,18.7,0,0,0.028,-0.013,-1,0.2,-0.5,0
119.650850900008,0,0.03,18.5,0,0,0.029,-0.014,-1.003,0.3,-0.5,0
119.660850900008,0,0.03,18.5,0,0,0.029,-0.014,-1.003,0.3,-0.5,0
119.670850900008,0,0.03,18.5,0,0,0.029,-0.014,-1.003,0.3,-0.5,0
119.680850900008,0,0.03,18.5,0,0,0.029,-0.014,-1.003,0.3,-0.5,0
119.690850900008,0,0.03,18.5,0,0,0.029,-0.014,-1.003,0.3,-0.5,0
119.700850900008,0,0.04,18.6,0,0,0.028,-0.012,-1.002,0.3,-0.6,0
119.710850900008,0,0.04,18.6,0,0,0.028,-0.012,-1.002,0.3,-0.6,0
119.720850900008,0,0.04,18.6,0,0,0.028,-0.012,-1.002,0.3,-0.6,0
119.730850900008,0,0.04,18.6,0,0,0.028,-0.012,-1.002,0.3,-0.6,0
119.740850900008,0,0.04,18.6,0,0,0.028,-0.012,-1.002,0.3,-0.6,0
119.750850900008,0,0.04,18.6,0,0,0.03,-0.014,-1,0.4,-0.5,0
119.760850900008,0,0.04,18.6,0,0,0.03,-0.014,-1,0.4,-0.5,0
119.770850900008,0,0.04,18.6,0,0,0.03,-0.014,-1,0.4,-0.5,0
119.780850900008,0,0.04,18.6,0,0,0.03,-0.014,-1,0.4,-0.5,0
119.790850900008,0,0.04,18.6,0,0,0.03,-0.014,-1,0.4,-0.5,0
119.800850900008,0,0.04,18.6,0,0,0.028,-0.012,-1.001,0.2,-0.6,0
119.810850900008,0,0.04,18.6,0,0,0.028,-0.012,-1.001,0.2,-0.6,0
119.820850900008,0,0.04,18.6,0,0,0.028,-0.012,-1.001,0.2,-0.6,0
119.830850900008,0,0.04,18.6,0,0,0.028,-0.012,-1.001,0.2,-0.6,0
119.840850900008,0,0.04,18.6,0,0,0.028,-0.012,-1.001,0.2,-0.6,0
119.850850900008,0,0.04,18.6,0,0,0.029,-0.015,-1.003,0.4,-0.5,0
119.860850900008,0,0.04,18.6,0,0,0.029,-0.015,-1.003,0.4,-0.5,0
119.870850900008,0,0.04,18.6,0,0,0.029,-0.015,-1.003,0.4,-0.5,0
119.880850900008,0,0.04,18.6,0,0,0.029,-0.015,-1.003,0.4,-0.5,0
119.890850900008,0,0.04,18.6,0,0,0.029,-0.015,-1.003,0.4,-0.5,0
119.900850900008,0,0.02,18.6,0,0,0.028,-0.013,-1.003,0.3,-0.5,0
119.910850900008,0,0.02,18.6,0,0,0.028,-0.013,-1.003,0.3,-0.5,0
119.920850900008,0,0.02,18.6,0,0,0.028,-0.013,-1.003,0.3,-0.5,0
119.930850900008,0,0.02,18.6,0,0,0.028,-0.013,-1.003,0.3,-0.5,0
119.940850900008,0,0.02,18.6,0,0,0.028,-0.013,-1.003,0.3,-0.5,0
119.950850900008,0,0.02,18.6,0,0,0.028,-0.014,-1,0.4,-0.5,0
119.960850900008,0,0.02,18.6,0,0,0.028,-0.014,-1,0.4,-0.5,0
119.970850900008,0,0.02,18.6,0,0,0.028,-0.014,-1,0.4,-0.5,0
119.980850900008,0,0.02,18.6,0,0,0.028,-0.014,-1,0.4,-0.5,0
119.990850900008,0,0.02,18.6,0,0,0.028,-0.014,-1,0.4,-0.5,0
120.000850900008,0,0.04,18.6,0,0,0.028,-0.014,-1.002,0.2,-0.6,0
120.010850900008,0,0.04,18.6,0,0,0.028,-0.014,-1.002,0.2,-0.6,0
120.020850900008,0,0.04,18.6,0,0,0.028,-0.014,-1.002,0.2,-0.6,0
120.030850900008,0,0.04,18.6,0,0,0.028,-0.014,-1.002,0.2,-0.6,0
120.040850900008,0,0.04,18.6,0,0,0.028,-0.014,-1.002,0.2,-0.6,0
120.050850900008,0,0.04,18.6,0,0,0.029,-0.013,-1.007,0.7,-0.3,0
120.060850900008,0,0.04,18.6,0,0,0.029,-0.013,-1.007,0.7,-0.3,0
120.070850900008,0,0.04,18.6,0,0,0.029,-0.013,-1.007,0.7,-0.3,0
120.080850900008,0,0.04,18.6,0,0,0.029,-0.013,-1.007,0.7,-0.3,0
120.090850900008,0,0.04,18.6,0,0,0.029,-0.013,-1.007,0.7,-0.3,0
120.100850900008,0,0.03,18.6,0,0,0.025,-0.015,-1.008,0.3,-0.3,0
120.110850900008,0,0.03,18.6,0,0,0.025,-0.015,-1.008,0.3,-0.3,0
120.120850900008,0,0.03,18.6,0,0,0.025,-0.015,-1.008,0.3,-0.3,0
120.130850900008,0,0.03,18.6,0,0,0.025,-0.015,-1.008,0.3,-0.3,0
120.140850900008,0,0.03,18.6,0,0,0.025,-0.015,-1.008,0.3,-0.3,0
120.150850900008,0,0.03,18.6,0,0,0.031,-0.012,-1.002,0.3,-0.5,0
120.160850900008,0,0.03,18.6,0,0,0.031,-0.012,-1.002,0.3,-0.5,0
120.170850900008,0,0.03,18.6,0,0,0.031,-0.012,-1.002,0.3,-0.5,0
120.180850900008,0,0.03,18.6,0,0,0.031,-0.012,-1.002,0.3,-0.5,0
120.190850900008,0,0.03,18.6,0,0,0.031,-0.012,-1.002,0.3,-0.5,0
120.200850900008,0,0.03,18.6,0,0,0.026,-0.013,-1.005,0.1,-0.6,0
120.210850900008,0,0.03,18.6,0,0,0.026,-0.013,-1.005,0.1,-0.6,0
120.220850900008,0,0.03,18.6,0,0,0.026,-0.013,-1.005,0.1,-0.6,0
120.230850900008,0,0.03,18.6,0,0,0.026,-0.013,-1.005,0.1,-0.6,0
120.240850900008,0,0.03,18.6,0,0,0.026,-0.013,-1.005,0.1,-0.6,0
120.250850900008,0,0.04,18.6,0,0,0.029,-0.013,-1.002,0.4,-0.6,0
120.260850900008,0,0.04,18.6,0,0,0.029,-0.013,-1.002,0.4,-0.6,0
120.270850900008,0,0.04,18.6,0,0,0.029,-0.013,-1.002,0.4,-0.6,0
120.280850900008,0,0.04,18.6,0,0,0.029,-0.013,-1.002,0.4,-0.6,0
120.290850900008,0,0.04,18.6,0,0,0.029,-0.013,-1.002,0.4,-0.6,0
120.300850900008,0,0.03,18.6,0,0,0.028,-0.013,-0.998,0.3,-0.6,0
120.310850900008,0,0.03,18.6,0,0,0.028,-0.013,-0.998,0.3,-0.6,0
120.320850900008,0,0.03,18.6,0,0,0.028,-0.013,-0.998,0.3,-0.6,0
120.330850900008,0,0.03,18.6,0,0,0.028,-0.013,-0.998,0.3,-0.6,0
120.340850900008,0,0.03,18.6,0,0,0.028,-0.013,-0.998,0.3,-0.6,0
120.350850900008,0,0.04,18.6,0,0,0.026,-0.014,-1.01,0.3,-0.4,0
120.360850900008,0,0.04,18.6,0,0,0.026,-0.014,-1.01,0.3,-0.4,0
120.370850900008,0,0.04,18.6,0,0,0.026,-0.014,-1.01,0.3,-0.4,0
120.380850900008,0,0.04,18.6,0,0,0.026,-0.014,-1.01,0.3,-0.4,0
120.390850900008,0,0.04,18.6,0,0,0.026,-0.014,-1.01,0.3,-0.4,0
120.400850900008,0,0.03,18.6,0,0,0.028,-0.011,-1.003,0.3,-0.6,0
120.410850900008,0,0.03,18.6,0,0,0.028,-0.011,-1.003,0.3,-0.6,0
120.420850900008,0,0.03,18.6,0,0,0.028,-0.011,-1.003,0.3,-0.6,0
120.430850900008,0,0.03,18.6,0,0,0.028,-0.011,-1.003,0.3,-0.6,0
120.440850900008,0,0.03,18.6,0,0,0.028,-0.011,-1.003,0.3,-0.6,0
120.450850900008,0,0.02,18.6,0,0,0.029,-0.016,-1.002,0.2,-0.6,0
120.460850900008,0,0.02,18.6,0,0,0.029,-0.016,-1.002,0.2,-0.6,0
120.470850900008,0,0.02,18.6,0,0,0.029,-0.016,-1.002,0.2,-0.6,0
120.480850900008,0,0.02,18.6,0,0,0.029,-0.016,-1.002,0.2,-0.6,0
120.490850900008,0,0.02,18.6,0,0,0.029,-0.016,-1.002,0.2,-0.6,0
120.500850900008,0,0.03,18.5,0,0,0.028,-0.013,-1.003,0.1,-0.5,0
120.510850900008,0,0.03,18.5,0,0,0.028,-0.013,-1.003,0.1,-0.5,0
120.520850900008,0,0.03,18.5,0,0,0.028,-0.013,-1.003,0.1,-0.5,0
120.530850900008,0,0.03,18.5,0,0,0.028,-0.013,-1.003,0.1,-0.5,0
120.540850900008,0,0.03,18.5,0,0,0.028,-0.013,-1.003,0.1,-0.5,0
120.550850900008,0,0.03,18.6,0,0,0.028,-0.014,-1.003,0.3,-0.5,0
120.560850900008,0,0.03,18.6,0,0,0.028,-0.014,-1.003,0.3,-0.5,0
120.570850900008,0,0.03,18.6,0,0,0.028,-0.014,-1.003,0.3,-0.5,0
120.580850900008,0,0.03,18.6,0,0,0.028,-0.014,-1.003,0.3,-0.5,0
120.590850900008,0,0.03,18.6,0,0,0.028,-0.014,-1.003,0.3,-0.5,0
120.600850900008,0,0.04,18.7,0,0,0.026,-0.013,-1,0.1,-0.6,0
120.610850900008,0,0.04,18.7,0,0,0.026,-0.013,-1,0.1,-0.6,0
120.620850900008,0,0.04,18.7,0,0,0.026,-0.013,-1,0.1,-0.6,0
120.630850900008,0,0.04,18.7,0,0,0.026,-0.013,-1,0.1,-0.6,0
120.640850900008,0,0.04,18.7,0,0,0.026,-0.013,-1,0.1,-0.6,0
120.650850900008,0,0.02,18.6,0,0,0.032,-0.013,-1,0.2,-0.5,0
120.660850900008,0,0.02,18.6,0,0,0.032,-0.013,-1,0.2,-0.5,0
120.670850900008,0,0.02,18.6,0,0,0.032,-0.013,-1,0.2,-0.5,0
120.680850900008,0,0.02,18.6,0,0,0.032,-0.013,-1,0.2,-0.5,0
120.690850900008,0,0.02,18.6,0,0,0.032,-0.013,-1,0.2,-0.5,0
120.700850900008,0,0.02,18.6,0,0,0.028,-0.015,-0.986,0.3,-0.4,0.1
120.710850900008,0,0.02,18.6,0,0,0.028,-0.015,-0.986,0.3,-0.4,0.1
120.720850900008,0,0.02,18.6,0,0,0.028,-0.015,-0.986,0.3,-0.4,0.1
120.730850900008,0,0.02,18.6,0,0,0.028,-0.015,-0.986,0.3,-0.4,0.1
120.740850900008,0,0.02,18.6,0,0,0.028,-0.015,-0.986,0.3,-0.4,0.1
120.750850900008,0,0.03,18.7,0,0,0.028,-0.011,-0.995,0.9,0,0
120.760850900008,0,0.03,18.7,0,0,0.028,-0.011,-0.995,0.9,0,0
120.770850900008,0,0.03,18.7,0,0,0.028,-0.011,-0.995,0.9,0,0
120.780850900008,0,0.03,18.7,0,0,0.028,-0.011,-0.995,0.9,0,0
120.790850900008,0,0.03,18.7,0,0,0.028,-0.011,-0.995,0.9,0,0
120.800850900008,0,0.04,18.6,0,0,0.029,-0.014,-1.012,0.2,-0.5,0
120.810850900008,0,0.04,18.6,0,0,0.029,-0.014,-1.012,0.2,-0.5,0
120.820850900008,0,0.04,18.6,0,0,0.029,-0.014,-1.012,0.2,-0.5,0
120.830850900008,0,0.04,18.6,0,0,0.029,-0.014,-1.012,0.2,-0.5,0
120.840850900008,0,0.04,18.6,0,0,0.029,-0.014,-1.012,0.2,-0.5,0
120.850850900008,0,0.04,18.6,0,0,0.028,-0.016,-1.003,0.1,-0.6,0
120.860850900008,0,0.04,18.6,0,0,0.028,-0.016,-1.003,0.1,-0.6,0
120.870850900008,0,0.04,18.6,0,0,0.028,-0.016,-1.003,0.1,-0.6,0
120.880850900008,0,0.04,18.6,0,0,0.028,-0.016,-1.003,0.1,-0.6,0
120.890850900008,0,0.04,18.6,0,0,0.028,-0.016,-1.003,0.1,-0.6,0
120.900850900008,0,0.04,18.7,0,0,0.028,-0.016,-1.021,0.1,-0.5,0
120.910850900008,0,0.04,18.7,0,0,0.028,-0.016,-1.021,0.1,-0.5,0
120.920850900008,0,0.04,18.7,0,0,0.028,-0.016,-1.021,0.1,-0.5,0
120.930850900008,0,0.04,18.7,0,0,0.028,-0.016,-1.021,0.1,-0.5,0
120.940850900008,0,0.04,18.7,0,0,0.028,-0.016,-1.021,0.1,-0.5,0
120.950850900008,0,0.03,18.5,0,0,0.029,-0.016,-0.982,0.4,-0.4,0
120.960850900008,0,0.03,18.5,0,0,0.029,-0.016,-0.982,0.4,-0.4,0
120.970850900008,0,0.03,18.5,0,0,0.029,-0.016,-0.982,0.4,-0.4,0
120.980850900008,0,0.03,18.5,0,0,0.029,-0.016,-0.982,0.4,-0.4,0
120.990850900008,0,0.03,18.5,0,0,0.029,-0.016,-0.982,0.4,-0.4,0
121.000850900008,0,0.02,18.6,0,0,0.029,-0.014,-0.997,0,-0.5,0
121.010850900008,0,0.02,18.6,0,0,0.029,-0.014,-0.997,0,-0.5,0
121.020850900008,0,0.02,18.6,0,0,0.029,-0.014,-0.997,0,-0.5,0
121.030850900008,0,0.02,18.6,0,0,0.029,-0.014,-0.997,0,-0.5,0
121.040850900008,0,0.02,18.6,0,0,0.029,-0.014,-0.997,0,-0.5,0
121.050850900008,0,0.02,18.6,0,0,0.026,-0.01,-1.002,0.3,-0.6,0
121.060850900008,0,0.02,18.6,0,0,0.026,-0.01,-1.002,0.3,-0.6,0
121.070850900008,0,0.02,18.6,0,0,0.026,-0.01,-1.002,0.3,-0.6,0
121.080850900008,0,0.02,18.6,0,0,0.026,-0.01,-1.002,0.3,-0.6,0
121.090850900008,0,0.02,18.6,0,0,0.026,-0.01,-1.002,0.3,-0.6,0
121.100850900008,0,0.03,18.5,0,0,0.031,-0.014,-1.004,0.3,-0.5,0
121.110850900008,0,0.03,18.5,0,0,0.031,-0.014,-1.004,0.3,-0.5,0
121.120850900008,0,0.03,18.5,0,0,0.031,-0.014,-1.004,0.3,-0.5,0
121.130850900008,0,0.03,18.5,0,0,0.031,-0.014,-1.004,0.3,-0.5,0
121.140850900008,0,0.03,18.5,0,0,0.031,-0.014,-1.004,0.3,-0.5,0
121.150850900008,0,0.04,18.7,0,0,0.025,-0.013,-1.003,0.3,-0.5,0.1
121.160850900008,0,0.04,18.7,0,0,0.025,-0.013,-1.003,0.3,-0.5,0.1
121.170850900008,0,0.04,18.7,0,0,0.025,-0.013,-1.003,0.3,-0.5,0.1
121.180850900008,0,0.04,18.7,0,0,0.025,-0.013,-1.003,0.3,-0.5,0.1
121.190850900008,0,0.04,18.7,0,0,0.025,-0.013,-1.003,0.3,-0.5,0.1
121.200850900008,0,0.04,18.6,0,0,0.029,-0.014,-1.008,0.2,-0.6,0
121.210850900008,0,0.04,18.6,0,0,0.029,-0.014,-1.008,0.2,-0.6,0
121.220850900008,0,0.04,18.6,0,0,0.029,-0.014,-1.008,0.2,-0.6,0
121.230850900008,0,0.04,18.6,0,0,0.029,-0.014,-1.008,0.2,-0.6,0
121.240850900008,0,0.04,18.6,0,0,0.029,-0.014,-1.008,0.2,-0.6,0
121.250850900008,0,0.02,18.6,0,0,0.027,-0.015,-1.003,0.3,-0.6,0
121.260850900008,0,0.02,18.6,0,0,0.027,-0.015,-1.003,0.3,-0.6,0
121.270850900008,0,0.02,18.6,0,0,0.027,-0.015,-1.003,0.3,-0.6,0
121.280850900008,0,0.02,18.6,0,0,0.027,-0.015,-1.003,0.3,-0.6,0
121.290850900008,0,0.02,18.6,0,0,0.027,-0.015,-1.003,0.3,-0.6,0
121.300850900008,0,0.02,18.6,0,0,0.027,-0.01,-0.996,0.4,-0.6,0
121.310850900008,0,0.02,18.6,0,0,0.027,-0.01,-0.996,0.4,-0.6,0
121.320850900008,0,0.02,18.6,0,0,0.027,-0.01,-0.996,0.4,-0.6,0
121.330850900008,0,0.02,18.6,0,0,0.027,-0.01,-0.996,0.4,-0.6,0
121.340850900008,0,0.02,18.6,0,0,0.027,-0.01,-0.996,0.4,-0.6,0
121.350850900008,0,0.02,18.6,0,0,0.028,-0.014,-1.003,0.2,-0.5,0
121.360850900008,0,0.02,18.6,0,0,0.028,-0.014,-1.003,0.2,-0.5,0
121.370850900008,0,0.02,18.6,0,0,0.028,-0.014,-1.003,0.2,-0.5,0
121.380850900008,0,0.02,18.6,0,0,0.028,-0.014,-1.003,0.2,-0.5,0
121.390850900008,0,0.02,18.6,0,0,0.028,-0.014,-1.003,0.2,-0.5,0
121.400850900008,0,0.04,18.6,0,0,0.026,-0.013,-1.005,0.4,-0.6,0
121.410850900008,0,0.04,18.6,0,0,0.026,-0.013,-1.005,0.4,-0.6,0
121.420850900008,0,0.04,18.6,0,0,0.026,-0.013,-1.005,0.4,-0.6,0
121.430850900008,0,0.04,18.6,0,0,0.026,-0.013,-1.005,0.4,-0.6,0
121.440850900008,0,0.04,18.6,0,0,0.026,-0.013,-1.005,0.4,-0.6,0
121.450850900008,0,0.04,18.6,0,0,0.029,-0.013,-1.001,0.3,-0.6,0
121.460850900008,0,0.04,18.6,0,0,0.029,-0.013,-1.001,0.3,-0.6,0
121.470850900008,0,0.04,18.6,0,0,0.029,-0.013,-1.001,0.3,-0.6,0
121.480850900008,0,0.04,18.6,0,0,0.029,-0.013,-1.001,0.3,-0.6,0
121.490850900008,0,0.04,18.6,0,0,0.029,-0.013,-1.001,0.3,-0.6,0
121.500850900008,0,0.03,18.6,0,0,0.029,-0.013,-0.999,0.3,-0.5,0
121.510850900008,0,0.03,18.6,0,0,0.029,-0.013,-0.999,0.3,-0.5,0
121.520850900008,0,0.03,18.6,0,0,0.029,-0.013,-0.999,0.3,-0.5,0
121.530850900008,0,0.03,18.6,0,0,0.029,-0.013,-0.999,0.3,-0.5,0
121.540850900008,0,0.03,18.6,0,0,0.029,-0.013,-0.999,0.3,-0.5,0
121.550850900008,0,0.04,18.6,0,0,0.028,-0.014,-1.001,0.3,-0.6,0
121.560850900008,0,0.04,18.6,0,0,0.028,-0.014,-1.001,0.3,-0.6,0
121.570850900008,0,0.04,18.6,0,0,0.028,-0.014,-1.001,0.3,-0.6,0
121.580850900008,0,0.04,18.6,0,0,0.028,-0.014,-1.001,0.3,-0.6,0
121.590850900008,0,0.04,18.6,0,0,0.028,-0.014,-1.001,0.3,-0.6,0
121.600850900008,0,0.02,18.6,0,0,0.029,-0.014,-1.003,0.3,-0.5,0
121.610850900008,0,0.02,18.6,0,0,0.029,-0.014,-1.003,0.3,-0.5,0
121.620850900008,0,0.02,18.6,0,0,0.029,-0.014,-1.003,0.3,-0.5,0
121.630850900008,0,0.02,18.6,0,0,0.029,-0.014,-1.003,0.3,-0.5,0
121.640850900008,0,0.02,18.6,0,0,0.029,-0.014,-1.003,0.3,-0.5,0
121.650850900008,0,0.04,18.6,0,0,0.028,-0.013,-1,0.3,-0.6,0.1
121.660850900008,0,0.04,18.6,0,0,0.028,-0.013,-1,0.3,-0.6,0.1
121.670850900008,0,0.04,18.6,0,0,0.028,-0.013,-1,0.3,-0.6,0.1
121.680850900008,0,0.04,18.6,0,0,0.028,-0.013,-1,0.3,-0.6,0.1
121.690850900008,0,0.04,18.6,0,0,0.028,-0.013,-1,0.3,-0.6,0.1
121.700850900008,0,0.02,18.6,0,0,0.029,-0.013,-1.001,0.2,-0.5,0
121.710850900008,0,0.02,18.6,0,0,0.029,-0.013,-1.001,0.2,-0.5,0
121.720850900008,0,0.02,18.6,0,0,0.029,-0.013,-1.001,0.2,-0.5,0
121.730850900008,0,0.02,18.6,0,0,0.029,-0.013,-1.001,0.2,-0.5,0
121.740850900008,0,0.02,18.6,0,0,0.029,-0.013,-1.001,0.2,-0.5,0
121.750850900008,0,0.03,18.6,0,0,0.028,-0.013,-1.002,0.3,-0.5,0
121.760850900008,0,0.03,18.6,0,0,0.028,-0.013,-1.002,0.3,-0.5,0
121.770850900008,0,0.03,18.6,0,0,0.028,-0.013,-1.002,0.3,-0.5,0
121.780850900008,0,0.03,18.6,0,0,0.028,-0.013,-1.002,0.3,-0.5,0
121.790850900008,0,0.03,18.6,0,0,0.028,-0.013,-1.002,0.3,-0.5,0
121.800850900008,0,0.02,18.6,0,0,0.029,-0.016,-1.004,0.3,-0.4,0
121.810850900008,0,0.02,18.6,0,0,0.029,-0.016,-1.004,0.3,-0.4,0
121.820850900008,0,0.02,18.6,0,0,0.029,-0.016,-1.004,0.3,-0.4,0
121.830850900008,0,0.02,18.6,0,0,0.029,-0.016,-1.004,0.3,-0.4,0
121.840850900008,0,0.02,18.6,0,0,0.029,-0.016,-1.004,0.3,-0.4,0
121.850850900008,0,0.02,18.6,0,0,0.027,-0.012,-1,0.2,-0.6,0
121.860850900008,0,0.02,18.6,0,0,0.027,-0.012,-1,0.2,-0.6,0
121.870850900008,0,0.02,18.6,0,0,0.027,-0.012,-1,0.2,-0.6,0
121.880850900008,0,0.02,18.6,0,0,0.027,-0.012,-1,0.2,-0.6,0
121.890850900008,0,0.02,18.6,0,0,0.027,-0.012,-1,0.2,-0.6,0
121.900850900008,0,0.04,18.7,0,0,0.03,-0.014,-1.001,0.2,-0.6,0
121.910850900008,0,0.04,18.7,0,0,0.03,-0.014,-1.001,0.2,-0.6,0
121.920850900008,0,0.04,18.7,0,0,0.03,-0.014,-1.001,0.2,-0.6,0
121.930850900008,0,0.04,18.7,0,0,0.03,-0.014,-1.001,0.2,-0.6,0
121.940850900008,0,0.04,18.7,0,0,0.03,-0.014,-1.001,0.2,-0.6,0
121.950850900008,0,0.03,18.6,0,0,0.028,-0.013,-1.001,0.2,-0.6,0
121.960850900008,0,0.03,18.6,0,0,0.028,-0.013,-1.001,0.2,-0.6,0
121.970850900008,0,0.03,18.6,0,0,0.028,-0.013,-1.001,0.2,-0.6,0
121.980850900008,0,0.03,18.6,0,0,0.028,-0.013,-1.001,0.2,-0.6,0
121.990850900008,0,0.03,18.6,0,0,0.028,-0.013,-1.001,0.2,-0.6,0
122.000850900008,0,0.03,18.6,0,0,0.027,-0.014,-1.004,0.3,-0.4,0
122.010850900008,0,0.03,18.6,0,0,0.027,-0.014,-1.004,0.3,-0.4,0
122.020850900008,0,0.03,18.6,0,0,0.027,-0.014,-1.004,0.3,-0.4,0
122.030850900008,0,0.03,18.6,0,0,0.027,-0.014,-1.004,0.3,-0.4,0
122.040850900008,0,0.03,18.6,0,0,0.027,-0.014,-1.004,0.3,-0.4,0
122.050850900008,0,0.02,18.6,0,0,0.029,-0.014,-1.003,0.3,-0.5,0
122.060850900008,0,0.02,18.6,0,0,0.029,-0.014,-1.003,0.3,-0.5,0
122.070850900008,0,0.02,18.6,0,0,0.029,-0.014,-1.003,0.3,-0.5,0
122.080850900008,0,0.02,18.6,0,0,0.029,-0.014,-1.003,0.3,-0.5,0
122.090850900008,0,0.02,18.6,0,0,0.029,-0.014,-1.003,0.3,-0.5,0
122.100850900008,0,0.03,18.6,0,0,0.028,-0.013,-1.001,0.3,-0.5,0
122.110850900008,0,0.03,18.6,0,0,0.028,-0.013,-1.001,0.3,-0.5,0
122.120850900008,0,0.03,18.6,0,0,0.028,-0.013,-1.001,0.3,-0.5,0
122.130850900008,0,0.03,18.6,0,0,0.028,-0.013,-1.001,0.3,-0.5,0
122.140850900008,0,0.03,18.6,0,0,0.028,-0.013,-1.001,0.3,-0.5,0
122.150850900008,0,0.03,18.6,0,0,0.027,-0.013,-1.004,0.3,-0.5,0.1
122.160850900008,0,0.03,18.6,0,0,0.027,-0.013,-1.004,0.3,-0.5,0.1
122.170850900008,0,0.03,18.6,0,0,0.027,-0.013,-1.004,0.3,-0.5,0.1
122.180850900008,0,0.03,18.6,0,0,0.027,-0.013,-1.004,0.3,-0.5,0.1
122.190850900008,0,0.03,18.6,0,0,0.027,-0.013,-1.004,0.3,-0.5,0.1
122.200850900008,0,0.02,18.6,0,0,0.028,-0.013,-0.999,0.2,-0.5,0
122.210850900008,0,0.02,18.6,0,0,0.028,-0.013,-0.999,0.2,-0.5,0
122.220850900008,0,0.02,18.6,0,0,0.028,-0.013,-0.999,0.2,-0.5,0
122.230850900008,0,0.02,18.6,0,0,0.028,-0.013,-0.999,0.2,-0.5,0
122.240850900008,0,0.02,18.6,0,0,0.028,-0.013,-0.999,0.2,-0.5,0
122.250850900008,0,0.03,18.6,0,0,0.028,-0.015,-1,0.3,-0.5,0.1
122.260850900008,0,0.03,18.6,0,0,0.028,-0.015,-1,0.3,-0.5,0.1
122.270850900008,0,0.03,18.6,0,0,0.028,-0.015,-1,0.3,-0.5,0.1
122.280850900008,0,0.03,18.6,0,0,0.028,-0.015,-1,0.3,-0.5,0.1
122.290850900008,0,0.03,18.6,0,0,0.028,-0.015,-1,0.3,-0.5,0.1
122.300850900008,0,0.03,18.6,0,0,0.027,-0.013,-1,0.3,-0.6,0
122.310850900008,0,0.03,18.6,0,0,0.027,-0.013,-1,0.3,-0.6,0
122.320850900008,0,0.03,18.6,0,0,0.027,-0.013,-1,0.3,-0.6,0
122.330850900008,0,0.03,18.6,0,0,0.027,-0.013,-1,0.3,-0.6,0
122.340850900008,0,0.03,18.6,0,0,0.027,-0.013,-1,0.3,-0.6,0
122.350850900008,0,0.02,18.6,0,0,0.029,-0.013,-1.001,0.3,-0.4,0
122.360850900008,0,0.02,18.6,0,0,0.029,-0.013,-1.001,0.3,-0.4,0
122.370850900008,0,0.02,18.6,0,0,0.029,-0.013,-1.001,0.3,-0.4,0
122.380850900008,0,0.02,18.6,0,0,0.029,-0.013,-1.001,0.3,-0.4,0
122.390850900008,0,0.02,18.6,0,0,0.029,-0.013,-1.001,0.3,-0.4,0
122.400850900008,0,0.04,18.7,0,0,0.029,-0.013,-1.002,0.3,-0.6,0
122.410850900008,0,0.04,18.7,0,0,0.029,-0.013,-1.002,0.3,-0.6,0
122.420850900008,0,0.04,18.7,0,0,0.029,-0.013,-1.002,0.3,-0.6,0
122.430850900008,0,0.04,18.7,0,0,0.029,-0.013,-1.002,0.3,-0.6,0
122.440850900008,0,0.04,18.7,0,0,0.029,-0.013,-1.002,0.3,-0.6,0
122.450850900008,0,0.03,18.6,0,0,0.029,-0.013,-1.002,0.1,-0.5,0.1
122.460850900008,0,0.03,18.6,0,0,0.029,-0.013,-1.002,0.1,-0.5,0.1
122.470850900008,0,0.03,18.6,0,0,0.029,-0.013,-1.002,0.1,-0.5,0.1
122.480850900008,0,0.03,18.6,0,0,0.029,-0.013,-1.002,0.1,-0.5,0.1
122.490850900008,0,0.03,18.6,0,0,0.029,-0.013,-1.002,0.1,-0.5,0.1
122.500850900008,0,0.04,18.6,0,0,0.028,-0.014,-1.004,0.1,-0.6,0
122.510850900008,0,0.04,18.6,0,0,0.028,-0.014,-1.004,0.1,-0.6,0
122.520850900008,0,0.04,18.6,0,0,0.028,-0.014,-1.004,0.1,-0.6,0
122.530850900008,0,0.04,18.6,0,0,0.028,-0.014,-1.004,0.1,-0.6,0
122.540850900008,0,0.04,18.6,0,0,0.028,-0.014,-1.004,0.1,-0.6,0
122.550850900008,0,0.04,18.6,0,0,0.028,-0.012,-1,0.3,-0.6,0
122.560850900008,0,0.04,18.6,0,0,0.028,-0.012,-1,0.3,-0.6,0
122.570850900008,0,0.04,18.6,0,0,0.028,-0.012,-1,0.3,-0.6,0
122.580850900008,0,0.04,18.6,0,0,0.028,-0.012,-1,0.3,-0.6,0
122.590850900008,0,0.04,18.6,0,0,0.028,-0.012,-1,0.3,-0.6,0
122.600850900008,0,0.02,18.6,0,0,0.028,-0.014,-1.004,0.2,-0.4,0
122.610850900008,0,0.02,18.6,0,0,0.028,-0.014,-1.004,0.2,-0.4,0
122.620850900008,0,0.02,18.6,0,0,0.028,-0.014,-1.004,0.2,-0.4,0
122.630850900008,0,0.02,18.6,0,0,0.028,-0.014,-1.004,0.2,-0.4,0
122.640850900008,0,0.02,18.6,0,0,0.028,-0.014,-1.004,0.2,-0.4,0
122.650850900008,0,0.03,18.7,0,0,0.027,-0.014,-1.002,0.3,-0.6,0
122.660850900008,0,0.03,18.7,0,0,0.027,-0.014,-1.002,0.3,-0.6,0
122.670850900008,0,0.03,18.7,0,0,0.027,-0.014,-1.002,0.3,-0.6,0
122.680850900008,0,0.03,18.7,0,0,0.027,-0.014,-1.002,0.3,-0.6,0
122.690850900008,0,0.03,18.7,0,0,0.027,-0.014,-1.002,0.3,-0.6,0
122.700850900008,0,0.03,18.7,0,0,0.029,-0.014,-1.003,0.3,-0.5,0
122.710850900008,0,0.03,18.7,0,0,0.029,-0.014,-1.003,0.3,-0.5,0
122.720850900008,0,0.03,18.7,0,0,0.029,-0.014,-1.003,0.3,-0.5,0
122.730850900008,0,0.03,18.7,0,0,0.029,-0.014,-1.003,0.3,-0.5,0
122.740850900008,0,0.03,18.7,0,0,0.029,-0.014,-1.003,0.3,-0.5,0
122.750850900008,0,0.03,18.7,0,0,0.028,-0.011,-1,0.3,-0.6,0
122.760850900008,0,0.03,18.7,0,0,0.028,-0.011,-1,0.3,-0.6,0
122.770850900008,0,0.03,18.7,0,0,0.028,-0.011,-1,0.3,-0.6,0
122.780850900008,0,0.03,18.7,0,0,0.028,-0.011,-1,0.3,-0.6,0
122.790850900008,0,0.03,18.7,0,0,0.028,-0.011,-1,0.3,-0.6,0
122.800850900008,0,0.04,18.7,0,0,0.03,-0.015,-1,0.4,-0.5,0
122.810850900008,0,0.04,18.7,0,0,0.03,-0.015,-1,0.4,-0.5,0
122.820850900008,0,0.04,18.7,0,0,0.03,-0.015,-1,0.4,-0.5,0
122.830850900008,0,0.04,18.7,0,0,0.03,-0.015,-1,0.4,-0.5,0
122.840850900008,0,0.04,18.7,0,0,0.03,-0.015,-1,0.4,-0.5,0
122.850850900008,0,0.03,18.7,0,0,0.027,-0.012,-1.003,0.3,-0.6,0
122.860850900008,0,0.03,18.7,0,0,0.027,-0.012,-1.003,0.3,-0.6,0
122.870850900008,0,0.03,18.7,0,0,0.027,-0.012,-1.003,0.3,-0.6,0
122.880850900008,0,0.03,18.7,0,0,0.027,-0.012,-1.003,0.3,-0.6,0
122.890850900008,0,0.03,18.7,0,0,0.027,-0.012,-1.003,0.3,-0.6,0
122.900850900008,0,0.04,18.7,0,0,0.028,-0.013,-1,0.2,-0.4,0
122.910850900008,0,0.04,18.7,0,0,0.028,-0.013,-1,0.2,-0.4,0
122.920850900008,0,0.04,18.7,0,0,0.028,-0.013,-1,0.2,-0.4,0
122.930850900008,0,0.04,18.7,0,0,0.028,-0.013,-1,0.2,-0.4,0
122.940850900008,0,0.04,18.7,0,0,0.028,-0.013,-1,0.2,-0.4,0
122.950850900008,0,0.03,18.6,0,0,0.028,-0.011,-1.007,0.4,-1,0
122.960850900008,0,0.03,18.6,0,0,0.028,-0.011,-1.007,0.4,-1,0
122.970850900008,0,0.03,18.6,0,0,0.028,-0.011,-1.007,0.4,-1,0
122.980850900008,0,0.03,18.6,0,0,0.028,-0.011,-1.007,0.4,-1,0
122.990850900008,0,0.03,18.6,0,0,0.028,-0.011,-1.007,0.4,-1,0
123.000850900008,0,0.03,18.6,0,0,0.026,-0.012,-1.017,0.2,-0.4,0
123.010850900008,0,0.03,18.6,0,0,0.026,-0.012,-1.017,0.2,-0.4,0
123.020850900008,0,0.03,18.6,0,0,0.026,-0.012,-1.017,0.2,-0.4,0
123.030850900008,0,0.03,18.6,0,0,0.026,-0.012,-1.017,0.2,-0.4,0
123.040850900008,0,0.03,18.6,0,0,0.026,-0.012,-1.017,0.2,-0.4,0
123.050850900008,0,0.03,18.6,0,0,0.034,-0.02,-0.975,0,-1,0.1
123.060850900008,0,0.03,18.6,0,0,0.034,-0.02,-0.975,0,-1,0.1
123.070850900008,0,0.03,18.6,0,0,0.034,-0.02,-0.975,0,-1,0.1
123.080850900008,0,0.03,18.6,0,0,0.034,-0.02,-0.975,0,-1,0.1
123.090850900008,0,0.03,18.6,0,0,0.034,-0.02,-0.975,0,-1,0.1
123.100850900008,0,0.04,18.6,0,0,0.029,-0.012,-0.982,0.3,-0.6,0
123.110850900008,0,0.04,18.6,0,0,0.029,-0.012,-0.982,0.3,-0.6,0
123.120850900008,0,0.04,18.6,0,0,0.029,-0.012,-0.982,0.3,-0.6,0
123.130850900008,0,0.04,18.6,0,0,0.029,-0.012,-0.982,0.3,-0.6,0
123.140850900008,0,0.04,18.6,0,0,0.029,-0.012,-0.982,0.3,-0.6,0
123.150850900008,0,0.04,18.6,0,0,0.029,-0.016,-1.006,0.2,-0.5,0
123.160850900008,0,0.04,18.6,0,0,0.029,-0.016,-1.006,0.2,-0.5,0
123.170850900008,0,0.04,18.6,0,0,0.029,-0.016,-1.006,0.2,-0.5,0
123.180850900008,0,0.04,18.6,0,0,0.029,-0.016,-1.006,0.2,-0.5,0
123.190850900008,0,0.04,18.6,0,0,0.029,-0.016,-1.006,0.2,-0.5,0
123.200850900008,0,0.03,18.6,0,0,0.029,-0.01,-0.998,0,-1.5,0
123.210850900008,0,0.03,18.6,0,0,0.029,-0.01,-0.998,0,-1.5,0
123.220850900008,0,0.03,18.6,0,0,0.029,-0.01,-0.998,0,-1.5,0
123.230850900008,0,0.03,18.6,0,0,0.029,-0.01,-0.998,0,-1.5,0
123.240850900008,0,0.03,18.6,0,0,0.029,-0.01,-0.998,0,-1.5,0
123.250850900008,0,0.03,18.6,0,0,0.028,-0.018,-1.014,0.1,-0.7,0.1
123.260850900008,0,0.03,18.6,0,0,0.028,-0.018,-1.014,0.1,-0.7,0.1
123.270850900008,0,0.03,18.6,0,0,0.028,-0.018,-1.014,0.1,-0.7,0.1
123.280850900008,0,0.03,18.6,0,0,0.028,-0.018,-1.014,0.1,-0.7,0.1
123.290850900008,0,0.03,18.6,0,0,0.028,-0.018,-1.014,0.1,-0.7,0.1
123.300850900008,0,0.03,18.7,0,0,0.027,-0.008,-1,0.4,-0.6,0
123.310850900008,0,0.03,18.7,0,0,0.027,-0.008,-1,0.4,-0.6,0
123.320850900008,0,0.03,18.7,0,0,0.027,-0.008,-1,0.4,-0.6,0
123.330850900008,0,0.03,18.7,0,0,0.027,-0.008,-1,0.4,-0.6,0
123.340850900008,0,0.03,18.7,0,0,0.027,-0.008,-1,0.4,-0.6,0
123.350850900008,0,0.02,18.6,0,0,0.03,-0.017,-1.001,0.2,-0.6,0.1
123.360850900008,0,0.02,18.6,0,0,0.03,-0.017,-1.001,0.2,-0.6,0.1
123.370850900008,0,0.02,18.6,0,0,0.03,-0.017,-1.001,0.2,-0.6,0.1
123.380850900008,0,0.02,18.6,0,0,0.03,-0.017,-1.001,0.2,-0.6,0.1
123.390850900008,0,0.02,18.6,0,0,0.03,-0.017,-1.001,0.2,-0.6,0.1
123.400850900008,0,0.02,18.6,0,0,0.028,-0.011,-0.997,0.3,-0.5,0
123.410850900008,0,0.02,18.6,0,0,0.028,-0.011,-0.997,0.3,-0.5,0
123.420850900008,0,0.02,18.6,0,0,0.028,-0.011,-0.997,0.3,-0.5,0
123.430850900008,0,0.02,18.6,0,0,0.028,-0.011,-0.997,0.3,-0.5,0
123.440850900008,0,0.02,18.6,0,0,0.028,-0.011,-0.997,0.3,-0.5,0
123.450850900008,0,0.03,18.6,0,0,0.029,-0.014,-1.004,0.1,-0.6,0
123.460850900008,0,0.03,18.6,0,0,0.029,-0.014,-1.004,0.1,-0.6,0
123.470850900008,0,0.03,18.6,0,0,0.029,-0.014,-1.004,0.1,-0.6,0
123.480850900008,0,0.03,18.6,0,0,0.029,-0.014,-1.004,0.1,-0.6,0
123.490850900008,0,0.03,18.6,0,0,0.029,-0.014,-1.004,0.1,-0.6,0
123.500850900008,0,0.04,18.7,0,0,0.028,-0.014,-1.001,0.1,-0.5,0
123.510850900008,0,0.04,18.7,0,0,0.028,-0.014,-1.001,0.1,-0.5,0
123.520850900008,0,0.04,18.7,0,0,0.028,-0.014,-1.001,0.1,-0.5,0
123.530850900008,0,0.04,18.7,0,0,0.028,-0.014,-1.001,0.1,-0.5,0
123.540850900008,0,0.04,18.7,0,0,0.028,-0.014,-1.001,0.1,-0.5,0
123.550850900008,0,0.02,18.6,0,0,0.029,-0.014,-1.006,0.3,-0.6,0
123.560850900009,0,0.02,18.6,0,0,0.029,-0.014,-1.006,0.3,-0.6,0
123.570850900008,0,0.02,18.6,0,0,0.029,-0.014,-1.006,0.3,-0.6,0
123.580850900008,0,0.02,18.6,0,0,0.029,-0.014,-1.006,0.3,-0.6,0
123.590850900009,0,0.02,18.6,0,0,0.029,-0.014,-1.006,0.3,-0.6,0
123.600850900009,0,0.04,18.6,0,0,0.028,-0.013,-1,0.2,-0.6,0
123.610850900009,0,0.04,18.6,0,0,0.028,-0.013,-1,0.2,-0.6,0
123.620850900009,0,0.04,18.6,0,0,0.028,-0.013,-1,0.2,-0.6,0
123.630850900009,0,0.04,18.6,0,0,0.028,-0.013,-1,0.2,-0.6,0
123.640850900009,0,0.04,18.6,0,0,0.028,-0.013,-1,0.2,-0.6,0
123.650850900009,0,0.02,18.6,0,0,0.029,-0.014,-1,0.3,-0.6,0
123.660850900009,0,0.02,18.6,0,0,0.029,-0.014,-1,0.3,-0.6,0
123.670850900009,0,0.02,18.6,0,0,0.029,-0.014,-1,0.3,-0.6,0
123.680850900009,0,0.02,18.6,0,0,0.029,-0.014,-1,0.3,-0.6,0
123.690850900009,0,0.02,18.6,0,0,0.029,-0.014,-1,0.3,-0.6,0
123.700850900009,0,0.03,18.6,0,0,0.027,-0.012,-1.003,0.3,-0.5,0
123.710850900009,0,0.03,18.6,0,0,0.027,-0.012,-1.003,0.3,-0.5,0
123.720850900009,0,0.03,18.6,0,0,0.027,-0.012,-1.003,0.3,-0.5,0
123.730850900009,0,0.03,18.6,0,0,0.027,-0.012,-1.003,0.3,-0.5,0
123.740850900009,0,0.03,18.6,0,0,0.027,-0.012,-1.003,0.3,-0.5,0
123.750850900009,0,0.04,18.6,0,0,0.029,-0.014,-1.003,0.4,-0.6,0
123.760850900009,0,0.04,18.6,0,0,0.029,-0.014,-1.003,0.4,-0.6,0
123.770850900009,0,0.04,18.6,0,0,0.029,-0.014,-1.003,0.4,-0.6,0
123.780850900009,0,0.04,18.6,0,0,0.029,-0.014,-1.003,0.4,-0.6,0
123.790850900009,0,0.04,18.6,0,0,0.029,-0.014,-1.003,0.4,-0.6,0
123.800850900009,0,0.04,18.6,0,0,0.028,-0.012,-1,0.3,-0.4,0
123.810850900009,0,0.04,18.6,0,0,0.028,-0.012,-1,0.3,-0.4,0
123.820850900009,0,0.04,18.6,0,0,0.028,-0.012,-1,0.3,-0.4,0
123.830850900009,0,0.04,18.6,0,0,0.028,-0.012,-1,0.3,-0.4,0
123.840850900009,0,0.04,18.6,0,0,0.028,-0.012,-1,0.3,-0.4,0
123.850850900009,0,0.03,18.6,0,0,0.028,-0.013,-1,0.3,-0.5,0
123.860850900009,0,0.03,18.6,0,0,0.028,-0.013,-1,0.3,-0.5,0
123.870850900009,0,0.03,18.6,0,0,0.028,-0.013,-1,0.3,-0.5,0
123.880850900009,0,0.03,18.6,0,0,0.028,-0.013,-1,0.3,-0.5,0
123.890850900009,0,0.03,18.6,0,0,0.028,-0.013,-1,0.3,-0.5,0
123.900850900009,0,0.04,18.6,0,0,0.028,-0.011,-1,0.4,-0.4,0
123.910850900009,0,0.04,18.6,0,0,0.028,-0.011,-1,0.4,-0.4,0
123.920850900009,0,0.04,18.6,0,0,0.028,-0.011,-1,0.4,-0.4,0
123.930850900009,0,0.04,18.6,0,0,0.028,-0.011,-1,0.4,-0.4,0
123.940850900009,0,0.04,18.6,0,0,0.028,-0.011,-1,0.4,-0.4,0
123.950850900009,0,0.03,18.6,0,0,0.029,-0.014,-0.999,0.4,-0.6,0
123.960850900009,0,0.03,18.6,0,0,0.029,-0.014,-0.999,0.4,-0.6,0
123.970850900009,0,0.03,18.6,0,0,0.029,-0.014,-0.999,0.4,-0.6,0
123.980850900009,0,0.03,18.6,0,0,0.029,-0.014,-0.999,0.4,-0.6,0
123.990850900009,0,0.03,18.6,0,0,0.029,-0.014,-0.999,0.4,-0.6,0
124.000850900009,0,0.03,18.6,0,0,0.028,-0.013,-1.004,0.3,-0.5,0
124.010850900009,0,0.03,18.6,0,0,0.028,-0.013,-1.004,0.3,-0.5,0
124.020850900009,0,0.03,18.6,0,0,0.028,-0.013,-1.004,0.3,-0.5,0
124.030850900009,0,0.03,18.6,0,0,0.028,-0.013,-1.004,0.3,-0.5,0
124.040850900009,0,0.03,18.6,0,0,0.028,-0.013,-1.004,0.3,-0.5,0
124.050850900009,0,0.04,18.7,0,0,0.029,-0.012,-0.999,0.3,-0.7,0
124.060850900009,0,0.04,18.7,0,0,0.029,-0.012,-0.999,0.3,-0.7,0
124.070850900009,0,0.04,18.7,0,0,0.029,-0.012,-0.999,0.3,-0.7,0
124.080850900009,0,0.04,18.7,0,0,0.029,-0.012,-0.999,0.3,-0.7,0
124.090850900009,0,0.04,18.7,0,0,0.029,-0.012,-0.999,0.3,-0.7,0
124.100850900009,0,0.03,18.7,0,0,0.028,-0.014,-1.003,0.1,-0.6,0
124.110850900009,0,0.03,18.7,0,0,0.028,-0.014,-1.003,0.1,-0.6,0
124.120850900009,0,0.03,18.7,0,0,0.028,-0.014,-1.003,0.1,-0.6,0
124.130850900009,0,0.03,18.7,0,0,0.028,-0.014,-1.003,0.1,-0.6,0
124.140850900009,0,0.03,18.7,0,0,0.028,-0.014,-1.003,0.1,-0.6,0
124.150850900009,0,0.03,18.6,0,0,0.029,-0.014,-1.003,0.4,-0.5,0
124.160850900009,0,0.03,18.6,0,0,0.029,-0.014,-1.003,0.4,-0.5,0
124.170850900009,0,0.03,18.6,0,0,0.029,-0.014,-1.003,0.4,-0.5,0
124.180850900009,0,0.03,18.6,0,0,0.029,-0.014,-1.003,0.4,-0.5,0
124.190850900009,0,0.03,18.6,0,0,0.029,-0.014,-1.003,0.4,-0.5,0
124.200850900009,0,0.02,18.6,0,0,0.027,-0.013,-1.001,0.3,-0.6,0
124.210850900009,0,0.02,18.6,0,0,0.027,-0.013,-1.001,0.3,-0.6,0
124.220850900009,0,0.02,18.6,0,0,0.027,-0.013,-1.001,0.3,-0.6,0
124.230850900009,0,0.02,18.6,0,0,0.027,-0.013,-1.001,0.3,-0.6,0
124.240850900009,0,0.02,18.6,0,0,0.027,-0.013,-1.001,0.3,-0.6,0
124.250850900009,0,0.03,18.7,0,0,0.028,-0.014,-1.001,0.3,-0.6,0
124.260850900009,0,0.03,18.7,0,0,0.028,-0.014,-1.001,0.3,-0.6,0
124.270850900009,0,0.03,18.7,0,0,0.028,-0.014,-1.001,0.3,-0.6,0
124.280850900009,0,0.03,18.7,0,0,0.028,-0.014,-1.001,0.3,-0.6,0
124.290850900009,0,0.03,18.7,0,0,0.028,-0.014,-1.001,0.3,-0.6,0
124.300850900009,0,0.04,18.7,0,0,0.027,-0.012,-1,0.3,-0.5,0.1
124.310850900009,0,0.04,18.7,0,0,0.027,-0.012,-1,0.3,-0.5,0.1
124.320850900009,0,0.04,18.7,0,0,0.027,-0.012,-1,0.3,-0.5,0.1
124.330850900009,0,0.04,18.7,0,0,0.027,-0.012,-1,0.3,-0.5,0.1
124.340850900009,0,0.04,18.7,0,0,0.027,-0.012,-1,0.3,-0.5,0.1
124.350850900009,0,0.03,18.5,0,0,0.028,-0.013,-1.002,0.3,-0.6,0
124.360850900009,0,0.03,18.5,0,0,0.028,-0.013,-1.002,0.3,-0.6,0
124.370850900009,0,0.03,18.5,0,0,0.028,-0.013,-1.002,0.3,-0.6,0
124.380850900009,0,0.03,18.5,0,0,0.028,-0.013,-1.002,0.3,-0.6,0
124.390850900009,0,0.03,18.5,0,0,0.028,-0.013,-1.002,0.3,-0.6,0
124.400850900009,0,0.04,18.6,0,0,0.028,-0.013,-1.003,0.4,-0.5,0
124.410850900009,0,0.04,18.6,0,0,0.028,-0.013,-1.003,0.4,-0.5,0
124.420850900009,0,0.04,18.6,0,0,0.028,-0.013,-1.003,0.4,-0.5,0
124.430850900009,0,0.04,18.6,0,0,0.028,-0.013,-1.003,0.4,-0.5,0
124.440850900009,0,0.04,18.6,0,0,0.028,-0.013,-1.003,0.4,-0.5,0
124.450850900009,0,0.03,18.6,0,0,0.027,-0.013,-1.003,0.3,-0.5,0
124.460850900009,0,0.03,18.6,0,0,0.027,-0.013,-1.003,0.3,-0.5,0
124.470850900009,0,0.03,18.6,0,0,0.027,-0.013,-1.003,0.3,-0.5,0
124.480850900009,0,0.03,18.6,0,0,0.027,-0.013,-1.003,0.3,-0.5,0
124.490850900009,0,0.03,18.6,0,0,0.027,-0.013,-1.003,0.3,-0.5,0
124.500850900009,0,0.04,18.7,0,0,0.029,-0.013,-1,0.3,-0.5,0
124.510850900009,0,0.04,18.7,0,0,0.029,-0.013,-1,0.3,-0.5,0
124.520850900009,0,0.04,18.7,0,0,0.029,-0.013,-1,0.3,-0.5,0
124.530850900009,0,0.04,18.7,0,0,0.029,-0.013,-1,0.3,-0.5,0
124.540850900009,0,0.04,18.7,0,0,0.029,-0.013,-1,0.3,-0.5,0
124.550850900009,0,0.04,18.6,0,0,0.028,-0.013,-1.001,0.3,-0.5,0
124.560850900009,0,0.04,18.6,0,0,0.028,-0.013,-1.001,0.3,-0.5,0
124.570850900009,0,0.04,18.6,0,0,0.028,-0.013,-1.001,0.3,-0.5,0
124.580850900009,0,0.04,18.6,0,0,0.028,-0.013,-1.001,0.3,-0.5,0
124.590850900009,0,0.04,18.6,0,0,0.028,-0.013,-1.001,0.3,-0.5,0
124.600850900009,0,0.03,18.7,0,0,0.028,-0.013,-1.002,0.3,-0.6,0
124.610850900009,0,0.03,18.7,0,0,0.028,-0.013,-1.002,0.3,-0.6,0
124.620850900009,0,0.03,18.7,0,0,0.028,-0.013,-1.002,0.3,-0.6,0
124.630850900009,0,0.03,18.7,0,0,0.028,-0.013,-1.002,0.3,-0.6,0
124.640850900009,0,0.03,18.7,0,0,0.028,-0.013,-1.002,0.3,-0.6,0
124.650850900009,0,0.03,18.7,0,0,0.029,-0.014,-1.003,0.3,-0.6,0
124.660850900009,0,0.03,18.7,0,0,0.029,-0.014,-1.003,0.3,-0.6,0
124.670850900009,0,0.03,18.7,0,0,0.029,-0.014,-1.003,0.3,-0.6,0
124.680850900009,0,0.03,18.7,0,0,0.029,-0.014,-1.003,0.3,-0.6,0
124.690850900009,0,0.03,18.7,0,0,0.029,-0.014,-1.003,0.3,-0.6,0
124.700850900009,0,0.03,18.6,0,0,0.029,-0.013,-1.003,0.3,-0.6,0
124.710850900009,0,0.03,18.6,0,0,0.029,-0.013,-1.003,0.3,-0.6,0
124.720850900009,0,0.03,18.6,0,0,0.029,-0.013,-1.003,0.3,-0.6,0
124.730850900009,0,0.03,18.6,0,0,0.029,-0.013,-1.003,0.3,-0.6,0
124.740850900009,0,0.03,18.6,0,0,0.029,-0.013,-1.003,0.3,-0.6,0
124.750850900009,0,0.04,18.7,0,0,0.028,-0.013,-1,0.3,-0.6,0
124.760850900009,0,0.04,18.7,0,0,0.028,-0.013,-1,0.3,-0.6,0
124.770850900009,0,0.04,18.7,0,0,0.028,-0.013,-1,0.3,-0.6,0
124.780850900009,0,0.04,18.7,0,0,0.028,-0.013,-1,0.3,-0.6,0
124.790850900009,0,0.04,18.7,0,0,0.028,-0.013,-1,0.3,-0.6,0
124.800850900009,0,0.04,18.6,0,0,0.028,-0.014,-0.999,0.3,-0.5,0
124.810850900009,0,0.04,18.6,0,0,0.028,-0.014,-0.999,0.3,-0.5,0
124.820850900009,0,0.04,18.6,0,0,0.028,-0.014,-0.999,0.3,-0.5,0
124.830850900009,0,0.04,18.6,0,0,0.028,-0.014,-0.999,0.3,-0.5,0
124.840850900009,0,0.04,18.6,0,0,0.028,-0.014,-0.999,0.3,-0.5,0
124.850850900009,0,0.04,18.6,0,0,0.028,-0.014,-1.002,0.4,-0.6,0
124.860850900009,0,0.04,18.6,0,0,0.028,-0.014,-1.002,0.4,-0.6,0
124.870850900009,0,0.04,18.6,0,0,0.028,-0.014,-1.002,0.4,-0.6,0
124.880850900009,0,0.04,18.6,0,0,0.028,-0.014,-1.002,0.4,-0.6,0
124.890850900009,0,0.04,18.6,0,0,0.028,-0.014,-1.002,0.4,-0.6,0
124.900850900009,0,0.03,18.6,0,0,0.03,-0.014,-1,0.2,-0.6,0
124.910850900009,0,0.03,18.6,0,0,0.03,-0.014,-1,0.2,-0.6,0
124.920850900009,0,0.03,18.6,0,0,0.03,-0.014,-1,0.2,-0.6,0
124.930850900009,0,0.03,18.6,0,0,0.03,-0.014,-1,0.2,-0.6,0
124.940850900009,0,0.03,18.6,0,0,0.03,-0.014,-1,0.2,-0.6,0
124.950850900009,0,0.02,18.6,0,0,0.028,-0.012,-1.001,0.2,-0.6,0
124.960850900009,0,0.02,18.6,0,0,0.028,-0.012,-1.001,0.2,-0.6,0
124.970850900009,0,0.02,18.6,0,0,0.028,-0.012,-1.001,0.2,-0.6,0
124.980850900009,0,0.02,18.6,0,0,0.028,-0.012,-1.001,0.2,-0.6,0
124.990850900009,0,0.02,18.6,0,0,0.028,-0.012,-1.001,0.2,-0.6,0
125.000850900009,0,0.04,18.6,0,0,0.028,-0.014,-1.001,0.2,-0.6,0
125.010850900009,0,0.04,18.6,0,0,0.028,-0.014,-1.001,0.2,-0.6,0
125.020850900009,0,0.04,18.6,0,0,0.028,-0.014,-1.001,0.2,-0.6,0
125.030850900009,0,0.04,18.6,0,0,0.028,-0.014,-1.001,0.2,-0.6,0
125.040850900009,0,0.04,18.6,0,0,0.028,-0.014,-1.001,0.2,-0.6,0
125.050850900009,0,0.03,18.7,0,0,0.028,-0.014,-1.003,0.2,-0.6,0
125.060850900009,0,0.03,18.7,0,0,0.028,-0.014,-1.003,0.2,-0.6,0
125.070850900009,0,0.03,18.7,0,0,0.028,-0.014,-1.003,0.2,-0.6,0
125.080850900009,0,0.03,18.7,0,0,0.028,-0.014,-1.003,0.2,-0.6,0
125.090850900009,0,0.03,18.7,0,0,0.028,-0.014,-1.003,0.2,-0.6,0
125.100850900009,0,0,18.8,0,0,0.029,-0.014,-1.004,0.3,-0.6,0
125.110850900009,0,0,18.8,0,0,0.029,-0.014,-1.004,0.3,-0.6,0
125.120850900009,0,0,18.8,0,0,0.029,-0.014,-1.004,0.3,-0.6,0
125.130850900009,0,0,18.8,0,0,0.029,-0.014,-1.004,0.3,-0.6,0
125.140850900009,0,0,18.8,0,0,0.029,-0.014,-1.004,0.3,-0.6,0
125.150850900009,0,0,18.9,0,0,0.028,-0.014,-0.998,0.3,-0.6,0
125.160850900009,0,0,18.9,0,0,0.028,-0.014,-0.998,0.3,-0.6,0
125.170850900009,0,0,18.9,0,0,0.028,-0.014,-0.998,0.3,-0.6,0
125.180850900009,0,0,18.9,0,0,0.028,-0.014,-0.998,0.3,-0.6,0
125.190850900009,0,0,18.9,0,0,0.028,-0.014,-0.998,0.3,-0.6,0
125.200850900009,0,0,18.9,0,0,0.028,-0.013,-1.002,0.3,-0.5,0
125.210850900009,0,0,18.9,0,0,0.028,-0.013,-1.002,0.3,-0.5,0
125.220850900009,0,0,18.9,0,0,0.028,-0.013,-1.002,0.3,-0.5,0
125.230850900009,0,0,18.9,0,0,0.028,-0.013,-1.002,0.3,-0.5,0
125.240850900009,0,0,18.9,0,0,0.028,-0.013,-1.002,0.3,-0.5,0
125.250850900009,0,0,18.9,0,0,0.028,-0.014,-1.002,0.3,-0.6,0
125.260850900009,0,0,18.9,0,0,0.028,-0.014,-1.002,0.3,-0.6,0
125.270850900009,0,0,18.9,0,0,0.028,-0.014,-1.002,0.3,-0.6,0
125.280850900009,0,0,18.9,0,0,0.028,-0.014,-1.002,0.3,-0.6,0
125.290850900009,0,0,18.9,0,0,0.028,-0.014,-1.002,0.3,-0.6,0
125.300850900009,0,0,18.9,0,0,0.029,-0.012,-1.003,0.3,-0.5,0
125.310850900009,0,0,18.9,0,0,0.029,-0.012,-1.003,0.3,-0.5,0
125.320850900009,0,0,18.9,0,0,0.029,-0.012,-1.003,0.3,-0.5,0
125.330850900009,0,0,18.9,0,0,0.029,-0.012,-1.003,0.3,-0.5,0
125.340850900009,0,0,18.9,0,0,0.029,-0.012,-1.003,0.3,-0.5,0
125.350850900009,0,0,18.8,0,0,0.029,-0.013,-1.001,0.3,-0.5,0
125.360850900009,0,0,18.8,0,0,0.029,-0.013,-1.001,0.3,-0.5,0
125.370850900009,0,0,18.8,0,0,0.029,-0.013,-1.001,0.3,-0.5,0
125.380850900009,0,0,18.8,0,0,0.029,-0.013,-1.001,0.3,-0.5,0
125.390850900009,0,0,18.8,0,0,0.029,-0.013,-1.001,0.3,-0.5,0
125.400850900009,0,0,18.9,0,0,0.028,-0.012,-1.002,0.3,-0.5,0
125.410850900009,0,0,18.9,0,0,0.028,-0.012,-1.002,0.3,-0.5,0
125.420850900009,0,0,18.9,0,0,0.028,-0.012,-1.002,0.3,-0.5,0
125.430850900009,0,0,18.9,0,0,0.028,-0.012,-1.002,0.3,-0.5,0
125.440850900009,0,0,18.9,0,0,0.028,-0.012,-1.002,0.3,-0.5,0
125.450850900009,0,0,18.9,0,0,0.028,-0.014,-1.001,0.3,-0.6,0
125.460850900009,0,0,18.9,0,0,0.028,-0.014,-1.001,0.3,-0.6,0
125.470850900009,0,0,18.9,0,0,0.028,-0.014,-1.001,0.3,-0.6,0
125.480850900009,0,0,18.9,0,0,0.028,-0.014,-1.001,0.3,-0.6,0
125.490850900009,0,0,18.9,0,0,0.028,-0.014,-1.001,0.3,-0.6,0
125.500850900009,0,0,18.8,0,0,0.028,-0.012,-1.002,0.3,-0.6,0.1
125.510850900009,0,0,18.8,0,0,0.028,-0.012,-1.002,0.3,-0.6,0.1
125.520850900009,0,0,18.8,0,0,0.028,-0.012,-1.002,0.3,-0.6,0.1
125.530850900009,0,0,18.8,0,0,0.028,-0.012,-1.002,0.3,-0.6,0.1
125.540850900009,0,0,18.8,0,0,0.028,-0.012,-1.002,0.3,-0.6,0.1
125.550850900009,0,-0.01,18.8,0,0,0.03,-0.014,-0.999,0.3,-0.5,0
125.560850900009,0,-0.01,18.8,0,0,0.03,-0.014,-0.999,0.3,-0.5,0
125.570850900009,0,-0.01,18.8,0,0,0.03,-0.014,-0.999,0.3,-0.5,0
125.580850900009,0,-0.01,18.8,0,0,0.03,-0.014,-0.999,0.3,-0.5,0
125.590850900009,0,-0.01,18.8,0,0,0.03,-0.014,-0.999,0.3,-0.5,0
